KPI_Name,parent,node,Tier,sys,ml_dc_1,ml_dc_2,dom_int,station,fleet,Baseline,Baseline_Num,Baseline_Den,Goal,Stretch,Contribution,Goal_Num,Goal_Den,Source,Goal_Yr,YTD_Num,YTD_Den
D0,,sys,1.0,sys,,,,,,68.29,1216960,1782050,71.7,5.00%,1.0,1277808.0,1782050,Goal Input,2027,1277808.0,1782050
D0,sys,DC,2.0,sys,DC,,,,,72.13,446980,619723,75.73,5.00%,0.36729226926110964,469329.0,619723,Goal Input,2027,469329.0,619723
D0,sys,DL,2.0,sys,DL,,,,,66.24,769980,1162327,69.56,5.00%,0.6327077307388903,808479.0,1162327,Goal Input,2027,808479.0,1162327
D0,sys/DC,9E,3.0,sys,DC,9E,,,,68.21,173872,254904,71.62,5.00%,0.38899279609825943,182565.6,254904,Cascaded,2027,182565.6,254904
D0,sys/DC,OO,3.0,sys,DC,OO,,,,76.2,202544,265791,80.01,5.00%,0.4531388429012484,212671.2,265791,Cascaded,2027,212671.2,265791
D0,sys/DC,YX,3.0,sys,DC,YX,,,,71.26,70564,99028,74.82,5.00%,0.1578683610004922,74092.2,99028,Cascaded,2027,74092.2,99028
D0,sys/DL,DL,3.0,sys,DL,DL,,,,66.24,769980,1162327,69.56,5.00%,1.0,808479.0,1162327,Cascaded,2027,808479.0,1162327
D0,sys/DC,CRJ-700,3.1,sys,DC,,,,CRJ-700,67.7,30074,44422,71.09,5.00%,0.06728265246767193,31577.7,44422,Cascaded,2027,31577.7,44422
D0,sys/DC,CRJ-900,3.1,sys,DC,,,,CRJ-900,69.03,213299,309002,72.48,5.00%,0.4772003221620654,223963.95,309002,Cascaded,2027,223963.95,309002
D0,sys/DC,E-170,3.1,sys,DC,,,,E-170,72.16,14727,20408,75.77,5.00%,0.0329477828985637,15463.35,20408,Cascaded,2027,15463.35,20408
D0,sys/DC,E-175,3.1,sys,DC,,,,E-175,76.92,178174,231631,80.77,5.00%,0.39861738780258626,187082.7,231631,Cascaded,2027,187082.7,231631
D0,sys/DC,E170/75,3.1,sys,DC,,,,E170/75,75.08,10706,14260,78.83,5.00%,0.02395185466911271,11241.3,14260,Cascaded,2027,11241.3,14260
D0,sys/DL,220,3.1,sys,DL,,,,220,66.32,62914,94861,69.64,5.00%,0.08170861580820281,66059.7,94861,Cascaded,2027,66059.7,94861
D0,sys/DL,319,3.1,sys,DL,,,,319,72.59,54747,75417,76.22,5.00%,0.07110184680121562,57484.35,75417,Cascaded,2027,57484.35,75417
D0,sys/DL,320,3.1,sys,DL,,,,320,65.97,44993,68205,69.27,5.00%,0.05843398529831944,47242.65,68205,Cascaded,2027,47242.65,68205
D0,sys/DL,321,3.1,sys,DL,,,,321,61.98,162108,261537,65.08,5.00%,0.21053533858022286,170213.4,261537,Cascaded,2027,170213.4,261537
D0,sys/DL,332,3.1,sys,DL,,,,332,63.99,4039,6312,67.19,5.00%,0.005245590794566092,4240.95,6312,Cascaded,2027,4240.95,6312
D0,sys/DL,333,3.1,sys,DL,,,,333,52.6,9144,17385,55.23,5.00%,0.011875633133328138,9601.2,17385,Cascaded,2027,9601.2,17385
D0,sys/DL,339,3.1,sys,DL,,,,339,57.88,12338,21316,60.78,5.00%,0.016023792825787683,12954.9,21316,Cascaded,2027,12954.9,21316
D0,sys/DL,359,3.1,sys,DL,,,,359,52.13,3779,7249,54.74,5.00%,0.004907919686225616,3967.95,7249,Cascaded,2027,3967.95,7249
D0,sys/DL,35H,3.1,sys,DL,,,,35H,54.16,2807,5183,56.87,5.00%,0.003645549235045066,2947.35,5183,Cascaded,2027,2947.35,5183
D0,sys/DL,35J,3.1,sys,DL,,,,35J,55.68,1695,3044,58.47,5.00%,0.00220135587937349,1779.75,3044,Cascaded,2027,1779.75,3044
D0,sys/DL,35L,3.1,sys,DL,,,,35L,20.95,141,673,22.0,5.00%,0.0001831216395231045,148.05,673,Cascaded,2027,148.05,673
D0,sys/DL,717,3.1,sys,DL,,,,717,70.65,101145,143168,74.18,5.00%,0.1313605548196057,106202.25,143168,Cascaded,2027,106202.25,143168
D0,sys/DL,738,3.1,sys,DL,,,,738,67.96,68280,100467,71.36,5.00%,0.08867762799033742,71694.0,100467,Cascaded,2027,71694.0,100467
D0,sys/DL,739,3.1,sys,DL,,,,739,72.3,161039,222749,75.91,5.00%,0.20914699083093066,169090.95,222749,Cascaded,2027,169090.95,222749
D0,sys/DL,757,3.1,sys,DL,,,,757,58.79,57240,97360,61.73,5.00%,0.07433959323618795,60102.0,97360,Cascaded,2027,60102.0,97360
D0,sys/DL,763,3.1,sys,DL,,,,763,64.75,16451,25405,67.99,5.00%,0.021365490012727605,17273.55,25405,Cascaded,2027,17273.55,25405
D0,sys/DL,764,3.1,sys,DL,,,,764,59.35,7120,11996,62.32,5.00%,0.009246993428400737,7476.0,11996,Cascaded,2027,7476.0,11996
D0,sys/DC/9E,D,4.0,sys,DC,9E,D,,,68.13,163575,240084,71.54,5.00%,0.9407782736725867,171753.75,240084,Cascaded,2027,171753.75,240084
D0,sys/DC/9E,I,4.0,sys,DC,9E,I,,,69.48,10297,14820,72.95,5.00%,0.05922172632741327,10811.85,14820,Cascaded,2027,10811.85,14820
D0,sys/DC/OO,D,4.0,sys,DC,OO,D,,,76.19,193773,254344,79.99,5.00%,0.9566958290544276,203461.65,254344,Cascaded,2027,203461.65000000002,254344
D0,sys/DC/OO,I,4.0,sys,DC,OO,I,,,76.62,8771,11447,80.45,5.00%,0.04330417094557232,9209.55,11447,Cascaded,2027,9209.550000000001,11447
D0,sys/DC/YX,D,4.0,sys,DC,YX,D,,,71.26,70564,99028,74.82,5.00%,1.0,74092.2,99028,Cascaded,2027,74092.2,99028
D0,sys/DL/DL,D,4.0,sys,DL,DL,D,,,66.78,679797,1017970,70.12,5.00%,0.8828761786020416,713786.85,1017970,Cascaded,2027,713786.85,1017970
D0,sys/DL/DL,I,4.0,sys,DL,DL,I,,,62.47,90183,144357,65.6,5.00%,0.11712382139795839,94692.15,144357,Cascaded,2027,94692.15,144357
D0,sys/DC/CRJ-700,ABE,4.1,sys,DC,,,ABE,CRJ-700,83.25,159,191,87.41,5.00%,0.005286958834873978,166.95,191,Cascaded,2027,166.95000000000002,191
D0,sys/DC/CRJ-700,ABY,4.1,sys,DC,,,ABY,CRJ-700,78.86,414,525,82.8,5.00%,0.01376604375872847,434.7,525,Cascaded,2027,434.7,525
D0,sys/DC/CRJ-700,AEX,4.1,sys,DC,,,AEX,CRJ-700,77.9,571,733,81.79,5.00%,0.018986499966748685,599.55,733,Cascaded,2027,599.55,733
D0,sys/DC/CRJ-700,AGS,4.1,sys,DC,,,AGS,CRJ-700,70.04,332,474,73.54,5.00%,0.01103943605772428,348.6,474,Cascaded,2027,348.6,474
D0,sys/DC/CRJ-700,ALB,4.1,sys,DC,,,ALB,CRJ-700,73.33,55,75,77.0,5.00%,0.0018288222384784199,57.75,75,Cascaded,2027,57.75,75
D0,sys/DC/CRJ-700,ASE,4.1,sys,DC,,,ASE,CRJ-700,59.87,185,309,62.86,5.00%,0.006151492983972867,194.25,309,Cascaded,2027,194.25,309
D0,sys/DC/CRJ-700,ATL,4.1,sys,DC,,,ATL,CRJ-700,67.99,8733,12845,71.39,5.00%,0.2903837201569462,9169.65,12845,Cascaded,2027,9169.65,12845
D0,sys/DC/CRJ-700,AVL,4.1,sys,DC,,,AVL,CRJ-700,72.62,61,84,76.25,5.00%,0.002028330119039702,64.05,84,Cascaded,2027,64.05,84
D0,sys/DC/CRJ-700,AZO,4.1,sys,DC,,,AZO,CRJ-700,63.27,124,196,66.43,5.00%,0.004123162864933165,130.2,196,Cascaded,2027,130.2,196
D0,sys/DC/CRJ-700,BGM,4.1,sys,DC,,,BGM,CRJ-700,60.81,45,74,63.85,5.00%,0.0014963091042096163,47.25,74,Cascaded,2027,47.25,74
D0,sys/DC/CRJ-700,BHM,4.1,sys,DC,,,BHM,CRJ-700,67.95,53,78,71.35,5.00%,0.0017623196116246592,55.65,78,Cascaded,2027,55.65,78
D0,sys/DC/CRJ-700,BIS,4.1,sys,DC,,,BIS,CRJ-700,73.91,17,23,77.61,5.00%,0.0005652723282569661,17.85,23,Cascaded,2027,17.85,23
D0,sys/DC/CRJ-700,BMI,4.1,sys,DC,,,BMI,CRJ-700,71.83,51,71,75.42,5.00%,0.0016958169847708985,53.55,71,Cascaded,2027,53.550000000000004,71
D0,sys/DC/CRJ-700,BNA,4.1,sys,DC,,,BNA,CRJ-700,100.0,1,1,105.0,5.00%,3.325131342688036e-05,1.05,1,Cascaded,2027,1.05,1
D0,sys/DC/CRJ-700,BQK,4.1,sys,DC,,,BQK,CRJ-700,76.01,583,767,79.81,5.00%,0.019385515727871252,612.15,767,Cascaded,2027,612.15,767
D0,sys/DC/CRJ-700,BTR,4.1,sys,DC,,,BTR,CRJ-700,47.75,53,111,50.14,5.00%,0.0017623196116246592,55.65,111,Cascaded,2027,55.65,111
D0,sys/DC/CRJ-700,BTV,4.1,sys,DC,,,BTV,CRJ-700,71.43,25,35,75.0,5.00%,0.000831282835672009,26.25,35,Cascaded,2027,26.25,35
D0,sys/DC/CRJ-700,BUF,4.1,sys,DC,,,BUF,CRJ-700,47.11,57,121,49.46,5.00%,0.0018953248653321806,59.85,121,Cascaded,2027,59.85,121
D0,sys/DC/CRJ-700,CAE,4.1,sys,DC,,,CAE,CRJ-700,60.89,109,179,63.94,5.00%,0.0036243931635299596,114.45,179,Cascaded,2027,114.45,179
D0,sys/DC/CRJ-700,CHA,4.1,sys,DC,,,CHA,CRJ-700,64.72,776,1199,67.96,5.00%,0.02580301921925916,814.8,1199,Cascaded,2027,814.8000000000001,1199
D0,sys/DC/CRJ-700,CHO,4.1,sys,DC,,,CHO,CRJ-700,67.39,186,276,70.76,5.00%,0.006184744297399747,195.3,276,Cascaded,2027,195.3,276
D0,sys/DC/CRJ-700,CHS,4.1,sys,DC,,,CHS,CRJ-700,60.53,23,38,63.55,5.00%,0.0007647802088182483,24.15,38,Cascaded,2027,24.150000000000002,38
D0,sys/DC/CRJ-700,CID,4.1,sys,DC,,,CID,CRJ-700,58.33,42,72,61.25,5.00%,0.0013965551639289753,44.1,72,Cascaded,2027,44.1,72
D0,sys/DC/CRJ-700,CLE,4.1,sys,DC,,,CLE,CRJ-700,62.22,168,270,65.33,5.00%,0.005586220655715901,176.4,270,Cascaded,2027,176.4,270
D0,sys/DC/CRJ-700,CLT,4.1,sys,DC,,,CLT,CRJ-700,48.28,28,58,50.69,5.00%,0.0009310367759526501,29.4,58,Cascaded,2027,29.400000000000002,58
D0,sys/DC/CRJ-700,CMH,4.1,sys,DC,,,CMH,CRJ-700,70.6,269,381,74.13,5.00%,0.008944603311830817,282.45,381,Cascaded,2027,282.45,381
D0,sys/DC/CRJ-700,CRW,4.1,sys,DC,,,CRW,CRJ-700,72.45,476,657,76.07,5.00%,0.01582762519119505,499.8,657,Cascaded,2027,499.8,657
D0,sys/DC/CRJ-700,CSG,4.1,sys,DC,,,CSG,CRJ-700,65.33,245,375,68.6,5.00%,0.008146571789585689,257.25,375,Cascaded,2027,257.25,375
D0,sys/DC/CRJ-700,CVG,4.1,sys,DC,,,CVG,CRJ-700,45.78,38,83,48.07,5.00%,0.0012635499102214536,39.9,83,Cascaded,2027,39.9,83
D0,sys/DC/CRJ-700,CWA,4.1,sys,DC,,,CWA,CRJ-700,70.83,17,24,74.38,5.00%,0.0005652723282569661,17.85,24,Cascaded,2027,17.85,24
D0,sys/DC/CRJ-700,DHN,4.1,sys,DC,,,DHN,CRJ-700,75.85,490,646,79.64,5.00%,0.016293143579171377,514.5,646,Cascaded,2027,514.5,646
D0,sys/DC/CRJ-700,DLH,4.1,sys,DC,,,DLH,CRJ-700,100.0,1,1,105.0,5.00%,3.325131342688036e-05,1.05,1,Cascaded,2027,1.05,1
D0,sys/DC/CRJ-700,DSM,4.1,sys,DC,,,DSM,CRJ-700,83.33,65,78,87.5,5.00%,0.0021613353727472236,68.25,78,Cascaded,2027,68.25,78
D0,sys/DC/CRJ-700,DTW,4.1,sys,DC,,,DTW,CRJ-700,63.81,5334,8359,67.0,5.00%,0.17736250581897986,5600.7,8359,Cascaded,2027,5600.7,8359
D0,sys/DC/CRJ-700,ELH,4.1,sys,DC,,,ELH,CRJ-700,61.62,122,198,64.7,5.00%,0.004056660238079404,128.1,198,Cascaded,2027,128.1,198
D0,sys/DC/CRJ-700,ELM,4.1,sys,DC,,,ELM,CRJ-700,73.74,73,99,77.42,5.00%,0.0024273458801622664,76.65,99,Cascaded,2027,76.65,99
D0,sys/DC/CRJ-700,EVV,4.1,sys,DC,,,EVV,CRJ-700,80.32,298,371,84.34,5.00%,0.009908891401210347,312.9,371,Cascaded,2027,312.90000000000003,371
D0,sys/DC/CRJ-700,EYW,4.1,sys,DC,,,EYW,CRJ-700,18.75,3,16,19.69,5.00%,9.975394028064109e-05,3.15,16,Cascaded,2027,3.15,16
D0,sys/DC/CRJ-700,FAY,4.1,sys,DC,,,FAY,CRJ-700,69.01,236,342,72.46,5.00%,0.007847309968743766,247.8,342,Cascaded,2027,247.8,342
D0,sys/DC/CRJ-700,FWA,4.1,sys,DC,,,FWA,CRJ-700,81.82,45,55,85.91,5.00%,0.0014963091042096163,47.25,55,Cascaded,2027,47.25,55
D0,sys/DC/CRJ-700,GGT,4.1,sys,DC,,,GGT,CRJ-700,74.7,62,83,78.43,5.00%,0.0020615814324665823,65.1,83,Cascaded,2027,65.1,83
D0,sys/DC/CRJ-700,GNV,4.1,sys,DC,,,GNV,CRJ-700,81.25,13,16,85.31,5.00%,0.0004322670745494447,13.65,16,Cascaded,2027,13.65,16
D0,sys/DC/CRJ-700,GPT,4.1,sys,DC,,,GPT,CRJ-700,25.0,1,4,26.25,5.00%,3.325131342688036e-05,1.05,4,Cascaded,2027,1.05,4
D0,sys/DC/CRJ-700,GRB,4.1,sys,DC,,,GRB,CRJ-700,78.64,162,206,82.57,5.00%,0.0053867127751546185,170.1,206,Cascaded,2027,170.1,206
D0,sys/DC/CRJ-700,GRR,4.1,sys,DC,,,GRR,CRJ-700,67.69,419,619,71.07,5.00%,0.013932300325862871,439.95,619,Cascaded,2027,439.95,619
D0,sys/DC/CRJ-700,GSO,4.1,sys,DC,,,GSO,CRJ-700,70.09,75,107,73.6,5.00%,0.002493848507016027,78.75,107,Cascaded,2027,78.75,107
D0,sys/DC/CRJ-700,GSP,4.1,sys,DC,,,GSP,CRJ-700,56.04,51,91,58.85,5.00%,0.0016958169847708985,53.55,91,Cascaded,2027,53.550000000000004,91
D0,sys/DC/CRJ-700,GTR,4.1,sys,DC,,,GTR,CRJ-700,71.18,121,170,74.74,5.00%,0.004023408924652524,127.05,170,Cascaded,2027,127.05,170
D0,sys/DC/CRJ-700,HPN,4.1,sys,DC,,,HPN,CRJ-700,58.82,10,17,61.76,5.00%,0.00033251313426880364,10.5,17,Cascaded,2027,10.5,17
D0,sys/DC/CRJ-700,HSV,4.1,sys,DC,,,HSV,CRJ-700,61.9,104,168,65.0,5.00%,0.0034581365963955576,109.2,168,Cascaded,2027,109.2,168
D0,sys/DC/CRJ-700,IAD,4.1,sys,DC,,,IAD,CRJ-700,61.36,27,44,64.43,5.00%,0.0008977854625257698,28.35,44,Cascaded,2027,28.35,44
D0,sys/DC/CRJ-700,ILM,4.1,sys,DC,,,ILM,CRJ-700,70.0,7,10,73.5,5.00%,0.00023275919398816253,7.35,10,Cascaded,2027,7.3500000000000005,10
D0,sys/DC/CRJ-700,IND,4.1,sys,DC,,,IND,CRJ-700,69.66,163,234,73.14,5.00%,0.005419964088581499,171.15,234,Cascaded,2027,171.15,234
D0,sys/DC/CRJ-700,JAN,4.1,sys,DC,,,JAN,CRJ-700,67.82,59,87,71.21,5.00%,0.0019618274921859415,61.95,87,Cascaded,2027,61.95,87
D0,sys/DC/CRJ-700,LAN,4.1,sys,DC,,,LAN,CRJ-700,62.63,62,99,65.76,5.00%,0.0020615814324665823,65.1,99,Cascaded,2027,65.1,99
D0,sys/DC/CRJ-700,LAX,4.1,sys,DC,,,LAX,CRJ-700,70.03,409,584,73.54,5.00%,0.013599787191594067,429.45,584,Cascaded,2027,429.45,584
D0,sys/DC/CRJ-700,LEX,4.1,sys,DC,,,LEX,CRJ-700,63.11,130,206,66.26,5.00%,0.004322670745494447,136.5,206,Cascaded,2027,136.5,206
D0,sys/DC/CRJ-700,LFT,4.1,sys,DC,,,LFT,CRJ-700,75.59,223,295,79.37,5.00%,0.00741504289419432,234.15,295,Cascaded,2027,234.15,295
D0,sys/DC/CRJ-700,MBS,4.1,sys,DC,,,MBS,CRJ-700,71.26,243,341,74.82,5.00%,0.008080069162731927,255.15,341,Cascaded,2027,255.15,341
D0,sys/DC/CRJ-700,MCI,4.1,sys,DC,,,MCI,CRJ-700,45.45,10,22,47.73,5.00%,0.00033251313426880364,10.5,22,Cascaded,2027,10.5,22
D0,sys/DC/CRJ-700,MDT,4.1,sys,DC,,,MDT,CRJ-700,72.36,398,550,75.98,5.00%,0.013234022743898384,417.9,550,Cascaded,2027,417.90000000000003,550
D0,sys/DC/CRJ-700,MDW,4.1,sys,DC,,,MDW,CRJ-700,60.38,477,790,63.4,5.00%,0.015860876504621934,500.85,790,Cascaded,2027,500.85,790
D0,sys/DC/CRJ-700,MEM,4.1,sys,DC,,,MEM,CRJ-700,42.86,9,21,45.0,5.00%,0.00029926182084192323,9.45,21,Cascaded,2027,9.45,21
D0,sys/DC/CRJ-700,MGM,4.1,sys,DC,,,MGM,CRJ-700,69.75,648,929,73.24,5.00%,0.021546851100618474,680.4,929,Cascaded,2027,680.4,929
D0,sys/DC/CRJ-700,MHH,4.1,sys,DC,,,MHH,CRJ-700,64.52,120,186,67.74,5.00%,0.003990157611225643,126.0,186,Cascaded,2027,126.0,186
D0,sys/DC/CRJ-700,MKE,4.1,sys,DC,,,MKE,CRJ-700,58.02,47,81,60.93,5.00%,0.001562811731063377,49.35,81,Cascaded,2027,49.35,81
D0,sys/DC/CRJ-700,MLI,4.1,sys,DC,,,MLI,CRJ-700,81.25,91,112,85.31,5.00%,0.003025869521846113,95.55,112,Cascaded,2027,95.55,112
D0,sys/DC/CRJ-700,MLU,4.1,sys,DC,,,MLU,CRJ-700,70.68,434,614,74.22,5.00%,0.014431070027266077,455.7,614,Cascaded,2027,455.7,614
D0,sys/DC/CRJ-700,MOB,4.1,sys,DC,,,MOB,CRJ-700,80.42,152,189,84.44,5.00%,0.005054199640885815,159.6,189,Cascaded,2027,159.6,189
D0,sys/DC/CRJ-700,MSN,4.1,sys,DC,,,MSN,CRJ-700,67.56,177,262,70.94,5.00%,0.005885482476557824,185.85,262,Cascaded,2027,185.85,262
D0,sys/DC/CRJ-700,MSP,4.1,sys,DC,,,MSP,CRJ-700,58.07,241,415,60.98,5.00%,0.008013566535878168,253.05,415,Cascaded,2027,253.05,415
D0,sys/DC/CRJ-700,OAJ,4.1,sys,DC,,,OAJ,CRJ-700,60.0,60,100,63.0,5.00%,0.0019950788056128216,63.0,100,Cascaded,2027,63.0,100
D0,sys/DC/CRJ-700,OKC,4.1,sys,DC,,,OKC,CRJ-700,73.68,14,19,77.37,5.00%,0.00046551838797632506,14.7,19,Cascaded,2027,14.700000000000001,19
D0,sys/DC/CRJ-700,ORD,4.1,sys,DC,,,ORD,CRJ-700,22.73,10,44,23.86,5.00%,0.00033251313426880364,10.5,44,Cascaded,2027,10.5,44
D0,sys/DC/CRJ-700,ORF,4.1,sys,DC,,,ORF,CRJ-700,56.62,77,136,59.45,5.00%,0.002560351133869788,80.85,136,Cascaded,2027,80.85000000000001,136
D0,sys/DC/CRJ-700,PIT,4.1,sys,DC,,,PIT,CRJ-700,54.18,136,251,56.89,5.00%,0.004522178626055729,142.8,251,Cascaded,2027,142.8,251
D0,sys/DC/CRJ-700,PVD,4.1,sys,DC,,,PVD,CRJ-700,61.86,60,97,64.95,5.00%,0.0019950788056128216,63.0,97,Cascaded,2027,63.0,97
D0,sys/DC/CRJ-700,PWM,4.1,sys,DC,,,PWM,CRJ-700,40.0,2,5,42.0,5.00%,6.650262685376072e-05,2.1,5,Cascaded,2027,2.1,5
D0,sys/DC/CRJ-700,RDU,4.1,sys,DC,,,RDU,CRJ-700,70.0,7,10,73.5,5.00%,0.00023275919398816253,7.35,10,Cascaded,2027,7.3500000000000005,10
D0,sys/DC/CRJ-700,RIC,4.1,sys,DC,,,RIC,CRJ-700,62.5,25,40,65.62,5.00%,0.000831282835672009,26.25,40,Cascaded,2027,26.25,40
D0,sys/DC/CRJ-700,ROA,4.1,sys,DC,,,ROA,CRJ-700,63.02,317,503,66.17,5.00%,0.010540666356321074,332.85,503,Cascaded,2027,332.85,503
D0,sys/DC/CRJ-700,ROC,4.1,sys,DC,,,ROC,CRJ-700,64.52,60,93,67.74,5.00%,0.0019950788056128216,63.0,93,Cascaded,2027,63.0,93
D0,sys/DC/CRJ-700,SAN,4.1,sys,DC,,,SAN,CRJ-700,75.0,3,4,78.75,5.00%,9.975394028064109e-05,3.15,4,Cascaded,2027,3.15,4
D0,sys/DC/CRJ-700,SAV,4.1,sys,DC,,,SAV,CRJ-700,20.0,1,5,21.0,5.00%,3.325131342688036e-05,1.05,5,Cascaded,2027,1.05,5
D0,sys/DC/CRJ-700,SBN,4.1,sys,DC,,,SBN,CRJ-700,67.57,75,111,70.95,5.00%,0.002493848507016027,78.75,111,Cascaded,2027,78.75,111
D0,sys/DC/CRJ-700,SDF,4.1,sys,DC,,,SDF,CRJ-700,60.58,83,137,63.61,5.00%,0.00275985901443107,87.15,137,Cascaded,2027,87.15,137
D0,sys/DC/CRJ-700,SGF,4.1,sys,DC,,,SGF,CRJ-700,71.65,230,321,75.23,5.00%,0.0076478020881824834,241.5,321,Cascaded,2027,241.5,321
D0,sys/DC/CRJ-700,SHV,4.1,sys,DC,,,SHV,CRJ-700,80.95,34,42,85.0,5.00%,0.0011305446565139322,35.7,42,Cascaded,2027,35.7,42
D0,sys/DC/CRJ-700,STL,4.1,sys,DC,,,STL,CRJ-700,80.0,8,10,84.0,5.00%,0.0002660105074150429,8.4,10,Cascaded,2027,8.4,10
D0,sys/DC/CRJ-700,SYR,4.1,sys,DC,,,SYR,CRJ-700,67.02,189,282,70.37,5.00%,0.006284498237680389,198.45,282,Cascaded,2027,198.45000000000002,282
D0,sys/DC/CRJ-700,TLH,4.1,sys,DC,,,TLH,CRJ-700,55.56,5,9,58.33,5.00%,0.00016625656713440182,5.25,9,Cascaded,2027,5.25,9
D0,sys/DC/CRJ-700,TRI,4.1,sys,DC,,,TRI,CRJ-700,72.49,382,527,76.11,5.00%,0.012702001729068298,401.1,527,Cascaded,2027,401.1,527
D0,sys/DC/CRJ-700,TUL,4.1,sys,DC,,,TUL,CRJ-700,0.0,0,1,0.0,0.00%,0.0,0.0,1,Cascaded,2027,0.0,1
D0,sys/DC/CRJ-700,TUS,4.1,sys,DC,,,TUS,CRJ-700,79.86,337,422,83.85,5.00%,0.011205692624858682,353.85,422,Cascaded,2027,353.85,422
D0,sys/DC/CRJ-700,TVC,4.1,sys,DC,,,TVC,CRJ-700,59.18,58,98,62.14,5.00%,0.001928576178759061,60.9,98,Cascaded,2027,60.9,98
D0,sys/DC/CRJ-700,TYS,4.1,sys,DC,,,TYS,CRJ-700,77.39,356,460,81.26,5.00%,0.011837467579969408,373.8,460,Cascaded,2027,373.8,460
D0,sys/DC/CRJ-700,VLD,4.1,sys,DC,,,VLD,CRJ-700,73.0,611,837,76.65,5.00%,0.0203165525038239,641.55,837,Cascaded,2027,641.5500000000001,837
D0,sys/DC/CRJ-700,XNA,4.1,sys,DC,,,XNA,CRJ-700,62.87,569,905,66.02,5.00%,0.018919997339894926,597.45,905,Cascaded,2027,597.45,905
D0,sys/DC/CRJ-700,YUL,4.1,sys,DC,,,YUL,CRJ-700,71.79,252,351,75.38,5.00%,0.008379330983573852,264.6,351,Cascaded,2027,264.6,351
D0,sys/DC/CRJ-700,YYZ,4.1,sys,DC,,,YYZ,CRJ-700,72.32,405,560,75.94,5.00%,0.013466781937886547,425.25,560,Cascaded,2027,425.25,560
D0,sys/DC/CRJ-900,ABE,4.1,sys,DC,,,ABE,CRJ-900,63.86,539,844,67.06,5.00%,0.0025269691841030666,565.95,844,Cascaded,2027,565.95,844
D0,sys/DC/CRJ-900,ABR,4.1,sys,DC,,,ABR,CRJ-900,85.0,629,740,89.25,5.00%,0.002948912090539571,660.45,740,Cascaded,2027,660.45,740
D0,sys/DC/CRJ-900,ABY,4.1,sys,DC,,,ABY,CRJ-900,72.6,355,489,76.23,5.00%,0.0016643303531662127,372.75,489,Cascaded,2027,372.75,489
D0,sys/DC/CRJ-900,AEX,4.1,sys,DC,,,AEX,CRJ-900,63.42,189,298,66.59,5.00%,0.0008860801035166597,198.45,298,Cascaded,2027,198.45000000000002,298
D0,sys/DC/CRJ-900,AGS,4.1,sys,DC,,,AGS,CRJ-900,69.93,1037,1483,73.42,5.00%,0.004861719933051726,1088.85,1483,Cascaded,2027,1088.8500000000001,1483
D0,sys/DC/CRJ-900,ALB,4.1,sys,DC,,,ALB,CRJ-900,76.03,1148,1510,79.83,5.00%,0.005382116184323414,1205.4,1510,Cascaded,2027,1205.4,1510
D0,sys/DC/CRJ-900,APN,4.1,sys,DC,,,APN,CRJ-900,77.31,460,595,81.18,5.00%,0.0021565970773421345,483.0,595,Cascaded,2027,483.0,595
D0,sys/DC/CRJ-900,ATL,4.1,sys,DC,,,ATL,CRJ-900,66.43,16469,24791,69.75,5.00%,0.07721086362336438,17292.45,24791,Cascaded,2027,17292.45,24791
D0,sys/DC/CRJ-900,ATW,4.1,sys,DC,,,ATW,CRJ-900,70.26,1413,2011,73.78,5.00%,0.006624503631053122,1483.65,2011,Cascaded,2027,1483.65,2011
D0,sys/DC/CRJ-900,AUS,4.1,sys,DC,,,AUS,CRJ-900,69.19,732,1058,72.65,5.00%,0.0034318023056835708,768.6,1058,Cascaded,2027,768.6,1058
D0,sys/DC/CRJ-900,AVL,4.1,sys,DC,,,AVL,CRJ-900,64.23,589,917,67.44,5.00%,0.0027613819099011248,618.45,917,Cascaded,2027,618.45,917
D0,sys/DC/CRJ-900,AZO,4.1,sys,DC,,,AZO,CRJ-900,70.42,557,791,73.94,5.00%,0.0026113577653903673,584.85,791,Cascaded,2027,584.85,791
D0,sys/DC/CRJ-900,BDL,4.1,sys,DC,,,BDL,CRJ-900,100.0,1,1,105.0,5.00%,4.688254515961162e-06,1.05,1,Cascaded,2027,1.05,1
D0,sys/DC/CRJ-900,BGM,4.1,sys,DC,,,BGM,CRJ-900,68.16,137,201,71.57,5.00%,0.0006422908686866792,143.85,201,Cascaded,2027,143.85,201
D0,sys/DC/CRJ-900,BGR,4.1,sys,DC,,,BGR,CRJ-900,77.93,939,1205,81.82,5.00%,0.004402270990487531,985.95,1205,Cascaded,2027,985.95,1205
D0,sys/DC/CRJ-900,BHM,4.1,sys,DC,,,BHM,CRJ-900,68.15,1085,1592,71.56,5.00%,0.005086756149817862,1139.25,1592,Cascaded,2027,1139.25,1592
D0,sys/DC/CRJ-900,BIS,4.1,sys,DC,,,BIS,CRJ-900,71.43,585,819,75.0,5.00%,0.0027426288918372802,614.25,819,Cascaded,2027,614.25,819
D0,sys/DC/CRJ-900,BJI,4.1,sys,DC,,,BJI,CRJ-900,82.82,593,716,86.96,5.00%,0.0027801349279649693,622.65,716,Cascaded,2027,622.65,716
D0,sys/DC/CRJ-900,BMI,4.1,sys,DC,,,BMI,CRJ-900,74.45,542,728,78.17,5.00%,0.00254103394765095,569.1,728,Cascaded,2027,569.1,728
D0,sys/DC/CRJ-900,BNA,4.1,sys,DC,,,BNA,CRJ-900,67.63,1717,2539,71.01,5.00%,0.008049733003905315,1802.85,2539,Cascaded,2027,1802.8500000000001,2539
D0,sys/DC/CRJ-900,BQK,4.1,sys,DC,,,BQK,CRJ-900,61.59,178,289,64.67,5.00%,0.0008345093038410869,186.9,289,Cascaded,2027,186.9,289
D0,sys/DC/CRJ-900,BRD,4.1,sys,DC,,,BRD,CRJ-900,82.52,510,618,86.65,5.00%,0.0023910098031401927,535.5,618,Cascaded,2027,535.5,618
D0,sys/DC/CRJ-900,BTM,4.1,sys,DC,,,BTM,CRJ-900,94.13,337,358,98.84,5.00%,0.0015799417718789118,353.85,358,Cascaded,2027,353.85,358
D0,sys/DC/CRJ-900,BTR,4.1,sys,DC,,,BTR,CRJ-900,61.64,368,597,64.72,5.00%,0.0017252776618737079,386.4,597,Cascaded,2027,386.40000000000003,597
D0,sys/DC/CRJ-900,BTV,4.1,sys,DC,,,BTV,CRJ-900,75.18,1584,2107,78.94,5.00%,0.007426195153282481,1663.2,2107,Cascaded,2027,1663.2,2107
D0,sys/DC/CRJ-900,BUF,4.1,sys,DC,,,BUF,CRJ-900,71.33,1873,2626,74.89,5.00%,0.008781100708395257,1966.65,2626,Cascaded,2027,1966.65,2626
D0,sys/DC/CRJ-900,BWI,4.1,sys,DC,,,BWI,CRJ-900,100.0,2,2,105.0,5.00%,9.376509031922324e-06,2.1,2,Cascaded,2027,2.1,2
D0,sys/DC/CRJ-900,CAE,4.1,sys,DC,,,CAE,CRJ-900,69.81,770,1103,73.3,5.00%,0.003609955977290095,808.5,1103,Cascaded,2027,808.5,1103
D0,sys/DC/CRJ-900,CDC,4.1,sys,DC,,,CDC,CRJ-900,92.62,577,623,97.25,5.00%,0.0027051228557095908,605.85,623,Cascaded,2027,605.85,623
D0,sys/DC/CRJ-900,CHA,4.1,sys,DC,,,CHA,CRJ-900,71.47,1017,1423,75.04,5.00%,0.004767954842732502,1067.85,1423,Cascaded,2027,1067.8500000000001,1423
D0,sys/DC/CRJ-900,CHO,4.1,sys,DC,,,CHO,CRJ-900,75.6,1134,1500,79.38,5.00%,0.005316480621099958,1190.7,1500,Cascaded,2027,1190.7,1500
D0,sys/DC/CRJ-900,CHS,4.1,sys,DC,,,CHS,CRJ-900,67.49,1495,2215,70.87,5.00%,0.007008940501361938,1569.75,2215,Cascaded,2027,1569.75,2215
D0,sys/DC/CRJ-900,CID,4.1,sys,DC,,,CID,CRJ-900,61.58,428,695,64.66,5.00%,0.0020065729328313776,449.4,695,Cascaded,2027,449.40000000000003,695
D0,sys/DC/CRJ-900,CIU,4.1,sys,DC,,,CIU,CRJ-900,74.0,501,677,77.7,5.00%,0.0023488155124965424,526.05,677,Cascaded,2027,526.0500000000001,677
D0,sys/DC/CRJ-900,CLE,4.1,sys,DC,,,CLE,CRJ-900,67.9,2871,4228,71.3,5.00%,0.013459978715324497,3014.55,4228,Cascaded,2027,3014.55,4228
D0,sys/DC/CRJ-900,CLT,4.1,sys,DC,,,CLT,CRJ-900,65.03,1387,2133,68.28,5.00%,0.006502609013638133,1456.35,2133,Cascaded,2027,1456.3500000000001,2133
D0,sys/DC/CRJ-900,CMH,4.1,sys,DC,,,CMH,CRJ-900,66.71,952,1427,70.05,5.00%,0.004463218299195027,999.6,1427,Cascaded,2027,999.6,1427
D0,sys/DC/CRJ-900,CRW,4.1,sys,DC,,,CRW,CRJ-900,62.12,369,594,65.23,5.00%,0.001729965916389669,387.45,594,Cascaded,2027,387.45000000000005,594
D0,sys/DC/CRJ-900,CSG,4.1,sys,DC,,,CSG,CRJ-900,60.97,189,310,64.02,5.00%,0.0008860801035166597,198.45,310,Cascaded,2027,198.45000000000002,310
D0,sys/DC/CRJ-900,CVG,4.1,sys,DC,,,CVG,CRJ-900,70.5,5057,7173,74.03,5.00%,0.023708503087215598,5309.85,7173,Cascaded,2027,5309.85,7173
D0,sys/DC/CRJ-900,CWA,4.1,sys,DC,,,CWA,CRJ-900,77.86,538,691,81.75,5.00%,0.002522280929587105,564.9,691,Cascaded,2027,564.9,691
D0,sys/DC/CRJ-900,DAY,4.1,sys,DC,,,DAY,CRJ-900,73.45,83,113,77.12,5.00%,0.0003891251248247765,87.15,113,Cascaded,2027,87.15,113
D0,sys/DC/CRJ-900,DCA,4.1,sys,DC,,,DCA,CRJ-900,56.58,1230,2174,59.41,5.00%,0.00576655305463223,1291.5,2174,Cascaded,2027,1291.5,2174
D0,sys/DC/CRJ-900,DHN,4.1,sys,DC,,,DHN,CRJ-900,70.79,252,356,74.33,5.00%,0.001181440138022213,264.6,356,Cascaded,2027,264.6,356
D0,sys/DC/CRJ-900,DLH,4.1,sys,DC,,,DLH,CRJ-900,72.78,484,665,76.42,5.00%,0.0022691151857252025,508.2,665,Cascaded,2027,508.20000000000005,665
D0,sys/DC/CRJ-900,DSM,4.1,sys,DC,,,DSM,CRJ-900,72.71,1937,2664,76.35,5.00%,0.009081148997416771,2033.85,2664,Cascaded,2027,2033.8500000000001,2664
D0,sys/DC/CRJ-900,DTW,4.1,sys,DC,,,DTW,CRJ-900,65.61,24896,37945,68.89,5.00%,0.1167187844293691,26140.8,37945,Cascaded,2027,26140.800000000003,37945
D0,sys/DC/CRJ-900,ECP,4.1,sys,DC,,,ECP,CRJ-900,52.91,118,223,55.56,5.00%,0.0005532140328834171,123.9,223,Cascaded,2027,123.9,223
D0,sys/DC/CRJ-900,EKO,4.1,sys,DC,,,EKO,CRJ-900,95.09,542,570,99.84,5.00%,0.00254103394765095,569.1,570,Cascaded,2027,569.1,570
D0,sys/DC/CRJ-900,ELM,4.1,sys,DC,,,ELM,CRJ-900,76.68,605,789,80.51,5.00%,0.0028363939821565032,635.25,789,Cascaded,2027,635.25,789
D0,sys/DC/CRJ-900,ESC,4.1,sys,DC,,,ESC,CRJ-900,84.64,496,586,88.87,5.00%,0.0023253742399167365,520.8,586,Cascaded,2027,520.8000000000001,586
D0,sys/DC/CRJ-900,EVV,4.1,sys,DC,,,EVV,CRJ-900,76.41,625,818,80.23,5.00%,0.0029301590724757267,656.25,818,Cascaded,2027,656.25,818
D0,sys/DC/CRJ-900,EWR,4.1,sys,DC,,,EWR,CRJ-900,68.81,984,1430,72.25,5.00%,0.004613242443705784,1033.2,1430,Cascaded,2027,1033.2,1430
D0,sys/DC/CRJ-900,FAR,4.1,sys,DC,,,FAR,CRJ-900,66.57,470,706,69.9,5.00%,0.0022034796225017463,493.5,706,Cascaded,2027,493.5,706
D0,sys/DC/CRJ-900,FAY,4.1,sys,DC,,,FAY,CRJ-900,80.38,676,841,84.4,5.00%,0.003169260052789746,709.8,841,Cascaded,2027,709.8000000000001,841
D0,sys/DC/CRJ-900,FLL,4.1,sys,DC,,,FLL,CRJ-900,91.67,11,12,96.25,5.00%,5.1570799675572786e-05,11.55,12,Cascaded,2027,11.55,12
D0,sys/DC/CRJ-900,FSD,4.1,sys,DC,,,FSD,CRJ-900,68.24,591,866,71.66,5.00%,0.002770758418933047,620.55,866,Cascaded,2027,620.5500000000001,866
D0,sys/DC/CRJ-900,FWA,4.1,sys,DC,,,FWA,CRJ-900,70.92,1366,1926,74.47,5.00%,0.006404155668802948,1434.3,1926,Cascaded,2027,1434.3000000000002,1926
D0,sys/DC/CRJ-900,GFK,4.1,sys,DC,,,GFK,CRJ-900,75.92,331,436,79.71,5.00%,0.0015518122447831448,347.55,436,Cascaded,2027,347.55,436
D0,sys/DC/CRJ-900,GGT,4.1,sys,DC,,,GGT,CRJ-900,60.42,29,48,63.44,5.00%,0.00013595938096287372,30.45,48,Cascaded,2027,30.450000000000003,48
D0,sys/DC/CRJ-900,GJT,4.1,sys,DC,,,GJT,CRJ-900,90.21,525,582,94.72,5.00%,0.0024613336208796103,551.25,582,Cascaded,2027,551.25,582
D0,sys/DC/CRJ-900,GNV,4.1,sys,DC,,,GNV,CRJ-900,69.37,77,111,72.84,5.00%,0.0003609955977290095,80.85,111,Cascaded,2027,80.85000000000001,111
D0,sys/DC/CRJ-900,GPT,4.1,sys,DC,,,GPT,CRJ-900,61.9,13,21,65.0,5.00%,6.094730870749511e-05,13.65,21,Cascaded,2027,13.65,21
D0,sys/DC/CRJ-900,GRB,4.1,sys,DC,,,GRB,CRJ-900,76.27,1273,1669,80.09,5.00%,0.00596814799881856,1336.65,1669,Cascaded,2027,1336.65,1669
D0,sys/DC/CRJ-900,GRR,4.1,sys,DC,,,GRR,CRJ-900,69.45,1528,2200,72.93,5.00%,0.007163652900388656,1604.4,2200,Cascaded,2027,1604.4,2200
D0,sys/DC/CRJ-900,GSO,4.1,sys,DC,,,GSO,CRJ-900,69.12,900,1302,72.58,5.00%,0.0042194290643650465,945.0,1302,Cascaded,2027,945.0,1302
D0,sys/DC/CRJ-900,GSP,4.1,sys,DC,,,GSP,CRJ-900,68.09,1069,1570,71.49,5.00%,0.005011744077562483,1122.45,1570,Cascaded,2027,1122.45,1570
D0,sys/DC/CRJ-900,GTR,4.1,sys,DC,,,GTR,CRJ-900,78.83,432,548,82.77,5.00%,0.002025325950895222,453.6,548,Cascaded,2027,453.6,548
D0,sys/DC/CRJ-900,HIB,4.1,sys,DC,,,HIB,CRJ-900,82.47,508,616,86.59,5.00%,0.0023816332941082705,533.4,616,Cascaded,2027,533.4,616
D0,sys/DC/CRJ-900,HPN,4.1,sys,DC,,,HPN,CRJ-900,60.31,1152,1910,63.33,5.00%,0.005400869202387259,1209.6,1910,Cascaded,2027,1209.6000000000001,1910
D0,sys/DC/CRJ-900,HSV,4.1,sys,DC,,,HSV,CRJ-900,70.7,823,1164,74.24,5.00%,0.0038584334666360368,864.15,1164,Cascaded,2027,864.1500000000001,1164
D0,sys/DC/CRJ-900,IAD,4.1,sys,DC,,,IAD,CRJ-900,62.68,1107,1766,65.82,5.00%,0.005189897749169007,1162.35,1766,Cascaded,2027,1162.3500000000001,1766
D0,sys/DC/CRJ-900,ICT,4.1,sys,DC,,,ICT,CRJ-900,73.21,194,265,76.87,5.00%,0.0009095213760964655,203.7,265,Cascaded,2027,203.70000000000002,265
D0,sys/DC/CRJ-900,ILM,4.1,sys,DC,,,ILM,CRJ-900,70.06,702,1002,73.56,5.00%,0.003291154670204736,737.1,1002,Cascaded,2027,737.1,1002
D0,sys/DC/CRJ-900,IMT,4.1,sys,DC,,,IMT,CRJ-900,69.04,484,701,72.5,5.00%,0.0022691151857252025,508.2,701,Cascaded,2027,508.20000000000005,701
D0,sys/DC/CRJ-900,IND,4.1,sys,DC,,,IND,CRJ-900,71.94,2561,3560,75.54,5.00%,0.012006619815376537,2689.05,3560,Cascaded,2027,2689.05,3560
D0,sys/DC/CRJ-900,INL,4.1,sys,DC,,,INL,CRJ-900,85.54,550,643,89.81,5.00%,0.002578539983778639,577.5,643,Cascaded,2027,577.5,643
D0,sys/DC/CRJ-900,ITH,4.1,sys,DC,,,ITH,CRJ-900,79.33,541,682,83.29,5.00%,0.002536345693134989,568.05,682,Cascaded,2027,568.0500000000001,682
D0,sys/DC/CRJ-900,JAN,4.1,sys,DC,,,JAN,CRJ-900,69.12,329,476,72.57,5.00%,0.0015424357357512225,345.45,476,Cascaded,2027,345.45000000000005,476
D0,sys/DC/CRJ-900,JAX,4.1,sys,DC,,,JAX,CRJ-900,65.98,1123,1702,69.28,5.00%,0.005264909821424386,1179.15,1702,Cascaded,2027,1179.15,1702
D0,sys/DC/CRJ-900,JFK,4.1,sys,DC,,,JFK,CRJ-900,70.0,15499,22143,73.49,5.00%,0.07266325674288206,16273.95,22143,Cascaded,2027,16273.95,22143
D0,sys/DC/CRJ-900,LAN,4.1,sys,DC,,,LAN,CRJ-900,69.26,631,911,72.73,5.00%,0.0029582885995714935,662.55,911,Cascaded,2027,662.5500000000001,911
D0,sys/DC/CRJ-900,LEX,4.1,sys,DC,,,LEX,CRJ-900,77.51,858,1107,81.38,5.00%,0.004022522374694678,900.9,1107,Cascaded,2027,900.9000000000001,1107
D0,sys/DC/CRJ-900,LFT,4.1,sys,DC,,,LFT,CRJ-900,73.94,749,1013,77.64,5.00%,0.0035115026324549106,786.45,1013,Cascaded,2027,786.45,1013
D0,sys/DC/CRJ-900,LGA,4.1,sys,DC,,,LGA,CRJ-900,65.82,20435,31048,69.11,5.00%,0.09580448103366636,21456.75,31048,Cascaded,2027,21456.75,31048
D0,sys/DC/CRJ-900,LIT,4.1,sys,DC,,,LIT,CRJ-900,66.12,201,304,69.42,5.00%,0.0009423391577081937,211.05,304,Cascaded,2027,211.05,304
D0,sys/DC/CRJ-900,MBS,4.1,sys,DC,,,MBS,CRJ-900,73.33,682,930,77.0,5.00%,0.003197389579885513,716.1,930,Cascaded,2027,716.1,930
D0,sys/DC/CRJ-900,MCI,4.1,sys,DC,,,MCI,CRJ-900,66.3,958,1445,69.61,5.00%,0.004491347826290793,1005.9,1445,Cascaded,2027,1005.9000000000001,1445
D0,sys/DC/CRJ-900,MCO,4.1,sys,DC,,,MCO,CRJ-900,34.21,13,38,35.92,5.00%,6.094730870749511e-05,13.65,38,Cascaded,2027,13.65,38
D0,sys/DC/CRJ-900,MDT,4.1,sys,DC,,,MDT,CRJ-900,71.03,255,359,74.58,5.00%,0.0011955049015700964,267.75,359,Cascaded,2027,267.75,359
D0,sys/DC/CRJ-900,MEM,4.1,sys,DC,,,MEM,CRJ-900,64.88,920,1418,68.12,5.00%,0.004313194154684269,966.0,1418,Cascaded,2027,966.0,1418
D0,sys/DC/CRJ-900,MGM,4.1,sys,DC,,,MGM,CRJ-900,58.77,439,747,61.71,5.00%,0.00205814373250695,460.95,747,Cascaded,2027,460.95000000000005,747
D0,sys/DC/CRJ-900,MIA,4.1,sys,DC,,,MIA,CRJ-900,43.75,7,16,45.94,5.00%,3.281778161172814e-05,7.35,16,Cascaded,2027,7.3500000000000005,16
D0,sys/DC/CRJ-900,MKE,4.1,sys,DC,,,MKE,CRJ-900,69.21,1277,1845,72.67,5.00%,0.0059869010168824045,1340.85,1845,Cascaded,2027,1340.8500000000001,1845
D0,sys/DC/CRJ-900,MLI,4.1,sys,DC,,,MLI,CRJ-900,70.18,426,607,73.69,5.00%,0.0019971964237994553,447.3,607,Cascaded,2027,447.3,607
D0,sys/DC/CRJ-900,MLU,4.1,sys,DC,,,MLU,CRJ-900,67.4,277,411,70.77,5.00%,0.001298646500921242,290.85,411,Cascaded,2027,290.85,411
D0,sys/DC/CRJ-900,MOB,4.1,sys,DC,,,MOB,CRJ-900,69.2,447,646,72.65,5.00%,0.0020956497686346397,469.35,646,Cascaded,2027,469.35,646
D0,sys/DC/CRJ-900,MOT,4.1,sys,DC,,,MOT,CRJ-900,65.63,296,451,68.91,5.00%,0.0013877233367245042,310.8,451,Cascaded,2027,310.8,451
D0,sys/DC/CRJ-900,MQT,4.1,sys,DC,,,MQT,CRJ-900,75.41,500,663,79.19,5.00%,0.0023441272579805814,525.0,663,Cascaded,2027,525.0,663
D0,sys/DC/CRJ-900,MSN,4.1,sys,DC,,,MSN,CRJ-900,69.99,1262,1803,73.49,5.00%,0.005916577199142987,1325.1,1803,Cascaded,2027,1325.1000000000001,1803
D0,sys/DC/CRJ-900,MSP,4.1,sys,DC,,,MSP,CRJ-900,69.01,20280,29389,72.46,5.00%,0.09507780158369238,21294.0,29389,Cascaded,2027,21294.0,29389
D0,sys/DC/CRJ-900,MYR,4.1,sys,DC,,,MYR,CRJ-900,69.47,66,95,72.95,5.00%,0.00030942479805343674,69.3,95,Cascaded,2027,69.3,95
D0,sys/DC/CRJ-900,OAJ,4.1,sys,DC,,,OAJ,CRJ-900,79.27,585,738,83.23,5.00%,0.0027426288918372802,614.25,738,Cascaded,2027,614.25,738
D0,sys/DC/CRJ-900,OKC,4.1,sys,DC,,,OKC,CRJ-900,77.78,168,216,81.67,5.00%,0.0007876267586814753,176.4,216,Cascaded,2027,176.4,216
D0,sys/DC/CRJ-900,OMA,4.1,sys,DC,,,OMA,CRJ-900,72.07,2451,3401,75.67,5.00%,0.01149091181862081,2573.55,3401,Cascaded,2027,2573.55,3401
D0,sys/DC/CRJ-900,ORD,4.1,sys,DC,,,ORD,CRJ-900,48.46,800,1651,50.88,5.00%,0.00375060361276893,840.0,1651,Cascaded,2027,840.0,1651
D0,sys/DC/CRJ-900,ORF,4.1,sys,DC,,,ORF,CRJ-900,63.45,1420,2238,66.62,5.00%,0.006657321412664851,1491.0,2238,Cascaded,2027,1491.0,2238
D0,sys/DC/CRJ-900,ORH,4.1,sys,DC,,,ORH,CRJ-900,67.5,189,280,70.88,5.00%,0.0008860801035166597,198.45,280,Cascaded,2027,198.45000000000002,280
D0,sys/DC/CRJ-900,PHL,4.1,sys,DC,,,PHL,CRJ-900,49.0,49,100,51.45,5.00%,0.00022972447128209695,51.45,100,Cascaded,2027,51.45,100
D0,sys/DC/CRJ-900,PIH,4.1,sys,DC,,,PIH,CRJ-900,100.0,46,46,105.0,5.00%,0.00021565970773421348,48.3,46,Cascaded,2027,48.300000000000004,46
D0,sys/DC/CRJ-900,PIT,4.1,sys,DC,,,PIT,CRJ-900,66.27,1544,2330,69.58,5.00%,0.007238664972644035,1621.2,2330,Cascaded,2027,1621.2,2330
D0,sys/DC/CRJ-900,PLN,4.1,sys,DC,,,PLN,CRJ-900,75.35,428,568,79.12,5.00%,0.0020065729328313776,449.4,568,Cascaded,2027,449.40000000000003,568
D0,sys/DC/CRJ-900,PNS,4.1,sys,DC,,,PNS,CRJ-900,60.9,204,335,63.94,5.00%,0.0009564039212560772,214.2,335,Cascaded,2027,214.20000000000002,335
D0,sys/DC/CRJ-900,PVD,4.1,sys,DC,,,PVD,CRJ-900,64.1,466,727,67.3,5.00%,0.0021847266044379018,489.3,727,Cascaded,2027,489.3,727
D0,sys/DC/CRJ-900,PWM,4.1,sys,DC,,,PWM,CRJ-900,67.92,870,1281,71.31,5.00%,0.004078781428886211,913.5,1281,Cascaded,2027,913.5,1281
D0,sys/DC/CRJ-900,RAP,4.1,sys,DC,,,RAP,CRJ-900,74.98,761,1015,78.72,5.00%,0.0035677616866464446,799.05,1015,Cascaded,2027,799.0500000000001,1015
D0,sys/DC/CRJ-900,RDU,4.1,sys,DC,,,RDU,CRJ-900,64.77,4497,6943,68.01,5.00%,0.02108308055827735,4721.85,6943,Cascaded,2027,4721.85,6943
D0,sys/DC/CRJ-900,RHI,4.1,sys,DC,,,RHI,CRJ-900,85.63,602,703,89.91,5.00%,0.0028223292186086196,632.1,703,Cascaded,2027,632.1,703
D0,sys/DC/CRJ-900,RIC,4.1,sys,DC,,,RIC,CRJ-900,67.55,1699,2515,70.93,5.00%,0.007965344422618014,1783.95,2515,Cascaded,2027,1783.95,2515
D0,sys/DC/CRJ-900,ROA,4.1,sys,DC,,,ROA,CRJ-900,70.65,532,753,74.18,5.00%,0.0024941514024913384,558.6,753,Cascaded,2027,558.6,753
D0,sys/DC/CRJ-900,ROC,4.1,sys,DC,,,ROC,CRJ-900,62.66,1715,2737,65.79,5.00%,0.008040356494873394,1800.75,2737,Cascaded,2027,1800.75,2737
D0,sys/DC/CRJ-900,RST,4.1,sys,DC,,,RST,CRJ-900,72.41,609,841,76.03,5.00%,0.0028551470002203478,639.45,841,Cascaded,2027,639.45,841
D0,sys/DC/CRJ-900,RSW,4.1,sys,DC,,,RSW,CRJ-900,63.24,43,68,66.4,5.00%,0.00020159494418632999,45.15,68,Cascaded,2027,45.150000000000006,68
D0,sys/DC/CRJ-900,SAV,4.1,sys,DC,,,SAV,CRJ-900,59.22,951,1606,62.18,5.00%,0.004458530044679066,998.55,1606,Cascaded,2027,998.5500000000001,1606
D0,sys/DC/CRJ-900,SBN,4.1,sys,DC,,,SBN,CRJ-900,68.03,1062,1561,71.43,5.00%,0.004978926295950754,1115.1,1561,Cascaded,2027,1115.1000000000001,1561
D0,sys/DC/CRJ-900,SDF,4.1,sys,DC,,,SDF,CRJ-900,72.65,1142,1572,76.28,5.00%,0.005353986657227648,1199.1,1572,Cascaded,2027,1199.1000000000001,1572
D0,sys/DC/CRJ-900,SGF,4.1,sys,DC,,,SGF,CRJ-900,66.46,319,480,69.78,5.00%,0.0014955531905916108,334.95,480,Cascaded,2027,334.95000000000005,480
D0,sys/DC/CRJ-900,SGU,4.1,sys,DC,,,SGU,CRJ-900,91.12,1549,1700,95.67,5.00%,0.00726210624522384,1626.45,1700,Cascaded,2027,1626.45,1700
D0,sys/DC/CRJ-900,SHV,4.1,sys,DC,,,SHV,CRJ-900,71.01,659,928,74.56,5.00%,0.003089559726018406,691.95,928,Cascaded,2027,691.95,928
D0,sys/DC/CRJ-900,SLC,4.1,sys,DC,,,SLC,CRJ-900,88.55,3773,4261,92.97,5.00%,0.017688784288721466,3961.65,4261,Cascaded,2027,3961.65,4261
D0,sys/DC/CRJ-900,STL,4.1,sys,DC,,,STL,CRJ-900,67.52,1285,1903,70.9,5.00%,0.0060244070530100936,1349.25,1903,Cascaded,2027,1349.25,1903
D0,sys/DC/CRJ-900,SYR,4.1,sys,DC,,,SYR,CRJ-900,73.85,1901,2574,77.55,5.00%,0.00891237183484217,1996.05,2574,Cascaded,2027,1996.0500000000002,2574
D0,sys/DC/CRJ-900,TLH,4.1,sys,DC,,,TLH,CRJ-900,65.58,221,337,68.86,5.00%,0.001036104248027417,232.05,337,Cascaded,2027,232.05,337
D0,sys/DC/CRJ-900,TPA,4.1,sys,DC,,,TPA,CRJ-900,75.0,9,12,78.75,5.00%,4.219429064365046e-05,9.45,12,Cascaded,2027,9.450000000000001,12
D0,sys/DC/CRJ-900,TRI,4.1,sys,DC,,,TRI,CRJ-900,76.36,546,715,80.18,5.00%,0.0025597869657147947,573.3,715,Cascaded,2027,573.3000000000001,715
D0,sys/DC/CRJ-900,TUL,4.1,sys,DC,,,TUL,CRJ-900,71.66,220,307,75.24,5.00%,0.0010314159935114558,231.0,307,Cascaded,2027,231.0,307
D0,sys/DC/CRJ-900,TVC,4.1,sys,DC,,,TVC,CRJ-900,61.8,555,898,64.89,5.00%,0.002601981256358445,582.75,898,Cascaded,2027,582.75,898
D0,sys/DC/CRJ-900,TWF,4.1,sys,DC,,,TWF,CRJ-900,94.92,224,236,99.66,5.00%,0.0010501690115753005,235.2,236,Cascaded,2027,235.20000000000002,236
D0,sys/DC/CRJ-900,TYS,4.1,sys,DC,,,TYS,CRJ-900,73.45,2141,2915,77.12,5.00%,0.01003755291867285,2248.05,2915,Cascaded,2027,2248.05,2915
D0,sys/DC/CRJ-900,VLD,4.1,sys,DC,,,VLD,CRJ-900,79.29,134,169,83.25,5.00%,0.0006282261051387957,140.7,169,Cascaded,2027,140.70000000000002,169
D0,sys/DC/CRJ-900,VPS,4.1,sys,DC,,,VPS,CRJ-900,47.46,28,59,49.83,5.00%,0.00013127112644691256,29.4,59,Cascaded,2027,29.400000000000002,59
D0,sys/DC/CRJ-900,WYS,4.1,sys,DC,,,WYS,CRJ-900,86.9,126,145,91.24,5.00%,0.0005907200690111065,132.3,145,Cascaded,2027,132.3,145
D0,sys/DC/CRJ-900,XNA,4.1,sys,DC,,,XNA,CRJ-900,68.28,1296,1898,71.7,5.00%,0.006075977852685667,1360.8,1898,Cascaded,2027,1360.8000000000002,1898
D0,sys/DC/CRJ-900,XWA,4.1,sys,DC,,,XWA,CRJ-900,69.88,675,966,73.37,5.00%,0.003164571798273785,708.75,966,Cascaded,2027,708.75,966
D0,sys/DC/CRJ-900,YHZ,4.1,sys,DC,,,YHZ,CRJ-900,78.95,195,247,82.89,5.00%,0.0009142096306124267,204.75,247,Cascaded,2027,204.75,247
D0,sys/DC/CRJ-900,YUL,4.1,sys,DC,,,YUL,CRJ-900,77.9,1516,1946,81.8,5.00%,0.007107393846197122,1591.8,1946,Cascaded,2027,1591.8000000000002,1946
D0,sys/DC/CRJ-900,YYZ,4.1,sys,DC,,,YYZ,CRJ-900,72.87,3146,4317,76.52,5.00%,0.014749248707213817,3303.3,4317,Cascaded,2027,3303.3,4317
D0,sys/DC/E-170,ACK,4.1,sys,DC,,,ACK,E-170,77.78,7,9,81.67,5.00%,0.0004753174441502003,7.35,9,Cascaded,2027,7.3500000000000005,9
D0,sys/DC/E-170,ATL,4.1,sys,DC,,,ATL,E-170,73.33,143,195,77.0,5.00%,0.009710056359068377,150.15,195,Cascaded,2027,150.15,195
D0,sys/DC/E-170,AVL,4.1,sys,DC,,,AVL,E-170,70.0,7,10,73.5,5.00%,0.0004753174441502003,7.35,10,Cascaded,2027,7.3500000000000005,10
D0,sys/DC/E-170,BNA,4.1,sys,DC,,,BNA,E-170,80.65,346,429,84.69,5.00%,0.023494262239424187,363.3,429,Cascaded,2027,363.3,429
D0,sys/DC/E-170,BOS,4.1,sys,DC,,,BOS,E-170,68.79,1814,2637,72.23,5.00%,0.12317512052692334,1904.7,2637,Cascaded,2027,1904.7,2637
D0,sys/DC/E-170,BUF,4.1,sys,DC,,,BUF,E-170,64.85,214,330,68.09,5.00%,0.014531133292591838,224.7,330,Cascaded,2027,224.70000000000002,330
D0,sys/DC/E-170,BWI,4.1,sys,DC,,,BWI,E-170,71.0,71,100,74.55,5.00%,0.0048210769335234605,74.55,100,Cascaded,2027,74.55,100
D0,sys/DC/E-170,CHS,4.1,sys,DC,,,CHS,E-170,100.0,1,1,105.0,5.00%,6.790249202145719e-05,1.05,1,Cascaded,2027,1.05,1
D0,sys/DC/E-170,CLE,4.1,sys,DC,,,CLE,E-170,65.57,240,366,68.85,5.00%,0.016296598085149726,252.0,366,Cascaded,2027,252.0,366
D0,sys/DC/E-170,CLT,4.1,sys,DC,,,CLT,E-170,65.62,273,416,68.91,5.00%,0.018537380321857814,286.65,416,Cascaded,2027,286.65000000000003,416
D0,sys/DC/E-170,CMH,4.1,sys,DC,,,CMH,E-170,80.51,446,554,84.53,5.00%,0.030284511441569906,468.3,554,Cascaded,2027,468.3,554
D0,sys/DC/E-170,CVG,4.1,sys,DC,,,CVG,E-170,72.29,120,166,75.9,5.00%,0.008148299042574863,126.0,166,Cascaded,2027,126.0,166
D0,sys/DC/E-170,DCA,4.1,sys,DC,,,DCA,E-170,71.94,1959,2723,75.54,5.00%,0.13302098187003464,2056.95,2723,Cascaded,2027,2056.9500000000003,2723
D0,sys/DC/E-170,DTW,4.1,sys,DC,,,DTW,E-170,74.07,20,27,77.78,5.00%,0.0013580498404291437,21.0,27,Cascaded,2027,21.0,27
D0,sys/DC/E-170,EWR,4.1,sys,DC,,,EWR,E-170,47.12,90,191,49.48,5.00%,0.006111224281931147,94.5,191,Cascaded,2027,94.5,191
D0,sys/DC/E-170,EYW,4.1,sys,DC,,,EYW,E-170,64.18,86,134,67.39,5.00%,0.005839614313845318,90.3,134,Cascaded,2027,90.3,134
D0,sys/DC/E-170,GRR,4.1,sys,DC,,,GRR,E-170,79.18,289,365,83.14,5.00%,0.019623820194201128,303.45,365,Cascaded,2027,303.45,365
D0,sys/DC/E-170,GSO,4.1,sys,DC,,,GSO,E-170,66.18,135,204,69.49,5.00%,0.00916683642289672,141.75,204,Cascaded,2027,141.75,204
D0,sys/DC/E-170,HHH,4.1,sys,DC,,,HHH,E-170,70.65,272,385,74.18,5.00%,0.018469477829836354,285.6,385,Cascaded,2027,285.6,385
D0,sys/DC/E-170,IND,4.1,sys,DC,,,IND,E-170,81.0,422,521,85.05,5.00%,0.028654851633054933,443.1,521,Cascaded,2027,443.1,521
D0,sys/DC/E-170,JAX,4.1,sys,DC,,,JAX,E-170,80.77,21,26,84.81,5.00%,0.001425952332450601,22.05,26,Cascaded,2027,22.05,26
D0,sys/DC/E-170,JFK,4.1,sys,DC,,,JFK,E-170,100.0,1,1,105.0,5.00%,6.790249202145719e-05,1.05,1,Cascaded,2027,1.05,1
D0,sys/DC/E-170,LEX,4.1,sys,DC,,,LEX,E-170,86.53,302,349,90.86,5.00%,0.020506552590480072,317.1,349,Cascaded,2027,317.1,349
D0,sys/DC/E-170,LGA,4.1,sys,DC,,,LGA,E-170,71.41,4427,6199,74.99,5.00%,0.30060433217899096,4648.35,6199,Cascaded,2027,4648.35,6199
D0,sys/DC/E-170,MCI,4.1,sys,DC,,,MCI,E-170,72.55,37,51,76.18,5.00%,0.0025123922047939158,38.85,51,Cascaded,2027,38.85,51
D0,sys/DC/E-170,MCO,4.1,sys,DC,,,MCO,E-170,0.0,0,1,0.0,0.00%,0.0,0.0,1,Cascaded,2027,0.0,1
D0,sys/DC/E-170,MEM,4.1,sys,DC,,,MEM,E-170,68.12,156,229,71.53,5.00%,0.010592788755347322,163.8,229,Cascaded,2027,163.8,229
D0,sys/DC/E-170,MKE,4.1,sys,DC,,,MKE,E-170,71.39,262,367,74.96,5.00%,0.017790452909621782,275.1,367,Cascaded,2027,275.1,367
D0,sys/DC/E-170,MSN,4.1,sys,DC,,,MSN,E-170,76.05,381,501,79.85,5.00%,0.025870849460175187,400.05,501,Cascaded,2027,400.05,501
D0,sys/DC/E-170,MVY,4.1,sys,DC,,,MVY,E-170,67.9,55,81,71.3,5.00%,0.0037346370611801454,57.75,81,Cascaded,2027,57.75,81
D0,sys/DC/E-170,MYR,4.1,sys,DC,,,MYR,E-170,77.78,21,27,81.67,5.00%,0.001425952332450601,22.05,27,Cascaded,2027,22.05,27
D0,sys/DC/E-170,OMA,4.1,sys,DC,,,OMA,E-170,82.83,246,297,86.97,5.00%,0.01670401303727847,258.3,297,Cascaded,2027,258.3,297
D0,sys/DC/E-170,ORD,4.1,sys,DC,,,ORD,E-170,66.67,8,12,70.0,5.00%,0.0005432199361716575,8.4,12,Cascaded,2027,8.4,12
D0,sys/DC/E-170,ORF,4.1,sys,DC,,,ORF,E-170,71.03,152,214,74.58,5.00%,0.010321178787261492,159.6,214,Cascaded,2027,159.6,214
D0,sys/DC/E-170,PHL,4.1,sys,DC,,,PHL,E-170,75.0,225,300,78.75,5.00%,0.015278060704827868,236.25,300,Cascaded,2027,236.25,300
D0,sys/DC/E-170,PIT,4.1,sys,DC,,,PIT,E-170,79.31,483,609,83.28,5.00%,0.03279690364636382,507.15,609,Cascaded,2027,507.15000000000003,609
D0,sys/DC/E-170,PWM,4.1,sys,DC,,,PWM,E-170,60.62,97,160,63.66,5.00%,0.006586541726081347,101.85,160,Cascaded,2027,101.85000000000001,160
D0,sys/DC/E-170,RDU,4.1,sys,DC,,,RDU,E-170,44.19,38,86,46.4,5.00%,0.002580294696815373,39.9,86,Cascaded,2027,39.9,86
D0,sys/DC/E-170,RIC,4.1,sys,DC,,,RIC,E-170,77.63,583,751,81.51,5.00%,0.03958715284850954,612.15,751,Cascaded,2027,612.15,751
D0,sys/DC/E-170,SAV,4.1,sys,DC,,,SAV,E-170,30.0,3,10,31.5,5.00%,0.00020370747606437156,3.15,10,Cascaded,2027,3.15,10
D0,sys/DC/E-170,SDF,4.1,sys,DC,,,SDF,E-170,76.39,110,144,80.21,5.00%,0.007469274122360291,115.5,144,Cascaded,2027,115.5,144
D0,sys/DC/E-170,SRQ,4.1,sys,DC,,,SRQ,E-170,0.0,0,1,0.0,0.00%,0.0,0.0,1,Cascaded,2027,0.0,1
D0,sys/DC/E-170,STL,4.1,sys,DC,,,STL,E-170,77.3,126,163,81.17,5.00%,0.008555713994703605,132.3,163,Cascaded,2027,132.3,163
D0,sys/DC/E-170,SYR,4.1,sys,DC,,,SYR,E-170,56.92,37,65,59.77,5.00%,0.0025123922047939158,38.85,65,Cascaded,2027,38.85,65
D0,sys/DC/E-170,TVC,4.1,sys,DC,,,TVC,E-170,100.0,1,1,105.0,5.00%,6.790249202145719e-05,1.05,1,Cascaded,2027,1.05,1
D0,sys/DC/E-175,ABQ,4.1,sys,DC,,,ABQ,E-175,86.32,1628,1886,90.64,5.00%,0.009137135609011415,1709.4,1886,Cascaded,2027,1709.4,1886
D0,sys/DC/E-175,ACK,4.1,sys,DC,,,ACK,E-175,71.0,213,300,74.55,5.00%,0.001195460617149528,223.65,300,Cascaded,2027,223.65,300
D0,sys/DC/E-175,AGS,4.1,sys,DC,,,AGS,E-175,33.33,7,21,35.0,5.00%,3.928743812228496e-05,7.35,21,Cascaded,2027,7.3500000000000005,21
D0,sys/DC/E-175,ATW,4.1,sys,DC,,,ATW,E-175,84.21,16,19,88.42,5.00%,8.979985856522275e-05,16.8,19,Cascaded,2027,16.8,19
D0,sys/DC/E-175,AUS,4.1,sys,DC,,,AUS,E-175,70.55,3939,5583,74.08,5.00%,0.02210760268052578,4135.95,5583,Cascaded,2027,4135.950000000001,5583
D0,sys/DC/E-175,AVL,4.1,sys,DC,,,AVL,E-175,62.22,28,45,65.33,5.00%,0.00015714975248913983,29.4,45,Cascaded,2027,29.400000000000002,45
D0,sys/DC/E-175,BIL,4.1,sys,DC,,,BIL,E-175,85.96,551,641,90.26,5.00%,0.003092482629339859,578.55,641,Cascaded,2027,578.5500000000001,641
D0,sys/DC/E-175,BIS,4.1,sys,DC,,,BIS,E-175,75.47,360,477,79.25,5.00%,0.0020204968177175123,378.0,477,Cascaded,2027,378.0,477
D0,sys/DC/E-175,BNA,4.1,sys,DC,,,BNA,E-175,74.5,2001,2686,78.22,5.00%,0.011230594811813172,2101.05,2686,Cascaded,2027,2101.05,2686
D0,sys/DC/E-175,BOI,4.1,sys,DC,,,BOI,E-175,85.49,2886,3376,89.76,5.00%,0.016197649488702056,3030.3,3376,Cascaded,2027,3030.3,3376
D0,sys/DC/E-175,BOS,4.1,sys,DC,,,BOS,E-175,69.61,14290,20529,73.09,5.00%,0.08020249868106458,15004.5,20529,Cascaded,2027,15004.5,20529
D0,sys/DC/E-175,BUF,4.1,sys,DC,,,BUF,E-175,76.74,409,533,80.57,5.00%,0.002295508884573507,429.45,533,Cascaded,2027,429.45000000000005,533
D0,sys/DC/E-175,BUR,4.1,sys,DC,,,BUR,E-175,81.44,645,792,85.51,5.00%,0.0036200567984105425,677.25,792,Cascaded,2027,677.25,792
D0,sys/DC/E-175,BWI,4.1,sys,DC,,,BWI,E-175,74.66,716,959,78.39,5.00%,0.004018543670793719,751.8,959,Cascaded,2027,751.8000000000001,959
D0,sys/DC/E-175,BZN,4.1,sys,DC,,,BZN,E-175,81.99,1070,1305,86.09,5.00%,0.006005365541549272,1123.5,1305,Cascaded,2027,1123.5,1305
D0,sys/DC/E-175,CHS,4.1,sys,DC,,,CHS,E-175,68.11,346,508,71.52,5.00%,0.0019419219414729422,363.3,508,Cascaded,2027,363.3,508
D0,sys/DC/E-175,CID,4.1,sys,DC,,,CID,E-175,66.79,175,262,70.13,5.00%,0.0009821859530571239,183.75,262,Cascaded,2027,183.75,262
D0,sys/DC/E-175,CLE,4.1,sys,DC,,,CLE,E-175,77.35,782,1011,81.22,5.00%,0.0043889680873752624,821.1,1011,Cascaded,2027,821.1,1011
D0,sys/DC/E-175,CLT,4.1,sys,DC,,,CLT,E-175,74.96,1407,1877,78.71,5.00%,0.007896775062579277,1477.35,1877,Cascaded,2027,1477.3500000000001,1877
D0,sys/DC/E-175,CMH,4.1,sys,DC,,,CMH,E-175,75.25,2721,3616,79.01,5.00%,0.015271588447248196,2857.05,3616,Cascaded,2027,2857.05,3616
D0,sys/DC/E-175,COS,4.1,sys,DC,,,COS,E-175,87.77,567,646,92.16,5.00%,0.0031822824879050816,595.35,646,Cascaded,2027,595.35,646
D0,sys/DC/E-175,CVG,4.1,sys,DC,,,CVG,E-175,67.45,773,1146,70.82,5.00%,0.004338455666932324,811.65,1146,Cascaded,2027,811.6500000000001,1146
D0,sys/DC/E-175,DCA,4.1,sys,DC,,,DCA,E-175,67.61,3434,5079,70.99,5.00%,0.019273294644560936,3605.7,5079,Cascaded,2027,3605.7000000000003,5079
D0,sys/DC/E-175,DEN,4.1,sys,DC,,,DEN,E-175,69.01,637,923,72.46,5.00%,0.003575156869127931,668.85,923,Cascaded,2027,668.85,923
D0,sys/DC/E-175,DLH,4.1,sys,DC,,,DLH,E-175,77.65,549,707,81.53,5.00%,0.003081257647019206,576.45,707,Cascaded,2027,576.45,707
D0,sys/DC/E-175,DSM,4.1,sys,DC,,,DSM,E-175,75.0,3,4,78.75,5.00%,1.683747348097927e-05,3.15,4,Cascaded,2027,3.1500000000000004,4
D0,sys/DC/E-175,DTW,4.1,sys,DC,,,DTW,E-175,71.14,2534,3562,74.7,5.00%,0.014222052600267154,2660.7,3562,Cascaded,2027,2660.7000000000003,3562
D0,sys/DC/E-175,ECP,4.1,sys,DC,,,ECP,E-175,66.88,212,317,70.22,5.00%,0.0011898481259892016,222.6,317,Cascaded,2027,222.60000000000002,317
D0,sys/DC/E-175,EGE,4.1,sys,DC,,,EGE,E-175,52.63,10,19,55.26,5.00%,5.612491160326422e-05,10.5,19,Cascaded,2027,10.5,19
D0,sys/DC/E-175,EUG,4.1,sys,DC,,,EUG,E-175,87.42,1550,1773,91.79,5.00%,0.008699361298505955,1627.5,1773,Cascaded,2027,1627.5,1773
D0,sys/DC/E-175,EWR,4.1,sys,DC,,,EWR,E-175,67.33,505,750,70.7,5.00%,0.0028343080359648433,530.25,750,Cascaded,2027,530.25,750
D0,sys/DC/E-175,FAR,4.1,sys,DC,,,FAR,E-175,74.39,305,410,78.11,5.00%,0.0017118098038995588,320.25,410,Cascaded,2027,320.25,410
D0,sys/DC/E-175,FAT,4.1,sys,DC,,,FAT,E-175,87.54,1089,1244,91.92,5.00%,0.006112002873595474,1143.45,1244,Cascaded,2027,1143.45,1244
D0,sys/DC/E-175,FCA,4.1,sys,DC,,,FCA,E-175,81.45,628,771,85.53,5.00%,0.003524644448684993,659.4,771,Cascaded,2027,659.4000000000001,771
D0,sys/DC/E-175,FSD,4.1,sys,DC,,,FSD,E-175,73.1,356,487,76.76,5.00%,0.0019980468530762063,373.8,487,Cascaded,2027,373.8,487
D0,sys/DC/E-175,GEG,4.1,sys,DC,,,GEG,E-175,85.42,3280,3840,89.69,5.00%,0.018408971005870665,3444.0,3840,Cascaded,2027,3444.0,3840
D0,sys/DC/E-175,GFK,4.1,sys,DC,,,GFK,E-175,78.79,520,660,82.73,5.00%,0.0029184954033697396,546.0,660,Cascaded,2027,546.0,660
D0,sys/DC/E-175,GRB,4.1,sys,DC,,,GRB,E-175,72.22,26,36,75.83,5.00%,0.00014592477016848698,27.3,36,Cascaded,2027,27.3,36
D0,sys/DC/E-175,GRR,4.1,sys,DC,,,GRR,E-175,71.2,581,816,74.76,5.00%,0.0032608573641496517,610.05,816,Cascaded,2027,610.0500000000001,816
D0,sys/DC/E-175,GSO,4.1,sys,DC,,,GSO,E-175,76.27,315,413,80.08,5.00%,0.001767934715502823,330.75,413,Cascaded,2027,330.75,413
D0,sys/DC/E-175,GTF,4.1,sys,DC,,,GTF,E-175,87.87,884,1006,92.27,5.00%,0.0049614421857285575,928.2,1006,Cascaded,2027,928.2,1006
D0,sys/DC/E-175,HLN,4.1,sys,DC,,,HLN,E-175,94.03,598,636,98.73,5.00%,0.0033562697138752005,627.9,636,Cascaded,2027,627.9000000000001,636
D0,sys/DC/E-175,HRL,4.1,sys,DC,,,HRL,E-175,100.0,7,7,105.0,5.00%,3.928743812228496e-05,7.35,7,Cascaded,2027,7.3500000000000005,7
D0,sys/DC/E-175,IAD,4.1,sys,DC,,,IAD,E-175,73.29,609,831,76.95,5.00%,0.0034180071166387913,639.45,831,Cascaded,2027,639.45,831
D0,sys/DC/E-175,IAH,4.1,sys,DC,,,IAH,E-175,56.52,13,23,59.35,5.00%,7.296238508424349e-05,13.65,23,Cascaded,2027,13.65,23
D0,sys/DC/E-175,ICT,4.1,sys,DC,,,ICT,E-175,74.75,225,301,78.49,5.00%,0.0012628105110734451,236.25,301,Cascaded,2027,236.25000000000003,301
D0,sys/DC/E-175,IDA,4.1,sys,DC,,,IDA,E-175,87.67,718,819,92.05,5.00%,0.004029768653114371,753.9,819,Cascaded,2027,753.9000000000001,819
D0,sys/DC/E-175,ILM,4.1,sys,DC,,,ILM,E-175,66.67,38,57,70.0,5.00%,0.00021327466409240407,39.9,57,Cascaded,2027,39.900000000000006,57
D0,sys/DC/E-175,IND,4.1,sys,DC,,,IND,E-175,74.87,1811,2419,78.61,5.00%,0.010164221491351152,1901.55,2419,Cascaded,2027,1901.5500000000002,2419
D0,sys/DC/E-175,JAC,4.1,sys,DC,,,JAC,E-175,82.52,288,349,86.65,5.00%,0.0016163974541740097,302.4,349,Cascaded,2027,302.40000000000003,349
D0,sys/DC/E-175,JAX,4.1,sys,DC,,,JAX,E-175,70.75,1115,1576,74.29,5.00%,0.006257927643763961,1170.75,1576,Cascaded,2027,1170.75,1576
D0,sys/DC/E-175,JFK,4.1,sys,DC,,,JFK,E-175,70.44,3638,5165,73.96,5.00%,0.020418242841267524,3819.9,5165,Cascaded,2027,3819.9,5165
D0,sys/DC/E-175,LAS,4.1,sys,DC,,,LAS,E-175,82.4,1681,2040,86.52,5.00%,0.009434597640508717,1765.05,2040,Cascaded,2027,1765.0500000000002,2040
D0,sys/DC/E-175,LAX,4.1,sys,DC,,,LAX,E-175,81.19,8068,9937,85.25,5.00%,0.04528157868151358,8471.4,9937,Cascaded,2027,8471.400000000001,9937
D0,sys/DC/E-175,LEX,4.1,sys,DC,,,LEX,E-175,75.19,200,266,78.95,5.00%,0.0011224982320652845,210.0,266,Cascaded,2027,210.0,266
D0,sys/DC/E-175,LGA,4.1,sys,DC,,,LGA,E-175,69.32,11195,16149,72.79,5.00%,0.0628318385398543,11754.75,16149,Cascaded,2027,11754.75,16149
D0,sys/DC/E-175,LGB,4.1,sys,DC,,,LGB,E-175,86.07,525,610,90.37,5.00%,0.002946557859171372,551.25,610,Cascaded,2027,551.25,610
D0,sys/DC/E-175,LIT,4.1,sys,DC,,,LIT,E-175,84.62,187,221,88.85,5.00%,0.001049535846981041,196.35,221,Cascaded,2027,196.35000000000002,221
D0,sys/DC/E-175,LWS,4.1,sys,DC,,,LWS,E-175,87.1,547,628,91.46,5.00%,0.003070032664698553,574.35,628,Cascaded,2027,574.35,628
D0,sys/DC/E-175,MAF,4.1,sys,DC,,,MAF,E-175,71.62,318,444,75.2,5.00%,0.0017847721889838024,333.9,444,Cascaded,2027,333.90000000000003,444
D0,sys/DC/E-175,MCI,4.1,sys,DC,,,MCI,E-175,74.01,410,554,77.71,5.00%,0.002301121375733833,430.5,554,Cascaded,2027,430.5,554
D0,sys/DC/E-175,MCO,4.1,sys,DC,,,MCO,E-175,72.49,490,676,76.11,5.00%,0.002750120668559947,514.5,676,Cascaded,2027,514.5,676
D0,sys/DC/E-175,MDW,4.1,sys,DC,,,MDW,E-175,70.15,886,1263,73.66,5.00%,0.00497266716804921,930.3,1263,Cascaded,2027,930.3000000000001,1263
D0,sys/DC/E-175,MEM,4.1,sys,DC,,,MEM,E-175,79.15,1408,1779,83.1,5.00%,0.007902387553739603,1478.4,1779,Cascaded,2027,1478.4,1779
D0,sys/DC/E-175,MFE,4.1,sys,DC,,,MFE,E-175,80.65,825,1023,84.68,5.00%,0.0046303052072692984,866.25,1023,Cascaded,2027,866.25,1023
D0,sys/DC/E-175,MFR,4.1,sys,DC,,,MFR,E-175,87.1,1540,1768,91.46,5.00%,0.00864323638690269,1617.0,1768,Cascaded,2027,1617.0,1768
D0,sys/DC/E-175,MIA,4.1,sys,DC,,,MIA,E-175,68.54,220,321,71.96,5.00%,0.0012347480552718129,231.0,321,Cascaded,2027,231.0,321
D0,sys/DC/E-175,MKE,4.1,sys,DC,,,MKE,E-175,73.88,1341,1815,77.58,5.00%,0.007526350645997733,1408.05,1815,Cascaded,2027,1408.0500000000002,1815
D0,sys/DC/E-175,MOT,4.1,sys,DC,,,MOT,E-175,74.83,678,906,78.58,5.00%,0.0038052690067013144,711.9,906,Cascaded,2027,711.9000000000001,906
D0,sys/DC/E-175,MSN,4.1,sys,DC,,,MSN,E-175,80.78,395,489,84.82,5.00%,0.0022169340083289368,414.75,489,Cascaded,2027,414.75,489
D0,sys/DC/E-175,MSO,4.1,sys,DC,,,MSO,E-175,82.26,459,558,86.37,5.00%,0.002576133442589828,481.95,558,Cascaded,2027,481.95000000000005,558
D0,sys/DC/E-175,MSP,4.1,sys,DC,,,MSP,E-175,69.43,8712,12548,72.9,5.00%,0.04889602298876379,9147.6,12548,Cascaded,2027,9147.6,12548
D0,sys/DC/E-175,MSY,4.1,sys,DC,,,MSY,E-175,71.02,370,521,74.57,5.00%,0.0020766217293207764,388.5,521,Cascaded,2027,388.5,521
D0,sys/DC/E-175,MVY,4.1,sys,DC,,,MVY,E-175,74.57,173,232,78.3,5.00%,0.0009709609707364711,181.65,232,Cascaded,2027,181.65,232
D0,sys/DC/E-175,MYR,4.1,sys,DC,,,MYR,E-175,86.36,38,44,90.68,5.00%,0.00021327466409240407,39.9,44,Cascaded,2027,39.900000000000006,44
D0,sys/DC/E-175,OAK,4.1,sys,DC,,,OAK,E-175,86.25,878,1018,90.56,5.00%,0.004927767238766599,921.9,1018,Cascaded,2027,921.9000000000001,1018
D0,sys/DC/E-175,OKC,4.1,sys,DC,,,OKC,E-175,86.66,1104,1274,90.99,5.00%,0.0061961902410003706,1159.2,1274,Cascaded,2027,1159.2,1274
D0,sys/DC/E-175,OMA,4.1,sys,DC,,,OMA,E-175,86.28,736,853,90.6,5.00%,0.004130793494000247,772.8,853,Cascaded,2027,772.8000000000001,853
D0,sys/DC/E-175,ONT,4.1,sys,DC,,,ONT,E-175,85.62,1185,1384,89.9,5.00%,0.00665080202498681,1244.25,1384,Cascaded,2027,1244.25,1384
D0,sys/DC/E-175,ORD,4.1,sys,DC,,,ORD,E-175,64.51,896,1389,67.73,5.00%,0.0050287920796524745,940.8,1389,Cascaded,2027,940.8000000000001,1389
D0,sys/DC/E-175,ORF,4.1,sys,DC,,,ORF,E-175,75.23,413,549,78.99,5.00%,0.0023179588492148124,433.65,549,Cascaded,2027,433.65000000000003,549
D0,sys/DC/E-175,PDX,4.1,sys,DC,,,PDX,E-175,79.71,1827,2292,83.7,5.00%,0.010254021349916374,1918.35,2292,Cascaded,2027,1918.3500000000001,2292
D0,sys/DC/E-175,PHL,4.1,sys,DC,,,PHL,E-175,70.85,615,868,74.4,5.00%,0.00345168206360075,645.75,868,Cascaded,2027,645.75,868
D0,sys/DC/E-175,PHX,4.1,sys,DC,,,PHX,E-175,77.77,1165,1498,81.66,5.00%,0.006538552201780282,1223.25,1498,Cascaded,2027,1223.25,1498
D0,sys/DC/E-175,PIH,4.1,sys,DC,,,PIH,E-175,90.75,304,335,95.28,5.00%,0.0017061973127392325,319.2,335,Cascaded,2027,319.20000000000005,335
D0,sys/DC/E-175,PIT,4.1,sys,DC,,,PIT,E-175,75.21,2333,3102,78.97,5.00%,0.013093941877041543,2449.65,3102,Cascaded,2027,2449.65,3102
D0,sys/DC/E-175,PNS,4.1,sys,DC,,,PNS,E-175,83.33,5,6,87.5,5.00%,2.806245580163211e-05,5.25,6,Cascaded,2027,5.25,6
D0,sys/DC/E-175,PSC,4.1,sys,DC,,,PSC,E-175,87.46,1793,2050,91.84,5.00%,0.010063196650465275,1882.65,2050,Cascaded,2027,1882.65,2050
D0,sys/DC/E-175,PSP,4.1,sys,DC,,,PSP,E-175,86.41,871,1008,90.73,5.00%,0.004888479800644314,914.55,1008,Cascaded,2027,914.5500000000001,1008
D0,sys/DC/E-175,PWM,4.1,sys,DC,,,PWM,E-175,72.86,459,630,76.5,5.00%,0.002576133442589828,481.95,630,Cascaded,2027,481.95000000000005,630
D0,sys/DC/E-175,RAP,4.1,sys,DC,,,RAP,E-175,82.21,134,163,86.32,5.00%,0.0007520738154837406,140.7,163,Cascaded,2027,140.70000000000002,163
D0,sys/DC/E-175,RDM,4.1,sys,DC,,,RDM,E-175,82.95,1460,1760,87.1,5.00%,0.008194237094076576,1533.0,1760,Cascaded,2027,1533.0,1760
D0,sys/DC/E-175,RDU,4.1,sys,DC,,,RDU,E-175,70.93,405,571,74.47,5.00%,0.0022730589199322013,425.25,571,Cascaded,2027,425.25,571
D0,sys/DC/E-175,RIC,4.1,sys,DC,,,RIC,E-175,69.69,853,1224,73.17,5.00%,0.0047874549597584385,895.65,1224,Cascaded,2027,895.6500000000001,1224
D0,sys/DC/E-175,RNO,4.1,sys,DC,,,RNO,E-175,82.13,1172,1427,86.24,5.00%,0.006577839639902567,1230.6,1427,Cascaded,2027,1230.6000000000001,1427
D0,sys/DC/E-175,ROC,4.1,sys,DC,,,ROC,E-175,56.03,172,307,58.83,5.00%,0.0009653484795761446,180.6,307,Cascaded,2027,180.60000000000002,307
D0,sys/DC/E-175,RST,4.1,sys,DC,,,RST,E-175,72.0,108,150,75.6,5.00%,0.0006061490453152537,113.4,150,Cascaded,2027,113.4,150
D0,sys/DC/E-175,SAN,4.1,sys,DC,,,SAN,E-175,77.6,1434,1848,81.48,5.00%,0.00804831232390809,1505.7,1848,Cascaded,2027,1505.7,1848
D0,sys/DC/E-175,SAT,4.1,sys,DC,,,SAT,E-175,100.0,1,1,105.0,5.00%,5.612491160326422e-06,1.05,1,Cascaded,2027,1.05,1
D0,sys/DC/E-175,SAV,4.1,sys,DC,,,SAV,E-175,66.2,703,1062,69.51,5.00%,0.003945581285709475,738.15,1062,Cascaded,2027,738.1500000000001,1062
D0,sys/DC/E-175,SBA,4.1,sys,DC,,,SBA,E-175,84.51,671,794,88.73,5.00%,0.0037659815685790296,704.55,794,Cascaded,2027,704.5500000000001,794
D0,sys/DC/E-175,SBN,4.1,sys,DC,,,SBN,E-175,77.78,63,81,81.67,5.00%,0.00035358694310056463,66.15,81,Cascaded,2027,66.15,81
D0,sys/DC/E-175,SDF,4.1,sys,DC,,,SDF,E-175,77.03,1529,1985,80.88,5.00%,0.0085814989841391,1605.45,1985,Cascaded,2027,1605.45,1985
D0,sys/DC/E-175,SEA,4.1,sys,DC,,,SEA,E-175,79.08,16262,20563,83.04,5.00%,0.09127033124922829,17075.1,20563,Cascaded,2027,17075.100000000002,20563
D0,sys/DC/E-175,SFO,4.1,sys,DC,,,SFO,E-175,65.14,553,849,68.39,5.00%,0.0031037076116605116,580.65,849,Cascaded,2027,580.6500000000001,849
D0,sys/DC/E-175,SJC,4.1,sys,DC,,,SJC,E-175,86.87,3580,4121,91.22,5.00%,0.020092718353968593,3759.0,4121,Cascaded,2027,3759.0,4121
D0,sys/DC/E-175,SJD,4.1,sys,DC,,,SJD,E-175,60.36,67,111,63.38,5.00%,0.0003760369077418703,70.35,111,Cascaded,2027,70.35000000000001,111
D0,sys/DC/E-175,SLC,4.1,sys,DC,,,SLC,E-175,82.44,20012,24275,86.56,5.00%,0.11231717310045236,21012.6,24275,Cascaded,2027,21012.600000000002,24275
D0,sys/DC/E-175,SMF,4.1,sys,DC,,,SMF,E-175,83.95,3305,3937,88.14,5.00%,0.018549283284878825,3470.25,3937,Cascaded,2027,3470.25,3937
D0,sys/DC/E-175,SNA,4.1,sys,DC,,,SNA,E-175,76.03,885,1164,79.83,5.00%,0.004967054676888884,929.25,1164,Cascaded,2027,929.25,1164
D0,sys/DC/E-175,SRQ,4.1,sys,DC,,,SRQ,E-175,46.45,72,155,48.77,5.00%,0.0004040993635435024,75.6,155,Cascaded,2027,75.60000000000001,155
D0,sys/DC/E-175,STL,4.1,sys,DC,,,STL,E-175,70.31,206,293,73.82,5.00%,0.001156173179027243,216.3,293,Cascaded,2027,216.3,293
D0,sys/DC/E-175,SUN,4.1,sys,DC,,,SUN,E-175,92.53,520,562,97.15,5.00%,0.0029184954033697396,546.0,562,Cascaded,2027,546.0,562
D0,sys/DC/E-175,SYR,4.1,sys,DC,,,SYR,E-175,74.07,140,189,77.78,5.00%,0.0007857487624456992,147.0,189,Cascaded,2027,147.0,189
D0,sys/DC/E-175,TUL,4.1,sys,DC,,,TUL,E-175,85.68,347,405,89.96,5.00%,0.0019475344326332685,364.35,405,Cascaded,2027,364.35,405
D0,sys/DC/E-175,TUS,4.1,sys,DC,,,TUS,E-175,87.24,1217,1395,91.6,5.00%,0.006830401742117256,1277.85,1395,Cascaded,2027,1277.8500000000001,1395
D0,sys/DC/E-175,TVC,4.1,sys,DC,,,TVC,E-175,68.63,70,102,72.06,5.00%,0.0003928743812228496,73.5,102,Cascaded,2027,73.5,102
D0,sys/DC/E-175,TWF,4.1,sys,DC,,,TWF,E-175,94.83,459,484,99.58,5.00%,0.002576133442589828,481.95,484,Cascaded,2027,481.95000000000005,484
D0,sys/DC/E-175,XNA,4.1,sys,DC,,,XNA,E-175,74.42,256,344,78.14,5.00%,0.001436797737043564,268.8,344,Cascaded,2027,268.8,344
D0,sys/DC/E-175,YVR,4.1,sys,DC,,,YVR,E-175,85.31,2300,2696,89.58,5.00%,0.012908729668750773,2415.0,2696,Cascaded,2027,2415.0,2696
D0,sys/DC/E-175,YWG,4.1,sys,DC,,,YWG,E-175,84.15,1019,1211,88.35,5.00%,0.005719128492372625,1069.95,1211,Cascaded,2027,1069.95,1211
D0,sys/DC/E-175,YYC,4.1,sys,DC,,,YYC,E-175,84.91,591,696,89.16,5.00%,0.0033169822757529157,620.55,696,Cascaded,2027,620.5500000000001,696
D0,sys/DC/E-175,YYZ,4.1,sys,DC,,,YYZ,E-175,79.55,350,440,83.52,5.00%,0.0019643719061142478,367.5,440,Cascaded,2027,367.5,440
D0,sys/DC/E170/75,ABQ,4.1,sys,DC,,,ABQ,E170/75,86.72,222,256,91.05,5.00%,0.02073603586773772,233.1,256,Cascaded,2027,233.1,256
D0,sys/DC/E170/75,ASE,4.1,sys,DC,,,ASE,E170/75,56.36,248,440,59.18,5.00%,0.023164580609004295,260.4,440,Cascaded,2027,260.4,440
D0,sys/DC/E170/75,ATL,4.1,sys,DC,,,ATL,E170/75,63.11,1675,2654,66.27,5.00%,0.1564543246777508,1758.75,2654,Cascaded,2027,1758.75,2654
D0,sys/DC/E170/75,BIL,4.1,sys,DC,,,BIL,E170/75,90.0,54,60,94.5,5.00%,0.005043900616476742,56.7,60,Cascaded,2027,56.699999999999996,60
D0,sys/DC/E170/75,BOI,4.1,sys,DC,,,BOI,E170/75,90.72,88,97,95.26,5.00%,0.008219689893517654,92.4,97,Cascaded,2027,92.39999999999999,97
D0,sys/DC/E170/75,BUR,4.1,sys,DC,,,BUR,E170/75,89.31,142,159,93.77,5.00%,0.013263590509994396,149.1,159,Cascaded,2027,149.1,159
D0,sys/DC/E170/75,BZN,4.1,sys,DC,,,BZN,E170/75,91.55,65,71,96.13,5.00%,0.006071361853166449,68.25,71,Cascaded,2027,68.25,71
D0,sys/DC/E170/75,COS,4.1,sys,DC,,,COS,E170/75,89.19,33,37,93.65,5.00%,0.00308238371006912,34.65,37,Cascaded,2027,34.65,37
D0,sys/DC/E170/75,CRW,4.1,sys,DC,,,CRW,E170/75,48.98,24,49,51.43,5.00%,0.0022417336073229962,25.2,49,Cascaded,2027,25.2,49
D0,sys/DC/E170/75,DEN,4.1,sys,DC,,,DEN,E170/75,71.05,27,38,74.61,5.00%,0.002521950308238371,28.35,38,Cascaded,2027,28.349999999999998,38
D0,sys/DC/E170/75,DLH,4.1,sys,DC,,,DLH,E170/75,100.0,1,1,105.0,5.00%,9.340556697179151e-05,1.05,1,Cascaded,2027,1.0499999999999998,1
D0,sys/DC/E170/75,EGE,4.1,sys,DC,,,EGE,E170/75,58.18,64,110,61.09,5.00%,0.005977956286194657,67.2,110,Cascaded,2027,67.19999999999999,110
D0,sys/DC/E170/75,ELH,4.1,sys,DC,,,ELH,E170/75,38.46,5,13,40.38,5.00%,0.0004670278348589576,5.25,13,Cascaded,2027,5.25,13
D0,sys/DC/E170/75,EUG,4.1,sys,DC,,,EUG,E170/75,100.0,2,2,105.0,5.00%,0.00018681113394358303,2.1,2,Cascaded,2027,2.0999999999999996,2
D0,sys/DC/E170/75,FAR,4.1,sys,DC,,,FAR,E170/75,76.83,126,164,80.67,5.00%,0.011769101438445732,132.3,164,Cascaded,2027,132.29999999999998,164
D0,sys/DC/E170/75,FAT,4.1,sys,DC,,,FAT,E170/75,89.74,105,117,94.23,5.00%,0.00980758453203811,110.25,117,Cascaded,2027,110.25,117
D0,sys/DC/E170/75,FAY,4.1,sys,DC,,,FAY,E170/75,37.5,6,16,39.38,5.00%,0.0005604334018307491,6.3,16,Cascaded,2027,6.3,16
D0,sys/DC/E170/75,FCA,4.1,sys,DC,,,FCA,E170/75,100.0,4,4,105.0,5.00%,0.00037362226788716606,4.2,4,Cascaded,2027,4.199999999999999,4
D0,sys/DC/E170/75,FSD,4.1,sys,DC,,,FSD,E170/75,100.0,1,1,105.0,5.00%,9.340556697179151e-05,1.05,1,Cascaded,2027,1.0499999999999998,1
D0,sys/DC/E170/75,FWA,4.1,sys,DC,,,FWA,E170/75,67.82,59,87,71.21,5.00%,0.0055109284513357,61.95,87,Cascaded,2027,61.949999999999996,87
D0,sys/DC/E170/75,GEG,4.1,sys,DC,,,GEG,E170/75,85.71,18,21,90.0,5.00%,0.0016813002054922473,18.9,21,Cascaded,2027,18.9,21
D0,sys/DC/E170/75,GRB,4.1,sys,DC,,,GRB,E170/75,100.0,2,2,105.0,5.00%,0.00018681113394358303,2.1,2,Cascaded,2027,2.0999999999999996,2
D0,sys/DC/E170/75,GTF,4.1,sys,DC,,,GTF,E170/75,90.2,138,153,94.71,5.00%,0.01288996824210723,144.9,153,Cascaded,2027,144.89999999999998,153
D0,sys/DC/E170/75,HLN,4.1,sys,DC,,,HLN,E170/75,94.12,80,85,98.82,5.00%,0.007472445357743321,84.0,85,Cascaded,2027,84.0,85
D0,sys/DC/E170/75,HSV,4.1,sys,DC,,,HSV,E170/75,71.43,5,7,75.0,5.00%,0.0004670278348589576,5.25,7,Cascaded,2027,5.25,7
D0,sys/DC/E170/75,IAD,4.1,sys,DC,,,IAD,E170/75,100.0,1,1,105.0,5.00%,9.340556697179151e-05,1.05,1,Cascaded,2027,1.0499999999999998,1
D0,sys/DC/E170/75,IDA,4.1,sys,DC,,,IDA,E170/75,92.31,36,39,96.92,5.00%,0.0033626004109844946,37.8,39,Cascaded,2027,37.8,39
D0,sys/DC/E170/75,JAC,4.1,sys,DC,,,JAC,E170/75,72.85,220,302,76.49,5.00%,0.020549224733794134,231.0,302,Cascaded,2027,231.0,302
D0,sys/DC/E170/75,LAS,4.1,sys,DC,,,LAS,E170/75,71.31,87,122,74.88,5.00%,0.008126284326545863,91.35,122,Cascaded,2027,91.35,122
D0,sys/DC/E170/75,LAX,4.1,sys,DC,,,LAX,E170/75,75.66,1122,1483,79.44,5.00%,0.10480104614235008,1178.1,1483,Cascaded,2027,1178.1,1483
D0,sys/DC/E170/75,LGB,4.1,sys,DC,,,LGB,E170/75,95.12,39,41,99.88,5.00%,0.003642817111899869,40.95,41,Cascaded,2027,40.949999999999996,41
D0,sys/DC/E170/75,LIT,4.1,sys,DC,,,LIT,E170/75,89.74,35,39,94.23,5.00%,0.003269194844012703,36.75,39,Cascaded,2027,36.75,39
D0,sys/DC/E170/75,LWS,4.1,sys,DC,,,LWS,E170/75,80.61,79,98,84.64,5.00%,0.00737903979077153,82.95,98,Cascaded,2027,82.94999999999999,98
D0,sys/DC/E170/75,MDW,4.1,sys,DC,,,MDW,E170/75,50.0,16,32,52.5,5.00%,0.0014944890715486642,16.8,32,Cascaded,2027,16.799999999999997,32
D0,sys/DC/E170/75,MFR,4.1,sys,DC,,,MFR,E170/75,50.0,1,2,52.5,5.00%,9.340556697179151e-05,1.05,2,Cascaded,2027,1.0499999999999998,2
D0,sys/DC/E170/75,MHH,4.1,sys,DC,,,MHH,E170/75,50.0,7,14,52.5,5.00%,0.0006538389688025406,7.35,14,Cascaded,2027,7.35,14
D0,sys/DC/E170/75,MOB,4.1,sys,DC,,,MOB,E170/75,62.94,90,143,66.08,5.00%,0.008406501027461237,94.5,143,Cascaded,2027,94.5,143
D0,sys/DC/E170/75,MOT,4.1,sys,DC,,,MOT,E170/75,81.82,9,11,85.91,5.00%,0.0008406501027461236,9.45,11,Cascaded,2027,9.45,11
D0,sys/DC/E170/75,MSO,4.1,sys,DC,,,MSO,E170/75,82.61,19,23,86.74,5.00%,0.0017747057724640388,19.95,23,Cascaded,2027,19.95,23
D0,sys/DC/E170/75,MSP,4.1,sys,DC,,,MSP,E170/75,63.98,151,236,67.18,5.00%,0.014104240612740519,158.55,236,Cascaded,2027,158.54999999999998,236
D0,sys/DC/E170/75,OAJ,4.1,sys,DC,,,OAJ,E170/75,69.41,295,425,72.88,5.00%,0.0275546422566785,309.75,425,Cascaded,2027,309.75,425
D0,sys/DC/E170/75,OAK,4.1,sys,DC,,,OAK,E170/75,93.18,41,44,97.84,5.00%,0.0038296282458434522,43.05,44,Cascaded,2027,43.05,44
D0,sys/DC/E170/75,OKC,4.1,sys,DC,,,OKC,E170/75,100.0,4,4,105.0,5.00%,0.00037362226788716606,4.2,4,Cascaded,2027,4.199999999999999,4
D0,sys/DC/E170/75,OMA,4.1,sys,DC,,,OMA,E170/75,100.0,2,2,105.0,5.00%,0.00018681113394358303,2.1,2,Cascaded,2027,2.0999999999999996,2
D0,sys/DC/E170/75,ONT,4.1,sys,DC,,,ONT,E170/75,100.0,21,21,105.0,5.00%,0.001961516906407622,22.05,21,Cascaded,2027,22.049999999999997,21
D0,sys/DC/E170/75,PHX,4.1,sys,DC,,,PHX,E170/75,63.41,52,82,66.59,5.00%,0.004857089482533159,54.6,82,Cascaded,2027,54.599999999999994,82
D0,sys/DC/E170/75,PIH,4.1,sys,DC,,,PIH,E170/75,94.87,37,39,99.62,5.00%,0.003456005977956286,38.85,39,Cascaded,2027,38.849999999999994,39
D0,sys/DC/E170/75,PSC,4.1,sys,DC,,,PSC,E170/75,100.0,1,1,105.0,5.00%,9.340556697179151e-05,1.05,1,Cascaded,2027,1.0499999999999998,1
D0,sys/DC/E170/75,PSP,4.1,sys,DC,,,PSP,E170/75,87.18,68,78,91.54,5.00%,0.006351578554081823,71.4,78,Cascaded,2027,71.39999999999999,78
D0,sys/DC/E170/75,RAP,4.1,sys,DC,,,RAP,E170/75,83.33,15,18,87.5,5.00%,0.0014010835045768727,15.75,18,Cascaded,2027,15.749999999999998,18
D0,sys/DC/E170/75,RDM,4.1,sys,DC,,,RDM,E170/75,100.0,1,1,105.0,5.00%,9.340556697179151e-05,1.05,1,Cascaded,2027,1.0499999999999998,1
D0,sys/DC/E170/75,RNO,4.1,sys,DC,,,RNO,E170/75,89.29,175,196,93.75,5.00%,0.016345974220063515,183.75,196,Cascaded,2027,183.75,196
D0,sys/DC/E170/75,ROA,4.1,sys,DC,,,ROA,E170/75,48.44,31,64,50.86,5.00%,0.002895572576125537,32.55,64,Cascaded,2027,32.55,64
D0,sys/DC/E170/75,RST,4.1,sys,DC,,,RST,E170/75,72.73,16,22,76.36,5.00%,0.0014944890715486642,16.8,22,Cascaded,2027,16.799999999999997,22
D0,sys/DC/E170/75,SAN,4.1,sys,DC,,,SAN,E170/75,73.79,107,145,77.48,5.00%,0.009994395665981693,112.35,145,Cascaded,2027,112.35,145
D0,sys/DC/E170/75,SBA,4.1,sys,DC,,,SBA,E170/75,93.33,84,90,98.0,5.00%,0.007846067625630488,88.2,90,Cascaded,2027,88.19999999999999,90
D0,sys/DC/E170/75,SBN,4.1,sys,DC,,,SBN,E170/75,55.56,185,333,58.33,5.00%,0.01728002988978143,194.25,333,Cascaded,2027,194.25,333
D0,sys/DC/E170/75,SEA,4.1,sys,DC,,,SEA,E170/75,100.0,1,1,105.0,5.00%,9.340556697179151e-05,1.05,1,Cascaded,2027,1.0499999999999998,1
D0,sys/DC/E170/75,SFO,4.1,sys,DC,,,SFO,E170/75,100.0,2,2,105.0,5.00%,0.00018681113394358303,2.1,2,Cascaded,2027,2.0999999999999996,2
D0,sys/DC/E170/75,SHV,4.1,sys,DC,,,SHV,E170/75,69.87,422,604,73.36,5.00%,0.039417149262096024,443.1,604,Cascaded,2027,443.09999999999997,604
D0,sys/DC/E170/75,SJC,4.1,sys,DC,,,SJC,E170/75,80.79,164,203,84.83,5.00%,0.015318512983373809,172.2,203,Cascaded,2027,172.2,203
D0,sys/DC/E170/75,SLC,4.1,sys,DC,,,SLC,E170/75,83.89,2219,2645,88.09,5.00%,0.20726695311040538,2329.95,2645,Cascaded,2027,2329.95,2645
D0,sys/DC/E170/75,SMF,4.1,sys,DC,,,SMF,E170/75,83.33,120,144,87.5,5.00%,0.011208668036614982,126.0,144,Cascaded,2027,125.99999999999999,144
D0,sys/DC/E170/75,SNA,4.1,sys,DC,,,SNA,E170/75,75.95,60,79,79.75,5.00%,0.005604334018307491,63.0,79,Cascaded,2027,62.99999999999999,79
D0,sys/DC/E170/75,SUN,4.1,sys,DC,,,SUN,E170/75,90.31,503,557,94.82,5.00%,0.04698300018681113,528.15,557,Cascaded,2027,528.15,557
D0,sys/DC/E170/75,TRI,4.1,sys,DC,,,TRI,E170/75,55.88,19,34,58.68,5.00%,0.0017747057724640388,19.95,34,Cascaded,2027,19.95,34
D0,sys/DC/E170/75,TUL,4.1,sys,DC,,,TUL,E170/75,92.73,51,55,97.36,5.00%,0.0047636839155613675,53.55,55,Cascaded,2027,53.55,55
D0,sys/DC/E170/75,TUS,4.1,sys,DC,,,TUS,E170/75,85.34,419,491,89.6,5.00%,0.03913693256118064,439.95,491,Cascaded,2027,439.95,491
D0,sys/DC/E170/75,TWF,4.1,sys,DC,,,TWF,E170/75,89.66,52,58,94.14,5.00%,0.004857089482533159,54.6,58,Cascaded,2027,54.599999999999994,58
D0,sys/DC/E170/75,XNA,4.1,sys,DC,,,XNA,E170/75,72.93,415,569,76.58,5.00%,0.03876331029329348,435.75,569,Cascaded,2027,435.75,569
D0,sys/DC/E170/75,YYC,4.1,sys,DC,,,YYC,E170/75,78.26,18,23,82.17,5.00%,0.0016813002054922473,18.9,23,Cascaded,2027,18.9,23
D0,sys/DL/220,ANC,4.1,sys,DL,,,ANC,220,75.28,612,813,79.04,5.00%,0.009727564612010046,642.6,813,Cascaded,2027,642.6,813
D0,sys/DL/220,ATL,4.1,sys,DL,,,ATL,220,60.6,872,1439,63.63,5.00%,0.013860190100772484,915.6,1439,Cascaded,2027,915.5999999999999,1439
D0,sys/DL/220,AUS,4.1,sys,DL,,,AUS,220,63.96,1805,2822,67.16,5.00%,0.028689957720062307,1895.25,2822,Cascaded,2027,1895.25,2822
D0,sys/DL/220,BDL,4.1,sys,DL,,,BDL,220,84.21,16,19,88.42,5.00%,0.0002543154146930731,16.8,19,Cascaded,2027,16.8,19
D0,sys/DL/220,BIS,4.1,sys,DL,,,BIS,220,75.0,18,24,78.75,5.00%,0.0002861048415297072,18.9,24,Cascaded,2027,18.9,24
D0,sys/DL/220,BNA,4.1,sys,DL,,,BNA,220,60.74,687,1131,63.78,5.00%,0.010919668118383826,721.35,1131,Cascaded,2027,721.3499999999999,1131
D0,sys/DL/220,BOI,4.1,sys,DL,,,BOI,220,76.5,511,668,80.32,5.00%,0.008122198556760022,536.55,668,Cascaded,2027,536.55,668
D0,sys/DL/220,BOS,4.1,sys,DL,,,BOS,220,66.32,3846,5799,69.64,5.00%,0.06113106780684744,4038.3,5799,Cascaded,2027,4038.2999999999997,5799
D0,sys/DL/220,BUR,4.1,sys,DL,,,BUR,220,68.2,504,739,71.61,5.00%,0.008010935562831802,529.2,739,Cascaded,2027,529.1999999999999,739
D0,sys/DL/220,BWI,4.1,sys,DL,,,BWI,220,72.57,246,339,76.19,5.00%,0.003910099500905998,258.3,339,Cascaded,2027,258.3,339
D0,sys/DL/220,BZN,4.1,sys,DL,,,BZN,220,67.47,112,166,70.84,5.00%,0.0017802079028515117,117.6,166,Cascaded,2027,117.6,166
D0,sys/DL/220,CHS,4.1,sys,DL,,,CHS,220,57.43,398,693,60.3,5.00%,0.006326095940490193,417.9,693,Cascaded,2027,417.9,693
D0,sys/DL/220,CLE,4.1,sys,DL,,,CLE,220,70.07,377,538,73.58,5.00%,0.005992306958705534,395.85,538,Cascaded,2027,395.84999999999997,538
D0,sys/DL/220,CLT,4.1,sys,DL,,,CLT,220,64.1,75,117,67.31,5.00%,0.00119210350637378,78.75,117,Cascaded,2027,78.75,117
D0,sys/DL/220,CMH,4.1,sys,DL,,,CMH,220,75.0,264,352,78.75,5.00%,0.004196204342435706,277.2,352,Cascaded,2027,277.2,352
D0,sys/DL/220,CVG,4.1,sys,DL,,,CVG,220,71.89,179,249,75.48,5.00%,0.002845153701878755,187.95,249,Cascaded,2027,187.95,249
D0,sys/DL/220,DCA,4.1,sys,DL,,,DCA,220,57.22,321,561,60.08,5.00%,0.005102203007279779,337.05,561,Cascaded,2027,337.05,561
D0,sys/DL/220,DEN,4.1,sys,DL,,,DEN,220,68.21,1131,1658,71.63,5.00%,0.017976920876116603,1187.55,1658,Cascaded,2027,1187.55,1658
D0,sys/DL/220,DFW,4.1,sys,DL,,,DFW,220,67.53,3296,4881,70.9,5.00%,0.05238897542677306,3460.8,4881,Cascaded,2027,3460.7999999999997,4881
D0,sys/DL/220,DJT,4.1,sys,DL,,,DJT,220,50.0,30,60,52.5,5.00%,0.00047684140254951205,31.5,60,Cascaded,2027,31.5,60
D0,sys/DL/220,DTW,4.1,sys,DL,,,DTW,220,40.0,4,10,42.0,5.00%,6.357885367326827e-05,4.2,10,Cascaded,2027,4.2,10
D0,sys/DL/220,EWR,4.1,sys,DL,,,EWR,220,68.86,188,273,72.31,5.00%,0.0029882061226436086,197.4,273,Cascaded,2027,197.39999999999998,273
D0,sys/DL/220,EYW,4.1,sys,DL,,,EYW,220,28.57,4,14,30.0,5.00%,6.357885367326827e-05,4.2,14,Cascaded,2027,4.2,14
D0,sys/DL/220,FAI,4.1,sys,DL,,,FAI,220,63.6,304,478,66.78,5.00%,0.0048319928791683885,319.2,478,Cascaded,2027,319.2,478
D0,sys/DL/220,FCA,4.1,sys,DL,,,FCA,220,71.23,156,219,74.79,5.00%,0.0024795752932574625,163.8,219,Cascaded,2027,163.79999999999998,219
D0,sys/DL/220,FLL,4.1,sys,DL,,,FLL,220,100.0,2,2,105.0,5.00%,3.1789426836634136e-05,2.1,2,Cascaded,2027,2.1,2
D0,sys/DL/220,GEG,4.1,sys,DL,,,GEG,220,77.47,650,839,81.35,5.00%,0.010331563721906094,682.5,839,Cascaded,2027,682.5,839
D0,sys/DL/220,IAD,4.1,sys,DL,,,IAD,220,65.77,782,1189,69.06,5.00%,0.012429665893123948,821.1,1189,Cascaded,2027,821.0999999999999,1189
D0,sys/DL/220,IAH,4.1,sys,DL,,,IAH,220,62.98,2040,3239,66.13,5.00%,0.03242521537336682,2142.0,3239,Cascaded,2027,2142.0,3239
D0,sys/DL/220,IDA,4.1,sys,DL,,,IDA,220,75.08,235,313,78.83,5.00%,0.003735257653304511,246.75,313,Cascaded,2027,246.75,313
D0,sys/DL/220,IND,4.1,sys,DL,,,IND,220,79.31,92,116,83.28,5.00%,0.0014623136344851702,96.6,116,Cascaded,2027,96.6,116
D0,sys/DL/220,JAX,4.1,sys,DL,,,JAX,220,60.0,237,395,63.0,5.00%,0.003767047080141145,248.85,395,Cascaded,2027,248.85,395
D0,sys/DL/220,JFK,4.1,sys,DL,,,JFK,220,65.53,1397,2132,68.8,5.00%,0.022204914645388943,1466.85,2132,Cascaded,2027,1466.85,2132
D0,sys/DL/220,LAS,4.1,sys,DL,,,LAS,220,77.19,44,57,81.05,5.00%,0.000699367390405951,46.2,57,Cascaded,2027,46.199999999999996,57
D0,sys/DL/220,LGA,4.1,sys,DL,,,LGA,220,67.18,6275,9340,70.54,5.00%,0.0997393266999396,6588.75,9340,Cascaded,2027,6588.75,9340
D0,sys/DL/220,LGB,4.1,sys,DL,,,LGB,220,76.85,166,216,80.69,5.00%,0.002638522427440633,174.3,216,Cascaded,2027,174.29999999999998,216
D0,sys/DL/220,MCI,4.1,sys,DL,,,MCI,220,69.66,1274,1829,73.14,5.00%,0.020249864894935944,1337.7,1829,Cascaded,2027,1337.7,1829
D0,sys/DL/220,MIA,4.1,sys,DL,,,MIA,220,66.67,2,3,70.0,5.00%,3.1789426836634136e-05,2.1,3,Cascaded,2027,2.1,3
D0,sys/DL/220,MKE,4.1,sys,DL,,,MKE,220,76.55,493,644,80.38,5.00%,0.007836093715230315,517.65,644,Cascaded,2027,517.65,644
D0,sys/DL/220,MSN,4.1,sys,DL,,,MSN,220,86.96,40,46,91.3,5.00%,0.0006357885367326827,42.0,46,Cascaded,2027,42.0,46
D0,sys/DL/220,MSO,4.1,sys,DL,,,MSO,220,77.89,303,389,81.79,5.00%,0.004816098165750071,318.15,389,Cascaded,2027,318.15,389
D0,sys/DL/220,MSP,4.1,sys,DL,,,MSP,220,65.3,6060,9280,68.57,5.00%,0.09632196331500142,6363.0,9280,Cascaded,2027,6363.0,9280
D0,sys/DL/220,MSY,4.1,sys,DL,,,MSY,220,66.47,230,346,69.8,5.00%,0.0036557840862129257,241.5,346,Cascaded,2027,241.5,346
D0,sys/DL/220,MYR,4.1,sys,DL,,,MYR,220,67.59,73,108,70.97,5.00%,0.001160314079537146,76.65,108,Cascaded,2027,76.64999999999999,108
D0,sys/DL/220,NAS,4.1,sys,DL,,,NAS,220,70.2,106,151,73.71,5.00%,0.0016848396223416093,111.3,151,Cascaded,2027,111.3,151
D0,sys/DL/220,OAK,4.1,sys,DL,,,OAK,220,85.71,6,7,90.0,5.00%,9.53682805099024e-05,6.3,7,Cascaded,2027,6.3,7
D0,sys/DL/220,OMA,4.1,sys,DL,,,OMA,220,100.0,3,3,105.0,5.00%,4.76841402549512e-05,3.15,3,Cascaded,2027,3.15,3
D0,sys/DL/220,ONT,4.1,sys,DL,,,ONT,220,81.67,401,491,85.75,5.00%,0.006373780080745144,421.05,491,Cascaded,2027,421.04999999999995,491
D0,sys/DL/220,ORD,4.1,sys,DL,,,ORD,220,57.84,2416,4177,60.73,5.00%,0.03840162761865404,2536.8,4177,Cascaded,2027,2536.7999999999997,4177
D0,sys/DL/220,PDX,4.1,sys,DL,,,PDX,220,79.37,377,475,83.34,5.00%,0.005992306958705534,395.85,475,Cascaded,2027,395.84999999999997,475
D0,sys/DL/220,PHL,4.1,sys,DL,,,PHL,220,65.45,197,301,68.72,5.00%,0.0031312585434084624,206.85,301,Cascaded,2027,206.85,301
D0,sys/DL/220,PHX,4.1,sys,DL,,,PHX,220,64.2,217,338,67.41,5.00%,0.0034491528117748037,227.85,338,Cascaded,2027,227.85,338
D0,sys/DL/220,PIT,4.1,sys,DL,,,PIT,220,57.96,222,383,60.86,5.00%,0.003528626378866389,233.1,383,Cascaded,2027,233.1,383
D0,sys/DL/220,PSC,4.1,sys,DL,,,PSC,220,78.72,37,47,82.66,5.00%,0.0005881043964777315,38.85,47,Cascaded,2027,38.85,47
D0,sys/DL/220,RDU,4.1,sys,DL,,,RDU,220,66.35,1108,1670,69.66,5.00%,0.017611342467495312,1163.4,1670,Cascaded,2027,1163.3999999999999,1670
D0,sys/DL/220,RSW,4.1,sys,DL,,,RSW,220,62.39,146,234,65.51,5.00%,0.002320628159074292,153.3,234,Cascaded,2027,153.29999999999998,234
D0,sys/DL/220,SAN,4.1,sys,DL,,,SAN,220,63.84,346,542,67.03,5.00%,0.005499570842737706,363.3,542,Cascaded,2027,363.29999999999995,542
D0,sys/DL/220,SAT,4.1,sys,DL,,,SAT,220,68.42,1317,1925,71.84,5.00%,0.020933337571923578,1382.85,1925,Cascaded,2027,1382.85,1925
D0,sys/DL/220,SAV,4.1,sys,DL,,,SAV,220,62.96,51,81,66.11,5.00%,0.0008106303843341704,53.55,81,Cascaded,2027,53.55,81
D0,sys/DL/220,SBA,4.1,sys,DL,,,SBA,220,67.29,253,376,70.65,5.00%,0.004021362494834218,265.65,376,Cascaded,2027,265.65,376
D0,sys/DL/220,SEA,4.1,sys,DL,,,SEA,220,62.89,4804,7639,66.03,5.00%,0.07635820326159519,5044.2,7639,Cascaded,2027,5044.2,7639
D0,sys/DL/220,SFO,4.1,sys,DL,,,SFO,220,52.65,706,1341,55.28,5.00%,0.01122166767333185,741.3,1341,Cascaded,2027,741.3,1341
D0,sys/DL/220,SJC,4.1,sys,DL,,,SJC,220,79.09,908,1148,83.05,5.00%,0.014432399783831897,953.4,1148,Cascaded,2027,953.4,1148
D0,sys/DL/220,SLC,4.1,sys,DL,,,SLC,220,67.44,8815,13070,70.82,5.00%,0.14011189878246494,9255.75,13070,Cascaded,2027,9255.75,13070
D0,sys/DL/220,SMF,4.1,sys,DL,,,SMF,220,77.36,475,614,81.23,5.00%,0.007549988873700607,498.75,614,Cascaded,2027,498.75,614
D0,sys/DL/220,SNA,4.1,sys,DL,,,SNA,220,67.56,2066,3058,70.94,5.00%,0.032838477922243064,2169.3,3058,Cascaded,2027,2169.2999999999997,3058
D0,sys/DL/220,SRQ,4.1,sys,DL,,,SRQ,220,66.31,435,656,69.63,5.00%,0.006914200336967925,456.75,656,Cascaded,2027,456.75,656
D0,sys/DL/220,STL,4.1,sys,DL,,,STL,220,78.59,602,766,82.52,5.00%,0.009568617477826875,632.1,766,Cascaded,2027,632.1,766
D0,sys/DL/220,SYR,4.1,sys,DL,,,SYR,220,60.0,6,10,63.0,5.00%,9.53682805099024e-05,6.3,10,Cascaded,2027,6.3,10
D0,sys/DL/220,TPA,4.1,sys,DL,,,TPA,220,70.04,166,237,73.54,5.00%,0.002638522427440633,174.3,237,Cascaded,2027,174.29999999999998,237
D0,sys/DL/220,TUS,4.1,sys,DL,,,TUS,220,72.79,99,136,76.43,5.00%,0.0015735766284133896,103.95,136,Cascaded,2027,103.94999999999999,136
D0,sys/DL/220,TVC,4.1,sys,DL,,,TVC,220,48.48,16,33,50.91,5.00%,0.0002543154146930731,16.8,33,Cascaded,2027,16.8,33
D0,sys/DL/220,YVR,4.1,sys,DL,,,YVR,220,71.83,102,142,75.42,5.00%,0.0016212607686683408,107.1,142,Cascaded,2027,107.1,142
D0,sys/DL/220,YYZ,4.1,sys,DL,,,YYZ,220,60.38,160,265,63.4,5.00%,0.0025431541469307308,168.0,265,Cascaded,2027,168.0,265
D0,sys/DL/319,ABQ,4.1,sys,DL,,,ABQ,319,100.0,23,23,105.0,5.00%,0.0004201143441649771,24.15,23,Cascaded,2027,24.15,23
D0,sys/DL/319,ALB,4.1,sys,DL,,,ALB,319,75.91,208,274,79.71,5.00%,0.003799294938535445,218.4,274,Cascaded,2027,218.4,274
D0,sys/DL/319,ATL,4.1,sys,DL,,,ATL,319,69.17,5397,7803,72.62,5.00%,0.0985807441503644,5666.85,7803,Cascaded,2027,5666.849999999999,7803
D0,sys/DL/319,ATW,4.1,sys,DL,,,ATW,319,100.0,1,1,105.0,5.00%,1.8265841050651177e-05,1.05,1,Cascaded,2027,1.05,1
D0,sys/DL/319,AUS,4.1,sys,DL,,,AUS,319,76.16,1281,1682,79.97,5.00%,0.02339854238588416,1345.05,1682,Cascaded,2027,1345.05,1682
D0,sys/DL/319,BDA,4.1,sys,DL,,,BDA,319,76.82,275,358,80.66,5.00%,0.005023106288929074,288.75,358,Cascaded,2027,288.75,358
D0,sys/DL/319,BDL,4.1,sys,DL,,,BDL,319,79.57,222,279,83.55,5.00%,0.004055016713244561,233.1,279,Cascaded,2027,233.1,279
D0,sys/DL/319,BHM,4.1,sys,DL,,,BHM,319,50.0,2,4,52.5,5.00%,3.6531682101302354e-05,2.1,4,Cascaded,2027,2.1,4
D0,sys/DL/319,BIL,4.1,sys,DL,,,BIL,319,96.15,50,52,100.96,5.00%,0.0009132920525325588,52.5,52,Cascaded,2027,52.5,52
D0,sys/DL/319,BIS,4.1,sys,DL,,,BIS,319,60.8,76,125,63.84,5.00%,0.0013882039198494895,79.8,125,Cascaded,2027,79.8,125
D0,sys/DL/319,BNA,4.1,sys,DL,,,BNA,319,77.78,427,549,81.67,5.00%,0.007799514128628053,448.35,549,Cascaded,2027,448.34999999999997,549
D0,sys/DL/319,BOI,4.1,sys,DL,,,BOI,319,84.97,147,173,89.22,5.00%,0.002685078634445723,154.35,173,Cascaded,2027,154.35,173
D0,sys/DL/319,BOS,4.1,sys,DL,,,BOS,319,71.18,684,961,74.73,5.00%,0.012493835278645405,718.2,961,Cascaded,2027,718.1999999999999,961
D0,sys/DL/319,BTV,4.1,sys,DL,,,BTV,319,66.67,8,12,70.0,5.00%,0.00014612672840520942,8.4,12,Cascaded,2027,8.4,12
D0,sys/DL/319,BUF,4.1,sys,DL,,,BUF,319,77.11,192,249,80.96,5.00%,0.003507041481725026,201.6,249,Cascaded,2027,201.6,249
D0,sys/DL/319,BUR,4.1,sys,DL,,,BUR,319,100.0,1,1,105.0,5.00%,1.8265841050651177e-05,1.05,1,Cascaded,2027,1.05,1
D0,sys/DL/319,BWI,4.1,sys,DL,,,BWI,319,73.86,195,264,77.56,5.00%,0.0035618390048769797,204.75,264,Cascaded,2027,204.75,264
D0,sys/DL/319,BZN,4.1,sys,DL,,,BZN,319,74.52,155,208,78.25,5.00%,0.0028312053628509323,162.75,208,Cascaded,2027,162.75,208
D0,sys/DL/319,CAE,4.1,sys,DL,,,CAE,319,57.69,15,26,60.58,5.00%,0.00027398761575976767,15.75,26,Cascaded,2027,15.75,26
D0,sys/DL/319,CHA,4.1,sys,DL,,,CHA,319,57.14,4,7,60.0,5.00%,7.306336420260471e-05,4.2,7,Cascaded,2027,4.2,7
D0,sys/DL/319,CHS,4.1,sys,DL,,,CHS,319,74.42,32,43,78.14,5.00%,0.0005845069136208377,33.6,43,Cascaded,2027,33.6,43
D0,sys/DL/319,CLE,4.1,sys,DL,,,CLE,319,65.19,103,158,68.45,5.00%,0.0018813816282170714,108.15,158,Cascaded,2027,108.14999999999999,158
D0,sys/DL/319,CLT,4.1,sys,DL,,,CLT,319,46.88,15,32,49.22,5.00%,0.00027398761575976767,15.75,32,Cascaded,2027,15.75,32
D0,sys/DL/319,CMH,4.1,sys,DL,,,CMH,319,83.54,66,79,87.72,5.00%,0.0012055455093429777,69.3,79,Cascaded,2027,69.3,79
D0,sys/DL/319,COS,4.1,sys,DL,,,COS,319,80.98,132,163,85.03,5.00%,0.0024110910186859553,138.6,163,Cascaded,2027,138.6,163
D0,sys/DL/319,CVG,4.1,sys,DL,,,CVG,319,69.38,111,160,72.84,5.00%,0.0020275083566222807,116.55,160,Cascaded,2027,116.55,160
D0,sys/DL/319,DAB,4.1,sys,DL,,,DAB,319,69.23,27,39,72.69,5.00%,0.0004931777083675817,28.35,39,Cascaded,2027,28.349999999999998,39
D0,sys/DL/319,DCA,4.1,sys,DL,,,DCA,319,67.59,2336,3456,70.97,5.00%,0.04266900469432115,2452.8,3456,Cascaded,2027,2452.7999999999997,3456
D0,sys/DL/319,DEN,4.1,sys,DL,,,DEN,319,72.81,908,1247,76.46,5.00%,0.016585383673991268,953.4,1247,Cascaded,2027,953.4,1247
D0,sys/DL/319,DFW,4.1,sys,DL,,,DFW,319,76.23,1299,1704,80.04,5.00%,0.02372732752479588,1363.95,1704,Cascaded,2027,1363.95,1704
D0,sys/DL/319,DJT,4.1,sys,DL,,,DJT,319,55.26,21,38,58.03,5.00%,0.0003835826620636747,22.05,38,Cascaded,2027,22.05,38
D0,sys/DL/319,DSM,4.1,sys,DL,,,DSM,319,100.0,1,1,105.0,5.00%,1.8265841050651177e-05,1.05,1,Cascaded,2027,1.05,1
D0,sys/DL/319,DTW,4.1,sys,DL,,,DTW,319,69.62,6229,8947,73.1,5.00%,0.11377792390450618,6540.45,8947,Cascaded,2027,6540.45,8947
D0,sys/DL/319,ECP,4.1,sys,DL,,,ECP,319,73.33,11,15,77.0,5.00%,0.00020092425155716296,11.55,15,Cascaded,2027,11.549999999999999,15
D0,sys/DL/319,EWR,4.1,sys,DL,,,EWR,319,59.89,221,369,62.89,5.00%,0.00403675087219391,232.05,369,Cascaded,2027,232.04999999999998,369
D0,sys/DL/319,EYW,4.1,sys,DL,,,EYW,319,72.1,1031,1430,75.7,5.00%,0.018832082123221364,1082.55,1430,Cascaded,2027,1082.55,1430
D0,sys/DL/319,FAR,4.1,sys,DL,,,FAR,319,75.71,53,70,79.5,5.00%,0.0009680895756845124,55.65,70,Cascaded,2027,55.65,70
D0,sys/DL/319,FCA,4.1,sys,DL,,,FCA,319,69.37,77,111,72.84,5.00%,0.0014064697609001407,80.85,111,Cascaded,2027,80.85,111
D0,sys/DL/319,FLL,4.1,sys,DL,,,FLL,319,58.6,109,186,61.53,5.00%,0.0019909766745209783,114.45,186,Cascaded,2027,114.45,186
D0,sys/DL/319,FSD,4.1,sys,DL,,,FSD,319,81.18,578,712,85.24,5.00%,0.01055765612727638,606.9,712,Cascaded,2027,606.9,712
D0,sys/DL/319,GEG,4.1,sys,DL,,,GEG,319,75.76,50,66,79.55,5.00%,0.0009132920525325588,52.5,66,Cascaded,2027,52.5,66
D0,sys/DL/319,GNV,4.1,sys,DL,,,GNV,319,45.45,10,22,47.73,5.00%,0.00018265841050651177,10.5,22,Cascaded,2027,10.5,22
D0,sys/DL/319,GRR,4.1,sys,DL,,,GRR,319,75.68,84,111,79.46,5.00%,0.0015343306482546988,88.2,111,Cascaded,2027,88.2,111
D0,sys/DL/319,GSO,4.1,sys,DL,,,GSO,319,63.46,33,52,66.63,5.00%,0.0006027727546714888,34.65,52,Cascaded,2027,34.65,52
D0,sys/DL/319,GSP,4.1,sys,DL,,,GSP,319,64.62,42,65,67.85,5.00%,0.0007671653241273494,44.1,65,Cascaded,2027,44.1,65
D0,sys/DL/319,HDN,4.1,sys,DL,,,HDN,319,56.25,18,32,59.06,5.00%,0.0003287851389117212,18.9,32,Cascaded,2027,18.9,32
D0,sys/DL/319,HOU,4.1,sys,DL,,,HOU,319,68.78,141,205,72.22,5.00%,0.002575483588141816,148.05,205,Cascaded,2027,148.04999999999998,205
D0,sys/DL/319,HRL,4.1,sys,DL,,,HRL,319,74.8,92,123,78.54,5.00%,0.0016804573766599083,96.6,123,Cascaded,2027,96.6,123
D0,sys/DL/319,HSV,4.1,sys,DL,,,HSV,319,100.0,1,1,105.0,5.00%,1.8265841050651177e-05,1.05,1,Cascaded,2027,1.05,1
D0,sys/DL/319,IAD,4.1,sys,DL,,,IAD,319,60.51,403,666,63.54,5.00%,0.007361133943412424,423.15,666,Cascaded,2027,423.15,666
D0,sys/DL/319,IAH,4.1,sys,DL,,,IAH,319,73.03,1595,2184,76.68,5.00%,0.02913401647578863,1674.75,2184,Cascaded,2027,1674.75,2184
D0,sys/DL/319,ILM,4.1,sys,DL,,,ILM,319,100.0,6,6,105.0,5.00%,0.00010959504630390706,6.3,6,Cascaded,2027,6.3,6
D0,sys/DL/319,IND,4.1,sys,DL,,,IND,319,74.35,200,269,78.07,5.00%,0.0036531682101302353,210.0,269,Cascaded,2027,210.0,269
D0,sys/DL/319,JAC,4.1,sys,DL,,,JAC,319,71.98,519,721,75.58,5.00%,0.009479971505287961,544.95,721,Cascaded,2027,544.9499999999999,721
D0,sys/DL/319,JAX,4.1,sys,DL,,,JAX,319,77.44,230,297,81.31,5.00%,0.004201143441649771,241.5,297,Cascaded,2027,241.5,297
D0,sys/DL/319,JFK,4.1,sys,DL,,,JFK,319,75.03,1358,1810,78.78,5.00%,0.024805012146784298,1425.9,1810,Cascaded,2027,1425.8999999999999,1810
D0,sys/DL/319,LAS,4.1,sys,DL,,,LAS,319,80.0,52,65,84.0,5.00%,0.0009498237346338613,54.6,65,Cascaded,2027,54.6,65
D0,sys/DL/319,LAX,4.1,sys,DL,,,LAX,319,75.9,4195,5527,79.7,5.00%,0.07662520320748169,4404.75,5527,Cascaded,2027,4404.75,5527
D0,sys/DL/319,LEX,4.1,sys,DL,,,LEX,319,83.82,57,68,88.01,5.00%,0.0010411529398871172,59.85,68,Cascaded,2027,59.85,68
D0,sys/DL/319,LGA,4.1,sys,DL,,,LGA,319,61.4,35,57,64.47,5.00%,0.0006393044367727912,36.75,57,Cascaded,2027,36.75,57
D0,sys/DL/319,LGB,4.1,sys,DL,,,LGB,319,100.0,1,1,105.0,5.00%,1.8265841050651177e-05,1.05,1,Cascaded,2027,1.05,1
D0,sys/DL/319,LIT,4.1,sys,DL,,,LIT,319,62.5,5,8,65.62,5.00%,9.132920525325589e-05,5.25,8,Cascaded,2027,5.25,8
D0,sys/DL/319,MBJ,4.1,sys,DL,,,MBJ,319,74.19,46,62,77.9,5.00%,0.0008402286883299542,48.3,62,Cascaded,2027,48.3,62
D0,sys/DL/319,MCI,4.1,sys,DL,,,MCI,319,81.26,707,870,85.33,5.00%,0.012913949622810382,742.35,870,Cascaded,2027,742.35,870
D0,sys/DL/319,MCO,4.1,sys,DL,,,MCO,319,64.94,880,1355,68.19,5.00%,0.016073940124573034,924.0,1355,Cascaded,2027,924.0,1355
D0,sys/DL/319,MDT,4.1,sys,DL,,,MDT,319,59.46,22,37,62.43,5.00%,0.0004018485031143259,23.1,37,Cascaded,2027,23.099999999999998,37
D0,sys/DL/319,MDW,4.1,sys,DL,,,MDW,319,73.39,262,357,77.06,5.00%,0.004785650355270609,275.1,357,Cascaded,2027,275.1,357
D0,sys/DL/319,MEM,4.1,sys,DL,,,MEM,319,61.63,53,86,64.71,5.00%,0.0009680895756845124,55.65,86,Cascaded,2027,55.65,86
D0,sys/DL/319,MEX,4.1,sys,DL,,,MEX,319,78.4,853,1088,82.32,5.00%,0.015580762416205454,895.65,1088,Cascaded,2027,895.65,1088
D0,sys/DL/319,MIA,4.1,sys,DL,,,MIA,319,58.94,422,716,61.89,5.00%,0.007708184923374797,443.1,716,Cascaded,2027,443.09999999999997,716
D0,sys/DL/319,MKE,4.1,sys,DL,,,MKE,319,78.66,199,253,82.59,5.00%,0.0036349023690795844,208.95,253,Cascaded,2027,208.95,253
D0,sys/DL/319,MLB,4.1,sys,DL,,,MLB,319,83.77,191,228,87.96,5.00%,0.003488775640674375,200.55,228,Cascaded,2027,200.54999999999998,228
D0,sys/DL/319,MSN,4.1,sys,DL,,,MSN,319,92.23,95,103,96.84,5.00%,0.0017352548998118618,99.75,103,Cascaded,2027,99.75,103
D0,sys/DL/319,MSO,4.1,sys,DL,,,MSO,319,82.5,264,320,86.62,5.00%,0.004822182037371911,277.2,320,Cascaded,2027,277.2,320
D0,sys/DL/319,MSP,4.1,sys,DL,,,MSP,319,69.25,4123,5954,72.71,5.00%,0.0753100626518348,4329.15,5954,Cascaded,2027,4329.15,5954
D0,sys/DL/319,MSY,4.1,sys,DL,,,MSY,319,72.77,342,470,76.4,5.00%,0.006246917639322703,359.1,470,Cascaded,2027,359.09999999999997,470
D0,sys/DL/319,MTY,4.1,sys,DL,,,MTY,319,89.32,301,337,93.78,5.00%,0.005498018156246004,316.05,337,Cascaded,2027,316.05,337
D0,sys/DL/319,MYR,4.1,sys,DL,,,MYR,319,72.76,195,268,76.4,5.00%,0.0035618390048769797,204.75,268,Cascaded,2027,204.75,268
D0,sys/DL/319,MZT,4.1,sys,DL,,,MZT,319,78.57,11,14,82.5,5.00%,0.00020092425155716296,11.55,14,Cascaded,2027,11.549999999999999,14
D0,sys/DL/319,NAS,4.1,sys,DL,,,NAS,319,63.64,21,33,66.82,5.00%,0.0003835826620636747,22.05,33,Cascaded,2027,22.05,33
D0,sys/DL/319,OKC,4.1,sys,DL,,,OKC,319,82.45,263,319,86.57,5.00%,0.00480391619632126,276.15,319,Cascaded,2027,276.15,319
D0,sys/DL/319,OMA,4.1,sys,DL,,,OMA,319,76.25,244,320,80.06,5.00%,0.004456865216358887,256.2,320,Cascaded,2027,256.2,320
D0,sys/DL/319,ONT,4.1,sys,DL,,,ONT,319,91.35,95,104,95.91,5.00%,0.0017352548998118618,99.75,104,Cascaded,2027,99.75,104
D0,sys/DL/319,ORD,4.1,sys,DL,,,ORD,319,57.5,184,320,60.38,5.00%,0.0033609147533198167,193.2,320,Cascaded,2027,193.2,320
D0,sys/DL/319,ORF,4.1,sys,DL,,,ORF,319,76.47,26,34,80.29,5.00%,0.00047491186731693063,27.3,34,Cascaded,2027,27.3,34
D0,sys/DL/319,PDX,4.1,sys,DL,,,PDX,319,81.78,1216,1487,85.86,5.00%,0.022211262717591832,1276.8,1487,Cascaded,2027,1276.8,1487
D0,sys/DL/319,PHL,4.1,sys,DL,,,PHL,319,68.12,250,367,71.53,5.00%,0.004566460262662794,262.5,367,Cascaded,2027,262.5,367
D0,sys/DL/319,PHX,4.1,sys,DL,,,PHX,319,88.67,133,150,93.1,5.00%,0.0024293568597366067,139.65,150,Cascaded,2027,139.65,150
D0,sys/DL/319,PIT,4.1,sys,DL,,,PIT,319,85.51,118,138,89.78,5.00%,0.002155369243976839,123.9,138,Cascaded,2027,123.89999999999999,138
D0,sys/DL/319,PSC,4.1,sys,DL,,,PSC,319,91.27,460,504,95.83,5.00%,0.008402286883299541,483.0,504,Cascaded,2027,483.0,504
D0,sys/DL/319,PSP,4.1,sys,DL,,,PSP,319,53.19,25,47,55.85,5.00%,0.0004566460262662794,26.25,47,Cascaded,2027,26.25,47
D0,sys/DL/319,PVD,4.1,sys,DL,,,PVD,319,79.18,251,317,83.14,5.00%,0.004584726103713446,263.55,317,Cascaded,2027,263.55,317
D0,sys/DL/319,PWM,4.1,sys,DL,,,PWM,319,15.38,2,13,16.15,5.00%,3.6531682101302354e-05,2.1,13,Cascaded,2027,2.1,13
D0,sys/DL/319,RAP,4.1,sys,DL,,,RAP,319,53.33,8,15,56.0,5.00%,0.00014612672840520942,8.4,15,Cascaded,2027,8.4,15
D0,sys/DL/319,RDU,4.1,sys,DL,,,RDU,319,71.49,1422,1989,75.07,5.00%,0.025974025974025976,1493.1,1989,Cascaded,2027,1493.1,1989
D0,sys/DL/319,RIC,4.1,sys,DL,,,RIC,319,78.85,164,208,82.79,5.00%,0.002995597932306793,172.2,208,Cascaded,2027,172.2,208
D0,sys/DL/319,RNO,4.1,sys,DL,,,RNO,319,79.31,23,29,83.28,5.00%,0.0004201143441649771,24.15,29,Cascaded,2027,24.15,29
D0,sys/DL/319,ROA,4.1,sys,DL,,,ROA,319,85.63,304,355,89.92,5.00%,0.005552815679397958,319.2,355,Cascaded,2027,319.2,355
D0,sys/DL/319,ROC,4.1,sys,DL,,,ROC,319,47.58,59,124,49.96,5.00%,0.0010776846219884195,61.95,124,Cascaded,2027,61.949999999999996,124
D0,sys/DL/319,RSW,4.1,sys,DL,,,RSW,319,73.6,184,250,77.28,5.00%,0.0033609147533198167,193.2,250,Cascaded,2027,193.2,250
D0,sys/DL/319,SAN,4.1,sys,DL,,,SAN,319,71.58,68,95,75.16,5.00%,0.00124207719144428,71.4,95,Cascaded,2027,71.39999999999999,95
D0,sys/DL/319,SAT,4.1,sys,DL,,,SAT,319,80.37,1462,1819,84.39,5.00%,0.02670465961605202,1535.1,1819,Cascaded,2027,1535.1,1819
D0,sys/DL/319,SAV,4.1,sys,DL,,,SAV,319,55.28,136,246,58.05,5.00%,0.00248415438288856,142.8,246,Cascaded,2027,142.79999999999998,246
D0,sys/DL/319,SDF,4.1,sys,DL,,,SDF,319,77.78,21,27,81.67,5.00%,0.0003835826620636747,22.05,27,Cascaded,2027,22.05,27
D0,sys/DL/319,SEA,4.1,sys,DL,,,SEA,319,75.23,164,218,78.99,5.00%,0.002995597932306793,172.2,218,Cascaded,2027,172.2,218
D0,sys/DL/319,SFO,4.1,sys,DL,,,SFO,319,60.94,284,466,63.99,5.00%,0.005187498858384934,298.2,466,Cascaded,2027,298.2,466
D0,sys/DL/319,SJC,4.1,sys,DL,,,SJC,319,86.43,363,420,90.75,5.00%,0.006630500301386378,381.15,420,Cascaded,2027,381.15,420
D0,sys/DL/319,SJD,4.1,sys,DL,,,SJD,319,45.83,11,24,48.12,5.00%,0.00020092425155716296,11.55,24,Cascaded,2027,11.549999999999999,24
D0,sys/DL/319,SLC,4.1,sys,DL,,,SLC,319,71.61,3395,4741,75.19,5.00%,0.06201253036696075,3564.75,4741,Cascaded,2027,3564.75,4741
D0,sys/DL/319,SMF,4.1,sys,DL,,,SMF,319,87.82,346,394,92.21,5.00%,0.006319981003525307,363.3,394,Cascaded,2027,363.3,394
D0,sys/DL/319,SNA,4.1,sys,DL,,,SNA,319,77.03,57,74,80.88,5.00%,0.0010411529398871172,59.85,74,Cascaded,2027,59.85,74
D0,sys/DL/319,SRQ,4.1,sys,DL,,,SRQ,319,64.29,18,28,67.5,5.00%,0.0003287851389117212,18.9,28,Cascaded,2027,18.9,28
D0,sys/DL/319,STL,4.1,sys,DL,,,STL,319,81.35,506,622,85.42,5.00%,0.009242515571629495,531.3,622,Cascaded,2027,531.3,622
D0,sys/DL/319,SYR,4.1,sys,DL,,,SYR,319,81.48,176,216,85.56,5.00%,0.0032147880249146074,184.8,216,Cascaded,2027,184.79999999999998,216
D0,sys/DL/319,TPA,4.1,sys,DL,,,TPA,319,77.41,370,478,81.28,5.00%,0.006758361188740935,388.5,478,Cascaded,2027,388.5,478
D0,sys/DL/319,TUS,4.1,sys,DL,,,TUS,319,0.0,0,1,0.0,0.00%,0.0,0.0,1,Cascaded,2027,0.0,1
D0,sys/DL/319,TVC,4.1,sys,DL,,,TVC,319,71.34,224,314,74.9,5.00%,0.004091548395345864,235.2,314,Cascaded,2027,235.2,314
D0,sys/DL/319,TYS,4.1,sys,DL,,,TYS,319,100.0,1,1,105.0,5.00%,1.8265841050651177e-05,1.05,1,Cascaded,2027,1.05,1
D0,sys/DL/319,VPS,4.1,sys,DL,,,VPS,319,87.65,71,81,92.04,5.00%,0.0012968747145962335,74.55,81,Cascaded,2027,74.55,81
D0,sys/DL/319,YUL,4.1,sys,DL,,,YUL,319,73.34,619,844,77.01,5.00%,0.011306555610353078,649.95,844,Cascaded,2027,649.9499999999999,844
D0,sys/DL/319,YVR,4.1,sys,DL,,,YVR,319,66.67,54,81,70.0,5.00%,0.0009863554167351635,56.7,81,Cascaded,2027,56.699999999999996,81
D0,sys/DL/319,YYC,4.1,sys,DL,,,YYC,319,66.86,117,175,70.2,5.00%,0.0021371034029261876,122.85,175,Cascaded,2027,122.85,175
D0,sys/DL/319,YYZ,4.1,sys,DL,,,YYZ,319,36.36,16,44,38.18,5.00%,0.00029225345681041883,16.8,44,Cascaded,2027,16.8,44
D0,sys/DL/320,ABQ,4.1,sys,DL,,,ABQ,320,88.57,124,140,93.0,5.00%,0.0027559842642188785,130.2,140,Cascaded,2027,130.20000000000002,140
D0,sys/DL/320,ALB,4.1,sys,DL,,,ALB,320,67.98,501,737,71.38,5.00%,0.011135065454626275,526.05,737,Cascaded,2027,526.0500000000001,737
D0,sys/DL/320,ATL,4.1,sys,DL,,,ATL,320,63.59,8594,13514,66.77,5.00%,0.1910074900540084,9023.7,13514,Cascaded,2027,9023.7,13514
D0,sys/DL/320,ATW,4.1,sys,DL,,,ATW,320,70.21,33,47,73.72,5.00%,0.0007334474251550242,34.65,47,Cascaded,2027,34.65,47
D0,sys/DL/320,AUS,4.1,sys,DL,,,AUS,320,70.25,2210,3146,73.76,5.00%,0.04911875180583646,2320.5,3146,Cascaded,2027,2320.5,3146
D0,sys/DL/320,BDL,4.1,sys,DL,,,BDL,320,66.32,1264,1906,69.63,5.00%,0.02809325895139244,1327.2,1906,Cascaded,2027,1327.2,1906
D0,sys/DL/320,BGR,4.1,sys,DL,,,BGR,320,28.57,2,7,30.0,5.00%,4.445135910030449e-05,2.1,7,Cascaded,2027,2.1,7
D0,sys/DL/320,BHM,4.1,sys,DL,,,BHM,320,70.0,7,10,73.5,5.00%,0.00015557975685106572,7.35,10,Cascaded,2027,7.3500000000000005,10
D0,sys/DL/320,BIL,4.1,sys,DL,,,BIL,320,92.36,447,484,96.97,5.00%,0.009934878758918055,469.35,484,Cascaded,2027,469.35,484
D0,sys/DL/320,BIS,4.1,sys,DL,,,BIS,320,78.11,132,169,82.01,5.00%,0.0029337897006200967,138.6,169,Cascaded,2027,138.6,169
D0,sys/DL/320,BNA,4.1,sys,DL,,,BNA,320,66.93,421,629,70.28,5.00%,0.009357011090614096,442.05,629,Cascaded,2027,442.05,629
D0,sys/DL/320,BOI,4.1,sys,DL,,,BOI,320,77.64,382,492,81.52,5.00%,0.008490209588158158,401.1,492,Cascaded,2027,401.1,492
D0,sys/DL/320,BOS,4.1,sys,DL,,,BOS,320,64.85,107,165,68.09,5.00%,0.0023781477118662905,112.35,165,Cascaded,2027,112.35000000000001,165
D0,sys/DL/320,BTV,4.1,sys,DL,,,BTV,320,66.98,71,106,70.33,5.00%,0.0015780232480608095,74.55,106,Cascaded,2027,74.55,106
D0,sys/DL/320,BUF,4.1,sys,DL,,,BUF,320,58.68,98,167,61.62,5.00%,0.00217811659591492,102.9,167,Cascaded,2027,102.9,167
D0,sys/DL/320,BWI,4.1,sys,DL,,,BWI,320,70.95,210,296,74.49,5.00%,0.004667392705531972,220.5,296,Cascaded,2027,220.5,296
D0,sys/DL/320,BZE,4.1,sys,DL,,,BZE,320,83.33,5,6,87.5,5.00%,0.00011112839775076123,5.25,6,Cascaded,2027,5.25,6
D0,sys/DL/320,BZN,4.1,sys,DL,,,BZN,320,75.65,87,115,79.43,5.00%,0.0019336341208632455,91.35,115,Cascaded,2027,91.35000000000001,115
D0,sys/DL/320,CAE,4.1,sys,DL,,,CAE,320,42.11,8,19,44.21,5.00%,0.00017780543640121796,8.4,19,Cascaded,2027,8.4,19
D0,sys/DL/320,CHA,4.1,sys,DL,,,CHA,320,55.56,5,9,58.33,5.00%,0.00011112839775076123,5.25,9,Cascaded,2027,5.25,9
D0,sys/DL/320,CHS,4.1,sys,DL,,,CHS,320,61.83,149,241,64.92,5.00%,0.0033116262529726847,156.45,241,Cascaded,2027,156.45000000000002,241
D0,sys/DL/320,CLE,4.1,sys,DL,,,CLE,320,69.63,188,270,73.11,5.00%,0.004178427755428623,197.4,270,Cascaded,2027,197.4,270
D0,sys/DL/320,CMH,4.1,sys,DL,,,CMH,320,76.96,147,191,80.81,5.00%,0.00326717489387238,154.35,191,Cascaded,2027,154.35,191
D0,sys/DL/320,COS,4.1,sys,DL,,,COS,320,66.67,10,15,70.0,5.00%,0.00022225679550152245,10.5,15,Cascaded,2027,10.5,15
D0,sys/DL/320,CUN,4.1,sys,DL,,,CUN,320,61.62,114,185,64.7,5.00%,0.002533727468717356,119.7,185,Cascaded,2027,119.7,185
D0,sys/DL/320,CVG,4.1,sys,DL,,,CVG,320,55.77,58,104,58.56,5.00%,0.0012890894139088302,60.9,104,Cascaded,2027,60.9,104
D0,sys/DL/320,DCA,4.1,sys,DL,,,DCA,320,58.69,1915,3263,61.62,5.00%,0.04256217633854155,2010.75,3263,Cascaded,2027,2010.75,3263
D0,sys/DL/320,DEN,4.1,sys,DL,,,DEN,320,63.68,484,760,66.87,5.00%,0.010757228902273687,508.2,760,Cascaded,2027,508.20000000000005,760
D0,sys/DL/320,DFW,4.1,sys,DL,,,DFW,320,61.15,1492,2440,64.2,5.00%,0.03316071388882715,1566.6,2440,Cascaded,2027,1566.6000000000001,2440
D0,sys/DL/320,DJT,4.1,sys,DL,,,DJT,320,52.38,121,231,55.0,5.00%,0.0026893072255684217,127.05,231,Cascaded,2027,127.05000000000001,231
D0,sys/DL/320,DTW,4.1,sys,DL,,,DTW,320,66.38,4329,6522,69.69,5.00%,0.09621496677260907,4545.45,6522,Cascaded,2027,4545.45,6522
D0,sys/DL/320,ECP,4.1,sys,DL,,,ECP,320,55.88,19,34,58.68,5.00%,0.0004222879114528927,19.95,34,Cascaded,2027,19.95,34
D0,sys/DL/320,EWR,4.1,sys,DL,,,EWR,320,66.67,162,243,70.0,5.00%,0.003600560087124664,170.1,243,Cascaded,2027,170.1,243
D0,sys/DL/320,FAR,4.1,sys,DL,,,FAR,320,82.19,120,146,86.3,5.00%,0.0026670815460182696,126.0,146,Cascaded,2027,126.0,146
D0,sys/DL/320,FCA,4.1,sys,DL,,,FCA,320,74.33,249,335,78.04,5.00%,0.005534194207987909,261.45,335,Cascaded,2027,261.45,335
D0,sys/DL/320,FLL,4.1,sys,DL,,,FLL,320,42.27,82,194,44.38,5.00%,0.0018225057231124843,86.1,194,Cascaded,2027,86.10000000000001,194
D0,sys/DL/320,FSD,4.1,sys,DL,,,FSD,320,88.89,8,9,93.33,5.00%,0.00017780543640121796,8.4,9,Cascaded,2027,8.4,9
D0,sys/DL/320,GCM,4.1,sys,DL,,,GCM,320,94.12,16,17,98.82,5.00%,0.0003556108728024359,16.8,17,Cascaded,2027,16.8,17
D0,sys/DL/320,GEG,4.1,sys,DL,,,GEG,320,72.76,203,279,76.4,5.00%,0.004511812948680906,213.15,279,Cascaded,2027,213.15,279
D0,sys/DL/320,GNV,4.1,sys,DL,,,GNV,320,66.67,2,3,70.0,5.00%,4.445135910030449e-05,2.1,3,Cascaded,2027,2.1,3
D0,sys/DL/320,GRB,4.1,sys,DL,,,GRB,320,84.21,32,38,88.42,5.00%,0.0007112217456048718,33.6,38,Cascaded,2027,33.6,38
D0,sys/DL/320,GRR,4.1,sys,DL,,,GRR,320,77.36,82,106,81.23,5.00%,0.0018225057231124843,86.1,106,Cascaded,2027,86.10000000000001,106
D0,sys/DL/320,GSO,4.1,sys,DL,,,GSO,320,100.0,3,3,105.0,5.00%,6.667703865045674e-05,3.15,3,Cascaded,2027,3.15,3
D0,sys/DL/320,GSP,4.1,sys,DL,,,GSP,320,86.67,13,15,91.0,5.00%,0.0002889338341519792,13.65,15,Cascaded,2027,13.65,15
D0,sys/DL/320,HDN,4.1,sys,DL,,,HDN,320,80.0,4,5,84.0,5.00%,8.890271820060898e-05,4.2,5,Cascaded,2027,4.2,5
D0,sys/DL/320,HOU,4.1,sys,DL,,,HOU,320,69.76,413,592,73.25,5.00%,0.009179205654212878,433.65,592,Cascaded,2027,433.65000000000003,592
D0,sys/DL/320,HRL,4.1,sys,DL,,,HRL,320,78.26,36,46,82.17,5.00%,0.0008001244638054808,37.8,46,Cascaded,2027,37.800000000000004,46
D0,sys/DL/320,IAD,4.1,sys,DL,,,IAD,320,63.91,216,338,67.1,5.00%,0.004800746782832885,226.8,338,Cascaded,2027,226.8,338
D0,sys/DL/320,IAH,4.1,sys,DL,,,IAH,320,54.45,532,977,57.18,5.00%,0.011824061520680995,558.6,977,Cascaded,2027,558.6,977
D0,sys/DL/320,IND,4.1,sys,DL,,,IND,320,56.95,127,223,59.8,5.00%,0.0028226613028693353,133.35,223,Cascaded,2027,133.35,223
D0,sys/DL/320,JAX,4.1,sys,DL,,,JAX,320,56.06,273,487,58.86,5.00%,0.006067610517191563,286.65,487,Cascaded,2027,286.65000000000003,487
D0,sys/DL/320,JFK,4.1,sys,DL,,,JFK,320,69.37,188,271,72.84,5.00%,0.004178427755428623,197.4,271,Cascaded,2027,197.4,271
D0,sys/DL/320,LAS,4.1,sys,DL,,,LAS,320,60.0,111,185,63.0,5.00%,0.0024670504300668993,116.55,185,Cascaded,2027,116.55,185
D0,sys/DL/320,LAX,4.1,sys,DL,,,LAX,320,75.64,683,903,79.42,5.00%,0.015180139132753984,717.15,903,Cascaded,2027,717.15,903
D0,sys/DL/320,LEX,4.1,sys,DL,,,LEX,320,68.18,30,44,71.59,5.00%,0.0006667703865045674,31.5,44,Cascaded,2027,31.5,44
D0,sys/DL/320,LGA,4.1,sys,DL,,,LGA,320,62.96,328,521,66.1,5.00%,0.007290022892449937,344.4,521,Cascaded,2027,344.40000000000003,521
D0,sys/DL/320,LGB,4.1,sys,DL,,,LGB,320,73.95,159,215,77.65,5.00%,0.003533883048474207,166.95,215,Cascaded,2027,166.95000000000002,215
D0,sys/DL/320,LIT,4.1,sys,DL,,,LIT,320,72.73,8,11,76.36,5.00%,0.00017780543640121796,8.4,11,Cascaded,2027,8.4,11
D0,sys/DL/320,MCI,4.1,sys,DL,,,MCI,320,81.41,219,269,85.48,5.00%,0.0048674238214833415,229.95,269,Cascaded,2027,229.95000000000002,269
D0,sys/DL/320,MCO,4.1,sys,DL,,,MCO,320,63.8,363,569,66.99,5.00%,0.008067921676705265,381.15,569,Cascaded,2027,381.15000000000003,569
D0,sys/DL/320,MDT,4.1,sys,DL,,,MDT,320,47.8,87,182,50.19,5.00%,0.0019336341208632455,91.35,182,Cascaded,2027,91.35000000000001,182
D0,sys/DL/320,MDW,4.1,sys,DL,,,MDW,320,79.65,270,339,83.63,5.00%,0.006000933478541106,283.5,339,Cascaded,2027,283.5,339
D0,sys/DL/320,MEM,4.1,sys,DL,,,MEM,320,88.89,8,9,93.33,5.00%,0.00017780543640121796,8.4,9,Cascaded,2027,8.4,9
D0,sys/DL/320,MIA,4.1,sys,DL,,,MIA,320,46.15,96,208,48.46,5.00%,0.0021336652368146155,100.8,208,Cascaded,2027,100.8,208
D0,sys/DL/320,MKE,4.1,sys,DL,,,MKE,320,72.39,312,431,76.01,5.00%,0.006934412019647501,327.6,431,Cascaded,2027,327.6,431
D0,sys/DL/320,MLB,4.1,sys,DL,,,MLB,320,100.0,1,1,105.0,5.00%,2.2225679550152245e-05,1.05,1,Cascaded,2027,1.05,1
D0,sys/DL/320,MSN,4.1,sys,DL,,,MSN,320,85.94,55,64,90.23,5.00%,0.0012224123752583736,57.75,64,Cascaded,2027,57.75,64
D0,sys/DL/320,MSO,4.1,sys,DL,,,MSO,320,82.4,192,233,86.52,5.00%,0.004267330473629231,201.6,233,Cascaded,2027,201.6,233
D0,sys/DL/320,MSP,4.1,sys,DL,,,MSP,320,67.73,5869,8665,71.12,5.00%,0.13044251327984352,6162.45,8665,Cascaded,2027,6162.45,8665
D0,sys/DL/320,MSY,4.1,sys,DL,,,MSY,320,61.34,411,670,64.41,5.00%,0.009134754295112573,431.55,670,Cascaded,2027,431.55,670
D0,sys/DL/320,MTY,4.1,sys,DL,,,MTY,320,87.5,21,24,91.88,5.00%,0.0004667392705531972,22.05,24,Cascaded,2027,22.05,24
D0,sys/DL/320,MYR,4.1,sys,DL,,,MYR,320,74.11,332,448,77.81,5.00%,0.0073789256106505455,348.6,448,Cascaded,2027,348.6,448
D0,sys/DL/320,NAS,4.1,sys,DL,,,NAS,320,67.02,63,94,70.37,5.00%,0.0014002178116595916,66.15,94,Cascaded,2027,66.15,94
D0,sys/DL/320,OKC,4.1,sys,DL,,,OKC,320,72.6,318,438,76.23,5.00%,0.007067766096948414,333.9,438,Cascaded,2027,333.90000000000003,438
D0,sys/DL/320,OMA,4.1,sys,DL,,,OMA,320,75.68,364,481,79.46,5.00%,0.008090147356255418,382.2,481,Cascaded,2027,382.2,481
D0,sys/DL/320,ONT,4.1,sys,DL,,,ONT,320,84.21,16,19,88.42,5.00%,0.0003556108728024359,16.8,19,Cascaded,2027,16.8,19
D0,sys/DL/320,ORD,4.1,sys,DL,,,ORD,320,43.9,72,164,46.1,5.00%,0.0016002489276109616,75.6,164,Cascaded,2027,75.60000000000001,164
D0,sys/DL/320,ORF,4.1,sys,DL,,,ORF,320,0.0,0,1,0.0,0.00%,0.0,0.0,1,Cascaded,2027,0.0,1
D0,sys/DL/320,PDX,4.1,sys,DL,,,PDX,320,68.52,209,305,71.95,5.00%,0.0046451670259818195,219.45,305,Cascaded,2027,219.45000000000002,305
D0,sys/DL/320,PHL,4.1,sys,DL,,,PHL,320,71.82,265,369,75.41,5.00%,0.0058898050807903455,278.25,369,Cascaded,2027,278.25,369
D0,sys/DL/320,PHX,4.1,sys,DL,,,PHX,320,90.0,9,10,94.5,5.00%,0.0002000311159513702,9.45,10,Cascaded,2027,9.450000000000001,10
D0,sys/DL/320,PIT,4.1,sys,DL,,,PIT,320,68.88,197,286,72.33,5.00%,0.0043784588713799925,206.85,286,Cascaded,2027,206.85,286
D0,sys/DL/320,PLS,4.1,sys,DL,,,PLS,320,92.59,50,54,97.22,5.00%,0.0011112839775076122,52.5,54,Cascaded,2027,52.5,54
D0,sys/DL/320,PSC,4.1,sys,DL,,,PSC,320,94.59,35,37,99.32,5.00%,0.0007778987842553286,36.75,37,Cascaded,2027,36.75,37
D0,sys/DL/320,PUJ,4.1,sys,DL,,,PUJ,320,100.0,2,2,105.0,5.00%,4.445135910030449e-05,2.1,2,Cascaded,2027,2.1,2
D0,sys/DL/320,PVD,4.1,sys,DL,,,PVD,320,54.12,210,388,56.83,5.00%,0.004667392705531972,220.5,388,Cascaded,2027,220.5,388
D0,sys/DL/320,PWM,4.1,sys,DL,,,PWM,320,50.24,104,207,52.75,5.00%,0.0023114706732158337,109.2,207,Cascaded,2027,109.2,207
D0,sys/DL/320,RDU,4.1,sys,DL,,,RDU,320,65.05,1232,1894,68.3,5.00%,0.027382037205787566,1293.6,1894,Cascaded,2027,1293.6000000000001,1894
D0,sys/DL/320,RIC,4.1,sys,DL,,,RIC,320,50.0,1,2,52.5,5.00%,2.2225679550152245e-05,1.05,2,Cascaded,2027,1.05,2
D0,sys/DL/320,RNO,4.1,sys,DL,,,RNO,320,50.79,32,63,53.33,5.00%,0.0007112217456048718,33.6,63,Cascaded,2027,33.6,63
D0,sys/DL/320,ROC,4.1,sys,DL,,,ROC,320,53.36,365,684,56.03,5.00%,0.00811237303580557,383.25,684,Cascaded,2027,383.25,684
D0,sys/DL/320,RSW,4.1,sys,DL,,,RSW,320,41.18,7,17,43.24,5.00%,0.00015557975685106572,7.35,17,Cascaded,2027,7.3500000000000005,17
D0,sys/DL/320,SAN,4.1,sys,DL,,,SAN,320,68.18,30,44,71.59,5.00%,0.0006667703865045674,31.5,44,Cascaded,2027,31.5,44
D0,sys/DL/320,SAP,4.1,sys,DL,,,SAP,320,0.0,0,1,0.0,0.00%,0.0,0.0,1,Cascaded,2027,0.0,1
D0,sys/DL/320,SAT,4.1,sys,DL,,,SAT,320,65.77,732,1113,69.06,5.00%,0.016269197430711445,768.6,1113,Cascaded,2027,768.6,1113
D0,sys/DL/320,SAV,4.1,sys,DL,,,SAV,320,75.0,9,12,78.75,5.00%,0.0002000311159513702,9.45,12,Cascaded,2027,9.450000000000001,12
D0,sys/DL/320,SDF,4.1,sys,DL,,,SDF,320,71.43,5,7,75.0,5.00%,0.00011112839775076123,5.25,7,Cascaded,2027,5.25,7
D0,sys/DL/320,SEA,4.1,sys,DL,,,SEA,320,65.41,87,133,68.68,5.00%,0.0019336341208632455,91.35,133,Cascaded,2027,91.35000000000001,133
D0,sys/DL/320,SFO,4.1,sys,DL,,,SFO,320,62.5,90,144,65.62,5.00%,0.002000311159513702,94.5,144,Cascaded,2027,94.5,144
D0,sys/DL/320,SJC,4.1,sys,DL,,,SJC,320,60.32,76,126,63.33,5.00%,0.0016891516458115707,79.8,126,Cascaded,2027,79.8,126
D0,sys/DL/320,SJD,4.1,sys,DL,,,SJD,320,50.0,1,2,52.5,5.00%,2.2225679550152245e-05,1.05,2,Cascaded,2027,1.05,2
D0,sys/DL/320,SLC,4.1,sys,DL,,,SLC,320,67.75,2275,3358,71.14,5.00%,0.05056342097659636,2388.75,3358,Cascaded,2027,2388.75,3358
D0,sys/DL/320,SMF,4.1,sys,DL,,,SMF,320,78.86,138,175,82.8,5.00%,0.0030671437779210098,144.9,175,Cascaded,2027,144.9,175
D0,sys/DL/320,SNA,4.1,sys,DL,,,SNA,320,58.97,23,39,61.92,5.00%,0.0005111906296535017,24.15,39,Cascaded,2027,24.150000000000002,39
D0,sys/DL/320,SRQ,4.1,sys,DL,,,SRQ,320,56.9,66,116,59.74,5.00%,0.0014668948503100483,69.3,116,Cascaded,2027,69.3,116
D0,sys/DL/320,STL,4.1,sys,DL,,,STL,320,72.22,117,162,75.83,5.00%,0.002600404507367813,122.85,162,Cascaded,2027,122.85000000000001,162
D0,sys/DL/320,SYR,4.1,sys,DL,,,SYR,320,73.9,337,456,77.6,5.00%,0.007490054008401307,353.85,456,Cascaded,2027,353.85,456
D0,sys/DL/320,TPA,4.1,sys,DL,,,TPA,320,76.47,286,374,80.29,5.00%,0.006356544351343542,300.3,374,Cascaded,2027,300.3,374
D0,sys/DL/320,TUS,4.1,sys,DL,,,TUS,320,70.59,60,85,74.12,5.00%,0.0013335407730091348,63.0,85,Cascaded,2027,63.0,85
D0,sys/DL/320,TVC,4.1,sys,DL,,,TVC,320,78.26,54,69,82.17,5.00%,0.0012001866957082213,56.7,69,Cascaded,2027,56.7,69
D0,sys/DL/320,TYS,4.1,sys,DL,,,TYS,320,47.62,30,63,50.0,5.00%,0.0006667703865045674,31.5,63,Cascaded,2027,31.5,63
D0,sys/DL/320,VPS,4.1,sys,DL,,,VPS,320,54.92,145,264,57.67,5.00%,0.003222723534772076,152.25,264,Cascaded,2027,152.25,264
D0,sys/DL/320,YUL,4.1,sys,DL,,,YUL,320,73.47,72,98,77.14,5.00%,0.0016002489276109616,75.6,98,Cascaded,2027,75.60000000000001,98
D0,sys/DL/320,YVR,4.1,sys,DL,,,YVR,320,78.87,306,388,82.81,5.00%,0.006801057942346587,321.3,388,Cascaded,2027,321.3,388
D0,sys/DL/320,YYC,4.1,sys,DL,,,YYC,320,68.88,270,392,72.32,5.00%,0.006000933478541106,283.5,392,Cascaded,2027,283.5,392
D0,sys/DL/320,YYZ,4.1,sys,DL,,,YYZ,320,55.29,183,331,58.05,5.00%,0.004067299357677861,192.15,331,Cascaded,2027,192.15,331
D0,sys/DL/321,ABQ,4.1,sys,DL,,,ABQ,321,100.0,3,3,105.0,5.00%,1.8506181064475535e-05,3.15,3,Cascaded,2027,3.15,3
D0,sys/DL/321,ALB,4.1,sys,DL,,,ALB,321,54.19,168,310,56.9,5.00%,0.00103634613961063,176.4,310,Cascaded,2027,176.4,310
D0,sys/DL/321,ANC,4.1,sys,DL,,,ANC,321,64.48,570,884,67.7,5.00%,0.0035161744022503515,598.5,884,Cascaded,2027,598.5,884
D0,sys/DL/321,ATL,4.1,sys,DL,,,ATL,321,58.33,33766,57890,61.24,5.00%,0.20829323660769364,35454.3,57890,Cascaded,2027,35454.299999999996,57890
D0,sys/DL/321,AUA,4.1,sys,DL,,,AUA,321,70.72,459,649,74.26,5.00%,0.002831445702864757,481.95,649,Cascaded,2027,481.95,649
D0,sys/DL/321,AUS,4.1,sys,DL,,,AUS,321,66.12,1893,2863,69.43,5.00%,0.011677400251684062,1987.65,2863,Cascaded,2027,1987.6499999999999,2863
D0,sys/DL/321,BDL,4.1,sys,DL,,,BDL,321,61.78,540,874,64.87,5.00%,0.0033311125916055963,567.0,874,Cascaded,2027,567.0,874
D0,sys/DL/321,BGR,4.1,sys,DL,,,BGR,321,52.38,11,21,55.0,5.00%,6.785599723641029e-05,11.55,21,Cascaded,2027,11.549999999999999,21
D0,sys/DL/321,BHM,4.1,sys,DL,,,BHM,321,45.45,5,11,47.73,5.00%,3.084363510745923e-05,5.25,11,Cascaded,2027,5.25,11
D0,sys/DL/321,BIL,4.1,sys,DL,,,BIL,321,87.72,50,57,92.11,5.00%,0.00030843635107459223,52.5,57,Cascaded,2027,52.5,57
D0,sys/DL/321,BNA,4.1,sys,DL,,,BNA,321,69.93,200,286,73.43,5.00%,0.001233745404298369,210.0,286,Cascaded,2027,210.0,286
D0,sys/DL/321,BOI,4.1,sys,DL,,,BOI,321,51.06,144,282,53.62,5.00%,0.0008882966910948257,151.2,282,Cascaded,2027,151.2,282
D0,sys/DL/321,BOS,4.1,sys,DL,,,BOS,321,61.13,7705,12604,64.19,5.00%,0.04753004170059467,8090.25,12604,Cascaded,2027,8090.25,12604
D0,sys/DL/321,BUF,4.1,sys,DL,,,BUF,321,51.85,295,569,54.44,5.00%,0.0018197744713400943,309.75,569,Cascaded,2027,309.75,569
D0,sys/DL/321,BWI,4.1,sys,DL,,,BWI,321,60.64,718,1184,63.67,5.00%,0.004429146001431144,753.9,1184,Cascaded,2027,753.9,1184
D0,sys/DL/321,BZE,4.1,sys,DL,,,BZE,321,72.73,88,121,76.36,5.00%,0.0005428479778912823,92.4,121,Cascaded,2027,92.39999999999999,121
D0,sys/DL/321,BZN,4.1,sys,DL,,,BZN,321,77.18,257,333,81.04,5.00%,0.0015853628445234042,269.85,333,Cascaded,2027,269.84999999999997,333
D0,sys/DL/321,CHS,4.1,sys,DL,,,CHS,321,76.92,10,13,80.77,5.00%,6.168727021491846e-05,10.5,13,Cascaded,2027,10.5,13
D0,sys/DL/321,CLE,4.1,sys,DL,,,CLE,321,63.1,106,168,66.25,5.00%,0.0006538850642781355,111.3,168,Cascaded,2027,111.3,168
D0,sys/DL/321,CLT,4.1,sys,DL,,,CLT,321,59.17,100,169,62.13,5.00%,0.0006168727021491845,105.0,169,Cascaded,2027,105.0,169
D0,sys/DL/321,CMH,4.1,sys,DL,,,CMH,321,77.36,82,106,81.23,5.00%,0.0005058356157623313,86.1,106,Cascaded,2027,86.1,106
D0,sys/DL/321,CUN,4.1,sys,DL,,,CUN,321,55.55,1336,2405,58.33,5.00%,0.008241419300713105,1402.8,2405,Cascaded,2027,1402.8,2405
D0,sys/DL/321,CVG,4.1,sys,DL,,,CVG,321,65.26,481,737,68.53,5.00%,0.0029671576973375772,505.05,737,Cascaded,2027,505.04999999999995,737
D0,sys/DL/321,DAB,4.1,sys,DL,,,DAB,321,83.33,5,6,87.5,5.00%,3.084363510745923e-05,5.25,6,Cascaded,2027,5.25,6
D0,sys/DL/321,DCA,4.1,sys,DL,,,DCA,321,58.5,750,1282,61.43,5.00%,0.004626545266118884,787.5,1282,Cascaded,2027,787.5,1282
D0,sys/DL/321,DEN,4.1,sys,DL,,,DEN,321,61.43,3068,4994,64.51,5.00%,0.01892565450193698,3221.4,4994,Cascaded,2027,3221.4,4994
D0,sys/DL/321,DFW,4.1,sys,DL,,,DFW,321,59.61,1330,2231,62.6,5.00%,0.008204406938584154,1396.5,2231,Cascaded,2027,1396.5,2231
D0,sys/DL/321,DJT,4.1,sys,DL,,,DJT,321,61.14,2774,4537,64.2,5.00%,0.01711204875761838,2912.7,4537,Cascaded,2027,2912.7,4537
D0,sys/DL/321,DTW,4.1,sys,DL,,,DTW,321,58.94,8761,14864,61.89,5.00%,0.05404421743529005,9199.05,14864,Cascaded,2027,9199.05,14864
D0,sys/DL/321,EWR,4.1,sys,DL,,,EWR,321,49.78,898,1804,52.27,5.00%,0.005539516865299677,942.9,1804,Cascaded,2027,942.9,1804
D0,sys/DL/321,FAR,4.1,sys,DL,,,FAR,321,50.0,21,42,52.5,5.00%,0.00012954326745132875,22.05,42,Cascaded,2027,22.05,42
D0,sys/DL/321,FCA,4.1,sys,DL,,,FCA,321,78.79,52,66,82.73,5.00%,0.00032077380511757596,54.6,66,Cascaded,2027,54.6,66
D0,sys/DL/321,FLL,4.1,sys,DL,,,FLL,321,53.29,3886,7292,55.96,5.00%,0.02397167320551731,4080.3,7292,Cascaded,2027,4080.2999999999997,7292
D0,sys/DL/321,GCM,4.1,sys,DL,,,GCM,321,100.0,2,2,105.0,5.00%,1.233745404298369e-05,2.1,2,Cascaded,2027,2.1,2
D0,sys/DL/321,GEG,4.1,sys,DL,,,GEG,321,72.22,13,18,75.83,5.00%,8.019345127939399e-05,13.65,18,Cascaded,2027,13.65,18
D0,sys/DL/321,GRR,4.1,sys,DL,,,GRR,321,77.78,14,18,81.67,5.00%,8.636217830088583e-05,14.7,18,Cascaded,2027,14.7,18
D0,sys/DL/321,HNL,4.1,sys,DL,,,HNL,321,81.46,835,1025,85.54,5.00%,0.00515088706294569,876.75,1025,Cascaded,2027,876.75,1025
D0,sys/DL/321,IAD,4.1,sys,DL,,,IAD,321,100.0,1,1,105.0,5.00%,6.168727021491845e-06,1.05,1,Cascaded,2027,1.05,1
D0,sys/DL/321,IAH,4.1,sys,DL,,,IAH,321,55.13,940,1705,57.89,5.00%,0.005798603400202334,987.0,1705,Cascaded,2027,987.0,1705
D0,sys/DL/321,IND,4.1,sys,DL,,,IND,321,75.45,83,110,79.23,5.00%,0.0005120043427838232,87.15,110,Cascaded,2027,87.14999999999999,110
D0,sys/DL/321,JAX,4.1,sys,DL,,,JAX,321,62.54,718,1148,65.67,5.00%,0.004429146001431144,753.9,1148,Cascaded,2027,753.9,1148
D0,sys/DL/321,JFK,4.1,sys,DL,,,JFK,321,63.49,9708,15290,66.67,5.00%,0.05988600192464283,10193.4,15290,Cascaded,2027,10193.4,15290
D0,sys/DL/321,KOA,4.1,sys,DL,,,KOA,321,72.09,328,455,75.69,5.00%,0.002023342463049325,344.4,455,Cascaded,2027,344.4,455
D0,sys/DL/321,LAS,4.1,sys,DL,,,LAS,321,66.62,3892,5842,69.95,5.00%,0.02400868556764626,4086.6,5842,Cascaded,2027,4086.6,5842
D0,sys/DL/321,LAX,4.1,sys,DL,,,LAX,321,65.95,6894,10454,69.24,5.00%,0.042527204086164776,7238.7,10454,Cascaded,2027,7238.7,10454
D0,sys/DL/321,LGA,4.1,sys,DL,,,LGA,321,60.25,7715,12805,63.26,5.00%,0.047591728970809585,8100.75,12805,Cascaded,2027,8100.75,12805
D0,sys/DL/321,LIH,4.1,sys,DL,,,LIH,321,76.0,342,450,79.8,5.00%,0.002109704641350211,359.1,450,Cascaded,2027,359.09999999999997,450
D0,sys/DL/321,LIR,4.1,sys,DL,,,LIR,321,68.72,156,227,72.16,5.00%,0.0009623214153527278,163.8,227,Cascaded,2027,163.79999999999998,227
D0,sys/DL/321,MBJ,4.1,sys,DL,,,MBJ,321,68.87,522,758,72.31,5.00%,0.003220075505218743,548.1,758,Cascaded,2027,548.1,758
D0,sys/DL/321,MCI,4.1,sys,DL,,,MCI,321,75.0,6,8,78.75,5.00%,3.701236212895107e-05,6.3,8,Cascaded,2027,6.3,8
D0,sys/DL/321,MCO,4.1,sys,DL,,,MCO,321,63.17,6621,10481,66.33,5.00%,0.04084314160929751,6952.05,10481,Cascaded,2027,6952.05,10481
D0,sys/DL/321,MEM,4.1,sys,DL,,,MEM,321,57.14,12,21,60.0,5.00%,7.402472425790214e-05,12.6,21,Cascaded,2027,12.6,21
D0,sys/DL/321,MIA,4.1,sys,DL,,,MIA,321,51.16,1585,3098,53.72,5.00%,0.009777432329064575,1664.25,3098,Cascaded,2027,1664.25,3098
D0,sys/DL/321,MKE,4.1,sys,DL,,,MKE,321,73.85,144,195,77.54,5.00%,0.0008882966910948257,151.2,195,Cascaded,2027,151.2,195
D0,sys/DL/321,MSN,4.1,sys,DL,,,MSN,321,50.0,1,2,52.5,5.00%,6.168727021491845e-06,1.05,2,Cascaded,2027,1.05,2
D0,sys/DL/321,MSP,4.1,sys,DL,,,MSP,321,64.5,10455,16209,67.73,5.00%,0.06449404100969724,10977.75,16209,Cascaded,2027,10977.75,16209
D0,sys/DL/321,MSY,4.1,sys,DL,,,MSY,321,68.37,374,547,71.79,5.00%,0.00230710390603795,392.7,547,Cascaded,2027,392.7,547
D0,sys/DL/321,NAS,4.1,sys,DL,,,NAS,321,77.76,416,535,81.64,5.00%,0.0025661904409406077,436.8,535,Cascaded,2027,436.8,535
D0,sys/DL/321,OGG,4.1,sys,DL,,,OGG,321,88.39,434,491,92.81,5.00%,0.0026772275273274607,455.7,491,Cascaded,2027,455.7,491
D0,sys/DL/321,OKC,4.1,sys,DL,,,OKC,321,80.0,4,5,84.0,5.00%,2.467490808596738e-05,4.2,5,Cascaded,2027,4.2,5
D0,sys/DL/321,OMA,4.1,sys,DL,,,OMA,321,50.0,1,2,52.5,5.00%,6.168727021491845e-06,1.05,2,Cascaded,2027,1.05,2
D0,sys/DL/321,ONT,4.1,sys,DL,,,ONT,321,76.94,714,928,80.79,5.00%,0.004404471093345177,749.7,928,Cascaded,2027,749.6999999999999,928
D0,sys/DL/321,ORD,4.1,sys,DL,,,ORD,321,45.59,305,669,47.87,5.00%,0.0018814617415550128,320.25,669,Cascaded,2027,320.25,669
D0,sys/DL/321,ORF,4.1,sys,DL,,,ORF,321,43.31,68,157,45.48,5.00%,0.00041947343746144545,71.4,157,Cascaded,2027,71.39999999999999,157
D0,sys/DL/321,PDX,4.1,sys,DL,,,PDX,321,59.99,865,1442,62.99,5.00%,0.005335948873590446,908.25,1442,Cascaded,2027,908.25,1442
D0,sys/DL/321,PHL,4.1,sys,DL,,,PHL,321,63.57,1790,2816,66.74,5.00%,0.011042021368470403,1879.5,2816,Cascaded,2027,1879.5,2816
D0,sys/DL/321,PHX,4.1,sys,DL,,,PHX,321,70.77,3107,4390,74.31,5.00%,0.019166234855775163,3262.35,4390,Cascaded,2027,3262.35,4390
D0,sys/DL/321,PIT,4.1,sys,DL,,,PIT,321,71.06,167,235,74.62,5.00%,0.0010301774125891382,175.35,235,Cascaded,2027,175.35,235
D0,sys/DL/321,PLS,4.1,sys,DL,,,PLS,321,81.09,163,201,85.15,5.00%,0.0010055025045031707,171.15,201,Cascaded,2027,171.15,201
D0,sys/DL/321,PNS,4.1,sys,DL,,,PNS,321,50.0,9,18,52.5,5.00%,5.5518543193426606e-05,9.45,18,Cascaded,2027,9.45,18
D0,sys/DL/321,PSP,4.1,sys,DL,,,PSP,321,0.0,0,1,0.0,0.00%,0.0,0.0,1,Cascaded,2027,0.0,1
D0,sys/DL/321,PUJ,4.1,sys,DL,,,PUJ,321,60.17,760,1263,63.18,5.00%,0.0046882325363338025,798.0,1263,Cascaded,2027,798.0,1263
D0,sys/DL/321,PVD,4.1,sys,DL,,,PVD,321,62.21,270,434,65.32,5.00%,0.0016655562958027982,283.5,434,Cascaded,2027,283.5,434
D0,sys/DL/321,PWM,4.1,sys,DL,,,PWM,321,60.13,270,449,63.14,5.00%,0.0016655562958027982,283.5,449,Cascaded,2027,283.5,449
D0,sys/DL/321,RDU,4.1,sys,DL,,,RDU,321,68.07,550,808,71.47,5.00%,0.003392799861820515,577.5,808,Cascaded,2027,577.5,808
D0,sys/DL/321,RIC,4.1,sys,DL,,,RIC,321,57.52,65,113,60.4,5.00%,0.0004009672563969699,68.25,113,Cascaded,2027,68.25,113
D0,sys/DL/321,ROC,4.1,sys,DL,,,ROC,321,49.62,131,264,52.1,5.00%,0.0008081032398154317,137.55,264,Cascaded,2027,137.54999999999998,264
D0,sys/DL/321,RSW,4.1,sys,DL,,,RSW,321,72.78,1246,1712,76.42,5.00%,0.007686233868778839,1308.3,1712,Cascaded,2027,1308.3,1712
D0,sys/DL/321,SAN,4.1,sys,DL,,,SAN,321,69.1,4273,6184,72.55,5.00%,0.026358970562834653,4486.65,6184,Cascaded,2027,4486.65,6184
D0,sys/DL/321,SAT,4.1,sys,DL,,,SAT,321,72.36,1115,1541,75.97,5.00%,0.006878130628963407,1170.75,1541,Cascaded,2027,1170.75,1541
D0,sys/DL/321,SAV,4.1,sys,DL,,,SAV,321,66.42,91,137,69.74,5.00%,0.0005613541589557579,95.55,137,Cascaded,2027,95.55,137
D0,sys/DL/321,SDQ,4.1,sys,DL,,,SDQ,321,57.42,615,1071,60.29,5.00%,0.003793767118217485,645.75,1071,Cascaded,2027,645.75,1071
D0,sys/DL/321,SEA,4.1,sys,DL,,,SEA,321,63.6,5456,8578,66.78,5.00%,0.03365657462925951,5728.8,8578,Cascaded,2027,5728.8,8578
D0,sys/DL/321,SFO,4.1,sys,DL,,,SFO,321,57.1,865,1515,59.95,5.00%,0.005335948873590446,908.25,1515,Cascaded,2027,908.25,1515
D0,sys/DL/321,SJD,4.1,sys,DL,,,SJD,321,60.61,180,297,63.64,5.00%,0.0011103708638685321,189.0,297,Cascaded,2027,189.0,297
D0,sys/DL/321,SJU,4.1,sys,DL,,,SJU,321,73.52,1238,1684,77.19,5.00%,0.007636884052606904,1299.9,1684,Cascaded,2027,1299.8999999999999,1684
D0,sys/DL/321,SLC,4.1,sys,DL,,,SLC,321,64.27,9543,14848,67.48,5.00%,0.05886816196609668,10020.15,14848,Cascaded,2027,10020.15,14848
D0,sys/DL/321,SMF,4.1,sys,DL,,,SMF,321,93.33,28,30,98.0,5.00%,0.00017272435660177165,29.4,30,Cascaded,2027,29.4,30
D0,sys/DL/321,SRQ,4.1,sys,DL,,,SRQ,321,74.1,764,1031,77.81,5.00%,0.00471290744441977,802.2,1031,Cascaded,2027,802.1999999999999,1031
D0,sys/DL/321,STI,4.1,sys,DL,,,STI,321,67.61,720,1065,70.99,5.00%,0.0044414834554741284,756.0,1065,Cascaded,2027,756.0,1065
D0,sys/DL/321,STL,4.1,sys,DL,,,STL,321,72.82,142,195,76.46,5.00%,0.000875959237051842,149.1,195,Cascaded,2027,149.1,195
D0,sys/DL/321,SYR,4.1,sys,DL,,,SYR,321,71.79,504,702,75.38,5.00%,0.00310903841883189,529.2,702,Cascaded,2027,529.1999999999999,702
D0,sys/DL/321,TPA,4.1,sys,DL,,,TPA,321,63.8,3028,4746,66.99,5.00%,0.018678905421077308,3179.4,4746,Cascaded,2027,3179.4,4746
D0,sys/DL/321,TUS,4.1,sys,DL,,,TUS,321,77.08,232,301,80.93,5.00%,0.0014311446689861081,243.6,301,Cascaded,2027,243.6,301
D0,sys/DL/321,YUL,4.1,sys,DL,,,YUL,321,86.96,20,23,91.3,5.00%,0.0001233745404298369,21.0,23,Cascaded,2027,21.0,23
D0,sys/DL/321,YVR,4.1,sys,DL,,,YVR,321,0.0,0,4,0.0,0.00%,0.0,0.0,4,Cascaded,2027,0.0,4
D0,sys/DL/321,YYZ,4.1,sys,DL,,,YYZ,321,52.38,66,126,55.0,5.00%,0.0004071359834184618,69.3,126,Cascaded,2027,69.3,126
D0,sys/DL/332,ACC,4.1,sys,DL,,,ACC,332,55.0,11,20,57.75,5.00%,0.002723446397623174,11.55,20,Cascaded,2027,11.549999999999999,20
D0,sys/DL/332,ATL,4.1,sys,DL,,,ATL,332,56.1,589,1050,58.9,5.00%,0.1458281752909136,618.45,1050,Cascaded,2027,618.4499999999999,1050
D0,sys/DL/332,BCN,4.1,sys,DL,,,BCN,332,0.0,0,1,0.0,0.00%,0.0,0.0,1,Cascaded,2027,0.0,1
D0,sys/DL/332,CDG,4.1,sys,DL,,,CDG,332,30.0,3,10,31.5,5.00%,0.0007427581084426838,3.15,10,Cascaded,2027,3.15,10
D0,sys/DL/332,DTW,4.1,sys,DL,,,DTW,332,73.54,453,616,77.22,5.00%,0.11215647437484526,475.65,616,Cascaded,2027,475.65,616
D0,sys/DL/332,DUB,4.1,sys,DL,,,DUB,332,74.12,232,313,77.83,5.00%,0.057439960386234216,243.6,313,Cascaded,2027,243.6,313
D0,sys/DL/332,EDI,4.1,sys,DL,,,EDI,332,11.63,5,43,12.21,5.00%,0.0012379301807378064,5.25,43,Cascaded,2027,5.25,43
D0,sys/DL/332,EZE,4.1,sys,DL,,,EZE,332,82.35,42,51,86.47,5.00%,0.010398613518197574,44.1,51,Cascaded,2027,44.1,51
D0,sys/DL/332,FRA,4.1,sys,DL,,,FRA,332,66.92,613,916,70.27,5.00%,0.15177024015845506,643.65,916,Cascaded,2027,643.65,916
D0,sys/DL/332,GRU,4.1,sys,DL,,,GRU,332,100.0,2,2,105.0,5.00%,0.0004951720722951226,2.1,2,Cascaded,2027,2.1,2
D0,sys/DL/332,JFK,4.1,sys,DL,,,JFK,332,63.92,590,923,67.12,5.00%,0.14607576132706115,619.5,923,Cascaded,2027,619.5,923
D0,sys/DL/332,LAS,4.1,sys,DL,,,LAS,332,66.67,6,9,70.0,5.00%,0.0014855162168853676,6.3,9,Cascaded,2027,6.3,9
D0,sys/DL/332,LAX,4.1,sys,DL,,,LAX,332,66.43,186,280,69.75,5.00%,0.0460510027234464,195.3,280,Cascaded,2027,195.29999999999998,280
D0,sys/DL/332,LHR,4.1,sys,DL,,,LHR,332,70.62,649,919,74.15,5.00%,0.16068333745976726,681.45,919,Cascaded,2027,681.4499999999999,919
D0,sys/DL/332,LOS,4.1,sys,DL,,,LOS,332,25.62,41,160,26.91,5.00%,0.010151027482050013,43.05,160,Cascaded,2027,43.05,160
D0,sys/DL/332,MAD,4.1,sys,DL,,,MAD,332,100.0,1,1,105.0,5.00%,0.0002475860361475613,1.05,1,Cascaded,2027,1.05,1
D0,sys/DL/332,MCO,4.1,sys,DL,,,MCO,332,42.86,12,28,45.0,5.00%,0.0029710324337707352,12.6,28,Cascaded,2027,12.6,28
D0,sys/DL/332,MSP,4.1,sys,DL,,,MSP,332,68.13,124,182,71.54,5.00%,0.030700668482297598,130.2,182,Cascaded,2027,130.2,182
D0,sys/DL/332,MUC,4.1,sys,DL,,,MUC,332,69.86,51,73,73.36,5.00%,0.012626887843525626,53.55,73,Cascaded,2027,53.55,73
D0,sys/DL/332,NAP,4.1,sys,DL,,,NAP,332,47.73,42,88,50.11,5.00%,0.010398613518197574,44.1,88,Cascaded,2027,44.1,88
D0,sys/DL/332,OGG,4.1,sys,DL,,,OGG,332,0.0,0,1,0.0,0.00%,0.0,0.0,1,Cascaded,2027,0.0,1
D0,sys/DL/332,PHX,4.1,sys,DL,,,PHX,332,67.65,23,34,71.03,5.00%,0.00569447883139391,24.15,34,Cascaded,2027,24.15,34
D0,sys/DL/332,SAN,4.1,sys,DL,,,SAN,332,0.0,0,3,0.0,0.00%,0.0,0.0,3,Cascaded,2027,0.0,3
D0,sys/DL/332,SEA,4.1,sys,DL,,,SEA,332,57.14,88,154,60.0,5.00%,0.021787571180985392,92.4,154,Cascaded,2027,92.39999999999999,154
D0,sys/DL/332,SFO,4.1,sys,DL,,,SFO,332,70.42,50,71,73.94,5.00%,0.012379301807378064,52.5,71,Cascaded,2027,52.5,71
D0,sys/DL/332,SLC,4.1,sys,DL,,,SLC,332,64.68,174,269,67.92,5.00%,0.04307997028967566,182.7,269,Cascaded,2027,182.7,269
D0,sys/DL/332,TPA,4.1,sys,DL,,,TPA,332,63.64,7,11,66.82,5.00%,0.0017331022530329288,7.35,11,Cascaded,2027,7.35,11
D0,sys/DL/332,ZRH,4.1,sys,DL,,,ZRH,332,53.57,45,84,56.25,5.00%,0.011141371626640258,47.25,84,Cascaded,2027,47.25,84
D0,sys/DL/333,AMS,4.1,sys,DL,,,AMS,333,37.85,900,2378,39.74,5.00%,0.0984251968503937,945.0,2378,Cascaded,2027,945.0000000000001,2378
D0,sys/DL/333,ATH,4.1,sys,DL,,,ATH,333,66.57,219,329,69.89,5.00%,0.023950131233595802,229.95,329,Cascaded,2027,229.95000000000002,329
D0,sys/DL/333,ATL,4.1,sys,DL,,,ATL,333,49.56,1513,3053,52.04,5.00%,0.16546369203849517,1588.65,3053,Cascaded,2027,1588.65,3053
D0,sys/DL/333,BCN,4.1,sys,DL,,,BCN,333,54.14,183,338,56.85,5.00%,0.020013123359580054,192.15,338,Cascaded,2027,192.15,338
D0,sys/DL/333,BER,4.1,sys,DL,,,BER,333,50.0,1,2,52.5,5.00%,0.00010936132983377078,1.05,2,Cascaded,2027,1.05,2
D0,sys/DL/333,BOS,4.1,sys,DL,,,BOS,333,45.22,104,230,47.48,5.00%,0.011373578302712161,109.2,230,Cascaded,2027,109.2,230
D0,sys/DL/333,CDG,4.1,sys,DL,,,CDG,333,32.29,495,1533,33.9,5.00%,0.054133858267716536,519.75,1533,Cascaded,2027,519.75,1533
D0,sys/DL/333,CPH,4.1,sys,DL,,,CPH,333,60.71,17,28,63.75,5.00%,0.0018591426071741031,17.85,28,Cascaded,2027,17.85,28
D0,sys/DL/333,CVG,4.1,sys,DL,,,CVG,333,31.65,50,158,33.23,5.00%,0.005468066491688539,52.5,158,Cascaded,2027,52.50000000000001,158
D0,sys/DL/333,DTW,4.1,sys,DL,,,DTW,333,61.74,736,1192,64.83,5.00%,0.0804899387576553,772.8,1192,Cascaded,2027,772.8000000000001,1192
D0,sys/DL/333,DUB,4.1,sys,DL,,,DUB,333,69.78,194,278,73.27,5.00%,0.02121609798775153,203.7,278,Cascaded,2027,203.70000000000002,278
D0,sys/DL/333,FCO,4.1,sys,DL,,,FCO,333,68.4,381,557,71.82,5.00%,0.041666666666666664,400.05,557,Cascaded,2027,400.05,557
D0,sys/DL/333,FRA,4.1,sys,DL,,,FRA,333,66.67,2,3,70.0,5.00%,0.00021872265966754156,2.1,3,Cascaded,2027,2.1,3
D0,sys/DL/333,GIG,4.1,sys,DL,,,GIG,333,60.36,67,111,63.38,5.00%,0.007327209098862642,70.35,111,Cascaded,2027,70.35000000000001,111
D0,sys/DL/333,GRU,4.1,sys,DL,,,GRU,333,73.63,377,512,77.31,5.00%,0.041229221347331584,395.85,512,Cascaded,2027,395.85,512
D0,sys/DL/333,HNL,4.1,sys,DL,,,HNL,333,55.66,398,715,58.45,5.00%,0.04352580927384077,417.9,715,Cascaded,2027,417.90000000000003,715
D0,sys/DL/333,JFK,4.1,sys,DL,,,JFK,333,60.24,1383,2296,63.25,5.00%,0.151246719160105,1452.15,2296,Cascaded,2027,1452.15,2296
D0,sys/DL/333,LAS,4.1,sys,DL,,,LAS,333,65.29,79,121,68.55,5.00%,0.00863954505686789,82.95,121,Cascaded,2027,82.95,121
D0,sys/DL/333,LAX,4.1,sys,DL,,,LAX,333,59.43,104,175,62.4,5.00%,0.011373578302712161,109.2,175,Cascaded,2027,109.2,175
D0,sys/DL/333,LHR,4.1,sys,DL,,,LHR,333,100.0,2,2,105.0,5.00%,0.00021872265966754156,2.1,2,Cascaded,2027,2.1,2
D0,sys/DL/333,LIM,4.1,sys,DL,,,LIM,333,71.63,154,215,75.21,5.00%,0.0168416447944007,161.7,215,Cascaded,2027,161.70000000000002,215
D0,sys/DL/333,LIS,4.1,sys,DL,,,LIS,333,8.33,1,12,8.75,5.00%,0.00010936132983377078,1.05,12,Cascaded,2027,1.05,12
D0,sys/DL/333,MAD,4.1,sys,DL,,,MAD,333,69.44,250,360,72.92,5.00%,0.027340332458442695,262.5,360,Cascaded,2027,262.5,360
D0,sys/DL/333,MCO,4.1,sys,DL,,,MCO,333,54.66,88,161,57.39,5.00%,0.009623797025371828,92.4,161,Cascaded,2027,92.4,161
D0,sys/DL/333,MSP,4.1,sys,DL,,,MSP,333,57.5,659,1146,60.38,5.00%,0.07206911636045495,691.95,1146,Cascaded,2027,691.95,1146
D0,sys/DL/333,MXP,4.1,sys,DL,,,MXP,333,48.01,217,452,50.41,5.00%,0.023731408573928258,227.85,452,Cascaded,2027,227.85000000000002,452
D0,sys/DL/333,NCE,4.1,sys,DL,,,NCE,333,16.67,1,6,17.5,5.00%,0.00010936132983377078,1.05,6,Cascaded,2027,1.05,6
D0,sys/DL/333,OGG,4.1,sys,DL,,,OGG,333,62.5,125,200,65.62,5.00%,0.013670166229221348,131.25,200,Cascaded,2027,131.25,200
D0,sys/DL/333,PHX,4.1,sys,DL,,,PHX,333,64.2,113,176,67.41,5.00%,0.012357830271216098,118.65,176,Cascaded,2027,118.65,176
D0,sys/DL/333,SAN,4.1,sys,DL,,,SAN,333,50.0,1,2,52.5,5.00%,0.00010936132983377078,1.05,2,Cascaded,2027,1.05,2
D0,sys/DL/333,SCL,4.1,sys,DL,,,SCL,333,77.78,7,9,81.67,5.00%,0.0007655293088363954,7.35,9,Cascaded,2027,7.3500000000000005,9
D0,sys/DL/333,SEA,4.1,sys,DL,,,SEA,333,37.5,3,8,39.38,5.00%,0.00032808398950131233,3.15,8,Cascaded,2027,3.1500000000000004,8
D0,sys/DL/333,SFO,4.1,sys,DL,,,SFO,333,33.33,1,3,35.0,5.00%,0.00010936132983377078,1.05,3,Cascaded,2027,1.05,3
D0,sys/DL/333,SJU,4.1,sys,DL,,,SJU,333,100.0,1,1,105.0,5.00%,0.00010936132983377078,1.05,1,Cascaded,2027,1.05,1
D0,sys/DL/333,SLC,4.1,sys,DL,,,SLC,333,52.45,203,387,55.08,5.00%,0.02220034995625547,213.15,387,Cascaded,2027,213.15,387
D0,sys/DL/333,TPA,4.1,sys,DL,,,TPA,333,48.21,94,195,50.62,5.00%,0.010279965004374452,98.7,195,Cascaded,2027,98.7,195
D0,sys/DL/333,VCE,4.1,sys,DL,,,VCE,333,45.83,11,24,48.12,5.00%,0.0012029746281714785,11.55,24,Cascaded,2027,11.55,24
D0,sys/DL/333,ZRH,4.1,sys,DL,,,ZRH,333,58.82,10,17,61.76,5.00%,0.0010936132983377078,10.5,17,Cascaded,2027,10.5,17
D0,sys/DL/339,ACC,4.1,sys,DL,,,ACC,339,52.07,201,386,54.68,5.00%,0.016291133084778732,211.05,386,Cascaded,2027,211.04999999999998,386
D0,sys/DL/339,AMS,4.1,sys,DL,,,AMS,339,34.7,832,2398,36.43,5.00%,0.06743394391311396,873.6,2398,Cascaded,2027,873.6,2398
D0,sys/DL/339,ATH,4.1,sys,DL,,,ATH,339,70.81,473,668,74.35,5.00%,0.03833684551791214,496.65,668,Cascaded,2027,496.65,668
D0,sys/DL/339,ATL,4.1,sys,DL,,,ATL,339,53.94,1349,2501,56.64,5.00%,0.10933700761873885,1416.45,2501,Cascaded,2027,1416.45,2501
D0,sys/DL/339,BCN,4.1,sys,DL,,,BCN,339,57.89,143,247,60.79,5.00%,0.011590209110066462,150.15,247,Cascaded,2027,150.15,247
D0,sys/DL/339,BOS,4.1,sys,DL,,,BOS,339,68.26,1357,1988,71.67,5.00%,0.10998541092559572,1424.85,1988,Cascaded,2027,1424.85,1988
D0,sys/DL/339,CDG,4.1,sys,DL,,,CDG,339,41.25,533,1292,43.32,5.00%,0.043199870319338626,559.65,1292,Cascaded,2027,559.65,1292
D0,sys/DL/339,CPH,4.1,sys,DL,,,CPH,339,47.83,22,46,50.22,5.00%,0.0017831090938563786,23.1,46,Cascaded,2027,23.099999999999998,46
D0,sys/DL/339,CVG,4.1,sys,DL,,,CVG,339,52.27,23,44,54.89,5.00%,0.0018641595072134867,24.15,44,Cascaded,2027,24.15,44
D0,sys/DL/339,DTW,4.1,sys,DL,,,DTW,339,68.7,564,821,72.13,5.00%,0.04571243313340898,592.2,821,Cascaded,2027,592.1999999999999,821
D0,sys/DL/339,DUB,4.1,sys,DL,,,DUB,339,59.38,19,32,62.34,5.00%,0.0015399578537850544,19.95,32,Cascaded,2027,19.95,32
D0,sys/DL/339,EZE,4.1,sys,DL,,,EZE,339,60.67,273,450,63.7,5.00%,0.022126762846490518,286.65,450,Cascaded,2027,286.65,450
D0,sys/DL/339,FCO,4.1,sys,DL,,,FCO,339,75.62,980,1296,79.4,5.00%,0.07942940508996596,1029.0,1296,Cascaded,2027,1029.0,1296
D0,sys/DL/339,GRU,4.1,sys,DL,,,GRU,339,74.02,359,485,77.72,5.00%,0.029097098395201814,376.95,485,Cascaded,2027,376.95,485
D0,sys/DL/339,HNL,4.1,sys,DL,,,HNL,339,100.0,1,1,105.0,5.00%,8.105041335710812e-05,1.05,1,Cascaded,2027,1.05,1
D0,sys/DL/339,JFK,4.1,sys,DL,,,JFK,339,56.18,1500,2670,58.99,5.00%,0.12157562003566218,1575.0,2670,Cascaded,2027,1575.0,2670
D0,sys/DL/339,LAS,4.1,sys,DL,,,LAS,339,65.77,73,111,69.05,5.00%,0.005916680175068893,76.65,111,Cascaded,2027,76.64999999999999,111
D0,sys/DL/339,LAX,4.1,sys,DL,,,LAX,339,43.16,82,190,45.32,5.00%,0.006646133895282866,86.1,190,Cascaded,2027,86.1,190
D0,sys/DL/339,LHR,4.1,sys,DL,,,LHR,339,70.99,1194,1682,74.54,5.00%,0.0967741935483871,1253.7,1682,Cascaded,2027,1253.7,1682
D0,sys/DL/339,LIS,4.1,sys,DL,,,LIS,339,39.85,161,404,41.84,5.00%,0.013049116550494408,169.05,404,Cascaded,2027,169.04999999999998,404
D0,sys/DL/339,LOS,4.1,sys,DL,,,LOS,339,16.1,19,118,16.91,5.00%,0.0015399578537850544,19.95,118,Cascaded,2027,19.95,118
D0,sys/DL/339,MAD,4.1,sys,DL,,,MAD,339,75.0,36,48,78.75,5.00%,0.0029178148808558925,37.8,48,Cascaded,2027,37.8,48
D0,sys/DL/339,MCO,4.1,sys,DL,,,MCO,339,54.79,40,73,57.53,5.00%,0.003242016534284325,42.0,73,Cascaded,2027,42.0,73
D0,sys/DL/339,MSP,4.1,sys,DL,,,MSP,339,65.33,505,773,68.6,5.00%,0.0409304587453396,530.25,773,Cascaded,2027,530.25,773
D0,sys/DL/339,MXP,4.1,sys,DL,,,MXP,339,61.86,73,118,64.96,5.00%,0.005916680175068893,76.65,118,Cascaded,2027,76.64999999999999,118
D0,sys/DL/339,OGG,4.1,sys,DL,,,OGG,339,0.0,0,2,0.0,0.00%,0.0,0.0,2,Cascaded,2027,0.0,2
D0,sys/DL/339,PHX,4.1,sys,DL,,,PHX,339,54.84,34,62,57.58,5.00%,0.002755714054141676,35.7,62,Cascaded,2027,35.699999999999996,62
D0,sys/DL/339,PVG,4.1,sys,DL,,,PVG,339,70.51,208,295,74.03,5.00%,0.01685848597827849,218.4,295,Cascaded,2027,218.4,295
D0,sys/DL/339,SCL,4.1,sys,DL,,,SCL,339,88.89,8,9,93.33,5.00%,0.000648403306856865,8.4,9,Cascaded,2027,8.4,9
D0,sys/DL/339,SEA,4.1,sys,DL,,,SEA,339,59.61,828,1389,62.59,5.00%,0.06710974225968552,869.4,1389,Cascaded,2027,869.4,1389
D0,sys/DL/339,SFO,4.1,sys,DL,,,SFO,339,53.85,7,13,56.54,5.00%,0.0005673528934997568,7.35,13,Cascaded,2027,7.35,13
D0,sys/DL/339,SLC,4.1,sys,DL,,,SLC,339,67.39,281,417,70.76,5.00%,0.022775166153347383,295.05,417,Cascaded,2027,295.05,417
D0,sys/DL/339,TLV,4.1,sys,DL,,,TLV,339,57.63,136,236,60.51,5.00%,0.011022856216566705,142.8,236,Cascaded,2027,142.79999999999998,236
D0,sys/DL/339,TPA,4.1,sys,DL,,,TPA,339,44.83,13,29,47.07,5.00%,0.0010536553736424056,13.65,29,Cascaded,2027,13.65,29
D0,sys/DL/339,VCE,4.1,sys,DL,,,VCE,339,50.0,11,22,52.5,5.00%,0.0008915545469281893,11.55,22,Cascaded,2027,11.549999999999999,22
D0,sys/DL/359,AKL,4.1,sys,DL,,,AKL,359,0.0,0,1,0.0,0.00%,0.0,0.0,1,Cascaded,2027,0.0,1
D0,sys/DL/359,AMS,4.1,sys,DL,,,AMS,359,24.76,76,307,25.99,5.00%,0.020111140513363324,79.8,307,Cascaded,2027,79.8,307
D0,sys/DL/359,ATL,4.1,sys,DL,,,ATL,359,31.96,140,438,33.56,5.00%,0.037046837787774546,147.0,438,Cascaded,2027,147.0,438
D0,sys/DL/359,CDG,4.1,sys,DL,,,CDG,359,37.24,54,145,39.1,5.00%,0.014289494575284467,56.7,145,Cascaded,2027,56.699999999999996,145
D0,sys/DL/359,CPT,4.1,sys,DL,,,CPT,359,100.0,1,1,105.0,5.00%,0.0002646202699126753,1.05,1,Cascaded,2027,1.05,1
D0,sys/DL/359,DTW,4.1,sys,DL,,,DTW,359,50.15,512,1021,52.65,5.00%,0.13548557819528975,537.6,1021,Cascaded,2027,537.6,1021
D0,sys/DL/359,EZE,4.1,sys,DL,,,EZE,359,0.0,0,1,0.0,0.00%,0.0,0.0,1,Cascaded,2027,0.0,1
D0,sys/DL/359,GRU,4.1,sys,DL,,,GRU,359,0.0,0,1,0.0,0.00%,0.0,0.0,1,Cascaded,2027,0.0,1
D0,sys/DL/359,HND,4.1,sys,DL,,,HND,359,53.62,608,1134,56.3,5.00%,0.1608891241069066,638.4,1134,Cascaded,2027,638.4,1134
D0,sys/DL/359,HNL,4.1,sys,DL,,,HNL,359,0.0,0,1,0.0,0.00%,0.0,0.0,1,Cascaded,2027,0.0,1
D0,sys/DL/359,ICN,4.1,sys,DL,,,ICN,359,60.63,402,663,63.67,5.00%,0.10637734850489547,422.1,663,Cascaded,2027,422.09999999999997,663
D0,sys/DL/359,LAS,4.1,sys,DL,,,LAS,359,100.0,1,1,105.0,5.00%,0.0002646202699126753,1.05,1,Cascaded,2027,1.05,1
D0,sys/DL/359,LAX,4.1,sys,DL,,,LAX,359,60.81,301,495,63.85,5.00%,0.07965070124371527,316.05,495,Cascaded,2027,316.05,495
D0,sys/DL/359,LIM,4.1,sys,DL,,,LIM,359,0.0,0,1,0.0,0.00%,0.0,0.0,1,Cascaded,2027,0.0,1
D0,sys/DL/359,LOS,4.1,sys,DL,,,LOS,359,4.96,6,121,5.21,5.00%,0.0015877216194760519,6.3,121,Cascaded,2027,6.3,121
D0,sys/DL/359,MCO,4.1,sys,DL,,,MCO,359,0.0,0,2,0.0,0.00%,0.0,0.0,2,Cascaded,2027,0.0,2
D0,sys/DL/359,MSP,4.1,sys,DL,,,MSP,359,43.62,287,658,45.8,5.00%,0.07594601746493782,301.35,658,Cascaded,2027,301.34999999999997,658
D0,sys/DL/359,PHX,4.1,sys,DL,,,PHX,359,0.0,0,1,0.0,0.00%,0.0,0.0,1,Cascaded,2027,0.0,1
D0,sys/DL/359,PVG,4.1,sys,DL,,,PVG,359,71.49,331,463,75.06,5.00%,0.08758930934109553,347.55,463,Cascaded,2027,347.54999999999995,463
D0,sys/DL/359,SCL,4.1,sys,DL,,,SCL,359,78.26,108,138,82.17,5.00%,0.028578989150568935,113.4,138,Cascaded,2027,113.39999999999999,138
D0,sys/DL/359,SEA,4.1,sys,DL,,,SEA,359,51.93,552,1063,54.52,5.00%,0.14607038899179678,579.6,1063,Cascaded,2027,579.6,1063
D0,sys/DL/359,SLC,4.1,sys,DL,,,SLC,359,48.0,48,100,50.4,5.00%,0.012701772955808415,50.4,100,Cascaded,2027,50.4,100
D0,sys/DL/359,SYD,4.1,sys,DL,,,SYD,359,76.71,112,146,80.55,5.00%,0.029637470230219634,117.6,146,Cascaded,2027,117.6,146
D0,sys/DL/359,TPE,4.1,sys,DL,,,TPE,359,69.16,240,347,72.62,5.00%,0.06350886477904208,252.0,347,Cascaded,2027,252.0,347
D0,sys/DL/35H,AKL,4.1,sys,DL,,,AKL,35H,66.67,16,24,70.0,5.00%,0.0057000356252226575,16.8,24,Cascaded,2027,16.8,24
D0,sys/DL/35H,AMS,4.1,sys,DL,,,AMS,35H,20.59,7,34,21.62,5.00%,0.0024937655860349127,7.35,34,Cascaded,2027,7.35,34
D0,sys/DL/35H,ATL,4.1,sys,DL,,,ATL,35H,46.38,826,1781,48.7,5.00%,0.2942643391521197,867.3,1781,Cascaded,2027,867.3,1781
D0,sys/DL/35H,BCN,4.1,sys,DL,,,BCN,35H,0.0,0,2,0.0,0.00%,0.0,0.0,2,Cascaded,2027,0.0,2
D0,sys/DL/35H,CDG,4.1,sys,DL,,,CDG,35H,36.36,4,11,38.18,5.00%,0.0014250089063056644,4.2,11,Cascaded,2027,4.2,11
D0,sys/DL/35H,CPT,4.1,sys,DL,,,CPT,35H,55.38,108,195,58.15,5.00%,0.03847524047025294,113.4,195,Cascaded,2027,113.39999999999999,195
D0,sys/DL/35H,DTW,4.1,sys,DL,,,DTW,35H,52.94,189,357,55.59,5.00%,0.06733167082294264,198.45,357,Cascaded,2027,198.45,357
D0,sys/DL/35H,FCO,4.1,sys,DL,,,FCO,35H,50.0,17,34,52.5,5.00%,0.006056287851799074,17.85,34,Cascaded,2027,17.849999999999998,34
D0,sys/DL/35H,HND,4.1,sys,DL,,,HND,35H,58.17,89,153,61.08,5.00%,0.031706448165301035,93.45,153,Cascaded,2027,93.45,153
D0,sys/DL/35H,HNL,4.1,sys,DL,,,HNL,35H,0.0,0,5,0.0,0.00%,0.0,0.0,5,Cascaded,2027,0.0,5
D0,sys/DL/35H,ICN,4.1,sys,DL,,,ICN,35H,62.38,738,1183,65.5,5.00%,0.26291414321339507,774.9,1183,Cascaded,2027,774.9,1183
D0,sys/DL/35H,JNB,4.1,sys,DL,,,JNB,35H,60.32,190,315,63.33,5.00%,0.06768792304951905,199.5,315,Cascaded,2027,199.5,315
D0,sys/DL/35H,LAS,4.1,sys,DL,,,LAS,35H,33.33,2,6,35.0,5.00%,0.0007125044531528322,2.1,6,Cascaded,2027,2.1,6
D0,sys/DL/35H,LAX,4.1,sys,DL,,,LAX,35H,46.96,247,526,49.31,5.00%,0.08799429996437477,259.35,526,Cascaded,2027,259.34999999999997,526
D0,sys/DL/35H,LIM,4.1,sys,DL,,,LIM,35H,62.5,15,24,65.62,5.00%,0.005343783398646241,15.75,24,Cascaded,2027,15.75,24
D0,sys/DL/35H,LOS,4.1,sys,DL,,,LOS,35H,0.0,0,2,0.0,0.00%,0.0,0.0,2,Cascaded,2027,0.0,2
D0,sys/DL/35H,MCO,4.1,sys,DL,,,MCO,35H,50.0,8,16,52.5,5.00%,0.0028500178126113287,8.4,16,Cascaded,2027,8.4,16
D0,sys/DL/35H,MSP,4.1,sys,DL,,,MSP,35H,73.33,11,15,77.0,5.00%,0.003918774492340577,11.55,15,Cascaded,2027,11.549999999999999,15
D0,sys/DL/35H,PHX,4.1,sys,DL,,,PHX,35H,50.0,1,2,52.5,5.00%,0.0003562522265764161,1.05,2,Cascaded,2027,1.05,2
D0,sys/DL/35H,PVG,4.1,sys,DL,,,PVG,35H,33.33,2,6,35.0,5.00%,0.0007125044531528322,2.1,6,Cascaded,2027,2.1,6
D0,sys/DL/35H,SCL,4.1,sys,DL,,,SCL,35H,75.63,90,119,79.41,5.00%,0.03206270039187745,94.5,119,Cascaded,2027,94.5,119
D0,sys/DL/35H,SEA,4.1,sys,DL,,,SEA,35H,25.0,1,4,26.25,5.00%,0.0003562522265764161,1.05,4,Cascaded,2027,1.05,4
D0,sys/DL/35H,SLC,4.1,sys,DL,,,SLC,35H,61.59,85,138,64.67,5.00%,0.030281439258995367,89.25,138,Cascaded,2027,89.25,138
D0,sys/DL/35H,SYD,4.1,sys,DL,,,SYD,35H,69.57,160,230,73.04,5.00%,0.057000356252226575,168.0,230,Cascaded,2027,168.0,230
D0,sys/DL/35H,TPE,4.1,sys,DL,,,TPE,35H,100.0,1,1,105.0,5.00%,0.0003562522265764161,1.05,1,Cascaded,2027,1.05,1
D0,sys/DL/35J,AKL,4.1,sys,DL,,,AKL,35J,83.02,132,159,87.17,5.00%,0.07787610619469026,138.6,159,Cascaded,2027,138.6,159
D0,sys/DL/35J,AMS,4.1,sys,DL,,,AMS,35J,17.86,20,112,18.75,5.00%,0.011799410029498525,21.0,112,Cascaded,2027,21.0,112
D0,sys/DL/35J,ATL,4.1,sys,DL,,,ATL,35J,47.7,145,304,50.08,5.00%,0.0855457227138643,152.25,304,Cascaded,2027,152.25,304
D0,sys/DL/35J,BCN,4.1,sys,DL,,,BCN,35J,26.47,9,34,27.79,5.00%,0.005309734513274336,9.45,34,Cascaded,2027,9.45,34
D0,sys/DL/35J,BNE,4.1,sys,DL,,,BNE,35J,45.16,28,62,47.42,5.00%,0.016519174041297935,29.4,62,Cascaded,2027,29.4,62
D0,sys/DL/35J,CDG,4.1,sys,DL,,,CDG,35J,42.61,49,115,44.74,5.00%,0.028908554572271386,51.45,115,Cascaded,2027,51.45,115
D0,sys/DL/35J,DTW,4.1,sys,DL,,,DTW,35J,48.65,18,37,51.08,5.00%,0.010619469026548672,18.9,37,Cascaded,2027,18.9,37
D0,sys/DL/35J,FCO,4.1,sys,DL,,,FCO,35J,21.88,7,32,22.97,5.00%,0.004129793510324484,7.35,32,Cascaded,2027,7.35,32
D0,sys/DL/35J,HND,4.1,sys,DL,,,HND,35J,57.0,289,507,59.85,5.00%,0.1705014749262537,303.45,507,Cascaded,2027,303.45,507
D0,sys/DL/35J,ICN,4.1,sys,DL,,,ICN,35J,67.79,141,208,71.18,5.00%,0.0831858407079646,148.05,208,Cascaded,2027,148.05,208
D0,sys/DL/35J,LAS,4.1,sys,DL,,,LAS,35J,62.5,5,8,65.62,5.00%,0.0029498525073746312,5.25,8,Cascaded,2027,5.25,8
D0,sys/DL/35J,LAX,4.1,sys,DL,,,LAX,35J,55.48,395,712,58.25,5.00%,0.23303834808259588,414.75,712,Cascaded,2027,414.75,712
D0,sys/DL/35J,LIM,4.1,sys,DL,,,LIM,35J,48.0,12,25,50.4,5.00%,0.007079646017699115,12.6,25,Cascaded,2027,12.6,25
D0,sys/DL/35J,LOS,4.1,sys,DL,,,LOS,35J,0.0,0,3,0.0,0.00%,0.0,0.0,3,Cascaded,2027,0.0,3
D0,sys/DL/35J,MCO,4.1,sys,DL,,,MCO,35J,100.0,1,1,105.0,5.00%,0.0005899705014749262,1.05,1,Cascaded,2027,1.05,1
D0,sys/DL/35J,MSP,4.1,sys,DL,,,MSP,35J,61.29,247,403,64.35,5.00%,0.1457227138643068,259.35,403,Cascaded,2027,259.35,403
D0,sys/DL/35J,PHX,4.1,sys,DL,,,PHX,35J,100.0,1,1,105.0,5.00%,0.0005899705014749262,1.05,1,Cascaded,2027,1.05,1
D0,sys/DL/35J,PVG,4.1,sys,DL,,,PVG,35J,61.17,63,103,64.22,5.00%,0.03716814159292035,66.15,103,Cascaded,2027,66.15,103
D0,sys/DL/35J,SCL,4.1,sys,DL,,,SCL,35J,79.41,54,68,83.38,5.00%,0.03185840707964602,56.7,68,Cascaded,2027,56.7,68
D0,sys/DL/35J,SEA,4.1,sys,DL,,,SEA,35J,55.56,40,72,58.33,5.00%,0.02359882005899705,42.0,72,Cascaded,2027,42.0,72
D0,sys/DL/35J,SLC,4.1,sys,DL,,,SLC,35J,37.04,10,27,38.89,5.00%,0.0058997050147492625,10.5,27,Cascaded,2027,10.5,27
D0,sys/DL/35J,SYD,4.1,sys,DL,,,SYD,35J,53.85,21,39,56.54,5.00%,0.012389380530973451,22.05,39,Cascaded,2027,22.05,39
D0,sys/DL/35J,TPE,4.1,sys,DL,,,TPE,35J,66.67,8,12,70.0,5.00%,0.00471976401179941,8.4,12,Cascaded,2027,8.4,12
D0,sys/DL/35L,AMS,4.1,sys,DL,,,AMS,35L,3.51,4,114,3.68,5.00%,0.028368794326241134,4.2,114,Cascaded,2027,4.2,114
D0,sys/DL/35L,ATL,4.1,sys,DL,,,ATL,35L,24.48,82,335,25.7,5.00%,0.5815602836879432,86.1,335,Cascaded,2027,86.10000000000001,335
D0,sys/DL/35L,BCN,4.1,sys,DL,,,BCN,35L,9.52,2,21,10.0,5.00%,0.014184397163120567,2.1,21,Cascaded,2027,2.1,21
D0,sys/DL/35L,FCO,4.1,sys,DL,,,FCO,35L,21.98,20,91,23.08,5.00%,0.14184397163120568,21.0,91,Cascaded,2027,21.0,91
D0,sys/DL/35L,LIM,4.1,sys,DL,,,LIM,35L,22.34,21,94,23.46,5.00%,0.14893617021276595,22.05,94,Cascaded,2027,22.05,94
D0,sys/DL/35L,SCL,4.1,sys,DL,,,SCL,35L,66.67,12,18,70.0,5.00%,0.0851063829787234,12.6,18,Cascaded,2027,12.600000000000001,18
D0,sys/DL/717,AGS,4.1,sys,DL,,,AGS,717,66.05,391,592,69.35,5.00%,0.003865737307825399,410.55,592,Cascaded,2027,410.55,592
D0,sys/DL/717,ALB,4.1,sys,DL,,,ALB,717,0.0,0,2,0.0,0.00%,0.0,0.0,2,Cascaded,2027,0.0,2
D0,sys/DL/717,ATL,4.1,sys,DL,,,ATL,717,69.18,37296,53911,72.64,5.00%,0.36873795046715113,39160.8,53911,Cascaded,2027,39160.8,53911
D0,sys/DL/717,ATW,4.1,sys,DL,,,ATW,717,80.0,124,155,84.0,5.00%,0.0012259627267783874,130.2,155,Cascaded,2027,130.2,155
D0,sys/DL/717,AVL,4.1,sys,DL,,,AVL,717,65.35,1320,2020,68.61,5.00%,0.013050570962479609,1386.0,2020,Cascaded,2027,1386.0,2020
D0,sys/DL/717,BDL,4.1,sys,DL,,,BDL,717,74.46,481,646,78.18,5.00%,0.0047555489643580995,505.05,646,Cascaded,2027,505.05,646
D0,sys/DL/717,BGR,4.1,sys,DL,,,BGR,717,0.0,0,1,0.0,0.00%,0.0,0.0,1,Cascaded,2027,0.0,1
D0,sys/DL/717,BHM,4.1,sys,DL,,,BHM,717,75.54,1109,1468,79.32,5.00%,0.01096445696771961,1164.45,1468,Cascaded,2027,1164.45,1468
D0,sys/DL/717,BIS,4.1,sys,DL,,,BIS,717,64.37,56,87,67.59,5.00%,0.0005536605862870137,58.8,87,Cascaded,2027,58.8,87
D0,sys/DL/717,BNA,4.1,sys,DL,,,BNA,717,75.6,824,1090,79.38,5.00%,0.008146720055366059,865.2,1090,Cascaded,2027,865.2,1090
D0,sys/DL/717,BTR,4.1,sys,DL,,,BTR,717,69.83,662,948,73.32,5.00%,0.006545059073607197,695.1,948,Cascaded,2027,695.1,948
D0,sys/DL/717,BTV,4.1,sys,DL,,,BTV,717,80.0,8,10,84.0,5.00%,7.909436946957338e-05,8.4,10,Cascaded,2027,8.4,10
D0,sys/DL/717,BUF,4.1,sys,DL,,,BUF,717,66.67,98,147,70.0,5.00%,0.000968906026002274,102.9,147,Cascaded,2027,102.9,147
D0,sys/DL/717,BWI,4.1,sys,DL,,,BWI,717,74.83,868,1160,78.57,5.00%,0.008581739087448713,911.4,1160,Cascaded,2027,911.4,1160
D0,sys/DL/717,CAE,4.1,sys,DL,,,CAE,717,68.57,1237,1804,72.0,5.00%,0.012229966879232784,1298.85,1804,Cascaded,2027,1298.85,1804
D0,sys/DL/717,CHA,4.1,sys,DL,,,CHA,717,65.81,841,1278,69.1,5.00%,0.008314795590488902,883.05,1278,Cascaded,2027,883.05,1278
D0,sys/DL/717,CHO,4.1,sys,DL,,,CHO,717,72.38,131,181,75.99,5.00%,0.0012951703000642642,137.55,181,Cascaded,2027,137.55,181
D0,sys/DL/717,CHS,4.1,sys,DL,,,CHS,717,75.98,541,712,79.78,5.00%,0.0053487567353799,568.05,712,Cascaded,2027,568.05,712
D0,sys/DL/717,CID,4.1,sys,DL,,,CID,717,76.92,10,13,80.77,5.00%,9.886796183696674e-05,10.5,13,Cascaded,2027,10.5,13
D0,sys/DL/717,CLE,4.1,sys,DL,,,CLE,717,65.23,167,256,68.5,5.00%,0.0016510949626773444,175.35,256,Cascaded,2027,175.35,256
D0,sys/DL/717,CLT,4.1,sys,DL,,,CLT,717,72.44,3582,4945,76.06,5.00%,0.035414503930001485,3761.1,4945,Cascaded,2027,3761.1,4945
D0,sys/DL/717,CMH,4.1,sys,DL,,,CMH,717,65.53,192,293,68.81,5.00%,0.0018982648672697612,201.6,293,Cascaded,2027,201.6,293
D0,sys/DL/717,CVG,4.1,sys,DL,,,CVG,717,60.45,107,177,63.47,5.00%,0.001057887191655544,112.35,177,Cascaded,2027,112.35,177
D0,sys/DL/717,DAB,4.1,sys,DL,,,DAB,717,56.05,125,223,58.86,5.00%,0.001235849522962084,131.25,223,Cascaded,2027,131.25,223
D0,sys/DL/717,DAL,4.1,sys,DL,,,DAL,717,64.05,1160,1811,67.26,5.00%,0.011468683573088142,1218.0,1811,Cascaded,2027,1218.0,1811
D0,sys/DL/717,DAY,4.1,sys,DL,,,DAY,717,76.51,1049,1371,80.34,5.00%,0.01037124919669781,1101.45,1371,Cascaded,2027,1101.45,1371
D0,sys/DL/717,DCA,4.1,sys,DL,,,DCA,717,50.0,1,2,52.5,5.00%,9.886796183696673e-06,1.05,2,Cascaded,2027,1.05,2
D0,sys/DL/717,DFW,4.1,sys,DL,,,DFW,717,30.77,4,13,32.31,5.00%,3.954718473478669e-05,4.2,13,Cascaded,2027,4.2,13
D0,sys/DL/717,DLH,4.1,sys,DL,,,DLH,717,66.67,4,6,70.0,5.00%,3.954718473478669e-05,4.2,6,Cascaded,2027,4.2,6
D0,sys/DL/717,DSM,4.1,sys,DL,,,DSM,717,76.15,929,1220,79.95,5.00%,0.00918483365465421,975.45,1220,Cascaded,2027,975.45,1220
D0,sys/DL/717,DTW,4.1,sys,DL,,,DTW,717,70.16,9171,13072,73.67,5.00%,0.0906718078006822,9629.55,13072,Cascaded,2027,9629.55,13072
D0,sys/DL/717,ECP,4.1,sys,DL,,,ECP,717,67.04,887,1323,70.4,5.00%,0.008769588214938949,931.35,1323,Cascaded,2027,931.35,1323
D0,sys/DL/717,EWR,4.1,sys,DL,,,EWR,717,68.17,1341,1967,71.58,5.00%,0.013258193682337239,1408.05,1967,Cascaded,2027,1408.05,1967
D0,sys/DL/717,FAR,4.1,sys,DL,,,FAR,717,100.0,1,1,105.0,5.00%,9.886796183696673e-06,1.05,1,Cascaded,2027,1.05,1
D0,sys/DL/717,FAY,4.1,sys,DL,,,FAY,717,36.07,22,61,37.87,5.00%,0.0002175095160413268,23.1,61,Cascaded,2027,23.1,61
D0,sys/DL/717,GNV,4.1,sys,DL,,,GNV,717,74.04,1132,1529,77.74,5.00%,0.011191853279944633,1188.6,1529,Cascaded,2027,1188.6,1529
D0,sys/DL/717,GPT,4.1,sys,DL,,,GPT,717,76.65,985,1285,80.49,5.00%,0.009738494240941222,1034.25,1285,Cascaded,2027,1034.25,1285
D0,sys/DL/717,GRB,4.1,sys,DL,,,GRB,717,65.03,119,183,68.28,5.00%,0.001176528745859904,124.95,183,Cascaded,2027,124.95,183
D0,sys/DL/717,GRR,4.1,sys,DL,,,GRR,717,69.09,38,55,72.55,5.00%,0.0003756982549804736,39.9,55,Cascaded,2027,39.9,55
D0,sys/DL/717,GSO,4.1,sys,DL,,,GSO,717,76.27,1466,1922,80.09,5.00%,0.014494043205299323,1539.3,1922,Cascaded,2027,1539.3,1922
D0,sys/DL/717,GSP,4.1,sys,DL,,,GSP,717,74.51,1374,1844,78.24,5.00%,0.013584457956399228,1442.7,1844,Cascaded,2027,1442.7,1844
D0,sys/DL/717,HOU,4.1,sys,DL,,,HOU,717,70.86,428,604,74.4,5.00%,0.004231548766622176,449.4,604,Cascaded,2027,449.4,604
D0,sys/DL/717,HPN,4.1,sys,DL,,,HPN,717,52.29,366,700,54.9,5.00%,0.003618567403232982,384.3,700,Cascaded,2027,384.3,700
D0,sys/DL/717,HSV,4.1,sys,DL,,,HSV,717,75.41,1478,1960,79.18,5.00%,0.014612684759503683,1551.9,1960,Cascaded,2027,1551.9,1960
D0,sys/DL/717,IAD,4.1,sys,DL,,,IAD,717,70.48,74,105,74.0,5.00%,0.0007316229175935538,77.7,105,Cascaded,2027,77.7,105
D0,sys/DL/717,IAH,4.1,sys,DL,,,IAH,717,55.81,24,43,58.6,5.00%,0.00023728310840872015,25.2,43,Cascaded,2027,25.2,43
D0,sys/DL/717,ICT,4.1,sys,DL,,,ICT,717,68.14,770,1130,71.55,5.00%,0.0076128330614464385,808.5,1130,Cascaded,2027,808.5,1130
D0,sys/DL/717,ILM,4.1,sys,DL,,,ILM,717,64.7,735,1136,67.94,5.00%,0.007266795195017055,771.75,1136,Cascaded,2027,771.75,1136
D0,sys/DL/717,IND,4.1,sys,DL,,,IND,717,73.28,181,247,76.94,5.00%,0.0017895101092490978,190.05,247,Cascaded,2027,190.05,247
D0,sys/DL/717,JAN,4.1,sys,DL,,,JAN,717,77.3,1519,1965,81.17,5.00%,0.015018043403035246,1594.95,1965,Cascaded,2027,1594.95,1965
D0,sys/DL/717,JAX,4.1,sys,DL,,,JAX,717,86.67,13,15,91.0,5.00%,0.00012852835038805674,13.65,15,Cascaded,2027,13.65,15
D0,sys/DL/717,LEX,4.1,sys,DL,,,LEX,717,79.29,1459,1840,83.26,5.00%,0.014424835632013445,1531.95,1840,Cascaded,2027,1531.95,1840
D0,sys/DL/717,LIT,4.1,sys,DL,,,LIT,717,73.76,1096,1486,77.44,5.00%,0.010835928617331554,1150.8,1486,Cascaded,2027,1150.8,1486
D0,sys/DL/717,MCI,4.1,sys,DL,,,MCI,717,77.1,1444,1873,80.95,5.00%,0.014276533689257995,1516.2,1873,Cascaded,2027,1516.2,1873
D0,sys/DL/717,MDT,4.1,sys,DL,,,MDT,717,71.94,518,720,75.54,5.00%,0.005121360423154877,543.9,720,Cascaded,2027,543.9,720
D0,sys/DL/717,MDW,4.1,sys,DL,,,MDW,717,66.21,439,663,69.52,5.00%,0.00434030352464284,460.95,663,Cascaded,2027,460.95,663
D0,sys/DL/717,MEM,4.1,sys,DL,,,MEM,717,74.39,1377,1851,78.11,5.00%,0.013614118344950318,1445.85,1851,Cascaded,2027,1445.85,1851
D0,sys/DL/717,MKE,4.1,sys,DL,,,MKE,717,70.29,388,552,73.8,5.00%,0.0038360769192743093,407.4,552,Cascaded,2027,407.4,552
D0,sys/DL/717,MLB,4.1,sys,DL,,,MLB,717,71.56,828,1157,75.14,5.00%,0.008186267240100846,869.4,1157,Cascaded,2027,869.4,1157
D0,sys/DL/717,MOB,4.1,sys,DL,,,MOB,717,72.89,535,734,76.53,5.00%,0.0052894359582777205,561.75,734,Cascaded,2027,561.75,734
D0,sys/DL/717,MSN,4.1,sys,DL,,,MSN,717,78.74,996,1265,82.67,5.00%,0.009847248998961887,1045.8,1265,Cascaded,2027,1045.8,1265
D0,sys/DL/717,MSP,4.1,sys,DL,,,MSP,717,69.37,3250,4685,72.84,5.00%,0.032132087597014185,3412.5,4685,Cascaded,2027,3412.5,4685
D0,sys/DL/717,MSY,4.1,sys,DL,,,MSY,717,100.0,4,4,105.0,5.00%,3.954718473478669e-05,4.2,4,Cascaded,2027,4.2,4
D0,sys/DL/717,MYR,4.1,sys,DL,,,MYR,717,73.24,791,1080,76.9,5.00%,0.007820455781304069,830.55,1080,Cascaded,2027,830.55,1080
D0,sys/DL/717,OKC,4.1,sys,DL,,,OKC,717,76.58,680,888,80.41,5.00%,0.006723021404913738,714.0,888,Cascaded,2027,714.0,888
D0,sys/DL/717,OMA,4.1,sys,DL,,,OMA,717,74.55,662,888,78.28,5.00%,0.006545059073607197,695.1,888,Cascaded,2027,695.1,888
D0,sys/DL/717,ORD,4.1,sys,DL,,,ORD,717,66.87,981,1467,70.21,5.00%,0.009698947056206437,1030.05,1467,Cascaded,2027,1030.05,1467
D0,sys/DL/717,ORF,4.1,sys,DL,,,ORF,717,66.6,327,491,69.93,5.00%,0.003232982352068812,343.35,491,Cascaded,2027,343.35,491
D0,sys/DL/717,PHL,4.1,sys,DL,,,PHL,717,71.06,1019,1434,74.61,5.00%,0.01007464531118691,1069.95,1434,Cascaded,2027,1069.95,1434
D0,sys/DL/717,PIT,4.1,sys,DL,,,PIT,717,56.78,113,199,59.62,5.00%,0.001117207968757724,118.65,199,Cascaded,2027,118.65,199
D0,sys/DL/717,PNS,4.1,sys,DL,,,PNS,717,78.16,630,806,82.07,5.00%,0.006228681595728904,661.5,806,Cascaded,2027,661.5,806
D0,sys/DL/717,PVD,4.1,sys,DL,,,PVD,717,69.66,62,89,73.15,5.00%,0.0006129813633891937,65.1,89,Cascaded,2027,65.1,89
D0,sys/DL/717,PWM,4.1,sys,DL,,,PWM,717,65.62,229,349,68.9,5.00%,0.002264076326066538,240.45,349,Cascaded,2027,240.45,349
D0,sys/DL/717,RDU,4.1,sys,DL,,,RDU,717,67.12,147,219,70.48,5.00%,0.001453359039003411,154.35,219,Cascaded,2027,154.35,219
D0,sys/DL/717,RIC,4.1,sys,DL,,,RIC,717,72.58,45,62,76.21,5.00%,0.0004449058282663503,47.25,62,Cascaded,2027,47.25,62
D0,sys/DL/717,SAV,4.1,sys,DL,,,SAV,717,65.07,626,962,68.33,5.00%,0.006189134410994117,657.3,962,Cascaded,2027,657.3,962
D0,sys/DL/717,SDF,4.1,sys,DL,,,SDF,717,73.83,852,1154,77.52,5.00%,0.008423550348509565,894.6,1154,Cascaded,2027,894.6,1154
D0,sys/DL/717,SGF,4.1,sys,DL,,,SGF,717,51.5,240,466,54.08,5.00%,0.0023728310840872013,252.0,466,Cascaded,2027,252.0,466
D0,sys/DL/717,SHV,4.1,sys,DL,,,SHV,717,0.0,0,1,0.0,0.00%,0.0,0.0,1,Cascaded,2027,0.0,1
D0,sys/DL/717,SRQ,4.1,sys,DL,,,SRQ,717,50.0,14,28,52.5,5.00%,0.00013841514657175343,14.7,28,Cascaded,2027,14.7,28
D0,sys/DL/717,STL,4.1,sys,DL,,,STL,717,78.47,1141,1454,82.4,5.00%,0.011280834445597904,1198.05,1454,Cascaded,2027,1198.05,1454
D0,sys/DL/717,SYR,4.1,sys,DL,,,SYR,717,100.0,1,1,105.0,5.00%,9.886796183696673e-06,1.05,1,Cascaded,2027,1.05,1
D0,sys/DL/717,TLH,4.1,sys,DL,,,TLH,717,76.66,1412,1842,80.49,5.00%,0.013960156211379702,1482.6,1842,Cascaded,2027,1482.6,1842
D0,sys/DL/717,TRI,4.1,sys,DL,,,TRI,717,66.41,255,384,69.73,5.00%,0.002521133026842652,267.75,384,Cascaded,2027,267.75,384
D0,sys/DL/717,TUL,4.1,sys,DL,,,TUL,717,73.23,1130,1543,76.9,5.00%,0.011172079687577241,1186.5,1543,Cascaded,2027,1186.5,1543
D0,sys/DL/717,TVC,4.1,sys,DL,,,TVC,717,42.86,12,28,45.0,5.00%,0.00011864155420436007,12.6,28,Cascaded,2027,12.6,28
D0,sys/DL/717,TYS,4.1,sys,DL,,,TYS,717,72.06,673,934,75.66,5.00%,0.006653813831627861,706.65,934,Cascaded,2027,706.65,934
D0,sys/DL/717,VPS,4.1,sys,DL,,,VPS,717,69.95,1031,1474,73.44,5.00%,0.01019328686539127,1082.55,1474,Cascaded,2027,1082.55,1474
D0,sys/DL/717,XNA,4.1,sys,DL,,,XNA,717,73.26,285,389,76.93,5.00%,0.002817736912353552,299.25,389,Cascaded,2027,299.25,389
D0,sys/DL/717,YUL,4.1,sys,DL,,,YUL,717,70.59,12,17,74.12,5.00%,0.00011864155420436007,12.6,17,Cascaded,2027,12.6,17
D0,sys/DL/738,ABQ,4.1,sys,DL,,,ABQ,738,56.25,36,64,59.06,5.00%,0.0005272407732864675,37.8,64,Cascaded,2027,37.8,64
D0,sys/DL/738,ANC,4.1,sys,DL,,,ANC,738,78.42,556,709,82.34,5.00%,0.008142940831868775,583.8,709,Cascaded,2027,583.8,709
D0,sys/DL/738,ANU,4.1,sys,DL,,,ANU,738,45.0,36,80,47.25,5.00%,0.0005272407732864675,37.8,80,Cascaded,2027,37.8,80
D0,sys/DL/738,ATL,4.1,sys,DL,,,ATL,738,64.85,11857,18283,68.1,5.00%,0.17365260691271237,12449.85,18283,Cascaded,2027,12449.85,18283
D0,sys/DL/738,ATW,4.1,sys,DL,,,ATW,738,73.18,161,220,76.84,5.00%,0.0023579379027533686,169.05,220,Cascaded,2027,169.05,220
D0,sys/DL/738,AUA,4.1,sys,DL,,,AUA,738,50.0,2,4,52.5,5.00%,2.9291154071470417e-05,2.1,4,Cascaded,2027,2.1,4
D0,sys/DL/738,AUS,4.1,sys,DL,,,AUS,738,72.2,740,1025,75.8,5.00%,0.010837727006444054,777.0,1025,Cascaded,2027,777.0,1025
D0,sys/DL/738,BDL,4.1,sys,DL,,,BDL,738,46.67,14,30,49.0,5.00%,0.0002050380785002929,14.7,30,Cascaded,2027,14.7,30
D0,sys/DL/738,BGI,4.1,sys,DL,,,BGI,738,71.04,211,297,74.6,5.00%,0.003090216754540129,221.55,297,Cascaded,2027,221.55,297
D0,sys/DL/738,BHM,4.1,sys,DL,,,BHM,738,73.94,139,188,77.63,5.00%,0.0020357352079671937,145.95,188,Cascaded,2027,145.95,188
D0,sys/DL/738,BIL,4.1,sys,DL,,,BIL,738,100.0,6,6,105.0,5.00%,8.787346221441125e-05,6.3,6,Cascaded,2027,6.3,6
D0,sys/DL/738,BNA,4.1,sys,DL,,,BNA,738,71.3,847,1188,74.86,5.00%,0.012404803749267721,889.35,1188,Cascaded,2027,889.35,1188
D0,sys/DL/738,BOI,4.1,sys,DL,,,BOI,738,65.53,287,438,68.8,5.00%,0.004203280609256004,301.35,438,Cascaded,2027,301.35,438
D0,sys/DL/738,BON,4.1,sys,DL,,,BON,738,48.78,20,41,51.22,5.00%,0.00029291154071470416,21.0,41,Cascaded,2027,21.0,41
D0,sys/DL/738,BOS,4.1,sys,DL,,,BOS,738,63.04,2212,3509,66.19,5.00%,0.03239601640304628,2322.6,3509,Cascaded,2027,2322.6,3509
D0,sys/DL/738,BTV,4.1,sys,DL,,,BTV,738,71.14,175,246,74.7,5.00%,0.0025629759812536615,183.75,246,Cascaded,2027,183.75,246
D0,sys/DL/738,BUF,4.1,sys,DL,,,BUF,738,55.7,44,79,58.48,5.00%,0.0006444053895723491,46.2,79,Cascaded,2027,46.2,79
D0,sys/DL/738,BWI,4.1,sys,DL,,,BWI,738,56.47,48,85,59.29,5.00%,0.00070298769771529,50.4,85,Cascaded,2027,50.4,85
D0,sys/DL/738,BZE,4.1,sys,DL,,,BZE,738,80.11,145,181,84.12,5.00%,0.002123608670181605,152.25,181,Cascaded,2027,152.25,181
D0,sys/DL/738,BZN,4.1,sys,DL,,,BZN,738,85.04,108,127,89.29,5.00%,0.0015817223198594025,113.4,127,Cascaded,2027,113.4,127
D0,sys/DL/738,CAE,4.1,sys,DL,,,CAE,738,46.15,6,13,48.46,5.00%,8.787346221441125e-05,6.3,13,Cascaded,2027,6.3,13
D0,sys/DL/738,CHS,4.1,sys,DL,,,CHS,738,74.94,290,387,78.68,5.00%,0.00424721734036321,304.5,387,Cascaded,2027,304.5,387
D0,sys/DL/738,CID,4.1,sys,DL,,,CID,738,78.13,268,343,82.04,5.00%,0.0039250146455770355,281.4,343,Cascaded,2027,281.4,343
D0,sys/DL/738,CLE,4.1,sys,DL,,,CLE,738,70.22,408,581,73.73,5.00%,0.005975395430579965,428.4,581,Cascaded,2027,428.4,581
D0,sys/DL/738,CLT,4.1,sys,DL,,,CLT,738,100.0,1,1,105.0,5.00%,1.4645577035735208e-05,1.05,1,Cascaded,2027,1.05,1
D0,sys/DL/738,CMH,4.1,sys,DL,,,CMH,738,80.33,837,1042,84.34,5.00%,0.012258347978910369,878.85,1042,Cascaded,2027,878.85,1042
D0,sys/DL/738,COS,4.1,sys,DL,,,COS,738,71.77,239,333,75.36,5.00%,0.0035002929115407148,250.95,333,Cascaded,2027,250.95,333
D0,sys/DL/738,CTG,4.1,sys,DL,,,CTG,738,78.89,157,199,82.84,5.00%,0.0022993555946104276,164.85,199,Cascaded,2027,164.85,199
D0,sys/DL/738,CUN,4.1,sys,DL,,,CUN,738,76.85,415,540,80.69,5.00%,0.006077914469830112,435.75,540,Cascaded,2027,435.75,540
D0,sys/DL/738,CUR,4.1,sys,DL,,,CUR,738,68.12,47,69,71.52,5.00%,0.0006883421206795548,49.35,69,Cascaded,2027,49.35,69
D0,sys/DL/738,CVG,4.1,sys,DL,,,CVG,738,66.3,2048,3089,69.61,5.00%,0.029994141769185707,2150.4,3089,Cascaded,2027,2150.4,3089
D0,sys/DL/738,CZM,4.1,sys,DL,,,CZM,738,80.52,124,154,84.55,5.00%,0.0018160515524311659,130.2,154,Cascaded,2027,130.2,154
D0,sys/DL/738,DAB,4.1,sys,DL,,,DAB,738,66.88,107,160,70.22,5.00%,0.0015670767428236673,112.35,160,Cascaded,2027,112.35,160
D0,sys/DL/738,DAY,4.1,sys,DL,,,DAY,738,100.0,1,1,105.0,5.00%,1.4645577035735208e-05,1.05,1,Cascaded,2027,1.05,1
D0,sys/DL/738,DEN,4.1,sys,DL,,,DEN,738,66.44,873,1314,69.76,5.00%,0.012785588752196837,916.65,1314,Cascaded,2027,916.65,1314
D0,sys/DL/738,DFW,4.1,sys,DL,,,DFW,738,52.49,116,221,55.11,5.00%,0.001698886936145284,121.8,221,Cascaded,2027,121.8,221
D0,sys/DL/738,DJT,4.1,sys,DL,,,DJT,738,50.97,733,1438,53.52,5.00%,0.010735207967193907,769.65,1438,Cascaded,2027,769.65,1438
D0,sys/DL/738,DTW,4.1,sys,DL,,,DTW,738,65.05,67,103,68.3,5.00%,0.0009812536613942589,70.35,103,Cascaded,2027,70.35,103
D0,sys/DL/738,ECP,4.1,sys,DL,,,ECP,738,69.42,252,363,72.89,5.00%,0.0036906854130052723,264.6,363,Cascaded,2027,264.6,363
D0,sys/DL/738,ELP,4.1,sys,DL,,,ELP,738,75.89,318,419,79.69,5.00%,0.004657293497363796,333.9,419,Cascaded,2027,333.9,419
D0,sys/DL/738,EWR,4.1,sys,DL,,,EWR,738,58.56,171,292,61.49,5.00%,0.0025043936731107205,179.55,292,Cascaded,2027,179.55,292
D0,sys/DL/738,FAI,4.1,sys,DL,,,FAI,738,52.94,45,85,55.59,5.00%,0.0006590509666080844,47.25,85,Cascaded,2027,47.25,85
D0,sys/DL/738,FAR,4.1,sys,DL,,,FAR,738,25.0,1,4,26.25,5.00%,1.4645577035735208e-05,1.05,4,Cascaded,2027,1.05,4
D0,sys/DL/738,FAT,4.1,sys,DL,,,FAT,738,67.78,61,90,71.17,5.00%,0.0008933801991798477,64.05,90,Cascaded,2027,64.05,90
D0,sys/DL/738,FCA,4.1,sys,DL,,,FCA,738,85.71,6,7,90.0,5.00%,8.787346221441125e-05,6.3,7,Cascaded,2027,6.3,7
D0,sys/DL/738,FLL,4.1,sys,DL,,,FLL,738,51.59,583,1130,54.17,5.00%,0.008538371411833626,612.15,1130,Cascaded,2027,612.15,1130
D0,sys/DL/738,GCM,4.1,sys,DL,,,GCM,738,80.63,179,222,84.66,5.00%,0.002621558289396602,187.95,222,Cascaded,2027,187.95,222
D0,sys/DL/738,GDL,4.1,sys,DL,,,GDL,738,74.29,26,35,78.0,5.00%,0.0003807850029291154,27.3,35,Cascaded,2027,27.3,35
D0,sys/DL/738,GEG,4.1,sys,DL,,,GEG,738,68.12,156,229,71.53,5.00%,0.0022847100175746923,163.8,229,Cascaded,2027,163.8,229
D0,sys/DL/738,GND,4.1,sys,DL,,,GND,738,68.32,69,101,71.73,5.00%,0.0010105448154657294,72.45,101,Cascaded,2027,72.45,101
D0,sys/DL/738,GPT,4.1,sys,DL,,,GPT,738,50.0,2,4,52.5,5.00%,2.9291154071470417e-05,2.1,4,Cascaded,2027,2.1,4
D0,sys/DL/738,GRB,4.1,sys,DL,,,GRB,738,88.64,281,317,93.08,5.00%,0.004115407147041593,295.05,317,Cascaded,2027,295.05,317
D0,sys/DL/738,GRR,4.1,sys,DL,,,GRR,738,60.0,33,55,63.0,5.00%,0.00048330404217926187,34.65,55,Cascaded,2027,34.65,55
D0,sys/DL/738,GSO,4.1,sys,DL,,,GSO,738,81.1,236,291,85.15,5.00%,0.003456356180433509,247.8,291,Cascaded,2027,247.8,291
D0,sys/DL/738,GSP,4.1,sys,DL,,,GSP,738,73.59,209,284,77.27,5.00%,0.0030609256004686587,219.45,284,Cascaded,2027,219.45,284
D0,sys/DL/738,HAV,4.1,sys,DL,,,HAV,738,77.02,409,531,80.88,5.00%,0.0059900410076157,429.45,531,Cascaded,2027,429.45,531
D0,sys/DL/738,HOU,4.1,sys,DL,,,HOU,738,100.0,1,1,105.0,5.00%,1.4645577035735208e-05,1.05,1,Cascaded,2027,1.05,1
D0,sys/DL/738,HSV,4.1,sys,DL,,,HSV,738,85.14,63,74,89.39,5.00%,0.0009226713532513181,66.15,74,Cascaded,2027,66.15,74
D0,sys/DL/738,IAD,4.1,sys,DL,,,IAD,738,69.05,406,588,72.5,5.00%,0.005946104276508495,426.3,588,Cascaded,2027,426.3,588
D0,sys/DL/738,IAH,4.1,sys,DL,,,IAH,738,71.43,5,7,75.0,5.00%,7.322788517867604e-05,5.25,7,Cascaded,2027,5.25,7
D0,sys/DL/738,IND,4.1,sys,DL,,,IND,738,75.75,456,602,79.53,5.00%,0.006678383128295255,478.8,602,Cascaded,2027,478.8,602
D0,sys/DL/738,JAX,4.1,sys,DL,,,JAX,738,84.38,27,32,88.59,5.00%,0.0003954305799648506,28.35,32,Cascaded,2027,28.35,32
D0,sys/DL/738,JFK,4.1,sys,DL,,,JFK,738,71.09,1517,2134,74.64,5.00%,0.02221734036321031,1592.85,2134,Cascaded,2027,1592.85,2134
D0,sys/DL/738,JNU,4.1,sys,DL,,,JNU,738,89.21,124,139,93.67,5.00%,0.0018160515524311659,130.2,139,Cascaded,2027,130.2,139
D0,sys/DL/738,KIN,4.1,sys,DL,,,KIN,738,76.19,256,336,80.0,5.00%,0.0037492677211482133,268.8,336,Cascaded,2027,268.8,336
D0,sys/DL/738,LAS,4.1,sys,DL,,,LAS,738,66.84,1153,1725,70.18,5.00%,0.016886350322202696,1210.65,1725,Cascaded,2027,1210.65,1725
D0,sys/DL/738,LAX,4.1,sys,DL,,,LAX,738,69.84,4097,5866,73.34,5.00%,0.060002929115407146,4301.85,5866,Cascaded,2027,4301.85,5866
D0,sys/DL/738,LEX,4.1,sys,DL,,,LEX,738,91.67,11,12,96.25,5.00%,0.00016110134739308728,11.55,12,Cascaded,2027,11.55,12
D0,sys/DL/738,LGA,4.1,sys,DL,,,LGA,738,64.24,2289,3563,67.46,5.00%,0.03352372583479789,2403.45,3563,Cascaded,2027,2403.45,3563
D0,sys/DL/738,LIT,4.1,sys,DL,,,LIT,738,71.83,232,323,75.42,5.00%,0.003397773872290568,243.6,323,Cascaded,2027,243.6,323
D0,sys/DL/738,MBJ,4.1,sys,DL,,,MBJ,738,76.06,305,401,79.86,5.00%,0.004466900995899238,320.25,401,Cascaded,2027,320.25,401
D0,sys/DL/738,MCI,4.1,sys,DL,,,MCI,738,73.61,279,379,77.3,5.00%,0.004086115992970123,292.95,379,Cascaded,2027,292.95,379
D0,sys/DL/738,MCO,4.1,sys,DL,,,MCO,738,62.34,475,762,65.45,5.00%,0.006956649091974224,498.75,762,Cascaded,2027,498.75,762
D0,sys/DL/738,MDT,4.1,sys,DL,,,MDT,738,44.44,4,9,46.67,5.00%,5.858230814294083e-05,4.2,9,Cascaded,2027,4.2,9
D0,sys/DL/738,MEM,4.1,sys,DL,,,MEM,738,71.0,524,738,74.55,5.00%,0.007674282366725249,550.2,738,Cascaded,2027,550.2,738
D0,sys/DL/738,MEX,4.1,sys,DL,,,MEX,738,80.63,1016,1260,84.67,5.00%,0.014879906268306972,1066.8,1260,Cascaded,2027,1066.8,1260
D0,sys/DL/738,MIA,4.1,sys,DL,,,MIA,738,51.07,978,1915,53.62,5.00%,0.014323374340949033,1026.9,1915,Cascaded,2027,1026.9,1915
D0,sys/DL/738,MKE,4.1,sys,DL,,,MKE,738,74.7,440,589,78.44,5.00%,0.006444053895723492,462.0,589,Cascaded,2027,462.0,589
D0,sys/DL/738,MLB,4.1,sys,DL,,,MLB,738,78.12,25,32,82.03,5.00%,0.0003661394258933802,26.25,32,Cascaded,2027,26.25,32
D0,sys/DL/738,MSP,4.1,sys,DL,,,MSP,738,73.57,398,541,77.25,5.00%,0.005828939660222613,417.9,541,Cascaded,2027,417.9,541
D0,sys/DL/738,MSY,4.1,sys,DL,,,MSY,738,63.93,1120,1752,67.12,5.00%,0.016403046280023433,1176.0,1752,Cascaded,2027,1176.0,1752
D0,sys/DL/738,MTJ,4.1,sys,DL,,,MTJ,738,60.42,58,96,63.44,5.00%,0.000849443468072642,60.9,96,Cascaded,2027,60.9,96
D0,sys/DL/738,MYR,4.1,sys,DL,,,MYR,738,66.67,188,282,70.0,5.00%,0.002753368482718219,197.4,282,Cascaded,2027,197.4,282
D0,sys/DL/738,NAS,4.1,sys,DL,,,NAS,738,84.85,28,33,89.09,5.00%,0.0004100761570005858,29.4,33,Cascaded,2027,29.4,33
D0,sys/DL/738,OKC,4.1,sys,DL,,,OKC,738,92.31,12,13,96.92,5.00%,0.0001757469244288225,12.6,13,Cascaded,2027,12.6,13
D0,sys/DL/738,ONT,4.1,sys,DL,,,ONT,738,78.54,205,261,82.47,5.00%,0.0030023432923257177,215.25,261,Cascaded,2027,215.25,261
D0,sys/DL/738,ORD,4.1,sys,DL,,,ORD,738,56.37,1191,2113,59.18,5.00%,0.017442882249560632,1250.55,2113,Cascaded,2027,1250.55,2113
D0,sys/DL/738,ORF,4.1,sys,DL,,,ORF,738,59.32,35,59,62.29,5.00%,0.0005125951962507323,36.75,59,Cascaded,2027,36.75,59
D0,sys/DL/738,PDX,4.1,sys,DL,,,PDX,738,80.12,415,518,84.12,5.00%,0.006077914469830112,435.75,518,Cascaded,2027,435.75,518
D0,sys/DL/738,PHL,4.1,sys,DL,,,PHL,738,49.21,31,63,51.67,5.00%,0.00045401288810779147,32.55,63,Cascaded,2027,32.55,63
D0,sys/DL/738,PHX,4.1,sys,DL,,,PHX,738,75.23,1084,1441,78.99,5.00%,0.015875805506736965,1138.2,1441,Cascaded,2027,1138.2,1441
D0,sys/DL/738,PIT,4.1,sys,DL,,,PIT,738,68.81,203,295,72.25,5.00%,0.0029730521382542474,213.15,295,Cascaded,2027,213.15,295
D0,sys/DL/738,PLS,4.1,sys,DL,,,PLS,738,84.34,237,281,88.56,5.00%,0.0034710017574692445,248.85,281,Cascaded,2027,248.85,281
D0,sys/DL/738,PNS,4.1,sys,DL,,,PNS,738,81.59,164,201,85.67,5.00%,0.0024018746338605743,172.2,201,Cascaded,2027,172.2,201
D0,sys/DL/738,POP,4.1,sys,DL,,,POP,738,80.92,106,131,84.96,5.00%,0.001552431165787932,111.3,131,Cascaded,2027,111.3,131
D0,sys/DL/738,PSP,4.1,sys,DL,,,PSP,738,60.73,150,247,63.77,5.00%,0.0021968365553602814,157.5,247,Cascaded,2027,157.5,247
D0,sys/DL/738,PTY,4.1,sys,DL,,,PTY,738,77.33,116,150,81.2,5.00%,0.001698886936145284,121.8,150,Cascaded,2027,121.8,150
D0,sys/DL/738,PVR,4.1,sys,DL,,,PVR,738,79.26,386,487,83.22,5.00%,0.00565319273579379,405.3,487,Cascaded,2027,405.3,487
D0,sys/DL/738,PWM,4.1,sys,DL,,,PWM,738,0.0,0,1,0.0,0.00%,0.0,0.0,1,Cascaded,2027,0.0,1
D0,sys/DL/738,RDU,4.1,sys,DL,,,RDU,738,67.34,299,444,70.71,5.00%,0.004379027533684827,313.95,444,Cascaded,2027,313.95,444
D0,sys/DL/738,RIC,4.1,sys,DL,,,RIC,738,100.0,11,11,105.0,5.00%,0.00016110134739308728,11.55,11,Cascaded,2027,11.55,11
D0,sys/DL/738,RNO,4.1,sys,DL,,,RNO,738,80.56,551,684,84.58,5.00%,0.0080697129466901,578.55,684,Cascaded,2027,578.55,684
D0,sys/DL/738,RSW,4.1,sys,DL,,,RSW,738,64.78,868,1340,68.01,5.00%,0.012712360867018161,911.4,1340,Cascaded,2027,911.4,1340
D0,sys/DL/738,RTB,4.1,sys,DL,,,RTB,738,67.16,45,67,70.52,5.00%,0.0006590509666080844,47.25,67,Cascaded,2027,47.25,67
D0,sys/DL/738,SAL,4.1,sys,DL,,,SAL,738,77.6,149,192,81.48,5.00%,0.002182190978324546,156.45,192,Cascaded,2027,156.45,192
D0,sys/DL/738,SAN,4.1,sys,DL,,,SAN,738,77.14,891,1155,81.0,5.00%,0.01304920913884007,935.55,1155,Cascaded,2027,935.55,1155
D0,sys/DL/738,SAP,4.1,sys,DL,,,SAP,738,58.99,164,278,61.94,5.00%,0.0024018746338605743,172.2,278,Cascaded,2027,172.2,278
D0,sys/DL/738,SAT,4.1,sys,DL,,,SAT,738,66.24,155,234,69.55,5.00%,0.0022700644405389573,162.75,234,Cascaded,2027,162.75,234
D0,sys/DL/738,SAV,4.1,sys,DL,,,SAV,738,69.38,145,209,72.85,5.00%,0.002123608670181605,152.25,209,Cascaded,2027,152.25,209
D0,sys/DL/738,SDF,4.1,sys,DL,,,SDF,738,73.1,231,316,76.76,5.00%,0.003383128295254833,242.55,316,Cascaded,2027,242.55,316
D0,sys/DL/738,SDQ,4.1,sys,DL,,,SDQ,738,61.62,61,99,64.7,5.00%,0.0008933801991798477,64.05,99,Cascaded,2027,64.05,99
D0,sys/DL/738,SEA,4.1,sys,DL,,,SEA,738,71.49,6097,8528,75.07,5.00%,0.08929408318687757,6401.85,8528,Cascaded,2027,6401.85,8528
D0,sys/DL/738,SFO,4.1,sys,DL,,,SFO,738,62.32,1295,2078,65.44,5.00%,0.018966022261277093,1359.75,2078,Cascaded,2027,1359.75,2078
D0,sys/DL/738,SJC,4.1,sys,DL,,,SJC,738,95.83,23,24,100.62,5.00%,0.00033684827182190976,24.15,24,Cascaded,2027,24.15,24
D0,sys/DL/738,SJD,4.1,sys,DL,,,SJD,738,75.34,391,519,79.1,5.00%,0.0057264206209724665,410.55,519,Cascaded,2027,410.55,519
D0,sys/DL/738,SJU,4.1,sys,DL,,,SJU,738,57.45,27,47,60.32,5.00%,0.0003954305799648506,28.35,47,Cascaded,2027,28.35,47
D0,sys/DL/738,SKB,4.1,sys,DL,,,SKB,738,46.3,25,54,48.61,5.00%,0.0003661394258933802,26.25,54,Cascaded,2027,26.25,54
D0,sys/DL/738,SLC,4.1,sys,DL,,,SLC,738,71.06,5413,7617,74.62,5.00%,0.07927650849443468,5683.65,7617,Cascaded,2027,5683.65,7617
D0,sys/DL/738,SMF,4.1,sys,DL,,,SMF,738,74.5,187,251,78.23,5.00%,0.0027387229056824837,196.35,251,Cascaded,2027,196.35,251
D0,sys/DL/738,SRQ,4.1,sys,DL,,,SRQ,738,50.0,1,2,52.5,5.00%,1.4645577035735208e-05,1.05,2,Cascaded,2027,1.05,2
D0,sys/DL/738,STL,4.1,sys,DL,,,STL,738,74.82,511,683,78.56,5.00%,0.007483889865260691,536.55,683,Cascaded,2027,536.55,683
D0,sys/DL/738,STX,4.1,sys,DL,,,STX,738,36.07,44,122,37.87,5.00%,0.0006444053895723491,46.2,122,Cascaded,2027,46.2,122
D0,sys/DL/738,TLH,4.1,sys,DL,,,TLH,738,100.0,3,3,105.0,5.00%,4.393673110720563e-05,3.15,3,Cascaded,2027,3.15,3
D0,sys/DL/738,TPA,4.1,sys,DL,,,TPA,738,60.22,1305,2167,63.23,5.00%,0.019112478031634447,1370.25,2167,Cascaded,2027,1370.25,2167
D0,sys/DL/738,TQO,4.1,sys,DL,,,TQO,738,79.74,122,153,83.73,5.00%,0.0017867603983596954,128.1,153,Cascaded,2027,128.1,153
D0,sys/DL/738,TUS,4.1,sys,DL,,,TUS,738,100.0,1,1,105.0,5.00%,1.4645577035735208e-05,1.05,1,Cascaded,2027,1.05,1
D0,sys/DL/738,TYS,4.1,sys,DL,,,TYS,738,70.59,216,306,74.12,5.00%,0.003163444639718805,226.8,306,Cascaded,2027,226.8,306
D0,sys/DL/738,UVF,4.1,sys,DL,,,UVF,738,84.0,42,50,88.2,5.00%,0.0006151142355008787,44.1,50,Cascaded,2027,44.1,50
D0,sys/DL/738,VPS,4.1,sys,DL,,,VPS,738,71.03,206,290,74.59,5.00%,0.003016988869361453,216.3,290,Cascaded,2027,216.3,290
D0,sys/DL/738,YVR,4.1,sys,DL,,,YVR,738,86.96,20,23,91.3,5.00%,0.00029291154071470416,21.0,23,Cascaded,2027,21.0,23
D0,sys/DL/738,YYZ,4.1,sys,DL,,,YYZ,738,67.36,553,821,70.72,5.00%,0.00809900410076157,580.65,821,Cascaded,2027,580.65,821
D0,sys/DL/739,ABQ,4.1,sys,DL,,,ABQ,739,78.55,714,909,82.48,5.00%,0.004433708604747918,749.7,909,Cascaded,2027,749.7,909
D0,sys/DL/739,ANC,4.1,sys,DL,,,ANC,739,81.34,109,134,85.41,5.00%,0.0006768546749545141,114.45,134,Cascaded,2027,114.45,134
D0,sys/DL/739,ANU,4.1,sys,DL,,,ANU,739,0.0,0,2,0.0,0.00%,0.0,0.0,2,Cascaded,2027,0.0,2
D0,sys/DL/739,ATL,4.1,sys,DL,,,ATL,739,71.42,43975,61570,74.99,5.00%,0.2730704984506859,46173.75,61570,Cascaded,2027,46173.75,61570
D0,sys/DL/739,ATW,4.1,sys,DL,,,ATW,739,100.0,1,1,105.0,5.00%,6.209675917013891e-06,1.05,1,Cascaded,2027,1.05,1
D0,sys/DL/739,AUA,4.1,sys,DL,,,AUA,739,76.32,290,380,80.13,5.00%,0.0018008060159340285,304.5,380,Cascaded,2027,304.5,380
D0,sys/DL/739,AUS,4.1,sys,DL,,,AUS,739,69.35,921,1328,72.82,5.00%,0.005719111519569793,967.05,1328,Cascaded,2027,967.0500000000001,1328
D0,sys/DL/739,BDL,4.1,sys,DL,,,BDL,739,63.44,269,424,66.62,5.00%,0.0016704028216767367,282.45,424,Cascaded,2027,282.45000000000005,424
D0,sys/DL/739,BHM,4.1,sys,DL,,,BHM,739,78.16,1220,1561,82.06,5.00%,0.007575804618756947,1281.0,1561,Cascaded,2027,1281.0,1561
D0,sys/DL/739,BIL,4.1,sys,DL,,,BIL,739,91.27,115,126,95.83,5.00%,0.0007141127304565975,120.75,126,Cascaded,2027,120.75000000000001,126
D0,sys/DL/739,BNA,4.1,sys,DL,,,BNA,739,76.49,3227,4219,80.31,5.00%,0.020038624184203827,3388.35,4219,Cascaded,2027,3388.3500000000004,4219
D0,sys/DL/739,BOI,4.1,sys,DL,,,BOI,739,71.93,346,481,75.53,5.00%,0.0021485478672868064,363.3,481,Cascaded,2027,363.3,481
D0,sys/DL/739,BON,4.1,sys,DL,,,BON,739,58.06,18,31,60.97,5.00%,0.00011177416650625004,18.9,31,Cascaded,2027,18.900000000000002,31
D0,sys/DL/739,BOS,4.1,sys,DL,,,BOS,739,67.59,1078,1595,70.97,5.00%,0.0066940306385409746,1131.9,1595,Cascaded,2027,1131.9,1595
D0,sys/DL/739,BTV,4.1,sys,DL,,,BTV,739,100.0,3,3,105.0,5.00%,1.8629027751041673e-05,3.15,3,Cascaded,2027,3.1500000000000004,3
D0,sys/DL/739,BUF,4.1,sys,DL,,,BUF,739,61.54,328,533,64.62,5.00%,0.0020367737007805564,344.4,533,Cascaded,2027,344.40000000000003,533
D0,sys/DL/739,BWI,4.1,sys,DL,,,BWI,739,68.43,906,1324,71.85,5.00%,0.005625966380814585,951.3,1324,Cascaded,2027,951.3000000000001,1324
D0,sys/DL/739,BZE,4.1,sys,DL,,,BZE,739,84.21,80,95,88.42,5.00%,0.0004967740733611113,84.0,95,Cascaded,2027,84.0,95
D0,sys/DL/739,BZN,4.1,sys,DL,,,BZN,739,85.11,520,611,89.36,5.00%,0.0032290314768472234,546.0,611,Cascaded,2027,546.0,611
D0,sys/DL/739,CAE,4.1,sys,DL,,,CAE,739,0.0,0,1,0.0,0.00%,0.0,0.0,1,Cascaded,2027,0.0,1
D0,sys/DL/739,CHS,4.1,sys,DL,,,CHS,739,81.02,1942,2397,85.07,5.00%,0.012059190630840976,2039.1,2397,Cascaded,2027,2039.1000000000001,2397
D0,sys/DL/739,CLE,4.1,sys,DL,,,CLE,739,72.32,1147,1586,75.94,5.00%,0.007122498276814933,1204.35,1586,Cascaded,2027,1204.3500000000001,1586
D0,sys/DL/739,CLT,4.1,sys,DL,,,CLT,739,77.54,145,187,81.42,5.00%,0.0009004030079670142,152.25,187,Cascaded,2027,152.25,187
D0,sys/DL/739,CMH,4.1,sys,DL,,,CMH,739,77.1,1229,1594,80.96,5.00%,0.007631691702010072,1290.45,1594,Cascaded,2027,1290.45,1594
D0,sys/DL/739,COS,4.1,sys,DL,,,COS,739,78.77,115,146,82.71,5.00%,0.0007141127304565975,120.75,146,Cascaded,2027,120.75000000000001,146
D0,sys/DL/739,CUN,4.1,sys,DL,,,CUN,739,60.63,1389,2291,63.66,5.00%,0.008625239848732294,1458.45,2291,Cascaded,2027,1458.45,2291
D0,sys/DL/739,CUR,4.1,sys,DL,,,CUR,739,69.23,90,130,72.69,5.00%,0.0005588708325312502,94.5,130,Cascaded,2027,94.5,130
D0,sys/DL/739,CVG,4.1,sys,DL,,,CVG,739,73.56,2217,3014,77.23,5.00%,0.013766851508019796,2327.85,3014,Cascaded,2027,2327.8500000000004,3014
D0,sys/DL/739,CZM,4.1,sys,DL,,,CZM,739,50.0,1,2,52.5,5.00%,6.209675917013891e-06,1.05,2,Cascaded,2027,1.05,2
D0,sys/DL/739,DAB,4.1,sys,DL,,,DAB,739,78.92,820,1039,82.87,5.00%,0.0050919342519513905,861.0,1039,Cascaded,2027,861.0,1039
D0,sys/DL/739,DCA,4.1,sys,DL,,,DCA,739,100.0,9,9,105.0,5.00%,5.588708325312502e-05,9.45,9,Cascaded,2027,9.450000000000001,9
D0,sys/DL/739,DEN,4.1,sys,DL,,,DEN,739,69.44,927,1335,72.91,5.00%,0.005756369575071877,973.35,1335,Cascaded,2027,973.35,1335
D0,sys/DL/739,DFW,4.1,sys,DL,,,DFW,739,50.0,2,4,52.5,5.00%,1.2419351834027782e-05,2.1,4,Cascaded,2027,2.1,4
D0,sys/DL/739,DJT,4.1,sys,DL,,,DJT,739,56.18,409,728,58.99,5.00%,0.0025397574500586814,429.45,728,Cascaded,2027,429.45000000000005,728
D0,sys/DL/739,DTW,4.1,sys,DL,,,DTW,739,67.27,7605,11305,70.63,5.00%,0.04722458534889064,7985.25,11305,Cascaded,2027,7985.250000000001,11305
D0,sys/DL/739,ECP,4.1,sys,DL,,,ECP,739,78.7,495,629,82.63,5.00%,0.003073789578921876,519.75,629,Cascaded,2027,519.75,629
D0,sys/DL/739,ELP,4.1,sys,DL,,,ELP,739,70.34,204,290,73.86,5.00%,0.0012667738870708338,214.2,290,Cascaded,2027,214.20000000000002,290
D0,sys/DL/739,EWR,4.1,sys,DL,,,EWR,739,63.33,924,1459,66.5,5.00%,0.005737740547320835,970.2,1459,Cascaded,2027,970.2,1459
D0,sys/DL/739,FAI,4.1,sys,DL,,,FAI,739,56.52,52,92,59.35,5.00%,0.00032290314768472234,54.6,92,Cascaded,2027,54.6,92
D0,sys/DL/739,FAR,4.1,sys,DL,,,FAR,739,75.98,329,433,79.78,5.00%,0.0020429833766975702,345.45,433,Cascaded,2027,345.45000000000005,433
D0,sys/DL/739,FCA,4.1,sys,DL,,,FCA,739,78.49,73,93,82.42,5.00%,0.00045330634194201404,76.65,93,Cascaded,2027,76.65,93
D0,sys/DL/739,FLL,4.1,sys,DL,,,FLL,739,71.78,753,1049,75.37,5.00%,0.00467588596551146,790.65,1049,Cascaded,2027,790.6500000000001,1049
D0,sys/DL/739,GCM,4.1,sys,DL,,,GCM,739,85.43,170,199,89.7,5.00%,0.0010556449058923615,178.5,199,Cascaded,2027,178.5,199
D0,sys/DL/739,GDL,4.1,sys,DL,,,GDL,739,89.5,307,343,93.98,5.00%,0.0019063705065232646,322.35,343,Cascaded,2027,322.35,343
D0,sys/DL/739,GEG,4.1,sys,DL,,,GEG,739,75.81,865,1141,79.6,5.00%,0.0053713696682170155,908.25,1141,Cascaded,2027,908.2500000000001,1141
D0,sys/DL/739,GRB,4.1,sys,DL,,,GRB,739,100.0,1,1,105.0,5.00%,6.209675917013891e-06,1.05,1,Cascaded,2027,1.05,1
D0,sys/DL/739,GRR,4.1,sys,DL,,,GRR,739,75.69,1205,1592,79.48,5.00%,0.007482659480001739,1265.25,1592,Cascaded,2027,1265.25,1592
D0,sys/DL/739,GSO,4.1,sys,DL,,,GSO,739,83.94,345,411,88.14,5.00%,0.0021423381913697926,362.25,411,Cascaded,2027,362.25,411
D0,sys/DL/739,GSP,4.1,sys,DL,,,GSP,739,83.17,761,915,87.33,5.00%,0.004725563372847571,799.05,915,Cascaded,2027,799.0500000000001,915
D0,sys/DL/739,HSV,4.1,sys,DL,,,HSV,739,74.69,121,162,78.43,5.00%,0.0007513707859586809,127.05,162,Cascaded,2027,127.05000000000001,162
D0,sys/DL/739,IAD,4.1,sys,DL,,,IAD,739,80.56,29,36,84.58,5.00%,0.00018008060159340283,30.45,36,Cascaded,2027,30.450000000000003,36
D0,sys/DL/739,IAH,4.1,sys,DL,,,IAH,739,100.0,3,3,105.0,5.00%,1.8629027751041673e-05,3.15,3,Cascaded,2027,3.1500000000000004,3
D0,sys/DL/739,IND,4.1,sys,DL,,,IND,739,80.15,2301,2871,84.15,5.00%,0.014288464285048963,2416.05,2871,Cascaded,2027,2416.05,2871
D0,sys/DL/739,JAX,4.1,sys,DL,,,JAX,739,70.6,401,568,74.13,5.00%,0.0024900800427225703,421.05,568,Cascaded,2027,421.05,568
D0,sys/DL/739,JFK,4.1,sys,DL,,,JFK,739,68.44,3695,5399,71.86,5.00%,0.022944752513366327,3879.75,5399,Cascaded,2027,3879.7500000000005,5399
D0,sys/DL/739,KIN,4.1,sys,DL,,,KIN,739,63.64,14,22,66.82,5.00%,8.693546283819448e-05,14.7,22,Cascaded,2027,14.700000000000001,22
D0,sys/DL/739,LAS,4.1,sys,DL,,,LAS,739,76.49,3622,4735,80.32,5.00%,0.022491446171424314,3803.1,4735,Cascaded,2027,3803.1000000000004,4735
D0,sys/DL/739,LAX,4.1,sys,DL,,,LAX,739,74.37,5143,6915,78.09,5.00%,0.03193636324120244,5400.15,6915,Cascaded,2027,5400.150000000001,6915
D0,sys/DL/739,LEX,4.1,sys,DL,,,LEX,739,84.0,21,25,88.2,5.00%,0.00013040319425729172,22.05,25,Cascaded,2027,22.05,25
D0,sys/DL/739,LGA,4.1,sys,DL,,,LGA,739,66.88,1553,2322,70.23,5.00%,0.009643626699122573,1630.65,2322,Cascaded,2027,1630.65,2322
D0,sys/DL/739,LIR,4.1,sys,DL,,,LIR,739,86.91,312,359,91.25,5.00%,0.001937418886108334,327.6,359,Cascaded,2027,327.6,359
D0,sys/DL/739,LIT,4.1,sys,DL,,,LIT,739,80.0,324,405,84.0,5.00%,0.0020119349971125006,340.2,405,Cascaded,2027,340.20000000000005,405
D0,sys/DL/739,MBJ,4.1,sys,DL,,,MBJ,739,73.13,215,294,76.79,5.00%,0.0013350803221579865,225.75,294,Cascaded,2027,225.75,294
D0,sys/DL/739,MCI,4.1,sys,DL,,,MCI,739,78.6,1987,2528,82.53,5.00%,0.012338626047106602,2086.35,2528,Cascaded,2027,2086.3500000000004,2528
D0,sys/DL/739,MCO,4.1,sys,DL,,,MCO,739,59.62,533,894,62.6,5.00%,0.003309757263768404,559.65,894,Cascaded,2027,559.6500000000001,894
D0,sys/DL/739,MEM,4.1,sys,DL,,,MEM,739,75.55,1162,1538,79.33,5.00%,0.0072156434155701416,1220.1,1538,Cascaded,2027,1220.1000000000001,1538
D0,sys/DL/739,MIA,4.1,sys,DL,,,MIA,739,61.79,2000,3237,64.87,5.00%,0.012419351834027783,2100.0,3237,Cascaded,2027,2100.0,3237
D0,sys/DL/739,MKE,4.1,sys,DL,,,MKE,739,79.15,839,1060,83.11,5.00%,0.005209918094374655,880.95,1060,Cascaded,2027,880.95,1060
D0,sys/DL/739,MSN,4.1,sys,DL,,,MSN,739,85.77,205,239,90.06,5.00%,0.0012729835629878476,215.25,239,Cascaded,2027,215.25,239
D0,sys/DL/739,MSP,4.1,sys,DL,,,MSP,739,71.8,12590,17535,75.39,5.00%,0.07817981979520489,13219.5,17535,Cascaded,2027,13219.5,17535
D0,sys/DL/739,MSY,4.1,sys,DL,,,MSY,739,70.45,1678,2382,73.97,5.00%,0.01041983618874931,1761.9,2382,Cascaded,2027,1761.9,2382
D0,sys/DL/739,MYR,4.1,sys,DL,,,MYR,739,83.33,20,24,87.5,5.00%,0.00012419351834027783,21.0,24,Cascaded,2027,21.0,24
D0,sys/DL/739,NAS,4.1,sys,DL,,,NAS,739,86.22,751,871,90.53,5.00%,0.0046634666136774324,788.55,871,Cascaded,2027,788.5500000000001,871
D0,sys/DL/739,OKC,4.1,sys,DL,,,OKC,739,87.5,14,16,91.88,5.00%,8.693546283819448e-05,14.7,16,Cascaded,2027,14.700000000000001,16
D0,sys/DL/739,ONT,4.1,sys,DL,,,ONT,739,87.18,34,39,91.54,5.00%,0.0002111289811784723,35.7,39,Cascaded,2027,35.7,39
D0,sys/DL/739,ORD,4.1,sys,DL,,,ORD,739,60.03,796,1326,63.03,5.00%,0.0049429020299430575,835.8,1326,Cascaded,2027,835.8000000000001,1326
D0,sys/DL/739,ORF,4.1,sys,DL,,,ORF,739,73.54,1120,1523,77.22,5.00%,0.006954837027055558,1176.0,1523,Cascaded,2027,1176.0,1523
D0,sys/DL/739,PDX,4.1,sys,DL,,,PDX,739,71.79,2130,2967,75.38,5.00%,0.013226609703239588,2236.5,2967,Cascaded,2027,2236.5,2967
D0,sys/DL/739,PHL,4.1,sys,DL,,,PHL,739,64.39,555,862,67.6,5.00%,0.0034463701339427096,582.75,862,Cascaded,2027,582.75,862
D0,sys/DL/739,PHX,4.1,sys,DL,,,PHX,739,79.28,1523,1921,83.25,5.00%,0.009457336421612157,1599.15,1921,Cascaded,2027,1599.15,1921
D0,sys/DL/739,PIT,4.1,sys,DL,,,PIT,739,77.48,1321,1705,81.35,5.00%,0.00820298188637535,1387.05,1705,Cascaded,2027,1387.0500000000002,1705
D0,sys/DL/739,PLS,4.1,sys,DL,,,PLS,739,85.12,183,215,89.37,5.00%,0.001136370692813542,192.15,215,Cascaded,2027,192.15,215
D0,sys/DL/739,PNS,4.1,sys,DL,,,PNS,739,83.6,1376,1646,87.78,5.00%,0.008544514061811115,1444.8,1646,Cascaded,2027,1444.8000000000002,1646
D0,sys/DL/739,PSP,4.1,sys,DL,,,PSP,739,60.83,292,480,63.88,5.00%,0.0018132253677680561,306.6,480,Cascaded,2027,306.6,480
D0,sys/DL/739,PTY,4.1,sys,DL,,,PTY,739,74.71,192,257,78.44,5.00%,0.001192257776066667,201.6,257,Cascaded,2027,201.60000000000002,257
D0,sys/DL/739,PUJ,4.1,sys,DL,,,PUJ,739,65.09,522,802,68.34,5.00%,0.003241450828681251,548.1,802,Cascaded,2027,548.1,802
D0,sys/DL/739,PVR,4.1,sys,DL,,,PVR,739,79.45,723,910,83.42,5.00%,0.004489595688001043,759.15,910,Cascaded,2027,759.1500000000001,910
D0,sys/DL/739,PWM,4.1,sys,DL,,,PWM,739,70.42,100,142,73.94,5.00%,0.0006209675917013891,105.0,142,Cascaded,2027,105.0,142
D0,sys/DL/739,RDU,4.1,sys,DL,,,RDU,739,70.94,3293,4642,74.49,5.00%,0.020448462794726743,3457.65,4642,Cascaded,2027,3457.65,4642
D0,sys/DL/739,RIC,4.1,sys,DL,,,RIC,739,75.04,1022,1362,78.79,5.00%,0.006346288787188197,1073.1,1362,Cascaded,2027,1073.1000000000001,1362
D0,sys/DL/739,RNO,4.1,sys,DL,,,RNO,739,80.95,34,42,85.0,5.00%,0.0002111289811784723,35.7,42,Cascaded,2027,35.7,42
D0,sys/DL/739,RSW,4.1,sys,DL,,,RSW,739,75.39,1100,1459,79.16,5.00%,0.00683064350871528,1155.0,1459,Cascaded,2027,1155.0,1459
D0,sys/DL/739,RTB,4.1,sys,DL,,,RTB,739,66.67,8,12,70.0,5.00%,4.967740733611113e-05,8.4,12,Cascaded,2027,8.4,12
D0,sys/DL/739,SAL,4.1,sys,DL,,,SAL,739,58.82,20,34,61.76,5.00%,0.00012419351834027783,21.0,34,Cascaded,2027,21.0,34
D0,sys/DL/739,SAN,4.1,sys,DL,,,SAN,739,79.6,519,652,83.58,5.00%,0.0032228218009302096,544.95,652,Cascaded,2027,544.95,652
D0,sys/DL/739,SAP,4.1,sys,DL,,,SAP,739,45.68,37,81,47.96,5.00%,0.00022975800892951397,38.85,81,Cascaded,2027,38.85,81
D0,sys/DL/739,SAT,4.1,sys,DL,,,SAT,739,68.69,68,99,72.12,5.00%,0.0004222579623569446,71.4,99,Cascaded,2027,71.4,99
D0,sys/DL/739,SAV,4.1,sys,DL,,,SAV,739,76.31,1488,1950,80.12,5.00%,0.00923999776451667,1562.4,1950,Cascaded,2027,1562.4,1950
D0,sys/DL/739,SDF,4.1,sys,DL,,,SDF,739,84.9,967,1139,89.14,5.00%,0.0060047566117524325,1015.35,1139,Cascaded,2027,1015.35,1139
D0,sys/DL/739,SDQ,4.1,sys,DL,,,SDQ,739,61.89,164,265,64.98,5.00%,0.0010183868503902782,172.2,265,Cascaded,2027,172.20000000000002,265
D0,sys/DL/739,SEA,4.1,sys,DL,,,SEA,739,68.04,3969,5833,71.45,5.00%,0.024646203714628133,4167.45,5833,Cascaded,2027,4167.450000000001,5833
D0,sys/DL/739,SFO,4.1,sys,DL,,,SFO,739,68.09,2846,4180,71.49,5.00%,0.017672737659821535,2988.3,4180,Cascaded,2027,2988.3,4180
D0,sys/DL/739,SJC,4.1,sys,DL,,,SJC,739,82.08,788,960,86.19,5.00%,0.004893224622606946,827.4,960,Cascaded,2027,827.4000000000001,960
D0,sys/DL/739,SJD,4.1,sys,DL,,,SJD,739,68.73,701,1020,72.16,5.00%,0.004352982817826738,736.05,1020,Cascaded,2027,736.0500000000001,1020
D0,sys/DL/739,SJU,4.1,sys,DL,,,SJU,739,74.04,713,963,77.74,5.00%,0.004427498928830905,748.65,963,Cascaded,2027,748.6500000000001,963
D0,sys/DL/739,SLC,4.1,sys,DL,,,SLC,739,73.15,7823,10695,76.8,5.00%,0.04857829469879967,8214.15,10695,Cascaded,2027,8214.150000000001,10695
D0,sys/DL/739,SMF,4.1,sys,DL,,,SMF,739,80.87,1606,1986,84.91,5.00%,0.00997273952272431,1686.3,1986,Cascaded,2027,1686.3000000000002,1986
D0,sys/DL/739,SRQ,4.1,sys,DL,,,SRQ,739,75.31,790,1049,79.08,5.00%,0.0049056439744409736,829.5,1049,Cascaded,2027,829.5,1049
D0,sys/DL/739,STL,4.1,sys,DL,,,STL,739,79.22,1071,1352,83.18,5.00%,0.006650562907121877,1124.55,1352,Cascaded,2027,1124.5500000000002,1352
D0,sys/DL/739,TLH,4.1,sys,DL,,,TLH,739,87.5,7,8,91.88,5.00%,4.346773141909724e-05,7.35,8,Cascaded,2027,7.3500000000000005,8
D0,sys/DL/739,TPA,4.1,sys,DL,,,TPA,739,69.36,1424,2053,72.83,5.00%,0.008842578505827781,1495.2,2053,Cascaded,2027,1495.2,2053
D0,sys/DL/739,TQO,4.1,sys,DL,,,TQO,739,84.18,149,177,88.39,5.00%,0.0009252417116350698,156.45,177,Cascaded,2027,156.45000000000002,177
D0,sys/DL/739,TUS,4.1,sys,DL,,,TUS,739,83.1,472,568,87.25,5.00%,0.0029309670328305564,495.6,568,Cascaded,2027,495.6,568
D0,sys/DL/739,TVC,4.1,sys,DL,,,TVC,739,66.67,4,6,70.0,5.00%,2.4838703668055565e-05,4.2,6,Cascaded,2027,4.2,6
D0,sys/DL/739,TYS,4.1,sys,DL,,,TYS,739,79.84,297,372,83.83,5.00%,0.0018442737473531256,311.85,372,Cascaded,2027,311.85,372
D0,sys/DL/739,UVF,4.1,sys,DL,,,UVF,739,78.29,101,129,82.21,5.00%,0.0006271772676184029,106.05,129,Cascaded,2027,106.05000000000001,129
D0,sys/DL/739,VPS,4.1,sys,DL,,,VPS,739,77.1,404,524,80.95,5.00%,0.0025087090704736118,424.2,524,Cascaded,2027,424.20000000000005,524
D0,sys/DL/739,YVR,4.1,sys,DL,,,YVR,739,81.82,18,22,85.91,5.00%,0.00011177416650625004,18.9,22,Cascaded,2027,18.900000000000002,22
D0,sys/DL/739,YYZ,4.1,sys,DL,,,YYZ,739,61.59,85,138,64.67,5.00%,0.0005278224529461807,89.25,138,Cascaded,2027,89.25,138
D0,sys/DL/757,AGS,4.1,sys,DL,,,AGS,757,100.0,1,1,105.0,5.00%,1.7470300489168413e-05,1.05,1,Cascaded,2027,1.05,1
D0,sys/DL/757,ANC,4.1,sys,DL,,,ANC,757,20.0,2,10,21.0,5.00%,3.4940600978336826e-05,2.1,10,Cascaded,2027,2.1,10
D0,sys/DL/757,ATL,4.1,sys,DL,,,ATL,757,56.1,20626,36764,58.91,5.00%,0.3603424178895877,21657.3,36764,Cascaded,2027,21657.3,36764
D0,sys/DL/757,AUA,4.1,sys,DL,,,AUA,757,58.06,18,31,60.97,5.00%,0.00031446540880503143,18.9,31,Cascaded,2027,18.9,31
D0,sys/DL/757,BNA,4.1,sys,DL,,,BNA,757,0.0,0,2,0.0,0.00%,0.0,0.0,2,Cascaded,2027,0.0,2
D0,sys/DL/757,BOG,4.1,sys,DL,,,BOG,757,62.6,395,631,65.73,5.00%,0.006900768693221523,414.75,631,Cascaded,2027,414.75,631
D0,sys/DL/757,BOS,4.1,sys,DL,,,BOS,757,64.06,1164,1817,67.26,5.00%,0.020335429769392035,1222.2,1817,Cascaded,2027,1222.2,1817
D0,sys/DL/757,BWI,4.1,sys,DL,,,BWI,757,50.99,283,555,53.54,5.00%,0.004944095038434661,297.15,555,Cascaded,2027,297.15,555
D0,sys/DL/757,BZN,4.1,sys,DL,,,BZN,757,66.18,274,414,69.49,5.00%,0.004786862334032145,287.7,414,Cascaded,2027,287.7,414
D0,sys/DL/757,CHS,4.1,sys,DL,,,CHS,757,88.89,8,9,93.33,5.00%,0.0001397624039133473,8.4,9,Cascaded,2027,8.4,9
D0,sys/DL/757,CLE,4.1,sys,DL,,,CLE,757,100.0,1,1,105.0,5.00%,1.7470300489168413e-05,1.05,1,Cascaded,2027,1.05,1
D0,sys/DL/757,CMH,4.1,sys,DL,,,CMH,757,75.0,3,4,78.75,5.00%,5.241090146750524e-05,3.15,4,Cascaded,2027,3.15,4
D0,sys/DL/757,CUN,4.1,sys,DL,,,CUN,757,63.17,247,391,66.33,5.00%,0.004315164220824598,259.35,391,Cascaded,2027,259.35,391
D0,sys/DL/757,CVG,4.1,sys,DL,,,CVG,757,0.0,0,1,0.0,0.00%,0.0,0.0,1,Cascaded,2027,0.0,1
D0,sys/DL/757,DCA,4.1,sys,DL,,,DCA,757,54.28,336,619,57.0,5.00%,0.005870020964360587,352.8,619,Cascaded,2027,352.8,619
D0,sys/DL/757,DEN,4.1,sys,DL,,,DEN,757,50.52,49,97,53.04,5.00%,0.0008560447239692523,51.45,97,Cascaded,2027,51.45,97
D0,sys/DL/757,DJT,4.1,sys,DL,,,DJT,757,45.45,5,11,47.73,5.00%,8.735150244584206e-05,5.25,11,Cascaded,2027,5.25,11
D0,sys/DL/757,DTW,4.1,sys,DL,,,DTW,757,52.55,2954,5621,55.18,5.00%,0.05160726764500349,3101.7,5621,Cascaded,2027,3101.7,5621
D0,sys/DL/757,EGE,4.1,sys,DL,,,EGE,757,63.82,127,199,67.01,5.00%,0.0022187281621243887,133.35,199,Cascaded,2027,133.35,199
D0,sys/DL/757,EWR,4.1,sys,DL,,,EWR,757,0.0,0,1,0.0,0.00%,0.0,0.0,1,Cascaded,2027,0.0,1
D0,sys/DL/757,FLL,4.1,sys,DL,,,FLL,757,56.61,1533,2708,59.44,5.00%,0.026781970649895178,1609.65,2708,Cascaded,2027,1609.65,2708
D0,sys/DL/757,GSP,4.1,sys,DL,,,GSP,757,0.0,0,1,0.0,0.00%,0.0,0.0,1,Cascaded,2027,0.0,1
D0,sys/DL/757,GUA,4.1,sys,DL,,,GUA,757,66.83,270,404,70.17,5.00%,0.0047169811320754715,283.5,404,Cascaded,2027,283.5,404
D0,sys/DL/757,HDN,4.1,sys,DL,,,HDN,757,51.04,49,96,53.59,5.00%,0.0008560447239692523,51.45,96,Cascaded,2027,51.45,96
D0,sys/DL/757,IND,4.1,sys,DL,,,IND,757,100.0,1,1,105.0,5.00%,1.7470300489168413e-05,1.05,1,Cascaded,2027,1.05,1
D0,sys/DL/757,JAC,4.1,sys,DL,,,JAC,757,44.22,88,199,46.43,5.00%,0.0015373864430468203,92.4,199,Cascaded,2027,92.4,199
D0,sys/DL/757,JAX,4.1,sys,DL,,,JAX,757,68.49,1480,2161,71.91,5.00%,0.02585604472396925,1554.0,2161,Cascaded,2027,1554.0,2161
D0,sys/DL/757,JFK,4.1,sys,DL,,,JFK,757,71.99,1640,2278,75.59,5.00%,0.0286512928022362,1722.0,2278,Cascaded,2027,1722.0,2278
D0,sys/DL/757,KEF,4.1,sys,DL,,,KEF,757,63.56,143,225,66.73,5.00%,0.0024982529699510833,150.15,225,Cascaded,2027,150.15,225
D0,sys/DL/757,KOA,4.1,sys,DL,,,KOA,757,65.52,95,145,68.79,5.00%,0.0016596785464709992,99.75,145,Cascaded,2027,99.75,145
D0,sys/DL/757,LAS,4.1,sys,DL,,,LAS,757,55.94,1503,2687,58.73,5.00%,0.026257861635220127,1578.15,2687,Cascaded,2027,1578.15,2687
D0,sys/DL/757,LAX,4.1,sys,DL,,,LAX,757,64.49,1954,3030,67.71,5.00%,0.03413696715583508,2051.7,3030,Cascaded,2027,2051.7,3030
D0,sys/DL/757,LIH,4.1,sys,DL,,,LIH,757,62.89,161,256,66.04,5.00%,0.0028127183787561147,169.05,256,Cascaded,2027,169.05,256
D0,sys/DL/757,LIR,4.1,sys,DL,,,LIR,757,53.33,40,75,56.0,5.00%,0.0006988120195667365,42.0,75,Cascaded,2027,42.0,75
D0,sys/DL/757,MCI,4.1,sys,DL,,,MCI,757,61.36,27,44,64.43,5.00%,0.0004716981132075472,28.35,44,Cascaded,2027,28.35,44
D0,sys/DL/757,MCO,4.1,sys,DL,,,MCO,757,59.49,3907,6567,62.47,5.00%,0.06825646401118099,4102.35,6567,Cascaded,2027,4102.35,6567
D0,sys/DL/757,MEM,4.1,sys,DL,,,MEM,757,100.0,3,3,105.0,5.00%,5.241090146750524e-05,3.15,3,Cascaded,2027,3.15,3
D0,sys/DL/757,MEX,4.1,sys,DL,,,MEX,757,65.57,516,787,68.84,5.00%,0.009014675052410902,541.8,787,Cascaded,2027,541.8,787
D0,sys/DL/757,MIA,4.1,sys,DL,,,MIA,757,54.55,1360,2493,57.28,5.00%,0.023759608665269043,1428.0,2493,Cascaded,2027,1428.0,2493
D0,sys/DL/757,MKE,4.1,sys,DL,,,MKE,757,63.64,28,44,66.82,5.00%,0.0004891684136967156,29.4,44,Cascaded,2027,29.4,44
D0,sys/DL/757,MSP,4.1,sys,DL,,,MSP,757,54.62,2386,4368,57.36,5.00%,0.04168413696715584,2505.3,4368,Cascaded,2027,2505.3,4368
D0,sys/DL/757,MSY,4.1,sys,DL,,,MSY,757,70.65,869,1230,74.18,5.00%,0.01518169112508735,912.45,1230,Cascaded,2027,912.45,1230
D0,sys/DL/757,NAS,4.1,sys,DL,,,NAS,757,75.0,6,8,78.75,5.00%,0.00010482180293501048,6.3,8,Cascaded,2027,6.3,8
D0,sys/DL/757,OGG,4.1,sys,DL,,,OGG,757,80.0,12,15,84.0,5.00%,0.00020964360587002095,12.6,15,Cascaded,2027,12.6,15
D0,sys/DL/757,ORD,4.1,sys,DL,,,ORD,757,63.64,7,11,66.82,5.00%,0.0001222921034241789,7.35,11,Cascaded,2027,7.35,11
D0,sys/DL/757,ORF,4.1,sys,DL,,,ORF,757,59.09,546,924,62.05,5.00%,0.009538784067085955,573.3,924,Cascaded,2027,573.3,924
D0,sys/DL/757,PDX,4.1,sys,DL,,,PDX,757,34.62,9,26,36.35,5.00%,0.00015723270440251572,9.45,26,Cascaded,2027,9.45,26
D0,sys/DL/757,PHL,4.1,sys,DL,,,PHL,757,39.51,32,81,41.48,5.00%,0.0005590496156533892,33.6,81,Cascaded,2027,33.6,81
D0,sys/DL/757,PHX,4.1,sys,DL,,,PHX,757,60.16,1110,1845,63.17,5.00%,0.01939203354297694,1165.5,1845,Cascaded,2027,1165.5,1845
D0,sys/DL/757,PIT,4.1,sys,DL,,,PIT,757,87.5,7,8,91.88,5.00%,0.0001222921034241789,7.35,8,Cascaded,2027,7.35,8
D0,sys/DL/757,PNS,4.1,sys,DL,,,PNS,757,63.08,82,130,66.23,5.00%,0.00143256464011181,86.1,130,Cascaded,2027,86.1,130
D0,sys/DL/757,PUJ,4.1,sys,DL,,,PUJ,757,80.0,20,25,84.0,5.00%,0.00034940600978336826,21.0,25,Cascaded,2027,21.0,25
D0,sys/DL/757,PVR,4.1,sys,DL,,,PVR,757,62.5,10,16,65.62,5.00%,0.00017470300489168413,10.5,16,Cascaded,2027,10.5,16
D0,sys/DL/757,RDU,4.1,sys,DL,,,RDU,757,66.67,136,204,70.0,5.00%,0.0023759608665269044,142.8,204,Cascaded,2027,142.8,204
D0,sys/DL/757,RIC,4.1,sys,DL,,,RIC,757,72.66,792,1090,76.29,5.00%,0.013836477987421384,831.6,1090,Cascaded,2027,831.6,1090
D0,sys/DL/757,RNO,4.1,sys,DL,,,RNO,757,44.52,134,301,46.74,5.00%,0.0023410202655485676,140.7,301,Cascaded,2027,140.7,301
D0,sys/DL/757,RSW,4.1,sys,DL,,,RSW,757,68.49,1654,2415,71.91,5.00%,0.028895877009084556,1736.7,2415,Cascaded,2027,1736.7,2415
D0,sys/DL/757,SAL,4.1,sys,DL,,,SAL,757,60.74,82,135,63.78,5.00%,0.00143256464011181,86.1,135,Cascaded,2027,86.1,135
D0,sys/DL/757,SAN,4.1,sys,DL,,,SAN,757,58.37,443,759,61.28,5.00%,0.007739343116701608,465.15,759,Cascaded,2027,465.15,759
D0,sys/DL/757,SAV,4.1,sys,DL,,,SAV,757,53.19,25,47,55.85,5.00%,0.00043675751222921035,26.25,47,Cascaded,2027,26.25,47
D0,sys/DL/757,SEA,4.1,sys,DL,,,SEA,757,53.74,833,1550,56.43,5.00%,0.014552760307477288,874.65,1550,Cascaded,2027,874.65,1550
D0,sys/DL/757,SFO,4.1,sys,DL,,,SFO,757,59.41,1117,1880,62.39,5.00%,0.01951432564640112,1172.85,1880,Cascaded,2027,1172.85,1880
D0,sys/DL/757,SJD,4.1,sys,DL,,,SJD,757,45.2,80,177,47.46,5.00%,0.001397624039133473,84.0,177,Cascaded,2027,84.0,177
D0,sys/DL/757,SJO,4.1,sys,DL,,,SJO,757,65.87,384,583,69.16,5.00%,0.0067085953878406705,403.2,583,Cascaded,2027,403.2,583
D0,sys/DL/757,SJU,4.1,sys,DL,,,SJU,757,75.46,529,701,79.24,5.00%,0.00924178895877009,555.45,701,Cascaded,2027,555.45,701
D0,sys/DL/757,SLC,4.1,sys,DL,,,SLC,757,56.25,171,304,59.06,5.00%,0.002987421383647799,179.55,304,Cascaded,2027,179.55,304
D0,sys/DL/757,SNA,4.1,sys,DL,,,SNA,757,57.59,797,1384,60.47,5.00%,0.013923829489867225,836.85,1384,Cascaded,2027,836.85,1384
D0,sys/DL/757,SRQ,4.1,sys,DL,,,SRQ,757,72.49,245,338,76.11,5.00%,0.004280223619846262,257.25,338,Cascaded,2027,257.25,338
D0,sys/DL/757,STT,4.1,sys,DL,,,STT,757,64.03,673,1051,67.24,5.00%,0.011757512229210343,706.65,1051,Cascaded,2027,706.65,1051
D0,sys/DL/757,SXM,4.1,sys,DL,,,SXM,757,52.64,279,530,55.27,5.00%,0.004874213836477987,292.95,530,Cascaded,2027,292.95,530
D0,sys/DL/757,TPA,4.1,sys,DL,,,TPA,757,64.17,2283,3558,67.37,5.00%,0.03988469601677149,2397.15,3558,Cascaded,2027,2397.15,3558
D0,sys/DL/757,UIO,4.1,sys,DL,,,UIO,757,73.74,73,99,77.42,5.00%,0.0012753319357092941,76.65,99,Cascaded,2027,76.65,99
D0,sys/DL/757,UVF,4.1,sys,DL,,,UVF,757,66.85,123,184,70.19,5.00%,0.0021488469601677147,129.15,184,Cascaded,2027,129.15,184
D0,sys/DL/763,AMS,4.1,sys,DL,,,AMS,763,0.0,0,8,0.0,0.00%,0.0,0.0,8,Cascaded,2027,0.0,8
D0,sys/DL/763,ANC,4.1,sys,DL,,,ANC,763,15.03,23,153,15.78,5.00%,0.001398091301440642,24.15,153,Cascaded,2027,24.15,153
D0,sys/DL/763,ARN,4.1,sys,DL,,,ARN,763,63.08,123,195,66.23,5.00%,0.007476749133791259,129.15,195,Cascaded,2027,129.15,195
D0,sys/DL/763,ATL,4.1,sys,DL,,,ATL,763,54.9,1619,2949,57.64,5.00%,0.09841347030575649,1699.95,2949,Cascaded,2027,1699.9499999999998,2949
D0,sys/DL/763,BCN,4.1,sys,DL,,,BCN,763,40.0,12,30,42.0,5.00%,0.0007294389398820741,12.6,30,Cascaded,2027,12.6,30
D0,sys/DL/763,BER,4.1,sys,DL,,,BER,763,63.53,54,85,66.71,5.00%,0.0032824752294693333,56.7,85,Cascaded,2027,56.699999999999996,85
D0,sys/DL/763,BOG,4.1,sys,DL,,,BOG,763,74.58,44,59,78.31,5.00%,0.0026746094462342714,46.2,59,Cascaded,2027,46.199999999999996,59
D0,sys/DL/763,BOS,4.1,sys,DL,,,BOS,763,61.55,317,515,64.63,5.00%,0.019269345328551457,332.85,515,Cascaded,2027,332.84999999999997,515
D0,sys/DL/763,BRU,4.1,sys,DL,,,BRU,763,47.4,91,192,49.77,5.00%,0.005531578627439061,95.55,192,Cascaded,2027,95.55,192
D0,sys/DL/763,CDG,4.1,sys,DL,,,CDG,763,26.6,25,94,27.93,5.00%,0.0015196644580876542,26.25,94,Cascaded,2027,26.25,94
D0,sys/DL/763,CPH,4.1,sys,DL,,,CPH,763,76.65,151,197,80.48,5.00%,0.009178773326849432,158.55,197,Cascaded,2027,158.54999999999998,197
D0,sys/DL/763,CTA,4.1,sys,DL,,,CTA,763,64.77,125,193,68.01,5.00%,0.007598322290438271,131.25,193,Cascaded,2027,131.25,193
D0,sys/DL/763,DEN,4.1,sys,DL,,,DEN,763,100.0,6,6,105.0,5.00%,0.00036471946994103704,6.3,6,Cascaded,2027,6.3,6
D0,sys/DL/763,DSS,4.1,sys,DL,,,DSS,763,56.04,102,182,58.85,5.00%,0.00620023098899763,107.1,182,Cascaded,2027,107.1,182
D0,sys/DL/763,DTW,4.1,sys,DL,,,DTW,763,66.67,192,288,70.0,5.00%,0.011671023038113185,201.6,288,Cascaded,2027,201.6,288
D0,sys/DL/763,DUB,4.1,sys,DL,,,DUB,763,80.13,363,453,84.14,5.00%,0.022065527931432738,381.15,453,Cascaded,2027,381.15,453
D0,sys/DL/763,EDI,4.1,sys,DL,,,EDI,763,66.07,405,613,69.37,5.00%,0.02461856422102,425.25,613,Cascaded,2027,425.25,613
D0,sys/DL/763,FCO,4.1,sys,DL,,,FCO,763,27.27,3,11,28.64,5.00%,0.00018235973497051852,3.15,11,Cascaded,2027,3.15,11
D0,sys/DL/763,GIG,4.1,sys,DL,,,GIG,763,79.64,133,167,83.62,5.00%,0.00808461491702632,139.65,167,Cascaded,2027,139.65,167
D0,sys/DL/763,GVA,4.1,sys,DL,,,GVA,763,56.25,18,32,59.06,5.00%,0.001094158409823111,18.9,32,Cascaded,2027,18.9,32
D0,sys/DL/763,HND,4.1,sys,DL,,,HND,763,85.79,308,359,90.08,5.00%,0.0187222661236399,323.4,359,Cascaded,2027,323.4,359
D0,sys/DL/763,HNL,4.1,sys,DL,,,HNL,763,76.67,1742,2272,80.51,5.00%,0.10589021943954775,1829.1,2272,Cascaded,2027,1829.1,2272
D0,sys/DL/763,JFK,4.1,sys,DL,,,JFK,763,68.2,4577,6711,71.61,5.00%,0.2782201689866877,4805.85,6711,Cascaded,2027,4805.849999999999,6711
D0,sys/DL/763,KEF,4.1,sys,DL,,,KEF,763,63.55,129,203,66.72,5.00%,0.007841468603732296,135.45,203,Cascaded,2027,135.45,203
D0,sys/DL/763,KOA,4.1,sys,DL,,,KOA,763,56.78,113,199,59.62,5.00%,0.006868883350556197,118.65,199,Cascaded,2027,118.64999999999999,199
D0,sys/DL/763,LAS,4.1,sys,DL,,,LAS,763,58.11,43,74,61.01,5.00%,0.0026138228679107654,45.15,74,Cascaded,2027,45.15,74
D0,sys/DL/763,LAX,4.1,sys,DL,,,LAX,763,62.63,2118,3382,65.76,5.00%,0.12874597288918607,2223.9,3382,Cascaded,2027,2223.9,3382
D0,sys/DL/763,LGW,4.1,sys,DL,,,LGW,763,53.54,53,99,56.21,5.00%,0.003221688651145827,55.65,99,Cascaded,2027,55.65,99
D0,sys/DL/763,LIM,4.1,sys,DL,,,LIM,763,64.15,34,53,67.36,5.00%,0.0020667436629992096,35.7,53,Cascaded,2027,35.699999999999996,53
D0,sys/DL/763,LIS,4.1,sys,DL,,,LIS,763,55.12,140,254,57.87,5.00%,0.008510120965290864,147.0,254,Cascaded,2027,147.0,254
D0,sys/DL/763,MCO,4.1,sys,DL,,,MCO,763,64.58,62,96,67.81,5.00%,0.0037687678560573827,65.1,96,Cascaded,2027,65.1,96
D0,sys/DL/763,MIA,4.1,sys,DL,,,MIA,763,61.22,30,49,64.29,5.00%,0.001823597349705185,31.5,49,Cascaded,2027,31.5,49
D0,sys/DL/763,MSP,4.1,sys,DL,,,MSP,763,77.58,128,165,81.45,5.00%,0.007780682025408789,134.4,165,Cascaded,2027,134.4,165
D0,sys/DL/763,MXP,4.1,sys,DL,,,MXP,763,77.78,7,9,81.67,5.00%,0.0004255060482645432,7.35,9,Cascaded,2027,7.35,9
D0,sys/DL/763,NAP,4.1,sys,DL,,,NAP,763,73.56,153,208,77.24,5.00%,0.009300346483496444,160.65,208,Cascaded,2027,160.65,208
D0,sys/DL/763,OGG,4.1,sys,DL,,,OGG,763,77.19,379,491,81.05,5.00%,0.023038113184608838,397.95,491,Cascaded,2027,397.95,491
D0,sys/DL/763,OLB,4.1,sys,DL,,,OLB,763,50.0,3,6,52.5,5.00%,0.00018235973497051852,3.15,6,Cascaded,2027,3.15,6
D0,sys/DL/763,OPO,4.1,sys,DL,,,OPO,763,77.78,7,9,81.67,5.00%,0.0004255060482645432,7.35,9,Cascaded,2027,7.35,9
D0,sys/DL/763,PHX,4.1,sys,DL,,,PHX,763,56.76,63,111,59.59,5.00%,0.0038295544343808887,66.15,111,Cascaded,2027,66.14999999999999,111
D0,sys/DL/763,PPT,4.1,sys,DL,,,PPT,763,66.67,2,3,70.0,5.00%,0.00012157315664701233,2.1,3,Cascaded,2027,2.1,3
D0,sys/DL/763,PRG,4.1,sys,DL,,,PRG,763,63.82,97,152,67.01,5.00%,0.005896298097380098,101.85,152,Cascaded,2027,101.85,152
D0,sys/DL/763,SAN,4.1,sys,DL,,,SAN,763,50.0,17,34,52.5,5.00%,0.0010333718314996048,17.85,34,Cascaded,2027,17.849999999999998,34
D0,sys/DL/763,SCL,4.1,sys,DL,,,SCL,763,73.47,36,49,77.14,5.00%,0.002188316819646222,37.8,49,Cascaded,2027,37.8,49
D0,sys/DL/763,SEA,4.1,sys,DL,,,SEA,763,39.53,17,43,41.51,5.00%,0.0010333718314996048,17.85,43,Cascaded,2027,17.849999999999998,43
D0,sys/DL/763,SFO,4.1,sys,DL,,,SFO,763,57.02,1024,1796,59.87,5.00%,0.062245456203270315,1075.2,1796,Cascaded,2027,1075.2,1796
D0,sys/DL/763,SJU,4.1,sys,DL,,,SJU,763,62.43,113,181,65.55,5.00%,0.006868883350556197,118.65,181,Cascaded,2027,118.64999999999999,181
D0,sys/DL/763,SLC,4.1,sys,DL,,,SLC,763,60.44,654,1082,63.47,5.00%,0.03975442222357303,686.7,1082,Cascaded,2027,686.6999999999999,1082
D0,sys/DL/763,SNN,4.1,sys,DL,,,SNN,763,78.57,88,112,82.5,5.00%,0.005349218892468543,92.4,112,Cascaded,2027,92.39999999999999,112
D0,sys/DL/763,TPA,4.1,sys,DL,,,TPA,763,48.98,24,49,51.43,5.00%,0.0014588778797641482,25.2,49,Cascaded,2027,25.2,49
D0,sys/DL/763,UIO,4.1,sys,DL,,,UIO,763,63.64,168,264,66.82,5.00%,0.010212145158349036,176.4,264,Cascaded,2027,176.39999999999998,264
D0,sys/DL/763,VCE,4.1,sys,DL,,,VCE,763,71.59,189,264,75.17,5.00%,0.011488663303142667,198.45,264,Cascaded,2027,198.45,264
D0,sys/DL/763,ZRH,4.1,sys,DL,,,ZRH,763,62.25,127,204,65.37,5.00%,0.007719895447085284,133.35,204,Cascaded,2027,133.35,204
D0,sys/DL/764,ATL,4.1,sys,DL,,,ATL,764,57.59,1638,2844,60.47,5.00%,0.2300561797752809,1719.9,2844,Cascaded,2027,1719.9,2844
D0,sys/DL/764,BCN,4.1,sys,DL,,,BCN,764,75.97,177,233,79.76,5.00%,0.024859550561797752,185.85,233,Cascaded,2027,185.85,233
D0,sys/DL/764,BER,4.1,sys,DL,,,BER,764,48.25,55,114,50.66,5.00%,0.007724719101123595,57.75,114,Cascaded,2027,57.75,114
D0,sys/DL/764,BRU,4.1,sys,DL,,,BRU,764,66.67,28,42,70.0,5.00%,0.003932584269662922,29.4,42,Cascaded,2027,29.4,42
D0,sys/DL/764,CDG,4.1,sys,DL,,,CDG,764,44.18,353,799,46.39,5.00%,0.04957865168539326,370.65,799,Cascaded,2027,370.65,799
D0,sys/DL/764,CVG,4.1,sys,DL,,,CVG,764,4.0,1,25,4.2,5.00%,0.0001404494382022472,1.05,25,Cascaded,2027,1.05,25
D0,sys/DL/764,DTW,4.1,sys,DL,,,DTW,764,52.07,63,121,54.67,5.00%,0.008848314606741573,66.15,121,Cascaded,2027,66.15,121
D0,sys/DL/764,DUB,4.1,sys,DL,,,DUB,764,72.87,137,188,76.52,5.00%,0.019241573033707864,143.85,188,Cascaded,2027,143.85,188
D0,sys/DL/764,EDI,4.1,sys,DL,,,EDI,764,42.86,3,7,45.0,5.00%,0.0004213483146067416,3.15,7,Cascaded,2027,3.15,7
D0,sys/DL/764,EZE,4.1,sys,DL,,,EZE,764,24.05,19,79,25.25,5.00%,0.0026685393258426967,19.95,79,Cascaded,2027,19.95,79
D0,sys/DL/764,FCO,4.1,sys,DL,,,FCO,764,0.0,0,1,0.0,0.00%,0.0,0.0,1,Cascaded,2027,0.0,1
D0,sys/DL/764,GIG,4.1,sys,DL,,,GIG,764,61.4,35,57,64.47,5.00%,0.0049157303370786515,36.75,57,Cascaded,2027,36.75,57
D0,sys/DL/764,GVA,4.1,sys,DL,,,GVA,764,53.12,51,96,55.78,5.00%,0.007162921348314606,53.55,96,Cascaded,2027,53.55,96
D0,sys/DL/764,HND,4.1,sys,DL,,,HND,764,100.0,1,1,105.0,5.00%,0.0001404494382022472,1.05,1,Cascaded,2027,1.05,1
D0,sys/DL/764,HNL,4.1,sys,DL,,,HNL,764,100.0,1,1,105.0,5.00%,0.0001404494382022472,1.05,1,Cascaded,2027,1.05,1
D0,sys/DL/764,JFK,4.1,sys,DL,,,JFK,764,60.16,1895,3150,63.17,5.00%,0.26615168539325845,1989.75,3150,Cascaded,2027,1989.75,3150
D0,sys/DL/764,LAS,4.1,sys,DL,,,LAS,764,55.56,5,9,58.33,5.00%,0.0007022471910112359,5.25,9,Cascaded,2027,5.25,9
D0,sys/DL/764,LAX,4.1,sys,DL,,,LAX,764,63.22,679,1074,66.38,5.00%,0.09536516853932585,712.95,1074,Cascaded,2027,712.95,1074
D0,sys/DL/764,LHR,4.1,sys,DL,,,LHR,764,70.76,634,896,74.3,5.00%,0.08904494382022472,665.7,896,Cascaded,2027,665.7,896
D0,sys/DL/764,MAD,4.1,sys,DL,,,MAD,764,66.67,206,309,70.0,5.00%,0.02893258426966292,216.3,309,Cascaded,2027,216.3,309
D0,sys/DL/764,MCO,4.1,sys,DL,,,MCO,764,35.85,19,53,37.64,5.00%,0.0026685393258426967,19.95,53,Cascaded,2027,19.95,53
D0,sys/DL/764,MIA,4.1,sys,DL,,,MIA,764,41.33,62,150,43.4,5.00%,0.008707865168539325,65.1,150,Cascaded,2027,65.1,150
D0,sys/DL/764,MSP,4.1,sys,DL,,,MSP,764,50.0,1,2,52.5,5.00%,0.0001404494382022472,1.05,2,Cascaded,2027,1.05,2
D0,sys/DL/764,MUC,4.1,sys,DL,,,MUC,764,60.82,267,439,63.86,5.00%,0.0375,280.35,439,Cascaded,2027,280.35,439
D0,sys/DL/764,MXP,4.1,sys,DL,,,MXP,764,54.32,176,324,57.04,5.00%,0.024719101123595506,184.8,324,Cascaded,2027,184.8,324
D0,sys/DL/764,NCE,4.1,sys,DL,,,NCE,764,56.94,197,346,59.78,5.00%,0.027668539325842696,206.85,346,Cascaded,2027,206.85,346
D0,sys/DL/764,PHX,4.1,sys,DL,,,PHX,764,68.57,48,70,72.0,5.00%,0.006741573033707865,50.4,70,Cascaded,2027,50.4,70
D0,sys/DL/764,RAK,4.1,sys,DL,,,RAK,764,65.0,65,100,68.25,5.00%,0.009129213483146067,68.25,100,Cascaded,2027,68.25,100
D0,sys/DL/764,SAN,4.1,sys,DL,,,SAN,764,33.33,1,3,35.0,5.00%,0.0001404494382022472,1.05,3,Cascaded,2027,1.05,3
D0,sys/DL/764,SFO,4.1,sys,DL,,,SFO,764,53.33,16,30,56.0,5.00%,0.0022471910112359553,16.8,30,Cascaded,2027,16.8,30
D0,sys/DL/764,SLC,4.1,sys,DL,,,SLC,764,25.0,1,4,26.25,5.00%,0.0001404494382022472,1.05,4,Cascaded,2027,1.05,4
D0,sys/DL/764,TPA,4.1,sys,DL,,,TPA,764,20.0,2,10,21.0,5.00%,0.0002808988764044944,2.1,10,Cascaded,2027,2.1,10
D0,sys/DL/764,VCE,4.1,sys,DL,,,VCE,764,72.69,165,227,76.32,5.00%,0.023174157303370788,173.25,227,Cascaded,2027,173.25,227
D0,sys/DL/764,ZRH,4.1,sys,DL,,,ZRH,764,61.98,119,192,65.08,5.00%,0.016713483146067416,124.95,192,Cascaded,2027,124.95,192
D0,sys/DC/9E/D,ABE,5.0,sys,DC,9E,D,ABE,,67.44,698,1035,70.81,5.00%,0.004267155738957665,732.9,1035,Cascaded,2027,732.9,1035
D0,sys/DC/9E/D,ABY,5.0,sys,DC,9E,D,ABY,,76.24,414,543,80.06,5.00%,0.002530949105914718,434.7,543,Cascaded,2027,434.7,543
D0,sys/DC/9E/D,AEX,5.0,sys,DC,9E,D,AEX,,74.14,751,1013,77.84,5.00%,0.004591166131743848,788.55,1013,Cascaded,2027,788.55,1013
D0,sys/DC/9E/D,AGS,5.0,sys,DC,9E,D,AGS,,69.74,1270,1821,73.23,5.00%,0.007764022619593459,1333.5,1821,Cascaded,2027,1333.5,1821
D0,sys/DC/9E/D,ALB,5.0,sys,DC,9E,D,ALB,,78.87,627,795,82.81,5.00%,0.003833104080696928,658.35,795,Cascaded,2027,658.35,795
D0,sys/DC/9E/D,ATL,5.0,sys,DC,9E,D,ATL,,67.03,21807,32532,70.38,5.00%,0.1333149931224209,22897.35,32532,Cascaded,2027,22897.35,32532
D0,sys/DC/9E/D,ATW,5.0,sys,DC,9E,D,ATW,,68.18,30,44,71.59,5.00%,0.00018340210912425492,31.5,44,Cascaded,2027,31.5,44
D0,sys/DC/9E/D,AUS,5.0,sys,DC,9E,D,AUS,,69.19,732,1058,72.65,5.00%,0.00447501146263182,768.6,1058,Cascaded,2027,768.6,1058
D0,sys/DC/9E/D,AVL,5.0,sys,DC,9E,D,AVL,,64.94,650,1001,68.18,5.00%,0.003973712364358857,682.5,1001,Cascaded,2027,682.5,1001
D0,sys/DC/9E/D,AZO,5.0,sys,DC,9E,D,AZO,,59.46,22,37,62.43,5.00%,0.00013449488002445362,23.1,37,Cascaded,2027,23.1,37
D0,sys/DC/9E/D,BGM,5.0,sys,DC,9E,D,BGM,,23.08,3,13,24.23,5.00%,1.8340210912425492e-05,3.15,13,Cascaded,2027,3.15,13
D0,sys/DC/9E/D,BGR,5.0,sys,DC,9E,D,BGR,,77.93,939,1205,81.82,5.00%,0.00574048601558918,985.95,1205,Cascaded,2027,985.95,1205
D0,sys/DC/9E/D,BHM,5.0,sys,DC,9E,D,BHM,,70.41,1028,1460,73.93,5.00%,0.006284578939324469,1079.4,1460,Cascaded,2027,1079.4,1460
D0,sys/DC/9E/D,BIS,5.0,sys,DC,9E,D,BIS,,72.44,510,704,76.07,5.00%,0.0031178358551123336,535.5,704,Cascaded,2027,535.5,704
D0,sys/DC/9E/D,BMI,5.0,sys,DC,9E,D,BMI,,74.39,488,656,78.11,5.00%,0.0029833409750878804,512.4,656,Cascaded,2027,512.4,656
D0,sys/DC/9E/D,BNA,5.0,sys,DC,9E,D,BNA,,67.86,1712,2523,71.25,5.00%,0.010466147027357481,1797.6,2523,Cascaded,2027,1797.6,2523
D0,sys/DC/9E/D,BQK,5.0,sys,DC,9E,D,BQK,,72.27,761,1053,75.88,5.00%,0.0046523001681186,799.05,1053,Cascaded,2027,799.05,1053
D0,sys/DC/9E/D,BTR,5.0,sys,DC,9E,D,BTR,,59.46,393,661,62.43,5.00%,0.0024025676295277394,412.65,661,Cascaded,2027,412.65,661
D0,sys/DC/9E/D,BTV,5.0,sys,DC,9E,D,BTV,,76.86,1425,1854,80.7,5.00%,0.00871160018340211,1496.25,1854,Cascaded,2027,1496.25,1854
D0,sys/DC/9E/D,BUF,5.0,sys,DC,9E,D,BUF,,70.0,1547,2210,73.5,5.00%,0.00945743542717408,1624.35,2210,Cascaded,2027,1624.35,2210
D0,sys/DC/9E/D,BWI,5.0,sys,DC,9E,D,BWI,,100.0,2,2,105.0,5.00%,1.2226807274950329e-05,2.1,2,Cascaded,2027,2.1,2
D0,sys/DC/9E/D,CAE,5.0,sys,DC,9E,D,CAE,,68.54,876,1278,71.97,5.00%,0.005355341586428244,919.8,1278,Cascaded,2027,919.8,1278
D0,sys/DC/9E/D,CHA,5.0,sys,DC,9E,D,CHA,,68.37,1792,2621,71.79,5.00%,0.010955219318355495,1881.6,2621,Cascaded,2027,1881.6,2621
D0,sys/DC/9E/D,CHO,5.0,sys,DC,9E,D,CHO,,74.32,1320,1776,78.04,5.00%,0.008069692801467217,1386.0,1776,Cascaded,2027,1386.0,1776
D0,sys/DC/9E/D,CHS,5.0,sys,DC,9E,D,CHS,,69.48,1302,1874,72.95,5.00%,0.007959651535992663,1367.1,1874,Cascaded,2027,1367.1,1874
D0,sys/DC/9E/D,CID,5.0,sys,DC,9E,D,CID,,61.97,391,631,65.06,5.00%,0.002390340822252789,410.55,631,Cascaded,2027,410.55,631
D0,sys/DC/9E/D,CLE,5.0,sys,DC,9E,D,CLE,,67.33,2393,3554,70.7,5.00%,0.014629374904478068,2512.65,3554,Cascaded,2027,2512.65,3554
D0,sys/DC/9E/D,CLT,5.0,sys,DC,9E,D,CLT,,64.58,1415,2191,67.81,5.00%,0.008650466147027358,1485.75,2191,Cascaded,2027,1485.75,2191
D0,sys/DC/9E/D,CMH,5.0,sys,DC,9E,D,CMH,,67.2,791,1177,70.56,5.00%,0.004835702277242855,830.55,1177,Cascaded,2027,830.55,1177
D0,sys/DC/9E/D,CRW,5.0,sys,DC,9E,D,CRW,,68.99,723,1048,72.44,5.00%,0.004419990829894544,759.15,1048,Cascaded,2027,759.15,1048
D0,sys/DC/9E/D,CSG,5.0,sys,DC,9E,D,CSG,,63.36,434,685,66.53,5.00%,0.0026532171786642213,455.7,685,Cascaded,2027,455.7,685
D0,sys/DC/9E/D,CVG,5.0,sys,DC,9E,D,CVG,,70.24,5093,7251,73.75,5.00%,0.03113556472566101,5347.65,7251,Cascaded,2027,5347.65,7251
D0,sys/DC/9E/D,CWA,5.0,sys,DC,9E,D,CWA,,77.62,555,715,81.5,5.00%,0.0033929390187987163,582.75,715,Cascaded,2027,582.75,715
D0,sys/DC/9E/D,DAY,5.0,sys,DC,9E,D,DAY,,73.45,83,113,77.12,5.00%,0.0005074125019104386,87.15,113,Cascaded,2027,87.15,113
D0,sys/DC/9E/D,DCA,5.0,sys,DC,9E,D,DCA,,56.58,1230,2174,59.41,5.00%,0.007519486474094452,1291.5,2174,Cascaded,2027,1291.5,2174
D0,sys/DC/9E/D,DHN,5.0,sys,DC,9E,D,DHN,,75.62,704,931,79.4,5.00%,0.004303836160782516,739.2,931,Cascaded,2027,739.2,931
D0,sys/DC/9E/D,DLH,5.0,sys,DC,9E,D,DLH,,78.24,205,262,82.16,5.00%,0.0012532477456824087,215.25,262,Cascaded,2027,215.25,262
D0,sys/DC/9E/D,DSM,5.0,sys,DC,9E,D,DSM,,73.27,1974,2694,76.94,5.00%,0.012067858780375975,2072.7,2694,Cascaded,2027,2072.7,2694
D0,sys/DC/9E/D,DTW,5.0,sys,DC,9E,D,DTW,,66.71,12603,18891,70.05,5.00%,0.07704722604309949,13233.15,18891,Cascaded,2027,13233.15,18891
D0,sys/DC/9E/D,ECP,5.0,sys,DC,9E,D,ECP,,52.91,118,223,55.56,5.00%,0.0007213816292220694,123.9,223,Cascaded,2027,123.9,223
D0,sys/DC/9E/D,EVV,5.0,sys,DC,9E,D,EVV,,77.72,900,1158,81.61,5.00%,0.005502063273727648,945.0,1158,Cascaded,2027,945.0,1158
D0,sys/DC/9E/D,EWR,5.0,sys,DC,9E,D,EWR,,68.81,984,1430,72.25,5.00%,0.006015589179275561,1033.2,1430,Cascaded,2027,1033.2,1430
D0,sys/DC/9E/D,EYW,5.0,sys,DC,9E,D,EYW,,18.75,3,16,19.69,5.00%,1.8340210912425492e-05,3.15,16,Cascaded,2027,3.15,16
D0,sys/DC/9E/D,FAR,5.0,sys,DC,9E,D,FAR,,65.21,343,526,68.47,5.00%,0.0020968974476539815,360.15,526,Cascaded,2027,360.15,526
D0,sys/DC/9E/D,FAY,5.0,sys,DC,9E,D,FAY,,77.0,887,1152,80.85,5.00%,0.005422589026440471,931.35,1152,Cascaded,2027,931.35,1152
D0,sys/DC/9E/D,FLL,5.0,sys,DC,9E,D,FLL,,91.67,11,12,96.25,5.00%,6.724744001222681e-05,11.55,12,Cascaded,2027,11.55,12
D0,sys/DC/9E/D,FSD,5.0,sys,DC,9E,D,FSD,,66.6,337,506,69.93,5.00%,0.0020602170258291305,353.85,506,Cascaded,2027,353.85,506
D0,sys/DC/9E/D,FWA,5.0,sys,DC,9E,D,FWA,,68.82,256,372,72.26,5.00%,0.001565031331193642,268.8,372,Cascaded,2027,268.8,372
D0,sys/DC/9E/D,GFK,5.0,sys,DC,9E,D,GFK,,71.78,117,163,75.37,5.00%,0.0007152682255845942,122.85,163,Cascaded,2027,122.85,163
D0,sys/DC/9E/D,GNV,5.0,sys,DC,9E,D,GNV,,70.87,90,127,74.41,5.00%,0.0005502063273727648,94.5,127,Cascaded,2027,94.5,127
D0,sys/DC/9E/D,GPT,5.0,sys,DC,9E,D,GPT,,56.0,14,25,58.8,5.00%,8.55876509246523e-05,14.7,25,Cascaded,2027,14.7,25
D0,sys/DC/9E/D,GRB,5.0,sys,DC,9E,D,GRB,,80.48,437,543,84.5,5.00%,0.0026715573895766467,458.85,543,Cascaded,2027,458.85,543
D0,sys/DC/9E/D,GRR,5.0,sys,DC,9E,D,GRR,,68.38,677,990,71.8,5.00%,0.004138774262570686,710.85,990,Cascaded,2027,710.85,990
D0,sys/DC/9E/D,GSO,5.0,sys,DC,9E,D,GSO,,70.91,707,997,74.46,5.00%,0.004322176371694941,742.35,997,Cascaded,2027,742.35,997
D0,sys/DC/9E/D,GSP,5.0,sys,DC,9E,D,GSP,,69.21,980,1416,72.67,5.00%,0.005991135564725661,1029.0,1416,Cascaded,2027,1029.0,1416
D0,sys/DC/9E/D,GTR,5.0,sys,DC,9E,D,GTR,,77.02,553,718,80.87,5.00%,0.0033807122115237656,580.65,718,Cascaded,2027,580.65,718
D0,sys/DC/9E/D,HPN,5.0,sys,DC,9E,D,HPN,,59.7,1086,1819,62.69,5.00%,0.006639156350298029,1140.3,1819,Cascaded,2027,1140.3,1819
D0,sys/DC/9E/D,HSV,5.0,sys,DC,9E,D,HSV,,68.89,848,1231,72.33,5.00%,0.005184166284578939,890.4,1231,Cascaded,2027,890.4,1231
D0,sys/DC/9E/D,IAD,5.0,sys,DC,9E,D,IAD,,63.86,615,963,67.06,5.00%,0.003759743237047226,645.75,963,Cascaded,2027,645.75,963
D0,sys/DC/9E/D,ICT,5.0,sys,DC,9E,D,ICT,,75.66,143,189,79.44,5.00%,0.0008742167201589485,150.15,189,Cascaded,2027,150.15,189
D0,sys/DC/9E/D,ILM,5.0,sys,DC,9E,D,ILM,,70.06,709,1012,73.56,5.00%,0.0043344031789698916,744.45,1012,Cascaded,2027,744.45,1012
D0,sys/DC/9E/D,IND,5.0,sys,DC,9E,D,IND,,72.43,2283,3152,76.05,5.00%,0.0139569005043558,2397.15,3152,Cascaded,2027,2397.15,3152
D0,sys/DC/9E/D,ITH,5.0,sys,DC,9E,D,ITH,,79.33,541,682,83.29,5.00%,0.0033073513678740637,568.05,682,Cascaded,2027,568.05,682
D0,sys/DC/9E/D,JAN,5.0,sys,DC,9E,D,JAN,,68.92,388,563,72.36,5.00%,0.0023720006113403637,407.4,563,Cascaded,2027,407.4,563
D0,sys/DC/9E/D,JAX,5.0,sys,DC,9E,D,JAX,,65.98,1123,1702,69.28,5.00%,0.00686535228488461,1179.15,1702,Cascaded,2027,1179.15,1702
D0,sys/DC/9E/D,JFK,5.0,sys,DC,9E,D,JFK,,70.38,14876,21137,73.9,5.00%,0.09094299251108054,15619.8,21137,Cascaded,2027,15619.8,21137
D0,sys/DC/9E/D,LAN,5.0,sys,DC,9E,D,LAN,,63.21,67,106,66.37,5.00%,0.000409598043710836,70.35,106,Cascaded,2027,70.35,106
D0,sys/DC/9E/D,LEX,5.0,sys,DC,9E,D,LEX,,73.47,601,818,77.15,5.00%,0.0036741555861225738,631.05,818,Cascaded,2027,631.05,818
D0,sys/DC/9E/D,LFT,5.0,sys,DC,9E,D,LFT,,75.72,817,1079,79.5,5.00%,0.004994650771817209,857.85,1079,Cascaded,2027,857.85,1079
D0,sys/DC/9E/D,LGA,5.0,sys,DC,9E,D,LGA,,65.79,18420,27997,69.08,5.00%,0.11260889500229253,19341.0,27997,Cascaded,2027,19341.0,27997
D0,sys/DC/9E/D,LIT,5.0,sys,DC,9E,D,LIT,,66.12,201,304,69.42,5.00%,0.0012287941311325081,211.05,304,Cascaded,2027,211.05,304
D0,sys/DC/9E/D,MBS,5.0,sys,DC,9E,D,MBS,,65.04,147,226,68.3,5.00%,0.0008986703347088491,154.35,226,Cascaded,2027,154.35,226
D0,sys/DC/9E/D,MCI,5.0,sys,DC,9E,D,MCI,,66.48,845,1271,69.81,5.00%,0.005165826073666514,887.25,1271,Cascaded,2027,887.25,1271
D0,sys/DC/9E/D,MCO,5.0,sys,DC,9E,D,MCO,,34.21,13,38,35.92,5.00%,7.947424728717714e-05,13.65,38,Cascaded,2027,13.65,38
D0,sys/DC/9E/D,MDT,5.0,sys,DC,9E,D,MDT,,70.62,464,657,74.16,5.00%,0.002836619287788476,487.2,657,Cascaded,2027,487.2,657
D0,sys/DC/9E/D,MDW,5.0,sys,DC,9E,D,MDW,,60.38,477,790,63.4,5.00%,0.0029160935350756533,500.85,790,Cascaded,2027,500.85,790
D0,sys/DC/9E/D,MEM,5.0,sys,DC,9E,D,MEM,,66.04,630,954,69.34,5.00%,0.0038514442916093533,661.5,954,Cascaded,2027,661.5,954
D0,sys/DC/9E/D,MGM,5.0,sys,DC,9E,D,MGM,,64.15,868,1353,67.36,5.00%,0.0053064343573284425,911.4,1353,Cascaded,2027,911.4,1353
D0,sys/DC/9E/D,MIA,5.0,sys,DC,9E,D,MIA,,43.75,7,16,45.94,5.00%,4.279382546232615e-05,7.35,16,Cascaded,2027,7.35,16
D0,sys/DC/9E/D,MKE,5.0,sys,DC,9E,D,MKE,,74.56,850,1140,78.29,5.00%,0.00519639309185389,892.5,1140,Cascaded,2027,892.5,1140
D0,sys/DC/9E/D,MLI,5.0,sys,DC,9E,D,MLI,,71.91,517,719,75.5,5.00%,0.00316062968057466,542.85,719,Cascaded,2027,542.85,719
D0,sys/DC/9E/D,MLU,5.0,sys,DC,9E,D,MLU,,69.37,711,1025,72.83,5.00%,0.004346629986244842,746.55,1025,Cascaded,2027,746.55,1025
D0,sys/DC/9E/D,MOB,5.0,sys,DC,9E,D,MOB,,72.8,586,805,76.43,5.00%,0.0035824545315604464,615.3,805,Cascaded,2027,615.3,805
D0,sys/DC/9E/D,MOT,5.0,sys,DC,9E,D,MOT,,69.23,81,117,72.69,5.00%,0.0004951856946354883,85.05,117,Cascaded,2027,85.05,117
D0,sys/DC/9E/D,MSN,5.0,sys,DC,9E,D,MSN,,69.46,621,894,72.94,5.00%,0.003796423658872077,652.05,894,Cascaded,2027,652.05,894
D0,sys/DC/9E/D,MSP,5.0,sys,DC,9E,D,MSP,,65.78,9534,14494,69.07,5.00%,0.05828519027968822,10010.7,14494,Cascaded,2027,10010.7,14494
D0,sys/DC/9E/D,MYR,5.0,sys,DC,9E,D,MYR,,69.47,66,95,72.95,5.00%,0.00040348464007336086,69.3,95,Cascaded,2027,69.3,95
D0,sys/DC/9E/D,OAJ,5.0,sys,DC,9E,D,OAJ,,76.97,645,838,80.82,5.00%,0.003943145346171481,677.25,838,Cascaded,2027,677.25,838
D0,sys/DC/9E/D,OKC,5.0,sys,DC,9E,D,OKC,,77.45,182,235,81.32,5.00%,0.00111263946202048,191.1,235,Cascaded,2027,191.1,235
D0,sys/DC/9E/D,OMA,5.0,sys,DC,9E,D,OMA,,72.7,751,1033,76.34,5.00%,0.004591166131743848,788.55,1033,Cascaded,2027,788.55,1033
D0,sys/DC/9E/D,ORD,5.0,sys,DC,9E,D,ORD,,51.69,595,1151,54.28,5.00%,0.003637475164297723,624.75,1151,Cascaded,2027,624.75,1151
D0,sys/DC/9E/D,ORF,5.0,sys,DC,9E,D,ORF,,63.38,1419,2239,66.55,5.00%,0.008674919761577258,1489.95,2239,Cascaded,2027,1489.95,2239
D0,sys/DC/9E/D,ORH,5.0,sys,DC,9E,D,ORH,,67.5,189,280,70.88,5.00%,0.001155433287482806,198.45,280,Cascaded,2027,198.45,280
D0,sys/DC/9E/D,PHL,5.0,sys,DC,9E,D,PHL,,38.71,12,31,40.65,5.00%,7.336084364970197e-05,12.6,31,Cascaded,2027,12.6,31
D0,sys/DC/9E/D,PIT,5.0,sys,DC,9E,D,PIT,,66.22,1298,1960,69.54,5.00%,0.007935197921442764,1362.9,1960,Cascaded,2027,1362.9,1960
D0,sys/DC/9E/D,PNS,5.0,sys,DC,9E,D,PNS,,60.9,204,335,63.94,5.00%,0.0012471343420449336,214.2,335,Cascaded,2027,214.2,335
D0,sys/DC/9E/D,PVD,5.0,sys,DC,9E,D,PVD,,58.64,129,220,61.57,5.00%,0.0007886290692342962,135.45,220,Cascaded,2027,135.45,220
D0,sys/DC/9E/D,PWM,5.0,sys,DC,9E,D,PWM,,68.3,793,1161,71.72,5.00%,0.004847929084517805,832.65,1161,Cascaded,2027,832.65,1161
D0,sys/DC/9E/D,RAP,5.0,sys,DC,9E,D,RAP,,75.51,629,833,79.29,5.00%,0.0038453308879718784,660.45,833,Cascaded,2027,660.45,833
D0,sys/DC/9E/D,RDU,5.0,sys,DC,9E,D,RDU,,64.78,4503,6951,68.02,5.00%,0.027528656579550666,4728.15,6951,Cascaded,2027,4728.15,6951
D0,sys/DC/9E/D,RIC,5.0,sys,DC,9E,D,RIC,,68.34,1541,2255,71.75,5.00%,0.009420755005349227,1618.05,2255,Cascaded,2027,1618.05,2255
D0,sys/DC/9E/D,ROA,5.0,sys,DC,9E,D,ROA,,67.6,849,1256,70.98,5.00%,0.005190279688216414,891.45,1256,Cascaded,2027,891.45,1256
D0,sys/DC/9E/D,ROC,5.0,sys,DC,9E,D,ROC,,63.15,1623,2570,66.31,5.00%,0.009922054103622192,1704.15,2570,Cascaded,2027,1704.15,2570
D0,sys/DC/9E/D,RST,5.0,sys,DC,9E,D,RST,,72.52,541,746,76.15,5.00%,0.0033073513678740637,568.05,746,Cascaded,2027,568.05,746
D0,sys/DC/9E/D,RSW,5.0,sys,DC,9E,D,RSW,,63.24,43,68,66.4,5.00%,0.00026287635641143205,45.15,68,Cascaded,2027,45.15,68
D0,sys/DC/9E/D,SAV,5.0,sys,DC,9E,D,SAV,,62.35,856,1373,65.46,5.00%,0.005233073513678741,898.8,1373,Cascaded,2027,898.8,1373
D0,sys/DC/9E/D,SBN,5.0,sys,DC,9E,D,SBN,,72.22,13,18,75.83,5.00%,7.947424728717714e-05,13.65,18,Cascaded,2027,13.65,18
D0,sys/DC/9E/D,SDF,5.0,sys,DC,9E,D,SDF,,76.21,535,702,80.02,5.00%,0.0032706709460492128,561.75,702,Cascaded,2027,561.75,702
D0,sys/DC/9E/D,SGF,5.0,sys,DC,9E,D,SGF,,67.55,410,607,70.92,5.00%,0.0025064954913648174,430.5,607,Cascaded,2027,430.5,607
D0,sys/DC/9E/D,SHV,5.0,sys,DC,9E,D,SHV,,72.73,72,99,76.36,5.00%,0.00044016506189821183,75.6,99,Cascaded,2027,75.6,99
D0,sys/DC/9E/D,STL,5.0,sys,DC,9E,D,STL,,69.2,1058,1529,72.66,5.00%,0.006467981048448724,1110.9,1529,Cascaded,2027,1110.9,1529
D0,sys/DC/9E/D,SYR,5.0,sys,DC,9E,D,SYR,,73.25,1950,2662,76.92,5.00%,0.01192113709307657,2047.5,2662,Cascaded,2027,2047.5,2662
D0,sys/DC/9E/D,TLH,5.0,sys,DC,9E,D,TLH,,65.89,226,343,69.18,5.00%,0.001381629222069387,237.3,343,Cascaded,2027,237.3,343
D0,sys/DC/9E/D,TPA,5.0,sys,DC,9E,D,TPA,,75.0,9,12,78.75,5.00%,5.502063273727648e-05,9.45,12,Cascaded,2027,9.45,12
D0,sys/DC/9E/D,TRI,5.0,sys,DC,9E,D,TRI,,76.16,840,1103,79.96,5.00%,0.005135259055479138,882.0,1103,Cascaded,2027,882.0,1103
D0,sys/DC/9E/D,TUL,5.0,sys,DC,9E,D,TUL,,71.43,220,308,75.0,5.00%,0.001344948800244536,231.0,308,Cascaded,2027,231.0,308
D0,sys/DC/9E/D,TVC,5.0,sys,DC,9E,D,TVC,,59.3,153,258,62.27,5.00%,0.0009353507565337001,160.65,258,Cascaded,2027,160.65,258
D0,sys/DC/9E/D,TYS,5.0,sys,DC,9E,D,TYS,,73.99,2497,3375,77.68,5.00%,0.015265168882775485,2621.85,3375,Cascaded,2027,2621.85,3375
D0,sys/DC/9E/D,VLD,5.0,sys,DC,9E,D,VLD,,74.06,745,1006,77.76,5.00%,0.004554485709918997,782.25,1006,Cascaded,2027,782.25,1006
D0,sys/DC/9E/D,VPS,5.0,sys,DC,9E,D,VPS,,47.46,28,59,49.83,5.00%,0.0001711753018493046,29.4,59,Cascaded,2027,29.4,59
D0,sys/DC/9E/D,XNA,5.0,sys,DC,9E,D,XNA,,66.73,1775,2660,70.07,5.00%,0.010851291456518416,1863.75,2660,Cascaded,2027,1863.75,2660
D0,sys/DC/9E/I,ATL,5.0,sys,DC,9E,I,ATL,,68.99,356,516,72.44,5.00%,0.03457317665339419,373.8,516,Cascaded,2027,373.8,516
D0,sys/DC/9E/I,DTW,5.0,sys,DC,9E,I,DTW,,66.23,1518,2292,69.54,5.00%,0.14742157910070894,1593.9,2292,Cascaded,2027,1593.9,2292
D0,sys/DC/9E/I,ELH,5.0,sys,DC,9E,I,ELH,,61.62,122,198,64.7,5.00%,0.011848111100320483,128.1,198,Cascaded,2027,128.1,198
D0,sys/DC/9E/I,GGT,5.0,sys,DC,9E,I,GGT,,69.47,91,131,72.94,5.00%,0.008837525492861998,95.55,131,Cascaded,2027,95.55,131
D0,sys/DC/9E/I,JFK,5.0,sys,DC,9E,I,JFK,,61.93,623,1006,65.02,5.00%,0.060503059143439834,654.15,1006,Cascaded,2027,654.15,1006
D0,sys/DC/9E/I,LGA,5.0,sys,DC,9E,I,LGA,,66.04,2015,3051,69.35,5.00%,0.1956880644848014,2115.75,3051,Cascaded,2027,2115.75,3051
D0,sys/DC/9E/I,MHH,5.0,sys,DC,9E,I,MHH,,64.52,120,186,67.74,5.00%,0.011653879770807032,126.0,186,Cascaded,2027,126.0,186
D0,sys/DC/9E/I,MSP,5.0,sys,DC,9E,I,MSP,,66.23,357,539,69.55,5.00%,0.03467029231815092,374.85,539,Cascaded,2027,374.85,539
D0,sys/DC/9E/I,YHZ,5.0,sys,DC,9E,I,YHZ,,78.95,195,247,82.89,5.00%,0.018937554627561425,204.75,247,Cascaded,2027,204.75,247
D0,sys/DC/9E/I,YUL,5.0,sys,DC,9E,I,YUL,,75.63,1552,2052,79.42,5.00%,0.1507235117024376,1629.6,2052,Cascaded,2027,1629.6000000000001,2052
D0,sys/DC/9E/I,YYZ,5.0,sys,DC,9E,I,YYZ,,72.75,3348,4602,76.39,5.00%,0.32514324560551616,3515.4,4602,Cascaded,2027,3515.4,4602
D0,sys/DC/OO/D,ABQ,5.0,sys,DC,OO,D,ABQ,,86.37,1850,2142,90.69,5.00%,0.00954725374536184,1942.5,2142,Cascaded,2027,1942.5000000000002,2142
D0,sys/DC/OO/D,ABR,5.0,sys,DC,OO,D,ABR,,85.0,629,740,89.25,5.00%,0.003246066273423026,660.45,740,Cascaded,2027,660.45,740
D0,sys/DC/OO/D,ABY,5.0,sys,DC,OO,D,ABY,,75.37,355,471,79.14,5.00%,0.0018320405835694344,372.75,471,Cascaded,2027,372.75000000000006,471
D0,sys/DC/OO/D,AEX,5.0,sys,DC,OO,D,AEX,,50.0,9,18,52.5,5.00%,4.6446099301760305e-05,9.45,18,Cascaded,2027,9.450000000000001,18
D0,sys/DC/OO/D,AGS,5.0,sys,DC,OO,D,AGS,,70.71,99,140,74.25,5.00%,0.0005109070923193634,103.95,140,Cascaded,2027,103.95000000000002,140
D0,sys/DC/OO/D,ALB,5.0,sys,DC,OO,D,ALB,,72.91,576,790,76.56,5.00%,0.0029725503553126595,604.8,790,Cascaded,2027,604.8000000000001,790
D0,sys/DC/OO/D,APN,5.0,sys,DC,OO,D,APN,,77.31,460,595,81.18,5.00%,0.0023739117420899713,483.0,595,Cascaded,2027,483.00000000000006,595
D0,sys/DC/OO/D,ASE,5.0,sys,DC,OO,D,ASE,,57.81,433,749,60.7,5.00%,0.0022345734441846904,454.65,749,Cascaded,2027,454.65000000000003,749
D0,sys/DC/OO/D,ATL,5.0,sys,DC,OO,D,ATL,,65.14,4699,7214,68.39,5.00%,0.024250024513219077,4933.95,7214,Cascaded,2027,4933.950000000001,7214
D0,sys/DC/OO/D,ATW,5.0,sys,DC,OO,D,ATW,,70.44,1399,1986,73.97,5.00%,0.00721978810257363,1468.95,1986,Cascaded,2027,1468.9500000000003,1986
D0,sys/DC/OO/D,AUS,5.0,sys,DC,OO,D,AUS,,70.46,3854,5470,73.98,5.00%,0.019889251856553804,4046.7,5470,Cascaded,2027,4046.7000000000003,5470
D0,sys/DC/OO/D,AZO,5.0,sys,DC,OO,D,AZO,,69.37,659,950,72.84,5.00%,0.0034008866044288938,691.95,950,Cascaded,2027,691.95,950
D0,sys/DC/OO/D,BDL,5.0,sys,DC,OO,D,BDL,,100.0,1,1,105.0,5.00%,5.16067770019559e-06,1.05,1,Cascaded,2027,1.05,1
D0,sys/DC/OO/D,BGM,5.0,sys,DC,OO,D,BGM,,68.32,179,262,71.74,5.00%,0.0009237613083350106,187.95,262,Cascaded,2027,187.95000000000002,262
D0,sys/DC/OO/D,BHM,5.0,sys,DC,OO,D,BHM,,52.38,110,210,55.0,5.00%,0.0005676745470215149,115.5,210,Cascaded,2027,115.50000000000001,210
D0,sys/DC/OO/D,BIL,5.0,sys,DC,OO,D,BIL,,86.31,605,701,90.62,5.00%,0.0031222100086183316,635.25,701,Cascaded,2027,635.2500000000001,701
D0,sys/DC/OO/D,BIS,5.0,sys,DC,OO,D,BIS,,73.5,452,615,77.17,5.00%,0.0023326263204884066,474.6,615,Cascaded,2027,474.6000000000001,615
D0,sys/DC/OO/D,BJI,5.0,sys,DC,OO,D,BJI,,82.82,593,716,86.96,5.00%,0.0030602818762159845,622.65,716,Cascaded,2027,622.6500000000001,716
D0,sys/DC/OO/D,BMI,5.0,sys,DC,OO,D,BMI,,73.43,105,143,77.1,5.00%,0.000541871158520537,110.25,143,Cascaded,2027,110.25000000000001,143
D0,sys/DC/OO/D,BNA,5.0,sys,DC,OO,D,BNA,,74.61,914,1225,78.34,5.00%,0.004716859417978769,959.7,1225,Cascaded,2027,959.7000000000002,1225
D0,sys/DC/OO/D,BOI,5.0,sys,DC,OO,D,BOI,,85.63,2974,3473,89.91,5.00%,0.015347855480381683,3122.7,3473,Cascaded,2027,3122.7000000000003,3473
D0,sys/DC/OO/D,BQK,5.0,sys,DC,OO,D,BQK,,0.0,0,3,0.0,0.00%,0.0,0.0,3,Cascaded,2027,0.0,3
D0,sys/DC/OO/D,BRD,5.0,sys,DC,OO,D,BRD,,82.52,510,618,86.65,5.00%,0.0026319456270997507,535.5,618,Cascaded,2027,535.5000000000001,618
D0,sys/DC/OO/D,BTM,5.0,sys,DC,OO,D,BTM,,94.13,337,358,98.84,5.00%,0.0017391483849659138,353.85,358,Cascaded,2027,353.85,358
D0,sys/DC/OO/D,BTR,5.0,sys,DC,OO,D,BTR,,59.57,28,47,62.55,5.00%,0.00014449897560547652,29.4,47,Cascaded,2027,29.400000000000002,47
D0,sys/DC/OO/D,BTV,5.0,sys,DC,OO,D,BTV,,63.89,184,288,67.08,5.00%,0.0009495646968359885,193.2,288,Cascaded,2027,193.20000000000002,288
D0,sys/DC/OO/D,BUF,5.0,sys,DC,OO,D,BUF,,71.32,383,537,74.89,5.00%,0.001976539559174911,402.15,537,Cascaded,2027,402.15000000000003,537
D0,sys/DC/OO/D,BUR,5.0,sys,DC,OO,D,BUR,,82.75,787,951,86.89,5.00%,0.004061453350053929,826.35,951,Cascaded,2027,826.3500000000001,951
D0,sys/DC/OO/D,BZN,5.0,sys,DC,OO,D,BZN,,82.49,1135,1376,86.61,5.00%,0.0058573691897219945,1191.75,1376,Cascaded,2027,1191.7500000000002,1376
D0,sys/DC/OO/D,CAE,5.0,sys,DC,OO,D,CAE,,75.0,3,4,78.75,5.00%,1.548203310058677e-05,3.15,4,Cascaded,2027,3.1500000000000004,4
D0,sys/DC/OO/D,CDC,5.0,sys,DC,OO,D,CDC,,92.62,577,623,97.25,5.00%,0.002977711033012855,605.85,623,Cascaded,2027,605.85,623
D0,sys/DC/OO/D,CHA,5.0,sys,DC,OO,D,CHA,,100.0,1,1,105.0,5.00%,5.16067770019559e-06,1.05,1,Cascaded,2027,1.05,1
D0,sys/DC/OO/D,CHS,5.0,sys,DC,OO,D,CHS,,56.99,216,379,59.84,5.00%,0.0011147063832422474,226.8,379,Cascaded,2027,226.80000000000004,379
D0,sys/DC/OO/D,CID,5.0,sys,DC,OO,D,CID,,63.82,254,398,67.01,5.00%,0.0013108121358496798,266.7,398,Cascaded,2027,266.70000000000005,398
D0,sys/DC/OO/D,CIU,5.0,sys,DC,OO,D,CIU,,74.0,501,677,77.7,5.00%,0.0025854995277979904,526.05,677,Cascaded,2027,526.0500000000001,677
D0,sys/DC/OO/D,CLE,5.0,sys,DC,OO,D,CLE,,67.23,671,998,70.6,5.00%,0.003462814736831241,704.55,998,Cascaded,2027,704.5500000000001,998
D0,sys/DC/OO/D,CMH,5.0,sys,DC,OO,D,CMH,,69.14,493,713,72.6,5.00%,0.0025442141061964257,517.65,713,Cascaded,2027,517.6500000000001,713
D0,sys/DC/OO/D,COS,5.0,sys,DC,OO,D,COS,,87.85,600,683,92.24,5.00%,0.0030964066201173536,630.0,683,Cascaded,2027,630.0000000000001,683
D0,sys/DC/OO/D,CRW,5.0,sys,DC,OO,D,CRW,,57.94,146,252,60.83,5.00%,0.0007534589442285561,153.3,252,Cascaded,2027,153.3,252
D0,sys/DC/OO/D,CVG,5.0,sys,DC,OO,D,CVG,,50.0,6,12,52.5,5.00%,3.096406620117354e-05,6.3,12,Cascaded,2027,6.300000000000001,12
D0,sys/DC/OO/D,DEN,5.0,sys,DC,OO,D,DEN,,69.09,664,961,72.55,5.00%,0.0034266899929298717,697.2,961,Cascaded,2027,697.2,961
D0,sys/DC/OO/D,DHN,5.0,sys,DC,OO,D,DHN,,53.52,38,71,56.2,5.00%,0.0001961057526074324,39.9,71,Cascaded,2027,39.900000000000006,71
D0,sys/DC/OO/D,DLH,5.0,sys,DC,OO,D,DLH,,74.64,830,1112,78.37,5.00%,0.00428336249116234,871.5,1112,Cascaded,2027,871.5000000000001,1112
D0,sys/DC/OO/D,DSM,5.0,sys,DC,OO,D,DSM,,59.62,31,52,62.6,5.00%,0.00015998100870606328,32.55,52,Cascaded,2027,32.550000000000004,52
D0,sys/DC/OO/D,DTW,5.0,sys,DC,OO,D,DTW,,64.39,16691,25923,67.61,5.00%,0.08613687149396458,17525.55,25923,Cascaded,2027,17525.550000000003,25923
D0,sys/DC/OO/D,ECP,5.0,sys,DC,OO,D,ECP,,66.88,208,311,70.23,5.00%,0.0010734209616406827,218.4,311,Cascaded,2027,218.40000000000003,311
D0,sys/DC/OO/D,EGE,5.0,sys,DC,OO,D,EGE,,57.36,74,129,60.23,5.00%,0.0003818901498144736,77.7,129,Cascaded,2027,77.7,129
D0,sys/DC/OO/D,EKO,5.0,sys,DC,OO,D,EKO,,95.09,542,570,99.84,5.00%,0.0027970873135060095,569.1,570,Cascaded,2027,569.1,570
D0,sys/DC/OO/D,ELM,5.0,sys,DC,OO,D,ELM,,76.35,678,888,80.17,5.00%,0.00349893948073261,711.9,888,Cascaded,2027,711.9000000000001,888
D0,sys/DC/OO/D,ESC,5.0,sys,DC,OO,D,ESC,,84.64,496,586,88.87,5.00%,0.0025596961392970125,520.8,586,Cascaded,2027,520.8000000000001,586
D0,sys/DC/OO/D,EUG,5.0,sys,DC,OO,D,EUG,,87.44,1552,1775,91.81,5.00%,0.008009371790703556,1629.6,1775,Cascaded,2027,1629.6000000000001,1775
D0,sys/DC/OO/D,EVV,5.0,sys,DC,OO,D,EVV,,74.19,23,31,77.9,5.00%,0.00011869558710449856,24.15,31,Cascaded,2027,24.150000000000002,31
D0,sys/DC/OO/D,EWR,5.0,sys,DC,OO,D,EWR,,66.67,6,9,70.0,5.00%,3.096406620117354e-05,6.3,9,Cascaded,2027,6.300000000000001,9
D0,sys/DC/OO/D,FAR,5.0,sys,DC,OO,D,FAR,,74.01,558,754,77.71,5.00%,0.002879658156709139,585.9,754,Cascaded,2027,585.9000000000001,754
D0,sys/DC/OO/D,FAT,5.0,sys,DC,OO,D,FAT,,87.73,1194,1361,92.12,5.00%,0.006161849174033534,1253.7,1361,Cascaded,2027,1253.7,1361
D0,sys/DC/OO/D,FAY,5.0,sys,DC,OO,D,FAY,,65.96,31,47,69.26,5.00%,0.00015998100870606328,32.55,47,Cascaded,2027,32.550000000000004,47
D0,sys/DC/OO/D,FCA,5.0,sys,DC,OO,D,FCA,,81.55,632,775,85.63,5.00%,0.003261548306523613,663.6,775,Cascaded,2027,663.6000000000001,775
D0,sys/DC/OO/D,FSD,5.0,sys,DC,OO,D,FSD,,72.05,611,848,75.65,5.00%,0.003153174074819505,641.55,848,Cascaded,2027,641.5500000000001,848
D0,sys/DC/OO/D,FWA,5.0,sys,DC,OO,D,FWA,,71.58,1214,1696,75.16,5.00%,0.0062650627280374455,1274.7,1696,Cascaded,2027,1274.7,1696
D0,sys/DC/OO/D,GEG,5.0,sys,DC,OO,D,GEG,,85.42,3298,3861,89.69,5.00%,0.017019915055245055,3462.9,3861,Cascaded,2027,3462.9000000000005,3861
D0,sys/DC/OO/D,GFK,5.0,sys,DC,OO,D,GFK,,78.67,734,933,82.6,5.00%,0.003787937431943563,770.7,933,Cascaded,2027,770.7,933
D0,sys/DC/OO/D,GJT,5.0,sys,DC,OO,D,GJT,,90.21,525,582,94.72,5.00%,0.0027093557926026845,551.25,582,Cascaded,2027,551.2500000000001,582
D0,sys/DC/OO/D,GRB,5.0,sys,DC,OO,D,GRB,,74.89,1026,1370,78.64,5.00%,0.005294855320400675,1077.3,1370,Cascaded,2027,1077.3000000000002,1370
D0,sys/DC/OO/D,GRR,5.0,sys,DC,OO,D,GRR,,69.33,1501,2165,72.8,5.00%,0.0077461772279935805,1576.05,2165,Cascaded,2027,1576.0500000000002,2165
D0,sys/DC/OO/D,GSO,5.0,sys,DC,OO,D,GSO,,65.05,268,412,68.3,5.00%,0.001383061623652418,281.4,412,Cascaded,2027,281.40000000000003,412
D0,sys/DC/OO/D,GSP,5.0,sys,DC,OO,D,GSP,,57.14,140,245,60.0,5.00%,0.0007224948780273825,147.0,245,Cascaded,2027,147.00000000000003,245
D0,sys/DC/OO/D,GTF,5.0,sys,DC,OO,D,GTF,,88.18,1022,1159,92.59,5.00%,0.005274212609599893,1073.1,1159,Cascaded,2027,1073.1000000000001,1159
D0,sys/DC/OO/D,HIB,5.0,sys,DC,OO,D,HIB,,82.47,508,616,86.59,5.00%,0.0026216242716993595,533.4,616,Cascaded,2027,533.4000000000001,616
D0,sys/DC/OO/D,HLN,5.0,sys,DC,OO,D,HLN,,94.04,678,721,98.74,5.00%,0.00349893948073261,711.9,721,Cascaded,2027,711.9000000000001,721
D0,sys/DC/OO/D,HPN,5.0,sys,DC,OO,D,HPN,,70.37,76,108,73.89,5.00%,0.0003922115052148648,79.8,108,Cascaded,2027,79.80000000000001,108
D0,sys/DC/OO/D,HRL,5.0,sys,DC,OO,D,HRL,,100.0,7,7,105.0,5.00%,3.612474390136913e-05,7.35,7,Cascaded,2027,7.3500000000000005,7
D0,sys/DC/OO/D,HSV,5.0,sys,DC,OO,D,HSV,,77.78,84,108,81.67,5.00%,0.00043349692681642955,88.2,108,Cascaded,2027,88.20000000000002,108
D0,sys/DC/OO/D,IAD,5.0,sys,DC,OO,D,IAD,,67.19,1073,1597,70.55,5.00%,0.005537407172309868,1126.65,1597,Cascaded,2027,1126.65,1597
D0,sys/DC/OO/D,IAH,5.0,sys,DC,OO,D,IAH,,56.52,13,23,59.35,5.00%,6.708881010254267e-05,13.65,23,Cascaded,2027,13.650000000000002,23
D0,sys/DC/OO/D,ICT,5.0,sys,DC,OO,D,ICT,,73.21,276,377,76.87,5.00%,0.0014243470452539827,289.8,377,Cascaded,2027,289.8,377
D0,sys/DC/OO/D,IDA,5.0,sys,DC,OO,D,IDA,,87.88,754,858,92.27,5.00%,0.0038911509859474746,791.7,858,Cascaded,2027,791.7,858
D0,sys/DC/OO/D,IMT,5.0,sys,DC,OO,D,IMT,,69.04,484,701,72.5,5.00%,0.0024977680068946654,508.2,701,Cascaded,2027,508.20000000000005,701
D0,sys/DC/OO/D,IND,5.0,sys,DC,OO,D,IND,,72.33,970,1341,75.95,5.00%,0.005005857369189722,1018.5,1341,Cascaded,2027,1018.5000000000001,1341
D0,sys/DC/OO/D,INL,5.0,sys,DC,OO,D,INL,,85.54,550,643,89.81,5.00%,0.0028383727351075742,577.5,643,Cascaded,2027,577.5000000000001,643
D0,sys/DC/OO/D,JAC,5.0,sys,DC,OO,D,JAC,,78.03,508,651,81.94,5.00%,0.0026216242716993595,533.4,651,Cascaded,2027,533.4000000000001,651
D0,sys/DC/OO/D,JAX,5.0,sys,DC,OO,D,JAX,,75.7,271,358,79.48,5.00%,0.0013985436567530048,284.55,358,Cascaded,2027,284.55,358
D0,sys/DC/OO/D,LAN,5.0,sys,DC,OO,D,LAN,,69.25,626,904,72.71,5.00%,0.0032305842403224394,657.3,904,Cascaded,2027,657.3000000000001,904
D0,sys/DC/OO/D,LAS,5.0,sys,DC,OO,D,LAS,,81.78,1768,2162,85.86,5.00%,0.009124078173945803,1856.4,2162,Cascaded,2027,1856.4000000000003,2162
D0,sys/DC/OO/D,LAX,5.0,sys,DC,OO,D,LAX,,79.97,9599,12004,83.96,5.00%,0.049537345244177466,10078.95,12004,Cascaded,2027,10078.95,12004
D0,sys/DC/OO/D,LEX,5.0,sys,DC,OO,D,LEX,,78.18,387,495,82.09,5.00%,0.0019971822699756934,406.35,495,Cascaded,2027,406.35,495
D0,sys/DC/OO/D,LFT,5.0,sys,DC,OO,D,LFT,,67.69,155,229,71.07,5.00%,0.0007999050435303163,162.75,229,Cascaded,2027,162.75000000000003,229
D0,sys/DC/OO/D,LGA,5.0,sys,DC,OO,D,LGA,,66.1,583,882,69.4,5.00%,0.0030086750992140286,612.15,882,Cascaded,2027,612.1500000000001,882
D0,sys/DC/OO/D,LGB,5.0,sys,DC,OO,D,LGB,,86.64,564,651,90.97,5.00%,0.0029106222229103125,592.2,651,Cascaded,2027,592.2,651
D0,sys/DC/OO/D,LIT,5.0,sys,DC,OO,D,LIT,,85.38,222,260,89.65,5.00%,0.001145670449443421,233.1,260,Cascaded,2027,233.10000000000002,260
D0,sys/DC/OO/D,LWS,5.0,sys,DC,OO,D,LWS,,86.23,626,726,90.54,5.00%,0.0032305842403224394,657.3,726,Cascaded,2027,657.3000000000001,726
D0,sys/DC/OO/D,MAF,5.0,sys,DC,OO,D,MAF,,71.62,318,444,75.2,5.00%,0.0016410955086621976,333.9,444,Cascaded,2027,333.90000000000003,444
D0,sys/DC/OO/D,MBS,5.0,sys,DC,OO,D,MBS,,74.45,778,1045,78.17,5.00%,0.004015007250752169,816.9,1045,Cascaded,2027,816.9000000000001,1045
D0,sys/DC/OO/D,MCI,5.0,sys,DC,OO,D,MCI,,68.25,245,359,71.66,5.00%,0.0012643660365479195,257.25,359,Cascaded,2027,257.25000000000006,359
D0,sys/DC/OO/D,MDT,5.0,sys,DC,OO,D,MDT,,75.0,189,252,78.75,5.00%,0.0009753680853369664,198.45,252,Cascaded,2027,198.45000000000002,252
D0,sys/DC/OO/D,MDW,5.0,sys,DC,OO,D,MDW,,69.65,902,1295,73.14,5.00%,0.004654931285576422,947.1,1295,Cascaded,2027,947.1000000000001,1295
D0,sys/DC/OO/D,MEM,5.0,sys,DC,OO,D,MEM,,73.78,1320,1789,77.47,5.00%,0.006812094564258179,1386.0,1789,Cascaded,2027,1386.0000000000002,1789
D0,sys/DC/OO/D,MFE,5.0,sys,DC,OO,D,MFE,,80.65,825,1023,84.68,5.00%,0.004257559102661361,866.25,1023,Cascaded,2027,866.2500000000001,1023
D0,sys/DC/OO/D,MFR,5.0,sys,DC,OO,D,MFR,,87.06,1541,1770,91.42,5.00%,0.007952604336001404,1618.05,1770,Cascaded,2027,1618.0500000000002,1770
D0,sys/DC/OO/D,MGM,5.0,sys,DC,OO,D,MGM,,67.8,219,323,71.19,5.00%,0.0011301884163428342,229.95,323,Cascaded,2027,229.95000000000002,323
D0,sys/DC/OO/D,MKE,5.0,sys,DC,OO,D,MKE,,68.25,1152,1688,71.66,5.00%,0.005945100710625319,1209.6,1688,Cascaded,2027,1209.6000000000001,1688
D0,sys/DC/OO/D,MOB,5.0,sys,DC,OO,D,MOB,,59.54,103,173,62.51,5.00%,0.0005315498031201458,108.15,173,Cascaded,2027,108.15,173
D0,sys/DC/OO/D,MOT,5.0,sys,DC,OO,D,MOT,,72.1,902,1251,75.71,5.00%,0.004654931285576422,947.1,1251,Cascaded,2027,947.1000000000001,1251
D0,sys/DC/OO/D,MQT,5.0,sys,DC,OO,D,MQT,,75.41,500,663,79.19,5.00%,0.002580338850097795,525.0,663,Cascaded,2027,525.0000000000001,663
D0,sys/DC/OO/D,MSN,5.0,sys,DC,OO,D,MSN,,71.54,935,1307,75.11,5.00%,0.004825233649682876,981.75,1307,Cascaded,2027,981.7500000000001,1307
D0,sys/DC/OO/D,MSO,5.0,sys,DC,OO,D,MSO,,82.27,478,581,86.39,5.00%,0.002466803940693492,501.9,581,Cascaded,2027,501.90000000000003,581
D0,sys/DC/OO/D,MSP,5.0,sys,DC,OO,D,MSP,,71.1,18346,25802,74.66,5.00%,0.09467779308778829,19263.3,25802,Cascaded,2027,19263.300000000003,25802
D0,sys/DC/OO/D,MSY,5.0,sys,DC,OO,D,MSY,,71.02,370,521,74.57,5.00%,0.0019094507490723682,388.5,521,Cascaded,2027,388.50000000000006,521
D0,sys/DC/OO/D,OAJ,5.0,sys,DC,OO,D,OAJ,,69.41,295,425,72.88,5.00%,0.0015223999215576989,309.75,425,Cascaded,2027,309.75000000000006,425
D0,sys/DC/OO/D,OAK,5.0,sys,DC,OO,D,OAK,,86.53,919,1062,90.86,5.00%,0.004742662806479747,964.95,1062,Cascaded,2027,964.9500000000002,1062
D0,sys/DC/OO/D,OKC,5.0,sys,DC,OO,D,OKC,,86.7,1108,1278,91.03,5.00%,0.005718030891816713,1163.4,1278,Cascaded,2027,1163.4,1278
D0,sys/DC/OO/D,OMA,5.0,sys,DC,OO,D,OMA,,75.68,2434,3216,79.47,5.00%,0.012561089522276065,2555.7,3216,Cascaded,2027,2555.7000000000003,3216
D0,sys/DC/OO/D,ONT,5.0,sys,DC,OO,D,ONT,,85.84,1206,1405,90.13,5.00%,0.006223777306435881,1266.3,1405,Cascaded,2027,1266.3000000000002,1405
D0,sys/DC/OO/D,ORD,5.0,sys,DC,OO,D,ORD,,47.63,432,907,50.01,5.00%,0.002229412766484495,453.6,907,Cascaded,2027,453.6000000000001,907
D0,sys/DC/OO/D,ORF,5.0,sys,DC,OO,D,ORF,,56.34,80,142,59.15,5.00%,0.0004128542160156472,84.0,142,Cascaded,2027,84.00000000000001,142
D0,sys/DC/OO/D,PDX,5.0,sys,DC,OO,D,PDX,,79.71,1827,2292,83.7,5.00%,0.009428558158257343,1918.35,2292,Cascaded,2027,1918.3500000000001,2292
D0,sys/DC/OO/D,PHL,5.0,sys,DC,OO,D,PHL,,56.18,50,89,58.99,5.00%,0.0002580338850097795,52.5,89,Cascaded,2027,52.50000000000001,89
D0,sys/DC/OO/D,PHX,5.0,sys,DC,OO,D,PHX,,77.03,1217,1580,80.88,5.00%,0.006280544761138033,1277.85,1580,Cascaded,2027,1277.8500000000001,1580
D0,sys/DC/OO/D,PIH,5.0,sys,DC,OO,D,PIH,,92.14,387,420,96.75,5.00%,0.0019971822699756934,406.35,420,Cascaded,2027,406.35,420
D0,sys/DC/OO/D,PIT,5.0,sys,DC,OO,D,PIT,,62.06,628,1012,65.16,5.00%,0.0032409055957228305,659.4,1012,Cascaded,2027,659.4000000000001,1012
D0,sys/DC/OO/D,PLN,5.0,sys,DC,OO,D,PLN,,75.35,428,568,79.12,5.00%,0.0022087700556837125,449.4,568,Cascaded,2027,449.40000000000003,568
D0,sys/DC/OO/D,PSC,5.0,sys,DC,OO,D,PSC,,87.47,1794,2051,91.84,5.00%,0.009258255794150887,1883.7,2051,Cascaded,2027,1883.7000000000003,2051
D0,sys/DC/OO/D,PSP,5.0,sys,DC,OO,D,PSP,,86.46,939,1086,90.79,5.00%,0.004845876360483658,985.95,1086,Cascaded,2027,985.9500000000002,1086
D0,sys/DC/OO/D,PVD,5.0,sys,DC,OO,D,PVD,,65.73,397,604,69.01,5.00%,0.0020487890469776493,416.85,604,Cascaded,2027,416.85,604
D0,sys/DC/OO/D,PWM,5.0,sys,DC,OO,D,PWM,,63.2,79,125,66.36,5.00%,0.0004076935383154516,82.95,125,Cascaded,2027,82.95000000000002,125
D0,sys/DC/OO/D,RAP,5.0,sys,DC,OO,D,RAP,,77.41,281,363,81.28,5.00%,0.0014501504337549606,295.05,363,Cascaded,2027,295.05,363
D0,sys/DC/OO/D,RDM,5.0,sys,DC,OO,D,RDM,,82.96,1461,1761,87.11,5.00%,0.007539750119985756,1534.05,1761,Cascaded,2027,1534.0500000000002,1761
D0,sys/DC/OO/D,RDU,5.0,sys,DC,OO,D,RDU,,50.0,1,2,52.5,5.00%,5.16067770019559e-06,1.05,2,Cascaded,2027,1.05,2
D0,sys/DC/OO/D,RHI,5.0,sys,DC,OO,D,RHI,,85.63,602,703,89.91,5.00%,0.003106727975517745,632.1,703,Cascaded,2027,632.1,703
D0,sys/DC/OO/D,RIC,5.0,sys,DC,OO,D,RIC,,58.12,272,468,61.03,5.00%,0.0014037043344532004,285.6,468,Cascaded,2027,285.6,468
D0,sys/DC/OO/D,RNO,5.0,sys,DC,OO,D,RNO,,82.99,1347,1623,87.14,5.00%,0.006951432862163459,1414.35,1623,Cascaded,2027,1414.3500000000001,1623
D0,sys/DC/OO/D,ROA,5.0,sys,DC,OO,D,ROA,,48.44,31,64,50.86,5.00%,0.00015998100870606328,32.55,64,Cascaded,2027,32.550000000000004,64
D0,sys/DC/OO/D,ROC,5.0,sys,DC,OO,D,ROC,,57.14,324,567,60.0,5.00%,0.0016720595748633711,340.2,567,Cascaded,2027,340.20000000000005,567
D0,sys/DC/OO/D,RST,5.0,sys,DC,OO,D,RST,,71.91,192,267,75.51,5.00%,0.0009908501184375533,201.6,267,Cascaded,2027,201.60000000000002,267
D0,sys/DC/OO/D,SAN,5.0,sys,DC,OO,D,SAN,,77.32,1544,1997,81.18,5.00%,0.007968086369101991,1621.2,1997,Cascaded,2027,1621.2000000000003,1997
D0,sys/DC/OO/D,SAT,5.0,sys,DC,OO,D,SAT,,100.0,1,1,105.0,5.00%,5.16067770019559e-06,1.05,1,Cascaded,2027,1.05,1
D0,sys/DC/OO/D,SAV,5.0,sys,DC,OO,D,SAV,,40.34,96,238,42.35,5.00%,0.0004954250592187767,100.8,238,Cascaded,2027,100.80000000000001,238
D0,sys/DC/OO/D,SBA,5.0,sys,DC,OO,D,SBA,,85.41,755,884,89.68,5.00%,0.00389631166364767,792.75,884,Cascaded,2027,792.7500000000001,884
D0,sys/DC/OO/D,SBN,5.0,sys,DC,OO,D,SBN,,66.23,1363,2058,69.54,5.00%,0.0070340037053665885,1431.15,2058,Cascaded,2027,1431.15,2058
D0,sys/DC/OO/D,SDF,5.0,sys,DC,OO,D,SDF,,71.07,1054,1483,74.63,5.00%,0.005439354296006151,1106.7,1483,Cascaded,2027,1106.7,1483
D0,sys/DC/OO/D,SEA,5.0,sys,DC,OO,D,SEA,,79.83,14786,18522,83.82,5.00%,0.07630578047509198,15525.3,18522,Cascaded,2027,15525.300000000001,18522
D0,sys/DC/OO/D,SFO,5.0,sys,DC,OO,D,SFO,,65.22,555,851,68.48,5.00%,0.002864176123608552,582.75,851,Cascaded,2027,582.7500000000001,851
D0,sys/DC/OO/D,SGF,5.0,sys,DC,OO,D,SGF,,71.65,139,194,75.23,5.00%,0.0007173342003271869,145.95,194,Cascaded,2027,145.95000000000002,194
D0,sys/DC/OO/D,SGU,5.0,sys,DC,OO,D,SGU,,91.12,1549,1700,95.67,5.00%,0.007993889757602969,1626.45,1700,Cascaded,2027,1626.4500000000003,1700
D0,sys/DC/OO/D,SHV,5.0,sys,DC,OO,D,SHV,,70.71,1043,1475,74.25,5.00%,0.005382586841304,1095.15,1475,Cascaded,2027,1095.15,1475
D0,sys/DC/OO/D,SJC,5.0,sys,DC,OO,D,SJC,,86.59,3744,4324,90.92,5.00%,0.019321577309532288,3931.2,4324,Cascaded,2027,3931.2000000000003,4324
D0,sys/DC/OO/D,SLC,5.0,sys,DC,OO,D,SLC,,83.8,24978,29806,87.99,5.00%,0.12890340759548544,26226.9,29806,Cascaded,2027,26226.9,29806
D0,sys/DC/OO/D,SMF,5.0,sys,DC,OO,D,SMF,,83.93,3425,4081,88.12,5.00%,0.017675321123169895,3596.25,4081,Cascaded,2027,3596.2500000000005,4081
D0,sys/DC/OO/D,SNA,5.0,sys,DC,OO,D,SNA,,76.03,945,1243,79.83,5.00%,0.004876840426684832,992.25,1243,Cascaded,2027,992.2500000000001,1243
D0,sys/DC/OO/D,STL,5.0,sys,DC,OO,D,STL,,64.27,349,543,67.49,5.00%,0.0018010765173682608,366.45,543,Cascaded,2027,366.45000000000005,543
D0,sys/DC/OO/D,SUN,5.0,sys,DC,OO,D,SUN,,91.42,1023,1119,95.99,5.00%,0.005279373287300089,1074.15,1119,Cascaded,2027,1074.15,1119
D0,sys/DC/OO/D,SYR,5.0,sys,DC,OO,D,SYR,,72.16,140,194,75.77,5.00%,0.0007224948780273825,147.0,194,Cascaded,2027,147.00000000000003,194
D0,sys/DC/OO/D,TLH,5.0,sys,DC,OO,D,TLH,,0.0,0,3,0.0,0.00%,0.0,0.0,3,Cascaded,2027,0.0,3
D0,sys/DC/OO/D,TRI,5.0,sys,DC,OO,D,TRI,,61.85,107,173,64.94,5.00%,0.0005521925139209281,112.35,173,Cascaded,2027,112.35000000000001,173
D0,sys/DC/OO/D,TUL,5.0,sys,DC,OO,D,TUL,,86.52,398,460,90.85,5.00%,0.002053949724677845,417.9,460,Cascaded,2027,417.90000000000003,460
D0,sys/DC/OO/D,TUS,5.0,sys,DC,OO,D,TUS,,85.49,1973,2308,89.76,5.00%,0.010182017102485898,2071.65,2308,Cascaded,2027,2071.65,2308
D0,sys/DC/OO/D,TVC,5.0,sys,DC,OO,D,TVC,,62.45,499,799,65.58,5.00%,0.0025751781723975993,523.95,799,Cascaded,2027,523.95,799
D0,sys/DC/OO/D,TWF,5.0,sys,DC,OO,D,TWF,,94.47,735,778,99.2,5.00%,0.0037930981096437584,771.75,778,Cascaded,2027,771.7500000000001,778
D0,sys/DC/OO/D,WYS,5.0,sys,DC,OO,D,WYS,,86.9,126,145,91.24,5.00%,0.0006502453902246443,132.3,145,Cascaded,2027,132.3,145
D0,sys/DC/OO/D,XNA,5.0,sys,DC,OO,D,XNA,,72.06,761,1056,75.67,5.00%,0.003927275729848844,799.05,1056,Cascaded,2027,799.0500000000001,1056
D0,sys/DC/OO/D,XWA,5.0,sys,DC,OO,D,XWA,,69.88,675,966,73.37,5.00%,0.003483457447632023,708.75,966,Cascaded,2027,708.7500000000001,966
D0,sys/DC/OO/I,ATL,5.0,sys,DC,OO,I,ATL,,53.57,15,28,56.25,5.00%,0.001710181279215597,15.75,28,Cascaded,2027,15.750000000000002,28
D0,sys/DC/OO/I,AUS,5.0,sys,DC,OO,I,AUS,,75.22,85,113,78.98,5.00%,0.009691027248888382,89.25,113,Cascaded,2027,89.25000000000001,113
D0,sys/DC/OO/I,DTW,5.0,sys,DC,OO,I,DTW,,59.47,245,412,62.44,5.00%,0.027932960893854747,257.25,412,Cascaded,2027,257.25000000000006,412
D0,sys/DC/OO/I,ELH,5.0,sys,DC,OO,I,ELH,,38.46,5,13,40.38,5.00%,0.000570060426405199,5.25,13,Cascaded,2027,5.250000000000001,13
D0,sys/DC/OO/I,MHH,5.0,sys,DC,OO,I,MHH,,50.0,7,14,52.5,5.00%,0.0007980845969672786,7.35,14,Cascaded,2027,7.3500000000000005,14
D0,sys/DC/OO/I,MSP,5.0,sys,DC,OO,I,MSP,,65.43,1147,1753,68.7,5.00%,0.13077186181735265,1204.35,1753,Cascaded,2027,1204.3500000000001,1753
D0,sys/DC/OO/I,SEA,5.0,sys,DC,OO,I,SEA,,72.33,1477,2042,75.95,5.00%,0.16839584996009577,1550.85,2042,Cascaded,2027,1550.8500000000001,2042
D0,sys/DC/OO/I,SJD,5.0,sys,DC,OO,I,SJD,,60.36,67,111,63.38,5.00%,0.007638809713829666,70.35,111,Cascaded,2027,70.35000000000001,111
D0,sys/DC/OO/I,SLC,5.0,sys,DC,OO,I,SLC,,74.62,1026,1375,78.35,5.00%,0.11697639949834683,1077.3,1375,Cascaded,2027,1077.3000000000002,1375
D0,sys/DC/OO/I,YUL,5.0,sys,DC,OO,I,YUL,,88.16,216,245,92.57,5.00%,0.024626610420704596,226.8,245,Cascaded,2027,226.80000000000004,245
D0,sys/DC/OO/I,YVR,5.0,sys,DC,OO,I,YVR,,85.31,2300,2696,89.58,5.00%,0.2622277961463915,2415.0,2696,Cascaded,2027,2415.0000000000005,2696
D0,sys/DC/OO/I,YWG,5.0,sys,DC,OO,I,YWG,,84.15,1019,1211,88.35,5.00%,0.11617831490137955,1069.95,1211,Cascaded,2027,1069.95,1211
D0,sys/DC/OO/I,YYC,5.0,sys,DC,OO,I,YYC,,84.7,609,719,88.94,5.00%,0.06943335993615324,639.45,719,Cascaded,2027,639.45,719
D0,sys/DC/OO/I,YYZ,5.0,sys,DC,OO,I,YYZ,,77.34,553,715,81.21,5.00%,0.06304868316041501,580.65,715,Cascaded,2027,580.6500000000001,715
D0,sys/DC/YX/D,ACK,5.0,sys,DC,YX,D,ACK,,71.2,220,309,74.76,5.00%,0.003117737089734142,231.0,309,Cascaded,2027,231.0,309
D0,sys/DC/YX/D,AGS,5.0,sys,DC,YX,D,AGS,,41.18,7,17,43.24,5.00%,9.920072558244997e-05,7.35,17,Cascaded,2027,7.35,17
D0,sys/DC/YX/D,ATL,5.0,sys,DC,YX,D,ATL,,73.33,143,195,77.0,5.00%,0.0020265291083271923,150.15,195,Cascaded,2027,150.15,195
D0,sys/DC/YX/D,AVL,5.0,sys,DC,YX,D,AVL,,63.64,35,55,66.82,5.00%,0.0004960036279122498,36.75,55,Cascaded,2027,36.75,55
D0,sys/DC/YX/D,BNA,5.0,sys,DC,YX,D,BNA,,75.46,1439,1907,79.23,5.00%,0.020392834873306502,1510.95,1907,Cascaded,2027,1510.95,1907
D0,sys/DC/YX/D,BOS,5.0,sys,DC,YX,D,BOS,,69.52,16104,23166,72.99,5.00%,0.2282183549685392,16909.2,23166,Cascaded,2027,16909.2,23166
D0,sys/DC/YX/D,BUF,5.0,sys,DC,YX,D,BUF,,72.19,623,863,75.8,5.00%,0.008828864576838048,654.15,863,Cascaded,2027,654.15,863
D0,sys/DC/YX/D,BWI,5.0,sys,DC,YX,D,BWI,,74.32,787,1059,78.03,5.00%,0.01115299586191259,826.35,1059,Cascaded,2027,826.3499999999999,1059
D0,sys/DC/YX/D,CHS,5.0,sys,DC,YX,D,CHS,,68.17,347,509,71.58,5.00%,0.004917521682444306,364.35,509,Cascaded,2027,364.34999999999997,509
D0,sys/DC/YX/D,CLE,5.0,sys,DC,YX,D,CLE,,75.36,997,1323,79.13,5.00%,0.014129017629386089,1046.85,1323,Cascaded,2027,1046.85,1323
D0,sys/DC/YX/D,CLT,5.0,sys,DC,YX,D,CLT,,73.27,1680,2293,76.93,5.00%,0.023808174139787995,1764.0,2293,Cascaded,2027,1764.0,2293
D0,sys/DC/YX/D,CMH,5.0,sys,DC,YX,D,CMH,,75.93,3104,4088,79.73,5.00%,0.04398843602970353,3259.2,4088,Cascaded,2027,3259.2,4088
D0,sys/DC/YX/D,CVG,5.0,sys,DC,YX,D,CVG,,68.12,889,1305,71.53,5.00%,0.012598492148971147,933.45,1305,Cascaded,2027,933.4499999999999,1305
D0,sys/DC/YX/D,DCA,5.0,sys,DC,YX,D,DCA,,69.12,5393,7802,72.58,5.00%,0.07642707329516467,5662.65,7802,Cascaded,2027,5662.65,7802
D0,sys/DC/YX/D,DTW,5.0,sys,DC,YX,D,DTW,,72.72,1727,2375,76.35,5.00%,0.024474236154413014,1813.35,2375,Cascaded,2027,1813.35,2375
D0,sys/DC/YX/D,ECP,5.0,sys,DC,YX,D,ECP,,66.67,4,6,70.0,5.00%,5.668612890425713e-05,4.2,6,Cascaded,2027,4.2,6
D0,sys/DC/YX/D,EWR,5.0,sys,DC,YX,D,EWR,,63.2,589,932,66.36,5.00%,0.008347032481151862,618.45,932,Cascaded,2027,618.4499999999999,932
D0,sys/DC/YX/D,EYW,5.0,sys,DC,YX,D,EYW,,64.18,86,134,67.39,5.00%,0.0012187517714415282,90.3,134,Cascaded,2027,90.3,134
D0,sys/DC/YX/D,GRR,5.0,sys,DC,YX,D,GRR,,75.62,639,845,79.4,5.00%,0.009055609092455076,670.95,845,Cascaded,2027,670.9499999999999,845
D0,sys/DC/YX/D,GSO,5.0,sys,DC,YX,D,GSO,,72.93,450,617,76.58,5.00%,0.006377189501728927,472.5,617,Cascaded,2027,472.5,617
D0,sys/DC/YX/D,HHH,5.0,sys,DC,YX,D,HHH,,70.65,272,385,74.18,5.00%,0.003854656765489485,285.6,385,Cascaded,2027,285.59999999999997,385
D0,sys/DC/YX/D,IAD,5.0,sys,DC,YX,D,IAD,,68.29,56,82,71.71,5.00%,0.0007936058046595998,58.8,82,Cascaded,2027,58.8,82
D0,sys/DC/YX/D,ILM,5.0,sys,DC,YX,D,ILM,,66.67,38,57,70.0,5.00%,0.0005385182245904427,39.9,57,Cascaded,2027,39.9,57
D0,sys/DC/YX/D,IND,5.0,sys,DC,YX,D,IND,,76.04,1704,2241,79.84,5.00%,0.024148290913213535,1789.2,2241,Cascaded,2027,1789.1999999999998,2241
D0,sys/DC/YX/D,JAX,5.0,sys,DC,YX,D,JAX,,69.53,865,1244,73.01,5.00%,0.012258375375545603,908.25,1244,Cascaded,2027,908.25,1244
D0,sys/DC/YX/D,JFK,5.0,sys,DC,YX,D,JFK,,70.44,3639,5166,73.96,5.00%,0.05157020577064792,3820.95,5166,Cascaded,2027,3820.95,5166
D0,sys/DC/YX/D,LEX,5.0,sys,DC,YX,D,LEX,,81.63,502,615,85.71,5.00%,0.00711410917748427,527.1,615,Cascaded,2027,527.1,615
D0,sys/DC/YX/D,LGA,5.0,sys,DC,YX,D,LGA,,70.06,15039,21466,73.56,5.00%,0.21312567314778075,15790.95,21466,Cascaded,2027,15790.949999999999,21466
D0,sys/DC/YX/D,MCI,5.0,sys,DC,YX,D,MCI,,73.53,325,442,77.21,5.00%,0.004605747973470892,341.25,442,Cascaded,2027,341.25,442
D0,sys/DC/YX/D,MCO,5.0,sys,DC,YX,D,MCO,,72.38,490,677,76.0,5.00%,0.006944050790771498,514.5,677,Cascaded,2027,514.5,677
D0,sys/DC/YX/D,MEM,5.0,sys,DC,YX,D,MEM,,77.13,543,704,80.99,5.00%,0.007695141998752905,570.15,704,Cascaded,2027,570.15,704
D0,sys/DC/YX/D,MIA,5.0,sys,DC,YX,D,MIA,,68.54,220,321,71.96,5.00%,0.003117737089734142,231.0,321,Cascaded,2027,231.0,321
D0,sys/DC/YX/D,MKE,5.0,sys,DC,YX,D,MKE,,72.27,925,1280,75.88,5.00%,0.013108667309109461,971.25,1280,Cascaded,2027,971.25,1280
D0,sys/DC/YX/D,MSN,5.0,sys,DC,YX,D,MSN,,77.17,659,854,81.02,5.00%,0.009339039736976362,691.95,854,Cascaded,2027,691.9499999999999,854
D0,sys/DC/YX/D,MVY,5.0,sys,DC,YX,D,MVY,,72.84,228,313,76.49,5.00%,0.0032311093475426564,239.4,313,Cascaded,2027,239.39999999999998,313
D0,sys/DC/YX/D,MYR,5.0,sys,DC,YX,D,MYR,,83.1,59,71,87.25,5.00%,0.0008361204013377926,61.95,71,Cascaded,2027,61.949999999999996,71
D0,sys/DC/YX/D,OMA,5.0,sys,DC,YX,D,OMA,,82.24,250,304,86.35,5.00%,0.0035428830565160706,262.5,304,Cascaded,2027,262.5,304
D0,sys/DC/YX/D,ORD,5.0,sys,DC,YX,D,ORD,,66.18,687,1038,69.49,5.00%,0.009735842639306162,721.35,1038,Cascaded,2027,721.35,1038
D0,sys/DC/YX/D,ORF,5.0,sys,DC,YX,D,ORF,,74.47,563,756,78.19,5.00%,0.00797857264327419,591.15,756,Cascaded,2027,591.15,756
D0,sys/DC/YX/D,PHL,5.0,sys,DC,YX,D,PHL,,72.04,827,1148,75.64,5.00%,0.011719857150955162,868.35,1148,Cascaded,2027,868.3499999999999,1148
D0,sys/DC/YX/D,PIT,5.0,sys,DC,YX,D,PIT,,77.41,2570,3320,81.28,5.00%,0.03642083782098521,2698.5,3320,Cascaded,2027,2698.5,3320
D0,sys/DC/YX/D,PNS,5.0,sys,DC,YX,D,PNS,,83.33,5,6,87.5,5.00%,7.08576611303214e-05,5.25,6,Cascaded,2027,5.25,6
D0,sys/DC/YX/D,PWM,5.0,sys,DC,YX,D,PWM,,70.38,556,790,73.9,5.00%,0.007879371917691742,583.8,790,Cascaded,2027,583.8,790
D0,sys/DC/YX/D,RDU,5.0,sys,DC,YX,D,RDU,,67.43,443,657,70.8,5.00%,0.006277988776146477,465.15,657,Cascaded,2027,465.15,657
D0,sys/DC/YX/D,RIC,5.0,sys,DC,YX,D,RIC,,74.54,1347,1807,78.27,5.00%,0.01908905390850859,1414.35,1807,Cascaded,2027,1414.35,1807
D0,sys/DC/YX/D,SAV,5.0,sys,DC,YX,D,SAV,,65.86,706,1072,69.15,5.00%,0.010005101751601382,741.3,1072,Cascaded,2027,741.3,1072
D0,sys/DC/YX/D,SBN,5.0,sys,DC,YX,D,SBN,,90.0,9,10,94.5,5.00%,0.00012754379003457854,9.45,10,Cascaded,2027,9.45,10
D0,sys/DC/YX/D,SDF,5.0,sys,DC,YX,D,SDF,,77.13,1275,1653,80.99,5.00%,0.018068703588231958,1338.75,1653,Cascaded,2027,1338.75,1653
D0,sys/DC/YX/D,SRQ,5.0,sys,DC,YX,D,SRQ,,46.15,72,156,48.46,5.00%,0.0010203503202766283,75.6,156,Cascaded,2027,75.6,156
D0,sys/DC/YX/D,STL,5.0,sys,DC,YX,D,STL,,73.4,218,297,77.07,5.00%,0.0030893940252820135,228.9,297,Cascaded,2027,228.89999999999998,297
D0,sys/DC/YX/D,SYR,5.0,sys,DC,YX,D,SYR,,69.69,177,254,73.17,5.00%,0.002508361204013378,185.85,254,Cascaded,2027,185.85,254
D0,sys/DC/YX/D,TVC,5.0,sys,DC,YX,D,TVC,,76.19,32,42,80.0,5.00%,0.000453489031234057,33.6,42,Cascaded,2027,33.6,42
D0,sys/DL/DL/D,ABQ,5.0,sys,DL,DL,D,ABQ,,79.02,900,1139,82.97,5.00%,0.0013239246422093655,945.0,1139,Cascaded,2027,945.0,1139
D0,sys/DL/DL/D,AGS,5.0,sys,DL,DL,D,AGS,,66.1,392,593,69.41,5.00%,0.0005766427330511903,411.6,593,Cascaded,2027,411.59999999999997,593
D0,sys/DL/DL/D,ALB,5.0,sys,DL,DL,D,ALB,,66.29,877,1323,69.6,5.00%,0.001290091012464015,920.85,1323,Cascaded,2027,920.85,1323
D0,sys/DL/DL/D,ANC,5.0,sys,DL,DL,D,ANC,,69.26,1872,2703,72.72,5.00%,0.00275376325579548,1965.6,2703,Cascaded,2027,1965.6,2703
D0,sys/DL/DL/D,ATL,5.0,sys,DL,DL,D,ATL,,64.52,152285,236012,67.75,5.00%,0.2240154045987258,159899.25,236012,Cascaded,2027,159899.25,236012
D0,sys/DL/DL/D,ATW,5.0,sys,DL,DL,D,ATW,,75.47,320,424,79.25,5.00%,0.00047072876167444103,336.0,424,Cascaded,2027,336.0,424
D0,sys/DL/DL/D,AUS,5.0,sys,DL,DL,D,AUS,,68.72,8764,12753,72.16,5.00%,0.012892083960358755,9202.2,12753,Cascaded,2027,9202.199999999999,12753
D0,sys/DL/DL/D,AVL,5.0,sys,DL,DL,D,AVL,,65.35,1320,2020,68.61,5.00%,0.0019417561419070694,1386.0,2020,Cascaded,2027,1386.0,2020
D0,sys/DL/DL/D,BDL,5.0,sys,DL,DL,D,BDL,,67.16,2806,4178,70.52,5.00%,0.004127702828932755,2946.3,4178,Cascaded,2027,2946.2999999999997,4178
D0,sys/DL/DL/D,BGR,5.0,sys,DL,DL,D,BGR,,44.83,13,29,47.07,5.00%,1.9123355943024166e-05,13.65,29,Cascaded,2027,13.649999999999999,29
D0,sys/DL/DL/D,BHM,5.0,sys,DL,DL,D,BHM,,76.56,2482,3242,80.39,5.00%,0.0036510899577373835,2606.1,3242,Cascaded,2027,2606.1,3242
D0,sys/DL/DL/D,BIL,5.0,sys,DL,DL,D,BIL,,92.14,668,725,96.74,5.00%,0.0009826462899953957,701.4,725,Cascaded,2027,701.4,725
D0,sys/DL/DL/D,BIS,5.0,sys,DL,DL,D,BIS,,69.63,282,405,73.11,5.00%,0.0004148297212256012,296.1,405,Cascaded,2027,296.09999999999997,405
D0,sys/DL/DL/D,BNA,5.0,sys,DL,DL,D,BNA,,72.99,6625,9077,76.64,5.00%,0.009745556394041162,6956.25,9077,Cascaded,2027,6956.25,9077
D0,sys/DL/DL/D,BOI,5.0,sys,DL,DL,D,BOI,,71.7,1817,2534,75.29,5.00%,0.0026728567498826854,1907.85,2534,Cascaded,2027,1907.85,2534
D0,sys/DL/DL/D,BOS,5.0,sys,DL,DL,D,BOS,,63.24,16259,25709,66.4,5.00%,0.023917434175202302,17071.95,25709,Cascaded,2027,17071.95,25709
D0,sys/DL/DL/D,BTR,5.0,sys,DL,DL,D,BTR,,69.83,662,948,73.32,5.00%,0.0009738201257139999,695.1,948,Cascaded,2027,695.1,948
D0,sys/DL/DL/D,BTV,5.0,sys,DL,DL,D,BTV,,70.29,265,377,73.81,5.00%,0.0003898222557616465,278.25,377,Cascaded,2027,278.25,377
D0,sys/DL/DL/D,BUF,5.0,sys,DL,DL,D,BUF,,60.49,1055,1744,63.52,5.00%,0.0015519338861454228,1107.75,1744,Cascaded,2027,1107.75,1744
D0,sys/DL/DL/D,BUR,5.0,sys,DL,DL,D,BUR,,68.24,505,740,71.66,5.00%,0.0007428688270174772,530.25,740,Cascaded,2027,530.25,740
D0,sys/DL/DL/D,BWI,5.0,sys,DL,DL,D,BWI,,66.72,3474,5207,70.05,5.00%,0.0051103491189281505,3647.7,5207,Cascaded,2027,3647.7,5207
D0,sys/DL/DL/D,BZN,5.0,sys,DL,DL,D,BZN,,76.65,1513,1974,80.48,5.00%,0.0022256644262919666,1588.65,1974,Cascaded,2027,1588.6499999999999,1974
D0,sys/DL/DL/D,CAE,5.0,sys,DL,DL,D,CAE,,67.95,1266,1863,71.35,5.00%,0.0018623206633745074,1329.3,1863,Cascaded,2027,1329.3,1863
D0,sys/DL/DL/D,CHA,5.0,sys,DL,DL,D,CHA,,65.69,850,1294,68.97,5.00%,0.0012503732731977341,892.5,1294,Cascaded,2027,892.5,1294
D0,sys/DL/DL/D,CHO,5.0,sys,DL,DL,D,CHO,,72.38,131,181,75.99,5.00%,0.0001927045868104743,137.55,181,Cascaded,2027,137.54999999999998,181
D0,sys/DL/DL/D,CHS,5.0,sys,DL,DL,D,CHS,,74.97,3370,4495,78.72,5.00%,0.004957362271383957,3538.5,4495,Cascaded,2027,3538.5,4495
D0,sys/DL/DL/D,CID,5.0,sys,DL,DL,D,CID,,78.09,278,356,81.99,5.00%,0.00040894561170467066,291.9,356,Cascaded,2027,291.9,356
D0,sys/DL/DL/D,CLE,5.0,sys,DL,DL,D,CLE,,70.18,2497,3558,73.69,5.00%,0.003673155368440873,2621.85,3558,Cascaded,2027,2621.85,3558
D0,sys/DL/DL/D,CLT,5.0,sys,DL,DL,D,CLT,,71.88,3918,5451,75.47,5.00%,0.005763485275751438,4113.9,5451,Cascaded,2027,4113.9,5451
D0,sys/DL/DL/D,CMH,5.0,sys,DL,DL,D,CMH,,77.03,2820,3661,80.88,5.00%,0.004148297212256012,2961.0,3661,Cascaded,2027,2961.0,3661
D0,sys/DL/DL/D,COS,5.0,sys,DL,DL,D,COS,,75.49,496,657,79.27,5.00%,0.0007296295805953836,520.8,657,Cascaded,2027,520.8,657
D0,sys/DL/DL/D,CVG,5.0,sys,DL,DL,D,CVG,,69.07,5190,7514,72.52,5.00%,0.0076346321034073406,5449.5,7514,Cascaded,2027,5449.5,7514
D0,sys/DL/DL/D,DAB,5.0,sys,DL,DL,D,DAB,,73.89,1084,1467,77.59,5.00%,0.001594593680172169,1138.2,1467,Cascaded,2027,1138.2,1467
D0,sys/DL/DL/D,DAL,5.0,sys,DL,DL,D,DAL,,64.05,1160,1811,67.26,5.00%,0.0017063917610698489,1218.0,1811,Cascaded,2027,1218.0,1811
D0,sys/DL/DL/D,DAY,5.0,sys,DL,DL,D,DAY,,76.53,1050,1372,80.36,5.00%,0.0015445787492442597,1102.5,1372,Cascaded,2027,1102.5,1372
D0,sys/DL/DL/D,DCA,5.0,sys,DL,DL,D,DCA,,61.66,5668,9192,64.75,5.00%,0.008337783191158537,5951.4,9192,Cascaded,2027,5951.4,9192
D0,sys/DL/DL/D,DEN,5.0,sys,DL,DL,D,DEN,,65.25,7446,11411,68.52,5.00%,0.01095326987321215,7818.3,11411,Cascaded,2027,7818.299999999999,11411
D0,sys/DL/DL/D,DFW,5.0,sys,DL,DL,D,DFW,,65.59,7539,11494,68.87,5.00%,0.011090075419573785,7915.95,11494,Cascaded,2027,7915.95,11494
D0,sys/DL/DL/D,DJT,5.0,sys,DL,DL,D,DJT,,58.11,4093,7043,61.02,5.00%,0.0060209150672921475,4297.65,7043,Cascaded,2027,4297.65,7043
D0,sys/DL/DL/D,DLH,5.0,sys,DL,DL,D,DLH,,66.67,4,6,70.0,5.00%,5.884109520930513e-06,4.2,6,Cascaded,2027,4.2,6
D0,sys/DL/DL/D,DSM,5.0,sys,DL,DL,D,DSM,,76.17,930,1221,79.98,5.00%,0.0013680554636163443,976.5,1221,Cascaded,2027,976.5,1221
D0,sys/DL/DL/D,DTW,5.0,sys,DL,DL,D,DTW,,64.37,38219,59375,67.59,5.00%,0.05622119544511082,40129.95,59375,Cascaded,2027,40129.95,59375
D0,sys/DL/DL/D,ECP,5.0,sys,DL,DL,D,ECP,,70.39,1664,2364,73.91,5.00%,0.0024477895607070933,1747.2,2364,Cascaded,2027,1747.1999999999998,2364
D0,sys/DL/DL/D,EGE,5.0,sys,DL,DL,D,EGE,,63.82,127,199,67.01,5.00%,0.0001868204772895438,133.35,199,Cascaded,2027,133.35,199
D0,sys/DL/DL/D,ELP,5.0,sys,DL,DL,D,ELP,,73.62,522,709,77.31,5.00%,0.000767876292481432,548.1,709,Cascaded,2027,548.1,709
D0,sys/DL/DL/D,EWR,5.0,sys,DL,DL,D,EWR,,60.94,3905,6408,63.99,5.00%,0.005744361919808413,4100.25,6408,Cascaded,2027,4100.25,6408
D0,sys/DL/DL/D,EYW,5.0,sys,DL,DL,D,EYW,,71.68,1035,1444,75.26,5.00%,0.0015225133385407704,1086.75,1444,Cascaded,2027,1086.75,1444
D0,sys/DL/DL/D,FAI,5.0,sys,DL,DL,D,FAI,,61.22,401,655,64.28,5.00%,0.0005898819794732839,421.05,655,Cascaded,2027,421.05,655
D0,sys/DL/DL/D,FAR,5.0,sys,DL,DL,D,FAR,,75.43,525,696,79.2,5.00%,0.0007722893746221299,551.25,696,Cascaded,2027,551.25,696
D0,sys/DL/DL/D,FAT,5.0,sys,DL,DL,D,FAT,,67.78,61,90,71.17,5.00%,8.973267019419032e-05,64.05,90,Cascaded,2027,64.05,90
D0,sys/DL/DL/D,FAY,5.0,sys,DL,DL,D,FAY,,36.07,22,61,37.87,5.00%,3.236260236511782e-05,23.1,61,Cascaded,2027,23.099999999999998,61
D0,sys/DL/DL/D,FCA,5.0,sys,DL,DL,D,FCA,,73.77,613,831,77.45,5.00%,0.0009017397840826012,643.65,831,Cascaded,2027,643.65,831
D0,sys/DL/DL/D,FLL,5.0,sys,DL,DL,D,FLL,,55.31,6948,12561,58.08,5.00%,0.010220698237856301,7295.4,12561,Cascaded,2027,7295.4,12561
D0,sys/DL/DL/D,FSD,5.0,sys,DL,DL,D,FSD,,81.28,586,721,85.34,5.00%,0.0008620220448163202,615.3,721,Cascaded,2027,615.3,721
D0,sys/DL/DL/D,GEG,5.0,sys,DL,DL,D,GEG,,75.31,1937,2572,79.08,5.00%,0.002849380035510601,2033.85,2572,Cascaded,2027,2033.85,2572
D0,sys/DL/DL/D,GNV,5.0,sys,DL,DL,D,GNV,,73.62,1144,1554,77.3,5.00%,0.0016828553229861268,1201.2,1554,Cascaded,2027,1201.2,1554
D0,sys/DL/DL/D,GPT,5.0,sys,DL,DL,D,GPT,,76.57,987,1289,80.4,5.00%,0.0014519040242896041,1036.35,1289,Cascaded,2027,1036.35,1289
D0,sys/DL/DL/D,GRB,5.0,sys,DL,DL,D,GRB,,80.33,433,539,84.35,5.00%,0.000636954855640728,454.65,539,Cascaded,2027,454.65,539
D0,sys/DL/DL/D,GRR,5.0,sys,DL,DL,D,GRR,,75.17,1456,1937,78.93,5.00%,0.002141815865618707,1528.8,1937,Cascaded,2027,1528.8,1937
D0,sys/DL/DL/D,GSO,5.0,sys,DL,DL,D,GSO,,77.75,2083,2679,81.64,5.00%,0.0030641500330245647,2187.15,2679,Cascaded,2027,2187.15,2679
D0,sys/DL/DL/D,GSP,5.0,sys,DL,DL,D,GSP,,76.79,2399,3124,80.63,5.00%,0.003528994685178075,2518.95,3124,Cascaded,2027,2518.95,3124
D0,sys/DL/DL/D,HDN,5.0,sys,DL,DL,D,HDN,,53.38,71,133,56.05,5.00%,0.0001044429439965166,74.55,133,Cascaded,2027,74.55,133
D0,sys/DL/DL/D,HNL,5.0,sys,DL,DL,D,HNL,,73.15,2678,3661,76.81,5.00%,0.003939411324262979,2811.9,3661,Cascaded,2027,2811.9,3661
D0,sys/DL/DL/D,HOU,5.0,sys,DL,DL,D,HOU,,70.11,983,1402,73.62,5.00%,0.0014460199147686736,1032.15,1402,Cascaded,2027,1032.1499999999999,1402
D0,sys/DL/DL/D,HPN,5.0,sys,DL,DL,D,HPN,,52.29,366,700,54.9,5.00%,0.0005383960211651419,384.3,700,Cascaded,2027,384.3,700
D0,sys/DL/DL/D,HRL,5.0,sys,DL,DL,D,HRL,,75.74,128,169,79.53,5.00%,0.00018829150466977642,134.4,169,Cascaded,2027,134.4,169
D0,sys/DL/DL/D,HSV,5.0,sys,DL,DL,D,HSV,,75.69,1663,2197,79.48,5.00%,0.002446318533326861,1746.15,2197,Cascaded,2027,1746.1499999999999,2197
D0,sys/DL/DL/D,IAD,5.0,sys,DL,DL,D,IAD,,65.38,1911,2923,68.65,5.00%,0.0028111333236245525,2006.55,2923,Cascaded,2027,2006.55,2923
D0,sys/DL/DL/D,IAH,5.0,sys,DL,DL,D,IAH,,62.99,5139,8158,66.14,5.00%,0.007559609707015477,5395.95,8158,Cascaded,2027,5395.95,8158
D0,sys/DL/DL/D,ICT,5.0,sys,DL,DL,D,ICT,,68.14,770,1130,71.55,5.00%,0.0011326910827791237,808.5,1130,Cascaded,2027,808.5,1130
D0,sys/DL/DL/D,IDA,5.0,sys,DL,DL,D,IDA,,75.08,235,313,78.83,5.00%,0.00034569143435466765,246.75,313,Cascaded,2027,246.75,313
D0,sys/DL/DL/D,ILM,5.0,sys,DL,DL,D,ILM,,64.89,741,1142,68.13,5.00%,0.0010900312887523775,778.05,1142,Cascaded,2027,778.05,1142
D0,sys/DL/DL/D,IND,5.0,sys,DL,DL,D,IND,,77.52,3428,4422,81.4,5.00%,0.005042681859437449,3599.4,4422,Cascaded,2027,3599.3999999999996,4422
D0,sys/DL/DL/D,JAC,5.0,sys,DL,DL,D,JAC,,65.98,607,920,69.28,5.00%,0.0008929136198012053,637.35,920,Cascaded,2027,637.35,920
D0,sys/DL/DL/D,JAN,5.0,sys,DL,DL,D,JAN,,77.3,1519,1965,81.17,5.00%,0.0022344905905733623,1594.95,1965,Cascaded,2027,1594.95,1965
D0,sys/DL/DL/D,JAX,5.0,sys,DL,DL,D,JAX,,66.22,3379,5103,69.53,5.00%,0.004970601517806051,3547.95,5103,Cascaded,2027,3547.95,5103
D0,sys/DL/DL/D,JFK,5.0,sys,DL,DL,D,JFK,,66.76,19905,29816,70.1,5.00%,0.029280800003530467,20900.25,29816,Cascaded,2027,20900.25,29816
D0,sys/DL/DL/D,JNU,5.0,sys,DL,DL,D,JNU,,89.21,124,139,93.67,5.00%,0.0001824073951488459,130.2,139,Cascaded,2027,130.2,139
D0,sys/DL/DL/D,KOA,5.0,sys,DL,DL,D,KOA,,67.08,536,799,70.44,5.00%,0.0007884706758046888,562.8,799,Cascaded,2027,562.8,799
D0,sys/DL/DL/D,LAS,5.0,sys,DL,DL,D,LAS,,67.74,10585,15626,71.13,5.00%,0.01557082481976237,11114.25,15626,Cascaded,2027,11114.25,15626
D0,sys/DL/DL/D,LAX,5.0,sys,DL,DL,D,LAX,,68.89,25254,36657,72.34,5.00%,0.037149325460394796,26516.7,36657,Cascaded,2027,26516.7,36657
D0,sys/DL/DL/D,LEX,5.0,sys,DL,DL,D,LEX,,79.34,1578,1989,83.3,5.00%,0.0023212812060070874,1656.9,1989,Cascaded,2027,1656.8999999999999,1989
D0,sys/DL/DL/D,LGA,5.0,sys,DL,DL,D,LGA,,63.59,18099,28460,66.77,5.00%,0.02662412455483034,19003.95,28460,Cascaded,2027,19003.95,28460
D0,sys/DL/DL/D,LGB,5.0,sys,DL,DL,D,LGB,,75.46,326,432,79.24,5.00%,0.00047955492595583684,342.3,432,Cascaded,2027,342.3,432
D0,sys/DL/DL/D,LIH,5.0,sys,DL,DL,D,LIH,,71.25,503,706,74.81,5.00%,0.000739926772257012,528.15,706,Cascaded,2027,528.15,706
D0,sys/DL/DL/D,LIT,5.0,sys,DL,DL,D,LIT,,74.56,1665,2233,78.29,5.00%,0.002449260588087326,1748.25,2233,Cascaded,2027,1748.25,2233
D0,sys/DL/DL/D,MCI,5.0,sys,DL,DL,D,MCI,,76.32,5940,7783,80.14,5.00%,0.008737902638581811,6237.0,7783,Cascaded,2027,6237.0,7783
D0,sys/DL/DL/D,MCO,5.0,sys,DL,DL,D,MCO,,61.83,12929,20909,64.93,5.00%,0.01901891299902765,13575.45,20909,Cascaded,2027,13575.449999999999,20909
D0,sys/DL/DL/D,MDT,5.0,sys,DL,DL,D,MDT,,66.56,631,948,69.89,5.00%,0.0009282182769267884,662.55,948,Cascaded,2027,662.55,948
D0,sys/DL/DL/D,MDW,5.0,sys,DL,DL,D,MDW,,71.45,971,1359,75.02,5.00%,0.001428367586205882,1019.55,1359,Cascaded,2027,1019.55,1359
D0,sys/DL/DL/D,MEM,5.0,sys,DL,DL,D,MEM,,73.93,3139,4246,77.62,5.00%,0.00461755494655022,3295.95,4246,Cascaded,2027,3295.95,4246
D0,sys/DL/DL/D,MIA,5.0,sys,DL,DL,D,MIA,,55.12,6250,11338,57.88,5.00%,0.009193921126453926,6562.5,11338,Cascaded,2027,6562.5,11338
D0,sys/DL/DL/D,MKE,5.0,sys,DL,DL,D,MKE,,75.45,2843,3768,79.22,5.00%,0.004182130842001362,2985.15,3768,Cascaded,2027,2985.15,3768
D0,sys/DL/DL/D,MLB,5.0,sys,DL,DL,D,MLB,,73.7,1045,1418,77.38,5.00%,0.0015372236123430965,1097.25,1418,Cascaded,2027,1097.25,1418
D0,sys/DL/DL/D,MOB,5.0,sys,DL,DL,D,MOB,,72.89,535,734,76.53,5.00%,0.0007869996484244561,561.75,734,Cascaded,2027,561.75,734
D0,sys/DL/DL/D,MSN,5.0,sys,DL,DL,D,MSN,,80.98,1392,1719,85.03,5.00%,0.0020476701132838187,1461.6,1719,Cascaded,2027,1461.6,1719
D0,sys/DL/DL/D,MSO,5.0,sys,DL,DL,D,MSO,,80.57,759,942,84.6,5.00%,0.001116509781596565,796.95,942,Cascaded,2027,796.9499999999999,942
D0,sys/DL/DL/D,MSP,5.0,sys,DL,DL,D,MSP,,66.93,42942,64161,70.27,5.00%,0.06316885776194953,45089.1,64161,Cascaded,2027,45089.1,64161
D0,sys/DL/DL/D,MSY,5.0,sys,DL,DL,D,MSY,,67.94,5028,7401,71.33,5.00%,0.007396325667809655,5279.4,7401,Cascaded,2027,5279.4,7401
D0,sys/DL/DL/D,MTJ,5.0,sys,DL,DL,D,MTJ,,60.42,58,96,63.44,5.00%,8.531958805349244e-05,60.9,96,Cascaded,2027,60.9,96
D0,sys/DL/DL/D,MYR,5.0,sys,DL,DL,D,MYR,,72.35,1599,2210,75.97,5.00%,0.0023521727809919725,1678.95,2210,Cascaded,2027,1678.95,2210
D0,sys/DL/DL/D,OAK,5.0,sys,DL,DL,D,OAK,,85.71,6,7,90.0,5.00%,8.82616428139577e-06,6.3,7,Cascaded,2027,6.3,7
D0,sys/DL/DL/D,OGG,5.0,sys,DL,DL,D,OGG,,79.17,950,1200,83.12,5.00%,0.001397476011220997,997.5,1200,Cascaded,2027,997.5,1200
D0,sys/DL/DL/D,OKC,5.0,sys,DL,DL,D,OKC,,76.89,1291,1679,80.74,5.00%,0.0018990963478803231,1355.55,1679,Cascaded,2027,1355.55,1679
D0,sys/DL/DL/D,OMA,5.0,sys,DL,DL,D,OMA,,75.21,1274,1694,78.97,5.00%,0.0018740888824163684,1337.7,1694,Cascaded,2027,1337.7,1694
D0,sys/DL/DL/D,ONT,5.0,sys,DL,DL,D,ONT,,79.53,1465,1842,83.51,5.00%,0.0021550551120408006,1538.25,1842,Cascaded,2027,1538.25,1842
D0,sys/DL/DL/D,ORD,5.0,sys,DL,DL,D,ORD,,58.09,5952,10247,60.99,5.00%,0.008755554967144603,6249.6,10247,Cascaded,2027,6249.599999999999,10247
D0,sys/DL/DL/D,ORF,5.0,sys,DL,DL,D,ORF,,66.54,2122,3189,69.87,5.00%,0.003121520100853637,2228.1,3189,Cascaded,2027,2228.1,3189
D0,sys/DL/DL/D,PDX,5.0,sys,DL,DL,D,PDX,,72.31,5221,7220,75.93,5.00%,0.007680233952194552,5482.05,7220,Cascaded,2027,5482.05,7220
D0,sys/DL/DL/D,PHL,5.0,sys,DL,DL,D,PHL,,65.77,4139,6293,69.06,5.00%,0.0060885823267828485,4345.95,6293,Cascaded,2027,4345.95,6293
D0,sys/DL/DL/D,PHX,5.0,sys,DL,DL,D,PHX,,70.75,7466,10552,74.29,5.00%,0.010982690420816803,7839.3,10552,Cascaded,2027,7839.3,10552
D0,sys/DL/DL/D,PIT,5.0,sys,DL,DL,D,PIT,,72.27,2348,3249,75.88,5.00%,0.003453972288786211,2465.4,3249,Cascaded,2027,2465.4,3249
D0,sys/DL/DL/D,PNS,5.0,sys,DL,DL,D,PNS,,80.72,2261,2801,84.76,5.00%,0.0033259929067059727,2374.05,2801,Cascaded,2027,2374.0499999999997,2801
D0,sys/DL/DL/D,PSC,5.0,sys,DL,DL,D,PSC,,90.48,532,588,95.0,5.00%,0.0007825865662837582,558.6,588,Cascaded,2027,558.6,588
D0,sys/DL/DL/D,PSP,5.0,sys,DL,DL,D,PSP,,60.26,467,775,63.27,5.00%,0.0006869697865686374,490.35,775,Cascaded,2027,490.34999999999997,775
D0,sys/DL/DL/D,PVD,5.0,sys,DL,DL,D,PVD,,64.58,793,1228,67.81,5.00%,0.0011665247125244743,832.65,1228,Cascaded,2027,832.65,1228
D0,sys/DL/DL/D,PWM,5.0,sys,DL,DL,D,PWM,,60.72,705,1161,63.76,5.00%,0.001037074303064003,740.25,1161,Cascaded,2027,740.25,1161
D0,sys/DL/DL/D,RAP,5.0,sys,DL,DL,D,RAP,,53.33,8,15,56.0,5.00%,1.1768219041861026e-05,8.4,15,Cascaded,2027,8.4,15
D0,sys/DL/DL/D,RDU,5.0,sys,DL,DL,D,RDU,,69.01,8180,11853,72.46,5.00%,0.0120330039703029,8589.0,11853,Cascaded,2027,8589.0,11853
D0,sys/DL/DL/D,RIC,5.0,sys,DL,DL,D,RIC,,73.74,2100,2848,77.42,5.00%,0.0030891574984885195,2205.0,2848,Cascaded,2027,2205.0,2848
D0,sys/DL/DL/D,RNO,5.0,sys,DL,DL,D,RNO,,69.17,774,1119,72.63,5.00%,0.0011385751923000543,812.7,1119,Cascaded,2027,812.6999999999999,1119
D0,sys/DL/DL/D,ROA,5.0,sys,DL,DL,D,ROA,,85.63,304,355,89.92,5.00%,0.000447192323590719,319.2,355,Cascaded,2027,319.2,355
D0,sys/DL/DL/D,ROC,5.0,sys,DL,DL,D,ROC,,51.77,555,1072,54.36,5.00%,0.0008164201960291087,582.75,1072,Cascaded,2027,582.75,1072
D0,sys/DL/DL/D,RSW,5.0,sys,DL,DL,D,RSW,,70.08,5205,7427,73.59,5.00%,0.00765669751411083,5465.25,7427,Cascaded,2027,5465.25,7427
D0,sys/DL/DL/D,SAN,5.0,sys,DL,DL,D,SAN,,69.56,6589,9473,73.03,5.00%,0.009692599408352787,6918.45,9473,Cascaded,2027,6918.45,9473
D0,sys/DL/DL/D,SAT,5.0,sys,DL,DL,D,SAT,,72.04,4849,6731,75.64,5.00%,0.007133011766748015,5091.45,6731,Cascaded,2027,5091.45,6731
D0,sys/DL/DL/D,SAV,5.0,sys,DL,DL,D,SAV,,70.55,2571,3644,74.08,5.00%,0.0037820113945780873,2699.55,3644,Cascaded,2027,2699.5499999999997,3644
D0,sys/DL/DL/D,SBA,5.0,sys,DL,DL,D,SBA,,67.29,253,376,70.65,5.00%,0.00037216992719885496,265.65,376,Cascaded,2027,265.65,376
D0,sys/DL/DL/D,SDF,5.0,sys,DL,DL,D,SDF,,78.55,2076,2643,82.47,5.00%,0.0030538528413629365,2179.8,2643,Cascaded,2027,2179.7999999999997,2643
D0,sys/DL/DL/D,SEA,5.0,sys,DL,DL,D,SEA,,65.63,20838,31752,68.91,5.00%,0.03065326854928751,21879.9,31752,Cascaded,2027,21879.899999999998,31752
D0,sys/DL/DL/D,SFO,5.0,sys,DL,DL,D,SFO,,61.41,8301,13517,64.48,5.00%,0.012210998283311047,8716.05,13517,Cascaded,2027,8716.05,13517
D0,sys/DL/DL/D,SGF,5.0,sys,DL,DL,D,SGF,,51.5,240,466,54.08,5.00%,0.00035304657125583076,252.0,466,Cascaded,2027,252.0,466
D0,sys/DL/DL/D,SHV,5.0,sys,DL,DL,D,SHV,,0.0,0,1,0.0,0.00%,0.0,0.0,1,Cascaded,2027,0.0,1
D0,sys/DL/DL/D,SJC,5.0,sys,DL,DL,D,SJC,,80.58,2158,2678,84.61,5.00%,0.0031744770865420116,2265.9,2678,Cascaded,2027,2265.9,2678
D0,sys/DL/DL/D,SJU,5.0,sys,DL,DL,D,SJU,,73.27,2621,3577,76.94,5.00%,0.0038555627635897187,2752.05,3577,Cascaded,2027,2752.0499999999997,3577
D0,sys/DL/DL/D,SLC,5.0,sys,DL,DL,D,SLC,,68.13,36784,53992,71.54,5.00%,0.054110271154476995,38623.2,53992,Cascaded,2027,38623.2,53992
D0,sys/DL/DL/D,SMF,5.0,sys,DL,DL,D,SMF,,80.58,2780,3450,84.61,5.00%,0.0040894561170467065,2919.0,3450,Cascaded,2027,2919.0,3450
D0,sys/DL/DL/D,SNA,5.0,sys,DL,DL,D,SNA,,64.61,2943,4555,67.84,5.00%,0.004329233580024625,3090.15,4555,Cascaded,2027,3090.15,4555
D0,sys/DL/DL/D,SRQ,5.0,sys,DL,DL,D,SRQ,,71.83,2333,3248,75.42,5.00%,0.0034319068780827217,2449.65,3248,Cascaded,2027,2449.65,3248
D0,sys/DL/DL/D,STL,5.0,sys,DL,DL,D,STL,,78.14,4090,5234,82.05,5.00%,0.00601650198515145,4294.5,5234,Cascaded,2027,4294.5,5234
D0,sys/DL/DL/D,STT,5.0,sys,DL,DL,D,STT,,64.03,673,1051,67.24,5.00%,0.0009900014268965588,706.65,1051,Cascaded,2027,706.65,1051
D0,sys/DL/DL/D,STX,5.0,sys,DL,DL,D,STX,,36.07,44,122,37.87,5.00%,6.472520473023564e-05,46.2,122,Cascaded,2027,46.199999999999996,122
D0,sys/DL/DL/D,SYR,5.0,sys,DL,DL,D,SYR,,73.94,1024,1385,77.63,5.00%,0.0015063320373582113,1075.2,1385,Cascaded,2027,1075.2,1385
D0,sys/DL/DL/D,TLH,5.0,sys,DL,DL,D,TLH,,76.74,1422,1853,80.58,5.00%,0.0020918009346907974,1493.1,1853,Cascaded,2027,1493.1,1853
D0,sys/DL/DL/D,TPA,5.0,sys,DL,DL,D,TPA,,64.99,8905,13703,68.24,5.00%,0.013099498820971554,9350.25,13703,Cascaded,2027,9350.25,13703
D0,sys/DL/DL/D,TRI,5.0,sys,DL,DL,D,TRI,,66.41,255,384,69.73,5.00%,0.0003751119819593202,267.75,384,Cascaded,2027,267.75,384
D0,sys/DL/DL/D,TUL,5.0,sys,DL,DL,D,TUL,,73.23,1130,1543,76.9,5.00%,0.00166226093966287,1186.5,1543,Cascaded,2027,1186.5,1543
D0,sys/DL/DL/D,TUS,5.0,sys,DL,DL,D,TUS,,79.12,864,1092,83.08,5.00%,0.0012709676565209908,907.2,1092,Cascaded,2027,907.1999999999999,1092
D0,sys/DL/DL/D,TVC,5.0,sys,DL,DL,D,TVC,,68.89,310,450,72.33,5.00%,0.00045601848787211476,325.5,450,Cascaded,2027,325.5,450
D0,sys/DL/DL/D,TYS,5.0,sys,DL,DL,D,TYS,,72.61,1217,1676,76.24,5.00%,0.0017902403217431085,1277.85,1676,Cascaded,2027,1277.85,1676
D0,sys/DL/DL/D,VPS,5.0,sys,DL,DL,D,VPS,,70.53,1857,2633,74.05,5.00%,0.0027316978450919907,1949.85,2633,Cascaded,2027,1949.85,2633
D0,sys/DL/DL/D,XNA,5.0,sys,DL,DL,D,XNA,,73.26,285,389,76.93,5.00%,0.00041924280336629906,299.25,389,Cascaded,2027,299.25,389
D0,sys/DL/DL/I,ACC,5.0,sys,DL,DL,I,ACC,,52.22,212,406,54.83,5.00%,0.002350775645077232,222.6,406,Cascaded,2027,222.6,406
D0,sys/DL/DL/I,AKL,5.0,sys,DL,DL,I,AKL,,80.43,148,184,84.46,5.00%,0.0016411075258086336,155.4,184,Cascaded,2027,155.39999999999998,184
D0,sys/DL/DL/I,AMS,5.0,sys,DL,DL,I,AMS,,34.37,1839,5351,36.09,5.00%,0.020391869864608628,1930.95,5351,Cascaded,2027,1930.9499999999998,5351
D0,sys/DL/DL/I,ANU,5.0,sys,DL,DL,I,ANU,,43.9,36,82,46.1,5.00%,0.00039918831708858654,37.8,82,Cascaded,2027,37.8,82
D0,sys/DL/DL/I,ARN,5.0,sys,DL,DL,I,ARN,,63.08,123,195,66.23,5.00%,0.0013638934167193373,129.15,195,Cascaded,2027,129.15,195
D0,sys/DL/DL/I,ATH,5.0,sys,DL,DL,I,ATH,,69.41,692,997,72.88,5.00%,0.007673286539591719,726.6,997,Cascaded,2027,726.5999999999999,997
D0,sys/DL/DL/I,ATL,5.0,sys,DL,DL,I,ATL,,59.17,17999,30417,62.13,5.00%,0.1995830699799297,18898.95,30417,Cascaded,2027,18898.949999999997,30417
D0,sys/DL/DL/I,AUA,5.0,sys,DL,DL,I,AUA,,72.27,769,1064,75.89,5.00%,0.008527105995586752,807.45,1064,Cascaded,2027,807.4499999999999,1064
D0,sys/DL/DL/I,AUS,5.0,sys,DL,DL,I,AUS,,76.11,86,113,79.91,5.00%,0.000953616535267179,90.3,113,Cascaded,2027,90.3,113
D0,sys/DL/DL/I,BCN,5.0,sys,DL,DL,I,BCN,,58.06,526,906,60.96,5.00%,0.005832584855238792,552.3,906,Cascaded,2027,552.3,906
D0,sys/DL/DL/I,BDA,5.0,sys,DL,DL,I,BDA,,76.82,275,358,80.66,5.00%,0.0030493551999822583,288.75,358,Cascaded,2027,288.75,358
D0,sys/DL/DL/I,BER,5.0,sys,DL,DL,I,BER,,54.73,110,201,57.46,5.00%,0.0012197420799929034,115.5,201,Cascaded,2027,115.5,201
D0,sys/DL/DL/I,BGI,5.0,sys,DL,DL,I,BGI,,71.04,211,297,74.6,5.00%,0.00233968708071366,221.55,297,Cascaded,2027,221.54999999999998,297
D0,sys/DL/DL/I,BNA,5.0,sys,DL,DL,I,BNA,,47.06,8,17,49.41,5.00%,8.870851490857478e-05,8.4,17,Cascaded,2027,8.399999999999999,17
D0,sys/DL/DL/I,BNE,5.0,sys,DL,DL,I,BNE,,45.16,28,62,47.42,5.00%,0.00031047980218001177,29.4,62,Cascaded,2027,29.4,62
D0,sys/DL/DL/I,BOG,5.0,sys,DL,DL,I,BOG,,63.62,439,690,66.8,5.00%,0.004867879755608042,460.95,690,Cascaded,2027,460.95,690
D0,sys/DL/DL/I,BON,5.0,sys,DL,DL,I,BON,,52.78,38,72,55.42,5.00%,0.00042136544581573024,39.9,72,Cascaded,2027,39.9,72
D0,sys/DL/DL/I,BOS,5.0,sys,DL,DL,I,BOS,,66.64,2315,3474,69.97,5.00%,0.02567002650166883,2430.75,3474,Cascaded,2027,2430.75,3474
D0,sys/DL/DL/I,BRU,5.0,sys,DL,DL,I,BRU,,50.85,119,234,53.4,5.00%,0.00131953915926505,124.95,234,Cascaded,2027,124.94999999999999,234
D0,sys/DL/DL/I,BZE,5.0,sys,DL,DL,I,BZE,,78.91,318,403,82.85,5.00%,0.0035261634676158476,333.9,403,Cascaded,2027,333.9,403
D0,sys/DL/DL/I,CDG,5.0,sys,DL,DL,I,CDG,,37.91,1516,3999,39.8,5.00%,0.01681026357517492,1591.8,3999,Cascaded,2027,1591.8,3999
D0,sys/DL/DL/I,CPH,5.0,sys,DL,DL,I,CPH,,70.11,190,271,73.62,5.00%,0.0021068272290786514,199.5,271,Cascaded,2027,199.5,271
D0,sys/DL/DL/I,CPT,5.0,sys,DL,DL,I,CPT,,55.61,109,196,58.39,5.00%,0.0012086535156293314,114.45,196,Cascaded,2027,114.44999999999999,196
D0,sys/DL/DL/I,CTA,5.0,sys,DL,DL,I,CTA,,64.77,125,193,68.01,5.00%,0.001386070545446481,131.25,193,Cascaded,2027,131.25,193
D0,sys/DL/DL/I,CTG,5.0,sys,DL,DL,I,CTG,,78.89,157,199,82.84,5.00%,0.0017409046050807801,164.85,199,Cascaded,2027,164.85,199
D0,sys/DL/DL/I,CUN,5.0,sys,DL,DL,I,CUN,,60.24,3501,5812,63.25,5.00%,0.03882106383686504,3676.05,5812,Cascaded,2027,3676.0499999999997,5812
D0,sys/DL/DL/I,CUR,5.0,sys,DL,DL,I,CUR,,68.84,137,199,72.29,5.00%,0.0015191333178093433,143.85,199,Cascaded,2027,143.85,199
D0,sys/DL/DL/I,CVG,5.0,sys,DL,DL,I,CVG,,34.84,85,244,36.58,5.00%,0.0009425279709036072,89.25,244,Cascaded,2027,89.25,244
D0,sys/DL/DL/I,CZM,5.0,sys,DL,DL,I,CZM,,80.13,125,156,84.13,5.00%,0.001386070545446481,131.25,156,Cascaded,2027,131.25,156
D0,sys/DL/DL/I,DSS,5.0,sys,DL,DL,I,DSS,,56.04,102,182,58.85,5.00%,0.0011310335650843285,107.1,182,Cascaded,2027,107.1,182
D0,sys/DL/DL/I,DTW,5.0,sys,DL,DL,I,DTW,,65.7,3628,5522,68.99,5.00%,0.040229311511038666,3809.4,5522,Cascaded,2027,3809.3999999999996,5522
D0,sys/DL/DL/I,DUB,5.0,sys,DL,DL,I,DUB,,74.76,945,1264,78.5,5.00%,0.010478693323575396,992.25,1264,Cascaded,2027,992.2499999999999,1264
D0,sys/DL/DL/I,EDI,5.0,sys,DL,DL,I,EDI,,62.29,413,663,65.41,5.00%,0.004579577082155174,433.65,663,Cascaded,2027,433.65,663
D0,sys/DL/DL/I,EZE,5.0,sys,DL,DL,I,EZE,,57.49,334,581,60.36,5.00%,0.0037035804974329973,350.7,581,Cascaded,2027,350.7,581
D0,sys/DL/DL/I,FCO,5.0,sys,DL,DL,I,FCO,,69.63,1408,2022,73.12,5.00%,0.015612698623909162,1478.4,2022,Cascaded,2027,1478.3999999999999,2022
D0,sys/DL/DL/I,FRA,5.0,sys,DL,DL,I,FRA,,66.92,615,919,70.27,5.00%,0.006819467083596687,645.75,919,Cascaded,2027,645.75,919
D0,sys/DL/DL/I,GCM,5.0,sys,DL,DL,I,GCM,,83.41,367,440,87.58,5.00%,0.004069503121430868,385.35,440,Cascaded,2027,385.34999999999997,440
D0,sys/DL/DL/I,GDL,5.0,sys,DL,DL,I,GDL,,88.1,333,378,92.5,5.00%,0.0036924919330694255,349.65,378,Cascaded,2027,349.65,378
D0,sys/DL/DL/I,GIG,5.0,sys,DL,DL,I,GIG,,70.15,235,335,73.66,5.00%,0.002605812625439384,246.75,335,Cascaded,2027,246.74999999999997,335
D0,sys/DL/DL/I,GND,5.0,sys,DL,DL,I,GND,,68.32,69,101,71.73,5.00%,0.0007651109410864575,72.45,101,Cascaded,2027,72.44999999999999,101
D0,sys/DL/DL/I,GRU,5.0,sys,DL,DL,I,GRU,,73.8,738,1000,77.49,5.00%,0.008183360500316024,774.9,1000,Cascaded,2027,774.9,1000
D0,sys/DL/DL/I,GUA,5.0,sys,DL,DL,I,GUA,,66.83,270,404,70.17,5.00%,0.002993912378164399,283.5,404,Cascaded,2027,283.5,404
D0,sys/DL/DL/I,GVA,5.0,sys,DL,DL,I,GVA,,53.91,69,128,56.6,5.00%,0.0007651109410864575,72.45,128,Cascaded,2027,72.44999999999999,128
D0,sys/DL/DL/I,HAV,5.0,sys,DL,DL,I,HAV,,77.02,409,531,80.88,5.00%,0.004535222824700886,429.45,531,Cascaded,2027,429.45,531
D0,sys/DL/DL/I,HND,5.0,sys,DL,DL,I,HND,,60.12,1295,2154,63.13,5.00%,0.014359690850825543,1359.75,2154,Cascaded,2027,1359.75,2154
D0,sys/DL/DL/I,HNL,5.0,sys,DL,DL,I,HNL,,83.29,299,359,87.45,5.00%,0.0033154807447079828,313.95,359,Cascaded,2027,313.95,359
D0,sys/DL/DL/I,ICN,5.0,sys,DL,DL,I,ICN,,62.37,1281,2054,65.48,5.00%,0.014204450949735537,1345.05,2054,Cascaded,2027,1345.05,2054
D0,sys/DL/DL/I,IND,5.0,sys,DL,DL,I,IND,,76.47,13,17,80.29,5.00%,0.00014415133672643403,13.65,17,Cascaded,2027,13.649999999999999,17
D0,sys/DL/DL/I,JFK,5.0,sys,DL,DL,I,JFK,,62.59,9543,15248,65.71,5.00%,0.10581816972156614,10020.15,15248,Cascaded,2027,10020.15,15248
D0,sys/DL/DL/I,JNB,5.0,sys,DL,DL,I,JNB,,60.32,190,315,63.33,5.00%,0.0021068272290786514,199.5,315,Cascaded,2027,199.5,315
D0,sys/DL/DL/I,KEF,5.0,sys,DL,DL,I,KEF,,63.55,272,428,66.73,5.00%,0.0030160895068915426,285.6,428,Cascaded,2027,285.59999999999997,428
D0,sys/DL/DL/I,KIN,5.0,sys,DL,DL,I,KIN,,75.42,270,358,79.19,5.00%,0.002993912378164399,283.5,358,Cascaded,2027,283.5,358
D0,sys/DL/DL/I,LAS,5.0,sys,DL,DL,I,LAS,,66.67,6,9,70.0,5.00%,6.653138618143109e-05,6.3,9,Cascaded,2027,6.3,9
D0,sys/DL/DL/I,LAX,5.0,sys,DL,DL,I,LAX,,63.51,1824,2872,66.69,5.00%,0.020225541399155052,1915.2,2872,Cascaded,2027,1915.1999999999998,2872
D0,sys/DL/DL/I,LGA,5.0,sys,DL,DL,I,LGA,,64.86,96,148,68.11,5.00%,0.0010645021789028974,100.8,148,Cascaded,2027,100.8,148
D0,sys/DL/DL/I,LGW,5.0,sys,DL,DL,I,LGW,,53.54,53,99,56.21,5.00%,0.000587693911269308,55.65,99,Cascaded,2027,55.65,99
D0,sys/DL/DL/I,LHR,5.0,sys,DL,DL,I,LHR,,70.85,2479,3499,74.39,5.00%,0.027488551057294613,2602.95,3499,Cascaded,2027,2602.95,3499
D0,sys/DL/DL/I,LIM,5.0,sys,DL,DL,I,LIM,,57.28,236,412,60.15,5.00%,0.0026169011898029564,247.8,412,Cascaded,2027,247.79999999999998,412
D0,sys/DL/DL/I,LIR,5.0,sys,DL,DL,I,LIR,,76.85,508,661,80.7,5.00%,0.005632990696694499,533.4,661,Cascaded,2027,533.4,661
D0,sys/DL/DL/I,LIS,5.0,sys,DL,DL,I,LIS,,45.07,302,670,47.33,5.00%,0.003348746437798698,317.1,670,Cascaded,2027,317.09999999999997,670
D0,sys/DL/DL/I,LOS,5.0,sys,DL,DL,I,LOS,,16.34,66,404,17.15,5.00%,0.000731845247995742,69.3,404,Cascaded,2027,69.3,404
D0,sys/DL/DL/I,MAD,5.0,sys,DL,DL,I,MAD,,68.66,493,718,72.1,5.00%,0.005466662231240921,517.65,718,Cascaded,2027,517.65,718
D0,sys/DL/DL/I,MBJ,5.0,sys,DL,DL,I,MBJ,,71.82,1088,1515,75.41,5.00%,0.01206435802756617,1142.4,1515,Cascaded,2027,1142.3999999999999,1515
D0,sys/DL/DL/I,MCI,5.0,sys,DL,DL,I,MCI,,17.65,3,17,18.53,5.00%,3.3265693090715545e-05,3.15,17,Cascaded,2027,3.15,17
D0,sys/DL/DL/I,MCO,5.0,sys,DL,DL,I,MCO,,53.69,80,149,56.38,5.00%,0.0008870851490857479,84.0,149,Cascaded,2027,84.0,149
D0,sys/DL/DL/I,MEX,5.0,sys,DL,DL,I,MEX,,76.08,2385,3135,79.88,5.00%,0.026446226007118857,2504.25,3135,Cascaded,2027,2504.25,3135
D0,sys/DL/DL/I,MIA,5.0,sys,DL,DL,I,MIA,,53.67,285,531,56.36,5.00%,0.0031602408436179766,299.25,531,Cascaded,2027,299.25,531
D0,sys/DL/DL/I,MSP,5.0,sys,DL,DL,I,MSP,,64.66,4151,6420,67.89,5.00%,0.04602863067318674,4358.55,6420,Cascaded,2027,4358.549999999999,6420
D0,sys/DL/DL/I,MTY,5.0,sys,DL,DL,I,MTY,,89.2,322,361,93.66,5.00%,0.003570517725070135,338.1,361,Cascaded,2027,338.09999999999997,361
D0,sys/DL/DL/I,MUC,5.0,sys,DL,DL,I,MUC,,62.11,318,512,65.21,5.00%,0.0035261634676158476,333.9,512,Cascaded,2027,333.9,512
D0,sys/DL/DL/I,MXP,5.0,sys,DL,DL,I,MXP,,52.38,473,903,55.0,5.00%,0.0052448909439694845,496.65,903,Cascaded,2027,496.65,903
D0,sys/DL/DL/I,MZT,5.0,sys,DL,DL,I,MZT,,78.57,11,14,82.5,5.00%,0.00012197420799929033,11.55,14,Cascaded,2027,11.549999999999999,14
D0,sys/DL/DL/I,NAP,5.0,sys,DL,DL,I,NAP,,65.88,195,296,69.17,5.00%,0.0021622700508965105,204.75,296,Cascaded,2027,204.75,296
D0,sys/DL/DL/I,NAS,5.0,sys,DL,DL,I,NAS,,80.64,1391,1725,84.67,5.00%,0.015424193029728441,1460.55,1725,Cascaded,2027,1460.55,1725
D0,sys/DL/DL/I,NCE,5.0,sys,DL,DL,I,NCE,,56.25,198,352,59.06,5.00%,0.002195535743987226,207.9,352,Cascaded,2027,207.89999999999998,352
D0,sys/DL/DL/I,OLB,5.0,sys,DL,DL,I,OLB,,50.0,3,6,52.5,5.00%,3.3265693090715545e-05,3.15,6,Cascaded,2027,3.15,6
D0,sys/DL/DL/I,OPO,5.0,sys,DL,DL,I,OPO,,77.78,7,9,81.67,5.00%,7.761995054500294e-05,7.35,9,Cascaded,2027,7.35,9
D0,sys/DL/DL/I,PLS,5.0,sys,DL,DL,I,PLS,,84.29,633,751,88.5,5.00%,0.00701906124214098,664.65,751,Cascaded,2027,664.65,751
D0,sys/DL/DL/I,POP,5.0,sys,DL,DL,I,POP,,80.92,106,131,84.96,5.00%,0.001175387822538616,111.3,131,Cascaded,2027,111.3,131
D0,sys/DL/DL/I,PPT,5.0,sys,DL,DL,I,PPT,,66.67,2,3,70.0,5.00%,2.2177128727143695e-05,2.1,3,Cascaded,2027,2.0999999999999996,3
D0,sys/DL/DL/I,PRG,5.0,sys,DL,DL,I,PRG,,63.82,97,152,67.01,5.00%,0.0010755907432664694,101.85,152,Cascaded,2027,101.85,152
D0,sys/DL/DL/I,PTY,5.0,sys,DL,DL,I,PTY,,75.68,308,407,79.46,5.00%,0.0034152778239801293,323.4,407,Cascaded,2027,323.4,407
D0,sys/DL/DL/I,PUJ,5.0,sys,DL,DL,I,PUJ,,62.33,1304,2092,65.45,5.00%,0.01445948793009769,1369.2,2092,Cascaded,2027,1369.1999999999998,2092
D0,sys/DL/DL/I,PVG,5.0,sys,DL,DL,I,PVG,,69.67,604,867,73.15,5.00%,0.006697492875597396,634.2,867,Cascaded,2027,634.1999999999999,867
D0,sys/DL/DL/I,PVR,5.0,sys,DL,DL,I,PVR,,79.19,1119,1413,83.15,5.00%,0.012408103522836899,1174.95,1413,Cascaded,2027,1174.9499999999998,1413
D0,sys/DL/DL/I,RAK,5.0,sys,DL,DL,I,RAK,,65.0,65,100,68.25,5.00%,0.0007207566836321701,68.25,100,Cascaded,2027,68.25,100
D0,sys/DL/DL/I,RDU,5.0,sys,DL,DL,I,RDU,,41.18,7,17,43.24,5.00%,7.761995054500294e-05,7.35,17,Cascaded,2027,7.35,17
D0,sys/DL/DL/I,RTB,5.0,sys,DL,DL,I,RTB,,67.09,53,79,70.44,5.00%,0.000587693911269308,55.65,79,Cascaded,2027,55.65,79
D0,sys/DL/DL/I,SAL,5.0,sys,DL,DL,I,SAL,,69.53,251,361,73.01,5.00%,0.002783229655256534,263.55,361,Cascaded,2027,263.54999999999995,361
D0,sys/DL/DL/I,SAP,5.0,sys,DL,DL,I,SAP,,55.83,201,360,58.62,5.00%,0.0022288014370779414,211.05,360,Cascaded,2027,211.04999999999998,360
D0,sys/DL/DL/I,SCL,5.0,sys,DL,DL,I,SCL,,76.83,315,410,80.67,5.00%,0.0034928977745251324,330.75,410,Cascaded,2027,330.75,410
D0,sys/DL/DL/I,SDQ,5.0,sys,DL,DL,I,SDQ,,58.54,840,1435,61.46,5.00%,0.009314394065400352,882.0,1435,Cascaded,2027,882.0,1435
D0,sys/DL/DL/I,SEA,5.0,sys,DL,DL,I,SEA,,60.72,2101,3460,63.76,5.00%,0.023297073727864454,2206.05,3460,Cascaded,2027,2206.0499999999997,3460
D0,sys/DL/DL/I,SJD,5.0,sys,DL,DL,I,SJD,,66.9,1364,2039,70.24,5.00%,0.015124801791912001,1432.2,2039,Cascaded,2027,1432.1999999999998,2039
D0,sys/DL/DL/I,SJO,5.0,sys,DL,DL,I,SJO,,65.87,384,583,69.16,5.00%,0.00425800871561159,403.2,583,Cascaded,2027,403.2,583
D0,sys/DL/DL/I,SKB,5.0,sys,DL,DL,I,SKB,,46.3,25,54,48.61,5.00%,0.0002772141090892962,26.25,54,Cascaded,2027,26.25,54
D0,sys/DL/DL/I,SLC,5.0,sys,DL,DL,I,SLC,,68.74,2107,3065,72.18,5.00%,0.023363605114045883,2212.35,3065,Cascaded,2027,2212.35,3065
D0,sys/DL/DL/I,SNN,5.0,sys,DL,DL,I,SNN,,78.57,88,112,82.5,5.00%,0.0009757936639943226,92.4,112,Cascaded,2027,92.39999999999999,112
D0,sys/DL/DL/I,STI,5.0,sys,DL,DL,I,STI,,67.61,720,1065,70.99,5.00%,0.00798376634177173,756.0,1065,Cascaded,2027,756.0,1065
D0,sys/DL/DL/I,SXM,5.0,sys,DL,DL,I,SXM,,52.64,279,530,55.27,5.00%,0.0030937094574365457,292.95,530,Cascaded,2027,292.95,530
D0,sys/DL/DL/I,SYD,5.0,sys,DL,DL,I,SYD,,70.6,293,415,74.13,5.00%,0.0032489493585265514,307.65,415,Cascaded,2027,307.65,415
D0,sys/DL/DL/I,TLV,5.0,sys,DL,DL,I,TLV,,57.63,136,236,60.51,5.00%,0.0015080447534457713,142.8,236,Cascaded,2027,142.79999999999998,236
D0,sys/DL/DL/I,TPA,5.0,sys,DL,DL,I,TPA,,47.55,97,204,49.93,5.00%,0.0010755907432664694,101.85,204,Cascaded,2027,101.85,204
D0,sys/DL/DL/I,TPE,5.0,sys,DL,DL,I,TPE,,69.17,249,360,72.62,5.00%,0.0027610525265293904,261.45,360,Cascaded,2027,261.45,360
D0,sys/DL/DL/I,TQO,5.0,sys,DL,DL,I,TQO,,82.12,271,330,86.23,5.00%,0.003005000942527971,284.55,330,Cascaded,2027,284.54999999999995,330
D0,sys/DL/DL/I,UIO,5.0,sys,DL,DL,I,UIO,,66.39,241,363,69.71,5.00%,0.0026723440116208155,253.05,363,Cascaded,2027,253.04999999999998,363
D0,sys/DL/DL/I,UVF,5.0,sys,DL,DL,I,UVF,,73.28,266,363,76.94,5.00%,0.0029495581207101117,279.3,363,Cascaded,2027,279.29999999999995,363
D0,sys/DL/DL/I,VCE,5.0,sys,DL,DL,I,VCE,,70.02,376,537,73.52,5.00%,0.004169300200703015,394.8,537,Cascaded,2027,394.79999999999995,537
D0,sys/DL/DL/I,YUL,5.0,sys,DL,DL,I,YUL,,73.63,723,982,77.31,5.00%,0.008017032034862447,759.15,982,Cascaded,2027,759.15,982
D0,sys/DL/DL/I,YVR,5.0,sys,DL,DL,I,YVR,,75.76,500,660,79.55,5.00%,0.005544282181785924,525.0,660,Cascaded,2027,525.0,660
D0,sys/DL/DL/I,YYC,5.0,sys,DL,DL,I,YYC,,68.25,387,567,71.67,5.00%,0.004291274408702305,406.35,567,Cascaded,2027,406.34999999999997,567
D0,sys/DL/DL/I,YYZ,5.0,sys,DL,DL,I,YYZ,,61.62,1063,1725,64.7,5.00%,0.011787143918476874,1116.15,1725,Cascaded,2027,1116.1499999999999,1725
D0,sys/DL/DL/I,ZRH,5.0,sys,DL,DL,I,ZRH,,60.56,301,497,63.59,5.00%,0.0033376578734351263,316.05,497,Cascaded,2027,316.04999999999995,497
