KPI,Node Name,Parent,Category,Tier,Contribution,Target/Goal,Category Path,Node Path,Child Count,Leaf
FAB_STN,FAB_STN,,Root,0,1,Goal,Root,FAB_STN,1,No
FAB_STN,CGO,FAB_STN,div,1,100.0,Goal,Root/div,FAB_STN/CGO,409,No
FAB_STN,ABE,CGO,station,2,0.47,Goal,Root/div/station,FAB_STN/CGO/ABE,2,No
FAB_STN,O,ABE,orig_typ,3,48.38,Goal,Root/div/station/orig_typ,FAB_STN/CGO/ABE/O,1,No
FAB_STN,D,O,dom_int,4,100.0,Goal,Root/div/station/orig_typ/dom_int,FAB_STN/CGO/ABE/O/D,0,Yes
FAB_STN,T,ABE,orig_typ,3,51.62,Goal,Root/div/station/orig_typ,FAB_STN/CGO/ABE/T,1,No
FAB_STN,D,T,dom_int,4,100.0,Goal,Root/div/station/orig_typ/dom_int,FAB_STN/CGO/ABE/T/D,0,Yes
FAB_STN,ABQ,CGO,station,2,0.25,Goal,Root/div/station,FAB_STN/CGO/ABQ,2,No
FAB_STN,O,ABQ,orig_typ,3,57.75,Goal,Root/div/station/orig_typ,FAB_STN/CGO/ABQ/O,2,No
FAB_STN,D,O,dom_int,4,27.67,Goal,Root/div/station/orig_typ/dom_int,FAB_STN/CGO/ABQ/O/D,0,Yes
FAB_STN,I,O,dom_int,4,72.33,Goal,Root/div/station/orig_typ/dom_int,FAB_STN/CGO/ABQ/O/I,0,Yes
FAB_STN,T,ABQ,orig_typ,3,42.25,Goal,Root/div/station/orig_typ,FAB_STN/CGO/ABQ/T,1,No
FAB_STN,D,T,dom_int,4,100.0,Goal,Root/div/station/orig_typ/dom_int,FAB_STN/CGO/ABQ/T/D,0,Yes
FAB_STN,ABR,CGO,station,2,0.37,Goal,Root/div/station,FAB_STN/CGO/ABR,1,No
FAB_STN,O,ABR,orig_typ,3,100.0,Goal,Root/div/station/orig_typ,FAB_STN/CGO/ABR/O,1,No
FAB_STN,D,O,dom_int,4,100.0,Goal,Root/div/station/orig_typ/dom_int,FAB_STN/CGO/ABR/O/D,0,Yes
FAB_STN,ABY,CGO,station,2,0.38,Goal,Root/div/station,FAB_STN/CGO/ABY,1,No
FAB_STN,O,ABY,orig_typ,3,100.0,Goal,Root/div/station/orig_typ,FAB_STN/CGO/ABY/O,1,No
FAB_STN,D,O,dom_int,4,100.0,Goal,Root/div/station/orig_typ/dom_int,FAB_STN/CGO/ABY/O/D,0,Yes
FAB_STN,ABZ,CGO,station,2,0.35,Goal,Root/div/station,FAB_STN/CGO/ABZ,1,No
FAB_STN,O,ABZ,orig_typ,3,100.0,Goal,Root/div/station/orig_typ,FAB_STN/CGO/ABZ/O,1,No
FAB_STN,I,O,dom_int,4,100.0,Goal,Root/div/station/orig_typ/dom_int,FAB_STN/CGO/ABZ/O/I,0,Yes
FAB_STN,ACC,CGO,station,2,0.12,Goal,Root/div/station,FAB_STN/CGO/ACC,2,No
FAB_STN,O,ACC,orig_typ,3,45.75,Goal,Root/div/station/orig_typ,FAB_STN/CGO/ACC/O,1,No
FAB_STN,I,O,dom_int,4,100.0,Goal,Root/div/station/orig_typ/dom_int,FAB_STN/CGO/ACC/O/I,0,Yes
FAB_STN,T,ACC,orig_typ,3,54.25,Goal,Root/div/station/orig_typ,FAB_STN/CGO/ACC/T,1,No
FAB_STN,I,T,dom_int,4,100.0,Goal,Root/div/station/orig_typ/dom_int,FAB_STN/CGO/ACC/T/I,0,Yes
FAB_STN,ADL,CGO,station,2,0.18,Goal,Root/div/station,FAB_STN/CGO/ADL,1,No
FAB_STN,O,ADL,orig_typ,3,100.0,Goal,Root/div/station/orig_typ,FAB_STN/CGO/ADL/O,1,No
FAB_STN,I,O,dom_int,4,100.0,Goal,Root/div/station/orig_typ/dom_int,FAB_STN/CGO/ADL/O/I,0,Yes
FAB_STN,AEX,CGO,station,2,0.08,Goal,Root/div/station,FAB_STN/CGO/AEX,2,No
FAB_STN,O,AEX,orig_typ,3,82.13,Goal,Root/div/station/orig_typ,FAB_STN/CGO/AEX/O,1,No
FAB_STN,D,O,dom_int,4,100.0,Goal,Root/div/station/orig_typ/dom_int,FAB_STN/CGO/AEX/O/D,0,Yes
FAB_STN,T,AEX,orig_typ,3,17.87,Goal,Root/div/station/orig_typ,FAB_STN/CGO/AEX/T,1,No
FAB_STN,D,T,dom_int,4,100.0,Goal,Root/div/station/orig_typ/dom_int,FAB_STN/CGO/AEX/T/D,0,Yes
FAB_STN,AGS,CGO,station,2,0.34,Goal,Root/div/station,FAB_STN/CGO/AGS,2,No
FAB_STN,O,AGS,orig_typ,3,61.69,Goal,Root/div/station/orig_typ,FAB_STN/CGO/AGS/O,1,No
FAB_STN,D,O,dom_int,4,100.0,Goal,Root/div/station/orig_typ/dom_int,FAB_STN/CGO/AGS/O/D,0,Yes
FAB_STN,T,AGS,orig_typ,3,38.31,Goal,Root/div/station/orig_typ,FAB_STN/CGO/AGS/T,1,No
FAB_STN,D,T,dom_int,4,100.0,Goal,Root/div/station/orig_typ/dom_int,FAB_STN/CGO/AGS/T/D,0,Yes
FAB_STN,AKL,CGO,station,2,0.42,Goal,Root/div/station,FAB_STN/CGO/AKL,2,No
FAB_STN,O,AKL,orig_typ,3,44.23,Goal,Root/div/station/orig_typ,FAB_STN/CGO/AKL/O,1,No
FAB_STN,I,O,dom_int,4,100.0,Goal,Root/div/station/orig_typ/dom_int,FAB_STN/CGO/AKL/O/I,0,Yes
FAB_STN,T,AKL,orig_typ,3,55.77,Goal,Root/div/station/orig_typ,FAB_STN/CGO/AKL/T,2,No
FAB_STN,D,T,dom_int,4,59.29,Goal,Root/div/station/orig_typ/dom_int,FAB_STN/CGO/AKL/T/D,0,Yes
FAB_STN,I,T,dom_int,4,40.71,Goal,Root/div/station/orig_typ/dom_int,FAB_STN/CGO/AKL/T/I,0,Yes
FAB_STN,ALB,CGO,station,2,0.35,Goal,Root/div/station,FAB_STN/CGO/ALB,2,No
FAB_STN,O,ALB,orig_typ,3,65.38,Goal,Root/div/station/orig_typ,FAB_STN/CGO/ALB/O,2,No
FAB_STN,D,O,dom_int,4,36.33,Goal,Root/div/station/orig_typ/dom_int,FAB_STN/CGO/ALB/O/D,0,Yes
FAB_STN,I,O,dom_int,4,63.67,Goal,Root/div/station/orig_typ/dom_int,FAB_STN/CGO/ALB/O/I,0,Yes
FAB_STN,T,ALB,orig_typ,3,34.62,Goal,Root/div/station/orig_typ,FAB_STN/CGO/ALB/T,1,No
FAB_STN,D,T,dom_int,4,100.0,Goal,Root/div/station/orig_typ/dom_int,FAB_STN/CGO/ALB/T/D,0,Yes
FAB_STN,ALC,CGO,station,2,0.07,Goal,Root/div/station,FAB_STN/CGO/ALC,2,No
FAB_STN,O,ALC,orig_typ,3,53.88,Goal,Root/div/station/orig_typ,FAB_STN/CGO/ALC/O,1,No
FAB_STN,I,O,dom_int,4,100.0,Goal,Root/div/station/orig_typ/dom_int,FAB_STN/CGO/ALC/O/I,0,Yes
FAB_STN,T,ALC,orig_typ,3,46.12,Goal,Root/div/station/orig_typ,FAB_STN/CGO/ALC/T,1,No
FAB_STN,I,T,dom_int,4,100.0,Goal,Root/div/station/orig_typ/dom_int,FAB_STN/CGO/ALC/T/I,0,Yes
FAB_STN,AMS,CGO,station,2,0.4,Goal,Root/div/station,FAB_STN/CGO/AMS,2,No
FAB_STN,O,AMS,orig_typ,3,92.04,Goal,Root/div/station/orig_typ,FAB_STN/CGO/AMS/O,1,No
FAB_STN,I,O,dom_int,4,100.0,Goal,Root/div/station/orig_typ/dom_int,FAB_STN/CGO/AMS/O/I,0,Yes
FAB_STN,T,AMS,orig_typ,3,7.96,Goal,Root/div/station/orig_typ,FAB_STN/CGO/AMS/T,1,No
FAB_STN,I,T,dom_int,4,100.0,Goal,Root/div/station/orig_typ/dom_int,FAB_STN/CGO/AMS/T/I,0,Yes
FAB_STN,ANC,CGO,station,2,0.31,Goal,Root/div/station,FAB_STN/CGO/ANC,2,No
FAB_STN,O,ANC,orig_typ,3,77.92,Goal,Root/div/station/orig_typ,FAB_STN/CGO/ANC/O,2,No
FAB_STN,D,O,dom_int,4,43.49,Goal,Root/div/station/orig_typ/dom_int,FAB_STN/CGO/ANC/O/D,0,Yes
FAB_STN,I,O,dom_int,4,56.51,Goal,Root/div/station/orig_typ/dom_int,FAB_STN/CGO/ANC/O/I,0,Yes
FAB_STN,T,ANC,orig_typ,3,22.08,Goal,Root/div/station/orig_typ,FAB_STN/CGO/ANC/T,2,No
FAB_STN,D,T,dom_int,4,61.98,Goal,Root/div/station/orig_typ/dom_int,FAB_STN/CGO/ANC/T/D,0,Yes
FAB_STN,I,T,dom_int,4,38.02,Goal,Root/div/station/orig_typ/dom_int,FAB_STN/CGO/ANC/T/I,0,Yes
FAB_STN,APN,CGO,station,2,0.05,Goal,Root/div/station,FAB_STN/CGO/APN,1,No
FAB_STN,O,APN,orig_typ,3,100.0,Goal,Root/div/station/orig_typ,FAB_STN/CGO/APN/O,1,No
FAB_STN,D,O,dom_int,4,100.0,Goal,Root/div/station/orig_typ/dom_int,FAB_STN/CGO/APN/O/D,0,Yes
FAB_STN,ARN,CGO,station,2,0.35,Goal,Root/div/station,FAB_STN/CGO/ARN,2,No
FAB_STN,O,ARN,orig_typ,3,23.16,Goal,Root/div/station/orig_typ,FAB_STN/CGO/ARN/O,2,No
FAB_STN,D,O,dom_int,4,53.79,Goal,Root/div/station/orig_typ/dom_int,FAB_STN/CGO/ARN/O/D,0,Yes
FAB_STN,I,O,dom_int,4,46.21,Goal,Root/div/station/orig_typ/dom_int,FAB_STN/CGO/ARN/O/I,0,Yes
FAB_STN,T,ARN,orig_typ,3,76.84,Goal,Root/div/station/orig_typ,FAB_STN/CGO/ARN/T,1,No
FAB_STN,I,T,dom_int,4,100.0,Goal,Root/div/station/orig_typ/dom_int,FAB_STN/CGO/ARN/T/I,0,Yes
FAB_STN,ATH,CGO,station,2,0.01,Goal,Root/div/station,FAB_STN/CGO/ATH,2,No
FAB_STN,O,ATH,orig_typ,3,52.52,Goal,Root/div/station/orig_typ,FAB_STN/CGO/ATH/O,1,No
FAB_STN,I,O,dom_int,4,100.0,Goal,Root/div/station/orig_typ/dom_int,FAB_STN/CGO/ATH/O/I,0,Yes
FAB_STN,T,ATH,orig_typ,3,47.48,Goal,Root/div/station/orig_typ,FAB_STN/CGO/ATH/T,1,No
FAB_STN,I,T,dom_int,4,100.0,Goal,Root/div/station/orig_typ/dom_int,FAB_STN/CGO/ATH/T/I,0,Yes
FAB_STN,ATL,CGO,station,2,0.32,Goal,Root/div/station,FAB_STN/CGO/ATL,2,No
FAB_STN,O,ATL,orig_typ,3,59.52,Goal,Root/div/station/orig_typ,FAB_STN/CGO/ATL/O,2,No
FAB_STN,D,O,dom_int,4,63.85,Goal,Root/div/station/orig_typ/dom_int,FAB_STN/CGO/ATL/O/D,0,Yes
FAB_STN,I,O,dom_int,4,36.15,Goal,Root/div/station/orig_typ/dom_int,FAB_STN/CGO/ATL/O/I,0,Yes
FAB_STN,T,ATL,orig_typ,3,40.48,Goal,Root/div/station/orig_typ,FAB_STN/CGO/ATL/T,2,No
FAB_STN,D,T,dom_int,4,40.71,Goal,Root/div/station/orig_typ/dom_int,FAB_STN/CGO/ATL/T/D,0,Yes
FAB_STN,I,T,dom_int,4,59.29,Goal,Root/div/station/orig_typ/dom_int,FAB_STN/CGO/ATL/T/I,0,Yes
FAB_STN,ATW,CGO,station,2,0.39,Goal,Root/div/station,FAB_STN/CGO/ATW,2,No
FAB_STN,O,ATW,orig_typ,3,40.79,Goal,Root/div/station/orig_typ,FAB_STN/CGO/ATW/O,2,No
FAB_STN,D,O,dom_int,4,20.4,Goal,Root/div/station/orig_typ/dom_int,FAB_STN/CGO/ATW/O/D,0,Yes
FAB_STN,I,O,dom_int,4,79.6,Goal,Root/div/station/orig_typ/dom_int,FAB_STN/CGO/ATW/O/I,0,Yes
FAB_STN,T,ATW,orig_typ,3,59.21,Goal,Root/div/station/orig_typ,FAB_STN/CGO/ATW/T,1,No
FAB_STN,D,T,dom_int,4,100.0,Goal,Root/div/station/orig_typ/dom_int,FAB_STN/CGO/ATW/T/D,0,Yes
FAB_STN,AUS,CGO,station,2,0.47,Goal,Root/div/station,FAB_STN/CGO/AUS,2,No
FAB_STN,O,AUS,orig_typ,3,50.65,Goal,Root/div/station/orig_typ,FAB_STN/CGO/AUS/O,2,No
FAB_STN,D,O,dom_int,4,38.7,Goal,Root/div/station/orig_typ/dom_int,FAB_STN/CGO/AUS/O/D,0,Yes
FAB_STN,I,O,dom_int,4,61.3,Goal,Root/div/station/orig_typ/dom_int,FAB_STN/CGO/AUS/O/I,0,Yes
FAB_STN,T,AUS,orig_typ,3,49.35,Goal,Root/div/station/orig_typ,FAB_STN/CGO/AUS/T,2,No
FAB_STN,D,T,dom_int,4,18.23,Goal,Root/div/station/orig_typ/dom_int,FAB_STN/CGO/AUS/T/D,0,Yes
FAB_STN,I,T,dom_int,4,81.77,Goal,Root/div/station/orig_typ/dom_int,FAB_STN/CGO/AUS/T/I,0,Yes
FAB_STN,AVL,CGO,station,2,0.1,Goal,Root/div/station,FAB_STN/CGO/AVL,1,No
FAB_STN,O,AVL,orig_typ,3,100.0,Goal,Root/div/station/orig_typ,FAB_STN/CGO/AVL/O,1,No
FAB_STN,D,O,dom_int,4,100.0,Goal,Root/div/station/orig_typ/dom_int,FAB_STN/CGO/AVL/O/D,0,Yes
FAB_STN,AVP,CGO,station,2,0.33,Goal,Root/div/station,FAB_STN/CGO/AVP,1,No
FAB_STN,O,AVP,orig_typ,3,100.0,Goal,Root/div/station/orig_typ,FAB_STN/CGO/AVP/O,1,No
FAB_STN,D,O,dom_int,4,100.0,Goal,Root/div/station/orig_typ/dom_int,FAB_STN/CGO/AVP/O/D,0,Yes
FAB_STN,AZO,CGO,station,2,0.01,Goal,Root/div/station,FAB_STN/CGO/AZO,1,No
FAB_STN,O,AZO,orig_typ,3,100.0,Goal,Root/div/station/orig_typ,FAB_STN/CGO/AZO/O,1,No
FAB_STN,D,O,dom_int,4,100.0,Goal,Root/div/station/orig_typ/dom_int,FAB_STN/CGO/AZO/O/D,0,Yes
FAB_STN,BCN,CGO,station,2,0.41,Goal,Root/div/station,FAB_STN/CGO/BCN,2,No
FAB_STN,O,BCN,orig_typ,3,28.87,Goal,Root/div/station/orig_typ,FAB_STN/CGO/BCN/O,1,No
FAB_STN,I,O,dom_int,4,100.0,Goal,Root/div/station/orig_typ/dom_int,FAB_STN/CGO/BCN/O/I,0,Yes
FAB_STN,T,BCN,orig_typ,3,71.13,Goal,Root/div/station/orig_typ,FAB_STN/CGO/BCN/T,1,No
FAB_STN,I,T,dom_int,4,100.0,Goal,Root/div/station/orig_typ/dom_int,FAB_STN/CGO/BCN/T/I,0,Yes
FAB_STN,BDA,CGO,station,2,0.17,Goal,Root/div/station,FAB_STN/CGO/BDA,2,No
FAB_STN,O,BDA,orig_typ,3,69.61,Goal,Root/div/station/orig_typ,FAB_STN/CGO/BDA/O,1,No
FAB_STN,I,O,dom_int,4,100.0,Goal,Root/div/station/orig_typ/dom_int,FAB_STN/CGO/BDA/O/I,0,Yes
FAB_STN,T,BDA,orig_typ,3,30.39,Goal,Root/div/station/orig_typ,FAB_STN/CGO/BDA/T,1,No
FAB_STN,I,T,dom_int,4,100.0,Goal,Root/div/station/orig_typ/dom_int,FAB_STN/CGO/BDA/T/I,0,Yes
FAB_STN,BDL,CGO,station,2,0.41,Goal,Root/div/station,FAB_STN/CGO/BDL,2,No
FAB_STN,O,BDL,orig_typ,3,80.02,Goal,Root/div/station/orig_typ,FAB_STN/CGO/BDL/O,2,No
FAB_STN,D,O,dom_int,4,57.01,Goal,Root/div/station/orig_typ/dom_int,FAB_STN/CGO/BDL/O/D,0,Yes
FAB_STN,I,O,dom_int,4,42.99,Goal,Root/div/station/orig_typ/dom_int,FAB_STN/CGO/BDL/O/I,0,Yes
FAB_STN,T,BDL,orig_typ,3,19.98,Goal,Root/div/station/orig_typ,FAB_STN/CGO/BDL/T,2,No
FAB_STN,D,T,dom_int,4,24.11,Goal,Root/div/station/orig_typ/dom_int,FAB_STN/CGO/BDL/T/D,0,Yes
FAB_STN,I,T,dom_int,4,75.89,Goal,Root/div/station/orig_typ/dom_int,FAB_STN/CGO/BDL/T/I,0,Yes
FAB_STN,BER,CGO,station,2,0.32,Goal,Root/div/station,FAB_STN/CGO/BER,2,No
FAB_STN,O,BER,orig_typ,3,3.3,Goal,Root/div/station/orig_typ,FAB_STN/CGO/BER/O,1,No
FAB_STN,I,O,dom_int,4,100.0,Goal,Root/div/station/orig_typ/dom_int,FAB_STN/CGO/BER/O/I,0,Yes
FAB_STN,T,BER,orig_typ,3,96.7,Goal,Root/div/station/orig_typ,FAB_STN/CGO/BER/T,1,No
FAB_STN,I,T,dom_int,4,100.0,Goal,Root/div/station/orig_typ/dom_int,FAB_STN/CGO/BER/T/I,0,Yes
FAB_STN,BFS,CGO,station,2,0.06,Goal,Root/div/station,FAB_STN/CGO/BFS,2,No
FAB_STN,O,BFS,orig_typ,3,34.17,Goal,Root/div/station/orig_typ,FAB_STN/CGO/BFS/O,1,No
FAB_STN,I,O,dom_int,4,100.0,Goal,Root/div/station/orig_typ/dom_int,FAB_STN/CGO/BFS/O/I,0,Yes
FAB_STN,T,BFS,orig_typ,3,65.83,Goal,Root/div/station/orig_typ,FAB_STN/CGO/BFS/T,1,No
FAB_STN,I,T,dom_int,4,100.0,Goal,Root/div/station/orig_typ/dom_int,FAB_STN/CGO/BFS/T/I,0,Yes
FAB_STN,BGM,CGO,station,2,0.15,Goal,Root/div/station,FAB_STN/CGO/BGM,2,No
FAB_STN,O,BGM,orig_typ,3,45.92,Goal,Root/div/station/orig_typ,FAB_STN/CGO/BGM/O,1,No
FAB_STN,D,O,dom_int,4,100.0,Goal,Root/div/station/orig_typ/dom_int,FAB_STN/CGO/BGM/O/D,0,Yes
FAB_STN,T,BGM,orig_typ,3,54.08,Goal,Root/div/station/orig_typ,FAB_STN/CGO/BGM/T,1,No
FAB_STN,D,T,dom_int,4,100.0,Goal,Root/div/station/orig_typ/dom_int,FAB_STN/CGO/BGM/T/D,0,Yes
FAB_STN,BGR,CGO,station,2,0.35,Goal,Root/div/station,FAB_STN/CGO/BGR,1,No
FAB_STN,O,BGR,orig_typ,3,100.0,Goal,Root/div/station/orig_typ,FAB_STN/CGO/BGR/O,1,No
FAB_STN,D,O,dom_int,4,100.0,Goal,Root/div/station/orig_typ/dom_int,FAB_STN/CGO/BGR/O/D,0,Yes
FAB_STN,BHM,CGO,station,2,0.1,Goal,Root/div/station,FAB_STN/CGO/BHM,2,No
FAB_STN,O,BHM,orig_typ,3,0.78,Goal,Root/div/station/orig_typ,FAB_STN/CGO/BHM/O,2,No
FAB_STN,D,O,dom_int,4,76.42,Goal,Root/div/station/orig_typ/dom_int,FAB_STN/CGO/BHM/O/D,0,Yes
FAB_STN,I,O,dom_int,4,23.58,Goal,Root/div/station/orig_typ/dom_int,FAB_STN/CGO/BHM/O/I,0,Yes
FAB_STN,T,BHM,orig_typ,3,99.22,Goal,Root/div/station/orig_typ,FAB_STN/CGO/BHM/T,1,No
FAB_STN,D,T,dom_int,4,100.0,Goal,Root/div/station/orig_typ/dom_int,FAB_STN/CGO/BHM/T/D,0,Yes
FAB_STN,BHX,CGO,station,2,0.24,Goal,Root/div/station,FAB_STN/CGO/BHX,2,No
FAB_STN,O,BHX,orig_typ,3,59.7,Goal,Root/div/station/orig_typ,FAB_STN/CGO/BHX/O,1,No
FAB_STN,I,O,dom_int,4,100.0,Goal,Root/div/station/orig_typ/dom_int,FAB_STN/CGO/BHX/O/I,0,Yes
FAB_STN,T,BHX,orig_typ,3,40.3,Goal,Root/div/station/orig_typ,FAB_STN/CGO/BHX/T,1,No
FAB_STN,I,T,dom_int,4,100.0,Goal,Root/div/station/orig_typ/dom_int,FAB_STN/CGO/BHX/T/I,0,Yes
FAB_STN,BIL,CGO,station,2,0.44,Goal,Root/div/station,FAB_STN/CGO/BIL,1,No
FAB_STN,O,BIL,orig_typ,3,100.0,Goal,Root/div/station/orig_typ,FAB_STN/CGO/BIL/O,1,No
FAB_STN,D,O,dom_int,4,100.0,Goal,Root/div/station/orig_typ/dom_int,FAB_STN/CGO/BIL/O/D,0,Yes
FAB_STN,BIO,CGO,station,2,0.45,Goal,Root/div/station,FAB_STN/CGO/BIO,2,No
FAB_STN,O,BIO,orig_typ,3,25.97,Goal,Root/div/station/orig_typ,FAB_STN/CGO/BIO/O,1,No
FAB_STN,I,O,dom_int,4,100.0,Goal,Root/div/station/orig_typ/dom_int,FAB_STN/CGO/BIO/O/I,0,Yes
FAB_STN,T,BIO,orig_typ,3,74.03,Goal,Root/div/station/orig_typ,FAB_STN/CGO/BIO/T,1,No
FAB_STN,I,T,dom_int,4,100.0,Goal,Root/div/station/orig_typ/dom_int,FAB_STN/CGO/BIO/T/I,0,Yes
FAB_STN,BIS,CGO,station,2,0.15,Goal,Root/div/station,FAB_STN/CGO/BIS,2,No
FAB_STN,O,BIS,orig_typ,3,31.87,Goal,Root/div/station/orig_typ,FAB_STN/CGO/BIS/O,1,No
FAB_STN,D,O,dom_int,4,100.0,Goal,Root/div/station/orig_typ/dom_int,FAB_STN/CGO/BIS/O/D,0,Yes
FAB_STN,T,BIS,orig_typ,3,68.13,Goal,Root/div/station/orig_typ,FAB_STN/CGO/BIS/T,1,No
FAB_STN,D,T,dom_int,4,100.0,Goal,Root/div/station/orig_typ/dom_int,FAB_STN/CGO/BIS/T/D,0,Yes
FAB_STN,BJI,CGO,station,2,0.13,Goal,Root/div/station,FAB_STN/CGO/BJI,1,No
FAB_STN,O,BJI,orig_typ,3,100.0,Goal,Root/div/station/orig_typ,FAB_STN/CGO/BJI/O,1,No
FAB_STN,D,O,dom_int,4,100.0,Goal,Root/div/station/orig_typ/dom_int,FAB_STN/CGO/BJI/O/D,0,Yes
FAB_STN,BLL,CGO,station,2,0.28,Goal,Root/div/station,FAB_STN/CGO/BLL,2,No
FAB_STN,O,BLL,orig_typ,3,31.86,Goal,Root/div/station/orig_typ,FAB_STN/CGO/BLL/O,1,No
FAB_STN,I,O,dom_int,4,100.0,Goal,Root/div/station/orig_typ/dom_int,FAB_STN/CGO/BLL/O/I,0,Yes
FAB_STN,T,BLL,orig_typ,3,68.14,Goal,Root/div/station/orig_typ,FAB_STN/CGO/BLL/T,1,No
FAB_STN,I,T,dom_int,4,100.0,Goal,Root/div/station/orig_typ/dom_int,FAB_STN/CGO/BLL/T/I,0,Yes
FAB_STN,BMI,CGO,station,2,0.13,Goal,Root/div/station,FAB_STN/CGO/BMI,1,No
FAB_STN,O,BMI,orig_typ,3,100.0,Goal,Root/div/station/orig_typ,FAB_STN/CGO/BMI/O,1,No
FAB_STN,D,O,dom_int,4,100.0,Goal,Root/div/station/orig_typ/dom_int,FAB_STN/CGO/BMI/O/D,0,Yes
FAB_STN,BNA,CGO,station,2,0.3,Goal,Root/div/station,FAB_STN/CGO/BNA,2,No
FAB_STN,O,BNA,orig_typ,3,58.68,Goal,Root/div/station/orig_typ,FAB_STN/CGO/BNA/O,2,No
FAB_STN,D,O,dom_int,4,90.73,Goal,Root/div/station/orig_typ/dom_int,FAB_STN/CGO/BNA/O/D,0,Yes
FAB_STN,I,O,dom_int,4,9.27,Goal,Root/div/station/orig_typ/dom_int,FAB_STN/CGO/BNA/O/I,0,Yes
FAB_STN,T,BNA,orig_typ,3,41.32,Goal,Root/div/station/orig_typ,FAB_STN/CGO/BNA/T,2,No
FAB_STN,D,T,dom_int,4,55.9,Goal,Root/div/station/orig_typ/dom_int,FAB_STN/CGO/BNA/T/D,0,Yes
FAB_STN,I,T,dom_int,4,44.1,Goal,Root/div/station/orig_typ/dom_int,FAB_STN/CGO/BNA/T/I,0,Yes
FAB_STN,BNE,CGO,station,2,0.41,Goal,Root/div/station,FAB_STN/CGO/BNE,2,No
FAB_STN,O,BNE,orig_typ,3,28.33,Goal,Root/div/station/orig_typ,FAB_STN/CGO/BNE/O,1,No
FAB_STN,I,O,dom_int,4,100.0,Goal,Root/div/station/orig_typ/dom_int,FAB_STN/CGO/BNE/O/I,0,Yes
FAB_STN,T,BNE,orig_typ,3,71.67,Goal,Root/div/station/orig_typ,FAB_STN/CGO/BNE/T,1,No
FAB_STN,I,T,dom_int,4,100.0,Goal,Root/div/station/orig_typ/dom_int,FAB_STN/CGO/BNE/T/I,0,Yes
FAB_STN,BOG,CGO,station,2,0.47,Goal,Root/div/station,FAB_STN/CGO/BOG,2,No
FAB_STN,O,BOG,orig_typ,3,17.14,Goal,Root/div/station/orig_typ,FAB_STN/CGO/BOG/O,1,No
FAB_STN,I,O,dom_int,4,100.0,Goal,Root/div/station/orig_typ/dom_int,FAB_STN/CGO/BOG/O/I,0,Yes
FAB_STN,T,BOG,orig_typ,3,82.86,Goal,Root/div/station/orig_typ,FAB_STN/CGO/BOG/T,1,No
FAB_STN,I,T,dom_int,4,100.0,Goal,Root/div/station/orig_typ/dom_int,FAB_STN/CGO/BOG/T/I,0,Yes
FAB_STN,BOI,CGO,station,2,0.39,Goal,Root/div/station,FAB_STN/CGO/BOI,2,No
FAB_STN,O,BOI,orig_typ,3,28.01,Goal,Root/div/station/orig_typ,FAB_STN/CGO/BOI/O,2,No
FAB_STN,D,O,dom_int,4,43.7,Goal,Root/div/station/orig_typ/dom_int,FAB_STN/CGO/BOI/O/D,0,Yes
FAB_STN,I,O,dom_int,4,56.3,Goal,Root/div/station/orig_typ/dom_int,FAB_STN/CGO/BOI/O/I,0,Yes
FAB_STN,T,BOI,orig_typ,3,71.99,Goal,Root/div/station/orig_typ,FAB_STN/CGO/BOI/T,1,No
FAB_STN,D,T,dom_int,4,100.0,Goal,Root/div/station/orig_typ/dom_int,FAB_STN/CGO/BOI/T/D,0,Yes
FAB_STN,BOM,CGO,station,2,0.06,Goal,Root/div/station,FAB_STN/CGO/BOM,1,No
FAB_STN,O,BOM,orig_typ,3,100.0,Goal,Root/div/station/orig_typ,FAB_STN/CGO/BOM/O,1,No
FAB_STN,I,O,dom_int,4,100.0,Goal,Root/div/station/orig_typ/dom_int,FAB_STN/CGO/BOM/O/I,0,Yes
FAB_STN,BOS,CGO,station,2,0.24,Goal,Root/div/station,FAB_STN/CGO/BOS,2,No
FAB_STN,O,BOS,orig_typ,3,62.43,Goal,Root/div/station/orig_typ,FAB_STN/CGO/BOS/O,2,No
FAB_STN,D,O,dom_int,4,39.17,Goal,Root/div/station/orig_typ/dom_int,FAB_STN/CGO/BOS/O/D,0,Yes
FAB_STN,I,O,dom_int,4,60.83,Goal,Root/div/station/orig_typ/dom_int,FAB_STN/CGO/BOS/O/I,0,Yes
FAB_STN,T,BOS,orig_typ,3,37.57,Goal,Root/div/station/orig_typ,FAB_STN/CGO/BOS/T,2,No
FAB_STN,D,T,dom_int,4,88.23,Goal,Root/div/station/orig_typ/dom_int,FAB_STN/CGO/BOS/T/D,0,Yes
FAB_STN,I,T,dom_int,4,11.77,Goal,Root/div/station/orig_typ/dom_int,FAB_STN/CGO/BOS/T/I,0,Yes
FAB_STN,BQK,CGO,station,2,0.02,Goal,Root/div/station,FAB_STN/CGO/BQK,1,No
FAB_STN,O,BQK,orig_typ,3,100.0,Goal,Root/div/station/orig_typ,FAB_STN/CGO/BQK/O,1,No
FAB_STN,D,O,dom_int,4,100.0,Goal,Root/div/station/orig_typ/dom_int,FAB_STN/CGO/BQK/O/D,0,Yes
FAB_STN,BRD,CGO,station,2,0.46,Goal,Root/div/station,FAB_STN/CGO/BRD,1,No
FAB_STN,O,BRD,orig_typ,3,100.0,Goal,Root/div/station/orig_typ,FAB_STN/CGO/BRD/O,1,No
FAB_STN,D,O,dom_int,4,100.0,Goal,Root/div/station/orig_typ/dom_int,FAB_STN/CGO/BRD/O/D,0,Yes
FAB_STN,BRE,CGO,station,2,0.19,Goal,Root/div/station,FAB_STN/CGO/BRE,1,No
FAB_STN,O,BRE,orig_typ,3,100.0,Goal,Root/div/station/orig_typ,FAB_STN/CGO/BRE/O,1,No
FAB_STN,I,O,dom_int,4,100.0,Goal,Root/div/station/orig_typ/dom_int,FAB_STN/CGO/BRE/O/I,0,Yes
FAB_STN,BRU,CGO,station,2,0.28,Goal,Root/div/station,FAB_STN/CGO/BRU,2,No
FAB_STN,O,BRU,orig_typ,3,24.52,Goal,Root/div/station/orig_typ,FAB_STN/CGO/BRU/O,1,No
FAB_STN,I,O,dom_int,4,100.0,Goal,Root/div/station/orig_typ/dom_int,FAB_STN/CGO/BRU/O/I,0,Yes
FAB_STN,T,BRU,orig_typ,3,75.48,Goal,Root/div/station/orig_typ,FAB_STN/CGO/BRU/T,1,No
FAB_STN,I,T,dom_int,4,100.0,Goal,Root/div/station/orig_typ/dom_int,FAB_STN/CGO/BRU/T/I,0,Yes
FAB_STN,BSL,CGO,station,2,0.12,Goal,Root/div/station,FAB_STN/CGO/BSL,1,No
FAB_STN,O,BSL,orig_typ,3,100.0,Goal,Root/div/station/orig_typ,FAB_STN/CGO/BSL/O,1,No
FAB_STN,I,O,dom_int,4,100.0,Goal,Root/div/station/orig_typ/dom_int,FAB_STN/CGO/BSL/O/I,0,Yes
FAB_STN,BTM,CGO,station,2,0.14,Goal,Root/div/station,FAB_STN/CGO/BTM,1,No
FAB_STN,O,BTM,orig_typ,3,100.0,Goal,Root/div/station/orig_typ,FAB_STN/CGO/BTM/O,1,No
FAB_STN,D,O,dom_int,4,100.0,Goal,Root/div/station/orig_typ/dom_int,FAB_STN/CGO/BTM/O/D,0,Yes
FAB_STN,BTR,CGO,station,2,0.13,Goal,Root/div/station,FAB_STN/CGO/BTR,2,No
FAB_STN,O,BTR,orig_typ,3,44.44,Goal,Root/div/station/orig_typ,FAB_STN/CGO/BTR/O,1,No
FAB_STN,D,O,dom_int,4,100.0,Goal,Root/div/station/orig_typ/dom_int,FAB_STN/CGO/BTR/O/D,0,Yes
FAB_STN,T,BTR,orig_typ,3,55.56,Goal,Root/div/station/orig_typ,FAB_STN/CGO/BTR/T,1,No
FAB_STN,D,T,dom_int,4,100.0,Goal,Root/div/station/orig_typ/dom_int,FAB_STN/CGO/BTR/T/D,0,Yes
FAB_STN,BTS,CGO,station,2,0.3,Goal,Root/div/station,FAB_STN/CGO/BTS,1,No
FAB_STN,O,BTS,orig_typ,3,100.0,Goal,Root/div/station/orig_typ,FAB_STN/CGO/BTS/O,1,No
FAB_STN,I,O,dom_int,4,100.0,Goal,Root/div/station/orig_typ/dom_int,FAB_STN/CGO/BTS/O/I,0,Yes
FAB_STN,BTV,CGO,station,2,0.12,Goal,Root/div/station,FAB_STN/CGO/BTV,2,No
FAB_STN,O,BTV,orig_typ,3,44.45,Goal,Root/div/station/orig_typ,FAB_STN/CGO/BTV/O,1,No
FAB_STN,D,O,dom_int,4,100.0,Goal,Root/div/station/orig_typ/dom_int,FAB_STN/CGO/BTV/O/D,0,Yes
FAB_STN,T,BTV,orig_typ,3,55.55,Goal,Root/div/station/orig_typ,FAB_STN/CGO/BTV/T,1,No
FAB_STN,D,T,dom_int,4,100.0,Goal,Root/div/station/orig_typ/dom_int,FAB_STN/CGO/BTV/T/D,0,Yes
FAB_STN,BUF,CGO,station,2,0.41,Goal,Root/div/station,FAB_STN/CGO/BUF,1,No
FAB_STN,O,BUF,orig_typ,3,100.0,Goal,Root/div/station/orig_typ,FAB_STN/CGO/BUF/O,2,No
FAB_STN,D,O,dom_int,4,31.28,Goal,Root/div/station/orig_typ/dom_int,FAB_STN/CGO/BUF/O/D,0,Yes
FAB_STN,I,O,dom_int,4,68.72,Goal,Root/div/station/orig_typ/dom_int,FAB_STN/CGO/BUF/O/I,0,Yes
FAB_STN,BWI,CGO,station,2,0.19,Goal,Root/div/station,FAB_STN/CGO/BWI,2,No
FAB_STN,O,BWI,orig_typ,3,4.64,Goal,Root/div/station/orig_typ,FAB_STN/CGO/BWI/O,2,No
FAB_STN,D,O,dom_int,4,95.0,Goal,Root/div/station/orig_typ/dom_int,FAB_STN/CGO/BWI/O/D,0,Yes
FAB_STN,I,O,dom_int,4,5.0,Goal,Root/div/station/orig_typ/dom_int,FAB_STN/CGO/BWI/O/I,0,Yes
FAB_STN,T,BWI,orig_typ,3,95.36,Goal,Root/div/station/orig_typ,FAB_STN/CGO/BWI/T,2,No
FAB_STN,D,T,dom_int,4,43.56,Goal,Root/div/station/orig_typ/dom_int,FAB_STN/CGO/BWI/T/D,0,Yes
FAB_STN,I,T,dom_int,4,56.44,Goal,Root/div/station/orig_typ/dom_int,FAB_STN/CGO/BWI/T/I,0,Yes
FAB_STN,BZN,CGO,station,2,0.43,Goal,Root/div/station,FAB_STN/CGO/BZN,1,No
FAB_STN,O,BZN,orig_typ,3,100.0,Goal,Root/div/station/orig_typ,FAB_STN/CGO/BZN/O,1,No
FAB_STN,D,O,dom_int,4,100.0,Goal,Root/div/station/orig_typ/dom_int,FAB_STN/CGO/BZN/O/D,0,Yes
FAB_STN,CAE,CGO,station,2,0.44,Goal,Root/div/station,FAB_STN/CGO/CAE,1,No
FAB_STN,O,CAE,orig_typ,3,100.0,Goal,Root/div/station/orig_typ,FAB_STN/CGO/CAE/O,2,No
FAB_STN,D,O,dom_int,4,61.2,Goal,Root/div/station/orig_typ/dom_int,FAB_STN/CGO/CAE/O/D,0,Yes
FAB_STN,I,O,dom_int,4,38.8,Goal,Root/div/station/orig_typ/dom_int,FAB_STN/CGO/CAE/O/I,0,Yes
FAB_STN,CAK,CGO,station,2,0.2,Goal,Root/div/station,FAB_STN/CGO/CAK,1,No
FAB_STN,O,CAK,orig_typ,3,100.0,Goal,Root/div/station/orig_typ,FAB_STN/CGO/CAK/O,1,No
FAB_STN,D,O,dom_int,4,100.0,Goal,Root/div/station/orig_typ/dom_int,FAB_STN/CGO/CAK/O/D,0,Yes
FAB_STN,CDC,CGO,station,2,0.37,Goal,Root/div/station,FAB_STN/CGO/CDC,1,No
FAB_STN,O,CDC,orig_typ,3,100.0,Goal,Root/div/station/orig_typ,FAB_STN/CGO/CDC/O,1,No
FAB_STN,D,O,dom_int,4,100.0,Goal,Root/div/station/orig_typ/dom_int,FAB_STN/CGO/CDC/O/D,0,Yes
FAB_STN,CDG,CGO,station,2,0.4,Goal,Root/div/station,FAB_STN/CGO/CDG,2,No
FAB_STN,O,CDG,orig_typ,3,12.61,Goal,Root/div/station/orig_typ,FAB_STN/CGO/CDG/O,1,No
FAB_STN,I,O,dom_int,4,100.0,Goal,Root/div/station/orig_typ/dom_int,FAB_STN/CGO/CDG/O/I,0,Yes
FAB_STN,T,CDG,orig_typ,3,87.39,Goal,Root/div/station/orig_typ,FAB_STN/CGO/CDG/T,1,No
FAB_STN,I,T,dom_int,4,100.0,Goal,Root/div/station/orig_typ/dom_int,FAB_STN/CGO/CDG/T/I,0,Yes
FAB_STN,CHA,CGO,station,2,0.47,Goal,Root/div/station,FAB_STN/CGO/CHA,2,No
FAB_STN,O,CHA,orig_typ,3,59.64,Goal,Root/div/station/orig_typ,FAB_STN/CGO/CHA/O,1,No
FAB_STN,D,O,dom_int,4,100.0,Goal,Root/div/station/orig_typ/dom_int,FAB_STN/CGO/CHA/O/D,0,Yes
FAB_STN,T,CHA,orig_typ,3,40.36,Goal,Root/div/station/orig_typ,FAB_STN/CGO/CHA/T,1,No
FAB_STN,D,T,dom_int,4,100.0,Goal,Root/div/station/orig_typ/dom_int,FAB_STN/CGO/CHA/T/D,0,Yes
FAB_STN,CHO,CGO,station,2,0.24,Goal,Root/div/station,FAB_STN/CGO/CHO,2,No
FAB_STN,O,CHO,orig_typ,3,79.87,Goal,Root/div/station/orig_typ,FAB_STN/CGO/CHO/O,1,No
FAB_STN,D,O,dom_int,4,100.0,Goal,Root/div/station/orig_typ/dom_int,FAB_STN/CGO/CHO/O/D,0,Yes
FAB_STN,T,CHO,orig_typ,3,20.13,Goal,Root/div/station/orig_typ,FAB_STN/CGO/CHO/T,1,No
FAB_STN,D,T,dom_int,4,100.0,Goal,Root/div/station/orig_typ/dom_int,FAB_STN/CGO/CHO/T/D,0,Yes
FAB_STN,CHS,CGO,station,2,0.03,Goal,Root/div/station,FAB_STN/CGO/CHS,2,No
FAB_STN,O,CHS,orig_typ,3,90.66,Goal,Root/div/station/orig_typ,FAB_STN/CGO/CHS/O,2,No
FAB_STN,D,O,dom_int,4,48.09,Goal,Root/div/station/orig_typ/dom_int,FAB_STN/CGO/CHS/O/D,0,Yes
FAB_STN,I,O,dom_int,4,51.91,Goal,Root/div/station/orig_typ/dom_int,FAB_STN/CGO/CHS/O/I,0,Yes
FAB_STN,T,CHS,orig_typ,3,9.34,Goal,Root/div/station/orig_typ,FAB_STN/CGO/CHS/T,1,No
FAB_STN,D,T,dom_int,4,100.0,Goal,Root/div/station/orig_typ/dom_int,FAB_STN/CGO/CHS/T/D,0,Yes
FAB_STN,CID,CGO,station,2,0.14,Goal,Root/div/station,FAB_STN/CGO/CID,2,No
FAB_STN,O,CID,orig_typ,3,89.34,Goal,Root/div/station/orig_typ,FAB_STN/CGO/CID/O,2,No
FAB_STN,D,O,dom_int,4,33.56,Goal,Root/div/station/orig_typ/dom_int,FAB_STN/CGO/CID/O/D,0,Yes
FAB_STN,I,O,dom_int,4,66.44,Goal,Root/div/station/orig_typ/dom_int,FAB_STN/CGO/CID/O/I,0,Yes
FAB_STN,T,CID,orig_typ,3,10.66,Goal,Root/div/station/orig_typ,FAB_STN/CGO/CID/T,1,No
FAB_STN,D,T,dom_int,4,100.0,Goal,Root/div/station/orig_typ/dom_int,FAB_STN/CGO/CID/T/D,0,Yes
FAB_STN,CIU,CGO,station,2,0.01,Goal,Root/div/station,FAB_STN/CGO/CIU,1,No
FAB_STN,O,CIU,orig_typ,3,100.0,Goal,Root/div/station/orig_typ,FAB_STN/CGO/CIU/O,1,No
FAB_STN,D,O,dom_int,4,100.0,Goal,Root/div/station/orig_typ/dom_int,FAB_STN/CGO/CIU/O/D,0,Yes
FAB_STN,CLE,CGO,station,2,0.16,Goal,Root/div/station,FAB_STN/CGO/CLE,2,No
FAB_STN,O,CLE,orig_typ,3,51.36,Goal,Root/div/station/orig_typ,FAB_STN/CGO/CLE/O,2,No
FAB_STN,D,O,dom_int,4,48.45,Goal,Root/div/station/orig_typ/dom_int,FAB_STN/CGO/CLE/O/D,0,Yes
FAB_STN,I,O,dom_int,4,51.55,Goal,Root/div/station/orig_typ/dom_int,FAB_STN/CGO/CLE/O/I,0,Yes
FAB_STN,T,CLE,orig_typ,3,48.64,Goal,Root/div/station/orig_typ,FAB_STN/CGO/CLE/T,2,No
FAB_STN,D,T,dom_int,4,35.44,Goal,Root/div/station/orig_typ/dom_int,FAB_STN/CGO/CLE/T/D,0,Yes
FAB_STN,I,T,dom_int,4,64.56,Goal,Root/div/station/orig_typ/dom_int,FAB_STN/CGO/CLE/T/I,0,Yes
FAB_STN,CLT,CGO,station,2,0.25,Goal,Root/div/station,FAB_STN/CGO/CLT,2,No
FAB_STN,O,CLT,orig_typ,3,35.07,Goal,Root/div/station/orig_typ,FAB_STN/CGO/CLT/O,2,No
FAB_STN,D,O,dom_int,4,67.65,Goal,Root/div/station/orig_typ/dom_int,FAB_STN/CGO/CLT/O/D,0,Yes
FAB_STN,I,O,dom_int,4,32.35,Goal,Root/div/station/orig_typ/dom_int,FAB_STN/CGO/CLT/O/I,0,Yes
FAB_STN,T,CLT,orig_typ,3,64.93,Goal,Root/div/station/orig_typ,FAB_STN/CGO/CLT/T,2,No
FAB_STN,D,T,dom_int,4,0.44,Goal,Root/div/station/orig_typ/dom_int,FAB_STN/CGO/CLT/T/D,0,Yes
FAB_STN,I,T,dom_int,4,99.56,Goal,Root/div/station/orig_typ/dom_int,FAB_STN/CGO/CLT/T/I,0,Yes
FAB_STN,CMH,CGO,station,2,0.25,Goal,Root/div/station,FAB_STN/CGO/CMH,2,No
FAB_STN,O,CMH,orig_typ,3,51.92,Goal,Root/div/station/orig_typ,FAB_STN/CGO/CMH/O,2,No
FAB_STN,D,O,dom_int,4,78.96,Goal,Root/div/station/orig_typ/dom_int,FAB_STN/CGO/CMH/O/D,0,Yes
FAB_STN,I,O,dom_int,4,21.04,Goal,Root/div/station/orig_typ/dom_int,FAB_STN/CGO/CMH/O/I,0,Yes
FAB_STN,T,CMH,orig_typ,3,48.08,Goal,Root/div/station/orig_typ,FAB_STN/CGO/CMH/T,1,No
FAB_STN,D,T,dom_int,4,100.0,Goal,Root/div/station/orig_typ/dom_int,FAB_STN/CGO/CMH/T/D,0,Yes
FAB_STN,COS,CGO,station,2,0.22,Goal,Root/div/station,FAB_STN/CGO/COS,1,No
FAB_STN,O,COS,orig_typ,3,100.0,Goal,Root/div/station/orig_typ,FAB_STN/CGO/COS/O,1,No
FAB_STN,D,O,dom_int,4,100.0,Goal,Root/div/station/orig_typ/dom_int,FAB_STN/CGO/COS/O/D,0,Yes
FAB_STN,CPH,CGO,station,2,0.41,Goal,Root/div/station,FAB_STN/CGO/CPH,2,No
FAB_STN,O,CPH,orig_typ,3,49.57,Goal,Root/div/station/orig_typ,FAB_STN/CGO/CPH/O,1,No
FAB_STN,I,O,dom_int,4,100.0,Goal,Root/div/station/orig_typ/dom_int,FAB_STN/CGO/CPH/O/I,0,Yes
FAB_STN,T,CPH,orig_typ,3,50.43,Goal,Root/div/station/orig_typ,FAB_STN/CGO/CPH/T,1,No
FAB_STN,I,T,dom_int,4,100.0,Goal,Root/div/station/orig_typ/dom_int,FAB_STN/CGO/CPH/T/I,0,Yes
FAB_STN,CPR,CGO,station,2,0.26,Goal,Root/div/station,FAB_STN/CGO/CPR,1,No
FAB_STN,O,CPR,orig_typ,3,100.0,Goal,Root/div/station/orig_typ,FAB_STN/CGO/CPR/O,1,No
FAB_STN,D,O,dom_int,4,100.0,Goal,Root/div/station/orig_typ/dom_int,FAB_STN/CGO/CPR/O/D,0,Yes
FAB_STN,CPT,CGO,station,2,0.38,Goal,Root/div/station,FAB_STN/CGO/CPT,2,No
FAB_STN,O,CPT,orig_typ,3,79.9,Goal,Root/div/station/orig_typ,FAB_STN/CGO/CPT/O,1,No
FAB_STN,I,O,dom_int,4,100.0,Goal,Root/div/station/orig_typ/dom_int,FAB_STN/CGO/CPT/O/I,0,Yes
FAB_STN,T,CPT,orig_typ,3,20.1,Goal,Root/div/station/orig_typ,FAB_STN/CGO/CPT/T,1,No
FAB_STN,I,T,dom_int,4,100.0,Goal,Root/div/station/orig_typ/dom_int,FAB_STN/CGO/CPT/T/I,0,Yes
FAB_STN,CRW,CGO,station,2,0.13,Goal,Root/div/station,FAB_STN/CGO/CRW,2,No
FAB_STN,O,CRW,orig_typ,3,24.45,Goal,Root/div/station/orig_typ,FAB_STN/CGO/CRW/O,1,No
FAB_STN,D,O,dom_int,4,100.0,Goal,Root/div/station/orig_typ/dom_int,FAB_STN/CGO/CRW/O/D,0,Yes
FAB_STN,T,CRW,orig_typ,3,75.55,Goal,Root/div/station/orig_typ,FAB_STN/CGO/CRW/T,1,No
FAB_STN,D,T,dom_int,4,100.0,Goal,Root/div/station/orig_typ/dom_int,FAB_STN/CGO/CRW/T/D,0,Yes
FAB_STN,CSG,CGO,station,2,0.09,Goal,Root/div/station,FAB_STN/CGO/CSG,1,No
FAB_STN,O,CSG,orig_typ,3,100.0,Goal,Root/div/station/orig_typ,FAB_STN/CGO/CSG/O,1,No
FAB_STN,D,O,dom_int,4,100.0,Goal,Root/div/station/orig_typ/dom_int,FAB_STN/CGO/CSG/O/D,0,Yes
FAB_STN,CUN,CGO,station,2,0.07,Goal,Root/div/station,FAB_STN/CGO/CUN,2,No
FAB_STN,O,CUN,orig_typ,3,89.15,Goal,Root/div/station/orig_typ,FAB_STN/CGO/CUN/O,1,No
FAB_STN,I,O,dom_int,4,100.0,Goal,Root/div/station/orig_typ/dom_int,FAB_STN/CGO/CUN/O/I,0,Yes
FAB_STN,T,CUN,orig_typ,3,10.85,Goal,Root/div/station/orig_typ,FAB_STN/CGO/CUN/T,1,No
FAB_STN,I,T,dom_int,4,100.0,Goal,Root/div/station/orig_typ/dom_int,FAB_STN/CGO/CUN/T/I,0,Yes
FAB_STN,CVG,CGO,station,2,0.25,Goal,Root/div/station,FAB_STN/CGO/CVG,2,No
FAB_STN,O,CVG,orig_typ,3,53.38,Goal,Root/div/station/orig_typ,FAB_STN/CGO/CVG/O,2,No
FAB_STN,D,O,dom_int,4,53.45,Goal,Root/div/station/orig_typ/dom_int,FAB_STN/CGO/CVG/O/D,0,Yes
FAB_STN,I,O,dom_int,4,46.55,Goal,Root/div/station/orig_typ/dom_int,FAB_STN/CGO/CVG/O/I,0,Yes
FAB_STN,T,CVG,orig_typ,3,46.62,Goal,Root/div/station/orig_typ,FAB_STN/CGO/CVG/T,2,No
FAB_STN,D,T,dom_int,4,41.34,Goal,Root/div/station/orig_typ/dom_int,FAB_STN/CGO/CVG/T/D,0,Yes
FAB_STN,I,T,dom_int,4,58.66,Goal,Root/div/station/orig_typ/dom_int,FAB_STN/CGO/CVG/T/I,0,Yes
FAB_STN,CWA,CGO,station,2,0.27,Goal,Root/div/station,FAB_STN/CGO/CWA,2,No
FAB_STN,O,CWA,orig_typ,3,22.71,Goal,Root/div/station/orig_typ,FAB_STN/CGO/CWA/O,1,No
FAB_STN,D,O,dom_int,4,100.0,Goal,Root/div/station/orig_typ/dom_int,FAB_STN/CGO/CWA/O/D,0,Yes
FAB_STN,T,CWA,orig_typ,3,77.29,Goal,Root/div/station/orig_typ,FAB_STN/CGO/CWA/T,1,No
FAB_STN,D,T,dom_int,4,100.0,Goal,Root/div/station/orig_typ/dom_int,FAB_STN/CGO/CWA/T/D,0,Yes
FAB_STN,DAB,CGO,station,2,0.4,Goal,Root/div/station,FAB_STN/CGO/DAB,1,No
FAB_STN,O,DAB,orig_typ,3,100.0,Goal,Root/div/station/orig_typ,FAB_STN/CGO/DAB/O,2,No
FAB_STN,D,O,dom_int,4,3.66,Goal,Root/div/station/orig_typ/dom_int,FAB_STN/CGO/DAB/O/D,0,Yes
FAB_STN,I,O,dom_int,4,96.34,Goal,Root/div/station/orig_typ/dom_int,FAB_STN/CGO/DAB/O/I,0,Yes
FAB_STN,DAL,CGO,station,2,0.42,Goal,Root/div/station,FAB_STN/CGO/DAL,1,No
FAB_STN,O,DAL,orig_typ,3,100.0,Goal,Root/div/station/orig_typ,FAB_STN/CGO/DAL/O,1,No
FAB_STN,D,O,dom_int,4,100.0,Goal,Root/div/station/orig_typ/dom_int,FAB_STN/CGO/DAL/O/D,0,Yes
FAB_STN,DAY,CGO,station,2,0.39,Goal,Root/div/station,FAB_STN/CGO/DAY,2,No
FAB_STN,O,DAY,orig_typ,3,79.15,Goal,Root/div/station/orig_typ,FAB_STN/CGO/DAY/O,2,No
FAB_STN,D,O,dom_int,4,45.1,Goal,Root/div/station/orig_typ/dom_int,FAB_STN/CGO/DAY/O/D,0,Yes
FAB_STN,I,O,dom_int,4,54.9,Goal,Root/div/station/orig_typ/dom_int,FAB_STN/CGO/DAY/O/I,0,Yes
FAB_STN,T,DAY,orig_typ,3,20.85,Goal,Root/div/station/orig_typ,FAB_STN/CGO/DAY/T,2,No
FAB_STN,D,T,dom_int,4,39.07,Goal,Root/div/station/orig_typ/dom_int,FAB_STN/CGO/DAY/T/D,0,Yes
FAB_STN,I,T,dom_int,4,60.93,Goal,Root/div/station/orig_typ/dom_int,FAB_STN/CGO/DAY/T/I,0,Yes
FAB_STN,DCA,CGO,station,2,0.24,Goal,Root/div/station,FAB_STN/CGO/DCA,2,No
FAB_STN,O,DCA,orig_typ,3,6.9,Goal,Root/div/station/orig_typ,FAB_STN/CGO/DCA/O,2,No
FAB_STN,D,O,dom_int,4,4.51,Goal,Root/div/station/orig_typ/dom_int,FAB_STN/CGO/DCA/O/D,0,Yes
FAB_STN,I,O,dom_int,4,95.49,Goal,Root/div/station/orig_typ/dom_int,FAB_STN/CGO/DCA/O/I,0,Yes
FAB_STN,T,DCA,orig_typ,3,93.1,Goal,Root/div/station/orig_typ,FAB_STN/CGO/DCA/T,2,No
FAB_STN,D,T,dom_int,4,43.58,Goal,Root/div/station/orig_typ/dom_int,FAB_STN/CGO/DCA/T/D,0,Yes
FAB_STN,I,T,dom_int,4,56.42,Goal,Root/div/station/orig_typ/dom_int,FAB_STN/CGO/DCA/T/I,0,Yes
FAB_STN,DEN,CGO,station,2,0.17,Goal,Root/div/station,FAB_STN/CGO/DEN,2,No
FAB_STN,O,DEN,orig_typ,3,95.23,Goal,Root/div/station/orig_typ,FAB_STN/CGO/DEN/O,2,No
FAB_STN,D,O,dom_int,4,9.48,Goal,Root/div/station/orig_typ/dom_int,FAB_STN/CGO/DEN/O/D,0,Yes
FAB_STN,I,O,dom_int,4,90.52,Goal,Root/div/station/orig_typ/dom_int,FAB_STN/CGO/DEN/O/I,0,Yes
FAB_STN,T,DEN,orig_typ,3,4.77,Goal,Root/div/station/orig_typ,FAB_STN/CGO/DEN/T,2,No
FAB_STN,D,T,dom_int,4,61.66,Goal,Root/div/station/orig_typ/dom_int,FAB_STN/CGO/DEN/T/D,0,Yes
FAB_STN,I,T,dom_int,4,38.34,Goal,Root/div/station/orig_typ/dom_int,FAB_STN/CGO/DEN/T/I,0,Yes
FAB_STN,DFW,CGO,station,2,0.22,Goal,Root/div/station,FAB_STN/CGO/DFW,2,No
FAB_STN,O,DFW,orig_typ,3,61.54,Goal,Root/div/station/orig_typ,FAB_STN/CGO/DFW/O,2,No
FAB_STN,D,O,dom_int,4,77.98,Goal,Root/div/station/orig_typ/dom_int,FAB_STN/CGO/DFW/O/D,0,Yes
FAB_STN,I,O,dom_int,4,22.02,Goal,Root/div/station/orig_typ/dom_int,FAB_STN/CGO/DFW/O/I,0,Yes
FAB_STN,T,DFW,orig_typ,3,38.46,Goal,Root/div/station/orig_typ,FAB_STN/CGO/DFW/T,2,No
FAB_STN,D,T,dom_int,4,15.95,Goal,Root/div/station/orig_typ/dom_int,FAB_STN/CGO/DFW/T/D,0,Yes
FAB_STN,I,T,dom_int,4,84.05,Goal,Root/div/station/orig_typ/dom_int,FAB_STN/CGO/DFW/T/I,0,Yes
FAB_STN,DHN,CGO,station,2,0.41,Goal,Root/div/station,FAB_STN/CGO/DHN,1,No
FAB_STN,O,DHN,orig_typ,3,100.0,Goal,Root/div/station/orig_typ,FAB_STN/CGO/DHN/O,1,No
FAB_STN,D,O,dom_int,4,100.0,Goal,Root/div/station/orig_typ/dom_int,FAB_STN/CGO/DHN/O/D,0,Yes
FAB_STN,DLH,CGO,station,2,0.22,Goal,Root/div/station,FAB_STN/CGO/DLH,1,No
FAB_STN,O,DLH,orig_typ,3,100.0,Goal,Root/div/station/orig_typ,FAB_STN/CGO/DLH/O,1,No
FAB_STN,D,O,dom_int,4,100.0,Goal,Root/div/station/orig_typ/dom_int,FAB_STN/CGO/DLH/O/D,0,Yes
FAB_STN,DRS,CGO,station,2,0.1,Goal,Root/div/station,FAB_STN/CGO/DRS,1,No
FAB_STN,O,DRS,orig_typ,3,100.0,Goal,Root/div/station/orig_typ,FAB_STN/CGO/DRS/O,1,No
FAB_STN,I,O,dom_int,4,100.0,Goal,Root/div/station/orig_typ/dom_int,FAB_STN/CGO/DRS/O/I,0,Yes
FAB_STN,DSM,CGO,station,2,0.21,Goal,Root/div/station,FAB_STN/CGO/DSM,2,No
FAB_STN,O,DSM,orig_typ,3,77.7,Goal,Root/div/station/orig_typ,FAB_STN/CGO/DSM/O,2,No
FAB_STN,D,O,dom_int,4,60.02,Goal,Root/div/station/orig_typ/dom_int,FAB_STN/CGO/DSM/O/D,0,Yes
FAB_STN,I,O,dom_int,4,39.98,Goal,Root/div/station/orig_typ/dom_int,FAB_STN/CGO/DSM/O/I,0,Yes
FAB_STN,T,DSM,orig_typ,3,22.3,Goal,Root/div/station/orig_typ,FAB_STN/CGO/DSM/T,2,No
FAB_STN,D,T,dom_int,4,76.8,Goal,Root/div/station/orig_typ/dom_int,FAB_STN/CGO/DSM/T/D,0,Yes
FAB_STN,I,T,dom_int,4,23.2,Goal,Root/div/station/orig_typ/dom_int,FAB_STN/CGO/DSM/T/I,0,Yes
FAB_STN,DSS,CGO,station,2,0.24,Goal,Root/div/station,FAB_STN/CGO/DSS,2,No
FAB_STN,O,DSS,orig_typ,3,57.33,Goal,Root/div/station/orig_typ,FAB_STN/CGO/DSS/O,1,No
FAB_STN,I,O,dom_int,4,100.0,Goal,Root/div/station/orig_typ/dom_int,FAB_STN/CGO/DSS/O/I,0,Yes
FAB_STN,T,DSS,orig_typ,3,42.67,Goal,Root/div/station/orig_typ,FAB_STN/CGO/DSS/T,1,No
FAB_STN,I,T,dom_int,4,100.0,Goal,Root/div/station/orig_typ/dom_int,FAB_STN/CGO/DSS/T/I,0,Yes
FAB_STN,DTW,CGO,station,2,0.38,Goal,Root/div/station,FAB_STN/CGO/DTW,2,No
FAB_STN,O,DTW,orig_typ,3,55.63,Goal,Root/div/station/orig_typ,FAB_STN/CGO/DTW/O,2,No
FAB_STN,D,O,dom_int,4,57.2,Goal,Root/div/station/orig_typ/dom_int,FAB_STN/CGO/DTW/O/D,0,Yes
FAB_STN,I,O,dom_int,4,42.8,Goal,Root/div/station/orig_typ/dom_int,FAB_STN/CGO/DTW/O/I,0,Yes
FAB_STN,T,DTW,orig_typ,3,44.37,Goal,Root/div/station/orig_typ,FAB_STN/CGO/DTW/T,2,No
FAB_STN,D,T,dom_int,4,33.84,Goal,Root/div/station/orig_typ/dom_int,FAB_STN/CGO/DTW/T/D,0,Yes
FAB_STN,I,T,dom_int,4,66.16,Goal,Root/div/station/orig_typ/dom_int,FAB_STN/CGO/DTW/T/I,0,Yes
FAB_STN,DUB,CGO,station,2,0.28,Goal,Root/div/station,FAB_STN/CGO/DUB,2,No
FAB_STN,O,DUB,orig_typ,3,50.68,Goal,Root/div/station/orig_typ,FAB_STN/CGO/DUB/O,1,No
FAB_STN,I,O,dom_int,4,100.0,Goal,Root/div/station/orig_typ/dom_int,FAB_STN/CGO/DUB/O/I,0,Yes
FAB_STN,T,DUB,orig_typ,3,49.32,Goal,Root/div/station/orig_typ,FAB_STN/CGO/DUB/T,1,No
FAB_STN,I,T,dom_int,4,100.0,Goal,Root/div/station/orig_typ/dom_int,FAB_STN/CGO/DUB/T/I,0,Yes
FAB_STN,DUS,CGO,station,2,0.01,Goal,Root/div/station,FAB_STN/CGO/DUS,2,No
FAB_STN,O,DUS,orig_typ,3,6.62,Goal,Root/div/station/orig_typ,FAB_STN/CGO/DUS/O,1,No
FAB_STN,I,O,dom_int,4,100.0,Goal,Root/div/station/orig_typ/dom_int,FAB_STN/CGO/DUS/O/I,0,Yes
FAB_STN,T,DUS,orig_typ,3,93.38,Goal,Root/div/station/orig_typ,FAB_STN/CGO/DUS/T,1,No
FAB_STN,I,T,dom_int,4,100.0,Goal,Root/div/station/orig_typ/dom_int,FAB_STN/CGO/DUS/T/I,0,Yes
FAB_STN,ECP,CGO,station,2,0.21,Goal,Root/div/station,FAB_STN/CGO/ECP,1,No
FAB_STN,O,ECP,orig_typ,3,100.0,Goal,Root/div/station/orig_typ,FAB_STN/CGO/ECP/O,2,No
FAB_STN,D,O,dom_int,4,43.39,Goal,Root/div/station/orig_typ/dom_int,FAB_STN/CGO/ECP/O/D,0,Yes
FAB_STN,I,O,dom_int,4,56.61,Goal,Root/div/station/orig_typ/dom_int,FAB_STN/CGO/ECP/O/I,0,Yes
FAB_STN,EDI,CGO,station,2,0.03,Goal,Root/div/station,FAB_STN/CGO/EDI,2,No
FAB_STN,O,EDI,orig_typ,3,64.68,Goal,Root/div/station/orig_typ,FAB_STN/CGO/EDI/O,1,No
FAB_STN,I,O,dom_int,4,100.0,Goal,Root/div/station/orig_typ/dom_int,FAB_STN/CGO/EDI/O/I,0,Yes
FAB_STN,T,EDI,orig_typ,3,35.32,Goal,Root/div/station/orig_typ,FAB_STN/CGO/EDI/T,1,No
FAB_STN,I,T,dom_int,4,100.0,Goal,Root/div/station/orig_typ/dom_int,FAB_STN/CGO/EDI/T/I,0,Yes
FAB_STN,EKO,CGO,station,2,0.13,Goal,Root/div/station,FAB_STN/CGO/EKO,2,No
FAB_STN,O,EKO,orig_typ,3,66.36,Goal,Root/div/station/orig_typ,FAB_STN/CGO/EKO/O,1,No
FAB_STN,D,O,dom_int,4,100.0,Goal,Root/div/station/orig_typ/dom_int,FAB_STN/CGO/EKO/O/D,0,Yes
FAB_STN,T,EKO,orig_typ,3,33.64,Goal,Root/div/station/orig_typ,FAB_STN/CGO/EKO/T,1,No
FAB_STN,D,T,dom_int,4,100.0,Goal,Root/div/station/orig_typ/dom_int,FAB_STN/CGO/EKO/T/D,0,Yes
FAB_STN,ELM,CGO,station,2,0.05,Goal,Root/div/station,FAB_STN/CGO/ELM,1,No
FAB_STN,O,ELM,orig_typ,3,100.0,Goal,Root/div/station/orig_typ,FAB_STN/CGO/ELM/O,1,No
FAB_STN,D,O,dom_int,4,100.0,Goal,Root/div/station/orig_typ/dom_int,FAB_STN/CGO/ELM/O/D,0,Yes
FAB_STN,ELP,CGO,station,2,0.21,Goal,Root/div/station,FAB_STN/CGO/ELP,1,No
FAB_STN,O,ELP,orig_typ,3,100.0,Goal,Root/div/station/orig_typ,FAB_STN/CGO/ELP/O,2,No
FAB_STN,D,O,dom_int,4,43.05,Goal,Root/div/station/orig_typ/dom_int,FAB_STN/CGO/ELP/O/D,0,Yes
FAB_STN,I,O,dom_int,4,56.95,Goal,Root/div/station/orig_typ/dom_int,FAB_STN/CGO/ELP/O/I,0,Yes
FAB_STN,EMA,CGO,station,2,0.24,Goal,Root/div/station,FAB_STN/CGO/EMA,2,No
FAB_STN,O,EMA,orig_typ,3,50.31,Goal,Root/div/station/orig_typ,FAB_STN/CGO/EMA/O,1,No
FAB_STN,I,O,dom_int,4,100.0,Goal,Root/div/station/orig_typ/dom_int,FAB_STN/CGO/EMA/O/I,0,Yes
FAB_STN,T,EMA,orig_typ,3,49.69,Goal,Root/div/station/orig_typ,FAB_STN/CGO/EMA/T,1,No
FAB_STN,I,T,dom_int,4,100.0,Goal,Root/div/station/orig_typ/dom_int,FAB_STN/CGO/EMA/T/I,0,Yes
FAB_STN,ERI,CGO,station,2,0.45,Goal,Root/div/station,FAB_STN/CGO/ERI,1,No
FAB_STN,O,ERI,orig_typ,3,100.0,Goal,Root/div/station/orig_typ,FAB_STN/CGO/ERI/O,1,No
FAB_STN,D,O,dom_int,4,100.0,Goal,Root/div/station/orig_typ/dom_int,FAB_STN/CGO/ERI/O/D,0,Yes
FAB_STN,ESC,CGO,station,2,0.28,Goal,Root/div/station,FAB_STN/CGO/ESC,1,No
FAB_STN,O,ESC,orig_typ,3,100.0,Goal,Root/div/station/orig_typ,FAB_STN/CGO/ESC/O,1,No
FAB_STN,D,O,dom_int,4,100.0,Goal,Root/div/station/orig_typ/dom_int,FAB_STN/CGO/ESC/O/D,0,Yes
FAB_STN,EUG,CGO,station,2,0.06,Goal,Root/div/station,FAB_STN/CGO/EUG,2,No
FAB_STN,O,EUG,orig_typ,3,77.71,Goal,Root/div/station/orig_typ,FAB_STN/CGO/EUG/O,1,No
FAB_STN,D,O,dom_int,4,100.0,Goal,Root/div/station/orig_typ/dom_int,FAB_STN/CGO/EUG/O/D,0,Yes
FAB_STN,T,EUG,orig_typ,3,22.29,Goal,Root/div/station/orig_typ,FAB_STN/CGO/EUG/T,1,No
FAB_STN,D,T,dom_int,4,100.0,Goal,Root/div/station/orig_typ/dom_int,FAB_STN/CGO/EUG/T/D,0,Yes
FAB_STN,EVV,CGO,station,2,0.17,Goal,Root/div/station,FAB_STN/CGO/EVV,2,No
FAB_STN,O,EVV,orig_typ,3,20.11,Goal,Root/div/station/orig_typ,FAB_STN/CGO/EVV/O,1,No
FAB_STN,D,O,dom_int,4,100.0,Goal,Root/div/station/orig_typ/dom_int,FAB_STN/CGO/EVV/O/D,0,Yes
FAB_STN,T,EVV,orig_typ,3,79.89,Goal,Root/div/station/orig_typ,FAB_STN/CGO/EVV/T,1,No
FAB_STN,D,T,dom_int,4,100.0,Goal,Root/div/station/orig_typ/dom_int,FAB_STN/CGO/EVV/T/D,0,Yes
FAB_STN,EWN,CGO,station,2,0.37,Goal,Root/div/station,FAB_STN/CGO/EWN,1,No
FAB_STN,O,EWN,orig_typ,3,100.0,Goal,Root/div/station/orig_typ,FAB_STN/CGO/EWN/O,1,No
FAB_STN,D,O,dom_int,4,100.0,Goal,Root/div/station/orig_typ/dom_int,FAB_STN/CGO/EWN/O/D,0,Yes
FAB_STN,EWR,CGO,station,2,0.26,Goal,Root/div/station,FAB_STN/CGO/EWR,2,No
FAB_STN,O,EWR,orig_typ,3,70.58,Goal,Root/div/station/orig_typ,FAB_STN/CGO/EWR/O,2,No
FAB_STN,D,O,dom_int,4,54.41,Goal,Root/div/station/orig_typ/dom_int,FAB_STN/CGO/EWR/O/D,0,Yes
FAB_STN,I,O,dom_int,4,45.59,Goal,Root/div/station/orig_typ/dom_int,FAB_STN/CGO/EWR/O/I,0,Yes
FAB_STN,T,EWR,orig_typ,3,29.42,Goal,Root/div/station/orig_typ,FAB_STN/CGO/EWR/T,2,No
FAB_STN,D,T,dom_int,4,40.47,Goal,Root/div/station/orig_typ/dom_int,FAB_STN/CGO/EWR/T/D,0,Yes
FAB_STN,I,T,dom_int,4,59.53,Goal,Root/div/station/orig_typ/dom_int,FAB_STN/CGO/EWR/T/I,0,Yes
FAB_STN,EYW,CGO,station,2,0.11,Goal,Root/div/station,FAB_STN/CGO/EYW,1,No
FAB_STN,O,EYW,orig_typ,3,100.0,Goal,Root/div/station/orig_typ,FAB_STN/CGO/EYW/O,1,No
FAB_STN,D,O,dom_int,4,100.0,Goal,Root/div/station/orig_typ/dom_int,FAB_STN/CGO/EYW/O/D,0,Yes
FAB_STN,EZE,CGO,station,2,0.42,Goal,Root/div/station,FAB_STN/CGO/EZE,2,No
FAB_STN,O,EZE,orig_typ,3,69.0,Goal,Root/div/station/orig_typ,FAB_STN/CGO/EZE/O,1,No
FAB_STN,I,O,dom_int,4,100.0,Goal,Root/div/station/orig_typ/dom_int,FAB_STN/CGO/EZE/O/I,0,Yes
FAB_STN,T,EZE,orig_typ,3,31.0,Goal,Root/div/station/orig_typ,FAB_STN/CGO/EZE/T,1,No
FAB_STN,I,T,dom_int,4,100.0,Goal,Root/div/station/orig_typ/dom_int,FAB_STN/CGO/EZE/T/I,0,Yes
FAB_STN,FAI,CGO,station,2,0.34,Goal,Root/div/station,FAB_STN/CGO/FAI,1,No
FAB_STN,O,FAI,orig_typ,3,100.0,Goal,Root/div/station/orig_typ,FAB_STN/CGO/FAI/O,1,No
FAB_STN,D,O,dom_int,4,100.0,Goal,Root/div/station/orig_typ/dom_int,FAB_STN/CGO/FAI/O/D,0,Yes
FAB_STN,FAR,CGO,station,2,0.13,Goal,Root/div/station,FAB_STN/CGO/FAR,2,No
FAB_STN,O,FAR,orig_typ,3,64.43,Goal,Root/div/station/orig_typ,FAB_STN/CGO/FAR/O,2,No
FAB_STN,D,O,dom_int,4,10.3,Goal,Root/div/station/orig_typ/dom_int,FAB_STN/CGO/FAR/O/D,0,Yes
FAB_STN,I,O,dom_int,4,89.7,Goal,Root/div/station/orig_typ/dom_int,FAB_STN/CGO/FAR/O/I,0,Yes
FAB_STN,T,FAR,orig_typ,3,35.57,Goal,Root/div/station/orig_typ,FAB_STN/CGO/FAR/T,1,No
FAB_STN,D,T,dom_int,4,100.0,Goal,Root/div/station/orig_typ/dom_int,FAB_STN/CGO/FAR/T/D,0,Yes
FAB_STN,FAT,CGO,station,2,0.39,Goal,Root/div/station,FAB_STN/CGO/FAT,2,No
FAB_STN,O,FAT,orig_typ,3,74.11,Goal,Root/div/station/orig_typ,FAB_STN/CGO/FAT/O,1,No
FAB_STN,D,O,dom_int,4,100.0,Goal,Root/div/station/orig_typ/dom_int,FAB_STN/CGO/FAT/O/D,0,Yes
FAB_STN,T,FAT,orig_typ,3,25.89,Goal,Root/div/station/orig_typ,FAB_STN/CGO/FAT/T,1,No
FAB_STN,D,T,dom_int,4,100.0,Goal,Root/div/station/orig_typ/dom_int,FAB_STN/CGO/FAT/T/D,0,Yes
FAB_STN,FAY,CGO,station,2,0.15,Goal,Root/div/station,FAB_STN/CGO/FAY,1,No
FAB_STN,O,FAY,orig_typ,3,100.0,Goal,Root/div/station/orig_typ,FAB_STN/CGO/FAY/O,2,No
FAB_STN,D,O,dom_int,4,5.57,Goal,Root/div/station/orig_typ/dom_int,FAB_STN/CGO/FAY/O/D,0,Yes
FAB_STN,I,O,dom_int,4,94.43,Goal,Root/div/station/orig_typ/dom_int,FAB_STN/CGO/FAY/O/I,0,Yes
FAB_STN,FCA,CGO,station,2,0.23,Goal,Root/div/station,FAB_STN/CGO/FCA,1,No
FAB_STN,O,FCA,orig_typ,3,100.0,Goal,Root/div/station/orig_typ,FAB_STN/CGO/FCA/O,1,No
FAB_STN,D,O,dom_int,4,100.0,Goal,Root/div/station/orig_typ/dom_int,FAB_STN/CGO/FCA/O/D,0,Yes
FAB_STN,FCO,CGO,station,2,0.01,Goal,Root/div/station,FAB_STN/CGO/FCO,2,No
FAB_STN,O,FCO,orig_typ,3,35.68,Goal,Root/div/station/orig_typ,FAB_STN/CGO/FCO/O,1,No
FAB_STN,I,O,dom_int,4,100.0,Goal,Root/div/station/orig_typ/dom_int,FAB_STN/CGO/FCO/O/I,0,Yes
FAB_STN,T,FCO,orig_typ,3,64.32,Goal,Root/div/station/orig_typ,FAB_STN/CGO/FCO/T,1,No
FAB_STN,I,T,dom_int,4,100.0,Goal,Root/div/station/orig_typ/dom_int,FAB_STN/CGO/FCO/T/I,0,Yes
FAB_STN,FLL,CGO,station,2,0.18,Goal,Root/div/station,FAB_STN/CGO/FLL,2,No
FAB_STN,O,FLL,orig_typ,3,52.27,Goal,Root/div/station/orig_typ,FAB_STN/CGO/FLL/O,2,No
FAB_STN,D,O,dom_int,4,71.15,Goal,Root/div/station/orig_typ/dom_int,FAB_STN/CGO/FLL/O/D,0,Yes
FAB_STN,I,O,dom_int,4,28.85,Goal,Root/div/station/orig_typ/dom_int,FAB_STN/CGO/FLL/O/I,0,Yes
FAB_STN,T,FLL,orig_typ,3,47.73,Goal,Root/div/station/orig_typ,FAB_STN/CGO/FLL/T,2,No
FAB_STN,D,T,dom_int,4,58.32,Goal,Root/div/station/orig_typ/dom_int,FAB_STN/CGO/FLL/T/D,0,Yes
FAB_STN,I,T,dom_int,4,41.68,Goal,Root/div/station/orig_typ/dom_int,FAB_STN/CGO/FLL/T/I,0,Yes
FAB_STN,FLR,CGO,station,2,0.14,Goal,Root/div/station,FAB_STN/CGO/FLR,2,No
FAB_STN,O,FLR,orig_typ,3,48.91,Goal,Root/div/station/orig_typ,FAB_STN/CGO/FLR/O,2,No
FAB_STN,D,O,dom_int,4,25.45,Goal,Root/div/station/orig_typ/dom_int,FAB_STN/CGO/FLR/O/D,0,Yes
FAB_STN,I,O,dom_int,4,74.55,Goal,Root/div/station/orig_typ/dom_int,FAB_STN/CGO/FLR/O/I,0,Yes
FAB_STN,T,FLR,orig_typ,3,51.09,Goal,Root/div/station/orig_typ,FAB_STN/CGO/FLR/T,1,No
FAB_STN,I,T,dom_int,4,100.0,Goal,Root/div/station/orig_typ/dom_int,FAB_STN/CGO/FLR/T/I,0,Yes
FAB_STN,FMO,CGO,station,2,0.15,Goal,Root/div/station,FAB_STN/CGO/FMO,1,No
FAB_STN,O,FMO,orig_typ,3,100.0,Goal,Root/div/station/orig_typ,FAB_STN/CGO/FMO/O,1,No
FAB_STN,I,O,dom_int,4,100.0,Goal,Root/div/station/orig_typ/dom_int,FAB_STN/CGO/FMO/O/I,0,Yes
FAB_STN,FNT,CGO,station,2,0.06,Goal,Root/div/station,FAB_STN/CGO/FNT,1,No
FAB_STN,O,FNT,orig_typ,3,100.0,Goal,Root/div/station/orig_typ,FAB_STN/CGO/FNT/O,1,No
FAB_STN,D,O,dom_int,4,100.0,Goal,Root/div/station/orig_typ/dom_int,FAB_STN/CGO/FNT/O/D,0,Yes
FAB_STN,FRA,CGO,station,2,0.05,Goal,Root/div/station,FAB_STN/CGO/FRA,2,No
FAB_STN,O,FRA,orig_typ,3,52.27,Goal,Root/div/station/orig_typ,FAB_STN/CGO/FRA/O,1,No
FAB_STN,I,O,dom_int,4,100.0,Goal,Root/div/station/orig_typ/dom_int,FAB_STN/CGO/FRA/O/I,0,Yes
FAB_STN,T,FRA,orig_typ,3,47.73,Goal,Root/div/station/orig_typ,FAB_STN/CGO/FRA/T,1,No
FAB_STN,I,T,dom_int,4,100.0,Goal,Root/div/station/orig_typ/dom_int,FAB_STN/CGO/FRA/T/I,0,Yes
FAB_STN,FSD,CGO,station,2,0.12,Goal,Root/div/station,FAB_STN/CGO/FSD,2,No
FAB_STN,O,FSD,orig_typ,3,64.1,Goal,Root/div/station/orig_typ,FAB_STN/CGO/FSD/O,1,No
FAB_STN,D,O,dom_int,4,100.0,Goal,Root/div/station/orig_typ/dom_int,FAB_STN/CGO/FSD/O/D,0,Yes
FAB_STN,T,FSD,orig_typ,3,35.9,Goal,Root/div/station/orig_typ,FAB_STN/CGO/FSD/T,1,No
FAB_STN,D,T,dom_int,4,100.0,Goal,Root/div/station/orig_typ/dom_int,FAB_STN/CGO/FSD/T/D,0,Yes
FAB_STN,FSM,CGO,station,2,0.18,Goal,Root/div/station,FAB_STN/CGO/FSM,1,No
FAB_STN,O,FSM,orig_typ,3,100.0,Goal,Root/div/station/orig_typ,FAB_STN/CGO/FSM/O,1,No
FAB_STN,D,O,dom_int,4,100.0,Goal,Root/div/station/orig_typ/dom_int,FAB_STN/CGO/FSM/O/D,0,Yes
FAB_STN,FUK,CGO,station,2,0.3,Goal,Root/div/station,FAB_STN/CGO/FUK,2,No
FAB_STN,O,FUK,orig_typ,3,6.17,Goal,Root/div/station/orig_typ,FAB_STN/CGO/FUK/O,1,No
FAB_STN,I,O,dom_int,4,100.0,Goal,Root/div/station/orig_typ/dom_int,FAB_STN/CGO/FUK/O/I,0,Yes
FAB_STN,T,FUK,orig_typ,3,93.83,Goal,Root/div/station/orig_typ,FAB_STN/CGO/FUK/T,1,No
FAB_STN,I,T,dom_int,4,100.0,Goal,Root/div/station/orig_typ/dom_int,FAB_STN/CGO/FUK/T/I,0,Yes
FAB_STN,FWA,CGO,station,2,0.13,Goal,Root/div/station,FAB_STN/CGO/FWA,2,No
FAB_STN,O,FWA,orig_typ,3,35.75,Goal,Root/div/station/orig_typ,FAB_STN/CGO/FWA/O,1,No
FAB_STN,D,O,dom_int,4,100.0,Goal,Root/div/station/orig_typ/dom_int,FAB_STN/CGO/FWA/O/D,0,Yes
FAB_STN,T,FWA,orig_typ,3,64.25,Goal,Root/div/station/orig_typ,FAB_STN/CGO/FWA/T,1,No
FAB_STN,D,T,dom_int,4,100.0,Goal,Root/div/station/orig_typ/dom_int,FAB_STN/CGO/FWA/T/D,0,Yes
FAB_STN,GDL,CGO,station,2,0.44,Goal,Root/div/station,FAB_STN/CGO/GDL,2,No
FAB_STN,O,GDL,orig_typ,3,37.43,Goal,Root/div/station/orig_typ,FAB_STN/CGO/GDL/O,1,No
FAB_STN,I,O,dom_int,4,100.0,Goal,Root/div/station/orig_typ/dom_int,FAB_STN/CGO/GDL/O/I,0,Yes
FAB_STN,T,GDL,orig_typ,3,62.57,Goal,Root/div/station/orig_typ,FAB_STN/CGO/GDL/T,1,No
FAB_STN,I,T,dom_int,4,100.0,Goal,Root/div/station/orig_typ/dom_int,FAB_STN/CGO/GDL/T/I,0,Yes
FAB_STN,GEG,CGO,station,2,0.24,Goal,Root/div/station,FAB_STN/CGO/GEG,2,No
FAB_STN,O,GEG,orig_typ,3,16.93,Goal,Root/div/station/orig_typ,FAB_STN/CGO/GEG/O,2,No
FAB_STN,D,O,dom_int,4,85.05,Goal,Root/div/station/orig_typ/dom_int,FAB_STN/CGO/GEG/O/D,0,Yes
FAB_STN,I,O,dom_int,4,14.95,Goal,Root/div/station/orig_typ/dom_int,FAB_STN/CGO/GEG/O/I,0,Yes
FAB_STN,T,GEG,orig_typ,3,83.07,Goal,Root/div/station/orig_typ,FAB_STN/CGO/GEG/T,1,No
FAB_STN,D,T,dom_int,4,100.0,Goal,Root/div/station/orig_typ/dom_int,FAB_STN/CGO/GEG/T/D,0,Yes
FAB_STN,GFK,CGO,station,2,0.06,Goal,Root/div/station,FAB_STN/CGO/GFK,1,No
FAB_STN,O,GFK,orig_typ,3,100.0,Goal,Root/div/station/orig_typ,FAB_STN/CGO/GFK/O,1,No
FAB_STN,D,O,dom_int,4,100.0,Goal,Root/div/station/orig_typ/dom_int,FAB_STN/CGO/GFK/O/D,0,Yes
FAB_STN,GIG,CGO,station,2,0.2,Goal,Root/div/station,FAB_STN/CGO/GIG,2,No
FAB_STN,O,GIG,orig_typ,3,20.28,Goal,Root/div/station/orig_typ,FAB_STN/CGO/GIG/O,1,No
FAB_STN,I,O,dom_int,4,100.0,Goal,Root/div/station/orig_typ/dom_int,FAB_STN/CGO/GIG/O/I,0,Yes
FAB_STN,T,GIG,orig_typ,3,79.72,Goal,Root/div/station/orig_typ,FAB_STN/CGO/GIG/T,1,No
FAB_STN,I,T,dom_int,4,100.0,Goal,Root/div/station/orig_typ/dom_int,FAB_STN/CGO/GIG/T/I,0,Yes
FAB_STN,GJT,CGO,station,2,0.03,Goal,Root/div/station,FAB_STN/CGO/GJT,1,No
FAB_STN,O,GJT,orig_typ,3,100.0,Goal,Root/div/station/orig_typ,FAB_STN/CGO/GJT/O,1,No
FAB_STN,D,O,dom_int,4,100.0,Goal,Root/div/station/orig_typ/dom_int,FAB_STN/CGO/GJT/O/D,0,Yes
FAB_STN,GLA,CGO,station,2,0.16,Goal,Root/div/station,FAB_STN/CGO/GLA,2,No
FAB_STN,O,GLA,orig_typ,3,15.57,Goal,Root/div/station/orig_typ,FAB_STN/CGO/GLA/O,1,No
FAB_STN,I,O,dom_int,4,100.0,Goal,Root/div/station/orig_typ/dom_int,FAB_STN/CGO/GLA/O/I,0,Yes
FAB_STN,T,GLA,orig_typ,3,84.43,Goal,Root/div/station/orig_typ,FAB_STN/CGO/GLA/T,1,No
FAB_STN,I,T,dom_int,4,100.0,Goal,Root/div/station/orig_typ/dom_int,FAB_STN/CGO/GLA/T/I,0,Yes
FAB_STN,GNV,CGO,station,2,0.16,Goal,Root/div/station,FAB_STN/CGO/GNV,2,No
FAB_STN,O,GNV,orig_typ,3,53.0,Goal,Root/div/station/orig_typ,FAB_STN/CGO/GNV/O,1,No
FAB_STN,D,O,dom_int,4,100.0,Goal,Root/div/station/orig_typ/dom_int,FAB_STN/CGO/GNV/O/D,0,Yes
FAB_STN,T,GNV,orig_typ,3,47.0,Goal,Root/div/station/orig_typ,FAB_STN/CGO/GNV/T,1,No
FAB_STN,D,T,dom_int,4,100.0,Goal,Root/div/station/orig_typ/dom_int,FAB_STN/CGO/GNV/T/D,0,Yes
FAB_STN,GOT,CGO,station,2,0.19,Goal,Root/div/station,FAB_STN/CGO/GOT,2,No
FAB_STN,O,GOT,orig_typ,3,82.3,Goal,Root/div/station/orig_typ,FAB_STN/CGO/GOT/O,1,No
FAB_STN,I,O,dom_int,4,100.0,Goal,Root/div/station/orig_typ/dom_int,FAB_STN/CGO/GOT/O/I,0,Yes
FAB_STN,T,GOT,orig_typ,3,17.7,Goal,Root/div/station/orig_typ,FAB_STN/CGO/GOT/T,1,No
FAB_STN,I,T,dom_int,4,100.0,Goal,Root/div/station/orig_typ/dom_int,FAB_STN/CGO/GOT/T/I,0,Yes
FAB_STN,GPT,CGO,station,2,0.13,Goal,Root/div/station,FAB_STN/CGO/GPT,2,No
FAB_STN,O,GPT,orig_typ,3,94.59,Goal,Root/div/station/orig_typ,FAB_STN/CGO/GPT/O,1,No
FAB_STN,D,O,dom_int,4,100.0,Goal,Root/div/station/orig_typ/dom_int,FAB_STN/CGO/GPT/O/D,0,Yes
FAB_STN,T,GPT,orig_typ,3,5.41,Goal,Root/div/station/orig_typ,FAB_STN/CGO/GPT/T,1,No
FAB_STN,D,T,dom_int,4,100.0,Goal,Root/div/station/orig_typ/dom_int,FAB_STN/CGO/GPT/T/D,0,Yes
FAB_STN,GRB,CGO,station,2,0.21,Goal,Root/div/station,FAB_STN/CGO/GRB,2,No
FAB_STN,O,GRB,orig_typ,3,23.12,Goal,Root/div/station/orig_typ,FAB_STN/CGO/GRB/O,1,No
FAB_STN,D,O,dom_int,4,100.0,Goal,Root/div/station/orig_typ/dom_int,FAB_STN/CGO/GRB/O/D,0,Yes
FAB_STN,T,GRB,orig_typ,3,76.88,Goal,Root/div/station/orig_typ,FAB_STN/CGO/GRB/T,1,No
FAB_STN,D,T,dom_int,4,100.0,Goal,Root/div/station/orig_typ/dom_int,FAB_STN/CGO/GRB/T/D,0,Yes
FAB_STN,GRR,CGO,station,2,0.3,Goal,Root/div/station,FAB_STN/CGO/GRR,2,No
FAB_STN,O,GRR,orig_typ,3,38.22,Goal,Root/div/station/orig_typ,FAB_STN/CGO/GRR/O,2,No
FAB_STN,D,O,dom_int,4,22.86,Goal,Root/div/station/orig_typ/dom_int,FAB_STN/CGO/GRR/O/D,0,Yes
FAB_STN,I,O,dom_int,4,77.14,Goal,Root/div/station/orig_typ/dom_int,FAB_STN/CGO/GRR/O/I,0,Yes
FAB_STN,T,GRR,orig_typ,3,61.78,Goal,Root/div/station/orig_typ,FAB_STN/CGO/GRR/T,2,No
FAB_STN,D,T,dom_int,4,96.45,Goal,Root/div/station/orig_typ/dom_int,FAB_STN/CGO/GRR/T/D,0,Yes
FAB_STN,I,T,dom_int,4,3.55,Goal,Root/div/station/orig_typ/dom_int,FAB_STN/CGO/GRR/T/I,0,Yes
FAB_STN,GRU,CGO,station,2,0.04,Goal,Root/div/station,FAB_STN/CGO/GRU,2,No
FAB_STN,O,GRU,orig_typ,3,83.31,Goal,Root/div/station/orig_typ,FAB_STN/CGO/GRU/O,1,No
FAB_STN,I,O,dom_int,4,100.0,Goal,Root/div/station/orig_typ/dom_int,FAB_STN/CGO/GRU/O/I,0,Yes
FAB_STN,T,GRU,orig_typ,3,16.69,Goal,Root/div/station/orig_typ,FAB_STN/CGO/GRU/T,1,No
FAB_STN,I,T,dom_int,4,100.0,Goal,Root/div/station/orig_typ/dom_int,FAB_STN/CGO/GRU/T/I,0,Yes
FAB_STN,GSO,CGO,station,2,0.23,Goal,Root/div/station,FAB_STN/CGO/GSO,2,No
FAB_STN,O,GSO,orig_typ,3,25.89,Goal,Root/div/station/orig_typ,FAB_STN/CGO/GSO/O,2,No
FAB_STN,D,O,dom_int,4,87.77,Goal,Root/div/station/orig_typ/dom_int,FAB_STN/CGO/GSO/O/D,0,Yes
FAB_STN,I,O,dom_int,4,12.23,Goal,Root/div/station/orig_typ/dom_int,FAB_STN/CGO/GSO/O/I,0,Yes
FAB_STN,T,GSO,orig_typ,3,74.11,Goal,Root/div/station/orig_typ,FAB_STN/CGO/GSO/T,2,No
FAB_STN,D,T,dom_int,4,81.43,Goal,Root/div/station/orig_typ/dom_int,FAB_STN/CGO/GSO/T/D,0,Yes
FAB_STN,I,T,dom_int,4,18.57,Goal,Root/div/station/orig_typ/dom_int,FAB_STN/CGO/GSO/T/I,0,Yes
FAB_STN,GSP,CGO,station,2,0.28,Goal,Root/div/station,FAB_STN/CGO/GSP,2,No
FAB_STN,O,GSP,orig_typ,3,53.08,Goal,Root/div/station/orig_typ,FAB_STN/CGO/GSP/O,2,No
FAB_STN,D,O,dom_int,4,72.7,Goal,Root/div/station/orig_typ/dom_int,FAB_STN/CGO/GSP/O/D,0,Yes
FAB_STN,I,O,dom_int,4,27.3,Goal,Root/div/station/orig_typ/dom_int,FAB_STN/CGO/GSP/O/I,0,Yes
FAB_STN,T,GSP,orig_typ,3,46.92,Goal,Root/div/station/orig_typ,FAB_STN/CGO/GSP/T,2,No
FAB_STN,D,T,dom_int,4,45.78,Goal,Root/div/station/orig_typ/dom_int,FAB_STN/CGO/GSP/T/D,0,Yes
FAB_STN,I,T,dom_int,4,54.22,Goal,Root/div/station/orig_typ/dom_int,FAB_STN/CGO/GSP/T/I,0,Yes
FAB_STN,GTF,CGO,station,2,0.21,Goal,Root/div/station,FAB_STN/CGO/GTF,2,No
FAB_STN,O,GTF,orig_typ,3,82.45,Goal,Root/div/station/orig_typ,FAB_STN/CGO/GTF/O,1,No
FAB_STN,D,O,dom_int,4,100.0,Goal,Root/div/station/orig_typ/dom_int,FAB_STN/CGO/GTF/O/D,0,Yes
FAB_STN,T,GTF,orig_typ,3,17.55,Goal,Root/div/station/orig_typ,FAB_STN/CGO/GTF/T,1,No
FAB_STN,D,T,dom_int,4,100.0,Goal,Root/div/station/orig_typ/dom_int,FAB_STN/CGO/GTF/T/D,0,Yes
FAB_STN,GTR,CGO,station,2,0.47,Goal,Root/div/station,FAB_STN/CGO/GTR,1,No
FAB_STN,O,GTR,orig_typ,3,100.0,Goal,Root/div/station/orig_typ,FAB_STN/CGO/GTR/O,1,No
FAB_STN,D,O,dom_int,4,100.0,Goal,Root/div/station/orig_typ/dom_int,FAB_STN/CGO/GTR/O/D,0,Yes
FAB_STN,GUA,CGO,station,2,0.07,Goal,Root/div/station,FAB_STN/CGO/GUA,2,No
FAB_STN,O,GUA,orig_typ,3,56.56,Goal,Root/div/station/orig_typ,FAB_STN/CGO/GUA/O,1,No
FAB_STN,I,O,dom_int,4,100.0,Goal,Root/div/station/orig_typ/dom_int,FAB_STN/CGO/GUA/O/I,0,Yes
FAB_STN,T,GUA,orig_typ,3,43.44,Goal,Root/div/station/orig_typ,FAB_STN/CGO/GUA/T,1,No
FAB_STN,I,T,dom_int,4,100.0,Goal,Root/div/station/orig_typ/dom_int,FAB_STN/CGO/GUA/T/I,0,Yes
FAB_STN,GVA,CGO,station,2,0.15,Goal,Root/div/station,FAB_STN/CGO/GVA,2,No
FAB_STN,O,GVA,orig_typ,3,25.42,Goal,Root/div/station/orig_typ,FAB_STN/CGO/GVA/O,1,No
FAB_STN,I,O,dom_int,4,100.0,Goal,Root/div/station/orig_typ/dom_int,FAB_STN/CGO/GVA/O/I,0,Yes
FAB_STN,T,GVA,orig_typ,3,74.58,Goal,Root/div/station/orig_typ,FAB_STN/CGO/GVA/T,1,No
FAB_STN,I,T,dom_int,4,100.0,Goal,Root/div/station/orig_typ/dom_int,FAB_STN/CGO/GVA/T/I,0,Yes
FAB_STN,HAJ,CGO,station,2,0.48,Goal,Root/div/station,FAB_STN/CGO/HAJ,1,No
FAB_STN,O,HAJ,orig_typ,3,100.0,Goal,Root/div/station/orig_typ,FAB_STN/CGO/HAJ/O,1,No
FAB_STN,I,O,dom_int,4,100.0,Goal,Root/div/station/orig_typ/dom_int,FAB_STN/CGO/HAJ/O/I,0,Yes
FAB_STN,HAM,CGO,station,2,0.44,Goal,Root/div/station,FAB_STN/CGO/HAM,2,No
FAB_STN,O,HAM,orig_typ,3,97.33,Goal,Root/div/station/orig_typ,FAB_STN/CGO/HAM/O,1,No
FAB_STN,I,O,dom_int,4,100.0,Goal,Root/div/station/orig_typ/dom_int,FAB_STN/CGO/HAM/O/I,0,Yes
FAB_STN,T,HAM,orig_typ,3,2.67,Goal,Root/div/station/orig_typ,FAB_STN/CGO/HAM/T,1,No
FAB_STN,I,T,dom_int,4,100.0,Goal,Root/div/station/orig_typ/dom_int,FAB_STN/CGO/HAM/T/I,0,Yes
FAB_STN,HEL,CGO,station,2,0.19,Goal,Root/div/station,FAB_STN/CGO/HEL,1,No
FAB_STN,O,HEL,orig_typ,3,100.0,Goal,Root/div/station/orig_typ,FAB_STN/CGO/HEL/O,1,No
FAB_STN,I,O,dom_int,4,100.0,Goal,Root/div/station/orig_typ/dom_int,FAB_STN/CGO/HEL/O/I,0,Yes
FAB_STN,HKG,CGO,station,2,0.09,Goal,Root/div/station,FAB_STN/CGO/HKG,2,No
FAB_STN,O,HKG,orig_typ,3,42.04,Goal,Root/div/station/orig_typ,FAB_STN/CGO/HKG/O,1,No
FAB_STN,I,O,dom_int,4,100.0,Goal,Root/div/station/orig_typ/dom_int,FAB_STN/CGO/HKG/O/I,0,Yes
FAB_STN,T,HKG,orig_typ,3,57.96,Goal,Root/div/station/orig_typ,FAB_STN/CGO/HKG/T,1,No
FAB_STN,I,T,dom_int,4,100.0,Goal,Root/div/station/orig_typ/dom_int,FAB_STN/CGO/HKG/T/I,0,Yes
FAB_STN,HLN,CGO,station,2,0.05,Goal,Root/div/station,FAB_STN/CGO/HLN,1,No
FAB_STN,O,HLN,orig_typ,3,100.0,Goal,Root/div/station/orig_typ,FAB_STN/CGO/HLN/O,1,No
FAB_STN,D,O,dom_int,4,100.0,Goal,Root/div/station/orig_typ/dom_int,FAB_STN/CGO/HLN/O/D,0,Yes
FAB_STN,HND,CGO,station,2,0.11,Goal,Root/div/station,FAB_STN/CGO/HND,2,No
FAB_STN,O,HND,orig_typ,3,29.02,Goal,Root/div/station/orig_typ,FAB_STN/CGO/HND/O,1,No
FAB_STN,I,O,dom_int,4,100.0,Goal,Root/div/station/orig_typ/dom_int,FAB_STN/CGO/HND/O/I,0,Yes
FAB_STN,T,HND,orig_typ,3,70.98,Goal,Root/div/station/orig_typ,FAB_STN/CGO/HND/T,1,No
FAB_STN,I,T,dom_int,4,100.0,Goal,Root/div/station/orig_typ/dom_int,FAB_STN/CGO/HND/T/I,0,Yes
FAB_STN,HNL,CGO,station,2,0.3,Goal,Root/div/station,FAB_STN/CGO/HNL,2,No
FAB_STN,O,HNL,orig_typ,3,18.34,Goal,Root/div/station/orig_typ,FAB_STN/CGO/HNL/O,2,No
FAB_STN,D,O,dom_int,4,6.89,Goal,Root/div/station/orig_typ/dom_int,FAB_STN/CGO/HNL/O/D,0,Yes
FAB_STN,I,O,dom_int,4,93.11,Goal,Root/div/station/orig_typ/dom_int,FAB_STN/CGO/HNL/O/I,0,Yes
FAB_STN,T,HNL,orig_typ,3,81.66,Goal,Root/div/station/orig_typ,FAB_STN/CGO/HNL/T,2,No
FAB_STN,D,T,dom_int,4,15.23,Goal,Root/div/station/orig_typ/dom_int,FAB_STN/CGO/HNL/T/D,0,Yes
FAB_STN,I,T,dom_int,4,84.77,Goal,Root/div/station/orig_typ/dom_int,FAB_STN/CGO/HNL/T/I,0,Yes
FAB_STN,HOU,CGO,station,2,0.25,Goal,Root/div/station,FAB_STN/CGO/HOU,1,No
FAB_STN,O,HOU,orig_typ,3,100.0,Goal,Root/div/station/orig_typ,FAB_STN/CGO/HOU/O,2,No
FAB_STN,D,O,dom_int,4,96.58,Goal,Root/div/station/orig_typ/dom_int,FAB_STN/CGO/HOU/O/D,0,Yes
FAB_STN,I,O,dom_int,4,3.42,Goal,Root/div/station/orig_typ/dom_int,FAB_STN/CGO/HOU/O/I,0,Yes
FAB_STN,HPN,CGO,station,2,0.47,Goal,Root/div/station,FAB_STN/CGO/HPN,1,No
FAB_STN,O,HPN,orig_typ,3,100.0,Goal,Root/div/station/orig_typ,FAB_STN/CGO/HPN/O,1,No
FAB_STN,D,O,dom_int,4,100.0,Goal,Root/div/station/orig_typ/dom_int,FAB_STN/CGO/HPN/O/D,0,Yes
FAB_STN,HSV,CGO,station,2,0.08,Goal,Root/div/station,FAB_STN/CGO/HSV,2,No
FAB_STN,O,HSV,orig_typ,3,77.27,Goal,Root/div/station/orig_typ,FAB_STN/CGO/HSV/O,2,No
FAB_STN,D,O,dom_int,4,53.13,Goal,Root/div/station/orig_typ/dom_int,FAB_STN/CGO/HSV/O/D,0,Yes
FAB_STN,I,O,dom_int,4,46.87,Goal,Root/div/station/orig_typ/dom_int,FAB_STN/CGO/HSV/O/I,0,Yes
FAB_STN,T,HSV,orig_typ,3,22.73,Goal,Root/div/station/orig_typ,FAB_STN/CGO/HSV/T,1,No
FAB_STN,I,T,dom_int,4,100.0,Goal,Root/div/station/orig_typ/dom_int,FAB_STN/CGO/HSV/T/I,0,Yes
FAB_STN,IAD,CGO,station,2,0.02,Goal,Root/div/station,FAB_STN/CGO/IAD,2,No
FAB_STN,O,IAD,orig_typ,3,70.49,Goal,Root/div/station/orig_typ,FAB_STN/CGO/IAD/O,2,No
FAB_STN,D,O,dom_int,4,98.72,Goal,Root/div/station/orig_typ/dom_int,FAB_STN/CGO/IAD/O/D,0,Yes
FAB_STN,I,O,dom_int,4,1.28,Goal,Root/div/station/orig_typ/dom_int,FAB_STN/CGO/IAD/O/I,0,Yes
FAB_STN,T,IAD,orig_typ,3,29.51,Goal,Root/div/station/orig_typ,FAB_STN/CGO/IAD/T,2,No
FAB_STN,D,T,dom_int,4,74.88,Goal,Root/div/station/orig_typ/dom_int,FAB_STN/CGO/IAD/T/D,0,Yes
FAB_STN,I,T,dom_int,4,25.12,Goal,Root/div/station/orig_typ/dom_int,FAB_STN/CGO/IAD/T/I,0,Yes
FAB_STN,IAH,CGO,station,2,0.15,Goal,Root/div/station,FAB_STN/CGO/IAH,2,No
FAB_STN,O,IAH,orig_typ,3,44.96,Goal,Root/div/station/orig_typ,FAB_STN/CGO/IAH/O,2,No
FAB_STN,D,O,dom_int,4,12.11,Goal,Root/div/station/orig_typ/dom_int,FAB_STN/CGO/IAH/O/D,0,Yes
FAB_STN,I,O,dom_int,4,87.89,Goal,Root/div/station/orig_typ/dom_int,FAB_STN/CGO/IAH/O/I,0,Yes
FAB_STN,T,IAH,orig_typ,3,55.04,Goal,Root/div/station/orig_typ,FAB_STN/CGO/IAH/T,2,No
FAB_STN,D,T,dom_int,4,79.7,Goal,Root/div/station/orig_typ/dom_int,FAB_STN/CGO/IAH/T/D,0,Yes
FAB_STN,I,T,dom_int,4,20.3,Goal,Root/div/station/orig_typ/dom_int,FAB_STN/CGO/IAH/T/I,0,Yes
FAB_STN,ICN,CGO,station,2,0.02,Goal,Root/div/station,FAB_STN/CGO/ICN,2,No
FAB_STN,O,ICN,orig_typ,3,43.48,Goal,Root/div/station/orig_typ,FAB_STN/CGO/ICN/O,2,No
FAB_STN,D,O,dom_int,4,57.59,Goal,Root/div/station/orig_typ/dom_int,FAB_STN/CGO/ICN/O/D,0,Yes
FAB_STN,I,O,dom_int,4,42.41,Goal,Root/div/station/orig_typ/dom_int,FAB_STN/CGO/ICN/O/I,0,Yes
FAB_STN,T,ICN,orig_typ,3,56.52,Goal,Root/div/station/orig_typ,FAB_STN/CGO/ICN/T,2,No
FAB_STN,D,T,dom_int,4,83.22,Goal,Root/div/station/orig_typ/dom_int,FAB_STN/CGO/ICN/T/D,0,Yes
FAB_STN,I,T,dom_int,4,16.78,Goal,Root/div/station/orig_typ/dom_int,FAB_STN/CGO/ICN/T/I,0,Yes
FAB_STN,ICT,CGO,station,2,0.21,Goal,Root/div/station,FAB_STN/CGO/ICT,2,No
FAB_STN,O,ICT,orig_typ,3,40.48,Goal,Root/div/station/orig_typ,FAB_STN/CGO/ICT/O,2,No
FAB_STN,D,O,dom_int,4,49.76,Goal,Root/div/station/orig_typ/dom_int,FAB_STN/CGO/ICT/O/D,0,Yes
FAB_STN,I,O,dom_int,4,50.24,Goal,Root/div/station/orig_typ/dom_int,FAB_STN/CGO/ICT/O/I,0,Yes
FAB_STN,T,ICT,orig_typ,3,59.52,Goal,Root/div/station/orig_typ,FAB_STN/CGO/ICT/T,1,No
FAB_STN,D,T,dom_int,4,100.0,Goal,Root/div/station/orig_typ/dom_int,FAB_STN/CGO/ICT/T/D,0,Yes
FAB_STN,IDA,CGO,station,2,0.44,Goal,Root/div/station,FAB_STN/CGO/IDA,2,No
FAB_STN,O,IDA,orig_typ,3,73.96,Goal,Root/div/station/orig_typ,FAB_STN/CGO/IDA/O,1,No
FAB_STN,D,O,dom_int,4,100.0,Goal,Root/div/station/orig_typ/dom_int,FAB_STN/CGO/IDA/O/D,0,Yes
FAB_STN,T,IDA,orig_typ,3,26.04,Goal,Root/div/station/orig_typ,FAB_STN/CGO/IDA/T,1,No
FAB_STN,D,T,dom_int,4,100.0,Goal,Root/div/station/orig_typ/dom_int,FAB_STN/CGO/IDA/T/D,0,Yes
FAB_STN,ILM,CGO,station,2,0.27,Goal,Root/div/station,FAB_STN/CGO/ILM,2,No
FAB_STN,O,ILM,orig_typ,3,4.21,Goal,Root/div/station/orig_typ,FAB_STN/CGO/ILM/O,2,No
FAB_STN,D,O,dom_int,4,7.98,Goal,Root/div/station/orig_typ/dom_int,FAB_STN/CGO/ILM/O/D,0,Yes
FAB_STN,I,O,dom_int,4,92.02,Goal,Root/div/station/orig_typ/dom_int,FAB_STN/CGO/ILM/O/I,0,Yes
FAB_STN,T,ILM,orig_typ,3,95.79,Goal,Root/div/station/orig_typ,FAB_STN/CGO/ILM/T,1,No
FAB_STN,D,T,dom_int,4,100.0,Goal,Root/div/station/orig_typ/dom_int,FAB_STN/CGO/ILM/T/D,0,Yes
FAB_STN,IMT,CGO,station,2,0.4,Goal,Root/div/station,FAB_STN/CGO/IMT,1,No
FAB_STN,O,IMT,orig_typ,3,100.0,Goal,Root/div/station/orig_typ,FAB_STN/CGO/IMT/O,1,No
FAB_STN,D,O,dom_int,4,100.0,Goal,Root/div/station/orig_typ/dom_int,FAB_STN/CGO/IMT/O/D,0,Yes
FAB_STN,IND,CGO,station,2,0.44,Goal,Root/div/station,FAB_STN/CGO/IND,2,No
FAB_STN,O,IND,orig_typ,3,74.47,Goal,Root/div/station/orig_typ,FAB_STN/CGO/IND/O,2,No
FAB_STN,D,O,dom_int,4,55.58,Goal,Root/div/station/orig_typ/dom_int,FAB_STN/CGO/IND/O/D,0,Yes
FAB_STN,I,O,dom_int,4,44.42,Goal,Root/div/station/orig_typ/dom_int,FAB_STN/CGO/IND/O/I,0,Yes
FAB_STN,T,IND,orig_typ,3,25.53,Goal,Root/div/station/orig_typ,FAB_STN/CGO/IND/T,2,No
FAB_STN,D,T,dom_int,4,39.59,Goal,Root/div/station/orig_typ/dom_int,FAB_STN/CGO/IND/T/D,0,Yes
FAB_STN,I,T,dom_int,4,60.41,Goal,Root/div/station/orig_typ/dom_int,FAB_STN/CGO/IND/T/I,0,Yes
FAB_STN,INL,CGO,station,2,0.16,Goal,Root/div/station,FAB_STN/CGO/INL,1,No
FAB_STN,O,INL,orig_typ,3,100.0,Goal,Root/div/station/orig_typ,FAB_STN/CGO/INL/O,1,No
FAB_STN,D,O,dom_int,4,100.0,Goal,Root/div/station/orig_typ/dom_int,FAB_STN/CGO/INL/O/D,0,Yes
FAB_STN,ITH,CGO,station,2,0.37,Goal,Root/div/station,FAB_STN/CGO/ITH,1,No
FAB_STN,O,ITH,orig_typ,3,100.0,Goal,Root/div/station/orig_typ,FAB_STN/CGO/ITH/O,1,No
FAB_STN,D,O,dom_int,4,100.0,Goal,Root/div/station/orig_typ/dom_int,FAB_STN/CGO/ITH/O/D,0,Yes
FAB_STN,JAN,CGO,station,2,0.34,Goal,Root/div/station,FAB_STN/CGO/JAN,2,No
FAB_STN,O,JAN,orig_typ,3,75.89,Goal,Root/div/station/orig_typ,FAB_STN/CGO/JAN/O,2,No
FAB_STN,D,O,dom_int,4,68.44,Goal,Root/div/station/orig_typ/dom_int,FAB_STN/CGO/JAN/O/D,0,Yes
FAB_STN,I,O,dom_int,4,31.56,Goal,Root/div/station/orig_typ/dom_int,FAB_STN/CGO/JAN/O/I,0,Yes
FAB_STN,T,JAN,orig_typ,3,24.11,Goal,Root/div/station/orig_typ,FAB_STN/CGO/JAN/T,1,No
FAB_STN,D,T,dom_int,4,100.0,Goal,Root/div/station/orig_typ/dom_int,FAB_STN/CGO/JAN/T/D,0,Yes
FAB_STN,JAX,CGO,station,2,0.45,Goal,Root/div/station,FAB_STN/CGO/JAX,2,No
FAB_STN,O,JAX,orig_typ,3,88.26,Goal,Root/div/station/orig_typ,FAB_STN/CGO/JAX/O,2,No
FAB_STN,D,O,dom_int,4,39.56,Goal,Root/div/station/orig_typ/dom_int,FAB_STN/CGO/JAX/O/D,0,Yes
FAB_STN,I,O,dom_int,4,60.44,Goal,Root/div/station/orig_typ/dom_int,FAB_STN/CGO/JAX/O/I,0,Yes
FAB_STN,T,JAX,orig_typ,3,11.74,Goal,Root/div/station/orig_typ,FAB_STN/CGO/JAX/T,1,No
FAB_STN,D,T,dom_int,4,100.0,Goal,Root/div/station/orig_typ/dom_int,FAB_STN/CGO/JAX/T/D,0,Yes
FAB_STN,JFK,CGO,station,2,0.48,Goal,Root/div/station,FAB_STN/CGO/JFK,2,No
FAB_STN,O,JFK,orig_typ,3,77.01,Goal,Root/div/station/orig_typ,FAB_STN/CGO/JFK/O,2,No
FAB_STN,D,O,dom_int,4,74.86,Goal,Root/div/station/orig_typ/dom_int,FAB_STN/CGO/JFK/O/D,0,Yes
FAB_STN,I,O,dom_int,4,25.14,Goal,Root/div/station/orig_typ/dom_int,FAB_STN/CGO/JFK/O/I,0,Yes
FAB_STN,T,JFK,orig_typ,3,22.99,Goal,Root/div/station/orig_typ,FAB_STN/CGO/JFK/T,2,No
FAB_STN,D,T,dom_int,4,49.45,Goal,Root/div/station/orig_typ/dom_int,FAB_STN/CGO/JFK/T/D,0,Yes
FAB_STN,I,T,dom_int,4,50.55,Goal,Root/div/station/orig_typ/dom_int,FAB_STN/CGO/JFK/T/I,0,Yes
FAB_STN,JNB,CGO,station,2,0.09,Goal,Root/div/station,FAB_STN/CGO/JNB,2,No
FAB_STN,O,JNB,orig_typ,3,24.66,Goal,Root/div/station/orig_typ,FAB_STN/CGO/JNB/O,1,No
FAB_STN,I,O,dom_int,4,100.0,Goal,Root/div/station/orig_typ/dom_int,FAB_STN/CGO/JNB/O/I,0,Yes
FAB_STN,T,JNB,orig_typ,3,75.34,Goal,Root/div/station/orig_typ,FAB_STN/CGO/JNB/T,1,No
FAB_STN,I,T,dom_int,4,100.0,Goal,Root/div/station/orig_typ/dom_int,FAB_STN/CGO/JNB/T/I,0,Yes
FAB_STN,JNU,CGO,station,2,0.38,Goal,Root/div/station,FAB_STN/CGO/JNU,1,No
FAB_STN,O,JNU,orig_typ,3,100.0,Goal,Root/div/station/orig_typ,FAB_STN/CGO/JNU/O,1,No
FAB_STN,D,O,dom_int,4,100.0,Goal,Root/div/station/orig_typ/dom_int,FAB_STN/CGO/JNU/O/D,0,Yes
FAB_STN,KEF,CGO,station,2,0.35,Goal,Root/div/station,FAB_STN/CGO/KEF,2,No
FAB_STN,O,KEF,orig_typ,3,29.97,Goal,Root/div/station/orig_typ,FAB_STN/CGO/KEF/O,1,No
FAB_STN,I,O,dom_int,4,100.0,Goal,Root/div/station/orig_typ/dom_int,FAB_STN/CGO/KEF/O/I,0,Yes
FAB_STN,T,KEF,orig_typ,3,70.03,Goal,Root/div/station/orig_typ,FAB_STN/CGO/KEF/T,1,No
FAB_STN,I,T,dom_int,4,100.0,Goal,Root/div/station/orig_typ/dom_int,FAB_STN/CGO/KEF/T/I,0,Yes
FAB_STN,KIX,CGO,station,2,0.14,Goal,Root/div/station,FAB_STN/CGO/KIX,2,No
FAB_STN,O,KIX,orig_typ,3,53.86,Goal,Root/div/station/orig_typ,FAB_STN/CGO/KIX/O,1,No
FAB_STN,I,O,dom_int,4,100.0,Goal,Root/div/station/orig_typ/dom_int,FAB_STN/CGO/KIX/O/I,0,Yes
FAB_STN,T,KIX,orig_typ,3,46.14,Goal,Root/div/station/orig_typ,FAB_STN/CGO/KIX/T,1,No
FAB_STN,I,T,dom_int,4,100.0,Goal,Root/div/station/orig_typ/dom_int,FAB_STN/CGO/KIX/T/I,0,Yes
FAB_STN,KOA,CGO,station,2,0.15,Goal,Root/div/station,FAB_STN/CGO/KOA,2,No
FAB_STN,O,KOA,orig_typ,3,53.8,Goal,Root/div/station/orig_typ,FAB_STN/CGO/KOA/O,1,No
FAB_STN,D,O,dom_int,4,100.0,Goal,Root/div/station/orig_typ/dom_int,FAB_STN/CGO/KOA/O/D,0,Yes
FAB_STN,T,KOA,orig_typ,3,46.2,Goal,Root/div/station/orig_typ,FAB_STN/CGO/KOA/T,1,No
FAB_STN,D,T,dom_int,4,100.0,Goal,Root/div/station/orig_typ/dom_int,FAB_STN/CGO/KOA/T/D,0,Yes
FAB_STN,LAN,CGO,station,2,0.34,Goal,Root/div/station,FAB_STN/CGO/LAN,1,No
FAB_STN,O,LAN,orig_typ,3,100.0,Goal,Root/div/station/orig_typ,FAB_STN/CGO/LAN/O,1,No
FAB_STN,D,O,dom_int,4,100.0,Goal,Root/div/station/orig_typ/dom_int,FAB_STN/CGO/LAN/O/D,0,Yes
FAB_STN,LAS,CGO,station,2,0.42,Goal,Root/div/station,FAB_STN/CGO/LAS,2,No
FAB_STN,O,LAS,orig_typ,3,37.48,Goal,Root/div/station/orig_typ,FAB_STN/CGO/LAS/O,2,No
FAB_STN,D,O,dom_int,4,39.21,Goal,Root/div/station/orig_typ/dom_int,FAB_STN/CGO/LAS/O/D,0,Yes
FAB_STN,I,O,dom_int,4,60.79,Goal,Root/div/station/orig_typ/dom_int,FAB_STN/CGO/LAS/O/I,0,Yes
FAB_STN,T,LAS,orig_typ,3,62.52,Goal,Root/div/station/orig_typ,FAB_STN/CGO/LAS/T,2,No
FAB_STN,D,T,dom_int,4,72.33,Goal,Root/div/station/orig_typ/dom_int,FAB_STN/CGO/LAS/T/D,0,Yes
FAB_STN,I,T,dom_int,4,27.67,Goal,Root/div/station/orig_typ/dom_int,FAB_STN/CGO/LAS/T/I,0,Yes
FAB_STN,LAX,CGO,station,2,0.12,Goal,Root/div/station,FAB_STN/CGO/LAX,2,No
FAB_STN,O,LAX,orig_typ,3,57.61,Goal,Root/div/station/orig_typ,FAB_STN/CGO/LAX/O,2,No
FAB_STN,D,O,dom_int,4,82.87,Goal,Root/div/station/orig_typ/dom_int,FAB_STN/CGO/LAX/O/D,0,Yes
FAB_STN,I,O,dom_int,4,17.13,Goal,Root/div/station/orig_typ/dom_int,FAB_STN/CGO/LAX/O/I,0,Yes
FAB_STN,T,LAX,orig_typ,3,42.39,Goal,Root/div/station/orig_typ,FAB_STN/CGO/LAX/T,2,No
FAB_STN,D,T,dom_int,4,17.27,Goal,Root/div/station/orig_typ/dom_int,FAB_STN/CGO/LAX/T/D,0,Yes
FAB_STN,I,T,dom_int,4,82.73,Goal,Root/div/station/orig_typ/dom_int,FAB_STN/CGO/LAX/T/I,0,Yes
FAB_STN,LEJ,CGO,station,2,0.1,Goal,Root/div/station,FAB_STN/CGO/LEJ,1,No
FAB_STN,O,LEJ,orig_typ,3,100.0,Goal,Root/div/station/orig_typ,FAB_STN/CGO/LEJ/O,1,No
FAB_STN,I,O,dom_int,4,100.0,Goal,Root/div/station/orig_typ/dom_int,FAB_STN/CGO/LEJ/O/I,0,Yes
FAB_STN,LEX,CGO,station,2,0.49,Goal,Root/div/station,FAB_STN/CGO/LEX,1,No
FAB_STN,O,LEX,orig_typ,3,100.0,Goal,Root/div/station/orig_typ,FAB_STN/CGO/LEX/O,2,No
FAB_STN,D,O,dom_int,4,70.54,Goal,Root/div/station/orig_typ/dom_int,FAB_STN/CGO/LEX/O/D,0,Yes
FAB_STN,I,O,dom_int,4,29.46,Goal,Root/div/station/orig_typ/dom_int,FAB_STN/CGO/LEX/O/I,0,Yes
FAB_STN,LFT,CGO,station,2,0.31,Goal,Root/div/station,FAB_STN/CGO/LFT,2,No
FAB_STN,O,LFT,orig_typ,3,87.25,Goal,Root/div/station/orig_typ,FAB_STN/CGO/LFT/O,1,No
FAB_STN,D,O,dom_int,4,100.0,Goal,Root/div/station/orig_typ/dom_int,FAB_STN/CGO/LFT/O/D,0,Yes
FAB_STN,T,LFT,orig_typ,3,12.75,Goal,Root/div/station/orig_typ,FAB_STN/CGO/LFT/T,1,No
FAB_STN,D,T,dom_int,4,100.0,Goal,Root/div/station/orig_typ/dom_int,FAB_STN/CGO/LFT/T/D,0,Yes
FAB_STN,LGA,CGO,station,2,0.06,Goal,Root/div/station,FAB_STN/CGO/LGA,2,No
FAB_STN,O,LGA,orig_typ,3,50.55,Goal,Root/div/station/orig_typ,FAB_STN/CGO/LGA/O,2,No
FAB_STN,D,O,dom_int,4,40.31,Goal,Root/div/station/orig_typ/dom_int,FAB_STN/CGO/LGA/O/D,0,Yes
FAB_STN,I,O,dom_int,4,59.69,Goal,Root/div/station/orig_typ/dom_int,FAB_STN/CGO/LGA/O/I,0,Yes
FAB_STN,T,LGA,orig_typ,3,49.45,Goal,Root/div/station/orig_typ,FAB_STN/CGO/LGA/T,2,No
FAB_STN,D,T,dom_int,4,5.03,Goal,Root/div/station/orig_typ/dom_int,FAB_STN/CGO/LGA/T/D,0,Yes
FAB_STN,I,T,dom_int,4,94.97,Goal,Root/div/station/orig_typ/dom_int,FAB_STN/CGO/LGA/T/I,0,Yes
FAB_STN,LGW,CGO,station,2,0.4,Goal,Root/div/station,FAB_STN/CGO/LGW,2,No
FAB_STN,O,LGW,orig_typ,3,70.82,Goal,Root/div/station/orig_typ,FAB_STN/CGO/LGW/O,1,No
FAB_STN,I,O,dom_int,4,100.0,Goal,Root/div/station/orig_typ/dom_int,FAB_STN/CGO/LGW/O/I,0,Yes
FAB_STN,T,LGW,orig_typ,3,29.18,Goal,Root/div/station/orig_typ,FAB_STN/CGO/LGW/T,1,No
FAB_STN,I,T,dom_int,4,100.0,Goal,Root/div/station/orig_typ/dom_int,FAB_STN/CGO/LGW/T/I,0,Yes
FAB_STN,LHR,CGO,station,2,0.42,Goal,Root/div/station,FAB_STN/CGO/LHR,2,No
FAB_STN,O,LHR,orig_typ,3,15.0,Goal,Root/div/station/orig_typ,FAB_STN/CGO/LHR/O,2,No
FAB_STN,D,O,dom_int,4,87.04,Goal,Root/div/station/orig_typ/dom_int,FAB_STN/CGO/LHR/O/D,0,Yes
FAB_STN,I,O,dom_int,4,12.96,Goal,Root/div/station/orig_typ/dom_int,FAB_STN/CGO/LHR/O/I,0,Yes
FAB_STN,T,LHR,orig_typ,3,85.0,Goal,Root/div/station/orig_typ,FAB_STN/CGO/LHR/T,2,No
FAB_STN,D,T,dom_int,4,95.95,Goal,Root/div/station/orig_typ/dom_int,FAB_STN/CGO/LHR/T/D,0,Yes
FAB_STN,I,T,dom_int,4,4.05,Goal,Root/div/station/orig_typ/dom_int,FAB_STN/CGO/LHR/T/I,0,Yes
FAB_STN,LIH,CGO,station,2,0.09,Goal,Root/div/station,FAB_STN/CGO/LIH,1,No
FAB_STN,O,LIH,orig_typ,3,100.0,Goal,Root/div/station/orig_typ,FAB_STN/CGO/LIH/O,2,No
FAB_STN,D,O,dom_int,4,3.39,Goal,Root/div/station/orig_typ/dom_int,FAB_STN/CGO/LIH/O/D,0,Yes
FAB_STN,I,O,dom_int,4,96.61,Goal,Root/div/station/orig_typ/dom_int,FAB_STN/CGO/LIH/O/I,0,Yes
FAB_STN,LIM,CGO,station,2,0.49,Goal,Root/div/station,FAB_STN/CGO/LIM,2,No
FAB_STN,O,LIM,orig_typ,3,44.85,Goal,Root/div/station/orig_typ,FAB_STN/CGO/LIM/O,1,No
FAB_STN,I,O,dom_int,4,100.0,Goal,Root/div/station/orig_typ/dom_int,FAB_STN/CGO/LIM/O/I,0,Yes
FAB_STN,T,LIM,orig_typ,3,55.15,Goal,Root/div/station/orig_typ,FAB_STN/CGO/LIM/T,1,No
FAB_STN,I,T,dom_int,4,100.0,Goal,Root/div/station/orig_typ/dom_int,FAB_STN/CGO/LIM/T/I,0,Yes
FAB_STN,LIN,CGO,station,2,0.04,Goal,Root/div/station,FAB_STN/CGO/LIN,2,No
FAB_STN,O,LIN,orig_typ,3,68.63,Goal,Root/div/station/orig_typ,FAB_STN/CGO/LIN/O,2,No
FAB_STN,D,O,dom_int,4,7.67,Goal,Root/div/station/orig_typ/dom_int,FAB_STN/CGO/LIN/O/D,0,Yes
FAB_STN,I,O,dom_int,4,92.33,Goal,Root/div/station/orig_typ/dom_int,FAB_STN/CGO/LIN/O/I,0,Yes
FAB_STN,T,LIN,orig_typ,3,31.37,Goal,Root/div/station/orig_typ,FAB_STN/CGO/LIN/T,1,No
FAB_STN,I,T,dom_int,4,100.0,Goal,Root/div/station/orig_typ/dom_int,FAB_STN/CGO/LIN/T/I,0,Yes
FAB_STN,LIR,CGO,station,2,0.27,Goal,Root/div/station,FAB_STN/CGO/LIR,1,No
FAB_STN,O,LIR,orig_typ,3,100.0,Goal,Root/div/station/orig_typ,FAB_STN/CGO/LIR/O,1,No
FAB_STN,I,O,dom_int,4,100.0,Goal,Root/div/station/orig_typ/dom_int,FAB_STN/CGO/LIR/O/I,0,Yes
FAB_STN,LIS,CGO,station,2,0.4,Goal,Root/div/station,FAB_STN/CGO/LIS,2,No
FAB_STN,O,LIS,orig_typ,3,41.1,Goal,Root/div/station/orig_typ,FAB_STN/CGO/LIS/O,1,No
FAB_STN,I,O,dom_int,4,100.0,Goal,Root/div/station/orig_typ/dom_int,FAB_STN/CGO/LIS/O/I,0,Yes
FAB_STN,T,LIS,orig_typ,3,58.9,Goal,Root/div/station/orig_typ,FAB_STN/CGO/LIS/T,1,No
FAB_STN,I,T,dom_int,4,100.0,Goal,Root/div/station/orig_typ/dom_int,FAB_STN/CGO/LIS/T/I,0,Yes
FAB_STN,LIT,CGO,station,2,0.25,Goal,Root/div/station,FAB_STN/CGO/LIT,2,No
FAB_STN,O,LIT,orig_typ,3,47.26,Goal,Root/div/station/orig_typ,FAB_STN/CGO/LIT/O,2,No
FAB_STN,D,O,dom_int,4,59.5,Goal,Root/div/station/orig_typ/dom_int,FAB_STN/CGO/LIT/O/D,0,Yes
FAB_STN,I,O,dom_int,4,40.5,Goal,Root/div/station/orig_typ/dom_int,FAB_STN/CGO/LIT/O/I,0,Yes
FAB_STN,T,LIT,orig_typ,3,52.74,Goal,Root/div/station/orig_typ,FAB_STN/CGO/LIT/T,2,No
FAB_STN,D,T,dom_int,4,45.01,Goal,Root/div/station/orig_typ/dom_int,FAB_STN/CGO/LIT/T/D,0,Yes
FAB_STN,I,T,dom_int,4,54.99,Goal,Root/div/station/orig_typ/dom_int,FAB_STN/CGO/LIT/T/I,0,Yes
FAB_STN,LNK,CGO,station,2,0.03,Goal,Root/div/station,FAB_STN/CGO/LNK,1,No
FAB_STN,O,LNK,orig_typ,3,100.0,Goal,Root/div/station/orig_typ,FAB_STN/CGO/LNK/O,1,No
FAB_STN,D,O,dom_int,4,100.0,Goal,Root/div/station/orig_typ/dom_int,FAB_STN/CGO/LNK/O/D,0,Yes
FAB_STN,LNZ,CGO,station,2,0.01,Goal,Root/div/station,FAB_STN/CGO/LNZ,1,No
FAB_STN,O,LNZ,orig_typ,3,100.0,Goal,Root/div/station/orig_typ,FAB_STN/CGO/LNZ/O,1,No
FAB_STN,I,O,dom_int,4,100.0,Goal,Root/div/station/orig_typ/dom_int,FAB_STN/CGO/LNZ/O/I,0,Yes
FAB_STN,LOS,CGO,station,2,0.32,Goal,Root/div/station,FAB_STN/CGO/LOS,2,No
FAB_STN,O,LOS,orig_typ,3,53.98,Goal,Root/div/station/orig_typ,FAB_STN/CGO/LOS/O,1,No
FAB_STN,I,O,dom_int,4,100.0,Goal,Root/div/station/orig_typ/dom_int,FAB_STN/CGO/LOS/O/I,0,Yes
FAB_STN,T,LOS,orig_typ,3,46.02,Goal,Root/div/station/orig_typ,FAB_STN/CGO/LOS/T,2,No
FAB_STN,D,T,dom_int,4,50.75,Goal,Root/div/station/orig_typ/dom_int,FAB_STN/CGO/LOS/T/D,0,Yes
FAB_STN,I,T,dom_int,4,49.25,Goal,Root/div/station/orig_typ/dom_int,FAB_STN/CGO/LOS/T/I,0,Yes
FAB_STN,LSE,CGO,station,2,0.08,Goal,Root/div/station,FAB_STN/CGO/LSE,1,No
FAB_STN,O,LSE,orig_typ,3,100.0,Goal,Root/div/station/orig_typ,FAB_STN/CGO/LSE/O,1,No
FAB_STN,D,O,dom_int,4,100.0,Goal,Root/div/station/orig_typ/dom_int,FAB_STN/CGO/LSE/O/D,0,Yes
FAB_STN,LUG,CGO,station,2,0.15,Goal,Root/div/station,FAB_STN/CGO/LUG,1,No
FAB_STN,O,LUG,orig_typ,3,100.0,Goal,Root/div/station/orig_typ,FAB_STN/CGO/LUG/O,1,No
FAB_STN,I,O,dom_int,4,100.0,Goal,Root/div/station/orig_typ/dom_int,FAB_STN/CGO/LUG/O/I,0,Yes
FAB_STN,LWS,CGO,station,2,0.34,Goal,Root/div/station,FAB_STN/CGO/LWS,1,No
FAB_STN,O,LWS,orig_typ,3,100.0,Goal,Root/div/station/orig_typ,FAB_STN/CGO/LWS/O,1,No
FAB_STN,D,O,dom_int,4,100.0,Goal,Root/div/station/orig_typ/dom_int,FAB_STN/CGO/LWS/O/D,0,Yes
FAB_STN,MAD,CGO,station,2,0.49,Goal,Root/div/station,FAB_STN/CGO/MAD,2,No
FAB_STN,O,MAD,orig_typ,3,86.16,Goal,Root/div/station/orig_typ,FAB_STN/CGO/MAD/O,1,No
FAB_STN,I,O,dom_int,4,100.0,Goal,Root/div/station/orig_typ/dom_int,FAB_STN/CGO/MAD/O/I,0,Yes
FAB_STN,T,MAD,orig_typ,3,13.84,Goal,Root/div/station/orig_typ,FAB_STN/CGO/MAD/T,1,No
FAB_STN,I,T,dom_int,4,100.0,Goal,Root/div/station/orig_typ/dom_int,FAB_STN/CGO/MAD/T/I,0,Yes
FAB_STN,MAN,CGO,station,2,0.2,Goal,Root/div/station,FAB_STN/CGO/MAN,2,No
FAB_STN,O,MAN,orig_typ,3,23.61,Goal,Root/div/station/orig_typ,FAB_STN/CGO/MAN/O,1,No
FAB_STN,I,O,dom_int,4,100.0,Goal,Root/div/station/orig_typ/dom_int,FAB_STN/CGO/MAN/O/I,0,Yes
FAB_STN,T,MAN,orig_typ,3,76.39,Goal,Root/div/station/orig_typ,FAB_STN/CGO/MAN/T,1,No
FAB_STN,I,T,dom_int,4,100.0,Goal,Root/div/station/orig_typ/dom_int,FAB_STN/CGO/MAN/T/I,0,Yes
FAB_STN,MBJ,CGO,station,2,0.2,Goal,Root/div/station,FAB_STN/CGO/MBJ,2,No
FAB_STN,O,MBJ,orig_typ,3,43.18,Goal,Root/div/station/orig_typ,FAB_STN/CGO/MBJ/O,2,No
FAB_STN,D,O,dom_int,4,73.96,Goal,Root/div/station/orig_typ/dom_int,FAB_STN/CGO/MBJ/O/D,0,Yes
FAB_STN,I,O,dom_int,4,26.04,Goal,Root/div/station/orig_typ/dom_int,FAB_STN/CGO/MBJ/O/I,0,Yes
FAB_STN,T,MBJ,orig_typ,3,56.82,Goal,Root/div/station/orig_typ,FAB_STN/CGO/MBJ/T,1,No
FAB_STN,I,T,dom_int,4,100.0,Goal,Root/div/station/orig_typ/dom_int,FAB_STN/CGO/MBJ/T/I,0,Yes
FAB_STN,MBS,CGO,station,2,0.25,Goal,Root/div/station,FAB_STN/CGO/MBS,2,No
FAB_STN,O,MBS,orig_typ,3,15.61,Goal,Root/div/station/orig_typ,FAB_STN/CGO/MBS/O,1,No
FAB_STN,D,O,dom_int,4,100.0,Goal,Root/div/station/orig_typ/dom_int,FAB_STN/CGO/MBS/O/D,0,Yes
FAB_STN,T,MBS,orig_typ,3,84.39,Goal,Root/div/station/orig_typ,FAB_STN/CGO/MBS/T,1,No
FAB_STN,D,T,dom_int,4,100.0,Goal,Root/div/station/orig_typ/dom_int,FAB_STN/CGO/MBS/T/D,0,Yes
FAB_STN,MCI,CGO,station,2,0.42,Goal,Root/div/station,FAB_STN/CGO/MCI,2,No
FAB_STN,O,MCI,orig_typ,3,33.05,Goal,Root/div/station/orig_typ,FAB_STN/CGO/MCI/O,2,No
FAB_STN,D,O,dom_int,4,41.02,Goal,Root/div/station/orig_typ/dom_int,FAB_STN/CGO/MCI/O/D,0,Yes
FAB_STN,I,O,dom_int,4,58.98,Goal,Root/div/station/orig_typ/dom_int,FAB_STN/CGO/MCI/O/I,0,Yes
FAB_STN,T,MCI,orig_typ,3,66.95,Goal,Root/div/station/orig_typ,FAB_STN/CGO/MCI/T,2,No
FAB_STN,D,T,dom_int,4,24.45,Goal,Root/div/station/orig_typ/dom_int,FAB_STN/CGO/MCI/T/D,0,Yes
FAB_STN,I,T,dom_int,4,75.55,Goal,Root/div/station/orig_typ/dom_int,FAB_STN/CGO/MCI/T/I,0,Yes
FAB_STN,MCO,CGO,station,2,0.42,Goal,Root/div/station,FAB_STN/CGO/MCO,2,No
FAB_STN,O,MCO,orig_typ,3,61.21,Goal,Root/div/station/orig_typ,FAB_STN/CGO/MCO/O,2,No
FAB_STN,D,O,dom_int,4,44.23,Goal,Root/div/station/orig_typ/dom_int,FAB_STN/CGO/MCO/O/D,0,Yes
FAB_STN,I,O,dom_int,4,55.77,Goal,Root/div/station/orig_typ/dom_int,FAB_STN/CGO/MCO/O/I,0,Yes
FAB_STN,T,MCO,orig_typ,3,38.79,Goal,Root/div/station/orig_typ,FAB_STN/CGO/MCO/T,2,No
FAB_STN,D,T,dom_int,4,34.94,Goal,Root/div/station/orig_typ/dom_int,FAB_STN/CGO/MCO/T/D,0,Yes
FAB_STN,I,T,dom_int,4,65.06,Goal,Root/div/station/orig_typ/dom_int,FAB_STN/CGO/MCO/T/I,0,Yes
FAB_STN,MDT,CGO,station,2,0.21,Goal,Root/div/station,FAB_STN/CGO/MDT,2,No
FAB_STN,O,MDT,orig_typ,3,63.29,Goal,Root/div/station/orig_typ,FAB_STN/CGO/MDT/O,1,No
FAB_STN,D,O,dom_int,4,100.0,Goal,Root/div/station/orig_typ/dom_int,FAB_STN/CGO/MDT/O/D,0,Yes
FAB_STN,T,MDT,orig_typ,3,36.71,Goal,Root/div/station/orig_typ,FAB_STN/CGO/MDT/T,1,No
FAB_STN,D,T,dom_int,4,100.0,Goal,Root/div/station/orig_typ/dom_int,FAB_STN/CGO/MDT/T/D,0,Yes
FAB_STN,MDW,CGO,station,2,0.19,Goal,Root/div/station,FAB_STN/CGO/MDW,1,No
FAB_STN,O,MDW,orig_typ,3,100.0,Goal,Root/div/station/orig_typ,FAB_STN/CGO/MDW/O,1,No
FAB_STN,D,O,dom_int,4,100.0,Goal,Root/div/station/orig_typ/dom_int,FAB_STN/CGO/MDW/O/D,0,Yes
FAB_STN,MEL,CGO,station,2,0.3,Goal,Root/div/station,FAB_STN/CGO/MEL,2,No
FAB_STN,O,MEL,orig_typ,3,71.49,Goal,Root/div/station/orig_typ,FAB_STN/CGO/MEL/O,1,No
FAB_STN,I,O,dom_int,4,100.0,Goal,Root/div/station/orig_typ/dom_int,FAB_STN/CGO/MEL/O/I,0,Yes
FAB_STN,T,MEL,orig_typ,3,28.51,Goal,Root/div/station/orig_typ,FAB_STN/CGO/MEL/T,1,No
FAB_STN,I,T,dom_int,4,100.0,Goal,Root/div/station/orig_typ/dom_int,FAB_STN/CGO/MEL/T/I,0,Yes
FAB_STN,MEM,CGO,station,2,0.32,Goal,Root/div/station,FAB_STN/CGO/MEM,2,No
FAB_STN,O,MEM,orig_typ,3,57.34,Goal,Root/div/station/orig_typ,FAB_STN/CGO/MEM/O,2,No
FAB_STN,D,O,dom_int,4,22.32,Goal,Root/div/station/orig_typ/dom_int,FAB_STN/CGO/MEM/O/D,0,Yes
FAB_STN,I,O,dom_int,4,77.68,Goal,Root/div/station/orig_typ/dom_int,FAB_STN/CGO/MEM/O/I,0,Yes
FAB_STN,T,MEM,orig_typ,3,42.66,Goal,Root/div/station/orig_typ,FAB_STN/CGO/MEM/T,2,No
FAB_STN,D,T,dom_int,4,38.92,Goal,Root/div/station/orig_typ/dom_int,FAB_STN/CGO/MEM/T/D,0,Yes
FAB_STN,I,T,dom_int,4,61.08,Goal,Root/div/station/orig_typ/dom_int,FAB_STN/CGO/MEM/T/I,0,Yes
FAB_STN,MEX,CGO,station,2,0.38,Goal,Root/div/station,FAB_STN/CGO/MEX,2,No
FAB_STN,O,MEX,orig_typ,3,75.88,Goal,Root/div/station/orig_typ,FAB_STN/CGO/MEX/O,2,No
FAB_STN,D,O,dom_int,4,90.82,Goal,Root/div/station/orig_typ/dom_int,FAB_STN/CGO/MEX/O/D,0,Yes
FAB_STN,I,O,dom_int,4,9.18,Goal,Root/div/station/orig_typ/dom_int,FAB_STN/CGO/MEX/O/I,0,Yes
FAB_STN,T,MEX,orig_typ,3,24.12,Goal,Root/div/station/orig_typ,FAB_STN/CGO/MEX/T,1,No
FAB_STN,I,T,dom_int,4,100.0,Goal,Root/div/station/orig_typ/dom_int,FAB_STN/CGO/MEX/T/I,0,Yes
FAB_STN,MFR,CGO,station,2,0.4,Goal,Root/div/station,FAB_STN/CGO/MFR,1,No
FAB_STN,O,MFR,orig_typ,3,100.0,Goal,Root/div/station/orig_typ,FAB_STN/CGO/MFR/O,1,No
FAB_STN,D,O,dom_int,4,100.0,Goal,Root/div/station/orig_typ/dom_int,FAB_STN/CGO/MFR/O/D,0,Yes
FAB_STN,MGA,CGO,station,2,0.4,Goal,Root/div/station,FAB_STN/CGO/MGA,2,No
FAB_STN,O,MGA,orig_typ,3,50.83,Goal,Root/div/station/orig_typ,FAB_STN/CGO/MGA/O,1,No
FAB_STN,I,O,dom_int,4,100.0,Goal,Root/div/station/orig_typ/dom_int,FAB_STN/CGO/MGA/O/I,0,Yes
FAB_STN,T,MGA,orig_typ,3,49.17,Goal,Root/div/station/orig_typ,FAB_STN/CGO/MGA/T,1,No
FAB_STN,I,T,dom_int,4,100.0,Goal,Root/div/station/orig_typ/dom_int,FAB_STN/CGO/MGA/T/I,0,Yes
FAB_STN,MGM,CGO,station,2,0.41,Goal,Root/div/station,FAB_STN/CGO/MGM,2,No
FAB_STN,O,MGM,orig_typ,3,28.96,Goal,Root/div/station/orig_typ,FAB_STN/CGO/MGM/O,1,No
FAB_STN,D,O,dom_int,4,100.0,Goal,Root/div/station/orig_typ/dom_int,FAB_STN/CGO/MGM/O/D,0,Yes
FAB_STN,T,MGM,orig_typ,3,71.04,Goal,Root/div/station/orig_typ,FAB_STN/CGO/MGM/T,1,No
FAB_STN,D,T,dom_int,4,100.0,Goal,Root/div/station/orig_typ/dom_int,FAB_STN/CGO/MGM/T/D,0,Yes
FAB_STN,MHT,CGO,station,2,0.1,Goal,Root/div/station,FAB_STN/CGO/MHT,1,No
FAB_STN,O,MHT,orig_typ,3,100.0,Goal,Root/div/station/orig_typ,FAB_STN/CGO/MHT/O,1,No
FAB_STN,D,O,dom_int,4,100.0,Goal,Root/div/station/orig_typ/dom_int,FAB_STN/CGO/MHT/O/D,0,Yes
FAB_STN,MIA,CGO,station,2,0.23,Goal,Root/div/station,FAB_STN/CGO/MIA,2,No
FAB_STN,O,MIA,orig_typ,3,15.53,Goal,Root/div/station/orig_typ,FAB_STN/CGO/MIA/O,2,No
FAB_STN,D,O,dom_int,4,63.28,Goal,Root/div/station/orig_typ/dom_int,FAB_STN/CGO/MIA/O/D,0,Yes
FAB_STN,I,O,dom_int,4,36.72,Goal,Root/div/station/orig_typ/dom_int,FAB_STN/CGO/MIA/O/I,0,Yes
FAB_STN,T,MIA,orig_typ,3,84.47,Goal,Root/div/station/orig_typ,FAB_STN/CGO/MIA/T,2,No
FAB_STN,D,T,dom_int,4,75.38,Goal,Root/div/station/orig_typ/dom_int,FAB_STN/CGO/MIA/T/D,0,Yes
FAB_STN,I,T,dom_int,4,24.62,Goal,Root/div/station/orig_typ/dom_int,FAB_STN/CGO/MIA/T/I,0,Yes
FAB_STN,MKE,CGO,station,2,0.29,Goal,Root/div/station,FAB_STN/CGO/MKE,2,No
FAB_STN,O,MKE,orig_typ,3,74.19,Goal,Root/div/station/orig_typ,FAB_STN/CGO/MKE/O,2,No
FAB_STN,D,O,dom_int,4,47.73,Goal,Root/div/station/orig_typ/dom_int,FAB_STN/CGO/MKE/O/D,0,Yes
FAB_STN,I,O,dom_int,4,52.27,Goal,Root/div/station/orig_typ/dom_int,FAB_STN/CGO/MKE/O/I,0,Yes
FAB_STN,T,MKE,orig_typ,3,25.81,Goal,Root/div/station/orig_typ,FAB_STN/CGO/MKE/T,2,No
FAB_STN,D,T,dom_int,4,10.98,Goal,Root/div/station/orig_typ/dom_int,FAB_STN/CGO/MKE/T/D,0,Yes
FAB_STN,I,T,dom_int,4,89.02,Goal,Root/div/station/orig_typ/dom_int,FAB_STN/CGO/MKE/T/I,0,Yes
FAB_STN,MLA,CGO,station,2,0.38,Goal,Root/div/station,FAB_STN/CGO/MLA,1,No
FAB_STN,O,MLA,orig_typ,3,100.0,Goal,Root/div/station/orig_typ,FAB_STN/CGO/MLA/O,1,No
FAB_STN,I,O,dom_int,4,100.0,Goal,Root/div/station/orig_typ/dom_int,FAB_STN/CGO/MLA/O/I,0,Yes
FAB_STN,MLB,CGO,station,2,0.15,Goal,Root/div/station,FAB_STN/CGO/MLB,2,No
FAB_STN,O,MLB,orig_typ,3,75.24,Goal,Root/div/station/orig_typ,FAB_STN/CGO/MLB/O,2,No
FAB_STN,D,O,dom_int,4,80.99,Goal,Root/div/station/orig_typ/dom_int,FAB_STN/CGO/MLB/O/D,0,Yes
FAB_STN,I,O,dom_int,4,19.01,Goal,Root/div/station/orig_typ/dom_int,FAB_STN/CGO/MLB/O/I,0,Yes
FAB_STN,T,MLB,orig_typ,3,24.76,Goal,Root/div/station/orig_typ,FAB_STN/CGO/MLB/T,1,No
FAB_STN,D,T,dom_int,4,100.0,Goal,Root/div/station/orig_typ/dom_int,FAB_STN/CGO/MLB/T/D,0,Yes
FAB_STN,MLI,CGO,station,2,0.33,Goal,Root/div/station,FAB_STN/CGO/MLI,1,No
FAB_STN,O,MLI,orig_typ,3,100.0,Goal,Root/div/station/orig_typ,FAB_STN/CGO/MLI/O,2,No
FAB_STN,D,O,dom_int,4,82.39,Goal,Root/div/station/orig_typ/dom_int,FAB_STN/CGO/MLI/O/D,0,Yes
FAB_STN,I,O,dom_int,4,17.61,Goal,Root/div/station/orig_typ/dom_int,FAB_STN/CGO/MLI/O/I,0,Yes
FAB_STN,MLU,CGO,station,2,0.32,Goal,Root/div/station,FAB_STN/CGO/MLU,1,No
FAB_STN,O,MLU,orig_typ,3,100.0,Goal,Root/div/station/orig_typ,FAB_STN/CGO/MLU/O,1,No
FAB_STN,D,O,dom_int,4,100.0,Goal,Root/div/station/orig_typ/dom_int,FAB_STN/CGO/MLU/O/D,0,Yes
FAB_STN,MMX,CGO,station,2,0.16,Goal,Root/div/station,FAB_STN/CGO/MMX,2,No
FAB_STN,O,MMX,orig_typ,3,57.96,Goal,Root/div/station/orig_typ,FAB_STN/CGO/MMX/O,1,No
FAB_STN,I,O,dom_int,4,100.0,Goal,Root/div/station/orig_typ/dom_int,FAB_STN/CGO/MMX/O/I,0,Yes
FAB_STN,T,MMX,orig_typ,3,42.04,Goal,Root/div/station/orig_typ,FAB_STN/CGO/MMX/T,1,No
FAB_STN,I,T,dom_int,4,100.0,Goal,Root/div/station/orig_typ/dom_int,FAB_STN/CGO/MMX/T/I,0,Yes
FAB_STN,MNL,CGO,station,2,0.06,Goal,Root/div/station,FAB_STN/CGO/MNL,1,No
FAB_STN,O,MNL,orig_typ,3,100.0,Goal,Root/div/station/orig_typ,FAB_STN/CGO/MNL/O,1,No
FAB_STN,I,O,dom_int,4,100.0,Goal,Root/div/station/orig_typ/dom_int,FAB_STN/CGO/MNL/O/I,0,Yes
FAB_STN,MOB,CGO,station,2,0.11,Goal,Root/div/station,FAB_STN/CGO/MOB,1,No
FAB_STN,O,MOB,orig_typ,3,100.0,Goal,Root/div/station/orig_typ,FAB_STN/CGO/MOB/O,2,No
FAB_STN,D,O,dom_int,4,65.41,Goal,Root/div/station/orig_typ/dom_int,FAB_STN/CGO/MOB/O/D,0,Yes
FAB_STN,I,O,dom_int,4,34.59,Goal,Root/div/station/orig_typ/dom_int,FAB_STN/CGO/MOB/O/I,0,Yes
FAB_STN,MOT,CGO,station,2,0.09,Goal,Root/div/station,FAB_STN/CGO/MOT,1,No
FAB_STN,O,MOT,orig_typ,3,100.0,Goal,Root/div/station/orig_typ,FAB_STN/CGO/MOT/O,1,No
FAB_STN,D,O,dom_int,4,100.0,Goal,Root/div/station/orig_typ/dom_int,FAB_STN/CGO/MOT/O/D,0,Yes
FAB_STN,MQT,CGO,station,2,0.34,Goal,Root/div/station,FAB_STN/CGO/MQT,2,No
FAB_STN,O,MQT,orig_typ,3,81.1,Goal,Root/div/station/orig_typ,FAB_STN/CGO/MQT/O,1,No
FAB_STN,D,O,dom_int,4,100.0,Goal,Root/div/station/orig_typ/dom_int,FAB_STN/CGO/MQT/O/D,0,Yes
FAB_STN,T,MQT,orig_typ,3,18.9,Goal,Root/div/station/orig_typ,FAB_STN/CGO/MQT/T,1,No
FAB_STN,D,T,dom_int,4,100.0,Goal,Root/div/station/orig_typ/dom_int,FAB_STN/CGO/MQT/T/D,0,Yes
FAB_STN,MSN,CGO,station,2,0.14,Goal,Root/div/station,FAB_STN/CGO/MSN,2,No
FAB_STN,O,MSN,orig_typ,3,30.8,Goal,Root/div/station/orig_typ,FAB_STN/CGO/MSN/O,1,No
FAB_STN,D,O,dom_int,4,100.0,Goal,Root/div/station/orig_typ/dom_int,FAB_STN/CGO/MSN/O/D,0,Yes
FAB_STN,T,MSN,orig_typ,3,69.2,Goal,Root/div/station/orig_typ,FAB_STN/CGO/MSN/T,1,No
FAB_STN,D,T,dom_int,4,100.0,Goal,Root/div/station/orig_typ/dom_int,FAB_STN/CGO/MSN/T/D,0,Yes
FAB_STN,MSO,CGO,station,2,0.17,Goal,Root/div/station,FAB_STN/CGO/MSO,1,No
FAB_STN,O,MSO,orig_typ,3,100.0,Goal,Root/div/station/orig_typ,FAB_STN/CGO/MSO/O,1,No
FAB_STN,D,O,dom_int,4,100.0,Goal,Root/div/station/orig_typ/dom_int,FAB_STN/CGO/MSO/O/D,0,Yes
FAB_STN,MSP,CGO,station,2,0.2,Goal,Root/div/station,FAB_STN/CGO/MSP,2,No
FAB_STN,O,MSP,orig_typ,3,40.78,Goal,Root/div/station/orig_typ,FAB_STN/CGO/MSP/O,2,No
FAB_STN,D,O,dom_int,4,52.23,Goal,Root/div/station/orig_typ/dom_int,FAB_STN/CGO/MSP/O/D,0,Yes
FAB_STN,I,O,dom_int,4,47.77,Goal,Root/div/station/orig_typ/dom_int,FAB_STN/CGO/MSP/O/I,0,Yes
FAB_STN,T,MSP,orig_typ,3,59.22,Goal,Root/div/station/orig_typ,FAB_STN/CGO/MSP/T,2,No
FAB_STN,D,T,dom_int,4,78.62,Goal,Root/div/station/orig_typ/dom_int,FAB_STN/CGO/MSP/T/D,0,Yes
FAB_STN,I,T,dom_int,4,21.38,Goal,Root/div/station/orig_typ/dom_int,FAB_STN/CGO/MSP/T/I,0,Yes
FAB_STN,MSY,CGO,station,2,0.28,Goal,Root/div/station,FAB_STN/CGO/MSY,2,No
FAB_STN,O,MSY,orig_typ,3,42.42,Goal,Root/div/station/orig_typ,FAB_STN/CGO/MSY/O,2,No
FAB_STN,D,O,dom_int,4,13.29,Goal,Root/div/station/orig_typ/dom_int,FAB_STN/CGO/MSY/O/D,0,Yes
FAB_STN,I,O,dom_int,4,86.71,Goal,Root/div/station/orig_typ/dom_int,FAB_STN/CGO/MSY/O/I,0,Yes
FAB_STN,T,MSY,orig_typ,3,57.58,Goal,Root/div/station/orig_typ,FAB_STN/CGO/MSY/T,2,No
FAB_STN,D,T,dom_int,4,78.21,Goal,Root/div/station/orig_typ/dom_int,FAB_STN/CGO/MSY/T/D,0,Yes
FAB_STN,I,T,dom_int,4,21.79,Goal,Root/div/station/orig_typ/dom_int,FAB_STN/CGO/MSY/T/I,0,Yes
FAB_STN,MUC,CGO,station,2,0.22,Goal,Root/div/station,FAB_STN/CGO/MUC,2,No
FAB_STN,O,MUC,orig_typ,3,79.69,Goal,Root/div/station/orig_typ,FAB_STN/CGO/MUC/O,1,No
FAB_STN,I,O,dom_int,4,100.0,Goal,Root/div/station/orig_typ/dom_int,FAB_STN/CGO/MUC/O/I,0,Yes
FAB_STN,T,MUC,orig_typ,3,20.31,Goal,Root/div/station/orig_typ,FAB_STN/CGO/MUC/T,1,No
FAB_STN,I,T,dom_int,4,100.0,Goal,Root/div/station/orig_typ/dom_int,FAB_STN/CGO/MUC/T/I,0,Yes
FAB_STN,MXP,CGO,station,2,0.38,Goal,Root/div/station,FAB_STN/CGO/MXP,2,No
FAB_STN,O,MXP,orig_typ,3,32.72,Goal,Root/div/station/orig_typ,FAB_STN/CGO/MXP/O,2,No
FAB_STN,D,O,dom_int,4,84.51,Goal,Root/div/station/orig_typ/dom_int,FAB_STN/CGO/MXP/O/D,0,Yes
FAB_STN,I,O,dom_int,4,15.49,Goal,Root/div/station/orig_typ/dom_int,FAB_STN/CGO/MXP/O/I,0,Yes
FAB_STN,T,MXP,orig_typ,3,67.28,Goal,Root/div/station/orig_typ,FAB_STN/CGO/MXP/T,1,No
FAB_STN,I,T,dom_int,4,100.0,Goal,Root/div/station/orig_typ/dom_int,FAB_STN/CGO/MXP/T/I,0,Yes
FAB_STN,MYR,CGO,station,2,0.45,Goal,Root/div/station,FAB_STN/CGO/MYR,2,No
FAB_STN,O,MYR,orig_typ,3,61.34,Goal,Root/div/station/orig_typ,FAB_STN/CGO/MYR/O,1,No
FAB_STN,D,O,dom_int,4,100.0,Goal,Root/div/station/orig_typ/dom_int,FAB_STN/CGO/MYR/O/D,0,Yes
FAB_STN,T,MYR,orig_typ,3,38.66,Goal,Root/div/station/orig_typ,FAB_STN/CGO/MYR/T,1,No
FAB_STN,D,T,dom_int,4,100.0,Goal,Root/div/station/orig_typ/dom_int,FAB_STN/CGO/MYR/T/D,0,Yes
FAB_STN,NAP,CGO,station,2,0.06,Goal,Root/div/station,FAB_STN/CGO/NAP,2,No
FAB_STN,O,NAP,orig_typ,3,34.65,Goal,Root/div/station/orig_typ,FAB_STN/CGO/NAP/O,1,No
FAB_STN,I,O,dom_int,4,100.0,Goal,Root/div/station/orig_typ/dom_int,FAB_STN/CGO/NAP/O/I,0,Yes
FAB_STN,T,NAP,orig_typ,3,65.35,Goal,Root/div/station/orig_typ,FAB_STN/CGO/NAP/T,1,No
FAB_STN,I,T,dom_int,4,100.0,Goal,Root/div/station/orig_typ/dom_int,FAB_STN/CGO/NAP/T/I,0,Yes
FAB_STN,NAS,CGO,station,2,0.05,Goal,Root/div/station,FAB_STN/CGO/NAS,2,No
FAB_STN,O,NAS,orig_typ,3,33.23,Goal,Root/div/station/orig_typ,FAB_STN/CGO/NAS/O,1,No
FAB_STN,I,O,dom_int,4,100.0,Goal,Root/div/station/orig_typ/dom_int,FAB_STN/CGO/NAS/O/I,0,Yes
FAB_STN,T,NAS,orig_typ,3,66.77,Goal,Root/div/station/orig_typ,FAB_STN/CGO/NAS/T,1,No
FAB_STN,I,T,dom_int,4,100.0,Goal,Root/div/station/orig_typ/dom_int,FAB_STN/CGO/NAS/T/I,0,Yes
FAB_STN,NCE,CGO,station,2,0.4,Goal,Root/div/station,FAB_STN/CGO/NCE,2,No
FAB_STN,O,NCE,orig_typ,3,23.71,Goal,Root/div/station/orig_typ,FAB_STN/CGO/NCE/O,1,No
FAB_STN,I,O,dom_int,4,100.0,Goal,Root/div/station/orig_typ/dom_int,FAB_STN/CGO/NCE/O/I,0,Yes
FAB_STN,T,NCE,orig_typ,3,76.29,Goal,Root/div/station/orig_typ,FAB_STN/CGO/NCE/T,1,No
FAB_STN,I,T,dom_int,4,100.0,Goal,Root/div/station/orig_typ/dom_int,FAB_STN/CGO/NCE/T/I,0,Yes
FAB_STN,NCL,CGO,station,2,0.14,Goal,Root/div/station,FAB_STN/CGO/NCL,1,No
FAB_STN,O,NCL,orig_typ,3,100.0,Goal,Root/div/station/orig_typ,FAB_STN/CGO/NCL/O,1,No
FAB_STN,I,O,dom_int,4,100.0,Goal,Root/div/station/orig_typ/dom_int,FAB_STN/CGO/NCL/O/I,0,Yes
FAB_STN,NGO,CGO,station,2,0.32,Goal,Root/div/station,FAB_STN/CGO/NGO,2,No
FAB_STN,O,NGO,orig_typ,3,2.74,Goal,Root/div/station/orig_typ,FAB_STN/CGO/NGO/O,1,No
FAB_STN,I,O,dom_int,4,100.0,Goal,Root/div/station/orig_typ/dom_int,FAB_STN/CGO/NGO/O/I,0,Yes
FAB_STN,T,NGO,orig_typ,3,97.26,Goal,Root/div/station/orig_typ,FAB_STN/CGO/NGO/T,1,No
FAB_STN,I,T,dom_int,4,100.0,Goal,Root/div/station/orig_typ/dom_int,FAB_STN/CGO/NGO/T/I,0,Yes
FAB_STN,NRT,CGO,station,2,0.3,Goal,Root/div/station,FAB_STN/CGO/NRT,2,No
FAB_STN,O,NRT,orig_typ,3,22.27,Goal,Root/div/station/orig_typ,FAB_STN/CGO/NRT/O,1,No
FAB_STN,I,O,dom_int,4,100.0,Goal,Root/div/station/orig_typ/dom_int,FAB_STN/CGO/NRT/O/I,0,Yes
FAB_STN,T,NRT,orig_typ,3,77.73,Goal,Root/div/station/orig_typ,FAB_STN/CGO/NRT/T,1,No
FAB_STN,I,T,dom_int,4,100.0,Goal,Root/div/station/orig_typ/dom_int,FAB_STN/CGO/NRT/T/I,0,Yes
FAB_STN,NUE,CGO,station,2,0.36,Goal,Root/div/station,FAB_STN/CGO/NUE,1,No
FAB_STN,O,NUE,orig_typ,3,100.0,Goal,Root/div/station/orig_typ,FAB_STN/CGO/NUE/O,1,No
FAB_STN,I,O,dom_int,4,100.0,Goal,Root/div/station/orig_typ/dom_int,FAB_STN/CGO/NUE/O/I,0,Yes
FAB_STN,OAJ,CGO,station,2,0.27,Goal,Root/div/station,FAB_STN/CGO/OAJ,1,No
FAB_STN,O,OAJ,orig_typ,3,100.0,Goal,Root/div/station/orig_typ,FAB_STN/CGO/OAJ/O,2,No
FAB_STN,D,O,dom_int,4,51.14,Goal,Root/div/station/orig_typ/dom_int,FAB_STN/CGO/OAJ/O/D,0,Yes
FAB_STN,I,O,dom_int,4,48.86,Goal,Root/div/station/orig_typ/dom_int,FAB_STN/CGO/OAJ/O/I,0,Yes
FAB_STN,OAK,CGO,station,2,0.08,Goal,Root/div/station,FAB_STN/CGO/OAK,2,No
FAB_STN,O,OAK,orig_typ,3,67.84,Goal,Root/div/station/orig_typ,FAB_STN/CGO/OAK/O,2,No
FAB_STN,D,O,dom_int,4,47.89,Goal,Root/div/station/orig_typ/dom_int,FAB_STN/CGO/OAK/O/D,0,Yes
FAB_STN,I,O,dom_int,4,52.11,Goal,Root/div/station/orig_typ/dom_int,FAB_STN/CGO/OAK/O/I,0,Yes
FAB_STN,T,OAK,orig_typ,3,32.16,Goal,Root/div/station/orig_typ,FAB_STN/CGO/OAK/T,1,No
FAB_STN,D,T,dom_int,4,100.0,Goal,Root/div/station/orig_typ/dom_int,FAB_STN/CGO/OAK/T/D,0,Yes
FAB_STN,OGG,CGO,station,2,0.22,Goal,Root/div/station,FAB_STN/CGO/OGG,2,No
FAB_STN,O,OGG,orig_typ,3,57.07,Goal,Root/div/station/orig_typ,FAB_STN/CGO/OGG/O,2,No
FAB_STN,D,O,dom_int,4,47.33,Goal,Root/div/station/orig_typ/dom_int,FAB_STN/CGO/OGG/O/D,0,Yes
FAB_STN,I,O,dom_int,4,52.67,Goal,Root/div/station/orig_typ/dom_int,FAB_STN/CGO/OGG/O/I,0,Yes
FAB_STN,T,OGG,orig_typ,3,42.93,Goal,Root/div/station/orig_typ,FAB_STN/CGO/OGG/T,1,No
FAB_STN,D,T,dom_int,4,100.0,Goal,Root/div/station/orig_typ/dom_int,FAB_STN/CGO/OGG/T/D,0,Yes
FAB_STN,OKC,CGO,station,2,0.31,Goal,Root/div/station,FAB_STN/CGO/OKC,2,No
FAB_STN,O,OKC,orig_typ,3,13.93,Goal,Root/div/station/orig_typ,FAB_STN/CGO/OKC/O,2,No
FAB_STN,D,O,dom_int,4,55.14,Goal,Root/div/station/orig_typ/dom_int,FAB_STN/CGO/OKC/O/D,0,Yes
FAB_STN,I,O,dom_int,4,44.86,Goal,Root/div/station/orig_typ/dom_int,FAB_STN/CGO/OKC/O/I,0,Yes
FAB_STN,T,OKC,orig_typ,3,86.07,Goal,Root/div/station/orig_typ,FAB_STN/CGO/OKC/T,2,No
FAB_STN,D,T,dom_int,4,17.52,Goal,Root/div/station/orig_typ/dom_int,FAB_STN/CGO/OKC/T/D,0,Yes
FAB_STN,I,T,dom_int,4,82.48,Goal,Root/div/station/orig_typ/dom_int,FAB_STN/CGO/OKC/T/I,0,Yes
FAB_STN,OMA,CGO,station,2,0.05,Goal,Root/div/station,FAB_STN/CGO/OMA,2,No
FAB_STN,O,OMA,orig_typ,3,15.15,Goal,Root/div/station/orig_typ,FAB_STN/CGO/OMA/O,2,No
FAB_STN,D,O,dom_int,4,38.64,Goal,Root/div/station/orig_typ/dom_int,FAB_STN/CGO/OMA/O/D,0,Yes
FAB_STN,I,O,dom_int,4,61.36,Goal,Root/div/station/orig_typ/dom_int,FAB_STN/CGO/OMA/O/I,0,Yes
FAB_STN,T,OMA,orig_typ,3,84.85,Goal,Root/div/station/orig_typ,FAB_STN/CGO/OMA/T,1,No
FAB_STN,D,T,dom_int,4,100.0,Goal,Root/div/station/orig_typ/dom_int,FAB_STN/CGO/OMA/T/D,0,Yes
FAB_STN,ONT,CGO,station,2,0.07,Goal,Root/div/station,FAB_STN/CGO/ONT,2,No
FAB_STN,O,ONT,orig_typ,3,6.28,Goal,Root/div/station/orig_typ,FAB_STN/CGO/ONT/O,2,No
FAB_STN,D,O,dom_int,4,4.82,Goal,Root/div/station/orig_typ/dom_int,FAB_STN/CGO/ONT/O/D,0,Yes
FAB_STN,I,O,dom_int,4,95.18,Goal,Root/div/station/orig_typ/dom_int,FAB_STN/CGO/ONT/O/I,0,Yes
FAB_STN,T,ONT,orig_typ,3,93.72,Goal,Root/div/station/orig_typ,FAB_STN/CGO/ONT/T,1,No
FAB_STN,D,T,dom_int,4,100.0,Goal,Root/div/station/orig_typ/dom_int,FAB_STN/CGO/ONT/T/D,0,Yes
FAB_STN,OPO,CGO,station,2,0.39,Goal,Root/div/station,FAB_STN/CGO/OPO,2,No
FAB_STN,O,OPO,orig_typ,3,22.69,Goal,Root/div/station/orig_typ,FAB_STN/CGO/OPO/O,1,No
FAB_STN,I,O,dom_int,4,100.0,Goal,Root/div/station/orig_typ/dom_int,FAB_STN/CGO/OPO/O/I,0,Yes
FAB_STN,T,OPO,orig_typ,3,77.31,Goal,Root/div/station/orig_typ,FAB_STN/CGO/OPO/T,1,No
FAB_STN,I,T,dom_int,4,100.0,Goal,Root/div/station/orig_typ/dom_int,FAB_STN/CGO/OPO/T/I,0,Yes
FAB_STN,ORD,CGO,station,2,0.22,Goal,Root/div/station,FAB_STN/CGO/ORD,2,No
FAB_STN,O,ORD,orig_typ,3,82.15,Goal,Root/div/station/orig_typ,FAB_STN/CGO/ORD/O,2,No
FAB_STN,D,O,dom_int,4,10.73,Goal,Root/div/station/orig_typ/dom_int,FAB_STN/CGO/ORD/O/D,0,Yes
FAB_STN,I,O,dom_int,4,89.27,Goal,Root/div/station/orig_typ/dom_int,FAB_STN/CGO/ORD/O/I,0,Yes
FAB_STN,T,ORD,orig_typ,3,17.85,Goal,Root/div/station/orig_typ,FAB_STN/CGO/ORD/T,2,No
FAB_STN,D,T,dom_int,4,30.48,Goal,Root/div/station/orig_typ/dom_int,FAB_STN/CGO/ORD/T/D,0,Yes
FAB_STN,I,T,dom_int,4,69.52,Goal,Root/div/station/orig_typ/dom_int,FAB_STN/CGO/ORD/T/I,0,Yes
FAB_STN,ORF,CGO,station,2,0.4,Goal,Root/div/station,FAB_STN/CGO/ORF,2,No
FAB_STN,O,ORF,orig_typ,3,65.41,Goal,Root/div/station/orig_typ,FAB_STN/CGO/ORF/O,2,No
FAB_STN,D,O,dom_int,4,38.71,Goal,Root/div/station/orig_typ/dom_int,FAB_STN/CGO/ORF/O/D,0,Yes
FAB_STN,I,O,dom_int,4,61.29,Goal,Root/div/station/orig_typ/dom_int,FAB_STN/CGO/ORF/O/I,0,Yes
FAB_STN,T,ORF,orig_typ,3,34.59,Goal,Root/div/station/orig_typ,FAB_STN/CGO/ORF/T,2,No
FAB_STN,D,T,dom_int,4,35.73,Goal,Root/div/station/orig_typ/dom_int,FAB_STN/CGO/ORF/T/D,0,Yes
FAB_STN,I,T,dom_int,4,64.27,Goal,Root/div/station/orig_typ/dom_int,FAB_STN/CGO/ORF/T/I,0,Yes
FAB_STN,ORK,CGO,station,2,0.19,Goal,Root/div/station,FAB_STN/CGO/ORK,2,No
FAB_STN,O,ORK,orig_typ,3,64.29,Goal,Root/div/station/orig_typ,FAB_STN/CGO/ORK/O,1,No
FAB_STN,I,O,dom_int,4,100.0,Goal,Root/div/station/orig_typ/dom_int,FAB_STN/CGO/ORK/O/I,0,Yes
FAB_STN,T,ORK,orig_typ,3,35.71,Goal,Root/div/station/orig_typ,FAB_STN/CGO/ORK/T,1,No
FAB_STN,I,T,dom_int,4,100.0,Goal,Root/div/station/orig_typ/dom_int,FAB_STN/CGO/ORK/T/I,0,Yes
FAB_STN,OSL,CGO,station,2,0.16,Goal,Root/div/station,FAB_STN/CGO/OSL,1,No
FAB_STN,O,OSL,orig_typ,3,100.0,Goal,Root/div/station/orig_typ,FAB_STN/CGO/OSL/O,1,No
FAB_STN,I,O,dom_int,4,100.0,Goal,Root/div/station/orig_typ/dom_int,FAB_STN/CGO/OSL/O/I,0,Yes
FAB_STN,PBI,CGO,station,2,0.24,Goal,Root/div/station,FAB_STN/CGO/PBI,2,No
FAB_STN,O,PBI,orig_typ,3,38.5,Goal,Root/div/station/orig_typ,FAB_STN/CGO/PBI/O,2,No
FAB_STN,D,O,dom_int,4,40.97,Goal,Root/div/station/orig_typ/dom_int,FAB_STN/CGO/PBI/O/D,0,Yes
FAB_STN,I,O,dom_int,4,59.03,Goal,Root/div/station/orig_typ/dom_int,FAB_STN/CGO/PBI/O/I,0,Yes
FAB_STN,T,PBI,orig_typ,3,61.5,Goal,Root/div/station/orig_typ,FAB_STN/CGO/PBI/T,1,No
FAB_STN,D,T,dom_int,4,100.0,Goal,Root/div/station/orig_typ/dom_int,FAB_STN/CGO/PBI/T/D,0,Yes
FAB_STN,PDL,CGO,station,2,0.4,Goal,Root/div/station,FAB_STN/CGO/PDL,1,No
FAB_STN,T,PDL,orig_typ,3,100.0,Goal,Root/div/station/orig_typ,FAB_STN/CGO/PDL/T,1,No
FAB_STN,I,T,dom_int,4,100.0,Goal,Root/div/station/orig_typ/dom_int,FAB_STN/CGO/PDL/T/I,0,Yes
FAB_STN,PDX,CGO,station,2,0.44,Goal,Root/div/station,FAB_STN/CGO/PDX,2,No
FAB_STN,O,PDX,orig_typ,3,36.59,Goal,Root/div/station/orig_typ,FAB_STN/CGO/PDX/O,2,No
FAB_STN,D,O,dom_int,4,41.94,Goal,Root/div/station/orig_typ/dom_int,FAB_STN/CGO/PDX/O/D,0,Yes
FAB_STN,I,O,dom_int,4,58.06,Goal,Root/div/station/orig_typ/dom_int,FAB_STN/CGO/PDX/O/I,0,Yes
FAB_STN,T,PDX,orig_typ,3,63.41,Goal,Root/div/station/orig_typ,FAB_STN/CGO/PDX/T,2,No
FAB_STN,D,T,dom_int,4,8.77,Goal,Root/div/station/orig_typ/dom_int,FAB_STN/CGO/PDX/T/D,0,Yes
FAB_STN,I,T,dom_int,4,91.23,Goal,Root/div/station/orig_typ/dom_int,FAB_STN/CGO/PDX/T/I,0,Yes
FAB_STN,PEK,CGO,station,2,0.41,Goal,Root/div/station,FAB_STN/CGO/PEK,1,No
FAB_STN,O,PEK,orig_typ,3,100.0,Goal,Root/div/station/orig_typ,FAB_STN/CGO/PEK/O,1,No
FAB_STN,I,O,dom_int,4,100.0,Goal,Root/div/station/orig_typ/dom_int,FAB_STN/CGO/PEK/O/I,0,Yes
FAB_STN,PHF,CGO,station,2,0.16,Goal,Root/div/station,FAB_STN/CGO/PHF,1,No
FAB_STN,O,PHF,orig_typ,3,100.0,Goal,Root/div/station/orig_typ,FAB_STN/CGO/PHF/O,1,No
FAB_STN,D,O,dom_int,4,100.0,Goal,Root/div/station/orig_typ/dom_int,FAB_STN/CGO/PHF/O/D,0,Yes
FAB_STN,PHL,CGO,station,2,0.12,Goal,Root/div/station,FAB_STN/CGO/PHL,2,No
FAB_STN,O,PHL,orig_typ,3,2.55,Goal,Root/div/station/orig_typ,FAB_STN/CGO/PHL/O,2,No
FAB_STN,D,O,dom_int,4,5.43,Goal,Root/div/station/orig_typ/dom_int,FAB_STN/CGO/PHL/O/D,0,Yes
FAB_STN,I,O,dom_int,4,94.57,Goal,Root/div/station/orig_typ/dom_int,FAB_STN/CGO/PHL/O/I,0,Yes
FAB_STN,T,PHL,orig_typ,3,97.45,Goal,Root/div/station/orig_typ,FAB_STN/CGO/PHL/T,2,No
FAB_STN,D,T,dom_int,4,48.48,Goal,Root/div/station/orig_typ/dom_int,FAB_STN/CGO/PHL/T/D,0,Yes
FAB_STN,I,T,dom_int,4,51.52,Goal,Root/div/station/orig_typ/dom_int,FAB_STN/CGO/PHL/T/I,0,Yes
FAB_STN,PHX,CGO,station,2,0.12,Goal,Root/div/station,FAB_STN/CGO/PHX,2,No
FAB_STN,O,PHX,orig_typ,3,58.96,Goal,Root/div/station/orig_typ,FAB_STN/CGO/PHX/O,2,No
FAB_STN,D,O,dom_int,4,19.61,Goal,Root/div/station/orig_typ/dom_int,FAB_STN/CGO/PHX/O/D,0,Yes
FAB_STN,I,O,dom_int,4,80.39,Goal,Root/div/station/orig_typ/dom_int,FAB_STN/CGO/PHX/O/I,0,Yes
FAB_STN,T,PHX,orig_typ,3,41.04,Goal,Root/div/station/orig_typ,FAB_STN/CGO/PHX/T,2,No
FAB_STN,D,T,dom_int,4,85.71,Goal,Root/div/station/orig_typ/dom_int,FAB_STN/CGO/PHX/T/D,0,Yes
FAB_STN,I,T,dom_int,4,14.29,Goal,Root/div/station/orig_typ/dom_int,FAB_STN/CGO/PHX/T/I,0,Yes
FAB_STN,PIA,CGO,station,2,0.24,Goal,Root/div/station,FAB_STN/CGO/PIA,1,No
FAB_STN,O,PIA,orig_typ,3,100.0,Goal,Root/div/station/orig_typ,FAB_STN/CGO/PIA/O,1,No
FAB_STN,D,O,dom_int,4,100.0,Goal,Root/div/station/orig_typ/dom_int,FAB_STN/CGO/PIA/O/D,0,Yes
FAB_STN,PIH,CGO,station,2,0.09,Goal,Root/div/station,FAB_STN/CGO/PIH,2,No
FAB_STN,O,PIH,orig_typ,3,66.25,Goal,Root/div/station/orig_typ,FAB_STN/CGO/PIH/O,1,No
FAB_STN,D,O,dom_int,4,100.0,Goal,Root/div/station/orig_typ/dom_int,FAB_STN/CGO/PIH/O/D,0,Yes
FAB_STN,T,PIH,orig_typ,3,33.75,Goal,Root/div/station/orig_typ,FAB_STN/CGO/PIH/T,1,No
FAB_STN,D,T,dom_int,4,100.0,Goal,Root/div/station/orig_typ/dom_int,FAB_STN/CGO/PIH/T/D,0,Yes
FAB_STN,PIT,CGO,station,2,0.2,Goal,Root/div/station,FAB_STN/CGO/PIT,2,No
FAB_STN,O,PIT,orig_typ,3,83.81,Goal,Root/div/station/orig_typ,FAB_STN/CGO/PIT/O,2,No
FAB_STN,D,O,dom_int,4,87.76,Goal,Root/div/station/orig_typ/dom_int,FAB_STN/CGO/PIT/O/D,0,Yes
FAB_STN,I,O,dom_int,4,12.24,Goal,Root/div/station/orig_typ/dom_int,FAB_STN/CGO/PIT/O/I,0,Yes
FAB_STN,T,PIT,orig_typ,3,16.19,Goal,Root/div/station/orig_typ,FAB_STN/CGO/PIT/T,2,No
FAB_STN,D,T,dom_int,4,68.19,Goal,Root/div/station/orig_typ/dom_int,FAB_STN/CGO/PIT/T/D,0,Yes
FAB_STN,I,T,dom_int,4,31.81,Goal,Root/div/station/orig_typ/dom_int,FAB_STN/CGO/PIT/T/I,0,Yes
FAB_STN,PLN,CGO,station,2,0.36,Goal,Root/div/station,FAB_STN/CGO/PLN,1,No
FAB_STN,O,PLN,orig_typ,3,100.0,Goal,Root/div/station/orig_typ,FAB_STN/CGO/PLN/O,1,No
FAB_STN,D,O,dom_int,4,100.0,Goal,Root/div/station/orig_typ/dom_int,FAB_STN/CGO/PLN/O/D,0,Yes
FAB_STN,PNS,CGO,station,2,0.47,Goal,Root/div/station,FAB_STN/CGO/PNS,2,No
FAB_STN,O,PNS,orig_typ,3,66.33,Goal,Root/div/station/orig_typ,FAB_STN/CGO/PNS/O,2,No
FAB_STN,D,O,dom_int,4,73.43,Goal,Root/div/station/orig_typ/dom_int,FAB_STN/CGO/PNS/O/D,0,Yes
FAB_STN,I,O,dom_int,4,26.57,Goal,Root/div/station/orig_typ/dom_int,FAB_STN/CGO/PNS/O/I,0,Yes
FAB_STN,T,PNS,orig_typ,3,33.67,Goal,Root/div/station/orig_typ,FAB_STN/CGO/PNS/T,2,No
FAB_STN,D,T,dom_int,4,64.31,Goal,Root/div/station/orig_typ/dom_int,FAB_STN/CGO/PNS/T/D,0,Yes
FAB_STN,I,T,dom_int,4,35.69,Goal,Root/div/station/orig_typ/dom_int,FAB_STN/CGO/PNS/T/I,0,Yes
FAB_STN,PRG,CGO,station,2,0.35,Goal,Root/div/station,FAB_STN/CGO/PRG,2,No
FAB_STN,O,PRG,orig_typ,3,42.79,Goal,Root/div/station/orig_typ,FAB_STN/CGO/PRG/O,1,No
FAB_STN,I,O,dom_int,4,100.0,Goal,Root/div/station/orig_typ/dom_int,FAB_STN/CGO/PRG/O/I,0,Yes
FAB_STN,T,PRG,orig_typ,3,57.21,Goal,Root/div/station/orig_typ,FAB_STN/CGO/PRG/T,1,No
FAB_STN,I,T,dom_int,4,100.0,Goal,Root/div/station/orig_typ/dom_int,FAB_STN/CGO/PRG/T/I,0,Yes
FAB_STN,PSC,CGO,station,2,0.26,Goal,Root/div/station,FAB_STN/CGO/PSC,2,No
FAB_STN,O,PSC,orig_typ,3,55.3,Goal,Root/div/station/orig_typ,FAB_STN/CGO/PSC/O,1,No
FAB_STN,D,O,dom_int,4,100.0,Goal,Root/div/station/orig_typ/dom_int,FAB_STN/CGO/PSC/O/D,0,Yes
FAB_STN,T,PSC,orig_typ,3,44.7,Goal,Root/div/station/orig_typ,FAB_STN/CGO/PSC/T,1,No
FAB_STN,D,T,dom_int,4,100.0,Goal,Root/div/station/orig_typ/dom_int,FAB_STN/CGO/PSC/T/D,0,Yes
FAB_STN,PSP,CGO,station,2,0.21,Goal,Root/div/station,FAB_STN/CGO/PSP,1,No
FAB_STN,O,PSP,orig_typ,3,100.0,Goal,Root/div/station/orig_typ,FAB_STN/CGO/PSP/O,1,No
FAB_STN,D,O,dom_int,4,100.0,Goal,Root/div/station/orig_typ/dom_int,FAB_STN/CGO/PSP/O/D,0,Yes
FAB_STN,PTY,CGO,station,2,0.47,Goal,Root/div/station,FAB_STN/CGO/PTY,2,No
FAB_STN,O,PTY,orig_typ,3,8.59,Goal,Root/div/station/orig_typ,FAB_STN/CGO/PTY/O,1,No
FAB_STN,I,O,dom_int,4,100.0,Goal,Root/div/station/orig_typ/dom_int,FAB_STN/CGO/PTY/O/I,0,Yes
FAB_STN,T,PTY,orig_typ,3,91.41,Goal,Root/div/station/orig_typ,FAB_STN/CGO/PTY/T,1,No
FAB_STN,I,T,dom_int,4,100.0,Goal,Root/div/station/orig_typ/dom_int,FAB_STN/CGO/PTY/T/I,0,Yes
FAB_STN,PUJ,CGO,station,2,0.18,Goal,Root/div/station,FAB_STN/CGO/PUJ,2,No
FAB_STN,O,PUJ,orig_typ,3,69.73,Goal,Root/div/station/orig_typ,FAB_STN/CGO/PUJ/O,1,No
FAB_STN,I,O,dom_int,4,100.0,Goal,Root/div/station/orig_typ/dom_int,FAB_STN/CGO/PUJ/O/I,0,Yes
FAB_STN,T,PUJ,orig_typ,3,30.27,Goal,Root/div/station/orig_typ,FAB_STN/CGO/PUJ/T,1,No
FAB_STN,I,T,dom_int,4,100.0,Goal,Root/div/station/orig_typ/dom_int,FAB_STN/CGO/PUJ/T/I,0,Yes
FAB_STN,PVD,CGO,station,2,0.06,Goal,Root/div/station,FAB_STN/CGO/PVD,1,No
FAB_STN,O,PVD,orig_typ,3,100.0,Goal,Root/div/station/orig_typ,FAB_STN/CGO/PVD/O,2,No
FAB_STN,D,O,dom_int,4,41.16,Goal,Root/div/station/orig_typ/dom_int,FAB_STN/CGO/PVD/O/D,0,Yes
FAB_STN,I,O,dom_int,4,58.84,Goal,Root/div/station/orig_typ/dom_int,FAB_STN/CGO/PVD/O/I,0,Yes
FAB_STN,PVG,CGO,station,2,0.23,Goal,Root/div/station,FAB_STN/CGO/PVG,2,No
FAB_STN,O,PVG,orig_typ,3,44.18,Goal,Root/div/station/orig_typ,FAB_STN/CGO/PVG/O,2,No
FAB_STN,D,O,dom_int,4,40.81,Goal,Root/div/station/orig_typ/dom_int,FAB_STN/CGO/PVG/O/D,0,Yes
FAB_STN,I,O,dom_int,4,59.19,Goal,Root/div/station/orig_typ/dom_int,FAB_STN/CGO/PVG/O/I,0,Yes
FAB_STN,T,PVG,orig_typ,3,55.82,Goal,Root/div/station/orig_typ,FAB_STN/CGO/PVG/T,1,No
FAB_STN,I,T,dom_int,4,100.0,Goal,Root/div/station/orig_typ/dom_int,FAB_STN/CGO/PVG/T/I,0,Yes
FAB_STN,PWM,CGO,station,2,0.4,Goal,Root/div/station,FAB_STN/CGO/PWM,2,No
FAB_STN,O,PWM,orig_typ,3,21.69,Goal,Root/div/station/orig_typ,FAB_STN/CGO/PWM/O,2,No
FAB_STN,D,O,dom_int,4,73.66,Goal,Root/div/station/orig_typ/dom_int,FAB_STN/CGO/PWM/O/D,0,Yes
FAB_STN,I,O,dom_int,4,26.34,Goal,Root/div/station/orig_typ/dom_int,FAB_STN/CGO/PWM/O/I,0,Yes
FAB_STN,T,PWM,orig_typ,3,78.31,Goal,Root/div/station/orig_typ,FAB_STN/CGO/PWM/T,1,No
FAB_STN,D,T,dom_int,4,100.0,Goal,Root/div/station/orig_typ/dom_int,FAB_STN/CGO/PWM/T/D,0,Yes
FAB_STN,RAK,CGO,station,2,0.15,Goal,Root/div/station,FAB_STN/CGO/RAK,1,No
FAB_STN,O,RAK,orig_typ,3,100.0,Goal,Root/div/station/orig_typ,FAB_STN/CGO/RAK/O,1,No
FAB_STN,I,O,dom_int,4,100.0,Goal,Root/div/station/orig_typ/dom_int,FAB_STN/CGO/RAK/O/I,0,Yes
FAB_STN,RAP,CGO,station,2,0.01,Goal,Root/div/station,FAB_STN/CGO/RAP,1,No
FAB_STN,O,RAP,orig_typ,3,100.0,Goal,Root/div/station/orig_typ,FAB_STN/CGO/RAP/O,1,No
FAB_STN,D,O,dom_int,4,100.0,Goal,Root/div/station/orig_typ/dom_int,FAB_STN/CGO/RAP/O/D,0,Yes
FAB_STN,RDM,CGO,station,2,0.19,Goal,Root/div/station,FAB_STN/CGO/RDM,1,No
FAB_STN,O,RDM,orig_typ,3,100.0,Goal,Root/div/station/orig_typ,FAB_STN/CGO/RDM/O,1,No
FAB_STN,D,O,dom_int,4,100.0,Goal,Root/div/station/orig_typ/dom_int,FAB_STN/CGO/RDM/O/D,0,Yes
FAB_STN,RDU,CGO,station,2,0.24,Goal,Root/div/station,FAB_STN/CGO/RDU,2,No
FAB_STN,O,RDU,orig_typ,3,16.87,Goal,Root/div/station/orig_typ,FAB_STN/CGO/RDU/O,2,No
FAB_STN,D,O,dom_int,4,35.94,Goal,Root/div/station/orig_typ/dom_int,FAB_STN/CGO/RDU/O/D,0,Yes
FAB_STN,I,O,dom_int,4,64.06,Goal,Root/div/station/orig_typ/dom_int,FAB_STN/CGO/RDU/O/I,0,Yes
FAB_STN,T,RDU,orig_typ,3,83.13,Goal,Root/div/station/orig_typ,FAB_STN/CGO/RDU/T,2,No
FAB_STN,D,T,dom_int,4,88.73,Goal,Root/div/station/orig_typ/dom_int,FAB_STN/CGO/RDU/T/D,0,Yes
FAB_STN,I,T,dom_int,4,11.27,Goal,Root/div/station/orig_typ/dom_int,FAB_STN/CGO/RDU/T/I,0,Yes
FAB_STN,RHI,CGO,station,2,0.2,Goal,Root/div/station,FAB_STN/CGO/RHI,1,No
FAB_STN,O,RHI,orig_typ,3,100.0,Goal,Root/div/station/orig_typ,FAB_STN/CGO/RHI/O,1,No
FAB_STN,D,O,dom_int,4,100.0,Goal,Root/div/station/orig_typ/dom_int,FAB_STN/CGO/RHI/O/D,0,Yes
FAB_STN,RIC,CGO,station,2,0.37,Goal,Root/div/station,FAB_STN/CGO/RIC,2,No
FAB_STN,O,RIC,orig_typ,3,33.37,Goal,Root/div/station/orig_typ,FAB_STN/CGO/RIC/O,2,No
FAB_STN,D,O,dom_int,4,73.82,Goal,Root/div/station/orig_typ/dom_int,FAB_STN/CGO/RIC/O/D,0,Yes
FAB_STN,I,O,dom_int,4,26.18,Goal,Root/div/station/orig_typ/dom_int,FAB_STN/CGO/RIC/O/I,0,Yes
FAB_STN,T,RIC,orig_typ,3,66.63,Goal,Root/div/station/orig_typ,FAB_STN/CGO/RIC/T,1,No
FAB_STN,D,T,dom_int,4,100.0,Goal,Root/div/station/orig_typ/dom_int,FAB_STN/CGO/RIC/T/D,0,Yes
FAB_STN,RNO,CGO,station,2,0.34,Goal,Root/div/station,FAB_STN/CGO/RNO,2,No
FAB_STN,O,RNO,orig_typ,3,52.7,Goal,Root/div/station/orig_typ,FAB_STN/CGO/RNO/O,2,No
FAB_STN,D,O,dom_int,4,51.41,Goal,Root/div/station/orig_typ/dom_int,FAB_STN/CGO/RNO/O/D,0,Yes
FAB_STN,I,O,dom_int,4,48.59,Goal,Root/div/station/orig_typ/dom_int,FAB_STN/CGO/RNO/O/I,0,Yes
FAB_STN,T,RNO,orig_typ,3,47.3,Goal,Root/div/station/orig_typ,FAB_STN/CGO/RNO/T,1,No
FAB_STN,D,T,dom_int,4,100.0,Goal,Root/div/station/orig_typ/dom_int,FAB_STN/CGO/RNO/T/D,0,Yes
FAB_STN,ROA,CGO,station,2,0.38,Goal,Root/div/station,FAB_STN/CGO/ROA,1,No
FAB_STN,O,ROA,orig_typ,3,100.0,Goal,Root/div/station/orig_typ,FAB_STN/CGO/ROA/O,1,No
FAB_STN,D,O,dom_int,4,100.0,Goal,Root/div/station/orig_typ/dom_int,FAB_STN/CGO/ROA/O/D,0,Yes
FAB_STN,ROC,CGO,station,2,0.36,Goal,Root/div/station,FAB_STN/CGO/ROC,2,No
FAB_STN,O,ROC,orig_typ,3,0.42,Goal,Root/div/station/orig_typ,FAB_STN/CGO/ROC/O,2,No
FAB_STN,D,O,dom_int,4,7.28,Goal,Root/div/station/orig_typ/dom_int,FAB_STN/CGO/ROC/O/D,0,Yes
FAB_STN,I,O,dom_int,4,92.72,Goal,Root/div/station/orig_typ/dom_int,FAB_STN/CGO/ROC/O/I,0,Yes
FAB_STN,T,ROC,orig_typ,3,99.58,Goal,Root/div/station/orig_typ,FAB_STN/CGO/ROC/T,2,No
FAB_STN,D,T,dom_int,4,38.99,Goal,Root/div/station/orig_typ/dom_int,FAB_STN/CGO/ROC/T/D,0,Yes
FAB_STN,I,T,dom_int,4,61.01,Goal,Root/div/station/orig_typ/dom_int,FAB_STN/CGO/ROC/T/I,0,Yes
FAB_STN,RST,CGO,station,2,0.04,Goal,Root/div/station,FAB_STN/CGO/RST,1,No
FAB_STN,O,RST,orig_typ,3,100.0,Goal,Root/div/station/orig_typ,FAB_STN/CGO/RST/O,2,No
FAB_STN,D,O,dom_int,4,85.86,Goal,Root/div/station/orig_typ/dom_int,FAB_STN/CGO/RST/O/D,0,Yes
FAB_STN,I,O,dom_int,4,14.14,Goal,Root/div/station/orig_typ/dom_int,FAB_STN/CGO/RST/O/I,0,Yes
FAB_STN,RSW,CGO,station,2,0.02,Goal,Root/div/station,FAB_STN/CGO/RSW,2,No
FAB_STN,O,RSW,orig_typ,3,71.43,Goal,Root/div/station/orig_typ,FAB_STN/CGO/RSW/O,2,No
FAB_STN,D,O,dom_int,4,65.66,Goal,Root/div/station/orig_typ/dom_int,FAB_STN/CGO/RSW/O/D,0,Yes
FAB_STN,I,O,dom_int,4,34.34,Goal,Root/div/station/orig_typ/dom_int,FAB_STN/CGO/RSW/O/I,0,Yes
FAB_STN,T,RSW,orig_typ,3,28.57,Goal,Root/div/station/orig_typ,FAB_STN/CGO/RSW/T,1,No
FAB_STN,D,T,dom_int,4,100.0,Goal,Root/div/station/orig_typ/dom_int,FAB_STN/CGO/RSW/T/D,0,Yes
FAB_STN,SAL,CGO,station,2,0.36,Goal,Root/div/station,FAB_STN/CGO/SAL,2,No
FAB_STN,O,SAL,orig_typ,3,45.79,Goal,Root/div/station/orig_typ,FAB_STN/CGO/SAL/O,1,No
FAB_STN,I,O,dom_int,4,100.0,Goal,Root/div/station/orig_typ/dom_int,FAB_STN/CGO/SAL/O/I,0,Yes
FAB_STN,T,SAL,orig_typ,3,54.21,Goal,Root/div/station/orig_typ,FAB_STN/CGO/SAL/T,1,No
FAB_STN,I,T,dom_int,4,100.0,Goal,Root/div/station/orig_typ/dom_int,FAB_STN/CGO/SAL/T/I,0,Yes
FAB_STN,SAN,CGO,station,2,0.39,Goal,Root/div/station,FAB_STN/CGO/SAN,2,No
FAB_STN,O,SAN,orig_typ,3,44.51,Goal,Root/div/station/orig_typ,FAB_STN/CGO/SAN/O,2,No
FAB_STN,D,O,dom_int,4,34.13,Goal,Root/div/station/orig_typ/dom_int,FAB_STN/CGO/SAN/O/D,0,Yes
FAB_STN,I,O,dom_int,4,65.87,Goal,Root/div/station/orig_typ/dom_int,FAB_STN/CGO/SAN/O/I,0,Yes
FAB_STN,T,SAN,orig_typ,3,55.49,Goal,Root/div/station/orig_typ,FAB_STN/CGO/SAN/T,2,No
FAB_STN,D,T,dom_int,4,57.6,Goal,Root/div/station/orig_typ/dom_int,FAB_STN/CGO/SAN/T/D,0,Yes
FAB_STN,I,T,dom_int,4,42.4,Goal,Root/div/station/orig_typ/dom_int,FAB_STN/CGO/SAN/T/I,0,Yes
FAB_STN,SAP,CGO,station,2,0.29,Goal,Root/div/station,FAB_STN/CGO/SAP,2,No
FAB_STN,O,SAP,orig_typ,3,43.72,Goal,Root/div/station/orig_typ,FAB_STN/CGO/SAP/O,1,No
FAB_STN,I,O,dom_int,4,100.0,Goal,Root/div/station/orig_typ/dom_int,FAB_STN/CGO/SAP/O/I,0,Yes
FAB_STN,T,SAP,orig_typ,3,56.28,Goal,Root/div/station/orig_typ,FAB_STN/CGO/SAP/T,1,No
FAB_STN,I,T,dom_int,4,100.0,Goal,Root/div/station/orig_typ/dom_int,FAB_STN/CGO/SAP/T/I,0,Yes
FAB_STN,SAT,CGO,station,2,0.11,Goal,Root/div/station,FAB_STN/CGO/SAT,2,No
FAB_STN,O,SAT,orig_typ,3,28.67,Goal,Root/div/station/orig_typ,FAB_STN/CGO/SAT/O,2,No
FAB_STN,D,O,dom_int,4,31.87,Goal,Root/div/station/orig_typ/dom_int,FAB_STN/CGO/SAT/O/D,0,Yes
FAB_STN,I,O,dom_int,4,68.13,Goal,Root/div/station/orig_typ/dom_int,FAB_STN/CGO/SAT/O/I,0,Yes
FAB_STN,T,SAT,orig_typ,3,71.33,Goal,Root/div/station/orig_typ,FAB_STN/CGO/SAT/T,1,No
FAB_STN,D,T,dom_int,4,100.0,Goal,Root/div/station/orig_typ/dom_int,FAB_STN/CGO/SAT/T/D,0,Yes
FAB_STN,SAV,CGO,station,2,0.02,Goal,Root/div/station,FAB_STN/CGO/SAV,2,No
FAB_STN,O,SAV,orig_typ,3,38.27,Goal,Root/div/station/orig_typ,FAB_STN/CGO/SAV/O,2,No
FAB_STN,D,O,dom_int,4,57.14,Goal,Root/div/station/orig_typ/dom_int,FAB_STN/CGO/SAV/O/D,0,Yes
FAB_STN,I,O,dom_int,4,42.86,Goal,Root/div/station/orig_typ/dom_int,FAB_STN/CGO/SAV/O/I,0,Yes
FAB_STN,T,SAV,orig_typ,3,61.73,Goal,Root/div/station/orig_typ,FAB_STN/CGO/SAV/T,2,No
FAB_STN,D,T,dom_int,4,51.96,Goal,Root/div/station/orig_typ/dom_int,FAB_STN/CGO/SAV/T/D,0,Yes
FAB_STN,I,T,dom_int,4,48.04,Goal,Root/div/station/orig_typ/dom_int,FAB_STN/CGO/SAV/T/I,0,Yes
FAB_STN,SBN,CGO,station,2,0.11,Goal,Root/div/station,FAB_STN/CGO/SBN,2,No
FAB_STN,O,SBN,orig_typ,3,31.83,Goal,Root/div/station/orig_typ,FAB_STN/CGO/SBN/O,1,No
FAB_STN,D,O,dom_int,4,100.0,Goal,Root/div/station/orig_typ/dom_int,FAB_STN/CGO/SBN/O/D,0,Yes
FAB_STN,T,SBN,orig_typ,3,68.17,Goal,Root/div/station/orig_typ,FAB_STN/CGO/SBN/T,1,No
FAB_STN,D,T,dom_int,4,100.0,Goal,Root/div/station/orig_typ/dom_int,FAB_STN/CGO/SBN/T/D,0,Yes
FAB_STN,SCE,CGO,station,2,0.11,Goal,Root/div/station,FAB_STN/CGO/SCE,1,No
FAB_STN,O,SCE,orig_typ,3,100.0,Goal,Root/div/station/orig_typ,FAB_STN/CGO/SCE/O,1,No
FAB_STN,D,O,dom_int,4,100.0,Goal,Root/div/station/orig_typ/dom_int,FAB_STN/CGO/SCE/O/D,0,Yes
FAB_STN,SCL,CGO,station,2,0.17,Goal,Root/div/station,FAB_STN/CGO/SCL,2,No
FAB_STN,O,SCL,orig_typ,3,93.98,Goal,Root/div/station/orig_typ,FAB_STN/CGO/SCL/O,1,No
FAB_STN,I,O,dom_int,4,100.0,Goal,Root/div/station/orig_typ/dom_int,FAB_STN/CGO/SCL/O/I,0,Yes
FAB_STN,T,SCL,orig_typ,3,6.02,Goal,Root/div/station/orig_typ,FAB_STN/CGO/SCL/T,1,No
FAB_STN,I,T,dom_int,4,100.0,Goal,Root/div/station/orig_typ/dom_int,FAB_STN/CGO/SCL/T/I,0,Yes
FAB_STN,SDF,CGO,station,2,0.27,Goal,Root/div/station,FAB_STN/CGO/SDF,2,No
FAB_STN,O,SDF,orig_typ,3,44.38,Goal,Root/div/station/orig_typ,FAB_STN/CGO/SDF/O,2,No
FAB_STN,D,O,dom_int,4,53.82,Goal,Root/div/station/orig_typ/dom_int,FAB_STN/CGO/SDF/O/D,0,Yes
FAB_STN,I,O,dom_int,4,46.18,Goal,Root/div/station/orig_typ/dom_int,FAB_STN/CGO/SDF/O/I,0,Yes
FAB_STN,T,SDF,orig_typ,3,55.62,Goal,Root/div/station/orig_typ,FAB_STN/CGO/SDF/T,2,No
FAB_STN,D,T,dom_int,4,2.14,Goal,Root/div/station/orig_typ/dom_int,FAB_STN/CGO/SDF/T/D,0,Yes
FAB_STN,I,T,dom_int,4,97.86,Goal,Root/div/station/orig_typ/dom_int,FAB_STN/CGO/SDF/T/I,0,Yes
FAB_STN,SDQ,CGO,station,2,0.33,Goal,Root/div/station,FAB_STN/CGO/SDQ,2,No
FAB_STN,O,SDQ,orig_typ,3,4.02,Goal,Root/div/station/orig_typ,FAB_STN/CGO/SDQ/O,2,No
FAB_STN,D,O,dom_int,4,91.09,Goal,Root/div/station/orig_typ/dom_int,FAB_STN/CGO/SDQ/O/D,0,Yes
FAB_STN,I,O,dom_int,4,8.91,Goal,Root/div/station/orig_typ/dom_int,FAB_STN/CGO/SDQ/O/I,0,Yes
FAB_STN,T,SDQ,orig_typ,3,95.98,Goal,Root/div/station/orig_typ,FAB_STN/CGO/SDQ/T,1,No
FAB_STN,I,T,dom_int,4,100.0,Goal,Root/div/station/orig_typ/dom_int,FAB_STN/CGO/SDQ/T/I,0,Yes
FAB_STN,SEA,CGO,station,2,0.47,Goal,Root/div/station,FAB_STN/CGO/SEA,2,No
FAB_STN,O,SEA,orig_typ,3,14.47,Goal,Root/div/station/orig_typ,FAB_STN/CGO/SEA/O,2,No
FAB_STN,D,O,dom_int,4,24.64,Goal,Root/div/station/orig_typ/dom_int,FAB_STN/CGO/SEA/O/D,0,Yes
FAB_STN,I,O,dom_int,4,75.36,Goal,Root/div/station/orig_typ/dom_int,FAB_STN/CGO/SEA/O/I,0,Yes
FAB_STN,T,SEA,orig_typ,3,85.53,Goal,Root/div/station/orig_typ,FAB_STN/CGO/SEA/T,2,No
FAB_STN,D,T,dom_int,4,21.11,Goal,Root/div/station/orig_typ/dom_int,FAB_STN/CGO/SEA/T/D,0,Yes
FAB_STN,I,T,dom_int,4,78.89,Goal,Root/div/station/orig_typ/dom_int,FAB_STN/CGO/SEA/T/I,0,Yes
FAB_STN,SFO,CGO,station,2,0.34,Goal,Root/div/station,FAB_STN/CGO/SFO,2,No
FAB_STN,O,SFO,orig_typ,3,53.73,Goal,Root/div/station/orig_typ,FAB_STN/CGO/SFO/O,2,No
FAB_STN,D,O,dom_int,4,93.36,Goal,Root/div/station/orig_typ/dom_int,FAB_STN/CGO/SFO/O/D,0,Yes
FAB_STN,I,O,dom_int,4,6.64,Goal,Root/div/station/orig_typ/dom_int,FAB_STN/CGO/SFO/O/I,0,Yes
FAB_STN,T,SFO,orig_typ,3,46.27,Goal,Root/div/station/orig_typ,FAB_STN/CGO/SFO/T,2,No
FAB_STN,D,T,dom_int,4,7.32,Goal,Root/div/station/orig_typ/dom_int,FAB_STN/CGO/SFO/T/D,0,Yes
FAB_STN,I,T,dom_int,4,92.68,Goal,Root/div/station/orig_typ/dom_int,FAB_STN/CGO/SFO/T/I,0,Yes
FAB_STN,SGF,CGO,station,2,0.39,Goal,Root/div/station,FAB_STN/CGO/SGF,2,No
FAB_STN,O,SGF,orig_typ,3,60.08,Goal,Root/div/station/orig_typ,FAB_STN/CGO/SGF/O,2,No
FAB_STN,D,O,dom_int,4,50.08,Goal,Root/div/station/orig_typ/dom_int,FAB_STN/CGO/SGF/O/D,0,Yes
FAB_STN,I,O,dom_int,4,49.92,Goal,Root/div/station/orig_typ/dom_int,FAB_STN/CGO/SGF/O/I,0,Yes
FAB_STN,T,SGF,orig_typ,3,39.92,Goal,Root/div/station/orig_typ,FAB_STN/CGO/SGF/T,1,No
FAB_STN,D,T,dom_int,4,100.0,Goal,Root/div/station/orig_typ/dom_int,FAB_STN/CGO/SGF/T/D,0,Yes
FAB_STN,SGU,CGO,station,2,0.31,Goal,Root/div/station,FAB_STN/CGO/SGU,1,No
FAB_STN,O,SGU,orig_typ,3,100.0,Goal,Root/div/station/orig_typ,FAB_STN/CGO/SGU/O,1,No
FAB_STN,D,O,dom_int,4,100.0,Goal,Root/div/station/orig_typ/dom_int,FAB_STN/CGO/SGU/O/D,0,Yes
FAB_STN,SHV,CGO,station,2,0.12,Goal,Root/div/station,FAB_STN/CGO/SHV,2,No
FAB_STN,O,SHV,orig_typ,3,57.73,Goal,Root/div/station/orig_typ,FAB_STN/CGO/SHV/O,1,No
FAB_STN,D,O,dom_int,4,100.0,Goal,Root/div/station/orig_typ/dom_int,FAB_STN/CGO/SHV/O/D,0,Yes
FAB_STN,T,SHV,orig_typ,3,42.27,Goal,Root/div/station/orig_typ,FAB_STN/CGO/SHV/T,1,No
FAB_STN,D,T,dom_int,4,100.0,Goal,Root/div/station/orig_typ/dom_int,FAB_STN/CGO/SHV/T/D,0,Yes
FAB_STN,SIN,CGO,station,2,0.42,Goal,Root/div/station,FAB_STN/CGO/SIN,2,No
FAB_STN,O,SIN,orig_typ,3,99.28,Goal,Root/div/station/orig_typ,FAB_STN/CGO/SIN/O,1,No
FAB_STN,I,O,dom_int,4,100.0,Goal,Root/div/station/orig_typ/dom_int,FAB_STN/CGO/SIN/O/I,0,Yes
FAB_STN,T,SIN,orig_typ,3,0.72,Goal,Root/div/station/orig_typ,FAB_STN/CGO/SIN/T,1,No
FAB_STN,I,T,dom_int,4,100.0,Goal,Root/div/station/orig_typ/dom_int,FAB_STN/CGO/SIN/T/I,0,Yes
FAB_STN,SJC,CGO,station,2,0.24,Goal,Root/div/station,FAB_STN/CGO/SJC,2,No
FAB_STN,O,SJC,orig_typ,3,9.3,Goal,Root/div/station/orig_typ,FAB_STN/CGO/SJC/O,2,No
FAB_STN,D,O,dom_int,4,36.5,Goal,Root/div/station/orig_typ/dom_int,FAB_STN/CGO/SJC/O/D,0,Yes
FAB_STN,I,O,dom_int,4,63.5,Goal,Root/div/station/orig_typ/dom_int,FAB_STN/CGO/SJC/O/I,0,Yes
FAB_STN,T,SJC,orig_typ,3,90.7,Goal,Root/div/station/orig_typ,FAB_STN/CGO/SJC/T,1,No
FAB_STN,D,T,dom_int,4,100.0,Goal,Root/div/station/orig_typ/dom_int,FAB_STN/CGO/SJC/T/D,0,Yes
FAB_STN,SJO,CGO,station,2,0.2,Goal,Root/div/station,FAB_STN/CGO/SJO,2,No
FAB_STN,O,SJO,orig_typ,3,66.93,Goal,Root/div/station/orig_typ,FAB_STN/CGO/SJO/O,1,No
FAB_STN,I,O,dom_int,4,100.0,Goal,Root/div/station/orig_typ/dom_int,FAB_STN/CGO/SJO/O/I,0,Yes
FAB_STN,T,SJO,orig_typ,3,33.07,Goal,Root/div/station/orig_typ,FAB_STN/CGO/SJO/T,1,No
FAB_STN,I,T,dom_int,4,100.0,Goal,Root/div/station/orig_typ/dom_int,FAB_STN/CGO/SJO/T/I,0,Yes
FAB_STN,SJU,CGO,station,2,0.48,Goal,Root/div/station,FAB_STN/CGO/SJU,2,No
FAB_STN,O,SJU,orig_typ,3,45.23,Goal,Root/div/station/orig_typ,FAB_STN/CGO/SJU/O,2,No
FAB_STN,D,O,dom_int,4,38.23,Goal,Root/div/station/orig_typ/dom_int,FAB_STN/CGO/SJU/O/D,0,Yes
FAB_STN,I,O,dom_int,4,61.77,Goal,Root/div/station/orig_typ/dom_int,FAB_STN/CGO/SJU/O/I,0,Yes
FAB_STN,T,SJU,orig_typ,3,54.77,Goal,Root/div/station/orig_typ,FAB_STN/CGO/SJU/T,2,No
FAB_STN,D,T,dom_int,4,28.53,Goal,Root/div/station/orig_typ/dom_int,FAB_STN/CGO/SJU/T/D,0,Yes
FAB_STN,I,T,dom_int,4,71.47,Goal,Root/div/station/orig_typ/dom_int,FAB_STN/CGO/SJU/T/I,0,Yes
FAB_STN,SLC,CGO,station,2,0.35,Goal,Root/div/station,FAB_STN/CGO/SLC,2,No
FAB_STN,O,SLC,orig_typ,3,49.23,Goal,Root/div/station/orig_typ,FAB_STN/CGO/SLC/O,2,No
FAB_STN,D,O,dom_int,4,34.89,Goal,Root/div/station/orig_typ/dom_int,FAB_STN/CGO/SLC/O/D,0,Yes
FAB_STN,I,O,dom_int,4,65.11,Goal,Root/div/station/orig_typ/dom_int,FAB_STN/CGO/SLC/O/I,0,Yes
FAB_STN,T,SLC,orig_typ,3,50.77,Goal,Root/div/station/orig_typ,FAB_STN/CGO/SLC/T,2,No
FAB_STN,D,T,dom_int,4,70.9,Goal,Root/div/station/orig_typ/dom_int,FAB_STN/CGO/SLC/T/D,0,Yes
FAB_STN,I,T,dom_int,4,29.1,Goal,Root/div/station/orig_typ/dom_int,FAB_STN/CGO/SLC/T/I,0,Yes
FAB_STN,SMF,CGO,station,2,0.03,Goal,Root/div/station,FAB_STN/CGO/SMF,2,No
FAB_STN,O,SMF,orig_typ,3,27.6,Goal,Root/div/station/orig_typ,FAB_STN/CGO/SMF/O,2,No
FAB_STN,D,O,dom_int,4,94.75,Goal,Root/div/station/orig_typ/dom_int,FAB_STN/CGO/SMF/O/D,0,Yes
FAB_STN,I,O,dom_int,4,5.25,Goal,Root/div/station/orig_typ/dom_int,FAB_STN/CGO/SMF/O/I,0,Yes
FAB_STN,T,SMF,orig_typ,3,72.4,Goal,Root/div/station/orig_typ,FAB_STN/CGO/SMF/T,2,No
FAB_STN,D,T,dom_int,4,49.29,Goal,Root/div/station/orig_typ/dom_int,FAB_STN/CGO/SMF/T/D,0,Yes
FAB_STN,I,T,dom_int,4,50.71,Goal,Root/div/station/orig_typ/dom_int,FAB_STN/CGO/SMF/T/I,0,Yes
FAB_STN,SNA,CGO,station,2,0.06,Goal,Root/div/station,FAB_STN/CGO/SNA,2,No
FAB_STN,O,SNA,orig_typ,3,19.76,Goal,Root/div/station/orig_typ,FAB_STN/CGO/SNA/O,2,No
FAB_STN,D,O,dom_int,4,33.85,Goal,Root/div/station/orig_typ/dom_int,FAB_STN/CGO/SNA/O/D,0,Yes
FAB_STN,I,O,dom_int,4,66.15,Goal,Root/div/station/orig_typ/dom_int,FAB_STN/CGO/SNA/O/I,0,Yes
FAB_STN,T,SNA,orig_typ,3,80.24,Goal,Root/div/station/orig_typ,FAB_STN/CGO/SNA/T,1,No
FAB_STN,D,T,dom_int,4,100.0,Goal,Root/div/station/orig_typ/dom_int,FAB_STN/CGO/SNA/T/D,0,Yes
FAB_STN,SNN,CGO,station,2,0.48,Goal,Root/div/station,FAB_STN/CGO/SNN,2,No
FAB_STN,O,SNN,orig_typ,3,31.45,Goal,Root/div/station/orig_typ,FAB_STN/CGO/SNN/O,1,No
FAB_STN,I,O,dom_int,4,100.0,Goal,Root/div/station/orig_typ/dom_int,FAB_STN/CGO/SNN/O/I,0,Yes
FAB_STN,T,SNN,orig_typ,3,68.55,Goal,Root/div/station/orig_typ,FAB_STN/CGO/SNN/T,1,No
FAB_STN,I,T,dom_int,4,100.0,Goal,Root/div/station/orig_typ/dom_int,FAB_STN/CGO/SNN/T/I,0,Yes
FAB_STN,SOF,CGO,station,2,0.13,Goal,Root/div/station,FAB_STN/CGO/SOF,1,No
FAB_STN,T,SOF,orig_typ,3,100.0,Goal,Root/div/station/orig_typ,FAB_STN/CGO/SOF/T,1,No
FAB_STN,I,T,dom_int,4,100.0,Goal,Root/div/station/orig_typ/dom_int,FAB_STN/CGO/SOF/T/I,0,Yes
FAB_STN,SRQ,CGO,station,2,0.2,Goal,Root/div/station,FAB_STN/CGO/SRQ,2,No
FAB_STN,O,SRQ,orig_typ,3,53.31,Goal,Root/div/station/orig_typ,FAB_STN/CGO/SRQ/O,2,No
FAB_STN,D,O,dom_int,4,34.57,Goal,Root/div/station/orig_typ/dom_int,FAB_STN/CGO/SRQ/O/D,0,Yes
FAB_STN,I,O,dom_int,4,65.43,Goal,Root/div/station/orig_typ/dom_int,FAB_STN/CGO/SRQ/O/I,0,Yes
FAB_STN,T,SRQ,orig_typ,3,46.69,Goal,Root/div/station/orig_typ,FAB_STN/CGO/SRQ/T,1,No
FAB_STN,D,T,dom_int,4,100.0,Goal,Root/div/station/orig_typ/dom_int,FAB_STN/CGO/SRQ/T/D,0,Yes
FAB_STN,STI,CGO,station,2,0.21,Goal,Root/div/station,FAB_STN/CGO/STI,2,No
FAB_STN,O,STI,orig_typ,3,6.5,Goal,Root/div/station/orig_typ,FAB_STN/CGO/STI/O,2,No
FAB_STN,D,O,dom_int,4,82.05,Goal,Root/div/station/orig_typ/dom_int,FAB_STN/CGO/STI/O/D,0,Yes
FAB_STN,I,O,dom_int,4,17.95,Goal,Root/div/station/orig_typ/dom_int,FAB_STN/CGO/STI/O/I,0,Yes
FAB_STN,T,STI,orig_typ,3,93.5,Goal,Root/div/station/orig_typ,FAB_STN/CGO/STI/T,1,No
FAB_STN,I,T,dom_int,4,100.0,Goal,Root/div/station/orig_typ/dom_int,FAB_STN/CGO/STI/T/I,0,Yes
FAB_STN,STL,CGO,station,2,0.43,Goal,Root/div/station,FAB_STN/CGO/STL,2,No
FAB_STN,O,STL,orig_typ,3,50.88,Goal,Root/div/station/orig_typ,FAB_STN/CGO/STL/O,2,No
FAB_STN,D,O,dom_int,4,87.4,Goal,Root/div/station/orig_typ/dom_int,FAB_STN/CGO/STL/O/D,0,Yes
FAB_STN,I,O,dom_int,4,12.6,Goal,Root/div/station/orig_typ/dom_int,FAB_STN/CGO/STL/O/I,0,Yes
FAB_STN,T,STL,orig_typ,3,49.12,Goal,Root/div/station/orig_typ,FAB_STN/CGO/STL/T,1,No
FAB_STN,D,T,dom_int,4,100.0,Goal,Root/div/station/orig_typ/dom_int,FAB_STN/CGO/STL/T/D,0,Yes
FAB_STN,STR,CGO,station,2,0.46,Goal,Root/div/station,FAB_STN/CGO/STR,2,No
FAB_STN,O,STR,orig_typ,3,90.16,Goal,Root/div/station/orig_typ,FAB_STN/CGO/STR/O,1,No
FAB_STN,I,O,dom_int,4,100.0,Goal,Root/div/station/orig_typ/dom_int,FAB_STN/CGO/STR/O/I,0,Yes
FAB_STN,T,STR,orig_typ,3,9.84,Goal,Root/div/station/orig_typ,FAB_STN/CGO/STR/T,1,No
FAB_STN,I,T,dom_int,4,100.0,Goal,Root/div/station/orig_typ/dom_int,FAB_STN/CGO/STR/T/I,0,Yes
FAB_STN,SUN,CGO,station,2,0.29,Goal,Root/div/station,FAB_STN/CGO/SUN,1,No
FAB_STN,O,SUN,orig_typ,3,100.0,Goal,Root/div/station/orig_typ,FAB_STN/CGO/SUN/O,1,No
FAB_STN,D,O,dom_int,4,100.0,Goal,Root/div/station/orig_typ/dom_int,FAB_STN/CGO/SUN/O/D,0,Yes
FAB_STN,SWF,CGO,station,2,0.16,Goal,Root/div/station,FAB_STN/CGO/SWF,1,No
FAB_STN,O,SWF,orig_typ,3,100.0,Goal,Root/div/station/orig_typ,FAB_STN/CGO/SWF/O,1,No
FAB_STN,D,O,dom_int,4,100.0,Goal,Root/div/station/orig_typ/dom_int,FAB_STN/CGO/SWF/O/D,0,Yes
FAB_STN,SYD,CGO,station,2,0.06,Goal,Root/div/station,FAB_STN/CGO/SYD,2,No
FAB_STN,O,SYD,orig_typ,3,62.31,Goal,Root/div/station/orig_typ,FAB_STN/CGO/SYD/O,1,No
FAB_STN,I,O,dom_int,4,100.0,Goal,Root/div/station/orig_typ/dom_int,FAB_STN/CGO/SYD/O/I,0,Yes
FAB_STN,T,SYD,orig_typ,3,37.69,Goal,Root/div/station/orig_typ,FAB_STN/CGO/SYD/T,1,No
FAB_STN,I,T,dom_int,4,100.0,Goal,Root/div/station/orig_typ/dom_int,FAB_STN/CGO/SYD/T/I,0,Yes
FAB_STN,SYR,CGO,station,2,0.33,Goal,Root/div/station,FAB_STN/CGO/SYR,1,No
FAB_STN,O,SYR,orig_typ,3,100.0,Goal,Root/div/station/orig_typ,FAB_STN/CGO/SYR/O,1,No
FAB_STN,D,O,dom_int,4,100.0,Goal,Root/div/station/orig_typ/dom_int,FAB_STN/CGO/SYR/O/D,0,Yes
FAB_STN,TGU,CGO,station,2,0.2,Goal,Root/div/station,FAB_STN/CGO/TGU,1,No
FAB_STN,O,TGU,orig_typ,3,100.0,Goal,Root/div/station/orig_typ,FAB_STN/CGO/TGU/O,1,No
FAB_STN,I,O,dom_int,4,100.0,Goal,Root/div/station/orig_typ/dom_int,FAB_STN/CGO/TGU/O/I,0,Yes
FAB_STN,TLH,CGO,station,2,0.49,Goal,Root/div/station,FAB_STN/CGO/TLH,1,No
FAB_STN,O,TLH,orig_typ,3,100.0,Goal,Root/div/station/orig_typ,FAB_STN/CGO/TLH/O,2,No
FAB_STN,D,O,dom_int,4,80.53,Goal,Root/div/station/orig_typ/dom_int,FAB_STN/CGO/TLH/O/D,0,Yes
FAB_STN,I,O,dom_int,4,19.47,Goal,Root/div/station/orig_typ/dom_int,FAB_STN/CGO/TLH/O/I,0,Yes
FAB_STN,TLV,CGO,station,2,0.19,Goal,Root/div/station,FAB_STN/CGO/TLV,2,No
FAB_STN,O,TLV,orig_typ,3,5.2,Goal,Root/div/station/orig_typ,FAB_STN/CGO/TLV/O,1,No
FAB_STN,I,O,dom_int,4,100.0,Goal,Root/div/station/orig_typ/dom_int,FAB_STN/CGO/TLV/O/I,0,Yes
FAB_STN,T,TLV,orig_typ,3,94.8,Goal,Root/div/station/orig_typ,FAB_STN/CGO/TLV/T,1,No
FAB_STN,I,T,dom_int,4,100.0,Goal,Root/div/station/orig_typ/dom_int,FAB_STN/CGO/TLV/T/I,0,Yes
FAB_STN,TPA,CGO,station,2,0.48,Goal,Root/div/station,FAB_STN/CGO/TPA,2,No
FAB_STN,O,TPA,orig_typ,3,40.47,Goal,Root/div/station/orig_typ,FAB_STN/CGO/TPA/O,2,No
FAB_STN,D,O,dom_int,4,83.34,Goal,Root/div/station/orig_typ/dom_int,FAB_STN/CGO/TPA/O/D,0,Yes
FAB_STN,I,O,dom_int,4,16.66,Goal,Root/div/station/orig_typ/dom_int,FAB_STN/CGO/TPA/O/I,0,Yes
FAB_STN,T,TPA,orig_typ,3,59.53,Goal,Root/div/station/orig_typ,FAB_STN/CGO/TPA/T,2,No
FAB_STN,D,T,dom_int,4,44.39,Goal,Root/div/station/orig_typ/dom_int,FAB_STN/CGO/TPA/T/D,0,Yes
FAB_STN,I,T,dom_int,4,55.61,Goal,Root/div/station/orig_typ/dom_int,FAB_STN/CGO/TPA/T/I,0,Yes
FAB_STN,TPE,CGO,station,2,0.03,Goal,Root/div/station,FAB_STN/CGO/TPE,2,No
FAB_STN,O,TPE,orig_typ,3,60.74,Goal,Root/div/station/orig_typ,FAB_STN/CGO/TPE/O,1,No
FAB_STN,I,O,dom_int,4,100.0,Goal,Root/div/station/orig_typ/dom_int,FAB_STN/CGO/TPE/O/I,0,Yes
FAB_STN,T,TPE,orig_typ,3,39.26,Goal,Root/div/station/orig_typ,FAB_STN/CGO/TPE/T,1,No
FAB_STN,I,T,dom_int,4,100.0,Goal,Root/div/station/orig_typ/dom_int,FAB_STN/CGO/TPE/T/I,0,Yes
FAB_STN,TRI,CGO,station,2,0.26,Goal,Root/div/station,FAB_STN/CGO/TRI,2,No
FAB_STN,O,TRI,orig_typ,3,49.63,Goal,Root/div/station/orig_typ,FAB_STN/CGO/TRI/O,2,No
FAB_STN,D,O,dom_int,4,26.01,Goal,Root/div/station/orig_typ/dom_int,FAB_STN/CGO/TRI/O/D,0,Yes
FAB_STN,I,O,dom_int,4,73.99,Goal,Root/div/station/orig_typ/dom_int,FAB_STN/CGO/TRI/O/I,0,Yes
FAB_STN,T,TRI,orig_typ,3,50.37,Goal,Root/div/station/orig_typ,FAB_STN/CGO/TRI/T,1,No
FAB_STN,D,T,dom_int,4,100.0,Goal,Root/div/station/orig_typ/dom_int,FAB_STN/CGO/TRI/T/D,0,Yes
FAB_STN,TUL,CGO,station,2,0.05,Goal,Root/div/station,FAB_STN/CGO/TUL,2,No
FAB_STN,O,TUL,orig_typ,3,93.2,Goal,Root/div/station/orig_typ,FAB_STN/CGO/TUL/O,1,No
FAB_STN,D,O,dom_int,4,100.0,Goal,Root/div/station/orig_typ/dom_int,FAB_STN/CGO/TUL/O/D,0,Yes
FAB_STN,T,TUL,orig_typ,3,6.8,Goal,Root/div/station/orig_typ,FAB_STN/CGO/TUL/T,1,No
FAB_STN,D,T,dom_int,4,100.0,Goal,Root/div/station/orig_typ/dom_int,FAB_STN/CGO/TUL/T/D,0,Yes
FAB_STN,TUS,CGO,station,2,0.48,Goal,Root/div/station,FAB_STN/CGO/TUS,2,No
FAB_STN,O,TUS,orig_typ,3,74.66,Goal,Root/div/station/orig_typ,FAB_STN/CGO/TUS/O,2,No
FAB_STN,D,O,dom_int,4,72.77,Goal,Root/div/station/orig_typ/dom_int,FAB_STN/CGO/TUS/O/D,0,Yes
FAB_STN,I,O,dom_int,4,27.23,Goal,Root/div/station/orig_typ/dom_int,FAB_STN/CGO/TUS/O/I,0,Yes
FAB_STN,T,TUS,orig_typ,3,25.34,Goal,Root/div/station/orig_typ,FAB_STN/CGO/TUS/T,1,No
FAB_STN,D,T,dom_int,4,100.0,Goal,Root/div/station/orig_typ/dom_int,FAB_STN/CGO/TUS/T/D,0,Yes
FAB_STN,TVC,CGO,station,2,0.06,Goal,Root/div/station,FAB_STN/CGO/TVC,2,No
FAB_STN,O,TVC,orig_typ,3,74.33,Goal,Root/div/station/orig_typ,FAB_STN/CGO/TVC/O,1,No
FAB_STN,D,O,dom_int,4,100.0,Goal,Root/div/station/orig_typ/dom_int,FAB_STN/CGO/TVC/O/D,0,Yes
FAB_STN,T,TVC,orig_typ,3,25.67,Goal,Root/div/station/orig_typ,FAB_STN/CGO/TVC/T,1,No
FAB_STN,D,T,dom_int,4,100.0,Goal,Root/div/station/orig_typ/dom_int,FAB_STN/CGO/TVC/T/D,0,Yes
FAB_STN,TWF,CGO,station,2,0.03,Goal,Root/div/station,FAB_STN/CGO/TWF,1,No
FAB_STN,O,TWF,orig_typ,3,100.0,Goal,Root/div/station/orig_typ,FAB_STN/CGO/TWF/O,1,No
FAB_STN,D,O,dom_int,4,100.0,Goal,Root/div/station/orig_typ/dom_int,FAB_STN/CGO/TWF/O/D,0,Yes
FAB_STN,TXL,CGO,station,2,0.39,Goal,Root/div/station,FAB_STN/CGO/TXL,2,No
FAB_STN,O,TXL,orig_typ,3,8.26,Goal,Root/div/station/orig_typ,FAB_STN/CGO/TXL/O,1,No
FAB_STN,I,O,dom_int,4,100.0,Goal,Root/div/station/orig_typ/dom_int,FAB_STN/CGO/TXL/O/I,0,Yes
FAB_STN,T,TXL,orig_typ,3,91.74,Goal,Root/div/station/orig_typ,FAB_STN/CGO/TXL/T,1,No
FAB_STN,I,T,dom_int,4,100.0,Goal,Root/div/station/orig_typ/dom_int,FAB_STN/CGO/TXL/T/I,0,Yes
FAB_STN,TYS,CGO,station,2,0.27,Goal,Root/div/station,FAB_STN/CGO/TYS,2,No
FAB_STN,O,TYS,orig_typ,3,19.95,Goal,Root/div/station/orig_typ,FAB_STN/CGO/TYS/O,2,No
FAB_STN,D,O,dom_int,4,68.59,Goal,Root/div/station/orig_typ/dom_int,FAB_STN/CGO/TYS/O/D,0,Yes
FAB_STN,I,O,dom_int,4,31.41,Goal,Root/div/station/orig_typ/dom_int,FAB_STN/CGO/TYS/O/I,0,Yes
FAB_STN,T,TYS,orig_typ,3,80.05,Goal,Root/div/station/orig_typ,FAB_STN/CGO/TYS/T,1,No
FAB_STN,D,T,dom_int,4,100.0,Goal,Root/div/station/orig_typ/dom_int,FAB_STN/CGO/TYS/T/D,0,Yes
FAB_STN,UIO,CGO,station,2,0.32,Goal,Root/div/station,FAB_STN/CGO/UIO,2,No
FAB_STN,O,UIO,orig_typ,3,40.42,Goal,Root/div/station/orig_typ,FAB_STN/CGO/UIO/O,1,No
FAB_STN,I,O,dom_int,4,100.0,Goal,Root/div/station/orig_typ/dom_int,FAB_STN/CGO/UIO/O/I,0,Yes
FAB_STN,T,UIO,orig_typ,3,59.58,Goal,Root/div/station/orig_typ,FAB_STN/CGO/UIO/T,1,No
FAB_STN,I,T,dom_int,4,100.0,Goal,Root/div/station/orig_typ/dom_int,FAB_STN/CGO/UIO/T/I,0,Yes
FAB_STN,UVF,CGO,station,2,0.08,Goal,Root/div/station,FAB_STN/CGO/UVF,1,No
FAB_STN,O,UVF,orig_typ,3,100.0,Goal,Root/div/station/orig_typ,FAB_STN/CGO/UVF/O,1,No
FAB_STN,I,O,dom_int,4,100.0,Goal,Root/div/station/orig_typ/dom_int,FAB_STN/CGO/UVF/O/I,0,Yes
FAB_STN,VCE,CGO,station,2,0.27,Goal,Root/div/station,FAB_STN/CGO/VCE,2,No
FAB_STN,O,VCE,orig_typ,3,45.12,Goal,Root/div/station/orig_typ,FAB_STN/CGO/VCE/O,1,No
FAB_STN,I,O,dom_int,4,100.0,Goal,Root/div/station/orig_typ/dom_int,FAB_STN/CGO/VCE/O/I,0,Yes
FAB_STN,T,VCE,orig_typ,3,54.88,Goal,Root/div/station/orig_typ,FAB_STN/CGO/VCE/T,1,No
FAB_STN,I,T,dom_int,4,100.0,Goal,Root/div/station/orig_typ/dom_int,FAB_STN/CGO/VCE/T/I,0,Yes
FAB_STN,VLC,CGO,station,2,0.2,Goal,Root/div/station,FAB_STN/CGO/VLC,2,No
FAB_STN,O,VLC,orig_typ,3,65.76,Goal,Root/div/station/orig_typ,FAB_STN/CGO/VLC/O,1,No
FAB_STN,I,O,dom_int,4,100.0,Goal,Root/div/station/orig_typ/dom_int,FAB_STN/CGO/VLC/O/I,0,Yes
FAB_STN,T,VLC,orig_typ,3,34.24,Goal,Root/div/station/orig_typ,FAB_STN/CGO/VLC/T,1,No
FAB_STN,I,T,dom_int,4,100.0,Goal,Root/div/station/orig_typ/dom_int,FAB_STN/CGO/VLC/T/I,0,Yes
FAB_STN,VLD,CGO,station,2,0.12,Goal,Root/div/station,FAB_STN/CGO/VLD,1,No
FAB_STN,O,VLD,orig_typ,3,100.0,Goal,Root/div/station/orig_typ,FAB_STN/CGO/VLD/O,1,No
FAB_STN,D,O,dom_int,4,100.0,Goal,Root/div/station/orig_typ/dom_int,FAB_STN/CGO/VLD/O/D,0,Yes
FAB_STN,VPS,CGO,station,2,0.09,Goal,Root/div/station,FAB_STN/CGO/VPS,2,No
FAB_STN,O,VPS,orig_typ,3,94.53,Goal,Root/div/station/orig_typ,FAB_STN/CGO/VPS/O,2,No
FAB_STN,D,O,dom_int,4,56.79,Goal,Root/div/station/orig_typ/dom_int,FAB_STN/CGO/VPS/O/D,0,Yes
FAB_STN,I,O,dom_int,4,43.21,Goal,Root/div/station/orig_typ/dom_int,FAB_STN/CGO/VPS/O/I,0,Yes
FAB_STN,T,VPS,orig_typ,3,5.47,Goal,Root/div/station/orig_typ,FAB_STN/CGO/VPS/T,1,No
FAB_STN,D,T,dom_int,4,100.0,Goal,Root/div/station/orig_typ/dom_int,FAB_STN/CGO/VPS/T/D,0,Yes
FAB_STN,WAW,CGO,station,2,0.39,Goal,Root/div/station,FAB_STN/CGO/WAW,1,No
FAB_STN,O,WAW,orig_typ,3,100.0,Goal,Root/div/station/orig_typ,FAB_STN/CGO/WAW/O,1,No
FAB_STN,I,O,dom_int,4,100.0,Goal,Root/div/station/orig_typ/dom_int,FAB_STN/CGO/WAW/O/I,0,Yes
FAB_STN,XNA,CGO,station,2,0.07,Goal,Root/div/station,FAB_STN/CGO/XNA,2,No
FAB_STN,O,XNA,orig_typ,3,63.02,Goal,Root/div/station/orig_typ,FAB_STN/CGO/XNA/O,2,No
FAB_STN,D,O,dom_int,4,58.3,Goal,Root/div/station/orig_typ/dom_int,FAB_STN/CGO/XNA/O/D,0,Yes
FAB_STN,I,O,dom_int,4,41.7,Goal,Root/div/station/orig_typ/dom_int,FAB_STN/CGO/XNA/O/I,0,Yes
FAB_STN,T,XNA,orig_typ,3,36.98,Goal,Root/div/station/orig_typ,FAB_STN/CGO/XNA/T,1,No
FAB_STN,D,T,dom_int,4,100.0,Goal,Root/div/station/orig_typ/dom_int,FAB_STN/CGO/XNA/T/D,0,Yes
FAB_STN,ZRH,CGO,station,2,0.49,Goal,Root/div/station,FAB_STN/CGO/ZRH,2,No
FAB_STN,O,ZRH,orig_typ,3,70.68,Goal,Root/div/station/orig_typ,FAB_STN/CGO/ZRH/O,1,No
FAB_STN,I,O,dom_int,4,100.0,Goal,Root/div/station/orig_typ/dom_int,FAB_STN/CGO/ZRH/O/I,0,Yes
FAB_STN,T,ZRH,orig_typ,3,29.32,Goal,Root/div/station/orig_typ,FAB_STN/CGO/ZRH/T,2,No
FAB_STN,D,T,dom_int,4,70.47,Goal,Root/div/station/orig_typ/dom_int,FAB_STN/CGO/ZRH/T/D,0,Yes
FAB_STN,I,T,dom_int,4,29.53,Goal,Root/div/station/orig_typ/dom_int,FAB_STN/CGO/ZRH/T/I,0,Yes
FAB_STN,Domestic,CGO,tier_2,2,0.39,Goal,Root/div/tier_2,FAB_STN/CGO/Domestic,2,No
FAB_STN,O,Domestic,orig_typ,3,43.26,Goal,Root/div/tier_2/orig_typ,FAB_STN/CGO/Domestic/O,2,No
FAB_STN,D,O,dom_int,4,53.32,Goal,Root/div/tier_2/orig_typ/dom_int,FAB_STN/CGO/Domestic/O/D,0,Yes
FAB_STN,I,O,dom_int,4,46.68,Goal,Root/div/tier_2/orig_typ/dom_int,FAB_STN/CGO/Domestic/O/I,0,Yes
FAB_STN,T,Domestic,orig_typ,3,56.74,Goal,Root/div/tier_2/orig_typ,FAB_STN/CGO/Domestic/T,2,No
FAB_STN,D,T,dom_int,4,3.02,Goal,Root/div/tier_2/orig_typ/dom_int,FAB_STN/CGO/Domestic/T/D,0,Yes
FAB_STN,I,T,dom_int,4,96.98,Goal,Root/div/tier_2/orig_typ/dom_int,FAB_STN/CGO/Domestic/T/I,0,Yes
FAB_STN,International,CGO,tier_2,2,0.31,Goal,Root/div/tier_2,FAB_STN/CGO/International,2,No
FAB_STN,O,International,orig_typ,3,54.37,Goal,Root/div/tier_2/orig_typ,FAB_STN/CGO/International/O,2,No
FAB_STN,D,O,dom_int,4,60.43,Goal,Root/div/tier_2/orig_typ/dom_int,FAB_STN/CGO/International/O/D,0,Yes
FAB_STN,I,O,dom_int,4,39.57,Goal,Root/div/tier_2/orig_typ/dom_int,FAB_STN/CGO/International/O/I,0,Yes
FAB_STN,T,International,orig_typ,3,45.63,Goal,Root/div/tier_2/orig_typ,FAB_STN/CGO/International/T,2,No
FAB_STN,D,T,dom_int,4,68.08,Goal,Root/div/tier_2/orig_typ/dom_int,FAB_STN/CGO/International/T/D,0,Yes
FAB_STN,I,T,dom_int,4,31.92,Goal,Root/div/tier_2/orig_typ/dom_int,FAB_STN/CGO/International/T/I,0,Yes
FAB_STN,APAC,CGO,tier_4,2,0.12,Goal,Root/div/tier_4,FAB_STN/CGO/APAC,2,No
FAB_STN,O,APAC,orig_typ,3,37.62,Goal,Root/div/tier_4/orig_typ,FAB_STN/CGO/APAC/O,2,No
FAB_STN,D,O,dom_int,4,65.25,Goal,Root/div/tier_4/orig_typ/dom_int,FAB_STN/CGO/APAC/O/D,0,Yes
FAB_STN,I,O,dom_int,4,34.75,Goal,Root/div/tier_4/orig_typ/dom_int,FAB_STN/CGO/APAC/O/I,0,Yes
FAB_STN,T,APAC,orig_typ,3,62.38,Goal,Root/div/tier_4/orig_typ,FAB_STN/CGO/APAC/T,2,No
FAB_STN,D,T,dom_int,4,60.92,Goal,Root/div/tier_4/orig_typ/dom_int,FAB_STN/CGO/APAC/T/D,0,Yes
FAB_STN,I,T,dom_int,4,39.08,Goal,Root/div/tier_4/orig_typ/dom_int,FAB_STN/CGO/APAC/T/I,0,Yes
FAB_STN,CentralHub,CGO,tier_4,2,0.19,Goal,Root/div/tier_4,FAB_STN/CGO/CentralHub,2,No
FAB_STN,O,CentralHub,orig_typ,3,67.02,Goal,Root/div/tier_4/orig_typ,FAB_STN/CGO/CentralHub/O,2,No
FAB_STN,D,O,dom_int,4,63.79,Goal,Root/div/tier_4/orig_typ/dom_int,FAB_STN/CGO/CentralHub/O/D,0,Yes
FAB_STN,I,O,dom_int,4,36.21,Goal,Root/div/tier_4/orig_typ/dom_int,FAB_STN/CGO/CentralHub/O/I,0,Yes
FAB_STN,T,CentralHub,orig_typ,3,32.98,Goal,Root/div/tier_4/orig_typ,FAB_STN/CGO/CentralHub/T,2,No
FAB_STN,D,T,dom_int,4,95.37,Goal,Root/div/tier_4/orig_typ/dom_int,FAB_STN/CGO/CentralHub/T/D,0,Yes
FAB_STN,I,T,dom_int,4,4.63,Goal,Root/div/tier_4/orig_typ/dom_int,FAB_STN/CGO/CentralHub/T/I,0,Yes
FAB_STN,EastHub,CGO,tier_4,2,0.43,Goal,Root/div/tier_4,FAB_STN/CGO/EastHub,2,No
FAB_STN,O,EastHub,orig_typ,3,16.05,Goal,Root/div/tier_4/orig_typ,FAB_STN/CGO/EastHub/O,2,No
FAB_STN,D,O,dom_int,4,60.36,Goal,Root/div/tier_4/orig_typ/dom_int,FAB_STN/CGO/EastHub/O/D,0,Yes
FAB_STN,I,O,dom_int,4,39.64,Goal,Root/div/tier_4/orig_typ/dom_int,FAB_STN/CGO/EastHub/O/I,0,Yes
FAB_STN,T,EastHub,orig_typ,3,83.95,Goal,Root/div/tier_4/orig_typ,FAB_STN/CGO/EastHub/T,2,No
FAB_STN,D,T,dom_int,4,54.92,Goal,Root/div/tier_4/orig_typ/dom_int,FAB_STN/CGO/EastHub/T/D,0,Yes
FAB_STN,I,T,dom_int,4,45.08,Goal,Root/div/tier_4/orig_typ/dom_int,FAB_STN/CGO/EastHub/T/I,0,Yes
FAB_STN,EMEIA,CGO,tier_4,2,0.26,Goal,Root/div/tier_4,FAB_STN/CGO/EMEIA,2,No
FAB_STN,O,EMEIA,orig_typ,3,97.7,Goal,Root/div/tier_4/orig_typ,FAB_STN/CGO/EMEIA/O,2,No
FAB_STN,D,O,dom_int,4,65.4,Goal,Root/div/tier_4/orig_typ/dom_int,FAB_STN/CGO/EMEIA/O/D,0,Yes
FAB_STN,I,O,dom_int,4,34.6,Goal,Root/div/tier_4/orig_typ/dom_int,FAB_STN/CGO/EMEIA/O/I,0,Yes
FAB_STN,T,EMEIA,orig_typ,3,2.3,Goal,Root/div/tier_4/orig_typ,FAB_STN/CGO/EMEIA/T,1,No
FAB_STN,I,T,dom_int,4,100.0,Goal,Root/div/tier_4/orig_typ/dom_int,FAB_STN/CGO/EMEIA/T/I,0,Yes
FAB_STN,LAC,CGO,tier_4,2,0.36,Goal,Root/div/tier_4,FAB_STN/CGO/LAC,2,No
FAB_STN,O,LAC,orig_typ,3,51.6,Goal,Root/div/tier_4/orig_typ,FAB_STN/CGO/LAC/O,2,No
FAB_STN,D,O,dom_int,4,27.99,Goal,Root/div/tier_4/orig_typ/dom_int,FAB_STN/CGO/LAC/O/D,0,Yes
FAB_STN,I,O,dom_int,4,72.01,Goal,Root/div/tier_4/orig_typ/dom_int,FAB_STN/CGO/LAC/O/I,0,Yes
FAB_STN,T,LAC,orig_typ,3,48.4,Goal,Root/div/tier_4/orig_typ,FAB_STN/CGO/LAC/T,1,No
FAB_STN,I,T,dom_int,4,100.0,Goal,Root/div/tier_4/orig_typ/dom_int,FAB_STN/CGO/LAC/T/I,0,Yes
FAB_STN,LATAM,CGO,tier_4,2,0.28,Goal,Root/div/tier_4,FAB_STN/CGO/LATAM,2,No
FAB_STN,O,LATAM,orig_typ,3,40.27,Goal,Root/div/tier_4/orig_typ,FAB_STN/CGO/LATAM/O,2,No
FAB_STN,D,O,dom_int,4,49.15,Goal,Root/div/tier_4/orig_typ/dom_int,FAB_STN/CGO/LATAM/O/D,0,Yes
FAB_STN,I,O,dom_int,4,50.85,Goal,Root/div/tier_4/orig_typ/dom_int,FAB_STN/CGO/LATAM/O/I,0,Yes
FAB_STN,T,LATAM,orig_typ,3,59.73,Goal,Root/div/tier_4/orig_typ,FAB_STN/CGO/LATAM/T,2,No
FAB_STN,D,T,dom_int,4,48.51,Goal,Root/div/tier_4/orig_typ/dom_int,FAB_STN/CGO/LATAM/T/D,0,Yes
FAB_STN,I,T,dom_int,4,51.49,Goal,Root/div/tier_4/orig_typ/dom_int,FAB_STN/CGO/LATAM/T/I,0,Yes
FAB_STN,WestHub,CGO,tier_4,2,0.43,Goal,Root/div/tier_4,FAB_STN/CGO/WestHub,2,No
FAB_STN,O,WestHub,orig_typ,3,60.93,Goal,Root/div/tier_4/orig_typ,FAB_STN/CGO/WestHub/O,2,No
FAB_STN,D,O,dom_int,4,25.96,Goal,Root/div/tier_4/orig_typ/dom_int,FAB_STN/CGO/WestHub/O/D,0,Yes
FAB_STN,I,O,dom_int,4,74.04,Goal,Root/div/tier_4/orig_typ/dom_int,FAB_STN/CGO/WestHub/O/I,0,Yes
FAB_STN,T,WestHub,orig_typ,3,39.07,Goal,Root/div/tier_4/orig_typ,FAB_STN/CGO/WestHub/T,2,No
FAB_STN,D,T,dom_int,4,86.22,Goal,Root/div/tier_4/orig_typ/dom_int,FAB_STN/CGO/WestHub/T/D,0,Yes
FAB_STN,I,T,dom_int,4,13.78,Goal,Root/div/tier_4/orig_typ/dom_int,FAB_STN/CGO/WestHub/T/I,0,Yes
FAB_STN,EMEIAAMS,CGO,tier_5,2,0.23,Goal,Root/div/tier_5,FAB_STN/CGO/EMEIAAMS,2,No
FAB_STN,O,EMEIAAMS,orig_typ,3,22.51,Goal,Root/div/tier_5/orig_typ,FAB_STN/CGO/EMEIAAMS/O,1,No
FAB_STN,I,O,dom_int,4,100.0,Goal,Root/div/tier_5/orig_typ/dom_int,FAB_STN/CGO/EMEIAAMS/O/I,0,Yes
FAB_STN,T,EMEIAAMS,orig_typ,3,77.49,Goal,Root/div/tier_5/orig_typ,FAB_STN/CGO/EMEIAAMS/T,1,No
FAB_STN,I,T,dom_int,4,100.0,Goal,Root/div/tier_5/orig_typ/dom_int,FAB_STN/CGO/EMEIAAMS/T/I,0,Yes
FAB_STN,EMEIACentral,CGO,tier_5,2,0.28,Goal,Root/div/tier_5,FAB_STN/CGO/EMEIACentral,2,No
FAB_STN,O,EMEIACentral,orig_typ,3,64.99,Goal,Root/div/tier_5/orig_typ,FAB_STN/CGO/EMEIACentral/O,1,No
FAB_STN,I,O,dom_int,4,100.0,Goal,Root/div/tier_5/orig_typ/dom_int,FAB_STN/CGO/EMEIACentral/O/I,0,Yes
FAB_STN,T,EMEIACentral,orig_typ,3,35.01,Goal,Root/div/tier_5/orig_typ,FAB_STN/CGO/EMEIACentral/T,1,No
FAB_STN,I,T,dom_int,4,100.0,Goal,Root/div/tier_5/orig_typ/dom_int,FAB_STN/CGO/EMEIACentral/T/I,0,Yes
FAB_STN,EMEIAEast,CGO,tier_5,2,0.05,Goal,Root/div/tier_5,FAB_STN/CGO/EMEIAEast,2,No
FAB_STN,O,EMEIAEast,orig_typ,3,38.95,Goal,Root/div/tier_5/orig_typ,FAB_STN/CGO/EMEIAEast/O,2,No
FAB_STN,D,O,dom_int,4,37.0,Goal,Root/div/tier_5/orig_typ/dom_int,FAB_STN/CGO/EMEIAEast/O/D,0,Yes
FAB_STN,I,O,dom_int,4,63.0,Goal,Root/div/tier_5/orig_typ/dom_int,FAB_STN/CGO/EMEIAEast/O/I,0,Yes
FAB_STN,T,EMEIAEast,orig_typ,3,61.05,Goal,Root/div/tier_5/orig_typ,FAB_STN/CGO/EMEIAEast/T,1,No
FAB_STN,I,T,dom_int,4,100.0,Goal,Root/div/tier_5/orig_typ/dom_int,FAB_STN/CGO/EMEIAEast/T/I,0,Yes
FAB_STN,EMEIAWest,CGO,tier_5,2,0.07,Goal,Root/div/tier_5,FAB_STN/CGO/EMEIAWest,2,No
FAB_STN,O,EMEIAWest,orig_typ,3,60.66,Goal,Root/div/tier_5/orig_typ,FAB_STN/CGO/EMEIAWest/O,1,No
FAB_STN,I,O,dom_int,4,100.0,Goal,Root/div/tier_5/orig_typ/dom_int,FAB_STN/CGO/EMEIAWest/O/I,0,Yes
FAB_STN,T,EMEIAWest,orig_typ,3,39.34,Goal,Root/div/tier_5/orig_typ,FAB_STN/CGO/EMEIAWest/T,1,No
FAB_STN,I,T,dom_int,4,100.0,Goal,Root/div/tier_5/orig_typ/dom_int,FAB_STN/CGO/EMEIAWest/T/I,0,Yes
FAB_STN,Northeast,CGO,tier_5,2,0.08,Goal,Root/div/tier_5,FAB_STN/CGO/Northeast,2,No
FAB_STN,O,Northeast,orig_typ,3,41.64,Goal,Root/div/tier_5/orig_typ,FAB_STN/CGO/Northeast/O,2,No
FAB_STN,D,O,dom_int,4,29.62,Goal,Root/div/tier_5/orig_typ/dom_int,FAB_STN/CGO/Northeast/O/D,0,Yes
FAB_STN,I,O,dom_int,4,70.38,Goal,Root/div/tier_5/orig_typ/dom_int,FAB_STN/CGO/Northeast/O/I,0,Yes
FAB_STN,T,Northeast,orig_typ,3,58.36,Goal,Root/div/tier_5/orig_typ,FAB_STN/CGO/Northeast/T,2,No
FAB_STN,D,T,dom_int,4,75.31,Goal,Root/div/tier_5/orig_typ/dom_int,FAB_STN/CGO/Northeast/T/D,0,Yes
FAB_STN,I,T,dom_int,4,24.69,Goal,Root/div/tier_5/orig_typ/dom_int,FAB_STN/CGO/Northeast/T/I,0,Yes
FAB_STN,South,CGO,tier_5,2,0.38,Goal,Root/div/tier_5,FAB_STN/CGO/South,2,No
FAB_STN,O,South,orig_typ,3,42.69,Goal,Root/div/tier_5/orig_typ,FAB_STN/CGO/South/O,2,No
FAB_STN,D,O,dom_int,4,83.59,Goal,Root/div/tier_5/orig_typ/dom_int,FAB_STN/CGO/South/O/D,0,Yes
FAB_STN,I,O,dom_int,4,16.41,Goal,Root/div/tier_5/orig_typ/dom_int,FAB_STN/CGO/South/O/I,0,Yes
FAB_STN,T,South,orig_typ,3,57.31,Goal,Root/div/tier_5/orig_typ,FAB_STN/CGO/South/T,2,No
FAB_STN,D,T,dom_int,4,61.04,Goal,Root/div/tier_5/orig_typ/dom_int,FAB_STN/CGO/South/T/D,0,Yes
FAB_STN,I,T,dom_int,4,38.96,Goal,Root/div/tier_5/orig_typ/dom_int,FAB_STN/CGO/South/T/I,0,Yes
FAB_STN,West,CGO,tier_5,2,0.01,Goal,Root/div/tier_5,FAB_STN/CGO/West,2,No
FAB_STN,O,West,orig_typ,3,26.86,Goal,Root/div/tier_5/orig_typ,FAB_STN/CGO/West/O,2,No
FAB_STN,D,O,dom_int,4,80.86,Goal,Root/div/tier_5/orig_typ/dom_int,FAB_STN/CGO/West/O/D,0,Yes
FAB_STN,I,O,dom_int,4,19.14,Goal,Root/div/tier_5/orig_typ/dom_int,FAB_STN/CGO/West/O/I,0,Yes
FAB_STN,T,West,orig_typ,3,73.14,Goal,Root/div/tier_5/orig_typ,FAB_STN/CGO/West/T,2,No
FAB_STN,D,T,dom_int,4,34.15,Goal,Root/div/tier_5/orig_typ/dom_int,FAB_STN/CGO/West/T/D,0,Yes
FAB_STN,I,T,dom_int,4,65.85,Goal,Root/div/tier_5/orig_typ/dom_int,FAB_STN/CGO/West/T/I,0,Yes
FAB_STN,",null,",CGO,vendor,2,0.21,Goal,Root/div/vendor,"FAB_STN/CGO/,null,",2,No
FAB_STN,O,",null,",orig_typ,3,35.75,Goal,Root/div/vendor/orig_typ,"FAB_STN/CGO/,null,/O",2,No
FAB_STN,D,O,dom_int,4,48.65,Goal,Root/div/vendor/orig_typ/dom_int,"FAB_STN/CGO/,null,/O/D",0,Yes
FAB_STN,I,O,dom_int,4,51.35,Goal,Root/div/vendor/orig_typ/dom_int,"FAB_STN/CGO/,null,/O/I",0,Yes
FAB_STN,T,",null,",orig_typ,3,64.25,Goal,Root/div/vendor/orig_typ,"FAB_STN/CGO/,null,/T",2,No
FAB_STN,D,T,dom_int,4,20.23,Goal,Root/div/vendor/orig_typ/dom_int,"FAB_STN/CGO/,null,/T/D",0,Yes
FAB_STN,I,T,dom_int,4,79.77,Goal,Root/div/vendor/orig_typ/dom_int,"FAB_STN/CGO/,null,/T/I",0,Yes
FAB_STN,2AS,CGO,vendor,2,0.27,Goal,Root/div/vendor,FAB_STN/CGO/2AS,2,No
FAB_STN,O,2AS,orig_typ,3,50.73,Goal,Root/div/vendor/orig_typ,FAB_STN/CGO/2AS/O,1,No
FAB_STN,I,O,dom_int,4,100.0,Goal,Root/div/vendor/orig_typ/dom_int,FAB_STN/CGO/2AS/O/I,0,Yes
FAB_STN,T,2AS,orig_typ,3,49.27,Goal,Root/div/vendor/orig_typ,FAB_STN/CGO/2AS/T,1,No
FAB_STN,I,T,dom_int,4,100.0,Goal,Root/div/vendor/orig_typ/dom_int,FAB_STN/CGO/2AS/T/I,0,Yes
FAB_STN,Aeromexico Cargo,CGO,vendor,2,0.2,Goal,Root/div/vendor,FAB_STN/CGO/Aeromexico Cargo,2,No
FAB_STN,O,Aeromexico Cargo,orig_typ,3,2.07,Goal,Root/div/vendor/orig_typ,FAB_STN/CGO/Aeromexico Cargo/O,2,No
FAB_STN,D,O,dom_int,4,61.25,Goal,Root/div/vendor/orig_typ/dom_int,FAB_STN/CGO/Aeromexico Cargo/O/D,0,Yes
FAB_STN,I,O,dom_int,4,38.75,Goal,Root/div/vendor/orig_typ/dom_int,FAB_STN/CGO/Aeromexico Cargo/O/I,0,Yes
FAB_STN,T,Aeromexico Cargo,orig_typ,3,97.93,Goal,Root/div/vendor/orig_typ,FAB_STN/CGO/Aeromexico Cargo/T,1,No
FAB_STN,I,T,dom_int,4,100.0,Goal,Root/div/vendor/orig_typ/dom_int,FAB_STN/CGO/Aeromexico Cargo/T/I,0,Yes
FAB_STN,Air France,CGO,vendor,2,0.26,Goal,Root/div/vendor,FAB_STN/CGO/Air France,2,No
FAB_STN,O,Air France,orig_typ,3,40.27,Goal,Root/div/vendor/orig_typ,FAB_STN/CGO/Air France/O,2,No
FAB_STN,D,O,dom_int,4,10.72,Goal,Root/div/vendor/orig_typ/dom_int,FAB_STN/CGO/Air France/O/D,0,Yes
FAB_STN,I,O,dom_int,4,89.28,Goal,Root/div/vendor/orig_typ/dom_int,FAB_STN/CGO/Air France/O/I,0,Yes
FAB_STN,T,Air France,orig_typ,3,59.73,Goal,Root/div/vendor/orig_typ,FAB_STN/CGO/Air France/T,2,No
FAB_STN,D,T,dom_int,4,9.3,Goal,Root/div/vendor/orig_typ/dom_int,FAB_STN/CGO/Air France/T/D,0,Yes
FAB_STN,I,T,dom_int,4,90.7,Goal,Root/div/vendor/orig_typ/dom_int,FAB_STN/CGO/Air France/T/I,0,Yes
FAB_STN,Air General,CGO,vendor,2,0.48,Goal,Root/div/vendor,FAB_STN/CGO/Air General,2,No
FAB_STN,O,Air General,orig_typ,3,38.22,Goal,Root/div/vendor/orig_typ,FAB_STN/CGO/Air General/O,2,No
FAB_STN,D,O,dom_int,4,65.46,Goal,Root/div/vendor/orig_typ/dom_int,FAB_STN/CGO/Air General/O/D,0,Yes
FAB_STN,I,O,dom_int,4,34.54,Goal,Root/div/vendor/orig_typ/dom_int,FAB_STN/CGO/Air General/O/I,0,Yes
FAB_STN,T,Air General,orig_typ,3,61.78,Goal,Root/div/vendor/orig_typ,FAB_STN/CGO/Air General/T,2,No
FAB_STN,D,T,dom_int,4,43.89,Goal,Root/div/vendor/orig_typ/dom_int,FAB_STN/CGO/Air General/T/D,0,Yes
FAB_STN,I,T,dom_int,4,56.11,Goal,Root/div/vendor/orig_typ/dom_int,FAB_STN/CGO/Air General/T/I,0,Yes
FAB_STN,Airport Associates,CGO,vendor,2,0.0,Goal,Root/div/vendor,FAB_STN/CGO/Airport Associates,1,No
FAB_STN,O,Airport Associates,orig_typ,3,100.0,Goal,Root/div/vendor/orig_typ,FAB_STN/CGO/Airport Associates/O,1,No
FAB_STN,I,O,dom_int,4,100.0,Goal,Root/div/vendor/orig_typ/dom_int,FAB_STN/CGO/Airport Associates/O/I,0,Yes
FAB_STN,Airport Terminal Services (ATS),CGO,vendor,2,0.0,Goal,Root/div/vendor,FAB_STN/CGO/Airport Terminal Services (ATS),2,No
FAB_STN,O,Airport Terminal Services (ATS),orig_typ,3,47.93,Goal,Root/div/vendor/orig_typ,FAB_STN/CGO/Airport Terminal Services (ATS)/O,2,No
FAB_STN,D,O,dom_int,4,44.88,Goal,Root/div/vendor/orig_typ/dom_int,FAB_STN/CGO/Airport Terminal Services (ATS)/O/D,0,Yes
FAB_STN,I,O,dom_int,4,55.12,Goal,Root/div/vendor/orig_typ/dom_int,FAB_STN/CGO/Airport Terminal Services (ATS)/O/I,0,Yes
FAB_STN,T,Airport Terminal Services (ATS),orig_typ,3,52.07,Goal,Root/div/vendor/orig_typ,FAB_STN/CGO/Airport Terminal Services (ATS)/T,2,No
FAB_STN,D,T,dom_int,4,26.35,Goal,Root/div/vendor/orig_typ/dom_int,FAB_STN/CGO/Airport Terminal Services (ATS)/T/D,0,Yes
FAB_STN,I,T,dom_int,4,73.65,Goal,Root/div/vendor/orig_typ/dom_int,FAB_STN/CGO/Airport Terminal Services (ATS)/T/I,0,Yes
FAB_STN,Airport,CGO,vendor,2,0.03,Goal,Root/div/vendor,FAB_STN/CGO/Airport,2,No
FAB_STN,O,Airport,orig_typ,3,68.36,Goal,Root/div/vendor/orig_typ,FAB_STN/CGO/Airport/O,1,No
FAB_STN,I,O,dom_int,4,100.0,Goal,Root/div/vendor/orig_typ/dom_int,FAB_STN/CGO/Airport/O/I,0,Yes
FAB_STN,T,Airport,orig_typ,3,31.64,Goal,Root/div/vendor/orig_typ,FAB_STN/CGO/Airport/T,1,No
FAB_STN,I,T,dom_int,4,100.0,Goal,Root/div/vendor/orig_typ/dom_int,FAB_STN/CGO/Airport/T/I,0,Yes
FAB_STN,AJAS,CGO,vendor,2,0.26,Goal,Root/div/vendor,FAB_STN/CGO/AJAS,2,No
FAB_STN,O,AJAS,orig_typ,3,77.48,Goal,Root/div/vendor/orig_typ,FAB_STN/CGO/AJAS/O,2,No
FAB_STN,D,O,dom_int,4,30.66,Goal,Root/div/vendor/orig_typ/dom_int,FAB_STN/CGO/AJAS/O/D,0,Yes
FAB_STN,I,O,dom_int,4,69.34,Goal,Root/div/vendor/orig_typ/dom_int,FAB_STN/CGO/AJAS/O/I,0,Yes
FAB_STN,T,AJAS,orig_typ,3,22.52,Goal,Root/div/vendor/orig_typ,FAB_STN/CGO/AJAS/T,1,No
FAB_STN,I,T,dom_int,4,100.0,Goal,Root/div/vendor/orig_typ/dom_int,FAB_STN/CGO/AJAS/T/I,0,Yes
FAB_STN,ALC Dunamis Ltd,CGO,vendor,2,0.09,Goal,Root/div/vendor,FAB_STN/CGO/ALC Dunamis Ltd,2,No
FAB_STN,O,ALC Dunamis Ltd,orig_typ,3,26.49,Goal,Root/div/vendor/orig_typ,FAB_STN/CGO/ALC Dunamis Ltd/O,1,No
FAB_STN,I,O,dom_int,4,100.0,Goal,Root/div/vendor/orig_typ/dom_int,FAB_STN/CGO/ALC Dunamis Ltd/O/I,0,Yes
FAB_STN,T,ALC Dunamis Ltd,orig_typ,3,73.51,Goal,Root/div/vendor/orig_typ,FAB_STN/CGO/ALC Dunamis Ltd/T,1,No
FAB_STN,I,T,dom_int,4,100.0,Goal,Root/div/vendor/orig_typ/dom_int,FAB_STN/CGO/ALC Dunamis Ltd/T/I,0,Yes
FAB_STN,Alliance Ground International (AGI),CGO,vendor,2,0.02,Goal,Root/div/vendor,FAB_STN/CGO/Alliance Ground International (AGI),2,No
FAB_STN,O,Alliance Ground International (AGI),orig_typ,3,40.02,Goal,Root/div/vendor/orig_typ,FAB_STN/CGO/Alliance Ground International (AGI)/O,2,No
FAB_STN,D,O,dom_int,4,36.37,Goal,Root/div/vendor/orig_typ/dom_int,FAB_STN/CGO/Alliance Ground International (AGI)/O/D,0,Yes
FAB_STN,I,O,dom_int,4,63.63,Goal,Root/div/vendor/orig_typ/dom_int,FAB_STN/CGO/Alliance Ground International (AGI)/O/I,0,Yes
FAB_STN,T,Alliance Ground International (AGI),orig_typ,3,59.98,Goal,Root/div/vendor/orig_typ,FAB_STN/CGO/Alliance Ground International (AGI)/T,2,No
FAB_STN,D,T,dom_int,4,24.31,Goal,Root/div/vendor/orig_typ/dom_int,FAB_STN/CGO/Alliance Ground International (AGI)/T/D,0,Yes
FAB_STN,I,T,dom_int,4,75.69,Goal,Root/div/vendor/orig_typ/dom_int,FAB_STN/CGO/Alliance Ground International (AGI)/T/I,0,Yes
FAB_STN,Aloha,CGO,vendor,2,0.4,Goal,Root/div/vendor,FAB_STN/CGO/Aloha,2,No
FAB_STN,O,Aloha,orig_typ,3,96.81,Goal,Root/div/vendor/orig_typ,FAB_STN/CGO/Aloha/O,2,No
FAB_STN,D,O,dom_int,4,43.83,Goal,Root/div/vendor/orig_typ/dom_int,FAB_STN/CGO/Aloha/O/D,0,Yes
FAB_STN,I,O,dom_int,4,56.17,Goal,Root/div/vendor/orig_typ/dom_int,FAB_STN/CGO/Aloha/O/I,0,Yes
FAB_STN,T,Aloha,orig_typ,3,3.19,Goal,Root/div/vendor/orig_typ,FAB_STN/CGO/Aloha/T,1,No
FAB_STN,D,T,dom_int,4,100.0,Goal,Root/div/vendor/orig_typ/dom_int,FAB_STN/CGO/Aloha/T/D,0,Yes
FAB_STN,Apron,CGO,vendor,2,0.36,Goal,Root/div/vendor,FAB_STN/CGO/Apron,2,No
FAB_STN,O,Apron,orig_typ,3,28.62,Goal,Root/div/vendor/orig_typ,FAB_STN/CGO/Apron/O,1,No
FAB_STN,I,O,dom_int,4,100.0,Goal,Root/div/vendor/orig_typ/dom_int,FAB_STN/CGO/Apron/O/I,0,Yes
FAB_STN,T,Apron,orig_typ,3,71.38,Goal,Root/div/vendor/orig_typ,FAB_STN/CGO/Apron/T,1,No
FAB_STN,I,T,dom_int,4,100.0,Goal,Root/div/vendor/orig_typ/dom_int,FAB_STN/CGO/Apron/T/I,0,Yes
FAB_STN,Aviance,CGO,vendor,2,0.24,Goal,Root/div/vendor,FAB_STN/CGO/Aviance,2,No
FAB_STN,O,Aviance,orig_typ,3,53.27,Goal,Root/div/vendor/orig_typ,FAB_STN/CGO/Aviance/O,1,No
FAB_STN,I,O,dom_int,4,100.0,Goal,Root/div/vendor/orig_typ/dom_int,FAB_STN/CGO/Aviance/O/I,0,Yes
FAB_STN,T,Aviance,orig_typ,3,46.73,Goal,Root/div/vendor/orig_typ,FAB_STN/CGO/Aviance/T,1,No
FAB_STN,I,T,dom_int,4,100.0,Goal,Root/div/vendor/orig_typ/dom_int,FAB_STN/CGO/Aviance/T/I,0,Yes
FAB_STN,BJS Ground Service,CGO,vendor,2,0.41,Goal,Root/div/vendor,FAB_STN/CGO/BJS Ground Service,1,No
FAB_STN,O,BJS Ground Service,orig_typ,3,100.0,Goal,Root/div/vendor/orig_typ,FAB_STN/CGO/BJS Ground Service/O,1,No
FAB_STN,I,O,dom_int,4,100.0,Goal,Root/div/vendor/orig_typ/dom_int,FAB_STN/CGO/BJS Ground Service/O/I,0,Yes
FAB_STN,Cedar Aviation Services Ltd,CGO,vendor,2,0.38,Goal,Root/div/vendor,FAB_STN/CGO/Cedar Aviation Services Ltd,1,No
FAB_STN,O,Cedar Aviation Services Ltd,orig_typ,3,100.0,Goal,Root/div/vendor/orig_typ,FAB_STN/CGO/Cedar Aviation Services Ltd/O,1,No
FAB_STN,I,O,dom_int,4,100.0,Goal,Root/div/vendor/orig_typ/dom_int,FAB_STN/CGO/Cedar Aviation Services Ltd/O/I,0,Yes
FAB_STN,China Airlines,CGO,vendor,2,0.34,Goal,Root/div/vendor,FAB_STN/CGO/China Airlines,1,No
FAB_STN,O,China Airlines,orig_typ,3,100.0,Goal,Root/div/vendor/orig_typ,FAB_STN/CGO/China Airlines/O,1,No
FAB_STN,I,O,dom_int,4,100.0,Goal,Root/div/vendor/orig_typ/dom_int,FAB_STN/CGO/China Airlines/O/I,0,Yes
FAB_STN,CITY OF MELBOURNE,CGO,vendor,2,0.08,Goal,Root/div/vendor,FAB_STN/CGO/CITY OF MELBOURNE,2,No
FAB_STN,O,CITY OF MELBOURNE,orig_typ,3,36.44,Goal,Root/div/vendor/orig_typ,FAB_STN/CGO/CITY OF MELBOURNE/O,2,No
FAB_STN,D,O,dom_int,4,38.74,Goal,Root/div/vendor/orig_typ/dom_int,FAB_STN/CGO/CITY OF MELBOURNE/O/D,0,Yes
FAB_STN,I,O,dom_int,4,61.26,Goal,Root/div/vendor/orig_typ/dom_int,FAB_STN/CGO/CITY OF MELBOURNE/O/I,0,Yes
FAB_STN,T,CITY OF MELBOURNE,orig_typ,3,63.56,Goal,Root/div/vendor/orig_typ,FAB_STN/CGO/CITY OF MELBOURNE/T,1,No
FAB_STN,D,T,dom_int,4,100.0,Goal,Root/div/vendor/orig_typ/dom_int,FAB_STN/CGO/CITY OF MELBOURNE/T/D,0,Yes
FAB_STN,CKTS,CGO,vendor,2,0.1,Goal,Root/div/vendor,FAB_STN/CGO/CKTS,2,No
FAB_STN,O,CKTS,orig_typ,3,97.43,Goal,Root/div/vendor/orig_typ,FAB_STN/CGO/CKTS/O,1,No
FAB_STN,I,O,dom_int,4,100.0,Goal,Root/div/vendor/orig_typ/dom_int,FAB_STN/CGO/CKTS/O/I,0,Yes
FAB_STN,T,CKTS,orig_typ,3,2.57,Goal,Root/div/vendor/orig_typ,FAB_STN/CGO/CKTS/T,1,No
FAB_STN,I,T,dom_int,4,100.0,Goal,Root/div/vendor/orig_typ/dom_int,FAB_STN/CGO/CKTS/T/I,0,Yes
FAB_STN,CorpAV de C.V.,CGO,vendor,2,0.33,Goal,Root/div/vendor,FAB_STN/CGO/CorpAV de C.V.,2,No
FAB_STN,O,CorpAV de C.V.,orig_typ,3,52.53,Goal,Root/div/vendor/orig_typ,FAB_STN/CGO/CorpAV de C.V./O,1,No
FAB_STN,I,O,dom_int,4,100.0,Goal,Root/div/vendor/orig_typ/dom_int,FAB_STN/CGO/CorpAV de C.V./O/I,0,Yes
FAB_STN,T,CorpAV de C.V.,orig_typ,3,47.47,Goal,Root/div/vendor/orig_typ,FAB_STN/CGO/CorpAV de C.V./T,1,No
FAB_STN,I,T,dom_int,4,100.0,Goal,Root/div/vendor/orig_typ/dom_int,FAB_STN/CGO/CorpAV de C.V./T/I,0,Yes
FAB_STN,CorpAV de Panama,CGO,vendor,2,0.41,Goal,Root/div/vendor,FAB_STN/CGO/CorpAV de Panama,2,No
FAB_STN,O,CorpAV de Panama,orig_typ,3,26.72,Goal,Root/div/vendor/orig_typ,FAB_STN/CGO/CorpAV de Panama/O,1,No
FAB_STN,I,O,dom_int,4,100.0,Goal,Root/div/vendor/orig_typ/dom_int,FAB_STN/CGO/CorpAV de Panama/O/I,0,Yes
FAB_STN,T,CorpAV de Panama,orig_typ,3,73.28,Goal,Root/div/vendor/orig_typ,FAB_STN/CGO/CorpAV de Panama/T,1,No
FAB_STN,I,T,dom_int,4,100.0,Goal,Root/div/vendor/orig_typ/dom_int,FAB_STN/CGO/CorpAV de Panama/T/I,0,Yes
FAB_STN,CorpAV of Honduras,CGO,vendor,2,0.12,Goal,Root/div/vendor,FAB_STN/CGO/CorpAV of Honduras,2,No
FAB_STN,O,CorpAV of Honduras,orig_typ,3,58.52,Goal,Root/div/vendor/orig_typ,FAB_STN/CGO/CorpAV of Honduras/O,1,No
FAB_STN,I,O,dom_int,4,100.0,Goal,Root/div/vendor/orig_typ/dom_int,FAB_STN/CGO/CorpAV of Honduras/O/I,0,Yes
FAB_STN,T,CorpAV of Honduras,orig_typ,3,41.48,Goal,Root/div/vendor/orig_typ,FAB_STN/CGO/CorpAV of Honduras/T,1,No
FAB_STN,I,T,dom_int,4,100.0,Goal,Root/div/vendor/orig_typ/dom_int,FAB_STN/CGO/CorpAV of Honduras/T/I,0,Yes
FAB_STN,COUNTY OF VOLUSIA,CGO,vendor,2,0.33,Goal,Root/div/vendor,FAB_STN/CGO/COUNTY OF VOLUSIA,1,No
FAB_STN,O,COUNTY OF VOLUSIA,orig_typ,3,100.0,Goal,Root/div/vendor/orig_typ,FAB_STN/CGO/COUNTY OF VOLUSIA/O,2,No
FAB_STN,D,O,dom_int,4,51.32,Goal,Root/div/vendor/orig_typ/dom_int,FAB_STN/CGO/COUNTY OF VOLUSIA/O/D,0,Yes
FAB_STN,I,O,dom_int,4,48.68,Goal,Root/div/vendor/orig_typ/dom_int,FAB_STN/CGO/COUNTY OF VOLUSIA/O/I,0,Yes
FAB_STN,Delta,CGO,vendor,2,0.02,Goal,Root/div/vendor,FAB_STN/CGO/Delta,2,No
FAB_STN,O,Delta,orig_typ,3,5.35,Goal,Root/div/vendor/orig_typ,FAB_STN/CGO/Delta/O,2,No
FAB_STN,D,O,dom_int,4,5.64,Goal,Root/div/vendor/orig_typ/dom_int,FAB_STN/CGO/Delta/O/D,0,Yes
FAB_STN,I,O,dom_int,4,94.36,Goal,Root/div/vendor/orig_typ/dom_int,FAB_STN/CGO/Delta/O/I,0,Yes
FAB_STN,T,Delta,orig_typ,3,94.65,Goal,Root/div/vendor/orig_typ,FAB_STN/CGO/Delta/T,2,No
FAB_STN,D,T,dom_int,4,65.98,Goal,Root/div/vendor/orig_typ/dom_int,FAB_STN/CGO/Delta/T/D,0,Yes
FAB_STN,I,T,dom_int,4,34.02,Goal,Root/div/vendor/orig_typ/dom_int,FAB_STN/CGO/Delta/T/I,0,Yes
FAB_STN,dnata,CGO,vendor,2,0.13,Goal,Root/div/vendor,FAB_STN/CGO/dnata,2,No
FAB_STN,O,dnata,orig_typ,3,2.9,Goal,Root/div/vendor/orig_typ,FAB_STN/CGO/dnata/O,1,No
FAB_STN,I,O,dom_int,4,100.0,Goal,Root/div/vendor/orig_typ/dom_int,FAB_STN/CGO/dnata/O/I,0,Yes
FAB_STN,T,dnata,orig_typ,3,97.1,Goal,Root/div/vendor/orig_typ,FAB_STN/CGO/dnata/T,2,No
FAB_STN,D,T,dom_int,4,89.88,Goal,Root/div/vendor/orig_typ/dom_int,FAB_STN/CGO/dnata/T/D,0,Yes
FAB_STN,I,T,dom_int,4,10.12,Goal,Root/div/vendor/orig_typ/dom_int,FAB_STN/CGO/dnata/T/I,0,Yes
FAB_STN,Eulen,CGO,vendor,2,0.14,Goal,Root/div/vendor,FAB_STN/CGO/Eulen,1,No
FAB_STN,O,Eulen,orig_typ,3,100.0,Goal,Root/div/vendor/orig_typ,FAB_STN/CGO/Eulen/O,2,No
FAB_STN,D,O,dom_int,4,50.6,Goal,Root/div/vendor/orig_typ/dom_int,FAB_STN/CGO/Eulen/O/D,0,Yes
FAB_STN,I,O,dom_int,4,49.4,Goal,Root/div/vendor/orig_typ/dom_int,FAB_STN/CGO/Eulen/O/I,0,Yes
FAB_STN,FLE (B Cube),CGO,vendor,2,0.48,Goal,Root/div/vendor,FAB_STN/CGO/FLE (B Cube),2,No
FAB_STN,O,FLE (B Cube),orig_typ,3,81.44,Goal,Root/div/vendor/orig_typ,FAB_STN/CGO/FLE (B Cube)/O,1,No
FAB_STN,I,O,dom_int,4,100.0,Goal,Root/div/vendor/orig_typ/dom_int,FAB_STN/CGO/FLE (B Cube)/O/I,0,Yes
FAB_STN,T,FLE (B Cube),orig_typ,3,18.56,Goal,Root/div/vendor/orig_typ,FAB_STN/CGO/FLE (B Cube)/T,1,No
FAB_STN,I,T,dom_int,4,100.0,Goal,Root/div/vendor/orig_typ/dom_int,FAB_STN/CGO/FLE (B Cube)/T/I,0,Yes
FAB_STN,Flughafen Dusseldurf Cargo GmbH,CGO,vendor,2,0.24,Goal,Root/div/vendor,FAB_STN/CGO/Flughafen Dusseldurf Cargo GmbH,2,No
FAB_STN,O,Flughafen Dusseldurf Cargo GmbH,orig_typ,3,70.5,Goal,Root/div/vendor/orig_typ,FAB_STN/CGO/Flughafen Dusseldurf Cargo GmbH/O,1,No
FAB_STN,I,O,dom_int,4,100.0,Goal,Root/div/vendor/orig_typ/dom_int,FAB_STN/CGO/Flughafen Dusseldurf Cargo GmbH/O/I,0,Yes
FAB_STN,T,Flughafen Dusseldurf Cargo GmbH,orig_typ,3,29.5,Goal,Root/div/vendor/orig_typ,FAB_STN/CGO/Flughafen Dusseldurf Cargo GmbH/T,1,No
FAB_STN,I,T,dom_int,4,100.0,Goal,Root/div/vendor/orig_typ/dom_int,FAB_STN/CGO/Flughafen Dusseldurf Cargo GmbH/T/I,0,Yes
FAB_STN,France Handling (WFS),CGO,vendor,2,0.14,Goal,Root/div/vendor,FAB_STN/CGO/France Handling (WFS),1,No
FAB_STN,O,France Handling (WFS),orig_typ,3,100.0,Goal,Root/div/vendor/orig_typ,FAB_STN/CGO/France Handling (WFS)/O,1,No
FAB_STN,I,O,dom_int,4,100.0,Goal,Root/div/vendor/orig_typ/dom_int,FAB_STN/CGO/France Handling (WFS)/O/I,0,Yes
FAB_STN,Fukuoka Air Cargo Terminal,CGO,vendor,2,0.45,Goal,Root/div/vendor,FAB_STN/CGO/Fukuoka Air Cargo Terminal,2,No
FAB_STN,O,Fukuoka Air Cargo Terminal,orig_typ,3,40.25,Goal,Root/div/vendor/orig_typ,FAB_STN/CGO/Fukuoka Air Cargo Terminal/O,1,No
FAB_STN,I,O,dom_int,4,100.0,Goal,Root/div/vendor/orig_typ/dom_int,FAB_STN/CGO/Fukuoka Air Cargo Terminal/O/I,0,Yes
FAB_STN,T,Fukuoka Air Cargo Terminal,orig_typ,3,59.75,Goal,Root/div/vendor/orig_typ,FAB_STN/CGO/Fukuoka Air Cargo Terminal/T,1,No
FAB_STN,I,T,dom_int,4,100.0,Goal,Root/div/vendor/orig_typ/dom_int,FAB_STN/CGO/Fukuoka Air Cargo Terminal/T/I,0,Yes
FAB_STN,G2,CGO,vendor,2,0.48,Goal,Root/div/vendor,FAB_STN/CGO/G2,2,No
FAB_STN,O,G2,orig_typ,3,81.42,Goal,Root/div/vendor/orig_typ,FAB_STN/CGO/G2/O,2,No
FAB_STN,D,O,dom_int,4,56.99,Goal,Root/div/vendor/orig_typ/dom_int,FAB_STN/CGO/G2/O/D,0,Yes
FAB_STN,I,O,dom_int,4,43.01,Goal,Root/div/vendor/orig_typ/dom_int,FAB_STN/CGO/G2/O/I,0,Yes
FAB_STN,T,G2,orig_typ,3,18.58,Goal,Root/div/vendor/orig_typ,FAB_STN/CGO/G2/T,1,No
FAB_STN,D,T,dom_int,4,100.0,Goal,Root/div/vendor/orig_typ/dom_int,FAB_STN/CGO/G2/T/D,0,Yes
FAB_STN,GAT,CGO,vendor,2,0.43,Goal,Root/div/vendor,FAB_STN/CGO/GAT,2,No
FAB_STN,O,GAT,orig_typ,3,8.66,Goal,Root/div/vendor/orig_typ,FAB_STN/CGO/GAT/O,2,No
FAB_STN,D,O,dom_int,4,58.22,Goal,Root/div/vendor/orig_typ/dom_int,FAB_STN/CGO/GAT/O/D,0,Yes
FAB_STN,I,O,dom_int,4,41.78,Goal,Root/div/vendor/orig_typ/dom_int,FAB_STN/CGO/GAT/O/I,0,Yes
FAB_STN,T,GAT,orig_typ,3,91.34,Goal,Root/div/vendor/orig_typ,FAB_STN/CGO/GAT/T,2,No
FAB_STN,D,T,dom_int,4,13.48,Goal,Root/div/vendor/orig_typ/dom_int,FAB_STN/CGO/GAT/T/D,0,Yes
FAB_STN,I,T,dom_int,4,86.52,Goal,Root/div/vendor/orig_typ/dom_int,FAB_STN/CGO/GAT/T/I,0,Yes
FAB_STN,GH Napoli,CGO,vendor,2,0.38,Goal,Root/div/vendor,FAB_STN/CGO/GH Napoli,2,No
FAB_STN,O,GH Napoli,orig_typ,3,22.41,Goal,Root/div/vendor/orig_typ,FAB_STN/CGO/GH Napoli/O,1,No
FAB_STN,I,O,dom_int,4,100.0,Goal,Root/div/vendor/orig_typ/dom_int,FAB_STN/CGO/GH Napoli/O/I,0,Yes
FAB_STN,T,GH Napoli,orig_typ,3,77.59,Goal,Root/div/vendor/orig_typ,FAB_STN/CGO/GH Napoli/T,1,No
FAB_STN,I,T,dom_int,4,100.0,Goal,Root/div/vendor/orig_typ/dom_int,FAB_STN/CGO/GH Napoli/T/I,0,Yes
FAB_STN,Global Air Service,CGO,vendor,2,0.47,Goal,Root/div/vendor,FAB_STN/CGO/Global Air Service,2,No
FAB_STN,O,Global Air Service,orig_typ,3,39.92,Goal,Root/div/vendor/orig_typ,FAB_STN/CGO/Global Air Service/O,1,No
FAB_STN,I,O,dom_int,4,100.0,Goal,Root/div/vendor/orig_typ/dom_int,FAB_STN/CGO/Global Air Service/O/I,0,Yes
FAB_STN,T,Global Air Service,orig_typ,3,60.08,Goal,Root/div/vendor/orig_typ,FAB_STN/CGO/Global Air Service/T,1,No
FAB_STN,I,T,dom_int,4,100.0,Goal,Root/div/vendor/orig_typ/dom_int,FAB_STN/CGO/Global Air Service/T/I,0,Yes
FAB_STN,Groundforce,CGO,vendor,2,0.05,Goal,Root/div/vendor,FAB_STN/CGO/Groundforce,2,No
FAB_STN,O,Groundforce,orig_typ,3,96.71,Goal,Root/div/vendor/orig_typ,FAB_STN/CGO/Groundforce/O,1,No
FAB_STN,I,O,dom_int,4,100.0,Goal,Root/div/vendor/orig_typ/dom_int,FAB_STN/CGO/Groundforce/O/I,0,Yes
FAB_STN,T,Groundforce,orig_typ,3,3.29,Goal,Root/div/vendor/orig_typ,FAB_STN/CGO/Groundforce/T,1,No
FAB_STN,I,T,dom_int,4,100.0,Goal,Root/div/vendor/orig_typ/dom_int,FAB_STN/CGO/Groundforce/T/I,0,Yes
FAB_STN,Hewanorra Air Cargo Services,CGO,vendor,2,0.25,Goal,Root/div/vendor,FAB_STN/CGO/Hewanorra Air Cargo Services,1,No
FAB_STN,O,Hewanorra Air Cargo Services,orig_typ,3,100.0,Goal,Root/div/vendor/orig_typ,FAB_STN/CGO/Hewanorra Air Cargo Services/O,1,No
FAB_STN,I,O,dom_int,4,100.0,Goal,Root/div/vendor/orig_typ/dom_int,FAB_STN/CGO/Hewanorra Air Cargo Services/O/I,0,Yes
FAB_STN,HHS Aviation,CGO,vendor,2,0.49,Goal,Root/div/vendor,FAB_STN/CGO/HHS Aviation,2,No
FAB_STN,O,HHS Aviation,orig_typ,3,40.78,Goal,Root/div/vendor/orig_typ,FAB_STN/CGO/HHS Aviation/O,2,No
FAB_STN,D,O,dom_int,4,8.71,Goal,Root/div/vendor/orig_typ/dom_int,FAB_STN/CGO/HHS Aviation/O/D,0,Yes
FAB_STN,I,O,dom_int,4,91.29,Goal,Root/div/vendor/orig_typ/dom_int,FAB_STN/CGO/HHS Aviation/O/I,0,Yes
FAB_STN,T,HHS Aviation,orig_typ,3,59.22,Goal,Root/div/vendor/orig_typ,FAB_STN/CGO/HHS Aviation/T,2,No
FAB_STN,D,T,dom_int,4,40.32,Goal,Root/div/vendor/orig_typ/dom_int,FAB_STN/CGO/HHS Aviation/T/D,0,Yes
FAB_STN,I,T,dom_int,4,59.68,Goal,Root/div/vendor/orig_typ/dom_int,FAB_STN/CGO/HHS Aviation/T/I,0,Yes
FAB_STN,Intercargo,CGO,vendor,2,0.03,Goal,Root/div/vendor,FAB_STN/CGO/Intercargo,1,No
FAB_STN,O,Intercargo,orig_typ,3,100.0,Goal,Root/div/vendor/orig_typ,FAB_STN/CGO/Intercargo/O,1,No
FAB_STN,I,O,dom_int,4,100.0,Goal,Root/div/vendor/orig_typ/dom_int,FAB_STN/CGO/Intercargo/O/I,0,Yes
FAB_STN,Japan Airlines,CGO,vendor,2,0.35,Goal,Root/div/vendor,FAB_STN/CGO/Japan Airlines,2,No
FAB_STN,O,Japan Airlines,orig_typ,3,22.06,Goal,Root/div/vendor/orig_typ,FAB_STN/CGO/Japan Airlines/O,1,No
FAB_STN,I,O,dom_int,4,100.0,Goal,Root/div/vendor/orig_typ/dom_int,FAB_STN/CGO/Japan Airlines/O/I,0,Yes
FAB_STN,T,Japan Airlines,orig_typ,3,77.94,Goal,Root/div/vendor/orig_typ,FAB_STN/CGO/Japan Airlines/T,1,No
FAB_STN,I,T,dom_int,4,100.0,Goal,Root/div/vendor/orig_typ/dom_int,FAB_STN/CGO/Japan Airlines/T/I,0,Yes
FAB_STN,JASCO (Export) ,CGO,vendor,2,0.15,Goal,Root/div/vendor,FAB_STN/CGO/JASCO (Export) ,1,No
FAB_STN, IACT (Import),JASCO (Export) ,orig_typ,3,100.0,Goal,Root/div/vendor/orig_typ,FAB_STN/CGO/JASCO (Export) / IACT (Import),2,No
FAB_STN,O, IACT (Import),dom_int,4,48.67,Goal,Root/div/vendor/orig_typ/dom_int,FAB_STN/CGO/JASCO (Export) / IACT (Import)/O,0,Yes
FAB_STN,T, IACT (Import),dom_int,4,51.33,Goal,Root/div/vendor/orig_typ/dom_int,FAB_STN/CGO/JASCO (Export) / IACT (Import)/T,0,Yes
FAB_STN,"JETSTREAM GROUND SERVICES, INC",CGO,vendor,2,0.04,Goal,Root/div/vendor,"FAB_STN/CGO/JETSTREAM GROUND SERVICES, INC",2,No
FAB_STN,O,"JETSTREAM GROUND SERVICES, INC",orig_typ,3,53.8,Goal,Root/div/vendor/orig_typ,"FAB_STN/CGO/JETSTREAM GROUND SERVICES, INC/O",2,No
FAB_STN,D,O,dom_int,4,95.9,Goal,Root/div/vendor/orig_typ/dom_int,"FAB_STN/CGO/JETSTREAM GROUND SERVICES, INC/O/D",0,Yes
FAB_STN,I,O,dom_int,4,4.1,Goal,Root/div/vendor/orig_typ/dom_int,"FAB_STN/CGO/JETSTREAM GROUND SERVICES, INC/O/I",0,Yes
FAB_STN,T,"JETSTREAM GROUND SERVICES, INC",orig_typ,3,46.2,Goal,Root/div/vendor/orig_typ,"FAB_STN/CGO/JETSTREAM GROUND SERVICES, INC/T",2,No
FAB_STN,D,T,dom_int,4,9.44,Goal,Root/div/vendor/orig_typ/dom_int,"FAB_STN/CGO/JETSTREAM GROUND SERVICES, INC/T/D",0,Yes
FAB_STN,I,T,dom_int,4,90.56,Goal,Root/div/vendor/orig_typ/dom_int,"FAB_STN/CGO/JETSTREAM GROUND SERVICES, INC/T/I",0,Yes
FAB_STN,KLM,CGO,vendor,2,0.33,Goal,Root/div/vendor,FAB_STN/CGO/KLM,2,No
FAB_STN,O,KLM,orig_typ,3,52.96,Goal,Root/div/vendor/orig_typ,FAB_STN/CGO/KLM/O,1,No
FAB_STN,I,O,dom_int,4,100.0,Goal,Root/div/vendor/orig_typ/dom_int,FAB_STN/CGO/KLM/O/I,0,Yes
FAB_STN,T,KLM,orig_typ,3,47.04,Goal,Root/div/vendor/orig_typ,FAB_STN/CGO/KLM/T,1,No
FAB_STN,I,T,dom_int,4,100.0,Goal,Root/div/vendor/orig_typ/dom_int,FAB_STN/CGO/KLM/T/I,0,Yes
FAB_STN,Majestic Terminal Services,CGO,vendor,2,0.19,Goal,Root/div/vendor,FAB_STN/CGO/Majestic Terminal Services,2,No
FAB_STN,O,Majestic Terminal Services,orig_typ,3,70.77,Goal,Root/div/vendor/orig_typ,FAB_STN/CGO/Majestic Terminal Services/O,2,No
FAB_STN,D,O,dom_int,4,65.58,Goal,Root/div/vendor/orig_typ/dom_int,FAB_STN/CGO/Majestic Terminal Services/O/D,0,Yes
FAB_STN,I,O,dom_int,4,34.42,Goal,Root/div/vendor/orig_typ/dom_int,FAB_STN/CGO/Majestic Terminal Services/O/I,0,Yes
FAB_STN,T,Majestic Terminal Services,orig_typ,3,29.23,Goal,Root/div/vendor/orig_typ,FAB_STN/CGO/Majestic Terminal Services/T,1,No
FAB_STN,D,T,dom_int,4,100.0,Goal,Root/div/vendor/orig_typ/dom_int,FAB_STN/CGO/Majestic Terminal Services/T/D,0,Yes
FAB_STN,Mathison,CGO,vendor,2,0.47,Goal,Root/div/vendor,FAB_STN/CGO/Mathison,2,No
FAB_STN,O,Mathison,orig_typ,3,32.29,Goal,Root/div/vendor/orig_typ,FAB_STN/CGO/Mathison/O,2,No
FAB_STN,D,O,dom_int,4,29.05,Goal,Root/div/vendor/orig_typ/dom_int,FAB_STN/CGO/Mathison/O/D,0,Yes
FAB_STN,I,O,dom_int,4,70.95,Goal,Root/div/vendor/orig_typ/dom_int,FAB_STN/CGO/Mathison/O/I,0,Yes
FAB_STN,T,Mathison,orig_typ,3,67.71,Goal,Root/div/vendor/orig_typ,FAB_STN/CGO/Mathison/T,1,No
FAB_STN,D,T,dom_int,4,100.0,Goal,Root/div/vendor/orig_typ/dom_int,FAB_STN/CGO/Mathison/T/D,0,Yes
FAB_STN,MCS,CGO,vendor,2,0.07,Goal,Root/div/vendor,FAB_STN/CGO/MCS,2,No
FAB_STN,O,MCS,orig_typ,3,78.87,Goal,Root/div/vendor/orig_typ,FAB_STN/CGO/MCS/O,1,No
FAB_STN,I,O,dom_int,4,100.0,Goal,Root/div/vendor/orig_typ/dom_int,FAB_STN/CGO/MCS/O/I,0,Yes
FAB_STN,T,MCS,orig_typ,3,21.13,Goal,Root/div/vendor/orig_typ,FAB_STN/CGO/MCS/T,1,No
FAB_STN,I,T,dom_int,4,100.0,Goal,Root/div/vendor/orig_typ/dom_int,FAB_STN/CGO/MCS/T/I,0,Yes
FAB_STN,Menzies Aviation,CGO,vendor,2,0.46,Goal,Root/div/vendor,FAB_STN/CGO/Menzies Aviation,2,No
FAB_STN,O,Menzies Aviation,orig_typ,3,44.75,Goal,Root/div/vendor/orig_typ,FAB_STN/CGO/Menzies Aviation/O,2,No
FAB_STN,D,O,dom_int,4,3.73,Goal,Root/div/vendor/orig_typ/dom_int,FAB_STN/CGO/Menzies Aviation/O/D,0,Yes
FAB_STN,I,O,dom_int,4,96.27,Goal,Root/div/vendor/orig_typ/dom_int,FAB_STN/CGO/Menzies Aviation/O/I,0,Yes
FAB_STN,T,Menzies Aviation,orig_typ,3,55.25,Goal,Root/div/vendor/orig_typ,FAB_STN/CGO/Menzies Aviation/T,2,No
FAB_STN,D,T,dom_int,4,11.74,Goal,Root/div/vendor/orig_typ/dom_int,FAB_STN/CGO/Menzies Aviation/T/D,0,Yes
FAB_STN,I,T,dom_int,4,88.26,Goal,Root/div/vendor/orig_typ/dom_int,FAB_STN/CGO/Menzies Aviation/T/I,0,Yes
FAB_STN,MLE (B Cube),CGO,vendor,2,0.08,Goal,Root/div/vendor,FAB_STN/CGO/MLE (B Cube),2,No
FAB_STN,O,MLE (B Cube),orig_typ,3,42.33,Goal,Root/div/vendor/orig_typ,FAB_STN/CGO/MLE (B Cube)/O,1,No
FAB_STN,I,O,dom_int,4,100.0,Goal,Root/div/vendor/orig_typ/dom_int,FAB_STN/CGO/MLE (B Cube)/O/I,0,Yes
FAB_STN,T,MLE (B Cube),orig_typ,3,57.67,Goal,Root/div/vendor/orig_typ,FAB_STN/CGO/MLE (B Cube)/T,1,No
FAB_STN,I,T,dom_int,4,100.0,Goal,Root/div/vendor/orig_typ/dom_int,FAB_STN/CGO/MLE (B Cube)/T/I,0,Yes
FAB_STN,"MOBILE AIR TRANSPORT, INC.",CGO,vendor,2,0.03,Goal,Root/div/vendor,"FAB_STN/CGO/MOBILE AIR TRANSPORT, INC.",1,No
FAB_STN,O,"MOBILE AIR TRANSPORT, INC.",orig_typ,3,100.0,Goal,Root/div/vendor/orig_typ,"FAB_STN/CGO/MOBILE AIR TRANSPORT, INC./O",2,No
FAB_STN,D,O,dom_int,4,49.92,Goal,Root/div/vendor/orig_typ/dom_int,"FAB_STN/CGO/MOBILE AIR TRANSPORT, INC./O/D",0,Yes
FAB_STN,I,O,dom_int,4,50.08,Goal,Root/div/vendor/orig_typ/dom_int,"FAB_STN/CGO/MOBILE AIR TRANSPORT, INC./O/I",0,Yes
FAB_STN,Nassau Flight Services,CGO,vendor,2,0.19,Goal,Root/div/vendor,FAB_STN/CGO/Nassau Flight Services,2,No
FAB_STN,O,Nassau Flight Services,orig_typ,3,59.41,Goal,Root/div/vendor/orig_typ,FAB_STN/CGO/Nassau Flight Services/O,1,No
FAB_STN,I,O,dom_int,4,100.0,Goal,Root/div/vendor/orig_typ/dom_int,FAB_STN/CGO/Nassau Flight Services/O/I,0,Yes
FAB_STN,T,Nassau Flight Services,orig_typ,3,40.59,Goal,Root/div/vendor/orig_typ,FAB_STN/CGO/Nassau Flight Services/T,1,No
FAB_STN,I,T,dom_int,4,100.0,Goal,Root/div/vendor/orig_typ/dom_int,FAB_STN/CGO/Nassau Flight Services/T/I,0,Yes
FAB_STN,Nigerian Aviation Handling,CGO,vendor,2,0.28,Goal,Root/div/vendor,FAB_STN/CGO/Nigerian Aviation Handling,2,No
FAB_STN,O,Nigerian Aviation Handling,orig_typ,3,74.15,Goal,Root/div/vendor/orig_typ,FAB_STN/CGO/Nigerian Aviation Handling/O,1,No
FAB_STN,I,O,dom_int,4,100.0,Goal,Root/div/vendor/orig_typ/dom_int,FAB_STN/CGO/Nigerian Aviation Handling/O/I,0,Yes
FAB_STN,T,Nigerian Aviation Handling,orig_typ,3,25.85,Goal,Root/div/vendor/orig_typ,FAB_STN/CGO/Nigerian Aviation Handling/T,2,No
FAB_STN,D,T,dom_int,4,38.13,Goal,Root/div/vendor/orig_typ/dom_int,FAB_STN/CGO/Nigerian Aviation Handling/T/D,0,Yes
FAB_STN,I,T,dom_int,4,61.87,Goal,Root/div/vendor/orig_typ/dom_int,FAB_STN/CGO/Nigerian Aviation Handling/T/I,0,Yes
FAB_STN,Pacific Atlantic Agency (PAA),CGO,vendor,2,0.02,Goal,Root/div/vendor,FAB_STN/CGO/Pacific Atlantic Agency (PAA),2,No
FAB_STN,O,Pacific Atlantic Agency (PAA),orig_typ,3,93.1,Goal,Root/div/vendor/orig_typ,FAB_STN/CGO/Pacific Atlantic Agency (PAA)/O,1,No
FAB_STN,I,O,dom_int,4,100.0,Goal,Root/div/vendor/orig_typ/dom_int,FAB_STN/CGO/Pacific Atlantic Agency (PAA)/O/I,0,Yes
FAB_STN,T,Pacific Atlantic Agency (PAA),orig_typ,3,6.9,Goal,Root/div/vendor/orig_typ,FAB_STN/CGO/Pacific Atlantic Agency (PAA)/T,1,No
FAB_STN,I,T,dom_int,4,100.0,Goal,Root/div/vendor/orig_typ/dom_int,FAB_STN/CGO/Pacific Atlantic Agency (PAA)/T/I,0,Yes
FAB_STN,Perishairport Cia Ltd,CGO,vendor,2,0.21,Goal,Root/div/vendor,FAB_STN/CGO/Perishairport Cia Ltd,2,No
FAB_STN,O,Perishairport Cia Ltd,orig_typ,3,54.5,Goal,Root/div/vendor/orig_typ,FAB_STN/CGO/Perishairport Cia Ltd/O,1,No
FAB_STN,I,O,dom_int,4,100.0,Goal,Root/div/vendor/orig_typ/dom_int,FAB_STN/CGO/Perishairport Cia Ltd/O/I,0,Yes
FAB_STN,T,Perishairport Cia Ltd,orig_typ,3,45.5,Goal,Root/div/vendor/orig_typ,FAB_STN/CGO/Perishairport Cia Ltd/T,1,No
FAB_STN,I,T,dom_int,4,100.0,Goal,Root/div/vendor/orig_typ/dom_int,FAB_STN/CGO/Perishairport Cia Ltd/T/I,0,Yes
FAB_STN,Philippine Airport Ground Support (PAGS),CGO,vendor,2,0.1,Goal,Root/div/vendor,FAB_STN/CGO/Philippine Airport Ground Support (PAGS),1,No
FAB_STN,O,Philippine Airport Ground Support (PAGS),orig_typ,3,100.0,Goal,Root/div/vendor/orig_typ,FAB_STN/CGO/Philippine Airport Ground Support (PAGS)/O,1,No
FAB_STN,I,O,dom_int,4,100.0,Goal,Root/div/vendor/orig_typ/dom_int,FAB_STN/CGO/Philippine Airport Ground Support (PAGS)/O/I,0,Yes
FAB_STN,Pilarte Cargo,CGO,vendor,2,0.25,Goal,Root/div/vendor,FAB_STN/CGO/Pilarte Cargo,2,No
FAB_STN,O,Pilarte Cargo,orig_typ,3,97.2,Goal,Root/div/vendor/orig_typ,FAB_STN/CGO/Pilarte Cargo/O,2,No
FAB_STN,D,O,dom_int,4,44.57,Goal,Root/div/vendor/orig_typ/dom_int,FAB_STN/CGO/Pilarte Cargo/O/D,0,Yes
FAB_STN,I,O,dom_int,4,55.43,Goal,Root/div/vendor/orig_typ/dom_int,FAB_STN/CGO/Pilarte Cargo/O/I,0,Yes
FAB_STN,T,Pilarte Cargo,orig_typ,3,2.8,Goal,Root/div/vendor/orig_typ,FAB_STN/CGO/Pilarte Cargo/T,1,No
FAB_STN,I,T,dom_int,4,100.0,Goal,Root/div/vendor/orig_typ/dom_int,FAB_STN/CGO/Pilarte Cargo/T/I,0,Yes
FAB_STN,Quantem Aviation,CGO,vendor,2,0.1,Goal,Root/div/vendor,FAB_STN/CGO/Quantem Aviation,2,No
FAB_STN,O,Quantem Aviation,orig_typ,3,53.04,Goal,Root/div/vendor/orig_typ,FAB_STN/CGO/Quantem Aviation/O,2,No
FAB_STN,D,O,dom_int,4,11.35,Goal,Root/div/vendor/orig_typ/dom_int,FAB_STN/CGO/Quantem Aviation/O/D,0,Yes
FAB_STN,I,O,dom_int,4,88.65,Goal,Root/div/vendor/orig_typ/dom_int,FAB_STN/CGO/Quantem Aviation/O/I,0,Yes
FAB_STN,T,Quantem Aviation,orig_typ,3,46.96,Goal,Root/div/vendor/orig_typ,FAB_STN/CGO/Quantem Aviation/T,2,No
FAB_STN,D,T,dom_int,4,55.02,Goal,Root/div/vendor/orig_typ/dom_int,FAB_STN/CGO/Quantem Aviation/T/D,0,Yes
FAB_STN,I,T,dom_int,4,44.98,Goal,Root/div/vendor/orig_typ/dom_int,FAB_STN/CGO/Quantem Aviation/T/I,0,Yes
FAB_STN,SAVE Cargo,CGO,vendor,2,0.12,Goal,Root/div/vendor,FAB_STN/CGO/SAVE Cargo,2,No
FAB_STN,O,SAVE Cargo,orig_typ,3,88.66,Goal,Root/div/vendor/orig_typ,FAB_STN/CGO/SAVE Cargo/O,1,No
FAB_STN,I,O,dom_int,4,100.0,Goal,Root/div/vendor/orig_typ/dom_int,FAB_STN/CGO/SAVE Cargo/O/I,0,Yes
FAB_STN,T,SAVE Cargo,orig_typ,3,11.34,Goal,Root/div/vendor/orig_typ,FAB_STN/CGO/SAVE Cargo/T,1,No
FAB_STN,I,T,dom_int,4,100.0,Goal,Root/div/vendor/orig_typ/dom_int,FAB_STN/CGO/SAVE Cargo/T/I,0,Yes
FAB_STN,Servicios Aeros Guatemaltecos,CGO,vendor,2,0.47,Goal,Root/div/vendor,FAB_STN/CGO/Servicios Aeros Guatemaltecos,2,No
FAB_STN,O,Servicios Aeros Guatemaltecos,orig_typ,3,3.91,Goal,Root/div/vendor/orig_typ,FAB_STN/CGO/Servicios Aeros Guatemaltecos/O,1,No
FAB_STN,I,O,dom_int,4,100.0,Goal,Root/div/vendor/orig_typ/dom_int,FAB_STN/CGO/Servicios Aeros Guatemaltecos/O/I,0,Yes
FAB_STN,T,Servicios Aeros Guatemaltecos,orig_typ,3,96.09,Goal,Root/div/vendor/orig_typ,FAB_STN/CGO/Servicios Aeros Guatemaltecos/T,1,No
FAB_STN,I,T,dom_int,4,100.0,Goal,Root/div/vendor/orig_typ/dom_int,FAB_STN/CGO/Servicios Aeros Guatemaltecos/T/I,0,Yes
FAB_STN,Skyport,CGO,vendor,2,0.29,Goal,Root/div/vendor,FAB_STN/CGO/Skyport,2,No
FAB_STN,O,Skyport,orig_typ,3,74.53,Goal,Root/div/vendor/orig_typ,FAB_STN/CGO/Skyport/O,1,No
FAB_STN,I,O,dom_int,4,100.0,Goal,Root/div/vendor/orig_typ/dom_int,FAB_STN/CGO/Skyport/O/I,0,Yes
FAB_STN,T,Skyport,orig_typ,3,25.47,Goal,Root/div/vendor/orig_typ,FAB_STN/CGO/Skyport/T,1,No
FAB_STN,I,T,dom_int,4,100.0,Goal,Root/div/vendor/orig_typ/dom_int,FAB_STN/CGO/Skyport/T/I,0,Yes
FAB_STN,Skyserv,CGO,vendor,2,0.31,Goal,Root/div/vendor,FAB_STN/CGO/Skyserv,2,No
FAB_STN,O,Skyserv,orig_typ,3,73.92,Goal,Root/div/vendor/orig_typ,FAB_STN/CGO/Skyserv/O,1,No
FAB_STN,I,O,dom_int,4,100.0,Goal,Root/div/vendor/orig_typ/dom_int,FAB_STN/CGO/Skyserv/O/I,0,Yes
FAB_STN,T,Skyserv,orig_typ,3,26.08,Goal,Root/div/vendor/orig_typ,FAB_STN/CGO/Skyserv/T,1,No
FAB_STN,I,T,dom_int,4,100.0,Goal,Root/div/vendor/orig_typ/dom_int,FAB_STN/CGO/Skyserv/T/I,0,Yes
FAB_STN,Swissport Cargo,CGO,vendor,2,0.38,Goal,Root/div/vendor,FAB_STN/CGO/Swissport Cargo,1,No
FAB_STN,O,Swissport Cargo,orig_typ,3,100.0,Goal,Root/div/vendor/orig_typ,FAB_STN/CGO/Swissport Cargo/O,1,No
FAB_STN,I,O,dom_int,4,100.0,Goal,Root/div/vendor/orig_typ/dom_int,FAB_STN/CGO/Swissport Cargo/O/I,0,Yes
FAB_STN,Swissport,CGO,vendor,2,0.45,Goal,Root/div/vendor,FAB_STN/CGO/Swissport,2,No
FAB_STN,O,Swissport,orig_typ,3,54.79,Goal,Root/div/vendor/orig_typ,FAB_STN/CGO/Swissport/O,2,No
FAB_STN,D,O,dom_int,4,83.51,Goal,Root/div/vendor/orig_typ/dom_int,FAB_STN/CGO/Swissport/O/D,0,Yes
FAB_STN,I,O,dom_int,4,16.49,Goal,Root/div/vendor/orig_typ/dom_int,FAB_STN/CGO/Swissport/O/I,0,Yes
FAB_STN,T,Swissport,orig_typ,3,45.21,Goal,Root/div/vendor/orig_typ,FAB_STN/CGO/Swissport/T,2,No
FAB_STN,D,T,dom_int,4,44.58,Goal,Root/div/vendor/orig_typ/dom_int,FAB_STN/CGO/Swissport/T/D,0,Yes
FAB_STN,I,T,dom_int,4,55.42,Goal,Root/div/vendor/orig_typ/dom_int,FAB_STN/CGO/Swissport/T/I,0,Yes
FAB_STN,Talma,CGO,vendor,2,0.27,Goal,Root/div/vendor,FAB_STN/CGO/Talma,2,No
FAB_STN,O,Talma,orig_typ,3,66.86,Goal,Root/div/vendor/orig_typ,FAB_STN/CGO/Talma/O,1,No
FAB_STN,I,O,dom_int,4,100.0,Goal,Root/div/vendor/orig_typ/dom_int,FAB_STN/CGO/Talma/O/I,0,Yes
FAB_STN,T,Talma,orig_typ,3,33.14,Goal,Root/div/vendor/orig_typ,FAB_STN/CGO/Talma/T,1,No
FAB_STN,I,T,dom_int,4,100.0,Goal,Root/div/vendor/orig_typ/dom_int,FAB_STN/CGO/Talma/T/I,0,Yes
FAB_STN,TAM Linhas Aereas,CGO,vendor,2,0.36,Goal,Root/div/vendor,FAB_STN/CGO/TAM Linhas Aereas,2,No
FAB_STN,O,TAM Linhas Aereas,orig_typ,3,79.68,Goal,Root/div/vendor/orig_typ,FAB_STN/CGO/TAM Linhas Aereas/O,1,No
FAB_STN,I,O,dom_int,4,100.0,Goal,Root/div/vendor/orig_typ/dom_int,FAB_STN/CGO/TAM Linhas Aereas/O/I,0,Yes
FAB_STN,T,TAM Linhas Aereas,orig_typ,3,20.32,Goal,Root/div/vendor/orig_typ,FAB_STN/CGO/TAM Linhas Aereas/T,1,No
FAB_STN,I,T,dom_int,4,100.0,Goal,Root/div/vendor/orig_typ/dom_int,FAB_STN/CGO/TAM Linhas Aereas/T/I,0,Yes
FAB_STN,TIACT,CGO,vendor,2,0.16,Goal,Root/div/vendor,FAB_STN/CGO/TIACT,2,No
FAB_STN,O,TIACT,orig_typ,3,39.12,Goal,Root/div/vendor/orig_typ,FAB_STN/CGO/TIACT/O,1,No
FAB_STN,I,O,dom_int,4,100.0,Goal,Root/div/vendor/orig_typ/dom_int,FAB_STN/CGO/TIACT/O/I,0,Yes
FAB_STN,T,TIACT,orig_typ,3,60.88,Goal,Root/div/vendor/orig_typ,FAB_STN/CGO/TIACT/T,1,No
FAB_STN,I,T,dom_int,4,100.0,Goal,Root/div/vendor/orig_typ/dom_int,FAB_STN/CGO/TIACT/T/I,0,Yes
FAB_STN,Titanlog,CGO,vendor,2,0.46,Goal,Root/div/vendor,FAB_STN/CGO/Titanlog,1,No
FAB_STN,O,Titanlog,orig_typ,3,100.0,Goal,Root/div/vendor/orig_typ,FAB_STN/CGO/Titanlog/O,1,No
FAB_STN,I,O,dom_int,4,100.0,Goal,Root/div/vendor/orig_typ/dom_int,FAB_STN/CGO/Titanlog/O/I,0,Yes
FAB_STN,Total Airport Services (TAS),CGO,vendor,2,0.22,Goal,Root/div/vendor,FAB_STN/CGO/Total Airport Services (TAS),2,No
FAB_STN,O,Total Airport Services (TAS),orig_typ,3,1.04,Goal,Root/div/vendor/orig_typ,FAB_STN/CGO/Total Airport Services (TAS)/O,2,No
FAB_STN,D,O,dom_int,4,12.38,Goal,Root/div/vendor/orig_typ/dom_int,FAB_STN/CGO/Total Airport Services (TAS)/O/D,0,Yes
FAB_STN,I,O,dom_int,4,87.62,Goal,Root/div/vendor/orig_typ/dom_int,FAB_STN/CGO/Total Airport Services (TAS)/O/I,0,Yes
FAB_STN,T,Total Airport Services (TAS),orig_typ,3,98.96,Goal,Root/div/vendor/orig_typ,FAB_STN/CGO/Total Airport Services (TAS)/T,2,No
FAB_STN,D,T,dom_int,4,60.89,Goal,Root/div/vendor/orig_typ/dom_int,FAB_STN/CGO/Total Airport Services (TAS)/T/D,0,Yes
FAB_STN,I,T,dom_int,4,39.11,Goal,Root/div/vendor/orig_typ/dom_int,FAB_STN/CGO/Total Airport Services (TAS)/T/I,0,Yes
FAB_STN,Unifi,CGO,vendor,2,0.18,Goal,Root/div/vendor,FAB_STN/CGO/Unifi,2,No
FAB_STN,O,Unifi,orig_typ,3,68.36,Goal,Root/div/vendor/orig_typ,FAB_STN/CGO/Unifi/O,2,No
FAB_STN,D,O,dom_int,4,79.52,Goal,Root/div/vendor/orig_typ/dom_int,FAB_STN/CGO/Unifi/O/D,0,Yes
FAB_STN,I,O,dom_int,4,20.48,Goal,Root/div/vendor/orig_typ/dom_int,FAB_STN/CGO/Unifi/O/I,0,Yes
FAB_STN,T,Unifi,orig_typ,3,31.64,Goal,Root/div/vendor/orig_typ,FAB_STN/CGO/Unifi/T,2,No
FAB_STN,D,T,dom_int,4,38.96,Goal,Root/div/vendor/orig_typ/dom_int,FAB_STN/CGO/Unifi/T/D,0,Yes
FAB_STN,I,T,dom_int,4,61.04,Goal,Root/div/vendor/orig_typ/dom_int,FAB_STN/CGO/Unifi/T/I,0,Yes
FAB_STN,US Aviation,CGO,vendor,2,0.23,Goal,Root/div/vendor,FAB_STN/CGO/US Aviation,2,No
FAB_STN,O,US Aviation,orig_typ,3,31.02,Goal,Root/div/vendor/orig_typ,FAB_STN/CGO/US Aviation/O,2,No
FAB_STN,D,O,dom_int,4,48.87,Goal,Root/div/vendor/orig_typ/dom_int,FAB_STN/CGO/US Aviation/O/D,0,Yes
FAB_STN,I,O,dom_int,4,51.13,Goal,Root/div/vendor/orig_typ/dom_int,FAB_STN/CGO/US Aviation/O/I,0,Yes
FAB_STN,T,US Aviation,orig_typ,3,68.98,Goal,Root/div/vendor/orig_typ,FAB_STN/CGO/US Aviation/T,2,No
FAB_STN,D,T,dom_int,4,18.63,Goal,Root/div/vendor/orig_typ/dom_int,FAB_STN/CGO/US Aviation/T/D,0,Yes
FAB_STN,I,T,dom_int,4,81.37,Goal,Root/div/vendor/orig_typ/dom_int,FAB_STN/CGO/US Aviation/T/I,0,Yes
FAB_STN,WFS -Worldwide Flight Services,CGO,vendor,2,0.14,Goal,Root/div/vendor,FAB_STN/CGO/WFS -Worldwide Flight Services,2,No
FAB_STN,O,WFS -Worldwide Flight Services,orig_typ,3,37.98,Goal,Root/div/vendor/orig_typ,FAB_STN/CGO/WFS -Worldwide Flight Services/O,2,No
FAB_STN,D,O,dom_int,4,17.38,Goal,Root/div/vendor/orig_typ/dom_int,FAB_STN/CGO/WFS -Worldwide Flight Services/O/D,0,Yes
FAB_STN,I,O,dom_int,4,82.62,Goal,Root/div/vendor/orig_typ/dom_int,FAB_STN/CGO/WFS -Worldwide Flight Services/O/I,0,Yes
FAB_STN,T,WFS -Worldwide Flight Services,orig_typ,3,62.02,Goal,Root/div/vendor/orig_typ,FAB_STN/CGO/WFS -Worldwide Flight Services/T,2,No
FAB_STN,D,T,dom_int,4,40.97,Goal,Root/div/vendor/orig_typ/dom_int,FAB_STN/CGO/WFS -Worldwide Flight Services/T/D,0,Yes
FAB_STN,I,T,dom_int,4,59.03,Goal,Root/div/vendor/orig_typ/dom_int,FAB_STN/CGO/WFS -Worldwide Flight Services/T/I,0,Yes
FAB_STN,Wisag,CGO,vendor,2,0.05,Goal,Root/div/vendor,FAB_STN/CGO/Wisag,2,No
FAB_STN,O,Wisag,orig_typ,3,68.33,Goal,Root/div/vendor/orig_typ,FAB_STN/CGO/Wisag/O,1,No
FAB_STN,I,O,dom_int,4,100.0,Goal,Root/div/vendor/orig_typ/dom_int,FAB_STN/CGO/Wisag/O/I,0,Yes
FAB_STN,T,Wisag,orig_typ,3,31.67,Goal,Root/div/vendor/orig_typ,FAB_STN/CGO/Wisag/T,1,No
FAB_STN,I,T,dom_int,4,100.0,Goal,Root/div/vendor/orig_typ/dom_int,FAB_STN/CGO/Wisag/T/I,0,Yes
FAB_STN,Wright Brothers,CGO,vendor,2,0.38,Goal,Root/div/vendor,FAB_STN/CGO/Wright Brothers,2,No
FAB_STN,O,Wright Brothers,orig_typ,3,49.99,Goal,Root/div/vendor/orig_typ,FAB_STN/CGO/Wright Brothers/O,2,No
FAB_STN,D,O,dom_int,4,29.21,Goal,Root/div/vendor/orig_typ/dom_int,FAB_STN/CGO/Wright Brothers/O/D,0,Yes
FAB_STN,I,O,dom_int,4,70.79,Goal,Root/div/vendor/orig_typ/dom_int,FAB_STN/CGO/Wright Brothers/O/I,0,Yes
FAB_STN,T,Wright Brothers,orig_typ,3,50.01,Goal,Root/div/vendor/orig_typ,FAB_STN/CGO/Wright Brothers/T,1,No
FAB_STN,D,T,dom_int,4,100.0,Goal,Root/div/vendor/orig_typ/dom_int,FAB_STN/CGO/Wright Brothers/T/D,0,Yes
