KPI,Node Name,Parent,Category,Tier,Contribution,Target/Goal,Category Path,Node Path,Child Count,Leaf
GCS_RON_QA,GCS_RON_QA,,Root,0,1,Goal,Root,GCS_RON_QA,1,No
GCS_RON_QA,GCS,GCS_RON_QA,div,1,100.0,Goal,Root/div,GCS_RON_QA/GCS,407,No
GCS_RON_QA,ABE,GCS,station,2,0.36,Goal,Root/div/station,GCS_RON_QA/GCS/ABE,2,No
GCS_RON_QA,",null,",ABE,vendor,3,66.39,Goal,Root/div/station/vendor,"GCS_RON_QA/GCS/ABE/,null,",1,No
GCS_RON_QA,FS,",null,",vnd_typ,4,100.0,Goal,Root/div/station/vendor/vnd_typ,"GCS_RON_QA/GCS/ABE/,null,/FS",0,Yes
GCS_RON_QA,Unifi,ABE,vendor,3,33.61,Goal,Root/div/station/vendor,GCS_RON_QA/GCS/ABE/Unifi,1,No
GCS_RON_QA,FS,Unifi,vnd_typ,4,100.0,Goal,Root/div/station/vendor/vnd_typ,GCS_RON_QA/GCS/ABE/Unifi/FS,0,Yes
GCS_RON_QA,ABQ,GCS,station,2,0.26,Goal,Root/div/station,GCS_RON_QA/GCS/ABQ,2,No
GCS_RON_QA,",null,",ABQ,vendor,3,22.92,Goal,Root/div/station/vendor,"GCS_RON_QA/GCS/ABQ/,null,",1,No
GCS_RON_QA,Blended,",null,",vnd_typ,4,100.0,Goal,Root/div/station/vendor/vnd_typ,"GCS_RON_QA/GCS/ABQ/,null,/Blended",0,Yes
GCS_RON_QA,Unifi,ABQ,vendor,3,77.08,Goal,Root/div/station/vendor,GCS_RON_QA/GCS/ABQ/Unifi,1,No
GCS_RON_QA,Blended,Unifi,vnd_typ,4,100.0,Goal,Root/div/station/vendor/vnd_typ,GCS_RON_QA/GCS/ABQ/Unifi/Blended,0,Yes
GCS_RON_QA,ABR,GCS,station,2,0.35,Goal,Root/div/station,GCS_RON_QA/GCS/ABR,2,No
GCS_RON_QA,",null,",ABR,vendor,3,64.18,Goal,Root/div/station/vendor,"GCS_RON_QA/GCS/ABR/,null,",1,No
GCS_RON_QA,FS,",null,",vnd_typ,4,100.0,Goal,Root/div/station/vendor/vnd_typ,"GCS_RON_QA/GCS/ABR/,null,/FS",0,Yes
GCS_RON_QA,Unifi,ABR,vendor,3,35.82,Goal,Root/div/station/vendor,GCS_RON_QA/GCS/ABR/Unifi,1,No
GCS_RON_QA,FS,Unifi,vnd_typ,4,100.0,Goal,Root/div/station/vendor/vnd_typ,GCS_RON_QA/GCS/ABR/Unifi/FS,0,Yes
GCS_RON_QA,ABY,GCS,station,2,0.18,Goal,Root/div/station,GCS_RON_QA/GCS/ABY,2,No
GCS_RON_QA,",null,",ABY,vendor,3,63.43,Goal,Root/div/station/vendor,"GCS_RON_QA/GCS/ABY/,null,",1,No
GCS_RON_QA,FS,",null,",vnd_typ,4,100.0,Goal,Root/div/station/vendor/vnd_typ,"GCS_RON_QA/GCS/ABY/,null,/FS",0,Yes
GCS_RON_QA,Menzies Aviation,ABY,vendor,3,36.57,Goal,Root/div/station/vendor,GCS_RON_QA/GCS/ABY/Menzies Aviation,1,No
GCS_RON_QA,FS,Menzies Aviation,vnd_typ,4,100.0,Goal,Root/div/station/vendor/vnd_typ,GCS_RON_QA/GCS/ABY/Menzies Aviation/FS,0,Yes
GCS_RON_QA,ACC,GCS,station,2,0.07,Goal,Root/div/station,GCS_RON_QA/GCS/ACC,2,No
GCS_RON_QA,",null,",ACC,vendor,3,58.32,Goal,Root/div/station/vendor,"GCS_RON_QA/GCS/ACC/,null,",1,No
GCS_RON_QA,",null,",",null,",vnd_typ,4,100.0,Goal,Root/div/station/vendor/vnd_typ,"GCS_RON_QA/GCS/ACC/,null,/,null,",0,Yes
GCS_RON_QA,Aviance,ACC,vendor,3,41.68,Goal,Root/div/station/vendor,GCS_RON_QA/GCS/ACC/Aviance,1,No
GCS_RON_QA,",null,",Aviance,vnd_typ,4,100.0,Goal,Root/div/station/vendor/vnd_typ,"GCS_RON_QA/GCS/ACC/Aviance/,null,",0,Yes
GCS_RON_QA,ACK,GCS,station,2,0.41,Goal,Root/div/station,GCS_RON_QA/GCS/ACK,1,No
GCS_RON_QA,Unifi,ACK,vendor,3,100.0,Goal,Root/div/station/vendor,GCS_RON_QA/GCS/ACK/Unifi,1,No
GCS_RON_QA,FS,Unifi,vnd_typ,4,100.0,Goal,Root/div/station/vendor/vnd_typ,GCS_RON_QA/GCS/ACK/Unifi/FS,0,Yes
GCS_RON_QA,AEX,GCS,station,2,0.07,Goal,Root/div/station,GCS_RON_QA/GCS/AEX,2,No
GCS_RON_QA,",null,",AEX,vendor,3,29.27,Goal,Root/div/station/vendor,"GCS_RON_QA/GCS/AEX/,null,",1,No
GCS_RON_QA,FS,",null,",vnd_typ,4,100.0,Goal,Root/div/station/vendor/vnd_typ,"GCS_RON_QA/GCS/AEX/,null,/FS",0,Yes
GCS_RON_QA,Unifi,AEX,vendor,3,70.73,Goal,Root/div/station/vendor,GCS_RON_QA/GCS/AEX/Unifi,1,No
GCS_RON_QA,FS,Unifi,vnd_typ,4,100.0,Goal,Root/div/station/vendor/vnd_typ,GCS_RON_QA/GCS/AEX/Unifi/FS,0,Yes
GCS_RON_QA,AGS,GCS,station,2,0.26,Goal,Root/div/station,GCS_RON_QA/GCS/AGS,2,No
GCS_RON_QA,",null,",AGS,vendor,3,3.54,Goal,Root/div/station/vendor,"GCS_RON_QA/GCS/AGS/,null,",1,No
GCS_RON_QA,FS,",null,",vnd_typ,4,100.0,Goal,Root/div/station/vendor/vnd_typ,"GCS_RON_QA/GCS/AGS/,null,/FS",0,Yes
GCS_RON_QA,Unifi,AGS,vendor,3,96.46,Goal,Root/div/station/vendor,GCS_RON_QA/GCS/AGS/Unifi,2,No
GCS_RON_QA,Blended,Unifi,vnd_typ,4,70.57,Goal,Root/div/station/vendor/vnd_typ,GCS_RON_QA/GCS/AGS/Unifi/Blended,0,Yes
GCS_RON_QA,FS,Unifi,vnd_typ,4,29.43,Goal,Root/div/station/vendor/vnd_typ,GCS_RON_QA/GCS/AGS/Unifi/FS,0,Yes
GCS_RON_QA,AKL,GCS,station,2,0.29,Goal,Root/div/station,GCS_RON_QA/GCS/AKL,3,No
GCS_RON_QA,",null,",AKL,vendor,3,31.2,Goal,Root/div/station/vendor,"GCS_RON_QA/GCS/AKL/,null,",1,No
GCS_RON_QA,",null,",",null,",vnd_typ,4,100.0,Goal,Root/div/station/vendor/vnd_typ,"GCS_RON_QA/GCS/AKL/,null,/,null,",0,Yes
GCS_RON_QA,Menzies Aviation,AKL,vendor,3,42.87,Goal,Root/div/station/vendor,GCS_RON_QA/GCS/AKL/Menzies Aviation,1,No
GCS_RON_QA,",null,",Menzies Aviation,vnd_typ,4,100.0,Goal,Root/div/station/vendor/vnd_typ,"GCS_RON_QA/GCS/AKL/Menzies Aviation/,null,",0,Yes
GCS_RON_QA,Swissport,AKL,vendor,3,25.93,Goal,Root/div/station/vendor,GCS_RON_QA/GCS/AKL/Swissport,1,No
GCS_RON_QA,",null,",Swissport,vnd_typ,4,100.0,Goal,Root/div/station/vendor/vnd_typ,"GCS_RON_QA/GCS/AKL/Swissport/,null,",0,Yes
GCS_RON_QA,ALB,GCS,station,2,0.12,Goal,Root/div/station,GCS_RON_QA/GCS/ALB,2,No
GCS_RON_QA,",null,",ALB,vendor,3,48.66,Goal,Root/div/station/vendor,"GCS_RON_QA/GCS/ALB/,null,",1,No
GCS_RON_QA,Blended,",null,",vnd_typ,4,100.0,Goal,Root/div/station/vendor/vnd_typ,"GCS_RON_QA/GCS/ALB/,null,/Blended",0,Yes
GCS_RON_QA,Unifi,ALB,vendor,3,51.34,Goal,Root/div/station/vendor,GCS_RON_QA/GCS/ALB/Unifi,1,No
GCS_RON_QA,Blended,Unifi,vnd_typ,4,100.0,Goal,Root/div/station/vendor/vnd_typ,GCS_RON_QA/GCS/ALB/Unifi/Blended,0,Yes
GCS_RON_QA,AMS,GCS,station,2,0.11,Goal,Root/div/station,GCS_RON_QA/GCS/AMS,3,No
GCS_RON_QA,",null,",AMS,vendor,3,6.36,Goal,Root/div/station/vendor,"GCS_RON_QA/GCS/AMS/,null,",1,No
GCS_RON_QA,",null,",",null,",vnd_typ,4,100.0,Goal,Root/div/station/vendor/vnd_typ,"GCS_RON_QA/GCS/AMS/,null,/,null,",0,Yes
GCS_RON_QA,Asito BV,AMS,vendor,3,76.34,Goal,Root/div/station/vendor,GCS_RON_QA/GCS/AMS/Asito BV,1,No
GCS_RON_QA,",null,",Asito BV,vnd_typ,4,100.0,Goal,Root/div/station/vendor/vnd_typ,"GCS_RON_QA/GCS/AMS/Asito BV/,null,",0,Yes
GCS_RON_QA,KLM,AMS,vendor,3,17.3,Goal,Root/div/station/vendor,GCS_RON_QA/GCS/AMS/KLM,1,No
GCS_RON_QA,",null,",KLM,vnd_typ,4,100.0,Goal,Root/div/station/vendor/vnd_typ,"GCS_RON_QA/GCS/AMS/KLM/,null,",0,Yes
GCS_RON_QA,ANC,GCS,station,2,0.11,Goal,Root/div/station,GCS_RON_QA/GCS/ANC,2,No
GCS_RON_QA,",null,",ANC,vendor,3,47.99,Goal,Root/div/station/vendor,"GCS_RON_QA/GCS/ANC/,null,",1,No
GCS_RON_QA,Cabin,",null,",vnd_typ,4,100.0,Goal,Root/div/station/vendor/vnd_typ,"GCS_RON_QA/GCS/ANC/,null,/Cabin",0,Yes
GCS_RON_QA,Pegasus,ANC,vendor,3,52.01,Goal,Root/div/station/vendor,GCS_RON_QA/GCS/ANC/Pegasus,1,No
GCS_RON_QA,Cabin,Pegasus,vnd_typ,4,100.0,Goal,Root/div/station/vendor/vnd_typ,GCS_RON_QA/GCS/ANC/Pegasus/Cabin,0,Yes
GCS_RON_QA,ANU,GCS,station,2,0.02,Goal,Root/div/station,GCS_RON_QA/GCS/ANU,2,No
GCS_RON_QA,",null,",ANU,vendor,3,24.99,Goal,Root/div/station/vendor,"GCS_RON_QA/GCS/ANU/,null,",1,No
GCS_RON_QA,",null,",",null,",vnd_typ,4,100.0,Goal,Root/div/station/vendor/vnd_typ,"GCS_RON_QA/GCS/ANU/,null,/,null,",0,Yes
GCS_RON_QA,Dispatch Services Antigua,ANU,vendor,3,75.01,Goal,Root/div/station/vendor,GCS_RON_QA/GCS/ANU/Dispatch Services Antigua,1,No
GCS_RON_QA,",null,",Dispatch Services Antigua,vnd_typ,4,100.0,Goal,Root/div/station/vendor/vnd_typ,"GCS_RON_QA/GCS/ANU/Dispatch Services Antigua/,null,",0,Yes
GCS_RON_QA,APN,GCS,station,2,0.33,Goal,Root/div/station,GCS_RON_QA/GCS/APN,2,No
GCS_RON_QA,",null,",APN,vendor,3,48.76,Goal,Root/div/station/vendor,"GCS_RON_QA/GCS/APN/,null,",1,No
GCS_RON_QA,FS,",null,",vnd_typ,4,100.0,Goal,Root/div/station/vendor/vnd_typ,"GCS_RON_QA/GCS/APN/,null,/FS",0,Yes
GCS_RON_QA,Unifi,APN,vendor,3,51.24,Goal,Root/div/station/vendor,GCS_RON_QA/GCS/APN/Unifi,1,No
GCS_RON_QA,FS,Unifi,vnd_typ,4,100.0,Goal,Root/div/station/vendor/vnd_typ,GCS_RON_QA/GCS/APN/Unifi/FS,0,Yes
GCS_RON_QA,ARN,GCS,station,2,0.14,Goal,Root/div/station,GCS_RON_QA/GCS/ARN,1,No
GCS_RON_QA,",null,",ARN,vendor,3,100.0,Goal,Root/div/station/vendor,"GCS_RON_QA/GCS/ARN/,null,",1,No
GCS_RON_QA,",null,",",null,",vnd_typ,4,100.0,Goal,Root/div/station/vendor/vnd_typ,"GCS_RON_QA/GCS/ARN/,null,/,null,",0,Yes
GCS_RON_QA,ASE,GCS,station,2,0.28,Goal,Root/div/station,GCS_RON_QA/GCS/ASE,2,No
GCS_RON_QA,",null,",ASE,vendor,3,34.23,Goal,Root/div/station/vendor,"GCS_RON_QA/GCS/ASE/,null,",1,No
GCS_RON_QA,FS,",null,",vnd_typ,4,100.0,Goal,Root/div/station/vendor/vnd_typ,"GCS_RON_QA/GCS/ASE/,null,/FS",0,Yes
GCS_RON_QA,SkyWest,ASE,vendor,3,65.77,Goal,Root/div/station/vendor,GCS_RON_QA/GCS/ASE/SkyWest,1,No
GCS_RON_QA,FS,SkyWest,vnd_typ,4,100.0,Goal,Root/div/station/vendor/vnd_typ,GCS_RON_QA/GCS/ASE/SkyWest/FS,0,Yes
GCS_RON_QA,ATH,GCS,station,2,0.43,Goal,Root/div/station,GCS_RON_QA/GCS/ATH,1,No
GCS_RON_QA,Swissport,ATH,vendor,3,100.0,Goal,Root/div/station/vendor,GCS_RON_QA/GCS/ATH/Swissport,1,No
GCS_RON_QA,",null,",Swissport,vnd_typ,4,100.0,Goal,Root/div/station/vendor/vnd_typ,"GCS_RON_QA/GCS/ATH/Swissport/,null,",0,Yes
GCS_RON_QA,ATL,GCS,station,2,0.34,Goal,Root/div/station,GCS_RON_QA/GCS/ATL,2,No
GCS_RON_QA,",null,",ATL,vendor,3,24.65,Goal,Root/div/station/vendor,"GCS_RON_QA/GCS/ATL/,null,",1,No
GCS_RON_QA,Cabin,",null,",vnd_typ,4,100.0,Goal,Root/div/station/vendor/vnd_typ,"GCS_RON_QA/GCS/ATL/,null,/Cabin",0,Yes
GCS_RON_QA,Delta,ATL,vendor,3,75.35,Goal,Root/div/station/vendor,GCS_RON_QA/GCS/ATL/Delta,1,No
GCS_RON_QA,Cabin,Delta,vnd_typ,4,100.0,Goal,Root/div/station/vendor/vnd_typ,GCS_RON_QA/GCS/ATL/Delta/Cabin,0,Yes
GCS_RON_QA,ATW,GCS,station,2,0.14,Goal,Root/div/station,GCS_RON_QA/GCS/ATW,2,No
GCS_RON_QA,",null,",ATW,vendor,3,68.21,Goal,Root/div/station/vendor,"GCS_RON_QA/GCS/ATW/,null,",1,No
GCS_RON_QA,FS,",null,",vnd_typ,4,100.0,Goal,Root/div/station/vendor/vnd_typ,"GCS_RON_QA/GCS/ATW/,null,/FS",0,Yes
GCS_RON_QA,Unifi,ATW,vendor,3,31.79,Goal,Root/div/station/vendor,GCS_RON_QA/GCS/ATW/Unifi,1,No
GCS_RON_QA,FS,Unifi,vnd_typ,4,100.0,Goal,Root/div/station/vendor/vnd_typ,GCS_RON_QA/GCS/ATW/Unifi/FS,0,Yes
GCS_RON_QA,ATY,GCS,station,2,0.19,Goal,Root/div/station,GCS_RON_QA/GCS/ATY,1,No
GCS_RON_QA,",null,",ATY,vendor,3,100.0,Goal,Root/div/station/vendor,"GCS_RON_QA/GCS/ATY/,null,",2,No
GCS_RON_QA,",null,",",null,",vnd_typ,4,66.56,Goal,Root/div/station/vendor/vnd_typ,"GCS_RON_QA/GCS/ATY/,null,/,null,",0,Yes
GCS_RON_QA,FS,",null,",vnd_typ,4,33.44,Goal,Root/div/station/vendor/vnd_typ,"GCS_RON_QA/GCS/ATY/,null,/FS",0,Yes
GCS_RON_QA,AUA,GCS,station,2,0.36,Goal,Root/div/station,GCS_RON_QA/GCS/AUA,2,No
GCS_RON_QA,",null,",AUA,vendor,3,52.15,Goal,Root/div/station/vendor,"GCS_RON_QA/GCS/AUA/,null,",1,No
GCS_RON_QA,",null,",",null,",vnd_typ,4,100.0,Goal,Root/div/station/vendor/vnd_typ,"GCS_RON_QA/GCS/AUA/,null,/,null,",0,Yes
GCS_RON_QA,General Air Services N.V.,AUA,vendor,3,47.85,Goal,Root/div/station/vendor,GCS_RON_QA/GCS/AUA/General Air Services N.V.,1,No
GCS_RON_QA,",null,",General Air Services N.V.,vnd_typ,4,100.0,Goal,Root/div/station/vendor/vnd_typ,"GCS_RON_QA/GCS/AUA/General Air Services N.V./,null,",0,Yes
GCS_RON_QA,AUS,GCS,station,2,0.35,Goal,Root/div/station,GCS_RON_QA/GCS/AUS,2,No
GCS_RON_QA,",null,",AUS,vendor,3,53.62,Goal,Root/div/station/vendor,"GCS_RON_QA/GCS/AUS/,null,",1,No
GCS_RON_QA,Cabin,",null,",vnd_typ,4,100.0,Goal,Root/div/station/vendor/vnd_typ,"GCS_RON_QA/GCS/AUS/,null,/Cabin",0,Yes
GCS_RON_QA,Unifi,AUS,vendor,3,46.38,Goal,Root/div/station/vendor,GCS_RON_QA/GCS/AUS/Unifi,1,No
GCS_RON_QA,Cabin,Unifi,vnd_typ,4,100.0,Goal,Root/div/station/vendor/vnd_typ,GCS_RON_QA/GCS/AUS/Unifi/Cabin,0,Yes
GCS_RON_QA,AVL,GCS,station,2,0.07,Goal,Root/div/station,GCS_RON_QA/GCS/AVL,2,No
GCS_RON_QA,",null,",AVL,vendor,3,6.42,Goal,Root/div/station/vendor,"GCS_RON_QA/GCS/AVL/,null,",1,No
GCS_RON_QA,FS,",null,",vnd_typ,4,100.0,Goal,Root/div/station/vendor/vnd_typ,"GCS_RON_QA/GCS/AVL/,null,/FS",0,Yes
GCS_RON_QA,Unifi,AVL,vendor,3,93.58,Goal,Root/div/station/vendor,GCS_RON_QA/GCS/AVL/Unifi,1,No
GCS_RON_QA,FS,Unifi,vnd_typ,4,100.0,Goal,Root/div/station/vendor/vnd_typ,GCS_RON_QA/GCS/AVL/Unifi/FS,0,Yes
GCS_RON_QA,AZO,GCS,station,2,0.5,Goal,Root/div/station,GCS_RON_QA/GCS/AZO,2,No
GCS_RON_QA,",null,",AZO,vendor,3,53.57,Goal,Root/div/station/vendor,"GCS_RON_QA/GCS/AZO/,null,",1,No
GCS_RON_QA,FS,",null,",vnd_typ,4,100.0,Goal,Root/div/station/vendor/vnd_typ,"GCS_RON_QA/GCS/AZO/,null,/FS",0,Yes
GCS_RON_QA,Unifi,AZO,vendor,3,46.43,Goal,Root/div/station/vendor,GCS_RON_QA/GCS/AZO/Unifi,1,No
GCS_RON_QA,FS,Unifi,vnd_typ,4,100.0,Goal,Root/div/station/vendor/vnd_typ,GCS_RON_QA/GCS/AZO/Unifi/FS,0,Yes
GCS_RON_QA,BCN,GCS,station,2,0.07,Goal,Root/div/station,GCS_RON_QA/GCS/BCN,3,No
GCS_RON_QA,",null,",BCN,vendor,3,28.77,Goal,Root/div/station/vendor,"GCS_RON_QA/GCS/BCN/,null,",1,No
GCS_RON_QA,",null,",",null,",vnd_typ,4,100.0,Goal,Root/div/station/vendor/vnd_typ,"GCS_RON_QA/GCS/BCN/,null,/,null,",0,Yes
GCS_RON_QA,AviaPartner,BCN,vendor,3,28.77,Goal,Root/div/station/vendor,GCS_RON_QA/GCS/BCN/AviaPartner,1,No
GCS_RON_QA,",null,",AviaPartner,vnd_typ,4,100.0,Goal,Root/div/station/vendor/vnd_typ,"GCS_RON_QA/GCS/BCN/AviaPartner/,null,",0,Yes
GCS_RON_QA,GROUNDFORCE BCN 2023 UTE,BCN,vendor,3,42.46,Goal,Root/div/station/vendor,GCS_RON_QA/GCS/BCN/GROUNDFORCE BCN 2023 UTE,1,No
GCS_RON_QA,",null,",GROUNDFORCE BCN 2023 UTE,vnd_typ,4,100.0,Goal,Root/div/station/vendor/vnd_typ,"GCS_RON_QA/GCS/BCN/GROUNDFORCE BCN 2023 UTE/,null,",0,Yes
GCS_RON_QA,BDA,GCS,station,2,0.13,Goal,Root/div/station,GCS_RON_QA/GCS/BDA,2,No
GCS_RON_QA,",null,",BDA,vendor,3,24.64,Goal,Root/div/station/vendor,"GCS_RON_QA/GCS/BDA/,null,",1,No
GCS_RON_QA,",null,",",null,",vnd_typ,4,100.0,Goal,Root/div/station/vendor/vnd_typ,"GCS_RON_QA/GCS/BDA/,null,/,null,",0,Yes
GCS_RON_QA,Menzies Aviation,BDA,vendor,3,75.36,Goal,Root/div/station/vendor,GCS_RON_QA/GCS/BDA/Menzies Aviation,1,No
GCS_RON_QA,",null,",Menzies Aviation,vnd_typ,4,100.0,Goal,Root/div/station/vendor/vnd_typ,"GCS_RON_QA/GCS/BDA/Menzies Aviation/,null,",0,Yes
GCS_RON_QA,BDL,GCS,station,2,0.15,Goal,Root/div/station,GCS_RON_QA/GCS/BDL,2,No
GCS_RON_QA,",null,",BDL,vendor,3,39.29,Goal,Root/div/station/vendor,"GCS_RON_QA/GCS/BDL/,null,",1,No
GCS_RON_QA,Blended,",null,",vnd_typ,4,100.0,Goal,Root/div/station/vendor/vnd_typ,"GCS_RON_QA/GCS/BDL/,null,/Blended",0,Yes
GCS_RON_QA,Menzies Aviation,BDL,vendor,3,60.71,Goal,Root/div/station/vendor,GCS_RON_QA/GCS/BDL/Menzies Aviation,1,No
GCS_RON_QA,Blended,Menzies Aviation,vnd_typ,4,100.0,Goal,Root/div/station/vendor/vnd_typ,GCS_RON_QA/GCS/BDL/Menzies Aviation/Blended,0,Yes
GCS_RON_QA,BER,GCS,station,2,0.4,Goal,Root/div/station,GCS_RON_QA/GCS/BER,1,No
GCS_RON_QA,WISAG Aviation,BER,vendor,3,100.0,Goal,Root/div/station/vendor,GCS_RON_QA/GCS/BER/WISAG Aviation,1,No
GCS_RON_QA,",null,",WISAG Aviation,vnd_typ,4,100.0,Goal,Root/div/station/vendor/vnd_typ,"GCS_RON_QA/GCS/BER/WISAG Aviation/,null,",0,Yes
GCS_RON_QA,BGI,GCS,station,2,0.06,Goal,Root/div/station,GCS_RON_QA/GCS/BGI,2,No
GCS_RON_QA,",null,",BGI,vendor,3,69.92,Goal,Root/div/station/vendor,"GCS_RON_QA/GCS/BGI/,null,",1,No
GCS_RON_QA,",null,",",null,",vnd_typ,4,100.0,Goal,Root/div/station/vendor/vnd_typ,"GCS_RON_QA/GCS/BGI/,null,/,null,",0,Yes
GCS_RON_QA,Caribbean Aircraft Handling,BGI,vendor,3,30.08,Goal,Root/div/station/vendor,GCS_RON_QA/GCS/BGI/Caribbean Aircraft Handling,1,No
GCS_RON_QA,",null,",Caribbean Aircraft Handling,vnd_typ,4,100.0,Goal,Root/div/station/vendor/vnd_typ,"GCS_RON_QA/GCS/BGI/Caribbean Aircraft Handling/,null,",0,Yes
GCS_RON_QA,BGM,GCS,station,2,0.05,Goal,Root/div/station,GCS_RON_QA/GCS/BGM,2,No
GCS_RON_QA,",null,",BGM,vendor,3,76.72,Goal,Root/div/station/vendor,"GCS_RON_QA/GCS/BGM/,null,",1,No
GCS_RON_QA,FS,",null,",vnd_typ,4,100.0,Goal,Root/div/station/vendor/vnd_typ,"GCS_RON_QA/GCS/BGM/,null,/FS",0,Yes
GCS_RON_QA,Menzies Aviation,BGM,vendor,3,23.28,Goal,Root/div/station/vendor,GCS_RON_QA/GCS/BGM/Menzies Aviation,1,No
GCS_RON_QA,FS,Menzies Aviation,vnd_typ,4,100.0,Goal,Root/div/station/vendor/vnd_typ,GCS_RON_QA/GCS/BGM/Menzies Aviation/FS,0,Yes
GCS_RON_QA,BGR,GCS,station,2,0.3,Goal,Root/div/station,GCS_RON_QA/GCS/BGR,2,No
GCS_RON_QA,",null,",BGR,vendor,3,26.27,Goal,Root/div/station/vendor,"GCS_RON_QA/GCS/BGR/,null,",1,No
GCS_RON_QA,FS,",null,",vnd_typ,4,100.0,Goal,Root/div/station/vendor/vnd_typ,"GCS_RON_QA/GCS/BGR/,null,/FS",0,Yes
GCS_RON_QA,Unifi,BGR,vendor,3,73.73,Goal,Root/div/station/vendor,GCS_RON_QA/GCS/BGR/Unifi,1,No
GCS_RON_QA,FS,Unifi,vnd_typ,4,100.0,Goal,Root/div/station/vendor/vnd_typ,GCS_RON_QA/GCS/BGR/Unifi/FS,0,Yes
GCS_RON_QA,BHM,GCS,station,2,0.31,Goal,Root/div/station,GCS_RON_QA/GCS/BHM,2,No
GCS_RON_QA,",null,",BHM,vendor,3,55.23,Goal,Root/div/station/vendor,"GCS_RON_QA/GCS/BHM/,null,",1,No
GCS_RON_QA,Blended,",null,",vnd_typ,4,100.0,Goal,Root/div/station/vendor/vnd_typ,"GCS_RON_QA/GCS/BHM/,null,/Blended",0,Yes
GCS_RON_QA,Unifi,BHM,vendor,3,44.77,Goal,Root/div/station/vendor,GCS_RON_QA/GCS/BHM/Unifi,1,No
GCS_RON_QA,Blended,Unifi,vnd_typ,4,100.0,Goal,Root/div/station/vendor/vnd_typ,GCS_RON_QA/GCS/BHM/Unifi/Blended,0,Yes
GCS_RON_QA,BIL,GCS,station,2,0.22,Goal,Root/div/station,GCS_RON_QA/GCS/BIL,2,No
GCS_RON_QA,",null,",BIL,vendor,3,38.29,Goal,Root/div/station/vendor,"GCS_RON_QA/GCS/BIL/,null,",1,No
GCS_RON_QA,FS,",null,",vnd_typ,4,100.0,Goal,Root/div/station/vendor/vnd_typ,"GCS_RON_QA/GCS/BIL/,null,/FS",0,Yes
GCS_RON_QA,Unifi,BIL,vendor,3,61.71,Goal,Root/div/station/vendor,GCS_RON_QA/GCS/BIL/Unifi,1,No
GCS_RON_QA,FS,Unifi,vnd_typ,4,100.0,Goal,Root/div/station/vendor/vnd_typ,GCS_RON_QA/GCS/BIL/Unifi/FS,0,Yes
GCS_RON_QA,BIS,GCS,station,2,0.06,Goal,Root/div/station,GCS_RON_QA/GCS/BIS,2,No
GCS_RON_QA,",null,",BIS,vendor,3,65.34,Goal,Root/div/station/vendor,"GCS_RON_QA/GCS/BIS/,null,",1,No
GCS_RON_QA,FS,",null,",vnd_typ,4,100.0,Goal,Root/div/station/vendor/vnd_typ,"GCS_RON_QA/GCS/BIS/,null,/FS",0,Yes
GCS_RON_QA,Unifi,BIS,vendor,3,34.66,Goal,Root/div/station/vendor,GCS_RON_QA/GCS/BIS/Unifi,1,No
GCS_RON_QA,FS,Unifi,vnd_typ,4,100.0,Goal,Root/div/station/vendor/vnd_typ,GCS_RON_QA/GCS/BIS/Unifi/FS,0,Yes
GCS_RON_QA,BJI,GCS,station,2,0.37,Goal,Root/div/station,GCS_RON_QA/GCS/BJI,2,No
GCS_RON_QA,",null,",BJI,vendor,3,75.84,Goal,Root/div/station/vendor,"GCS_RON_QA/GCS/BJI/,null,",1,No
GCS_RON_QA,FS,",null,",vnd_typ,4,100.0,Goal,Root/div/station/vendor/vnd_typ,"GCS_RON_QA/GCS/BJI/,null,/FS",0,Yes
GCS_RON_QA,Unifi,BJI,vendor,3,24.16,Goal,Root/div/station/vendor,GCS_RON_QA/GCS/BJI/Unifi,1,No
GCS_RON_QA,FS,Unifi,vnd_typ,4,100.0,Goal,Root/div/station/vendor/vnd_typ,GCS_RON_QA/GCS/BJI/Unifi/FS,0,Yes
GCS_RON_QA,BMI,GCS,station,2,0.47,Goal,Root/div/station,GCS_RON_QA/GCS/BMI,2,No
GCS_RON_QA,",null,",BMI,vendor,3,52.51,Goal,Root/div/station/vendor,"GCS_RON_QA/GCS/BMI/,null,",1,No
GCS_RON_QA,FS,",null,",vnd_typ,4,100.0,Goal,Root/div/station/vendor/vnd_typ,"GCS_RON_QA/GCS/BMI/,null,/FS",0,Yes
GCS_RON_QA,Unifi,BMI,vendor,3,47.49,Goal,Root/div/station/vendor,GCS_RON_QA/GCS/BMI/Unifi,1,No
GCS_RON_QA,FS,Unifi,vnd_typ,4,100.0,Goal,Root/div/station/vendor/vnd_typ,GCS_RON_QA/GCS/BMI/Unifi/FS,0,Yes
GCS_RON_QA,BNA,GCS,station,2,0.2,Goal,Root/div/station,GCS_RON_QA/GCS/BNA,3,No
GCS_RON_QA,",null,",BNA,vendor,3,17.79,Goal,Root/div/station/vendor,"GCS_RON_QA/GCS/BNA/,null,",1,No
GCS_RON_QA,Cabin,",null,",vnd_typ,4,100.0,Goal,Root/div/station/vendor/vnd_typ,"GCS_RON_QA/GCS/BNA/,null,/Cabin",0,Yes
GCS_RON_QA,Prospect,BNA,vendor,3,82.08,Goal,Root/div/station/vendor,GCS_RON_QA/GCS/BNA/Prospect,1,No
GCS_RON_QA,Cabin,Prospect,vnd_typ,4,100.0,Goal,Root/div/station/vendor/vnd_typ,GCS_RON_QA/GCS/BNA/Prospect/Cabin,0,Yes
GCS_RON_QA,Unifi,BNA,vendor,3,0.13,Goal,Root/div/station/vendor,GCS_RON_QA/GCS/BNA/Unifi,1,No
GCS_RON_QA,Cabin,Unifi,vnd_typ,4,100.0,Goal,Root/div/station/vendor/vnd_typ,GCS_RON_QA/GCS/BNA/Unifi/Cabin,0,Yes
GCS_RON_QA,BNE,GCS,station,2,0.04,Goal,Root/div/station,GCS_RON_QA/GCS/BNE,2,No
GCS_RON_QA,",null,",BNE,vendor,3,56.3,Goal,Root/div/station/vendor,"GCS_RON_QA/GCS/BNE/,null,",1,No
GCS_RON_QA,",null,",",null,",vnd_typ,4,100.0,Goal,Root/div/station/vendor/vnd_typ,"GCS_RON_QA/GCS/BNE/,null,/,null,",0,Yes
GCS_RON_QA,Airline Cleaning Services Pty Ltd dba CSA,BNE,vendor,3,43.7,Goal,Root/div/station/vendor,GCS_RON_QA/GCS/BNE/Airline Cleaning Services Pty Ltd dba CSA,1,No
GCS_RON_QA,",null,",Airline Cleaning Services Pty Ltd dba CSA,vnd_typ,4,100.0,Goal,Root/div/station/vendor/vnd_typ,"GCS_RON_QA/GCS/BNE/Airline Cleaning Services Pty Ltd dba CSA/,null,",0,Yes
GCS_RON_QA,BOG,GCS,station,2,0.16,Goal,Root/div/station,GCS_RON_QA/GCS/BOG,2,No
GCS_RON_QA,",null,",BOG,vendor,3,57.37,Goal,Root/div/station/vendor,"GCS_RON_QA/GCS/BOG/,null,",1,No
GCS_RON_QA,",null,",",null,",vnd_typ,4,100.0,Goal,Root/div/station/vendor/vnd_typ,"GCS_RON_QA/GCS/BOG/,null,/,null,",0,Yes
GCS_RON_QA,SAI,BOG,vendor,3,42.63,Goal,Root/div/station/vendor,GCS_RON_QA/GCS/BOG/SAI,1,No
GCS_RON_QA,",null,",SAI,vnd_typ,4,100.0,Goal,Root/div/station/vendor/vnd_typ,"GCS_RON_QA/GCS/BOG/SAI/,null,",0,Yes
GCS_RON_QA,BOI,GCS,station,2,0.47,Goal,Root/div/station,GCS_RON_QA/GCS/BOI,2,No
GCS_RON_QA,",null,",BOI,vendor,3,47.62,Goal,Root/div/station/vendor,"GCS_RON_QA/GCS/BOI/,null,",1,No
GCS_RON_QA,Blended,",null,",vnd_typ,4,100.0,Goal,Root/div/station/vendor/vnd_typ,"GCS_RON_QA/GCS/BOI/,null,/Blended",0,Yes
GCS_RON_QA,Unifi,BOI,vendor,3,52.38,Goal,Root/div/station/vendor,GCS_RON_QA/GCS/BOI/Unifi,1,No
GCS_RON_QA,Blended,Unifi,vnd_typ,4,100.0,Goal,Root/div/station/vendor/vnd_typ,GCS_RON_QA/GCS/BOI/Unifi/Blended,0,Yes
GCS_RON_QA,BON,GCS,station,2,0.38,Goal,Root/div/station,GCS_RON_QA/GCS/BON,2,No
GCS_RON_QA,",null,",BON,vendor,3,61.82,Goal,Root/div/station/vendor,"GCS_RON_QA/GCS/BON/,null,",1,No
GCS_RON_QA,",null,",",null,",vnd_typ,4,100.0,Goal,Root/div/station/vendor/vnd_typ,"GCS_RON_QA/GCS/BON/,null,/,null,",0,Yes
GCS_RON_QA,Air Handling Services Bonaire NV,BON,vendor,3,38.18,Goal,Root/div/station/vendor,GCS_RON_QA/GCS/BON/Air Handling Services Bonaire NV,1,No
GCS_RON_QA,",null,",Air Handling Services Bonaire NV,vnd_typ,4,100.0,Goal,Root/div/station/vendor/vnd_typ,"GCS_RON_QA/GCS/BON/Air Handling Services Bonaire NV/,null,",0,Yes
GCS_RON_QA,BOS,GCS,station,2,0.49,Goal,Root/div/station,GCS_RON_QA/GCS/BOS,4,No
GCS_RON_QA,",null,",BOS,vendor,3,19.39,Goal,Root/div/station/vendor,"GCS_RON_QA/GCS/BOS/,null,",1,No
GCS_RON_QA,Cabin,",null,",vnd_typ,4,100.0,Goal,Root/div/station/vendor/vnd_typ,"GCS_RON_QA/GCS/BOS/,null,/Cabin",0,Yes
GCS_RON_QA,G2,BOS,vendor,3,13.53,Goal,Root/div/station/vendor,GCS_RON_QA/GCS/BOS/G2,1,No
GCS_RON_QA,Cabin,G2,vnd_typ,4,100.0,Goal,Root/div/station/vendor/vnd_typ,GCS_RON_QA/GCS/BOS/G2/Cabin,0,Yes
GCS_RON_QA,HHS Aviation,BOS,vendor,3,33.76,Goal,Root/div/station/vendor,GCS_RON_QA/GCS/BOS/HHS Aviation,1,No
GCS_RON_QA,Cabin,HHS Aviation,vnd_typ,4,100.0,Goal,Root/div/station/vendor/vnd_typ,GCS_RON_QA/GCS/BOS/HHS Aviation/Cabin,0,Yes
GCS_RON_QA,Menzies Aviation,BOS,vendor,3,33.32,Goal,Root/div/station/vendor,GCS_RON_QA/GCS/BOS/Menzies Aviation,1,No
GCS_RON_QA,Cabin,Menzies Aviation,vnd_typ,4,100.0,Goal,Root/div/station/vendor/vnd_typ,GCS_RON_QA/GCS/BOS/Menzies Aviation/Cabin,0,Yes
GCS_RON_QA,BQK,GCS,station,2,0.16,Goal,Root/div/station,GCS_RON_QA/GCS/BQK,2,No
GCS_RON_QA,",null,",BQK,vendor,3,56.33,Goal,Root/div/station/vendor,"GCS_RON_QA/GCS/BQK/,null,",1,No
GCS_RON_QA,FS,",null,",vnd_typ,4,100.0,Goal,Root/div/station/vendor/vnd_typ,"GCS_RON_QA/GCS/BQK/,null,/FS",0,Yes
GCS_RON_QA,Menzies Aviation,BQK,vendor,3,43.67,Goal,Root/div/station/vendor,GCS_RON_QA/GCS/BQK/Menzies Aviation,1,No
GCS_RON_QA,FS,Menzies Aviation,vnd_typ,4,100.0,Goal,Root/div/station/vendor/vnd_typ,GCS_RON_QA/GCS/BQK/Menzies Aviation/FS,0,Yes
GCS_RON_QA,BRD,GCS,station,2,0.13,Goal,Root/div/station,GCS_RON_QA/GCS/BRD,2,No
GCS_RON_QA,",null,",BRD,vendor,3,62.56,Goal,Root/div/station/vendor,"GCS_RON_QA/GCS/BRD/,null,",1,No
GCS_RON_QA,FS,",null,",vnd_typ,4,100.0,Goal,Root/div/station/vendor/vnd_typ,"GCS_RON_QA/GCS/BRD/,null,/FS",0,Yes
GCS_RON_QA,Unifi,BRD,vendor,3,37.44,Goal,Root/div/station/vendor,GCS_RON_QA/GCS/BRD/Unifi,1,No
GCS_RON_QA,FS,Unifi,vnd_typ,4,100.0,Goal,Root/div/station/vendor/vnd_typ,GCS_RON_QA/GCS/BRD/Unifi/FS,0,Yes
GCS_RON_QA,BRU,GCS,station,2,0.05,Goal,Root/div/station,GCS_RON_QA/GCS/BRU,1,No
GCS_RON_QA,Alyzia,BRU,vendor,3,100.0,Goal,Root/div/station/vendor,GCS_RON_QA/GCS/BRU/Alyzia,1,No
GCS_RON_QA,",null,",Alyzia,vnd_typ,4,100.0,Goal,Root/div/station/vendor/vnd_typ,"GCS_RON_QA/GCS/BRU/Alyzia/,null,",0,Yes
GCS_RON_QA,BTM,GCS,station,2,0.23,Goal,Root/div/station,GCS_RON_QA/GCS/BTM,2,No
GCS_RON_QA,",null,",BTM,vendor,3,49.27,Goal,Root/div/station/vendor,"GCS_RON_QA/GCS/BTM/,null,",1,No
GCS_RON_QA,FS,",null,",vnd_typ,4,100.0,Goal,Root/div/station/vendor/vnd_typ,"GCS_RON_QA/GCS/BTM/,null,/FS",0,Yes
GCS_RON_QA,SkyWest,BTM,vendor,3,50.73,Goal,Root/div/station/vendor,GCS_RON_QA/GCS/BTM/SkyWest,1,No
GCS_RON_QA,FS,SkyWest,vnd_typ,4,100.0,Goal,Root/div/station/vendor/vnd_typ,GCS_RON_QA/GCS/BTM/SkyWest/FS,0,Yes
GCS_RON_QA,BTR,GCS,station,2,0.14,Goal,Root/div/station,GCS_RON_QA/GCS/BTR,2,No
GCS_RON_QA,",null,",BTR,vendor,3,3.26,Goal,Root/div/station/vendor,"GCS_RON_QA/GCS/BTR/,null,",1,No
GCS_RON_QA,FS,",null,",vnd_typ,4,100.0,Goal,Root/div/station/vendor/vnd_typ,"GCS_RON_QA/GCS/BTR/,null,/FS",0,Yes
GCS_RON_QA,Unifi,BTR,vendor,3,96.74,Goal,Root/div/station/vendor,GCS_RON_QA/GCS/BTR/Unifi,1,No
GCS_RON_QA,FS,Unifi,vnd_typ,4,100.0,Goal,Root/div/station/vendor/vnd_typ,GCS_RON_QA/GCS/BTR/Unifi/FS,0,Yes
GCS_RON_QA,BTV,GCS,station,2,0.31,Goal,Root/div/station,GCS_RON_QA/GCS/BTV,2,No
GCS_RON_QA,",null,",BTV,vendor,3,64.85,Goal,Root/div/station/vendor,"GCS_RON_QA/GCS/BTV/,null,",1,No
GCS_RON_QA,FS,",null,",vnd_typ,4,100.0,Goal,Root/div/station/vendor/vnd_typ,"GCS_RON_QA/GCS/BTV/,null,/FS",0,Yes
GCS_RON_QA,Unifi,BTV,vendor,3,35.15,Goal,Root/div/station/vendor,GCS_RON_QA/GCS/BTV/Unifi,1,No
GCS_RON_QA,FS,Unifi,vnd_typ,4,100.0,Goal,Root/div/station/vendor/vnd_typ,GCS_RON_QA/GCS/BTV/Unifi/FS,0,Yes
GCS_RON_QA,BUF,GCS,station,2,0.34,Goal,Root/div/station,GCS_RON_QA/GCS/BUF,2,No
GCS_RON_QA,",null,",BUF,vendor,3,41.58,Goal,Root/div/station/vendor,"GCS_RON_QA/GCS/BUF/,null,",1,No
GCS_RON_QA,FS,",null,",vnd_typ,4,100.0,Goal,Root/div/station/vendor/vnd_typ,"GCS_RON_QA/GCS/BUF/,null,/FS",0,Yes
GCS_RON_QA,Unifi,BUF,vendor,3,58.42,Goal,Root/div/station/vendor,GCS_RON_QA/GCS/BUF/Unifi,1,No
GCS_RON_QA,FS,Unifi,vnd_typ,4,100.0,Goal,Root/div/station/vendor/vnd_typ,GCS_RON_QA/GCS/BUF/Unifi/FS,0,Yes
GCS_RON_QA,BUR,GCS,station,2,0.34,Goal,Root/div/station,GCS_RON_QA/GCS/BUR,2,No
GCS_RON_QA,",null,",BUR,vendor,3,66.01,Goal,Root/div/station/vendor,"GCS_RON_QA/GCS/BUR/,null,",1,No
GCS_RON_QA,FS,",null,",vnd_typ,4,100.0,Goal,Root/div/station/vendor/vnd_typ,"GCS_RON_QA/GCS/BUR/,null,/FS",0,Yes
GCS_RON_QA,GAT,BUR,vendor,3,33.99,Goal,Root/div/station/vendor,GCS_RON_QA/GCS/BUR/GAT,1,No
GCS_RON_QA,FS,GAT,vnd_typ,4,100.0,Goal,Root/div/station/vendor/vnd_typ,GCS_RON_QA/GCS/BUR/GAT/FS,0,Yes
GCS_RON_QA,BWI,GCS,station,2,0.11,Goal,Root/div/station,GCS_RON_QA/GCS/BWI,2,No
GCS_RON_QA,",null,",BWI,vendor,3,55.81,Goal,Root/div/station/vendor,"GCS_RON_QA/GCS/BWI/,null,",1,No
GCS_RON_QA,Cabin,",null,",vnd_typ,4,100.0,Goal,Root/div/station/vendor/vnd_typ,"GCS_RON_QA/GCS/BWI/,null,/Cabin",0,Yes
GCS_RON_QA,HHS Aviation,BWI,vendor,3,44.19,Goal,Root/div/station/vendor,GCS_RON_QA/GCS/BWI/HHS Aviation,1,No
GCS_RON_QA,Cabin,HHS Aviation,vnd_typ,4,100.0,Goal,Root/div/station/vendor/vnd_typ,GCS_RON_QA/GCS/BWI/HHS Aviation/Cabin,0,Yes
GCS_RON_QA,BZE,GCS,station,2,0.07,Goal,Root/div/station,GCS_RON_QA/GCS/BZE,2,No
GCS_RON_QA,",null,",BZE,vendor,3,65.82,Goal,Root/div/station/vendor,"GCS_RON_QA/GCS/BZE/,null,",1,No
GCS_RON_QA,",null,",",null,",vnd_typ,4,100.0,Goal,Root/div/station/vendor/vnd_typ,"GCS_RON_QA/GCS/BZE/,null,/,null,",0,Yes
GCS_RON_QA,AeroDispatch,BZE,vendor,3,34.18,Goal,Root/div/station/vendor,GCS_RON_QA/GCS/BZE/AeroDispatch,1,No
GCS_RON_QA,",null,",AeroDispatch,vnd_typ,4,100.0,Goal,Root/div/station/vendor/vnd_typ,"GCS_RON_QA/GCS/BZE/AeroDispatch/,null,",0,Yes
GCS_RON_QA,BZN,GCS,station,2,0.21,Goal,Root/div/station,GCS_RON_QA/GCS/BZN,2,No
GCS_RON_QA,",null,",BZN,vendor,3,30.41,Goal,Root/div/station/vendor,"GCS_RON_QA/GCS/BZN/,null,",1,No
GCS_RON_QA,Blended,",null,",vnd_typ,4,100.0,Goal,Root/div/station/vendor/vnd_typ,"GCS_RON_QA/GCS/BZN/,null,/Blended",0,Yes
GCS_RON_QA,WFS -Worldwide Flight Services,BZN,vendor,3,69.59,Goal,Root/div/station/vendor,GCS_RON_QA/GCS/BZN/WFS -Worldwide Flight Services,1,No
GCS_RON_QA,Blended,WFS -Worldwide Flight Services,vnd_typ,4,100.0,Goal,Root/div/station/vendor/vnd_typ,GCS_RON_QA/GCS/BZN/WFS -Worldwide Flight Services/Blended,0,Yes
GCS_RON_QA,CAE,GCS,station,2,0.21,Goal,Root/div/station,GCS_RON_QA/GCS/CAE,2,No
GCS_RON_QA,",null,",CAE,vendor,3,74.06,Goal,Root/div/station/vendor,"GCS_RON_QA/GCS/CAE/,null,",1,No
GCS_RON_QA,Blended,",null,",vnd_typ,4,100.0,Goal,Root/div/station/vendor/vnd_typ,"GCS_RON_QA/GCS/CAE/,null,/Blended",0,Yes
GCS_RON_QA,Unifi,CAE,vendor,3,25.94,Goal,Root/div/station/vendor,GCS_RON_QA/GCS/CAE/Unifi,1,No
GCS_RON_QA,Blended,Unifi,vnd_typ,4,100.0,Goal,Root/div/station/vendor/vnd_typ,GCS_RON_QA/GCS/CAE/Unifi/Blended,0,Yes
GCS_RON_QA,CDC,GCS,station,2,0.29,Goal,Root/div/station,GCS_RON_QA/GCS/CDC,2,No
GCS_RON_QA,",null,",CDC,vendor,3,8.93,Goal,Root/div/station/vendor,"GCS_RON_QA/GCS/CDC/,null,",1,No
GCS_RON_QA,FS,",null,",vnd_typ,4,100.0,Goal,Root/div/station/vendor/vnd_typ,"GCS_RON_QA/GCS/CDC/,null,/FS",0,Yes
GCS_RON_QA,SkyWest,CDC,vendor,3,91.07,Goal,Root/div/station/vendor,GCS_RON_QA/GCS/CDC/SkyWest,1,No
GCS_RON_QA,FS,SkyWest,vnd_typ,4,100.0,Goal,Root/div/station/vendor/vnd_typ,GCS_RON_QA/GCS/CDC/SkyWest/FS,0,Yes
GCS_RON_QA,CDG,GCS,station,2,0.12,Goal,Root/div/station,GCS_RON_QA/GCS/CDG,2,No
GCS_RON_QA,",null,",CDG,vendor,3,78.78,Goal,Root/div/station/vendor,"GCS_RON_QA/GCS/CDG/,null,",1,No
GCS_RON_QA,",null,",",null,",vnd_typ,4,100.0,Goal,Root/div/station/vendor/vnd_typ,"GCS_RON_QA/GCS/CDG/,null,/,null,",0,Yes
GCS_RON_QA,Air France,CDG,vendor,3,21.22,Goal,Root/div/station/vendor,GCS_RON_QA/GCS/CDG/Air France,1,No
GCS_RON_QA,",null,",Air France,vnd_typ,4,100.0,Goal,Root/div/station/vendor/vnd_typ,"GCS_RON_QA/GCS/CDG/Air France/,null,",0,Yes
GCS_RON_QA,CHA,GCS,station,2,0.07,Goal,Root/div/station,GCS_RON_QA/GCS/CHA,2,No
GCS_RON_QA,",null,",CHA,vendor,3,63.41,Goal,Root/div/station/vendor,"GCS_RON_QA/GCS/CHA/,null,",1,No
GCS_RON_QA,FS,",null,",vnd_typ,4,100.0,Goal,Root/div/station/vendor/vnd_typ,"GCS_RON_QA/GCS/CHA/,null,/FS",0,Yes
GCS_RON_QA,Unifi,CHA,vendor,3,36.59,Goal,Root/div/station/vendor,GCS_RON_QA/GCS/CHA/Unifi,1,No
GCS_RON_QA,FS,Unifi,vnd_typ,4,100.0,Goal,Root/div/station/vendor/vnd_typ,GCS_RON_QA/GCS/CHA/Unifi/FS,0,Yes
GCS_RON_QA,CHO,GCS,station,2,0.31,Goal,Root/div/station,GCS_RON_QA/GCS/CHO,2,No
GCS_RON_QA,",null,",CHO,vendor,3,46.97,Goal,Root/div/station/vendor,"GCS_RON_QA/GCS/CHO/,null,",1,No
GCS_RON_QA,FS,",null,",vnd_typ,4,100.0,Goal,Root/div/station/vendor/vnd_typ,"GCS_RON_QA/GCS/CHO/,null,/FS",0,Yes
GCS_RON_QA,Unifi,CHO,vendor,3,53.03,Goal,Root/div/station/vendor,GCS_RON_QA/GCS/CHO/Unifi,1,No
GCS_RON_QA,FS,Unifi,vnd_typ,4,100.0,Goal,Root/div/station/vendor/vnd_typ,GCS_RON_QA/GCS/CHO/Unifi/FS,0,Yes
GCS_RON_QA,CHS,GCS,station,2,0.35,Goal,Root/div/station,GCS_RON_QA/GCS/CHS,2,No
GCS_RON_QA,",null,",CHS,vendor,3,61.67,Goal,Root/div/station/vendor,"GCS_RON_QA/GCS/CHS/,null,",1,No
GCS_RON_QA,Blended,",null,",vnd_typ,4,100.0,Goal,Root/div/station/vendor/vnd_typ,"GCS_RON_QA/GCS/CHS/,null,/Blended",0,Yes
GCS_RON_QA,Unifi,CHS,vendor,3,38.33,Goal,Root/div/station/vendor,GCS_RON_QA/GCS/CHS/Unifi,1,No
GCS_RON_QA,Blended,Unifi,vnd_typ,4,100.0,Goal,Root/div/station/vendor/vnd_typ,GCS_RON_QA/GCS/CHS/Unifi/Blended,0,Yes
GCS_RON_QA,CID,GCS,station,2,0.27,Goal,Root/div/station,GCS_RON_QA/GCS/CID,2,No
GCS_RON_QA,",null,",CID,vendor,3,81.24,Goal,Root/div/station/vendor,"GCS_RON_QA/GCS/CID/,null,",1,No
GCS_RON_QA,FS,",null,",vnd_typ,4,100.0,Goal,Root/div/station/vendor/vnd_typ,"GCS_RON_QA/GCS/CID/,null,/FS",0,Yes
GCS_RON_QA,Unifi,CID,vendor,3,18.76,Goal,Root/div/station/vendor,GCS_RON_QA/GCS/CID/Unifi,1,No
GCS_RON_QA,FS,Unifi,vnd_typ,4,100.0,Goal,Root/div/station/vendor/vnd_typ,GCS_RON_QA/GCS/CID/Unifi/FS,0,Yes
GCS_RON_QA,CIU,GCS,station,2,0.25,Goal,Root/div/station,GCS_RON_QA/GCS/CIU,2,No
GCS_RON_QA,",null,",CIU,vendor,3,90.23,Goal,Root/div/station/vendor,"GCS_RON_QA/GCS/CIU/,null,",1,No
GCS_RON_QA,FS,",null,",vnd_typ,4,100.0,Goal,Root/div/station/vendor/vnd_typ,"GCS_RON_QA/GCS/CIU/,null,/FS",0,Yes
GCS_RON_QA,Unifi,CIU,vendor,3,9.77,Goal,Root/div/station/vendor,GCS_RON_QA/GCS/CIU/Unifi,1,No
GCS_RON_QA,FS,Unifi,vnd_typ,4,100.0,Goal,Root/div/station/vendor/vnd_typ,GCS_RON_QA/GCS/CIU/Unifi/FS,0,Yes
GCS_RON_QA,CLE,GCS,station,2,0.36,Goal,Root/div/station,GCS_RON_QA/GCS/CLE,2,No
GCS_RON_QA,",null,",CLE,vendor,3,11.42,Goal,Root/div/station/vendor,"GCS_RON_QA/GCS/CLE/,null,",1,No
GCS_RON_QA,Blended,",null,",vnd_typ,4,100.0,Goal,Root/div/station/vendor/vnd_typ,"GCS_RON_QA/GCS/CLE/,null,/Blended",0,Yes
GCS_RON_QA,Unifi,CLE,vendor,3,88.58,Goal,Root/div/station/vendor,GCS_RON_QA/GCS/CLE/Unifi,1,No
GCS_RON_QA,Blended,Unifi,vnd_typ,4,100.0,Goal,Root/div/station/vendor/vnd_typ,GCS_RON_QA/GCS/CLE/Unifi/Blended,0,Yes
GCS_RON_QA,CLT,GCS,station,2,0.41,Goal,Root/div/station,GCS_RON_QA/GCS/CLT,2,No
GCS_RON_QA,",null,",CLT,vendor,3,15.65,Goal,Root/div/station/vendor,"GCS_RON_QA/GCS/CLT/,null,",1,No
GCS_RON_QA,Blended,",null,",vnd_typ,4,100.0,Goal,Root/div/station/vendor/vnd_typ,"GCS_RON_QA/GCS/CLT/,null,/Blended",0,Yes
GCS_RON_QA,Unifi,CLT,vendor,3,84.35,Goal,Root/div/station/vendor,GCS_RON_QA/GCS/CLT/Unifi,1,No
GCS_RON_QA,Blended,Unifi,vnd_typ,4,100.0,Goal,Root/div/station/vendor/vnd_typ,GCS_RON_QA/GCS/CLT/Unifi/Blended,0,Yes
GCS_RON_QA,CMH,GCS,station,2,0.19,Goal,Root/div/station,GCS_RON_QA/GCS/CMH,3,No
GCS_RON_QA,",null,",CMH,vendor,3,9.42,Goal,Root/div/station/vendor,"GCS_RON_QA/GCS/CMH/,null,",1,No
GCS_RON_QA,Cabin,",null,",vnd_typ,4,100.0,Goal,Root/div/station/vendor/vnd_typ,"GCS_RON_QA/GCS/CMH/,null,/Cabin",0,Yes
GCS_RON_QA,Prospect,CMH,vendor,3,54.2,Goal,Root/div/station/vendor,GCS_RON_QA/GCS/CMH/Prospect,1,No
GCS_RON_QA,Cabin,Prospect,vnd_typ,4,100.0,Goal,Root/div/station/vendor/vnd_typ,GCS_RON_QA/GCS/CMH/Prospect/Cabin,0,Yes
GCS_RON_QA,Unifi,CMH,vendor,3,36.38,Goal,Root/div/station/vendor,GCS_RON_QA/GCS/CMH/Unifi,1,No
GCS_RON_QA,Cabin,Unifi,vnd_typ,4,100.0,Goal,Root/div/station/vendor/vnd_typ,GCS_RON_QA/GCS/CMH/Unifi/Cabin,0,Yes
GCS_RON_QA,COS,GCS,station,2,0.12,Goal,Root/div/station,GCS_RON_QA/GCS/COS,2,No
GCS_RON_QA,",null,",COS,vendor,3,11.96,Goal,Root/div/station/vendor,"GCS_RON_QA/GCS/COS/,null,",1,No
GCS_RON_QA,Blended,",null,",vnd_typ,4,100.0,Goal,Root/div/station/vendor/vnd_typ,"GCS_RON_QA/GCS/COS/,null,/Blended",0,Yes
GCS_RON_QA,Unifi,COS,vendor,3,88.04,Goal,Root/div/station/vendor,GCS_RON_QA/GCS/COS/Unifi,1,No
GCS_RON_QA,Blended,Unifi,vnd_typ,4,100.0,Goal,Root/div/station/vendor/vnd_typ,GCS_RON_QA/GCS/COS/Unifi/Blended,0,Yes
GCS_RON_QA,CPH,GCS,station,2,0.07,Goal,Root/div/station,GCS_RON_QA/GCS/CPH,1,No
GCS_RON_QA,Menzies Aviation,CPH,vendor,3,100.0,Goal,Root/div/station/vendor,GCS_RON_QA/GCS/CPH/Menzies Aviation,1,No
GCS_RON_QA,",null,",Menzies Aviation,vnd_typ,4,100.0,Goal,Root/div/station/vendor/vnd_typ,"GCS_RON_QA/GCS/CPH/Menzies Aviation/,null,",0,Yes
GCS_RON_QA,CPT,GCS,station,2,0.33,Goal,Root/div/station,GCS_RON_QA/GCS/CPT,2,No
GCS_RON_QA,",null,",CPT,vendor,3,69.84,Goal,Root/div/station/vendor,"GCS_RON_QA/GCS/CPT/,null,",1,No
GCS_RON_QA,",null,",",null,",vnd_typ,4,100.0,Goal,Root/div/station/vendor/vnd_typ,"GCS_RON_QA/GCS/CPT/,null,/,null,",0,Yes
GCS_RON_QA,Colossal,CPT,vendor,3,30.16,Goal,Root/div/station/vendor,GCS_RON_QA/GCS/CPT/Colossal,1,No
GCS_RON_QA,",null,",Colossal,vnd_typ,4,100.0,Goal,Root/div/station/vendor/vnd_typ,"GCS_RON_QA/GCS/CPT/Colossal/,null,",0,Yes
GCS_RON_QA,CRW,GCS,station,2,0.25,Goal,Root/div/station,GCS_RON_QA/GCS/CRW,2,No
GCS_RON_QA,",null,",CRW,vendor,3,68.54,Goal,Root/div/station/vendor,"GCS_RON_QA/GCS/CRW/,null,",1,No
GCS_RON_QA,FS,",null,",vnd_typ,4,100.0,Goal,Root/div/station/vendor/vnd_typ,"GCS_RON_QA/GCS/CRW/,null,/FS",0,Yes
GCS_RON_QA,Unifi,CRW,vendor,3,31.46,Goal,Root/div/station/vendor,GCS_RON_QA/GCS/CRW/Unifi,1,No
GCS_RON_QA,FS,Unifi,vnd_typ,4,100.0,Goal,Root/div/station/vendor/vnd_typ,GCS_RON_QA/GCS/CRW/Unifi/FS,0,Yes
GCS_RON_QA,CSG,GCS,station,2,0.4,Goal,Root/div/station,GCS_RON_QA/GCS/CSG,2,No
GCS_RON_QA,",null,",CSG,vendor,3,61.55,Goal,Root/div/station/vendor,"GCS_RON_QA/GCS/CSG/,null,",1,No
GCS_RON_QA,FS,",null,",vnd_typ,4,100.0,Goal,Root/div/station/vendor/vnd_typ,"GCS_RON_QA/GCS/CSG/,null,/FS",0,Yes
GCS_RON_QA,Unifi,CSG,vendor,3,38.45,Goal,Root/div/station/vendor,GCS_RON_QA/GCS/CSG/Unifi,1,No
GCS_RON_QA,FS,Unifi,vnd_typ,4,100.0,Goal,Root/div/station/vendor/vnd_typ,GCS_RON_QA/GCS/CSG/Unifi/FS,0,Yes
GCS_RON_QA,CTA,GCS,station,2,0.19,Goal,Root/div/station,GCS_RON_QA/GCS/CTA,1,No
GCS_RON_QA,GH Catania,CTA,vendor,3,100.0,Goal,Root/div/station/vendor,GCS_RON_QA/GCS/CTA/GH Catania,1,No
GCS_RON_QA,",null,",GH Catania,vnd_typ,4,100.0,Goal,Root/div/station/vendor/vnd_typ,"GCS_RON_QA/GCS/CTA/GH Catania/,null,",0,Yes
GCS_RON_QA,CTG,GCS,station,2,0.42,Goal,Root/div/station,GCS_RON_QA/GCS/CTG,2,No
GCS_RON_QA,",null,",CTG,vendor,3,51.51,Goal,Root/div/station/vendor,"GCS_RON_QA/GCS/CTG/,null,",1,No
GCS_RON_QA,",null,",",null,",vnd_typ,4,100.0,Goal,Root/div/station/vendor/vnd_typ,"GCS_RON_QA/GCS/CTG/,null,/,null,",0,Yes
GCS_RON_QA,SAI,CTG,vendor,3,48.49,Goal,Root/div/station/vendor,GCS_RON_QA/GCS/CTG/SAI,1,No
GCS_RON_QA,",null,",SAI,vnd_typ,4,100.0,Goal,Root/div/station/vendor/vnd_typ,"GCS_RON_QA/GCS/CTG/SAI/,null,",0,Yes
GCS_RON_QA,CUN,GCS,station,2,0.23,Goal,Root/div/station,GCS_RON_QA/GCS/CUN,2,No
GCS_RON_QA,",null,",CUN,vendor,3,1.94,Goal,Root/div/station/vendor,"GCS_RON_QA/GCS/CUN/,null,",1,No
GCS_RON_QA,",null,",",null,",vnd_typ,4,100.0,Goal,Root/div/station/vendor/vnd_typ,"GCS_RON_QA/GCS/CUN/,null,/,null,",0,Yes
GCS_RON_QA,Swissport,CUN,vendor,3,98.06,Goal,Root/div/station/vendor,GCS_RON_QA/GCS/CUN/Swissport,1,No
GCS_RON_QA,",null,",Swissport,vnd_typ,4,100.0,Goal,Root/div/station/vendor/vnd_typ,"GCS_RON_QA/GCS/CUN/Swissport/,null,",0,Yes
GCS_RON_QA,CUR,GCS,station,2,0.46,Goal,Root/div/station,GCS_RON_QA/GCS/CUR,2,No
GCS_RON_QA,",null,",CUR,vendor,3,49.22,Goal,Root/div/station/vendor,"GCS_RON_QA/GCS/CUR/,null,",1,No
GCS_RON_QA,",null,",",null,",vnd_typ,4,100.0,Goal,Root/div/station/vendor/vnd_typ,"GCS_RON_QA/GCS/CUR/,null,/,null,",0,Yes
GCS_RON_QA,Antillean Flight Services NV,CUR,vendor,3,50.78,Goal,Root/div/station/vendor,GCS_RON_QA/GCS/CUR/Antillean Flight Services NV,1,No
GCS_RON_QA,",null,",Antillean Flight Services NV,vnd_typ,4,100.0,Goal,Root/div/station/vendor/vnd_typ,"GCS_RON_QA/GCS/CUR/Antillean Flight Services NV/,null,",0,Yes
GCS_RON_QA,CVG,GCS,station,2,0.4,Goal,Root/div/station,GCS_RON_QA/GCS/CVG,2,No
GCS_RON_QA,",null,",CVG,vendor,3,34.32,Goal,Root/div/station/vendor,"GCS_RON_QA/GCS/CVG/,null,",1,No
GCS_RON_QA,Cabin,",null,",vnd_typ,4,100.0,Goal,Root/div/station/vendor/vnd_typ,"GCS_RON_QA/GCS/CVG/,null,/Cabin",0,Yes
GCS_RON_QA,Unifi,CVG,vendor,3,65.68,Goal,Root/div/station/vendor,GCS_RON_QA/GCS/CVG/Unifi,1,No
GCS_RON_QA,Cabin,Unifi,vnd_typ,4,100.0,Goal,Root/div/station/vendor/vnd_typ,GCS_RON_QA/GCS/CVG/Unifi/Cabin,0,Yes
GCS_RON_QA,CWA,GCS,station,2,0.4,Goal,Root/div/station,GCS_RON_QA/GCS/CWA,2,No
GCS_RON_QA,",null,",CWA,vendor,3,51.87,Goal,Root/div/station/vendor,"GCS_RON_QA/GCS/CWA/,null,",1,No
GCS_RON_QA,FS,",null,",vnd_typ,4,100.0,Goal,Root/div/station/vendor/vnd_typ,"GCS_RON_QA/GCS/CWA/,null,/FS",0,Yes
GCS_RON_QA,Unifi,CWA,vendor,3,48.13,Goal,Root/div/station/vendor,GCS_RON_QA/GCS/CWA/Unifi,1,No
GCS_RON_QA,FS,Unifi,vnd_typ,4,100.0,Goal,Root/div/station/vendor/vnd_typ,GCS_RON_QA/GCS/CWA/Unifi/FS,0,Yes
GCS_RON_QA,CZM,GCS,station,2,0.19,Goal,Root/div/station,GCS_RON_QA/GCS/CZM,2,No
GCS_RON_QA,",null,",CZM,vendor,3,77.96,Goal,Root/div/station/vendor,"GCS_RON_QA/GCS/CZM/,null,",1,No
GCS_RON_QA,",null,",",null,",vnd_typ,4,100.0,Goal,Root/div/station/vendor/vnd_typ,"GCS_RON_QA/GCS/CZM/,null,/,null,",0,Yes
GCS_RON_QA,Passenger Handling Services,CZM,vendor,3,22.04,Goal,Root/div/station/vendor,GCS_RON_QA/GCS/CZM/Passenger Handling Services,1,No
GCS_RON_QA,",null,",Passenger Handling Services,vnd_typ,4,100.0,Goal,Root/div/station/vendor/vnd_typ,"GCS_RON_QA/GCS/CZM/Passenger Handling Services/,null,",0,Yes
GCS_RON_QA,DAB,GCS,station,2,0.01,Goal,Root/div/station,GCS_RON_QA/GCS/DAB,2,No
GCS_RON_QA,",null,",DAB,vendor,3,57.23,Goal,Root/div/station/vendor,"GCS_RON_QA/GCS/DAB/,null,",1,No
GCS_RON_QA,Blended,",null,",vnd_typ,4,100.0,Goal,Root/div/station/vendor/vnd_typ,"GCS_RON_QA/GCS/DAB/,null,/Blended",0,Yes
GCS_RON_QA,Menzies Aviation,DAB,vendor,3,42.77,Goal,Root/div/station/vendor,GCS_RON_QA/GCS/DAB/Menzies Aviation,1,No
GCS_RON_QA,Blended,Menzies Aviation,vnd_typ,4,100.0,Goal,Root/div/station/vendor/vnd_typ,GCS_RON_QA/GCS/DAB/Menzies Aviation/Blended,0,Yes
GCS_RON_QA,DAL,GCS,station,2,0.32,Goal,Root/div/station,GCS_RON_QA/GCS/DAL,2,No
GCS_RON_QA,",null,",DAL,vendor,3,71.26,Goal,Root/div/station/vendor,"GCS_RON_QA/GCS/DAL/,null,",1,No
GCS_RON_QA,FS,",null,",vnd_typ,4,100.0,Goal,Root/div/station/vendor/vnd_typ,"GCS_RON_QA/GCS/DAL/,null,/FS",0,Yes
GCS_RON_QA,Unifi,DAL,vendor,3,28.74,Goal,Root/div/station/vendor,GCS_RON_QA/GCS/DAL/Unifi,1,No
GCS_RON_QA,FS,Unifi,vnd_typ,4,100.0,Goal,Root/div/station/vendor/vnd_typ,GCS_RON_QA/GCS/DAL/Unifi/FS,0,Yes
GCS_RON_QA,DAY,GCS,station,2,0.39,Goal,Root/div/station,GCS_RON_QA/GCS/DAY,2,No
GCS_RON_QA,",null,",DAY,vendor,3,67.33,Goal,Root/div/station/vendor,"GCS_RON_QA/GCS/DAY/,null,",1,No
GCS_RON_QA,Blended,",null,",vnd_typ,4,100.0,Goal,Root/div/station/vendor/vnd_typ,"GCS_RON_QA/GCS/DAY/,null,/Blended",0,Yes
GCS_RON_QA,Unifi,DAY,vendor,3,32.67,Goal,Root/div/station/vendor,GCS_RON_QA/GCS/DAY/Unifi,1,No
GCS_RON_QA,Blended,Unifi,vnd_typ,4,100.0,Goal,Root/div/station/vendor/vnd_typ,GCS_RON_QA/GCS/DAY/Unifi/Blended,0,Yes
GCS_RON_QA,DCA,GCS,station,2,0.43,Goal,Root/div/station,GCS_RON_QA/GCS/DCA,2,No
GCS_RON_QA,",null,",DCA,vendor,3,41.1,Goal,Root/div/station/vendor,"GCS_RON_QA/GCS/DCA/,null,",1,No
GCS_RON_QA,Cabin,",null,",vnd_typ,4,100.0,Goal,Root/div/station/vendor/vnd_typ,"GCS_RON_QA/GCS/DCA/,null,/Cabin",0,Yes
GCS_RON_QA,Eulen,DCA,vendor,3,58.9,Goal,Root/div/station/vendor,GCS_RON_QA/GCS/DCA/Eulen,1,No
GCS_RON_QA,Cabin,Eulen,vnd_typ,4,100.0,Goal,Root/div/station/vendor/vnd_typ,GCS_RON_QA/GCS/DCA/Eulen/Cabin,0,Yes
GCS_RON_QA,DEN,GCS,station,2,0.49,Goal,Root/div/station,GCS_RON_QA/GCS/DEN,2,No
GCS_RON_QA,",null,",DEN,vendor,3,88.8,Goal,Root/div/station/vendor,"GCS_RON_QA/GCS/DEN/,null,",1,No
GCS_RON_QA,Cabin,",null,",vnd_typ,4,100.0,Goal,Root/div/station/vendor/vnd_typ,"GCS_RON_QA/GCS/DEN/,null,/Cabin",0,Yes
GCS_RON_QA,Unifi,DEN,vendor,3,11.2,Goal,Root/div/station/vendor,GCS_RON_QA/GCS/DEN/Unifi,1,No
GCS_RON_QA,Cabin,Unifi,vnd_typ,4,100.0,Goal,Root/div/station/vendor/vnd_typ,GCS_RON_QA/GCS/DEN/Unifi/Cabin,0,Yes
GCS_RON_QA,DFW,GCS,station,2,0.06,Goal,Root/div/station,GCS_RON_QA/GCS/DFW,2,No
GCS_RON_QA,",null,",DFW,vendor,3,47.02,Goal,Root/div/station/vendor,"GCS_RON_QA/GCS/DFW/,null,",1,No
GCS_RON_QA,Cabin,",null,",vnd_typ,4,100.0,Goal,Root/div/station/vendor/vnd_typ,"GCS_RON_QA/GCS/DFW/,null,/Cabin",0,Yes
GCS_RON_QA,HHS Aviation,DFW,vendor,3,52.98,Goal,Root/div/station/vendor,GCS_RON_QA/GCS/DFW/HHS Aviation,1,No
GCS_RON_QA,Cabin,HHS Aviation,vnd_typ,4,100.0,Goal,Root/div/station/vendor/vnd_typ,GCS_RON_QA/GCS/DFW/HHS Aviation/Cabin,0,Yes
GCS_RON_QA,DHN,GCS,station,2,0.13,Goal,Root/div/station,GCS_RON_QA/GCS/DHN,2,No
GCS_RON_QA,",null,",DHN,vendor,3,28.08,Goal,Root/div/station/vendor,"GCS_RON_QA/GCS/DHN/,null,",1,No
GCS_RON_QA,FS,",null,",vnd_typ,4,100.0,Goal,Root/div/station/vendor/vnd_typ,"GCS_RON_QA/GCS/DHN/,null,/FS",0,Yes
GCS_RON_QA,Menzies Aviation,DHN,vendor,3,71.92,Goal,Root/div/station/vendor,GCS_RON_QA/GCS/DHN/Menzies Aviation,1,No
GCS_RON_QA,FS,Menzies Aviation,vnd_typ,4,100.0,Goal,Root/div/station/vendor/vnd_typ,GCS_RON_QA/GCS/DHN/Menzies Aviation/FS,0,Yes
GCS_RON_QA,DLH,GCS,station,2,0.47,Goal,Root/div/station,GCS_RON_QA/GCS/DLH,2,No
GCS_RON_QA,",null,",DLH,vendor,3,52.05,Goal,Root/div/station/vendor,"GCS_RON_QA/GCS/DLH/,null,",1,No
GCS_RON_QA,FS,",null,",vnd_typ,4,100.0,Goal,Root/div/station/vendor/vnd_typ,"GCS_RON_QA/GCS/DLH/,null,/FS",0,Yes
GCS_RON_QA,Unifi,DLH,vendor,3,47.95,Goal,Root/div/station/vendor,GCS_RON_QA/GCS/DLH/Unifi,1,No
GCS_RON_QA,FS,Unifi,vnd_typ,4,100.0,Goal,Root/div/station/vendor/vnd_typ,GCS_RON_QA/GCS/DLH/Unifi/FS,0,Yes
GCS_RON_QA,DSM,GCS,station,2,0.25,Goal,Root/div/station,GCS_RON_QA/GCS/DSM,2,No
GCS_RON_QA,",null,",DSM,vendor,3,52.43,Goal,Root/div/station/vendor,"GCS_RON_QA/GCS/DSM/,null,",1,No
GCS_RON_QA,FS,",null,",vnd_typ,4,100.0,Goal,Root/div/station/vendor/vnd_typ,"GCS_RON_QA/GCS/DSM/,null,/FS",0,Yes
GCS_RON_QA,Unifi,DSM,vendor,3,47.57,Goal,Root/div/station/vendor,GCS_RON_QA/GCS/DSM/Unifi,1,No
GCS_RON_QA,FS,Unifi,vnd_typ,4,100.0,Goal,Root/div/station/vendor/vnd_typ,GCS_RON_QA/GCS/DSM/Unifi/FS,0,Yes
GCS_RON_QA,DSS,GCS,station,2,0.28,Goal,Root/div/station,GCS_RON_QA/GCS/DSS,2,No
GCS_RON_QA,",null,",DSS,vendor,3,23.31,Goal,Root/div/station/vendor,"GCS_RON_QA/GCS/DSS/,null,",1,No
GCS_RON_QA,",null,",",null,",vnd_typ,4,100.0,Goal,Root/div/station/vendor/vnd_typ,"GCS_RON_QA/GCS/DSS/,null,/,null,",0,Yes
GCS_RON_QA,2AS,DSS,vendor,3,76.69,Goal,Root/div/station/vendor,GCS_RON_QA/GCS/DSS/2AS,1,No
GCS_RON_QA,",null,",2AS,vnd_typ,4,100.0,Goal,Root/div/station/vendor/vnd_typ,"GCS_RON_QA/GCS/DSS/2AS/,null,",0,Yes
GCS_RON_QA,DTW,GCS,station,2,0.28,Goal,Root/div/station,GCS_RON_QA/GCS/DTW,3,No
GCS_RON_QA,",null,",DTW,vendor,3,32.54,Goal,Root/div/station/vendor,"GCS_RON_QA/GCS/DTW/,null,",1,No
GCS_RON_QA,Cabin,",null,",vnd_typ,4,100.0,Goal,Root/div/station/vendor/vnd_typ,"GCS_RON_QA/GCS/DTW/,null,/Cabin",0,Yes
GCS_RON_QA,G2,DTW,vendor,3,36.26,Goal,Root/div/station/vendor,GCS_RON_QA/GCS/DTW/G2,1,No
GCS_RON_QA,Cabin,G2,vnd_typ,4,100.0,Goal,Root/div/station/vendor/vnd_typ,GCS_RON_QA/GCS/DTW/G2/Cabin,0,Yes
GCS_RON_QA,Menzies Aviation,DTW,vendor,3,31.2,Goal,Root/div/station/vendor,GCS_RON_QA/GCS/DTW/Menzies Aviation,1,No
GCS_RON_QA,Cabin,Menzies Aviation,vnd_typ,4,100.0,Goal,Root/div/station/vendor/vnd_typ,GCS_RON_QA/GCS/DTW/Menzies Aviation/Cabin,0,Yes
GCS_RON_QA,DUB,GCS,station,2,0.16,Goal,Root/div/station,GCS_RON_QA/GCS/DUB,2,No
GCS_RON_QA,",null,",DUB,vendor,3,72.65,Goal,Root/div/station/vendor,"GCS_RON_QA/GCS/DUB/,null,",1,No
GCS_RON_QA,",null,",",null,",vnd_typ,4,100.0,Goal,Root/div/station/vendor/vnd_typ,"GCS_RON_QA/GCS/DUB/,null,/,null,",0,Yes
GCS_RON_QA,SHP,DUB,vendor,3,27.35,Goal,Root/div/station/vendor,GCS_RON_QA/GCS/DUB/SHP,1,No
GCS_RON_QA,",null,",SHP,vnd_typ,4,100.0,Goal,Root/div/station/vendor/vnd_typ,"GCS_RON_QA/GCS/DUB/SHP/,null,",0,Yes
GCS_RON_QA,ECP,GCS,station,2,0.25,Goal,Root/div/station,GCS_RON_QA/GCS/ECP,2,No
GCS_RON_QA,",null,",ECP,vendor,3,88.91,Goal,Root/div/station/vendor,"GCS_RON_QA/GCS/ECP/,null,",1,No
GCS_RON_QA,FS,",null,",vnd_typ,4,100.0,Goal,Root/div/station/vendor/vnd_typ,"GCS_RON_QA/GCS/ECP/,null,/FS",0,Yes
GCS_RON_QA,Unifi,ECP,vendor,3,11.09,Goal,Root/div/station/vendor,GCS_RON_QA/GCS/ECP/Unifi,1,No
GCS_RON_QA,FS,Unifi,vnd_typ,4,100.0,Goal,Root/div/station/vendor/vnd_typ,GCS_RON_QA/GCS/ECP/Unifi/FS,0,Yes
GCS_RON_QA,EDI,GCS,station,2,0.17,Goal,Root/div/station,GCS_RON_QA/GCS/EDI,1,No
GCS_RON_QA,Swissport,EDI,vendor,3,100.0,Goal,Root/div/station/vendor,GCS_RON_QA/GCS/EDI/Swissport,1,No
GCS_RON_QA,",null,",Swissport,vnd_typ,4,100.0,Goal,Root/div/station/vendor/vnd_typ,"GCS_RON_QA/GCS/EDI/Swissport/,null,",0,Yes
GCS_RON_QA,EGE,GCS,station,2,0.1,Goal,Root/div/station,GCS_RON_QA/GCS/EGE,2,No
GCS_RON_QA,",null,",EGE,vendor,3,62.03,Goal,Root/div/station/vendor,"GCS_RON_QA/GCS/EGE/,null,",1,No
GCS_RON_QA,FS,",null,",vnd_typ,4,100.0,Goal,Root/div/station/vendor/vnd_typ,"GCS_RON_QA/GCS/EGE/,null,/FS",0,Yes
GCS_RON_QA,Menzies Aviation,EGE,vendor,3,37.97,Goal,Root/div/station/vendor,GCS_RON_QA/GCS/EGE/Menzies Aviation,1,No
GCS_RON_QA,FS,Menzies Aviation,vnd_typ,4,100.0,Goal,Root/div/station/vendor/vnd_typ,GCS_RON_QA/GCS/EGE/Menzies Aviation/FS,0,Yes
GCS_RON_QA,EKO,GCS,station,2,0.0,Goal,Root/div/station,GCS_RON_QA/GCS/EKO,2,No
GCS_RON_QA,",null,",EKO,vendor,3,7.93,Goal,Root/div/station/vendor,"GCS_RON_QA/GCS/EKO/,null,",1,No
GCS_RON_QA,FS,",null,",vnd_typ,4,100.0,Goal,Root/div/station/vendor/vnd_typ,"GCS_RON_QA/GCS/EKO/,null,/FS",0,Yes
GCS_RON_QA,SkyWest,EKO,vendor,3,92.07,Goal,Root/div/station/vendor,GCS_RON_QA/GCS/EKO/SkyWest,1,No
GCS_RON_QA,FS,SkyWest,vnd_typ,4,100.0,Goal,Root/div/station/vendor/vnd_typ,GCS_RON_QA/GCS/EKO/SkyWest/FS,0,Yes
GCS_RON_QA,ELH,GCS,station,2,0.17,Goal,Root/div/station,GCS_RON_QA/GCS/ELH,2,No
GCS_RON_QA,",null,",ELH,vendor,3,48.27,Goal,Root/div/station/vendor,"GCS_RON_QA/GCS/ELH/,null,",1,No
GCS_RON_QA,",null,",",null,",vnd_typ,4,100.0,Goal,Root/div/station/vendor/vnd_typ,"GCS_RON_QA/GCS/ELH/,null,/,null,",0,Yes
GCS_RON_QA,Omega Aviation,ELH,vendor,3,51.73,Goal,Root/div/station/vendor,GCS_RON_QA/GCS/ELH/Omega Aviation,1,No
GCS_RON_QA,",null,",Omega Aviation,vnd_typ,4,100.0,Goal,Root/div/station/vendor/vnd_typ,"GCS_RON_QA/GCS/ELH/Omega Aviation/,null,",0,Yes
GCS_RON_QA,ELM,GCS,station,2,0.33,Goal,Root/div/station,GCS_RON_QA/GCS/ELM,2,No
GCS_RON_QA,",null,",ELM,vendor,3,53.13,Goal,Root/div/station/vendor,"GCS_RON_QA/GCS/ELM/,null,",1,No
GCS_RON_QA,FS,",null,",vnd_typ,4,100.0,Goal,Root/div/station/vendor/vnd_typ,"GCS_RON_QA/GCS/ELM/,null,/FS",0,Yes
GCS_RON_QA,Unifi,ELM,vendor,3,46.87,Goal,Root/div/station/vendor,GCS_RON_QA/GCS/ELM/Unifi,1,No
GCS_RON_QA,FS,Unifi,vnd_typ,4,100.0,Goal,Root/div/station/vendor/vnd_typ,GCS_RON_QA/GCS/ELM/Unifi/FS,0,Yes
GCS_RON_QA,ELP,GCS,station,2,0.42,Goal,Root/div/station,GCS_RON_QA/GCS/ELP,2,No
GCS_RON_QA,",null,",ELP,vendor,3,50.24,Goal,Root/div/station/vendor,"GCS_RON_QA/GCS/ELP/,null,",1,No
GCS_RON_QA,Blended,",null,",vnd_typ,4,100.0,Goal,Root/div/station/vendor/vnd_typ,"GCS_RON_QA/GCS/ELP/,null,/Blended",0,Yes
GCS_RON_QA,GAT,ELP,vendor,3,49.76,Goal,Root/div/station/vendor,GCS_RON_QA/GCS/ELP/GAT,1,No
GCS_RON_QA,Blended,GAT,vnd_typ,4,100.0,Goal,Root/div/station/vendor/vnd_typ,GCS_RON_QA/GCS/ELP/GAT/Blended,0,Yes
GCS_RON_QA,ESC,GCS,station,2,0.13,Goal,Root/div/station,GCS_RON_QA/GCS/ESC,2,No
GCS_RON_QA,",null,",ESC,vendor,3,96.75,Goal,Root/div/station/vendor,"GCS_RON_QA/GCS/ESC/,null,",1,No
GCS_RON_QA,FS,",null,",vnd_typ,4,100.0,Goal,Root/div/station/vendor/vnd_typ,"GCS_RON_QA/GCS/ESC/,null,/FS",0,Yes
GCS_RON_QA,Unifi,ESC,vendor,3,3.25,Goal,Root/div/station/vendor,GCS_RON_QA/GCS/ESC/Unifi,1,No
GCS_RON_QA,FS,Unifi,vnd_typ,4,100.0,Goal,Root/div/station/vendor/vnd_typ,GCS_RON_QA/GCS/ESC/Unifi/FS,0,Yes
GCS_RON_QA,EUG,GCS,station,2,0.35,Goal,Root/div/station,GCS_RON_QA/GCS/EUG,2,No
GCS_RON_QA,",null,",EUG,vendor,3,26.13,Goal,Root/div/station/vendor,"GCS_RON_QA/GCS/EUG/,null,",1,No
GCS_RON_QA,FS,",null,",vnd_typ,4,100.0,Goal,Root/div/station/vendor/vnd_typ,"GCS_RON_QA/GCS/EUG/,null,/FS",0,Yes
GCS_RON_QA,Unifi,EUG,vendor,3,73.87,Goal,Root/div/station/vendor,GCS_RON_QA/GCS/EUG/Unifi,1,No
GCS_RON_QA,FS,Unifi,vnd_typ,4,100.0,Goal,Root/div/station/vendor/vnd_typ,GCS_RON_QA/GCS/EUG/Unifi/FS,0,Yes
GCS_RON_QA,EVV,GCS,station,2,0.35,Goal,Root/div/station,GCS_RON_QA/GCS/EVV,2,No
GCS_RON_QA,",null,",EVV,vendor,3,63.49,Goal,Root/div/station/vendor,"GCS_RON_QA/GCS/EVV/,null,",1,No
GCS_RON_QA,FS,",null,",vnd_typ,4,100.0,Goal,Root/div/station/vendor/vnd_typ,"GCS_RON_QA/GCS/EVV/,null,/FS",0,Yes
GCS_RON_QA,Unifi,EVV,vendor,3,36.51,Goal,Root/div/station/vendor,GCS_RON_QA/GCS/EVV/Unifi,1,No
GCS_RON_QA,FS,Unifi,vnd_typ,4,100.0,Goal,Root/div/station/vendor/vnd_typ,GCS_RON_QA/GCS/EVV/Unifi/FS,0,Yes
GCS_RON_QA,EWR,GCS,station,2,0.1,Goal,Root/div/station,GCS_RON_QA/GCS/EWR,2,No
GCS_RON_QA,",null,",EWR,vendor,3,55.06,Goal,Root/div/station/vendor,"GCS_RON_QA/GCS/EWR/,null,",1,No
GCS_RON_QA,Cabin,",null,",vnd_typ,4,100.0,Goal,Root/div/station/vendor/vnd_typ,"GCS_RON_QA/GCS/EWR/,null,/Cabin",0,Yes
GCS_RON_QA,Menzies Aviation,EWR,vendor,3,44.94,Goal,Root/div/station/vendor,GCS_RON_QA/GCS/EWR/Menzies Aviation,1,No
GCS_RON_QA,Cabin,Menzies Aviation,vnd_typ,4,100.0,Goal,Root/div/station/vendor/vnd_typ,GCS_RON_QA/GCS/EWR/Menzies Aviation/Cabin,0,Yes
GCS_RON_QA,EYW,GCS,station,2,0.29,Goal,Root/div/station,GCS_RON_QA/GCS/EYW,2,No
GCS_RON_QA,",null,",EYW,vendor,3,78.66,Goal,Root/div/station/vendor,"GCS_RON_QA/GCS/EYW/,null,",1,No
GCS_RON_QA,FS,",null,",vnd_typ,4,100.0,Goal,Root/div/station/vendor/vnd_typ,"GCS_RON_QA/GCS/EYW/,null,/FS",0,Yes
GCS_RON_QA,Unifi,EYW,vendor,3,21.34,Goal,Root/div/station/vendor,GCS_RON_QA/GCS/EYW/Unifi,1,No
GCS_RON_QA,FS,Unifi,vnd_typ,4,100.0,Goal,Root/div/station/vendor/vnd_typ,GCS_RON_QA/GCS/EYW/Unifi/FS,0,Yes
GCS_RON_QA,EZE,GCS,station,2,0.4,Goal,Root/div/station,GCS_RON_QA/GCS/EZE,2,No
GCS_RON_QA,",null,",EZE,vendor,3,55.6,Goal,Root/div/station/vendor,"GCS_RON_QA/GCS/EZE/,null,",1,No
GCS_RON_QA,",null,",",null,",vnd_typ,4,100.0,Goal,Root/div/station/vendor/vnd_typ,"GCS_RON_QA/GCS/EZE/,null,/,null,",0,Yes
GCS_RON_QA,Intercargo,EZE,vendor,3,44.4,Goal,Root/div/station/vendor,GCS_RON_QA/GCS/EZE/Intercargo,1,No
GCS_RON_QA,",null,",Intercargo,vnd_typ,4,100.0,Goal,Root/div/station/vendor/vnd_typ,"GCS_RON_QA/GCS/EZE/Intercargo/,null,",0,Yes
GCS_RON_QA,FAI,GCS,station,2,0.1,Goal,Root/div/station,GCS_RON_QA/GCS/FAI,2,No
GCS_RON_QA,",null,",FAI,vendor,3,31.74,Goal,Root/div/station/vendor,"GCS_RON_QA/GCS/FAI/,null,",1,No
GCS_RON_QA,FS,",null,",vnd_typ,4,100.0,Goal,Root/div/station/vendor/vnd_typ,"GCS_RON_QA/GCS/FAI/,null,/FS",0,Yes
GCS_RON_QA,Unifi,FAI,vendor,3,68.26,Goal,Root/div/station/vendor,GCS_RON_QA/GCS/FAI/Unifi,1,No
GCS_RON_QA,FS,Unifi,vnd_typ,4,100.0,Goal,Root/div/station/vendor/vnd_typ,GCS_RON_QA/GCS/FAI/Unifi/FS,0,Yes
GCS_RON_QA,FAR,GCS,station,2,0.04,Goal,Root/div/station,GCS_RON_QA/GCS/FAR,2,No
GCS_RON_QA,",null,",FAR,vendor,3,45.57,Goal,Root/div/station/vendor,"GCS_RON_QA/GCS/FAR/,null,",1,No
GCS_RON_QA,FS,",null,",vnd_typ,4,100.0,Goal,Root/div/station/vendor/vnd_typ,"GCS_RON_QA/GCS/FAR/,null,/FS",0,Yes
GCS_RON_QA,Unifi,FAR,vendor,3,54.43,Goal,Root/div/station/vendor,GCS_RON_QA/GCS/FAR/Unifi,1,No
GCS_RON_QA,FS,Unifi,vnd_typ,4,100.0,Goal,Root/div/station/vendor/vnd_typ,GCS_RON_QA/GCS/FAR/Unifi/FS,0,Yes
GCS_RON_QA,FAT,GCS,station,2,0.32,Goal,Root/div/station,GCS_RON_QA/GCS/FAT,2,No
GCS_RON_QA,",null,",FAT,vendor,3,53.63,Goal,Root/div/station/vendor,"GCS_RON_QA/GCS/FAT/,null,",1,No
GCS_RON_QA,FS,",null,",vnd_typ,4,100.0,Goal,Root/div/station/vendor/vnd_typ,"GCS_RON_QA/GCS/FAT/,null,/FS",0,Yes
GCS_RON_QA,Unifi,FAT,vendor,3,46.37,Goal,Root/div/station/vendor,GCS_RON_QA/GCS/FAT/Unifi,1,No
GCS_RON_QA,FS,Unifi,vnd_typ,4,100.0,Goal,Root/div/station/vendor/vnd_typ,GCS_RON_QA/GCS/FAT/Unifi/FS,0,Yes
GCS_RON_QA,FAY,GCS,station,2,0.42,Goal,Root/div/station,GCS_RON_QA/GCS/FAY,2,No
GCS_RON_QA,",null,",FAY,vendor,3,15.57,Goal,Root/div/station/vendor,"GCS_RON_QA/GCS/FAY/,null,",1,No
GCS_RON_QA,FS,",null,",vnd_typ,4,100.0,Goal,Root/div/station/vendor/vnd_typ,"GCS_RON_QA/GCS/FAY/,null,/FS",0,Yes
GCS_RON_QA,Unifi,FAY,vendor,3,84.43,Goal,Root/div/station/vendor,GCS_RON_QA/GCS/FAY/Unifi,1,No
GCS_RON_QA,FS,Unifi,vnd_typ,4,100.0,Goal,Root/div/station/vendor/vnd_typ,GCS_RON_QA/GCS/FAY/Unifi/FS,0,Yes
GCS_RON_QA,FCA,GCS,station,2,0.14,Goal,Root/div/station,GCS_RON_QA/GCS/FCA,2,No
GCS_RON_QA,",null,",FCA,vendor,3,3.05,Goal,Root/div/station/vendor,"GCS_RON_QA/GCS/FCA/,null,",1,No
GCS_RON_QA,FS,",null,",vnd_typ,4,100.0,Goal,Root/div/station/vendor/vnd_typ,"GCS_RON_QA/GCS/FCA/,null,/FS",0,Yes
GCS_RON_QA,Unifi,FCA,vendor,3,96.95,Goal,Root/div/station/vendor,GCS_RON_QA/GCS/FCA/Unifi,1,No
GCS_RON_QA,FS,Unifi,vnd_typ,4,100.0,Goal,Root/div/station/vendor/vnd_typ,GCS_RON_QA/GCS/FCA/Unifi/FS,0,Yes
GCS_RON_QA,FCO,GCS,station,2,0.15,Goal,Root/div/station,GCS_RON_QA/GCS/FCO,2,No
GCS_RON_QA,",null,",FCO,vendor,3,24.87,Goal,Root/div/station/vendor,"GCS_RON_QA/GCS/FCO/,null,",1,No
GCS_RON_QA,",null,",",null,",vnd_typ,4,100.0,Goal,Root/div/station/vendor/vnd_typ,"GCS_RON_QA/GCS/FCO/,null,/,null,",0,Yes
GCS_RON_QA,GH Aircraft Cleaning Services,FCO,vendor,3,75.13,Goal,Root/div/station/vendor,GCS_RON_QA/GCS/FCO/GH Aircraft Cleaning Services,1,No
GCS_RON_QA,",null,",GH Aircraft Cleaning Services,vnd_typ,4,100.0,Goal,Root/div/station/vendor/vnd_typ,"GCS_RON_QA/GCS/FCO/GH Aircraft Cleaning Services/,null,",0,Yes
GCS_RON_QA,FLL,GCS,station,2,0.13,Goal,Root/div/station,GCS_RON_QA/GCS/FLL,2,No
GCS_RON_QA,",null,",FLL,vendor,3,40.2,Goal,Root/div/station/vendor,"GCS_RON_QA/GCS/FLL/,null,",1,No
GCS_RON_QA,Cabin,",null,",vnd_typ,4,100.0,Goal,Root/div/station/vendor/vnd_typ,"GCS_RON_QA/GCS/FLL/,null,/Cabin",0,Yes
GCS_RON_QA,HHS Aviation,FLL,vendor,3,59.8,Goal,Root/div/station/vendor,GCS_RON_QA/GCS/FLL/HHS Aviation,1,No
GCS_RON_QA,Cabin,HHS Aviation,vnd_typ,4,100.0,Goal,Root/div/station/vendor/vnd_typ,GCS_RON_QA/GCS/FLL/HHS Aviation/Cabin,0,Yes
GCS_RON_QA,FRA,GCS,station,2,0.08,Goal,Root/div/station,GCS_RON_QA/GCS/FRA,3,No
GCS_RON_QA,",null,",FRA,vendor,3,39.16,Goal,Root/div/station/vendor,"GCS_RON_QA/GCS/FRA/,null,",1,No
GCS_RON_QA,",null,",",null,",vnd_typ,4,100.0,Goal,Root/div/station/vendor/vnd_typ,"GCS_RON_QA/GCS/FRA/,null,/,null,",0,Yes
GCS_RON_QA,ASG Airport Service Gesellschaft mbH,FRA,vendor,3,29.25,Goal,Root/div/station/vendor,GCS_RON_QA/GCS/FRA/ASG Airport Service Gesellschaft mbH,1,No
GCS_RON_QA,",null,",ASG Airport Service Gesellschaft mbH,vnd_typ,4,100.0,Goal,Root/div/station/vendor/vnd_typ,"GCS_RON_QA/GCS/FRA/ASG Airport Service Gesellschaft mbH/,null,",0,Yes
GCS_RON_QA,Wisag,FRA,vendor,3,31.59,Goal,Root/div/station/vendor,GCS_RON_QA/GCS/FRA/Wisag,1,No
GCS_RON_QA,",null,",Wisag,vnd_typ,4,100.0,Goal,Root/div/station/vendor/vnd_typ,"GCS_RON_QA/GCS/FRA/Wisag/,null,",0,Yes
GCS_RON_QA,FSD,GCS,station,2,0.01,Goal,Root/div/station,GCS_RON_QA/GCS/FSD,2,No
GCS_RON_QA,",null,",FSD,vendor,3,70.34,Goal,Root/div/station/vendor,"GCS_RON_QA/GCS/FSD/,null,",1,No
GCS_RON_QA,FS,",null,",vnd_typ,4,100.0,Goal,Root/div/station/vendor/vnd_typ,"GCS_RON_QA/GCS/FSD/,null,/FS",0,Yes
GCS_RON_QA,Unifi,FSD,vendor,3,29.66,Goal,Root/div/station/vendor,GCS_RON_QA/GCS/FSD/Unifi,1,No
GCS_RON_QA,FS,Unifi,vnd_typ,4,100.0,Goal,Root/div/station/vendor/vnd_typ,GCS_RON_QA/GCS/FSD/Unifi/FS,0,Yes
GCS_RON_QA,FWA,GCS,station,2,0.22,Goal,Root/div/station,GCS_RON_QA/GCS/FWA,2,No
GCS_RON_QA,",null,",FWA,vendor,3,50.76,Goal,Root/div/station/vendor,"GCS_RON_QA/GCS/FWA/,null,",1,No
GCS_RON_QA,FS,",null,",vnd_typ,4,100.0,Goal,Root/div/station/vendor/vnd_typ,"GCS_RON_QA/GCS/FWA/,null,/FS",0,Yes
GCS_RON_QA,Unifi,FWA,vendor,3,49.24,Goal,Root/div/station/vendor,GCS_RON_QA/GCS/FWA/Unifi,1,No
GCS_RON_QA,FS,Unifi,vnd_typ,4,100.0,Goal,Root/div/station/vendor/vnd_typ,GCS_RON_QA/GCS/FWA/Unifi/FS,0,Yes
GCS_RON_QA,GCM,GCS,station,2,0.06,Goal,Root/div/station,GCS_RON_QA/GCS/GCM,2,No
GCS_RON_QA,",null,",GCM,vendor,3,50.95,Goal,Root/div/station/vendor,"GCS_RON_QA/GCS/GCM/,null,",1,No
GCS_RON_QA,",null,",",null,",vnd_typ,4,100.0,Goal,Root/div/station/vendor/vnd_typ,"GCS_RON_QA/GCS/GCM/,null,/,null,",0,Yes
GCS_RON_QA,FADS,GCM,vendor,3,49.05,Goal,Root/div/station/vendor,GCS_RON_QA/GCS/GCM/FADS,1,No
GCS_RON_QA,",null,",FADS,vnd_typ,4,100.0,Goal,Root/div/station/vendor/vnd_typ,"GCS_RON_QA/GCS/GCM/FADS/,null,",0,Yes
GCS_RON_QA,GDL,GCS,station,2,0.47,Goal,Root/div/station,GCS_RON_QA/GCS/GDL,3,No
GCS_RON_QA,",null,",GDL,vendor,3,73.44,Goal,Root/div/station/vendor,"GCS_RON_QA/GCS/GDL/,null,",1,No
GCS_RON_QA,",null,",",null,",vnd_typ,4,100.0,Goal,Root/div/station/vendor/vnd_typ,"GCS_RON_QA/GCS/GDL/,null,/,null,",0,Yes
GCS_RON_QA,"AVEESPRESS, S.A. DE C.V.",GDL,vendor,3,24.86,Goal,Root/div/station/vendor,"GCS_RON_QA/GCS/GDL/AVEESPRESS, S.A. DE C.V.",1,No
GCS_RON_QA,",null,","AVEESPRESS, S.A. DE C.V.",vnd_typ,4,100.0,Goal,Root/div/station/vendor/vnd_typ,"GCS_RON_QA/GCS/GDL/AVEESPRESS, S.A. DE C.V./,null,",0,Yes
GCS_RON_QA,Menzies Aviation,GDL,vendor,3,1.7,Goal,Root/div/station/vendor,GCS_RON_QA/GCS/GDL/Menzies Aviation,1,No
GCS_RON_QA,",null,",Menzies Aviation,vnd_typ,4,100.0,Goal,Root/div/station/vendor/vnd_typ,"GCS_RON_QA/GCS/GDL/Menzies Aviation/,null,",0,Yes
GCS_RON_QA,GEG,GCS,station,2,0.37,Goal,Root/div/station,GCS_RON_QA/GCS/GEG,2,No
GCS_RON_QA,",null,",GEG,vendor,3,49.34,Goal,Root/div/station/vendor,"GCS_RON_QA/GCS/GEG/,null,",1,No
GCS_RON_QA,FS,",null,",vnd_typ,4,100.0,Goal,Root/div/station/vendor/vnd_typ,"GCS_RON_QA/GCS/GEG/,null,/FS",0,Yes
GCS_RON_QA,Unifi,GEG,vendor,3,50.66,Goal,Root/div/station/vendor,GCS_RON_QA/GCS/GEG/Unifi,1,No
GCS_RON_QA,FS,Unifi,vnd_typ,4,100.0,Goal,Root/div/station/vendor/vnd_typ,GCS_RON_QA/GCS/GEG/Unifi/FS,0,Yes
GCS_RON_QA,GFK,GCS,station,2,0.47,Goal,Root/div/station,GCS_RON_QA/GCS/GFK,2,No
GCS_RON_QA,",null,",GFK,vendor,3,43.19,Goal,Root/div/station/vendor,"GCS_RON_QA/GCS/GFK/,null,",1,No
GCS_RON_QA,FS,",null,",vnd_typ,4,100.0,Goal,Root/div/station/vendor/vnd_typ,"GCS_RON_QA/GCS/GFK/,null,/FS",0,Yes
GCS_RON_QA,Unifi,GFK,vendor,3,56.81,Goal,Root/div/station/vendor,GCS_RON_QA/GCS/GFK/Unifi,1,No
GCS_RON_QA,FS,Unifi,vnd_typ,4,100.0,Goal,Root/div/station/vendor/vnd_typ,GCS_RON_QA/GCS/GFK/Unifi/FS,0,Yes
GCS_RON_QA,GGT,GCS,station,2,0.43,Goal,Root/div/station,GCS_RON_QA/GCS/GGT,2,No
GCS_RON_QA,",null,",GGT,vendor,3,50.4,Goal,Root/div/station/vendor,"GCS_RON_QA/GCS/GGT/,null,",1,No
GCS_RON_QA,",null,",",null,",vnd_typ,4,100.0,Goal,Root/div/station/vendor/vnd_typ,"GCS_RON_QA/GCS/GGT/,null,/,null,",0,Yes
GCS_RON_QA,Omega Aviation,GGT,vendor,3,49.6,Goal,Root/div/station/vendor,GCS_RON_QA/GCS/GGT/Omega Aviation,1,No
GCS_RON_QA,",null,",Omega Aviation,vnd_typ,4,100.0,Goal,Root/div/station/vendor/vnd_typ,"GCS_RON_QA/GCS/GGT/Omega Aviation/,null,",0,Yes
GCS_RON_QA,GIG,GCS,station,2,0.09,Goal,Root/div/station,GCS_RON_QA/GCS/GIG,2,No
GCS_RON_QA,",null,",GIG,vendor,3,48.42,Goal,Root/div/station/vendor,"GCS_RON_QA/GCS/GIG/,null,",1,No
GCS_RON_QA,",null,",",null,",vnd_typ,4,100.0,Goal,Root/div/station/vendor/vnd_typ,"GCS_RON_QA/GCS/GIG/,null,/,null,",0,Yes
GCS_RON_QA,ORBITAL SERV AUXILIARES TRANS AEREO,GIG,vendor,3,51.58,Goal,Root/div/station/vendor,GCS_RON_QA/GCS/GIG/ORBITAL SERV AUXILIARES TRANS AEREO,1,No
GCS_RON_QA,",null,",ORBITAL SERV AUXILIARES TRANS AEREO,vnd_typ,4,100.0,Goal,Root/div/station/vendor/vnd_typ,"GCS_RON_QA/GCS/GIG/ORBITAL SERV AUXILIARES TRANS AEREO/,null,",0,Yes
GCS_RON_QA,GJT,GCS,station,2,0.35,Goal,Root/div/station,GCS_RON_QA/GCS/GJT,2,No
GCS_RON_QA,",null,",GJT,vendor,3,72.55,Goal,Root/div/station/vendor,"GCS_RON_QA/GCS/GJT/,null,",1,No
GCS_RON_QA,FS,",null,",vnd_typ,4,100.0,Goal,Root/div/station/vendor/vnd_typ,"GCS_RON_QA/GCS/GJT/,null,/FS",0,Yes
GCS_RON_QA,SkyWest,GJT,vendor,3,27.45,Goal,Root/div/station/vendor,GCS_RON_QA/GCS/GJT/SkyWest,1,No
GCS_RON_QA,FS,SkyWest,vnd_typ,4,100.0,Goal,Root/div/station/vendor/vnd_typ,GCS_RON_QA/GCS/GJT/SkyWest/FS,0,Yes
GCS_RON_QA,GND,GCS,station,2,0.31,Goal,Root/div/station,GCS_RON_QA/GCS/GND,2,No
GCS_RON_QA,",null,",GND,vendor,3,35.97,Goal,Root/div/station/vendor,"GCS_RON_QA/GCS/GND/,null,",1,No
GCS_RON_QA,",null,",",null,",vnd_typ,4,100.0,Goal,Root/div/station/vendor/vnd_typ,"GCS_RON_QA/GCS/GND/,null,/,null,",0,Yes
GCS_RON_QA,Aviation Services,GND,vendor,3,64.03,Goal,Root/div/station/vendor,GCS_RON_QA/GCS/GND/Aviation Services,1,No
GCS_RON_QA,",null,",Aviation Services,vnd_typ,4,100.0,Goal,Root/div/station/vendor/vnd_typ,"GCS_RON_QA/GCS/GND/Aviation Services/,null,",0,Yes
GCS_RON_QA,GNV,GCS,station,2,0.43,Goal,Root/div/station,GCS_RON_QA/GCS/GNV,2,No
GCS_RON_QA,",null,",GNV,vendor,3,42.31,Goal,Root/div/station/vendor,"GCS_RON_QA/GCS/GNV/,null,",1,No
GCS_RON_QA,FS,",null,",vnd_typ,4,100.0,Goal,Root/div/station/vendor/vnd_typ,"GCS_RON_QA/GCS/GNV/,null,/FS",0,Yes
GCS_RON_QA,Unifi,GNV,vendor,3,57.69,Goal,Root/div/station/vendor,GCS_RON_QA/GCS/GNV/Unifi,1,No
GCS_RON_QA,FS,Unifi,vnd_typ,4,100.0,Goal,Root/div/station/vendor/vnd_typ,GCS_RON_QA/GCS/GNV/Unifi/FS,0,Yes
GCS_RON_QA,GPT,GCS,station,2,0.4,Goal,Root/div/station,GCS_RON_QA/GCS/GPT,2,No
GCS_RON_QA,",null,",GPT,vendor,3,37.7,Goal,Root/div/station/vendor,"GCS_RON_QA/GCS/GPT/,null,",1,No
GCS_RON_QA,FS,",null,",vnd_typ,4,100.0,Goal,Root/div/station/vendor/vnd_typ,"GCS_RON_QA/GCS/GPT/,null,/FS",0,Yes
GCS_RON_QA,Unifi,GPT,vendor,3,62.3,Goal,Root/div/station/vendor,GCS_RON_QA/GCS/GPT/Unifi,1,No
GCS_RON_QA,FS,Unifi,vnd_typ,4,100.0,Goal,Root/div/station/vendor/vnd_typ,GCS_RON_QA/GCS/GPT/Unifi/FS,0,Yes
GCS_RON_QA,GRB,GCS,station,2,0.14,Goal,Root/div/station,GCS_RON_QA/GCS/GRB,2,No
GCS_RON_QA,",null,",GRB,vendor,3,32.99,Goal,Root/div/station/vendor,"GCS_RON_QA/GCS/GRB/,null,",1,No
GCS_RON_QA,Cabin,",null,",vnd_typ,4,100.0,Goal,Root/div/station/vendor/vnd_typ,"GCS_RON_QA/GCS/GRB/,null,/Cabin",0,Yes
GCS_RON_QA,Jet Air,GRB,vendor,3,67.01,Goal,Root/div/station/vendor,GCS_RON_QA/GCS/GRB/Jet Air,1,No
GCS_RON_QA,Cabin,Jet Air,vnd_typ,4,100.0,Goal,Root/div/station/vendor/vnd_typ,GCS_RON_QA/GCS/GRB/Jet Air/Cabin,0,Yes
GCS_RON_QA,GRR,GCS,station,2,0.09,Goal,Root/div/station,GCS_RON_QA/GCS/GRR,3,No
GCS_RON_QA,",null,",GRR,vendor,3,24.06,Goal,Root/div/station/vendor,"GCS_RON_QA/GCS/GRR/,null,",1,No
GCS_RON_QA,Cabin,",null,",vnd_typ,4,100.0,Goal,Root/div/station/vendor/vnd_typ,"GCS_RON_QA/GCS/GRR/,null,/Cabin",0,Yes
GCS_RON_QA,Prospect,GRR,vendor,3,75.15,Goal,Root/div/station/vendor,GCS_RON_QA/GCS/GRR/Prospect,1,No
GCS_RON_QA,Cabin,Prospect,vnd_typ,4,100.0,Goal,Root/div/station/vendor/vnd_typ,GCS_RON_QA/GCS/GRR/Prospect/Cabin,0,Yes
GCS_RON_QA,Unifi,GRR,vendor,3,0.79,Goal,Root/div/station/vendor,GCS_RON_QA/GCS/GRR/Unifi,1,No
GCS_RON_QA,Cabin,Unifi,vnd_typ,4,100.0,Goal,Root/div/station/vendor/vnd_typ,GCS_RON_QA/GCS/GRR/Unifi/Cabin,0,Yes
GCS_RON_QA,GRU,GCS,station,2,0.23,Goal,Root/div/station,GCS_RON_QA/GCS/GRU,2,No
GCS_RON_QA,",null,",GRU,vendor,3,82.59,Goal,Root/div/station/vendor,"GCS_RON_QA/GCS/GRU/,null,",1,No
GCS_RON_QA,",null,",",null,",vnd_typ,4,100.0,Goal,Root/div/station/vendor/vnd_typ,"GCS_RON_QA/GCS/GRU/,null,/,null,",0,Yes
GCS_RON_QA,ORBITAL SERV AUXILIARES TRANS AEREO,GRU,vendor,3,17.41,Goal,Root/div/station/vendor,GCS_RON_QA/GCS/GRU/ORBITAL SERV AUXILIARES TRANS AEREO,1,No
GCS_RON_QA,",null,",ORBITAL SERV AUXILIARES TRANS AEREO,vnd_typ,4,100.0,Goal,Root/div/station/vendor/vnd_typ,"GCS_RON_QA/GCS/GRU/ORBITAL SERV AUXILIARES TRANS AEREO/,null,",0,Yes
GCS_RON_QA,GSO,GCS,station,2,0.36,Goal,Root/div/station,GCS_RON_QA/GCS/GSO,2,No
GCS_RON_QA,",null,",GSO,vendor,3,20.5,Goal,Root/div/station/vendor,"GCS_RON_QA/GCS/GSO/,null,",1,No
GCS_RON_QA,Blended,",null,",vnd_typ,4,100.0,Goal,Root/div/station/vendor/vnd_typ,"GCS_RON_QA/GCS/GSO/,null,/Blended",0,Yes
GCS_RON_QA,Unifi,GSO,vendor,3,79.5,Goal,Root/div/station/vendor,GCS_RON_QA/GCS/GSO/Unifi,1,No
GCS_RON_QA,Blended,Unifi,vnd_typ,4,100.0,Goal,Root/div/station/vendor/vnd_typ,GCS_RON_QA/GCS/GSO/Unifi/Blended,0,Yes
GCS_RON_QA,GSP,GCS,station,2,0.26,Goal,Root/div/station,GCS_RON_QA/GCS/GSP,2,No
GCS_RON_QA,",null,",GSP,vendor,3,44.69,Goal,Root/div/station/vendor,"GCS_RON_QA/GCS/GSP/,null,",1,No
GCS_RON_QA,Blended,",null,",vnd_typ,4,100.0,Goal,Root/div/station/vendor/vnd_typ,"GCS_RON_QA/GCS/GSP/,null,/Blended",0,Yes
GCS_RON_QA,Unifi,GSP,vendor,3,55.31,Goal,Root/div/station/vendor,GCS_RON_QA/GCS/GSP/Unifi,1,No
GCS_RON_QA,Blended,Unifi,vnd_typ,4,100.0,Goal,Root/div/station/vendor/vnd_typ,GCS_RON_QA/GCS/GSP/Unifi/Blended,0,Yes
GCS_RON_QA,GTF,GCS,station,2,0.11,Goal,Root/div/station,GCS_RON_QA/GCS/GTF,2,No
GCS_RON_QA,",null,",GTF,vendor,3,58.17,Goal,Root/div/station/vendor,"GCS_RON_QA/GCS/GTF/,null,",1,No
GCS_RON_QA,FS,",null,",vnd_typ,4,100.0,Goal,Root/div/station/vendor/vnd_typ,"GCS_RON_QA/GCS/GTF/,null,/FS",0,Yes
GCS_RON_QA,Unifi,GTF,vendor,3,41.83,Goal,Root/div/station/vendor,GCS_RON_QA/GCS/GTF/Unifi,1,No
GCS_RON_QA,FS,Unifi,vnd_typ,4,100.0,Goal,Root/div/station/vendor/vnd_typ,GCS_RON_QA/GCS/GTF/Unifi/FS,0,Yes
GCS_RON_QA,GTR,GCS,station,2,0.15,Goal,Root/div/station,GCS_RON_QA/GCS/GTR,2,No
GCS_RON_QA,",null,",GTR,vendor,3,31.31,Goal,Root/div/station/vendor,"GCS_RON_QA/GCS/GTR/,null,",1,No
GCS_RON_QA,FS,",null,",vnd_typ,4,100.0,Goal,Root/div/station/vendor/vnd_typ,"GCS_RON_QA/GCS/GTR/,null,/FS",0,Yes
GCS_RON_QA,Menzies Aviation,GTR,vendor,3,68.69,Goal,Root/div/station/vendor,GCS_RON_QA/GCS/GTR/Menzies Aviation,1,No
GCS_RON_QA,FS,Menzies Aviation,vnd_typ,4,100.0,Goal,Root/div/station/vendor/vnd_typ,GCS_RON_QA/GCS/GTR/Menzies Aviation/FS,0,Yes
GCS_RON_QA,GUA,GCS,station,2,0.14,Goal,Root/div/station,GCS_RON_QA/GCS/GUA,2,No
GCS_RON_QA,",null,",GUA,vendor,3,85.6,Goal,Root/div/station/vendor,"GCS_RON_QA/GCS/GUA/,null,",1,No
GCS_RON_QA,",null,",",null,",vnd_typ,4,100.0,Goal,Root/div/station/vendor/vnd_typ,"GCS_RON_QA/GCS/GUA/,null,/,null,",0,Yes
GCS_RON_QA,SAG,GUA,vendor,3,14.4,Goal,Root/div/station/vendor,GCS_RON_QA/GCS/GUA/SAG,1,No
GCS_RON_QA,",null,",SAG,vnd_typ,4,100.0,Goal,Root/div/station/vendor/vnd_typ,"GCS_RON_QA/GCS/GUA/SAG/,null,",0,Yes
GCS_RON_QA,GVA,GCS,station,2,0.38,Goal,Root/div/station,GCS_RON_QA/GCS/GVA,1,No
GCS_RON_QA,Swissport,GVA,vendor,3,100.0,Goal,Root/div/station/vendor,GCS_RON_QA/GCS/GVA/Swissport,1,No
GCS_RON_QA,",null,",Swissport,vnd_typ,4,100.0,Goal,Root/div/station/vendor/vnd_typ,"GCS_RON_QA/GCS/GVA/Swissport/,null,",0,Yes
GCS_RON_QA,HAV,GCS,station,2,0.16,Goal,Root/div/station,GCS_RON_QA/GCS/HAV,2,No
GCS_RON_QA,",null,",HAV,vendor,3,66.57,Goal,Root/div/station/vendor,"GCS_RON_QA/GCS/HAV/,null,",1,No
GCS_RON_QA,",null,",",null,",vnd_typ,4,100.0,Goal,Root/div/station/vendor/vnd_typ,"GCS_RON_QA/GCS/HAV/,null,/,null,",0,Yes
GCS_RON_QA,ECASA,HAV,vendor,3,33.43,Goal,Root/div/station/vendor,GCS_RON_QA/GCS/HAV/ECASA,1,No
GCS_RON_QA,",null,",ECASA,vnd_typ,4,100.0,Goal,Root/div/station/vendor/vnd_typ,"GCS_RON_QA/GCS/HAV/ECASA/,null,",0,Yes
GCS_RON_QA,HDN,GCS,station,2,0.39,Goal,Root/div/station,GCS_RON_QA/GCS/HDN,2,No
GCS_RON_QA,",null,",HDN,vendor,3,60.4,Goal,Root/div/station/vendor,"GCS_RON_QA/GCS/HDN/,null,",1,No
GCS_RON_QA,FS,",null,",vnd_typ,4,100.0,Goal,Root/div/station/vendor/vnd_typ,"GCS_RON_QA/GCS/HDN/,null,/FS",0,Yes
GCS_RON_QA,Menzies Aviation,HDN,vendor,3,39.6,Goal,Root/div/station/vendor,GCS_RON_QA/GCS/HDN/Menzies Aviation,1,No
GCS_RON_QA,FS,Menzies Aviation,vnd_typ,4,100.0,Goal,Root/div/station/vendor/vnd_typ,GCS_RON_QA/GCS/HDN/Menzies Aviation/FS,0,Yes
GCS_RON_QA,HHH,GCS,station,2,0.45,Goal,Root/div/station,GCS_RON_QA/GCS/HHH,1,No
GCS_RON_QA,Unifi,HHH,vendor,3,100.0,Goal,Root/div/station/vendor,GCS_RON_QA/GCS/HHH/Unifi,1,No
GCS_RON_QA,FS,Unifi,vnd_typ,4,100.0,Goal,Root/div/station/vendor/vnd_typ,GCS_RON_QA/GCS/HHH/Unifi/FS,0,Yes
GCS_RON_QA,HIB,GCS,station,2,0.29,Goal,Root/div/station,GCS_RON_QA/GCS/HIB,2,No
GCS_RON_QA,",null,",HIB,vendor,3,62.16,Goal,Root/div/station/vendor,"GCS_RON_QA/GCS/HIB/,null,",1,No
GCS_RON_QA,FS,",null,",vnd_typ,4,100.0,Goal,Root/div/station/vendor/vnd_typ,"GCS_RON_QA/GCS/HIB/,null,/FS",0,Yes
GCS_RON_QA,SkyWest,HIB,vendor,3,37.84,Goal,Root/div/station/vendor,GCS_RON_QA/GCS/HIB/SkyWest,1,No
GCS_RON_QA,FS,SkyWest,vnd_typ,4,100.0,Goal,Root/div/station/vendor/vnd_typ,GCS_RON_QA/GCS/HIB/SkyWest/FS,0,Yes
GCS_RON_QA,HKG,GCS,station,2,0.32,Goal,Root/div/station,GCS_RON_QA/GCS/HKG,1,No
GCS_RON_QA,HAECO,HKG,vendor,3,100.0,Goal,Root/div/station/vendor,GCS_RON_QA/GCS/HKG/HAECO,1,No
GCS_RON_QA,",null,",HAECO,vnd_typ,4,100.0,Goal,Root/div/station/vendor/vnd_typ,"GCS_RON_QA/GCS/HKG/HAECO/,null,",0,Yes
GCS_RON_QA,HLN,GCS,station,2,0.28,Goal,Root/div/station,GCS_RON_QA/GCS/HLN,2,No
GCS_RON_QA,",null,",HLN,vendor,3,23.74,Goal,Root/div/station/vendor,"GCS_RON_QA/GCS/HLN/,null,",1,No
GCS_RON_QA,FS,",null,",vnd_typ,4,100.0,Goal,Root/div/station/vendor/vnd_typ,"GCS_RON_QA/GCS/HLN/,null,/FS",0,Yes
GCS_RON_QA,SkyWest,HLN,vendor,3,76.26,Goal,Root/div/station/vendor,GCS_RON_QA/GCS/HLN/SkyWest,1,No
GCS_RON_QA,FS,SkyWest,vnd_typ,4,100.0,Goal,Root/div/station/vendor/vnd_typ,GCS_RON_QA/GCS/HLN/SkyWest/FS,0,Yes
GCS_RON_QA,HND,GCS,station,2,0.48,Goal,Root/div/station,GCS_RON_QA/GCS/HND,1,No
GCS_RON_QA,",null,",HND,vendor,3,100.0,Goal,Root/div/station/vendor,"GCS_RON_QA/GCS/HND/,null,",1,No
GCS_RON_QA,",null,",",null,",vnd_typ,4,100.0,Goal,Root/div/station/vendor/vnd_typ,"GCS_RON_QA/GCS/HND/,null,/,null,",0,Yes
GCS_RON_QA,HNL,GCS,station,2,0.05,Goal,Root/div/station,GCS_RON_QA/GCS/HNL,2,No
GCS_RON_QA,",null,",HNL,vendor,3,99.18,Goal,Root/div/station/vendor,"GCS_RON_QA/GCS/HNL/,null,",1,No
GCS_RON_QA,Cabin,",null,",vnd_typ,4,100.0,Goal,Root/div/station/vendor/vnd_typ,"GCS_RON_QA/GCS/HNL/,null,/Cabin",0,Yes
GCS_RON_QA,Unifi,HNL,vendor,3,0.82,Goal,Root/div/station/vendor,GCS_RON_QA/GCS/HNL/Unifi,1,No
GCS_RON_QA,Cabin,Unifi,vnd_typ,4,100.0,Goal,Root/div/station/vendor/vnd_typ,GCS_RON_QA/GCS/HNL/Unifi/Cabin,0,Yes
GCS_RON_QA,HOU,GCS,station,2,0.23,Goal,Root/div/station,GCS_RON_QA/GCS/HOU,2,No
GCS_RON_QA,",null,",HOU,vendor,3,51.68,Goal,Root/div/station/vendor,"GCS_RON_QA/GCS/HOU/,null,",1,No
GCS_RON_QA,Blended,",null,",vnd_typ,4,100.0,Goal,Root/div/station/vendor/vnd_typ,"GCS_RON_QA/GCS/HOU/,null,/Blended",0,Yes
GCS_RON_QA,GAT,HOU,vendor,3,48.32,Goal,Root/div/station/vendor,GCS_RON_QA/GCS/HOU/GAT,1,No
GCS_RON_QA,Blended,GAT,vnd_typ,4,100.0,Goal,Root/div/station/vendor/vnd_typ,GCS_RON_QA/GCS/HOU/GAT/Blended,0,Yes
GCS_RON_QA,HPN,GCS,station,2,0.14,Goal,Root/div/station,GCS_RON_QA/GCS/HPN,2,No
GCS_RON_QA,",null,",HPN,vendor,3,4.34,Goal,Root/div/station/vendor,"GCS_RON_QA/GCS/HPN/,null,",1,No
GCS_RON_QA,FS,",null,",vnd_typ,4,100.0,Goal,Root/div/station/vendor/vnd_typ,"GCS_RON_QA/GCS/HPN/,null,/FS",0,Yes
GCS_RON_QA,Unifi,HPN,vendor,3,95.66,Goal,Root/div/station/vendor,GCS_RON_QA/GCS/HPN/Unifi,1,No
GCS_RON_QA,FS,Unifi,vnd_typ,4,100.0,Goal,Root/div/station/vendor/vnd_typ,GCS_RON_QA/GCS/HPN/Unifi/FS,0,Yes
GCS_RON_QA,HRL,GCS,station,2,0.19,Goal,Root/div/station,GCS_RON_QA/GCS/HRL,2,No
GCS_RON_QA,",null,",HRL,vendor,3,38.95,Goal,Root/div/station/vendor,"GCS_RON_QA/GCS/HRL/,null,",1,No
GCS_RON_QA,FS,",null,",vnd_typ,4,100.0,Goal,Root/div/station/vendor/vnd_typ,"GCS_RON_QA/GCS/HRL/,null,/FS",0,Yes
GCS_RON_QA,Valley International Airport Ground Handling Services,HRL,vendor,3,61.05,Goal,Root/div/station/vendor,GCS_RON_QA/GCS/HRL/Valley International Airport Ground Handling Services,1,No
GCS_RON_QA,FS,Valley International Airport Ground Handling Services,vnd_typ,4,100.0,Goal,Root/div/station/vendor/vnd_typ,GCS_RON_QA/GCS/HRL/Valley International Airport Ground Handling Services/FS,0,Yes
GCS_RON_QA,HSV,GCS,station,2,0.44,Goal,Root/div/station,GCS_RON_QA/GCS/HSV,2,No
GCS_RON_QA,",null,",HSV,vendor,3,30.1,Goal,Root/div/station/vendor,"GCS_RON_QA/GCS/HSV/,null,",1,No
GCS_RON_QA,Blended,",null,",vnd_typ,4,100.0,Goal,Root/div/station/vendor/vnd_typ,"GCS_RON_QA/GCS/HSV/,null,/Blended",0,Yes
GCS_RON_QA,GAT,HSV,vendor,3,69.9,Goal,Root/div/station/vendor,GCS_RON_QA/GCS/HSV/GAT,1,No
GCS_RON_QA,Blended,GAT,vnd_typ,4,100.0,Goal,Root/div/station/vendor/vnd_typ,GCS_RON_QA/GCS/HSV/GAT/Blended,0,Yes
GCS_RON_QA,IAD,GCS,station,2,0.22,Goal,Root/div/station,GCS_RON_QA/GCS/IAD,2,No
GCS_RON_QA,",null,",IAD,vendor,3,76.02,Goal,Root/div/station/vendor,"GCS_RON_QA/GCS/IAD/,null,",1,No
GCS_RON_QA,Cabin,",null,",vnd_typ,4,100.0,Goal,Root/div/station/vendor/vnd_typ,"GCS_RON_QA/GCS/IAD/,null,/Cabin",0,Yes
GCS_RON_QA,Unifi,IAD,vendor,3,23.98,Goal,Root/div/station/vendor,GCS_RON_QA/GCS/IAD/Unifi,1,No
GCS_RON_QA,Cabin,Unifi,vnd_typ,4,100.0,Goal,Root/div/station/vendor/vnd_typ,GCS_RON_QA/GCS/IAD/Unifi/Cabin,0,Yes
GCS_RON_QA,IAH,GCS,station,2,0.2,Goal,Root/div/station,GCS_RON_QA/GCS/IAH,2,No
GCS_RON_QA,",null,",IAH,vendor,3,50.0,Goal,Root/div/station/vendor,"GCS_RON_QA/GCS/IAH/,null,",1,No
GCS_RON_QA,Cabin,",null,",vnd_typ,4,100.0,Goal,Root/div/station/vendor/vnd_typ,"GCS_RON_QA/GCS/IAH/,null,/Cabin",0,Yes
GCS_RON_QA,Menzies Aviation,IAH,vendor,3,50.0,Goal,Root/div/station/vendor,GCS_RON_QA/GCS/IAH/Menzies Aviation,1,No
GCS_RON_QA,Cabin,Menzies Aviation,vnd_typ,4,100.0,Goal,Root/div/station/vendor/vnd_typ,GCS_RON_QA/GCS/IAH/Menzies Aviation/Cabin,0,Yes
GCS_RON_QA,ICN,GCS,station,2,0.44,Goal,Root/div/station,GCS_RON_QA/GCS/ICN,2,No
GCS_RON_QA,",null,",ICN,vendor,3,28.5,Goal,Root/div/station/vendor,"GCS_RON_QA/GCS/ICN/,null,",1,No
GCS_RON_QA,",null,",",null,",vnd_typ,4,100.0,Goal,Root/div/station/vendor/vnd_typ,"GCS_RON_QA/GCS/ICN/,null,/,null,",0,Yes
GCS_RON_QA,Korean Air,ICN,vendor,3,71.5,Goal,Root/div/station/vendor,GCS_RON_QA/GCS/ICN/Korean Air,1,No
GCS_RON_QA,",null,",Korean Air,vnd_typ,4,100.0,Goal,Root/div/station/vendor/vnd_typ,"GCS_RON_QA/GCS/ICN/Korean Air/,null,",0,Yes
GCS_RON_QA,ICT,GCS,station,2,0.29,Goal,Root/div/station,GCS_RON_QA/GCS/ICT,2,No
GCS_RON_QA,",null,",ICT,vendor,3,29.6,Goal,Root/div/station/vendor,"GCS_RON_QA/GCS/ICT/,null,",1,No
GCS_RON_QA,FS,",null,",vnd_typ,4,100.0,Goal,Root/div/station/vendor/vnd_typ,"GCS_RON_QA/GCS/ICT/,null,/FS",0,Yes
GCS_RON_QA,Unifi,ICT,vendor,3,70.4,Goal,Root/div/station/vendor,GCS_RON_QA/GCS/ICT/Unifi,1,No
GCS_RON_QA,FS,Unifi,vnd_typ,4,100.0,Goal,Root/div/station/vendor/vnd_typ,GCS_RON_QA/GCS/ICT/Unifi/FS,0,Yes
GCS_RON_QA,IDA,GCS,station,2,0.32,Goal,Root/div/station,GCS_RON_QA/GCS/IDA,2,No
GCS_RON_QA,",null,",IDA,vendor,3,77.43,Goal,Root/div/station/vendor,"GCS_RON_QA/GCS/IDA/,null,",1,No
GCS_RON_QA,FS,",null,",vnd_typ,4,100.0,Goal,Root/div/station/vendor/vnd_typ,"GCS_RON_QA/GCS/IDA/,null,/FS",0,Yes
GCS_RON_QA,SkyWest,IDA,vendor,3,22.57,Goal,Root/div/station/vendor,GCS_RON_QA/GCS/IDA/SkyWest,1,No
GCS_RON_QA,FS,SkyWest,vnd_typ,4,100.0,Goal,Root/div/station/vendor/vnd_typ,GCS_RON_QA/GCS/IDA/SkyWest/FS,0,Yes
GCS_RON_QA,ILM,GCS,station,2,0.05,Goal,Root/div/station,GCS_RON_QA/GCS/ILM,2,No
GCS_RON_QA,",null,",ILM,vendor,3,54.96,Goal,Root/div/station/vendor,"GCS_RON_QA/GCS/ILM/,null,",1,No
GCS_RON_QA,FS,",null,",vnd_typ,4,100.0,Goal,Root/div/station/vendor/vnd_typ,"GCS_RON_QA/GCS/ILM/,null,/FS",0,Yes
GCS_RON_QA,Unifi,ILM,vendor,3,45.04,Goal,Root/div/station/vendor,GCS_RON_QA/GCS/ILM/Unifi,1,No
GCS_RON_QA,FS,Unifi,vnd_typ,4,100.0,Goal,Root/div/station/vendor/vnd_typ,GCS_RON_QA/GCS/ILM/Unifi/FS,0,Yes
GCS_RON_QA,IMT,GCS,station,2,0.23,Goal,Root/div/station,GCS_RON_QA/GCS/IMT,2,No
GCS_RON_QA,",null,",IMT,vendor,3,31.83,Goal,Root/div/station/vendor,"GCS_RON_QA/GCS/IMT/,null,",1,No
GCS_RON_QA,FS,",null,",vnd_typ,4,100.0,Goal,Root/div/station/vendor/vnd_typ,"GCS_RON_QA/GCS/IMT/,null,/FS",0,Yes
GCS_RON_QA,Unifi,IMT,vendor,3,68.17,Goal,Root/div/station/vendor,GCS_RON_QA/GCS/IMT/Unifi,1,No
GCS_RON_QA,FS,Unifi,vnd_typ,4,100.0,Goal,Root/div/station/vendor/vnd_typ,GCS_RON_QA/GCS/IMT/Unifi/FS,0,Yes
GCS_RON_QA,IND,GCS,station,2,0.32,Goal,Root/div/station,GCS_RON_QA/GCS/IND,2,No
GCS_RON_QA,",null,",IND,vendor,3,30.57,Goal,Root/div/station/vendor,"GCS_RON_QA/GCS/IND/,null,",1,No
GCS_RON_QA,Cabin,",null,",vnd_typ,4,100.0,Goal,Root/div/station/vendor/vnd_typ,"GCS_RON_QA/GCS/IND/,null,/Cabin",0,Yes
GCS_RON_QA,Menzies Aviation,IND,vendor,3,69.43,Goal,Root/div/station/vendor,GCS_RON_QA/GCS/IND/Menzies Aviation,1,No
GCS_RON_QA,Cabin,Menzies Aviation,vnd_typ,4,100.0,Goal,Root/div/station/vendor/vnd_typ,GCS_RON_QA/GCS/IND/Menzies Aviation/Cabin,0,Yes
GCS_RON_QA,INL,GCS,station,2,0.35,Goal,Root/div/station,GCS_RON_QA/GCS/INL,2,No
GCS_RON_QA,",null,",INL,vendor,3,96.53,Goal,Root/div/station/vendor,"GCS_RON_QA/GCS/INL/,null,",1,No
GCS_RON_QA,FS,",null,",vnd_typ,4,100.0,Goal,Root/div/station/vendor/vnd_typ,"GCS_RON_QA/GCS/INL/,null,/FS",0,Yes
GCS_RON_QA,Unifi,INL,vendor,3,3.47,Goal,Root/div/station/vendor,GCS_RON_QA/GCS/INL/Unifi,1,No
GCS_RON_QA,FS,Unifi,vnd_typ,4,100.0,Goal,Root/div/station/vendor/vnd_typ,GCS_RON_QA/GCS/INL/Unifi/FS,0,Yes
GCS_RON_QA,ITH,GCS,station,2,0.08,Goal,Root/div/station,GCS_RON_QA/GCS/ITH,2,No
GCS_RON_QA,",null,",ITH,vendor,3,76.8,Goal,Root/div/station/vendor,"GCS_RON_QA/GCS/ITH/,null,",1,No
GCS_RON_QA,FS,",null,",vnd_typ,4,100.0,Goal,Root/div/station/vendor/vnd_typ,"GCS_RON_QA/GCS/ITH/,null,/FS",0,Yes
GCS_RON_QA,Unifi,ITH,vendor,3,23.2,Goal,Root/div/station/vendor,GCS_RON_QA/GCS/ITH/Unifi,1,No
GCS_RON_QA,FS,Unifi,vnd_typ,4,100.0,Goal,Root/div/station/vendor/vnd_typ,GCS_RON_QA/GCS/ITH/Unifi/FS,0,Yes
GCS_RON_QA,JAC,GCS,station,2,0.45,Goal,Root/div/station,GCS_RON_QA/GCS/JAC,2,No
GCS_RON_QA,",null,",JAC,vendor,3,58.34,Goal,Root/div/station/vendor,"GCS_RON_QA/GCS/JAC/,null,",1,No
GCS_RON_QA,FS,",null,",vnd_typ,4,100.0,Goal,Root/div/station/vendor/vnd_typ,"GCS_RON_QA/GCS/JAC/,null,/FS",0,Yes
GCS_RON_QA,Unifi,JAC,vendor,3,41.66,Goal,Root/div/station/vendor,GCS_RON_QA/GCS/JAC/Unifi,1,No
GCS_RON_QA,FS,Unifi,vnd_typ,4,100.0,Goal,Root/div/station/vendor/vnd_typ,GCS_RON_QA/GCS/JAC/Unifi/FS,0,Yes
GCS_RON_QA,JAN,GCS,station,2,0.49,Goal,Root/div/station,GCS_RON_QA/GCS/JAN,2,No
GCS_RON_QA,",null,",JAN,vendor,3,10.13,Goal,Root/div/station/vendor,"GCS_RON_QA/GCS/JAN/,null,",1,No
GCS_RON_QA,Blended,",null,",vnd_typ,4,100.0,Goal,Root/div/station/vendor/vnd_typ,"GCS_RON_QA/GCS/JAN/,null,/Blended",0,Yes
GCS_RON_QA,GAT,JAN,vendor,3,89.87,Goal,Root/div/station/vendor,GCS_RON_QA/GCS/JAN/GAT,1,No
GCS_RON_QA,Blended,GAT,vnd_typ,4,100.0,Goal,Root/div/station/vendor/vnd_typ,GCS_RON_QA/GCS/JAN/GAT/Blended,0,Yes
GCS_RON_QA,JAX,GCS,station,2,0.25,Goal,Root/div/station,GCS_RON_QA/GCS/JAX,2,No
GCS_RON_QA,",null,",JAX,vendor,3,38.88,Goal,Root/div/station/vendor,"GCS_RON_QA/GCS/JAX/,null,",1,No
GCS_RON_QA,Blended,",null,",vnd_typ,4,100.0,Goal,Root/div/station/vendor/vnd_typ,"GCS_RON_QA/GCS/JAX/,null,/Blended",0,Yes
GCS_RON_QA,Unifi,JAX,vendor,3,61.12,Goal,Root/div/station/vendor,GCS_RON_QA/GCS/JAX/Unifi,1,No
GCS_RON_QA,Blended,Unifi,vnd_typ,4,100.0,Goal,Root/div/station/vendor/vnd_typ,GCS_RON_QA/GCS/JAX/Unifi/Blended,0,Yes
GCS_RON_QA,JFK,GCS,station,2,0.31,Goal,Root/div/station,GCS_RON_QA/GCS/JFK,2,No
GCS_RON_QA,",null,",JFK,vendor,3,92.6,Goal,Root/div/station/vendor,"GCS_RON_QA/GCS/JFK/,null,",1,No
GCS_RON_QA,Cabin,",null,",vnd_typ,4,100.0,Goal,Root/div/station/vendor/vnd_typ,"GCS_RON_QA/GCS/JFK/,null,/Cabin",0,Yes
GCS_RON_QA,Unifi,JFK,vendor,3,7.4,Goal,Root/div/station/vendor,GCS_RON_QA/GCS/JFK/Unifi,1,No
GCS_RON_QA,Cabin,Unifi,vnd_typ,4,100.0,Goal,Root/div/station/vendor/vnd_typ,GCS_RON_QA/GCS/JFK/Unifi/Cabin,0,Yes
GCS_RON_QA,JNB,GCS,station,2,0.19,Goal,Root/div/station,GCS_RON_QA/GCS/JNB,2,No
GCS_RON_QA,",null,",JNB,vendor,3,65.93,Goal,Root/div/station/vendor,"GCS_RON_QA/GCS/JNB/,null,",1,No
GCS_RON_QA,",null,",",null,",vnd_typ,4,100.0,Goal,Root/div/station/vendor/vnd_typ,"GCS_RON_QA/GCS/JNB/,null,/,null,",0,Yes
GCS_RON_QA,Colossal,JNB,vendor,3,34.07,Goal,Root/div/station/vendor,GCS_RON_QA/GCS/JNB/Colossal,1,No
GCS_RON_QA,",null,",Colossal,vnd_typ,4,100.0,Goal,Root/div/station/vendor/vnd_typ,"GCS_RON_QA/GCS/JNB/Colossal/,null,",0,Yes
GCS_RON_QA,JNU,GCS,station,2,0.21,Goal,Root/div/station,GCS_RON_QA/GCS/JNU,1,No
GCS_RON_QA,Unifi,JNU,vendor,3,100.0,Goal,Root/div/station/vendor,GCS_RON_QA/GCS/JNU/Unifi,1,No
GCS_RON_QA,FS,Unifi,vnd_typ,4,100.0,Goal,Root/div/station/vendor/vnd_typ,GCS_RON_QA/GCS/JNU/Unifi/FS,0,Yes
GCS_RON_QA,KEF,GCS,station,2,0.08,Goal,Root/div/station,GCS_RON_QA/GCS/KEF,1,No
GCS_RON_QA,Airport Associates,KEF,vendor,3,100.0,Goal,Root/div/station/vendor,GCS_RON_QA/GCS/KEF/Airport Associates,1,No
GCS_RON_QA,",null,",Airport Associates,vnd_typ,4,100.0,Goal,Root/div/station/vendor/vnd_typ,"GCS_RON_QA/GCS/KEF/Airport Associates/,null,",0,Yes
GCS_RON_QA,KIN,GCS,station,2,0.31,Goal,Root/div/station,GCS_RON_QA/GCS/KIN,2,No
GCS_RON_QA,",null,",KIN,vendor,3,51.16,Goal,Root/div/station/vendor,"GCS_RON_QA/GCS/KIN/,null,",1,No
GCS_RON_QA,",null,",",null,",vnd_typ,4,100.0,Goal,Root/div/station/vendor/vnd_typ,"GCS_RON_QA/GCS/KIN/,null,/,null,",0,Yes
GCS_RON_QA,Menzies Aviation,KIN,vendor,3,48.84,Goal,Root/div/station/vendor,GCS_RON_QA/GCS/KIN/Menzies Aviation,1,No
GCS_RON_QA,",null,",Menzies Aviation,vnd_typ,4,100.0,Goal,Root/div/station/vendor/vnd_typ,"GCS_RON_QA/GCS/KIN/Menzies Aviation/,null,",0,Yes
GCS_RON_QA,KOA,GCS,station,2,0.01,Goal,Root/div/station,GCS_RON_QA/GCS/KOA,2,No
GCS_RON_QA,",null,",KOA,vendor,3,76.15,Goal,Root/div/station/vendor,"GCS_RON_QA/GCS/KOA/,null,",1,No
GCS_RON_QA,Blended,",null,",vnd_typ,4,100.0,Goal,Root/div/station/vendor/vnd_typ,"GCS_RON_QA/GCS/KOA/,null,/Blended",0,Yes
GCS_RON_QA,Unifi,KOA,vendor,3,23.85,Goal,Root/div/station/vendor,GCS_RON_QA/GCS/KOA/Unifi,1,No
GCS_RON_QA,Blended,Unifi,vnd_typ,4,100.0,Goal,Root/div/station/vendor/vnd_typ,GCS_RON_QA/GCS/KOA/Unifi/Blended,0,Yes
GCS_RON_QA,LAN,GCS,station,2,0.28,Goal,Root/div/station,GCS_RON_QA/GCS/LAN,2,No
GCS_RON_QA,",null,",LAN,vendor,3,38.57,Goal,Root/div/station/vendor,"GCS_RON_QA/GCS/LAN/,null,",1,No
GCS_RON_QA,FS,",null,",vnd_typ,4,100.0,Goal,Root/div/station/vendor/vnd_typ,"GCS_RON_QA/GCS/LAN/,null,/FS",0,Yes
GCS_RON_QA,Unifi,LAN,vendor,3,61.43,Goal,Root/div/station/vendor,GCS_RON_QA/GCS/LAN/Unifi,1,No
GCS_RON_QA,FS,Unifi,vnd_typ,4,100.0,Goal,Root/div/station/vendor/vnd_typ,GCS_RON_QA/GCS/LAN/Unifi/FS,0,Yes
GCS_RON_QA,LAS,GCS,station,2,0.45,Goal,Root/div/station,GCS_RON_QA/GCS/LAS,2,No
GCS_RON_QA,",null,",LAS,vendor,3,25.97,Goal,Root/div/station/vendor,"GCS_RON_QA/GCS/LAS/,null,",1,No
GCS_RON_QA,Cabin,",null,",vnd_typ,4,100.0,Goal,Root/div/station/vendor/vnd_typ,"GCS_RON_QA/GCS/LAS/,null,/Cabin",0,Yes
GCS_RON_QA,Unifi,LAS,vendor,3,74.03,Goal,Root/div/station/vendor,GCS_RON_QA/GCS/LAS/Unifi,1,No
GCS_RON_QA,Cabin,Unifi,vnd_typ,4,100.0,Goal,Root/div/station/vendor/vnd_typ,GCS_RON_QA/GCS/LAS/Unifi/Cabin,0,Yes
GCS_RON_QA,LAX,GCS,station,2,0.17,Goal,Root/div/station,GCS_RON_QA/GCS/LAX,2,No
GCS_RON_QA,",null,",LAX,vendor,3,38.24,Goal,Root/div/station/vendor,"GCS_RON_QA/GCS/LAX/,null,",1,No
GCS_RON_QA,Cabin,",null,",vnd_typ,4,100.0,Goal,Root/div/station/vendor/vnd_typ,"GCS_RON_QA/GCS/LAX/,null,/Cabin",0,Yes
GCS_RON_QA,Unifi,LAX,vendor,3,61.76,Goal,Root/div/station/vendor,GCS_RON_QA/GCS/LAX/Unifi,1,No
GCS_RON_QA,Cabin,Unifi,vnd_typ,4,100.0,Goal,Root/div/station/vendor/vnd_typ,GCS_RON_QA/GCS/LAX/Unifi/Cabin,0,Yes
GCS_RON_QA,LEX,GCS,station,2,0.21,Goal,Root/div/station,GCS_RON_QA/GCS/LEX,2,No
GCS_RON_QA,",null,",LEX,vendor,3,63.43,Goal,Root/div/station/vendor,"GCS_RON_QA/GCS/LEX/,null,",1,No
GCS_RON_QA,Blended,",null,",vnd_typ,4,100.0,Goal,Root/div/station/vendor/vnd_typ,"GCS_RON_QA/GCS/LEX/,null,/Blended",0,Yes
GCS_RON_QA,Unifi,LEX,vendor,3,36.57,Goal,Root/div/station/vendor,GCS_RON_QA/GCS/LEX/Unifi,1,No
GCS_RON_QA,Blended,Unifi,vnd_typ,4,100.0,Goal,Root/div/station/vendor/vnd_typ,GCS_RON_QA/GCS/LEX/Unifi/Blended,0,Yes
GCS_RON_QA,LFT,GCS,station,2,0.17,Goal,Root/div/station,GCS_RON_QA/GCS/LFT,2,No
GCS_RON_QA,",null,",LFT,vendor,3,39.82,Goal,Root/div/station/vendor,"GCS_RON_QA/GCS/LFT/,null,",1,No
GCS_RON_QA,FS,",null,",vnd_typ,4,100.0,Goal,Root/div/station/vendor/vnd_typ,"GCS_RON_QA/GCS/LFT/,null,/FS",0,Yes
GCS_RON_QA,Unifi,LFT,vendor,3,60.18,Goal,Root/div/station/vendor,GCS_RON_QA/GCS/LFT/Unifi,1,No
GCS_RON_QA,FS,Unifi,vnd_typ,4,100.0,Goal,Root/div/station/vendor/vnd_typ,GCS_RON_QA/GCS/LFT/Unifi/FS,0,Yes
GCS_RON_QA,LGA,GCS,station,2,0.15,Goal,Root/div/station,GCS_RON_QA/GCS/LGA,3,No
GCS_RON_QA,",null,",LGA,vendor,3,7.71,Goal,Root/div/station/vendor,"GCS_RON_QA/GCS/LGA/,null,",1,No
GCS_RON_QA,Cabin,",null,",vnd_typ,4,100.0,Goal,Root/div/station/vendor/vnd_typ,"GCS_RON_QA/GCS/LGA/,null,/Cabin",0,Yes
GCS_RON_QA,G2,LGA,vendor,3,46.36,Goal,Root/div/station/vendor,GCS_RON_QA/GCS/LGA/G2,1,No
GCS_RON_QA,Cabin,G2,vnd_typ,4,100.0,Goal,Root/div/station/vendor/vnd_typ,GCS_RON_QA/GCS/LGA/G2/Cabin,0,Yes
GCS_RON_QA,Menzies Aviation,LGA,vendor,3,45.93,Goal,Root/div/station/vendor,GCS_RON_QA/GCS/LGA/Menzies Aviation,1,No
GCS_RON_QA,Cabin,Menzies Aviation,vnd_typ,4,100.0,Goal,Root/div/station/vendor/vnd_typ,GCS_RON_QA/GCS/LGA/Menzies Aviation/Cabin,0,Yes
GCS_RON_QA,LGB,GCS,station,2,0.25,Goal,Root/div/station,GCS_RON_QA/GCS/LGB,2,No
GCS_RON_QA,",null,",LGB,vendor,3,44.9,Goal,Root/div/station/vendor,"GCS_RON_QA/GCS/LGB/,null,",1,No
GCS_RON_QA,FS,",null,",vnd_typ,4,100.0,Goal,Root/div/station/vendor/vnd_typ,"GCS_RON_QA/GCS/LGB/,null,/FS",0,Yes
GCS_RON_QA,Unifi,LGB,vendor,3,55.1,Goal,Root/div/station/vendor,GCS_RON_QA/GCS/LGB/Unifi,1,No
GCS_RON_QA,FS,Unifi,vnd_typ,4,100.0,Goal,Root/div/station/vendor/vnd_typ,GCS_RON_QA/GCS/LGB/Unifi/FS,0,Yes
GCS_RON_QA,LGW,GCS,station,2,0.2,Goal,Root/div/station,GCS_RON_QA/GCS/LGW,1,No
GCS_RON_QA,Red Handling UK,LGW,vendor,3,100.0,Goal,Root/div/station/vendor,GCS_RON_QA/GCS/LGW/Red Handling UK,1,No
GCS_RON_QA,",null,",Red Handling UK,vnd_typ,4,100.0,Goal,Root/div/station/vendor/vnd_typ,"GCS_RON_QA/GCS/LGW/Red Handling UK/,null,",0,Yes
GCS_RON_QA,LHR,GCS,station,2,0.02,Goal,Root/div/station,GCS_RON_QA/GCS/LHR,2,No
GCS_RON_QA,",null,",LHR,vendor,3,64.04,Goal,Root/div/station/vendor,"GCS_RON_QA/GCS/LHR/,null,",1,No
GCS_RON_QA,",null,",",null,",vnd_typ,4,100.0,Goal,Root/div/station/vendor/vnd_typ,"GCS_RON_QA/GCS/LHR/,null,/,null,",0,Yes
GCS_RON_QA,ABM,LHR,vendor,3,35.96,Goal,Root/div/station/vendor,GCS_RON_QA/GCS/LHR/ABM,1,No
GCS_RON_QA,",null,",ABM,vnd_typ,4,100.0,Goal,Root/div/station/vendor/vnd_typ,"GCS_RON_QA/GCS/LHR/ABM/,null,",0,Yes
GCS_RON_QA,LIH,GCS,station,2,0.12,Goal,Root/div/station,GCS_RON_QA/GCS/LIH,2,No
GCS_RON_QA,",null,",LIH,vendor,3,49.63,Goal,Root/div/station/vendor,"GCS_RON_QA/GCS/LIH/,null,",1,No
GCS_RON_QA,Blended,",null,",vnd_typ,4,100.0,Goal,Root/div/station/vendor/vnd_typ,"GCS_RON_QA/GCS/LIH/,null,/Blended",0,Yes
GCS_RON_QA,Unifi,LIH,vendor,3,50.37,Goal,Root/div/station/vendor,GCS_RON_QA/GCS/LIH/Unifi,1,No
GCS_RON_QA,Blended,Unifi,vnd_typ,4,100.0,Goal,Root/div/station/vendor/vnd_typ,GCS_RON_QA/GCS/LIH/Unifi/Blended,0,Yes
GCS_RON_QA,LIM,GCS,station,2,0.08,Goal,Root/div/station,GCS_RON_QA/GCS/LIM,2,No
GCS_RON_QA,",null,",LIM,vendor,3,74.49,Goal,Root/div/station/vendor,"GCS_RON_QA/GCS/LIM/,null,",1,No
GCS_RON_QA,",null,",",null,",vnd_typ,4,100.0,Goal,Root/div/station/vendor/vnd_typ,"GCS_RON_QA/GCS/LIM/,null,/,null,",0,Yes
GCS_RON_QA,Talma,LIM,vendor,3,25.51,Goal,Root/div/station/vendor,GCS_RON_QA/GCS/LIM/Talma,1,No
GCS_RON_QA,",null,",Talma,vnd_typ,4,100.0,Goal,Root/div/station/vendor/vnd_typ,"GCS_RON_QA/GCS/LIM/Talma/,null,",0,Yes
GCS_RON_QA,LIR,GCS,station,2,0.43,Goal,Root/div/station,GCS_RON_QA/GCS/LIR,2,No
GCS_RON_QA,",null,",LIR,vendor,3,82.55,Goal,Root/div/station/vendor,"GCS_RON_QA/GCS/LIR/,null,",1,No
GCS_RON_QA,",null,",",null,",vnd_typ,4,100.0,Goal,Root/div/station/vendor/vnd_typ,"GCS_RON_QA/GCS/LIR/,null,/,null,",0,Yes
GCS_RON_QA,Aero Sphere A.S. Handling,LIR,vendor,3,17.45,Goal,Root/div/station/vendor,GCS_RON_QA/GCS/LIR/Aero Sphere A.S. Handling,1,No
GCS_RON_QA,",null,",Aero Sphere A.S. Handling,vnd_typ,4,100.0,Goal,Root/div/station/vendor/vnd_typ,"GCS_RON_QA/GCS/LIR/Aero Sphere A.S. Handling/,null,",0,Yes
GCS_RON_QA,LIS,GCS,station,2,0.36,Goal,Root/div/station,GCS_RON_QA/GCS/LIS,2,No
GCS_RON_QA,",null,",LIS,vendor,3,38.9,Goal,Root/div/station/vendor,"GCS_RON_QA/GCS/LIS/,null,",1,No
GCS_RON_QA,",null,",",null,",vnd_typ,4,100.0,Goal,Root/div/station/vendor/vnd_typ,"GCS_RON_QA/GCS/LIS/,null,/,null,",0,Yes
GCS_RON_QA,Groundforce,LIS,vendor,3,61.1,Goal,Root/div/station/vendor,GCS_RON_QA/GCS/LIS/Groundforce,1,No
GCS_RON_QA,",null,",Groundforce,vnd_typ,4,100.0,Goal,Root/div/station/vendor/vnd_typ,"GCS_RON_QA/GCS/LIS/Groundforce/,null,",0,Yes
GCS_RON_QA,LIT,GCS,station,2,0.07,Goal,Root/div/station,GCS_RON_QA/GCS/LIT,2,No
GCS_RON_QA,",null,",LIT,vendor,3,63.97,Goal,Root/div/station/vendor,"GCS_RON_QA/GCS/LIT/,null,",1,No
GCS_RON_QA,Blended,",null,",vnd_typ,4,100.0,Goal,Root/div/station/vendor/vnd_typ,"GCS_RON_QA/GCS/LIT/,null,/Blended",0,Yes
GCS_RON_QA,Unifi,LIT,vendor,3,36.03,Goal,Root/div/station/vendor,GCS_RON_QA/GCS/LIT/Unifi,1,No
GCS_RON_QA,Blended,Unifi,vnd_typ,4,100.0,Goal,Root/div/station/vendor/vnd_typ,GCS_RON_QA/GCS/LIT/Unifi/Blended,0,Yes
GCS_RON_QA,LOS,GCS,station,2,0.14,Goal,Root/div/station,GCS_RON_QA/GCS/LOS,2,No
GCS_RON_QA,",null,",LOS,vendor,3,9.76,Goal,Root/div/station/vendor,"GCS_RON_QA/GCS/LOS/,null,",1,No
GCS_RON_QA,",null,",",null,",vnd_typ,4,100.0,Goal,Root/div/station/vendor/vnd_typ,"GCS_RON_QA/GCS/LOS/,null,/,null,",0,Yes
GCS_RON_QA,NAHCo,LOS,vendor,3,90.24,Goal,Root/div/station/vendor,GCS_RON_QA/GCS/LOS/NAHCo,1,No
GCS_RON_QA,",null,",NAHCo,vnd_typ,4,100.0,Goal,Root/div/station/vendor/vnd_typ,"GCS_RON_QA/GCS/LOS/NAHCo/,null,",0,Yes
GCS_RON_QA,LWS,GCS,station,2,0.43,Goal,Root/div/station,GCS_RON_QA/GCS/LWS,2,No
GCS_RON_QA,",null,",LWS,vendor,3,30.13,Goal,Root/div/station/vendor,"GCS_RON_QA/GCS/LWS/,null,",1,No
GCS_RON_QA,FS,",null,",vnd_typ,4,100.0,Goal,Root/div/station/vendor/vnd_typ,"GCS_RON_QA/GCS/LWS/,null,/FS",0,Yes
GCS_RON_QA,SkyWest,LWS,vendor,3,69.87,Goal,Root/div/station/vendor,GCS_RON_QA/GCS/LWS/SkyWest,1,No
GCS_RON_QA,FS,SkyWest,vnd_typ,4,100.0,Goal,Root/div/station/vendor/vnd_typ,GCS_RON_QA/GCS/LWS/SkyWest/FS,0,Yes
GCS_RON_QA,MAD,GCS,station,2,0.17,Goal,Root/div/station,GCS_RON_QA/GCS/MAD,2,No
GCS_RON_QA,",null,",MAD,vendor,3,50.97,Goal,Root/div/station/vendor,"GCS_RON_QA/GCS/MAD/,null,",1,No
GCS_RON_QA,",null,",",null,",vnd_typ,4,100.0,Goal,Root/div/station/vendor/vnd_typ,"GCS_RON_QA/GCS/MAD/,null,/,null,",0,Yes
GCS_RON_QA,GROUNDFORCE MAD 2023 UTE,MAD,vendor,3,49.03,Goal,Root/div/station/vendor,GCS_RON_QA/GCS/MAD/GROUNDFORCE MAD 2023 UTE,1,No
GCS_RON_QA,",null,",GROUNDFORCE MAD 2023 UTE,vnd_typ,4,100.0,Goal,Root/div/station/vendor/vnd_typ,"GCS_RON_QA/GCS/MAD/GROUNDFORCE MAD 2023 UTE/,null,",0,Yes
GCS_RON_QA,MAF,GCS,station,2,0.46,Goal,Root/div/station,GCS_RON_QA/GCS/MAF,1,No
GCS_RON_QA,HHS Aviation,MAF,vendor,3,100.0,Goal,Root/div/station/vendor,GCS_RON_QA/GCS/MAF/HHS Aviation,1,No
GCS_RON_QA,",null,",HHS Aviation,vnd_typ,4,100.0,Goal,Root/div/station/vendor/vnd_typ,"GCS_RON_QA/GCS/MAF/HHS Aviation/,null,",0,Yes
GCS_RON_QA,MBJ,GCS,station,2,0.28,Goal,Root/div/station,GCS_RON_QA/GCS/MBJ,2,No
GCS_RON_QA,",null,",MBJ,vendor,3,25.48,Goal,Root/div/station/vendor,"GCS_RON_QA/GCS/MBJ/,null,",1,No
GCS_RON_QA,",null,",",null,",vnd_typ,4,100.0,Goal,Root/div/station/vendor/vnd_typ,"GCS_RON_QA/GCS/MBJ/,null,/,null,",0,Yes
GCS_RON_QA,Menzies Aviation,MBJ,vendor,3,74.52,Goal,Root/div/station/vendor,GCS_RON_QA/GCS/MBJ/Menzies Aviation,1,No
GCS_RON_QA,",null,",Menzies Aviation,vnd_typ,4,100.0,Goal,Root/div/station/vendor/vnd_typ,"GCS_RON_QA/GCS/MBJ/Menzies Aviation/,null,",0,Yes
GCS_RON_QA,MBS,GCS,station,2,0.14,Goal,Root/div/station,GCS_RON_QA/GCS/MBS,2,No
GCS_RON_QA,",null,",MBS,vendor,3,47.28,Goal,Root/div/station/vendor,"GCS_RON_QA/GCS/MBS/,null,",1,No
GCS_RON_QA,FS,",null,",vnd_typ,4,100.0,Goal,Root/div/station/vendor/vnd_typ,"GCS_RON_QA/GCS/MBS/,null,/FS",0,Yes
GCS_RON_QA,Unifi,MBS,vendor,3,52.72,Goal,Root/div/station/vendor,GCS_RON_QA/GCS/MBS/Unifi,1,No
GCS_RON_QA,FS,Unifi,vnd_typ,4,100.0,Goal,Root/div/station/vendor/vnd_typ,GCS_RON_QA/GCS/MBS/Unifi/FS,0,Yes
GCS_RON_QA,MCI,GCS,station,2,0.01,Goal,Root/div/station,GCS_RON_QA/GCS/MCI,2,No
GCS_RON_QA,",null,",MCI,vendor,3,70.84,Goal,Root/div/station/vendor,"GCS_RON_QA/GCS/MCI/,null,",1,No
GCS_RON_QA,Cabin,",null,",vnd_typ,4,100.0,Goal,Root/div/station/vendor/vnd_typ,"GCS_RON_QA/GCS/MCI/,null,/Cabin",0,Yes
GCS_RON_QA,Unifi,MCI,vendor,3,29.16,Goal,Root/div/station/vendor,GCS_RON_QA/GCS/MCI/Unifi,1,No
GCS_RON_QA,Cabin,Unifi,vnd_typ,4,100.0,Goal,Root/div/station/vendor/vnd_typ,GCS_RON_QA/GCS/MCI/Unifi/Cabin,0,Yes
GCS_RON_QA,MCO,GCS,station,2,0.3,Goal,Root/div/station,GCS_RON_QA/GCS/MCO,2,No
GCS_RON_QA,",null,",MCO,vendor,3,69.36,Goal,Root/div/station/vendor,"GCS_RON_QA/GCS/MCO/,null,",1,No
GCS_RON_QA,Cabin,",null,",vnd_typ,4,100.0,Goal,Root/div/station/vendor/vnd_typ,"GCS_RON_QA/GCS/MCO/,null,/Cabin",0,Yes
GCS_RON_QA,Eulen,MCO,vendor,3,30.64,Goal,Root/div/station/vendor,GCS_RON_QA/GCS/MCO/Eulen,1,No
GCS_RON_QA,Cabin,Eulen,vnd_typ,4,100.0,Goal,Root/div/station/vendor/vnd_typ,GCS_RON_QA/GCS/MCO/Eulen/Cabin,0,Yes
GCS_RON_QA,MDT,GCS,station,2,0.3,Goal,Root/div/station,GCS_RON_QA/GCS/MDT,2,No
GCS_RON_QA,",null,",MDT,vendor,3,48.87,Goal,Root/div/station/vendor,"GCS_RON_QA/GCS/MDT/,null,",1,No
GCS_RON_QA,FS,",null,",vnd_typ,4,100.0,Goal,Root/div/station/vendor/vnd_typ,"GCS_RON_QA/GCS/MDT/,null,/FS",0,Yes
GCS_RON_QA,Unifi,MDT,vendor,3,51.13,Goal,Root/div/station/vendor,GCS_RON_QA/GCS/MDT/Unifi,1,No
GCS_RON_QA,FS,Unifi,vnd_typ,4,100.0,Goal,Root/div/station/vendor/vnd_typ,GCS_RON_QA/GCS/MDT/Unifi/FS,0,Yes
GCS_RON_QA,MDW,GCS,station,2,0.24,Goal,Root/div/station,GCS_RON_QA/GCS/MDW,3,No
GCS_RON_QA,",null,",MDW,vendor,3,47.27,Goal,Root/div/station/vendor,"GCS_RON_QA/GCS/MDW/,null,",1,No
GCS_RON_QA,Cabin,",null,",vnd_typ,4,100.0,Goal,Root/div/station/vendor/vnd_typ,"GCS_RON_QA/GCS/MDW/,null,/Cabin",0,Yes
GCS_RON_QA,Prospect,MDW,vendor,3,13.47,Goal,Root/div/station/vendor,GCS_RON_QA/GCS/MDW/Prospect,1,No
GCS_RON_QA,Cabin,Prospect,vnd_typ,4,100.0,Goal,Root/div/station/vendor/vnd_typ,GCS_RON_QA/GCS/MDW/Prospect/Cabin,0,Yes
GCS_RON_QA,Unifi,MDW,vendor,3,39.26,Goal,Root/div/station/vendor,GCS_RON_QA/GCS/MDW/Unifi,1,No
GCS_RON_QA,Cabin,Unifi,vnd_typ,4,100.0,Goal,Root/div/station/vendor/vnd_typ,GCS_RON_QA/GCS/MDW/Unifi/Cabin,0,Yes
GCS_RON_QA,MEL,GCS,station,2,0.45,Goal,Root/div/station,GCS_RON_QA/GCS/MEL,1,No
GCS_RON_QA,",null,",MEL,vendor,3,100.0,Goal,Root/div/station/vendor,"GCS_RON_QA/GCS/MEL/,null,",1,No
GCS_RON_QA,",null,",",null,",vnd_typ,4,100.0,Goal,Root/div/station/vendor/vnd_typ,"GCS_RON_QA/GCS/MEL/,null,/,null,",0,Yes
GCS_RON_QA,MEM,GCS,station,2,0.16,Goal,Root/div/station,GCS_RON_QA/GCS/MEM,2,No
GCS_RON_QA,",null,",MEM,vendor,3,87.13,Goal,Root/div/station/vendor,"GCS_RON_QA/GCS/MEM/,null,",1,No
GCS_RON_QA,Cabin,",null,",vnd_typ,4,100.0,Goal,Root/div/station/vendor/vnd_typ,"GCS_RON_QA/GCS/MEM/,null,/Cabin",0,Yes
GCS_RON_QA,Unifi,MEM,vendor,3,12.87,Goal,Root/div/station/vendor,GCS_RON_QA/GCS/MEM/Unifi,1,No
GCS_RON_QA,Cabin,Unifi,vnd_typ,4,100.0,Goal,Root/div/station/vendor/vnd_typ,GCS_RON_QA/GCS/MEM/Unifi/Cabin,0,Yes
GCS_RON_QA,MEX,GCS,station,2,0.27,Goal,Root/div/station,GCS_RON_QA/GCS/MEX,2,No
GCS_RON_QA,",null,",MEX,vendor,3,5.91,Goal,Root/div/station/vendor,"GCS_RON_QA/GCS/MEX/,null,",1,No
GCS_RON_QA,",null,",",null,",vnd_typ,4,100.0,Goal,Root/div/station/vendor/vnd_typ,"GCS_RON_QA/GCS/MEX/,null,/,null,",0,Yes
GCS_RON_QA,Menzies Aviation,MEX,vendor,3,94.09,Goal,Root/div/station/vendor,GCS_RON_QA/GCS/MEX/Menzies Aviation,1,No
GCS_RON_QA,",null,",Menzies Aviation,vnd_typ,4,100.0,Goal,Root/div/station/vendor/vnd_typ,"GCS_RON_QA/GCS/MEX/Menzies Aviation/,null,",0,Yes
GCS_RON_QA,MFE,GCS,station,2,0.14,Goal,Root/div/station,GCS_RON_QA/GCS/MFE,2,No
GCS_RON_QA,",null,",MFE,vendor,3,58.37,Goal,Root/div/station/vendor,"GCS_RON_QA/GCS/MFE/,null,",1,No
GCS_RON_QA,FS,",null,",vnd_typ,4,100.0,Goal,Root/div/station/vendor/vnd_typ,"GCS_RON_QA/GCS/MFE/,null,/FS",0,Yes
GCS_RON_QA,PrimeFlight,MFE,vendor,3,41.63,Goal,Root/div/station/vendor,GCS_RON_QA/GCS/MFE/PrimeFlight,1,No
GCS_RON_QA,FS,PrimeFlight,vnd_typ,4,100.0,Goal,Root/div/station/vendor/vnd_typ,GCS_RON_QA/GCS/MFE/PrimeFlight/FS,0,Yes
GCS_RON_QA,MFR,GCS,station,2,0.31,Goal,Root/div/station,GCS_RON_QA/GCS/MFR,2,No
GCS_RON_QA,",null,",MFR,vendor,3,33.65,Goal,Root/div/station/vendor,"GCS_RON_QA/GCS/MFR/,null,",1,No
GCS_RON_QA,FS,",null,",vnd_typ,4,100.0,Goal,Root/div/station/vendor/vnd_typ,"GCS_RON_QA/GCS/MFR/,null,/FS",0,Yes
GCS_RON_QA,Unifi,MFR,vendor,3,66.35,Goal,Root/div/station/vendor,GCS_RON_QA/GCS/MFR/Unifi,1,No
GCS_RON_QA,FS,Unifi,vnd_typ,4,100.0,Goal,Root/div/station/vendor/vnd_typ,GCS_RON_QA/GCS/MFR/Unifi/FS,0,Yes
GCS_RON_QA,MGM,GCS,station,2,0.3,Goal,Root/div/station,GCS_RON_QA/GCS/MGM,2,No
GCS_RON_QA,",null,",MGM,vendor,3,89.24,Goal,Root/div/station/vendor,"GCS_RON_QA/GCS/MGM/,null,",1,No
GCS_RON_QA,FS,",null,",vnd_typ,4,100.0,Goal,Root/div/station/vendor/vnd_typ,"GCS_RON_QA/GCS/MGM/,null,/FS",0,Yes
GCS_RON_QA,Unifi,MGM,vendor,3,10.76,Goal,Root/div/station/vendor,GCS_RON_QA/GCS/MGM/Unifi,1,No
GCS_RON_QA,FS,Unifi,vnd_typ,4,100.0,Goal,Root/div/station/vendor/vnd_typ,GCS_RON_QA/GCS/MGM/Unifi/FS,0,Yes
GCS_RON_QA,MHH,GCS,station,2,0.07,Goal,Root/div/station,GCS_RON_QA/GCS/MHH,2,No
GCS_RON_QA,",null,",MHH,vendor,3,91.13,Goal,Root/div/station/vendor,"GCS_RON_QA/GCS/MHH/,null,",1,No
GCS_RON_QA,",null,",",null,",vnd_typ,4,100.0,Goal,Root/div/station/vendor/vnd_typ,"GCS_RON_QA/GCS/MHH/,null,/,null,",0,Yes
GCS_RON_QA,Omega Aviation,MHH,vendor,3,8.87,Goal,Root/div/station/vendor,GCS_RON_QA/GCS/MHH/Omega Aviation,1,No
GCS_RON_QA,",null,",Omega Aviation,vnd_typ,4,100.0,Goal,Root/div/station/vendor/vnd_typ,"GCS_RON_QA/GCS/MHH/Omega Aviation/,null,",0,Yes
GCS_RON_QA,MIA,GCS,station,2,0.21,Goal,Root/div/station,GCS_RON_QA/GCS/MIA,2,No
GCS_RON_QA,",null,",MIA,vendor,3,35.94,Goal,Root/div/station/vendor,"GCS_RON_QA/GCS/MIA/,null,",1,No
GCS_RON_QA,Cabin,",null,",vnd_typ,4,100.0,Goal,Root/div/station/vendor/vnd_typ,"GCS_RON_QA/GCS/MIA/,null,/Cabin",0,Yes
GCS_RON_QA,Eulen,MIA,vendor,3,64.06,Goal,Root/div/station/vendor,GCS_RON_QA/GCS/MIA/Eulen,1,No
GCS_RON_QA,Cabin,Eulen,vnd_typ,4,100.0,Goal,Root/div/station/vendor/vnd_typ,GCS_RON_QA/GCS/MIA/Eulen/Cabin,0,Yes
GCS_RON_QA,MKE,GCS,station,2,0.26,Goal,Root/div/station,GCS_RON_QA/GCS/MKE,3,No
GCS_RON_QA,",null,",MKE,vendor,3,41.36,Goal,Root/div/station/vendor,"GCS_RON_QA/GCS/MKE/,null,",1,No
GCS_RON_QA,Cabin,",null,",vnd_typ,4,100.0,Goal,Root/div/station/vendor/vnd_typ,"GCS_RON_QA/GCS/MKE/,null,/Cabin",0,Yes
GCS_RON_QA,Prospect,MKE,vendor,3,25.22,Goal,Root/div/station/vendor,GCS_RON_QA/GCS/MKE/Prospect,1,No
GCS_RON_QA,Cabin,Prospect,vnd_typ,4,100.0,Goal,Root/div/station/vendor/vnd_typ,GCS_RON_QA/GCS/MKE/Prospect/Cabin,0,Yes
GCS_RON_QA,Unifi,MKE,vendor,3,33.419999999999995,Goal,Root/div/station/vendor,GCS_RON_QA/GCS/MKE/Unifi,1,No
GCS_RON_QA,Cabin,Unifi,vnd_typ,4,100.0,Goal,Root/div/station/vendor/vnd_typ,GCS_RON_QA/GCS/MKE/Unifi/Cabin,0,Yes
GCS_RON_QA,MLA,GCS,station,2,0.45,Goal,Root/div/station,GCS_RON_QA/GCS/MLA,1,No
GCS_RON_QA,Aviaserve Ltd.,MLA,vendor,3,100.0,Goal,Root/div/station/vendor,GCS_RON_QA/GCS/MLA/Aviaserve Ltd.,1,No
GCS_RON_QA,",null,",Aviaserve Ltd.,vnd_typ,4,100.0,Goal,Root/div/station/vendor/vnd_typ,"GCS_RON_QA/GCS/MLA/Aviaserve Ltd./,null,",0,Yes
GCS_RON_QA,MLB,GCS,station,2,0.22,Goal,Root/div/station,GCS_RON_QA/GCS/MLB,2,No
GCS_RON_QA,",null,",MLB,vendor,3,50.69,Goal,Root/div/station/vendor,"GCS_RON_QA/GCS/MLB/,null,",1,No
GCS_RON_QA,Blended,",null,",vnd_typ,4,100.0,Goal,Root/div/station/vendor/vnd_typ,"GCS_RON_QA/GCS/MLB/,null,/Blended",0,Yes
GCS_RON_QA,CITY OF MELBOURNE,MLB,vendor,3,49.31,Goal,Root/div/station/vendor,GCS_RON_QA/GCS/MLB/CITY OF MELBOURNE,1,No
GCS_RON_QA,Blended,CITY OF MELBOURNE,vnd_typ,4,100.0,Goal,Root/div/station/vendor/vnd_typ,GCS_RON_QA/GCS/MLB/CITY OF MELBOURNE/Blended,0,Yes
GCS_RON_QA,MLI,GCS,station,2,0.24,Goal,Root/div/station,GCS_RON_QA/GCS/MLI,2,No
GCS_RON_QA,",null,",MLI,vendor,3,64.1,Goal,Root/div/station/vendor,"GCS_RON_QA/GCS/MLI/,null,",1,No
GCS_RON_QA,FS,",null,",vnd_typ,4,100.0,Goal,Root/div/station/vendor/vnd_typ,"GCS_RON_QA/GCS/MLI/,null,/FS",0,Yes
GCS_RON_QA,Unifi,MLI,vendor,3,35.9,Goal,Root/div/station/vendor,GCS_RON_QA/GCS/MLI/Unifi,1,No
GCS_RON_QA,FS,Unifi,vnd_typ,4,100.0,Goal,Root/div/station/vendor/vnd_typ,GCS_RON_QA/GCS/MLI/Unifi/FS,0,Yes
GCS_RON_QA,MLU,GCS,station,2,0.33,Goal,Root/div/station,GCS_RON_QA/GCS/MLU,2,No
GCS_RON_QA,",null,",MLU,vendor,3,77.13,Goal,Root/div/station/vendor,"GCS_RON_QA/GCS/MLU/,null,",1,No
GCS_RON_QA,FS,",null,",vnd_typ,4,100.0,Goal,Root/div/station/vendor/vnd_typ,"GCS_RON_QA/GCS/MLU/,null,/FS",0,Yes
GCS_RON_QA,Unifi,MLU,vendor,3,22.87,Goal,Root/div/station/vendor,GCS_RON_QA/GCS/MLU/Unifi,1,No
GCS_RON_QA,FS,Unifi,vnd_typ,4,100.0,Goal,Root/div/station/vendor/vnd_typ,GCS_RON_QA/GCS/MLU/Unifi/FS,0,Yes
GCS_RON_QA,MOB,GCS,station,2,0.34,Goal,Root/div/station,GCS_RON_QA/GCS/MOB,2,No
GCS_RON_QA,",null,",MOB,vendor,3,46.65,Goal,Root/div/station/vendor,"GCS_RON_QA/GCS/MOB/,null,",1,No
GCS_RON_QA,Blended,",null,",vnd_typ,4,100.0,Goal,Root/div/station/vendor/vnd_typ,"GCS_RON_QA/GCS/MOB/,null,/Blended",0,Yes
GCS_RON_QA,GAT,MOB,vendor,3,53.35,Goal,Root/div/station/vendor,GCS_RON_QA/GCS/MOB/GAT,1,No
GCS_RON_QA,Blended,GAT,vnd_typ,4,100.0,Goal,Root/div/station/vendor/vnd_typ,GCS_RON_QA/GCS/MOB/GAT/Blended,0,Yes
GCS_RON_QA,MOT,GCS,station,2,0.38,Goal,Root/div/station,GCS_RON_QA/GCS/MOT,2,No
GCS_RON_QA,",null,",MOT,vendor,3,10.11,Goal,Root/div/station/vendor,"GCS_RON_QA/GCS/MOT/,null,",1,No
GCS_RON_QA,FS,",null,",vnd_typ,4,100.0,Goal,Root/div/station/vendor/vnd_typ,"GCS_RON_QA/GCS/MOT/,null,/FS",0,Yes
GCS_RON_QA,Unifi,MOT,vendor,3,89.89,Goal,Root/div/station/vendor,GCS_RON_QA/GCS/MOT/Unifi,1,No
GCS_RON_QA,FS,Unifi,vnd_typ,4,100.0,Goal,Root/div/station/vendor/vnd_typ,GCS_RON_QA/GCS/MOT/Unifi/FS,0,Yes
GCS_RON_QA,MQT,GCS,station,2,0.08,Goal,Root/div/station,GCS_RON_QA/GCS/MQT,2,No
GCS_RON_QA,",null,",MQT,vendor,3,21.65,Goal,Root/div/station/vendor,"GCS_RON_QA/GCS/MQT/,null,",1,No
GCS_RON_QA,FS,",null,",vnd_typ,4,100.0,Goal,Root/div/station/vendor/vnd_typ,"GCS_RON_QA/GCS/MQT/,null,/FS",0,Yes
GCS_RON_QA,SkyWest,MQT,vendor,3,78.35,Goal,Root/div/station/vendor,GCS_RON_QA/GCS/MQT/SkyWest,1,No
GCS_RON_QA,FS,SkyWest,vnd_typ,4,100.0,Goal,Root/div/station/vendor/vnd_typ,GCS_RON_QA/GCS/MQT/SkyWest/FS,0,Yes
GCS_RON_QA,MSN,GCS,station,2,0.16,Goal,Root/div/station,GCS_RON_QA/GCS/MSN,2,No
GCS_RON_QA,",null,",MSN,vendor,3,90.81,Goal,Root/div/station/vendor,"GCS_RON_QA/GCS/MSN/,null,",1,No
GCS_RON_QA,Cabin,",null,",vnd_typ,4,100.0,Goal,Root/div/station/vendor/vnd_typ,"GCS_RON_QA/GCS/MSN/,null,/Cabin",0,Yes
GCS_RON_QA,Menzies Aviation,MSN,vendor,3,9.19,Goal,Root/div/station/vendor,GCS_RON_QA/GCS/MSN/Menzies Aviation,1,No
GCS_RON_QA,Cabin,Menzies Aviation,vnd_typ,4,100.0,Goal,Root/div/station/vendor/vnd_typ,GCS_RON_QA/GCS/MSN/Menzies Aviation/Cabin,0,Yes
GCS_RON_QA,MSO,GCS,station,2,0.45,Goal,Root/div/station,GCS_RON_QA/GCS/MSO,2,No
GCS_RON_QA,",null,",MSO,vendor,3,71.03,Goal,Root/div/station/vendor,"GCS_RON_QA/GCS/MSO/,null,",1,No
GCS_RON_QA,FS,",null,",vnd_typ,4,100.0,Goal,Root/div/station/vendor/vnd_typ,"GCS_RON_QA/GCS/MSO/,null,/FS",0,Yes
GCS_RON_QA,Unifi,MSO,vendor,3,28.97,Goal,Root/div/station/vendor,GCS_RON_QA/GCS/MSO/Unifi,1,No
GCS_RON_QA,FS,Unifi,vnd_typ,4,100.0,Goal,Root/div/station/vendor/vnd_typ,GCS_RON_QA/GCS/MSO/Unifi/FS,0,Yes
GCS_RON_QA,MSP,GCS,station,2,0.13,Goal,Root/div/station,GCS_RON_QA/GCS/MSP,2,No
GCS_RON_QA,",null,",MSP,vendor,3,23.94,Goal,Root/div/station/vendor,"GCS_RON_QA/GCS/MSP/,null,",1,No
GCS_RON_QA,Cabin,",null,",vnd_typ,4,100.0,Goal,Root/div/station/vendor/vnd_typ,"GCS_RON_QA/GCS/MSP/,null,/Cabin",0,Yes
GCS_RON_QA,Unifi,MSP,vendor,3,76.06,Goal,Root/div/station/vendor,GCS_RON_QA/GCS/MSP/Unifi,1,No
GCS_RON_QA,Cabin,Unifi,vnd_typ,4,100.0,Goal,Root/div/station/vendor/vnd_typ,GCS_RON_QA/GCS/MSP/Unifi/Cabin,0,Yes
GCS_RON_QA,MSY,GCS,station,2,0.09,Goal,Root/div/station,GCS_RON_QA/GCS/MSY,2,No
GCS_RON_QA,",null,",MSY,vendor,3,2.88,Goal,Root/div/station/vendor,"GCS_RON_QA/GCS/MSY/,null,",1,No
GCS_RON_QA,Cabin,",null,",vnd_typ,4,100.0,Goal,Root/div/station/vendor/vnd_typ,"GCS_RON_QA/GCS/MSY/,null,/Cabin",0,Yes
GCS_RON_QA,GAT,MSY,vendor,3,97.12,Goal,Root/div/station/vendor,GCS_RON_QA/GCS/MSY/GAT,1,No
GCS_RON_QA,Cabin,GAT,vnd_typ,4,100.0,Goal,Root/div/station/vendor/vnd_typ,GCS_RON_QA/GCS/MSY/GAT/Cabin,0,Yes
GCS_RON_QA,MTJ,GCS,station,2,0.17,Goal,Root/div/station,GCS_RON_QA/GCS/MTJ,2,No
GCS_RON_QA,",null,",MTJ,vendor,3,14.65,Goal,Root/div/station/vendor,"GCS_RON_QA/GCS/MTJ/,null,",1,No
GCS_RON_QA,FS,",null,",vnd_typ,4,100.0,Goal,Root/div/station/vendor/vnd_typ,"GCS_RON_QA/GCS/MTJ/,null,/FS",0,Yes
GCS_RON_QA,Menzies Aviation,MTJ,vendor,3,85.35,Goal,Root/div/station/vendor,GCS_RON_QA/GCS/MTJ/Menzies Aviation,1,No
GCS_RON_QA,FS,Menzies Aviation,vnd_typ,4,100.0,Goal,Root/div/station/vendor/vnd_typ,GCS_RON_QA/GCS/MTJ/Menzies Aviation/FS,0,Yes
GCS_RON_QA,MTY,GCS,station,2,0.06,Goal,Root/div/station,GCS_RON_QA/GCS/MTY,3,No
GCS_RON_QA,",null,",MTY,vendor,3,32.3,Goal,Root/div/station/vendor,"GCS_RON_QA/GCS/MTY/,null,",1,No
GCS_RON_QA,",null,",",null,",vnd_typ,4,100.0,Goal,Root/div/station/vendor/vnd_typ,"GCS_RON_QA/GCS/MTY/,null,/,null,",0,Yes
GCS_RON_QA,"AVEESPRESS, S.A. DE C.V.",MTY,vendor,3,63.9,Goal,Root/div/station/vendor,"GCS_RON_QA/GCS/MTY/AVEESPRESS, S.A. DE C.V.",1,No
GCS_RON_QA,",null,","AVEESPRESS, S.A. DE C.V.",vnd_typ,4,100.0,Goal,Root/div/station/vendor/vnd_typ,"GCS_RON_QA/GCS/MTY/AVEESPRESS, S.A. DE C.V./,null,",0,Yes
GCS_RON_QA,Menzies Aviation,MTY,vendor,3,3.8000000000000003,Goal,Root/div/station/vendor,GCS_RON_QA/GCS/MTY/Menzies Aviation,1,No
GCS_RON_QA,",null,",Menzies Aviation,vnd_typ,4,100.0,Goal,Root/div/station/vendor/vnd_typ,"GCS_RON_QA/GCS/MTY/Menzies Aviation/,null,",0,Yes
GCS_RON_QA,MUC,GCS,station,2,0.44,Goal,Root/div/station,GCS_RON_QA/GCS/MUC,2,No
GCS_RON_QA,",null,",MUC,vendor,3,35.54,Goal,Root/div/station/vendor,"GCS_RON_QA/GCS/MUC/,null,",1,No
GCS_RON_QA,",null,",",null,",vnd_typ,4,100.0,Goal,Root/div/station/vendor/vnd_typ,"GCS_RON_QA/GCS/MUC/,null,/,null,",0,Yes
GCS_RON_QA,AeroGround,MUC,vendor,3,64.46,Goal,Root/div/station/vendor,GCS_RON_QA/GCS/MUC/AeroGround,1,No
GCS_RON_QA,",null,",AeroGround,vnd_typ,4,100.0,Goal,Root/div/station/vendor/vnd_typ,"GCS_RON_QA/GCS/MUC/AeroGround/,null,",0,Yes
GCS_RON_QA,MVY,GCS,station,2,0.37,Goal,Root/div/station,GCS_RON_QA/GCS/MVY,1,No
GCS_RON_QA,Unifi,MVY,vendor,3,100.0,Goal,Root/div/station/vendor,GCS_RON_QA/GCS/MVY/Unifi,1,No
GCS_RON_QA,FS,Unifi,vnd_typ,4,100.0,Goal,Root/div/station/vendor/vnd_typ,GCS_RON_QA/GCS/MVY/Unifi/FS,0,Yes
GCS_RON_QA,MXP,GCS,station,2,0.05,Goal,Root/div/station,GCS_RON_QA/GCS/MXP,2,No
GCS_RON_QA,",null,",MXP,vendor,3,94.39,Goal,Root/div/station/vendor,"GCS_RON_QA/GCS/MXP/,null,",1,No
GCS_RON_QA,",null,",",null,",vnd_typ,4,100.0,Goal,Root/div/station/vendor/vnd_typ,"GCS_RON_QA/GCS/MXP/,null,/,null,",0,Yes
GCS_RON_QA,Airport Handling SpA,MXP,vendor,3,5.61,Goal,Root/div/station/vendor,GCS_RON_QA/GCS/MXP/Airport Handling SpA,1,No
GCS_RON_QA,",null,",Airport Handling SpA,vnd_typ,4,100.0,Goal,Root/div/station/vendor/vnd_typ,"GCS_RON_QA/GCS/MXP/Airport Handling SpA/,null,",0,Yes
GCS_RON_QA,MYR,GCS,station,2,0.44,Goal,Root/div/station,GCS_RON_QA/GCS/MYR,2,No
GCS_RON_QA,",null,",MYR,vendor,3,48.6,Goal,Root/div/station/vendor,"GCS_RON_QA/GCS/MYR/,null,",1,No
GCS_RON_QA,FS,",null,",vnd_typ,4,100.0,Goal,Root/div/station/vendor/vnd_typ,"GCS_RON_QA/GCS/MYR/,null,/FS",0,Yes
GCS_RON_QA,Unifi,MYR,vendor,3,51.4,Goal,Root/div/station/vendor,GCS_RON_QA/GCS/MYR/Unifi,1,No
GCS_RON_QA,FS,Unifi,vnd_typ,4,100.0,Goal,Root/div/station/vendor/vnd_typ,GCS_RON_QA/GCS/MYR/Unifi/FS,0,Yes
GCS_RON_QA,MZT,GCS,station,2,0.24,Goal,Root/div/station,GCS_RON_QA/GCS/MZT,2,No
GCS_RON_QA,",null,",MZT,vendor,3,26.66,Goal,Root/div/station/vendor,"GCS_RON_QA/GCS/MZT/,null,",1,No
GCS_RON_QA,",null,",",null,",vnd_typ,4,100.0,Goal,Root/div/station/vendor/vnd_typ,"GCS_RON_QA/GCS/MZT/,null,/,null,",0,Yes
GCS_RON_QA,"AVEESPRESS, S.A. DE C.V.",MZT,vendor,3,73.34,Goal,Root/div/station/vendor,"GCS_RON_QA/GCS/MZT/AVEESPRESS, S.A. DE C.V.",1,No
GCS_RON_QA,",null,","AVEESPRESS, S.A. DE C.V.",vnd_typ,4,100.0,Goal,Root/div/station/vendor/vnd_typ,"GCS_RON_QA/GCS/MZT/AVEESPRESS, S.A. DE C.V./,null,",0,Yes
GCS_RON_QA,NAP,GCS,station,2,0.35,Goal,Root/div/station,GCS_RON_QA/GCS/NAP,1,No
GCS_RON_QA,GH Napoli,NAP,vendor,3,100.0,Goal,Root/div/station/vendor,GCS_RON_QA/GCS/NAP/GH Napoli,1,No
GCS_RON_QA,",null,",GH Napoli,vnd_typ,4,100.0,Goal,Root/div/station/vendor/vnd_typ,"GCS_RON_QA/GCS/NAP/GH Napoli/,null,",0,Yes
GCS_RON_QA,NAS,GCS,station,2,0.32,Goal,Root/div/station,GCS_RON_QA/GCS/NAS,2,No
GCS_RON_QA,",null,",NAS,vendor,3,20.02,Goal,Root/div/station/vendor,"GCS_RON_QA/GCS/NAS/,null,",1,No
GCS_RON_QA,",null,",",null,",vnd_typ,4,100.0,Goal,Root/div/station/vendor/vnd_typ,"GCS_RON_QA/GCS/NAS/,null,/,null,",0,Yes
GCS_RON_QA,Delta,NAS,vendor,3,79.98,Goal,Root/div/station/vendor,GCS_RON_QA/GCS/NAS/Delta,1,No
GCS_RON_QA,",null,",Delta,vnd_typ,4,100.0,Goal,Root/div/station/vendor/vnd_typ,"GCS_RON_QA/GCS/NAS/Delta/,null,",0,Yes
GCS_RON_QA,NCE,GCS,station,2,0.3,Goal,Root/div/station,GCS_RON_QA/GCS/NCE,1,No
GCS_RON_QA,AviaPartner,NCE,vendor,3,100.0,Goal,Root/div/station/vendor,GCS_RON_QA/GCS/NCE/AviaPartner,1,No
GCS_RON_QA,",null,",AviaPartner,vnd_typ,4,100.0,Goal,Root/div/station/vendor/vnd_typ,"GCS_RON_QA/GCS/NCE/AviaPartner/,null,",0,Yes
GCS_RON_QA,OAJ,GCS,station,2,0.13,Goal,Root/div/station,GCS_RON_QA/GCS/OAJ,2,No
GCS_RON_QA,",null,",OAJ,vendor,3,59.86,Goal,Root/div/station/vendor,"GCS_RON_QA/GCS/OAJ/,null,",1,No
GCS_RON_QA,FS,",null,",vnd_typ,4,100.0,Goal,Root/div/station/vendor/vnd_typ,"GCS_RON_QA/GCS/OAJ/,null,/FS",0,Yes
GCS_RON_QA,Unifi,OAJ,vendor,3,40.14,Goal,Root/div/station/vendor,GCS_RON_QA/GCS/OAJ/Unifi,1,No
GCS_RON_QA,FS,Unifi,vnd_typ,4,100.0,Goal,Root/div/station/vendor/vnd_typ,GCS_RON_QA/GCS/OAJ/Unifi/FS,0,Yes
GCS_RON_QA,OAK,GCS,station,2,0.31,Goal,Root/div/station,GCS_RON_QA/GCS/OAK,2,No
GCS_RON_QA,",null,",OAK,vendor,3,66.88,Goal,Root/div/station/vendor,"GCS_RON_QA/GCS/OAK/,null,",1,No
GCS_RON_QA,FS,",null,",vnd_typ,4,100.0,Goal,Root/div/station/vendor/vnd_typ,"GCS_RON_QA/GCS/OAK/,null,/FS",0,Yes
GCS_RON_QA,Unifi,OAK,vendor,3,33.12,Goal,Root/div/station/vendor,GCS_RON_QA/GCS/OAK/Unifi,1,No
GCS_RON_QA,FS,Unifi,vnd_typ,4,100.0,Goal,Root/div/station/vendor/vnd_typ,GCS_RON_QA/GCS/OAK/Unifi/FS,0,Yes
GCS_RON_QA,OGG,GCS,station,2,0.05,Goal,Root/div/station,GCS_RON_QA/GCS/OGG,2,No
GCS_RON_QA,",null,",OGG,vendor,3,51.35,Goal,Root/div/station/vendor,"GCS_RON_QA/GCS/OGG/,null,",1,No
GCS_RON_QA,Blended,",null,",vnd_typ,4,100.0,Goal,Root/div/station/vendor/vnd_typ,"GCS_RON_QA/GCS/OGG/,null,/Blended",0,Yes
GCS_RON_QA,Unifi,OGG,vendor,3,48.65,Goal,Root/div/station/vendor,GCS_RON_QA/GCS/OGG/Unifi,1,No
GCS_RON_QA,Blended,Unifi,vnd_typ,4,100.0,Goal,Root/div/station/vendor/vnd_typ,GCS_RON_QA/GCS/OGG/Unifi/Blended,0,Yes
GCS_RON_QA,OKC,GCS,station,2,0.14,Goal,Root/div/station,GCS_RON_QA/GCS/OKC,2,No
GCS_RON_QA,",null,",OKC,vendor,3,24.66,Goal,Root/div/station/vendor,"GCS_RON_QA/GCS/OKC/,null,",1,No
GCS_RON_QA,Blended,",null,",vnd_typ,4,100.0,Goal,Root/div/station/vendor/vnd_typ,"GCS_RON_QA/GCS/OKC/,null,/Blended",0,Yes
GCS_RON_QA,US Aviation,OKC,vendor,3,75.34,Goal,Root/div/station/vendor,GCS_RON_QA/GCS/OKC/US Aviation,1,No
GCS_RON_QA,Blended,US Aviation,vnd_typ,4,100.0,Goal,Root/div/station/vendor/vnd_typ,GCS_RON_QA/GCS/OKC/US Aviation/Blended,0,Yes
GCS_RON_QA,OLB,GCS,station,2,0.18,Goal,Root/div/station,GCS_RON_QA/GCS/OLB,1,No
GCS_RON_QA,Geasar SpA,OLB,vendor,3,100.0,Goal,Root/div/station/vendor,GCS_RON_QA/GCS/OLB/Geasar SpA,1,No
GCS_RON_QA,",null,",Geasar SpA,vnd_typ,4,100.0,Goal,Root/div/station/vendor/vnd_typ,"GCS_RON_QA/GCS/OLB/Geasar SpA/,null,",0,Yes
GCS_RON_QA,OMA,GCS,station,2,0.4,Goal,Root/div/station,GCS_RON_QA/GCS/OMA,2,No
GCS_RON_QA,",null,",OMA,vendor,3,64.67,Goal,Root/div/station/vendor,"GCS_RON_QA/GCS/OMA/,null,",1,No
GCS_RON_QA,FS,",null,",vnd_typ,4,100.0,Goal,Root/div/station/vendor/vnd_typ,"GCS_RON_QA/GCS/OMA/,null,/FS",0,Yes
GCS_RON_QA,Unifi,OMA,vendor,3,35.33,Goal,Root/div/station/vendor,GCS_RON_QA/GCS/OMA/Unifi,1,No
GCS_RON_QA,FS,Unifi,vnd_typ,4,100.0,Goal,Root/div/station/vendor/vnd_typ,GCS_RON_QA/GCS/OMA/Unifi/FS,0,Yes
GCS_RON_QA,ONT,GCS,station,2,0.28,Goal,Root/div/station,GCS_RON_QA/GCS/ONT,2,No
GCS_RON_QA,",null,",ONT,vendor,3,37.19,Goal,Root/div/station/vendor,"GCS_RON_QA/GCS/ONT/,null,",1,No
GCS_RON_QA,Blended,",null,",vnd_typ,4,100.0,Goal,Root/div/station/vendor/vnd_typ,"GCS_RON_QA/GCS/ONT/,null,/Blended",0,Yes
GCS_RON_QA,US Aviation,ONT,vendor,3,62.81,Goal,Root/div/station/vendor,GCS_RON_QA/GCS/ONT/US Aviation,1,No
GCS_RON_QA,Blended,US Aviation,vnd_typ,4,100.0,Goal,Root/div/station/vendor/vnd_typ,GCS_RON_QA/GCS/ONT/US Aviation/Blended,0,Yes
GCS_RON_QA,OPO,GCS,station,2,0.03,Goal,Root/div/station,GCS_RON_QA/GCS/OPO,1,No
GCS_RON_QA,Portway,OPO,vendor,3,100.0,Goal,Root/div/station/vendor,GCS_RON_QA/GCS/OPO/Portway,1,No
GCS_RON_QA,",null,",Portway,vnd_typ,4,100.0,Goal,Root/div/station/vendor/vnd_typ,"GCS_RON_QA/GCS/OPO/Portway/,null,",0,Yes
GCS_RON_QA,ORD,GCS,station,2,0.37,Goal,Root/div/station,GCS_RON_QA/GCS/ORD,3,No
GCS_RON_QA,",null,",ORD,vendor,3,15.01,Goal,Root/div/station/vendor,"GCS_RON_QA/GCS/ORD/,null,",1,No
GCS_RON_QA,Cabin,",null,",vnd_typ,4,100.0,Goal,Root/div/station/vendor/vnd_typ,"GCS_RON_QA/GCS/ORD/,null,/Cabin",0,Yes
GCS_RON_QA,Prospect,ORD,vendor,3,39.24,Goal,Root/div/station/vendor,GCS_RON_QA/GCS/ORD/Prospect,1,No
GCS_RON_QA,Cabin,Prospect,vnd_typ,4,100.0,Goal,Root/div/station/vendor/vnd_typ,GCS_RON_QA/GCS/ORD/Prospect/Cabin,0,Yes
GCS_RON_QA,Unifi,ORD,vendor,3,45.75,Goal,Root/div/station/vendor,GCS_RON_QA/GCS/ORD/Unifi,1,No
GCS_RON_QA,Cabin,Unifi,vnd_typ,4,100.0,Goal,Root/div/station/vendor/vnd_typ,GCS_RON_QA/GCS/ORD/Unifi/Cabin,0,Yes
GCS_RON_QA,ORF,GCS,station,2,0.18,Goal,Root/div/station,GCS_RON_QA/GCS/ORF,2,No
GCS_RON_QA,",null,",ORF,vendor,3,36.38,Goal,Root/div/station/vendor,"GCS_RON_QA/GCS/ORF/,null,",1,No
GCS_RON_QA,Blended,",null,",vnd_typ,4,100.0,Goal,Root/div/station/vendor/vnd_typ,"GCS_RON_QA/GCS/ORF/,null,/Blended",0,Yes
GCS_RON_QA,Unifi,ORF,vendor,3,63.62,Goal,Root/div/station/vendor,GCS_RON_QA/GCS/ORF/Unifi,1,No
GCS_RON_QA,Blended,Unifi,vnd_typ,4,100.0,Goal,Root/div/station/vendor/vnd_typ,GCS_RON_QA/GCS/ORF/Unifi/Blended,0,Yes
GCS_RON_QA,ORH,GCS,station,2,0.09,Goal,Root/div/station,GCS_RON_QA/GCS/ORH,2,No
GCS_RON_QA,",null,",ORH,vendor,3,53.68,Goal,Root/div/station/vendor,"GCS_RON_QA/GCS/ORH/,null,",1,No
GCS_RON_QA,FS,",null,",vnd_typ,4,100.0,Goal,Root/div/station/vendor/vnd_typ,"GCS_RON_QA/GCS/ORH/,null,/FS",0,Yes
GCS_RON_QA,Menzies Aviation,ORH,vendor,3,46.32,Goal,Root/div/station/vendor,GCS_RON_QA/GCS/ORH/Menzies Aviation,1,No
GCS_RON_QA,FS,Menzies Aviation,vnd_typ,4,100.0,Goal,Root/div/station/vendor/vnd_typ,GCS_RON_QA/GCS/ORH/Menzies Aviation/FS,0,Yes
GCS_RON_QA,PBI,GCS,station,2,0.48,Goal,Root/div/station,GCS_RON_QA/GCS/PBI,2,No
GCS_RON_QA,",null,",PBI,vendor,3,58.21,Goal,Root/div/station/vendor,"GCS_RON_QA/GCS/PBI/,null,",1,No
GCS_RON_QA,Blended,",null,",vnd_typ,4,100.0,Goal,Root/div/station/vendor/vnd_typ,"GCS_RON_QA/GCS/PBI/,null,/Blended",0,Yes
GCS_RON_QA,Unifi,PBI,vendor,3,41.79,Goal,Root/div/station/vendor,GCS_RON_QA/GCS/PBI/Unifi,1,No
GCS_RON_QA,Blended,Unifi,vnd_typ,4,100.0,Goal,Root/div/station/vendor/vnd_typ,GCS_RON_QA/GCS/PBI/Unifi/Blended,0,Yes
GCS_RON_QA,PDX,GCS,station,2,0.29,Goal,Root/div/station,GCS_RON_QA/GCS/PDX,3,No
GCS_RON_QA,",null,",PDX,vendor,3,62.78,Goal,Root/div/station/vendor,"GCS_RON_QA/GCS/PDX/,null,",1,No
GCS_RON_QA,Cabin,",null,",vnd_typ,4,100.0,Goal,Root/div/station/vendor/vnd_typ,"GCS_RON_QA/GCS/PDX/,null,/Cabin",0,Yes
GCS_RON_QA,G2,PDX,vendor,3,34.92,Goal,Root/div/station/vendor,GCS_RON_QA/GCS/PDX/G2,1,No
GCS_RON_QA,Cabin,G2,vnd_typ,4,100.0,Goal,Root/div/station/vendor/vnd_typ,GCS_RON_QA/GCS/PDX/G2/Cabin,0,Yes
GCS_RON_QA,Menzies Aviation,PDX,vendor,3,2.3,Goal,Root/div/station/vendor,GCS_RON_QA/GCS/PDX/Menzies Aviation,1,No
GCS_RON_QA,Cabin,Menzies Aviation,vnd_typ,4,100.0,Goal,Root/div/station/vendor/vnd_typ,GCS_RON_QA/GCS/PDX/Menzies Aviation/Cabin,0,Yes
GCS_RON_QA,PHL,GCS,station,2,0.22,Goal,Root/div/station,GCS_RON_QA/GCS/PHL,3,No
GCS_RON_QA,",null,",PHL,vendor,3,19.73,Goal,Root/div/station/vendor,"GCS_RON_QA/GCS/PHL/,null,",1,No
GCS_RON_QA,Cabin,",null,",vnd_typ,4,100.0,Goal,Root/div/station/vendor/vnd_typ,"GCS_RON_QA/GCS/PHL/,null,/Cabin",0,Yes
GCS_RON_QA,Unifi,PHL,vendor,3,44.07,Goal,Root/div/station/vendor,GCS_RON_QA/GCS/PHL/Unifi,1,No
GCS_RON_QA,Cabin,Unifi,vnd_typ,4,100.0,Goal,Root/div/station/vendor/vnd_typ,GCS_RON_QA/GCS/PHL/Unifi/Cabin,0,Yes
GCS_RON_QA,US Aviation,PHL,vendor,3,36.2,Goal,Root/div/station/vendor,GCS_RON_QA/GCS/PHL/US Aviation,1,No
GCS_RON_QA,Cabin,US Aviation,vnd_typ,4,100.0,Goal,Root/div/station/vendor/vnd_typ,GCS_RON_QA/GCS/PHL/US Aviation/Cabin,0,Yes
GCS_RON_QA,PHX,GCS,station,2,0.21,Goal,Root/div/station,GCS_RON_QA/GCS/PHX,3,No
GCS_RON_QA,",null,",PHX,vendor,3,22.22,Goal,Root/div/station/vendor,"GCS_RON_QA/GCS/PHX/,null,",1,No
GCS_RON_QA,Cabin,",null,",vnd_typ,4,100.0,Goal,Root/div/station/vendor/vnd_typ,"GCS_RON_QA/GCS/PHX/,null,/Cabin",0,Yes
GCS_RON_QA,Prospect,PHX,vendor,3,64.1,Goal,Root/div/station/vendor,GCS_RON_QA/GCS/PHX/Prospect,1,No
GCS_RON_QA,Cabin,Prospect,vnd_typ,4,100.0,Goal,Root/div/station/vendor/vnd_typ,GCS_RON_QA/GCS/PHX/Prospect/Cabin,0,Yes
GCS_RON_QA,Unifi,PHX,vendor,3,13.68,Goal,Root/div/station/vendor,GCS_RON_QA/GCS/PHX/Unifi,1,No
GCS_RON_QA,Cabin,Unifi,vnd_typ,4,100.0,Goal,Root/div/station/vendor/vnd_typ,GCS_RON_QA/GCS/PHX/Unifi/Cabin,0,Yes
GCS_RON_QA,PIH,GCS,station,2,0.13,Goal,Root/div/station,GCS_RON_QA/GCS/PIH,2,No
GCS_RON_QA,",null,",PIH,vendor,3,45.62,Goal,Root/div/station/vendor,"GCS_RON_QA/GCS/PIH/,null,",1,No
GCS_RON_QA,FS,",null,",vnd_typ,4,100.0,Goal,Root/div/station/vendor/vnd_typ,"GCS_RON_QA/GCS/PIH/,null,/FS",0,Yes
GCS_RON_QA,SkyWest,PIH,vendor,3,54.38,Goal,Root/div/station/vendor,GCS_RON_QA/GCS/PIH/SkyWest,1,No
GCS_RON_QA,FS,SkyWest,vnd_typ,4,100.0,Goal,Root/div/station/vendor/vnd_typ,GCS_RON_QA/GCS/PIH/SkyWest/FS,0,Yes
GCS_RON_QA,PIT,GCS,station,2,0.1,Goal,Root/div/station,GCS_RON_QA/GCS/PIT,2,No
GCS_RON_QA,",null,",PIT,vendor,3,59.6,Goal,Root/div/station/vendor,"GCS_RON_QA/GCS/PIT/,null,",1,No
GCS_RON_QA,Blended,",null,",vnd_typ,4,100.0,Goal,Root/div/station/vendor/vnd_typ,"GCS_RON_QA/GCS/PIT/,null,/Blended",0,Yes
GCS_RON_QA,Unifi,PIT,vendor,3,40.4,Goal,Root/div/station/vendor,GCS_RON_QA/GCS/PIT/Unifi,1,No
GCS_RON_QA,Blended,Unifi,vnd_typ,4,100.0,Goal,Root/div/station/vendor/vnd_typ,GCS_RON_QA/GCS/PIT/Unifi/Blended,0,Yes
GCS_RON_QA,PLN,GCS,station,2,0.18,Goal,Root/div/station,GCS_RON_QA/GCS/PLN,2,No
GCS_RON_QA,",null,",PLN,vendor,3,17.31,Goal,Root/div/station/vendor,"GCS_RON_QA/GCS/PLN/,null,",1,No
GCS_RON_QA,FS,",null,",vnd_typ,4,100.0,Goal,Root/div/station/vendor/vnd_typ,"GCS_RON_QA/GCS/PLN/,null,/FS",0,Yes
GCS_RON_QA,Unifi,PLN,vendor,3,82.69,Goal,Root/div/station/vendor,GCS_RON_QA/GCS/PLN/Unifi,1,No
GCS_RON_QA,FS,Unifi,vnd_typ,4,100.0,Goal,Root/div/station/vendor/vnd_typ,GCS_RON_QA/GCS/PLN/Unifi/FS,0,Yes
GCS_RON_QA,PLS,GCS,station,2,0.21,Goal,Root/div/station,GCS_RON_QA/GCS/PLS,2,No
GCS_RON_QA,",null,",PLS,vendor,3,69.88,Goal,Root/div/station/vendor,"GCS_RON_QA/GCS/PLS/,null,",1,No
GCS_RON_QA,",null,",",null,",vnd_typ,4,100.0,Goal,Root/div/station/vendor/vnd_typ,"GCS_RON_QA/GCS/PLS/,null,/,null,",0,Yes
GCS_RON_QA,FlightSupport,PLS,vendor,3,30.12,Goal,Root/div/station/vendor,GCS_RON_QA/GCS/PLS/FlightSupport,1,No
GCS_RON_QA,",null,",FlightSupport,vnd_typ,4,100.0,Goal,Root/div/station/vendor/vnd_typ,"GCS_RON_QA/GCS/PLS/FlightSupport/,null,",0,Yes
GCS_RON_QA,PNS,GCS,station,2,0.04,Goal,Root/div/station,GCS_RON_QA/GCS/PNS,2,No
GCS_RON_QA,",null,",PNS,vendor,3,60.46,Goal,Root/div/station/vendor,"GCS_RON_QA/GCS/PNS/,null,",1,No
GCS_RON_QA,Blended,",null,",vnd_typ,4,100.0,Goal,Root/div/station/vendor/vnd_typ,"GCS_RON_QA/GCS/PNS/,null,/Blended",0,Yes
GCS_RON_QA,Unifi,PNS,vendor,3,39.54,Goal,Root/div/station/vendor,GCS_RON_QA/GCS/PNS/Unifi,1,No
GCS_RON_QA,Blended,Unifi,vnd_typ,4,100.0,Goal,Root/div/station/vendor/vnd_typ,GCS_RON_QA/GCS/PNS/Unifi/Blended,0,Yes
GCS_RON_QA,POP,GCS,station,2,0.36,Goal,Root/div/station,GCS_RON_QA/GCS/POP,2,No
GCS_RON_QA,",null,",POP,vendor,3,86.64,Goal,Root/div/station/vendor,"GCS_RON_QA/GCS/POP/,null,",1,No
GCS_RON_QA,",null,",",null,",vnd_typ,4,100.0,Goal,Root/div/station/vendor/vnd_typ,"GCS_RON_QA/GCS/POP/,null,/,null,",0,Yes
GCS_RON_QA,SAMSIC HANDLING DOMINICANA S.A.S,POP,vendor,3,13.36,Goal,Root/div/station/vendor,GCS_RON_QA/GCS/POP/SAMSIC HANDLING DOMINICANA S.A.S,1,No
GCS_RON_QA,",null,",SAMSIC HANDLING DOMINICANA S.A.S,vnd_typ,4,100.0,Goal,Root/div/station/vendor/vnd_typ,"GCS_RON_QA/GCS/POP/SAMSIC HANDLING DOMINICANA S.A.S/,null,",0,Yes
GCS_RON_QA,PPT,GCS,station,2,0.5,Goal,Root/div/station,GCS_RON_QA/GCS/PPT,1,No
GCS_RON_QA,Air Tahiti,PPT,vendor,3,100.0,Goal,Root/div/station/vendor,GCS_RON_QA/GCS/PPT/Air Tahiti,1,No
GCS_RON_QA,",null,",Air Tahiti,vnd_typ,4,100.0,Goal,Root/div/station/vendor/vnd_typ,"GCS_RON_QA/GCS/PPT/Air Tahiti/,null,",0,Yes
GCS_RON_QA,PRG,GCS,station,2,0.13,Goal,Root/div/station,GCS_RON_QA/GCS/PRG,1,No
GCS_RON_QA,Menzies Aviation,PRG,vendor,3,100.0,Goal,Root/div/station/vendor,GCS_RON_QA/GCS/PRG/Menzies Aviation,1,No
GCS_RON_QA,",null,",Menzies Aviation,vnd_typ,4,100.0,Goal,Root/div/station/vendor/vnd_typ,"GCS_RON_QA/GCS/PRG/Menzies Aviation/,null,",0,Yes
GCS_RON_QA,PSC,GCS,station,2,0.47,Goal,Root/div/station,GCS_RON_QA/GCS/PSC,2,No
GCS_RON_QA,",null,",PSC,vendor,3,39.65,Goal,Root/div/station/vendor,"GCS_RON_QA/GCS/PSC/,null,",1,No
GCS_RON_QA,FS,",null,",vnd_typ,4,100.0,Goal,Root/div/station/vendor/vnd_typ,"GCS_RON_QA/GCS/PSC/,null,/FS",0,Yes
GCS_RON_QA,Menzies Aviation,PSC,vendor,3,60.35,Goal,Root/div/station/vendor,GCS_RON_QA/GCS/PSC/Menzies Aviation,1,No
GCS_RON_QA,FS,Menzies Aviation,vnd_typ,4,100.0,Goal,Root/div/station/vendor/vnd_typ,GCS_RON_QA/GCS/PSC/Menzies Aviation/FS,0,Yes
GCS_RON_QA,PSP,GCS,station,2,0.2,Goal,Root/div/station,GCS_RON_QA/GCS/PSP,2,No
GCS_RON_QA,",null,",PSP,vendor,3,88.35,Goal,Root/div/station/vendor,"GCS_RON_QA/GCS/PSP/,null,",1,No
GCS_RON_QA,FS,",null,",vnd_typ,4,100.0,Goal,Root/div/station/vendor/vnd_typ,"GCS_RON_QA/GCS/PSP/,null,/FS",0,Yes
GCS_RON_QA,Unifi,PSP,vendor,3,11.65,Goal,Root/div/station/vendor,GCS_RON_QA/GCS/PSP/Unifi,1,No
GCS_RON_QA,FS,Unifi,vnd_typ,4,100.0,Goal,Root/div/station/vendor/vnd_typ,GCS_RON_QA/GCS/PSP/Unifi/FS,0,Yes
GCS_RON_QA,PTY,GCS,station,2,0.05,Goal,Root/div/station,GCS_RON_QA/GCS/PTY,2,No
GCS_RON_QA,",null,",PTY,vendor,3,24.23,Goal,Root/div/station/vendor,"GCS_RON_QA/GCS/PTY/,null,",1,No
GCS_RON_QA,",null,",",null,",vnd_typ,4,100.0,Goal,Root/div/station/vendor/vnd_typ,"GCS_RON_QA/GCS/PTY/,null,/,null,",0,Yes
GCS_RON_QA,BLAS,PTY,vendor,3,75.77,Goal,Root/div/station/vendor,GCS_RON_QA/GCS/PTY/BLAS,1,No
GCS_RON_QA,",null,",BLAS,vnd_typ,4,100.0,Goal,Root/div/station/vendor/vnd_typ,"GCS_RON_QA/GCS/PTY/BLAS/,null,",0,Yes
GCS_RON_QA,PUJ,GCS,station,2,0.19,Goal,Root/div/station,GCS_RON_QA/GCS/PUJ,2,No
GCS_RON_QA,",null,",PUJ,vendor,3,92.83,Goal,Root/div/station/vendor,"GCS_RON_QA/GCS/PUJ/,null,",1,No
GCS_RON_QA,",null,",",null,",vnd_typ,4,100.0,Goal,Root/div/station/vendor/vnd_typ,"GCS_RON_QA/GCS/PUJ/,null,/,null,",0,Yes
GCS_RON_QA,AVIAM,PUJ,vendor,3,7.17,Goal,Root/div/station/vendor,GCS_RON_QA/GCS/PUJ/AVIAM,1,No
GCS_RON_QA,",null,",AVIAM,vnd_typ,4,100.0,Goal,Root/div/station/vendor/vnd_typ,"GCS_RON_QA/GCS/PUJ/AVIAM/,null,",0,Yes
GCS_RON_QA,PVD,GCS,station,2,0.38,Goal,Root/div/station,GCS_RON_QA/GCS/PVD,2,No
GCS_RON_QA,",null,",PVD,vendor,3,37.18,Goal,Root/div/station/vendor,"GCS_RON_QA/GCS/PVD/,null,",1,No
GCS_RON_QA,Blended,",null,",vnd_typ,4,100.0,Goal,Root/div/station/vendor/vnd_typ,"GCS_RON_QA/GCS/PVD/,null,/Blended",0,Yes
GCS_RON_QA,Unifi,PVD,vendor,3,62.82,Goal,Root/div/station/vendor,GCS_RON_QA/GCS/PVD/Unifi,1,No
GCS_RON_QA,Blended,Unifi,vnd_typ,4,100.0,Goal,Root/div/station/vendor/vnd_typ,GCS_RON_QA/GCS/PVD/Unifi/Blended,0,Yes
GCS_RON_QA,PVG,GCS,station,2,0.03,Goal,Root/div/station,GCS_RON_QA/GCS/PVG,2,No
GCS_RON_QA,",null,",PVG,vendor,3,60.56,Goal,Root/div/station/vendor,"GCS_RON_QA/GCS/PVG/,null,",1,No
GCS_RON_QA,",null,",",null,",vnd_typ,4,100.0,Goal,Root/div/station/vendor/vnd_typ,"GCS_RON_QA/GCS/PVG/,null,/,null,",0,Yes
GCS_RON_QA,China Eastern,PVG,vendor,3,39.44,Goal,Root/div/station/vendor,GCS_RON_QA/GCS/PVG/China Eastern,1,No
GCS_RON_QA,",null,",China Eastern,vnd_typ,4,100.0,Goal,Root/div/station/vendor/vnd_typ,"GCS_RON_QA/GCS/PVG/China Eastern/,null,",0,Yes
GCS_RON_QA,PVR,GCS,station,2,0.0,Goal,Root/div/station,GCS_RON_QA/GCS/PVR,2,No
GCS_RON_QA,",null,",PVR,vendor,3,79.94,Goal,Root/div/station/vendor,"GCS_RON_QA/GCS/PVR/,null,",1,No
GCS_RON_QA,",null,",",null,",vnd_typ,4,100.0,Goal,Root/div/station/vendor/vnd_typ,"GCS_RON_QA/GCS/PVR/,null,/,null,",0,Yes
GCS_RON_QA,"AVEESPRESS, S.A. DE C.V.",PVR,vendor,3,20.06,Goal,Root/div/station/vendor,"GCS_RON_QA/GCS/PVR/AVEESPRESS, S.A. DE C.V.",1,No
GCS_RON_QA,",null,","AVEESPRESS, S.A. DE C.V.",vnd_typ,4,100.0,Goal,Root/div/station/vendor/vnd_typ,"GCS_RON_QA/GCS/PVR/AVEESPRESS, S.A. DE C.V./,null,",0,Yes
GCS_RON_QA,PWM,GCS,station,2,0.01,Goal,Root/div/station,GCS_RON_QA/GCS/PWM,2,No
GCS_RON_QA,",null,",PWM,vendor,3,58.52,Goal,Root/div/station/vendor,"GCS_RON_QA/GCS/PWM/,null,",1,No
GCS_RON_QA,FS,",null,",vnd_typ,4,100.0,Goal,Root/div/station/vendor/vnd_typ,"GCS_RON_QA/GCS/PWM/,null,/FS",0,Yes
GCS_RON_QA,Unifi,PWM,vendor,3,41.48,Goal,Root/div/station/vendor,GCS_RON_QA/GCS/PWM/Unifi,1,No
GCS_RON_QA,FS,Unifi,vnd_typ,4,100.0,Goal,Root/div/station/vendor/vnd_typ,GCS_RON_QA/GCS/PWM/Unifi/FS,0,Yes
GCS_RON_QA,RAK,GCS,station,2,0.34,Goal,Root/div/station,GCS_RON_QA/GCS/RAK,2,No
GCS_RON_QA,",null,",RAK,vendor,3,47.06,Goal,Root/div/station/vendor,"GCS_RON_QA/GCS/RAK/,null,",1,No
GCS_RON_QA,",null,",",null,",vnd_typ,4,100.0,Goal,Root/div/station/vendor/vnd_typ,"GCS_RON_QA/GCS/RAK/,null,/,null,",0,Yes
GCS_RON_QA,RAM Handling,RAK,vendor,3,52.94,Goal,Root/div/station/vendor,GCS_RON_QA/GCS/RAK/RAM Handling,1,No
GCS_RON_QA,",null,",RAM Handling,vnd_typ,4,100.0,Goal,Root/div/station/vendor/vnd_typ,"GCS_RON_QA/GCS/RAK/RAM Handling/,null,",0,Yes
GCS_RON_QA,RAP,GCS,station,2,0.48,Goal,Root/div/station,GCS_RON_QA/GCS/RAP,2,No
GCS_RON_QA,",null,",RAP,vendor,3,81.45,Goal,Root/div/station/vendor,"GCS_RON_QA/GCS/RAP/,null,",1,No
GCS_RON_QA,FS,",null,",vnd_typ,4,100.0,Goal,Root/div/station/vendor/vnd_typ,"GCS_RON_QA/GCS/RAP/,null,/FS",0,Yes
GCS_RON_QA,Unifi,RAP,vendor,3,18.55,Goal,Root/div/station/vendor,GCS_RON_QA/GCS/RAP/Unifi,1,No
GCS_RON_QA,FS,Unifi,vnd_typ,4,100.0,Goal,Root/div/station/vendor/vnd_typ,GCS_RON_QA/GCS/RAP/Unifi/FS,0,Yes
GCS_RON_QA,RDM,GCS,station,2,0.23,Goal,Root/div/station,GCS_RON_QA/GCS/RDM,2,No
GCS_RON_QA,",null,",RDM,vendor,3,53.27,Goal,Root/div/station/vendor,"GCS_RON_QA/GCS/RDM/,null,",1,No
GCS_RON_QA,FS,",null,",vnd_typ,4,100.0,Goal,Root/div/station/vendor/vnd_typ,"GCS_RON_QA/GCS/RDM/,null,/FS",0,Yes
GCS_RON_QA,Unifi,RDM,vendor,3,46.73,Goal,Root/div/station/vendor,GCS_RON_QA/GCS/RDM/Unifi,1,No
GCS_RON_QA,FS,Unifi,vnd_typ,4,100.0,Goal,Root/div/station/vendor/vnd_typ,GCS_RON_QA/GCS/RDM/Unifi/FS,0,Yes
GCS_RON_QA,RDU,GCS,station,2,0.02,Goal,Root/div/station,GCS_RON_QA/GCS/RDU,2,No
GCS_RON_QA,",null,",RDU,vendor,3,36.32,Goal,Root/div/station/vendor,"GCS_RON_QA/GCS/RDU/,null,",1,No
GCS_RON_QA,Cabin,",null,",vnd_typ,4,100.0,Goal,Root/div/station/vendor/vnd_typ,"GCS_RON_QA/GCS/RDU/,null,/Cabin",0,Yes
GCS_RON_QA,Unifi,RDU,vendor,3,63.68,Goal,Root/div/station/vendor,GCS_RON_QA/GCS/RDU/Unifi,1,No
GCS_RON_QA,Cabin,Unifi,vnd_typ,4,100.0,Goal,Root/div/station/vendor/vnd_typ,GCS_RON_QA/GCS/RDU/Unifi/Cabin,0,Yes
GCS_RON_QA,RHI,GCS,station,2,0.01,Goal,Root/div/station,GCS_RON_QA/GCS/RHI,2,No
GCS_RON_QA,",null,",RHI,vendor,3,66.58,Goal,Root/div/station/vendor,"GCS_RON_QA/GCS/RHI/,null,",1,No
GCS_RON_QA,FS,",null,",vnd_typ,4,100.0,Goal,Root/div/station/vendor/vnd_typ,"GCS_RON_QA/GCS/RHI/,null,/FS",0,Yes
GCS_RON_QA,Unifi,RHI,vendor,3,33.42,Goal,Root/div/station/vendor,GCS_RON_QA/GCS/RHI/Unifi,1,No
GCS_RON_QA,FS,Unifi,vnd_typ,4,100.0,Goal,Root/div/station/vendor/vnd_typ,GCS_RON_QA/GCS/RHI/Unifi/FS,0,Yes
GCS_RON_QA,RIC,GCS,station,2,0.49,Goal,Root/div/station,GCS_RON_QA/GCS/RIC,2,No
GCS_RON_QA,",null,",RIC,vendor,3,71.56,Goal,Root/div/station/vendor,"GCS_RON_QA/GCS/RIC/,null,",1,No
GCS_RON_QA,Blended,",null,",vnd_typ,4,100.0,Goal,Root/div/station/vendor/vnd_typ,"GCS_RON_QA/GCS/RIC/,null,/Blended",0,Yes
GCS_RON_QA,Unifi,RIC,vendor,3,28.44,Goal,Root/div/station/vendor,GCS_RON_QA/GCS/RIC/Unifi,1,No
GCS_RON_QA,Blended,Unifi,vnd_typ,4,100.0,Goal,Root/div/station/vendor/vnd_typ,GCS_RON_QA/GCS/RIC/Unifi/Blended,0,Yes
GCS_RON_QA,RNO,GCS,station,2,0.27,Goal,Root/div/station,GCS_RON_QA/GCS/RNO,2,No
GCS_RON_QA,",null,",RNO,vendor,3,59.96,Goal,Root/div/station/vendor,"GCS_RON_QA/GCS/RNO/,null,",1,No
GCS_RON_QA,FS,",null,",vnd_typ,4,100.0,Goal,Root/div/station/vendor/vnd_typ,"GCS_RON_QA/GCS/RNO/,null,/FS",0,Yes
GCS_RON_QA,Unifi,RNO,vendor,3,40.04,Goal,Root/div/station/vendor,GCS_RON_QA/GCS/RNO/Unifi,1,No
GCS_RON_QA,FS,Unifi,vnd_typ,4,100.0,Goal,Root/div/station/vendor/vnd_typ,GCS_RON_QA/GCS/RNO/Unifi/FS,0,Yes
GCS_RON_QA,ROA,GCS,station,2,0.04,Goal,Root/div/station,GCS_RON_QA/GCS/ROA,2,No
GCS_RON_QA,",null,",ROA,vendor,3,40.73,Goal,Root/div/station/vendor,"GCS_RON_QA/GCS/ROA/,null,",1,No
GCS_RON_QA,FS,",null,",vnd_typ,4,100.0,Goal,Root/div/station/vendor/vnd_typ,"GCS_RON_QA/GCS/ROA/,null,/FS",0,Yes
GCS_RON_QA,Unifi,ROA,vendor,3,59.27,Goal,Root/div/station/vendor,GCS_RON_QA/GCS/ROA/Unifi,1,No
GCS_RON_QA,FS,Unifi,vnd_typ,4,100.0,Goal,Root/div/station/vendor/vnd_typ,GCS_RON_QA/GCS/ROA/Unifi/FS,0,Yes
GCS_RON_QA,ROC,GCS,station,2,0.37,Goal,Root/div/station,GCS_RON_QA/GCS/ROC,2,No
GCS_RON_QA,",null,",ROC,vendor,3,59.63,Goal,Root/div/station/vendor,"GCS_RON_QA/GCS/ROC/,null,",1,No
GCS_RON_QA,FS,",null,",vnd_typ,4,100.0,Goal,Root/div/station/vendor/vnd_typ,"GCS_RON_QA/GCS/ROC/,null,/FS",0,Yes
GCS_RON_QA,Unifi,ROC,vendor,3,40.37,Goal,Root/div/station/vendor,GCS_RON_QA/GCS/ROC/Unifi,1,No
GCS_RON_QA,FS,Unifi,vnd_typ,4,100.0,Goal,Root/div/station/vendor/vnd_typ,GCS_RON_QA/GCS/ROC/Unifi/FS,0,Yes
GCS_RON_QA,RST,GCS,station,2,0.23,Goal,Root/div/station,GCS_RON_QA/GCS/RST,2,No
GCS_RON_QA,",null,",RST,vendor,3,44.2,Goal,Root/div/station/vendor,"GCS_RON_QA/GCS/RST/,null,",1,No
GCS_RON_QA,FS,",null,",vnd_typ,4,100.0,Goal,Root/div/station/vendor/vnd_typ,"GCS_RON_QA/GCS/RST/,null,/FS",0,Yes
GCS_RON_QA,Unifi,RST,vendor,3,55.8,Goal,Root/div/station/vendor,GCS_RON_QA/GCS/RST/Unifi,1,No
GCS_RON_QA,FS,Unifi,vnd_typ,4,100.0,Goal,Root/div/station/vendor/vnd_typ,GCS_RON_QA/GCS/RST/Unifi/FS,0,Yes
GCS_RON_QA,RSW,GCS,station,2,0.28,Goal,Root/div/station,GCS_RON_QA/GCS/RSW,2,No
GCS_RON_QA,",null,",RSW,vendor,3,41.73,Goal,Root/div/station/vendor,"GCS_RON_QA/GCS/RSW/,null,",1,No
GCS_RON_QA,Cabin,",null,",vnd_typ,4,100.0,Goal,Root/div/station/vendor/vnd_typ,"GCS_RON_QA/GCS/RSW/,null,/Cabin",0,Yes
GCS_RON_QA,Menzies Aviation,RSW,vendor,3,58.27,Goal,Root/div/station/vendor,GCS_RON_QA/GCS/RSW/Menzies Aviation,1,No
GCS_RON_QA,Cabin,Menzies Aviation,vnd_typ,4,100.0,Goal,Root/div/station/vendor/vnd_typ,GCS_RON_QA/GCS/RSW/Menzies Aviation/Cabin,0,Yes
GCS_RON_QA,RTB,GCS,station,2,0.33,Goal,Root/div/station,GCS_RON_QA/GCS/RTB,2,No
GCS_RON_QA,",null,",RTB,vendor,3,0.83,Goal,Root/div/station/vendor,"GCS_RON_QA/GCS/RTB/,null,",1,No
GCS_RON_QA,",null,",",null,",vnd_typ,4,100.0,Goal,Root/div/station/vendor/vnd_typ,"GCS_RON_QA/GCS/RTB/,null,/,null,",0,Yes
GCS_RON_QA,Tecnologias Unidas,RTB,vendor,3,99.17,Goal,Root/div/station/vendor,GCS_RON_QA/GCS/RTB/Tecnologias Unidas,1,No
GCS_RON_QA,",null,",Tecnologias Unidas,vnd_typ,4,100.0,Goal,Root/div/station/vendor/vnd_typ,"GCS_RON_QA/GCS/RTB/Tecnologias Unidas/,null,",0,Yes
GCS_RON_QA,SAL,GCS,station,2,0.49,Goal,Root/div/station,GCS_RON_QA/GCS/SAL,2,No
GCS_RON_QA,",null,",SAL,vendor,3,74.88,Goal,Root/div/station/vendor,"GCS_RON_QA/GCS/SAL/,null,",1,No
GCS_RON_QA,",null,",",null,",vnd_typ,4,100.0,Goal,Root/div/station/vendor/vnd_typ,"GCS_RON_QA/GCS/SAL/,null,/,null,",0,Yes
GCS_RON_QA,Air Support,SAL,vendor,3,25.12,Goal,Root/div/station/vendor,GCS_RON_QA/GCS/SAL/Air Support,1,No
GCS_RON_QA,",null,",Air Support,vnd_typ,4,100.0,Goal,Root/div/station/vendor/vnd_typ,"GCS_RON_QA/GCS/SAL/Air Support/,null,",0,Yes
GCS_RON_QA,SAN,GCS,station,2,0.25,Goal,Root/div/station,GCS_RON_QA/GCS/SAN,2,No
GCS_RON_QA,",null,",SAN,vendor,3,78.04,Goal,Root/div/station/vendor,"GCS_RON_QA/GCS/SAN/,null,",1,No
GCS_RON_QA,Blended,",null,",vnd_typ,4,100.0,Goal,Root/div/station/vendor/vnd_typ,"GCS_RON_QA/GCS/SAN/,null,/Blended",0,Yes
GCS_RON_QA,Unifi,SAN,vendor,3,21.96,Goal,Root/div/station/vendor,GCS_RON_QA/GCS/SAN/Unifi,1,No
GCS_RON_QA,Blended,Unifi,vnd_typ,4,100.0,Goal,Root/div/station/vendor/vnd_typ,GCS_RON_QA/GCS/SAN/Unifi/Blended,0,Yes
GCS_RON_QA,SAP,GCS,station,2,0.46,Goal,Root/div/station,GCS_RON_QA/GCS/SAP,2,No
GCS_RON_QA,",null,",SAP,vendor,3,7.1,Goal,Root/div/station/vendor,"GCS_RON_QA/GCS/SAP/,null,",1,No
GCS_RON_QA,",null,",",null,",vnd_typ,4,100.0,Goal,Root/div/station/vendor/vnd_typ,"GCS_RON_QA/GCS/SAP/,null,/,null,",0,Yes
GCS_RON_QA,Warren,SAP,vendor,3,92.9,Goal,Root/div/station/vendor,GCS_RON_QA/GCS/SAP/Warren,1,No
GCS_RON_QA,",null,",Warren,vnd_typ,4,100.0,Goal,Root/div/station/vendor/vnd_typ,"GCS_RON_QA/GCS/SAP/Warren/,null,",0,Yes
GCS_RON_QA,SAT,GCS,station,2,0.15,Goal,Root/div/station,GCS_RON_QA/GCS/SAT,2,No
GCS_RON_QA,",null,",SAT,vendor,3,46.12,Goal,Root/div/station/vendor,"GCS_RON_QA/GCS/SAT/,null,",1,No
GCS_RON_QA,Blended,",null,",vnd_typ,4,100.0,Goal,Root/div/station/vendor/vnd_typ,"GCS_RON_QA/GCS/SAT/,null,/Blended",0,Yes
GCS_RON_QA,Unifi,SAT,vendor,3,53.88,Goal,Root/div/station/vendor,GCS_RON_QA/GCS/SAT/Unifi,1,No
GCS_RON_QA,Blended,Unifi,vnd_typ,4,100.0,Goal,Root/div/station/vendor/vnd_typ,GCS_RON_QA/GCS/SAT/Unifi/Blended,0,Yes
GCS_RON_QA,SAV,GCS,station,2,0.22,Goal,Root/div/station,GCS_RON_QA/GCS/SAV,2,No
GCS_RON_QA,",null,",SAV,vendor,3,69.51,Goal,Root/div/station/vendor,"GCS_RON_QA/GCS/SAV/,null,",1,No
GCS_RON_QA,Blended,",null,",vnd_typ,4,100.0,Goal,Root/div/station/vendor/vnd_typ,"GCS_RON_QA/GCS/SAV/,null,/Blended",0,Yes
GCS_RON_QA,Unifi,SAV,vendor,3,30.49,Goal,Root/div/station/vendor,GCS_RON_QA/GCS/SAV/Unifi,1,No
GCS_RON_QA,Blended,Unifi,vnd_typ,4,100.0,Goal,Root/div/station/vendor/vnd_typ,GCS_RON_QA/GCS/SAV/Unifi/Blended,0,Yes
GCS_RON_QA,SBA,GCS,station,2,0.22,Goal,Root/div/station,GCS_RON_QA/GCS/SBA,2,No
GCS_RON_QA,",null,",SBA,vendor,3,53.49,Goal,Root/div/station/vendor,"GCS_RON_QA/GCS/SBA/,null,",1,No
GCS_RON_QA,FS,",null,",vnd_typ,4,100.0,Goal,Root/div/station/vendor/vnd_typ,"GCS_RON_QA/GCS/SBA/,null,/FS",0,Yes
GCS_RON_QA,Unifi,SBA,vendor,3,46.51,Goal,Root/div/station/vendor,GCS_RON_QA/GCS/SBA/Unifi,1,No
GCS_RON_QA,FS,Unifi,vnd_typ,4,100.0,Goal,Root/div/station/vendor/vnd_typ,GCS_RON_QA/GCS/SBA/Unifi/FS,0,Yes
GCS_RON_QA,SBN,GCS,station,2,0.34,Goal,Root/div/station,GCS_RON_QA/GCS/SBN,2,No
GCS_RON_QA,",null,",SBN,vendor,3,39.94,Goal,Root/div/station/vendor,"GCS_RON_QA/GCS/SBN/,null,",1,No
GCS_RON_QA,FS,",null,",vnd_typ,4,100.0,Goal,Root/div/station/vendor/vnd_typ,"GCS_RON_QA/GCS/SBN/,null,/FS",0,Yes
GCS_RON_QA,Unifi,SBN,vendor,3,60.06,Goal,Root/div/station/vendor,GCS_RON_QA/GCS/SBN/Unifi,1,No
GCS_RON_QA,FS,Unifi,vnd_typ,4,100.0,Goal,Root/div/station/vendor/vnd_typ,GCS_RON_QA/GCS/SBN/Unifi/FS,0,Yes
GCS_RON_QA,SCL,GCS,station,2,0.37,Goal,Root/div/station,GCS_RON_QA/GCS/SCL,3,No
GCS_RON_QA,",null,",SCL,vendor,3,24.54,Goal,Root/div/station/vendor,"GCS_RON_QA/GCS/SCL/,null,",1,No
GCS_RON_QA,",null,",",null,",vnd_typ,4,100.0,Goal,Root/div/station/vendor/vnd_typ,"GCS_RON_QA/GCS/SCL/,null,/,null,",0,Yes
GCS_RON_QA,Inzunza Villanueva SPA,SCL,vendor,3,65.42,Goal,Root/div/station/vendor,GCS_RON_QA/GCS/SCL/Inzunza Villanueva SPA,1,No
GCS_RON_QA,",null,",Inzunza Villanueva SPA,vnd_typ,4,100.0,Goal,Root/div/station/vendor/vnd_typ,"GCS_RON_QA/GCS/SCL/Inzunza Villanueva SPA/,null,",0,Yes
GCS_RON_QA,Multi Services Group,SCL,vendor,3,10.04,Goal,Root/div/station/vendor,GCS_RON_QA/GCS/SCL/Multi Services Group,1,No
GCS_RON_QA,",null,",Multi Services Group,vnd_typ,4,100.0,Goal,Root/div/station/vendor/vnd_typ,"GCS_RON_QA/GCS/SCL/Multi Services Group/,null,",0,Yes
GCS_RON_QA,SDF,GCS,station,2,0.23,Goal,Root/div/station,GCS_RON_QA/GCS/SDF,2,No
GCS_RON_QA,",null,",SDF,vendor,3,3.86,Goal,Root/div/station/vendor,"GCS_RON_QA/GCS/SDF/,null,",1,No
GCS_RON_QA,Blended,",null,",vnd_typ,4,100.0,Goal,Root/div/station/vendor/vnd_typ,"GCS_RON_QA/GCS/SDF/,null,/Blended",0,Yes
GCS_RON_QA,Unifi,SDF,vendor,3,96.14,Goal,Root/div/station/vendor,GCS_RON_QA/GCS/SDF/Unifi,1,No
GCS_RON_QA,Blended,Unifi,vnd_typ,4,100.0,Goal,Root/div/station/vendor/vnd_typ,GCS_RON_QA/GCS/SDF/Unifi/Blended,0,Yes
GCS_RON_QA,SDQ,GCS,station,2,0.01,Goal,Root/div/station,GCS_RON_QA/GCS/SDQ,2,No
GCS_RON_QA,",null,",SDQ,vendor,3,69.09,Goal,Root/div/station/vendor,"GCS_RON_QA/GCS/SDQ/,null,",1,No
GCS_RON_QA,",null,",",null,",vnd_typ,4,100.0,Goal,Root/div/station/vendor/vnd_typ,"GCS_RON_QA/GCS/SDQ/,null,/,null,",0,Yes
GCS_RON_QA,SAMSIC HANDLING DOMINICANA S.A.S,SDQ,vendor,3,30.91,Goal,Root/div/station/vendor,GCS_RON_QA/GCS/SDQ/SAMSIC HANDLING DOMINICANA S.A.S,1,No
GCS_RON_QA,",null,",SAMSIC HANDLING DOMINICANA S.A.S,vnd_typ,4,100.0,Goal,Root/div/station/vendor/vnd_typ,"GCS_RON_QA/GCS/SDQ/SAMSIC HANDLING DOMINICANA S.A.S/,null,",0,Yes
GCS_RON_QA,SEA,GCS,station,2,0.26,Goal,Root/div/station,GCS_RON_QA/GCS/SEA,2,No
GCS_RON_QA,",null,",SEA,vendor,3,57.69,Goal,Root/div/station/vendor,"GCS_RON_QA/GCS/SEA/,null,",1,No
GCS_RON_QA,Cabin,",null,",vnd_typ,4,100.0,Goal,Root/div/station/vendor/vnd_typ,"GCS_RON_QA/GCS/SEA/,null,/Cabin",0,Yes
GCS_RON_QA,Unifi,SEA,vendor,3,42.31,Goal,Root/div/station/vendor,GCS_RON_QA/GCS/SEA/Unifi,1,No
GCS_RON_QA,Cabin,Unifi,vnd_typ,4,100.0,Goal,Root/div/station/vendor/vnd_typ,GCS_RON_QA/GCS/SEA/Unifi/Cabin,0,Yes
GCS_RON_QA,SFO,GCS,station,2,0.08,Goal,Root/div/station,GCS_RON_QA/GCS/SFO,2,No
GCS_RON_QA,",null,",SFO,vendor,3,26.55,Goal,Root/div/station/vendor,"GCS_RON_QA/GCS/SFO/,null,",1,No
GCS_RON_QA,Cabin,",null,",vnd_typ,4,100.0,Goal,Root/div/station/vendor/vnd_typ,"GCS_RON_QA/GCS/SFO/,null,/Cabin",0,Yes
GCS_RON_QA,Menzies Aviation,SFO,vendor,3,73.45,Goal,Root/div/station/vendor,GCS_RON_QA/GCS/SFO/Menzies Aviation,1,No
GCS_RON_QA,Cabin,Menzies Aviation,vnd_typ,4,100.0,Goal,Root/div/station/vendor/vnd_typ,GCS_RON_QA/GCS/SFO/Menzies Aviation/Cabin,0,Yes
GCS_RON_QA,SGF,GCS,station,2,0.41,Goal,Root/div/station,GCS_RON_QA/GCS/SGF,2,No
GCS_RON_QA,",null,",SGF,vendor,3,23.22,Goal,Root/div/station/vendor,"GCS_RON_QA/GCS/SGF/,null,",1,No
GCS_RON_QA,FS,",null,",vnd_typ,4,100.0,Goal,Root/div/station/vendor/vnd_typ,"GCS_RON_QA/GCS/SGF/,null,/FS",0,Yes
GCS_RON_QA,Unifi,SGF,vendor,3,76.78,Goal,Root/div/station/vendor,GCS_RON_QA/GCS/SGF/Unifi,1,No
GCS_RON_QA,FS,Unifi,vnd_typ,4,100.0,Goal,Root/div/station/vendor/vnd_typ,GCS_RON_QA/GCS/SGF/Unifi/FS,0,Yes
GCS_RON_QA,SGU,GCS,station,2,0.18,Goal,Root/div/station,GCS_RON_QA/GCS/SGU,2,No
GCS_RON_QA,",null,",SGU,vendor,3,55.74,Goal,Root/div/station/vendor,"GCS_RON_QA/GCS/SGU/,null,",1,No
GCS_RON_QA,FS,",null,",vnd_typ,4,100.0,Goal,Root/div/station/vendor/vnd_typ,"GCS_RON_QA/GCS/SGU/,null,/FS",0,Yes
GCS_RON_QA,SkyWest,SGU,vendor,3,44.26,Goal,Root/div/station/vendor,GCS_RON_QA/GCS/SGU/SkyWest,1,No
GCS_RON_QA,FS,SkyWest,vnd_typ,4,100.0,Goal,Root/div/station/vendor/vnd_typ,GCS_RON_QA/GCS/SGU/SkyWest/FS,0,Yes
GCS_RON_QA,SHV,GCS,station,2,0.13,Goal,Root/div/station,GCS_RON_QA/GCS/SHV,2,No
GCS_RON_QA,",null,",SHV,vendor,3,43.05,Goal,Root/div/station/vendor,"GCS_RON_QA/GCS/SHV/,null,",1,No
GCS_RON_QA,FS,",null,",vnd_typ,4,100.0,Goal,Root/div/station/vendor/vnd_typ,"GCS_RON_QA/GCS/SHV/,null,/FS",0,Yes
GCS_RON_QA,Unifi,SHV,vendor,3,56.95,Goal,Root/div/station/vendor,GCS_RON_QA/GCS/SHV/Unifi,1,No
GCS_RON_QA,FS,Unifi,vnd_typ,4,100.0,Goal,Root/div/station/vendor/vnd_typ,GCS_RON_QA/GCS/SHV/Unifi/FS,0,Yes
GCS_RON_QA,SJC,GCS,station,2,0.41,Goal,Root/div/station,GCS_RON_QA/GCS/SJC,2,No
GCS_RON_QA,",null,",SJC,vendor,3,34.84,Goal,Root/div/station/vendor,"GCS_RON_QA/GCS/SJC/,null,",1,No
GCS_RON_QA,Blended,",null,",vnd_typ,4,100.0,Goal,Root/div/station/vendor/vnd_typ,"GCS_RON_QA/GCS/SJC/,null,/Blended",0,Yes
GCS_RON_QA,Unifi,SJC,vendor,3,65.16,Goal,Root/div/station/vendor,GCS_RON_QA/GCS/SJC/Unifi,1,No
GCS_RON_QA,Blended,Unifi,vnd_typ,4,100.0,Goal,Root/div/station/vendor/vnd_typ,GCS_RON_QA/GCS/SJC/Unifi/Blended,0,Yes
GCS_RON_QA,SJD,GCS,station,2,0.49,Goal,Root/div/station,GCS_RON_QA/GCS/SJD,3,No
GCS_RON_QA,",null,",SJD,vendor,3,49.95,Goal,Root/div/station/vendor,"GCS_RON_QA/GCS/SJD/,null,",1,No
GCS_RON_QA,",null,",",null,",vnd_typ,4,100.0,Goal,Root/div/station/vendor/vnd_typ,"GCS_RON_QA/GCS/SJD/,null,/,null,",0,Yes
GCS_RON_QA,"AVEESPRESS, S.A. DE C.V.",SJD,vendor,3,17.85,Goal,Root/div/station/vendor,"GCS_RON_QA/GCS/SJD/AVEESPRESS, S.A. DE C.V.",1,No
GCS_RON_QA,",null,","AVEESPRESS, S.A. DE C.V.",vnd_typ,4,100.0,Goal,Root/div/station/vendor/vnd_typ,"GCS_RON_QA/GCS/SJD/AVEESPRESS, S.A. DE C.V./,null,",0,Yes
GCS_RON_QA,Menzies Aviation,SJD,vendor,3,32.2,Goal,Root/div/station/vendor,GCS_RON_QA/GCS/SJD/Menzies Aviation,1,No
GCS_RON_QA,",null,",Menzies Aviation,vnd_typ,4,100.0,Goal,Root/div/station/vendor/vnd_typ,"GCS_RON_QA/GCS/SJD/Menzies Aviation/,null,",0,Yes
GCS_RON_QA,SJO,GCS,station,2,0.35,Goal,Root/div/station,GCS_RON_QA/GCS/SJO,2,No
GCS_RON_QA,",null,",SJO,vendor,3,47.02,Goal,Root/div/station/vendor,"GCS_RON_QA/GCS/SJO/,null,",1,No
GCS_RON_QA,",null,",",null,",vnd_typ,4,100.0,Goal,Root/div/station/vendor/vnd_typ,"GCS_RON_QA/GCS/SJO/,null,/,null,",0,Yes
GCS_RON_QA,Aero Sphere A.S. Handling,SJO,vendor,3,52.98,Goal,Root/div/station/vendor,GCS_RON_QA/GCS/SJO/Aero Sphere A.S. Handling,1,No
GCS_RON_QA,",null,",Aero Sphere A.S. Handling,vnd_typ,4,100.0,Goal,Root/div/station/vendor/vnd_typ,"GCS_RON_QA/GCS/SJO/Aero Sphere A.S. Handling/,null,",0,Yes
GCS_RON_QA,SJU,GCS,station,2,0.2,Goal,Root/div/station,GCS_RON_QA/GCS/SJU,2,No
GCS_RON_QA,",null,",SJU,vendor,3,25.2,Goal,Root/div/station/vendor,"GCS_RON_QA/GCS/SJU/,null,",1,No
GCS_RON_QA,",null,",",null,",vnd_typ,4,100.0,Goal,Root/div/station/vendor/vnd_typ,"GCS_RON_QA/GCS/SJU/,null,/,null,",0,Yes
GCS_RON_QA,Delta,SJU,vendor,3,74.8,Goal,Root/div/station/vendor,GCS_RON_QA/GCS/SJU/Delta,1,No
GCS_RON_QA,",null,",Delta,vnd_typ,4,100.0,Goal,Root/div/station/vendor/vnd_typ,"GCS_RON_QA/GCS/SJU/Delta/,null,",0,Yes
GCS_RON_QA,SKB,GCS,station,2,0.22,Goal,Root/div/station,GCS_RON_QA/GCS/SKB,2,No
GCS_RON_QA,",null,",SKB,vendor,3,53.44,Goal,Root/div/station/vendor,"GCS_RON_QA/GCS/SKB/,null,",1,No
GCS_RON_QA,",null,",",null,",vnd_typ,4,100.0,Goal,Root/div/station/vendor/vnd_typ,"GCS_RON_QA/GCS/SKB/,null,/,null,",0,Yes
GCS_RON_QA,SKGS,SKB,vendor,3,46.56,Goal,Root/div/station/vendor,GCS_RON_QA/GCS/SKB/SKGS,1,No
GCS_RON_QA,",null,",SKGS,vnd_typ,4,100.0,Goal,Root/div/station/vendor/vnd_typ,"GCS_RON_QA/GCS/SKB/SKGS/,null,",0,Yes
GCS_RON_QA,SLC,GCS,station,2,0.25,Goal,Root/div/station,GCS_RON_QA/GCS/SLC,3,No
GCS_RON_QA,",null,",SLC,vendor,3,0.66,Goal,Root/div/station/vendor,"GCS_RON_QA/GCS/SLC/,null,",1,No
GCS_RON_QA,Cabin,",null,",vnd_typ,4,100.0,Goal,Root/div/station/vendor/vnd_typ,"GCS_RON_QA/GCS/SLC/,null,/Cabin",0,Yes
GCS_RON_QA,Delta,SLC,vendor,3,43.13,Goal,Root/div/station/vendor,GCS_RON_QA/GCS/SLC/Delta,1,No
GCS_RON_QA,Cabin,Delta,vnd_typ,4,100.0,Goal,Root/div/station/vendor/vnd_typ,GCS_RON_QA/GCS/SLC/Delta/Cabin,0,Yes
GCS_RON_QA,Unifi,SLC,vendor,3,56.21,Goal,Root/div/station/vendor,GCS_RON_QA/GCS/SLC/Unifi,1,No
GCS_RON_QA,Cabin,Unifi,vnd_typ,4,100.0,Goal,Root/div/station/vendor/vnd_typ,GCS_RON_QA/GCS/SLC/Unifi/Cabin,0,Yes
GCS_RON_QA,SMF,GCS,station,2,0.06,Goal,Root/div/station,GCS_RON_QA/GCS/SMF,2,No
GCS_RON_QA,",null,",SMF,vendor,3,23.56,Goal,Root/div/station/vendor,"GCS_RON_QA/GCS/SMF/,null,",1,No
GCS_RON_QA,Blended,",null,",vnd_typ,4,100.0,Goal,Root/div/station/vendor/vnd_typ,"GCS_RON_QA/GCS/SMF/,null,/Blended",0,Yes
GCS_RON_QA,Menzies Aviation,SMF,vendor,3,76.44,Goal,Root/div/station/vendor,GCS_RON_QA/GCS/SMF/Menzies Aviation,1,No
GCS_RON_QA,Blended,Menzies Aviation,vnd_typ,4,100.0,Goal,Root/div/station/vendor/vnd_typ,GCS_RON_QA/GCS/SMF/Menzies Aviation/Blended,0,Yes
GCS_RON_QA,SNA,GCS,station,2,0.43,Goal,Root/div/station,GCS_RON_QA/GCS/SNA,2,No
GCS_RON_QA,",null,",SNA,vendor,3,57.98,Goal,Root/div/station/vendor,"GCS_RON_QA/GCS/SNA/,null,",1,No
GCS_RON_QA,Blended,",null,",vnd_typ,4,100.0,Goal,Root/div/station/vendor/vnd_typ,"GCS_RON_QA/GCS/SNA/,null,/Blended",0,Yes
GCS_RON_QA,Unifi,SNA,vendor,3,42.02,Goal,Root/div/station/vendor,GCS_RON_QA/GCS/SNA/Unifi,1,No
GCS_RON_QA,Blended,Unifi,vnd_typ,4,100.0,Goal,Root/div/station/vendor/vnd_typ,GCS_RON_QA/GCS/SNA/Unifi/Blended,0,Yes
GCS_RON_QA,SNN,GCS,station,2,0.19,Goal,Root/div/station,GCS_RON_QA/GCS/SNN,1,No
GCS_RON_QA,SHP,SNN,vendor,3,100.0,Goal,Root/div/station/vendor,GCS_RON_QA/GCS/SNN/SHP,1,No
GCS_RON_QA,",null,",SHP,vnd_typ,4,100.0,Goal,Root/div/station/vendor/vnd_typ,"GCS_RON_QA/GCS/SNN/SHP/,null,",0,Yes
GCS_RON_QA,SRQ,GCS,station,2,0.2,Goal,Root/div/station,GCS_RON_QA/GCS/SRQ,2,No
GCS_RON_QA,",null,",SRQ,vendor,3,54.66,Goal,Root/div/station/vendor,"GCS_RON_QA/GCS/SRQ/,null,",1,No
GCS_RON_QA,Blended,",null,",vnd_typ,4,100.0,Goal,Root/div/station/vendor/vnd_typ,"GCS_RON_QA/GCS/SRQ/,null,/Blended",0,Yes
GCS_RON_QA,GAT,SRQ,vendor,3,45.34,Goal,Root/div/station/vendor,GCS_RON_QA/GCS/SRQ/GAT,1,No
GCS_RON_QA,Blended,GAT,vnd_typ,4,100.0,Goal,Root/div/station/vendor/vnd_typ,GCS_RON_QA/GCS/SRQ/GAT/Blended,0,Yes
GCS_RON_QA,STI,GCS,station,2,0.15,Goal,Root/div/station,GCS_RON_QA/GCS/STI,2,No
GCS_RON_QA,",null,",STI,vendor,3,28.66,Goal,Root/div/station/vendor,"GCS_RON_QA/GCS/STI/,null,",1,No
GCS_RON_QA,",null,",",null,",vnd_typ,4,100.0,Goal,Root/div/station/vendor/vnd_typ,"GCS_RON_QA/GCS/STI/,null,/,null,",0,Yes
GCS_RON_QA,AIC,STI,vendor,3,71.34,Goal,Root/div/station/vendor,GCS_RON_QA/GCS/STI/AIC,1,No
GCS_RON_QA,",null,",AIC,vnd_typ,4,100.0,Goal,Root/div/station/vendor/vnd_typ,"GCS_RON_QA/GCS/STI/AIC/,null,",0,Yes
GCS_RON_QA,STL,GCS,station,2,0.38,Goal,Root/div/station,GCS_RON_QA/GCS/STL,3,No
GCS_RON_QA,",null,",STL,vendor,3,27.56,Goal,Root/div/station/vendor,"GCS_RON_QA/GCS/STL/,null,",1,No
GCS_RON_QA,Cabin,",null,",vnd_typ,4,100.0,Goal,Root/div/station/vendor/vnd_typ,"GCS_RON_QA/GCS/STL/,null,/Cabin",0,Yes
GCS_RON_QA,Prospect,STL,vendor,3,26.84,Goal,Root/div/station/vendor,GCS_RON_QA/GCS/STL/Prospect,1,No
GCS_RON_QA,Cabin,Prospect,vnd_typ,4,100.0,Goal,Root/div/station/vendor/vnd_typ,GCS_RON_QA/GCS/STL/Prospect/Cabin,0,Yes
GCS_RON_QA,Unifi,STL,vendor,3,45.6,Goal,Root/div/station/vendor,GCS_RON_QA/GCS/STL/Unifi,1,No
GCS_RON_QA,Cabin,Unifi,vnd_typ,4,100.0,Goal,Root/div/station/vendor/vnd_typ,GCS_RON_QA/GCS/STL/Unifi/Cabin,0,Yes
GCS_RON_QA,STT,GCS,station,2,0.16,Goal,Root/div/station,GCS_RON_QA/GCS/STT,2,No
GCS_RON_QA,",null,",STT,vendor,3,56.08,Goal,Root/div/station/vendor,"GCS_RON_QA/GCS/STT/,null,",1,No
GCS_RON_QA,",null,",",null,",vnd_typ,4,100.0,Goal,Root/div/station/vendor/vnd_typ,"GCS_RON_QA/GCS/STT/,null,/,null,",0,Yes
GCS_RON_QA,GCG GROUND SERVICES LLC,STT,vendor,3,43.92,Goal,Root/div/station/vendor,GCS_RON_QA/GCS/STT/GCG GROUND SERVICES LLC,1,No
GCS_RON_QA,",null,",GCG GROUND SERVICES LLC,vnd_typ,4,100.0,Goal,Root/div/station/vendor/vnd_typ,"GCS_RON_QA/GCS/STT/GCG GROUND SERVICES LLC/,null,",0,Yes
GCS_RON_QA,STX,GCS,station,2,0.27,Goal,Root/div/station,GCS_RON_QA/GCS/STX,2,No
GCS_RON_QA,",null,",STX,vendor,3,31.08,Goal,Root/div/station/vendor,"GCS_RON_QA/GCS/STX/,null,",1,No
GCS_RON_QA,",null,",",null,",vnd_typ,4,100.0,Goal,Root/div/station/vendor/vnd_typ,"GCS_RON_QA/GCS/STX/,null,/,null,",0,Yes
GCS_RON_QA,WFS -Worldwide Flight Services,STX,vendor,3,68.92,Goal,Root/div/station/vendor,GCS_RON_QA/GCS/STX/WFS -Worldwide Flight Services,1,No
GCS_RON_QA,",null,",WFS -Worldwide Flight Services,vnd_typ,4,100.0,Goal,Root/div/station/vendor/vnd_typ,"GCS_RON_QA/GCS/STX/WFS -Worldwide Flight Services/,null,",0,Yes
GCS_RON_QA,SUN,GCS,station,2,0.04,Goal,Root/div/station,GCS_RON_QA/GCS/SUN,2,No
GCS_RON_QA,",null,",SUN,vendor,3,66.66,Goal,Root/div/station/vendor,"GCS_RON_QA/GCS/SUN/,null,",1,No
GCS_RON_QA,FS,",null,",vnd_typ,4,100.0,Goal,Root/div/station/vendor/vnd_typ,"GCS_RON_QA/GCS/SUN/,null,/FS",0,Yes
GCS_RON_QA,SkyWest,SUN,vendor,3,33.34,Goal,Root/div/station/vendor,GCS_RON_QA/GCS/SUN/SkyWest,1,No
GCS_RON_QA,FS,SkyWest,vnd_typ,4,100.0,Goal,Root/div/station/vendor/vnd_typ,GCS_RON_QA/GCS/SUN/SkyWest/FS,0,Yes
GCS_RON_QA,SVD,GCS,station,2,0.13,Goal,Root/div/station,GCS_RON_QA/GCS/SVD,1,No
GCS_RON_QA,",null,",SVD,vendor,3,100.0,Goal,Root/div/station/vendor,"GCS_RON_QA/GCS/SVD/,null,",1,No
GCS_RON_QA,",null,",",null,",vnd_typ,4,100.0,Goal,Root/div/station/vendor/vnd_typ,"GCS_RON_QA/GCS/SVD/,null,/,null,",0,Yes
GCS_RON_QA,SXM,GCS,station,2,0.16,Goal,Root/div/station,GCS_RON_QA/GCS/SXM,2,No
GCS_RON_QA,",null,",SXM,vendor,3,58.66,Goal,Root/div/station/vendor,"GCS_RON_QA/GCS/SXM/,null,",1,No
GCS_RON_QA,",null,",",null,",vnd_typ,4,100.0,Goal,Root/div/station/vendor/vnd_typ,"GCS_RON_QA/GCS/SXM/,null,/,null,",0,Yes
GCS_RON_QA,Menzies Aviation,SXM,vendor,3,41.34,Goal,Root/div/station/vendor,GCS_RON_QA/GCS/SXM/Menzies Aviation,1,No
GCS_RON_QA,",null,",Menzies Aviation,vnd_typ,4,100.0,Goal,Root/div/station/vendor/vnd_typ,"GCS_RON_QA/GCS/SXM/Menzies Aviation/,null,",0,Yes
GCS_RON_QA,SYD,GCS,station,2,0.24,Goal,Root/div/station,GCS_RON_QA/GCS/SYD,1,No
GCS_RON_QA,",null,",SYD,vendor,3,100.0,Goal,Root/div/station/vendor,"GCS_RON_QA/GCS/SYD/,null,",1,No
GCS_RON_QA,",null,",",null,",vnd_typ,4,100.0,Goal,Root/div/station/vendor/vnd_typ,"GCS_RON_QA/GCS/SYD/,null,/,null,",0,Yes
GCS_RON_QA,SYR,GCS,station,2,0.31,Goal,Root/div/station,GCS_RON_QA/GCS/SYR,2,No
GCS_RON_QA,",null,",SYR,vendor,3,63.24,Goal,Root/div/station/vendor,"GCS_RON_QA/GCS/SYR/,null,",1,No
GCS_RON_QA,Blended,",null,",vnd_typ,4,100.0,Goal,Root/div/station/vendor/vnd_typ,"GCS_RON_QA/GCS/SYR/,null,/Blended",0,Yes
GCS_RON_QA,Unifi,SYR,vendor,3,36.76,Goal,Root/div/station/vendor,GCS_RON_QA/GCS/SYR/Unifi,1,No
GCS_RON_QA,Blended,Unifi,vnd_typ,4,100.0,Goal,Root/div/station/vendor/vnd_typ,GCS_RON_QA/GCS/SYR/Unifi/Blended,0,Yes
GCS_RON_QA,TLH,GCS,station,2,0.43,Goal,Root/div/station,GCS_RON_QA/GCS/TLH,2,No
GCS_RON_QA,",null,",TLH,vendor,3,72.43,Goal,Root/div/station/vendor,"GCS_RON_QA/GCS/TLH/,null,",1,No
GCS_RON_QA,Blended,",null,",vnd_typ,4,100.0,Goal,Root/div/station/vendor/vnd_typ,"GCS_RON_QA/GCS/TLH/,null,/Blended",0,Yes
GCS_RON_QA,GAT,TLH,vendor,3,27.57,Goal,Root/div/station/vendor,GCS_RON_QA/GCS/TLH/GAT,1,No
GCS_RON_QA,Blended,GAT,vnd_typ,4,100.0,Goal,Root/div/station/vendor/vnd_typ,GCS_RON_QA/GCS/TLH/GAT/Blended,0,Yes
GCS_RON_QA,TLV,GCS,station,2,0.39,Goal,Root/div/station,GCS_RON_QA/GCS/TLV,2,No
GCS_RON_QA,",null,",TLV,vendor,3,28.74,Goal,Root/div/station/vendor,"GCS_RON_QA/GCS/TLV/,null,",1,No
GCS_RON_QA,",null,",",null,",vnd_typ,4,100.0,Goal,Root/div/station/vendor/vnd_typ,"GCS_RON_QA/GCS/TLV/,null,/,null,",0,Yes
GCS_RON_QA,QAS,TLV,vendor,3,71.26,Goal,Root/div/station/vendor,GCS_RON_QA/GCS/TLV/QAS,1,No
GCS_RON_QA,",null,",QAS,vnd_typ,4,100.0,Goal,Root/div/station/vendor/vnd_typ,"GCS_RON_QA/GCS/TLV/QAS/,null,",0,Yes
GCS_RON_QA,TPA,GCS,station,2,0.34,Goal,Root/div/station,GCS_RON_QA/GCS/TPA,2,No
GCS_RON_QA,",null,",TPA,vendor,3,45.93,Goal,Root/div/station/vendor,"GCS_RON_QA/GCS/TPA/,null,",1,No
GCS_RON_QA,Cabin,",null,",vnd_typ,4,100.0,Goal,Root/div/station/vendor/vnd_typ,"GCS_RON_QA/GCS/TPA/,null,/Cabin",0,Yes
GCS_RON_QA,Eulen,TPA,vendor,3,54.07,Goal,Root/div/station/vendor,GCS_RON_QA/GCS/TPA/Eulen,1,No
GCS_RON_QA,Cabin,Eulen,vnd_typ,4,100.0,Goal,Root/div/station/vendor/vnd_typ,GCS_RON_QA/GCS/TPA/Eulen/Cabin,0,Yes
GCS_RON_QA,TPE,GCS,station,2,0.27,Goal,Root/div/station,GCS_RON_QA/GCS/TPE,2,No
GCS_RON_QA,",null,",TPE,vendor,3,65.65,Goal,Root/div/station/vendor,"GCS_RON_QA/GCS/TPE/,null,",1,No
GCS_RON_QA,",null,",",null,",vnd_typ,4,100.0,Goal,Root/div/station/vendor/vnd_typ,"GCS_RON_QA/GCS/TPE/,null,/,null,",0,Yes
GCS_RON_QA,China Airlines,TPE,vendor,3,34.35,Goal,Root/div/station/vendor,GCS_RON_QA/GCS/TPE/China Airlines,1,No
GCS_RON_QA,",null,",China Airlines,vnd_typ,4,100.0,Goal,Root/div/station/vendor/vnd_typ,"GCS_RON_QA/GCS/TPE/China Airlines/,null,",0,Yes
GCS_RON_QA,TQO,GCS,station,2,0.41,Goal,Root/div/station,GCS_RON_QA/GCS/TQO,2,No
GCS_RON_QA,",null,",TQO,vendor,3,38.26,Goal,Root/div/station/vendor,"GCS_RON_QA/GCS/TQO/,null,",1,No
GCS_RON_QA,",null,",",null,",vnd_typ,4,100.0,Goal,Root/div/station/vendor/vnd_typ,"GCS_RON_QA/GCS/TQO/,null,/,null,",0,Yes
GCS_RON_QA,Swissport,TQO,vendor,3,61.74,Goal,Root/div/station/vendor,GCS_RON_QA/GCS/TQO/Swissport,1,No
GCS_RON_QA,",null,",Swissport,vnd_typ,4,100.0,Goal,Root/div/station/vendor/vnd_typ,"GCS_RON_QA/GCS/TQO/Swissport/,null,",0,Yes
GCS_RON_QA,TRI,GCS,station,2,0.01,Goal,Root/div/station,GCS_RON_QA/GCS/TRI,2,No
GCS_RON_QA,",null,",TRI,vendor,3,83.86,Goal,Root/div/station/vendor,"GCS_RON_QA/GCS/TRI/,null,",1,No
GCS_RON_QA,FS,",null,",vnd_typ,4,100.0,Goal,Root/div/station/vendor/vnd_typ,"GCS_RON_QA/GCS/TRI/,null,/FS",0,Yes
GCS_RON_QA,Unifi,TRI,vendor,3,16.14,Goal,Root/div/station/vendor,GCS_RON_QA/GCS/TRI/Unifi,1,No
GCS_RON_QA,FS,Unifi,vnd_typ,4,100.0,Goal,Root/div/station/vendor/vnd_typ,GCS_RON_QA/GCS/TRI/Unifi/FS,0,Yes
GCS_RON_QA,TUL,GCS,station,2,0.12,Goal,Root/div/station,GCS_RON_QA/GCS/TUL,2,No
GCS_RON_QA,",null,",TUL,vendor,3,44.14,Goal,Root/div/station/vendor,"GCS_RON_QA/GCS/TUL/,null,",1,No
GCS_RON_QA,FS,",null,",vnd_typ,4,100.0,Goal,Root/div/station/vendor/vnd_typ,"GCS_RON_QA/GCS/TUL/,null,/FS",0,Yes
GCS_RON_QA,Unifi,TUL,vendor,3,55.86,Goal,Root/div/station/vendor,GCS_RON_QA/GCS/TUL/Unifi,1,No
GCS_RON_QA,FS,Unifi,vnd_typ,4,100.0,Goal,Root/div/station/vendor/vnd_typ,GCS_RON_QA/GCS/TUL/Unifi/FS,0,Yes
GCS_RON_QA,TUS,GCS,station,2,0.35,Goal,Root/div/station,GCS_RON_QA/GCS/TUS,2,No
GCS_RON_QA,",null,",TUS,vendor,3,4.84,Goal,Root/div/station/vendor,"GCS_RON_QA/GCS/TUS/,null,",1,No
GCS_RON_QA,Blended,",null,",vnd_typ,4,100.0,Goal,Root/div/station/vendor/vnd_typ,"GCS_RON_QA/GCS/TUS/,null,/Blended",0,Yes
GCS_RON_QA,Unifi,TUS,vendor,3,95.16,Goal,Root/div/station/vendor,GCS_RON_QA/GCS/TUS/Unifi,1,No
GCS_RON_QA,Blended,Unifi,vnd_typ,4,100.0,Goal,Root/div/station/vendor/vnd_typ,GCS_RON_QA/GCS/TUS/Unifi/Blended,0,Yes
GCS_RON_QA,TVC,GCS,station,2,0.17,Goal,Root/div/station,GCS_RON_QA/GCS/TVC,2,No
GCS_RON_QA,",null,",TVC,vendor,3,41.54,Goal,Root/div/station/vendor,"GCS_RON_QA/GCS/TVC/,null,",1,No
GCS_RON_QA,FS,",null,",vnd_typ,4,100.0,Goal,Root/div/station/vendor/vnd_typ,"GCS_RON_QA/GCS/TVC/,null,/FS",0,Yes
GCS_RON_QA,Unifi,TVC,vendor,3,58.46,Goal,Root/div/station/vendor,GCS_RON_QA/GCS/TVC/Unifi,1,No
GCS_RON_QA,FS,Unifi,vnd_typ,4,100.0,Goal,Root/div/station/vendor/vnd_typ,GCS_RON_QA/GCS/TVC/Unifi/FS,0,Yes
GCS_RON_QA,TWF,GCS,station,2,0.04,Goal,Root/div/station,GCS_RON_QA/GCS/TWF,2,No
GCS_RON_QA,",null,",TWF,vendor,3,44.49,Goal,Root/div/station/vendor,"GCS_RON_QA/GCS/TWF/,null,",1,No
GCS_RON_QA,FS,",null,",vnd_typ,4,100.0,Goal,Root/div/station/vendor/vnd_typ,"GCS_RON_QA/GCS/TWF/,null,/FS",0,Yes
GCS_RON_QA,SkyWest,TWF,vendor,3,55.51,Goal,Root/div/station/vendor,GCS_RON_QA/GCS/TWF/SkyWest,1,No
GCS_RON_QA,FS,SkyWest,vnd_typ,4,100.0,Goal,Root/div/station/vendor/vnd_typ,GCS_RON_QA/GCS/TWF/SkyWest/FS,0,Yes
GCS_RON_QA,TYS,GCS,station,2,0.42,Goal,Root/div/station,GCS_RON_QA/GCS/TYS,2,No
GCS_RON_QA,",null,",TYS,vendor,3,53.49,Goal,Root/div/station/vendor,"GCS_RON_QA/GCS/TYS/,null,",1,No
GCS_RON_QA,Blended,",null,",vnd_typ,4,100.0,Goal,Root/div/station/vendor/vnd_typ,"GCS_RON_QA/GCS/TYS/,null,/Blended",0,Yes
GCS_RON_QA,Menzies Aviation,TYS,vendor,3,46.51,Goal,Root/div/station/vendor,GCS_RON_QA/GCS/TYS/Menzies Aviation,1,No
GCS_RON_QA,Blended,Menzies Aviation,vnd_typ,4,100.0,Goal,Root/div/station/vendor/vnd_typ,GCS_RON_QA/GCS/TYS/Menzies Aviation/Blended,0,Yes
GCS_RON_QA,UIO,GCS,station,2,0.47,Goal,Root/div/station,GCS_RON_QA/GCS/UIO,2,No
GCS_RON_QA,",null,",UIO,vendor,3,94.53,Goal,Root/div/station/vendor,"GCS_RON_QA/GCS/UIO/,null,",1,No
GCS_RON_QA,",null,",",null,",vnd_typ,4,100.0,Goal,Root/div/station/vendor/vnd_typ,"GCS_RON_QA/GCS/UIO/,null,/,null,",0,Yes
GCS_RON_QA,Swissport,UIO,vendor,3,5.47,Goal,Root/div/station/vendor,GCS_RON_QA/GCS/UIO/Swissport,1,No
GCS_RON_QA,",null,",Swissport,vnd_typ,4,100.0,Goal,Root/div/station/vendor/vnd_typ,"GCS_RON_QA/GCS/UIO/Swissport/,null,",0,Yes
GCS_RON_QA,UVF,GCS,station,2,0.36,Goal,Root/div/station,GCS_RON_QA/GCS/UVF,2,No
GCS_RON_QA,",null,",UVF,vendor,3,31.17,Goal,Root/div/station/vendor,"GCS_RON_QA/GCS/UVF/,null,",1,No
GCS_RON_QA,",null,",",null,",vnd_typ,4,100.0,Goal,Root/div/station/vendor/vnd_typ,"GCS_RON_QA/GCS/UVF/,null,/,null,",0,Yes
GCS_RON_QA,Caribbean Dispatch,UVF,vendor,3,68.83,Goal,Root/div/station/vendor,GCS_RON_QA/GCS/UVF/Caribbean Dispatch,1,No
GCS_RON_QA,",null,",Caribbean Dispatch,vnd_typ,4,100.0,Goal,Root/div/station/vendor/vnd_typ,"GCS_RON_QA/GCS/UVF/Caribbean Dispatch/,null,",0,Yes
GCS_RON_QA,VCE,GCS,station,2,0.06,Goal,Root/div/station,GCS_RON_QA/GCS/VCE,2,No
GCS_RON_QA,",null,",VCE,vendor,3,93.77,Goal,Root/div/station/vendor,"GCS_RON_QA/GCS/VCE/,null,",1,No
GCS_RON_QA,",null,",",null,",vnd_typ,4,100.0,Goal,Root/div/station/vendor/vnd_typ,"GCS_RON_QA/GCS/VCE/,null,/,null,",0,Yes
GCS_RON_QA,ATA,VCE,vendor,3,6.23,Goal,Root/div/station/vendor,GCS_RON_QA/GCS/VCE/ATA,1,No
GCS_RON_QA,",null,",ATA,vnd_typ,4,100.0,Goal,Root/div/station/vendor/vnd_typ,"GCS_RON_QA/GCS/VCE/ATA/,null,",0,Yes
GCS_RON_QA,VLD,GCS,station,2,0.02,Goal,Root/div/station,GCS_RON_QA/GCS/VLD,2,No
GCS_RON_QA,",null,",VLD,vendor,3,72.66,Goal,Root/div/station/vendor,"GCS_RON_QA/GCS/VLD/,null,",1,No
GCS_RON_QA,FS,",null,",vnd_typ,4,100.0,Goal,Root/div/station/vendor/vnd_typ,"GCS_RON_QA/GCS/VLD/,null,/FS",0,Yes
GCS_RON_QA,Menzies Aviation,VLD,vendor,3,27.34,Goal,Root/div/station/vendor,GCS_RON_QA/GCS/VLD/Menzies Aviation,1,No
GCS_RON_QA,FS,Menzies Aviation,vnd_typ,4,100.0,Goal,Root/div/station/vendor/vnd_typ,GCS_RON_QA/GCS/VLD/Menzies Aviation/FS,0,Yes
GCS_RON_QA,VPS,GCS,station,2,0.09,Goal,Root/div/station,GCS_RON_QA/GCS/VPS,2,No
GCS_RON_QA,",null,",VPS,vendor,3,28.13,Goal,Root/div/station/vendor,"GCS_RON_QA/GCS/VPS/,null,",1,No
GCS_RON_QA,FS,",null,",vnd_typ,4,100.0,Goal,Root/div/station/vendor/vnd_typ,"GCS_RON_QA/GCS/VPS/,null,/FS",0,Yes
GCS_RON_QA,Unifi,VPS,vendor,3,71.87,Goal,Root/div/station/vendor,GCS_RON_QA/GCS/VPS/Unifi,1,No
GCS_RON_QA,FS,Unifi,vnd_typ,4,100.0,Goal,Root/div/station/vendor/vnd_typ,GCS_RON_QA/GCS/VPS/Unifi/FS,0,Yes
GCS_RON_QA,WYS,GCS,station,2,0.24,Goal,Root/div/station,GCS_RON_QA/GCS/WYS,1,No
GCS_RON_QA,SkyWest,WYS,vendor,3,100.0,Goal,Root/div/station/vendor,GCS_RON_QA/GCS/WYS/SkyWest,1,No
GCS_RON_QA,FS,SkyWest,vnd_typ,4,100.0,Goal,Root/div/station/vendor/vnd_typ,GCS_RON_QA/GCS/WYS/SkyWest/FS,0,Yes
GCS_RON_QA,XNA,GCS,station,2,0.31,Goal,Root/div/station,GCS_RON_QA/GCS/XNA,2,No
GCS_RON_QA,",null,",XNA,vendor,3,51.58,Goal,Root/div/station/vendor,"GCS_RON_QA/GCS/XNA/,null,",1,No
GCS_RON_QA,FS,",null,",vnd_typ,4,100.0,Goal,Root/div/station/vendor/vnd_typ,"GCS_RON_QA/GCS/XNA/,null,/FS",0,Yes
GCS_RON_QA,Unifi,XNA,vendor,3,48.42,Goal,Root/div/station/vendor,GCS_RON_QA/GCS/XNA/Unifi,1,No
GCS_RON_QA,FS,Unifi,vnd_typ,4,100.0,Goal,Root/div/station/vendor/vnd_typ,GCS_RON_QA/GCS/XNA/Unifi/FS,0,Yes
GCS_RON_QA,XWA,GCS,station,2,0.34,Goal,Root/div/station,GCS_RON_QA/GCS/XWA,2,No
GCS_RON_QA,",null,",XWA,vendor,3,85.56,Goal,Root/div/station/vendor,"GCS_RON_QA/GCS/XWA/,null,",1,No
GCS_RON_QA,FS,",null,",vnd_typ,4,100.0,Goal,Root/div/station/vendor/vnd_typ,"GCS_RON_QA/GCS/XWA/,null,/FS",0,Yes
GCS_RON_QA,SkyWest,XWA,vendor,3,14.44,Goal,Root/div/station/vendor,GCS_RON_QA/GCS/XWA/SkyWest,1,No
GCS_RON_QA,FS,SkyWest,vnd_typ,4,100.0,Goal,Root/div/station/vendor/vnd_typ,GCS_RON_QA/GCS/XWA/SkyWest/FS,0,Yes
GCS_RON_QA,YHZ,GCS,station,2,0.44,Goal,Root/div/station,GCS_RON_QA/GCS/YHZ,1,No
GCS_RON_QA,Executive Aviation,YHZ,vendor,3,100.0,Goal,Root/div/station/vendor,GCS_RON_QA/GCS/YHZ/Executive Aviation,1,No
GCS_RON_QA,",null,",Executive Aviation,vnd_typ,4,100.0,Goal,Root/div/station/vendor/vnd_typ,"GCS_RON_QA/GCS/YHZ/Executive Aviation/,null,",0,Yes
GCS_RON_QA,YUL,GCS,station,2,0.28,Goal,Root/div/station,GCS_RON_QA/GCS/YUL,2,No
GCS_RON_QA,",null,",YUL,vendor,3,78.62,Goal,Root/div/station/vendor,"GCS_RON_QA/GCS/YUL/,null,",1,No
GCS_RON_QA,",null,",",null,",vnd_typ,4,100.0,Goal,Root/div/station/vendor/vnd_typ,"GCS_RON_QA/GCS/YUL/,null,/,null,",0,Yes
GCS_RON_QA,Delta,YUL,vendor,3,21.38,Goal,Root/div/station/vendor,GCS_RON_QA/GCS/YUL/Delta,1,No
GCS_RON_QA,",null,",Delta,vnd_typ,4,100.0,Goal,Root/div/station/vendor/vnd_typ,"GCS_RON_QA/GCS/YUL/Delta/,null,",0,Yes
GCS_RON_QA,YVR,GCS,station,2,0.12,Goal,Root/div/station,GCS_RON_QA/GCS/YVR,2,No
GCS_RON_QA,",null,",YVR,vendor,3,7.04,Goal,Root/div/station/vendor,"GCS_RON_QA/GCS/YVR/,null,",1,No
GCS_RON_QA,",null,",",null,",vnd_typ,4,100.0,Goal,Root/div/station/vendor/vnd_typ,"GCS_RON_QA/GCS/YVR/,null,/,null,",0,Yes
GCS_RON_QA,GAT,YVR,vendor,3,92.96,Goal,Root/div/station/vendor,GCS_RON_QA/GCS/YVR/GAT,1,No
GCS_RON_QA,",null,",GAT,vnd_typ,4,100.0,Goal,Root/div/station/vendor/vnd_typ,"GCS_RON_QA/GCS/YVR/GAT/,null,",0,Yes
GCS_RON_QA,YWG,GCS,station,2,0.3,Goal,Root/div/station,GCS_RON_QA/GCS/YWG,2,No
GCS_RON_QA,",null,",YWG,vendor,3,22.74,Goal,Root/div/station/vendor,"GCS_RON_QA/GCS/YWG/,null,",1,No
GCS_RON_QA,",null,",",null,",vnd_typ,4,100.0,Goal,Root/div/station/vendor/vnd_typ,"GCS_RON_QA/GCS/YWG/,null,/,null,",0,Yes
GCS_RON_QA,Flightcraft Aviation Services,YWG,vendor,3,77.26,Goal,Root/div/station/vendor,GCS_RON_QA/GCS/YWG/Flightcraft Aviation Services,1,No
GCS_RON_QA,",null,",Flightcraft Aviation Services,vnd_typ,4,100.0,Goal,Root/div/station/vendor/vnd_typ,"GCS_RON_QA/GCS/YWG/Flightcraft Aviation Services/,null,",0,Yes
GCS_RON_QA,YYC,GCS,station,2,0.09,Goal,Root/div/station,GCS_RON_QA/GCS/YYC,3,No
GCS_RON_QA,",null,",YYC,vendor,3,17.21,Goal,Root/div/station/vendor,"GCS_RON_QA/GCS/YYC/,null,",1,No
GCS_RON_QA,",null,",",null,",vnd_typ,4,100.0,Goal,Root/div/station/vendor/vnd_typ,"GCS_RON_QA/GCS/YYC/,null,/,null,",0,Yes
GCS_RON_QA,PRIMEFLIGHT AVIATION SERVICES CANADA,YYC,vendor,3,17.56,Goal,Root/div/station/vendor,GCS_RON_QA/GCS/YYC/PRIMEFLIGHT AVIATION SERVICES CANADA,1,No
GCS_RON_QA,",null,",PRIMEFLIGHT AVIATION SERVICES CANADA,vnd_typ,4,100.0,Goal,Root/div/station/vendor/vnd_typ,"GCS_RON_QA/GCS/YYC/PRIMEFLIGHT AVIATION SERVICES CANADA/,null,",0,Yes
GCS_RON_QA,Samsic Assistance Canada Inc.,YYC,vendor,3,65.23,Goal,Root/div/station/vendor,GCS_RON_QA/GCS/YYC/Samsic Assistance Canada Inc.,1,No
GCS_RON_QA,",null,",Samsic Assistance Canada Inc.,vnd_typ,4,100.0,Goal,Root/div/station/vendor/vnd_typ,"GCS_RON_QA/GCS/YYC/Samsic Assistance Canada Inc./,null,",0,Yes
GCS_RON_QA,YYZ,GCS,station,2,0.41,Goal,Root/div/station,GCS_RON_QA/GCS/YYZ,2,No
GCS_RON_QA,",null,",YYZ,vendor,3,56.86,Goal,Root/div/station/vendor,"GCS_RON_QA/GCS/YYZ/,null,",1,No
GCS_RON_QA,",null,",",null,",vnd_typ,4,100.0,Goal,Root/div/station/vendor/vnd_typ,"GCS_RON_QA/GCS/YYZ/,null,/,null,",0,Yes
GCS_RON_QA,Delta,YYZ,vendor,3,43.14,Goal,Root/div/station/vendor,GCS_RON_QA/GCS/YYZ/Delta,1,No
GCS_RON_QA,",null,",Delta,vnd_typ,4,100.0,Goal,Root/div/station/vendor/vnd_typ,"GCS_RON_QA/GCS/YYZ/Delta/,null,",0,Yes
GCS_RON_QA,ZRH,GCS,station,2,0.05,Goal,Root/div/station,GCS_RON_QA/GCS/ZRH,2,No
GCS_RON_QA,",null,",ZRH,vendor,3,52.05,Goal,Root/div/station/vendor,"GCS_RON_QA/GCS/ZRH/,null,",1,No
GCS_RON_QA,",null,",",null,",vnd_typ,4,100.0,Goal,Root/div/station/vendor/vnd_typ,"GCS_RON_QA/GCS/ZRH/,null,/,null,",0,Yes
GCS_RON_QA,Swissport,ZRH,vendor,3,47.95,Goal,Root/div/station/vendor,GCS_RON_QA/GCS/ZRH/Swissport,1,No
GCS_RON_QA,",null,",Swissport,vnd_typ,4,100.0,Goal,Root/div/station/vendor/vnd_typ,"GCS_RON_QA/GCS/ZRH/Swissport/,null,",0,Yes
GCS_RON_QA,",null,",GCS,vendor,2,0.23,Goal,Root/div/vendor,"GCS_RON_QA/GCS/,null,",4,No
GCS_RON_QA,",null,",",null,",vnd_typ,3,17.83,Goal,Root/div/vendor/vnd_typ,"GCS_RON_QA/GCS/,null,/,null,",0,Yes
GCS_RON_QA,Blended,",null,",vnd_typ,3,56.94,Goal,Root/div/vendor/vnd_typ,"GCS_RON_QA/GCS/,null,/Blended",0,Yes
GCS_RON_QA,Cabin,",null,",vnd_typ,3,6.18,Goal,Root/div/vendor/vnd_typ,"GCS_RON_QA/GCS/,null,/Cabin",0,Yes
GCS_RON_QA,FS,",null,",vnd_typ,3,19.049999999999997,Goal,Root/div/vendor/vnd_typ,"GCS_RON_QA/GCS/,null,/FS",0,Yes
GCS_RON_QA,2AS,GCS,vendor,2,0.38,Goal,Root/div/vendor,GCS_RON_QA/GCS/2AS,1,No
GCS_RON_QA,",null,",2AS,vnd_typ,3,100.0,Goal,Root/div/vendor/vnd_typ,"GCS_RON_QA/GCS/2AS/,null,",0,Yes
GCS_RON_QA,ABM,GCS,vendor,2,0.06,Goal,Root/div/vendor,GCS_RON_QA/GCS/ABM,1,No
GCS_RON_QA,",null,",ABM,vnd_typ,3,100.0,Goal,Root/div/vendor/vnd_typ,"GCS_RON_QA/GCS/ABM/,null,",0,Yes
GCS_RON_QA,Aero Sphere A.S. Handling,GCS,vendor,2,0.15,Goal,Root/div/vendor,GCS_RON_QA/GCS/Aero Sphere A.S. Handling,1,No
GCS_RON_QA,",null,",Aero Sphere A.S. Handling,vnd_typ,3,100.0,Goal,Root/div/vendor/vnd_typ,"GCS_RON_QA/GCS/Aero Sphere A.S. Handling/,null,",0,Yes
GCS_RON_QA,AeroDispatch,GCS,vendor,2,0.0,Goal,Root/div/vendor,GCS_RON_QA/GCS/AeroDispatch,1,No
GCS_RON_QA,",null,",AeroDispatch,vnd_typ,3,100.0,Goal,Root/div/vendor/vnd_typ,"GCS_RON_QA/GCS/AeroDispatch/,null,",0,Yes
GCS_RON_QA,AeroGround,GCS,vendor,2,0.18,Goal,Root/div/vendor,GCS_RON_QA/GCS/AeroGround,1,No
GCS_RON_QA,",null,",AeroGround,vnd_typ,3,100.0,Goal,Root/div/vendor/vnd_typ,"GCS_RON_QA/GCS/AeroGround/,null,",0,Yes
GCS_RON_QA,AIC,GCS,vendor,2,0.31,Goal,Root/div/vendor,GCS_RON_QA/GCS/AIC,1,No
GCS_RON_QA,",null,",AIC,vnd_typ,3,100.0,Goal,Root/div/vendor/vnd_typ,"GCS_RON_QA/GCS/AIC/,null,",0,Yes
GCS_RON_QA,Air France,GCS,vendor,2,0.3,Goal,Root/div/vendor,GCS_RON_QA/GCS/Air France,1,No
GCS_RON_QA,",null,",Air France,vnd_typ,3,100.0,Goal,Root/div/vendor/vnd_typ,"GCS_RON_QA/GCS/Air France/,null,",0,Yes
GCS_RON_QA,Air Handling Services Bonaire NV,GCS,vendor,2,0.48,Goal,Root/div/vendor,GCS_RON_QA/GCS/Air Handling Services Bonaire NV,1,No
GCS_RON_QA,",null,",Air Handling Services Bonaire NV,vnd_typ,3,100.0,Goal,Root/div/vendor/vnd_typ,"GCS_RON_QA/GCS/Air Handling Services Bonaire NV/,null,",0,Yes
GCS_RON_QA,Air Support,GCS,vendor,2,0.07,Goal,Root/div/vendor,GCS_RON_QA/GCS/Air Support,1,No
GCS_RON_QA,",null,",Air Support,vnd_typ,3,100.0,Goal,Root/div/vendor/vnd_typ,"GCS_RON_QA/GCS/Air Support/,null,",0,Yes
GCS_RON_QA,Air Tahiti,GCS,vendor,2,0.06,Goal,Root/div/vendor,GCS_RON_QA/GCS/Air Tahiti,1,No
GCS_RON_QA,",null,",Air Tahiti,vnd_typ,3,100.0,Goal,Root/div/vendor/vnd_typ,"GCS_RON_QA/GCS/Air Tahiti/,null,",0,Yes
GCS_RON_QA,Airline Cleaning Services Pty Ltd dba CSA,GCS,vendor,2,0.27,Goal,Root/div/vendor,GCS_RON_QA/GCS/Airline Cleaning Services Pty Ltd dba CSA,1,No
GCS_RON_QA,",null,",Airline Cleaning Services Pty Ltd dba CSA,vnd_typ,3,100.0,Goal,Root/div/vendor/vnd_typ,"GCS_RON_QA/GCS/Airline Cleaning Services Pty Ltd dba CSA/,null,",0,Yes
GCS_RON_QA,Airport Associates,GCS,vendor,2,0.31,Goal,Root/div/vendor,GCS_RON_QA/GCS/Airport Associates,1,No
GCS_RON_QA,",null,",Airport Associates,vnd_typ,3,100.0,Goal,Root/div/vendor/vnd_typ,"GCS_RON_QA/GCS/Airport Associates/,null,",0,Yes
GCS_RON_QA,Airport Handling SpA,GCS,vendor,2,0.43,Goal,Root/div/vendor,GCS_RON_QA/GCS/Airport Handling SpA,1,No
GCS_RON_QA,",null,",Airport Handling SpA,vnd_typ,3,100.0,Goal,Root/div/vendor/vnd_typ,"GCS_RON_QA/GCS/Airport Handling SpA/,null,",0,Yes
GCS_RON_QA,Alyzia,GCS,vendor,2,0.23,Goal,Root/div/vendor,GCS_RON_QA/GCS/Alyzia,1,No
GCS_RON_QA,",null,",Alyzia,vnd_typ,3,100.0,Goal,Root/div/vendor/vnd_typ,"GCS_RON_QA/GCS/Alyzia/,null,",0,Yes
GCS_RON_QA,Antillean Flight Services NV,GCS,vendor,2,0.03,Goal,Root/div/vendor,GCS_RON_QA/GCS/Antillean Flight Services NV,1,No
GCS_RON_QA,",null,",Antillean Flight Services NV,vnd_typ,3,100.0,Goal,Root/div/vendor/vnd_typ,"GCS_RON_QA/GCS/Antillean Flight Services NV/,null,",0,Yes
GCS_RON_QA,ASG Airport Service Gesellschaft mbH,GCS,vendor,2,0.3,Goal,Root/div/vendor,GCS_RON_QA/GCS/ASG Airport Service Gesellschaft mbH,1,No
GCS_RON_QA,",null,",ASG Airport Service Gesellschaft mbH,vnd_typ,3,100.0,Goal,Root/div/vendor/vnd_typ,"GCS_RON_QA/GCS/ASG Airport Service Gesellschaft mbH/,null,",0,Yes
GCS_RON_QA,Asito BV,GCS,vendor,2,0.24,Goal,Root/div/vendor,GCS_RON_QA/GCS/Asito BV,1,No
GCS_RON_QA,",null,",Asito BV,vnd_typ,3,100.0,Goal,Root/div/vendor/vnd_typ,"GCS_RON_QA/GCS/Asito BV/,null,",0,Yes
GCS_RON_QA,ATA,GCS,vendor,2,0.42,Goal,Root/div/vendor,GCS_RON_QA/GCS/ATA,1,No
GCS_RON_QA,",null,",ATA,vnd_typ,3,100.0,Goal,Root/div/vendor/vnd_typ,"GCS_RON_QA/GCS/ATA/,null,",0,Yes
GCS_RON_QA,"AVEESPRESS, S.A. DE C.V.",GCS,vendor,2,0.22,Goal,Root/div/vendor,"GCS_RON_QA/GCS/AVEESPRESS, S.A. DE C.V.",1,No
GCS_RON_QA,",null,","AVEESPRESS, S.A. DE C.V.",vnd_typ,3,100.0,Goal,Root/div/vendor/vnd_typ,"GCS_RON_QA/GCS/AVEESPRESS, S.A. DE C.V./,null,",0,Yes
GCS_RON_QA,AVIAM,GCS,vendor,2,0.02,Goal,Root/div/vendor,GCS_RON_QA/GCS/AVIAM,1,No
GCS_RON_QA,",null,",AVIAM,vnd_typ,3,100.0,Goal,Root/div/vendor/vnd_typ,"GCS_RON_QA/GCS/AVIAM/,null,",0,Yes
GCS_RON_QA,Aviance,GCS,vendor,2,0.27,Goal,Root/div/vendor,GCS_RON_QA/GCS/Aviance,1,No
GCS_RON_QA,",null,",Aviance,vnd_typ,3,100.0,Goal,Root/div/vendor/vnd_typ,"GCS_RON_QA/GCS/Aviance/,null,",0,Yes
GCS_RON_QA,AviaPartner,GCS,vendor,2,0.01,Goal,Root/div/vendor,GCS_RON_QA/GCS/AviaPartner,1,No
GCS_RON_QA,",null,",AviaPartner,vnd_typ,3,100.0,Goal,Root/div/vendor/vnd_typ,"GCS_RON_QA/GCS/AviaPartner/,null,",0,Yes
GCS_RON_QA,Aviaserve Ltd.,GCS,vendor,2,0.34,Goal,Root/div/vendor,GCS_RON_QA/GCS/Aviaserve Ltd.,1,No
GCS_RON_QA,",null,",Aviaserve Ltd.,vnd_typ,3,100.0,Goal,Root/div/vendor/vnd_typ,"GCS_RON_QA/GCS/Aviaserve Ltd./,null,",0,Yes
GCS_RON_QA,Aviation Services,GCS,vendor,2,0.09,Goal,Root/div/vendor,GCS_RON_QA/GCS/Aviation Services,1,No
GCS_RON_QA,",null,",Aviation Services,vnd_typ,3,100.0,Goal,Root/div/vendor/vnd_typ,"GCS_RON_QA/GCS/Aviation Services/,null,",0,Yes
GCS_RON_QA,BLAS,GCS,vendor,2,0.47,Goal,Root/div/vendor,GCS_RON_QA/GCS/BLAS,1,No
GCS_RON_QA,",null,",BLAS,vnd_typ,3,100.0,Goal,Root/div/vendor/vnd_typ,"GCS_RON_QA/GCS/BLAS/,null,",0,Yes
GCS_RON_QA,Caribbean Aircraft Handling,GCS,vendor,2,0.4,Goal,Root/div/vendor,GCS_RON_QA/GCS/Caribbean Aircraft Handling,1,No
GCS_RON_QA,",null,",Caribbean Aircraft Handling,vnd_typ,3,100.0,Goal,Root/div/vendor/vnd_typ,"GCS_RON_QA/GCS/Caribbean Aircraft Handling/,null,",0,Yes
GCS_RON_QA,Caribbean Dispatch,GCS,vendor,2,0.46,Goal,Root/div/vendor,GCS_RON_QA/GCS/Caribbean Dispatch,1,No
GCS_RON_QA,",null,",Caribbean Dispatch,vnd_typ,3,100.0,Goal,Root/div/vendor/vnd_typ,"GCS_RON_QA/GCS/Caribbean Dispatch/,null,",0,Yes
GCS_RON_QA,China Airlines,GCS,vendor,2,0.11,Goal,Root/div/vendor,GCS_RON_QA/GCS/China Airlines,1,No
GCS_RON_QA,",null,",China Airlines,vnd_typ,3,100.0,Goal,Root/div/vendor/vnd_typ,"GCS_RON_QA/GCS/China Airlines/,null,",0,Yes
GCS_RON_QA,China Eastern,GCS,vendor,2,0.23,Goal,Root/div/vendor,GCS_RON_QA/GCS/China Eastern,1,No
GCS_RON_QA,",null,",China Eastern,vnd_typ,3,100.0,Goal,Root/div/vendor/vnd_typ,"GCS_RON_QA/GCS/China Eastern/,null,",0,Yes
GCS_RON_QA,CITY OF MELBOURNE,GCS,vendor,2,0.37,Goal,Root/div/vendor,GCS_RON_QA/GCS/CITY OF MELBOURNE,1,No
GCS_RON_QA,Blended,CITY OF MELBOURNE,vnd_typ,3,100.0,Goal,Root/div/vendor/vnd_typ,GCS_RON_QA/GCS/CITY OF MELBOURNE/Blended,0,Yes
GCS_RON_QA,Colossal,GCS,vendor,2,0.4,Goal,Root/div/vendor,GCS_RON_QA/GCS/Colossal,1,No
GCS_RON_QA,",null,",Colossal,vnd_typ,3,100.0,Goal,Root/div/vendor/vnd_typ,"GCS_RON_QA/GCS/Colossal/,null,",0,Yes
GCS_RON_QA,Delta,GCS,vendor,2,0.24,Goal,Root/div/vendor,GCS_RON_QA/GCS/Delta,2,No
GCS_RON_QA,",null,",Delta,vnd_typ,3,28.71,Goal,Root/div/vendor/vnd_typ,"GCS_RON_QA/GCS/Delta/,null,",0,Yes
GCS_RON_QA,Cabin,Delta,vnd_typ,3,71.29,Goal,Root/div/vendor/vnd_typ,GCS_RON_QA/GCS/Delta/Cabin,0,Yes
GCS_RON_QA,Dispatch Services Antigua,GCS,vendor,2,0.3,Goal,Root/div/vendor,GCS_RON_QA/GCS/Dispatch Services Antigua,1,No
GCS_RON_QA,",null,",Dispatch Services Antigua,vnd_typ,3,100.0,Goal,Root/div/vendor/vnd_typ,"GCS_RON_QA/GCS/Dispatch Services Antigua/,null,",0,Yes
GCS_RON_QA,ECASA,GCS,vendor,2,0.29,Goal,Root/div/vendor,GCS_RON_QA/GCS/ECASA,1,No
GCS_RON_QA,",null,",ECASA,vnd_typ,3,100.0,Goal,Root/div/vendor/vnd_typ,"GCS_RON_QA/GCS/ECASA/,null,",0,Yes
GCS_RON_QA,Eulen,GCS,vendor,2,0.27,Goal,Root/div/vendor,GCS_RON_QA/GCS/Eulen,1,No
GCS_RON_QA,Cabin,Eulen,vnd_typ,3,100.0,Goal,Root/div/vendor/vnd_typ,GCS_RON_QA/GCS/Eulen/Cabin,0,Yes
GCS_RON_QA,Executive Aviation,GCS,vendor,2,0.34,Goal,Root/div/vendor,GCS_RON_QA/GCS/Executive Aviation,1,No
GCS_RON_QA,",null,",Executive Aviation,vnd_typ,3,100.0,Goal,Root/div/vendor/vnd_typ,"GCS_RON_QA/GCS/Executive Aviation/,null,",0,Yes
GCS_RON_QA,FADS,GCS,vendor,2,0.32,Goal,Root/div/vendor,GCS_RON_QA/GCS/FADS,1,No
GCS_RON_QA,",null,",FADS,vnd_typ,3,100.0,Goal,Root/div/vendor/vnd_typ,"GCS_RON_QA/GCS/FADS/,null,",0,Yes
GCS_RON_QA,Flightcraft Aviation Services,GCS,vendor,2,0.3,Goal,Root/div/vendor,GCS_RON_QA/GCS/Flightcraft Aviation Services,1,No
GCS_RON_QA,",null,",Flightcraft Aviation Services,vnd_typ,3,100.0,Goal,Root/div/vendor/vnd_typ,"GCS_RON_QA/GCS/Flightcraft Aviation Services/,null,",0,Yes
GCS_RON_QA,FlightSupport,GCS,vendor,2,0.15,Goal,Root/div/vendor,GCS_RON_QA/GCS/FlightSupport,1,No
GCS_RON_QA,",null,",FlightSupport,vnd_typ,3,100.0,Goal,Root/div/vendor/vnd_typ,"GCS_RON_QA/GCS/FlightSupport/,null,",0,Yes
GCS_RON_QA,G2,GCS,vendor,2,0.37,Goal,Root/div/vendor,GCS_RON_QA/GCS/G2,1,No
GCS_RON_QA,Cabin,G2,vnd_typ,3,100.0,Goal,Root/div/vendor/vnd_typ,GCS_RON_QA/GCS/G2/Cabin,0,Yes
GCS_RON_QA,GAT,GCS,vendor,2,0.22,Goal,Root/div/vendor,GCS_RON_QA/GCS/GAT,4,No
GCS_RON_QA,",null,",GAT,vnd_typ,3,6.51,Goal,Root/div/vendor/vnd_typ,"GCS_RON_QA/GCS/GAT/,null,",0,Yes
GCS_RON_QA,Blended,GAT,vnd_typ,3,39.38,Goal,Root/div/vendor/vnd_typ,GCS_RON_QA/GCS/GAT/Blended,0,Yes
GCS_RON_QA,Cabin,GAT,vnd_typ,3,19.13,Goal,Root/div/vendor/vnd_typ,GCS_RON_QA/GCS/GAT/Cabin,0,Yes
GCS_RON_QA,FS,GAT,vnd_typ,3,34.98,Goal,Root/div/vendor/vnd_typ,GCS_RON_QA/GCS/GAT/FS,0,Yes
GCS_RON_QA,GCG GROUND SERVICES LLC,GCS,vendor,2,0.45,Goal,Root/div/vendor,GCS_RON_QA/GCS/GCG GROUND SERVICES LLC,1,No
GCS_RON_QA,",null,",GCG GROUND SERVICES LLC,vnd_typ,3,100.0,Goal,Root/div/vendor/vnd_typ,"GCS_RON_QA/GCS/GCG GROUND SERVICES LLC/,null,",0,Yes
GCS_RON_QA,Geasar SpA,GCS,vendor,2,0.06,Goal,Root/div/vendor,GCS_RON_QA/GCS/Geasar SpA,1,No
GCS_RON_QA,",null,",Geasar SpA,vnd_typ,3,100.0,Goal,Root/div/vendor/vnd_typ,"GCS_RON_QA/GCS/Geasar SpA/,null,",0,Yes
GCS_RON_QA,General Air Services N.V.,GCS,vendor,2,0.04,Goal,Root/div/vendor,GCS_RON_QA/GCS/General Air Services N.V.,1,No
GCS_RON_QA,",null,",General Air Services N.V.,vnd_typ,3,100.0,Goal,Root/div/vendor/vnd_typ,"GCS_RON_QA/GCS/General Air Services N.V./,null,",0,Yes
GCS_RON_QA,GH Aircraft Cleaning Services,GCS,vendor,2,0.21,Goal,Root/div/vendor,GCS_RON_QA/GCS/GH Aircraft Cleaning Services,1,No
GCS_RON_QA,",null,",GH Aircraft Cleaning Services,vnd_typ,3,100.0,Goal,Root/div/vendor/vnd_typ,"GCS_RON_QA/GCS/GH Aircraft Cleaning Services/,null,",0,Yes
GCS_RON_QA,GH Catania,GCS,vendor,2,0.12,Goal,Root/div/vendor,GCS_RON_QA/GCS/GH Catania,1,No
GCS_RON_QA,",null,",GH Catania,vnd_typ,3,100.0,Goal,Root/div/vendor/vnd_typ,"GCS_RON_QA/GCS/GH Catania/,null,",0,Yes
GCS_RON_QA,GH Napoli,GCS,vendor,2,0.32,Goal,Root/div/vendor,GCS_RON_QA/GCS/GH Napoli,1,No
GCS_RON_QA,",null,",GH Napoli,vnd_typ,3,100.0,Goal,Root/div/vendor/vnd_typ,"GCS_RON_QA/GCS/GH Napoli/,null,",0,Yes
GCS_RON_QA,GROUNDFORCE BCN 2023 UTE,GCS,vendor,2,0.2,Goal,Root/div/vendor,GCS_RON_QA/GCS/GROUNDFORCE BCN 2023 UTE,1,No
GCS_RON_QA,",null,",GROUNDFORCE BCN 2023 UTE,vnd_typ,3,100.0,Goal,Root/div/vendor/vnd_typ,"GCS_RON_QA/GCS/GROUNDFORCE BCN 2023 UTE/,null,",0,Yes
GCS_RON_QA,GROUNDFORCE MAD 2023 UTE,GCS,vendor,2,0.25,Goal,Root/div/vendor,GCS_RON_QA/GCS/GROUNDFORCE MAD 2023 UTE,1,No
GCS_RON_QA,",null,",GROUNDFORCE MAD 2023 UTE,vnd_typ,3,100.0,Goal,Root/div/vendor/vnd_typ,"GCS_RON_QA/GCS/GROUNDFORCE MAD 2023 UTE/,null,",0,Yes
GCS_RON_QA,Groundforce,GCS,vendor,2,0.17,Goal,Root/div/vendor,GCS_RON_QA/GCS/Groundforce,1,No
GCS_RON_QA,",null,",Groundforce,vnd_typ,3,100.0,Goal,Root/div/vendor/vnd_typ,"GCS_RON_QA/GCS/Groundforce/,null,",0,Yes
GCS_RON_QA,HAECO,GCS,vendor,2,0.45,Goal,Root/div/vendor,GCS_RON_QA/GCS/HAECO,1,No
GCS_RON_QA,",null,",HAECO,vnd_typ,3,100.0,Goal,Root/div/vendor/vnd_typ,"GCS_RON_QA/GCS/HAECO/,null,",0,Yes
GCS_RON_QA,HHS Aviation,GCS,vendor,2,0.14,Goal,Root/div/vendor,GCS_RON_QA/GCS/HHS Aviation,2,No
GCS_RON_QA,",null,",HHS Aviation,vnd_typ,3,20.88,Goal,Root/div/vendor/vnd_typ,"GCS_RON_QA/GCS/HHS Aviation/,null,",0,Yes
GCS_RON_QA,Cabin,HHS Aviation,vnd_typ,3,79.12,Goal,Root/div/vendor/vnd_typ,GCS_RON_QA/GCS/HHS Aviation/Cabin,0,Yes
GCS_RON_QA,Intercargo,GCS,vendor,2,0.18,Goal,Root/div/vendor,GCS_RON_QA/GCS/Intercargo,1,No
GCS_RON_QA,",null,",Intercargo,vnd_typ,3,100.0,Goal,Root/div/vendor/vnd_typ,"GCS_RON_QA/GCS/Intercargo/,null,",0,Yes
GCS_RON_QA,Inzunza Villanueva SPA,GCS,vendor,2,0.37,Goal,Root/div/vendor,GCS_RON_QA/GCS/Inzunza Villanueva SPA,1,No
GCS_RON_QA,",null,",Inzunza Villanueva SPA,vnd_typ,3,100.0,Goal,Root/div/vendor/vnd_typ,"GCS_RON_QA/GCS/Inzunza Villanueva SPA/,null,",0,Yes
GCS_RON_QA,Jet Air,GCS,vendor,2,0.47,Goal,Root/div/vendor,GCS_RON_QA/GCS/Jet Air,1,No
GCS_RON_QA,Cabin,Jet Air,vnd_typ,3,100.0,Goal,Root/div/vendor/vnd_typ,GCS_RON_QA/GCS/Jet Air/Cabin,0,Yes
GCS_RON_QA,KLM,GCS,vendor,2,0.47,Goal,Root/div/vendor,GCS_RON_QA/GCS/KLM,1,No
GCS_RON_QA,",null,",KLM,vnd_typ,3,100.0,Goal,Root/div/vendor/vnd_typ,"GCS_RON_QA/GCS/KLM/,null,",0,Yes
GCS_RON_QA,Korean Air,GCS,vendor,2,0.08,Goal,Root/div/vendor,GCS_RON_QA/GCS/Korean Air,1,No
GCS_RON_QA,",null,",Korean Air,vnd_typ,3,100.0,Goal,Root/div/vendor/vnd_typ,"GCS_RON_QA/GCS/Korean Air/,null,",0,Yes
GCS_RON_QA,Menzies Aviation,GCS,vendor,2,0.1,Goal,Root/div/vendor,GCS_RON_QA/GCS/Menzies Aviation,4,No
GCS_RON_QA,",null,",Menzies Aviation,vnd_typ,3,45.77,Goal,Root/div/vendor/vnd_typ,"GCS_RON_QA/GCS/Menzies Aviation/,null,",0,Yes
GCS_RON_QA,Blended,Menzies Aviation,vnd_typ,3,25.81,Goal,Root/div/vendor/vnd_typ,GCS_RON_QA/GCS/Menzies Aviation/Blended,0,Yes
GCS_RON_QA,Cabin,Menzies Aviation,vnd_typ,3,15.35,Goal,Root/div/vendor/vnd_typ,GCS_RON_QA/GCS/Menzies Aviation/Cabin,0,Yes
GCS_RON_QA,FS,Menzies Aviation,vnd_typ,3,13.07,Goal,Root/div/vendor/vnd_typ,GCS_RON_QA/GCS/Menzies Aviation/FS,0,Yes
GCS_RON_QA,Multi Services Group,GCS,vendor,2,0.45,Goal,Root/div/vendor,GCS_RON_QA/GCS/Multi Services Group,1,No
GCS_RON_QA,",null,",Multi Services Group,vnd_typ,3,100.0,Goal,Root/div/vendor/vnd_typ,"GCS_RON_QA/GCS/Multi Services Group/,null,",0,Yes
GCS_RON_QA,NAHCo,GCS,vendor,2,0.11,Goal,Root/div/vendor,GCS_RON_QA/GCS/NAHCo,1,No
GCS_RON_QA,",null,",NAHCo,vnd_typ,3,100.0,Goal,Root/div/vendor/vnd_typ,"GCS_RON_QA/GCS/NAHCo/,null,",0,Yes
GCS_RON_QA,Omega Aviation,GCS,vendor,2,0.19,Goal,Root/div/vendor,GCS_RON_QA/GCS/Omega Aviation,1,No
GCS_RON_QA,",null,",Omega Aviation,vnd_typ,3,100.0,Goal,Root/div/vendor/vnd_typ,"GCS_RON_QA/GCS/Omega Aviation/,null,",0,Yes
GCS_RON_QA,ORBITAL SERV AUXILIARES TRANS AEREO,GCS,vendor,2,0.12,Goal,Root/div/vendor,GCS_RON_QA/GCS/ORBITAL SERV AUXILIARES TRANS AEREO,1,No
GCS_RON_QA,",null,",ORBITAL SERV AUXILIARES TRANS AEREO,vnd_typ,3,100.0,Goal,Root/div/vendor/vnd_typ,"GCS_RON_QA/GCS/ORBITAL SERV AUXILIARES TRANS AEREO/,null,",0,Yes
GCS_RON_QA,Passenger Handling Services,GCS,vendor,2,0.26,Goal,Root/div/vendor,GCS_RON_QA/GCS/Passenger Handling Services,1,No
GCS_RON_QA,",null,",Passenger Handling Services,vnd_typ,3,100.0,Goal,Root/div/vendor/vnd_typ,"GCS_RON_QA/GCS/Passenger Handling Services/,null,",0,Yes
GCS_RON_QA,Pegasus,GCS,vendor,2,0.0,Goal,Root/div/vendor,GCS_RON_QA/GCS/Pegasus,1,No
GCS_RON_QA,Cabin,Pegasus,vnd_typ,3,100.0,Goal,Root/div/vendor/vnd_typ,GCS_RON_QA/GCS/Pegasus/Cabin,0,Yes
GCS_RON_QA,Portway,GCS,vendor,2,0.13,Goal,Root/div/vendor,GCS_RON_QA/GCS/Portway,1,No
GCS_RON_QA,",null,",Portway,vnd_typ,3,100.0,Goal,Root/div/vendor/vnd_typ,"GCS_RON_QA/GCS/Portway/,null,",0,Yes
GCS_RON_QA,PRIMEFLIGHT AVIATION SERVICES CANADA,GCS,vendor,2,0.44,Goal,Root/div/vendor,GCS_RON_QA/GCS/PRIMEFLIGHT AVIATION SERVICES CANADA,1,No
GCS_RON_QA,",null,",PRIMEFLIGHT AVIATION SERVICES CANADA,vnd_typ,3,100.0,Goal,Root/div/vendor/vnd_typ,"GCS_RON_QA/GCS/PRIMEFLIGHT AVIATION SERVICES CANADA/,null,",0,Yes
GCS_RON_QA,PrimeFlight,GCS,vendor,2,0.32,Goal,Root/div/vendor,GCS_RON_QA/GCS/PrimeFlight,1,No
GCS_RON_QA,FS,PrimeFlight,vnd_typ,3,100.0,Goal,Root/div/vendor/vnd_typ,GCS_RON_QA/GCS/PrimeFlight/FS,0,Yes
GCS_RON_QA,Prospect,GCS,vendor,2,0.0,Goal,Root/div/vendor,GCS_RON_QA/GCS/Prospect,1,No
GCS_RON_QA,Cabin,Prospect,vnd_typ,3,100.0,Goal,Root/div/vendor/vnd_typ,GCS_RON_QA/GCS/Prospect/Cabin,0,Yes
GCS_RON_QA,QAS,GCS,vendor,2,0.4,Goal,Root/div/vendor,GCS_RON_QA/GCS/QAS,1,No
GCS_RON_QA,",null,",QAS,vnd_typ,3,100.0,Goal,Root/div/vendor/vnd_typ,"GCS_RON_QA/GCS/QAS/,null,",0,Yes
GCS_RON_QA,RAM Handling,GCS,vendor,2,0.49,Goal,Root/div/vendor,GCS_RON_QA/GCS/RAM Handling,1,No
GCS_RON_QA,",null,",RAM Handling,vnd_typ,3,100.0,Goal,Root/div/vendor/vnd_typ,"GCS_RON_QA/GCS/RAM Handling/,null,",0,Yes
GCS_RON_QA,Red Handling UK,GCS,vendor,2,0.34,Goal,Root/div/vendor,GCS_RON_QA/GCS/Red Handling UK,1,No
GCS_RON_QA,",null,",Red Handling UK,vnd_typ,3,100.0,Goal,Root/div/vendor/vnd_typ,"GCS_RON_QA/GCS/Red Handling UK/,null,",0,Yes
GCS_RON_QA,SAG,GCS,vendor,2,0.32,Goal,Root/div/vendor,GCS_RON_QA/GCS/SAG,1,No
GCS_RON_QA,",null,",SAG,vnd_typ,3,100.0,Goal,Root/div/vendor/vnd_typ,"GCS_RON_QA/GCS/SAG/,null,",0,Yes
GCS_RON_QA,SAI,GCS,vendor,2,0.11,Goal,Root/div/vendor,GCS_RON_QA/GCS/SAI,1,No
GCS_RON_QA,",null,",SAI,vnd_typ,3,100.0,Goal,Root/div/vendor/vnd_typ,"GCS_RON_QA/GCS/SAI/,null,",0,Yes
GCS_RON_QA,Samsic Assistance Canada Inc.,GCS,vendor,2,0.41,Goal,Root/div/vendor,GCS_RON_QA/GCS/Samsic Assistance Canada Inc.,1,No
GCS_RON_QA,",null,",Samsic Assistance Canada Inc.,vnd_typ,3,100.0,Goal,Root/div/vendor/vnd_typ,"GCS_RON_QA/GCS/Samsic Assistance Canada Inc./,null,",0,Yes
GCS_RON_QA,SAMSIC HANDLING DOMINICANA S.A.S,GCS,vendor,2,0.14,Goal,Root/div/vendor,GCS_RON_QA/GCS/SAMSIC HANDLING DOMINICANA S.A.S,1,No
GCS_RON_QA,",null,",SAMSIC HANDLING DOMINICANA S.A.S,vnd_typ,3,100.0,Goal,Root/div/vendor/vnd_typ,"GCS_RON_QA/GCS/SAMSIC HANDLING DOMINICANA S.A.S/,null,",0,Yes
GCS_RON_QA,SHP,GCS,vendor,2,0.02,Goal,Root/div/vendor,GCS_RON_QA/GCS/SHP,1,No
GCS_RON_QA,",null,",SHP,vnd_typ,3,100.0,Goal,Root/div/vendor/vnd_typ,"GCS_RON_QA/GCS/SHP/,null,",0,Yes
GCS_RON_QA,SKGS,GCS,vendor,2,0.26,Goal,Root/div/vendor,GCS_RON_QA/GCS/SKGS,1,No
GCS_RON_QA,",null,",SKGS,vnd_typ,3,100.0,Goal,Root/div/vendor/vnd_typ,"GCS_RON_QA/GCS/SKGS/,null,",0,Yes
GCS_RON_QA,SkyWest,GCS,vendor,2,0.46,Goal,Root/div/vendor,GCS_RON_QA/GCS/SkyWest,1,No
GCS_RON_QA,FS,SkyWest,vnd_typ,3,100.0,Goal,Root/div/vendor/vnd_typ,GCS_RON_QA/GCS/SkyWest/FS,0,Yes
GCS_RON_QA,Swissport,GCS,vendor,2,0.17,Goal,Root/div/vendor,GCS_RON_QA/GCS/Swissport,1,No
GCS_RON_QA,",null,",Swissport,vnd_typ,3,100.0,Goal,Root/div/vendor/vnd_typ,"GCS_RON_QA/GCS/Swissport/,null,",0,Yes
GCS_RON_QA,Talma,GCS,vendor,2,0.33,Goal,Root/div/vendor,GCS_RON_QA/GCS/Talma,1,No
GCS_RON_QA,",null,",Talma,vnd_typ,3,100.0,Goal,Root/div/vendor/vnd_typ,"GCS_RON_QA/GCS/Talma/,null,",0,Yes
GCS_RON_QA,Tecnologias Unidas,GCS,vendor,2,0.47,Goal,Root/div/vendor,GCS_RON_QA/GCS/Tecnologias Unidas,1,No
GCS_RON_QA,",null,",Tecnologias Unidas,vnd_typ,3,100.0,Goal,Root/div/vendor/vnd_typ,"GCS_RON_QA/GCS/Tecnologias Unidas/,null,",0,Yes
GCS_RON_QA,Unifi,GCS,vendor,2,0.01,Goal,Root/div/vendor,GCS_RON_QA/GCS/Unifi,3,No
GCS_RON_QA,Blended,Unifi,vnd_typ,3,40.66,Goal,Root/div/vendor/vnd_typ,GCS_RON_QA/GCS/Unifi/Blended,0,Yes
GCS_RON_QA,Cabin,Unifi,vnd_typ,3,10.99,Goal,Root/div/vendor/vnd_typ,GCS_RON_QA/GCS/Unifi/Cabin,0,Yes
GCS_RON_QA,FS,Unifi,vnd_typ,3,48.35,Goal,Root/div/vendor/vnd_typ,GCS_RON_QA/GCS/Unifi/FS,0,Yes
GCS_RON_QA,US Aviation,GCS,vendor,2,0.41,Goal,Root/div/vendor,GCS_RON_QA/GCS/US Aviation,2,No
GCS_RON_QA,Blended,US Aviation,vnd_typ,3,72.68,Goal,Root/div/vendor/vnd_typ,GCS_RON_QA/GCS/US Aviation/Blended,0,Yes
GCS_RON_QA,Cabin,US Aviation,vnd_typ,3,27.32,Goal,Root/div/vendor/vnd_typ,GCS_RON_QA/GCS/US Aviation/Cabin,0,Yes
GCS_RON_QA,Valley International Airport Ground Handling Services,GCS,vendor,2,0.18,Goal,Root/div/vendor,GCS_RON_QA/GCS/Valley International Airport Ground Handling Services,1,No
GCS_RON_QA,FS,Valley International Airport Ground Handling Services,vnd_typ,3,100.0,Goal,Root/div/vendor/vnd_typ,GCS_RON_QA/GCS/Valley International Airport Ground Handling Services/FS,0,Yes
GCS_RON_QA,Warren,GCS,vendor,2,0.49,Goal,Root/div/vendor,GCS_RON_QA/GCS/Warren,1,No
GCS_RON_QA,",null,",Warren,vnd_typ,3,100.0,Goal,Root/div/vendor/vnd_typ,"GCS_RON_QA/GCS/Warren/,null,",0,Yes
GCS_RON_QA,WFS -Worldwide Flight Services,GCS,vendor,2,0.12,Goal,Root/div/vendor,GCS_RON_QA/GCS/WFS -Worldwide Flight Services,2,No
GCS_RON_QA,",null,",WFS -Worldwide Flight Services,vnd_typ,3,62.88,Goal,Root/div/vendor/vnd_typ,"GCS_RON_QA/GCS/WFS -Worldwide Flight Services/,null,",0,Yes
GCS_RON_QA,Blended,WFS -Worldwide Flight Services,vnd_typ,3,37.12,Goal,Root/div/vendor/vnd_typ,GCS_RON_QA/GCS/WFS -Worldwide Flight Services/Blended,0,Yes
GCS_RON_QA,WISAG Aviation,GCS,vendor,2,0.22,Goal,Root/div/vendor,GCS_RON_QA/GCS/WISAG Aviation,1,No
GCS_RON_QA,",null,",WISAG Aviation,vnd_typ,3,100.0,Goal,Root/div/vendor/vnd_typ,"GCS_RON_QA/GCS/WISAG Aviation/,null,",0,Yes
GCS_RON_QA,Wisag,GCS,vendor,2,0.44999999999999996,Goal,Root/div/vendor,GCS_RON_QA/GCS/Wisag,1,No
GCS_RON_QA,",null,",Wisag,vnd_typ,3,100.0,Goal,Root/div/vendor/vnd_typ,"GCS_RON_QA/GCS/Wisag/,null,",0,Yes
