KPI_Name,parent,node,Tier,sys,ml_dc_1,ml_dc_2,fleet,frst_flt_ind,station,Baseline,Baseline_Num,Baseline_Den,Goal,Stretch,Contribution,Goal_Num,Goal_Den,Source,Goal_Yr,YTD_Num,YTD_Den
D0,,sys,1.0,,,,,,,68.29,1216960,1782050,71.7,5.00%,1.0,1277808.0,1782050,Goal Input,2027,1277808.0,1782050
D0,,DC,2.0,,DC,,,,,72.13,446980,619723,75.73,5.00%,0.36729226926110964,469329.0,619723,Goal Input,2027,469329.0,619723
D0,,DL,2.0,,DL,,,,,66.24,769980,1162327,69.56,5.00%,0.6327077307388903,808479.0,1162327,Goal Input,2027,808479.0,1162327
D0,DC,9E,3.0,,DC,9E,,,,68.21,173872,254904,71.62,5.00%,0.38899279609825943,182565.6,254904,Cascaded,2027,182565.6,254904
D0,DC,OO,3.0,,DC,OO,,,,76.2,202544,265791,80.01,5.00%,0.4531388429012484,212671.2,265791,Cascaded,2027,212671.2,265791
D0,DC,YX,3.0,,DC,YX,,,,71.26,70564,99028,74.82,5.00%,0.1578683610004922,74092.2,99028,Cascaded,2027,74092.2,99028
D0,DL,DL,3.0,,DL,DL,,,,66.24,769980,1162327,69.56,5.00%,1.0,808479.0,1162327,Cascaded,2027,808479.0,1162327
D0,DC/9E,CRJ-700,4.0,,DC,9E,CRJ-700,,,68.15,25516,37440,71.56,5.00%,0.14675163338547897,26791.8,37440,Cascaded,2027,26791.8,37440
D0,DC/9E,CRJ-900,4.0,,DC,9E,CRJ-900,,,68.22,148356,217464,71.63,5.00%,0.8532483666145211,155773.8,217464,Cascaded,2027,155773.80000000002,217464
D0,DC/OO,CRJ-700,4.0,,DC,OO,CRJ-700,,,65.28,4558,6982,68.55,5.00%,0.02250375227111146,4785.9,6982,Cascaded,2027,4785.900000000001,6982
D0,DC/OO,CRJ-900,4.0,,DC,OO,CRJ-900,,,70.95,64943,91538,74.49,5.00%,0.32063650367327595,68190.15,91538,Cascaded,2027,68190.15000000001,91538
D0,DC/OO,E-175,4.0,,DC,OO,E-175,,,79.95,122337,153011,83.95,5.00%,0.6040020933723043,128453.85,153011,Cascaded,2027,128453.85,153011
D0,DC/OO,E170/75,4.0,,DC,OO,E170/75,,,75.08,10706,14260,78.83,5.00%,0.05285765068330832,11241.3,14260,Cascaded,2027,11241.300000000001,14260
D0,DC/YX,E-170,4.0,,DC,YX,E-170,,,72.16,14727,20408,75.77,5.00%,0.2087041550932487,15463.35,20408,Cascaded,2027,15463.349999999999,20408
D0,DC/YX,E-175,4.0,,DC,YX,E-175,,,71.02,55837,78620,74.57,5.00%,0.7912958449067513,58628.85,78620,Cascaded,2027,58628.85,78620
D0,DL/DL,220,4.0,,DL,DL,220,,,66.32,62914,94861,69.64,5.00%,0.08170861580820281,66059.7,94861,Cascaded,2027,66059.7,94861
D0,DL/DL,319,4.0,,DL,DL,319,,,72.59,54747,75417,76.22,5.00%,0.07110184680121562,57484.35,75417,Cascaded,2027,57484.35,75417
D0,DL/DL,320,4.0,,DL,DL,320,,,65.97,44993,68205,69.27,5.00%,0.05843398529831944,47242.65,68205,Cascaded,2027,47242.65,68205
D0,DL/DL,321,4.0,,DL,DL,321,,,61.98,162108,261537,65.08,5.00%,0.21053533858022286,170213.4,261537,Cascaded,2027,170213.4,261537
D0,DL/DL,332,4.0,,DL,DL,332,,,63.99,4039,6312,67.19,5.00%,0.005245590794566092,4240.95,6312,Cascaded,2027,4240.95,6312
D0,DL/DL,333,4.0,,DL,DL,333,,,52.6,9144,17385,55.23,5.00%,0.011875633133328138,9601.2,17385,Cascaded,2027,9601.2,17385
D0,DL/DL,339,4.0,,DL,DL,339,,,57.88,12338,21316,60.78,5.00%,0.016023792825787683,12954.9,21316,Cascaded,2027,12954.9,21316
D0,DL/DL,359,4.0,,DL,DL,359,,,52.13,3779,7249,54.74,5.00%,0.004907919686225616,3967.95,7249,Cascaded,2027,3967.95,7249
D0,DL/DL,35H,4.0,,DL,DL,35H,,,54.16,2807,5183,56.87,5.00%,0.003645549235045066,2947.35,5183,Cascaded,2027,2947.35,5183
D0,DL/DL,35J,4.0,,DL,DL,35J,,,55.68,1695,3044,58.47,5.00%,0.00220135587937349,1779.75,3044,Cascaded,2027,1779.75,3044
D0,DL/DL,35L,4.0,,DL,DL,35L,,,20.95,141,673,22.0,5.00%,0.0001831216395231045,148.05,673,Cascaded,2027,148.05,673
D0,DL/DL,717,4.0,,DL,DL,717,,,70.65,101145,143168,74.18,5.00%,0.1313605548196057,106202.25,143168,Cascaded,2027,106202.25,143168
D0,DL/DL,738,4.0,,DL,DL,738,,,67.96,68280,100467,71.36,5.00%,0.08867762799033742,71694.0,100467,Cascaded,2027,71694.0,100467
D0,DL/DL,739,4.0,,DL,DL,739,,,72.3,161039,222749,75.91,5.00%,0.20914699083093066,169090.95,222749,Cascaded,2027,169090.95,222749
D0,DL/DL,757,4.0,,DL,DL,757,,,58.79,57240,97360,61.73,5.00%,0.07433959323618795,60102.0,97360,Cascaded,2027,60102.0,97360
D0,DL/DL,763,4.0,,DL,DL,763,,,64.75,16451,25405,67.99,5.00%,0.021365490012727605,17273.55,25405,Cascaded,2027,17273.55,25405
D0,DL/DL,764,4.0,,DL,DL,764,,,59.35,7120,11996,62.32,5.00%,0.009246993428400737,7476.0,11996,Cascaded,2027,7476.0,11996
D0,DC/9E,First Flight,4.1,,DC,9E,,First Flight,,83.97,36197,43108,88.17,5.00%,0.20818188092389803,38006.85,43108,Cascaded,2027,38006.85,43108
D0,DC/9E,Not First Flight,4.1,,DC,9E,,Not First Flight,,65.0,137675,211796,68.25,5.00%,0.791818119076102,144558.75,211796,Cascaded,2027,144558.75,211796
D0,DC/OO,First Flight,4.1,,DC,OO,,First Flight,,87.44,37989,43448,91.81,5.00%,0.18755924638597046,39888.45,43448,Cascaded,2027,39888.450000000004,43448
D0,DC/OO,Not First Flight,4.1,,DC,OO,,Not First Flight,,74.01,164555,222343,77.71,5.00%,0.8124407536140296,172782.75,222343,Cascaded,2027,172782.75,222343
D0,DC/YX,First Flight,4.1,,DC,YX,,First Flight,,85.77,15357,17905,90.06,5.00%,0.21763222039566918,16124.85,17905,Cascaded,2027,16124.849999999999,17905
D0,DC/YX,Not First Flight,4.1,,DC,YX,,Not First Flight,,68.05,55207,81123,71.46,5.00%,0.7823677796043308,57967.35,81123,Cascaded,2027,57967.35,81123
D0,DL/DL,First Flight,4.1,,DL,DL,,First Flight,,80.36,187485,233313,84.38,5.00%,0.24349333748928545,196859.25,233313,Cascaded,2027,196859.25,233313
D0,DL/DL,Not First Flight,4.1,,DL,DL,,Not First Flight,,62.7,582495,929014,65.84,5.00%,0.7565066625107145,611619.75,929014,Cascaded,2027,611619.75,929014
D0,DC/9E/First Flight,ABE,5.1,,DC,9E,,First Flight,ABE,86.67,299,345,91.0,5.00%,0.008260353067933806,313.95,345,Cascaded,2027,313.95,345
D0,DC/9E/First Flight,ABY,5.1,,DC,9E,,First Flight,ABY,87.57,162,185,91.95,5.00%,0.004475509020084537,170.1,185,Cascaded,2027,170.1,185
D0,DC/9E/First Flight,AEX,5.1,,DC,9E,,First Flight,AEX,88.1,311,353,92.51,5.00%,0.008591872254606735,326.55,353,Cascaded,2027,326.55,353
D0,DC/9E/First Flight,AGS,5.1,,DC,9E,,First Flight,AGS,84.44,369,437,88.66,5.00%,0.010194214990192558,387.45,437,Cascaded,2027,387.45,437
D0,DC/9E/First Flight,ALB,5.1,,DC,9E,,First Flight,ALB,92.4,304,329,97.02,5.00%,0.008398486062380861,319.2,329,Cascaded,2027,319.2,329
D0,DC/9E/First Flight,ATL,5.1,,DC,9E,,First Flight,ATL,84.13,1734,2061,88.34,5.00%,0.047904522474238195,1820.7,2061,Cascaded,2027,1820.6999999999998,2061
D0,DC/9E/First Flight,AUS,5.1,,DC,9E,,First Flight,AUS,0.0,0,3,0.0,0.00%,0.0,0.0,3,Cascaded,2027,0.0,3
D0,DC/9E/First Flight,AVL,5.1,,DC,9E,,First Flight,AVL,80.65,125,155,84.68,5.00%,0.0034533248611763405,131.25,155,Cascaded,2027,131.25,155
D0,DC/9E/First Flight,BGR,5.1,,DC,9E,,First Flight,BGR,91.61,262,286,96.19,5.00%,0.00723816890902561,275.1,286,Cascaded,2027,275.09999999999997,286
D0,DC/9E/First Flight,BHM,5.1,,DC,9E,,First Flight,BHM,84.57,455,538,88.8,5.00%,0.01257010249468188,477.75,538,Cascaded,2027,477.75,538
D0,DC/9E/First Flight,BIS,5.1,,DC,9E,,First Flight,BIS,81.38,153,188,85.45,5.00%,0.004226869630079841,160.65,188,Cascaded,2027,160.65,188
D0,DC/9E/First Flight,BMI,5.1,,DC,9E,,First Flight,BMI,90.71,254,280,95.25,5.00%,0.007017156117910324,266.7,280,Cascaded,2027,266.7,280
D0,DC/9E/First Flight,BNA,5.1,,DC,9E,,First Flight,BNA,76.65,302,394,80.48,5.00%,0.008343232864602038,317.1,394,Cascaded,2027,317.09999999999997,394
D0,DC/9E/First Flight,BQK,5.1,,DC,9E,,First Flight,BQK,88.45,314,355,92.87,5.00%,0.008674752051274968,329.7,355,Cascaded,2027,329.7,355
D0,DC/9E/First Flight,BTR,5.1,,DC,9E,,First Flight,BTR,0.0,0,1,0.0,0.00%,0.0,0.0,1,Cascaded,2027,0.0,1
D0,DC/9E/First Flight,BTV,5.1,,DC,9E,,First Flight,BTV,90.26,769,852,94.77,5.00%,0.021244854545956846,807.45,852,Cascaded,2027,807.4499999999999,852
D0,DC/9E/First Flight,BUF,5.1,,DC,9E,,First Flight,BUF,80.79,286,354,84.83,5.00%,0.007901207282371467,300.3,354,Cascaded,2027,300.3,354
D0,DC/9E/First Flight,CAE,5.1,,DC,9E,,First Flight,CAE,81.0,307,379,85.05,5.00%,0.008481365859049092,322.35,379,Cascaded,2027,322.34999999999997,379
D0,DC/9E/First Flight,CHA,5.1,,DC,9E,,First Flight,CHA,80.77,630,780,84.81,5.00%,0.017404757300328758,661.5,780,Cascaded,2027,661.5,780
D0,DC/9E/First Flight,CHO,5.1,,DC,9E,,First Flight,CHO,92.52,544,588,97.14,5.00%,0.015028869795839435,571.2,588,Cascaded,2027,571.1999999999999,588
D0,DC/9E/First Flight,CHS,5.1,,DC,9E,,First Flight,CHS,87.43,473,541,91.8,5.00%,0.013067381274691273,496.65,541,Cascaded,2027,496.65,541
D0,DC/9E/First Flight,CID,5.1,,DC,9E,,First Flight,CID,81.6,173,212,85.68,5.00%,0.004779401607868055,181.65,212,Cascaded,2027,181.65,212
D0,DC/9E/First Flight,CLE,5.1,,DC,9E,,First Flight,CLE,82.22,846,1029,86.33,5.00%,0.023372102660441475,888.3,1029,Cascaded,2027,888.3,1029
D0,DC/9E/First Flight,CLT,5.1,,DC,9E,,First Flight,CLT,77.75,339,436,81.64,5.00%,0.009365417023510236,355.95,436,Cascaded,2027,355.95,436
D0,DC/9E/First Flight,CMH,5.1,,DC,9E,,First Flight,CMH,85.28,139,163,89.54,5.00%,0.0038400972456280906,145.95,163,Cascaded,2027,145.95,163
D0,DC/9E/First Flight,CRW,5.1,,DC,9E,,First Flight,CRW,84.42,233,276,88.64,5.00%,0.006436997541232699,244.65,276,Cascaded,2027,244.64999999999998,276
D0,DC/9E/First Flight,CSG,5.1,,DC,9E,,First Flight,CSG,77.92,180,231,81.82,5.00%,0.0049727878000939306,189.0,231,Cascaded,2027,189.0,231
D0,DC/9E/First Flight,CVG,5.1,,DC,9E,,First Flight,CVG,83.63,2130,2547,87.81,5.00%,0.05884465563444485,2236.5,2547,Cascaded,2027,2236.5,2547
D0,DC/9E/First Flight,CWA,5.1,,DC,9E,,First Flight,CWA,87.46,307,351,91.84,5.00%,0.008481365859049092,322.35,351,Cascaded,2027,322.34999999999997,351
D0,DC/9E/First Flight,DAY,5.1,,DC,9E,,First Flight,DAY,73.75,59,80,77.44,5.00%,0.0016299693344752327,61.95,80,Cascaded,2027,61.949999999999996,80
D0,DC/9E/First Flight,DCA,5.1,,DC,9E,,First Flight,DCA,82.24,88,107,86.36,5.00%,0.002431140702268144,92.4,107,Cascaded,2027,92.39999999999999,107
D0,DC/9E/First Flight,DHN,5.1,,DC,9E,,First Flight,DHN,85.35,303,355,89.62,5.00%,0.00837085946349145,318.15,355,Cascaded,2027,318.15,355
D0,DC/9E/First Flight,DLH,5.1,,DC,9E,,First Flight,DLH,91.51,97,106,96.08,5.00%,0.0026797800922728405,101.85,106,Cascaded,2027,101.85,106
D0,DC/9E/First Flight,DSM,5.1,,DC,9E,,First Flight,DSM,82.18,830,1010,86.29,5.00%,0.022930077078210903,871.5,1010,Cascaded,2027,871.5,1010
D0,DC/9E/First Flight,DTW,5.1,,DC,9E,,First Flight,DTW,77.69,693,892,81.58,5.00%,0.01914523303036163,727.65,892,Cascaded,2027,727.65,892
D0,DC/9E/First Flight,EVV,5.1,,DC,9E,,First Flight,EVV,90.91,310,341,95.45,5.00%,0.008564245655717324,325.5,341,Cascaded,2027,325.5,341
D0,DC/9E/First Flight,EWR,5.1,,DC,9E,,First Flight,EWR,0.0,0,3,0.0,0.00%,0.0,0.0,3,Cascaded,2027,0.0,3
D0,DC/9E/First Flight,FAR,5.1,,DC,9E,,First Flight,FAR,86.11,31,36,90.42,5.00%,0.0008564245655717325,32.55,36,Cascaded,2027,32.55,36
D0,DC/9E/First Flight,FAY,5.1,,DC,9E,,First Flight,FAY,88.76,300,338,93.2,5.00%,0.008287979666823217,315.0,338,Cascaded,2027,315.0,338
D0,DC/9E/First Flight,FSD,5.1,,DC,9E,,First Flight,FSD,81.11,73,90,85.17,5.00%,0.002016741718926983,76.65,90,Cascaded,2027,76.64999999999999,90
D0,DC/9E/First Flight,FWA,5.1,,DC,9E,,First Flight,FWA,80.85,114,141,84.89,5.00%,0.0031494322733928225,119.7,141,Cascaded,2027,119.69999999999999,141
D0,DC/9E/First Flight,GFK,5.1,,DC,9E,,First Flight,GFK,87.27,48,55,91.64,5.00%,0.0013260767466917148,50.4,55,Cascaded,2027,50.4,55
D0,DC/9E/First Flight,GRB,5.1,,DC,9E,,First Flight,GRB,94.09,191,203,98.79,5.00%,0.005276680387877449,200.55,203,Cascaded,2027,200.54999999999998,203
D0,DC/9E/First Flight,GRR,5.1,,DC,9E,,First Flight,GRR,76.29,222,291,80.1,5.00%,0.006133104953449181,233.1,291,Cascaded,2027,233.1,291
D0,DC/9E/First Flight,GSO,5.1,,DC,9E,,First Flight,GSO,85.1,217,255,89.35,5.00%,0.005994971959002127,227.85,255,Cascaded,2027,227.85,255
D0,DC/9E/First Flight,GSP,5.1,,DC,9E,,First Flight,GSP,85.53,331,387,89.81,5.00%,0.00914440423239495,347.55,387,Cascaded,2027,347.55,387
D0,DC/9E/First Flight,GTR,5.1,,DC,9E,,First Flight,GTR,88.17,313,355,92.58,5.00%,0.008647125452385556,328.65,355,Cascaded,2027,328.65,355
D0,DC/9E/First Flight,HPN,5.1,,DC,9E,,First Flight,HPN,100.0,1,1,105.0,5.00%,2.7626598889410726e-05,1.05,1,Cascaded,2027,1.05,1
D0,DC/9E/First Flight,HSV,5.1,,DC,9E,,First Flight,HSV,79.71,389,488,83.7,5.00%,0.010746746967980772,408.45,488,Cascaded,2027,408.45,488
D0,DC/9E/First Flight,IAD,5.1,,DC,9E,,First Flight,IAD,81.19,82,101,85.25,5.00%,0.0022653811089316796,86.1,101,Cascaded,2027,86.1,101
D0,DC/9E/First Flight,ICT,5.1,,DC,9E,,First Flight,ICT,77.71,122,157,81.59,5.00%,0.0033704450645081086,128.1,157,Cascaded,2027,128.1,157
D0,DC/9E/First Flight,ILM,5.1,,DC,9E,,First Flight,ILM,86.36,228,264,90.68,5.00%,0.006298864546785645,239.4,264,Cascaded,2027,239.39999999999998,264
D0,DC/9E/First Flight,IND,5.1,,DC,9E,,First Flight,IND,88.83,803,904,93.27,5.00%,0.022184158908196812,843.15,904,Cascaded,2027,843.15,904
D0,DC/9E/First Flight,ITH,5.1,,DC,9E,,First Flight,ITH,91.55,260,284,96.13,5.00%,0.007182915711246789,273.0,284,Cascaded,2027,273.0,284
D0,DC/9E/First Flight,JAN,5.1,,DC,9E,,First Flight,JAN,79.73,59,74,83.72,5.00%,0.0016299693344752327,61.95,74,Cascaded,2027,61.949999999999996,74
D0,DC/9E/First Flight,JAX,5.1,,DC,9E,,First Flight,JAX,87.28,439,503,91.64,5.00%,0.012128076912451309,460.95,503,Cascaded,2027,460.95,503
D0,DC/9E/First Flight,JFK,5.1,,DC,9E,,First Flight,JFK,83.17,766,921,87.33,5.00%,0.021161974749288614,804.3,921,Cascaded,2027,804.3,921
D0,DC/9E/First Flight,LAN,5.1,,DC,9E,,First Flight,LAN,78.95,30,38,82.89,5.00%,0.0008287979666823217,31.5,38,Cascaded,2027,31.5,38
D0,DC/9E/First Flight,LEX,5.1,,DC,9E,,First Flight,LEX,86.27,289,335,90.58,5.00%,0.0079840870790397,303.45,335,Cascaded,2027,303.45,335
D0,DC/9E/First Flight,LFT,5.1,,DC,9E,,First Flight,LFT,91.64,296,323,96.22,5.00%,0.008177473271265575,310.8,323,Cascaded,2027,310.8,323
D0,DC/9E/First Flight,LGA,5.1,,DC,9E,,First Flight,LGA,87.75,1662,1894,92.14,5.00%,0.045915407354200626,1745.1,1894,Cascaded,2027,1745.1,1894
D0,DC/9E/First Flight,LIT,5.1,,DC,9E,,First Flight,LIT,67.35,196,291,70.72,5.00%,0.005414813382324502,205.8,291,Cascaded,2027,205.79999999999998,291
D0,DC/9E/First Flight,MBS,5.1,,DC,9E,,First Flight,MBS,81.43,57,70,85.5,5.00%,0.0015747161366964112,59.85,70,Cascaded,2027,59.849999999999994,70
D0,DC/9E/First Flight,MCI,5.1,,DC,9E,,First Flight,MCI,64.0,16,25,67.2,5.00%,0.0004420255822305716,16.8,25,Cascaded,2027,16.8,25
D0,DC/9E/First Flight,MDT,5.1,,DC,9E,,First Flight,MDT,83.68,200,239,87.87,5.00%,0.005525319777882145,210.0,239,Cascaded,2027,210.0,239
D0,DC/9E/First Flight,MEM,5.1,,DC,9E,,First Flight,MEM,83.81,264,315,88.0,5.00%,0.0072934221068044315,277.2,315,Cascaded,2027,277.2,315
D0,DC/9E/First Flight,MGM,5.1,,DC,9E,,First Flight,MGM,80.0,160,200,84.0,5.00%,0.004420255822305716,168.0,200,Cascaded,2027,168.0,200
D0,DC/9E/First Flight,MKE,5.1,,DC,9E,,First Flight,MKE,86.54,405,468,90.87,5.00%,0.011188772550211343,425.25,468,Cascaded,2027,425.25,468
D0,DC/9E/First Flight,MLI,5.1,,DC,9E,,First Flight,MLI,84.44,293,347,88.66,5.00%,0.008094593474597343,307.65,347,Cascaded,2027,307.65,347
D0,DC/9E/First Flight,MLU,5.1,,DC,9E,,First Flight,MLU,86.09,297,345,90.39,5.00%,0.008205099870154985,311.85,345,Cascaded,2027,311.84999999999997,345
D0,DC/9E/First Flight,MOB,5.1,,DC,9E,,First Flight,MOB,90.59,77,85,95.12,5.00%,0.0021272481144846258,80.85,85,Cascaded,2027,80.85,85
D0,DC/9E/First Flight,MOT,5.1,,DC,9E,,First Flight,MOT,75.0,60,80,78.75,5.00%,0.0016575959333646434,63.0,80,Cascaded,2027,63.0,80
D0,DC/9E/First Flight,MSN,5.1,,DC,9E,,First Flight,MSN,86.19,156,181,90.5,5.00%,0.004309749426748073,163.8,181,Cascaded,2027,163.79999999999998,181
D0,DC/9E/First Flight,MSP,5.1,,DC,9E,,First Flight,MSP,78.95,630,798,82.89,5.00%,0.017404757300328758,661.5,798,Cascaded,2027,661.5,798
D0,DC/9E/First Flight,OAJ,5.1,,DC,9E,,First Flight,OAJ,88.24,210,238,92.65,5.00%,0.0058015857667762525,220.5,238,Cascaded,2027,220.5,238
D0,DC/9E/First Flight,OKC,5.1,,DC,9E,,First Flight,OKC,83.22,124,149,87.38,5.00%,0.00342569826228693,130.2,149,Cascaded,2027,130.2,149
D0,DC/9E/First Flight,OMA,5.1,,DC,9E,,First Flight,OMA,84.21,288,342,88.42,5.00%,0.007956460480150288,302.4,342,Cascaded,2027,302.4,342
D0,DC/9E/First Flight,ORD,5.1,,DC,9E,,First Flight,ORD,55.17,48,87,57.93,5.00%,0.0013260767466917148,50.4,87,Cascaded,2027,50.4,87
D0,DC/9E/First Flight,ORF,5.1,,DC,9E,,First Flight,ORF,85.52,573,670,89.8,5.00%,0.015830041163632347,601.65,670,Cascaded,2027,601.65,670
D0,DC/9E/First Flight,PIT,5.1,,DC,9E,,First Flight,PIT,79.08,189,239,83.03,5.00%,0.005221427190098627,198.45,239,Cascaded,2027,198.45,239
D0,DC/9E/First Flight,PVD,5.1,,DC,9E,,First Flight,PVD,65.98,64,97,69.28,5.00%,0.0017681023289222865,67.2,97,Cascaded,2027,67.2,97
D0,DC/9E/First Flight,PWM,5.1,,DC,9E,,First Flight,PWM,84.48,343,406,88.71,5.00%,0.009475923419067878,360.15,406,Cascaded,2027,360.15,406
D0,DC/9E/First Flight,RAP,5.1,,DC,9E,,First Flight,RAP,88.85,239,269,93.29,5.00%,0.006602757134569163,250.95,269,Cascaded,2027,250.95,269
D0,DC/9E/First Flight,RDU,5.1,,DC,9E,,First Flight,RDU,78.89,1839,2331,82.84,5.00%,0.05080531535762632,1930.95,2331,Cascaded,2027,1930.9499999999998,2331
D0,DC/9E/First Flight,RIC,5.1,,DC,9E,,First Flight,RIC,80.95,527,651,85.0,5.00%,0.014559217614719452,553.35,651,Cascaded,2027,553.35,651
D0,DC/9E/First Flight,ROA,5.1,,DC,9E,,First Flight,ROA,85.27,249,292,89.54,5.00%,0.006879023123463271,261.45,292,Cascaded,2027,261.45,292
D0,DC/9E/First Flight,ROC,5.1,,DC,9E,,First Flight,ROC,78.5,668,851,82.42,5.00%,0.018454568058126362,701.4,851,Cascaded,2027,701.4,851
D0,DC/9E/First Flight,RST,5.1,,DC,9E,,First Flight,RST,90.14,256,284,94.65,5.00%,0.007072409315689146,268.8,284,Cascaded,2027,268.8,284
D0,DC/9E/First Flight,SAV,5.1,,DC,9E,,First Flight,SAV,84.91,270,318,89.15,5.00%,0.007459181700140895,283.5,318,Cascaded,2027,283.5,318
D0,DC/9E/First Flight,SBN,5.1,,DC,9E,,First Flight,SBN,91.67,11,12,96.25,5.00%,0.000303892587783518,11.55,12,Cascaded,2027,11.549999999999999,12
D0,DC/9E/First Flight,SDF,5.1,,DC,9E,,First Flight,SDF,85.71,138,161,90.0,5.00%,0.00381247064673868,144.9,161,Cascaded,2027,144.9,161
D0,DC/9E/First Flight,SGF,5.1,,DC,9E,,First Flight,SGF,80.1,157,196,84.11,5.00%,0.004337376025637484,164.85,196,Cascaded,2027,164.85,196
D0,DC/9E/First Flight,STL,5.1,,DC,9E,,First Flight,STL,84.25,230,273,88.46,5.00%,0.006354117744564467,241.5,273,Cascaded,2027,241.5,273
D0,DC/9E/First Flight,SYR,5.1,,DC,9E,,First Flight,SYR,86.35,683,791,90.66,5.00%,0.018868967041467524,717.15,791,Cascaded,2027,717.15,791
D0,DC/9E/First Flight,TRI,5.1,,DC,9E,,First Flight,TRI,86.17,162,188,90.48,5.00%,0.004475509020084537,170.1,188,Cascaded,2027,170.1,188
D0,DC/9E/First Flight,TUL,5.1,,DC,9E,,First Flight,TUL,72.95,205,281,76.6,5.00%,0.005663452772329198,215.25,281,Cascaded,2027,215.25,281
D0,DC/9E/First Flight,TVC,5.1,,DC,9E,,First Flight,TVC,79.31,23,29,83.28,5.00%,0.0006354117744564467,24.15,29,Cascaded,2027,24.15,29
D0,DC/9E/First Flight,TYS,5.1,,DC,9E,,First Flight,TYS,82.48,1398,1695,86.6,5.00%,0.03862198524739619,1467.9,1695,Cascaded,2027,1467.8999999999999,1695
D0,DC/9E/First Flight,VLD,5.1,,DC,9E,,First Flight,VLD,90.31,317,351,94.83,5.00%,0.0087576318479432,332.85,351,Cascaded,2027,332.84999999999997,351
D0,DC/9E/First Flight,VPS,5.1,,DC,9E,,First Flight,VPS,81.82,9,11,85.91,5.00%,0.0002486393900046965,9.45,11,Cascaded,2027,9.45,11
D0,DC/9E/First Flight,XNA,5.1,,DC,9E,,First Flight,XNA,83.13,271,326,87.29,5.00%,0.007486808299030307,284.55,326,Cascaded,2027,284.55,326
D0,DC/9E/First Flight,YHZ,5.1,,DC,9E,,First Flight,YHZ,84.91,90,106,89.15,5.00%,0.0024863939000469653,94.5,106,Cascaded,2027,94.5,106
D0,DC/9E/First Flight,YUL,5.1,,DC,9E,,First Flight,YUL,90.0,567,630,94.5,5.00%,0.015664281570295882,595.35,630,Cascaded,2027,595.35,630
D0,DC/9E/First Flight,YYZ,5.1,,DC,9E,,First Flight,YYZ,84.6,1192,1409,88.83,5.00%,0.032930905876177585,1251.6,1409,Cascaded,2027,1251.6,1409
D0,DC/9E/Not First Flight,ABE,5.1,,DC,9E,,Not First Flight,ABE,57.83,399,690,60.72,5.00%,0.002898129653168694,418.95,690,Cascaded,2027,418.95,690
D0,DC/9E/Not First Flight,ABY,5.1,,DC,9E,,Not First Flight,ABY,70.39,252,358,73.91,5.00%,0.0018303976756854912,264.6,358,Cascaded,2027,264.6,358
D0,DC/9E/Not First Flight,AEX,5.1,,DC,9E,,Not First Flight,AEX,66.67,440,660,70.0,5.00%,0.0031959324496095877,462.0,660,Cascaded,2027,462.0,660
D0,DC/9E/Not First Flight,AGS,5.1,,DC,9E,,Not First Flight,AGS,65.1,901,1384,68.36,5.00%,0.006544398038859633,946.05,1384,Cascaded,2027,946.05,1384
D0,DC/9E/Not First Flight,ALB,5.1,,DC,9E,,Not First Flight,ALB,69.31,323,466,72.78,5.00%,0.0023461049573270383,339.15,466,Cascaded,2027,339.15,466
D0,DC/9E/Not First Flight,ATL,5.1,,DC,9E,,Not First Flight,ATL,65.93,20429,30987,69.22,5.00%,0.14838569093880516,21450.45,30987,Cascaded,2027,21450.45,30987
D0,DC/9E/Not First Flight,ATW,5.1,,DC,9E,,Not First Flight,ATW,68.18,30,44,71.59,5.00%,0.0002179044852006537,31.5,44,Cascaded,2027,31.5,44
D0,DC/9E/Not First Flight,AUS,5.1,,DC,9E,,Not First Flight,AUS,69.38,732,1055,72.85,5.00%,0.005316869438895951,768.6,1055,Cascaded,2027,768.6,1055
D0,DC/9E/Not First Flight,AVL,5.1,,DC,9E,,Not First Flight,AVL,62.06,525,846,65.16,5.00%,0.00381332849101144,551.25,846,Cascaded,2027,551.25,846
D0,DC/9E/Not First Flight,AZO,5.1,,DC,9E,,Not First Flight,AZO,59.46,22,37,62.43,5.00%,0.00015979662248047938,23.1,37,Cascaded,2027,23.1,37
D0,DC/9E/Not First Flight,BGM,5.1,,DC,9E,,Not First Flight,BGM,23.08,3,13,24.23,5.00%,2.179044852006537e-05,3.15,13,Cascaded,2027,3.15,13
D0,DC/9E/Not First Flight,BGR,5.1,,DC,9E,,Not First Flight,BGR,73.67,677,919,77.35,5.00%,0.004917377882694752,710.85,919,Cascaded,2027,710.85,919
D0,DC/9E/Not First Flight,BHM,5.1,,DC,9E,,Not First Flight,BHM,62.15,573,922,65.25,5.00%,0.004161975667332486,601.65,922,Cascaded,2027,601.65,922
D0,DC/9E/Not First Flight,BIS,5.1,,DC,9E,,Not First Flight,BIS,69.19,357,516,72.65,5.00%,0.0025930633738877793,374.85,516,Cascaded,2027,374.85,516
D0,DC/9E/Not First Flight,BMI,5.1,,DC,9E,,Not First Flight,BMI,62.23,234,376,65.35,5.00%,0.001699654984565099,245.7,376,Cascaded,2027,245.7,376
D0,DC/9E/Not First Flight,BNA,5.1,,DC,9E,,Not First Flight,BNA,66.23,1410,2129,69.54,5.00%,0.010241510804430724,1480.5,2129,Cascaded,2027,1480.5,2129
D0,DC/9E/Not First Flight,BQK,5.1,,DC,9E,,Not First Flight,BQK,64.04,447,698,67.24,5.00%,0.00324677682948974,469.35,698,Cascaded,2027,469.35,698
D0,DC/9E/Not First Flight,BTR,5.1,,DC,9E,,Not First Flight,BTR,59.55,393,660,62.52,5.00%,0.0028545487561285636,412.65,660,Cascaded,2027,412.65,660
D0,DC/9E/Not First Flight,BTV,5.1,,DC,9E,,Not First Flight,BTV,65.47,656,1002,68.74,5.00%,0.004764844743054294,688.8,1002,Cascaded,2027,688.8,1002
D0,DC/9E/Not First Flight,BUF,5.1,,DC,9E,,Not First Flight,BUF,67.94,1261,1856,71.34,5.00%,0.009159251861267478,1324.05,1856,Cascaded,2027,1324.05,1856
D0,DC/9E/Not First Flight,BWI,5.1,,DC,9E,,Not First Flight,BWI,100.0,2,2,105.0,5.00%,1.452696568004358e-05,2.1,2,Cascaded,2027,2.1,2
D0,DC/9E/Not First Flight,CAE,5.1,,DC,9E,,Not First Flight,CAE,63.29,569,899,66.46,5.00%,0.004132921735972399,597.45,899,Cascaded,2027,597.45,899
D0,DC/9E/Not First Flight,CHA,5.1,,DC,9E,,Not First Flight,CHA,63.12,1162,1841,66.27,5.00%,0.00844016706010532,1220.1,1841,Cascaded,2027,1220.1,1841
D0,DC/9E/Not First Flight,CHO,5.1,,DC,9E,,Not First Flight,CHO,65.32,776,1188,68.59,5.00%,0.0056364626838569095,814.8,1188,Cascaded,2027,814.8,1188
D0,DC/9E/Not First Flight,CHS,5.1,,DC,9E,,Not First Flight,CHS,62.19,829,1333,65.3,5.00%,0.006021427274378064,870.45,1333,Cascaded,2027,870.45,1333
D0,DC/9E/Not First Flight,CID,5.1,,DC,9E,,Not First Flight,CID,52.03,218,419,54.63,5.00%,0.0015834392591247504,228.9,419,Cascaded,2027,228.9,419
D0,DC/9E/Not First Flight,CLE,5.1,,DC,9E,,Not First Flight,CLE,61.27,1547,2525,64.33,5.00%,0.01123660795351371,1624.35,2525,Cascaded,2027,1624.35,2525
D0,DC/9E/Not First Flight,CLT,5.1,,DC,9E,,Not First Flight,CLT,61.31,1076,1755,64.38,5.00%,0.007815507535863447,1129.8,1755,Cascaded,2027,1129.8,1755
D0,DC/9E/Not First Flight,CMH,5.1,,DC,9E,,Not First Flight,CMH,64.3,652,1014,67.51,5.00%,0.004735790811694208,684.6,1014,Cascaded,2027,684.6,1014
D0,DC/9E/Not First Flight,CRW,5.1,,DC,9E,,Not First Flight,CRW,63.47,490,772,66.65,5.00%,0.0035591065916106774,514.5,772,Cascaded,2027,514.5,772
D0,DC/9E/Not First Flight,CSG,5.1,,DC,9E,,Not First Flight,CSG,55.95,254,454,58.74,5.00%,0.0018449246413655349,266.7,454,Cascaded,2027,266.7,454
D0,DC/9E/Not First Flight,CVG,5.1,,DC,9E,,Not First Flight,CVG,62.99,2963,4704,66.14,5.00%,0.021521699654984565,3111.15,4704,Cascaded,2027,3111.15,4704
D0,DC/9E/Not First Flight,CWA,5.1,,DC,9E,,Not First Flight,CWA,68.13,248,364,71.54,5.00%,0.001801343744325404,260.4,364,Cascaded,2027,260.4,364
D0,DC/9E/Not First Flight,DAY,5.1,,DC,9E,,Not First Flight,DAY,72.73,24,33,76.36,5.00%,0.00017432358816052296,25.2,33,Cascaded,2027,25.2,33
D0,DC/9E/Not First Flight,DCA,5.1,,DC,9E,,Not First Flight,DCA,55.25,1142,2067,58.01,5.00%,0.008294897403304885,1199.1,2067,Cascaded,2027,1199.1,2067
D0,DC/9E/Not First Flight,DHN,5.1,,DC,9E,,Not First Flight,DHN,69.62,401,576,73.1,5.00%,0.002912656618848738,421.05,576,Cascaded,2027,421.05,576
D0,DC/9E/Not First Flight,DLH,5.1,,DC,9E,,Not First Flight,DLH,69.23,108,156,72.69,5.00%,0.0007844561467223533,113.4,156,Cascaded,2027,113.4,156
D0,DC/9E/Not First Flight,DSM,5.1,,DC,9E,,Not First Flight,DSM,67.93,1144,1684,71.33,5.00%,0.008309424368984929,1201.2,1684,Cascaded,2027,1201.2,1684
D0,DC/9E/Not First Flight,DTW,5.1,,DC,9E,,Not First Flight,DTW,66.18,13428,20291,69.49,5.00%,0.0975340475758126,14099.4,20291,Cascaded,2027,14099.4,20291
D0,DC/9E/Not First Flight,ECP,5.1,,DC,9E,,Not First Flight,ECP,52.91,118,223,55.56,5.00%,0.0008570909751225713,123.9,223,Cascaded,2027,123.9,223
D0,DC/9E/Not First Flight,ELH,5.1,,DC,9E,,Not First Flight,ELH,61.62,122,198,64.7,5.00%,0.0008861449064826584,128.1,198,Cascaded,2027,128.1,198
D0,DC/9E/Not First Flight,EVV,5.1,,DC,9E,,Not First Flight,EVV,72.22,590,817,75.83,5.00%,0.004285454875612857,619.5,817,Cascaded,2027,619.5,817
D0,DC/9E/Not First Flight,EWR,5.1,,DC,9E,,Not First Flight,EWR,68.96,984,1427,72.4,5.00%,0.007147267114581442,1033.2,1427,Cascaded,2027,1033.2,1427
D0,DC/9E/Not First Flight,EYW,5.1,,DC,9E,,Not First Flight,EYW,18.75,3,16,19.69,5.00%,2.179044852006537e-05,3.15,16,Cascaded,2027,3.15,16
D0,DC/9E/Not First Flight,FAR,5.1,,DC,9E,,Not First Flight,FAR,63.67,312,490,66.86,5.00%,0.0022662066460867984,327.6,490,Cascaded,2027,327.6,490
D0,DC/9E/Not First Flight,FAY,5.1,,DC,9E,,Not First Flight,FAY,72.11,587,814,75.72,5.00%,0.004263664427092791,616.35,814,Cascaded,2027,616.35,814
D0,DC/9E/Not First Flight,FLL,5.1,,DC,9E,,Not First Flight,FLL,91.67,11,12,96.25,5.00%,7.989831124023969e-05,11.55,12,Cascaded,2027,11.55,12
D0,DC/9E/Not First Flight,FSD,5.1,,DC,9E,,Not First Flight,FSD,63.46,264,416,66.63,5.00%,0.0019175594697657527,277.2,416,Cascaded,2027,277.2,416
D0,DC/9E/Not First Flight,FWA,5.1,,DC,9E,,Not First Flight,FWA,61.47,142,231,64.55,5.00%,0.0010314145632830942,149.1,231,Cascaded,2027,149.1,231
D0,DC/9E/Not First Flight,GFK,5.1,,DC,9E,,Not First Flight,GFK,63.89,69,108,67.08,5.00%,0.0005011803159615035,72.45,108,Cascaded,2027,72.45,108
D0,DC/9E/Not First Flight,GGT,5.1,,DC,9E,,Not First Flight,GGT,69.47,91,131,72.94,5.00%,0.0006609769384419829,95.55,131,Cascaded,2027,95.55,131
D0,DC/9E/Not First Flight,GNV,5.1,,DC,9E,,Not First Flight,GNV,70.87,90,127,74.41,5.00%,0.0006537134556019611,94.5,127,Cascaded,2027,94.5,127
D0,DC/9E/Not First Flight,GPT,5.1,,DC,9E,,Not First Flight,GPT,56.0,14,25,58.8,5.00%,0.00010168875976030506,14.7,25,Cascaded,2027,14.7,25
D0,DC/9E/Not First Flight,GRB,5.1,,DC,9E,,Not First Flight,GRB,72.35,246,340,75.97,5.00%,0.0017868167786453605,258.3,340,Cascaded,2027,258.3,340
D0,DC/9E/Not First Flight,GRR,5.1,,DC,9E,,Not First Flight,GRR,65.09,455,699,68.35,5.00%,0.0033048846922099145,477.75,699,Cascaded,2027,477.75,699
D0,DC/9E/Not First Flight,GSO,5.1,,DC,9E,,Not First Flight,GSO,66.04,490,742,69.34,5.00%,0.0035591065916106774,514.5,742,Cascaded,2027,514.5,742
D0,DC/9E/Not First Flight,GSP,5.1,,DC,9E,,Not First Flight,GSP,63.07,649,1029,66.22,5.00%,0.004714000363174142,681.45,1029,Cascaded,2027,681.45,1029
D0,DC/9E/Not First Flight,GTR,5.1,,DC,9E,,Not First Flight,GTR,66.12,240,363,69.42,5.00%,0.0017432358816052297,252.0,363,Cascaded,2027,252.0,363
D0,DC/9E/Not First Flight,HPN,5.1,,DC,9E,,Not First Flight,HPN,59.68,1085,1818,62.67,5.00%,0.007880878881423643,1139.25,1818,Cascaded,2027,1139.25,1818
D0,DC/9E/Not First Flight,HSV,5.1,,DC,9E,,Not First Flight,HSV,61.78,459,743,64.87,5.00%,0.003333938623570002,481.95,743,Cascaded,2027,481.95,743
D0,DC/9E/Not First Flight,IAD,5.1,,DC,9E,,Not First Flight,IAD,61.83,533,862,64.92,5.00%,0.003871436353731614,559.65,862,Cascaded,2027,559.65,862
D0,DC/9E/Not First Flight,ICT,5.1,,DC,9E,,Not First Flight,ICT,65.62,21,32,68.91,5.00%,0.0001525331396404576,22.05,32,Cascaded,2027,22.05,32
D0,DC/9E/Not First Flight,ILM,5.1,,DC,9E,,Not First Flight,ILM,64.3,481,748,67.52,5.00%,0.003493735246050481,505.05,748,Cascaded,2027,505.05,748
D0,DC/9E/Not First Flight,IND,5.1,,DC,9E,,Not First Flight,IND,65.84,1480,2248,69.13,5.00%,0.01074995460323225,1554.0,2248,Cascaded,2027,1554.0,2248
D0,DC/9E/Not First Flight,ITH,5.1,,DC,9E,,Not First Flight,ITH,70.6,281,398,74.13,5.00%,0.002041038678046123,295.05,398,Cascaded,2027,295.05,398
D0,DC/9E/Not First Flight,JAN,5.1,,DC,9E,,Not First Flight,JAN,67.28,329,489,70.64,5.00%,0.002389685854367169,345.45,489,Cascaded,2027,345.45,489
D0,DC/9E/Not First Flight,JAX,5.1,,DC,9E,,Not First Flight,JAX,57.05,684,1199,59.9,5.00%,0.004968222262574905,718.2,1199,Cascaded,2027,718.2,1199
D0,DC/9E/Not First Flight,JFK,5.1,,DC,9E,,Not First Flight,JFK,69.42,14733,21222,72.89,5.00%,0.10701289268204103,15469.65,21222,Cascaded,2027,15469.65,21222
D0,DC/9E/Not First Flight,LAN,5.1,,DC,9E,,Not First Flight,LAN,54.41,37,68,57.13,5.00%,0.0002687488650808062,38.85,68,Cascaded,2027,38.85,68
D0,DC/9E/Not First Flight,LEX,5.1,,DC,9E,,Not First Flight,LEX,64.6,312,483,67.83,5.00%,0.0022662066460867984,327.6,483,Cascaded,2027,327.6,483
D0,DC/9E/Not First Flight,LFT,5.1,,DC,9E,,Not First Flight,LFT,68.92,521,756,72.36,5.00%,0.003784274559651353,547.05,756,Cascaded,2027,547.05,756
D0,DC/9E/Not First Flight,LGA,5.1,,DC,9E,,Not First Flight,LGA,64.39,18773,29154,67.61,5.00%,0.13635736335572907,19711.65,29154,Cascaded,2027,19711.65,29154
D0,DC/9E/Not First Flight,LIT,5.1,,DC,9E,,Not First Flight,LIT,38.46,5,13,40.38,5.00%,3.631741420010895e-05,5.25,13,Cascaded,2027,5.25,13
D0,DC/9E/Not First Flight,MBS,5.1,,DC,9E,,Not First Flight,MBS,57.69,90,156,60.58,5.00%,0.0006537134556019611,94.5,156,Cascaded,2027,94.5,156
D0,DC/9E/Not First Flight,MCI,5.1,,DC,9E,,Not First Flight,MCI,66.53,829,1246,69.86,5.00%,0.006021427274378064,870.45,1246,Cascaded,2027,870.45,1246
D0,DC/9E/Not First Flight,MCO,5.1,,DC,9E,,Not First Flight,MCO,34.21,13,38,35.92,5.00%,9.442527692028327e-05,13.65,38,Cascaded,2027,13.65,38
D0,DC/9E/Not First Flight,MDT,5.1,,DC,9E,,Not First Flight,MDT,63.16,264,418,66.32,5.00%,0.0019175594697657527,277.2,418,Cascaded,2027,277.2,418
D0,DC/9E/Not First Flight,MDW,5.1,,DC,9E,,Not First Flight,MDW,60.38,477,790,63.4,5.00%,0.0034646813146903942,500.85,790,Cascaded,2027,500.85,790
D0,DC/9E/Not First Flight,MEM,5.1,,DC,9E,,Not First Flight,MEM,57.28,366,639,60.14,5.00%,0.0026584347194479755,384.3,639,Cascaded,2027,384.3,639
D0,DC/9E/Not First Flight,MGM,5.1,,DC,9E,,Not First Flight,MGM,61.41,708,1153,64.48,5.00%,0.0051425458507354275,743.4,1153,Cascaded,2027,743.4,1153
D0,DC/9E/Not First Flight,MHH,5.1,,DC,9E,,Not First Flight,MHH,64.52,120,186,67.74,5.00%,0.0008716179408026148,126.0,186,Cascaded,2027,126.0,186
D0,DC/9E/Not First Flight,MIA,5.1,,DC,9E,,Not First Flight,MIA,43.75,7,16,45.94,5.00%,5.084437988015253e-05,7.35,16,Cascaded,2027,7.35,16
D0,DC/9E/Not First Flight,MKE,5.1,,DC,9E,,Not First Flight,MKE,66.22,445,672,69.53,5.00%,0.003232249863809697,467.25,672,Cascaded,2027,467.25,672
D0,DC/9E/Not First Flight,MLI,5.1,,DC,9E,,Not First Flight,MLI,60.22,224,372,63.23,5.00%,0.001627020156164881,235.2,372,Cascaded,2027,235.2,372
D0,DC/9E/Not First Flight,MLU,5.1,,DC,9E,,Not First Flight,MLU,60.88,414,680,63.93,5.00%,0.0030070818957690214,434.7,680,Cascaded,2027,434.7,680
D0,DC/9E/Not First Flight,MOB,5.1,,DC,9E,,Not First Flight,MOB,70.69,509,720,74.23,5.00%,0.003697112765571091,534.45,720,Cascaded,2027,534.45,720
D0,DC/9E/Not First Flight,MOT,5.1,,DC,9E,,Not First Flight,MOT,56.76,21,37,59.59,5.00%,0.0001525331396404576,22.05,37,Cascaded,2027,22.05,37
D0,DC/9E/Not First Flight,MSN,5.1,,DC,9E,,Not First Flight,MSN,65.22,465,713,68.48,5.00%,0.0033775195206101325,488.25,713,Cascaded,2027,488.25,713
D0,DC/9E/Not First Flight,MSP,5.1,,DC,9E,,Not First Flight,MSP,65.06,9261,14235,68.31,5.00%,0.0672671145814418,9724.05,14235,Cascaded,2027,9724.05,14235
D0,DC/9E/Not First Flight,MYR,5.1,,DC,9E,,Not First Flight,MYR,69.47,66,95,72.95,5.00%,0.00047938986744143817,69.3,95,Cascaded,2027,69.3,95
D0,DC/9E/Not First Flight,OAJ,5.1,,DC,9E,,Not First Flight,OAJ,72.5,435,600,76.12,5.00%,0.003159615035409479,456.75,600,Cascaded,2027,456.75,600
D0,DC/9E/Not First Flight,OKC,5.1,,DC,9E,,Not First Flight,OKC,67.44,58,86,70.81,5.00%,0.00042128200472126384,60.9,86,Cascaded,2027,60.9,86
D0,DC/9E/Not First Flight,OMA,5.1,,DC,9E,,Not First Flight,OMA,67.0,463,691,70.35,5.00%,0.003362992554930089,486.15,691,Cascaded,2027,486.15,691
D0,DC/9E/Not First Flight,ORD,5.1,,DC,9E,,Not First Flight,ORD,51.41,547,1064,53.98,5.00%,0.003973125113491919,574.35,1064,Cascaded,2027,574.35,1064
D0,DC/9E/Not First Flight,ORF,5.1,,DC,9E,,Not First Flight,ORF,53.92,846,1569,56.62,5.00%,0.006144906482658434,888.3,1569,Cascaded,2027,888.3,1569
D0,DC/9E/Not First Flight,ORH,5.1,,DC,9E,,Not First Flight,ORH,67.5,189,280,70.88,5.00%,0.0013727982567641184,198.45,280,Cascaded,2027,198.45,280
D0,DC/9E/Not First Flight,PHL,5.1,,DC,9E,,Not First Flight,PHL,38.71,12,31,40.65,5.00%,8.716179408026148e-05,12.6,31,Cascaded,2027,12.6,31
D0,DC/9E/Not First Flight,PIT,5.1,,DC,9E,,Not First Flight,PIT,64.44,1109,1721,67.66,5.00%,0.008055202469584166,1164.45,1721,Cascaded,2027,1164.45,1721
D0,DC/9E/Not First Flight,PNS,5.1,,DC,9E,,Not First Flight,PNS,60.9,204,335,63.94,5.00%,0.0014817504993644452,214.2,335,Cascaded,2027,214.2,335
D0,DC/9E/Not First Flight,PVD,5.1,,DC,9E,,Not First Flight,PVD,52.85,65,123,55.49,5.00%,0.0004721263846014164,68.25,123,Cascaded,2027,68.25,123
D0,DC/9E/Not First Flight,PWM,5.1,,DC,9E,,Not First Flight,PWM,59.6,450,755,62.58,5.00%,0.0032685672780098057,472.5,755,Cascaded,2027,472.5,755
D0,DC/9E/Not First Flight,RAP,5.1,,DC,9E,,Not First Flight,RAP,69.15,390,564,72.61,5.00%,0.0028327583076084985,409.5,564,Cascaded,2027,409.5,564
D0,DC/9E/Not First Flight,RDU,5.1,,DC,9E,,Not First Flight,RDU,57.66,2664,4620,60.55,5.00%,0.01934991828581805,2797.2,4620,Cascaded,2027,2797.2,4620
D0,DC/9E/Not First Flight,RIC,5.1,,DC,9E,,Not First Flight,RIC,63.22,1014,1604,66.38,5.00%,0.007365171599782096,1064.7,1604,Cascaded,2027,1064.7,1604
D0,DC/9E/Not First Flight,ROA,5.1,,DC,9E,,Not First Flight,ROA,62.24,600,964,65.35,5.00%,0.004358089704013074,630.0,964,Cascaded,2027,630.0,964
D0,DC/9E/Not First Flight,ROC,5.1,,DC,9E,,Not First Flight,ROC,55.56,955,1719,58.33,5.00%,0.0069366261122208095,1002.75,1719,Cascaded,2027,1002.75,1719
D0,DC/9E/Not First Flight,RST,5.1,,DC,9E,,Not First Flight,RST,61.69,285,462,64.77,5.00%,0.0020700926094062103,299.25,462,Cascaded,2027,299.25,462
D0,DC/9E/Not First Flight,RSW,5.1,,DC,9E,,Not First Flight,RSW,63.24,43,68,66.4,5.00%,0.00031232976212093697,45.15,68,Cascaded,2027,45.15,68
D0,DC/9E/Not First Flight,SAV,5.1,,DC,9E,,Not First Flight,SAV,55.55,586,1055,58.32,5.00%,0.004256400944252769,615.3,1055,Cascaded,2027,615.3,1055
D0,DC/9E/Not First Flight,SBN,5.1,,DC,9E,,Not First Flight,SBN,33.33,2,6,35.0,5.00%,1.452696568004358e-05,2.1,6,Cascaded,2027,2.1,6
D0,DC/9E/Not First Flight,SDF,5.1,,DC,9E,,Not First Flight,SDF,73.38,397,541,77.05,5.00%,0.002883602687488651,416.85,541,Cascaded,2027,416.85,541
D0,DC/9E/Not First Flight,SGF,5.1,,DC,9E,,Not First Flight,SGF,61.56,253,411,64.64,5.00%,0.001837661158525513,265.65,411,Cascaded,2027,265.65,411
D0,DC/9E/Not First Flight,SHV,5.1,,DC,9E,,Not First Flight,SHV,72.73,72,99,76.36,5.00%,0.000522970764481569,75.6,99,Cascaded,2027,75.6,99
D0,DC/9E/Not First Flight,STL,5.1,,DC,9E,,Not First Flight,STL,65.92,828,1256,69.22,5.00%,0.006014163791538043,869.4,1256,Cascaded,2027,869.4,1256
D0,DC/9E/Not First Flight,SYR,5.1,,DC,9E,,Not First Flight,SYR,67.72,1267,1871,71.1,5.00%,0.009202832758307609,1330.35,1871,Cascaded,2027,1330.35,1871
D0,DC/9E/Not First Flight,TLH,5.1,,DC,9E,,Not First Flight,TLH,65.89,226,343,69.18,5.00%,0.0016415471218449247,237.3,343,Cascaded,2027,237.3,343
D0,DC/9E/Not First Flight,TPA,5.1,,DC,9E,,Not First Flight,TPA,75.0,9,12,78.75,5.00%,6.537134556019612e-05,9.45,12,Cascaded,2027,9.45,12
D0,DC/9E/Not First Flight,TRI,5.1,,DC,9E,,Not First Flight,TRI,74.1,678,915,77.8,5.00%,0.004924641365534774,711.9,915,Cascaded,2027,711.9,915
D0,DC/9E/Not First Flight,TUL,5.1,,DC,9E,,Not First Flight,TUL,55.56,15,27,58.33,5.00%,0.00010895224260032685,15.75,27,Cascaded,2027,15.75,27
D0,DC/9E/Not First Flight,TVC,5.1,,DC,9E,,Not First Flight,TVC,56.77,130,229,59.61,5.00%,0.0009442527692028327,136.5,229,Cascaded,2027,136.5,229
D0,DC/9E/Not First Flight,TYS,5.1,,DC,9E,,Not First Flight,TYS,65.42,1099,1680,68.69,5.00%,0.007982567641183947,1153.95,1680,Cascaded,2027,1153.95,1680
D0,DC/9E/Not First Flight,VLD,5.1,,DC,9E,,Not First Flight,VLD,65.34,428,655,68.61,5.00%,0.0031087706555293264,449.4,655,Cascaded,2027,449.4,655
D0,DC/9E/Not First Flight,VPS,5.1,,DC,9E,,Not First Flight,VPS,39.58,19,48,41.56,5.00%,0.000138006173960414,19.95,48,Cascaded,2027,19.95,48
D0,DC/9E/Not First Flight,XNA,5.1,,DC,9E,,Not First Flight,XNA,64.44,1504,2334,67.66,5.00%,0.010924278191392772,1579.2,2334,Cascaded,2027,1579.2,2334
D0,DC/9E/Not First Flight,YHZ,5.1,,DC,9E,,Not First Flight,YHZ,74.47,105,141,78.19,5.00%,0.000762665698202288,110.25,141,Cascaded,2027,110.25,141
D0,DC/9E/Not First Flight,YUL,5.1,,DC,9E,,Not First Flight,YUL,69.27,985,1422,72.73,5.00%,0.007154530597421464,1034.25,1422,Cascaded,2027,1034.25,1422
D0,DC/9E/Not First Flight,YYZ,5.1,,DC,9E,,Not First Flight,YYZ,67.52,2156,3193,70.9,5.00%,0.01566006900308698,2263.8,3193,Cascaded,2027,2263.8,3193
D0,DC/OO/First Flight,ABQ,5.1,,DC,OO,,First Flight,ABQ,93.99,672,715,98.69,5.00%,0.017689331122166942,705.6,715,Cascaded,2027,705.6,715
D0,DC/OO/First Flight,ABR,5.1,,DC,OO,,First Flight,ABR,90.31,317,351,94.83,5.00%,0.008344520782331728,332.85,351,Cascaded,2027,332.85,351
D0,DC/OO/First Flight,ABY,5.1,,DC,OO,,First Flight,ABY,92.64,151,163,97.27,5.00%,0.003974834820605965,158.55,163,Cascaded,2027,158.55,163
D0,DC/OO/First Flight,AGS,5.1,,DC,OO,,First Flight,AGS,94.12,32,34,98.82,5.00%,0.0008423491010555687,33.6,34,Cascaded,2027,33.6,34
D0,DC/OO/First Flight,ALB,5.1,,DC,OO,,First Flight,ALB,84.09,37,44,88.3,5.00%,0.0009739661480955013,38.85,44,Cascaded,2027,38.85,44
D0,DC/OO/First Flight,ASE,5.1,,DC,OO,,First Flight,ASE,64.02,105,164,67.23,5.00%,0.002763957987838585,110.25,164,Cascaded,2027,110.25000000000001,164
D0,DC/OO/First Flight,ATL,5.1,,DC,OO,,First Flight,ATL,58.7,54,92,61.63,5.00%,0.0014214641080312722,56.7,92,Cascaded,2027,56.7,92
D0,DC/OO/First Flight,ATW,5.1,,DC,OO,,First Flight,ATW,85.44,587,687,89.72,5.00%,0.01545184132248809,616.35,687,Cascaded,2027,616.35,687
D0,DC/OO/First Flight,AUS,5.1,,DC,OO,,First Flight,AUS,84.82,324,382,89.06,5.00%,0.008528784648187633,340.2,382,Cascaded,2027,340.20000000000005,382
D0,DC/OO/First Flight,AZO,5.1,,DC,OO,,First Flight,AZO,83.61,250,299,87.79,5.00%,0.0065808523519966305,262.5,299,Cascaded,2027,262.5,299
D0,DC/OO/First Flight,BHM,5.1,,DC,OO,,First Flight,BHM,73.91,51,69,77.61,5.00%,0.0013424938798073127,53.55,69,Cascaded,2027,53.550000000000004,69
D0,DC/OO/First Flight,BIS,5.1,,DC,OO,,First Flight,BIS,85.91,128,149,90.2,5.00%,0.0033693964042222748,134.4,149,Cascaded,2027,134.4,149
D0,DC/OO/First Flight,BJI,5.1,,DC,OO,,First Flight,BJI,89.68,304,339,94.16,5.00%,0.008002316460027904,319.2,339,Cascaded,2027,319.20000000000005,339
D0,DC/OO/First Flight,BMI,5.1,,DC,OO,,First Flight,BMI,90.91,60,66,95.45,5.00%,0.0015794045644791914,63.0,66,Cascaded,2027,63.00000000000001,66
D0,DC/OO/First Flight,BNA,5.1,,DC,OO,,First Flight,BNA,79.7,432,542,83.69,5.00%,0.011371712864250177,453.6,542,Cascaded,2027,453.6,542
D0,DC/OO/First Flight,BOI,5.1,,DC,OO,,First Flight,BOI,90.38,1466,1622,94.9,5.00%,0.03859011819210824,1539.3,1622,Cascaded,2027,1539.3000000000002,1622
D0,DC/OO/First Flight,BRD,5.1,,DC,OO,,First Flight,BRD,92.59,75,81,97.22,5.00%,0.0019742557055989892,78.75,81,Cascaded,2027,78.75000000000001,81
D0,DC/OO/First Flight,BTV,5.1,,DC,OO,,First Flight,BTV,81.82,108,132,85.91,5.00%,0.0028429282160625444,113.4,132,Cascaded,2027,113.4,132
D0,DC/OO/First Flight,BUF,5.1,,DC,OO,,First Flight,BUF,66.67,2,3,70.0,5.00%,5.264681881597304e-05,2.1,3,Cascaded,2027,2.1,3
D0,DC/OO/First Flight,BUR,5.1,,DC,OO,,First Flight,BUR,100.0,34,34,105.0,5.00%,0.0008949959198715418,35.7,34,Cascaded,2027,35.7,34
D0,DC/OO/First Flight,BZN,5.1,,DC,OO,,First Flight,BZN,93.33,308,330,98.0,5.00%,0.008107610097659848,323.4,330,Cascaded,2027,323.40000000000003,330
D0,DC/OO/First Flight,CHS,5.1,,DC,OO,,First Flight,CHS,83.87,78,93,88.06,5.00%,0.0020532259338229488,81.9,93,Cascaded,2027,81.9,93
D0,DC/OO/First Flight,CID,5.1,,DC,OO,,First Flight,CID,88.1,111,126,92.5,5.00%,0.002921898444286504,116.55,126,Cascaded,2027,116.55000000000001,126
D0,DC/OO/First Flight,CIU,5.1,,DC,OO,,First Flight,CIU,75.98,253,333,79.77,5.00%,0.0066598225802205905,265.65,333,Cascaded,2027,265.65000000000003,333
D0,DC/OO/First Flight,CLE,5.1,,DC,OO,,First Flight,CLE,83.67,123,147,87.86,5.00%,0.0032377793571823424,129.15,147,Cascaded,2027,129.15,147
D0,DC/OO/First Flight,CMH,5.1,,DC,OO,,First Flight,CMH,78.52,106,135,82.44,5.00%,0.0027902813972465715,111.3,135,Cascaded,2027,111.30000000000001,135
D0,DC/OO/First Flight,COS,5.1,,DC,OO,,First Flight,COS,93.87,337,359,98.57,5.00%,0.008870988970491458,353.85,359,Cascaded,2027,353.85,359
D0,DC/OO/First Flight,CRW,5.1,,DC,OO,,First Flight,CRW,86.89,53,61,91.23,5.00%,0.0013951406986232857,55.65,61,Cascaded,2027,55.650000000000006,61
D0,DC/OO/First Flight,DEN,5.1,,DC,OO,,First Flight,DEN,72.45,71,98,76.07,5.00%,0.001868962067967043,74.55,98,Cascaded,2027,74.55000000000001,98
D0,DC/OO/First Flight,DLH,5.1,,DC,OO,,First Flight,DLH,83.02,401,483,87.17,5.00%,0.010555687172602595,421.05,483,Cascaded,2027,421.05000000000007,483
D0,DC/OO/First Flight,DTW,5.1,,DC,OO,,First Flight,DTW,75.45,1134,1503,79.22,5.00%,0.029850746268656716,1190.7,1503,Cascaded,2027,1190.7,1503
D0,DC/OO/First Flight,EKO,5.1,,DC,OO,,First Flight,EKO,98.59,350,355,103.52,5.00%,0.009213193292795283,367.5,355,Cascaded,2027,367.50000000000006,355
D0,DC/OO/First Flight,ELM,5.1,,DC,OO,,First Flight,ELM,88.5,300,339,92.92,5.00%,0.007897022822395957,315.0,339,Cascaded,2027,315.00000000000006,339
D0,DC/OO/First Flight,ESC,5.1,,DC,OO,,First Flight,ESC,91.22,291,319,95.78,5.00%,0.007660112137724078,305.55,319,Cascaded,2027,305.55,319
D0,DC/OO/First Flight,EUG,5.1,,DC,OO,,First Flight,EUG,93.8,666,710,98.49,5.00%,0.017531390665719022,699.3,710,Cascaded,2027,699.3000000000001,710
D0,DC/OO/First Flight,EVV,5.1,,DC,OO,,First Flight,EVV,85.71,12,14,90.0,5.00%,0.0003158809128958383,12.6,14,Cascaded,2027,12.600000000000001,14
D0,DC/OO/First Flight,FAR,5.1,,DC,OO,,First Flight,FAR,73.88,99,134,77.57,5.00%,0.002606017531390666,103.95,134,Cascaded,2027,103.95000000000002,134
D0,DC/OO/First Flight,FAT,5.1,,DC,OO,,First Flight,FAT,93.58,335,358,98.25,5.00%,0.008818342151675485,351.75,358,Cascaded,2027,351.75000000000006,358
D0,DC/OO/First Flight,FSD,5.1,,DC,OO,,First Flight,FSD,84.73,111,131,88.97,5.00%,0.002921898444286504,116.55,131,Cascaded,2027,116.55000000000001,131
D0,DC/OO/First Flight,FWA,5.1,,DC,OO,,First Flight,FWA,81.13,718,885,85.19,5.00%,0.018900207954934325,753.9,885,Cascaded,2027,753.9000000000001,885
D0,DC/OO/First Flight,GEG,5.1,,DC,OO,,First Flight,GEG,90.25,898,995,94.76,5.00%,0.023638421648371898,942.9,995,Cascaded,2027,942.9000000000001,995
D0,DC/OO/First Flight,GFK,5.1,,DC,OO,,First Flight,GFK,91.67,242,264,96.25,5.00%,0.006370265076732738,254.1,264,Cascaded,2027,254.10000000000002,264
D0,DC/OO/First Flight,GJT,5.1,,DC,OO,,First Flight,GJT,96.4,348,361,101.22,5.00%,0.00916054647397931,365.4,361,Cascaded,2027,365.40000000000003,361
D0,DC/OO/First Flight,GRB,5.1,,DC,OO,,First Flight,GRB,90.74,451,497,95.28,5.00%,0.011871857643001922,473.55,497,Cascaded,2027,473.55000000000007,497
D0,DC/OO/First Flight,GRR,5.1,,DC,OO,,First Flight,GRR,80.53,302,375,84.56,5.00%,0.00794966964121193,317.1,375,Cascaded,2027,317.1,375
D0,DC/OO/First Flight,GSO,5.1,,DC,OO,,First Flight,GSO,77.7,108,139,81.58,5.00%,0.0028429282160625444,113.4,139,Cascaded,2027,113.4,139
D0,DC/OO/First Flight,GTF,5.1,,DC,OO,,First Flight,GTF,95.19,435,457,99.95,5.00%,0.011450683092474137,456.75,457,Cascaded,2027,456.75000000000006,457
D0,DC/OO/First Flight,HLN,5.1,,DC,OO,,First Flight,HLN,95.01,343,361,99.76,5.00%,0.009028929426939378,360.15,361,Cascaded,2027,360.15000000000003,361
D0,DC/OO/First Flight,HSV,5.1,,DC,OO,,First Flight,HSV,90.91,40,44,95.45,5.00%,0.0010529363763194608,42.0,44,Cascaded,2027,42.00000000000001,44
D0,DC/OO/First Flight,IAD,5.1,,DC,OO,,First Flight,IAD,79.31,437,551,83.28,5.00%,0.01150332991129011,458.85,551,Cascaded,2027,458.85,551
D0,DC/OO/First Flight,ICT,5.1,,DC,OO,,First Flight,ICT,82.59,166,201,86.72,5.00%,0.004369685961725763,174.3,201,Cascaded,2027,174.3,201
D0,DC/OO/First Flight,IDA,5.1,,DC,OO,,First Flight,IDA,95.83,46,48,100.63,5.00%,0.00121087683276738,48.3,48,Cascaded,2027,48.300000000000004,48
D0,DC/OO/First Flight,IND,5.1,,DC,OO,,First Flight,IND,87.05,363,417,91.4,5.00%,0.009555397615099107,381.15,417,Cascaded,2027,381.15000000000003,417
D0,DC/OO/First Flight,JAC,5.1,,DC,OO,,First Flight,JAC,77.33,174,225,81.2,5.00%,0.004580273236989655,182.7,225,Cascaded,2027,182.70000000000002,225
D0,DC/OO/First Flight,LAN,5.1,,DC,OO,,First Flight,LAN,85.46,241,282,89.73,5.00%,0.0063439416673247515,253.05,282,Cascaded,2027,253.05000000000004,282
D0,DC/OO/First Flight,LAS,5.1,,DC,OO,,First Flight,LAS,87.03,436,501,91.38,5.00%,0.011477006501882124,457.8,501,Cascaded,2027,457.80000000000007,501
D0,DC/OO/First Flight,LAX,5.1,,DC,OO,,First Flight,LAX,87.9,712,810,92.3,5.00%,0.018742267498486405,747.6,810,Cascaded,2027,747.6000000000001,810
D0,DC/OO/First Flight,LEX,5.1,,DC,OO,,First Flight,LEX,85.36,274,321,89.63,5.00%,0.0072126141777883075,287.7,321,Cascaded,2027,287.70000000000005,321
D0,DC/OO/First Flight,LFT,5.1,,DC,OO,,First Flight,LFT,100.0,25,25,105.0,5.00%,0.000658085235199663,26.25,25,Cascaded,2027,26.250000000000004,25
D0,DC/OO/First Flight,LGB,5.1,,DC,OO,,First Flight,LGB,93.49,273,292,98.17,5.00%,0.007186290768380321,286.65,292,Cascaded,2027,286.65000000000003,292
D0,DC/OO/First Flight,LWS,5.1,,DC,OO,,First Flight,LWS,89.92,321,357,94.41,5.00%,0.008449814419963673,337.05,357,Cascaded,2027,337.05,357
D0,DC/OO/First Flight,MAF,5.1,,DC,OO,,First Flight,MAF,83.7,113,135,87.89,5.00%,0.002974545263102477,118.65,135,Cascaded,2027,118.65000000000002,135
D0,DC/OO/First Flight,MBS,5.1,,DC,OO,,First Flight,MBS,90.25,250,277,94.77,5.00%,0.0065808523519966305,262.5,277,Cascaded,2027,262.5,277
D0,DC/OO/First Flight,MCI,5.1,,DC,OO,,First Flight,MCI,0.0,0,1,0.0,0.00%,0.0,0.0,1,Cascaded,2027,0.0,1
D0,DC/OO/First Flight,MDT,5.1,,DC,OO,,First Flight,MDT,88.57,93,105,93.0,5.00%,0.0024480770749427468,97.65,105,Cascaded,2027,97.65,105
D0,DC/OO/First Flight,MEM,5.1,,DC,OO,,First Flight,MEM,90.22,627,695,94.73,5.00%,0.01650477769880755,658.35,695,Cascaded,2027,658.35,695
D0,DC/OO/First Flight,MFE,5.1,,DC,OO,,First Flight,MFE,93.5,302,323,98.17,5.00%,0.00794966964121193,317.1,323,Cascaded,2027,317.1,323
D0,DC/OO/First Flight,MFR,5.1,,DC,OO,,First Flight,MFR,94.31,663,703,99.03,5.00%,0.017452420437495064,696.15,703,Cascaded,2027,696.1500000000001,703
D0,DC/OO/First Flight,MGM,5.1,,DC,OO,,First Flight,MGM,82.86,116,140,87.0,5.00%,0.0030535154913264367,121.8,140,Cascaded,2027,121.80000000000001,140
D0,DC/OO/First Flight,MKE,5.1,,DC,OO,,First Flight,MKE,78.01,518,664,81.91,5.00%,0.013635526073337019,543.9,664,Cascaded,2027,543.9000000000001,664
D0,DC/OO/First Flight,MOT,5.1,,DC,OO,,First Flight,MOT,81.98,464,566,86.08,5.00%,0.012214061965305747,487.2,566,Cascaded,2027,487.20000000000005,566
D0,DC/OO/First Flight,MQT,5.1,,DC,OO,,First Flight,MQT,85.89,274,319,90.19,5.00%,0.0072126141777883075,287.7,319,Cascaded,2027,287.70000000000005,319
D0,DC/OO/First Flight,MSN,5.1,,DC,OO,,First Flight,MSN,87.61,99,113,91.99,5.00%,0.002606017531390666,103.95,113,Cascaded,2027,103.95000000000002,113
D0,DC/OO/First Flight,MSP,5.1,,DC,OO,,First Flight,MSP,70.02,320,457,73.52,5.00%,0.008423491010555686,336.0,457,Cascaded,2027,336.00000000000006,457
D0,DC/OO/First Flight,OAJ,5.1,,DC,OO,,First Flight,OAJ,87.04,94,108,91.39,5.00%,0.002474400484350733,98.7,108,Cascaded,2027,98.70000000000002,108
D0,DC/OO/First Flight,OAK,5.1,,DC,OO,,First Flight,OAK,95.44,335,351,100.21,5.00%,0.008818342151675485,351.75,351,Cascaded,2027,351.75000000000006,351
D0,DC/OO/First Flight,OKC,5.1,,DC,OO,,First Flight,OKC,88.24,795,901,92.65,5.00%,0.020927110479349285,834.75,901,Cascaded,2027,834.7500000000001,901
D0,DC/OO/First Flight,OMA,5.1,,DC,OO,,First Flight,OMA,86.51,1193,1379,90.84,5.00%,0.03140382742372792,1252.65,1379,Cascaded,2027,1252.65,1379
D0,DC/OO/First Flight,ONT,5.1,,DC,OO,,First Flight,ONT,90.33,327,362,94.85,5.00%,0.008607754876411593,343.35,362,Cascaded,2027,343.35,362
D0,DC/OO/First Flight,ORD,5.1,,DC,OO,,First Flight,ORD,70.81,114,161,74.35,5.00%,0.0030008686725104634,119.7,161,Cascaded,2027,119.70000000000002,161
D0,DC/OO/First Flight,PDX,5.1,,DC,OO,,First Flight,PDX,89.54,351,392,94.02,5.00%,0.00923951670220327,368.55,392,Cascaded,2027,368.55000000000007,392
D0,DC/OO/First Flight,PHX,5.1,,DC,OO,,First Flight,PHX,92.89,209,225,97.53,5.00%,0.005501592566269183,219.45,225,Cascaded,2027,219.45000000000002,225
D0,DC/OO/First Flight,PIH,5.1,,DC,OO,,First Flight,PIH,100.0,35,35,105.0,5.00%,0.0009213193292795283,36.75,35,Cascaded,2027,36.75000000000001,35
D0,DC/OO/First Flight,PIT,5.1,,DC,OO,,First Flight,PIT,80.62,104,129,84.65,5.00%,0.002737634578430598,109.2,129,Cascaded,2027,109.20000000000002,129
D0,DC/OO/First Flight,PSC,5.1,,DC,OO,,First Flight,PSC,93.32,433,464,97.98,5.00%,0.011398036273658164,454.65,464,Cascaded,2027,454.65000000000003,464
D0,DC/OO/First Flight,PSP,5.1,,DC,OO,,First Flight,PSP,93.63,338,361,98.31,5.00%,0.008897312379899444,354.9,361,Cascaded,2027,354.90000000000003,361
D0,DC/OO/First Flight,PVD,5.1,,DC,OO,,First Flight,PVD,74.55,164,220,78.27,5.00%,0.00431703914290979,172.2,220,Cascaded,2027,172.20000000000002,220
D0,DC/OO/First Flight,RAP,5.1,,DC,OO,,First Flight,RAP,91.78,67,73,96.37,5.00%,0.001763668430335097,70.35,73,Cascaded,2027,70.35000000000001,73
D0,DC/OO/First Flight,RDM,5.1,,DC,OO,,First Flight,RDM,89.66,624,696,94.14,5.00%,0.01642580747058359,655.2,696,Cascaded,2027,655.2,696
D0,DC/OO/First Flight,RHI,5.1,,DC,OO,,First Flight,RHI,92.11,315,342,96.71,5.00%,0.008291873963515755,330.75,342,Cascaded,2027,330.75000000000006,342
D0,DC/OO/First Flight,RIC,5.1,,DC,OO,,First Flight,RIC,81.32,74,91,85.38,5.00%,0.0019479322961910026,77.7,91,Cascaded,2027,77.7,91
D0,DC/OO/First Flight,RNO,5.1,,DC,OO,,First Flight,RNO,90.17,321,356,94.68,5.00%,0.008449814419963673,337.05,356,Cascaded,2027,337.05,356
D0,DC/OO/First Flight,ROC,5.1,,DC,OO,,First Flight,ROC,70.59,24,34,74.12,5.00%,0.0006317618257916766,25.2,34,Cascaded,2027,25.200000000000003,34
D0,DC/OO/First Flight,RST,5.1,,DC,OO,,First Flight,RST,96.49,55,57,101.32,5.00%,0.0014477875174392588,57.75,57,Cascaded,2027,57.75000000000001,57
D0,DC/OO/First Flight,SAN,5.1,,DC,OO,,First Flight,SAN,91.57,402,439,96.15,5.00%,0.010582010582010581,422.1,439,Cascaded,2027,422.1,439
D0,DC/OO/First Flight,SBA,5.1,,DC,OO,,First Flight,SBA,93.77,331,353,98.46,5.00%,0.00871304851404354,347.55,353,Cascaded,2027,347.55000000000007,353
D0,DC/OO/First Flight,SBN,5.1,,DC,OO,,First Flight,SBN,77.54,787,1015,81.41,5.00%,0.02071652320408539,826.35,1015,Cascaded,2027,826.3500000000001,1015
D0,DC/OO/First Flight,SDF,5.1,,DC,OO,,First Flight,SDF,89.3,167,187,93.77,5.00%,0.004396009371133749,175.35,187,Cascaded,2027,175.35000000000002,187
D0,DC/OO/First Flight,SEA,5.1,,DC,OO,,First Flight,SEA,89.81,379,422,94.3,5.00%,0.009976572165626892,397.95,422,Cascaded,2027,397.95000000000005,422
D0,DC/OO/First Flight,SGF,5.1,,DC,OO,,First Flight,SGF,87.91,80,91,92.31,5.00%,0.0021058727526389216,84.0,91,Cascaded,2027,84.00000000000001,91
D0,DC/OO/First Flight,SGU,5.1,,DC,OO,,First Flight,SGU,95.36,616,646,100.12,5.00%,0.016215220195319697,646.8,646,Cascaded,2027,646.8000000000001,646
D0,DC/OO/First Flight,SHV,5.1,,DC,OO,,First Flight,SHV,79.43,525,661,83.4,5.00%,0.013819789939192924,551.25,661,Cascaded,2027,551.2500000000001,661
D0,DC/OO/First Flight,SJC,5.1,,DC,OO,,First Flight,SJC,93.67,622,664,98.36,5.00%,0.016373160651767617,653.1,664,Cascaded,2027,653.1,664
D0,DC/OO/First Flight,SLC,5.1,,DC,OO,,First Flight,SLC,84.72,1447,1708,88.95,5.00%,0.0380899734133565,1519.35,1708,Cascaded,2027,1519.3500000000001,1708
D0,DC/OO/First Flight,SMF,5.1,,DC,OO,,First Flight,SMF,92.24,737,799,96.85,5.00%,0.019400352733686066,773.85,799,Cascaded,2027,773.8500000000001,799
D0,DC/OO/First Flight,SNA,5.1,,DC,OO,,First Flight,SNA,87.92,131,149,92.32,5.00%,0.0034483666324462343,137.55,149,Cascaded,2027,137.55,149
D0,DC/OO/First Flight,STL,5.1,,DC,OO,,First Flight,STL,86.67,13,15,91.0,5.00%,0.0003422043223038248,13.65,15,Cascaded,2027,13.650000000000002,15
D0,DC/OO/First Flight,SUN,5.1,,DC,OO,,First Flight,SUN,98.31,349,355,103.23,5.00%,0.009186869883387296,366.45,355,Cascaded,2027,366.45000000000005,355
D0,DC/OO/First Flight,TUL,5.1,,DC,OO,,First Flight,TUL,89.89,320,356,94.38,5.00%,0.008423491010555686,336.0,356,Cascaded,2027,336.00000000000006,356
D0,DC/OO/First Flight,TUS,5.1,,DC,OO,,First Flight,TUS,92.52,668,722,97.15,5.00%,0.017584037484534996,701.4,722,Cascaded,2027,701.4000000000001,722
D0,DC/OO/First Flight,TVC,5.1,,DC,OO,,First Flight,TVC,76.67,46,60,80.5,5.00%,0.00121087683276738,48.3,60,Cascaded,2027,48.300000000000004,60
D0,DC/OO/First Flight,TWF,5.1,,DC,OO,,First Flight,TWF,96.38,346,359,101.2,5.00%,0.009107899655163336,363.3,359,Cascaded,2027,363.30000000000007,359
D0,DC/OO/First Flight,XNA,5.1,,DC,OO,,First Flight,XNA,80.97,234,289,85.02,5.00%,0.006159677801468846,245.7,289,Cascaded,2027,245.70000000000002,289
D0,DC/OO/First Flight,XWA,5.1,,DC,OO,,First Flight,XWA,82.93,272,328,87.07,5.00%,0.007159967358972334,285.6,328,Cascaded,2027,285.6,328
D0,DC/OO/First Flight,YUL,5.1,,DC,OO,,First Flight,YUL,95.54,107,112,100.31,5.00%,0.0028166048066545577,112.35,112,Cascaded,2027,112.35000000000001,112
D0,DC/OO/First Flight,YVR,5.1,,DC,OO,,First Flight,YVR,94.96,923,972,99.71,5.00%,0.02429650688357156,969.15,972,Cascaded,2027,969.1500000000001,972
D0,DC/OO/First Flight,YWG,5.1,,DC,OO,,First Flight,YWG,91.95,457,497,96.55,5.00%,0.01202979809944984,479.85,497,Cascaded,2027,479.85,497
D0,DC/OO/First Flight,YYC,5.1,,DC,OO,,First Flight,YYC,89.97,323,359,94.47,5.00%,0.008502461238779646,339.15,359,Cascaded,2027,339.15000000000003,359
D0,DC/OO/First Flight,YYZ,5.1,,DC,OO,,First Flight,YYZ,85.66,215,251,89.94,5.00%,0.005659533022717102,225.75,251,Cascaded,2027,225.75000000000003,251
D0,DC/OO/Not First Flight,ABQ,5.1,,DC,OO,,Not First Flight,ABQ,82.55,1178,1427,86.68,5.00%,0.0071587007383549575,1236.9,1427,Cascaded,2027,1236.9,1427
D0,DC/OO/Not First Flight,ABR,5.1,,DC,OO,,Not First Flight,ABR,80.21,312,389,84.22,5.00%,0.0018960226064233842,327.6,389,Cascaded,2027,327.6,389
D0,DC/OO/Not First Flight,ABY,5.1,,DC,OO,,Not First Flight,ABY,66.23,204,308,69.55,5.00%,0.0012397070888152898,214.2,308,Cascaded,2027,214.2,308
D0,DC/OO/Not First Flight,AEX,5.1,,DC,OO,,Not First Flight,AEX,50.0,9,18,52.5,5.00%,5.4692959800674544e-05,9.45,18,Cascaded,2027,9.45,18
D0,DC/OO/Not First Flight,AGS,5.1,,DC,OO,,Not First Flight,AGS,63.21,67,106,66.37,5.00%,0.00040715870073835495,70.35,106,Cascaded,2027,70.35,106
D0,DC/OO/Not First Flight,ALB,5.1,,DC,OO,,Not First Flight,ALB,72.25,539,746,75.86,5.00%,0.0032755005925070644,565.95,746,Cascaded,2027,565.95,746
D0,DC/OO/Not First Flight,APN,5.1,,DC,OO,,Not First Flight,APN,77.31,460,595,81.18,5.00%,0.00279541794536781,483.0,595,Cascaded,2027,483.0,595
D0,DC/OO/Not First Flight,ASE,5.1,,DC,OO,,Not First Flight,ASE,56.07,328,585,58.87,5.00%,0.001993254534957917,344.4,585,Cascaded,2027,344.4,585
D0,DC/OO/Not First Flight,ATL,5.1,,DC,OO,,Not First Flight,ATL,65.17,4660,7150,68.43,5.00%,0.0283187991856826,4893.0,7150,Cascaded,2027,4893.0,7150
D0,DC/OO/Not First Flight,ATW,5.1,,DC,OO,,Not First Flight,ATW,62.51,812,1299,65.64,5.00%,0.004934520373127526,852.6,1299,Cascaded,2027,852.6,1299
D0,DC/OO/Not First Flight,AUS,5.1,,DC,OO,,Not First Flight,AUS,69.51,3615,5201,72.98,5.00%,0.021968338853270944,3795.75,5201,Cascaded,2027,3795.75,5201
D0,DC/OO/Not First Flight,AZO,5.1,,DC,OO,,Not First Flight,AZO,62.83,409,651,65.97,5.00%,0.0024854911731639878,429.45,651,Cascaded,2027,429.45,651
D0,DC/OO/Not First Flight,BDL,5.1,,DC,OO,,Not First Flight,BDL,100.0,1,1,105.0,5.00%,6.076995533408283e-06,1.05,1,Cascaded,2027,1.05,1
D0,DC/OO/Not First Flight,BGM,5.1,,DC,OO,,Not First Flight,BGM,68.32,179,262,71.74,5.00%,0.0010877822004800827,187.95,262,Cascaded,2027,187.95,262
D0,DC/OO/Not First Flight,BHM,5.1,,DC,OO,,Not First Flight,BHM,41.84,59,141,43.94,5.00%,0.0003585427364710887,61.95,141,Cascaded,2027,61.95,141
D0,DC/OO/Not First Flight,BIL,5.1,,DC,OO,,Not First Flight,BIL,86.31,605,701,90.62,5.00%,0.003676582297712011,635.25,701,Cascaded,2027,635.25,701
D0,DC/OO/Not First Flight,BIS,5.1,,DC,OO,,Not First Flight,BIS,69.53,324,466,73.0,5.00%,0.001968946552824284,340.2,466,Cascaded,2027,340.2,466
D0,DC/OO/Not First Flight,BJI,5.1,,DC,OO,,Not First Flight,BJI,76.66,289,377,80.49,5.00%,0.0017562517091549937,303.45,377,Cascaded,2027,303.45,377
D0,DC/OO/Not First Flight,BMI,5.1,,DC,OO,,Not First Flight,BMI,58.44,45,77,61.36,5.00%,0.00027346479900337275,47.25,77,Cascaded,2027,47.25,77
D0,DC/OO/Not First Flight,BNA,5.1,,DC,OO,,Not First Flight,BNA,70.57,482,683,74.1,5.00%,0.0029291118471027923,506.1,683,Cascaded,2027,506.1,683
D0,DC/OO/Not First Flight,BOI,5.1,,DC,OO,,Not First Flight,BOI,81.47,1508,1851,85.54,5.00%,0.00916410926437969,1583.4,1851,Cascaded,2027,1583.4,1851
D0,DC/OO/Not First Flight,BQK,5.1,,DC,OO,,Not First Flight,BQK,0.0,0,3,0.0,0.00%,0.0,0.0,3,Cascaded,2027,0.0,3
D0,DC/OO/Not First Flight,BRD,5.1,,DC,OO,,Not First Flight,BRD,81.01,435,537,85.06,5.00%,0.0026434930570326033,456.75,537,Cascaded,2027,456.75,537
D0,DC/OO/Not First Flight,BTM,5.1,,DC,OO,,Not First Flight,BTM,94.13,337,358,98.84,5.00%,0.0020479474947585913,353.85,358,Cascaded,2027,353.85,358
D0,DC/OO/Not First Flight,BTR,5.1,,DC,OO,,Not First Flight,BTR,59.57,28,47,62.55,5.00%,0.00017015587493543193,29.4,47,Cascaded,2027,29.4,47
D0,DC/OO/Not First Flight,BTV,5.1,,DC,OO,,Not First Flight,BTV,48.72,76,156,51.15,5.00%,0.0004618516605390295,79.8,156,Cascaded,2027,79.8,156
D0,DC/OO/Not First Flight,BUF,5.1,,DC,OO,,Not First Flight,BUF,71.35,381,534,74.92,5.00%,0.002315335298228556,400.05,534,Cascaded,2027,400.05,534
D0,DC/OO/Not First Flight,BUR,5.1,,DC,OO,,Not First Flight,BUR,82.12,753,917,86.22,5.00%,0.004575977636656437,790.65,917,Cascaded,2027,790.65,917
D0,DC/OO/Not First Flight,BZN,5.1,,DC,OO,,Not First Flight,BZN,79.06,827,1046,83.02,5.00%,0.00502567530612865,868.35,1046,Cascaded,2027,868.35,1046
D0,DC/OO/Not First Flight,CAE,5.1,,DC,OO,,Not First Flight,CAE,75.0,3,4,78.75,5.00%,1.823098660022485e-05,3.15,4,Cascaded,2027,3.15,4
D0,DC/OO/Not First Flight,CDC,5.1,,DC,OO,,Not First Flight,CDC,92.62,577,623,97.25,5.00%,0.0035064264227765794,605.85,623,Cascaded,2027,605.85,623
D0,DC/OO/Not First Flight,CHA,5.1,,DC,OO,,Not First Flight,CHA,100.0,1,1,105.0,5.00%,6.076995533408283e-06,1.05,1,Cascaded,2027,1.05,1
D0,DC/OO/Not First Flight,CHS,5.1,,DC,OO,,Not First Flight,CHS,48.25,138,286,50.66,5.00%,0.000838625383610343,144.9,286,Cascaded,2027,144.9,286
D0,DC/OO/Not First Flight,CID,5.1,,DC,OO,,Not First Flight,CID,52.57,143,272,55.2,5.00%,0.0008690103612773844,150.15,272,Cascaded,2027,150.15,272
D0,DC/OO/Not First Flight,CIU,5.1,,DC,OO,,Not First Flight,CIU,72.09,248,344,75.7,5.00%,0.0015070948922852542,260.4,344,Cascaded,2027,260.4,344
D0,DC/OO/Not First Flight,CLE,5.1,,DC,OO,,Not First Flight,CLE,64.39,548,851,67.61,5.00%,0.003330193552307739,575.4,851,Cascaded,2027,575.4,851
D0,DC/OO/Not First Flight,CMH,5.1,,DC,OO,,Not First Flight,CMH,66.96,387,578,70.3,5.00%,0.0023517972714290057,406.35,578,Cascaded,2027,406.35,578
D0,DC/OO/Not First Flight,COS,5.1,,DC,OO,,Not First Flight,COS,81.17,263,324,85.23,5.00%,0.0015982498252863785,276.15,324,Cascaded,2027,276.15,324
D0,DC/OO/Not First Flight,CRW,5.1,,DC,OO,,Not First Flight,CRW,48.69,93,191,51.13,5.00%,0.0005651605846069704,97.65,191,Cascaded,2027,97.65,191
D0,DC/OO/Not First Flight,CVG,5.1,,DC,OO,,Not First Flight,CVG,50.0,6,12,52.5,5.00%,3.64619732004497e-05,6.3,12,Cascaded,2027,6.3,12
D0,DC/OO/Not First Flight,DEN,5.1,,DC,OO,,Not First Flight,DEN,68.71,593,863,72.15,5.00%,0.0036036583513111117,622.65,863,Cascaded,2027,622.65,863
D0,DC/OO/Not First Flight,DHN,5.1,,DC,OO,,Not First Flight,DHN,53.52,38,71,56.2,5.00%,0.00023092583026951475,39.9,71,Cascaded,2027,39.9,71
D0,DC/OO/Not First Flight,DLH,5.1,,DC,OO,,Not First Flight,DLH,68.2,429,629,71.61,5.00%,0.0026070310838321536,450.45,629,Cascaded,2027,450.45,629
D0,DC/OO/Not First Flight,DSM,5.1,,DC,OO,,Not First Flight,DSM,59.62,31,52,62.6,5.00%,0.00018838686153565678,32.55,52,Cascaded,2027,32.55,52
D0,DC/OO/Not First Flight,DTW,5.1,,DC,OO,,Not First Flight,DTW,63.64,15802,24832,66.82,5.00%,0.09602868341891768,16592.1,24832,Cascaded,2027,16592.1,24832
D0,DC/OO/Not First Flight,ECP,5.1,,DC,OO,,Not First Flight,ECP,66.88,208,311,70.23,5.00%,0.0012640150709489228,218.4,311,Cascaded,2027,218.4,311
D0,DC/OO/Not First Flight,EGE,5.1,,DC,OO,,Not First Flight,EGE,57.36,74,129,60.23,5.00%,0.00044969766947221295,77.7,129,Cascaded,2027,77.7,129
D0,DC/OO/Not First Flight,EKO,5.1,,DC,OO,,Not First Flight,EKO,89.3,192,215,93.77,5.00%,0.0011667831424143904,201.6,215,Cascaded,2027,201.6,215
D0,DC/OO/Not First Flight,ELH,5.1,,DC,OO,,Not First Flight,ELH,38.46,5,13,40.38,5.00%,3.0384977667041416e-05,5.25,13,Cascaded,2027,5.25,13
D0,DC/OO/Not First Flight,ELM,5.1,,DC,OO,,Not First Flight,ELM,68.85,378,549,72.3,5.00%,0.002297104311628331,396.9,549,Cascaded,2027,396.9,549
D0,DC/OO/Not First Flight,ESC,5.1,,DC,OO,,Not First Flight,ESC,76.78,205,267,80.62,5.00%,0.001245784084348698,215.25,267,Cascaded,2027,215.25,267
D0,DC/OO/Not First Flight,EUG,5.1,,DC,OO,,Not First Flight,EUG,83.19,886,1065,87.35,5.00%,0.0053842180425997385,930.3,1065,Cascaded,2027,930.3,1065
D0,DC/OO/Not First Flight,EVV,5.1,,DC,OO,,Not First Flight,EVV,64.71,11,17,67.94,5.00%,6.684695086749111e-05,11.55,17,Cascaded,2027,11.55,17
D0,DC/OO/Not First Flight,EWR,5.1,,DC,OO,,Not First Flight,EWR,66.67,6,9,70.0,5.00%,3.64619732004497e-05,6.3,9,Cascaded,2027,6.3,9
D0,DC/OO/Not First Flight,FAR,5.1,,DC,OO,,Not First Flight,FAR,74.03,459,620,77.73,5.00%,0.002789340949834402,481.95,620,Cascaded,2027,481.95,620
D0,DC/OO/Not First Flight,FAT,5.1,,DC,OO,,Not First Flight,FAT,85.64,859,1003,89.93,5.00%,0.005220139163197715,901.95,1003,Cascaded,2027,901.95,1003
D0,DC/OO/Not First Flight,FAY,5.1,,DC,OO,,Not First Flight,FAY,65.96,31,47,69.26,5.00%,0.00018838686153565678,32.55,47,Cascaded,2027,32.55,47
D0,DC/OO/Not First Flight,FCA,5.1,,DC,OO,,Not First Flight,FCA,81.55,632,775,85.63,5.00%,0.003840661177114035,663.6,775,Cascaded,2027,663.6,775
D0,DC/OO/Not First Flight,FSD,5.1,,DC,OO,,Not First Flight,FSD,69.74,500,717,73.22,5.00%,0.0030384977667041414,525.0,717,Cascaded,2027,525.0,717
D0,DC/OO/Not First Flight,FWA,5.1,,DC,OO,,Not First Flight,FWA,61.16,496,811,64.22,5.00%,0.0030141897845705084,520.8,811,Cascaded,2027,520.8,811
D0,DC/OO/Not First Flight,GEG,5.1,,DC,OO,,Not First Flight,GEG,83.74,2400,2866,87.93,5.00%,0.014584789280179878,2520.0,2866,Cascaded,2027,2520.0,2866
D0,DC/OO/Not First Flight,GFK,5.1,,DC,OO,,Not First Flight,GFK,73.54,492,669,77.22,5.00%,0.0029898818024368754,516.6,669,Cascaded,2027,516.6,669
D0,DC/OO/Not First Flight,GJT,5.1,,DC,OO,,Not First Flight,GJT,80.09,177,221,84.1,5.00%,0.0010756282094132662,185.85,221,Cascaded,2027,185.85,221
D0,DC/OO/Not First Flight,GRB,5.1,,DC,OO,,Not First Flight,GRB,65.86,575,873,69.16,5.00%,0.0034942724317097626,603.75,873,Cascaded,2027,603.75,873
D0,DC/OO/Not First Flight,GRR,5.1,,DC,OO,,Not First Flight,GRR,66.98,1199,1790,70.33,5.00%,0.007286317644556531,1258.95,1790,Cascaded,2027,1258.95,1790
D0,DC/OO/Not First Flight,GSO,5.1,,DC,OO,,Not First Flight,GSO,58.61,160,273,61.54,5.00%,0.0009723192853453253,168.0,273,Cascaded,2027,168.0,273
D0,DC/OO/Not First Flight,GSP,5.1,,DC,OO,,Not First Flight,GSP,57.14,140,245,60.0,5.00%,0.0008507793746771596,147.0,245,Cascaded,2027,147.0,245
D0,DC/OO/Not First Flight,GTF,5.1,,DC,OO,,Not First Flight,GTF,83.62,587,702,87.8,5.00%,0.003567196378110662,616.35,702,Cascaded,2027,616.35,702
D0,DC/OO/Not First Flight,HIB,5.1,,DC,OO,,Not First Flight,HIB,82.47,508,616,86.59,5.00%,0.003087113730971408,533.4,616,Cascaded,2027,533.4,616
D0,DC/OO/Not First Flight,HLN,5.1,,DC,OO,,Not First Flight,HLN,93.06,335,360,97.71,5.00%,0.0020357935036917746,351.75,360,Cascaded,2027,351.75,360
D0,DC/OO/Not First Flight,HPN,5.1,,DC,OO,,Not First Flight,HPN,70.37,76,108,73.89,5.00%,0.0004618516605390295,79.8,108,Cascaded,2027,79.8,108
D0,DC/OO/Not First Flight,HRL,5.1,,DC,OO,,Not First Flight,HRL,100.0,7,7,105.0,5.00%,4.253896873385798e-05,7.35,7,Cascaded,2027,7.35,7
D0,DC/OO/Not First Flight,HSV,5.1,,DC,OO,,Not First Flight,HSV,68.75,44,64,72.19,5.00%,0.00026738780346996445,46.2,64,Cascaded,2027,46.2,64
D0,DC/OO/Not First Flight,IAD,5.1,,DC,OO,,Not First Flight,IAD,60.8,636,1046,63.84,5.00%,0.003864969159247668,667.8,1046,Cascaded,2027,667.8,1046
D0,DC/OO/Not First Flight,IAH,5.1,,DC,OO,,Not First Flight,IAH,56.52,13,23,59.35,5.00%,7.900094193430767e-05,13.65,23,Cascaded,2027,13.65,23
D0,DC/OO/Not First Flight,ICT,5.1,,DC,OO,,Not First Flight,ICT,62.5,110,176,65.62,5.00%,0.0006684695086749111,115.5,176,Cascaded,2027,115.5,176
D0,DC/OO/Not First Flight,IDA,5.1,,DC,OO,,Not First Flight,IDA,87.41,708,810,91.78,5.00%,0.004302512837653065,743.4,810,Cascaded,2027,743.4,810
D0,DC/OO/Not First Flight,IMT,5.1,,DC,OO,,Not First Flight,IMT,69.04,484,701,72.5,5.00%,0.002941265838169609,508.2,701,Cascaded,2027,508.2,701
D0,DC/OO/Not First Flight,IND,5.1,,DC,OO,,Not First Flight,IND,65.69,607,924,68.98,5.00%,0.003688736288778828,637.35,924,Cascaded,2027,637.35,924
D0,DC/OO/Not First Flight,INL,5.1,,DC,OO,,Not First Flight,INL,85.54,550,643,89.81,5.00%,0.0033423475433745557,577.5,643,Cascaded,2027,577.5,643
D0,DC/OO/Not First Flight,JAC,5.1,,DC,OO,,Not First Flight,JAC,78.4,334,426,82.32,5.00%,0.0020297165081583665,350.7,426,Cascaded,2027,350.7,426
D0,DC/OO/Not First Flight,JAX,5.1,,DC,OO,,Not First Flight,JAX,75.7,271,358,79.48,5.00%,0.0016468657895536446,284.55,358,Cascaded,2027,284.55,358
D0,DC/OO/Not First Flight,LAN,5.1,,DC,OO,,Not First Flight,LAN,61.9,385,622,64.99,5.00%,0.002339643280362189,404.25,622,Cascaded,2027,404.25,622
D0,DC/OO/Not First Flight,LAS,5.1,,DC,OO,,Not First Flight,LAS,80.19,1332,1661,84.2,5.00%,0.008094558050499833,1398.6,1661,Cascaded,2027,1398.6,1661
D0,DC/OO/Not First Flight,LAX,5.1,,DC,OO,,Not First Flight,LAX,79.39,8887,11194,83.36,5.00%,0.05400625930539941,9331.35,11194,Cascaded,2027,9331.35,11194
D0,DC/OO/Not First Flight,LEX,5.1,,DC,OO,,Not First Flight,LEX,64.94,113,174,68.19,5.00%,0.000686700495275136,118.65,174,Cascaded,2027,118.65,174
D0,DC/OO/Not First Flight,LFT,5.1,,DC,OO,,Not First Flight,LFT,63.73,130,204,66.91,5.00%,0.0007900094193430768,136.5,204,Cascaded,2027,136.5,204
D0,DC/OO/Not First Flight,LGA,5.1,,DC,OO,,Not First Flight,LGA,66.1,583,882,69.4,5.00%,0.003542888395977029,612.15,882,Cascaded,2027,612.15,882
D0,DC/OO/Not First Flight,LGB,5.1,,DC,OO,,Not First Flight,LGB,81.06,291,359,85.11,5.00%,0.0017684057002218102,305.55,359,Cascaded,2027,305.55,359
D0,DC/OO/Not First Flight,LIT,5.1,,DC,OO,,Not First Flight,LIT,85.38,222,260,89.65,5.00%,0.001349093008416639,233.1,260,Cascaded,2027,233.1,260
D0,DC/OO/Not First Flight,LWS,5.1,,DC,OO,,Not First Flight,LWS,82.66,305,369,86.79,5.00%,0.0018534836376895264,320.25,369,Cascaded,2027,320.25,369
D0,DC/OO/Not First Flight,MAF,5.1,,DC,OO,,Not First Flight,MAF,66.34,205,309,69.66,5.00%,0.001245784084348698,215.25,309,Cascaded,2027,215.25,309
D0,DC/OO/Not First Flight,MBS,5.1,,DC,OO,,Not First Flight,MBS,68.75,528,768,72.19,5.00%,0.003208653641639573,554.4,768,Cascaded,2027,554.4,768
D0,DC/OO/Not First Flight,MCI,5.1,,DC,OO,,Not First Flight,MCI,68.44,245,358,71.86,5.00%,0.0014888639056850294,257.25,358,Cascaded,2027,257.25,358
D0,DC/OO/Not First Flight,MDT,5.1,,DC,OO,,Not First Flight,MDT,65.31,96,147,68.57,5.00%,0.0005833915712071952,100.8,147,Cascaded,2027,100.8,147
D0,DC/OO/Not First Flight,MDW,5.1,,DC,OO,,Not First Flight,MDW,69.65,902,1295,73.14,5.00%,0.005481449971134271,947.1,1295,Cascaded,2027,947.1,1295
D0,DC/OO/Not First Flight,MEM,5.1,,DC,OO,,Not First Flight,MEM,63.35,693,1094,66.51,5.00%,0.00421135790465194,727.65,1094,Cascaded,2027,727.65,1094
D0,DC/OO/Not First Flight,MFE,5.1,,DC,OO,,Not First Flight,MFE,74.71,523,700,78.45,5.00%,0.003178268663972532,549.15,700,Cascaded,2027,549.15,700
D0,DC/OO/Not First Flight,MFR,5.1,,DC,OO,,Not First Flight,MFR,82.29,878,1067,86.4,5.00%,0.0053356020783324725,921.9,1067,Cascaded,2027,921.9,1067
D0,DC/OO/Not First Flight,MGM,5.1,,DC,OO,,Not First Flight,MGM,56.28,103,183,59.1,5.00%,0.0006259305399410532,108.15,183,Cascaded,2027,108.15,183
D0,DC/OO/Not First Flight,MHH,5.1,,DC,OO,,Not First Flight,MHH,50.0,7,14,52.5,5.00%,4.253896873385798e-05,7.35,14,Cascaded,2027,7.35,14
D0,DC/OO/Not First Flight,MKE,5.1,,DC,OO,,Not First Flight,MKE,61.91,634,1024,65.01,5.00%,0.0038528151681808515,665.7,1024,Cascaded,2027,665.7,1024
D0,DC/OO/Not First Flight,MOB,5.1,,DC,OO,,Not First Flight,MOB,59.54,103,173,62.51,5.00%,0.0006259305399410532,108.15,173,Cascaded,2027,108.15,173
D0,DC/OO/Not First Flight,MOT,5.1,,DC,OO,,Not First Flight,MOT,63.94,438,685,67.14,5.00%,0.002661724043632828,459.9,685,Cascaded,2027,459.9,685
D0,DC/OO/Not First Flight,MQT,5.1,,DC,OO,,Not First Flight,MQT,65.7,226,344,68.98,5.00%,0.001373400990550272,237.3,344,Cascaded,2027,237.3,344
D0,DC/OO/Not First Flight,MSN,5.1,,DC,OO,,Not First Flight,MSN,70.02,836,1194,73.52,5.00%,0.005080368265929325,877.8,1194,Cascaded,2027,877.8,1194
D0,DC/OO/Not First Flight,MSO,5.1,,DC,OO,,Not First Flight,MSO,82.27,478,581,86.39,5.00%,0.0029048038649691593,501.9,581,Cascaded,2027,501.9,581
D0,DC/OO/Not First Flight,MSP,5.1,,DC,OO,,Not First Flight,MSP,70.75,19173,27098,74.29,5.00%,0.116514235362037,20131.65,27098,Cascaded,2027,20131.65,27098
D0,DC/OO/Not First Flight,MSY,5.1,,DC,OO,,Not First Flight,MSY,71.02,370,521,74.57,5.00%,0.0022484883473610647,388.5,521,Cascaded,2027,388.5,521
D0,DC/OO/Not First Flight,OAJ,5.1,,DC,OO,,Not First Flight,OAJ,63.41,201,317,66.58,5.00%,0.001221476102215065,211.05,317,Cascaded,2027,211.05,317
D0,DC/OO/Not First Flight,OAK,5.1,,DC,OO,,Not First Flight,OAK,82.14,584,711,86.24,5.00%,0.003548965391510437,613.2,711,Cascaded,2027,613.2,711
D0,DC/OO/Not First Flight,OKC,5.1,,DC,OO,,Not First Flight,OKC,83.02,313,377,87.18,5.00%,0.0019020996019567925,328.65,377,Cascaded,2027,328.65,377
D0,DC/OO/Not First Flight,OMA,5.1,,DC,OO,,Not First Flight,OMA,67.56,1241,1837,70.93,5.00%,0.007541551456959679,1303.05,1837,Cascaded,2027,1303.05,1837
D0,DC/OO/Not First Flight,ONT,5.1,,DC,OO,,Not First Flight,ONT,84.28,879,1043,88.49,5.00%,0.005341679073865881,922.95,1043,Cascaded,2027,922.95,1043
D0,DC/OO/Not First Flight,ORD,5.1,,DC,OO,,Not First Flight,ORD,42.63,318,746,44.76,5.00%,0.001932484579623834,333.9,746,Cascaded,2027,333.9,746
D0,DC/OO/Not First Flight,ORF,5.1,,DC,OO,,Not First Flight,ORF,56.34,80,142,59.15,5.00%,0.00048615964267266265,84.0,142,Cascaded,2027,84.0,142
D0,DC/OO/Not First Flight,PDX,5.1,,DC,OO,,Not First Flight,PDX,77.68,1476,1900,81.57,5.00%,0.008969645407310626,1549.8,1900,Cascaded,2027,1549.8,1900
D0,DC/OO/Not First Flight,PHL,5.1,,DC,OO,,Not First Flight,PHL,56.18,50,89,58.99,5.00%,0.00030384977667041415,52.5,89,Cascaded,2027,52.5,89
D0,DC/OO/Not First Flight,PHX,5.1,,DC,OO,,Not First Flight,PHX,74.39,1008,1355,78.11,5.00%,0.00612561149767555,1058.4,1355,Cascaded,2027,1058.4,1355
D0,DC/OO/Not First Flight,PIH,5.1,,DC,OO,,Not First Flight,PIH,91.43,352,385,96.0,5.00%,0.0021391024277597156,369.6,385,Cascaded,2027,369.6,385
D0,DC/OO/Not First Flight,PIT,5.1,,DC,OO,,Not First Flight,PIT,59.34,524,883,62.31,5.00%,0.00318434565950594,550.2,883,Cascaded,2027,550.2,883
D0,DC/OO/Not First Flight,PLN,5.1,,DC,OO,,Not First Flight,PLN,75.35,428,568,79.12,5.00%,0.002600954088298745,449.4,568,Cascaded,2027,449.4,568
D0,DC/OO/Not First Flight,PSC,5.1,,DC,OO,,Not First Flight,PSC,85.76,1361,1587,90.05,5.00%,0.008270790920968673,1429.05,1587,Cascaded,2027,1429.05,1587
D0,DC/OO/Not First Flight,PSP,5.1,,DC,OO,,Not First Flight,PSP,82.9,601,725,87.04,5.00%,0.003652274315578378,631.05,725,Cascaded,2027,631.05,725
D0,DC/OO/Not First Flight,PVD,5.1,,DC,OO,,Not First Flight,PVD,60.68,233,384,63.71,5.00%,0.00141593995928413,244.65,384,Cascaded,2027,244.65,384
D0,DC/OO/Not First Flight,PWM,5.1,,DC,OO,,Not First Flight,PWM,63.2,79,125,66.36,5.00%,0.00048008264713925435,82.95,125,Cascaded,2027,82.95,125
D0,DC/OO/Not First Flight,RAP,5.1,,DC,OO,,Not First Flight,RAP,73.79,214,290,77.48,5.00%,0.0013004770441493725,224.7,290,Cascaded,2027,224.7,290
D0,DC/OO/Not First Flight,RDM,5.1,,DC,OO,,Not First Flight,RDM,78.59,837,1065,82.52,5.00%,0.005086445261462733,878.85,1065,Cascaded,2027,878.85,1065
D0,DC/OO/Not First Flight,RDU,5.1,,DC,OO,,Not First Flight,RDU,50.0,1,2,52.5,5.00%,6.076995533408283e-06,1.05,2,Cascaded,2027,1.05,2
D0,DC/OO/Not First Flight,RHI,5.1,,DC,OO,,Not First Flight,RHI,79.5,287,361,83.48,5.00%,0.0017440977180881773,301.35,361,Cascaded,2027,301.35,361
D0,DC/OO/Not First Flight,RIC,5.1,,DC,OO,,Not First Flight,RIC,52.52,198,377,55.15,5.00%,0.00120324511561484,207.9,377,Cascaded,2027,207.9,377
D0,DC/OO/Not First Flight,RNO,5.1,,DC,OO,,Not First Flight,RNO,80.98,1026,1267,85.03,5.00%,0.006234997417276899,1077.3,1267,Cascaded,2027,1077.3,1267
D0,DC/OO/Not First Flight,ROA,5.1,,DC,OO,,Not First Flight,ROA,48.44,31,64,50.86,5.00%,0.00018838686153565678,32.55,64,Cascaded,2027,32.55,64
D0,DC/OO/Not First Flight,ROC,5.1,,DC,OO,,Not First Flight,ROC,56.29,300,533,59.1,5.00%,0.0018230986600224848,315.0,533,Cascaded,2027,315.0,533
D0,DC/OO/Not First Flight,RST,5.1,,DC,OO,,Not First Flight,RST,65.24,137,210,68.5,5.00%,0.0008325483880769347,143.85,210,Cascaded,2027,143.85,210
D0,DC/OO/Not First Flight,SAN,5.1,,DC,OO,,Not First Flight,SAN,73.3,1142,1558,76.96,5.00%,0.006939928899152259,1199.1,1558,Cascaded,2027,1199.1,1558
D0,DC/OO/Not First Flight,SAT,5.1,,DC,OO,,Not First Flight,SAT,100.0,1,1,105.0,5.00%,6.076995533408283e-06,1.05,1,Cascaded,2027,1.05,1
D0,DC/OO/Not First Flight,SAV,5.1,,DC,OO,,Not First Flight,SAV,40.34,96,238,42.35,5.00%,0.0005833915712071952,100.8,238,Cascaded,2027,100.8,238
D0,DC/OO/Not First Flight,SBA,5.1,,DC,OO,,Not First Flight,SBA,79.85,424,531,83.84,5.00%,0.002576646106165112,445.2,531,Cascaded,2027,445.2,531
D0,DC/OO/Not First Flight,SBN,5.1,,DC,OO,,Not First Flight,SBN,55.23,576,1043,57.99,5.00%,0.003500349427243171,604.8,1043,Cascaded,2027,604.8,1043
D0,DC/OO/Not First Flight,SDF,5.1,,DC,OO,,Not First Flight,SDF,68.44,887,1296,71.86,5.00%,0.005390295038133147,931.35,1296,Cascaded,2027,931.35,1296
D0,DC/OO/Not First Flight,SEA,5.1,,DC,OO,,Not First Flight,SEA,78.86,15884,20142,82.8,5.00%,0.09652699705265716,16678.2,20142,Cascaded,2027,16678.2,20142
D0,DC/OO/Not First Flight,SFO,5.1,,DC,OO,,Not First Flight,SFO,65.22,555,851,68.48,5.00%,0.003372732521041597,582.75,851,Cascaded,2027,582.75,851
D0,DC/OO/Not First Flight,SGF,5.1,,DC,OO,,Not First Flight,SGF,57.28,59,103,60.15,5.00%,0.0003585427364710887,61.95,103,Cascaded,2027,61.95,103
D0,DC/OO/Not First Flight,SGU,5.1,,DC,OO,,Not First Flight,SGU,88.52,933,1054,92.95,5.00%,0.005669836832669928,979.65,1054,Cascaded,2027,979.65,1054
D0,DC/OO/Not First Flight,SHV,5.1,,DC,OO,,Not First Flight,SHV,63.64,518,814,66.82,5.00%,0.0031478836863054905,543.9,814,Cascaded,2027,543.9,814
D0,DC/OO/Not First Flight,SJC,5.1,,DC,OO,,Not First Flight,SJC,85.3,3122,3660,89.57,5.00%,0.01897238005530066,3278.1,3660,Cascaded,2027,3278.1,3660
D0,DC/OO/Not First Flight,SJD,5.1,,DC,OO,,Not First Flight,SJD,60.36,67,111,63.38,5.00%,0.00040715870073835495,70.35,111,Cascaded,2027,70.35,111
D0,DC/OO/Not First Flight,SLC,5.1,,DC,OO,,Not First Flight,SLC,83.32,24557,29473,87.49,5.00%,0.14923277931390722,25784.85,29473,Cascaded,2027,25784.85,29473
D0,DC/OO/Not First Flight,SMF,5.1,,DC,OO,,Not First Flight,SMF,81.9,2688,3282,86.0,5.00%,0.016334963993801466,2822.4,3282,Cascaded,2027,2822.4,3282
D0,DC/OO/Not First Flight,SNA,5.1,,DC,OO,,Not First Flight,SNA,74.41,814,1094,78.13,5.00%,0.004946674364194342,854.7,1094,Cascaded,2027,854.7,1094
D0,DC/OO/Not First Flight,STL,5.1,,DC,OO,,Not First Flight,STL,63.64,336,528,66.82,5.00%,0.002041870499225183,352.8,528,Cascaded,2027,352.8,528
D0,DC/OO/Not First Flight,SUN,5.1,,DC,OO,,Not First Flight,SUN,88.22,674,764,92.63,5.00%,0.004095894989517183,707.7,764,Cascaded,2027,707.7,764
D0,DC/OO/Not First Flight,SYR,5.1,,DC,OO,,Not First Flight,SYR,72.16,140,194,75.77,5.00%,0.0008507793746771596,147.0,194,Cascaded,2027,147.0,194
D0,DC/OO/Not First Flight,TLH,5.1,,DC,OO,,Not First Flight,TLH,0.0,0,3,0.0,0.00%,0.0,0.0,3,Cascaded,2027,0.0,3
D0,DC/OO/Not First Flight,TRI,5.1,,DC,OO,,Not First Flight,TRI,61.85,107,173,64.94,5.00%,0.0006502385220746862,112.35,173,Cascaded,2027,112.35,173
D0,DC/OO/Not First Flight,TUL,5.1,,DC,OO,,Not First Flight,TUL,75.0,78,104,78.75,5.00%,0.00047400565160584605,81.9,104,Cascaded,2027,81.9,104
D0,DC/OO/Not First Flight,TUS,5.1,,DC,OO,,Not First Flight,TUS,82.28,1305,1586,86.4,5.00%,0.007930479171097808,1370.25,1586,Cascaded,2027,1370.25,1586
D0,DC/OO/Not First Flight,TVC,5.1,,DC,OO,,Not First Flight,TVC,61.3,453,739,64.36,5.00%,0.0027528789766339524,475.65,739,Cascaded,2027,475.65,739
D0,DC/OO/Not First Flight,TWF,5.1,,DC,OO,,Not First Flight,TWF,92.84,389,419,97.48,5.00%,0.002363951262495822,408.45,419,Cascaded,2027,408.45,419
D0,DC/OO/Not First Flight,WYS,5.1,,DC,OO,,Not First Flight,WYS,86.9,126,145,91.24,5.00%,0.0007657014372094437,132.3,145,Cascaded,2027,132.3,145
D0,DC/OO/Not First Flight,XNA,5.1,,DC,OO,,Not First Flight,XNA,68.71,527,767,72.14,5.00%,0.003202576646106165,553.35,767,Cascaded,2027,553.35,767
D0,DC/OO/Not First Flight,XWA,5.1,,DC,OO,,Not First Flight,XWA,63.17,403,638,66.32,5.00%,0.002449029199963538,423.15,638,Cascaded,2027,423.15,638
D0,DC/OO/Not First Flight,YUL,5.1,,DC,OO,,Not First Flight,YUL,81.95,109,133,86.05,5.00%,0.0006623925131415029,114.45,133,Cascaded,2027,114.45,133
D0,DC/OO/Not First Flight,YVR,5.1,,DC,OO,,Not First Flight,YVR,79.87,1377,1724,83.87,5.00%,0.008368022849503205,1445.85,1724,Cascaded,2027,1445.85,1724
D0,DC/OO/Not First Flight,YWG,5.1,,DC,OO,,Not First Flight,YWG,78.71,562,714,82.65,5.00%,0.003415271489775455,590.1,714,Cascaded,2027,590.1,714
D0,DC/OO/Not First Flight,YYC,5.1,,DC,OO,,Not First Flight,YYC,79.44,286,360,83.42,5.00%,0.001738020722554769,300.3,360,Cascaded,2027,300.3,360
D0,DC/OO/Not First Flight,YYZ,5.1,,DC,OO,,Not First Flight,YYZ,72.84,338,464,76.49,5.00%,0.0020540244902919995,354.9,464,Cascaded,2027,354.9,464
D0,DC/YX/First Flight,BNA,5.1,,DC,YX,,First Flight,BNA,83.49,617,739,87.67,5.00%,0.040177117926678385,647.85,739,Cascaded,2027,647.8499999999999,739
D0,DC/YX/First Flight,BOS,5.1,,DC,YX,,First Flight,BOS,88.12,2270,2576,92.53,5.00%,0.14781532851468385,2383.5,2576,Cascaded,2027,2383.5,2576
D0,DC/YX/First Flight,BUF,5.1,,DC,YX,,First Flight,BUF,79.61,246,309,83.59,5.00%,0.01601875366282477,258.3,309,Cascaded,2027,258.29999999999995,309
D0,DC/YX/First Flight,BWI,5.1,,DC,YX,,First Flight,BWI,84.08,132,157,88.28,5.00%,0.008595428794686463,138.6,157,Cascaded,2027,138.6,157
D0,DC/YX/First Flight,CHS,5.1,,DC,YX,,First Flight,CHS,78.48,124,158,82.41,5.00%,0.008074493716220616,130.2,158,Cascaded,2027,130.2,158
D0,DC/YX/First Flight,CLE,5.1,,DC,YX,,First Flight,CLE,85.69,419,489,89.97,5.00%,0.027283974734648695,439.95,489,Cascaded,2027,439.94999999999993,489
D0,DC/YX/First Flight,CLT,5.1,,DC,YX,,First Flight,CLT,87.65,518,591,92.03,5.00%,0.03373054633066354,543.9,591,Cascaded,2027,543.9,591
D0,DC/YX/First Flight,CMH,5.1,,DC,YX,,First Flight,CMH,86.05,1567,1821,90.35,5.00%,0.10203815849449763,1645.35,1821,Cascaded,2027,1645.35,1821
D0,DC/YX/First Flight,CVG,5.1,,DC,YX,,First Flight,CVG,79.88,266,333,83.87,5.00%,0.017321091358989387,279.3,333,Cascaded,2027,279.29999999999995,333
D0,DC/YX/First Flight,DCA,5.1,,DC,YX,,First Flight,DCA,86.71,1044,1204,91.05,5.00%,0.06798202773979292,1096.2,1204,Cascaded,2027,1096.1999999999998,1204
D0,DC/YX/First Flight,DTW,5.1,,DC,YX,,First Flight,DTW,33.33,1,3,35.0,5.00%,6.511688480823077e-05,1.05,3,Cascaded,2027,1.0499999999999998,3
D0,DC/YX/First Flight,EWR,5.1,,DC,YX,,First Flight,EWR,60.0,3,5,63.0,5.00%,0.0001953506544246923,3.15,5,Cascaded,2027,3.15,5
D0,DC/YX/First Flight,GRR,5.1,,DC,YX,,First Flight,GRR,84.26,257,305,88.48,5.00%,0.016735039395715308,269.85,305,Cascaded,2027,269.84999999999997,305
D0,DC/YX/First Flight,GSO,5.1,,DC,YX,,First Flight,GSO,82.45,202,245,86.57,5.00%,0.013153610731262616,212.1,245,Cascaded,2027,212.09999999999997,245
D0,DC/YX/First Flight,ILM,5.1,,DC,YX,,First Flight,ILM,100.0,1,1,105.0,5.00%,6.511688480823077e-05,1.05,1,Cascaded,2027,1.0499999999999998,1
D0,DC/YX/First Flight,IND,5.1,,DC,YX,,First Flight,IND,86.44,886,1025,90.76,5.00%,0.05769355994009247,930.3,1025,Cascaded,2027,930.3,1025
D0,DC/YX/First Flight,JAX,5.1,,DC,YX,,First Flight,JAX,84.11,413,491,88.32,5.00%,0.02689327342579931,433.65,491,Cascaded,2027,433.65,491
D0,DC/YX/First Flight,JFK,5.1,,DC,YX,,First Flight,JFK,87.06,296,340,91.41,5.00%,0.01927459790323631,310.8,340,Cascaded,2027,310.79999999999995,340
D0,DC/YX/First Flight,LEX,5.1,,DC,YX,,First Flight,LEX,87.2,286,328,91.55,5.00%,0.018623429055154,300.3,328,Cascaded,2027,300.29999999999995,328
D0,DC/YX/First Flight,LGA,5.1,,DC,YX,,First Flight,LGA,86.24,1109,1286,90.55,5.00%,0.07221462525232793,1164.45,1286,Cascaded,2027,1164.4499999999998,1286
D0,DC/YX/First Flight,MCI,5.1,,DC,YX,,First Flight,MCI,70.59,12,17,74.12,5.00%,0.0007814026176987692,12.6,17,Cascaded,2027,12.6,17
D0,DC/YX/First Flight,MCO,5.1,,DC,YX,,First Flight,MCO,89.44,144,161,93.91,5.00%,0.009376831412385232,151.2,161,Cascaded,2027,151.2,161
D0,DC/YX/First Flight,MEM,5.1,,DC,YX,,First Flight,MEM,88.67,274,309,93.11,5.00%,0.017842026437455232,287.7,309,Cascaded,2027,287.7,309
D0,DC/YX/First Flight,MKE,5.1,,DC,YX,,First Flight,MKE,85.82,242,282,90.11,5.00%,0.01575828612359185,254.1,282,Cascaded,2027,254.09999999999997,282
D0,DC/YX/First Flight,MSN,5.1,,DC,YX,,First Flight,MSN,86.63,285,329,90.96,5.00%,0.01855831217034577,299.25,329,Cascaded,2027,299.25,329
D0,DC/YX/First Flight,OMA,5.1,,DC,YX,,First Flight,OMA,0.0,0,1,0.0,0.00%,0.0,0.0,1,Cascaded,2027,0.0,1
D0,DC/YX/First Flight,ORD,5.1,,DC,YX,,First Flight,ORD,73.58,351,477,77.26,5.00%,0.022856026567689,368.55,477,Cascaded,2027,368.54999999999995,477
D0,DC/YX/First Flight,ORF,5.1,,DC,YX,,First Flight,ORF,76.7,135,176,80.54,5.00%,0.008790779449111155,141.75,176,Cascaded,2027,141.75,176
D0,DC/YX/First Flight,PHL,5.1,,DC,YX,,First Flight,PHL,86.79,322,371,91.13,5.00%,0.02096763690825031,338.1,371,Cascaded,2027,338.09999999999997,371
D0,DC/YX/First Flight,PIT,5.1,,DC,YX,,First Flight,PIT,88.66,1228,1385,93.1,5.00%,0.07996353454450739,1289.4,1385,Cascaded,2027,1289.3999999999999,1385
D0,DC/YX/First Flight,PWM,5.1,,DC,YX,,First Flight,PWM,87.5,189,216,91.88,5.00%,0.012307091228755616,198.45,216,Cascaded,2027,198.45,216
D0,DC/YX/First Flight,RDU,5.1,,DC,YX,,First Flight,RDU,87.5,14,16,91.88,5.00%,0.0009116363873152308,14.7,16,Cascaded,2027,14.7,16
D0,DC/YX/First Flight,RIC,5.1,,DC,YX,,First Flight,RIC,84.68,492,581,88.92,5.00%,0.03203750732564954,516.6,581,Cascaded,2027,516.5999999999999,581
D0,DC/YX/First Flight,SAV,5.1,,DC,YX,,First Flight,SAV,84.2,293,348,88.41,5.00%,0.019079247248811618,307.65,348,Cascaded,2027,307.65,348
D0,DC/YX/First Flight,SDF,5.1,,DC,YX,,First Flight,SDF,86.48,614,710,90.8,5.00%,0.03998176727225369,644.7,710,Cascaded,2027,644.6999999999999,710
D0,DC/YX/First Flight,STL,5.1,,DC,YX,,First Flight,STL,87.84,65,74,92.23,5.00%,0.004232597512535,68.25,74,Cascaded,2027,68.25,74
D0,DC/YX/First Flight,SYR,5.1,,DC,YX,,First Flight,SYR,86.96,40,46,91.3,5.00%,0.002604675392329231,42.0,46,Cascaded,2027,41.99999999999999,46
D0,DC/YX/Not First Flight,ACK,5.1,,DC,YX,,Not First Flight,ACK,71.2,220,309,74.76,5.00%,0.003985001901932726,231.0,309,Cascaded,2027,231.0,309
D0,DC/YX/Not First Flight,AGS,5.1,,DC,YX,,Not First Flight,AGS,41.18,7,17,43.24,5.00%,0.00012679551506149584,7.35,17,Cascaded,2027,7.35,17
D0,DC/YX/Not First Flight,ATL,5.1,,DC,YX,,Not First Flight,ATL,73.33,143,195,77.0,5.00%,0.002590251236256272,150.15,195,Cascaded,2027,150.15,195
D0,DC/YX/Not First Flight,AVL,5.1,,DC,YX,,Not First Flight,AVL,63.64,35,55,66.82,5.00%,0.0006339775753074792,36.75,55,Cascaded,2027,36.75,55
D0,DC/YX/Not First Flight,BNA,5.1,,DC,YX,,Not First Flight,BNA,70.38,822,1168,73.9,5.00%,0.014889416197221367,863.1,1168,Cascaded,2027,863.1,1168
D0,DC/YX/Not First Flight,BOS,5.1,,DC,YX,,Not First Flight,BOS,67.19,13834,20590,70.55,5.00%,0.2505841650515333,14525.7,20590,Cascaded,2027,14525.699999999999,20590
D0,DC/YX/Not First Flight,BUF,5.1,,DC,YX,,Not First Flight,BUF,68.05,377,554,71.45,5.00%,0.006828844168311989,395.85,554,Cascaded,2027,395.84999999999997,554
D0,DC/YX/Not First Flight,BWI,5.1,,DC,YX,,Not First Flight,BWI,72.62,655,902,76.25,5.00%,0.011864437480754253,687.75,902,Cascaded,2027,687.75,902
D0,DC/YX/Not First Flight,CHS,5.1,,DC,YX,,Not First Flight,CHS,63.53,223,351,66.71,5.00%,0.0040393428369590815,234.15,351,Cascaded,2027,234.15,351
D0,DC/YX/Not First Flight,CLE,5.1,,DC,YX,,Not First Flight,CLE,69.3,578,834,72.77,5.00%,0.010469686815077798,606.9,834,Cascaded,2027,606.9,834
D0,DC/YX/Not First Flight,CLT,5.1,,DC,YX,,Not First Flight,CLT,68.27,1162,1702,71.69,5.00%,0.02104805550020831,1220.1,1702,Cascaded,2027,1220.1,1702
D0,DC/YX/Not First Flight,CMH,5.1,,DC,YX,,Not First Flight,CMH,67.8,1537,2267,71.19,5.00%,0.027840672378502726,1613.85,2267,Cascaded,2027,1613.85,2267
D0,DC/YX/Not First Flight,CVG,5.1,,DC,YX,,Not First Flight,CVG,64.09,623,972,67.3,5.00%,0.011284800840473128,654.15,972,Cascaded,2027,654.15,972
D0,DC/YX/Not First Flight,DCA,5.1,,DC,YX,,Not First Flight,DCA,65.91,4349,6598,69.21,5.00%,0.07877624214320647,4566.45,6598,Cascaded,2027,4566.45,6598
D0,DC/YX/Not First Flight,DTW,5.1,,DC,YX,,Not First Flight,DTW,72.77,1726,2372,76.4,5.00%,0.03126415128516311,1812.3,2372,Cascaded,2027,1812.3,2372
D0,DC/YX/Not First Flight,ECP,5.1,,DC,YX,,Not First Flight,ECP,66.67,4,6,70.0,5.00%,7.245458003514048e-05,4.2,6,Cascaded,2027,4.2,6
D0,DC/YX/Not First Flight,EWR,5.1,,DC,YX,,Not First Flight,EWR,63.21,586,927,66.38,5.00%,0.01061459597514808,615.3,927,Cascaded,2027,615.3,927
D0,DC/YX/Not First Flight,EYW,5.1,,DC,YX,,Not First Flight,EYW,64.18,86,134,67.39,5.00%,0.0015577734707555202,90.3,134,Cascaded,2027,90.3,134
D0,DC/YX/Not First Flight,GRR,5.1,,DC,YX,,Not First Flight,GRR,70.74,382,540,74.28,5.00%,0.006919412393355915,401.1,540,Cascaded,2027,401.09999999999997,540
D0,DC/YX/Not First Flight,GSO,5.1,,DC,YX,,Not First Flight,GSO,66.67,248,372,70.0,5.00%,0.004492183962178709,260.4,372,Cascaded,2027,260.4,372
D0,DC/YX/Not First Flight,HHH,5.1,,DC,YX,,Not First Flight,HHH,70.65,272,385,74.18,5.00%,0.004926911442389552,285.6,385,Cascaded,2027,285.59999999999997,385
D0,DC/YX/Not First Flight,IAD,5.1,,DC,YX,,Not First Flight,IAD,68.29,56,82,71.71,5.00%,0.0010143641204919667,58.8,82,Cascaded,2027,58.8,82
D0,DC/YX/Not First Flight,ILM,5.1,,DC,YX,,Not First Flight,ILM,66.07,37,56,69.38,5.00%,0.0006702048653250493,38.85,56,Cascaded,2027,38.85,56
D0,DC/YX/Not First Flight,IND,5.1,,DC,YX,,Not First Flight,IND,67.27,818,1216,70.63,5.00%,0.014816961617186226,858.9,1216,Cascaded,2027,858.9,1216
D0,DC/YX/Not First Flight,JAX,5.1,,DC,YX,,Not First Flight,JAX,60.03,452,753,63.03,5.00%,0.008187367543970873,474.6,753,Cascaded,2027,474.59999999999997,753
D0,DC/YX/Not First Flight,JFK,5.1,,DC,YX,,Not First Flight,JFK,69.27,3343,4826,72.73,5.00%,0.06055391526436865,3510.15,4826,Cascaded,2027,3510.15,4826
D0,DC/YX/Not First Flight,LEX,5.1,,DC,YX,,Not First Flight,LEX,75.26,216,287,79.02,5.00%,0.003912547321897586,226.8,287,Cascaded,2027,226.79999999999998,287
D0,DC/YX/Not First Flight,LGA,5.1,,DC,YX,,Not First Flight,LGA,69.03,13930,20180,72.48,5.00%,0.2523230749723767,14626.5,20180,Cascaded,2027,14626.5,20180
D0,DC/YX/Not First Flight,MCI,5.1,,DC,YX,,Not First Flight,MCI,73.65,313,425,77.33,5.00%,0.005669570887749742,328.65,425,Cascaded,2027,328.65,425
D0,DC/YX/Not First Flight,MCO,5.1,,DC,YX,,Not First Flight,MCO,67.05,346,516,70.41,5.00%,0.0062673211730396505,363.3,516,Cascaded,2027,363.3,516
D0,DC/YX/Not First Flight,MEM,5.1,,DC,YX,,Not First Flight,MEM,68.1,269,395,71.51,5.00%,0.004872570507363196,282.45,395,Cascaded,2027,282.45,395
D0,DC/YX/Not First Flight,MIA,5.1,,DC,YX,,Not First Flight,MIA,68.54,220,321,71.96,5.00%,0.003985001901932726,231.0,321,Cascaded,2027,231.0,321
D0,DC/YX/Not First Flight,MKE,5.1,,DC,YX,,Not First Flight,MKE,68.44,683,998,71.86,5.00%,0.012371619541000236,717.15,998,Cascaded,2027,717.15,998
D0,DC/YX/Not First Flight,MSN,5.1,,DC,YX,,Not First Flight,MSN,71.24,374,525,74.8,5.00%,0.006774503233285634,392.7,525,Cascaded,2027,392.7,525
D0,DC/YX/Not First Flight,MVY,5.1,,DC,YX,,Not First Flight,MVY,72.84,228,313,76.49,5.00%,0.004129911062003007,239.4,313,Cascaded,2027,239.4,313
D0,DC/YX/Not First Flight,MYR,5.1,,DC,YX,,Not First Flight,MYR,83.1,59,71,87.25,5.00%,0.001068705055518322,61.95,71,Cascaded,2027,61.949999999999996,71
D0,DC/YX/Not First Flight,OMA,5.1,,DC,YX,,Not First Flight,OMA,82.51,250,303,86.63,5.00%,0.004528411252196279,262.5,303,Cascaded,2027,262.5,303
D0,DC/YX/Not First Flight,ORD,5.1,,DC,YX,,Not First Flight,ORD,59.89,336,561,62.89,5.00%,0.0060861847229518,352.8,561,Cascaded,2027,352.8,561
D0,DC/YX/Not First Flight,ORF,5.1,,DC,YX,,Not First Flight,ORF,73.79,428,580,77.48,5.00%,0.00775264006376003,449.4,580,Cascaded,2027,449.4,580
D0,DC/YX/Not First Flight,PHL,5.1,,DC,YX,,Not First Flight,PHL,64.99,505,777,68.24,5.00%,0.009147390729436485,530.25,777,Cascaded,2027,530.25,777
D0,DC/YX/Not First Flight,PIT,5.1,,DC,YX,,Not First Flight,PIT,69.35,1342,1935,72.82,5.00%,0.024308511601789626,1409.1,1935,Cascaded,2027,1409.1,1935
D0,DC/YX/Not First Flight,PNS,5.1,,DC,YX,,Not First Flight,PNS,83.33,5,6,87.5,5.00%,9.056822504392558e-05,5.25,6,Cascaded,2027,5.25,6
D0,DC/YX/Not First Flight,PWM,5.1,,DC,YX,,Not First Flight,PWM,63.94,367,574,67.13,5.00%,0.006647707718224138,385.35,574,Cascaded,2027,385.34999999999997,574
D0,DC/YX/Not First Flight,RDU,5.1,,DC,YX,,Not First Flight,RDU,66.93,429,641,70.27,5.00%,0.007770753708768815,450.45,641,Cascaded,2027,450.45,641
D0,DC/YX/Not First Flight,RIC,5.1,,DC,YX,,Not First Flight,RIC,69.74,855,1226,73.23,5.00%,0.015487166482511276,897.75,1226,Cascaded,2027,897.75,1226
D0,DC/YX/Not First Flight,SAV,5.1,,DC,YX,,Not First Flight,SAV,57.04,413,724,59.9,5.00%,0.007480935388628254,433.65,724,Cascaded,2027,433.65,724
D0,DC/YX/Not First Flight,SBN,5.1,,DC,YX,,Not First Flight,SBN,90.0,9,10,94.5,5.00%,0.00016302280507906605,9.45,10,Cascaded,2027,9.45,10
D0,DC/YX/Not First Flight,SDF,5.1,,DC,YX,,Not First Flight,SDF,70.1,661,943,73.6,5.00%,0.011973119350806962,694.05,943,Cascaded,2027,694.05,943
D0,DC/YX/Not First Flight,SRQ,5.1,,DC,YX,,Not First Flight,SRQ,46.15,72,156,48.46,5.00%,0.0013041824406325284,75.6,156,Cascaded,2027,75.6,156
D0,DC/YX/Not First Flight,STL,5.1,,DC,YX,,Not First Flight,STL,68.61,153,223,72.04,5.00%,0.002771387686344123,160.65,223,Cascaded,2027,160.65,223
D0,DC/YX/Not First Flight,SYR,5.1,,DC,YX,,Not First Flight,SYR,65.87,137,208,69.16,5.00%,0.0024815693662035613,143.85,208,Cascaded,2027,143.85,208
D0,DC/YX/Not First Flight,TVC,5.1,,DC,YX,,Not First Flight,TVC,76.19,32,42,80.0,5.00%,0.0005796366402811238,33.6,42,Cascaded,2027,33.6,42
D0,DL/DL/First Flight,ABQ,5.1,,DL,DL,,First Flight,ABQ,87.81,461,525,92.2,5.00%,0.0024588633757367255,484.05,525,Cascaded,2027,484.05,525
D0,DL/DL/First Flight,ACC,5.1,,DL,DL,,First Flight,ACC,0.0,0,1,0.0,0.00%,0.0,0.0,1,Cascaded,2027,0.0,1
D0,DL/DL/First Flight,AGS,5.1,,DL,DL,,First Flight,AGS,77.23,156,202,81.09,5.00%,0.000832066565325226,163.8,202,Cascaded,2027,163.8,202
D0,DL/DL/First Flight,ALB,5.1,,DL,DL,,First Flight,ALB,82.53,496,601,86.66,5.00%,0.0026455449769314876,520.8,601,Cascaded,2027,520.8,601
D0,DL/DL/First Flight,AMS,5.1,,DL,DL,,First Flight,AMS,27.56,78,283,28.94,5.00%,0.000416033282662613,81.9,283,Cascaded,2027,81.9,283
D0,DL/DL/First Flight,ANC,5.1,,DL,DL,,First Flight,ANC,89.14,312,350,93.6,5.00%,0.001664133130650452,327.6,350,Cascaded,2027,327.6,350
D0,DL/DL/First Flight,ATL,5.1,,DL,DL,,First Flight,ATL,72.83,15537,21333,76.47,5.00%,0.08287062965037204,16313.85,21333,Cascaded,2027,16313.85,21333
D0,DL/DL/First Flight,ATW,5.1,,DL,DL,,First Flight,ATW,76.38,262,343,80.2,5.00%,0.001397445128943649,275.1,343,Cascaded,2027,275.1,343
D0,DL/DL/First Flight,AUS,5.1,,DL,DL,,First Flight,AUS,84.22,4020,4773,88.43,5.00%,0.02144171533722698,4221.0,4773,Cascaded,2027,4221.0,4773
D0,DL/DL/First Flight,AVL,5.1,,DL,DL,,First Flight,AVL,81.65,476,583,85.73,5.00%,0.0025388697762487667,499.8,583,Cascaded,2027,499.8,583
D0,DL/DL/First Flight,BCN,5.1,,DL,DL,,First Flight,BCN,0.0,0,1,0.0,0.00%,0.0,0.0,1,Cascaded,2027,0.0,1
D0,DL/DL/First Flight,BDL,5.1,,DL,DL,,First Flight,BDL,73.03,1137,1557,76.68,5.00%,0.006064485158812705,1193.85,1557,Cascaded,2027,1193.85,1557
D0,DL/DL/First Flight,BER,5.1,,DL,DL,,First Flight,BER,50.0,1,2,52.5,5.00%,5.333760034136064e-06,1.05,2,Cascaded,2027,1.05,2
D0,DL/DL/First Flight,BHM,5.1,,DL,DL,,First Flight,BHM,83.06,917,1104,87.21,5.00%,0.004891057951302771,962.85,1104,Cascaded,2027,962.85,1104
D0,DL/DL/First Flight,BIL,5.1,,DL,DL,,First Flight,BIL,92.71,636,686,97.35,5.00%,0.003392271381710537,667.8,686,Cascaded,2027,667.8,686
D0,DL/DL/First Flight,BIS,5.1,,DL,DL,,First Flight,BIS,72.73,240,330,76.36,5.00%,0.0012801024081926554,252.0,330,Cascaded,2027,252.0,330
D0,DL/DL/First Flight,BNA,5.1,,DL,DL,,First Flight,BNA,85.44,2442,2858,89.72,5.00%,0.01302504200336027,2564.1,2858,Cascaded,2027,2564.1,2858
D0,DL/DL/First Flight,BOG,5.1,,DL,DL,,First Flight,BOG,77.18,274,355,81.04,5.00%,0.0014614502493532815,287.7,355,Cascaded,2027,287.7,355
D0,DL/DL/First Flight,BOI,5.1,,DL,DL,,First Flight,BOI,81.24,576,709,85.3,5.00%,0.0030722457796623728,604.8,709,Cascaded,2027,604.8,709
D0,DL/DL/First Flight,BOS,5.1,,DL,DL,,First Flight,BOS,79.5,6934,8722,83.48,5.00%,0.03698429207669947,7280.7,8722,Cascaded,2027,7280.7,8722
D0,DL/DL/First Flight,BTR,5.1,,DL,DL,,First Flight,BTR,84.36,329,390,88.58,5.00%,0.0017548070512307652,345.45,390,Cascaded,2027,345.45,390
D0,DL/DL/First Flight,BTV,5.1,,DL,DL,,First Flight,BTV,72.24,242,335,75.85,5.00%,0.0012907699282609275,254.1,335,Cascaded,2027,254.1,335
D0,DL/DL/First Flight,BUF,5.1,,DL,DL,,First Flight,BUF,67.7,457,675,71.09,5.00%,0.0024375283356001813,479.85,675,Cascaded,2027,479.85,675
D0,DL/DL/First Flight,BUR,5.1,,DL,DL,,First Flight,BUR,85.85,279,325,90.14,5.00%,0.001488119049523962,292.95,325,Cascaded,2027,292.95,325
D0,DL/DL/First Flight,BWI,5.1,,DL,DL,,First Flight,BWI,77.74,1348,1734,81.63,5.00%,0.0071899085260154144,1415.4,1734,Cascaded,2027,1415.4,1734
D0,DL/DL/First Flight,BZN,5.1,,DL,DL,,First Flight,BZN,88.46,598,676,92.88,5.00%,0.0031895885004133663,627.9,676,Cascaded,2027,627.9,676
D0,DL/DL/First Flight,CAE,5.1,,DL,DL,,First Flight,CAE,83.43,564,676,87.6,5.00%,0.00300824065925274,592.2,676,Cascaded,2027,592.2,676
D0,DL/DL/First Flight,CDG,5.1,,DL,DL,,First Flight,CDG,27.03,10,37,28.38,5.00%,5.333760034136064e-05,10.5,37,Cascaded,2027,10.5,37
D0,DL/DL/First Flight,CHA,5.1,,DL,DL,,First Flight,CHA,77.78,399,513,81.67,5.00%,0.0021281702536202897,418.95,513,Cascaded,2027,418.95,513
D0,DL/DL/First Flight,CHO,5.1,,DL,DL,,First Flight,CHO,83.33,60,72,87.5,5.00%,0.00032002560204816386,63.0,72,Cascaded,2027,63.0,72
D0,DL/DL/First Flight,CHS,5.1,,DL,DL,,First Flight,CHS,89.14,1133,1271,93.6,5.00%,0.006043150118676161,1189.65,1271,Cascaded,2027,1189.65,1271
D0,DL/DL/First Flight,CID,5.1,,DL,DL,,First Flight,CID,79.13,273,345,83.09,5.00%,0.0014561164893191455,286.65,345,Cascaded,2027,286.65,345
D0,DL/DL/First Flight,CLE,5.1,,DL,DL,,First Flight,CLE,77.82,1109,1425,81.72,5.00%,0.0059151398778568955,1164.45,1425,Cascaded,2027,1164.45,1425
D0,DL/DL/First Flight,CLT,5.1,,DL,DL,,First Flight,CLT,85.56,1410,1648,89.84,5.00%,0.00752060164813185,1480.5,1648,Cascaded,2027,1480.5,1648
D0,DL/DL/First Flight,CMH,5.1,,DL,DL,,First Flight,CMH,85.16,1349,1584,89.42,5.00%,0.0071952422860495505,1416.45,1584,Cascaded,2027,1416.45,1584
D0,DL/DL/First Flight,COS,5.1,,DL,DL,,First Flight,COS,84.68,210,248,88.91,5.00%,0.0011200896071685736,220.5,248,Cascaded,2027,220.5,248
D0,DL/DL/First Flight,CTA,5.1,,DL,DL,,First Flight,CTA,100.0,2,2,105.0,5.00%,1.0667520068272128e-05,2.1,2,Cascaded,2027,2.1,2
D0,DL/DL/First Flight,CUN,5.1,,DL,DL,,First Flight,CUN,91.91,341,371,96.51,5.00%,0.0018188121716403978,358.05,371,Cascaded,2027,358.05,371
D0,DL/DL/First Flight,CVG,5.1,,DL,DL,,First Flight,CVG,79.68,2317,2908,83.66,5.00%,0.012358321999093261,2432.85,2908,Cascaded,2027,2432.85,2908
D0,DL/DL/First Flight,DAB,5.1,,DL,DL,,First Flight,DAB,84.57,296,350,88.8,5.00%,0.001578792970104275,310.8,350,Cascaded,2027,310.8,350
D0,DL/DL/First Flight,DAL,5.1,,DL,DL,,First Flight,DAL,81.97,450,549,86.07,5.00%,0.002400192015361229,472.5,549,Cascaded,2027,472.5,549
D0,DL/DL/First Flight,DAY,5.1,,DL,DL,,First Flight,DAY,85.63,286,334,89.91,5.00%,0.0015254553697629143,300.3,334,Cascaded,2027,300.3,334
D0,DL/DL/First Flight,DCA,5.1,,DL,DL,,First Flight,DCA,78.14,2037,2607,82.04,5.00%,0.010864869189535163,2138.85,2607,Cascaded,2027,2138.85,2607
D0,DL/DL/First Flight,DEN,5.1,,DL,DL,,First Flight,DEN,79.59,2652,3332,83.57,5.00%,0.014145131610528843,2784.6,3332,Cascaded,2027,2784.6,3332
D0,DL/DL/First Flight,DFW,5.1,,DL,DL,,First Flight,DFW,81.21,2896,3566,85.27,5.00%,0.015446569058858042,3040.8,3566,Cascaded,2027,3040.8,3566
D0,DL/DL/First Flight,DJT,5.1,,DL,DL,,First Flight,DJT,82.9,1382,1667,87.05,5.00%,0.007371256367176041,1451.1,1667,Cascaded,2027,1451.1,1667
D0,DL/DL/First Flight,DSM,5.1,,DL,DL,,First Flight,DSM,91.21,301,330,95.77,5.00%,0.0016054617702749552,316.05,330,Cascaded,2027,316.05,330
D0,DL/DL/First Flight,DTW,5.1,,DL,DL,,First Flight,DTW,77.35,8161,10551,81.22,5.00%,0.04352881563858442,8569.05,10551,Cascaded,2027,8569.05,10551
D0,DL/DL/First Flight,DUB,5.1,,DL,DL,,First Flight,DUB,66.67,2,3,70.0,5.00%,1.0667520068272128e-05,2.1,3,Cascaded,2027,2.1,3
D0,DL/DL/First Flight,ECP,5.1,,DL,DL,,First Flight,ECP,82.26,626,761,86.37,5.00%,0.003338933781369176,657.3,761,Cascaded,2027,657.3,761
D0,DL/DL/First Flight,EDI,5.1,,DL,DL,,First Flight,EDI,0.0,0,1,0.0,0.00%,0.0,0.0,1,Cascaded,2027,0.0,1
D0,DL/DL/First Flight,ELP,5.1,,DL,DL,,First Flight,ELP,81.64,289,354,85.72,5.00%,0.0015414566498653227,303.45,354,Cascaded,2027,303.45,354
D0,DL/DL/First Flight,EWR,5.1,,DL,DL,,First Flight,EWR,78.7,1334,1695,82.64,5.00%,0.00711523588553751,1400.7,1695,Cascaded,2027,1400.7,1695
D0,DL/DL/First Flight,EYW,5.1,,DL,DL,,First Flight,EYW,81.69,290,355,85.77,5.00%,0.0015467904098994587,304.5,355,Cascaded,2027,304.5,355
D0,DL/DL/First Flight,FAR,5.1,,DL,DL,,First Flight,FAR,76.59,481,628,80.42,5.00%,0.002565538576419447,505.05,628,Cascaded,2027,505.05,628
D0,DL/DL/First Flight,FCA,5.1,,DL,DL,,First Flight,FCA,82.96,331,399,87.11,5.00%,0.0017654745712990373,347.55,399,Cascaded,2027,347.55,399
D0,DL/DL/First Flight,FCO,5.1,,DL,DL,,First Flight,FCO,0.0,0,2,0.0,0.00%,0.0,0.0,2,Cascaded,2027,0.0,2
D0,DL/DL/First Flight,FLL,5.1,,DL,DL,,First Flight,FLL,82.51,2368,2870,86.63,5.00%,0.0126303437608342,2486.4,2870,Cascaded,2027,2486.4,2870
D0,DL/DL/First Flight,FRA,5.1,,DL,DL,,First Flight,FRA,0.0,0,1,0.0,0.00%,0.0,0.0,1,Cascaded,2027,0.0,1
D0,DL/DL/First Flight,FSD,5.1,,DL,DL,,First Flight,FSD,83.16,553,665,87.32,5.00%,0.0029495692988772437,580.65,665,Cascaded,2027,580.65,665
D0,DL/DL/First Flight,GDL,5.1,,DL,DL,,First Flight,GDL,52.94,9,17,55.59,5.00%,4.8003840307224575e-05,9.45,17,Cascaded,2027,9.45,17
D0,DL/DL/First Flight,GEG,5.1,,DL,DL,,First Flight,GEG,84.56,816,965,88.79,5.00%,0.004352348187855028,856.8,965,Cascaded,2027,856.8,965
D0,DL/DL/First Flight,GNV,5.1,,DL,DL,,First Flight,GNV,89.47,306,342,93.95,5.00%,0.0016321305704456357,321.3,342,Cascaded,2027,321.3,342
D0,DL/DL/First Flight,GPT,5.1,,DL,DL,,First Flight,GPT,90.83,317,349,95.37,5.00%,0.0016908019308211324,332.85,349,Cascaded,2027,332.85,349
D0,DL/DL/First Flight,GRB,5.1,,DL,DL,,First Flight,GRB,88.12,304,345,92.52,5.00%,0.0016214630503773636,319.2,345,Cascaded,2027,319.2,345
D0,DL/DL/First Flight,GRR,5.1,,DL,DL,,First Flight,GRR,78.28,829,1059,82.2,5.00%,0.004421687068298797,870.45,1059,Cascaded,2027,870.45,1059
D0,DL/DL/First Flight,GRU,5.1,,DL,DL,,First Flight,GRU,83.33,10,12,87.5,5.00%,5.333760034136064e-05,10.5,12,Cascaded,2027,10.5,12
D0,DL/DL/First Flight,GSO,5.1,,DL,DL,,First Flight,GSO,87.4,888,1016,91.77,5.00%,0.004736378910312825,932.4,1016,Cascaded,2027,932.4,1016
D0,DL/DL/First Flight,GSP,5.1,,DL,DL,,First Flight,GSP,86.22,1120,1299,90.53,5.00%,0.005973811238232392,1176.0,1299,Cascaded,2027,1176.0,1299
D0,DL/DL/First Flight,HNL,5.1,,DL,DL,,First Flight,HNL,89.54,368,411,94.01,5.00%,0.0019628236925620718,386.4,411,Cascaded,2027,386.4,411
D0,DL/DL/First Flight,HOU,5.1,,DL,DL,,First Flight,HOU,82.42,286,347,86.54,5.00%,0.0015254553697629143,300.3,347,Cascaded,2027,300.3,347
D0,DL/DL/First Flight,HPN,5.1,,DL,DL,,First Flight,HPN,66.96,225,336,70.31,5.00%,0.0012000960076806145,236.25,336,Cascaded,2027,236.25,336
D0,DL/DL/First Flight,HSV,5.1,,DL,DL,,First Flight,HSV,84.47,642,760,88.7,5.00%,0.0034242739419153533,674.1,760,Cascaded,2027,674.1,760
D0,DL/DL/First Flight,IAD,5.1,,DL,DL,,First Flight,IAD,71.57,891,1245,75.14,5.00%,0.0047523801904152336,935.55,1245,Cascaded,2027,935.55,1245
D0,DL/DL/First Flight,IAH,5.1,,DL,DL,,First Flight,IAH,75.22,1882,2502,78.98,5.00%,0.010038136384244074,1976.1,2502,Cascaded,2027,1976.1,2502
D0,DL/DL/First Flight,ICN,5.1,,DL,DL,,First Flight,ICN,83.1,177,213,87.25,5.00%,0.0009440755260420833,185.85,213,Cascaded,2027,185.85,213
D0,DL/DL/First Flight,ICT,5.1,,DL,DL,,First Flight,ICT,89.94,313,348,94.44,5.00%,0.001669466890684588,328.65,348,Cascaded,2027,328.65,348
D0,DL/DL/First Flight,IDA,5.1,,DL,DL,,First Flight,IDA,76.22,234,307,80.03,5.00%,0.001248099847987839,245.7,307,Cascaded,2027,245.7,307
D0,DL/DL/First Flight,ILM,5.1,,DL,DL,,First Flight,ILM,84.02,284,338,88.22,5.00%,0.0015147878496946422,298.2,338,Cascaded,2027,298.2,338
D0,DL/DL/First Flight,IND,5.1,,DL,DL,,First Flight,IND,86.1,1456,1691,90.41,5.00%,0.007765954609702109,1528.8,1691,Cascaded,2027,1528.8,1691
D0,DL/DL/First Flight,JAC,5.1,,DL,DL,,First Flight,JAC,61.21,172,281,64.27,5.00%,0.0009174067258714031,180.6,281,Cascaded,2027,180.6,281
D0,DL/DL/First Flight,JAN,5.1,,DL,DL,,First Flight,JAN,89.84,557,620,94.33,5.00%,0.002970904339013788,584.85,620,Cascaded,2027,584.85,620
D0,DL/DL/First Flight,JAX,5.1,,DL,DL,,First Flight,JAX,78.06,1060,1358,81.96,5.00%,0.005653785636184228,1113.0,1358,Cascaded,2027,1113.0,1358
D0,DL/DL/First Flight,JFK,5.1,,DL,DL,,First Flight,JFK,80.48,8351,10376,84.51,5.00%,0.04454223004507027,8768.55,10376,Cascaded,2027,8768.55,10376
D0,DL/DL/First Flight,JNU,5.1,,DL,DL,,First Flight,JNU,89.86,124,138,94.35,5.00%,0.0006613862442328719,130.2,138,Cascaded,2027,130.2,138
D0,DL/DL/First Flight,KIN,5.1,,DL,DL,,First Flight,KIN,77.01,268,348,80.86,5.00%,0.0014294476891484652,281.4,348,Cascaded,2027,281.4,348
D0,DL/DL/First Flight,LAS,5.1,,DL,DL,,First Flight,LAS,81.43,2442,2999,85.5,5.00%,0.01302504200336027,2564.1,2999,Cascaded,2027,2564.1,2999
D0,DL/DL/First Flight,LAX,5.1,,DL,DL,,First Flight,LAX,79.47,6575,8274,83.44,5.00%,0.03506947222444462,6903.75,8274,Cascaded,2027,6903.75,8274
D0,DL/DL/First Flight,LEX,5.1,,DL,DL,,First Flight,LEX,90.08,563,625,94.58,5.00%,0.003002906899218604,591.15,625,Cascaded,2027,591.15,625
D0,DL/DL/First Flight,LGA,5.1,,DL,DL,,First Flight,LGA,83.76,7166,8555,87.95,5.00%,0.03822172440461904,7524.3,8555,Cascaded,2027,7524.3,8555
D0,DL/DL/First Flight,LGB,5.1,,DL,DL,,First Flight,LGB,78.87,56,71,82.82,5.00%,0.0002986905619116196,58.8,71,Cascaded,2027,58.8,71
D0,DL/DL/First Flight,LHR,5.1,,DL,DL,,First Flight,LHR,66.67,2,3,70.0,5.00%,1.0667520068272128e-05,2.1,3,Cascaded,2027,2.1,3
D0,DL/DL/First Flight,LIS,5.1,,DL,DL,,First Flight,LIS,0.0,0,1,0.0,0.00%,0.0,0.0,1,Cascaded,2027,0.0,1
D0,DL/DL/First Flight,LIT,5.1,,DL,DL,,First Flight,LIT,83.69,580,693,87.88,5.00%,0.0030935808197989174,609.0,693,Cascaded,2027,609.0,693
D0,DL/DL/First Flight,LOS,5.1,,DL,DL,,First Flight,LOS,0.0,0,1,0.0,0.00%,0.0,0.0,1,Cascaded,2027,0.0,1
D0,DL/DL/First Flight,MAD,5.1,,DL,DL,,First Flight,MAD,0.0,0,2,0.0,0.00%,0.0,0.0,2,Cascaded,2027,0.0,2
D0,DL/DL/First Flight,MBJ,5.1,,DL,DL,,First Flight,MBJ,81.25,13,16,85.31,5.00%,6.933888044376884e-05,13.65,16,Cascaded,2027,13.65,16
D0,DL/DL/First Flight,MCI,5.1,,DL,DL,,First Flight,MCI,84.81,2545,3001,89.05,5.00%,0.013574419286876284,2672.25,3001,Cascaded,2027,2672.25,3001
D0,DL/DL/First Flight,MCO,5.1,,DL,DL,,First Flight,MCO,86.03,4120,4789,90.33,5.00%,0.021975091340640584,4326.0,4789,Cascaded,2027,4326.0,4789
D0,DL/DL/First Flight,MDT,5.1,,DL,DL,,First Flight,MDT,84.91,270,318,89.15,5.00%,0.0014401152092167373,283.5,318,Cascaded,2027,283.5,318
D0,DL/DL/First Flight,MDW,5.1,,DL,DL,,First Flight,MDW,86.99,301,346,91.34,5.00%,0.0016054617702749552,316.05,346,Cascaded,2027,316.05,346
D0,DL/DL/First Flight,MEM,5.1,,DL,DL,,First Flight,MEM,84.73,1509,1781,88.96,5.00%,0.00804864389151132,1584.45,1781,Cascaded,2027,1584.45,1781
D0,DL/DL/First Flight,MEX,5.1,,DL,DL,,First Flight,MEX,81.76,399,488,85.85,5.00%,0.0021281702536202897,418.95,488,Cascaded,2027,418.95,488
D0,DL/DL/First Flight,MIA,5.1,,DL,DL,,First Flight,MIA,79.91,2088,2613,83.9,5.00%,0.011136890951276101,2192.4,2613,Cascaded,2027,2192.4,2613
D0,DL/DL/First Flight,MKE,5.1,,DL,DL,,First Flight,MKE,81.7,942,1153,85.78,5.00%,0.005024401952156173,989.1,1153,Cascaded,2027,989.1,1153
D0,DL/DL/First Flight,MLB,5.1,,DL,DL,,First Flight,MLB,89.94,304,338,94.44,5.00%,0.0016214630503773636,319.2,338,Cascaded,2027,319.2,338
D0,DL/DL/First Flight,MOB,5.1,,DL,DL,,First Flight,MOB,92.86,234,252,97.5,5.00%,0.001248099847987839,245.7,252,Cascaded,2027,245.7,252
D0,DL/DL/First Flight,MSN,5.1,,DL,DL,,First Flight,MSN,88.27,670,759,92.69,5.00%,0.003573619222871163,703.5,759,Cascaded,2027,703.5,759
D0,DL/DL/First Flight,MSO,5.1,,DL,DL,,First Flight,MSO,84.09,497,591,88.3,5.00%,0.002650878736965624,521.85,591,Cascaded,2027,521.85,591
D0,DL/DL/First Flight,MSP,5.1,,DL,DL,,First Flight,MSP,78.54,9243,11768,82.47,5.00%,0.049299943995519645,9705.15,11768,Cascaded,2027,9705.15,11768
D0,DL/DL/First Flight,MSY,5.1,,DL,DL,,First Flight,MSY,83.12,1152,1386,87.27,5.00%,0.0061444915593247456,1209.6,1386,Cascaded,2027,1209.6,1386
D0,DL/DL/First Flight,MUC,5.1,,DL,DL,,First Flight,MUC,100.0,1,1,105.0,5.00%,5.333760034136064e-06,1.05,1,Cascaded,2027,1.05,1
D0,DL/DL/First Flight,MXP,5.1,,DL,DL,,First Flight,MXP,0.0,0,2,0.0,0.00%,0.0,0.0,2,Cascaded,2027,0.0,2
D0,DL/DL/First Flight,MYR,5.1,,DL,DL,,First Flight,MYR,84.55,290,343,88.78,5.00%,0.0015467904098994587,304.5,343,Cascaded,2027,304.5,343
D0,DL/DL/First Flight,NAS,5.1,,DL,DL,,First Flight,NAS,88.24,15,17,92.65,5.00%,8.000640051204096e-05,15.75,17,Cascaded,2027,15.75,17
D0,DL/DL/First Flight,OAK,5.1,,DL,DL,,First Flight,OAK,85.71,6,7,90.0,5.00%,3.200256020481638e-05,6.3,7,Cascaded,2027,6.3,7
D0,DL/DL/First Flight,OKC,5.1,,DL,DL,,First Flight,OKC,86.52,571,660,90.84,5.00%,0.0030455769794916925,599.55,660,Cascaded,2027,599.55,660
D0,DL/DL/First Flight,OMA,5.1,,DL,DL,,First Flight,OMA,86.34,531,615,90.66,5.00%,0.00283222657812625,557.55,615,Cascaded,2027,557.55,615
D0,DL/DL/First Flight,ONT,5.1,,DL,DL,,First Flight,ONT,88.09,540,613,92.5,5.00%,0.0028802304184334746,567.0,613,Cascaded,2027,567.0,613
D0,DL/DL/First Flight,ORD,5.1,,DL,DL,,First Flight,ORD,75.3,2058,2733,79.07,5.00%,0.01097687815025202,2160.9,2733,Cascaded,2027,2160.9,2733
D0,DL/DL/First Flight,ORF,5.1,,DL,DL,,First Flight,ORF,79.77,970,1216,83.76,5.00%,0.005173747233111982,1018.5,1216,Cascaded,2027,1018.5,1216
D0,DL/DL/First Flight,PDX,5.1,,DL,DL,,First Flight,PDX,79.22,1639,2069,83.18,5.00%,0.008742032695949009,1720.95,2069,Cascaded,2027,1720.95,2069
D0,DL/DL/First Flight,PHL,5.1,,DL,DL,,First Flight,PHL,79.45,1338,1684,83.43,5.00%,0.007136570925674054,1404.9,1684,Cascaded,2027,1404.9,1684
D0,DL/DL/First Flight,PHX,5.1,,DL,DL,,First Flight,PHX,83.74,2246,2682,87.93,5.00%,0.0119796250366696,2358.3,2682,Cascaded,2027,2358.3,2682
D0,DL/DL/First Flight,PIT,5.1,,DL,DL,,First Flight,PIT,82.88,789,952,87.02,5.00%,0.004208336666933355,828.45,952,Cascaded,2027,828.45,952
D0,DL/DL/First Flight,PNS,5.1,,DL,DL,,First Flight,PNS,87.65,859,980,92.04,5.00%,0.004581699869322879,901.95,980,Cascaded,2027,901.95,980
D0,DL/DL/First Flight,PSC,5.1,,DL,DL,,First Flight,PSC,90.86,527,580,95.41,5.00%,0.002810891537989706,553.35,580,Cascaded,2027,553.35,580
D0,DL/DL/First Flight,PTY,5.1,,DL,DL,,First Flight,PTY,77.78,35,45,81.67,5.00%,0.00018668160119476225,36.75,45,Cascaded,2027,36.75,45
D0,DL/DL/First Flight,PVD,5.1,,DL,DL,,First Flight,PVD,75.06,319,425,78.81,5.00%,0.0017014694508894045,334.95,425,Cascaded,2027,334.95,425
D0,DL/DL/First Flight,PVG,5.1,,DL,DL,,First Flight,PVG,94.92,56,59,99.66,5.00%,0.0002986905619116196,58.8,59,Cascaded,2027,58.8,59
D0,DL/DL/First Flight,PWM,5.1,,DL,DL,,First Flight,PWM,71.74,231,322,75.33,5.00%,0.0012320985678854308,242.55,322,Cascaded,2027,242.55,322
D0,DL/DL/First Flight,RAK,5.1,,DL,DL,,First Flight,RAK,0.0,0,1,0.0,0.00%,0.0,0.0,1,Cascaded,2027,0.0,1
D0,DL/DL/First Flight,RDU,5.1,,DL,DL,,First Flight,RDU,78.71,3101,3940,82.64,5.00%,0.016539989865855934,3256.05,3940,Cascaded,2027,3256.05,3940
D0,DL/DL/First Flight,RIC,5.1,,DL,DL,,First Flight,RIC,81.15,947,1167,85.21,5.00%,0.005051070752326853,994.35,1167,Cascaded,2027,994.35,1167
D0,DL/DL/First Flight,RNO,5.1,,DL,DL,,First Flight,RNO,80.72,360,446,84.75,5.00%,0.0019201536122889832,378.0,446,Cascaded,2027,378.0,446
D0,DL/DL/First Flight,ROA,5.1,,DL,DL,,First Flight,ROA,86.77,269,310,91.11,5.00%,0.0014347814491826013,282.45,310,Cascaded,2027,282.45,310
D0,DL/DL/First Flight,ROC,5.1,,DL,DL,,First Flight,ROC,63.1,224,355,66.25,5.00%,0.0011947622476464784,235.2,355,Cascaded,2027,235.2,355
D0,DL/DL/First Flight,RSW,5.1,,DL,DL,,First Flight,RSW,85.72,1435,1674,90.01,5.00%,0.007653945648985252,1506.75,1674,Cascaded,2027,1506.75,1674
D0,DL/DL/First Flight,SAN,5.1,,DL,DL,,First Flight,SAN,80.0,2136,2670,84.0,5.00%,0.011392911432914633,2242.8,2670,Cascaded,2027,2242.8,2670
D0,DL/DL/First Flight,SAT,5.1,,DL,DL,,First Flight,SAT,85.17,1947,2286,89.43,5.00%,0.010384830786462917,2044.35,2286,Cascaded,2027,2044.35,2286
D0,DL/DL/First Flight,SAV,5.1,,DL,DL,,First Flight,SAV,83.51,851,1019,87.69,5.00%,0.004539029789049791,893.55,1019,Cascaded,2027,893.55,1019
D0,DL/DL/First Flight,SBA,5.1,,DL,DL,,First Flight,SBA,63.55,136,214,66.73,5.00%,0.0007253913646425047,142.8,214,Cascaded,2027,142.8,214
D0,DL/DL/First Flight,SDF,5.1,,DL,DL,,First Flight,SDF,89.52,888,992,93.99,5.00%,0.004736378910312825,932.4,992,Cascaded,2027,932.4,992
D0,DL/DL/First Flight,SDQ,5.1,,DL,DL,,First Flight,SDQ,77.56,197,254,81.44,5.00%,0.0010507507267248047,206.85,254,Cascaded,2027,206.85,254
D0,DL/DL/First Flight,SEA,5.1,,DL,DL,,First Flight,SEA,79.2,5044,6369,83.16,5.00%,0.02690348561218231,5296.2,6369,Cascaded,2027,5296.2,6369
D0,DL/DL/First Flight,SFO,5.1,,DL,DL,,First Flight,SFO,82.65,2873,3476,86.79,5.00%,0.015323892578072913,3016.65,3476,Cascaded,2027,3016.65,3476
D0,DL/DL/First Flight,SGF,5.1,,DL,DL,,First Flight,SGF,76.27,45,59,80.08,5.00%,0.0002400192015361229,47.25,59,Cascaded,2027,47.25,59
D0,DL/DL/First Flight,SJC,5.1,,DL,DL,,First Flight,SJC,85.73,841,981,90.02,5.00%,0.00448569218870843,883.05,981,Cascaded,2027,883.05,981
D0,DL/DL/First Flight,SJO,5.1,,DL,DL,,First Flight,SJO,86.01,123,143,90.31,5.00%,0.0006560524841987359,129.15,143,Cascaded,2027,129.15,143
D0,DL/DL/First Flight,SJU,5.1,,DL,DL,,First Flight,SJU,86.83,778,896,91.17,5.00%,0.004149665306557858,816.9,896,Cascaded,2027,816.9,896
D0,DL/DL/First Flight,SLC,5.1,,DL,DL,,First Flight,SLC,76.19,5100,6694,80.0,5.00%,0.02720217617409393,5355.0,6694,Cascaded,2027,5355.0,6694
D0,DL/DL/First Flight,SMF,5.1,,DL,DL,,First Flight,SMF,88.17,1043,1183,92.57,5.00%,0.005563111715603915,1095.15,1183,Cascaded,2027,1095.15,1183
D0,DL/DL/First Flight,SNA,5.1,,DL,DL,,First Flight,SNA,74.03,938,1267,77.73,5.00%,0.005003066912019628,984.9,1267,Cascaded,2027,984.9,1267
D0,DL/DL/First Flight,SRQ,5.1,,DL,DL,,First Flight,SRQ,88.02,676,768,92.42,5.00%,0.0036056217830759793,709.8,768,Cascaded,2027,709.8,768
D0,DL/DL/First Flight,STI,5.1,,DL,DL,,First Flight,STI,85.77,217,253,90.06,5.00%,0.001157425927407526,227.85,253,Cascaded,2027,227.85,253
D0,DL/DL/First Flight,STL,5.1,,DL,DL,,First Flight,STL,86.43,1497,1732,90.75,5.00%,0.007984638771101688,1571.85,1732,Cascaded,2027,1571.85,1732
D0,DL/DL/First Flight,SYR,5.1,,DL,DL,,First Flight,SYR,79.58,534,671,83.56,5.00%,0.0028482278582286583,560.7,671,Cascaded,2027,560.7,671
D0,DL/DL/First Flight,TLH,5.1,,DL,DL,,First Flight,TLH,88.86,622,700,93.3,5.00%,0.003317598741232632,653.1,700,Cascaded,2027,653.1,700
D0,DL/DL/First Flight,TLV,5.1,,DL,DL,,First Flight,TLV,100.0,1,1,105.0,5.00%,5.333760034136064e-06,1.05,1,Cascaded,2027,1.05,1
D0,DL/DL/First Flight,TPA,5.1,,DL,DL,,First Flight,TPA,82.31,2708,3290,86.43,5.00%,0.014443822172440461,2843.4,3290,Cascaded,2027,2843.4,3290
D0,DL/DL/First Flight,TPE,5.1,,DL,DL,,First Flight,TPE,70.54,249,353,74.07,5.00%,0.00132810624849988,261.45,353,Cascaded,2027,261.45,353
D0,DL/DL/First Flight,TRI,5.1,,DL,DL,,First Flight,TRI,83.23,134,161,87.39,5.00%,0.0007147238445742326,140.7,161,Cascaded,2027,140.7,161
D0,DL/DL/First Flight,TUL,5.1,,DL,DL,,First Flight,TUL,88.32,295,334,92.74,5.00%,0.001573459210070139,309.75,334,Cascaded,2027,309.75,334
D0,DL/DL/First Flight,TUS,5.1,,DL,DL,,First Flight,TUS,87.46,307,351,91.84,5.00%,0.0016374643304797717,322.35,351,Cascaded,2027,322.35,351
D0,DL/DL/First Flight,TVC,5.1,,DL,DL,,First Flight,TVC,74.7,251,336,78.44,5.00%,0.0013387737685681522,263.55,336,Cascaded,2027,263.55,336
D0,DL/DL/First Flight,TYS,5.1,,DL,DL,,First Flight,TYS,87.34,269,308,91.7,5.00%,0.0014347814491826013,282.45,308,Cascaded,2027,282.45,308
D0,DL/DL/First Flight,VCE,5.1,,DL,DL,,First Flight,VCE,100.0,1,1,105.0,5.00%,5.333760034136064e-06,1.05,1,Cascaded,2027,1.05,1
D0,DL/DL/First Flight,VPS,5.1,,DL,DL,,First Flight,VPS,80.07,474,592,84.07,5.00%,0.0025282022561804946,497.7,592,Cascaded,2027,497.7,592
D0,DL/DL/First Flight,XNA,5.1,,DL,DL,,First Flight,XNA,83.44,131,157,87.61,5.00%,0.0006987225644718245,137.55,157,Cascaded,2027,137.55,157
D0,DL/DL/First Flight,YUL,5.1,,DL,DL,,First Flight,YUL,82.62,290,351,86.75,5.00%,0.0015467904098994587,304.5,351,Cascaded,2027,304.5,351
D0,DL/DL/First Flight,YVR,5.1,,DL,DL,,First Flight,YVR,87.57,148,169,91.95,5.00%,0.0007893964850521375,155.4,169,Cascaded,2027,155.4,169
D0,DL/DL/First Flight,YYC,5.1,,DL,DL,,First Flight,YYC,75.98,272,358,79.78,5.00%,0.0014507827292850094,285.6,358,Cascaded,2027,285.6,358
D0,DL/DL/First Flight,YYZ,5.1,,DL,DL,,First Flight,YYZ,71.29,432,606,74.85,5.00%,0.0023041843347467797,453.6,606,Cascaded,2027,453.6,606
D0,DL/DL/First Flight,ZRH,5.1,,DL,DL,,First Flight,ZRH,0.0,0,1,0.0,0.00%,0.0,0.0,1,Cascaded,2027,0.0,1
D0,DL/DL/Not First Flight,ABQ,5.1,,DL,DL,,Not First Flight,ABQ,71.5,439,614,75.07,5.00%,0.0007536545378071914,460.95,614,Cascaded,2027,460.95,614
D0,DL/DL/Not First Flight,ACC,5.1,,DL,DL,,Not First Flight,ACC,52.35,212,405,54.96,5.00%,0.00036395162190233394,222.6,405,Cascaded,2027,222.6,405
D0,DL/DL/Not First Flight,AGS,5.1,,DL,DL,,Not First Flight,AGS,60.36,236,391,63.38,5.00%,0.00040515369230637174,247.8,391,Cascaded,2027,247.8,391
D0,DL/DL/Not First Flight,AKL,5.1,,DL,DL,,Not First Flight,AKL,80.43,148,184,84.46,5.00%,0.0002540794341582331,155.4,184,Cascaded,2027,155.4,184
D0,DL/DL/Not First Flight,ALB,5.1,,DL,DL,,Not First Flight,ALB,52.77,381,722,55.41,5.00%,0.0006540828676641001,400.05,722,Cascaded,2027,400.05,722
D0,DL/DL/Not First Flight,AMS,5.1,,DL,DL,,Not First Flight,AMS,34.75,1761,5068,36.48,5.00%,0.003023201915896274,1849.05,5068,Cascaded,2027,1849.05,5068
D0,DL/DL/Not First Flight,ANC,5.1,,DL,DL,,Not First Flight,ANC,66.3,1560,2353,69.61,5.00%,0.002678134576262457,1638.0,2353,Cascaded,2027,1638.0,2353
D0,DL/DL/Not First Flight,ANU,5.1,,DL,DL,,Not First Flight,ANU,43.9,36,82,46.1,5.00%,6.18031056060567e-05,37.8,82,Cascaded,2027,37.8,82
D0,DL/DL/Not First Flight,ARN,5.1,,DL,DL,,Not First Flight,ARN,63.08,123,195,66.23,5.00%,0.00021116061082069375,129.15,195,Cascaded,2027,129.15,195
D0,DL/DL/Not First Flight,ATH,5.1,,DL,DL,,Not First Flight,ATH,69.41,692,997,72.88,5.00%,0.00118799302998309,726.6,997,Cascaded,2027,726.6,997
D0,DL/DL/Not First Flight,ATL,5.1,,DL,DL,,Not First Flight,ATL,63.14,154747,245096,66.29,5.00%,0.26566236620056827,162484.35,245096,Cascaded,2027,162484.35,245096
D0,DL/DL/Not First Flight,ATW,5.1,,DL,DL,,Not First Flight,ATW,71.6,58,81,75.19,5.00%,9.957167014309135e-05,60.9,81,Cascaded,2027,60.9,81
D0,DL/DL/Not First Flight,AUA,5.1,,DL,DL,,Not First Flight,AUA,72.27,769,1064,75.89,5.00%,0.0013201830058627113,807.45,1064,Cascaded,2027,807.45,1064
D0,DL/DL/Not First Flight,AUS,5.1,,DL,DL,,Not First Flight,AUS,59.68,4830,8093,62.67,5.00%,0.008291916668812608,5071.5,8093,Cascaded,2027,5071.5,8093
D0,DL/DL/Not First Flight,AVL,5.1,,DL,DL,,Not First Flight,AVL,58.73,844,1437,61.67,5.00%,0.0014489394758753294,886.2,1437,Cascaded,2027,886.2,1437
D0,DL/DL/Not First Flight,BCN,5.1,,DL,DL,,Not First Flight,BCN,58.12,526,905,61.03,5.00%,0.0009030120430218285,552.3,905,Cascaded,2027,552.3,905
D0,DL/DL/Not First Flight,BDA,5.1,,DL,DL,,Not First Flight,BDA,76.82,275,358,80.66,5.00%,0.00047210705671293316,288.75,358,Cascaded,2027,288.75,358
D0,DL/DL/Not First Flight,BDL,5.1,,DL,DL,,Not First Flight,BDL,63.68,1669,2621,66.86,5.00%,0.002865260646014129,1752.45,2621,Cascaded,2027,1752.45,2621
D0,DL/DL/Not First Flight,BER,5.1,,DL,DL,,Not First Flight,BER,54.77,109,199,57.51,5.00%,0.0001871260697516717,114.45,199,Cascaded,2027,114.45,199
D0,DL/DL/Not First Flight,BGI,5.1,,DL,DL,,Not First Flight,BGI,71.04,211,297,74.6,5.00%,0.00036223486896883234,221.55,297,Cascaded,2027,221.55,297
D0,DL/DL/Not First Flight,BGR,5.1,,DL,DL,,Not First Flight,BGR,44.83,13,29,47.07,5.00%,2.2317788135520476e-05,13.65,29,Cascaded,2027,13.65,29
D0,DL/DL/Not First Flight,BHM,5.1,,DL,DL,,Not First Flight,BHM,73.2,1565,2138,76.86,5.00%,0.002686718340929965,1643.25,2138,Cascaded,2027,1643.25,2138
D0,DL/DL/Not First Flight,BIL,5.1,,DL,DL,,Not First Flight,BIL,82.05,32,39,86.15,5.00%,5.49360938720504e-05,33.6,39,Cascaded,2027,33.6,39
D0,DL/DL/Not First Flight,BIS,5.1,,DL,DL,,Not First Flight,BIS,56.0,42,75,58.8,5.00%,7.210362320706615e-05,44.1,75,Cascaded,2027,44.1,75
D0,DL/DL/Not First Flight,BNA,5.1,,DL,DL,,Not First Flight,BNA,67.21,4191,6236,70.57,5.00%,0.007194911544305101,4400.55,6236,Cascaded,2027,4400.55,6236
D0,DL/DL/Not First Flight,BNE,5.1,,DL,DL,,Not First Flight,BNE,45.16,28,62,47.42,5.00%,4.8069082138044105e-05,29.4,62,Cascaded,2027,29.4,62
D0,DL/DL/Not First Flight,BOG,5.1,,DL,DL,,Not First Flight,BOG,49.25,165,335,51.72,5.00%,0.0002832642340277599,173.25,335,Cascaded,2027,173.25,335
D0,DL/DL/Not First Flight,BOI,5.1,,DL,DL,,Not First Flight,BOI,68.0,1241,1825,71.4,5.00%,0.0021304903904754546,1303.05,1825,Cascaded,2027,1303.05,1825
D0,DL/DL/Not First Flight,BON,5.1,,DL,DL,,Not First Flight,BON,52.78,38,72,55.42,5.00%,6.523661147305986e-05,39.9,72,Cascaded,2027,39.9,72
D0,DL/DL/Not First Flight,BOS,5.1,,DL,DL,,Not First Flight,BOS,56.89,11640,20461,59.73,5.00%,0.019983004145958334,12222.0,20461,Cascaded,2027,12222.0,20461
D0,DL/DL/Not First Flight,BRU,5.1,,DL,DL,,Not First Flight,BRU,50.85,119,234,53.4,5.00%,0.00020429359908668743,124.95,234,Cascaded,2027,124.95,234
D0,DL/DL/Not First Flight,BTR,5.1,,DL,DL,,Not First Flight,BTR,59.68,333,558,62.66,5.00%,0.0005716787268560245,349.65,558,Cascaded,2027,349.65,558
D0,DL/DL/Not First Flight,BTV,5.1,,DL,DL,,Not First Flight,BTV,54.76,23,42,57.5,5.00%,3.948531747053623e-05,24.15,42,Cascaded,2027,24.15,42
D0,DL/DL/Not First Flight,BUF,5.1,,DL,DL,,Not First Flight,BUF,55.94,598,1069,58.74,5.00%,0.0010266182542339418,627.9,1069,Cascaded,2027,627.9,1069
D0,DL/DL/Not First Flight,BUR,5.1,,DL,DL,,Not First Flight,BUR,54.46,226,415,57.18,5.00%,0.00038798616297135597,237.3,415,Cascaded,2027,237.3,415
D0,DL/DL/Not First Flight,BWI,5.1,,DL,DL,,Not First Flight,BWI,61.22,2126,3473,64.28,5.00%,0.0036498167366243485,2232.3,3473,Cascaded,2027,2232.3,3473
D0,DL/DL/Not First Flight,BZE,5.1,,DL,DL,,Not First Flight,BZE,78.91,318,403,82.85,5.00%,0.0005459274328535009,333.9,403,Cascaded,2027,333.9,403
D0,DL/DL/Not First Flight,BZN,5.1,,DL,DL,,Not First Flight,BZN,70.49,915,1298,74.02,5.00%,0.0015708289341539413,960.75,1298,Cascaded,2027,960.75,1298
D0,DL/DL/Not First Flight,CAE,5.1,,DL,DL,,Not First Flight,CAE,59.14,702,1187,62.1,5.00%,0.0012051605593181058,737.1,1187,Cascaded,2027,737.1,1187
D0,DL/DL/Not First Flight,CDG,5.1,,DL,DL,,Not First Flight,CDG,38.01,1506,3962,39.91,5.00%,0.002585429917853372,1581.3,3962,Cascaded,2027,1581.3,3962
D0,DL/DL/Not First Flight,CHA,5.1,,DL,DL,,Not First Flight,CHA,57.75,451,781,60.63,5.00%,0.0007742555730092103,473.55,781,Cascaded,2027,473.55,781
D0,DL/DL/Not First Flight,CHO,5.1,,DL,DL,,Not First Flight,CHO,65.14,71,109,68.39,5.00%,0.00012188945827861183,74.55,109,Cascaded,2027,74.55,109
D0,DL/DL/Not First Flight,CHS,5.1,,DL,DL,,Not First Flight,CHS,69.39,2237,3224,72.86,5.00%,0.0038403763122430235,2348.85,3224,Cascaded,2027,2348.85,3224
D0,DL/DL/Not First Flight,CID,5.1,,DL,DL,,Not First Flight,CID,45.45,5,11,47.73,5.00%,8.583764667507876e-06,5.25,11,Cascaded,2027,5.25,11
D0,DL/DL/Not First Flight,CLE,5.1,,DL,DL,,Not First Flight,CLE,65.07,1388,2133,68.33,5.00%,0.0023828530717001865,1457.4,2133,Cascaded,2027,1457.4,2133
D0,DL/DL/Not First Flight,CLT,5.1,,DL,DL,,Not First Flight,CLT,65.95,2508,3803,69.25,5.00%,0.004305616357221951,2633.4,3803,Cascaded,2027,2633.4,3803
D0,DL/DL/Not First Flight,CMH,5.1,,DL,DL,,Not First Flight,CMH,70.82,1471,2077,74.36,5.00%,0.002525343565180817,1544.55,2077,Cascaded,2027,1544.55,2077
D0,DL/DL/Not First Flight,COS,5.1,,DL,DL,,Not First Flight,COS,69.93,286,409,73.42,5.00%,0.0004909913389814505,300.3,409,Cascaded,2027,300.3,409
D0,DL/DL/Not First Flight,CPH,5.1,,DL,DL,,Not First Flight,CPH,70.11,190,271,73.62,5.00%,0.00032618305736529927,199.5,271,Cascaded,2027,199.5,271
D0,DL/DL/Not First Flight,CPT,5.1,,DL,DL,,Not First Flight,CPT,55.61,109,196,58.39,5.00%,0.0001871260697516717,114.45,196,Cascaded,2027,114.45,196
D0,DL/DL/Not First Flight,CTA,5.1,,DL,DL,,Not First Flight,CTA,64.4,123,191,67.62,5.00%,0.00021116061082069375,129.15,191,Cascaded,2027,129.15,191
D0,DL/DL/Not First Flight,CTG,5.1,,DL,DL,,Not First Flight,CTG,78.89,157,199,82.84,5.00%,0.0002695302105597473,164.85,199,Cascaded,2027,164.85,199
D0,DL/DL/Not First Flight,CUN,5.1,,DL,DL,,Not First Flight,CUN,58.08,3160,5441,60.98,5.00%,0.005424939269864978,3318.0,5441,Cascaded,2027,3318.0,5441
D0,DL/DL/Not First Flight,CUR,5.1,,DL,DL,,Not First Flight,CUR,68.84,137,199,72.29,5.00%,0.00023519515188971578,143.85,199,Cascaded,2027,143.85,199
D0,DL/DL/Not First Flight,CVG,5.1,,DL,DL,,Not First Flight,CVG,60.99,2958,4850,64.04,5.00%,0.005078155177297659,3105.9,4850,Cascaded,2027,3105.9,4850
D0,DL/DL/Not First Flight,CZM,5.1,,DL,DL,,Not First Flight,CZM,80.13,125,156,84.13,5.00%,0.00021459411668769688,131.25,156,Cascaded,2027,131.25,156
D0,DL/DL/Not First Flight,DAB,5.1,,DL,DL,,Not First Flight,DAB,70.55,788,1117,74.07,5.00%,0.0013528013115992412,827.4,1117,Cascaded,2027,827.4,1117
D0,DL/DL/Not First Flight,DAL,5.1,,DL,DL,,Not First Flight,DAL,56.26,710,1262,59.07,5.00%,0.0012188945827861183,745.5,1262,Cascaded,2027,745.5,1262
D0,DL/DL/Not First Flight,DAY,5.1,,DL,DL,,Not First Flight,DAY,73.6,764,1038,77.28,5.00%,0.0013115992411952034,802.2,1038,Cascaded,2027,802.2,1038
D0,DL/DL/Not First Flight,DCA,5.1,,DL,DL,,Not First Flight,DCA,55.14,3631,6585,57.9,5.00%,0.006233529901544219,3812.55,6585,Cascaded,2027,3812.55,6585
D0,DL/DL/Not First Flight,DEN,5.1,,DL,DL,,Not First Flight,DEN,59.34,4794,8079,62.31,5.00%,0.008230113563206552,5033.7,8079,Cascaded,2027,5033.7,8079
D0,DL/DL/Not First Flight,DFW,5.1,,DL,DL,,Not First Flight,DFW,58.56,4643,7928,61.49,5.00%,0.007970883870247813,4875.15,7928,Cascaded,2027,4875.15,7928
D0,DL/DL/Not First Flight,DJT,5.1,,DL,DL,,Not First Flight,DJT,50.43,2711,5376,52.95,5.00%,0.00465411720272277,2846.55,5376,Cascaded,2027,2846.55,5376
D0,DL/DL/Not First Flight,DLH,5.1,,DL,DL,,Not First Flight,DLH,66.67,4,6,70.0,5.00%,6.8670117340063e-06,4.2,6,Cascaded,2027,4.2,6
D0,DL/DL/Not First Flight,DSM,5.1,,DL,DL,,Not First Flight,DSM,70.59,629,891,74.12,5.00%,0.0010798375951724907,660.45,891,Cascaded,2027,660.45,891
D0,DL/DL/Not First Flight,DSS,5.1,,DL,DL,,Not First Flight,DSS,56.04,102,182,58.85,5.00%,0.00017510879921716065,107.1,182,Cascaded,2027,107.1,182
D0,DL/DL/Not First Flight,DTW,5.1,,DL,DL,,Not First Flight,DTW,61.98,33686,54346,65.08,5.00%,0.05783053931793406,35370.3,54346,Cascaded,2027,35370.3,54346
D0,DL/DL/Not First Flight,DUB,5.1,,DL,DL,,Not First Flight,DUB,74.78,943,1261,78.52,5.00%,0.0016188980162919852,990.15,1261,Cascaded,2027,990.15,1261
D0,DL/DL/Not First Flight,ECP,5.1,,DL,DL,,Not First Flight,ECP,64.75,1038,1603,67.99,5.00%,0.001781989544974635,1089.9,1603,Cascaded,2027,1089.9,1603
D0,DL/DL/Not First Flight,EDI,5.1,,DL,DL,,Not First Flight,EDI,62.39,413,662,65.51,5.00%,0.0007090189615361506,433.65,662,Cascaded,2027,433.65,662
D0,DL/DL/Not First Flight,EGE,5.1,,DL,DL,,Not First Flight,EGE,63.82,127,199,67.01,5.00%,0.00021802762255470004,133.35,199,Cascaded,2027,133.35,199
D0,DL/DL/Not First Flight,ELP,5.1,,DL,DL,,Not First Flight,ELP,65.63,233,355,68.92,5.00%,0.000400003433505867,244.65,355,Cascaded,2027,244.65,355
D0,DL/DL/Not First Flight,EWR,5.1,,DL,DL,,Not First Flight,EWR,54.55,2571,4713,57.28,5.00%,0.004413771792032549,2699.55,4713,Cascaded,2027,2699.55,4713
D0,DL/DL/Not First Flight,EYW,5.1,,DL,DL,,Not First Flight,EYW,68.41,745,1089,71.83,5.00%,0.0012789809354586735,782.25,1089,Cascaded,2027,782.25,1089
D0,DL/DL/Not First Flight,EZE,5.1,,DL,DL,,Not First Flight,EZE,57.49,334,581,60.36,5.00%,0.0005733954797895261,350.7,581,Cascaded,2027,350.7,581
D0,DL/DL/Not First Flight,FAI,5.1,,DL,DL,,Not First Flight,FAI,61.22,401,655,64.28,5.00%,0.0006884179263341317,421.05,655,Cascaded,2027,421.05,655
D0,DL/DL/Not First Flight,FAR,5.1,,DL,DL,,Not First Flight,FAR,64.71,44,68,67.94,5.00%,7.553712907406931e-05,46.2,68,Cascaded,2027,46.2,68
D0,DL/DL/Not First Flight,FAT,5.1,,DL,DL,,Not First Flight,FAT,67.78,61,90,71.17,5.00%,0.00010472192894359608,64.05,90,Cascaded,2027,64.05,90
D0,DL/DL/Not First Flight,FAY,5.1,,DL,DL,,Not First Flight,FAY,36.07,22,61,37.87,5.00%,3.7768564537034655e-05,23.1,61,Cascaded,2027,23.1,61
D0,DL/DL/Not First Flight,FCA,5.1,,DL,DL,,Not First Flight,FCA,65.28,282,432,68.54,5.00%,0.0004841243272474442,296.1,432,Cascaded,2027,296.1,432
D0,DL/DL/Not First Flight,FCO,5.1,,DL,DL,,Not First Flight,FCO,69.7,1408,2020,73.19,5.00%,0.002417188130370218,1478.4,2020,Cascaded,2027,1478.4,2020
D0,DL/DL/Not First Flight,FLL,5.1,,DL,DL,,Not First Flight,FLL,47.26,4580,9691,49.62,5.00%,0.007862728435437213,4809.0,9691,Cascaded,2027,4809.0,9691
D0,DL/DL/Not First Flight,FRA,5.1,,DL,DL,,Not First Flight,FRA,66.99,615,918,70.34,5.00%,0.0010558030541034688,645.75,918,Cascaded,2027,645.75,918
D0,DL/DL/Not First Flight,FSD,5.1,,DL,DL,,Not First Flight,FSD,58.93,33,56,61.88,5.00%,5.665284680555198e-05,34.65,56,Cascaded,2027,34.65,56
D0,DL/DL/Not First Flight,GCM,5.1,,DL,DL,,Not First Flight,GCM,83.41,367,440,87.58,5.00%,0.000630048326595078,385.35,440,Cascaded,2027,385.35,440
D0,DL/DL/Not First Flight,GDL,5.1,,DL,DL,,Not First Flight,GDL,89.75,324,361,94.24,5.00%,0.0005562279504545103,340.2,361,Cascaded,2027,340.2,361
D0,DL/DL/Not First Flight,GEG,5.1,,DL,DL,,Not First Flight,GEG,69.76,1121,1607,73.25,5.00%,0.0019244800384552658,1177.05,1607,Cascaded,2027,1177.05,1607
D0,DL/DL/Not First Flight,GIG,5.1,,DL,DL,,Not First Flight,GIG,70.15,235,335,73.66,5.00%,0.00040343693937287014,246.75,335,Cascaded,2027,246.75,335
D0,DL/DL/Not First Flight,GND,5.1,,DL,DL,,Not First Flight,GND,68.32,69,101,71.73,5.00%,0.00011845595241160869,72.45,101,Cascaded,2027,72.45,101
D0,DL/DL/Not First Flight,GNV,5.1,,DL,DL,,Not First Flight,GNV,69.14,838,1212,72.6,5.00%,0.00143863895827432,879.9,1212,Cascaded,2027,879.9,1212
D0,DL/DL/Not First Flight,GPT,5.1,,DL,DL,,Not First Flight,GPT,71.28,670,940,74.84,5.00%,0.0011502244654460554,703.5,940,Cascaded,2027,703.5,940
D0,DL/DL/Not First Flight,GRB,5.1,,DL,DL,,Not First Flight,GRB,66.49,129,194,69.82,5.00%,0.0002214611284217032,135.45,194,Cascaded,2027,135.45,194
D0,DL/DL/Not First Flight,GRR,5.1,,DL,DL,,Not First Flight,GRR,71.41,627,878,74.98,5.00%,0.0010764040893054877,658.35,878,Cascaded,2027,658.35,878
D0,DL/DL/Not First Flight,GRU,5.1,,DL,DL,,Not First Flight,GRU,73.68,728,988,77.37,5.00%,0.0012497961355891467,764.4,988,Cascaded,2027,764.4,988
D0,DL/DL/Not First Flight,GSO,5.1,,DL,DL,,Not First Flight,GSO,71.86,1195,1663,75.45,5.00%,0.0020515197555343824,1254.75,1663,Cascaded,2027,1254.75,1663
D0,DL/DL/Not First Flight,GSP,5.1,,DL,DL,,Not First Flight,GSP,70.08,1279,1825,73.59,5.00%,0.0021957270019485144,1342.95,1825,Cascaded,2027,1342.95,1825
D0,DL/DL/Not First Flight,GUA,5.1,,DL,DL,,Not First Flight,GUA,66.83,270,404,70.17,5.00%,0.0004635232920454253,283.5,404,Cascaded,2027,283.5,404
D0,DL/DL/Not First Flight,GVA,5.1,,DL,DL,,Not First Flight,GVA,53.91,69,128,56.6,5.00%,0.00011845595241160869,72.45,128,Cascaded,2027,72.45,128
D0,DL/DL/Not First Flight,HAV,5.1,,DL,DL,,Not First Flight,HAV,77.02,409,531,80.88,5.00%,0.0007021519498021442,429.45,531,Cascaded,2027,429.45,531
D0,DL/DL/Not First Flight,HDN,5.1,,DL,DL,,Not First Flight,HDN,53.38,71,133,56.05,5.00%,0.00012188945827861183,74.55,133,Cascaded,2027,74.55,133
D0,DL/DL/Not First Flight,HND,5.1,,DL,DL,,Not First Flight,HND,60.12,1295,2154,63.13,5.00%,0.00222319504888454,1359.75,2154,Cascaded,2027,1359.75,2154
D0,DL/DL/Not First Flight,HNL,5.1,,DL,DL,,Not First Flight,HNL,72.29,2609,3609,75.91,5.00%,0.00447900840350561,2739.45,3609,Cascaded,2027,2739.45,3609
D0,DL/DL/Not First Flight,HOU,5.1,,DL,DL,,Not First Flight,HOU,66.07,697,1055,69.37,5.00%,0.001196576794650598,731.85,1055,Cascaded,2027,731.85,1055
D0,DL/DL/Not First Flight,HPN,5.1,,DL,DL,,Not First Flight,HPN,38.74,141,364,40.67,5.00%,0.0002420621636237221,148.05,364,Cascaded,2027,148.05,364
D0,DL/DL/Not First Flight,HRL,5.1,,DL,DL,,Not First Flight,HRL,75.74,128,169,79.53,5.00%,0.0002197443754882016,134.4,169,Cascaded,2027,134.4,169
D0,DL/DL/Not First Flight,HSV,5.1,,DL,DL,,Not First Flight,HSV,71.05,1021,1437,74.6,5.00%,0.0017528047451051082,1072.05,1437,Cascaded,2027,1072.05,1437
D0,DL/DL/Not First Flight,IAD,5.1,,DL,DL,,Not First Flight,IAD,60.79,1020,1678,63.83,5.00%,0.0017510879921716067,1071.0,1678,Cascaded,2027,1071.0,1678
D0,DL/DL/Not First Flight,IAH,5.1,,DL,DL,,Not First Flight,IAH,57.58,3257,5656,60.46,5.00%,0.00559146430441463,3419.85,5656,Cascaded,2027,3419.85,5656
D0,DL/DL/Not First Flight,ICN,5.1,,DL,DL,,Not First Flight,ICN,59.97,1104,1841,62.97,5.00%,0.001895295238585739,1159.2,1841,Cascaded,2027,1159.2,1841
D0,DL/DL/Not First Flight,ICT,5.1,,DL,DL,,Not First Flight,ICT,58.44,457,782,61.36,5.00%,0.0007845560906102198,479.85,782,Cascaded,2027,479.85,782
D0,DL/DL/Not First Flight,IDA,5.1,,DL,DL,,Not First Flight,IDA,16.67,1,6,17.5,5.00%,1.716752933501575e-06,1.05,6,Cascaded,2027,1.05,6
D0,DL/DL/Not First Flight,ILM,5.1,,DL,DL,,Not First Flight,ILM,56.84,457,804,59.68,5.00%,0.0007845560906102198,479.85,804,Cascaded,2027,479.85,804
D0,DL/DL/Not First Flight,IND,5.1,,DL,DL,,Not First Flight,IND,72.23,1985,2748,75.85,5.00%,0.003407754573000627,2084.25,2748,Cascaded,2027,2084.25,2748
D0,DL/DL/Not First Flight,JAC,5.1,,DL,DL,,Not First Flight,JAC,68.08,435,639,71.48,5.00%,0.0007467875260731852,456.75,639,Cascaded,2027,456.75,639
D0,DL/DL/Not First Flight,JAN,5.1,,DL,DL,,Not First Flight,JAN,71.52,962,1345,75.1,5.00%,0.0016515163220285152,1010.1,1345,Cascaded,2027,1010.1,1345
D0,DL/DL/Not First Flight,JAX,5.1,,DL,DL,,Not First Flight,JAX,61.92,2319,3745,65.02,5.00%,0.003981150052790153,2434.95,3745,Cascaded,2027,2434.95,3745
D0,DL/DL/Not First Flight,JFK,5.1,,DL,DL,,Not First Flight,JFK,60.82,21097,34688,63.86,5.00%,0.03621833663808273,22151.85,34688,Cascaded,2027,22151.85,34688
D0,DL/DL/Not First Flight,JNB,5.1,,DL,DL,,Not First Flight,JNB,60.32,190,315,63.33,5.00%,0.00032618305736529927,199.5,315,Cascaded,2027,199.5,315
D0,DL/DL/Not First Flight,JNU,5.1,,DL,DL,,Not First Flight,JNU,0.0,0,1,0.0,0.00%,0.0,0.0,1,Cascaded,2027,0.0,1
D0,DL/DL/Not First Flight,KEF,5.1,,DL,DL,,Not First Flight,KEF,63.55,272,428,66.73,5.00%,0.00046695679791242844,285.6,428,Cascaded,2027,285.6,428
D0,DL/DL/Not First Flight,KIN,5.1,,DL,DL,,Not First Flight,KIN,20.0,2,10,21.0,5.00%,3.43350586700315e-06,2.1,10,Cascaded,2027,2.1,10
D0,DL/DL/Not First Flight,KOA,5.1,,DL,DL,,Not First Flight,KOA,67.08,536,799,70.44,5.00%,0.0009201795723568442,562.8,799,Cascaded,2027,562.8,799
D0,DL/DL/Not First Flight,LAS,5.1,,DL,DL,,Not First Flight,LAS,64.49,8149,12636,67.71,5.00%,0.013989819655104336,8556.45,12636,Cascaded,2027,8556.45,12636
D0,DL/DL/Not First Flight,LAX,5.1,,DL,DL,,Not First Flight,LAX,65.6,20503,31255,68.88,5.00%,0.03519858539558279,21528.15,31255,Cascaded,2027,21528.15,31255
D0,DL/DL/Not First Flight,LEX,5.1,,DL,DL,,Not First Flight,LEX,74.41,1015,1364,78.13,5.00%,0.0017425042275040986,1065.75,1364,Cascaded,2027,1065.75,1364
D0,DL/DL/Not First Flight,LGA,5.1,,DL,DL,,Not First Flight,LGA,55.0,11029,20053,57.75,5.00%,0.018934068103588872,11580.45,20053,Cascaded,2027,11580.45,20053
D0,DL/DL/Not First Flight,LGB,5.1,,DL,DL,,Not First Flight,LGB,74.79,270,361,78.53,5.00%,0.0004635232920454253,283.5,361,Cascaded,2027,283.5,361
D0,DL/DL/Not First Flight,LGW,5.1,,DL,DL,,Not First Flight,LGW,53.54,53,99,56.21,5.00%,9.098790547558348e-05,55.65,99,Cascaded,2027,55.65,99
D0,DL/DL/Not First Flight,LHR,5.1,,DL,DL,,Not First Flight,LHR,70.85,2477,3496,74.4,5.00%,0.0042523970162834015,2600.85,3496,Cascaded,2027,2600.85,3496
D0,DL/DL/Not First Flight,LIH,5.1,,DL,DL,,Not First Flight,LIH,71.25,503,706,74.81,5.00%,0.0008635267255512923,528.15,706,Cascaded,2027,528.15,706
D0,DL/DL/Not First Flight,LIM,5.1,,DL,DL,,Not First Flight,LIM,57.28,236,412,60.15,5.00%,0.00040515369230637174,247.8,412,Cascaded,2027,247.8,412
D0,DL/DL/Not First Flight,LIR,5.1,,DL,DL,,Not First Flight,LIR,76.85,508,661,80.7,5.00%,0.0008721104902188002,533.4,661,Cascaded,2027,533.4,661
D0,DL/DL/Not First Flight,LIS,5.1,,DL,DL,,Not First Flight,LIS,45.14,302,669,47.4,5.00%,0.0005184593859174757,317.1,669,Cascaded,2027,317.1,669
D0,DL/DL/Not First Flight,LIT,5.1,,DL,DL,,Not First Flight,LIT,70.45,1085,1540,73.98,5.00%,0.001862676932849209,1139.25,1540,Cascaded,2027,1139.25,1540
D0,DL/DL/Not First Flight,LOS,5.1,,DL,DL,,Not First Flight,LOS,16.38,66,403,17.2,5.00%,0.00011330569361110396,69.3,403,Cascaded,2027,69.3,403
D0,DL/DL/Not First Flight,MAD,5.1,,DL,DL,,Not First Flight,MAD,68.85,493,716,72.3,5.00%,0.0008463591962162765,517.65,716,Cascaded,2027,517.65,716
D0,DL/DL/Not First Flight,MBJ,5.1,,DL,DL,,Not First Flight,MBJ,71.71,1075,1499,75.3,5.00%,0.0018455094035141931,1128.75,1499,Cascaded,2027,1128.75,1499
D0,DL/DL/Not First Flight,MCI,5.1,,DL,DL,,Not First Flight,MCI,70.81,3398,4799,74.35,5.00%,0.005833526468038352,3567.9,4799,Cascaded,2027,3567.9,4799
D0,DL/DL/Not First Flight,MCO,5.1,,DL,DL,,Not First Flight,MCO,54.64,8889,16269,57.37,5.00%,0.015260216825895501,9333.45,16269,Cascaded,2027,9333.45,16269
D0,DL/DL/Not First Flight,MDT,5.1,,DL,DL,,Not First Flight,MDT,57.3,361,630,60.17,5.00%,0.0006197478089940686,379.05,630,Cascaded,2027,379.05,630
D0,DL/DL/Not First Flight,MDW,5.1,,DL,DL,,Not First Flight,MDW,66.14,670,1013,69.45,5.00%,0.0011502244654460554,703.5,1013,Cascaded,2027,703.5,1013
D0,DL/DL/Not First Flight,MEM,5.1,,DL,DL,,Not First Flight,MEM,66.13,1630,2465,69.43,5.00%,0.0027983072816075674,1711.5,2465,Cascaded,2027,1711.5,2465
D0,DL/DL/Not First Flight,MEX,5.1,,DL,DL,,Not First Flight,MEX,75.03,1986,2647,78.78,5.00%,0.003409471325934128,2085.3,2647,Cascaded,2027,2085.3,2647
D0,DL/DL/Not First Flight,MIA,5.1,,DL,DL,,Not First Flight,MIA,48.04,4447,9256,50.45,5.00%,0.0076344002952815045,4669.35,9256,Cascaded,2027,4669.35,9256
D0,DL/DL/Not First Flight,MKE,5.1,,DL,DL,,Not First Flight,MKE,72.7,1901,2615,76.33,5.00%,0.0032635473265864943,1996.05,2615,Cascaded,2027,1996.05,2615
D0,DL/DL/Not First Flight,MLB,5.1,,DL,DL,,Not First Flight,MLB,68.61,741,1080,72.04,5.00%,0.0012721139237246671,778.05,1080,Cascaded,2027,778.05,1080
D0,DL/DL/Not First Flight,MOB,5.1,,DL,DL,,Not First Flight,MOB,62.45,301,482,65.57,5.00%,0.0005167426329839741,316.05,482,Cascaded,2027,316.05,482
D0,DL/DL/Not First Flight,MSN,5.1,,DL,DL,,Not First Flight,MSN,75.21,722,960,78.97,5.00%,0.0012394956179881372,758.1,960,Cascaded,2027,758.1,960
D0,DL/DL/Not First Flight,MSO,5.1,,DL,DL,,Not First Flight,MSO,74.64,262,351,78.38,5.00%,0.00044978926857741267,275.1,351,Cascaded,2027,275.1,351
D0,DL/DL/Not First Flight,MSP,5.1,,DL,DL,,Not First Flight,MSP,64.36,37850,58813,67.57,5.00%,0.06497909853303462,39742.5,58813,Cascaded,2027,39742.5,58813
D0,DL/DL/Not First Flight,MSY,5.1,,DL,DL,,Not First Flight,MSY,64.44,3876,6015,67.66,5.00%,0.006654134370252105,4069.8,6015,Cascaded,2027,4069.8,6015
D0,DL/DL/Not First Flight,MTJ,5.1,,DL,DL,,Not First Flight,MTJ,60.42,58,96,63.44,5.00%,9.957167014309135e-05,60.9,96,Cascaded,2027,60.9,96
D0,DL/DL/Not First Flight,MTY,5.1,,DL,DL,,Not First Flight,MTY,89.2,322,361,93.66,5.00%,0.0005527944445875072,338.1,361,Cascaded,2027,338.1,361
D0,DL/DL/Not First Flight,MUC,5.1,,DL,DL,,Not First Flight,MUC,62.04,317,511,65.14,5.00%,0.0005442106799199994,332.85,511,Cascaded,2027,332.85,511
D0,DL/DL/Not First Flight,MXP,5.1,,DL,DL,,Not First Flight,MXP,52.5,473,901,55.12,5.00%,0.0008120241375462451,496.65,901,Cascaded,2027,496.65,901
D0,DL/DL/Not First Flight,MYR,5.1,,DL,DL,,Not First Flight,MYR,70.11,1309,1867,73.62,5.00%,0.002247229589953562,1374.45,1867,Cascaded,2027,1374.45,1867
D0,DL/DL/Not First Flight,MZT,5.1,,DL,DL,,Not First Flight,MZT,78.57,11,14,82.5,5.00%,1.8884282268517327e-05,11.55,14,Cascaded,2027,11.55,14
D0,DL/DL/Not First Flight,NAP,5.1,,DL,DL,,Not First Flight,NAP,65.88,195,296,69.17,5.00%,0.0003347668220328071,204.75,296,Cascaded,2027,204.75,296
D0,DL/DL/Not First Flight,NAS,5.1,,DL,DL,,Not First Flight,NAS,80.56,1376,1708,84.59,5.00%,0.0023622520364981674,1444.8,1708,Cascaded,2027,1444.8,1708
D0,DL/DL/Not First Flight,NCE,5.1,,DL,DL,,Not First Flight,NCE,56.25,198,352,59.06,5.00%,0.00033991708083331185,207.9,352,Cascaded,2027,207.9,352
D0,DL/DL/Not First Flight,OGG,5.1,,DL,DL,,Not First Flight,OGG,79.17,950,1200,83.12,5.00%,0.0016309152868264963,997.5,1200,Cascaded,2027,997.5,1200
D0,DL/DL/Not First Flight,OKC,5.1,,DL,DL,,Not First Flight,OKC,70.66,720,1019,74.19,5.00%,0.001236062112121134,756.0,1019,Cascaded,2027,756.0,1019
D0,DL/DL/Not First Flight,OLB,5.1,,DL,DL,,Not First Flight,OLB,50.0,3,6,52.5,5.00%,5.150258800504725e-06,3.15,6,Cascaded,2027,3.15,6
D0,DL/DL/Not First Flight,OMA,5.1,,DL,DL,,Not First Flight,OMA,68.86,743,1079,72.3,5.00%,0.0012755474295916703,780.15,1079,Cascaded,2027,780.15,1079
D0,DL/DL/Not First Flight,ONT,5.1,,DL,DL,,Not First Flight,ONT,75.26,925,1229,79.03,5.00%,0.001587996463488957,971.25,1229,Cascaded,2027,971.25,1229
D0,DL/DL/Not First Flight,OPO,5.1,,DL,DL,,Not First Flight,OPO,77.78,7,9,81.67,5.00%,1.2017270534511026e-05,7.35,9,Cascaded,2027,7.35,9
D0,DL/DL/Not First Flight,ORD,5.1,,DL,DL,,Not First Flight,ORD,51.82,3894,7514,54.41,5.00%,0.006685035923055134,4088.7,7514,Cascaded,2027,4088.7,7514
D0,DL/DL/Not First Flight,ORF,5.1,,DL,DL,,Not First Flight,ORF,58.39,1152,1973,61.31,5.00%,0.0019776993793938144,1209.6,1973,Cascaded,2027,1209.6,1973
D0,DL/DL/Not First Flight,PDX,5.1,,DL,DL,,Not First Flight,PDX,69.54,3582,5151,73.02,5.00%,0.006149409007802642,3761.1,5151,Cascaded,2027,3761.1,5151
D0,DL/DL/Not First Flight,PHL,5.1,,DL,DL,,Not First Flight,PHL,60.77,2801,4609,63.81,5.00%,0.004808624966737912,2941.05,4609,Cascaded,2027,2941.05,4609
D0,DL/DL/Not First Flight,PHX,5.1,,DL,DL,,Not First Flight,PHX,66.33,5220,7870,69.64,5.00%,0.008961450312878223,5481.0,7870,Cascaded,2027,5481.0,7870
D0,DL/DL/Not First Flight,PIT,5.1,,DL,DL,,Not First Flight,PIT,67.87,1559,2297,71.26,5.00%,0.0026764178233289557,1636.95,2297,Cascaded,2027,1636.95,2297
D0,DL/DL/Not First Flight,PLS,5.1,,DL,DL,,Not First Flight,PLS,84.29,633,751,88.5,5.00%,0.001086704606906497,664.65,751,Cascaded,2027,664.65,751
D0,DL/DL/Not First Flight,PNS,5.1,,DL,DL,,Not First Flight,PNS,76.99,1402,1821,80.84,5.00%,0.002406887612769208,1472.1,1821,Cascaded,2027,1472.1,1821
D0,DL/DL/Not First Flight,POP,5.1,,DL,DL,,Not First Flight,POP,80.92,106,131,84.96,5.00%,0.00018197581095116697,111.3,131,Cascaded,2027,111.3,131
D0,DL/DL/Not First Flight,PPT,5.1,,DL,DL,,Not First Flight,PPT,66.67,2,3,70.0,5.00%,3.43350586700315e-06,2.1,3,Cascaded,2027,2.1,3
D0,DL/DL/Not First Flight,PRG,5.1,,DL,DL,,Not First Flight,PRG,63.82,97,152,67.01,5.00%,0.0001665250345496528,101.85,152,Cascaded,2027,101.85,152
D0,DL/DL/Not First Flight,PSC,5.1,,DL,DL,,Not First Flight,PSC,62.5,5,8,65.62,5.00%,8.583764667507876e-06,5.25,8,Cascaded,2027,5.25,8
D0,DL/DL/Not First Flight,PSP,5.1,,DL,DL,,Not First Flight,PSP,60.26,467,775,63.27,5.00%,0.0008017236199452356,490.35,775,Cascaded,2027,490.35,775
D0,DL/DL/Not First Flight,PTY,5.1,,DL,DL,,Not First Flight,PTY,75.41,273,362,79.19,5.00%,0.00046867355084593003,286.65,362,Cascaded,2027,286.65,362
D0,DL/DL/Not First Flight,PUJ,5.1,,DL,DL,,Not First Flight,PUJ,62.33,1304,2092,65.45,5.00%,0.002238645825286054,1369.2,2092,Cascaded,2027,1369.2,2092
D0,DL/DL/Not First Flight,PVD,5.1,,DL,DL,,Not First Flight,PVD,59.03,474,803,61.98,5.00%,0.0008137408904797467,497.7,803,Cascaded,2027,497.7,803
D0,DL/DL/Not First Flight,PVG,5.1,,DL,DL,,Not First Flight,PVG,67.82,548,808,71.21,5.00%,0.0009407806075588631,575.4,808,Cascaded,2027,575.4,808
D0,DL/DL/Not First Flight,PVR,5.1,,DL,DL,,Not First Flight,PVR,79.19,1119,1413,83.15,5.00%,0.0019210465325882626,1174.95,1413,Cascaded,2027,1174.95,1413
D0,DL/DL/Not First Flight,PWM,5.1,,DL,DL,,Not First Flight,PWM,56.5,474,839,59.32,5.00%,0.0008137408904797467,497.7,839,Cascaded,2027,497.7,839
D0,DL/DL/Not First Flight,RAK,5.1,,DL,DL,,Not First Flight,RAK,65.66,65,99,68.94,5.00%,0.00011158894067760238,68.25,99,Cascaded,2027,68.25,99
D0,DL/DL/Not First Flight,RAP,5.1,,DL,DL,,Not First Flight,RAP,53.33,8,15,56.0,5.00%,1.37340234680126e-05,8.4,15,Cascaded,2027,8.4,15
D0,DL/DL/Not First Flight,RDU,5.1,,DL,DL,,Not First Flight,RDU,64.14,5086,7930,67.34,5.00%,0.00873140541978901,5340.3,7930,Cascaded,2027,5340.3,7930
D0,DL/DL/Not First Flight,RIC,5.1,,DL,DL,,Not First Flight,RIC,68.59,1153,1681,72.02,5.00%,0.001979416132327316,1210.65,1681,Cascaded,2027,1210.65,1681
D0,DL/DL/Not First Flight,RNO,5.1,,DL,DL,,Not First Flight,RNO,61.52,414,673,64.59,5.00%,0.000710735714469652,434.7,673,Cascaded,2027,434.7,673
D0,DL/DL/Not First Flight,ROA,5.1,,DL,DL,,Not First Flight,ROA,77.78,35,45,81.67,5.00%,6.008635267255513e-05,36.75,45,Cascaded,2027,36.75,45
D0,DL/DL/Not First Flight,ROC,5.1,,DL,DL,,Not First Flight,ROC,46.16,331,717,48.47,5.00%,0.0005682452209890213,347.55,717,Cascaded,2027,347.55,717
D0,DL/DL/Not First Flight,RSW,5.1,,DL,DL,,Not First Flight,RSW,65.53,3770,5753,68.81,5.00%,0.0064721585593009385,3958.5,5753,Cascaded,2027,3958.5,5753
D0,DL/DL/Not First Flight,RTB,5.1,,DL,DL,,Not First Flight,RTB,67.09,53,79,70.44,5.00%,9.098790547558348e-05,55.65,79,Cascaded,2027,55.65,79
D0,DL/DL/Not First Flight,SAL,5.1,,DL,DL,,Not First Flight,SAL,69.53,251,361,73.01,5.00%,0.00043090498630889536,263.55,361,Cascaded,2027,263.55,361
D0,DL/DL/Not First Flight,SAN,5.1,,DL,DL,,Not First Flight,SAN,65.46,4453,6803,68.73,5.00%,0.007644700812882514,4675.65,6803,Cascaded,2027,4675.65,6803
D0,DL/DL/Not First Flight,SAP,5.1,,DL,DL,,Not First Flight,SAP,55.83,201,360,58.63,5.00%,0.0003450673396338166,211.05,360,Cascaded,2027,211.05,360
D0,DL/DL/Not First Flight,SAT,5.1,,DL,DL,,Not First Flight,SAT,65.29,2902,4445,68.55,5.00%,0.004982017013021571,3047.1,4445,Cascaded,2027,3047.1,4445
D0,DL/DL/Not First Flight,SAV,5.1,,DL,DL,,Not First Flight,SAV,65.52,1720,2625,68.8,5.00%,0.0029528150456227093,1806.0,2625,Cascaded,2027,1806.0,2625
D0,DL/DL/Not First Flight,SBA,5.1,,DL,DL,,Not First Flight,SBA,72.22,117,162,75.83,5.00%,0.0002008600932196843,122.85,162,Cascaded,2027,122.85,162
D0,DL/DL/Not First Flight,SCL,5.1,,DL,DL,,Not First Flight,SCL,76.83,315,410,80.67,5.00%,0.0005407771740529962,330.75,410,Cascaded,2027,330.75,410
D0,DL/DL/Not First Flight,SDF,5.1,,DL,DL,,Not First Flight,SDF,71.96,1188,1651,75.55,5.00%,0.0020395024849998713,1247.4,1651,Cascaded,2027,1247.4,1651
D0,DL/DL/Not First Flight,SDQ,5.1,,DL,DL,,Not First Flight,SDQ,54.45,643,1181,57.17,5.00%,0.0011038721362415127,675.15,1181,Cascaded,2027,675.15,1181
D0,DL/DL/Not First Flight,SEA,5.1,,DL,DL,,Not First Flight,SEA,62.04,17895,28843,65.14,5.00%,0.030721293745010685,18789.75,28843,Cascaded,2027,18789.75,28843
D0,DL/DL/Not First Flight,SFO,5.1,,DL,DL,,Not First Flight,SFO,54.06,5428,10041,56.76,5.00%,0.00931853492304655,5699.4,10041,Cascaded,2027,5699.4,10041
D0,DL/DL/Not First Flight,SGF,5.1,,DL,DL,,Not First Flight,SGF,47.91,195,407,50.31,5.00%,0.0003347668220328071,204.75,407,Cascaded,2027,204.75,407
D0,DL/DL/Not First Flight,SHV,5.1,,DL,DL,,Not First Flight,SHV,0.0,0,1,0.0,0.00%,0.0,0.0,1,Cascaded,2027,0.0,1
D0,DL/DL/Not First Flight,SJC,5.1,,DL,DL,,Not First Flight,SJC,77.61,1317,1697,81.49,5.00%,0.0022609636134215743,1382.85,1697,Cascaded,2027,1382.85,1697
D0,DL/DL/Not First Flight,SJD,5.1,,DL,DL,,Not First Flight,SJD,66.9,1364,2039,70.24,5.00%,0.0023416510012961487,1432.2,2039,Cascaded,2027,1432.2,2039
D0,DL/DL/Not First Flight,SJO,5.1,,DL,DL,,Not First Flight,SJO,59.32,261,440,62.28,5.00%,0.00044807251564391113,274.05,440,Cascaded,2027,274.05,440
D0,DL/DL/Not First Flight,SJU,5.1,,DL,DL,,Not First Flight,SJU,68.74,1843,2681,72.18,5.00%,0.003163975656443403,1935.15,2681,Cascaded,2027,1935.15,2681
D0,DL/DL/Not First Flight,SKB,5.1,,DL,DL,,Not First Flight,SKB,46.3,25,54,48.61,5.00%,4.291882333753938e-05,26.25,54,Cascaded,2027,26.25,54
D0,DL/DL/Not First Flight,SLC,5.1,,DL,DL,,Not First Flight,SLC,67.09,33791,50363,70.45,5.00%,0.05801079837595172,35480.55,50363,Cascaded,2027,35480.55,50363
D0,DL/DL/Not First Flight,SMF,5.1,,DL,DL,,Not First Flight,SMF,76.62,1737,2267,80.45,5.00%,0.002981999845492236,1823.85,2267,Cascaded,2027,1823.85,2267
D0,DL/DL/Not First Flight,SNA,5.1,,DL,DL,,Not First Flight,SNA,60.98,2005,3288,64.03,5.00%,0.0034420896316706582,2105.25,3288,Cascaded,2027,2105.25,3288
D0,DL/DL/Not First Flight,SNN,5.1,,DL,DL,,Not First Flight,SNN,78.57,88,112,82.5,5.00%,0.00015107425814813862,92.4,112,Cascaded,2027,92.4,112
D0,DL/DL/Not First Flight,SRQ,5.1,,DL,DL,,Not First Flight,SRQ,66.81,1657,2480,70.16,5.00%,0.00284465961081211,1739.85,2480,Cascaded,2027,1739.85,2480
D0,DL/DL/Not First Flight,STI,5.1,,DL,DL,,Not First Flight,STI,61.95,503,812,65.04,5.00%,0.0008635267255512923,528.15,812,Cascaded,2027,528.15,812
D0,DL/DL/Not First Flight,STL,5.1,,DL,DL,,Not First Flight,STL,74.04,2593,3502,77.75,5.00%,0.004451540356569584,2722.65,3502,Cascaded,2027,2722.65,3502
D0,DL/DL/Not First Flight,STT,5.1,,DL,DL,,Not First Flight,STT,64.03,673,1051,67.24,5.00%,0.00115537472424656,706.65,1051,Cascaded,2027,706.65,1051
D0,DL/DL/Not First Flight,STX,5.1,,DL,DL,,Not First Flight,STX,36.07,44,122,37.87,5.00%,7.553712907406931e-05,46.2,122,Cascaded,2027,46.2,122
D0,DL/DL/Not First Flight,SXM,5.1,,DL,DL,,Not First Flight,SXM,52.64,279,530,55.27,5.00%,0.0004789740684469395,292.95,530,Cascaded,2027,292.95,530
D0,DL/DL/Not First Flight,SYD,5.1,,DL,DL,,Not First Flight,SYD,70.6,293,415,74.13,5.00%,0.0005030086095159615,307.65,415,Cascaded,2027,307.65,415
D0,DL/DL/Not First Flight,SYR,5.1,,DL,DL,,Not First Flight,SYR,68.63,490,714,72.06,5.00%,0.0008412089374157718,514.5,714,Cascaded,2027,514.5,714
D0,DL/DL/Not First Flight,TLH,5.1,,DL,DL,,Not First Flight,TLH,69.38,800,1153,72.85,5.00%,0.0013734023468012601,840.0,1153,Cascaded,2027,840.0,1153
D0,DL/DL/Not First Flight,TLV,5.1,,DL,DL,,Not First Flight,TLV,57.45,135,235,60.32,5.00%,0.00023176164602271265,141.75,235,Cascaded,2027,141.75,235
D0,DL/DL/Not First Flight,TPA,5.1,,DL,DL,,Not First Flight,TPA,59.28,6294,10617,62.25,5.00%,0.010805242963458913,6608.7,10617,Cascaded,2027,6608.7,10617
D0,DL/DL/Not First Flight,TPE,5.1,,DL,DL,,Not First Flight,TPE,0.0,0,7,0.0,0.00%,0.0,0.0,7,Cascaded,2027,0.0,7
D0,DL/DL/Not First Flight,TQO,5.1,,DL,DL,,Not First Flight,TQO,82.12,271,330,86.23,5.00%,0.00046524004497892684,284.55,330,Cascaded,2027,284.55,330
D0,DL/DL/Not First Flight,TRI,5.1,,DL,DL,,Not First Flight,TRI,54.26,121,223,56.97,5.00%,0.0002077271049536906,127.05,223,Cascaded,2027,127.05,223
D0,DL/DL/Not First Flight,TUL,5.1,,DL,DL,,Not First Flight,TUL,69.07,835,1209,72.52,5.00%,0.0014334886994738151,876.75,1209,Cascaded,2027,876.75,1209
D0,DL/DL/Not First Flight,TUS,5.1,,DL,DL,,Not First Flight,TUS,75.17,557,741,78.93,5.00%,0.0009562313839603774,584.85,741,Cascaded,2027,584.85,741
D0,DL/DL/Not First Flight,TVC,5.1,,DL,DL,,Not First Flight,TVC,51.75,59,114,54.34,5.00%,0.00010128842307659293,61.95,114,Cascaded,2027,61.95,114
D0,DL/DL/Not First Flight,TYS,5.1,,DL,DL,,Not First Flight,TYS,69.3,948,1368,72.76,5.00%,0.0016274817809594933,995.4,1368,Cascaded,2027,995.4,1368
D0,DL/DL/Not First Flight,UIO,5.1,,DL,DL,,Not First Flight,UIO,66.39,241,363,69.71,5.00%,0.0004137374569738796,253.05,363,Cascaded,2027,253.05,363
D0,DL/DL/Not First Flight,UVF,5.1,,DL,DL,,Not First Flight,UVF,73.28,266,363,76.94,5.00%,0.000456656280311419,279.3,363,Cascaded,2027,279.3,363
D0,DL/DL/Not First Flight,VCE,5.1,,DL,DL,,Not First Flight,VCE,69.96,375,536,73.46,5.00%,0.0006437823500630907,393.75,536,Cascaded,2027,393.75,536
D0,DL/DL/Not First Flight,VPS,5.1,,DL,DL,,Not First Flight,VPS,67.76,1383,2041,71.15,5.00%,0.0023742693070326784,1452.15,2041,Cascaded,2027,1452.15,2041
D0,DL/DL/Not First Flight,XNA,5.1,,DL,DL,,Not First Flight,XNA,66.38,154,232,69.7,5.00%,0.00026437995175924257,161.7,232,Cascaded,2027,161.7,232
D0,DL/DL/Not First Flight,YUL,5.1,,DL,DL,,Not First Flight,YUL,68.62,433,631,72.05,5.00%,0.000743354020206182,454.65,631,Cascaded,2027,454.65,631
D0,DL/DL/Not First Flight,YVR,5.1,,DL,DL,,Not First Flight,YVR,71.69,352,491,75.27,5.00%,0.0006042970325925545,369.6,491,Cascaded,2027,369.6,491
D0,DL/DL/Not First Flight,YYC,5.1,,DL,DL,,Not First Flight,YYC,55.02,115,209,57.78,5.00%,0.00019742658735268114,120.75,209,Cascaded,2027,120.75,209
D0,DL/DL/Not First Flight,YYZ,5.1,,DL,DL,,Not First Flight,YYZ,56.39,631,1119,59.21,5.00%,0.0010832711010394938,662.55,1119,Cascaded,2027,662.55,1119
D0,DL/DL/Not First Flight,ZRH,5.1,,DL,DL,,Not First Flight,ZRH,60.69,301,496,63.72,5.00%,0.0005167426329839741,316.05,496,Cascaded,2027,316.05,496
