KPI,Node Name,Parent,Category,Tier,Contribution,Target/Goal,Category Path,Node Path,Child Count,Leaf
IB_PAX_DOOROPEN,IB_PAX_DOOROPEN,,Root,0,1,Goal,Root,IB_PAX_DOOROPEN,2,No
IB_PAX_DOOROPEN,ACS,IB_PAX_DOOROPEN,div,1,39.96,Goal,Root/div,IB_PAX_DOOROPEN/ACS,1,No
IB_PAX_DOOROPEN,ML,ACS,carrier,2,100.0,Goal,Root/div/carrier,IB_PAX_DOOROPEN/ACS/ML,318,No
IB_PAX_DOOROPEN,APAC_Director,ML,director,3,0.15,Goal,Root/div/carrier/director,IB_PAX_DOOROPEN/ACS/ML/APAC_Director,1,No
IB_PAX_DOOROPEN,I,APAC_Director,dom_int,4,100.0,Goal,Root/div/carrier/director/dom_int,IB_PAX_DOOROPEN/ACS/ML/APAC_Director/I,0,Yes
IB_PAX_DOOROPEN,AUS_Director,ML,director,3,0.03,Goal,Root/div/carrier/director,IB_PAX_DOOROPEN/ACS/ML/AUS_Director,1,No
IB_PAX_DOOROPEN,D,AUS_Director,dom_int,4,100.0,Goal,Root/div/carrier/director/dom_int,IB_PAX_DOOROPEN/ACS/ML/AUS_Director/D,0,Yes
IB_PAX_DOOROPEN,CANMEX_Director,ML,director,3,0.16,Goal,Root/div/carrier/director,IB_PAX_DOOROPEN/ACS/ML/CANMEX_Director,1,No
IB_PAX_DOOROPEN,I,CANMEX_Director,dom_int,4,100.0,Goal,Root/div/carrier/director/dom_int,IB_PAX_DOOROPEN/ACS/ML/CANMEX_Director/I,0,Yes
IB_PAX_DOOROPEN,Caribbean_Director,ML,director,3,0.45,Goal,Root/div/carrier/director,IB_PAX_DOOROPEN/ACS/ML/Caribbean_Director,1,No
IB_PAX_DOOROPEN,I,Caribbean_Director,dom_int,4,100.0,Goal,Root/div/carrier/director/dom_int,IB_PAX_DOOROPEN/ACS/ML/Caribbean_Director/I,0,Yes
IB_PAX_DOOROPEN,CASA_Director,ML,director,3,0.2,Goal,Root/div/carrier/director,IB_PAX_DOOROPEN/ACS/ML/CASA_Director,1,No
IB_PAX_DOOROPEN,I,CASA_Director,dom_int,4,100.0,Goal,Root/div/carrier/director/dom_int,IB_PAX_DOOROPEN/ACS/ML/CASA_Director/I,0,Yes
IB_PAX_DOOROPEN,CDG_Director,ML,director,3,0.37,Goal,Root/div/carrier/director,IB_PAX_DOOROPEN/ACS/ML/CDG_Director,1,No
IB_PAX_DOOROPEN,I,CDG_Director,dom_int,4,100.0,Goal,Root/div/carrier/director/dom_int,IB_PAX_DOOROPEN/ACS/ML/CDG_Director/I,0,Yes
IB_PAX_DOOROPEN,Central_Director,ML,director,3,0.35,Goal,Root/div/carrier/director,IB_PAX_DOOROPEN/ACS/ML/Central_Director,1,No
IB_PAX_DOOROPEN,D,Central_Director,dom_int,4,100.0,Goal,Root/div/carrier/director/dom_int,IB_PAX_DOOROPEN/ACS/ML/Central_Director/D,0,Yes
IB_PAX_DOOROPEN,East_Director,ML,director,3,0.46,Goal,Root/div/carrier/director,IB_PAX_DOOROPEN/ACS/ML/East_Director,1,No
IB_PAX_DOOROPEN,D,East_Director,dom_int,4,100.0,Goal,Root/div/carrier/director/dom_int,IB_PAX_DOOROPEN/ACS/ML/East_Director/D,0,Yes
IB_PAX_DOOROPEN,EMEA-A,ML,director,3,0.07,Goal,Root/div/carrier/director,IB_PAX_DOOROPEN/ACS/ML/EMEA-A,1,No
IB_PAX_DOOROPEN,I,EMEA-A,dom_int,4,100.0,Goal,Root/div/carrier/director/dom_int,IB_PAX_DOOROPEN/ACS/ML/EMEA-A/I,0,Yes
IB_PAX_DOOROPEN,EMEA-B,ML,director,3,0.33,Goal,Root/div/carrier/director,IB_PAX_DOOROPEN/ACS/ML/EMEA-B,1,No
IB_PAX_DOOROPEN,I,EMEA-B,dom_int,4,100.0,Goal,Root/div/carrier/director/dom_int,IB_PAX_DOOROPEN/ACS/ML/EMEA-B/I,0,Yes
IB_PAX_DOOROPEN,FieldStations_Director,ML,director,3,0.55,Goal,Root/div/carrier/director,IB_PAX_DOOROPEN/ACS/ML/FieldStations_Director,1,No
IB_PAX_DOOROPEN,D,FieldStations_Director,dom_int,4,100.0,Goal,Root/div/carrier/director/dom_int,IB_PAX_DOOROPEN/ACS/ML/FieldStations_Director/D,0,Yes
IB_PAX_DOOROPEN,Florida_Director,ML,director,3,0.28,Goal,Root/div/carrier/director,IB_PAX_DOOROPEN/ACS/ML/Florida_Director,1,No
IB_PAX_DOOROPEN,D,Florida_Director,dom_int,4,100.0,Goal,Root/div/carrier/director/dom_int,IB_PAX_DOOROPEN/ACS/ML/Florida_Director/D,0,Yes
IB_PAX_DOOROPEN,Hub_ATL,ML,director,3,0.43,Goal,Root/div/carrier/director,IB_PAX_DOOROPEN/ACS/ML/Hub_ATL,1,No
IB_PAX_DOOROPEN,D,Hub_ATL,dom_int,4,100.0,Goal,Root/div/carrier/director/dom_int,IB_PAX_DOOROPEN/ACS/ML/Hub_ATL/D,0,Yes
IB_PAX_DOOROPEN,Hub_BOS,ML,director,3,0.4,Goal,Root/div/carrier/director,IB_PAX_DOOROPEN/ACS/ML/Hub_BOS,1,No
IB_PAX_DOOROPEN,D,Hub_BOS,dom_int,4,100.0,Goal,Root/div/carrier/director/dom_int,IB_PAX_DOOROPEN/ACS/ML/Hub_BOS/D,0,Yes
IB_PAX_DOOROPEN,Hub_DTW,ML,director,3,0.09,Goal,Root/div/carrier/director,IB_PAX_DOOROPEN/ACS/ML/Hub_DTW,1,No
IB_PAX_DOOROPEN,D,Hub_DTW,dom_int,4,100.0,Goal,Root/div/carrier/director/dom_int,IB_PAX_DOOROPEN/ACS/ML/Hub_DTW/D,0,Yes
IB_PAX_DOOROPEN,Hub_JFK,ML,director,3,0.08,Goal,Root/div/carrier/director,IB_PAX_DOOROPEN/ACS/ML/Hub_JFK,1,No
IB_PAX_DOOROPEN,D,Hub_JFK,dom_int,4,100.0,Goal,Root/div/carrier/director/dom_int,IB_PAX_DOOROPEN/ACS/ML/Hub_JFK/D,0,Yes
IB_PAX_DOOROPEN,Hub_LAX,ML,director,3,0.07,Goal,Root/div/carrier/director,IB_PAX_DOOROPEN/ACS/ML/Hub_LAX,1,No
IB_PAX_DOOROPEN,D,Hub_LAX,dom_int,4,100.0,Goal,Root/div/carrier/director/dom_int,IB_PAX_DOOROPEN/ACS/ML/Hub_LAX/D,0,Yes
IB_PAX_DOOROPEN,Hub_LGA,ML,director,3,0.35,Goal,Root/div/carrier/director,IB_PAX_DOOROPEN/ACS/ML/Hub_LGA,1,No
IB_PAX_DOOROPEN,D,Hub_LGA,dom_int,4,100.0,Goal,Root/div/carrier/director/dom_int,IB_PAX_DOOROPEN/ACS/ML/Hub_LGA/D,0,Yes
IB_PAX_DOOROPEN,Hub_MSP,ML,director,3,0.44,Goal,Root/div/carrier/director,IB_PAX_DOOROPEN/ACS/ML/Hub_MSP,1,No
IB_PAX_DOOROPEN,D,Hub_MSP,dom_int,4,100.0,Goal,Root/div/carrier/director/dom_int,IB_PAX_DOOROPEN/ACS/ML/Hub_MSP/D,0,Yes
IB_PAX_DOOROPEN,Hub_SEA,ML,director,3,0.12,Goal,Root/div/carrier/director,IB_PAX_DOOROPEN/ACS/ML/Hub_SEA,1,No
IB_PAX_DOOROPEN,D,Hub_SEA,dom_int,4,100.0,Goal,Root/div/carrier/director/dom_int,IB_PAX_DOOROPEN/ACS/ML/Hub_SEA/D,0,Yes
IB_PAX_DOOROPEN,Hub_SLC,ML,director,3,0.51,Goal,Root/div/carrier/director,IB_PAX_DOOROPEN/ACS/ML/Hub_SLC,1,No
IB_PAX_DOOROPEN,D,Hub_SLC,dom_int,4,100.0,Goal,Root/div/carrier/director/dom_int,IB_PAX_DOOROPEN/ACS/ML/Hub_SLC/D,0,Yes
IB_PAX_DOOROPEN,West_Director,ML,director,3,0.02,Goal,Root/div/carrier/director,IB_PAX_DOOROPEN/ACS/ML/West_Director,1,No
IB_PAX_DOOROPEN,D,West_Director,dom_int,4,100.0,Goal,Root/div/carrier/director/dom_int,IB_PAX_DOOROPEN/ACS/ML/West_Director/D,0,Yes
IB_PAX_DOOROPEN,ACSATL,ML,division,3,0.16,Goal,Root/div/carrier/division,IB_PAX_DOOROPEN/ACS/ML/ACSATL,1,No
IB_PAX_DOOROPEN,D,ACSATL,dom_int,4,100.0,Goal,Root/div/carrier/division/dom_int,IB_PAX_DOOROPEN/ACS/ML/ACSATL/D,0,Yes
IB_PAX_DOOROPEN,DTW_AUS_FL,ML,division,3,0.43,Goal,Root/div/carrier/division,IB_PAX_DOOROPEN/ACS/ML/DTW_AUS_FL,1,No
IB_PAX_DOOROPEN,D,DTW_AUS_FL,dom_int,4,100.0,Goal,Root/div/carrier/division/dom_int,IB_PAX_DOOROPEN/ACS/ML/DTW_AUS_FL/D,0,Yes
IB_PAX_DOOROPEN,East,ML,division,3,0.34,Goal,Root/div/carrier/division,IB_PAX_DOOROPEN/ACS/ML/East,1,No
IB_PAX_DOOROPEN,D,East,dom_int,4,100.0,Goal,Root/div/carrier/division/dom_int,IB_PAX_DOOROPEN/ACS/ML/East/D,0,Yes
IB_PAX_DOOROPEN,FieldStations,ML,division,3,0.39,Goal,Root/div/carrier/division,IB_PAX_DOOROPEN/ACS/ML/FieldStations,1,No
IB_PAX_DOOROPEN,D,FieldStations,dom_int,4,100.0,Goal,Root/div/carrier/division/dom_int,IB_PAX_DOOROPEN/ACS/ML/FieldStations/D,0,Yes
IB_PAX_DOOROPEN,International,ML,division,3,0.41,Goal,Root/div/carrier/division,IB_PAX_DOOROPEN/ACS/ML/International,1,No
IB_PAX_DOOROPEN,I,International,dom_int,4,100.0,Goal,Root/div/carrier/division/dom_int,IB_PAX_DOOROPEN/ACS/ML/International/I,0,Yes
IB_PAX_DOOROPEN,JFK_BOS,ML,division,3,0.47,Goal,Root/div/carrier/division,IB_PAX_DOOROPEN/ACS/ML/JFK_BOS,1,No
IB_PAX_DOOROPEN,D,JFK_BOS,dom_int,4,100.0,Goal,Root/div/carrier/division/dom_int,IB_PAX_DOOROPEN/ACS/ML/JFK_BOS/D,0,Yes
IB_PAX_DOOROPEN,MSP_SEA_SLC,ML,division,3,0.34,Goal,Root/div/carrier/division,IB_PAX_DOOROPEN/ACS/ML/MSP_SEA_SLC,1,No
IB_PAX_DOOROPEN,D,MSP_SEA_SLC,dom_int,4,100.0,Goal,Root/div/carrier/division/dom_int,IB_PAX_DOOROPEN/ACS/ML/MSP_SEA_SLC/D,0,Yes
IB_PAX_DOOROPEN,West_Central,ML,division,3,0.39,Goal,Root/div/carrier/division,IB_PAX_DOOROPEN/ACS/ML/West_Central,1,No
IB_PAX_DOOROPEN,D,West_Central,dom_int,4,100.0,Goal,Root/div/carrier/division/dom_int,IB_PAX_DOOROPEN/ACS/ML/West_Central/D,0,Yes
IB_PAX_DOOROPEN,D,ML,dom_int,3,0.53,Goal,Root/div/carrier/dom_int,IB_PAX_DOOROPEN/ACS/ML/D,0,Yes
IB_PAX_DOOROPEN,I,ML,dom_int,3,0.0,Goal,Root/div/carrier/dom_int,IB_PAX_DOOROPEN/ACS/ML/I,0,Yes
IB_PAX_DOOROPEN,AUS_Region,ML,region,3,0.28,Goal,Root/div/carrier/region,IB_PAX_DOOROPEN/ACS/ML/AUS_Region,1,No
IB_PAX_DOOROPEN,D,AUS_Region,dom_int,4,100.0,Goal,Root/div/carrier/region/dom_int,IB_PAX_DOOROPEN/ACS/ML/AUS_Region/D,0,Yes
IB_PAX_DOOROPEN,Canada_Region,ML,region,3,0.59,Goal,Root/div/carrier/region,IB_PAX_DOOROPEN/ACS/ML/Canada_Region,1,No
IB_PAX_DOOROPEN,I,Canada_Region,dom_int,4,100.0,Goal,Root/div/carrier/region/dom_int,IB_PAX_DOOROPEN/ACS/ML/Canada_Region/I,0,Yes
IB_PAX_DOOROPEN,Caribbean_Region,ML,region,3,0.09,Goal,Root/div/carrier/region,IB_PAX_DOOROPEN/ACS/ML/Caribbean_Region,1,No
IB_PAX_DOOROPEN,I,Caribbean_Region,dom_int,4,100.0,Goal,Root/div/carrier/region/dom_int,IB_PAX_DOOROPEN/ACS/ML/Caribbean_Region/I,0,Yes
IB_PAX_DOOROPEN,CDG_Region,ML,region,3,0.11,Goal,Root/div/carrier/region,IB_PAX_DOOROPEN/ACS/ML/CDG_Region,1,No
IB_PAX_DOOROPEN,I,CDG_Region,dom_int,4,100.0,Goal,Root/div/carrier/region/dom_int,IB_PAX_DOOROPEN/ACS/ML/CDG_Region/I,0,Yes
IB_PAX_DOOROPEN,CentralAmerica_Region,ML,region,3,0.16,Goal,Root/div/carrier/region,IB_PAX_DOOROPEN/ACS/ML/CentralAmerica_Region,1,No
IB_PAX_DOOROPEN,I,CentralAmerica_Region,dom_int,4,100.0,Goal,Root/div/carrier/region/dom_int,IB_PAX_DOOROPEN/ACS/ML/CentralAmerica_Region/I,0,Yes
IB_PAX_DOOROPEN,Central_Region,ML,region,3,0.34,Goal,Root/div/carrier/region,IB_PAX_DOOROPEN/ACS/ML/Central_Region,1,No
IB_PAX_DOOROPEN,D,Central_Region,dom_int,4,100.0,Goal,Root/div/carrier/region/dom_int,IB_PAX_DOOROPEN/ACS/ML/Central_Region/D,0,Yes
IB_PAX_DOOROPEN,EastAsia_Region,ML,region,3,0.26,Goal,Root/div/carrier/region,IB_PAX_DOOROPEN/ACS/ML/EastAsia_Region,1,No
IB_PAX_DOOROPEN,I,EastAsia_Region,dom_int,4,100.0,Goal,Root/div/carrier/region/dom_int,IB_PAX_DOOROPEN/ACS/ML/EastAsia_Region/I,0,Yes
IB_PAX_DOOROPEN,Florida_Region,ML,region,3,0.41,Goal,Root/div/carrier/region,IB_PAX_DOOROPEN/ACS/ML/Florida_Region,1,No
IB_PAX_DOOROPEN,D,Florida_Region,dom_int,4,100.0,Goal,Root/div/carrier/region/dom_int,IB_PAX_DOOROPEN/ACS/ML/Florida_Region/D,0,Yes
IB_PAX_DOOROPEN,FS_Central,ML,region,3,0.38,Goal,Root/div/carrier/region,IB_PAX_DOOROPEN/ACS/ML/FS_Central,1,No
IB_PAX_DOOROPEN,D,FS_Central,dom_int,4,100.0,Goal,Root/div/carrier/region/dom_int,IB_PAX_DOOROPEN/ACS/ML/FS_Central/D,0,Yes
IB_PAX_DOOROPEN,FS_East,ML,region,3,0.19,Goal,Root/div/carrier/region,IB_PAX_DOOROPEN/ACS/ML/FS_East,1,No
IB_PAX_DOOROPEN,D,FS_East,dom_int,4,100.0,Goal,Root/div/carrier/region/dom_int,IB_PAX_DOOROPEN/ACS/ML/FS_East/D,0,Yes
IB_PAX_DOOROPEN,FS_MountainWest,ML,region,3,0.15,Goal,Root/div/carrier/region,IB_PAX_DOOROPEN/ACS/ML/FS_MountainWest,1,No
IB_PAX_DOOROPEN,D,FS_MountainWest,dom_int,4,100.0,Goal,Root/div/carrier/region/dom_int,IB_PAX_DOOROPEN/ACS/ML/FS_MountainWest/D,0,Yes
IB_PAX_DOOROPEN,FS_South,ML,region,3,0.5,Goal,Root/div/carrier/region,IB_PAX_DOOROPEN/ACS/ML/FS_South,1,No
IB_PAX_DOOROPEN,D,FS_South,dom_int,4,100.0,Goal,Root/div/carrier/region/dom_int,IB_PAX_DOOROPEN/ACS/ML/FS_South/D,0,Yes
IB_PAX_DOOROPEN,FS_West,ML,region,3,0.39,Goal,Root/div/carrier/region,IB_PAX_DOOROPEN/ACS/ML/FS_West,1,No
IB_PAX_DOOROPEN,D,FS_West,dom_int,4,100.0,Goal,Root/div/carrier/region/dom_int,IB_PAX_DOOROPEN/ACS/ML/FS_West/D,0,Yes
IB_PAX_DOOROPEN,GreatLakes_Region,ML,region,3,0.22,Goal,Root/div/carrier/region,IB_PAX_DOOROPEN/ACS/ML/GreatLakes_Region,1,No
IB_PAX_DOOROPEN,D,GreatLakes_Region,dom_int,4,100.0,Goal,Root/div/carrier/region/dom_int,IB_PAX_DOOROPEN/ACS/ML/GreatLakes_Region/D,0,Yes
IB_PAX_DOOROPEN,MCO_Region,ML,region,3,0.59,Goal,Root/div/carrier/region,IB_PAX_DOOROPEN/ACS/ML/MCO_Region,1,No
IB_PAX_DOOROPEN,D,MCO_Region,dom_int,4,100.0,Goal,Root/div/carrier/region/dom_int,IB_PAX_DOOROPEN/ACS/ML/MCO_Region/D,0,Yes
IB_PAX_DOOROPEN,Mexico_Region,ML,region,3,0.57,Goal,Root/div/carrier/region,IB_PAX_DOOROPEN/ACS/ML/Mexico_Region,1,No
IB_PAX_DOOROPEN,I,Mexico_Region,dom_int,4,100.0,Goal,Root/div/carrier/region/dom_int,IB_PAX_DOOROPEN/ACS/ML/Mexico_Region/I,0,Yes
IB_PAX_DOOROPEN,MIA_Region,ML,region,3,0.51,Goal,Root/div/carrier/region,IB_PAX_DOOROPEN/ACS/ML/MIA_Region,1,No
IB_PAX_DOOROPEN,D,MIA_Region,dom_int,4,100.0,Goal,Root/div/carrier/region/dom_int,IB_PAX_DOOROPEN/ACS/ML/MIA_Region/D,0,Yes
IB_PAX_DOOROPEN,Northeast_Region,ML,region,3,0.14,Goal,Root/div/carrier/region,IB_PAX_DOOROPEN/ACS/ML/Northeast_Region,1,No
IB_PAX_DOOROPEN,D,Northeast_Region,dom_int,4,100.0,Goal,Root/div/carrier/region/dom_int,IB_PAX_DOOROPEN/ACS/ML/Northeast_Region/D,0,Yes
IB_PAX_DOOROPEN,SouthAmerica_Region,ML,region,3,0.4,Goal,Root/div/carrier/region,IB_PAX_DOOROPEN/ACS/ML/SouthAmerica_Region,1,No
IB_PAX_DOOROPEN,I,SouthAmerica_Region,dom_int,4,100.0,Goal,Root/div/carrier/region/dom_int,IB_PAX_DOOROPEN/ACS/ML/SouthAmerica_Region/I,0,Yes
IB_PAX_DOOROPEN,Southeast_Region,ML,region,3,0.12,Goal,Root/div/carrier/region,IB_PAX_DOOROPEN/ACS/ML/Southeast_Region,1,No
IB_PAX_DOOROPEN,D,Southeast_Region,dom_int,4,100.0,Goal,Root/div/carrier/region/dom_int,IB_PAX_DOOROPEN/ACS/ML/Southeast_Region/D,0,Yes
IB_PAX_DOOROPEN,SouthPacific_Region,ML,region,3,0.17,Goal,Root/div/carrier/region,IB_PAX_DOOROPEN/ACS/ML/SouthPacific_Region,1,No
IB_PAX_DOOROPEN,I,SouthPacific_Region,dom_int,4,100.0,Goal,Root/div/carrier/region/dom_int,IB_PAX_DOOROPEN/ACS/ML/SouthPacific_Region/I,0,Yes
IB_PAX_DOOROPEN,SouthWest_Region,ML,region,3,0.11,Goal,Root/div/carrier/region,IB_PAX_DOOROPEN/ACS/ML/SouthWest_Region,1,No
IB_PAX_DOOROPEN,D,SouthWest_Region,dom_int,4,100.0,Goal,Root/div/carrier/region/dom_int,IB_PAX_DOOROPEN/ACS/ML/SouthWest_Region/D,0,Yes
IB_PAX_DOOROPEN,West_Region,ML,region,3,0.14,Goal,Root/div/carrier/region,IB_PAX_DOOROPEN/ACS/ML/West_Region,1,No
IB_PAX_DOOROPEN,D,West_Region,dom_int,4,100.0,Goal,Root/div/carrier/region/dom_int,IB_PAX_DOOROPEN/ACS/ML/West_Region/D,0,Yes
IB_PAX_DOOROPEN,ABQ,ML,station,3,0.13,Goal,Root/div/carrier/station,IB_PAX_DOOROPEN/ACS/ML/ABQ,1,No
IB_PAX_DOOROPEN,D,ABQ,dom_int,4,100.0,Goal,Root/div/carrier/station/dom_int,IB_PAX_DOOROPEN/ACS/ML/ABQ/D,0,Yes
IB_PAX_DOOROPEN,ACC,ML,station,3,0.29,Goal,Root/div/carrier/station,IB_PAX_DOOROPEN/ACS/ML/ACC,1,No
IB_PAX_DOOROPEN,I,ACC,dom_int,4,100.0,Goal,Root/div/carrier/station/dom_int,IB_PAX_DOOROPEN/ACS/ML/ACC/I,0,Yes
IB_PAX_DOOROPEN,AGS,ML,station,3,0.3,Goal,Root/div/carrier/station,IB_PAX_DOOROPEN/ACS/ML/AGS,1,No
IB_PAX_DOOROPEN,D,AGS,dom_int,4,100.0,Goal,Root/div/carrier/station/dom_int,IB_PAX_DOOROPEN/ACS/ML/AGS/D,0,Yes
IB_PAX_DOOROPEN,AKL,ML,station,3,0.2,Goal,Root/div/carrier/station,IB_PAX_DOOROPEN/ACS/ML/AKL,1,No
IB_PAX_DOOROPEN,I,AKL,dom_int,4,100.0,Goal,Root/div/carrier/station/dom_int,IB_PAX_DOOROPEN/ACS/ML/AKL/I,0,Yes
IB_PAX_DOOROPEN,ALB,ML,station,3,0.43,Goal,Root/div/carrier/station,IB_PAX_DOOROPEN/ACS/ML/ALB,1,No
IB_PAX_DOOROPEN,D,ALB,dom_int,4,100.0,Goal,Root/div/carrier/station/dom_int,IB_PAX_DOOROPEN/ACS/ML/ALB/D,0,Yes
IB_PAX_DOOROPEN,ANC,ML,station,3,0.46,Goal,Root/div/carrier/station,IB_PAX_DOOROPEN/ACS/ML/ANC,1,No
IB_PAX_DOOROPEN,D,ANC,dom_int,4,100.0,Goal,Root/div/carrier/station/dom_int,IB_PAX_DOOROPEN/ACS/ML/ANC/D,0,Yes
IB_PAX_DOOROPEN,ANU,ML,station,3,0.52,Goal,Root/div/carrier/station,IB_PAX_DOOROPEN/ACS/ML/ANU,1,No
IB_PAX_DOOROPEN,I,ANU,dom_int,4,100.0,Goal,Root/div/carrier/station/dom_int,IB_PAX_DOOROPEN/ACS/ML/ANU/I,0,Yes
IB_PAX_DOOROPEN,ARN,ML,station,3,0.27,Goal,Root/div/carrier/station,IB_PAX_DOOROPEN/ACS/ML/ARN,1,No
IB_PAX_DOOROPEN,I,ARN,dom_int,4,100.0,Goal,Root/div/carrier/station/dom_int,IB_PAX_DOOROPEN/ACS/ML/ARN/I,0,Yes
IB_PAX_DOOROPEN,ATH,ML,station,3,0.36,Goal,Root/div/carrier/station,IB_PAX_DOOROPEN/ACS/ML/ATH,1,No
IB_PAX_DOOROPEN,I,ATH,dom_int,4,100.0,Goal,Root/div/carrier/station/dom_int,IB_PAX_DOOROPEN/ACS/ML/ATH/I,0,Yes
IB_PAX_DOOROPEN,ATL,ML,station,3,0.56,Goal,Root/div/carrier/station,IB_PAX_DOOROPEN/ACS/ML/ATL,1,No
IB_PAX_DOOROPEN,D,ATL,dom_int,4,100.0,Goal,Root/div/carrier/station/dom_int,IB_PAX_DOOROPEN/ACS/ML/ATL/D,0,Yes
IB_PAX_DOOROPEN,ATW,ML,station,3,0.27,Goal,Root/div/carrier/station,IB_PAX_DOOROPEN/ACS/ML/ATW,1,No
IB_PAX_DOOROPEN,D,ATW,dom_int,4,100.0,Goal,Root/div/carrier/station/dom_int,IB_PAX_DOOROPEN/ACS/ML/ATW/D,0,Yes
IB_PAX_DOOROPEN,AUA,ML,station,3,0.39,Goal,Root/div/carrier/station,IB_PAX_DOOROPEN/ACS/ML/AUA,1,No
IB_PAX_DOOROPEN,I,AUA,dom_int,4,100.0,Goal,Root/div/carrier/station/dom_int,IB_PAX_DOOROPEN/ACS/ML/AUA/I,0,Yes
IB_PAX_DOOROPEN,AUS,ML,station,3,0.57,Goal,Root/div/carrier/station,IB_PAX_DOOROPEN/ACS/ML/AUS,1,No
IB_PAX_DOOROPEN,D,AUS,dom_int,4,100.0,Goal,Root/div/carrier/station/dom_int,IB_PAX_DOOROPEN/ACS/ML/AUS/D,0,Yes
IB_PAX_DOOROPEN,AVL,ML,station,3,0.49,Goal,Root/div/carrier/station,IB_PAX_DOOROPEN/ACS/ML/AVL,1,No
IB_PAX_DOOROPEN,D,AVL,dom_int,4,100.0,Goal,Root/div/carrier/station/dom_int,IB_PAX_DOOROPEN/ACS/ML/AVL/D,0,Yes
IB_PAX_DOOROPEN,BCN,ML,station,3,0.15,Goal,Root/div/carrier/station,IB_PAX_DOOROPEN/ACS/ML/BCN,1,No
IB_PAX_DOOROPEN,I,BCN,dom_int,4,100.0,Goal,Root/div/carrier/station/dom_int,IB_PAX_DOOROPEN/ACS/ML/BCN/I,0,Yes
IB_PAX_DOOROPEN,BDA,ML,station,3,0.5,Goal,Root/div/carrier/station,IB_PAX_DOOROPEN/ACS/ML/BDA,1,No
IB_PAX_DOOROPEN,I,BDA,dom_int,4,100.0,Goal,Root/div/carrier/station/dom_int,IB_PAX_DOOROPEN/ACS/ML/BDA/I,0,Yes
IB_PAX_DOOROPEN,BDL,ML,station,3,0.21,Goal,Root/div/carrier/station,IB_PAX_DOOROPEN/ACS/ML/BDL,1,No
IB_PAX_DOOROPEN,D,BDL,dom_int,4,100.0,Goal,Root/div/carrier/station/dom_int,IB_PAX_DOOROPEN/ACS/ML/BDL/D,0,Yes
IB_PAX_DOOROPEN,BER,ML,station,3,0.5,Goal,Root/div/carrier/station,IB_PAX_DOOROPEN/ACS/ML/BER,1,No
IB_PAX_DOOROPEN,I,BER,dom_int,4,100.0,Goal,Root/div/carrier/station/dom_int,IB_PAX_DOOROPEN/ACS/ML/BER/I,0,Yes
IB_PAX_DOOROPEN,BGI,ML,station,3,0.28,Goal,Root/div/carrier/station,IB_PAX_DOOROPEN/ACS/ML/BGI,1,No
IB_PAX_DOOROPEN,I,BGI,dom_int,4,100.0,Goal,Root/div/carrier/station/dom_int,IB_PAX_DOOROPEN/ACS/ML/BGI/I,0,Yes
IB_PAX_DOOROPEN,BGR,ML,station,3,0.55,Goal,Root/div/carrier/station,IB_PAX_DOOROPEN/ACS/ML/BGR,1,No
IB_PAX_DOOROPEN,D,BGR,dom_int,4,100.0,Goal,Root/div/carrier/station/dom_int,IB_PAX_DOOROPEN/ACS/ML/BGR/D,0,Yes
IB_PAX_DOOROPEN,BHM,ML,station,3,0.28,Goal,Root/div/carrier/station,IB_PAX_DOOROPEN/ACS/ML/BHM,1,No
IB_PAX_DOOROPEN,D,BHM,dom_int,4,100.0,Goal,Root/div/carrier/station/dom_int,IB_PAX_DOOROPEN/ACS/ML/BHM/D,0,Yes
IB_PAX_DOOROPEN,BIL,ML,station,3,0.29,Goal,Root/div/carrier/station,IB_PAX_DOOROPEN/ACS/ML/BIL,1,No
IB_PAX_DOOROPEN,D,BIL,dom_int,4,100.0,Goal,Root/div/carrier/station/dom_int,IB_PAX_DOOROPEN/ACS/ML/BIL/D,0,Yes
IB_PAX_DOOROPEN,BIS,ML,station,3,0.24,Goal,Root/div/carrier/station,IB_PAX_DOOROPEN/ACS/ML/BIS,1,No
IB_PAX_DOOROPEN,D,BIS,dom_int,4,100.0,Goal,Root/div/carrier/station/dom_int,IB_PAX_DOOROPEN/ACS/ML/BIS/D,0,Yes
IB_PAX_DOOROPEN,BNA,ML,station,3,0.04,Goal,Root/div/carrier/station,IB_PAX_DOOROPEN/ACS/ML/BNA,1,No
IB_PAX_DOOROPEN,D,BNA,dom_int,4,100.0,Goal,Root/div/carrier/station/dom_int,IB_PAX_DOOROPEN/ACS/ML/BNA/D,0,Yes
IB_PAX_DOOROPEN,BNE,ML,station,3,0.35,Goal,Root/div/carrier/station,IB_PAX_DOOROPEN/ACS/ML/BNE,1,No
IB_PAX_DOOROPEN,I,BNE,dom_int,4,100.0,Goal,Root/div/carrier/station/dom_int,IB_PAX_DOOROPEN/ACS/ML/BNE/I,0,Yes
IB_PAX_DOOROPEN,BOG,ML,station,3,0.45,Goal,Root/div/carrier/station,IB_PAX_DOOROPEN/ACS/ML/BOG,1,No
IB_PAX_DOOROPEN,I,BOG,dom_int,4,100.0,Goal,Root/div/carrier/station/dom_int,IB_PAX_DOOROPEN/ACS/ML/BOG/I,0,Yes
IB_PAX_DOOROPEN,BOI,ML,station,3,0.37,Goal,Root/div/carrier/station,IB_PAX_DOOROPEN/ACS/ML/BOI,1,No
IB_PAX_DOOROPEN,D,BOI,dom_int,4,100.0,Goal,Root/div/carrier/station/dom_int,IB_PAX_DOOROPEN/ACS/ML/BOI/D,0,Yes
IB_PAX_DOOROPEN,BON,ML,station,3,0.01,Goal,Root/div/carrier/station,IB_PAX_DOOROPEN/ACS/ML/BON,1,No
IB_PAX_DOOROPEN,I,BON,dom_int,4,100.0,Goal,Root/div/carrier/station/dom_int,IB_PAX_DOOROPEN/ACS/ML/BON/I,0,Yes
IB_PAX_DOOROPEN,BOS,ML,station,3,0.37,Goal,Root/div/carrier/station,IB_PAX_DOOROPEN/ACS/ML/BOS,1,No
IB_PAX_DOOROPEN,D,BOS,dom_int,4,100.0,Goal,Root/div/carrier/station/dom_int,IB_PAX_DOOROPEN/ACS/ML/BOS/D,0,Yes
IB_PAX_DOOROPEN,BRU,ML,station,3,0.57,Goal,Root/div/carrier/station,IB_PAX_DOOROPEN/ACS/ML/BRU,1,No
IB_PAX_DOOROPEN,I,BRU,dom_int,4,100.0,Goal,Root/div/carrier/station/dom_int,IB_PAX_DOOROPEN/ACS/ML/BRU/I,0,Yes
IB_PAX_DOOROPEN,BTR,ML,station,3,0.35,Goal,Root/div/carrier/station,IB_PAX_DOOROPEN/ACS/ML/BTR,1,No
IB_PAX_DOOROPEN,D,BTR,dom_int,4,100.0,Goal,Root/div/carrier/station/dom_int,IB_PAX_DOOROPEN/ACS/ML/BTR/D,0,Yes
IB_PAX_DOOROPEN,BTV,ML,station,3,0.46,Goal,Root/div/carrier/station,IB_PAX_DOOROPEN/ACS/ML/BTV,1,No
IB_PAX_DOOROPEN,D,BTV,dom_int,4,100.0,Goal,Root/div/carrier/station/dom_int,IB_PAX_DOOROPEN/ACS/ML/BTV/D,0,Yes
IB_PAX_DOOROPEN,BUF,ML,station,3,0.11,Goal,Root/div/carrier/station,IB_PAX_DOOROPEN/ACS/ML/BUF,1,No
IB_PAX_DOOROPEN,D,BUF,dom_int,4,100.0,Goal,Root/div/carrier/station/dom_int,IB_PAX_DOOROPEN/ACS/ML/BUF/D,0,Yes
IB_PAX_DOOROPEN,BUR,ML,station,3,0.31,Goal,Root/div/carrier/station,IB_PAX_DOOROPEN/ACS/ML/BUR,1,No
IB_PAX_DOOROPEN,D,BUR,dom_int,4,100.0,Goal,Root/div/carrier/station/dom_int,IB_PAX_DOOROPEN/ACS/ML/BUR/D,0,Yes
IB_PAX_DOOROPEN,BWI,ML,station,3,0.53,Goal,Root/div/carrier/station,IB_PAX_DOOROPEN/ACS/ML/BWI,1,No
IB_PAX_DOOROPEN,D,BWI,dom_int,4,100.0,Goal,Root/div/carrier/station/dom_int,IB_PAX_DOOROPEN/ACS/ML/BWI/D,0,Yes
IB_PAX_DOOROPEN,BZE,ML,station,3,0.58,Goal,Root/div/carrier/station,IB_PAX_DOOROPEN/ACS/ML/BZE,1,No
IB_PAX_DOOROPEN,I,BZE,dom_int,4,100.0,Goal,Root/div/carrier/station/dom_int,IB_PAX_DOOROPEN/ACS/ML/BZE/I,0,Yes
IB_PAX_DOOROPEN,BZN,ML,station,3,0.02,Goal,Root/div/carrier/station,IB_PAX_DOOROPEN/ACS/ML/BZN,1,No
IB_PAX_DOOROPEN,D,BZN,dom_int,4,100.0,Goal,Root/div/carrier/station/dom_int,IB_PAX_DOOROPEN/ACS/ML/BZN/D,0,Yes
IB_PAX_DOOROPEN,CAE,ML,station,3,0.33,Goal,Root/div/carrier/station,IB_PAX_DOOROPEN/ACS/ML/CAE,1,No
IB_PAX_DOOROPEN,D,CAE,dom_int,4,100.0,Goal,Root/div/carrier/station/dom_int,IB_PAX_DOOROPEN/ACS/ML/CAE/D,0,Yes
IB_PAX_DOOROPEN,CDG,ML,station,3,0.21,Goal,Root/div/carrier/station,IB_PAX_DOOROPEN/ACS/ML/CDG,1,No
IB_PAX_DOOROPEN,I,CDG,dom_int,4,100.0,Goal,Root/div/carrier/station/dom_int,IB_PAX_DOOROPEN/ACS/ML/CDG/I,0,Yes
IB_PAX_DOOROPEN,CHA,ML,station,3,0.22,Goal,Root/div/carrier/station,IB_PAX_DOOROPEN/ACS/ML/CHA,1,No
IB_PAX_DOOROPEN,D,CHA,dom_int,4,100.0,Goal,Root/div/carrier/station/dom_int,IB_PAX_DOOROPEN/ACS/ML/CHA/D,0,Yes
IB_PAX_DOOROPEN,CHO,ML,station,3,0.47,Goal,Root/div/carrier/station,IB_PAX_DOOROPEN/ACS/ML/CHO,1,No
IB_PAX_DOOROPEN,D,CHO,dom_int,4,100.0,Goal,Root/div/carrier/station/dom_int,IB_PAX_DOOROPEN/ACS/ML/CHO/D,0,Yes
IB_PAX_DOOROPEN,CHS,ML,station,3,0.03,Goal,Root/div/carrier/station,IB_PAX_DOOROPEN/ACS/ML/CHS,1,No
IB_PAX_DOOROPEN,D,CHS,dom_int,4,100.0,Goal,Root/div/carrier/station/dom_int,IB_PAX_DOOROPEN/ACS/ML/CHS/D,0,Yes
IB_PAX_DOOROPEN,CID,ML,station,3,0.22,Goal,Root/div/carrier/station,IB_PAX_DOOROPEN/ACS/ML/CID,1,No
IB_PAX_DOOROPEN,D,CID,dom_int,4,100.0,Goal,Root/div/carrier/station/dom_int,IB_PAX_DOOROPEN/ACS/ML/CID/D,0,Yes
IB_PAX_DOOROPEN,CLE,ML,station,3,0.16,Goal,Root/div/carrier/station,IB_PAX_DOOROPEN/ACS/ML/CLE,1,No
IB_PAX_DOOROPEN,D,CLE,dom_int,4,100.0,Goal,Root/div/carrier/station/dom_int,IB_PAX_DOOROPEN/ACS/ML/CLE/D,0,Yes
IB_PAX_DOOROPEN,CLT,ML,station,3,0.12,Goal,Root/div/carrier/station,IB_PAX_DOOROPEN/ACS/ML/CLT,1,No
IB_PAX_DOOROPEN,D,CLT,dom_int,4,100.0,Goal,Root/div/carrier/station/dom_int,IB_PAX_DOOROPEN/ACS/ML/CLT/D,0,Yes
IB_PAX_DOOROPEN,CMH,ML,station,3,0.29,Goal,Root/div/carrier/station,IB_PAX_DOOROPEN/ACS/ML/CMH,1,No
IB_PAX_DOOROPEN,D,CMH,dom_int,4,100.0,Goal,Root/div/carrier/station/dom_int,IB_PAX_DOOROPEN/ACS/ML/CMH/D,0,Yes
IB_PAX_DOOROPEN,COS,ML,station,3,0.31,Goal,Root/div/carrier/station,IB_PAX_DOOROPEN/ACS/ML/COS,1,No
IB_PAX_DOOROPEN,D,COS,dom_int,4,100.0,Goal,Root/div/carrier/station/dom_int,IB_PAX_DOOROPEN/ACS/ML/COS/D,0,Yes
IB_PAX_DOOROPEN,CPH,ML,station,3,0.08,Goal,Root/div/carrier/station,IB_PAX_DOOROPEN/ACS/ML/CPH,1,No
IB_PAX_DOOROPEN,I,CPH,dom_int,4,100.0,Goal,Root/div/carrier/station/dom_int,IB_PAX_DOOROPEN/ACS/ML/CPH/I,0,Yes
IB_PAX_DOOROPEN,CPT,ML,station,3,0.19,Goal,Root/div/carrier/station,IB_PAX_DOOROPEN/ACS/ML/CPT,1,No
IB_PAX_DOOROPEN,I,CPT,dom_int,4,100.0,Goal,Root/div/carrier/station/dom_int,IB_PAX_DOOROPEN/ACS/ML/CPT/I,0,Yes
IB_PAX_DOOROPEN,CTA,ML,station,3,0.5,Goal,Root/div/carrier/station,IB_PAX_DOOROPEN/ACS/ML/CTA,1,No
IB_PAX_DOOROPEN,I,CTA,dom_int,4,100.0,Goal,Root/div/carrier/station/dom_int,IB_PAX_DOOROPEN/ACS/ML/CTA/I,0,Yes
IB_PAX_DOOROPEN,CTG,ML,station,3,0.5,Goal,Root/div/carrier/station,IB_PAX_DOOROPEN/ACS/ML/CTG,1,No
IB_PAX_DOOROPEN,I,CTG,dom_int,4,100.0,Goal,Root/div/carrier/station/dom_int,IB_PAX_DOOROPEN/ACS/ML/CTG/I,0,Yes
IB_PAX_DOOROPEN,CUN,ML,station,3,0.22,Goal,Root/div/carrier/station,IB_PAX_DOOROPEN/ACS/ML/CUN,1,No
IB_PAX_DOOROPEN,I,CUN,dom_int,4,100.0,Goal,Root/div/carrier/station/dom_int,IB_PAX_DOOROPEN/ACS/ML/CUN/I,0,Yes
IB_PAX_DOOROPEN,CUR,ML,station,3,0.33,Goal,Root/div/carrier/station,IB_PAX_DOOROPEN/ACS/ML/CUR,1,No
IB_PAX_DOOROPEN,I,CUR,dom_int,4,100.0,Goal,Root/div/carrier/station/dom_int,IB_PAX_DOOROPEN/ACS/ML/CUR/I,0,Yes
IB_PAX_DOOROPEN,CVG,ML,station,3,0.15,Goal,Root/div/carrier/station,IB_PAX_DOOROPEN/ACS/ML/CVG,1,No
IB_PAX_DOOROPEN,D,CVG,dom_int,4,100.0,Goal,Root/div/carrier/station/dom_int,IB_PAX_DOOROPEN/ACS/ML/CVG/D,0,Yes
IB_PAX_DOOROPEN,CZM,ML,station,3,0.27,Goal,Root/div/carrier/station,IB_PAX_DOOROPEN/ACS/ML/CZM,1,No
IB_PAX_DOOROPEN,I,CZM,dom_int,4,100.0,Goal,Root/div/carrier/station/dom_int,IB_PAX_DOOROPEN/ACS/ML/CZM/I,0,Yes
IB_PAX_DOOROPEN,DAB,ML,station,3,0.37,Goal,Root/div/carrier/station,IB_PAX_DOOROPEN/ACS/ML/DAB,1,No
IB_PAX_DOOROPEN,D,DAB,dom_int,4,100.0,Goal,Root/div/carrier/station/dom_int,IB_PAX_DOOROPEN/ACS/ML/DAB/D,0,Yes
IB_PAX_DOOROPEN,DAL,ML,station,3,0.01,Goal,Root/div/carrier/station,IB_PAX_DOOROPEN/ACS/ML/DAL,1,No
IB_PAX_DOOROPEN,D,DAL,dom_int,4,100.0,Goal,Root/div/carrier/station/dom_int,IB_PAX_DOOROPEN/ACS/ML/DAL/D,0,Yes
IB_PAX_DOOROPEN,DAY,ML,station,3,0.45,Goal,Root/div/carrier/station,IB_PAX_DOOROPEN/ACS/ML/DAY,1,No
IB_PAX_DOOROPEN,D,DAY,dom_int,4,100.0,Goal,Root/div/carrier/station/dom_int,IB_PAX_DOOROPEN/ACS/ML/DAY/D,0,Yes
IB_PAX_DOOROPEN,DCA,ML,station,3,0.53,Goal,Root/div/carrier/station,IB_PAX_DOOROPEN/ACS/ML/DCA,1,No
IB_PAX_DOOROPEN,D,DCA,dom_int,4,100.0,Goal,Root/div/carrier/station/dom_int,IB_PAX_DOOROPEN/ACS/ML/DCA/D,0,Yes
IB_PAX_DOOROPEN,DEN,ML,station,3,0.52,Goal,Root/div/carrier/station,IB_PAX_DOOROPEN/ACS/ML/DEN,1,No
IB_PAX_DOOROPEN,D,DEN,dom_int,4,100.0,Goal,Root/div/carrier/station/dom_int,IB_PAX_DOOROPEN/ACS/ML/DEN/D,0,Yes
IB_PAX_DOOROPEN,DFW,ML,station,3,0.51,Goal,Root/div/carrier/station,IB_PAX_DOOROPEN/ACS/ML/DFW,1,No
IB_PAX_DOOROPEN,D,DFW,dom_int,4,100.0,Goal,Root/div/carrier/station/dom_int,IB_PAX_DOOROPEN/ACS/ML/DFW/D,0,Yes
IB_PAX_DOOROPEN,DLH,ML,station,3,0.21,Goal,Root/div/carrier/station,IB_PAX_DOOROPEN/ACS/ML/DLH,1,No
IB_PAX_DOOROPEN,D,DLH,dom_int,4,100.0,Goal,Root/div/carrier/station/dom_int,IB_PAX_DOOROPEN/ACS/ML/DLH/D,0,Yes
IB_PAX_DOOROPEN,DSM,ML,station,3,0.54,Goal,Root/div/carrier/station,IB_PAX_DOOROPEN/ACS/ML/DSM,1,No
IB_PAX_DOOROPEN,D,DSM,dom_int,4,100.0,Goal,Root/div/carrier/station/dom_int,IB_PAX_DOOROPEN/ACS/ML/DSM/D,0,Yes
IB_PAX_DOOROPEN,DTW,ML,station,3,0.38,Goal,Root/div/carrier/station,IB_PAX_DOOROPEN/ACS/ML/DTW,1,No
IB_PAX_DOOROPEN,D,DTW,dom_int,4,100.0,Goal,Root/div/carrier/station/dom_int,IB_PAX_DOOROPEN/ACS/ML/DTW/D,0,Yes
IB_PAX_DOOROPEN,DUB,ML,station,3,0.29,Goal,Root/div/carrier/station,IB_PAX_DOOROPEN/ACS/ML/DUB,1,No
IB_PAX_DOOROPEN,I,DUB,dom_int,4,100.0,Goal,Root/div/carrier/station/dom_int,IB_PAX_DOOROPEN/ACS/ML/DUB/I,0,Yes
IB_PAX_DOOROPEN,ECP,ML,station,3,0.15,Goal,Root/div/carrier/station,IB_PAX_DOOROPEN/ACS/ML/ECP,1,No
IB_PAX_DOOROPEN,D,ECP,dom_int,4,100.0,Goal,Root/div/carrier/station/dom_int,IB_PAX_DOOROPEN/ACS/ML/ECP/D,0,Yes
IB_PAX_DOOROPEN,EDI,ML,station,3,0.57,Goal,Root/div/carrier/station,IB_PAX_DOOROPEN/ACS/ML/EDI,1,No
IB_PAX_DOOROPEN,I,EDI,dom_int,4,100.0,Goal,Root/div/carrier/station/dom_int,IB_PAX_DOOROPEN/ACS/ML/EDI/I,0,Yes
IB_PAX_DOOROPEN,EGE,ML,station,3,0.51,Goal,Root/div/carrier/station,IB_PAX_DOOROPEN/ACS/ML/EGE,1,No
IB_PAX_DOOROPEN,D,EGE,dom_int,4,100.0,Goal,Root/div/carrier/station/dom_int,IB_PAX_DOOROPEN/ACS/ML/EGE/D,0,Yes
IB_PAX_DOOROPEN,ELP,ML,station,3,0.4,Goal,Root/div/carrier/station,IB_PAX_DOOROPEN/ACS/ML/ELP,1,No
IB_PAX_DOOROPEN,D,ELP,dom_int,4,100.0,Goal,Root/div/carrier/station/dom_int,IB_PAX_DOOROPEN/ACS/ML/ELP/D,0,Yes
IB_PAX_DOOROPEN,EUG,ML,station,3,0.42,Goal,Root/div/carrier/station,IB_PAX_DOOROPEN/ACS/ML/EUG,1,No
IB_PAX_DOOROPEN,D,EUG,dom_int,4,100.0,Goal,Root/div/carrier/station/dom_int,IB_PAX_DOOROPEN/ACS/ML/EUG/D,0,Yes
IB_PAX_DOOROPEN,EVV,ML,station,3,0.56,Goal,Root/div/carrier/station,IB_PAX_DOOROPEN/ACS/ML/EVV,1,No
IB_PAX_DOOROPEN,D,EVV,dom_int,4,100.0,Goal,Root/div/carrier/station/dom_int,IB_PAX_DOOROPEN/ACS/ML/EVV/D,0,Yes
IB_PAX_DOOROPEN,EWR,ML,station,3,0.51,Goal,Root/div/carrier/station,IB_PAX_DOOROPEN/ACS/ML/EWR,1,No
IB_PAX_DOOROPEN,D,EWR,dom_int,4,100.0,Goal,Root/div/carrier/station/dom_int,IB_PAX_DOOROPEN/ACS/ML/EWR/D,0,Yes
IB_PAX_DOOROPEN,EYW,ML,station,3,0.04,Goal,Root/div/carrier/station,IB_PAX_DOOROPEN/ACS/ML/EYW,1,No
IB_PAX_DOOROPEN,D,EYW,dom_int,4,100.0,Goal,Root/div/carrier/station/dom_int,IB_PAX_DOOROPEN/ACS/ML/EYW/D,0,Yes
IB_PAX_DOOROPEN,EZE,ML,station,3,0.24,Goal,Root/div/carrier/station,IB_PAX_DOOROPEN/ACS/ML/EZE,1,No
IB_PAX_DOOROPEN,I,EZE,dom_int,4,100.0,Goal,Root/div/carrier/station/dom_int,IB_PAX_DOOROPEN/ACS/ML/EZE/I,0,Yes
IB_PAX_DOOROPEN,FAI,ML,station,3,0.08,Goal,Root/div/carrier/station,IB_PAX_DOOROPEN/ACS/ML/FAI,1,No
IB_PAX_DOOROPEN,D,FAI,dom_int,4,100.0,Goal,Root/div/carrier/station/dom_int,IB_PAX_DOOROPEN/ACS/ML/FAI/D,0,Yes
IB_PAX_DOOROPEN,FAR,ML,station,3,0.11,Goal,Root/div/carrier/station,IB_PAX_DOOROPEN/ACS/ML/FAR,1,No
IB_PAX_DOOROPEN,D,FAR,dom_int,4,100.0,Goal,Root/div/carrier/station/dom_int,IB_PAX_DOOROPEN/ACS/ML/FAR/D,0,Yes
IB_PAX_DOOROPEN,FAT,ML,station,3,0.36,Goal,Root/div/carrier/station,IB_PAX_DOOROPEN/ACS/ML/FAT,1,No
IB_PAX_DOOROPEN,D,FAT,dom_int,4,100.0,Goal,Root/div/carrier/station/dom_int,IB_PAX_DOOROPEN/ACS/ML/FAT/D,0,Yes
IB_PAX_DOOROPEN,FAY,ML,station,3,0.49,Goal,Root/div/carrier/station,IB_PAX_DOOROPEN/ACS/ML/FAY,1,No
IB_PAX_DOOROPEN,D,FAY,dom_int,4,100.0,Goal,Root/div/carrier/station/dom_int,IB_PAX_DOOROPEN/ACS/ML/FAY/D,0,Yes
IB_PAX_DOOROPEN,FCA,ML,station,3,0.22,Goal,Root/div/carrier/station,IB_PAX_DOOROPEN/ACS/ML/FCA,1,No
IB_PAX_DOOROPEN,D,FCA,dom_int,4,100.0,Goal,Root/div/carrier/station/dom_int,IB_PAX_DOOROPEN/ACS/ML/FCA/D,0,Yes
IB_PAX_DOOROPEN,FCO,ML,station,3,0.03,Goal,Root/div/carrier/station,IB_PAX_DOOROPEN/ACS/ML/FCO,1,No
IB_PAX_DOOROPEN,I,FCO,dom_int,4,100.0,Goal,Root/div/carrier/station/dom_int,IB_PAX_DOOROPEN/ACS/ML/FCO/I,0,Yes
IB_PAX_DOOROPEN,FLL,ML,station,3,0.57,Goal,Root/div/carrier/station,IB_PAX_DOOROPEN/ACS/ML/FLL,1,No
IB_PAX_DOOROPEN,D,FLL,dom_int,4,100.0,Goal,Root/div/carrier/station/dom_int,IB_PAX_DOOROPEN/ACS/ML/FLL/D,0,Yes
IB_PAX_DOOROPEN,FRA,ML,station,3,0.36,Goal,Root/div/carrier/station,IB_PAX_DOOROPEN/ACS/ML/FRA,1,No
IB_PAX_DOOROPEN,I,FRA,dom_int,4,100.0,Goal,Root/div/carrier/station/dom_int,IB_PAX_DOOROPEN/ACS/ML/FRA/I,0,Yes
IB_PAX_DOOROPEN,FSD,ML,station,3,0.46,Goal,Root/div/carrier/station,IB_PAX_DOOROPEN/ACS/ML/FSD,1,No
IB_PAX_DOOROPEN,D,FSD,dom_int,4,100.0,Goal,Root/div/carrier/station/dom_int,IB_PAX_DOOROPEN/ACS/ML/FSD/D,0,Yes
IB_PAX_DOOROPEN,GCM,ML,station,3,0.57,Goal,Root/div/carrier/station,IB_PAX_DOOROPEN/ACS/ML/GCM,1,No
IB_PAX_DOOROPEN,I,GCM,dom_int,4,100.0,Goal,Root/div/carrier/station/dom_int,IB_PAX_DOOROPEN/ACS/ML/GCM/I,0,Yes
IB_PAX_DOOROPEN,GDL,ML,station,3,0.44,Goal,Root/div/carrier/station,IB_PAX_DOOROPEN/ACS/ML/GDL,1,No
IB_PAX_DOOROPEN,I,GDL,dom_int,4,100.0,Goal,Root/div/carrier/station/dom_int,IB_PAX_DOOROPEN/ACS/ML/GDL/I,0,Yes
IB_PAX_DOOROPEN,GEG,ML,station,3,0.28,Goal,Root/div/carrier/station,IB_PAX_DOOROPEN/ACS/ML/GEG,1,No
IB_PAX_DOOROPEN,D,GEG,dom_int,4,100.0,Goal,Root/div/carrier/station/dom_int,IB_PAX_DOOROPEN/ACS/ML/GEG/D,0,Yes
IB_PAX_DOOROPEN,GFK,ML,station,3,0.35,Goal,Root/div/carrier/station,IB_PAX_DOOROPEN/ACS/ML/GFK,1,No
IB_PAX_DOOROPEN,D,GFK,dom_int,4,100.0,Goal,Root/div/carrier/station/dom_int,IB_PAX_DOOROPEN/ACS/ML/GFK/D,0,Yes
IB_PAX_DOOROPEN,GIG,ML,station,3,0.24,Goal,Root/div/carrier/station,IB_PAX_DOOROPEN/ACS/ML/GIG,1,No
IB_PAX_DOOROPEN,I,GIG,dom_int,4,100.0,Goal,Root/div/carrier/station/dom_int,IB_PAX_DOOROPEN/ACS/ML/GIG/I,0,Yes
IB_PAX_DOOROPEN,GND,ML,station,3,0.14,Goal,Root/div/carrier/station,IB_PAX_DOOROPEN/ACS/ML/GND,1,No
IB_PAX_DOOROPEN,I,GND,dom_int,4,100.0,Goal,Root/div/carrier/station/dom_int,IB_PAX_DOOROPEN/ACS/ML/GND/I,0,Yes
IB_PAX_DOOROPEN,GNV,ML,station,3,0.54,Goal,Root/div/carrier/station,IB_PAX_DOOROPEN/ACS/ML/GNV,1,No
IB_PAX_DOOROPEN,D,GNV,dom_int,4,100.0,Goal,Root/div/carrier/station/dom_int,IB_PAX_DOOROPEN/ACS/ML/GNV/D,0,Yes
IB_PAX_DOOROPEN,GPT,ML,station,3,0.55,Goal,Root/div/carrier/station,IB_PAX_DOOROPEN/ACS/ML/GPT,1,No
IB_PAX_DOOROPEN,D,GPT,dom_int,4,100.0,Goal,Root/div/carrier/station/dom_int,IB_PAX_DOOROPEN/ACS/ML/GPT/D,0,Yes
IB_PAX_DOOROPEN,GRB,ML,station,3,0.27,Goal,Root/div/carrier/station,IB_PAX_DOOROPEN/ACS/ML/GRB,1,No
IB_PAX_DOOROPEN,D,GRB,dom_int,4,100.0,Goal,Root/div/carrier/station/dom_int,IB_PAX_DOOROPEN/ACS/ML/GRB/D,0,Yes
IB_PAX_DOOROPEN,GRR,ML,station,3,0.58,Goal,Root/div/carrier/station,IB_PAX_DOOROPEN/ACS/ML/GRR,1,No
IB_PAX_DOOROPEN,D,GRR,dom_int,4,100.0,Goal,Root/div/carrier/station/dom_int,IB_PAX_DOOROPEN/ACS/ML/GRR/D,0,Yes
IB_PAX_DOOROPEN,GRU,ML,station,3,0.09,Goal,Root/div/carrier/station,IB_PAX_DOOROPEN/ACS/ML/GRU,1,No
IB_PAX_DOOROPEN,I,GRU,dom_int,4,100.0,Goal,Root/div/carrier/station/dom_int,IB_PAX_DOOROPEN/ACS/ML/GRU/I,0,Yes
IB_PAX_DOOROPEN,GSO,ML,station,3,0.31,Goal,Root/div/carrier/station,IB_PAX_DOOROPEN/ACS/ML/GSO,1,No
IB_PAX_DOOROPEN,D,GSO,dom_int,4,100.0,Goal,Root/div/carrier/station/dom_int,IB_PAX_DOOROPEN/ACS/ML/GSO/D,0,Yes
IB_PAX_DOOROPEN,GSP,ML,station,3,0.17,Goal,Root/div/carrier/station,IB_PAX_DOOROPEN/ACS/ML/GSP,1,No
IB_PAX_DOOROPEN,D,GSP,dom_int,4,100.0,Goal,Root/div/carrier/station/dom_int,IB_PAX_DOOROPEN/ACS/ML/GSP/D,0,Yes
IB_PAX_DOOROPEN,GUA,ML,station,3,0.52,Goal,Root/div/carrier/station,IB_PAX_DOOROPEN/ACS/ML/GUA,1,No
IB_PAX_DOOROPEN,I,GUA,dom_int,4,100.0,Goal,Root/div/carrier/station/dom_int,IB_PAX_DOOROPEN/ACS/ML/GUA/I,0,Yes
IB_PAX_DOOROPEN,GVA,ML,station,3,0.32,Goal,Root/div/carrier/station,IB_PAX_DOOROPEN/ACS/ML/GVA,1,No
IB_PAX_DOOROPEN,I,GVA,dom_int,4,100.0,Goal,Root/div/carrier/station/dom_int,IB_PAX_DOOROPEN/ACS/ML/GVA/I,0,Yes
IB_PAX_DOOROPEN,HAV,ML,station,3,0.43,Goal,Root/div/carrier/station,IB_PAX_DOOROPEN/ACS/ML/HAV,1,No
IB_PAX_DOOROPEN,I,HAV,dom_int,4,100.0,Goal,Root/div/carrier/station/dom_int,IB_PAX_DOOROPEN/ACS/ML/HAV/I,0,Yes
IB_PAX_DOOROPEN,HDN,ML,station,3,0.59,Goal,Root/div/carrier/station,IB_PAX_DOOROPEN/ACS/ML/HDN,1,No
IB_PAX_DOOROPEN,D,HDN,dom_int,4,100.0,Goal,Root/div/carrier/station/dom_int,IB_PAX_DOOROPEN/ACS/ML/HDN/D,0,Yes
IB_PAX_DOOROPEN,HND,ML,station,3,0.42,Goal,Root/div/carrier/station,IB_PAX_DOOROPEN/ACS/ML/HND,1,No
IB_PAX_DOOROPEN,I,HND,dom_int,4,100.0,Goal,Root/div/carrier/station/dom_int,IB_PAX_DOOROPEN/ACS/ML/HND/I,0,Yes
IB_PAX_DOOROPEN,HNL,ML,station,3,0.57,Goal,Root/div/carrier/station,IB_PAX_DOOROPEN/ACS/ML/HNL,1,No
IB_PAX_DOOROPEN,D,HNL,dom_int,4,100.0,Goal,Root/div/carrier/station/dom_int,IB_PAX_DOOROPEN/ACS/ML/HNL/D,0,Yes
IB_PAX_DOOROPEN,HOU,ML,station,3,0.41,Goal,Root/div/carrier/station,IB_PAX_DOOROPEN/ACS/ML/HOU,1,No
IB_PAX_DOOROPEN,D,HOU,dom_int,4,100.0,Goal,Root/div/carrier/station/dom_int,IB_PAX_DOOROPEN/ACS/ML/HOU/D,0,Yes
IB_PAX_DOOROPEN,HPN,ML,station,3,0.12,Goal,Root/div/carrier/station,IB_PAX_DOOROPEN/ACS/ML/HPN,1,No
IB_PAX_DOOROPEN,D,HPN,dom_int,4,100.0,Goal,Root/div/carrier/station/dom_int,IB_PAX_DOOROPEN/ACS/ML/HPN/D,0,Yes
IB_PAX_DOOROPEN,HRL,ML,station,3,0.08,Goal,Root/div/carrier/station,IB_PAX_DOOROPEN/ACS/ML/HRL,1,No
IB_PAX_DOOROPEN,D,HRL,dom_int,4,100.0,Goal,Root/div/carrier/station/dom_int,IB_PAX_DOOROPEN/ACS/ML/HRL/D,0,Yes
IB_PAX_DOOROPEN,HSV,ML,station,3,0.45,Goal,Root/div/carrier/station,IB_PAX_DOOROPEN/ACS/ML/HSV,1,No
IB_PAX_DOOROPEN,D,HSV,dom_int,4,100.0,Goal,Root/div/carrier/station/dom_int,IB_PAX_DOOROPEN/ACS/ML/HSV/D,0,Yes
IB_PAX_DOOROPEN,IAD,ML,station,3,0.15,Goal,Root/div/carrier/station,IB_PAX_DOOROPEN/ACS/ML/IAD,1,No
IB_PAX_DOOROPEN,D,IAD,dom_int,4,100.0,Goal,Root/div/carrier/station/dom_int,IB_PAX_DOOROPEN/ACS/ML/IAD/D,0,Yes
IB_PAX_DOOROPEN,IAH,ML,station,3,0.2,Goal,Root/div/carrier/station,IB_PAX_DOOROPEN/ACS/ML/IAH,1,No
IB_PAX_DOOROPEN,D,IAH,dom_int,4,100.0,Goal,Root/div/carrier/station/dom_int,IB_PAX_DOOROPEN/ACS/ML/IAH/D,0,Yes
IB_PAX_DOOROPEN,ICN,ML,station,3,0.44,Goal,Root/div/carrier/station,IB_PAX_DOOROPEN/ACS/ML/ICN,1,No
IB_PAX_DOOROPEN,I,ICN,dom_int,4,100.0,Goal,Root/div/carrier/station/dom_int,IB_PAX_DOOROPEN/ACS/ML/ICN/I,0,Yes
IB_PAX_DOOROPEN,ICT,ML,station,3,0.41,Goal,Root/div/carrier/station,IB_PAX_DOOROPEN/ACS/ML/ICT,1,No
IB_PAX_DOOROPEN,D,ICT,dom_int,4,100.0,Goal,Root/div/carrier/station/dom_int,IB_PAX_DOOROPEN/ACS/ML/ICT/D,0,Yes
IB_PAX_DOOROPEN,IDA,ML,station,3,0.49,Goal,Root/div/carrier/station,IB_PAX_DOOROPEN/ACS/ML/IDA,1,No
IB_PAX_DOOROPEN,D,IDA,dom_int,4,100.0,Goal,Root/div/carrier/station/dom_int,IB_PAX_DOOROPEN/ACS/ML/IDA/D,0,Yes
IB_PAX_DOOROPEN,ILM,ML,station,3,0.5,Goal,Root/div/carrier/station,IB_PAX_DOOROPEN/ACS/ML/ILM,1,No
IB_PAX_DOOROPEN,D,ILM,dom_int,4,100.0,Goal,Root/div/carrier/station/dom_int,IB_PAX_DOOROPEN/ACS/ML/ILM/D,0,Yes
IB_PAX_DOOROPEN,IND,ML,station,3,0.14,Goal,Root/div/carrier/station,IB_PAX_DOOROPEN/ACS/ML/IND,1,No
IB_PAX_DOOROPEN,D,IND,dom_int,4,100.0,Goal,Root/div/carrier/station/dom_int,IB_PAX_DOOROPEN/ACS/ML/IND/D,0,Yes
IB_PAX_DOOROPEN,JAC,ML,station,3,0.55,Goal,Root/div/carrier/station,IB_PAX_DOOROPEN/ACS/ML/JAC,1,No
IB_PAX_DOOROPEN,D,JAC,dom_int,4,100.0,Goal,Root/div/carrier/station/dom_int,IB_PAX_DOOROPEN/ACS/ML/JAC/D,0,Yes
IB_PAX_DOOROPEN,JAN,ML,station,3,0.3,Goal,Root/div/carrier/station,IB_PAX_DOOROPEN/ACS/ML/JAN,1,No
IB_PAX_DOOROPEN,D,JAN,dom_int,4,100.0,Goal,Root/div/carrier/station/dom_int,IB_PAX_DOOROPEN/ACS/ML/JAN/D,0,Yes
IB_PAX_DOOROPEN,JAX,ML,station,3,0.45,Goal,Root/div/carrier/station,IB_PAX_DOOROPEN/ACS/ML/JAX,1,No
IB_PAX_DOOROPEN,D,JAX,dom_int,4,100.0,Goal,Root/div/carrier/station/dom_int,IB_PAX_DOOROPEN/ACS/ML/JAX/D,0,Yes
IB_PAX_DOOROPEN,JFK,ML,station,3,0.44,Goal,Root/div/carrier/station,IB_PAX_DOOROPEN/ACS/ML/JFK,1,No
IB_PAX_DOOROPEN,D,JFK,dom_int,4,100.0,Goal,Root/div/carrier/station/dom_int,IB_PAX_DOOROPEN/ACS/ML/JFK/D,0,Yes
IB_PAX_DOOROPEN,JNB,ML,station,3,0.24,Goal,Root/div/carrier/station,IB_PAX_DOOROPEN/ACS/ML/JNB,1,No
IB_PAX_DOOROPEN,I,JNB,dom_int,4,100.0,Goal,Root/div/carrier/station/dom_int,IB_PAX_DOOROPEN/ACS/ML/JNB/I,0,Yes
IB_PAX_DOOROPEN,JNU,ML,station,3,0.2,Goal,Root/div/carrier/station,IB_PAX_DOOROPEN/ACS/ML/JNU,1,No
IB_PAX_DOOROPEN,D,JNU,dom_int,4,100.0,Goal,Root/div/carrier/station/dom_int,IB_PAX_DOOROPEN/ACS/ML/JNU/D,0,Yes
IB_PAX_DOOROPEN,KEF,ML,station,3,0.19,Goal,Root/div/carrier/station,IB_PAX_DOOROPEN/ACS/ML/KEF,1,No
IB_PAX_DOOROPEN,I,KEF,dom_int,4,100.0,Goal,Root/div/carrier/station/dom_int,IB_PAX_DOOROPEN/ACS/ML/KEF/I,0,Yes
IB_PAX_DOOROPEN,KIN,ML,station,3,0.48,Goal,Root/div/carrier/station,IB_PAX_DOOROPEN/ACS/ML/KIN,1,No
IB_PAX_DOOROPEN,I,KIN,dom_int,4,100.0,Goal,Root/div/carrier/station/dom_int,IB_PAX_DOOROPEN/ACS/ML/KIN/I,0,Yes
IB_PAX_DOOROPEN,KOA,ML,station,3,0.26,Goal,Root/div/carrier/station,IB_PAX_DOOROPEN/ACS/ML/KOA,1,No
IB_PAX_DOOROPEN,D,KOA,dom_int,4,100.0,Goal,Root/div/carrier/station/dom_int,IB_PAX_DOOROPEN/ACS/ML/KOA/D,0,Yes
IB_PAX_DOOROPEN,LAS,ML,station,3,0.44,Goal,Root/div/carrier/station,IB_PAX_DOOROPEN/ACS/ML/LAS,1,No
IB_PAX_DOOROPEN,D,LAS,dom_int,4,100.0,Goal,Root/div/carrier/station/dom_int,IB_PAX_DOOROPEN/ACS/ML/LAS/D,0,Yes
IB_PAX_DOOROPEN,LAX,ML,station,3,0.07,Goal,Root/div/carrier/station,IB_PAX_DOOROPEN/ACS/ML/LAX,1,No
IB_PAX_DOOROPEN,D,LAX,dom_int,4,100.0,Goal,Root/div/carrier/station/dom_int,IB_PAX_DOOROPEN/ACS/ML/LAX/D,0,Yes
IB_PAX_DOOROPEN,LEX,ML,station,3,0.17,Goal,Root/div/carrier/station,IB_PAX_DOOROPEN/ACS/ML/LEX,1,No
IB_PAX_DOOROPEN,D,LEX,dom_int,4,100.0,Goal,Root/div/carrier/station/dom_int,IB_PAX_DOOROPEN/ACS/ML/LEX/D,0,Yes
IB_PAX_DOOROPEN,LGA,ML,station,3,0.49,Goal,Root/div/carrier/station,IB_PAX_DOOROPEN/ACS/ML/LGA,1,No
IB_PAX_DOOROPEN,D,LGA,dom_int,4,100.0,Goal,Root/div/carrier/station/dom_int,IB_PAX_DOOROPEN/ACS/ML/LGA/D,0,Yes
IB_PAX_DOOROPEN,LGB,ML,station,3,0.38,Goal,Root/div/carrier/station,IB_PAX_DOOROPEN/ACS/ML/LGB,1,No
IB_PAX_DOOROPEN,D,LGB,dom_int,4,100.0,Goal,Root/div/carrier/station/dom_int,IB_PAX_DOOROPEN/ACS/ML/LGB/D,0,Yes
IB_PAX_DOOROPEN,LGW,ML,station,3,0.38,Goal,Root/div/carrier/station,IB_PAX_DOOROPEN/ACS/ML/LGW,1,No
IB_PAX_DOOROPEN,I,LGW,dom_int,4,100.0,Goal,Root/div/carrier/station/dom_int,IB_PAX_DOOROPEN/ACS/ML/LGW/I,0,Yes
IB_PAX_DOOROPEN,LHR,ML,station,3,0.11,Goal,Root/div/carrier/station,IB_PAX_DOOROPEN/ACS/ML/LHR,1,No
IB_PAX_DOOROPEN,I,LHR,dom_int,4,100.0,Goal,Root/div/carrier/station/dom_int,IB_PAX_DOOROPEN/ACS/ML/LHR/I,0,Yes
IB_PAX_DOOROPEN,LIH,ML,station,3,0.19,Goal,Root/div/carrier/station,IB_PAX_DOOROPEN/ACS/ML/LIH,1,No
IB_PAX_DOOROPEN,D,LIH,dom_int,4,100.0,Goal,Root/div/carrier/station/dom_int,IB_PAX_DOOROPEN/ACS/ML/LIH/D,0,Yes
IB_PAX_DOOROPEN,LIM,ML,station,3,0.57,Goal,Root/div/carrier/station,IB_PAX_DOOROPEN/ACS/ML/LIM,1,No
IB_PAX_DOOROPEN,I,LIM,dom_int,4,100.0,Goal,Root/div/carrier/station/dom_int,IB_PAX_DOOROPEN/ACS/ML/LIM/I,0,Yes
IB_PAX_DOOROPEN,LIR,ML,station,3,0.29,Goal,Root/div/carrier/station,IB_PAX_DOOROPEN/ACS/ML/LIR,1,No
IB_PAX_DOOROPEN,I,LIR,dom_int,4,100.0,Goal,Root/div/carrier/station/dom_int,IB_PAX_DOOROPEN/ACS/ML/LIR/I,0,Yes
IB_PAX_DOOROPEN,LIS,ML,station,3,0.31,Goal,Root/div/carrier/station,IB_PAX_DOOROPEN/ACS/ML/LIS,1,No
IB_PAX_DOOROPEN,I,LIS,dom_int,4,100.0,Goal,Root/div/carrier/station/dom_int,IB_PAX_DOOROPEN/ACS/ML/LIS/I,0,Yes
IB_PAX_DOOROPEN,LIT,ML,station,3,0.17,Goal,Root/div/carrier/station,IB_PAX_DOOROPEN/ACS/ML/LIT,1,No
IB_PAX_DOOROPEN,D,LIT,dom_int,4,100.0,Goal,Root/div/carrier/station/dom_int,IB_PAX_DOOROPEN/ACS/ML/LIT/D,0,Yes
IB_PAX_DOOROPEN,MAD,ML,station,3,0.1,Goal,Root/div/carrier/station,IB_PAX_DOOROPEN/ACS/ML/MAD,1,No
IB_PAX_DOOROPEN,I,MAD,dom_int,4,100.0,Goal,Root/div/carrier/station/dom_int,IB_PAX_DOOROPEN/ACS/ML/MAD/I,0,Yes
IB_PAX_DOOROPEN,MBJ,ML,station,3,0.32,Goal,Root/div/carrier/station,IB_PAX_DOOROPEN/ACS/ML/MBJ,1,No
IB_PAX_DOOROPEN,I,MBJ,dom_int,4,100.0,Goal,Root/div/carrier/station/dom_int,IB_PAX_DOOROPEN/ACS/ML/MBJ/I,0,Yes
IB_PAX_DOOROPEN,MCI,ML,station,3,0.54,Goal,Root/div/carrier/station,IB_PAX_DOOROPEN/ACS/ML/MCI,1,No
IB_PAX_DOOROPEN,D,MCI,dom_int,4,100.0,Goal,Root/div/carrier/station/dom_int,IB_PAX_DOOROPEN/ACS/ML/MCI/D,0,Yes
IB_PAX_DOOROPEN,MCO,ML,station,3,0.25,Goal,Root/div/carrier/station,IB_PAX_DOOROPEN/ACS/ML/MCO,1,No
IB_PAX_DOOROPEN,D,MCO,dom_int,4,100.0,Goal,Root/div/carrier/station/dom_int,IB_PAX_DOOROPEN/ACS/ML/MCO/D,0,Yes
IB_PAX_DOOROPEN,MDT,ML,station,3,0.06,Goal,Root/div/carrier/station,IB_PAX_DOOROPEN/ACS/ML/MDT,1,No
IB_PAX_DOOROPEN,D,MDT,dom_int,4,100.0,Goal,Root/div/carrier/station/dom_int,IB_PAX_DOOROPEN/ACS/ML/MDT/D,0,Yes
IB_PAX_DOOROPEN,MDW,ML,station,3,0.47,Goal,Root/div/carrier/station,IB_PAX_DOOROPEN/ACS/ML/MDW,1,No
IB_PAX_DOOROPEN,D,MDW,dom_int,4,100.0,Goal,Root/div/carrier/station/dom_int,IB_PAX_DOOROPEN/ACS/ML/MDW/D,0,Yes
IB_PAX_DOOROPEN,MEL,ML,station,3,0.18,Goal,Root/div/carrier/station,IB_PAX_DOOROPEN/ACS/ML/MEL,1,No
IB_PAX_DOOROPEN,I,MEL,dom_int,4,100.0,Goal,Root/div/carrier/station/dom_int,IB_PAX_DOOROPEN/ACS/ML/MEL/I,0,Yes
IB_PAX_DOOROPEN,MEM,ML,station,3,0.53,Goal,Root/div/carrier/station,IB_PAX_DOOROPEN/ACS/ML/MEM,1,No
IB_PAX_DOOROPEN,D,MEM,dom_int,4,100.0,Goal,Root/div/carrier/station/dom_int,IB_PAX_DOOROPEN/ACS/ML/MEM/D,0,Yes
IB_PAX_DOOROPEN,MEX,ML,station,3,0.28,Goal,Root/div/carrier/station,IB_PAX_DOOROPEN/ACS/ML/MEX,1,No
IB_PAX_DOOROPEN,I,MEX,dom_int,4,100.0,Goal,Root/div/carrier/station/dom_int,IB_PAX_DOOROPEN/ACS/ML/MEX/I,0,Yes
IB_PAX_DOOROPEN,MIA,ML,station,3,0.43,Goal,Root/div/carrier/station,IB_PAX_DOOROPEN/ACS/ML/MIA,1,No
IB_PAX_DOOROPEN,D,MIA,dom_int,4,100.0,Goal,Root/div/carrier/station/dom_int,IB_PAX_DOOROPEN/ACS/ML/MIA/D,0,Yes
IB_PAX_DOOROPEN,MKE,ML,station,3,0.46,Goal,Root/div/carrier/station,IB_PAX_DOOROPEN/ACS/ML/MKE,1,No
IB_PAX_DOOROPEN,D,MKE,dom_int,4,100.0,Goal,Root/div/carrier/station/dom_int,IB_PAX_DOOROPEN/ACS/ML/MKE/D,0,Yes
IB_PAX_DOOROPEN,MLB,ML,station,3,0.08,Goal,Root/div/carrier/station,IB_PAX_DOOROPEN/ACS/ML/MLB,1,No
IB_PAX_DOOROPEN,D,MLB,dom_int,4,100.0,Goal,Root/div/carrier/station/dom_int,IB_PAX_DOOROPEN/ACS/ML/MLB/D,0,Yes
IB_PAX_DOOROPEN,MOB,ML,station,3,0.3,Goal,Root/div/carrier/station,IB_PAX_DOOROPEN/ACS/ML/MOB,1,No
IB_PAX_DOOROPEN,D,MOB,dom_int,4,100.0,Goal,Root/div/carrier/station/dom_int,IB_PAX_DOOROPEN/ACS/ML/MOB/D,0,Yes
IB_PAX_DOOROPEN,MSN,ML,station,3,0.21,Goal,Root/div/carrier/station,IB_PAX_DOOROPEN/ACS/ML/MSN,1,No
IB_PAX_DOOROPEN,D,MSN,dom_int,4,100.0,Goal,Root/div/carrier/station/dom_int,IB_PAX_DOOROPEN/ACS/ML/MSN/D,0,Yes
IB_PAX_DOOROPEN,MSO,ML,station,3,0.58,Goal,Root/div/carrier/station,IB_PAX_DOOROPEN/ACS/ML/MSO,1,No
IB_PAX_DOOROPEN,D,MSO,dom_int,4,100.0,Goal,Root/div/carrier/station/dom_int,IB_PAX_DOOROPEN/ACS/ML/MSO/D,0,Yes
IB_PAX_DOOROPEN,MSP,ML,station,3,0.47,Goal,Root/div/carrier/station,IB_PAX_DOOROPEN/ACS/ML/MSP,1,No
IB_PAX_DOOROPEN,D,MSP,dom_int,4,100.0,Goal,Root/div/carrier/station/dom_int,IB_PAX_DOOROPEN/ACS/ML/MSP/D,0,Yes
IB_PAX_DOOROPEN,MSY,ML,station,3,0.25,Goal,Root/div/carrier/station,IB_PAX_DOOROPEN/ACS/ML/MSY,1,No
IB_PAX_DOOROPEN,D,MSY,dom_int,4,100.0,Goal,Root/div/carrier/station/dom_int,IB_PAX_DOOROPEN/ACS/ML/MSY/D,0,Yes
IB_PAX_DOOROPEN,MTJ,ML,station,3,0.04,Goal,Root/div/carrier/station,IB_PAX_DOOROPEN/ACS/ML/MTJ,1,No
IB_PAX_DOOROPEN,D,MTJ,dom_int,4,100.0,Goal,Root/div/carrier/station/dom_int,IB_PAX_DOOROPEN/ACS/ML/MTJ/D,0,Yes
IB_PAX_DOOROPEN,MTY,ML,station,3,0.11,Goal,Root/div/carrier/station,IB_PAX_DOOROPEN/ACS/ML/MTY,1,No
IB_PAX_DOOROPEN,I,MTY,dom_int,4,100.0,Goal,Root/div/carrier/station/dom_int,IB_PAX_DOOROPEN/ACS/ML/MTY/I,0,Yes
IB_PAX_DOOROPEN,MUC,ML,station,3,0.09,Goal,Root/div/carrier/station,IB_PAX_DOOROPEN/ACS/ML/MUC,1,No
IB_PAX_DOOROPEN,I,MUC,dom_int,4,100.0,Goal,Root/div/carrier/station/dom_int,IB_PAX_DOOROPEN/ACS/ML/MUC/I,0,Yes
IB_PAX_DOOROPEN,MXP,ML,station,3,0.01,Goal,Root/div/carrier/station,IB_PAX_DOOROPEN/ACS/ML/MXP,1,No
IB_PAX_DOOROPEN,I,MXP,dom_int,4,100.0,Goal,Root/div/carrier/station/dom_int,IB_PAX_DOOROPEN/ACS/ML/MXP/I,0,Yes
IB_PAX_DOOROPEN,MYR,ML,station,3,0.06,Goal,Root/div/carrier/station,IB_PAX_DOOROPEN/ACS/ML/MYR,1,No
IB_PAX_DOOROPEN,D,MYR,dom_int,4,100.0,Goal,Root/div/carrier/station/dom_int,IB_PAX_DOOROPEN/ACS/ML/MYR/D,0,Yes
IB_PAX_DOOROPEN,MZT,ML,station,3,0.55,Goal,Root/div/carrier/station,IB_PAX_DOOROPEN/ACS/ML/MZT,1,No
IB_PAX_DOOROPEN,I,MZT,dom_int,4,100.0,Goal,Root/div/carrier/station/dom_int,IB_PAX_DOOROPEN/ACS/ML/MZT/I,0,Yes
IB_PAX_DOOROPEN,NAP,ML,station,3,0.28,Goal,Root/div/carrier/station,IB_PAX_DOOROPEN/ACS/ML/NAP,1,No
IB_PAX_DOOROPEN,I,NAP,dom_int,4,100.0,Goal,Root/div/carrier/station/dom_int,IB_PAX_DOOROPEN/ACS/ML/NAP/I,0,Yes
IB_PAX_DOOROPEN,NAS,ML,station,3,0.53,Goal,Root/div/carrier/station,IB_PAX_DOOROPEN/ACS/ML/NAS,1,No
IB_PAX_DOOROPEN,I,NAS,dom_int,4,100.0,Goal,Root/div/carrier/station/dom_int,IB_PAX_DOOROPEN/ACS/ML/NAS/I,0,Yes
IB_PAX_DOOROPEN,NCE,ML,station,3,0.06,Goal,Root/div/carrier/station,IB_PAX_DOOROPEN/ACS/ML/NCE,1,No
IB_PAX_DOOROPEN,I,NCE,dom_int,4,100.0,Goal,Root/div/carrier/station/dom_int,IB_PAX_DOOROPEN/ACS/ML/NCE/I,0,Yes
IB_PAX_DOOROPEN,OAJ,ML,station,3,0.04,Goal,Root/div/carrier/station,IB_PAX_DOOROPEN/ACS/ML/OAJ,1,No
IB_PAX_DOOROPEN,D,OAJ,dom_int,4,100.0,Goal,Root/div/carrier/station/dom_int,IB_PAX_DOOROPEN/ACS/ML/OAJ/D,0,Yes
IB_PAX_DOOROPEN,OAK,ML,station,3,0.34,Goal,Root/div/carrier/station,IB_PAX_DOOROPEN/ACS/ML/OAK,1,No
IB_PAX_DOOROPEN,D,OAK,dom_int,4,100.0,Goal,Root/div/carrier/station/dom_int,IB_PAX_DOOROPEN/ACS/ML/OAK/D,0,Yes
IB_PAX_DOOROPEN,OGG,ML,station,3,0.28,Goal,Root/div/carrier/station,IB_PAX_DOOROPEN/ACS/ML/OGG,1,No
IB_PAX_DOOROPEN,D,OGG,dom_int,4,100.0,Goal,Root/div/carrier/station/dom_int,IB_PAX_DOOROPEN/ACS/ML/OGG/D,0,Yes
IB_PAX_DOOROPEN,OKC,ML,station,3,0.54,Goal,Root/div/carrier/station,IB_PAX_DOOROPEN/ACS/ML/OKC,1,No
IB_PAX_DOOROPEN,D,OKC,dom_int,4,100.0,Goal,Root/div/carrier/station/dom_int,IB_PAX_DOOROPEN/ACS/ML/OKC/D,0,Yes
IB_PAX_DOOROPEN,OMA,ML,station,3,0.58,Goal,Root/div/carrier/station,IB_PAX_DOOROPEN/ACS/ML/OMA,1,No
IB_PAX_DOOROPEN,D,OMA,dom_int,4,100.0,Goal,Root/div/carrier/station/dom_int,IB_PAX_DOOROPEN/ACS/ML/OMA/D,0,Yes
IB_PAX_DOOROPEN,ONT,ML,station,3,0.19,Goal,Root/div/carrier/station,IB_PAX_DOOROPEN/ACS/ML/ONT,1,No
IB_PAX_DOOROPEN,D,ONT,dom_int,4,100.0,Goal,Root/div/carrier/station/dom_int,IB_PAX_DOOROPEN/ACS/ML/ONT/D,0,Yes
IB_PAX_DOOROPEN,ORD,ML,station,3,0.04,Goal,Root/div/carrier/station,IB_PAX_DOOROPEN/ACS/ML/ORD,1,No
IB_PAX_DOOROPEN,D,ORD,dom_int,4,100.0,Goal,Root/div/carrier/station/dom_int,IB_PAX_DOOROPEN/ACS/ML/ORD/D,0,Yes
IB_PAX_DOOROPEN,ORF,ML,station,3,0.34,Goal,Root/div/carrier/station,IB_PAX_DOOROPEN/ACS/ML/ORF,1,No
IB_PAX_DOOROPEN,D,ORF,dom_int,4,100.0,Goal,Root/div/carrier/station/dom_int,IB_PAX_DOOROPEN/ACS/ML/ORF/D,0,Yes
IB_PAX_DOOROPEN,PBI,ML,station,3,0.12,Goal,Root/div/carrier/station,IB_PAX_DOOROPEN/ACS/ML/PBI,1,No
IB_PAX_DOOROPEN,D,PBI,dom_int,4,100.0,Goal,Root/div/carrier/station/dom_int,IB_PAX_DOOROPEN/ACS/ML/PBI/D,0,Yes
IB_PAX_DOOROPEN,PDX,ML,station,3,0.18,Goal,Root/div/carrier/station,IB_PAX_DOOROPEN/ACS/ML/PDX,1,No
IB_PAX_DOOROPEN,D,PDX,dom_int,4,100.0,Goal,Root/div/carrier/station/dom_int,IB_PAX_DOOROPEN/ACS/ML/PDX/D,0,Yes
IB_PAX_DOOROPEN,PHL,ML,station,3,0.31,Goal,Root/div/carrier/station,IB_PAX_DOOROPEN/ACS/ML/PHL,1,No
IB_PAX_DOOROPEN,D,PHL,dom_int,4,100.0,Goal,Root/div/carrier/station/dom_int,IB_PAX_DOOROPEN/ACS/ML/PHL/D,0,Yes
IB_PAX_DOOROPEN,PHX,ML,station,3,0.17,Goal,Root/div/carrier/station,IB_PAX_DOOROPEN/ACS/ML/PHX,1,No
IB_PAX_DOOROPEN,D,PHX,dom_int,4,100.0,Goal,Root/div/carrier/station/dom_int,IB_PAX_DOOROPEN/ACS/ML/PHX/D,0,Yes
IB_PAX_DOOROPEN,PIT,ML,station,3,0.29,Goal,Root/div/carrier/station,IB_PAX_DOOROPEN/ACS/ML/PIT,1,No
IB_PAX_DOOROPEN,D,PIT,dom_int,4,100.0,Goal,Root/div/carrier/station/dom_int,IB_PAX_DOOROPEN/ACS/ML/PIT/D,0,Yes
IB_PAX_DOOROPEN,PLS,ML,station,3,0.23,Goal,Root/div/carrier/station,IB_PAX_DOOROPEN/ACS/ML/PLS,1,No
IB_PAX_DOOROPEN,I,PLS,dom_int,4,100.0,Goal,Root/div/carrier/station/dom_int,IB_PAX_DOOROPEN/ACS/ML/PLS/I,0,Yes
IB_PAX_DOOROPEN,PNS,ML,station,3,0.46,Goal,Root/div/carrier/station,IB_PAX_DOOROPEN/ACS/ML/PNS,1,No
IB_PAX_DOOROPEN,D,PNS,dom_int,4,100.0,Goal,Root/div/carrier/station/dom_int,IB_PAX_DOOROPEN/ACS/ML/PNS/D,0,Yes
IB_PAX_DOOROPEN,POP,ML,station,3,0.55,Goal,Root/div/carrier/station,IB_PAX_DOOROPEN/ACS/ML/POP,1,No
IB_PAX_DOOROPEN,I,POP,dom_int,4,100.0,Goal,Root/div/carrier/station/dom_int,IB_PAX_DOOROPEN/ACS/ML/POP/I,0,Yes
IB_PAX_DOOROPEN,PPT,ML,station,3,0.25,Goal,Root/div/carrier/station,IB_PAX_DOOROPEN/ACS/ML/PPT,1,No
IB_PAX_DOOROPEN,I,PPT,dom_int,4,100.0,Goal,Root/div/carrier/station/dom_int,IB_PAX_DOOROPEN/ACS/ML/PPT/I,0,Yes
IB_PAX_DOOROPEN,PRG,ML,station,3,0.05,Goal,Root/div/carrier/station,IB_PAX_DOOROPEN/ACS/ML/PRG,1,No
IB_PAX_DOOROPEN,I,PRG,dom_int,4,100.0,Goal,Root/div/carrier/station/dom_int,IB_PAX_DOOROPEN/ACS/ML/PRG/I,0,Yes
IB_PAX_DOOROPEN,PSC,ML,station,3,0.03,Goal,Root/div/carrier/station,IB_PAX_DOOROPEN/ACS/ML/PSC,1,No
IB_PAX_DOOROPEN,D,PSC,dom_int,4,100.0,Goal,Root/div/carrier/station/dom_int,IB_PAX_DOOROPEN/ACS/ML/PSC/D,0,Yes
IB_PAX_DOOROPEN,PSP,ML,station,3,0.28,Goal,Root/div/carrier/station,IB_PAX_DOOROPEN/ACS/ML/PSP,1,No
IB_PAX_DOOROPEN,D,PSP,dom_int,4,100.0,Goal,Root/div/carrier/station/dom_int,IB_PAX_DOOROPEN/ACS/ML/PSP/D,0,Yes
IB_PAX_DOOROPEN,PTY,ML,station,3,0.22,Goal,Root/div/carrier/station,IB_PAX_DOOROPEN/ACS/ML/PTY,1,No
IB_PAX_DOOROPEN,I,PTY,dom_int,4,100.0,Goal,Root/div/carrier/station/dom_int,IB_PAX_DOOROPEN/ACS/ML/PTY/I,0,Yes
IB_PAX_DOOROPEN,PUJ,ML,station,3,0.22,Goal,Root/div/carrier/station,IB_PAX_DOOROPEN/ACS/ML/PUJ,1,No
IB_PAX_DOOROPEN,I,PUJ,dom_int,4,100.0,Goal,Root/div/carrier/station/dom_int,IB_PAX_DOOROPEN/ACS/ML/PUJ/I,0,Yes
IB_PAX_DOOROPEN,PVD,ML,station,3,0.55,Goal,Root/div/carrier/station,IB_PAX_DOOROPEN/ACS/ML/PVD,1,No
IB_PAX_DOOROPEN,D,PVD,dom_int,4,100.0,Goal,Root/div/carrier/station/dom_int,IB_PAX_DOOROPEN/ACS/ML/PVD/D,0,Yes
IB_PAX_DOOROPEN,PVG,ML,station,3,0.38,Goal,Root/div/carrier/station,IB_PAX_DOOROPEN/ACS/ML/PVG,1,No
IB_PAX_DOOROPEN,I,PVG,dom_int,4,100.0,Goal,Root/div/carrier/station/dom_int,IB_PAX_DOOROPEN/ACS/ML/PVG/I,0,Yes
IB_PAX_DOOROPEN,PVR,ML,station,3,0.26,Goal,Root/div/carrier/station,IB_PAX_DOOROPEN/ACS/ML/PVR,1,No
IB_PAX_DOOROPEN,I,PVR,dom_int,4,100.0,Goal,Root/div/carrier/station/dom_int,IB_PAX_DOOROPEN/ACS/ML/PVR/I,0,Yes
IB_PAX_DOOROPEN,PWM,ML,station,3,0.04,Goal,Root/div/carrier/station,IB_PAX_DOOROPEN/ACS/ML/PWM,1,No
IB_PAX_DOOROPEN,D,PWM,dom_int,4,100.0,Goal,Root/div/carrier/station/dom_int,IB_PAX_DOOROPEN/ACS/ML/PWM/D,0,Yes
IB_PAX_DOOROPEN,RAK,ML,station,3,0.57,Goal,Root/div/carrier/station,IB_PAX_DOOROPEN/ACS/ML/RAK,1,No
IB_PAX_DOOROPEN,I,RAK,dom_int,4,100.0,Goal,Root/div/carrier/station/dom_int,IB_PAX_DOOROPEN/ACS/ML/RAK/I,0,Yes
IB_PAX_DOOROPEN,RAP,ML,station,3,0.4,Goal,Root/div/carrier/station,IB_PAX_DOOROPEN/ACS/ML/RAP,1,No
IB_PAX_DOOROPEN,D,RAP,dom_int,4,100.0,Goal,Root/div/carrier/station/dom_int,IB_PAX_DOOROPEN/ACS/ML/RAP/D,0,Yes
IB_PAX_DOOROPEN,RDU,ML,station,3,0.12,Goal,Root/div/carrier/station,IB_PAX_DOOROPEN/ACS/ML/RDU,1,No
IB_PAX_DOOROPEN,D,RDU,dom_int,4,100.0,Goal,Root/div/carrier/station/dom_int,IB_PAX_DOOROPEN/ACS/ML/RDU/D,0,Yes
IB_PAX_DOOROPEN,RIC,ML,station,3,0.34,Goal,Root/div/carrier/station,IB_PAX_DOOROPEN/ACS/ML/RIC,1,No
IB_PAX_DOOROPEN,D,RIC,dom_int,4,100.0,Goal,Root/div/carrier/station/dom_int,IB_PAX_DOOROPEN/ACS/ML/RIC/D,0,Yes
IB_PAX_DOOROPEN,RNO,ML,station,3,0.53,Goal,Root/div/carrier/station,IB_PAX_DOOROPEN/ACS/ML/RNO,1,No
IB_PAX_DOOROPEN,D,RNO,dom_int,4,100.0,Goal,Root/div/carrier/station/dom_int,IB_PAX_DOOROPEN/ACS/ML/RNO/D,0,Yes
IB_PAX_DOOROPEN,ROA,ML,station,3,0.15,Goal,Root/div/carrier/station,IB_PAX_DOOROPEN/ACS/ML/ROA,1,No
IB_PAX_DOOROPEN,D,ROA,dom_int,4,100.0,Goal,Root/div/carrier/station/dom_int,IB_PAX_DOOROPEN/ACS/ML/ROA/D,0,Yes
IB_PAX_DOOROPEN,ROC,ML,station,3,0.0,Goal,Root/div/carrier/station,IB_PAX_DOOROPEN/ACS/ML/ROC,1,No
IB_PAX_DOOROPEN,D,ROC,dom_int,4,100.0,Goal,Root/div/carrier/station/dom_int,IB_PAX_DOOROPEN/ACS/ML/ROC/D,0,Yes
IB_PAX_DOOROPEN,RST,ML,station,3,0.34,Goal,Root/div/carrier/station,IB_PAX_DOOROPEN/ACS/ML/RST,1,No
IB_PAX_DOOROPEN,D,RST,dom_int,4,100.0,Goal,Root/div/carrier/station/dom_int,IB_PAX_DOOROPEN/ACS/ML/RST/D,0,Yes
IB_PAX_DOOROPEN,RSW,ML,station,3,0.57,Goal,Root/div/carrier/station,IB_PAX_DOOROPEN/ACS/ML/RSW,1,No
IB_PAX_DOOROPEN,D,RSW,dom_int,4,100.0,Goal,Root/div/carrier/station/dom_int,IB_PAX_DOOROPEN/ACS/ML/RSW/D,0,Yes
IB_PAX_DOOROPEN,RTB,ML,station,3,0.06,Goal,Root/div/carrier/station,IB_PAX_DOOROPEN/ACS/ML/RTB,1,No
IB_PAX_DOOROPEN,I,RTB,dom_int,4,100.0,Goal,Root/div/carrier/station/dom_int,IB_PAX_DOOROPEN/ACS/ML/RTB/I,0,Yes
IB_PAX_DOOROPEN,SAL,ML,station,3,0.18,Goal,Root/div/carrier/station,IB_PAX_DOOROPEN/ACS/ML/SAL,1,No
IB_PAX_DOOROPEN,I,SAL,dom_int,4,100.0,Goal,Root/div/carrier/station/dom_int,IB_PAX_DOOROPEN/ACS/ML/SAL/I,0,Yes
IB_PAX_DOOROPEN,SAN,ML,station,3,0.5,Goal,Root/div/carrier/station,IB_PAX_DOOROPEN/ACS/ML/SAN,1,No
IB_PAX_DOOROPEN,D,SAN,dom_int,4,100.0,Goal,Root/div/carrier/station/dom_int,IB_PAX_DOOROPEN/ACS/ML/SAN/D,0,Yes
IB_PAX_DOOROPEN,SAP,ML,station,3,0.51,Goal,Root/div/carrier/station,IB_PAX_DOOROPEN/ACS/ML/SAP,1,No
IB_PAX_DOOROPEN,I,SAP,dom_int,4,100.0,Goal,Root/div/carrier/station/dom_int,IB_PAX_DOOROPEN/ACS/ML/SAP/I,0,Yes
IB_PAX_DOOROPEN,SAT,ML,station,3,0.42,Goal,Root/div/carrier/station,IB_PAX_DOOROPEN/ACS/ML/SAT,1,No
IB_PAX_DOOROPEN,D,SAT,dom_int,4,100.0,Goal,Root/div/carrier/station/dom_int,IB_PAX_DOOROPEN/ACS/ML/SAT/D,0,Yes
IB_PAX_DOOROPEN,SAV,ML,station,3,0.21,Goal,Root/div/carrier/station,IB_PAX_DOOROPEN/ACS/ML/SAV,1,No
IB_PAX_DOOROPEN,D,SAV,dom_int,4,100.0,Goal,Root/div/carrier/station/dom_int,IB_PAX_DOOROPEN/ACS/ML/SAV/D,0,Yes
IB_PAX_DOOROPEN,SBA,ML,station,3,0.19,Goal,Root/div/carrier/station,IB_PAX_DOOROPEN/ACS/ML/SBA,1,No
IB_PAX_DOOROPEN,D,SBA,dom_int,4,100.0,Goal,Root/div/carrier/station/dom_int,IB_PAX_DOOROPEN/ACS/ML/SBA/D,0,Yes
IB_PAX_DOOROPEN,SBN,ML,station,3,0.12,Goal,Root/div/carrier/station,IB_PAX_DOOROPEN/ACS/ML/SBN,1,No
IB_PAX_DOOROPEN,D,SBN,dom_int,4,100.0,Goal,Root/div/carrier/station/dom_int,IB_PAX_DOOROPEN/ACS/ML/SBN/D,0,Yes
IB_PAX_DOOROPEN,SCL,ML,station,3,0.45,Goal,Root/div/carrier/station,IB_PAX_DOOROPEN/ACS/ML/SCL,1,No
IB_PAX_DOOROPEN,I,SCL,dom_int,4,100.0,Goal,Root/div/carrier/station/dom_int,IB_PAX_DOOROPEN/ACS/ML/SCL/I,0,Yes
IB_PAX_DOOROPEN,SDF,ML,station,3,0.47,Goal,Root/div/carrier/station,IB_PAX_DOOROPEN/ACS/ML/SDF,1,No
IB_PAX_DOOROPEN,D,SDF,dom_int,4,100.0,Goal,Root/div/carrier/station/dom_int,IB_PAX_DOOROPEN/ACS/ML/SDF/D,0,Yes
IB_PAX_DOOROPEN,SDQ,ML,station,3,0.51,Goal,Root/div/carrier/station,IB_PAX_DOOROPEN/ACS/ML/SDQ,1,No
IB_PAX_DOOROPEN,I,SDQ,dom_int,4,100.0,Goal,Root/div/carrier/station/dom_int,IB_PAX_DOOROPEN/ACS/ML/SDQ/I,0,Yes
IB_PAX_DOOROPEN,SEA,ML,station,3,0.56,Goal,Root/div/carrier/station,IB_PAX_DOOROPEN/ACS/ML/SEA,1,No
IB_PAX_DOOROPEN,D,SEA,dom_int,4,100.0,Goal,Root/div/carrier/station/dom_int,IB_PAX_DOOROPEN/ACS/ML/SEA/D,0,Yes
IB_PAX_DOOROPEN,SFO,ML,station,3,0.3,Goal,Root/div/carrier/station,IB_PAX_DOOROPEN/ACS/ML/SFO,1,No
IB_PAX_DOOROPEN,D,SFO,dom_int,4,100.0,Goal,Root/div/carrier/station/dom_int,IB_PAX_DOOROPEN/ACS/ML/SFO/D,0,Yes
IB_PAX_DOOROPEN,SGF,ML,station,3,0.49,Goal,Root/div/carrier/station,IB_PAX_DOOROPEN/ACS/ML/SGF,1,No
IB_PAX_DOOROPEN,D,SGF,dom_int,4,100.0,Goal,Root/div/carrier/station/dom_int,IB_PAX_DOOROPEN/ACS/ML/SGF/D,0,Yes
IB_PAX_DOOROPEN,SHV,ML,station,3,0.54,Goal,Root/div/carrier/station,IB_PAX_DOOROPEN/ACS/ML/SHV,1,No
IB_PAX_DOOROPEN,D,SHV,dom_int,4,100.0,Goal,Root/div/carrier/station/dom_int,IB_PAX_DOOROPEN/ACS/ML/SHV/D,0,Yes
IB_PAX_DOOROPEN,SJC,ML,station,3,0.21,Goal,Root/div/carrier/station,IB_PAX_DOOROPEN/ACS/ML/SJC,1,No
IB_PAX_DOOROPEN,D,SJC,dom_int,4,100.0,Goal,Root/div/carrier/station/dom_int,IB_PAX_DOOROPEN/ACS/ML/SJC/D,0,Yes
IB_PAX_DOOROPEN,SJD,ML,station,3,0.12,Goal,Root/div/carrier/station,IB_PAX_DOOROPEN/ACS/ML/SJD,1,No
IB_PAX_DOOROPEN,I,SJD,dom_int,4,100.0,Goal,Root/div/carrier/station/dom_int,IB_PAX_DOOROPEN/ACS/ML/SJD/I,0,Yes
IB_PAX_DOOROPEN,SJO,ML,station,3,0.24,Goal,Root/div/carrier/station,IB_PAX_DOOROPEN/ACS/ML/SJO,1,No
IB_PAX_DOOROPEN,I,SJO,dom_int,4,100.0,Goal,Root/div/carrier/station/dom_int,IB_PAX_DOOROPEN/ACS/ML/SJO/I,0,Yes
IB_PAX_DOOROPEN,SJU,ML,station,3,0.34,Goal,Root/div/carrier/station,IB_PAX_DOOROPEN/ACS/ML/SJU,1,No
IB_PAX_DOOROPEN,I,SJU,dom_int,4,100.0,Goal,Root/div/carrier/station/dom_int,IB_PAX_DOOROPEN/ACS/ML/SJU/I,0,Yes
IB_PAX_DOOROPEN,SKB,ML,station,3,0.27,Goal,Root/div/carrier/station,IB_PAX_DOOROPEN/ACS/ML/SKB,1,No
IB_PAX_DOOROPEN,I,SKB,dom_int,4,100.0,Goal,Root/div/carrier/station/dom_int,IB_PAX_DOOROPEN/ACS/ML/SKB/I,0,Yes
IB_PAX_DOOROPEN,SLC,ML,station,3,0.44,Goal,Root/div/carrier/station,IB_PAX_DOOROPEN/ACS/ML/SLC,1,No
IB_PAX_DOOROPEN,D,SLC,dom_int,4,100.0,Goal,Root/div/carrier/station/dom_int,IB_PAX_DOOROPEN/ACS/ML/SLC/D,0,Yes
IB_PAX_DOOROPEN,SMF,ML,station,3,0.34,Goal,Root/div/carrier/station,IB_PAX_DOOROPEN/ACS/ML/SMF,1,No
IB_PAX_DOOROPEN,D,SMF,dom_int,4,100.0,Goal,Root/div/carrier/station/dom_int,IB_PAX_DOOROPEN/ACS/ML/SMF/D,0,Yes
IB_PAX_DOOROPEN,SNA,ML,station,3,0.24,Goal,Root/div/carrier/station,IB_PAX_DOOROPEN/ACS/ML/SNA,1,No
IB_PAX_DOOROPEN,D,SNA,dom_int,4,100.0,Goal,Root/div/carrier/station/dom_int,IB_PAX_DOOROPEN/ACS/ML/SNA/D,0,Yes
IB_PAX_DOOROPEN,SNN,ML,station,3,0.57,Goal,Root/div/carrier/station,IB_PAX_DOOROPEN/ACS/ML/SNN,1,No
IB_PAX_DOOROPEN,I,SNN,dom_int,4,100.0,Goal,Root/div/carrier/station/dom_int,IB_PAX_DOOROPEN/ACS/ML/SNN/I,0,Yes
IB_PAX_DOOROPEN,SRQ,ML,station,3,0.25,Goal,Root/div/carrier/station,IB_PAX_DOOROPEN/ACS/ML/SRQ,1,No
IB_PAX_DOOROPEN,D,SRQ,dom_int,4,100.0,Goal,Root/div/carrier/station/dom_int,IB_PAX_DOOROPEN/ACS/ML/SRQ/D,0,Yes
IB_PAX_DOOROPEN,STI,ML,station,3,0.41,Goal,Root/div/carrier/station,IB_PAX_DOOROPEN/ACS/ML/STI,1,No
IB_PAX_DOOROPEN,I,STI,dom_int,4,100.0,Goal,Root/div/carrier/station/dom_int,IB_PAX_DOOROPEN/ACS/ML/STI/I,0,Yes
IB_PAX_DOOROPEN,STL,ML,station,3,0.59,Goal,Root/div/carrier/station,IB_PAX_DOOROPEN/ACS/ML/STL,1,No
IB_PAX_DOOROPEN,D,STL,dom_int,4,100.0,Goal,Root/div/carrier/station/dom_int,IB_PAX_DOOROPEN/ACS/ML/STL/D,0,Yes
IB_PAX_DOOROPEN,STT,ML,station,3,0.29,Goal,Root/div/carrier/station,IB_PAX_DOOROPEN/ACS/ML/STT,1,No
IB_PAX_DOOROPEN,I,STT,dom_int,4,100.0,Goal,Root/div/carrier/station/dom_int,IB_PAX_DOOROPEN/ACS/ML/STT/I,0,Yes
IB_PAX_DOOROPEN,STX,ML,station,3,0.01,Goal,Root/div/carrier/station,IB_PAX_DOOROPEN/ACS/ML/STX,1,No
IB_PAX_DOOROPEN,I,STX,dom_int,4,100.0,Goal,Root/div/carrier/station/dom_int,IB_PAX_DOOROPEN/ACS/ML/STX/I,0,Yes
IB_PAX_DOOROPEN,SVD,ML,station,3,0.01,Goal,Root/div/carrier/station,IB_PAX_DOOROPEN/ACS/ML/SVD,1,No
IB_PAX_DOOROPEN,I,SVD,dom_int,4,100.0,Goal,Root/div/carrier/station/dom_int,IB_PAX_DOOROPEN/ACS/ML/SVD/I,0,Yes
IB_PAX_DOOROPEN,SXM,ML,station,3,0.33,Goal,Root/div/carrier/station,IB_PAX_DOOROPEN/ACS/ML/SXM,1,No
IB_PAX_DOOROPEN,I,SXM,dom_int,4,100.0,Goal,Root/div/carrier/station/dom_int,IB_PAX_DOOROPEN/ACS/ML/SXM/I,0,Yes
IB_PAX_DOOROPEN,SYD,ML,station,3,0.25,Goal,Root/div/carrier/station,IB_PAX_DOOROPEN/ACS/ML/SYD,1,No
IB_PAX_DOOROPEN,I,SYD,dom_int,4,100.0,Goal,Root/div/carrier/station/dom_int,IB_PAX_DOOROPEN/ACS/ML/SYD/I,0,Yes
IB_PAX_DOOROPEN,SYR,ML,station,3,0.05,Goal,Root/div/carrier/station,IB_PAX_DOOROPEN/ACS/ML/SYR,1,No
IB_PAX_DOOROPEN,D,SYR,dom_int,4,100.0,Goal,Root/div/carrier/station/dom_int,IB_PAX_DOOROPEN/ACS/ML/SYR/D,0,Yes
IB_PAX_DOOROPEN,TLH,ML,station,3,0.55,Goal,Root/div/carrier/station,IB_PAX_DOOROPEN/ACS/ML/TLH,1,No
IB_PAX_DOOROPEN,D,TLH,dom_int,4,100.0,Goal,Root/div/carrier/station/dom_int,IB_PAX_DOOROPEN/ACS/ML/TLH/D,0,Yes
IB_PAX_DOOROPEN,TLV,ML,station,3,0.55,Goal,Root/div/carrier/station,IB_PAX_DOOROPEN/ACS/ML/TLV,1,No
IB_PAX_DOOROPEN,I,TLV,dom_int,4,100.0,Goal,Root/div/carrier/station/dom_int,IB_PAX_DOOROPEN/ACS/ML/TLV/I,0,Yes
IB_PAX_DOOROPEN,TPA,ML,station,3,0.27,Goal,Root/div/carrier/station,IB_PAX_DOOROPEN/ACS/ML/TPA,1,No
IB_PAX_DOOROPEN,D,TPA,dom_int,4,100.0,Goal,Root/div/carrier/station/dom_int,IB_PAX_DOOROPEN/ACS/ML/TPA/D,0,Yes
IB_PAX_DOOROPEN,TPE,ML,station,3,0.45,Goal,Root/div/carrier/station,IB_PAX_DOOROPEN/ACS/ML/TPE,1,No
IB_PAX_DOOROPEN,I,TPE,dom_int,4,100.0,Goal,Root/div/carrier/station/dom_int,IB_PAX_DOOROPEN/ACS/ML/TPE/I,0,Yes
IB_PAX_DOOROPEN,TQO,ML,station,3,0.11,Goal,Root/div/carrier/station,IB_PAX_DOOROPEN/ACS/ML/TQO,1,No
IB_PAX_DOOROPEN,I,TQO,dom_int,4,100.0,Goal,Root/div/carrier/station/dom_int,IB_PAX_DOOROPEN/ACS/ML/TQO/I,0,Yes
IB_PAX_DOOROPEN,TRI,ML,station,3,0.21,Goal,Root/div/carrier/station,IB_PAX_DOOROPEN/ACS/ML/TRI,1,No
IB_PAX_DOOROPEN,D,TRI,dom_int,4,100.0,Goal,Root/div/carrier/station/dom_int,IB_PAX_DOOROPEN/ACS/ML/TRI/D,0,Yes
IB_PAX_DOOROPEN,TUL,ML,station,3,0.13,Goal,Root/div/carrier/station,IB_PAX_DOOROPEN/ACS/ML/TUL,1,No
IB_PAX_DOOROPEN,D,TUL,dom_int,4,100.0,Goal,Root/div/carrier/station/dom_int,IB_PAX_DOOROPEN/ACS/ML/TUL/D,0,Yes
IB_PAX_DOOROPEN,TUS,ML,station,3,0.23,Goal,Root/div/carrier/station,IB_PAX_DOOROPEN/ACS/ML/TUS,1,No
IB_PAX_DOOROPEN,D,TUS,dom_int,4,100.0,Goal,Root/div/carrier/station/dom_int,IB_PAX_DOOROPEN/ACS/ML/TUS/D,0,Yes
IB_PAX_DOOROPEN,TVC,ML,station,3,0.27,Goal,Root/div/carrier/station,IB_PAX_DOOROPEN/ACS/ML/TVC,1,No
IB_PAX_DOOROPEN,D,TVC,dom_int,4,100.0,Goal,Root/div/carrier/station/dom_int,IB_PAX_DOOROPEN/ACS/ML/TVC/D,0,Yes
IB_PAX_DOOROPEN,TYS,ML,station,3,0.25,Goal,Root/div/carrier/station,IB_PAX_DOOROPEN/ACS/ML/TYS,1,No
IB_PAX_DOOROPEN,D,TYS,dom_int,4,100.0,Goal,Root/div/carrier/station/dom_int,IB_PAX_DOOROPEN/ACS/ML/TYS/D,0,Yes
IB_PAX_DOOROPEN,UVF,ML,station,3,0.39,Goal,Root/div/carrier/station,IB_PAX_DOOROPEN/ACS/ML/UVF,1,No
IB_PAX_DOOROPEN,I,UVF,dom_int,4,100.0,Goal,Root/div/carrier/station/dom_int,IB_PAX_DOOROPEN/ACS/ML/UVF/I,0,Yes
IB_PAX_DOOROPEN,VCE,ML,station,3,0.46,Goal,Root/div/carrier/station,IB_PAX_DOOROPEN/ACS/ML/VCE,1,No
IB_PAX_DOOROPEN,I,VCE,dom_int,4,100.0,Goal,Root/div/carrier/station/dom_int,IB_PAX_DOOROPEN/ACS/ML/VCE/I,0,Yes
IB_PAX_DOOROPEN,VPS,ML,station,3,0.33,Goal,Root/div/carrier/station,IB_PAX_DOOROPEN/ACS/ML/VPS,1,No
IB_PAX_DOOROPEN,D,VPS,dom_int,4,100.0,Goal,Root/div/carrier/station/dom_int,IB_PAX_DOOROPEN/ACS/ML/VPS/D,0,Yes
IB_PAX_DOOROPEN,XNA,ML,station,3,0.02,Goal,Root/div/carrier/station,IB_PAX_DOOROPEN/ACS/ML/XNA,1,No
IB_PAX_DOOROPEN,D,XNA,dom_int,4,100.0,Goal,Root/div/carrier/station/dom_int,IB_PAX_DOOROPEN/ACS/ML/XNA/D,0,Yes
IB_PAX_DOOROPEN,YUL,ML,station,3,0.08,Goal,Root/div/carrier/station,IB_PAX_DOOROPEN/ACS/ML/YUL,1,No
IB_PAX_DOOROPEN,I,YUL,dom_int,4,100.0,Goal,Root/div/carrier/station/dom_int,IB_PAX_DOOROPEN/ACS/ML/YUL/I,0,Yes
IB_PAX_DOOROPEN,YVR,ML,station,3,0.38,Goal,Root/div/carrier/station,IB_PAX_DOOROPEN/ACS/ML/YVR,1,No
IB_PAX_DOOROPEN,I,YVR,dom_int,4,100.0,Goal,Root/div/carrier/station/dom_int,IB_PAX_DOOROPEN/ACS/ML/YVR/I,0,Yes
IB_PAX_DOOROPEN,YYC,ML,station,3,0.49,Goal,Root/div/carrier/station,IB_PAX_DOOROPEN/ACS/ML/YYC,1,No
IB_PAX_DOOROPEN,I,YYC,dom_int,4,100.0,Goal,Root/div/carrier/station/dom_int,IB_PAX_DOOROPEN/ACS/ML/YYC/I,0,Yes
IB_PAX_DOOROPEN,YYZ,ML,station,3,0.56,Goal,Root/div/carrier/station,IB_PAX_DOOROPEN/ACS/ML/YYZ,1,No
IB_PAX_DOOROPEN,I,YYZ,dom_int,4,100.0,Goal,Root/div/carrier/station/dom_int,IB_PAX_DOOROPEN/ACS/ML/YYZ/I,0,Yes
IB_PAX_DOOROPEN,ZRH,ML,station,3,0.15,Goal,Root/div/carrier/station,IB_PAX_DOOROPEN/ACS/ML/ZRH,1,No
IB_PAX_DOOROPEN,I,ZRH,dom_int,4,100.0,Goal,Root/div/carrier/station/dom_int,IB_PAX_DOOROPEN/ACS/ML/ZRH/I,0,Yes
IB_PAX_DOOROPEN,APAC_VP,ML,vp,3,0.51,Goal,Root/div/carrier/vp,IB_PAX_DOOROPEN/ACS/ML/APAC_VP,1,No
IB_PAX_DOOROPEN,I,APAC_VP,dom_int,4,100.0,Goal,Root/div/carrier/vp/dom_int,IB_PAX_DOOROPEN/ACS/ML/APAC_VP/I,0,Yes
IB_PAX_DOOROPEN,ATL_VP,ML,vp,3,0.31,Goal,Root/div/carrier/vp,IB_PAX_DOOROPEN/ACS/ML/ATL_VP,1,No
IB_PAX_DOOROPEN,D,ATL_VP,dom_int,4,100.0,Goal,Root/div/carrier/vp/dom_int,IB_PAX_DOOROPEN/ACS/ML/ATL_VP/D,0,Yes
IB_PAX_DOOROPEN,AUS_FL_VP,ML,vp,3,0.46,Goal,Root/div/carrier/vp,IB_PAX_DOOROPEN/ACS/ML/AUS_FL_VP,1,No
IB_PAX_DOOROPEN,D,AUS_FL_VP,dom_int,4,100.0,Goal,Root/div/carrier/vp/dom_int,IB_PAX_DOOROPEN/ACS/ML/AUS_FL_VP/D,0,Yes
IB_PAX_DOOROPEN,BOS_VP,ML,vp,3,0.45,Goal,Root/div/carrier/vp,IB_PAX_DOOROPEN/ACS/ML/BOS_VP,1,No
IB_PAX_DOOROPEN,D,BOS_VP,dom_int,4,100.0,Goal,Root/div/carrier/vp/dom_int,IB_PAX_DOOROPEN/ACS/ML/BOS_VP/D,0,Yes
IB_PAX_DOOROPEN,DTW_VP,ML,vp,3,0.31,Goal,Root/div/carrier/vp,IB_PAX_DOOROPEN/ACS/ML/DTW_VP,1,No
IB_PAX_DOOROPEN,D,DTW_VP,dom_int,4,100.0,Goal,Root/div/carrier/vp/dom_int,IB_PAX_DOOROPEN/ACS/ML/DTW_VP/D,0,Yes
IB_PAX_DOOROPEN,East_VP,ML,vp,3,0.55,Goal,Root/div/carrier/vp,IB_PAX_DOOROPEN/ACS/ML/East_VP,1,No
IB_PAX_DOOROPEN,D,East_VP,dom_int,4,100.0,Goal,Root/div/carrier/vp/dom_int,IB_PAX_DOOROPEN/ACS/ML/East_VP/D,0,Yes
IB_PAX_DOOROPEN,EMEAI_VP,ML,vp,3,0.51,Goal,Root/div/carrier/vp,IB_PAX_DOOROPEN/ACS/ML/EMEAI_VP,1,No
IB_PAX_DOOROPEN,I,EMEAI_VP,dom_int,4,100.0,Goal,Root/div/carrier/vp/dom_int,IB_PAX_DOOROPEN/ACS/ML/EMEAI_VP/I,0,Yes
IB_PAX_DOOROPEN,FieldStations_VP,ML,vp,3,0.03,Goal,Root/div/carrier/vp,IB_PAX_DOOROPEN/ACS/ML/FieldStations_VP,1,No
IB_PAX_DOOROPEN,D,FieldStations_VP,dom_int,4,100.0,Goal,Root/div/carrier/vp/dom_int,IB_PAX_DOOROPEN/ACS/ML/FieldStations_VP/D,0,Yes
IB_PAX_DOOROPEN,JFK_VP,ML,vp,3,0.52,Goal,Root/div/carrier/vp,IB_PAX_DOOROPEN/ACS/ML/JFK_VP,1,No
IB_PAX_DOOROPEN,D,JFK_VP,dom_int,4,100.0,Goal,Root/div/carrier/vp/dom_int,IB_PAX_DOOROPEN/ACS/ML/JFK_VP/D,0,Yes
IB_PAX_DOOROPEN,LACC_VP,ML,vp,3,0.1,Goal,Root/div/carrier/vp,IB_PAX_DOOROPEN/ACS/ML/LACC_VP,1,No
IB_PAX_DOOROPEN,I,LACC_VP,dom_int,4,100.0,Goal,Root/div/carrier/vp/dom_int,IB_PAX_DOOROPEN/ACS/ML/LACC_VP/I,0,Yes
IB_PAX_DOOROPEN,LAX_VP,ML,vp,3,0.56,Goal,Root/div/carrier/vp,IB_PAX_DOOROPEN/ACS/ML/LAX_VP,1,No
IB_PAX_DOOROPEN,D,LAX_VP,dom_int,4,100.0,Goal,Root/div/carrier/vp/dom_int,IB_PAX_DOOROPEN/ACS/ML/LAX_VP/D,0,Yes
IB_PAX_DOOROPEN,LGA_VP,ML,vp,3,0.52,Goal,Root/div/carrier/vp,IB_PAX_DOOROPEN/ACS/ML/LGA_VP,1,No
IB_PAX_DOOROPEN,D,LGA_VP,dom_int,4,100.0,Goal,Root/div/carrier/vp/dom_int,IB_PAX_DOOROPEN/ACS/ML/LGA_VP/D,0,Yes
IB_PAX_DOOROPEN,MSP_VP,ML,vp,3,0.2,Goal,Root/div/carrier/vp,IB_PAX_DOOROPEN/ACS/ML/MSP_VP,1,No
IB_PAX_DOOROPEN,D,MSP_VP,dom_int,4,100.0,Goal,Root/div/carrier/vp/dom_int,IB_PAX_DOOROPEN/ACS/ML/MSP_VP/D,0,Yes
IB_PAX_DOOROPEN,SEA_VP,ML,vp,3,0.06,Goal,Root/div/carrier/vp,IB_PAX_DOOROPEN/ACS/ML/SEA_VP,1,No
IB_PAX_DOOROPEN,D,SEA_VP,dom_int,4,100.0,Goal,Root/div/carrier/vp/dom_int,IB_PAX_DOOROPEN/ACS/ML/SEA_VP/D,0,Yes
IB_PAX_DOOROPEN,SLC_VP,ML,vp,3,0.03,Goal,Root/div/carrier/vp,IB_PAX_DOOROPEN/ACS/ML/SLC_VP,1,No
IB_PAX_DOOROPEN,D,SLC_VP,dom_int,4,100.0,Goal,Root/div/carrier/vp/dom_int,IB_PAX_DOOROPEN/ACS/ML/SLC_VP/D,0,Yes
IB_PAX_DOOROPEN,West_Central_VP,ML,vp,3,0.44,Goal,Root/div/carrier/vp,IB_PAX_DOOROPEN/ACS/ML/West_Central_VP,1,No
IB_PAX_DOOROPEN,D,West_Central_VP,dom_int,4,100.0,Goal,Root/div/carrier/vp/dom_int,IB_PAX_DOOROPEN/ACS/ML/West_Central_VP/D,0,Yes
IB_PAX_DOOROPEN,VND,IB_PAX_DOOROPEN,div,1,60.04,Goal,Root/div,IB_PAX_DOOROPEN/VND,135,No
IB_PAX_DOOROPEN,DTW,VND,station,2,0.1,Goal,Root/div/station,IB_PAX_DOOROPEN/VND/DTW,1,No
IB_PAX_DOOROPEN,Unifi,DTW,vendor,3,100.0,Goal,Root/div/station/vendor,IB_PAX_DOOROPEN/VND/DTW/Unifi,1,No
IB_PAX_DOOROPEN,MSPDTW,Unifi,variant,4,100.0,Goal,Root/div/station/vendor/variant,IB_PAX_DOOROPEN/VND/DTW/Unifi/MSPDTW,0,Yes
IB_PAX_DOOROPEN,MSP,VND,station,2,1.19,Goal,Root/div/station,IB_PAX_DOOROPEN/VND/MSP,1,No
IB_PAX_DOOROPEN,Unifi,MSP,vendor,3,100.0,Goal,Root/div/station/vendor,IB_PAX_DOOROPEN/VND/MSP/Unifi,1,No
IB_PAX_DOOROPEN,MSPDTW,Unifi,variant,4,100.0,Goal,Root/div/station/vendor/variant,IB_PAX_DOOROPEN/VND/MSP/Unifi/MSPDTW,0,Yes
IB_PAX_DOOROPEN,ABE,VND,station,2,0.98,Goal,Root/div/station,IB_PAX_DOOROPEN/VND/ABE,2,No
IB_PAX_DOOROPEN,",null,",ABE,vendor,3,81.56,Goal,Root/div/station/vendor,"IB_PAX_DOOROPEN/VND/ABE/,null,",1,No
IB_PAX_DOOROPEN,FS,",null,",vnd_typ,4,100.0,Goal,Root/div/station/vendor/vnd_typ,"IB_PAX_DOOROPEN/VND/ABE/,null,/FS",0,Yes
IB_PAX_DOOROPEN,Unifi,ABE,vendor,3,18.44,Goal,Root/div/station/vendor,IB_PAX_DOOROPEN/VND/ABE/Unifi,1,No
IB_PAX_DOOROPEN,FS,Unifi,vnd_typ,4,100.0,Goal,Root/div/station/vendor/vnd_typ,IB_PAX_DOOROPEN/VND/ABE/Unifi/FS,0,Yes
IB_PAX_DOOROPEN,ABR,VND,station,2,0.77,Goal,Root/div/station,IB_PAX_DOOROPEN/VND/ABR,2,No
IB_PAX_DOOROPEN,",null,",ABR,vendor,3,59.71,Goal,Root/div/station/vendor,"IB_PAX_DOOROPEN/VND/ABR/,null,",1,No
IB_PAX_DOOROPEN,FS,",null,",vnd_typ,4,100.0,Goal,Root/div/station/vendor/vnd_typ,"IB_PAX_DOOROPEN/VND/ABR/,null,/FS",0,Yes
IB_PAX_DOOROPEN,Unifi,ABR,vendor,3,40.29,Goal,Root/div/station/vendor,IB_PAX_DOOROPEN/VND/ABR/Unifi,1,No
IB_PAX_DOOROPEN,FS,Unifi,vnd_typ,4,100.0,Goal,Root/div/station/vendor/vnd_typ,IB_PAX_DOOROPEN/VND/ABR/Unifi/FS,0,Yes
IB_PAX_DOOROPEN,ABY,VND,station,2,1.04,Goal,Root/div/station,IB_PAX_DOOROPEN/VND/ABY,3,No
IB_PAX_DOOROPEN,",null,",ABY,vendor,3,23.03,Goal,Root/div/station/vendor,"IB_PAX_DOOROPEN/VND/ABY/,null,",1,No
IB_PAX_DOOROPEN,FS,",null,",vnd_typ,4,100.0,Goal,Root/div/station/vendor/vnd_typ,"IB_PAX_DOOROPEN/VND/ABY/,null,/FS",0,Yes
IB_PAX_DOOROPEN,G2,ABY,vendor,3,37.1,Goal,Root/div/station/vendor,IB_PAX_DOOROPEN/VND/ABY/G2,1,No
IB_PAX_DOOROPEN,FS,G2,vnd_typ,4,100.0,Goal,Root/div/station/vendor/vnd_typ,IB_PAX_DOOROPEN/VND/ABY/G2/FS,0,Yes
IB_PAX_DOOROPEN,Menzies Aviation,ABY,vendor,3,39.87,Goal,Root/div/station/vendor,IB_PAX_DOOROPEN/VND/ABY/Menzies Aviation,1,No
IB_PAX_DOOROPEN,FS,Menzies Aviation,vnd_typ,4,100.0,Goal,Root/div/station/vendor/vnd_typ,IB_PAX_DOOROPEN/VND/ABY/Menzies Aviation/FS,0,Yes
IB_PAX_DOOROPEN,ACK,VND,station,2,0.65,Goal,Root/div/station,IB_PAX_DOOROPEN/VND/ACK,1,No
IB_PAX_DOOROPEN,Unifi,ACK,vendor,3,100.0,Goal,Root/div/station/vendor,IB_PAX_DOOROPEN/VND/ACK/Unifi,1,No
IB_PAX_DOOROPEN,FS,Unifi,vnd_typ,4,100.0,Goal,Root/div/station/vendor/vnd_typ,IB_PAX_DOOROPEN/VND/ACK/Unifi/FS,0,Yes
IB_PAX_DOOROPEN,AEX,VND,station,2,0.66,Goal,Root/div/station,IB_PAX_DOOROPEN/VND/AEX,2,No
IB_PAX_DOOROPEN,",null,",AEX,vendor,3,32.9,Goal,Root/div/station/vendor,"IB_PAX_DOOROPEN/VND/AEX/,null,",1,No
IB_PAX_DOOROPEN,FS,",null,",vnd_typ,4,100.0,Goal,Root/div/station/vendor/vnd_typ,"IB_PAX_DOOROPEN/VND/AEX/,null,/FS",0,Yes
IB_PAX_DOOROPEN,Unifi,AEX,vendor,3,67.1,Goal,Root/div/station/vendor,IB_PAX_DOOROPEN/VND/AEX/Unifi,1,No
IB_PAX_DOOROPEN,FS,Unifi,vnd_typ,4,100.0,Goal,Root/div/station/vendor/vnd_typ,IB_PAX_DOOROPEN/VND/AEX/Unifi/FS,0,Yes
IB_PAX_DOOROPEN,AGS,VND,station,2,0.01,Goal,Root/div/station,IB_PAX_DOOROPEN/VND/AGS,2,No
IB_PAX_DOOROPEN,",null,",AGS,vendor,3,79.99,Goal,Root/div/station/vendor,"IB_PAX_DOOROPEN/VND/AGS/,null,",1,No
IB_PAX_DOOROPEN,FS,",null,",vnd_typ,4,100.0,Goal,Root/div/station/vendor/vnd_typ,"IB_PAX_DOOROPEN/VND/AGS/,null,/FS",0,Yes
IB_PAX_DOOROPEN,Unifi,AGS,vendor,3,20.01,Goal,Root/div/station/vendor,IB_PAX_DOOROPEN/VND/AGS/Unifi,1,No
IB_PAX_DOOROPEN,FS,Unifi,vnd_typ,4,100.0,Goal,Root/div/station/vendor/vnd_typ,IB_PAX_DOOROPEN/VND/AGS/Unifi/FS,0,Yes
IB_PAX_DOOROPEN,APN,VND,station,2,1.34,Goal,Root/div/station,IB_PAX_DOOROPEN/VND/APN,2,No
IB_PAX_DOOROPEN,",null,",APN,vendor,3,17.27,Goal,Root/div/station/vendor,"IB_PAX_DOOROPEN/VND/APN/,null,",1,No
IB_PAX_DOOROPEN,FS,",null,",vnd_typ,4,100.0,Goal,Root/div/station/vendor/vnd_typ,"IB_PAX_DOOROPEN/VND/APN/,null,/FS",0,Yes
IB_PAX_DOOROPEN,Unifi,APN,vendor,3,82.73,Goal,Root/div/station/vendor,IB_PAX_DOOROPEN/VND/APN/Unifi,1,No
IB_PAX_DOOROPEN,FS,Unifi,vnd_typ,4,100.0,Goal,Root/div/station/vendor/vnd_typ,IB_PAX_DOOROPEN/VND/APN/Unifi/FS,0,Yes
IB_PAX_DOOROPEN,ASE,VND,station,2,1.25,Goal,Root/div/station,IB_PAX_DOOROPEN/VND/ASE,2,No
IB_PAX_DOOROPEN,",null,",ASE,vendor,3,6.5,Goal,Root/div/station/vendor,"IB_PAX_DOOROPEN/VND/ASE/,null,",1,No
IB_PAX_DOOROPEN,FS,",null,",vnd_typ,4,100.0,Goal,Root/div/station/vendor/vnd_typ,"IB_PAX_DOOROPEN/VND/ASE/,null,/FS",0,Yes
IB_PAX_DOOROPEN,SkyWest,ASE,vendor,3,93.5,Goal,Root/div/station/vendor,IB_PAX_DOOROPEN/VND/ASE/SkyWest,1,No
IB_PAX_DOOROPEN,FS,SkyWest,vnd_typ,4,100.0,Goal,Root/div/station/vendor/vnd_typ,IB_PAX_DOOROPEN/VND/ASE/SkyWest/FS,0,Yes
IB_PAX_DOOROPEN,ATW,VND,station,2,0.41,Goal,Root/div/station,IB_PAX_DOOROPEN/VND/ATW,2,No
IB_PAX_DOOROPEN,",null,",ATW,vendor,3,70.97,Goal,Root/div/station/vendor,"IB_PAX_DOOROPEN/VND/ATW/,null,",1,No
IB_PAX_DOOROPEN,FS,",null,",vnd_typ,4,100.0,Goal,Root/div/station/vendor/vnd_typ,"IB_PAX_DOOROPEN/VND/ATW/,null,/FS",0,Yes
IB_PAX_DOOROPEN,Unifi,ATW,vendor,3,29.03,Goal,Root/div/station/vendor,IB_PAX_DOOROPEN/VND/ATW/Unifi,1,No
IB_PAX_DOOROPEN,FS,Unifi,vnd_typ,4,100.0,Goal,Root/div/station/vendor/vnd_typ,IB_PAX_DOOROPEN/VND/ATW/Unifi/FS,0,Yes
IB_PAX_DOOROPEN,ATY,VND,station,2,0.09,Goal,Root/div/station,IB_PAX_DOOROPEN/VND/ATY,1,No
IB_PAX_DOOROPEN,",null,",ATY,vendor,3,100.0,Goal,Root/div/station/vendor,"IB_PAX_DOOROPEN/VND/ATY/,null,",1,No
IB_PAX_DOOROPEN,FS,",null,",vnd_typ,4,100.0,Goal,Root/div/station/vendor/vnd_typ,"IB_PAX_DOOROPEN/VND/ATY/,null,/FS",0,Yes
IB_PAX_DOOROPEN,AVL,VND,station,2,0.2,Goal,Root/div/station,IB_PAX_DOOROPEN/VND/AVL,2,No
IB_PAX_DOOROPEN,",null,",AVL,vendor,3,34.09,Goal,Root/div/station/vendor,"IB_PAX_DOOROPEN/VND/AVL/,null,",1,No
IB_PAX_DOOROPEN,FS,",null,",vnd_typ,4,100.0,Goal,Root/div/station/vendor/vnd_typ,"IB_PAX_DOOROPEN/VND/AVL/,null,/FS",0,Yes
IB_PAX_DOOROPEN,Unifi,AVL,vendor,3,65.91,Goal,Root/div/station/vendor,IB_PAX_DOOROPEN/VND/AVL/Unifi,1,No
IB_PAX_DOOROPEN,FS,Unifi,vnd_typ,4,100.0,Goal,Root/div/station/vendor/vnd_typ,IB_PAX_DOOROPEN/VND/AVL/Unifi/FS,0,Yes
IB_PAX_DOOROPEN,AZO,VND,station,2,0.38,Goal,Root/div/station,IB_PAX_DOOROPEN/VND/AZO,2,No
IB_PAX_DOOROPEN,",null,",AZO,vendor,3,77.18,Goal,Root/div/station/vendor,"IB_PAX_DOOROPEN/VND/AZO/,null,",1,No
IB_PAX_DOOROPEN,FS,",null,",vnd_typ,4,100.0,Goal,Root/div/station/vendor/vnd_typ,"IB_PAX_DOOROPEN/VND/AZO/,null,/FS",0,Yes
IB_PAX_DOOROPEN,Unifi,AZO,vendor,3,22.82,Goal,Root/div/station/vendor,IB_PAX_DOOROPEN/VND/AZO/Unifi,1,No
IB_PAX_DOOROPEN,FS,Unifi,vnd_typ,4,100.0,Goal,Root/div/station/vendor/vnd_typ,IB_PAX_DOOROPEN/VND/AZO/Unifi/FS,0,Yes
IB_PAX_DOOROPEN,BGM,VND,station,2,0.1,Goal,Root/div/station,IB_PAX_DOOROPEN/VND/BGM,3,No
IB_PAX_DOOROPEN,",null,",BGM,vendor,3,38.36,Goal,Root/div/station/vendor,"IB_PAX_DOOROPEN/VND/BGM/,null,",1,No
IB_PAX_DOOROPEN,FS,",null,",vnd_typ,4,100.0,Goal,Root/div/station/vendor/vnd_typ,"IB_PAX_DOOROPEN/VND/BGM/,null,/FS",0,Yes
IB_PAX_DOOROPEN,G2,BGM,vendor,3,27.87,Goal,Root/div/station/vendor,IB_PAX_DOOROPEN/VND/BGM/G2,1,No
IB_PAX_DOOROPEN,FS,G2,vnd_typ,4,100.0,Goal,Root/div/station/vendor/vnd_typ,IB_PAX_DOOROPEN/VND/BGM/G2/FS,0,Yes
IB_PAX_DOOROPEN,Menzies Aviation,BGM,vendor,3,33.77,Goal,Root/div/station/vendor,IB_PAX_DOOROPEN/VND/BGM/Menzies Aviation,1,No
IB_PAX_DOOROPEN,FS,Menzies Aviation,vnd_typ,4,100.0,Goal,Root/div/station/vendor/vnd_typ,IB_PAX_DOOROPEN/VND/BGM/Menzies Aviation/FS,0,Yes
IB_PAX_DOOROPEN,BGR,VND,station,2,1.18,Goal,Root/div/station,IB_PAX_DOOROPEN/VND/BGR,2,No
IB_PAX_DOOROPEN,",null,",BGR,vendor,3,92.82,Goal,Root/div/station/vendor,"IB_PAX_DOOROPEN/VND/BGR/,null,",1,No
IB_PAX_DOOROPEN,FS,",null,",vnd_typ,4,100.0,Goal,Root/div/station/vendor/vnd_typ,"IB_PAX_DOOROPEN/VND/BGR/,null,/FS",0,Yes
IB_PAX_DOOROPEN,Unifi,BGR,vendor,3,7.18,Goal,Root/div/station/vendor,IB_PAX_DOOROPEN/VND/BGR/Unifi,1,No
IB_PAX_DOOROPEN,FS,Unifi,vnd_typ,4,100.0,Goal,Root/div/station/vendor/vnd_typ,IB_PAX_DOOROPEN/VND/BGR/Unifi/FS,0,Yes
IB_PAX_DOOROPEN,BIL,VND,station,2,1.24,Goal,Root/div/station,IB_PAX_DOOROPEN/VND/BIL,2,No
IB_PAX_DOOROPEN,",null,",BIL,vendor,3,69.54,Goal,Root/div/station/vendor,"IB_PAX_DOOROPEN/VND/BIL/,null,",1,No
IB_PAX_DOOROPEN,FS,",null,",vnd_typ,4,100.0,Goal,Root/div/station/vendor/vnd_typ,"IB_PAX_DOOROPEN/VND/BIL/,null,/FS",0,Yes
IB_PAX_DOOROPEN,Unifi,BIL,vendor,3,30.46,Goal,Root/div/station/vendor,IB_PAX_DOOROPEN/VND/BIL/Unifi,1,No
IB_PAX_DOOROPEN,FS,Unifi,vnd_typ,4,100.0,Goal,Root/div/station/vendor/vnd_typ,IB_PAX_DOOROPEN/VND/BIL/Unifi/FS,0,Yes
IB_PAX_DOOROPEN,BIS,VND,station,2,0.79,Goal,Root/div/station,IB_PAX_DOOROPEN/VND/BIS,2,No
IB_PAX_DOOROPEN,",null,",BIS,vendor,3,59.09,Goal,Root/div/station/vendor,"IB_PAX_DOOROPEN/VND/BIS/,null,",1,No
IB_PAX_DOOROPEN,FS,",null,",vnd_typ,4,100.0,Goal,Root/div/station/vendor/vnd_typ,"IB_PAX_DOOROPEN/VND/BIS/,null,/FS",0,Yes
IB_PAX_DOOROPEN,Unifi,BIS,vendor,3,40.91,Goal,Root/div/station/vendor,IB_PAX_DOOROPEN/VND/BIS/Unifi,1,No
IB_PAX_DOOROPEN,FS,Unifi,vnd_typ,4,100.0,Goal,Root/div/station/vendor/vnd_typ,IB_PAX_DOOROPEN/VND/BIS/Unifi/FS,0,Yes
IB_PAX_DOOROPEN,BJI,VND,station,2,0.5,Goal,Root/div/station,IB_PAX_DOOROPEN/VND/BJI,2,No
IB_PAX_DOOROPEN,",null,",BJI,vendor,3,10.18,Goal,Root/div/station/vendor,"IB_PAX_DOOROPEN/VND/BJI/,null,",1,No
IB_PAX_DOOROPEN,FS,",null,",vnd_typ,4,100.0,Goal,Root/div/station/vendor/vnd_typ,"IB_PAX_DOOROPEN/VND/BJI/,null,/FS",0,Yes
IB_PAX_DOOROPEN,Unifi,BJI,vendor,3,89.82,Goal,Root/div/station/vendor,IB_PAX_DOOROPEN/VND/BJI/Unifi,1,No
IB_PAX_DOOROPEN,FS,Unifi,vnd_typ,4,100.0,Goal,Root/div/station/vendor/vnd_typ,IB_PAX_DOOROPEN/VND/BJI/Unifi/FS,0,Yes
IB_PAX_DOOROPEN,BMI,VND,station,2,0.86,Goal,Root/div/station,IB_PAX_DOOROPEN/VND/BMI,2,No
IB_PAX_DOOROPEN,",null,",BMI,vendor,3,70.72,Goal,Root/div/station/vendor,"IB_PAX_DOOROPEN/VND/BMI/,null,",1,No
IB_PAX_DOOROPEN,FS,",null,",vnd_typ,4,100.0,Goal,Root/div/station/vendor/vnd_typ,"IB_PAX_DOOROPEN/VND/BMI/,null,/FS",0,Yes
IB_PAX_DOOROPEN,Unifi,BMI,vendor,3,29.28,Goal,Root/div/station/vendor,IB_PAX_DOOROPEN/VND/BMI/Unifi,1,No
IB_PAX_DOOROPEN,FS,Unifi,vnd_typ,4,100.0,Goal,Root/div/station/vendor/vnd_typ,IB_PAX_DOOROPEN/VND/BMI/Unifi/FS,0,Yes
IB_PAX_DOOROPEN,BQK,VND,station,2,0.45,Goal,Root/div/station,IB_PAX_DOOROPEN/VND/BQK,3,No
IB_PAX_DOOROPEN,",null,",BQK,vendor,3,37.43,Goal,Root/div/station/vendor,"IB_PAX_DOOROPEN/VND/BQK/,null,",1,No
IB_PAX_DOOROPEN,FS,",null,",vnd_typ,4,100.0,Goal,Root/div/station/vendor/vnd_typ,"IB_PAX_DOOROPEN/VND/BQK/,null,/FS",0,Yes
IB_PAX_DOOROPEN,G2,BQK,vendor,3,9.52,Goal,Root/div/station/vendor,IB_PAX_DOOROPEN/VND/BQK/G2,1,No
IB_PAX_DOOROPEN,FS,G2,vnd_typ,4,100.0,Goal,Root/div/station/vendor/vnd_typ,IB_PAX_DOOROPEN/VND/BQK/G2/FS,0,Yes
IB_PAX_DOOROPEN,Menzies Aviation,BQK,vendor,3,53.050000000000004,Goal,Root/div/station/vendor,IB_PAX_DOOROPEN/VND/BQK/Menzies Aviation,1,No
IB_PAX_DOOROPEN,FS,Menzies Aviation,vnd_typ,4,100.0,Goal,Root/div/station/vendor/vnd_typ,IB_PAX_DOOROPEN/VND/BQK/Menzies Aviation/FS,0,Yes
IB_PAX_DOOROPEN,BRD,VND,station,2,0.01,Goal,Root/div/station,IB_PAX_DOOROPEN/VND/BRD,2,No
IB_PAX_DOOROPEN,",null,",BRD,vendor,3,10.37,Goal,Root/div/station/vendor,"IB_PAX_DOOROPEN/VND/BRD/,null,",1,No
IB_PAX_DOOROPEN,FS,",null,",vnd_typ,4,100.0,Goal,Root/div/station/vendor/vnd_typ,"IB_PAX_DOOROPEN/VND/BRD/,null,/FS",0,Yes
IB_PAX_DOOROPEN,Unifi,BRD,vendor,3,89.63,Goal,Root/div/station/vendor,IB_PAX_DOOROPEN/VND/BRD/Unifi,1,No
IB_PAX_DOOROPEN,FS,Unifi,vnd_typ,4,100.0,Goal,Root/div/station/vendor/vnd_typ,IB_PAX_DOOROPEN/VND/BRD/Unifi/FS,0,Yes
IB_PAX_DOOROPEN,BTM,VND,station,2,0.69,Goal,Root/div/station,IB_PAX_DOOROPEN/VND/BTM,2,No
IB_PAX_DOOROPEN,",null,",BTM,vendor,3,28.21,Goal,Root/div/station/vendor,"IB_PAX_DOOROPEN/VND/BTM/,null,",1,No
IB_PAX_DOOROPEN,FS,",null,",vnd_typ,4,100.0,Goal,Root/div/station/vendor/vnd_typ,"IB_PAX_DOOROPEN/VND/BTM/,null,/FS",0,Yes
IB_PAX_DOOROPEN,SkyWest,BTM,vendor,3,71.79,Goal,Root/div/station/vendor,IB_PAX_DOOROPEN/VND/BTM/SkyWest,1,No
IB_PAX_DOOROPEN,FS,SkyWest,vnd_typ,4,100.0,Goal,Root/div/station/vendor/vnd_typ,IB_PAX_DOOROPEN/VND/BTM/SkyWest/FS,0,Yes
IB_PAX_DOOROPEN,BTR,VND,station,2,0.17,Goal,Root/div/station,IB_PAX_DOOROPEN/VND/BTR,2,No
IB_PAX_DOOROPEN,",null,",BTR,vendor,3,52.84,Goal,Root/div/station/vendor,"IB_PAX_DOOROPEN/VND/BTR/,null,",1,No
IB_PAX_DOOROPEN,FS,",null,",vnd_typ,4,100.0,Goal,Root/div/station/vendor/vnd_typ,"IB_PAX_DOOROPEN/VND/BTR/,null,/FS",0,Yes
IB_PAX_DOOROPEN,Unifi,BTR,vendor,3,47.16,Goal,Root/div/station/vendor,IB_PAX_DOOROPEN/VND/BTR/Unifi,1,No
IB_PAX_DOOROPEN,FS,Unifi,vnd_typ,4,100.0,Goal,Root/div/station/vendor/vnd_typ,IB_PAX_DOOROPEN/VND/BTR/Unifi/FS,0,Yes
IB_PAX_DOOROPEN,BTV,VND,station,2,1.08,Goal,Root/div/station,IB_PAX_DOOROPEN/VND/BTV,2,No
IB_PAX_DOOROPEN,",null,",BTV,vendor,3,29.6,Goal,Root/div/station/vendor,"IB_PAX_DOOROPEN/VND/BTV/,null,",1,No
IB_PAX_DOOROPEN,FS,",null,",vnd_typ,4,100.0,Goal,Root/div/station/vendor/vnd_typ,"IB_PAX_DOOROPEN/VND/BTV/,null,/FS",0,Yes
IB_PAX_DOOROPEN,Unifi,BTV,vendor,3,70.4,Goal,Root/div/station/vendor,IB_PAX_DOOROPEN/VND/BTV/Unifi,1,No
IB_PAX_DOOROPEN,FS,Unifi,vnd_typ,4,100.0,Goal,Root/div/station/vendor/vnd_typ,IB_PAX_DOOROPEN/VND/BTV/Unifi/FS,0,Yes
IB_PAX_DOOROPEN,BUF,VND,station,2,0.74,Goal,Root/div/station,IB_PAX_DOOROPEN/VND/BUF,2,No
IB_PAX_DOOROPEN,",null,",BUF,vendor,3,43.87,Goal,Root/div/station/vendor,"IB_PAX_DOOROPEN/VND/BUF/,null,",1,No
IB_PAX_DOOROPEN,FS,",null,",vnd_typ,4,100.0,Goal,Root/div/station/vendor/vnd_typ,"IB_PAX_DOOROPEN/VND/BUF/,null,/FS",0,Yes
IB_PAX_DOOROPEN,Unifi,BUF,vendor,3,56.13,Goal,Root/div/station/vendor,IB_PAX_DOOROPEN/VND/BUF/Unifi,1,No
IB_PAX_DOOROPEN,FS,Unifi,vnd_typ,4,100.0,Goal,Root/div/station/vendor/vnd_typ,IB_PAX_DOOROPEN/VND/BUF/Unifi/FS,0,Yes
IB_PAX_DOOROPEN,BUR,VND,station,2,0.84,Goal,Root/div/station,IB_PAX_DOOROPEN/VND/BUR,2,No
IB_PAX_DOOROPEN,",null,",BUR,vendor,3,10.42,Goal,Root/div/station/vendor,"IB_PAX_DOOROPEN/VND/BUR/,null,",1,No
IB_PAX_DOOROPEN,FS,",null,",vnd_typ,4,100.0,Goal,Root/div/station/vendor/vnd_typ,"IB_PAX_DOOROPEN/VND/BUR/,null,/FS",0,Yes
IB_PAX_DOOROPEN,GAT,BUR,vendor,3,89.58,Goal,Root/div/station/vendor,IB_PAX_DOOROPEN/VND/BUR/GAT,1,No
IB_PAX_DOOROPEN,FS,GAT,vnd_typ,4,100.0,Goal,Root/div/station/vendor/vnd_typ,IB_PAX_DOOROPEN/VND/BUR/GAT/FS,0,Yes
IB_PAX_DOOROPEN,CDC,VND,station,2,1.4,Goal,Root/div/station,IB_PAX_DOOROPEN/VND/CDC,2,No
IB_PAX_DOOROPEN,",null,",CDC,vendor,3,48.87,Goal,Root/div/station/vendor,"IB_PAX_DOOROPEN/VND/CDC/,null,",1,No
IB_PAX_DOOROPEN,FS,",null,",vnd_typ,4,100.0,Goal,Root/div/station/vendor/vnd_typ,"IB_PAX_DOOROPEN/VND/CDC/,null,/FS",0,Yes
IB_PAX_DOOROPEN,SkyWest,CDC,vendor,3,51.13,Goal,Root/div/station/vendor,IB_PAX_DOOROPEN/VND/CDC/SkyWest,1,No
IB_PAX_DOOROPEN,FS,SkyWest,vnd_typ,4,100.0,Goal,Root/div/station/vendor/vnd_typ,IB_PAX_DOOROPEN/VND/CDC/SkyWest/FS,0,Yes
IB_PAX_DOOROPEN,CHA,VND,station,2,1.34,Goal,Root/div/station,IB_PAX_DOOROPEN/VND/CHA,2,No
IB_PAX_DOOROPEN,",null,",CHA,vendor,3,43.72,Goal,Root/div/station/vendor,"IB_PAX_DOOROPEN/VND/CHA/,null,",1,No
IB_PAX_DOOROPEN,FS,",null,",vnd_typ,4,100.0,Goal,Root/div/station/vendor/vnd_typ,"IB_PAX_DOOROPEN/VND/CHA/,null,/FS",0,Yes
IB_PAX_DOOROPEN,Unifi,CHA,vendor,3,56.28,Goal,Root/div/station/vendor,IB_PAX_DOOROPEN/VND/CHA/Unifi,1,No
IB_PAX_DOOROPEN,FS,Unifi,vnd_typ,4,100.0,Goal,Root/div/station/vendor/vnd_typ,IB_PAX_DOOROPEN/VND/CHA/Unifi/FS,0,Yes
IB_PAX_DOOROPEN,CHO,VND,station,2,0.83,Goal,Root/div/station,IB_PAX_DOOROPEN/VND/CHO,2,No
IB_PAX_DOOROPEN,",null,",CHO,vendor,3,70.02,Goal,Root/div/station/vendor,"IB_PAX_DOOROPEN/VND/CHO/,null,",1,No
IB_PAX_DOOROPEN,FS,",null,",vnd_typ,4,100.0,Goal,Root/div/station/vendor/vnd_typ,"IB_PAX_DOOROPEN/VND/CHO/,null,/FS",0,Yes
IB_PAX_DOOROPEN,Unifi,CHO,vendor,3,29.98,Goal,Root/div/station/vendor,IB_PAX_DOOROPEN/VND/CHO/Unifi,1,No
IB_PAX_DOOROPEN,FS,Unifi,vnd_typ,4,100.0,Goal,Root/div/station/vendor/vnd_typ,IB_PAX_DOOROPEN/VND/CHO/Unifi/FS,0,Yes
IB_PAX_DOOROPEN,CID,VND,station,2,0.83,Goal,Root/div/station,IB_PAX_DOOROPEN/VND/CID,2,No
IB_PAX_DOOROPEN,",null,",CID,vendor,3,44.88,Goal,Root/div/station/vendor,"IB_PAX_DOOROPEN/VND/CID/,null,",1,No
IB_PAX_DOOROPEN,FS,",null,",vnd_typ,4,100.0,Goal,Root/div/station/vendor/vnd_typ,"IB_PAX_DOOROPEN/VND/CID/,null,/FS",0,Yes
IB_PAX_DOOROPEN,Unifi,CID,vendor,3,55.12,Goal,Root/div/station/vendor,IB_PAX_DOOROPEN/VND/CID/Unifi,1,No
IB_PAX_DOOROPEN,FS,Unifi,vnd_typ,4,100.0,Goal,Root/div/station/vendor/vnd_typ,IB_PAX_DOOROPEN/VND/CID/Unifi/FS,0,Yes
IB_PAX_DOOROPEN,CIU,VND,station,2,0.26,Goal,Root/div/station,IB_PAX_DOOROPEN/VND/CIU,2,No
IB_PAX_DOOROPEN,",null,",CIU,vendor,3,53.25,Goal,Root/div/station/vendor,"IB_PAX_DOOROPEN/VND/CIU/,null,",1,No
IB_PAX_DOOROPEN,FS,",null,",vnd_typ,4,100.0,Goal,Root/div/station/vendor/vnd_typ,"IB_PAX_DOOROPEN/VND/CIU/,null,/FS",0,Yes
IB_PAX_DOOROPEN,Unifi,CIU,vendor,3,46.75,Goal,Root/div/station/vendor,IB_PAX_DOOROPEN/VND/CIU/Unifi,1,No
IB_PAX_DOOROPEN,FS,Unifi,vnd_typ,4,100.0,Goal,Root/div/station/vendor/vnd_typ,IB_PAX_DOOROPEN/VND/CIU/Unifi/FS,0,Yes
IB_PAX_DOOROPEN,CRW,VND,station,2,0.27,Goal,Root/div/station,IB_PAX_DOOROPEN/VND/CRW,2,No
IB_PAX_DOOROPEN,",null,",CRW,vendor,3,75.56,Goal,Root/div/station/vendor,"IB_PAX_DOOROPEN/VND/CRW/,null,",1,No
IB_PAX_DOOROPEN,FS,",null,",vnd_typ,4,100.0,Goal,Root/div/station/vendor/vnd_typ,"IB_PAX_DOOROPEN/VND/CRW/,null,/FS",0,Yes
IB_PAX_DOOROPEN,Unifi,CRW,vendor,3,24.44,Goal,Root/div/station/vendor,IB_PAX_DOOROPEN/VND/CRW/Unifi,1,No
IB_PAX_DOOROPEN,FS,Unifi,vnd_typ,4,100.0,Goal,Root/div/station/vendor/vnd_typ,IB_PAX_DOOROPEN/VND/CRW/Unifi/FS,0,Yes
IB_PAX_DOOROPEN,CSG,VND,station,2,0.67,Goal,Root/div/station,IB_PAX_DOOROPEN/VND/CSG,2,No
IB_PAX_DOOROPEN,",null,",CSG,vendor,3,63.62,Goal,Root/div/station/vendor,"IB_PAX_DOOROPEN/VND/CSG/,null,",1,No
IB_PAX_DOOROPEN,FS,",null,",vnd_typ,4,100.0,Goal,Root/div/station/vendor/vnd_typ,"IB_PAX_DOOROPEN/VND/CSG/,null,/FS",0,Yes
IB_PAX_DOOROPEN,Unifi,CSG,vendor,3,36.38,Goal,Root/div/station/vendor,IB_PAX_DOOROPEN/VND/CSG/Unifi,1,No
IB_PAX_DOOROPEN,FS,Unifi,vnd_typ,4,100.0,Goal,Root/div/station/vendor/vnd_typ,IB_PAX_DOOROPEN/VND/CSG/Unifi/FS,0,Yes
IB_PAX_DOOROPEN,CWA,VND,station,2,1.07,Goal,Root/div/station,IB_PAX_DOOROPEN/VND/CWA,2,No
IB_PAX_DOOROPEN,",null,",CWA,vendor,3,40.69,Goal,Root/div/station/vendor,"IB_PAX_DOOROPEN/VND/CWA/,null,",1,No
IB_PAX_DOOROPEN,FS,",null,",vnd_typ,4,100.0,Goal,Root/div/station/vendor/vnd_typ,"IB_PAX_DOOROPEN/VND/CWA/,null,/FS",0,Yes
IB_PAX_DOOROPEN,Unifi,CWA,vendor,3,59.31,Goal,Root/div/station/vendor,IB_PAX_DOOROPEN/VND/CWA/Unifi,1,No
IB_PAX_DOOROPEN,FS,Unifi,vnd_typ,4,100.0,Goal,Root/div/station/vendor/vnd_typ,IB_PAX_DOOROPEN/VND/CWA/Unifi/FS,0,Yes
IB_PAX_DOOROPEN,DAL,VND,station,2,0.95,Goal,Root/div/station,IB_PAX_DOOROPEN/VND/DAL,2,No
IB_PAX_DOOROPEN,",null,",DAL,vendor,3,1.94,Goal,Root/div/station/vendor,"IB_PAX_DOOROPEN/VND/DAL/,null,",1,No
IB_PAX_DOOROPEN,FS,",null,",vnd_typ,4,100.0,Goal,Root/div/station/vendor/vnd_typ,"IB_PAX_DOOROPEN/VND/DAL/,null,/FS",0,Yes
IB_PAX_DOOROPEN,Unifi,DAL,vendor,3,98.06,Goal,Root/div/station/vendor,IB_PAX_DOOROPEN/VND/DAL/Unifi,1,No
IB_PAX_DOOROPEN,FS,Unifi,vnd_typ,4,100.0,Goal,Root/div/station/vendor/vnd_typ,IB_PAX_DOOROPEN/VND/DAL/Unifi/FS,0,Yes
IB_PAX_DOOROPEN,DHN,VND,station,2,1.12,Goal,Root/div/station,IB_PAX_DOOROPEN/VND/DHN,3,No
IB_PAX_DOOROPEN,",null,",DHN,vendor,3,29.39,Goal,Root/div/station/vendor,"IB_PAX_DOOROPEN/VND/DHN/,null,",1,No
IB_PAX_DOOROPEN,FS,",null,",vnd_typ,4,100.0,Goal,Root/div/station/vendor/vnd_typ,"IB_PAX_DOOROPEN/VND/DHN/,null,/FS",0,Yes
IB_PAX_DOOROPEN,G2,DHN,vendor,3,27.79,Goal,Root/div/station/vendor,IB_PAX_DOOROPEN/VND/DHN/G2,1,No
IB_PAX_DOOROPEN,FS,G2,vnd_typ,4,100.0,Goal,Root/div/station/vendor/vnd_typ,IB_PAX_DOOROPEN/VND/DHN/G2/FS,0,Yes
IB_PAX_DOOROPEN,Menzies Aviation,DHN,vendor,3,42.82,Goal,Root/div/station/vendor,IB_PAX_DOOROPEN/VND/DHN/Menzies Aviation,1,No
IB_PAX_DOOROPEN,FS,Menzies Aviation,vnd_typ,4,100.0,Goal,Root/div/station/vendor/vnd_typ,IB_PAX_DOOROPEN/VND/DHN/Menzies Aviation/FS,0,Yes
IB_PAX_DOOROPEN,DLH,VND,station,2,0.18,Goal,Root/div/station,IB_PAX_DOOROPEN/VND/DLH,2,No
IB_PAX_DOOROPEN,",null,",DLH,vendor,3,32.7,Goal,Root/div/station/vendor,"IB_PAX_DOOROPEN/VND/DLH/,null,",1,No
IB_PAX_DOOROPEN,FS,",null,",vnd_typ,4,100.0,Goal,Root/div/station/vendor/vnd_typ,"IB_PAX_DOOROPEN/VND/DLH/,null,/FS",0,Yes
IB_PAX_DOOROPEN,Unifi,DLH,vendor,3,67.3,Goal,Root/div/station/vendor,IB_PAX_DOOROPEN/VND/DLH/Unifi,1,No
IB_PAX_DOOROPEN,FS,Unifi,vnd_typ,4,100.0,Goal,Root/div/station/vendor/vnd_typ,IB_PAX_DOOROPEN/VND/DLH/Unifi/FS,0,Yes
IB_PAX_DOOROPEN,DSM,VND,station,2,0.77,Goal,Root/div/station,IB_PAX_DOOROPEN/VND/DSM,2,No
IB_PAX_DOOROPEN,",null,",DSM,vendor,3,33.22,Goal,Root/div/station/vendor,"IB_PAX_DOOROPEN/VND/DSM/,null,",1,No
IB_PAX_DOOROPEN,FS,",null,",vnd_typ,4,100.0,Goal,Root/div/station/vendor/vnd_typ,"IB_PAX_DOOROPEN/VND/DSM/,null,/FS",0,Yes
IB_PAX_DOOROPEN,Unifi,DSM,vendor,3,66.78,Goal,Root/div/station/vendor,IB_PAX_DOOROPEN/VND/DSM/Unifi,1,No
IB_PAX_DOOROPEN,FS,Unifi,vnd_typ,4,100.0,Goal,Root/div/station/vendor/vnd_typ,IB_PAX_DOOROPEN/VND/DSM/Unifi/FS,0,Yes
IB_PAX_DOOROPEN,ECP,VND,station,2,1.41,Goal,Root/div/station,IB_PAX_DOOROPEN/VND/ECP,2,No
IB_PAX_DOOROPEN,",null,",ECP,vendor,3,62.03,Goal,Root/div/station/vendor,"IB_PAX_DOOROPEN/VND/ECP/,null,",1,No
IB_PAX_DOOROPEN,FS,",null,",vnd_typ,4,100.0,Goal,Root/div/station/vendor/vnd_typ,"IB_PAX_DOOROPEN/VND/ECP/,null,/FS",0,Yes
IB_PAX_DOOROPEN,Unifi,ECP,vendor,3,37.97,Goal,Root/div/station/vendor,IB_PAX_DOOROPEN/VND/ECP/Unifi,1,No
IB_PAX_DOOROPEN,FS,Unifi,vnd_typ,4,100.0,Goal,Root/div/station/vendor/vnd_typ,IB_PAX_DOOROPEN/VND/ECP/Unifi/FS,0,Yes
IB_PAX_DOOROPEN,EGE,VND,station,2,0.26,Goal,Root/div/station,IB_PAX_DOOROPEN/VND/EGE,3,No
IB_PAX_DOOROPEN,",null,",EGE,vendor,3,28.88,Goal,Root/div/station/vendor,"IB_PAX_DOOROPEN/VND/EGE/,null,",1,No
IB_PAX_DOOROPEN,FS,",null,",vnd_typ,4,100.0,Goal,Root/div/station/vendor/vnd_typ,"IB_PAX_DOOROPEN/VND/EGE/,null,/FS",0,Yes
IB_PAX_DOOROPEN,G2,EGE,vendor,3,21.5,Goal,Root/div/station/vendor,IB_PAX_DOOROPEN/VND/EGE/G2,1,No
IB_PAX_DOOROPEN,FS,G2,vnd_typ,4,100.0,Goal,Root/div/station/vendor/vnd_typ,IB_PAX_DOOROPEN/VND/EGE/G2/FS,0,Yes
IB_PAX_DOOROPEN,Menzies Aviation,EGE,vendor,3,49.62,Goal,Root/div/station/vendor,IB_PAX_DOOROPEN/VND/EGE/Menzies Aviation,1,No
IB_PAX_DOOROPEN,FS,Menzies Aviation,vnd_typ,4,100.0,Goal,Root/div/station/vendor/vnd_typ,IB_PAX_DOOROPEN/VND/EGE/Menzies Aviation/FS,0,Yes
IB_PAX_DOOROPEN,EKO,VND,station,2,0.74,Goal,Root/div/station,IB_PAX_DOOROPEN/VND/EKO,2,No
IB_PAX_DOOROPEN,",null,",EKO,vendor,3,61.09,Goal,Root/div/station/vendor,"IB_PAX_DOOROPEN/VND/EKO/,null,",1,No
IB_PAX_DOOROPEN,FS,",null,",vnd_typ,4,100.0,Goal,Root/div/station/vendor/vnd_typ,"IB_PAX_DOOROPEN/VND/EKO/,null,/FS",0,Yes
IB_PAX_DOOROPEN,SkyWest,EKO,vendor,3,38.91,Goal,Root/div/station/vendor,IB_PAX_DOOROPEN/VND/EKO/SkyWest,1,No
IB_PAX_DOOROPEN,FS,SkyWest,vnd_typ,4,100.0,Goal,Root/div/station/vendor/vnd_typ,IB_PAX_DOOROPEN/VND/EKO/SkyWest/FS,0,Yes
IB_PAX_DOOROPEN,ELM,VND,station,2,0.3,Goal,Root/div/station,IB_PAX_DOOROPEN/VND/ELM,2,No
IB_PAX_DOOROPEN,",null,",ELM,vendor,3,79.09,Goal,Root/div/station/vendor,"IB_PAX_DOOROPEN/VND/ELM/,null,",1,No
IB_PAX_DOOROPEN,FS,",null,",vnd_typ,4,100.0,Goal,Root/div/station/vendor/vnd_typ,"IB_PAX_DOOROPEN/VND/ELM/,null,/FS",0,Yes
IB_PAX_DOOROPEN,Unifi,ELM,vendor,3,20.91,Goal,Root/div/station/vendor,IB_PAX_DOOROPEN/VND/ELM/Unifi,1,No
IB_PAX_DOOROPEN,FS,Unifi,vnd_typ,4,100.0,Goal,Root/div/station/vendor/vnd_typ,IB_PAX_DOOROPEN/VND/ELM/Unifi/FS,0,Yes
IB_PAX_DOOROPEN,ESC,VND,station,2,1.04,Goal,Root/div/station,IB_PAX_DOOROPEN/VND/ESC,2,No
IB_PAX_DOOROPEN,",null,",ESC,vendor,3,94.34,Goal,Root/div/station/vendor,"IB_PAX_DOOROPEN/VND/ESC/,null,",1,No
IB_PAX_DOOROPEN,FS,",null,",vnd_typ,4,100.0,Goal,Root/div/station/vendor/vnd_typ,"IB_PAX_DOOROPEN/VND/ESC/,null,/FS",0,Yes
IB_PAX_DOOROPEN,Unifi,ESC,vendor,3,5.66,Goal,Root/div/station/vendor,IB_PAX_DOOROPEN/VND/ESC/Unifi,1,No
IB_PAX_DOOROPEN,FS,Unifi,vnd_typ,4,100.0,Goal,Root/div/station/vendor/vnd_typ,IB_PAX_DOOROPEN/VND/ESC/Unifi/FS,0,Yes
IB_PAX_DOOROPEN,EUG,VND,station,2,0.4,Goal,Root/div/station,IB_PAX_DOOROPEN/VND/EUG,2,No
IB_PAX_DOOROPEN,",null,",EUG,vendor,3,84.57,Goal,Root/div/station/vendor,"IB_PAX_DOOROPEN/VND/EUG/,null,",1,No
IB_PAX_DOOROPEN,FS,",null,",vnd_typ,4,100.0,Goal,Root/div/station/vendor/vnd_typ,"IB_PAX_DOOROPEN/VND/EUG/,null,/FS",0,Yes
IB_PAX_DOOROPEN,Unifi,EUG,vendor,3,15.43,Goal,Root/div/station/vendor,IB_PAX_DOOROPEN/VND/EUG/Unifi,1,No
IB_PAX_DOOROPEN,FS,Unifi,vnd_typ,4,100.0,Goal,Root/div/station/vendor/vnd_typ,IB_PAX_DOOROPEN/VND/EUG/Unifi/FS,0,Yes
IB_PAX_DOOROPEN,EVV,VND,station,2,0.4,Goal,Root/div/station,IB_PAX_DOOROPEN/VND/EVV,2,No
IB_PAX_DOOROPEN,",null,",EVV,vendor,3,91.49,Goal,Root/div/station/vendor,"IB_PAX_DOOROPEN/VND/EVV/,null,",1,No
IB_PAX_DOOROPEN,FS,",null,",vnd_typ,4,100.0,Goal,Root/div/station/vendor/vnd_typ,"IB_PAX_DOOROPEN/VND/EVV/,null,/FS",0,Yes
IB_PAX_DOOROPEN,Unifi,EVV,vendor,3,8.51,Goal,Root/div/station/vendor,IB_PAX_DOOROPEN/VND/EVV/Unifi,1,No
IB_PAX_DOOROPEN,FS,Unifi,vnd_typ,4,100.0,Goal,Root/div/station/vendor/vnd_typ,IB_PAX_DOOROPEN/VND/EVV/Unifi/FS,0,Yes
IB_PAX_DOOROPEN,EYW,VND,station,2,1.21,Goal,Root/div/station,IB_PAX_DOOROPEN/VND/EYW,2,No
IB_PAX_DOOROPEN,",null,",EYW,vendor,3,89.17,Goal,Root/div/station/vendor,"IB_PAX_DOOROPEN/VND/EYW/,null,",1,No
IB_PAX_DOOROPEN,FS,",null,",vnd_typ,4,100.0,Goal,Root/div/station/vendor/vnd_typ,"IB_PAX_DOOROPEN/VND/EYW/,null,/FS",0,Yes
IB_PAX_DOOROPEN,Unifi,EYW,vendor,3,10.83,Goal,Root/div/station/vendor,IB_PAX_DOOROPEN/VND/EYW/Unifi,1,No
IB_PAX_DOOROPEN,FS,Unifi,vnd_typ,4,100.0,Goal,Root/div/station/vendor/vnd_typ,IB_PAX_DOOROPEN/VND/EYW/Unifi/FS,0,Yes
IB_PAX_DOOROPEN,FAI,VND,station,2,1.09,Goal,Root/div/station,IB_PAX_DOOROPEN/VND/FAI,2,No
IB_PAX_DOOROPEN,",null,",FAI,vendor,3,65.36,Goal,Root/div/station/vendor,"IB_PAX_DOOROPEN/VND/FAI/,null,",1,No
IB_PAX_DOOROPEN,FS,",null,",vnd_typ,4,100.0,Goal,Root/div/station/vendor/vnd_typ,"IB_PAX_DOOROPEN/VND/FAI/,null,/FS",0,Yes
IB_PAX_DOOROPEN,Unifi,FAI,vendor,3,34.64,Goal,Root/div/station/vendor,IB_PAX_DOOROPEN/VND/FAI/Unifi,1,No
IB_PAX_DOOROPEN,FS,Unifi,vnd_typ,4,100.0,Goal,Root/div/station/vendor/vnd_typ,IB_PAX_DOOROPEN/VND/FAI/Unifi/FS,0,Yes
IB_PAX_DOOROPEN,FAR,VND,station,2,0.69,Goal,Root/div/station,IB_PAX_DOOROPEN/VND/FAR,2,No
IB_PAX_DOOROPEN,",null,",FAR,vendor,3,63.94,Goal,Root/div/station/vendor,"IB_PAX_DOOROPEN/VND/FAR/,null,",1,No
IB_PAX_DOOROPEN,FS,",null,",vnd_typ,4,100.0,Goal,Root/div/station/vendor/vnd_typ,"IB_PAX_DOOROPEN/VND/FAR/,null,/FS",0,Yes
IB_PAX_DOOROPEN,Unifi,FAR,vendor,3,36.06,Goal,Root/div/station/vendor,IB_PAX_DOOROPEN/VND/FAR/Unifi,1,No
IB_PAX_DOOROPEN,FS,Unifi,vnd_typ,4,100.0,Goal,Root/div/station/vendor/vnd_typ,IB_PAX_DOOROPEN/VND/FAR/Unifi/FS,0,Yes
IB_PAX_DOOROPEN,FAT,VND,station,2,1.09,Goal,Root/div/station,IB_PAX_DOOROPEN/VND/FAT,2,No
IB_PAX_DOOROPEN,",null,",FAT,vendor,3,53.51,Goal,Root/div/station/vendor,"IB_PAX_DOOROPEN/VND/FAT/,null,",1,No
IB_PAX_DOOROPEN,FS,",null,",vnd_typ,4,100.0,Goal,Root/div/station/vendor/vnd_typ,"IB_PAX_DOOROPEN/VND/FAT/,null,/FS",0,Yes
IB_PAX_DOOROPEN,Unifi,FAT,vendor,3,46.49,Goal,Root/div/station/vendor,IB_PAX_DOOROPEN/VND/FAT/Unifi,1,No
IB_PAX_DOOROPEN,FS,Unifi,vnd_typ,4,100.0,Goal,Root/div/station/vendor/vnd_typ,IB_PAX_DOOROPEN/VND/FAT/Unifi/FS,0,Yes
IB_PAX_DOOROPEN,FAY,VND,station,2,0.58,Goal,Root/div/station,IB_PAX_DOOROPEN/VND/FAY,2,No
IB_PAX_DOOROPEN,",null,",FAY,vendor,3,19.41,Goal,Root/div/station/vendor,"IB_PAX_DOOROPEN/VND/FAY/,null,",1,No
IB_PAX_DOOROPEN,FS,",null,",vnd_typ,4,100.0,Goal,Root/div/station/vendor/vnd_typ,"IB_PAX_DOOROPEN/VND/FAY/,null,/FS",0,Yes
IB_PAX_DOOROPEN,Unifi,FAY,vendor,3,80.59,Goal,Root/div/station/vendor,IB_PAX_DOOROPEN/VND/FAY/Unifi,1,No
IB_PAX_DOOROPEN,FS,Unifi,vnd_typ,4,100.0,Goal,Root/div/station/vendor/vnd_typ,IB_PAX_DOOROPEN/VND/FAY/Unifi/FS,0,Yes
IB_PAX_DOOROPEN,FCA,VND,station,2,1.27,Goal,Root/div/station,IB_PAX_DOOROPEN/VND/FCA,2,No
IB_PAX_DOOROPEN,",null,",FCA,vendor,3,1.07,Goal,Root/div/station/vendor,"IB_PAX_DOOROPEN/VND/FCA/,null,",1,No
IB_PAX_DOOROPEN,FS,",null,",vnd_typ,4,100.0,Goal,Root/div/station/vendor/vnd_typ,"IB_PAX_DOOROPEN/VND/FCA/,null,/FS",0,Yes
IB_PAX_DOOROPEN,Unifi,FCA,vendor,3,98.93,Goal,Root/div/station/vendor,IB_PAX_DOOROPEN/VND/FCA/Unifi,1,No
IB_PAX_DOOROPEN,FS,Unifi,vnd_typ,4,100.0,Goal,Root/div/station/vendor/vnd_typ,IB_PAX_DOOROPEN/VND/FCA/Unifi/FS,0,Yes
IB_PAX_DOOROPEN,FSD,VND,station,2,1.04,Goal,Root/div/station,IB_PAX_DOOROPEN/VND/FSD,2,No
IB_PAX_DOOROPEN,",null,",FSD,vendor,3,71.88,Goal,Root/div/station/vendor,"IB_PAX_DOOROPEN/VND/FSD/,null,",1,No
IB_PAX_DOOROPEN,FS,",null,",vnd_typ,4,100.0,Goal,Root/div/station/vendor/vnd_typ,"IB_PAX_DOOROPEN/VND/FSD/,null,/FS",0,Yes
IB_PAX_DOOROPEN,Unifi,FSD,vendor,3,28.12,Goal,Root/div/station/vendor,IB_PAX_DOOROPEN/VND/FSD/Unifi,1,No
IB_PAX_DOOROPEN,FS,Unifi,vnd_typ,4,100.0,Goal,Root/div/station/vendor/vnd_typ,IB_PAX_DOOROPEN/VND/FSD/Unifi/FS,0,Yes
IB_PAX_DOOROPEN,FWA,VND,station,2,0.53,Goal,Root/div/station,IB_PAX_DOOROPEN/VND/FWA,2,No
IB_PAX_DOOROPEN,",null,",FWA,vendor,3,56.76,Goal,Root/div/station/vendor,"IB_PAX_DOOROPEN/VND/FWA/,null,",1,No
IB_PAX_DOOROPEN,FS,",null,",vnd_typ,4,100.0,Goal,Root/div/station/vendor/vnd_typ,"IB_PAX_DOOROPEN/VND/FWA/,null,/FS",0,Yes
IB_PAX_DOOROPEN,Unifi,FWA,vendor,3,43.24,Goal,Root/div/station/vendor,IB_PAX_DOOROPEN/VND/FWA/Unifi,1,No
IB_PAX_DOOROPEN,FS,Unifi,vnd_typ,4,100.0,Goal,Root/div/station/vendor/vnd_typ,IB_PAX_DOOROPEN/VND/FWA/Unifi/FS,0,Yes
IB_PAX_DOOROPEN,GEG,VND,station,2,1.45,Goal,Root/div/station,IB_PAX_DOOROPEN/VND/GEG,2,No
IB_PAX_DOOROPEN,",null,",GEG,vendor,3,58.67,Goal,Root/div/station/vendor,"IB_PAX_DOOROPEN/VND/GEG/,null,",1,No
IB_PAX_DOOROPEN,FS,",null,",vnd_typ,4,100.0,Goal,Root/div/station/vendor/vnd_typ,"IB_PAX_DOOROPEN/VND/GEG/,null,/FS",0,Yes
IB_PAX_DOOROPEN,Unifi,GEG,vendor,3,41.33,Goal,Root/div/station/vendor,IB_PAX_DOOROPEN/VND/GEG/Unifi,1,No
IB_PAX_DOOROPEN,FS,Unifi,vnd_typ,4,100.0,Goal,Root/div/station/vendor/vnd_typ,IB_PAX_DOOROPEN/VND/GEG/Unifi/FS,0,Yes
IB_PAX_DOOROPEN,GFK,VND,station,2,0.23,Goal,Root/div/station,IB_PAX_DOOROPEN/VND/GFK,2,No
IB_PAX_DOOROPEN,",null,",GFK,vendor,3,14.91,Goal,Root/div/station/vendor,"IB_PAX_DOOROPEN/VND/GFK/,null,",1,No
IB_PAX_DOOROPEN,FS,",null,",vnd_typ,4,100.0,Goal,Root/div/station/vendor/vnd_typ,"IB_PAX_DOOROPEN/VND/GFK/,null,/FS",0,Yes
IB_PAX_DOOROPEN,Unifi,GFK,vendor,3,85.09,Goal,Root/div/station/vendor,IB_PAX_DOOROPEN/VND/GFK/Unifi,1,No
IB_PAX_DOOROPEN,FS,Unifi,vnd_typ,4,100.0,Goal,Root/div/station/vendor/vnd_typ,IB_PAX_DOOROPEN/VND/GFK/Unifi/FS,0,Yes
IB_PAX_DOOROPEN,GJT,VND,station,2,0.15,Goal,Root/div/station,IB_PAX_DOOROPEN/VND/GJT,2,No
IB_PAX_DOOROPEN,",null,",GJT,vendor,3,41.27,Goal,Root/div/station/vendor,"IB_PAX_DOOROPEN/VND/GJT/,null,",1,No
IB_PAX_DOOROPEN,FS,",null,",vnd_typ,4,100.0,Goal,Root/div/station/vendor/vnd_typ,"IB_PAX_DOOROPEN/VND/GJT/,null,/FS",0,Yes
IB_PAX_DOOROPEN,SkyWest,GJT,vendor,3,58.73,Goal,Root/div/station/vendor,IB_PAX_DOOROPEN/VND/GJT/SkyWest,1,No
IB_PAX_DOOROPEN,FS,SkyWest,vnd_typ,4,100.0,Goal,Root/div/station/vendor/vnd_typ,IB_PAX_DOOROPEN/VND/GJT/SkyWest/FS,0,Yes
IB_PAX_DOOROPEN,GNV,VND,station,2,1.22,Goal,Root/div/station,IB_PAX_DOOROPEN/VND/GNV,2,No
IB_PAX_DOOROPEN,",null,",GNV,vendor,3,22.9,Goal,Root/div/station/vendor,"IB_PAX_DOOROPEN/VND/GNV/,null,",1,No
IB_PAX_DOOROPEN,FS,",null,",vnd_typ,4,100.0,Goal,Root/div/station/vendor/vnd_typ,"IB_PAX_DOOROPEN/VND/GNV/,null,/FS",0,Yes
IB_PAX_DOOROPEN,Unifi,GNV,vendor,3,77.1,Goal,Root/div/station/vendor,IB_PAX_DOOROPEN/VND/GNV/Unifi,1,No
IB_PAX_DOOROPEN,FS,Unifi,vnd_typ,4,100.0,Goal,Root/div/station/vendor/vnd_typ,IB_PAX_DOOROPEN/VND/GNV/Unifi/FS,0,Yes
IB_PAX_DOOROPEN,GPT,VND,station,2,1.06,Goal,Root/div/station,IB_PAX_DOOROPEN/VND/GPT,2,No
IB_PAX_DOOROPEN,",null,",GPT,vendor,3,55.39,Goal,Root/div/station/vendor,"IB_PAX_DOOROPEN/VND/GPT/,null,",1,No
IB_PAX_DOOROPEN,FS,",null,",vnd_typ,4,100.0,Goal,Root/div/station/vendor/vnd_typ,"IB_PAX_DOOROPEN/VND/GPT/,null,/FS",0,Yes
IB_PAX_DOOROPEN,Unifi,GPT,vendor,3,44.61,Goal,Root/div/station/vendor,IB_PAX_DOOROPEN/VND/GPT/Unifi,1,No
IB_PAX_DOOROPEN,FS,Unifi,vnd_typ,4,100.0,Goal,Root/div/station/vendor/vnd_typ,IB_PAX_DOOROPEN/VND/GPT/Unifi/FS,0,Yes
IB_PAX_DOOROPEN,GTF,VND,station,2,0.4,Goal,Root/div/station,IB_PAX_DOOROPEN/VND/GTF,2,No
IB_PAX_DOOROPEN,",null,",GTF,vendor,3,91.28,Goal,Root/div/station/vendor,"IB_PAX_DOOROPEN/VND/GTF/,null,",1,No
IB_PAX_DOOROPEN,FS,",null,",vnd_typ,4,100.0,Goal,Root/div/station/vendor/vnd_typ,"IB_PAX_DOOROPEN/VND/GTF/,null,/FS",0,Yes
IB_PAX_DOOROPEN,Unifi,GTF,vendor,3,8.72,Goal,Root/div/station/vendor,IB_PAX_DOOROPEN/VND/GTF/Unifi,1,No
IB_PAX_DOOROPEN,FS,Unifi,vnd_typ,4,100.0,Goal,Root/div/station/vendor/vnd_typ,IB_PAX_DOOROPEN/VND/GTF/Unifi/FS,0,Yes
IB_PAX_DOOROPEN,GTR,VND,station,2,1.02,Goal,Root/div/station,IB_PAX_DOOROPEN/VND/GTR,3,No
IB_PAX_DOOROPEN,",null,",GTR,vendor,3,72.55,Goal,Root/div/station/vendor,"IB_PAX_DOOROPEN/VND/GTR/,null,",1,No
IB_PAX_DOOROPEN,FS,",null,",vnd_typ,4,100.0,Goal,Root/div/station/vendor/vnd_typ,"IB_PAX_DOOROPEN/VND/GTR/,null,/FS",0,Yes
IB_PAX_DOOROPEN,G2,GTR,vendor,3,13.48,Goal,Root/div/station/vendor,IB_PAX_DOOROPEN/VND/GTR/G2,1,No
IB_PAX_DOOROPEN,FS,G2,vnd_typ,4,100.0,Goal,Root/div/station/vendor/vnd_typ,IB_PAX_DOOROPEN/VND/GTR/G2/FS,0,Yes
IB_PAX_DOOROPEN,Menzies Aviation,GTR,vendor,3,13.97,Goal,Root/div/station/vendor,IB_PAX_DOOROPEN/VND/GTR/Menzies Aviation,1,No
IB_PAX_DOOROPEN,FS,Menzies Aviation,vnd_typ,4,100.0,Goal,Root/div/station/vendor/vnd_typ,IB_PAX_DOOROPEN/VND/GTR/Menzies Aviation/FS,0,Yes
IB_PAX_DOOROPEN,HDN,VND,station,2,0.56,Goal,Root/div/station,IB_PAX_DOOROPEN/VND/HDN,3,No
IB_PAX_DOOROPEN,",null,",HDN,vendor,3,39.05,Goal,Root/div/station/vendor,"IB_PAX_DOOROPEN/VND/HDN/,null,",1,No
IB_PAX_DOOROPEN,FS,",null,",vnd_typ,4,100.0,Goal,Root/div/station/vendor/vnd_typ,"IB_PAX_DOOROPEN/VND/HDN/,null,/FS",0,Yes
IB_PAX_DOOROPEN,G2,HDN,vendor,3,28.11,Goal,Root/div/station/vendor,IB_PAX_DOOROPEN/VND/HDN/G2,1,No
IB_PAX_DOOROPEN,FS,G2,vnd_typ,4,100.0,Goal,Root/div/station/vendor/vnd_typ,IB_PAX_DOOROPEN/VND/HDN/G2/FS,0,Yes
IB_PAX_DOOROPEN,Menzies Aviation,HDN,vendor,3,32.84,Goal,Root/div/station/vendor,IB_PAX_DOOROPEN/VND/HDN/Menzies Aviation,1,No
IB_PAX_DOOROPEN,FS,Menzies Aviation,vnd_typ,4,100.0,Goal,Root/div/station/vendor/vnd_typ,IB_PAX_DOOROPEN/VND/HDN/Menzies Aviation/FS,0,Yes
IB_PAX_DOOROPEN,HHH,VND,station,2,0.87,Goal,Root/div/station,IB_PAX_DOOROPEN/VND/HHH,1,No
IB_PAX_DOOROPEN,Unifi,HHH,vendor,3,100.0,Goal,Root/div/station/vendor,IB_PAX_DOOROPEN/VND/HHH/Unifi,1,No
IB_PAX_DOOROPEN,FS,Unifi,vnd_typ,4,100.0,Goal,Root/div/station/vendor/vnd_typ,IB_PAX_DOOROPEN/VND/HHH/Unifi/FS,0,Yes
IB_PAX_DOOROPEN,HIB,VND,station,2,1.23,Goal,Root/div/station,IB_PAX_DOOROPEN/VND/HIB,2,No
IB_PAX_DOOROPEN,",null,",HIB,vendor,3,2.52,Goal,Root/div/station/vendor,"IB_PAX_DOOROPEN/VND/HIB/,null,",1,No
IB_PAX_DOOROPEN,FS,",null,",vnd_typ,4,100.0,Goal,Root/div/station/vendor/vnd_typ,"IB_PAX_DOOROPEN/VND/HIB/,null,/FS",0,Yes
IB_PAX_DOOROPEN,SkyWest,HIB,vendor,3,97.48,Goal,Root/div/station/vendor,IB_PAX_DOOROPEN/VND/HIB/SkyWest,1,No
IB_PAX_DOOROPEN,FS,SkyWest,vnd_typ,4,100.0,Goal,Root/div/station/vendor/vnd_typ,IB_PAX_DOOROPEN/VND/HIB/SkyWest/FS,0,Yes
IB_PAX_DOOROPEN,HLN,VND,station,2,0.8,Goal,Root/div/station,IB_PAX_DOOROPEN/VND/HLN,2,No
IB_PAX_DOOROPEN,",null,",HLN,vendor,3,14.05,Goal,Root/div/station/vendor,"IB_PAX_DOOROPEN/VND/HLN/,null,",1,No
IB_PAX_DOOROPEN,FS,",null,",vnd_typ,4,100.0,Goal,Root/div/station/vendor/vnd_typ,"IB_PAX_DOOROPEN/VND/HLN/,null,/FS",0,Yes
IB_PAX_DOOROPEN,SkyWest,HLN,vendor,3,85.95,Goal,Root/div/station/vendor,IB_PAX_DOOROPEN/VND/HLN/SkyWest,1,No
IB_PAX_DOOROPEN,FS,SkyWest,vnd_typ,4,100.0,Goal,Root/div/station/vendor/vnd_typ,IB_PAX_DOOROPEN/VND/HLN/SkyWest/FS,0,Yes
IB_PAX_DOOROPEN,HPN,VND,station,2,1.38,Goal,Root/div/station,IB_PAX_DOOROPEN/VND/HPN,3,No
IB_PAX_DOOROPEN,",null,",HPN,vendor,3,41.5,Goal,Root/div/station/vendor,"IB_PAX_DOOROPEN/VND/HPN/,null,",1,No
IB_PAX_DOOROPEN,FS,",null,",vnd_typ,4,100.0,Goal,Root/div/station/vendor/vnd_typ,"IB_PAX_DOOROPEN/VND/HPN/,null,/FS",0,Yes
IB_PAX_DOOROPEN,Unifi,HPN,vendor,3,46.44,Goal,Root/div/station/vendor,IB_PAX_DOOROPEN/VND/HPN/Unifi,1,No
IB_PAX_DOOROPEN,FS,Unifi,vnd_typ,4,100.0,Goal,Root/div/station/vendor/vnd_typ,IB_PAX_DOOROPEN/VND/HPN/Unifi/FS,0,Yes
IB_PAX_DOOROPEN,WESTCHESTER COUNTY AIRPORT,HPN,vendor,3,12.06,Goal,Root/div/station/vendor,IB_PAX_DOOROPEN/VND/HPN/WESTCHESTER COUNTY AIRPORT,1,No
IB_PAX_DOOROPEN,FS,WESTCHESTER COUNTY AIRPORT,vnd_typ,4,100.0,Goal,Root/div/station/vendor/vnd_typ,IB_PAX_DOOROPEN/VND/HPN/WESTCHESTER COUNTY AIRPORT/FS,0,Yes
IB_PAX_DOOROPEN,HRL,VND,station,2,0.21,Goal,Root/div/station,IB_PAX_DOOROPEN/VND/HRL,2,No
IB_PAX_DOOROPEN,",null,",HRL,vendor,3,57.73,Goal,Root/div/station/vendor,"IB_PAX_DOOROPEN/VND/HRL/,null,",1,No
IB_PAX_DOOROPEN,FS,",null,",vnd_typ,4,100.0,Goal,Root/div/station/vendor/vnd_typ,"IB_PAX_DOOROPEN/VND/HRL/,null,/FS",0,Yes
IB_PAX_DOOROPEN,Valley International Airport Ground Handling Services,HRL,vendor,3,42.27,Goal,Root/div/station/vendor,IB_PAX_DOOROPEN/VND/HRL/Valley International Airport Ground Handling Services,1,No
IB_PAX_DOOROPEN,FS,Valley International Airport Ground Handling Services,vnd_typ,4,100.0,Goal,Root/div/station/vendor/vnd_typ,IB_PAX_DOOROPEN/VND/HRL/Valley International Airport Ground Handling Services/FS,0,Yes
IB_PAX_DOOROPEN,ICT,VND,station,2,0.47,Goal,Root/div/station,IB_PAX_DOOROPEN/VND/ICT,2,No
IB_PAX_DOOROPEN,",null,",ICT,vendor,3,20.87,Goal,Root/div/station/vendor,"IB_PAX_DOOROPEN/VND/ICT/,null,",1,No
IB_PAX_DOOROPEN,FS,",null,",vnd_typ,4,100.0,Goal,Root/div/station/vendor/vnd_typ,"IB_PAX_DOOROPEN/VND/ICT/,null,/FS",0,Yes
IB_PAX_DOOROPEN,Unifi,ICT,vendor,3,79.13,Goal,Root/div/station/vendor,IB_PAX_DOOROPEN/VND/ICT/Unifi,1,No
IB_PAX_DOOROPEN,FS,Unifi,vnd_typ,4,100.0,Goal,Root/div/station/vendor/vnd_typ,IB_PAX_DOOROPEN/VND/ICT/Unifi/FS,0,Yes
IB_PAX_DOOROPEN,IDA,VND,station,2,0.04,Goal,Root/div/station,IB_PAX_DOOROPEN/VND/IDA,2,No
IB_PAX_DOOROPEN,",null,",IDA,vendor,3,84.05,Goal,Root/div/station/vendor,"IB_PAX_DOOROPEN/VND/IDA/,null,",1,No
IB_PAX_DOOROPEN,FS,",null,",vnd_typ,4,100.0,Goal,Root/div/station/vendor/vnd_typ,"IB_PAX_DOOROPEN/VND/IDA/,null,/FS",0,Yes
IB_PAX_DOOROPEN,SkyWest,IDA,vendor,3,15.95,Goal,Root/div/station/vendor,IB_PAX_DOOROPEN/VND/IDA/SkyWest,1,No
IB_PAX_DOOROPEN,FS,SkyWest,vnd_typ,4,100.0,Goal,Root/div/station/vendor/vnd_typ,IB_PAX_DOOROPEN/VND/IDA/SkyWest/FS,0,Yes
IB_PAX_DOOROPEN,ILM,VND,station,2,0.36,Goal,Root/div/station,IB_PAX_DOOROPEN/VND/ILM,2,No
IB_PAX_DOOROPEN,",null,",ILM,vendor,3,49.38,Goal,Root/div/station/vendor,"IB_PAX_DOOROPEN/VND/ILM/,null,",1,No
IB_PAX_DOOROPEN,FS,",null,",vnd_typ,4,100.0,Goal,Root/div/station/vendor/vnd_typ,"IB_PAX_DOOROPEN/VND/ILM/,null,/FS",0,Yes
IB_PAX_DOOROPEN,Unifi,ILM,vendor,3,50.62,Goal,Root/div/station/vendor,IB_PAX_DOOROPEN/VND/ILM/Unifi,1,No
IB_PAX_DOOROPEN,FS,Unifi,vnd_typ,4,100.0,Goal,Root/div/station/vendor/vnd_typ,IB_PAX_DOOROPEN/VND/ILM/Unifi/FS,0,Yes
IB_PAX_DOOROPEN,IMT,VND,station,2,1.12,Goal,Root/div/station,IB_PAX_DOOROPEN/VND/IMT,2,No
IB_PAX_DOOROPEN,",null,",IMT,vendor,3,51.42,Goal,Root/div/station/vendor,"IB_PAX_DOOROPEN/VND/IMT/,null,",1,No
IB_PAX_DOOROPEN,FS,",null,",vnd_typ,4,100.0,Goal,Root/div/station/vendor/vnd_typ,"IB_PAX_DOOROPEN/VND/IMT/,null,/FS",0,Yes
IB_PAX_DOOROPEN,Unifi,IMT,vendor,3,48.58,Goal,Root/div/station/vendor,IB_PAX_DOOROPEN/VND/IMT/Unifi,1,No
IB_PAX_DOOROPEN,FS,Unifi,vnd_typ,4,100.0,Goal,Root/div/station/vendor/vnd_typ,IB_PAX_DOOROPEN/VND/IMT/Unifi/FS,0,Yes
IB_PAX_DOOROPEN,INL,VND,station,2,1.36,Goal,Root/div/station,IB_PAX_DOOROPEN/VND/INL,2,No
IB_PAX_DOOROPEN,",null,",INL,vendor,3,44.41,Goal,Root/div/station/vendor,"IB_PAX_DOOROPEN/VND/INL/,null,",1,No
IB_PAX_DOOROPEN,FS,",null,",vnd_typ,4,100.0,Goal,Root/div/station/vendor/vnd_typ,"IB_PAX_DOOROPEN/VND/INL/,null,/FS",0,Yes
IB_PAX_DOOROPEN,Unifi,INL,vendor,3,55.59,Goal,Root/div/station/vendor,IB_PAX_DOOROPEN/VND/INL/Unifi,1,No
IB_PAX_DOOROPEN,FS,Unifi,vnd_typ,4,100.0,Goal,Root/div/station/vendor/vnd_typ,IB_PAX_DOOROPEN/VND/INL/Unifi/FS,0,Yes
IB_PAX_DOOROPEN,ITH,VND,station,2,0.45,Goal,Root/div/station,IB_PAX_DOOROPEN/VND/ITH,2,No
IB_PAX_DOOROPEN,",null,",ITH,vendor,3,12.5,Goal,Root/div/station/vendor,"IB_PAX_DOOROPEN/VND/ITH/,null,",1,No
IB_PAX_DOOROPEN,FS,",null,",vnd_typ,4,100.0,Goal,Root/div/station/vendor/vnd_typ,"IB_PAX_DOOROPEN/VND/ITH/,null,/FS",0,Yes
IB_PAX_DOOROPEN,Unifi,ITH,vendor,3,87.5,Goal,Root/div/station/vendor,IB_PAX_DOOROPEN/VND/ITH/Unifi,1,No
IB_PAX_DOOROPEN,FS,Unifi,vnd_typ,4,100.0,Goal,Root/div/station/vendor/vnd_typ,IB_PAX_DOOROPEN/VND/ITH/Unifi/FS,0,Yes
IB_PAX_DOOROPEN,JAC,VND,station,2,0.13,Goal,Root/div/station,IB_PAX_DOOROPEN/VND/JAC,2,No
IB_PAX_DOOROPEN,",null,",JAC,vendor,3,32.24,Goal,Root/div/station/vendor,"IB_PAX_DOOROPEN/VND/JAC/,null,",1,No
IB_PAX_DOOROPEN,FS,",null,",vnd_typ,4,100.0,Goal,Root/div/station/vendor/vnd_typ,"IB_PAX_DOOROPEN/VND/JAC/,null,/FS",0,Yes
IB_PAX_DOOROPEN,Unifi,JAC,vendor,3,67.76,Goal,Root/div/station/vendor,IB_PAX_DOOROPEN/VND/JAC/Unifi,1,No
IB_PAX_DOOROPEN,FS,Unifi,vnd_typ,4,100.0,Goal,Root/div/station/vendor/vnd_typ,IB_PAX_DOOROPEN/VND/JAC/Unifi/FS,0,Yes
IB_PAX_DOOROPEN,JNU,VND,station,2,0.8,Goal,Root/div/station,IB_PAX_DOOROPEN/VND/JNU,1,No
IB_PAX_DOOROPEN,Unifi,JNU,vendor,3,100.0,Goal,Root/div/station/vendor,IB_PAX_DOOROPEN/VND/JNU/Unifi,1,No
IB_PAX_DOOROPEN,FS,Unifi,vnd_typ,4,100.0,Goal,Root/div/station/vendor/vnd_typ,IB_PAX_DOOROPEN/VND/JNU/Unifi/FS,0,Yes
IB_PAX_DOOROPEN,LAN,VND,station,2,1.25,Goal,Root/div/station,IB_PAX_DOOROPEN/VND/LAN,2,No
IB_PAX_DOOROPEN,",null,",LAN,vendor,3,87.2,Goal,Root/div/station/vendor,"IB_PAX_DOOROPEN/VND/LAN/,null,",1,No
IB_PAX_DOOROPEN,FS,",null,",vnd_typ,4,100.0,Goal,Root/div/station/vendor/vnd_typ,"IB_PAX_DOOROPEN/VND/LAN/,null,/FS",0,Yes
IB_PAX_DOOROPEN,Unifi,LAN,vendor,3,12.8,Goal,Root/div/station/vendor,IB_PAX_DOOROPEN/VND/LAN/Unifi,1,No
IB_PAX_DOOROPEN,FS,Unifi,vnd_typ,4,100.0,Goal,Root/div/station/vendor/vnd_typ,IB_PAX_DOOROPEN/VND/LAN/Unifi/FS,0,Yes
IB_PAX_DOOROPEN,LFT,VND,station,2,0.01,Goal,Root/div/station,IB_PAX_DOOROPEN/VND/LFT,2,No
IB_PAX_DOOROPEN,",null,",LFT,vendor,3,35.98,Goal,Root/div/station/vendor,"IB_PAX_DOOROPEN/VND/LFT/,null,",1,No
IB_PAX_DOOROPEN,FS,",null,",vnd_typ,4,100.0,Goal,Root/div/station/vendor/vnd_typ,"IB_PAX_DOOROPEN/VND/LFT/,null,/FS",0,Yes
IB_PAX_DOOROPEN,Unifi,LFT,vendor,3,64.02,Goal,Root/div/station/vendor,IB_PAX_DOOROPEN/VND/LFT/Unifi,1,No
IB_PAX_DOOROPEN,FS,Unifi,vnd_typ,4,100.0,Goal,Root/div/station/vendor/vnd_typ,IB_PAX_DOOROPEN/VND/LFT/Unifi/FS,0,Yes
IB_PAX_DOOROPEN,LGB,VND,station,2,0.99,Goal,Root/div/station,IB_PAX_DOOROPEN/VND/LGB,2,No
IB_PAX_DOOROPEN,",null,",LGB,vendor,3,42.69,Goal,Root/div/station/vendor,"IB_PAX_DOOROPEN/VND/LGB/,null,",1,No
IB_PAX_DOOROPEN,FS,",null,",vnd_typ,4,100.0,Goal,Root/div/station/vendor/vnd_typ,"IB_PAX_DOOROPEN/VND/LGB/,null,/FS",0,Yes
IB_PAX_DOOROPEN,Unifi,LGB,vendor,3,57.31,Goal,Root/div/station/vendor,IB_PAX_DOOROPEN/VND/LGB/Unifi,1,No
IB_PAX_DOOROPEN,FS,Unifi,vnd_typ,4,100.0,Goal,Root/div/station/vendor/vnd_typ,IB_PAX_DOOROPEN/VND/LGB/Unifi/FS,0,Yes
IB_PAX_DOOROPEN,LWS,VND,station,2,0.05,Goal,Root/div/station,IB_PAX_DOOROPEN/VND/LWS,2,No
IB_PAX_DOOROPEN,",null,",LWS,vendor,3,38.59,Goal,Root/div/station/vendor,"IB_PAX_DOOROPEN/VND/LWS/,null,",1,No
IB_PAX_DOOROPEN,FS,",null,",vnd_typ,4,100.0,Goal,Root/div/station/vendor/vnd_typ,"IB_PAX_DOOROPEN/VND/LWS/,null,/FS",0,Yes
IB_PAX_DOOROPEN,SkyWest,LWS,vendor,3,61.41,Goal,Root/div/station/vendor,IB_PAX_DOOROPEN/VND/LWS/SkyWest,1,No
IB_PAX_DOOROPEN,FS,SkyWest,vnd_typ,4,100.0,Goal,Root/div/station/vendor/vnd_typ,IB_PAX_DOOROPEN/VND/LWS/SkyWest/FS,0,Yes
IB_PAX_DOOROPEN,MBS,VND,station,2,1.4,Goal,Root/div/station,IB_PAX_DOOROPEN/VND/MBS,2,No
IB_PAX_DOOROPEN,",null,",MBS,vendor,3,60.74,Goal,Root/div/station/vendor,"IB_PAX_DOOROPEN/VND/MBS/,null,",1,No
IB_PAX_DOOROPEN,FS,",null,",vnd_typ,4,100.0,Goal,Root/div/station/vendor/vnd_typ,"IB_PAX_DOOROPEN/VND/MBS/,null,/FS",0,Yes
IB_PAX_DOOROPEN,Unifi,MBS,vendor,3,39.26,Goal,Root/div/station/vendor,IB_PAX_DOOROPEN/VND/MBS/Unifi,1,No
IB_PAX_DOOROPEN,FS,Unifi,vnd_typ,4,100.0,Goal,Root/div/station/vendor/vnd_typ,IB_PAX_DOOROPEN/VND/MBS/Unifi/FS,0,Yes
IB_PAX_DOOROPEN,MDT,VND,station,2,1.32,Goal,Root/div/station,IB_PAX_DOOROPEN/VND/MDT,2,No
IB_PAX_DOOROPEN,",null,",MDT,vendor,3,70.58,Goal,Root/div/station/vendor,"IB_PAX_DOOROPEN/VND/MDT/,null,",1,No
IB_PAX_DOOROPEN,FS,",null,",vnd_typ,4,100.0,Goal,Root/div/station/vendor/vnd_typ,"IB_PAX_DOOROPEN/VND/MDT/,null,/FS",0,Yes
IB_PAX_DOOROPEN,Unifi,MDT,vendor,3,29.42,Goal,Root/div/station/vendor,IB_PAX_DOOROPEN/VND/MDT/Unifi,1,No
IB_PAX_DOOROPEN,FS,Unifi,vnd_typ,4,100.0,Goal,Root/div/station/vendor/vnd_typ,IB_PAX_DOOROPEN/VND/MDT/Unifi/FS,0,Yes
IB_PAX_DOOROPEN,MFE,VND,station,2,0.13,Goal,Root/div/station,IB_PAX_DOOROPEN/VND/MFE,2,No
IB_PAX_DOOROPEN,",null,",MFE,vendor,3,32.43,Goal,Root/div/station/vendor,"IB_PAX_DOOROPEN/VND/MFE/,null,",1,No
IB_PAX_DOOROPEN,FS,",null,",vnd_typ,4,100.0,Goal,Root/div/station/vendor/vnd_typ,"IB_PAX_DOOROPEN/VND/MFE/,null,/FS",0,Yes
IB_PAX_DOOROPEN,PrimeFlight,MFE,vendor,3,67.57,Goal,Root/div/station/vendor,IB_PAX_DOOROPEN/VND/MFE/PrimeFlight,1,No
IB_PAX_DOOROPEN,FS,PrimeFlight,vnd_typ,4,100.0,Goal,Root/div/station/vendor/vnd_typ,IB_PAX_DOOROPEN/VND/MFE/PrimeFlight/FS,0,Yes
IB_PAX_DOOROPEN,MFR,VND,station,2,1.04,Goal,Root/div/station,IB_PAX_DOOROPEN/VND/MFR,2,No
IB_PAX_DOOROPEN,",null,",MFR,vendor,3,84.37,Goal,Root/div/station/vendor,"IB_PAX_DOOROPEN/VND/MFR/,null,",1,No
IB_PAX_DOOROPEN,FS,",null,",vnd_typ,4,100.0,Goal,Root/div/station/vendor/vnd_typ,"IB_PAX_DOOROPEN/VND/MFR/,null,/FS",0,Yes
IB_PAX_DOOROPEN,Unifi,MFR,vendor,3,15.63,Goal,Root/div/station/vendor,IB_PAX_DOOROPEN/VND/MFR/Unifi,1,No
IB_PAX_DOOROPEN,FS,Unifi,vnd_typ,4,100.0,Goal,Root/div/station/vendor/vnd_typ,IB_PAX_DOOROPEN/VND/MFR/Unifi/FS,0,Yes
IB_PAX_DOOROPEN,MGM,VND,station,2,0.89,Goal,Root/div/station,IB_PAX_DOOROPEN/VND/MGM,2,No
IB_PAX_DOOROPEN,",null,",MGM,vendor,3,22.02,Goal,Root/div/station/vendor,"IB_PAX_DOOROPEN/VND/MGM/,null,",1,No
IB_PAX_DOOROPEN,FS,",null,",vnd_typ,4,100.0,Goal,Root/div/station/vendor/vnd_typ,"IB_PAX_DOOROPEN/VND/MGM/,null,/FS",0,Yes
IB_PAX_DOOROPEN,Unifi,MGM,vendor,3,77.98,Goal,Root/div/station/vendor,IB_PAX_DOOROPEN/VND/MGM/Unifi,1,No
IB_PAX_DOOROPEN,FS,Unifi,vnd_typ,4,100.0,Goal,Root/div/station/vendor/vnd_typ,IB_PAX_DOOROPEN/VND/MGM/Unifi/FS,0,Yes
IB_PAX_DOOROPEN,MLI,VND,station,2,0.52,Goal,Root/div/station,IB_PAX_DOOROPEN/VND/MLI,2,No
IB_PAX_DOOROPEN,",null,",MLI,vendor,3,24.91,Goal,Root/div/station/vendor,"IB_PAX_DOOROPEN/VND/MLI/,null,",1,No
IB_PAX_DOOROPEN,FS,",null,",vnd_typ,4,100.0,Goal,Root/div/station/vendor/vnd_typ,"IB_PAX_DOOROPEN/VND/MLI/,null,/FS",0,Yes
IB_PAX_DOOROPEN,Unifi,MLI,vendor,3,75.09,Goal,Root/div/station/vendor,IB_PAX_DOOROPEN/VND/MLI/Unifi,1,No
IB_PAX_DOOROPEN,FS,Unifi,vnd_typ,4,100.0,Goal,Root/div/station/vendor/vnd_typ,IB_PAX_DOOROPEN/VND/MLI/Unifi/FS,0,Yes
IB_PAX_DOOROPEN,MLU,VND,station,2,0.64,Goal,Root/div/station,IB_PAX_DOOROPEN/VND/MLU,2,No
IB_PAX_DOOROPEN,",null,",MLU,vendor,3,17.94,Goal,Root/div/station/vendor,"IB_PAX_DOOROPEN/VND/MLU/,null,",1,No
IB_PAX_DOOROPEN,FS,",null,",vnd_typ,4,100.0,Goal,Root/div/station/vendor/vnd_typ,"IB_PAX_DOOROPEN/VND/MLU/,null,/FS",0,Yes
IB_PAX_DOOROPEN,Unifi,MLU,vendor,3,82.06,Goal,Root/div/station/vendor,IB_PAX_DOOROPEN/VND/MLU/Unifi,1,No
IB_PAX_DOOROPEN,FS,Unifi,vnd_typ,4,100.0,Goal,Root/div/station/vendor/vnd_typ,IB_PAX_DOOROPEN/VND/MLU/Unifi/FS,0,Yes
IB_PAX_DOOROPEN,MOT,VND,station,2,0.94,Goal,Root/div/station,IB_PAX_DOOROPEN/VND/MOT,2,No
IB_PAX_DOOROPEN,",null,",MOT,vendor,3,92.2,Goal,Root/div/station/vendor,"IB_PAX_DOOROPEN/VND/MOT/,null,",1,No
IB_PAX_DOOROPEN,FS,",null,",vnd_typ,4,100.0,Goal,Root/div/station/vendor/vnd_typ,"IB_PAX_DOOROPEN/VND/MOT/,null,/FS",0,Yes
IB_PAX_DOOROPEN,Unifi,MOT,vendor,3,7.8,Goal,Root/div/station/vendor,IB_PAX_DOOROPEN/VND/MOT/Unifi,1,No
IB_PAX_DOOROPEN,FS,Unifi,vnd_typ,4,100.0,Goal,Root/div/station/vendor/vnd_typ,IB_PAX_DOOROPEN/VND/MOT/Unifi/FS,0,Yes
IB_PAX_DOOROPEN,MQT,VND,station,2,0.84,Goal,Root/div/station,IB_PAX_DOOROPEN/VND/MQT,2,No
IB_PAX_DOOROPEN,",null,",MQT,vendor,3,23.51,Goal,Root/div/station/vendor,"IB_PAX_DOOROPEN/VND/MQT/,null,",1,No
IB_PAX_DOOROPEN,FS,",null,",vnd_typ,4,100.0,Goal,Root/div/station/vendor/vnd_typ,"IB_PAX_DOOROPEN/VND/MQT/,null,/FS",0,Yes
IB_PAX_DOOROPEN,SkyWest,MQT,vendor,3,76.49,Goal,Root/div/station/vendor,IB_PAX_DOOROPEN/VND/MQT/SkyWest,1,No
IB_PAX_DOOROPEN,FS,SkyWest,vnd_typ,4,100.0,Goal,Root/div/station/vendor/vnd_typ,IB_PAX_DOOROPEN/VND/MQT/SkyWest/FS,0,Yes
IB_PAX_DOOROPEN,MSO,VND,station,2,0.66,Goal,Root/div/station,IB_PAX_DOOROPEN/VND/MSO,2,No
IB_PAX_DOOROPEN,",null,",MSO,vendor,3,74.65,Goal,Root/div/station/vendor,"IB_PAX_DOOROPEN/VND/MSO/,null,",1,No
IB_PAX_DOOROPEN,FS,",null,",vnd_typ,4,100.0,Goal,Root/div/station/vendor/vnd_typ,"IB_PAX_DOOROPEN/VND/MSO/,null,/FS",0,Yes
IB_PAX_DOOROPEN,Unifi,MSO,vendor,3,25.35,Goal,Root/div/station/vendor,IB_PAX_DOOROPEN/VND/MSO/Unifi,1,No
IB_PAX_DOOROPEN,FS,Unifi,vnd_typ,4,100.0,Goal,Root/div/station/vendor/vnd_typ,IB_PAX_DOOROPEN/VND/MSO/Unifi/FS,0,Yes
IB_PAX_DOOROPEN,MTJ,VND,station,2,1.01,Goal,Root/div/station,IB_PAX_DOOROPEN/VND/MTJ,3,No
IB_PAX_DOOROPEN,",null,",MTJ,vendor,3,21.87,Goal,Root/div/station/vendor,"IB_PAX_DOOROPEN/VND/MTJ/,null,",1,No
IB_PAX_DOOROPEN,FS,",null,",vnd_typ,4,100.0,Goal,Root/div/station/vendor/vnd_typ,"IB_PAX_DOOROPEN/VND/MTJ/,null,/FS",0,Yes
IB_PAX_DOOROPEN,G2,MTJ,vendor,3,39.87,Goal,Root/div/station/vendor,IB_PAX_DOOROPEN/VND/MTJ/G2,1,No
IB_PAX_DOOROPEN,FS,G2,vnd_typ,4,100.0,Goal,Root/div/station/vendor/vnd_typ,IB_PAX_DOOROPEN/VND/MTJ/G2/FS,0,Yes
IB_PAX_DOOROPEN,Menzies Aviation,MTJ,vendor,3,38.26,Goal,Root/div/station/vendor,IB_PAX_DOOROPEN/VND/MTJ/Menzies Aviation,1,No
IB_PAX_DOOROPEN,FS,Menzies Aviation,vnd_typ,4,100.0,Goal,Root/div/station/vendor/vnd_typ,IB_PAX_DOOROPEN/VND/MTJ/Menzies Aviation/FS,0,Yes
IB_PAX_DOOROPEN,MVY,VND,station,2,0.24,Goal,Root/div/station,IB_PAX_DOOROPEN/VND/MVY,1,No
IB_PAX_DOOROPEN,Unifi,MVY,vendor,3,100.0,Goal,Root/div/station/vendor,IB_PAX_DOOROPEN/VND/MVY/Unifi,1,No
IB_PAX_DOOROPEN,FS,Unifi,vnd_typ,4,100.0,Goal,Root/div/station/vendor/vnd_typ,IB_PAX_DOOROPEN/VND/MVY/Unifi/FS,0,Yes
IB_PAX_DOOROPEN,MYR,VND,station,2,1.38,Goal,Root/div/station,IB_PAX_DOOROPEN/VND/MYR,2,No
IB_PAX_DOOROPEN,",null,",MYR,vendor,3,58.23,Goal,Root/div/station/vendor,"IB_PAX_DOOROPEN/VND/MYR/,null,",1,No
IB_PAX_DOOROPEN,FS,",null,",vnd_typ,4,100.0,Goal,Root/div/station/vendor/vnd_typ,"IB_PAX_DOOROPEN/VND/MYR/,null,/FS",0,Yes
IB_PAX_DOOROPEN,Unifi,MYR,vendor,3,41.77,Goal,Root/div/station/vendor,IB_PAX_DOOROPEN/VND/MYR/Unifi,1,No
IB_PAX_DOOROPEN,FS,Unifi,vnd_typ,4,100.0,Goal,Root/div/station/vendor/vnd_typ,IB_PAX_DOOROPEN/VND/MYR/Unifi/FS,0,Yes
IB_PAX_DOOROPEN,OAJ,VND,station,2,0.36,Goal,Root/div/station,IB_PAX_DOOROPEN/VND/OAJ,2,No
IB_PAX_DOOROPEN,",null,",OAJ,vendor,3,5.53,Goal,Root/div/station/vendor,"IB_PAX_DOOROPEN/VND/OAJ/,null,",1,No
IB_PAX_DOOROPEN,FS,",null,",vnd_typ,4,100.0,Goal,Root/div/station/vendor/vnd_typ,"IB_PAX_DOOROPEN/VND/OAJ/,null,/FS",0,Yes
IB_PAX_DOOROPEN,Unifi,OAJ,vendor,3,94.47,Goal,Root/div/station/vendor,IB_PAX_DOOROPEN/VND/OAJ/Unifi,1,No
IB_PAX_DOOROPEN,FS,Unifi,vnd_typ,4,100.0,Goal,Root/div/station/vendor/vnd_typ,IB_PAX_DOOROPEN/VND/OAJ/Unifi/FS,0,Yes
IB_PAX_DOOROPEN,OAK,VND,station,2,1.27,Goal,Root/div/station,IB_PAX_DOOROPEN/VND/OAK,3,No
IB_PAX_DOOROPEN,",null,",OAK,vendor,3,20.42,Goal,Root/div/station/vendor,"IB_PAX_DOOROPEN/VND/OAK/,null,",1,No
IB_PAX_DOOROPEN,FS,",null,",vnd_typ,4,100.0,Goal,Root/div/station/vendor/vnd_typ,"IB_PAX_DOOROPEN/VND/OAK/,null,/FS",0,Yes
IB_PAX_DOOROPEN,Delta,OAK,vendor,3,17.61,Goal,Root/div/station/vendor,IB_PAX_DOOROPEN/VND/OAK/Delta,1,No
IB_PAX_DOOROPEN,FS,Delta,vnd_typ,4,100.0,Goal,Root/div/station/vendor/vnd_typ,IB_PAX_DOOROPEN/VND/OAK/Delta/FS,0,Yes
IB_PAX_DOOROPEN,Unifi,OAK,vendor,3,61.97,Goal,Root/div/station/vendor,IB_PAX_DOOROPEN/VND/OAK/Unifi,1,No
IB_PAX_DOOROPEN,FS,Unifi,vnd_typ,4,100.0,Goal,Root/div/station/vendor/vnd_typ,IB_PAX_DOOROPEN/VND/OAK/Unifi/FS,0,Yes
IB_PAX_DOOROPEN,OMA,VND,station,2,1.42,Goal,Root/div/station,IB_PAX_DOOROPEN/VND/OMA,2,No
IB_PAX_DOOROPEN,",null,",OMA,vendor,3,41.65,Goal,Root/div/station/vendor,"IB_PAX_DOOROPEN/VND/OMA/,null,",1,No
IB_PAX_DOOROPEN,FS,",null,",vnd_typ,4,100.0,Goal,Root/div/station/vendor/vnd_typ,"IB_PAX_DOOROPEN/VND/OMA/,null,/FS",0,Yes
IB_PAX_DOOROPEN,Unifi,OMA,vendor,3,58.35,Goal,Root/div/station/vendor,IB_PAX_DOOROPEN/VND/OMA/Unifi,1,No
IB_PAX_DOOROPEN,FS,Unifi,vnd_typ,4,100.0,Goal,Root/div/station/vendor/vnd_typ,IB_PAX_DOOROPEN/VND/OMA/Unifi/FS,0,Yes
IB_PAX_DOOROPEN,ORH,VND,station,2,0.09,Goal,Root/div/station,IB_PAX_DOOROPEN/VND/ORH,3,No
IB_PAX_DOOROPEN,",null,",ORH,vendor,3,48.62,Goal,Root/div/station/vendor,"IB_PAX_DOOROPEN/VND/ORH/,null,",1,No
IB_PAX_DOOROPEN,FS,",null,",vnd_typ,4,100.0,Goal,Root/div/station/vendor/vnd_typ,"IB_PAX_DOOROPEN/VND/ORH/,null,/FS",0,Yes
IB_PAX_DOOROPEN,G2,ORH,vendor,3,34.09,Goal,Root/div/station/vendor,IB_PAX_DOOROPEN/VND/ORH/G2,1,No
IB_PAX_DOOROPEN,FS,G2,vnd_typ,4,100.0,Goal,Root/div/station/vendor/vnd_typ,IB_PAX_DOOROPEN/VND/ORH/G2/FS,0,Yes
IB_PAX_DOOROPEN,Menzies Aviation,ORH,vendor,3,17.29,Goal,Root/div/station/vendor,IB_PAX_DOOROPEN/VND/ORH/Menzies Aviation,1,No
IB_PAX_DOOROPEN,FS,Menzies Aviation,vnd_typ,4,100.0,Goal,Root/div/station/vendor/vnd_typ,IB_PAX_DOOROPEN/VND/ORH/Menzies Aviation/FS,0,Yes
IB_PAX_DOOROPEN,PIH,VND,station,2,0.34,Goal,Root/div/station,IB_PAX_DOOROPEN/VND/PIH,2,No
IB_PAX_DOOROPEN,",null,",PIH,vendor,3,52.37,Goal,Root/div/station/vendor,"IB_PAX_DOOROPEN/VND/PIH/,null,",1,No
IB_PAX_DOOROPEN,FS,",null,",vnd_typ,4,100.0,Goal,Root/div/station/vendor/vnd_typ,"IB_PAX_DOOROPEN/VND/PIH/,null,/FS",0,Yes
IB_PAX_DOOROPEN,SkyWest,PIH,vendor,3,47.63,Goal,Root/div/station/vendor,IB_PAX_DOOROPEN/VND/PIH/SkyWest,1,No
IB_PAX_DOOROPEN,FS,SkyWest,vnd_typ,4,100.0,Goal,Root/div/station/vendor/vnd_typ,IB_PAX_DOOROPEN/VND/PIH/SkyWest/FS,0,Yes
IB_PAX_DOOROPEN,PLN,VND,station,2,0.31,Goal,Root/div/station,IB_PAX_DOOROPEN/VND/PLN,2,No
IB_PAX_DOOROPEN,",null,",PLN,vendor,3,59.64,Goal,Root/div/station/vendor,"IB_PAX_DOOROPEN/VND/PLN/,null,",1,No
IB_PAX_DOOROPEN,FS,",null,",vnd_typ,4,100.0,Goal,Root/div/station/vendor/vnd_typ,"IB_PAX_DOOROPEN/VND/PLN/,null,/FS",0,Yes
IB_PAX_DOOROPEN,Unifi,PLN,vendor,3,40.36,Goal,Root/div/station/vendor,IB_PAX_DOOROPEN/VND/PLN/Unifi,1,No
IB_PAX_DOOROPEN,FS,Unifi,vnd_typ,4,100.0,Goal,Root/div/station/vendor/vnd_typ,IB_PAX_DOOROPEN/VND/PLN/Unifi/FS,0,Yes
IB_PAX_DOOROPEN,PSC,VND,station,2,1.14,Goal,Root/div/station,IB_PAX_DOOROPEN/VND/PSC,3,No
IB_PAX_DOOROPEN,",null,",PSC,vendor,3,48.85,Goal,Root/div/station/vendor,"IB_PAX_DOOROPEN/VND/PSC/,null,",1,No
IB_PAX_DOOROPEN,FS,",null,",vnd_typ,4,100.0,Goal,Root/div/station/vendor/vnd_typ,"IB_PAX_DOOROPEN/VND/PSC/,null,/FS",0,Yes
IB_PAX_DOOROPEN,G2,PSC,vendor,3,13.63,Goal,Root/div/station/vendor,IB_PAX_DOOROPEN/VND/PSC/G2,1,No
IB_PAX_DOOROPEN,FS,G2,vnd_typ,4,100.0,Goal,Root/div/station/vendor/vnd_typ,IB_PAX_DOOROPEN/VND/PSC/G2/FS,0,Yes
IB_PAX_DOOROPEN,Menzies Aviation,PSC,vendor,3,37.52,Goal,Root/div/station/vendor,IB_PAX_DOOROPEN/VND/PSC/Menzies Aviation,1,No
IB_PAX_DOOROPEN,FS,Menzies Aviation,vnd_typ,4,100.0,Goal,Root/div/station/vendor/vnd_typ,IB_PAX_DOOROPEN/VND/PSC/Menzies Aviation/FS,0,Yes
IB_PAX_DOOROPEN,PSP,VND,station,2,0.72,Goal,Root/div/station,IB_PAX_DOOROPEN/VND/PSP,2,No
IB_PAX_DOOROPEN,",null,",PSP,vendor,3,47.63,Goal,Root/div/station/vendor,"IB_PAX_DOOROPEN/VND/PSP/,null,",1,No
IB_PAX_DOOROPEN,FS,",null,",vnd_typ,4,100.0,Goal,Root/div/station/vendor/vnd_typ,"IB_PAX_DOOROPEN/VND/PSP/,null,/FS",0,Yes
IB_PAX_DOOROPEN,Unifi,PSP,vendor,3,52.37,Goal,Root/div/station/vendor,IB_PAX_DOOROPEN/VND/PSP/Unifi,1,No
IB_PAX_DOOROPEN,FS,Unifi,vnd_typ,4,100.0,Goal,Root/div/station/vendor/vnd_typ,IB_PAX_DOOROPEN/VND/PSP/Unifi/FS,0,Yes
IB_PAX_DOOROPEN,PWM,VND,station,2,0.84,Goal,Root/div/station,IB_PAX_DOOROPEN/VND/PWM,2,No
IB_PAX_DOOROPEN,",null,",PWM,vendor,3,32.62,Goal,Root/div/station/vendor,"IB_PAX_DOOROPEN/VND/PWM/,null,",1,No
IB_PAX_DOOROPEN,FS,",null,",vnd_typ,4,100.0,Goal,Root/div/station/vendor/vnd_typ,"IB_PAX_DOOROPEN/VND/PWM/,null,/FS",0,Yes
IB_PAX_DOOROPEN,Unifi,PWM,vendor,3,67.38,Goal,Root/div/station/vendor,IB_PAX_DOOROPEN/VND/PWM/Unifi,1,No
IB_PAX_DOOROPEN,FS,Unifi,vnd_typ,4,100.0,Goal,Root/div/station/vendor/vnd_typ,IB_PAX_DOOROPEN/VND/PWM/Unifi/FS,0,Yes
IB_PAX_DOOROPEN,RAP,VND,station,2,1.09,Goal,Root/div/station,IB_PAX_DOOROPEN/VND/RAP,2,No
IB_PAX_DOOROPEN,",null,",RAP,vendor,3,25.1,Goal,Root/div/station/vendor,"IB_PAX_DOOROPEN/VND/RAP/,null,",1,No
IB_PAX_DOOROPEN,FS,",null,",vnd_typ,4,100.0,Goal,Root/div/station/vendor/vnd_typ,"IB_PAX_DOOROPEN/VND/RAP/,null,/FS",0,Yes
IB_PAX_DOOROPEN,Unifi,RAP,vendor,3,74.9,Goal,Root/div/station/vendor,IB_PAX_DOOROPEN/VND/RAP/Unifi,1,No
IB_PAX_DOOROPEN,FS,Unifi,vnd_typ,4,100.0,Goal,Root/div/station/vendor/vnd_typ,IB_PAX_DOOROPEN/VND/RAP/Unifi/FS,0,Yes
IB_PAX_DOOROPEN,RDM,VND,station,2,1.22,Goal,Root/div/station,IB_PAX_DOOROPEN/VND/RDM,2,No
IB_PAX_DOOROPEN,",null,",RDM,vendor,3,16.09,Goal,Root/div/station/vendor,"IB_PAX_DOOROPEN/VND/RDM/,null,",1,No
IB_PAX_DOOROPEN,FS,",null,",vnd_typ,4,100.0,Goal,Root/div/station/vendor/vnd_typ,"IB_PAX_DOOROPEN/VND/RDM/,null,/FS",0,Yes
IB_PAX_DOOROPEN,Unifi,RDM,vendor,3,83.91,Goal,Root/div/station/vendor,IB_PAX_DOOROPEN/VND/RDM/Unifi,1,No
IB_PAX_DOOROPEN,FS,Unifi,vnd_typ,4,100.0,Goal,Root/div/station/vendor/vnd_typ,IB_PAX_DOOROPEN/VND/RDM/Unifi/FS,0,Yes
IB_PAX_DOOROPEN,RHI,VND,station,2,1.21,Goal,Root/div/station,IB_PAX_DOOROPEN/VND/RHI,2,No
IB_PAX_DOOROPEN,",null,",RHI,vendor,3,30.72,Goal,Root/div/station/vendor,"IB_PAX_DOOROPEN/VND/RHI/,null,",1,No
IB_PAX_DOOROPEN,FS,",null,",vnd_typ,4,100.0,Goal,Root/div/station/vendor/vnd_typ,"IB_PAX_DOOROPEN/VND/RHI/,null,/FS",0,Yes
IB_PAX_DOOROPEN,Unifi,RHI,vendor,3,69.28,Goal,Root/div/station/vendor,IB_PAX_DOOROPEN/VND/RHI/Unifi,1,No
IB_PAX_DOOROPEN,FS,Unifi,vnd_typ,4,100.0,Goal,Root/div/station/vendor/vnd_typ,IB_PAX_DOOROPEN/VND/RHI/Unifi/FS,0,Yes
IB_PAX_DOOROPEN,RNO,VND,station,2,0.57,Goal,Root/div/station,IB_PAX_DOOROPEN/VND/RNO,2,No
IB_PAX_DOOROPEN,",null,",RNO,vendor,3,26.24,Goal,Root/div/station/vendor,"IB_PAX_DOOROPEN/VND/RNO/,null,",1,No
IB_PAX_DOOROPEN,FS,",null,",vnd_typ,4,100.0,Goal,Root/div/station/vendor/vnd_typ,"IB_PAX_DOOROPEN/VND/RNO/,null,/FS",0,Yes
IB_PAX_DOOROPEN,Unifi,RNO,vendor,3,73.76,Goal,Root/div/station/vendor,IB_PAX_DOOROPEN/VND/RNO/Unifi,1,No
IB_PAX_DOOROPEN,FS,Unifi,vnd_typ,4,100.0,Goal,Root/div/station/vendor/vnd_typ,IB_PAX_DOOROPEN/VND/RNO/Unifi/FS,0,Yes
IB_PAX_DOOROPEN,ROA,VND,station,2,0.64,Goal,Root/div/station,IB_PAX_DOOROPEN/VND/ROA,2,No
IB_PAX_DOOROPEN,",null,",ROA,vendor,3,71.72,Goal,Root/div/station/vendor,"IB_PAX_DOOROPEN/VND/ROA/,null,",1,No
IB_PAX_DOOROPEN,FS,",null,",vnd_typ,4,100.0,Goal,Root/div/station/vendor/vnd_typ,"IB_PAX_DOOROPEN/VND/ROA/,null,/FS",0,Yes
IB_PAX_DOOROPEN,Unifi,ROA,vendor,3,28.28,Goal,Root/div/station/vendor,IB_PAX_DOOROPEN/VND/ROA/Unifi,1,No
IB_PAX_DOOROPEN,FS,Unifi,vnd_typ,4,100.0,Goal,Root/div/station/vendor/vnd_typ,IB_PAX_DOOROPEN/VND/ROA/Unifi/FS,0,Yes
IB_PAX_DOOROPEN,ROC,VND,station,2,0.68,Goal,Root/div/station,IB_PAX_DOOROPEN/VND/ROC,2,No
IB_PAX_DOOROPEN,",null,",ROC,vendor,3,55.79,Goal,Root/div/station/vendor,"IB_PAX_DOOROPEN/VND/ROC/,null,",1,No
IB_PAX_DOOROPEN,FS,",null,",vnd_typ,4,100.0,Goal,Root/div/station/vendor/vnd_typ,"IB_PAX_DOOROPEN/VND/ROC/,null,/FS",0,Yes
IB_PAX_DOOROPEN,Unifi,ROC,vendor,3,44.21,Goal,Root/div/station/vendor,IB_PAX_DOOROPEN/VND/ROC/Unifi,1,No
IB_PAX_DOOROPEN,FS,Unifi,vnd_typ,4,100.0,Goal,Root/div/station/vendor/vnd_typ,IB_PAX_DOOROPEN/VND/ROC/Unifi/FS,0,Yes
IB_PAX_DOOROPEN,RST,VND,station,2,0.69,Goal,Root/div/station,IB_PAX_DOOROPEN/VND/RST,2,No
IB_PAX_DOOROPEN,",null,",RST,vendor,3,56.9,Goal,Root/div/station/vendor,"IB_PAX_DOOROPEN/VND/RST/,null,",1,No
IB_PAX_DOOROPEN,FS,",null,",vnd_typ,4,100.0,Goal,Root/div/station/vendor/vnd_typ,"IB_PAX_DOOROPEN/VND/RST/,null,/FS",0,Yes
IB_PAX_DOOROPEN,Unifi,RST,vendor,3,43.1,Goal,Root/div/station/vendor,IB_PAX_DOOROPEN/VND/RST/Unifi,1,No
IB_PAX_DOOROPEN,FS,Unifi,vnd_typ,4,100.0,Goal,Root/div/station/vendor/vnd_typ,IB_PAX_DOOROPEN/VND/RST/Unifi/FS,0,Yes
IB_PAX_DOOROPEN,SBA,VND,station,2,1.22,Goal,Root/div/station,IB_PAX_DOOROPEN/VND/SBA,2,No
IB_PAX_DOOROPEN,",null,",SBA,vendor,3,54.21,Goal,Root/div/station/vendor,"IB_PAX_DOOROPEN/VND/SBA/,null,",1,No
IB_PAX_DOOROPEN,FS,",null,",vnd_typ,4,100.0,Goal,Root/div/station/vendor/vnd_typ,"IB_PAX_DOOROPEN/VND/SBA/,null,/FS",0,Yes
IB_PAX_DOOROPEN,Unifi,SBA,vendor,3,45.79,Goal,Root/div/station/vendor,IB_PAX_DOOROPEN/VND/SBA/Unifi,1,No
IB_PAX_DOOROPEN,FS,Unifi,vnd_typ,4,100.0,Goal,Root/div/station/vendor/vnd_typ,IB_PAX_DOOROPEN/VND/SBA/Unifi/FS,0,Yes
IB_PAX_DOOROPEN,SBN,VND,station,2,1.45,Goal,Root/div/station,IB_PAX_DOOROPEN/VND/SBN,2,No
IB_PAX_DOOROPEN,",null,",SBN,vendor,3,28.38,Goal,Root/div/station/vendor,"IB_PAX_DOOROPEN/VND/SBN/,null,",1,No
IB_PAX_DOOROPEN,FS,",null,",vnd_typ,4,100.0,Goal,Root/div/station/vendor/vnd_typ,"IB_PAX_DOOROPEN/VND/SBN/,null,/FS",0,Yes
IB_PAX_DOOROPEN,Unifi,SBN,vendor,3,71.62,Goal,Root/div/station/vendor,IB_PAX_DOOROPEN/VND/SBN/Unifi,1,No
IB_PAX_DOOROPEN,FS,Unifi,vnd_typ,4,100.0,Goal,Root/div/station/vendor/vnd_typ,IB_PAX_DOOROPEN/VND/SBN/Unifi/FS,0,Yes
IB_PAX_DOOROPEN,SGF,VND,station,2,0.63,Goal,Root/div/station,IB_PAX_DOOROPEN/VND/SGF,2,No
IB_PAX_DOOROPEN,",null,",SGF,vendor,3,18.88,Goal,Root/div/station/vendor,"IB_PAX_DOOROPEN/VND/SGF/,null,",1,No
IB_PAX_DOOROPEN,FS,",null,",vnd_typ,4,100.0,Goal,Root/div/station/vendor/vnd_typ,"IB_PAX_DOOROPEN/VND/SGF/,null,/FS",0,Yes
IB_PAX_DOOROPEN,Unifi,SGF,vendor,3,81.12,Goal,Root/div/station/vendor,IB_PAX_DOOROPEN/VND/SGF/Unifi,1,No
IB_PAX_DOOROPEN,FS,Unifi,vnd_typ,4,100.0,Goal,Root/div/station/vendor/vnd_typ,IB_PAX_DOOROPEN/VND/SGF/Unifi/FS,0,Yes
IB_PAX_DOOROPEN,SGU,VND,station,2,0.14,Goal,Root/div/station,IB_PAX_DOOROPEN/VND/SGU,2,No
IB_PAX_DOOROPEN,",null,",SGU,vendor,3,69.83,Goal,Root/div/station/vendor,"IB_PAX_DOOROPEN/VND/SGU/,null,",1,No
IB_PAX_DOOROPEN,FS,",null,",vnd_typ,4,100.0,Goal,Root/div/station/vendor/vnd_typ,"IB_PAX_DOOROPEN/VND/SGU/,null,/FS",0,Yes
IB_PAX_DOOROPEN,SkyWest,SGU,vendor,3,30.17,Goal,Root/div/station/vendor,IB_PAX_DOOROPEN/VND/SGU/SkyWest,1,No
IB_PAX_DOOROPEN,FS,SkyWest,vnd_typ,4,100.0,Goal,Root/div/station/vendor/vnd_typ,IB_PAX_DOOROPEN/VND/SGU/SkyWest/FS,0,Yes
IB_PAX_DOOROPEN,SHV,VND,station,2,0.37,Goal,Root/div/station,IB_PAX_DOOROPEN/VND/SHV,2,No
IB_PAX_DOOROPEN,",null,",SHV,vendor,3,56.44,Goal,Root/div/station/vendor,"IB_PAX_DOOROPEN/VND/SHV/,null,",1,No
IB_PAX_DOOROPEN,FS,",null,",vnd_typ,4,100.0,Goal,Root/div/station/vendor/vnd_typ,"IB_PAX_DOOROPEN/VND/SHV/,null,/FS",0,Yes
IB_PAX_DOOROPEN,Unifi,SHV,vendor,3,43.56,Goal,Root/div/station/vendor,IB_PAX_DOOROPEN/VND/SHV/Unifi,1,No
IB_PAX_DOOROPEN,FS,Unifi,vnd_typ,4,100.0,Goal,Root/div/station/vendor/vnd_typ,IB_PAX_DOOROPEN/VND/SHV/Unifi/FS,0,Yes
IB_PAX_DOOROPEN,SUN,VND,station,2,0.58,Goal,Root/div/station,IB_PAX_DOOROPEN/VND/SUN,2,No
IB_PAX_DOOROPEN,",null,",SUN,vendor,3,75.33,Goal,Root/div/station/vendor,"IB_PAX_DOOROPEN/VND/SUN/,null,",1,No
IB_PAX_DOOROPEN,FS,",null,",vnd_typ,4,100.0,Goal,Root/div/station/vendor/vnd_typ,"IB_PAX_DOOROPEN/VND/SUN/,null,/FS",0,Yes
IB_PAX_DOOROPEN,SkyWest,SUN,vendor,3,24.67,Goal,Root/div/station/vendor,IB_PAX_DOOROPEN/VND/SUN/SkyWest,1,No
IB_PAX_DOOROPEN,FS,SkyWest,vnd_typ,4,100.0,Goal,Root/div/station/vendor/vnd_typ,IB_PAX_DOOROPEN/VND/SUN/SkyWest/FS,0,Yes
IB_PAX_DOOROPEN,TRI,VND,station,2,1.15,Goal,Root/div/station,IB_PAX_DOOROPEN/VND/TRI,2,No
IB_PAX_DOOROPEN,",null,",TRI,vendor,3,37.36,Goal,Root/div/station/vendor,"IB_PAX_DOOROPEN/VND/TRI/,null,",1,No
IB_PAX_DOOROPEN,FS,",null,",vnd_typ,4,100.0,Goal,Root/div/station/vendor/vnd_typ,"IB_PAX_DOOROPEN/VND/TRI/,null,/FS",0,Yes
IB_PAX_DOOROPEN,Unifi,TRI,vendor,3,62.64,Goal,Root/div/station/vendor,IB_PAX_DOOROPEN/VND/TRI/Unifi,1,No
IB_PAX_DOOROPEN,FS,Unifi,vnd_typ,4,100.0,Goal,Root/div/station/vendor/vnd_typ,IB_PAX_DOOROPEN/VND/TRI/Unifi/FS,0,Yes
IB_PAX_DOOROPEN,TUL,VND,station,2,0.16,Goal,Root/div/station,IB_PAX_DOOROPEN/VND/TUL,2,No
IB_PAX_DOOROPEN,",null,",TUL,vendor,3,85.9,Goal,Root/div/station/vendor,"IB_PAX_DOOROPEN/VND/TUL/,null,",1,No
IB_PAX_DOOROPEN,FS,",null,",vnd_typ,4,100.0,Goal,Root/div/station/vendor/vnd_typ,"IB_PAX_DOOROPEN/VND/TUL/,null,/FS",0,Yes
IB_PAX_DOOROPEN,Unifi,TUL,vendor,3,14.1,Goal,Root/div/station/vendor,IB_PAX_DOOROPEN/VND/TUL/Unifi,1,No
IB_PAX_DOOROPEN,FS,Unifi,vnd_typ,4,100.0,Goal,Root/div/station/vendor/vnd_typ,IB_PAX_DOOROPEN/VND/TUL/Unifi/FS,0,Yes
IB_PAX_DOOROPEN,TVC,VND,station,2,0.72,Goal,Root/div/station,IB_PAX_DOOROPEN/VND/TVC,2,No
IB_PAX_DOOROPEN,",null,",TVC,vendor,3,41.92,Goal,Root/div/station/vendor,"IB_PAX_DOOROPEN/VND/TVC/,null,",1,No
IB_PAX_DOOROPEN,FS,",null,",vnd_typ,4,100.0,Goal,Root/div/station/vendor/vnd_typ,"IB_PAX_DOOROPEN/VND/TVC/,null,/FS",0,Yes
IB_PAX_DOOROPEN,Unifi,TVC,vendor,3,58.08,Goal,Root/div/station/vendor,IB_PAX_DOOROPEN/VND/TVC/Unifi,1,No
IB_PAX_DOOROPEN,FS,Unifi,vnd_typ,4,100.0,Goal,Root/div/station/vendor/vnd_typ,IB_PAX_DOOROPEN/VND/TVC/Unifi/FS,0,Yes
IB_PAX_DOOROPEN,TWF,VND,station,2,0.09,Goal,Root/div/station,IB_PAX_DOOROPEN/VND/TWF,2,No
IB_PAX_DOOROPEN,",null,",TWF,vendor,3,74.69,Goal,Root/div/station/vendor,"IB_PAX_DOOROPEN/VND/TWF/,null,",1,No
IB_PAX_DOOROPEN,FS,",null,",vnd_typ,4,100.0,Goal,Root/div/station/vendor/vnd_typ,"IB_PAX_DOOROPEN/VND/TWF/,null,/FS",0,Yes
IB_PAX_DOOROPEN,SkyWest,TWF,vendor,3,25.31,Goal,Root/div/station/vendor,IB_PAX_DOOROPEN/VND/TWF/SkyWest,1,No
IB_PAX_DOOROPEN,FS,SkyWest,vnd_typ,4,100.0,Goal,Root/div/station/vendor/vnd_typ,IB_PAX_DOOROPEN/VND/TWF/SkyWest/FS,0,Yes
IB_PAX_DOOROPEN,VLD,VND,station,2,0.52,Goal,Root/div/station,IB_PAX_DOOROPEN/VND/VLD,3,No
IB_PAX_DOOROPEN,",null,",VLD,vendor,3,52.68,Goal,Root/div/station/vendor,"IB_PAX_DOOROPEN/VND/VLD/,null,",1,No
IB_PAX_DOOROPEN,FS,",null,",vnd_typ,4,100.0,Goal,Root/div/station/vendor/vnd_typ,"IB_PAX_DOOROPEN/VND/VLD/,null,/FS",0,Yes
IB_PAX_DOOROPEN,G2,VLD,vendor,3,42.48,Goal,Root/div/station/vendor,IB_PAX_DOOROPEN/VND/VLD/G2,1,No
IB_PAX_DOOROPEN,FS,G2,vnd_typ,4,100.0,Goal,Root/div/station/vendor/vnd_typ,IB_PAX_DOOROPEN/VND/VLD/G2/FS,0,Yes
IB_PAX_DOOROPEN,Menzies Aviation,VLD,vendor,3,4.84,Goal,Root/div/station/vendor,IB_PAX_DOOROPEN/VND/VLD/Menzies Aviation,1,No
IB_PAX_DOOROPEN,FS,Menzies Aviation,vnd_typ,4,100.0,Goal,Root/div/station/vendor/vnd_typ,IB_PAX_DOOROPEN/VND/VLD/Menzies Aviation/FS,0,Yes
IB_PAX_DOOROPEN,VPS,VND,station,2,1.12,Goal,Root/div/station,IB_PAX_DOOROPEN/VND/VPS,2,No
IB_PAX_DOOROPEN,",null,",VPS,vendor,3,96.1,Goal,Root/div/station/vendor,"IB_PAX_DOOROPEN/VND/VPS/,null,",1,No
IB_PAX_DOOROPEN,FS,",null,",vnd_typ,4,100.0,Goal,Root/div/station/vendor/vnd_typ,"IB_PAX_DOOROPEN/VND/VPS/,null,/FS",0,Yes
IB_PAX_DOOROPEN,Unifi,VPS,vendor,3,3.9,Goal,Root/div/station/vendor,IB_PAX_DOOROPEN/VND/VPS/Unifi,1,No
IB_PAX_DOOROPEN,FS,Unifi,vnd_typ,4,100.0,Goal,Root/div/station/vendor/vnd_typ,IB_PAX_DOOROPEN/VND/VPS/Unifi/FS,0,Yes
IB_PAX_DOOROPEN,WYS,VND,station,2,0.66,Goal,Root/div/station,IB_PAX_DOOROPEN/VND/WYS,1,No
IB_PAX_DOOROPEN,SkyWest,WYS,vendor,3,100.0,Goal,Root/div/station/vendor,IB_PAX_DOOROPEN/VND/WYS/SkyWest,1,No
IB_PAX_DOOROPEN,FS,SkyWest,vnd_typ,4,100.0,Goal,Root/div/station/vendor/vnd_typ,IB_PAX_DOOROPEN/VND/WYS/SkyWest/FS,0,Yes
IB_PAX_DOOROPEN,XNA,VND,station,2,1.19,Goal,Root/div/station,IB_PAX_DOOROPEN/VND/XNA,2,No
IB_PAX_DOOROPEN,",null,",XNA,vendor,3,34.35,Goal,Root/div/station/vendor,"IB_PAX_DOOROPEN/VND/XNA/,null,",1,No
IB_PAX_DOOROPEN,FS,",null,",vnd_typ,4,100.0,Goal,Root/div/station/vendor/vnd_typ,"IB_PAX_DOOROPEN/VND/XNA/,null,/FS",0,Yes
IB_PAX_DOOROPEN,Unifi,XNA,vendor,3,65.65,Goal,Root/div/station/vendor,IB_PAX_DOOROPEN/VND/XNA/Unifi,1,No
IB_PAX_DOOROPEN,FS,Unifi,vnd_typ,4,100.0,Goal,Root/div/station/vendor/vnd_typ,IB_PAX_DOOROPEN/VND/XNA/Unifi/FS,0,Yes
IB_PAX_DOOROPEN,XWA,VND,station,2,1.07,Goal,Root/div/station,IB_PAX_DOOROPEN/VND/XWA,2,No
IB_PAX_DOOROPEN,",null,",XWA,vendor,3,96.09,Goal,Root/div/station/vendor,"IB_PAX_DOOROPEN/VND/XWA/,null,",1,No
IB_PAX_DOOROPEN,FS,",null,",vnd_typ,4,100.0,Goal,Root/div/station/vendor/vnd_typ,"IB_PAX_DOOROPEN/VND/XWA/,null,/FS",0,Yes
IB_PAX_DOOROPEN,SkyWest,XWA,vendor,3,3.91,Goal,Root/div/station/vendor,IB_PAX_DOOROPEN/VND/XWA/SkyWest,1,No
IB_PAX_DOOROPEN,FS,SkyWest,vnd_typ,4,100.0,Goal,Root/div/station/vendor/vnd_typ,IB_PAX_DOOROPEN/VND/XWA/SkyWest/FS,0,Yes
IB_PAX_DOOROPEN,",null,",VND,vendor,2,0.05,Goal,Root/div/vendor,"IB_PAX_DOOROPEN/VND/,null,",1,No
IB_PAX_DOOROPEN,FS,",null,",vnd_typ,3,100.0,Goal,Root/div/vendor/vnd_typ,"IB_PAX_DOOROPEN/VND/,null,/FS",0,Yes
IB_PAX_DOOROPEN,Delta,VND,vendor,2,0.1,Goal,Root/div/vendor,IB_PAX_DOOROPEN/VND/Delta,1,No
IB_PAX_DOOROPEN,FS,Delta,vnd_typ,3,100.0,Goal,Root/div/vendor/vnd_typ,IB_PAX_DOOROPEN/VND/Delta/FS,0,Yes
IB_PAX_DOOROPEN,FS,VND,vendor,2,1.38,Goal,Root/div/vendor,IB_PAX_DOOROPEN/VND/FS,1,No
IB_PAX_DOOROPEN,FS,FS,vnd_typ,3,100.0,Goal,Root/div/vendor/vnd_typ,IB_PAX_DOOROPEN/VND/FS/FS,0,Yes
IB_PAX_DOOROPEN,G2,VND,vendor,2,0.53,Goal,Root/div/vendor,IB_PAX_DOOROPEN/VND/G2,1,No
IB_PAX_DOOROPEN,FS,G2,vnd_typ,3,100.0,Goal,Root/div/vendor/vnd_typ,IB_PAX_DOOROPEN/VND/G2/FS,0,Yes
IB_PAX_DOOROPEN,GAT,VND,vendor,2,0.53,Goal,Root/div/vendor,IB_PAX_DOOROPEN/VND/GAT,1,No
IB_PAX_DOOROPEN,FS,GAT,vnd_typ,3,100.0,Goal,Root/div/vendor/vnd_typ,IB_PAX_DOOROPEN/VND/GAT/FS,0,Yes
IB_PAX_DOOROPEN,Menzies Aviation,VND,vendor,2,0.96,Goal,Root/div/vendor,IB_PAX_DOOROPEN/VND/Menzies Aviation,1,No
IB_PAX_DOOROPEN,FS,Menzies Aviation,vnd_typ,3,100.0,Goal,Root/div/vendor/vnd_typ,IB_PAX_DOOROPEN/VND/Menzies Aviation/FS,0,Yes
IB_PAX_DOOROPEN,NONFS,VND,vendor,2,1.36,Goal,Root/div/vendor,IB_PAX_DOOROPEN/VND/NONFS,1,No
IB_PAX_DOOROPEN,FS,NONFS,vnd_typ,3,100.0,Goal,Root/div/vendor/vnd_typ,IB_PAX_DOOROPEN/VND/NONFS/FS,0,Yes
IB_PAX_DOOROPEN,PrimeFlight,VND,vendor,2,0.0,Goal,Root/div/vendor,IB_PAX_DOOROPEN/VND/PrimeFlight,1,No
IB_PAX_DOOROPEN,FS,PrimeFlight,vnd_typ,3,100.0,Goal,Root/div/vendor/vnd_typ,IB_PAX_DOOROPEN/VND/PrimeFlight/FS,0,Yes
IB_PAX_DOOROPEN,SkyWest,VND,vendor,2,0.7,Goal,Root/div/vendor,IB_PAX_DOOROPEN/VND/SkyWest,1,No
IB_PAX_DOOROPEN,FS,SkyWest,vnd_typ,3,100.0,Goal,Root/div/vendor/vnd_typ,IB_PAX_DOOROPEN/VND/SkyWest/FS,0,Yes
IB_PAX_DOOROPEN,Unifi,VND,vendor,2,1.14,Goal,Root/div/vendor,IB_PAX_DOOROPEN/VND/Unifi,1,No
IB_PAX_DOOROPEN,FS,Unifi,vnd_typ,3,100.0,Goal,Root/div/vendor/vnd_typ,IB_PAX_DOOROPEN/VND/Unifi/FS,0,Yes
IB_PAX_DOOROPEN,Valley International Airport Ground Handling Services,VND,vendor,2,0.63,Goal,Root/div/vendor,IB_PAX_DOOROPEN/VND/Valley International Airport Ground Handling Services,1,No
IB_PAX_DOOROPEN,FS,Valley International Airport Ground Handling Services,vnd_typ,3,100.0,Goal,Root/div/vendor/vnd_typ,IB_PAX_DOOROPEN/VND/Valley International Airport Ground Handling Services/FS,0,Yes
IB_PAX_DOOROPEN,WESTCHESTER COUNTY AIRPORT,VND,vendor,2,0.88,Goal,Root/div/vendor,IB_PAX_DOOROPEN/VND/WESTCHESTER COUNTY AIRPORT,1,No
IB_PAX_DOOROPEN,FS,WESTCHESTER COUNTY AIRPORT,vnd_typ,3,100.0,Goal,Root/div/vendor/vnd_typ,IB_PAX_DOOROPEN/VND/WESTCHESTER COUNTY AIRPORT/FS,0,Yes
