KPI_Name,parent,node,Tier,sys,ml_dc_1,ml_dc_2,Mo_Nb,dom_int,station,fleet,Baseline,Baseline_Num,Baseline_Den,Goal,Stretch,Contribution,Goal_Num,Goal_Den,Source,Goal_Yr,YTD_Num,YTD_Den
D0,,sys,1.0,,,,,,,,68.29,1216960,1782050,71.7,5.00%,1.0,1277808.0,1782050,Goal Input,2027,1277808.0,1782050
D0,,DC,2.0,,DC,,,,,,72.13,446980,619723,75.73,5.00%,0.36729226926110964,469329.0,619723,Goal Input,2027,469329.0,619723
D0,,DL,2.0,,DL,,,,,,66.24,769980,1162327,69.56,5.00%,0.6327077307388903,808479.0,1162327,Goal Input,2027,808479.0,1162327
D0,DC,9E,3.0,,DC,9E,,,,,68.18,173887,255057,71.58,5.00%,0.38902635464674035,182581.35,255057,Cascaded,2027,182581.35,255057
D0,DC,OO,3.0,,DC,OO,,,,,76.15,202822,266353,79.96,5.00%,0.45376079466642805,212963.1,266353,Cascaded,2027,212963.1,266353
D0,DC,YX,3.0,,DC,YX,,,,,71.25,70567,99039,74.81,5.00%,0.15787507271018839,74095.35,99039,Cascaded,2027,74095.35,99039
D0,DL,DL,3.0,,DL,DL,,,,,66.24,770092,1162503,69.56,5.00%,1.000145458323593,808596.6,1162503,Cascaded,2027,808596.6,1162503
D0,DC/9E,1,4.0,,DC,9E,1,,,,69.33,13590,19601,72.8,5.00%,0.0781542035919879,14269.5,19601,Cascaded,2027,14269.5,19601
D0,DC/9E,2,4.0,,DC,9E,2,,,,72.82,13558,18619,76.46,5.00%,0.07797017603386107,14235.9,18619,Cascaded,2027,28505.4,38220
D0,DC/9E,3,4.0,,DC,9E,3,,,,62.53,13974,22347,65.66,5.00%,0.08036253428950986,14672.7,22347,Cascaded,2027,43178.1,60567
D0,DC/9E,4,4.0,,DC,9E,4,,,,69.41,15774,22725,72.88,5.00%,0.09071408443414401,16562.7,22725,Cascaded,2027,59740.8,83292
D0,DC/9E,5,4.0,,DC,9E,5,,,,68.33,15354,22470,71.75,5.00%,0.08829872273372938,16121.7,22470,Cascaded,2027,75862.5,105762
D0,DC/9E,6,4.0,,DC,9E,6,,,,59.73,12430,20810,62.72,5.00%,0.07148320460989033,13051.5,20810,Cascaded,2027,88914.0,126572
D0,DC/9E,7,4.0,,DC,9E,7,,,,62.01,13325,21488,65.11,5.00%,0.0766302253762501,13991.25,21488,Cascaded,2027,102905.25,148060
D0,DC/9E,8,4.0,,DC,9E,8,,,,73.81,16699,22624,77.5,5.00%,0.09603363103624768,17533.95,22624,Cascaded,2027,120439.20000000001,170684
D0,DC/9E,9,4.0,,DC,9E,9,,,,79.94,17084,21370,83.94,5.00%,0.0982477125949611,17938.2,21370,Cascaded,2027,138377.4,192054
D0,DC/9E,10,4.0,,DC,9E,10,,,,75.52,16767,22202,79.3,5.00%,0.09642468959726719,17605.35,22202,Cascaded,2027,155982.75,214256
D0,DC/9E,11,4.0,,DC,9E,11,,,,70.02,13870,19808,73.52,5.00%,0.07976444472559766,14563.5,19808,Cascaded,2027,170546.25,234064
D0,DC/9E,12,4.0,,DC,9E,12,,,,54.6,11462,20993,57.33,5.00%,0.06591637097655374,12035.1,20993,Cascaded,2027,182581.35,255057
D0,DC/OO,1,4.0,,DC,OO,1,,,,68.61,14057,20487,72.04,5.00%,0.06930707714153297,14759.85,20487,Cascaded,2027,14759.85,20487
D0,DC/OO,2,4.0,,DC,OO,2,,,,72.88,14413,19776,76.53,5.00%,0.07106231079468697,15133.65,19776,Cascaded,2027,29893.5,40263
D0,DC/OO,3,4.0,,DC,OO,3,,,,70.89,16206,22862,74.43,5.00%,0.07990257467138673,17016.3,22862,Cascaded,2027,46909.8,63125
D0,DC/OO,4,4.0,,DC,OO,4,,,,79.33,18199,22941,83.3,5.00%,0.08972892487008313,19108.95,22941,Cascaded,2027,66018.75,86066
D0,DC/OO,5,4.0,,DC,OO,5,,,,78.61,18077,22995,82.54,5.00%,0.08912741221366519,18980.85,22995,Cascaded,2027,84999.6,109061
D0,DC/OO,6,4.0,,DC,OO,6,,,,74.45,17300,23238,78.17,5.00%,0.08529646685270828,18165.0,23238,Cascaded,2027,103164.6,132299
D0,DC/OO,7,4.0,,DC,OO,7,,,,73.84,17491,23689,77.53,5.00%,0.08623817929021507,18365.55,23689,Cascaded,2027,121530.15,155988
D0,DC/OO,8,4.0,,DC,OO,8,,,,77.95,18392,23594,81.85,5.00%,0.09068049817080988,19311.6,23594,Cascaded,2027,140841.75,179582
D0,DC/OO,9,4.0,,DC,OO,9,,,,84.15,18833,22381,88.35,5.00%,0.09285481851081244,19774.65,22381,Cascaded,2027,160616.4,201963
D0,DC/OO,10,4.0,,DC,OO,10,,,,83.18,19323,23229,87.34,5.00%,0.09527072999970418,20289.15,23229,Cascaded,2027,180905.55000000002,225192
D0,DC/OO,11,4.0,,DC,OO,11,,,,81.35,16498,20280,85.42,5.00%,0.08134226070150181,17322.9,20280,Cascaded,2027,198228.45,245472
D0,DC/OO,12,4.0,,DC,OO,12,,,,67.2,14033,20881,70.56,5.00%,0.06918874678289337,14734.65,20881,Cascaded,2027,212963.1,266353
D0,DC/YX,1,4.0,,DC,YX,1,,,,75.27,5466,7262,79.03,5.00%,0.07745830203919679,5739.3,7262,Cascaded,2027,5739.3,7262
D0,DC/YX,2,4.0,,DC,YX,2,,,,74.89,5104,6815,78.64,5.00%,0.07232842546799495,5359.2,6815,Cascaded,2027,11098.5,14077
D0,DC/YX,3,4.0,,DC,YX,3,,,,65.94,5447,8261,69.23,5.00%,0.07718905437385747,5719.35,8261,Cascaded,2027,16817.850000000002,22338
D0,DC/YX,4,4.0,,DC,YX,4,,,,71.42,6300,8821,74.99,5.00%,0.0892768574546176,6615.0,8821,Cascaded,2027,23432.850000000002,31159
D0,DC/YX,5,4.0,,DC,YX,5,,,,73.72,6547,8881,77.41,5.00%,0.0927770771040288,6874.35,8881,Cascaded,2027,30307.200000000004,40040
D0,DC/YX,6,4.0,,DC,YX,6,,,,68.51,5894,8603,71.94,5.00%,0.0835234599742089,6188.7,8603,Cascaded,2027,36495.9,48643
D0,DC/YX,7,4.0,,DC,YX,7,,,,65.63,5722,8718,68.92,5.00%,0.0810860600564003,6008.1,8718,Cascaded,2027,42504.0,57361
D0,DC/YX,8,4.0,,DC,YX,8,,,,78.46,7007,8931,82.38,5.00%,0.09929570479119135,7357.35,8931,Cascaded,2027,49861.350000000006,66292
D0,DC/YX,9,4.0,,DC,YX,9,,,,73.27,6179,8433,76.94,5.00%,0.08756217495429876,6487.95,8433,Cascaded,2027,56349.3,74725
D0,DC/YX,10,4.0,,DC,YX,10,,,,69.75,6054,8680,73.23,5.00%,0.0857908087349611,6356.7,8680,Cascaded,2027,62706.00000000001,83405
D0,DC/YX,11,4.0,,DC,YX,11,,,,73.61,5660,7689,77.29,5.00%,0.08020746241160882,5943.0,7689,Cascaded,2027,68649.0,91094
D0,DC/YX,12,4.0,,DC,YX,12,,,,65.29,5187,7945,68.55,5.00%,0.07350461263763515,5446.35,7945,Cascaded,2027,74095.35,99039
D0,DL/DL,1,4.0,,DL,DL,1,,,,64.46,56940,88329,67.69,5.00%,0.07393921765191691,59787.0,88329,Cascaded,2027,59787.0,88329
D0,DL/DL,2,4.0,,DL,DL,2,,,,68.04,56904,83629,71.45,5.00%,0.07389246999059852,59749.2,83629,Cascaded,2027,119536.2,171958
D0,DL/DL,3,4.0,,DL,DL,3,,,,65.33,63359,96988,68.59,5.00%,0.08227458537421503,66526.95,96988,Cascaded,2027,186063.15,268946
D0,DL/DL,4,4.0,,DL,DL,4,,,,72.6,71643,98679,76.23,5.00%,0.09303174166203519,75225.15,98679,Cascaded,2027,261288.3,367625
D0,DL/DL,5,4.0,,DL,DL,5,,,,67.54,67446,99861,70.92,5.00%,0.0875817434799998,70818.3,99861,Cascaded,2027,332106.6,467486
D0,DL/DL,6,4.0,,DL,DL,6,,,,58.05,59373,102278,60.95,5.00%,0.0770985804293513,62341.65,102278,Cascaded,2027,394448.25,569764
D0,DL/DL,7,4.0,,DL,DL,7,,,,59.41,62970,105994,62.38,5.00%,0.08176945092274689,66118.5,105994,Cascaded,2027,460566.75,675758
D0,DL/DL,8,4.0,,DL,DL,8,,,,67.92,69360,102116,71.32,5.00%,0.09006716080676075,72828.0,102116,Cascaded,2027,533394.75,777874
D0,DL/DL,9,4.0,,DL,DL,9,,,,75.02,72061,96057,78.77,5.00%,0.09357453395178758,75664.05,96057,Cascaded,2027,609058.8,873931
D0,DL/DL,10,4.0,,DL,DL,10,,,,70.56,71098,100763,74.09,5.00%,0.0923240340115207,74652.9,100763,Cascaded,2027,683711.7,974694
D0,DL/DL,11,4.0,,DL,DL,11,,,,70.12,65131,92890,73.62,5.00%,0.0845756091479979,68387.55,92890,Cascaded,2027,752099.25,1067584
D0,DL/DL,12,4.0,,DL,DL,12,,,,56.69,53807,94919,59.52,5.00%,0.06987087257106943,56497.35,94919,Cascaded,2027,808596.6,1162503
D0,DC/9E/1,D,5.0,,DC,9E,1,D,,,69.39,12784,18423,72.86,5.00%,0.940691685062546,13423.2,18423,Cascaded,2027,13423.2,18423
D0,DC/9E/1,I,5.0,,DC,9E,1,I,,,68.42,806,1178,71.84,5.00%,0.05930831493745401,846.3,1178,Cascaded,2027,846.3,1178
D0,DC/9E/10,D,5.0,,DC,9E,10,D,,,75.46,15812,20953,79.24,5.00%,0.9430428818512554,16602.6,20953,Cascaded,2027,16602.600000000002,20953
D0,DC/9E/10,I,5.0,,DC,9E,10,I,,,76.46,955,1249,80.28,5.00%,0.05695711814874456,1002.75,1249,Cascaded,2027,1002.7500000000001,1249
D0,DC/9E/11,D,5.0,,DC,9E,11,D,,,70.17,13081,18643,73.67,5.00%,0.9431146359048306,13735.05,18643,Cascaded,2027,13735.05,18643
D0,DC/9E/11,I,5.0,,DC,9E,11,I,,,67.73,789,1165,71.11,5.00%,0.05688536409516943,828.45,1165,Cascaded,2027,828.45,1165
D0,DC/9E/12,D,5.0,,DC,9E,12,D,,,54.72,10895,19911,57.45,5.00%,0.9505321933344966,11439.75,19911,Cascaded,2027,11439.75,19911
D0,DC/9E/12,I,5.0,,DC,9E,12,I,,,52.4,567,1082,55.02,5.00%,0.049467806665503405,595.35,1082,Cascaded,2027,595.35,1082
D0,DC/9E/2,D,5.0,,DC,9E,2,D,,,72.8,12751,17516,76.44,5.00%,0.9404779465997934,13388.55,17516,Cascaded,2027,13388.55,17516
D0,DC/9E/2,I,5.0,,DC,9E,2,I,,,73.16,807,1103,76.82,5.00%,0.05952205340020652,847.35,1103,Cascaded,2027,847.35,1103
D0,DC/9E/3,D,5.0,,DC,9E,3,D,,,62.45,13161,21073,65.58,5.00%,0.94182052382997,13819.05,21073,Cascaded,2027,13819.050000000001,21073
D0,DC/9E/3,I,5.0,,DC,9E,3,I,,,63.81,813,1274,67.01,5.00%,0.05817947617003005,853.65,1274,Cascaded,2027,853.6500000000001,1274
D0,DC/9E/4,D,5.0,,DC,9E,4,D,,,69.21,14780,21355,72.67,5.00%,0.9369849118803094,15519.0,21355,Cascaded,2027,15519.0,21355
D0,DC/9E/4,I,5.0,,DC,9E,4,I,,,72.55,994,1370,76.18,5.00%,0.06301508811969063,1043.7,1370,Cascaded,2027,1043.7,1370
D0,DC/9E/5,D,5.0,,DC,9E,5,D,,,68.12,14422,21171,71.53,5.00%,0.9392992054187834,15143.1,21171,Cascaded,2027,15143.1,21171
D0,DC/9E/5,I,5.0,,DC,9E,5,I,,,71.75,932,1299,75.33,5.00%,0.06070079458121662,978.6,1299,Cascaded,2027,978.6,1299
D0,DC/9E/6,D,5.0,,DC,9E,6,D,,,59.5,11633,19550,62.48,5.00%,0.9358809332260659,12214.65,19550,Cascaded,2027,12214.65,19550
D0,DC/9E/6,I,5.0,,DC,9E,6,I,,,63.25,797,1260,66.42,5.00%,0.06411906677393403,836.85,1260,Cascaded,2027,836.85,1260
D0,DC/9E/7,D,5.0,,DC,9E,7,D,,,62.07,12577,20263,65.17,5.00%,0.9438649155722326,13205.85,20263,Cascaded,2027,13205.85,20263
D0,DC/9E/7,I,5.0,,DC,9E,7,I,,,61.06,748,1225,64.11,5.00%,0.05613508442776736,785.4,1225,Cascaded,2027,785.4,1225
D0,DC/9E/8,D,5.0,,DC,9E,8,D,,,73.59,15632,21241,77.27,5.00%,0.9361039583208576,16413.6,21241,Cascaded,2027,16413.600000000002,21241
D0,DC/9E/8,I,5.0,,DC,9E,8,I,,,77.15,1067,1383,81.01,5.00%,0.06389604167914247,1120.35,1383,Cascaded,2027,1120.3500000000001,1383
D0,DC/9E/9,D,5.0,,DC,9E,9,D,,,79.8,16058,20123,83.79,5.00%,0.9399438070709436,16860.9,20123,Cascaded,2027,16860.9,20123
D0,DC/9E/9,I,5.0,,DC,9E,9,I,,,82.28,1026,1247,86.39,5.00%,0.06005619292905643,1077.3,1247,Cascaded,2027,1077.3,1247
D0,DC/OO/1,D,5.0,,DC,OO,1,D,,,68.62,13524,19708,72.05,5.00%,0.962082947997439,14200.2,19708,Cascaded,2027,14200.2,19708
D0,DC/OO/1,I,5.0,,DC,OO,1,I,,,68.42,533,779,71.84,5.00%,0.037917052002561,559.65,779,Cascaded,2027,559.65,779
D0,DC/OO/10,D,5.0,,DC,OO,10,D,,,83.08,18475,22237,87.24,5.00%,0.9561144749780055,19398.75,22237,Cascaded,2027,19398.75,22237
D0,DC/OO/10,I,5.0,,DC,OO,10,I,,,85.48,848,992,89.76,5.00%,0.04388552502199451,890.4,992,Cascaded,2027,890.4000000000001,992
D0,DC/OO/11,D,5.0,,DC,OO,11,D,,,81.45,15846,19454,85.53,5.00%,0.9604800581888714,16638.3,19454,Cascaded,2027,16638.300000000003,19454
D0,DC/OO/11,I,5.0,,DC,OO,11,I,,,78.93,652,826,82.88,5.00%,0.03951994181112862,684.6,826,Cascaded,2027,684.6,826
D0,DC/OO/12,D,5.0,,DC,OO,12,D,,,67.15,13429,19998,70.51,5.00%,0.9569585975913917,14100.45,19998,Cascaded,2027,14100.449999999999,19998
D0,DC/OO/12,I,5.0,,DC,OO,12,I,,,68.4,604,883,71.82,5.00%,0.04304140240860828,634.2,883,Cascaded,2027,634.1999999999999,883
D0,DC/OO/2,D,5.0,,DC,OO,2,D,,,72.67,13812,19007,76.3,5.00%,0.9583015333379588,14502.6,19007,Cascaded,2027,14502.6,19007
D0,DC/OO/2,I,5.0,,DC,OO,2,I,,,78.15,601,769,82.06,5.00%,0.04169846666204121,631.05,769,Cascaded,2027,631.05,769
D0,DC/OO/3,D,5.0,,DC,OO,3,D,,,70.82,15562,21975,74.36,5.00%,0.9602616314945082,16340.1,21975,Cascaded,2027,16340.099999999999,21975
D0,DC/OO/3,I,5.0,,DC,OO,3,I,,,72.6,644,887,76.23,5.00%,0.03973836850549179,676.2,887,Cascaded,2027,676.1999999999999,887
D0,DC/OO/4,D,5.0,,DC,OO,4,D,,,79.33,17478,22032,83.3,5.00%,0.9603824385955272,18351.9,22032,Cascaded,2027,18351.9,22032
D0,DC/OO/4,I,5.0,,DC,OO,4,I,,,79.32,721,909,83.28,5.00%,0.03961756140447277,757.05,909,Cascaded,2027,757.0500000000001,909
D0,DC/OO/5,D,5.0,,DC,OO,5,D,,,78.56,17239,21943,82.49,5.00%,0.953642750456381,18100.95,21943,Cascaded,2027,18100.95,21943
D0,DC/OO/5,I,5.0,,DC,OO,5,I,,,79.66,838,1052,83.64,5.00%,0.046357249543618965,879.9,1052,Cascaded,2027,879.9000000000001,1052
D0,DC/OO/6,D,5.0,,DC,OO,6,D,,,74.55,16526,22169,78.27,5.00%,0.9552601156069365,17352.3,22169,Cascaded,2027,17352.3,22169
D0,DC/OO/6,I,5.0,,DC,OO,6,I,,,72.4,774,1069,76.02,5.00%,0.04473988439306358,812.7,1069,Cascaded,2027,812.7,1069
D0,DC/OO/7,D,5.0,,DC,OO,7,D,,,73.79,16640,22550,77.48,5.00%,0.9513464067234578,17472.0,22550,Cascaded,2027,17472.0,22550
D0,DC/OO/7,I,5.0,,DC,OO,7,I,,,74.71,851,1139,78.45,5.00%,0.04865359327654222,893.55,1139,Cascaded,2027,893.55,1139
D0,DC/OO/8,D,5.0,,DC,OO,8,D,,,78.15,17597,22516,82.06,5.00%,0.9567746846454981,18476.85,22516,Cascaded,2027,18476.850000000002,22516
D0,DC/OO/8,I,5.0,,DC,OO,8,I,,,73.75,795,1078,77.44,5.00%,0.043225315354501956,834.75,1078,Cascaded,2027,834.7500000000001,1078
D0,DC/OO/9,D,5.0,,DC,OO,9,D,,,84.11,17923,21310,88.31,5.00%,0.9516805607178888,18819.15,21310,Cascaded,2027,18819.15,21310
D0,DC/OO/9,I,5.0,,DC,OO,9,I,,,84.97,910,1071,89.22,5.00%,0.04831943928211119,955.5,1071,Cascaded,2027,955.5000000000001,1071
D0,DC/YX/1,D,5.0,,DC,YX,1,D,,,75.27,5466,7262,79.03,5.00%,1.0,5739.3,7262,Cascaded,2027,5739.3,7262
D0,DC/YX/10,D,5.0,,DC,YX,10,D,,,69.75,6054,8680,73.23,5.00%,1.0,6356.7,8680,Cascaded,2027,6356.700000000001,8680
D0,DC/YX/11,D,5.0,,DC,YX,11,D,,,73.61,5660,7689,77.29,5.00%,1.0,5943.0,7689,Cascaded,2027,5943.0,7689
D0,DC/YX/12,D,5.0,,DC,YX,12,D,,,65.29,5187,7945,68.55,5.00%,1.0,5446.35,7945,Cascaded,2027,5446.35,7945
D0,DC/YX/2,D,5.0,,DC,YX,2,D,,,74.89,5104,6815,78.64,5.00%,1.0,5359.2,6815,Cascaded,2027,5359.200000000001,6815
D0,DC/YX/3,D,5.0,,DC,YX,3,D,,,65.94,5447,8261,69.23,5.00%,1.0,5719.35,8261,Cascaded,2027,5719.35,8261
D0,DC/YX/4,D,5.0,,DC,YX,4,D,,,71.42,6300,8821,74.99,5.00%,1.0,6615.0,8821,Cascaded,2027,6615.000000000001,8821
D0,DC/YX/5,D,5.0,,DC,YX,5,D,,,73.72,6547,8881,77.41,5.00%,1.0,6874.35,8881,Cascaded,2027,6874.35,8881
D0,DC/YX/6,D,5.0,,DC,YX,6,D,,,68.51,5894,8603,71.94,5.00%,1.0,6188.7,8603,Cascaded,2027,6188.700000000001,8603
D0,DC/YX/7,D,5.0,,DC,YX,7,D,,,65.63,5722,8718,68.92,5.00%,1.0,6008.1,8718,Cascaded,2027,6008.1,8718
D0,DC/YX/8,D,5.0,,DC,YX,8,D,,,78.46,7007,8931,82.38,5.00%,1.0,7357.35,8931,Cascaded,2027,7357.35,8931
D0,DC/YX/9,D,5.0,,DC,YX,9,D,,,73.27,6179,8433,76.94,5.00%,1.0,6487.95,8433,Cascaded,2027,6487.950000000001,8433
D0,DL/DL/1,D,5.0,,DL,DL,1,D,,,65.53,49681,75812,68.81,5.00%,0.87251492799438,52165.05,75812,Cascaded,2027,52165.05,75812
D0,DL/DL/1,I,5.0,,DL,DL,1,I,,,57.99,7259,12517,60.89,5.00%,0.12748507200561995,7621.95,12517,Cascaded,2027,7621.95,12517
D0,DL/DL/10,D,5.0,,DL,DL,10,D,,,71.23,63862,89659,74.79,5.00%,0.8982249852316521,67055.1,89659,Cascaded,2027,67055.09999999999,89659
D0,DL/DL/10,I,5.0,,DL,DL,10,I,,,65.17,7236,11104,68.42,5.00%,0.10177501476834791,7597.8,11104,Cascaded,2027,7597.799999999999,11104
D0,DL/DL/11,D,5.0,,DL,DL,11,D,,,70.67,58653,82990,74.21,5.00%,0.9005389138812547,61585.65,82990,Cascaded,2027,61585.65,82990
D0,DL/DL/11,I,5.0,,DL,DL,11,I,,,65.43,6478,9900,68.71,5.00%,0.0994610861187453,6801.9,9900,Cascaded,2027,6801.900000000001,9900
D0,DL/DL/12,D,5.0,,DL,DL,12,D,,,57.34,47427,82715,60.2,5.00%,0.8814280669801327,49798.35,82715,Cascaded,2027,49798.35,82715
D0,DL/DL/12,I,5.0,,DL,DL,12,I,,,52.28,6380,12204,54.89,5.00%,0.1185719330198673,6699.0,12204,Cascaded,2027,6699.0,12204
D0,DL/DL/2,D,5.0,,DL,DL,2,D,,,68.4,49638,72569,71.82,5.00%,0.872311261071278,52119.9,72569,Cascaded,2027,52119.899999999994,72569
D0,DL/DL/2,I,5.0,,DL,DL,2,I,,,65.7,7266,11060,68.98,5.00%,0.12768873892872207,7629.3,11060,Cascaded,2027,7629.299999999999,11060
D0,DL/DL/3,D,5.0,,DL,DL,3,D,,,65.39,54745,83727,68.65,5.00%,0.8640445714105336,57482.25,83727,Cascaded,2027,57482.25,83727
D0,DL/DL/3,I,5.0,,DL,DL,3,I,,,64.96,8614,13261,68.21,5.00%,0.13595542858946638,9044.7,13261,Cascaded,2027,9044.699999999999,13261
D0,DL/DL/4,D,5.0,,DL,DL,4,D,,,72.79,62741,86192,76.43,5.00%,0.8757450134695643,65878.05,86192,Cascaded,2027,65878.04999999999,86192
D0,DL/DL/4,I,5.0,,DL,DL,4,I,,,71.29,8902,12487,74.85,5.00%,0.12425498653043564,9347.1,12487,Cascaded,2027,9347.099999999999,12487
D0,DL/DL/5,D,5.0,,DL,DL,5,D,,,67.69,59354,87682,71.08,5.00%,0.8800225365477568,62321.7,87682,Cascaded,2027,62321.700000000004,87682
D0,DL/DL/5,I,5.0,,DL,DL,5,I,,,66.44,8092,12179,69.76,5.00%,0.11997746345224328,8496.6,12179,Cascaded,2027,8496.6,12179
D0,DL/DL/6,D,5.0,,DL,DL,6,D,,,58.38,52276,89538,61.3,5.00%,0.8804675525912452,54889.8,89538,Cascaded,2027,54889.8,89538
D0,DL/DL/6,I,5.0,,DL,DL,6,I,,,55.71,7097,12740,58.49,5.00%,0.11953244740875482,7451.85,12740,Cascaded,2027,7451.85,12740
D0,DL/DL/7,D,5.0,,DL,DL,7,D,,,59.76,55433,92761,62.75,5.00%,0.880308083214229,58204.65,92761,Cascaded,2027,58204.65,92761
D0,DL/DL/7,I,5.0,,DL,DL,7,I,,,56.96,7537,13233,59.8,5.00%,0.119691916785771,7913.85,13233,Cascaded,2027,7913.85,13233
D0,DL/DL/8,D,5.0,,DL,DL,8,D,,,68.74,61586,89594,72.18,5.00%,0.8879181084198385,64665.3,89594,Cascaded,2027,64665.3,89594
D0,DL/DL/8,I,5.0,,DL,DL,8,I,,,62.08,7774,12522,65.19,5.00%,0.11208189158016148,8162.7,12522,Cascaded,2027,8162.7,12522
D0,DL/DL/9,D,5.0,,DL,DL,9,D,,,76.01,64401,84731,79.81,5.00%,0.893701169842217,67621.05,84731,Cascaded,2027,67621.05,84731
D0,DL/DL/9,I,5.0,,DL,DL,9,I,,,67.63,7660,11326,71.01,5.00%,0.10629883015778299,8043.0,11326,Cascaded,2027,8043.0,11326
D0,DC/9E/1,CRJ-700,5.1,,DC,9E,1,,,CRJ-700,66.06,1814,2746,69.36,5.00%,0.1334805003679176,1904.7,2746,Cascaded,2027,1904.7,2746
D0,DC/9E/1,CRJ-900,5.1,,DC,9E,1,,,CRJ-900,69.87,11776,16855,73.36,5.00%,0.8665194996320824,12364.8,16855,Cascaded,2027,12364.8,16855
D0,DC/9E/10,CRJ-700,5.1,,DC,9E,10,,,CRJ-700,78.46,2804,3574,82.38,5.00%,0.1672332558000835,2944.2,3574,Cascaded,2027,2944.2000000000003,3574
D0,DC/9E/10,CRJ-900,5.1,,DC,9E,10,,,CRJ-900,74.96,13963,18628,78.7,5.00%,0.8327667441999165,14661.15,18628,Cascaded,2027,14661.150000000001,18628
D0,DC/9E/11,CRJ-700,5.1,,DC,9E,11,,,CRJ-700,73.44,2265,3084,77.12,5.00%,0.16330209084354722,2378.25,3084,Cascaded,2027,2378.25,3084
D0,DC/9E/11,CRJ-900,5.1,,DC,9E,11,,,CRJ-900,69.39,11605,16724,72.86,5.00%,0.8366979091564528,12185.25,16724,Cascaded,2027,12185.25,16724
D0,DC/9E/12,CRJ-700,5.1,,DC,9E,12,,,CRJ-700,54.44,1846,3391,57.16,5.00%,0.16105391729192112,1938.3,3391,Cascaded,2027,1938.3,3391
D0,DC/9E/12,CRJ-900,5.1,,DC,9E,12,,,CRJ-900,54.63,9616,17602,57.36,5.00%,0.8389460827080789,10096.8,17602,Cascaded,2027,10096.800000000001,17602
D0,DC/9E/2,CRJ-700,5.1,,DC,9E,2,,,CRJ-700,72.49,1847,2548,76.11,5.00%,0.136229532379407,1939.35,2548,Cascaded,2027,1939.35,2548
D0,DC/9E/2,CRJ-900,5.1,,DC,9E,2,,,CRJ-900,72.87,11711,16071,76.51,5.00%,0.8637704676205931,12296.55,16071,Cascaded,2027,12296.55,16071
D0,DC/9E/3,CRJ-700,5.1,,DC,9E,3,,,CRJ-700,61.56,2024,3288,64.64,5.00%,0.1448404179189924,2125.2,3288,Cascaded,2027,2125.2000000000003,3288
D0,DC/9E/3,CRJ-900,5.1,,DC,9E,3,,,CRJ-900,62.7,11950,19059,65.84,5.00%,0.8551595820810076,12547.5,19059,Cascaded,2027,12547.5,19059
D0,DC/9E/4,CRJ-700,5.1,,DC,9E,4,,,CRJ-700,70.12,2464,3514,73.63,5.00%,0.15620641562064155,2587.2,3514,Cascaded,2027,2587.2000000000003,3514
D0,DC/9E/4,CRJ-900,5.1,,DC,9E,4,,,CRJ-900,69.28,13310,19211,72.75,5.00%,0.8437935843793585,13975.5,19211,Cascaded,2027,13975.5,19211
D0,DC/9E/5,CRJ-700,5.1,,DC,9E,5,,,CRJ-700,66.4,2259,3402,69.72,5.00%,0.14712778429073858,2371.95,3402,Cascaded,2027,2371.9500000000003,3402
D0,DC/9E/5,CRJ-900,5.1,,DC,9E,5,,,CRJ-900,68.68,13095,19068,72.11,5.00%,0.8528722157092614,13749.75,19068,Cascaded,2027,13749.75,19068
D0,DC/9E/6,CRJ-700,5.1,,DC,9E,6,,,CRJ-700,57.17,1443,2524,60.03,5.00%,0.11609010458567981,1515.15,2524,Cascaded,2027,1515.15,2524
D0,DC/9E/6,CRJ-900,5.1,,DC,9E,6,,,CRJ-900,60.08,10987,18286,63.09,5.00%,0.8839098954143202,11536.35,18286,Cascaded,2027,11536.35,18286
D0,DC/9E/7,CRJ-700,5.1,,DC,9E,7,,,CRJ-700,62.58,1898,3033,65.71,5.00%,0.1424390243902439,1992.9,3033,Cascaded,2027,1992.9,3033
D0,DC/9E/7,CRJ-900,5.1,,DC,9E,7,,,CRJ-900,61.92,11427,18455,65.01,5.00%,0.8575609756097561,11998.35,18455,Cascaded,2027,11998.35,18455
D0,DC/9E/8,CRJ-700,5.1,,DC,9E,8,,,CRJ-700,72.94,2380,3263,76.59,5.00%,0.14252350440146117,2499.0,3263,Cascaded,2027,2499.0,3263
D0,DC/9E/8,CRJ-900,5.1,,DC,9E,8,,,CRJ-900,73.96,14319,19361,77.66,5.00%,0.8574764955985388,15034.95,19361,Cascaded,2027,15034.95,19361
D0,DC/9E/9,CRJ-700,5.1,,DC,9E,9,,,CRJ-700,79.72,2476,3106,83.7,5.00%,0.14493092952470146,2599.8,3106,Cascaded,2027,2599.8,3106
D0,DC/9E/9,CRJ-900,5.1,,DC,9E,9,,,CRJ-900,79.98,14608,18264,83.98,5.00%,0.8550690704752986,15338.4,18264,Cascaded,2027,15338.400000000001,18264
D0,DC/OO/1,CRJ-700,5.1,,DC,OO,1,,,CRJ-700,51.76,308,595,54.35,5.00%,0.02191079177633919,323.4,595,Cascaded,2027,323.40000000000003,595
D0,DC/OO/1,CRJ-900,5.1,,DC,OO,1,,,CRJ-900,55.97,3893,6956,58.76,5.00%,0.2769438713808067,4087.65,6956,Cascaded,2027,4087.65,6956
D0,DC/OO/1,E-175,5.1,,DC,OO,1,,,E-175,76.47,8206,10731,80.29,5.00%,0.5837660951838941,8616.3,10731,Cascaded,2027,8616.3,10731
D0,DC/OO/1,E170/75,5.1,,DC,OO,1,,,E170/75,74.83,1650,2205,78.57,5.00%,0.11737924165895995,1732.5,2205,Cascaded,2027,1732.5,2205
D0,DC/OO/10,CRJ-700,5.1,,DC,OO,10,,,CRJ-700,74.24,467,629,77.96,5.00%,0.024168089841121978,490.35,629,Cascaded,2027,490.35,629
D0,DC/OO/10,CRJ-900,5.1,,DC,OO,10,,,CRJ-900,82.1,6701,8162,86.2,5.00%,0.34678880091083164,7036.05,8162,Cascaded,2027,7036.05,8162
D0,DC/OO/10,E-175,5.1,,DC,OO,10,,,E-175,84.19,12155,14438,88.4,5.00%,0.6290431092480464,12762.75,14438,Cascaded,2027,12762.75,14438
D0,DC/OO/11,CRJ-700,5.1,,DC,OO,11,,,CRJ-700,71.12,500,703,74.68,5.00%,0.030306703842890047,525.0,703,Cascaded,2027,525.0,703
D0,DC/OO/11,CRJ-900,5.1,,DC,OO,11,,,CRJ-900,77.85,5422,6965,81.74,5.00%,0.3286458964722997,5693.1,6965,Cascaded,2027,5693.1,6965
D0,DC/OO/11,E-175,5.1,,DC,OO,11,,,E-175,83.21,9186,11040,87.37,5.00%,0.5567947630015759,9645.3,11040,Cascaded,2027,9645.300000000001,11040
D0,DC/OO/11,E170/75,5.1,,DC,OO,11,,,E170/75,88.42,1390,1572,92.84,5.00%,0.08425263668323434,1459.5,1572,Cascaded,2027,1459.5000000000002,1572
D0,DC/OO/12,CRJ-700,5.1,,DC,OO,12,,,CRJ-700,51.0,383,751,53.55,5.00%,0.027292809805458562,402.15,751,Cascaded,2027,402.15,751
D0,DC/OO/12,CRJ-900,5.1,,DC,OO,12,,,CRJ-900,55.69,3879,6965,58.48,5.00%,0.27641986745528396,4072.95,6965,Cascaded,2027,4072.95,6965
D0,DC/OO/12,E-175,5.1,,DC,OO,12,,,E-175,73.73,8207,11131,77.42,5.00%,0.5848357443169672,8617.35,11131,Cascaded,2027,8617.35,11131
D0,DC/OO/12,E170/75,5.1,,DC,OO,12,,,E170/75,76.89,1564,2034,80.74,5.00%,0.11145157842229031,1642.2,2034,Cascaded,2027,1642.2,2034
D0,DC/OO/2,CRJ-700,5.1,,DC,OO,2,,,CRJ-700,64.29,288,448,67.5,5.00%,0.019981960729896622,302.4,448,Cascaded,2027,302.4,448
D0,DC/OO/2,CRJ-900,5.1,,DC,OO,2,,,CRJ-900,65.05,4453,6845,68.31,5.00%,0.30895719142440853,4675.65,6845,Cascaded,2027,4675.65,6845
D0,DC/OO/2,E-175,5.1,,DC,OO,2,,,E-175,79.09,8247,10428,83.04,5.00%,0.5721917713175605,8659.35,10428,Cascaded,2027,8659.35,10428
D0,DC/OO/2,E170/75,5.1,,DC,OO,2,,,E170/75,69.34,1425,2055,72.81,5.00%,0.09886907652813433,1496.25,2055,Cascaded,2027,1496.25,2055
D0,DC/OO/3,CRJ-700,5.1,,DC,OO,3,,,CRJ-700,53.19,217,408,55.85,5.00%,0.013390102431198321,227.85,408,Cascaded,2027,227.85,408
D0,DC/OO/3,CRJ-900,5.1,,DC,OO,3,,,CRJ-900,63.32,4977,7860,66.49,5.00%,0.3071084783413551,5225.85,7860,Cascaded,2027,5225.849999999999,7860
D0,DC/OO/3,E-175,5.1,,DC,OO,3,,,E-175,76.63,9329,12174,80.46,5.00%,0.5756509934592127,9795.45,12174,Cascaded,2027,9795.449999999999,12174
D0,DC/OO/3,E170/75,5.1,,DC,OO,3,,,E170/75,69.55,1683,2420,73.02,5.00%,0.10385042576823399,1767.15,2420,Cascaded,2027,1767.1499999999999,2420
D0,DC/OO/4,CRJ-700,5.1,,DC,OO,4,,,CRJ-700,77.84,302,388,81.73,5.00%,0.016594318369141162,317.1,388,Cascaded,2027,317.1,388
D0,DC/OO/4,CRJ-900,5.1,,DC,OO,4,,,CRJ-900,76.2,6197,8133,80.01,5.00%,0.34051321501181386,6506.85,8133,Cascaded,2027,6506.85,8133
D0,DC/OO/4,E-175,5.1,,DC,OO,4,,,E-175,81.3,9956,12246,85.37,5.00%,0.5470630254409583,10453.8,12246,Cascaded,2027,10453.800000000001,12246
D0,DC/OO/4,E170/75,5.1,,DC,OO,4,,,E170/75,80.22,1744,2174,84.23,5.00%,0.09582944117808671,1831.2,2174,Cascaded,2027,1831.2,2174
D0,DC/OO/5,CRJ-700,5.1,,DC,OO,5,,,CRJ-700,74.14,258,348,77.84,5.00%,0.01427227969242684,270.9,348,Cascaded,2027,270.90000000000003,348
D0,DC/OO/5,CRJ-900,5.1,,DC,OO,5,,,CRJ-900,77.77,6570,8448,81.66,5.00%,0.3634452619350556,6898.5,8448,Cascaded,2027,6898.500000000001,8448
D0,DC/OO/5,E-175,5.1,,DC,OO,5,,,E-175,80.64,9999,12399,84.68,5.00%,0.5531338164518449,10498.95,12399,Cascaded,2027,10498.95,12399
D0,DC/OO/5,E170/75,5.1,,DC,OO,5,,,E170/75,69.44,1250,1800,72.92,5.00%,0.06914864192067267,1312.5,1800,Cascaded,2027,1312.5000000000002,1800
D0,DC/OO/6,CRJ-700,5.1,,DC,OO,6,,,CRJ-700,59.77,422,706,62.76,5.00%,0.02439306358381503,443.1,706,Cascaded,2027,443.1,706
D0,DC/OO/6,CRJ-900,5.1,,DC,OO,6,,,CRJ-900,69.98,5481,7832,73.48,5.00%,0.31682080924855494,5755.05,7832,Cascaded,2027,5755.05,7832
D0,DC/OO/6,E-175,5.1,,DC,OO,6,,,E-175,77.53,11397,14700,81.41,5.00%,0.6587861271676301,11966.85,14700,Cascaded,2027,11966.85,14700
D0,DC/OO/7,CRJ-700,5.1,,DC,OO,7,,,CRJ-700,68.99,485,703,72.44,5.00%,0.027728546109427706,509.25,703,Cascaded,2027,509.25,703
D0,DC/OO/7,CRJ-900,5.1,,DC,OO,7,,,CRJ-900,65.62,5265,8024,68.9,5.00%,0.30101194900234407,5528.25,8024,Cascaded,2027,5528.25,8024
D0,DC/OO/7,E-175,5.1,,DC,OO,7,,,E-175,78.47,11741,14962,82.4,5.00%,0.6712595048882283,12328.05,14962,Cascaded,2027,12328.05,14962
D0,DC/OO/8,CRJ-700,5.1,,DC,OO,8,,,CRJ-700,64.55,437,677,67.78,5.00%,0.023760330578512397,458.85,677,Cascaded,2027,458.85,677
D0,DC/OO/8,CRJ-900,5.1,,DC,OO,8,,,CRJ-900,74.17,6039,8142,77.88,5.00%,0.3283492822966507,6340.95,8142,Cascaded,2027,6340.950000000001,8142
D0,DC/OO/8,E-175,5.1,,DC,OO,8,,,E-175,80.65,11916,14775,84.68,5.00%,0.6478903871248369,12511.8,14775,Cascaded,2027,12511.800000000001,14775
D0,DC/OO/9,CRJ-700,5.1,,DC,OO,9,,,CRJ-700,77.2,491,636,81.06,5.00%,0.026071257898369882,515.55,636,Cascaded,2027,515.5500000000001,636
D0,DC/OO/9,CRJ-900,5.1,,DC,OO,9,,,CRJ-900,82.2,6336,7708,86.31,5.00%,0.3364307332873148,6652.8,7708,Cascaded,2027,6652.8,7708
D0,DC/OO/9,E-175,5.1,,DC,OO,9,,,E-175,85.53,12006,14037,89.81,5.00%,0.6374980088143153,12606.3,14037,Cascaded,2027,12606.300000000001,14037
D0,DC/YX/1,E-170,5.1,,DC,YX,1,,,E-170,76.8,1218,1586,80.64,5.00%,0.22283205268935236,1278.9,1586,Cascaded,2027,1278.9,1586
D0,DC/YX/1,E-175,5.1,,DC,YX,1,,,E-175,74.84,4248,5676,78.58,5.00%,0.7771679473106476,4460.4,5676,Cascaded,2027,4460.400000000001,5676
D0,DC/YX/10,E-170,5.1,,DC,YX,10,,,E-170,69.39,1256,1810,72.86,5.00%,0.20746613809051867,1318.8,1810,Cascaded,2027,1318.8000000000002,1810
D0,DC/YX/10,E-175,5.1,,DC,YX,10,,,E-175,69.84,4798,6870,73.33,5.00%,0.7925338619094814,5037.9,6870,Cascaded,2027,5037.900000000001,6870
D0,DC/YX/11,E-170,5.1,,DC,YX,11,,,E-170,73.27,1187,1620,76.94,5.00%,0.2097173144876325,1246.35,1620,Cascaded,2027,1246.35,1620
D0,DC/YX/11,E-175,5.1,,DC,YX,11,,,E-175,73.7,4473,6069,77.39,5.00%,0.7902826855123675,4696.65,6069,Cascaded,2027,4696.65,6069
D0,DC/YX/12,E-170,5.1,,DC,YX,12,,,E-170,66.49,1161,1746,69.82,5.00%,0.2238288027761712,1219.05,1746,Cascaded,2027,1219.0500000000002,1746
D0,DC/YX/12,E-175,5.1,,DC,YX,12,,,E-175,64.95,4026,6199,68.19,5.00%,0.7761711972238288,4227.3,6199,Cascaded,2027,4227.3,6199
D0,DC/YX/2,E-170,5.1,,DC,YX,2,,,E-170,76.67,1147,1496,80.5,5.00%,0.22472570532915362,1204.35,1496,Cascaded,2027,1204.3500000000001,1496
D0,DC/YX/2,E-175,5.1,,DC,YX,2,,,E-175,74.39,3957,5319,78.11,5.00%,0.7752742946708464,4154.85,5319,Cascaded,2027,4154.85,5319
D0,DC/YX/3,E-170,5.1,,DC,YX,3,,,E-170,64.22,996,1551,67.43,5.00%,0.18285294657609694,1045.8,1551,Cascaded,2027,1045.8000000000002,1551
D0,DC/YX/3,E-175,5.1,,DC,YX,3,,,E-175,66.33,4451,6710,69.65,5.00%,0.817147053423903,4673.55,6710,Cascaded,2027,4673.55,6710
D0,DC/YX/4,E-170,5.1,,DC,YX,4,,,E-170,71.75,1214,1692,75.34,5.00%,0.1926984126984127,1274.7,1692,Cascaded,2027,1274.7000000000003,1692
D0,DC/YX/4,E-175,5.1,,DC,YX,4,,,E-175,71.34,5086,7129,74.91,5.00%,0.8073015873015873,5340.3,7129,Cascaded,2027,5340.300000000001,7129
D0,DC/YX/5,E-170,5.1,,DC,YX,5,,,E-170,71.91,1234,1716,75.51,5.00%,0.18848327478234306,1295.7,1716,Cascaded,2027,1295.7,1716
D0,DC/YX/5,E-175,5.1,,DC,YX,5,,,E-175,74.15,5313,7165,77.86,5.00%,0.8115167252176569,5578.65,7165,Cascaded,2027,5578.650000000001,7165
D0,DC/YX/6,E-170,5.1,,DC,YX,6,,,E-170,70.95,1209,1704,74.5,5.00%,0.20512385476756023,1269.45,1704,Cascaded,2027,1269.45,1704
D0,DC/YX/6,E-175,5.1,,DC,YX,6,,,E-175,67.91,4685,6899,71.3,5.00%,0.7948761452324398,4919.25,6899,Cascaded,2027,4919.250000000001,6899
D0,DC/YX/7,E-170,5.1,,DC,YX,7,,,E-170,68.29,1189,1741,71.71,5.00%,0.20779447745543517,1248.45,1741,Cascaded,2027,1248.45,1741
D0,DC/YX/7,E-175,5.1,,DC,YX,7,,,E-175,64.97,4533,6977,68.22,5.00%,0.7922055225445649,4759.65,6977,Cascaded,2027,4759.650000000001,6977
D0,DC/YX/8,E-170,5.1,,DC,YX,8,,,E-170,78.97,1513,1916,82.91,5.00%,0.2159269302126445,1588.65,1916,Cascaded,2027,1588.65,1916
D0,DC/YX/8,E-175,5.1,,DC,YX,8,,,E-175,78.32,5494,7015,82.23,5.00%,0.7840730697873555,5768.7,7015,Cascaded,2027,5768.700000000001,7015
D0,DC/YX/9,E-170,5.1,,DC,YX,9,,,E-170,76.67,1403,1830,80.5,5.00%,0.2270593947240654,1473.15,1830,Cascaded,2027,1473.15,1830
D0,DC/YX/9,E-175,5.1,,DC,YX,9,,,E-175,72.33,4776,6603,75.95,5.00%,0.7729406052759347,5014.8,6603,Cascaded,2027,5014.8,6603
D0,DL/DL/1,220,5.1,,DL,DL,1,,,220,67.74,4987,7362,71.13,5.00%,0.08758342114506498,5236.35,7362,Cascaded,2027,5236.35,7362
D0,DL/DL/1,319,5.1,,DL,DL,1,,,319,68.68,3906,5687,72.12,5.00%,0.06859852476290833,4101.3,5687,Cascaded,2027,4101.3,5687
D0,DL/DL/1,320,5.1,,DL,DL,1,,,320,64.05,3152,4921,67.25,5.00%,0.05535651563048823,3309.6,4921,Cascaded,2027,3309.6,4921
D0,DL/DL/1,321,5.1,,DL,DL,1,,,321,58.07,11997,20661,60.97,5.00%,0.210695468914647,12596.85,20661,Cascaded,2027,12596.85,20661
D0,DL/DL/1,332,5.1,,DL,DL,1,,,332,61.94,306,494,65.04,5.00%,0.005374077976817703,321.3,494,Cascaded,2027,321.3,494
D0,DL/DL/1,333,5.1,,DL,DL,1,,,333,44.09,552,1252,46.29,5.00%,0.00969441517386723,579.6,1252,Cascaded,2027,579.6,1252
D0,DL/DL/1,339,5.1,,DL,DL,1,,,339,52.38,881,1682,55.0,5.00%,0.015472427116262732,925.05,1682,Cascaded,2027,925.05,1682
D0,DL/DL/1,359,5.1,,DL,DL,1,,,359,44.09,235,533,46.29,5.00%,0.00412715138742536,246.75,533,Cascaded,2027,246.75,533
D0,DL/DL/1,35H,5.1,,DL,DL,1,,,35H,54.31,233,429,57.03,5.00%,0.004092026694766421,244.65,429,Cascaded,2027,244.65,429
D0,DL/DL/1,35J,5.1,,DL,DL,1,,,35J,56.93,193,339,59.78,5.00%,0.003389532841587636,202.65,339,Cascaded,2027,202.65,339
D0,DL/DL/1,717,5.1,,DL,DL,1,,,717,72.87,7833,10750,76.51,5.00%,0.1375658587987355,8224.65,10750,Cascaded,2027,8224.65,10750
D0,DL/DL/1,738,5.1,,DL,DL,1,,,738,69.52,5669,8155,72.99,5.00%,0.09956094134176326,5952.45,8155,Cascaded,2027,5952.45,8155
D0,DL/DL/1,739,5.1,,DL,DL,1,,,739,69.58,11431,16428,73.06,5.00%,0.2007551808921672,12002.55,16428,Cascaded,2027,12002.55,16428
D0,DL/DL/1,757,5.1,,DL,DL,1,,,757,57.18,3916,6849,60.04,5.00%,0.06877414822620302,4111.8,6849,Cascaded,2027,4111.8,6849
D0,DL/DL/1,763,5.1,,DL,DL,1,,,763,60.19,1134,1884,63.2,5.00%,0.019915700737618548,1190.7,1884,Cascaded,2027,1190.7,1884
D0,DL/DL/1,764,5.1,,DL,DL,1,,,764,57.03,515,903,59.88,5.00%,0.009044608359676853,540.75,903,Cascaded,2027,540.75,903
D0,DL/DL/10,220,5.1,,DL,DL,10,,,220,65.77,5519,8391,69.06,5.00%,0.07762524965540521,5794.95,8391,Cascaded,2027,5794.95,8391
D0,DL/DL/10,319,5.1,,DL,DL,10,,,319,80.33,5335,6641,84.35,5.00%,0.07503727249711666,5601.75,6641,Cascaded,2027,5601.75,6641
D0,DL/DL/10,320,5.1,,DL,DL,10,,,320,71.95,4405,6122,75.55,5.00%,0.061956735773158175,4625.25,6122,Cascaded,2027,4625.25,6122
D0,DL/DL/10,321,5.1,,DL,DL,10,,,321,67.77,14906,21995,71.16,5.00%,0.20965428000787645,15651.3,21995,Cascaded,2027,15651.3,21995
D0,DL/DL/10,332,5.1,,DL,DL,10,,,332,66.13,373,564,69.44,5.00%,0.0052462797828349604,391.65,564,Cascaded,2027,391.65,564
D0,DL/DL/10,333,5.1,,DL,DL,10,,,333,54.95,788,1434,57.7,5.00%,0.011083293482235787,827.4,1434,Cascaded,2027,827.4,1434
D0,DL/DL/10,339,5.1,,DL,DL,10,,,339,58.92,1097,1862,61.86,5.00%,0.01542940729697038,1151.85,1862,Cascaded,2027,1151.85,1862
D0,DL/DL/10,359,5.1,,DL,DL,10,,,359,48.01,361,752,50.41,5.00%,0.005077498663816141,379.05,752,Cascaded,2027,379.04999999999995,752
D0,DL/DL/10,35H,5.1,,DL,DL,10,,,35H,53.35,231,433,56.02,5.00%,0.0032490365411122677,242.55,433,Cascaded,2027,242.54999999999998,433
D0,DL/DL/10,35J,5.1,,DL,DL,10,,,35J,59.63,65,109,62.61,5.00%,0.0009142310613519367,68.25,109,Cascaded,2027,68.25,109
D0,DL/DL/10,35L,5.1,,DL,DL,10,,,35L,27.5,22,80,28.87,5.00%,0.00030943205153450166,23.1,80,Cascaded,2027,23.099999999999998,80
D0,DL/DL/10,717,5.1,,DL,DL,10,,,717,73.98,9302,12574,77.68,5.00%,0.13083349742608794,9767.1,12574,Cascaded,2027,9767.099999999999,12574
D0,DL/DL/10,738,5.1,,DL,DL,10,,,738,70.4,6234,8855,73.92,5.00%,0.08768179133027652,6545.7,8855,Cascaded,2027,6545.7,8855
D0,DL/DL/10,739,5.1,,DL,DL,10,,,739,77.45,14944,19295,81.32,5.00%,0.21018875355143604,15691.2,19295,Cascaded,2027,15691.199999999999,19295
D0,DL/DL/10,757,5.1,,DL,DL,10,,,757,63.12,5492,8701,66.28,5.00%,0.07724549213761288,5766.6,8701,Cascaded,2027,5766.599999999999,8701
D0,DL/DL/10,763,5.1,,DL,DL,10,,,763,69.92,1406,2011,73.41,5.00%,0.01977552111170497,1476.3,2011,Cascaded,2027,1476.3,2011
D0,DL/DL/10,764,5.1,,DL,DL,10,,,764,65.47,618,944,68.74,5.00%,0.008692227629469184,648.9,944,Cascaded,2027,648.9,944
D0,DL/DL/11,220,5.1,,DL,DL,11,,,220,66.87,5133,7676,70.21,5.00%,0.0788103975065637,5389.65,7676,Cascaded,2027,5389.650000000001,7676
D0,DL/DL/11,319,5.1,,DL,DL,11,,,319,75.86,4692,6185,79.65,5.00%,0.07203942822926103,4926.6,6185,Cascaded,2027,4926.6,6185
D0,DL/DL/11,320,5.1,,DL,DL,11,,,320,69.91,3922,5610,73.41,5.00%,0.06021710091968494,4118.1,5610,Cascaded,2027,4118.1,5610
D0,DL/DL/11,321,5.1,,DL,DL,11,,,321,66.96,13859,20698,70.31,5.00%,0.21278653790053892,14551.95,20698,Cascaded,2027,14551.95,20698
D0,DL/DL/11,332,5.1,,DL,DL,11,,,332,68.6,343,500,72.03,5.00%,0.005266309437902074,360.15,500,Cascaded,2027,360.15000000000003,500
D0,DL/DL/11,333,5.1,,DL,DL,11,,,333,56.88,728,1280,59.72,5.00%,0.011177473092690116,764.4,1280,Cascaded,2027,764.4000000000001,1280
D0,DL/DL/11,339,5.1,,DL,DL,11,,,339,61.22,1012,1653,64.28,5.00%,0.015537915892585711,1062.6,1653,Cascaded,2027,1062.6000000000001,1653
D0,DL/DL/11,359,5.1,,DL,DL,11,,,359,59.82,326,545,62.81,5.00%,0.005005297016781564,342.3,545,Cascaded,2027,342.3,545
D0,DL/DL/11,35H,5.1,,DL,DL,11,,,35H,61.28,201,328,64.34,5.00%,0.0030860880379542767,211.05,328,Cascaded,2027,211.05,328
D0,DL/DL/11,35J,5.1,,DL,DL,11,,,35J,54.71,151,276,57.45,5.00%,0.0023184044464233623,158.55,276,Cascaded,2027,158.55,276
D0,DL/DL/11,717,5.1,,DL,DL,11,,,717,74.23,8655,11659,77.95,5.00%,0.13288602969400132,9087.75,11659,Cascaded,2027,9087.75,11659
D0,DL/DL/11,738,5.1,,DL,DL,11,,,738,70.59,5917,8382,74.12,5.00%,0.09084767622176844,6212.85,8382,Cascaded,2027,6212.85,8382
D0,DL/DL/11,739,5.1,,DL,DL,11,,,739,76.17,13303,17466,79.97,5.00%,0.20424989636271515,13968.15,17466,Cascaded,2027,13968.150000000001,17466
D0,DL/DL/11,757,5.1,,DL,DL,11,,,757,64.44,4968,7709,67.67,5.00%,0.07627704165451167,5216.4,7709,Cascaded,2027,5216.400000000001,7709
D0,DL/DL/11,763,5.1,,DL,DL,11,,,763,66.59,1363,2047,69.91,5.00%,0.020927054705132734,1431.15,2047,Cascaded,2027,1431.15,2047
D0,DL/DL/11,764,5.1,,DL,DL,11,,,764,63.7,558,876,66.88,5.00%,0.008567348881485007,585.9,876,Cascaded,2027,585.9,876
D0,DL/DL/12,220,5.1,,DL,DL,12,,,220,54.41,4217,7751,57.13,5.00%,0.07837270243648596,4427.85,7751,Cascaded,2027,4427.849999999999,7751
D0,DL/DL/12,319,5.1,,DL,DL,12,,,319,62.59,4082,6522,65.72,5.00%,0.07586373520173956,4286.1,6522,Cascaded,2027,4286.1,6522
D0,DL/DL/12,320,5.1,,DL,DL,12,,,320,56.66,3138,5538,59.5,5.00%,0.05831954950099429,3294.9,5538,Cascaded,2027,3294.9,5538
D0,DL/DL/12,321,5.1,,DL,DL,12,,,321,50.49,11023,21830,53.02,5.00%,0.20486182095266414,11574.15,21830,Cascaded,2027,11574.15,21830
D0,DL/DL/12,332,5.1,,DL,DL,12,,,332,52.63,260,494,55.26,5.00%,0.004832085044696787,273.0,494,Cascaded,2027,273.0,494
D0,DL/DL/12,333,5.1,,DL,DL,12,,,333,40.3,565,1402,42.31,5.00%,0.010500492500975709,593.25,1402,Cascaded,2027,593.25,1402
D0,DL/DL/12,339,5.1,,DL,DL,12,,,339,42.52,759,1785,44.65,5.00%,0.014105971342018696,796.95,1785,Cascaded,2027,796.9499999999999,1785
D0,DL/DL/12,359,5.1,,DL,DL,12,,,359,47.75,276,578,50.14,5.00%,0.005129444124370435,289.8,578,Cascaded,2027,289.8,578
D0,DL/DL/12,35H,5.1,,DL,DL,12,,,35H,45.08,188,417,47.34,5.00%,0.0034939691861653687,197.4,417,Cascaded,2027,197.4,417
D0,DL/DL/12,35J,5.1,,DL,DL,12,,,35J,57.67,173,300,60.55,5.00%,0.0032151950489713236,181.65,300,Cascaded,2027,181.65,300
D0,DL/DL/12,717,5.1,,DL,DL,12,,,717,63.98,7716,12060,67.18,5.00%,0.14340141617261695,8101.8,12060,Cascaded,2027,8101.8,12060
D0,DL/DL/12,738,5.1,,DL,DL,12,,,738,58.78,4994,8496,61.72,5.00%,0.09281320274313751,5243.7,8496,Cascaded,2027,5243.7,8496
D0,DL/DL/12,739,5.1,,DL,DL,12,,,739,63.16,10725,16980,66.32,5.00%,0.19932350809374244,11261.25,16980,Cascaded,2027,11261.25,16980
D0,DL/DL/12,757,5.1,,DL,DL,12,,,757,52.19,3980,7626,54.8,5.00%,0.07396807106882004,4179.0,7626,Cascaded,2027,4179.0,7626
D0,DL/DL/12,763,5.1,,DL,DL,12,,,763,55.89,1238,2215,58.69,5.00%,0.023008158789748545,1299.9,2215,Cascaded,2027,1299.8999999999999,2215
D0,DL/DL/12,764,5.1,,DL,DL,12,,,764,51.14,473,925,53.69,5.00%,0.00879067779285223,496.65,925,Cascaded,2027,496.65,925
D0,DL/DL/2,220,5.1,,DL,DL,2,,,220,70.83,4776,6743,74.37,5.00%,0.08393083087304935,5014.8,6743,Cascaded,2027,5014.8,6743
D0,DL/DL/2,319,5.1,,DL,DL,2,,,319,74.33,4001,5383,78.04,5.00%,0.07031140165893435,4201.05,5383,Cascaded,2027,4201.05,5383
D0,DL/DL/2,320,5.1,,DL,DL,2,,,320,68.89,3293,4780,72.34,5.00%,0.0578693940672009,3457.65,4780,Cascaded,2027,3457.6499999999996,4780
D0,DL/DL/2,321,5.1,,DL,DL,2,,,321,62.6,12100,19328,65.73,5.00%,0.21263883031069872,12705.0,19328,Cascaded,2027,12705.0,19328
D0,DL/DL/2,332,5.1,,DL,DL,2,,,332,72.05,299,415,75.65,5.00%,0.00525446365809082,313.95,415,Cascaded,2027,313.95,415
D0,DL/DL/2,333,5.1,,DL,DL,2,,,333,56.77,683,1203,59.61,5.00%,0.012002671165471672,717.15,1203,Cascaded,2027,717.15,1203
D0,DL/DL/2,339,5.1,,DL,DL,2,,,339,58.04,870,1499,60.94,5.00%,0.015288907633909743,913.5,1499,Cascaded,2027,913.5,1499
D0,DL/DL/2,359,5.1,,DL,DL,2,,,359,58.94,267,453,61.89,5.00%,0.004692113032475749,280.35,453,Cascaded,2027,280.34999999999997,453
D0,DL/DL/2,35H,5.1,,DL,DL,2,,,35H,57.39,233,406,60.26,5.00%,0.004094615492759736,244.65,406,Cascaded,2027,244.64999999999998,406
D0,DL/DL/2,35J,5.1,,DL,DL,2,,,35J,67.52,210,311,70.9,5.00%,0.0036904259805989035,220.5,311,Cascaded,2027,220.5,311
D0,DL/DL/2,717,5.1,,DL,DL,2,,,717,76.39,8045,10532,80.21,5.00%,0.14137846197103895,8447.25,10532,Cascaded,2027,8447.25,10532
D0,DL/DL/2,738,5.1,,DL,DL,2,,,738,69.84,5591,8006,73.33,5.00%,0.09825319836918318,5870.55,8006,Cascaded,2027,5870.549999999999,8006
D0,DL/DL/2,739,5.1,,DL,DL,2,,,739,71.4,10999,15405,74.97,5.00%,0.19329045409813017,11548.95,15405,Cascaded,2027,11548.949999999999,15405
D0,DL/DL/2,757,5.1,,DL,DL,2,,,757,58.87,3938,6689,61.82,5.00%,0.06920427386475468,4134.9,6689,Cascaded,2027,4134.9,6689
D0,DL/DL/2,763,5.1,,DL,DL,2,,,763,65.8,1091,1658,69.09,5.00%,0.019172641642063826,1145.55,1658,Cascaded,2027,1145.55,1658
D0,DL/DL/2,764,5.1,,DL,DL,2,,,764,62.1,508,818,65.21,5.00%,0.008927316181639252,533.4,818,Cascaded,2027,533.4,818
D0,DL/DL/3,220,5.1,,DL,DL,3,,,220,67.82,5314,7836,71.21,5.00%,0.0838712732208526,5579.7,7836,Cascaded,2027,5579.7,7836
D0,DL/DL/3,319,5.1,,DL,DL,3,,,319,74.02,4746,6412,77.72,5.00%,0.07490648526649726,4983.3,6412,Cascaded,2027,4983.3,6412
D0,DL/DL/3,320,5.1,,DL,DL,3,,,320,66.19,3536,5342,69.5,5.00%,0.05580896163133888,3712.8,5342,Cascaded,2027,3712.7999999999997,5342
D0,DL/DL/3,321,5.1,,DL,DL,3,,,321,60.32,13451,22298,63.34,5.00%,0.2122981738979466,14123.55,22298,Cascaded,2027,14123.55,22298
D0,DL/DL/3,332,5.1,,DL,DL,3,,,332,70.53,383,543,74.06,5.00%,0.006044918638236084,402.15,543,Cascaded,2027,402.15,543
D0,DL/DL/3,333,5.1,,DL,DL,3,,,333,56.98,800,1404,59.83,5.00%,0.012626461907542732,840.0,1404,Cascaded,2027,840.0,1404
D0,DL/DL/3,339,5.1,,DL,DL,3,,,339,63.15,1138,1802,66.31,5.00%,0.017961142063479537,1194.9,1802,Cascaded,2027,1194.8999999999999,1802
D0,DL/DL/3,359,5.1,,DL,DL,3,,,359,49.32,219,444,51.79,5.00%,0.0034564939471898233,229.95,444,Cascaded,2027,229.95,444
D0,DL/DL/3,35H,5.1,,DL,DL,3,,,35H,48.43,231,477,50.85,5.00%,0.003645890875802964,242.55,477,Cascaded,2027,242.54999999999998,477
D0,DL/DL/3,35J,5.1,,DL,DL,3,,,35J,61.48,249,405,64.56,5.00%,0.003929986268722676,261.45,405,Cascaded,2027,261.45,405
D0,DL/DL/3,717,5.1,,DL,DL,3,,,717,70.37,8540,12135,73.89,5.00%,0.13478748086301867,8967.0,12135,Cascaded,2027,8967.0,12135
D0,DL/DL/3,738,5.1,,DL,DL,3,,,738,64.52,5590,8664,67.75,5.00%,0.08822740257895484,5869.5,8664,Cascaded,2027,5869.5,8664
D0,DL/DL/3,739,5.1,,DL,DL,3,,,739,68.08,12623,18541,71.49,5.00%,0.1992297858236399,13254.15,18541,Cascaded,2027,13254.15,18541
D0,DL/DL/3,757,5.1,,DL,DL,3,,,757,59.13,4457,7537,62.09,5.00%,0.07034517590239744,4679.85,7537,Cascaded,2027,4679.849999999999,7537
D0,DL/DL/3,763,5.1,,DL,DL,3,,,763,64.49,1373,2129,67.71,5.00%,0.021670165248820216,1441.65,2129,Cascaded,2027,1441.6499999999999,2129
D0,DL/DL/3,764,5.1,,DL,DL,3,,,764,69.58,709,1019,73.06,5.00%,0.011190201865559747,744.45,1019,Cascaded,2027,744.4499999999999,1019
D0,DL/DL/4,220,5.1,,DL,DL,4,,,220,71.75,5730,7986,75.34,5.00%,0.07997990033918177,6016.5,7986,Cascaded,2027,6016.5,7986
D0,DL/DL/4,319,5.1,,DL,DL,4,,,319,77.49,4962,6403,81.37,5.00%,0.06926008123612915,5210.1,6403,Cascaded,2027,5210.099999999999,6403
D0,DL/DL/4,320,5.1,,DL,DL,4,,,320,73.28,3886,5303,76.94,5.00%,0.0542411680136231,4080.3,5303,Cascaded,2027,4080.2999999999997,5303
D0,DL/DL/4,321,5.1,,DL,DL,4,,,321,68.11,15917,23370,71.51,5.00%,0.22217104253032396,16712.85,23370,Cascaded,2027,16712.85,23370
D0,DL/DL/4,332,5.1,,DL,DL,4,,,332,65.74,378,575,69.03,5.00%,0.005276160964783719,396.9,575,Cascaded,2027,396.9,575
D0,DL/DL/4,333,5.1,,DL,DL,4,,,333,63.81,991,1553,67.0,5.00%,0.013832474910319222,1040.55,1553,Cascaded,2027,1040.55,1553
D0,DL/DL/4,339,5.1,,DL,DL,4,,,339,68.91,1279,1856,72.36,5.00%,0.01785240707396396,1342.95,1856,Cascaded,2027,1342.9499999999998,1856
D0,DL/DL/4,359,5.1,,DL,DL,4,,,359,67.65,251,371,71.04,5.00%,0.003503482545398713,263.55,371,Cascaded,2027,263.54999999999995,371
D0,DL/DL/4,35H,5.1,,DL,DL,4,,,35H,65.38,272,416,68.65,5.00%,0.0037966025989978084,285.6,416,Cascaded,2027,285.59999999999997,416
D0,DL/DL/4,35J,5.1,,DL,DL,4,,,35J,55.29,282,510,58.06,5.00%,0.00393618357690214,296.1,510,Cascaded,2027,296.09999999999997,510
D0,DL/DL/4,717,5.1,,DL,DL,4,,,717,77.64,9395,12100,81.53,5.00%,0.13113632874111916,9864.75,12100,Cascaded,2027,9864.75,12100
D0,DL/DL/4,738,5.1,,DL,DL,4,,,738,73.45,6241,8497,77.12,5.00%,0.0871124883100931,6553.05,8497,Cascaded,2027,6553.049999999999,8497
D0,DL/DL/4,739,5.1,,DL,DL,4,,,739,77.71,14753,18985,81.59,5.00%,0.20592381670225982,15490.65,18985,Cascaded,2027,15490.65,18985
D0,DL/DL/4,757,5.1,,DL,DL,4,,,757,65.63,5016,7643,68.91,5.00%,0.07001381851681253,5266.8,7643,Cascaded,2027,5266.799999999999,7643
D0,DL/DL/4,763,5.1,,DL,DL,4,,,763,73.32,1539,2099,76.99,5.00%,0.021481512499476572,1615.95,2099,Cascaded,2027,1615.9499999999998,2099
D0,DL/DL/4,764,5.1,,DL,DL,4,,,764,74.21,751,1012,77.92,5.00%,0.010482531440615273,788.55,1012,Cascaded,2027,788.55,1012
D0,DL/DL/5,220,5.1,,DL,DL,5,,,220,71.04,6058,8528,74.59,5.00%,0.08982000415146932,6360.9,8528,Cascaded,2027,6360.900000000001,8528
D0,DL/DL/5,319,5.1,,DL,DL,5,,,319,75.73,4983,6580,79.52,5.00%,0.07388132728404946,5232.15,6580,Cascaded,2027,5232.150000000001,6580
D0,DL/DL/5,320,5.1,,DL,DL,5,,,320,65.32,3402,5208,68.59,5.00%,0.05044035228182546,3572.1,5208,Cascaded,2027,3572.1000000000004,5208
D0,DL/DL/5,321,5.1,,DL,DL,5,,,321,64.62,15333,23728,67.85,5.00%,0.22733742549595232,16099.65,23728,Cascaded,2027,16099.650000000001,23728
D0,DL/DL/5,332,5.1,,DL,DL,5,,,332,74.07,417,563,77.77,5.00%,0.006182723956943332,437.85,563,Cascaded,2027,437.85,563
D0,DL/DL/5,333,5.1,,DL,DL,5,,,333,57.06,901,1579,59.91,5.00%,0.013358835216321205,946.05,1579,Cascaded,2027,946.0500000000001,1579
D0,DL/DL/5,339,5.1,,DL,DL,5,,,339,62.7,1185,1890,65.83,5.00%,0.017569611244551198,1244.25,1890,Cascaded,2027,1244.25,1890
D0,DL/DL/5,359,5.1,,DL,DL,5,,,359,65.56,257,392,68.84,5.00%,0.0038104557720250276,269.85,392,Cascaded,2027,269.85,392
D0,DL/DL/5,35H,5.1,,DL,DL,5,,,35H,53.07,242,456,55.72,5.00%,0.003588055629688936,254.1,456,Cascaded,2027,254.10000000000002,456
D0,DL/DL/5,35J,5.1,,DL,DL,5,,,35J,52.17,289,554,54.77,5.00%,0.004284909409008689,303.45,554,Cascaded,2027,303.45,554
D0,DL/DL/5,717,5.1,,DL,DL,5,,,717,71.87,8930,12425,75.46,5.00%,0.1324022180707529,9376.5,12425,Cascaded,2027,9376.5,12425
D0,DL/DL/5,738,5.1,,DL,DL,5,,,738,67.87,5675,8362,71.26,5.00%,0.08414138718382114,5958.75,8362,Cascaded,2027,5958.75,8362
D0,DL/DL/5,739,5.1,,DL,DL,5,,,739,71.75,13449,18744,75.34,5.00%,0.19940396761853926,14121.45,18744,Cascaded,2027,14121.45,18744
D0,DL/DL/5,757,5.1,,DL,DL,5,,,757,55.22,4228,7657,57.98,5.00%,0.0626871867864662,4439.4,7657,Cascaded,2027,4439.400000000001,7657
D0,DL/DL/5,763,5.1,,DL,DL,5,,,763,68.6,1481,2159,72.03,5.00%,0.021958307386650062,1555.05,2159,Cascaded,2027,1555.0500000000002,2159
D0,DL/DL/5,764,5.1,,DL,DL,5,,,764,59.46,616,1036,62.43,5.00%,0.009133232511935475,646.8,1036,Cascaded,2027,646.8000000000001,1036
D0,DL/DL/6,220,5.1,,DL,DL,6,,,220,59.79,4689,7843,62.78,5.00%,0.07897529179930271,4923.45,7843,Cascaded,2027,4923.45,7843
D0,DL/DL/6,319,5.1,,DL,DL,6,,,319,66.96,4267,6372,70.31,5.00%,0.07186768396409142,4480.35,6372,Cascaded,2027,4480.35,6372
D0,DL/DL/6,320,5.1,,DL,DL,6,,,320,55.94,3632,6493,58.73,5.00%,0.06117258686608391,3813.6,6493,Cascaded,2027,3813.6,6493
D0,DL/DL/6,321,5.1,,DL,DL,6,,,321,54.98,12010,21846,57.72,5.00%,0.20228049786940192,12610.5,21846,Cascaded,2027,12610.5,21846
D0,DL/DL/6,332,5.1,,DL,DL,6,,,332,51.17,262,512,53.73,5.00%,0.0044127802199653045,275.1,512,Cascaded,2027,275.1,512
D0,DL/DL/6,333,5.1,,DL,DL,6,,,333,42.59,693,1627,44.72,5.00%,0.011671972108534183,727.65,1627,Cascaded,2027,727.65,1627
D0,DL/DL/6,339,5.1,,DL,DL,6,,,339,50.0,926,1852,52.5,5.00%,0.015596314823236151,972.3,1852,Cascaded,2027,972.3000000000001,1852
D0,DL/DL/6,359,5.1,,DL,DL,6,,,359,51.31,412,803,53.87,5.00%,0.006939181109258417,432.6,803,Cascaded,2027,432.6,803
D0,DL/DL/6,35H,5.1,,DL,DL,6,,,35H,51.24,228,445,53.8,5.00%,0.003840129351725532,239.4,445,Cascaded,2027,239.4,445
D0,DL/DL/6,35L,5.1,,DL,DL,6,,,35L,14.5,29,200,15.22,5.00%,0.0004884375052633352,30.45,200,Cascaded,2027,30.45,200
D0,DL/DL/6,717,5.1,,DL,DL,6,,,717,55.29,6786,12273,58.06,5.00%,0.11429437623162043,7125.3,12273,Cascaded,2027,7125.3,12273
D0,DL/DL/6,738,5.1,,DL,DL,6,,,738,61.35,4950,8068,64.42,5.00%,0.08337122934667272,5197.5,8068,Cascaded,2027,5197.5,8068
D0,DL/DL/6,739,5.1,,DL,DL,6,,,739,65.34,13546,20731,68.61,5.00%,0.2281508429757634,14223.3,20731,Cascaded,2027,14223.300000000001,20731
D0,DL/DL/6,757,5.1,,DL,DL,6,,,757,52.06,5107,9809,54.67,5.00%,0.08601552894413285,5362.35,9809,Cascaded,2027,5362.35,9809
D0,DL/DL/6,763,5.1,,DL,DL,6,,,763,58.07,1324,2280,60.97,5.00%,0.022299698516160545,1390.2,2280,Cascaded,2027,1390.2,2280
D0,DL/DL/6,764,5.1,,DL,DL,6,,,764,45.55,512,1124,47.83,5.00%,0.00862344836878716,537.6,1124,Cascaded,2027,537.6,1124
D0,DL/DL/7,220,5.1,,DL,DL,7,,,220,62.35,5100,8179,65.47,5.00%,0.08099094807050977,5355.0,8179,Cascaded,2027,5355.0,8179
D0,DL/DL/7,319,5.1,,DL,DL,7,,,319,61.94,4124,6658,65.04,5.00%,0.06549150389074163,4330.2,6658,Cascaded,2027,4330.2,6658
D0,DL/DL/7,320,5.1,,DL,DL,7,,,320,54.81,3585,6541,57.55,5.00%,0.056931872320152455,3764.25,6541,Cascaded,2027,3764.25,6541
D0,DL/DL/7,321,5.1,,DL,DL,7,,,321,54.83,12449,22704,57.57,5.00%,0.19769731618230904,13071.45,22704,Cascaded,2027,13071.45,22704
D0,DL/DL/7,332,5.1,,DL,DL,7,,,332,56.3,295,524,59.11,5.00%,0.004684770525647134,309.75,524,Cascaded,2027,309.75,524
D0,DL/DL/7,333,5.1,,DL,DL,7,,,333,44.32,729,1645,46.53,5.00%,0.011576941400666984,765.45,1645,Cascaded,2027,765.45,1645
D0,DL/DL/7,339,5.1,,DL,DL,7,,,339,52.28,916,1752,54.9,5.00%,0.014546609496585676,961.8,1752,Cascaded,2027,961.8,1752
D0,DL/DL/7,359,5.1,,DL,DL,7,,,359,54.47,439,806,57.19,5.00%,0.006971573765285057,460.95,806,Cascaded,2027,460.95,806
D0,DL/DL/7,35H,5.1,,DL,DL,7,,,35H,51.5,257,499,54.08,5.00%,0.004081308559631571,269.85,499,Cascaded,2027,269.85,499
D0,DL/DL/7,35J,5.1,,DL,DL,7,,,35J,24.49,12,49,25.71,5.00%,0.00019056693663649358,12.6,49,Cascaded,2027,12.6,49
D0,DL/DL/7,35L,5.1,,DL,DL,7,,,35L,14.01,22,157,14.71,5.00%,0.0003493727171669049,23.1,157,Cascaded,2027,23.1,157
D0,DL/DL/7,717,5.1,,DL,DL,7,,,717,62.75,8152,12992,65.88,5.00%,0.1294584722883913,8559.6,12992,Cascaded,2027,8559.6,12992
D0,DL/DL/7,738,5.1,,DL,DL,7,,,738,62.68,5350,8536,65.81,5.00%,0.08496109258377005,5617.5,8536,Cascaded,2027,5617.5,8536
D0,DL/DL/7,739,5.1,,DL,DL,7,,,739,67.35,14390,21366,70.72,5.00%,0.22852151818326186,15109.5,21366,Cascaded,2027,15109.5,21366
D0,DL/DL/7,757,5.1,,DL,DL,7,,,757,51.59,5162,10006,54.17,5.00%,0.08197554390979832,5420.1,10006,Cascaded,2027,5420.1,10006
D0,DL/DL/7,763,5.1,,DL,DL,7,,,763,59.46,1414,2378,62.43,5.00%,0.02245513736700016,1484.7,2378,Cascaded,2027,1484.7,2378
D0,DL/DL/7,764,5.1,,DL,DL,7,,,764,47.75,574,1202,50.14,5.00%,0.009115451802445608,602.7,1202,Cascaded,2027,602.7,1202
D0,DL/DL/8,220,5.1,,DL,DL,8,,,220,67.26,5691,8461,70.62,5.00%,0.08205017301038062,5975.55,8461,Cascaded,2027,5975.55,8461
D0,DL/DL/8,319,5.1,,DL,DL,8,,,319,72.44,4692,6477,76.06,5.00%,0.06764705882352941,4926.6,6477,Cascaded,2027,4926.6,6477
D0,DL/DL/8,320,5.1,,DL,DL,8,,,320,68.29,4350,6370,71.7,5.00%,0.06271626297577855,4567.5,6370,Cascaded,2027,4567.5,6370
D0,DL/DL/8,321,5.1,,DL,DL,8,,,321,64.08,14301,22317,67.29,5.00%,0.20618512110726644,15016.05,22317,Cascaded,2027,15016.05,22317
D0,DL/DL/8,332,5.1,,DL,DL,8,,,332,59.3,341,575,62.27,5.00%,0.004916378316032295,358.05,575,Cascaded,2027,358.05,575
D0,DL/DL/8,333,5.1,,DL,DL,8,,,333,56.13,906,1614,58.94,5.00%,0.013062283737024222,951.3,1614,Cascaded,2027,951.3,1614
D0,DL/DL/8,339,5.1,,DL,DL,8,,,339,62.47,1150,1841,65.59,5.00%,0.016580161476355246,1207.5,1841,Cascaded,2027,1207.5,1841
D0,DL/DL/8,359,5.1,,DL,DL,8,,,359,41.15,335,814,43.21,5.00%,0.004829873125720877,351.75,814,Cascaded,2027,351.75,814
D0,DL/DL/8,35H,5.1,,DL,DL,8,,,35H,51.76,250,483,54.35,5.00%,0.003604382929642445,262.5,483,Cascaded,2027,262.5,483
D0,DL/DL/8,35J,5.1,,DL,DL,8,,,35J,36.36,32,88,38.18,5.00%,0.000461361014994233,33.6,88,Cascaded,2027,33.6,88
D0,DL/DL/8,35L,5.1,,DL,DL,8,,,35L,29.17,35,120,30.63,5.00%,0.0005046136101499423,36.75,120,Cascaded,2027,36.75,120
D0,DL/DL/8,717,5.1,,DL,DL,8,,,717,72.25,8827,12217,75.86,5.00%,0.12726355247981547,9268.35,12217,Cascaded,2027,9268.35,12217
D0,DL/DL/8,738,5.1,,DL,DL,8,,,738,69.89,5895,8435,73.38,5.00%,0.08499134948096886,6189.75,8435,Cascaded,2027,6189.75,8435
D0,DL/DL/8,739,5.1,,DL,DL,8,,,739,75.43,14944,19813,79.2,5.00%,0.2154555940023068,15691.2,19813,Cascaded,2027,15691.2,19813
D0,DL/DL/8,757,5.1,,DL,DL,8,,,757,60.27,5398,8957,63.28,5.00%,0.07782583621683968,5667.9,8957,Cascaded,2027,5667.9,8957
D0,DL/DL/8,763,5.1,,DL,DL,8,,,763,65.14,1566,2404,68.4,5.00%,0.022577854671280276,1644.3,2404,Cascaded,2027,1644.3,2404
D0,DL/DL/8,764,5.1,,DL,DL,8,,,764,57.26,647,1130,60.12,5.00%,0.009328143021914648,679.35,1130,Cascaded,2027,679.35,1130
D0,DL/DL/9,220,5.1,,DL,DL,9,,,220,70.33,5700,8105,73.84,5.00%,0.07909965168398995,5985.0,8105,Cascaded,2027,5985.0,8105
D0,DL/DL/9,319,5.1,,DL,DL,9,,,319,81.3,4957,6097,85.37,5.00%,0.06878894270132249,5204.85,6097,Cascaded,2027,5204.85,6097
D0,DL/DL/9,320,5.1,,DL,DL,9,,,320,78.5,4692,5977,82.43,5.00%,0.06511150275461068,4926.6,5977,Cascaded,2027,4926.6,5977
D0,DL/DL/9,321,5.1,,DL,DL,9,,,321,71.1,14762,20762,74.66,5.00%,0.2048542207296596,15500.1,20762,Cascaded,2027,15500.1,20762
D0,DL/DL/9,332,5.1,,DL,DL,9,,,332,69.08,382,553,72.53,5.00%,0.005301064376014766,401.1,553,Cascaded,2027,401.1,553
D0,DL/DL/9,333,5.1,,DL,DL,9,,,333,58.05,808,1392,60.95,5.00%,0.011212722554502435,848.4,1392,Cascaded,2027,848.4000000000001,1392
D0,DL/DL/9,339,5.1,,DL,DL,9,,,339,61.07,1125,1842,64.13,5.00%,0.015611773358682227,1181.25,1842,Cascaded,2027,1181.25,1842
D0,DL/DL/9,359,5.1,,DL,DL,9,,,359,52.9,401,758,55.55,5.00%,0.005564729881628065,421.05,758,Cascaded,2027,421.05,758
D0,DL/DL/9,35H,5.1,,DL,DL,9,,,35H,58.09,273,470,60.99,5.00%,0.003788457001706887,286.65,470,Cascaded,2027,286.65000000000003,470
D0,DL/DL/9,35J,5.1,,DL,DL,9,,,35J,37.86,39,103,39.76,5.00%,0.0005412081431009839,40.95,103,Cascaded,2027,40.95,103
D0,DL/DL/9,35L,5.1,,DL,DL,9,,,35L,28.45,33,116,29.87,5.00%,0.00045794535185467866,34.65,116,Cascaded,2027,34.65,116
D0,DL/DL/9,717,5.1,,DL,DL,9,,,717,78.28,8964,11451,82.2,5.00%,0.12439461012197998,9412.2,11451,Cascaded,2027,9412.2,11451
D0,DL/DL/9,738,5.1,,DL,DL,9,,,738,77.11,6254,8111,80.96,5.00%,0.0867875827423988,6566.7,8111,Cascaded,2027,6566.7,8111
D0,DL/DL/9,739,5.1,,DL,DL,9,,,739,83.87,15932,18995,88.07,5.00%,0.22109046502268911,16728.6,18995,Cascaded,2027,16728.600000000002,18995
D0,DL/DL/9,757,5.1,,DL,DL,9,,,757,68.22,5578,8177,71.63,5.00%,0.07740664159531509,5856.9,8177,Cascaded,2027,5856.900000000001,8177
D0,DL/DL/9,763,5.1,,DL,DL,9,,,763,71.09,1522,2141,74.64,5.00%,0.021120994712812757,1598.1,2141,Cascaded,2027,1598.1000000000001,2141
D0,DL/DL/9,764,5.1,,DL,DL,9,,,764,63.46,639,1007,66.63,5.00%,0.008867487267731506,670.95,1007,Cascaded,2027,670.95,1007
D0,DC/9E/1/D,ABE,6.0,,DC,9E,1,D,ABE,,70.89,56,79,74.43,5.00%,0.004380475594493116,58.8,79,Cascaded,2027,58.800000000000004,79
D0,DC/9E/1/D,ABY,6.0,,DC,9E,1,D,ABY,,83.12,64,77,87.27,5.00%,0.0050062578222778474,67.2,77,Cascaded,2027,67.2,77
D0,DC/9E/1/D,AEX,6.0,,DC,9E,1,D,AEX,,68.75,55,80,72.19,5.00%,0.004302252816020025,57.75,80,Cascaded,2027,57.75,80
D0,DC/9E/1/D,AGS,6.0,,DC,9E,1,D,AGS,,80.81,80,99,84.85,5.00%,0.006257822277847309,84.0,99,Cascaded,2027,84.0,99
D0,DC/9E/1/D,ALB,6.0,,DC,9E,1,D,ALB,,76.79,43,56,80.63,5.00%,0.003363579474342929,45.15,56,Cascaded,2027,45.150000000000006,56
D0,DC/9E/1/D,ATL,6.0,,DC,9E,1,D,ATL,,72.26,1774,2455,75.87,5.00%,0.13876720901126408,1862.7,2455,Cascaded,2027,1862.7,2455
D0,DC/9E/1/D,ATW,6.0,,DC,9E,1,D,ATW,,65.38,17,26,68.65,5.00%,0.0013297872340425532,17.85,26,Cascaded,2027,17.85,26
D0,DC/9E/1/D,AUS,6.0,,DC,9E,1,D,AUS,,77.78,63,81,81.67,5.00%,0.004928035043804756,66.15,81,Cascaded,2027,66.15,81
D0,DC/9E/1/D,AVL,6.0,,DC,9E,1,D,AVL,,76.92,60,78,80.77,5.00%,0.004693366708385482,63.0,78,Cascaded,2027,63.0,78
D0,DC/9E/1/D,BGM,6.0,,DC,9E,1,D,BGM,,50.0,2,4,52.5,5.00%,0.00015644555694618273,2.1,4,Cascaded,2027,2.1,4
D0,DC/9E/1/D,BGR,6.0,,DC,9E,1,D,BGR,,84.06,58,69,88.26,5.00%,0.004536921151439299,60.9,69,Cascaded,2027,60.900000000000006,69
D0,DC/9E/1/D,BHM,6.0,,DC,9E,1,D,BHM,,74.73,68,91,78.46,5.00%,0.005319148936170213,71.4,91,Cascaded,2027,71.4,91
D0,DC/9E/1/D,BIS,6.0,,DC,9E,1,D,BIS,,74.44,67,90,78.17,5.00%,0.005240926157697122,70.35,90,Cascaded,2027,70.35000000000001,90
D0,DC/9E/1/D,BMI,6.0,,DC,9E,1,D,BMI,,77.59,45,58,81.47,5.00%,0.0035200250312891115,47.25,58,Cascaded,2027,47.25,58
D0,DC/9E/1/D,BNA,6.0,,DC,9E,1,D,BNA,,70.24,118,168,73.75,5.00%,0.009230287859824781,123.9,168,Cascaded,2027,123.9,168
D0,DC/9E/1/D,BQK,6.0,,DC,9E,1,D,BQK,,71.95,59,82,75.55,5.00%,0.0046151439299123905,61.95,82,Cascaded,2027,61.95,82
D0,DC/9E/1/D,BTR,6.0,,DC,9E,1,D,BTR,,60.78,31,51,63.82,5.00%,0.0024249061326658324,32.55,51,Cascaded,2027,32.550000000000004,51
D0,DC/9E/1/D,BTV,6.0,,DC,9E,1,D,BTV,,74.51,76,102,78.24,5.00%,0.005944931163954944,79.8,102,Cascaded,2027,79.80000000000001,102
D0,DC/9E/1/D,BUF,6.0,,DC,9E,1,D,BUF,,62.8,103,164,65.95,5.00%,0.008056946182728411,108.15,164,Cascaded,2027,108.15,164
D0,DC/9E/1/D,CAE,6.0,,DC,9E,1,D,CAE,,67.89,74,109,71.28,5.00%,0.005788485607008761,77.7,109,Cascaded,2027,77.7,109
D0,DC/9E/1/D,CHA,6.0,,DC,9E,1,D,CHA,,68.39,119,174,71.81,5.00%,0.009308510638297872,124.95,174,Cascaded,2027,124.95,174
D0,DC/9E/1/D,CHO,6.0,,DC,9E,1,D,CHO,,84.09,111,132,88.3,5.00%,0.008682728410513142,116.55,132,Cascaded,2027,116.55000000000001,132
D0,DC/9E/1/D,CHS,6.0,,DC,9E,1,D,CHS,,68.15,92,135,71.56,5.00%,0.0071964956195244055,96.6,135,Cascaded,2027,96.60000000000001,135
D0,DC/9E/1/D,CID,6.0,,DC,9E,1,D,CID,,65.22,30,46,68.48,5.00%,0.002346683354192741,31.5,46,Cascaded,2027,31.5,46
D0,DC/9E/1/D,CLE,6.0,,DC,9E,1,D,CLE,,58.62,170,290,61.55,5.00%,0.013297872340425532,178.5,290,Cascaded,2027,178.5,290
D0,DC/9E/1/D,CLT,6.0,,DC,9E,1,D,CLT,,70.41,119,169,73.93,5.00%,0.009308510638297872,124.95,169,Cascaded,2027,124.95,169
D0,DC/9E/1/D,CMH,6.0,,DC,9E,1,D,CMH,,66.67,80,120,70.0,5.00%,0.006257822277847309,84.0,120,Cascaded,2027,84.0,120
D0,DC/9E/1/D,CRW,6.0,,DC,9E,1,D,CRW,,87.5,7,8,91.88,5.00%,0.0005475594493116395,7.35,8,Cascaded,2027,7.3500000000000005,8
D0,DC/9E/1/D,CSG,6.0,,DC,9E,1,D,CSG,,76.54,62,81,80.37,5.00%,0.004849812265331665,65.1,81,Cascaded,2027,65.10000000000001,81
D0,DC/9E/1/D,CVG,6.0,,DC,9E,1,D,CVG,,70.15,423,603,73.66,5.00%,0.03308823529411765,444.15,603,Cascaded,2027,444.15000000000003,603
D0,DC/9E/1/D,CWA,6.0,,DC,9E,1,D,CWA,,74.19,46,62,77.9,5.00%,0.0035982478097622028,48.3,62,Cascaded,2027,48.300000000000004,62
D0,DC/9E/1/D,DAY,6.0,,DC,9E,1,D,DAY,,88.89,8,9,93.33,5.00%,0.0006257822277847309,8.4,9,Cascaded,2027,8.4,9
D0,DC/9E/1/D,DCA,6.0,,DC,9E,1,D,DCA,,60.0,117,195,63.0,5.00%,0.00915206508135169,122.85,195,Cascaded,2027,122.85000000000001,195
D0,DC/9E/1/D,DHN,6.0,,DC,9E,1,D,DHN,,67.24,39,58,70.6,5.00%,0.0030506883604505632,40.95,58,Cascaded,2027,40.95,58
D0,DC/9E/1/D,DLH,6.0,,DC,9E,1,D,DLH,,73.33,44,60,77.0,5.00%,0.00344180225281602,46.2,60,Cascaded,2027,46.2,60
D0,DC/9E/1/D,DSM,6.0,,DC,9E,1,D,DSM,,68.06,130,191,71.47,5.00%,0.010168961201501877,136.5,191,Cascaded,2027,136.5,191
D0,DC/9E/1/D,DTW,6.0,,DC,9E,1,D,DTW,,53.41,588,1101,56.08,5.00%,0.04599499374217772,617.4,1101,Cascaded,2027,617.4,1101
D0,DC/9E/1/D,ECP,6.0,,DC,9E,1,D,ECP,,62.5,20,32,65.62,5.00%,0.0015644555694618273,21.0,32,Cascaded,2027,21.0,32
D0,DC/9E/1/D,EVV,6.0,,DC,9E,1,D,EVV,,74.65,53,71,78.38,5.00%,0.004145807259073843,55.65,71,Cascaded,2027,55.650000000000006,71
D0,DC/9E/1/D,EWR,6.0,,DC,9E,1,D,EWR,,79.43,112,141,83.4,5.00%,0.008760951188986232,117.6,141,Cascaded,2027,117.60000000000001,141
D0,DC/9E/1/D,EYW,6.0,,DC,9E,1,D,EYW,,0.0,0,4,0.0,0.00%,0.0,0.0,4,Cascaded,2027,0.0,4
D0,DC/9E/1/D,FAR,6.0,,DC,9E,1,D,FAR,,58.14,25,43,61.05,5.00%,0.001955569461827284,26.25,43,Cascaded,2027,26.25,43
D0,DC/9E/1/D,FAY,6.0,,DC,9E,1,D,FAY,,74.71,65,87,78.45,5.00%,0.005084480600750938,68.25,87,Cascaded,2027,68.25,87
D0,DC/9E/1/D,FLL,6.0,,DC,9E,1,D,FLL,,66.67,2,3,70.0,5.00%,0.00015644555694618273,2.1,3,Cascaded,2027,2.1,3
D0,DC/9E/1/D,FSD,6.0,,DC,9E,1,D,FSD,,67.74,42,62,71.13,5.00%,0.003285356695869837,44.1,62,Cascaded,2027,44.1,62
D0,DC/9E/1/D,GFK,6.0,,DC,9E,1,D,GFK,,62.5,5,8,65.62,5.00%,0.0003911138923654568,5.25,8,Cascaded,2027,5.25,8
D0,DC/9E/1/D,GNV,6.0,,DC,9E,1,D,GNV,,73.08,19,26,76.73,5.00%,0.001486232790988736,19.95,26,Cascaded,2027,19.950000000000003,26
D0,DC/9E/1/D,GPT,6.0,,DC,9E,1,D,GPT,,50.0,3,6,52.5,5.00%,0.00023466833541927409,3.15,6,Cascaded,2027,3.1500000000000004,6
D0,DC/9E/1/D,GRB,6.0,,DC,9E,1,D,GRB,,61.54,16,26,64.62,5.00%,0.0012515644555694619,16.8,26,Cascaded,2027,16.8,26
D0,DC/9E/1/D,GRR,6.0,,DC,9E,1,D,GRR,,55.06,49,89,57.81,5.00%,0.0038329161451814767,51.45,89,Cascaded,2027,51.45,89
D0,DC/9E/1/D,GSO,6.0,,DC,9E,1,D,GSO,,86.36,57,66,90.68,5.00%,0.004458698372966208,59.85,66,Cascaded,2027,59.85,66
D0,DC/9E/1/D,GSP,6.0,,DC,9E,1,D,GSP,,73.68,56,76,77.37,5.00%,0.004380475594493116,58.8,76,Cascaded,2027,58.800000000000004,76
D0,DC/9E/1/D,GTR,6.0,,DC,9E,1,D,GTR,,72.88,43,59,76.53,5.00%,0.003363579474342929,45.15,59,Cascaded,2027,45.150000000000006,59
D0,DC/9E/1/D,HPN,6.0,,DC,9E,1,D,HPN,,58.6,92,157,61.53,5.00%,0.0071964956195244055,96.6,157,Cascaded,2027,96.60000000000001,157
D0,DC/9E/1/D,HSV,6.0,,DC,9E,1,D,HSV,,67.21,41,61,70.57,5.00%,0.003207133917396746,43.05,61,Cascaded,2027,43.050000000000004,61
D0,DC/9E/1/D,IAD,6.0,,DC,9E,1,D,IAD,,59.7,40,67,62.69,5.00%,0.0031289111389236545,42.0,67,Cascaded,2027,42.0,67
D0,DC/9E/1/D,ICT,6.0,,DC,9E,1,D,ICT,,81.25,26,32,85.31,5.00%,0.0020337922403003755,27.3,32,Cascaded,2027,27.3,32
D0,DC/9E/1/D,ILM,6.0,,DC,9E,1,D,ILM,,68.67,57,83,72.11,5.00%,0.004458698372966208,59.85,83,Cascaded,2027,59.85,83
D0,DC/9E/1/D,IND,6.0,,DC,9E,1,D,IND,,68.97,180,261,72.41,5.00%,0.014080100125156446,189.0,261,Cascaded,2027,189.0,261
D0,DC/9E/1/D,ITH,6.0,,DC,9E,1,D,ITH,,87.5,49,56,91.88,5.00%,0.0038329161451814767,51.45,56,Cascaded,2027,51.45,56
D0,DC/9E/1/D,JAN,6.0,,DC,9E,1,D,JAN,,71.43,10,14,75.0,5.00%,0.0007822277847309136,10.5,14,Cascaded,2027,10.5,14
D0,DC/9E/1/D,JAX,6.0,,DC,9E,1,D,JAX,,69.13,103,149,72.58,5.00%,0.008056946182728411,108.15,149,Cascaded,2027,108.15,149
D0,DC/9E/1/D,JFK,6.0,,DC,9E,1,D,JFK,,70.27,1191,1695,73.78,5.00%,0.09316332916145181,1250.55,1695,Cascaded,2027,1250.5500000000002,1695
D0,DC/9E/1/D,LEX,6.0,,DC,9E,1,D,LEX,,81.25,26,32,85.31,5.00%,0.0020337922403003755,27.3,32,Cascaded,2027,27.3,32
D0,DC/9E/1/D,LFT,6.0,,DC,9E,1,D,LFT,,72.73,16,22,76.36,5.00%,0.0012515644555694619,16.8,22,Cascaded,2027,16.8,22
D0,DC/9E/1/D,LGA,6.0,,DC,9E,1,D,LGA,,75.07,1590,2118,78.82,5.00%,0.12437421777221527,1669.5,2118,Cascaded,2027,1669.5,2118
D0,DC/9E/1/D,LIT,6.0,,DC,9E,1,D,LIT,,61.9,13,21,65.0,5.00%,0.0010168961201501877,13.65,21,Cascaded,2027,13.65,21
D0,DC/9E/1/D,MCI,6.0,,DC,9E,1,D,MCI,,67.41,91,135,70.78,5.00%,0.007118272841051314,95.55,135,Cascaded,2027,95.55000000000001,135
D0,DC/9E/1/D,MCO,6.0,,DC,9E,1,D,MCO,,0.0,0,4,0.0,0.00%,0.0,0.0,4,Cascaded,2027,0.0,4
D0,DC/9E/1/D,MDT,6.0,,DC,9E,1,D,MDT,,60.0,6,10,63.0,5.00%,0.00046933667083854817,6.3,10,Cascaded,2027,6.300000000000001,10
D0,DC/9E/1/D,MDW,6.0,,DC,9E,1,D,MDW,,47.56,39,82,49.94,5.00%,0.0030506883604505632,40.95,82,Cascaded,2027,40.95,82
D0,DC/9E/1/D,MEM,6.0,,DC,9E,1,D,MEM,,66.67,56,84,70.0,5.00%,0.004380475594493116,58.8,84,Cascaded,2027,58.800000000000004,84
D0,DC/9E/1/D,MGM,6.0,,DC,9E,1,D,MGM,,65.85,81,123,69.15,5.00%,0.006336045056320401,85.05,123,Cascaded,2027,85.05000000000001,123
D0,DC/9E/1/D,MIA,6.0,,DC,9E,1,D,MIA,,50.0,2,4,52.5,5.00%,0.00015644555694618273,2.1,4,Cascaded,2027,2.1,4
D0,DC/9E/1/D,MKE,6.0,,DC,9E,1,D,MKE,,81.18,69,85,85.24,5.00%,0.005397371714643304,72.45,85,Cascaded,2027,72.45,85
D0,DC/9E/1/D,MLI,6.0,,DC,9E,1,D,MLI,,73.33,44,60,77.0,5.00%,0.00344180225281602,46.2,60,Cascaded,2027,46.2,60
D0,DC/9E/1/D,MLU,6.0,,DC,9E,1,D,MLU,,75.0,57,76,78.75,5.00%,0.004458698372966208,59.85,76,Cascaded,2027,59.85,76
D0,DC/9E/1/D,MOB,6.0,,DC,9E,1,D,MOB,,68.18,30,44,71.59,5.00%,0.002346683354192741,31.5,44,Cascaded,2027,31.5,44
D0,DC/9E/1/D,MOT,6.0,,DC,9E,1,D,MOT,,67.31,35,52,70.67,5.00%,0.0027377972465581976,36.75,52,Cascaded,2027,36.75,52
D0,DC/9E/1/D,MSN,6.0,,DC,9E,1,D,MSN,,64.84,59,91,68.08,5.00%,0.0046151439299123905,61.95,91,Cascaded,2027,61.95,91
D0,DC/9E/1/D,MSP,6.0,,DC,9E,1,D,MSP,,62.9,936,1488,66.05,5.00%,0.07321652065081352,982.8,1488,Cascaded,2027,982.8000000000001,1488
D0,DC/9E/1/D,MYR,6.0,,DC,9E,1,D,MYR,,84.0,21,25,88.2,5.00%,0.0016426783479349186,22.05,25,Cascaded,2027,22.05,25
D0,DC/9E/1/D,OAJ,6.0,,DC,9E,1,D,OAJ,,78.26,72,92,82.17,5.00%,0.005632040050062578,75.6,92,Cascaded,2027,75.60000000000001,92
D0,DC/9E/1/D,OKC,6.0,,DC,9E,1,D,OKC,,89.29,25,28,93.75,5.00%,0.001955569461827284,26.25,28,Cascaded,2027,26.25,28
D0,DC/9E/1/D,OMA,6.0,,DC,9E,1,D,OMA,,73.44,47,64,77.11,5.00%,0.003676470588235294,49.35,64,Cascaded,2027,49.35,64
D0,DC/9E/1/D,ORD,6.0,,DC,9E,1,D,ORD,,54.44,49,90,57.17,5.00%,0.0038329161451814767,51.45,90,Cascaded,2027,51.45,90
D0,DC/9E/1/D,ORF,6.0,,DC,9E,1,D,ORF,,73.72,115,156,77.4,5.00%,0.008995619524405507,120.75,156,Cascaded,2027,120.75,156
D0,DC/9E/1/D,ORH,6.0,,DC,9E,1,D,ORH,,90.0,18,20,94.5,5.00%,0.0014080100125156445,18.9,20,Cascaded,2027,18.900000000000002,20
D0,DC/9E/1/D,PIT,6.0,,DC,9E,1,D,PIT,,76.06,143,188,79.87,5.00%,0.011185857321652065,150.15,188,Cascaded,2027,150.15,188
D0,DC/9E/1/D,PNS,6.0,,DC,9E,1,D,PNS,,77.5,31,40,81.38,5.00%,0.0024249061326658324,32.55,40,Cascaded,2027,32.550000000000004,40
D0,DC/9E/1/D,PVD,6.0,,DC,9E,1,D,PVD,,16.67,1,6,17.5,5.00%,7.822277847309137e-05,1.05,6,Cascaded,2027,1.05,6
D0,DC/9E/1/D,PWM,6.0,,DC,9E,1,D,PWM,,72.55,37,51,76.18,5.00%,0.0028942428035043806,38.85,51,Cascaded,2027,38.85,51
D0,DC/9E/1/D,RAP,6.0,,DC,9E,1,D,RAP,,72.83,67,92,76.47,5.00%,0.005240926157697122,70.35,92,Cascaded,2027,70.35000000000001,92
D0,DC/9E/1/D,RDU,6.0,,DC,9E,1,D,RDU,,71.09,391,550,74.65,5.00%,0.030585106382978722,410.55,550,Cascaded,2027,410.55,550
D0,DC/9E/1/D,RIC,6.0,,DC,9E,1,D,RIC,,74.07,100,135,77.78,5.00%,0.007822277847309137,105.0,135,Cascaded,2027,105.0,135
D0,DC/9E/1/D,ROA,6.0,,DC,9E,1,D,ROA,,69.39,68,98,72.86,5.00%,0.005319148936170213,71.4,98,Cascaded,2027,71.4,98
D0,DC/9E/1/D,ROC,6.0,,DC,9E,1,D,ROC,,46.19,91,197,48.5,5.00%,0.007118272841051314,95.55,197,Cascaded,2027,95.55000000000001,197
D0,DC/9E/1/D,RST,6.0,,DC,9E,1,D,RST,,65.28,47,72,68.54,5.00%,0.003676470588235294,49.35,72,Cascaded,2027,49.35,72
D0,DC/9E/1/D,RSW,6.0,,DC,9E,1,D,RSW,,69.23,9,13,72.69,5.00%,0.0007040050062578222,9.45,13,Cascaded,2027,9.450000000000001,13
D0,DC/9E/1/D,SAV,6.0,,DC,9E,1,D,SAV,,71.43,105,147,75.0,5.00%,0.008213391739674593,110.25,147,Cascaded,2027,110.25,147
D0,DC/9E/1/D,SDF,6.0,,DC,9E,1,D,SDF,,71.83,51,71,75.42,5.00%,0.003989361702127659,53.55,71,Cascaded,2027,53.550000000000004,71
D0,DC/9E/1/D,SGF,6.0,,DC,9E,1,D,SGF,,75.81,47,62,79.6,5.00%,0.003676470588235294,49.35,62,Cascaded,2027,49.35,62
D0,DC/9E/1/D,STL,6.0,,DC,9E,1,D,STL,,75.0,69,92,78.75,5.00%,0.005397371714643304,72.45,92,Cascaded,2027,72.45,92
D0,DC/9E/1/D,SYR,6.0,,DC,9E,1,D,SYR,,62.68,89,142,65.81,5.00%,0.006961827284105131,93.45,142,Cascaded,2027,93.45,142
D0,DC/9E/1/D,TLH,6.0,,DC,9E,1,D,TLH,,70.97,22,31,74.52,5.00%,0.00172090112640801,23.1,31,Cascaded,2027,23.1,31
D0,DC/9E/1/D,TPA,6.0,,DC,9E,1,D,TPA,,66.67,2,3,70.0,5.00%,0.00015644555694618273,2.1,3,Cascaded,2027,2.1,3
D0,DC/9E/1/D,TRI,6.0,,DC,9E,1,D,TRI,,82.64,100,121,86.78,5.00%,0.007822277847309137,105.0,121,Cascaded,2027,105.0,121
D0,DC/9E/1/D,TUL,6.0,,DC,9E,1,D,TUL,,80.77,21,26,84.81,5.00%,0.0016426783479349186,22.05,26,Cascaded,2027,22.05,26
D0,DC/9E/1/D,TVC,6.0,,DC,9E,1,D,TVC,,44.44,4,9,46.67,5.00%,0.00031289111389236547,4.2,9,Cascaded,2027,4.2,9
D0,DC/9E/1/D,TYS,6.0,,DC,9E,1,D,TYS,,75.73,181,239,79.52,5.00%,0.014158322903629537,190.05,239,Cascaded,2027,190.05,239
D0,DC/9E/1/D,VLD,6.0,,DC,9E,1,D,VLD,,86.25,69,80,90.56,5.00%,0.005397371714643304,72.45,80,Cascaded,2027,72.45,80
D0,DC/9E/1/D,VPS,6.0,,DC,9E,1,D,VPS,,70.0,7,10,73.5,5.00%,0.0005475594493116395,7.35,10,Cascaded,2027,7.3500000000000005,10
D0,DC/9E/1/D,XNA,6.0,,DC,9E,1,D,XNA,,70.43,81,115,73.96,5.00%,0.006336045056320401,85.05,115,Cascaded,2027,85.05000000000001,115
D0,DC/9E/1/I,ATL,6.0,,DC,9E,1,I,ATL,,72.88,43,59,76.53,5.00%,0.05334987593052109,45.15,59,Cascaded,2027,45.15,59
D0,DC/9E/1/I,DTW,6.0,,DC,9E,1,I,DTW,,57.92,117,202,60.82,5.00%,0.14516129032258066,122.85,202,Cascaded,2027,122.85,202
D0,DC/9E/1/I,ELH,6.0,,DC,9E,1,I,ELH,,52.38,11,21,55.0,5.00%,0.013647642679900745,11.55,21,Cascaded,2027,11.549999999999999,21
D0,DC/9E/1/I,GGT,6.0,,DC,9E,1,I,GGT,,70.59,12,17,74.12,5.00%,0.01488833746898263,12.6,17,Cascaded,2027,12.6,17
D0,DC/9E/1/I,JFK,6.0,,DC,9E,1,I,JFK,,61.54,48,78,64.62,5.00%,0.05955334987593052,50.4,78,Cascaded,2027,50.4,78
D0,DC/9E/1/I,LGA,6.0,,DC,9E,1,I,LGA,,73.64,162,220,77.32,5.00%,0.20099255583126552,170.1,220,Cascaded,2027,170.1,220
D0,DC/9E/1/I,MHH,6.0,,DC,9E,1,I,MHH,,57.14,12,21,60.0,5.00%,0.01488833746898263,12.6,21,Cascaded,2027,12.6,21
D0,DC/9E/1/I,MSP,6.0,,DC,9E,1,I,MSP,,70.97,22,31,74.52,5.00%,0.02729528535980149,23.1,31,Cascaded,2027,23.099999999999998,31
D0,DC/9E/1/I,YUL,6.0,,DC,9E,1,I,YUL,,73.56,128,174,77.24,5.00%,0.1588089330024814,134.4,174,Cascaded,2027,134.4,174
D0,DC/9E/1/I,YYZ,6.0,,DC,9E,1,I,YYZ,,70.7,251,355,74.24,5.00%,0.31141439205955335,263.55,355,Cascaded,2027,263.55,355
D0,DC/9E/10/D,ABE,6.0,,DC,9E,10,D,ABE,,71.74,66,92,75.33,5.00%,0.004174045029091829,69.3,92,Cascaded,2027,69.30000000000001,92
D0,DC/9E/10/D,ABY,6.0,,DC,9E,10,D,ABY,,90.91,10,11,95.45,5.00%,0.0006324310650139134,10.5,11,Cascaded,2027,10.500000000000002,11
D0,DC/9E/10/D,AEX,6.0,,DC,9E,10,D,AEX,,82.61,76,92,86.74,5.00%,0.004806476094105743,79.8,92,Cascaded,2027,79.80000000000001,92
D0,DC/9E/10/D,AGS,6.0,,DC,9E,10,D,AGS,,77.78,140,180,81.67,5.00%,0.00885403491019479,147.0,180,Cascaded,2027,147.00000000000003,180
D0,DC/9E/10/D,ALB,6.0,,DC,9E,10,D,ALB,,78.12,50,64,82.03,5.00%,0.0031621553250695674,52.5,64,Cascaded,2027,52.50000000000001,64
D0,DC/9E/10/D,ATL,6.0,,DC,9E,10,D,ATL,,75.38,1901,2522,79.15,5.00%,0.12022514545914495,1996.05,2522,Cascaded,2027,1996.0500000000002,2522
D0,DC/9E/10/D,AUS,6.0,,DC,9E,10,D,AUS,,71.74,66,92,75.33,5.00%,0.004174045029091829,69.3,92,Cascaded,2027,69.30000000000001,92
D0,DC/9E/10/D,AVL,6.0,,DC,9E,10,D,AVL,,58.33,35,60,61.25,5.00%,0.0022135087275486974,36.75,60,Cascaded,2027,36.75000000000001,60
D0,DC/9E/10/D,BGR,6.0,,DC,9E,10,D,BGR,,76.86,93,121,80.7,5.00%,0.005881608904629396,97.65,121,Cascaded,2027,97.65,121
D0,DC/9E/10/D,BHM,6.0,,DC,9E,10,D,BHM,,80.57,141,175,84.6,5.00%,0.00891727801669618,148.05,175,Cascaded,2027,148.05,175
D0,DC/9E/10/D,BIS,6.0,,DC,9E,10,D,BIS,,91.23,52,57,95.79,5.00%,0.0032886415380723503,54.6,57,Cascaded,2027,54.60000000000001,57
D0,DC/9E/10/D,BMI,6.0,,DC,9E,10,D,BMI,,88.71,55,62,93.15,5.00%,0.0034783708575765243,57.75,62,Cascaded,2027,57.75000000000001,62
D0,DC/9E/10/D,BNA,6.0,,DC,9E,10,D,BNA,,71.23,151,212,74.79,5.00%,0.009549709081710094,158.55,212,Cascaded,2027,158.55,212
D0,DC/9E/10/D,BQK,6.0,,DC,9E,10,D,BQK,,84.78,78,92,89.02,5.00%,0.004932962307108525,81.9,92,Cascaded,2027,81.9,92
D0,DC/9E/10/D,BTR,6.0,,DC,9E,10,D,BTR,,76.25,61,80,80.06,5.00%,0.0038578294965848723,64.05,80,Cascaded,2027,64.05000000000001,80
D0,DC/9E/10/D,BTV,6.0,,DC,9E,10,D,BTV,,81.31,161,198,85.38,5.00%,0.010182140146724007,169.05,198,Cascaded,2027,169.05,198
D0,DC/9E/10/D,BUF,6.0,,DC,9E,10,D,BUF,,79.01,128,162,82.96,5.00%,0.008095117632178092,134.4,162,Cascaded,2027,134.4,162
D0,DC/9E/10/D,CAE,6.0,,DC,9E,10,D,CAE,,76.47,91,119,80.29,5.00%,0.005755122691626612,95.55,119,Cascaded,2027,95.55000000000001,119
D0,DC/9E/10/D,CHA,6.0,,DC,9E,10,D,CHA,,71.24,161,226,74.8,5.00%,0.010182140146724007,169.05,226,Cascaded,2027,169.05,226
D0,DC/9E/10/D,CHO,6.0,,DC,9E,10,D,CHO,,76.86,93,121,80.7,5.00%,0.005881608904629396,97.65,121,Cascaded,2027,97.65,121
D0,DC/9E/10/D,CHS,6.0,,DC,9E,10,D,CHS,,75.29,128,170,79.06,5.00%,0.008095117632178092,134.4,170,Cascaded,2027,134.4,170
D0,DC/9E/10/D,CID,6.0,,DC,9E,10,D,CID,,71.43,55,77,75.0,5.00%,0.0034783708575765243,57.75,77,Cascaded,2027,57.75000000000001,77
D0,DC/9E/10/D,CLE,6.0,,DC,9E,10,D,CLE,,79.22,263,332,83.18,5.00%,0.016632937009865924,276.15,332,Cascaded,2027,276.15000000000003,332
D0,DC/9E/10/D,CLT,6.0,,DC,9E,10,D,CLT,,66.44,97,146,69.76,5.00%,0.0061345813306349604,101.85,146,Cascaded,2027,101.85000000000001,146
D0,DC/9E/10/D,CMH,6.0,,DC,9E,10,D,CMH,,81.43,114,140,85.5,5.00%,0.007209714141158613,119.7,140,Cascaded,2027,119.70000000000002,140
D0,DC/9E/10/D,CRW,6.0,,DC,9E,10,D,CRW,,84.34,70,83,88.55,5.00%,0.004427017455097395,73.5,83,Cascaded,2027,73.50000000000001,83
D0,DC/9E/10/D,CVG,6.0,,DC,9E,10,D,CVG,,79.61,484,608,83.59,5.00%,0.030609663546673414,508.2,608,Cascaded,2027,508.20000000000005,608
D0,DC/9E/10/D,CWA,6.0,,DC,9E,10,D,CWA,,87.1,54,62,91.45,5.00%,0.0034151277510751326,56.7,62,Cascaded,2027,56.70000000000001,62
D0,DC/9E/10/D,DCA,6.0,,DC,9E,10,D,DCA,,55.37,98,177,58.14,5.00%,0.0061978244371363525,102.9,177,Cascaded,2027,102.90000000000002,177
D0,DC/9E/10/D,DHN,6.0,,DC,9E,10,D,DHN,,84.09,74,88,88.3,5.00%,0.0046799898811029595,77.7,88,Cascaded,2027,77.70000000000002,88
D0,DC/9E/10/D,DLH,6.0,,DC,9E,10,D,DLH,,88.24,45,51,92.65,5.00%,0.0028459397925626106,47.25,51,Cascaded,2027,47.25000000000001,51
D0,DC/9E/10/D,DSM,6.0,,DC,9E,10,D,DSM,,80.99,213,263,85.04,5.00%,0.013470781684796358,223.65,263,Cascaded,2027,223.65000000000003,263
D0,DC/9E/10/D,DTW,6.0,,DC,9E,10,D,DTW,,79.9,1328,1662,83.9,5.00%,0.08398684543384771,1394.4,1662,Cascaded,2027,1394.4,1662
D0,DC/9E/10/D,ECP,6.0,,DC,9E,10,D,ECP,,20.0,1,5,21.0,5.00%,6.324310650139134e-05,1.05,5,Cascaded,2027,1.05,5
D0,DC/9E/10/D,EVV,6.0,,DC,9E,10,D,EVV,,83.48,96,115,87.65,5.00%,0.006071338224133569,100.8,115,Cascaded,2027,100.80000000000001,115
D0,DC/9E/10/D,EWR,6.0,,DC,9E,10,D,EWR,,73.03,65,89,76.69,5.00%,0.004110801922590438,68.25,89,Cascaded,2027,68.25000000000001,89
D0,DC/9E/10/D,FAR,6.0,,DC,9E,10,D,FAR,,81.71,67,82,85.79,5.00%,0.00423728813559322,70.35,82,Cascaded,2027,70.35000000000001,82
D0,DC/9E/10/D,FAY,6.0,,DC,9E,10,D,FAY,,80.56,87,108,84.58,5.00%,0.005502150265621048,91.35,108,Cascaded,2027,91.35000000000001,108
D0,DC/9E/10/D,FSD,6.0,,DC,9E,10,D,FSD,,75.0,24,32,78.75,5.00%,0.0015178345560333923,25.2,32,Cascaded,2027,25.200000000000003,32
D0,DC/9E/10/D,GRB,6.0,,DC,9E,10,D,GRB,,95.65,22,23,100.43,5.00%,0.0013913483430306097,23.1,23,Cascaded,2027,23.1,23
D0,DC/9E/10/D,GRR,6.0,,DC,9E,10,D,GRR,,80.95,17,21,85.0,5.00%,0.0010751328105236529,17.85,21,Cascaded,2027,17.85,21
D0,DC/9E/10/D,GSO,6.0,,DC,9E,10,D,GSO,,70.59,24,34,74.12,5.00%,0.0015178345560333923,25.2,34,Cascaded,2027,25.200000000000003,34
D0,DC/9E/10/D,GSP,6.0,,DC,9E,10,D,GSP,,74.05,117,158,77.75,5.00%,0.007399443460662788,122.85,158,Cascaded,2027,122.85000000000002,158
D0,DC/9E/10/D,GTR,6.0,,DC,9E,10,D,GTR,,90.32,56,62,94.84,5.00%,0.0035416139640779155,58.8,62,Cascaded,2027,58.80000000000001,62
D0,DC/9E/10/D,HPN,6.0,,DC,9E,10,D,HPN,,73.14,128,175,76.8,5.00%,0.008095117632178092,134.4,175,Cascaded,2027,134.4,175
D0,DC/9E/10/D,HSV,6.0,,DC,9E,10,D,HSV,,74.55,82,110,78.27,5.00%,0.005185934733114091,86.1,110,Cascaded,2027,86.10000000000001,110
D0,DC/9E/10/D,IAD,6.0,,DC,9E,10,D,IAD,,63.37,64,101,66.53,5.00%,0.004047558816089046,67.2,101,Cascaded,2027,67.2,101
D0,DC/9E/10/D,ICT,6.0,,DC,9E,10,D,ICT,,81.25,39,48,85.31,5.00%,0.0024664811535542626,40.95,48,Cascaded,2027,40.95,48
D0,DC/9E/10/D,ILM,6.0,,DC,9E,10,D,ILM,,76.74,66,86,80.58,5.00%,0.004174045029091829,69.3,86,Cascaded,2027,69.30000000000001,86
D0,DC/9E/10/D,IND,6.0,,DC,9E,10,D,IND,,73.82,251,340,77.51,5.00%,0.01587401973184923,263.55,340,Cascaded,2027,263.55,340
D0,DC/9E/10/D,ITH,6.0,,DC,9E,10,D,ITH,,77.05,47,61,80.9,5.00%,0.0029724260055653934,49.35,61,Cascaded,2027,49.35000000000001,61
D0,DC/9E/10/D,JAN,6.0,,DC,9E,10,D,JAN,,81.48,22,27,85.56,5.00%,0.0013913483430306097,23.1,27,Cascaded,2027,23.1,27
D0,DC/9E/10/D,JAX,6.0,,DC,9E,10,D,JAX,,65.47,91,139,68.74,5.00%,0.005755122691626612,95.55,139,Cascaded,2027,95.55000000000001,139
D0,DC/9E/10/D,JFK,6.0,,DC,9E,10,D,JFK,,75.92,1381,1819,79.72,5.00%,0.08733873007842145,1450.05,1819,Cascaded,2027,1450.0500000000002,1819
D0,DC/9E/10/D,LAN,6.0,,DC,9E,10,D,LAN,,100.0,1,1,105.0,5.00%,6.324310650139134e-05,1.05,1,Cascaded,2027,1.05,1
D0,DC/9E/10/D,LEX,6.0,,DC,9E,10,D,LEX,,77.78,42,54,81.67,5.00%,0.0026562104730584366,44.1,54,Cascaded,2027,44.10000000000001,54
D0,DC/9E/10/D,LFT,6.0,,DC,9E,10,D,LFT,,83.15,74,89,87.3,5.00%,0.0046799898811029595,77.7,89,Cascaded,2027,77.70000000000002,89
D0,DC/9E/10/D,LGA,6.0,,DC,9E,10,D,LGA,,67.29,1631,2424,70.65,5.00%,0.1031495067037693,1712.55,2424,Cascaded,2027,1712.5500000000002,2424
D0,DC/9E/10/D,LIT,6.0,,DC,9E,10,D,LIT,,84.62,22,26,88.85,5.00%,0.0013913483430306097,23.1,26,Cascaded,2027,23.1,26
D0,DC/9E/10/D,MCI,6.0,,DC,9E,10,D,MCI,,75.56,102,135,79.33,5.00%,0.006450796863141917,107.1,135,Cascaded,2027,107.10000000000001,135
D0,DC/9E/10/D,MDT,6.0,,DC,9E,10,D,MDT,,78.38,29,37,82.3,5.00%,0.0018340500885403491,30.45,37,Cascaded,2027,30.450000000000003,37
D0,DC/9E/10/D,MDW,6.0,,DC,9E,10,D,MDW,,84.38,27,32,88.59,5.00%,0.0017075638755375663,28.35,32,Cascaded,2027,28.350000000000005,32
D0,DC/9E/10/D,MEM,6.0,,DC,9E,10,D,MEM,,70.59,60,85,74.12,5.00%,0.003794586390083481,63.0,85,Cascaded,2027,63.00000000000001,85
D0,DC/9E/10/D,MGM,6.0,,DC,9E,10,D,MGM,,67.86,57,84,71.25,5.00%,0.0036048570705793067,59.85,84,Cascaded,2027,59.85000000000001,84
D0,DC/9E/10/D,MKE,6.0,,DC,9E,10,D,MKE,,81.54,106,130,85.62,5.00%,0.006703769289147483,111.3,130,Cascaded,2027,111.30000000000001,130
D0,DC/9E/10/D,MLI,6.0,,DC,9E,10,D,MLI,,77.42,48,62,81.29,5.00%,0.0030356691120667846,50.4,62,Cascaded,2027,50.400000000000006,62
D0,DC/9E/10/D,MLU,6.0,,DC,9E,10,D,MLU,,72.83,67,92,76.47,5.00%,0.00423728813559322,70.35,92,Cascaded,2027,70.35000000000001,92
D0,DC/9E/10/D,MOB,6.0,,DC,9E,10,D,MOB,,84.48,49,58,88.71,5.00%,0.0030989122185681763,51.45,58,Cascaded,2027,51.45000000000001,58
D0,DC/9E/10/D,MSN,6.0,,DC,9E,10,D,MSN,,80.0,24,30,84.0,5.00%,0.0015178345560333923,25.2,30,Cascaded,2027,25.200000000000003,30
D0,DC/9E/10/D,MSP,6.0,,DC,9E,10,D,MSP,,77.01,1236,1605,80.86,5.00%,0.07816847963571971,1297.8,1605,Cascaded,2027,1297.8000000000002,1605
D0,DC/9E/10/D,OAJ,6.0,,DC,9E,10,D,OAJ,,83.81,88,105,88.0,5.00%,0.005565393372122439,92.4,105,Cascaded,2027,92.4,105
D0,DC/9E/10/D,OMA,6.0,,DC,9E,10,D,OMA,,78.02,71,91,81.92,5.00%,0.004490260561598786,74.55,91,Cascaded,2027,74.55000000000001,91
D0,DC/9E/10/D,ORD,6.0,,DC,9E,10,D,ORD,,68.0,68,100,71.4,5.00%,0.0043005312420946115,71.4,100,Cascaded,2027,71.4,100
D0,DC/9E/10/D,ORF,6.0,,DC,9E,10,D,ORF,,66.52,149,224,69.84,5.00%,0.009423222868707311,156.45,224,Cascaded,2027,156.45000000000002,224
D0,DC/9E/10/D,ORH,6.0,,DC,9E,10,D,ORH,,72.0,18,25,75.6,5.00%,0.0011383759170250443,18.9,25,Cascaded,2027,18.900000000000002,25
D0,DC/9E/10/D,PIT,6.0,,DC,9E,10,D,PIT,,78.02,213,273,81.92,5.00%,0.013470781684796358,223.65,273,Cascaded,2027,223.65000000000003,273
D0,DC/9E/10/D,PNS,6.0,,DC,9E,10,D,PNS,,60.0,18,30,63.0,5.00%,0.0011383759170250443,18.9,30,Cascaded,2027,18.900000000000002,30
D0,DC/9E/10/D,PWM,6.0,,DC,9E,10,D,PWM,,68.04,66,97,71.44,5.00%,0.004174045029091829,69.3,97,Cascaded,2027,69.30000000000001,97
D0,DC/9E/10/D,RAP,6.0,,DC,9E,10,D,RAP,,91.89,102,111,96.49,5.00%,0.006450796863141917,107.1,111,Cascaded,2027,107.10000000000001,111
D0,DC/9E/10/D,RDU,6.0,,DC,9E,10,D,RDU,,69.48,387,557,72.95,5.00%,0.024475082216038453,406.35,557,Cascaded,2027,406.3500000000001,557
D0,DC/9E/10/D,RIC,6.0,,DC,9E,10,D,RIC,,73.0,173,237,76.65,5.00%,0.010941057424740703,181.65,237,Cascaded,2027,181.65000000000003,237
D0,DC/9E/10/D,ROA,6.0,,DC,9E,10,D,ROA,,85.47,100,117,89.74,5.00%,0.006324310650139135,105.0,117,Cascaded,2027,105.00000000000001,117
D0,DC/9E/10/D,ROC,6.0,,DC,9E,10,D,ROC,,73.59,170,231,77.27,5.00%,0.010751328105236529,178.5,231,Cascaded,2027,178.50000000000003,231
D0,DC/9E/10/D,RST,6.0,,DC,9E,10,D,RST,,81.01,64,79,85.06,5.00%,0.004047558816089046,67.2,79,Cascaded,2027,67.2,79
D0,DC/9E/10/D,SAV,6.0,,DC,9E,10,D,SAV,,70.11,61,87,73.62,5.00%,0.0038578294965848723,64.05,87,Cascaded,2027,64.05000000000001,87
D0,DC/9E/10/D,SBN,6.0,,DC,9E,10,D,SBN,,85.71,6,7,90.0,5.00%,0.0003794586390083481,6.3,7,Cascaded,2027,6.300000000000001,7
D0,DC/9E/10/D,SDF,6.0,,DC,9E,10,D,SDF,,83.46,111,133,87.63,5.00%,0.00701998482165444,116.55,133,Cascaded,2027,116.55000000000001,133
D0,DC/9E/10/D,SGF,6.0,,DC,9E,10,D,SGF,,71.43,35,49,75.0,5.00%,0.0022135087275486974,36.75,49,Cascaded,2027,36.75000000000001,49
D0,DC/9E/10/D,STL,6.0,,DC,9E,10,D,STL,,75.77,147,194,79.56,5.00%,0.009296736655704529,154.35,194,Cascaded,2027,154.35000000000002,194
D0,DC/9E/10/D,SYR,6.0,,DC,9E,10,D,SYR,,83.33,230,276,87.5,5.00%,0.01454591449532001,241.5,276,Cascaded,2027,241.50000000000003,276
D0,DC/9E/10/D,TLH,6.0,,DC,9E,10,D,TLH,,76.92,30,39,80.77,5.00%,0.0018972931950417406,31.5,39,Cascaded,2027,31.500000000000004,39
D0,DC/9E/10/D,TRI,6.0,,DC,9E,10,D,TRI,,78.95,60,76,82.89,5.00%,0.003794586390083481,63.0,76,Cascaded,2027,63.00000000000001,76
D0,DC/9E/10/D,TUL,6.0,,DC,9E,10,D,TUL,,73.08,19,26,76.73,5.00%,0.0012016190235264357,19.95,26,Cascaded,2027,19.950000000000003,26
D0,DC/9E/10/D,TVC,6.0,,DC,9E,10,D,TVC,,100.0,8,8,105.0,5.00%,0.0005059448520111307,8.4,8,Cascaded,2027,8.4,8
D0,DC/9E/10/D,TYS,6.0,,DC,9E,10,D,TYS,,74.72,201,269,78.46,5.00%,0.012711864406779662,211.05,269,Cascaded,2027,211.05000000000004,269
D0,DC/9E/10/D,VLD,6.0,,DC,9E,10,D,VLD,,77.01,67,87,80.86,5.00%,0.00423728813559322,70.35,87,Cascaded,2027,70.35000000000001,87
D0,DC/9E/10/D,XNA,6.0,,DC,9E,10,D,XNA,,78.71,196,249,82.65,5.00%,0.012395648874272705,205.8,249,Cascaded,2027,205.80000000000004,249
D0,DC/9E/10/I,DTW,6.0,,DC,9E,10,I,DTW,,78.22,176,225,82.13,5.00%,0.18429319371727748,184.8,225,Cascaded,2027,184.8,225
D0,DC/9E/10/I,JFK,6.0,,DC,9E,10,I,JFK,,68.89,62,90,72.33,5.00%,0.06492146596858639,65.1,90,Cascaded,2027,65.10000000000001,90
D0,DC/9E/10/I,LGA,6.0,,DC,9E,10,I,LGA,,67.99,189,278,71.38,5.00%,0.19790575916230366,198.45,278,Cascaded,2027,198.45000000000002,278
D0,DC/9E/10/I,MSP,6.0,,DC,9E,10,I,MSP,,90.32,28,31,94.84,5.00%,0.02931937172774869,29.4,31,Cascaded,2027,29.400000000000002,31
D0,DC/9E/10/I,YHZ,6.0,,DC,9E,10,I,YHZ,,79.31,23,29,83.28,5.00%,0.024083769633507852,24.15,29,Cascaded,2027,24.150000000000002,29
D0,DC/9E/10/I,YUL,6.0,,DC,9E,10,I,YUL,,83.67,164,196,87.86,5.00%,0.17172774869109947,172.2,196,Cascaded,2027,172.20000000000002,196
D0,DC/9E/10/I,YYZ,6.0,,DC,9E,10,I,YYZ,,78.25,313,400,82.16,5.00%,0.32774869109947646,328.65,400,Cascaded,2027,328.65000000000003,400
D0,DC/9E/11/D,ABE,6.0,,DC,9E,11,D,ABE,,66.25,53,80,69.56,5.00%,0.004051678006268634,55.65,80,Cascaded,2027,55.65,80
D0,DC/9E/11/D,ABY,6.0,,DC,9E,11,D,ABY,,70.0,14,20,73.5,5.00%,0.0010702545676936014,14.7,20,Cascaded,2027,14.7,20
D0,DC/9E/11/D,AEX,6.0,,DC,9E,11,D,AEX,,74.07,60,81,77.78,5.00%,0.0045868052901154345,63.0,81,Cascaded,2027,63.0,81
D0,DC/9E/11/D,AGS,6.0,,DC,9E,11,D,AGS,,61.82,34,55,64.91,5.00%,0.002599189664398746,35.7,55,Cascaded,2027,35.699999999999996,55
D0,DC/9E/11/D,ALB,6.0,,DC,9E,11,D,ALB,,80.0,44,55,84.0,5.00%,0.0033636572127513187,46.2,55,Cascaded,2027,46.199999999999996,55
D0,DC/9E/11/D,ATL,6.0,,DC,9E,11,D,ATL,,70.02,1544,2205,73.52,5.00%,0.11803378946563718,1621.2,2205,Cascaded,2027,1621.1999999999998,2205
D0,DC/9E/11/D,ATW,6.0,,DC,9E,11,D,ATW,,100.0,1,1,105.0,5.00%,7.644675483525724e-05,1.05,1,Cascaded,2027,1.05,1
D0,DC/9E/11/D,AUS,6.0,,DC,9E,11,D,AUS,,71.91,64,89,75.51,5.00%,0.004892592309456463,67.2,89,Cascaded,2027,67.2,89
D0,DC/9E/11/D,AVL,6.0,,DC,9E,11,D,AVL,,69.64,39,56,73.12,5.00%,0.0029814234385750326,40.95,56,Cascaded,2027,40.949999999999996,56
D0,DC/9E/11/D,BGR,6.0,,DC,9E,11,D,BGR,,70.75,75,106,74.29,5.00%,0.005733506612644293,78.75,106,Cascaded,2027,78.75,106
D0,DC/9E/11/D,BHM,6.0,,DC,9E,11,D,BHM,,77.44,103,133,81.32,5.00%,0.007874015748031496,108.15,133,Cascaded,2027,108.14999999999999,133
D0,DC/9E/11/D,BIS,6.0,,DC,9E,11,D,BIS,,74.74,71,95,78.47,5.00%,0.005427719593303264,74.55,95,Cascaded,2027,74.55,95
D0,DC/9E/11/D,BMI,6.0,,DC,9E,11,D,BMI,,76.36,42,55,80.18,5.00%,0.0032107637030808042,44.1,55,Cascaded,2027,44.099999999999994,55
D0,DC/9E/11/D,BNA,6.0,,DC,9E,11,D,BNA,,67.57,125,185,70.95,5.00%,0.009555844354407156,131.25,185,Cascaded,2027,131.25,185
D0,DC/9E/11/D,BQK,6.0,,DC,9E,11,D,BQK,,76.47,65,85,80.29,5.00%,0.004969039064291721,68.25,85,Cascaded,2027,68.25,85
D0,DC/9E/11/D,BTR,6.0,,DC,9E,11,D,BTR,,73.33,11,15,77.0,5.00%,0.0008409143031878297,11.55,15,Cascaded,2027,11.549999999999999,15
D0,DC/9E/11/D,BTV,6.0,,DC,9E,11,D,BTV,,79.5,128,161,83.48,5.00%,0.009785184618912927,134.4,161,Cascaded,2027,134.4,161
D0,DC/9E/11/D,BUF,6.0,,DC,9E,11,D,BUF,,70.78,109,154,74.32,5.00%,0.00833269627704304,114.45,154,Cascaded,2027,114.44999999999999,154
D0,DC/9E/11/D,CAE,6.0,,DC,9E,11,D,CAE,,72.07,80,111,75.68,5.00%,0.00611574038682058,84.0,111,Cascaded,2027,84.0,111
D0,DC/9E/11/D,CHA,6.0,,DC,9E,11,D,CHA,,72.77,155,213,76.41,5.00%,0.011849246999464873,162.75,213,Cascaded,2027,162.75,213
D0,DC/9E/11/D,CHO,6.0,,DC,9E,11,D,CHO,,73.2,71,97,76.86,5.00%,0.005427719593303264,74.55,97,Cascaded,2027,74.55,97
D0,DC/9E/11/D,CHS,6.0,,DC,9E,11,D,CHS,,70.55,115,163,74.08,5.00%,0.008791376806054583,120.75,163,Cascaded,2027,120.75,163
D0,DC/9E/11/D,CID,6.0,,DC,9E,11,D,CID,,67.07,55,82,70.43,5.00%,0.004204571515939148,57.75,82,Cascaded,2027,57.75,82
D0,DC/9E/11/D,CLE,6.0,,DC,9E,11,D,CLE,,72.14,189,262,75.74,5.00%,0.014448436663863619,198.45,262,Cascaded,2027,198.45,262
D0,DC/9E/11/D,CLT,6.0,,DC,9E,11,D,CLT,,67.65,92,136,71.03,5.00%,0.007033101444843666,96.6,136,Cascaded,2027,96.6,136
D0,DC/9E/11/D,CMH,6.0,,DC,9E,11,D,CMH,,63.57,82,129,66.74,5.00%,0.006268633896491094,86.1,129,Cascaded,2027,86.1,129
D0,DC/9E/11/D,CRW,6.0,,DC,9E,11,D,CRW,,73.2,71,97,76.86,5.00%,0.005427719593303264,74.55,97,Cascaded,2027,74.55,97
D0,DC/9E/11/D,CSG,6.0,,DC,9E,11,D,CSG,,87.5,7,8,91.88,5.00%,0.0005351272838468007,7.35,8,Cascaded,2027,7.35,8
D0,DC/9E/11/D,CVG,6.0,,DC,9E,11,D,CVG,,73.84,398,539,77.53,5.00%,0.030425808424432384,417.9,539,Cascaded,2027,417.9,539
D0,DC/9E/11/D,CWA,6.0,,DC,9E,11,D,CWA,,83.05,49,59,87.2,5.00%,0.0037458909869276047,51.45,59,Cascaded,2027,51.449999999999996,59
D0,DC/9E/11/D,DCA,6.0,,DC,9E,11,D,DCA,,47.4,73,154,49.77,5.00%,0.005580613102973779,76.65,154,Cascaded,2027,76.64999999999999,154
D0,DC/9E/11/D,DHN,6.0,,DC,9E,11,D,DHN,,84.42,65,77,88.64,5.00%,0.004969039064291721,68.25,77,Cascaded,2027,68.25,77
D0,DC/9E/11/D,DLH,6.0,,DC,9E,11,D,DLH,,100.0,13,13,105.0,5.00%,0.0009938078128583442,13.65,13,Cascaded,2027,13.649999999999999,13
D0,DC/9E/11/D,DSM,6.0,,DC,9E,11,D,DSM,,76.75,175,228,80.59,5.00%,0.013378182096170017,183.75,228,Cascaded,2027,183.75,228
D0,DC/9E/11/D,DTW,6.0,,DC,9E,11,D,DTW,,70.93,1081,1524,74.48,5.00%,0.08263894197691309,1135.05,1524,Cascaded,2027,1135.05,1524
D0,DC/9E/11/D,ECP,6.0,,DC,9E,11,D,ECP,,50.0,14,28,52.5,5.00%,0.0010702545676936014,14.7,28,Cascaded,2027,14.7,28
D0,DC/9E/11/D,EVV,6.0,,DC,9E,11,D,EVV,,91.57,76,83,96.14,5.00%,0.005809953367479551,79.8,83,Cascaded,2027,79.8,83
D0,DC/9E/11/D,EWR,6.0,,DC,9E,11,D,EWR,,65.89,85,129,69.19,5.00%,0.006497974160996865,89.25,129,Cascaded,2027,89.25,129
D0,DC/9E/11/D,FAR,6.0,,DC,9E,11,D,FAR,,76.06,54,71,79.86,5.00%,0.004128124761103891,56.7,71,Cascaded,2027,56.699999999999996,71
D0,DC/9E/11/D,FAY,6.0,,DC,9E,11,D,FAY,,80.0,76,95,84.0,5.00%,0.005809953367479551,79.8,95,Cascaded,2027,79.8,95
D0,DC/9E/11/D,FSD,6.0,,DC,9E,11,D,FSD,,78.26,18,23,82.17,5.00%,0.0013760415870346305,18.9,23,Cascaded,2027,18.9,23
D0,DC/9E/11/D,GNV,6.0,,DC,9E,11,D,GNV,,50.0,1,2,52.5,5.00%,7.644675483525724e-05,1.05,2,Cascaded,2027,1.05,2
D0,DC/9E/11/D,GRB,6.0,,DC,9E,11,D,GRB,,91.3,21,23,95.87,5.00%,0.0016053818515404021,22.05,23,Cascaded,2027,22.049999999999997,23
D0,DC/9E/11/D,GRR,6.0,,DC,9E,11,D,GRR,,66.67,2,3,70.0,5.00%,0.00015289350967051448,2.1,3,Cascaded,2027,2.1,3
D0,DC/9E/11/D,GSO,6.0,,DC,9E,11,D,GSO,,100.0,4,4,105.0,5.00%,0.00030578701934102896,4.2,4,Cascaded,2027,4.2,4
D0,DC/9E/11/D,GSP,6.0,,DC,9E,11,D,GSP,,67.94,89,131,71.34,5.00%,0.006803761180337895,93.45,131,Cascaded,2027,93.44999999999999,131
D0,DC/9E/11/D,GTR,6.0,,DC,9E,11,D,GTR,,77.97,46,59,81.86,5.00%,0.003516550722421833,48.3,59,Cascaded,2027,48.3,59
D0,DC/9E/11/D,HPN,6.0,,DC,9E,11,D,HPN,,65.52,95,145,68.79,5.00%,0.007262441709349438,99.75,145,Cascaded,2027,99.75,145
D0,DC/9E/11/D,HSV,6.0,,DC,9E,11,D,HSV,,75.0,81,108,78.75,5.00%,0.006192187141655836,85.05,108,Cascaded,2027,85.05,108
D0,DC/9E/11/D,IAD,6.0,,DC,9E,11,D,IAD,,68.22,73,107,71.64,5.00%,0.005580613102973779,76.65,107,Cascaded,2027,76.64999999999999,107
D0,DC/9E/11/D,ICT,6.0,,DC,9E,11,D,ICT,,77.14,27,35,81.0,5.00%,0.0020640623805519456,28.35,35,Cascaded,2027,28.349999999999998,35
D0,DC/9E/11/D,ILM,6.0,,DC,9E,11,D,ILM,,72.37,55,76,75.99,5.00%,0.004204571515939148,57.75,76,Cascaded,2027,57.75,76
D0,DC/9E/11/D,IND,6.0,,DC,9E,11,D,IND,,70.61,173,245,74.14,5.00%,0.013225288586499503,181.65,245,Cascaded,2027,181.64999999999998,245
D0,DC/9E/11/D,ITH,6.0,,DC,9E,11,D,ITH,,79.25,42,53,83.21,5.00%,0.0032107637030808042,44.1,53,Cascaded,2027,44.099999999999994,53
D0,DC/9E/11/D,JAN,6.0,,DC,9E,11,D,JAN,,75.76,25,33,79.55,5.00%,0.0019111688708814312,26.25,33,Cascaded,2027,26.25,33
D0,DC/9E/11/D,JAX,6.0,,DC,9E,11,D,JAX,,58.47,69,118,61.4,5.00%,0.00527482608363275,72.45,118,Cascaded,2027,72.45,118
D0,DC/9E/11/D,JFK,6.0,,DC,9E,11,D,JFK,,73.62,1239,1683,77.3,5.00%,0.09471752924088372,1300.95,1683,Cascaded,2027,1300.9499999999998,1683
D0,DC/9E/11/D,LAN,6.0,,DC,9E,11,D,LAN,,62.5,25,40,65.62,5.00%,0.0019111688708814312,26.25,40,Cascaded,2027,26.25,40
D0,DC/9E/11/D,LEX,6.0,,DC,9E,11,D,LEX,,78.0,39,50,81.9,5.00%,0.0029814234385750326,40.95,50,Cascaded,2027,40.949999999999996,50
D0,DC/9E/11/D,LFT,6.0,,DC,9E,11,D,LFT,,80.2,81,101,84.21,5.00%,0.006192187141655836,85.05,101,Cascaded,2027,85.05,101
D0,DC/9E/11/D,LGA,6.0,,DC,9E,11,D,LGA,,63.58,1341,2109,66.76,5.00%,0.10251509823407996,1408.05,2109,Cascaded,2027,1408.05,2109
D0,DC/9E/11/D,LIT,6.0,,DC,9E,11,D,LIT,,47.83,11,23,50.22,5.00%,0.0008409143031878297,11.55,23,Cascaded,2027,11.549999999999999,23
D0,DC/9E/11/D,MCI,6.0,,DC,9E,11,D,MCI,,68.14,77,113,71.55,5.00%,0.0058864001223148076,80.85,113,Cascaded,2027,80.85,113
D0,DC/9E/11/D,MDT,6.0,,DC,9E,11,D,MDT,,81.25,39,48,85.31,5.00%,0.0029814234385750326,40.95,48,Cascaded,2027,40.949999999999996,48
D0,DC/9E/11/D,MDW,6.0,,DC,9E,11,D,MDW,,73.13,49,67,76.79,5.00%,0.0037458909869276047,51.45,67,Cascaded,2027,51.449999999999996,67
D0,DC/9E/11/D,MEM,6.0,,DC,9E,11,D,MEM,,58.12,68,117,61.03,5.00%,0.005198379328797492,71.4,117,Cascaded,2027,71.39999999999999,117
D0,DC/9E/11/D,MGM,6.0,,DC,9E,11,D,MGM,,65.79,75,114,69.08,5.00%,0.005733506612644293,78.75,114,Cascaded,2027,78.75,114
D0,DC/9E/11/D,MKE,6.0,,DC,9E,11,D,MKE,,68.24,101,148,71.66,5.00%,0.0077211222383609815,106.05,148,Cascaded,2027,106.05,148
D0,DC/9E/11/D,MLI,6.0,,DC,9E,11,D,MLI,,76.92,40,52,80.77,5.00%,0.00305787019341029,42.0,52,Cascaded,2027,42.0,52
D0,DC/9E/11/D,MLU,6.0,,DC,9E,11,D,MLU,,73.42,58,79,77.09,5.00%,0.00443391178044492,60.9,79,Cascaded,2027,60.9,79
D0,DC/9E/11/D,MOB,6.0,,DC,9E,11,D,MOB,,76.14,67,88,79.94,5.00%,0.005121932573962235,70.35,88,Cascaded,2027,70.35,88
D0,DC/9E/11/D,MSN,6.0,,DC,9E,11,D,MSN,,73.85,48,65,77.54,5.00%,0.0036694442320923475,50.4,65,Cascaded,2027,50.4,65
D0,DC/9E/11/D,MSP,6.0,,DC,9E,11,D,MSP,,70.57,952,1349,74.1,5.00%,0.07277731060316489,999.6,1349,Cascaded,2027,999.5999999999999,1349
D0,DC/9E/11/D,OAJ,6.0,,DC,9E,11,D,OAJ,,79.79,75,94,83.78,5.00%,0.005733506612644293,78.75,94,Cascaded,2027,78.75,94
D0,DC/9E/11/D,OKC,6.0,,DC,9E,11,D,OKC,,100.0,4,4,105.0,5.00%,0.00030578701934102896,4.2,4,Cascaded,2027,4.2,4
D0,DC/9E/11/D,OMA,6.0,,DC,9E,11,D,OMA,,67.53,52,77,70.91,5.00%,0.003975231251433377,54.6,77,Cascaded,2027,54.599999999999994,77
D0,DC/9E/11/D,ORD,6.0,,DC,9E,11,D,ORD,,54.55,54,99,57.27,5.00%,0.004128124761103891,56.7,99,Cascaded,2027,56.699999999999996,99
D0,DC/9E/11/D,ORF,6.0,,DC,9E,11,D,ORF,,63.35,121,191,66.52,5.00%,0.009250057335066127,127.05,191,Cascaded,2027,127.05,191
D0,DC/9E/11/D,ORH,6.0,,DC,9E,11,D,ORH,,68.18,15,22,71.59,5.00%,0.0011467013225288586,15.75,22,Cascaded,2027,15.75,22
D0,DC/9E/11/D,PIT,6.0,,DC,9E,11,D,PIT,,69.8,141,202,73.29,5.00%,0.010778992431771271,148.05,202,Cascaded,2027,148.04999999999998,202
D0,DC/9E/11/D,PNS,6.0,,DC,9E,11,D,PNS,,51.72,15,29,54.31,5.00%,0.0011467013225288586,15.75,29,Cascaded,2027,15.75,29
D0,DC/9E/11/D,PWM,6.0,,DC,9E,11,D,PWM,,68.24,58,85,71.65,5.00%,0.00443391178044492,60.9,85,Cascaded,2027,60.9,85
D0,DC/9E/11/D,RAP,6.0,,DC,9E,11,D,RAP,,84.21,80,95,88.42,5.00%,0.00611574038682058,84.0,95,Cascaded,2027,84.0,95
D0,DC/9E/11/D,RDU,6.0,,DC,9E,11,D,RDU,,65.98,351,532,69.28,5.00%,0.02683281094717529,368.55,532,Cascaded,2027,368.54999999999995,532
D0,DC/9E/11/D,RIC,6.0,,DC,9E,11,D,RIC,,69.15,130,188,72.61,5.00%,0.009938078128583442,136.5,188,Cascaded,2027,136.5,188
D0,DC/9E/11/D,ROA,6.0,,DC,9E,11,D,ROA,,71.29,72,101,74.85,5.00%,0.005504166348138522,75.6,101,Cascaded,2027,75.6,101
D0,DC/9E/11/D,ROC,6.0,,DC,9E,11,D,ROC,,55.33,109,197,58.1,5.00%,0.00833269627704304,114.45,197,Cascaded,2027,114.44999999999999,197
D0,DC/9E/11/D,RST,6.0,,DC,9E,11,D,RST,,83.13,69,83,87.29,5.00%,0.00527482608363275,72.45,83,Cascaded,2027,72.45,83
D0,DC/9E/11/D,SAV,6.0,,DC,9E,11,D,SAV,,62.5,40,64,65.62,5.00%,0.00305787019341029,42.0,64,Cascaded,2027,42.0,64
D0,DC/9E/11/D,SBN,6.0,,DC,9E,11,D,SBN,,66.67,4,6,70.0,5.00%,0.00030578701934102896,4.2,6,Cascaded,2027,4.2,6
D0,DC/9E/11/D,SDF,6.0,,DC,9E,11,D,SDF,,77.27,68,88,81.14,5.00%,0.005198379328797492,71.4,88,Cascaded,2027,71.39999999999999,88
D0,DC/9E/11/D,SGF,6.0,,DC,9E,11,D,SGF,,72.06,49,68,75.66,5.00%,0.0037458909869276047,51.45,68,Cascaded,2027,51.449999999999996,68
D0,DC/9E/11/D,STL,6.0,,DC,9E,11,D,STL,,63.25,105,166,66.42,5.00%,0.008026909257702011,110.25,166,Cascaded,2027,110.25,166
D0,DC/9E/11/D,SYR,6.0,,DC,9E,11,D,SYR,,71.71,180,251,75.3,5.00%,0.013760415870346304,189.0,251,Cascaded,2027,189.0,251
D0,DC/9E/11/D,TLH,6.0,,DC,9E,11,D,TLH,,79.31,23,29,83.28,5.00%,0.0017582753612109165,24.15,29,Cascaded,2027,24.15,29
D0,DC/9E/11/D,TRI,6.0,,DC,9E,11,D,TRI,,76.12,51,67,79.93,5.00%,0.0038987844965981196,53.55,67,Cascaded,2027,53.55,67
D0,DC/9E/11/D,TUL,6.0,,DC,9E,11,D,TUL,,66.67,16,24,70.0,5.00%,0.0012231480773641158,16.8,24,Cascaded,2027,16.8,24
D0,DC/9E/11/D,TVC,6.0,,DC,9E,11,D,TVC,,100.0,1,1,105.0,5.00%,7.644675483525724e-05,1.05,1,Cascaded,2027,1.05,1
D0,DC/9E/11/D,TYS,6.0,,DC,9E,11,D,TYS,,75.58,195,258,79.36,5.00%,0.014907117192875163,204.75,258,Cascaded,2027,204.75,258
D0,DC/9E/11/D,VLD,6.0,,DC,9E,11,D,VLD,,75.95,60,79,79.75,5.00%,0.0045868052901154345,63.0,79,Cascaded,2027,63.0,79
D0,DC/9E/11/D,XNA,6.0,,DC,9E,11,D,XNA,,75.86,154,203,79.66,5.00%,0.011772800244629615,161.7,203,Cascaded,2027,161.7,203
D0,DC/9E/11/I,ATL,6.0,,DC,9E,11,I,ATL,,61.54,24,39,64.62,5.00%,0.030418250950570342,25.2,39,Cascaded,2027,25.200000000000003,39
D0,DC/9E/11/I,DTW,6.0,,DC,9E,11,I,DTW,,68.6,142,207,72.03,5.00%,0.17997465145754118,149.1,207,Cascaded,2027,149.1,207
D0,DC/9E/11/I,ELH,6.0,,DC,9E,11,I,ELH,,66.67,12,18,70.0,5.00%,0.015209125475285171,12.6,18,Cascaded,2027,12.600000000000001,18
D0,DC/9E/11/I,GGT,6.0,,DC,9E,11,I,GGT,,25.0,1,4,26.25,5.00%,0.0012674271229404308,1.05,4,Cascaded,2027,1.05,4
D0,DC/9E/11/I,JFK,6.0,,DC,9E,11,I,JFK,,71.76,61,85,75.35,5.00%,0.07731305449936629,64.05,85,Cascaded,2027,64.05,85
D0,DC/9E/11/I,LGA,6.0,,DC,9E,11,I,LGA,,58.3,130,223,61.21,5.00%,0.16476552598225602,136.5,223,Cascaded,2027,136.5,223
D0,DC/9E/11/I,MHH,6.0,,DC,9E,11,I,MHH,,58.82,10,17,61.76,5.00%,0.012674271229404309,10.5,17,Cascaded,2027,10.5,17
D0,DC/9E/11/I,MSP,6.0,,DC,9E,11,I,MSP,,79.31,23,29,83.28,5.00%,0.029150823827629912,24.15,29,Cascaded,2027,24.150000000000002,29
D0,DC/9E/11/I,YUL,6.0,,DC,9E,11,I,YUL,,71.88,138,192,75.47,5.00%,0.17490494296577946,144.9,192,Cascaded,2027,144.9,192
D0,DC/9E/11/I,YYZ,6.0,,DC,9E,11,I,YYZ,,70.66,248,351,74.19,5.00%,0.31432192648922685,260.4,351,Cascaded,2027,260.40000000000003,351
D0,DC/9E/12/D,ABE,6.0,,DC,9E,12,D,ABE,,54.02,47,87,56.72,5.00%,0.004313905461220744,49.35,87,Cascaded,2027,49.35,87
D0,DC/9E/12/D,ABY,6.0,,DC,9E,12,D,ABY,,65.12,28,43,68.37,5.00%,0.002569986232216613,29.4,43,Cascaded,2027,29.4,43
D0,DC/9E/12/D,AEX,6.0,,DC,9E,12,D,AEX,,65.0,52,80,68.25,5.00%,0.004772831574116568,54.6,80,Cascaded,2027,54.6,80
D0,DC/9E/12/D,AGS,6.0,,DC,9E,12,D,AGS,,67.57,50,74,70.95,5.00%,0.004589261128958238,52.5,74,Cascaded,2027,52.5,74
D0,DC/9E/12/D,ALB,6.0,,DC,9E,12,D,ALB,,62.75,32,51,65.88,5.00%,0.002937127122533272,33.6,51,Cascaded,2027,33.6,51
D0,DC/9E/12/D,ATL,6.0,,DC,9E,12,D,ATL,,59.35,1894,3191,62.32,5.00%,0.17384121156493804,1988.7,3191,Cascaded,2027,1988.7,3191
D0,DC/9E/12/D,AUS,6.0,,DC,9E,12,D,AUS,,67.42,60,89,70.79,5.00%,0.005507113354749885,63.0,89,Cascaded,2027,63.0,89
D0,DC/9E/12/D,AVL,6.0,,DC,9E,12,D,AVL,,63.93,78,122,67.13,5.00%,0.007159247361174851,81.9,122,Cascaded,2027,81.9,122
D0,DC/9E/12/D,AZO,6.0,,DC,9E,12,D,AZO,,46.67,7,15,49.0,5.00%,0.0006424965580541532,7.35,15,Cascaded,2027,7.35,15
D0,DC/9E/12/D,BGM,6.0,,DC,9E,12,D,BGM,,11.11,1,9,11.67,5.00%,9.178522257916475e-05,1.05,9,Cascaded,2027,1.05,9
D0,DC/9E/12/D,BGR,6.0,,DC,9E,12,D,BGR,,73.86,65,88,77.56,5.00%,0.005966039467645709,68.25,88,Cascaded,2027,68.25,88
D0,DC/9E/12/D,BHM,6.0,,DC,9E,12,D,BHM,,56.88,62,109,59.72,5.00%,0.0056906837999082145,65.1,109,Cascaded,2027,65.1,109
D0,DC/9E/12/D,BIS,6.0,,DC,9E,12,D,BIS,,35.14,13,37,36.89,5.00%,0.001193207893529142,13.65,37,Cascaded,2027,13.65,37
D0,DC/9E/12/D,BMI,6.0,,DC,9E,12,D,BMI,,69.35,43,62,72.82,5.00%,0.003946764570904085,45.15,62,Cascaded,2027,45.15,62
D0,DC/9E/12/D,BNA,6.0,,DC,9E,12,D,BNA,,50.89,86,169,53.43,5.00%,0.00789352914180817,90.3,169,Cascaded,2027,90.3,169
D0,DC/9E/12/D,BQK,6.0,,DC,9E,12,D,BQK,,70.37,57,81,73.89,5.00%,0.005231757687012391,59.85,81,Cascaded,2027,59.85,81
D0,DC/9E/12/D,BTR,6.0,,DC,9E,12,D,BTR,,54.55,6,11,57.27,5.00%,0.0005507113354749886,6.3,11,Cascaded,2027,6.3,11
D0,DC/9E/12/D,BTV,6.0,,DC,9E,12,D,BTV,,62.69,84,134,65.82,5.00%,0.00770995869664984,88.2,134,Cascaded,2027,88.2,134
D0,DC/9E/12/D,BUF,6.0,,DC,9E,12,D,BUF,,54.62,71,130,57.35,5.00%,0.0065167508031206975,74.55,130,Cascaded,2027,74.55,130
D0,DC/9E/12/D,CAE,6.0,,DC,9E,12,D,CAE,,57.64,83,144,60.52,5.00%,0.007618173474070675,87.15,144,Cascaded,2027,87.15,144
D0,DC/9E/12/D,CHA,6.0,,DC,9E,12,D,CHA,,57.94,146,252,60.83,5.00%,0.013400642496558054,153.3,252,Cascaded,2027,153.3,252
D0,DC/9E/12/D,CHO,6.0,,DC,9E,12,D,CHO,,67.21,82,122,70.57,5.00%,0.00752638825149151,86.1,122,Cascaded,2027,86.1,122
D0,DC/9E/12/D,CHS,6.0,,DC,9E,12,D,CHS,,52.2,83,159,54.81,5.00%,0.007618173474070675,87.15,159,Cascaded,2027,87.15,159
D0,DC/9E/12/D,CID,6.0,,DC,9E,12,D,CID,,54.1,33,61,56.8,5.00%,0.003028912345112437,34.65,61,Cascaded,2027,34.65,61
D0,DC/9E/12/D,CLE,6.0,,DC,9E,12,D,CLE,,50.21,118,235,52.72,5.00%,0.01083065626434144,123.9,235,Cascaded,2027,123.9,235
D0,DC/9E/12/D,CLT,6.0,,DC,9E,12,D,CLT,,49.25,99,201,51.72,5.00%,0.00908673703533731,103.95,201,Cascaded,2027,103.95,201
D0,DC/9E/12/D,CMH,6.0,,DC,9E,12,D,CMH,,50.42,60,119,52.94,5.00%,0.005507113354749885,63.0,119,Cascaded,2027,63.0,119
D0,DC/9E/12/D,CRW,6.0,,DC,9E,12,D,CRW,,57.89,55,95,60.79,5.00%,0.005048187241854061,57.75,95,Cascaded,2027,57.75,95
D0,DC/9E/12/D,CSG,6.0,,DC,9E,12,D,CSG,,55.13,43,78,57.88,5.00%,0.003946764570904085,45.15,78,Cascaded,2027,45.15,78
D0,DC/9E/12/D,CVG,6.0,,DC,9E,12,D,CVG,,56.7,296,522,59.54,5.00%,0.027168425883432767,310.8,522,Cascaded,2027,310.8,522
D0,DC/9E/12/D,CWA,6.0,,DC,9E,12,D,CWA,,62.07,36,58,65.17,5.00%,0.003304268012849931,37.8,58,Cascaded,2027,37.8,58
D0,DC/9E/12/D,DAY,6.0,,DC,9E,12,D,DAY,,66.67,16,24,70.0,5.00%,0.001468563561266636,16.8,24,Cascaded,2027,16.8,24
D0,DC/9E/12/D,DCA,6.0,,DC,9E,12,D,DCA,,40.94,52,127,42.99,5.00%,0.004772831574116568,54.6,127,Cascaded,2027,54.6,127
D0,DC/9E/12/D,DHN,6.0,,DC,9E,12,D,DHN,,70.51,55,78,74.04,5.00%,0.005048187241854061,57.75,78,Cascaded,2027,57.75,78
D0,DC/9E/12/D,DSM,6.0,,DC,9E,12,D,DSM,,49.36,115,233,51.82,5.00%,0.010555300596603947,120.75,233,Cascaded,2027,120.75,233
D0,DC/9E/12/D,DTW,6.0,,DC,9E,12,D,DTW,,42.59,649,1524,44.71,5.00%,0.05956860945387792,681.45,1524,Cascaded,2027,681.45,1524
D0,DC/9E/12/D,ECP,6.0,,DC,9E,12,D,ECP,,36.11,13,36,37.92,5.00%,0.001193207893529142,13.65,36,Cascaded,2027,13.65,36
D0,DC/9E/12/D,EVV,6.0,,DC,9E,12,D,EVV,,75.0,48,64,78.75,5.00%,0.0044056906837999085,50.4,64,Cascaded,2027,50.4,64
D0,DC/9E/12/D,EWR,6.0,,DC,9E,12,D,EWR,,44.7,59,132,46.93,5.00%,0.00541532813217072,61.95,132,Cascaded,2027,61.95,132
D0,DC/9E/12/D,EYW,6.0,,DC,9E,12,D,EYW,,25.0,3,12,26.25,5.00%,0.0002753556677374943,3.15,12,Cascaded,2027,3.15,12
D0,DC/9E/12/D,FAR,6.0,,DC,9E,12,D,FAR,,51.61,48,93,54.19,5.00%,0.0044056906837999085,50.4,93,Cascaded,2027,50.4,93
D0,DC/9E/12/D,FAY,6.0,,DC,9E,12,D,FAY,,71.13,69,97,74.69,5.00%,0.006333180357962368,72.45,97,Cascaded,2027,72.45,97
D0,DC/9E/12/D,FLL,6.0,,DC,9E,12,D,FLL,,100.0,9,9,105.0,5.00%,0.0008260670032124828,9.45,9,Cascaded,2027,9.45,9
D0,DC/9E/12/D,FSD,6.0,,DC,9E,12,D,FSD,,62.07,36,58,65.17,5.00%,0.003304268012849931,37.8,58,Cascaded,2027,37.8,58
D0,DC/9E/12/D,GFK,6.0,,DC,9E,12,D,GFK,,62.5,35,56,65.62,5.00%,0.0032124827902707664,36.75,56,Cascaded,2027,36.75,56
D0,DC/9E/12/D,GNV,6.0,,DC,9E,12,D,GNV,,66.67,24,36,70.0,5.00%,0.0022028453418999542,25.2,36,Cascaded,2027,25.2,36
D0,DC/9E/12/D,GPT,6.0,,DC,9E,12,D,GPT,,57.89,11,19,60.79,5.00%,0.0010096374483708123,11.55,19,Cascaded,2027,11.55,19
D0,DC/9E/12/D,GRB,6.0,,DC,9E,12,D,GRB,,61.11,22,36,64.17,5.00%,0.0020192748967416247,23.1,36,Cascaded,2027,23.1,36
D0,DC/9E/12/D,GRR,6.0,,DC,9E,12,D,GRR,,53.45,62,116,56.12,5.00%,0.0056906837999082145,65.1,116,Cascaded,2027,65.1,116
D0,DC/9E/12/D,GSO,6.0,,DC,9E,12,D,GSO,,54.32,44,81,57.04,5.00%,0.004038549793483249,46.2,81,Cascaded,2027,46.2,81
D0,DC/9E/12/D,GSP,6.0,,DC,9E,12,D,GSP,,51.72,60,116,54.31,5.00%,0.005507113354749885,63.0,116,Cascaded,2027,63.0,116
D0,DC/9E/12/D,GTR,6.0,,DC,9E,12,D,GTR,,72.13,44,61,75.74,5.00%,0.004038549793483249,46.2,61,Cascaded,2027,46.2,61
D0,DC/9E/12/D,HPN,6.0,,DC,9E,12,D,HPN,,41.89,62,148,43.99,5.00%,0.0056906837999082145,65.1,148,Cascaded,2027,65.1,148
D0,DC/9E/12/D,HSV,6.0,,DC,9E,12,D,HSV,,59.32,70,118,62.29,5.00%,0.006424965580541533,73.5,118,Cascaded,2027,73.5,118
D0,DC/9E/12/D,IAD,6.0,,DC,9E,12,D,IAD,,47.52,48,101,49.9,5.00%,0.0044056906837999085,50.4,101,Cascaded,2027,50.4,101
D0,DC/9E/12/D,ICT,6.0,,DC,9E,12,D,ICT,,66.67,22,33,70.0,5.00%,0.0020192748967416247,23.1,33,Cascaded,2027,23.1,33
D0,DC/9E/12/D,ILM,6.0,,DC,9E,12,D,ILM,,56.63,47,83,59.46,5.00%,0.004313905461220744,49.35,83,Cascaded,2027,49.35,83
D0,DC/9E/12/D,IND,6.0,,DC,9E,12,D,IND,,52.66,99,188,55.29,5.00%,0.00908673703533731,103.95,188,Cascaded,2027,103.95,188
D0,DC/9E/12/D,ITH,6.0,,DC,9E,12,D,ITH,,70.91,39,55,74.45,5.00%,0.0035796236805874255,40.95,55,Cascaded,2027,40.95,55
D0,DC/9E/12/D,JAN,6.0,,DC,9E,12,D,JAN,,75.86,44,58,79.66,5.00%,0.004038549793483249,46.2,58,Cascaded,2027,46.2,58
D0,DC/9E/12/D,JAX,6.0,,DC,9E,12,D,JAX,,51.65,47,91,54.23,5.00%,0.004313905461220744,49.35,91,Cascaded,2027,49.35,91
D0,DC/9E/12/D,JFK,6.0,,DC,9E,12,D,JFK,,54.6,795,1456,57.33,5.00%,0.07296925195043598,834.75,1456,Cascaded,2027,834.75,1456
D0,DC/9E/12/D,LAN,6.0,,DC,9E,12,D,LAN,,38.89,7,18,40.83,5.00%,0.0006424965580541532,7.35,18,Cascaded,2027,7.35,18
D0,DC/9E/12/D,LEX,6.0,,DC,9E,12,D,LEX,,65.28,94,144,68.54,5.00%,0.008627810922441487,98.7,144,Cascaded,2027,98.7,144
D0,DC/9E/12/D,LFT,6.0,,DC,9E,12,D,LFT,,66.98,71,106,70.33,5.00%,0.0065167508031206975,74.55,106,Cascaded,2027,74.55,106
D0,DC/9E/12/D,LGA,6.0,,DC,9E,12,D,LGA,,53.06,1050,1979,55.71,5.00%,0.09637448370812299,1102.5,1979,Cascaded,2027,1102.5,1979
D0,DC/9E/12/D,LIT,6.0,,DC,9E,12,D,LIT,,45.0,9,20,47.25,5.00%,0.0008260670032124828,9.45,20,Cascaded,2027,9.45,20
D0,DC/9E/12/D,MBS,6.0,,DC,9E,12,D,MBS,,25.0,9,36,26.25,5.00%,0.0008260670032124828,9.45,36,Cascaded,2027,9.45,36
D0,DC/9E/12/D,MCI,6.0,,DC,9E,12,D,MCI,,48.42,46,95,50.84,5.00%,0.004222120238641579,48.3,95,Cascaded,2027,48.3,95
D0,DC/9E/12/D,MCO,6.0,,DC,9E,12,D,MCO,,0.0,0,2,0.0,0.00%,0.0,0.0,2,Cascaded,2027,0.0,2
D0,DC/9E/12/D,MDT,6.0,,DC,9E,12,D,MDT,,47.62,30,63,50.0,5.00%,0.0027535566773749425,31.5,63,Cascaded,2027,31.5,63
D0,DC/9E/12/D,MDW,6.0,,DC,9E,12,D,MDW,,38.46,30,78,40.38,5.00%,0.0027535566773749425,31.5,78,Cascaded,2027,31.5,78
D0,DC/9E/12/D,MEM,6.0,,DC,9E,12,D,MEM,,40.94,52,127,42.99,5.00%,0.004772831574116568,54.6,127,Cascaded,2027,54.6,127
D0,DC/9E/12/D,MGM,6.0,,DC,9E,12,D,MGM,,56.2,77,137,59.01,5.00%,0.007067462138595686,80.85,137,Cascaded,2027,80.85,137
D0,DC/9E/12/D,MIA,6.0,,DC,9E,12,D,MIA,,41.67,5,12,43.75,5.00%,0.0004589261128958238,5.25,12,Cascaded,2027,5.25,12
D0,DC/9E/12/D,MKE,6.0,,DC,9E,12,D,MKE,,62.5,70,112,65.62,5.00%,0.006424965580541533,73.5,112,Cascaded,2027,73.5,112
D0,DC/9E/12/D,MLI,6.0,,DC,9E,12,D,MLI,,61.29,38,62,64.35,5.00%,0.0034878384580082607,39.9,62,Cascaded,2027,39.9,62
D0,DC/9E/12/D,MLU,6.0,,DC,9E,12,D,MLU,,58.75,47,80,61.69,5.00%,0.004313905461220744,49.35,80,Cascaded,2027,49.35,80
D0,DC/9E/12/D,MOB,6.0,,DC,9E,12,D,MOB,,68.85,84,122,72.3,5.00%,0.00770995869664984,88.2,122,Cascaded,2027,88.2,122
D0,DC/9E/12/D,MSN,6.0,,DC,9E,12,D,MSN,,64.71,55,85,67.94,5.00%,0.005048187241854061,57.75,85,Cascaded,2027,57.75,85
D0,DC/9E/12/D,MSP,6.0,,DC,9E,12,D,MSP,,49.21,688,1398,51.67,5.00%,0.06314823313446535,722.4,1398,Cascaded,2027,722.4,1398
D0,DC/9E/12/D,OAJ,6.0,,DC,9E,12,D,OAJ,,75.51,74,98,79.29,5.00%,0.006792106470858192,77.7,98,Cascaded,2027,77.7,98
D0,DC/9E/12/D,OKC,6.0,,DC,9E,12,D,OKC,,66.67,8,12,70.0,5.00%,0.000734281780633318,8.4,12,Cascaded,2027,8.4,12
D0,DC/9E/12/D,OMA,6.0,,DC,9E,12,D,OMA,,44.83,39,87,47.07,5.00%,0.0035796236805874255,40.95,87,Cascaded,2027,40.95,87
D0,DC/9E/12/D,ORD,6.0,,DC,9E,12,D,ORD,,25.64,20,78,26.92,5.00%,0.0018357044515832951,21.0,78,Cascaded,2027,21.0,78
D0,DC/9E/12/D,ORF,6.0,,DC,9E,12,D,ORF,,42.2,73,173,44.31,5.00%,0.006700321248279027,76.65,173,Cascaded,2027,76.65,173
D0,DC/9E/12/D,ORH,6.0,,DC,9E,12,D,ORH,,56.25,9,16,59.06,5.00%,0.0008260670032124828,9.45,16,Cascaded,2027,9.45,16
D0,DC/9E/12/D,PIT,6.0,,DC,9E,12,D,PIT,,50.74,69,136,53.27,5.00%,0.006333180357962368,72.45,136,Cascaded,2027,72.45,136
D0,DC/9E/12/D,PNS,6.0,,DC,9E,12,D,PNS,,46.55,27,58,48.88,5.00%,0.0024782010096374486,28.35,58,Cascaded,2027,28.35,58
D0,DC/9E/12/D,PVD,6.0,,DC,9E,12,D,PVD,,58.33,7,12,61.25,5.00%,0.0006424965580541532,7.35,12,Cascaded,2027,7.35,12
D0,DC/9E/12/D,PWM,6.0,,DC,9E,12,D,PWM,,61.54,40,65,64.62,5.00%,0.0036714089031665903,42.0,65,Cascaded,2027,42.0,65
D0,DC/9E/12/D,RAP,6.0,,DC,9E,12,D,RAP,,63.0,63,100,66.15,5.00%,0.005782469022487379,66.15,100,Cascaded,2027,66.15,100
D0,DC/9E/12/D,RDU,6.0,,DC,9E,12,D,RDU,,57.94,292,504,60.83,5.00%,0.02680128499311611,306.6,504,Cascaded,2027,306.6,504
D0,DC/9E/12/D,RIC,6.0,,DC,9E,12,D,RIC,,53.76,93,173,56.45,5.00%,0.008536025699862322,97.65,173,Cascaded,2027,97.65,173
D0,DC/9E/12/D,ROA,6.0,,DC,9E,12,D,ROA,,52.94,54,102,55.59,5.00%,0.004956402019274897,56.7,102,Cascaded,2027,56.7,102
D0,DC/9E/12/D,ROC,6.0,,DC,9E,12,D,ROC,,42.33,80,189,44.44,5.00%,0.0073428178063331805,84.0,189,Cascaded,2027,84.0,189
D0,DC/9E/12/D,RST,6.0,,DC,9E,12,D,RST,,52.05,38,73,54.66,5.00%,0.0034878384580082607,39.9,73,Cascaded,2027,39.9,73
D0,DC/9E/12/D,RSW,6.0,,DC,9E,12,D,RSW,,57.14,8,14,60.0,5.00%,0.000734281780633318,8.4,14,Cascaded,2027,8.4,14
D0,DC/9E/12/D,SAV,6.0,,DC,9E,12,D,SAV,,47.06,48,102,49.41,5.00%,0.0044056906837999085,50.4,102,Cascaded,2027,50.4,102
D0,DC/9E/12/D,SDF,6.0,,DC,9E,12,D,SDF,,63.16,60,95,66.32,5.00%,0.005507113354749885,63.0,95,Cascaded,2027,63.0,95
D0,DC/9E/12/D,SGF,6.0,,DC,9E,12,D,SGF,,70.45,62,88,73.98,5.00%,0.0056906837999082145,65.1,88,Cascaded,2027,65.1,88
D0,DC/9E/12/D,STL,6.0,,DC,9E,12,D,STL,,49.59,60,121,52.07,5.00%,0.005507113354749885,63.0,121,Cascaded,2027,63.0,121
D0,DC/9E/12/D,SYR,6.0,,DC,9E,12,D,SYR,,56.16,123,219,58.97,5.00%,0.011289582377237265,129.15,219,Cascaded,2027,129.15,219
D0,DC/9E/12/D,TLH,6.0,,DC,9E,12,D,TLH,,63.89,23,36,67.08,5.00%,0.0021110601193207895,24.15,36,Cascaded,2027,24.15,36
D0,DC/9E/12/D,TPA,6.0,,DC,9E,12,D,TPA,,77.78,7,9,81.67,5.00%,0.0006424965580541532,7.35,9,Cascaded,2027,7.35,9
D0,DC/9E/12/D,TRI,6.0,,DC,9E,12,D,TRI,,72.92,70,96,76.56,5.00%,0.006424965580541533,73.5,96,Cascaded,2027,73.5,96
D0,DC/9E/12/D,TUL,6.0,,DC,9E,12,D,TUL,,53.12,17,32,55.78,5.00%,0.0015603487838458008,17.85,32,Cascaded,2027,17.85,32
D0,DC/9E/12/D,TYS,6.0,,DC,9E,12,D,TYS,,67.74,189,279,71.13,5.00%,0.01734740706746214,198.45,279,Cascaded,2027,198.45,279
D0,DC/9E/12/D,VLD,6.0,,DC,9E,12,D,VLD,,56.41,44,78,59.23,5.00%,0.004038549793483249,46.2,78,Cascaded,2027,46.2,78
D0,DC/9E/12/D,VPS,6.0,,DC,9E,12,D,VPS,,44.0,11,25,46.2,5.00%,0.0010096374483708123,11.55,25,Cascaded,2027,11.55,25
D0,DC/9E/12/D,XNA,6.0,,DC,9E,12,D,XNA,,54.55,108,198,57.27,5.00%,0.009912804038549794,113.4,198,Cascaded,2027,113.4,198
D0,DC/9E/12/I,ATL,6.0,,DC,9E,12,I,ATL,,64.41,38,59,67.63,5.00%,0.06701940035273368,39.9,59,Cascaded,2027,39.9,59
D0,DC/9E/12/I,DTW,6.0,,DC,9E,12,I,DTW,,43.92,83,189,46.11,5.00%,0.14638447971781304,87.15,189,Cascaded,2027,87.15,189
D0,DC/9E/12/I,ELH,6.0,,DC,9E,12,I,ELH,,75.0,18,24,78.75,5.00%,0.031746031746031744,18.9,24,Cascaded,2027,18.900000000000002,24
D0,DC/9E/12/I,GGT,6.0,,DC,9E,12,I,GGT,,81.82,9,11,85.91,5.00%,0.015873015873015872,9.45,11,Cascaded,2027,9.450000000000001,11
D0,DC/9E/12/I,JFK,6.0,,DC,9E,12,I,JFK,,45.21,33,73,47.47,5.00%,0.0582010582010582,34.65,73,Cascaded,2027,34.65,73
D0,DC/9E/12/I,LGA,6.0,,DC,9E,12,I,LGA,,51.85,98,189,54.44,5.00%,0.1728395061728395,102.9,189,Cascaded,2027,102.9,189
D0,DC/9E/12/I,MHH,6.0,,DC,9E,12,I,MHH,,62.5,15,24,65.62,5.00%,0.026455026455026454,15.75,24,Cascaded,2027,15.75,24
D0,DC/9E/12/I,MSP,6.0,,DC,9E,12,I,MSP,,46.67,14,30,49.0,5.00%,0.024691358024691357,14.7,30,Cascaded,2027,14.700000000000001,30
D0,DC/9E/12/I,YUL,6.0,,DC,9E,12,I,YUL,,56.25,99,176,59.06,5.00%,0.1746031746031746,103.95,176,Cascaded,2027,103.95,176
D0,DC/9E/12/I,YYZ,6.0,,DC,9E,12,I,YYZ,,52.12,160,307,54.72,5.00%,0.2821869488536155,168.0,307,Cascaded,2027,168.0,307
D0,DC/9E/2/D,ABE,6.0,,DC,9E,2,D,ABE,,74.67,56,75,78.4,5.00%,0.004391812406870049,58.8,75,Cascaded,2027,58.8,75
D0,DC/9E/2/D,ABY,6.0,,DC,9E,2,D,ABY,,89.74,70,78,94.23,5.00%,0.005489765508587562,73.5,78,Cascaded,2027,73.5,78
D0,DC/9E/2/D,AEX,6.0,,DC,9E,2,D,AEX,,82.05,64,78,86.15,5.00%,0.005019214179280056,67.2,78,Cascaded,2027,67.2,78
D0,DC/9E/2/D,AGS,6.0,,DC,9E,2,D,AGS,,81.63,120,147,85.71,5.00%,0.009411026586150105,126.0,147,Cascaded,2027,126.0,147
D0,DC/9E/2/D,ALB,6.0,,DC,9E,2,D,ALB,,75.0,39,52,78.75,5.00%,0.0030585836404987844,40.95,52,Cascaded,2027,40.949999999999996,52
D0,DC/9E/2/D,ATL,6.0,,DC,9E,2,D,ATL,,74.9,1975,2637,78.64,5.00%,0.1548898125637205,2073.75,2637,Cascaded,2027,2073.75,2637
D0,DC/9E/2/D,ATW,6.0,,DC,9E,2,D,ATW,,63.64,7,11,66.82,5.00%,0.0005489765508587561,7.35,11,Cascaded,2027,7.35,11
D0,DC/9E/2/D,AUS,6.0,,DC,9E,2,D,AUS,,83.33,65,78,87.5,5.00%,0.0050976394008313075,68.25,78,Cascaded,2027,68.25,78
D0,DC/9E/2/D,AVL,6.0,,DC,9E,2,D,AVL,,83.08,54,65,87.23,5.00%,0.004234961963767547,56.7,65,Cascaded,2027,56.699999999999996,65
D0,DC/9E/2/D,BGR,6.0,,DC,9E,2,D,BGR,,86.49,64,74,90.81,5.00%,0.005019214179280056,67.2,74,Cascaded,2027,67.2,74
D0,DC/9E/2/D,BHM,6.0,,DC,9E,2,D,BHM,,86.24,94,109,90.55,5.00%,0.007371970825817583,98.7,109,Cascaded,2027,98.69999999999999,109
D0,DC/9E/2/D,BIS,6.0,,DC,9E,2,D,BIS,,80.95,85,105,85.0,5.00%,0.006666143831856325,89.25,105,Cascaded,2027,89.25,105
D0,DC/9E/2/D,BMI,6.0,,DC,9E,2,D,BMI,,76.79,43,56,80.62,5.00%,0.003372284526703788,45.15,56,Cascaded,2027,45.15,56
D0,DC/9E/2/D,BNA,6.0,,DC,9E,2,D,BNA,,71.43,125,175,75.0,5.00%,0.00980315269390636,131.25,175,Cascaded,2027,131.25,175
D0,DC/9E/2/D,BQK,6.0,,DC,9E,2,D,BQK,,73.81,62,84,77.5,5.00%,0.0048623637361775544,65.1,84,Cascaded,2027,65.1,84
D0,DC/9E/2/D,BTR,6.0,,DC,9E,2,D,BTR,,69.49,41,59,72.97,5.00%,0.003215434083601286,43.05,59,Cascaded,2027,43.05,59
D0,DC/9E/2/D,BTV,6.0,,DC,9E,2,D,BTV,,76.77,76,99,80.61,5.00%,0.005960316837895067,79.8,99,Cascaded,2027,79.8,99
D0,DC/9E/2/D,BUF,6.0,,DC,9E,2,D,BUF,,66.21,96,145,69.52,5.00%,0.007528821268920085,100.8,145,Cascaded,2027,100.8,145
D0,DC/9E/2/D,CAE,6.0,,DC,9E,2,D,CAE,,74.74,71,95,78.47,5.00%,0.005568190730138813,74.55,95,Cascaded,2027,74.55,95
D0,DC/9E/2/D,CHA,6.0,,DC,9E,2,D,CHA,,66.84,129,193,70.18,5.00%,0.010116853580111364,135.45,193,Cascaded,2027,135.45,193
D0,DC/9E/2/D,CHO,6.0,,DC,9E,2,D,CHO,,75.0,105,140,78.75,5.00%,0.008234648262881342,110.25,140,Cascaded,2027,110.25,140
D0,DC/9E/2/D,CHS,6.0,,DC,9E,2,D,CHS,,79.72,114,143,83.71,5.00%,0.0089404752568426,119.7,143,Cascaded,2027,119.69999999999999,143
D0,DC/9E/2/D,CLE,6.0,,DC,9E,2,D,CLE,,70.57,199,282,74.1,5.00%,0.015606619088698925,208.95,282,Cascaded,2027,208.95,282
D0,DC/9E/2/D,CLT,6.0,,DC,9E,2,D,CLT,,75.48,117,155,79.26,5.00%,0.009175750921496353,122.85,155,Cascaded,2027,122.85,155
D0,DC/9E/2/D,CMH,6.0,,DC,9E,2,D,CMH,,64.0,32,50,67.2,5.00%,0.002509607089640028,33.6,50,Cascaded,2027,33.6,50
D0,DC/9E/2/D,CRW,6.0,,DC,9E,2,D,CRW,,71.43,55,77,75.0,5.00%,0.004313387185318799,57.75,77,Cascaded,2027,57.75,77
D0,DC/9E/2/D,CSG,6.0,,DC,9E,2,D,CSG,,69.23,54,78,72.69,5.00%,0.004234961963767547,56.7,78,Cascaded,2027,56.699999999999996,78
D0,DC/9E/2/D,CVG,6.0,,DC,9E,2,D,CVG,,72.09,434,602,75.7,5.00%,0.034036546153242885,455.7,602,Cascaded,2027,455.7,602
D0,DC/9E/2/D,CWA,6.0,,DC,9E,2,D,CWA,,80.36,45,56,84.38,5.00%,0.0035291349698062897,47.25,56,Cascaded,2027,47.25,56
D0,DC/9E/2/D,DCA,6.0,,DC,9E,2,D,DCA,,55.35,119,215,58.12,5.00%,0.009332601364598856,124.95,215,Cascaded,2027,124.94999999999999,215
D0,DC/9E/2/D,DHN,6.0,,DC,9E,2,D,DHN,,75.64,59,78,79.42,5.00%,0.004627088071523802,61.95,78,Cascaded,2027,61.949999999999996,78
D0,DC/9E/2/D,DLH,6.0,,DC,9E,2,D,DLH,,66.67,2,3,70.0,5.00%,0.00015685044310250176,2.1,3,Cascaded,2027,2.1,3
D0,DC/9E/2/D,DSM,6.0,,DC,9E,2,D,DSM,,71.1,123,173,74.65,5.00%,0.00964630225080386,129.15,173,Cascaded,2027,129.15,173
D0,DC/9E/2/D,DTW,6.0,,DC,9E,2,D,DTW,,66.47,680,1023,69.79,5.00%,0.0533291506548506,714.0,1023,Cascaded,2027,714.0,1023
D0,DC/9E/2/D,ECP,6.0,,DC,9E,2,D,ECP,,84.0,21,25,88.2,5.00%,0.0016469296525762685,22.05,25,Cascaded,2027,22.049999999999997,25
D0,DC/9E/2/D,EVV,6.0,,DC,9E,2,D,EVV,,78.21,61,78,82.12,5.00%,0.004783938514626304,64.05,78,Cascaded,2027,64.05,78
D0,DC/9E/2/D,EWR,6.0,,DC,9E,2,D,EWR,,67.91,91,134,71.31,5.00%,0.00713669516116383,95.55,134,Cascaded,2027,95.55,134
D0,DC/9E/2/D,FAR,6.0,,DC,9E,2,D,FAR,,69.7,23,33,73.18,5.00%,0.0018037800956787703,24.15,33,Cascaded,2027,24.15,33
D0,DC/9E/2/D,FAY,6.0,,DC,9E,2,D,FAY,,82.8,77,93,86.94,5.00%,0.006038742059446318,80.85,93,Cascaded,2027,80.85,93
D0,DC/9E/2/D,FSD,6.0,,DC,9E,2,D,FSD,,84.38,27,32,88.59,5.00%,0.0021174809818837736,28.35,32,Cascaded,2027,28.349999999999998,32
D0,DC/9E/2/D,FWA,6.0,,DC,9E,2,D,FWA,,79.79,75,94,83.78,5.00%,0.0058818916163438165,78.75,94,Cascaded,2027,78.75,94
D0,DC/9E/2/D,GNV,6.0,,DC,9E,2,D,GNV,,71.43,15,21,75.0,5.00%,0.0011763783232687632,15.75,21,Cascaded,2027,15.75,21
D0,DC/9E/2/D,GRB,6.0,,DC,9E,2,D,GRB,,83.33,5,6,87.5,5.00%,0.0003921261077562544,5.25,6,Cascaded,2027,5.25,6
D0,DC/9E/2/D,GRR,6.0,,DC,9E,2,D,GRR,,65.48,55,84,68.75,5.00%,0.004313387185318799,57.75,84,Cascaded,2027,57.75,84
D0,DC/9E/2/D,GSO,6.0,,DC,9E,2,D,GSO,,83.61,51,61,87.79,5.00%,0.003999686299113795,53.55,61,Cascaded,2027,53.55,61
D0,DC/9E/2/D,GSP,6.0,,DC,9E,2,D,GSP,,85.71,60,70,90.0,5.00%,0.004705513293075053,63.0,70,Cascaded,2027,63.0,70
D0,DC/9E/2/D,GTR,6.0,,DC,9E,2,D,GTR,,82.14,46,56,86.25,5.00%,0.0036075601913575406,48.3,56,Cascaded,2027,48.3,56
D0,DC/9E/2/D,HPN,6.0,,DC,9E,2,D,HPN,,68.42,91,133,71.84,5.00%,0.00713669516116383,95.55,133,Cascaded,2027,95.55,133
D0,DC/9E/2/D,HSV,6.0,,DC,9E,2,D,HSV,,77.22,61,79,81.08,5.00%,0.004783938514626304,64.05,79,Cascaded,2027,64.05,79
D0,DC/9E/2/D,IAD,6.0,,DC,9E,2,D,IAD,,65.33,49,75,68.6,5.00%,0.0038428358560112933,51.45,75,Cascaded,2027,51.449999999999996,75
D0,DC/9E/2/D,ICT,6.0,,DC,9E,2,D,ICT,,75.0,21,28,78.75,5.00%,0.0016469296525762685,22.05,28,Cascaded,2027,22.049999999999997,28
D0,DC/9E/2/D,ILM,6.0,,DC,9E,2,D,ILM,,75.68,56,74,79.46,5.00%,0.004391812406870049,58.8,74,Cascaded,2027,58.8,74
D0,DC/9E/2/D,IND,6.0,,DC,9E,2,D,IND,,77.04,198,257,80.89,5.00%,0.015528193867147674,207.9,257,Cascaded,2027,207.89999999999998,257
D0,DC/9E/2/D,ITH,6.0,,DC,9E,2,D,ITH,,74.51,38,51,78.24,5.00%,0.0029801584189475335,39.9,51,Cascaded,2027,39.9,51
D0,DC/9E/2/D,JAN,6.0,,DC,9E,2,D,JAN,,78.33,47,60,82.25,5.00%,0.0036859854129087915,49.35,60,Cascaded,2027,49.349999999999994,60
D0,DC/9E/2/D,JAX,6.0,,DC,9E,2,D,JAX,,75.76,100,132,79.55,5.00%,0.007842522155125087,105.0,132,Cascaded,2027,105.0,132
D0,DC/9E/2/D,JFK,6.0,,DC,9E,2,D,JFK,,70.42,1176,1670,73.94,5.00%,0.09222806054427103,1234.8,1670,Cascaded,2027,1234.8,1670
D0,DC/9E/2/D,LEX,6.0,,DC,9E,2,D,LEX,,73.17,30,41,76.83,5.00%,0.0023527566465375263,31.5,41,Cascaded,2027,31.5,41
D0,DC/9E/2/D,LFT,6.0,,DC,9E,2,D,LFT,,77.36,82,106,81.23,5.00%,0.006430868167202572,86.1,106,Cascaded,2027,86.1,106
D0,DC/9E/2/D,LGA,6.0,,DC,9E,2,D,LGA,,74.02,1513,2044,77.72,5.00%,0.11865736020704258,1588.65,2044,Cascaded,2027,1588.6499999999999,2044
D0,DC/9E/2/D,LIT,6.0,,DC,9E,2,D,LIT,,81.82,18,22,85.91,5.00%,0.0014116539879225158,18.9,22,Cascaded,2027,18.9,22
D0,DC/9E/2/D,MCI,6.0,,DC,9E,2,D,MCI,,79.49,62,78,83.46,5.00%,0.0048623637361775544,65.1,78,Cascaded,2027,65.1,78
D0,DC/9E/2/D,MDT,6.0,,DC,9E,2,D,MDT,,65.38,17,26,68.65,5.00%,0.001333228766371265,17.85,26,Cascaded,2027,17.849999999999998,26
D0,DC/9E/2/D,MDW,6.0,,DC,9E,2,D,MDW,,65.38,51,78,68.65,5.00%,0.003999686299113795,53.55,78,Cascaded,2027,53.55,78
D0,DC/9E/2/D,MEM,6.0,,DC,9E,2,D,MEM,,78.38,58,74,82.3,5.00%,0.004548662849972551,60.9,74,Cascaded,2027,60.9,74
D0,DC/9E/2/D,MGM,6.0,,DC,9E,2,D,MGM,,75.37,101,134,79.14,5.00%,0.007920947376676339,106.05,134,Cascaded,2027,106.05,134
D0,DC/9E/2/D,MKE,6.0,,DC,9E,2,D,MKE,,77.22,61,79,81.08,5.00%,0.004783938514626304,64.05,79,Cascaded,2027,64.05,79
D0,DC/9E/2/D,MLI,6.0,,DC,9E,2,D,MLI,,62.5,35,56,65.62,5.00%,0.002744882754293781,36.75,56,Cascaded,2027,36.75,56
D0,DC/9E/2/D,MLU,6.0,,DC,9E,2,D,MLU,,73.08,57,78,76.73,5.00%,0.0044702376284213,59.85,78,Cascaded,2027,59.849999999999994,78
D0,DC/9E/2/D,MOB,6.0,,DC,9E,2,D,MOB,,78.12,25,32,82.03,5.00%,0.001960630538781272,26.25,32,Cascaded,2027,26.25,32
D0,DC/9E/2/D,MSN,6.0,,DC,9E,2,D,MSN,,70.37,38,54,73.89,5.00%,0.0029801584189475335,39.9,54,Cascaded,2027,39.9,54
D0,DC/9E/2/D,MSP,6.0,,DC,9E,2,D,MSP,,70.12,737,1051,73.63,5.00%,0.0577993882832719,773.85,1051,Cascaded,2027,773.8499999999999,1051
D0,DC/9E/2/D,MYR,6.0,,DC,9E,2,D,MYR,,80.0,20,25,84.0,5.00%,0.0015685044310250176,21.0,25,Cascaded,2027,21.0,25
D0,DC/9E/2/D,OAJ,6.0,,DC,9E,2,D,OAJ,,80.0,8,10,84.0,5.00%,0.000627401772410007,8.4,10,Cascaded,2027,8.4,10
D0,DC/9E/2/D,OKC,6.0,,DC,9E,2,D,OKC,,96.15,25,26,100.96,5.00%,0.001960630538781272,26.25,26,Cascaded,2027,26.25,26
D0,DC/9E/2/D,OMA,6.0,,DC,9E,2,D,OMA,,88.46,46,52,92.88,5.00%,0.0036075601913575406,48.3,52,Cascaded,2027,48.3,52
D0,DC/9E/2/D,ORD,6.0,,DC,9E,2,D,ORD,,54.26,51,94,56.97,5.00%,0.003999686299113795,53.55,94,Cascaded,2027,53.55,94
D0,DC/9E/2/D,ORF,6.0,,DC,9E,2,D,ORF,,73.83,110,149,77.52,5.00%,0.008626774370637597,115.5,149,Cascaded,2027,115.5,149
D0,DC/9E/2/D,ORH,6.0,,DC,9E,2,D,ORH,,77.27,17,22,81.14,5.00%,0.001333228766371265,17.85,22,Cascaded,2027,17.849999999999998,22
D0,DC/9E/2/D,PIT,6.0,,DC,9E,2,D,PIT,,73.14,128,175,76.8,5.00%,0.010038428358560112,134.4,175,Cascaded,2027,134.4,175
D0,DC/9E/2/D,PNS,6.0,,DC,9E,2,D,PNS,,80.77,21,26,84.81,5.00%,0.0016469296525762685,22.05,26,Cascaded,2027,22.049999999999997,26
D0,DC/9E/2/D,PWM,6.0,,DC,9E,2,D,PWM,,72.55,37,51,76.18,5.00%,0.0029017331973962826,38.85,51,Cascaded,2027,38.849999999999994,51
D0,DC/9E/2/D,RAP,6.0,,DC,9E,2,D,RAP,,78.79,26,33,82.73,5.00%,0.0020390557603325228,27.3,33,Cascaded,2027,27.299999999999997,33
D0,DC/9E/2/D,RDU,6.0,,DC,9E,2,D,RDU,,65.43,354,541,68.71,5.00%,0.027762528429142813,371.7,541,Cascaded,2027,371.7,541
D0,DC/9E/2/D,RIC,6.0,,DC,9E,2,D,RIC,,74.56,85,114,78.29,5.00%,0.006666143831856325,89.25,114,Cascaded,2027,89.25,114
D0,DC/9E/2/D,ROA,6.0,,DC,9E,2,D,ROA,,64.15,68,106,67.36,5.00%,0.00533291506548506,71.4,106,Cascaded,2027,71.39999999999999,106
D0,DC/9E/2/D,ROC,6.0,,DC,9E,2,D,ROC,,56.57,99,175,59.4,5.00%,0.007764096933573837,103.95,175,Cascaded,2027,103.94999999999999,175
D0,DC/9E/2/D,RST,6.0,,DC,9E,2,D,RST,,82.0,41,50,86.1,5.00%,0.003215434083601286,43.05,50,Cascaded,2027,43.05,50
D0,DC/9E/2/D,RSW,6.0,,DC,9E,2,D,RSW,,50.0,4,8,52.5,5.00%,0.0003137008862050035,4.2,8,Cascaded,2027,4.2,8
D0,DC/9E/2/D,SAV,6.0,,DC,9E,2,D,SAV,,73.88,99,134,77.57,5.00%,0.007764096933573837,103.95,134,Cascaded,2027,103.94999999999999,134
D0,DC/9E/2/D,SDF,6.0,,DC,9E,2,D,SDF,,89.19,33,37,93.65,5.00%,0.002588032311191279,34.65,37,Cascaded,2027,34.65,37
D0,DC/9E/2/D,SGF,6.0,,DC,9E,2,D,SGF,,76.79,43,56,80.62,5.00%,0.003372284526703788,45.15,56,Cascaded,2027,45.15,56
D0,DC/9E/2/D,STL,6.0,,DC,9E,2,D,STL,,77.14,54,70,81.0,5.00%,0.004234961963767547,56.7,70,Cascaded,2027,56.699999999999996,70
D0,DC/9E/2/D,SYR,6.0,,DC,9E,2,D,SYR,,60.69,88,145,63.72,5.00%,0.006901419496510078,92.4,145,Cascaded,2027,92.39999999999999,145
D0,DC/9E/2/D,TLH,6.0,,DC,9E,2,D,TLH,,69.23,9,13,72.69,5.00%,0.0007058269939612579,9.45,13,Cascaded,2027,9.45,13
D0,DC/9E/2/D,TRI,6.0,,DC,9E,2,D,TRI,,77.36,82,106,81.23,5.00%,0.006430868167202572,86.1,106,Cascaded,2027,86.1,106
D0,DC/9E/2/D,TUL,6.0,,DC,9E,2,D,TUL,,86.36,19,22,90.68,5.00%,0.0014900792094737667,19.95,22,Cascaded,2027,19.95,22
D0,DC/9E/2/D,TVC,6.0,,DC,9E,2,D,TVC,,55.56,10,18,58.33,5.00%,0.0007842522155125088,10.5,18,Cascaded,2027,10.5,18
D0,DC/9E/2/D,TYS,6.0,,DC,9E,2,D,TYS,,85.34,198,232,89.61,5.00%,0.015528193867147674,207.9,232,Cascaded,2027,207.89999999999998,232
D0,DC/9E/2/D,VLD,6.0,,DC,9E,2,D,VLD,,75.64,59,78,79.42,5.00%,0.004627088071523802,61.95,78,Cascaded,2027,61.949999999999996,78
D0,DC/9E/2/D,XNA,6.0,,DC,9E,2,D,XNA,,71.7,114,159,75.28,5.00%,0.0089404752568426,119.7,159,Cascaded,2027,119.69999999999999,159
D0,DC/9E/2/I,ATL,6.0,,DC,9E,2,I,ATL,,71.88,46,64,75.47,5.00%,0.057001239157372985,48.3,64,Cascaded,2027,48.300000000000004,64
D0,DC/9E/2/I,DTW,6.0,,DC,9E,2,I,DTW,,67.26,113,168,70.62,5.00%,0.14002478314745972,118.65,168,Cascaded,2027,118.65,168
D0,DC/9E/2/I,ELH,6.0,,DC,9E,2,I,ELH,,66.67,16,24,70.0,5.00%,0.01982651796778191,16.8,24,Cascaded,2027,16.8,24
D0,DC/9E/2/I,GGT,6.0,,DC,9E,2,I,GGT,,75.0,12,16,78.75,5.00%,0.01486988847583643,12.6,16,Cascaded,2027,12.6,16
D0,DC/9E/2/I,JFK,6.0,,DC,9E,2,I,JFK,,66.23,51,77,69.55,5.00%,0.06319702602230483,53.55,77,Cascaded,2027,53.550000000000004,77
D0,DC/9E/2/I,LGA,6.0,,DC,9E,2,I,LGA,,75.23,161,214,79.0,5.00%,0.19950433705080545,169.05,214,Cascaded,2027,169.05,214
D0,DC/9E/2/I,MHH,6.0,,DC,9E,2,I,MHH,,70.83,17,24,74.38,5.00%,0.021065675340768277,17.85,24,Cascaded,2027,17.85,24
D0,DC/9E/2/I,MSP,6.0,,DC,9E,2,I,MSP,,75.0,21,28,78.75,5.00%,0.026022304832713755,22.05,28,Cascaded,2027,22.05,28
D0,DC/9E/2/I,YUL,6.0,,DC,9E,2,I,YUL,,76.19,128,168,80.0,5.00%,0.15861214374225527,134.4,168,Cascaded,2027,134.4,168
D0,DC/9E/2/I,YYZ,6.0,,DC,9E,2,I,YYZ,,75.62,242,320,79.41,5.00%,0.29987608426270135,254.1,320,Cascaded,2027,254.1,320
D0,DC/9E/3/D,ABE,6.0,,DC,9E,3,D,ABE,,61.11,55,90,64.17,5.00%,0.00417901375275435,57.75,90,Cascaded,2027,57.75000000000001,90
D0,DC/9E/3/D,ABY,6.0,,DC,9E,3,D,ABY,,68.89,62,90,72.33,5.00%,0.004710888230377631,65.1,90,Cascaded,2027,65.10000000000001,90
D0,DC/9E/3/D,AEX,6.0,,DC,9E,3,D,AEX,,75.28,67,89,79.04,5.00%,0.005090798571537118,70.35,89,Cascaded,2027,70.35000000000001,89
D0,DC/9E/3/D,AGS,6.0,,DC,9E,3,D,AGS,,57.73,127,220,60.61,5.00%,0.009649722665450954,133.35,220,Cascaded,2027,133.35000000000002,220
D0,DC/9E/3/D,ALB,6.0,,DC,9E,3,D,ALB,,88.68,47,53,93.11,5.00%,0.003571157206899172,49.35,53,Cascaded,2027,49.35,53
D0,DC/9E/3/D,ATL,6.0,,DC,9E,3,D,ATL,,60.51,2001,3307,63.53,5.00%,0.15204011853202645,2101.05,3307,Cascaded,2027,2101.05,3307
D0,DC/9E/3/D,ATW,6.0,,DC,9E,3,D,ATW,,83.33,5,6,87.5,5.00%,0.00037991034115948636,5.25,6,Cascaded,2027,5.25,6
D0,DC/9E/3/D,AUS,6.0,,DC,9E,3,D,AUS,,79.35,73,92,83.32,5.00%,0.005546690980928501,76.65,92,Cascaded,2027,76.65,92
D0,DC/9E/3/D,AVL,6.0,,DC,9E,3,D,AVL,,59.77,52,87,62.76,5.00%,0.003951067548058658,54.6,87,Cascaded,2027,54.6,87
D0,DC/9E/3/D,BGR,6.0,,DC,9E,3,D,BGR,,80.0,68,85,84.0,5.00%,0.005166780639769015,71.4,85,Cascaded,2027,71.4,85
D0,DC/9E/3/D,BHM,6.0,,DC,9E,3,D,BHM,,60.71,51,84,63.75,5.00%,0.0038750854798267607,53.55,84,Cascaded,2027,53.550000000000004,84
D0,DC/9E/3/D,BIS,6.0,,DC,9E,3,D,BIS,,72.04,67,93,75.65,5.00%,0.005090798571537118,70.35,93,Cascaded,2027,70.35000000000001,93
D0,DC/9E/3/D,BMI,6.0,,DC,9E,3,D,BMI,,65.48,55,84,68.75,5.00%,0.00417901375275435,57.75,84,Cascaded,2027,57.75000000000001,84
D0,DC/9E/3/D,BNA,6.0,,DC,9E,3,D,BNA,,65.62,105,160,68.91,5.00%,0.007978117164349213,110.25,160,Cascaded,2027,110.25000000000001,160
D0,DC/9E/3/D,BQK,6.0,,DC,9E,3,D,BQK,,56.04,51,91,58.85,5.00%,0.0038750854798267607,53.55,91,Cascaded,2027,53.550000000000004,91
D0,DC/9E/3/D,BTR,6.0,,DC,9E,3,D,BTR,,56.25,36,64,59.06,5.00%,0.0027353544563483018,37.8,64,Cascaded,2027,37.800000000000004,64
D0,DC/9E/3/D,BTV,6.0,,DC,9E,3,D,BTV,,62.39,68,109,65.5,5.00%,0.005166780639769015,71.4,109,Cascaded,2027,71.4,109
D0,DC/9E/3/D,BUF,6.0,,DC,9E,3,D,BUF,,69.14,112,162,72.59,5.00%,0.008509991641972494,117.6,162,Cascaded,2027,117.60000000000001,162
D0,DC/9E/3/D,CAE,6.0,,DC,9E,3,D,CAE,,65.67,88,134,68.96,5.00%,0.00668642200440696,92.4,134,Cascaded,2027,92.4,134
D0,DC/9E/3/D,CHA,6.0,,DC,9E,3,D,CHA,,59.25,157,265,62.21,5.00%,0.011929184712407871,164.85,265,Cascaded,2027,164.85000000000002,265
D0,DC/9E/3/D,CHO,6.0,,DC,9E,3,D,CHO,,66.28,114,172,69.59,5.00%,0.008661955778436288,119.7,172,Cascaded,2027,119.7,172
D0,DC/9E/3/D,CHS,6.0,,DC,9E,3,D,CHS,,65.79,100,152,69.08,5.00%,0.007598206823189727,105.0,152,Cascaded,2027,105.00000000000001,152
D0,DC/9E/3/D,CLE,6.0,,DC,9E,3,D,CLE,,61.27,231,377,64.34,5.00%,0.01755185776156827,242.55,377,Cascaded,2027,242.55,377
D0,DC/9E/3/D,CLT,6.0,,DC,9E,3,D,CLT,,55.07,114,207,57.83,5.00%,0.008661955778436288,119.7,207,Cascaded,2027,119.7,207
D0,DC/9E/3/D,CMH,6.0,,DC,9E,3,D,CMH,,70.51,55,78,74.04,5.00%,0.00417901375275435,57.75,78,Cascaded,2027,57.75000000000001,78
D0,DC/9E/3/D,CRW,6.0,,DC,9E,3,D,CRW,,63.3,69,109,66.47,5.00%,0.005242762708000912,72.45,109,Cascaded,2027,72.45,109
D0,DC/9E/3/D,CSG,6.0,,DC,9E,3,D,CSG,,59.3,51,86,62.27,5.00%,0.0038750854798267607,53.55,86,Cascaded,2027,53.550000000000004,86
D0,DC/9E/3/D,CVG,6.0,,DC,9E,3,D,CVG,,63.97,451,705,67.17,5.00%,0.03426791277258567,473.55,705,Cascaded,2027,473.55,705
D0,DC/9E/3/D,CWA,6.0,,DC,9E,3,D,CWA,,71.93,41,57,75.53,5.00%,0.003115264797507788,43.05,57,Cascaded,2027,43.050000000000004,57
D0,DC/9E/3/D,DCA,6.0,,DC,9E,3,D,DCA,,48.52,115,237,50.95,5.00%,0.008737937846668186,120.75,237,Cascaded,2027,120.75000000000001,237
D0,DC/9E/3/D,DHN,6.0,,DC,9E,3,D,DHN,,68.54,61,89,71.97,5.00%,0.004634906162145734,64.05,89,Cascaded,2027,64.05000000000001,89
D0,DC/9E/3/D,DLH,6.0,,DC,9E,3,D,DLH,,58.33,14,24,61.25,5.00%,0.0010637489552465617,14.7,24,Cascaded,2027,14.700000000000001,24
D0,DC/9E/3/D,DSM,6.0,,DC,9E,3,D,DSM,,76.65,151,197,80.48,5.00%,0.011473292303016488,158.55,197,Cascaded,2027,158.55,197
D0,DC/9E/3/D,DTW,6.0,,DC,9E,3,D,DTW,,59.84,879,1469,62.83,5.00%,0.0667882379758377,922.95,1469,Cascaded,2027,922.95,1469
D0,DC/9E/3/D,ECP,6.0,,DC,9E,3,D,ECP,,37.04,10,27,38.89,5.00%,0.0007598206823189727,10.5,27,Cascaded,2027,10.5,27
D0,DC/9E/3/D,EVV,6.0,,DC,9E,3,D,EVV,,68.54,61,89,71.97,5.00%,0.004634906162145734,64.05,89,Cascaded,2027,64.05000000000001,89
D0,DC/9E/3/D,EWR,6.0,,DC,9E,3,D,EWR,,67.86,114,168,71.25,5.00%,0.008661955778436288,119.7,168,Cascaded,2027,119.7,168
D0,DC/9E/3/D,FAR,6.0,,DC,9E,3,D,FAR,,44.44,16,36,46.67,5.00%,0.0012157130917103563,16.8,36,Cascaded,2027,16.8,36
D0,DC/9E/3/D,FAY,6.0,,DC,9E,3,D,FAY,,66.96,77,115,70.3,5.00%,0.00585061925385609,80.85,115,Cascaded,2027,80.85000000000001,115
D0,DC/9E/3/D,FSD,6.0,,DC,9E,3,D,FSD,,100.0,6,6,105.0,5.00%,0.00045589240939138365,6.3,6,Cascaded,2027,6.300000000000001,6
D0,DC/9E/3/D,FWA,6.0,,DC,9E,3,D,FWA,,69.7,69,99,73.18,5.00%,0.005242762708000912,72.45,99,Cascaded,2027,72.45,99
D0,DC/9E/3/D,GNV,6.0,,DC,9E,3,D,GNV,,73.33,22,30,77.0,5.00%,0.00167160550110174,23.1,30,Cascaded,2027,23.1,30
D0,DC/9E/3/D,GRB,6.0,,DC,9E,3,D,GRB,,100.0,3,3,105.0,5.00%,0.00022794620469569182,3.15,3,Cascaded,2027,3.1500000000000004,3
D0,DC/9E/3/D,GRR,6.0,,DC,9E,3,D,GRR,,65.22,15,23,68.48,5.00%,0.0011397310234784591,15.75,23,Cascaded,2027,15.750000000000002,23
D0,DC/9E/3/D,GSO,6.0,,DC,9E,3,D,GSO,,68.37,67,98,71.79,5.00%,0.005090798571537118,70.35,98,Cascaded,2027,70.35000000000001,98
D0,DC/9E/3/D,GSP,6.0,,DC,9E,3,D,GSP,,61.98,75,121,65.08,5.00%,0.005698655117392295,78.75,121,Cascaded,2027,78.75,121
D0,DC/9E/3/D,GTR,6.0,,DC,9E,3,D,GTR,,75.81,47,62,79.6,5.00%,0.003571157206899172,49.35,62,Cascaded,2027,49.35,62
D0,DC/9E/3/D,HPN,6.0,,DC,9E,3,D,HPN,,58.6,92,157,61.53,5.00%,0.006990350277334549,96.6,157,Cascaded,2027,96.60000000000001,157
D0,DC/9E/3/D,HSV,6.0,,DC,9E,3,D,HSV,,60.91,67,110,63.95,5.00%,0.005090798571537118,70.35,110,Cascaded,2027,70.35000000000001,110
D0,DC/9E/3/D,IAD,6.0,,DC,9E,3,D,IAD,,55.81,24,43,58.6,5.00%,0.0018235696375655346,25.2,43,Cascaded,2027,25.200000000000003,43
D0,DC/9E/3/D,ICT,6.0,,DC,9E,3,D,ICT,,85.71,6,7,90.0,5.00%,0.00045589240939138365,6.3,7,Cascaded,2027,6.300000000000001,7
D0,DC/9E/3/D,ILM,6.0,,DC,9E,3,D,ILM,,62.5,60,96,65.63,5.00%,0.0045589240939138366,63.0,96,Cascaded,2027,63.00000000000001,96
D0,DC/9E/3/D,IND,6.0,,DC,9E,3,D,IND,,68.86,199,289,72.3,5.00%,0.015120431578147558,208.95,289,Cascaded,2027,208.95000000000002,289
D0,DC/9E/3/D,ITH,6.0,,DC,9E,3,D,ITH,,69.49,41,59,72.97,5.00%,0.003115264797507788,43.05,59,Cascaded,2027,43.050000000000004,59
D0,DC/9E/3/D,JAN,6.0,,DC,9E,3,D,JAN,,61.47,67,109,64.54,5.00%,0.005090798571537118,70.35,109,Cascaded,2027,70.35000000000001,109
D0,DC/9E/3/D,JAX,6.0,,DC,9E,3,D,JAX,,56.79,92,162,59.63,5.00%,0.006990350277334549,96.6,162,Cascaded,2027,96.60000000000001,162
D0,DC/9E/3/D,JFK,6.0,,DC,9E,3,D,JFK,,66.25,1313,1982,69.56,5.00%,0.09976445558848111,1378.65,1982,Cascaded,2027,1378.65,1982
D0,DC/9E/3/D,LEX,6.0,,DC,9E,3,D,LEX,,68.87,73,106,72.31,5.00%,0.005546690980928501,76.65,106,Cascaded,2027,76.65,106
D0,DC/9E/3/D,LFT,6.0,,DC,9E,3,D,LFT,,73.28,85,116,76.94,5.00%,0.0064584757997112685,89.25,116,Cascaded,2027,89.25,116
D0,DC/9E/3/D,LGA,6.0,,DC,9E,3,D,LGA,,59.56,1346,2260,62.54,5.00%,0.10227186384013373,1413.3,2260,Cascaded,2027,1413.3000000000002,2260
D0,DC/9E/3/D,LIT,6.0,,DC,9E,3,D,LIT,,70.83,17,24,74.38,5.00%,0.0012916951599422537,17.85,24,Cascaded,2027,17.85,24
D0,DC/9E/3/D,MBS,6.0,,DC,9E,3,D,MBS,,57.14,40,70,60.0,5.00%,0.003039282729275891,42.0,70,Cascaded,2027,42.0,70
D0,DC/9E/3/D,MCI,6.0,,DC,9E,3,D,MCI,,69.88,58,83,73.37,5.00%,0.004406959957450042,60.9,83,Cascaded,2027,60.900000000000006,83
D0,DC/9E/3/D,MCO,6.0,,DC,9E,3,D,MCO,,16.67,1,6,17.5,5.00%,7.598206823189727e-05,1.05,6,Cascaded,2027,1.05,6
D0,DC/9E/3/D,MDT,6.0,,DC,9E,3,D,MDT,,74.14,43,58,77.84,5.00%,0.003267228933971583,45.15,58,Cascaded,2027,45.150000000000006,58
D0,DC/9E/3/D,MDW,6.0,,DC,9E,3,D,MDW,,58.89,53,90,61.83,5.00%,0.0040270496162905555,55.65,90,Cascaded,2027,55.650000000000006,90
D0,DC/9E/3/D,MEM,6.0,,DC,9E,3,D,MEM,,66.07,37,56,69.38,5.00%,0.002811336524580199,38.85,56,Cascaded,2027,38.85,56
D0,DC/9E/3/D,MGM,6.0,,DC,9E,3,D,MGM,,63.76,95,149,66.95,5.00%,0.007218296482030241,99.75,149,Cascaded,2027,99.75000000000001,149
D0,DC/9E/3/D,MKE,6.0,,DC,9E,3,D,MKE,,70.77,46,65,74.31,5.00%,0.0034951751386672744,48.3,65,Cascaded,2027,48.300000000000004,65
D0,DC/9E/3/D,MLI,6.0,,DC,9E,3,D,MLI,,76.27,45,59,80.08,5.00%,0.003419193070435377,47.25,59,Cascaded,2027,47.25,59
D0,DC/9E/3/D,MLU,6.0,,DC,9E,3,D,MLU,,54.65,47,86,57.38,5.00%,0.003571157206899172,49.35,86,Cascaded,2027,49.35,86
D0,DC/9E/3/D,MOB,6.0,,DC,9E,3,D,MOB,,71.7,38,53,75.28,5.00%,0.0028873185928120965,39.9,53,Cascaded,2027,39.900000000000006,53
D0,DC/9E/3/D,MSN,6.0,,DC,9E,3,D,MSN,,60.16,74,123,63.17,5.00%,0.005622673049160398,77.7,123,Cascaded,2027,77.7,123
D0,DC/9E/3/D,MSP,6.0,,DC,9E,3,D,MSP,,61.69,707,1146,64.78,5.00%,0.05371932223995137,742.35,1146,Cascaded,2027,742.35,1146
D0,DC/9E/3/D,MYR,6.0,,DC,9E,3,D,MYR,,51.72,15,29,54.31,5.00%,0.0011397310234784591,15.75,29,Cascaded,2027,15.750000000000002,29
D0,DC/9E/3/D,OKC,6.0,,DC,9E,3,D,OKC,,60.78,31,51,63.82,5.00%,0.0023554441151888155,32.55,51,Cascaded,2027,32.550000000000004,51
D0,DC/9E/3/D,OMA,6.0,,DC,9E,3,D,OMA,,64.62,42,65,67.85,5.00%,0.0031912468657396852,44.1,65,Cascaded,2027,44.1,65
D0,DC/9E/3/D,ORD,6.0,,DC,9E,3,D,ORD,,27.1,29,107,28.46,5.00%,0.002203479978725021,30.45,107,Cascaded,2027,30.450000000000003,107
D0,DC/9E/3/D,ORF,6.0,,DC,9E,3,D,ORF,,71.5,148,207,75.07,5.00%,0.011245346098320796,155.4,207,Cascaded,2027,155.4,207
D0,DC/9E/3/D,ORH,6.0,,DC,9E,3,D,ORH,,54.17,13,24,56.88,5.00%,0.0009877668870146646,13.65,24,Cascaded,2027,13.65,24
D0,DC/9E/3/D,PHL,6.0,,DC,9E,3,D,PHL,,38.1,8,21,40.0,5.00%,0.0006078565458551782,8.4,21,Cascaded,2027,8.4,21
D0,DC/9E/3/D,PIT,6.0,,DC,9E,3,D,PIT,,63.3,138,218,66.47,5.00%,0.010485525416001824,144.9,218,Cascaded,2027,144.9,218
D0,DC/9E/3/D,PNS,6.0,,DC,9E,3,D,PNS,,51.72,15,29,54.31,5.00%,0.0011397310234784591,15.75,29,Cascaded,2027,15.750000000000002,29
D0,DC/9E/3/D,PWM,6.0,,DC,9E,3,D,PWM,,76.27,45,59,80.08,5.00%,0.003419193070435377,47.25,59,Cascaded,2027,47.25,59
D0,DC/9E/3/D,RAP,6.0,,DC,9E,3,D,RAP,,70.83,34,48,74.38,5.00%,0.0025833903198845074,35.7,48,Cascaded,2027,35.7,48
D0,DC/9E/3/D,RDU,6.0,,DC,9E,3,D,RDU,,56.11,363,647,58.91,5.00%,0.02758149076817871,381.15,647,Cascaded,2027,381.15000000000003,647
D0,DC/9E/3/D,RIC,6.0,,DC,9E,3,D,RIC,,57.92,106,183,60.82,5.00%,0.008054099232581111,111.3,183,Cascaded,2027,111.30000000000001,183
D0,DC/9E/3/D,ROA,6.0,,DC,9E,3,D,ROA,,56.38,53,94,59.2,5.00%,0.0040270496162905555,55.65,94,Cascaded,2027,55.650000000000006,94
D0,DC/9E/3/D,ROC,6.0,,DC,9E,3,D,ROC,,53.42,117,219,56.1,5.00%,0.00888990198313198,122.85,219,Cascaded,2027,122.85000000000001,219
D0,DC/9E/3/D,RST,6.0,,DC,9E,3,D,RST,,77.59,45,58,81.47,5.00%,0.003419193070435377,47.25,58,Cascaded,2027,47.25,58
D0,DC/9E/3/D,RSW,6.0,,DC,9E,3,D,RSW,,62.5,5,8,65.62,5.00%,0.00037991034115948636,5.25,8,Cascaded,2027,5.25,8
D0,DC/9E/3/D,SAV,6.0,,DC,9E,3,D,SAV,,52.88,55,104,55.53,5.00%,0.00417901375275435,57.75,104,Cascaded,2027,57.75000000000001,104
D0,DC/9E/3/D,SDF,6.0,,DC,9E,3,D,SDF,,72.73,8,11,76.36,5.00%,0.0006078565458551782,8.4,11,Cascaded,2027,8.4,11
D0,DC/9E/3/D,SGF,6.0,,DC,9E,3,D,SGF,,56.47,48,85,59.29,5.00%,0.003647139275131069,50.4,85,Cascaded,2027,50.400000000000006,85
D0,DC/9E/3/D,STL,6.0,,DC,9E,3,D,STL,,58.73,37,63,61.67,5.00%,0.002811336524580199,38.85,63,Cascaded,2027,38.85,63
D0,DC/9E/3/D,SYR,6.0,,DC,9E,3,D,SYR,,70.83,136,192,74.38,5.00%,0.01033356127953803,142.8,192,Cascaded,2027,142.8,192
D0,DC/9E/3/D,TLH,6.0,,DC,9E,3,D,TLH,,28.57,2,7,30.0,5.00%,0.00015196413646379454,2.1,7,Cascaded,2027,2.1,7
D0,DC/9E/3/D,TRI,6.0,,DC,9E,3,D,TRI,,69.78,97,139,73.27,5.00%,0.0073702606184940355,101.85,139,Cascaded,2027,101.85000000000001,139
D0,DC/9E/3/D,TUL,6.0,,DC,9E,3,D,TUL,,57.69,15,26,60.58,5.00%,0.0011397310234784591,15.75,26,Cascaded,2027,15.750000000000002,26
D0,DC/9E/3/D,TVC,6.0,,DC,9E,3,D,TVC,,66.67,4,6,70.0,5.00%,0.0003039282729275891,4.2,6,Cascaded,2027,4.2,6
D0,DC/9E/3/D,TYS,6.0,,DC,9E,3,D,TYS,,72.19,218,302,75.79,5.00%,0.016564090874553607,228.9,302,Cascaded,2027,228.9,302
D0,DC/9E/3/D,VLD,6.0,,DC,9E,3,D,VLD,,69.77,60,86,73.26,5.00%,0.0045589240939138366,63.0,86,Cascaded,2027,63.00000000000001,86
D0,DC/9E/3/D,VPS,6.0,,DC,9E,3,D,VPS,,71.43,5,7,75.0,5.00%,0.00037991034115948636,5.25,7,Cascaded,2027,5.25,7
D0,DC/9E/3/D,XNA,6.0,,DC,9E,3,D,XNA,,60.09,128,213,63.1,5.00%,0.00972570473368285,134.4,213,Cascaded,2027,134.4,213
D0,DC/9E/3/I,ATL,6.0,,DC,9E,3,I,ATL,,68.6,59,86,72.03,5.00%,0.07257072570725707,61.95,86,Cascaded,2027,61.95000000000001,86
D0,DC/9E/3/I,DTW,6.0,,DC,9E,3,I,DTW,,60.42,116,192,63.44,5.00%,0.14268142681426815,121.8,192,Cascaded,2027,121.80000000000001,192
D0,DC/9E/3/I,ELH,6.0,,DC,9E,3,I,ELH,,53.33,16,30,56.0,5.00%,0.01968019680196802,16.8,30,Cascaded,2027,16.8,30
D0,DC/9E/3/I,GGT,6.0,,DC,9E,3,I,GGT,,59.26,16,27,62.22,5.00%,0.01968019680196802,16.8,27,Cascaded,2027,16.8,27
D0,DC/9E/3/I,JFK,6.0,,DC,9E,3,I,JFK,,53.33,48,90,56.0,5.00%,0.05904059040590406,50.4,90,Cascaded,2027,50.400000000000006,90
D0,DC/9E/3/I,LGA,6.0,,DC,9E,3,I,LGA,,63.18,151,239,66.34,5.00%,0.1857318573185732,158.55,239,Cascaded,2027,158.55,239
D0,DC/9E/3/I,MHH,6.0,,DC,9E,3,I,MHH,,68.97,20,29,72.41,5.00%,0.024600246002460024,21.0,29,Cascaded,2027,21.000000000000004,29
D0,DC/9E/3/I,MSP,6.0,,DC,9E,3,I,MSP,,64.52,20,31,67.74,5.00%,0.024600246002460024,21.0,31,Cascaded,2027,21.000000000000004,31
D0,DC/9E/3/I,YUL,6.0,,DC,9E,3,I,YUL,,70.05,131,187,73.56,5.00%,0.16113161131611317,137.55,187,Cascaded,2027,137.55,187
D0,DC/9E/3/I,YYZ,6.0,,DC,9E,3,I,YYZ,,65.01,236,363,68.26,5.00%,0.2902829028290283,247.8,363,Cascaded,2027,247.80000000000004,363
D0,DC/9E/4/D,ABE,6.0,,DC,9E,4,D,ABE,,74.44,67,90,78.17,5.00%,0.004533152909336942,70.35,90,Cascaded,2027,70.35,90
D0,DC/9E/4/D,ABY,6.0,,DC,9E,4,D,ABY,,74.16,66,89,77.87,5.00%,0.0044654939106901215,69.3,89,Cascaded,2027,69.3,89
D0,DC/9E/4/D,AEX,6.0,,DC,9E,4,D,AEX,,70.79,63,89,74.33,5.00%,0.0042625169147496615,66.15,89,Cascaded,2027,66.15,89
D0,DC/9E/4/D,AGS,6.0,,DC,9E,4,D,AGS,,59.22,151,255,62.18,5.00%,0.010216508795669824,158.55,255,Cascaded,2027,158.55,255
D0,DC/9E/4/D,ALB,6.0,,DC,9E,4,D,ALB,,90.0,54,60,94.5,5.00%,0.0036535859269282815,56.7,60,Cascaded,2027,56.7,60
D0,DC/9E/4/D,ATL,6.0,,DC,9E,4,D,ATL,,67.09,2143,3194,70.45,5.00%,0.14499323410013532,2250.15,3194,Cascaded,2027,2250.15,3194
D0,DC/9E/4/D,AUS,6.0,,DC,9E,4,D,AUS,,87.36,76,87,91.72,5.00%,0.005142083897158322,79.8,87,Cascaded,2027,79.8,87
D0,DC/9E/4/D,AVL,6.0,,DC,9E,4,D,AVL,,71.76,94,131,75.34,5.00%,0.006359945872801083,98.7,131,Cascaded,2027,98.7,131
D0,DC/9E/4/D,AZO,6.0,,DC,9E,4,D,AZO,,56.25,9,16,59.06,5.00%,0.0006089309878213803,9.45,16,Cascaded,2027,9.45,16
D0,DC/9E/4/D,BGR,6.0,,DC,9E,4,D,BGR,,77.53,69,89,81.4,5.00%,0.0046684709066305815,72.45,89,Cascaded,2027,72.45,89
D0,DC/9E/4/D,BHM,6.0,,DC,9E,4,D,BHM,,67.44,58,86,70.81,5.00%,0.003924221921515561,60.9,86,Cascaded,2027,60.9,86
D0,DC/9E/4/D,BIS,6.0,,DC,9E,4,D,BIS,,64.71,33,51,67.94,5.00%,0.0022327469553450607,34.65,51,Cascaded,2027,34.65,51
D0,DC/9E/4/D,BMI,6.0,,DC,9E,4,D,BMI,,77.53,69,89,81.4,5.00%,0.0046684709066305815,72.45,89,Cascaded,2027,72.45,89
D0,DC/9E/4/D,BNA,6.0,,DC,9E,4,D,BNA,,76.29,148,194,80.1,5.00%,0.010013531799729363,155.4,194,Cascaded,2027,155.4,194
D0,DC/9E/4/D,BQK,6.0,,DC,9E,4,D,BQK,,71.11,64,90,74.67,5.00%,0.004330175913396482,67.2,90,Cascaded,2027,67.2,90
D0,DC/9E/4/D,BTR,6.0,,DC,9E,4,D,BTR,,60.94,39,64,63.98,5.00%,0.002638700947225981,40.95,64,Cascaded,2027,40.95,64
D0,DC/9E/4/D,BTV,6.0,,DC,9E,4,D,BTV,,73.68,84,114,77.37,5.00%,0.005683355886332882,88.2,114,Cascaded,2027,88.2,114
D0,DC/9E/4/D,BUF,6.0,,DC,9E,4,D,BUF,,76.72,145,189,80.56,5.00%,0.009810554803788904,152.25,189,Cascaded,2027,152.25,189
D0,DC/9E/4/D,CAE,6.0,,DC,9E,4,D,CAE,,80.73,88,109,84.77,5.00%,0.005953991880920162,92.4,109,Cascaded,2027,92.4,109
D0,DC/9E/4/D,CHA,6.0,,DC,9E,4,D,CHA,,68.94,182,264,72.39,5.00%,0.012313937753721246,191.1,264,Cascaded,2027,191.1,264
D0,DC/9E/4/D,CHO,6.0,,DC,9E,4,D,CHO,,71.18,121,170,74.74,5.00%,0.008186738836265223,127.05,170,Cascaded,2027,127.05,170
D0,DC/9E/4/D,CHS,6.0,,DC,9E,4,D,CHS,,65.83,131,199,69.12,5.00%,0.008863328822733423,137.55,199,Cascaded,2027,137.55,199
D0,DC/9E/4/D,CLE,6.0,,DC,9E,4,D,CLE,,68.81,203,295,72.25,5.00%,0.013734776725304465,213.15,295,Cascaded,2027,213.15,295
D0,DC/9E/4/D,CLT,6.0,,DC,9E,4,D,CLT,,68.64,151,220,72.07,5.00%,0.010216508795669824,158.55,220,Cascaded,2027,158.55,220
D0,DC/9E/4/D,CMH,6.0,,DC,9E,4,D,CMH,,69.44,75,108,72.92,5.00%,0.005074424898511502,78.75,108,Cascaded,2027,78.75,108
D0,DC/9E/4/D,CRW,6.0,,DC,9E,4,D,CRW,,75.68,84,111,79.46,5.00%,0.005683355886332882,88.2,111,Cascaded,2027,88.2,111
D0,DC/9E/4/D,CSG,6.0,,DC,9E,4,D,CSG,,60.47,52,86,63.49,5.00%,0.0035182679296346412,54.6,86,Cascaded,2027,54.6,86
D0,DC/9E/4/D,CVG,6.0,,DC,9E,4,D,CVG,,72.89,519,712,76.54,5.00%,0.03511502029769959,544.95,712,Cascaded,2027,544.95,712
D0,DC/9E/4/D,CWA,6.0,,DC,9E,4,D,CWA,,74.58,44,59,78.31,5.00%,0.002976995940460081,46.2,59,Cascaded,2027,46.2,59
D0,DC/9E/4/D,DCA,6.0,,DC,9E,4,D,DCA,,60.26,141,234,63.27,5.00%,0.009539918809201624,148.05,234,Cascaded,2027,148.05,234
D0,DC/9E/4/D,DHN,6.0,,DC,9E,4,D,DHN,,74.42,64,86,78.14,5.00%,0.004330175913396482,67.2,86,Cascaded,2027,67.2,86
D0,DC/9E/4/D,DLH,6.0,,DC,9E,4,D,DLH,,72.73,8,11,76.36,5.00%,0.0005412719891745603,8.4,11,Cascaded,2027,8.4,11
D0,DC/9E/4/D,DSM,6.0,,DC,9E,4,D,DSM,,77.94,159,204,81.84,5.00%,0.010757780784844384,166.95,204,Cascaded,2027,166.95,204
D0,DC/9E/4/D,DTW,6.0,,DC,9E,4,D,DTW,,69.35,1068,1540,72.82,5.00%,0.0722598105548038,1121.4,1540,Cascaded,2027,1121.4,1540
D0,DC/9E/4/D,ECP,6.0,,DC,9E,4,D,ECP,,53.33,16,30,56.0,5.00%,0.0010825439783491205,16.8,30,Cascaded,2027,16.8,30
D0,DC/9E/4/D,EVV,6.0,,DC,9E,4,D,EVV,,80.0,80,100,84.0,5.00%,0.005412719891745603,84.0,100,Cascaded,2027,84.0,100
D0,DC/9E/4/D,EWR,6.0,,DC,9E,4,D,EWR,,74.84,119,159,78.58,5.00%,0.008051420838971583,124.95,159,Cascaded,2027,124.95,159
D0,DC/9E/4/D,FAR,6.0,,DC,9E,4,D,FAR,,53.33,8,15,56.0,5.00%,0.0005412719891745603,8.4,15,Cascaded,2027,8.4,15
D0,DC/9E/4/D,FAY,6.0,,DC,9E,4,D,FAY,,75.0,87,116,78.75,5.00%,0.005886332882273342,91.35,116,Cascaded,2027,91.35,116
D0,DC/9E/4/D,FWA,6.0,,DC,9E,4,D,FWA,,66.67,60,90,70.0,5.00%,0.0040595399188092015,63.0,90,Cascaded,2027,63.0,90
D0,DC/9E/4/D,GNV,6.0,,DC,9E,4,D,GNV,,75.0,9,12,78.75,5.00%,0.0006089309878213803,9.45,12,Cascaded,2027,9.45,12
D0,DC/9E/4/D,GRB,6.0,,DC,9E,4,D,GRB,,100.0,2,2,105.0,5.00%,0.00013531799729364006,2.1,2,Cascaded,2027,2.1,2
D0,DC/9E/4/D,GRR,6.0,,DC,9E,4,D,GRR,,69.72,76,109,73.21,5.00%,0.005142083897158322,79.8,109,Cascaded,2027,79.8,109
D0,DC/9E/4/D,GSO,6.0,,DC,9E,4,D,GSO,,70.54,79,112,74.06,5.00%,0.005345060893098782,82.95,112,Cascaded,2027,82.95,112
D0,DC/9E/4/D,GSP,6.0,,DC,9E,4,D,GSP,,71.72,104,145,75.31,5.00%,0.0070365358592692825,109.2,145,Cascaded,2027,109.2,145
D0,DC/9E/4/D,GTR,6.0,,DC,9E,4,D,GTR,,76.67,46,60,80.5,5.00%,0.0031123139377537213,48.3,60,Cascaded,2027,48.3,60
D0,DC/9E/4/D,HPN,6.0,,DC,9E,4,D,HPN,,64.07,107,167,67.28,5.00%,0.0072395128552097425,112.35,167,Cascaded,2027,112.35,167
D0,DC/9E/4/D,HSV,6.0,,DC,9E,4,D,HSV,,74.23,72,97,77.94,5.00%,0.004871447902571042,75.6,97,Cascaded,2027,75.6,97
D0,DC/9E/4/D,IAD,6.0,,DC,9E,4,D,IAD,,75.86,22,29,79.66,5.00%,0.0014884979702300405,23.1,29,Cascaded,2027,23.1,29
D0,DC/9E/4/D,ILM,6.0,,DC,9E,4,D,ILM,,79.17,76,96,83.12,5.00%,0.005142083897158322,79.8,96,Cascaded,2027,79.8,96
D0,DC/9E/4/D,IND,6.0,,DC,9E,4,D,IND,,73.68,168,228,77.37,5.00%,0.011366711772665765,176.4,228,Cascaded,2027,176.4,228
D0,DC/9E/4/D,ITH,6.0,,DC,9E,4,D,ITH,,75.86,44,58,79.66,5.00%,0.002976995940460081,46.2,58,Cascaded,2027,46.2,58
D0,DC/9E/4/D,JAN,6.0,,DC,9E,4,D,JAN,,73.53,50,68,77.21,5.00%,0.0033829499323410014,52.5,68,Cascaded,2027,52.5,68
D0,DC/9E/4/D,JAX,6.0,,DC,9E,4,D,JAX,,71.92,105,146,75.51,5.00%,0.007104194857916103,110.25,146,Cascaded,2027,110.25,146
D0,DC/9E/4/D,JFK,6.0,,DC,9E,4,D,JFK,,72.85,1454,1996,76.49,5.00%,0.09837618403247632,1526.7,1996,Cascaded,2027,1526.7,1996
D0,DC/9E/4/D,LEX,6.0,,DC,9E,4,D,LEX,,77.78,63,81,81.67,5.00%,0.0042625169147496615,66.15,81,Cascaded,2027,66.15,81
D0,DC/9E/4/D,LFT,6.0,,DC,9E,4,D,LFT,,79.31,92,116,83.28,5.00%,0.0062246278755074425,96.6,116,Cascaded,2027,96.6,116
D0,DC/9E/4/D,LGA,6.0,,DC,9E,4,D,LGA,,62.22,1578,2536,65.34,5.00%,0.106765899864682,1656.9,2536,Cascaded,2027,1656.9,2536
D0,DC/9E/4/D,LIT,6.0,,DC,9E,4,D,LIT,,80.0,20,25,84.0,5.00%,0.0013531799729364006,21.0,25,Cascaded,2027,21.0,25
D0,DC/9E/4/D,MBS,6.0,,DC,9E,4,D,MBS,,79.17,57,72,83.12,5.00%,0.0038565629228687415,59.85,72,Cascaded,2027,59.85,72
D0,DC/9E/4/D,MCI,6.0,,DC,9E,4,D,MCI,,71.3,77,108,74.86,5.00%,0.005209742895805142,80.85,108,Cascaded,2027,80.85,108
D0,DC/9E/4/D,MCO,6.0,,DC,9E,4,D,MCO,,44.44,4,9,46.67,5.00%,0.00027063599458728013,4.2,9,Cascaded,2027,4.2,9
D0,DC/9E/4/D,MDT,6.0,,DC,9E,4,D,MDT,,78.33,47,60,82.25,5.00%,0.0031799729364005414,49.35,60,Cascaded,2027,49.35,60
D0,DC/9E/4/D,MDW,6.0,,DC,9E,4,D,MDW,,60.0,54,90,63.0,5.00%,0.0036535859269282815,56.7,90,Cascaded,2027,56.7,90
D0,DC/9E/4/D,MEM,6.0,,DC,9E,4,D,MEM,,66.67,40,60,70.0,5.00%,0.0027063599458728013,42.0,60,Cascaded,2027,42.0,60
D0,DC/9E/4/D,MGM,6.0,,DC,9E,4,D,MGM,,67.12,98,146,70.48,5.00%,0.0066305818673883625,102.9,146,Cascaded,2027,102.9,146
D0,DC/9E/4/D,MKE,6.0,,DC,9E,4,D,MKE,,75.41,46,61,79.18,5.00%,0.0031123139377537213,48.3,61,Cascaded,2027,48.3,61
D0,DC/9E/4/D,MLI,6.0,,DC,9E,4,D,MLI,,76.27,45,59,80.08,5.00%,0.003044654939106901,47.25,59,Cascaded,2027,47.25,59
D0,DC/9E/4/D,MLU,6.0,,DC,9E,4,D,MLU,,70.93,61,86,74.48,5.00%,0.004127198917456022,64.05,86,Cascaded,2027,64.05,86
D0,DC/9E/4/D,MOB,6.0,,DC,9E,4,D,MOB,,67.86,38,56,71.25,5.00%,0.002571041948579161,39.9,56,Cascaded,2027,39.9,56
D0,DC/9E/4/D,MSN,6.0,,DC,9E,4,D,MSN,,75.0,66,88,78.75,5.00%,0.0044654939106901215,69.3,88,Cascaded,2027,69.3,88
D0,DC/9E/4/D,MSP,6.0,,DC,9E,4,D,MSP,,66.63,691,1037,69.97,5.00%,0.046752368064952636,725.55,1037,Cascaded,2027,725.55,1037
D0,DC/9E/4/D,MYR,6.0,,DC,9E,4,D,MYR,,66.67,8,12,70.0,5.00%,0.0005412719891745603,8.4,12,Cascaded,2027,8.4,12
D0,DC/9E/4/D,OKC,6.0,,DC,9E,4,D,OKC,,72.41,42,58,76.03,5.00%,0.002841677943166441,44.1,58,Cascaded,2027,44.1,58
D0,DC/9E/4/D,OMA,6.0,,DC,9E,4,D,OMA,,72.15,57,79,75.76,5.00%,0.0038565629228687415,59.85,79,Cascaded,2027,59.85,79
D0,DC/9E/4/D,ORD,6.0,,DC,9E,4,D,ORD,,54.33,69,127,57.05,5.00%,0.0046684709066305815,72.45,127,Cascaded,2027,72.45,127
D0,DC/9E/4/D,ORF,6.0,,DC,9E,4,D,ORF,,69.53,162,233,73.0,5.00%,0.010960757780784845,170.1,233,Cascaded,2027,170.1,233
D0,DC/9E/4/D,ORH,6.0,,DC,9E,4,D,ORH,,64.0,16,25,67.2,5.00%,0.0010825439783491205,16.8,25,Cascaded,2027,16.8,25
D0,DC/9E/4/D,PHL,6.0,,DC,9E,4,D,PHL,,40.0,4,10,42.0,5.00%,0.00027063599458728013,4.2,10,Cascaded,2027,4.2,10
D0,DC/9E/4/D,PIT,6.0,,DC,9E,4,D,PIT,,64.1,125,195,67.31,5.00%,0.008457374830852503,131.25,195,Cascaded,2027,131.25,195
D0,DC/9E/4/D,PNS,6.0,,DC,9E,4,D,PNS,,62.5,20,32,65.62,5.00%,0.0013531799729364006,21.0,32,Cascaded,2027,21.0,32
D0,DC/9E/4/D,PWM,6.0,,DC,9E,4,D,PWM,,77.42,48,62,81.29,5.00%,0.003247631935047361,50.4,62,Cascaded,2027,50.4,62
D0,DC/9E/4/D,RAP,6.0,,DC,9E,4,D,RAP,,80.77,21,26,84.81,5.00%,0.0014208389715832206,22.05,26,Cascaded,2027,22.05,26
D0,DC/9E/4/D,RDU,6.0,,DC,9E,4,D,RDU,,66.21,433,654,69.52,5.00%,0.029296346414073072,454.65,654,Cascaded,2027,454.65,654
D0,DC/9E/4/D,RIC,6.0,,DC,9E,4,D,RIC,,69.68,131,188,73.16,5.00%,0.008863328822733423,137.55,188,Cascaded,2027,137.55,188
D0,DC/9E/4/D,ROA,6.0,,DC,9E,4,D,ROA,,79.31,69,87,83.28,5.00%,0.0046684709066305815,72.45,87,Cascaded,2027,72.45,87
D0,DC/9E/4/D,ROC,6.0,,DC,9E,4,D,ROC,,70.77,184,260,74.31,5.00%,0.012449255751014885,193.2,260,Cascaded,2027,193.2,260
D0,DC/9E/4/D,RST,6.0,,DC,9E,4,D,RST,,69.74,53,76,73.22,5.00%,0.0035859269282814614,55.65,76,Cascaded,2027,55.65,76
D0,DC/9E/4/D,RSW,6.0,,DC,9E,4,D,RSW,,100.0,6,6,105.0,5.00%,0.00040595399188092014,6.3,6,Cascaded,2027,6.3,6
D0,DC/9E/4/D,SAV,6.0,,DC,9E,4,D,SAV,,56.2,68,121,59.01,5.00%,0.004600811907983762,71.4,121,Cascaded,2027,71.4,121
D0,DC/9E/4/D,SDF,6.0,,DC,9E,4,D,SDF,,76.47,13,17,80.29,5.00%,0.0008795669824086603,13.65,17,Cascaded,2027,13.65,17
D0,DC/9E/4/D,SGF,6.0,,DC,9E,4,D,SGF,,65.12,56,86,68.37,5.00%,0.0037889039242219214,58.8,86,Cascaded,2027,58.8,86
D0,DC/9E/4/D,SHV,6.0,,DC,9E,4,D,SHV,,68.75,11,16,72.19,5.00%,0.0007442489851150202,11.55,16,Cascaded,2027,11.55,16
D0,DC/9E/4/D,STL,6.0,,DC,9E,4,D,STL,,63.49,40,63,66.67,5.00%,0.0027063599458728013,42.0,63,Cascaded,2027,42.0,63
D0,DC/9E/4/D,SYR,6.0,,DC,9E,4,D,SYR,,83.61,153,183,87.79,5.00%,0.010351826792963464,160.65,183,Cascaded,2027,160.65,183
D0,DC/9E/4/D,TLH,6.0,,DC,9E,4,D,TLH,,83.33,5,6,87.5,5.00%,0.00033829499323410016,5.25,6,Cascaded,2027,5.25,6
D0,DC/9E/4/D,TRI,6.0,,DC,9E,4,D,TRI,,75.34,110,146,79.11,5.00%,0.007442489851150203,115.5,146,Cascaded,2027,115.5,146
D0,DC/9E/4/D,TUL,6.0,,DC,9E,4,D,TUL,,73.08,19,26,76.73,5.00%,0.0012855209742895805,19.95,26,Cascaded,2027,19.95,26
D0,DC/9E/4/D,TYS,6.0,,DC,9E,4,D,TYS,,77.22,244,316,81.08,5.00%,0.01650879566982409,256.2,316,Cascaded,2027,256.2,316
D0,DC/9E/4/D,VLD,6.0,,DC,9E,4,D,VLD,,80.23,69,86,84.24,5.00%,0.0046684709066305815,72.45,86,Cascaded,2027,72.45,86
D0,DC/9E/4/D,VPS,6.0,,DC,9E,4,D,VPS,,25.0,2,8,26.25,5.00%,0.00013531799729364006,2.1,8,Cascaded,2027,2.1,8
D0,DC/9E/4/D,XNA,6.0,,DC,9E,4,D,XNA,,65.98,159,241,69.27,5.00%,0.010757780784844384,166.95,241,Cascaded,2027,166.95,241
D0,DC/9E/4/I,ATL,6.0,,DC,9E,4,I,ATL,,80.77,63,78,84.81,5.00%,0.06338028169014084,66.15,78,Cascaded,2027,66.15,78
D0,DC/9E/4/I,DTW,6.0,,DC,9E,4,I,DTW,,67.44,145,215,70.81,5.00%,0.14587525150905434,152.25,215,Cascaded,2027,152.25,215
D0,DC/9E/4/I,ELH,6.0,,DC,9E,4,I,ELH,,50.0,13,26,52.5,5.00%,0.013078470824949699,13.65,26,Cascaded,2027,13.65,26
D0,DC/9E/4/I,GGT,6.0,,DC,9E,4,I,GGT,,72.0,18,25,75.6,5.00%,0.018108651911468814,18.9,25,Cascaded,2027,18.900000000000002,25
D0,DC/9E/4/I,JFK,6.0,,DC,9E,4,I,JFK,,63.64,56,88,66.82,5.00%,0.056338028169014086,58.8,88,Cascaded,2027,58.800000000000004,88
D0,DC/9E/4/I,LGA,6.0,,DC,9E,4,I,LGA,,66.02,169,256,69.32,5.00%,0.17002012072434608,177.45,256,Cascaded,2027,177.45000000000002,256
D0,DC/9E/4/I,MHH,6.0,,DC,9E,4,I,MHH,,73.08,19,26,76.73,5.00%,0.019114688128772636,19.95,26,Cascaded,2027,19.95,26
D0,DC/9E/4/I,MSP,6.0,,DC,9E,4,I,MSP,,63.27,31,49,66.43,5.00%,0.03118712273641851,32.55,49,Cascaded,2027,32.550000000000004,49
D0,DC/9E/4/I,YUL,6.0,,DC,9E,4,I,YUL,,83.85,161,192,88.05,5.00%,0.1619718309859155,169.05,192,Cascaded,2027,169.05,192
D0,DC/9E/4/I,YYZ,6.0,,DC,9E,4,I,YYZ,,76.87,319,415,80.71,5.00%,0.3209255533199195,334.95,415,Cascaded,2027,334.95,415
D0,DC/9E/5/D,ABE,6.0,,DC,9E,5,D,ABE,,71.11,64,90,74.67,5.00%,0.004437664678962696,67.2,90,Cascaded,2027,67.2,90
D0,DC/9E/5/D,ABY,6.0,,DC,9E,5,D,ABY,,73.33,66,90,77.0,5.00%,0.00457634170018028,69.3,90,Cascaded,2027,69.3,90
D0,DC/9E/5/D,AEX,6.0,,DC,9E,5,D,AEX,,65.91,58,88,69.2,5.00%,0.004021633615309943,60.9,88,Cascaded,2027,60.9,88
D0,DC/9E/5/D,AGS,6.0,,DC,9E,5,D,AGS,,69.06,154,223,72.51,5.00%,0.010678130633753988,161.7,223,Cascaded,2027,161.70000000000002,223
D0,DC/9E/5/D,ALB,6.0,,DC,9E,5,D,ALB,,81.67,49,60,85.75,5.00%,0.003397587019830814,51.45,60,Cascaded,2027,51.45,60
D0,DC/9E/5/D,ATL,6.0,,DC,9E,5,D,ATL,,64.28,1994,3102,67.5,5.00%,0.1382609901539315,2093.7,3102,Cascaded,2027,2093.7000000000003,3102
D0,DC/9E/5/D,AUS,6.0,,DC,9E,5,D,AUS,,65.17,58,89,68.43,5.00%,0.004021633615309943,60.9,89,Cascaded,2027,60.9,89
D0,DC/9E/5/D,AVL,6.0,,DC,9E,5,D,AVL,,67.32,103,153,70.69,5.00%,0.007141866592705589,108.15,153,Cascaded,2027,108.15,153
D0,DC/9E/5/D,AZO,6.0,,DC,9E,5,D,AZO,,100.0,5,5,105.0,5.00%,0.0003466925530439606,5.25,5,Cascaded,2027,5.25,5
D0,DC/9E/5/D,BGR,6.0,,DC,9E,5,D,BGR,,76.11,86,113,79.91,5.00%,0.005963111912356122,90.3,113,Cascaded,2027,90.3,113
D0,DC/9E/5/D,BHM,6.0,,DC,9E,5,D,BHM,,64.8,81,125,68.04,5.00%,0.005616419359312162,85.05,125,Cascaded,2027,85.05,125
D0,DC/9E/5/D,BIS,6.0,,DC,9E,5,D,BIS,,61.04,47,77,64.09,5.00%,0.00325890999861323,49.35,77,Cascaded,2027,49.35,77
D0,DC/9E/5/D,BMI,6.0,,DC,9E,5,D,BMI,,71.11,64,90,74.67,5.00%,0.004437664678962696,67.2,90,Cascaded,2027,67.2,90
D0,DC/9E/5/D,BNA,6.0,,DC,9E,5,D,BNA,,66.29,177,267,69.61,5.00%,0.012272916377756207,185.85,267,Cascaded,2027,185.85,267
D0,DC/9E/5/D,BQK,6.0,,DC,9E,5,D,BQK,,71.11,64,90,74.67,5.00%,0.004437664678962696,67.2,90,Cascaded,2027,67.2,90
D0,DC/9E/5/D,BTR,6.0,,DC,9E,5,D,BTR,,43.04,34,79,45.19,5.00%,0.0023575093606989323,35.7,79,Cascaded,2027,35.7,79
D0,DC/9E/5/D,BTV,6.0,,DC,9E,5,D,BTV,,82.69,129,156,86.83,5.00%,0.008944667868534184,135.45,156,Cascaded,2027,135.45,156
D0,DC/9E/5/D,BUF,6.0,,DC,9E,5,D,BUF,,71.76,155,216,75.35,5.00%,0.01074746914436278,162.75,216,Cascaded,2027,162.75,216
D0,DC/9E/5/D,CAE,6.0,,DC,9E,5,D,CAE,,71.43,60,84,75.0,5.00%,0.004160310636527527,63.0,84,Cascaded,2027,63.0,84
D0,DC/9E/5/D,CHA,6.0,,DC,9E,5,D,CHA,,72.36,178,246,75.98,5.00%,0.012342254888364998,186.9,246,Cascaded,2027,186.9,246
D0,DC/9E/5/D,CHO,6.0,,DC,9E,5,D,CHO,,81.33,135,166,85.39,5.00%,0.009360698932186936,141.75,166,Cascaded,2027,141.75,166
D0,DC/9E/5/D,CHS,6.0,,DC,9E,5,D,CHS,,73.09,163,223,76.75,5.00%,0.011302177229233117,171.15,223,Cascaded,2027,171.15,223
D0,DC/9E/5/D,CID,6.0,,DC,9E,5,D,CID,,58.33,42,72,61.25,5.00%,0.0029122174455692693,44.1,72,Cascaded,2027,44.1,72
D0,DC/9E/5/D,CLE,6.0,,DC,9E,5,D,CLE,,68.75,165,240,72.19,5.00%,0.0114408542504507,173.25,240,Cascaded,2027,173.25,240
D0,DC/9E/5/D,CLT,6.0,,DC,9E,5,D,CLT,,68.6,118,172,72.03,5.00%,0.008181944251837471,123.9,172,Cascaded,2027,123.9,172
D0,DC/9E/5/D,CMH,6.0,,DC,9E,5,D,CMH,,72.0,36,50,75.6,5.00%,0.0024961863819165163,37.8,50,Cascaded,2027,37.8,50
D0,DC/9E/5/D,CRW,6.0,,DC,9E,5,D,CRW,,71.05,81,114,74.61,5.00%,0.005616419359312162,85.05,114,Cascaded,2027,85.05,114
D0,DC/9E/5/D,CSG,6.0,,DC,9E,5,D,CSG,,64.77,57,88,68.01,5.00%,0.003952295104701151,59.85,88,Cascaded,2027,59.85,88
D0,DC/9E/5/D,CVG,6.0,,DC,9E,5,D,CVG,,69.72,465,667,73.2,5.00%,0.03224240743308834,488.25,667,Cascaded,2027,488.25,667
D0,DC/9E/5/D,CWA,6.0,,DC,9E,5,D,CWA,,83.33,50,60,87.5,5.00%,0.0034669255304396063,52.5,60,Cascaded,2027,52.5,60
D0,DC/9E/5/D,DCA,6.0,,DC,9E,5,D,DCA,,55.87,100,179,58.66,5.00%,0.006933851060879213,105.0,179,Cascaded,2027,105.0,179
D0,DC/9E/5/D,DHN,6.0,,DC,9E,5,D,DHN,,68.97,60,87,72.41,5.00%,0.004160310636527527,63.0,87,Cascaded,2027,63.0,87
D0,DC/9E/5/D,DLH,6.0,,DC,9E,5,D,DLH,,100.0,2,2,105.0,5.00%,0.00013867702121758425,2.1,2,Cascaded,2027,2.1,2
D0,DC/9E/5/D,DSM,6.0,,DC,9E,5,D,DSM,,77.63,177,228,81.51,5.00%,0.012272916377756207,185.85,228,Cascaded,2027,185.85,228
D0,DC/9E/5/D,DTW,6.0,,DC,9E,5,D,DTW,,67.64,1208,1786,71.02,5.00%,0.08376092081542089,1268.4,1786,Cascaded,2027,1268.4,1786
D0,DC/9E/5/D,ECP,6.0,,DC,9E,5,D,ECP,,60.87,14,23,63.91,5.00%,0.0009707391485230897,14.7,23,Cascaded,2027,14.700000000000001,23
D0,DC/9E/5/D,EVV,6.0,,DC,9E,5,D,EVV,,71.93,82,114,75.53,5.00%,0.005685757869920954,86.1,114,Cascaded,2027,86.10000000000001,114
D0,DC/9E/5/D,EWR,6.0,,DC,9E,5,D,EWR,,79.26,107,135,83.22,5.00%,0.0074192206351407575,112.35,135,Cascaded,2027,112.35000000000001,135
D0,DC/9E/5/D,FAR,6.0,,DC,9E,5,D,FAR,,57.89,11,19,60.79,5.00%,0.0007627236166967133,11.55,19,Cascaded,2027,11.55,19
D0,DC/9E/5/D,FAY,6.0,,DC,9E,5,D,FAY,,81.25,78,96,85.31,5.00%,0.005408403827485786,81.9,96,Cascaded,2027,81.9,96
D0,DC/9E/5/D,FWA,6.0,,DC,9E,5,D,FWA,,58.43,52,89,61.35,5.00%,0.0036056025516571903,54.6,89,Cascaded,2027,54.6,89
D0,DC/9E/5/D,GRB,6.0,,DC,9E,5,D,GRB,,100.0,1,1,105.0,5.00%,6.933851060879212e-05,1.05,1,Cascaded,2027,1.05,1
D0,DC/9E/5/D,GRR,6.0,,DC,9E,5,D,GRR,,83.61,51,61,87.79,5.00%,0.003536264041048398,53.55,61,Cascaded,2027,53.550000000000004,61
D0,DC/9E/5/D,GSO,6.0,,DC,9E,5,D,GSO,,69.14,112,162,72.59,5.00%,0.007765913188184718,117.6,162,Cascaded,2027,117.60000000000001,162
D0,DC/9E/5/D,GSP,6.0,,DC,9E,5,D,GSP,,67.88,93,137,71.28,5.00%,0.006448481486617668,97.65,137,Cascaded,2027,97.65,137
D0,DC/9E/5/D,GTR,6.0,,DC,9E,5,D,GTR,,73.33,44,60,77.0,5.00%,0.0030508944667868533,46.2,60,Cascaded,2027,46.2,60
D0,DC/9E/5/D,HPN,6.0,,DC,9E,5,D,HPN,,51.77,73,141,54.36,5.00%,0.005061711274441825,76.65,141,Cascaded,2027,76.65,141
D0,DC/9E/5/D,HSV,6.0,,DC,9E,5,D,HSV,,68.66,92,134,72.09,5.00%,0.006379142976008875,96.6,134,Cascaded,2027,96.60000000000001,134
D0,DC/9E/5/D,IAD,6.0,,DC,9E,5,D,IAD,,82.76,24,29,86.9,5.00%,0.001664124254611011,25.2,29,Cascaded,2027,25.2,29
D0,DC/9E/5/D,ILM,6.0,,DC,9E,5,D,ILM,,64.1,50,78,67.31,5.00%,0.0034669255304396063,52.5,78,Cascaded,2027,52.5,78
D0,DC/9E/5/D,IND,6.0,,DC,9E,5,D,IND,,72.08,173,240,75.69,5.00%,0.011995562335321038,181.65,240,Cascaded,2027,181.65,240
D0,DC/9E/5/D,ITH,6.0,,DC,9E,5,D,ITH,,84.21,48,57,88.42,5.00%,0.003328248509222022,50.4,57,Cascaded,2027,50.4,57
D0,DC/9E/5/D,JAN,6.0,,DC,9E,5,D,JAN,,65.45,36,55,68.73,5.00%,0.0024961863819165163,37.8,55,Cascaded,2027,37.8,55
D0,DC/9E/5/D,JAX,6.0,,DC,9E,5,D,JAX,,67.54,77,114,70.92,5.00%,0.005339065316876994,80.85,114,Cascaded,2027,80.85000000000001,114
D0,DC/9E/5/D,JFK,6.0,,DC,9E,5,D,JFK,,74.25,1335,1798,77.96,5.00%,0.09256691166273748,1401.75,1798,Cascaded,2027,1401.75,1798
D0,DC/9E/5/D,LAN,6.0,,DC,9E,5,D,LAN,,72.34,34,47,75.96,5.00%,0.0023575093606989323,35.7,47,Cascaded,2027,35.7,47
D0,DC/9E/5/D,LEX,6.0,,DC,9E,5,D,LEX,,74.14,43,58,77.84,5.00%,0.002981555956178061,45.15,58,Cascaded,2027,45.15,58
D0,DC/9E/5/D,LFT,6.0,,DC,9E,5,D,LFT,,70.18,80,114,73.68,5.00%,0.00554708084870337,84.0,114,Cascaded,2027,84.0,114
D0,DC/9E/5/D,LGA,6.0,,DC,9E,5,D,LGA,,64.78,1633,2521,68.01,5.00%,0.11322978782415753,1714.65,2521,Cascaded,2027,1714.65,2521
D0,DC/9E/5/D,LIT,6.0,,DC,9E,5,D,LIT,,68.75,22,32,72.19,5.00%,0.0015254472333934266,23.1,32,Cascaded,2027,23.1,32
D0,DC/9E/5/D,MBS,6.0,,DC,9E,5,D,MBS,,85.42,41,48,89.69,5.00%,0.002842878934960477,43.05,48,Cascaded,2027,43.050000000000004,48
D0,DC/9E/5/D,MCI,6.0,,DC,9E,5,D,MCI,,63.37,64,101,66.53,5.00%,0.004437664678962696,67.2,101,Cascaded,2027,67.2,101
D0,DC/9E/5/D,MCO,6.0,,DC,9E,5,D,MCO,,40.0,2,5,42.0,5.00%,0.00013867702121758425,2.1,5,Cascaded,2027,2.1,5
D0,DC/9E/5/D,MDT,6.0,,DC,9E,5,D,MDT,,72.22,13,18,75.83,5.00%,0.0009014006379142976,13.65,18,Cascaded,2027,13.65,18
D0,DC/9E/5/D,MDW,6.0,,DC,9E,5,D,MDW,,64.2,104,162,67.41,5.00%,0.0072112051033143805,109.2,162,Cascaded,2027,109.2,162
D0,DC/9E/5/D,MEM,6.0,,DC,9E,5,D,MEM,,51.61,16,31,54.19,5.00%,0.001109416169740674,16.8,31,Cascaded,2027,16.8,31
D0,DC/9E/5/D,MGM,6.0,,DC,9E,5,D,MGM,,63.38,90,142,66.55,5.00%,0.006240465954791291,94.5,142,Cascaded,2027,94.5,142
D0,DC/9E/5/D,MKE,6.0,,DC,9E,5,D,MKE,,79.73,59,74,83.72,5.00%,0.0040909721259187355,61.95,74,Cascaded,2027,61.95,74
D0,DC/9E/5/D,MLI,6.0,,DC,9E,5,D,MLI,,60.0,42,70,63.0,5.00%,0.0029122174455692693,44.1,70,Cascaded,2027,44.1,70
D0,DC/9E/5/D,MLU,6.0,,DC,9E,5,D,MLU,,68.18,60,88,71.59,5.00%,0.004160310636527527,63.0,88,Cascaded,2027,63.0,88
D0,DC/9E/5/D,MOB,6.0,,DC,9E,5,D,MOB,,66.67,62,93,70.0,5.00%,0.004298987657745112,65.1,93,Cascaded,2027,65.1,93
D0,DC/9E/5/D,MSN,6.0,,DC,9E,5,D,MSN,,80.0,80,100,84.0,5.00%,0.00554708084870337,84.0,100,Cascaded,2027,84.0,100
D0,DC/9E/5/D,MSP,6.0,,DC,9E,5,D,MSP,,66.52,600,902,69.84,5.00%,0.041603106365275276,630.0,902,Cascaded,2027,630.0,902
D0,DC/9E/5/D,OKC,6.0,,DC,9E,5,D,OKC,,83.33,45,54,87.5,5.00%,0.0031202329773956454,47.25,54,Cascaded,2027,47.25,54
D0,DC/9E/5/D,OMA,6.0,,DC,9E,5,D,OMA,,68.49,50,73,71.92,5.00%,0.0034669255304396063,52.5,73,Cascaded,2027,52.5,73
D0,DC/9E/5/D,ORD,6.0,,DC,9E,5,D,ORD,,62.22,56,90,65.33,5.00%,0.003882956594092359,58.8,90,Cascaded,2027,58.800000000000004,90
D0,DC/9E/5/D,ORF,6.0,,DC,9E,5,D,ORF,,65.22,150,230,68.48,5.00%,0.010400776591318819,157.5,230,Cascaded,2027,157.5,230
D0,DC/9E/5/D,ORH,6.0,,DC,9E,5,D,ORH,,60.0,15,25,63.0,5.00%,0.0010400776591318818,15.75,25,Cascaded,2027,15.75,25
D0,DC/9E/5/D,PIT,6.0,,DC,9E,5,D,PIT,,66.15,86,130,69.46,5.00%,0.005963111912356122,90.3,130,Cascaded,2027,90.3,130
D0,DC/9E/5/D,PNS,6.0,,DC,9E,5,D,PNS,,48.28,14,29,50.69,5.00%,0.0009707391485230897,14.7,29,Cascaded,2027,14.700000000000001,29
D0,DC/9E/5/D,PVD,6.0,,DC,9E,5,D,PVD,,63.08,41,65,66.23,5.00%,0.002842878934960477,43.05,65,Cascaded,2027,43.050000000000004,65
D0,DC/9E/5/D,PWM,6.0,,DC,9E,5,D,PWM,,73.27,74,101,76.93,5.00%,0.005131049785050617,77.7,101,Cascaded,2027,77.7,101
D0,DC/9E/5/D,RDU,6.0,,DC,9E,5,D,RDU,,64.15,408,636,67.36,5.00%,0.028290112328387185,428.4,636,Cascaded,2027,428.40000000000003,636
D0,DC/9E/5/D,RIC,6.0,,DC,9E,5,D,RIC,,74.15,175,236,77.86,5.00%,0.012134239356538621,183.75,236,Cascaded,2027,183.75,236
D0,DC/9E/5/D,ROA,6.0,,DC,9E,5,D,ROA,,68.27,71,104,71.68,5.00%,0.004923034253224241,74.55,104,Cascaded,2027,74.55,104
D0,DC/9E/5/D,ROC,6.0,,DC,9E,5,D,ROC,,74.09,203,274,77.79,5.00%,0.0140757176535848,213.15,274,Cascaded,2027,213.15,274
D0,DC/9E/5/D,RST,6.0,,DC,9E,5,D,RST,,76.47,13,17,80.29,5.00%,0.0009014006379142976,13.65,17,Cascaded,2027,13.65,17
D0,DC/9E/5/D,RSW,6.0,,DC,9E,5,D,RSW,,60.0,3,5,63.0,5.00%,0.00020801553182637637,3.15,5,Cascaded,2027,3.15,5
D0,DC/9E/5/D,SAV,6.0,,DC,9E,5,D,SAV,,64.65,64,99,67.88,5.00%,0.004437664678962696,67.2,99,Cascaded,2027,67.2,99
D0,DC/9E/5/D,SDF,6.0,,DC,9E,5,D,SDF,,57.14,4,7,60.0,5.00%,0.0002773540424351685,4.2,7,Cascaded,2027,4.2,7
D0,DC/9E/5/D,SGF,6.0,,DC,9E,5,D,SGF,,59.38,38,64,62.34,5.00%,0.0026348634031341006,39.9,64,Cascaded,2027,39.9,64
D0,DC/9E/5/D,SHV,6.0,,DC,9E,5,D,SHV,,65.52,19,29,68.79,5.00%,0.0013174317015670503,19.95,29,Cascaded,2027,19.95,29
D0,DC/9E/5/D,STL,6.0,,DC,9E,5,D,STL,,69.67,85,122,73.16,5.00%,0.0058937734017473304,89.25,122,Cascaded,2027,89.25,122
D0,DC/9E/5/D,SYR,6.0,,DC,9E,5,D,SYR,,73.99,165,223,77.69,5.00%,0.0114408542504507,173.25,223,Cascaded,2027,173.25,223
D0,DC/9E/5/D,TLH,6.0,,DC,9E,5,D,TLH,,50.0,1,2,52.5,5.00%,6.933851060879212e-05,1.05,2,Cascaded,2027,1.05,2
D0,DC/9E/5/D,TRI,6.0,,DC,9E,5,D,TRI,,74.38,90,121,78.1,5.00%,0.006240465954791291,94.5,121,Cascaded,2027,94.5,121
D0,DC/9E/5/D,TUL,6.0,,DC,9E,5,D,TUL,,67.86,19,28,71.25,5.00%,0.0013174317015670503,19.95,28,Cascaded,2027,19.95,28
D0,DC/9E/5/D,TVC,6.0,,DC,9E,5,D,TVC,,60.0,30,50,63.0,5.00%,0.0020801553182637636,31.5,50,Cascaded,2027,31.5,50
D0,DC/9E/5/D,TYS,6.0,,DC,9E,5,D,TYS,,69.23,207,299,72.69,5.00%,0.01435307169601997,217.35,299,Cascaded,2027,217.35,299
D0,DC/9E/5/D,VLD,6.0,,DC,9E,5,D,VLD,,75.28,67,89,79.04,5.00%,0.004645680210789072,70.35,89,Cascaded,2027,70.35,89
D0,DC/9E/5/D,VPS,6.0,,DC,9E,5,D,VPS,,33.33,3,9,35.0,5.00%,0.00020801553182637637,3.15,9,Cascaded,2027,3.15,9
D0,DC/9E/5/D,XNA,6.0,,DC,9E,5,D,XNA,,61.11,143,234,64.17,5.00%,0.009915407017057273,150.15,234,Cascaded,2027,150.15,234
D0,DC/9E/5/I,ATL,6.0,,DC,9E,5,I,ATL,,61.29,19,31,64.35,5.00%,0.0203862660944206,19.95,31,Cascaded,2027,19.95,31
D0,DC/9E/5/I,DTW,6.0,,DC,9E,5,I,DTW,,66.26,163,246,69.57,5.00%,0.17489270386266095,171.15,246,Cascaded,2027,171.15,246
D0,DC/9E/5/I,ELH,6.0,,DC,9E,5,I,ELH,,80.0,4,5,84.0,5.00%,0.004291845493562232,4.2,5,Cascaded,2027,4.2,5
D0,DC/9E/5/I,GGT,6.0,,DC,9E,5,I,GGT,,77.27,17,22,81.14,5.00%,0.018240343347639486,17.85,22,Cascaded,2027,17.85,22
D0,DC/9E/5/I,JFK,6.0,,DC,9E,5,I,JFK,,62.92,56,89,66.07,5.00%,0.060085836909871244,58.8,89,Cascaded,2027,58.800000000000004,89
D0,DC/9E/5/I,LGA,6.0,,DC,9E,5,I,LGA,,65.32,162,248,68.59,5.00%,0.17381974248927037,170.1,248,Cascaded,2027,170.1,248
D0,DC/9E/5/I,MHH,6.0,,DC,9E,5,I,MHH,,50.0,2,4,52.5,5.00%,0.002145922746781116,2.1,4,Cascaded,2027,2.1,4
D0,DC/9E/5/I,MSP,6.0,,DC,9E,5,I,MSP,,68.57,24,35,72.0,5.00%,0.02575107296137339,25.2,35,Cascaded,2027,25.2,35
D0,DC/9E/5/I,YUL,6.0,,DC,9E,5,I,YUL,,78.95,150,190,82.89,5.00%,0.1609442060085837,157.5,190,Cascaded,2027,157.5,190
D0,DC/9E/5/I,YYZ,6.0,,DC,9E,5,I,YYZ,,78.09,335,429,81.99,5.00%,0.3594420600858369,351.75,429,Cascaded,2027,351.75,429
D0,DC/9E/6/D,ABE,6.0,,DC,9E,6,D,ABE,,63.95,55,86,67.15,5.00%,0.004727929167024843,57.75,86,Cascaded,2027,57.75,86
D0,DC/9E/6/D,ABY,6.0,,DC,9E,6,D,ABY,,80.0,4,5,84.0,5.00%,0.00034384939396544313,4.2,5,Cascaded,2027,4.2,5
D0,DC/9E/6/D,AEX,6.0,,DC,9E,6,D,AEX,,68.66,46,67,72.09,5.00%,0.003954268030602596,48.3,67,Cascaded,2027,48.3,67
D0,DC/9E/6/D,AGS,6.0,,DC,9E,6,D,AGS,,63.95,94,147,67.14,5.00%,0.008080460758187913,98.7,147,Cascaded,2027,98.7,147
D0,DC/9E/6/D,ALB,6.0,,DC,9E,6,D,ALB,,67.86,57,84,71.25,5.00%,0.004899853864007564,59.85,84,Cascaded,2027,59.849999999999994,84
D0,DC/9E/6/D,ATL,6.0,,DC,9E,6,D,ATL,,56.06,1456,2597,58.87,5.00%,0.1251611794034213,1528.8,2597,Cascaded,2027,1528.8,2597
D0,DC/9E/6/D,AUS,6.0,,DC,9E,6,D,AUS,,44.19,38,86,46.4,5.00%,0.00326656924267171,39.9,86,Cascaded,2027,39.9,86
D0,DC/9E/6/D,AVL,6.0,,DC,9E,6,D,AVL,,45.07,32,71,47.32,5.00%,0.002750795151723545,33.6,71,Cascaded,2027,33.6,71
D0,DC/9E/6/D,BGR,6.0,,DC,9E,6,D,BGR,,70.97,66,93,74.52,5.00%,0.005673515000429812,69.3,93,Cascaded,2027,69.3,93
D0,DC/9E/6/D,BHM,6.0,,DC,9E,6,D,BHM,,60.16,77,128,63.16,5.00%,0.00661910083383478,80.85,128,Cascaded,2027,80.85,128
D0,DC/9E/6/D,BIS,6.0,,DC,9E,6,D,BIS,,79.49,31,39,83.46,5.00%,0.002664832803232184,32.55,39,Cascaded,2027,32.55,39
D0,DC/9E/6/D,BMI,6.0,,DC,9E,6,D,BMI,,56.36,31,55,59.18,5.00%,0.002664832803232184,32.55,55,Cascaded,2027,32.55,55
D0,DC/9E/6/D,BNA,6.0,,DC,9E,6,D,BNA,,56.96,131,230,59.8,5.00%,0.011261067652368263,137.55,230,Cascaded,2027,137.54999999999998,230
D0,DC/9E/6/D,BQK,6.0,,DC,9E,6,D,BQK,,57.65,49,85,60.53,5.00%,0.004212155076076678,51.45,85,Cascaded,2027,51.449999999999996,85
D0,DC/9E/6/D,BTR,6.0,,DC,9E,6,D,BTR,,46.27,31,67,48.58,5.00%,0.002664832803232184,32.55,67,Cascaded,2027,32.55,67
D0,DC/9E/6/D,BTV,6.0,,DC,9E,6,D,BTV,,70.69,123,174,74.22,5.00%,0.010573368864437377,129.15,174,Cascaded,2027,129.15,174
D0,DC/9E/6/D,BUF,6.0,,DC,9E,6,D,BUF,,57.34,125,218,60.21,5.00%,0.010745293561420097,131.25,218,Cascaded,2027,131.25,218
D0,DC/9E/6/D,CAE,6.0,,DC,9E,6,D,CAE,,58.14,50,86,61.05,5.00%,0.004298117424568039,52.5,86,Cascaded,2027,52.5,86
D0,DC/9E/6/D,CHA,6.0,,DC,9E,6,D,CHA,,65.1,125,192,68.36,5.00%,0.010745293561420097,131.25,192,Cascaded,2027,131.25,192
D0,DC/9E/6/D,CHO,6.0,,DC,9E,6,D,CHO,,60.38,96,159,63.4,5.00%,0.008252385455170635,100.8,159,Cascaded,2027,100.8,159
D0,DC/9E/6/D,CHS,6.0,,DC,9E,6,D,CHS,,60.9,81,133,63.95,5.00%,0.006962950227800224,85.05,133,Cascaded,2027,85.05,133
D0,DC/9E/6/D,CID,6.0,,DC,9E,6,D,CID,,53.75,43,80,56.44,5.00%,0.003696380985128514,45.15,80,Cascaded,2027,45.15,80
D0,DC/9E/6/D,CLE,6.0,,DC,9E,6,D,CLE,,57.56,179,311,60.43,5.00%,0.01538726037995358,187.95,311,Cascaded,2027,187.95,311
D0,DC/9E/6/D,CLT,6.0,,DC,9E,6,D,CLT,,53.2,108,203,55.86,5.00%,0.009283933637066965,113.4,203,Cascaded,2027,113.39999999999999,203
D0,DC/9E/6/D,CMH,6.0,,DC,9E,6,D,CMH,,53.85,35,65,56.54,5.00%,0.0030086821971976275,36.75,65,Cascaded,2027,36.75,65
D0,DC/9E/6/D,CRW,6.0,,DC,9E,6,D,CRW,,53.85,49,91,56.54,5.00%,0.004212155076076678,51.45,91,Cascaded,2027,51.449999999999996,91
D0,DC/9E/6/D,CSG,6.0,,DC,9E,6,D,CSG,,59.26,48,81,62.22,5.00%,0.004126192727585317,50.4,81,Cascaded,2027,50.4,81
D0,DC/9E/6/D,CVG,6.0,,DC,9E,6,D,CVG,,60.48,326,539,63.51,5.00%,0.028023725608183614,342.3,539,Cascaded,2027,342.3,539
D0,DC/9E/6/D,CWA,6.0,,DC,9E,6,D,CWA,,79.66,47,59,83.64,5.00%,0.0040402303790939564,49.35,59,Cascaded,2027,49.35,59
D0,DC/9E/6/D,DAY,6.0,,DC,9E,6,D,DAY,,60.87,14,23,63.91,5.00%,0.001203472878879051,14.7,23,Cascaded,2027,14.7,23
D0,DC/9E/6/D,DCA,6.0,,DC,9E,6,D,DCA,,52.53,83,158,55.16,5.00%,0.007134874924782945,87.15,158,Cascaded,2027,87.14999999999999,158
D0,DC/9E/6/D,DHN,6.0,,DC,9E,6,D,DHN,,69.35,43,62,72.82,5.00%,0.003696380985128514,45.15,62,Cascaded,2027,45.15,62
D0,DC/9E/6/D,DLH,6.0,,DC,9E,6,D,DLH,,69.23,18,26,72.69,5.00%,0.001547322272844494,18.9,26,Cascaded,2027,18.9,26
D0,DC/9E/6/D,DSM,6.0,,DC,9E,6,D,DSM,,65.45,161,246,68.72,5.00%,0.013839938107109087,169.05,246,Cascaded,2027,169.04999999999998,246
D0,DC/9E/6/D,DTW,6.0,,DC,9E,6,D,DTW,,58.07,1007,1734,60.98,5.00%,0.08656408493080031,1057.35,1734,Cascaded,2027,1057.35,1734
D0,DC/9E/6/D,ECP,6.0,,DC,9E,6,D,ECP,,33.33,1,3,35.0,5.00%,8.596234849136078e-05,1.05,3,Cascaded,2027,1.05,3
D0,DC/9E/6/D,EVV,6.0,,DC,9E,6,D,EVV,,72.48,79,109,76.1,5.00%,0.006791025530817502,82.95,109,Cascaded,2027,82.95,109
D0,DC/9E/6/D,EWR,6.0,,DC,9E,6,D,EWR,,58.02,47,81,60.93,5.00%,0.0040402303790939564,49.35,81,Cascaded,2027,49.35,81
D0,DC/9E/6/D,FAR,6.0,,DC,9E,6,D,FAR,,80.65,25,31,84.68,5.00%,0.0021490587122840197,26.25,31,Cascaded,2027,26.25,31
D0,DC/9E/6/D,FAY,6.0,,DC,9E,6,D,FAY,,62.2,51,82,65.3,5.00%,0.0043840797730594,53.55,82,Cascaded,2027,53.55,82
D0,DC/9E/6/D,FSD,6.0,,DC,9E,6,D,FSD,,60.0,15,25,63.0,5.00%,0.0012894352273704118,15.75,25,Cascaded,2027,15.75,25
D0,DC/9E/6/D,GFK,6.0,,DC,9E,6,D,GFK,,72.0,18,25,75.6,5.00%,0.001547322272844494,18.9,25,Cascaded,2027,18.9,25
D0,DC/9E/6/D,GRB,6.0,,DC,9E,6,D,GRB,,70.59,36,51,74.12,5.00%,0.003094644545688988,37.8,51,Cascaded,2027,37.8,51
D0,DC/9E/6/D,GRR,6.0,,DC,9E,6,D,GRR,,66.07,74,112,69.38,5.00%,0.006361213788360698,77.7,112,Cascaded,2027,77.7,112
D0,DC/9E/6/D,GSO,6.0,,DC,9E,6,D,GSO,,56.14,64,114,58.95,5.00%,0.00550159030344709,67.2,114,Cascaded,2027,67.2,114
D0,DC/9E/6/D,GSP,6.0,,DC,9E,6,D,GSP,,62.26,66,106,65.38,5.00%,0.005673515000429812,69.3,106,Cascaded,2027,69.3,106
D0,DC/9E/6/D,GTR,6.0,,DC,9E,6,D,GTR,,58.93,33,56,61.88,5.00%,0.002836757500214906,34.65,56,Cascaded,2027,34.65,56
D0,DC/9E/6/D,HPN,6.0,,DC,9E,6,D,HPN,,45.45,60,132,47.73,5.00%,0.005157740909481647,63.0,132,Cascaded,2027,63.0,132
D0,DC/9E/6/D,HSV,6.0,,DC,9E,6,D,HSV,,55.34,57,103,58.11,5.00%,0.004899853864007564,59.85,103,Cascaded,2027,59.849999999999994,103
D0,DC/9E/6/D,IAD,6.0,,DC,9E,6,D,IAD,,53.52,38,71,56.2,5.00%,0.00326656924267171,39.9,71,Cascaded,2027,39.9,71
D0,DC/9E/6/D,ICT,6.0,,DC,9E,6,D,ICT,,33.33,2,6,35.0,5.00%,0.00017192469698272157,2.1,6,Cascaded,2027,2.1,6
D0,DC/9E/6/D,ILM,6.0,,DC,9E,6,D,ILM,,65.93,60,91,69.23,5.00%,0.005157740909481647,63.0,91,Cascaded,2027,63.0,91
D0,DC/9E/6/D,IND,6.0,,DC,9E,6,D,IND,,65.93,178,270,69.22,5.00%,0.01530129803146222,186.9,270,Cascaded,2027,186.9,270
D0,DC/9E/6/D,ITH,6.0,,DC,9E,6,D,ITH,,82.76,48,58,86.9,5.00%,0.004126192727585317,50.4,58,Cascaded,2027,50.4,58
D0,DC/9E/6/D,JAN,6.0,,DC,9E,6,D,JAN,,51.52,17,33,54.09,5.00%,0.0014613599243531333,17.85,33,Cascaded,2027,17.849999999999998,33
D0,DC/9E/6/D,JAX,6.0,,DC,9E,6,D,JAX,,61.11,99,162,64.17,5.00%,0.008510272500644718,103.95,162,Cascaded,2027,103.95,162
D0,DC/9E/6/D,JFK,6.0,,DC,9E,6,D,JFK,,61.36,1037,1690,64.43,5.00%,0.08914295538554114,1088.85,1690,Cascaded,2027,1088.85,1690
D0,DC/9E/6/D,LEX,6.0,,DC,9E,6,D,LEX,,63.24,43,68,66.4,5.00%,0.003696380985128514,45.15,68,Cascaded,2027,45.15,68
D0,DC/9E/6/D,LFT,6.0,,DC,9E,6,D,LFT,,70.67,53,75,74.2,5.00%,0.004556004470042121,55.65,75,Cascaded,2027,55.65,75
D0,DC/9E/6/D,LGA,6.0,,DC,9E,6,D,LGA,,55.95,1349,2411,58.75,5.00%,0.1159632081148457,1416.45,2411,Cascaded,2027,1416.45,2411
D0,DC/9E/6/D,LIT,6.0,,DC,9E,6,D,LIT,,50.0,15,30,52.5,5.00%,0.0012894352273704118,15.75,30,Cascaded,2027,15.75,30
D0,DC/9E/6/D,MCI,6.0,,DC,9E,6,D,MCI,,56.96,45,79,59.81,5.00%,0.0038683056821112354,47.25,79,Cascaded,2027,47.25,79
D0,DC/9E/6/D,MCO,6.0,,DC,9E,6,D,MCO,,66.67,2,3,70.0,5.00%,0.00017192469698272157,2.1,3,Cascaded,2027,2.1,3
D0,DC/9E/6/D,MDT,6.0,,DC,9E,6,D,MDT,,64.29,45,70,67.5,5.00%,0.0038683056821112354,47.25,70,Cascaded,2027,47.25,70
D0,DC/9E/6/D,MDW,6.0,,DC,9E,6,D,MDW,,45.83,11,24,48.12,5.00%,0.0009455858334049686,11.55,24,Cascaded,2027,11.549999999999999,24
D0,DC/9E/6/D,MEM,6.0,,DC,9E,6,D,MEM,,71.79,56,78,75.38,5.00%,0.004813891515516204,58.8,78,Cascaded,2027,58.8,78
D0,DC/9E/6/D,MGM,6.0,,DC,9E,6,D,MGM,,49.3,35,71,51.76,5.00%,0.0030086821971976275,36.75,71,Cascaded,2027,36.75,71
D0,DC/9E/6/D,MKE,6.0,,DC,9E,6,D,MKE,,73.33,55,75,77.0,5.00%,0.004727929167024843,57.75,75,Cascaded,2027,57.75,75
D0,DC/9E/6/D,MLI,6.0,,DC,9E,6,D,MLI,,70.18,40,57,73.68,5.00%,0.0034384939396544315,42.0,57,Cascaded,2027,42.0,57
D0,DC/9E/6/D,MLU,6.0,,DC,9E,6,D,MLU,,61.63,53,86,64.71,5.00%,0.004556004470042121,55.65,86,Cascaded,2027,55.65,86
D0,DC/9E/6/D,MOB,6.0,,DC,9E,6,D,MOB,,60.64,57,94,63.67,5.00%,0.004899853864007564,59.85,94,Cascaded,2027,59.849999999999994,94
D0,DC/9E/6/D,MOT,6.0,,DC,9E,6,D,MOT,,47.83,11,23,50.22,5.00%,0.0009455858334049686,11.55,23,Cascaded,2027,11.549999999999999,23
D0,DC/9E/6/D,MSN,6.0,,DC,9E,6,D,MSN,,63.64,35,55,66.82,5.00%,0.0030086821971976275,36.75,55,Cascaded,2027,36.75,55
D0,DC/9E/6/D,MSP,6.0,,DC,9E,6,D,MSP,,63.86,599,938,67.05,5.00%,0.05149144674632511,628.95,938,Cascaded,2027,628.9499999999999,938
D0,DC/9E/6/D,MYR,6.0,,DC,9E,6,D,MYR,,100.0,1,1,105.0,5.00%,8.596234849136078e-05,1.05,1,Cascaded,2027,1.05,1
D0,DC/9E/6/D,OAJ,6.0,,DC,9E,6,D,OAJ,,66.37,75,113,69.69,5.00%,0.006447176136852059,78.75,113,Cascaded,2027,78.75,113
D0,DC/9E/6/D,OMA,6.0,,DC,9E,6,D,OMA,,67.03,61,91,70.38,5.00%,0.005243703257973008,64.05,91,Cascaded,2027,64.05,91
D0,DC/9E/6/D,ORD,6.0,,DC,9E,6,D,ORD,,34.67,26,75,36.4,5.00%,0.00223502106077538,27.3,75,Cascaded,2027,27.3,75
D0,DC/9E/6/D,ORF,6.0,,DC,9E,6,D,ORF,,47.27,78,165,49.64,5.00%,0.006705063182326141,81.9,165,Cascaded,2027,81.89999999999999,165
D0,DC/9E/6/D,ORH,6.0,,DC,9E,6,D,ORH,,54.17,13,24,56.88,5.00%,0.00111751053038769,13.65,24,Cascaded,2027,13.65,24
D0,DC/9E/6/D,PIT,6.0,,DC,9E,6,D,PIT,,52.29,57,109,54.91,5.00%,0.004899853864007564,59.85,109,Cascaded,2027,59.849999999999994,109
D0,DC/9E/6/D,PNS,6.0,,DC,9E,6,D,PNS,,60.0,9,15,63.0,5.00%,0.000773661136422247,9.45,15,Cascaded,2027,9.45,15
D0,DC/9E/6/D,PVD,6.0,,DC,9E,6,D,PVD,,58.93,33,56,61.88,5.00%,0.002836757500214906,34.65,56,Cascaded,2027,34.65,56
D0,DC/9E/6/D,PWM,6.0,,DC,9E,6,D,PWM,,56.64,81,143,59.48,5.00%,0.006962950227800224,85.05,143,Cascaded,2027,85.05,143
D0,DC/9E/6/D,RAP,6.0,,DC,9E,6,D,RAP,,76.09,35,46,79.89,5.00%,0.0030086821971976275,36.75,46,Cascaded,2027,36.75,46
D0,DC/9E/6/D,RDU,6.0,,DC,9E,6,D,RDU,,57.67,327,567,60.56,5.00%,0.028109687956674977,343.35,567,Cascaded,2027,343.34999999999997,567
D0,DC/9E/6/D,RIC,6.0,,DC,9E,6,D,RIC,,59.38,114,192,62.34,5.00%,0.009799707728015129,119.7,192,Cascaded,2027,119.69999999999999,192
D0,DC/9E/6/D,ROA,6.0,,DC,9E,6,D,ROA,,54.72,58,106,57.45,5.00%,0.004985816212498925,60.9,106,Cascaded,2027,60.9,106
D0,DC/9E/6/D,ROC,6.0,,DC,9E,6,D,ROC,,61.27,125,204,64.34,5.00%,0.010745293561420097,131.25,204,Cascaded,2027,131.25,204
D0,DC/9E/6/D,RST,6.0,,DC,9E,6,D,RST,,67.39,31,46,70.76,5.00%,0.002664832803232184,32.55,46,Cascaded,2027,32.55,46
D0,DC/9E/6/D,RSW,6.0,,DC,9E,6,D,RSW,,50.0,2,4,52.5,5.00%,0.00017192469698272157,2.1,4,Cascaded,2027,2.1,4
D0,DC/9E/6/D,SAV,6.0,,DC,9E,6,D,SAV,,52.21,71,136,54.82,5.00%,0.006103326742886616,74.55,136,Cascaded,2027,74.55,136
D0,DC/9E/6/D,SBN,6.0,,DC,9E,6,D,SBN,,100.0,1,1,105.0,5.00%,8.596234849136078e-05,1.05,1,Cascaded,2027,1.05,1
D0,DC/9E/6/D,SDF,6.0,,DC,9E,6,D,SDF,,87.5,35,40,91.88,5.00%,0.0030086821971976275,36.75,40,Cascaded,2027,36.75,40
D0,DC/9E/6/D,SGF,6.0,,DC,9E,6,D,SGF,,62.07,18,29,65.17,5.00%,0.001547322272844494,18.9,29,Cascaded,2027,18.9,29
D0,DC/9E/6/D,SHV,6.0,,DC,9E,6,D,SHV,,78.95,15,19,82.89,5.00%,0.0012894352273704118,15.75,19,Cascaded,2027,15.75,19
D0,DC/9E/6/D,STL,6.0,,DC,9E,6,D,STL,,64.78,103,159,68.02,5.00%,0.008854121894610162,108.15,159,Cascaded,2027,108.14999999999999,159
D0,DC/9E/6/D,SYR,6.0,,DC,9E,6,D,SYR,,64.37,159,247,67.59,5.00%,0.013668013410126365,166.95,247,Cascaded,2027,166.95,247
D0,DC/9E/6/D,TLH,6.0,,DC,9E,6,D,TLH,,60.0,36,60,63.0,5.00%,0.003094644545688988,37.8,60,Cascaded,2027,37.8,60
D0,DC/9E/6/D,TRI,6.0,,DC,9E,6,D,TRI,,80.3,53,66,84.32,5.00%,0.004556004470042121,55.65,66,Cascaded,2027,55.65,66
D0,DC/9E/6/D,TUL,6.0,,DC,9E,6,D,TUL,,66.67,18,27,70.0,5.00%,0.001547322272844494,18.9,27,Cascaded,2027,18.9,27
D0,DC/9E/6/D,TVC,6.0,,DC,9E,6,D,TVC,,61.11,22,36,64.17,5.00%,0.0018911716668099372,23.1,36,Cascaded,2027,23.099999999999998,36
D0,DC/9E/6/D,TYS,6.0,,DC,9E,6,D,TYS,,62.41,181,290,65.53,5.00%,0.015559185076936302,190.05,290,Cascaded,2027,190.04999999999998,290
D0,DC/9E/6/D,VLD,6.0,,DC,9E,6,D,VLD,,72.29,60,83,75.9,5.00%,0.005157740909481647,63.0,83,Cascaded,2027,63.0,83
D0,DC/9E/6/D,XNA,6.0,,DC,9E,6,D,XNA,,61.4,167,272,64.47,5.00%,0.01435571219805725,175.35,272,Cascaded,2027,175.35,272
D0,DC/9E/6/I,ATL,6.0,,DC,9E,6,I,ATL,,66.67,28,42,70.0,5.00%,0.03513174404015056,29.4,42,Cascaded,2027,29.400000000000002,42
D0,DC/9E/6/I,DTW,6.0,,DC,9E,6,I,DTW,,60.36,102,169,63.37,5.00%,0.12797992471769135,107.1,169,Cascaded,2027,107.10000000000001,169
D0,DC/9E/6/I,ELH,6.0,,DC,9E,6,I,ELH,,61.9,13,21,65.0,5.00%,0.01631116687578419,13.65,21,Cascaded,2027,13.65,21
D0,DC/9E/6/I,GGT,6.0,,DC,9E,6,I,GGT,,100.0,4,4,105.0,5.00%,0.005018820577164366,4.2,4,Cascaded,2027,4.2,4
D0,DC/9E/6/I,JFK,6.0,,DC,9E,6,I,JFK,,49.37,39,79,51.84,5.00%,0.04893350062735257,40.95,79,Cascaded,2027,40.95,79
D0,DC/9E/6/I,LGA,6.0,,DC,9E,6,I,LGA,,53.62,148,276,56.3,5.00%,0.18569636135508155,155.4,276,Cascaded,2027,155.4,276
D0,DC/9E/6/I,MHH,6.0,,DC,9E,6,I,MHH,,58.82,10,17,61.76,5.00%,0.012547051442910916,10.5,17,Cascaded,2027,10.5,17
D0,DC/9E/6/I,MSP,6.0,,DC,9E,6,I,MSP,,68.25,43,63,71.67,5.00%,0.053952321204516936,45.15,63,Cascaded,2027,45.15,63
D0,DC/9E/6/I,YHZ,6.0,,DC,9E,6,I,YHZ,,68.89,31,45,72.33,5.00%,0.03889585947302384,32.55,45,Cascaded,2027,32.550000000000004,45
D0,DC/9E/6/I,YUL,6.0,,DC,9E,6,I,YUL,,77.55,114,147,81.43,5.00%,0.14303638644918445,119.7,147,Cascaded,2027,119.7,147
D0,DC/9E/6/I,YYZ,6.0,,DC,9E,6,I,YYZ,,66.75,265,397,70.09,5.00%,0.3324968632371393,278.25,397,Cascaded,2027,278.25,397
D0,DC/9E/7/D,ABE,6.0,,DC,9E,7,D,ABE,,56.18,50,89,58.99,5.00%,0.003975510853144629,52.5,89,Cascaded,2027,52.5,89
D0,DC/9E/7/D,AEX,6.0,,DC,9E,7,D,AEX,,68.18,60,88,71.59,5.00%,0.004770613023773555,63.0,88,Cascaded,2027,63.0,88
D0,DC/9E/7/D,AGS,6.0,,DC,9E,7,D,AGS,,66.19,92,139,69.5,5.00%,0.007314939969786117,96.6,139,Cascaded,2027,96.60000000000001,139
D0,DC/9E/7/D,ALB,6.0,,DC,9E,7,D,ALB,,69.32,61,88,72.78,5.00%,0.004850123240836448,64.05,88,Cascaded,2027,64.05,88
D0,DC/9E/7/D,ATL,6.0,,DC,9E,7,D,ATL,,60.78,1508,2481,63.82,5.00%,0.11990140733084201,1583.4,2481,Cascaded,2027,1583.4,2481
D0,DC/9E/7/D,AUS,6.0,,DC,9E,7,D,AUS,,35.87,33,92,37.66,5.00%,0.002623837163075455,34.65,92,Cascaded,2027,34.65,92
D0,DC/9E/7/D,AVL,6.0,,DC,9E,7,D,AVL,,45.61,26,57,47.89,5.00%,0.002067265643635207,27.3,57,Cascaded,2027,27.3,57
D0,DC/9E/7/D,BGR,6.0,,DC,9E,7,D,BGR,,72.73,88,121,76.36,5.00%,0.006996899101534547,92.4,121,Cascaded,2027,92.4,121
D0,DC/9E/7/D,BHM,6.0,,DC,9E,7,D,BHM,,58.88,63,107,61.82,5.00%,0.0050091436749622326,66.15,107,Cascaded,2027,66.15,107
D0,DC/9E/7/D,BIS,6.0,,DC,9E,7,D,BIS,,64.29,18,28,67.5,5.00%,0.0014311839071320664,18.9,28,Cascaded,2027,18.900000000000002,28
D0,DC/9E/7/D,BMI,6.0,,DC,9E,7,D,BMI,,80.0,4,5,84.0,5.00%,0.0003180408682515703,4.2,5,Cascaded,2027,4.2,5
D0,DC/9E/7/D,BNA,6.0,,DC,9E,7,D,BNA,,62.24,150,241,65.35,5.00%,0.011926532559433886,157.5,241,Cascaded,2027,157.5,241
D0,DC/9E/7/D,BQK,6.0,,DC,9E,7,D,BQK,,70.0,63,90,73.5,5.00%,0.0050091436749622326,66.15,90,Cascaded,2027,66.15,90
D0,DC/9E/7/D,BTR,6.0,,DC,9E,7,D,BTR,,57.38,35,61,60.25,5.00%,0.0027828575972012404,36.75,61,Cascaded,2027,36.75,61
D0,DC/9E/7/D,BTV,6.0,,DC,9E,7,D,BTV,,80.1,157,196,84.11,5.00%,0.012483104078874135,164.85,196,Cascaded,2027,164.85,196
D0,DC/9E/7/D,BUF,6.0,,DC,9E,7,D,BUF,,67.51,160,237,70.89,5.00%,0.012721634730062813,168.0,237,Cascaded,2027,168.0,237
D0,DC/9E/7/D,CAE,6.0,,DC,9E,7,D,CAE,,60.32,38,63,63.33,5.00%,0.0030213882483899183,39.9,63,Cascaded,2027,39.9,63
D0,DC/9E/7/D,CHA,6.0,,DC,9E,7,D,CHA,,65.09,110,169,68.34,5.00%,0.008746123876918184,115.5,169,Cascaded,2027,115.5,169
D0,DC/9E/7/D,CHO,6.0,,DC,9E,7,D,CHO,,69.23,117,169,72.69,5.00%,0.009302695396358432,122.85,169,Cascaded,2027,122.85000000000001,169
D0,DC/9E/7/D,CHS,6.0,,DC,9E,7,D,CHS,,63.5,87,137,66.68,5.00%,0.006917388884471655,91.35,137,Cascaded,2027,91.35000000000001,137
D0,DC/9E/7/D,CID,6.0,,DC,9E,7,D,CID,,49.43,43,87,51.9,5.00%,0.003418939333704381,45.15,87,Cascaded,2027,45.15,87
D0,DC/9E/7/D,CLE,6.0,,DC,9E,7,D,CLE,,63.02,196,311,66.17,5.00%,0.015584002544326946,205.8,311,Cascaded,2027,205.8,311
D0,DC/9E/7/D,CLT,6.0,,DC,9E,7,D,CLT,,56.54,108,191,59.37,5.00%,0.008587103442792399,113.4,191,Cascaded,2027,113.4,191
D0,DC/9E/7/D,CMH,6.0,,DC,9E,7,D,CMH,,55.7,44,79,58.48,5.00%,0.0034984495507672736,46.2,79,Cascaded,2027,46.2,79
D0,DC/9E/7/D,CRW,6.0,,DC,9E,7,D,CRW,,58.33,63,108,61.25,5.00%,0.0050091436749622326,66.15,108,Cascaded,2027,66.15,108
D0,DC/9E/7/D,CSG,6.0,,DC,9E,7,D,CSG,,60.23,53,88,63.24,5.00%,0.004214041504333307,55.65,88,Cascaded,2027,55.65,88
D0,DC/9E/7/D,CVG,6.0,,DC,9E,7,D,CVG,,59.86,349,583,62.86,5.00%,0.027749065754949512,366.45,583,Cascaded,2027,366.45,583
D0,DC/9E/7/D,CWA,6.0,,DC,9E,7,D,CWA,,73.77,45,61,77.46,5.00%,0.003577959767830166,47.25,61,Cascaded,2027,47.25,61
D0,DC/9E/7/D,DAY,6.0,,DC,9E,7,D,DAY,,72.0,18,25,75.6,5.00%,0.0014311839071320664,18.9,25,Cascaded,2027,18.900000000000002,25
D0,DC/9E/7/D,DCA,6.0,,DC,9E,7,D,DCA,,52.29,80,153,54.9,5.00%,0.0063608173650314065,84.0,153,Cascaded,2027,84.0,153
D0,DC/9E/7/D,DHN,6.0,,DC,9E,7,D,DHN,,79.37,50,63,83.33,5.00%,0.003975510853144629,52.5,63,Cascaded,2027,52.5,63
D0,DC/9E/7/D,DLH,6.0,,DC,9E,7,D,DLH,,85.71,18,21,90.0,5.00%,0.0014311839071320664,18.9,21,Cascaded,2027,18.900000000000002,21
D0,DC/9E/7/D,DSM,6.0,,DC,9E,7,D,DSM,,69.41,177,255,72.88,5.00%,0.014073308420131986,185.85,255,Cascaded,2027,185.85,255
D0,DC/9E/7/D,DTW,6.0,,DC,9E,7,D,DTW,,63.06,1183,1876,66.21,5.00%,0.09406058678540193,1242.15,1876,Cascaded,2027,1242.15,1876
D0,DC/9E/7/D,ECP,6.0,,DC,9E,7,D,ECP,,42.86,3,7,45.0,5.00%,0.00023853065118867775,3.15,7,Cascaded,2027,3.15,7
D0,DC/9E/7/D,EVV,6.0,,DC,9E,7,D,EVV,,78.26,90,115,82.17,5.00%,0.007155919535660332,94.5,115,Cascaded,2027,94.5,115
D0,DC/9E/7/D,EWR,6.0,,DC,9E,7,D,EWR,,59.3,51,86,62.27,5.00%,0.004055021070207522,53.55,86,Cascaded,2027,53.550000000000004,86
D0,DC/9E/7/D,FAR,6.0,,DC,9E,7,D,FAR,,69.39,34,49,72.86,5.00%,0.002703347380138348,35.7,49,Cascaded,2027,35.7,49
D0,DC/9E/7/D,FAY,6.0,,DC,9E,7,D,FAY,,83.08,54,65,87.23,5.00%,0.004293551721396199,56.7,65,Cascaded,2027,56.7,65
D0,DC/9E/7/D,FSD,6.0,,DC,9E,7,D,FSD,,66.67,56,84,70.0,5.00%,0.004452572155521984,58.8,84,Cascaded,2027,58.800000000000004,84
D0,DC/9E/7/D,GFK,6.0,,DC,9E,7,D,GFK,,77.78,42,54,81.67,5.00%,0.0033394291166414882,44.1,54,Cascaded,2027,44.1,54
D0,DC/9E/7/D,GRB,6.0,,DC,9E,7,D,GRB,,76.64,105,137,80.47,5.00%,0.00834857279160372,110.25,137,Cascaded,2027,110.25,137
D0,DC/9E/7/D,GRR,6.0,,DC,9E,7,D,GRR,,67.38,95,141,70.74,5.00%,0.0075534706209747955,99.75,141,Cascaded,2027,99.75,141
D0,DC/9E/7/D,GSO,6.0,,DC,9E,7,D,GSO,,55.88,38,68,58.68,5.00%,0.0030213882483899183,39.9,68,Cascaded,2027,39.9,68
D0,DC/9E/7/D,GSP,6.0,,DC,9E,7,D,GSP,,68.89,62,90,72.33,5.00%,0.00492963345789934,65.1,90,Cascaded,2027,65.10000000000001,90
D0,DC/9E/7/D,GTR,6.0,,DC,9E,7,D,GTR,,82.26,51,62,86.37,5.00%,0.004055021070207522,53.55,62,Cascaded,2027,53.550000000000004,62
D0,DC/9E/7/D,HPN,6.0,,DC,9E,7,D,HPN,,36.92,48,130,38.77,5.00%,0.003816490419018844,50.4,130,Cascaded,2027,50.4,130
D0,DC/9E/7/D,HSV,6.0,,DC,9E,7,D,HSV,,64.91,74,114,68.16,5.00%,0.005883756062654051,77.7,114,Cascaded,2027,77.7,114
D0,DC/9E/7/D,IAD,6.0,,DC,9E,7,D,IAD,,55.56,45,81,58.33,5.00%,0.003577959767830166,47.25,81,Cascaded,2027,47.25,81
D0,DC/9E/7/D,ILM,6.0,,DC,9E,7,D,ILM,,65.38,51,78,68.65,5.00%,0.004055021070207522,53.55,78,Cascaded,2027,53.550000000000004,78
D0,DC/9E/7/D,IND,6.0,,DC,9E,7,D,IND,,66.03,173,262,69.33,5.00%,0.013755267551880416,181.65,262,Cascaded,2027,181.65,262
D0,DC/9E/7/D,ITH,6.0,,DC,9E,7,D,ITH,,81.48,44,54,85.56,5.00%,0.0034984495507672736,46.2,54,Cascaded,2027,46.2,54
D0,DC/9E/7/D,JAN,6.0,,DC,9E,7,D,JAN,,57.14,24,42,60.0,5.00%,0.001908245209509422,25.2,42,Cascaded,2027,25.2,42
D0,DC/9E/7/D,JAX,6.0,,DC,9E,7,D,JAX,,55.62,89,160,58.41,5.00%,0.00707640931859744,93.45,160,Cascaded,2027,93.45,160
D0,DC/9E/7/D,JFK,6.0,,DC,9E,7,D,JFK,,64.88,1077,1660,68.12,5.00%,0.08563250377673531,1130.85,1660,Cascaded,2027,1130.8500000000001,1660
D0,DC/9E/7/D,LEX,6.0,,DC,9E,7,D,LEX,,75.41,46,61,79.18,5.00%,0.0036574699848930586,48.3,61,Cascaded,2027,48.300000000000004,61
D0,DC/9E/7/D,LFT,6.0,,DC,9E,7,D,LFT,,70.79,63,89,74.33,5.00%,0.0050091436749622326,66.15,89,Cascaded,2027,66.15,89
D0,DC/9E/7/D,LGA,6.0,,DC,9E,7,D,LGA,,58.01,1412,2434,60.91,5.00%,0.11226842649280433,1482.6,2434,Cascaded,2027,1482.6000000000001,2434
D0,DC/9E/7/D,LIT,6.0,,DC,9E,7,D,LIT,,48.15,13,27,50.56,5.00%,0.0010336328218176036,13.65,27,Cascaded,2027,13.65,27
D0,DC/9E/7/D,MCI,6.0,,DC,9E,7,D,MCI,,57.55,61,106,60.42,5.00%,0.004850123240836448,64.05,106,Cascaded,2027,64.05,106
D0,DC/9E/7/D,MCO,6.0,,DC,9E,7,D,MCO,,75.0,3,4,78.75,5.00%,0.00023853065118867775,3.15,4,Cascaded,2027,3.15,4
D0,DC/9E/7/D,MDT,6.0,,DC,9E,7,D,MDT,,62.5,55,88,65.62,5.00%,0.004373061938459092,57.75,88,Cascaded,2027,57.75,88
D0,DC/9E/7/D,MDW,6.0,,DC,9E,7,D,MDW,,53.12,17,32,55.78,5.00%,0.001351673690069174,17.85,32,Cascaded,2027,17.85,32
D0,DC/9E/7/D,MEM,6.0,,DC,9E,7,D,MEM,,69.33,52,75,72.8,5.00%,0.004134531287270414,54.6,75,Cascaded,2027,54.6,75
D0,DC/9E/7/D,MGM,6.0,,DC,9E,7,D,MGM,,53.66,44,82,56.34,5.00%,0.0034984495507672736,46.2,82,Cascaded,2027,46.2,82
D0,DC/9E/7/D,MKE,6.0,,DC,9E,7,D,MKE,,68.75,55,80,72.19,5.00%,0.004373061938459092,57.75,80,Cascaded,2027,57.75,80
D0,DC/9E/7/D,MLI,6.0,,DC,9E,7,D,MLI,,60.66,37,61,63.69,5.00%,0.0029418780313270254,38.85,61,Cascaded,2027,38.85,61
D0,DC/9E/7/D,MLU,6.0,,DC,9E,7,D,MLU,,62.64,57,91,65.77,5.00%,0.004532082372584877,59.85,91,Cascaded,2027,59.85,91
D0,DC/9E/7/D,MOB,6.0,,DC,9E,7,D,MOB,,74.07,40,54,77.78,5.00%,0.0031804086825157033,42.0,54,Cascaded,2027,42.0,54
D0,DC/9E/7/D,MOT,6.0,,DC,9E,7,D,MOT,,100.0,6,6,105.0,5.00%,0.0004770613023773555,6.3,6,Cascaded,2027,6.3,6
D0,DC/9E/7/D,MSN,6.0,,DC,9E,7,D,MSN,,66.67,74,111,70.0,5.00%,0.005883756062654051,77.7,111,Cascaded,2027,77.7,111
D0,DC/9E/7/D,MSP,6.0,,DC,9E,7,D,MSP,,62.21,795,1278,65.32,5.00%,0.0632106225649996,834.75,1278,Cascaded,2027,834.75,1278
D0,DC/9E/7/D,MYR,6.0,,DC,9E,7,D,MYR,,33.33,1,3,35.0,5.00%,7.951021706289258e-05,1.05,3,Cascaded,2027,1.05,3
D0,DC/9E/7/D,OAJ,6.0,,DC,9E,7,D,OAJ,,66.09,76,115,69.39,5.00%,0.006042776496779837,79.8,115,Cascaded,2027,79.8,115
D0,DC/9E/7/D,OMA,6.0,,DC,9E,7,D,OMA,,76.42,81,106,80.24,5.00%,0.006440327582094299,85.05,106,Cascaded,2027,85.05,106
D0,DC/9E/7/D,ORD,6.0,,DC,9E,7,D,ORD,,44.3,35,79,46.52,5.00%,0.0027828575972012404,36.75,79,Cascaded,2027,36.75,79
D0,DC/9E/7/D,ORF,6.0,,DC,9E,7,D,ORF,,50.32,78,155,52.84,5.00%,0.0062017969309056216,81.9,155,Cascaded,2027,81.9,155
D0,DC/9E/7/D,ORH,6.0,,DC,9E,7,D,ORH,,56.0,14,25,58.8,5.00%,0.001113143038880496,14.7,25,Cascaded,2027,14.700000000000001,25
D0,DC/9E/7/D,PIT,6.0,,DC,9E,7,D,PIT,,47.52,48,101,49.9,5.00%,0.003816490419018844,50.4,101,Cascaded,2027,50.4,101
D0,DC/9E/7/D,PNS,6.0,,DC,9E,7,D,PNS,,66.67,8,12,70.0,5.00%,0.0006360817365031406,8.4,12,Cascaded,2027,8.4,12
D0,DC/9E/7/D,PVD,6.0,,DC,9E,7,D,PVD,,59.02,36,61,61.97,5.00%,0.002862367814264133,37.8,61,Cascaded,2027,37.800000000000004,61
D0,DC/9E/7/D,PWM,6.0,,DC,9E,7,D,PWM,,60.14,89,148,63.14,5.00%,0.00707640931859744,93.45,148,Cascaded,2027,93.45,148
D0,DC/9E/7/D,RAP,6.0,,DC,9E,7,D,RAP,,59.77,52,87,62.76,5.00%,0.004134531287270414,54.6,87,Cascaded,2027,54.6,87
D0,DC/9E/7/D,RDU,6.0,,DC,9E,7,D,RDU,,52.59,294,559,55.22,5.00%,0.02337600381649042,308.7,559,Cascaded,2027,308.7,559
D0,DC/9E/7/D,RIC,6.0,,DC,9E,7,D,RIC,,54.77,109,199,57.51,5.00%,0.008666613659855292,114.45,199,Cascaded,2027,114.45,199
D0,DC/9E/7/D,ROA,6.0,,DC,9E,7,D,ROA,,56.48,61,108,59.31,5.00%,0.004850123240836448,64.05,108,Cascaded,2027,64.05,108
D0,DC/9E/7/D,ROC,6.0,,DC,9E,7,D,ROC,,65.45,125,191,68.72,5.00%,0.009938777132861574,131.25,191,Cascaded,2027,131.25,191
D0,DC/9E/7/D,RST,6.0,,DC,9E,7,D,RST,,70.24,59,84,73.75,5.00%,0.004691102806710663,61.95,84,Cascaded,2027,61.95,84
D0,DC/9E/7/D,RSW,6.0,,DC,9E,7,D,RSW,,75.0,3,4,78.75,5.00%,0.00023853065118867775,3.15,4,Cascaded,2027,3.15,4
D0,DC/9E/7/D,SAV,6.0,,DC,9E,7,D,SAV,,55.63,79,142,58.42,5.00%,0.006281307147968514,82.95,142,Cascaded,2027,82.95,142
D0,DC/9E/7/D,SDF,6.0,,DC,9E,7,D,SDF,,70.51,55,78,74.04,5.00%,0.004373061938459092,57.75,78,Cascaded,2027,57.75,78
D0,DC/9E/7/D,SHV,6.0,,DC,9E,7,D,SHV,,68.18,15,22,71.59,5.00%,0.0011926532559433888,15.75,22,Cascaded,2027,15.75,22
D0,DC/9E/7/D,STL,6.0,,DC,9E,7,D,STL,,63.22,110,174,66.38,5.00%,0.008746123876918184,115.5,174,Cascaded,2027,115.5,174
D0,DC/9E/7/D,SYR,6.0,,DC,9E,7,D,SYR,,73.77,180,244,77.46,5.00%,0.014311839071320664,189.0,244,Cascaded,2027,189.0,244
D0,DC/9E/7/D,TLH,6.0,,DC,9E,7,D,TLH,,53.7,29,54,56.39,5.00%,0.002305796294823885,30.45,54,Cascaded,2027,30.450000000000003,54
D0,DC/9E/7/D,TRI,6.0,,DC,9E,7,D,TRI,,73.21,41,56,76.88,5.00%,0.0032599188995785957,43.05,56,Cascaded,2027,43.050000000000004,56
D0,DC/9E/7/D,TUL,6.0,,DC,9E,7,D,TUL,,60.0,12,20,63.0,5.00%,0.000954122604754711,12.6,20,Cascaded,2027,12.6,20
D0,DC/9E/7/D,TVC,6.0,,DC,9E,7,D,TVC,,45.45,10,22,47.73,5.00%,0.0007951021706289258,10.5,22,Cascaded,2027,10.5,22
D0,DC/9E/7/D,TYS,6.0,,DC,9E,7,D,TYS,,67.31,210,312,70.67,5.00%,0.01669714558320744,220.5,312,Cascaded,2027,220.5,312
D0,DC/9E/7/D,VLD,6.0,,DC,9E,7,D,VLD,,68.18,60,88,71.59,5.00%,0.004770613023773555,63.0,88,Cascaded,2027,63.0,88
D0,DC/9E/7/D,XNA,6.0,,DC,9E,7,D,XNA,,52.32,124,237,54.94,5.00%,0.00985926691579868,130.2,237,Cascaded,2027,130.20000000000002,237
D0,DC/9E/7/I,ATL,6.0,,DC,9E,7,I,ATL,,63.64,28,44,66.82,5.00%,0.0374331550802139,29.4,44,Cascaded,2027,29.4,44
D0,DC/9E/7/I,DTW,6.0,,DC,9E,7,I,DTW,,59.86,88,147,62.86,5.00%,0.11764705882352941,92.4,147,Cascaded,2027,92.39999999999999,147
D0,DC/9E/7/I,ELH,6.0,,DC,9E,7,I,ELH,,63.64,14,22,66.82,5.00%,0.01871657754010695,14.7,22,Cascaded,2027,14.7,22
D0,DC/9E/7/I,GGT,6.0,,DC,9E,7,I,GGT,,50.0,2,4,52.5,5.00%,0.00267379679144385,2.1,4,Cascaded,2027,2.1,4
D0,DC/9E/7/I,JFK,6.0,,DC,9E,7,I,JFK,,53.25,41,77,55.91,5.00%,0.05481283422459893,43.05,77,Cascaded,2027,43.05,77
D0,DC/9E/7/I,LGA,6.0,,DC,9E,7,I,LGA,,52.94,153,289,55.59,5.00%,0.20454545454545456,160.65,289,Cascaded,2027,160.65,289
D0,DC/9E/7/I,MHH,6.0,,DC,9E,7,I,MHH,,66.67,12,18,70.0,5.00%,0.016042780748663103,12.6,18,Cascaded,2027,12.6,18
D0,DC/9E/7/I,MSP,6.0,,DC,9E,7,I,MSP,,49.12,28,57,51.58,5.00%,0.0374331550802139,29.4,57,Cascaded,2027,29.4,57
D0,DC/9E/7/I,YHZ,6.0,,DC,9E,7,I,YHZ,,78.57,44,56,82.5,5.00%,0.058823529411764705,46.2,56,Cascaded,2027,46.199999999999996,56
D0,DC/9E/7/I,YUL,6.0,,DC,9E,7,I,YUL,,66.19,92,139,69.5,5.00%,0.12299465240641712,96.6,139,Cascaded,2027,96.6,139
D0,DC/9E/7/I,YYZ,6.0,,DC,9E,7,I,YYZ,,66.13,246,372,69.44,5.00%,0.32887700534759357,258.3,372,Cascaded,2027,258.3,372
D0,DC/9E/8/D,ABE,6.0,,DC,9E,8,D,ABE,,67.39,62,92,70.76,5.00%,0.003966223132036847,65.1,92,Cascaded,2027,65.10000000000001,92
D0,DC/9E/8/D,AEX,6.0,,DC,9E,8,D,AEX,,87.91,80,91,92.31,5.00%,0.00511770726714432,84.0,91,Cascaded,2027,84.00000000000001,91
D0,DC/9E/8/D,AGS,6.0,,DC,9E,8,D,AGS,,79.47,120,151,83.44,5.00%,0.007676560900716479,126.0,151,Cascaded,2027,126.00000000000001,151
D0,DC/9E/8/D,ALB,6.0,,DC,9E,8,D,ALB,,83.72,72,86,87.91,5.00%,0.004605936540429887,75.6,86,Cascaded,2027,75.60000000000001,86
D0,DC/9E/8/D,ATL,6.0,,DC,9E,8,D,ATL,,71.0,1755,2472,74.54,5.00%,0.1122697031729785,1842.75,2472,Cascaded,2027,1842.7500000000002,2472
D0,DC/9E/8/D,AUS,6.0,,DC,9E,8,D,AUS,,70.97,66,93,74.52,5.00%,0.004222108495394063,69.3,93,Cascaded,2027,69.30000000000001,93
D0,DC/9E/8/D,AVL,6.0,,DC,9E,8,D,AVL,,55.74,34,61,58.52,5.00%,0.0021750255885363357,35.7,61,Cascaded,2027,35.7,61
D0,DC/9E/8/D,BGR,6.0,,DC,9E,8,D,BGR,,81.25,104,128,85.31,5.00%,0.006653019447287615,109.2,128,Cascaded,2027,109.20000000000002,128
D0,DC/9E/8/D,BHM,6.0,,DC,9E,8,D,BHM,,72.55,111,153,76.18,5.00%,0.007100818833162743,116.55,153,Cascaded,2027,116.55000000000001,153
D0,DC/9E/8/D,BIS,6.0,,DC,9E,8,D,BIS,,72.73,8,11,76.36,5.00%,0.0005117707267144319,8.4,11,Cascaded,2027,8.4,11
D0,DC/9E/8/D,BNA,6.0,,DC,9E,8,D,BNA,,71.85,194,270,75.44,5.00%,0.012410440122824974,203.7,270,Cascaded,2027,203.70000000000002,270
D0,DC/9E/8/D,BQK,6.0,,DC,9E,8,D,BQK,,78.49,73,93,82.42,5.00%,0.004669907881269191,76.65,93,Cascaded,2027,76.65,93
D0,DC/9E/8/D,BTR,6.0,,DC,9E,8,D,BTR,,51.72,30,58,54.31,5.00%,0.0019191402251791197,31.5,58,Cascaded,2027,31.500000000000004,58
D0,DC/9E/8/D,BTV,6.0,,DC,9E,8,D,BTV,,81.99,173,211,86.09,5.00%,0.01106704196519959,181.65,211,Cascaded,2027,181.65000000000003,211
D0,DC/9E/8/D,BUF,6.0,,DC,9E,8,D,BUF,,75.11,175,233,78.86,5.00%,0.011194984646878198,183.75,233,Cascaded,2027,183.75000000000003,233
D0,DC/9E/8/D,CAE,6.0,,DC,9E,8,D,CAE,,63.72,72,113,66.9,5.00%,0.004605936540429887,75.6,113,Cascaded,2027,75.60000000000001,113
D0,DC/9E/8/D,CHA,6.0,,DC,9E,8,D,CHA,,73.54,164,223,77.22,5.00%,0.010491299897645854,172.2,223,Cascaded,2027,172.20000000000002,223
D0,DC/9E/8/D,CHO,6.0,,DC,9E,8,D,CHO,,76.79,129,168,80.63,5.00%,0.008252302968270215,135.45,168,Cascaded,2027,135.45000000000002,168
D0,DC/9E/8/D,CHS,6.0,,DC,9E,8,D,CHS,,78.91,101,128,82.85,5.00%,0.006461105424769703,106.05,128,Cascaded,2027,106.05000000000001,128
D0,DC/9E/8/D,CID,6.0,,DC,9E,8,D,CID,,68.82,64,93,72.26,5.00%,0.0040941658137154556,67.2,93,Cascaded,2027,67.2,93
D0,DC/9E/8/D,CLE,6.0,,DC,9E,8,D,CLE,,75.78,244,322,79.57,5.00%,0.015609007164790174,256.2,322,Cascaded,2027,256.20000000000005,322
D0,DC/9E/8/D,CLT,6.0,,DC,9E,8,D,CLT,,70.37,152,216,73.89,5.00%,0.009723643807574206,159.6,216,Cascaded,2027,159.60000000000002,216
D0,DC/9E/8/D,CMH,6.0,,DC,9E,8,D,CMH,,73.21,82,112,76.88,5.00%,0.005245649948822927,86.1,112,Cascaded,2027,86.10000000000001,112
D0,DC/9E/8/D,CRW,6.0,,DC,9E,8,D,CRW,,75.86,66,87,79.66,5.00%,0.004222108495394063,69.3,87,Cascaded,2027,69.30000000000001,87
D0,DC/9E/8/D,CSG,6.0,,DC,9E,8,D,CSG,,63.64,7,11,66.82,5.00%,0.00044779938587512794,7.35,11,Cascaded,2027,7.350000000000001,11
D0,DC/9E/8/D,CVG,6.0,,DC,9E,8,D,CVG,,76.14,469,616,79.94,5.00%,0.030002558853633572,492.45,616,Cascaded,2027,492.45000000000005,616
D0,DC/9E/8/D,CWA,6.0,,DC,9E,8,D,CWA,,79.03,49,62,82.98,5.00%,0.0031345957011258956,51.45,62,Cascaded,2027,51.45000000000001,62
D0,DC/9E/8/D,DAY,6.0,,DC,9E,8,D,DAY,,84.62,22,26,88.85,5.00%,0.0014073694984646878,23.1,26,Cascaded,2027,23.1,26
D0,DC/9E/8/D,DCA,6.0,,DC,9E,8,D,DCA,,69.54,121,174,73.02,5.00%,0.007740532241555783,127.05,174,Cascaded,2027,127.05000000000001,174
D0,DC/9E/8/D,DHN,6.0,,DC,9E,8,D,DHN,,83.54,66,79,87.72,5.00%,0.004222108495394063,69.3,79,Cascaded,2027,69.30000000000001,79
D0,DC/9E/8/D,DLH,6.0,,DC,9E,8,D,DLH,,92.86,26,28,97.5,5.00%,0.0016632548618219038,27.3,28,Cascaded,2027,27.300000000000004,28
D0,DC/9E/8/D,DSM,6.0,,DC,9E,8,D,DSM,,81.17,194,239,85.23,5.00%,0.012410440122824974,203.7,239,Cascaded,2027,203.70000000000002,239
D0,DC/9E/8/D,DTW,6.0,,DC,9E,8,D,DTW,,75.07,1418,1889,78.82,5.00%,0.09071136131013306,1488.9,1889,Cascaded,2027,1488.9,1889
D0,DC/9E/8/D,ECP,6.0,,DC,9E,8,D,ECP,,60.0,3,5,63.0,5.00%,0.00019191402251791197,3.15,5,Cascaded,2027,3.1500000000000004,5
D0,DC/9E/8/D,EVV,6.0,,DC,9E,8,D,EVV,,76.99,87,113,80.84,5.00%,0.005565506653019447,91.35,113,Cascaded,2027,91.35000000000001,113
D0,DC/9E/8/D,EWR,6.0,,DC,9E,8,D,EWR,,68.97,60,87,72.41,5.00%,0.0038382804503582393,63.0,87,Cascaded,2027,63.00000000000001,87
D0,DC/9E/8/D,FAR,6.0,,DC,9E,8,D,FAR,,77.78,14,18,81.67,5.00%,0.0008955987717502559,14.7,18,Cascaded,2027,14.700000000000003,18
D0,DC/9E/8/D,FAY,6.0,,DC,9E,8,D,FAY,,81.25,78,96,85.31,5.00%,0.004989764585465711,81.9,96,Cascaded,2027,81.9,96
D0,DC/9E/8/D,FSD,6.0,,DC,9E,8,D,FSD,,63.89,69,108,67.08,5.00%,0.0044140225179119755,72.45,108,Cascaded,2027,72.45,108
D0,DC/9E/8/D,GFK,6.0,,DC,9E,8,D,GFK,,85.0,17,20,89.25,5.00%,0.0010875127942681678,17.85,20,Cascaded,2027,17.85,20
D0,DC/9E/8/D,GRB,6.0,,DC,9E,8,D,GRB,,85.47,100,117,89.74,5.00%,0.0063971340839304,105.0,117,Cascaded,2027,105.00000000000001,117
D0,DC/9E/8/D,GRR,6.0,,DC,9E,8,D,GRR,,68.07,81,119,71.47,5.00%,0.005181678607983623,85.05,119,Cascaded,2027,85.05000000000001,119
D0,DC/9E/8/D,GSO,6.0,,DC,9E,8,D,GSO,,81.37,83,102,85.44,5.00%,0.005309621289662231,87.15,102,Cascaded,2027,87.15,102
D0,DC/9E/8/D,GSP,6.0,,DC,9E,8,D,GSP,,70.77,92,130,74.31,5.00%,0.005885363357215967,96.6,130,Cascaded,2027,96.60000000000001,130
D0,DC/9E/8/D,GTR,6.0,,DC,9E,8,D,GTR,,83.61,51,61,87.79,5.00%,0.0032625383828045035,53.55,61,Cascaded,2027,53.550000000000004,61
D0,DC/9E/8/D,HPN,6.0,,DC,9E,8,D,HPN,,68.52,111,162,71.94,5.00%,0.007100818833162743,116.55,162,Cascaded,2027,116.55000000000001,162
D0,DC/9E/8/D,HSV,6.0,,DC,9E,8,D,HSV,,75.41,92,122,79.18,5.00%,0.005885363357215967,96.6,122,Cascaded,2027,96.60000000000001,122
D0,DC/9E/8/D,IAD,6.0,,DC,9E,8,D,IAD,,70.18,80,114,73.68,5.00%,0.00511770726714432,84.0,114,Cascaded,2027,84.00000000000001,114
D0,DC/9E/8/D,ILM,6.0,,DC,9E,8,D,ILM,,70.59,60,85,74.12,5.00%,0.0038382804503582393,63.0,85,Cascaded,2027,63.00000000000001,85
D0,DC/9E/8/D,IND,6.0,,DC,9E,8,D,IND,,83.79,243,290,87.98,5.00%,0.01554503582395087,255.15,290,Cascaded,2027,255.15000000000003,290
D0,DC/9E/8/D,ITH,6.0,,DC,9E,8,D,ITH,,85.25,52,61,89.51,5.00%,0.0033265097236438077,54.6,61,Cascaded,2027,54.60000000000001,61
D0,DC/9E/8/D,JAN,6.0,,DC,9E,8,D,JAN,,70.97,22,31,74.52,5.00%,0.0014073694984646878,23.1,31,Cascaded,2027,23.1,31
D0,DC/9E/8/D,JAX,6.0,,DC,9E,8,D,JAX,,78.86,138,175,82.8,5.00%,0.008828045035823951,144.9,175,Cascaded,2027,144.9,175
D0,DC/9E/8/D,JFK,6.0,,DC,9E,8,D,JFK,,75.01,1420,1893,78.76,5.00%,0.09083930399181167,1491.0,1893,Cascaded,2027,1491.0000000000002,1893
D0,DC/9E/8/D,LEX,6.0,,DC,9E,8,D,LEX,,80.95,51,63,85.0,5.00%,0.0032625383828045035,53.55,63,Cascaded,2027,53.550000000000004,63
D0,DC/9E/8/D,LFT,6.0,,DC,9E,8,D,LFT,,77.14,54,70,81.0,5.00%,0.0034544524053224156,56.7,70,Cascaded,2027,56.70000000000001,70
D0,DC/9E/8/D,LGA,6.0,,DC,9E,8,D,LGA,,74.71,1982,2653,78.44,5.00%,0.12679119754350052,2081.1,2653,Cascaded,2027,2081.1000000000004,2653
D0,DC/9E/8/D,LIT,6.0,,DC,9E,8,D,LIT,,71.43,20,28,75.0,5.00%,0.00127942681678608,21.0,28,Cascaded,2027,21.000000000000004,28
D0,DC/9E/8/D,MCI,6.0,,DC,9E,8,D,MCI,,63.11,77,122,66.27,5.00%,0.004925793244626407,80.85,122,Cascaded,2027,80.85000000000001,122
D0,DC/9E/8/D,MCO,6.0,,DC,9E,8,D,MCO,,20.0,1,5,21.0,5.00%,6.397134083930399e-05,1.05,5,Cascaded,2027,1.05,5
D0,DC/9E/8/D,MDT,6.0,,DC,9E,8,D,MDT,,74.47,70,94,78.19,5.00%,0.00447799385875128,73.5,94,Cascaded,2027,73.50000000000001,94
D0,DC/9E/8/D,MDW,6.0,,DC,9E,8,D,MDW,,76.92,20,26,80.77,5.00%,0.00127942681678608,21.0,26,Cascaded,2027,21.000000000000004,26
D0,DC/9E/8/D,MEM,6.0,,DC,9E,8,D,MEM,,80.0,68,85,84.0,5.00%,0.004350051177072671,71.4,85,Cascaded,2027,71.4,85
D0,DC/9E/8/D,MGM,6.0,,DC,9E,8,D,MGM,,62.77,59,94,65.9,5.00%,0.0037743091095189356,61.95,94,Cascaded,2027,61.95000000000001,94
D0,DC/9E/8/D,MKE,6.0,,DC,9E,8,D,MKE,,66.0,66,100,69.3,5.00%,0.004222108495394063,69.3,100,Cascaded,2027,69.30000000000001,100
D0,DC/9E/8/D,MLI,6.0,,DC,9E,8,D,MLI,,85.25,52,61,89.51,5.00%,0.0033265097236438077,54.6,61,Cascaded,2027,54.60000000000001,61
D0,DC/9E/8/D,MLU,6.0,,DC,9E,8,D,MLU,,77.42,72,93,81.29,5.00%,0.004605936540429887,75.6,93,Cascaded,2027,75.60000000000001,93
D0,DC/9E/8/D,MOB,6.0,,DC,9E,8,D,MOB,,80.77,42,52,84.81,5.00%,0.0026867963152507677,44.1,52,Cascaded,2027,44.10000000000001,52
D0,DC/9E/8/D,MOT,6.0,,DC,9E,8,D,MOT,,72.0,18,25,75.6,5.00%,0.0011514841351074718,18.9,25,Cascaded,2027,18.900000000000002,25
D0,DC/9E/8/D,MSN,6.0,,DC,9E,8,D,MSN,,72.22,39,54,75.83,5.00%,0.0024948822927328557,40.95,54,Cascaded,2027,40.95,54
D0,DC/9E/8/D,MSP,6.0,,DC,9E,8,D,MSP,,64.88,813,1253,68.13,5.00%,0.052008700102354144,853.65,1253,Cascaded,2027,853.6500000000001,1253
D0,DC/9E/8/D,OAJ,6.0,,DC,9E,8,D,OAJ,,78.9,86,109,82.84,5.00%,0.005501535312180143,90.3,109,Cascaded,2027,90.30000000000001,109
D0,DC/9E/8/D,OMA,6.0,,DC,9E,8,D,OMA,,78.69,96,122,82.62,5.00%,0.006141248720573183,100.8,122,Cascaded,2027,100.80000000000001,122
D0,DC/9E/8/D,ORD,6.0,,DC,9E,8,D,ORD,,61.54,56,91,64.62,5.00%,0.0035823950870010235,58.8,91,Cascaded,2027,58.80000000000001,91
D0,DC/9E/8/D,ORF,6.0,,DC,9E,8,D,ORF,,67.96,123,181,71.35,5.00%,0.00786847492323439,129.15,181,Cascaded,2027,129.15,181
D0,DC/9E/8/D,ORH,6.0,,DC,9E,8,D,ORH,,76.92,20,26,80.77,5.00%,0.00127942681678608,21.0,26,Cascaded,2027,21.000000000000004,26
D0,DC/9E/8/D,PIT,6.0,,DC,9E,8,D,PIT,,58.82,70,119,61.76,5.00%,0.00447799385875128,73.5,119,Cascaded,2027,73.50000000000001,119
D0,DC/9E/8/D,PNS,6.0,,DC,9E,8,D,PNS,,55.56,5,9,58.33,5.00%,0.00031985670419652,5.25,9,Cascaded,2027,5.250000000000001,9
D0,DC/9E/8/D,PVD,6.0,,DC,9E,8,D,PVD,,55.0,11,20,57.75,5.00%,0.0007036847492323439,11.55,20,Cascaded,2027,11.55,20
D0,DC/9E/8/D,PWM,6.0,,DC,9E,8,D,PWM,,68.59,107,156,72.02,5.00%,0.006844933469805527,112.35,156,Cascaded,2027,112.35000000000001,156
D0,DC/9E/8/D,RAP,6.0,,DC,9E,8,D,RAP,,78.1,82,105,82.0,5.00%,0.005245649948822927,86.1,105,Cascaded,2027,86.10000000000001,105
D0,DC/9E/8/D,RDU,6.0,,DC,9E,8,D,RDU,,70.36,444,631,73.88,5.00%,0.02840327533265097,466.2,631,Cascaded,2027,466.20000000000005,631
D0,DC/9E/8/D,RIC,6.0,,DC,9E,8,D,RIC,,77.83,179,230,81.72,5.00%,0.011450870010235415,187.95,230,Cascaded,2027,187.95000000000002,230
D0,DC/9E/8/D,ROA,6.0,,DC,9E,8,D,ROA,,70.94,83,117,74.49,5.00%,0.005309621289662231,87.15,117,Cascaded,2027,87.15,117
D0,DC/9E/8/D,ROC,6.0,,DC,9E,8,D,ROC,,72.64,154,212,76.27,5.00%,0.009851586489252814,161.7,212,Cascaded,2027,161.70000000000002,212
D0,DC/9E/8/D,RST,6.0,,DC,9E,8,D,RST,,74.29,52,70,78.0,5.00%,0.0033265097236438077,54.6,70,Cascaded,2027,54.60000000000001,70
D0,DC/9E/8/D,RSW,6.0,,DC,9E,8,D,RSW,,60.0,3,5,63.0,5.00%,0.00019191402251791197,3.15,5,Cascaded,2027,3.1500000000000004,5
D0,DC/9E/8/D,SAV,6.0,,DC,9E,8,D,SAV,,69.23,99,143,72.69,5.00%,0.006333162743091095,103.95,143,Cascaded,2027,103.95000000000002,143
D0,DC/9E/8/D,SDF,6.0,,DC,9E,8,D,SDF,,68.75,33,48,72.19,5.00%,0.0021110542476970315,34.65,48,Cascaded,2027,34.650000000000006,48
D0,DC/9E/8/D,SHV,6.0,,DC,9E,8,D,SHV,,87.5,7,8,91.88,5.00%,0.00044779938587512794,7.35,8,Cascaded,2027,7.350000000000001,8
D0,DC/9E/8/D,STL,6.0,,DC,9E,8,D,STL,,82.86,116,140,87.0,5.00%,0.007420675537359263,121.8,140,Cascaded,2027,121.80000000000001,140
D0,DC/9E/8/D,SYR,6.0,,DC,9E,8,D,SYR,,81.75,215,263,85.84,5.00%,0.013753838280450358,225.75,263,Cascaded,2027,225.75000000000003,263
D0,DC/9E/8/D,TLH,6.0,,DC,9E,8,D,TLH,,60.61,20,33,63.64,5.00%,0.00127942681678608,21.0,33,Cascaded,2027,21.000000000000004,33
D0,DC/9E/8/D,TRI,6.0,,DC,9E,8,D,TRI,,73.85,48,65,77.54,5.00%,0.0030706243602865915,50.4,65,Cascaded,2027,50.400000000000006,65
D0,DC/9E/8/D,TUL,6.0,,DC,9E,8,D,TUL,,84.62,22,26,88.85,5.00%,0.0014073694984646878,23.1,26,Cascaded,2027,23.1,26
D0,DC/9E/8/D,TVC,6.0,,DC,9E,8,D,TVC,,50.0,33,66,52.5,5.00%,0.0021110542476970315,34.65,66,Cascaded,2027,34.650000000000006,66
D0,DC/9E/8/D,TYS,6.0,,DC,9E,8,D,TYS,,80.0,244,305,84.0,5.00%,0.015609007164790174,256.2,305,Cascaded,2027,256.20000000000005,305
D0,DC/9E/8/D,VLD,6.0,,DC,9E,8,D,VLD,,70.93,61,86,74.48,5.00%,0.0039022517911975435,64.05,86,Cascaded,2027,64.05000000000001,86
D0,DC/9E/8/D,XNA,6.0,,DC,9E,8,D,XNA,,72.76,203,279,76.4,5.00%,0.01298618219037871,213.15,279,Cascaded,2027,213.15000000000003,279
D0,DC/9E/8/I,ATL,6.0,,DC,9E,8,I,ATL,,57.14,8,14,60.0,5.00%,0.007497656982193065,8.4,14,Cascaded,2027,8.4,14
D0,DC/9E/8/I,DTW,6.0,,DC,9E,8,I,DTW,,75.58,130,172,79.36,5.00%,0.1218369259606373,136.5,172,Cascaded,2027,136.50000000000003,172
D0,DC/9E/8/I,ELH,6.0,,DC,9E,8,I,ELH,,71.43,5,7,75.0,5.00%,0.004686035613870665,5.25,7,Cascaded,2027,5.250000000000001,7
D0,DC/9E/8/I,GGT,6.0,,DC,9E,8,I,GGT,,0.0,0,1,0.0,0.00%,0.0,0.0,1,Cascaded,2027,0.0,1
D0,DC/9E/8/I,JFK,6.0,,DC,9E,8,I,JFK,,68.48,63,92,71.9,5.00%,0.059044048734770385,66.15,92,Cascaded,2027,66.15,92
D0,DC/9E/8/I,LGA,6.0,,DC,9E,8,I,LGA,,77.78,245,315,81.67,5.00%,0.2296157450796626,257.25,315,Cascaded,2027,257.25000000000006,315
D0,DC/9E/8/I,MHH,6.0,,DC,9E,8,I,MHH,,50.0,3,6,52.5,5.00%,0.0028116213683223993,3.15,6,Cascaded,2027,3.1500000000000004,6
D0,DC/9E/8/I,MSP,6.0,,DC,9E,8,I,MSP,,67.68,67,99,71.06,5.00%,0.06279287722586692,70.35,99,Cascaded,2027,70.35000000000001,99
D0,DC/9E/8/I,YHZ,6.0,,DC,9E,8,I,YHZ,,77.42,48,62,81.29,5.00%,0.04498594189315839,50.4,62,Cascaded,2027,50.400000000000006,62
D0,DC/9E/8/I,YUL,6.0,,DC,9E,8,I,YUL,,83.78,124,148,87.97,5.00%,0.1162136832239925,130.2,148,Cascaded,2027,130.20000000000002,148
D0,DC/9E/8/I,YYZ,6.0,,DC,9E,8,I,YYZ,,80.09,374,467,84.09,5.00%,0.35051546391752575,392.7,467,Cascaded,2027,392.70000000000005,467
D0,DC/9E/9/D,ABE,6.0,,DC,9E,9,D,ABE,,78.82,67,85,82.76,5.00%,0.004172375140117076,70.35,85,Cascaded,2027,70.35000000000001,85
D0,DC/9E/9/D,ABY,6.0,,DC,9E,9,D,ABY,,75.0,30,40,78.75,5.00%,0.0018682276746792876,31.5,40,Cascaded,2027,31.500000000000004,40
D0,DC/9E/9/D,AEX,6.0,,DC,9E,9,D,AEX,,77.78,70,90,81.67,5.00%,0.004359197907585004,73.5,90,Cascaded,2027,73.5,90
D0,DC/9E/9/D,AGS,6.0,,DC,9E,9,D,AGS,,82.44,108,131,86.56,5.00%,0.006725619628845435,113.4,131,Cascaded,2027,113.4,131
D0,DC/9E/9/D,ALB,6.0,,DC,9E,9,D,ALB,,91.86,79,86,96.45,5.00%,0.004919666209988791,82.95,86,Cascaded,2027,82.95,86
D0,DC/9E/9/D,ATL,6.0,,DC,9E,9,D,ATL,,78.6,1862,2369,82.53,5.00%,0.11595466434176112,1955.1,2369,Cascaded,2027,1955.1000000000001,2369
D0,DC/9E/9/D,AUS,6.0,,DC,9E,9,D,AUS,,77.78,70,90,81.67,5.00%,0.004359197907585004,73.5,90,Cascaded,2027,73.5,90
D0,DC/9E/9/D,AVL,6.0,,DC,9E,9,D,AVL,,71.67,43,60,75.25,5.00%,0.0026777930003736455,45.15,60,Cascaded,2027,45.150000000000006,60
D0,DC/9E/9/D,AZO,6.0,,DC,9E,9,D,AZO,,100.0,1,1,105.0,5.00%,6.227425582264292e-05,1.05,1,Cascaded,2027,1.05,1
D0,DC/9E/9/D,BGR,6.0,,DC,9E,9,D,BGR,,87.29,103,118,91.65,5.00%,0.006414248349732221,108.15,118,Cascaded,2027,108.15,118
D0,DC/9E/9/D,BHM,6.0,,DC,9E,9,D,BHM,,74.38,119,160,78.09,5.00%,0.0074106364428945075,124.95,160,Cascaded,2027,124.95000000000002,160
D0,DC/9E/9/D,BIS,6.0,,DC,9E,9,D,BIS,,85.71,18,21,90.0,5.00%,0.0011209366048075726,18.9,21,Cascaded,2027,18.900000000000002,21
D0,DC/9E/9/D,BMI,6.0,,DC,9E,9,D,BMI,,92.5,37,40,97.12,5.00%,0.002304147465437788,38.85,40,Cascaded,2027,38.85,40
D0,DC/9E/9/D,BNA,6.0,,DC,9E,9,D,BNA,,80.16,202,252,84.17,5.00%,0.01257939967617387,212.1,252,Cascaded,2027,212.10000000000002,252
D0,DC/9E/9/D,BQK,6.0,,DC,9E,9,D,BQK,,84.44,76,90,88.67,5.00%,0.004732843442520862,79.8,90,Cascaded,2027,79.80000000000001,90
D0,DC/9E/9/D,BTR,6.0,,DC,9E,9,D,BTR,,73.08,38,52,76.73,5.00%,0.002366421721260431,39.9,52,Cascaded,2027,39.900000000000006,52
D0,DC/9E/9/D,BTV,6.0,,DC,9E,9,D,BTV,,83.0,166,200,87.15,5.00%,0.010337526466558725,174.3,200,Cascaded,2027,174.3,200
D0,DC/9E/9/D,BUF,6.0,,DC,9E,9,D,BUF,,84.0,168,200,88.2,5.00%,0.010462074978204011,176.4,200,Cascaded,2027,176.4,200
D0,DC/9E/9/D,BWI,6.0,,DC,9E,9,D,BWI,,100.0,2,2,105.0,5.00%,0.00012454851164528583,2.1,2,Cascaded,2027,2.1,2
D0,DC/9E/9/D,CAE,6.0,,DC,9E,9,D,CAE,,72.97,81,111,76.62,5.00%,0.005044214721634076,85.05,111,Cascaded,2027,85.05000000000001,111
D0,DC/9E/9/D,CHA,6.0,,DC,9E,9,D,CHA,,81.37,166,204,85.44,5.00%,0.010337526466558725,174.3,204,Cascaded,2027,174.3,204
D0,DC/9E/9/D,CHO,6.0,,DC,9E,9,D,CHO,,91.25,146,160,95.81,5.00%,0.009092041350105867,153.3,160,Cascaded,2027,153.3,160
D0,DC/9E/9/D,CHS,6.0,,DC,9E,9,D,CHS,,81.06,107,132,85.11,5.00%,0.0066633453730227925,112.35,132,Cascaded,2027,112.35000000000001,132
D0,DC/9E/9/D,CID,6.0,,DC,9E,9,D,CID,,78.79,26,33,82.73,5.00%,0.0016191306513887158,27.3,33,Cascaded,2027,27.3,33
D0,DC/9E/9/D,CLE,6.0,,DC,9E,9,D,CLE,,79.46,236,297,83.43,5.00%,0.01469672437414373,247.8,297,Cascaded,2027,247.8,297
D0,DC/9E/9/D,CLT,6.0,,DC,9E,9,D,CLT,,80.0,140,175,84.0,5.00%,0.008718395815170008,147.0,175,Cascaded,2027,147.0,175
D0,DC/9E/9/D,CMH,6.0,,DC,9E,9,D,CMH,,75.59,96,127,79.37,5.00%,0.00597832855897372,100.8,127,Cascaded,2027,100.80000000000001,127
D0,DC/9E/9/D,CRW,6.0,,DC,9E,9,D,CRW,,77.94,53,68,81.84,5.00%,0.003300535558600075,55.65,68,Cascaded,2027,55.650000000000006,68
D0,DC/9E/9/D,CVG,6.0,,DC,9E,9,D,CVG,,86.31,479,555,90.62,5.00%,0.02982936853904596,502.95,555,Cascaded,2027,502.95000000000005,555
D0,DC/9E/9/D,CWA,6.0,,DC,9E,9,D,CWA,,81.67,49,60,85.75,5.00%,0.003051438535309503,51.45,60,Cascaded,2027,51.45,60
D0,DC/9E/9/D,DAY,6.0,,DC,9E,9,D,DAY,,83.33,5,6,87.5,5.00%,0.0003113712791132146,5.25,6,Cascaded,2027,5.25,6
D0,DC/9E/9/D,DCA,6.0,,DC,9E,9,D,DCA,,76.61,131,171,80.44,5.00%,0.008157927512766222,137.55,171,Cascaded,2027,137.55,171
D0,DC/9E/9/D,DHN,6.0,,DC,9E,9,D,DHN,,79.07,68,86,83.02,5.00%,0.0042346493959397186,71.4,86,Cascaded,2027,71.4,86
D0,DC/9E/9/D,DLH,6.0,,DC,9E,9,D,DLH,,65.22,15,23,68.48,5.00%,0.0009341138373396438,15.75,23,Cascaded,2027,15.750000000000002,23
D0,DC/9E/9/D,DSM,6.0,,DC,9E,9,D,DSM,,83.97,199,237,88.16,5.00%,0.012392576908705941,208.95,237,Cascaded,2027,208.95000000000002,237
D0,DC/9E/9/D,DTW,6.0,,DC,9E,9,D,DTW,,83.31,1522,1827,87.47,5.00%,0.09478141736206253,1598.1,1827,Cascaded,2027,1598.1000000000001,1827
D0,DC/9E/9/D,ECP,6.0,,DC,9E,9,D,ECP,,100.0,2,2,105.0,5.00%,0.00012454851164528583,2.1,2,Cascaded,2027,2.1,2
D0,DC/9E/9/D,EVV,6.0,,DC,9E,9,D,EVV,,81.31,87,107,85.37,5.00%,0.005417860256569934,91.35,107,Cascaded,2027,91.35000000000001,107
D0,DC/9E/9/D,EWR,6.0,,DC,9E,9,D,EWR,,83.15,74,89,87.3,5.00%,0.004608294930875576,77.7,89,Cascaded,2027,77.7,89
D0,DC/9E/9/D,FAR,6.0,,DC,9E,9,D,FAR,,50.0,18,36,52.5,5.00%,0.0011209366048075726,18.9,36,Cascaded,2027,18.900000000000002,36
D0,DC/9E/9/D,FAY,6.0,,DC,9E,9,D,FAY,,86.27,88,102,90.59,5.00%,0.0054801345123925765,92.4,102,Cascaded,2027,92.4,102
D0,DC/9E/9/D,FSD,6.0,,DC,9E,9,D,FSD,,57.89,44,76,60.79,5.00%,0.0027400672561962883,46.2,76,Cascaded,2027,46.2,76
D0,DC/9E/9/D,GRB,6.0,,DC,9E,9,D,GRB,,88.14,104,118,92.54,5.00%,0.006476522605554863,109.2,118,Cascaded,2027,109.2,118
D0,DC/9E/9/D,GRR,6.0,,DC,9E,9,D,GRR,,89.29,100,112,93.75,5.00%,0.006227425582264292,105.0,112,Cascaded,2027,105.00000000000001,112
D0,DC/9E/9/D,GSO,6.0,,DC,9E,9,D,GSO,,88.42,84,95,92.84,5.00%,0.0052310374891020054,88.2,95,Cascaded,2027,88.2,95
D0,DC/9E/9/D,GSP,6.0,,DC,9E,9,D,GSP,,77.94,106,136,81.84,5.00%,0.00660107111720015,111.3,136,Cascaded,2027,111.30000000000001,136
D0,DC/9E/9/D,GTR,6.0,,DC,9E,9,D,GTR,,76.67,46,60,80.5,5.00%,0.0028646157678415742,48.3,60,Cascaded,2027,48.300000000000004,60
D0,DC/9E/9/D,HPN,6.0,,DC,9E,9,D,HPN,,73.84,127,172,77.53,5.00%,0.007908830489475651,133.35,172,Cascaded,2027,133.35000000000002,172
D0,DC/9E/9/D,HSV,6.0,,DC,9E,9,D,HSV,,78.67,59,75,82.6,5.00%,0.0036741810935359324,61.95,75,Cascaded,2027,61.95,75
D0,DC/9E/9/D,IAD,6.0,,DC,9E,9,D,IAD,,74.48,108,145,78.21,5.00%,0.006725619628845435,113.4,145,Cascaded,2027,113.4,145
D0,DC/9E/9/D,ILM,6.0,,DC,9E,9,D,ILM,,82.56,71,86,86.69,5.00%,0.004421472163407647,74.55,86,Cascaded,2027,74.55000000000001,86
D0,DC/9E/9/D,IND,6.0,,DC,9E,9,D,IND,,87.94,248,282,92.34,5.00%,0.015444015444015444,260.4,282,Cascaded,2027,260.40000000000003,282
D0,DC/9E/9/D,ITH,6.0,,DC,9E,9,D,ITH,,83.05,49,59,87.2,5.00%,0.003051438535309503,51.45,59,Cascaded,2027,51.45,59
D0,DC/9E/9/D,JAN,6.0,,DC,9E,9,D,JAN,,72.73,24,33,76.36,5.00%,0.00149458213974343,25.2,33,Cascaded,2027,25.200000000000003,33
D0,DC/9E/9/D,JAX,6.0,,DC,9E,9,D,JAX,,73.38,113,154,77.05,5.00%,0.00703699090795865,118.65,154,Cascaded,2027,118.65,154
D0,DC/9E/9/D,JFK,6.0,,DC,9E,9,D,JFK,,81.23,1458,1795,85.29,5.00%,0.09079586498941337,1530.9,1795,Cascaded,2027,1530.9,1795
D0,DC/9E/9/D,LEX,6.0,,DC,9E,9,D,LEX,,85.0,51,60,89.25,5.00%,0.003175987046954789,53.55,60,Cascaded,2027,53.550000000000004,60
D0,DC/9E/9/D,LFT,6.0,,DC,9E,9,D,LFT,,88.0,66,75,92.4,5.00%,0.004110100884294433,69.3,75,Cascaded,2027,69.30000000000001,75
D0,DC/9E/9/D,LGA,6.0,,DC,9E,9,D,LGA,,79.55,1995,2508,83.52,5.00%,0.12423714036617263,2094.75,2508,Cascaded,2027,2094.75,2508
D0,DC/9E/9/D,LIT,6.0,,DC,9E,9,D,LIT,,80.77,21,26,84.81,5.00%,0.0013077593722755014,22.05,26,Cascaded,2027,22.05,26
D0,DC/9E/9/D,MCI,6.0,,DC,9E,9,D,MCI,,73.28,85,116,76.94,5.00%,0.005293311744924648,89.25,116,Cascaded,2027,89.25000000000001,116
D0,DC/9E/9/D,MDT,6.0,,DC,9E,9,D,MDT,,82.35,70,85,86.47,5.00%,0.004359197907585004,73.5,85,Cascaded,2027,73.5,85
D0,DC/9E/9/D,MDW,6.0,,DC,9E,9,D,MDW,,75.86,22,29,79.66,5.00%,0.0013700336280981441,23.1,29,Cascaded,2027,23.1,29
D0,DC/9E/9/D,MEM,6.0,,DC,9E,9,D,MEM,,81.71,67,82,85.79,5.00%,0.004172375140117076,70.35,82,Cascaded,2027,70.35000000000001,82
D0,DC/9E/9/D,MGM,6.0,,DC,9E,9,D,MGM,,72.73,56,77,76.36,5.00%,0.0034873583260680036,58.8,77,Cascaded,2027,58.800000000000004,77
D0,DC/9E/9/D,MKE,6.0,,DC,9E,9,D,MKE,,88.55,116,131,92.98,5.00%,0.007223813675426578,121.8,131,Cascaded,2027,121.80000000000001,131
D0,DC/9E/9/D,MLI,6.0,,DC,9E,9,D,MLI,,85.0,51,60,89.25,5.00%,0.003175987046954789,53.55,60,Cascaded,2027,53.550000000000004,60
D0,DC/9E/9/D,MLU,6.0,,DC,9E,9,D,MLU,,83.33,75,90,87.5,5.00%,0.004670569186698219,78.75,90,Cascaded,2027,78.75,90
D0,DC/9E/9/D,MOB,6.0,,DC,9E,9,D,MOB,,91.53,54,59,96.1,5.00%,0.0033628098144227177,56.7,59,Cascaded,2027,56.7,59
D0,DC/9E/9/D,MOT,6.0,,DC,9E,9,D,MOT,,100.0,11,11,105.0,5.00%,0.0006850168140490721,11.55,11,Cascaded,2027,11.55,11
D0,DC/9E/9/D,MSN,6.0,,DC,9E,9,D,MSN,,76.32,29,38,80.13,5.00%,0.0018059534188566446,30.45,38,Cascaded,2027,30.450000000000003,38
D0,DC/9E/9/D,MSP,6.0,,DC,9E,9,D,MSP,,69.72,783,1123,73.21,5.00%,0.048760742309129405,822.15,1123,Cascaded,2027,822.1500000000001,1123
D0,DC/9E/9/D,OAJ,6.0,,DC,9E,9,D,OAJ,,89.22,91,102,93.68,5.00%,0.005666957279860506,95.55,102,Cascaded,2027,95.55000000000001,102
D0,DC/9E/9/D,OKC,6.0,,DC,9E,9,D,OKC,,100.0,2,2,105.0,5.00%,0.00012454851164528583,2.1,2,Cascaded,2027,2.1,2
D0,DC/9E/9/D,OMA,6.0,,DC,9E,9,D,OMA,,86.51,109,126,90.83,5.00%,0.006787893884668078,114.45,126,Cascaded,2027,114.45000000000002,126
D0,DC/9E/9/D,ORD,6.0,,DC,9E,9,D,ORD,,67.77,82,121,71.16,5.00%,0.005106488977456719,86.1,121,Cascaded,2027,86.10000000000001,121
D0,DC/9E/9/D,ORF,6.0,,DC,9E,9,D,ORF,,64.0,112,175,67.2,5.00%,0.006974716652136007,117.6,175,Cascaded,2027,117.60000000000001,175
D0,DC/9E/9/D,ORH,6.0,,DC,9E,9,D,ORH,,80.77,21,26,84.81,5.00%,0.0013077593722755014,22.05,26,Cascaded,2027,22.05,26
D0,DC/9E/9/D,PIT,6.0,,DC,9E,9,D,PIT,,70.18,80,114,73.68,5.00%,0.0049819404658114335,84.0,114,Cascaded,2027,84.0,114
D0,DC/9E/9/D,PNS,6.0,,DC,9E,9,D,PNS,,80.77,21,26,84.81,5.00%,0.0013077593722755014,22.05,26,Cascaded,2027,22.05,26
D0,DC/9E/9/D,PWM,6.0,,DC,9E,9,D,PWM,,77.62,111,143,81.5,5.00%,0.0069124423963133645,116.55,143,Cascaded,2027,116.55000000000001,143
D0,DC/9E/9/D,RAP,6.0,,DC,9E,9,D,RAP,,74.44,67,90,78.17,5.00%,0.004172375140117076,70.35,90,Cascaded,2027,70.35000000000001,90
D0,DC/9E/9/D,RDU,6.0,,DC,9E,9,D,RDU,,80.1,459,573,84.11,5.00%,0.0285838834225931,481.95,573,Cascaded,2027,481.95000000000005,573
D0,DC/9E/9/D,RIC,6.0,,DC,9E,9,D,RIC,,81.11,146,180,85.17,5.00%,0.009092041350105867,153.3,180,Cascaded,2027,153.3,180
D0,DC/9E/9/D,ROA,6.0,,DC,9E,9,D,ROA,,79.31,92,116,83.28,5.00%,0.0057292315356831484,96.6,116,Cascaded,2027,96.60000000000001,116
D0,DC/9E/9/D,ROC,6.0,,DC,9E,9,D,ROC,,75.11,166,221,78.87,5.00%,0.010337526466558725,174.3,221,Cascaded,2027,174.3,221
D0,DC/9E/9/D,RST,6.0,,DC,9E,9,D,RST,,76.32,29,38,80.13,5.00%,0.0018059534188566446,30.45,38,Cascaded,2027,30.450000000000003,38
D0,DC/9E/9/D,RSW,6.0,,DC,9E,9,D,RSW,,0.0,0,1,0.0,0.00%,0.0,0.0,1,Cascaded,2027,0.0,1
D0,DC/9E/9/D,SAV,6.0,,DC,9E,9,D,SAV,,71.28,67,94,74.84,5.00%,0.004172375140117076,70.35,94,Cascaded,2027,70.35000000000001,94
D0,DC/9E/9/D,SBN,6.0,,DC,9E,9,D,SBN,,50.0,2,4,52.5,5.00%,0.00012454851164528583,2.1,4,Cascaded,2027,2.1,4
D0,DC/9E/9/D,SDF,6.0,,DC,9E,9,D,SDF,,83.12,64,77,87.27,5.00%,0.003985552372649147,67.2,77,Cascaded,2027,67.2,77
D0,DC/9E/9/D,SGF,6.0,,DC,9E,9,D,SGF,,70.0,14,20,73.5,5.00%,0.0008718395815170009,14.7,20,Cascaded,2027,14.700000000000001,20
D0,DC/9E/9/D,SHV,6.0,,DC,9E,9,D,SHV,,100.0,5,5,105.0,5.00%,0.0003113712791132146,5.25,5,Cascaded,2027,5.25,5
D0,DC/9E/9/D,STL,6.0,,DC,9E,9,D,STL,,80.0,132,165,84.0,5.00%,0.008220201768588866,138.6,165,Cascaded,2027,138.60000000000002,165
D0,DC/9E/9/D,SYR,6.0,,DC,9E,9,D,SYR,,83.75,232,277,87.94,5.00%,0.014447627350853157,243.6,277,Cascaded,2027,243.60000000000002,277
D0,DC/9E/9/D,TLH,6.0,,DC,9E,9,D,TLH,,78.79,26,33,82.73,5.00%,0.0016191306513887158,27.3,33,Cascaded,2027,27.3,33
D0,DC/9E/9/D,TRI,6.0,,DC,9E,9,D,TRI,,86.36,38,44,90.68,5.00%,0.002366421721260431,39.9,44,Cascaded,2027,39.900000000000006,44
D0,DC/9E/9/D,TUL,6.0,,DC,9E,9,D,TUL,,92.0,23,25,96.6,5.00%,0.0014323078839207871,24.15,25,Cascaded,2027,24.150000000000002,25
D0,DC/9E/9/D,TVC,6.0,,DC,9E,9,D,TVC,,73.81,31,42,77.5,5.00%,0.0019305019305019305,32.55,42,Cascaded,2027,32.550000000000004,42
D0,DC/9E/9/D,TYS,6.0,,DC,9E,9,D,TYS,,83.58,229,274,87.76,5.00%,0.01426080458338523,240.45,274,Cascaded,2027,240.45000000000002,274
D0,DC/9E/9/D,VLD,6.0,,DC,9E,9,D,VLD,,80.23,69,86,84.24,5.00%,0.004296923651762361,72.45,86,Cascaded,2027,72.45,86
D0,DC/9E/9/D,XNA,6.0,,DC,9E,9,D,XNA,,76.15,198,260,79.96,5.00%,0.012330302652883297,207.9,260,Cascaded,2027,207.9,260
D0,DC/9E/9/I,DTW,6.0,,DC,9E,9,I,DTW,,84.39,146,173,88.61,5.00%,0.14230019493177387,153.3,173,Cascaded,2027,153.29999999999998,173
D0,DC/9E/9/I,JFK,6.0,,DC,9E,9,I,JFK,,73.86,65,88,77.56,5.00%,0.06335282651072124,68.25,88,Cascaded,2027,68.25,88
D0,DC/9E/9/I,LGA,6.0,,DC,9E,9,I,LGA,,81.25,247,304,85.31,5.00%,0.24074074074074073,259.35,304,Cascaded,2027,259.34999999999997,304
D0,DC/9E/9/I,MSP,6.0,,DC,9E,9,I,MSP,,63.79,37,58,66.98,5.00%,0.036062378167641324,38.85,58,Cascaded,2027,38.85,58
D0,DC/9E/9/I,YHZ,6.0,,DC,9E,9,I,YHZ,,89.09,49,55,93.55,5.00%,0.04775828460038986,51.45,55,Cascaded,2027,51.449999999999996,55
D0,DC/9E/9/I,YUL,6.0,,DC,9E,9,I,YUL,,86.01,123,143,90.31,5.00%,0.11988304093567251,129.15,143,Cascaded,2027,129.15,143
D0,DC/9E/9/I,YYZ,6.0,,DC,9E,9,I,YYZ,,84.27,359,426,88.49,5.00%,0.34990253411306044,376.95,426,Cascaded,2027,376.95,426
D0,DC/OO/1/D,ABQ,6.0,,DC,OO,1,D,ABQ,,90.06,145,161,94.57,5.00%,0.010721679976338362,152.25,161,Cascaded,2027,152.25,161
D0,DC/OO/1/D,ABR,6.0,,DC,OO,1,D,ABR,,74.58,44,59,78.31,5.00%,0.003253475303164744,46.2,59,Cascaded,2027,46.2,59
D0,DC/OO/1/D,ALB,6.0,,DC,OO,1,D,ALB,,54.55,42,77,57.27,5.00%,0.003105590062111801,44.1,77,Cascaded,2027,44.1,77
D0,DC/OO/1/D,APN,6.0,,DC,OO,1,D,APN,,59.62,31,52,62.6,5.00%,0.002292221236320615,32.55,52,Cascaded,2027,32.550000000000004,52
D0,DC/OO/1/D,ASE,6.0,,DC,OO,1,D,ASE,,45.05,41,91,47.31,5.00%,0.0030316474415853297,43.05,91,Cascaded,2027,43.050000000000004,91
D0,DC/OO/1/D,ATL,6.0,,DC,OO,1,D,ATL,,57.59,368,639,60.47,5.00%,0.027210884353741496,386.4,639,Cascaded,2027,386.40000000000003,639
D0,DC/OO/1/D,ATW,6.0,,DC,OO,1,D,ATW,,49.66,74,149,52.15,5.00%,0.0054717539189588875,77.7,149,Cascaded,2027,77.7,149
D0,DC/OO/1/D,ATY,6.0,,DC,OO,1,D,ATY,,80.0,24,30,84.0,5.00%,0.001774622892635315,25.2,30,Cascaded,2027,25.200000000000003,30
D0,DC/OO/1/D,AUS,6.0,,DC,OO,1,D,AUS,,73.16,289,395,76.82,5.00%,0.02136941733215025,303.45,395,Cascaded,2027,303.45,395
D0,DC/OO/1/D,AZO,6.0,,DC,OO,1,D,AZO,,48.61,35,72,51.04,5.00%,0.002587991718426501,36.75,72,Cascaded,2027,36.75,72
D0,DC/OO/1/D,BGM,6.0,,DC,OO,1,D,BGM,,32.0,8,25,33.6,5.00%,0.0005915409642117716,8.4,25,Cascaded,2027,8.4,25
D0,DC/OO/1/D,BHM,6.0,,DC,OO,1,D,BHM,,33.33,5,15,35.0,5.00%,0.0003697131026323573,5.25,15,Cascaded,2027,5.25,15
D0,DC/OO/1/D,BIL,6.0,,DC,OO,1,D,BIL,,85.45,47,55,89.73,5.00%,0.0034753031647441583,49.35,55,Cascaded,2027,49.35,55
D0,DC/OO/1/D,BIS,6.0,,DC,OO,1,D,BIS,,71.43,10,14,75.0,5.00%,0.0007394262052647146,10.5,14,Cascaded,2027,10.5,14
D0,DC/OO/1/D,BJI,6.0,,DC,OO,1,D,BJI,,68.33,41,60,71.75,5.00%,0.0030316474415853297,43.05,60,Cascaded,2027,43.050000000000004,60
D0,DC/OO/1/D,BNA,6.0,,DC,OO,1,D,BNA,,73.42,58,79,77.09,5.00%,0.004288671990535345,60.9,79,Cascaded,2027,60.900000000000006,79
D0,DC/OO/1/D,BOI,6.0,,DC,OO,1,D,BOI,,82.28,209,254,86.4,5.00%,0.015454007690032535,219.45,254,Cascaded,2027,219.45000000000002,254
D0,DC/OO/1/D,BQK,6.0,,DC,OO,1,D,BQK,,0.0,0,3,0.0,0.00%,0.0,0.0,3,Cascaded,2027,0.0,3
D0,DC/OO/1/D,BRD,6.0,,DC,OO,1,D,BRD,,69.81,37,53,73.3,5.00%,0.0027358769594794437,38.85,53,Cascaded,2027,38.85,53
D0,DC/OO/1/D,BTM,6.0,,DC,OO,1,D,BTM,,100.0,30,30,105.0,5.00%,0.0022182786157941437,31.5,30,Cascaded,2027,31.5,30
D0,DC/OO/1/D,BTV,6.0,,DC,OO,1,D,BTV,,48.28,28,58,50.69,5.00%,0.002070393374741201,29.4,58,Cascaded,2027,29.400000000000002,58
D0,DC/OO/1/D,BUF,6.0,,DC,OO,1,D,BUF,,33.33,2,6,35.0,5.00%,0.0001478852410529429,2.1,6,Cascaded,2027,2.1,6
D0,DC/OO/1/D,BUR,6.0,,DC,OO,1,D,BUR,,90.77,59,65,95.31,5.00%,0.004362614611061816,61.95,65,Cascaded,2027,61.95,65
D0,DC/OO/1/D,BZN,6.0,,DC,OO,1,D,BZN,,85.62,131,153,89.9,5.00%,0.00968648328896776,137.55,153,Cascaded,2027,137.55,153
D0,DC/OO/1/D,CDC,6.0,,DC,OO,1,D,CDC,,94.34,50,53,99.06,5.00%,0.003697131026323573,52.5,53,Cascaded,2027,52.5,53
D0,DC/OO/1/D,CHS,6.0,,DC,OO,1,D,CHS,,46.34,19,41,48.66,5.00%,0.0014049097900029578,19.95,41,Cascaded,2027,19.950000000000003,41
D0,DC/OO/1/D,CID,6.0,,DC,OO,1,D,CID,,57.14,20,35,60.0,5.00%,0.0014788524105294291,21.0,35,Cascaded,2027,21.0,35
D0,DC/OO/1/D,CIU,6.0,,DC,OO,1,D,CIU,,61.54,32,52,64.62,5.00%,0.0023661638568470865,33.6,52,Cascaded,2027,33.6,52
D0,DC/OO/1/D,CLE,6.0,,DC,OO,1,D,CLE,,51.43,54,105,54.0,5.00%,0.003992901508429458,56.7,105,Cascaded,2027,56.7,105
D0,DC/OO/1/D,CMH,6.0,,DC,OO,1,D,CMH,,65.96,31,47,69.26,5.00%,0.002292221236320615,32.55,47,Cascaded,2027,32.550000000000004,47
D0,DC/OO/1/D,COS,6.0,,DC,OO,1,D,COS,,86.89,53,61,91.23,5.00%,0.003918958887902987,55.65,61,Cascaded,2027,55.650000000000006,61
D0,DC/OO/1/D,CRW,6.0,,DC,OO,1,D,CRW,,43.9,36,82,46.1,5.00%,0.0026619343389529724,37.8,82,Cascaded,2027,37.800000000000004,82
D0,DC/OO/1/D,DEN,6.0,,DC,OO,1,D,DEN,,77.25,146,189,81.11,5.00%,0.010795622596864833,153.3,189,Cascaded,2027,153.3,189
D0,DC/OO/1/D,DHN,6.0,,DC,OO,1,D,DHN,,55.0,11,20,57.75,5.00%,0.000813368825791186,11.55,20,Cascaded,2027,11.55,20
D0,DC/OO/1/D,DLH,6.0,,DC,OO,1,D,DLH,,56.6,30,53,59.43,5.00%,0.0022182786157941437,31.5,53,Cascaded,2027,31.5,53
D0,DC/OO/1/D,DTW,6.0,,DC,OO,1,D,DTW,,45.59,971,2130,47.87,5.00%,0.07179828453120378,1019.55,2130,Cascaded,2027,1019.5500000000001,2130
D0,DC/OO/1/D,ECP,6.0,,DC,OO,1,D,ECP,,50.0,4,8,52.5,5.00%,0.0002957704821058858,4.2,8,Cascaded,2027,4.2,8
D0,DC/OO/1/D,EGE,6.0,,DC,OO,1,D,EGE,,72.5,29,40,76.13,5.00%,0.0021443359952676723,30.45,40,Cascaded,2027,30.450000000000003,40
D0,DC/OO/1/D,EKO,6.0,,DC,OO,1,D,EKO,,85.42,41,48,89.69,5.00%,0.0030316474415853297,43.05,48,Cascaded,2027,43.050000000000004,48
D0,DC/OO/1/D,ELM,6.0,,DC,OO,1,D,ELM,,68.42,39,57,71.84,5.00%,0.002883762200532387,40.95,57,Cascaded,2027,40.95,57
D0,DC/OO/1/D,ESC,6.0,,DC,OO,1,D,ESC,,80.0,40,50,84.0,5.00%,0.0029577048210588583,42.0,50,Cascaded,2027,42.0,50
D0,DC/OO/1/D,EUG,6.0,,DC,OO,1,D,EUG,,83.92,120,143,88.11,5.00%,0.008873114463176575,126.0,143,Cascaded,2027,126.0,143
D0,DC/OO/1/D,EVV,6.0,,DC,OO,1,D,EVV,,75.0,6,8,78.75,5.00%,0.00044365572315882877,6.3,8,Cascaded,2027,6.300000000000001,8
D0,DC/OO/1/D,FAR,6.0,,DC,OO,1,D,FAR,,50.72,35,69,53.26,5.00%,0.002587991718426501,36.75,69,Cascaded,2027,36.75,69
D0,DC/OO/1/D,FAT,6.0,,DC,OO,1,D,FAT,,89.11,90,101,93.56,5.00%,0.006654835847382431,94.5,101,Cascaded,2027,94.5,101
D0,DC/OO/1/D,FCA,6.0,,DC,OO,1,D,FCA,,80.36,45,56,84.38,5.00%,0.0033274179236912156,47.25,56,Cascaded,2027,47.25,56
D0,DC/OO/1/D,FSD,6.0,,DC,OO,1,D,FSD,,52.27,23,44,54.89,5.00%,0.0017006802721088435,24.15,44,Cascaded,2027,24.150000000000002,44
D0,DC/OO/1/D,FWA,6.0,,DC,OO,1,D,FWA,,62.72,106,169,65.86,5.00%,0.007837917775805975,111.3,169,Cascaded,2027,111.30000000000001,169
D0,DC/OO/1/D,GEG,6.0,,DC,OO,1,D,GEG,,77.52,231,298,81.39,5.00%,0.017080745341614908,242.55,298,Cascaded,2027,242.55,298
D0,DC/OO/1/D,GFK,6.0,,DC,OO,1,D,GFK,,69.14,56,81,72.59,5.00%,0.004140786749482402,58.8,81,Cascaded,2027,58.800000000000004,81
D0,DC/OO/1/D,GJT,6.0,,DC,OO,1,D,GJT,,96.77,30,31,101.61,5.00%,0.0022182786157941437,31.5,31,Cascaded,2027,31.5,31
D0,DC/OO/1/D,GRB,6.0,,DC,OO,1,D,GRB,,68.55,85,124,71.98,5.00%,0.006285122744750074,89.25,124,Cascaded,2027,89.25,124
D0,DC/OO/1/D,GRR,6.0,,DC,OO,1,D,GRR,,50.97,79,155,53.52,5.00%,0.005841467021591245,82.95,155,Cascaded,2027,82.95,155
D0,DC/OO/1/D,GSO,6.0,,DC,OO,1,D,GSO,,51.52,17,33,54.09,5.00%,0.0012570245489500148,17.85,33,Cascaded,2027,17.85,33
D0,DC/OO/1/D,GSP,6.0,,DC,OO,1,D,GSP,,47.83,11,23,50.22,5.00%,0.000813368825791186,11.55,23,Cascaded,2027,11.55,23
D0,DC/OO/1/D,GTF,6.0,,DC,OO,1,D,GTF,,86.05,74,86,90.35,5.00%,0.0054717539189588875,77.7,86,Cascaded,2027,77.7,86
D0,DC/OO/1/D,HIB,6.0,,DC,OO,1,D,HIB,,81.13,43,53,85.19,5.00%,0.003179532682638273,45.15,53,Cascaded,2027,45.150000000000006,53
D0,DC/OO/1/D,HLN,6.0,,DC,OO,1,D,HLN,,93.44,57,61,98.11,5.00%,0.004214729370008873,59.85,61,Cascaded,2027,59.85,61
D0,DC/OO/1/D,HSV,6.0,,DC,OO,1,D,HSV,,80.0,4,5,84.0,5.00%,0.0002957704821058858,4.2,5,Cascaded,2027,4.2,5
D0,DC/OO/1/D,IAD,6.0,,DC,OO,1,D,IAD,,52.07,63,121,54.67,5.00%,0.004658385093167702,66.15,121,Cascaded,2027,66.15,121
D0,DC/OO/1/D,IAH,6.0,,DC,OO,1,D,IAH,,0.0,0,2,0.0,0.00%,0.0,0.0,2,Cascaded,2027,0.0,2
D0,DC/OO/1/D,IDA,6.0,,DC,OO,1,D,IDA,,73.08,38,52,76.73,5.00%,0.0028098195800059155,39.9,52,Cascaded,2027,39.900000000000006,52
D0,DC/OO/1/D,IMT,6.0,,DC,OO,1,D,IMT,,50.85,30,59,53.39,5.00%,0.0022182786157941437,31.5,59,Cascaded,2027,31.5,59
D0,DC/OO/1/D,IND,6.0,,DC,OO,1,D,IND,,50.85,60,118,53.39,5.00%,0.0044365572315882874,63.0,118,Cascaded,2027,63.0,118
D0,DC/OO/1/D,INL,6.0,,DC,OO,1,D,INL,,71.7,38,53,75.28,5.00%,0.0028098195800059155,39.9,53,Cascaded,2027,39.900000000000006,53
D0,DC/OO/1/D,JAC,6.0,,DC,OO,1,D,JAC,,63.93,39,61,67.13,5.00%,0.002883762200532387,40.95,61,Cascaded,2027,40.95,61
D0,DC/OO/1/D,JAX,6.0,,DC,OO,1,D,JAX,,82.14,23,28,86.25,5.00%,0.0017006802721088435,24.15,28,Cascaded,2027,24.150000000000002,28
D0,DC/OO/1/D,LAN,6.0,,DC,OO,1,D,LAN,,53.66,44,82,56.34,5.00%,0.003253475303164744,46.2,82,Cascaded,2027,46.2,82
D0,DC/OO/1/D,LAS,6.0,,DC,OO,1,D,LAS,,83.22,119,143,87.38,5.00%,0.008799171842650104,124.95,143,Cascaded,2027,124.95,143
D0,DC/OO/1/D,LAX,6.0,,DC,OO,1,D,LAX,,78.86,843,1069,82.8,5.00%,0.06233362910381544,885.15,1069,Cascaded,2027,885.1500000000001,1069
D0,DC/OO/1/D,LEX,6.0,,DC,OO,1,D,LEX,,70.59,36,51,74.12,5.00%,0.0026619343389529724,37.8,51,Cascaded,2027,37.800000000000004,51
D0,DC/OO/1/D,LFT,6.0,,DC,OO,1,D,LFT,,69.86,51,73,73.36,5.00%,0.0037710736468500442,53.55,73,Cascaded,2027,53.550000000000004,73
D0,DC/OO/1/D,LGB,6.0,,DC,OO,1,D,LGB,,88.57,31,35,93.0,5.00%,0.002292221236320615,32.55,35,Cascaded,2027,32.550000000000004,35
D0,DC/OO/1/D,LIT,6.0,,DC,OO,1,D,LIT,,86.67,26,30,91.0,5.00%,0.001922508133688258,27.3,30,Cascaded,2027,27.3,30
D0,DC/OO/1/D,LWS,6.0,,DC,OO,1,D,LWS,,81.97,50,61,86.07,5.00%,0.003697131026323573,52.5,61,Cascaded,2027,52.5,61
D0,DC/OO/1/D,MBS,6.0,,DC,OO,1,D,MBS,,58.24,53,91,61.15,5.00%,0.003918958887902987,55.65,91,Cascaded,2027,55.650000000000006,91
D0,DC/OO/1/D,MCI,6.0,,DC,OO,1,D,MCI,,33.33,3,9,35.0,5.00%,0.00022182786157941438,3.15,9,Cascaded,2027,3.1500000000000004,9
D0,DC/OO/1/D,MDT,6.0,,DC,OO,1,D,MDT,,82.22,37,45,86.33,5.00%,0.0027358769594794437,38.85,45,Cascaded,2027,38.85,45
D0,DC/OO/1/D,MDW,6.0,,DC,OO,1,D,MDW,,52.94,45,85,55.59,5.00%,0.0033274179236912156,47.25,85,Cascaded,2027,47.25,85
D0,DC/OO/1/D,MEM,6.0,,DC,OO,1,D,MEM,,62.39,73,117,65.51,5.00%,0.0053978112984324166,76.65,117,Cascaded,2027,76.65,117
D0,DC/OO/1/D,MFE,6.0,,DC,OO,1,D,MFE,,88.24,75,85,92.65,5.00%,0.005545696539485359,78.75,85,Cascaded,2027,78.75,85
D0,DC/OO/1/D,MFR,6.0,,DC,OO,1,D,MFR,,82.14,115,140,86.25,5.00%,0.008503401360544218,120.75,140,Cascaded,2027,120.75,140
D0,DC/OO/1/D,MKE,6.0,,DC,OO,1,D,MKE,,49.15,87,177,51.61,5.00%,0.006433007985803017,91.35,177,Cascaded,2027,91.35000000000001,177
D0,DC/OO/1/D,MOB,6.0,,DC,OO,1,D,MOB,,61.9,13,21,65.0,5.00%,0.000961254066844129,13.65,21,Cascaded,2027,13.65,21
D0,DC/OO/1/D,MOT,6.0,,DC,OO,1,D,MOT,,68.75,44,64,72.19,5.00%,0.003253475303164744,46.2,64,Cascaded,2027,46.2,64
D0,DC/OO/1/D,MQT,6.0,,DC,OO,1,D,MQT,,40.0,22,55,42.0,5.00%,0.001626737651582372,23.1,55,Cascaded,2027,23.1,55
D0,DC/OO/1/D,MSN,6.0,,DC,OO,1,D,MSN,,48.98,48,98,51.43,5.00%,0.00354924578527063,50.4,98,Cascaded,2027,50.400000000000006,98
D0,DC/OO/1/D,MSO,6.0,,DC,OO,1,D,MSO,,79.55,35,44,83.52,5.00%,0.002587991718426501,36.75,44,Cascaded,2027,36.75,44
D0,DC/OO/1/D,MSP,6.0,,DC,OO,1,D,MSP,,59.36,1126,1897,62.32,5.00%,0.08325939071280686,1182.3,1897,Cascaded,2027,1182.3,1897
D0,DC/OO/1/D,MSY,6.0,,DC,OO,1,D,MSY,,75.86,22,29,79.66,5.00%,0.001626737651582372,23.1,29,Cascaded,2027,23.1,29
D0,DC/OO/1/D,OAK,6.0,,DC,OO,1,D,OAK,,88.1,74,84,92.5,5.00%,0.0054717539189588875,77.7,84,Cascaded,2027,77.7,84
D0,DC/OO/1/D,OKC,6.0,,DC,OO,1,D,OKC,,87.95,73,83,92.35,5.00%,0.0053978112984324166,76.65,83,Cascaded,2027,76.65,83
D0,DC/OO/1/D,OMA,6.0,,DC,OO,1,D,OMA,,69.92,172,246,73.41,5.00%,0.012718130730553091,180.6,246,Cascaded,2027,180.60000000000002,246
D0,DC/OO/1/D,ONT,6.0,,DC,OO,1,D,ONT,,80.0,56,70,84.0,5.00%,0.004140786749482402,58.8,70,Cascaded,2027,58.800000000000004,70
D0,DC/OO/1/D,ORD,6.0,,DC,OO,1,D,ORD,,41.03,48,117,43.08,5.00%,0.00354924578527063,50.4,117,Cascaded,2027,50.400000000000006,117
D0,DC/OO/1/D,ORF,6.0,,DC,OO,1,D,ORF,,28.57,2,7,30.0,5.00%,0.0001478852410529429,2.1,7,Cascaded,2027,2.1,7
D0,DC/OO/1/D,PDX,6.0,,DC,OO,1,D,PDX,,79.65,137,172,83.63,5.00%,0.01013013901212659,143.85,172,Cascaded,2027,143.85,172
D0,DC/OO/1/D,PHL,6.0,,DC,OO,1,D,PHL,,28.57,2,7,30.0,5.00%,0.0001478852410529429,2.1,7,Cascaded,2027,2.1,7
D0,DC/OO/1/D,PHX,6.0,,DC,OO,1,D,PHX,,71.05,81,114,74.61,5.00%,0.005989352262644188,85.05,114,Cascaded,2027,85.05000000000001,114
D0,DC/OO/1/D,PIH,6.0,,DC,OO,1,D,PIH,,80.65,25,31,84.68,5.00%,0.0018485655131617864,26.25,31,Cascaded,2027,26.25,31
D0,DC/OO/1/D,PIT,6.0,,DC,OO,1,D,PIT,,34.78,24,69,36.52,5.00%,0.001774622892635315,25.2,69,Cascaded,2027,25.200000000000003,69
D0,DC/OO/1/D,PLN,6.0,,DC,OO,1,D,PLN,,68.42,26,38,71.84,5.00%,0.001922508133688258,27.3,38,Cascaded,2027,27.3,38
D0,DC/OO/1/D,PSC,6.0,,DC,OO,1,D,PSC,,86.93,153,176,91.28,5.00%,0.011313220940550133,160.65,176,Cascaded,2027,160.65,176
D0,DC/OO/1/D,PSP,6.0,,DC,OO,1,D,PSP,,82.61,76,92,86.74,5.00%,0.005619639160011831,79.8,92,Cascaded,2027,79.80000000000001,92
D0,DC/OO/1/D,PVD,6.0,,DC,OO,1,D,PVD,,54.0,27,50,56.7,5.00%,0.001996450754214729,28.35,50,Cascaded,2027,28.35,50
D0,DC/OO/1/D,PWM,6.0,,DC,OO,1,D,PWM,,0.0,0,7,0.0,0.00%,0.0,0.0,7,Cascaded,2027,0.0,7
D0,DC/OO/1/D,RDM,6.0,,DC,OO,1,D,RDM,,79.02,113,143,82.97,5.00%,0.008355516119491275,118.65,143,Cascaded,2027,118.65,143
D0,DC/OO/1/D,RDU,6.0,,DC,OO,1,D,RDU,,0.0,0,1,0.0,0.00%,0.0,0.0,1,Cascaded,2027,0.0,1
D0,DC/OO/1/D,RHI,6.0,,DC,OO,1,D,RHI,,77.19,44,57,81.05,5.00%,0.003253475303164744,46.2,57,Cascaded,2027,46.2,57
D0,DC/OO/1/D,RIC,6.0,,DC,OO,1,D,RIC,,47.06,8,17,49.41,5.00%,0.0005915409642117716,8.4,17,Cascaded,2027,8.4,17
D0,DC/OO/1/D,RNO,6.0,,DC,OO,1,D,RNO,,89.34,109,122,93.81,5.00%,0.00805974563738539,114.45,122,Cascaded,2027,114.45,122
D0,DC/OO/1/D,ROC,6.0,,DC,OO,1,D,ROC,,28.57,4,14,30.0,5.00%,0.0002957704821058858,4.2,14,Cascaded,2027,4.2,14
D0,DC/OO/1/D,RST,6.0,,DC,OO,1,D,RST,,57.14,8,14,60.0,5.00%,0.0005915409642117716,8.4,14,Cascaded,2027,8.4,14
D0,DC/OO/1/D,SAN,6.0,,DC,OO,1,D,SAN,,76.13,118,155,79.94,5.00%,0.008725229222123631,123.9,155,Cascaded,2027,123.9,155
D0,DC/OO/1/D,SAV,6.0,,DC,OO,1,D,SAV,,0.0,0,2,0.0,0.00%,0.0,0.0,2,Cascaded,2027,0.0,2
D0,DC/OO/1/D,SBA,6.0,,DC,OO,1,D,SBA,,90.91,50,55,95.45,5.00%,0.003697131026323573,52.5,55,Cascaded,2027,52.5,55
D0,DC/OO/1/D,SBN,6.0,,DC,OO,1,D,SBN,,48.5,81,167,50.93,5.00%,0.005989352262644188,85.05,167,Cascaded,2027,85.05000000000001,167
D0,DC/OO/1/D,SDF,6.0,,DC,OO,1,D,SDF,,56.52,26,46,59.35,5.00%,0.001922508133688258,27.3,46,Cascaded,2027,27.3,46
D0,DC/OO/1/D,SEA,6.0,,DC,OO,1,D,SEA,,78.03,1094,1402,81.93,5.00%,0.08089322685595977,1148.7,1402,Cascaded,2027,1148.7,1402
D0,DC/OO/1/D,SFO,6.0,,DC,OO,1,D,SFO,,60.98,25,41,64.02,5.00%,0.0018485655131617864,26.25,41,Cascaded,2027,26.25,41
D0,DC/OO/1/D,SGU,6.0,,DC,OO,1,D,SGU,,91.8,112,122,96.39,5.00%,0.008281573498964804,117.6,122,Cascaded,2027,117.60000000000001,122
D0,DC/OO/1/D,SHV,6.0,,DC,OO,1,D,SHV,,61.22,60,98,64.29,5.00%,0.0044365572315882874,63.0,98,Cascaded,2027,63.0,98
D0,DC/OO/1/D,SJC,6.0,,DC,OO,1,D,SJC,,84.98,283,333,89.23,5.00%,0.020925761608991424,297.15,333,Cascaded,2027,297.15000000000003,333
D0,DC/OO/1/D,SLC,6.0,,DC,OO,1,D,SLC,,81.66,1808,2214,85.75,5.00%,0.1336882579118604,1898.4,2214,Cascaded,2027,1898.4,2214
D0,DC/OO/1/D,SMF,6.0,,DC,OO,1,D,SMF,,75.6,220,291,79.38,5.00%,0.01626737651582372,231.0,291,Cascaded,2027,231.0,291
D0,DC/OO/1/D,SNA,6.0,,DC,OO,1,D,SNA,,89.58,86,96,94.06,5.00%,0.006359065365276546,90.3,96,Cascaded,2027,90.30000000000001,96
D0,DC/OO/1/D,STL,6.0,,DC,OO,1,D,STL,,51.28,40,78,53.85,5.00%,0.0029577048210588583,42.0,78,Cascaded,2027,42.0,78
D0,DC/OO/1/D,SUN,6.0,,DC,OO,1,D,SUN,,87.0,87,100,91.35,5.00%,0.006433007985803017,91.35,100,Cascaded,2027,91.35000000000001,100
D0,DC/OO/1/D,SYR,6.0,,DC,OO,1,D,SYR,,42.55,20,47,44.68,5.00%,0.0014788524105294291,21.0,47,Cascaded,2027,21.0,47
D0,DC/OO/1/D,TUL,6.0,,DC,OO,1,D,TUL,,96.55,28,29,101.38,5.00%,0.002070393374741201,29.4,29,Cascaded,2027,29.400000000000002,29
D0,DC/OO/1/D,TUS,6.0,,DC,OO,1,D,TUS,,86.31,145,168,90.62,5.00%,0.010721679976338362,152.25,168,Cascaded,2027,152.25,168
D0,DC/OO/1/D,TVC,6.0,,DC,OO,1,D,TVC,,33.96,18,53,35.66,5.00%,0.0013309671694764862,18.9,53,Cascaded,2027,18.900000000000002,53
D0,DC/OO/1/D,TWF,6.0,,DC,OO,1,D,TWF,,93.1,54,58,97.76,5.00%,0.003992901508429458,56.7,58,Cascaded,2027,56.7,58
D0,DC/OO/1/D,XNA,6.0,,DC,OO,1,D,XNA,,71.22,99,139,74.78,5.00%,0.007320319432120674,103.95,139,Cascaded,2027,103.95,139
D0,DC/OO/1/D,XWA,6.0,,DC,OO,1,D,XWA,,52.44,43,82,55.06,5.00%,0.003179532682638273,45.15,82,Cascaded,2027,45.150000000000006,82
D0,DC/OO/1/I,AUS,6.0,,DC,OO,1,I,AUS,,66.67,20,30,70.0,5.00%,0.0375234521575985,21.0,30,Cascaded,2027,21.0,30
D0,DC/OO/1/I,DTW,6.0,,DC,OO,1,I,DTW,,33.33,2,6,35.0,5.00%,0.00375234521575985,2.1,6,Cascaded,2027,2.1,6
D0,DC/OO/1/I,MSP,6.0,,DC,OO,1,I,MSP,,58.45,83,142,61.37,5.00%,0.15572232645403378,87.15,142,Cascaded,2027,87.14999999999999,142
D0,DC/OO/1/I,SEA,6.0,,DC,OO,1,I,SEA,,68.03,100,147,71.43,5.00%,0.18761726078799248,105.0,147,Cascaded,2027,105.0,147
D0,DC/OO/1/I,SJD,6.0,,DC,OO,1,I,SJD,,53.57,15,28,56.25,5.00%,0.028142589118198873,15.75,28,Cascaded,2027,15.75,28
D0,DC/OO/1/I,SLC,6.0,,DC,OO,1,I,SLC,,76.92,50,65,80.77,5.00%,0.09380863039399624,52.5,65,Cascaded,2027,52.5,65
D0,DC/OO/1/I,YVR,6.0,,DC,OO,1,I,YVR,,76.13,118,155,79.94,5.00%,0.22138836772983114,123.9,155,Cascaded,2027,123.89999999999999,155
D0,DC/OO/1/I,YWG,6.0,,DC,OO,1,I,YWG,,66.67,58,87,70.0,5.00%,0.10881801125703565,60.9,87,Cascaded,2027,60.9,87
D0,DC/OO/1/I,YYC,6.0,,DC,OO,1,I,YYC,,84.48,49,58,88.71,5.00%,0.09193245778611632,51.45,58,Cascaded,2027,51.449999999999996,58
D0,DC/OO/1/I,YYZ,6.0,,DC,OO,1,I,YYZ,,62.3,38,61,65.41,5.00%,0.07129455909943715,39.9,61,Cascaded,2027,39.9,61
D0,DC/OO/10/D,ABQ,6.0,,DC,OO,10,D,ABQ,,87.43,160,183,91.8,5.00%,0.008660351826792964,168.0,183,Cascaded,2027,168.0,183
D0,DC/OO/10/D,ABR,6.0,,DC,OO,10,D,ABR,,93.51,72,77,98.18,5.00%,0.0038971583220568334,75.6,77,Cascaded,2027,75.6,77
D0,DC/OO/10/D,ABY,6.0,,DC,OO,10,D,ABY,,80.52,62,77,84.55,5.00%,0.003355886332882273,65.1,77,Cascaded,2027,65.1,77
D0,DC/OO/10/D,ALB,6.0,,DC,OO,10,D,ALB,,89.61,69,77,94.09,5.00%,0.0037347767253044653,72.45,77,Cascaded,2027,72.45,77
D0,DC/OO/10/D,APN,6.0,,DC,OO,10,D,APN,,88.68,47,53,93.11,5.00%,0.002543978349120433,49.35,53,Cascaded,2027,49.35,53
D0,DC/OO/10/D,ASE,6.0,,DC,OO,10,D,ASE,,66.13,41,62,69.44,5.00%,0.002219215155615697,43.05,62,Cascaded,2027,43.05,62
D0,DC/OO/10/D,ATL,6.0,,DC,OO,10,D,ATL,,76.96,431,560,80.81,5.00%,0.023328822733423547,452.55,560,Cascaded,2027,452.55,560
D0,DC/OO/10/D,ATW,6.0,,DC,OO,10,D,ATW,,83.23,134,161,87.39,5.00%,0.007253044654939107,140.7,161,Cascaded,2027,140.7,161
D0,DC/OO/10/D,ATY,6.0,,DC,OO,10,D,ATY,,87.1,27,31,91.45,5.00%,0.0014614343707713125,28.35,31,Cascaded,2027,28.35,31
D0,DC/OO/10/D,AUS,6.0,,DC,OO,10,D,AUS,,77.08,380,493,80.93,5.00%,0.020568335588633288,399.0,493,Cascaded,2027,399.0,493
D0,DC/OO/10/D,AZO,6.0,,DC,OO,10,D,AZO,,82.95,73,88,87.1,5.00%,0.0039512855209742894,76.65,88,Cascaded,2027,76.65,88
D0,DC/OO/10/D,BGM,6.0,,DC,OO,10,D,BGM,,90.32,28,31,94.84,5.00%,0.0015155615696887685,29.4,31,Cascaded,2027,29.4,31
D0,DC/OO/10/D,BIL,6.0,,DC,OO,10,D,BIL,,95.08,58,61,99.84,5.00%,0.003139377537212449,60.9,61,Cascaded,2027,60.9,61
D0,DC/OO/10/D,BIS,6.0,,DC,OO,10,D,BIS,,88.06,59,67,92.46,5.00%,0.003193504736129905,61.95,67,Cascaded,2027,61.95,67
D0,DC/OO/10/D,BJI,6.0,,DC,OO,10,D,BJI,,83.87,52,62,88.06,5.00%,0.0028146143437077133,54.6,62,Cascaded,2027,54.6,62
D0,DC/OO/10/D,BNA,6.0,,DC,OO,10,D,BNA,,71.43,95,133,75.0,5.00%,0.005142083897158322,99.75,133,Cascaded,2027,99.75,133
D0,DC/OO/10/D,BOI,6.0,,DC,OO,10,D,BOI,,87.77,280,319,92.16,5.00%,0.015155615696887685,294.0,319,Cascaded,2027,294.0,319
D0,DC/OO/10/D,BRD,6.0,,DC,OO,10,D,BRD,,94.34,50,53,99.06,5.00%,0.0027063599458728013,52.5,53,Cascaded,2027,52.5,53
D0,DC/OO/10/D,BTM,6.0,,DC,OO,10,D,BTM,,96.77,30,31,101.61,5.00%,0.0016238159675236806,31.5,31,Cascaded,2027,31.5,31
D0,DC/OO/10/D,BTR,6.0,,DC,OO,10,D,BTR,,100.0,1,1,105.0,5.00%,5.412719891745602e-05,1.05,1,Cascaded,2027,1.05,1
D0,DC/OO/10/D,BUF,6.0,,DC,OO,10,D,BUF,,78.79,78,99,82.73,5.00%,0.00422192151556157,81.9,99,Cascaded,2027,81.9,99
D0,DC/OO/10/D,BUR,6.0,,DC,OO,10,D,BUR,,78.57,77,98,82.5,5.00%,0.0041677943166441135,80.85,98,Cascaded,2027,80.85,98
D0,DC/OO/10/D,BZN,6.0,,DC,OO,10,D,BZN,,86.6,84,97,90.93,5.00%,0.004546684709066306,88.2,97,Cascaded,2027,88.2,97
D0,DC/OO/10/D,CDC,6.0,,DC,OO,10,D,CDC,,92.59,50,54,97.22,5.00%,0.0027063599458728013,52.5,54,Cascaded,2027,52.5,54
D0,DC/OO/10/D,CHS,6.0,,DC,OO,10,D,CHS,,75.0,6,8,78.75,5.00%,0.00032476319350473615,6.3,8,Cascaded,2027,6.3,8
D0,DC/OO/10/D,CID,6.0,,DC,OO,10,D,CID,,73.33,11,15,77.0,5.00%,0.0005953991880920163,11.55,15,Cascaded,2027,11.55,15
D0,DC/OO/10/D,CIU,6.0,,DC,OO,10,D,CIU,,80.65,50,62,84.68,5.00%,0.0027063599458728013,52.5,62,Cascaded,2027,52.5,62
D0,DC/OO/10/D,CLE,6.0,,DC,OO,10,D,CLE,,89.77,79,88,94.26,5.00%,0.004276048714479026,82.95,88,Cascaded,2027,82.95,88
D0,DC/OO/10/D,CMH,6.0,,DC,OO,10,D,CMH,,89.47,51,57,93.95,5.00%,0.0027604871447902573,53.55,57,Cascaded,2027,53.55,57
D0,DC/OO/10/D,COS,6.0,,DC,OO,10,D,COS,,93.44,57,61,98.11,5.00%,0.003085250338294993,59.85,61,Cascaded,2027,59.85,61
D0,DC/OO/10/D,CRW,6.0,,DC,OO,10,D,CRW,,69.7,23,33,73.18,5.00%,0.0012449255751014886,24.15,33,Cascaded,2027,24.15,33
D0,DC/OO/10/D,CVG,6.0,,DC,OO,10,D,CVG,,100.0,1,1,105.0,5.00%,5.412719891745602e-05,1.05,1,Cascaded,2027,1.05,1
D0,DC/OO/10/D,DLH,6.0,,DC,OO,10,D,DLH,,87.5,63,72,91.88,5.00%,0.003410013531799729,66.15,72,Cascaded,2027,66.15,72
D0,DC/OO/10/D,DSM,6.0,,DC,OO,10,D,DSM,,100.0,1,1,105.0,5.00%,5.412719891745602e-05,1.05,1,Cascaded,2027,1.05,1
D0,DC/OO/10/D,DTW,6.0,,DC,OO,10,D,DTW,,78.18,1849,2365,82.09,5.00%,0.10008119079837619,1941.45,2365,Cascaded,2027,1941.45,2365
D0,DC/OO/10/D,ECP,6.0,,DC,OO,10,D,ECP,,74.19,23,31,77.9,5.00%,0.0012449255751014886,24.15,31,Cascaded,2027,24.15,31
D0,DC/OO/10/D,EKO,6.0,,DC,OO,10,D,EKO,,100.0,49,49,105.0,5.00%,0.0026522327469553453,51.45,49,Cascaded,2027,51.45,49
D0,DC/OO/10/D,ELM,6.0,,DC,OO,10,D,ELM,,82.35,70,85,86.47,5.00%,0.0037889039242219214,73.5,85,Cascaded,2027,73.5,85
D0,DC/OO/10/D,ESC,6.0,,DC,OO,10,D,ESC,,88.89,48,54,93.33,5.00%,0.0025981055480378892,50.4,54,Cascaded,2027,50.4,54
D0,DC/OO/10/D,EUG,6.0,,DC,OO,10,D,EUG,,91.56,141,154,96.14,5.00%,0.007631935047361299,148.05,154,Cascaded,2027,148.05,154
D0,DC/OO/10/D,FAR,6.0,,DC,OO,10,D,FAR,,82.69,43,52,86.83,5.00%,0.002327469553450609,45.15,52,Cascaded,2027,45.15,52
D0,DC/OO/10/D,FAT,6.0,,DC,OO,10,D,FAT,,88.24,105,119,92.65,5.00%,0.005683355886332882,110.25,119,Cascaded,2027,110.25,119
D0,DC/OO/10/D,FCA,6.0,,DC,OO,10,D,FCA,,85.25,52,61,89.51,5.00%,0.0028146143437077133,54.6,61,Cascaded,2027,54.6,61
D0,DC/OO/10/D,FSD,6.0,,DC,OO,10,D,FSD,,87.36,76,87,91.72,5.00%,0.004113667117726658,79.8,87,Cascaded,2027,79.8,87
D0,DC/OO/10/D,FWA,6.0,,DC,OO,10,D,FWA,,80.56,145,180,84.58,5.00%,0.007848443843031122,152.25,180,Cascaded,2027,152.25,180
D0,DC/OO/10/D,GEG,6.0,,DC,OO,10,D,GEG,,85.71,300,350,90.0,5.00%,0.016238159675236806,315.0,350,Cascaded,2027,315.0,350
D0,DC/OO/10/D,GFK,6.0,,DC,OO,10,D,GFK,,83.87,78,93,88.06,5.00%,0.00422192151556157,81.9,93,Cascaded,2027,81.9,93
D0,DC/OO/10/D,GJT,6.0,,DC,OO,10,D,GJT,,90.74,49,54,95.28,5.00%,0.0026522327469553453,51.45,54,Cascaded,2027,51.45,54
D0,DC/OO/10/D,GRB,6.0,,DC,OO,10,D,GRB,,85.4,117,137,89.67,5.00%,0.006332882273342355,122.85,137,Cascaded,2027,122.85,137
D0,DC/OO/10/D,GRR,6.0,,DC,OO,10,D,GRR,,79.02,177,224,82.97,5.00%,0.009580514208389715,185.85,224,Cascaded,2027,185.85,224
D0,DC/OO/10/D,GSO,6.0,,DC,OO,10,D,GSO,,67.27,37,55,70.64,5.00%,0.002002706359945873,38.85,55,Cascaded,2027,38.85,55
D0,DC/OO/10/D,GSP,6.0,,DC,OO,10,D,GSP,,80.0,4,5,84.0,5.00%,0.00021650879566982408,4.2,5,Cascaded,2027,4.2,5
D0,DC/OO/10/D,GTF,6.0,,DC,OO,10,D,GTF,,96.74,89,92,101.58,5.00%,0.004817320703653586,93.45,92,Cascaded,2027,93.45,92
D0,DC/OO/10/D,HIB,6.0,,DC,OO,10,D,HIB,,92.45,49,53,97.08,5.00%,0.0026522327469553453,51.45,53,Cascaded,2027,51.45,53
D0,DC/OO/10/D,HLN,6.0,,DC,OO,10,D,HLN,,95.16,59,62,99.92,5.00%,0.003193504736129905,61.95,62,Cascaded,2027,61.95,62
D0,DC/OO/10/D,HSV,6.0,,DC,OO,10,D,HSV,,100.0,7,7,105.0,5.00%,0.0003788903924221921,7.35,7,Cascaded,2027,7.35,7
D0,DC/OO/10/D,IAD,6.0,,DC,OO,10,D,IAD,,79.5,128,161,83.48,5.00%,0.00692828146143437,134.4,161,Cascaded,2027,134.4,161
D0,DC/OO/10/D,ICT,6.0,,DC,OO,10,D,ICT,,77.78,7,9,81.67,5.00%,0.0003788903924221921,7.35,9,Cascaded,2027,7.35,9
D0,DC/OO/10/D,IDA,6.0,,DC,OO,10,D,IDA,,95.38,62,65,100.15,5.00%,0.003355886332882273,65.1,65,Cascaded,2027,65.1,65
D0,DC/OO/10/D,IMT,6.0,,DC,OO,10,D,IMT,,62.9,39,62,66.05,5.00%,0.002110960757780785,40.95,62,Cascaded,2027,40.95,62
D0,DC/OO/10/D,IND,6.0,,DC,OO,10,D,IND,,87.5,63,72,91.88,5.00%,0.003410013531799729,66.15,72,Cascaded,2027,66.15,72
D0,DC/OO/10/D,INL,6.0,,DC,OO,10,D,INL,,92.45,49,53,97.08,5.00%,0.0026522327469553453,51.45,53,Cascaded,2027,51.45,53
D0,DC/OO/10/D,JAC,6.0,,DC,OO,10,D,JAC,,79.07,34,43,83.02,5.00%,0.0018403247631935047,35.7,43,Cascaded,2027,35.7,43
D0,DC/OO/10/D,JAX,6.0,,DC,OO,10,D,JAX,,87.1,27,31,91.45,5.00%,0.0014614343707713125,28.35,31,Cascaded,2027,28.35,31
D0,DC/OO/10/D,LAN,6.0,,DC,OO,10,D,LAN,,88.64,78,88,93.07,5.00%,0.00422192151556157,81.9,88,Cascaded,2027,81.9,88
D0,DC/OO/10/D,LAS,6.0,,DC,OO,10,D,LAS,,81.86,176,215,85.95,5.00%,0.00952638700947226,184.8,215,Cascaded,2027,184.8,215
D0,DC/OO/10/D,LAX,6.0,,DC,OO,10,D,LAX,,78.18,806,1031,82.09,5.00%,0.04362652232746955,846.3,1031,Cascaded,2027,846.3,1031
D0,DC/OO/10/D,LEX,6.0,,DC,OO,10,D,LEX,,86.67,52,60,91.0,5.00%,0.0028146143437077133,54.6,60,Cascaded,2027,54.6,60
D0,DC/OO/10/D,LFT,6.0,,DC,OO,10,D,LFT,,80.77,21,26,84.81,5.00%,0.0011366711772665765,22.05,26,Cascaded,2027,22.05,26
D0,DC/OO/10/D,LGA,6.0,,DC,OO,10,D,LGA,,61.87,86,139,64.96,5.00%,0.004654939106901218,90.3,139,Cascaded,2027,90.3,139
D0,DC/OO/10/D,LGB,6.0,,DC,OO,10,D,LGB,,77.42,48,62,81.29,5.00%,0.0025981055480378892,50.4,62,Cascaded,2027,50.4,62
D0,DC/OO/10/D,LIT,6.0,,DC,OO,10,D,LIT,,96.77,30,31,101.61,5.00%,0.0016238159675236806,31.5,31,Cascaded,2027,31.5,31
D0,DC/OO/10/D,LWS,6.0,,DC,OO,10,D,LWS,,91.94,57,62,96.53,5.00%,0.003085250338294993,59.85,62,Cascaded,2027,59.85,62
D0,DC/OO/10/D,MAF,6.0,,DC,OO,10,D,MAF,,68.18,60,88,71.59,5.00%,0.003247631935047361,63.0,88,Cascaded,2027,63.0,88
D0,DC/OO/10/D,MBS,6.0,,DC,OO,10,D,MBS,,83.9,99,118,88.09,5.00%,0.005358592692828146,103.95,118,Cascaded,2027,103.95,118
D0,DC/OO/10/D,MCI,6.0,,DC,OO,10,D,MCI,,83.33,5,6,87.5,5.00%,0.00027063599458728013,5.25,6,Cascaded,2027,5.25,6
D0,DC/OO/10/D,MDT,6.0,,DC,OO,10,D,MDT,,90.2,46,51,94.71,5.00%,0.002489851150202977,48.3,51,Cascaded,2027,48.3,51
D0,DC/OO/10/D,MDW,6.0,,DC,OO,10,D,MDW,,83.01,127,153,87.16,5.00%,0.006874154262516915,133.35,153,Cascaded,2027,133.35,153
D0,DC/OO/10/D,MEM,6.0,,DC,OO,10,D,MEM,,78.85,164,208,82.79,5.00%,0.008876860622462788,172.2,208,Cascaded,2027,172.2,208
D0,DC/OO/10/D,MFE,6.0,,DC,OO,10,D,MFE,,77.27,68,88,81.14,5.00%,0.0036806495263870093,71.4,88,Cascaded,2027,71.4,88
D0,DC/OO/10/D,MFR,6.0,,DC,OO,10,D,MFR,,87.01,134,154,91.36,5.00%,0.007253044654939107,140.7,154,Cascaded,2027,140.7,154
D0,DC/OO/10/D,MGM,6.0,,DC,OO,10,D,MGM,,74.19,46,62,77.9,5.00%,0.002489851150202977,48.3,62,Cascaded,2027,48.3,62
D0,DC/OO/10/D,MKE,6.0,,DC,OO,10,D,MKE,,83.19,94,113,87.35,5.00%,0.005087956698240866,98.7,113,Cascaded,2027,98.7,113
D0,DC/OO/10/D,MOT,6.0,,DC,OO,10,D,MOT,,83.33,100,120,87.5,5.00%,0.005412719891745603,105.0,120,Cascaded,2027,105.0,120
D0,DC/OO/10/D,MQT,6.0,,DC,OO,10,D,MQT,,95.16,59,62,99.92,5.00%,0.003193504736129905,61.95,62,Cascaded,2027,61.95,62
D0,DC/OO/10/D,MSN,6.0,,DC,OO,10,D,MSN,,82.99,122,147,87.14,5.00%,0.006603518267929634,128.1,147,Cascaded,2027,128.1,147
D0,DC/OO/10/D,MSO,6.0,,DC,OO,10,D,MSO,,81.97,50,61,86.07,5.00%,0.0027063599458728013,52.5,61,Cascaded,2027,52.5,61
D0,DC/OO/10/D,MSP,6.0,,DC,OO,10,D,MSP,,84.31,1736,2059,88.53,5.00%,0.09396481732070365,1822.8,2059,Cascaded,2027,1822.8,2059
D0,DC/OO/10/D,MSY,6.0,,DC,OO,10,D,MSY,,81.97,50,61,86.07,5.00%,0.0027063599458728013,52.5,61,Cascaded,2027,52.5,61
D0,DC/OO/10/D,OAK,6.0,,DC,OO,10,D,OAK,,87.1,81,93,91.45,5.00%,0.004384303112313938,85.05,93,Cascaded,2027,85.05,93
D0,DC/OO/10/D,OKC,6.0,,DC,OO,10,D,OKC,,91.87,113,123,96.46,5.00%,0.0061163734776725305,118.65,123,Cascaded,2027,118.65,123
D0,DC/OO/10/D,OMA,6.0,,DC,OO,10,D,OMA,,86.52,276,319,90.85,5.00%,0.014939106901217861,289.8,319,Cascaded,2027,289.8,319
D0,DC/OO/10/D,ONT,6.0,,DC,OO,10,D,ONT,,91.43,128,140,96.0,5.00%,0.00692828146143437,134.4,140,Cascaded,2027,134.4,140
D0,DC/OO/10/D,ORD,6.0,,DC,OO,10,D,ORD,,65.0,13,20,68.25,5.00%,0.0007036535859269283,13.65,20,Cascaded,2027,13.65,20
D0,DC/OO/10/D,ORF,6.0,,DC,OO,10,D,ORF,,60.0,3,5,63.0,5.00%,0.00016238159675236808,3.15,5,Cascaded,2027,3.15,5
D0,DC/OO/10/D,PDX,6.0,,DC,OO,10,D,PDX,,88.03,206,234,92.44,5.00%,0.01115020297699594,216.3,234,Cascaded,2027,216.3,234
D0,DC/OO/10/D,PHX,6.0,,DC,OO,10,D,PHX,,81.67,98,120,85.75,5.00%,0.0053044654939106905,102.9,120,Cascaded,2027,102.9,120
D0,DC/OO/10/D,PIH,6.0,,DC,OO,10,D,PIH,,93.55,29,31,98.23,5.00%,0.0015696887686062245,30.45,31,Cascaded,2027,30.45,31
D0,DC/OO/10/D,PIT,6.0,,DC,OO,10,D,PIT,,84.13,53,63,88.33,5.00%,0.0028687415426251694,55.65,63,Cascaded,2027,55.65,63
D0,DC/OO/10/D,PLN,6.0,,DC,OO,10,D,PLN,,87.04,47,54,91.39,5.00%,0.002543978349120433,49.35,54,Cascaded,2027,49.35,54
D0,DC/OO/10/D,PSC,6.0,,DC,OO,10,D,PSC,,92.81,142,153,97.45,5.00%,0.007686062246278755,149.1,153,Cascaded,2027,149.1,153
D0,DC/OO/10/D,PSP,6.0,,DC,OO,10,D,PSP,,89.13,82,92,93.59,5.00%,0.004438430311231394,86.1,92,Cascaded,2027,86.1,92
D0,DC/OO/10/D,PVD,6.0,,DC,OO,10,D,PVD,,72.41,42,58,76.03,5.00%,0.002273342354533153,44.1,58,Cascaded,2027,44.1,58
D0,DC/OO/10/D,RAP,6.0,,DC,OO,10,D,RAP,,100.0,4,4,105.0,5.00%,0.00021650879566982408,4.2,4,Cascaded,2027,4.2,4
D0,DC/OO/10/D,RDM,6.0,,DC,OO,10,D,RDM,,85.06,131,154,89.32,5.00%,0.007090663058186739,137.55,154,Cascaded,2027,137.55,154
D0,DC/OO/10/D,RHI,6.0,,DC,OO,10,D,RHI,,93.55,58,62,98.23,5.00%,0.003139377537212449,60.9,62,Cascaded,2027,60.9,62
D0,DC/OO/10/D,RIC,6.0,,DC,OO,10,D,RIC,,45.45,15,33,47.73,5.00%,0.0008119079837618403,15.75,33,Cascaded,2027,15.75,33
D0,DC/OO/10/D,RNO,6.0,,DC,OO,10,D,RNO,,79.31,115,145,83.28,5.00%,0.0062246278755074425,120.75,145,Cascaded,2027,120.75,145
D0,DC/OO/10/D,ROC,6.0,,DC,OO,10,D,ROC,,54.39,31,57,57.11,5.00%,0.0016779431664411366,32.55,57,Cascaded,2027,32.55,57
D0,DC/OO/10/D,RST,6.0,,DC,OO,10,D,RST,,100.0,9,9,105.0,5.00%,0.0004871447902571042,9.45,9,Cascaded,2027,9.45,9
D0,DC/OO/10/D,SAN,6.0,,DC,OO,10,D,SAN,,73.33,132,180,77.0,5.00%,0.0071447902571041945,138.6,180,Cascaded,2027,138.6,180
D0,DC/OO/10/D,SAV,6.0,,DC,OO,10,D,SAV,,36.67,11,30,38.5,5.00%,0.0005953991880920163,11.55,30,Cascaded,2027,11.55,30
D0,DC/OO/10/D,SBA,6.0,,DC,OO,10,D,SBA,,93.55,58,62,98.23,5.00%,0.003139377537212449,60.9,62,Cascaded,2027,60.9,62
D0,DC/OO/10/D,SBN,6.0,,DC,OO,10,D,SBN,,79.44,143,180,83.42,5.00%,0.007740189445196211,150.15,180,Cascaded,2027,150.15,180
D0,DC/OO/10/D,SDF,6.0,,DC,OO,10,D,SDF,,82.09,55,67,86.19,5.00%,0.002976995940460081,57.75,67,Cascaded,2027,57.75,67
D0,DC/OO/10/D,SEA,6.0,,DC,OO,10,D,SEA,,84.92,1414,1665,89.17,5.00%,0.07653585926928282,1484.7,1665,Cascaded,2027,1484.7,1665
D0,DC/OO/10/D,SFO,6.0,,DC,OO,10,D,SFO,,69.51,57,82,72.99,5.00%,0.003085250338294993,59.85,82,Cascaded,2027,59.85,82
D0,DC/OO/10/D,SGU,6.0,,DC,OO,10,D,SGU,,91.01,162,178,95.56,5.00%,0.008768606224627875,170.1,178,Cascaded,2027,170.1,178
D0,DC/OO/10/D,SHV,6.0,,DC,OO,10,D,SHV,,77.4,113,146,81.27,5.00%,0.0061163734776725305,118.65,146,Cascaded,2027,118.65,146
D0,DC/OO/10/D,SJC,6.0,,DC,OO,10,D,SJC,,87.53,414,473,91.9,5.00%,0.022408660351826794,434.7,473,Cascaded,2027,434.7,473
D0,DC/OO/10/D,SLC,6.0,,DC,OO,10,D,SLC,,85.68,2255,2632,89.96,5.00%,0.12205683355886333,2367.75,2632,Cascaded,2027,2367.75,2632
D0,DC/OO/10/D,SMF,6.0,,DC,OO,10,D,SMF,,85.68,341,398,89.96,5.00%,0.018457374830852503,358.05,398,Cascaded,2027,358.05,398
D0,DC/OO/10/D,SNA,6.0,,DC,OO,10,D,SNA,,76.67,69,90,80.5,5.00%,0.0037347767253044653,72.45,90,Cascaded,2027,72.45,90
D0,DC/OO/10/D,STL,6.0,,DC,OO,10,D,STL,,87.5,7,8,91.88,5.00%,0.0003788903924221921,7.35,8,Cascaded,2027,7.35,8
D0,DC/OO/10/D,SUN,6.0,,DC,OO,10,D,SUN,,91.3,84,92,95.87,5.00%,0.004546684709066306,88.2,92,Cascaded,2027,88.2,92
D0,DC/OO/10/D,SYR,6.0,,DC,OO,10,D,SYR,,100.0,2,2,105.0,5.00%,0.00010825439783491204,2.1,2,Cascaded,2027,2.1,2
D0,DC/OO/10/D,TRI,6.0,,DC,OO,10,D,TRI,,75.0,6,8,78.75,5.00%,0.00032476319350473615,6.3,8,Cascaded,2027,6.3,8
D0,DC/OO/10/D,TUL,6.0,,DC,OO,10,D,TUL,,90.32,28,31,94.84,5.00%,0.0015155615696887685,29.4,31,Cascaded,2027,29.4,31
D0,DC/OO/10/D,TUS,6.0,,DC,OO,10,D,TUS,,85.71,180,210,90.0,5.00%,0.009742895805142085,189.0,210,Cascaded,2027,189.0,210
D0,DC/OO/10/D,TVC,6.0,,DC,OO,10,D,TVC,,80.7,46,57,84.74,5.00%,0.002489851150202977,48.3,57,Cascaded,2027,48.3,57
D0,DC/OO/10/D,TWF,6.0,,DC,OO,10,D,TWF,,96.72,59,61,101.56,5.00%,0.003193504736129905,61.95,61,Cascaded,2027,61.95,61
D0,DC/OO/10/D,XNA,6.0,,DC,OO,10,D,XNA,,77.42,24,31,81.29,5.00%,0.0012990527740189446,25.2,31,Cascaded,2027,25.2,31
D0,DC/OO/10/D,XWA,6.0,,DC,OO,10,D,XWA,,77.53,69,89,81.4,5.00%,0.0037347767253044653,72.45,89,Cascaded,2027,72.45,89
D0,DC/OO/10/I,DTW,6.0,,DC,OO,10,I,DTW,,76.92,10,13,80.77,5.00%,0.01179245283018868,10.5,13,Cascaded,2027,10.500000000000002,13
D0,DC/OO/10/I,MSP,6.0,,DC,OO,10,I,MSP,,82.0,164,200,86.1,5.00%,0.19339622641509435,172.2,200,Cascaded,2027,172.20000000000002,200
D0,DC/OO/10/I,SEA,6.0,,DC,OO,10,I,SEA,,75.47,120,159,79.25,5.00%,0.14150943396226415,126.0,159,Cascaded,2027,126.00000000000001,159
D0,DC/OO/10/I,SLC,6.0,,DC,OO,10,I,SLC,,74.8,92,123,78.54,5.00%,0.10849056603773585,96.6,123,Cascaded,2027,96.60000000000001,123
D0,DC/OO/10/I,YUL,6.0,,DC,OO,10,I,YUL,,100.0,10,10,105.0,5.00%,0.01179245283018868,10.5,10,Cascaded,2027,10.500000000000002,10
D0,DC/OO/10/I,YVR,6.0,,DC,OO,10,I,YVR,,91.82,202,220,96.41,5.00%,0.23820754716981132,212.1,220,Cascaded,2027,212.10000000000002,220
D0,DC/OO/10/I,YWG,6.0,,DC,OO,10,I,YWG,,95.69,111,116,100.47,5.00%,0.13089622641509435,116.55,116,Cascaded,2027,116.55000000000001,116
D0,DC/OO/10/I,YYC,6.0,,DC,OO,10,I,YYC,,88.71,55,62,93.15,5.00%,0.06485849056603774,57.75,62,Cascaded,2027,57.75000000000001,62
D0,DC/OO/10/I,YYZ,6.0,,DC,OO,10,I,YYZ,,94.38,84,89,99.1,5.00%,0.09905660377358491,88.2,89,Cascaded,2027,88.2,89
D0,DC/OO/11/D,ABQ,6.0,,DC,OO,11,D,ABQ,,89.76,149,166,94.25,5.00%,0.009403003912659346,156.45,166,Cascaded,2027,156.45000000000002,166
D0,DC/OO/11/D,ABR,6.0,,DC,OO,11,D,ABR,,88.57,62,70,93.0,5.00%,0.003912659346207245,65.1,70,Cascaded,2027,65.10000000000001,70
D0,DC/OO/11/D,ABY,6.0,,DC,OO,11,D,ABY,,86.21,50,58,90.52,5.00%,0.0031553704404897135,52.5,58,Cascaded,2027,52.50000000000001,58
D0,DC/OO/11/D,AGS,6.0,,DC,OO,11,D,AGS,,73.17,30,41,76.83,5.00%,0.001893222264293828,31.5,41,Cascaded,2027,31.500000000000007,41
D0,DC/OO/11/D,ALB,6.0,,DC,OO,11,D,ALB,,75.0,51,68,78.75,5.00%,0.003218477849299508,53.55,68,Cascaded,2027,53.55000000000001,68
D0,DC/OO/11/D,APN,6.0,,DC,OO,11,D,APN,,81.25,39,48,85.31,5.00%,0.0024611889435819764,40.95,48,Cascaded,2027,40.95000000000001,48
D0,DC/OO/11/D,ASE,6.0,,DC,OO,11,D,ASE,,79.31,46,58,83.28,5.00%,0.0029029408052505365,48.3,58,Cascaded,2027,48.30000000000001,58
D0,DC/OO/11/D,ATL,6.0,,DC,OO,11,D,ATL,,74.47,385,517,78.19,5.00%,0.024296352391770793,404.25,517,Cascaded,2027,404.25000000000006,517
D0,DC/OO/11/D,ATW,6.0,,DC,OO,11,D,ATW,,78.87,112,142,82.82,5.00%,0.007068029786696958,117.6,142,Cascaded,2027,117.60000000000002,142
D0,DC/OO/11/D,ATY,6.0,,DC,OO,11,D,ATY,,86.67,26,30,91.0,5.00%,0.0016407926290546511,27.3,30,Cascaded,2027,27.300000000000004,30
D0,DC/OO/11/D,AUS,6.0,,DC,OO,11,D,AUS,,75.47,323,428,79.24,5.00%,0.02038369304556355,339.15,428,Cascaded,2027,339.15000000000003,428
D0,DC/OO/11/D,AZO,6.0,,DC,OO,11,D,AZO,,80.77,63,78,84.81,5.00%,0.003975766755017039,66.15,78,Cascaded,2027,66.15,78
D0,DC/OO/11/D,BGM,6.0,,DC,OO,11,D,BGM,,81.48,22,27,85.56,5.00%,0.001388362993815474,23.1,27,Cascaded,2027,23.100000000000005,27
D0,DC/OO/11/D,BIL,6.0,,DC,OO,11,D,BIL,,88.89,48,54,93.33,5.00%,0.003029155622870125,50.4,54,Cascaded,2027,50.400000000000006,54
D0,DC/OO/11/D,BIS,6.0,,DC,OO,11,D,BIS,,93.33,14,15,98.0,5.00%,0.0008835037233371198,14.7,15,Cascaded,2027,14.700000000000003,15
D0,DC/OO/11/D,BJI,6.0,,DC,OO,11,D,BJI,,89.83,53,59,94.32,5.00%,0.003344692666919096,55.65,59,Cascaded,2027,55.65000000000001,59
D0,DC/OO/11/D,BNA,6.0,,DC,OO,11,D,BNA,,74.11,83,112,77.81,5.00%,0.005237914931212924,87.15,112,Cascaded,2027,87.15000000000002,112
D0,DC/OO/11/D,BOI,6.0,,DC,OO,11,D,BOI,,87.16,258,296,91.52,5.00%,0.01628171147292692,270.9,296,Cascaded,2027,270.90000000000003,296
D0,DC/OO/11/D,BRD,6.0,,DC,OO,11,D,BRD,,87.76,43,49,92.14,5.00%,0.0027136185788211534,45.15,49,Cascaded,2027,45.150000000000006,49
D0,DC/OO/11/D,BTM,6.0,,DC,OO,11,D,BTM,,100.0,28,28,105.0,5.00%,0.0017670074466742396,29.4,28,Cascaded,2027,29.400000000000006,28
D0,DC/OO/11/D,BTR,6.0,,DC,OO,11,D,BTR,,64.71,11,17,67.94,5.00%,0.000694181496907737,11.55,17,Cascaded,2027,11.550000000000002,17
D0,DC/OO/11/D,BUF,6.0,,DC,OO,11,D,BUF,,77.33,58,75,81.2,5.00%,0.0036602297109680675,60.9,75,Cascaded,2027,60.90000000000001,75
D0,DC/OO/11/D,BUR,6.0,,DC,OO,11,D,BUR,,80.52,62,77,84.55,5.00%,0.003912659346207245,65.1,77,Cascaded,2027,65.10000000000001,77
D0,DC/OO/11/D,BZN,6.0,,DC,OO,11,D,BZN,,92.94,79,85,97.59,5.00%,0.004985485295973748,82.95,85,Cascaded,2027,82.95000000000002,85
D0,DC/OO/11/D,CAE,6.0,,DC,OO,11,D,CAE,,50.0,1,2,52.5,5.00%,6.310740880979428e-05,1.05,2,Cascaded,2027,1.0500000000000003,2
D0,DC/OO/11/D,CDC,6.0,,DC,OO,11,D,CDC,,95.83,46,48,100.63,5.00%,0.0029029408052505365,48.3,48,Cascaded,2027,48.30000000000001,48
D0,DC/OO/11/D,CHS,6.0,,DC,OO,11,D,CHS,,100.0,2,2,105.0,5.00%,0.00012621481761958855,2.1,2,Cascaded,2027,2.1000000000000005,2
D0,DC/OO/11/D,CIU,6.0,,DC,OO,11,D,CIU,,81.03,47,58,85.09,5.00%,0.002966048214060331,49.35,58,Cascaded,2027,49.35000000000001,58
D0,DC/OO/11/D,CLE,6.0,,DC,OO,11,D,CLE,,71.6,58,81,75.19,5.00%,0.0036602297109680675,60.9,81,Cascaded,2027,60.90000000000001,81
D0,DC/OO/11/D,CMH,6.0,,DC,OO,11,D,CMH,,70.83,34,48,74.38,5.00%,0.002145651899533005,35.7,48,Cascaded,2027,35.7,48
D0,DC/OO/11/D,COS,6.0,,DC,OO,11,D,COS,,92.98,53,57,97.63,5.00%,0.003344692666919096,55.65,57,Cascaded,2027,55.65000000000001,57
D0,DC/OO/11/D,CRW,6.0,,DC,OO,11,D,CRW,,100.0,3,3,105.0,5.00%,0.0001893222264293828,3.15,3,Cascaded,2027,3.1500000000000004,3
D0,DC/OO/11/D,DEN,6.0,,DC,OO,11,D,DEN,,79.55,35,44,83.52,5.00%,0.0022087593083427995,36.75,44,Cascaded,2027,36.75000000000001,44
D0,DC/OO/11/D,DLH,6.0,,DC,OO,11,D,DLH,,86.17,81,94,90.48,5.00%,0.0051117001135933355,85.05,94,Cascaded,2027,85.05000000000001,94
D0,DC/OO/11/D,DTW,6.0,,DC,OO,11,D,DTW,,72.59,1430,1970,76.22,5.00%,0.09024359459800581,1501.5,1970,Cascaded,2027,1501.5000000000002,1970
D0,DC/OO/11/D,ECP,6.0,,DC,OO,11,D,ECP,,60.0,18,30,63.0,5.00%,0.001135933358576297,18.9,30,Cascaded,2027,18.900000000000002,30
D0,DC/OO/11/D,EKO,6.0,,DC,OO,11,D,EKO,,97.87,46,47,102.77,5.00%,0.0029029408052505365,48.3,47,Cascaded,2027,48.30000000000001,47
D0,DC/OO/11/D,ELM,6.0,,DC,OO,11,D,ELM,,81.69,58,71,85.77,5.00%,0.0036602297109680675,60.9,71,Cascaded,2027,60.90000000000001,71
D0,DC/OO/11/D,ESC,6.0,,DC,OO,11,D,ESC,,83.33,40,48,87.5,5.00%,0.002524296352391771,42.0,48,Cascaded,2027,42.00000000000001,48
D0,DC/OO/11/D,EUG,6.0,,DC,OO,11,D,EUG,,90.91,130,143,95.45,5.00%,0.008203963145273255,136.5,143,Cascaded,2027,136.50000000000003,143
D0,DC/OO/11/D,FAR,6.0,,DC,OO,11,D,FAR,,100.0,9,9,105.0,5.00%,0.0005679666792881485,9.45,9,Cascaded,2027,9.450000000000001,9
D0,DC/OO/11/D,FAT,6.0,,DC,OO,11,D,FAT,,90.38,94,104,94.9,5.00%,0.005932096428120662,98.7,104,Cascaded,2027,98.70000000000002,104
D0,DC/OO/11/D,FCA,6.0,,DC,OO,11,D,FCA,,87.04,47,54,91.39,5.00%,0.002966048214060331,49.35,54,Cascaded,2027,49.35000000000001,54
D0,DC/OO/11/D,FSD,6.0,,DC,OO,11,D,FSD,,68.75,55,80,72.19,5.00%,0.003470907484538685,57.75,80,Cascaded,2027,57.75000000000001,80
D0,DC/OO/11/D,FWA,6.0,,DC,OO,11,D,FWA,,74.21,118,159,77.92,5.00%,0.007446674239555724,123.9,159,Cascaded,2027,123.90000000000002,159
D0,DC/OO/11/D,GEG,6.0,,DC,OO,11,D,GEG,,86.38,241,279,90.7,5.00%,0.01520888552316042,253.05,279,Cascaded,2027,253.05000000000004,279
D0,DC/OO/11/D,GFK,6.0,,DC,OO,11,D,GFK,,86.9,73,84,91.25,5.00%,0.0046068408431149815,76.65,84,Cascaded,2027,76.65000000000002,84
D0,DC/OO/11/D,GJT,6.0,,DC,OO,11,D,GJT,,90.38,47,52,94.9,5.00%,0.002966048214060331,49.35,52,Cascaded,2027,49.35000000000001,52
D0,DC/OO/11/D,GRB,6.0,,DC,OO,11,D,GRB,,80.87,93,115,84.91,5.00%,0.005868989019310867,97.65,115,Cascaded,2027,97.65000000000002,115
D0,DC/OO/11/D,GRR,6.0,,DC,OO,11,D,GRR,,78.06,185,237,81.96,5.00%,0.011674870629811939,194.25,237,Cascaded,2027,194.25000000000003,237
D0,DC/OO/11/D,GSO,6.0,,DC,OO,11,D,GSO,,68.42,39,57,71.84,5.00%,0.0024611889435819764,40.95,57,Cascaded,2027,40.95000000000001,57
D0,DC/OO/11/D,GSP,6.0,,DC,OO,11,D,GSP,,40.0,6,15,42.0,5.00%,0.0003786444528587656,6.3,15,Cascaded,2027,6.300000000000001,15
D0,DC/OO/11/D,GTF,6.0,,DC,OO,11,D,GTF,,90.36,75,83,94.88,5.00%,0.00473305566073457,78.75,83,Cascaded,2027,78.75000000000001,83
D0,DC/OO/11/D,HIB,6.0,,DC,OO,11,D,HIB,,76.6,36,47,80.43,5.00%,0.002271866717152594,37.8,47,Cascaded,2027,37.800000000000004,47
D0,DC/OO/11/D,HLN,6.0,,DC,OO,11,D,HLN,,89.47,51,57,93.95,5.00%,0.003218477849299508,53.55,57,Cascaded,2027,53.55000000000001,57
D0,DC/OO/11/D,HPN,6.0,,DC,OO,11,D,HPN,,100.0,2,2,105.0,5.00%,0.00012621481761958855,2.1,2,Cascaded,2027,2.1000000000000005,2
D0,DC/OO/11/D,IAD,6.0,,DC,OO,11,D,IAD,,74.77,83,111,78.51,5.00%,0.005237914931212924,87.15,111,Cascaded,2027,87.15000000000002,111
D0,DC/OO/11/D,ICT,6.0,,DC,OO,11,D,ICT,,69.23,9,13,72.69,5.00%,0.0005679666792881485,9.45,13,Cascaded,2027,9.450000000000001,13
D0,DC/OO/11/D,IDA,6.0,,DC,OO,11,D,IDA,,96.92,63,65,101.77,5.00%,0.003975766755017039,66.15,65,Cascaded,2027,66.15,65
D0,DC/OO/11/D,IMT,6.0,,DC,OO,11,D,IMT,,73.21,41,56,76.88,5.00%,0.002587403761201565,43.05,56,Cascaded,2027,43.05000000000001,56
D0,DC/OO/11/D,IND,6.0,,DC,OO,11,D,IND,,84.31,86,102,88.53,5.00%,0.005427237157642307,90.3,102,Cascaded,2027,90.30000000000001,102
D0,DC/OO/11/D,INL,6.0,,DC,OO,11,D,INL,,83.33,40,48,87.5,5.00%,0.002524296352391771,42.0,48,Cascaded,2027,42.00000000000001,48
D0,DC/OO/11/D,JAC,6.0,,DC,OO,11,D,JAC,,92.59,25,27,97.22,5.00%,0.0015776852202448568,26.25,27,Cascaded,2027,26.250000000000004,27
D0,DC/OO/11/D,JAX,6.0,,DC,OO,11,D,JAX,,76.67,23,30,80.5,5.00%,0.0014514704026252683,24.15,30,Cascaded,2027,24.150000000000006,30
D0,DC/OO/11/D,LAN,6.0,,DC,OO,11,D,LAN,,87.5,35,40,91.88,5.00%,0.0022087593083427995,36.75,40,Cascaded,2027,36.75000000000001,40
D0,DC/OO/11/D,LAS,6.0,,DC,OO,11,D,LAS,,88.54,170,192,92.97,5.00%,0.010728259497665026,178.5,192,Cascaded,2027,178.50000000000003,192
D0,DC/OO/11/D,LAX,6.0,,DC,OO,11,D,LAX,,85.88,748,871,90.17,5.00%,0.047204341789726115,785.4,871,Cascaded,2027,785.4000000000001,871
D0,DC/OO/11/D,LEX,6.0,,DC,OO,11,D,LEX,,78.95,45,57,82.89,5.00%,0.002839833396440742,47.25,57,Cascaded,2027,47.25000000000001,57
D0,DC/OO/11/D,LFT,6.0,,DC,OO,11,D,LFT,,100.0,1,1,105.0,5.00%,6.310740880979428e-05,1.05,1,Cascaded,2027,1.0500000000000003,1
D0,DC/OO/11/D,LGA,6.0,,DC,OO,11,D,LGA,,64.34,83,129,67.56,5.00%,0.005237914931212924,87.15,129,Cascaded,2027,87.15000000000002,129
D0,DC/OO/11/D,LGB,6.0,,DC,OO,11,D,LGB,,81.36,48,59,85.42,5.00%,0.003029155622870125,50.4,59,Cascaded,2027,50.400000000000006,59
D0,DC/OO/11/D,LIT,6.0,,DC,OO,11,D,LIT,,89.29,25,28,93.75,5.00%,0.0015776852202448568,26.25,28,Cascaded,2027,26.250000000000004,28
D0,DC/OO/11/D,LWS,6.0,,DC,OO,11,D,LWS,,86.67,52,60,91.0,5.00%,0.0032815852581093022,54.6,60,Cascaded,2027,54.60000000000001,60
D0,DC/OO/11/D,MAF,6.0,,DC,OO,11,D,MAF,,63.64,14,22,66.82,5.00%,0.0008835037233371198,14.7,22,Cascaded,2027,14.700000000000003,22
D0,DC/OO/11/D,MBS,6.0,,DC,OO,11,D,MBS,,78.7,85,108,82.64,5.00%,0.005364129748832513,89.25,108,Cascaded,2027,89.25000000000001,108
D0,DC/OO/11/D,MDT,6.0,,DC,OO,11,D,MDT,,82.35,28,34,86.47,5.00%,0.0017670074466742396,29.4,34,Cascaded,2027,29.400000000000006,34
D0,DC/OO/11/D,MDW,6.0,,DC,OO,11,D,MDW,,87.5,84,96,91.88,5.00%,0.005301022340022719,88.2,96,Cascaded,2027,88.20000000000002,96
D0,DC/OO/11/D,MEM,6.0,,DC,OO,11,D,MEM,,78.52,117,149,82.45,5.00%,0.00738356683074593,122.85,149,Cascaded,2027,122.85000000000002,149
D0,DC/OO/11/D,MFE,6.0,,DC,OO,11,D,MFE,,81.93,68,83,86.02,5.00%,0.00429130379906601,71.4,83,Cascaded,2027,71.4,83
D0,DC/OO/11/D,MFR,6.0,,DC,OO,11,D,MFR,,85.21,121,142,89.47,5.00%,0.007635996465985106,127.05,142,Cascaded,2027,127.05000000000003,142
D0,DC/OO/11/D,MGM,6.0,,DC,OO,11,D,MGM,,80.0,12,15,84.0,5.00%,0.0007572889057175312,12.6,15,Cascaded,2027,12.600000000000001,15
D0,DC/OO/11/D,MKE,6.0,,DC,OO,11,D,MKE,,83.59,107,128,87.77,5.00%,0.006752492742647987,112.35,128,Cascaded,2027,112.35000000000002,128
D0,DC/OO/11/D,MOT,6.0,,DC,OO,11,D,MOT,,75.47,80,106,79.25,5.00%,0.005048592704783542,84.0,106,Cascaded,2027,84.00000000000001,106
D0,DC/OO/11/D,MQT,6.0,,DC,OO,11,D,MQT,,84.75,50,59,88.98,5.00%,0.0031553704404897135,52.5,59,Cascaded,2027,52.50000000000001,59
D0,DC/OO/11/D,MSN,6.0,,DC,OO,11,D,MSN,,78.79,52,66,82.73,5.00%,0.0032815852581093022,54.6,66,Cascaded,2027,54.60000000000001,66
D0,DC/OO/11/D,MSO,6.0,,DC,OO,11,D,MSO,,90.38,47,52,94.9,5.00%,0.002966048214060331,49.35,52,Cascaded,2027,49.35000000000001,52
D0,DC/OO/11/D,MSP,6.0,,DC,OO,11,D,MSP,,80.12,1467,1831,84.13,5.00%,0.09257856872396819,1540.35,1831,Cascaded,2027,1540.3500000000004,1831
D0,DC/OO/11/D,MSY,6.0,,DC,OO,11,D,MSY,,81.58,31,38,85.66,5.00%,0.0019563296731036225,32.55,38,Cascaded,2027,32.550000000000004,38
D0,DC/OO/11/D,OAK,6.0,,DC,OO,11,D,OAK,,86.21,75,87,90.52,5.00%,0.00473305566073457,78.75,87,Cascaded,2027,78.75000000000001,87
D0,DC/OO/11/D,OKC,6.0,,DC,OO,11,D,OKC,,87.18,102,117,91.54,5.00%,0.006436955698599016,107.1,117,Cascaded,2027,107.10000000000002,117
D0,DC/OO/11/D,OMA,6.0,,DC,OO,11,D,OMA,,75.48,197,261,79.25,5.00%,0.012432159535529471,206.85,261,Cascaded,2027,206.85000000000002,261
D0,DC/OO/11/D,ONT,6.0,,DC,OO,11,D,ONT,,88.18,97,110,92.59,5.00%,0.006121418654550044,101.85,110,Cascaded,2027,101.85000000000002,110
D0,DC/OO/11/D,ORD,6.0,,DC,OO,11,D,ORD,,68.75,22,32,72.19,5.00%,0.001388362993815474,23.1,32,Cascaded,2027,23.100000000000005,32
D0,DC/OO/11/D,PDX,6.0,,DC,OO,11,D,PDX,,81.71,143,175,85.8,5.00%,0.00902435945980058,150.15,175,Cascaded,2027,150.15000000000003,175
D0,DC/OO/11/D,PHX,6.0,,DC,OO,11,D,PHX,,70.83,68,96,74.38,5.00%,0.00429130379906601,71.4,96,Cascaded,2027,71.4,96
D0,DC/OO/11/D,PIH,6.0,,DC,OO,11,D,PIH,,96.55,28,29,101.38,5.00%,0.0017670074466742396,29.4,29,Cascaded,2027,29.400000000000006,29
D0,DC/OO/11/D,PIT,6.0,,DC,OO,11,D,PIT,,68.49,50,73,71.92,5.00%,0.0031553704404897135,52.5,73,Cascaded,2027,52.50000000000001,73
D0,DC/OO/11/D,PLN,6.0,,DC,OO,11,D,PLN,,84.0,42,50,88.2,5.00%,0.0026505111700113595,44.1,50,Cascaded,2027,44.10000000000001,50
D0,DC/OO/11/D,PSC,6.0,,DC,OO,11,D,PSC,,87.5,126,144,91.88,5.00%,0.007951533510034078,132.3,144,Cascaded,2027,132.3,144
D0,DC/OO/11/D,PSP,6.0,,DC,OO,11,D,PSP,,80.46,70,87,84.48,5.00%,0.004417518616685599,73.5,87,Cascaded,2027,73.50000000000001,87
D0,DC/OO/11/D,PVD,6.0,,DC,OO,11,D,PVD,,70.91,39,55,74.45,5.00%,0.0024611889435819764,40.95,55,Cascaded,2027,40.95000000000001,55
D0,DC/OO/11/D,RDM,6.0,,DC,OO,11,D,RDM,,82.61,114,138,86.74,5.00%,0.007194244604316547,119.7,138,Cascaded,2027,119.70000000000002,138
D0,DC/OO/11/D,RHI,6.0,,DC,OO,11,D,RHI,,83.02,44,53,87.17,5.00%,0.002776725987630948,46.2,53,Cascaded,2027,46.20000000000001,53
D0,DC/OO/11/D,RIC,6.0,,DC,OO,11,D,RIC,,57.14,36,63,60.0,5.00%,0.002271866717152594,37.8,63,Cascaded,2027,37.800000000000004,63
D0,DC/OO/11/D,RNO,6.0,,DC,OO,11,D,RNO,,86.73,98,113,91.06,5.00%,0.006184526063359838,102.9,113,Cascaded,2027,102.90000000000002,113
D0,DC/OO/11/D,ROC,6.0,,DC,OO,11,D,ROC,,68.75,44,64,72.19,5.00%,0.002776725987630948,46.2,64,Cascaded,2027,46.20000000000001,64
D0,DC/OO/11/D,SAN,6.0,,DC,OO,11,D,SAN,,78.34,123,157,82.26,5.00%,0.007762211283604695,129.15,157,Cascaded,2027,129.15000000000003,157
D0,DC/OO/11/D,SAV,6.0,,DC,OO,11,D,SAV,,51.85,14,27,54.44,5.00%,0.0008835037233371198,14.7,27,Cascaded,2027,14.700000000000003,27
D0,DC/OO/11/D,SBA,6.0,,DC,OO,11,D,SBA,,90.32,56,62,94.84,5.00%,0.003534014893348479,58.8,62,Cascaded,2027,58.80000000000001,62
D0,DC/OO/11/D,SBN,6.0,,DC,OO,11,D,SBN,,71.7,114,159,75.28,5.00%,0.007194244604316547,119.7,159,Cascaded,2027,119.70000000000002,159
D0,DC/OO/11/D,SDF,6.0,,DC,OO,11,D,SDF,,79.66,47,59,83.64,5.00%,0.002966048214060331,49.35,59,Cascaded,2027,49.35000000000001,59
D0,DC/OO/11/D,SEA,6.0,,DC,OO,11,D,SEA,,82.51,1198,1452,86.63,5.00%,0.07560267575413354,1257.9,1452,Cascaded,2027,1257.9000000000003,1452
D0,DC/OO/11/D,SFO,6.0,,DC,OO,11,D,SFO,,60.34,35,58,63.36,5.00%,0.0022087593083427995,36.75,58,Cascaded,2027,36.75000000000001,58
D0,DC/OO/11/D,SGU,6.0,,DC,OO,11,D,SGU,,91.28,136,149,95.84,5.00%,0.00858260759813202,142.8,149,Cascaded,2027,142.8,149
D0,DC/OO/11/D,SHV,6.0,,DC,OO,11,D,SHV,,71.88,92,128,75.47,5.00%,0.005805881610501073,96.6,128,Cascaded,2027,96.60000000000002,128
D0,DC/OO/11/D,SJC,6.0,,DC,OO,11,D,SJC,,88.31,370,419,92.72,5.00%,0.023349741259623878,388.5,419,Cascaded,2027,388.50000000000006,419
D0,DC/OO/11/D,SLC,6.0,,DC,OO,11,D,SLC,,87.73,2080,2371,92.11,5.00%,0.13126341032437208,2184.0,2371,Cascaded,2027,2184.0000000000005,2371
D0,DC/OO/11/D,SMF,6.0,,DC,OO,11,D,SMF,,87.4,319,365,91.77,5.00%,0.02013126341032437,334.95,365,Cascaded,2027,334.95000000000005,365
D0,DC/OO/11/D,SNA,6.0,,DC,OO,11,D,SNA,,77.65,66,85,81.53,5.00%,0.0041650889814464215,69.3,85,Cascaded,2027,69.30000000000001,85
D0,DC/OO/11/D,STL,6.0,,DC,OO,11,D,STL,,0.0,0,3,0.0,0.00%,0.0,0.0,3,Cascaded,2027,0.0,3
D0,DC/OO/11/D,SUN,6.0,,DC,OO,11,D,SUN,,96.51,83,86,101.34,5.00%,0.005237914931212924,87.15,86,Cascaded,2027,87.15000000000002,86
D0,DC/OO/11/D,SYR,6.0,,DC,OO,11,D,SYR,,80.0,4,5,84.0,5.00%,0.0002524296352391771,4.2,5,Cascaded,2027,4.200000000000001,5
D0,DC/OO/11/D,TUL,6.0,,DC,OO,11,D,TUL,,86.67,26,30,91.0,5.00%,0.0016407926290546511,27.3,30,Cascaded,2027,27.300000000000004,30
D0,DC/OO/11/D,TUS,6.0,,DC,OO,11,D,TUS,,85.71,162,189,90.0,5.00%,0.010223400227186671,170.1,189,Cascaded,2027,170.10000000000002,189
D0,DC/OO/11/D,TVC,6.0,,DC,OO,11,D,TVC,,76.47,39,51,80.29,5.00%,0.0024611889435819764,40.95,51,Cascaded,2027,40.95000000000001,51
D0,DC/OO/11/D,TWF,6.0,,DC,OO,11,D,TWF,,94.74,54,57,99.47,5.00%,0.0034078000757288905,56.7,57,Cascaded,2027,56.70000000000001,57
D0,DC/OO/11/D,XNA,6.0,,DC,OO,11,D,XNA,,74.58,88,118,78.31,5.00%,0.005553451975261896,92.4,118,Cascaded,2027,92.40000000000002,118
D0,DC/OO/11/D,XWA,6.0,,DC,OO,11,D,XWA,,70.37,57,81,73.89,5.00%,0.0035971223021582736,59.85,81,Cascaded,2027,59.85000000000001,81
D0,DC/OO/11/I,DTW,6.0,,DC,OO,11,I,DTW,,66.67,4,6,70.0,5.00%,0.006134969325153374,4.2,6,Cascaded,2027,4.2,6
D0,DC/OO/11/I,MSP,6.0,,DC,OO,11,I,MSP,,68.75,99,144,72.19,5.00%,0.15184049079754602,103.95,144,Cascaded,2027,103.95,144
D0,DC/OO/11/I,SEA,6.0,,DC,OO,11,I,SEA,,71.03,103,145,74.59,5.00%,0.1579754601226994,108.15,145,Cascaded,2027,108.15,145
D0,DC/OO/11/I,SLC,6.0,,DC,OO,11,I,SLC,,77.97,92,118,81.86,5.00%,0.1411042944785276,96.6,118,Cascaded,2027,96.60000000000001,118
D0,DC/OO/11/I,YVR,6.0,,DC,OO,11,I,YVR,,89.71,183,204,94.19,5.00%,0.28067484662576686,192.15,204,Cascaded,2027,192.15,204
D0,DC/OO/11/I,YWG,6.0,,DC,OO,11,I,YWG,,85.06,74,87,89.31,5.00%,0.11349693251533742,77.7,87,Cascaded,2027,77.7,87
D0,DC/OO/11/I,YYC,6.0,,DC,OO,11,I,YYC,,88.14,52,59,92.54,5.00%,0.07975460122699386,54.6,59,Cascaded,2027,54.6,59
D0,DC/OO/11/I,YYZ,6.0,,DC,OO,11,I,YYZ,,71.43,45,63,75.0,5.00%,0.06901840490797546,47.25,63,Cascaded,2027,47.25,63
D0,DC/OO/12/D,ABQ,6.0,,DC,OO,12,D,ABQ,,83.52,147,176,87.7,5.00%,0.010946459155558865,154.35,176,Cascaded,2027,154.35,176
D0,DC/OO/12/D,ABR,6.0,,DC,OO,12,D,ABR,,68.42,39,57,71.84,5.00%,0.002904162633107454,40.95,57,Cascaded,2027,40.949999999999996,57
D0,DC/OO/12/D,ABY,6.0,,DC,OO,12,D,ABY,,62.86,22,35,66.0,5.00%,0.001638245587906769,23.1,35,Cascaded,2027,23.099999999999998,35
D0,DC/OO/12/D,AGS,6.0,,DC,OO,12,D,AGS,,78.95,30,38,82.89,5.00%,0.002233971256236503,31.5,38,Cascaded,2027,31.499999999999996,38
D0,DC/OO/12/D,ALB,6.0,,DC,OO,12,D,ALB,,60.0,39,65,63.0,5.00%,0.002904162633107454,40.95,65,Cascaded,2027,40.949999999999996,65
D0,DC/OO/12/D,APN,6.0,,DC,OO,12,D,APN,,55.32,26,47,58.09,5.00%,0.001936108422071636,27.3,47,Cascaded,2027,27.299999999999997,47
D0,DC/OO/12/D,ASE,6.0,,DC,OO,12,D,ASE,,49.3,35,71,51.76,5.00%,0.002606299798942587,36.75,71,Cascaded,2027,36.75,71
D0,DC/OO/12/D,ATL,6.0,,DC,OO,12,D,ATL,,60.93,340,558,63.98,5.00%,0.025318340904013702,357.0,558,Cascaded,2027,357.0,558
D0,DC/OO/12/D,ATW,6.0,,DC,OO,12,D,ATW,,51.97,79,152,54.57,5.00%,0.0058827909747561245,82.95,152,Cascaded,2027,82.94999999999999,152
D0,DC/OO/12/D,ATY,6.0,,DC,OO,12,D,ATY,,83.33,25,30,87.5,5.00%,0.0018616427135304192,26.25,30,Cascaded,2027,26.249999999999996,30
D0,DC/OO/12/D,AUS,6.0,,DC,OO,12,D,AUS,,64.32,274,426,67.54,5.00%,0.020403604140293394,287.7,426,Cascaded,2027,287.7,426
D0,DC/OO/12/D,AZO,6.0,,DC,OO,12,D,AZO,,61.29,38,62,64.35,5.00%,0.0028296969245662374,39.9,62,Cascaded,2027,39.9,62
D0,DC/OO/12/D,BGM,6.0,,DC,OO,12,D,BGM,,52.63,10,19,55.26,5.00%,0.0007446570854121677,10.5,19,Cascaded,2027,10.5,19
D0,DC/OO/12/D,BHM,6.0,,DC,OO,12,D,BHM,,54.55,6,11,57.27,5.00%,0.0004467942512473006,6.3,11,Cascaded,2027,6.3,11
D0,DC/OO/12/D,BIL,6.0,,DC,OO,12,D,BIL,,74.58,44,59,78.31,5.00%,0.003276491175813538,46.2,59,Cascaded,2027,46.199999999999996,59
D0,DC/OO/12/D,BIS,6.0,,DC,OO,12,D,BIS,,52.0,39,75,54.6,5.00%,0.002904162633107454,40.95,75,Cascaded,2027,40.949999999999996,75
D0,DC/OO/12/D,BJI,6.0,,DC,OO,12,D,BJI,,72.13,44,61,75.74,5.00%,0.003276491175813538,46.2,61,Cascaded,2027,46.199999999999996,61
D0,DC/OO/12/D,BNA,6.0,,DC,OO,12,D,BNA,,70.71,70,99,74.24,5.00%,0.005212599597885174,73.5,99,Cascaded,2027,73.5,99
D0,DC/OO/12/D,BOI,6.0,,DC,OO,12,D,BOI,,83.17,252,303,87.33,5.00%,0.018765358552386625,264.6,303,Cascaded,2027,264.59999999999997,303
D0,DC/OO/12/D,BRD,6.0,,DC,OO,12,D,BRD,,66.0,33,50,69.3,5.00%,0.0024573683818601534,34.65,50,Cascaded,2027,34.65,50
D0,DC/OO/12/D,BTM,6.0,,DC,OO,12,D,BTM,,93.1,27,29,97.76,5.00%,0.0020105741306128528,28.35,29,Cascaded,2027,28.349999999999998,29
D0,DC/OO/12/D,BTR,6.0,,DC,OO,12,D,BTR,,65.0,13,20,68.25,5.00%,0.000968054211035818,13.65,20,Cascaded,2027,13.649999999999999,20
D0,DC/OO/12/D,BTV,6.0,,DC,OO,12,D,BTV,,42.86,9,21,45.0,5.00%,0.0006701913768709509,9.45,21,Cascaded,2027,9.45,21
D0,DC/OO/12/D,BUF,6.0,,DC,OO,12,D,BUF,,54.1,33,61,56.8,5.00%,0.0024573683818601534,34.65,61,Cascaded,2027,34.65,61
D0,DC/OO/12/D,BUR,6.0,,DC,OO,12,D,BUR,,82.02,73,89,86.12,5.00%,0.005435996723508824,76.65,89,Cascaded,2027,76.64999999999999,89
D0,DC/OO/12/D,BZN,6.0,,DC,OO,12,D,BZN,,75.68,84,111,79.46,5.00%,0.0062551195174622085,88.2,111,Cascaded,2027,88.19999999999999,111
D0,DC/OO/12/D,CAE,6.0,,DC,OO,12,D,CAE,,100.0,2,2,105.0,5.00%,0.00014893141708243355,2.1,2,Cascaded,2027,2.0999999999999996,2
D0,DC/OO/12/D,CDC,6.0,,DC,OO,12,D,CDC,,92.59,50,54,97.22,5.00%,0.0037232854270608383,52.5,54,Cascaded,2027,52.49999999999999,54
D0,DC/OO/12/D,CHS,6.0,,DC,OO,12,D,CHS,,50.0,1,2,52.5,5.00%,7.446570854121677e-05,1.05,2,Cascaded,2027,1.0499999999999998,2
D0,DC/OO/12/D,CID,6.0,,DC,OO,12,D,CID,,41.18,7,17,43.24,5.00%,0.0005212599597885174,7.35,17,Cascaded,2027,7.35,17
D0,DC/OO/12/D,CIU,6.0,,DC,OO,12,D,CIU,,68.42,39,57,71.84,5.00%,0.002904162633107454,40.95,57,Cascaded,2027,40.949999999999996,57
D0,DC/OO/12/D,CLE,6.0,,DC,OO,12,D,CLE,,43.42,33,76,45.59,5.00%,0.0024573683818601534,34.65,76,Cascaded,2027,34.65,76
D0,DC/OO/12/D,CMH,6.0,,DC,OO,12,D,CMH,,50.0,25,50,52.5,5.00%,0.0018616427135304192,26.25,50,Cascaded,2027,26.249999999999996,50
D0,DC/OO/12/D,COS,6.0,,DC,OO,12,D,COS,,79.31,46,58,83.28,5.00%,0.0034254225928959715,48.3,58,Cascaded,2027,48.3,58
D0,DC/OO/12/D,CRW,6.0,,DC,OO,12,D,CRW,,100.0,2,2,105.0,5.00%,0.00014893141708243355,2.1,2,Cascaded,2027,2.0999999999999996,2
D0,DC/OO/12/D,DEN,6.0,,DC,OO,12,D,DEN,,56.45,35,62,59.27,5.00%,0.002606299798942587,36.75,62,Cascaded,2027,36.75,62
D0,DC/OO/12/D,DLH,6.0,,DC,OO,12,D,DLH,,47.62,50,105,50.0,5.00%,0.0037232854270608383,52.5,105,Cascaded,2027,52.49999999999999,105
D0,DC/OO/12/D,DSM,6.0,,DC,OO,12,D,DSM,,25.0,4,16,26.25,5.00%,0.0002978628341648671,4.2,16,Cascaded,2027,4.199999999999999,16
D0,DC/OO/12/D,DTW,6.0,,DC,OO,12,D,DTW,,47.11,946,2008,49.47,5.00%,0.07044456027999106,993.3,2008,Cascaded,2027,993.3,2008
D0,DC/OO/12/D,ECP,6.0,,DC,OO,12,D,ECP,,74.19,23,31,77.9,5.00%,0.0017127112964479857,24.15,31,Cascaded,2027,24.15,31
D0,DC/OO/12/D,EGE,6.0,,DC,OO,12,D,EGE,,37.5,9,24,39.38,5.00%,0.0006701913768709509,9.45,24,Cascaded,2027,9.45,24
D0,DC/OO/12/D,EKO,6.0,,DC,OO,12,D,EKO,,92.16,47,51,96.76,5.00%,0.003499888301437188,49.35,51,Cascaded,2027,49.349999999999994,51
D0,DC/OO/12/D,ELM,6.0,,DC,OO,12,D,ELM,,54.05,40,74,56.76,5.00%,0.002978628341648671,42.0,74,Cascaded,2027,42.0,74
D0,DC/OO/12/D,ESC,6.0,,DC,OO,12,D,ESC,,69.57,32,46,73.04,5.00%,0.0023829026733189367,33.6,46,Cascaded,2027,33.599999999999994,46
D0,DC/OO/12/D,EUG,6.0,,DC,OO,12,D,EUG,,90.91,130,143,95.45,5.00%,0.00968054211035818,136.5,143,Cascaded,2027,136.5,143
D0,DC/OO/12/D,EVV,6.0,,DC,OO,12,D,EVV,,73.91,17,23,77.61,5.00%,0.001265917045200685,17.85,23,Cascaded,2027,17.849999999999998,23
D0,DC/OO/12/D,FAR,6.0,,DC,OO,12,D,FAR,,100.0,2,2,105.0,5.00%,0.00014893141708243355,2.1,2,Cascaded,2027,2.0999999999999996,2
D0,DC/OO/12/D,FAT,6.0,,DC,OO,12,D,FAT,,87.39,104,119,91.76,5.00%,0.007744433688286544,109.2,119,Cascaded,2027,109.19999999999999,119
D0,DC/OO/12/D,FCA,6.0,,DC,OO,12,D,FCA,,72.73,48,66,76.36,5.00%,0.003574354009978405,50.4,66,Cascaded,2027,50.4,66
D0,DC/OO/12/D,FSD,6.0,,DC,OO,12,D,FSD,,32.73,18,55,34.36,5.00%,0.0013403827537419018,18.9,55,Cascaded,2027,18.9,55
D0,DC/OO/12/D,FWA,6.0,,DC,OO,12,D,FWA,,57.58,95,165,60.45,5.00%,0.0070742423114155935,99.75,165,Cascaded,2027,99.75,165
D0,DC/OO/12/D,GEG,6.0,,DC,OO,12,D,GEG,,81.82,243,297,85.91,5.00%,0.018095167175515674,255.15,297,Cascaded,2027,255.14999999999998,297
D0,DC/OO/12/D,GFK,6.0,,DC,OO,12,D,GFK,,48.15,13,27,50.56,5.00%,0.000968054211035818,13.65,27,Cascaded,2027,13.649999999999999,27
D0,DC/OO/12/D,GJT,6.0,,DC,OO,12,D,GJT,,88.89,48,54,93.33,5.00%,0.003574354009978405,50.4,54,Cascaded,2027,50.4,54
D0,DC/OO/12/D,GRB,6.0,,DC,OO,12,D,GRB,,61.61,69,112,64.69,5.00%,0.0051381338893439574,72.45,112,Cascaded,2027,72.44999999999999,112
D0,DC/OO/12/D,GRR,6.0,,DC,OO,12,D,GRR,,40.15,53,132,42.16,5.00%,0.003946682552684488,55.65,132,Cascaded,2027,55.65,132
D0,DC/OO/12/D,GSO,6.0,,DC,OO,12,D,GSO,,52.63,20,38,55.26,5.00%,0.0014893141708243354,21.0,38,Cascaded,2027,21.0,38
D0,DC/OO/12/D,GSP,6.0,,DC,OO,12,D,GSP,,53.85,14,26,56.54,5.00%,0.0010425199195770347,14.7,26,Cascaded,2027,14.7,26
D0,DC/OO/12/D,GTF,6.0,,DC,OO,12,D,GTF,,82.02,73,89,86.12,5.00%,0.005435996723508824,76.65,89,Cascaded,2027,76.64999999999999,89
D0,DC/OO/12/D,HIB,6.0,,DC,OO,12,D,HIB,,56.6,30,53,59.43,5.00%,0.002233971256236503,31.5,53,Cascaded,2027,31.499999999999996,53
D0,DC/OO/12/D,HLN,6.0,,DC,OO,12,D,HLN,,100.0,59,59,105.0,5.00%,0.0043934768039317895,61.95,59,Cascaded,2027,61.949999999999996,59
D0,DC/OO/12/D,HPN,6.0,,DC,OO,12,D,HPN,,100.0,2,2,105.0,5.00%,0.00014893141708243355,2.1,2,Cascaded,2027,2.0999999999999996,2
D0,DC/OO/12/D,IAD,6.0,,DC,OO,12,D,IAD,,50.47,54,107,52.99,5.00%,0.0040211482612257056,56.7,107,Cascaded,2027,56.699999999999996,107
D0,DC/OO/12/D,ICT,6.0,,DC,OO,12,D,ICT,,35.29,6,17,37.06,5.00%,0.0004467942512473006,6.3,17,Cascaded,2027,6.3,17
D0,DC/OO/12/D,IDA,6.0,,DC,OO,12,D,IDA,,83.05,49,59,87.2,5.00%,0.0036488197185196216,51.45,59,Cascaded,2027,51.449999999999996,59
D0,DC/OO/12/D,IMT,6.0,,DC,OO,12,D,IMT,,55.36,31,56,58.12,5.00%,0.00230843696477772,32.55,56,Cascaded,2027,32.55,56
D0,DC/OO/12/D,IND,6.0,,DC,OO,12,D,IND,,54.21,58,107,56.92,5.00%,0.004319011095390572,60.9,107,Cascaded,2027,60.89999999999999,107
D0,DC/OO/12/D,INL,6.0,,DC,OO,12,D,INL,,76.92,40,52,80.77,5.00%,0.002978628341648671,42.0,52,Cascaded,2027,42.0,52
D0,DC/OO/12/D,JAC,6.0,,DC,OO,12,D,JAC,,75.68,28,37,79.46,5.00%,0.0020850398391540695,29.4,37,Cascaded,2027,29.4,37
D0,DC/OO/12/D,JAX,6.0,,DC,OO,12,D,JAX,,74.19,23,31,77.9,5.00%,0.0017127112964479857,24.15,31,Cascaded,2027,24.15,31
D0,DC/OO/12/D,LAN,6.0,,DC,OO,12,D,LAN,,53.33,32,60,56.0,5.00%,0.0023829026733189367,33.6,60,Cascaded,2027,33.599999999999994,60
D0,DC/OO/12/D,LAS,6.0,,DC,OO,12,D,LAS,,82.83,164,198,86.97,5.00%,0.01221237620075955,172.2,198,Cascaded,2027,172.2,198
D0,DC/OO/12/D,LAX,6.0,,DC,OO,12,D,LAX,,78.96,773,979,82.91,5.00%,0.057561992702360565,811.65,979,Cascaded,2027,811.65,979
D0,DC/OO/12/D,LEX,6.0,,DC,OO,12,D,LEX,,68.18,15,22,71.59,5.00%,0.0011169856281182514,15.75,22,Cascaded,2027,15.749999999999998,22
D0,DC/OO/12/D,LGA,6.0,,DC,OO,12,D,LGA,,55.81,48,86,58.6,5.00%,0.003574354009978405,50.4,86,Cascaded,2027,50.4,86
D0,DC/OO/12/D,LGB,6.0,,DC,OO,12,D,LGB,,89.83,53,59,94.32,5.00%,0.003946682552684488,55.65,59,Cascaded,2027,55.65,59
D0,DC/OO/12/D,LIT,6.0,,DC,OO,12,D,LIT,,80.65,25,31,84.68,5.00%,0.0018616427135304192,26.25,31,Cascaded,2027,26.249999999999996,31
D0,DC/OO/12/D,LWS,6.0,,DC,OO,12,D,LWS,,74.19,46,62,77.9,5.00%,0.0034254225928959715,48.3,62,Cascaded,2027,48.3,62
D0,DC/OO/12/D,MBS,6.0,,DC,OO,12,D,MBS,,50.0,33,66,52.5,5.00%,0.0024573683818601534,34.65,66,Cascaded,2027,34.65,66
D0,DC/OO/12/D,MCI,6.0,,DC,OO,12,D,MCI,,46.67,7,15,49.0,5.00%,0.0005212599597885174,7.35,15,Cascaded,2027,7.35,15
D0,DC/OO/12/D,MDT,6.0,,DC,OO,12,D,MDT,,58.97,23,39,61.92,5.00%,0.0017127112964479857,24.15,39,Cascaded,2027,24.15,39
D0,DC/OO/12/D,MDW,6.0,,DC,OO,12,D,MDW,,53.75,43,80,56.44,5.00%,0.003202025467272321,45.15,80,Cascaded,2027,45.15,80
D0,DC/OO/12/D,MEM,6.0,,DC,OO,12,D,MEM,,62.79,81,129,65.93,5.00%,0.006031722391838559,85.05,129,Cascaded,2027,85.05,129
D0,DC/OO/12/D,MFE,6.0,,DC,OO,12,D,MFE,,77.53,69,89,81.4,5.00%,0.0051381338893439574,72.45,89,Cascaded,2027,72.44999999999999,89
D0,DC/OO/12/D,MFR,6.0,,DC,OO,12,D,MFR,,78.72,111,141,82.66,5.00%,0.008265693648075062,116.55,141,Cascaded,2027,116.55,141
D0,DC/OO/12/D,MKE,6.0,,DC,OO,12,D,MKE,,50.6,84,166,53.13,5.00%,0.0062551195174622085,88.2,166,Cascaded,2027,88.19999999999999,166
D0,DC/OO/12/D,MOT,6.0,,DC,OO,12,D,MOT,,40.91,45,110,42.95,5.00%,0.0033509568843547548,47.25,110,Cascaded,2027,47.25,110
D0,DC/OO/12/D,MQT,6.0,,DC,OO,12,D,MQT,,63.64,35,55,66.82,5.00%,0.002606299798942587,36.75,55,Cascaded,2027,36.75,55
D0,DC/OO/12/D,MSN,6.0,,DC,OO,12,D,MSN,,42.06,45,107,44.16,5.00%,0.0033509568843547548,47.25,107,Cascaded,2027,47.25,107
D0,DC/OO/12/D,MSO,6.0,,DC,OO,12,D,MSO,,78.95,45,57,82.89,5.00%,0.0033509568843547548,47.25,57,Cascaded,2027,47.25,57
D0,DC/OO/12/D,MSP,6.0,,DC,OO,12,D,MSP,,52.2,998,1912,54.81,5.00%,0.07431677712413434,1047.9,1912,Cascaded,2027,1047.8999999999999,1912
D0,DC/OO/12/D,MSY,6.0,,DC,OO,12,D,MSY,,54.84,17,31,57.58,5.00%,0.001265917045200685,17.85,31,Cascaded,2027,17.849999999999998,31
D0,DC/OO/12/D,OAK,6.0,,DC,OO,12,D,OAK,,86.67,78,90,91.0,5.00%,0.005808325266214908,81.9,90,Cascaded,2027,81.89999999999999,90
D0,DC/OO/12/D,OKC,6.0,,DC,OO,12,D,OKC,,77.98,85,109,81.88,5.00%,0.006329585226003426,89.25,109,Cascaded,2027,89.25,109
D0,DC/OO/12/D,OMA,6.0,,DC,OO,12,D,OMA,,61.57,149,242,64.65,5.00%,0.011095390572641299,156.45,242,Cascaded,2027,156.45,242
D0,DC/OO/12/D,ONT,6.0,,DC,OO,12,D,ONT,,80.99,98,121,85.04,5.00%,0.007297639437039243,102.9,121,Cascaded,2027,102.89999999999999,121
D0,DC/OO/12/D,ORD,6.0,,DC,OO,12,D,ORD,,30.28,43,142,31.8,5.00%,0.003202025467272321,45.15,142,Cascaded,2027,45.15,142
D0,DC/OO/12/D,ORF,6.0,,DC,OO,12,D,ORF,,66.67,12,18,70.0,5.00%,0.0008935885024946012,12.6,18,Cascaded,2027,12.6,18
D0,DC/OO/12/D,PDX,6.0,,DC,OO,12,D,PDX,,76.43,120,157,80.25,5.00%,0.008935885024946012,126.0,157,Cascaded,2027,125.99999999999999,157
D0,DC/OO/12/D,PHL,6.0,,DC,OO,12,D,PHL,,45.45,10,22,47.73,5.00%,0.0007446570854121677,10.5,22,Cascaded,2027,10.5,22
D0,DC/OO/12/D,PHX,6.0,,DC,OO,12,D,PHX,,78.87,112,142,82.82,5.00%,0.008340159356616278,117.6,142,Cascaded,2027,117.6,142
D0,DC/OO/12/D,PIH,6.0,,DC,OO,12,D,PIH,,96.77,30,31,101.61,5.00%,0.002233971256236503,31.5,31,Cascaded,2027,31.499999999999996,31
D0,DC/OO/12/D,PIT,6.0,,DC,OO,12,D,PIT,,54.76,46,84,57.5,5.00%,0.0034254225928959715,48.3,84,Cascaded,2027,48.3,84
D0,DC/OO/12/D,PLN,6.0,,DC,OO,12,D,PLN,,50.0,21,42,52.5,5.00%,0.0015637798793655521,22.05,42,Cascaded,2027,22.049999999999997,42
D0,DC/OO/12/D,PSC,6.0,,DC,OO,12,D,PSC,,88.2,142,161,92.61,5.00%,0.010574130612852782,149.1,161,Cascaded,2027,149.1,161
D0,DC/OO/12/D,PSP,6.0,,DC,OO,12,D,PSP,,86.54,90,104,90.87,5.00%,0.0067019137687095096,94.5,104,Cascaded,2027,94.5,104
D0,DC/OO/12/D,PVD,6.0,,DC,OO,12,D,PVD,,57.14,24,42,60.0,5.00%,0.0017871770049892024,25.2,42,Cascaded,2027,25.2,42
D0,DC/OO/12/D,PWM,6.0,,DC,OO,12,D,PWM,,42.86,9,21,45.0,5.00%,0.0006701913768709509,9.45,21,Cascaded,2027,9.45,21
D0,DC/OO/12/D,RDM,6.0,,DC,OO,12,D,RDM,,79.72,114,143,83.71,5.00%,0.008489090773698712,119.7,143,Cascaded,2027,119.69999999999999,143
D0,DC/OO/12/D,RHI,6.0,,DC,OO,12,D,RHI,,82.14,46,56,86.25,5.00%,0.0034254225928959715,48.3,56,Cascaded,2027,48.3,56
D0,DC/OO/12/D,RIC,6.0,,DC,OO,12,D,RIC,,64.81,35,54,68.06,5.00%,0.002606299798942587,36.75,54,Cascaded,2027,36.75,54
D0,DC/OO/12/D,RNO,6.0,,DC,OO,12,D,RNO,,80.51,95,118,84.53,5.00%,0.0070742423114155935,99.75,118,Cascaded,2027,99.75,118
D0,DC/OO/12/D,ROC,6.0,,DC,OO,12,D,ROC,,35.09,20,57,36.84,5.00%,0.0014893141708243354,21.0,57,Cascaded,2027,21.0,57
D0,DC/OO/12/D,RST,6.0,,DC,OO,12,D,RST,,50.0,4,8,52.5,5.00%,0.0002978628341648671,4.2,8,Cascaded,2027,4.199999999999999,8
D0,DC/OO/12/D,SAN,6.0,,DC,OO,12,D,SAN,,73.05,122,167,76.71,5.00%,0.009084816442028446,128.1,167,Cascaded,2027,128.1,167
D0,DC/OO/12/D,SAV,6.0,,DC,OO,12,D,SAV,,50.0,10,20,52.5,5.00%,0.0007446570854121677,10.5,20,Cascaded,2027,10.5,20
D0,DC/OO/12/D,SBA,6.0,,DC,OO,12,D,SBA,,79.66,47,59,83.64,5.00%,0.003499888301437188,49.35,59,Cascaded,2027,49.349999999999994,59
D0,DC/OO/12/D,SBN,6.0,,DC,OO,12,D,SBN,,52.1,87,167,54.7,5.00%,0.006478516643085859,91.35,167,Cascaded,2027,91.35,167
D0,DC/OO/12/D,SDF,6.0,,DC,OO,12,D,SDF,,47.27,26,55,49.64,5.00%,0.001936108422071636,27.3,55,Cascaded,2027,27.299999999999997,55
D0,DC/OO/12/D,SEA,6.0,,DC,OO,12,D,SEA,,75.52,1058,1401,79.29,5.00%,0.07878471963660734,1110.9,1401,Cascaded,2027,1110.8999999999999,1401
D0,DC/OO/12/D,SFO,6.0,,DC,OO,12,D,SFO,,67.21,41,61,70.57,5.00%,0.0030530940501898875,43.05,61,Cascaded,2027,43.05,61
D0,DC/OO/12/D,SGU,6.0,,DC,OO,12,D,SGU,,93.33,112,120,98.0,5.00%,0.008340159356616278,117.6,120,Cascaded,2027,117.6,120
D0,DC/OO/12/D,SHV,6.0,,DC,OO,12,D,SHV,,60.61,80,132,63.64,5.00%,0.005957256683297342,84.0,132,Cascaded,2027,84.0,132
D0,DC/OO/12/D,SJC,6.0,,DC,OO,12,D,SJC,,79.43,305,384,83.4,5.00%,0.022712041105071114,320.25,384,Cascaded,2027,320.25,384
D0,DC/OO/12/D,SLC,6.0,,DC,OO,12,D,SLC,,80.29,1980,2466,84.31,5.00%,0.1474421029116092,2079.0,2466,Cascaded,2027,2079.0,2466
D0,DC/OO/12/D,SMF,6.0,,DC,OO,12,D,SMF,,82.37,271,329,86.49,5.00%,0.020180207014669743,284.55,329,Cascaded,2027,284.54999999999995,329
D0,DC/OO/12/D,SNA,6.0,,DC,OO,12,D,SNA,,68.0,51,75,71.4,5.00%,0.0037977511356020554,53.55,75,Cascaded,2027,53.55,75
D0,DC/OO/12/D,STL,6.0,,DC,OO,12,D,STL,,52.5,21,40,55.12,5.00%,0.0015637798793655521,22.05,40,Cascaded,2027,22.049999999999997,40
D0,DC/OO/12/D,SUN,6.0,,DC,OO,12,D,SUN,,86.0,86,100,90.3,5.00%,0.006404050934544642,90.3,100,Cascaded,2027,90.3,100
D0,DC/OO/12/D,SYR,6.0,,DC,OO,12,D,SYR,,72.73,8,11,76.36,5.00%,0.0005957256683297342,8.4,11,Cascaded,2027,8.399999999999999,11
D0,DC/OO/12/D,TUL,6.0,,DC,OO,12,D,TUL,,96.77,30,31,101.61,5.00%,0.002233971256236503,31.5,31,Cascaded,2027,31.499999999999996,31
D0,DC/OO/12/D,TUS,6.0,,DC,OO,12,D,TUS,,86.29,170,197,90.61,5.00%,0.012659170452006851,178.5,197,Cascaded,2027,178.5,197
D0,DC/OO/12/D,TVC,6.0,,DC,OO,12,D,TVC,,38.33,23,60,40.25,5.00%,0.0017127112964479857,24.15,60,Cascaded,2027,24.15,60
D0,DC/OO/12/D,TWF,6.0,,DC,OO,12,D,TWF,,88.14,52,59,92.54,5.00%,0.003872216844143272,54.6,59,Cascaded,2027,54.599999999999994,59
D0,DC/OO/12/D,XNA,6.0,,DC,OO,12,D,XNA,,64.12,84,131,67.33,5.00%,0.0062551195174622085,88.2,131,Cascaded,2027,88.19999999999999,131
D0,DC/OO/12/D,XWA,6.0,,DC,OO,12,D,XWA,,47.13,41,87,49.48,5.00%,0.0030530940501898875,43.05,87,Cascaded,2027,43.05,87
D0,DC/OO/12/I,AUS,6.0,,DC,OO,12,I,AUS,,66.67,8,12,70.0,5.00%,0.013245033112582781,8.4,12,Cascaded,2027,8.399999999999999,12
D0,DC/OO/12/I,DTW,6.0,,DC,OO,12,I,DTW,,58.82,10,17,61.76,5.00%,0.016556291390728478,10.5,17,Cascaded,2027,10.499999999999998,17
D0,DC/OO/12/I,MSP,6.0,,DC,OO,12,I,MSP,,40.97,59,144,43.02,5.00%,0.09768211920529801,61.95,144,Cascaded,2027,61.949999999999996,144
D0,DC/OO/12/I,SEA,6.0,,DC,OO,12,I,SEA,,62.91,95,151,66.06,5.00%,0.15728476821192053,99.75,151,Cascaded,2027,99.74999999999999,151
D0,DC/OO/12/I,SJD,6.0,,DC,OO,12,I,SJD,,50.0,6,12,52.5,5.00%,0.009933774834437087,6.3,12,Cascaded,2027,6.299999999999999,12
D0,DC/OO/12/I,SLC,6.0,,DC,OO,12,I,SLC,,79.66,94,118,83.64,5.00%,0.15562913907284767,98.7,118,Cascaded,2027,98.69999999999999,118
D0,DC/OO/12/I,YVR,6.0,,DC,OO,12,I,YVR,,87.62,184,210,92.0,5.00%,0.304635761589404,193.2,210,Cascaded,2027,193.2,210
D0,DC/OO/12/I,YWG,6.0,,DC,OO,12,I,YWG,,60.23,53,88,63.24,5.00%,0.08774834437086093,55.65,88,Cascaded,2027,55.64999999999999,88
D0,DC/OO/12/I,YYC,6.0,,DC,OO,12,I,YYC,,82.76,48,58,86.9,5.00%,0.07947019867549669,50.4,58,Cascaded,2027,50.39999999999999,58
D0,DC/OO/12/I,YYZ,6.0,,DC,OO,12,I,YYZ,,64.38,47,73,67.6,5.00%,0.07781456953642384,49.35,73,Cascaded,2027,49.349999999999994,73
D0,DC/OO/2/D,ABQ,6.0,,DC,OO,2,D,ABQ,,85.9,134,156,90.19,5.00%,0.009701708659136983,140.7,156,Cascaded,2027,140.70000000000002,156
D0,DC/OO/2/D,ABR,6.0,,DC,OO,2,D,ABR,,81.82,45,55,85.91,5.00%,0.003258036490008688,47.25,55,Cascaded,2027,47.25,55
D0,DC/OO/2/D,ALB,6.0,,DC,OO,2,D,ALB,,67.09,53,79,70.44,5.00%,0.0038372429771213437,55.65,79,Cascaded,2027,55.65,79
D0,DC/OO/2/D,APN,6.0,,DC,OO,2,D,APN,,70.73,29,41,74.27,5.00%,0.0020996235157833766,30.45,41,Cascaded,2027,30.45,41
D0,DC/OO/2/D,ASE,6.0,,DC,OO,2,D,ASE,,36.36,28,77,38.18,5.00%,0.002027222704894295,29.4,77,Cascaded,2027,29.400000000000002,77
D0,DC/OO/2/D,ATL,6.0,,DC,OO,2,D,ATL,,61.4,315,513,64.47,5.00%,0.022806255430060818,330.75,513,Cascaded,2027,330.75,513
D0,DC/OO/2/D,ATW,6.0,,DC,OO,2,D,ATW,,70.07,103,147,73.57,5.00%,0.007457283521575442,108.15,147,Cascaded,2027,108.15,147
D0,DC/OO/2/D,ATY,6.0,,DC,OO,2,D,ATY,,78.57,22,28,82.5,5.00%,0.001592817839559803,23.1,28,Cascaded,2027,23.1,28
D0,DC/OO/2/D,AUS,6.0,,DC,OO,2,D,AUS,,74.37,296,398,78.09,5.00%,0.02143064002316826,310.8,398,Cascaded,2027,310.8,398
D0,DC/OO/2/D,AZO,6.0,,DC,OO,2,D,AZO,,52.86,37,70,55.5,5.00%,0.0026788300028960325,38.85,70,Cascaded,2027,38.85,70
D0,DC/OO/2/D,BGM,6.0,,DC,OO,2,D,BGM,,42.86,6,14,45.0,5.00%,0.0004344048653344917,6.3,14,Cascaded,2027,6.3,14
D0,DC/OO/2/D,BIL,6.0,,DC,OO,2,D,BIL,,78.0,39,50,81.9,5.00%,0.0028236316246741965,40.95,50,Cascaded,2027,40.95,50
D0,DC/OO/2/D,BIS,6.0,,DC,OO,2,D,BIS,,0.0,0,1,0.0,0.00%,0.0,0.0,1,Cascaded,2027,0.0,1
D0,DC/OO/2/D,BJI,6.0,,DC,OO,2,D,BJI,,81.82,45,55,85.91,5.00%,0.003258036490008688,47.25,55,Cascaded,2027,47.25,55
D0,DC/OO/2/D,BNA,6.0,,DC,OO,2,D,BNA,,79.49,62,78,83.46,5.00%,0.004488850275123081,65.1,78,Cascaded,2027,65.1,78
D0,DC/OO/2/D,BOI,6.0,,DC,OO,2,D,BOI,,86.42,210,243,90.74,5.00%,0.015204170286707211,220.5,243,Cascaded,2027,220.5,243
D0,DC/OO/2/D,BRD,6.0,,DC,OO,2,D,BRD,,76.6,36,47,80.43,5.00%,0.0026064291920069507,37.8,47,Cascaded,2027,37.800000000000004,47
D0,DC/OO/2/D,BTM,6.0,,DC,OO,2,D,BTM,,96.43,27,28,101.25,5.00%,0.001954821894005213,28.35,28,Cascaded,2027,28.35,28
D0,DC/OO/2/D,BTV,6.0,,DC,OO,2,D,BTV,,61.82,34,55,64.91,5.00%,0.0024616275702287866,35.7,55,Cascaded,2027,35.7,55
D0,DC/OO/2/D,BUF,6.0,,DC,OO,2,D,BUF,,57.14,12,21,60.0,5.00%,0.0008688097306689834,12.6,21,Cascaded,2027,12.6,21
D0,DC/OO/2/D,BUR,6.0,,DC,OO,2,D,BUR,,73.21,41,56,76.88,5.00%,0.00296843324645236,43.05,56,Cascaded,2027,43.050000000000004,56
D0,DC/OO/2/D,BZN,6.0,,DC,OO,2,D,BZN,,82.01,114,139,86.12,5.00%,0.008253692441355343,119.7,139,Cascaded,2027,119.7,139
D0,DC/OO/2/D,CDC,6.0,,DC,OO,2,D,CDC,,97.92,47,48,102.81,5.00%,0.003402838111786852,49.35,48,Cascaded,2027,49.35,48
D0,DC/OO/2/D,CHS,6.0,,DC,OO,2,D,CHS,,48.48,16,33,50.91,5.00%,0.0011584129742253113,16.8,33,Cascaded,2027,16.8,33
D0,DC/OO/2/D,CID,6.0,,DC,OO,2,D,CID,,66.67,52,78,70.0,5.00%,0.003764842166232262,54.6,78,Cascaded,2027,54.6,78
D0,DC/OO/2/D,CIU,6.0,,DC,OO,2,D,CIU,,56.25,27,48,59.06,5.00%,0.001954821894005213,28.35,48,Cascaded,2027,28.35,48
D0,DC/OO/2/D,CLE,6.0,,DC,OO,2,D,CLE,,56.38,53,94,59.2,5.00%,0.0038372429771213437,55.65,94,Cascaded,2027,55.65,94
D0,DC/OO/2/D,CMH,6.0,,DC,OO,2,D,CMH,,60.14,83,138,63.15,5.00%,0.006009267303793802,87.15,138,Cascaded,2027,87.15,138
D0,DC/OO/2/D,COS,6.0,,DC,OO,2,D,COS,,94.64,53,56,99.38,5.00%,0.0038372429771213437,55.65,56,Cascaded,2027,55.65,56
D0,DC/OO/2/D,CRW,6.0,,DC,OO,2,D,CRW,,40.74,11,27,42.78,5.00%,0.0007964089197799015,11.55,27,Cascaded,2027,11.55,27
D0,DC/OO/2/D,DEN,6.0,,DC,OO,2,D,DEN,,67.53,131,194,70.9,5.00%,0.009484506226469737,137.55,194,Cascaded,2027,137.55,194
D0,DC/OO/2/D,DLH,6.0,,DC,OO,2,D,DLH,,73.27,74,101,76.93,5.00%,0.005357660005792065,77.7,101,Cascaded,2027,77.7,101
D0,DC/OO/2/D,DTW,6.0,,DC,OO,2,D,DTW,,55.73,1158,2078,58.51,5.00%,0.0838401390095569,1215.9,2078,Cascaded,2027,1215.9,2078
D0,DC/OO/2/D,ECP,6.0,,DC,OO,2,D,ECP,,100.0,4,4,105.0,5.00%,0.0002896032435563278,4.2,4,Cascaded,2027,4.2,4
D0,DC/OO/2/D,EGE,6.0,,DC,OO,2,D,EGE,,56.25,18,32,59.06,5.00%,0.0013032145960034753,18.9,32,Cascaded,2027,18.900000000000002,32
D0,DC/OO/2/D,EKO,6.0,,DC,OO,2,D,EKO,,95.35,41,43,100.12,5.00%,0.00296843324645236,43.05,43,Cascaded,2027,43.050000000000004,43
D0,DC/OO/2/D,ELM,6.0,,DC,OO,2,D,ELM,,69.64,39,56,73.12,5.00%,0.0028236316246741965,40.95,56,Cascaded,2027,40.95,56
D0,DC/OO/2/D,ESC,6.0,,DC,OO,2,D,ESC,,86.36,38,44,90.68,5.00%,0.0027512308137851143,39.9,44,Cascaded,2027,39.9,44
D0,DC/OO/2/D,EUG,6.0,,DC,OO,2,D,EUG,,89.55,120,134,94.03,5.00%,0.008688097306689836,126.0,134,Cascaded,2027,126.0,134
D0,DC/OO/2/D,EWR,6.0,,DC,OO,2,D,EWR,,66.67,2,3,70.0,5.00%,0.0001448016217781639,2.1,3,Cascaded,2027,2.1,3
D0,DC/OO/2/D,FAR,6.0,,DC,OO,2,D,FAR,,61.64,45,73,64.73,5.00%,0.003258036490008688,47.25,73,Cascaded,2027,47.25,73
D0,DC/OO/2/D,FAT,6.0,,DC,OO,2,D,FAT,,82.65,81,98,86.79,5.00%,0.0058644656820156385,85.05,98,Cascaded,2027,85.05,98
D0,DC/OO/2/D,FCA,6.0,,DC,OO,2,D,FCA,,80.0,40,50,84.0,5.00%,0.0028960324355632784,42.0,50,Cascaded,2027,42.0,50
D0,DC/OO/2/D,FSD,6.0,,DC,OO,2,D,FSD,,77.03,57,74,80.88,5.00%,0.0041268462206776714,59.85,74,Cascaded,2027,59.85,74
D0,DC/OO/2/D,FWA,6.0,,DC,OO,2,D,FWA,,66.13,41,62,69.44,5.00%,0.00296843324645236,43.05,62,Cascaded,2027,43.050000000000004,62
D0,DC/OO/2/D,GEG,6.0,,DC,OO,2,D,GEG,,83.71,221,264,87.9,5.00%,0.016000579206487113,232.05,264,Cascaded,2027,232.05,264
D0,DC/OO/2/D,GFK,6.0,,DC,OO,2,D,GFK,,81.71,67,82,85.79,5.00%,0.004850854329568491,70.35,82,Cascaded,2027,70.35000000000001,82
D0,DC/OO/2/D,GJT,6.0,,DC,OO,2,D,GJT,,100.0,28,28,105.0,5.00%,0.002027222704894295,29.4,28,Cascaded,2027,29.400000000000002,28
D0,DC/OO/2/D,GRB,6.0,,DC,OO,2,D,GRB,,79.84,103,129,83.84,5.00%,0.007457283521575442,108.15,129,Cascaded,2027,108.15,129
D0,DC/OO/2/D,GRR,6.0,,DC,OO,2,D,GRR,,69.68,108,155,73.16,5.00%,0.007819287576020852,113.4,155,Cascaded,2027,113.4,155
D0,DC/OO/2/D,GSO,6.0,,DC,OO,2,D,GSO,,67.27,37,55,70.64,5.00%,0.0026788300028960325,38.85,55,Cascaded,2027,38.85,55
D0,DC/OO/2/D,GSP,6.0,,DC,OO,2,D,GSP,,63.64,14,22,66.82,5.00%,0.0010136113524471474,14.7,22,Cascaded,2027,14.700000000000001,22
D0,DC/OO/2/D,GTF,6.0,,DC,OO,2,D,GTF,,87.18,68,78,91.54,5.00%,0.004923255140457573,71.4,78,Cascaded,2027,71.4,78
D0,DC/OO/2/D,HIB,6.0,,DC,OO,2,D,HIB,,77.08,37,48,80.94,5.00%,0.0026788300028960325,38.85,48,Cascaded,2027,38.85,48
D0,DC/OO/2/D,HLN,6.0,,DC,OO,2,D,HLN,,89.29,50,56,93.75,5.00%,0.003620040544454098,52.5,56,Cascaded,2027,52.5,56
D0,DC/OO/2/D,HPN,6.0,,DC,OO,2,D,HPN,,69.23,9,13,72.69,5.00%,0.0006516072980017377,9.45,13,Cascaded,2027,9.450000000000001,13
D0,DC/OO/2/D,HSV,6.0,,DC,OO,2,D,HSV,,50.0,3,6,52.5,5.00%,0.00021720243266724586,3.15,6,Cascaded,2027,3.15,6
D0,DC/OO/2/D,IAD,6.0,,DC,OO,2,D,IAD,,65.42,70,107,68.69,5.00%,0.005068056762235737,73.5,107,Cascaded,2027,73.5,107
D0,DC/OO/2/D,IDA,6.0,,DC,OO,2,D,IDA,,80.0,40,50,84.0,5.00%,0.0028960324355632784,42.0,50,Cascaded,2027,42.0,50
D0,DC/OO/2/D,IMT,6.0,,DC,OO,2,D,IMT,,61.11,33,54,64.17,5.00%,0.0023892267593397048,34.65,54,Cascaded,2027,34.65,54
D0,DC/OO/2/D,IND,6.0,,DC,OO,2,D,IND,,67.41,91,135,70.78,5.00%,0.0065884737909064585,95.55,135,Cascaded,2027,95.55,135
D0,DC/OO/2/D,INL,6.0,,DC,OO,2,D,INL,,72.92,35,48,76.56,5.00%,0.0025340283811178684,36.75,48,Cascaded,2027,36.75,48
D0,DC/OO/2/D,JAC,6.0,,DC,OO,2,D,JAC,,67.92,36,53,71.32,5.00%,0.0026064291920069507,37.8,53,Cascaded,2027,37.800000000000004,53
D0,DC/OO/2/D,JAX,6.0,,DC,OO,2,D,JAX,,67.86,19,28,71.25,5.00%,0.0013756154068925571,19.95,28,Cascaded,2027,19.95,28
D0,DC/OO/2/D,LAN,6.0,,DC,OO,2,D,LAN,,64.1,50,78,67.31,5.00%,0.003620040544454098,52.5,78,Cascaded,2027,52.5,78
D0,DC/OO/2/D,LAS,6.0,,DC,OO,2,D,LAS,,89.29,75,84,93.75,5.00%,0.005430060816681147,78.75,84,Cascaded,2027,78.75,84
D0,DC/OO/2/D,LAX,6.0,,DC,OO,2,D,LAX,,73.26,726,991,76.92,5.00%,0.052562988705473504,762.3,991,Cascaded,2027,762.3000000000001,991
D0,DC/OO/2/D,LEX,6.0,,DC,OO,2,D,LEX,,77.36,41,53,81.23,5.00%,0.00296843324645236,43.05,53,Cascaded,2027,43.050000000000004,53
D0,DC/OO/2/D,LGB,6.0,,DC,OO,2,D,LGB,,89.29,25,28,93.75,5.00%,0.001810020272227049,26.25,28,Cascaded,2027,26.25,28
D0,DC/OO/2/D,LIT,6.0,,DC,OO,2,D,LIT,,89.29,25,28,93.75,5.00%,0.001810020272227049,26.25,28,Cascaded,2027,26.25,28
D0,DC/OO/2/D,LWS,6.0,,DC,OO,2,D,LWS,,87.5,49,56,91.88,5.00%,0.003547639733565016,51.45,56,Cascaded,2027,51.45,56
D0,DC/OO/2/D,MBS,6.0,,DC,OO,2,D,MBS,,72.84,59,81,76.48,5.00%,0.004271647842455836,61.95,81,Cascaded,2027,61.95,81
D0,DC/OO/2/D,MCI,6.0,,DC,OO,2,D,MCI,,69.49,41,59,72.97,5.00%,0.00296843324645236,43.05,59,Cascaded,2027,43.050000000000004,59
D0,DC/OO/2/D,MDT,6.0,,DC,OO,2,D,MDT,,50.0,8,16,52.5,5.00%,0.0005792064871126556,8.4,16,Cascaded,2027,8.4,16
D0,DC/OO/2/D,MDW,6.0,,DC,OO,2,D,MDW,,71.79,56,78,75.38,5.00%,0.00405444540978859,58.8,78,Cascaded,2027,58.800000000000004,78
D0,DC/OO/2/D,MEM,6.0,,DC,OO,2,D,MEM,,76.0,76,100,79.8,5.00%,0.005502461627570229,79.8,100,Cascaded,2027,79.8,100
D0,DC/OO/2/D,MFE,6.0,,DC,OO,2,D,MFE,,83.54,66,79,87.72,5.00%,0.0047784535186794095,69.3,79,Cascaded,2027,69.3,79
D0,DC/OO/2/D,MFR,6.0,,DC,OO,2,D,MFR,,91.79,123,134,96.38,5.00%,0.008905299739357081,129.15,134,Cascaded,2027,129.15,134
D0,DC/OO/2/D,MKE,6.0,,DC,OO,2,D,MKE,,65.71,92,140,69.0,5.00%,0.00666087460179554,96.6,140,Cascaded,2027,96.60000000000001,140
D0,DC/OO/2/D,MOB,6.0,,DC,OO,2,D,MOB,,56.76,21,37,59.59,5.00%,0.0015204170286707212,22.05,37,Cascaded,2027,22.05,37
D0,DC/OO/2/D,MOT,6.0,,DC,OO,2,D,MOT,,74.29,78,105,78.0,5.00%,0.005647263249348393,81.9,105,Cascaded,2027,81.9,105
D0,DC/OO/2/D,MQT,6.0,,DC,OO,2,D,MQT,,61.54,32,52,64.62,5.00%,0.0023168259484506225,33.6,52,Cascaded,2027,33.6,52
D0,DC/OO/2/D,MSN,6.0,,DC,OO,2,D,MSN,,63.11,77,122,66.27,5.00%,0.00557486243845931,80.85,122,Cascaded,2027,80.85000000000001,122
D0,DC/OO/2/D,MSO,6.0,,DC,OO,2,D,MSO,,81.82,18,22,85.91,5.00%,0.0013032145960034753,18.9,22,Cascaded,2027,18.900000000000002,22
D0,DC/OO/2/D,MSP,6.0,,DC,OO,2,D,MSP,,68.88,1465,2127,72.32,5.00%,0.10606718795250507,1538.25,2127,Cascaded,2027,1538.25,2127
D0,DC/OO/2/D,MSY,6.0,,DC,OO,2,D,MSY,,42.86,12,28,45.0,5.00%,0.0008688097306689834,12.6,28,Cascaded,2027,12.6,28
D0,DC/OO/2/D,OAJ,6.0,,DC,OO,2,D,OAJ,,65.0,52,80,68.25,5.00%,0.003764842166232262,54.6,80,Cascaded,2027,54.6,80
D0,DC/OO/2/D,OAK,6.0,,DC,OO,2,D,OAK,,79.49,62,78,83.46,5.00%,0.004488850275123081,65.1,78,Cascaded,2027,65.1,78
D0,DC/OO/2/D,OKC,6.0,,DC,OO,2,D,OKC,,86.9,73,84,91.25,5.00%,0.005285259194902983,76.65,84,Cascaded,2027,76.65,84
D0,DC/OO/2/D,OMA,6.0,,DC,OO,2,D,OMA,,79.57,187,235,83.55,5.00%,0.013538951636258326,196.35,235,Cascaded,2027,196.35,235
D0,DC/OO/2/D,ONT,6.0,,DC,OO,2,D,ONT,,85.71,48,56,90.0,5.00%,0.0034752389226759338,50.4,56,Cascaded,2027,50.4,56
D0,DC/OO/2/D,ORD,6.0,,DC,OO,2,D,ORD,,47.75,53,111,50.14,5.00%,0.0038372429771213437,55.65,111,Cascaded,2027,55.65,111
D0,DC/OO/2/D,ORF,6.0,,DC,OO,2,D,ORF,,75.0,3,4,78.75,5.00%,0.00021720243266724586,3.15,4,Cascaded,2027,3.15,4
D0,DC/OO/2/D,PDX,6.0,,DC,OO,2,D,PDX,,85.19,138,162,89.44,5.00%,0.00999131190269331,144.9,162,Cascaded,2027,144.9,162
D0,DC/OO/2/D,PHL,6.0,,DC,OO,2,D,PHL,,57.14,8,14,60.0,5.00%,0.0005792064871126556,8.4,14,Cascaded,2027,8.4,14
D0,DC/OO/2/D,PHX,6.0,,DC,OO,2,D,PHX,,62.5,65,104,65.62,5.00%,0.004706052707790327,68.25,104,Cascaded,2027,68.25,104
D0,DC/OO/2/D,PIH,6.0,,DC,OO,2,D,PIH,,92.86,26,28,97.5,5.00%,0.001882421083116131,27.3,28,Cascaded,2027,27.3,28
D0,DC/OO/2/D,PIT,6.0,,DC,OO,2,D,PIT,,53.85,42,78,56.54,5.00%,0.0030408340573414424,44.1,78,Cascaded,2027,44.1,78
D0,DC/OO/2/D,PLN,6.0,,DC,OO,2,D,PLN,,56.41,22,39,59.23,5.00%,0.001592817839559803,23.1,39,Cascaded,2027,23.1,39
D0,DC/OO/2/D,PSC,6.0,,DC,OO,2,D,PSC,,82.72,134,162,86.85,5.00%,0.009701708659136983,140.7,162,Cascaded,2027,140.70000000000002,162
D0,DC/OO/2/D,PSP,6.0,,DC,OO,2,D,PSP,,73.81,62,84,77.5,5.00%,0.004488850275123081,65.1,84,Cascaded,2027,65.1,84
D0,DC/OO/2/D,PVD,6.0,,DC,OO,2,D,PVD,,69.81,37,53,73.3,5.00%,0.0026788300028960325,38.85,53,Cascaded,2027,38.85,53
D0,DC/OO/2/D,RAP,6.0,,DC,OO,2,D,RAP,,86.0,43,50,90.3,5.00%,0.0031132348682305242,45.15,50,Cascaded,2027,45.15,50
D0,DC/OO/2/D,RDM,6.0,,DC,OO,2,D,RDM,,78.23,97,124,82.14,5.00%,0.00702287865624095,101.85,124,Cascaded,2027,101.85000000000001,124
D0,DC/OO/2/D,RDU,6.0,,DC,OO,2,D,RDU,,100.0,1,1,105.0,5.00%,7.240081088908195e-05,1.05,1,Cascaded,2027,1.05,1
D0,DC/OO/2/D,RHI,6.0,,DC,OO,2,D,RHI,,76.36,42,55,80.18,5.00%,0.0030408340573414424,44.1,55,Cascaded,2027,44.1,55
D0,DC/OO/2/D,RIC,6.0,,DC,OO,2,D,RIC,,66.67,14,21,70.0,5.00%,0.0010136113524471474,14.7,21,Cascaded,2027,14.700000000000001,21
D0,DC/OO/2/D,RNO,6.0,,DC,OO,2,D,RNO,,75.2,94,125,78.96,5.00%,0.006805676223573704,98.7,125,Cascaded,2027,98.7,125
D0,DC/OO/2/D,ROC,6.0,,DC,OO,2,D,ROC,,20.83,5,24,21.88,5.00%,0.0003620040544454098,5.25,24,Cascaded,2027,5.25,24
D0,DC/OO/2/D,RST,6.0,,DC,OO,2,D,RST,,70.37,19,27,73.89,5.00%,0.0013756154068925571,19.95,27,Cascaded,2027,19.95,27
D0,DC/OO/2/D,SAN,6.0,,DC,OO,2,D,SAN,,79.85,107,134,83.84,5.00%,0.007746886765131769,112.35,134,Cascaded,2027,112.35000000000001,134
D0,DC/OO/2/D,SBA,6.0,,DC,OO,2,D,SBA,,76.25,61,80,80.06,5.00%,0.004416449464234,64.05,80,Cascaded,2027,64.05,80
D0,DC/OO/2/D,SBN,6.0,,DC,OO,2,D,SBN,,61.25,98,160,64.31,5.00%,0.007095279467130032,102.9,160,Cascaded,2027,102.9,160
D0,DC/OO/2/D,SDF,6.0,,DC,OO,2,D,SDF,,69.51,57,82,72.99,5.00%,0.0041268462206776714,59.85,82,Cascaded,2027,59.85,82
D0,DC/OO/2/D,SEA,6.0,,DC,OO,2,D,SEA,,82.06,1070,1304,86.16,5.00%,0.07746886765131769,1123.5,1304,Cascaded,2027,1123.5,1304
D0,DC/OO/2/D,SFO,6.0,,DC,OO,2,D,SFO,,72.73,32,44,76.36,5.00%,0.0023168259484506225,33.6,44,Cascaded,2027,33.6,44
D0,DC/OO/2/D,SGU,6.0,,DC,OO,2,D,SGU,,87.6,106,121,91.98,5.00%,0.0076744859542426875,111.3,121,Cascaded,2027,111.3,121
D0,DC/OO/2/D,SHV,6.0,,DC,OO,2,D,SHV,,73.21,82,112,76.88,5.00%,0.00593686649290472,86.1,112,Cascaded,2027,86.10000000000001,112
D0,DC/OO/2/D,SJC,6.0,,DC,OO,2,D,SJC,,89.23,232,260,93.69,5.00%,0.016796988126267013,243.6,260,Cascaded,2027,243.6,260
D0,DC/OO/2/D,SLC,6.0,,DC,OO,2,D,SLC,,79.91,1647,2061,83.91,5.00%,0.11924413553431798,1729.35,2061,Cascaded,2027,1729.3500000000001,2061
D0,DC/OO/2/D,SMF,6.0,,DC,OO,2,D,SMF,,82.16,221,269,86.26,5.00%,0.016000579206487113,232.05,269,Cascaded,2027,232.05,269
D0,DC/OO/2/D,SNA,6.0,,DC,OO,2,D,SNA,,80.77,63,78,84.81,5.00%,0.004561251086012163,66.15,78,Cascaded,2027,66.15,78
D0,DC/OO/2/D,STL,6.0,,DC,OO,2,D,STL,,72.22,52,72,75.83,5.00%,0.003764842166232262,54.6,72,Cascaded,2027,54.6,72
D0,DC/OO/2/D,SUN,6.0,,DC,OO,2,D,SUN,,90.53,86,95,95.05,5.00%,0.0062264697364610485,90.3,95,Cascaded,2027,90.3,95
D0,DC/OO/2/D,SYR,6.0,,DC,OO,2,D,SYR,,58.82,20,34,61.76,5.00%,0.0014480162177816392,21.0,34,Cascaded,2027,21.0,34
D0,DC/OO/2/D,TRI,6.0,,DC,OO,2,D,TRI,,55.56,15,27,58.33,5.00%,0.0010860121633362294,15.75,27,Cascaded,2027,15.75,27
D0,DC/OO/2/D,TUL,6.0,,DC,OO,2,D,TUL,,92.59,25,27,97.22,5.00%,0.001810020272227049,26.25,27,Cascaded,2027,26.25,27
D0,DC/OO/2/D,TUS,6.0,,DC,OO,2,D,TUS,,81.48,132,162,85.56,5.00%,0.009556907037358819,138.6,162,Cascaded,2027,138.6,162
D0,DC/OO/2/D,TVC,6.0,,DC,OO,2,D,TVC,,42.11,16,38,44.21,5.00%,0.0011584129742253113,16.8,38,Cascaded,2027,16.8,38
D0,DC/OO/2/D,TWF,6.0,,DC,OO,2,D,TWF,,89.09,49,55,93.55,5.00%,0.003547639733565016,51.45,55,Cascaded,2027,51.45,55
D0,DC/OO/2/D,XNA,6.0,,DC,OO,2,D,XNA,,74.12,63,85,77.82,5.00%,0.004561251086012163,66.15,85,Cascaded,2027,66.15,85
D0,DC/OO/2/D,XWA,6.0,,DC,OO,2,D,XWA,,60.0,48,80,63.0,5.00%,0.0034752389226759338,50.4,80,Cascaded,2027,50.4,80
D0,DC/OO/2/I,AUS,6.0,,DC,OO,2,I,AUS,,82.14,23,28,86.25,5.00%,0.03826955074875208,24.15,28,Cascaded,2027,24.15,28
D0,DC/OO/2/I,DTW,6.0,,DC,OO,2,I,DTW,,60.0,21,35,63.0,5.00%,0.03494176372712146,22.05,35,Cascaded,2027,22.049999999999997,35
D0,DC/OO/2/I,MSP,6.0,,DC,OO,2,I,MSP,,74.8,95,127,78.54,5.00%,0.15806988352745424,99.75,127,Cascaded,2027,99.75,127
D0,DC/OO/2/I,SEA,6.0,,DC,OO,2,I,SEA,,69.06,96,139,72.52,5.00%,0.15973377703826955,100.8,139,Cascaded,2027,100.8,139
D0,DC/OO/2/I,SJD,6.0,,DC,OO,2,I,SJD,,71.43,20,28,75.0,5.00%,0.033277870216306155,21.0,28,Cascaded,2027,21.0,28
D0,DC/OO/2/I,SLC,6.0,,DC,OO,2,I,SLC,,69.64,39,56,73.12,5.00%,0.064891846921797,40.95,56,Cascaded,2027,40.949999999999996,56
D0,DC/OO/2/I,YVR,6.0,,DC,OO,2,I,YVR,,86.33,120,139,90.65,5.00%,0.19966722129783693,126.0,139,Cascaded,2027,125.99999999999999,139
D0,DC/OO/2/I,YWG,6.0,,DC,OO,2,I,YWG,,85.9,67,78,90.19,5.00%,0.11148086522462562,70.35,78,Cascaded,2027,70.35,78
D0,DC/OO/2/I,YYC,6.0,,DC,OO,2,I,YYC,,85.71,48,56,90.0,5.00%,0.07986688851913477,50.4,56,Cascaded,2027,50.4,56
D0,DC/OO/2/I,YYZ,6.0,,DC,OO,2,I,YYZ,,86.75,72,83,91.08,5.00%,0.11980033277870217,75.6,83,Cascaded,2027,75.6,83
D0,DC/OO/3/D,ABQ,6.0,,DC,OO,3,D,ABQ,,83.98,152,181,88.18,5.00%,0.009767382084564966,159.6,181,Cascaded,2027,159.6,181
D0,DC/OO/3/D,ABR,6.0,,DC,OO,3,D,ABR,,80.0,48,60,84.0,5.00%,0.0030844364477573575,50.4,60,Cascaded,2027,50.4,60
D0,DC/OO/3/D,ALB,6.0,,DC,OO,3,D,ALB,,61.54,40,65,64.62,5.00%,0.0025703637064644646,42.0,65,Cascaded,2027,41.99999999999999,65
D0,DC/OO/3/D,APN,6.0,,DC,OO,3,D,APN,,68.29,28,41,71.71,5.00%,0.0017992545945251252,29.4,41,Cascaded,2027,29.4,41
D0,DC/OO/3/D,ASE,6.0,,DC,OO,3,D,ASE,,60.92,53,87,63.97,5.00%,0.0034057319110654158,55.65,87,Cascaded,2027,55.64999999999999,87
D0,DC/OO/3/D,ATL,6.0,,DC,OO,3,D,ATL,,59.02,350,593,61.97,5.00%,0.022490682431564067,367.5,593,Cascaded,2027,367.49999999999994,593
D0,DC/OO/3/D,ATW,6.0,,DC,OO,3,D,ATW,,56.88,91,160,59.72,5.00%,0.005847577432206657,95.55,160,Cascaded,2027,95.55,160
D0,DC/OO/3/D,ATY,6.0,,DC,OO,3,D,ATY,,96.3,26,27,101.11,5.00%,0.001670736409201902,27.3,27,Cascaded,2027,27.299999999999997,27
D0,DC/OO/3/D,AUS,6.0,,DC,OO,3,D,AUS,,68.79,313,455,72.23,5.00%,0.020113096003084436,328.65,455,Cascaded,2027,328.65,455
D0,DC/OO/3/D,AZO,6.0,,DC,OO,3,D,AZO,,55.42,46,83,58.19,5.00%,0.0029559182624341344,48.3,83,Cascaded,2027,48.3,83
D0,DC/OO/3/D,BHM,6.0,,DC,OO,3,D,BHM,,46.34,19,41,48.66,5.00%,0.0012209227605706207,19.95,41,Cascaded,2027,19.95,41
D0,DC/OO/3/D,BIL,6.0,,DC,OO,3,D,BIL,,78.33,47,60,82.25,5.00%,0.003020177355095746,49.35,60,Cascaded,2027,49.349999999999994,60
D0,DC/OO/3/D,BIS,6.0,,DC,OO,3,D,BIS,,52.17,12,23,54.78,5.00%,0.0007711091119393394,12.6,23,Cascaded,2027,12.6,23
D0,DC/OO/3/D,BJI,6.0,,DC,OO,3,D,BJI,,85.0,51,60,89.25,5.00%,0.0032772137257421926,53.55,60,Cascaded,2027,53.55,60
D0,DC/OO/3/D,BNA,6.0,,DC,OO,3,D,BNA,,66.29,59,89,69.61,5.00%,0.0037912864670350856,61.95,89,Cascaded,2027,61.949999999999996,89
D0,DC/OO/3/D,BOI,6.0,,DC,OO,3,D,BOI,,85.19,253,297,89.44,5.00%,0.01625755044338774,265.65,297,Cascaded,2027,265.65,297
D0,DC/OO/3/D,BRD,6.0,,DC,OO,3,D,BRD,,90.2,46,51,94.71,5.00%,0.0029559182624341344,48.3,51,Cascaded,2027,48.3,51
D0,DC/OO/3/D,BTM,6.0,,DC,OO,3,D,BTM,,100.0,31,31,105.0,5.00%,0.00199203187250996,32.55,31,Cascaded,2027,32.55,31
D0,DC/OO/3/D,BTV,6.0,,DC,OO,3,D,BTV,,71.19,42,59,74.75,5.00%,0.002698881891787688,44.1,59,Cascaded,2027,44.099999999999994,59
D0,DC/OO/3/D,BUF,6.0,,DC,OO,3,D,BUF,,67.09,53,79,70.44,5.00%,0.0034057319110654158,55.65,79,Cascaded,2027,55.64999999999999,79
D0,DC/OO/3/D,BUR,6.0,,DC,OO,3,D,BUR,,94.92,56,59,99.66,5.00%,0.0035985091890502505,58.8,59,Cascaded,2027,58.8,59
D0,DC/OO/3/D,BZN,6.0,,DC,OO,3,D,BZN,,72.66,93,128,76.29,5.00%,0.00597609561752988,97.65,128,Cascaded,2027,97.64999999999999,128
D0,DC/OO/3/D,CDC,6.0,,DC,OO,3,D,CDC,,94.34,50,53,99.06,5.00%,0.003212954633080581,52.5,53,Cascaded,2027,52.49999999999999,53
D0,DC/OO/3/D,CHS,6.0,,DC,OO,3,D,CHS,,55.77,29,52,58.56,5.00%,0.001863513687186737,30.45,52,Cascaded,2027,30.449999999999996,52
D0,DC/OO/3/D,CID,6.0,,DC,OO,3,D,CID,,72.62,61,84,76.25,5.00%,0.003919804652358309,64.05,84,Cascaded,2027,64.05,84
D0,DC/OO/3/D,CIU,6.0,,DC,OO,3,D,CIU,,68.63,35,51,72.06,5.00%,0.002249068243156407,36.75,51,Cascaded,2027,36.75,51
D0,DC/OO/3/D,CLE,6.0,,DC,OO,3,D,CLE,,55.0,33,60,57.75,5.00%,0.0021205500578331832,34.65,60,Cascaded,2027,34.65,60
D0,DC/OO/3/D,CMH,6.0,,DC,OO,3,D,CMH,,70.33,64,91,73.85,5.00%,0.004112581930343143,67.2,91,Cascaded,2027,67.19999999999999,91
D0,DC/OO/3/D,COS,6.0,,DC,OO,3,D,COS,,95.16,59,62,99.92,5.00%,0.0037912864670350856,61.95,62,Cascaded,2027,61.949999999999996,62
D0,DC/OO/3/D,CRW,6.0,,DC,OO,3,D,CRW,,71.43,5,7,75.0,5.00%,0.0003212954633080581,5.25,7,Cascaded,2027,5.249999999999999,7
D0,DC/OO/3/D,DEN,6.0,,DC,OO,3,D,DEN,,64.22,140,218,67.43,5.00%,0.008996272972625627,147.0,218,Cascaded,2027,147.0,218
D0,DC/OO/3/D,DLH,6.0,,DC,OO,3,D,DLH,,68.82,64,93,72.26,5.00%,0.004112581930343143,67.2,93,Cascaded,2027,67.19999999999999,93
D0,DC/OO/3/D,DTW,6.0,,DC,OO,3,D,DTW,,51.98,1194,2297,54.58,5.00%,0.07672535663796427,1253.7,2297,Cascaded,2027,1253.6999999999998,2297
D0,DC/OO/3/D,ECP,6.0,,DC,OO,3,D,ECP,,64.0,16,25,67.2,5.00%,0.0010281454825857858,16.8,25,Cascaded,2027,16.799999999999997,25
D0,DC/OO/3/D,EGE,6.0,,DC,OO,3,D,EGE,,54.55,18,33,57.27,5.00%,0.0011566636679090092,18.9,33,Cascaded,2027,18.9,33
D0,DC/OO/3/D,EKO,6.0,,DC,OO,3,D,EKO,,97.96,48,49,102.86,5.00%,0.0030844364477573575,50.4,49,Cascaded,2027,50.4,49
D0,DC/OO/3/D,ELM,6.0,,DC,OO,3,D,ELM,,70.49,43,61,74.02,5.00%,0.0027631409844492997,45.15,61,Cascaded,2027,45.15,61
D0,DC/OO/3/D,ESC,6.0,,DC,OO,3,D,ESC,,78.05,32,41,81.95,5.00%,0.0020562909651715717,33.6,41,Cascaded,2027,33.599999999999994,41
D0,DC/OO/3/D,EUG,6.0,,DC,OO,3,D,EUG,,84.87,129,152,89.11,5.00%,0.008289422953347898,135.45,152,Cascaded,2027,135.45,152
D0,DC/OO/3/D,EWR,6.0,,DC,OO,3,D,EWR,,75.0,3,4,78.75,5.00%,0.00019277727798483485,3.15,4,Cascaded,2027,3.15,4
D0,DC/OO/3/D,FAR,6.0,,DC,OO,3,D,FAR,,74.07,60,81,77.78,5.00%,0.003855545559696697,63.0,81,Cascaded,2027,62.99999999999999,81
D0,DC/OO/3/D,FAT,6.0,,DC,OO,3,D,FAT,,86.44,102,118,90.76,5.00%,0.006554427451484385,107.1,118,Cascaded,2027,107.1,118
D0,DC/OO/3/D,FCA,6.0,,DC,OO,3,D,FCA,,81.03,47,58,85.09,5.00%,0.003020177355095746,49.35,58,Cascaded,2027,49.349999999999994,58
D0,DC/OO/3/D,FSD,6.0,,DC,OO,3,D,FSD,,73.64,81,110,77.32,5.00%,0.005204986505590541,85.05,110,Cascaded,2027,85.05,110
D0,DC/OO/3/D,FWA,6.0,,DC,OO,3,D,FWA,,69.88,58,83,73.37,5.00%,0.003727027374373474,60.9,83,Cascaded,2027,60.89999999999999,83
D0,DC/OO/3/D,GEG,6.0,,DC,OO,3,D,GEG,,86.36,266,308,90.68,5.00%,0.01709291864798869,279.3,308,Cascaded,2027,279.29999999999995,308
D0,DC/OO/3/D,GFK,6.0,,DC,OO,3,D,GFK,,71.11,64,90,74.67,5.00%,0.004112581930343143,67.2,90,Cascaded,2027,67.19999999999999,90
D0,DC/OO/3/D,GJT,6.0,,DC,OO,3,D,GJT,,100.0,48,48,105.0,5.00%,0.0030844364477573575,50.4,48,Cascaded,2027,50.4,48
D0,DC/OO/3/D,GRB,6.0,,DC,OO,3,D,GRB,,63.83,90,141,67.02,5.00%,0.005783318339545046,94.5,141,Cascaded,2027,94.49999999999999,141
D0,DC/OO/3/D,GRR,6.0,,DC,OO,3,D,GRR,,58.58,140,239,61.51,5.00%,0.008996272972625627,147.0,239,Cascaded,2027,147.0,239
D0,DC/OO/3/D,GSO,6.0,,DC,OO,3,D,GSO,,62.07,36,58,65.17,5.00%,0.0023133273358180184,37.8,58,Cascaded,2027,37.8,58
D0,DC/OO/3/D,GSP,6.0,,DC,OO,3,D,GSP,,66.67,4,6,70.0,5.00%,0.00025703637064644646,4.2,6,Cascaded,2027,4.199999999999999,6
D0,DC/OO/3/D,GTF,6.0,,DC,OO,3,D,GTF,,83.15,74,89,87.3,5.00%,0.00475517285695926,77.7,89,Cascaded,2027,77.69999999999999,89
D0,DC/OO/3/D,HIB,6.0,,DC,OO,3,D,HIB,,88.24,45,51,92.65,5.00%,0.002891659169772523,47.25,51,Cascaded,2027,47.24999999999999,51
D0,DC/OO/3/D,HLN,6.0,,DC,OO,3,D,HLN,,93.55,58,62,98.23,5.00%,0.003727027374373474,60.9,62,Cascaded,2027,60.89999999999999,62
D0,DC/OO/3/D,HPN,6.0,,DC,OO,3,D,HPN,,83.33,5,6,87.5,5.00%,0.0003212954633080581,5.25,6,Cascaded,2027,5.249999999999999,6
D0,DC/OO/3/D,HSV,6.0,,DC,OO,3,D,HSV,,66.67,2,3,70.0,5.00%,0.00012851818532322323,2.1,3,Cascaded,2027,2.0999999999999996,3
D0,DC/OO/3/D,IAD,6.0,,DC,OO,3,D,IAD,,59.71,83,139,62.7,5.00%,0.005333504690913764,87.15,139,Cascaded,2027,87.14999999999999,139
D0,DC/OO/3/D,IAH,6.0,,DC,OO,3,D,IAH,,53.85,7,13,56.54,5.00%,0.0004498136486312813,7.35,13,Cascaded,2027,7.35,13
D0,DC/OO/3/D,ICT,6.0,,DC,OO,3,D,ICT,,73.91,17,23,77.61,5.00%,0.0010924045752473974,17.85,23,Cascaded,2027,17.849999999999998,23
D0,DC/OO/3/D,IDA,6.0,,DC,OO,3,D,IDA,,87.06,74,85,91.41,5.00%,0.00475517285695926,77.7,85,Cascaded,2027,77.69999999999999,85
D0,DC/OO/3/D,IMT,6.0,,DC,OO,3,D,IMT,,64.15,34,53,67.36,5.00%,0.002184809150494795,35.7,53,Cascaded,2027,35.699999999999996,53
D0,DC/OO/3/D,IND,6.0,,DC,OO,3,D,IND,,66.17,88,133,69.47,5.00%,0.005654800154221823,92.4,133,Cascaded,2027,92.39999999999999,133
D0,DC/OO/3/D,INL,6.0,,DC,OO,3,D,INL,,90.0,45,50,94.5,5.00%,0.002891659169772523,47.25,50,Cascaded,2027,47.24999999999999,50
D0,DC/OO/3/D,JAC,6.0,,DC,OO,3,D,JAC,,63.79,37,58,66.98,5.00%,0.00237758642847963,38.85,58,Cascaded,2027,38.849999999999994,58
D0,DC/OO/3/D,JAX,6.0,,DC,OO,3,D,JAX,,65.52,19,29,68.79,5.00%,0.0012209227605706207,19.95,29,Cascaded,2027,19.95,29
D0,DC/OO/3/D,LAN,6.0,,DC,OO,3,D,LAN,,55.17,48,87,57.93,5.00%,0.0030844364477573575,50.4,87,Cascaded,2027,50.4,87
D0,DC/OO/3/D,LAS,6.0,,DC,OO,3,D,LAS,,95.65,88,92,100.43,5.00%,0.005654800154221823,92.4,92,Cascaded,2027,92.39999999999999,92
D0,DC/OO/3/D,LAX,6.0,,DC,OO,3,D,LAX,,73.92,808,1093,77.62,5.00%,0.05192134687058219,848.4,1093,Cascaded,2027,848.4,1093
D0,DC/OO/3/D,LEX,6.0,,DC,OO,3,D,LEX,,67.21,41,61,70.57,5.00%,0.002634622799126076,43.05,61,Cascaded,2027,43.05,61
D0,DC/OO/3/D,LGB,6.0,,DC,OO,3,D,LGB,,92.73,51,55,97.36,5.00%,0.0032772137257421926,53.55,55,Cascaded,2027,53.55,55
D0,DC/OO/3/D,LIT,6.0,,DC,OO,3,D,LIT,,82.76,24,29,86.9,5.00%,0.0015422182238786788,25.2,29,Cascaded,2027,25.2,29
D0,DC/OO/3/D,LWS,6.0,,DC,OO,3,D,LWS,,83.87,52,62,88.06,5.00%,0.003341472818403804,54.6,62,Cascaded,2027,54.599999999999994,62
D0,DC/OO/3/D,MBS,6.0,,DC,OO,3,D,MBS,,61.9,13,21,65.0,5.00%,0.000835368204600951,13.65,21,Cascaded,2027,13.649999999999999,21
D0,DC/OO/3/D,MCI,6.0,,DC,OO,3,D,MCI,,61.25,49,80,64.31,5.00%,0.003148695540418969,51.45,80,Cascaded,2027,51.449999999999996,80
D0,DC/OO/3/D,MDW,6.0,,DC,OO,3,D,MDW,,56.18,50,89,58.99,5.00%,0.003212954633080581,52.5,89,Cascaded,2027,52.49999999999999,89
D0,DC/OO/3/D,MEM,6.0,,DC,OO,3,D,MEM,,62.07,72,116,65.17,5.00%,0.004626654671636037,75.6,116,Cascaded,2027,75.6,116
D0,DC/OO/3/D,MFE,6.0,,DC,OO,3,D,MFE,,88.64,78,88,93.07,5.00%,0.005012209227605706,81.9,88,Cascaded,2027,81.89999999999999,88
D0,DC/OO/3/D,MFR,6.0,,DC,OO,3,D,MFR,,88.82,135,152,93.26,5.00%,0.008674977509317568,141.75,152,Cascaded,2027,141.75,152
D0,DC/OO/3/D,MKE,6.0,,DC,OO,3,D,MKE,,51.83,99,191,54.42,5.00%,0.006361650173499551,103.95,191,Cascaded,2027,103.94999999999999,191
D0,DC/OO/3/D,MOB,6.0,,DC,OO,3,D,MOB,,77.78,28,36,81.67,5.00%,0.0017992545945251252,29.4,36,Cascaded,2027,29.4,36
D0,DC/OO/3/D,MOT,6.0,,DC,OO,3,D,MOT,,65.79,75,114,69.08,5.00%,0.004819431949620871,78.75,114,Cascaded,2027,78.75,114
D0,DC/OO/3/D,MQT,6.0,,DC,OO,3,D,MQT,,60.0,24,40,63.0,5.00%,0.0015422182238786788,25.2,40,Cascaded,2027,25.2,40
D0,DC/OO/3/D,MSN,6.0,,DC,OO,3,D,MSN,,75.0,42,56,78.75,5.00%,0.002698881891787688,44.1,56,Cascaded,2027,44.099999999999994,56
D0,DC/OO/3/D,MSO,6.0,,DC,OO,3,D,MSO,,76.67,23,30,80.5,5.00%,0.0014779591312170672,24.15,30,Cascaded,2027,24.15,30
D0,DC/OO/3/D,MSP,6.0,,DC,OO,3,D,MSP,,63.08,1558,2470,66.23,5.00%,0.1001156663667909,1635.9,2470,Cascaded,2027,1635.8999999999999,2470
D0,DC/OO/3/D,MSY,6.0,,DC,OO,3,D,MSY,,51.61,16,31,54.19,5.00%,0.0010281454825857858,16.8,31,Cascaded,2027,16.799999999999997,31
D0,DC/OO/3/D,OAJ,6.0,,DC,OO,3,D,OAJ,,64.66,75,116,67.89,5.00%,0.004819431949620871,78.75,116,Cascaded,2027,78.75,116
D0,DC/OO/3/D,OAK,6.0,,DC,OO,3,D,OAK,,82.61,76,92,86.74,5.00%,0.004883691042282483,79.8,92,Cascaded,2027,79.8,92
D0,DC/OO/3/D,OKC,6.0,,DC,OO,3,D,OKC,,84.78,78,92,89.02,5.00%,0.005012209227605706,81.9,92,Cascaded,2027,81.89999999999999,92
D0,DC/OO/3/D,OMA,6.0,,DC,OO,3,D,OMA,,70.5,184,261,74.02,5.00%,0.011823673049736538,193.2,261,Cascaded,2027,193.2,261
D0,DC/OO/3/D,ONT,6.0,,DC,OO,3,D,ONT,,88.99,97,109,93.44,5.00%,0.006233131988176327,101.85,109,Cascaded,2027,101.85,109
D0,DC/OO/3/D,ORD,6.0,,DC,OO,3,D,ORD,,33.15,60,181,34.81,5.00%,0.003855545559696697,63.0,181,Cascaded,2027,62.99999999999999,181
D0,DC/OO/3/D,ORF,6.0,,DC,OO,3,D,ORF,,44.44,20,45,46.67,5.00%,0.0012851818532322323,21.0,45,Cascaded,2027,20.999999999999996,45
D0,DC/OO/3/D,PDX,6.0,,DC,OO,3,D,PDX,,72.88,129,177,76.53,5.00%,0.008289422953347898,135.45,177,Cascaded,2027,135.45,177
D0,DC/OO/3/D,PHL,6.0,,DC,OO,3,D,PHL,,47.06,8,17,49.41,5.00%,0.0005140727412928929,8.4,17,Cascaded,2027,8.399999999999999,17
D0,DC/OO/3/D,PHX,6.0,,DC,OO,3,D,PHX,,63.89,92,144,67.08,5.00%,0.005911836524868269,96.6,144,Cascaded,2027,96.6,144
D0,DC/OO/3/D,PIH,6.0,,DC,OO,3,D,PIH,,90.32,28,31,94.84,5.00%,0.0017992545945251252,29.4,31,Cascaded,2027,29.4,31
D0,DC/OO/3/D,PIT,6.0,,DC,OO,3,D,PIT,,50.75,34,67,53.28,5.00%,0.002184809150494795,35.7,67,Cascaded,2027,35.699999999999996,67
D0,DC/OO/3/D,PLN,6.0,,DC,OO,3,D,PLN,,58.14,25,43,61.05,5.00%,0.0016064773165402905,26.25,43,Cascaded,2027,26.249999999999996,43
D0,DC/OO/3/D,PSC,6.0,,DC,OO,3,D,PSC,,79.12,144,182,83.08,5.00%,0.009253309343272073,151.2,182,Cascaded,2027,151.2,182
D0,DC/OO/3/D,PSP,6.0,,DC,OO,3,D,PSP,,75.0,72,96,78.75,5.00%,0.004626654671636037,75.6,96,Cascaded,2027,75.6,96
D0,DC/OO/3/D,PVD,6.0,,DC,OO,3,D,PVD,,53.45,31,58,56.12,5.00%,0.00199203187250996,32.55,58,Cascaded,2027,32.55,58
D0,DC/OO/3/D,PWM,6.0,,DC,OO,3,D,PWM,,60.42,29,48,63.44,5.00%,0.001863513687186737,30.45,48,Cascaded,2027,30.449999999999996,48
D0,DC/OO/3/D,RAP,6.0,,DC,OO,3,D,RAP,,75.61,31,41,79.39,5.00%,0.00199203187250996,32.55,41,Cascaded,2027,32.55,41
D0,DC/OO/3/D,RDM,6.0,,DC,OO,3,D,RDM,,82.89,126,152,87.04,5.00%,0.008096645675363064,132.3,152,Cascaded,2027,132.29999999999998,152
D0,DC/OO/3/D,RHI,6.0,,DC,OO,3,D,RHI,,81.36,48,59,85.42,5.00%,0.0030844364477573575,50.4,59,Cascaded,2027,50.4,59
D0,DC/OO/3/D,RIC,6.0,,DC,OO,3,D,RIC,,78.57,11,14,82.5,5.00%,0.0007068500192777278,11.55,14,Cascaded,2027,11.549999999999999,14
D0,DC/OO/3/D,RNO,6.0,,DC,OO,3,D,RNO,,82.58,128,155,86.71,5.00%,0.008225163860686287,134.4,155,Cascaded,2027,134.39999999999998,155
D0,DC/OO/3/D,ROA,6.0,,DC,OO,3,D,ROA,,37.5,9,24,39.38,5.00%,0.0005783318339545046,9.45,24,Cascaded,2027,9.45,24
D0,DC/OO/3/D,ROC,6.0,,DC,OO,3,D,ROC,,64.71,33,51,67.94,5.00%,0.0021205500578331832,34.65,51,Cascaded,2027,34.65,51
D0,DC/OO/3/D,RST,6.0,,DC,OO,3,D,RST,,60.0,15,25,63.0,5.00%,0.0009638863899241743,15.75,25,Cascaded,2027,15.749999999999998,25
D0,DC/OO/3/D,SAN,6.0,,DC,OO,3,D,SAN,,76.82,116,151,80.66,5.00%,0.007454054748746948,121.8,151,Cascaded,2027,121.79999999999998,151
D0,DC/OO/3/D,SBA,6.0,,DC,OO,3,D,SBA,,81.52,75,92,85.6,5.00%,0.004819431949620871,78.75,92,Cascaded,2027,78.75,92
D0,DC/OO/3/D,SBN,6.0,,DC,OO,3,D,SBN,,57.39,101,176,60.26,5.00%,0.006490168358822774,106.05,176,Cascaded,2027,106.05,176
D0,DC/OO/3/D,SDF,6.0,,DC,OO,3,D,SDF,,64.79,92,142,68.03,5.00%,0.005911836524868269,96.6,142,Cascaded,2027,96.6,142
D0,DC/OO/3/D,SEA,6.0,,DC,OO,3,D,SEA,,75.31,1153,1531,79.08,5.00%,0.0740907338388382,1210.65,1531,Cascaded,2027,1210.6499999999999,1531
D0,DC/OO/3/D,SFO,6.0,,DC,OO,3,D,SFO,,79.22,61,77,83.18,5.00%,0.003919804652358309,64.05,77,Cascaded,2027,64.05,77
D0,DC/OO/3/D,SGU,6.0,,DC,OO,3,D,SGU,,92.72,140,151,97.35,5.00%,0.008996272972625627,147.0,151,Cascaded,2027,147.0,151
D0,DC/OO/3/D,SHV,6.0,,DC,OO,3,D,SHV,,70.73,87,123,74.27,5.00%,0.005590541061560211,91.35,123,Cascaded,2027,91.35,123
D0,DC/OO/3/D,SJC,6.0,,DC,OO,3,D,SJC,,85.89,207,241,90.19,5.00%,0.013301632180953605,217.35,241,Cascaded,2027,217.34999999999997,241
D0,DC/OO/3/D,SLC,6.0,,DC,OO,3,D,SLC,,84.11,2118,2518,88.32,5.00%,0.1361007582572934,2223.9,2518,Cascaded,2027,2223.8999999999996,2518
D0,DC/OO/3/D,SMF,6.0,,DC,OO,3,D,SMF,,80.5,260,323,84.52,5.00%,0.01670736409201902,273.0,323,Cascaded,2027,273.0,323
D0,DC/OO/3/D,SNA,6.0,,DC,OO,3,D,SNA,,88.24,60,68,92.65,5.00%,0.003855545559696697,63.0,68,Cascaded,2027,62.99999999999999,68
D0,DC/OO/3/D,STL,6.0,,DC,OO,3,D,STL,,58.87,73,124,61.81,5.00%,0.004690913764297648,76.65,124,Cascaded,2027,76.64999999999999,124
D0,DC/OO/3/D,SUN,6.0,,DC,OO,3,D,SUN,,91.74,100,109,96.33,5.00%,0.006425909266161162,105.0,109,Cascaded,2027,104.99999999999999,109
D0,DC/OO/3/D,SYR,6.0,,DC,OO,3,D,SYR,,71.43,5,7,75.0,5.00%,0.0003212954633080581,5.25,7,Cascaded,2027,5.249999999999999,7
D0,DC/OO/3/D,TRI,6.0,,DC,OO,3,D,TRI,,57.14,4,7,60.0,5.00%,0.00025703637064644646,4.2,7,Cascaded,2027,4.199999999999999,7
D0,DC/OO/3/D,TUL,6.0,,DC,OO,3,D,TUL,,90.32,28,31,94.84,5.00%,0.0017992545945251252,29.4,31,Cascaded,2027,29.4,31
D0,DC/OO/3/D,TUS,6.0,,DC,OO,3,D,TUS,,84.32,156,185,88.54,5.00%,0.010024418455211412,163.8,185,Cascaded,2027,163.79999999999998,185
D0,DC/OO/3/D,TVC,6.0,,DC,OO,3,D,TVC,,44.9,22,49,47.14,5.00%,0.0014137000385554556,23.1,49,Cascaded,2027,23.099999999999998,49
D0,DC/OO/3/D,TWF,6.0,,DC,OO,3,D,TWF,,98.84,85,86,103.78,5.00%,0.005462022876236988,89.25,86,Cascaded,2027,89.24999999999999,86
D0,DC/OO/3/D,XNA,6.0,,DC,OO,3,D,XNA,,68.7,90,131,72.14,5.00%,0.005783318339545046,94.5,131,Cascaded,2027,94.49999999999999,131
D0,DC/OO/3/D,XWA,6.0,,DC,OO,3,D,XWA,,66.67,56,84,70.0,5.00%,0.0035985091890502505,58.8,84,Cascaded,2027,58.8,84
D0,DC/OO/3/I,AUS,6.0,,DC,OO,3,I,AUS,,83.87,26,31,88.06,5.00%,0.040372670807453416,27.3,31,Cascaded,2027,27.299999999999997,31
D0,DC/OO/3/I,DTW,6.0,,DC,OO,3,I,DTW,,64.71,22,34,67.94,5.00%,0.034161490683229816,23.1,34,Cascaded,2027,23.099999999999998,34
D0,DC/OO/3/I,MSP,6.0,,DC,OO,3,I,MSP,,51.43,72,140,54.0,5.00%,0.11180124223602485,75.6,140,Cascaded,2027,75.6,140
D0,DC/OO/3/I,SEA,6.0,,DC,OO,3,I,SEA,,76.32,116,152,80.13,5.00%,0.18012422360248448,121.8,152,Cascaded,2027,121.79999999999998,152
D0,DC/OO/3/I,SJD,6.0,,DC,OO,3,I,SJD,,64.52,20,31,67.74,5.00%,0.031055900621118012,21.0,31,Cascaded,2027,20.999999999999996,31
D0,DC/OO/3/I,SLC,6.0,,DC,OO,3,I,SLC,,63.95,55,86,67.15,5.00%,0.08540372670807453,57.75,86,Cascaded,2027,57.74999999999999,86
D0,DC/OO/3/I,YVR,6.0,,DC,OO,3,I,YVR,,84.66,149,176,88.89,5.00%,0.23136645962732919,156.45,176,Cascaded,2027,156.45,176
D0,DC/OO/3/I,YWG,6.0,,DC,OO,3,I,YWG,,80.95,68,84,85.0,5.00%,0.10559006211180125,71.4,84,Cascaded,2027,71.39999999999999,84
D0,DC/OO/3/I,YYC,6.0,,DC,OO,3,I,YYC,,70.97,44,62,74.52,5.00%,0.06832298136645963,46.2,62,Cascaded,2027,46.199999999999996,62
D0,DC/OO/3/I,YYZ,6.0,,DC,OO,3,I,YYZ,,79.12,72,91,83.08,5.00%,0.11180124223602485,75.6,91,Cascaded,2027,75.6,91
D0,DC/OO/4/D,ABQ,6.0,,DC,OO,4,D,ABQ,,84.66,149,176,88.89,5.00%,0.008525002860739215,156.45,176,Cascaded,2027,156.45000000000002,176
D0,DC/OO/4/D,ABR,6.0,,DC,OO,4,D,ABR,,81.36,48,59,85.42,5.00%,0.0027463096464126332,50.4,59,Cascaded,2027,50.400000000000006,59
D0,DC/OO/4/D,AGS,6.0,,DC,OO,4,D,AGS,,0.0,0,4,0.0,0.00%,0.0,0.0,4,Cascaded,2027,0.0,4
D0,DC/OO/4/D,ALB,6.0,,DC,OO,4,D,ALB,,78.87,56,71,82.82,5.00%,0.0032040279208147386,58.8,71,Cascaded,2027,58.800000000000004,71
D0,DC/OO/4/D,APN,6.0,,DC,OO,4,D,APN,,68.0,34,50,71.4,5.00%,0.0019453026662089483,35.7,50,Cascaded,2027,35.7,50
D0,DC/OO/4/D,ASE,6.0,,DC,OO,4,D,ASE,,79.63,43,54,83.61,5.00%,0.002460235724911317,45.15,54,Cascaded,2027,45.150000000000006,54
D0,DC/OO/4/D,ATL,6.0,,DC,OO,4,D,ATL,,74.4,404,543,78.12,5.00%,0.02311477285730633,424.2,543,Cascaded,2027,424.20000000000005,543
D0,DC/OO/4/D,ATW,6.0,,DC,OO,4,D,ATW,,79.1,140,177,83.05,5.00%,0.008010069802036847,147.0,177,Cascaded,2027,147.0,177
D0,DC/OO/4/D,ATY,6.0,,DC,OO,4,D,ATY,,86.67,26,30,91.0,5.00%,0.001487584391806843,27.3,30,Cascaded,2027,27.3,30
D0,DC/OO/4/D,AUS,6.0,,DC,OO,4,D,AUS,,72.77,334,459,76.41,5.00%,0.019109737956287905,350.7,459,Cascaded,2027,350.70000000000005,459
D0,DC/OO/4/D,AZO,6.0,,DC,OO,4,D,AZO,,75.0,51,68,78.75,5.00%,0.0029179539993134224,53.55,68,Cascaded,2027,53.550000000000004,68
D0,DC/OO/4/D,BHM,6.0,,DC,OO,4,D,BHM,,63.16,24,38,66.32,5.00%,0.0013731548232063166,25.2,38,Cascaded,2027,25.200000000000003,38
D0,DC/OO/4/D,BIL,6.0,,DC,OO,4,D,BIL,,80.0,48,60,84.0,5.00%,0.0027463096464126332,50.4,60,Cascaded,2027,50.400000000000006,60
D0,DC/OO/4/D,BIS,6.0,,DC,OO,4,D,BIS,,82.81,53,64,86.95,5.00%,0.003032383567913949,55.65,64,Cascaded,2027,55.650000000000006,64
D0,DC/OO/4/D,BJI,6.0,,DC,OO,4,D,BJI,,88.14,52,59,92.54,5.00%,0.002975168783613686,54.6,59,Cascaded,2027,54.6,59
D0,DC/OO/4/D,BNA,6.0,,DC,OO,4,D,BNA,,80.25,65,81,84.26,5.00%,0.003718960979517107,68.25,81,Cascaded,2027,68.25,81
D0,DC/OO/4/D,BOI,6.0,,DC,OO,4,D,BOI,,86.82,257,296,91.17,5.00%,0.01470419956516764,269.85,296,Cascaded,2027,269.85,296
D0,DC/OO/4/D,BRD,6.0,,DC,OO,4,D,BRD,,90.0,45,50,94.5,5.00%,0.0025746652935118436,47.25,50,Cascaded,2027,47.25000000000001,50
D0,DC/OO/4/D,BTM,6.0,,DC,OO,4,D,BTM,,93.1,27,29,97.76,5.00%,0.001544799176107106,28.35,29,Cascaded,2027,28.35,29
D0,DC/OO/4/D,BTV,6.0,,DC,OO,4,D,BTV,,75.76,50,66,79.55,5.00%,0.0028607392150131594,52.5,66,Cascaded,2027,52.50000000000001,66
D0,DC/OO/4/D,BUF,6.0,,DC,OO,4,D,BUF,,77.11,64,83,80.96,5.00%,0.003661746195216844,67.2,83,Cascaded,2027,67.2,83
D0,DC/OO/4/D,BUR,6.0,,DC,OO,4,D,BUR,,94.59,70,74,99.32,5.00%,0.004005034901018423,73.5,74,Cascaded,2027,73.5,74
D0,DC/OO/4/D,BZN,6.0,,DC,OO,4,D,BZN,,80.0,72,90,84.0,5.00%,0.004119464469618949,75.6,90,Cascaded,2027,75.60000000000001,90
D0,DC/OO/4/D,CDC,6.0,,DC,OO,4,D,CDC,,84.31,43,51,88.53,5.00%,0.002460235724911317,45.15,51,Cascaded,2027,45.150000000000006,51
D0,DC/OO/4/D,CHS,6.0,,DC,OO,4,D,CHS,,42.86,12,28,45.0,5.00%,0.0006865774116031583,12.6,28,Cascaded,2027,12.600000000000001,28
D0,DC/OO/4/D,CID,6.0,,DC,OO,4,D,CID,,53.41,47,88,56.08,5.00%,0.0026890948621123697,49.35,88,Cascaded,2027,49.35,88
D0,DC/OO/4/D,CIU,6.0,,DC,OO,4,D,CIU,,66.0,33,50,69.3,5.00%,0.0018880878819086853,34.65,50,Cascaded,2027,34.650000000000006,50
D0,DC/OO/4/D,CLE,6.0,,DC,OO,4,D,CLE,,76.19,80,105,80.0,5.00%,0.004577182744021055,84.0,105,Cascaded,2027,84.0,105
D0,DC/OO/4/D,CMH,6.0,,DC,OO,4,D,CMH,,87.1,54,62,91.45,5.00%,0.003089598352214212,56.7,62,Cascaded,2027,56.7,62
D0,DC/OO/4/D,COS,6.0,,DC,OO,4,D,COS,,85.0,51,60,89.25,5.00%,0.0029179539993134224,53.55,60,Cascaded,2027,53.550000000000004,60
D0,DC/OO/4/D,CRW,6.0,,DC,OO,4,D,CRW,,80.0,4,5,84.0,5.00%,0.00022885913720105275,4.2,5,Cascaded,2027,4.2,5
D0,DC/OO/4/D,DEN,6.0,,DC,OO,4,D,DEN,,72.0,126,175,75.6,5.00%,0.007209062821833162,132.3,175,Cascaded,2027,132.3,175
D0,DC/OO/4/D,DLH,6.0,,DC,OO,4,D,DLH,,73.83,79,107,77.52,5.00%,0.004519967959720792,82.95,107,Cascaded,2027,82.95,107
D0,DC/OO/4/D,DTW,6.0,,DC,OO,4,D,DTW,,71.78,1704,2374,75.37,5.00%,0.09749399244764848,1789.2,2374,Cascaded,2027,1789.2,2374
D0,DC/OO/4/D,ECP,6.0,,DC,OO,4,D,ECP,,70.0,21,30,73.5,5.00%,0.001201510470305527,22.05,30,Cascaded,2027,22.05,30
D0,DC/OO/4/D,EKO,6.0,,DC,OO,4,D,EKO,,91.3,42,46,95.87,5.00%,0.002403020940611054,44.1,46,Cascaded,2027,44.1,46
D0,DC/OO/4/D,ELM,6.0,,DC,OO,4,D,ELM,,80.26,61,76,84.28,5.00%,0.0034901018423160544,64.05,76,Cascaded,2027,64.05000000000001,76
D0,DC/OO/4/D,ESC,6.0,,DC,OO,4,D,ESC,,90.24,37,41,94.76,5.00%,0.0021169470191097378,38.85,41,Cascaded,2027,38.85,41
D0,DC/OO/4/D,EUG,6.0,,DC,OO,4,D,EUG,,89.33,134,150,93.8,5.00%,0.007666781096235267,140.7,150,Cascaded,2027,140.70000000000002,150
D0,DC/OO/4/D,EWR,6.0,,DC,OO,4,D,EWR,,50.0,1,2,52.5,5.00%,5.721478430026319e-05,1.05,2,Cascaded,2027,1.05,2
D0,DC/OO/4/D,FAR,6.0,,DC,OO,4,D,FAR,,78.0,78,100,81.9,5.00%,0.004462753175420529,81.9,100,Cascaded,2027,81.9,100
D0,DC/OO/4/D,FAT,6.0,,DC,OO,4,D,FAT,,81.03,94,116,85.09,5.00%,0.0053781897242247394,98.7,116,Cascaded,2027,98.7,116
D0,DC/OO/4/D,FCA,6.0,,DC,OO,4,D,FCA,,84.48,49,58,88.71,5.00%,0.0028035244307128963,51.45,58,Cascaded,2027,51.45,58
D0,DC/OO/4/D,FSD,6.0,,DC,OO,4,D,FSD,,81.03,94,116,85.09,5.00%,0.0053781897242247394,98.7,116,Cascaded,2027,98.7,116
D0,DC/OO/4/D,FWA,6.0,,DC,OO,4,D,FWA,,80.0,72,90,84.0,5.00%,0.004119464469618949,75.6,90,Cascaded,2027,75.60000000000001,90
D0,DC/OO/4/D,GEG,6.0,,DC,OO,4,D,GEG,,87.43,292,334,91.8,5.00%,0.01670671701567685,306.6,334,Cascaded,2027,306.6,334
D0,DC/OO/4/D,GFK,6.0,,DC,OO,4,D,GFK,,83.17,84,101,87.33,5.00%,0.004806041881222108,88.2,101,Cascaded,2027,88.2,101
D0,DC/OO/4/D,GJT,6.0,,DC,OO,4,D,GJT,,88.46,46,52,92.88,5.00%,0.0026318800778121067,48.3,52,Cascaded,2027,48.300000000000004,52
D0,DC/OO/4/D,GRB,6.0,,DC,OO,4,D,GRB,,81.71,134,164,85.79,5.00%,0.007666781096235267,140.7,164,Cascaded,2027,140.70000000000002,164
D0,DC/OO/4/D,GRR,6.0,,DC,OO,4,D,GRR,,77.72,157,202,81.61,5.00%,0.00898272113514132,164.85,202,Cascaded,2027,164.85000000000002,202
D0,DC/OO/4/D,GSO,6.0,,DC,OO,4,D,GSO,,83.33,20,24,87.5,5.00%,0.0011442956860052637,21.0,24,Cascaded,2027,21.0,24
D0,DC/OO/4/D,GTF,6.0,,DC,OO,4,D,GTF,,90.0,81,90,94.5,5.00%,0.004634397528321318,85.05,90,Cascaded,2027,85.05000000000001,90
D0,DC/OO/4/D,HIB,6.0,,DC,OO,4,D,HIB,,82.0,41,50,86.1,5.00%,0.002345806156310791,43.05,50,Cascaded,2027,43.050000000000004,50
D0,DC/OO/4/D,HLN,6.0,,DC,OO,4,D,HLN,,95.0,57,60,99.75,5.00%,0.0032612427051150017,59.85,60,Cascaded,2027,59.85,60
D0,DC/OO/4/D,HSV,6.0,,DC,OO,4,D,HSV,,76.32,29,38,80.13,5.00%,0.0016592287447076324,30.45,38,Cascaded,2027,30.450000000000003,38
D0,DC/OO/4/D,IAD,6.0,,DC,OO,4,D,IAD,,80.27,118,147,84.29,5.00%,0.0067513445474310565,123.9,147,Cascaded,2027,123.9,147
D0,DC/OO/4/D,IAH,6.0,,DC,OO,4,D,IAH,,71.43,5,7,75.0,5.00%,0.0002860739215013159,5.25,7,Cascaded,2027,5.25,7
D0,DC/OO/4/D,ICT,6.0,,DC,OO,4,D,ICT,,76.09,35,46,79.89,5.00%,0.0020025174505092116,36.75,46,Cascaded,2027,36.75,46
D0,DC/OO/4/D,IDA,6.0,,DC,OO,4,D,IDA,,83.33,60,72,87.5,5.00%,0.0034328870580157913,63.0,72,Cascaded,2027,63.00000000000001,72
D0,DC/OO/4/D,IMT,6.0,,DC,OO,4,D,IMT,,66.67,38,57,70.0,5.00%,0.0021741618034100013,39.9,57,Cascaded,2027,39.900000000000006,57
D0,DC/OO/4/D,IND,6.0,,DC,OO,4,D,IND,,74.05,137,185,77.76,5.00%,0.007838425449136056,143.85,185,Cascaded,2027,143.85000000000002,185
D0,DC/OO/4/D,INL,6.0,,DC,OO,4,D,INL,,87.23,41,47,91.6,5.00%,0.002345806156310791,43.05,47,Cascaded,2027,43.050000000000004,47
D0,DC/OO/4/D,JAC,6.0,,DC,OO,4,D,JAC,,60.0,18,30,63.0,5.00%,0.0010298661174047373,18.9,30,Cascaded,2027,18.900000000000002,30
D0,DC/OO/4/D,JAX,6.0,,DC,OO,4,D,JAX,,93.33,28,30,98.0,5.00%,0.0016020139604073693,29.4,30,Cascaded,2027,29.400000000000002,30
D0,DC/OO/4/D,LAN,6.0,,DC,OO,4,D,LAN,,60.47,52,86,63.49,5.00%,0.002975168783613686,54.6,86,Cascaded,2027,54.6,86
D0,DC/OO/4/D,LAS,6.0,,DC,OO,4,D,LAS,,86.67,78,90,91.0,5.00%,0.004462753175420529,81.9,90,Cascaded,2027,81.9,90
D0,DC/OO/4/D,LAX,6.0,,DC,OO,4,D,LAX,,86.37,849,983,90.69,5.00%,0.04857535187092345,891.45,983,Cascaded,2027,891.45,983
D0,DC/OO/4/D,LEX,6.0,,DC,OO,4,D,LEX,,92.86,39,42,97.5,5.00%,0.0022313765877102643,40.95,42,Cascaded,2027,40.95,42
D0,DC/OO/4/D,LGB,6.0,,DC,OO,4,D,LGB,,83.33,50,60,87.5,5.00%,0.0028607392150131594,52.5,60,Cascaded,2027,52.50000000000001,60
D0,DC/OO/4/D,LIT,6.0,,DC,OO,4,D,LIT,,76.67,23,30,80.5,5.00%,0.0013159400389060533,24.15,30,Cascaded,2027,24.150000000000002,30
D0,DC/OO/4/D,LWS,6.0,,DC,OO,4,D,LWS,,91.67,55,60,96.25,5.00%,0.0031468131365144755,57.75,60,Cascaded,2027,57.75000000000001,60
D0,DC/OO/4/D,MBS,6.0,,DC,OO,4,D,MBS,,73.53,25,34,77.21,5.00%,0.0014303696075065797,26.25,34,Cascaded,2027,26.250000000000004,34
D0,DC/OO/4/D,MCI,6.0,,DC,OO,4,D,MCI,,77.42,48,62,81.29,5.00%,0.0027463096464126332,50.4,62,Cascaded,2027,50.400000000000006,62
D0,DC/OO/4/D,MDW,6.0,,DC,OO,4,D,MDW,,70.45,62,88,73.98,5.00%,0.003547316626616318,65.1,88,Cascaded,2027,65.10000000000001,88
D0,DC/OO/4/D,MEM,6.0,,DC,OO,4,D,MEM,,74.24,98,132,77.95,5.00%,0.005607048861425793,102.9,132,Cascaded,2027,102.9,132
D0,DC/OO/4/D,MFE,6.0,,DC,OO,4,D,MFE,,79.07,68,86,83.02,5.00%,0.0038906053324178967,71.4,86,Cascaded,2027,71.4,86
D0,DC/OO/4/D,MFR,6.0,,DC,OO,4,D,MFR,,92.0,138,150,96.6,5.00%,0.00789564023343632,144.9,150,Cascaded,2027,144.9,150
D0,DC/OO/4/D,MKE,6.0,,DC,OO,4,D,MKE,,76.82,169,220,80.66,5.00%,0.00966929854674448,177.45,220,Cascaded,2027,177.45000000000002,220
D0,DC/OO/4/D,MOB,6.0,,DC,OO,4,D,MOB,,66.67,20,30,70.0,5.00%,0.0011442956860052637,21.0,30,Cascaded,2027,21.0,30
D0,DC/OO/4/D,MOT,6.0,,DC,OO,4,D,MOT,,75.86,88,116,79.66,5.00%,0.00503490101842316,92.4,116,Cascaded,2027,92.4,116
D0,DC/OO/4/D,MQT,6.0,,DC,OO,4,D,MQT,,73.33,33,45,77.0,5.00%,0.0018880878819086853,34.65,45,Cascaded,2027,34.650000000000006,45
D0,DC/OO/4/D,MSN,6.0,,DC,OO,4,D,MSN,,83.33,70,84,87.5,5.00%,0.004005034901018423,73.5,84,Cascaded,2027,73.5,84
D0,DC/OO/4/D,MSO,6.0,,DC,OO,4,D,MSO,,70.0,21,30,73.5,5.00%,0.001201510470305527,22.05,30,Cascaded,2027,22.05,30
D0,DC/OO/4/D,MSP,6.0,,DC,OO,4,D,MSP,,74.55,1951,2617,78.28,5.00%,0.11162604416981348,2048.55,2617,Cascaded,2027,2048.55,2617
D0,DC/OO/4/D,MSY,6.0,,DC,OO,4,D,MSY,,63.33,19,30,66.5,5.00%,0.0010870809017050006,19.95,30,Cascaded,2027,19.950000000000003,30
D0,DC/OO/4/D,OAJ,6.0,,DC,OO,4,D,OAJ,,83.62,97,116,87.8,5.00%,0.005549834077125529,101.85,116,Cascaded,2027,101.85000000000001,116
D0,DC/OO/4/D,OAK,6.0,,DC,OO,4,D,OAK,,86.67,78,90,91.0,5.00%,0.004462753175420529,81.9,90,Cascaded,2027,81.9,90
D0,DC/OO/4/D,OKC,6.0,,DC,OO,4,D,OKC,,91.11,82,90,95.67,5.00%,0.004691612312621582,86.1,90,Cascaded,2027,86.10000000000001,90
D0,DC/OO/4/D,OMA,6.0,,DC,OO,4,D,OMA,,79.31,207,261,83.28,5.00%,0.01184346035015448,217.35,261,Cascaded,2027,217.35000000000002,261
D0,DC/OO/4/D,ONT,6.0,,DC,OO,4,D,ONT,,85.51,118,138,89.78,5.00%,0.0067513445474310565,123.9,138,Cascaded,2027,123.9,138
D0,DC/OO/4/D,ORD,6.0,,DC,OO,4,D,ORD,,66.47,111,167,69.79,5.00%,0.006350841057329214,116.55,167,Cascaded,2027,116.55000000000001,167
D0,DC/OO/4/D,ORF,6.0,,DC,OO,4,D,ORF,,70.0,21,30,73.5,5.00%,0.001201510470305527,22.05,30,Cascaded,2027,22.05,30
D0,DC/OO/4/D,PDX,6.0,,DC,OO,4,D,PDX,,86.93,153,176,91.28,5.00%,0.008753861997940269,160.65,176,Cascaded,2027,160.65,176
D0,DC/OO/4/D,PHL,6.0,,DC,OO,4,D,PHL,,81.82,18,22,85.91,5.00%,0.0010298661174047373,18.9,22,Cascaded,2027,18.900000000000002,22
D0,DC/OO/4/D,PHX,6.0,,DC,OO,4,D,PHX,,85.62,125,146,89.9,5.00%,0.007151848037532898,131.25,146,Cascaded,2027,131.25,146
D0,DC/OO/4/D,PIH,6.0,,DC,OO,4,D,PIH,,80.0,24,30,84.0,5.00%,0.0013731548232063166,25.2,30,Cascaded,2027,25.200000000000003,30
D0,DC/OO/4/D,PIT,6.0,,DC,OO,4,D,PIT,,68.18,60,88,71.59,5.00%,0.0034328870580157913,63.0,88,Cascaded,2027,63.00000000000001,88
D0,DC/OO/4/D,PLN,6.0,,DC,OO,4,D,PLN,,66.67,10,15,70.0,5.00%,0.0005721478430026318,10.5,15,Cascaded,2027,10.5,15
D0,DC/OO/4/D,PSC,6.0,,DC,OO,4,D,PSC,,85.0,153,180,89.25,5.00%,0.008753861997940269,160.65,180,Cascaded,2027,160.65,180
D0,DC/OO/4/D,PSP,6.0,,DC,OO,4,D,PSP,,88.24,75,85,92.65,5.00%,0.004291108822519739,78.75,85,Cascaded,2027,78.75,85
D0,DC/OO/4/D,PVD,6.0,,DC,OO,4,D,PVD,,77.63,59,76,81.51,5.00%,0.0033756722737155282,61.95,76,Cascaded,2027,61.95,76
D0,DC/OO/4/D,PWM,6.0,,DC,OO,4,D,PWM,,83.33,20,24,87.5,5.00%,0.0011442956860052637,21.0,24,Cascaded,2027,21.0,24
D0,DC/OO/4/D,RAP,6.0,,DC,OO,4,D,RAP,,70.31,45,64,73.83,5.00%,0.0025746652935118436,47.25,64,Cascaded,2027,47.25000000000001,64
D0,DC/OO/4/D,RDM,6.0,,DC,OO,4,D,RDM,,86.0,129,150,90.3,5.00%,0.0073807071747339515,135.45,150,Cascaded,2027,135.45000000000002,150
D0,DC/OO/4/D,RHI,6.0,,DC,OO,4,D,RHI,,81.03,47,58,85.09,5.00%,0.0026890948621123697,49.35,58,Cascaded,2027,49.35,58
D0,DC/OO/4/D,RIC,6.0,,DC,OO,4,D,RIC,,67.65,23,34,71.03,5.00%,0.0013159400389060533,24.15,34,Cascaded,2027,24.150000000000002,34
D0,DC/OO/4/D,RNO,6.0,,DC,OO,4,D,RNO,,90.0,135,150,94.5,5.00%,0.007723995880535531,141.75,150,Cascaded,2027,141.75,150
D0,DC/OO/4/D,ROA,6.0,,DC,OO,4,D,ROA,,61.29,19,31,64.35,5.00%,0.0010870809017050006,19.95,31,Cascaded,2027,19.950000000000003,31
D0,DC/OO/4/D,ROC,6.0,,DC,OO,4,D,ROC,,84.0,21,25,88.2,5.00%,0.001201510470305527,22.05,25,Cascaded,2027,22.05,25
D0,DC/OO/4/D,RST,6.0,,DC,OO,4,D,RST,,80.0,8,10,84.0,5.00%,0.0004577182744021055,8.4,10,Cascaded,2027,8.4,10
D0,DC/OO/4/D,SAN,6.0,,DC,OO,4,D,SAN,,91.78,134,146,96.37,5.00%,0.007666781096235267,140.7,146,Cascaded,2027,140.70000000000002,146
D0,DC/OO/4/D,SAV,6.0,,DC,OO,4,D,SAV,,50.0,9,18,52.5,5.00%,0.0005149330587023687,9.45,18,Cascaded,2027,9.450000000000001,18
D0,DC/OO/4/D,SBA,6.0,,DC,OO,4,D,SBA,,88.89,80,90,93.33,5.00%,0.004577182744021055,84.0,90,Cascaded,2027,84.0,90
D0,DC/OO/4/D,SBN,6.0,,DC,OO,4,D,SBN,,75.0,132,176,78.75,5.00%,0.007552351527634741,138.6,176,Cascaded,2027,138.60000000000002,176
D0,DC/OO/4/D,SDF,6.0,,DC,OO,4,D,SDF,,76.67,138,180,80.5,5.00%,0.00789564023343632,144.9,180,Cascaded,2027,144.9,180
D0,DC/OO/4/D,SEA,6.0,,DC,OO,4,D,SEA,,80.4,1235,1536,84.42,5.00%,0.07066025861082503,1296.75,1536,Cascaded,2027,1296.75,1536
D0,DC/OO/4/D,SFO,6.0,,DC,OO,4,D,SFO,,33.82,23,68,35.51,5.00%,0.0013159400389060533,24.15,68,Cascaded,2027,24.150000000000002,68
D0,DC/OO/4/D,SGU,6.0,,DC,OO,4,D,SGU,,89.31,142,159,93.77,5.00%,0.008124499370637374,149.1,159,Cascaded,2027,149.10000000000002,159
D0,DC/OO/4/D,SHV,6.0,,DC,OO,4,D,SHV,,77.12,91,118,80.97,5.00%,0.00520654537132395,95.55,118,Cascaded,2027,95.55000000000001,118
D0,DC/OO/4/D,SJC,6.0,,DC,OO,4,D,SJC,,91.88,215,234,96.47,5.00%,0.012301178624556585,225.75,234,Cascaded,2027,225.75000000000003,234
D0,DC/OO/4/D,SLC,6.0,,DC,OO,4,D,SLC,,82.96,2054,2476,87.1,5.00%,0.11751916695274059,2156.7,2476,Cascaded,2027,2156.7000000000003,2476
D0,DC/OO/4/D,SMF,6.0,,DC,OO,4,D,SMF,,89.6,293,327,94.08,5.00%,0.016763931799977115,307.65,327,Cascaded,2027,307.65000000000003,327
D0,DC/OO/4/D,SNA,6.0,,DC,OO,4,D,SNA,,79.49,62,78,83.46,5.00%,0.003547316626616318,65.1,78,Cascaded,2027,65.10000000000001,78
D0,DC/OO/4/D,STL,6.0,,DC,OO,4,D,STL,,69.47,66,95,72.95,5.00%,0.0037761757638173706,69.3,95,Cascaded,2027,69.30000000000001,95
D0,DC/OO/4/D,SUN,6.0,,DC,OO,4,D,SUN,,85.39,76,89,89.66,5.00%,0.0043483236068200025,79.8,89,Cascaded,2027,79.80000000000001,89
D0,DC/OO/4/D,SYR,6.0,,DC,OO,4,D,SYR,,100.0,2,2,105.0,5.00%,0.00011442956860052638,2.1,2,Cascaded,2027,2.1,2
D0,DC/OO/4/D,TUL,6.0,,DC,OO,4,D,TUL,,90.0,27,30,94.5,5.00%,0.001544799176107106,28.35,30,Cascaded,2027,28.35,30
D0,DC/OO/4/D,TUS,6.0,,DC,OO,4,D,TUS,,93.89,169,180,98.58,5.00%,0.00966929854674448,177.45,180,Cascaded,2027,177.45000000000002,180
D0,DC/OO/4/D,TVC,6.0,,DC,OO,4,D,TVC,,75.0,45,60,78.75,5.00%,0.0025746652935118436,47.25,60,Cascaded,2027,47.25000000000001,60
D0,DC/OO/4/D,TWF,6.0,,DC,OO,4,D,TWF,,91.46,75,82,96.04,5.00%,0.004291108822519739,78.75,82,Cascaded,2027,78.75,82
D0,DC/OO/4/D,XNA,6.0,,DC,OO,4,D,XNA,,83.06,103,124,87.22,5.00%,0.005893122782927108,108.15,124,Cascaded,2027,108.15,124
D0,DC/OO/4/D,XWA,6.0,,DC,OO,4,D,XWA,,74.42,64,86,78.14,5.00%,0.003661746195216844,67.2,86,Cascaded,2027,67.2,86
D0,DC/OO/4/I,AUS,6.0,,DC,OO,4,I,AUS,,66.67,8,12,70.0,5.00%,0.011095700416088766,8.4,12,Cascaded,2027,8.4,12
D0,DC/OO/4/I,DTW,6.0,,DC,OO,4,I,DTW,,76.92,20,26,80.77,5.00%,0.027739251040221916,21.0,26,Cascaded,2027,21.000000000000004,26
D0,DC/OO/4/I,MSP,6.0,,DC,OO,4,I,MSP,,70.21,99,141,73.72,5.00%,0.13730929264909847,103.95,141,Cascaded,2027,103.95,141
D0,DC/OO/4/I,SEA,6.0,,DC,OO,4,I,SEA,,75.0,126,168,78.75,5.00%,0.17475728155339806,132.3,168,Cascaded,2027,132.3,168
D0,DC/OO/4/I,SJD,6.0,,DC,OO,4,I,SJD,,50.0,6,12,52.5,5.00%,0.008321775312066574,6.3,12,Cascaded,2027,6.300000000000001,12
D0,DC/OO/4/I,SLC,6.0,,DC,OO,4,I,SLC,,79.63,86,108,83.61,5.00%,0.11927877947295423,90.3,108,Cascaded,2027,90.30000000000001,108
D0,DC/OO/4/I,YVR,6.0,,DC,OO,4,I,YVR,,86.51,186,215,90.84,5.00%,0.2579750346740638,195.3,215,Cascaded,2027,195.3,215
D0,DC/OO/4/I,YWG,6.0,,DC,OO,4,I,YWG,,86.21,75,87,90.52,5.00%,0.10402219140083217,78.75,87,Cascaded,2027,78.75,87
D0,DC/OO/4/I,YYC,6.0,,DC,OO,4,I,YYC,,80.0,48,60,84.0,5.00%,0.06657420249653259,50.4,60,Cascaded,2027,50.400000000000006,60
D0,DC/OO/4/I,YYZ,6.0,,DC,OO,4,I,YYZ,,83.75,67,80,87.94,5.00%,0.09292649098474341,70.35,80,Cascaded,2027,70.35000000000001,80
D0,DC/OO/5/D,ABQ,6.0,,DC,OO,5,D,ABQ,,83.42,161,193,87.59,5.00%,0.009339288821857417,169.05,193,Cascaded,2027,169.05,193
D0,DC/OO/5/D,ABR,6.0,,DC,OO,5,D,ABR,,100.0,60,60,105.0,5.00%,0.003480480306282267,63.0,60,Cascaded,2027,63.0,60
D0,DC/OO/5/D,ALB,6.0,,DC,OO,5,D,ALB,,89.74,70,78,94.23,5.00%,0.0040605603573293115,73.5,78,Cascaded,2027,73.5,78
D0,DC/OO/5/D,APN,6.0,,DC,OO,5,D,APN,,75.93,41,54,79.72,5.00%,0.0023783282092928824,43.05,54,Cascaded,2027,43.050000000000004,54
D0,DC/OO/5/D,ASE,6.0,,DC,OO,5,D,ASE,,88.89,16,18,93.33,5.00%,0.0009281280816752712,16.8,18,Cascaded,2027,16.8,18
D0,DC/OO/5/D,ATL,6.0,,DC,OO,5,D,ATL,,57.66,286,496,60.54,5.00%,0.01659028945994547,300.3,496,Cascaded,2027,300.3,496
D0,DC/OO/5/D,ATW,6.0,,DC,OO,5,D,ATW,,78.33,141,180,82.25,5.00%,0.008179128719763328,148.05,180,Cascaded,2027,148.05,180
D0,DC/OO/5/D,ATY,6.0,,DC,OO,5,D,ATY,,93.33,28,30,98.0,5.00%,0.0016242241429317247,29.4,30,Cascaded,2027,29.400000000000002,30
D0,DC/OO/5/D,AUS,6.0,,DC,OO,5,D,AUS,,71.61,333,465,75.19,5.00%,0.01931666569986658,349.65,465,Cascaded,2027,349.65000000000003,465
D0,DC/OO/5/D,AZO,6.0,,DC,OO,5,D,AZO,,70.24,59,84,73.75,5.00%,0.0034224723011775627,61.95,84,Cascaded,2027,61.95,84
D0,DC/OO/5/D,BGM,6.0,,DC,OO,5,D,BGM,,79.17,19,24,83.12,5.00%,0.0011021520969893845,19.95,24,Cascaded,2027,19.95,24
D0,DC/OO/5/D,BHM,6.0,,DC,OO,5,D,BHM,,20.0,1,5,21.0,5.00%,5.800800510470445e-05,1.05,5,Cascaded,2027,1.05,5
D0,DC/OO/5/D,BIL,6.0,,DC,OO,5,D,BIL,,83.33,50,60,87.5,5.00%,0.0029004002552352223,52.5,60,Cascaded,2027,52.5,60
D0,DC/OO/5/D,BIS,6.0,,DC,OO,5,D,BIS,,86.49,32,37,90.81,5.00%,0.0018562561633505424,33.6,37,Cascaded,2027,33.6,37
D0,DC/OO/5/D,BJI,6.0,,DC,OO,5,D,BJI,,88.14,52,59,92.54,5.00%,0.003016416265444631,54.6,59,Cascaded,2027,54.6,59
D0,DC/OO/5/D,BNA,6.0,,DC,OO,5,D,BNA,,77.38,65,84,81.25,5.00%,0.0037705203318057893,68.25,84,Cascaded,2027,68.25,84
D0,DC/OO/5/D,BOI,6.0,,DC,OO,5,D,BOI,,83.44,252,302,87.62,5.00%,0.014618017286385522,264.6,302,Cascaded,2027,264.6,302
D0,DC/OO/5/D,BRD,6.0,,DC,OO,5,D,BRD,,96.3,52,54,101.11,5.00%,0.003016416265444631,54.6,54,Cascaded,2027,54.6,54
D0,DC/OO/5/D,BTM,6.0,,DC,OO,5,D,BTM,,76.67,23,30,80.5,5.00%,0.0013341841174082023,24.15,30,Cascaded,2027,24.150000000000002,30
D0,DC/OO/5/D,BTV,6.0,,DC,OO,5,D,BTV,,80.0,12,15,84.0,5.00%,0.0006960960612564534,12.6,15,Cascaded,2027,12.600000000000001,15
D0,DC/OO/5/D,BUF,6.0,,DC,OO,5,D,BUF,,76.81,53,69,80.65,5.00%,0.0030744242705493356,55.65,69,Cascaded,2027,55.650000000000006,69
D0,DC/OO/5/D,BUR,6.0,,DC,OO,5,D,BUR,,89.29,75,84,93.75,5.00%,0.004350600382852834,78.75,84,Cascaded,2027,78.75,84
D0,DC/OO/5/D,BZN,6.0,,DC,OO,5,D,BZN,,82.22,74,90,86.33,5.00%,0.004292592377748129,77.7,90,Cascaded,2027,77.7,90
D0,DC/OO/5/D,CDC,6.0,,DC,OO,5,D,CDC,,90.38,47,52,94.9,5.00%,0.002726376239921109,49.35,52,Cascaded,2027,49.35,52
D0,DC/OO/5/D,CHS,6.0,,DC,OO,5,D,CHS,,100.0,1,1,105.0,5.00%,5.800800510470445e-05,1.05,1,Cascaded,2027,1.05,1
D0,DC/OO/5/D,CID,6.0,,DC,OO,5,D,CID,,55.56,10,18,58.33,5.00%,0.0005800800510470445,10.5,18,Cascaded,2027,10.5,18
D0,DC/OO/5/D,CIU,6.0,,DC,OO,5,D,CIU,,80.0,44,55,84.0,5.00%,0.0025523522246069957,46.2,55,Cascaded,2027,46.2,55
D0,DC/OO/5/D,CLE,6.0,,DC,OO,5,D,CLE,,76.0,57,75,79.8,5.00%,0.003306456290968154,59.85,75,Cascaded,2027,59.85,75
D0,DC/OO/5/D,CMH,6.0,,DC,OO,5,D,CMH,,78.79,52,66,82.73,5.00%,0.003016416265444631,54.6,66,Cascaded,2027,54.6,66
D0,DC/OO/5/D,COS,6.0,,DC,OO,5,D,COS,,90.0,54,60,94.5,5.00%,0.00313243227565404,56.7,60,Cascaded,2027,56.7,60
D0,DC/OO/5/D,CVG,6.0,,DC,OO,5,D,CVG,,0.0,0,3,0.0,0.00%,0.0,0.0,3,Cascaded,2027,0.0,3
D0,DC/OO/5/D,DEN,6.0,,DC,OO,5,D,DEN,,64.56,51,79,67.78,5.00%,0.0029584082603399267,53.55,79,Cascaded,2027,53.550000000000004,79
D0,DC/OO/5/D,DLH,6.0,,DC,OO,5,D,DLH,,88.14,104,118,92.54,5.00%,0.006032832530889262,109.2,118,Cascaded,2027,109.2,118
D0,DC/OO/5/D,DTW,6.0,,DC,OO,5,D,DTW,,73.64,1511,2052,77.32,5.00%,0.08765009571320842,1586.55,2052,Cascaded,2027,1586.5500000000002,2052
D0,DC/OO/5/D,ECP,6.0,,DC,OO,5,D,ECP,,70.0,21,30,73.5,5.00%,0.0012181681071987934,22.05,30,Cascaded,2027,22.05,30
D0,DC/OO/5/D,EKO,6.0,,DC,OO,5,D,EKO,,93.62,44,47,98.3,5.00%,0.0025523522246069957,46.2,47,Cascaded,2027,46.2,47
D0,DC/OO/5/D,ELM,6.0,,DC,OO,5,D,ELM,,81.82,72,88,85.91,5.00%,0.00417657636753872,75.6,88,Cascaded,2027,75.60000000000001,88
D0,DC/OO/5/D,ESC,6.0,,DC,OO,5,D,ESC,,88.46,46,52,92.88,5.00%,0.0026683682348164046,48.3,52,Cascaded,2027,48.300000000000004,52
D0,DC/OO/5/D,EUG,6.0,,DC,OO,5,D,EUG,,84.67,127,150,88.9,5.00%,0.007367016648297465,133.35,150,Cascaded,2027,133.35,150
D0,DC/OO/5/D,FAR,6.0,,DC,OO,5,D,FAR,,87.23,82,94,91.6,5.00%,0.004756656418585765,86.1,94,Cascaded,2027,86.10000000000001,94
D0,DC/OO/5/D,FAT,6.0,,DC,OO,5,D,FAT,,86.84,99,114,91.18,5.00%,0.005742792505365741,103.95,114,Cascaded,2027,103.95,114
D0,DC/OO/5/D,FAY,6.0,,DC,OO,5,D,FAY,,37.5,6,16,39.38,5.00%,0.0003480480306282267,6.3,16,Cascaded,2027,6.300000000000001,16
D0,DC/OO/5/D,FCA,6.0,,DC,OO,5,D,FCA,,73.53,50,68,77.21,5.00%,0.0029004002552352223,52.5,68,Cascaded,2027,52.5,68
D0,DC/OO/5/D,FSD,6.0,,DC,OO,5,D,FSD,,74.56,85,114,78.29,5.00%,0.0049306804338998785,89.25,114,Cascaded,2027,89.25,114
D0,DC/OO/5/D,FWA,6.0,,DC,OO,5,D,FWA,,62.5,55,88,65.62,5.00%,0.0031904402807587445,57.75,88,Cascaded,2027,57.75,88
D0,DC/OO/5/D,GEG,6.0,,DC,OO,5,D,GEG,,89.44,322,360,93.92,5.00%,0.018678577643714833,338.1,360,Cascaded,2027,338.1,360
D0,DC/OO/5/D,GFK,6.0,,DC,OO,5,D,GFK,,83.64,92,110,87.82,5.00%,0.005336736469632809,96.6,110,Cascaded,2027,96.60000000000001,110
D0,DC/OO/5/D,GJT,6.0,,DC,OO,5,D,GJT,,94.12,48,51,98.82,5.00%,0.0027843842450258134,50.4,51,Cascaded,2027,50.400000000000006,51
D0,DC/OO/5/D,GRB,6.0,,DC,OO,5,D,GRB,,79.21,141,178,83.17,5.00%,0.008179128719763328,148.05,178,Cascaded,2027,148.05,178
D0,DC/OO/5/D,GRR,6.0,,DC,OO,5,D,GRR,,78.81,186,236,82.75,5.00%,0.010789488949475028,195.3,236,Cascaded,2027,195.3,236
D0,DC/OO/5/D,GTF,6.0,,DC,OO,5,D,GTF,,87.78,79,90,92.17,5.00%,0.004582632403271652,82.95,90,Cascaded,2027,82.95,90
D0,DC/OO/5/D,HIB,6.0,,DC,OO,5,D,HIB,,98.15,53,54,103.06,5.00%,0.0030744242705493356,55.65,54,Cascaded,2027,55.650000000000006,54
D0,DC/OO/5/D,HLN,6.0,,DC,OO,5,D,HLN,,96.67,58,60,101.5,5.00%,0.0033644642960728582,60.9,60,Cascaded,2027,60.900000000000006,60
D0,DC/OO/5/D,HPN,6.0,,DC,OO,5,D,HPN,,83.33,5,6,87.5,5.00%,0.00029004002552352224,5.25,6,Cascaded,2027,5.25,6
D0,DC/OO/5/D,HSV,6.0,,DC,OO,5,D,HSV,,53.85,7,13,56.54,5.00%,0.00040605603573293117,7.35,13,Cascaded,2027,7.3500000000000005,13
D0,DC/OO/5/D,IAD,6.0,,DC,OO,5,D,IAD,,71.72,104,145,75.31,5.00%,0.006032832530889262,109.2,145,Cascaded,2027,109.2,145
D0,DC/OO/5/D,IAH,6.0,,DC,OO,5,D,IAH,,100.0,1,1,105.0,5.00%,5.800800510470445e-05,1.05,1,Cascaded,2027,1.05,1
D0,DC/OO/5/D,ICT,6.0,,DC,OO,5,D,ICT,,77.19,44,57,81.05,5.00%,0.0025523522246069957,46.2,57,Cascaded,2027,46.2,57
D0,DC/OO/5/D,IDA,6.0,,DC,OO,5,D,IDA,,86.9,73,84,91.25,5.00%,0.004234584372643424,76.65,84,Cascaded,2027,76.65,84
D0,DC/OO/5/D,IMT,6.0,,DC,OO,5,D,IMT,,80.0,48,60,84.0,5.00%,0.0027843842450258134,50.4,60,Cascaded,2027,50.400000000000006,60
D0,DC/OO/5/D,IND,6.0,,DC,OO,5,D,IND,,76.84,136,177,80.68,5.00%,0.007889088694239805,142.8,177,Cascaded,2027,142.8,177
D0,DC/OO/5/D,INL,6.0,,DC,OO,5,D,INL,,94.23,49,52,98.94,5.00%,0.002842392250130518,51.45,52,Cascaded,2027,51.45,52
D0,DC/OO/5/D,JAC,6.0,,DC,OO,5,D,JAC,,87.01,67,77,91.36,5.00%,0.003886536342015198,70.35,77,Cascaded,2027,70.35000000000001,77
D0,DC/OO/5/D,JAX,6.0,,DC,OO,5,D,JAX,,76.67,23,30,80.5,5.00%,0.0013341841174082023,24.15,30,Cascaded,2027,24.150000000000002,30
D0,DC/OO/5/D,LAN,6.0,,DC,OO,5,D,LAN,,63.41,26,41,66.59,5.00%,0.0015082081327223156,27.3,41,Cascaded,2027,27.3,41
D0,DC/OO/5/D,LAS,6.0,,DC,OO,5,D,LAS,,82.22,74,90,86.33,5.00%,0.004292592377748129,77.7,90,Cascaded,2027,77.7,90
D0,DC/OO/5/D,LAX,6.0,,DC,OO,5,D,LAX,,79.34,768,968,83.31,5.00%,0.044550147920413015,806.4,968,Cascaded,2027,806.4000000000001,968
D0,DC/OO/5/D,LEX,6.0,,DC,OO,5,D,LEX,,83.33,25,30,87.5,5.00%,0.0014502001276176112,26.25,30,Cascaded,2027,26.25,30
D0,DC/OO/5/D,LGB,6.0,,DC,OO,5,D,LGB,,82.0,41,50,86.1,5.00%,0.0023783282092928824,43.05,50,Cascaded,2027,43.050000000000004,50
D0,DC/OO/5/D,LIT,6.0,,DC,OO,5,D,LIT,,80.0,24,30,84.0,5.00%,0.0013921921225129067,25.2,30,Cascaded,2027,25.200000000000003,30
D0,DC/OO/5/D,LWS,6.0,,DC,OO,5,D,LWS,,91.67,55,60,96.25,5.00%,0.0031904402807587445,57.75,60,Cascaded,2027,57.75,60
D0,DC/OO/5/D,MBS,6.0,,DC,OO,5,D,MBS,,90.77,59,65,95.31,5.00%,0.0034224723011775627,61.95,65,Cascaded,2027,61.95,65
D0,DC/OO/5/D,MCI,6.0,,DC,OO,5,D,MCI,,67.92,36,53,71.32,5.00%,0.00208828818376936,37.8,53,Cascaded,2027,37.800000000000004,53
D0,DC/OO/5/D,MDT,6.0,,DC,OO,5,D,MDT,,70.59,36,51,74.12,5.00%,0.00208828818376936,37.8,51,Cascaded,2027,37.800000000000004,51
D0,DC/OO/5/D,MDW,6.0,,DC,OO,5,D,MDW,,88.89,16,18,93.33,5.00%,0.0009281280816752712,16.8,18,Cascaded,2027,16.8,18
D0,DC/OO/5/D,MEM,6.0,,DC,OO,5,D,MEM,,75.93,123,162,79.72,5.00%,0.007134984627878647,129.15,162,Cascaded,2027,129.15,162
D0,DC/OO/5/D,MFE,6.0,,DC,OO,5,D,MFE,,83.13,69,83,87.29,5.00%,0.004002552352224607,72.45,83,Cascaded,2027,72.45,83
D0,DC/OO/5/D,MFR,6.0,,DC,OO,5,D,MFR,,82.67,124,150,86.8,5.00%,0.007192992632983352,130.2,150,Cascaded,2027,130.20000000000002,150
D0,DC/OO/5/D,MKE,6.0,,DC,OO,5,D,MKE,,77.45,158,204,81.32,5.00%,0.009165264806543304,165.9,204,Cascaded,2027,165.9,204
D0,DC/OO/5/D,MOB,6.0,,DC,OO,5,D,MOB,,42.11,8,19,44.21,5.00%,0.0004640640408376356,8.4,19,Cascaded,2027,8.4,19
D0,DC/OO/5/D,MOT,6.0,,DC,OO,5,D,MOT,,75.0,84,112,78.75,5.00%,0.004872672428795174,88.2,112,Cascaded,2027,88.2,112
D0,DC/OO/5/D,MQT,6.0,,DC,OO,5,D,MQT,,80.39,41,51,84.41,5.00%,0.0023783282092928824,43.05,51,Cascaded,2027,43.050000000000004,51
D0,DC/OO/5/D,MSN,6.0,,DC,OO,5,D,MSN,,76.67,69,90,80.5,5.00%,0.004002552352224607,72.45,90,Cascaded,2027,72.45,90
D0,DC/OO/5/D,MSO,6.0,,DC,OO,5,D,MSO,,75.93,41,54,79.72,5.00%,0.0023783282092928824,43.05,54,Cascaded,2027,43.050000000000004,54
D0,DC/OO/5/D,MSP,6.0,,DC,OO,5,D,MSP,,74.19,1960,2642,77.9,5.00%,0.11369569000522071,2058.0,2642,Cascaded,2027,2058.0,2642
D0,DC/OO/5/D,MSY,6.0,,DC,OO,5,D,MSY,,70.0,21,30,73.5,5.00%,0.0012181681071987934,22.05,30,Cascaded,2027,22.05,30
D0,DC/OO/5/D,OAJ,6.0,,DC,OO,5,D,OAJ,,62.83,71,113,65.97,5.00%,0.0041185683624340155,74.55,113,Cascaded,2027,74.55,113
D0,DC/OO/5/D,OAK,6.0,,DC,OO,5,D,OAK,,85.56,77,90,89.83,5.00%,0.004466616393062243,80.85,90,Cascaded,2027,80.85000000000001,90
D0,DC/OO/5/D,OKC,6.0,,DC,OO,5,D,OKC,,78.95,75,95,82.89,5.00%,0.004350600382852834,78.75,95,Cascaded,2027,78.75,95
D0,DC/OO/5/D,OMA,6.0,,DC,OO,5,D,OMA,,80.85,228,282,84.89,5.00%,0.013225825163872615,239.4,282,Cascaded,2027,239.4,282
D0,DC/OO/5/D,ONT,6.0,,DC,OO,5,D,ONT,,86.0,129,150,90.3,5.00%,0.007483032658506874,135.45,150,Cascaded,2027,135.45000000000002,150
D0,DC/OO/5/D,ORD,6.0,,DC,OO,5,D,ORD,,58.73,74,126,61.67,5.00%,0.004292592377748129,77.7,126,Cascaded,2027,77.7,126
D0,DC/OO/5/D,ORF,6.0,,DC,OO,5,D,ORF,,100.0,1,1,105.0,5.00%,5.800800510470445e-05,1.05,1,Cascaded,2027,1.05,1
D0,DC/OO/5/D,PDX,6.0,,DC,OO,5,D,PDX,,77.03,171,222,80.88,5.00%,0.00991936887290446,179.55,222,Cascaded,2027,179.55,222
D0,DC/OO/5/D,PHL,6.0,,DC,OO,5,D,PHL,,60.0,3,5,63.0,5.00%,0.00017402401531411334,3.15,5,Cascaded,2027,3.1500000000000004,5
D0,DC/OO/5/D,PHX,6.0,,DC,OO,5,D,PHX,,75.0,108,144,78.75,5.00%,0.00626486455130808,113.4,144,Cascaded,2027,113.4,144
D0,DC/OO/5/D,PIH,6.0,,DC,OO,5,D,PIH,,98.08,51,52,102.98,5.00%,0.0029584082603399267,53.55,52,Cascaded,2027,53.550000000000004,52
D0,DC/OO/5/D,PIT,6.0,,DC,OO,5,D,PIT,,73.77,45,61,77.46,5.00%,0.0026103602297117,47.25,61,Cascaded,2027,47.25,61
D0,DC/OO/5/D,PLN,6.0,,DC,OO,5,D,PLN,,86.36,38,44,90.68,5.00%,0.002204304193978769,39.9,44,Cascaded,2027,39.9,44
D0,DC/OO/5/D,PSC,6.0,,DC,OO,5,D,PSC,,85.93,171,199,90.23,5.00%,0.00991936887290446,179.55,199,Cascaded,2027,179.55,199
D0,DC/OO/5/D,PSP,6.0,,DC,OO,5,D,PSP,,86.36,76,88,90.68,5.00%,0.004408608387957538,79.8,88,Cascaded,2027,79.8,88
D0,DC/OO/5/D,PVD,6.0,,DC,OO,5,D,PVD,,64.71,11,17,67.94,5.00%,0.0006380880561517489,11.55,17,Cascaded,2027,11.55,17
D0,DC/OO/5/D,PWM,6.0,,DC,OO,5,D,PWM,,84.0,21,25,88.2,5.00%,0.0012181681071987934,22.05,25,Cascaded,2027,22.05,25
D0,DC/OO/5/D,RAP,6.0,,DC,OO,5,D,RAP,,75.93,82,108,79.72,5.00%,0.004756656418585765,86.1,108,Cascaded,2027,86.10000000000001,108
D0,DC/OO/5/D,RDM,6.0,,DC,OO,5,D,RDM,,86.0,129,150,90.3,5.00%,0.007483032658506874,135.45,150,Cascaded,2027,135.45000000000002,150
D0,DC/OO/5/D,RHI,6.0,,DC,OO,5,D,RHI,,95.0,57,60,99.75,5.00%,0.003306456290968154,59.85,60,Cascaded,2027,59.85,60
D0,DC/OO/5/D,RIC,6.0,,DC,OO,5,D,RIC,,83.33,10,12,87.5,5.00%,0.0005800800510470445,10.5,12,Cascaded,2027,10.5,12
D0,DC/OO/5/D,RNO,6.0,,DC,OO,5,D,RNO,,84.46,125,148,88.68,5.00%,0.007251000638088056,131.25,148,Cascaded,2027,131.25,148
D0,DC/OO/5/D,ROA,6.0,,DC,OO,5,D,ROA,,33.33,3,9,35.0,5.00%,0.00017402401531411334,3.15,9,Cascaded,2027,3.1500000000000004,9
D0,DC/OO/5/D,ROC,6.0,,DC,OO,5,D,ROC,,50.0,1,2,52.5,5.00%,5.800800510470445e-05,1.05,2,Cascaded,2027,1.05,2
D0,DC/OO/5/D,RST,6.0,,DC,OO,5,D,RST,,80.28,57,71,84.3,5.00%,0.003306456290968154,59.85,71,Cascaded,2027,59.85,71
D0,DC/OO/5/D,SAN,6.0,,DC,OO,5,D,SAN,,75.69,109,144,79.48,5.00%,0.006322872556412785,114.45,144,Cascaded,2027,114.45,144
D0,DC/OO/5/D,SAV,6.0,,DC,OO,5,D,SAV,,26.92,7,26,28.27,5.00%,0.00040605603573293117,7.35,26,Cascaded,2027,7.3500000000000005,26
D0,DC/OO/5/D,SBA,6.0,,DC,OO,5,D,SBA,,84.44,76,90,88.67,5.00%,0.004408608387957538,79.8,90,Cascaded,2027,79.8,90
D0,DC/OO/5/D,SBN,6.0,,DC,OO,5,D,SBN,,60.92,106,174,63.97,5.00%,0.006148848541098671,111.3,174,Cascaded,2027,111.30000000000001,174
D0,DC/OO/5/D,SDF,6.0,,DC,OO,5,D,SDF,,69.85,139,199,73.34,5.00%,0.008063112709553918,145.95,199,Cascaded,2027,145.95000000000002,199
D0,DC/OO/5/D,SEA,6.0,,DC,OO,5,D,SEA,,79.4,1353,1704,83.37,5.00%,0.07848483090666512,1420.65,1704,Cascaded,2027,1420.65,1704
D0,DC/OO/5/D,SFO,6.0,,DC,OO,5,D,SFO,,32.2,19,59,33.81,5.00%,0.0011021520969893845,19.95,59,Cascaded,2027,19.95,59
D0,DC/OO/5/D,SGU,6.0,,DC,OO,5,D,SGU,,89.87,142,158,94.37,5.00%,0.008237136724868031,149.1,158,Cascaded,2027,149.1,158
D0,DC/OO/5/D,SHV,6.0,,DC,OO,5,D,SHV,,68.14,77,113,71.55,5.00%,0.004466616393062243,80.85,113,Cascaded,2027,80.85000000000001,113
D0,DC/OO/5/D,SJC,6.0,,DC,OO,5,D,SJC,,84.11,254,302,88.31,5.00%,0.01473403329659493,266.7,302,Cascaded,2027,266.7,302
D0,DC/OO/5/D,SLC,6.0,,DC,OO,5,D,SLC,,83.28,2176,2613,87.44,5.00%,0.12622541910783688,2284.8,2613,Cascaded,2027,2284.8,2613
D0,DC/OO/5/D,SMF,6.0,,DC,OO,5,D,SMF,,87.08,283,325,91.43,5.00%,0.01641626544463136,297.15,325,Cascaded,2027,297.15000000000003,325
D0,DC/OO/5/D,SNA,6.0,,DC,OO,5,D,SNA,,75.32,116,154,79.09,5.00%,0.0067289285921457165,121.8,154,Cascaded,2027,121.80000000000001,154
D0,DC/OO/5/D,STL,6.0,,DC,OO,5,D,STL,,85.29,29,34,89.56,5.00%,0.0016822321480364291,30.45,34,Cascaded,2027,30.450000000000003,34
D0,DC/OO/5/D,SUN,6.0,,DC,OO,5,D,SUN,,96.34,79,82,101.16,5.00%,0.004582632403271652,82.95,82,Cascaded,2027,82.95,82
D0,DC/OO/5/D,SYR,6.0,,DC,OO,5,D,SYR,,86.96,20,23,91.3,5.00%,0.001160160102094089,21.0,23,Cascaded,2027,21.0,23
D0,DC/OO/5/D,TUL,6.0,,DC,OO,5,D,TUL,,80.0,24,30,84.0,5.00%,0.0013921921225129067,25.2,30,Cascaded,2027,25.200000000000003,30
D0,DC/OO/5/D,TUS,6.0,,DC,OO,5,D,TUS,,87.25,178,204,91.62,5.00%,0.010325424908637392,186.9,204,Cascaded,2027,186.9,204
D0,DC/OO/5/D,TVC,6.0,,DC,OO,5,D,TVC,,80.0,16,20,84.0,5.00%,0.0009281280816752712,16.8,20,Cascaded,2027,16.8,20
D0,DC/OO/5/D,TWF,6.0,,DC,OO,5,D,TWF,,95.12,78,82,99.88,5.00%,0.004524624398166947,81.9,82,Cascaded,2027,81.9,82
D0,DC/OO/5/D,WYS,6.0,,DC,OO,5,D,WYS,,81.82,9,11,85.91,5.00%,0.00052207204594234,9.45,11,Cascaded,2027,9.450000000000001,11
D0,DC/OO/5/D,XNA,6.0,,DC,OO,5,D,XNA,,70.59,96,136,74.12,5.00%,0.005568768490051627,100.8,136,Cascaded,2027,100.80000000000001,136
D0,DC/OO/5/D,XWA,6.0,,DC,OO,5,D,XWA,,88.89,72,81,93.33,5.00%,0.00417657636753872,75.6,81,Cascaded,2027,75.60000000000001,81
D0,DC/OO/5/I,ATL,6.0,,DC,OO,5,I,ATL,,53.57,15,28,56.25,5.00%,0.017899761336515514,15.75,28,Cascaded,2027,15.750000000000002,28
D0,DC/OO/5/I,DTW,6.0,,DC,OO,5,I,DTW,,83.33,5,6,87.5,5.00%,0.0059665871121718375,5.25,6,Cascaded,2027,5.250000000000001,6
D0,DC/OO/5/I,ELH,6.0,,DC,OO,5,I,ELH,,38.46,5,13,40.38,5.00%,0.0059665871121718375,5.25,13,Cascaded,2027,5.250000000000001,13
D0,DC/OO/5/I,MHH,6.0,,DC,OO,5,I,MHH,,50.0,7,14,52.5,5.00%,0.008353221957040573,7.35,14,Cascaded,2027,7.3500000000000005,14
D0,DC/OO/5/I,MSP,6.0,,DC,OO,5,I,MSP,,68.91,133,193,72.36,5.00%,0.15871121718377088,139.65,193,Cascaded,2027,139.65,193
D0,DC/OO/5/I,SEA,6.0,,DC,OO,5,I,SEA,,78.33,141,180,82.25,5.00%,0.16825775656324582,148.05,180,Cascaded,2027,148.05,180
D0,DC/OO/5/I,SLC,6.0,,DC,OO,5,I,SLC,,71.67,86,120,75.25,5.00%,0.1026252983293556,90.3,120,Cascaded,2027,90.30000000000001,120
D0,DC/OO/5/I,YUL,6.0,,DC,OO,5,I,YUL,,100.0,1,1,105.0,5.00%,0.0011933174224343676,1.05,1,Cascaded,2027,1.05,1
D0,DC/OO/5/I,YVR,6.0,,DC,OO,5,I,YVR,,91.67,220,240,96.25,5.00%,0.26252983293556087,231.0,240,Cascaded,2027,231.00000000000003,240
D0,DC/OO/5/I,YWG,6.0,,DC,OO,5,I,YWG,,92.11,105,114,96.71,5.00%,0.12529832935560858,110.25,114,Cascaded,2027,110.25000000000001,114
D0,DC/OO/5/I,YYC,6.0,,DC,OO,5,I,YYC,,93.33,56,60,98.0,5.00%,0.06682577565632458,58.8,60,Cascaded,2027,58.800000000000004,60
D0,DC/OO/5/I,YYZ,6.0,,DC,OO,5,I,YYZ,,77.11,64,83,80.96,5.00%,0.07637231503579953,67.2,83,Cascaded,2027,67.2,83
D0,DC/OO/6/D,ABQ,6.0,,DC,OO,6,D,ABQ,,83.92,167,199,88.12,5.00%,0.010105288636088589,175.35,199,Cascaded,2027,175.35,199
D0,DC/OO/6/D,ABR,6.0,,DC,OO,6,D,ABR,,91.53,54,59,96.1,5.00%,0.0032675783613699623,56.7,59,Cascaded,2027,56.699999999999996,59
D0,DC/OO/6/D,ABY,6.0,,DC,OO,6,D,ABY,,77.78,63,81,81.67,5.00%,0.003812174754931623,66.15,81,Cascaded,2027,66.14999999999999,81
D0,DC/OO/6/D,AEX,6.0,,DC,OO,6,D,AEX,,50.0,9,18,52.5,5.00%,0.0005445963935616604,9.45,18,Cascaded,2027,9.45,18
D0,DC/OO/6/D,AGS,6.0,,DC,OO,6,D,AGS,,65.38,17,26,68.65,5.00%,0.0010286820767275808,17.85,26,Cascaded,2027,17.849999999999998,26
D0,DC/OO/6/D,ALB,6.0,,DC,OO,6,D,ALB,,74.07,40,54,77.78,5.00%,0.0024204284158296017,42.0,54,Cascaded,2027,42.0,54
D0,DC/OO/6/D,APN,6.0,,DC,OO,6,D,APN,,82.69,43,52,86.83,5.00%,0.002601960547016822,45.15,52,Cascaded,2027,45.15,52
D0,DC/OO/6/D,ASE,6.0,,DC,OO,6,D,ASE,,49.06,26,53,51.51,5.00%,0.0015732784702892411,27.3,53,Cascaded,2027,27.299999999999997,53
D0,DC/OO/6/D,ATL,6.0,,DC,OO,6,D,ATL,,57.44,390,679,60.31,5.00%,0.02359917705433862,409.5,679,Cascaded,2027,409.5,679
D0,DC/OO/6/D,ATW,6.0,,DC,OO,6,D,ATW,,71.91,128,178,75.51,5.00%,0.007745370930654726,134.4,178,Cascaded,2027,134.4,178
D0,DC/OO/6/D,AUS,6.0,,DC,OO,6,D,AUS,,58.59,283,483,61.52,5.00%,0.017124531041994434,297.15,483,Cascaded,2027,297.15,483
D0,DC/OO/6/D,AZO,6.0,,DC,OO,6,D,AZO,,72.09,62,86,75.7,5.00%,0.003751664044535883,65.1,86,Cascaded,2027,65.1,86
D0,DC/OO/6/D,BGM,6.0,,DC,OO,6,D,BGM,,70.0,21,30,73.5,5.00%,0.0012707249183105409,22.05,30,Cascaded,2027,22.049999999999997,30
D0,DC/OO/6/D,BHM,6.0,,DC,OO,6,D,BHM,,53.85,14,26,56.54,5.00%,0.0008471499455403607,14.7,26,Cascaded,2027,14.7,26
D0,DC/OO/6/D,BIL,6.0,,DC,OO,6,D,BIL,,96.67,58,60,101.5,5.00%,0.003509621202952923,60.9,60,Cascaded,2027,60.9,60
D0,DC/OO/6/D,BIS,6.0,,DC,OO,6,D,BIS,,68.12,47,69,71.52,5.00%,0.002844003388599782,49.35,69,Cascaded,2027,49.349999999999994,69
D0,DC/OO/6/D,BJI,6.0,,DC,OO,6,D,BJI,,91.23,52,57,95.79,5.00%,0.0031465569405784823,54.6,57,Cascaded,2027,54.599999999999994,57
D0,DC/OO/6/D,BMI,6.0,,DC,OO,6,D,BMI,,100.0,4,4,105.0,5.00%,0.00024204284158296018,4.2,4,Cascaded,2027,4.2,4
D0,DC/OO/6/D,BNA,6.0,,DC,OO,6,D,BNA,,77.98,85,109,81.88,5.00%,0.005143410383637904,89.25,109,Cascaded,2027,89.25,109
D0,DC/OO/6/D,BOI,6.0,,DC,OO,6,D,BOI,,81.4,232,285,85.47,5.00%,0.014038484811811691,243.6,285,Cascaded,2027,243.6,285
D0,DC/OO/6/D,BRD,6.0,,DC,OO,6,D,BRD,,82.69,43,52,86.83,5.00%,0.002601960547016822,45.15,52,Cascaded,2027,45.15,52
D0,DC/OO/6/D,BTM,6.0,,DC,OO,6,D,BTM,,96.67,29,30,101.5,5.00%,0.0017548106014764614,30.45,30,Cascaded,2027,30.45,30
D0,DC/OO/6/D,BTR,6.0,,DC,OO,6,D,BTR,,33.33,1,3,35.0,5.00%,6.0510710395740045e-05,1.05,3,Cascaded,2027,1.05,3
D0,DC/OO/6/D,BTV,6.0,,DC,OO,6,D,BTV,,64.29,9,14,67.5,5.00%,0.0005445963935616604,9.45,14,Cascaded,2027,9.45,14
D0,DC/OO/6/D,BUF,6.0,,DC,OO,6,D,BUF,,50.0,5,10,52.5,5.00%,0.0003025535519787002,5.25,10,Cascaded,2027,5.25,10
D0,DC/OO/6/D,BUR,6.0,,DC,OO,6,D,BUR,,77.91,67,86,81.8,5.00%,0.004054217596514583,70.35,86,Cascaded,2027,70.35,86
D0,DC/OO/6/D,BZN,6.0,,DC,OO,6,D,BZN,,89.83,53,59,94.32,5.00%,0.0032070676509742225,55.65,59,Cascaded,2027,55.65,59
D0,DC/OO/6/D,CDC,6.0,,DC,OO,6,D,CDC,,96.15,50,52,100.96,5.00%,0.0030255355197870023,52.5,52,Cascaded,2027,52.5,52
D0,DC/OO/6/D,CHS,6.0,,DC,OO,6,D,CHS,,61.11,33,54,64.17,5.00%,0.0019968534430594214,34.65,54,Cascaded,2027,34.65,54
D0,DC/OO/6/D,CID,6.0,,DC,OO,6,D,CID,,100.0,5,5,105.0,5.00%,0.0003025535519787002,5.25,5,Cascaded,2027,5.25,5
D0,DC/OO/6/D,CIU,6.0,,DC,OO,6,D,CIU,,88.33,53,60,92.75,5.00%,0.0032070676509742225,55.65,60,Cascaded,2027,55.65,60
D0,DC/OO/6/D,CLE,6.0,,DC,OO,6,D,CLE,,58.82,40,68,61.76,5.00%,0.0024204284158296017,42.0,68,Cascaded,2027,42.0,68
D0,DC/OO/6/D,CMH,6.0,,DC,OO,6,D,CMH,,64.52,40,62,67.74,5.00%,0.0024204284158296017,42.0,62,Cascaded,2027,42.0,62
D0,DC/OO/6/D,COS,6.0,,DC,OO,6,D,COS,,90.0,27,30,94.5,5.00%,0.0016337891806849812,28.35,30,Cascaded,2027,28.349999999999998,30
D0,DC/OO/6/D,CRW,6.0,,DC,OO,6,D,CRW,,45.0,9,20,47.25,5.00%,0.0005445963935616604,9.45,20,Cascaded,2027,9.45,20
D0,DC/OO/6/D,CVG,6.0,,DC,OO,6,D,CVG,,57.14,4,7,60.0,5.00%,0.00024204284158296018,4.2,7,Cascaded,2027,4.2,7
D0,DC/OO/6/D,DHN,6.0,,DC,OO,6,D,DHN,,33.33,6,18,35.0,5.00%,0.0003630642623744403,6.3,18,Cascaded,2027,6.3,18
D0,DC/OO/6/D,DLH,6.0,,DC,OO,6,D,DLH,,75.29,64,85,79.06,5.00%,0.003872685465327363,67.2,85,Cascaded,2027,67.2,85
D0,DC/OO/6/D,DSM,6.0,,DC,OO,6,D,DSM,,0.0,0,1,0.0,0.00%,0.0,0.0,1,Cascaded,2027,0.0,1
D0,DC/OO/6/D,DTW,6.0,,DC,OO,6,D,DTW,,63.08,1406,2229,66.23,5.00%,0.0850780588164105,1476.3,2229,Cascaded,2027,1476.3,2229
D0,DC/OO/6/D,ECP,6.0,,DC,OO,6,D,ECP,,30.0,9,30,31.5,5.00%,0.0005445963935616604,9.45,30,Cascaded,2027,9.45,30
D0,DC/OO/6/D,EKO,6.0,,DC,OO,6,D,EKO,,93.75,45,48,98.44,5.00%,0.002722981967808302,47.25,48,Cascaded,2027,47.25,48
D0,DC/OO/6/D,ELM,6.0,,DC,OO,6,D,ELM,,80.77,63,78,84.81,5.00%,0.003812174754931623,66.15,78,Cascaded,2027,66.14999999999999,78
D0,DC/OO/6/D,ESC,6.0,,DC,OO,6,D,ESC,,88.46,46,52,92.88,5.00%,0.0027834926782040422,48.3,52,Cascaded,2027,48.3,52
D0,DC/OO/6/D,EUG,6.0,,DC,OO,6,D,EUG,,83.22,124,149,87.38,5.00%,0.007503328089071766,130.2,149,Cascaded,2027,130.2,149
D0,DC/OO/6/D,FAR,6.0,,DC,OO,6,D,FAR,,76.92,40,52,80.77,5.00%,0.0024204284158296017,42.0,52,Cascaded,2027,42.0,52
D0,DC/OO/6/D,FAT,6.0,,DC,OO,6,D,FAT,,86.55,103,119,90.88,5.00%,0.006232603170761224,108.15,119,Cascaded,2027,108.14999999999999,119
D0,DC/OO/6/D,FAY,6.0,,DC,OO,6,D,FAY,,100.0,1,1,105.0,5.00%,6.0510710395740045e-05,1.05,1,Cascaded,2027,1.05,1
D0,DC/OO/6/D,FCA,6.0,,DC,OO,6,D,FCA,,84.88,73,86,89.13,5.00%,0.004417281858889024,76.65,86,Cascaded,2027,76.64999999999999,86
D0,DC/OO/6/D,FSD,6.0,,DC,OO,6,D,FSD,,69.66,62,89,73.15,5.00%,0.003751664044535883,65.1,89,Cascaded,2027,65.1,89
D0,DC/OO/6/D,FWA,6.0,,DC,OO,6,D,FWA,,75.74,128,169,79.53,5.00%,0.007745370930654726,134.4,169,Cascaded,2027,134.4,169
D0,DC/OO/6/D,GEG,6.0,,DC,OO,6,D,GEG,,87.5,280,320,91.88,5.00%,0.01694299891080721,294.0,320,Cascaded,2027,294.0,320
D0,DC/OO/6/D,GFK,6.0,,DC,OO,6,D,GFK,,81.54,53,65,85.62,5.00%,0.0032070676509742225,55.65,65,Cascaded,2027,55.65,65
D0,DC/OO/6/D,GJT,6.0,,DC,OO,6,D,GJT,,84.91,45,53,89.15,5.00%,0.002722981967808302,47.25,53,Cascaded,2027,47.25,53
D0,DC/OO/6/D,GRB,6.0,,DC,OO,6,D,GRB,,76.61,95,124,80.44,5.00%,0.005748517487595304,99.75,124,Cascaded,2027,99.75,124
D0,DC/OO/6/D,GRR,6.0,,DC,OO,6,D,GRR,,70.2,106,151,73.71,5.00%,0.006414135301948445,111.3,151,Cascaded,2027,111.3,151
D0,DC/OO/6/D,GSO,6.0,,DC,OO,6,D,GSO,,100.0,2,2,105.0,5.00%,0.00012102142079148009,2.1,2,Cascaded,2027,2.1,2
D0,DC/OO/6/D,GSP,6.0,,DC,OO,6,D,GSP,,52.27,23,44,54.89,5.00%,0.0013917463391020211,24.15,44,Cascaded,2027,24.15,44
D0,DC/OO/6/D,GTF,6.0,,DC,OO,6,D,GTF,,89.17,107,120,93.62,5.00%,0.006474646012344185,112.35,120,Cascaded,2027,112.35,120
D0,DC/OO/6/D,HIB,6.0,,DC,OO,6,D,HIB,,90.38,47,52,94.9,5.00%,0.002844003388599782,49.35,52,Cascaded,2027,49.349999999999994,52
D0,DC/OO/6/D,HLN,6.0,,DC,OO,6,D,HLN,,96.67,58,60,101.5,5.00%,0.003509621202952923,60.9,60,Cascaded,2027,60.9,60
D0,DC/OO/6/D,HPN,6.0,,DC,OO,6,D,HPN,,77.14,27,35,81.0,5.00%,0.0016337891806849812,28.35,35,Cascaded,2027,28.349999999999998,35
D0,DC/OO/6/D,HRL,6.0,,DC,OO,6,D,HRL,,100.0,7,7,105.0,5.00%,0.00042357497277018035,7.35,7,Cascaded,2027,7.35,7
D0,DC/OO/6/D,IAD,6.0,,DC,OO,6,D,IAD,,62.29,109,175,65.4,5.00%,0.006595667433135665,114.45,175,Cascaded,2027,114.44999999999999,175
D0,DC/OO/6/D,ICT,6.0,,DC,OO,6,D,ICT,,60.47,26,43,63.49,5.00%,0.0015732784702892411,27.3,43,Cascaded,2027,27.299999999999997,43
D0,DC/OO/6/D,IDA,6.0,,DC,OO,6,D,IDA,,95.0,76,80,99.75,5.00%,0.004598813990076243,79.8,80,Cascaded,2027,79.8,80
D0,DC/OO/6/D,IMT,6.0,,DC,OO,6,D,IMT,,81.67,49,60,85.75,5.00%,0.002965024809391262,51.45,60,Cascaded,2027,51.449999999999996,60
D0,DC/OO/6/D,IND,6.0,,DC,OO,6,D,IND,,68.52,37,54,71.94,5.00%,0.002238896284642382,38.85,54,Cascaded,2027,38.85,54
D0,DC/OO/6/D,INL,6.0,,DC,OO,6,D,INL,,96.23,51,53,101.04,5.00%,0.0030860462301827425,53.55,53,Cascaded,2027,53.55,53
D0,DC/OO/6/D,JAC,6.0,,DC,OO,6,D,JAC,,89.04,65,73,93.49,5.00%,0.003933196175723103,68.25,73,Cascaded,2027,68.25,73
D0,DC/OO/6/D,JAX,6.0,,DC,OO,6,D,JAX,,72.41,21,29,76.03,5.00%,0.0012707249183105409,22.05,29,Cascaded,2027,22.049999999999997,29
D0,DC/OO/6/D,LAN,6.0,,DC,OO,6,D,LAN,,71.43,60,84,75.0,5.00%,0.003630642623744403,63.0,84,Cascaded,2027,63.0,84
D0,DC/OO/6/D,LAS,6.0,,DC,OO,6,D,LAS,,72.39,215,297,76.01,5.00%,0.013009802735084109,225.75,297,Cascaded,2027,225.75,297
D0,DC/OO/6/D,LAX,6.0,,DC,OO,6,D,LAX,,76.68,776,1012,80.51,5.00%,0.04695631126709428,814.8,1012,Cascaded,2027,814.8,1012
D0,DC/OO/6/D,LEX,6.0,,DC,OO,6,D,LEX,,89.66,26,29,94.14,5.00%,0.0015732784702892411,27.3,29,Cascaded,2027,27.299999999999997,29
D0,DC/OO/6/D,LFT,6.0,,DC,OO,6,D,LFT,,48.57,17,35,51.0,5.00%,0.0010286820767275808,17.85,35,Cascaded,2027,17.849999999999998,35
D0,DC/OO/6/D,LGA,6.0,,DC,OO,6,D,LGA,,55.17,64,116,57.93,5.00%,0.003872685465327363,67.2,116,Cascaded,2027,67.2,116
D0,DC/OO/6/D,LGB,6.0,,DC,OO,6,D,LGB,,90.0,54,60,94.5,5.00%,0.0032675783613699623,56.7,60,Cascaded,2027,56.699999999999996,60
D0,DC/OO/6/D,LWS,6.0,,DC,OO,6,D,LWS,,83.33,50,60,87.5,5.00%,0.0030255355197870023,52.5,60,Cascaded,2027,52.5,60
D0,DC/OO/6/D,MAF,6.0,,DC,OO,6,D,MAF,,65.38,51,78,68.65,5.00%,0.0030860462301827425,53.55,78,Cascaded,2027,53.55,78
D0,DC/OO/6/D,MBS,6.0,,DC,OO,6,D,MBS,,74.34,84,113,78.05,5.00%,0.0050828996732421635,88.2,113,Cascaded,2027,88.19999999999999,113
D0,DC/OO/6/D,MCI,6.0,,DC,OO,6,D,MCI,,85.19,23,27,89.44,5.00%,0.0013917463391020211,24.15,27,Cascaded,2027,24.15,27
D0,DC/OO/6/D,MDT,6.0,,DC,OO,6,D,MDT,,71.43,10,14,75.0,5.00%,0.0006051071039574004,10.5,14,Cascaded,2027,10.5,14
D0,DC/OO/6/D,MDW,6.0,,DC,OO,6,D,MDW,,69.08,105,152,72.53,5.00%,0.006353624591552705,110.25,152,Cascaded,2027,110.25,152
D0,DC/OO/6/D,MEM,6.0,,DC,OO,6,D,MEM,,64.56,102,158,67.78,5.00%,0.006172092460365485,107.1,158,Cascaded,2027,107.1,158
D0,DC/OO/6/D,MFE,6.0,,DC,OO,6,D,MFE,,72.62,61,84,76.25,5.00%,0.0036911533341401426,64.05,84,Cascaded,2027,64.05,84
D0,DC/OO/6/D,MFR,6.0,,DC,OO,6,D,MFR,,86.0,129,150,90.3,5.00%,0.007805881641050466,135.45,150,Cascaded,2027,135.45,150
D0,DC/OO/6/D,MGM,6.0,,DC,OO,6,D,MGM,,56.16,41,73,58.97,5.00%,0.002480939126225342,43.05,73,Cascaded,2027,43.05,73
D0,DC/OO/6/D,MKE,6.0,,DC,OO,6,D,MKE,,71.11,64,90,74.67,5.00%,0.003872685465327363,67.2,90,Cascaded,2027,67.2,90
D0,DC/OO/6/D,MOB,6.0,,DC,OO,6,D,MOB,,100.0,1,1,105.0,5.00%,6.0510710395740045e-05,1.05,1,Cascaded,2027,1.05,1
D0,DC/OO/6/D,MOT,6.0,,DC,OO,6,D,MOT,,67.74,63,93,71.13,5.00%,0.003812174754931623,66.15,93,Cascaded,2027,66.14999999999999,93
D0,DC/OO/6/D,MQT,6.0,,DC,OO,6,D,MQT,,90.0,54,60,94.5,5.00%,0.0032675783613699623,56.7,60,Cascaded,2027,56.699999999999996,60
D0,DC/OO/6/D,MSN,6.0,,DC,OO,6,D,MSN,,74.47,105,141,78.19,5.00%,0.006353624591552705,110.25,141,Cascaded,2027,110.25,141
D0,DC/OO/6/D,MSO,6.0,,DC,OO,6,D,MSO,,88.14,52,59,92.54,5.00%,0.0031465569405784823,54.6,59,Cascaded,2027,54.599999999999994,59
D0,DC/OO/6/D,MSP,6.0,,DC,OO,6,D,MSP,,71.66,1530,2135,75.25,5.00%,0.09258138690548227,1606.5,2135,Cascaded,2027,1606.5,2135
D0,DC/OO/6/D,MSY,6.0,,DC,OO,6,D,MSY,,72.88,43,59,76.53,5.00%,0.002601960547016822,45.15,59,Cascaded,2027,45.15,59
D0,DC/OO/6/D,OAK,6.0,,DC,OO,6,D,OAK,,90.36,75,83,94.88,5.00%,0.004538303279680503,78.75,83,Cascaded,2027,78.75,83
D0,DC/OO/6/D,OKC,6.0,,DC,OO,6,D,OKC,,85.0,102,120,89.25,5.00%,0.006172092460365485,107.1,120,Cascaded,2027,107.1,120
D0,DC/OO/6/D,OMA,6.0,,DC,OO,6,D,OMA,,71.68,200,279,75.27,5.00%,0.012102142079148009,210.0,279,Cascaded,2027,210.0,279
D0,DC/OO/6/D,ONT,6.0,,DC,OO,6,D,ONT,,84.14,122,145,88.34,5.00%,0.007382306668280285,128.1,145,Cascaded,2027,128.1,145
D0,DC/OO/6/D,ORD,6.0,,DC,OO,6,D,ORD,,66.67,2,3,70.0,5.00%,0.00012102142079148009,2.1,3,Cascaded,2027,2.1,3
D0,DC/OO/6/D,ORF,6.0,,DC,OO,6,D,ORF,,42.86,6,14,45.0,5.00%,0.0003630642623744403,6.3,14,Cascaded,2027,6.3,14
D0,DC/OO/6/D,PDX,6.0,,DC,OO,6,D,PDX,,71.57,146,204,75.15,5.00%,0.008834563717778047,153.3,204,Cascaded,2027,153.29999999999998,204
D0,DC/OO/6/D,PHL,6.0,,DC,OO,6,D,PHL,,50.0,1,2,52.5,5.00%,6.0510710395740045e-05,1.05,2,Cascaded,2027,1.05,2
D0,DC/OO/6/D,PHX,6.0,,DC,OO,6,D,PHX,,77.24,112,145,81.1,5.00%,0.0067771995643228855,117.6,145,Cascaded,2027,117.6,145
D0,DC/OO/6/D,PIH,6.0,,DC,OO,6,D,PIH,,91.67,55,60,96.25,5.00%,0.0033280890717657025,57.75,60,Cascaded,2027,57.75,60
D0,DC/OO/6/D,PIT,6.0,,DC,OO,6,D,PIT,,53.77,57,106,56.46,5.00%,0.0034491104925571826,59.85,106,Cascaded,2027,59.849999999999994,106
D0,DC/OO/6/D,PLN,6.0,,DC,OO,6,D,PLN,,83.33,50,60,87.5,5.00%,0.0030255355197870023,52.5,60,Cascaded,2027,52.5,60
D0,DC/OO/6/D,PSC,6.0,,DC,OO,6,D,PSC,,87.71,157,179,92.09,5.00%,0.009500181532131188,164.85,179,Cascaded,2027,164.85,179
D0,DC/OO/6/D,PSP,6.0,,DC,OO,6,D,PSP,,93.33,84,90,98.0,5.00%,0.0050828996732421635,88.2,90,Cascaded,2027,88.19999999999999,90
D0,DC/OO/6/D,PVD,6.0,,DC,OO,6,D,PVD,,58.62,17,29,61.55,5.00%,0.0010286820767275808,17.85,29,Cascaded,2027,17.849999999999998,29
D0,DC/OO/6/D,RAP,6.0,,DC,OO,6,D,RAP,,71.43,30,42,75.0,5.00%,0.0018153213118722014,31.5,42,Cascaded,2027,31.5,42
D0,DC/OO/6/D,RDM,6.0,,DC,OO,6,D,RDM,,80.67,121,150,84.7,5.00%,0.007321795957884546,127.05,150,Cascaded,2027,127.05,150
D0,DC/OO/6/D,RHI,6.0,,DC,OO,6,D,RHI,,93.33,56,60,98.0,5.00%,0.0033885997821614428,58.8,60,Cascaded,2027,58.8,60
D0,DC/OO/6/D,RIC,6.0,,DC,OO,6,D,RIC,,54.35,25,46,57.07,5.00%,0.0015127677598935011,26.25,46,Cascaded,2027,26.25,46
D0,DC/OO/6/D,RNO,6.0,,DC,OO,6,D,RNO,,75.0,90,120,78.75,5.00%,0.005445963935616604,94.5,120,Cascaded,2027,94.5,120
D0,DC/OO/6/D,ROC,6.0,,DC,OO,6,D,ROC,,50.82,31,61,53.36,5.00%,0.0018758320222679414,32.55,61,Cascaded,2027,32.55,61
D0,DC/OO/6/D,RST,6.0,,DC,OO,6,D,RST,,60.53,23,38,63.55,5.00%,0.0013917463391020211,24.15,38,Cascaded,2027,24.15,38
D0,DC/OO/6/D,SAN,6.0,,DC,OO,6,D,SAN,,72.46,150,207,76.09,5.00%,0.009076606559361006,157.5,207,Cascaded,2027,157.5,207
D0,DC/OO/6/D,SAT,6.0,,DC,OO,6,D,SAT,,100.0,1,1,105.0,5.00%,6.0510710395740045e-05,1.05,1,Cascaded,2027,1.05,1
D0,DC/OO/6/D,SAV,6.0,,DC,OO,6,D,SAV,,34.48,10,29,36.21,5.00%,0.0006051071039574004,10.5,29,Cascaded,2027,10.5,29
D0,DC/OO/6/D,SBA,6.0,,DC,OO,6,D,SBA,,74.7,62,83,78.43,5.00%,0.003751664044535883,65.1,83,Cascaded,2027,65.1,83
D0,DC/OO/6/D,SBN,6.0,,DC,OO,6,D,SBN,,62.72,106,169,65.86,5.00%,0.006414135301948445,111.3,169,Cascaded,2027,111.3,169
D0,DC/OO/6/D,SDF,6.0,,DC,OO,6,D,SDF,,68.45,141,206,71.87,5.00%,0.008532010165799346,148.05,206,Cascaded,2027,148.04999999999998,206
D0,DC/OO/6/D,SEA,6.0,,DC,OO,6,D,SEA,,76.16,1214,1594,79.97,5.00%,0.07346000242042841,1274.7,1594,Cascaded,2027,1274.7,1594
D0,DC/OO/6/D,SFO,6.0,,DC,OO,6,D,SFO,,71.43,65,91,75.0,5.00%,0.003933196175723103,68.25,91,Cascaded,2027,68.25,91
D0,DC/OO/6/D,SGF,6.0,,DC,OO,6,D,SGF,,68.89,31,45,72.33,5.00%,0.0018758320222679414,32.55,45,Cascaded,2027,32.55,45
D0,DC/OO/6/D,SGU,6.0,,DC,OO,6,D,SGU,,91.54,119,130,96.12,5.00%,0.007200774537093065,124.95,130,Cascaded,2027,124.94999999999999,130
D0,DC/OO/6/D,SHV,6.0,,DC,OO,6,D,SHV,,60.5,72,119,63.53,5.00%,0.004356771148493283,75.6,119,Cascaded,2027,75.6,119
D0,DC/OO/6/D,SJC,6.0,,DC,OO,6,D,SJC,,83.5,339,406,87.67,5.00%,0.020513130824155876,355.95,406,Cascaded,2027,355.95,406
D0,DC/OO/6/D,SLC,6.0,,DC,OO,6,D,SLC,,84.81,2205,2600,89.05,5.00%,0.1334261164226068,2315.25,2600,Cascaded,2027,2315.25,2600
D0,DC/OO/6/D,SMF,6.0,,DC,OO,6,D,SMF,,79.1,299,378,83.06,5.00%,0.018092702408326274,313.95,378,Cascaded,2027,313.95,378
D0,DC/OO/6/D,SNA,6.0,,DC,OO,6,D,SNA,,63.91,108,169,67.1,5.00%,0.006535156722739925,113.4,169,Cascaded,2027,113.39999999999999,169
D0,DC/OO/6/D,STL,6.0,,DC,OO,6,D,STL,,50.0,3,6,52.5,5.00%,0.00018153213118722014,3.15,6,Cascaded,2027,3.15,6
D0,DC/OO/6/D,SUN,6.0,,DC,OO,6,D,SUN,,94.44,85,90,99.17,5.00%,0.005143410383637904,89.25,90,Cascaded,2027,89.25,90
D0,DC/OO/6/D,SYR,6.0,,DC,OO,6,D,SYR,,88.89,24,27,93.33,5.00%,0.0014522570494977611,25.2,27,Cascaded,2027,25.2,27
D0,DC/OO/6/D,TRI,6.0,,DC,OO,6,D,TRI,,47.62,10,21,50.0,5.00%,0.0006051071039574004,10.5,21,Cascaded,2027,10.5,21
D0,DC/OO/6/D,TUL,6.0,,DC,OO,6,D,TUL,,66.67,40,60,70.0,5.00%,0.0024204284158296017,42.0,60,Cascaded,2027,42.0,60
D0,DC/OO/6/D,TUS,6.0,,DC,OO,6,D,TUS,,82.18,166,202,86.29,5.00%,0.010044777925692848,174.3,202,Cascaded,2027,174.29999999999998,202
D0,DC/OO/6/D,TVC,6.0,,DC,OO,6,D,TVC,,59.63,65,109,62.61,5.00%,0.003933196175723103,68.25,109,Cascaded,2027,68.25,109
D0,DC/OO/6/D,TWF,6.0,,DC,OO,6,D,TWF,,96.67,58,60,101.5,5.00%,0.003509621202952923,60.9,60,Cascaded,2027,60.9,60
D0,DC/OO/6/D,WYS,6.0,,DC,OO,6,D,WYS,,87.1,27,31,91.45,5.00%,0.0016337891806849812,28.35,31,Cascaded,2027,28.349999999999998,31
D0,DC/OO/6/D,XNA,6.0,,DC,OO,6,D,XNA,,61.76,21,34,64.85,5.00%,0.0012707249183105409,22.05,34,Cascaded,2027,22.049999999999997,34
D0,DC/OO/6/D,XWA,6.0,,DC,OO,6,D,XWA,,76.67,46,60,80.5,5.00%,0.0027834926782040422,48.3,60,Cascaded,2027,48.3,60
D0,DC/OO/6/I,DTW,6.0,,DC,OO,6,I,DTW,,52.54,31,59,55.17,5.00%,0.040051679586563305,32.55,59,Cascaded,2027,32.550000000000004,59
D0,DC/OO/6/I,MSP,6.0,,DC,OO,6,I,MSP,,58.97,69,117,61.92,5.00%,0.08914728682170543,72.45,117,Cascaded,2027,72.45,117
D0,DC/OO/6/I,SEA,6.0,,DC,OO,6,I,SEA,,63.81,134,210,67.0,5.00%,0.1731266149870801,140.7,210,Cascaded,2027,140.70000000000002,210
D0,DC/OO/6/I,SLC,6.0,,DC,OO,6,I,SLC,,73.15,109,149,76.81,5.00%,0.14082687338501293,114.45,149,Cascaded,2027,114.45,149
D0,DC/OO/6/I,YUL,6.0,,DC,OO,6,I,YUL,,78.85,41,52,82.79,5.00%,0.05297157622739018,43.05,52,Cascaded,2027,43.050000000000004,52
D0,DC/OO/6/I,YVR,6.0,,DC,OO,6,I,YVR,,78.26,234,299,82.17,5.00%,0.3023255813953488,245.7,299,Cascaded,2027,245.70000000000002,299
D0,DC/OO/6/I,YWG,6.0,,DC,OO,6,I,YWG,,84.62,99,117,88.85,5.00%,0.12790697674418605,103.95,117,Cascaded,2027,103.95,117
D0,DC/OO/6/I,YYC,6.0,,DC,OO,6,I,YYC,,91.67,55,60,96.25,5.00%,0.0710594315245478,57.75,60,Cascaded,2027,57.75,60
D0,DC/OO/6/I,YYZ,6.0,,DC,OO,6,I,YYZ,,33.33,2,6,35.0,5.00%,0.002583979328165375,2.1,6,Cascaded,2027,2.1,6
D0,DC/OO/7/D,ABQ,6.0,,DC,OO,7,D,ABQ,,87.68,178,203,92.07,5.00%,0.010697115384615385,186.9,203,Cascaded,2027,186.9,203
D0,DC/OO/7/D,ABR,6.0,,DC,OO,7,D,ABR,,79.03,49,62,82.98,5.00%,0.0029447115384615384,51.45,62,Cascaded,2027,51.45,62
D0,DC/OO/7/D,ABY,6.0,,DC,OO,7,D,ABY,,70.45,62,88,73.98,5.00%,0.0037259615384615387,65.1,88,Cascaded,2027,65.1,88
D0,DC/OO/7/D,AGS,6.0,,DC,OO,7,D,AGS,,78.26,18,23,82.17,5.00%,0.0010817307692307693,18.9,23,Cascaded,2027,18.9,23
D0,DC/OO/7/D,ALB,6.0,,DC,OO,7,D,ALB,,69.64,39,56,73.12,5.00%,0.00234375,40.95,56,Cascaded,2027,40.95,56
D0,DC/OO/7/D,APN,6.0,,DC,OO,7,D,APN,,76.47,39,51,80.29,5.00%,0.00234375,40.95,51,Cascaded,2027,40.95,51
D0,DC/OO/7/D,ASE,6.0,,DC,OO,7,D,ASE,,55.17,32,58,57.93,5.00%,0.0019230769230769232,33.6,58,Cascaded,2027,33.6,58
D0,DC/OO/7/D,ATL,6.0,,DC,OO,7,D,ATL,,59.72,461,772,62.7,5.00%,0.027704326923076922,484.05,772,Cascaded,2027,484.05,772
D0,DC/OO/7/D,ATW,6.0,,DC,OO,7,D,ATW,,61.24,109,178,64.3,5.00%,0.006550480769230769,114.45,178,Cascaded,2027,114.45,178
D0,DC/OO/7/D,AUS,6.0,,DC,OO,7,D,AUS,,61.82,306,495,64.91,5.00%,0.018389423076923078,321.3,495,Cascaded,2027,321.3,495
D0,DC/OO/7/D,AZO,6.0,,DC,OO,7,D,AZO,,63.22,55,87,66.38,5.00%,0.0033052884615384615,57.75,87,Cascaded,2027,57.75,87
D0,DC/OO/7/D,BDL,6.0,,DC,OO,7,D,BDL,,100.0,1,1,105.0,5.00%,6.009615384615385e-05,1.05,1,Cascaded,2027,1.05,1
D0,DC/OO/7/D,BGM,6.0,,DC,OO,7,D,BGM,,54.84,17,31,57.58,5.00%,0.0010216346153846154,17.85,31,Cascaded,2027,17.85,31
D0,DC/OO/7/D,BHM,6.0,,DC,OO,7,D,BHM,,57.41,31,54,60.28,5.00%,0.0018629807692307693,32.55,54,Cascaded,2027,32.55,54
D0,DC/OO/7/D,BIL,6.0,,DC,OO,7,D,BIL,,90.16,55,61,94.67,5.00%,0.0033052884615384615,57.75,61,Cascaded,2027,57.75,61
D0,DC/OO/7/D,BIS,6.0,,DC,OO,7,D,BIS,,75.0,48,64,78.75,5.00%,0.0028846153846153848,50.4,64,Cascaded,2027,50.4,64
D0,DC/OO/7/D,BJI,6.0,,DC,OO,7,D,BJI,,79.03,49,62,82.98,5.00%,0.0029447115384615384,51.45,62,Cascaded,2027,51.45,62
D0,DC/OO/7/D,BMI,6.0,,DC,OO,7,D,BMI,,57.89,33,57,60.79,5.00%,0.001983173076923077,34.65,57,Cascaded,2027,34.65,57
D0,DC/OO/7/D,BNA,6.0,,DC,OO,7,D,BNA,,68.03,83,122,71.43,5.00%,0.004987980769230769,87.15,122,Cascaded,2027,87.15,122
D0,DC/OO/7/D,BOI,6.0,,DC,OO,7,D,BOI,,85.08,251,295,89.34,5.00%,0.015084134615384616,263.55,295,Cascaded,2027,263.55,295
D0,DC/OO/7/D,BRD,6.0,,DC,OO,7,D,BRD,,69.81,37,53,73.3,5.00%,0.002223557692307692,38.85,53,Cascaded,2027,38.85,53
D0,DC/OO/7/D,BTM,6.0,,DC,OO,7,D,BTM,,83.87,26,31,88.06,5.00%,0.0015625,27.3,31,Cascaded,2027,27.3,31
D0,DC/OO/7/D,BTR,6.0,,DC,OO,7,D,BTR,,0.0,0,1,0.0,0.00%,0.0,0.0,1,Cascaded,2027,0.0,1
D0,DC/OO/7/D,BUF,6.0,,DC,OO,7,D,BUF,,66.67,2,3,70.0,5.00%,0.0001201923076923077,2.1,3,Cascaded,2027,2.1,3
D0,DC/OO/7/D,BUR,6.0,,DC,OO,7,D,BUR,,73.86,65,88,77.56,5.00%,0.00390625,68.25,88,Cascaded,2027,68.25,88
D0,DC/OO/7/D,BZN,6.0,,DC,OO,7,D,BZN,,80.41,119,148,84.43,5.00%,0.0071514423076923074,124.95,148,Cascaded,2027,124.95,148
D0,DC/OO/7/D,CDC,6.0,,DC,OO,7,D,CDC,,84.91,45,53,89.15,5.00%,0.002704326923076923,47.25,53,Cascaded,2027,47.25,53
D0,DC/OO/7/D,CHS,6.0,,DC,OO,7,D,CHS,,57.14,32,56,60.0,5.00%,0.0019230769230769232,33.6,56,Cascaded,2027,33.6,56
D0,DC/OO/7/D,CID,6.0,,DC,OO,7,D,CID,,100.0,1,1,105.0,5.00%,6.009615384615385e-05,1.05,1,Cascaded,2027,1.05,1
D0,DC/OO/7/D,CIU,6.0,,DC,OO,7,D,CIU,,66.13,41,62,69.44,5.00%,0.0024639423076923076,43.05,62,Cascaded,2027,43.05,62
D0,DC/OO/7/D,CLE,6.0,,DC,OO,7,D,CLE,,64.2,52,81,67.41,5.00%,0.003125,54.6,81,Cascaded,2027,54.6,81
D0,DC/OO/7/D,CMH,6.0,,DC,OO,7,D,CMH,,60.53,23,38,63.55,5.00%,0.0013822115384615385,24.15,38,Cascaded,2027,24.15,38
D0,DC/OO/7/D,COS,6.0,,DC,OO,7,D,COS,,80.36,45,56,84.38,5.00%,0.002704326923076923,47.25,56,Cascaded,2027,47.25,56
D0,DC/OO/7/D,CRW,6.0,,DC,OO,7,D,CRW,,37.5,3,8,39.38,5.00%,0.00018028846153846155,3.15,8,Cascaded,2027,3.15,8
D0,DC/OO/7/D,DHN,6.0,,DC,OO,7,D,DHN,,60.0,15,25,63.0,5.00%,0.0009014423076923077,15.75,25,Cascaded,2027,15.75,25
D0,DC/OO/7/D,DLH,6.0,,DC,OO,7,D,DLH,,80.61,79,98,84.64,5.00%,0.0047475961538461535,82.95,98,Cascaded,2027,82.95,98
D0,DC/OO/7/D,DTW,6.0,,DC,OO,7,D,DTW,,57.76,1277,2211,60.64,5.00%,0.07674278846153847,1340.85,2211,Cascaded,2027,1340.85,2211
D0,DC/OO/7/D,ECP,6.0,,DC,OO,7,D,ECP,,80.65,25,31,84.68,5.00%,0.0015024038461538462,26.25,31,Cascaded,2027,26.25,31
D0,DC/OO/7/D,EKO,6.0,,DC,OO,7,D,EKO,,97.92,47,48,102.81,5.00%,0.0028245192307692307,49.35,48,Cascaded,2027,49.35,48
D0,DC/OO/7/D,ELM,6.0,,DC,OO,7,D,ELM,,72.29,60,83,75.9,5.00%,0.003605769230769231,63.0,83,Cascaded,2027,63.0,83
D0,DC/OO/7/D,ESC,6.0,,DC,OO,7,D,ESC,,73.58,39,53,77.26,5.00%,0.00234375,40.95,53,Cascaded,2027,40.95,53
D0,DC/OO/7/D,EUG,6.0,,DC,OO,7,D,EUG,,81.17,125,154,85.23,5.00%,0.007512019230769231,131.25,154,Cascaded,2027,131.25,154
D0,DC/OO/7/D,FAR,6.0,,DC,OO,7,D,FAR,,70.69,41,58,74.22,5.00%,0.0024639423076923076,43.05,58,Cascaded,2027,43.05,58
D0,DC/OO/7/D,FAT,6.0,,DC,OO,7,D,FAT,,89.43,110,123,93.9,5.00%,0.006610576923076923,115.5,123,Cascaded,2027,115.5,123
D0,DC/OO/7/D,FAY,6.0,,DC,OO,7,D,FAY,,81.82,18,22,85.91,5.00%,0.0010817307692307693,18.9,22,Cascaded,2027,18.9,22
D0,DC/OO/7/D,FCA,6.0,,DC,OO,7,D,FCA,,81.82,72,88,85.91,5.00%,0.004326923076923077,75.6,88,Cascaded,2027,75.6,88
D0,DC/OO/7/D,FSD,6.0,,DC,OO,7,D,FSD,,72.41,21,29,76.03,5.00%,0.0012620192307692308,22.05,29,Cascaded,2027,22.05,29
D0,DC/OO/7/D,FWA,6.0,,DC,OO,7,D,FWA,,66.48,119,179,69.8,5.00%,0.0071514423076923074,124.95,179,Cascaded,2027,124.95,179
D0,DC/OO/7/D,GEG,6.0,,DC,OO,7,D,GEG,,86.44,306,354,90.76,5.00%,0.018389423076923078,321.3,354,Cascaded,2027,321.3,354
D0,DC/OO/7/D,GFK,6.0,,DC,OO,7,D,GFK,,89.19,33,37,93.65,5.00%,0.001983173076923077,34.65,37,Cascaded,2027,34.65,37
D0,DC/OO/7/D,GJT,6.0,,DC,OO,7,D,GJT,,79.63,43,54,83.61,5.00%,0.0025841346153846153,45.15,54,Cascaded,2027,45.15,54
D0,DC/OO/7/D,GRB,6.0,,DC,OO,7,D,GRB,,69.23,27,39,72.69,5.00%,0.001622596153846154,28.35,39,Cascaded,2027,28.35,39
D0,DC/OO/7/D,GRR,6.0,,DC,OO,7,D,GRR,,63.77,88,138,66.96,5.00%,0.005288461538461539,92.4,138,Cascaded,2027,92.4,138
D0,DC/OO/7/D,GSO,6.0,,DC,OO,7,D,GSO,,54.55,30,55,57.27,5.00%,0.0018028846153846155,31.5,55,Cascaded,2027,31.5,55
D0,DC/OO/7/D,GSP,6.0,,DC,OO,7,D,GSP,,58.33,28,48,61.25,5.00%,0.0016826923076923078,29.4,48,Cascaded,2027,29.4,48
D0,DC/OO/7/D,GTF,6.0,,DC,OO,7,D,GTF,,86.18,106,123,90.49,5.00%,0.006370192307692308,111.3,123,Cascaded,2027,111.3,123
D0,DC/OO/7/D,HIB,6.0,,DC,OO,7,D,HIB,,80.0,40,50,84.0,5.00%,0.002403846153846154,42.0,50,Cascaded,2027,42.0,50
D0,DC/OO/7/D,HLN,6.0,,DC,OO,7,D,HLN,,90.32,56,62,94.84,5.00%,0.0033653846153846156,58.8,62,Cascaded,2027,58.8,62
D0,DC/OO/7/D,HPN,6.0,,DC,OO,7,D,HPN,,62.5,20,32,65.62,5.00%,0.001201923076923077,21.0,32,Cascaded,2027,21.0,32
D0,DC/OO/7/D,IAD,6.0,,DC,OO,7,D,IAD,,61.11,88,144,64.17,5.00%,0.005288461538461539,92.4,144,Cascaded,2027,92.4,144
D0,DC/OO/7/D,ICT,6.0,,DC,OO,7,D,ICT,,78.95,45,57,82.89,5.00%,0.002704326923076923,47.25,57,Cascaded,2027,47.25,57
D0,DC/OO/7/D,IDA,6.0,,DC,OO,7,D,IDA,,86.36,76,88,90.68,5.00%,0.0045673076923076926,79.8,88,Cascaded,2027,79.8,88
D0,DC/OO/7/D,IMT,6.0,,DC,OO,7,D,IMT,,64.52,40,62,67.74,5.00%,0.002403846153846154,42.0,62,Cascaded,2027,42.0,62
D0,DC/OO/7/D,IND,6.0,,DC,OO,7,D,IND,,67.8,40,59,71.19,5.00%,0.002403846153846154,42.0,59,Cascaded,2027,42.0,59
D0,DC/OO/7/D,INL,6.0,,DC,OO,7,D,INL,,87.5,56,64,91.88,5.00%,0.0033653846153846156,58.8,64,Cascaded,2027,58.8,64
D0,DC/OO/7/D,JAC,6.0,,DC,OO,7,D,JAC,,78.49,73,93,82.42,5.00%,0.004387019230769231,76.65,93,Cascaded,2027,76.65,93
D0,DC/OO/7/D,JAX,6.0,,DC,OO,7,D,JAX,,58.06,18,31,60.97,5.00%,0.0010817307692307693,18.9,31,Cascaded,2027,18.9,31
D0,DC/OO/7/D,LAN,6.0,,DC,OO,7,D,LAN,,72.94,62,85,76.59,5.00%,0.0037259615384615387,65.1,85,Cascaded,2027,65.1,85
D0,DC/OO/7/D,LAS,6.0,,DC,OO,7,D,LAS,,78.36,239,305,82.28,5.00%,0.014362980769230769,250.95,305,Cascaded,2027,250.95,305
D0,DC/OO/7/D,LAX,6.0,,DC,OO,7,D,LAX,,80.76,831,1029,84.8,5.00%,0.04993990384615385,872.55,1029,Cascaded,2027,872.55,1029
D0,DC/OO/7/D,LEX,6.0,,DC,OO,7,D,LEX,,58.06,18,31,60.97,5.00%,0.0010817307692307693,18.9,31,Cascaded,2027,18.9,31
D0,DC/OO/7/D,LFT,6.0,,DC,OO,7,D,LFT,,56.0,14,25,58.8,5.00%,0.0008413461538461539,14.7,25,Cascaded,2027,14.7,25
D0,DC/OO/7/D,LGA,6.0,,DC,OO,7,D,LGA,,66.41,85,128,69.73,5.00%,0.005108173076923077,89.25,128,Cascaded,2027,89.25,128
D0,DC/OO/7/D,LGB,6.0,,DC,OO,7,D,LGB,,90.16,55,61,94.67,5.00%,0.0033052884615384615,57.75,61,Cascaded,2027,57.75,61
D0,DC/OO/7/D,LWS,6.0,,DC,OO,7,D,LWS,,85.48,53,62,89.76,5.00%,0.003185096153846154,55.65,62,Cascaded,2027,55.65,62
D0,DC/OO/7/D,MAF,6.0,,DC,OO,7,D,MAF,,64.71,55,85,67.94,5.00%,0.0033052884615384615,57.75,85,Cascaded,2027,57.75,85
D0,DC/OO/7/D,MBS,6.0,,DC,OO,7,D,MBS,,70.18,80,114,73.68,5.00%,0.004807692307692308,84.0,114,Cascaded,2027,84.0,114
D0,DC/OO/7/D,MCI,6.0,,DC,OO,7,D,MCI,,80.0,8,10,84.0,5.00%,0.0004807692307692308,8.4,10,Cascaded,2027,8.4,10
D0,DC/OO/7/D,MDW,6.0,,DC,OO,7,D,MDW,,62.42,93,149,65.54,5.00%,0.005588942307692308,97.65,149,Cascaded,2027,97.65,149
D0,DC/OO/7/D,MEM,6.0,,DC,OO,7,D,MEM,,80.99,98,121,85.04,5.00%,0.005889423076923077,102.9,121,Cascaded,2027,102.9,121
D0,DC/OO/7/D,MFE,6.0,,DC,OO,7,D,MFE,,71.76,61,85,75.35,5.00%,0.0036658653846153846,64.05,85,Cascaded,2027,64.05,85
D0,DC/OO/7/D,MFR,6.0,,DC,OO,7,D,MFR,,87.01,134,154,91.36,5.00%,0.008052884615384615,140.7,154,Cascaded,2027,140.7,154
D0,DC/OO/7/D,MGM,6.0,,DC,OO,7,D,MGM,,61.9,39,63,65.0,5.00%,0.00234375,40.95,63,Cascaded,2027,40.95,63
D0,DC/OO/7/D,MKE,6.0,,DC,OO,7,D,MKE,,72.22,65,90,75.83,5.00%,0.00390625,68.25,90,Cascaded,2027,68.25,90
D0,DC/OO/7/D,MOB,6.0,,DC,OO,7,D,MOB,,37.5,6,16,39.38,5.00%,0.0003605769230769231,6.3,16,Cascaded,2027,6.3,16
D0,DC/OO/7/D,MOT,6.0,,DC,OO,7,D,MOT,,77.88,88,113,81.77,5.00%,0.005288461538461539,92.4,113,Cascaded,2027,92.4,113
D0,DC/OO/7/D,MQT,6.0,,DC,OO,7,D,MQT,,83.87,52,62,88.06,5.00%,0.003125,54.6,62,Cascaded,2027,54.6,62
D0,DC/OO/7/D,MSN,6.0,,DC,OO,7,D,MSN,,70.83,68,96,74.38,5.00%,0.004086538461538462,71.4,96,Cascaded,2027,71.4,96
D0,DC/OO/7/D,MSO,6.0,,DC,OO,7,D,MSO,,80.33,49,61,84.34,5.00%,0.0029447115384615384,51.45,61,Cascaded,2027,51.45,61
D0,DC/OO/7/D,MSP,6.0,,DC,OO,7,D,MSP,,69.68,1351,1939,73.16,5.00%,0.08118990384615385,1418.55,1939,Cascaded,2027,1418.55,1939
D0,DC/OO/7/D,MSY,6.0,,DC,OO,7,D,MSY,,67.74,42,62,71.13,5.00%,0.0025240384615384617,44.1,62,Cascaded,2027,44.1,62
D0,DC/OO/7/D,OAK,6.0,,DC,OO,7,D,OAK,,93.48,86,92,98.15,5.00%,0.005168269230769231,90.3,92,Cascaded,2027,90.3,92
D0,DC/OO/7/D,OKC,6.0,,DC,OO,7,D,OKC,,93.39,113,121,98.06,5.00%,0.006790865384615385,118.65,121,Cascaded,2027,118.65,121
D0,DC/OO/7/D,OMA,6.0,,DC,OO,7,D,OMA,,69.05,203,294,72.5,5.00%,0.01219951923076923,213.15,294,Cascaded,2027,213.15,294
D0,DC/OO/7/D,ONT,6.0,,DC,OO,7,D,ONT,,84.0,126,150,88.2,5.00%,0.007572115384615385,132.3,150,Cascaded,2027,132.3,150
D0,DC/OO/7/D,ORF,6.0,,DC,OO,7,D,ORF,,100.0,1,1,105.0,5.00%,6.009615384615385e-05,1.05,1,Cascaded,2027,1.05,1
D0,DC/OO/7/D,PDX,6.0,,DC,OO,7,D,PDX,,75.12,157,209,78.88,5.00%,0.009435096153846153,164.85,209,Cascaded,2027,164.85,209
D0,DC/OO/7/D,PHX,6.0,,DC,OO,7,D,PHX,,84.35,124,147,88.57,5.00%,0.007451923076923077,130.2,147,Cascaded,2027,130.2,147
D0,DC/OO/7/D,PIH,6.0,,DC,OO,7,D,PIH,,97.22,35,36,102.08,5.00%,0.0021033653846153845,36.75,36,Cascaded,2027,36.75,36
D0,DC/OO/7/D,PIT,6.0,,DC,OO,7,D,PIT,,53.85,56,104,56.54,5.00%,0.0033653846153846156,58.8,104,Cascaded,2027,58.8,104
D0,DC/OO/7/D,PLN,6.0,,DC,OO,7,D,PLN,,75.41,46,61,79.18,5.00%,0.002764423076923077,48.3,61,Cascaded,2027,48.3,61
D0,DC/OO/7/D,PSC,6.0,,DC,OO,7,D,PSC,,87.43,160,183,91.8,5.00%,0.009615384615384616,168.0,183,Cascaded,2027,168.0,183
D0,DC/OO/7/D,PSP,6.0,,DC,OO,7,D,PSP,,91.3,84,92,95.87,5.00%,0.005048076923076923,88.2,92,Cascaded,2027,88.2,92
D0,DC/OO/7/D,PVD,6.0,,DC,OO,7,D,PVD,,46.43,13,28,48.75,5.00%,0.00078125,13.65,28,Cascaded,2027,13.65,28
D0,DC/OO/7/D,RAP,6.0,,DC,OO,7,D,RAP,,84.62,22,26,88.85,5.00%,0.0013221153846153847,23.1,26,Cascaded,2027,23.1,26
D0,DC/OO/7/D,RDM,6.0,,DC,OO,7,D,RDM,,80.52,124,154,84.55,5.00%,0.007451923076923077,130.2,154,Cascaded,2027,130.2,154
D0,DC/OO/7/D,RHI,6.0,,DC,OO,7,D,RHI,,80.33,49,61,84.34,5.00%,0.0029447115384615384,51.45,61,Cascaded,2027,51.45,61
D0,DC/OO/7/D,RIC,6.0,,DC,OO,7,D,RIC,,55.36,31,56,58.12,5.00%,0.0018629807692307693,32.55,56,Cascaded,2027,32.55,56
D0,DC/OO/7/D,RNO,6.0,,DC,OO,7,D,RNO,,80.14,117,146,84.14,5.00%,0.00703125,122.85,146,Cascaded,2027,122.85,146
D0,DC/OO/7/D,ROC,6.0,,DC,OO,7,D,ROC,,56.25,45,80,59.06,5.00%,0.002704326923076923,47.25,80,Cascaded,2027,47.25,80
D0,DC/OO/7/D,SAN,6.0,,DC,OO,7,D,SAN,,77.88,162,208,81.78,5.00%,0.009735576923076923,170.1,208,Cascaded,2027,170.1,208
D0,DC/OO/7/D,SAV,6.0,,DC,OO,7,D,SAV,,36.67,11,30,38.5,5.00%,0.0006610576923076923,11.55,30,Cascaded,2027,11.55,30
D0,DC/OO/7/D,SBA,6.0,,DC,OO,7,D,SBA,,91.01,81,89,95.56,5.00%,0.004867788461538462,85.05,89,Cascaded,2027,85.05,89
D0,DC/OO/7/D,SBN,6.0,,DC,OO,7,D,SBN,,68.51,124,181,71.93,5.00%,0.007451923076923077,130.2,181,Cascaded,2027,130.2,181
D0,DC/OO/7/D,SDF,6.0,,DC,OO,7,D,SDF,,62.35,106,170,65.47,5.00%,0.006370192307692308,111.3,170,Cascaded,2027,111.3,170
D0,DC/OO/7/D,SEA,6.0,,DC,OO,7,D,SEA,,75.52,1302,1724,79.3,5.00%,0.07824519230769231,1367.1,1724,Cascaded,2027,1367.1,1724
D0,DC/OO/7/D,SFO,6.0,,DC,OO,7,D,SFO,,76.6,72,94,80.43,5.00%,0.004326923076923077,75.6,94,Cascaded,2027,75.6,94
D0,DC/OO/7/D,SGF,6.0,,DC,OO,7,D,SGF,,61.54,40,65,64.62,5.00%,0.002403846153846154,42.0,65,Cascaded,2027,42.0,65
D0,DC/OO/7/D,SGU,6.0,,DC,OO,7,D,SGU,,88.81,119,134,93.25,5.00%,0.0071514423076923074,124.95,134,Cascaded,2027,124.95,134
D0,DC/OO/7/D,SHV,6.0,,DC,OO,7,D,SHV,,72.03,85,118,75.64,5.00%,0.005108173076923077,89.25,118,Cascaded,2027,89.25,118
D0,DC/OO/7/D,SJC,6.0,,DC,OO,7,D,SJC,,87.5,364,416,91.88,5.00%,0.021875,382.2,416,Cascaded,2027,382.2,416
D0,DC/OO/7/D,SLC,6.0,,DC,OO,7,D,SLC,,81.49,2227,2733,85.56,5.00%,0.13383413461538463,2338.35,2733,Cascaded,2027,2338.35,2733
D0,DC/OO/7/D,SMF,6.0,,DC,OO,7,D,SMF,,82.55,317,384,86.68,5.00%,0.01905048076923077,332.85,384,Cascaded,2027,332.85,384
D0,DC/OO/7/D,SNA,6.0,,DC,OO,7,D,SNA,,71.33,107,150,74.9,5.00%,0.006430288461538461,112.35,150,Cascaded,2027,112.35,150
D0,DC/OO/7/D,STL,6.0,,DC,OO,7,D,STL,,66.67,2,3,70.0,5.00%,0.0001201923076923077,2.1,3,Cascaded,2027,2.1,3
D0,DC/OO/7/D,SUN,6.0,,DC,OO,7,D,SUN,,91.4,85,93,95.97,5.00%,0.005108173076923077,89.25,93,Cascaded,2027,89.25,93
D0,DC/OO/7/D,SYR,6.0,,DC,OO,7,D,SYR,,96.15,25,26,100.96,5.00%,0.0015024038461538462,26.25,26,Cascaded,2027,26.25,26
D0,DC/OO/7/D,TRI,6.0,,DC,OO,7,D,TRI,,57.14,16,28,60.0,5.00%,0.0009615384615384616,16.8,28,Cascaded,2027,16.8,28
D0,DC/OO/7/D,TUL,6.0,,DC,OO,7,D,TUL,,83.87,52,62,88.06,5.00%,0.003125,54.6,62,Cascaded,2027,54.6,62
D0,DC/OO/7/D,TUS,6.0,,DC,OO,7,D,TUS,,82.21,171,208,86.32,5.00%,0.010276442307692308,179.55,208,Cascaded,2027,179.55,208
D0,DC/OO/7/D,TVC,6.0,,DC,OO,7,D,TVC,,67.86,95,140,71.25,5.00%,0.005709134615384615,99.75,140,Cascaded,2027,99.75,140
D0,DC/OO/7/D,TWF,6.0,,DC,OO,7,D,TWF,,91.94,57,62,96.53,5.00%,0.003425480769230769,59.85,62,Cascaded,2027,59.85,62
D0,DC/OO/7/D,WYS,6.0,,DC,OO,7,D,WYS,,86.11,31,36,90.42,5.00%,0.0018629807692307693,32.55,36,Cascaded,2027,32.55,36
D0,DC/OO/7/D,XNA,6.0,,DC,OO,7,D,XNA,,75.0,42,56,78.75,5.00%,0.0025240384615384617,44.1,56,Cascaded,2027,44.1,56
D0,DC/OO/7/D,XWA,6.0,,DC,OO,7,D,XWA,,66.13,41,62,69.44,5.00%,0.0024639423076923076,43.05,62,Cascaded,2027,43.05,62
D0,DC/OO/7/I,DTW,6.0,,DC,OO,7,I,DTW,,48.15,39,81,50.56,5.00%,0.045828437132784956,40.95,81,Cascaded,2027,40.949999999999996,81
D0,DC/OO/7/I,MSP,6.0,,DC,OO,7,I,MSP,,68.07,81,119,71.47,5.00%,0.09518213866039953,85.05,119,Cascaded,2027,85.05,119
D0,DC/OO/7/I,SEA,6.0,,DC,OO,7,I,SEA,,69.3,149,215,72.77,5.00%,0.17508813160987075,156.45,215,Cascaded,2027,156.45,215
D0,DC/OO/7/I,SLC,6.0,,DC,OO,7,I,SLC,,72.9,113,155,76.55,5.00%,0.13278495887191538,118.65,155,Cascaded,2027,118.64999999999999,155
D0,DC/OO/7/I,YUL,6.0,,DC,OO,7,I,YUL,,88.33,53,60,92.75,5.00%,0.06227967097532315,55.65,60,Cascaded,2027,55.65,60
D0,DC/OO/7/I,YVR,6.0,,DC,OO,7,I,YVR,,82.41,253,307,86.53,5.00%,0.2972972972972973,265.65,307,Cascaded,2027,265.65,307
D0,DC/OO/7/I,YWG,6.0,,DC,OO,7,I,YWG,,86.55,103,119,90.88,5.00%,0.12103407755581669,108.15,119,Cascaded,2027,108.14999999999999,119
D0,DC/OO/7/I,YYC,6.0,,DC,OO,7,I,YYC,,80.65,50,62,84.68,5.00%,0.05875440658049354,52.5,62,Cascaded,2027,52.5,62
D0,DC/OO/7/I,YYZ,6.0,,DC,OO,7,I,YYZ,,47.62,10,21,50.0,5.00%,0.011750881316098707,10.5,21,Cascaded,2027,10.5,21
D0,DC/OO/8/D,ABQ,6.0,,DC,OO,8,D,ABQ,,90.06,163,181,94.56,5.00%,0.00926294254702506,171.15,181,Cascaded,2027,171.15000000000003,181
D0,DC/OO/8/D,ABR,6.0,,DC,OO,8,D,ABR,,88.71,55,62,93.15,5.00%,0.003125532761266125,57.75,62,Cascaded,2027,57.75000000000001,62
D0,DC/OO/8/D,ABY,6.0,,DC,OO,8,D,ABY,,66.28,57,86,69.59,5.00%,0.0032391884980394387,59.85,86,Cascaded,2027,59.85000000000001,86
D0,DC/OO/8/D,AGS,6.0,,DC,OO,8,D,AGS,,50.0,4,8,52.5,5.00%,0.00022731147354662726,4.2,8,Cascaded,2027,4.2,8
D0,DC/OO/8/D,ALB,6.0,,DC,OO,8,D,ALB,,71.7,38,53,75.28,5.00%,0.002159458998692959,39.9,53,Cascaded,2027,39.900000000000006,53
D0,DC/OO/8/D,APN,6.0,,DC,OO,8,D,APN,,94.34,50,53,99.06,5.00%,0.002841393419332841,52.5,53,Cascaded,2027,52.50000000000001,53
D0,DC/OO/8/D,ASE,6.0,,DC,OO,8,D,ASE,,48.33,29,60,50.75,5.00%,0.0016480081832130477,30.45,60,Cascaded,2027,30.450000000000003,60
D0,DC/OO/8/D,ATL,6.0,,DC,OO,8,D,ATL,,65.57,499,761,68.85,5.00%,0.02835710632494175,523.95,761,Cascaded,2027,523.95,761
D0,DC/OO/8/D,ATW,6.0,,DC,OO,8,D,ATW,,78.57,143,182,82.5,5.00%,0.008126385179291925,150.15,182,Cascaded,2027,150.15,182
D0,DC/OO/8/D,ATY,6.0,,DC,OO,8,D,ATY,,83.33,25,30,87.5,5.00%,0.0014206967096664204,26.25,30,Cascaded,2027,26.250000000000004,30
D0,DC/OO/8/D,AUS,6.0,,DC,OO,8,D,AUS,,66.26,326,492,69.57,5.00%,0.01852588509405012,342.3,492,Cascaded,2027,342.30000000000007,492
D0,DC/OO/8/D,AZO,6.0,,DC,OO,8,D,AZO,,77.01,67,87,80.86,5.00%,0.003807467181906007,70.35,87,Cascaded,2027,70.35000000000001,87
D0,DC/OO/8/D,BGM,6.0,,DC,OO,8,D,BGM,,80.65,25,31,84.68,5.00%,0.0014206967096664204,26.25,31,Cascaded,2027,26.250000000000004,31
D0,DC/OO/8/D,BHM,6.0,,DC,OO,8,D,BHM,,50.0,10,20,52.5,5.00%,0.0005682786838665682,10.5,20,Cascaded,2027,10.500000000000002,20
D0,DC/OO/8/D,BIL,6.0,,DC,OO,8,D,BIL,,88.52,54,61,92.95,5.00%,0.003068704892879468,56.7,61,Cascaded,2027,56.70000000000001,61
D0,DC/OO/8/D,BIS,6.0,,DC,OO,8,D,BIS,,66.25,53,80,69.56,5.00%,0.0030118770244928115,55.65,80,Cascaded,2027,55.650000000000006,80
D0,DC/OO/8/D,BJI,6.0,,DC,OO,8,D,BJI,,82.26,51,62,86.37,5.00%,0.002898221287719498,53.55,62,Cascaded,2027,53.550000000000004,62
D0,DC/OO/8/D,BMI,6.0,,DC,OO,8,D,BMI,,79.03,49,62,82.98,5.00%,0.002784565550946184,51.45,62,Cascaded,2027,51.45,62
D0,DC/OO/8/D,BNA,6.0,,DC,OO,8,D,BNA,,75.83,91,120,79.63,5.00%,0.0051713360231857705,95.55,120,Cascaded,2027,95.55000000000001,120
D0,DC/OO/8/D,BOI,6.0,,DC,OO,8,D,BOI,,85.76,253,295,90.05,5.00%,0.014377450701824175,265.65,295,Cascaded,2027,265.65000000000003,295
D0,DC/OO/8/D,BRD,6.0,,DC,OO,8,D,BRD,,84.91,45,53,89.15,5.00%,0.002557254077399557,47.25,53,Cascaded,2027,47.25000000000001,53
D0,DC/OO/8/D,BTM,6.0,,DC,OO,8,D,BTM,,100.0,31,31,105.0,5.00%,0.0017616639199863613,32.55,31,Cascaded,2027,32.550000000000004,31
D0,DC/OO/8/D,BTR,6.0,,DC,OO,8,D,BTR,,50.0,1,2,52.5,5.00%,5.6827868386656816e-05,1.05,2,Cascaded,2027,1.05,2
D0,DC/OO/8/D,BUF,6.0,,DC,OO,8,D,BUF,,57.14,4,7,60.0,5.00%,0.00022731147354662726,4.2,7,Cascaded,2027,4.2,7
D0,DC/OO/8/D,BUR,6.0,,DC,OO,8,D,BUR,,81.52,75,92,85.6,5.00%,0.004262090128999261,78.75,92,Cascaded,2027,78.75000000000001,92
D0,DC/OO/8/D,BZN,6.0,,DC,OO,8,D,BZN,,78.38,116,148,82.3,5.00%,0.006592032732852191,121.8,148,Cascaded,2027,121.80000000000001,148
D0,DC/OO/8/D,CDC,6.0,,DC,OO,8,D,CDC,,92.31,48,52,96.92,5.00%,0.002727737682559527,50.4,52,Cascaded,2027,50.400000000000006,52
D0,DC/OO/8/D,CHA,6.0,,DC,OO,8,D,CHA,,100.0,1,1,105.0,5.00%,5.6827868386656816e-05,1.05,1,Cascaded,2027,1.05,1
D0,DC/OO/8/D,CHS,6.0,,DC,OO,8,D,CHS,,62.9,39,62,66.05,5.00%,0.002216286867079616,40.95,62,Cascaded,2027,40.95,62
D0,DC/OO/8/D,CIU,6.0,,DC,OO,8,D,CIU,,82.26,51,62,86.37,5.00%,0.002898221287719498,53.55,62,Cascaded,2027,53.550000000000004,62
D0,DC/OO/8/D,CLE,6.0,,DC,OO,8,D,CLE,,73.68,70,95,77.37,5.00%,0.0039779507870659776,73.5,95,Cascaded,2027,73.50000000000001,95
D0,DC/OO/8/D,CMH,6.0,,DC,OO,8,D,CMH,,70.0,7,10,73.5,5.00%,0.0003977950787065977,7.35,10,Cascaded,2027,7.3500000000000005,10
D0,DC/OO/8/D,COS,6.0,,DC,OO,8,D,COS,,79.03,49,62,82.98,5.00%,0.002784565550946184,51.45,62,Cascaded,2027,51.45,62
D0,DC/OO/8/D,CRW,6.0,,DC,OO,8,D,CRW,,61.54,16,26,64.62,5.00%,0.0009092458941865091,16.8,26,Cascaded,2027,16.8,26
D0,DC/OO/8/D,CVG,6.0,,DC,OO,8,D,CVG,,100.0,1,1,105.0,5.00%,5.6827868386656816e-05,1.05,1,Cascaded,2027,1.05,1
D0,DC/OO/8/D,DHN,6.0,,DC,OO,8,D,DHN,,75.0,6,8,78.75,5.00%,0.0003409672103199409,6.3,8,Cascaded,2027,6.300000000000001,8
D0,DC/OO/8/D,DLH,6.0,,DC,OO,8,D,DLH,,73.03,65,89,76.69,5.00%,0.0036938114451326933,68.25,89,Cascaded,2027,68.25000000000001,89
D0,DC/OO/8/D,DSM,6.0,,DC,OO,8,D,DSM,,76.19,16,21,80.0,5.00%,0.0009092458941865091,16.8,21,Cascaded,2027,16.8,21
D0,DC/OO/8/D,DTW,6.0,,DC,OO,8,D,DTW,,70.54,1583,2244,74.07,5.00%,0.08995851565607774,1662.15,2244,Cascaded,2027,1662.15,2244
D0,DC/OO/8/D,ECP,6.0,,DC,OO,8,D,ECP,,61.29,19,31,64.35,5.00%,0.0010797294993464795,19.95,31,Cascaded,2027,19.950000000000003,31
D0,DC/OO/8/D,EKO,6.0,,DC,OO,8,D,EKO,,95.83,46,48,100.63,5.00%,0.0026140819457862135,48.3,48,Cascaded,2027,48.300000000000004,48
D0,DC/OO/8/D,ELM,6.0,,DC,OO,8,D,ELM,,81.71,67,82,85.79,5.00%,0.003807467181906007,70.35,82,Cascaded,2027,70.35000000000001,82
D0,DC/OO/8/D,ESC,6.0,,DC,OO,8,D,ESC,,94.23,49,52,98.94,5.00%,0.002784565550946184,51.45,52,Cascaded,2027,51.45,52
D0,DC/OO/8/D,EUG,6.0,,DC,OO,8,D,EUG,,86.27,132,153,90.59,5.00%,0.0075012786270387,138.6,153,Cascaded,2027,138.60000000000002,153
D0,DC/OO/8/D,FAR,6.0,,DC,OO,8,D,FAR,,67.74,63,93,71.13,5.00%,0.0035801557083593796,66.15,93,Cascaded,2027,66.15,93
D0,DC/OO/8/D,FAT,6.0,,DC,OO,8,D,FAT,,95.83,115,120,100.63,5.00%,0.006535204864465534,120.75,120,Cascaded,2027,120.75000000000001,120
D0,DC/OO/8/D,FAY,6.0,,DC,OO,8,D,FAY,,75.0,6,8,78.75,5.00%,0.0003409672103199409,6.3,8,Cascaded,2027,6.300000000000001,8
D0,DC/OO/8/D,FCA,6.0,,DC,OO,8,D,FCA,,84.29,59,70,88.5,5.00%,0.0033528442348127524,61.95,70,Cascaded,2027,61.95000000000001,70
D0,DC/OO/8/D,FSD,6.0,,DC,OO,8,D,FSD,,90.0,9,10,94.5,5.00%,0.0005114508154799113,9.45,10,Cascaded,2027,9.450000000000001,10
D0,DC/OO/8/D,FWA,6.0,,DC,OO,8,D,FWA,,75.0,135,180,78.75,5.00%,0.00767176223219867,141.75,180,Cascaded,2027,141.75000000000003,180
D0,DC/OO/8/D,GEG,6.0,,DC,OO,8,D,GEG,,84.18,298,354,88.39,5.00%,0.016934704779223732,312.9,354,Cascaded,2027,312.90000000000003,354
D0,DC/OO/8/D,GFK,6.0,,DC,OO,8,D,GFK,,78.08,57,73,81.99,5.00%,0.0032391884980394387,59.85,73,Cascaded,2027,59.85000000000001,73
D0,DC/OO/8/D,GJT,6.0,,DC,OO,8,D,GJT,,86.54,45,52,90.87,5.00%,0.002557254077399557,47.25,52,Cascaded,2027,47.25000000000001,52
D0,DC/OO/8/D,GRB,6.0,,DC,OO,8,D,GRB,,67.69,44,65,71.08,5.00%,0.0025004262090129,46.2,65,Cascaded,2027,46.2,65
D0,DC/OO/8/D,GRR,6.0,,DC,OO,8,D,GRR,,73.03,111,152,76.68,5.00%,0.006307893390918907,116.55,152,Cascaded,2027,116.55000000000001,152
D0,DC/OO/8/D,GSO,6.0,,DC,OO,8,D,GSO,,80.0,16,20,84.0,5.00%,0.0009092458941865091,16.8,20,Cascaded,2027,16.8,20
D0,DC/OO/8/D,GSP,6.0,,DC,OO,8,D,GSP,,67.65,23,34,71.03,5.00%,0.0013070409728931068,24.15,34,Cascaded,2027,24.150000000000002,34
D0,DC/OO/8/D,GTF,6.0,,DC,OO,8,D,GTF,,85.25,104,122,89.51,5.00%,0.005910098312212309,109.2,122,Cascaded,2027,109.20000000000002,122
D0,DC/OO/8/D,HIB,6.0,,DC,OO,8,D,HIB,,85.19,46,54,89.44,5.00%,0.0026140819457862135,48.3,54,Cascaded,2027,48.300000000000004,54
D0,DC/OO/8/D,HLN,6.0,,DC,OO,8,D,HLN,,93.55,58,62,98.23,5.00%,0.0032960163664260953,60.9,62,Cascaded,2027,60.900000000000006,62
D0,DC/OO/8/D,HPN,6.0,,DC,OO,8,D,HPN,,50.0,6,12,52.5,5.00%,0.0003409672103199409,6.3,12,Cascaded,2027,6.300000000000001,12
D0,DC/OO/8/D,IAD,6.0,,DC,OO,8,D,IAD,,66.2,94,142,69.51,5.00%,0.005341819628345741,98.7,142,Cascaded,2027,98.70000000000002,142
D0,DC/OO/8/D,ICT,6.0,,DC,OO,8,D,ICT,,80.36,45,56,84.38,5.00%,0.002557254077399557,47.25,56,Cascaded,2027,47.25000000000001,56
D0,DC/OO/8/D,IDA,6.0,,DC,OO,8,D,IDA,,89.01,81,91,93.46,5.00%,0.004603057339319202,85.05,91,Cascaded,2027,85.05000000000001,91
D0,DC/OO/8/D,IMT,6.0,,DC,OO,8,D,IMT,,83.87,52,62,88.06,5.00%,0.0029550491561061544,54.6,62,Cascaded,2027,54.60000000000001,62
D0,DC/OO/8/D,IND,6.0,,DC,OO,8,D,IND,,83.91,73,87,88.1,5.00%,0.004148434392225947,76.65,87,Cascaded,2027,76.65,87
D0,DC/OO/8/D,INL,6.0,,DC,OO,8,D,INL,,85.07,57,67,89.33,5.00%,0.0032391884980394387,59.85,67,Cascaded,2027,59.85000000000001,67
D0,DC/OO/8/D,JAC,6.0,,DC,OO,8,D,JAC,,86.57,58,67,90.9,5.00%,0.0032960163664260953,60.9,67,Cascaded,2027,60.900000000000006,67
D0,DC/OO/8/D,JAX,6.0,,DC,OO,8,D,JAX,,64.52,20,31,67.74,5.00%,0.0011365573677331363,21.0,31,Cascaded,2027,21.000000000000004,31
D0,DC/OO/8/D,LAN,6.0,,DC,OO,8,D,LAN,,72.41,63,87,76.03,5.00%,0.0035801557083593796,66.15,87,Cascaded,2027,66.15,87
D0,DC/OO/8/D,LAS,6.0,,DC,OO,8,D,LAS,,82.19,203,247,86.3,5.00%,0.011536057282491333,213.15,247,Cascaded,2027,213.15000000000003,247
D0,DC/OO/8/D,LAX,6.0,,DC,OO,8,D,LAX,,83.15,839,1009,87.31,5.00%,0.04767858157640507,880.95,1009,Cascaded,2027,880.95,1009
D0,DC/OO/8/D,LEX,6.0,,DC,OO,8,D,LEX,,72.73,24,33,76.36,5.00%,0.0013638688412797636,25.2,33,Cascaded,2027,25.200000000000003,33
D0,DC/OO/8/D,LFT,6.0,,DC,OO,8,D,LFT,,71.43,30,42,75.0,5.00%,0.0017048360515997045,31.5,42,Cascaded,2027,31.500000000000004,42
D0,DC/OO/8/D,LGA,6.0,,DC,OO,8,D,LGA,,73.43,105,143,77.1,5.00%,0.0059669261805989655,110.25,143,Cascaded,2027,110.25000000000001,143
D0,DC/OO/8/D,LGB,6.0,,DC,OO,8,D,LGB,,91.94,57,62,96.53,5.00%,0.0032391884980394387,59.85,62,Cascaded,2027,59.85000000000001,62
D0,DC/OO/8/D,LWS,6.0,,DC,OO,8,D,LWS,,81.97,50,61,86.07,5.00%,0.002841393419332841,52.5,61,Cascaded,2027,52.50000000000001,61
D0,DC/OO/8/D,MAF,6.0,,DC,OO,8,D,MAF,,77.01,67,87,80.86,5.00%,0.003807467181906007,70.35,87,Cascaded,2027,70.35000000000001,87
D0,DC/OO/8/D,MBS,6.0,,DC,OO,8,D,MBS,,75.42,89,118,79.19,5.00%,0.005057680286412456,93.45,118,Cascaded,2027,93.45000000000002,118
D0,DC/OO/8/D,MCI,6.0,,DC,OO,8,D,MCI,,73.68,14,19,77.37,5.00%,0.0007955901574131954,14.7,19,Cascaded,2027,14.700000000000001,19
D0,DC/OO/8/D,MDW,6.0,,DC,OO,8,D,MDW,,64.74,101,156,67.98,5.00%,0.005739614707052338,106.05,156,Cascaded,2027,106.05000000000001,156
D0,DC/OO/8/D,MEM,6.0,,DC,OO,8,D,MEM,,78.45,142,181,82.38,5.00%,0.008069557310905268,149.1,181,Cascaded,2027,149.10000000000002,181
D0,DC/OO/8/D,MFE,6.0,,DC,OO,8,D,MFE,,73.56,64,87,77.24,5.00%,0.0036369835767460362,67.2,87,Cascaded,2027,67.2,87
D0,DC/OO/8/D,MFR,6.0,,DC,OO,8,D,MFR,,88.24,135,153,92.65,5.00%,0.00767176223219867,141.75,153,Cascaded,2027,141.75000000000003,153
D0,DC/OO/8/D,MGM,6.0,,DC,OO,8,D,MGM,,62.0,31,50,65.1,5.00%,0.0017616639199863613,32.55,50,Cascaded,2027,32.550000000000004,50
D0,DC/OO/8/D,MKE,6.0,,DC,OO,8,D,MKE,,74.7,62,83,78.43,5.00%,0.0035233278399727226,65.1,83,Cascaded,2027,65.10000000000001,83
D0,DC/OO/8/D,MOB,6.0,,DC,OO,8,D,MOB,,50.0,6,12,52.5,5.00%,0.0003409672103199409,6.3,12,Cascaded,2027,6.300000000000001,12
D0,DC/OO/8/D,MOT,6.0,,DC,OO,8,D,MOT,,78.49,73,93,82.42,5.00%,0.004148434392225947,76.65,93,Cascaded,2027,76.65,93
D0,DC/OO/8/D,MQT,6.0,,DC,OO,8,D,MQT,,83.87,52,62,88.06,5.00%,0.0029550491561061544,54.6,62,Cascaded,2027,54.60000000000001,62
D0,DC/OO/8/D,MSN,6.0,,DC,OO,8,D,MSN,,72.03,103,143,75.63,5.00%,0.005853270443825652,108.15,143,Cascaded,2027,108.15,143
D0,DC/OO/8/D,MSO,6.0,,DC,OO,8,D,MSO,,83.87,52,62,88.06,5.00%,0.0029550491561061544,54.6,62,Cascaded,2027,54.60000000000001,62
D0,DC/OO/8/D,MSP,6.0,,DC,OO,8,D,MSP,,70.39,1488,2114,73.91,5.00%,0.08455986815934534,1562.4,2114,Cascaded,2027,1562.4,2114
D0,DC/OO/8/D,MSY,6.0,,DC,OO,8,D,MSY,,72.58,45,62,76.21,5.00%,0.002557254077399557,47.25,62,Cascaded,2027,47.25000000000001,62
D0,DC/OO/8/D,OAK,6.0,,DC,OO,8,D,OAK,,83.87,78,93,88.06,5.00%,0.004432573734159232,81.9,93,Cascaded,2027,81.9,93
D0,DC/OO/8/D,OKC,6.0,,DC,OO,8,D,OKC,,83.06,103,124,87.22,5.00%,0.005853270443825652,108.15,124,Cascaded,2027,108.15,124
D0,DC/OO/8/D,OMA,6.0,,DC,OO,8,D,OMA,,74.46,207,278,78.18,5.00%,0.011763368756037961,217.35,278,Cascaded,2027,217.35000000000002,278
D0,DC/OO/8/D,ONT,6.0,,DC,OO,8,D,ONT,,85.05,91,107,89.3,5.00%,0.0051713360231857705,95.55,107,Cascaded,2027,95.55000000000001,107
D0,DC/OO/8/D,ORD,6.0,,DC,OO,8,D,ORD,,75.0,3,4,78.75,5.00%,0.00017048360515997045,3.15,4,Cascaded,2027,3.1500000000000004,4
D0,DC/OO/8/D,PDX,6.0,,DC,OO,8,D,PDX,,79.71,165,207,83.7,5.00%,0.009376598283798375,173.25,207,Cascaded,2027,173.25000000000003,207
D0,DC/OO/8/D,PHX,6.0,,DC,OO,8,D,PHX,,80.28,114,142,84.3,5.00%,0.0064783769960788775,119.7,142,Cascaded,2027,119.70000000000002,142
D0,DC/OO/8/D,PIH,6.0,,DC,OO,8,D,PIH,,93.55,29,31,98.23,5.00%,0.0016480081832130477,30.45,31,Cascaded,2027,30.450000000000003,31
D0,DC/OO/8/D,PIT,6.0,,DC,OO,8,D,PIT,,61.82,68,110,64.91,5.00%,0.0038642950502926635,71.4,110,Cascaded,2027,71.4,110
D0,DC/OO/8/D,PLN,6.0,,DC,OO,8,D,PLN,,80.65,50,62,84.68,5.00%,0.002841393419332841,52.5,62,Cascaded,2027,52.50000000000001,62
D0,DC/OO/8/D,PSC,6.0,,DC,OO,8,D,PSC,,93.89,169,180,98.58,5.00%,0.009603909757345002,177.45,180,Cascaded,2027,177.45000000000002,180
D0,DC/OO/8/D,PSP,6.0,,DC,OO,8,D,PSP,,94.51,86,91,99.23,5.00%,0.004887196681252487,90.3,91,Cascaded,2027,90.30000000000001,91
D0,DC/OO/8/D,PVD,6.0,,DC,OO,8,D,PVD,,64.38,47,73,67.6,5.00%,0.0026709098141728706,49.35,73,Cascaded,2027,49.35000000000001,73
D0,DC/OO/8/D,RAP,6.0,,DC,OO,8,D,RAP,,80.0,8,10,84.0,5.00%,0.00045462294709325453,8.4,10,Cascaded,2027,8.4,10
D0,DC/OO/8/D,RDM,6.0,,DC,OO,8,D,RDM,,86.93,133,153,91.27,5.00%,0.007558106495425356,139.65,153,Cascaded,2027,139.65,153
D0,DC/OO/8/D,RHI,6.0,,DC,OO,8,D,RHI,,88.71,55,62,93.15,5.00%,0.003125532761266125,57.75,62,Cascaded,2027,57.75000000000001,62
D0,DC/OO/8/D,RIC,6.0,,DC,OO,8,D,RIC,,45.1,23,51,47.35,5.00%,0.0013070409728931068,24.15,51,Cascaded,2027,24.150000000000002,51
D0,DC/OO/8/D,RNO,6.0,,DC,OO,8,D,RNO,,81.25,117,144,85.31,5.00%,0.006648860601238847,122.85,144,Cascaded,2027,122.85000000000001,144
D0,DC/OO/8/D,ROC,6.0,,DC,OO,8,D,ROC,,59.21,45,76,62.17,5.00%,0.002557254077399557,47.25,76,Cascaded,2027,47.25000000000001,76
D0,DC/OO/8/D,RST,6.0,,DC,OO,8,D,RST,,41.18,7,17,43.24,5.00%,0.0003977950787065977,7.35,17,Cascaded,2027,7.3500000000000005,17
D0,DC/OO/8/D,SAN,6.0,,DC,OO,8,D,SAN,,79.23,145,183,83.2,5.00%,0.008240040916065238,152.25,183,Cascaded,2027,152.25000000000003,183
D0,DC/OO/8/D,SAV,6.0,,DC,OO,8,D,SAV,,45.16,14,31,47.42,5.00%,0.0007955901574131954,14.7,31,Cascaded,2027,14.700000000000001,31
D0,DC/OO/8/D,SBA,6.0,,DC,OO,8,D,SBA,,87.1,54,62,91.45,5.00%,0.003068704892879468,56.7,62,Cascaded,2027,56.70000000000001,62
D0,DC/OO/8/D,SBN,6.0,,DC,OO,8,D,SBN,,74.86,134,179,78.6,5.00%,0.007614934363812014,140.7,179,Cascaded,2027,140.70000000000002,179
D0,DC/OO/8/D,SDF,6.0,,DC,OO,8,D,SDF,,77.78,133,171,81.67,5.00%,0.007558106495425356,139.65,171,Cascaded,2027,139.65,171
D0,DC/OO/8/D,SEA,6.0,,DC,OO,8,D,SEA,,81.75,1339,1638,85.83,5.00%,0.07609251576973347,1405.95,1638,Cascaded,2027,1405.9500000000003,1638
D0,DC/OO/8/D,SFO,6.0,,DC,OO,8,D,SFO,,69.89,65,93,73.39,5.00%,0.0036938114451326933,68.25,93,Cascaded,2027,68.25000000000001,93
D0,DC/OO/8/D,SGF,6.0,,DC,OO,8,D,SGF,,79.37,50,63,83.33,5.00%,0.002841393419332841,52.5,63,Cascaded,2027,52.50000000000001,63
D0,DC/OO/8/D,SGU,6.0,,DC,OO,8,D,SGU,,93.94,124,132,98.64,5.00%,0.007046655679945445,130.2,132,Cascaded,2027,130.20000000000002,132
D0,DC/OO/8/D,SHV,6.0,,DC,OO,8,D,SHV,,73.53,100,136,77.21,5.00%,0.005682786838665682,105.0,136,Cascaded,2027,105.00000000000001,136
D0,DC/OO/8/D,SJC,6.0,,DC,OO,8,D,SJC,,88.84,390,439,93.28,5.00%,0.022162868670796157,409.5,439,Cascaded,2027,409.50000000000006,439
D0,DC/OO/8/D,SLC,6.0,,DC,OO,8,D,SLC,,85.9,2285,2660,90.2,5.00%,0.12985167926351082,2399.25,2660,Cascaded,2027,2399.2500000000005,2660
D0,DC/OO/8/D,SMF,6.0,,DC,OO,8,D,SMF,,84.59,302,357,88.82,5.00%,0.01716201625277036,317.1,357,Cascaded,2027,317.1,357
D0,DC/OO/8/D,SNA,6.0,,DC,OO,8,D,SNA,,78.38,87,111,82.3,5.00%,0.004944024549639143,91.35,111,Cascaded,2027,91.35000000000001,111
D0,DC/OO/8/D,STL,6.0,,DC,OO,8,D,STL,,71.11,32,45,74.67,5.00%,0.0018184917883730181,33.6,45,Cascaded,2027,33.6,45
D0,DC/OO/8/D,SUN,6.0,,DC,OO,8,D,SUN,,93.55,87,93,98.23,5.00%,0.004944024549639143,91.35,93,Cascaded,2027,91.35000000000001,93
D0,DC/OO/8/D,SYR,6.0,,DC,OO,8,D,SYR,,100.0,10,10,105.0,5.00%,0.0005682786838665682,10.5,10,Cascaded,2027,10.500000000000002,10
D0,DC/OO/8/D,TLH,6.0,,DC,OO,8,D,TLH,,0.0,0,2,0.0,0.00%,0.0,0.0,2,Cascaded,2027,0.0,2
D0,DC/OO/8/D,TRI,6.0,,DC,OO,8,D,TRI,,66.67,26,39,70.0,5.00%,0.0014775245780530772,27.3,39,Cascaded,2027,27.300000000000004,39
D0,DC/OO/8/D,TUL,6.0,,DC,OO,8,D,TUL,,90.32,56,62,94.84,5.00%,0.0031823606296527817,58.8,62,Cascaded,2027,58.800000000000004,62
D0,DC/OO/8/D,TUS,6.0,,DC,OO,8,D,TUS,,83.5,172,206,87.67,5.00%,0.009774393362504973,180.6,206,Cascaded,2027,180.60000000000002,206
D0,DC/OO/8/D,TVC,6.0,,DC,OO,8,D,TVC,,66.0,66,100,69.3,5.00%,0.00375063931351935,69.3,100,Cascaded,2027,69.30000000000001,100
D0,DC/OO/8/D,TWF,6.0,,DC,OO,8,D,TWF,,100.0,56,56,105.0,5.00%,0.0031823606296527817,58.8,56,Cascaded,2027,58.800000000000004,56
D0,DC/OO/8/D,WYS,6.0,,DC,OO,8,D,WYS,,80.56,29,36,84.58,5.00%,0.0016480081832130477,30.45,36,Cascaded,2027,30.450000000000003,36
D0,DC/OO/8/D,XNA,6.0,,DC,OO,8,D,XNA,,65.85,27,41,69.15,5.00%,0.001534352446439734,28.35,41,Cascaded,2027,28.350000000000005,41
D0,DC/OO/8/D,XWA,6.0,,DC,OO,8,D,XWA,,76.14,67,88,79.94,5.00%,0.003807467181906007,70.35,88,Cascaded,2027,70.35000000000001,88
D0,DC/OO/8/I,DTW,6.0,,DC,OO,8,I,DTW,,52.86,37,70,55.5,5.00%,0.04654088050314465,38.85,70,Cascaded,2027,38.85000000000001,70
D0,DC/OO/8/I,MSP,6.0,,DC,OO,8,I,MSP,,57.63,68,118,60.51,5.00%,0.08553459119496855,71.4,118,Cascaded,2027,71.4,118
D0,DC/OO/8/I,SEA,6.0,,DC,OO,8,I,SEA,,75.0,147,196,78.75,5.00%,0.18490566037735848,154.35,196,Cascaded,2027,154.35000000000002,196
D0,DC/OO/8/I,SLC,6.0,,DC,OO,8,I,SLC,,70.32,109,155,73.84,5.00%,0.1371069182389937,114.45,155,Cascaded,2027,114.45000000000002,155
D0,DC/OO/8/I,YUL,6.0,,DC,OO,8,I,YUL,,85.48,53,62,89.76,5.00%,0.06666666666666667,55.65,62,Cascaded,2027,55.650000000000006,62
D0,DC/OO/8/I,YVR,6.0,,DC,OO,8,I,YVR,,78.55,227,289,82.47,5.00%,0.28553459119496855,238.35,289,Cascaded,2027,238.35000000000002,289
D0,DC/OO/8/I,YWG,6.0,,DC,OO,8,I,YWG,,84.75,100,118,88.98,5.00%,0.12578616352201258,105.0,118,Cascaded,2027,105.00000000000001,118
D0,DC/OO/8/I,YYC,6.0,,DC,OO,8,I,YYC,,79.03,49,62,82.98,5.00%,0.061635220125786164,51.45,62,Cascaded,2027,51.45000000000001,62
D0,DC/OO/8/I,YYZ,6.0,,DC,OO,8,I,YYZ,,62.5,5,8,65.63,5.00%,0.006289308176100629,5.25,8,Cascaded,2027,5.250000000000001,8
D0,DC/OO/9/D,ABQ,6.0,,DC,OO,9,D,ABQ,,86.83,145,167,91.17,5.00%,0.008090163477096467,152.25,167,Cascaded,2027,152.25,167
D0,DC/OO/9/D,ABR,6.0,,DC,OO,9,D,ABR,,88.33,53,60,92.75,5.00%,0.0029570942364559503,55.65,60,Cascaded,2027,55.650000000000006,60
D0,DC/OO/9/D,ABY,6.0,,DC,OO,9,D,ABY,,84.78,39,46,89.02,5.00%,0.0021759750041845673,40.95,46,Cascaded,2027,40.95,46
D0,DC/OO/9/D,ALB,6.0,,DC,OO,9,D,ALB,,82.98,39,47,87.13,5.00%,0.0021759750041845673,40.95,47,Cascaded,2027,40.95,47
D0,DC/OO/9/D,APN,6.0,,DC,OO,9,D,APN,,100.0,53,53,105.0,5.00%,0.0029570942364559503,55.65,53,Cascaded,2027,55.650000000000006,53
D0,DC/OO/9/D,ASE,6.0,,DC,OO,9,D,ASE,,71.67,43,60,75.25,5.00%,0.002399151927690677,45.15,60,Cascaded,2027,45.150000000000006,60
D0,DC/OO/9/D,ATL,6.0,,DC,OO,9,D,ATL,,80.62,470,583,84.65,5.00%,0.02622328851196786,493.5,583,Cascaded,2027,493.50000000000006,583
D0,DC/OO/9/D,ATW,6.0,,DC,OO,9,D,ATW,,80.56,145,180,84.58,5.00%,0.008090163477096467,152.25,180,Cascaded,2027,152.25,180
D0,DC/OO/9/D,ATY,6.0,,DC,OO,9,D,ATY,,93.33,28,30,98.0,5.00%,0.0015622384645427663,29.4,30,Cascaded,2027,29.400000000000002,30
D0,DC/OO/9/D,AUS,6.0,,DC,OO,9,D,AUS,,82.54,397,481,86.66,5.00%,0.022150309657981364,416.85,481,Cascaded,2027,416.85,481
D0,DC/OO/9/D,AZO,6.0,,DC,OO,9,D,AZO,,85.88,73,85,90.18,5.00%,0.0040729788539864975,76.65,85,Cascaded,2027,76.65,85
D0,DC/OO/9/D,BGM,6.0,,DC,OO,9,D,BGM,,76.67,23,30,80.5,5.00%,0.0012832673101601294,24.15,30,Cascaded,2027,24.150000000000002,30
D0,DC/OO/9/D,BIL,6.0,,DC,OO,9,D,BIL,,95.0,57,60,99.75,5.00%,0.00318027115996206,59.85,60,Cascaded,2027,59.85,60
D0,DC/OO/9/D,BIS,6.0,,DC,OO,9,D,BIS,,80.19,85,106,84.2,5.00%,0.004742509624504826,89.25,106,Cascaded,2027,89.25,106
D0,DC/OO/9/D,BJI,6.0,,DC,OO,9,D,BJI,,85.0,51,60,89.25,5.00%,0.002845505774702896,53.55,60,Cascaded,2027,53.550000000000004,60
D0,DC/OO/9/D,BMI,6.0,,DC,OO,9,D,BMI,,95.0,19,20,99.75,5.00%,0.00106009038665402,19.95,20,Cascaded,2027,19.950000000000003,20
D0,DC/OO/9/D,BNA,6.0,,DC,OO,9,D,BNA,,82.35,98,119,86.47,5.00%,0.005467834625899682,102.9,119,Cascaded,2027,102.9,119
D0,DC/OO/9/D,BOI,6.0,,DC,OO,9,D,BOI,,92.71,267,288,97.34,5.00%,0.014897059644032807,280.35,288,Cascaded,2027,280.35,288
D0,DC/OO/9/D,BRD,6.0,,DC,OO,9,D,BRD,,81.13,43,53,85.19,5.00%,0.002399151927690677,45.15,53,Cascaded,2027,45.150000000000006,53
D0,DC/OO/9/D,BTM,6.0,,DC,OO,9,D,BTM,,93.33,28,30,98.0,5.00%,0.0015622384645427663,29.4,30,Cascaded,2027,29.400000000000002,30
D0,DC/OO/9/D,BTR,6.0,,DC,OO,9,D,BTR,,33.33,1,3,35.0,5.00%,5.579423087652737e-05,1.05,3,Cascaded,2027,1.05,3
D0,DC/OO/9/D,BUF,6.0,,DC,OO,9,D,BUF,,79.17,19,24,83.13,5.00%,0.00106009038665402,19.95,24,Cascaded,2027,19.950000000000003,24
D0,DC/OO/9/D,BUR,6.0,,DC,OO,9,D,BUR,,80.72,67,83,84.76,5.00%,0.0037382134687273336,70.35,83,Cascaded,2027,70.35000000000001,83
D0,DC/OO/9/D,BZN,6.0,,DC,OO,9,D,BZN,,90.62,116,128,95.16,5.00%,0.006472130781677175,121.8,128,Cascaded,2027,121.80000000000001,128
D0,DC/OO/9/D,CDC,6.0,,DC,OO,9,D,CDC,,96.23,51,53,101.04,5.00%,0.002845505774702896,53.55,53,Cascaded,2027,53.550000000000004,53
D0,DC/OO/9/D,CHS,6.0,,DC,OO,9,D,CHS,,65.0,26,40,68.25,5.00%,0.0014506500027897115,27.3,40,Cascaded,2027,27.3,40
D0,DC/OO/9/D,CID,6.0,,DC,OO,9,D,CID,,70.18,40,57,73.68,5.00%,0.0022317692350610945,42.0,57,Cascaded,2027,42.0,57
D0,DC/OO/9/D,CIU,6.0,,DC,OO,9,D,CIU,,81.67,49,60,85.75,5.00%,0.002733917312949841,51.45,60,Cascaded,2027,51.45,60
D0,DC/OO/9/D,CLE,6.0,,DC,OO,9,D,CLE,,88.57,62,70,93.0,5.00%,0.003459242314344697,65.1,70,Cascaded,2027,65.10000000000001,70
D0,DC/OO/9/D,CMH,6.0,,DC,OO,9,D,CMH,,65.91,29,44,69.2,5.00%,0.0016180326954192937,30.45,44,Cascaded,2027,30.450000000000003,44
D0,DC/OO/9/D,COS,6.0,,DC,OO,9,D,COS,,88.33,53,60,92.75,5.00%,0.0029570942364559503,55.65,60,Cascaded,2027,55.650000000000006,60
D0,DC/OO/9/D,CRW,6.0,,DC,OO,9,D,CRW,,87.18,34,39,91.54,5.00%,0.0018970038498019304,35.7,39,Cascaded,2027,35.7,39
D0,DC/OO/9/D,DLH,6.0,,DC,OO,9,D,DLH,,79.38,77,97,83.35,5.00%,0.004296155777492607,80.85,97,Cascaded,2027,80.85000000000001,97
D0,DC/OO/9/D,DSM,6.0,,DC,OO,9,D,DSM,,76.92,10,13,80.77,5.00%,0.0005579423087652736,10.5,13,Cascaded,2027,10.5,13
D0,DC/OO/9/D,DTW,6.0,,DC,OO,9,D,DTW,,79.75,1666,2089,83.74,5.00%,0.09295318864029459,1749.3,2089,Cascaded,2027,1749.3000000000002,2089
D0,DC/OO/9/D,ECP,6.0,,DC,OO,9,D,ECP,,83.33,25,30,87.5,5.00%,0.0013948557719131842,26.25,30,Cascaded,2027,26.250000000000004,30
D0,DC/OO/9/D,EKO,6.0,,DC,OO,9,D,EKO,,100.0,46,46,105.0,5.00%,0.002566534620320259,48.3,46,Cascaded,2027,48.300000000000004,46
D0,DC/OO/9/D,ELM,6.0,,DC,OO,9,D,ELM,,85.71,66,77,90.0,5.00%,0.003682419237850806,69.3,77,Cascaded,2027,69.30000000000001,77
D0,DC/OO/9/D,ESC,6.0,,DC,OO,9,D,ESC,,92.45,49,53,97.08,5.00%,0.002733917312949841,51.45,53,Cascaded,2027,51.45,53
D0,DC/OO/9/D,EUG,6.0,,DC,OO,9,D,EUG,,93.33,140,150,98.0,5.00%,0.007811192322713831,147.0,150,Cascaded,2027,147.0,150
D0,DC/OO/9/D,FAR,6.0,,DC,OO,9,D,FAR,,84.51,60,71,88.73,5.00%,0.003347653852591642,63.0,71,Cascaded,2027,63.00000000000001,71
D0,DC/OO/9/D,FAT,6.0,,DC,OO,9,D,FAT,,88.18,97,110,92.59,5.00%,0.005412040395023155,101.85,110,Cascaded,2027,101.85000000000001,110
D0,DC/OO/9/D,FCA,6.0,,DC,OO,9,D,FCA,,83.33,50,60,87.5,5.00%,0.0027897115438263683,52.5,60,Cascaded,2027,52.50000000000001,60
D0,DC/OO/9/D,FSD,6.0,,DC,OO,9,D,FSD,,75.0,30,40,78.75,5.00%,0.001673826926295821,31.5,40,Cascaded,2027,31.500000000000004,40
D0,DC/OO/9/D,FWA,6.0,,DC,OO,9,D,FWA,,82.56,142,172,86.69,5.00%,0.007922780784466886,149.1,172,Cascaded,2027,149.10000000000002,172
D0,DC/OO/9/D,GEG,6.0,,DC,OO,9,D,GEG,,86.88,298,343,91.22,5.00%,0.016626680801205156,312.9,343,Cascaded,2027,312.90000000000003,343
D0,DC/OO/9/D,GFK,6.0,,DC,OO,9,D,GFK,,71.11,64,90,74.67,5.00%,0.0035708307760977517,67.2,90,Cascaded,2027,67.2,90
D0,DC/OO/9/D,GJT,6.0,,DC,OO,9,D,GJT,,90.57,48,53,95.09,5.00%,0.0026781230820733136,50.4,53,Cascaded,2027,50.400000000000006,53
D0,DC/OO/9/D,GRB,6.0,,DC,OO,9,D,GRB,,66.67,28,42,70.0,5.00%,0.0015622384645427663,29.4,42,Cascaded,2027,29.400000000000002,42
D0,DC/OO/9/D,GRR,6.0,,DC,OO,9,D,GRR,,77.08,111,144,80.94,5.00%,0.006193159627294538,116.55,144,Cascaded,2027,116.55000000000001,144
D0,DC/OO/9/D,GSO,6.0,,DC,OO,9,D,GSO,,93.33,14,15,98.0,5.00%,0.0007811192322713832,14.7,15,Cascaded,2027,14.700000000000001,15
D0,DC/OO/9/D,GSP,6.0,,DC,OO,9,D,GSP,,59.09,13,22,62.05,5.00%,0.0007253250013948558,13.65,22,Cascaded,2027,13.65,22
D0,DC/OO/9/D,GTF,6.0,,DC,OO,9,D,GTF,,94.85,92,97,99.59,5.00%,0.005133069240640518,96.6,97,Cascaded,2027,96.60000000000001,97
D0,DC/OO/9/D,HIB,6.0,,DC,OO,9,D,HIB,,80.39,41,51,84.41,5.00%,0.002287563465937622,43.05,51,Cascaded,2027,43.050000000000004,51
D0,DC/OO/9/D,HLN,6.0,,DC,OO,9,D,HLN,,95.0,57,60,99.75,5.00%,0.00318027115996206,59.85,60,Cascaded,2027,59.85,60
D0,DC/OO/9/D,HSV,6.0,,DC,OO,9,D,HSV,,88.89,32,36,93.33,5.00%,0.0017854153880488759,33.6,36,Cascaded,2027,33.6,36
D0,DC/OO/9/D,IAD,6.0,,DC,OO,9,D,IAD,,80.61,79,98,84.64,5.00%,0.004407744239245662,82.95,98,Cascaded,2027,82.95,98
D0,DC/OO/9/D,ICT,6.0,,DC,OO,9,D,ICT,,75.0,42,56,78.75,5.00%,0.0023433576968141493,44.1,56,Cascaded,2027,44.1,56
D0,DC/OO/9/D,IDA,6.0,,DC,OO,9,D,IDA,,92.54,62,67,97.16,5.00%,0.003459242314344697,65.1,67,Cascaded,2027,65.10000000000001,67
D0,DC/OO/9/D,IMT,6.0,,DC,OO,9,D,IMT,,81.67,49,60,85.75,5.00%,0.002733917312949841,51.45,60,Cascaded,2027,51.45,60
D0,DC/OO/9/D,IND,6.0,,DC,OO,9,D,IND,,90.18,101,112,94.69,5.00%,0.005635217318529264,106.05,112,Cascaded,2027,106.05000000000001,112
D0,DC/OO/9/D,INL,6.0,,DC,OO,9,D,INL,,87.5,49,56,91.88,5.00%,0.002733917312949841,51.45,56,Cascaded,2027,51.45,56
D0,DC/OO/9/D,JAC,6.0,,DC,OO,9,D,JAC,,87.5,28,32,91.88,5.00%,0.0015622384645427663,29.4,32,Cascaded,2027,29.400000000000002,32
D0,DC/OO/9/D,JAX,6.0,,DC,OO,9,D,JAX,,90.0,27,30,94.5,5.00%,0.001506444233666239,28.35,30,Cascaded,2027,28.35,30
D0,DC/OO/9/D,LAN,6.0,,DC,OO,9,D,LAN,,88.37,76,86,92.79,5.00%,0.00424036154661608,79.8,86,Cascaded,2027,79.80000000000001,86
D0,DC/OO/9/D,LAS,6.0,,DC,OO,9,D,LAS,,79.9,167,209,83.9,5.00%,0.009317636556380071,175.35,209,Cascaded,2027,175.35000000000002,209
D0,DC/OO/9/D,LAX,6.0,,DC,OO,9,D,LAX,,85.86,832,969,90.15,5.00%,0.04642080008927077,873.6,969,Cascaded,2027,873.6,969
D0,DC/OO/9/D,LEX,6.0,,DC,OO,9,D,LEX,,96.15,25,26,100.96,5.00%,0.0013948557719131842,26.25,26,Cascaded,2027,26.250000000000004,26
D0,DC/OO/9/D,LFT,6.0,,DC,OO,9,D,LFT,,77.78,21,27,81.67,5.00%,0.0011716788484070746,22.05,27,Cascaded,2027,22.05,27
D0,DC/OO/9/D,LGA,6.0,,DC,OO,9,D,LGA,,79.43,112,141,83.4,5.00%,0.006248953858171065,117.6,141,Cascaded,2027,117.60000000000001,141
D0,DC/OO/9/D,LGB,6.0,,DC,OO,9,D,LGB,,85.0,51,60,89.25,5.00%,0.002845505774702896,53.55,60,Cascaded,2027,53.550000000000004,60
D0,DC/OO/9/D,LIT,6.0,,DC,OO,9,D,LIT,,86.96,20,23,91.3,5.00%,0.0011158846175305472,21.0,23,Cascaded,2027,21.0,23
D0,DC/OO/9/D,LWS,6.0,,DC,OO,9,D,LWS,,95.0,57,60,99.75,5.00%,0.00318027115996206,59.85,60,Cascaded,2027,59.85,60
D0,DC/OO/9/D,MAF,6.0,,DC,OO,9,D,MAF,,84.52,71,84,88.75,5.00%,0.003961390392233443,74.55,84,Cascaded,2027,74.55000000000001,84
D0,DC/OO/9/D,MBS,6.0,,DC,OO,9,D,MBS,,85.34,99,116,89.61,5.00%,0.005523628856776209,103.95,116,Cascaded,2027,103.95,116
D0,DC/OO/9/D,MCI,6.0,,DC,OO,9,D,MCI,,57.89,11,19,60.79,5.00%,0.000613736539641801,11.55,19,Cascaded,2027,11.55,19
D0,DC/OO/9/D,MDT,6.0,,DC,OO,9,D,MDT,,50.0,1,2,52.5,5.00%,5.579423087652737e-05,1.05,2,Cascaded,2027,1.05,2
D0,DC/OO/9/D,MDW,6.0,,DC,OO,9,D,MDW,,79.47,120,151,83.44,5.00%,0.006695307705183284,126.0,151,Cascaded,2027,126.00000000000001,151
D0,DC/OO/9/D,MEM,6.0,,DC,OO,9,D,MEM,,80.56,174,216,84.58,5.00%,0.009708196172515763,182.7,216,Cascaded,2027,182.70000000000002,216
D0,DC/OO/9/D,MFE,6.0,,DC,OO,9,D,MFE,,90.7,78,86,95.23,5.00%,0.004351950008369135,81.9,86,Cascaded,2027,81.9,86
D0,DC/OO/9/D,MFR,6.0,,DC,OO,9,D,MFR,,94.67,142,150,99.4,5.00%,0.007922780784466886,149.1,150,Cascaded,2027,149.10000000000002,150
D0,DC/OO/9/D,MGM,6.0,,DC,OO,9,D,MGM,,83.33,50,60,87.5,5.00%,0.0027897115438263683,52.5,60,Cascaded,2027,52.50000000000001,60
D0,DC/OO/9/D,MKE,6.0,,DC,OO,9,D,MKE,,82.56,71,86,86.69,5.00%,0.003961390392233443,74.55,86,Cascaded,2027,74.55000000000001,86
D0,DC/OO/9/D,MOB,6.0,,DC,OO,9,D,MOB,,0.0,0,1,0.0,0.00%,0.0,0.0,1,Cascaded,2027,0.0,1
D0,DC/OO/9/D,MOT,6.0,,DC,OO,9,D,MOT,,80.0,84,105,84.0,5.00%,0.0046867153936282985,88.2,105,Cascaded,2027,88.2,105
D0,DC/OO/9/D,MQT,6.0,,DC,OO,9,D,MQT,,76.67,46,60,80.5,5.00%,0.002566534620320259,48.3,60,Cascaded,2027,48.300000000000004,60
D0,DC/OO/9/D,MSN,6.0,,DC,OO,9,D,MSN,,85.35,134,157,89.62,5.00%,0.007476426937454667,140.7,157,Cascaded,2027,140.70000000000002,157
D0,DC/OO/9/D,MSO,6.0,,DC,OO,9,D,MSO,,91.84,45,49,96.43,5.00%,0.0025107403894437316,47.25,49,Cascaded,2027,47.25,49
D0,DC/OO/9/D,MSP,6.0,,DC,OO,9,D,MSP,,78.99,1733,2194,82.94,5.00%,0.09669140210902193,1819.65,2194,Cascaded,2027,1819.65,2194
D0,DC/OO/9/D,MSY,6.0,,DC,OO,9,D,MSY,,86.67,52,60,91.0,5.00%,0.002901300005579423,54.6,60,Cascaded,2027,54.6,60
D0,DC/OO/9/D,OAK,6.0,,DC,OO,9,D,OAK,,87.78,79,90,92.17,5.00%,0.004407744239245662,82.95,90,Cascaded,2027,82.95,90
D0,DC/OO/9/D,OKC,6.0,,DC,OO,9,D,OKC,,90.83,109,120,95.38,5.00%,0.006081571165541483,114.45,120,Cascaded,2027,114.45,120
D0,DC/OO/9/D,OMA,6.0,,DC,OO,9,D,OMA,,86.82,224,258,91.16,5.00%,0.01249790771634213,235.2,258,Cascaded,2027,235.20000000000002,258
D0,DC/OO/9/D,ONT,6.0,,DC,OO,9,D,ONT,,88.07,96,109,92.48,5.00%,0.005356246164146627,100.8,109,Cascaded,2027,100.80000000000001,109
D0,DC/OO/9/D,ORD,6.0,,DC,OO,9,D,ORD,,75.0,3,4,78.75,5.00%,0.0001673826926295821,3.15,4,Cascaded,2027,3.1500000000000004,4
D0,DC/OO/9/D,ORF,6.0,,DC,OO,9,D,ORF,,64.71,11,17,67.94,5.00%,0.000613736539641801,11.55,17,Cascaded,2027,11.55,17
D0,DC/OO/9/D,PDX,6.0,,DC,OO,9,D,PDX,,82.23,162,197,86.35,5.00%,0.009038665401997433,170.1,197,Cascaded,2027,170.10000000000002,197
D0,DC/OO/9/D,PHX,6.0,,DC,OO,9,D,PHX,,86.76,118,136,91.1,5.00%,0.006583719243430229,123.9,136,Cascaded,2027,123.9,136
D0,DC/OO/9/D,PIH,6.0,,DC,OO,9,D,PIH,,90.0,27,30,94.5,5.00%,0.001506444233666239,28.35,30,Cascaded,2027,28.35,30
D0,DC/OO/9/D,PIT,6.0,,DC,OO,9,D,PIT,,85.32,93,109,89.59,5.00%,0.005188863471517045,97.65,109,Cascaded,2027,97.65,109
D0,DC/OO/9/D,PLN,6.0,,DC,OO,9,D,PLN,,85.0,51,60,89.25,5.00%,0.002845505774702896,53.55,60,Cascaded,2027,53.550000000000004,60
D0,DC/OO/9/D,PSC,6.0,,DC,OO,9,D,PSC,,94.08,143,152,98.78,5.00%,0.007978575015343414,150.15,152,Cascaded,2027,150.15,152
D0,DC/OO/9/D,PSP,6.0,,DC,OO,9,D,PSP,,96.47,82,85,101.29,5.00%,0.004575126931875244,86.1,85,Cascaded,2027,86.10000000000001,85
D0,DC/OO/9/D,PVD,6.0,,DC,OO,9,D,PVD,,76.92,50,65,80.77,5.00%,0.0027897115438263683,52.5,65,Cascaded,2027,52.50000000000001,65
D0,DC/OO/9/D,RAP,6.0,,DC,OO,9,D,RAP,,88.89,16,18,93.33,5.00%,0.0008927076940244379,16.8,18,Cascaded,2027,16.8,18
D0,DC/OO/9/D,RDM,6.0,,DC,OO,9,D,RDM,,86.67,130,150,91.0,5.00%,0.007253250013948558,136.5,150,Cascaded,2027,136.5,150
D0,DC/OO/9/D,RHI,6.0,,DC,OO,9,D,RHI,,93.33,56,60,98.0,5.00%,0.0031244769290855326,58.8,60,Cascaded,2027,58.800000000000004,60
D0,DC/OO/9/D,RIC,6.0,,DC,OO,9,D,RIC,,61.19,41,67,64.25,5.00%,0.002287563465937622,43.05,67,Cascaded,2027,43.050000000000004,67
D0,DC/OO/9/D,RNO,6.0,,DC,OO,9,D,RNO,,90.51,124,137,95.04,5.00%,0.006918484628689394,130.2,137,Cascaded,2027,130.20000000000002,137
D0,DC/OO/9/D,ROC,6.0,,DC,OO,9,D,ROC,,78.57,44,56,82.5,5.00%,0.002454946158567204,46.2,56,Cascaded,2027,46.2,56
D0,DC/OO/9/D,RST,6.0,,DC,OO,9,D,RST,,87.5,42,48,91.88,5.00%,0.0023433576968141493,44.1,48,Cascaded,2027,44.1,48
D0,DC/OO/9/D,SAN,6.0,,DC,OO,9,D,SAN,,76.36,126,165,80.18,5.00%,0.007030073090442448,132.3,165,Cascaded,2027,132.3,165
D0,DC/OO/9/D,SAV,6.0,,DC,OO,9,D,SAV,,40.0,10,25,42.0,5.00%,0.0005579423087652736,10.5,25,Cascaded,2027,10.5,25
D0,DC/OO/9/D,SBA,6.0,,DC,OO,9,D,SBA,,91.67,55,60,96.25,5.00%,0.003068682698209005,57.75,60,Cascaded,2027,57.75000000000001,60
D0,DC/OO/9/D,SBN,6.0,,DC,OO,9,D,SBN,,80.59,137,170,84.62,5.00%,0.007643809630084249,143.85,170,Cascaded,2027,143.85000000000002,170
D0,DC/OO/9/D,SDF,6.0,,DC,OO,9,D,SDF,,88.68,94,106,93.11,5.00%,0.005244657702393573,98.7,106,Cascaded,2027,98.7,106
D0,DC/OO/9/D,SEA,6.0,,DC,OO,9,D,SEA,,86.31,1356,1571,90.63,5.00%,0.07565697706857111,1423.8,1571,Cascaded,2027,1423.8000000000002,1571
D0,DC/OO/9/D,SFO,6.0,,DC,OO,9,D,SFO,,72.29,60,83,75.9,5.00%,0.003347653852591642,63.0,83,Cascaded,2027,63.00000000000001,83
D0,DC/OO/9/D,SGF,6.0,,DC,OO,9,D,SGF,,85.71,18,21,90.0,5.00%,0.0010042961557774927,18.9,21,Cascaded,2027,18.900000000000002,21
D0,DC/OO/9/D,SGU,6.0,,DC,OO,9,D,SGU,,92.47,135,146,97.09,5.00%,0.007532221168331195,141.75,146,Cascaded,2027,141.75,146
D0,DC/OO/9/D,SHV,6.0,,DC,OO,9,D,SHV,,78.79,104,132,82.73,5.00%,0.005802600011158846,109.2,132,Cascaded,2027,109.2,132
D0,DC/OO/9/D,SJC,6.0,,DC,OO,9,D,SJC,,88.97,371,417,93.42,5.00%,0.020699659655191653,389.55,417,Cascaded,2027,389.55,417
D0,DC/OO/9/D,SLC,6.0,,DC,OO,9,D,SLC,,87.04,2143,2462,91.4,5.00%,0.11956703676839815,2250.15,2462,Cascaded,2027,2250.15,2462
D0,DC/OO/9/D,SMF,6.0,,DC,OO,9,D,SMF,,89.25,299,335,93.72,5.00%,0.016682475032081683,313.95,335,Cascaded,2027,313.95000000000005,335
D0,DC/OO/9/D,SNA,6.0,,DC,OO,9,D,SNA,,78.65,70,89,82.58,5.00%,0.0039055961613569156,73.5,89,Cascaded,2027,73.5,89
D0,DC/OO/9/D,STL,6.0,,DC,OO,9,D,STL,,68.57,24,35,72.0,5.00%,0.0013390615410366568,25.2,35,Cascaded,2027,25.200000000000003,35
D0,DC/OO/9/D,SUN,6.0,,DC,OO,9,D,SUN,,94.44,85,90,99.17,5.00%,0.004742509624504826,89.25,90,Cascaded,2027,89.25,90
D0,DC/OO/9/D,TLH,6.0,,DC,OO,9,D,TLH,,0.0,0,1,0.0,0.00%,0.0,0.0,1,Cascaded,2027,0.0,1
D0,DC/OO/9/D,TRI,6.0,,DC,OO,9,D,TRI,,69.77,30,43,73.26,5.00%,0.001673826926295821,31.5,43,Cascaded,2027,31.500000000000004,43
D0,DC/OO/9/D,TUL,6.0,,DC,OO,9,D,TUL,,91.89,34,37,96.49,5.00%,0.0018970038498019304,35.7,37,Cascaded,2027,35.7,37
D0,DC/OO/9/D,TUS,6.0,,DC,OO,9,D,TUS,,87.31,172,197,91.68,5.00%,0.009596607710762707,180.6,197,Cascaded,2027,180.60000000000002,197
D0,DC/OO/9/D,TVC,6.0,,DC,OO,9,D,TVC,,77.42,48,62,81.29,5.00%,0.0026781230820733136,50.4,62,Cascaded,2027,50.400000000000006,62
D0,DC/OO/9/D,TWF,6.0,,DC,OO,9,D,TWF,,96.67,58,60,101.5,5.00%,0.0032360653908385874,60.9,60,Cascaded,2027,60.900000000000006,60
D0,DC/OO/9/D,WYS,6.0,,DC,OO,9,D,WYS,,96.77,30,31,101.61,5.00%,0.001673826926295821,31.5,31,Cascaded,2027,31.500000000000004,31
D0,DC/OO/9/D,XNA,6.0,,DC,OO,9,D,XNA,,80.0,24,30,84.0,5.00%,0.0013390615410366568,25.2,30,Cascaded,2027,25.200000000000003,30
D0,DC/OO/9/D,XWA,6.0,,DC,OO,9,D,XWA,,82.56,71,86,86.69,5.00%,0.003961390392233443,74.55,86,Cascaded,2027,74.55000000000001,86
D0,DC/OO/9/I,DTW,6.0,,DC,OO,9,I,DTW,,73.33,44,60,77.0,5.00%,0.04835164835164835,46.2,60,Cascaded,2027,46.2,60
D0,DC/OO/9/I,MSP,6.0,,DC,OO,9,I,MSP,,71.84,125,174,75.43,5.00%,0.13736263736263737,131.25,174,Cascaded,2027,131.25000000000003,174
D0,DC/OO/9/I,SEA,6.0,,DC,OO,9,I,SEA,,83.33,150,180,87.5,5.00%,0.16483516483516483,157.5,180,Cascaded,2027,157.50000000000003,180
D0,DC/OO/9/I,SLC,6.0,,DC,OO,9,I,SLC,,82.79,101,122,86.93,5.00%,0.11098901098901098,106.05,122,Cascaded,2027,106.05000000000001,122
D0,DC/OO/9/I,YUL,6.0,,DC,OO,9,I,YUL,,96.67,58,60,101.5,5.00%,0.06373626373626373,60.9,60,Cascaded,2027,60.900000000000006,60
D0,DC/OO/9/I,YVR,6.0,,DC,OO,9,I,YVR,,92.56,224,242,97.19,5.00%,0.24615384615384617,235.2,242,Cascaded,2027,235.20000000000002,242
D0,DC/OO/9/I,YWG,6.0,,DC,OO,9,I,YWG,,91.38,106,116,95.95,5.00%,0.11648351648351649,111.3,116,Cascaded,2027,111.30000000000001,116
D0,DC/OO/9/I,YYC,6.0,,DC,OO,9,I,YYC,,91.67,55,60,96.25,5.00%,0.06043956043956044,57.75,60,Cascaded,2027,57.75000000000001,60
D0,DC/OO/9/I,YYZ,6.0,,DC,OO,9,I,YYZ,,82.46,47,57,86.58,5.00%,0.051648351648351645,49.35,57,Cascaded,2027,49.35000000000001,57
D0,DC/YX/1/D,BNA,6.0,,DC,YX,1,D,BNA,,80.84,173,214,84.88,5.00%,0.031650201244054155,181.65,214,Cascaded,2027,181.65,214
D0,DC/YX/1/D,BOS,6.0,,DC,YX,1,D,BOS,,74.84,1249,1669,78.58,5.00%,0.22850347603366264,1311.45,1669,Cascaded,2027,1311.45,1669
D0,DC/YX/1/D,BUF,6.0,,DC,YX,1,D,BUF,,68.25,43,63,71.67,5.00%,0.007866813025978778,45.15,63,Cascaded,2027,45.15,63
D0,DC/YX/1/D,BWI,6.0,,DC,YX,1,D,BWI,,78.08,57,73,81.99,5.00%,0.010428100987925357,59.85,73,Cascaded,2027,59.85,73
D0,DC/YX/1/D,CHS,6.0,,DC,YX,1,D,CHS,,72.53,66,91,76.15,5.00%,0.012074643249176729,69.3,91,Cascaded,2027,69.3,91
D0,DC/YX/1/D,CLE,6.0,,DC,YX,1,D,CLE,,70.89,56,79,74.43,5.00%,0.010245151847786316,58.8,79,Cascaded,2027,58.800000000000004,79
D0,DC/YX/1/D,CLT,6.0,,DC,YX,1,D,CLT,,78.47,113,144,82.4,5.00%,0.020673252835711673,118.65,144,Cascaded,2027,118.65,144
D0,DC/YX/1/D,CMH,6.0,,DC,YX,1,D,CMH,,80.32,249,310,84.34,5.00%,0.045554335894621295,261.45,310,Cascaded,2027,261.45,310
D0,DC/YX/1/D,CVG,6.0,,DC,YX,1,D,CVG,,76.54,62,81,80.37,5.00%,0.011342846688620564,65.1,81,Cascaded,2027,65.10000000000001,81
D0,DC/YX/1/D,DCA,6.0,,DC,YX,1,D,DCA,,72.59,421,580,76.22,5.00%,0.07702158799853641,442.05,580,Cascaded,2027,442.05,580
D0,DC/YX/1/D,DTW,6.0,,DC,YX,1,D,DTW,,60.75,113,186,63.79,5.00%,0.020673252835711673,118.65,186,Cascaded,2027,118.65,186
D0,DC/YX/1/D,EWR,6.0,,DC,YX,1,D,EWR,,83.33,60,72,87.5,5.00%,0.010976948408342482,63.0,72,Cascaded,2027,63.0,72
D0,DC/YX/1/D,EYW,6.0,,DC,YX,1,D,EYW,,58.33,14,24,61.25,5.00%,0.002561287961946579,14.7,24,Cascaded,2027,14.700000000000001,24
D0,DC/YX/1/D,GRR,6.0,,DC,YX,1,D,GRR,,76.47,39,51,80.29,5.00%,0.007135016465422613,40.95,51,Cascaded,2027,40.95,51
D0,DC/YX/1/D,GSO,6.0,,DC,YX,1,D,GSO,,82.98,39,47,87.13,5.00%,0.007135016465422613,40.95,47,Cascaded,2027,40.95,47
D0,DC/YX/1/D,IND,6.0,,DC,YX,1,D,IND,,76.79,129,168,80.63,5.00%,0.023600439077936335,135.45,168,Cascaded,2027,135.45000000000002,168
D0,DC/YX/1/D,JAX,6.0,,DC,YX,1,D,JAX,,77.5,31,40,81.38,5.00%,0.005671423344310282,32.55,40,Cascaded,2027,32.550000000000004,40
D0,DC/YX/1/D,JFK,6.0,,DC,YX,1,D,JFK,,75.0,267,356,78.75,5.00%,0.04884742041712404,280.35,356,Cascaded,2027,280.35,356
D0,DC/YX/1/D,LEX,6.0,,DC,YX,1,D,LEX,,74.19,46,62,77.9,5.00%,0.008415660446395901,48.3,62,Cascaded,2027,48.300000000000004,62
D0,DC/YX/1/D,LGA,6.0,,DC,YX,1,D,LGA,,77.26,1220,1579,81.13,5.00%,0.22319795096963044,1281.0,1579,Cascaded,2027,1281.0,1579
D0,DC/YX/1/D,MCI,6.0,,DC,YX,1,D,MCI,,72.34,34,47,75.96,5.00%,0.0062202707647274055,35.7,47,Cascaded,2027,35.7,47
D0,DC/YX/1/D,MCO,6.0,,DC,YX,1,D,MCO,,65.15,43,66,68.41,5.00%,0.007866813025978778,45.15,66,Cascaded,2027,45.15,66
D0,DC/YX/1/D,MEM,6.0,,DC,YX,1,D,MEM,,85.71,6,7,90.0,5.00%,0.0010976948408342481,6.3,7,Cascaded,2027,6.3,7
D0,DC/YX/1/D,MIA,6.0,,DC,YX,1,D,MIA,,42.86,3,7,45.0,5.00%,0.0005488474204171241,3.15,7,Cascaded,2027,3.15,7
D0,DC/YX/1/D,MKE,6.0,,DC,YX,1,D,MKE,,82.02,73,89,86.12,5.00%,0.013355287230150018,76.65,89,Cascaded,2027,76.65,89
D0,DC/YX/1/D,MSN,6.0,,DC,YX,1,D,MSN,,76.39,55,72,80.21,5.00%,0.010062202707647273,57.75,72,Cascaded,2027,57.75,72
D0,DC/YX/1/D,MYR,6.0,,DC,YX,1,D,MYR,,85.71,6,7,90.0,5.00%,0.0010976948408342481,6.3,7,Cascaded,2027,6.3,7
D0,DC/YX/1/D,OMA,6.0,,DC,YX,1,D,OMA,,82.61,19,23,86.74,5.00%,0.0034760336626417855,19.95,23,Cascaded,2027,19.95,23
D0,DC/YX/1/D,ORD,6.0,,DC,YX,1,D,ORD,,67.8,139,205,71.2,5.00%,0.02542993047932675,145.95,205,Cascaded,2027,145.95000000000002,205
D0,DC/YX/1/D,ORF,6.0,,DC,YX,1,D,ORF,,84.62,22,26,88.85,5.00%,0.00402488108305891,23.1,26,Cascaded,2027,23.1,26
D0,DC/YX/1/D,PHL,6.0,,DC,YX,1,D,PHL,,82.43,61,74,86.55,5.00%,0.011159897548481523,64.05,74,Cascaded,2027,64.05,74
D0,DC/YX/1/D,PIT,6.0,,DC,YX,1,D,PIT,,81.78,175,214,85.86,5.00%,0.03201609952433224,183.75,214,Cascaded,2027,183.75,214
D0,DC/YX/1/D,PWM,6.0,,DC,YX,1,D,PWM,,67.96,70,103,71.36,5.00%,0.012806439809732895,73.5,103,Cascaded,2027,73.5,103
D0,DC/YX/1/D,RDU,6.0,,DC,YX,1,D,RDU,,73.08,38,52,76.73,5.00%,0.006952067325283571,39.9,52,Cascaded,2027,39.9,52
D0,DC/YX/1/D,RIC,6.0,,DC,YX,1,D,RIC,,73.38,102,139,77.05,5.00%,0.018660812294182216,107.1,139,Cascaded,2027,107.10000000000001,139
D0,DC/YX/1/D,SAV,6.0,,DC,YX,1,D,SAV,,75.56,34,45,79.33,5.00%,0.0062202707647274055,35.7,45,Cascaded,2027,35.7,45
D0,DC/YX/1/D,SDF,6.0,,DC,YX,1,D,SDF,,79.31,92,116,83.28,5.00%,0.016831320892791803,96.6,116,Cascaded,2027,96.60000000000001,116
D0,DC/YX/1/D,SRQ,6.0,,DC,YX,1,D,SRQ,,42.42,14,33,44.55,5.00%,0.002561287961946579,14.7,33,Cascaded,2027,14.700000000000001,33
D0,DC/YX/1/D,STL,6.0,,DC,YX,1,D,STL,,71.43,15,21,75.0,5.00%,0.0027442371020856204,15.75,21,Cascaded,2027,15.75,21
D0,DC/YX/1/D,SYR,6.0,,DC,YX,1,D,SYR,,66.67,18,27,70.0,5.00%,0.003293084522502744,18.9,27,Cascaded,2027,18.900000000000002,27
D0,DC/YX/10/D,ATL,6.0,,DC,YX,10,D,ATL,,84.62,22,26,88.85,5.00%,0.003633961017509085,23.1,26,Cascaded,2027,23.1,26
D0,DC/YX/10/D,AVL,6.0,,DC,YX,10,D,AVL,,62.5,5,8,65.63,5.00%,0.0008259002312520648,5.25,8,Cascaded,2027,5.250000000000001,8
D0,DC/YX/10/D,BNA,6.0,,DC,YX,10,D,BNA,,75.61,93,123,79.39,5.00%,0.015361744301288404,97.65,123,Cascaded,2027,97.65,123
D0,DC/YX/10/D,BOS,6.0,,DC,YX,10,D,BOS,,61.6,1296,2104,64.68,5.00%,0.21407333994053518,1360.8,2104,Cascaded,2027,1360.8000000000002,2104
D0,DC/YX/10/D,BUF,6.0,,DC,YX,10,D,BUF,,67.78,61,90,71.17,5.00%,0.01007598282127519,64.05,90,Cascaded,2027,64.05000000000001,90
D0,DC/YX/10/D,BWI,6.0,,DC,YX,10,D,BWI,,73.33,77,105,77.0,5.00%,0.012718863561281797,80.85,105,Cascaded,2027,80.85000000000001,105
D0,DC/YX/10/D,CHS,6.0,,DC,YX,10,D,CHS,,33.33,1,3,35.0,5.00%,0.00016518004625041294,1.05,3,Cascaded,2027,1.05,3
D0,DC/YX/10/D,CLE,6.0,,DC,YX,10,D,CLE,,76.33,129,169,80.15,5.00%,0.02130822596630327,135.45,169,Cascaded,2027,135.45000000000002,169
D0,DC/YX/10/D,CLT,6.0,,DC,YX,10,D,CLT,,71.49,178,249,75.06,5.00%,0.029402048232573506,186.9,249,Cascaded,2027,186.90000000000003,249
D0,DC/YX/10/D,CMH,6.0,,DC,YX,10,D,CMH,,74.06,277,374,77.77,5.00%,0.04575487281136439,290.85,374,Cascaded,2027,290.85,374
D0,DC/YX/10/D,CVG,6.0,,DC,YX,10,D,CVG,,60.0,81,135,63.0,5.00%,0.013379583746283449,85.05,135,Cascaded,2027,85.05000000000001,135
D0,DC/YX/10/D,DCA,6.0,,DC,YX,10,D,DCA,,72.02,520,722,75.62,5.00%,0.08589362405021474,546.0,722,Cascaded,2027,546.0000000000001,722
D0,DC/YX/10/D,DTW,6.0,,DC,YX,10,D,DTW,,81.82,126,154,85.91,5.00%,0.02081268582755203,132.3,154,Cascaded,2027,132.3,154
D0,DC/YX/10/D,EWR,6.0,,DC,YX,10,D,EWR,,52.44,43,82,55.06,5.00%,0.007102741988767757,45.15,82,Cascaded,2027,45.150000000000006,82
D0,DC/YX/10/D,GRR,6.0,,DC,YX,10,D,GRR,,84.15,69,82,88.35,5.00%,0.011397423191278493,72.45,82,Cascaded,2027,72.45,82
D0,DC/YX/10/D,GSO,6.0,,DC,YX,10,D,GSO,,60.71,51,84,63.75,5.00%,0.00842418235877106,53.55,84,Cascaded,2027,53.550000000000004,84
D0,DC/YX/10/D,HHH,6.0,,DC,YX,10,D,HHH,,84.62,44,52,88.85,5.00%,0.00726792203501817,46.2,52,Cascaded,2027,46.2,52
D0,DC/YX/10/D,ILM,6.0,,DC,YX,10,D,ILM,,75.0,6,8,78.75,5.00%,0.0009910802775024777,6.3,8,Cascaded,2027,6.300000000000001,8
D0,DC/YX/10/D,IND,6.0,,DC,YX,10,D,IND,,76.61,131,171,80.44,5.00%,0.021638586058804095,137.55,171,Cascaded,2027,137.55,171
D0,DC/YX/10/D,JAX,6.0,,DC,YX,10,D,JAX,,63.06,70,111,66.22,5.00%,0.011562603237528906,73.5,111,Cascaded,2027,73.50000000000001,111
D0,DC/YX/10/D,JFK,6.0,,DC,YX,10,D,JFK,,75.26,368,489,79.02,5.00%,0.06078625702015197,386.4,489,Cascaded,2027,386.40000000000003,489
D0,DC/YX/10/D,LEX,6.0,,DC,YX,10,D,LEX,,81.25,26,32,85.31,5.00%,0.004294681202510736,27.3,32,Cascaded,2027,27.300000000000004,32
D0,DC/YX/10/D,LGA,6.0,,DC,YX,10,D,LGA,,70.33,1299,1847,73.85,5.00%,0.21456888007928643,1363.95,1847,Cascaded,2027,1363.9500000000003,1847
D0,DC/YX/10/D,MCI,6.0,,DC,YX,10,D,MCI,,100.0,6,6,105.0,5.00%,0.0009910802775024777,6.3,6,Cascaded,2027,6.300000000000001,6
D0,DC/YX/10/D,MCO,6.0,,DC,YX,10,D,MCO,,82.67,62,75,86.8,5.00%,0.010241162867525603,65.1,75,Cascaded,2027,65.10000000000001,75
D0,DC/YX/10/D,MEM,6.0,,DC,YX,10,D,MEM,,79.03,49,62,82.98,5.00%,0.008093822266270234,51.45,62,Cascaded,2027,51.45,62
D0,DC/YX/10/D,MIA,6.0,,DC,YX,10,D,MIA,,76.0,38,50,79.8,5.00%,0.006276841757515692,39.9,50,Cascaded,2027,39.900000000000006,50
D0,DC/YX/10/D,MKE,6.0,,DC,YX,10,D,MKE,,56.79,46,81,59.63,5.00%,0.007598282127518996,48.3,81,Cascaded,2027,48.300000000000004,81
D0,DC/YX/10/D,MSN,6.0,,DC,YX,10,D,MSN,,80.49,66,82,84.51,5.00%,0.010901883052527254,69.3,82,Cascaded,2027,69.30000000000001,82
D0,DC/YX/10/D,MYR,6.0,,DC,YX,10,D,MYR,,87.5,7,8,91.88,5.00%,0.0011562603237528907,7.35,8,Cascaded,2027,7.3500000000000005,8
D0,DC/YX/10/D,OMA,6.0,,DC,YX,10,D,OMA,,92.59,25,27,97.22,5.00%,0.004129501156260324,26.25,27,Cascaded,2027,26.250000000000004,27
D0,DC/YX/10/D,ORD,6.0,,DC,YX,10,D,ORD,,93.75,30,32,98.44,5.00%,0.004955401387512388,31.5,32,Cascaded,2027,31.500000000000004,32
D0,DC/YX/10/D,ORF,6.0,,DC,YX,10,D,ORF,,83.33,55,66,87.5,5.00%,0.009084902543772711,57.75,66,Cascaded,2027,57.75000000000001,66
D0,DC/YX/10/D,PHL,6.0,,DC,YX,10,D,PHL,,61.9,65,105,65.0,5.00%,0.010736703006276842,68.25,105,Cascaded,2027,68.25000000000001,105
D0,DC/YX/10/D,PIT,6.0,,DC,YX,10,D,PIT,,75.44,212,281,79.22,5.00%,0.03501816980508755,222.6,281,Cascaded,2027,222.60000000000002,281
D0,DC/YX/10/D,PWM,6.0,,DC,YX,10,D,PWM,,68.42,52,76,71.84,5.00%,0.008589362405021473,54.6,76,Cascaded,2027,54.60000000000001,76
D0,DC/YX/10/D,RDU,6.0,,DC,YX,10,D,RDU,,76.67,46,60,80.5,5.00%,0.007598282127518996,48.3,60,Cascaded,2027,48.300000000000004,60
D0,DC/YX/10/D,RIC,6.0,,DC,YX,10,D,RIC,,68.97,100,145,72.41,5.00%,0.016518004625041296,105.0,145,Cascaded,2027,105.00000000000001,145
D0,DC/YX/10/D,SAV,6.0,,DC,YX,10,D,SAV,,66.13,82,124,69.44,5.00%,0.013544763792533861,86.1,124,Cascaded,2027,86.10000000000001,124
D0,DC/YX/10/D,SBN,6.0,,DC,YX,10,D,SBN,,100.0,4,4,105.0,5.00%,0.0006607201850016518,4.2,4,Cascaded,2027,4.2,4
D0,DC/YX/10/D,SDF,6.0,,DC,YX,10,D,SDF,,76.51,127,166,80.33,5.00%,0.020977865873802445,133.35,166,Cascaded,2027,133.35000000000002,166
D0,DC/YX/10/D,STL,6.0,,DC,YX,10,D,STL,,0.0,0,1,0.0,0.00%,0.0,0.0,1,Cascaded,2027,0.0,1
D0,DC/YX/10/D,SYR,6.0,,DC,YX,10,D,SYR,,100.0,9,9,105.0,5.00%,0.0014866204162537165,9.45,9,Cascaded,2027,9.450000000000001,9
D0,DC/YX/11/D,BNA,6.0,,DC,YX,11,D,BNA,,82.91,97,117,87.05,5.00%,0.01713780918727915,101.85,117,Cascaded,2027,101.85,117
D0,DC/YX/11/D,BOS,6.0,,DC,YX,11,D,BOS,,74.18,1350,1820,77.88,5.00%,0.23851590106007067,1417.5,1820,Cascaded,2027,1417.5,1820
D0,DC/YX/11/D,BUF,6.0,,DC,YX,11,D,BUF,,60.32,38,63,63.33,5.00%,0.006713780918727915,39.9,63,Cascaded,2027,39.9,63
D0,DC/YX/11/D,BWI,6.0,,DC,YX,11,D,BWI,,86.08,68,79,90.38,5.00%,0.012014134275618375,71.4,79,Cascaded,2027,71.4,79
D0,DC/YX/11/D,CHS,6.0,,DC,YX,11,D,CHS,,57.14,4,7,60.0,5.00%,0.0007067137809187279,4.2,7,Cascaded,2027,4.2,7
D0,DC/YX/11/D,CLE,6.0,,DC,YX,11,D,CLE,,72.84,118,162,76.48,5.00%,0.020848056537102474,123.9,162,Cascaded,2027,123.9,162
D0,DC/YX/11/D,CLT,6.0,,DC,YX,11,D,CLT,,74.11,166,224,77.81,5.00%,0.029328621908127208,174.3,224,Cascaded,2027,174.3,224
D0,DC/YX/11/D,CMH,6.0,,DC,YX,11,D,CMH,,76.79,258,336,80.62,5.00%,0.04558303886925795,270.9,336,Cascaded,2027,270.9,336
D0,DC/YX/11/D,CVG,6.0,,DC,YX,11,D,CVG,,77.36,82,106,81.23,5.00%,0.014487632508833921,86.1,106,Cascaded,2027,86.1,106
D0,DC/YX/11/D,DCA,6.0,,DC,YX,11,D,DCA,,70.43,455,646,73.96,5.00%,0.0803886925795053,477.75,646,Cascaded,2027,477.75,646
D0,DC/YX/11/D,DTW,6.0,,DC,YX,11,D,DTW,,78.62,114,145,82.55,5.00%,0.020141342756183747,119.7,145,Cascaded,2027,119.7,145
D0,DC/YX/11/D,EWR,6.0,,DC,YX,11,D,EWR,,72.22,52,72,75.83,5.00%,0.009187279151943463,54.6,72,Cascaded,2027,54.6,72
D0,DC/YX/11/D,EYW,6.0,,DC,YX,11,D,EYW,,80.0,4,5,84.0,5.00%,0.0007067137809187279,4.2,5,Cascaded,2027,4.2,5
D0,DC/YX/11/D,GRR,6.0,,DC,YX,11,D,GRR,,68.0,51,75,71.4,5.00%,0.00901060070671378,53.55,75,Cascaded,2027,53.55,75
D0,DC/YX/11/D,GSO,6.0,,DC,YX,11,D,GSO,,69.79,67,96,73.28,5.00%,0.011837455830388692,70.35,96,Cascaded,2027,70.35,96
D0,DC/YX/11/D,ILM,6.0,,DC,YX,11,D,ILM,,100.0,2,2,105.0,5.00%,0.00035335689045936394,2.1,2,Cascaded,2027,2.1,2
D0,DC/YX/11/D,IND,6.0,,DC,YX,11,D,IND,,80.21,154,192,84.22,5.00%,0.027208480565371024,161.7,192,Cascaded,2027,161.7,192
D0,DC/YX/11/D,JAX,6.0,,DC,YX,11,D,JAX,,73.39,91,124,77.06,5.00%,0.01607773851590106,95.55,124,Cascaded,2027,95.55,124
D0,DC/YX/11/D,JFK,6.0,,DC,YX,11,D,JFK,,72.65,332,457,76.28,5.00%,0.058657243816254416,348.6,457,Cascaded,2027,348.6,457
D0,DC/YX/11/D,LEX,6.0,,DC,YX,11,D,LEX,,100.0,24,24,105.0,5.00%,0.004240282685512367,25.2,24,Cascaded,2027,25.2,24
D0,DC/YX/11/D,LGA,6.0,,DC,YX,11,D,LGA,,69.47,1204,1733,72.95,5.00%,0.2127208480565371,1264.2,1733,Cascaded,2027,1264.2,1733
D0,DC/YX/11/D,MCI,6.0,,DC,YX,11,D,MCI,,100.0,1,1,105.0,5.00%,0.00017667844522968197,1.05,1,Cascaded,2027,1.05,1
D0,DC/YX/11/D,MEM,6.0,,DC,YX,11,D,MEM,,75.93,41,54,79.72,5.00%,0.007243816254416961,43.05,54,Cascaded,2027,43.05,54
D0,DC/YX/11/D,MKE,6.0,,DC,YX,11,D,MKE,,74.29,52,70,78.0,5.00%,0.009187279151943463,54.6,70,Cascaded,2027,54.6,70
D0,DC/YX/11/D,MSN,6.0,,DC,YX,11,D,MSN,,74.67,56,75,78.4,5.00%,0.009893992932862191,58.8,75,Cascaded,2027,58.8,75
D0,DC/YX/11/D,MYR,6.0,,DC,YX,11,D,MYR,,100.0,2,2,105.0,5.00%,0.00035335689045936394,2.1,2,Cascaded,2027,2.1,2
D0,DC/YX/11/D,OMA,6.0,,DC,YX,11,D,OMA,,82.61,19,23,86.74,5.00%,0.0033568904593639574,19.95,23,Cascaded,2027,19.95,23
D0,DC/YX/11/D,ORD,6.0,,DC,YX,11,D,ORD,,72.41,21,29,76.03,5.00%,0.0037102473498233216,22.05,29,Cascaded,2027,22.05,29
D0,DC/YX/11/D,ORF,6.0,,DC,YX,11,D,ORF,,71.79,56,78,75.38,5.00%,0.009893992932862191,58.8,78,Cascaded,2027,58.8,78
D0,DC/YX/11/D,PHL,6.0,,DC,YX,11,D,PHL,,84.04,79,94,88.24,5.00%,0.013957597173144876,82.95,94,Cascaded,2027,82.95,94
D0,DC/YX/11/D,PIT,6.0,,DC,YX,11,D,PIT,,82.3,200,243,86.42,5.00%,0.0353356890459364,210.0,243,Cascaded,2027,210.0,243
D0,DC/YX/11/D,PWM,6.0,,DC,YX,11,D,PWM,,70.67,53,75,74.2,5.00%,0.009363957597173145,55.65,75,Cascaded,2027,55.65,75
D0,DC/YX/11/D,RDU,6.0,,DC,YX,11,D,RDU,,79.17,19,24,83.12,5.00%,0.0033568904593639574,19.95,24,Cascaded,2027,19.95,24
D0,DC/YX/11/D,RIC,6.0,,DC,YX,11,D,RIC,,80.88,110,136,84.93,5.00%,0.019434628975265017,115.5,136,Cascaded,2027,115.5,136
D0,DC/YX/11/D,SAV,6.0,,DC,YX,11,D,SAV,,66.93,85,127,70.28,5.00%,0.015017667844522967,89.25,127,Cascaded,2027,89.25,127
D0,DC/YX/11/D,SBN,6.0,,DC,YX,11,D,SBN,,100.0,2,2,105.0,5.00%,0.00035335689045936394,2.1,2,Cascaded,2027,2.1,2
D0,DC/YX/11/D,SDF,6.0,,DC,YX,11,D,SDF,,77.38,130,168,81.25,5.00%,0.022968197879858657,136.5,168,Cascaded,2027,136.5,168
D0,DC/YX/11/D,SYR,6.0,,DC,YX,11,D,SYR,,100.0,3,3,105.0,5.00%,0.0005300353356890459,3.15,3,Cascaded,2027,3.15,3
D0,DC/YX/12/D,BNA,6.0,,DC,YX,12,D,BNA,,73.03,111,152,76.68,5.00%,0.021399652978600348,116.55,152,Cascaded,2027,116.55000000000001,152
D0,DC/YX/12/D,BOS,6.0,,DC,YX,12,D,BOS,,67.23,1192,1773,70.59,5.00%,0.22980528243686138,1251.6,1773,Cascaded,2027,1251.6000000000001,1773
D0,DC/YX/12/D,BUF,6.0,,DC,YX,12,D,BUF,,62.07,36,58,65.17,5.00%,0.006940427993059572,37.8,58,Cascaded,2027,37.800000000000004,58
D0,DC/YX/12/D,BWI,6.0,,DC,YX,12,D,BWI,,70.77,46,65,74.31,5.00%,0.008868324657798342,48.3,65,Cascaded,2027,48.300000000000004,65
D0,DC/YX/12/D,CHS,6.0,,DC,YX,12,D,CHS,,68.66,46,67,72.09,5.00%,0.008868324657798342,48.3,67,Cascaded,2027,48.300000000000004,67
D0,DC/YX/12/D,CLE,6.0,,DC,YX,12,D,CLE,,66.18,90,136,69.49,5.00%,0.01735106998264893,94.5,136,Cascaded,2027,94.5,136
D0,DC/YX/12/D,CLT,6.0,,DC,YX,12,D,CLT,,68.29,140,205,71.71,5.00%,0.02699055330634278,147.0,205,Cascaded,2027,147.0,205
D0,DC/YX/12/D,CMH,6.0,,DC,YX,12,D,CMH,,65.27,203,311,68.54,5.00%,0.03913630229419703,213.15,311,Cascaded,2027,213.15,311
D0,DC/YX/12/D,CVG,6.0,,DC,YX,12,D,CVG,,58.41,66,113,61.33,5.00%,0.012724117987275883,69.3,113,Cascaded,2027,69.30000000000001,113
D0,DC/YX/12/D,DCA,6.0,,DC,YX,12,D,DCA,,65.02,396,609,68.28,5.00%,0.07634470792365529,415.8,609,Cascaded,2027,415.8,609
D0,DC/YX/12/D,DTW,6.0,,DC,YX,12,D,DTW,,61.75,134,217,64.84,5.00%,0.02583381530749952,140.7,217,Cascaded,2027,140.70000000000002,217
D0,DC/YX/12/D,EWR,6.0,,DC,YX,12,D,EWR,,54.84,34,62,57.58,5.00%,0.006554848660111818,35.7,62,Cascaded,2027,35.7,62
D0,DC/YX/12/D,EYW,6.0,,DC,YX,12,D,EYW,,50.0,1,2,52.5,5.00%,0.000192789666473877,1.05,2,Cascaded,2027,1.05,2
D0,DC/YX/12/D,GRR,6.0,,DC,YX,12,D,GRR,,58.73,37,63,61.67,5.00%,0.007133217659533449,38.85,63,Cascaded,2027,38.85,63
D0,DC/YX/12/D,GSO,6.0,,DC,YX,12,D,GSO,,68.18,45,66,71.59,5.00%,0.008675534991324466,47.25,66,Cascaded,2027,47.25,66
D0,DC/YX/12/D,IND,6.0,,DC,YX,12,D,IND,,66.96,152,227,70.31,5.00%,0.029304029304029304,159.6,227,Cascaded,2027,159.60000000000002,227
D0,DC/YX/12/D,JAX,6.0,,DC,YX,12,D,JAX,,62.99,80,127,66.14,5.00%,0.01542317331791016,84.0,127,Cascaded,2027,84.0,127
D0,DC/YX/12/D,JFK,6.0,,DC,YX,12,D,JFK,,62.81,326,519,65.95,5.00%,0.0628494312704839,342.3,519,Cascaded,2027,342.3,519
D0,DC/YX/12/D,LEX,6.0,,DC,YX,12,D,LEX,,85.71,36,42,90.0,5.00%,0.006940427993059572,37.8,42,Cascaded,2027,37.800000000000004,42
D0,DC/YX/12/D,LGA,6.0,,DC,YX,12,D,LGA,,65.33,1040,1592,68.59,5.00%,0.20050125313283207,1092.0,1592,Cascaded,2027,1092.0,1592
D0,DC/YX/12/D,MCI,6.0,,DC,YX,12,D,MCI,,61.82,34,55,64.91,5.00%,0.006554848660111818,35.7,55,Cascaded,2027,35.7,55
D0,DC/YX/12/D,MCO,6.0,,DC,YX,12,D,MCO,,62.64,57,91,65.77,5.00%,0.01098901098901099,59.85,91,Cascaded,2027,59.85,91
D0,DC/YX/12/D,MEM,6.0,,DC,YX,12,D,MEM,,65.08,41,63,68.33,5.00%,0.007904376325428958,43.05,63,Cascaded,2027,43.050000000000004,63
D0,DC/YX/12/D,MIA,6.0,,DC,YX,12,D,MIA,,57.14,12,21,60.0,5.00%,0.002313475997686524,12.6,21,Cascaded,2027,12.600000000000001,21
D0,DC/YX/12/D,MKE,6.0,,DC,YX,12,D,MKE,,56.25,27,48,59.06,5.00%,0.005205320994794679,28.35,48,Cascaded,2027,28.35,48
D0,DC/YX/12/D,MSN,6.0,,DC,YX,12,D,MSN,,73.53,50,68,77.21,5.00%,0.00963948332369385,52.5,68,Cascaded,2027,52.5,68
D0,DC/YX/12/D,MYR,6.0,,DC,YX,12,D,MYR,,75.0,15,20,78.75,5.00%,0.002891844997108155,15.75,20,Cascaded,2027,15.750000000000002,20
D0,DC/YX/12/D,OMA,6.0,,DC,YX,12,D,OMA,,66.67,14,21,70.0,5.00%,0.002699055330634278,14.7,21,Cascaded,2027,14.700000000000001,21
D0,DC/YX/12/D,ORD,6.0,,DC,YX,12,D,ORD,,48.31,57,118,50.72,5.00%,0.01098901098901099,59.85,118,Cascaded,2027,59.85,118
D0,DC/YX/12/D,ORF,6.0,,DC,YX,12,D,ORF,,58.11,43,74,61.01,5.00%,0.00828995565837671,45.15,74,Cascaded,2027,45.150000000000006,74
D0,DC/YX/12/D,PHL,6.0,,DC,YX,12,D,PHL,,70.0,63,90,73.5,5.00%,0.012145748987854251,66.15,90,Cascaded,2027,66.15,90
D0,DC/YX/12/D,PIT,6.0,,DC,YX,12,D,PIT,,67.45,172,255,70.82,5.00%,0.03315982263350684,180.6,255,Cascaded,2027,180.60000000000002,255
D0,DC/YX/12/D,PWM,6.0,,DC,YX,12,D,PWM,,61.33,46,75,64.4,5.00%,0.008868324657798342,48.3,75,Cascaded,2027,48.300000000000004,75
D0,DC/YX/12/D,RDU,6.0,,DC,YX,12,D,RDU,,64.1,50,78,67.31,5.00%,0.00963948332369385,52.5,78,Cascaded,2027,52.5,78
D0,DC/YX/12/D,RIC,6.0,,DC,YX,12,D,RIC,,65.32,81,124,68.59,5.00%,0.015615962984384037,85.05,124,Cascaded,2027,85.05000000000001,124
D0,DC/YX/12/D,SAV,6.0,,DC,YX,12,D,SAV,,61.4,70,114,64.47,5.00%,0.01349527665317139,73.5,114,Cascaded,2027,73.5,114
D0,DC/YX/12/D,SDF,6.0,,DC,YX,12,D,SDF,,65.41,104,159,68.68,5.00%,0.020050125313283207,109.2,159,Cascaded,2027,109.2,159
D0,DC/YX/12/D,SRQ,6.0,,DC,YX,12,D,SRQ,,41.67,5,12,43.75,5.00%,0.000963948332369385,5.25,12,Cascaded,2027,5.25,12
D0,DC/YX/12/D,STL,6.0,,DC,YX,12,D,STL,,79.41,27,34,83.38,5.00%,0.005205320994794679,28.35,34,Cascaded,2027,28.35,34
D0,DC/YX/12/D,SYR,6.0,,DC,YX,12,D,SYR,,42.11,8,19,44.21,5.00%,0.001542317331791016,8.4,19,Cascaded,2027,8.4,19
D0,DC/YX/2/D,BNA,6.0,,DC,YX,2,D,BNA,,79.9,167,209,83.9,5.00%,0.03271943573667711,175.35,209,Cascaded,2027,175.35000000000002,209
D0,DC/YX/2/D,BOS,6.0,,DC,YX,2,D,BOS,,72.13,1167,1618,75.73,5.00%,0.22864420062695925,1225.35,1618,Cascaded,2027,1225.3500000000001,1618
D0,DC/YX/2/D,BUF,6.0,,DC,YX,2,D,BUF,,80.95,51,63,85.0,5.00%,0.009992163009404389,53.55,63,Cascaded,2027,53.550000000000004,63
D0,DC/YX/2/D,BWI,6.0,,DC,YX,2,D,BWI,,77.46,55,71,81.34,5.00%,0.010775862068965518,57.75,71,Cascaded,2027,57.75000000000001,71
D0,DC/YX/2/D,CHS,6.0,,DC,YX,2,D,CHS,,75.38,49,65,79.15,5.00%,0.009600313479623824,51.45,65,Cascaded,2027,51.45000000000001,65
D0,DC/YX/2/D,CLE,6.0,,DC,YX,2,D,CLE,,80.56,58,72,84.58,5.00%,0.011363636363636364,60.9,72,Cascaded,2027,60.900000000000006,72
D0,DC/YX/2/D,CLT,6.0,,DC,YX,2,D,CLT,,82.31,107,130,86.42,5.00%,0.020963949843260186,112.35,130,Cascaded,2027,112.35000000000001,130
D0,DC/YX/2/D,CMH,6.0,,DC,YX,2,D,CMH,,78.99,218,276,82.93,5.00%,0.042711598746081506,228.9,276,Cascaded,2027,228.90000000000003,276
D0,DC/YX/2/D,CVG,6.0,,DC,YX,2,D,CVG,,80.72,67,83,84.76,5.00%,0.013126959247648904,70.35,83,Cascaded,2027,70.35000000000001,83
D0,DC/YX/2/D,DCA,6.0,,DC,YX,2,D,DCA,,64.99,362,557,68.24,5.00%,0.07092476489028213,380.1,557,Cascaded,2027,380.1,557
D0,DC/YX/2/D,DTW,6.0,,DC,YX,2,D,DTW,,74.27,127,171,77.98,5.00%,0.024882445141065832,133.35,171,Cascaded,2027,133.35000000000002,171
D0,DC/YX/2/D,EWR,6.0,,DC,YX,2,D,EWR,,80.56,58,72,84.58,5.00%,0.011363636363636364,60.9,72,Cascaded,2027,60.900000000000006,72
D0,DC/YX/2/D,EYW,6.0,,DC,YX,2,D,EYW,,52.0,13,25,54.6,5.00%,0.0025470219435736676,13.65,25,Cascaded,2027,13.650000000000002,25
D0,DC/YX/2/D,GRR,6.0,,DC,YX,2,D,GRR,,80.77,42,52,84.81,5.00%,0.008228840125391849,44.1,52,Cascaded,2027,44.10000000000001,52
D0,DC/YX/2/D,GSO,6.0,,DC,YX,2,D,GSO,,93.94,31,33,98.64,5.00%,0.006073667711598746,32.55,33,Cascaded,2027,32.550000000000004,33
D0,DC/YX/2/D,IND,6.0,,DC,YX,2,D,IND,,81.12,116,143,85.17,5.00%,0.022727272727272728,121.8,143,Cascaded,2027,121.80000000000001,143
D0,DC/YX/2/D,JAX,6.0,,DC,YX,2,D,JAX,,81.82,36,44,85.91,5.00%,0.007053291536050157,37.8,44,Cascaded,2027,37.800000000000004,44
D0,DC/YX/2/D,JFK,6.0,,DC,YX,2,D,JFK,,68.83,212,308,72.27,5.00%,0.041536050156739814,222.6,308,Cascaded,2027,222.60000000000002,308
D0,DC/YX/2/D,LEX,6.0,,DC,YX,2,D,LEX,,83.33,55,66,87.5,5.00%,0.010775862068965518,57.75,66,Cascaded,2027,57.75000000000001,66
D0,DC/YX/2/D,LGA,6.0,,DC,YX,2,D,LGA,,74.43,1141,1533,78.15,5.00%,0.2235501567398119,1198.05,1533,Cascaded,2027,1198.0500000000002,1533
D0,DC/YX/2/D,MCI,6.0,,DC,YX,2,D,MCI,,79.31,23,29,83.28,5.00%,0.004506269592476489,24.15,29,Cascaded,2027,24.150000000000002,29
D0,DC/YX/2/D,MCO,6.0,,DC,YX,2,D,MCO,,87.5,28,32,91.88,5.00%,0.0054858934169279,29.4,32,Cascaded,2027,29.400000000000006,32
D0,DC/YX/2/D,MKE,6.0,,DC,YX,2,D,MKE,,83.91,73,87,88.1,5.00%,0.014302507836990596,76.65,87,Cascaded,2027,76.65,87
D0,DC/YX/2/D,MSN,6.0,,DC,YX,2,D,MSN,,84.51,60,71,88.73,5.00%,0.011755485893416929,63.0,71,Cascaded,2027,63.00000000000001,71
D0,DC/YX/2/D,MYR,6.0,,DC,YX,2,D,MYR,,100.0,2,2,105.0,5.00%,0.00039184952978056425,2.1,2,Cascaded,2027,2.1,2
D0,DC/YX/2/D,OMA,6.0,,DC,YX,2,D,OMA,,79.17,19,24,83.13,5.00%,0.0037225705329153604,19.95,24,Cascaded,2027,19.950000000000003,24
D0,DC/YX/2/D,ORD,6.0,,DC,YX,2,D,ORD,,77.6,149,192,81.48,5.00%,0.029192789968652037,156.45,192,Cascaded,2027,156.45000000000002,192
D0,DC/YX/2/D,ORF,6.0,,DC,YX,2,D,ORF,,84.21,16,19,88.42,5.00%,0.003134796238244514,16.8,19,Cascaded,2027,16.8,19
D0,DC/YX/2/D,PHL,6.0,,DC,YX,2,D,PHL,,80.56,58,72,84.58,5.00%,0.011363636363636364,60.9,72,Cascaded,2027,60.900000000000006,72
D0,DC/YX/2/D,PIT,6.0,,DC,YX,2,D,PIT,,86.73,170,196,91.07,5.00%,0.03330721003134796,178.5,196,Cascaded,2027,178.50000000000003,196
D0,DC/YX/2/D,PWM,6.0,,DC,YX,2,D,PWM,,71.72,71,99,75.3,5.00%,0.013910658307210031,74.55,99,Cascaded,2027,74.55000000000001,99
D0,DC/YX/2/D,RDU,6.0,,DC,YX,2,D,RDU,,75.0,27,36,78.75,5.00%,0.005289968652037617,28.35,36,Cascaded,2027,28.350000000000005,36
D0,DC/YX/2/D,RIC,6.0,,DC,YX,2,D,RIC,,79.33,119,150,83.3,5.00%,0.023315047021943574,124.95,150,Cascaded,2027,124.95000000000002,150
D0,DC/YX/2/D,SAV,6.0,,DC,YX,2,D,SAV,,73.17,30,41,76.83,5.00%,0.005877742946708464,31.5,41,Cascaded,2027,31.500000000000004,41
D0,DC/YX/2/D,SDF,6.0,,DC,YX,2,D,SDF,,78.64,81,103,82.57,5.00%,0.015869905956112852,85.05,103,Cascaded,2027,85.05000000000001,103
D0,DC/YX/2/D,SRQ,6.0,,DC,YX,2,D,SRQ,,48.0,12,25,50.4,5.00%,0.0023510971786833857,12.6,25,Cascaded,2027,12.600000000000001,25
D0,DC/YX/2/D,STL,6.0,,DC,YX,2,D,STL,,81.82,18,22,85.91,5.00%,0.0035266457680250786,18.9,22,Cascaded,2027,18.900000000000002,22
D0,DC/YX/2/D,SYR,6.0,,DC,YX,2,D,SYR,,66.67,16,24,70.0,5.00%,0.003134796238244514,16.8,24,Cascaded,2027,16.8,24
D0,DC/YX/3/D,BNA,6.0,,DC,YX,3,D,BNA,,67.77,185,273,71.15,5.00%,0.03396364971543969,194.25,273,Cascaded,2027,194.25,273
D0,DC/YX/3/D,BOS,6.0,,DC,YX,3,D,BOS,,66.36,1349,2033,69.67,5.00%,0.24765926197907104,1416.45,2033,Cascaded,2027,1416.45,2033
D0,DC/YX/3/D,BUF,6.0,,DC,YX,3,D,BUF,,59.02,36,61,61.97,5.00%,0.006609142647328804,37.8,61,Cascaded,2027,37.800000000000004,61
D0,DC/YX/3/D,BWI,6.0,,DC,YX,3,D,BWI,,77.91,67,86,81.8,5.00%,0.012300348815861943,70.35,86,Cascaded,2027,70.35000000000001,86
D0,DC/YX/3/D,CHS,6.0,,DC,YX,3,D,CHS,,76.79,43,56,80.63,5.00%,0.007894253717642739,45.15,56,Cascaded,2027,45.150000000000006,56
D0,DC/YX/3/D,CLE,6.0,,DC,YX,3,D,CLE,,88.06,59,67,92.46,5.00%,0.010831650449788875,61.95,67,Cascaded,2027,61.95,67
D0,DC/YX/3/D,CLT,6.0,,DC,YX,3,D,CLT,,76.55,111,145,80.38,5.00%,0.020378189829263815,116.55,145,Cascaded,2027,116.55000000000001,145
D0,DC/YX/3/D,CMH,6.0,,DC,YX,3,D,CMH,,71.47,248,347,75.04,5.00%,0.0455296493482651,260.4,347,Cascaded,2027,260.40000000000003,347
D0,DC/YX/3/D,CVG,6.0,,DC,YX,3,D,CVG,,76.79,86,112,80.63,5.00%,0.015788507435285478,90.3,112,Cascaded,2027,90.30000000000001,112
D0,DC/YX/3/D,DCA,6.0,,DC,YX,3,D,DCA,,59.55,368,618,62.52,5.00%,0.06756012483936112,386.4,618,Cascaded,2027,386.40000000000003,618
D0,DC/YX/3/D,DTW,6.0,,DC,YX,3,D,DTW,,69.19,128,185,72.65,5.00%,0.023499173857169084,134.4,185,Cascaded,2027,134.4,185
D0,DC/YX/3/D,EWR,6.0,,DC,YX,3,D,EWR,,68.24,58,85,71.65,5.00%,0.010648063154029741,60.9,85,Cascaded,2027,60.900000000000006,85
D0,DC/YX/3/D,EYW,6.0,,DC,YX,3,D,EYW,,60.71,17,28,63.75,5.00%,0.003120984027905269,17.85,28,Cascaded,2027,17.85,28
D0,DC/YX/3/D,GRR,6.0,,DC,YX,3,D,GRR,,62.5,45,72,65.62,5.00%,0.008261428309161005,47.25,72,Cascaded,2027,47.25,72
D0,DC/YX/3/D,GSO,6.0,,DC,YX,3,D,GSO,,83.33,5,6,87.5,5.00%,0.0009179364787956673,5.25,6,Cascaded,2027,5.25,6
D0,DC/YX/3/D,IAD,6.0,,DC,YX,3,D,IAD,,43.48,10,23,45.65,5.00%,0.0018358729575913347,10.5,23,Cascaded,2027,10.5,23
D0,DC/YX/3/D,IND,6.0,,DC,YX,3,D,IND,,74.15,152,205,77.85,5.00%,0.027905268955388286,159.6,205,Cascaded,2027,159.60000000000002,205
D0,DC/YX/3/D,JAX,6.0,,DC,YX,3,D,JAX,,68.85,84,122,72.3,5.00%,0.015421332843767212,88.2,122,Cascaded,2027,88.2,122
D0,DC/YX/3/D,JFK,6.0,,DC,YX,3,D,JFK,,67.31,245,364,70.67,5.00%,0.0449788874609877,257.25,364,Cascaded,2027,257.25,364
D0,DC/YX/3/D,LEX,6.0,,DC,YX,3,D,LEX,,84.75,50,59,88.98,5.00%,0.009179364787956673,52.5,59,Cascaded,2027,52.5,59
D0,DC/YX/3/D,LGA,6.0,,DC,YX,3,D,LGA,,60.45,1102,1823,63.47,5.00%,0.20231319992656507,1157.1,1823,Cascaded,2027,1157.1000000000001,1823
D0,DC/YX/3/D,MCI,6.0,,DC,YX,3,D,MCI,,74.55,41,55,78.27,5.00%,0.007527079126124472,43.05,55,Cascaded,2027,43.050000000000004,55
D0,DC/YX/3/D,MCO,6.0,,DC,YX,3,D,MCO,,40.62,13,32,42.66,5.00%,0.002386634844868735,13.65,32,Cascaded,2027,13.65,32
D0,DC/YX/3/D,MEM,6.0,,DC,YX,3,D,MEM,,65.12,28,43,68.37,5.00%,0.005140444281255737,29.4,43,Cascaded,2027,29.400000000000002,43
D0,DC/YX/3/D,MKE,6.0,,DC,YX,3,D,MKE,,68.35,95,139,71.76,5.00%,0.017440793097117678,99.75,139,Cascaded,2027,99.75,139
D0,DC/YX/3/D,MSN,6.0,,DC,YX,3,D,MSN,,69.33,52,75,72.8,5.00%,0.00954653937947494,54.6,75,Cascaded,2027,54.6,75
D0,DC/YX/3/D,OMA,6.0,,DC,YX,3,D,OMA,,80.0,20,25,84.0,5.00%,0.0036717459151826694,21.0,25,Cascaded,2027,21.0,25
D0,DC/YX/3/D,ORD,6.0,,DC,YX,3,D,ORD,,53.7,87,162,56.39,5.00%,0.015972094731044613,91.35,162,Cascaded,2027,91.35000000000001,162
D0,DC/YX/3/D,ORF,6.0,,DC,YX,3,D,ORF,,91.67,11,12,96.25,5.00%,0.002019460253350468,11.55,12,Cascaded,2027,11.55,12
D0,DC/YX/3/D,PHL,6.0,,DC,YX,3,D,PHL,,73.56,64,87,77.24,5.00%,0.011749586928584542,67.2,87,Cascaded,2027,67.2,87
D0,DC/YX/3/D,PIT,6.0,,DC,YX,3,D,PIT,,74.66,165,221,78.39,5.00%,0.030291903800257022,173.25,221,Cascaded,2027,173.25,221
D0,DC/YX/3/D,PWM,6.0,,DC,YX,3,D,PWM,,72.41,63,87,76.03,5.00%,0.011565999632825409,66.15,87,Cascaded,2027,66.15,87
D0,DC/YX/3/D,RDU,6.0,,DC,YX,3,D,RDU,,75.0,18,24,78.75,5.00%,0.003304571323664402,18.9,24,Cascaded,2027,18.900000000000002,24
D0,DC/YX/3/D,RIC,6.0,,DC,YX,3,D,RIC,,69.41,118,170,72.88,5.00%,0.02166330089957775,123.9,170,Cascaded,2027,123.9,170
D0,DC/YX/3/D,SAV,6.0,,DC,YX,3,D,SAV,,59.22,61,103,62.18,5.00%,0.01119882504130714,64.05,103,Cascaded,2027,64.05,103
D0,DC/YX/3/D,SDF,6.0,,DC,YX,3,D,SDF,,72.73,96,132,76.36,5.00%,0.017624380392876813,100.8,132,Cascaded,2027,100.80000000000001,132
D0,DC/YX/3/D,SRQ,6.0,,DC,YX,3,D,SRQ,,33.33,10,30,35.0,5.00%,0.0018358729575913347,10.5,30,Cascaded,2027,10.5,30
D0,DC/YX/3/D,STL,6.0,,DC,YX,3,D,STL,,74.47,35,47,78.19,5.00%,0.006425555351569671,36.75,47,Cascaded,2027,36.75,47
D0,DC/YX/3/D,SYR,6.0,,DC,YX,3,D,SYR,,46.81,22,47,49.15,5.00%,0.004038920506700936,23.1,47,Cascaded,2027,23.1,47
D0,DC/YX/4/D,AGS,6.0,,DC,YX,4,D,AGS,,41.18,7,17,43.24,5.00%,0.0011111111111111111,7.35,17,Cascaded,2027,7.350000000000001,17
D0,DC/YX/4/D,ATL,6.0,,DC,YX,4,D,ATL,,77.78,14,18,81.67,5.00%,0.0022222222222222222,14.7,18,Cascaded,2027,14.700000000000003,18
D0,DC/YX/4/D,BNA,6.0,,DC,YX,4,D,BNA,,75.0,168,224,78.75,5.00%,0.02666666666666667,176.4,224,Cascaded,2027,176.40000000000003,224
D0,DC/YX/4/D,BOS,6.0,,DC,YX,4,D,BOS,,69.74,1514,2171,73.22,5.00%,0.24031746031746032,1589.7,2171,Cascaded,2027,1589.7000000000003,2171
D0,DC/YX/4/D,BUF,6.0,,DC,YX,4,D,BUF,,64.29,27,42,67.5,5.00%,0.004285714285714286,28.35,42,Cascaded,2027,28.350000000000005,42
D0,DC/YX/4/D,BWI,6.0,,DC,YX,4,D,BWI,,79.31,69,87,83.28,5.00%,0.010952380952380953,72.45,87,Cascaded,2027,72.45000000000002,87
D0,DC/YX/4/D,CHS,6.0,,DC,YX,4,D,CHS,,68.0,17,25,71.4,5.00%,0.0026984126984126986,17.85,25,Cascaded,2027,17.85,25
D0,DC/YX/4/D,CLE,6.0,,DC,YX,4,D,CLE,,73.64,81,110,77.32,5.00%,0.012857142857142857,85.05,110,Cascaded,2027,85.05000000000001,110
D0,DC/YX/4/D,CLT,6.0,,DC,YX,4,D,CLT,,80.65,125,155,84.68,5.00%,0.01984126984126984,131.25,155,Cascaded,2027,131.25000000000003,155
D0,DC/YX/4/D,CMH,6.0,,DC,YX,4,D,CMH,,76.88,266,346,80.72,5.00%,0.042222222222222223,279.3,346,Cascaded,2027,279.3,346
D0,DC/YX/4/D,CVG,6.0,,DC,YX,4,D,CVG,,70.59,84,119,74.12,5.00%,0.013333333333333334,88.2,119,Cascaded,2027,88.20000000000002,119
D0,DC/YX/4/D,DCA,6.0,,DC,YX,4,D,DCA,,70.14,458,653,73.64,5.00%,0.07269841269841269,480.9,653,Cascaded,2027,480.9000000000001,653
D0,DC/YX/4/D,DTW,6.0,,DC,YX,4,D,DTW,,72.73,128,176,76.36,5.00%,0.020317460317460317,134.4,176,Cascaded,2027,134.4,176
D0,DC/YX/4/D,ECP,6.0,,DC,YX,4,D,ECP,,66.67,4,6,70.0,5.00%,0.0006349206349206349,4.2,6,Cascaded,2027,4.2,6
D0,DC/YX/4/D,EWR,6.0,,DC,YX,4,D,EWR,,68.6,59,86,72.03,5.00%,0.009365079365079364,61.95,86,Cascaded,2027,61.95000000000001,86
D0,DC/YX/4/D,EYW,6.0,,DC,YX,4,D,EYW,,73.33,22,30,77.0,5.00%,0.003492063492063492,23.1,30,Cascaded,2027,23.1,30
D0,DC/YX/4/D,GRR,6.0,,DC,YX,4,D,GRR,,80.0,40,50,84.0,5.00%,0.006349206349206349,42.0,50,Cascaded,2027,42.00000000000001,50
D0,DC/YX/4/D,GSO,6.0,,DC,YX,4,D,GSO,,63.89,23,36,67.08,5.00%,0.003650793650793651,24.15,36,Cascaded,2027,24.150000000000002,36
D0,DC/YX/4/D,HHH,6.0,,DC,YX,4,D,HHH,,80.56,29,36,84.58,5.00%,0.004603174603174603,30.45,36,Cascaded,2027,30.450000000000003,36
D0,DC/YX/4/D,IAD,6.0,,DC,YX,4,D,IAD,,76.67,23,30,80.5,5.00%,0.003650793650793651,24.15,30,Cascaded,2027,24.150000000000002,30
D0,DC/YX/4/D,ILM,6.0,,DC,YX,4,D,ILM,,100.0,2,2,105.0,5.00%,0.00031746031746031746,2.1,2,Cascaded,2027,2.1,2
D0,DC/YX/4/D,IND,6.0,,DC,YX,4,D,IND,,76.77,152,198,80.61,5.00%,0.02412698412698413,159.6,198,Cascaded,2027,159.60000000000002,198
D0,DC/YX/4/D,JAX,6.0,,DC,YX,4,D,JAX,,67.05,116,173,70.4,5.00%,0.018412698412698412,121.8,173,Cascaded,2027,121.80000000000001,173
D0,DC/YX/4/D,JFK,6.0,,DC,YX,4,D,JFK,,73.11,261,357,76.76,5.00%,0.041428571428571426,274.05,357,Cascaded,2027,274.05,357
D0,DC/YX/4/D,LEX,6.0,,DC,YX,4,D,LEX,,75.0,42,56,78.75,5.00%,0.006666666666666667,44.1,56,Cascaded,2027,44.10000000000001,56
D0,DC/YX/4/D,LGA,6.0,,DC,YX,4,D,LGA,,67.01,1383,2064,70.36,5.00%,0.2195238095238095,1452.15,2064,Cascaded,2027,1452.15,2064
D0,DC/YX/4/D,MCI,6.0,,DC,YX,4,D,MCI,,67.92,36,53,71.32,5.00%,0.005714285714285714,37.8,53,Cascaded,2027,37.800000000000004,53
D0,DC/YX/4/D,MCO,6.0,,DC,YX,4,D,MCO,,100.0,16,16,105.0,5.00%,0.0025396825396825397,16.8,16,Cascaded,2027,16.8,16
D0,DC/YX/4/D,MEM,6.0,,DC,YX,4,D,MEM,,85.14,63,74,89.39,5.00%,0.01,66.15,74,Cascaded,2027,66.15,74
D0,DC/YX/4/D,MKE,6.0,,DC,YX,4,D,MKE,,74.47,105,141,78.19,5.00%,0.016666666666666666,110.25,141,Cascaded,2027,110.25000000000001,141
D0,DC/YX/4/D,MSN,6.0,,DC,YX,4,D,MSN,,75.0,60,80,78.75,5.00%,0.009523809523809525,63.0,80,Cascaded,2027,63.00000000000001,80
D0,DC/YX/4/D,MYR,6.0,,DC,YX,4,D,MYR,,85.71,6,7,90.0,5.00%,0.0009523809523809524,6.3,7,Cascaded,2027,6.300000000000001,7
D0,DC/YX/4/D,OMA,6.0,,DC,YX,4,D,OMA,,85.19,23,27,89.44,5.00%,0.003650793650793651,24.15,27,Cascaded,2027,24.150000000000002,27
D0,DC/YX/4/D,ORD,6.0,,DC,YX,4,D,ORD,,64.89,61,94,68.14,5.00%,0.009682539682539683,64.05,94,Cascaded,2027,64.05000000000001,94
D0,DC/YX/4/D,ORF,6.0,,DC,YX,4,D,ORF,,75.0,6,8,78.75,5.00%,0.0009523809523809524,6.3,8,Cascaded,2027,6.300000000000001,8
D0,DC/YX/4/D,PHL,6.0,,DC,YX,4,D,PHL,,78.0,78,100,81.9,5.00%,0.012380952380952381,81.9,100,Cascaded,2027,81.9,100
D0,DC/YX/4/D,PIT,6.0,,DC,YX,4,D,PIT,,77.18,186,241,81.04,5.00%,0.029523809523809525,195.3,241,Cascaded,2027,195.30000000000004,241
D0,DC/YX/4/D,PNS,6.0,,DC,YX,4,D,PNS,,83.33,5,6,87.5,5.00%,0.0007936507936507937,5.25,6,Cascaded,2027,5.250000000000001,6
D0,DC/YX/4/D,PWM,6.0,,DC,YX,4,D,PWM,,71.29,72,101,74.85,5.00%,0.011428571428571429,75.6,101,Cascaded,2027,75.60000000000001,101
D0,DC/YX/4/D,RDU,6.0,,DC,YX,4,D,RDU,,80.0,12,15,84.0,5.00%,0.0019047619047619048,12.6,15,Cascaded,2027,12.600000000000001,15
D0,DC/YX/4/D,RIC,6.0,,DC,YX,4,D,RIC,,77.01,144,187,80.86,5.00%,0.022857142857142857,151.2,187,Cascaded,2027,151.20000000000002,187
D0,DC/YX/4/D,SAV,6.0,,DC,YX,4,D,SAV,,72.41,63,87,76.03,5.00%,0.01,66.15,87,Cascaded,2027,66.15,87
D0,DC/YX/4/D,SDF,6.0,,DC,YX,4,D,SDF,,80.14,117,146,84.14,5.00%,0.018571428571428572,122.85,146,Cascaded,2027,122.85000000000002,146
D0,DC/YX/4/D,SRQ,6.0,,DC,YX,4,D,SRQ,,65.22,15,23,68.48,5.00%,0.002380952380952381,15.75,23,Cascaded,2027,15.750000000000002,23
D0,DC/YX/4/D,STL,6.0,,DC,YX,4,D,STL,,83.33,50,60,87.5,5.00%,0.007936507936507936,52.5,60,Cascaded,2027,52.50000000000001,60
D0,DC/YX/4/D,SYR,6.0,,DC,YX,4,D,SYR,,77.27,68,88,81.14,5.00%,0.010793650793650795,71.4,88,Cascaded,2027,71.4,88
D0,DC/YX/5/D,ACK,6.0,,DC,YX,5,D,ACK,,66.67,20,30,70.0,5.00%,0.0030548342752405684,21.0,30,Cascaded,2027,21.0,30
D0,DC/YX/5/D,ATL,6.0,,DC,YX,5,D,ATL,,53.33,16,30,56.0,5.00%,0.0024438674201924544,16.8,30,Cascaded,2027,16.8,30
D0,DC/YX/5/D,AVL,6.0,,DC,YX,5,D,AVL,,75.0,9,12,78.75,5.00%,0.0013746754238582557,9.45,12,Cascaded,2027,9.450000000000001,12
D0,DC/YX/5/D,BNA,6.0,,DC,YX,5,D,BNA,,76.24,77,101,80.05,5.00%,0.011761111959676187,80.85,101,Cascaded,2027,80.85000000000001,101
D0,DC/YX/5/D,BOS,6.0,,DC,YX,5,D,BOS,,76.67,1581,2062,80.51,5.00%,0.2414846494577669,1660.05,2062,Cascaded,2027,1660.0500000000002,2062
D0,DC/YX/5/D,BUF,6.0,,DC,YX,5,D,BUF,,75.47,40,53,79.25,5.00%,0.006109668550481137,42.0,53,Cascaded,2027,42.0,53
D0,DC/YX/5/D,BWI,6.0,,DC,YX,5,D,BWI,,75.9,63,83,79.7,5.00%,0.00962272796700779,66.15,83,Cascaded,2027,66.15,83
D0,DC/YX/5/D,CHS,6.0,,DC,YX,5,D,CHS,,88.89,8,9,93.33,5.00%,0.0012219337100962272,8.4,9,Cascaded,2027,8.4,9
D0,DC/YX/5/D,CLE,6.0,,DC,YX,5,D,CLE,,73.57,103,140,77.25,5.00%,0.015732396517488926,108.15,140,Cascaded,2027,108.15,140
D0,DC/YX/5/D,CLT,6.0,,DC,YX,5,D,CLT,,73.66,151,205,77.34,5.00%,0.02306399877806629,158.55,205,Cascaded,2027,158.55,205
D0,DC/YX/5/D,CMH,6.0,,DC,YX,5,D,CMH,,82.86,290,350,87.0,5.00%,0.04429509699098824,304.5,350,Cascaded,2027,304.5,350
D0,DC/YX/5/D,CVG,6.0,,DC,YX,5,D,CVG,,70.68,94,133,74.21,5.00%,0.014357721093630671,98.7,133,Cascaded,2027,98.7,133
D0,DC/YX/5/D,DCA,6.0,,DC,YX,5,D,DCA,,66.42,449,676,69.74,5.00%,0.06858102947915076,471.45,676,Cascaded,2027,471.45000000000005,676
D0,DC/YX/5/D,DTW,6.0,,DC,YX,5,D,DTW,,74.21,187,252,77.92,5.00%,0.028562700473499313,196.35,252,Cascaded,2027,196.35000000000002,252
D0,DC/YX/5/D,EWR,6.0,,DC,YX,5,D,EWR,,71.95,59,82,75.55,5.00%,0.009011761111959676,61.95,82,Cascaded,2027,61.95,82
D0,DC/YX/5/D,EYW,6.0,,DC,YX,5,D,EYW,,75.0,15,20,78.75,5.00%,0.002291125706430426,15.75,20,Cascaded,2027,15.75,20
D0,DC/YX/5/D,GRR,6.0,,DC,YX,5,D,GRR,,83.33,60,72,87.5,5.00%,0.009164502825721704,63.0,72,Cascaded,2027,63.0,72
D0,DC/YX/5/D,GSO,6.0,,DC,YX,5,D,GSO,,69.23,9,13,72.69,5.00%,0.0013746754238582557,9.45,13,Cascaded,2027,9.450000000000001,13
D0,DC/YX/5/D,HHH,6.0,,DC,YX,5,D,HHH,,41.67,25,60,43.75,5.00%,0.0038185428440507103,26.25,60,Cascaded,2027,26.25,60
D0,DC/YX/5/D,IAD,6.0,,DC,YX,5,D,IAD,,79.31,23,29,83.28,5.00%,0.0035130594165266532,24.15,29,Cascaded,2027,24.150000000000002,29
D0,DC/YX/5/D,ILM,6.0,,DC,YX,5,D,ILM,,66.67,4,6,70.0,5.00%,0.0006109668550481136,4.2,6,Cascaded,2027,4.2,6
D0,DC/YX/5/D,IND,6.0,,DC,YX,5,D,IND,,74.11,146,197,77.82,5.00%,0.022300290209256148,153.3,197,Cascaded,2027,153.3,197
D0,DC/YX/5/D,JAX,6.0,,DC,YX,5,D,JAX,,75.15,124,165,78.91,5.00%,0.01893997250649152,130.2,165,Cascaded,2027,130.20000000000002,165
D0,DC/YX/5/D,JFK,6.0,,DC,YX,5,D,JFK,,73.14,335,458,76.8,5.00%,0.05116847411027952,351.75,458,Cascaded,2027,351.75,458
D0,DC/YX/5/D,LEX,6.0,,DC,YX,5,D,LEX,,71.67,43,60,75.25,5.00%,0.006567893691767222,45.15,60,Cascaded,2027,45.150000000000006,60
D0,DC/YX/5/D,LGA,6.0,,DC,YX,5,D,LGA,,70.96,1427,2011,74.51,5.00%,0.21796242553841455,1498.35,2011,Cascaded,2027,1498.3500000000001,2011
D0,DC/YX/5/D,MCI,6.0,,DC,YX,5,D,MCI,,81.82,9,11,85.91,5.00%,0.0013746754238582557,9.45,11,Cascaded,2027,9.450000000000001,11
D0,DC/YX/5/D,MEM,6.0,,DC,YX,5,D,MEM,,72.18,96,133,75.79,5.00%,0.014663204521154728,100.8,133,Cascaded,2027,100.80000000000001,133
D0,DC/YX/5/D,MKE,6.0,,DC,YX,5,D,MKE,,77.52,100,129,81.4,5.00%,0.015274171376202841,105.0,129,Cascaded,2027,105.0,129
D0,DC/YX/5/D,MSN,6.0,,DC,YX,5,D,MSN,,80.33,49,61,84.34,5.00%,0.007484343974339392,51.45,61,Cascaded,2027,51.45,61
D0,DC/YX/5/D,MVY,6.0,,DC,YX,5,D,MVY,,80.0,24,30,84.0,5.00%,0.003665801130288682,25.2,30,Cascaded,2027,25.200000000000003,30
D0,DC/YX/5/D,MYR,6.0,,DC,YX,5,D,MYR,,70.0,7,10,73.5,5.00%,0.0010691919963341989,7.35,10,Cascaded,2027,7.3500000000000005,10
D0,DC/YX/5/D,OMA,6.0,,DC,YX,5,D,OMA,,84.62,22,26,88.85,5.00%,0.003360317702764625,23.1,26,Cascaded,2027,23.1,26
D0,DC/YX/5/D,ORD,6.0,,DC,YX,5,D,ORD,,78.05,32,41,81.95,5.00%,0.004887734840384909,33.6,41,Cascaded,2027,33.6,41
D0,DC/YX/5/D,ORF,6.0,,DC,YX,5,D,ORF,,61.76,21,34,64.85,5.00%,0.0032075759890025967,22.05,34,Cascaded,2027,22.05,34
D0,DC/YX/5/D,PHL,6.0,,DC,YX,5,D,PHL,,78.7,85,108,82.64,5.00%,0.012983045669772415,89.25,108,Cascaded,2027,89.25,108
D0,DC/YX/5/D,PIT,6.0,,DC,YX,5,D,PIT,,80.28,285,355,84.3,5.00%,0.043531388422178095,299.25,355,Cascaded,2027,299.25,355
D0,DC/YX/5/D,PWM,6.0,,DC,YX,5,D,PWM,,80.0,56,70,84.0,5.00%,0.008553535970673591,58.8,70,Cascaded,2027,58.800000000000004,70
D0,DC/YX/5/D,RDU,6.0,,DC,YX,5,D,RDU,,65.52,19,29,68.79,5.00%,0.0029020925614785397,19.95,29,Cascaded,2027,19.950000000000003,29
D0,DC/YX/5/D,RIC,6.0,,DC,YX,5,D,RIC,,77.27,136,176,81.14,5.00%,0.020772873071635865,142.8,176,Cascaded,2027,142.8,176
D0,DC/YX/5/D,SAV,6.0,,DC,YX,5,D,SAV,,56.76,63,111,59.59,5.00%,0.00962272796700779,66.15,111,Cascaded,2027,66.15,111
D0,DC/YX/5/D,SDF,6.0,,DC,YX,5,D,SDF,,74.85,122,163,78.59,5.00%,0.018634489078967465,128.1,163,Cascaded,2027,128.1,163
D0,DC/YX/5/D,SRQ,6.0,,DC,YX,5,D,SRQ,,50.0,8,16,52.5,5.00%,0.0012219337100962272,8.4,16,Cascaded,2027,8.4,16
D0,DC/YX/5/D,STL,6.0,,DC,YX,5,D,STL,,72.22,26,36,75.83,5.00%,0.003971284557812739,27.3,36,Cascaded,2027,27.3,36
D0,DC/YX/5/D,SYR,6.0,,DC,YX,5,D,SYR,,95.65,22,23,100.43,5.00%,0.003360317702764625,23.1,23,Cascaded,2027,23.1,23
D0,DC/YX/5/D,TVC,6.0,,DC,YX,5,D,TVC,,70.0,7,10,73.5,5.00%,0.0010691919963341989,7.35,10,Cascaded,2027,7.3500000000000005,10
D0,DC/YX/6/D,ACK,6.0,,DC,YX,6,D,ACK,,66.27,55,83,69.58,5.00%,0.009331523583305057,57.75,83,Cascaded,2027,57.75000000000001,83
D0,DC/YX/6/D,ATL,6.0,,DC,YX,6,D,ATL,,73.33,22,30,77.0,5.00%,0.0037326094333220224,23.1,30,Cascaded,2027,23.1,30
D0,DC/YX/6/D,AVL,6.0,,DC,YX,6,D,AVL,,33.33,3,9,35.0,5.00%,0.0005089921954530031,3.15,9,Cascaded,2027,3.1500000000000004,9
D0,DC/YX/6/D,BNA,6.0,,DC,YX,6,D,BNA,,68.42,104,152,71.84,5.00%,0.017645062775704105,109.2,152,Cascaded,2027,109.20000000000002,152
D0,DC/YX/6/D,BOS,6.0,,DC,YX,6,D,BOS,,68.58,1375,2005,72.01,5.00%,0.2332880895826264,1443.75,2005,Cascaded,2027,1443.7500000000002,2005
D0,DC/YX/6/D,BUF,6.0,,DC,YX,6,D,BUF,,67.5,54,80,70.88,5.00%,0.009161859518154056,56.7,80,Cascaded,2027,56.70000000000001,80
D0,DC/YX/6/D,BWI,6.0,,DC,YX,6,D,BWI,,65.31,64,98,68.57,5.00%,0.010858500169664066,67.2,98,Cascaded,2027,67.2,98
D0,DC/YX/6/D,CHS,6.0,,DC,YX,6,D,CHS,,57.89,33,57,60.79,5.00%,0.005598914149983034,34.65,57,Cascaded,2027,34.650000000000006,57
D0,DC/YX/6/D,CLE,6.0,,DC,YX,6,D,CLE,,78.57,77,98,82.5,5.00%,0.013064133016627079,80.85,98,Cascaded,2027,80.85000000000001,98
D0,DC/YX/6/D,CLT,6.0,,DC,YX,6,D,CLT,,68.6,142,207,72.03,5.00%,0.024092297251442144,149.1,207,Cascaded,2027,149.10000000000002,207
D0,DC/YX/6/D,CMH,6.0,,DC,YX,6,D,CMH,,72.32,243,336,75.94,5.00%,0.041228367831693244,255.15,336,Cascaded,2027,255.15000000000003,336
D0,DC/YX/6/D,CVG,6.0,,DC,YX,6,D,CVG,,65.45,72,110,68.73,5.00%,0.012215812690872073,75.6,110,Cascaded,2027,75.60000000000001,110
D0,DC/YX/6/D,DCA,6.0,,DC,YX,6,D,DCA,,61.89,419,677,64.99,5.00%,0.07108924329826943,439.95,677,Cascaded,2027,439.95000000000005,677
D0,DC/YX/6/D,DTW,6.0,,DC,YX,6,D,DTW,,73.81,124,168,77.5,5.00%,0.021038344078724125,130.2,168,Cascaded,2027,130.20000000000002,168
D0,DC/YX/6/D,EWR,6.0,,DC,YX,6,D,EWR,,57.5,46,80,60.38,5.00%,0.007804546996946046,48.3,80,Cascaded,2027,48.300000000000004,80
D0,DC/YX/6/D,GRR,6.0,,DC,YX,6,D,GRR,,72.15,57,79,75.76,5.00%,0.009670851713607058,59.85,79,Cascaded,2027,59.85000000000001,79
D0,DC/YX/6/D,GSO,6.0,,DC,YX,6,D,GSO,,76.67,46,60,80.5,5.00%,0.007804546996946046,48.3,60,Cascaded,2027,48.300000000000004,60
D0,DC/YX/6/D,HHH,6.0,,DC,YX,6,D,HHH,,70.69,41,58,74.22,5.00%,0.006956226671191041,43.05,58,Cascaded,2027,43.050000000000004,58
D0,DC/YX/6/D,ILM,6.0,,DC,YX,6,D,ILM,,60.0,6,10,63.0,5.00%,0.0010179843909060061,6.3,10,Cascaded,2027,6.300000000000001,10
D0,DC/YX/6/D,IND,6.0,,DC,YX,6,D,IND,,75.4,141,187,79.17,5.00%,0.023922633186291144,148.05,187,Cascaded,2027,148.05,187
D0,DC/YX/6/D,JAX,6.0,,DC,YX,6,D,JAX,,70.24,59,84,73.75,5.00%,0.01001017984390906,61.95,84,Cascaded,2027,61.95000000000001,84
D0,DC/YX/6/D,JFK,6.0,,DC,YX,6,D,JFK,,62.05,278,448,65.16,5.00%,0.047166610111978285,291.9,448,Cascaded,2027,291.90000000000003,448
D0,DC/YX/6/D,LEX,6.0,,DC,YX,6,D,LEX,,84.91,45,53,89.15,5.00%,0.007634882931795046,47.25,53,Cascaded,2027,47.25000000000001,53
D0,DC/YX/6/D,LGA,6.0,,DC,YX,6,D,LGA,,67.32,1230,1827,70.69,5.00%,0.20868680013573127,1291.5,1827,Cascaded,2027,1291.5000000000002,1827
D0,DC/YX/6/D,MCI,6.0,,DC,YX,6,D,MCI,,78.18,43,55,82.09,5.00%,0.007295554801493044,45.15,55,Cascaded,2027,45.150000000000006,55
D0,DC/YX/6/D,MCO,6.0,,DC,YX,6,D,MCO,,78.65,70,89,82.58,5.00%,0.011876484560570071,73.5,89,Cascaded,2027,73.50000000000001,89
D0,DC/YX/6/D,MEM,6.0,,DC,YX,6,D,MEM,,84.75,50,59,88.98,5.00%,0.00848320325755005,52.5,59,Cascaded,2027,52.50000000000001,59
D0,DC/YX/6/D,MIA,6.0,,DC,YX,6,D,MIA,,66.1,39,59,69.41,5.00%,0.00661689854088904,40.95,59,Cascaded,2027,40.95,59
D0,DC/YX/6/D,MKE,6.0,,DC,YX,6,D,MKE,,73.44,94,128,77.11,5.00%,0.015948422124194096,98.7,128,Cascaded,2027,98.70000000000002,128
D0,DC/YX/6/D,MSN,6.0,,DC,YX,6,D,MSN,,67.21,41,61,70.57,5.00%,0.006956226671191041,43.05,61,Cascaded,2027,43.050000000000004,61
D0,DC/YX/6/D,MVY,6.0,,DC,YX,6,D,MVY,,65.48,55,84,68.75,5.00%,0.009331523583305057,57.75,84,Cascaded,2027,57.75000000000001,84
D0,DC/YX/6/D,MYR,6.0,,DC,YX,6,D,MYR,,100.0,2,2,105.0,5.00%,0.00033932813030200206,2.1,2,Cascaded,2027,2.1,2
D0,DC/YX/6/D,OMA,6.0,,DC,YX,6,D,OMA,,77.42,24,31,81.29,5.00%,0.0040719375636240245,25.2,31,Cascaded,2027,25.200000000000003,31
D0,DC/YX/6/D,ORD,6.0,,DC,YX,6,D,ORD,,73.33,33,45,77.0,5.00%,0.005598914149983034,34.65,45,Cascaded,2027,34.650000000000006,45
D0,DC/YX/6/D,ORF,6.0,,DC,YX,6,D,ORF,,74.29,78,105,78.0,5.00%,0.01323379708177808,81.9,105,Cascaded,2027,81.9,105
D0,DC/YX/6/D,PHL,6.0,,DC,YX,6,D,PHL,,59.6,59,99,62.58,5.00%,0.01001017984390906,61.95,99,Cascaded,2027,61.95000000000001,99
D0,DC/YX/6/D,PIT,6.0,,DC,YX,6,D,PIT,,77.0,241,313,80.85,5.00%,0.040889039701391246,253.05,313,Cascaded,2027,253.05000000000004,313
D0,DC/YX/6/D,PWM,6.0,,DC,YX,6,D,PWM,,64.52,20,31,67.74,5.00%,0.0033932813030200203,21.0,31,Cascaded,2027,21.000000000000004,31
D0,DC/YX/6/D,RDU,6.0,,DC,YX,6,D,RDU,,57.14,44,77,60.0,5.00%,0.007465218866644045,46.2,77,Cascaded,2027,46.2,77
D0,DC/YX/6/D,RIC,6.0,,DC,YX,6,D,RIC,,74.66,109,146,78.39,5.00%,0.01849338310145911,114.45,146,Cascaded,2027,114.45000000000002,146
D0,DC/YX/6/D,SAV,6.0,,DC,YX,6,D,SAV,,60.27,44,73,63.29,5.00%,0.007465218866644045,46.2,73,Cascaded,2027,46.2,73
D0,DC/YX/6/D,SDF,6.0,,DC,YX,6,D,SDF,,81.74,94,115,85.83,5.00%,0.015948422124194096,98.7,115,Cascaded,2027,98.70000000000002,115
D0,DC/YX/6/D,SRQ,6.0,,DC,YX,6,D,SRQ,,50.0,3,6,52.5,5.00%,0.0005089921954530031,3.15,6,Cascaded,2027,3.1500000000000004,6
D0,DC/YX/6/D,STL,6.0,,DC,YX,6,D,STL,,50.0,10,20,52.5,5.00%,0.0016966406515100101,10.5,20,Cascaded,2027,10.500000000000002,20
D0,DC/YX/6/D,TVC,6.0,,DC,YX,6,D,TVC,,55.56,5,9,58.33,5.00%,0.0008483203257550051,5.25,9,Cascaded,2027,5.250000000000001,9
D0,DC/YX/7/D,ACK,6.0,,DC,YX,7,D,ACK,,63.95,55,86,67.15,5.00%,0.009612023767913317,57.75,86,Cascaded,2027,57.75,86
D0,DC/YX/7/D,ATL,6.0,,DC,YX,7,D,ATL,,66.67,20,30,70.0,5.00%,0.003495281370150297,21.0,30,Cascaded,2027,21.0,30
D0,DC/YX/7/D,AVL,6.0,,DC,YX,7,D,AVL,,87.5,7,8,91.88,5.00%,0.001223348479552604,7.35,8,Cascaded,2027,7.3500000000000005,8
D0,DC/YX/7/D,BNA,6.0,,DC,YX,7,D,BNA,,70.23,92,131,73.74,5.00%,0.016078294302691365,96.6,131,Cascaded,2027,96.60000000000001,131
D0,DC/YX/7/D,BOS,6.0,,DC,YX,7,D,BOS,,62.77,1234,1966,65.91,5.00%,0.21565886053827332,1295.7,1966,Cascaded,2027,1295.7,1966
D0,DC/YX/7/D,BUF,6.0,,DC,YX,7,D,BUF,,64.47,49,76,67.7,5.00%,0.008563439356868228,51.45,76,Cascaded,2027,51.45,76
D0,DC/YX/7/D,BWI,6.0,,DC,YX,7,D,BWI,,75.22,85,113,78.98,5.00%,0.014854945823138763,89.25,113,Cascaded,2027,89.25,113
D0,DC/YX/7/D,CHS,6.0,,DC,YX,7,D,CHS,,38.6,22,57,40.53,5.00%,0.003844809507165327,23.1,57,Cascaded,2027,23.1,57
D0,DC/YX/7/D,CLE,6.0,,DC,YX,7,D,CLE,,70.93,61,86,74.48,5.00%,0.010660608178958406,64.05,86,Cascaded,2027,64.05,86
D0,DC/YX/7/D,CLT,6.0,,DC,YX,7,D,CLT,,64.25,133,207,67.46,5.00%,0.023243621111499475,139.65,207,Cascaded,2027,139.65,207
D0,DC/YX/7/D,CMH,6.0,,DC,YX,7,D,CMH,,71.35,254,356,74.92,5.00%,0.044390073400908774,266.7,356,Cascaded,2027,266.70000000000005,356
D0,DC/YX/7/D,CVG,6.0,,DC,YX,7,D,CVG,,51.89,55,106,54.48,5.00%,0.009612023767913317,57.75,106,Cascaded,2027,57.75,106
D0,DC/YX/7/D,DCA,6.0,,DC,YX,7,D,DCA,,67.08,438,653,70.43,5.00%,0.07654666200629151,459.9,653,Cascaded,2027,459.90000000000003,653
D0,DC/YX/7/D,DTW,6.0,,DC,YX,7,D,DTW,,67.44,203,301,70.81,5.00%,0.03547710590702551,213.15,301,Cascaded,2027,213.15,301
D0,DC/YX/7/D,EWR,6.0,,DC,YX,7,D,EWR,,56.16,41,73,58.97,5.00%,0.007165326808808109,43.05,73,Cascaded,2027,43.050000000000004,73
D0,DC/YX/7/D,GRR,6.0,,DC,YX,7,D,GRR,,70.37,57,81,73.89,5.00%,0.009961551904928347,59.85,81,Cascaded,2027,59.85,81
D0,DC/YX/7/D,GSO,6.0,,DC,YX,7,D,GSO,,68.42,39,57,71.84,5.00%,0.006815798671793079,40.95,57,Cascaded,2027,40.95,57
D0,DC/YX/7/D,HHH,6.0,,DC,YX,7,D,HHH,,61.4,35,57,64.47,5.00%,0.00611674239776302,36.75,57,Cascaded,2027,36.75,57
D0,DC/YX/7/D,ILM,6.0,,DC,YX,7,D,ILM,,63.64,7,11,66.82,5.00%,0.001223348479552604,7.35,11,Cascaded,2027,7.3500000000000005,11
D0,DC/YX/7/D,IND,6.0,,DC,YX,7,D,IND,,71.92,146,203,75.52,5.00%,0.02551555400209717,153.3,203,Cascaded,2027,153.3,203
D0,DC/YX/7/D,JAX,6.0,,DC,YX,7,D,JAX,,63.75,51,80,66.94,5.00%,0.008912967493883258,53.55,80,Cascaded,2027,53.550000000000004,80
D0,DC/YX/7/D,JFK,6.0,,DC,YX,7,D,JFK,,64.44,290,450,67.67,5.00%,0.050681579867179305,304.5,450,Cascaded,2027,304.5,450
D0,DC/YX/7/D,LEX,6.0,,DC,YX,7,D,LEX,,76.47,39,51,80.29,5.00%,0.006815798671793079,40.95,51,Cascaded,2027,40.95,51
D0,DC/YX/7/D,LGA,6.0,,DC,YX,7,D,LGA,,64.04,1138,1777,67.24,5.00%,0.1988815099615519,1194.9,1777,Cascaded,2027,1194.9,1777
D0,DC/YX/7/D,MCI,6.0,,DC,YX,7,D,MCI,,71.43,40,56,75.0,5.00%,0.006990562740300594,42.0,56,Cascaded,2027,42.0,56
D0,DC/YX/7/D,MCO,6.0,,DC,YX,7,D,MCO,,69.89,65,93,73.39,5.00%,0.011359664452988466,68.25,93,Cascaded,2027,68.25,93
D0,DC/YX/7/D,MEM,6.0,,DC,YX,7,D,MEM,,71.26,62,87,74.83,5.00%,0.01083537224746592,65.1,87,Cascaded,2027,65.10000000000001,87
D0,DC/YX/7/D,MIA,6.0,,DC,YX,7,D,MIA,,64.52,40,62,67.74,5.00%,0.006990562740300594,42.0,62,Cascaded,2027,42.0,62
D0,DC/YX/7/D,MKE,6.0,,DC,YX,7,D,MKE,,69.05,87,126,72.5,5.00%,0.015204473960153793,91.35,126,Cascaded,2027,91.35000000000001,126
D0,DC/YX/7/D,MSN,6.0,,DC,YX,7,D,MSN,,70.37,38,54,73.89,5.00%,0.006641034603285564,39.9,54,Cascaded,2027,39.900000000000006,54
D0,DC/YX/7/D,MVY,6.0,,DC,YX,7,D,MVY,,71.26,62,87,74.83,5.00%,0.01083537224746592,65.1,87,Cascaded,2027,65.10000000000001,87
D0,DC/YX/7/D,OMA,6.0,,DC,YX,7,D,OMA,,80.77,21,26,84.81,5.00%,0.003670045438657812,22.05,26,Cascaded,2027,22.05,26
D0,DC/YX/7/D,ORD,6.0,,DC,YX,7,D,ORD,,54.72,29,53,57.45,5.00%,0.005068157986717931,30.45,53,Cascaded,2027,30.450000000000003,53
D0,DC/YX/7/D,ORF,6.0,,DC,YX,7,D,ORF,,69.75,83,119,73.24,5.00%,0.014505417686123732,87.15,119,Cascaded,2027,87.15,119
D0,DC/YX/7/D,PHL,6.0,,DC,YX,7,D,PHL,,62.18,74,119,65.29,5.00%,0.0129325410695561,77.7,119,Cascaded,2027,77.7,119
D0,DC/YX/7/D,PIT,6.0,,DC,YX,7,D,PIT,,74.13,255,344,77.83,5.00%,0.04456483746941629,267.75,344,Cascaded,2027,267.75,344
D0,DC/YX/7/D,PWM,6.0,,DC,YX,7,D,PWM,,43.48,10,23,45.65,5.00%,0.0017476406850751485,10.5,23,Cascaded,2027,10.5,23
D0,DC/YX/7/D,RDU,6.0,,DC,YX,7,D,RDU,,54.76,46,84,57.5,5.00%,0.008039147151345682,48.3,84,Cascaded,2027,48.300000000000004,84
D0,DC/YX/7/D,RIC,6.0,,DC,YX,7,D,RIC,,72.03,103,143,75.63,5.00%,0.01800069905627403,108.15,143,Cascaded,2027,108.15,143
D0,DC/YX/7/D,SAV,6.0,,DC,YX,7,D,SAV,,61.19,41,67,64.25,5.00%,0.007165326808808109,43.05,67,Cascaded,2027,43.050000000000004,67
D0,DC/YX/7/D,SDF,6.0,,DC,YX,7,D,SDF,,77.39,89,115,81.26,5.00%,0.015554002097168822,93.45,115,Cascaded,2027,93.45,115
D0,DC/YX/7/D,SRQ,6.0,,DC,YX,7,D,SRQ,,44.44,4,9,46.67,5.00%,0.0006990562740300594,4.2,9,Cascaded,2027,4.2,9
D0,DC/YX/7/D,STL,6.0,,DC,YX,7,D,STL,,54.17,13,24,56.88,5.00%,0.002271932890597693,13.65,24,Cascaded,2027,13.65,24
D0,DC/YX/7/D,TVC,6.0,,DC,YX,7,D,TVC,,81.82,9,11,85.91,5.00%,0.0015728766165676337,9.45,11,Cascaded,2027,9.450000000000001,11
D0,DC/YX/8/D,ACK,6.0,,DC,YX,8,D,ACK,,85.71,78,91,90.0,5.00%,0.011131725417439703,81.9,91,Cascaded,2027,81.9,91
D0,DC/YX/8/D,ATL,6.0,,DC,YX,8,D,ATL,,77.42,24,31,81.29,5.00%,0.0034251462822891396,25.2,31,Cascaded,2027,25.200000000000003,31
D0,DC/YX/8/D,AVL,6.0,,DC,YX,8,D,AVL,,66.67,6,9,70.0,5.00%,0.0008562865705722849,6.3,9,Cascaded,2027,6.300000000000001,9
D0,DC/YX/8/D,BNA,6.0,,DC,YX,8,D,BNA,,80.56,87,108,84.58,5.00%,0.01241615527329813,91.35,108,Cascaded,2027,91.35000000000001,108
D0,DC/YX/8/D,BOS,6.0,,DC,YX,8,D,BOS,,78.03,1556,1994,81.94,5.00%,0.2220636506350792,1633.8,1994,Cascaded,2027,1633.8000000000002,1994
D0,DC/YX/8/D,BUF,6.0,,DC,YX,8,D,BUF,,86.41,89,103,90.73,5.00%,0.012701584130155558,93.45,103,Cascaded,2027,93.45,103
D0,DC/YX/8/D,BWI,6.0,,DC,YX,8,D,BWI,,79.41,81,102,83.38,5.00%,0.011559868702725845,85.05,102,Cascaded,2027,85.05000000000001,102
D0,DC/YX/8/D,CHS,6.0,,DC,YX,8,D,CHS,,81.82,45,55,85.91,5.00%,0.0064221492792921366,47.25,55,Cascaded,2027,47.25,55
D0,DC/YX/8/D,CLE,6.0,,DC,YX,8,D,CLE,,87.21,75,86,91.57,5.00%,0.01070358213215356,78.75,86,Cascaded,2027,78.75,86
D0,DC/YX/8/D,CLT,6.0,,DC,YX,8,D,CLT,,77.73,164,211,81.61,5.00%,0.02340516626230912,172.2,211,Cascaded,2027,172.20000000000002,211
D0,DC/YX/8/D,CMH,6.0,,DC,YX,8,D,CMH,,79.49,314,395,83.47,5.00%,0.04481233052661624,329.7,395,Cascaded,2027,329.70000000000005,395
D0,DC/YX/8/D,CVG,6.0,,DC,YX,8,D,CVG,,78.0,78,100,81.9,5.00%,0.011131725417439703,81.9,100,Cascaded,2027,81.9,100
D0,DC/YX/8/D,DCA,6.0,,DC,YX,8,D,DCA,,80.39,574,714,84.41,5.00%,0.08191808191808192,602.7,714,Cascaded,2027,602.7,714
D0,DC/YX/8/D,DTW,6.0,,DC,YX,8,D,DTW,,74.38,180,242,78.1,5.00%,0.025688597117168546,189.0,242,Cascaded,2027,189.0,242
D0,DC/YX/8/D,EWR,6.0,,DC,YX,8,D,EWR,,51.76,44,85,54.35,5.00%,0.006279434850863423,46.2,85,Cascaded,2027,46.2,85
D0,DC/YX/8/D,GRR,6.0,,DC,YX,8,D,GRR,,82.14,69,84,86.25,5.00%,0.009847295561581275,72.45,84,Cascaded,2027,72.45,84
D0,DC/YX/8/D,GSO,6.0,,DC,YX,8,D,GSO,,76.67,46,60,80.5,5.00%,0.0065648637077208504,48.3,60,Cascaded,2027,48.300000000000004,60
D0,DC/YX/8/D,HHH,6.0,,DC,YX,8,D,HHH,,77.42,48,62,81.29,5.00%,0.006850292564578279,50.4,62,Cascaded,2027,50.400000000000006,62
D0,DC/YX/8/D,ILM,6.0,,DC,YX,8,D,ILM,,55.56,5,9,58.33,5.00%,0.0007135721421435707,5.25,9,Cascaded,2027,5.25,9
D0,DC/YX/8/D,IND,6.0,,DC,YX,8,D,IND,,84.57,159,188,88.8,5.00%,0.02269159412016555,166.95,188,Cascaded,2027,166.95000000000002,188
D0,DC/YX/8/D,JAX,6.0,,DC,YX,8,D,JAX,,79.01,64,81,82.96,5.00%,0.009133723419437705,67.2,81,Cascaded,2027,67.2,81
D0,DC/YX/8/D,JFK,6.0,,DC,YX,8,D,JFK,,76.73,376,490,80.57,5.00%,0.053660625089196515,394.8,490,Cascaded,2027,394.8,490
D0,DC/YX/8/D,LEX,6.0,,DC,YX,8,D,LEX,,88.89,48,54,93.33,5.00%,0.006850292564578279,50.4,54,Cascaded,2027,50.400000000000006,54
D0,DC/YX/8/D,LGA,6.0,,DC,YX,8,D,LGA,,77.23,1445,1871,81.09,5.00%,0.20622234907949194,1517.25,1871,Cascaded,2027,1517.25,1871
D0,DC/YX/8/D,MCI,6.0,,DC,YX,8,D,MCI,,83.33,45,54,87.5,5.00%,0.0064221492792921366,47.25,54,Cascaded,2027,47.25,54
D0,DC/YX/8/D,MCO,6.0,,DC,YX,8,D,MCO,,70.97,66,93,74.52,5.00%,0.009419152276295133,69.3,93,Cascaded,2027,69.3,93
D0,DC/YX/8/D,MEM,6.0,,DC,YX,8,D,MEM,,83.87,52,62,88.06,5.00%,0.0074211502782931356,54.6,62,Cascaded,2027,54.6,62
D0,DC/YX/8/D,MIA,6.0,,DC,YX,8,D,MIA,,64.52,40,62,67.74,5.00%,0.005708577137148565,42.0,62,Cascaded,2027,42.0,62
D0,DC/YX/8/D,MKE,6.0,,DC,YX,8,D,MKE,,80.14,113,141,84.15,5.00%,0.0161267304124447,118.65,141,Cascaded,2027,118.65,141
D0,DC/YX/8/D,MSN,6.0,,DC,YX,8,D,MSN,,83.78,62,74,87.97,5.00%,0.008848294562580277,65.1,74,Cascaded,2027,65.10000000000001,74
D0,DC/YX/8/D,MVY,6.0,,DC,YX,8,D,MVY,,77.17,71,92,81.03,5.00%,0.010132724418438705,74.55,92,Cascaded,2027,74.55,92
D0,DC/YX/8/D,MYR,6.0,,DC,YX,8,D,MYR,,100.0,4,4,105.0,5.00%,0.0005708577137148566,4.2,4,Cascaded,2027,4.2,4
D0,DC/YX/8/D,OMA,6.0,,DC,YX,8,D,OMA,,92.31,24,26,96.92,5.00%,0.0034251462822891396,25.2,26,Cascaded,2027,25.200000000000003,26
D0,DC/YX/8/D,ORD,6.0,,DC,YX,8,D,ORD,,72.97,27,37,76.62,5.00%,0.0038532895675752817,28.35,37,Cascaded,2027,28.35,37
D0,DC/YX/8/D,ORF,6.0,,DC,YX,8,D,ORF,,78.81,93,118,82.75,5.00%,0.013272441843870416,97.65,118,Cascaded,2027,97.65,118
D0,DC/YX/8/D,PHL,6.0,,DC,YX,8,D,PHL,,80.77,84,104,84.81,5.00%,0.011988011988011988,88.2,104,Cascaded,2027,88.2,104
D0,DC/YX/8/D,PIT,6.0,,DC,YX,8,D,PIT,,77.88,264,339,81.77,5.00%,0.03767660910518053,277.2,339,Cascaded,2027,277.2,339
D0,DC/YX/8/D,PWM,6.0,,DC,YX,8,D,PWM,,84.0,21,25,88.2,5.00%,0.002997002997002997,22.05,25,Cascaded,2027,22.05,25
D0,DC/YX/8/D,RDU,6.0,,DC,YX,8,D,RDU,,67.78,61,90,71.17,5.00%,0.008705580134151562,64.05,90,Cascaded,2027,64.05,90
D0,DC/YX/8/D,RIC,6.0,,DC,YX,8,D,RIC,,83.67,123,147,87.86,5.00%,0.01755387469673184,129.15,147,Cascaded,2027,129.15,147
D0,DC/YX/8/D,SAV,6.0,,DC,YX,8,D,SAV,,81.69,58,71,85.77,5.00%,0.00827743684886542,60.9,71,Cascaded,2027,60.900000000000006,71
D0,DC/YX/8/D,SDF,6.0,,DC,YX,8,D,SDF,,88.03,103,117,92.44,5.00%,0.014699586128157556,108.15,117,Cascaded,2027,108.15,117
D0,DC/YX/8/D,SRQ,6.0,,DC,YX,8,D,SRQ,,50.0,1,2,52.5,5.00%,0.00014271442842871414,1.05,2,Cascaded,2027,1.05,2
D0,DC/YX/8/D,STL,6.0,,DC,YX,8,D,STL,,80.0,20,25,84.0,5.00%,0.0028542885685742827,21.0,25,Cascaded,2027,21.0,25
D0,DC/YX/8/D,SYR,6.0,,DC,YX,8,D,SYR,,78.57,11,14,82.5,5.00%,0.0015698587127158557,11.55,14,Cascaded,2027,11.55,14
D0,DC/YX/8/D,TVC,6.0,,DC,YX,8,D,TVC,,100.0,9,9,105.0,5.00%,0.0012844298558584272,9.45,9,Cascaded,2027,9.450000000000001,9
D0,DC/YX/9/D,ACK,6.0,,DC,YX,9,D,ACK,,63.16,12,19,66.32,5.00%,0.0019420618223013433,12.6,19,Cascaded,2027,12.600000000000001,19
D0,DC/YX/9/D,ATL,6.0,,DC,YX,9,D,ATL,,83.33,25,30,87.5,5.00%,0.004045962129794465,26.25,30,Cascaded,2027,26.250000000000004,30
D0,DC/YX/9/D,AVL,6.0,,DC,YX,9,D,AVL,,55.56,5,9,58.33,5.00%,0.0008091924259588931,5.25,9,Cascaded,2027,5.250000000000001,9
D0,DC/YX/9/D,BNA,6.0,,DC,YX,9,D,BNA,,82.52,85,103,86.65,5.00%,0.013756271241301181,89.25,103,Cascaded,2027,89.25000000000001,103
D0,DC/YX/9/D,BOS,6.0,,DC,YX,9,D,BOS,,63.61,1241,1951,66.79,5.00%,0.20084156012299725,1303.05,1951,Cascaded,2027,1303.0500000000002,1951
D0,DC/YX/9/D,BUF,6.0,,DC,YX,9,D,BUF,,89.19,99,111,93.65,5.00%,0.01602201003398608,103.95,111,Cascaded,2027,103.95000000000002,111
D0,DC/YX/9/D,BWI,6.0,,DC,YX,9,D,BWI,,56.7,55,97,59.54,5.00%,0.008901116685547824,57.75,97,Cascaded,2027,57.75000000000001,97
D0,DC/YX/9/D,CHS,6.0,,DC,YX,9,D,CHS,,76.47,13,17,80.29,5.00%,0.002103900307493122,13.65,17,Cascaded,2027,13.650000000000002,17
D0,DC/YX/9/D,CLE,6.0,,DC,YX,9,D,CLE,,76.27,90,118,80.08,5.00%,0.014565463667260074,94.5,118,Cascaded,2027,94.50000000000001,118
D0,DC/YX/9/D,CLT,6.0,,DC,YX,9,D,CLT,,71.09,150,211,74.64,5.00%,0.02427577277876679,157.5,211,Cascaded,2027,157.50000000000003,211
D0,DC/YX/9/D,CMH,6.0,,DC,YX,9,D,CMH,,80.91,284,351,84.96,5.00%,0.04596212979446512,298.2,351,Cascaded,2027,298.20000000000005,351
D0,DC/YX/9/D,CVG,6.0,,DC,YX,9,D,CVG,,57.94,62,107,60.84,5.00%,0.010033986081890274,65.1,107,Cascaded,2027,65.10000000000001,107
D0,DC/YX/9/D,DCA,6.0,,DC,YX,9,D,DCA,,76.47,533,697,80.29,5.00%,0.08625991260721799,559.65,697,Cascaded,2027,559.6500000000001,697
D0,DC/YX/9/D,DTW,6.0,,DC,YX,9,D,DTW,,87.83,166,189,92.22,5.00%,0.02686518854183525,174.3,189,Cascaded,2027,174.3,189
D0,DC/YX/9/D,EWR,6.0,,DC,YX,9,D,EWR,,43.21,35,81,45.37,5.00%,0.005664346981712251,36.75,81,Cascaded,2027,36.75000000000001,81
D0,DC/YX/9/D,GRR,6.0,,DC,YX,9,D,GRR,,86.9,73,84,91.25,5.00%,0.011814209418999837,76.65,84,Cascaded,2027,76.65,84
D0,DC/YX/9/D,GSO,6.0,,DC,YX,9,D,GSO,,83.05,49,59,87.2,5.00%,0.007930085774397152,51.45,59,Cascaded,2027,51.45,59
D0,DC/YX/9/D,HHH,6.0,,DC,YX,9,D,HHH,,83.33,50,60,87.5,5.00%,0.00809192425958893,52.5,60,Cascaded,2027,52.50000000000001,60
D0,DC/YX/9/D,ILM,6.0,,DC,YX,9,D,ILM,,66.67,6,9,70.0,5.00%,0.0009710309111506716,6.3,9,Cascaded,2027,6.300000000000001,9
D0,DC/YX/9/D,IND,6.0,,DC,YX,9,D,IND,,77.78,126,162,81.67,5.00%,0.020391649134164105,132.3,162,Cascaded,2027,132.3,162
D0,DC/YX/9/D,JAX,6.0,,DC,YX,9,D,JAX,,63.44,59,93,66.61,5.00%,0.009548470626314937,61.95,93,Cascaded,2027,61.95000000000001,93
D0,DC/YX/9/D,JFK,6.0,,DC,YX,9,D,JFK,,74.26,349,470,77.97,5.00%,0.05648163133193073,366.45,470,Cascaded,2027,366.45000000000005,470
D0,DC/YX/9/D,LEX,6.0,,DC,YX,9,D,LEX,,85.71,48,56,90.0,5.00%,0.007768247289205373,50.4,56,Cascaded,2027,50.400000000000006,56
D0,DC/YX/9/D,LGA,6.0,,DC,YX,9,D,LGA,,77.94,1410,1809,81.84,5.00%,0.22819226412040783,1480.5,1809,Cascaded,2027,1480.5000000000002,1809
D0,DC/YX/9/D,MCI,6.0,,DC,YX,9,D,MCI,,65.0,13,20,68.25,5.00%,0.002103900307493122,13.65,20,Cascaded,2027,13.650000000000002,20
D0,DC/YX/9/D,MCO,6.0,,DC,YX,9,D,MCO,,77.78,70,90,81.67,5.00%,0.011328693963424502,73.5,90,Cascaded,2027,73.50000000000001,90
D0,DC/YX/9/D,MEM,6.0,,DC,YX,9,D,MEM,,91.67,55,60,96.25,5.00%,0.008901116685547824,57.75,60,Cascaded,2027,57.75000000000001,60
D0,DC/YX/9/D,MIA,6.0,,DC,YX,9,D,MIA,,80.0,48,60,84.0,5.00%,0.007768247289205373,50.4,60,Cascaded,2027,50.400000000000006,60
D0,DC/YX/9/D,MKE,6.0,,DC,YX,9,D,MKE,,59.41,60,101,62.38,5.00%,0.009710309111506716,63.0,101,Cascaded,2027,63.00000000000001,101
D0,DC/YX/9/D,MSN,6.0,,DC,YX,9,D,MSN,,86.42,70,81,90.74,5.00%,0.011328693963424502,73.5,81,Cascaded,2027,73.50000000000001,81
D0,DC/YX/9/D,MVY,6.0,,DC,YX,9,D,MVY,,80.0,16,20,84.0,5.00%,0.0025894157630684577,16.8,20,Cascaded,2027,16.8,20
D0,DC/YX/9/D,MYR,6.0,,DC,YX,9,D,MYR,,88.89,8,9,93.33,5.00%,0.0012947078815342288,8.4,9,Cascaded,2027,8.4,9
D0,DC/YX/9/D,OMA,6.0,,DC,YX,9,D,OMA,,80.0,20,25,84.0,5.00%,0.0032367697038355723,21.0,25,Cascaded,2027,21.000000000000004,25
D0,DC/YX/9/D,ORD,6.0,,DC,YX,9,D,ORD,,73.33,22,30,77.0,5.00%,0.0035604466742191294,23.1,30,Cascaded,2027,23.1,30
D0,DC/YX/9/D,ORF,6.0,,DC,YX,9,D,ORF,,81.44,79,97,85.52,5.00%,0.01278524033015051,82.95,97,Cascaded,2027,82.95,97
D0,DC/YX/9/D,PHL,6.0,,DC,YX,9,D,PHL,,59.38,57,96,62.34,5.00%,0.00922479365593138,59.85,96,Cascaded,2027,59.85000000000001,96
D0,DC/YX/9/D,PIT,6.0,,DC,YX,9,D,PIT,,77.04,245,318,80.9,5.00%,0.039650428871985756,257.25,318,Cascaded,2027,257.25,318
D0,DC/YX/9/D,PWM,6.0,,DC,YX,9,D,PWM,,88.0,22,25,92.4,5.00%,0.0035604466742191294,23.1,25,Cascaded,2027,23.1,25
D0,DC/YX/9/D,RDU,6.0,,DC,YX,9,D,RDU,,71.59,63,88,75.17,5.00%,0.010195824567082052,66.15,88,Cascaded,2027,66.15,88
D0,DC/YX/9/D,RIC,6.0,,DC,YX,9,D,RIC,,70.83,102,144,74.38,5.00%,0.016507525489561418,107.1,144,Cascaded,2027,107.10000000000001,144
D0,DC/YX/9/D,SAV,6.0,,DC,YX,9,D,SAV,,68.81,75,109,72.25,5.00%,0.012137886389383396,78.75,109,Cascaded,2027,78.75000000000001,109
D0,DC/YX/9/D,SBN,6.0,,DC,YX,9,D,SBN,,75.0,3,4,78.75,5.00%,0.0004855154555753358,3.15,4,Cascaded,2027,3.1500000000000004,4
D0,DC/YX/9/D,SDF,6.0,,DC,YX,9,D,SDF,,78.43,120,153,82.35,5.00%,0.01942061822301343,126.0,153,Cascaded,2027,126.00000000000001,153
D0,DC/YX/9/D,STL,6.0,,DC,YX,9,D,STL,,57.14,4,7,60.0,5.00%,0.0006473539407671144,4.2,7,Cascaded,2027,4.2,7
D0,DC/YX/9/D,TVC,6.0,,DC,YX,9,D,TVC,,66.67,2,3,70.0,5.00%,0.0003236769703835572,2.1,3,Cascaded,2027,2.1,3
D0,DL/DL/1/D,ABQ,6.0,,DL,DL,1,D,ABQ,,75.0,51,68,78.75,5.00%,0.00102654938507679,53.55,68,Cascaded,2027,53.550000000000004,68
D0,DL/DL/1/D,AGS,6.0,,DL,DL,1,D,AGS,,70.67,53,75,74.2,5.00%,0.0010668062237072522,55.65,75,Cascaded,2027,55.650000000000006,75
D0,DL/DL/1/D,ALB,6.0,,DL,DL,1,D,ALB,,68.35,54,79,71.77,5.00%,0.0010869346430224835,56.7,79,Cascaded,2027,56.7,79
D0,DL/DL/1/D,ANC,6.0,,DL,DL,1,D,ANC,,66.67,112,168,70.0,5.00%,0.0022543829633058917,117.6,168,Cascaded,2027,117.60000000000001,168
D0,DL/DL/1/D,ATL,6.0,,DL,DL,1,D,ATL,,65.86,11529,17504,69.16,5.00%,0.2320605462853002,12105.45,17504,Cascaded,2027,12105.45,17504
D0,DL/DL/1/D,ATW,6.0,,DL,DL,1,D,ATW,,41.94,13,31,44.03,5.00%,0.00026166945109800527,13.65,31,Cascaded,2027,13.65,31
D0,DL/DL/1/D,AUS,6.0,,DL,DL,1,D,AUS,,73.43,677,922,77.1,5.00%,0.013626939876411505,710.85,922,Cascaded,2027,710.85,922
D0,DL/DL/1/D,AVL,6.0,,DL,DL,1,D,AVL,,77.98,85,109,81.88,5.00%,0.00171091564179465,89.25,109,Cascaded,2027,89.25,109
D0,DL/DL/1/D,BDL,6.0,,DL,DL,1,D,BDL,,70.38,202,287,73.9,5.00%,0.004065940701676697,212.1,287,Cascaded,2027,212.10000000000002,287
D0,DL/DL/1/D,BHM,6.0,,DL,DL,1,D,BHM,,75.11,175,233,78.86,5.00%,0.0035224733801654555,183.75,233,Cascaded,2027,183.75,233
D0,DL/DL/1/D,BIL,6.0,,DL,DL,1,D,BIL,,95.16,59,62,99.92,5.00%,0.0011875767395986394,61.95,62,Cascaded,2027,61.95,62
D0,DL/DL/1/D,BIS,6.0,,DL,DL,1,D,BIS,,74.19,23,31,77.9,5.00%,0.00046295364425031705,24.15,31,Cascaded,2027,24.150000000000002,31
D0,DL/DL/1/D,BNA,6.0,,DL,DL,1,D,BNA,,72.12,401,556,75.73,5.00%,0.0080714961454077,421.05,556,Cascaded,2027,421.05,556
D0,DL/DL/1/D,BOI,6.0,,DL,DL,1,D,BOI,,64.0,112,175,67.2,5.00%,0.0022543829633058917,117.6,175,Cascaded,2027,117.60000000000001,175
D0,DL/DL/1/D,BOS,6.0,,DL,DL,1,D,BOS,,62.23,1099,1766,65.34,5.00%,0.02212113282743906,1153.95,1766,Cascaded,2027,1153.95,1766
D0,DL/DL/1/D,BTR,6.0,,DL,DL,1,D,BTR,,78.08,57,73,81.99,5.00%,0.001147319900968177,59.85,73,Cascaded,2027,59.85,73
D0,DL/DL/1/D,BTV,6.0,,DL,DL,1,D,BTV,,44.83,13,29,47.07,5.00%,0.00026166945109800527,13.65,29,Cascaded,2027,13.65,29
D0,DL/DL/1/D,BUF,6.0,,DL,DL,1,D,BUF,,44.88,57,127,47.13,5.00%,0.001147319900968177,59.85,127,Cascaded,2027,59.85,127
D0,DL/DL/1/D,BUR,6.0,,DL,DL,1,D,BUR,,72.41,42,58,76.03,5.00%,0.0008453936112397093,44.1,58,Cascaded,2027,44.1,58
D0,DL/DL/1/D,BWI,6.0,,DL,DL,1,D,BWI,,65.71,230,350,69.0,5.00%,0.0046295364425031705,241.5,350,Cascaded,2027,241.5,350
D0,DL/DL/1/D,BZN,6.0,,DL,DL,1,D,BZN,,62.22,84,135,65.33,5.00%,0.0016907872224794186,88.2,135,Cascaded,2027,88.2,135
D0,DL/DL/1/D,CAE,6.0,,DL,DL,1,D,CAE,,76.92,90,117,80.77,5.00%,0.0018115577383708058,94.5,117,Cascaded,2027,94.5,117
D0,DL/DL/1/D,CHA,6.0,,DL,DL,1,D,CHA,,77.03,57,74,80.88,5.00%,0.001147319900968177,59.85,74,Cascaded,2027,59.85,74
D0,DL/DL/1/D,CHO,6.0,,DL,DL,1,D,CHO,,54.55,6,11,57.27,5.00%,0.00012077051589138705,6.3,11,Cascaded,2027,6.300000000000001,11
D0,DL/DL/1/D,CHS,6.0,,DL,DL,1,D,CHS,,84.78,234,276,89.02,5.00%,0.004710050119764095,245.7,276,Cascaded,2027,245.70000000000002,276
D0,DL/DL/1/D,CID,6.0,,DL,DL,1,D,CID,,86.67,26,30,91.0,5.00%,0.0005233389021960105,27.3,30,Cascaded,2027,27.3,30
D0,DL/DL/1/D,CLE,6.0,,DL,DL,1,D,CLE,,53.46,116,217,56.13,5.00%,0.002334896640566816,121.8,217,Cascaded,2027,121.80000000000001,217
D0,DL/DL/1/D,CLT,6.0,,DL,DL,1,D,CLT,,76.42,295,386,80.25,5.00%,0.005937883697993197,309.75,386,Cascaded,2027,309.75,386
D0,DL/DL/1/D,CMH,6.0,,DL,DL,1,D,CMH,,72.08,173,240,75.69,5.00%,0.0034822165415349933,181.65,240,Cascaded,2027,181.65,240
D0,DL/DL/1/D,COS,6.0,,DL,DL,1,D,COS,,62.07,18,29,65.17,5.00%,0.00036231154767416116,18.9,29,Cascaded,2027,18.900000000000002,29
D0,DL/DL/1/D,CVG,6.0,,DL,DL,1,D,CVG,,69.4,338,487,72.87,5.00%,0.006803405728548137,354.9,487,Cascaded,2027,354.90000000000003,487
D0,DL/DL/1/D,DAB,6.0,,DL,DL,1,D,DAB,,70.69,82,116,74.22,5.00%,0.0016505303838489564,86.1,116,Cascaded,2027,86.10000000000001,116
D0,DL/DL/1/D,DAL,6.0,,DL,DL,1,D,DAL,,59.38,76,128,62.34,5.00%,0.0015297598679575692,79.8,128,Cascaded,2027,79.80000000000001,128
D0,DL/DL/1/D,DAY,6.0,,DL,DL,1,D,DAY,,76.4,68,89,80.22,5.00%,0.0013687325134357198,71.4,89,Cascaded,2027,71.4,89
D0,DL/DL/1/D,DCA,6.0,,DL,DL,1,D,DCA,,61.19,454,742,64.25,5.00%,0.009138302369114953,476.7,742,Cascaded,2027,476.70000000000005,742
D0,DL/DL/1/D,DEN,6.0,,DL,DL,1,D,DEN,,64.74,516,797,67.98,5.00%,0.010386264366659285,541.8,797,Cascaded,2027,541.8000000000001,797
D0,DL/DL/1/D,DFW,6.0,,DL,DL,1,D,DFW,,70.74,602,851,74.28,5.00%,0.012117308427769168,632.1,851,Cascaded,2027,632.1,851
D0,DL/DL/1/D,DJT,6.0,,DL,DL,1,D,DJT,,56.18,350,623,58.99,5.00%,0.007044946760330911,367.5,623,Cascaded,2027,367.5,623
D0,DL/DL/1/D,DSM,6.0,,DL,DL,1,D,DSM,,69.86,51,73,73.36,5.00%,0.00102654938507679,53.55,73,Cascaded,2027,53.550000000000004,73
D0,DL/DL/1/D,DTW,6.0,,DL,DL,1,D,DTW,,54.69,2410,4407,57.42,5.00%,0.04850949054970713,2530.5,4407,Cascaded,2027,2530.5,4407
D0,DL/DL/1/D,ECP,6.0,,DL,DL,1,D,ECP,,73.86,113,153,77.55,5.00%,0.0022745113826211226,118.65,153,Cascaded,2027,118.65,153
D0,DL/DL/1/D,EGE,6.0,,DL,DL,1,D,EGE,,65.52,38,58,68.79,5.00%,0.0007648799339787846,39.9,58,Cascaded,2027,39.900000000000006,58
D0,DL/DL/1/D,ELP,6.0,,DL,DL,1,D,ELP,,60.71,34,56,63.75,5.00%,0.0006843662567178599,35.7,56,Cascaded,2027,35.7,56
D0,DL/DL/1/D,EWR,6.0,,DL,DL,1,D,EWR,,68.31,332,486,71.73,5.00%,0.00668263521265675,348.6,486,Cascaded,2027,348.6,486
D0,DL/DL/1/D,EYW,6.0,,DL,DL,1,D,EYW,,60.33,73,121,63.35,5.00%,0.0014693746100118757,76.65,121,Cascaded,2027,76.65,121
D0,DL/DL/1/D,FAI,6.0,,DL,DL,1,D,FAI,,64.0,16,25,67.2,5.00%,0.0003220547090436988,16.8,25,Cascaded,2027,16.8,25
D0,DL/DL/1/D,FAR,6.0,,DL,DL,1,D,FAR,,64.52,40,62,67.74,5.00%,0.000805136772609247,42.0,62,Cascaded,2027,42.0,62
D0,DL/DL/1/D,FCA,6.0,,DL,DL,1,D,FCA,,67.21,41,61,70.57,5.00%,0.0008252651919244782,43.05,61,Cascaded,2027,43.050000000000004,61
D0,DL/DL/1/D,FLL,6.0,,DL,DL,1,D,FLL,,48.4,545,1126,50.82,5.00%,0.01096998852680099,572.25,1126,Cascaded,2027,572.25,1126
D0,DL/DL/1/D,FSD,6.0,,DL,DL,1,D,FSD,,85.48,53,62,89.76,5.00%,0.0010668062237072522,55.65,62,Cascaded,2027,55.650000000000006,62
D0,DL/DL/1/D,GEG,6.0,,DL,DL,1,D,GEG,,71.01,120,169,74.56,5.00%,0.002415410317827741,126.0,169,Cascaded,2027,126.0,169
D0,DL/DL/1/D,GNV,6.0,,DL,DL,1,D,GNV,,77.67,80,103,81.55,5.00%,0.001610273545218494,84.0,103,Cascaded,2027,84.0,103
D0,DL/DL/1/D,GPT,6.0,,DL,DL,1,D,GPT,,73.33,66,90,77.0,5.00%,0.0013284756748052576,69.3,90,Cascaded,2027,69.30000000000001,90
D0,DL/DL/1/D,GRB,6.0,,DL,DL,1,D,GRB,,75.47,40,53,79.25,5.00%,0.000805136772609247,42.0,53,Cascaded,2027,42.0,53
D0,DL/DL/1/D,GRR,6.0,,DL,DL,1,D,GRR,,48.98,72,147,51.43,5.00%,0.0014492461906966446,75.6,147,Cascaded,2027,75.60000000000001,147
D0,DL/DL/1/D,GSO,6.0,,DL,DL,1,D,GSO,,82.87,150,181,87.02,5.00%,0.0030192628972846762,157.5,181,Cascaded,2027,157.5,181
D0,DL/DL/1/D,GSP,6.0,,DL,DL,1,D,GSP,,85.25,185,217,89.52,5.00%,0.0037237575733177672,194.25,217,Cascaded,2027,194.25,217
D0,DL/DL/1/D,HDN,6.0,,DL,DL,1,D,HDN,,64.29,27,42,67.5,5.00%,0.0005434673215112417,28.35,42,Cascaded,2027,28.35,42
D0,DL/DL/1/D,HNL,6.0,,DL,DL,1,D,HNL,,61.92,200,323,65.02,5.00%,0.004025683863046235,210.0,323,Cascaded,2027,210.0,323
D0,DL/DL/1/D,HOU,6.0,,DL,DL,1,D,HOU,,68.82,64,93,72.26,5.00%,0.0012882188361747952,67.2,93,Cascaded,2027,67.2,93
D0,DL/DL/1/D,HPN,6.0,,DL,DL,1,D,HPN,,48.28,28,58,50.69,5.00%,0.0005635957408264729,29.4,58,Cascaded,2027,29.400000000000002,58
D0,DL/DL/1/D,HRL,6.0,,DL,DL,1,D,HRL,,84.21,16,19,88.42,5.00%,0.0003220547090436988,16.8,19,Cascaded,2027,16.8,19
D0,DL/DL/1/D,HSV,6.0,,DL,DL,1,D,HSV,,79.75,130,163,83.74,5.00%,0.0026166945109800527,136.5,163,Cascaded,2027,136.5,163
D0,DL/DL/1/D,IAD,6.0,,DL,DL,1,D,IAD,,69.42,143,206,72.89,5.00%,0.002878363962078058,150.15,206,Cascaded,2027,150.15,206
D0,DL/DL/1/D,IAH,6.0,,DL,DL,1,D,IAH,,69.33,425,613,72.8,5.00%,0.008554578208973249,446.25,613,Cascaded,2027,446.25,613
D0,DL/DL/1/D,ICT,6.0,,DL,DL,1,D,ICT,,69.14,56,81,72.59,5.00%,0.0011271914816529459,58.8,81,Cascaded,2027,58.800000000000004,81
D0,DL/DL/1/D,IDA,6.0,,DL,DL,1,D,IDA,,77.42,24,31,81.29,5.00%,0.0004830820635655482,25.2,31,Cascaded,2027,25.200000000000003,31
D0,DL/DL/1/D,ILM,6.0,,DL,DL,1,D,ILM,,73.08,38,52,76.73,5.00%,0.0007648799339787846,39.9,52,Cascaded,2027,39.900000000000006,52
D0,DL/DL/1/D,IND,6.0,,DL,DL,1,D,IND,,74.09,223,301,77.79,5.00%,0.004488637507296552,234.15,301,Cascaded,2027,234.15,301
D0,DL/DL/1/D,JAC,6.0,,DL,DL,1,D,JAC,,61.11,55,90,64.17,5.00%,0.0011070630623377146,57.75,90,Cascaded,2027,57.75,90
D0,DL/DL/1/D,JAN,6.0,,DL,DL,1,D,JAN,,84.27,150,178,88.48,5.00%,0.0030192628972846762,157.5,178,Cascaded,2027,157.5,178
D0,DL/DL/1/D,JAX,6.0,,DL,DL,1,D,JAX,,67.08,273,407,70.43,5.00%,0.005495058473058111,286.65,407,Cascaded,2027,286.65000000000003,407
D0,DL/DL/1/D,JFK,6.0,,DL,DL,1,D,JFK,,61.73,1402,2271,64.82,5.00%,0.028220043879954106,1472.1,2271,Cascaded,2027,1472.1000000000001,2271
D0,DL/DL/1/D,KOA,6.0,,DL,DL,1,D,KOA,,49.4,41,83,51.87,5.00%,0.0008252651919244782,43.05,83,Cascaded,2027,43.050000000000004,83
D0,DL/DL/1/D,LAS,6.0,,DL,DL,1,D,LAS,,67.24,856,1273,70.6,5.00%,0.017229926933837885,898.8,1273,Cascaded,2027,898.8000000000001,1273
D0,DL/DL/1/D,LAX,6.0,,DL,DL,1,D,LAX,,68.27,1844,2701,71.68,5.00%,0.03711680521728629,1936.2,2701,Cascaded,2027,1936.2,2701
D0,DL/DL/1/D,LEX,6.0,,DL,DL,1,D,LEX,,78.79,104,132,82.73,5.00%,0.002093355608784042,109.2,132,Cascaded,2027,109.2,132
D0,DL/DL/1/D,LGA,6.0,,DL,DL,1,D,LGA,,65.68,1470,2238,68.97,5.00%,0.02958877639338983,1543.5,2238,Cascaded,2027,1543.5,2238
D0,DL/DL/1/D,LGB,6.0,,DL,DL,1,D,LGB,,78.95,45,57,82.89,5.00%,0.0009057788691854029,47.25,57,Cascaded,2027,47.25,57
D0,DL/DL/1/D,LIH,6.0,,DL,DL,1,D,LIH,,50.85,30,59,53.39,5.00%,0.0006038525794569352,31.5,59,Cascaded,2027,31.5,59
D0,DL/DL/1/D,LIT,6.0,,DL,DL,1,D,LIT,,84.11,127,151,88.31,5.00%,0.002556309253034359,133.35,151,Cascaded,2027,133.35,151
D0,DL/DL/1/D,MCI,6.0,,DL,DL,1,D,MCI,,80.08,406,507,84.08,5.00%,0.008172138241983857,426.3,507,Cascaded,2027,426.3,507
D0,DL/DL/1/D,MCO,6.0,,DL,DL,1,D,MCO,,58.27,1053,1807,61.19,5.00%,0.021195225538938427,1105.65,1807,Cascaded,2027,1105.65,1807
D0,DL/DL/1/D,MDT,6.0,,DL,DL,1,D,MDT,,67.14,47,70,70.5,5.00%,0.0009460357078158652,49.35,70,Cascaded,2027,49.35,70
D0,DL/DL/1/D,MDW,6.0,,DL,DL,1,D,MDW,,76.0,76,100,79.8,5.00%,0.0015297598679575692,79.8,100,Cascaded,2027,79.80000000000001,100
D0,DL/DL/1/D,MEM,6.0,,DL,DL,1,D,MEM,,70.68,217,307,74.22,5.00%,0.004367866991405165,227.85,307,Cascaded,2027,227.85000000000002,307
D0,DL/DL/1/D,MIA,6.0,,DL,DL,1,D,MIA,,52.98,543,1025,55.62,5.00%,0.010929731688170527,570.15,1025,Cascaded,2027,570.15,1025
D0,DL/DL/1/D,MKE,6.0,,DL,DL,1,D,MKE,,60.47,130,215,63.49,5.00%,0.0026166945109800527,136.5,215,Cascaded,2027,136.5,215
D0,DL/DL/1/D,MLB,6.0,,DL,DL,1,D,MLB,,73.11,87,119,76.76,5.00%,0.0017511724804251123,91.35,119,Cascaded,2027,91.35000000000001,119
D0,DL/DL/1/D,MOB,6.0,,DL,DL,1,D,MOB,,81.97,50,61,86.07,5.00%,0.0010064209657615587,52.5,61,Cascaded,2027,52.5,61
D0,DL/DL/1/D,MSN,6.0,,DL,DL,1,D,MSN,,88.07,96,109,92.48,5.00%,0.0019323282542621928,100.8,109,Cascaded,2027,100.80000000000001,109
D0,DL/DL/1/D,MSO,6.0,,DL,DL,1,D,MSO,,81.08,60,74,85.14,5.00%,0.0012077051589138705,63.0,74,Cascaded,2027,63.0,74
D0,DL/DL/1/D,MSP,6.0,,DL,DL,1,D,MSP,,60.17,2690,4471,63.17,5.00%,0.05414544795797186,2824.5,4471,Cascaded,2027,2824.5,4471
D0,DL/DL/1/D,MSY,6.0,,DL,DL,1,D,MSY,,73.7,412,559,77.39,5.00%,0.008292908757875243,432.6,559,Cascaded,2027,432.6,559
D0,DL/DL/1/D,MTJ,6.0,,DL,DL,1,D,MTJ,,60.71,17,28,63.75,5.00%,0.00034218312835892996,17.85,28,Cascaded,2027,17.85,28
D0,DL/DL/1/D,MYR,6.0,,DL,DL,1,D,MYR,,84.21,96,114,88.42,5.00%,0.0019323282542621928,100.8,114,Cascaded,2027,100.80000000000001,114
D0,DL/DL/1/D,OGG,6.0,,DL,DL,1,D,OGG,,65.04,80,123,68.29,5.00%,0.001610273545218494,84.0,123,Cascaded,2027,84.0,123
D0,DL/DL/1/D,OKC,6.0,,DL,DL,1,D,OKC,,75.59,96,127,79.37,5.00%,0.0019323282542621928,100.8,127,Cascaded,2027,100.80000000000001,127
D0,DL/DL/1/D,OMA,6.0,,DL,DL,1,D,OMA,,77.44,103,133,81.32,5.00%,0.002073227189468811,108.15,133,Cascaded,2027,108.15,133
D0,DL/DL/1/D,ONT,6.0,,DL,DL,1,D,ONT,,70.71,99,140,74.25,5.00%,0.0019927135122078865,103.95,140,Cascaded,2027,103.95,140
D0,DL/DL/1/D,ORD,6.0,,DL,DL,1,D,ORD,,57.9,315,544,60.8,5.00%,0.00634045208429782,330.75,544,Cascaded,2027,330.75,544
D0,DL/DL/1/D,ORF,6.0,,DL,DL,1,D,ORF,,74.4,154,207,78.12,5.00%,0.003099776574545601,161.7,207,Cascaded,2027,161.70000000000002,207
D0,DL/DL/1/D,PDX,6.0,,DL,DL,1,D,PDX,,74.37,354,476,78.09,5.00%,0.007125460437591836,371.7,476,Cascaded,2027,371.70000000000005,476
D0,DL/DL/1/D,PHL,6.0,,DL,DL,1,D,PHL,,68.79,302,439,72.23,5.00%,0.006078782633199815,317.1,439,Cascaded,2027,317.1,439
D0,DL/DL/1/D,PHX,6.0,,DL,DL,1,D,PHX,,68.16,563,826,71.57,5.00%,0.011332300074475152,591.15,826,Cascaded,2027,591.1500000000001,826
D0,DL/DL/1/D,PIT,6.0,,DL,DL,1,D,PIT,,73.42,174,237,77.09,5.00%,0.0035023449608502246,182.7,237,Cascaded,2027,182.70000000000002,237
D0,DL/DL/1/D,PNS,6.0,,DL,DL,1,D,PNS,,77.13,145,188,80.98,5.00%,0.0029186208007085206,152.25,188,Cascaded,2027,152.25,188
D0,DL/DL/1/D,PSC,6.0,,DL,DL,1,D,PSC,,83.33,25,30,87.5,5.00%,0.0005032104828807793,26.25,30,Cascaded,2027,26.25,30
D0,DL/DL/1/D,PSP,6.0,,DL,DL,1,D,PSP,,66.43,95,143,69.76,5.00%,0.0019121998349469617,99.75,143,Cascaded,2027,99.75,143
D0,DL/DL/1/D,PVD,6.0,,DL,DL,1,D,PVD,,63.24,43,68,66.4,5.00%,0.0008655220305549405,45.15,68,Cascaded,2027,45.150000000000006,68
D0,DL/DL/1/D,PWM,6.0,,DL,DL,1,D,PWM,,63.33,19,30,66.5,5.00%,0.0003824399669893923,19.95,30,Cascaded,2027,19.950000000000003,30
D0,DL/DL/1/D,RDU,6.0,,DL,DL,1,D,RDU,,69.26,579,836,72.72,5.00%,0.011654354783518851,607.95,836,Cascaded,2027,607.95,836
D0,DL/DL/1/D,RIC,6.0,,DL,DL,1,D,RIC,,86.46,166,192,90.78,5.00%,0.003341317606328375,174.3,192,Cascaded,2027,174.3,192
D0,DL/DL/1/D,RNO,6.0,,DL,DL,1,D,RNO,,69.05,58,84,72.5,5.00%,0.001167448320283408,60.9,84,Cascaded,2027,60.900000000000006,84
D0,DL/DL/1/D,ROA,6.0,,DL,DL,1,D,ROA,,89.66,26,29,94.14,5.00%,0.0005233389021960105,27.3,29,Cascaded,2027,27.3,29
D0,DL/DL/1/D,ROC,6.0,,DL,DL,1,D,ROC,,42.57,43,101,44.7,5.00%,0.0008655220305549405,45.15,101,Cascaded,2027,45.150000000000006,101
D0,DL/DL/1/D,RSW,6.0,,DL,DL,1,D,RSW,,67.91,493,726,71.3,5.00%,0.009923310722408969,517.65,726,Cascaded,2027,517.65,726
D0,DL/DL/1/D,SAN,6.0,,DL,DL,1,D,SAN,,67.6,482,713,70.98,5.00%,0.009701898109941426,506.1,713,Cascaded,2027,506.1,713
D0,DL/DL/1/D,SAT,6.0,,DL,DL,1,D,SAT,,72.76,366,503,76.4,5.00%,0.00736700146937461,384.3,503,Cascaded,2027,384.3,503
D0,DL/DL/1/D,SAV,6.0,,DL,DL,1,D,SAV,,70.0,182,260,73.5,5.00%,0.0036633723153720738,191.1,260,Cascaded,2027,191.10000000000002,260
D0,DL/DL/1/D,SBA,6.0,,DL,DL,1,D,SBA,,68.57,24,35,72.0,5.00%,0.0004830820635655482,25.2,35,Cascaded,2027,25.200000000000003,35
D0,DL/DL/1/D,SDF,6.0,,DL,DL,1,D,SDF,,70.1,136,194,73.61,5.00%,0.0027374650268714397,142.8,194,Cascaded,2027,142.8,194
D0,DL/DL/1/D,SEA,6.0,,DL,DL,1,D,SEA,,63.2,1463,2315,66.36,5.00%,0.029447877458183207,1536.15,2315,Cascaded,2027,1536.15,2315
D0,DL/DL/1/D,SFO,6.0,,DL,DL,1,D,SFO,,70.57,705,999,74.1,5.00%,0.014190535617237978,740.25,999,Cascaded,2027,740.25,999
D0,DL/DL/1/D,SGF,6.0,,DL,DL,1,D,SGF,,59.09,13,22,62.05,5.00%,0.00026166945109800527,13.65,22,Cascaded,2027,13.65,22
D0,DL/DL/1/D,SJC,6.0,,DL,DL,1,D,SJC,,80.54,149,185,84.57,5.00%,0.002999134477969445,156.45,185,Cascaded,2027,156.45000000000002,185
D0,DL/DL/1/D,SJU,6.0,,DL,DL,1,D,SJU,,61.54,208,338,64.62,5.00%,0.004186711217568084,218.4,338,Cascaded,2027,218.4,338
D0,DL/DL/1/D,SLC,6.0,,DL,DL,1,D,SLC,,65.83,2872,4363,69.12,5.00%,0.057808820273343935,3015.6,4363,Cascaded,2027,3015.6000000000004,4363
D0,DL/DL/1/D,SMF,6.0,,DL,DL,1,D,SMF,,75.98,174,229,79.78,5.00%,0.0035023449608502246,182.7,229,Cascaded,2027,182.70000000000002,229
D0,DL/DL/1/D,SNA,6.0,,DL,DL,1,D,SNA,,64.2,217,338,67.41,5.00%,0.004367866991405165,227.85,338,Cascaded,2027,227.85000000000002,338
D0,DL/DL/1/D,SRQ,6.0,,DL,DL,1,D,SRQ,,67.08,214,319,70.44,5.00%,0.004307481733459471,224.7,319,Cascaded,2027,224.70000000000002,319
D0,DL/DL/1/D,STL,6.0,,DL,DL,1,D,STL,,78.47,266,339,82.39,5.00%,0.005354159537851492,279.3,339,Cascaded,2027,279.3,339
D0,DL/DL/1/D,STT,6.0,,DL,DL,1,D,STT,,62.77,86,137,65.91,5.00%,0.001731044061109881,90.3,137,Cascaded,2027,90.30000000000001,137
D0,DL/DL/1/D,STX,6.0,,DL,DL,1,D,STX,,30.77,8,26,32.31,5.00%,0.0001610273545218494,8.4,26,Cascaded,2027,8.4,26
D0,DL/DL/1/D,SYR,6.0,,DL,DL,1,D,SYR,,67.62,71,105,71.0,5.00%,0.0014291177713814133,74.55,105,Cascaded,2027,74.55,105
D0,DL/DL/1/D,TLH,6.0,,DL,DL,1,D,TLH,,79.67,98,123,83.66,5.00%,0.001972585092892655,102.9,123,Cascaded,2027,102.9,123
D0,DL/DL/1/D,TPA,6.0,,DL,DL,1,D,TPA,,65.44,746,1140,68.71,5.00%,0.015015800809162457,783.3,1140,Cascaded,2027,783.3000000000001,1140
D0,DL/DL/1/D,TRI,6.0,,DL,DL,1,D,TRI,,0.0,0,1,0.0,0.00%,0.0,0.0,1,Cascaded,2027,0.0,1
D0,DL/DL/1/D,TUL,6.0,,DL,DL,1,D,TUL,,78.43,80,102,82.35,5.00%,0.001610273545218494,84.0,102,Cascaded,2027,84.0,102
D0,DL/DL/1/D,TUS,6.0,,DL,DL,1,D,TUS,,75.57,99,131,79.35,5.00%,0.0019927135122078865,103.95,131,Cascaded,2027,103.95,131
D0,DL/DL/1/D,TVC,6.0,,DL,DL,1,D,TVC,,48.28,14,29,50.69,5.00%,0.00028179787041323647,14.7,29,Cascaded,2027,14.700000000000001,29
D0,DL/DL/1/D,TYS,6.0,,DL,DL,1,D,TYS,,85.34,99,116,89.61,5.00%,0.0019927135122078865,103.95,116,Cascaded,2027,103.95,116
D0,DL/DL/1/D,VPS,6.0,,DL,DL,1,D,VPS,,75.74,128,169,79.53,5.00%,0.0025764376723495905,134.4,169,Cascaded,2027,134.4,169
D0,DL/DL/1/D,XNA,6.0,,DL,DL,1,D,XNA,,76.92,10,13,80.77,5.00%,0.00020128419315231175,10.5,13,Cascaded,2027,10.5,13
D0,DL/DL/1/I,ACC,6.0,,DL,DL,1,I,ACC,,52.17,24,46,54.78,5.00%,0.0033062405289984846,25.2,46,Cascaded,2027,25.2,46
D0,DL/DL/1/I,AKL,6.0,,DL,DL,1,I,AKL,,90.32,28,31,94.84,5.00%,0.003857280617164899,29.4,31,Cascaded,2027,29.4,31
D0,DL/DL/1/I,AMS,6.0,,DL,DL,1,I,AMS,,22.7,84,370,23.84,5.00%,0.011571841851494697,88.2,370,Cascaded,2027,88.2,370
D0,DL/DL/1/I,ANU,6.0,,DL,DL,1,I,ANU,,66.67,8,12,70.0,5.00%,0.0011020801763328282,8.4,12,Cascaded,2027,8.4,12
D0,DL/DL/1/I,ATH,6.0,,DL,DL,1,I,ATH,,83.33,5,6,87.5,5.00%,0.0006888001102080177,5.25,6,Cascaded,2027,5.25,6
D0,DL/DL/1/I,ATL,6.0,,DL,DL,1,I,ATL,,60.89,1585,2603,63.94,5.00%,0.2183496349359416,1664.25,2603,Cascaded,2027,1664.25,2603
D0,DL/DL/1/I,AUA,6.0,,DL,DL,1,I,AUA,,59.23,77,130,62.19,5.00%,0.010607521697203472,80.85,130,Cascaded,2027,80.85,130
D0,DL/DL/1/I,AUS,6.0,,DL,DL,1,I,AUS,,76.67,23,30,80.5,5.00%,0.003168480506956881,24.15,30,Cascaded,2027,24.15,30
D0,DL/DL/1/I,BCN,6.0,,DL,DL,1,I,BCN,,78.95,30,38,82.89,5.00%,0.004132800661248106,31.5,38,Cascaded,2027,31.5,38
D0,DL/DL/1/I,BDA,6.0,,DL,DL,1,I,BDA,,68.97,20,29,72.41,5.00%,0.0027552004408320707,21.0,29,Cascaded,2027,21.0,29
D0,DL/DL/1/I,BGI,6.0,,DL,DL,1,I,BGI,,62.5,20,32,65.62,5.00%,0.0027552004408320707,21.0,32,Cascaded,2027,21.0,32
D0,DL/DL/1/I,BNA,6.0,,DL,DL,1,I,BNA,,60.0,3,5,63.0,5.00%,0.00041328006612481057,3.15,5,Cascaded,2027,3.15,5
D0,DL/DL/1/I,BNE,6.0,,DL,DL,1,I,BNE,,38.46,5,13,40.38,5.00%,0.0006888001102080177,5.25,13,Cascaded,2027,5.25,13
D0,DL/DL/1/I,BOG,6.0,,DL,DL,1,I,BOG,,56.14,32,57,58.95,5.00%,0.004408320705331313,33.6,57,Cascaded,2027,33.6,57
D0,DL/DL/1/I,BON,6.0,,DL,DL,1,I,BON,,42.86,3,7,45.0,5.00%,0.00041328006612481057,3.15,7,Cascaded,2027,3.15,7
D0,DL/DL/1/I,BOS,6.0,,DL,DL,1,I,BOS,,65.2,148,227,68.46,5.00%,0.020388483262157323,155.4,227,Cascaded,2027,155.4,227
D0,DL/DL/1/I,BRU,6.0,,DL,DL,1,I,BRU,,25.0,1,4,26.25,5.00%,0.00013776002204160352,1.05,4,Cascaded,2027,1.05,4
D0,DL/DL/1/I,BZE,6.0,,DL,DL,1,I,BZE,,68.09,32,47,71.49,5.00%,0.004408320705331313,33.6,47,Cascaded,2027,33.6,47
D0,DL/DL/1/I,CDG,6.0,,DL,DL,1,I,CDG,,29.12,76,261,30.57,5.00%,0.010469761675161868,79.8,261,Cascaded,2027,79.8,261
D0,DL/DL/1/I,CPT,6.0,,DL,DL,1,I,CPT,,33.33,7,21,35.0,5.00%,0.0009643201542912247,7.35,21,Cascaded,2027,7.35,21
D0,DL/DL/1/I,CTG,6.0,,DL,DL,1,I,CTG,,73.33,22,30,77.0,5.00%,0.0030307204849152774,23.1,30,Cascaded,2027,23.099999999999998,30
D0,DL/DL/1/I,CUN,6.0,,DL,DL,1,I,CUN,,43.53,313,719,45.71,5.00%,0.0431188868990219,328.65,719,Cascaded,2027,328.65,719
D0,DL/DL/1/I,CUR,6.0,,DL,DL,1,I,CUR,,55.17,16,29,57.93,5.00%,0.0022041603526656564,16.8,29,Cascaded,2027,16.8,29
D0,DL/DL/1/I,CVG,6.0,,DL,DL,1,I,CVG,,57.14,4,7,60.0,5.00%,0.0005510400881664141,4.2,7,Cascaded,2027,4.2,7
D0,DL/DL/1/I,CZM,6.0,,DL,DL,1,I,CZM,,75.61,31,41,79.39,5.00%,0.004270560683289709,32.55,41,Cascaded,2027,32.55,41
D0,DL/DL/1/I,DSS,6.0,,DL,DL,1,I,DSS,,61.11,11,18,64.17,5.00%,0.0015153602424576387,11.55,18,Cascaded,2027,11.549999999999999,18
D0,DL/DL/1/I,DTW,6.0,,DL,DL,1,I,DTW,,54.24,288,531,56.95,5.00%,0.039674886347981816,302.4,531,Cascaded,2027,302.4,531
D0,DL/DL/1/I,DUB,6.0,,DL,DL,1,I,DUB,,55.26,21,38,58.03,5.00%,0.0028929604628736743,22.05,38,Cascaded,2027,22.05,38
D0,DL/DL/1/I,EDI,6.0,,DL,DL,1,I,EDI,,33.33,1,3,35.0,5.00%,0.00013776002204160352,1.05,3,Cascaded,2027,1.05,3
D0,DL/DL/1/I,EZE,6.0,,DL,DL,1,I,EZE,,36.9,31,84,38.75,5.00%,0.004270560683289709,32.55,84,Cascaded,2027,32.55,84
D0,DL/DL/1/I,FCO,6.0,,DL,DL,1,I,FCO,,63.86,53,83,67.05,5.00%,0.007301281168204987,55.65,83,Cascaded,2027,55.65,83
D0,DL/DL/1/I,FRA,6.0,,DL,DL,1,I,FRA,,62.5,35,56,65.62,5.00%,0.0048216007714561235,36.75,56,Cascaded,2027,36.75,56
D0,DL/DL/1/I,GCM,6.0,,DL,DL,1,I,GCM,,80.0,48,60,84.0,5.00%,0.006612481057996969,50.4,60,Cascaded,2027,50.4,60
D0,DL/DL/1/I,GDL,6.0,,DL,DL,1,I,GDL,,83.78,31,37,87.97,5.00%,0.004270560683289709,32.55,37,Cascaded,2027,32.55,37
D0,DL/DL/1/I,GIG,6.0,,DL,DL,1,I,GIG,,55.0,33,60,57.75,5.00%,0.004546080727372916,34.65,60,Cascaded,2027,34.65,60
D0,DL/DL/1/I,GND,6.0,,DL,DL,1,I,GND,,71.43,15,21,75.0,5.00%,0.002066400330624053,15.75,21,Cascaded,2027,15.75,21
D0,DL/DL/1/I,GRU,6.0,,DL,DL,1,I,GRU,,58.24,53,91,61.15,5.00%,0.007301281168204987,55.65,91,Cascaded,2027,55.65,91
D0,DL/DL/1/I,GUA,6.0,,DL,DL,1,I,GUA,,65.0,26,40,68.25,5.00%,0.0035817605730816917,27.3,40,Cascaded,2027,27.3,40
D0,DL/DL/1/I,HAV,6.0,,DL,DL,1,I,HAV,,90.0,27,30,94.5,5.00%,0.0037195205951232953,28.35,30,Cascaded,2027,28.349999999999998,30
D0,DL/DL/1/I,HND,6.0,,DL,DL,1,I,HND,,53.59,97,181,56.27,5.00%,0.013362722138035542,101.85,181,Cascaded,2027,101.85,181
D0,DL/DL/1/I,HNL,6.0,,DL,DL,1,I,HNL,,80.65,25,31,84.68,5.00%,0.003444000551040088,26.25,31,Cascaded,2027,26.25,31
D0,DL/DL/1/I,ICN,6.0,,DL,DL,1,I,ICN,,69.33,113,163,72.79,5.00%,0.015566882490701199,118.65,163,Cascaded,2027,118.64999999999999,163
D0,DL/DL/1/I,IND,6.0,,DL,DL,1,I,IND,,80.0,4,5,84.0,5.00%,0.0005510400881664141,4.2,5,Cascaded,2027,4.2,5
D0,DL/DL/1/I,JFK,6.0,,DL,DL,1,I,JFK,,59.38,671,1130,62.35,5.00%,0.09243697478991597,704.55,1130,Cascaded,2027,704.55,1130
D0,DL/DL/1/I,JNB,6.0,,DL,DL,1,I,JNB,,57.14,12,21,60.0,5.00%,0.0016531202644992423,12.6,21,Cascaded,2027,12.6,21
D0,DL/DL/1/I,KIN,6.0,,DL,DL,1,I,KIN,,64.52,20,31,67.74,5.00%,0.0027552004408320707,21.0,31,Cascaded,2027,21.0,31
D0,DL/DL/1/I,LAS,6.0,,DL,DL,1,I,LAS,,66.67,6,9,70.0,5.00%,0.0008265601322496211,6.3,9,Cascaded,2027,6.3,9
D0,DL/DL/1/I,LAX,6.0,,DL,DL,1,I,LAX,,62.32,177,284,65.44,5.00%,0.024383523901363825,185.85,284,Cascaded,2027,185.85,284
D0,DL/DL/1/I,LGA,6.0,,DL,DL,1,I,LGA,,63.33,19,30,66.5,5.00%,0.002617440418790467,19.95,30,Cascaded,2027,19.95,30
D0,DL/DL/1/I,LHR,6.0,,DL,DL,1,I,LHR,,63.73,188,295,66.92,5.00%,0.025898884143821462,197.4,295,Cascaded,2027,197.4,295
D0,DL/DL/1/I,LIM,6.0,,DL,DL,1,I,LIM,,68.42,39,57,71.84,5.00%,0.005372640859622538,40.95,57,Cascaded,2027,40.949999999999996,57
D0,DL/DL/1/I,LIR,6.0,,DL,DL,1,I,LIR,,66.36,71,107,69.67,5.00%,0.00978096156495385,74.55,107,Cascaded,2027,74.55,107
D0,DL/DL/1/I,LIS,6.0,,DL,DL,1,I,LIS,,79.41,27,34,83.38,5.00%,0.0037195205951232953,28.35,34,Cascaded,2027,28.349999999999998,34
D0,DL/DL/1/I,LOS,6.0,,DL,DL,1,I,LOS,,0.0,0,46,0.0,0.00%,0.0,0.0,46,Cascaded,2027,0.0,46
D0,DL/DL/1/I,MAD,6.0,,DL,DL,1,I,MAD,,58.7,27,46,61.63,5.00%,0.0037195205951232953,28.35,46,Cascaded,2027,28.349999999999998,46
D0,DL/DL/1/I,MBJ,6.0,,DL,DL,1,I,MBJ,,62.5,100,160,65.62,5.00%,0.013776002204160353,105.0,160,Cascaded,2027,105.0,160
D0,DL/DL/1/I,MCI,6.0,,DL,DL,1,I,MCI,,40.0,2,5,42.0,5.00%,0.00027552004408320705,2.1,5,Cascaded,2027,2.1,5
D0,DL/DL/1/I,MCO,6.0,,DL,DL,1,I,MCO,,55.56,15,27,58.33,5.00%,0.002066400330624053,15.75,27,Cascaded,2027,15.75,27
D0,DL/DL/1/I,MEL,6.0,,DL,DL,1,I,MEL,,46.15,6,13,48.46,5.00%,0.0008265601322496211,6.3,13,Cascaded,2027,6.3,13
D0,DL/DL/1/I,MEX,6.0,,DL,DL,1,I,MEX,,55.95,141,252,58.75,5.00%,0.019424163107866096,148.05,252,Cascaded,2027,148.04999999999998,252
D0,DL/DL/1/I,MIA,6.0,,DL,DL,1,I,MIA,,53.33,16,30,56.0,5.00%,0.0022041603526656564,16.8,30,Cascaded,2027,16.8,30
D0,DL/DL/1/I,MSP,6.0,,DL,DL,1,I,MSP,,64.88,436,672,68.12,5.00%,0.06006336961013914,457.8,672,Cascaded,2027,457.8,672
D0,DL/DL/1/I,MTY,6.0,,DL,DL,1,I,MTY,,86.67,26,30,91.0,5.00%,0.0035817605730816917,27.3,30,Cascaded,2027,27.3,30
D0,DL/DL/1/I,MUC,6.0,,DL,DL,1,I,MUC,,63.16,12,19,66.32,5.00%,0.0016531202644992423,12.6,19,Cascaded,2027,12.6,19
D0,DL/DL/1/I,MXP,6.0,,DL,DL,1,I,MXP,,54.35,25,46,57.07,5.00%,0.003444000551040088,26.25,46,Cascaded,2027,26.25,46
D0,DL/DL/1/I,MZT,6.0,,DL,DL,1,I,MZT,,50.0,2,4,52.5,5.00%,0.00027552004408320705,2.1,4,Cascaded,2027,2.1,4
D0,DL/DL/1/I,NAS,6.0,,DL,DL,1,I,NAS,,77.39,154,199,81.26,5.00%,0.021215043394406944,161.7,199,Cascaded,2027,161.7,199
D0,DL/DL/1/I,PLS,6.0,,DL,DL,1,I,PLS,,67.92,72,106,71.32,5.00%,0.009918721586995454,75.6,106,Cascaded,2027,75.6,106
D0,DL/DL/1/I,POP,6.0,,DL,DL,1,I,POP,,65.22,15,23,68.48,5.00%,0.002066400330624053,15.75,23,Cascaded,2027,15.75,23
D0,DL/DL/1/I,PTY,6.0,,DL,DL,1,I,PTY,,74.29,26,35,78.0,5.00%,0.0035817605730816917,27.3,35,Cascaded,2027,27.3,35
D0,DL/DL/1/I,PUJ,6.0,,DL,DL,1,I,PUJ,,38.97,106,272,40.92,5.00%,0.014602562336409974,111.3,272,Cascaded,2027,111.3,272
D0,DL/DL/1/I,PVG,6.0,,DL,DL,1,I,PVG,,66.67,50,75,70.0,5.00%,0.006888001102080176,52.5,75,Cascaded,2027,52.5,75
D0,DL/DL/1/I,PVR,6.0,,DL,DL,1,I,PVR,,70.0,147,210,73.5,5.00%,0.020250723240115717,154.35,210,Cascaded,2027,154.35,210
D0,DL/DL/1/I,RAK,6.0,,DL,DL,1,I,RAK,,70.59,12,17,74.12,5.00%,0.0016531202644992423,12.6,17,Cascaded,2027,12.6,17
D0,DL/DL/1/I,RDU,6.0,,DL,DL,1,I,RDU,,40.0,2,5,42.0,5.00%,0.00027552004408320705,2.1,5,Cascaded,2027,2.1,5
D0,DL/DL/1/I,RTB,6.0,,DL,DL,1,I,RTB,,53.85,7,13,56.54,5.00%,0.0009643201542912247,7.35,13,Cascaded,2027,7.35,13
D0,DL/DL/1/I,SAL,6.0,,DL,DL,1,I,SAL,,56.67,17,30,59.5,5.00%,0.00234192037470726,17.85,30,Cascaded,2027,17.849999999999998,30
D0,DL/DL/1/I,SAP,6.0,,DL,DL,1,I,SAP,,58.62,17,29,61.55,5.00%,0.00234192037470726,17.85,29,Cascaded,2027,17.849999999999998,29
D0,DL/DL/1/I,SCL,6.0,,DL,DL,1,I,SCL,,69.09,38,55,72.55,5.00%,0.005234880837580934,39.9,55,Cascaded,2027,39.9,55
D0,DL/DL/1/I,SDQ,6.0,,DL,DL,1,I,SDQ,,30.33,37,122,31.84,5.00%,0.005097120815539331,38.85,122,Cascaded,2027,38.85,122
D0,DL/DL/1/I,SEA,6.0,,DL,DL,1,I,SEA,,57.73,168,291,60.62,5.00%,0.023143683702989394,176.4,291,Cascaded,2027,176.4,291
D0,DL/DL/1/I,SJD,6.0,,DL,DL,1,I,SJD,,59.35,165,278,62.32,5.00%,0.02273040363686458,173.25,278,Cascaded,2027,173.25,278
D0,DL/DL/1/I,SJO,6.0,,DL,DL,1,I,SJO,,72.97,54,74,76.62,5.00%,0.007439041190246591,56.7,74,Cascaded,2027,56.699999999999996,74
D0,DL/DL/1/I,SKB,6.0,,DL,DL,1,I,SKB,,50.0,4,8,52.5,5.00%,0.0005510400881664141,4.2,8,Cascaded,2027,4.2,8
D0,DL/DL/1/I,SLC,6.0,,DL,DL,1,I,SLC,,66.13,205,310,69.44,5.00%,0.02824080451852872,215.25,310,Cascaded,2027,215.25,310
D0,DL/DL/1/I,STI,6.0,,DL,DL,1,I,STI,,55.43,51,92,58.21,5.00%,0.00702576112412178,53.55,92,Cascaded,2027,53.55,92
D0,DL/DL/1/I,SVD,6.0,,DL,DL,1,I,SVD,,66.67,14,21,70.0,5.00%,0.0019286403085824494,14.7,21,Cascaded,2027,14.7,21
D0,DL/DL/1/I,SXM,6.0,,DL,DL,1,I,SXM,,46.27,31,67,48.58,5.00%,0.004270560683289709,32.55,67,Cascaded,2027,32.55,67
D0,DL/DL/1/I,SYD,6.0,,DL,DL,1,I,SYD,,79.17,38,48,83.12,5.00%,0.005234880837580934,39.9,48,Cascaded,2027,39.9,48
D0,DL/DL/1/I,TLV,6.0,,DL,DL,1,I,TLV,,68.75,33,48,72.19,5.00%,0.004546080727372916,34.65,48,Cascaded,2027,34.65,48
D0,DL/DL/1/I,TPA,6.0,,DL,DL,1,I,TPA,,37.5,6,16,39.38,5.00%,0.0008265601322496211,6.3,16,Cascaded,2027,6.3,16
D0,DL/DL/1/I,TPE,6.0,,DL,DL,1,I,TPE,,61.29,19,31,64.35,5.00%,0.002617440418790467,19.95,31,Cascaded,2027,19.95,31
D0,DL/DL/1/I,TQO,6.0,,DL,DL,1,I,TQO,,80.0,24,30,84.0,5.00%,0.0033062405289984846,25.2,30,Cascaded,2027,25.2,30
D0,DL/DL/1/I,UIO,6.0,,DL,DL,1,I,UIO,,45.16,14,31,47.42,5.00%,0.0019286403085824494,14.7,31,Cascaded,2027,14.7,31
D0,DL/DL/1/I,UVF,6.0,,DL,DL,1,I,UVF,,65.52,19,29,68.79,5.00%,0.002617440418790467,19.95,29,Cascaded,2027,19.95,29
D0,DL/DL/1/I,VCE,6.0,,DL,DL,1,I,VCE,,76.92,10,13,80.77,5.00%,0.0013776002204160353,10.5,13,Cascaded,2027,10.5,13
D0,DL/DL/1/I,YUL,6.0,,DL,DL,1,I,YUL,,76.39,55,72,80.21,5.00%,0.007576801212288194,57.75,72,Cascaded,2027,57.75,72
D0,DL/DL/1/I,YVR,6.0,,DL,DL,1,I,YVR,,65.52,38,58,68.79,5.00%,0.005234880837580934,39.9,58,Cascaded,2027,39.9,58
D0,DL/DL/1/I,YYC,6.0,,DL,DL,1,I,YYC,,67.65,23,34,71.03,5.00%,0.003168480506956881,24.15,34,Cascaded,2027,24.15,34
D0,DL/DL/1/I,YYZ,6.0,,DL,DL,1,I,YYZ,,42.11,32,76,44.21,5.00%,0.004408320705331313,33.6,76,Cascaded,2027,33.6,76
D0,DL/DL/1/I,ZRH,6.0,,DL,DL,1,I,ZRH,,37.5,9,24,39.38,5.00%,0.0012398401983744318,9.45,24,Cascaded,2027,9.45,24
D0,DL/DL/10/D,ABQ,6.0,,DL,DL,10,D,ABQ,,82.46,94,114,86.58,5.00%,0.0014719238357708809,98.7,114,Cascaded,2027,98.69999999999999,114
D0,DL/DL/10/D,AGS,6.0,,DL,DL,10,D,AGS,,68.18,30,44,71.59,5.00%,0.0004697629263098556,31.5,44,Cascaded,2027,31.499999999999996,44
D0,DL/DL/10/D,ALB,6.0,,DL,DL,10,D,ALB,,69.75,83,119,73.24,5.00%,0.0012996774294572672,87.15,119,Cascaded,2027,87.14999999999999,119
D0,DL/DL/10/D,ANC,6.0,,DL,DL,10,D,ANC,,84.02,184,219,88.22,5.00%,0.002881212614700448,193.2,219,Cascaded,2027,193.2,219
D0,DL/DL/10/D,ATL,6.0,,DL,DL,10,D,ATL,,69.53,14577,20965,73.01,5.00%,0.22825780589395886,15305.85,20965,Cascaded,2027,15305.849999999999,20965
D0,DL/DL/10/D,ATW,6.0,,DL,DL,10,D,ATW,,76.79,43,56,80.62,5.00%,0.0006733268610441264,45.15,56,Cascaded,2027,45.14999999999999,56
D0,DL/DL/10/D,AUS,6.0,,DL,DL,10,D,AUS,,71.25,793,1113,74.81,5.00%,0.012417400018790516,832.65,1113,Cascaded,2027,832.6499999999999,1113
D0,DL/DL/10/D,AVL,6.0,,DL,DL,10,D,AVL,,63.84,143,224,67.03,5.00%,0.0022392032820769785,150.15,224,Cascaded,2027,150.14999999999998,224
D0,DL/DL/10/D,BDL,6.0,,DL,DL,10,D,BDL,,73.1,288,394,76.75,5.00%,0.004509724092574614,302.4,394,Cascaded,2027,302.4,394
D0,DL/DL/10/D,BGR,6.0,,DL,DL,10,D,BGR,,25.0,1,4,26.25,5.00%,1.565876421032852e-05,1.05,4,Cascaded,2027,1.0499999999999998,4
D0,DL/DL/10/D,BHM,6.0,,DL,DL,10,D,BHM,,82.11,234,285,86.21,5.00%,0.0036641508252168737,245.7,285,Cascaded,2027,245.69999999999996,285
D0,DL/DL/10/D,BIL,6.0,,DL,DL,10,D,BIL,,93.55,58,62,98.23,5.00%,0.0009082083241990542,60.9,62,Cascaded,2027,60.89999999999999,62
D0,DL/DL/10/D,BIS,6.0,,DL,DL,10,D,BIS,,73.08,19,26,76.73,5.00%,0.0002975165199962419,19.95,26,Cascaded,2027,19.949999999999996,26
D0,DL/DL/10/D,BNA,6.0,,DL,DL,10,D,BNA,,74.56,630,845,78.28,5.00%,0.009865021452506968,661.5,845,Cascaded,2027,661.4999999999999,845
D0,DL/DL/10/D,BOI,6.0,,DL,DL,10,D,BOI,,77.72,157,202,81.61,5.00%,0.002458425981021578,164.85,202,Cascaded,2027,164.84999999999997,202
D0,DL/DL/10/D,BOS,6.0,,DL,DL,10,D,BOS,,57.86,1303,2252,60.75,5.00%,0.020403369766058062,1368.15,2252,Cascaded,2027,1368.1499999999999,2252
D0,DL/DL/10/D,BTR,6.0,,DL,DL,10,D,BTR,,74.63,50,67,78.36,5.00%,0.0007829382105164261,52.5,67,Cascaded,2027,52.49999999999999,67
D0,DL/DL/10/D,BTV,6.0,,DL,DL,10,D,BTV,,75.0,27,36,78.75,5.00%,0.00042278663367887004,28.35,36,Cascaded,2027,28.349999999999998,36
D0,DL/DL/10/D,BUF,6.0,,DL,DL,10,D,BUF,,66.9,97,145,70.24,5.00%,0.0015189001284018665,101.85,145,Cascaded,2027,101.84999999999998,145
D0,DL/DL/10/D,BUR,6.0,,DL,DL,10,D,BUR,,62.26,33,53,65.38,5.00%,0.0005167392189408412,34.65,53,Cascaded,2027,34.65,53
D0,DL/DL/10/D,BWI,6.0,,DL,DL,10,D,BWI,,73.55,356,484,77.23,5.00%,0.005574520058876953,373.8,484,Cascaded,2027,373.79999999999995,484
D0,DL/DL/10/D,BZN,6.0,,DL,DL,10,D,BZN,,82.58,128,155,86.71,5.00%,0.0020043218189220507,134.4,155,Cascaded,2027,134.39999999999998,155
D0,DL/DL/10/D,CAE,6.0,,DL,DL,10,D,CAE,,68.55,109,159,71.98,5.00%,0.0017068052989258088,114.45,159,Cascaded,2027,114.44999999999999,159
D0,DL/DL/10/D,CHA,6.0,,DL,DL,10,D,CHA,,59.44,85,143,62.41,5.00%,0.0013309949578779242,89.25,143,Cascaded,2027,89.24999999999999,143
D0,DL/DL/10/D,CHO,6.0,,DL,DL,10,D,CHO,,82.69,43,52,86.83,5.00%,0.0006733268610441264,45.15,52,Cascaded,2027,45.14999999999999,52
D0,DL/DL/10/D,CHS,6.0,,DL,DL,10,D,CHS,,71.37,329,461,74.93,5.00%,0.005151733425198084,345.45,461,Cascaded,2027,345.44999999999993,461
D0,DL/DL/10/D,CID,6.0,,DL,DL,10,D,CID,,87.1,27,31,91.45,5.00%,0.00042278663367887004,28.35,31,Cascaded,2027,28.349999999999998,31
D0,DL/DL/10/D,CLE,6.0,,DL,DL,10,D,CLE,,71.24,213,299,74.8,5.00%,0.003335316776799975,223.65,299,Cascaded,2027,223.64999999999998,299
D0,DL/DL/10/D,CLT,6.0,,DL,DL,10,D,CLT,,77.17,382,495,81.03,5.00%,0.005981647928345495,401.1,495,Cascaded,2027,401.09999999999997,495
D0,DL/DL/10/D,CMH,6.0,,DL,DL,10,D,CMH,,84.21,272,323,88.42,5.00%,0.004259183865209358,285.6,323,Cascaded,2027,285.59999999999997,323
D0,DL/DL/10/D,COS,6.0,,DL,DL,10,D,COS,,86.79,46,53,91.13,5.00%,0.000720303153675112,48.3,53,Cascaded,2027,48.3,53
D0,DL/DL/10/D,CVG,6.0,,DL,DL,10,D,CVG,,77.48,523,675,81.36,5.00%,0.008189533682001817,549.15,675,Cascaded,2027,549.15,675
D0,DL/DL/10/D,DAB,6.0,,DL,DL,10,D,DAB,,82.11,101,123,86.22,5.00%,0.0015815351852431806,106.05,123,Cascaded,2027,106.04999999999998,123
D0,DL/DL/10/D,DAL,6.0,,DL,DL,10,D,DAL,,62.35,106,170,65.47,5.00%,0.0016598290062948232,111.3,170,Cascaded,2027,111.29999999999998,170
D0,DL/DL/10/D,DAY,6.0,,DL,DL,10,D,DAY,,84.93,124,146,89.18,5.00%,0.0019416867620807366,130.2,146,Cascaded,2027,130.2,146
D0,DL/DL/10/D,DCA,6.0,,DL,DL,10,D,DCA,,74.31,596,802,78.03,5.00%,0.009332623469355799,625.8,802,Cascaded,2027,625.8,802
D0,DL/DL/10/D,DEN,6.0,,DL,DL,10,D,DEN,,69.68,710,1019,73.16,5.00%,0.01111772258933325,745.5,1019,Cascaded,2027,745.4999999999999,1019
D0,DL/DL/10/D,DFW,6.0,,DL,DL,10,D,DFW,,66.25,693,1046,69.57,5.00%,0.010851523597757665,727.65,1046,Cascaded,2027,727.6499999999999,1046
D0,DL/DL/10/D,DJT,6.0,,DL,DL,10,D,DJT,,65.67,350,533,68.95,5.00%,0.005480567473614983,367.5,533,Cascaded,2027,367.49999999999994,533
D0,DL/DL/10/D,DSM,6.0,,DL,DL,10,D,DSM,,85.71,102,119,90.0,5.00%,0.001597193949453509,107.1,119,Cascaded,2027,107.09999999999998,119
D0,DL/DL/10/D,DTW,6.0,,DL,DL,10,D,DTW,,74.32,3979,5354,78.03,5.00%,0.06230622279289719,4177.95,5354,Cascaded,2027,4177.95,5354
D0,DL/DL/10/D,ECP,6.0,,DL,DL,10,D,ECP,,68.66,138,201,72.09,5.00%,0.002160909461025336,144.9,201,Cascaded,2027,144.89999999999998,201
D0,DL/DL/10/D,ELP,6.0,,DL,DL,10,D,ELP,,77.42,48,62,81.29,5.00%,0.000751620682095769,50.4,62,Cascaded,2027,50.39999999999999,62
D0,DL/DL/10/D,EWR,6.0,,DL,DL,10,D,EWR,,57.05,336,589,59.9,5.00%,0.005261344774670383,352.8,589,Cascaded,2027,352.79999999999995,589
D0,DL/DL/10/D,EYW,6.0,,DL,DL,10,D,EYW,,82.93,102,123,87.07,5.00%,0.001597193949453509,107.1,123,Cascaded,2027,107.09999999999998,123
D0,DL/DL/10/D,FAI,6.0,,DL,DL,10,D,FAI,,52.78,19,36,55.42,5.00%,0.0002975165199962419,19.95,36,Cascaded,2027,19.949999999999996,36
D0,DL/DL/10/D,FAR,6.0,,DL,DL,10,D,FAR,,76.74,33,43,80.58,5.00%,0.0005167392189408412,34.65,43,Cascaded,2027,34.65,43
D0,DL/DL/10/D,FCA,6.0,,DL,DL,10,D,FCA,,85.48,53,62,89.76,5.00%,0.0008299145031474116,55.65,62,Cascaded,2027,55.64999999999999,62
D0,DL/DL/10/D,FLL,6.0,,DL,DL,10,D,FLL,,65.17,625,959,68.43,5.00%,0.009786727631455326,656.25,959,Cascaded,2027,656.2499999999999,959
D0,DL/DL/10/D,FSD,6.0,,DL,DL,10,D,FSD,,69.35,43,62,72.82,5.00%,0.0006733268610441264,45.15,62,Cascaded,2027,45.14999999999999,62
D0,DL/DL/10/D,GEG,6.0,,DL,DL,10,D,GEG,,78.73,174,221,82.67,5.00%,0.0027246249725971627,182.7,221,Cascaded,2027,182.7,221
D0,DL/DL/10/D,GNV,6.0,,DL,DL,10,D,GNV,,73.79,107,145,77.48,5.00%,0.0016754877705051517,112.35,145,Cascaded,2027,112.34999999999998,145
D0,DL/DL/10/D,GPT,6.0,,DL,DL,10,D,GPT,,82.76,96,116,86.9,5.00%,0.001503241364191538,100.8,116,Cascaded,2027,100.79999999999998,116
D0,DL/DL/10/D,GRB,6.0,,DL,DL,10,D,GRB,,85.0,51,60,89.25,5.00%,0.0007985969747267545,53.55,60,Cascaded,2027,53.54999999999999,60
D0,DL/DL/10/D,GRR,6.0,,DL,DL,10,D,GRR,,79.29,157,198,83.26,5.00%,0.002458425981021578,164.85,198,Cascaded,2027,164.84999999999997,198
D0,DL/DL/10/D,GSO,6.0,,DL,DL,10,D,GSO,,76.19,192,252,80.0,5.00%,0.003006482728383076,201.6,252,Cascaded,2027,201.59999999999997,252
D0,DL/DL/10/D,GSP,6.0,,DL,DL,10,D,GSP,,79.3,226,285,83.26,5.00%,0.003538880711534246,237.3,285,Cascaded,2027,237.29999999999998,285
D0,DL/DL/10/D,HNL,6.0,,DL,DL,10,D,HNL,,83.03,230,277,87.18,5.00%,0.00360151576837556,241.5,277,Cascaded,2027,241.49999999999997,277
D0,DL/DL/10/D,HOU,6.0,,DL,DL,10,D,HOU,,73.17,90,123,76.83,5.00%,0.001409288778929567,94.5,123,Cascaded,2027,94.49999999999999,123
D0,DL/DL/10/D,HPN,6.0,,DL,DL,10,D,HPN,,56.45,35,62,59.27,5.00%,0.0005480567473614982,36.75,62,Cascaded,2027,36.74999999999999,62
D0,DL/DL/10/D,HRL,6.0,,DL,DL,10,D,HRL,,76.92,20,26,80.77,5.00%,0.0003131752842065704,21.0,26,Cascaded,2027,20.999999999999996,26
D0,DL/DL/10/D,HSV,6.0,,DL,DL,10,D,HSV,,77.89,148,190,81.79,5.00%,0.002317497103128621,155.4,190,Cascaded,2027,155.39999999999998,190
D0,DL/DL/10/D,IAD,6.0,,DL,DL,10,D,IAD,,70.59,180,255,74.12,5.00%,0.002818577557859134,189.0,255,Cascaded,2027,188.99999999999997,255
D0,DL/DL/10/D,IAH,6.0,,DL,DL,10,D,IAH,,66.49,490,737,69.81,5.00%,0.007672794463060975,514.5,737,Cascaded,2027,514.4999999999999,737
D0,DL/DL/10/D,ICT,6.0,,DL,DL,10,D,ICT,,68.1,79,116,71.51,5.00%,0.0012370423726159531,82.95,116,Cascaded,2027,82.94999999999999,116
D0,DL/DL/10/D,IDA,6.0,,DL,DL,10,D,IDA,,66.67,18,27,70.0,5.00%,0.0002818577557859134,18.9,27,Cascaded,2027,18.9,27
D0,DL/DL/10/D,ILM,6.0,,DL,DL,10,D,ILM,,69.83,81,116,73.32,5.00%,0.0012683599010366103,85.05,116,Cascaded,2027,85.04999999999998,116
D0,DL/DL/10/D,IND,6.0,,DL,DL,10,D,IND,,84.11,360,428,88.32,5.00%,0.005637155115718268,378.0,428,Cascaded,2027,377.99999999999994,428
D0,DL/DL/10/D,JAC,6.0,,DL,DL,10,D,JAC,,64.29,45,70,67.5,5.00%,0.0007046443894647835,47.25,70,Cascaded,2027,47.24999999999999,70
D0,DL/DL/10/D,JAN,6.0,,DL,DL,10,D,JAN,,78.68,155,197,82.61,5.00%,0.0024271084526009206,162.75,197,Cascaded,2027,162.74999999999997,197
D0,DL/DL/10/D,JAX,6.0,,DL,DL,10,D,JAX,,72.61,334,460,76.24,5.00%,0.005230027246249726,350.7,460,Cascaded,2027,350.69999999999993,460
D0,DL/DL/10/D,JFK,6.0,,DL,DL,10,D,JFK,,69.33,1802,2599,72.8,5.00%,0.028217093107011995,1892.1,2599,Cascaded,2027,1892.0999999999997,2599
D0,DL/DL/10/D,JNU,6.0,,DL,DL,10,D,JNU,,92.0,23,25,96.6,5.00%,0.000360151576837556,24.15,25,Cascaded,2027,24.15,25
D0,DL/DL/10/D,KOA,6.0,,DL,DL,10,D,KOA,,85.48,53,62,89.76,5.00%,0.0008299145031474116,55.65,62,Cascaded,2027,55.64999999999999,62
D0,DL/DL/10/D,LAS,6.0,,DL,DL,10,D,LAS,,64.47,871,1351,67.69,5.00%,0.013638783627196142,914.55,1351,Cascaded,2027,914.5499999999998,1351
D0,DL/DL/10/D,LAX,6.0,,DL,DL,10,D,LAX,,71.1,2251,3166,74.65,5.00%,0.0352478782374495,2363.55,3166,Cascaded,2027,2363.5499999999997,3166
D0,DL/DL/10/D,LEX,6.0,,DL,DL,10,D,LEX,,80.4,160,199,84.42,5.00%,0.002505402273652563,168.0,199,Cascaded,2027,167.99999999999997,199
D0,DL/DL/10/D,LGA,6.0,,DL,DL,10,D,LGA,,65.51,1763,2691,68.79,5.00%,0.027606401302809183,1851.15,2691,Cascaded,2027,1851.1499999999999,2691
D0,DL/DL/10/D,LGB,6.0,,DL,DL,10,D,LGB,,70.97,22,31,74.52,5.00%,0.00034449281262722745,23.1,31,Cascaded,2027,23.099999999999998,31
D0,DL/DL/10/D,LIH,6.0,,DL,DL,10,D,LIH,,84.75,50,59,88.98,5.00%,0.0007829382105164261,52.5,59,Cascaded,2027,52.49999999999999,59
D0,DL/DL/10/D,LIT,6.0,,DL,DL,10,D,LIT,,73.63,148,201,77.31,5.00%,0.002317497103128621,155.4,201,Cascaded,2027,155.39999999999998,201
D0,DL/DL/10/D,MCI,6.0,,DL,DL,10,D,MCI,,78.42,596,760,82.34,5.00%,0.009332623469355799,625.8,760,Cascaded,2027,625.8,760
D0,DL/DL/10/D,MCO,6.0,,DL,DL,10,D,MCO,,70.54,1185,1680,74.06,5.00%,0.018555635589239297,1244.25,1680,Cascaded,2027,1244.2499999999998,1680
D0,DL/DL/10/D,MDT,6.0,,DL,DL,10,D,MDT,,62.5,55,88,65.62,5.00%,0.0008612320315680687,57.75,88,Cascaded,2027,57.74999999999999,88
D0,DL/DL/10/D,MDW,6.0,,DL,DL,10,D,MDW,,78.76,89,113,82.7,5.00%,0.0013936300147192383,93.45,113,Cascaded,2027,93.44999999999999,113
D0,DL/DL/10/D,MEM,6.0,,DL,DL,10,D,MEM,,78.79,286,363,82.73,5.00%,0.004478406564153957,300.3,363,Cascaded,2027,300.29999999999995,363
D0,DL/DL/10/D,MIA,6.0,,DL,DL,10,D,MIA,,63.75,561,880,66.94,5.00%,0.0087845667219943,589.05,880,Cascaded,2027,589.05,880
D0,DL/DL/10/D,MKE,6.0,,DL,DL,10,D,MKE,,80.31,306,381,84.33,5.00%,0.004791581848360527,321.3,381,Cascaded,2027,321.29999999999995,381
D0,DL/DL/10/D,MLB,6.0,,DL,DL,10,D,MLB,,78.05,96,123,81.95,5.00%,0.001503241364191538,100.8,123,Cascaded,2027,100.79999999999998,123
D0,DL/DL/10/D,MOB,6.0,,DL,DL,10,D,MOB,,72.73,64,88,76.36,5.00%,0.0010021609094610254,67.2,88,Cascaded,2027,67.19999999999999,88
D0,DL/DL/10/D,MSN,6.0,,DL,DL,10,D,MSN,,89.6,155,173,94.08,5.00%,0.0024271084526009206,162.75,173,Cascaded,2027,162.74999999999997,173
D0,DL/DL/10/D,MSO,6.0,,DL,DL,10,D,MSO,,88.71,55,62,93.15,5.00%,0.0008612320315680687,57.75,62,Cascaded,2027,57.74999999999999,62
D0,DL/DL/10/D,MSP,6.0,,DL,DL,10,D,MSP,,74.44,4153,5579,78.16,5.00%,0.06503084776549435,4360.65,5579,Cascaded,2027,4360.65,5579
D0,DL/DL/10/D,MSY,6.0,,DL,DL,10,D,MSY,,73.22,484,661,76.88,5.00%,0.007578841877799004,508.2,661,Cascaded,2027,508.19999999999993,661
D0,DL/DL/10/D,MYR,6.0,,DL,DL,10,D,MYR,,74.44,134,180,78.17,5.00%,0.002098274404184022,140.7,180,Cascaded,2027,140.7,180
D0,DL/DL/10/D,OGG,6.0,,DL,DL,10,D,OGG,,83.56,61,73,87.74,5.00%,0.0009551846168300398,64.05,73,Cascaded,2027,64.05,73
D0,DL/DL/10/D,OKC,6.0,,DL,DL,10,D,OKC,,82.31,121,147,86.43,5.00%,0.001894710469449751,127.05,147,Cascaded,2027,127.04999999999998,147
D0,DL/DL/10/D,OMA,6.0,,DL,DL,10,D,OMA,,80.69,117,145,84.72,5.00%,0.0018320754126084368,122.85,145,Cascaded,2027,122.84999999999998,145
D0,DL/DL/10/D,ONT,6.0,,DL,DL,10,D,ONT,,78.95,120,152,82.89,5.00%,0.0018790517052394225,126.0,152,Cascaded,2027,125.99999999999999,152
D0,DL/DL/10/D,ORD,6.0,,DL,DL,10,D,ORD,,58.05,620,1068,60.96,5.00%,0.009708433810403682,651.0,1068,Cascaded,2027,650.9999999999999,1068
D0,DL/DL/10/D,ORF,6.0,,DL,DL,10,D,ORF,,69.16,213,308,72.61,5.00%,0.003335316776799975,223.65,308,Cascaded,2027,223.64999999999998,308
D0,DL/DL/10/D,PDX,6.0,,DL,DL,10,D,PDX,,73.89,484,655,77.59,5.00%,0.007578841877799004,508.2,655,Cascaded,2027,508.19999999999993,655
D0,DL/DL/10/D,PHL,6.0,,DL,DL,10,D,PHL,,71.53,402,562,75.11,5.00%,0.006294823212552065,422.1,562,Cascaded,2027,422.09999999999997,562
D0,DL/DL/10/D,PHX,6.0,,DL,DL,10,D,PHX,,71.38,676,947,74.95,5.00%,0.01058532460618208,709.8,947,Cascaded,2027,709.8,947
D0,DL/DL/10/D,PIT,6.0,,DL,DL,10,D,PIT,,75.67,199,263,79.45,5.00%,0.0031160940778553756,208.95,263,Cascaded,2027,208.94999999999996,263
D0,DL/DL/10/D,PNS,6.0,,DL,DL,10,D,PNS,,86.83,211,243,91.17,5.00%,0.0033039992483793177,221.55,243,Cascaded,2027,221.54999999999998,243
D0,DL/DL/10/D,PSC,6.0,,DL,DL,10,D,PSC,,95.16,59,62,99.92,5.00%,0.0009238670884093828,61.95,62,Cascaded,2027,61.94999999999999,62
D0,DL/DL/10/D,PSP,6.0,,DL,DL,10,D,PSP,,61.54,16,26,64.62,5.00%,0.00025054022736525634,16.8,26,Cascaded,2027,16.799999999999997,26
D0,DL/DL/10/D,PVD,6.0,,DL,DL,10,D,PVD,,65.81,77,117,69.1,5.00%,0.0012057248441952962,80.85,117,Cascaded,2027,80.85,117
D0,DL/DL/10/D,PWM,6.0,,DL,DL,10,D,PWM,,73.83,110,149,77.52,5.00%,0.0017224640631361373,115.5,149,Cascaded,2027,115.49999999999999,149
D0,DL/DL/10/D,RDU,6.0,,DL,DL,10,D,RDU,,76.7,846,1103,80.53,5.00%,0.013247314521937928,888.3,1103,Cascaded,2027,888.2999999999998,1103
D0,DL/DL/10/D,RIC,6.0,,DL,DL,10,D,RIC,,76.54,199,260,80.37,5.00%,0.0031160940778553756,208.95,260,Cascaded,2027,208.94999999999996,260
D0,DL/DL/10/D,RNO,6.0,,DL,DL,10,D,RNO,,70.24,59,84,73.75,5.00%,0.0009238670884093828,61.95,84,Cascaded,2027,61.94999999999999,84
D0,DL/DL/10/D,ROA,6.0,,DL,DL,10,D,ROA,,77.42,24,31,81.29,5.00%,0.0003758103410478845,25.2,31,Cascaded,2027,25.199999999999996,31
D0,DL/DL/10/D,ROC,6.0,,DL,DL,10,D,ROC,,59.09,52,88,62.05,5.00%,0.0008142557389370831,54.6,88,Cascaded,2027,54.599999999999994,88
D0,DL/DL/10/D,RSW,6.0,,DL,DL,10,D,RSW,,77.8,417,536,81.69,5.00%,0.006529704675706993,437.85,536,Cascaded,2027,437.84999999999997,536
D0,DL/DL/10/D,SAN,6.0,,DL,DL,10,D,SAN,,72.41,614,848,76.03,5.00%,0.009614481225141712,644.7,848,Cascaded,2027,644.6999999999999,848
D0,DL/DL/10/D,SAT,6.0,,DL,DL,10,D,SAT,,77.98,471,604,81.88,5.00%,0.0073752779430647335,494.55,604,Cascaded,2027,494.54999999999995,604
D0,DL/DL/10/D,SAV,6.0,,DL,DL,10,D,SAV,,80.19,251,313,84.2,5.00%,0.003930349816792459,263.55,313,Cascaded,2027,263.54999999999995,313
D0,DL/DL/10/D,SBA,6.0,,DL,DL,10,D,SBA,,68.85,42,61,72.3,5.00%,0.0006576680968337978,44.1,61,Cascaded,2027,44.099999999999994,61
D0,DL/DL/10/D,SDF,6.0,,DL,DL,10,D,SDF,,83.48,192,230,87.65,5.00%,0.003006482728383076,201.6,230,Cascaded,2027,201.59999999999997,230
D0,DL/DL/10/D,SEA,6.0,,DL,DL,10,D,SEA,,71.05,1968,2770,74.6,5.00%,0.03081644796592653,2066.4,2770,Cascaded,2027,2066.3999999999996,2770
D0,DL/DL/10/D,SFO,6.0,,DL,DL,10,D,SFO,,62.61,767,1225,65.74,5.00%,0.012010272149321976,805.35,1225,Cascaded,2027,805.3499999999999,1225
D0,DL/DL/10/D,SGF,6.0,,DL,DL,10,D,SGF,,69.7,46,66,73.18,5.00%,0.000720303153675112,48.3,66,Cascaded,2027,48.3,66
D0,DL/DL/10/D,SJC,6.0,,DL,DL,10,D,SJC,,78.92,161,204,82.87,5.00%,0.002521061037862892,169.05,204,Cascaded,2027,169.04999999999998,204
D0,DL/DL/10/D,SJU,6.0,,DL,DL,10,D,SJU,,74.4,186,250,78.12,5.00%,0.002912530143121105,195.3,250,Cascaded,2027,195.29999999999998,250
D0,DL/DL/10/D,SLC,6.0,,DL,DL,10,D,SLC,,71.74,3255,4537,75.33,5.00%,0.05096927750461933,3417.75,4537,Cascaded,2027,3417.7499999999995,4537
D0,DL/DL/10/D,SMF,6.0,,DL,DL,10,D,SMF,,80.46,243,302,84.49,5.00%,0.0038050797031098306,255.15,302,Cascaded,2027,255.14999999999998,302
D0,DL/DL/10/D,SNA,6.0,,DL,DL,10,D,SNA,,66.26,273,412,69.58,5.00%,0.0042748426294196866,286.65,412,Cascaded,2027,286.65,412
D0,DL/DL/10/D,SRQ,6.0,,DL,DL,10,D,SRQ,,74.12,169,228,77.83,5.00%,0.00264633115154552,177.45,228,Cascaded,2027,177.45,228
D0,DL/DL/10/D,STL,6.0,,DL,DL,10,D,STL,,81.93,408,498,86.02,5.00%,0.006388775797814036,428.4,498,Cascaded,2027,428.3999999999999,498
D0,DL/DL/10/D,STT,6.0,,DL,DL,10,D,STT,,74.29,26,35,78.0,5.00%,0.00040712786946854156,27.3,35,Cascaded,2027,27.299999999999997,35
D0,DL/DL/10/D,SYR,6.0,,DL,DL,10,D,SYR,,71.43,85,119,75.0,5.00%,0.0013309949578779242,89.25,119,Cascaded,2027,89.24999999999999,119
D0,DL/DL/10/D,TLH,6.0,,DL,DL,10,D,TLH,,76.47,117,153,80.29,5.00%,0.0018320754126084368,122.85,153,Cascaded,2027,122.84999999999998,153
D0,DL/DL/10/D,TPA,6.0,,DL,DL,10,D,TPA,,68.21,753,1104,71.62,5.00%,0.011791049450377376,790.65,1104,Cascaded,2027,790.6499999999999,1104
D0,DL/DL/10/D,TRI,6.0,,DL,DL,10,D,TRI,,74.19,46,62,77.9,5.00%,0.000720303153675112,48.3,62,Cascaded,2027,48.3,62
D0,DL/DL/10/D,TUL,6.0,,DL,DL,10,D,TUL,,69.86,102,146,73.36,5.00%,0.001597193949453509,107.1,146,Cascaded,2027,107.09999999999998,146
D0,DL/DL/10/D,TUS,6.0,,DL,DL,10,D,TUS,,77.42,48,62,81.29,5.00%,0.000751620682095769,50.4,62,Cascaded,2027,50.39999999999999,62
D0,DL/DL/10/D,TVC,6.0,,DL,DL,10,D,TVC,,78.12,25,32,82.03,5.00%,0.00039146910525821304,26.25,32,Cascaded,2027,26.249999999999996,32
D0,DL/DL/10/D,TYS,6.0,,DL,DL,10,D,TYS,,80.56,145,180,84.58,5.00%,0.0022705208104976354,152.25,180,Cascaded,2027,152.24999999999997,180
D0,DL/DL/10/D,VPS,6.0,,DL,DL,10,D,VPS,,76.13,169,222,79.93,5.00%,0.00264633115154552,177.45,222,Cascaded,2027,177.45,222
D0,DL/DL/10/D,XNA,6.0,,DL,DL,10,D,XNA,,74.23,72,97,77.94,5.00%,0.0011274310231436536,75.6,97,Cascaded,2027,75.6,97
D0,DL/DL/10/I,ACC,6.0,,DL,DL,10,I,ACC,,48.39,15,31,50.81,5.00%,0.0020729684908789387,15.75,31,Cascaded,2027,15.749999999999998,31
D0,DL/DL/10/I,AKL,6.0,,DL,DL,10,I,AKL,,76.92,10,13,80.77,5.00%,0.0013819789939192924,10.5,13,Cascaded,2027,10.499999999999998,13
D0,DL/DL/10/I,AMS,6.0,,DL,DL,10,I,AMS,,26.18,128,489,27.48,5.00%,0.017689331122166942,134.4,489,Cascaded,2027,134.39999999999998,489
D0,DL/DL/10/I,ARN,6.0,,DL,DL,10,I,ARN,,68.0,17,25,71.4,5.00%,0.0023493642896627973,17.85,25,Cascaded,2027,17.849999999999998,25
D0,DL/DL/10/I,ATH,6.0,,DL,DL,10,I,ATH,,61.11,66,108,64.17,5.00%,0.00912106135986733,69.3,108,Cascaded,2027,69.3,108
D0,DL/DL/10/I,ATL,6.0,,DL,DL,10,I,ATL,,64.14,1470,2292,67.34,5.00%,0.20315091210613598,1543.5,2292,Cascaded,2027,1543.4999999999998,2292
D0,DL/DL/10/I,AUA,6.0,,DL,DL,10,I,AUA,,70.97,44,62,74.52,5.00%,0.006080707573244887,46.2,62,Cascaded,2027,46.199999999999996,62
D0,DL/DL/10/I,BCN,6.0,,DL,DL,10,I,BCN,,52.63,40,76,55.26,5.00%,0.00552791597567717,42.0,76,Cascaded,2027,41.99999999999999,76
D0,DL/DL/10/I,BDA,6.0,,DL,DL,10,I,BDA,,93.1,27,29,97.76,5.00%,0.0037313432835820895,28.35,29,Cascaded,2027,28.349999999999998,29
D0,DL/DL/10/I,BER,6.0,,DL,DL,10,I,BER,,40.0,10,25,42.0,5.00%,0.0013819789939192924,10.5,25,Cascaded,2027,10.499999999999998,25
D0,DL/DL/10/I,BGI,6.0,,DL,DL,10,I,BGI,,84.62,11,13,88.85,5.00%,0.0015201768933112217,11.55,13,Cascaded,2027,11.549999999999999,13
D0,DL/DL/10/I,BOG,6.0,,DL,DL,10,I,BOG,,56.45,35,62,59.27,5.00%,0.004836926478717523,36.75,62,Cascaded,2027,36.75,62
D0,DL/DL/10/I,BON,6.0,,DL,DL,10,I,BON,,100.0,4,4,105.0,5.00%,0.000552791597567717,4.2,4,Cascaded,2027,4.199999999999999,4
D0,DL/DL/10/I,BOS,6.0,,DL,DL,10,I,BOS,,65.7,182,277,68.99,5.00%,0.025152017689331122,191.1,277,Cascaded,2027,191.1,277
D0,DL/DL/10/I,BRU,6.0,,DL,DL,10,I,BRU,,40.74,11,27,42.78,5.00%,0.0015201768933112217,11.55,27,Cascaded,2027,11.549999999999999,27
D0,DL/DL/10/I,BZE,6.0,,DL,DL,10,I,BZE,,88.46,23,26,92.88,5.00%,0.0031785516860143724,24.15,26,Cascaded,2027,24.15,26
D0,DL/DL/10/I,CDG,6.0,,DL,DL,10,I,CDG,,33.71,119,353,35.4,5.00%,0.01644555002763958,124.95,353,Cascaded,2027,124.94999999999999,353
D0,DL/DL/10/I,CPH,6.0,,DL,DL,10,I,CPH,,83.33,30,36,87.5,5.00%,0.0041459369817578775,31.5,36,Cascaded,2027,31.499999999999996,36
D0,DL/DL/10/I,CPT,6.0,,DL,DL,10,I,CPT,,73.33,11,15,77.0,5.00%,0.0015201768933112217,11.55,15,Cascaded,2027,11.549999999999999,15
D0,DL/DL/10/I,CTA,6.0,,DL,DL,10,I,CTA,,88.0,22,25,92.4,5.00%,0.0030403537866224434,23.1,25,Cascaded,2027,23.099999999999998,25
D0,DL/DL/10/I,CTG,6.0,,DL,DL,10,I,CTG,,75.0,3,4,78.75,5.00%,0.00041459369817578774,3.15,4,Cascaded,2027,3.1499999999999995,4
D0,DL/DL/10/I,CUN,6.0,,DL,DL,10,I,CUN,,68.32,207,303,71.73,5.00%,0.028606965174129355,217.35,303,Cascaded,2027,217.34999999999997,303
D0,DL/DL/10/I,CUR,6.0,,DL,DL,10,I,CUR,,25.0,1,4,26.25,5.00%,0.00013819789939192924,1.05,4,Cascaded,2027,1.0499999999999998,4
D0,DL/DL/10/I,CVG,6.0,,DL,DL,10,I,CVG,,50.0,6,12,52.5,5.00%,0.0008291873963515755,6.3,12,Cascaded,2027,6.299999999999999,12
D0,DL/DL/10/I,DSS,6.0,,DL,DL,10,I,DSS,,33.33,5,15,35.0,5.00%,0.0006909894969596462,5.25,15,Cascaded,2027,5.249999999999999,15
D0,DL/DL/10/I,DTW,6.0,,DL,DL,10,I,DTW,,69.8,282,404,73.29,5.00%,0.03897180762852405,296.1,404,Cascaded,2027,296.09999999999997,404
D0,DL/DL/10/I,DUB,6.0,,DL,DL,10,I,DUB,,74.36,87,117,78.08,5.00%,0.012023217247097845,91.35,117,Cascaded,2027,91.35,117
D0,DL/DL/10/I,EDI,6.0,,DL,DL,10,I,EDI,,59.46,44,74,62.43,5.00%,0.006080707573244887,46.2,74,Cascaded,2027,46.199999999999996,74
D0,DL/DL/10/I,EZE,6.0,,DL,DL,10,I,EZE,,86.11,31,36,90.42,5.00%,0.004284134881149806,32.55,36,Cascaded,2027,32.55,36
D0,DL/DL/10/I,FCO,6.0,,DL,DL,10,I,FCO,,65.84,133,202,69.13,5.00%,0.01838032061912659,139.65,202,Cascaded,2027,139.64999999999998,202
D0,DL/DL/10/I,FRA,6.0,,DL,DL,10,I,FRA,,62.07,54,87,65.17,5.00%,0.007462686567164179,56.7,87,Cascaded,2027,56.699999999999996,87
D0,DL/DL/10/I,GCM,6.0,,DL,DL,10,I,GCM,,90.91,20,22,95.45,5.00%,0.002763957987838585,21.0,22,Cascaded,2027,20.999999999999996,22
D0,DL/DL/10/I,GDL,6.0,,DL,DL,10,I,GDL,,93.55,29,31,98.23,5.00%,0.004007739082365948,30.45,31,Cascaded,2027,30.449999999999996,31
D0,DL/DL/10/I,GIG,6.0,,DL,DL,10,I,GIG,,87.5,14,16,91.88,5.00%,0.0019347705914870095,14.7,16,Cascaded,2027,14.7,16
D0,DL/DL/10/I,GRU,6.0,,DL,DL,10,I,GRU,,88.24,75,85,92.65,5.00%,0.010364842454394693,78.75,85,Cascaded,2027,78.74999999999999,85
D0,DL/DL/10/I,GUA,6.0,,DL,DL,10,I,GUA,,48.39,15,31,50.81,5.00%,0.0020729684908789387,15.75,31,Cascaded,2027,15.749999999999998,31
D0,DL/DL/10/I,GVA,6.0,,DL,DL,10,I,GVA,,50.0,7,14,52.5,5.00%,0.0009673852957435047,7.35,14,Cascaded,2027,7.35,14
D0,DL/DL/10/I,HAV,6.0,,DL,DL,10,I,HAV,,83.33,50,60,87.5,5.00%,0.006909894969596462,52.5,60,Cascaded,2027,52.49999999999999,60
D0,DL/DL/10/I,HND,6.0,,DL,DL,10,I,HND,,61.08,113,185,64.14,5.00%,0.015616362631288004,118.65,185,Cascaded,2027,118.64999999999999,185
D0,DL/DL/10/I,HNL,6.0,,DL,DL,10,I,HNL,,96.67,29,30,101.5,5.00%,0.004007739082365948,30.45,30,Cascaded,2027,30.449999999999996,30
D0,DL/DL/10/I,ICN,6.0,,DL,DL,10,I,ICN,,48.31,86,178,50.73,5.00%,0.011885019347705915,90.3,178,Cascaded,2027,90.3,178
D0,DL/DL/10/I,JFK,6.0,,DL,DL,10,I,JFK,,70.03,902,1288,73.53,5.00%,0.12465450525152018,947.1,1288,Cascaded,2027,947.0999999999999,1288
D0,DL/DL/10/I,JNB,6.0,,DL,DL,10,I,JNB,,67.86,19,28,71.25,5.00%,0.002625760088446656,19.95,28,Cascaded,2027,19.95,28
D0,DL/DL/10/I,KEF,6.0,,DL,DL,10,I,KEF,,48.57,17,35,51.0,5.00%,0.0023493642896627973,17.85,35,Cascaded,2027,17.849999999999998,35
D0,DL/DL/10/I,KIN,6.0,,DL,DL,10,I,KIN,,76.92,20,26,80.77,5.00%,0.002763957987838585,21.0,26,Cascaded,2027,20.999999999999996,26
D0,DL/DL/10/I,LAX,6.0,,DL,DL,10,I,LAX,,62.32,129,207,65.43,5.00%,0.01782752902155887,135.45,207,Cascaded,2027,135.45,207
D0,DL/DL/10/I,LGA,6.0,,DL,DL,10,I,LGA,,100.0,3,3,105.0,5.00%,0.00041459369817578774,3.15,3,Cascaded,2027,3.1499999999999995,3
D0,DL/DL/10/I,LHR,6.0,,DL,DL,10,I,LHR,,70.76,213,301,74.3,5.00%,0.02943615257048093,223.65,301,Cascaded,2027,223.64999999999998,301
D0,DL/DL/10/I,LIM,6.0,,DL,DL,10,I,LIM,,46.67,14,30,49.0,5.00%,0.0019347705914870095,14.7,30,Cascaded,2027,14.7,30
D0,DL/DL/10/I,LIR,6.0,,DL,DL,10,I,LIR,,87.1,27,31,91.45,5.00%,0.0037313432835820895,28.35,31,Cascaded,2027,28.349999999999998,31
D0,DL/DL/10/I,LIS,6.0,,DL,DL,10,I,LIS,,40.98,25,61,43.03,5.00%,0.003454947484798231,26.25,61,Cascaded,2027,26.249999999999996,61
D0,DL/DL/10/I,LOS,6.0,,DL,DL,10,I,LOS,,51.61,16,31,54.19,5.00%,0.002211166390270868,16.8,31,Cascaded,2027,16.799999999999997,31
D0,DL/DL/10/I,MAD,6.0,,DL,DL,10,I,MAD,,66.13,41,62,69.44,5.00%,0.005666113875069099,43.05,62,Cascaded,2027,43.05,62
D0,DL/DL/10/I,MBJ,6.0,,DL,DL,10,I,MBJ,,89.01,81,91,93.46,5.00%,0.011194029850746268,85.05,91,Cascaded,2027,85.05,91
D0,DL/DL/10/I,MCO,6.0,,DL,DL,10,I,MCO,,71.43,5,7,75.0,5.00%,0.0006909894969596462,5.25,7,Cascaded,2027,5.249999999999999,7
D0,DL/DL/10/I,MEX,6.0,,DL,DL,10,I,MEX,,80.65,200,248,84.68,5.00%,0.027639579878385848,210.0,248,Cascaded,2027,209.99999999999997,248
D0,DL/DL/10/I,MIA,6.0,,DL,DL,10,I,MIA,,75.0,45,60,78.75,5.00%,0.006218905472636816,47.25,60,Cascaded,2027,47.24999999999999,60
D0,DL/DL/10/I,MSP,6.0,,DL,DL,10,I,MSP,,71.0,311,438,74.55,5.00%,0.04297954671088999,326.55,438,Cascaded,2027,326.54999999999995,438
D0,DL/DL/10/I,MTY,6.0,,DL,DL,10,I,MTY,,87.1,27,31,91.45,5.00%,0.0037313432835820895,28.35,31,Cascaded,2027,28.349999999999998,31
D0,DL/DL/10/I,MUC,6.0,,DL,DL,10,I,MUC,,60.78,31,51,63.82,5.00%,0.004284134881149806,32.55,51,Cascaded,2027,32.55,51
D0,DL/DL/10/I,MXP,6.0,,DL,DL,10,I,MXP,,51.81,43,83,54.4,5.00%,0.005942509673852957,45.15,83,Cascaded,2027,45.15,83
D0,DL/DL/10/I,NAP,6.0,,DL,DL,10,I,NAP,,71.79,28,39,75.38,5.00%,0.003869541182974019,29.4,39,Cascaded,2027,29.4,39
D0,DL/DL/10/I,NAS,6.0,,DL,DL,10,I,NAS,,90.0,90,100,94.5,5.00%,0.012437810945273632,94.5,100,Cascaded,2027,94.49999999999999,100
D0,DL/DL/10/I,NCE,6.0,,DL,DL,10,I,NCE,,88.0,22,25,92.4,5.00%,0.0030403537866224434,23.1,25,Cascaded,2027,23.099999999999998,25
D0,DL/DL/10/I,PLS,6.0,,DL,DL,10,I,PLS,,96.67,29,30,101.5,5.00%,0.004007739082365948,30.45,30,Cascaded,2027,30.449999999999996,30
D0,DL/DL/10/I,PRG,6.0,,DL,DL,10,I,PRG,,50.0,4,8,52.5,5.00%,0.000552791597567717,4.2,8,Cascaded,2027,4.199999999999999,8
D0,DL/DL/10/I,PTY,6.0,,DL,DL,10,I,PTY,,83.87,26,31,88.06,5.00%,0.0035931453841901604,27.3,31,Cascaded,2027,27.299999999999997,31
D0,DL/DL/10/I,PUJ,6.0,,DL,DL,10,I,PUJ,,75.7,81,107,79.49,5.00%,0.011194029850746268,85.05,107,Cascaded,2027,85.05,107
D0,DL/DL/10/I,PVG,6.0,,DL,DL,10,I,PVG,,60.81,45,74,63.85,5.00%,0.006218905472636816,47.25,74,Cascaded,2027,47.24999999999999,74
D0,DL/DL/10/I,PVR,6.0,,DL,DL,10,I,PVR,,82.43,61,74,86.55,5.00%,0.008430071862907684,64.05,74,Cascaded,2027,64.05,74
D0,DL/DL/10/I,RAK,6.0,,DL,DL,10,I,RAK,,33.33,1,3,35.0,5.00%,0.00013819789939192924,1.05,3,Cascaded,2027,1.0499999999999998,3
D0,DL/DL/10/I,RTB,6.0,,DL,DL,10,I,RTB,,50.0,2,4,52.5,5.00%,0.0002763957987838585,2.1,4,Cascaded,2027,2.0999999999999996,4
D0,DL/DL/10/I,SAL,6.0,,DL,DL,10,I,SAL,,80.65,25,31,84.68,5.00%,0.003454947484798231,26.25,31,Cascaded,2027,26.249999999999996,31
D0,DL/DL/10/I,SAP,6.0,,DL,DL,10,I,SAP,,54.84,17,31,57.58,5.00%,0.0023493642896627973,17.85,31,Cascaded,2027,17.849999999999998,31
D0,DL/DL/10/I,SCL,6.0,,DL,DL,10,I,SCL,,93.55,29,31,98.23,5.00%,0.004007739082365948,30.45,31,Cascaded,2027,30.449999999999996,31
D0,DL/DL/10/I,SDQ,6.0,,DL,DL,10,I,SDQ,,70.18,80,114,73.68,5.00%,0.01105583195135434,84.0,114,Cascaded,2027,83.99999999999999,114
D0,DL/DL/10/I,SEA,6.0,,DL,DL,10,I,SEA,,62.12,164,264,65.23,5.00%,0.022664455500276397,172.2,264,Cascaded,2027,172.2,264
D0,DL/DL/10/I,SJD,6.0,,DL,DL,10,I,SJD,,72.63,69,95,76.26,5.00%,0.009535655058043118,72.45,95,Cascaded,2027,72.44999999999999,95
D0,DL/DL/10/I,SJO,6.0,,DL,DL,10,I,SJO,,64.52,20,31,67.74,5.00%,0.002763957987838585,21.0,31,Cascaded,2027,20.999999999999996,31
D0,DL/DL/10/I,SLC,6.0,,DL,DL,10,I,SLC,,70.59,168,238,74.12,5.00%,0.02321724709784411,176.4,238,Cascaded,2027,176.39999999999998,238
D0,DL/DL/10/I,STI,6.0,,DL,DL,10,I,STI,,56.63,47,83,59.46,5.00%,0.006495301271420674,49.35,83,Cascaded,2027,49.349999999999994,83
D0,DL/DL/10/I,SXM,6.0,,DL,DL,10,I,SXM,,59.09,13,22,62.05,5.00%,0.0017965726920950802,13.65,22,Cascaded,2027,13.649999999999999,22
D0,DL/DL/10/I,SYD,6.0,,DL,DL,10,I,SYD,,70.97,22,31,74.52,5.00%,0.0030403537866224434,23.1,31,Cascaded,2027,23.099999999999998,31
D0,DL/DL/10/I,TLV,6.0,,DL,DL,10,I,TLV,,53.33,16,30,56.0,5.00%,0.002211166390270868,16.8,30,Cascaded,2027,16.799999999999997,30
D0,DL/DL/10/I,TPA,6.0,,DL,DL,10,I,TPA,,61.11,11,18,64.17,5.00%,0.0015201768933112217,11.55,18,Cascaded,2027,11.549999999999999,18
D0,DL/DL/10/I,TPE,6.0,,DL,DL,10,I,TPE,,64.52,20,31,67.74,5.00%,0.002763957987838585,21.0,31,Cascaded,2027,20.999999999999996,31
D0,DL/DL/10/I,TQO,6.0,,DL,DL,10,I,TQO,,88.89,24,27,93.33,5.00%,0.003316749585406302,25.2,27,Cascaded,2027,25.199999999999996,27
D0,DL/DL/10/I,UIO,6.0,,DL,DL,10,I,UIO,,86.67,26,30,91.0,5.00%,0.0035931453841901604,27.3,30,Cascaded,2027,27.299999999999997,30
D0,DL/DL/10/I,UVF,6.0,,DL,DL,10,I,UVF,,80.65,25,31,84.68,5.00%,0.003454947484798231,26.25,31,Cascaded,2027,26.249999999999996,31
D0,DL/DL/10/I,VCE,6.0,,DL,DL,10,I,VCE,,62.26,33,53,65.38,5.00%,0.004560530679933665,34.65,53,Cascaded,2027,34.65,53
D0,DL/DL/10/I,YUL,6.0,,DL,DL,10,I,YUL,,81.18,69,85,85.24,5.00%,0.009535655058043118,72.45,85,Cascaded,2027,72.44999999999999,85
D0,DL/DL/10/I,YVR,6.0,,DL,DL,10,I,YVR,,91.23,52,57,95.79,5.00%,0.007186290768380321,54.6,57,Cascaded,2027,54.599999999999994,57
D0,DL/DL/10/I,YYC,6.0,,DL,DL,10,I,YYC,,77.42,48,62,81.29,5.00%,0.006633499170812604,50.4,62,Cascaded,2027,50.39999999999999,62
D0,DL/DL/10/I,YYZ,6.0,,DL,DL,10,I,YYZ,,67.9,110,162,71.3,5.00%,0.015201768933112217,115.5,162,Cascaded,2027,115.49999999999999,162
D0,DL/DL/10/I,ZRH,6.0,,DL,DL,10,I,ZRH,,57.14,24,42,60.0,5.00%,0.003316749585406302,25.2,42,Cascaded,2027,25.199999999999996,42
D0,DL/DL/11/D,ABQ,6.0,,DL,DL,11,D,ABQ,,74.67,56,75,78.4,5.00%,0.0009547678720611051,58.8,75,Cascaded,2027,58.800000000000004,75
D0,DL/DL/11/D,AGS,6.0,,DL,DL,11,D,AGS,,63.27,62,98,66.43,5.00%,0.0010570644297819378,65.1,98,Cascaded,2027,65.1,98
D0,DL/DL/11/D,ALB,6.0,,DL,DL,11,D,ALB,,76.79,86,112,80.62,5.00%,0.0014662506606652687,90.3,112,Cascaded,2027,90.3,112
D0,DL/DL/11/D,ANC,6.0,,DL,DL,11,D,ANC,,80.39,164,204,84.41,5.00%,0.0027961059110360935,172.2,204,Cascaded,2027,172.2,204
D0,DL/DL/11/D,ATL,6.0,,DL,DL,11,D,ATL,,69.9,13347,19095,73.39,5.00%,0.22755869264999232,14014.35,19095,Cascaded,2027,14014.35,19095
D0,DL/DL/11/D,ATW,6.0,,DL,DL,11,D,ATW,,71.7,38,53,75.28,5.00%,0.0006478781988986071,39.9,53,Cascaded,2027,39.9,53
D0,DL/DL/11/D,AUS,6.0,,DL,DL,11,D,AUS,,71.28,742,1041,74.84,5.00%,0.012650674304809643,779.1,1041,Cascaded,2027,779.1,1041
D0,DL/DL/11/D,AVL,6.0,,DL,DL,11,D,AVL,,68.33,123,180,71.75,5.00%,0.0020970794332770704,129.15,180,Cascaded,2027,129.15,180
D0,DL/DL/11/D,BDL,6.0,,DL,DL,11,D,BDL,,72.38,249,344,76.0,5.00%,0.0042453071454145565,261.45,344,Cascaded,2027,261.45,344
D0,DL/DL/11/D,BHM,6.0,,DL,DL,11,D,BHM,,81.18,207,255,85.24,5.00%,0.003529231241368728,217.35,255,Cascaded,2027,217.35,255
D0,DL/DL/11/D,BIL,6.0,,DL,DL,11,D,BIL,,95.0,57,60,99.75,5.00%,0.0009718172983479105,59.85,60,Cascaded,2027,59.85,60
D0,DL/DL/11/D,BIS,6.0,,DL,DL,11,D,BIS,,72.41,21,29,76.03,5.00%,0.00035803795202291446,22.05,29,Cascaded,2027,22.05,29
D0,DL/DL/11/D,BNA,6.0,,DL,DL,11,D,BNA,,74.44,565,759,78.16,5.00%,0.009632925852045079,593.25,759,Cascaded,2027,593.25,759
D0,DL/DL/11/D,BOI,6.0,,DL,DL,11,D,BOI,,73.4,138,188,77.07,5.00%,0.002352820827579152,144.9,188,Cascaded,2027,144.9,188
D0,DL/DL/11/D,BOS,6.0,,DL,DL,11,D,BOS,,67.04,1487,2218,70.39,5.00%,0.0253524968884797,1561.35,2218,Cascaded,2027,1561.3500000000001,2218
D0,DL/DL/11/D,BTR,6.0,,DL,DL,11,D,BTR,,72.16,70,97,75.77,5.00%,0.0011934598400763815,73.5,97,Cascaded,2027,73.5,97
D0,DL/DL/11/D,BTV,6.0,,DL,DL,11,D,BTV,,77.42,24,31,81.29,5.00%,0.00040918623088333076,25.2,31,Cascaded,2027,25.2,31
D0,DL/DL/11/D,BUF,6.0,,DL,DL,11,D,BUF,,67.54,77,114,70.92,5.00%,0.0013128058240840196,80.85,114,Cascaded,2027,80.85000000000001,114
D0,DL/DL/11/D,BUR,6.0,,DL,DL,11,D,BUR,,70.18,40,57,73.68,5.00%,0.0006819770514722179,42.0,57,Cascaded,2027,42.0,57
D0,DL/DL/11/D,BWI,6.0,,DL,DL,11,D,BWI,,77.8,333,428,81.69,5.00%,0.005677458953506215,349.65,428,Cascaded,2027,349.65000000000003,428
D0,DL/DL/11/D,BZN,6.0,,DL,DL,11,D,BZN,,81.94,118,144,86.04,5.00%,0.002011832301843043,123.9,144,Cascaded,2027,123.9,144
D0,DL/DL/11/D,CAE,6.0,,DL,DL,11,D,CAE,,74.26,101,136,77.98,5.00%,0.0017219920549673504,106.05,136,Cascaded,2027,106.05,136
D0,DL/DL/11/D,CHA,6.0,,DL,DL,11,D,CHA,,70.09,82,117,73.59,5.00%,0.0013980529555180467,86.1,117,Cascaded,2027,86.1,117
D0,DL/DL/11/D,CHO,6.0,,DL,DL,11,D,CHO,,78.95,45,57,82.89,5.00%,0.0007672241829062452,47.25,57,Cascaded,2027,47.25,57
D0,DL/DL/11/D,CHS,6.0,,DL,DL,11,D,CHS,,78.36,315,402,82.28,5.00%,0.0053705692803437165,330.75,402,Cascaded,2027,330.75,402
D0,DL/DL/11/D,CID,6.0,,DL,DL,11,D,CID,,72.41,21,29,76.03,5.00%,0.00035803795202291446,22.05,29,Cascaded,2027,22.05,29
D0,DL/DL/11/D,CLE,6.0,,DL,DL,11,D,CLE,,75.0,195,260,78.75,5.00%,0.0033246381259270626,204.75,260,Cascaded,2027,204.75,260
D0,DL/DL/11/D,CLT,6.0,,DL,DL,11,D,CLT,,76.48,335,438,80.31,5.00%,0.005711557806079825,351.75,438,Cascaded,2027,351.75,438
D0,DL/DL/11/D,CMH,6.0,,DL,DL,11,D,CMH,,80.15,218,272,84.15,5.00%,0.003716774930523588,228.9,272,Cascaded,2027,228.9,272
D0,DL/DL/11/D,COS,6.0,,DL,DL,11,D,COS,,82.0,41,50,86.1,5.00%,0.0006990264777590234,43.05,50,Cascaded,2027,43.05,50
D0,DL/DL/11/D,CVG,6.0,,DL,DL,11,D,CVG,,76.94,477,620,80.78,5.00%,0.008132576338806199,500.85,620,Cascaded,2027,500.85,620
D0,DL/DL/11/D,DAB,6.0,,DL,DL,11,D,DAB,,83.33,95,114,87.5,5.00%,0.0016196954972465176,99.75,114,Cascaded,2027,99.75,114
D0,DL/DL/11/D,DAL,6.0,,DL,DL,11,D,DAL,,63.58,96,151,66.75,5.00%,0.001636744923533323,100.8,151,Cascaded,2027,100.8,151
D0,DL/DL/11/D,DAY,6.0,,DL,DL,11,D,DAY,,86.15,112,130,90.46,5.00%,0.0019095357441222102,117.6,130,Cascaded,2027,117.60000000000001,130
D0,DL/DL/11/D,DCA,6.0,,DL,DL,11,D,DCA,,65.6,490,747,68.88,5.00%,0.00835421888053467,514.5,747,Cascaded,2027,514.5,747
D0,DL/DL/11/D,DEN,6.0,,DL,DL,11,D,DEN,,75.61,707,935,79.4,5.00%,0.012053944384771453,742.35,935,Cascaded,2027,742.35,935
D0,DL/DL/11/D,DFW,6.0,,DL,DL,11,D,DFW,,67.45,659,977,70.82,5.00%,0.01123557192300479,691.95,977,Cascaded,2027,691.95,977
D0,DL/DL/11/D,DJT,6.0,,DL,DL,11,D,DJT,,61.23,338,552,64.29,5.00%,0.005762706084940242,354.9,552,Cascaded,2027,354.90000000000003,552
D0,DL/DL/11/D,DSM,6.0,,DL,DL,11,D,DSM,,76.15,83,109,79.95,5.00%,0.0014151023818048522,87.15,109,Cascaded,2027,87.15,109
D0,DL/DL/11/D,DTW,6.0,,DL,DL,11,D,DTW,,68.33,3351,4904,71.75,5.00%,0.05713262748708506,3518.55,4904,Cascaded,2027,3518.55,4904
D0,DL/DL/11/D,ECP,6.0,,DL,DL,11,D,ECP,,77.96,145,186,81.85,5.00%,0.00247216681158679,152.25,186,Cascaded,2027,152.25,186
D0,DL/DL/11/D,ELP,6.0,,DL,DL,11,D,ELP,,76.67,46,60,80.5,5.00%,0.0007842736091930507,48.3,60,Cascaded,2027,48.300000000000004,60
D0,DL/DL/11/D,EWR,6.0,,DL,DL,11,D,EWR,,58.74,316,538,61.67,5.00%,0.005387618706630522,331.8,538,Cascaded,2027,331.8,538
D0,DL/DL/11/D,EYW,6.0,,DL,DL,11,D,EYW,,71.68,81,113,75.27,5.00%,0.0013810035292312413,85.05,113,Cascaded,2027,85.05,113
D0,DL/DL/11/D,FAI,6.0,,DL,DL,11,D,FAI,,83.33,25,30,87.5,5.00%,0.00042623565717013625,26.25,30,Cascaded,2027,26.25,30
D0,DL/DL/11/D,FAR,6.0,,DL,DL,11,D,FAR,,55.56,30,54,58.33,5.00%,0.0005114827886041635,31.5,54,Cascaded,2027,31.5,54
D0,DL/DL/11/D,FCA,6.0,,DL,DL,11,D,FCA,,81.03,47,58,85.09,5.00%,0.0008013230354798561,49.35,58,Cascaded,2027,49.35,58
D0,DL/DL/11/D,FLL,6.0,,DL,DL,11,D,FLL,,61.65,627,1017,64.73,5.00%,0.010689990281827016,658.35,1017,Cascaded,2027,658.35,1017
D0,DL/DL/11/D,FSD,6.0,,DL,DL,11,D,FSD,,76.27,45,59,80.08,5.00%,0.0007672241829062452,47.25,59,Cascaded,2027,47.25,59
D0,DL/DL/11/D,GEG,6.0,,DL,DL,11,D,GEG,,73.17,150,205,76.83,5.00%,0.0025574139430208174,157.5,205,Cascaded,2027,157.5,205
D0,DL/DL/11/D,GNV,6.0,,DL,DL,11,D,GNV,,80.62,104,129,84.65,5.00%,0.0017731403338277667,109.2,129,Cascaded,2027,109.2,129
D0,DL/DL/11/D,GPT,6.0,,DL,DL,11,D,GPT,,77.67,80,103,81.55,5.00%,0.0013639541029444359,84.0,103,Cascaded,2027,84.0,103
D0,DL/DL/11/D,GRB,6.0,,DL,DL,11,D,GRB,,78.33,47,60,82.25,5.00%,0.0008013230354798561,49.35,60,Cascaded,2027,49.35,60
D0,DL/DL/11/D,GRR,6.0,,DL,DL,11,D,GRR,,85.71,144,168,90.0,5.00%,0.0024551173852999848,151.2,168,Cascaded,2027,151.20000000000002,168
D0,DL/DL/11/D,GSO,6.0,,DL,DL,11,D,GSO,,82.14,184,224,86.25,5.00%,0.0031370944367722026,193.2,224,Cascaded,2027,193.20000000000002,224
D0,DL/DL/11/D,GSP,6.0,,DL,DL,11,D,GSP,,81.89,208,254,85.98,5.00%,0.0035462806676555335,218.4,254,Cascaded,2027,218.4,254
D0,DL/DL/11/D,HNL,6.0,,DL,DL,11,D,HNL,,79.79,229,287,83.78,5.00%,0.003904318619678448,240.45,287,Cascaded,2027,240.45000000000002,287
D0,DL/DL/11/D,HOU,6.0,,DL,DL,11,D,HOU,,71.3,82,115,74.87,5.00%,0.0013980529555180467,86.1,115,Cascaded,2027,86.1,115
D0,DL/DL/11/D,HPN,6.0,,DL,DL,11,D,HPN,,52.54,31,59,55.17,5.00%,0.0005285322148909689,32.55,59,Cascaded,2027,32.55,59
D0,DL/DL/11/D,HRL,6.0,,DL,DL,11,D,HRL,,70.83,17,24,74.38,5.00%,0.0002898402468756926,17.85,24,Cascaded,2027,17.85,24
D0,DL/DL/11/D,HSV,6.0,,DL,DL,11,D,HSV,,82.94,141,170,87.09,5.00%,0.0024039691064395683,148.05,170,Cascaded,2027,148.05,170
D0,DL/DL/11/D,IAD,6.0,,DL,DL,11,D,IAD,,71.91,169,235,75.51,5.00%,0.002881353042470121,177.45,235,Cascaded,2027,177.45000000000002,235
D0,DL/DL/11/D,IAH,6.0,,DL,DL,11,D,IAH,,62.41,415,665,65.53,5.00%,0.007075511909024262,435.75,665,Cascaded,2027,435.75,665
D0,DL/DL/11/D,ICT,6.0,,DL,DL,11,D,ICT,,65.88,56,85,69.18,5.00%,0.0009547678720611051,58.8,85,Cascaded,2027,58.800000000000004,85
D0,DL/DL/11/D,IDA,6.0,,DL,DL,11,D,IDA,,95.24,20,21,100.0,5.00%,0.00034098852573610897,21.0,21,Cascaded,2027,21.0,21
D0,DL/DL/11/D,ILM,6.0,,DL,DL,11,D,ILM,,62.04,67,108,65.14,5.00%,0.001142311561215965,70.35,108,Cascaded,2027,70.35,108
D0,DL/DL/11/D,IND,6.0,,DL,DL,11,D,IND,,82.22,296,360,86.33,5.00%,0.005046630180894413,310.8,360,Cascaded,2027,310.8,360
D0,DL/DL/11/D,JAC,6.0,,DL,DL,11,D,JAC,,88.33,53,60,92.75,5.00%,0.0009036195932006888,55.65,60,Cascaded,2027,55.65,60
D0,DL/DL/11/D,JAN,6.0,,DL,DL,11,D,JAN,,77.85,123,158,81.74,5.00%,0.0020970794332770704,129.15,158,Cascaded,2027,129.15,158
D0,DL/DL/11/D,JAX,6.0,,DL,DL,11,D,JAX,,68.94,293,425,72.39,5.00%,0.0049954819020339965,307.65,425,Cascaded,2027,307.65000000000003,425
D0,DL/DL/11/D,JFK,6.0,,DL,DL,11,D,JFK,,69.33,1750,2524,72.8,5.00%,0.029836496001909536,1837.5,2524,Cascaded,2027,1837.5,2524
D0,DL/DL/11/D,KOA,6.0,,DL,DL,11,D,KOA,,74.58,44,59,78.31,5.00%,0.0007501747566194398,46.2,59,Cascaded,2027,46.2,59
D0,DL/DL/11/D,LAS,6.0,,DL,DL,11,D,LAS,,68.67,846,1232,72.1,5.00%,0.01442381463863741,888.3,1232,Cascaded,2027,888.3000000000001,1232
D0,DL/DL/11/D,LAX,6.0,,DL,DL,11,D,LAX,,69.31,2046,2952,72.77,5.00%,0.034883126182803946,2148.3,2952,Cascaded,2027,2148.3,2952
D0,DL/DL/11/D,LEX,6.0,,DL,DL,11,D,LEX,,79.66,141,177,83.64,5.00%,0.0024039691064395683,148.05,177,Cascaded,2027,148.05,177
D0,DL/DL/11/D,LGA,6.0,,DL,DL,11,D,LGA,,62.56,1611,2575,65.69,5.00%,0.02746662574804358,1691.55,2575,Cascaded,2027,1691.55,2575
D0,DL/DL/11/D,LGB,6.0,,DL,DL,11,D,LGB,,63.33,19,30,66.5,5.00%,0.00032393909944930353,19.95,30,Cascaded,2027,19.95,30
D0,DL/DL/11/D,LIH,6.0,,DL,DL,11,D,LIH,,70.69,41,58,74.22,5.00%,0.0006990264777590234,43.05,58,Cascaded,2027,43.05,58
D0,DL/DL/11/D,LIT,6.0,,DL,DL,11,D,LIT,,73.63,134,182,77.31,5.00%,0.00228462312243193,140.7,182,Cascaded,2027,140.7,182
D0,DL/DL/11/D,MCI,6.0,,DL,DL,11,D,MCI,,74.53,512,687,78.25,5.00%,0.00872930625884439,537.6,687,Cascaded,2027,537.6,687
D0,DL/DL/11/D,MCO,6.0,,DL,DL,11,D,MCO,,71.28,1196,1678,74.84,5.00%,0.020391113839019318,1255.8,1678,Cascaded,2027,1255.8,1678
D0,DL/DL/11/D,MDT,6.0,,DL,DL,11,D,MDT,,71.95,59,82,75.55,5.00%,0.0010059161509215215,61.95,82,Cascaded,2027,61.95,82
D0,DL/DL/11/D,MDW,6.0,,DL,DL,11,D,MDW,,84.31,86,102,88.53,5.00%,0.0014662506606652687,90.3,102,Cascaded,2027,90.3,102
D0,DL/DL/11/D,MEM,6.0,,DL,DL,11,D,MEM,,78.74,263,334,82.68,5.00%,0.004483999113429833,276.15,334,Cascaded,2027,276.15,334
D0,DL/DL/11/D,MIA,6.0,,DL,DL,11,D,MIA,,58.46,539,922,61.38,5.00%,0.009189640768588136,565.95,922,Cascaded,2027,565.95,922
D0,DL/DL/11/D,MKE,6.0,,DL,DL,11,D,MKE,,79.5,221,278,83.47,5.00%,0.0037679232093840043,232.05,278,Cascaded,2027,232.05,278
D0,DL/DL/11/D,MLB,6.0,,DL,DL,11,D,MLB,,78.57,88,112,82.5,5.00%,0.0015003495132388796,92.4,112,Cascaded,2027,92.4,112
D0,DL/DL/11/D,MOB,6.0,,DL,DL,11,D,MOB,,65.0,26,40,68.25,5.00%,0.0004432850834569417,27.3,40,Cascaded,2027,27.3,40
D0,DL/DL/11/D,MSN,6.0,,DL,DL,11,D,MSN,,81.44,136,167,85.51,5.00%,0.002318721975005541,142.8,167,Cascaded,2027,142.8,167
D0,DL/DL/11/D,MSO,6.0,,DL,DL,11,D,MSO,,91.67,55,60,96.25,5.00%,0.0009377184457742997,57.75,60,Cascaded,2027,57.75,60
D0,DL/DL/11/D,MSP,6.0,,DL,DL,11,D,MSP,,71.8,3680,5125,75.4,5.00%,0.06274188873544405,3864.0,5125,Cascaded,2027,3864.0,5125
D0,DL/DL/11/D,MSY,6.0,,DL,DL,11,D,MSY,,71.06,442,622,74.61,5.00%,0.007535846418768009,464.1,622,Cascaded,2027,464.1,622
D0,DL/DL/11/D,MYR,6.0,,DL,DL,11,D,MYR,,84.43,141,167,88.65,5.00%,0.0024039691064395683,148.05,167,Cascaded,2027,148.05,167
D0,DL/DL/11/D,OGG,6.0,,DL,DL,11,D,OGG,,85.19,92,108,89.44,5.00%,0.0015685472183861013,96.6,108,Cascaded,2027,96.60000000000001,108
D0,DL/DL/11/D,OKC,6.0,,DL,DL,11,D,OKC,,82.71,110,133,86.84,5.00%,0.0018754368915485993,115.5,133,Cascaded,2027,115.5,133
D0,DL/DL/11/D,OMA,6.0,,DL,DL,11,D,OMA,,76.87,103,134,80.71,5.00%,0.0017560909075409613,108.15,134,Cascaded,2027,108.15,134
D0,DL/DL/11/D,ONT,6.0,,DL,DL,11,D,ONT,,81.43,114,140,85.5,5.00%,0.001943634596695821,119.7,140,Cascaded,2027,119.7,140
D0,DL/DL/11/D,ORD,6.0,,DL,DL,11,D,ORD,,56.61,527,931,59.44,5.00%,0.008985047653146472,553.35,931,Cascaded,2027,553.35,931
D0,DL/DL/11/D,ORF,6.0,,DL,DL,11,D,ORF,,70.77,184,260,74.31,5.00%,0.0031370944367722026,193.2,260,Cascaded,2027,193.20000000000002,260
D0,DL/DL/11/D,PDX,6.0,,DL,DL,11,D,PDX,,72.32,418,578,75.93,5.00%,0.007126660187884677,438.9,578,Cascaded,2027,438.90000000000003,578
D0,DL/DL/11/D,PHL,6.0,,DL,DL,11,D,PHL,,71.9,371,516,75.49,5.00%,0.006325337152404822,389.55,516,Cascaded,2027,389.55,516
D0,DL/DL/11/D,PHX,6.0,,DL,DL,11,D,PHX,,70.3,632,899,73.82,5.00%,0.010775237413261043,663.6,899,Cascaded,2027,663.6,899
D0,DL/DL/11/D,PIT,6.0,,DL,DL,11,D,PIT,,73.25,167,228,76.91,5.00%,0.00284725418989651,175.35,228,Cascaded,2027,175.35,228
D0,DL/DL/11/D,PNS,6.0,,DL,DL,11,D,PNS,,84.09,185,220,88.3,5.00%,0.0031541438630590083,194.25,220,Cascaded,2027,194.25,220
D0,DL/DL/11/D,PSC,6.0,,DL,DL,11,D,PSC,,78.33,47,60,82.25,5.00%,0.0008013230354798561,49.35,60,Cascaded,2027,49.35,60
D0,DL/DL/11/D,PSP,6.0,,DL,DL,11,D,PSP,,73.17,60,82,76.83,5.00%,0.001022965577208327,63.0,82,Cascaded,2027,63.0,82
D0,DL/DL/11/D,PVD,6.0,,DL,DL,11,D,PVD,,70.37,76,108,73.89,5.00%,0.0012957563977972141,79.8,108,Cascaded,2027,79.8,108
D0,DL/DL/11/D,PWM,6.0,,DL,DL,11,D,PWM,,69.89,65,93,73.39,5.00%,0.0011082127086423541,68.25,93,Cascaded,2027,68.25,93
D0,DL/DL/11/D,RDU,6.0,,DL,DL,11,D,RDU,,76.42,781,1022,80.24,5.00%,0.013315601929995056,820.05,1022,Cascaded,2027,820.0500000000001,1022
D0,DL/DL/11/D,RIC,6.0,,DL,DL,11,D,RIC,,76.21,173,227,80.02,5.00%,0.0029495507476173426,181.65,227,Cascaded,2027,181.65,227
D0,DL/DL/11/D,RNO,6.0,,DL,DL,11,D,RNO,,83.95,68,81,88.15,5.00%,0.0011593609875027704,71.4,81,Cascaded,2027,71.4,81
D0,DL/DL/11/D,ROA,6.0,,DL,DL,11,D,ROA,,89.66,26,29,94.14,5.00%,0.0004432850834569417,27.3,29,Cascaded,2027,27.3,29
D0,DL/DL/11/D,ROC,6.0,,DL,DL,11,D,ROC,,35.8,29,81,37.59,5.00%,0.000494433362317358,30.45,81,Cascaded,2027,30.45,81
D0,DL/DL/11/D,RSW,6.0,,DL,DL,11,D,RSW,,78.09,442,566,82.0,5.00%,0.007535846418768009,464.1,566,Cascaded,2027,464.1,566
D0,DL/DL/11/D,SAN,6.0,,DL,DL,11,D,SAN,,72.43,570,787,76.05,5.00%,0.009718172983479106,598.5,787,Cascaded,2027,598.5,787
D0,DL/DL/11/D,SAT,6.0,,DL,DL,11,D,SAT,,78.52,435,554,82.45,5.00%,0.00741650043476037,456.75,554,Cascaded,2027,456.75,554
D0,DL/DL/11/D,SAV,6.0,,DL,DL,11,D,SAV,,72.01,211,293,75.61,5.00%,0.0035974289465159496,221.55,293,Cascaded,2027,221.55,293
D0,DL/DL/11/D,SBA,6.0,,DL,DL,11,D,SBA,,80.77,42,52,84.81,5.00%,0.0007160759040458289,44.1,52,Cascaded,2027,44.1,52
D0,DL/DL/11/D,SDF,6.0,,DL,DL,11,D,SDF,,76.56,160,209,80.38,5.00%,0.0027279082058888717,168.0,209,Cascaded,2027,168.0,209
D0,DL/DL/11/D,SEA,6.0,,DL,DL,11,D,SEA,,66.83,1731,2590,70.18,5.00%,0.029512556902460234,1817.55,2590,Cascaded,2027,1817.55,2590
D0,DL/DL/11/D,SFO,6.0,,DL,DL,11,D,SFO,,63.97,719,1124,67.17,5.00%,0.012258537500213117,754.95,1124,Cascaded,2027,754.95,1124
D0,DL/DL/11/D,SGF,6.0,,DL,DL,11,D,SGF,,85.29,29,34,89.56,5.00%,0.000494433362317358,30.45,34,Cascaded,2027,30.45,34
D0,DL/DL/11/D,SJC,6.0,,DL,DL,11,D,SJC,,74.57,129,173,78.29,5.00%,0.002199375990997903,135.45,173,Cascaded,2027,135.45000000000002,173
D0,DL/DL/11/D,SJU,6.0,,DL,DL,11,D,SJU,,75.0,198,264,78.75,5.00%,0.0033757864047874787,207.9,264,Cascaded,2027,207.9,264
D0,DL/DL/11/D,SLC,6.0,,DL,DL,11,D,SLC,,72.92,3104,4257,76.56,5.00%,0.05292141919424411,3259.2,4257,Cascaded,2027,3259.2000000000003,4257
D0,DL/DL/11/D,SMF,6.0,,DL,DL,11,D,SMF,,82.71,220,266,86.84,5.00%,0.0037508737830971987,231.0,266,Cascaded,2027,231.0,266
D0,DL/DL/11/D,SNA,6.0,,DL,DL,11,D,SNA,,69.11,264,382,72.57,5.00%,0.004501048539716638,277.2,382,Cascaded,2027,277.2,382
D0,DL/DL/11/D,SRQ,6.0,,DL,DL,11,D,SRQ,,74.27,179,241,77.99,5.00%,0.003051847305338175,187.95,241,Cascaded,2027,187.95000000000002,241
D0,DL/DL/11/D,STL,6.0,,DL,DL,11,D,STL,,79.45,348,438,83.42,5.00%,0.0059332003478082965,365.4,438,Cascaded,2027,365.40000000000003,438
D0,DL/DL/11/D,STT,6.0,,DL,DL,11,D,STT,,65.79,25,38,69.08,5.00%,0.00042623565717013625,26.25,38,Cascaded,2027,26.25,38
D0,DL/DL/11/D,STX,6.0,,DL,DL,11,D,STX,,25.0,1,4,26.25,5.00%,1.704942628680545e-05,1.05,4,Cascaded,2027,1.05,4
D0,DL/DL/11/D,SYR,6.0,,DL,DL,11,D,SYR,,81.98,91,111,86.08,5.00%,0.0015514977920992959,95.55,111,Cascaded,2027,95.55,111
D0,DL/DL/11/D,TLH,6.0,,DL,DL,11,D,TLH,,79.43,112,141,83.4,5.00%,0.0019095357441222102,117.6,141,Cascaded,2027,117.60000000000001,141
D0,DL/DL/11/D,TPA,6.0,,DL,DL,11,D,TPA,,70.72,773,1093,74.26,5.00%,0.013179206519700611,811.65,1093,Cascaded,2027,811.65,1093
D0,DL/DL/11/D,TRI,6.0,,DL,DL,11,D,TRI,,75.0,45,60,78.75,5.00%,0.0007672241829062452,47.25,60,Cascaded,2027,47.25,60
D0,DL/DL/11/D,TUL,6.0,,DL,DL,11,D,TUL,,79.84,103,129,83.84,5.00%,0.0017560909075409613,108.15,129,Cascaded,2027,108.15,129
D0,DL/DL/11/D,TUS,6.0,,DL,DL,11,D,TUS,,83.12,64,77,87.27,5.00%,0.0010911632823555487,67.2,77,Cascaded,2027,67.2,77
D0,DL/DL/11/D,TVC,6.0,,DL,DL,11,D,TVC,,63.33,19,30,66.5,5.00%,0.00032393909944930353,19.95,30,Cascaded,2027,19.95,30
D0,DL/DL/11/D,TYS,6.0,,DL,DL,11,D,TYS,,77.4,113,146,81.27,5.00%,0.0019265851704090156,118.65,146,Cascaded,2027,118.65,146
D0,DL/DL/11/D,VPS,6.0,,DL,DL,11,D,VPS,,83.58,168,201,87.76,5.00%,0.0028643036161833156,176.4,201,Cascaded,2027,176.4,201
D0,DL/DL/11/D,XNA,6.0,,DL,DL,11,D,XNA,,78.26,18,23,82.17,5.00%,0.0003068896731624981,18.9,23,Cascaded,2027,18.900000000000002,23
D0,DL/DL/11/I,ACC,6.0,,DL,DL,11,I,ACC,,60.0,18,30,63.0,5.00%,0.002778635381290522,18.9,30,Cascaded,2027,18.900000000000002,30
D0,DL/DL/11/I,AKL,6.0,,DL,DL,11,I,AKL,,80.0,24,30,84.0,5.00%,0.003704847175054029,25.2,30,Cascaded,2027,25.200000000000003,30
D0,DL/DL/11/I,AMS,6.0,,DL,DL,11,I,AMS,,40.57,157,387,42.6,5.00%,0.024235875270145108,164.85,387,Cascaded,2027,164.85000000000002,387
D0,DL/DL/11/I,ANU,6.0,,DL,DL,11,I,ANU,,25.0,1,4,26.25,5.00%,0.00015436863229391788,1.05,4,Cascaded,2027,1.05,4
D0,DL/DL/11/I,ATH,6.0,,DL,DL,11,I,ATH,,60.71,17,28,63.75,5.00%,0.002624266748996604,17.85,28,Cascaded,2027,17.85,28
D0,DL/DL/11/I,ATL,6.0,,DL,DL,11,I,ATL,,65.19,1425,2186,68.45,5.00%,0.21997530101883297,1496.25,2186,Cascaded,2027,1496.25,2186
D0,DL/DL/11/I,AUA,6.0,,DL,DL,11,I,AUA,,75.81,47,62,79.6,5.00%,0.0072553257178141406,49.35,62,Cascaded,2027,49.35,62
D0,DL/DL/11/I,BCN,6.0,,DL,DL,11,I,BCN,,56.9,33,58,59.74,5.00%,0.00509416486569929,34.65,58,Cascaded,2027,34.650000000000006,58
D0,DL/DL/11/I,BDA,6.0,,DL,DL,11,I,BDA,,60.0,18,30,63.0,5.00%,0.002778635381290522,18.9,30,Cascaded,2027,18.900000000000002,30
D0,DL/DL/11/I,BER,6.0,,DL,DL,11,I,BER,,50.0,1,2,52.5,5.00%,0.00015436863229391788,1.05,2,Cascaded,2027,1.05,2
D0,DL/DL/11/I,BGI,6.0,,DL,DL,11,I,BGI,,61.54,8,13,64.62,5.00%,0.001234949058351343,8.4,13,Cascaded,2027,8.4,13
D0,DL/DL/11/I,BNE,6.0,,DL,DL,11,I,BNE,,46.15,6,13,48.46,5.00%,0.0009262117937635072,6.3,13,Cascaded,2027,6.300000000000001,13
D0,DL/DL/11/I,BOG,6.0,,DL,DL,11,I,BOG,,63.33,38,60,66.5,5.00%,0.005866008027168879,39.9,60,Cascaded,2027,39.900000000000006,60
D0,DL/DL/11/I,BON,6.0,,DL,DL,11,I,BON,,20.0,1,5,21.0,5.00%,0.00015436863229391788,1.05,5,Cascaded,2027,1.05,5
D0,DL/DL/11/I,BOS,6.0,,DL,DL,11,I,BOS,,73.3,129,176,76.96,5.00%,0.019913553565915405,135.45,176,Cascaded,2027,135.45000000000002,176
D0,DL/DL/11/I,BRU,6.0,,DL,DL,11,I,BRU,,52.94,9,17,55.59,5.00%,0.001389317690645261,9.45,17,Cascaded,2027,9.450000000000001,17
D0,DL/DL/11/I,BZE,6.0,,DL,DL,11,I,BZE,,79.31,23,29,83.28,5.00%,0.0035504785427601113,24.15,29,Cascaded,2027,24.150000000000002,29
D0,DL/DL/11/I,CDG,6.0,,DL,DL,11,I,CDG,,40.21,113,281,42.22,5.00%,0.01744365544921272,118.65,281,Cascaded,2027,118.65,281
D0,DL/DL/11/I,CPT,6.0,,DL,DL,11,I,CPT,,61.9,13,21,65.0,5.00%,0.0020067922198209326,13.65,21,Cascaded,2027,13.65,21
D0,DL/DL/11/I,CTG,6.0,,DL,DL,11,I,CTG,,66.67,8,12,70.0,5.00%,0.001234949058351343,8.4,12,Cascaded,2027,8.4,12
D0,DL/DL/11/I,CUN,6.0,,DL,DL,11,I,CUN,,62.04,255,411,65.15,5.00%,0.039364001234949056,267.75,411,Cascaded,2027,267.75,411
D0,DL/DL/11/I,CUR,6.0,,DL,DL,11,I,CUR,,84.62,11,13,88.85,5.00%,0.0016980549552330967,11.55,13,Cascaded,2027,11.55,13
D0,DL/DL/11/I,CVG,6.0,,DL,DL,11,I,CVG,,76.92,10,13,80.77,5.00%,0.0015436863229391787,10.5,13,Cascaded,2027,10.5,13
D0,DL/DL/11/I,DSS,6.0,,DL,DL,11,I,DSS,,94.12,16,17,98.82,5.00%,0.002469898116702686,16.8,17,Cascaded,2027,16.8,17
D0,DL/DL/11/I,DTW,6.0,,DL,DL,11,I,DTW,,66.38,231,348,69.7,5.00%,0.03565915405989503,242.55,348,Cascaded,2027,242.55,348
D0,DL/DL/11/I,DUB,6.0,,DL,DL,11,I,DUB,,54.17,39,72,56.88,5.00%,0.006020376659462797,40.95,72,Cascaded,2027,40.95,72
D0,DL/DL/11/I,EDI,6.0,,DL,DL,11,I,EDI,,50.0,8,16,52.5,5.00%,0.001234949058351343,8.4,16,Cascaded,2027,8.4,16
D0,DL/DL/11/I,EZE,6.0,,DL,DL,11,I,EZE,,50.77,33,65,53.31,5.00%,0.00509416486569929,34.65,65,Cascaded,2027,34.650000000000006,65
D0,DL/DL/11/I,FCO,6.0,,DL,DL,11,I,FCO,,80.29,110,137,84.31,5.00%,0.016980549552330967,115.5,137,Cascaded,2027,115.50000000000001,137
D0,DL/DL/11/I,FRA,6.0,,DL,DL,11,I,FRA,,73.21,41,56,76.88,5.00%,0.006329113924050633,43.05,56,Cascaded,2027,43.050000000000004,56
D0,DL/DL/11/I,GCM,6.0,,DL,DL,11,I,GCM,,85.71,24,28,90.0,5.00%,0.003704847175054029,25.2,28,Cascaded,2027,25.200000000000003,28
D0,DL/DL/11/I,GDL,6.0,,DL,DL,11,I,GDL,,83.33,25,30,87.5,5.00%,0.003859215807347947,26.25,30,Cascaded,2027,26.250000000000004,30
D0,DL/DL/11/I,GIG,6.0,,DL,DL,11,I,GIG,,53.85,7,13,56.54,5.00%,0.001080580426057425,7.35,13,Cascaded,2027,7.3500000000000005,13
D0,DL/DL/11/I,GRU,6.0,,DL,DL,11,I,GRU,,74.44,67,90,78.17,5.00%,0.010342698363692497,70.35,90,Cascaded,2027,70.35000000000001,90
D0,DL/DL/11/I,GUA,6.0,,DL,DL,11,I,GUA,,70.0,21,30,73.5,5.00%,0.0032417412781722754,22.05,30,Cascaded,2027,22.05,30
D0,DL/DL/11/I,HAV,6.0,,DL,DL,11,I,HAV,,92.16,47,51,96.76,5.00%,0.0072553257178141406,49.35,51,Cascaded,2027,49.35,51
D0,DL/DL/11/I,HND,6.0,,DL,DL,11,I,HND,,59.55,106,178,62.53,5.00%,0.016363075023155295,111.3,178,Cascaded,2027,111.30000000000001,178
D0,DL/DL/11/I,HNL,6.0,,DL,DL,11,I,HNL,,93.33,28,30,98.0,5.00%,0.0043223217042297,29.4,30,Cascaded,2027,29.400000000000002,30
D0,DL/DL/11/I,ICN,6.0,,DL,DL,11,I,ICN,,79.01,128,162,82.96,5.00%,0.019759184933621488,134.4,162,Cascaded,2027,134.4,162
D0,DL/DL/11/I,JFK,6.0,,DL,DL,11,I,JFK,,61.37,618,1007,64.44,5.00%,0.09539981475764124,648.9,1007,Cascaded,2027,648.9000000000001,1007
D0,DL/DL/11/I,JNB,6.0,,DL,DL,11,I,JNB,,77.27,17,22,81.14,5.00%,0.002624266748996604,17.85,22,Cascaded,2027,17.85,22
D0,DL/DL/11/I,KIN,6.0,,DL,DL,11,I,KIN,,83.33,25,30,87.5,5.00%,0.003859215807347947,26.25,30,Cascaded,2027,26.250000000000004,30
D0,DL/DL/11/I,LAX,6.0,,DL,DL,11,I,LAX,,61.61,138,224,64.69,5.00%,0.021302871256560666,144.9,224,Cascaded,2027,144.9,224
D0,DL/DL/11/I,LGA,6.0,,DL,DL,11,I,LGA,,40.0,2,5,42.0,5.00%,0.00030873726458783575,2.1,5,Cascaded,2027,2.1,5
D0,DL/DL/11/I,LHR,6.0,,DL,DL,11,I,LHR,,77.66,226,291,81.55,5.00%,0.03488731089842544,237.3,291,Cascaded,2027,237.3,291
D0,DL/DL/11/I,LIM,6.0,,DL,DL,11,I,LIM,,86.67,26,30,91.0,5.00%,0.004013584439641865,27.3,30,Cascaded,2027,27.3,30
D0,DL/DL/11/I,LIR,6.0,,DL,DL,11,I,LIR,,93.33,28,30,98.0,5.00%,0.0043223217042297,29.4,30,Cascaded,2027,29.400000000000002,30
D0,DL/DL/11/I,LIS,6.0,,DL,DL,11,I,LIS,,40.0,24,60,42.0,5.00%,0.003704847175054029,25.2,60,Cascaded,2027,25.200000000000003,60
D0,DL/DL/11/I,LOS,6.0,,DL,DL,11,I,LOS,,27.59,8,29,28.97,5.00%,0.001234949058351343,8.4,29,Cascaded,2027,8.4,29
D0,DL/DL/11/I,MAD,6.0,,DL,DL,11,I,MAD,,63.16,36,57,66.32,5.00%,0.005557270762581044,37.8,57,Cascaded,2027,37.800000000000004,57
D0,DL/DL/11/I,MBJ,6.0,,DL,DL,11,I,MBJ,,70.59,48,68,74.12,5.00%,0.007409694350108058,50.4,68,Cascaded,2027,50.400000000000006,68
D0,DL/DL/11/I,MCO,6.0,,DL,DL,11,I,MCO,,70.0,21,30,73.5,5.00%,0.0032417412781722754,22.05,30,Cascaded,2027,22.05,30
D0,DL/DL/11/I,MEX,6.0,,DL,DL,11,I,MEX,,66.25,159,240,69.56,5.00%,0.024544612534732942,166.95,240,Cascaded,2027,166.95000000000002,240
D0,DL/DL/11/I,MIA,6.0,,DL,DL,11,I,MIA,,72.55,37,51,76.18,5.00%,0.005711639394874961,38.85,51,Cascaded,2027,38.85,51
D0,DL/DL/11/I,MSP,6.0,,DL,DL,11,I,MSP,,75.07,283,377,78.82,5.00%,0.04368632293917876,297.15,377,Cascaded,2027,297.15000000000003,377
D0,DL/DL/11/I,MTY,6.0,,DL,DL,11,I,MTY,,90.0,27,30,94.5,5.00%,0.004167953071935782,28.35,30,Cascaded,2027,28.35,30
D0,DL/DL/11/I,MUC,6.0,,DL,DL,11,I,MUC,,57.14,16,28,60.0,5.00%,0.002469898116702686,16.8,28,Cascaded,2027,16.8,28
D0,DL/DL/11/I,MXP,6.0,,DL,DL,11,I,MXP,,63.04,29,46,66.2,5.00%,0.004476690336523618,30.45,46,Cascaded,2027,30.450000000000003,46
D0,DL/DL/11/I,NAS,6.0,,DL,DL,11,I,NAS,,78.81,93,118,82.75,5.00%,0.014356282803334362,97.65,118,Cascaded,2027,97.65,118
D0,DL/DL/11/I,PLS,6.0,,DL,DL,11,I,PLS,,94.59,35,37,99.32,5.00%,0.005402902130287126,36.75,37,Cascaded,2027,36.75,37
D0,DL/DL/11/I,POP,6.0,,DL,DL,11,I,POP,,88.89,16,18,93.33,5.00%,0.002469898116702686,16.8,18,Cascaded,2027,16.8,18
D0,DL/DL/11/I,PTY,6.0,,DL,DL,11,I,PTY,,82.86,29,35,87.0,5.00%,0.004476690336523618,30.45,35,Cascaded,2027,30.450000000000003,35
D0,DL/DL/11/I,PUJ,6.0,,DL,DL,11,I,PUJ,,75.2,94,125,78.96,5.00%,0.014510651435628281,98.7,125,Cascaded,2027,98.7,125
D0,DL/DL/11/I,PVG,6.0,,DL,DL,11,I,PVG,,72.22,52,72,75.83,5.00%,0.00802716887928373,54.6,72,Cascaded,2027,54.6,72
D0,DL/DL/11/I,PVR,6.0,,DL,DL,11,I,PVR,,69.57,80,115,73.04,5.00%,0.01234949058351343,84.0,115,Cascaded,2027,84.0,115
D0,DL/DL/11/I,RAK,6.0,,DL,DL,11,I,RAK,,69.23,9,13,72.69,5.00%,0.001389317690645261,9.45,13,Cascaded,2027,9.450000000000001,13
D0,DL/DL/11/I,RTB,6.0,,DL,DL,11,I,RTB,,60.0,3,5,63.0,5.00%,0.0004631058968817536,3.15,5,Cascaded,2027,3.1500000000000004,5
D0,DL/DL/11/I,SAL,6.0,,DL,DL,11,I,SAL,,73.33,22,30,77.0,5.00%,0.0033961099104661933,23.1,30,Cascaded,2027,23.1,30
D0,DL/DL/11/I,SAP,6.0,,DL,DL,11,I,SAP,,33.33,10,30,35.0,5.00%,0.0015436863229391787,10.5,30,Cascaded,2027,10.5,30
D0,DL/DL/11/I,SCL,6.0,,DL,DL,11,I,SCL,,83.33,25,30,87.5,5.00%,0.003859215807347947,26.25,30,Cascaded,2027,26.250000000000004,30
D0,DL/DL/11/I,SDQ,6.0,,DL,DL,11,I,SDQ,,54.7,64,117,57.44,5.00%,0.009879592466810744,67.2,117,Cascaded,2027,67.2,117
D0,DL/DL/11/I,SEA,6.0,,DL,DL,11,I,SEA,,65.22,180,276,68.48,5.00%,0.02778635381290522,189.0,276,Cascaded,2027,189.00000000000003,276
D0,DL/DL/11/I,SJD,6.0,,DL,DL,11,I,SJD,,70.63,89,126,74.17,5.00%,0.01373880827415869,93.45,126,Cascaded,2027,93.45,126
D0,DL/DL/11/I,SJO,6.0,,DL,DL,11,I,SJO,,77.55,38,49,81.43,5.00%,0.005866008027168879,39.9,49,Cascaded,2027,39.900000000000006,49
D0,DL/DL/11/I,SLC,6.0,,DL,DL,11,I,SLC,,70.42,150,213,73.94,5.00%,0.02315529484408768,157.5,213,Cascaded,2027,157.5,213
D0,DL/DL/11/I,STI,6.0,,DL,DL,11,I,STI,,62.07,54,87,65.17,5.00%,0.008335906143871565,56.7,87,Cascaded,2027,56.7,87
D0,DL/DL/11/I,SXM,6.0,,DL,DL,11,I,SXM,,60.61,20,33,63.64,5.00%,0.0030873726458783574,21.0,33,Cascaded,2027,21.0,33
D0,DL/DL/11/I,SYD,6.0,,DL,DL,11,I,SYD,,53.33,16,30,56.0,5.00%,0.002469898116702686,16.8,30,Cascaded,2027,16.8,30
D0,DL/DL/11/I,TLV,6.0,,DL,DL,11,I,TLV,,46.67,14,30,49.0,5.00%,0.00216116085211485,14.7,30,Cascaded,2027,14.700000000000001,30
D0,DL/DL/11/I,TPA,6.0,,DL,DL,11,I,TPA,,52.94,9,17,55.59,5.00%,0.001389317690645261,9.45,17,Cascaded,2027,9.450000000000001,17
D0,DL/DL/11/I,TPE,6.0,,DL,DL,11,I,TPE,,80.0,24,30,84.0,5.00%,0.003704847175054029,25.2,30,Cascaded,2027,25.200000000000003,30
D0,DL/DL/11/I,TQO,6.0,,DL,DL,11,I,TQO,,65.52,19,29,68.79,5.00%,0.0029330040135844395,19.95,29,Cascaded,2027,19.950000000000003,29
D0,DL/DL/11/I,UIO,6.0,,DL,DL,11,I,UIO,,66.67,20,30,70.0,5.00%,0.0030873726458783574,21.0,30,Cascaded,2027,21.0,30
D0,DL/DL/11/I,UVF,6.0,,DL,DL,11,I,UVF,,93.33,28,30,98.0,5.00%,0.0043223217042297,29.4,30,Cascaded,2027,29.400000000000002,30
D0,DL/DL/11/I,VCE,6.0,,DL,DL,11,I,VCE,,46.15,6,13,48.46,5.00%,0.0009262117937635072,6.3,13,Cascaded,2027,6.300000000000001,13
D0,DL/DL/11/I,YUL,6.0,,DL,DL,11,I,YUL,,80.0,60,75,84.0,5.00%,0.009262117937635072,63.0,75,Cascaded,2027,63.00000000000001,75
D0,DL/DL/11/I,YVR,6.0,,DL,DL,11,I,YVR,,82.76,24,29,86.9,5.00%,0.003704847175054029,25.2,29,Cascaded,2027,25.200000000000003,29
D0,DL/DL/11/I,YYC,6.0,,DL,DL,11,I,YYC,,79.66,47,59,83.64,5.00%,0.0072553257178141406,49.35,59,Cascaded,2027,49.35,59
D0,DL/DL/11/I,YYZ,6.0,,DL,DL,11,I,YYZ,,56.76,63,111,59.59,5.00%,0.009725223834516827,66.15,111,Cascaded,2027,66.15,111
D0,DL/DL/11/I,ZRH,6.0,,DL,DL,11,I,ZRH,,72.41,21,29,76.03,5.00%,0.0032417412781722754,22.05,29,Cascaded,2027,22.05,29
D0,DL/DL/12/D,ABQ,6.0,,DL,DL,12,D,ABQ,,68.97,60,87,72.41,5.00%,0.0012651021569991777,63.0,87,Cascaded,2027,63.0,87
D0,DL/DL/12/D,AGS,6.0,,DL,DL,12,D,AGS,,67.42,60,89,70.79,5.00%,0.0012651021569991777,63.0,89,Cascaded,2027,63.0,89
D0,DL/DL/12/D,ALB,6.0,,DL,DL,12,D,ALB,,56.52,65,115,59.35,5.00%,0.0013705273367491091,68.25,115,Cascaded,2027,68.25,115
D0,DL/DL/12/D,ANC,6.0,,DL,DL,12,D,ANC,,57.45,108,188,60.32,5.00%,0.0022771838825985198,113.4,188,Cascaded,2027,113.39999999999999,188
D0,DL/DL/12/D,ATL,6.0,,DL,DL,12,D,ATL,,56.76,10729,18902,59.6,5.00%,0.22622135070740296,11265.45,18902,Cascaded,2027,11265.449999999999,18902
D0,DL/DL/12/D,ATW,6.0,,DL,DL,12,D,ATW,,52.17,24,46,54.78,5.00%,0.000506040862799671,25.2,46,Cascaded,2027,25.2,46
D0,DL/DL/12/D,AUS,6.0,,DL,DL,12,D,AUS,,64.87,687,1059,68.12,5.00%,0.014485419697640585,721.35,1059,Cascaded,2027,721.35,1059
D0,DL/DL/12/D,AVL,6.0,,DL,DL,12,D,AVL,,73.95,88,119,77.65,5.00%,0.001855483163598794,92.4,119,Cascaded,2027,92.39999999999999,119
D0,DL/DL/12/D,BDL,6.0,,DL,DL,12,D,BDL,,51.06,168,329,53.62,5.00%,0.0035422860395976975,176.4,329,Cascaded,2027,176.4,329
D0,DL/DL/12/D,BHM,6.0,,DL,DL,12,D,BHM,,70.3,187,266,73.82,5.00%,0.003942901722647437,196.35,266,Cascaded,2027,196.35,266
D0,DL/DL/12/D,BIL,6.0,,DL,DL,12,D,BIL,,88.52,54,61,92.95,5.00%,0.0011385919412992599,56.7,61,Cascaded,2027,56.699999999999996,61
D0,DL/DL/12/D,BIS,6.0,,DL,DL,12,D,BIS,,41.94,13,31,44.03,5.00%,0.00027410546734982184,13.65,31,Cascaded,2027,13.65,31
D0,DL/DL/12/D,BNA,6.0,,DL,DL,12,D,BNA,,65.26,481,737,68.53,5.00%,0.010141902291943408,505.05,737,Cascaded,2027,505.05,737
D0,DL/DL/12/D,BOI,6.0,,DL,DL,12,D,BOI,,54.14,98,181,56.85,5.00%,0.002066333523098657,102.9,181,Cascaded,2027,102.89999999999999,181
D0,DL/DL/12/D,BOS,6.0,,DL,DL,12,D,BOS,,53.21,1161,2182,55.87,5.00%,0.02447972673793409,1219.05,2182,Cascaded,2027,1219.05,2182
D0,DL/DL/12/D,BTR,6.0,,DL,DL,12,D,BTR,,63.73,65,102,66.91,5.00%,0.0013705273367491091,68.25,102,Cascaded,2027,68.25,102
D0,DL/DL/12/D,BTV,6.0,,DL,DL,12,D,BTV,,50.0,15,30,52.5,5.00%,0.0003162755392497944,15.75,30,Cascaded,2027,15.75,30
D0,DL/DL/12/D,BUF,6.0,,DL,DL,12,D,BUF,,46.55,54,116,48.88,5.00%,0.0011385919412992599,56.7,116,Cascaded,2027,56.699999999999996,116
D0,DL/DL/12/D,BUR,6.0,,DL,DL,12,D,BUR,,69.35,43,62,72.82,5.00%,0.0009066565458494106,45.15,62,Cascaded,2027,45.15,62
D0,DL/DL/12/D,BWI,6.0,,DL,DL,12,D,BWI,,53.66,227,423,56.35,5.00%,0.004786303160646889,238.35,423,Cascaded,2027,238.35,423
D0,DL/DL/12/D,BZN,6.0,,DL,DL,12,D,BZN,,63.22,110,174,66.38,5.00%,0.0023193539544984925,115.5,174,Cascaded,2027,115.5,174
D0,DL/DL/12/D,CAE,6.0,,DL,DL,12,D,CAE,,62.75,64,102,65.88,5.00%,0.0013494423007991228,67.2,102,Cascaded,2027,67.2,102
D0,DL/DL/12/D,CHA,6.0,,DL,DL,12,D,CHA,,73.68,56,76,77.37,5.00%,0.0011807620131992324,58.8,76,Cascaded,2027,58.8,76
D0,DL/DL/12/D,CHO,6.0,,DL,DL,12,D,CHO,,59.46,22,37,62.43,5.00%,0.0004638707908996985,23.1,37,Cascaded,2027,23.099999999999998,37
D0,DL/DL/12/D,CHS,6.0,,DL,DL,12,D,CHS,,68.72,257,374,72.15,5.00%,0.005418854239146478,269.85,374,Cascaded,2027,269.84999999999997,374
D0,DL/DL/12/D,CID,6.0,,DL,DL,12,D,CID,,62.07,18,29,65.17,5.00%,0.00037953064709975333,18.9,29,Cascaded,2027,18.9,29
D0,DL/DL/12/D,CLE,6.0,,DL,DL,12,D,CLE,,54.95,150,273,57.69,5.00%,0.003162755392497944,157.5,273,Cascaded,2027,157.5,273
D0,DL/DL/12/D,CLT,6.0,,DL,DL,12,D,CLT,,62.31,248,398,65.43,5.00%,0.005229088915596601,260.4,398,Cascaded,2027,260.4,398
D0,DL/DL/12/D,CMH,6.0,,DL,DL,12,D,CMH,,65.4,172,263,68.67,5.00%,0.0036266261833976425,180.6,263,Cascaded,2027,180.6,263
D0,DL/DL/12/D,COS,6.0,,DL,DL,12,D,COS,,78.12,25,32,82.03,5.00%,0.0005271258987496574,26.25,32,Cascaded,2027,26.25,32
D0,DL/DL/12/D,CVG,6.0,,DL,DL,12,D,CVG,,60.45,373,617,63.48,5.00%,0.007864718409344888,391.65,617,Cascaded,2027,391.65,617
D0,DL/DL/12/D,DAB,6.0,,DL,DL,12,D,DAB,,70.54,91,129,74.07,5.00%,0.001918738271448753,95.55,129,Cascaded,2027,95.55,129
D0,DL/DL/12/D,DAL,6.0,,DL,DL,12,D,DAL,,57.04,81,142,59.89,5.00%,0.0017078879119488898,85.05,142,Cascaded,2027,85.05,142
D0,DL/DL/12/D,DAY,6.0,,DL,DL,12,D,DAY,,64.52,60,93,67.74,5.00%,0.0012651021569991777,63.0,93,Cascaded,2027,63.0,93
D0,DL/DL/12/D,DCA,6.0,,DL,DL,12,D,DCA,,53.18,401,754,55.84,5.00%,0.008455099415944503,421.05,754,Cascaded,2027,421.05,754
D0,DL/DL/12/D,DEN,6.0,,DL,DL,12,D,DEN,,54.42,529,972,57.15,5.00%,0.01115398401754275,555.45,972,Cascaded,2027,555.4499999999999,972
D0,DL/DL/12/D,DFW,6.0,,DL,DL,12,D,DFW,,57.34,535,933,60.21,5.00%,0.011280494233242669,561.75,933,Cascaded,2027,561.75,933
D0,DL/DL/12/D,DJT,6.0,,DL,DL,12,D,DJT,,53.72,332,618,56.41,5.00%,0.0070002319353954495,348.6,618,Cascaded,2027,348.59999999999997,618
D0,DL/DL/12/D,DSM,6.0,,DL,DL,12,D,DSM,,63.41,52,82,66.59,5.00%,0.0010964218693992874,54.6,82,Cascaded,2027,54.6,82
D0,DL/DL/12/D,DTW,6.0,,DL,DL,12,D,DTW,,49.41,2381,4819,51.88,5.00%,0.05020347059691737,2500.05,4819,Cascaded,2027,2500.0499999999997,4819
D0,DL/DL/12/D,ECP,6.0,,DL,DL,12,D,ECP,,70.44,112,159,73.96,5.00%,0.002361524026398465,117.6,159,Cascaded,2027,117.6,159
D0,DL/DL/12/D,EGE,6.0,,DL,DL,12,D,EGE,,45.83,11,24,48.12,5.00%,0.00023193539544984925,11.55,24,Cascaded,2027,11.549999999999999,24
D0,DL/DL/12/D,ELP,6.0,,DL,DL,12,D,ELP,,71.67,43,60,75.25,5.00%,0.0009066565458494106,45.15,60,Cascaded,2027,45.15,60
D0,DL/DL/12/D,EWR,6.0,,DL,DL,12,D,EWR,,44.51,227,510,46.74,5.00%,0.004786303160646889,238.35,510,Cascaded,2027,238.35,510
D0,DL/DL/12/D,EYW,6.0,,DL,DL,12,D,EYW,,68.46,89,130,71.88,5.00%,0.0018765681995487802,93.45,130,Cascaded,2027,93.45,130
D0,DL/DL/12/D,FAI,6.0,,DL,DL,12,D,FAI,,11.11,3,27,11.67,5.00%,6.325510784995888e-05,3.15,27,Cascaded,2027,3.15,27
D0,DL/DL/12/D,FAR,6.0,,DL,DL,12,D,FAR,,58.62,34,58,61.55,5.00%,0.000716891222299534,35.7,58,Cascaded,2027,35.699999999999996,58
D0,DL/DL/12/D,FCA,6.0,,DL,DL,12,D,FCA,,64.52,40,62,67.74,5.00%,0.0008434014379994518,42.0,62,Cascaded,2027,42.0,62
D0,DL/DL/12/D,FLL,6.0,,DL,DL,12,D,FLL,,49.48,568,1148,51.95,5.00%,0.011976300419592216,596.4,1148,Cascaded,2027,596.4,1148
D0,DL/DL/12/D,FSD,6.0,,DL,DL,12,D,FSD,,49.18,30,61,51.64,5.00%,0.0006325510784995889,31.5,61,Cascaded,2027,31.5,61
D0,DL/DL/12/D,GEG,6.0,,DL,DL,12,D,GEG,,64.81,140,216,68.06,5.00%,0.002951905032998081,147.0,216,Cascaded,2027,147.0,216
D0,DL/DL/12/D,GNV,6.0,,DL,DL,12,D,GNV,,66.36,73,110,69.68,5.00%,0.0015392076243489995,76.65,110,Cascaded,2027,76.64999999999999,110
D0,DL/DL/12/D,GPT,6.0,,DL,DL,12,D,GPT,,77.66,73,94,81.54,5.00%,0.0015392076243489995,76.65,94,Cascaded,2027,76.64999999999999,94
D0,DL/DL/12/D,GRB,6.0,,DL,DL,12,D,GRB,,62.5,30,48,65.62,5.00%,0.0006325510784995889,31.5,48,Cascaded,2027,31.5,48
D0,DL/DL/12/D,GRR,6.0,,DL,DL,12,D,GRR,,54.71,93,170,57.44,5.00%,0.0019609083433487252,97.65,170,Cascaded,2027,97.64999999999999,170
D0,DL/DL/12/D,GSO,6.0,,DL,DL,12,D,GSO,,77.71,129,166,81.6,5.00%,0.002719969637548232,135.45,166,Cascaded,2027,135.45,166
D0,DL/DL/12/D,GSP,6.0,,DL,DL,12,D,GSP,,80.34,188,234,84.36,5.00%,0.003963986758597424,197.4,234,Cascaded,2027,197.4,234
D0,DL/DL/12/D,HDN,6.0,,DL,DL,12,D,HDN,,57.89,11,19,60.79,5.00%,0.00023193539544984925,11.55,19,Cascaded,2027,11.549999999999999,19
D0,DL/DL/12/D,HNL,6.0,,DL,DL,12,D,HNL,,63.72,216,339,66.9,5.00%,0.0045543677651970395,226.8,339,Cascaded,2027,226.79999999999998,339
D0,DL/DL/12/D,HOU,6.0,,DL,DL,12,D,HOU,,65.25,77,118,68.52,5.00%,0.0016235477681489448,80.85,118,Cascaded,2027,80.85,118
D0,DL/DL/12/D,HPN,6.0,,DL,DL,12,D,HPN,,37.7,23,61,39.59,5.00%,0.00048495582684968477,24.15,61,Cascaded,2027,24.15,61
D0,DL/DL/12/D,HRL,6.0,,DL,DL,12,D,HRL,,71.43,15,21,75.0,5.00%,0.0003162755392497944,15.75,21,Cascaded,2027,15.75,21
D0,DL/DL/12/D,HSV,6.0,,DL,DL,12,D,HSV,,67.72,107,158,71.11,5.00%,0.0022560988466485336,112.35,158,Cascaded,2027,112.35,158
D0,DL/DL/12/D,IAD,6.0,,DL,DL,12,D,IAD,,54.04,127,235,56.74,5.00%,0.0026777995656482594,133.35,235,Cascaded,2027,133.35,235
D0,DL/DL/12/D,IAH,6.0,,DL,DL,12,D,IAH,,52.25,349,668,54.86,5.00%,0.007358677546545217,366.45,668,Cascaded,2027,366.45,668
D0,DL/DL/12/D,ICT,6.0,,DL,DL,12,D,ICT,,60.71,51,84,63.75,5.00%,0.001075336833449301,53.55,84,Cascaded,2027,53.55,84
D0,DL/DL/12/D,IDA,6.0,,DL,DL,12,D,IDA,,73.33,22,30,77.0,5.00%,0.0004638707908996985,23.1,30,Cascaded,2027,23.099999999999998,30
D0,DL/DL/12/D,ILM,6.0,,DL,DL,12,D,ILM,,62.11,59,95,65.21,5.00%,0.0012440171210491913,61.95,95,Cascaded,2027,61.949999999999996,95
D0,DL/DL/12/D,IND,6.0,,DL,DL,12,D,IND,,62.96,221,351,66.11,5.00%,0.004659792944946971,232.05,351,Cascaded,2027,232.04999999999998,351
D0,DL/DL/12/D,JAC,6.0,,DL,DL,12,D,JAC,,57.32,47,82,60.18,5.00%,0.000990996689649356,49.35,82,Cascaded,2027,49.35,82
D0,DL/DL/12/D,JAN,6.0,,DL,DL,12,D,JAN,,75.89,107,141,79.68,5.00%,0.0022560988466485336,112.35,141,Cascaded,2027,112.35,141
D0,DL/DL/12/D,JAX,6.0,,DL,DL,12,D,JAX,,61.11,275,450,64.17,5.00%,0.005798384886246231,288.75,450,Cascaded,2027,288.75,450
D0,DL/DL/12/D,JFK,6.0,,DL,DL,12,D,JFK,,53.14,1330,2503,55.79,5.00%,0.02804309781348177,1396.5,2503,Cascaded,2027,1396.5,2503
D0,DL/DL/12/D,KOA,6.0,,DL,DL,12,D,KOA,,47.06,32,68,49.41,5.00%,0.0006747211503995614,33.6,68,Cascaded,2027,33.6,68
D0,DL/DL/12/D,LAS,6.0,,DL,DL,12,D,LAS,,67.73,873,1289,71.11,5.00%,0.018407236384338034,916.65,1289,Cascaded,2027,916.65,1289
D0,DL/DL/12/D,LAX,6.0,,DL,DL,12,D,LAX,,62.56,1873,2994,65.69,5.00%,0.03949227233432433,1966.65,2994,Cascaded,2027,1966.6499999999999,2994
D0,DL/DL/12/D,LEX,6.0,,DL,DL,12,D,LEX,,72.28,73,101,75.89,5.00%,0.0015392076243489995,76.65,101,Cascaded,2027,76.64999999999999,101
D0,DL/DL/12/D,LGA,6.0,,DL,DL,12,D,LGA,,48.47,1159,2391,50.9,5.00%,0.024437556666034116,1216.95,2391,Cascaded,2027,1216.95,2391
D0,DL/DL/12/D,LGB,6.0,,DL,DL,12,D,LGB,,76.67,23,30,80.5,5.00%,0.00048495582684968477,24.15,30,Cascaded,2027,24.15,30
D0,DL/DL/12/D,LIH,6.0,,DL,DL,12,D,LIH,,50.0,29,58,52.5,5.00%,0.0006114660425496026,30.45,58,Cascaded,2027,30.45,58
D0,DL/DL/12/D,LIT,6.0,,DL,DL,12,D,LIT,,69.06,125,181,72.51,5.00%,0.002635629493748287,131.25,181,Cascaded,2027,131.25,181
D0,DL/DL/12/D,MCI,6.0,,DL,DL,12,D,MCI,,63.56,382,601,66.74,5.00%,0.008054483732894765,401.1,601,Cascaded,2027,401.09999999999997,601
D0,DL/DL/12/D,MCO,6.0,,DL,DL,12,D,MCO,,54.75,1020,1863,57.49,5.00%,0.02150673666898602,1071.0,1863,Cascaded,2027,1071.0,1863
D0,DL/DL/12/D,MDT,6.0,,DL,DL,12,D,MDT,,62.5,35,56,65.62,5.00%,0.0007379762582495203,36.75,56,Cascaded,2027,36.75,56
D0,DL/DL/12/D,MDW,6.0,,DL,DL,12,D,MDW,,62.96,68,108,66.11,5.00%,0.001433782444599068,71.4,108,Cascaded,2027,71.39999999999999,108
D0,DL/DL/12/D,MEM,6.0,,DL,DL,12,D,MEM,,66.36,213,321,69.67,5.00%,0.004491112657347081,223.65,321,Cascaded,2027,223.65,321
D0,DL/DL/12/D,MIA,6.0,,DL,DL,12,D,MIA,,46.49,477,1026,48.82,5.00%,0.010057562148143462,500.85,1026,Cascaded,2027,500.84999999999997,1026
D0,DL/DL/12/D,MKE,6.0,,DL,DL,12,D,MKE,,57.66,158,274,60.55,5.00%,0.0033314356800978346,165.9,274,Cascaded,2027,165.9,274
D0,DL/DL/12/D,MLB,6.0,,DL,DL,12,D,MLB,,69.17,83,120,72.62,5.00%,0.0017500579838488624,87.15,120,Cascaded,2027,87.14999999999999,120
D0,DL/DL/12/D,MOB,6.0,,DL,DL,12,D,MOB,,71.43,15,21,75.0,5.00%,0.0003162755392497944,15.75,21,Cascaded,2027,15.75,21
D0,DL/DL/12/D,MSN,6.0,,DL,DL,12,D,MSN,,70.54,79,112,74.06,5.00%,0.0016657178400489173,82.95,112,Cascaded,2027,82.95,112
D0,DL/DL/12/D,MSO,6.0,,DL,DL,12,D,MSO,,82.26,51,62,86.37,5.00%,0.001075336833449301,53.55,62,Cascaded,2027,53.55,62
D0,DL/DL/12/D,MSP,6.0,,DL,DL,12,D,MSP,,52.42,2658,5071,55.04,5.00%,0.05604402555506357,2790.9,5071,Cascaded,2027,2790.9,5071
D0,DL/DL/12/D,MSY,6.0,,DL,DL,12,D,MSY,,60.55,376,621,63.57,5.00%,0.007927973517194847,394.8,621,Cascaded,2027,394.8,621
D0,DL/DL/12/D,MTJ,6.0,,DL,DL,12,D,MTJ,,58.33,7,12,61.25,5.00%,0.00014759525164990405,7.35,12,Cascaded,2027,7.35,12
D0,DL/DL/12/D,MYR,6.0,,DL,DL,12,D,MYR,,70.97,132,186,74.52,5.00%,0.002783224745398191,138.6,186,Cascaded,2027,138.6,186
D0,DL/DL/12/D,OGG,6.0,,DL,DL,12,D,OGG,,76.06,108,142,79.86,5.00%,0.0022771838825985198,113.4,142,Cascaded,2027,113.39999999999999,142
D0,DL/DL/12/D,OKC,6.0,,DL,DL,12,D,OKC,,74.15,109,147,77.86,5.00%,0.002298268918548506,114.45,147,Cascaded,2027,114.45,147
D0,DL/DL/12/D,OMA,6.0,,DL,DL,12,D,OMA,,65.03,93,143,68.29,5.00%,0.0019609083433487252,97.65,143,Cascaded,2027,97.64999999999999,143
D0,DL/DL/12/D,ONT,6.0,,DL,DL,12,D,ONT,,68.53,98,143,71.96,5.00%,0.002066333523098657,102.9,143,Cascaded,2027,102.89999999999999,143
D0,DL/DL/12/D,ORD,6.0,,DL,DL,12,D,ORD,,39.86,287,720,41.85,5.00%,0.006051405317646067,301.35,720,Cascaded,2027,301.34999999999997,720
D0,DL/DL/12/D,ORF,6.0,,DL,DL,12,D,ORF,,58.27,148,254,61.18,5.00%,0.0031205853205979717,155.4,254,Cascaded,2027,155.4,254
D0,DL/DL/12/D,PDX,6.0,,DL,DL,12,D,PDX,,61.4,350,570,64.47,5.00%,0.007379762582495203,367.5,570,Cascaded,2027,367.5,570
D0,DL/DL/12/D,PHL,6.0,,DL,DL,12,D,PHL,,53.78,263,489,56.47,5.00%,0.0055453644548463955,276.15,489,Cascaded,2027,276.15,489
D0,DL/DL/12/D,PHX,6.0,,DL,DL,12,D,PHX,,63.17,590,934,66.33,5.00%,0.012440171210491914,619.5,934,Cascaded,2027,619.5,934
D0,DL/DL/12/D,PIT,6.0,,DL,DL,12,D,PIT,,61.54,152,247,64.62,5.00%,0.003204925464397917,159.6,247,Cascaded,2027,159.6,247
D0,DL/DL/12/D,PNS,6.0,,DL,DL,12,D,PNS,,70.2,139,198,73.71,5.00%,0.002930819997048095,145.95,198,Cascaded,2027,145.95,198
D0,DL/DL/12/D,PSC,6.0,,DL,DL,12,D,PSC,,92.0,46,50,96.6,5.00%,0.0009699116536993695,48.3,50,Cascaded,2027,48.3,50
D0,DL/DL/12/D,PSP,6.0,,DL,DL,12,D,PSP,,58.88,63,107,61.82,5.00%,0.0013283572648491366,66.15,107,Cascaded,2027,66.14999999999999,107
D0,DL/DL/12/D,PVD,6.0,,DL,DL,12,D,PVD,,57.43,58,101,60.3,5.00%,0.0012229320850992052,60.9,101,Cascaded,2027,60.9,101
D0,DL/DL/12/D,PWM,6.0,,DL,DL,12,D,PWM,,39.22,20,51,41.18,5.00%,0.0004217007189997259,21.0,51,Cascaded,2027,21.0,51
D0,DL/DL/12/D,RDU,6.0,,DL,DL,12,D,RDU,,60.76,593,976,63.8,5.00%,0.012503426318341873,622.65,976,Cascaded,2027,622.65,976
D0,DL/DL/12/D,RIC,6.0,,DL,DL,12,D,RIC,,68.38,160,234,71.79,5.00%,0.0033736057519978073,168.0,234,Cascaded,2027,168.0,234
D0,DL/DL/12/D,RNO,6.0,,DL,DL,12,D,RNO,,60.0,51,85,63.0,5.00%,0.001075336833449301,53.55,85,Cascaded,2027,53.55,85
D0,DL/DL/12/D,ROA,6.0,,DL,DL,12,D,ROA,,80.0,24,30,84.0,5.00%,0.000506040862799671,25.2,30,Cascaded,2027,25.2,30
D0,DL/DL/12/D,ROC,6.0,,DL,DL,12,D,ROC,,19.28,16,83,20.24,5.00%,0.0003373605751997807,16.8,83,Cascaded,2027,16.8,83
D0,DL/DL/12/D,RSW,6.0,,DL,DL,12,D,RSW,,63.5,428,674,66.68,5.00%,0.009024395386594134,449.4,674,Cascaded,2027,449.4,674
D0,DL/DL/12/D,SAN,6.0,,DL,DL,12,D,SAN,,60.93,496,814,63.98,5.00%,0.010458177831193202,520.8,814,Cascaded,2027,520.8,814
D0,DL/DL/12/D,SAT,6.0,,DL,DL,12,D,SAT,,65.66,369,562,68.94,5.00%,0.007780378265544943,387.45,562,Cascaded,2027,387.45,562
D0,DL/DL/12/D,SAV,6.0,,DL,DL,12,D,SAV,,73.57,206,280,77.25,5.00%,0.004343517405697177,216.3,280,Cascaded,2027,216.29999999999998,280
D0,DL/DL/12/D,SBA,6.0,,DL,DL,12,D,SBA,,73.21,41,56,76.88,5.00%,0.0008644864739494381,43.05,56,Cascaded,2027,43.05,56
D0,DL/DL/12/D,SDF,6.0,,DL,DL,12,D,SDF,,76.44,159,208,80.26,5.00%,0.0033525207160478208,166.95,208,Cascaded,2027,166.95,208
D0,DL/DL/12/D,SEA,6.0,,DL,DL,12,D,SEA,,51.29,1328,2589,53.86,5.00%,0.028000927741581798,1394.4,2589,Cascaded,2027,1394.3999999999999,2589
D0,DL/DL/12/D,SFO,6.0,,DL,DL,12,D,SFO,,55.45,595,1073,58.22,5.00%,0.012545596390241845,624.75,1073,Cascaded,2027,624.75,1073
D0,DL/DL/12/D,SGF,6.0,,DL,DL,12,D,SGF,,55.56,10,18,58.33,5.00%,0.00021085035949986296,10.5,18,Cascaded,2027,10.5,18
D0,DL/DL/12/D,SJC,6.0,,DL,DL,12,D,SJC,,82.95,146,176,87.1,5.00%,0.003078415248697999,153.3,176,Cascaded,2027,153.29999999999998,176
D0,DL/DL/12/D,SJU,6.0,,DL,DL,12,D,SJU,,70.47,241,342,73.99,5.00%,0.005081493663946697,253.05,342,Cascaded,2027,253.04999999999998,342
D0,DL/DL/12/D,SLC,6.0,,DL,DL,12,D,SLC,,60.24,2717,4510,63.26,5.00%,0.05728804267611276,2852.85,4510,Cascaded,2027,2852.85,4510
D0,DL/DL/12/D,SMF,6.0,,DL,DL,12,D,SMF,,69.57,176,253,73.04,5.00%,0.003710966327197588,184.8,253,Cascaded,2027,184.79999999999998,253
D0,DL/DL/12/D,SNA,6.0,,DL,DL,12,D,SNA,,53.52,205,383,56.2,5.00%,0.0043224323697471905,215.25,383,Cascaded,2027,215.25,383
D0,DL/DL/12/D,SRQ,6.0,,DL,DL,12,D,SRQ,,67.24,195,290,70.6,5.00%,0.004111582010247327,204.75,290,Cascaded,2027,204.75,290
D0,DL/DL/12/D,STL,6.0,,DL,DL,12,D,STL,,63.48,266,419,66.66,5.00%,0.005608619562696354,279.3,419,Cascaded,2027,279.3,419
D0,DL/DL/12/D,STT,6.0,,DL,DL,12,D,STT,,63.41,52,82,66.59,5.00%,0.0010964218693992874,54.6,82,Cascaded,2027,54.6,82
D0,DL/DL/12/D,STX,6.0,,DL,DL,12,D,STX,,42.86,6,14,45.0,5.00%,0.00012651021569991776,6.3,14,Cascaded,2027,6.3,14
D0,DL/DL/12/D,SYR,6.0,,DL,DL,12,D,SYR,,50.43,58,115,52.96,5.00%,0.0012229320850992052,60.9,115,Cascaded,2027,60.9,115
D0,DL/DL/12/D,TLH,6.0,,DL,DL,12,D,TLH,,71.32,97,136,74.89,5.00%,0.0020452484871486707,101.85,136,Cascaded,2027,101.85,136
D0,DL/DL/12/D,TPA,6.0,,DL,DL,12,D,TPA,,54.42,647,1189,57.14,5.00%,0.013642018259641132,679.35,1189,Cascaded,2027,679.35,1189
D0,DL/DL/12/D,TRI,6.0,,DL,DL,12,D,TRI,,85.0,34,40,89.25,5.00%,0.000716891222299534,35.7,40,Cascaded,2027,35.699999999999996,40
D0,DL/DL/12/D,TUL,6.0,,DL,DL,12,D,TUL,,72.41,84,116,76.03,5.00%,0.0017711430197988487,88.2,116,Cascaded,2027,88.2,116
D0,DL/DL/12/D,TUS,6.0,,DL,DL,12,D,TUS,,74.77,83,111,78.51,5.00%,0.0017500579838488624,87.15,111,Cascaded,2027,87.14999999999999,111
D0,DL/DL/12/D,TVC,6.0,,DL,DL,12,D,TVC,,61.29,19,31,64.35,5.00%,0.0004006156830497396,19.95,31,Cascaded,2027,19.95,31
D0,DL/DL/12/D,TYS,6.0,,DL,DL,12,D,TYS,,61.47,67,109,64.54,5.00%,0.0014126974086490817,70.35,109,Cascaded,2027,70.35,109
D0,DL/DL/12/D,VPS,6.0,,DL,DL,12,D,VPS,,71.27,129,181,74.83,5.00%,0.002719969637548232,135.45,181,Cascaded,2027,135.45,181
D0,DL/DL/12/I,ACC,6.0,,DL,DL,12,I,ACC,,49.18,30,61,51.64,5.00%,0.004702194357366771,31.5,61,Cascaded,2027,31.5,61
D0,DL/DL/12/I,AKL,6.0,,DL,DL,12,I,AKL,,87.1,27,31,91.45,5.00%,0.004231974921630094,28.35,31,Cascaded,2027,28.35,31
D0,DL/DL/12/I,AMS,6.0,,DL,DL,12,I,AMS,,27.32,109,399,28.68,5.00%,0.017084639498432603,114.45,399,Cascaded,2027,114.45,399
D0,DL/DL/12/I,ANU,6.0,,DL,DL,12,I,ANU,,44.44,4,9,46.67,5.00%,0.0006269592476489029,4.2,9,Cascaded,2027,4.2,9
D0,DL/DL/12/I,ATH,6.0,,DL,DL,12,I,ATH,,72.41,21,29,76.03,5.00%,0.0032915360501567397,22.05,29,Cascaded,2027,22.05,29
D0,DL/DL/12/I,ATL,6.0,,DL,DL,12,I,ATL,,46.61,1252,2686,48.94,5.00%,0.1962382445141066,1314.6,2686,Cascaded,2027,1314.6,2686
D0,DL/DL/12/I,AUA,6.0,,DL,DL,12,I,AUA,,70.97,66,93,74.52,5.00%,0.010344827586206896,69.3,93,Cascaded,2027,69.3,93
D0,DL/DL/12/I,AUS,6.0,,DL,DL,12,I,AUS,,66.67,8,12,70.0,5.00%,0.0012539184952978057,8.4,12,Cascaded,2027,8.4,12
D0,DL/DL/12/I,BCN,6.0,,DL,DL,12,I,BCN,,60.61,40,66,63.64,5.00%,0.006269592476489028,42.0,66,Cascaded,2027,42.0,66
D0,DL/DL/12/I,BDA,6.0,,DL,DL,12,I,BDA,,64.52,20,31,67.74,5.00%,0.003134796238244514,21.0,31,Cascaded,2027,21.0,31
D0,DL/DL/12/I,BGI,6.0,,DL,DL,12,I,BGI,,39.13,9,23,41.09,5.00%,0.0014106583072100312,9.45,23,Cascaded,2027,9.45,23
D0,DL/DL/12/I,BNA,6.0,,DL,DL,12,I,BNA,,0.0,0,2,0.0,0.00%,0.0,0.0,2,Cascaded,2027,0.0,2
D0,DL/DL/12/I,BNE,6.0,,DL,DL,12,I,BNE,,38.46,5,13,40.38,5.00%,0.0007836990595611285,5.25,13,Cascaded,2027,5.25,13
D0,DL/DL/12/I,BOG,6.0,,DL,DL,12,I,BOG,,54.84,34,62,57.58,5.00%,0.005329153605015674,35.7,62,Cascaded,2027,35.7,62
D0,DL/DL/12/I,BON,6.0,,DL,DL,12,I,BON,,50.0,4,8,52.5,5.00%,0.0006269592476489029,4.2,8,Cascaded,2027,4.2,8
D0,DL/DL/12/I,BOS,6.0,,DL,DL,12,I,BOS,,58.4,139,238,61.32,5.00%,0.021786833855799374,145.95,238,Cascaded,2027,145.95,238
D0,DL/DL/12/I,BRU,6.0,,DL,DL,12,I,BRU,,47.06,8,17,49.41,5.00%,0.0012539184952978057,8.4,17,Cascaded,2027,8.4,17
D0,DL/DL/12/I,BZE,6.0,,DL,DL,12,I,BZE,,83.33,35,42,87.5,5.00%,0.0054858934169279,36.75,42,Cascaded,2027,36.75,42
D0,DL/DL/12/I,CDG,6.0,,DL,DL,12,I,CDG,,28.57,82,287,30.0,5.00%,0.012852664576802508,86.1,287,Cascaded,2027,86.1,287
D0,DL/DL/12/I,CPT,6.0,,DL,DL,12,I,CPT,,68.18,15,22,71.59,5.00%,0.0023510971786833857,15.75,22,Cascaded,2027,15.75,22
D0,DL/DL/12/I,CTG,6.0,,DL,DL,12,I,CTG,,85.0,17,20,89.25,5.00%,0.002664576802507837,17.85,20,Cascaded,2027,17.85,20
D0,DL/DL/12/I,CUN,6.0,,DL,DL,12,I,CUN,,53.95,321,595,56.65,5.00%,0.05031347962382445,337.05,595,Cascaded,2027,337.05,595
D0,DL/DL/12/I,CUR,6.0,,DL,DL,12,I,CUR,,66.67,14,21,70.0,5.00%,0.00219435736677116,14.7,21,Cascaded,2027,14.7,21
D0,DL/DL/12/I,CVG,6.0,,DL,DL,12,I,CVG,,13.33,2,15,14.0,5.00%,0.00031347962382445143,2.1,15,Cascaded,2027,2.1,15
D0,DL/DL/12/I,CZM,6.0,,DL,DL,12,I,CZM,,85.71,12,14,90.0,5.00%,0.0018808777429467085,12.6,14,Cascaded,2027,12.6,14
D0,DL/DL/12/I,DSS,6.0,,DL,DL,12,I,DSS,,81.82,18,22,85.91,5.00%,0.0028213166144200625,18.9,22,Cascaded,2027,18.9,22
D0,DL/DL/12/I,DTW,6.0,,DL,DL,12,I,DTW,,53.8,248,461,56.49,5.00%,0.038871473354231974,260.4,461,Cascaded,2027,260.4,461
D0,DL/DL/12/I,DUB,6.0,,DL,DL,12,I,DUB,,60.56,43,71,63.59,5.00%,0.006739811912225706,45.15,71,Cascaded,2027,45.15,71
D0,DL/DL/12/I,EDI,6.0,,DL,DL,12,I,EDI,,55.56,10,18,58.33,5.00%,0.001567398119122257,10.5,18,Cascaded,2027,10.5,18
D0,DL/DL/12/I,EZE,6.0,,DL,DL,12,I,EZE,,34.94,29,83,36.69,5.00%,0.004545454545454545,30.45,83,Cascaded,2027,30.45,83
D0,DL/DL/12/I,FCO,6.0,,DL,DL,12,I,FCO,,65.13,99,152,68.39,5.00%,0.015517241379310345,103.95,152,Cascaded,2027,103.95,152
D0,DL/DL/12/I,FRA,6.0,,DL,DL,12,I,FRA,,46.77,29,62,49.11,5.00%,0.004545454545454545,30.45,62,Cascaded,2027,30.45,62
D0,DL/DL/12/I,GCM,6.0,,DL,DL,12,I,GCM,,69.39,34,49,72.86,5.00%,0.005329153605015674,35.7,49,Cascaded,2027,35.7,49
D0,DL/DL/12/I,GDL,6.0,,DL,DL,12,I,GDL,,75.61,31,41,79.39,5.00%,0.004858934169278997,32.55,41,Cascaded,2027,32.55,41
D0,DL/DL/12/I,GIG,6.0,,DL,DL,12,I,GIG,,74.19,23,31,77.9,5.00%,0.003605015673981191,24.15,31,Cascaded,2027,24.15,31
D0,DL/DL/12/I,GND,6.0,,DL,DL,12,I,GND,,58.33,7,12,61.25,5.00%,0.00109717868338558,7.35,12,Cascaded,2027,7.35,12
D0,DL/DL/12/I,GRU,6.0,,DL,DL,12,I,GRU,,57.14,52,91,60.0,5.00%,0.008150470219435737,54.6,91,Cascaded,2027,54.6,91
D0,DL/DL/12/I,GUA,6.0,,DL,DL,12,I,GUA,,75.56,34,45,79.33,5.00%,0.005329153605015674,35.7,45,Cascaded,2027,35.7,45
D0,DL/DL/12/I,HAV,6.0,,DL,DL,12,I,HAV,,70.97,22,31,74.52,5.00%,0.0034482758620689655,23.1,31,Cascaded,2027,23.1,31
D0,DL/DL/12/I,HND,6.0,,DL,DL,12,I,HND,,61.62,114,185,64.7,5.00%,0.017868338557993732,119.7,185,Cascaded,2027,119.7,185
D0,DL/DL/12/I,HNL,6.0,,DL,DL,12,I,HNL,,73.33,22,30,77.0,5.00%,0.0034482758620689655,23.1,30,Cascaded,2027,23.1,30
D0,DL/DL/12/I,ICN,6.0,,DL,DL,12,I,ICN,,69.64,117,168,73.12,5.00%,0.01833855799373041,122.85,168,Cascaded,2027,122.85,168
D0,DL/DL/12/I,IND,6.0,,DL,DL,12,I,IND,,50.0,1,2,52.5,5.00%,0.00015673981191222572,1.05,2,Cascaded,2027,1.05,2
D0,DL/DL/12/I,JFK,6.0,,DL,DL,12,I,JFK,,40.61,491,1209,42.64,5.00%,0.07695924764890281,515.55,1209,Cascaded,2027,515.55,1209
D0,DL/DL/12/I,JNB,6.0,,DL,DL,12,I,JNB,,63.64,14,22,66.82,5.00%,0.00219435736677116,14.7,22,Cascaded,2027,14.7,22
D0,DL/DL/12/I,KIN,6.0,,DL,DL,12,I,KIN,,60.61,20,33,63.64,5.00%,0.003134796238244514,21.0,33,Cascaded,2027,21.0,33
D0,DL/DL/12/I,LAX,6.0,,DL,DL,12,I,LAX,,54.86,158,288,57.6,5.00%,0.024764890282131663,165.9,288,Cascaded,2027,165.9,288
D0,DL/DL/12/I,LGA,6.0,,DL,DL,12,I,LGA,,64.29,9,14,67.5,5.00%,0.0014106583072100312,9.45,14,Cascaded,2027,9.45,14
D0,DL/DL/12/I,LHR,6.0,,DL,DL,12,I,LHR,,59.25,173,292,62.21,5.00%,0.027115987460815047,181.65,292,Cascaded,2027,181.65,292
D0,DL/DL/12/I,LIM,6.0,,DL,DL,12,I,LIM,,60.34,35,58,63.36,5.00%,0.0054858934169279,36.75,58,Cascaded,2027,36.75,58
D0,DL/DL/12/I,LIR,6.0,,DL,DL,12,I,LIR,,85.71,54,63,90.0,5.00%,0.008463949843260187,56.7,63,Cascaded,2027,56.7,63
D0,DL/DL/12/I,LIS,6.0,,DL,DL,12,I,LIS,,55.93,33,59,58.73,5.00%,0.005172413793103448,34.65,59,Cascaded,2027,34.65,59
D0,DL/DL/12/I,LOS,6.0,,DL,DL,12,I,LOS,,13.11,8,61,13.77,5.00%,0.0012539184952978057,8.4,61,Cascaded,2027,8.4,61
D0,DL/DL/12/I,MAD,6.0,,DL,DL,12,I,MAD,,62.9,39,62,66.05,5.00%,0.006112852664576803,40.95,62,Cascaded,2027,40.95,62
D0,DL/DL/12/I,MBJ,6.0,,DL,DL,12,I,MBJ,,58.7,81,138,61.63,5.00%,0.012695924764890282,85.05,138,Cascaded,2027,85.05,138
D0,DL/DL/12/I,MCI,6.0,,DL,DL,12,I,MCI,,0.0,0,2,0.0,0.00%,0.0,0.0,2,Cascaded,2027,0.0,2
D0,DL/DL/12/I,MCO,6.0,,DL,DL,12,I,MCO,,43.33,13,30,45.5,5.00%,0.0020376175548589342,13.65,30,Cascaded,2027,13.65,30
D0,DL/DL/12/I,MEL,6.0,,DL,DL,12,I,MEL,,33.33,4,12,35.0,5.00%,0.0006269592476489029,4.2,12,Cascaded,2027,4.2,12
D0,DL/DL/12/I,MEX,6.0,,DL,DL,12,I,MEX,,76.08,194,255,79.88,5.00%,0.030407523510971788,203.7,255,Cascaded,2027,203.7,255
D0,DL/DL/12/I,MIA,6.0,,DL,DL,12,I,MIA,,22.58,7,31,23.71,5.00%,0.00109717868338558,7.35,31,Cascaded,2027,7.35,31
D0,DL/DL/12/I,MSP,6.0,,DL,DL,12,I,MSP,,48.5,242,499,50.92,5.00%,0.03793103448275862,254.1,499,Cascaded,2027,254.1,499
D0,DL/DL/12/I,MTY,6.0,,DL,DL,12,I,MTY,,83.87,26,31,88.06,5.00%,0.0040752351097178684,27.3,31,Cascaded,2027,27.3,31
D0,DL/DL/12/I,MUC,6.0,,DL,DL,12,I,MUC,,51.61,16,31,54.19,5.00%,0.0025078369905956114,16.8,31,Cascaded,2027,16.8,31
D0,DL/DL/12/I,MXP,6.0,,DL,DL,12,I,MXP,,46.94,23,49,49.29,5.00%,0.003605015673981191,24.15,49,Cascaded,2027,24.15,49
D0,DL/DL/12/I,NAS,6.0,,DL,DL,12,I,NAS,,74.4,125,168,78.12,5.00%,0.019592476489028215,131.25,168,Cascaded,2027,131.25,168
D0,DL/DL/12/I,PLS,6.0,,DL,DL,12,I,PLS,,77.61,52,67,81.49,5.00%,0.008150470219435737,54.6,67,Cascaded,2027,54.6,67
D0,DL/DL/12/I,POP,6.0,,DL,DL,12,I,POP,,83.87,26,31,88.06,5.00%,0.0040752351097178684,27.3,31,Cascaded,2027,27.3,31
D0,DL/DL/12/I,PTY,6.0,,DL,DL,12,I,PTY,,65.22,30,46,68.48,5.00%,0.004702194357366771,31.5,46,Cascaded,2027,31.5,46
D0,DL/DL/12/I,PUJ,6.0,,DL,DL,12,I,PUJ,,57.62,121,210,60.5,5.00%,0.01896551724137931,127.05,210,Cascaded,2027,127.05,210
D0,DL/DL/12/I,PVG,6.0,,DL,DL,12,I,PVG,,58.33,42,72,61.25,5.00%,0.0065830721003134795,44.1,72,Cascaded,2027,44.1,72
D0,DL/DL/12/I,PVR,6.0,,DL,DL,12,I,PVR,,63.86,106,166,67.05,5.00%,0.016614420062695926,111.3,166,Cascaded,2027,111.3,166
D0,DL/DL/12/I,RAK,6.0,,DL,DL,12,I,RAK,,75.0,15,20,78.75,5.00%,0.0023510971786833857,15.75,20,Cascaded,2027,15.75,20
D0,DL/DL/12/I,RDU,6.0,,DL,DL,12,I,RDU,,0.0,0,2,0.0,0.00%,0.0,0.0,2,Cascaded,2027,0.0,2
D0,DL/DL/12/I,RTB,6.0,,DL,DL,12,I,RTB,,42.86,3,7,45.0,5.00%,0.0004702194357366771,3.15,7,Cascaded,2027,3.15,7
D0,DL/DL/12/I,SAL,6.0,,DL,DL,12,I,SAL,,58.06,18,31,60.97,5.00%,0.0028213166144200625,18.9,31,Cascaded,2027,18.9,31
D0,DL/DL/12/I,SAP,6.0,,DL,DL,12,I,SAP,,64.52,20,31,67.74,5.00%,0.003134796238244514,21.0,31,Cascaded,2027,21.0,31
D0,DL/DL/12/I,SCL,6.0,,DL,DL,12,I,SCL,,76.36,42,55,80.18,5.00%,0.0065830721003134795,44.1,55,Cascaded,2027,44.1,55
D0,DL/DL/12/I,SDQ,6.0,,DL,DL,12,I,SDQ,,49.61,64,129,52.09,5.00%,0.010031347962382446,67.2,129,Cascaded,2027,67.2,129
D0,DL/DL/12/I,SEA,6.0,,DL,DL,12,I,SEA,,49.15,145,295,51.61,5.00%,0.022727272727272728,152.25,295,Cascaded,2027,152.25,295
D0,DL/DL/12/I,SJD,6.0,,DL,DL,12,I,SJD,,55.9,109,195,58.69,5.00%,0.017084639498432603,114.45,195,Cascaded,2027,114.45,195
D0,DL/DL/12/I,SJO,6.0,,DL,DL,12,I,SJO,,57.69,45,78,60.58,5.00%,0.007053291536050157,47.25,78,Cascaded,2027,47.25,78
D0,DL/DL/12/I,SKB,6.0,,DL,DL,12,I,SKB,,25.0,1,4,26.25,5.00%,0.00015673981191222572,1.05,4,Cascaded,2027,1.05,4
D0,DL/DL/12/I,SLC,6.0,,DL,DL,12,I,SLC,,55.24,158,286,58.01,5.00%,0.024764890282131663,165.9,286,Cascaded,2027,165.9,286
D0,DL/DL/12/I,STI,6.0,,DL,DL,12,I,STI,,61.62,61,99,64.7,5.00%,0.009561128526645767,64.05,99,Cascaded,2027,64.05,99
D0,DL/DL/12/I,SVD,6.0,,DL,DL,12,I,SVD,,75.0,9,12,78.75,5.00%,0.0014106583072100312,9.45,12,Cascaded,2027,9.45,12
D0,DL/DL/12/I,SXM,6.0,,DL,DL,12,I,SXM,,43.14,22,51,45.29,5.00%,0.0034482758620689655,23.1,51,Cascaded,2027,23.1,51
D0,DL/DL/12/I,SYD,6.0,,DL,DL,12,I,SYD,,63.16,24,38,66.32,5.00%,0.003761755485893417,25.2,38,Cascaded,2027,25.2,38
D0,DL/DL/12/I,TLV,6.0,,DL,DL,12,I,TLV,,47.54,29,61,49.92,5.00%,0.004545454545454545,30.45,61,Cascaded,2027,30.45,61
D0,DL/DL/12/I,TPA,6.0,,DL,DL,12,I,TPA,,27.78,5,18,29.17,5.00%,0.0007836990595611285,5.25,18,Cascaded,2027,5.25,18
D0,DL/DL/12/I,TPE,6.0,,DL,DL,12,I,TPE,,87.1,27,31,91.45,5.00%,0.004231974921630094,28.35,31,Cascaded,2027,28.35,31
D0,DL/DL/12/I,TQO,6.0,,DL,DL,12,I,TQO,,90.32,28,31,94.84,5.00%,0.00438871473354232,29.4,31,Cascaded,2027,29.4,31
D0,DL/DL/12/I,UIO,6.0,,DL,DL,12,I,UIO,,59.38,19,32,62.34,5.00%,0.0029780564263322882,19.95,32,Cascaded,2027,19.95,32
D0,DL/DL/12/I,UVF,6.0,,DL,DL,12,I,UVF,,66.67,22,33,70.0,5.00%,0.0034482758620689655,23.1,33,Cascaded,2027,23.1,33
D0,DL/DL/12/I,VCE,6.0,,DL,DL,12,I,VCE,,61.54,8,13,64.62,5.00%,0.0012539184952978057,8.4,13,Cascaded,2027,8.4,13
D0,DL/DL/12/I,YUL,6.0,,DL,DL,12,I,YUL,,61.45,51,83,64.52,5.00%,0.00799373040752351,53.55,83,Cascaded,2027,53.55,83
D0,DL/DL/12/I,YVR,6.0,,DL,DL,12,I,YVR,,51.72,15,29,54.31,5.00%,0.0023510971786833857,15.75,29,Cascaded,2027,15.75,29
D0,DL/DL/12/I,YYC,6.0,,DL,DL,12,I,YYC,,49.12,28,57,51.58,5.00%,0.00438871473354232,29.4,57,Cascaded,2027,29.4,57
D0,DL/DL/12/I,YYZ,6.0,,DL,DL,12,I,YYZ,,43.27,45,104,45.43,5.00%,0.007053291536050157,47.25,104,Cascaded,2027,47.25,104
D0,DL/DL/12/I,ZRH,6.0,,DL,DL,12,I,ZRH,,60.0,18,30,63.0,5.00%,0.0028213166144200625,18.9,30,Cascaded,2027,18.9,30
D0,DL/DL/2/D,ABQ,6.0,,DL,DL,2,D,ABQ,,62.86,44,70,66.0,5.00%,0.0008864176638865385,46.2,70,Cascaded,2027,46.199999999999996,70
D0,DL/DL/2/D,AGS,6.0,,DL,DL,2,D,AGS,,74.19,23,31,77.9,5.00%,0.0004633546879406906,24.15,31,Cascaded,2027,24.15,31
D0,DL/DL/2/D,ALB,6.0,,DL,DL,2,D,ALB,,60.26,47,78,63.27,5.00%,0.0009468552318788025,49.35,78,Cascaded,2027,49.349999999999994,78
D0,DL/DL/2/D,ANC,6.0,,DL,DL,2,D,ANC,,78.29,101,129,82.21,5.00%,0.0020347314557395543,106.05,129,Cascaded,2027,106.04999999999998,129
D0,DL/DL/2/D,ATL,6.0,,DL,DL,2,D,ATL,,68.45,11723,17127,71.87,5.00%,0.23616986985777025,12309.15,17127,Cascaded,2027,12309.149999999998,17127
D0,DL/DL/2/D,ATW,6.0,,DL,DL,2,D,ATW,,75.0,21,28,78.75,5.00%,0.00042306297594584794,22.05,28,Cascaded,2027,22.049999999999997,28
D0,DL/DL/2/D,AUS,6.0,,DL,DL,2,D,AUS,,79.82,720,902,83.81,5.00%,0.014505016318143358,756.0,902,Cascaded,2027,755.9999999999999,902
D0,DL/DL/2/D,AVL,6.0,,DL,DL,2,D,AVL,,72.0,90,125,75.6,5.00%,0.0018131270397679197,94.5,125,Cascaded,2027,94.49999999999999,125
D0,DL/DL/2/D,BDL,6.0,,DL,DL,2,D,BDL,,66.3,179,270,69.61,5.00%,0.003606108223538418,187.95,270,Cascaded,2027,187.95,270
D0,DL/DL/2/D,BHM,6.0,,DL,DL,2,D,BHM,,85.84,200,233,90.13,5.00%,0.004029171199484266,210.0,233,Cascaded,2027,209.99999999999997,233
D0,DL/DL/2/D,BIL,6.0,,DL,DL,2,D,BIL,,91.07,51,56,95.62,5.00%,0.0010274386558684879,53.55,56,Cascaded,2027,53.55,56
D0,DL/DL/2/D,BIS,6.0,,DL,DL,2,D,BIS,,85.71,24,28,90.0,5.00%,0.00048350054393811193,25.2,28,Cascaded,2027,25.199999999999996,28
D0,DL/DL/2/D,BNA,6.0,,DL,DL,2,D,BNA,,79.41,432,544,83.38,5.00%,0.008703009790886014,453.6,544,Cascaded,2027,453.59999999999997,544
D0,DL/DL/2/D,BOI,6.0,,DL,DL,2,D,BOI,,80.37,131,163,84.39,5.00%,0.0026391071356621945,137.55,163,Cascaded,2027,137.54999999999998,163
D0,DL/DL/2/D,BOS,6.0,,DL,DL,2,D,BOS,,59.31,994,1676,62.27,5.00%,0.0200249808614368,1043.7,1676,Cascaded,2027,1043.6999999999998,1676
D0,DL/DL/2/D,BTR,6.0,,DL,DL,2,D,BTR,,77.61,52,67,81.49,5.00%,0.001047584511865909,54.6,67,Cascaded,2027,54.599999999999994,67
D0,DL/DL/2/D,BTV,6.0,,DL,DL,2,D,BTV,,62.96,17,27,66.11,5.00%,0.0003424795519561626,17.85,27,Cascaded,2027,17.849999999999998,27
D0,DL/DL/2/D,BUF,6.0,,DL,DL,2,D,BUF,,59.4,79,133,62.37,5.00%,0.0015915226237962852,82.95,133,Cascaded,2027,82.94999999999999,133
D0,DL/DL/2/D,BUR,6.0,,DL,DL,2,D,BUR,,69.09,38,55,72.55,5.00%,0.0007655425279020105,39.9,55,Cascaded,2027,39.9,55
D0,DL/DL/2/D,BWI,6.0,,DL,DL,2,D,BWI,,72.11,243,337,75.71,5.00%,0.004895443007373383,255.15,337,Cascaded,2027,255.14999999999998,337
D0,DL/DL/2/D,BZN,6.0,,DL,DL,2,D,BZN,,71.21,94,132,74.77,5.00%,0.001893710463757605,98.7,132,Cascaded,2027,98.69999999999999,132
D0,DL/DL/2/D,CAE,6.0,,DL,DL,2,D,CAE,,70.07,103,147,73.57,5.00%,0.002075023167734397,108.15,147,Cascaded,2027,108.14999999999999,147
D0,DL/DL/2/D,CHA,6.0,,DL,DL,2,D,CHA,,76.27,45,59,80.08,5.00%,0.0009065635198839599,47.25,59,Cascaded,2027,47.24999999999999,59
D0,DL/DL/2/D,CHO,6.0,,DL,DL,2,D,CHO,,71.43,10,14,75.0,5.00%,0.0002014585599742133,10.5,14,Cascaded,2027,10.499999999999998,14
D0,DL/DL/2/D,CHS,6.0,,DL,DL,2,D,CHS,,85.61,232,271,89.89,5.00%,0.004673838591401748,243.6,271,Cascaded,2027,243.59999999999997,271
D0,DL/DL/2/D,CID,6.0,,DL,DL,2,D,CID,,89.29,25,28,93.75,5.00%,0.0005036463999355332,26.25,28,Cascaded,2027,26.249999999999996,28
D0,DL/DL/2/D,CLE,6.0,,DL,DL,2,D,CLE,,65.2,133,204,68.46,5.00%,0.002679398847657037,139.65,204,Cascaded,2027,139.64999999999998,204
D0,DL/DL/2/D,CLT,6.0,,DL,DL,2,D,CLT,,76.92,300,390,80.77,5.00%,0.006043756799226399,315.0,390,Cascaded,2027,314.99999999999994,390
D0,DL/DL/2/D,CMH,6.0,,DL,DL,2,D,CMH,,74.65,159,213,78.38,5.00%,0.0032031911035899914,166.95,213,Cascaded,2027,166.95,213
D0,DL/DL/2/D,COS,6.0,,DL,DL,2,D,COS,,60.71,17,28,63.75,5.00%,0.0003424795519561626,17.85,28,Cascaded,2027,17.849999999999998,28
D0,DL/DL/2/D,CVG,6.0,,DL,DL,2,D,CVG,,66.19,327,494,69.5,5.00%,0.006587694911156775,343.35,494,Cascaded,2027,343.34999999999997,494
D0,DL/DL/2/D,DAB,6.0,,DL,DL,2,D,DAB,,71.43,75,105,75.0,5.00%,0.0015109391998065999,78.75,105,Cascaded,2027,78.74999999999999,105
D0,DL/DL/2/D,DAL,6.0,,DL,DL,2,D,DAL,,67.46,85,126,70.83,5.00%,0.0017123977597808132,89.25,126,Cascaded,2027,89.24999999999999,126
D0,DL/DL/2/D,DAY,6.0,,DL,DL,2,D,DAY,,78.1,82,105,82.0,5.00%,0.001651960191788549,86.1,105,Cascaded,2027,86.1,105
D0,DL/DL/2/D,DCA,6.0,,DL,DL,2,D,DCA,,59.21,418,706,62.17,5.00%,0.008420967806922116,438.9,706,Cascaded,2027,438.9,706
D0,DL/DL/2/D,DEN,6.0,,DL,DL,2,D,DEN,,71.17,511,718,74.73,5.00%,0.0102945324146823,536.55,718,Cascaded,2027,536.55,718
D0,DL/DL/2/D,DFW,6.0,,DL,DL,2,D,DFW,,74.42,611,821,78.14,5.00%,0.012309118014424433,641.55,821,Cascaded,2027,641.55,821
D0,DL/DL/2/D,DJT,6.0,,DL,DL,2,D,DJT,,56.83,341,600,59.67,5.00%,0.006869736895120673,358.05,600,Cascaded,2027,358.04999999999995,600
D0,DL/DL/2/D,DSM,6.0,,DL,DL,2,D,DSM,,79.49,62,78,83.46,5.00%,0.0012490430718401224,65.1,78,Cascaded,2027,65.1,78
D0,DL/DL/2/D,DTW,6.0,,DL,DL,2,D,DTW,,65.15,2756,4230,68.41,5.00%,0.05552197912889319,2893.8,4230,Cascaded,2027,2893.7999999999997,4230
D0,DL/DL/2/D,ECP,6.0,,DL,DL,2,D,ECP,,79.88,135,169,83.88,5.00%,0.0027196905596518794,141.75,169,Cascaded,2027,141.74999999999997,169
D0,DL/DL/2/D,EGE,6.0,,DL,DL,2,D,EGE,,56.36,31,55,59.18,5.00%,0.0006245215359200612,32.55,55,Cascaded,2027,32.55,55
D0,DL/DL/2/D,ELP,6.0,,DL,DL,2,D,ELP,,83.33,45,54,87.5,5.00%,0.0009065635198839599,47.25,54,Cascaded,2027,47.24999999999999,54
D0,DL/DL/2/D,EWR,6.0,,DL,DL,2,D,EWR,,69.59,302,434,73.06,5.00%,0.0060840485112212414,317.1,434,Cascaded,2027,317.09999999999997,434
D0,DL/DL/2/D,EYW,6.0,,DL,DL,2,D,EYW,,65.18,73,112,68.44,5.00%,0.0014706474878117572,76.65,112,Cascaded,2027,76.64999999999999,112
D0,DL/DL/2/D,FAI,6.0,,DL,DL,2,D,FAI,,48.15,13,27,50.56,5.00%,0.0002618961279664773,13.65,27,Cascaded,2027,13.649999999999999,27
D0,DL/DL/2/D,FAR,6.0,,DL,DL,2,D,FAR,,64.29,36,56,67.5,5.00%,0.0007252508159071679,37.8,56,Cascaded,2027,37.8,56
D0,DL/DL/2/D,FCA,6.0,,DL,DL,2,D,FCA,,71.43,40,56,75.0,5.00%,0.0008058342398968532,42.0,56,Cascaded,2027,41.99999999999999,56
D0,DL/DL/2/D,FLL,6.0,,DL,DL,2,D,FLL,,50.52,536,1061,53.04,5.00%,0.010798178814617834,562.8,1061,Cascaded,2027,562.8,1061
D0,DL/DL/2/D,FSD,6.0,,DL,DL,2,D,FSD,,83.64,46,55,87.82,5.00%,0.0009267093758813812,48.3,55,Cascaded,2027,48.3,55
D0,DL/DL/2/D,GEG,6.0,,DL,DL,2,D,GEG,,79.64,133,167,83.62,5.00%,0.002679398847657037,139.65,167,Cascaded,2027,139.64999999999998,167
D0,DL/DL/2/D,GNV,6.0,,DL,DL,2,D,GNV,,78.57,88,112,82.5,5.00%,0.001772835327773077,92.4,112,Cascaded,2027,92.39999999999999,112
D0,DL/DL/2/D,GPT,6.0,,DL,DL,2,D,GPT,,82.65,81,98,86.79,5.00%,0.0016318143357911279,85.05,98,Cascaded,2027,85.05,98
D0,DL/DL/2/D,GRB,6.0,,DL,DL,2,D,GRB,,83.33,45,54,87.5,5.00%,0.0009065635198839599,47.25,54,Cascaded,2027,47.24999999999999,54
D0,DL/DL/2/D,GRR,6.0,,DL,DL,2,D,GRR,,70.15,94,134,73.66,5.00%,0.001893710463757605,98.7,134,Cascaded,2027,98.69999999999999,134
D0,DL/DL/2/D,GSO,6.0,,DL,DL,2,D,GSO,,84.26,166,197,88.48,5.00%,0.003344212095571941,174.3,197,Cascaded,2027,174.29999999999998,197
D0,DL/DL/2/D,GSP,6.0,,DL,DL,2,D,GSP,,75.76,175,231,79.55,5.00%,0.0035255247995487327,183.75,231,Cascaded,2027,183.74999999999997,231
D0,DL/DL/2/D,HDN,6.0,,DL,DL,2,D,HDN,,38.89,14,36,40.83,5.00%,0.0002820419839638986,14.7,36,Cascaded,2027,14.699999999999998,36
D0,DL/DL/2/D,HNL,6.0,,DL,DL,2,D,HNL,,71.67,210,293,75.26,5.00%,0.004230629759458479,220.5,293,Cascaded,2027,220.49999999999997,293
D0,DL/DL/2/D,HOU,6.0,,DL,DL,2,D,HOU,,78.12,75,96,82.03,5.00%,0.0015109391998065999,78.75,96,Cascaded,2027,78.74999999999999,96
D0,DL/DL/2/D,HPN,6.0,,DL,DL,2,D,HPN,,45.28,24,53,47.55,5.00%,0.00048350054393811193,25.2,53,Cascaded,2027,25.199999999999996,53
D0,DL/DL/2/D,HRL,6.0,,DL,DL,2,D,HRL,,87.5,14,16,91.87,5.00%,0.0002820419839638986,14.7,16,Cascaded,2027,14.699999999999998,16
D0,DL/DL/2/D,HSV,6.0,,DL,DL,2,D,HSV,,81.41,127,156,85.48,5.00%,0.002558523711672509,133.35,156,Cascaded,2027,133.35,156
D0,DL/DL/2/D,IAD,6.0,,DL,DL,2,D,IAD,,66.03,138,209,69.33,5.00%,0.0027801281276441437,144.9,209,Cascaded,2027,144.89999999999998,209
D0,DL/DL/2/D,IAH,6.0,,DL,DL,2,D,IAH,,74.32,437,588,78.04,5.00%,0.008803739070873121,458.85,588,Cascaded,2027,458.84999999999997,588
D0,DL/DL/2/D,ICT,6.0,,DL,DL,2,D,ICT,,77.92,60,77,81.82,5.00%,0.0012087513598452798,63.0,77,Cascaded,2027,62.99999999999999,77
D0,DL/DL/2/D,IDA,6.0,,DL,DL,2,D,IDA,,77.78,21,27,81.67,5.00%,0.00042306297594584794,22.05,27,Cascaded,2027,22.049999999999997,27
D0,DL/DL/2/D,ILM,6.0,,DL,DL,2,D,ILM,,67.31,35,52,70.67,5.00%,0.0007051049599097465,36.75,52,Cascaded,2027,36.74999999999999,52
D0,DL/DL/2/D,IND,6.0,,DL,DL,2,D,IND,,76.95,227,295,80.8,5.00%,0.004573109311414642,238.35,295,Cascaded,2027,238.34999999999997,295
D0,DL/DL/2/D,JAC,6.0,,DL,DL,2,D,JAC,,50.6,42,83,53.13,5.00%,0.0008461259518916959,44.1,83,Cascaded,2027,44.099999999999994,83
D0,DL/DL/2/D,JAN,6.0,,DL,DL,2,D,JAN,,84.44,114,135,88.67,5.00%,0.0022966275837060317,119.7,135,Cascaded,2027,119.69999999999999,135
D0,DL/DL/2/D,JAX,6.0,,DL,DL,2,D,JAX,,72.34,285,394,75.95,5.00%,0.0057415689592650795,299.25,394,Cascaded,2027,299.24999999999994,394
D0,DL/DL/2/D,JFK,6.0,,DL,DL,2,D,JFK,,64.76,1301,2009,68.0,5.00%,0.02620975865264515,1366.05,2009,Cascaded,2027,1366.0499999999997,2009
D0,DL/DL/2/D,KOA,6.0,,DL,DL,2,D,KOA,,74.67,56,75,78.4,5.00%,0.0011281679358555944,58.8,75,Cascaded,2027,58.79999999999999,75
D0,DL/DL/2/D,LAS,6.0,,DL,DL,2,D,LAS,,68.07,795,1168,71.47,5.00%,0.01601595551794996,834.75,1168,Cascaded,2027,834.7499999999999,1168
D0,DL/DL/2/D,LAX,6.0,,DL,DL,2,D,LAX,,66.13,1712,2589,69.43,5.00%,0.03448970546758532,1797.6,2589,Cascaded,2027,1797.6,2589
D0,DL/DL/2/D,LEX,6.0,,DL,DL,2,D,LEX,,77.21,105,136,81.07,5.00%,0.0021153148797292396,110.25,136,Cascaded,2027,110.24999999999999,136
D0,DL/DL/2/D,LGA,6.0,,DL,DL,2,D,LGA,,65.13,1304,2002,68.39,5.00%,0.026270196220637414,1369.2,2002,Cascaded,2027,1369.1999999999998,2002
D0,DL/DL/2/D,LGB,6.0,,DL,DL,2,D,LGB,,76.36,42,55,80.18,5.00%,0.0008461259518916959,44.1,55,Cascaded,2027,44.099999999999994,55
D0,DL/DL/2/D,LIH,6.0,,DL,DL,2,D,LIH,,81.82,45,55,85.91,5.00%,0.0009065635198839599,47.25,55,Cascaded,2027,47.24999999999999,55
D0,DL/DL/2/D,LIT,6.0,,DL,DL,2,D,LIT,,85.71,132,154,90.0,5.00%,0.0026592529916596155,138.6,154,Cascaded,2027,138.6,154
D0,DL/DL/2/D,MCI,6.0,,DL,DL,2,D,MCI,,81.69,415,508,85.78,5.00%,0.008360530238929851,435.75,508,Cascaded,2027,435.74999999999994,508
D0,DL/DL/2/D,MCO,6.0,,DL,DL,2,D,MCO,,59.98,1019,1699,62.98,5.00%,0.020528627261372334,1069.95,1699,Cascaded,2027,1069.9499999999998,1699
D0,DL/DL/2/D,MDT,6.0,,DL,DL,2,D,MDT,,70.27,52,74,73.78,5.00%,0.001047584511865909,54.6,74,Cascaded,2027,54.599999999999994,74
D0,DL/DL/2/D,MDW,6.0,,DL,DL,2,D,MDW,,69.23,72,104,72.69,5.00%,0.0014505016318143357,75.6,104,Cascaded,2027,75.6,104
D0,DL/DL/2/D,MEM,6.0,,DL,DL,2,D,MEM,,78.14,243,311,82.04,5.00%,0.004895443007373383,255.15,311,Cascaded,2027,255.14999999999998,311
D0,DL/DL/2/D,MIA,6.0,,DL,DL,2,D,MIA,,54.91,520,947,57.66,5.00%,0.010475845118659092,546.0,947,Cascaded,2027,545.9999999999999,947
D0,DL/DL/2/D,MKE,6.0,,DL,DL,2,D,MKE,,73.59,170,231,77.27,5.00%,0.0034247955195616264,178.5,231,Cascaded,2027,178.49999999999997,231
D0,DL/DL/2/D,MLB,6.0,,DL,DL,2,D,MLB,,72.32,81,112,75.94,5.00%,0.0016318143357911279,85.05,112,Cascaded,2027,85.05,112
D0,DL/DL/2/D,MOB,6.0,,DL,DL,2,D,MOB,,82.54,52,63,86.67,5.00%,0.001047584511865909,54.6,63,Cascaded,2027,54.599999999999994,63
D0,DL/DL/2/D,MSN,6.0,,DL,DL,2,D,MSN,,80.0,84,105,84.0,5.00%,0.0016922519037833917,88.2,105,Cascaded,2027,88.19999999999999,105
D0,DL/DL/2/D,MSO,6.0,,DL,DL,2,D,MSO,,77.38,65,84,81.25,5.00%,0.0013094806398323865,68.25,84,Cascaded,2027,68.24999999999999,84
D0,DL/DL/2/D,MSP,6.0,,DL,DL,2,D,MSP,,67.78,2829,4174,71.17,5.00%,0.05699262661670494,2970.45,4174,Cascaded,2027,2970.45,4174
D0,DL/DL/2/D,MSY,6.0,,DL,DL,2,D,MSY,,73.28,425,580,76.94,5.00%,0.008561988798904066,446.25,580,Cascaded,2027,446.24999999999994,580
D0,DL/DL/2/D,MTJ,6.0,,DL,DL,2,D,MTJ,,50.0,14,28,52.5,5.00%,0.0002820419839638986,14.7,28,Cascaded,2027,14.699999999999998,28
D0,DL/DL/2/D,MYR,6.0,,DL,DL,2,D,MYR,,87.74,93,106,92.12,5.00%,0.0018735646077601836,97.65,106,Cascaded,2027,97.64999999999999,106
D0,DL/DL/2/D,OGG,6.0,,DL,DL,2,D,OGG,,65.05,67,103,68.3,5.00%,0.0013497723518272292,70.35,103,Cascaded,2027,70.35,103
D0,DL/DL/2/D,OKC,6.0,,DL,DL,2,D,OKC,,84.21,112,133,88.42,5.00%,0.002256335871711189,117.6,133,Cascaded,2027,117.59999999999998,133
D0,DL/DL/2/D,OMA,6.0,,DL,DL,2,D,OMA,,86.57,116,134,90.9,5.00%,0.002336919295700874,121.8,134,Cascaded,2027,121.79999999999998,134
D0,DL/DL/2/D,ONT,6.0,,DL,DL,2,D,ONT,,68.66,92,134,72.09,5.00%,0.0018534187517627624,96.6,134,Cascaded,2027,96.6,134
D0,DL/DL/2/D,ORD,6.0,,DL,DL,2,D,ORD,,67.24,349,519,70.61,5.00%,0.007030903743100044,366.45,519,Cascaded,2027,366.44999999999993,519
D0,DL/DL/2/D,ORF,6.0,,DL,DL,2,D,ORF,,71.64,144,201,75.22,5.00%,0.0029010032636286715,151.2,201,Cascaded,2027,151.2,201
D0,DL/DL/2/D,PDX,6.0,,DL,DL,2,D,PDX,,75.88,346,456,79.67,5.00%,0.0069704661751077805,363.3,456,Cascaded,2027,363.29999999999995,456
D0,DL/DL/2/D,PHL,6.0,,DL,DL,2,D,PHL,,71.69,314,438,75.27,5.00%,0.006325798783190298,329.7,438,Cascaded,2027,329.7,438
D0,DL/DL/2/D,PHX,6.0,,DL,DL,2,D,PHX,,65.16,505,775,68.42,5.00%,0.010173657278697772,530.25,775,Cascaded,2027,530.25,775
D0,DL/DL/2/D,PIT,6.0,,DL,DL,2,D,PIT,,76.37,181,237,80.19,5.00%,0.003646399935533261,190.05,237,Cascaded,2027,190.04999999999998,237
D0,DL/DL/2/D,PNS,6.0,,DL,DL,2,D,PNS,,84.38,162,192,88.59,5.00%,0.0032636286715822557,170.1,192,Cascaded,2027,170.1,192
D0,DL/DL/2/D,PSC,6.0,,DL,DL,2,D,PSC,,96.43,27,28,101.25,5.00%,0.0005439381119303759,28.35,28,Cascaded,2027,28.349999999999998,28
D0,DL/DL/2/D,PSP,6.0,,DL,DL,2,D,PSP,,53.57,75,140,56.25,5.00%,0.0015109391998065999,78.75,140,Cascaded,2027,78.74999999999999,140
D0,DL/DL/2/D,PVD,6.0,,DL,DL,2,D,PVD,,67.12,49,73,70.48,5.00%,0.0009871469438736452,51.45,73,Cascaded,2027,51.449999999999996,73
D0,DL/DL/2/D,PWM,6.0,,DL,DL,2,D,PWM,,83.33,25,30,87.5,5.00%,0.0005036463999355332,26.25,30,Cascaded,2027,26.249999999999996,30
D0,DL/DL/2/D,RDU,6.0,,DL,DL,2,D,RDU,,69.39,578,833,72.86,5.00%,0.011644304766509529,606.9,833,Cascaded,2027,606.9,833
D0,DL/DL/2/D,RIC,6.0,,DL,DL,2,D,RIC,,84.24,155,184,88.45,5.00%,0.003122607679600306,162.75,184,Cascaded,2027,162.74999999999997,184
D0,DL/DL/2/D,RNO,6.0,,DL,DL,2,D,RNO,,55.26,42,76,58.03,5.00%,0.0008461259518916959,44.1,76,Cascaded,2027,44.099999999999994,76
D0,DL/DL/2/D,ROA,6.0,,DL,DL,2,D,ROA,,92.86,26,28,97.5,5.00%,0.0005237922559329545,27.3,28,Cascaded,2027,27.299999999999997,28
D0,DL/DL/2/D,ROC,6.0,,DL,DL,2,D,ROC,,45.28,48,106,47.55,5.00%,0.0009670010878762239,50.4,106,Cascaded,2027,50.39999999999999,106
D0,DL/DL/2/D,RSW,6.0,,DL,DL,2,D,RSW,,66.04,459,695,69.35,5.00%,0.009246947902816391,481.95,695,Cascaded,2027,481.94999999999993,695
D0,DL/DL/2/D,SAN,6.0,,DL,DL,2,D,SAN,,70.71,461,652,74.24,5.00%,0.009287239614811234,484.05,652,Cascaded,2027,484.04999999999995,652
D0,DL/DL/2/D,SAT,6.0,,DL,DL,2,D,SAT,,78.69,373,474,82.63,5.00%,0.007514404287038156,391.65,474,Cascaded,2027,391.65,474
D0,DL/DL/2/D,SAV,6.0,,DL,DL,2,D,SAV,,72.66,194,267,76.29,5.00%,0.003908296063499738,203.7,267,Cascaded,2027,203.7,267
D0,DL/DL/2/D,SDF,6.0,,DL,DL,2,D,SDF,,79.27,153,193,83.24,5.00%,0.0030823159676054636,160.65,193,Cascaded,2027,160.64999999999998,193
D0,DL/DL/2/D,SEA,6.0,,DL,DL,2,D,SEA,,67.53,1483,2196,70.91,5.00%,0.029876304444175834,1557.15,2196,Cascaded,2027,1557.1499999999999,2196
D0,DL/DL/2/D,SFO,6.0,,DL,DL,2,D,SFO,,62.73,589,939,65.86,5.00%,0.011865909182481163,618.45,939,Cascaded,2027,618.4499999999999,939
D0,DL/DL/2/D,SGF,6.0,,DL,DL,2,D,SGF,,59.09,13,22,62.05,5.00%,0.0002618961279664773,13.65,22,Cascaded,2027,13.649999999999999,22
D0,DL/DL/2/D,SJC,6.0,,DL,DL,2,D,SJC,,79.5,159,200,83.48,5.00%,0.0032031911035899914,166.95,200,Cascaded,2027,166.95,200
D0,DL/DL/2/D,SJU,6.0,,DL,DL,2,D,SJU,,70.76,213,301,74.3,5.00%,0.004291067327450744,223.65,301,Cascaded,2027,223.64999999999998,301
D0,DL/DL/2/D,SLC,6.0,,DL,DL,2,D,SLC,,67.18,2724,4055,70.54,5.00%,0.0548773117369757,2860.2,4055,Cascaded,2027,2860.2,4055
D0,DL/DL/2/D,SMF,6.0,,DL,DL,2,D,SMF,,86.12,180,209,90.43,5.00%,0.0036262540795358395,189.0,209,Cascaded,2027,188.99999999999997,209
D0,DL/DL/2/D,SNA,6.0,,DL,DL,2,D,SNA,,62.42,201,322,65.54,5.00%,0.004049317055481687,211.05,322,Cascaded,2027,211.04999999999998,322
D0,DL/DL/2/D,SRQ,6.0,,DL,DL,2,D,SRQ,,74.45,236,317,78.17,5.00%,0.004754422015391434,247.8,317,Cascaded,2027,247.79999999999998,317
D0,DL/DL/2/D,STL,6.0,,DL,DL,2,D,STL,,76.58,255,333,80.41,5.00%,0.005137193279342439,267.75,333,Cascaded,2027,267.74999999999994,333
D0,DL/DL/2/D,STT,6.0,,DL,DL,2,D,STT,,60.48,75,124,63.51,5.00%,0.0015109391998065999,78.75,124,Cascaded,2027,78.74999999999999,124
D0,DL/DL/2/D,STX,6.0,,DL,DL,2,D,STX,,30.43,7,23,31.96,5.00%,0.0001410209919819493,7.35,23,Cascaded,2027,7.349999999999999,23
D0,DL/DL/2/D,SYR,6.0,,DL,DL,2,D,SYR,,67.92,72,106,71.32,5.00%,0.0014505016318143357,75.6,106,Cascaded,2027,75.6,106
D0,DL/DL/2/D,TLH,6.0,,DL,DL,2,D,TLH,,79.49,124,156,83.46,5.00%,0.002498086143680245,130.2,156,Cascaded,2027,130.2,156
D0,DL/DL/2/D,TPA,6.0,,DL,DL,2,D,TPA,,68.66,736,1072,72.09,5.00%,0.0148273500141021,772.8,1072,Cascaded,2027,772.8,1072
D0,DL/DL/2/D,TRI,6.0,,DL,DL,2,D,TRI,,0.0,0,1,0.0,0.00%,0.0,0.0,1,Cascaded,2027,0.0,1
D0,DL/DL/2/D,TUL,6.0,,DL,DL,2,D,TUL,,83.96,89,106,88.16,5.00%,0.0017929811837704985,93.45,106,Cascaded,2027,93.44999999999999,106
D0,DL/DL/2/D,TUS,6.0,,DL,DL,2,D,TUS,,66.67,84,126,70.0,5.00%,0.0016922519037833917,88.2,126,Cascaded,2027,88.19999999999999,126
D0,DL/DL/2/D,TVC,6.0,,DL,DL,2,D,TVC,,71.43,20,28,75.0,5.00%,0.0004029171199484266,21.0,28,Cascaded,2027,20.999999999999996,28
D0,DL/DL/2/D,TYS,6.0,,DL,DL,2,D,TYS,,76.67,92,120,80.5,5.00%,0.0018534187517627624,96.6,120,Cascaded,2027,96.6,120
D0,DL/DL/2/D,VPS,6.0,,DL,DL,2,D,VPS,,68.82,128,186,72.26,5.00%,0.00257866956766993,134.4,186,Cascaded,2027,134.39999999999998,186
D0,DL/DL/2/D,XNA,6.0,,DL,DL,2,D,XNA,,81.48,22,27,85.56,5.00%,0.00044320883194326927,23.1,27,Cascaded,2027,23.099999999999998,27
D0,DL/DL/2/I,ACC,6.0,,DL,DL,2,I,ACC,,26.92,7,26,28.27,5.00%,0.0009633911368015414,7.35,26,Cascaded,2027,7.35,26
D0,DL/DL/2/I,AKL,6.0,,DL,DL,2,I,AKL,,82.14,23,28,86.25,5.00%,0.0031654280209193505,24.15,28,Cascaded,2027,24.15,28
D0,DL/DL/2/I,AMS,6.0,,DL,DL,2,I,AMS,,31.18,111,356,32.74,5.00%,0.0152766308835673,116.55,356,Cascaded,2027,116.54999999999998,356
D0,DL/DL/2/I,ANU,6.0,,DL,DL,2,I,ANU,,54.55,6,11,57.27,5.00%,0.0008257638315441783,6.3,11,Cascaded,2027,6.299999999999999,11
D0,DL/DL/2/I,ATL,6.0,,DL,DL,2,I,ATL,,65.13,1511,2320,68.39,5.00%,0.20795485824387558,1586.55,2320,Cascaded,2027,1586.5499999999997,2320
D0,DL/DL/2/I,AUA,6.0,,DL,DL,2,I,AUA,,64.96,76,117,68.21,5.00%,0.010459675199559593,79.8,117,Cascaded,2027,79.8,117
D0,DL/DL/2/I,AUS,6.0,,DL,DL,2,I,AUS,,92.86,26,28,97.5,5.00%,0.0035783099366914397,27.3,28,Cascaded,2027,27.299999999999997,28
D0,DL/DL/2/I,BCN,6.0,,DL,DL,2,I,BCN,,54.29,19,35,57.0,5.00%,0.002614918799889898,19.95,35,Cascaded,2027,19.95,35
D0,DL/DL/2/I,BDA,6.0,,DL,DL,2,I,BDA,,76.92,20,26,80.77,5.00%,0.0027525461051472614,21.0,26,Cascaded,2027,20.999999999999996,26
D0,DL/DL/2/I,BGI,6.0,,DL,DL,2,I,BGI,,73.33,22,30,77.0,5.00%,0.0030278007156619873,23.1,30,Cascaded,2027,23.099999999999998,30
D0,DL/DL/2/I,BNA,6.0,,DL,DL,2,I,BNA,,100.0,4,4,105.0,5.00%,0.0005505092210294523,4.2,4,Cascaded,2027,4.199999999999999,4
D0,DL/DL/2/I,BNE,6.0,,DL,DL,2,I,BNE,,54.55,6,11,57.27,5.00%,0.0008257638315441783,6.3,11,Cascaded,2027,6.299999999999999,11
D0,DL/DL/2/I,BOG,6.0,,DL,DL,2,I,BOG,,73.91,34,46,77.61,5.00%,0.004679328378750344,35.7,46,Cascaded,2027,35.699999999999996,46
D0,DL/DL/2/I,BON,6.0,,DL,DL,2,I,BON,,50.0,3,6,52.5,5.00%,0.00041288191577208916,3.15,6,Cascaded,2027,3.1499999999999995,6
D0,DL/DL/2/I,BOS,6.0,,DL,DL,2,I,BOS,,70.33,147,209,73.85,5.00%,0.02023121387283237,154.35,209,Cascaded,2027,154.35,209
D0,DL/DL/2/I,BZE,6.0,,DL,DL,2,I,BZE,,76.32,29,38,80.13,5.00%,0.003991191852463528,30.45,38,Cascaded,2027,30.449999999999996,38
D0,DL/DL/2/I,CDG,6.0,,DL,DL,2,I,CDG,,48.51,114,235,50.94,5.00%,0.01568951279933939,119.7,235,Cascaded,2027,119.69999999999999,235
D0,DL/DL/2/I,CPT,6.0,,DL,DL,2,I,CPT,,60.0,12,20,63.0,5.00%,0.0016515276630883566,12.6,20,Cascaded,2027,12.599999999999998,20
D0,DL/DL/2/I,CTG,6.0,,DL,DL,2,I,CTG,,73.08,19,26,76.73,5.00%,0.002614918799889898,19.95,26,Cascaded,2027,19.95,26
D0,DL/DL/2/I,CUN,6.0,,DL,DL,2,I,CUN,,53.55,347,648,56.23,5.00%,0.04775667492430498,364.35,648,Cascaded,2027,364.34999999999997,648
D0,DL/DL/2/I,CUR,6.0,,DL,DL,2,I,CUR,,73.08,19,26,76.73,5.00%,0.002614918799889898,19.95,26,Cascaded,2027,19.95,26
D0,DL/DL/2/I,CVG,6.0,,DL,DL,2,I,CVG,,57.14,4,7,60.0,5.00%,0.0005505092210294523,4.2,7,Cascaded,2027,4.199999999999999,7
D0,DL/DL/2/I,CZM,6.0,,DL,DL,2,I,CZM,,81.58,31,38,85.66,5.00%,0.004266446462978255,32.55,38,Cascaded,2027,32.55,38
D0,DL/DL/2/I,DSS,6.0,,DL,DL,2,I,DSS,,73.33,11,15,77.0,5.00%,0.0015139003578309937,11.55,15,Cascaded,2027,11.549999999999999,15
D0,DL/DL/2/I,DTW,6.0,,DL,DL,2,I,DTW,,75.05,355,473,78.81,5.00%,0.048857693366363884,372.75,473,Cascaded,2027,372.74999999999994,473
D0,DL/DL/2/I,DUB,6.0,,DL,DL,2,I,DUB,,73.81,31,42,77.5,5.00%,0.004266446462978255,32.55,42,Cascaded,2027,32.55,42
D0,DL/DL/2/I,EZE,6.0,,DL,DL,2,I,EZE,,50.0,32,64,52.5,5.00%,0.004404073768235618,33.6,64,Cascaded,2027,33.599999999999994,64
D0,DL/DL/2/I,FCO,6.0,,DL,DL,2,I,FCO,,77.78,42,54,81.67,5.00%,0.005780346820809248,44.1,54,Cascaded,2027,44.099999999999994,54
D0,DL/DL/2/I,FRA,6.0,,DL,DL,2,I,FRA,,82.35,42,51,86.47,5.00%,0.005780346820809248,44.1,51,Cascaded,2027,44.099999999999994,51
D0,DL/DL/2/I,GCM,6.0,,DL,DL,2,I,GCM,,86.0,43,50,90.3,5.00%,0.0059179741260666115,45.15,50,Cascaded,2027,45.15,50
D0,DL/DL/2/I,GDL,6.0,,DL,DL,2,I,GDL,,96.3,26,27,101.11,5.00%,0.0035783099366914397,27.3,27,Cascaded,2027,27.299999999999997,27
D0,DL/DL/2/I,GIG,6.0,,DL,DL,2,I,GIG,,62.96,34,54,66.11,5.00%,0.004679328378750344,35.7,54,Cascaded,2027,35.699999999999996,54
D0,DL/DL/2/I,GND,6.0,,DL,DL,2,I,GND,,80.0,16,20,84.0,5.00%,0.002202036884117809,16.8,20,Cascaded,2027,16.799999999999997,20
D0,DL/DL/2/I,GRU,6.0,,DL,DL,2,I,GRU,,67.07,55,82,70.43,5.00%,0.007569501789154968,57.75,82,Cascaded,2027,57.74999999999999,82
D0,DL/DL/2/I,GUA,6.0,,DL,DL,2,I,GUA,,71.88,23,32,75.47,5.00%,0.0031654280209193505,24.15,32,Cascaded,2027,24.15,32
D0,DL/DL/2/I,HAV,6.0,,DL,DL,2,I,HAV,,71.43,20,28,75.0,5.00%,0.0027525461051472614,21.0,28,Cascaded,2027,20.999999999999996,28
D0,DL/DL/2/I,HND,6.0,,DL,DL,2,I,HND,,69.64,117,168,73.12,5.00%,0.01610239471511148,122.85,168,Cascaded,2027,122.85,168
D0,DL/DL/2/I,HNL,6.0,,DL,DL,2,I,HNL,,67.86,19,28,71.25,5.00%,0.002614918799889898,19.95,28,Cascaded,2027,19.95,28
D0,DL/DL/2/I,ICN,6.0,,DL,DL,2,I,ICN,,78.29,119,152,82.2,5.00%,0.016377649325626204,124.95,152,Cascaded,2027,124.94999999999999,152
D0,DL/DL/2/I,IND,6.0,,DL,DL,2,I,IND,,50.0,2,4,52.5,5.00%,0.0002752546105147261,2.1,4,Cascaded,2027,2.0999999999999996,4
D0,DL/DL/2/I,JFK,6.0,,DL,DL,2,I,JFK,,65.26,618,947,68.52,5.00%,0.08505367464905036,648.9,947,Cascaded,2027,648.9,947
D0,DL/DL/2/I,JNB,6.0,,DL,DL,2,I,JNB,,75.0,15,20,78.75,5.00%,0.002064409578860446,15.75,20,Cascaded,2027,15.749999999999998,20
D0,DL/DL/2/I,KIN,6.0,,DL,DL,2,I,KIN,,72.0,18,25,75.6,5.00%,0.002477291494632535,18.9,25,Cascaded,2027,18.9,25
D0,DL/DL/2/I,LAX,6.0,,DL,DL,2,I,LAX,,57.89,143,247,60.79,5.00%,0.019680704651802917,150.15,247,Cascaded,2027,150.14999999999998,247
D0,DL/DL/2/I,LGA,6.0,,DL,DL,2,I,LGA,,80.77,21,26,84.81,5.00%,0.002890173410404624,22.05,26,Cascaded,2027,22.049999999999997,26
D0,DL/DL/2/I,LHR,6.0,,DL,DL,2,I,LHR,,82.33,219,266,86.45,5.00%,0.03014037985136251,229.95,266,Cascaded,2027,229.95,266
D0,DL/DL/2/I,LIM,6.0,,DL,DL,2,I,LIM,,71.43,20,28,75.0,5.00%,0.0027525461051472614,21.0,28,Cascaded,2027,20.999999999999996,28
D0,DL/DL/2/I,LIR,6.0,,DL,DL,2,I,LIR,,62.77,59,94,65.9,5.00%,0.008120011010184421,61.95,94,Cascaded,2027,61.949999999999996,94
D0,DL/DL/2/I,LIS,6.0,,DL,DL,2,I,LIS,,67.65,23,34,71.03,5.00%,0.0031654280209193505,24.15,34,Cascaded,2027,24.15,34
D0,DL/DL/2/I,LOS,6.0,,DL,DL,2,I,LOS,,3.85,1,26,4.04,5.00%,0.00013762730525736306,1.05,26,Cascaded,2027,1.0499999999999998,26
D0,DL/DL/2/I,MAD,6.0,,DL,DL,2,I,MAD,,68.29,28,41,71.71,5.00%,0.0038535645472061657,29.4,41,Cascaded,2027,29.4,41
D0,DL/DL/2/I,MBJ,6.0,,DL,DL,2,I,MBJ,,69.86,102,146,73.36,5.00%,0.014037985136251032,107.1,146,Cascaded,2027,107.1,146
D0,DL/DL/2/I,MCI,6.0,,DL,DL,2,I,MCI,,0.0,0,4,0.0,0.00%,0.0,0.0,4,Cascaded,2027,0.0,4
D0,DL/DL/2/I,MCO,6.0,,DL,DL,2,I,MCO,,57.14,16,28,60.0,5.00%,0.002202036884117809,16.8,28,Cascaded,2027,16.799999999999997,28
D0,DL/DL/2/I,MEL,6.0,,DL,DL,2,I,MEL,,33.33,4,12,35.0,5.00%,0.0005505092210294523,4.2,12,Cascaded,2027,4.199999999999999,12
D0,DL/DL/2/I,MEX,6.0,,DL,DL,2,I,MEX,,76.58,170,222,80.41,5.00%,0.02339664189375172,178.5,222,Cascaded,2027,178.49999999999997,222
D0,DL/DL/2/I,MIA,6.0,,DL,DL,2,I,MIA,,46.43,13,28,48.75,5.00%,0.0017891549683457198,13.65,28,Cascaded,2027,13.649999999999999,28
D0,DL/DL/2/I,MSP,6.0,,DL,DL,2,I,MSP,,72.29,454,628,75.91,5.00%,0.06248279658684283,476.7,628,Cascaded,2027,476.69999999999993,628
D0,DL/DL/2/I,MTY,6.0,,DL,DL,2,I,MTY,,92.86,26,28,97.5,5.00%,0.0035783099366914397,27.3,28,Cascaded,2027,27.299999999999997,28
D0,DL/DL/2/I,MUC,6.0,,DL,DL,2,I,MUC,,78.95,15,19,82.89,5.00%,0.002064409578860446,15.75,19,Cascaded,2027,15.749999999999998,19
D0,DL/DL/2/I,MXP,6.0,,DL,DL,2,I,MXP,,45.16,28,62,47.42,5.00%,0.0038535645472061657,29.4,62,Cascaded,2027,29.4,62
D0,DL/DL/2/I,MZT,6.0,,DL,DL,2,I,MZT,,100.0,4,4,105.0,5.00%,0.0005505092210294523,4.2,4,Cascaded,2027,4.199999999999999,4
D0,DL/DL/2/I,NAS,6.0,,DL,DL,2,I,NAS,,79.44,143,180,83.42,5.00%,0.019680704651802917,150.15,180,Cascaded,2027,150.14999999999998,180
D0,DL/DL/2/I,PLS,6.0,,DL,DL,2,I,PLS,,82.22,74,90,86.33,5.00%,0.010184420589044866,77.7,90,Cascaded,2027,77.69999999999999,90
D0,DL/DL/2/I,POP,6.0,,DL,DL,2,I,POP,,85.0,17,20,89.25,5.00%,0.002339664189375172,17.85,20,Cascaded,2027,17.849999999999998,20
D0,DL/DL/2/I,PTY,6.0,,DL,DL,2,I,PTY,,82.14,23,28,86.25,5.00%,0.0031654280209193505,24.15,28,Cascaded,2027,24.15,28
D0,DL/DL/2/I,PUJ,6.0,,DL,DL,2,I,PUJ,,65.55,156,238,68.82,5.00%,0.021469859620148638,163.8,238,Cascaded,2027,163.79999999999998,238
D0,DL/DL/2/I,PVG,6.0,,DL,DL,2,I,PVG,,83.82,57,68,88.01,5.00%,0.007844756399669695,59.85,68,Cascaded,2027,59.849999999999994,68
D0,DL/DL/2/I,PVR,6.0,,DL,DL,2,I,PVR,,76.0,133,175,79.8,5.00%,0.018304431599229287,139.65,175,Cascaded,2027,139.64999999999998,175
D0,DL/DL/2/I,RAK,6.0,,DL,DL,2,I,RAK,,50.0,6,12,52.5,5.00%,0.0008257638315441783,6.3,12,Cascaded,2027,6.299999999999999,12
D0,DL/DL/2/I,RDU,6.0,,DL,DL,2,I,RDU,,100.0,4,4,105.0,5.00%,0.0005505092210294523,4.2,4,Cascaded,2027,4.199999999999999,4
D0,DL/DL/2/I,RTB,6.0,,DL,DL,2,I,RTB,,66.67,6,9,70.0,5.00%,0.0008257638315441783,6.3,9,Cascaded,2027,6.299999999999999,9
D0,DL/DL/2/I,SAL,6.0,,DL,DL,2,I,SAL,,57.69,15,26,60.58,5.00%,0.002064409578860446,15.75,26,Cascaded,2027,15.749999999999998,26
D0,DL/DL/2/I,SAP,6.0,,DL,DL,2,I,SAP,,73.08,19,26,76.73,5.00%,0.002614918799889898,19.95,26,Cascaded,2027,19.95,26
D0,DL/DL/2/I,SCL,6.0,,DL,DL,2,I,SCL,,78.57,22,28,82.5,5.00%,0.0030278007156619873,23.1,28,Cascaded,2027,23.099999999999998,28
D0,DL/DL/2/I,SDQ,6.0,,DL,DL,2,I,SDQ,,51.46,53,103,54.03,5.00%,0.007294247178640243,55.65,103,Cascaded,2027,55.64999999999999,103
D0,DL/DL/2/I,SEA,6.0,,DL,DL,2,I,SEA,,64.58,175,271,67.8,5.00%,0.024084778420038536,183.75,271,Cascaded,2027,183.74999999999997,271
D0,DL/DL/2/I,SJD,6.0,,DL,DL,2,I,SJD,,65.41,174,266,68.68,5.00%,0.023947151114781174,182.7,266,Cascaded,2027,182.7,266
D0,DL/DL/2/I,SJO,6.0,,DL,DL,2,I,SJO,,78.69,48,61,82.62,5.00%,0.006606110652353427,50.4,61,Cascaded,2027,50.39999999999999,61
D0,DL/DL/2/I,SKB,6.0,,DL,DL,2,I,SKB,,50.0,4,8,52.5,5.00%,0.0005505092210294523,4.2,8,Cascaded,2027,4.199999999999999,8
D0,DL/DL/2/I,SLC,6.0,,DL,DL,2,I,SLC,,65.53,173,264,68.81,5.00%,0.023809523809523808,181.65,264,Cascaded,2027,181.64999999999998,264
D0,DL/DL/2/I,STI,6.0,,DL,DL,2,I,STI,,63.51,47,74,66.69,5.00%,0.006468483347096064,49.35,74,Cascaded,2027,49.349999999999994,74
D0,DL/DL/2/I,SVD,6.0,,DL,DL,2,I,SVD,,95.0,19,20,99.75,5.00%,0.002614918799889898,19.95,20,Cascaded,2027,19.95,20
D0,DL/DL/2/I,SXM,6.0,,DL,DL,2,I,SXM,,40.62,26,64,42.66,5.00%,0.0035783099366914397,27.3,64,Cascaded,2027,27.299999999999997,64
D0,DL/DL/2/I,SYD,6.0,,DL,DL,2,I,SYD,,68.29,28,41,71.71,5.00%,0.0038535645472061657,29.4,41,Cascaded,2027,29.4,41
D0,DL/DL/2/I,TLV,6.0,,DL,DL,2,I,TLV,,69.23,18,26,72.69,5.00%,0.002477291494632535,18.9,26,Cascaded,2027,18.9,26
D0,DL/DL/2/I,TPA,6.0,,DL,DL,2,I,TPA,,68.75,11,16,72.19,5.00%,0.0015139003578309937,11.55,16,Cascaded,2027,11.549999999999999,16
D0,DL/DL/2/I,TPE,6.0,,DL,DL,2,I,TPE,,78.57,22,28,82.5,5.00%,0.0030278007156619873,23.1,28,Cascaded,2027,23.099999999999998,28
D0,DL/DL/2/I,TQO,6.0,,DL,DL,2,I,TQO,,67.86,19,28,71.25,5.00%,0.002614918799889898,19.95,28,Cascaded,2027,19.95,28
D0,DL/DL/2/I,UIO,6.0,,DL,DL,2,I,UIO,,39.29,11,28,41.25,5.00%,0.0015139003578309937,11.55,28,Cascaded,2027,11.549999999999999,28
D0,DL/DL/2/I,UVF,6.0,,DL,DL,2,I,UVF,,53.57,15,28,56.25,5.00%,0.002064409578860446,15.75,28,Cascaded,2027,15.749999999999998,28
D0,DL/DL/2/I,VCE,6.0,,DL,DL,2,I,VCE,,77.78,7,9,81.67,5.00%,0.0009633911368015414,7.35,9,Cascaded,2027,7.35,9
D0,DL/DL/2/I,YUL,6.0,,DL,DL,2,I,YUL,,70.13,54,77,73.64,5.00%,0.007431874483897605,56.7,77,Cascaded,2027,56.699999999999996,77
D0,DL/DL/2/I,YVR,6.0,,DL,DL,2,I,YVR,,62.5,35,56,65.62,5.00%,0.004816955684007707,36.75,56,Cascaded,2027,36.75,56
D0,DL/DL/2/I,YYC,6.0,,DL,DL,2,I,YYC,,78.57,22,28,82.5,5.00%,0.0030278007156619873,23.1,28,Cascaded,2027,23.099999999999998,28
D0,DL/DL/2/I,YYZ,6.0,,DL,DL,2,I,YYZ,,62.86,44,70,66.0,5.00%,0.006055601431323975,46.2,70,Cascaded,2027,46.199999999999996,70
D0,DL/DL/2/I,ZRH,6.0,,DL,DL,2,I,ZRH,,60.0,12,20,63.0,5.00%,0.0016515276630883566,12.6,20,Cascaded,2027,12.599999999999998,20
D0,DL/DL/3/D,ABQ,6.0,,DL,DL,3,D,ABQ,,68.67,57,83,72.11,5.00%,0.0010411909763448717,59.85,83,Cascaded,2027,59.85,83
D0,DL/DL/3/D,ALB,6.0,,DL,DL,3,D,ALB,,71.17,79,111,74.73,5.00%,0.0014430541601972782,82.95,111,Cascaded,2027,82.95,111
D0,DL/DL/3/D,ANC,6.0,,DL,DL,3,D,ANC,,71.81,107,149,75.4,5.00%,0.0019545163941912503,112.35,149,Cascaded,2027,112.35,149
D0,DL/DL/3/D,ATL,6.0,,DL,DL,3,D,ATL,,62.42,12202,19547,65.55,5.00%,0.22288793497123024,12812.1,19547,Cascaded,2027,12812.1,19547
D0,DL/DL/3/D,ATW,6.0,,DL,DL,3,D,ATW,,71.43,20,28,75.0,5.00%,0.00036533016713855145,21.0,28,Cascaded,2027,21.0,28
D0,DL/DL/3/D,AUS,6.0,,DL,DL,3,D,AUS,,70.5,767,1088,74.02,5.00%,0.014010411909763449,805.35,1088,Cascaded,2027,805.35,1088
D0,DL/DL/3/D,AVL,6.0,,DL,DL,3,D,AVL,,78.08,114,146,81.99,5.00%,0.0020823819526897434,119.7,146,Cascaded,2027,119.7,146
D0,DL/DL/3/D,BDL,6.0,,DL,DL,3,D,BDL,,66.56,213,320,69.89,5.00%,0.003890766280025573,223.65,320,Cascaded,2027,223.65,320
D0,DL/DL/3/D,BHM,6.0,,DL,DL,3,D,BHM,,75.36,211,280,79.12,5.00%,0.003854233263311718,221.55,280,Cascaded,2027,221.55,280
D0,DL/DL/3/D,BIL,6.0,,DL,DL,3,D,BIL,,95.08,58,61,99.84,5.00%,0.0010594574847017993,60.9,61,Cascaded,2027,60.9,61
D0,DL/DL/3/D,BIS,6.0,,DL,DL,3,D,BIS,,83.33,25,30,87.5,5.00%,0.00045666270892318934,26.25,30,Cascaded,2027,26.25,30
D0,DL/DL/3/D,BNA,6.0,,DL,DL,3,D,BNA,,70.74,486,687,74.28,5.00%,0.0088775230614668,510.3,687,Cascaded,2027,510.3,687
D0,DL/DL/3/D,BOI,6.0,,DL,DL,3,D,BOI,,75.25,149,198,79.02,5.00%,0.0027217097451822086,156.45,198,Cascaded,2027,156.45,198
D0,DL/DL/3/D,BOS,6.0,,DL,DL,3,D,BOS,,65.9,1368,2076,69.19,5.00%,0.02498858343227692,1436.4,2076,Cascaded,2027,1436.4,2076
D0,DL/DL/3/D,BTR,6.0,,DL,DL,3,D,BTR,,75.31,61,81,79.07,5.00%,0.001114257009772582,64.05,81,Cascaded,2027,64.05,81
D0,DL/DL/3/D,BTV,6.0,,DL,DL,3,D,BTV,,70.0,21,30,73.5,5.00%,0.00038359667549547904,22.05,30,Cascaded,2027,22.05,30
D0,DL/DL/3/D,BUF,6.0,,DL,DL,3,D,BUF,,69.66,101,145,73.14,5.00%,0.001844917344049685,106.05,145,Cascaded,2027,106.05,145
D0,DL/DL/3/D,BUR,6.0,,DL,DL,3,D,BUR,,72.62,61,84,76.25,5.00%,0.001114257009772582,64.05,84,Cascaded,2027,64.05,84
D0,DL/DL/3/D,BWI,6.0,,DL,DL,3,D,BWI,,61.2,254,415,64.27,5.00%,0.004639693122659603,266.7,415,Cascaded,2027,266.7,415
D0,DL/DL/3/D,BZN,6.0,,DL,DL,3,D,BZN,,76.83,126,164,80.67,5.00%,0.002301580052972874,132.3,164,Cascaded,2027,132.3,164
D0,DL/DL/3/D,CAE,6.0,,DL,DL,3,D,CAE,,71.63,101,141,75.21,5.00%,0.001844917344049685,106.05,141,Cascaded,2027,106.05,141
D0,DL/DL/3/D,CHA,6.0,,DL,DL,3,D,CHA,,57.89,44,76,60.79,5.00%,0.0008037263677048133,46.2,76,Cascaded,2027,46.2,76
D0,DL/DL/3/D,CHO,6.0,,DL,DL,3,D,CHO,,0.0,0,1,0.0,0.00%,0.0,0.0,1,Cascaded,2027,0.0,1
D0,DL/DL/3/D,CHS,6.0,,DL,DL,3,D,CHS,,72.45,234,323,76.07,5.00%,0.004274362955521052,245.7,323,Cascaded,2027,245.7,323
D0,DL/DL/3/D,CID,6.0,,DL,DL,3,D,CID,,75.86,22,29,79.66,5.00%,0.00040186318385240663,23.1,29,Cascaded,2027,23.1,29
D0,DL/DL/3/D,CLE,6.0,,DL,DL,3,D,CLE,,72.17,166,230,75.78,5.00%,0.003032240387249977,174.3,230,Cascaded,2027,174.3,230
D0,DL/DL/3/D,CLT,6.0,,DL,DL,3,D,CLT,,68.56,301,439,71.99,5.00%,0.0054982190154351995,316.05,439,Cascaded,2027,316.05,439
D0,DL/DL/3/D,CMH,6.0,,DL,DL,3,D,CMH,,76.56,196,256,80.39,5.00%,0.0035802356379578044,205.8,256,Cascaded,2027,205.8,256
D0,DL/DL/3/D,COS,6.0,,DL,DL,3,D,COS,,78.0,39,50,81.9,5.00%,0.0007123938259201753,40.95,50,Cascaded,2027,40.95,50
D0,DL/DL/3/D,CVG,6.0,,DL,DL,3,D,CVG,,66.0,396,600,69.3,5.00%,0.007233537309343319,415.8,600,Cascaded,2027,415.8,600
D0,DL/DL/3/D,DAB,6.0,,DL,DL,3,D,DAB,,75.65,87,115,79.43,5.00%,0.001589186227052699,91.35,115,Cascaded,2027,91.35,115
D0,DL/DL/3/D,DAL,6.0,,DL,DL,3,D,DAL,,74.47,105,141,78.19,5.00%,0.001917983377477395,110.25,141,Cascaded,2027,110.25,141
D0,DL/DL/3/D,DAY,6.0,,DL,DL,3,D,DAY,,78.45,91,116,82.37,5.00%,0.001662252260480409,95.55,116,Cascaded,2027,95.55,116
D0,DL/DL/3/D,DCA,6.0,,DL,DL,3,D,DCA,,56.2,435,774,59.01,5.00%,0.007945931135263495,456.75,774,Cascaded,2027,456.75,774
D0,DL/DL/3/D,DEN,6.0,,DL,DL,3,D,DEN,,68.69,588,856,72.13,5.00%,0.010740706913873414,617.4,856,Cascaded,2027,617.4,856
D0,DL/DL/3/D,DFW,6.0,,DL,DL,3,D,DFW,,68.17,621,911,71.58,5.00%,0.011343501689652024,652.05,911,Cascaded,2027,652.05,911
D0,DL/DL/3/D,DJT,6.0,,DL,DL,3,D,DJT,,47.15,314,666,49.5,5.00%,0.005735683624075258,329.7,666,Cascaded,2027,329.7,666
D0,DL/DL/3/D,DSM,6.0,,DL,DL,3,D,DSM,,76.4,68,89,80.22,5.00%,0.001242122568271075,71.4,89,Cascaded,2027,71.4,89
D0,DL/DL/3/D,DTW,6.0,,DL,DL,3,D,DTW,,61.52,3035,4933,64.6,5.00%,0.055438852863275184,3186.75,4933,Cascaded,2027,3186.75,4933
D0,DL/DL/3/D,ECP,6.0,,DL,DL,3,D,ECP,,72.02,157,218,75.62,5.00%,0.002867841812037629,164.85,218,Cascaded,2027,164.85,218
D0,DL/DL/3/D,EGE,6.0,,DL,DL,3,D,EGE,,75.81,47,62,79.6,5.00%,0.0008585258927755959,49.35,62,Cascaded,2027,49.35,62
D0,DL/DL/3/D,ELP,6.0,,DL,DL,3,D,ELP,,81.03,47,58,85.09,5.00%,0.0008585258927755959,49.35,58,Cascaded,2027,49.35,58
D0,DL/DL/3/D,EWR,6.0,,DL,DL,3,D,EWR,,67.43,354,525,70.8,5.00%,0.006466343958352361,371.7,525,Cascaded,2027,371.7,525
D0,DL/DL/3/D,EYW,6.0,,DL,DL,3,D,EYW,,70.83,85,120,74.38,5.00%,0.0015526532103388438,89.25,120,Cascaded,2027,89.25,120
D0,DL/DL/3/D,FAI,6.0,,DL,DL,3,D,FAI,,56.67,17,30,59.5,5.00%,0.00031053064206776874,17.85,30,Cascaded,2027,17.85,30
D0,DL/DL/3/D,FAR,6.0,,DL,DL,3,D,FAR,,77.97,46,59,81.86,5.00%,0.0008402593844186683,48.3,59,Cascaded,2027,48.3,59
D0,DL/DL/3/D,FCA,6.0,,DL,DL,3,D,FCA,,72.58,45,62,76.21,5.00%,0.0008219928760617409,47.25,62,Cascaded,2027,47.25,62
D0,DL/DL/3/D,FLL,6.0,,DL,DL,3,D,FLL,,46.51,566,1217,48.83,5.00%,0.010338843730021006,594.3,1217,Cascaded,2027,594.3,1217
D0,DL/DL/3/D,FSD,6.0,,DL,DL,3,D,FSD,,85.0,51,60,89.25,5.00%,0.0009315919262033063,53.55,60,Cascaded,2027,53.55,60
D0,DL/DL/3/D,GEG,6.0,,DL,DL,3,D,GEG,,63.86,129,202,67.05,5.00%,0.002356379578043657,135.45,202,Cascaded,2027,135.45,202
D0,DL/DL/3/D,GNV,6.0,,DL,DL,3,D,GNV,,67.8,80,118,71.19,5.00%,0.0014613206685542058,84.0,118,Cascaded,2027,84.0,118
D0,DL/DL/3/D,GPT,6.0,,DL,DL,3,D,GPT,,70.8,80,113,74.34,5.00%,0.0014613206685542058,84.0,113,Cascaded,2027,84.0,113
D0,DL/DL/3/D,GRB,6.0,,DL,DL,3,D,GRB,,66.67,36,54,70.0,5.00%,0.0006575943008493927,37.8,54,Cascaded,2027,37.8,54
D0,DL/DL/3/D,GRR,6.0,,DL,DL,3,D,GRR,,69.86,102,146,73.36,5.00%,0.0018631838524066126,107.1,146,Cascaded,2027,107.1,146
D0,DL/DL/3/D,GSO,6.0,,DL,DL,3,D,GSO,,76.02,168,221,79.82,5.00%,0.0030687734039638323,176.4,221,Cascaded,2027,176.4,221
D0,DL/DL/3/D,GSP,6.0,,DL,DL,3,D,GSP,,67.32,171,254,70.69,5.00%,0.003123572929034615,179.55,254,Cascaded,2027,179.55,254
D0,DL/DL/3/D,HDN,6.0,,DL,DL,3,D,HDN,,52.78,19,36,55.42,5.00%,0.0003470636587816239,19.95,36,Cascaded,2027,19.95,36
D0,DL/DL/3/D,HNL,6.0,,DL,DL,3,D,HNL,,69.86,241,345,73.35,5.00%,0.004402228514019545,253.05,345,Cascaded,2027,253.05,345
D0,DL/DL/3/D,HOU,6.0,,DL,DL,3,D,HOU,,72.81,83,114,76.45,5.00%,0.0015161201936249886,87.15,114,Cascaded,2027,87.15,114
D0,DL/DL/3/D,HPN,6.0,,DL,DL,3,D,HPN,,55.36,31,56,58.12,5.00%,0.0005662617590647548,32.55,56,Cascaded,2027,32.55,56
D0,DL/DL/3/D,HRL,6.0,,DL,DL,3,D,HRL,,85.19,23,27,89.44,5.00%,0.00042012969220933417,24.15,27,Cascaded,2027,24.15,27
D0,DL/DL/3/D,HSV,6.0,,DL,DL,3,D,HSV,,73.54,139,189,77.22,5.00%,0.0025390446616129327,145.95,189,Cascaded,2027,145.95,189
D0,DL/DL/3/D,IAD,6.0,,DL,DL,3,D,IAD,,64.26,151,235,67.47,5.00%,0.0027582427618960638,158.55,235,Cascaded,2027,158.55,235
D0,DL/DL/3/D,IAH,6.0,,DL,DL,3,D,IAH,,56.36,381,676,59.18,5.00%,0.006959539683989406,400.05,676,Cascaded,2027,400.05,676
D0,DL/DL/3/D,ICT,6.0,,DL,DL,3,D,ICT,,69.66,62,89,73.15,5.00%,0.0011325235181295096,65.1,89,Cascaded,2027,65.1,89
D0,DL/DL/3/D,IDA,6.0,,DL,DL,3,D,IDA,,100.0,7,7,105.0,5.00%,0.00012786555849849301,7.35,7,Cascaded,2027,7.35,7
D0,DL/DL/3/D,ILM,6.0,,DL,DL,3,D,ILM,,78.69,48,61,82.62,5.00%,0.0008767924011325235,50.4,61,Cascaded,2027,50.4,61
D0,DL/DL/3/D,IND,6.0,,DL,DL,3,D,IND,,74.29,237,319,78.01,5.00%,0.004329162480591835,248.85,319,Cascaded,2027,248.85,319
D0,DL/DL/3/D,JAC,6.0,,DL,DL,3,D,JAC,,78.12,75,96,82.03,5.00%,0.001369988126769568,78.75,96,Cascaded,2027,78.75,96
D0,DL/DL/3/D,JAN,6.0,,DL,DL,3,D,JAN,,75.0,87,116,78.75,5.00%,0.001589186227052699,91.35,116,Cascaded,2027,91.35,116
D0,DL/DL/3/D,JAX,6.0,,DL,DL,3,D,JAX,,62.59,251,401,65.72,5.00%,0.004584893597588821,263.55,401,Cascaded,2027,263.55,401
D0,DL/DL/3/D,JFK,6.0,,DL,DL,3,D,JFK,,68.55,1685,2458,71.98,5.00%,0.030779066581422963,1769.25,2458,Cascaded,2027,1769.25,2458
D0,DL/DL/3/D,KOA,6.0,,DL,DL,3,D,KOA,,64.63,53,82,67.87,5.00%,0.0009681249429171613,55.65,82,Cascaded,2027,55.65,82
D0,DL/DL/3/D,LAS,6.0,,DL,DL,3,D,LAS,,71.33,985,1381,74.89,5.00%,0.01799251073157366,1034.25,1381,Cascaded,2027,1034.25,1381
D0,DL/DL/3/D,LAX,6.0,,DL,DL,3,D,LAX,,70.28,2178,3099,73.79,5.00%,0.03978445520138826,2286.9,3099,Cascaded,2027,2286.9,3099
D0,DL/DL/3/D,LEX,6.0,,DL,DL,3,D,LEX,,81.97,100,122,86.07,5.00%,0.0018266508356927574,105.0,122,Cascaded,2027,105.0,122
D0,DL/DL/3/D,LGA,6.0,,DL,DL,3,D,LGA,,59.28,1274,2149,62.25,5.00%,0.02327153164672573,1337.7,2149,Cascaded,2027,1337.7,2149
D0,DL/DL/3/D,LGB,6.0,,DL,DL,3,D,LGB,,81.58,31,38,85.66,5.00%,0.0005662617590647548,32.55,38,Cascaded,2027,32.55,38
D0,DL/DL/3/D,LIH,6.0,,DL,DL,3,D,LIH,,77.59,45,58,81.47,5.00%,0.0008219928760617409,47.25,58,Cascaded,2027,47.25,58
D0,DL/DL/3/D,LIT,6.0,,DL,DL,3,D,LIT,,70.71,140,198,74.24,5.00%,0.0025573111699698603,147.0,198,Cascaded,2027,147.0,198
D0,DL/DL/3/D,MCI,6.0,,DL,DL,3,D,MCI,,71.81,428,596,75.4,5.00%,0.007818065576765001,449.4,596,Cascaded,2027,449.4,596
D0,DL/DL/3/D,MCO,6.0,,DL,DL,3,D,MCO,,56.05,1080,1927,58.85,5.00%,0.01972782902548178,1134.0,1927,Cascaded,2027,1134.0,1927
D0,DL/DL/3/D,MDT,6.0,,DL,DL,3,D,MDT,,60.24,50,83,63.25,5.00%,0.0009133254178463787,52.5,83,Cascaded,2027,52.5,83
D0,DL/DL/3/D,MDW,6.0,,DL,DL,3,D,MDW,,70.18,80,114,73.68,5.00%,0.0014613206685542058,84.0,114,Cascaded,2027,84.0,114
D0,DL/DL/3/D,MEM,6.0,,DL,DL,3,D,MEM,,71.47,273,382,75.04,5.00%,0.004986756781441228,286.65,382,Cascaded,2027,286.65,382
D0,DL/DL/3/D,MIA,6.0,,DL,DL,3,D,MIA,,51.66,544,1053,54.25,5.00%,0.0099369805461686,571.2,1053,Cascaded,2027,571.2,1053
D0,DL/DL/3/D,MKE,6.0,,DL,DL,3,D,MKE,,74.9,182,243,78.64,5.00%,0.003324504520960818,191.1,243,Cascaded,2027,191.1,243
D0,DL/DL/3/D,MLB,6.0,,DL,DL,3,D,MLB,,71.9,87,121,75.5,5.00%,0.001589186227052699,91.35,121,Cascaded,2027,91.35,121
D0,DL/DL/3/D,MOB,6.0,,DL,DL,3,D,MOB,,78.69,48,61,82.62,5.00%,0.0008767924011325235,50.4,61,Cascaded,2027,50.4,61
D0,DL/DL/3/D,MSN,6.0,,DL,DL,3,D,MSN,,79.72,114,143,83.71,5.00%,0.0020823819526897434,119.7,143,Cascaded,2027,119.7,143
D0,DL/DL/3/D,MSO,6.0,,DL,DL,3,D,MSO,,74.16,66,89,77.87,5.00%,0.0012055895515572198,69.3,89,Cascaded,2027,69.3,89
D0,DL/DL/3/D,MSP,6.0,,DL,DL,3,D,MSP,,66.8,3230,4835,70.14,5.00%,0.05900082199287606,3391.5,4835,Cascaded,2027,3391.5,4835
D0,DL/DL/3/D,MSY,6.0,,DL,DL,3,D,MSY,,65.59,448,683,68.87,5.00%,0.008183395743903553,470.4,683,Cascaded,2027,470.4,683
D0,DL/DL/3/D,MTJ,6.0,,DL,DL,3,D,MTJ,,71.43,20,28,75.0,5.00%,0.00036533016713855145,21.0,28,Cascaded,2027,21.0,28
D0,DL/DL/3/D,MYR,6.0,,DL,DL,3,D,MYR,,77.55,114,147,81.43,5.00%,0.0020823819526897434,119.7,147,Cascaded,2027,119.7,147
D0,DL/DL/3/D,OGG,6.0,,DL,DL,3,D,OGG,,70.64,77,109,74.17,5.00%,0.001406521143483423,80.85,109,Cascaded,2027,80.85,109
D0,DL/DL/3/D,OKC,6.0,,DL,DL,3,D,OKC,,77.03,114,148,80.88,5.00%,0.0020823819526897434,119.7,148,Cascaded,2027,119.7,148
D0,DL/DL/3/D,OMA,6.0,,DL,DL,3,D,OMA,,75.0,111,148,78.75,5.00%,0.0020275824276189606,116.55,148,Cascaded,2027,116.55,148
D0,DL/DL/3/D,ONT,6.0,,DL,DL,3,D,ONT,,74.19,92,124,77.9,5.00%,0.0016805187688373367,96.6,124,Cascaded,2027,96.6,124
D0,DL/DL/3/D,ORD,6.0,,DL,DL,3,D,ORD,,51.95,307,591,54.54,5.00%,0.005607818065576765,322.35,591,Cascaded,2027,322.35,591
D0,DL/DL/3/D,ORF,6.0,,DL,DL,3,D,ORF,,69.92,165,236,73.41,5.00%,0.0030139738788930496,173.25,236,Cascaded,2027,173.25,236
D0,DL/DL/3/D,PDX,6.0,,DL,DL,3,D,PDX,,77.7,432,556,81.58,5.00%,0.007891131610192711,453.6,556,Cascaded,2027,453.6,556
D0,DL/DL/3/D,PHL,6.0,,DL,DL,3,D,PHL,,66.47,335,504,69.79,5.00%,0.006119280299570737,351.75,504,Cascaded,2027,351.75,504
D0,DL/DL/3/D,PHX,6.0,,DL,DL,3,D,PHX,,70.12,657,937,73.62,5.00%,0.012001095990501415,689.85,937,Cascaded,2027,689.85,937
D0,DL/DL/3/D,PIT,6.0,,DL,DL,3,D,PIT,,69.88,181,259,73.38,5.00%,0.0033062380126038906,190.05,259,Cascaded,2027,190.05,259
D0,DL/DL/3/D,PNS,6.0,,DL,DL,3,D,PNS,,79.67,196,246,83.66,5.00%,0.0035802356379578044,205.8,246,Cascaded,2027,205.8,246
D0,DL/DL/3/D,PSC,6.0,,DL,DL,3,D,PSC,,93.55,29,31,98.23,5.00%,0.0005297287423508996,30.45,31,Cascaded,2027,30.45,31
D0,DL/DL/3/D,PSP,6.0,,DL,DL,3,D,PSP,,51.54,67,130,54.12,5.00%,0.0012238560599141474,70.35,130,Cascaded,2027,70.35,130
D0,DL/DL/3/D,PVD,6.0,,DL,DL,3,D,PVD,,65.06,54,83,68.31,5.00%,0.000986391451274089,56.7,83,Cascaded,2027,56.7,83
D0,DL/DL/3/D,PWM,6.0,,DL,DL,3,D,PWM,,67.74,21,31,71.13,5.00%,0.00038359667549547904,22.05,31,Cascaded,2027,22.05,31
D0,DL/DL/3/D,RDU,6.0,,DL,DL,3,D,RDU,,68.42,652,953,71.84,5.00%,0.011909763448716778,684.6,953,Cascaded,2027,684.6,953
D0,DL/DL/3/D,RIC,6.0,,DL,DL,3,D,RIC,,71.03,152,214,74.58,5.00%,0.0027765092702529913,159.6,214,Cascaded,2027,159.6,214
D0,DL/DL/3/D,RNO,6.0,,DL,DL,3,D,RNO,,71.11,64,90,74.67,5.00%,0.0011690565348433646,67.2,90,Cascaded,2027,67.2,90
D0,DL/DL/3/D,ROA,6.0,,DL,DL,3,D,ROA,,79.31,23,29,83.28,5.00%,0.00042012969220933417,24.15,29,Cascaded,2027,24.15,29
D0,DL/DL/3/D,ROC,6.0,,DL,DL,3,D,ROC,,58.51,55,94,61.44,5.00%,0.0010046579596310165,57.75,94,Cascaded,2027,57.75,94
D0,DL/DL/3/D,RSW,6.0,,DL,DL,3,D,RSW,,60.22,489,812,63.23,5.00%,0.008932322586537584,513.45,812,Cascaded,2027,513.45,812
D0,DL/DL/3/D,SAN,6.0,,DL,DL,3,D,SAN,,72.96,572,784,76.61,5.00%,0.010448442780162572,600.6,784,Cascaded,2027,600.6,784
D0,DL/DL/3/D,SAT,6.0,,DL,DL,3,D,SAT,,80.96,438,541,85.01,5.00%,0.008000730660334278,459.9,541,Cascaded,2027,459.9,541
D0,DL/DL/3/D,SAV,6.0,,DL,DL,3,D,SAV,,61.59,202,328,64.66,5.00%,0.00368983468809937,212.1,328,Cascaded,2027,212.1,328
D0,DL/DL/3/D,SDF,6.0,,DL,DL,3,D,SDF,,72.27,159,220,75.89,5.00%,0.002904374828751484,166.95,220,Cascaded,2027,166.95,220
D0,DL/DL/3/D,SEA,6.0,,DL,DL,3,D,SEA,,60.06,1504,2504,63.07,5.00%,0.02747282856881907,1579.2,2504,Cascaded,2027,1579.2,2504
D0,DL/DL/3/D,SFO,6.0,,DL,DL,3,D,SFO,,67.62,735,1087,71.0,5.00%,0.013425883642341766,771.75,1087,Cascaded,2027,771.75,1087
D0,DL/DL/3/D,SGF,6.0,,DL,DL,3,D,SGF,,40.74,11,27,42.78,5.00%,0.00020093159192620332,11.55,27,Cascaded,2027,11.55,27
D0,DL/DL/3/D,SJC,6.0,,DL,DL,3,D,SJC,,81.99,214,261,86.09,5.00%,0.0039090327883825006,224.7,261,Cascaded,2027,224.7,261
D0,DL/DL/3/D,SJU,6.0,,DL,DL,3,D,SJU,,66.76,235,352,70.1,5.00%,0.0042926294638779795,246.75,352,Cascaded,2027,246.75,352
D0,DL/DL/3/D,SLC,6.0,,DL,DL,3,D,SLC,,69.39,3248,4681,72.86,5.00%,0.05932961914330076,3410.4,4681,Cascaded,2027,3410.4,4681
D0,DL/DL/3/D,SMF,6.0,,DL,DL,3,D,SMF,,78.91,202,256,82.85,5.00%,0.00368983468809937,212.1,256,Cascaded,2027,212.1,256
D0,DL/DL/3/D,SNA,6.0,,DL,DL,3,D,SNA,,69.47,264,380,72.95,5.00%,0.004822358206228879,277.2,380,Cascaded,2027,277.2,380
D0,DL/DL/3/D,SRQ,6.0,,DL,DL,3,D,SRQ,,64.9,233,359,68.15,5.00%,0.004256096447164124,244.65,359,Cascaded,2027,244.65,359
D0,DL/DL/3/D,STL,6.0,,DL,DL,3,D,STL,,76.96,284,369,80.81,5.00%,0.005187688373367431,298.2,369,Cascaded,2027,298.2,369
D0,DL/DL/3/D,STT,6.0,,DL,DL,3,D,STT,,52.98,80,151,55.63,5.00%,0.0014613206685542058,84.0,151,Cascaded,2027,84.0,151
D0,DL/DL/3/D,STX,6.0,,DL,DL,3,D,STX,,36.0,9,25,37.8,5.00%,0.00016439857521234816,9.45,25,Cascaded,2027,9.45,25
D0,DL/DL/3/D,SYR,6.0,,DL,DL,3,D,SYR,,75.86,88,116,79.66,5.00%,0.0016074527354096265,92.4,116,Cascaded,2027,92.4,116
D0,DL/DL/3/D,TLH,6.0,,DL,DL,3,D,TLH,,70.77,138,195,74.31,5.00%,0.002520778153256005,144.9,195,Cascaded,2027,144.9,195
D0,DL/DL/3/D,TPA,6.0,,DL,DL,3,D,TPA,,63.53,817,1286,66.71,5.00%,0.014923737327609828,857.85,1286,Cascaded,2027,857.85,1286
D0,DL/DL/3/D,TUL,6.0,,DL,DL,3,D,TUL,,73.04,84,115,76.7,5.00%,0.0015343867019819162,88.2,115,Cascaded,2027,88.2,115
D0,DL/DL/3/D,TUS,6.0,,DL,DL,3,D,TUS,,76.92,110,143,80.77,5.00%,0.002009315919262033,115.5,143,Cascaded,2027,115.5,143
D0,DL/DL/3/D,TVC,6.0,,DL,DL,3,D,TVC,,62.96,17,27,66.11,5.00%,0.00031053064206776874,17.85,27,Cascaded,2027,17.85,27
D0,DL/DL/3/D,TYS,6.0,,DL,DL,3,D,TYS,,72.32,81,112,75.94,5.00%,0.0014795871769111334,85.05,112,Cascaded,2027,85.05,112
D0,DL/DL/3/D,VPS,6.0,,DL,DL,3,D,VPS,,64.91,148,228,68.16,5.00%,0.002703443236825281,155.4,228,Cascaded,2027,155.4,228
D0,DL/DL/3/D,XNA,6.0,,DL,DL,3,D,XNA,,50.0,5,10,52.5,5.00%,9.133254178463786e-05,5.25,10,Cascaded,2027,5.25,10
D0,DL/DL/3/I,ACC,6.0,,DL,DL,3,I,ACC,,41.94,13,31,44.03,5.00%,0.0015091711167866265,13.65,31,Cascaded,2027,13.649999999999999,31
D0,DL/DL/3/I,AKL,6.0,,DL,DL,3,I,AKL,,68.97,20,29,72.41,5.00%,0.0023218017181332712,21.0,29,Cascaded,2027,20.999999999999996,29
D0,DL/DL/3/I,AMS,6.0,,DL,DL,3,I,AMS,,47.8,196,410,50.2,5.00%,0.02275365683770606,205.8,410,Cascaded,2027,205.79999999999998,410
D0,DL/DL/3/I,ANU,6.0,,DL,DL,3,I,ANU,,25.0,4,16,26.25,5.00%,0.0004643603436266543,4.2,16,Cascaded,2027,4.199999999999999,16
D0,DL/DL/3/I,ARN,6.0,,DL,DL,3,I,ARN,,100.0,2,2,105.0,5.00%,0.00023218017181332715,2.1,2,Cascaded,2027,2.0999999999999996,2
D0,DL/DL/3/I,ATH,6.0,,DL,DL,3,I,ATH,,69.44,25,36,72.92,5.00%,0.002902252147666589,26.25,36,Cascaded,2027,26.249999999999996,36
D0,DL/DL/3/I,ATL,6.0,,DL,DL,3,I,ATL,,56.61,1581,2793,59.44,5.00%,0.1835384258184351,1660.05,2793,Cascaded,2027,1660.0499999999997,2793
D0,DL/DL/3/I,AUA,6.0,,DL,DL,3,I,AUA,,74.26,101,136,77.98,5.00%,0.011725098676573021,106.05,136,Cascaded,2027,106.04999999999998,136
D0,DL/DL/3/I,AUS,6.0,,DL,DL,3,I,AUS,,67.74,21,31,71.13,5.00%,0.002437891804039935,22.05,31,Cascaded,2027,22.049999999999997,31
D0,DL/DL/3/I,BCN,6.0,,DL,DL,3,I,BCN,,59.68,37,62,62.66,5.00%,0.004295333178546552,38.85,62,Cascaded,2027,38.849999999999994,62
D0,DL/DL/3/I,BDA,6.0,,DL,DL,3,I,BDA,,80.65,25,31,84.68,5.00%,0.002902252147666589,26.25,31,Cascaded,2027,26.249999999999996,31
D0,DL/DL/3/I,BER,6.0,,DL,DL,3,I,BER,,100.0,2,2,105.0,5.00%,0.00023218017181332715,2.1,2,Cascaded,2027,2.0999999999999996,2
D0,DL/DL/3/I,BGI,6.0,,DL,DL,3,I,BGI,,68.75,22,32,72.19,5.00%,0.0025539818899465985,23.1,32,Cascaded,2027,23.099999999999998,32
D0,DL/DL/3/I,BNA,6.0,,DL,DL,3,I,BNA,,25.0,1,4,26.25,5.00%,0.00011609008590666357,1.05,4,Cascaded,2027,1.0499999999999998,4
D0,DL/DL/3/I,BNE,6.0,,DL,DL,3,I,BNE,,50.0,6,12,52.5,5.00%,0.0006965405154399814,6.3,12,Cascaded,2027,6.299999999999999,12
D0,DL/DL/3/I,BOG,6.0,,DL,DL,3,I,BOG,,69.35,43,62,72.82,5.00%,0.004991873693986533,45.15,62,Cascaded,2027,45.14999999999999,62
D0,DL/DL/3/I,BON,6.0,,DL,DL,3,I,BON,,66.67,8,12,70.0,5.00%,0.0009287206872533086,8.4,12,Cascaded,2027,8.399999999999999,12
D0,DL/DL/3/I,BOS,6.0,,DL,DL,3,I,BOS,,68.77,218,317,72.21,5.00%,0.025307638727652657,228.9,317,Cascaded,2027,228.89999999999998,317
D0,DL/DL/3/I,BRU,6.0,,DL,DL,3,I,BRU,,64.29,9,14,67.5,5.00%,0.0010448107731599722,9.45,14,Cascaded,2027,9.45,14
D0,DL/DL/3/I,BZE,6.0,,DL,DL,3,I,BZE,,81.4,35,43,85.47,5.00%,0.004063153006733225,36.75,43,Cascaded,2027,36.74999999999999,43
D0,DL/DL/3/I,CDG,6.0,,DL,DL,3,I,CDG,,52.7,156,296,55.34,5.00%,0.018110053401439518,163.8,296,Cascaded,2027,163.79999999999998,296
D0,DL/DL/3/I,CPH,6.0,,DL,DL,3,I,CPH,,100.0,2,2,105.0,5.00%,0.00023218017181332715,2.1,2,Cascaded,2027,2.0999999999999996,2
D0,DL/DL/3/I,CPT,6.0,,DL,DL,3,I,CPT,,22.73,5,22,23.86,5.00%,0.0005804504295333178,5.25,22,Cascaded,2027,5.249999999999999,22
D0,DL/DL/3/I,CTG,6.0,,DL,DL,3,I,CTG,,83.87,26,31,88.06,5.00%,0.003018342233573253,27.3,31,Cascaded,2027,27.299999999999997,31
D0,DL/DL/3/I,CUN,6.0,,DL,DL,3,I,CUN,,55.65,404,726,58.43,5.00%,0.046900394706292085,424.2,726,Cascaded,2027,424.19999999999993,726
D0,DL/DL/3/I,CUR,6.0,,DL,DL,3,I,CUR,,70.97,22,31,74.52,5.00%,0.0025539818899465985,23.1,31,Cascaded,2027,23.099999999999998,31
D0,DL/DL/3/I,CVG,6.0,,DL,DL,3,I,CVG,,57.89,11,19,60.79,5.00%,0.0012769909449732992,11.55,19,Cascaded,2027,11.549999999999999,19
D0,DL/DL/3/I,CZM,6.0,,DL,DL,3,I,CZM,,79.07,34,43,83.02,5.00%,0.003947062920826561,35.7,43,Cascaded,2027,35.699999999999996,43
D0,DL/DL/3/I,DSS,6.0,,DL,DL,3,I,DSS,,76.47,13,17,80.29,5.00%,0.0015091711167866265,13.65,17,Cascaded,2027,13.649999999999999,17
D0,DL/DL/3/I,DTW,6.0,,DL,DL,3,I,DTW,,70.04,374,534,73.54,5.00%,0.043417692129092175,392.7,534,Cascaded,2027,392.69999999999993,534
D0,DL/DL/3/I,DUB,6.0,,DL,DL,3,I,DUB,,79.28,88,111,83.24,5.00%,0.010215927559786394,92.4,111,Cascaded,2027,92.39999999999999,111
D0,DL/DL/3/I,EDI,6.0,,DL,DL,3,I,EDI,,71.43,10,14,75.0,5.00%,0.0011609008590666356,10.5,14,Cascaded,2027,10.499999999999998,14
D0,DL/DL/3/I,EZE,6.0,,DL,DL,3,I,EZE,,54.29,38,70,57.0,5.00%,0.004411423264453216,39.9,70,Cascaded,2027,39.9,70
D0,DL/DL/3/I,FCO,6.0,,DL,DL,3,I,FCO,,85.82,115,134,90.11,5.00%,0.01335035987926631,120.75,134,Cascaded,2027,120.74999999999999,134
D0,DL/DL/3/I,FRA,6.0,,DL,DL,3,I,FRA,,76.92,50,65,80.77,5.00%,0.005804504295333178,52.5,65,Cascaded,2027,52.49999999999999,65
D0,DL/DL/3/I,GCM,6.0,,DL,DL,3,I,GCM,,83.64,46,55,87.82,5.00%,0.005340143951706525,48.3,55,Cascaded,2027,48.3,55
D0,DL/DL/3/I,GDL,6.0,,DL,DL,3,I,GDL,,96.77,30,31,101.61,5.00%,0.003482702577199907,31.5,31,Cascaded,2027,31.499999999999996,31
D0,DL/DL/3/I,GIG,6.0,,DL,DL,3,I,GIG,,75.44,43,57,79.21,5.00%,0.004991873693986533,45.15,57,Cascaded,2027,45.14999999999999,57
D0,DL/DL/3/I,GND,6.0,,DL,DL,3,I,GND,,75.86,22,29,79.66,5.00%,0.0025539818899465985,23.1,29,Cascaded,2027,23.099999999999998,29
D0,DL/DL/3/I,GRU,6.0,,DL,DL,3,I,GRU,,80.68,71,88,84.72,5.00%,0.008242396099373113,74.55,88,Cascaded,2027,74.55,88
D0,DL/DL/3/I,GUA,6.0,,DL,DL,3,I,GUA,,65.71,23,35,69.0,5.00%,0.0026700719758532623,24.15,35,Cascaded,2027,24.15,35
D0,DL/DL/3/I,HAV,6.0,,DL,DL,3,I,HAV,,75.86,22,29,79.66,5.00%,0.0025539818899465985,23.1,29,Cascaded,2027,23.099999999999998,29
D0,DL/DL/3/I,HND,6.0,,DL,DL,3,I,HND,,59.02,108,183,61.97,5.00%,0.012537729277919666,113.4,183,Cascaded,2027,113.39999999999999,183
D0,DL/DL/3/I,HNL,6.0,,DL,DL,3,I,HNL,,61.29,19,31,64.35,5.00%,0.002205711632226608,19.95,31,Cascaded,2027,19.95,31
D0,DL/DL/3/I,ICN,6.0,,DL,DL,3,I,ICN,,72.62,122,168,76.25,5.00%,0.014162990480612956,128.1,168,Cascaded,2027,128.1,168
D0,DL/DL/3/I,IND,6.0,,DL,DL,3,I,IND,,100.0,4,4,105.0,5.00%,0.0004643603436266543,4.2,4,Cascaded,2027,4.199999999999999,4
D0,DL/DL/3/I,JFK,6.0,,DL,DL,3,I,JFK,,72.14,870,1206,75.75,5.00%,0.1009983747387973,913.5,1206,Cascaded,2027,913.4999999999999,1206
D0,DL/DL/3/I,JNB,6.0,,DL,DL,3,I,JNB,,52.17,12,23,54.78,5.00%,0.0013930810308799629,12.6,23,Cascaded,2027,12.599999999999998,23
D0,DL/DL/3/I,KEF,6.0,,DL,DL,3,I,KEF,,66.67,2,3,70.0,5.00%,0.00023218017181332715,2.1,3,Cascaded,2027,2.0999999999999996,3
D0,DL/DL/3/I,KIN,6.0,,DL,DL,3,I,KIN,,77.42,24,31,81.29,5.00%,0.0027861620617599257,25.2,31,Cascaded,2027,25.199999999999996,31
D0,DL/DL/3/I,LAX,6.0,,DL,DL,3,I,LAX,,63.12,178,282,66.28,5.00%,0.020664035291386117,186.9,282,Cascaded,2027,186.89999999999998,282
D0,DL/DL/3/I,LGA,6.0,,DL,DL,3,I,LGA,,53.33,16,30,56.0,5.00%,0.0018574413745066172,16.8,30,Cascaded,2027,16.799999999999997,30
D0,DL/DL/3/I,LHR,6.0,,DL,DL,3,I,LHR,,81.33,244,300,85.4,5.00%,0.028325980961225912,256.2,300,Cascaded,2027,256.2,300
D0,DL/DL/3/I,LIM,6.0,,DL,DL,3,I,LIM,,68.97,20,29,72.41,5.00%,0.0023218017181332712,21.0,29,Cascaded,2027,20.999999999999996,29
D0,DL/DL/3/I,LIR,6.0,,DL,DL,3,I,LIR,,58.25,60,103,61.17,5.00%,0.006965405154399814,63.0,103,Cascaded,2027,62.99999999999999,103
D0,DL/DL/3/I,LIS,6.0,,DL,DL,3,I,LIS,,50.82,31,61,53.36,5.00%,0.0035987926631065705,32.55,61,Cascaded,2027,32.55,61
D0,DL/DL/3/I,LOS,6.0,,DL,DL,3,I,LOS,,12.9,4,31,13.55,5.00%,0.0004643603436266543,4.2,31,Cascaded,2027,4.199999999999999,31
D0,DL/DL/3/I,MAD,6.0,,DL,DL,3,I,MAD,,70.97,44,62,74.52,5.00%,0.005107963779893197,46.2,62,Cascaded,2027,46.199999999999996,62
D0,DL/DL/3/I,MBJ,6.0,,DL,DL,3,I,MBJ,,77.06,131,170,80.91,5.00%,0.015207801253772928,137.55,170,Cascaded,2027,137.54999999999998,170
D0,DL/DL/3/I,MCI,6.0,,DL,DL,3,I,MCI,,25.0,1,4,26.25,5.00%,0.00011609008590666357,1.05,4,Cascaded,2027,1.0499999999999998,4
D0,DL/DL/3/I,MCO,6.0,,DL,DL,3,I,MCO,,37.04,10,27,38.89,5.00%,0.0011609008590666356,10.5,27,Cascaded,2027,10.499999999999998,27
D0,DL/DL/3/I,MEL,6.0,,DL,DL,3,I,MEL,,46.15,6,13,48.46,5.00%,0.0006965405154399814,6.3,13,Cascaded,2027,6.299999999999999,13
D0,DL/DL/3/I,MEX,6.0,,DL,DL,3,I,MEX,,83.27,204,245,87.43,5.00%,0.02368237752495937,214.2,245,Cascaded,2027,214.2,245
D0,DL/DL/3/I,MIA,6.0,,DL,DL,3,I,MIA,,41.38,12,29,43.45,5.00%,0.0013930810308799629,12.6,29,Cascaded,2027,12.599999999999998,29
D0,DL/DL/3/I,MSP,6.0,,DL,DL,3,I,MSP,,69.44,500,720,72.92,5.00%,0.05804504295333179,525.0,720,Cascaded,2027,524.9999999999999,720
D0,DL/DL/3/I,MTY,6.0,,DL,DL,3,I,MTY,,90.0,27,30,94.5,5.00%,0.0031344323194799164,28.35,30,Cascaded,2027,28.349999999999998,30
D0,DL/DL/3/I,MUC,6.0,,DL,DL,3,I,MUC,,90.32,28,31,94.84,5.00%,0.00325052240538658,29.4,31,Cascaded,2027,29.399999999999995,31
D0,DL/DL/3/I,MXP,6.0,,DL,DL,3,I,MXP,,68.06,49,72,71.46,5.00%,0.005688414209426515,51.45,72,Cascaded,2027,51.449999999999996,72
D0,DL/DL/3/I,MZT,6.0,,DL,DL,3,I,MZT,,75.0,3,4,78.75,5.00%,0.0003482702577199907,3.15,4,Cascaded,2027,3.1499999999999995,4
D0,DL/DL/3/I,NAP,6.0,,DL,DL,3,I,NAP,,66.67,2,3,70.0,5.00%,0.00023218017181332715,2.1,3,Cascaded,2027,2.0999999999999996,3
D0,DL/DL/3/I,NAS,6.0,,DL,DL,3,I,NAS,,69.52,146,210,73.0,5.00%,0.01694915254237288,153.3,210,Cascaded,2027,153.29999999999998,210
D0,DL/DL/3/I,NCE,6.0,,DL,DL,3,I,NCE,,100.0,3,3,105.0,5.00%,0.0003482702577199907,3.15,3,Cascaded,2027,3.1499999999999995,3
D0,DL/DL/3/I,PLS,6.0,,DL,DL,3,I,PLS,,84.91,90,106,89.15,5.00%,0.010448107731599722,94.5,106,Cascaded,2027,94.49999999999999,106
D0,DL/DL/3/I,POP,6.0,,DL,DL,3,I,POP,,77.78,21,27,81.67,5.00%,0.002437891804039935,22.05,27,Cascaded,2027,22.049999999999997,27
D0,DL/DL/3/I,PTY,6.0,,DL,DL,3,I,PTY,,61.29,19,31,64.35,5.00%,0.002205711632226608,19.95,31,Cascaded,2027,19.95,31
D0,DL/DL/3/I,PUJ,6.0,,DL,DL,3,I,PUJ,,58.57,164,280,61.5,5.00%,0.019038774088692825,172.2,280,Cascaded,2027,172.2,280
D0,DL/DL/3/I,PVG,6.0,,DL,DL,3,I,PVG,,75.34,55,73,79.11,5.00%,0.006384954724866497,57.75,73,Cascaded,2027,57.74999999999999,73
D0,DL/DL/3/I,PVR,6.0,,DL,DL,3,I,PVR,,88.54,170,192,92.97,5.00%,0.019735314604132807,178.5,192,Cascaded,2027,178.49999999999997,192
D0,DL/DL/3/I,RAK,6.0,,DL,DL,3,I,RAK,,84.62,11,13,88.85,5.00%,0.0012769909449732992,11.55,13,Cascaded,2027,11.549999999999999,13
D0,DL/DL/3/I,RDU,6.0,,DL,DL,3,I,RDU,,25.0,1,4,26.25,5.00%,0.00011609008590666357,1.05,4,Cascaded,2027,1.0499999999999998,4
D0,DL/DL/3/I,RTB,6.0,,DL,DL,3,I,RTB,,75.0,9,12,78.75,5.00%,0.0010448107731599722,9.45,12,Cascaded,2027,9.45,12
D0,DL/DL/3/I,SAL,6.0,,DL,DL,3,I,SAL,,61.29,19,31,64.35,5.00%,0.002205711632226608,19.95,31,Cascaded,2027,19.95,31
D0,DL/DL/3/I,SAP,6.0,,DL,DL,3,I,SAP,,51.61,16,31,54.19,5.00%,0.0018574413745066172,16.8,31,Cascaded,2027,16.799999999999997,31
D0,DL/DL/3/I,SCL,6.0,,DL,DL,3,I,SCL,,86.67,26,30,91.0,5.00%,0.003018342233573253,27.3,30,Cascaded,2027,27.299999999999997,30
D0,DL/DL/3/I,SDQ,6.0,,DL,DL,3,I,SDQ,,59.38,76,128,62.34,5.00%,0.008822846528906431,79.8,128,Cascaded,2027,79.8,128
D0,DL/DL/3/I,SEA,6.0,,DL,DL,3,I,SEA,,54.52,163,299,57.24,5.00%,0.018922684002786162,171.15,299,Cascaded,2027,171.14999999999998,299
D0,DL/DL/3/I,SJD,6.0,,DL,DL,3,I,SJD,,65.51,207,316,68.78,5.00%,0.024030647782679358,217.35,316,Cascaded,2027,217.34999999999997,316
D0,DL/DL/3/I,SJO,6.0,,DL,DL,3,I,SJO,,69.57,48,69,73.04,5.00%,0.0055723241235198515,50.4,69,Cascaded,2027,50.39999999999999,69
D0,DL/DL/3/I,SKB,6.0,,DL,DL,3,I,SKB,,50.0,4,8,52.5,5.00%,0.0004643603436266543,4.2,8,Cascaded,2027,4.199999999999999,8
D0,DL/DL/3/I,SLC,6.0,,DL,DL,3,I,SLC,,74.48,216,290,78.21,5.00%,0.02507545855583933,226.8,290,Cascaded,2027,226.79999999999998,290
D0,DL/DL/3/I,STI,6.0,,DL,DL,3,I,STI,,63.74,58,91,66.92,5.00%,0.006733224982586487,60.9,91,Cascaded,2027,60.89999999999999,91
D0,DL/DL/3/I,SVD,6.0,,DL,DL,3,I,SVD,,78.57,22,28,82.5,5.00%,0.0025539818899465985,23.1,28,Cascaded,2027,23.099999999999998,28
D0,DL/DL/3/I,SXM,6.0,,DL,DL,3,I,SXM,,54.29,38,70,57.0,5.00%,0.004411423264453216,39.9,70,Cascaded,2027,39.9,70
D0,DL/DL/3/I,SYD,6.0,,DL,DL,3,I,SYD,,56.52,26,46,59.35,5.00%,0.003018342233573253,27.3,46,Cascaded,2027,27.299999999999997,46
D0,DL/DL/3/I,TPA,6.0,,DL,DL,3,I,TPA,,27.78,5,18,29.17,5.00%,0.0005804504295333178,5.25,18,Cascaded,2027,5.249999999999999,18
D0,DL/DL/3/I,TPE,6.0,,DL,DL,3,I,TPE,,46.67,14,30,49.0,5.00%,0.00162526120269329,14.7,30,Cascaded,2027,14.699999999999998,30
D0,DL/DL/3/I,TQO,6.0,,DL,DL,3,I,TQO,,86.67,26,30,91.0,5.00%,0.003018342233573253,27.3,30,Cascaded,2027,27.299999999999997,30
D0,DL/DL/3/I,UIO,6.0,,DL,DL,3,I,UIO,,53.33,16,30,56.0,5.00%,0.0018574413745066172,16.8,30,Cascaded,2027,16.799999999999997,30
D0,DL/DL/3/I,UVF,6.0,,DL,DL,3,I,UVF,,63.33,19,30,66.5,5.00%,0.002205711632226608,19.95,30,Cascaded,2027,19.95,30
D0,DL/DL/3/I,VCE,6.0,,DL,DL,3,I,VCE,,88.24,30,34,92.65,5.00%,0.003482702577199907,31.5,34,Cascaded,2027,31.499999999999996,34
D0,DL/DL/3/I,YUL,6.0,,DL,DL,3,I,YUL,,77.01,67,87,80.86,5.00%,0.007778035755746459,70.35,87,Cascaded,2027,70.35,87
D0,DL/DL/3/I,YVR,6.0,,DL,DL,3,I,YVR,,54.05,20,37,56.76,5.00%,0.0023218017181332712,21.0,37,Cascaded,2027,20.999999999999996,37
D0,DL/DL/3/I,YYC,6.0,,DL,DL,3,I,YYC,,70.0,21,30,73.5,5.00%,0.002437891804039935,22.05,30,Cascaded,2027,22.049999999999997,30
D0,DL/DL/3/I,YYZ,6.0,,DL,DL,3,I,YYZ,,55.14,59,107,57.9,5.00%,0.00684931506849315,61.95,107,Cascaded,2027,61.94999999999999,107
D0,DL/DL/3/I,ZRH,6.0,,DL,DL,3,I,ZRH,,77.42,24,31,81.29,5.00%,0.0027861620617599257,25.2,31,Cascaded,2027,25.199999999999996,31
D0,DL/DL/4/D,ABQ,6.0,,DL,DL,4,D,ABQ,,87.06,74,85,91.41,5.00%,0.0011794520329609028,77.7,85,Cascaded,2027,77.69999999999999,85
D0,DL/DL/4/D,AGS,6.0,,DL,DL,4,D,AGS,,50.0,1,2,52.5,5.00%,1.5938540985958144e-05,1.05,2,Cascaded,2027,1.0499999999999998,2
D0,DL/DL/4/D,ALB,6.0,,DL,DL,4,D,ALB,,74.58,88,118,78.31,5.00%,0.0014025916067643169,92.4,118,Cascaded,2027,92.39999999999998,118
D0,DL/DL/4/D,ANC,6.0,,DL,DL,4,D,ANC,,87.33,131,150,91.7,5.00%,0.002087948869160517,137.55,150,Cascaded,2027,137.54999999999998,150
D0,DL/DL/4/D,ATL,6.0,,DL,DL,4,D,ATL,,71.94,14388,19999,75.54,5.00%,0.2293237277059658,15107.4,19999,Cascaded,2027,15107.399999999998,19999
D0,DL/DL/4/D,ATW,6.0,,DL,DL,4,D,ATW,,86.67,26,30,91.0,5.00%,0.0004144020656349118,27.3,30,Cascaded,2027,27.299999999999994,30
D0,DL/DL/4/D,AUS,6.0,,DL,DL,4,D,AUS,,74.71,848,1135,78.45,5.00%,0.013515882756092508,890.4,1135,Cascaded,2027,890.3999999999999,1135
D0,DL/DL/4/D,AVL,6.0,,DL,DL,4,D,AVL,,85.61,119,139,89.89,5.00%,0.0018966863773290192,124.95,139,Cascaded,2027,124.94999999999997,139
D0,DL/DL/4/D,BDL,6.0,,DL,DL,4,D,BDL,,70.28,227,323,73.79,5.00%,0.003618048803812499,238.35,323,Cascaded,2027,238.34999999999997,323
D0,DL/DL/4/D,BHM,6.0,,DL,DL,4,D,BHM,,83.28,259,311,87.44,5.00%,0.00412808211536316,271.95,311,Cascaded,2027,271.94999999999993,311
D0,DL/DL/4/D,BIL,6.0,,DL,DL,4,D,BIL,,88.33,53,60,92.75,5.00%,0.0008447426722557817,55.65,60,Cascaded,2027,55.64999999999999,60
D0,DL/DL/4/D,BIS,6.0,,DL,DL,4,D,BIS,,90.0,27,30,94.5,5.00%,0.00043034060662086994,28.35,30,Cascaded,2027,28.349999999999994,30
D0,DL/DL/4/D,BNA,6.0,,DL,DL,4,D,BNA,,77.61,610,786,81.49,5.00%,0.009722510001434469,640.5,786,Cascaded,2027,640.4999999999999,786
D0,DL/DL/4/D,BOI,6.0,,DL,DL,4,D,BOI,,76.23,170,223,80.04,5.00%,0.002709551967612885,178.5,223,Cascaded,2027,178.49999999999997,223
D0,DL/DL/4/D,BOS,6.0,,DL,DL,4,D,BOS,,67.72,1517,2240,71.11,5.00%,0.024178766675698505,1592.85,2240,Cascaded,2027,1592.8499999999997,2240
D0,DL/DL/4/D,BTR,6.0,,DL,DL,4,D,BTR,,73.08,57,78,76.73,5.00%,0.0009084968361996143,59.85,78,Cascaded,2027,59.84999999999999,78
D0,DL/DL/4/D,BTV,6.0,,DL,DL,4,D,BTV,,76.67,23,30,80.5,5.00%,0.00036658644267703735,24.15,30,Cascaded,2027,24.149999999999995,30
D0,DL/DL/4/D,BUF,6.0,,DL,DL,4,D,BUF,,67.92,108,159,71.32,5.00%,0.0017213624264834798,113.4,159,Cascaded,2027,113.39999999999998,159
D0,DL/DL/4/D,BUR,6.0,,DL,DL,4,D,BUR,,71.43,50,70,75.0,5.00%,0.0007969270492979072,52.5,70,Cascaded,2027,52.49999999999999,70
D0,DL/DL/4/D,BWI,6.0,,DL,DL,4,D,BWI,,74.21,328,442,77.92,5.00%,0.005227841443394271,344.4,442,Cascaded,2027,344.3999999999999,442
D0,DL/DL/4/D,BZN,6.0,,DL,DL,4,D,BZN,,81.33,122,150,85.4,5.00%,0.0019445020002868936,128.1,150,Cascaded,2027,128.09999999999997,150
D0,DL/DL/4/D,CAE,6.0,,DL,DL,4,D,CAE,,68.86,115,167,72.31,5.00%,0.0018329322133851867,120.75,167,Cascaded,2027,120.74999999999997,167
D0,DL/DL/4/D,CHA,6.0,,DL,DL,4,D,CHA,,76.29,74,97,80.1,5.00%,0.0011794520329609028,77.7,97,Cascaded,2027,77.69999999999999,97
D0,DL/DL/4/D,CHS,6.0,,DL,DL,4,D,CHS,,80.38,295,367,84.4,5.00%,0.004701869590857653,309.75,367,Cascaded,2027,309.74999999999994,367
D0,DL/DL/4/D,CID,6.0,,DL,DL,4,D,CID,,72.41,21,29,76.03,5.00%,0.00033470936070512103,22.05,29,Cascaded,2027,22.049999999999997,29
D0,DL/DL/4/D,CLE,6.0,,DL,DL,4,D,CLE,,77.82,207,266,81.71,5.00%,0.003299277984093336,217.35,266,Cascaded,2027,217.34999999999997,266
D0,DL/DL/4/D,CLT,6.0,,DL,DL,4,D,CLT,,78.65,350,445,82.58,5.00%,0.005578489345085351,367.5,445,Cascaded,2027,367.49999999999994,445
D0,DL/DL/4/D,CMH,6.0,,DL,DL,4,D,CMH,,85.77,235,274,90.05,5.00%,0.0037455571317001643,246.75,274,Cascaded,2027,246.74999999999994,274
D0,DL/DL/4/D,COS,6.0,,DL,DL,4,D,COS,,67.27,37,55,70.64,5.00%,0.0005897260164804514,38.85,55,Cascaded,2027,38.849999999999994,55
D0,DL/DL/4/D,CVG,6.0,,DL,DL,4,D,CVG,,76.24,462,606,80.05,5.00%,0.0073636059355126635,485.1,606,Cascaded,2027,485.0999999999999,606
D0,DL/DL/4/D,DAB,6.0,,DL,DL,4,D,DAB,,81.36,96,118,85.42,5.00%,0.001530099934651982,100.8,118,Cascaded,2027,100.79999999999998,118
D0,DL/DL/4/D,DAL,6.0,,DL,DL,4,D,DAL,,70.71,99,140,74.25,5.00%,0.0015779155576098563,103.95,140,Cascaded,2027,103.94999999999999,140
D0,DL/DL/4/D,DAY,6.0,,DL,DL,4,D,DAY,,72.88,86,118,76.53,5.00%,0.0013707145247924006,90.3,118,Cascaded,2027,90.29999999999998,118
D0,DL/DL/4/D,DCA,6.0,,DL,DL,4,D,DCA,,62.19,482,775,65.3,5.00%,0.007682376755231826,506.1,775,Cascaded,2027,506.0999999999999,775
D0,DL/DL/4/D,DEN,6.0,,DL,DL,4,D,DEN,,76.18,694,911,79.99,5.00%,0.011061347444254953,728.7,911,Cascaded,2027,728.6999999999998,911
D0,DL/DL/4/D,DFW,6.0,,DL,DL,4,D,DFW,,70.27,657,935,73.78,5.00%,0.010471621427774502,689.85,935,Cascaded,2027,689.8499999999999,935
D0,DL/DL/4/D,DJT,6.0,,DL,DL,4,D,DJT,,56.81,367,646,59.65,5.00%,0.005849444541846639,385.35,646,Cascaded,2027,385.3499999999999,646
D0,DL/DL/4/D,DSM,6.0,,DL,DL,4,D,DSM,,83.5,86,103,87.67,5.00%,0.0013707145247924006,90.3,103,Cascaded,2027,90.29999999999998,103
D0,DL/DL/4/D,DTW,6.0,,DL,DL,4,D,DTW,,73.38,3682,5018,77.04,5.00%,0.05868570791029789,3866.1,5018,Cascaded,2027,3866.0999999999995,5018
D0,DL/DL/4/D,ECP,6.0,,DL,DL,4,D,ECP,,75.34,168,223,79.1,5.00%,0.0026776748856409682,176.4,223,Cascaded,2027,176.39999999999998,223
D0,DL/DL/4/D,ELP,6.0,,DL,DL,4,D,ELP,,83.33,50,60,87.5,5.00%,0.0007969270492979072,52.5,60,Cascaded,2027,52.49999999999999,60
D0,DL/DL/4/D,EWR,6.0,,DL,DL,4,D,EWR,,77.21,410,531,81.07,5.00%,0.00653480180424284,430.5,531,Cascaded,2027,430.49999999999994,531
D0,DL/DL/4/D,EYW,6.0,,DL,DL,4,D,EYW,,82.5,99,120,86.62,5.00%,0.0015779155576098563,103.95,120,Cascaded,2027,103.94999999999999,120
D0,DL/DL/4/D,FAI,6.0,,DL,DL,4,D,FAI,,90.0,27,30,94.5,5.00%,0.00043034060662086994,28.35,30,Cascaded,2027,28.349999999999994,30
D0,DL/DL/4/D,FAR,6.0,,DL,DL,4,D,FAR,,81.67,49,60,85.75,5.00%,0.0007809885083119491,51.45,60,Cascaded,2027,51.44999999999999,60
D0,DL/DL/4/D,FCA,6.0,,DL,DL,4,D,FCA,,77.42,48,62,81.29,5.00%,0.000765049967325991,50.4,62,Cascaded,2027,50.39999999999999,62
D0,DL/DL/4/D,FLL,6.0,,DL,DL,4,D,FLL,,62.77,757,1206,65.91,5.00%,0.012065475526370316,794.85,1206,Cascaded,2027,794.8499999999999,1206
D0,DL/DL/4/D,FSD,6.0,,DL,DL,4,D,FSD,,93.33,56,60,98.0,5.00%,0.0008925582952136561,58.8,60,Cascaded,2027,58.79999999999999,60
D0,DL/DL/4/D,GEG,6.0,,DL,DL,4,D,GEG,,84.21,160,190,88.42,5.00%,0.002550166557753303,168.0,190,Cascaded,2027,167.99999999999997,190
D0,DL/DL/4/D,GNV,6.0,,DL,DL,4,D,GNV,,77.69,101,130,81.58,5.00%,0.0016097926395817726,106.05,130,Cascaded,2027,106.04999999999998,130
D0,DL/DL/4/D,GPT,6.0,,DL,DL,4,D,GPT,,79.31,92,116,83.28,5.00%,0.0014663457707081494,96.6,116,Cascaded,2027,96.59999999999998,116
D0,DL/DL/4/D,GRB,6.0,,DL,DL,4,D,GRB,,84.62,33,39,88.85,5.00%,0.0005259718525366189,34.65,39,Cascaded,2027,34.64999999999999,39
D0,DL/DL/4/D,GRR,6.0,,DL,DL,4,D,GRR,,88.89,128,144,93.33,5.00%,0.0020401332462026424,134.4,144,Cascaded,2027,134.39999999999998,144
D0,DL/DL/4/D,GSO,6.0,,DL,DL,4,D,GSO,,82.01,196,239,86.11,5.00%,0.0031239540332477964,205.8,239,Cascaded,2027,205.79999999999995,239
D0,DL/DL/4/D,GSP,6.0,,DL,DL,4,D,GSP,,83.27,219,263,87.43,5.00%,0.0034905404759248337,229.95,263,Cascaded,2027,229.94999999999996,263
D0,DL/DL/4/D,HNL,6.0,,DL,DL,4,D,HNL,,72.15,228,316,75.76,5.00%,0.003633987344798457,239.4,316,Cascaded,2027,239.39999999999995,316
D0,DL/DL/4/D,HOU,6.0,,DL,DL,4,D,HOU,,78.26,90,115,82.17,5.00%,0.0014344686887362331,94.5,115,Cascaded,2027,94.49999999999999,115
D0,DL/DL/4/D,HPN,6.0,,DL,DL,4,D,HPN,,58.33,35,60,61.25,5.00%,0.0005578489345085351,36.75,60,Cascaded,2027,36.74999999999999,60
D0,DL/DL/4/D,HRL,6.0,,DL,DL,4,D,HRL,,60.0,18,30,63.0,5.00%,0.0002868937377472466,18.9,30,Cascaded,2027,18.899999999999995,30
D0,DL/DL/4/D,HSV,6.0,,DL,DL,4,D,HSV,,84.32,156,185,88.54,5.00%,0.0024864123938094706,163.8,185,Cascaded,2027,163.79999999999998,185
D0,DL/DL/4/D,IAD,6.0,,DL,DL,4,D,IAD,,75.47,200,265,79.25,5.00%,0.003187708197191629,210.0,265,Cascaded,2027,209.99999999999997,265
D0,DL/DL/4/D,IAH,6.0,,DL,DL,4,D,IAH,,65.13,465,714,68.38,5.00%,0.007411421558470538,488.25,714,Cascaded,2027,488.2499999999999,714
D0,DL/DL/4/D,ICT,6.0,,DL,DL,4,D,ICT,,67.05,59,88,70.4,5.00%,0.0009403739181715305,61.95,88,Cascaded,2027,61.94999999999999,88
D0,DL/DL/4/D,IDA,6.0,,DL,DL,4,D,IDA,,66.67,12,18,70.0,5.00%,0.00019126249183149774,12.6,18,Cascaded,2027,12.599999999999998,18
D0,DL/DL/4/D,ILM,6.0,,DL,DL,4,D,ILM,,68.0,51,75,71.4,5.00%,0.0008128655902838654,53.55,75,Cascaded,2027,53.54999999999999,75
D0,DL/DL/4/D,IND,6.0,,DL,DL,4,D,IND,,82.02,292,356,86.12,5.00%,0.0046540539678997786,306.6,356,Cascaded,2027,306.59999999999997,356
D0,DL/DL/4/D,JAC,6.0,,DL,DL,4,D,JAC,,86.67,52,60,91.0,5.00%,0.0008288041312698236,54.6,60,Cascaded,2027,54.59999999999999,60
D0,DL/DL/4/D,JAN,6.0,,DL,DL,4,D,JAN,,84.42,130,154,88.64,5.00%,0.0020720103281745587,136.5,154,Cascaded,2027,136.49999999999997,154
D0,DL/DL/4/D,JAX,6.0,,DL,DL,4,D,JAX,,73.55,292,397,77.23,5.00%,0.0046540539678997786,306.6,397,Cascaded,2027,306.59999999999997,397
D0,DL/DL/4/D,JFK,6.0,,DL,DL,4,D,JFK,,75.71,1933,2553,79.5,5.00%,0.030809199725857096,2029.65,2553,Cascaded,2027,2029.6499999999996,2553
D0,DL/DL/4/D,KOA,6.0,,DL,DL,4,D,KOA,,63.77,44,69,66.96,5.00%,0.0007012958033821584,46.2,69,Cascaded,2027,46.19999999999999,69
D0,DL/DL/4/D,LAS,6.0,,DL,DL,4,D,LAS,,74.41,1035,1391,78.13,5.00%,0.01649638992046668,1086.75,1391,Cascaded,2027,1086.7499999999998,1391
D0,DL/DL/4/D,LAX,6.0,,DL,DL,4,D,LAX,,70.93,2235,3151,74.48,5.00%,0.03562263910361645,2346.75,3151,Cascaded,2027,2346.7499999999995,3151
D0,DL/DL/4/D,LEX,6.0,,DL,DL,4,D,LEX,,85.45,141,165,89.73,5.00%,0.0022473342790200984,148.05,165,Cascaded,2027,148.04999999999998,165
D0,DL/DL/4/D,LGA,6.0,,DL,DL,4,D,LGA,,69.02,1655,2398,72.47,5.00%,0.02637828533176073,1737.75,2398,Cascaded,2027,1737.7499999999998,2398
D0,DL/DL/4/D,LGB,6.0,,DL,DL,4,D,LGB,,66.67,20,30,70.0,5.00%,0.0003187708197191629,21.0,30,Cascaded,2027,20.999999999999996,30
D0,DL/DL/4/D,LIH,6.0,,DL,DL,4,D,LIH,,67.8,40,59,71.19,5.00%,0.0006375416394383258,42.0,59,Cascaded,2027,41.99999999999999,59
D0,DL/DL/4/D,LIT,6.0,,DL,DL,4,D,LIT,,82.27,167,203,86.38,5.00%,0.0026617363446550103,175.35,203,Cascaded,2027,175.34999999999997,203
D0,DL/DL/4/D,MCI,6.0,,DL,DL,4,D,MCI,,80.87,503,622,84.91,5.00%,0.008017086115936947,528.15,622,Cascaded,2027,528.1499999999999,622
D0,DL/DL/4/D,MCO,6.0,,DL,DL,4,D,MCO,,66.22,1290,1948,69.53,5.00%,0.020560717871886007,1354.5,1948,Cascaded,2027,1354.4999999999998,1948
D0,DL/DL/4/D,MDT,6.0,,DL,DL,4,D,MDT,,68.29,56,82,71.71,5.00%,0.0008925582952136561,58.8,82,Cascaded,2027,58.79999999999999,82
D0,DL/DL/4/D,MDW,6.0,,DL,DL,4,D,MDW,,77.19,88,114,81.05,5.00%,0.0014025916067643169,92.4,114,Cascaded,2027,92.39999999999998,114
D0,DL/DL/4/D,MEM,6.0,,DL,DL,4,D,MEM,,81.65,316,387,85.74,5.00%,0.005036578951562774,331.8,387,Cascaded,2027,331.79999999999995,387
D0,DL/DL/4/D,MIA,6.0,,DL,DL,4,D,MIA,,61.92,657,1061,65.02,5.00%,0.010471621427774502,689.85,1061,Cascaded,2027,689.8499999999999,1061
D0,DL/DL/4/D,MKE,6.0,,DL,DL,4,D,MKE,,82.09,220,268,86.19,5.00%,0.003506479016910792,231.0,268,Cascaded,2027,230.99999999999997,268
D0,DL/DL/4/D,MLB,6.0,,DL,DL,4,D,MLB,,77.31,92,119,81.18,5.00%,0.0014663457707081494,96.6,119,Cascaded,2027,96.59999999999998,119
D0,DL/DL/4/D,MOB,6.0,,DL,DL,4,D,MOB,,86.21,50,58,90.52,5.00%,0.0007969270492979072,52.5,58,Cascaded,2027,52.49999999999999,58
D0,DL/DL/4/D,MSN,6.0,,DL,DL,4,D,MSN,,80.27,118,147,84.29,5.00%,0.001880747836343061,123.9,147,Cascaded,2027,123.89999999999998,147
D0,DL/DL/4/D,MSO,6.0,,DL,DL,4,D,MSO,,82.22,74,90,86.33,5.00%,0.0011794520329609028,77.7,90,Cascaded,2027,77.69999999999999,90
D0,DL/DL/4/D,MSP,6.0,,DL,DL,4,D,MSP,,74.43,3790,5092,78.15,5.00%,0.060407070336781374,3979.5,5092,Cascaded,2027,3979.499999999999,5092
D0,DL/DL/4/D,MSY,6.0,,DL,DL,4,D,MSY,,71.97,498,692,75.56,5.00%,0.007937393411007156,522.9,692,Cascaded,2027,522.8999999999999,692
D0,DL/DL/4/D,MYR,6.0,,DL,DL,4,D,MYR,,82.35,168,204,86.47,5.00%,0.0026776748856409682,176.4,204,Cascaded,2027,176.39999999999998,204
D0,DL/DL/4/D,OGG,6.0,,DL,DL,4,D,OGG,,77.97,92,118,81.86,5.00%,0.0014663457707081494,96.6,118,Cascaded,2027,96.59999999999998,118
D0,DL/DL/4/D,OKC,6.0,,DL,DL,4,D,OKC,,75.89,107,141,79.68,5.00%,0.0017054238854975216,112.35,141,Cascaded,2027,112.34999999999998,141
D0,DL/DL/4/D,OMA,6.0,,DL,DL,4,D,OMA,,78.17,111,142,82.08,5.00%,0.0017691780494413542,116.55,142,Cascaded,2027,116.54999999999998,142
D0,DL/DL/4/D,ONT,6.0,,DL,DL,4,D,ONT,,77.37,106,137,81.24,5.00%,0.0016894853445115635,111.3,137,Cascaded,2027,111.29999999999998,137
D0,DL/DL/4/D,ORD,6.0,,DL,DL,4,D,ORD,,64.79,484,747,68.03,5.00%,0.007714253837203742,508.2,747,Cascaded,2027,508.19999999999993,747
D0,DL/DL/4/D,ORF,6.0,,DL,DL,4,D,ORF,,83.91,219,261,88.1,5.00%,0.0034905404759248337,229.95,261,Cascaded,2027,229.94999999999996,261
D0,DL/DL/4/D,PDX,6.0,,DL,DL,4,D,PDX,,80.77,462,572,84.81,5.00%,0.0073636059355126635,485.1,572,Cascaded,2027,485.0999999999999,572
D0,DL/DL/4/D,PHL,6.0,,DL,DL,4,D,PHL,,73.61,385,523,77.29,5.00%,0.006136338279593886,404.25,523,Cascaded,2027,404.24999999999994,523
D0,DL/DL/4/D,PHX,6.0,,DL,DL,4,D,PHX,,71.29,678,951,74.86,5.00%,0.010806330788479623,711.9,951,Cascaded,2027,711.8999999999999,951
D0,DL/DL/4/D,PIT,6.0,,DL,DL,4,D,PIT,,77.78,217,279,81.67,5.00%,0.0034586633939529174,227.85,279,Cascaded,2027,227.84999999999997,279
D0,DL/DL/4/D,PNS,6.0,,DL,DL,4,D,PNS,,85.83,218,254,90.12,5.00%,0.003474601934938876,228.9,254,Cascaded,2027,228.89999999999995,254
D0,DL/DL/4/D,PSC,6.0,,DL,DL,4,D,PSC,,96.67,29,30,101.5,5.00%,0.0004622176885927862,30.45,30,Cascaded,2027,30.449999999999996,30
D0,DL/DL/4/D,PSP,6.0,,DL,DL,4,D,PSP,,65.83,79,120,69.12,5.00%,0.0012591447378906934,82.95,120,Cascaded,2027,82.94999999999999,120
D0,DL/DL/4/D,PVD,6.0,,DL,DL,4,D,PVD,,79.25,84,106,83.21,5.00%,0.0013388374428204841,88.2,106,Cascaded,2027,88.19999999999999,106
D0,DL/DL/4/D,PWM,6.0,,DL,DL,4,D,PWM,,83.33,40,48,87.5,5.00%,0.0006375416394383258,42.0,48,Cascaded,2027,41.99999999999999,48
D0,DL/DL/4/D,RDU,6.0,,DL,DL,4,D,RDU,,75.53,744,985,79.31,5.00%,0.01185827449355286,781.2,985,Cascaded,2027,781.1999999999998,985
D0,DL/DL/4/D,RIC,6.0,,DL,DL,4,D,RIC,,79.45,174,219,83.42,5.00%,0.0027733061315567175,182.7,219,Cascaded,2027,182.69999999999996,219
D0,DL/DL/4/D,RNO,6.0,,DL,DL,4,D,RNO,,74.44,67,90,78.17,5.00%,0.0010678822460591958,70.35,90,Cascaded,2027,70.35,90
D0,DL/DL/4/D,ROA,6.0,,DL,DL,4,D,ROA,,93.33,28,30,98.0,5.00%,0.0004462791476068281,29.4,30,Cascaded,2027,29.399999999999995,30
D0,DL/DL/4/D,ROC,6.0,,DL,DL,4,D,ROC,,79.55,70,88,83.52,5.00%,0.0011156978690170702,73.5,88,Cascaded,2027,73.49999999999999,88
D0,DL/DL/4/D,RSW,6.0,,DL,DL,4,D,RSW,,70.28,525,747,73.8,5.00%,0.008367734017628026,551.25,747,Cascaded,2027,551.2499999999999,747
D0,DL/DL/4/D,SAN,6.0,,DL,DL,4,D,SAN,,73.89,597,808,77.58,5.00%,0.009515308968617013,626.85,808,Cascaded,2027,626.8499999999999,808
D0,DL/DL/4/D,SAT,6.0,,DL,DL,4,D,SAT,,75.67,426,563,79.45,5.00%,0.00678981846001817,447.3,563,Cascaded,2027,447.2999999999999,563
D0,DL/DL/4/D,SAV,6.0,,DL,DL,4,D,SAV,,71.35,244,342,74.91,5.00%,0.0038890040005737873,256.2,342,Cascaded,2027,256.19999999999993,342
D0,DL/DL/4/D,SDF,6.0,,DL,DL,4,D,SDF,,84.26,198,235,88.47,5.00%,0.0031558311152197127,207.9,235,Cascaded,2027,207.89999999999998,235
D0,DL/DL/4/D,SEA,6.0,,DL,DL,4,D,SEA,,71.29,1892,2654,74.85,5.00%,0.03015571954543281,1986.6,2654,Cascaded,2027,1986.5999999999997,2654
D0,DL/DL/4/D,SFO,6.0,,DL,DL,4,D,SFO,,58.02,669,1153,60.92,5.00%,0.010662883919605999,702.45,1153,Cascaded,2027,702.4499999999998,1153
D0,DL/DL/4/D,SGF,6.0,,DL,DL,4,D,SGF,,53.57,15,28,56.25,5.00%,0.00023907811478937217,15.75,28,Cascaded,2027,15.749999999999996,28
D0,DL/DL/4/D,SJC,6.0,,DL,DL,4,D,SJC,,87.74,229,261,92.13,5.00%,0.0036499258857844155,240.45,261,Cascaded,2027,240.44999999999996,261
D0,DL/DL/4/D,SJU,6.0,,DL,DL,4,D,SJU,,75.08,238,317,78.83,5.00%,0.0037933727546580385,249.9,317,Cascaded,2027,249.89999999999995,317
D0,DL/DL/4/D,SLC,6.0,,DL,DL,4,D,SLC,,71.75,3299,4598,75.34,5.00%,0.05258124671267592,3463.95,4598,Cascaded,2027,3463.9499999999994,4598
D0,DL/DL/4/D,SMF,6.0,,DL,DL,4,D,SMF,,80.54,207,257,84.57,5.00%,0.003299277984093336,217.35,257,Cascaded,2027,217.34999999999997,257
D0,DL/DL/4/D,SNA,6.0,,DL,DL,4,D,SNA,,70.08,267,381,73.58,5.00%,0.004255590443250825,280.35,381,Cascaded,2027,280.34999999999997,381
D0,DL/DL/4/D,SRQ,6.0,,DL,DL,4,D,SRQ,,75.89,277,365,79.68,5.00%,0.004414975853110406,290.85,365,Cascaded,2027,290.84999999999997,365
D0,DL/DL/4/D,STL,6.0,,DL,DL,4,D,STL,,80.82,337,417,84.86,5.00%,0.005371288312267895,353.85,417,Cascaded,2027,353.8499999999999,417
D0,DL/DL/4/D,STT,6.0,,DL,DL,4,D,STT,,74.42,96,129,78.14,5.00%,0.001530099934651982,100.8,129,Cascaded,2027,100.79999999999998,129
D0,DL/DL/4/D,STX,6.0,,DL,DL,4,D,STX,,69.23,9,13,72.69,5.00%,0.0001434468688736233,9.45,13,Cascaded,2027,9.449999999999998,13
D0,DL/DL/4/D,SYR,6.0,,DL,DL,4,D,SYR,,81.03,94,116,85.09,5.00%,0.0014982228526800657,98.7,116,Cascaded,2027,98.69999999999999,116
D0,DL/DL/4/D,TLH,6.0,,DL,DL,4,D,TLH,,83.85,161,192,88.05,5.00%,0.0025661050987392615,169.05,192,Cascaded,2027,169.04999999999998,192
D0,DL/DL/4/D,TPA,6.0,,DL,DL,4,D,TPA,,72.65,927,1276,76.28,5.00%,0.014775027493983201,973.35,1276,Cascaded,2027,973.3499999999998,1276
D0,DL/DL/4/D,TUL,6.0,,DL,DL,4,D,TUL,,77.78,105,135,81.67,5.00%,0.0016735468035256054,110.25,135,Cascaded,2027,110.24999999999999,135
D0,DL/DL/4/D,TUS,6.0,,DL,DL,4,D,TUS,,84.62,110,130,88.85,5.00%,0.001753239508455396,115.5,130,Cascaded,2027,115.49999999999999,130
D0,DL/DL/4/D,TVC,6.0,,DL,DL,4,D,TVC,,83.33,25,30,87.5,5.00%,0.0003984635246489536,26.25,30,Cascaded,2027,26.249999999999996,30
D0,DL/DL/4/D,TYS,6.0,,DL,DL,4,D,TYS,,80.0,96,120,84.0,5.00%,0.001530099934651982,100.8,120,Cascaded,2027,100.79999999999998,120
D0,DL/DL/4/D,VPS,6.0,,DL,DL,4,D,VPS,,69.26,169,244,72.73,5.00%,0.0026936134266269266,177.45,244,Cascaded,2027,177.44999999999996,244
D0,DL/DL/4/D,XNA,6.0,,DL,DL,4,D,XNA,,100.0,1,1,105.0,5.00%,1.5938540985958144e-05,1.05,1,Cascaded,2027,1.0499999999999998,1
D0,DL/DL/4/I,ACC,6.0,,DL,DL,4,I,ACC,,90.0,27,30,94.5,5.00%,0.003033026286227814,28.35,30,Cascaded,2027,28.349999999999994,30
D0,DL/DL/4/I,AKL,6.0,,DL,DL,4,I,AKL,,76.92,10,13,80.77,5.00%,0.0011233430689732643,10.5,13,Cascaded,2027,10.499999999999998,13
D0,DL/DL/4/I,AMS,6.0,,DL,DL,4,I,AMS,,42.53,202,475,44.65,5.00%,0.02269152999325994,212.1,475,Cascaded,2027,212.09999999999997,475
D0,DL/DL/4/I,ANU,6.0,,DL,DL,4,I,ANU,,45.45,5,11,47.73,5.00%,0.0005616715344866322,5.25,11,Cascaded,2027,5.249999999999999,11
D0,DL/DL/4/I,ARN,6.0,,DL,DL,4,I,ARN,,70.59,12,17,74.12,5.00%,0.0013480116827679174,12.6,17,Cascaded,2027,12.599999999999998,17
D0,DL/DL/4/I,ATH,6.0,,DL,DL,4,I,ATH,,79.78,71,89,83.76,5.00%,0.007975735789710177,74.55,89,Cascaded,2027,74.54999999999998,89
D0,DL/DL/4/I,ATL,6.0,,DL,DL,4,I,ATL,,67.86,1797,2648,71.26,5.00%,0.20186474949449562,1886.85,2648,Cascaded,2027,1886.8499999999997,2648
D0,DL/DL/4/I,AUA,6.0,,DL,DL,4,I,AUA,,82.5,99,120,86.62,5.00%,0.011121096382835318,103.95,120,Cascaded,2027,103.94999999999999,120
D0,DL/DL/4/I,AUS,6.0,,DL,DL,4,I,AUS,,66.67,8,12,70.0,5.00%,0.0008986744551786115,8.4,12,Cascaded,2027,8.399999999999999,12
D0,DL/DL/4/I,BCN,6.0,,DL,DL,4,I,BCN,,71.67,43,60,75.25,5.00%,0.004830375196585037,45.15,60,Cascaded,2027,45.14999999999999,60
D0,DL/DL/4/I,BDA,6.0,,DL,DL,4,I,BDA,,90.0,27,30,94.5,5.00%,0.003033026286227814,28.35,30,Cascaded,2027,28.349999999999994,30
D0,DL/DL/4/I,BER,6.0,,DL,DL,4,I,BER,,57.14,12,21,60.0,5.00%,0.0013480116827679174,12.6,21,Cascaded,2027,12.599999999999998,21
D0,DL/DL/4/I,BGI,6.0,,DL,DL,4,I,BGI,,82.35,28,34,86.47,5.00%,0.0031453605931251404,29.4,34,Cascaded,2027,29.399999999999995,34
D0,DL/DL/4/I,BNA,6.0,,DL,DL,4,I,BNA,,0.0,0,2,0.0,0.00%,0.0,0.0,2,Cascaded,2027,0.0,2
D0,DL/DL/4/I,BOG,6.0,,DL,DL,4,I,BOG,,55.0,33,60,57.75,5.00%,0.0037070321276117726,34.65,60,Cascaded,2027,34.64999999999999,60
D0,DL/DL/4/I,BON,6.0,,DL,DL,4,I,BON,,50.0,4,8,52.5,5.00%,0.00044933722758930576,4.2,8,Cascaded,2027,4.199999999999999,8
D0,DL/DL/4/I,BOS,6.0,,DL,DL,4,I,BOS,,83.93,303,361,88.13,5.00%,0.034037294989889916,318.15,361,Cascaded,2027,318.15,361
D0,DL/DL/4/I,BRU,6.0,,DL,DL,4,I,BRU,,76.47,13,17,80.29,5.00%,0.0014603459896652437,13.65,17,Cascaded,2027,13.649999999999999,17
D0,DL/DL/4/I,BZE,6.0,,DL,DL,4,I,BZE,,75.0,27,36,78.75,5.00%,0.003033026286227814,28.35,36,Cascaded,2027,28.349999999999994,36
D0,DL/DL/4/I,CDG,6.0,,DL,DL,4,I,CDG,,54.84,187,341,57.58,5.00%,0.021006515389800046,196.35,341,Cascaded,2027,196.34999999999997,341
D0,DL/DL/4/I,CPH,6.0,,DL,DL,4,I,CPH,,85.71,18,21,90.0,5.00%,0.002022017524151876,18.9,21,Cascaded,2027,18.9,21
D0,DL/DL/4/I,CPT,6.0,,DL,DL,4,I,CPT,,63.64,7,11,66.82,5.00%,0.0007863401482812851,7.35,11,Cascaded,2027,7.349999999999999,11
D0,DL/DL/4/I,CTA,6.0,,DL,DL,4,I,CTA,,82.35,14,17,86.47,5.00%,0.0015726802965625702,14.7,17,Cascaded,2027,14.699999999999998,17
D0,DL/DL/4/I,CTG,6.0,,DL,DL,4,I,CTG,,95.0,19,20,99.75,5.00%,0.0021343518310492026,19.95,20,Cascaded,2027,19.949999999999996,20
D0,DL/DL/4/I,CUN,6.0,,DL,DL,4,I,CUN,,59.29,316,533,62.25,5.00%,0.035497640979555156,331.8,533,Cascaded,2027,331.79999999999995,533
D0,DL/DL/4/I,CUR,6.0,,DL,DL,4,I,CUR,,79.17,19,24,83.12,5.00%,0.0021343518310492026,19.95,24,Cascaded,2027,19.949999999999996,24
D0,DL/DL/4/I,CVG,6.0,,DL,DL,4,I,CVG,,53.12,17,32,55.78,5.00%,0.0019096832172545495,17.85,32,Cascaded,2027,17.849999999999998,32
D0,DL/DL/4/I,CZM,6.0,,DL,DL,4,I,CZM,,84.21,16,19,88.42,5.00%,0.001797348910357223,16.8,19,Cascaded,2027,16.799999999999997,19
D0,DL/DL/4/I,DSS,6.0,,DL,DL,4,I,DSS,,53.85,7,13,56.54,5.00%,0.0007863401482812851,7.35,13,Cascaded,2027,7.349999999999999,13
D0,DL/DL/4/I,DTW,6.0,,DL,DL,4,I,DTW,,77.5,341,440,81.37,5.00%,0.03830599865198832,358.05,440,Cascaded,2027,358.04999999999995,440
D0,DL/DL/4/I,DUB,6.0,,DL,DL,4,I,DUB,,92.5,111,120,97.12,5.00%,0.012469108065603236,116.55,120,Cascaded,2027,116.54999999999998,120
D0,DL/DL/4/I,EDI,6.0,,DL,DL,4,I,EDI,,85.37,35,41,89.63,5.00%,0.003931700741406426,36.75,41,Cascaded,2027,36.74999999999999,41
D0,DL/DL/4/I,EZE,6.0,,DL,DL,4,I,EZE,,86.67,26,30,91.0,5.00%,0.0029206919793304874,27.3,30,Cascaded,2027,27.299999999999997,30
D0,DL/DL/4/I,FCO,6.0,,DL,DL,4,I,FCO,,82.12,147,179,86.23,5.00%,0.016513143113906985,154.35,179,Cascaded,2027,154.34999999999997,179
D0,DL/DL/4/I,FRA,6.0,,DL,DL,4,I,FRA,,74.44,67,90,78.17,5.00%,0.007526398562120872,70.35,90,Cascaded,2027,70.35,90
D0,DL/DL/4/I,GCM,6.0,,DL,DL,4,I,GCM,,90.24,37,41,94.76,5.00%,0.004156369355201079,38.85,41,Cascaded,2027,38.849999999999994,41
D0,DL/DL/4/I,GDL,6.0,,DL,DL,4,I,GDL,,83.33,25,30,87.5,5.00%,0.0028083576724331613,26.25,30,Cascaded,2027,26.249999999999996,30
D0,DL/DL/4/I,GIG,6.0,,DL,DL,4,I,GIG,,64.71,11,17,67.94,5.00%,0.0012356773758705909,11.55,17,Cascaded,2027,11.549999999999999,17
D0,DL/DL/4/I,GND,6.0,,DL,DL,4,I,GND,,50.0,7,14,52.5,5.00%,0.0007863401482812851,7.35,14,Cascaded,2027,7.349999999999999,14
D0,DL/DL/4/I,GRU,6.0,,DL,DL,4,I,GRU,,67.8,40,59,71.19,5.00%,0.004493372275893057,42.0,59,Cascaded,2027,41.99999999999999,59
D0,DL/DL/4/I,GUA,6.0,,DL,DL,4,I,GUA,,76.47,26,34,80.29,5.00%,0.0029206919793304874,27.3,34,Cascaded,2027,27.299999999999997,34
D0,DL/DL/4/I,HAV,6.0,,DL,DL,4,I,HAV,,63.33,19,30,66.5,5.00%,0.0021343518310492026,19.95,30,Cascaded,2027,19.949999999999996,30
D0,DL/DL/4/I,HND,6.0,,DL,DL,4,I,HND,,55.06,98,178,57.81,5.00%,0.011008762075937992,102.9,178,Cascaded,2027,102.89999999999998,178
D0,DL/DL/4/I,HNL,6.0,,DL,DL,4,I,HNL,,86.21,25,29,90.52,5.00%,0.0028083576724331613,26.25,29,Cascaded,2027,26.249999999999996,29
D0,DL/DL/4/I,ICN,6.0,,DL,DL,4,I,ICN,,71.91,128,178,75.51,5.00%,0.014378791282857784,134.4,178,Cascaded,2027,134.39999999999998,178
D0,DL/DL/4/I,IND,6.0,,DL,DL,4,I,IND,,100.0,2,2,105.0,5.00%,0.00022466861379465288,2.1,2,Cascaded,2027,2.0999999999999996,2
D0,DL/DL/4/I,JFK,6.0,,DL,DL,4,I,JFK,,75.52,975,1291,79.3,5.00%,0.10952594922489328,1023.75,1291,Cascaded,2027,1023.7499999999999,1291
D0,DL/DL/4/I,JNB,6.0,,DL,DL,4,I,JNB,,56.67,17,30,59.5,5.00%,0.0019096832172545495,17.85,30,Cascaded,2027,17.849999999999998,30
D0,DL/DL/4/I,KEF,6.0,,DL,DL,4,I,KEF,,70.0,21,30,73.5,5.00%,0.002359020444843855,22.05,30,Cascaded,2027,22.049999999999997,30
D0,DL/DL/4/I,KIN,6.0,,DL,DL,4,I,KIN,,86.67,26,30,91.0,5.00%,0.0029206919793304874,27.3,30,Cascaded,2027,27.299999999999997,30
D0,DL/DL/4/I,LAX,6.0,,DL,DL,4,I,LAX,,64.4,161,250,67.62,5.00%,0.01808582341046956,169.05,250,Cascaded,2027,169.04999999999998,250
D0,DL/DL/4/I,LGA,6.0,,DL,DL,4,I,LGA,,66.67,20,30,70.0,5.00%,0.0022466861379465287,21.0,30,Cascaded,2027,20.999999999999996,30
D0,DL/DL/4/I,LHR,6.0,,DL,DL,4,I,LHR,,86.25,251,291,90.57,5.00%,0.028195911031228937,263.55,291,Cascaded,2027,263.54999999999995,291
D0,DL/DL/4/I,LIM,6.0,,DL,DL,4,I,LIM,,76.67,23,30,80.5,5.00%,0.0025836890586385082,24.15,30,Cascaded,2027,24.149999999999995,30
D0,DL/DL/4/I,LIR,6.0,,DL,DL,4,I,LIR,,83.58,56,67,87.76,5.00%,0.006290721186250281,58.8,67,Cascaded,2027,58.79999999999999,67
D0,DL/DL/4/I,LIS,6.0,,DL,DL,4,I,LIS,,52.54,31,59,55.17,5.00%,0.0034823635138171195,32.55,59,Cascaded,2027,32.55,59
D0,DL/DL/4/I,LOS,6.0,,DL,DL,4,I,LOS,,16.67,5,30,17.5,5.00%,0.0005616715344866322,5.25,30,Cascaded,2027,5.249999999999999,30
D0,DL/DL/4/I,MAD,6.0,,DL,DL,4,I,MAD,,83.33,50,60,87.5,5.00%,0.0056167153448663226,52.5,60,Cascaded,2027,52.49999999999999,60
D0,DL/DL/4/I,MBJ,6.0,,DL,DL,4,I,MBJ,,79.33,119,150,83.3,5.00%,0.013367782520781846,124.95,150,Cascaded,2027,124.94999999999997,150
D0,DL/DL/4/I,MCI,6.0,,DL,DL,4,I,MCI,,0.0,0,2,0.0,0.00%,0.0,0.0,2,Cascaded,2027,0.0,2
D0,DL/DL/4/I,MEL,6.0,,DL,DL,4,I,MEL,,38.46,5,13,40.38,5.00%,0.0005616715344866322,5.25,13,Cascaded,2027,5.249999999999999,13
D0,DL/DL/4/I,MEX,6.0,,DL,DL,4,I,MEX,,76.36,210,275,80.18,5.00%,0.023590204448438554,220.5,275,Cascaded,2027,220.49999999999997,275
D0,DL/DL/4/I,MIA,6.0,,DL,DL,4,I,MIA,,30.0,9,30,31.5,5.00%,0.001011008762075938,9.45,30,Cascaded,2027,9.45,30
D0,DL/DL/4/I,MSP,6.0,,DL,DL,4,I,MSP,,76.09,436,573,79.9,5.00%,0.04897775780723433,457.8,573,Cascaded,2027,457.79999999999995,573
D0,DL/DL/4/I,MTY,6.0,,DL,DL,4,I,MTY,,93.33,28,30,98.0,5.00%,0.0031453605931251404,29.4,30,Cascaded,2027,29.399999999999995,30
D0,DL/DL/4/I,MUC,6.0,,DL,DL,4,I,MUC,,76.19,32,42,80.0,5.00%,0.003594697820714446,33.6,42,Cascaded,2027,33.599999999999994,42
D0,DL/DL/4/I,MXP,6.0,,DL,DL,4,I,MXP,,65.75,48,73,69.04,5.00%,0.0053920467310716695,50.4,73,Cascaded,2027,50.39999999999999,73
D0,DL/DL/4/I,MZT,6.0,,DL,DL,4,I,MZT,,100.0,2,2,105.0,5.00%,0.00022466861379465288,2.1,2,Cascaded,2027,2.0999999999999996,2
D0,DL/DL/4/I,NAP,6.0,,DL,DL,4,I,NAP,,86.67,26,30,91.0,5.00%,0.0029206919793304874,27.3,30,Cascaded,2027,27.299999999999997,30
D0,DL/DL/4/I,NAS,6.0,,DL,DL,4,I,NAS,,81.56,146,179,85.64,5.00%,0.01640080880700966,153.3,179,Cascaded,2027,153.29999999999998,179
D0,DL/DL/4/I,NCE,6.0,,DL,DL,4,I,NCE,,86.67,26,30,91.0,5.00%,0.0029206919793304874,27.3,30,Cascaded,2027,27.299999999999997,30
D0,DL/DL/4/I,PLS,6.0,,DL,DL,4,I,PLS,,88.35,91,103,92.77,5.00%,0.010222421927656706,95.55,103,Cascaded,2027,95.54999999999998,103
D0,DL/DL/4/I,POP,6.0,,DL,DL,4,I,POP,,91.67,11,12,96.25,5.00%,0.0012356773758705909,11.55,12,Cascaded,2027,11.549999999999999,12
D0,DL/DL/4/I,PTY,6.0,,DL,DL,4,I,PTY,,80.0,24,30,84.0,5.00%,0.0026960233655358348,25.2,30,Cascaded,2027,25.199999999999996,30
D0,DL/DL/4/I,PUJ,6.0,,DL,DL,4,I,PUJ,,67.38,157,233,70.75,5.00%,0.017636486182880252,164.85,233,Cascaded,2027,164.84999999999997,233
D0,DL/DL/4/I,PVG,6.0,,DL,DL,4,I,PVG,,76.39,55,72,80.21,5.00%,0.006178386879352954,57.75,72,Cascaded,2027,57.74999999999999,72
D0,DL/DL/4/I,PVR,6.0,,DL,DL,4,I,PVR,,88.57,62,70,93.0,5.00%,0.006964727027634239,65.1,70,Cascaded,2027,65.1,70
D0,DL/DL/4/I,RAK,6.0,,DL,DL,4,I,RAK,,46.15,6,13,48.46,5.00%,0.0006740058413839587,6.3,13,Cascaded,2027,6.299999999999999,13
D0,DL/DL/4/I,RDU,6.0,,DL,DL,4,I,RDU,,0.0,0,2,0.0,0.00%,0.0,0.0,2,Cascaded,2027,0.0,2
D0,DL/DL/4/I,RTB,6.0,,DL,DL,4,I,RTB,,85.71,6,7,90.0,5.00%,0.0006740058413839587,6.3,7,Cascaded,2027,6.299999999999999,7
D0,DL/DL/4/I,SAL,6.0,,DL,DL,4,I,SAL,,70.0,21,30,73.5,5.00%,0.002359020444843855,22.05,30,Cascaded,2027,22.049999999999997,30
D0,DL/DL/4/I,SAP,6.0,,DL,DL,4,I,SAP,,66.67,20,30,70.0,5.00%,0.0022466861379465287,21.0,30,Cascaded,2027,20.999999999999996,30
D0,DL/DL/4/I,SCL,6.0,,DL,DL,4,I,SCL,,96.67,29,30,101.5,5.00%,0.003257694900022467,30.45,30,Cascaded,2027,30.449999999999996,30
D0,DL/DL/4/I,SDQ,6.0,,DL,DL,4,I,SDQ,,68.85,84,122,72.3,5.00%,0.00943608177937542,88.2,122,Cascaded,2027,88.19999999999999,122
D0,DL/DL/4/I,SEA,6.0,,DL,DL,4,I,SEA,,68.0,204,300,71.4,5.00%,0.022916198607054593,214.2,300,Cascaded,2027,214.19999999999996,300
D0,DL/DL/4/I,SJD,6.0,,DL,DL,4,I,SJD,,74.22,167,225,77.93,5.00%,0.018759829251853516,175.35,225,Cascaded,2027,175.34999999999997,225
D0,DL/DL/4/I,SJO,6.0,,DL,DL,4,I,SJO,,64.58,31,48,67.81,5.00%,0.0034823635138171195,32.55,48,Cascaded,2027,32.55,48
D0,DL/DL/4/I,SKB,6.0,,DL,DL,4,I,SKB,,50.0,4,8,52.5,5.00%,0.00044933722758930576,4.2,8,Cascaded,2027,4.199999999999999,8
D0,DL/DL/4/I,SLC,6.0,,DL,DL,4,I,SLC,,70.48,160,227,74.01,5.00%,0.01797348910357223,168.0,227,Cascaded,2027,167.99999999999997,227
D0,DL/DL/4/I,STI,6.0,,DL,DL,4,I,STI,,82.22,74,90,86.33,5.00%,0.008312738710402157,77.7,90,Cascaded,2027,77.69999999999999,90
D0,DL/DL/4/I,SVD,6.0,,DL,DL,4,I,SVD,,92.86,13,14,97.5,5.00%,0.0014603459896652437,13.65,14,Cascaded,2027,13.649999999999999,14
D0,DL/DL/4/I,SXM,6.0,,DL,DL,4,I,SXM,,63.64,42,66,66.82,5.00%,0.00471804088968771,44.1,66,Cascaded,2027,44.099999999999994,66
D0,DL/DL/4/I,SYD,6.0,,DL,DL,4,I,SYD,,86.67,26,30,91.0,5.00%,0.0029206919793304874,27.3,30,Cascaded,2027,27.299999999999997,30
D0,DL/DL/4/I,TPA,6.0,,DL,DL,4,I,TPA,,47.06,8,17,49.41,5.00%,0.0008986744551786115,8.4,17,Cascaded,2027,8.399999999999999,17
D0,DL/DL/4/I,TPE,6.0,,DL,DL,4,I,TPE,,66.67,20,30,70.0,5.00%,0.0022466861379465287,21.0,30,Cascaded,2027,20.999999999999996,30
D0,DL/DL/4/I,TQO,6.0,,DL,DL,4,I,TQO,,90.0,27,30,94.5,5.00%,0.003033026286227814,28.35,30,Cascaded,2027,28.349999999999994,30
D0,DL/DL/4/I,UIO,6.0,,DL,DL,4,I,UIO,,96.67,29,30,101.5,5.00%,0.003257694900022467,30.45,30,Cascaded,2027,30.449999999999996,30
D0,DL/DL/4/I,UVF,6.0,,DL,DL,4,I,UVF,,80.0,24,30,84.0,5.00%,0.0026960233655358348,25.2,30,Cascaded,2027,25.199999999999996,30
D0,DL/DL/4/I,VCE,6.0,,DL,DL,4,I,VCE,,81.67,49,60,85.75,5.00%,0.005504381037968996,51.45,60,Cascaded,2027,51.44999999999999,60
D0,DL/DL/4/I,YUL,6.0,,DL,DL,4,I,YUL,,76.47,65,85,80.29,5.00%,0.007301729948326219,68.25,85,Cascaded,2027,68.24999999999999,85
D0,DL/DL/4/I,YVR,6.0,,DL,DL,4,I,YVR,,90.0,27,30,94.5,5.00%,0.003033026286227814,28.35,30,Cascaded,2027,28.349999999999994,30
D0,DL/DL/4/I,YYC,6.0,,DL,DL,4,I,YYC,,80.0,24,30,84.0,5.00%,0.0026960233655358348,25.2,30,Cascaded,2027,25.199999999999996,30
D0,DL/DL/4/I,YYZ,6.0,,DL,DL,4,I,YYZ,,76.15,99,130,79.96,5.00%,0.011121096382835318,103.95,130,Cascaded,2027,103.94999999999999,130
D0,DL/DL/4/I,ZRH,6.0,,DL,DL,4,I,ZRH,,87.18,34,39,91.54,5.00%,0.003819366434509099,35.7,39,Cascaded,2027,35.699999999999996,39
D0,DL/DL/5/D,ABQ,6.0,,DL,DL,5,D,ABQ,,80.19,85,106,84.2,5.00%,0.0014320854533814065,89.25,106,Cascaded,2027,89.25,106
D0,DL/DL/5/D,AGS,6.0,,DL,DL,5,D,AGS,,100.0,1,1,105.0,5.00%,1.684806415742831e-05,1.05,1,Cascaded,2027,1.05,1
D0,DL/DL/5/D,ALB,6.0,,DL,DL,5,D,ALB,,76.27,90,118,80.08,5.00%,0.001516325774168548,94.5,118,Cascaded,2027,94.5,118
D0,DL/DL/5/D,ANC,6.0,,DL,DL,5,D,ANC,,68.75,143,208,72.19,5.00%,0.0024092731745122484,150.15,208,Cascaded,2027,150.15,208
D0,DL/DL/5/D,ATL,6.0,,DL,DL,5,D,ATL,,64.55,13119,20325,67.77,5.00%,0.221029753681302,13774.95,20325,Cascaded,2027,13774.95,20325
D0,DL/DL/5/D,ATW,6.0,,DL,DL,5,D,ATW,,83.33,25,30,87.5,5.00%,0.00042120160393570777,26.25,30,Cascaded,2027,26.25,30
D0,DL/DL/5/D,AUS,6.0,,DL,DL,5,D,AUS,,68.55,787,1148,71.98,5.00%,0.01325942649189608,826.35,1148,Cascaded,2027,826.35,1148
D0,DL/DL/5/D,AVL,6.0,,DL,DL,5,D,AVL,,72.41,105,145,76.03,5.00%,0.0017690467365299727,110.25,145,Cascaded,2027,110.25000000000001,145
D0,DL/DL/5/D,BDL,6.0,,DL,DL,5,D,BDL,,75.07,283,377,78.82,5.00%,0.0047680021565522125,297.15,377,Cascaded,2027,297.15000000000003,377
D0,DL/DL/5/D,BGR,6.0,,DL,DL,5,D,BGR,,66.67,2,3,70.0,5.00%,3.369612831485662e-05,2.1,3,Cascaded,2027,2.1,3
D0,DL/DL/5/D,BHM,6.0,,DL,DL,5,D,BHM,,71.52,236,330,75.09,5.00%,0.003976143141153081,247.8,330,Cascaded,2027,247.8,330
D0,DL/DL/5/D,BIL,6.0,,DL,DL,5,D,BIL,,91.67,55,60,96.25,5.00%,0.0009266435286585571,57.75,60,Cascaded,2027,57.75000000000001,60
D0,DL/DL/5/D,BIS,6.0,,DL,DL,5,D,BIS,,80.0,24,30,84.0,5.00%,0.00040435353977827946,25.2,30,Cascaded,2027,25.200000000000003,30
D0,DL/DL/5/D,BNA,6.0,,DL,DL,5,D,BNA,,69.52,600,863,73.0,5.00%,0.010108838494456988,630.0,863,Cascaded,2027,630.0,863
D0,DL/DL/5/D,BOI,6.0,,DL,DL,5,D,BOI,,71.24,161,226,74.8,5.00%,0.002712538329345958,169.05,226,Cascaded,2027,169.05,226
D0,DL/DL/5/D,BOS,6.0,,DL,DL,5,D,BOS,,73.09,1670,2285,76.74,5.00%,0.02813626714290528,1753.5,2285,Cascaded,2027,1753.5000000000002,2285
D0,DL/DL/5/D,BTR,6.0,,DL,DL,5,D,BTR,,65.08,41,63,68.33,5.00%,0.0006907706304545608,43.05,63,Cascaded,2027,43.050000000000004,63
D0,DL/DL/5/D,BTV,6.0,,DL,DL,5,D,BTV,,93.94,31,33,98.64,5.00%,0.0005222899888802777,32.55,33,Cascaded,2027,32.550000000000004,33
D0,DL/DL/5/D,BUF,6.0,,DL,DL,5,D,BUF,,50.68,74,146,53.22,5.00%,0.001246756747649695,77.7,146,Cascaded,2027,77.7,146
D0,DL/DL/5/D,BUR,6.0,,DL,DL,5,D,BUR,,69.49,41,59,72.97,5.00%,0.0006907706304545608,43.05,59,Cascaded,2027,43.050000000000004,59
D0,DL/DL/5/D,BWI,6.0,,DL,DL,5,D,BWI,,66.6,311,467,69.93,5.00%,0.005239747952960205,326.55,467,Cascaded,2027,326.55,467
D0,DL/DL/5/D,BZN,6.0,,DL,DL,5,D,BZN,,81.58,124,152,85.66,5.00%,0.0020891599555211107,130.2,152,Cascaded,2027,130.20000000000002,152
D0,DL/DL/5/D,CAE,6.0,,DL,DL,5,D,CAE,,60.43,113,187,63.45,5.00%,0.0019038312497893992,118.65,187,Cascaded,2027,118.65,187
D0,DL/DL/5/D,CHA,6.0,,DL,DL,5,D,CHA,,68.14,77,113,71.55,5.00%,0.00129730094012198,80.85,113,Cascaded,2027,80.85000000000001,113
D0,DL/DL/5/D,CHS,6.0,,DL,DL,5,D,CHS,,78.37,308,393,82.29,5.00%,0.00518920376048792,323.4,393,Cascaded,2027,323.40000000000003,393
D0,DL/DL/5/D,CID,6.0,,DL,DL,5,D,CID,,73.33,22,30,77.0,5.00%,0.00037065741146342283,23.1,30,Cascaded,2027,23.1,30
D0,DL/DL/5/D,CLE,6.0,,DL,DL,5,D,CLE,,77.81,270,347,81.7,5.00%,0.004548977322505644,283.5,347,Cascaded,2027,283.5,347
D0,DL/DL/5/D,CLT,6.0,,DL,DL,5,D,CLT,,74.32,353,475,78.03,5.00%,0.005947366647572194,370.65,475,Cascaded,2027,370.65000000000003,475
D0,DL/DL/5/D,CMH,6.0,,DL,DL,5,D,CMH,,80.86,283,350,84.9,5.00%,0.0047680021565522125,297.15,350,Cascaded,2027,297.15000000000003,350
D0,DL/DL/5/D,COS,6.0,,DL,DL,5,D,COS,,67.86,38,56,71.25,5.00%,0.0006402264379822758,39.9,56,Cascaded,2027,39.900000000000006,56
D0,DL/DL/5/D,CVG,6.0,,DL,DL,5,D,CVG,,70.81,456,644,74.35,5.00%,0.00768271725578731,478.8,644,Cascaded,2027,478.8,644
D0,DL/DL/5/D,DAB,6.0,,DL,DL,5,D,DAB,,66.67,78,117,70.0,5.00%,0.0013141490042794083,81.9,117,Cascaded,2027,81.9,117
D0,DL/DL/5/D,DAL,6.0,,DL,DL,5,D,DAL,,55.21,90,163,57.98,5.00%,0.001516325774168548,94.5,163,Cascaded,2027,94.5,163
D0,DL/DL/5/D,DAY,6.0,,DL,DL,5,D,DAY,,75.44,86,114,79.21,5.00%,0.0014489335175388348,90.3,114,Cascaded,2027,90.30000000000001,114
D0,DL/DL/5/D,DCA,6.0,,DL,DL,5,D,DCA,,66.42,528,795,69.74,5.00%,0.008895777875122149,554.4,795,Cascaded,2027,554.4000000000001,795
D0,DL/DL/5/D,DEN,6.0,,DL,DL,5,D,DEN,,71.1,716,1007,74.66,5.00%,0.012063213936718671,751.8,1007,Cascaded,2027,751.8000000000001,1007
D0,DL/DL/5/D,DFW,6.0,,DL,DL,5,D,DFW,,55.38,515,930,58.15,5.00%,0.008676753041075581,540.75,930,Cascaded,2027,540.75,930
D0,DL/DL/5/D,DJT,6.0,,DL,DL,5,D,DJT,,60.44,356,589,63.46,5.00%,0.005997910840044479,373.8,589,Cascaded,2027,373.8,589
D0,DL/DL/5/D,DSM,6.0,,DL,DL,5,D,DSM,,77.88,88,113,81.77,5.00%,0.0014826296458536913,92.4,113,Cascaded,2027,92.4,113
D0,DL/DL/5/D,DTW,6.0,,DL,DL,5,D,DTW,,66.49,3429,5157,69.82,5.00%,0.05777201199582168,3600.45,5157,Cascaded,2027,3600.4500000000003,5157
D0,DL/DL/5/D,ECP,6.0,,DL,DL,5,D,ECP,,68.64,151,220,72.07,5.00%,0.002544057687771675,158.55,220,Cascaded,2027,158.55,220
D0,DL/DL/5/D,ELP,6.0,,DL,DL,5,D,ELP,,70.0,42,60,73.5,5.00%,0.000707618694611989,44.1,60,Cascaded,2027,44.1,60
D0,DL/DL/5/D,EWR,6.0,,DL,DL,5,D,EWR,,65.56,354,540,68.83,5.00%,0.005964214711729622,371.7,540,Cascaded,2027,371.70000000000005,540
D0,DL/DL/5/D,EYW,6.0,,DL,DL,5,D,EYW,,84.17,101,120,88.38,5.00%,0.0017016544799002594,106.05,120,Cascaded,2027,106.05000000000001,120
D0,DL/DL/5/D,FAI,6.0,,DL,DL,5,D,FAI,,56.67,17,30,59.5,5.00%,0.0002864170906762813,17.85,30,Cascaded,2027,17.85,30
D0,DL/DL/5/D,FAR,6.0,,DL,DL,5,D,FAR,,88.33,53,60,92.75,5.00%,0.0008929474003437005,55.65,60,Cascaded,2027,55.650000000000006,60
D0,DL/DL/5/D,FCA,6.0,,DL,DL,5,D,FCA,,66.2,47,71,69.51,5.00%,0.0007918590153991307,49.35,71,Cascaded,2027,49.35,71
D0,DL/DL/5/D,FLL,6.0,,DL,DL,5,D,FLL,,59.51,651,1094,62.48,5.00%,0.01096808976648583,683.55,1094,Cascaded,2027,683.5500000000001,1094
D0,DL/DL/5/D,FSD,6.0,,DL,DL,5,D,FSD,,88.33,53,60,92.75,5.00%,0.0008929474003437005,55.65,60,Cascaded,2027,55.650000000000006,60
D0,DL/DL/5/D,GEG,6.0,,DL,DL,5,D,GEG,,79.43,166,209,83.4,5.00%,0.0027967786501331,174.3,209,Cascaded,2027,174.3,209
D0,DL/DL/5/D,GNV,6.0,,DL,DL,5,D,GNV,,73.76,104,141,77.45,5.00%,0.0017521986723725443,109.2,141,Cascaded,2027,109.2,141
D0,DL/DL/5/D,GPT,6.0,,DL,DL,5,D,GPT,,78.76,89,113,82.7,5.00%,0.0014994777100111197,93.45,113,Cascaded,2027,93.45,113
D0,DL/DL/5/D,GRB,6.0,,DL,DL,5,D,GRB,,83.33,25,30,87.5,5.00%,0.00042120160393570777,26.25,30,Cascaded,2027,26.25,30
D0,DL/DL/5/D,GRR,6.0,,DL,DL,5,D,GRR,,84.72,122,144,88.96,5.00%,0.002055463827206254,128.1,144,Cascaded,2027,128.10000000000002,144
D0,DL/DL/5/D,GSO,6.0,,DL,DL,5,D,GSO,,74.47,175,235,78.19,5.00%,0.0029484112275499543,183.75,235,Cascaded,2027,183.75,235
D0,DL/DL/5/D,GSP,6.0,,DL,DL,5,D,GSP,,71.86,212,295,75.46,5.00%,0.003571789601374802,222.6,295,Cascaded,2027,222.60000000000002,295
D0,DL/DL/5/D,HNL,6.0,,DL,DL,5,D,HNL,,78.26,234,299,82.17,5.00%,0.003942447012838225,245.7,299,Cascaded,2027,245.70000000000002,299
D0,DL/DL/5/D,HOU,6.0,,DL,DL,5,D,HOU,,60.55,66,109,63.58,5.00%,0.0011119722343902686,69.3,109,Cascaded,2027,69.30000000000001,109
D0,DL/DL/5/D,HPN,6.0,,DL,DL,5,D,HPN,,54.0,27,50,56.7,5.00%,0.0004548977322505644,28.35,50,Cascaded,2027,28.35,50
D0,DL/DL/5/D,HRL,6.0,,DL,DL,5,D,HRL,,83.33,5,6,87.5,5.00%,8.424032078714155e-05,5.25,6,Cascaded,2027,5.25,6
D0,DL/DL/5/D,HSV,6.0,,DL,DL,5,D,HSV,,73.12,136,186,76.77,5.00%,0.0022913367254102503,142.8,186,Cascaded,2027,142.8,186
D0,DL/DL/5/D,IAD,6.0,,DL,DL,5,D,IAD,,72.08,204,283,75.69,5.00%,0.0034370050881153756,214.2,283,Cascaded,2027,214.20000000000002,283
D0,DL/DL/5/D,IAH,6.0,,DL,DL,5,D,IAH,,54.07,399,738,56.77,5.00%,0.006722377598813896,418.95,738,Cascaded,2027,418.95000000000005,738
D0,DL/DL/5/D,ICT,6.0,,DL,DL,5,D,ICT,,76.47,65,85,80.29,5.00%,0.0010951241702328402,68.25,85,Cascaded,2027,68.25,85
D0,DL/DL/5/D,IDA,6.0,,DL,DL,5,D,IDA,,60.0,18,30,63.0,5.00%,0.0003032651548337096,18.9,30,Cascaded,2027,18.900000000000002,30
D0,DL/DL/5/D,ILM,6.0,,DL,DL,5,D,ILM,,71.03,76,107,74.58,5.00%,0.0012804528759645516,79.8,107,Cascaded,2027,79.80000000000001,107
D0,DL/DL/5/D,IND,6.0,,DL,DL,5,D,IND,,77.16,277,359,81.02,5.00%,0.004666913771607642,290.85,359,Cascaded,2027,290.85,359
D0,DL/DL/5/D,JAC,6.0,,DL,DL,5,D,JAC,,81.67,49,60,85.75,5.00%,0.0008255551437139873,51.45,60,Cascaded,2027,51.45,60
D0,DL/DL/5/D,JAN,6.0,,DL,DL,5,D,JAN,,76.22,125,164,80.03,5.00%,0.002106008019678539,131.25,164,Cascaded,2027,131.25,164
D0,DL/DL/5/D,JAX,6.0,,DL,DL,5,D,JAX,,65.53,287,438,68.8,5.00%,0.004835394413181925,301.35,438,Cascaded,2027,301.35,438
D0,DL/DL/5/D,JFK,6.0,,DL,DL,5,D,JFK,,73.07,1888,2584,76.72,5.00%,0.03180914512922465,1982.4,2584,Cascaded,2027,1982.4,2584
D0,DL/DL/5/D,KOA,6.0,,DL,DL,5,D,KOA,,83.33,50,60,87.5,5.00%,0.0008424032078714155,52.5,60,Cascaded,2027,52.5,60
D0,DL/DL/5/D,LAS,6.0,,DL,DL,5,D,LAS,,60.94,802,1316,63.99,5.00%,0.013512147454257505,842.1,1316,Cascaded,2027,842.1,1316
D0,DL/DL/5/D,LAX,6.0,,DL,DL,5,D,LAX,,66.35,2135,3218,69.66,5.00%,0.03597061697610945,2241.75,3218,Cascaded,2027,2241.75,3218
D0,DL/DL/5/D,LEX,6.0,,DL,DL,5,D,LEX,,79.8,158,198,83.79,5.00%,0.0026619941368736734,165.9,198,Cascaded,2027,165.9,198
D0,DL/DL/5/D,LGA,6.0,,DL,DL,5,D,LGA,,66.98,1586,2368,70.33,5.00%,0.0267210297536813,1665.3,2368,Cascaded,2027,1665.3000000000002,2368
D0,DL/DL/5/D,LGB,6.0,,DL,DL,5,D,LGB,,75.0,30,40,78.75,5.00%,0.0005054419247228493,31.5,40,Cascaded,2027,31.500000000000004,40
D0,DL/DL/5/D,LIH,6.0,,DL,DL,5,D,LIH,,81.67,49,60,85.75,5.00%,0.0008255551437139873,51.45,60,Cascaded,2027,51.45,60
D0,DL/DL/5/D,LIT,6.0,,DL,DL,5,D,LIT,,64.77,125,193,68.01,5.00%,0.002106008019678539,131.25,193,Cascaded,2027,131.25,193
D0,DL/DL/5/D,MCI,6.0,,DL,DL,5,D,MCI,,73.24,490,669,76.91,5.00%,0.008255551437139873,514.5,669,Cascaded,2027,514.5,669
D0,DL/DL/5/D,MCO,6.0,,DL,DL,5,D,MCO,,64.23,1149,1789,67.44,5.00%,0.01935842571688513,1206.45,1789,Cascaded,2027,1206.45,1789
D0,DL/DL/5/D,MDT,6.0,,DL,DL,5,D,MDT,,83.75,67,80,87.94,5.00%,0.001128820298547697,70.35,80,Cascaded,2027,70.35000000000001,80
D0,DL/DL/5/D,MDW,6.0,,DL,DL,5,D,MDW,,74.34,84,113,78.05,5.00%,0.001415237389223978,88.2,113,Cascaded,2027,88.2,113
D0,DL/DL/5/D,MEM,6.0,,DL,DL,5,D,MEM,,70.16,268,382,73.66,5.00%,0.004515281194190788,281.4,382,Cascaded,2027,281.40000000000003,382
D0,DL/DL/5/D,MIA,6.0,,DL,DL,5,D,MIA,,61.81,586,948,64.91,5.00%,0.00987296559625299,615.3,948,Cascaded,2027,615.3000000000001,948
D0,DL/DL/5/D,MKE,6.0,,DL,DL,5,D,MKE,,82.33,261,317,86.45,5.00%,0.004397344745088789,274.05,317,Cascaded,2027,274.05,317
D0,DL/DL/5/D,MLB,6.0,,DL,DL,5,D,MLB,,76.27,90,118,80.08,5.00%,0.001516325774168548,94.5,118,Cascaded,2027,94.5,118
D0,DL/DL/5/D,MOB,6.0,,DL,DL,5,D,MOB,,81.48,22,27,85.56,5.00%,0.00037065741146342283,23.1,27,Cascaded,2027,23.1,27
D0,DL/DL/5/D,MSN,6.0,,DL,DL,5,D,MSN,,83.54,132,158,87.72,5.00%,0.0022239444687805372,138.6,158,Cascaded,2027,138.60000000000002,158
D0,DL/DL/5/D,MSO,6.0,,DL,DL,5,D,MSO,,86.67,78,90,91.0,5.00%,0.0013141490042794083,81.9,90,Cascaded,2027,81.9,90
D0,DL/DL/5/D,MSP,6.0,,DL,DL,5,D,MSP,,70.15,3845,5481,73.66,5.00%,0.06478080668531186,4037.25,5481,Cascaded,2027,4037.2500000000005,5481
D0,DL/DL/5/D,MSY,6.0,,DL,DL,5,D,MSY,,61.47,394,641,64.54,5.00%,0.006638137278026755,413.7,641,Cascaded,2027,413.70000000000005,641
D0,DL/DL/5/D,MYR,6.0,,DL,DL,5,D,MYR,,67.25,154,229,70.61,5.00%,0.00259460188024396,161.7,229,Cascaded,2027,161.70000000000002,229
D0,DL/DL/5/D,OGG,6.0,,DL,DL,5,D,OGG,,93.1,108,116,97.76,5.00%,0.0018195909290022576,113.4,116,Cascaded,2027,113.4,116
D0,DL/DL/5/D,OKC,6.0,,DL,DL,5,D,OKC,,74.1,103,139,77.81,5.00%,0.0017353506082151162,108.15,139,Cascaded,2027,108.15,139
D0,DL/DL/5/D,OMA,6.0,,DL,DL,5,D,OMA,,73.94,105,142,77.64,5.00%,0.0017690467365299727,110.25,142,Cascaded,2027,110.25000000000001,142
D0,DL/DL/5/D,ONT,6.0,,DL,DL,5,D,ONT,,85.63,143,167,89.91,5.00%,0.0024092731745122484,150.15,167,Cascaded,2027,150.15,167
D0,DL/DL/5/D,ORD,6.0,,DL,DL,5,D,ORD,,61.51,580,943,64.58,5.00%,0.00977187721130842,609.0,943,Cascaded,2027,609.0,943
D0,DL/DL/5/D,ORF,6.0,,DL,DL,5,D,ORF,,60.64,171,282,63.67,5.00%,0.0028810189709202413,179.55,282,Cascaded,2027,179.55,282
D0,DL/DL/5/D,PDX,6.0,,DL,DL,5,D,PDX,,74.49,435,584,78.21,5.00%,0.007328907908481315,456.75,584,Cascaded,2027,456.75000000000006,584
D0,DL/DL/5/D,PHL,6.0,,DL,DL,5,D,PHL,,71.38,409,573,74.95,5.00%,0.0068908582403881796,429.45,573,Cascaded,2027,429.45000000000005,573
D0,DL/DL/5/D,PHX,6.0,,DL,DL,5,D,PHX,,72.05,629,873,75.65,5.00%,0.010597432355022408,660.45,873,Cascaded,2027,660.45,873
D0,DL/DL/5/D,PIT,6.0,,DL,DL,5,D,PIT,,73.03,222,304,76.68,5.00%,0.0037402702429490853,233.1,304,Cascaded,2027,233.10000000000002,304
D0,DL/DL/5/D,PNS,6.0,,DL,DL,5,D,PNS,,76.59,193,252,80.42,5.00%,0.003251676382383664,202.65,252,Cascaded,2027,202.65,252
D0,DL/DL/5/D,PSC,6.0,,DL,DL,5,D,PSC,,81.48,44,54,85.56,5.00%,0.0007413148229268457,46.2,54,Cascaded,2027,46.2,54
D0,DL/DL/5/D,PSP,6.0,,DL,DL,5,D,PSP,,46.15,12,26,48.46,5.00%,0.00020217676988913973,12.6,26,Cascaded,2027,12.600000000000001,26
D0,DL/DL/5/D,PVD,6.0,,DL,DL,5,D,PVD,,82.91,97,117,87.05,5.00%,0.0016342622232705462,101.85,117,Cascaded,2027,101.85000000000001,117
D0,DL/DL/5/D,PWM,6.0,,DL,DL,5,D,PWM,,68.67,57,83,72.11,5.00%,0.0009603396569734138,59.85,83,Cascaded,2027,59.85,83
D0,DL/DL/5/D,RAP,6.0,,DL,DL,5,D,RAP,,0.0,0,2,0.0,0.00%,0.0,0.0,2,Cascaded,2027,0.0,2
D0,DL/DL/5/D,RDU,6.0,,DL,DL,5,D,RDU,,68.73,688,1001,72.17,5.00%,0.011591468140310679,722.4,1001,Cascaded,2027,722.4000000000001,1001
D0,DL/DL/5/D,RIC,6.0,,DL,DL,5,D,RIC,,70.04,173,247,73.54,5.00%,0.002914715099235098,181.65,247,Cascaded,2027,181.65,247
D0,DL/DL/5/D,RNO,6.0,,DL,DL,5,D,RNO,,70.79,63,89,74.33,5.00%,0.0010614280419179835,66.15,89,Cascaded,2027,66.15,89
D0,DL/DL/5/D,ROA,6.0,,DL,DL,5,D,ROA,,83.33,25,30,87.5,5.00%,0.00042120160393570777,26.25,30,Cascaded,2027,26.25,30
D0,DL/DL/5/D,ROC,6.0,,DL,DL,5,D,ROC,,56.82,50,88,59.66,5.00%,0.0008424032078714155,52.5,88,Cascaded,2027,52.5,88
D0,DL/DL/5/D,RSW,6.0,,DL,DL,5,D,RSW,,69.55,418,601,73.03,5.00%,0.007042490817805034,438.9,601,Cascaded,2027,438.90000000000003,601
D0,DL/DL/5/D,SAN,6.0,,DL,DL,5,D,SAN,,73.96,588,795,77.66,5.00%,0.009906661724567847,617.4,795,Cascaded,2027,617.4000000000001,795
D0,DL/DL/5/D,SAT,6.0,,DL,DL,5,D,SAT,,64.75,371,573,67.98,5.00%,0.006250631802405903,389.55,573,Cascaded,2027,389.55,573
D0,DL/DL/5/D,SAV,6.0,,DL,DL,5,D,SAV,,68.33,233,341,71.74,5.00%,0.003925598948680797,244.65,341,Cascaded,2027,244.65,341
D0,DL/DL/5/D,SDF,6.0,,DL,DL,5,D,SDF,,78.71,196,249,82.65,5.00%,0.003302220574855949,205.8,249,Cascaded,2027,205.8,249
D0,DL/DL/5/D,SEA,6.0,,DL,DL,5,D,SEA,,64.53,1770,2743,67.75,5.00%,0.02982107355864811,1858.5,2743,Cascaded,2027,1858.5000000000002,2743
D0,DL/DL/5/D,SFO,6.0,,DL,DL,5,D,SFO,,48.98,577,1178,51.43,5.00%,0.009721333018836136,605.85,1178,Cascaded,2027,605.85,1178
D0,DL/DL/5/D,SGF,6.0,,DL,DL,5,D,SGF,,39.58,19,48,41.56,5.00%,0.0003201132189911379,19.95,48,Cascaded,2027,19.950000000000003,48
D0,DL/DL/5/D,SJC,6.0,,DL,DL,5,D,SJC,,88.41,267,302,92.83,5.00%,0.0044984331300333595,280.35,302,Cascaded,2027,280.35,302
D0,DL/DL/5/D,SJU,6.0,,DL,DL,5,D,SJU,,83.44,252,302,87.62,5.00%,0.004245712167671934,264.6,302,Cascaded,2027,264.6,302
D0,DL/DL/5/D,SLC,6.0,,DL,DL,5,D,SLC,,68.88,3156,4582,72.32,5.00%,0.05317249048084375,3313.8,4582,Cascaded,2027,3313.8,4582
D0,DL/DL/5/D,SMF,6.0,,DL,DL,5,D,SMF,,79.93,243,304,83.93,5.00%,0.00409407959025508,255.15,304,Cascaded,2027,255.15,304
D0,DL/DL/5/D,SNA,6.0,,DL,DL,5,D,SNA,,70.68,258,365,74.22,5.00%,0.004346800552616504,270.9,365,Cascaded,2027,270.90000000000003,365
D0,DL/DL/5/D,SRQ,6.0,,DL,DL,5,D,SRQ,,72.87,188,258,76.51,5.00%,0.0031674360615965226,197.4,258,Cascaded,2027,197.4,258
D0,DL/DL/5/D,STL,6.0,,DL,DL,5,D,STL,,78.86,373,473,82.8,5.00%,0.00628432793072076,391.65,473,Cascaded,2027,391.65000000000003,473
D0,DL/DL/5/D,STT,6.0,,DL,DL,5,D,STT,,60.67,54,89,63.71,5.00%,0.0009097954645011288,56.7,89,Cascaded,2027,56.7,89
D0,DL/DL/5/D,STX,6.0,,DL,DL,5,D,STX,,40.0,2,5,42.0,5.00%,3.369612831485662e-05,2.1,5,Cascaded,2027,2.1,5
D0,DL/DL/5/D,SYR,6.0,,DL,DL,5,D,SYR,,83.59,107,128,87.77,5.00%,0.0018027428648448294,112.35,128,Cascaded,2027,112.35000000000001,128
D0,DL/DL/5/D,TLH,6.0,,DL,DL,5,D,TLH,,75.52,145,192,79.3,5.00%,0.002442969302827105,152.25,192,Cascaded,2027,152.25,192
D0,DL/DL/5/D,TPA,6.0,,DL,DL,5,D,TPA,,62.62,747,1193,65.75,5.00%,0.01258550392559895,784.35,1193,Cascaded,2027,784.35,1193
D0,DL/DL/5/D,TRI,6.0,,DL,DL,5,D,TRI,,47.83,11,23,50.22,5.00%,0.00018532870573171142,11.55,23,Cascaded,2027,11.55,23
D0,DL/DL/5/D,TUL,6.0,,DL,DL,5,D,TUL,,71.32,97,136,74.89,5.00%,0.0016342622232705462,101.85,136,Cascaded,2027,101.85000000000001,136
D0,DL/DL/5/D,TUS,6.0,,DL,DL,5,D,TUS,,81.94,59,72,86.04,5.00%,0.0009940357852882703,61.95,72,Cascaded,2027,61.95,72
D0,DL/DL/5/D,TVC,6.0,,DL,DL,5,D,TVC,,90.91,30,33,95.45,5.00%,0.0005054419247228493,31.5,33,Cascaded,2027,31.500000000000004,33
D0,DL/DL/5/D,TYS,6.0,,DL,DL,5,D,TYS,,82.1,133,162,86.2,5.00%,0.0022407925329379656,139.65,162,Cascaded,2027,139.65,162
D0,DL/DL/5/D,VPS,6.0,,DL,DL,5,D,VPS,,65.61,166,253,68.89,5.00%,0.0027967786501331,174.3,253,Cascaded,2027,174.3,253
D0,DL/DL/5/I,ACC,6.0,,DL,DL,5,I,ACC,,76.67,23,30,80.5,5.00%,0.002842313395946614,24.15,30,Cascaded,2027,24.150000000000002,30
D0,DL/DL/5/I,AKL,6.0,,DL,DL,5,I,AKL,,66.67,6,9,70.0,5.00%,0.0007414730598121602,6.3,9,Cascaded,2027,6.300000000000001,9
D0,DL/DL/5/I,AMS,6.0,,DL,DL,5,I,AMS,,39.08,186,476,41.03,5.00%,0.022985664854176965,195.3,476,Cascaded,2027,195.3,476
D0,DL/DL/5/I,ANU,6.0,,DL,DL,5,I,ANU,,50.0,3,6,52.5,5.00%,0.0003707365299060801,3.15,6,Cascaded,2027,3.1500000000000004,6
D0,DL/DL/5/I,ARN,6.0,,DL,DL,5,I,ARN,,72.41,21,29,76.03,5.00%,0.0025951557093425604,22.05,29,Cascaded,2027,22.05,29
D0,DL/DL/5/I,ATH,6.0,,DL,DL,5,I,ATH,,72.58,90,124,76.21,5.00%,0.011122095897182402,94.5,124,Cascaded,2027,94.5,124
D0,DL/DL/5/I,ATL,6.0,,DL,DL,5,I,ATL,,60.23,1572,2610,63.24,5.00%,0.19426594167078595,1650.6,2610,Cascaded,2027,1650.6000000000001,2610
D0,DL/DL/5/I,AUA,6.0,,DL,DL,5,I,AUA,,83.7,77,92,87.88,5.00%,0.009515570934256055,80.85,92,Cascaded,2027,80.85000000000001,92
D0,DL/DL/5/I,BCN,6.0,,DL,DL,5,I,BCN,,48.91,45,92,51.36,5.00%,0.005561047948591201,47.25,92,Cascaded,2027,47.25,92
D0,DL/DL/5/I,BDA,6.0,,DL,DL,5,I,BDA,,63.33,19,30,66.5,5.00%,0.0023479980227385073,19.95,30,Cascaded,2027,19.95,30
D0,DL/DL/5/I,BER,6.0,,DL,DL,5,I,BER,,75.86,22,29,79.66,5.00%,0.002718734552644587,23.1,29,Cascaded,2027,23.1,29
D0,DL/DL/5/I,BGI,6.0,,DL,DL,5,I,BGI,,87.1,27,31,91.45,5.00%,0.0033366287691547207,28.35,31,Cascaded,2027,28.35,31
D0,DL/DL/5/I,BOG,6.0,,DL,DL,5,I,BOG,,67.24,39,58,70.6,5.00%,0.004819574888779041,40.95,58,Cascaded,2027,40.95,58
D0,DL/DL/5/I,BON,6.0,,DL,DL,5,I,BON,,60.0,3,5,63.0,5.00%,0.0003707365299060801,3.15,5,Cascaded,2027,3.1500000000000004,5
D0,DL/DL/5/I,BOS,6.0,,DL,DL,5,I,BOS,,70.03,257,367,73.53,5.00%,0.03175976272862086,269.85,367,Cascaded,2027,269.85,367
D0,DL/DL/5/I,BRU,6.0,,DL,DL,5,I,BRU,,42.86,9,21,45.0,5.00%,0.0011122095897182402,9.45,21,Cascaded,2027,9.450000000000001,21
D0,DL/DL/5/I,BZE,6.0,,DL,DL,5,I,BZE,,83.33,25,30,87.5,5.00%,0.003089471082550667,26.25,30,Cascaded,2027,26.25,30
D0,DL/DL/5/I,CDG,6.0,,DL,DL,5,I,CDG,,48.87,173,354,51.31,5.00%,0.021379139891250617,181.65,354,Cascaded,2027,181.65,354
D0,DL/DL/5/I,CPH,6.0,,DL,DL,5,I,CPH,,57.5,23,40,60.38,5.00%,0.002842313395946614,24.15,40,Cascaded,2027,24.150000000000002,40
D0,DL/DL/5/I,CPT,6.0,,DL,DL,5,I,CPT,,84.62,11,13,88.85,5.00%,0.0013593672763222936,11.55,13,Cascaded,2027,11.55,13
D0,DL/DL/5/I,CTA,6.0,,DL,DL,5,I,CTA,,86.21,25,29,90.52,5.00%,0.003089471082550667,26.25,29,Cascaded,2027,26.25,29
D0,DL/DL/5/I,CTG,6.0,,DL,DL,5,I,CTG,,76.92,10,13,80.77,5.00%,0.001235788433020267,10.5,13,Cascaded,2027,10.5,13
D0,DL/DL/5/I,CUN,6.0,,DL,DL,5,I,CUN,,69.95,270,386,73.45,5.00%,0.03336628769154721,283.5,386,Cascaded,2027,283.5,386
D0,DL/DL/5/I,CUR,6.0,,DL,DL,5,I,CUR,,73.33,11,15,77.0,5.00%,0.0013593672763222936,11.55,15,Cascaded,2027,11.55,15
D0,DL/DL/5/I,CVG,6.0,,DL,DL,5,I,CVG,,13.33,4,30,14.0,5.00%,0.0004943153732081067,4.2,30,Cascaded,2027,4.2,30
D0,DL/DL/5/I,CZM,6.0,,DL,DL,5,I,CZM,,100.0,1,1,105.0,5.00%,0.00012357884330202668,1.05,1,Cascaded,2027,1.05,1
D0,DL/DL/5/I,DSS,6.0,,DL,DL,5,I,DSS,,61.54,8,13,64.62,5.00%,0.0009886307464162135,8.4,13,Cascaded,2027,8.4,13
D0,DL/DL/5/I,DTW,6.0,,DL,DL,5,I,DTW,,72.6,310,427,76.23,5.00%,0.03830944142362828,325.5,427,Cascaded,2027,325.5,427
D0,DL/DL/5/I,DUB,6.0,,DL,DL,5,I,DUB,,81.12,116,143,85.17,5.00%,0.014335145823035097,121.8,143,Cascaded,2027,121.80000000000001,143
D0,DL/DL/5/I,EDI,6.0,,DL,DL,5,I,EDI,,77.78,63,81,81.67,5.00%,0.007785467128027681,66.15,81,Cascaded,2027,66.15,81
D0,DL/DL/5/I,EZE,6.0,,DL,DL,5,I,EZE,,86.67,26,30,91.0,5.00%,0.003213049925852694,27.3,30,Cascaded,2027,27.3,30
D0,DL/DL/5/I,FCO,6.0,,DL,DL,5,I,FCO,,73.06,160,219,76.71,5.00%,0.019772614928324272,168.0,219,Cascaded,2027,168.0,219
D0,DL/DL/5/I,FRA,6.0,,DL,DL,5,I,FRA,,81.11,73,90,85.17,5.00%,0.009021255561047948,76.65,90,Cascaded,2027,76.65,90
D0,DL/DL/5/I,GCM,6.0,,DL,DL,5,I,GCM,,90.0,27,30,94.5,5.00%,0.0033366287691547207,28.35,30,Cascaded,2027,28.35,30
D0,DL/DL/5/I,GDL,6.0,,DL,DL,5,I,GDL,,79.31,23,29,83.28,5.00%,0.002842313395946614,24.15,29,Cascaded,2027,24.150000000000002,29
D0,DL/DL/5/I,GIG,6.0,,DL,DL,5,I,GIG,,52.94,9,17,55.59,5.00%,0.0011122095897182402,9.45,17,Cascaded,2027,9.450000000000001,17
D0,DL/DL/5/I,GND,6.0,,DL,DL,5,I,GND,,40.0,2,5,42.0,5.00%,0.00024715768660405336,2.1,5,Cascaded,2027,2.1,5
D0,DL/DL/5/I,GRU,6.0,,DL,DL,5,I,GRU,,76.27,45,59,80.08,5.00%,0.005561047948591201,47.25,59,Cascaded,2027,47.25,59
D0,DL/DL/5/I,GUA,6.0,,DL,DL,5,I,GUA,,60.0,21,35,63.0,5.00%,0.0025951557093425604,22.05,35,Cascaded,2027,22.05,35
D0,DL/DL/5/I,HAV,6.0,,DL,DL,5,I,HAV,,76.67,23,30,80.5,5.00%,0.002842313395946614,24.15,30,Cascaded,2027,24.150000000000002,30
D0,DL/DL/5/I,HND,6.0,,DL,DL,5,I,HND,,63.13,113,179,66.28,5.00%,0.013964409293129016,118.65,179,Cascaded,2027,118.65,179
D0,DL/DL/5/I,HNL,6.0,,DL,DL,5,I,HNL,,93.33,28,30,98.0,5.00%,0.0034602076124567475,29.4,30,Cascaded,2027,29.400000000000002,30
D0,DL/DL/5/I,ICN,6.0,,DL,DL,5,I,ICN,,71.51,128,179,75.08,5.00%,0.015818091942659415,134.4,179,Cascaded,2027,134.4,179
D0,DL/DL/5/I,JFK,6.0,,DL,DL,5,I,JFK,,67.86,891,1313,71.25,5.00%,0.11010874938210578,935.55,1313,Cascaded,2027,935.5500000000001,1313
D0,DL/DL/5/I,JNB,6.0,,DL,DL,5,I,JNB,,63.33,19,30,66.5,5.00%,0.0023479980227385073,19.95,30,Cascaded,2027,19.95,30
D0,DL/DL/5/I,KEF,6.0,,DL,DL,5,I,KEF,,69.81,37,53,73.3,5.00%,0.004572417202174987,38.85,53,Cascaded,2027,38.85,53
D0,DL/DL/5/I,KIN,6.0,,DL,DL,5,I,KIN,,86.67,26,30,91.0,5.00%,0.003213049925852694,27.3,30,Cascaded,2027,27.3,30
D0,DL/DL/5/I,LAX,6.0,,DL,DL,5,I,LAX,,58.02,141,243,60.93,5.00%,0.017424616905585763,148.05,243,Cascaded,2027,148.05,243
D0,DL/DL/5/I,LGA,6.0,,DL,DL,5,I,LGA,,60.0,6,10,63.0,5.00%,0.0007414730598121602,6.3,10,Cascaded,2027,6.300000000000001,10
D0,DL/DL/5/I,LHR,6.0,,DL,DL,5,I,LHR,,82.41,239,290,86.53,5.00%,0.02953534354918438,250.95,290,Cascaded,2027,250.95000000000002,290
D0,DL/DL/5/I,LIM,6.0,,DL,DL,5,I,LIM,,73.33,22,30,77.0,5.00%,0.002718734552644587,23.1,30,Cascaded,2027,23.1,30
D0,DL/DL/5/I,LIR,6.0,,DL,DL,5,I,LIR,,82.86,29,35,87.0,5.00%,0.0035837864557587743,30.45,35,Cascaded,2027,30.450000000000003,35
D0,DL/DL/5/I,LIS,6.0,,DL,DL,5,I,LIS,,45.0,27,60,47.25,5.00%,0.0033366287691547207,28.35,60,Cascaded,2027,28.35,60
D0,DL/DL/5/I,LOS,6.0,,DL,DL,5,I,LOS,,33.33,10,30,35.0,5.00%,0.001235788433020267,10.5,30,Cascaded,2027,10.5,30
D0,DL/DL/5/I,MAD,6.0,,DL,DL,5,I,MAD,,79.76,67,84,83.75,5.00%,0.008279782501235788,70.35,84,Cascaded,2027,70.35000000000001,84
D0,DL/DL/5/I,MBJ,6.0,,DL,DL,5,I,MBJ,,79.34,96,121,83.31,5.00%,0.011863568956994563,100.8,121,Cascaded,2027,100.80000000000001,121
D0,DL/DL/5/I,MEL,6.0,,DL,DL,5,I,MEL,,53.85,7,13,56.54,5.00%,0.0008650519031141869,7.35,13,Cascaded,2027,7.3500000000000005,13
D0,DL/DL/5/I,MEX,6.0,,DL,DL,5,I,MEX,,76.33,229,300,80.15,5.00%,0.028299555116164114,240.45,300,Cascaded,2027,240.45000000000002,300
D0,DL/DL/5/I,MIA,6.0,,DL,DL,5,I,MIA,,40.0,12,30,42.0,5.00%,0.0014829461196243204,12.6,30,Cascaded,2027,12.600000000000001,30
D0,DL/DL/5/I,MSP,6.0,,DL,DL,5,I,MSP,,61.78,278,450,64.87,5.00%,0.03435491843796342,291.9,450,Cascaded,2027,291.90000000000003,450
D0,DL/DL/5/I,MTY,6.0,,DL,DL,5,I,MTY,,96.67,29,30,101.5,5.00%,0.0035837864557587743,30.45,30,Cascaded,2027,30.450000000000003,30
D0,DL/DL/5/I,MUC,6.0,,DL,DL,5,I,MUC,,77.97,46,59,81.86,5.00%,0.005684626791893228,48.3,59,Cascaded,2027,48.300000000000004,59
D0,DL/DL/5/I,MXP,6.0,,DL,DL,5,I,MXP,,50.0,42,84,52.5,5.00%,0.005190311418685121,44.1,84,Cascaded,2027,44.1,84
D0,DL/DL/5/I,NAP,6.0,,DL,DL,5,I,NAP,,88.24,30,34,92.65,5.00%,0.0037073652990608007,31.5,34,Cascaded,2027,31.5,34
D0,DL/DL/5/I,NAS,6.0,,DL,DL,5,I,NAS,,86.67,117,135,91.0,5.00%,0.014458724666337124,122.85,135,Cascaded,2027,122.85000000000001,135
D0,DL/DL/5/I,NCE,6.0,,DL,DL,5,I,NCE,,58.62,34,58,61.55,5.00%,0.004201680672268907,35.7,58,Cascaded,2027,35.7,58
D0,DL/DL/5/I,OLB,6.0,,DL,DL,5,I,OLB,,50.0,3,6,52.5,5.00%,0.0003707365299060801,3.15,6,Cascaded,2027,3.1500000000000004,6
D0,DL/DL/5/I,OPO,6.0,,DL,DL,5,I,OPO,,77.78,7,9,81.67,5.00%,0.0008650519031141869,7.35,9,Cascaded,2027,7.3500000000000005,9
D0,DL/DL/5/I,PLS,6.0,,DL,DL,5,I,PLS,,92.86,65,70,97.5,5.00%,0.008032624814631736,68.25,70,Cascaded,2027,68.25,70
D0,DL/DL/5/I,PRG,6.0,,DL,DL,5,I,PRG,,65.22,15,23,68.48,5.00%,0.0018536826495304003,15.75,23,Cascaded,2027,15.75,23
D0,DL/DL/5/I,PTY,6.0,,DL,DL,5,I,PTY,,80.0,24,30,84.0,5.00%,0.002965892239248641,25.2,30,Cascaded,2027,25.200000000000003,30
D0,DL/DL/5/I,PUJ,6.0,,DL,DL,5,I,PUJ,,76.98,107,139,80.83,5.00%,0.013222936233316857,112.35,139,Cascaded,2027,112.35000000000001,139
D0,DL/DL/5/I,PVG,6.0,,DL,DL,5,I,PVG,,77.78,56,72,81.67,5.00%,0.006920415224913495,58.8,72,Cascaded,2027,58.800000000000004,72
D0,DL/DL/5/I,PVR,6.0,,DL,DL,5,I,PVR,,90.0,54,60,94.5,5.00%,0.0066732575383094414,56.7,60,Cascaded,2027,56.7,60
D0,DL/DL/5/I,RAK,6.0,,DL,DL,5,I,RAK,,55.56,5,9,58.33,5.00%,0.0006178942165101335,5.25,9,Cascaded,2027,5.25,9
D0,DL/DL/5/I,RTB,6.0,,DL,DL,5,I,RTB,,80.0,4,5,84.0,5.00%,0.0004943153732081067,4.2,5,Cascaded,2027,4.2,5
D0,DL/DL/5/I,SAL,6.0,,DL,DL,5,I,SAL,,50.0,15,30,52.5,5.00%,0.0018536826495304003,15.75,30,Cascaded,2027,15.75,30
D0,DL/DL/5/I,SAP,6.0,,DL,DL,5,I,SAP,,46.67,14,30,49.0,5.00%,0.0017301038062283738,14.7,30,Cascaded,2027,14.700000000000001,30
D0,DL/DL/5/I,SCL,6.0,,DL,DL,5,I,SCL,,63.33,19,30,66.5,5.00%,0.0023479980227385073,19.95,30,Cascaded,2027,19.95,30
D0,DL/DL/5/I,SDQ,6.0,,DL,DL,5,I,SDQ,,70.83,85,120,74.38,5.00%,0.01050420168067227,89.25,120,Cascaded,2027,89.25,120
D0,DL/DL/5/I,SEA,6.0,,DL,DL,5,I,SEA,,61.42,199,324,64.49,5.00%,0.024592189817103313,208.95,324,Cascaded,2027,208.95000000000002,324
D0,DL/DL/5/I,SJD,6.0,,DL,DL,5,I,SJD,,77.69,101,130,81.58,5.00%,0.012481463173504697,106.05,130,Cascaded,2027,106.05000000000001,130
D0,DL/DL/5/I,SJO,6.0,,DL,DL,5,I,SJO,,50.0,17,34,52.5,5.00%,0.0021008403361344537,17.85,34,Cascaded,2027,17.85,34
D0,DL/DL/5/I,SKB,6.0,,DL,DL,5,I,SKB,,50.0,3,6,52.5,5.00%,0.0003707365299060801,3.15,6,Cascaded,2027,3.1500000000000004,6
D0,DL/DL/5/I,SLC,6.0,,DL,DL,5,I,SLC,,67.07,167,249,70.42,5.00%,0.02063766683143846,175.35,249,Cascaded,2027,175.35000000000002,249
D0,DL/DL/5/I,SNN,6.0,,DL,DL,5,I,SNN,,100.0,8,8,105.0,5.00%,0.0009886307464162135,8.4,8,Cascaded,2027,8.4,8
D0,DL/DL/5/I,STI,6.0,,DL,DL,5,I,STI,,75.56,68,90,79.33,5.00%,0.008403361344537815,71.4,90,Cascaded,2027,71.4,90
D0,DL/DL/5/I,SVD,6.0,,DL,DL,5,I,SVD,,60.0,3,5,63.0,5.00%,0.0003707365299060801,3.15,5,Cascaded,2027,3.1500000000000004,5
D0,DL/DL/5/I,SXM,6.0,,DL,DL,5,I,SXM,,62.5,25,40,65.62,5.00%,0.003089471082550667,26.25,40,Cascaded,2027,26.25,40
D0,DL/DL/5/I,SYD,6.0,,DL,DL,5,I,SYD,,62.07,18,29,65.17,5.00%,0.0022244191794364805,18.9,29,Cascaded,2027,18.900000000000002,29
D0,DL/DL/5/I,TPA,6.0,,DL,DL,5,I,TPA,,47.06,8,17,49.41,5.00%,0.0009886307464162135,8.4,17,Cascaded,2027,8.4,17
D0,DL/DL/5/I,TPE,6.0,,DL,DL,5,I,TPE,,90.0,27,30,94.5,5.00%,0.0033366287691547207,28.35,30,Cascaded,2027,28.35,30
D0,DL/DL/5/I,TQO,6.0,,DL,DL,5,I,TQO,,80.0,8,10,84.0,5.00%,0.0009886307464162135,8.4,10,Cascaded,2027,8.4,10
D0,DL/DL/5/I,UIO,6.0,,DL,DL,5,I,UIO,,70.0,21,30,73.5,5.00%,0.0025951557093425604,22.05,30,Cascaded,2027,22.05,30
D0,DL/DL/5/I,UVF,6.0,,DL,DL,5,I,UVF,,70.0,21,30,73.5,5.00%,0.0025951557093425604,22.05,30,Cascaded,2027,22.05,30
D0,DL/DL/5/I,VCE,6.0,,DL,DL,5,I,VCE,,56.67,34,60,59.5,5.00%,0.004201680672268907,35.7,60,Cascaded,2027,35.7,60
D0,DL/DL/5/I,YUL,6.0,,DL,DL,5,I,YUL,,82.56,71,86,86.69,5.00%,0.008774097874443896,74.55,86,Cascaded,2027,74.55,86
D0,DL/DL/5/I,YVR,6.0,,DL,DL,5,I,YVR,,80.77,63,78,84.81,5.00%,0.007785467128027681,66.15,78,Cascaded,2027,66.15,78
D0,DL/DL/5/I,YYC,6.0,,DL,DL,5,I,YYC,,93.33,28,30,98.0,5.00%,0.0034602076124567475,29.4,30,Cascaded,2027,29.400000000000002,30
D0,DL/DL/5/I,YYZ,6.0,,DL,DL,5,I,YYZ,,78.79,130,165,82.73,5.00%,0.01606524962926347,136.5,165,Cascaded,2027,136.5,165
D0,DL/DL/5/I,ZRH,6.0,,DL,DL,5,I,ZRH,,66.67,38,57,70.0,5.00%,0.0046959960454770145,39.9,57,Cascaded,2027,39.9,57
D0,DL/DL/6/D,ABQ,6.0,,DL,DL,6,D,ABQ,,82.61,95,115,86.74,5.00%,0.0018172775269722243,99.75,115,Cascaded,2027,99.75,115
D0,DL/DL/6/D,AGS,6.0,,DL,DL,6,D,AGS,,52.17,24,46,54.78,5.00%,0.00045910169102456196,25.2,46,Cascaded,2027,25.200000000000003,46
D0,DL/DL/6/D,ALB,6.0,,DL,DL,6,D,ALB,,48.76,59,121,51.2,5.00%,0.0011286249904353814,61.95,121,Cascaded,2027,61.95,121
D0,DL/DL/6/D,ANC,6.0,,DL,DL,6,D,ANC,,62.76,209,333,65.9,5.00%,0.0039980105593388935,219.45,333,Cascaded,2027,219.45000000000002,333
D0,DL/DL/6/D,ATL,6.0,,DL,DL,6,D,ATL,,50.01,10326,20646,52.52,5.00%,0.19752850256331778,10842.3,20646,Cascaded,2027,10842.300000000001,20646
D0,DL/DL/6/D,ATW,6.0,,DL,DL,6,D,ATW,,93.33,28,30,98.0,5.00%,0.0005356186395286556,29.4,30,Cascaded,2027,29.400000000000002,30
D0,DL/DL/6/D,AUS,6.0,,DL,DL,6,D,AUS,,55.04,590,1072,57.79,5.00%,0.011286249904353814,619.5,1072,Cascaded,2027,619.5,1072
D0,DL/DL/6/D,AVL,6.0,,DL,DL,6,D,AVL,,44.5,85,191,46.73,5.00%,0.00162598515571199,89.25,191,Cascaded,2027,89.25,191
D0,DL/DL/6/D,BDL,6.0,,DL,DL,6,D,BDL,,56.51,217,384,59.34,5.00%,0.004151044456347081,227.85,384,Cascaded,2027,227.85000000000002,384
D0,DL/DL/6/D,BGR,6.0,,DL,DL,6,D,BGR,,60.0,3,5,63.0,5.00%,5.7387711378070245e-05,3.15,5,Cascaded,2027,3.1500000000000004,5
D0,DL/DL/6/D,BHM,6.0,,DL,DL,6,D,BHM,,66.02,169,256,69.32,5.00%,0.003232841074297957,177.45,256,Cascaded,2027,177.45000000000002,256
D0,DL/DL/6/D,BIL,6.0,,DL,DL,6,D,BIL,,88.14,52,59,92.54,5.00%,0.0009947203305532175,54.6,59,Cascaded,2027,54.6,59
D0,DL/DL/6/D,BIS,6.0,,DL,DL,6,D,BIS,,64.86,24,37,68.11,5.00%,0.00045910169102456196,25.2,37,Cascaded,2027,25.200000000000003,37
D0,DL/DL/6/D,BNA,6.0,,DL,DL,6,D,BNA,,63.03,520,825,66.18,5.00%,0.009947203305532176,546.0,825,Cascaded,2027,546.0,825
D0,DL/DL/6/D,BOI,6.0,,DL,DL,6,D,BOI,,66.28,171,258,69.59,5.00%,0.003271099548550004,179.55,258,Cascaded,2027,179.55,258
D0,DL/DL/6/D,BOS,6.0,,DL,DL,6,D,BOS,,59.11,1330,2250,62.07,5.00%,0.02544188537761114,1396.5,2250,Cascaded,2027,1396.5,2250
D0,DL/DL/6/D,BTR,6.0,,DL,DL,6,D,BTR,,49.28,34,69,51.74,5.00%,0.0006503940622847961,35.7,69,Cascaded,2027,35.7,69
D0,DL/DL/6/D,BTV,6.0,,DL,DL,6,D,BTV,,83.33,25,30,87.5,5.00%,0.00047823092815058537,26.25,30,Cascaded,2027,26.25,30
D0,DL/DL/6/D,BUF,6.0,,DL,DL,6,D,BUF,,56.97,94,165,59.82,5.00%,0.001798148289846201,98.7,165,Cascaded,2027,98.7,165
D0,DL/DL/6/D,BUR,6.0,,DL,DL,6,D,BUR,,57.63,34,59,60.51,5.00%,0.0006503940622847961,35.7,59,Cascaded,2027,35.7,59
D0,DL/DL/6/D,BWI,6.0,,DL,DL,6,D,BWI,,54.89,258,470,57.64,5.00%,0.004935343178514041,270.9,470,Cascaded,2027,270.90000000000003,470
D0,DL/DL/6/D,BZN,6.0,,DL,DL,6,D,BZN,,76.84,146,190,80.68,5.00%,0.0027928686203994185,153.3,190,Cascaded,2027,153.3,190
D0,DL/DL/6/D,CAE,6.0,,DL,DL,6,D,CAE,,54.4,99,182,57.12,5.00%,0.001893794475476318,103.95,182,Cascaded,2027,103.95,182
D0,DL/DL/6/D,CHA,6.0,,DL,DL,6,D,CHA,,38.52,52,135,40.44,5.00%,0.0009947203305532175,54.6,135,Cascaded,2027,54.6,135
D0,DL/DL/6/D,CHO,6.0,,DL,DL,6,D,CHO,,62.5,5,8,65.62,5.00%,9.564618563011707e-05,5.25,8,Cascaded,2027,5.25,8
D0,DL/DL/6/D,CHS,6.0,,DL,DL,6,D,CHS,,63.22,251,397,66.39,5.00%,0.004801438518631877,263.55,397,Cascaded,2027,263.55,397
D0,DL/DL/6/D,CID,6.0,,DL,DL,6,D,CID,,79.31,23,29,83.28,5.00%,0.0004399724538985385,24.15,29,Cascaded,2027,24.150000000000002,29
D0,DL/DL/6/D,CLE,6.0,,DL,DL,6,D,CLE,,64.56,235,364,67.79,5.00%,0.004495370724615502,246.75,364,Cascaded,2027,246.75,364
D0,DL/DL/6/D,CLT,6.0,,DL,DL,6,D,CLT,,57.65,294,510,60.53,5.00%,0.005623995715050884,308.7,510,Cascaded,2027,308.7,510
D0,DL/DL/6/D,CMH,6.0,,DL,DL,6,D,CMH,,71.88,271,377,75.48,5.00%,0.005184023261152345,284.55,377,Cascaded,2027,284.55,377
D0,DL/DL/6/D,COS,6.0,,DL,DL,6,D,COS,,74.03,57,77,77.73,5.00%,0.0010903665161833345,59.85,77,Cascaded,2027,59.85,77
D0,DL/DL/6/D,CVG,6.0,,DL,DL,6,D,CVG,,54.53,373,684,57.26,5.00%,0.007135205448006734,391.65,684,Cascaded,2027,391.65000000000003,684
D0,DL/DL/6/D,DAB,6.0,,DL,DL,6,D,DAB,,63.31,88,139,66.47,5.00%,0.0016833728670900604,92.4,139,Cascaded,2027,92.4,139
D0,DL/DL/6/D,DAL,6.0,,DL,DL,6,D,DAL,,53.25,82,154,55.91,5.00%,0.00156859744433392,86.1,154,Cascaded,2027,86.10000000000001,154
D0,DL/DL/6/D,DAY,6.0,,DL,DL,6,D,DAY,,64.81,70,108,68.06,5.00%,0.001339046598821639,73.5,108,Cascaded,2027,73.5,108
D0,DL/DL/6/D,DCA,6.0,,DL,DL,6,D,DCA,,51.18,391,764,53.74,5.00%,0.007479531716275155,410.55,764,Cascaded,2027,410.55,764
D0,DL/DL/6/D,DEN,6.0,,DL,DL,6,D,DEN,,51.6,548,1062,54.18,5.00%,0.010482821945060831,575.4,1062,Cascaded,2027,575.4,1062
D0,DL/DL/6/D,DFW,6.0,,DL,DL,6,D,DFW,,57.78,583,1009,60.67,5.00%,0.01115234524447165,612.15,1009,Cascaded,2027,612.1500000000001,1009
D0,DL/DL/6/D,DJT,6.0,,DL,DL,6,D,DJT,,49.91,289,579,52.41,5.00%,0.005528349529420767,303.45,579,Cascaded,2027,303.45000000000005,579
D0,DL/DL/6/D,DLH,6.0,,DL,DL,6,D,DLH,,50.0,2,4,52.5,5.00%,3.8258474252046826e-05,2.1,4,Cascaded,2027,2.1,4
D0,DL/DL/6/D,DSM,6.0,,DL,DL,6,D,DSM,,64.29,72,112,67.5,5.00%,0.0013773050730736859,75.6,112,Cascaded,2027,75.60000000000001,112
D0,DL/DL/6/D,DTW,6.0,,DL,DL,6,D,DTW,,58.32,3066,5257,61.24,5.00%,0.05865024102838779,3219.3,5257,Cascaded,2027,3219.3,5257
D0,DL/DL/6/D,ECP,6.0,,DL,DL,6,D,ECP,,59.52,125,210,62.5,5.00%,0.0023911546407529268,131.25,210,Cascaded,2027,131.25,210
D0,DL/DL/6/D,ELP,6.0,,DL,DL,6,D,ELP,,63.33,38,60,66.5,5.00%,0.0007269110107888898,39.9,60,Cascaded,2027,39.900000000000006,60
D0,DL/DL/6/D,EWR,6.0,,DL,DL,6,D,EWR,,53.28,284,533,55.95,5.00%,0.005432703343790649,298.2,533,Cascaded,2027,298.2,533
D0,DL/DL/6/D,EYW,6.0,,DL,DL,6,D,EYW,,66.1,78,118,69.41,5.00%,0.0014920804958298262,81.9,118,Cascaded,2027,81.9,118
D0,DL/DL/6/D,FAI,6.0,,DL,DL,6,D,FAI,,65.31,64,98,68.57,5.00%,0.0012242711760654984,67.2,98,Cascaded,2027,67.2,98
D0,DL/DL/6/D,FAR,6.0,,DL,DL,6,D,FAR,,80.0,48,60,84.0,5.00%,0.0009182033820491239,50.4,60,Cascaded,2027,50.400000000000006,60
D0,DL/DL/6/D,FAT,6.0,,DL,DL,6,D,FAT,,58.62,17,29,61.55,5.00%,0.00032519703114239806,17.85,29,Cascaded,2027,17.85,29
D0,DL/DL/6/D,FAY,6.0,,DL,DL,6,D,FAY,,34.62,9,26,36.35,5.00%,0.00017216313413421074,9.45,26,Cascaded,2027,9.450000000000001,26
D0,DL/DL/6/D,FCA,6.0,,DL,DL,6,D,FCA,,72.22,52,72,75.83,5.00%,0.0009947203305532175,54.6,72,Cascaded,2027,54.6,72
D0,DL/DL/6/D,FLL,6.0,,DL,DL,6,D,FLL,,52.48,507,966,55.11,5.00%,0.00969852322289387,532.35,966,Cascaded,2027,532.35,966
D0,DL/DL/6/D,FSD,6.0,,DL,DL,6,D,FSD,,89.47,51,57,93.95,5.00%,0.0009755910934271941,53.55,57,Cascaded,2027,53.550000000000004,57
D0,DL/DL/6/D,GEG,6.0,,DL,DL,6,D,GEG,,73.93,207,280,77.63,5.00%,0.003959752085086847,217.35,280,Cascaded,2027,217.35000000000002,280
D0,DL/DL/6/D,GNV,6.0,,DL,DL,6,D,GNV,,62.41,88,141,65.53,5.00%,0.0016833728670900604,92.4,141,Cascaded,2027,92.4,141
D0,DL/DL/6/D,GPT,6.0,,DL,DL,6,D,GPT,,59.09,65,110,62.05,5.00%,0.001243400413191522,68.25,110,Cascaded,2027,68.25,110
D0,DL/DL/6/D,GRB,6.0,,DL,DL,6,D,GRB,,89.66,26,29,94.14,5.00%,0.0004973601652766088,27.3,29,Cascaded,2027,27.3,29
D0,DL/DL/6/D,GRR,6.0,,DL,DL,6,D,GRR,,75.84,135,178,79.63,5.00%,0.0025824470120131607,141.75,178,Cascaded,2027,141.75,178
D0,DL/DL/6/D,GSO,6.0,,DL,DL,6,D,GSO,,63.44,144,227,66.61,5.00%,0.0027546101461473718,151.2,227,Cascaded,2027,151.20000000000002,227
D0,DL/DL/6/D,GSP,6.0,,DL,DL,6,D,GSP,,61.15,159,260,64.21,5.00%,0.003041548703037723,166.95,260,Cascaded,2027,166.95000000000002,260
D0,DL/DL/6/D,HNL,6.0,,DL,DL,6,D,HNL,,70.03,208,297,73.54,5.00%,0.00397888132221287,218.4,297,Cascaded,2027,218.4,297
D0,DL/DL/6/D,HOU,6.0,,DL,DL,6,D,HOU,,61.07,80,131,64.12,5.00%,0.0015303389700818731,84.0,131,Cascaded,2027,84.0,131
D0,DL/DL/6/D,HPN,6.0,,DL,DL,6,D,HPN,,42.37,25,59,44.49,5.00%,0.00047823092815058537,26.25,59,Cascaded,2027,26.25,59
D0,DL/DL/6/D,HSV,6.0,,DL,DL,6,D,HSV,,59.45,129,217,62.42,5.00%,0.0024676715892570206,135.45,217,Cascaded,2027,135.45000000000002,217
D0,DL/DL/6/D,IAD,6.0,,DL,DL,6,D,IAD,,56.02,135,241,58.82,5.00%,0.0025824470120131607,141.75,241,Cascaded,2027,141.75,241
D0,DL/DL/6/D,IAH,6.0,,DL,DL,6,D,IAH,,53.48,361,675,56.16,5.00%,0.0069056546024944526,379.05,675,Cascaded,2027,379.05,675
D0,DL/DL/6/D,ICT,6.0,,DL,DL,6,D,ICT,,49.43,43,87,51.9,5.00%,0.0008225571964190068,45.15,87,Cascaded,2027,45.150000000000006,87
D0,DL/DL/6/D,IDA,6.0,,DL,DL,6,D,IDA,,76.67,23,30,80.5,5.00%,0.0004399724538985385,24.15,30,Cascaded,2027,24.150000000000002,30
D0,DL/DL/6/D,ILM,6.0,,DL,DL,6,D,ILM,,40.19,43,107,42.2,5.00%,0.0008225571964190068,45.15,107,Cascaded,2027,45.150000000000006,107
D0,DL/DL/6/D,IND,6.0,,DL,DL,6,D,IND,,70.59,288,408,74.12,5.00%,0.0055092202922947435,302.4,408,Cascaded,2027,302.40000000000003,408
D0,DL/DL/6/D,JAC,6.0,,DL,DL,6,D,JAC,,59.15,42,71,62.11,5.00%,0.0008034279592929834,44.1,71,Cascaded,2027,44.1,71
D0,DL/DL/6/D,JAN,6.0,,DL,DL,6,D,JAN,,60.45,107,177,63.47,5.00%,0.002046828372484505,112.35,177,Cascaded,2027,112.35000000000001,177
D0,DL/DL/6/D,JAX,6.0,,DL,DL,6,D,JAX,,58.94,257,436,61.89,5.00%,0.004916213941388017,269.85,436,Cascaded,2027,269.85,436
D0,DL/DL/6/D,JFK,6.0,,DL,DL,6,D,JFK,,61.02,1562,2560,64.07,5.00%,0.029879868390848573,1640.1,2560,Cascaded,2027,1640.1000000000001,2560
D0,DL/DL/6/D,JNU,6.0,,DL,DL,6,D,JNU,,95.45,21,22,100.23,5.00%,0.0004017139796464917,22.05,22,Cascaded,2027,22.05,22
D0,DL/DL/6/D,KOA,6.0,,DL,DL,6,D,KOA,,57.63,34,59,60.51,5.00%,0.0006503940622847961,35.7,59,Cascaded,2027,35.7,59
D0,DL/DL/6/D,LAS,6.0,,DL,DL,6,D,LAS,,62.49,853,1365,65.62,5.00%,0.01631723926849797,895.65,1365,Cascaded,2027,895.6500000000001,1365
D0,DL/DL/6/D,LAX,6.0,,DL,DL,6,D,LAX,,63.8,2076,3254,66.99,5.00%,0.03971229627362461,2179.8,3254,Cascaded,2027,2179.8,3254
D0,DL/DL/6/D,LEX,6.0,,DL,DL,6,D,LEX,,66.85,123,184,70.19,5.00%,0.00235289616650088,129.15,184,Cascaded,2027,129.15,184
D0,DL/DL/6/D,LGA,6.0,,DL,DL,6,D,LGA,,55.52,1293,2329,58.29,5.00%,0.024734103603948274,1357.65,2329,Cascaded,2027,1357.65,2329
D0,DL/DL/6/D,LGB,6.0,,DL,DL,6,D,LGB,,79.31,23,29,83.28,5.00%,0.0004399724538985385,24.15,29,Cascaded,2027,24.150000000000002,29
D0,DL/DL/6/D,LIH,6.0,,DL,DL,6,D,LIH,,58.33,35,60,61.25,5.00%,0.0006695232994108195,36.75,60,Cascaded,2027,36.75,60
D0,DL/DL/6/D,LIT,6.0,,DL,DL,6,D,LIT,,61.5,115,187,64.57,5.00%,0.002199862269492693,120.75,187,Cascaded,2027,120.75,187
D0,DL/DL/6/D,MCI,6.0,,DL,DL,6,D,MCI,,72.52,512,706,76.15,5.00%,0.009794169408523987,537.6,706,Cascaded,2027,537.6,706
D0,DL/DL/6/D,MCO,6.0,,DL,DL,6,D,MCO,,54.24,908,1674,56.95,5.00%,0.01736934731042926,953.4,1674,Cascaded,2027,953.4000000000001,1674
D0,DL/DL/6/D,MDT,6.0,,DL,DL,6,D,MDT,,52.44,43,82,55.06,5.00%,0.0008225571964190068,45.15,82,Cascaded,2027,45.150000000000006,82
D0,DL/DL/6/D,MDW,6.0,,DL,DL,6,D,MDW,,58.91,76,129,61.86,5.00%,0.0014538220215777795,79.8,129,Cascaded,2027,79.80000000000001,129
D0,DL/DL/6/D,MEM,6.0,,DL,DL,6,D,MEM,,66.76,249,373,70.09,5.00%,0.00476318004437983,261.45,373,Cascaded,2027,261.45,373
D0,DL/DL/6/D,MIA,6.0,,DL,DL,6,D,MIA,,48.38,434,897,50.8,5.00%,0.008302088912694162,455.7,897,Cascaded,2027,455.70000000000005,897
D0,DL/DL/6/D,MKE,6.0,,DL,DL,6,D,MKE,,73.09,296,405,76.74,5.00%,0.00566225418930293,310.8,405,Cascaded,2027,310.8,405
D0,DL/DL/6/D,MLB,6.0,,DL,DL,6,D,MLB,,62.83,71,113,65.97,5.00%,0.0013581758359476623,74.55,113,Cascaded,2027,74.55,113
D0,DL/DL/6/D,MOB,6.0,,DL,DL,6,D,MOB,,52.38,33,63,55.0,5.00%,0.0006312648251587727,34.65,63,Cascaded,2027,34.65,63
D0,DL/DL/6/D,MSN,6.0,,DL,DL,6,D,MSN,,78.34,123,157,82.26,5.00%,0.00235289616650088,129.15,157,Cascaded,2027,129.15,157
D0,DL/DL/6/D,MSO,6.0,,DL,DL,6,D,MSO,,73.49,61,83,77.17,5.00%,0.0011668834646874284,64.05,83,Cascaded,2027,64.05,83
D0,DL/DL/6/D,MSP,6.0,,DL,DL,6,D,MSP,,62.56,3876,6196,65.68,5.00%,0.07414492310046675,4069.8,6196,Cascaded,2027,4069.8,6196
D0,DL/DL/6/D,MSY,6.0,,DL,DL,6,D,MSY,,50.99,308,604,53.54,5.00%,0.0058918050348152114,323.4,604,Cascaded,2027,323.40000000000003,604
D0,DL/DL/6/D,MYR,6.0,,DL,DL,6,D,MYR,,62.92,151,240,66.06,5.00%,0.0028885148060295357,158.55,240,Cascaded,2027,158.55,240
D0,DL/DL/6/D,OAK,6.0,,DL,DL,6,D,OAK,,85.71,6,7,90.0,5.00%,0.00011477542275614049,6.3,7,Cascaded,2027,6.300000000000001,7
D0,DL/DL/6/D,OGG,6.0,,DL,DL,6,D,OGG,,87.5,77,88,91.88,5.00%,0.0014729512587038029,80.85,88,Cascaded,2027,80.85000000000001,88
D0,DL/DL/6/D,OKC,6.0,,DL,DL,6,D,OKC,,64.75,90,139,67.99,5.00%,0.0017216313413421073,94.5,139,Cascaded,2027,94.5,139
D0,DL/DL/6/D,OMA,6.0,,DL,DL,6,D,OMA,,71.63,101,141,75.21,5.00%,0.0019320529497283648,106.05,141,Cascaded,2027,106.05000000000001,141
D0,DL/DL/6/D,ONT,6.0,,DL,DL,6,D,ONT,,77.98,131,168,81.88,5.00%,0.0025059300635090673,137.55,168,Cascaded,2027,137.55,168
D0,DL/DL/6/D,ORD,6.0,,DL,DL,6,D,ORD,,49.62,527,1062,52.1,5.00%,0.01008110796541434,553.35,1062,Cascaded,2027,553.35,1062
D0,DL/DL/6/D,ORF,6.0,,DL,DL,6,D,ORF,,49.65,140,282,52.13,5.00%,0.002678093197643278,147.0,282,Cascaded,2027,147.0,282
D0,DL/DL/6/D,PDX,6.0,,DL,DL,6,D,PDX,,67.15,466,694,70.5,5.00%,0.008914224500726911,489.3,694,Cascaded,2027,489.3,694
D0,DL/DL/6/D,PHL,6.0,,DL,DL,6,D,PHL,,52.86,305,577,55.5,5.00%,0.005834417323437141,320.25,577,Cascaded,2027,320.25,577
D0,DL/DL/6/D,PHX,6.0,,DL,DL,6,D,PHX,,69.55,603,867,73.03,5.00%,0.01153492998699212,633.15,867,Cascaded,2027,633.1500000000001,867
D0,DL/DL/6/D,PIT,6.0,,DL,DL,6,D,PIT,,66.23,204,308,69.55,5.00%,0.0039023643737087763,214.2,308,Cascaded,2027,214.20000000000002,308
D0,DL/DL/6/D,PNS,6.0,,DL,DL,6,D,PNS,,73.83,189,256,77.52,5.00%,0.003615425816818425,198.45,256,Cascaded,2027,198.45000000000002,256
D0,DL/DL/6/D,PSC,6.0,,DL,DL,6,D,PSC,,93.22,55,59,97.88,5.00%,0.0010521080419312878,57.75,59,Cascaded,2027,57.75,59
D0,DL/DL/6/D,PSP,6.0,,DL,DL,6,D,PSP,,0.0,0,1,0.0,0.00%,0.0,0.0,1,Cascaded,2027,0.0,1
D0,DL/DL/6/D,PVD,6.0,,DL,DL,6,D,PVD,,49.07,53,108,51.53,5.00%,0.001013849567679241,55.65,108,Cascaded,2027,55.650000000000006,108
D0,DL/DL/6/D,PWM,6.0,,DL,DL,6,D,PWM,,45.45,70,154,47.73,5.00%,0.001339046598821639,73.5,154,Cascaded,2027,73.5,154
D0,DL/DL/6/D,RAP,6.0,,DL,DL,6,D,RAP,,33.33,1,3,35.0,5.00%,1.9129237126023413e-05,1.05,3,Cascaded,2027,1.05,3
D0,DL/DL/6/D,RDU,6.0,,DL,DL,6,D,RDU,,60.1,622,1035,63.1,5.00%,0.011898385492386563,653.1,1035,Cascaded,2027,653.1,1035
D0,DL/DL/6/D,RIC,6.0,,DL,DL,6,D,RIC,,63.47,172,271,66.64,5.00%,0.0032902287856760274,180.6,271,Cascaded,2027,180.60000000000002,271
D0,DL/DL/6/D,RNO,6.0,,DL,DL,6,D,RNO,,50.46,55,109,52.98,5.00%,0.0010521080419312878,57.75,109,Cascaded,2027,57.75,109
D0,DL/DL/6/D,ROA,6.0,,DL,DL,6,D,ROA,,96.43,27,28,101.25,5.00%,0.0005164894024026322,28.35,28,Cascaded,2027,28.35,28
D0,DL/DL/6/D,ROC,6.0,,DL,DL,6,D,ROC,,59.3,51,86,62.27,5.00%,0.0009755910934271941,53.55,86,Cascaded,2027,53.550000000000004,86
D0,DL/DL/6/D,RSW,6.0,,DL,DL,6,D,RSW,,70.83,391,552,74.38,5.00%,0.007479531716275155,410.55,552,Cascaded,2027,410.55,552
D0,DL/DL/6/D,SAN,6.0,,DL,DL,6,D,SAN,,64.24,530,825,67.45,5.00%,0.01013849567679241,556.5,825,Cascaded,2027,556.5,825
D0,DL/DL/6/D,SAT,6.0,,DL,DL,6,D,SAT,,60.2,354,588,63.21,5.00%,0.006771749942612288,371.7,588,Cascaded,2027,371.70000000000005,588
D0,DL/DL/6/D,SAV,6.0,,DL,DL,6,D,SAV,,52.92,163,308,55.57,5.00%,0.0031180656515418163,171.15,308,Cascaded,2027,171.15,308
D0,DL/DL/6/D,SBA,6.0,,DL,DL,6,D,SBA,,42.86,12,28,45.0,5.00%,0.00022955084551228098,12.6,28,Cascaded,2027,12.600000000000001,28
D0,DL/DL/6/D,SDF,6.0,,DL,DL,6,D,SDF,,68.2,148,217,71.61,5.00%,0.002831127094651465,155.4,217,Cascaded,2027,155.4,217
D0,DL/DL/6/D,SEA,6.0,,DL,DL,6,D,SEA,,66.61,1885,2830,69.94,5.00%,0.03605861198255413,1979.25,2830,Cascaded,2027,1979.25,2830
D0,DL/DL/6/D,SFO,6.0,,DL,DL,6,D,SFO,,58.61,691,1179,61.54,5.00%,0.01321830285408218,725.55,1179,Cascaded,2027,725.5500000000001,1179
D0,DL/DL/6/D,SGF,6.0,,DL,DL,6,D,SGF,,21.62,8,37,22.7,5.00%,0.0001530338970081873,8.4,37,Cascaded,2027,8.4,37
D0,DL/DL/6/D,SHV,6.0,,DL,DL,6,D,SHV,,0.0,0,1,0.0,0.00%,0.0,0.0,1,Cascaded,2027,0.0,1
D0,DL/DL/6/D,SJC,6.0,,DL,DL,6,D,SJC,,69.26,160,231,72.73,5.00%,0.0030606779401637463,168.0,231,Cascaded,2027,168.0,231
D0,DL/DL/6/D,SJU,6.0,,DL,DL,6,D,SJU,,79.4,239,301,83.37,5.00%,0.004571887673119596,250.95,301,Cascaded,2027,250.95000000000002,301
D0,DL/DL/6/D,SLC,6.0,,DL,DL,6,D,SLC,,64.02,2968,4636,67.22,5.00%,0.056775575790037495,3116.4,4636,Cascaded,2027,3116.4,4636
D0,DL/DL/6/D,SMF,6.0,,DL,DL,6,D,SMF,,81.03,282,348,85.09,5.00%,0.0053944448695386026,296.1,348,Cascaded,2027,296.1,348
D0,DL/DL/6/D,SNA,6.0,,DL,DL,6,D,SNA,,64.86,240,370,68.11,5.00%,0.004591016910245619,252.0,370,Cascaded,2027,252.0,370
D0,DL/DL/6/D,SRQ,6.0,,DL,DL,6,D,SRQ,,64.44,145,225,67.67,5.00%,0.002773739383273395,152.25,225,Cascaded,2027,152.25,225
D0,DL/DL/6/D,STL,6.0,,DL,DL,6,D,STL,,75.47,363,481,79.24,5.00%,0.006943913076746499,381.15,481,Cascaded,2027,381.15000000000003,481
D0,DL/DL/6/D,STT,6.0,,DL,DL,6,D,STT,,74.19,69,93,77.9,5.00%,0.0013199173616956156,72.45,93,Cascaded,2027,72.45,93
D0,DL/DL/6/D,STX,6.0,,DL,DL,6,D,STX,,33.33,1,3,35.0,5.00%,1.9129237126023413e-05,1.05,3,Cascaded,2027,1.05,3
D0,DL/DL/6/D,SYR,6.0,,DL,DL,6,D,SYR,,70.34,83,118,73.86,5.00%,0.0015877266814599434,87.15,118,Cascaded,2027,87.15,118
D0,DL/DL/6/D,TLH,6.0,,DL,DL,6,D,TLH,,65.87,83,126,69.17,5.00%,0.0015877266814599434,87.15,126,Cascaded,2027,87.15,126
D0,DL/DL/6/D,TPA,6.0,,DL,DL,6,D,TPA,,55.62,633,1138,58.41,5.00%,0.012108807100772822,664.65,1138,Cascaded,2027,664.6500000000001,1138
D0,DL/DL/6/D,TRI,6.0,,DL,DL,6,D,TRI,,46.0,23,50,48.3,5.00%,0.0004399724538985385,24.15,50,Cascaded,2027,24.150000000000002,50
D0,DL/DL/6/D,TUL,6.0,,DL,DL,6,D,TUL,,56.62,77,136,59.45,5.00%,0.0014729512587038029,80.85,136,Cascaded,2027,80.85000000000001,136
D0,DL/DL/6/D,TUS,6.0,,DL,DL,6,D,TUS,,77.59,45,58,81.47,5.00%,0.0008608156706710536,47.25,58,Cascaded,2027,47.25,58
D0,DL/DL/6/D,TVC,6.0,,DL,DL,6,D,TVC,,70.83,34,48,74.38,5.00%,0.0006503940622847961,35.7,48,Cascaded,2027,35.7,48
D0,DL/DL/6/D,TYS,6.0,,DL,DL,6,D,TYS,,50.34,74,147,52.86,5.00%,0.0014155635473257326,77.7,147,Cascaded,2027,77.7,147
D0,DL/DL/6/D,VPS,6.0,,DL,DL,6,D,VPS,,56.8,142,250,59.64,5.00%,0.0027163516718953246,149.1,250,Cascaded,2027,149.1,250
D0,DL/DL/6/D,XNA,6.0,,DL,DL,6,D,XNA,,62.5,30,48,65.62,5.00%,0.0005738771137807024,31.5,48,Cascaded,2027,31.5,48
D0,DL/DL/6/I,ACC,6.0,,DL,DL,6,I,ACC,,40.0,12,30,42.0,5.00%,0.0016908552909680147,12.6,30,Cascaded,2027,12.600000000000001,30
D0,DL/DL/6/I,AMS,6.0,,DL,DL,6,I,AMS,,36.51,180,493,38.34,5.00%,0.02536282936452022,189.0,493,Cascaded,2027,189.0,493
D0,DL/DL/6/I,ANU,6.0,,DL,DL,6,I,ANU,,50.0,2,4,52.5,5.00%,0.0002818092151613358,2.1,4,Cascaded,2027,2.1,4
D0,DL/DL/6/I,ARN,6.0,,DL,DL,6,I,ARN,,53.33,16,30,56.0,5.00%,0.0022544737212906864,16.8,30,Cascaded,2027,16.8,30
D0,DL/DL/6/I,ATH,6.0,,DL,DL,6,I,ATH,,69.01,98,142,72.46,5.00%,0.013808651542905453,102.9,142,Cascaded,2027,102.9,142
D0,DL/DL/6/I,ATL,6.0,,DL,DL,6,I,ATL,,46.35,1226,2645,48.67,5.00%,0.17274904889389883,1287.3,2645,Cascaded,2027,1287.3,2645
D0,DL/DL/6/I,AUA,6.0,,DL,DL,6,I,AUA,,79.69,51,64,83.67,5.00%,0.007186134986614062,53.55,64,Cascaded,2027,53.550000000000004,64
D0,DL/DL/6/I,BCN,6.0,,DL,DL,6,I,BCN,,50.93,55,108,53.47,5.00%,0.007749753416936734,57.75,108,Cascaded,2027,57.75,108
D0,DL/DL/6/I,BDA,6.0,,DL,DL,6,I,BDA,,83.87,26,31,88.06,5.00%,0.003663519797097365,27.3,31,Cascaded,2027,27.3,31
D0,DL/DL/6/I,BER,6.0,,DL,DL,6,I,BER,,53.33,16,30,56.0,5.00%,0.0022544737212906864,16.8,30,Cascaded,2027,16.8,30
D0,DL/DL/6/I,BGI,6.0,,DL,DL,6,I,BGI,,83.33,25,30,87.5,5.00%,0.0035226151895166972,26.25,30,Cascaded,2027,26.25,30
D0,DL/DL/6/I,BOG,6.0,,DL,DL,6,I,BOG,,63.33,38,60,66.5,5.00%,0.005354375088065379,39.9,60,Cascaded,2027,39.9,60
D0,DL/DL/6/I,BON,6.0,,DL,DL,6,I,BON,,50.0,2,4,52.5,5.00%,0.0002818092151613358,2.1,4,Cascaded,2027,2.1,4
D0,DL/DL/6/I,BOS,6.0,,DL,DL,6,I,BOS,,49.85,164,329,52.34,5.00%,0.023108355643229533,172.2,329,Cascaded,2027,172.20000000000002,329
D0,DL/DL/6/I,BRU,6.0,,DL,DL,6,I,BRU,,56.0,14,25,58.8,5.00%,0.0019726645061293505,14.7,25,Cascaded,2027,14.700000000000001,25
D0,DL/DL/6/I,BZE,6.0,,DL,DL,6,I,BZE,,76.67,23,30,80.5,5.00%,0.0032408059743553614,24.15,30,Cascaded,2027,24.150000000000002,30
D0,DL/DL/6/I,CDG,6.0,,DL,DL,6,I,CDG,,29.25,117,400,30.71,5.00%,0.016485839086938143,122.85,400,Cascaded,2027,122.85000000000001,400
D0,DL/DL/6/I,CPH,6.0,,DL,DL,6,I,CPH,,69.77,30,43,73.26,5.00%,0.004227138227420037,31.5,43,Cascaded,2027,31.5,43
D0,DL/DL/6/I,CPT,6.0,,DL,DL,6,I,CPT,,46.15,6,13,48.46,5.00%,0.0008454276454840073,6.3,13,Cascaded,2027,6.300000000000001,13
D0,DL/DL/6/I,CTA,6.0,,DL,DL,6,I,CTA,,60.0,18,30,63.0,5.00%,0.0025362829364520218,18.9,30,Cascaded,2027,18.900000000000002,30
D0,DL/DL/6/I,CTG,6.0,,DL,DL,6,I,CTG,,83.33,10,12,87.5,5.00%,0.0014090460758066788,10.5,12,Cascaded,2027,10.5,12
D0,DL/DL/6/I,CUN,6.0,,DL,DL,6,I,CUN,,71.66,306,427,75.25,5.00%,0.043116809919684376,321.3,427,Cascaded,2027,321.3,427
D0,DL/DL/6/I,CUR,6.0,,DL,DL,6,I,CUR,,61.54,8,13,64.62,5.00%,0.0011272368606453432,8.4,13,Cascaded,2027,8.4,13
D0,DL/DL/6/I,CVG,6.0,,DL,DL,6,I,CVG,,6.9,2,29,7.24,5.00%,0.0002818092151613358,2.1,29,Cascaded,2027,2.1,29
D0,DL/DL/6/I,DSS,6.0,,DL,DL,6,I,DSS,,30.77,4,13,32.31,5.00%,0.0005636184303226716,4.2,13,Cascaded,2027,4.2,13
D0,DL/DL/6/I,DTW,6.0,,DL,DL,6,I,DTW,,58.44,284,486,61.36,5.00%,0.04001690855290968,298.2,486,Cascaded,2027,298.2,486
D0,DL/DL/6/I,DUB,6.0,,DL,DL,6,I,DUB,,76.12,102,134,79.93,5.00%,0.014372269973228125,107.1,134,Cascaded,2027,107.10000000000001,134
D0,DL/DL/6/I,EDI,6.0,,DL,DL,6,I,EDI,,46.53,47,101,48.86,5.00%,0.006622516556291391,49.35,101,Cascaded,2027,49.35,101
D0,DL/DL/6/I,EZE,6.0,,DL,DL,6,I,EZE,,73.33,22,30,77.0,5.00%,0.0030999013667746935,23.1,30,Cascaded,2027,23.1,30
D0,DL/DL/6/I,FCO,6.0,,DL,DL,6,I,FCO,,60.87,126,207,63.91,5.00%,0.017753980555164153,132.3,207,Cascaded,2027,132.3,207
D0,DL/DL/6/I,FRA,6.0,,DL,DL,6,I,FRA,,56.18,50,89,58.99,5.00%,0.0070452303790333945,52.5,89,Cascaded,2027,52.5,89
D0,DL/DL/6/I,GCM,6.0,,DL,DL,6,I,GCM,,83.33,25,30,87.5,5.00%,0.0035226151895166972,26.25,30,Cascaded,2027,26.25,30
D0,DL/DL/6/I,GDL,6.0,,DL,DL,6,I,GDL,,90.0,27,30,94.5,5.00%,0.003804424404678033,28.35,30,Cascaded,2027,28.35,30
D0,DL/DL/6/I,GIG,6.0,,DL,DL,6,I,GIG,,88.24,15,17,92.65,5.00%,0.0021135691137100184,15.75,17,Cascaded,2027,15.75,17
D0,DL/DL/6/I,GRU,6.0,,DL,DL,6,I,GRU,,73.03,65,89,76.69,5.00%,0.009158799492743412,68.25,89,Cascaded,2027,68.25,89
D0,DL/DL/6/I,GUA,6.0,,DL,DL,6,I,GUA,,53.33,16,30,56.0,5.00%,0.0022544737212906864,16.8,30,Cascaded,2027,16.8,30
D0,DL/DL/6/I,GVA,6.0,,DL,DL,6,I,GVA,,56.67,17,30,59.5,5.00%,0.0023953783288713543,17.85,30,Cascaded,2027,17.85,30
D0,DL/DL/6/I,HAV,6.0,,DL,DL,6,I,HAV,,72.41,42,58,76.03,5.00%,0.005917993518388051,44.1,58,Cascaded,2027,44.1,58
D0,DL/DL/6/I,HND,6.0,,DL,DL,6,I,HND,,70.79,126,178,74.33,5.00%,0.017753980555164153,132.3,178,Cascaded,2027,132.3,178
D0,DL/DL/6/I,HNL,6.0,,DL,DL,6,I,HNL,,83.33,25,30,87.5,5.00%,0.0035226151895166972,26.25,30,Cascaded,2027,26.25,30
D0,DL/DL/6/I,ICN,6.0,,DL,DL,6,I,ICN,,48.21,81,168,50.63,5.00%,0.0114132732140341,85.05,168,Cascaded,2027,85.05000000000001,168
D0,DL/DL/6/I,JFK,6.0,,DL,DL,6,I,JFK,,49.32,723,1466,51.78,5.00%,0.10187403128082288,759.15,1466,Cascaded,2027,759.1500000000001,1466
D0,DL/DL/6/I,JNB,6.0,,DL,DL,6,I,JNB,,46.43,13,28,48.75,5.00%,0.0018317598985486826,13.65,28,Cascaded,2027,13.65,28
D0,DL/DL/6/I,KEF,6.0,,DL,DL,6,I,KEF,,59.49,47,79,62.47,5.00%,0.006622516556291391,49.35,79,Cascaded,2027,49.35,79
D0,DL/DL/6/I,KIN,6.0,,DL,DL,6,I,KIN,,70.0,21,30,73.5,5.00%,0.0029589967591940255,22.05,30,Cascaded,2027,22.05,30
D0,DL/DL/6/I,LAX,6.0,,DL,DL,6,I,LAX,,65.79,150,228,69.08,5.00%,0.021135691137100183,157.5,228,Cascaded,2027,157.5,228
D0,DL/DL/6/I,LGW,6.0,,DL,DL,6,I,LGW,,50.0,15,30,52.5,5.00%,0.0021135691137100184,15.75,30,Cascaded,2027,15.75,30
D0,DL/DL/6/I,LHR,6.0,,DL,DL,6,I,LHR,,66.08,189,286,69.39,5.00%,0.02663097083274623,198.45,286,Cascaded,2027,198.45000000000002,286
D0,DL/DL/6/I,LIM,6.0,,DL,DL,6,I,LIM,,20.0,6,30,21.0,5.00%,0.0008454276454840073,6.3,30,Cascaded,2027,6.300000000000001,30
D0,DL/DL/6/I,LIR,6.0,,DL,DL,6,I,LIR,,82.35,28,34,86.47,5.00%,0.003945329012258701,29.4,34,Cascaded,2027,29.400000000000002,34
D0,DL/DL/6/I,LIS,6.0,,DL,DL,6,I,LIS,,40.0,24,60,42.0,5.00%,0.0033817105819360293,25.2,60,Cascaded,2027,25.200000000000003,60
D0,DL/DL/6/I,LOS,6.0,,DL,DL,6,I,LOS,,6.67,2,30,7.0,5.00%,0.0002818092151613358,2.1,30,Cascaded,2027,2.1,30
D0,DL/DL/6/I,MAD,6.0,,DL,DL,6,I,MAD,,63.33,38,60,66.5,5.00%,0.005354375088065379,39.9,60,Cascaded,2027,39.9,60
D0,DL/DL/6/I,MBJ,6.0,,DL,DL,6,I,MBJ,,73.39,91,124,77.06,5.00%,0.012822319289840779,95.55,124,Cascaded,2027,95.55000000000001,124
D0,DL/DL/6/I,MEX,6.0,,DL,DL,6,I,MEX,,77.18,230,298,81.04,5.00%,0.03240805974355362,241.5,298,Cascaded,2027,241.5,298
D0,DL/DL/6/I,MIA,6.0,,DL,DL,6,I,MIA,,58.62,34,58,61.55,5.00%,0.004790756657742709,35.7,58,Cascaded,2027,35.7,58
D0,DL/DL/6/I,MSP,6.0,,DL,DL,6,I,MSP,,53.38,284,532,56.05,5.00%,0.04001690855290968,298.2,532,Cascaded,2027,298.2,532
D0,DL/DL/6/I,MTY,6.0,,DL,DL,6,I,MTY,,86.21,25,29,90.52,5.00%,0.0035226151895166972,26.25,29,Cascaded,2027,26.25,29
D0,DL/DL/6/I,MUC,6.0,,DL,DL,6,I,MUC,,63.79,37,58,66.98,5.00%,0.0052134704804847115,38.85,58,Cascaded,2027,38.85,58
D0,DL/DL/6/I,MXP,6.0,,DL,DL,6,I,MXP,,47.96,47,98,50.36,5.00%,0.006622516556291391,49.35,98,Cascaded,2027,49.35,98
D0,DL/DL/6/I,NAP,6.0,,DL,DL,6,I,NAP,,55.32,26,47,58.09,5.00%,0.003663519797097365,27.3,47,Cascaded,2027,27.3,47
D0,DL/DL/6/I,NAS,6.0,,DL,DL,6,I,NAS,,84.17,101,120,88.38,5.00%,0.014231365365647456,106.05,120,Cascaded,2027,106.05000000000001,120
D0,DL/DL/6/I,NCE,6.0,,DL,DL,6,I,NCE,,38.71,24,62,40.65,5.00%,0.0033817105819360293,25.2,62,Cascaded,2027,25.200000000000003,62
D0,DL/DL/6/I,PLS,6.0,,DL,DL,6,I,PLS,,78.38,29,37,82.3,5.00%,0.004086233619839369,30.45,37,Cascaded,2027,30.450000000000003,37
D0,DL/DL/6/I,PPT,6.0,,DL,DL,6,I,PPT,,66.67,2,3,70.0,5.00%,0.0002818092151613358,2.1,3,Cascaded,2027,2.1,3
D0,DL/DL/6/I,PRG,6.0,,DL,DL,6,I,PRG,,63.33,19,30,66.5,5.00%,0.0026771875440326897,19.95,30,Cascaded,2027,19.95,30
D0,DL/DL/6/I,PTY,6.0,,DL,DL,6,I,PTY,,79.49,31,39,83.46,5.00%,0.004368042835000705,32.55,39,Cascaded,2027,32.550000000000004,39
D0,DL/DL/6/I,PUJ,6.0,,DL,DL,6,I,PUJ,,62.5,80,128,65.62,5.00%,0.01127236860645343,84.0,128,Cascaded,2027,84.0,128
D0,DL/DL/6/I,PVG,6.0,,DL,DL,6,I,PVG,,68.49,50,73,71.92,5.00%,0.0070452303790333945,52.5,73,Cascaded,2027,52.5,73
D0,DL/DL/6/I,PVR,6.0,,DL,DL,6,I,PVR,,89.32,92,103,93.79,5.00%,0.012963223897421446,96.6,103,Cascaded,2027,96.60000000000001,103
D0,DL/DL/6/I,RTB,6.0,,DL,DL,6,I,RTB,,50.0,2,4,52.5,5.00%,0.0002818092151613358,2.1,4,Cascaded,2027,2.1,4
D0,DL/DL/6/I,SAL,6.0,,DL,DL,6,I,SAL,,76.67,23,30,80.5,5.00%,0.0032408059743553614,24.15,30,Cascaded,2027,24.150000000000002,30
D0,DL/DL/6/I,SAP,6.0,,DL,DL,6,I,SAP,,36.67,11,30,38.5,5.00%,0.0015499506833873467,11.55,30,Cascaded,2027,11.55,30
D0,DL/DL/6/I,SCL,6.0,,DL,DL,6,I,SCL,,82.76,24,29,86.9,5.00%,0.0033817105819360293,25.2,29,Cascaded,2027,25.200000000000003,29
D0,DL/DL/6/I,SDQ,6.0,,DL,DL,6,I,SDQ,,56.67,68,120,59.5,5.00%,0.009581513315485417,71.4,120,Cascaded,2027,71.4,120
D0,DL/DL/6/I,SEA,6.0,,DL,DL,6,I,SEA,,59.74,181,303,62.72,5.00%,0.025503733972100887,190.05,303,Cascaded,2027,190.05,303
D0,DL/DL/6/I,SJD,6.0,,DL,DL,6,I,SJD,,64.29,72,112,67.5,5.00%,0.010145131745808087,75.6,112,Cascaded,2027,75.60000000000001,112
D0,DL/DL/6/I,SJO,6.0,,DL,DL,6,I,SJO,,60.53,23,38,63.55,5.00%,0.0032408059743553614,24.15,38,Cascaded,2027,24.150000000000002,38
D0,DL/DL/6/I,SKB,6.0,,DL,DL,6,I,SKB,,66.67,2,3,70.0,5.00%,0.0002818092151613358,2.1,3,Cascaded,2027,2.1,3
D0,DL/DL/6/I,SLC,6.0,,DL,DL,6,I,SLC,,62.8,157,250,65.94,5.00%,0.02212202339016486,164.85,250,Cascaded,2027,164.85000000000002,250
D0,DL/DL/6/I,SNN,6.0,,DL,DL,6,I,SNN,,73.33,22,30,77.0,5.00%,0.0030999013667746935,23.1,30,Cascaded,2027,23.1,30
D0,DL/DL/6/I,STI,6.0,,DL,DL,6,I,STI,,76.67,69,90,80.5,5.00%,0.009722417923066084,72.45,90,Cascaded,2027,72.45,90
D0,DL/DL/6/I,SXM,6.0,,DL,DL,6,I,SXM,,41.18,14,34,43.24,5.00%,0.0019726645061293505,14.7,34,Cascaded,2027,14.700000000000001,34
D0,DL/DL/6/I,SYD,6.0,,DL,DL,6,I,SYD,,76.67,23,30,80.5,5.00%,0.0032408059743553614,24.15,30,Cascaded,2027,24.150000000000002,30
D0,DL/DL/6/I,TLV,6.0,,DL,DL,6,I,TLV,,66.67,8,12,70.0,5.00%,0.0011272368606453432,8.4,12,Cascaded,2027,8.4,12
D0,DL/DL/6/I,TPA,6.0,,DL,DL,6,I,TPA,,29.41,5,17,30.88,5.00%,0.0007045230379033394,5.25,17,Cascaded,2027,5.25,17
D0,DL/DL/6/I,TPE,6.0,,DL,DL,6,I,TPE,,63.33,19,30,66.5,5.00%,0.0026771875440326897,19.95,30,Cascaded,2027,19.95,30
D0,DL/DL/6/I,TQO,6.0,,DL,DL,6,I,TQO,,83.33,25,30,87.5,5.00%,0.0035226151895166972,26.25,30,Cascaded,2027,26.25,30
D0,DL/DL/6/I,UIO,6.0,,DL,DL,6,I,UIO,,70.0,21,30,73.5,5.00%,0.0029589967591940255,22.05,30,Cascaded,2027,22.05,30
D0,DL/DL/6/I,UVF,6.0,,DL,DL,6,I,UVF,,73.33,22,30,77.0,5.00%,0.0030999013667746935,23.1,30,Cascaded,2027,23.1,30
D0,DL/DL/6/I,VCE,6.0,,DL,DL,6,I,VCE,,73.53,50,68,77.21,5.00%,0.0070452303790333945,52.5,68,Cascaded,2027,52.5,68
D0,DL/DL/6/I,YUL,6.0,,DL,DL,6,I,YUL,,69.77,60,86,73.26,5.00%,0.008454276454840074,63.0,86,Cascaded,2027,63.0,86
D0,DL/DL/6/I,YVR,6.0,,DL,DL,6,I,YVR,,76.06,54,71,79.86,5.00%,0.007608848809356066,56.7,71,Cascaded,2027,56.7,71
D0,DL/DL/6/I,YYC,6.0,,DL,DL,6,I,YYC,,64.15,34,53,67.36,5.00%,0.004790756657742709,35.7,53,Cascaded,2027,35.7,53
D0,DL/DL/6/I,YYZ,6.0,,DL,DL,6,I,YYZ,,49.3,105,213,51.76,5.00%,0.014794983795970128,110.25,213,Cascaded,2027,110.25,213
D0,DL/DL/6/I,ZRH,6.0,,DL,DL,6,I,ZRH,,47.27,26,55,49.64,5.00%,0.003663519797097365,27.3,55,Cascaded,2027,27.3,55
D0,DL/DL/7/D,ABQ,6.0,,DL,DL,7,D,ABQ,,81.36,96,118,85.42,5.00%,0.0017318203957931197,100.8,118,Cascaded,2027,100.8,118
D0,DL/DL/7/D,AGS,6.0,,DL,DL,7,D,AGS,,56.72,38,67,59.55,5.00%,0.0006855122400014432,39.9,67,Cascaded,2027,39.9,67
D0,DL/DL/7/D,ALB,6.0,,DL,DL,7,D,ALB,,50.83,61,120,53.37,5.00%,0.0011004275431602114,64.05,120,Cascaded,2027,64.05,120
D0,DL/DL/7/D,ANC,6.0,,DL,DL,7,D,ANC,,57.34,207,361,60.21,5.00%,0.003734237728428914,217.35,361,Cascaded,2027,217.35,361
D0,DL/DL/7/D,ATL,6.0,,DL,DL,7,D,ATL,,54.55,11772,21580,57.28,5.00%,0.2123644760341313,12360.6,21580,Cascaded,2027,12360.6,21580
D0,DL/DL/7/D,ATW,6.0,,DL,DL,7,D,ATW,,90.32,28,31,94.84,5.00%,0.0005051142821063266,29.4,31,Cascaded,2027,29.400000000000002,31
D0,DL/DL/7/D,AUS,6.0,,DL,DL,7,D,AUS,,57.75,637,1103,60.64,5.00%,0.01149134991791893,668.85,1103,Cascaded,2027,668.85,1103
D0,DL/DL/7/D,AVL,6.0,,DL,DL,7,D,AVL,,48.39,105,217,50.81,5.00%,0.0018941785578987247,110.25,217,Cascaded,2027,110.25,217
D0,DL/DL/7/D,BDL,6.0,,DL,DL,7,D,BDL,,61.07,240,393,64.12,5.00%,0.004329550989482799,252.0,393,Cascaded,2027,252.0,393
D0,DL/DL/7/D,BGR,6.0,,DL,DL,7,D,BGR,,50.0,4,8,52.5,5.00%,7.215918315804666e-05,4.2,8,Cascaded,2027,4.2,8
D0,DL/DL/7/D,BHM,6.0,,DL,DL,7,D,BHM,,68.66,195,284,72.1,5.00%,0.003517760178954774,204.75,284,Cascaded,2027,204.75,284
D0,DL/DL/7/D,BIL,6.0,,DL,DL,7,D,BIL,,88.52,54,61,92.95,5.00%,0.0009741489726336298,56.7,61,Cascaded,2027,56.7,61
D0,DL/DL/7/D,BIS,6.0,,DL,DL,7,D,BIS,,53.57,30,56,56.25,5.00%,0.0005411938736853499,31.5,56,Cascaded,2027,31.5,56
D0,DL/DL/7/D,BNA,6.0,,DL,DL,7,D,BNA,,69.13,589,852,72.59,5.00%,0.010625439720022369,618.45,852,Cascaded,2027,618.45,852
D0,DL/DL/7/D,BOI,6.0,,DL,DL,7,D,BOI,,72.96,197,270,76.61,5.00%,0.0035538397705337974,206.85,270,Cascaded,2027,206.85,270
D0,DL/DL/7/D,BOS,6.0,,DL,DL,7,D,BOS,,61.37,1414,2304,64.44,5.00%,0.02550827124636949,1484.7,2304,Cascaded,2027,1484.7,2304
D0,DL/DL/7/D,BTR,6.0,,DL,DL,7,D,BTR,,61.45,51,83,64.52,5.00%,0.0009200295852650948,53.55,83,Cascaded,2027,53.550000000000004,83
D0,DL/DL/7/D,BTV,6.0,,DL,DL,7,D,BTV,,65.71,23,35,69.0,5.00%,0.00041491530315876824,24.15,35,Cascaded,2027,24.150000000000002,35
D0,DL/DL/7/D,BUF,6.0,,DL,DL,7,D,BUF,,51.69,92,178,54.27,5.00%,0.001659661212635073,96.6,178,Cascaded,2027,96.60000000000001,178
D0,DL/DL/7/D,BUR,6.0,,DL,DL,7,D,BUR,,65.57,40,61,68.85,5.00%,0.0007215918315804665,42.0,61,Cascaded,2027,42.0,61
D0,DL/DL/7/D,BWI,6.0,,DL,DL,7,D,BWI,,54.74,254,464,57.48,5.00%,0.004582108130535962,266.7,464,Cascaded,2027,266.7,464
D0,DL/DL/7/D,BZN,6.0,,DL,DL,7,D,BZN,,79.26,172,217,83.23,5.00%,0.003102844875796006,180.6,217,Cascaded,2027,180.6,217
D0,DL/DL/7/D,CAE,6.0,,DL,DL,7,D,CAE,,60.0,126,210,63.0,5.00%,0.0022730142694784693,132.3,210,Cascaded,2027,132.3,210
D0,DL/DL/7/D,CHA,6.0,,DL,DL,7,D,CHA,,67.31,105,156,70.67,5.00%,0.0018941785578987247,110.25,156,Cascaded,2027,110.25,156
D0,DL/DL/7/D,CHS,6.0,,DL,DL,7,D,CHS,,66.35,280,422,69.67,5.00%,0.005051142821063266,294.0,422,Cascaded,2027,294.0,422
D0,DL/DL/7/D,CID,6.0,,DL,DL,7,D,CID,,70.97,22,31,74.52,5.00%,0.00039687550736925656,23.1,31,Cascaded,2027,23.1,31
D0,DL/DL/7/D,CLE,6.0,,DL,DL,7,D,CLE,,64.19,242,377,67.4,5.00%,0.0043656305810618225,254.1,377,Cascaded,2027,254.1,377
D0,DL/DL/7/D,CLT,6.0,,DL,DL,7,D,CLT,,60.55,310,512,63.57,5.00%,0.005592336694748615,325.5,512,Cascaded,2027,325.5,512
D0,DL/DL/7/D,CMH,6.0,,DL,DL,7,D,CMH,,65.32,258,395,68.58,5.00%,0.004654267313694009,270.9,395,Cascaded,2027,270.90000000000003,395
D0,DL/DL/7/D,COS,6.0,,DL,DL,7,D,COS,,72.73,64,88,76.36,5.00%,0.0011545469305287465,67.2,88,Cascaded,2027,67.2,88
D0,DL/DL/7/D,CVG,6.0,,DL,DL,7,D,CVG,,57.28,413,721,60.15,5.00%,0.0074504356610683165,433.65,721,Cascaded,2027,433.65000000000003,721
D0,DL/DL/7/D,DAB,6.0,,DL,DL,7,D,DAB,,64.58,93,144,67.81,5.00%,0.0016777010084245846,97.65,144,Cascaded,2027,97.65,144
D0,DL/DL/7/D,DAL,6.0,,DL,DL,7,D,DAL,,62.13,105,169,65.24,5.00%,0.0018941785578987247,110.25,169,Cascaded,2027,110.25,169
D0,DL/DL/7/D,DAY,6.0,,DL,DL,7,D,DAY,,67.83,78,115,71.22,5.00%,0.0014071040715819096,81.9,115,Cascaded,2027,81.9,115
D0,DL/DL/7/D,DCA,6.0,,DL,DL,7,D,DCA,,49.15,377,767,51.61,5.00%,0.006801003012645897,395.85,767,Cascaded,2027,395.85,767
D0,DL/DL/7/D,DEN,6.0,,DL,DL,7,D,DEN,,53.71,587,1093,56.39,5.00%,0.010589360128443345,616.35,1093,Cascaded,2027,616.35,1093
D0,DL/DL/7/D,DFW,6.0,,DL,DL,7,D,DFW,,62.77,644,1026,65.91,5.00%,0.011617628488445511,676.2,1026,Cascaded,2027,676.2,1026
D0,DL/DL/7/D,DJT,6.0,,DL,DL,7,D,DJT,,60.48,355,587,63.5,5.00%,0.00640412750527664,372.75,587,Cascaded,2027,372.75,587
D0,DL/DL/7/D,DSM,6.0,,DL,DL,7,D,DSM,,75.44,86,114,79.21,5.00%,0.001551422437898003,90.3,114,Cascaded,2027,90.3,114
D0,DL/DL/7/D,DTW,6.0,,DL,DL,7,D,DTW,,56.86,3041,5348,59.71,5.00%,0.054859018995904965,3193.05,5348,Cascaded,2027,3193.05,5348
D0,DL/DL/7/D,ECP,6.0,,DL,DL,7,D,ECP,,63.51,141,222,66.69,5.00%,0.0025436112063211445,148.05,222,Cascaded,2027,148.05,222
D0,DL/DL/7/D,ELP,6.0,,DL,DL,7,D,ELP,,68.85,42,61,72.3,5.00%,0.0007576714231594899,44.1,61,Cascaded,2027,44.1,61
D0,DL/DL/7/D,EWR,6.0,,DL,DL,7,D,EWR,,48.56,270,556,50.99,5.00%,0.004870744863168149,283.5,556,Cascaded,2027,283.5,556
D0,DL/DL/7/D,EYW,6.0,,DL,DL,7,D,EYW,,58.54,72,123,61.46,5.00%,0.0012988652968448397,75.6,123,Cascaded,2027,75.60000000000001,123
D0,DL/DL/7/D,FAI,6.0,,DL,DL,7,D,FAI,,60.16,74,123,63.17,5.00%,0.0013349448884238631,77.7,123,Cascaded,2027,77.7,123
D0,DL/DL/7/D,FAR,6.0,,DL,DL,7,D,FAR,,80.65,50,62,84.68,5.00%,0.0009019897894755832,52.5,62,Cascaded,2027,52.5,62
D0,DL/DL/7/D,FAT,6.0,,DL,DL,7,D,FAT,,58.06,18,31,60.97,5.00%,0.0003247163242112099,18.9,31,Cascaded,2027,18.900000000000002,31
D0,DL/DL/7/D,FAY,6.0,,DL,DL,7,D,FAY,,25.93,7,27,27.22,5.00%,0.00012627857052658164,7.35,27,Cascaded,2027,7.3500000000000005,27
D0,DL/DL/7/D,FCA,6.0,,DL,DL,7,D,FCA,,65.59,61,93,68.87,5.00%,0.0011004275431602114,64.05,93,Cascaded,2027,64.05,93
D0,DL/DL/7/D,FLL,6.0,,DL,DL,7,D,FLL,,47.23,460,974,49.59,5.00%,0.008298306063175364,483.0,974,Cascaded,2027,483.0,974
D0,DL/DL/7/D,FSD,6.0,,DL,DL,7,D,FSD,,82.54,52,63,86.67,5.00%,0.0009380693810546064,54.6,63,Cascaded,2027,54.6,63
D0,DL/DL/7/D,GEG,6.0,,DL,DL,7,D,GEG,,77.49,210,271,81.37,5.00%,0.0037883571157974493,220.5,271,Cascaded,2027,220.5,271
D0,DL/DL/7/D,GNV,6.0,,DL,DL,7,D,GNV,,68.28,99,145,71.69,5.00%,0.0017859397831616545,103.95,145,Cascaded,2027,103.95,145
D0,DL/DL/7/D,GPT,6.0,,DL,DL,7,D,GPT,,75.86,88,116,79.66,5.00%,0.0015875020294770263,92.4,116,Cascaded,2027,92.4,116
D0,DL/DL/7/D,GRB,6.0,,DL,DL,7,D,GRB,,90.32,28,31,94.84,5.00%,0.0005051142821063266,29.4,31,Cascaded,2027,29.400000000000002,31
D0,DL/DL/7/D,GRR,6.0,,DL,DL,7,D,GRR,,72.93,132,181,76.57,5.00%,0.0023812530442155395,138.6,181,Cascaded,2027,138.6,181
D0,DL/DL/7/D,GSO,6.0,,DL,DL,7,D,GSO,,69.35,172,248,72.82,5.00%,0.003102844875796006,180.6,248,Cascaded,2027,180.6,248
D0,DL/DL/7/D,GSP,6.0,,DL,DL,7,D,GSP,,75.53,213,282,79.31,5.00%,0.003842476503165984,223.65,282,Cascaded,2027,223.65,282
D0,DL/DL/7/D,HNL,6.0,,DL,DL,7,D,HNL,,75.5,228,302,79.27,5.00%,0.004113073440008659,239.4,302,Cascaded,2027,239.4,302
D0,DL/DL/7/D,HOU,6.0,,DL,DL,7,D,HOU,,65.22,90,138,68.48,5.00%,0.0016235816210560497,94.5,138,Cascaded,2027,94.5,138
D0,DL/DL/7/D,HPN,6.0,,DL,DL,7,D,HPN,,50.0,31,62,52.5,5.00%,0.0005592336694748615,32.55,62,Cascaded,2027,32.55,62
D0,DL/DL/7/D,HSV,6.0,,DL,DL,7,D,HSV,,71.95,159,221,75.54,5.00%,0.0028683275305323545,166.95,221,Cascaded,2027,166.95000000000002,221
D0,DL/DL/7/D,IAD,6.0,,DL,DL,7,D,IAD,,48.71,132,271,51.14,5.00%,0.0023812530442155395,138.6,271,Cascaded,2027,138.6,271
D0,DL/DL/7/D,IAH,6.0,,DL,DL,7,D,IAH,,56.84,403,709,59.68,5.00%,0.0072700377031732,423.15,709,Cascaded,2027,423.15000000000003,709
D0,DL/DL/7/D,ICT,6.0,,DL,DL,7,D,ICT,,67.27,74,110,70.64,5.00%,0.0013349448884238631,77.7,110,Cascaded,2027,77.7,110
D0,DL/DL/7/D,IDA,6.0,,DL,DL,7,D,IDA,,54.84,17,31,57.58,5.00%,0.00030667652842169825,17.85,31,Cascaded,2027,17.85,31
D0,DL/DL/7/D,ILM,6.0,,DL,DL,7,D,ILM,,56.0,70,125,58.8,5.00%,0.0012627857052658164,73.5,125,Cascaded,2027,73.5,125
D0,DL/DL/7/D,IND,6.0,,DL,DL,7,D,IND,,71.93,305,424,75.53,5.00%,0.005502137715801057,320.25,424,Cascaded,2027,320.25,424
D0,DL/DL/7/D,JAC,6.0,,DL,DL,7,D,JAC,,63.24,43,68,66.4,5.00%,0.0007757112189490015,45.15,68,Cascaded,2027,45.15,68
D0,DL/DL/7/D,JAN,6.0,,DL,DL,7,D,JAN,,71.67,129,180,75.25,5.00%,0.0023271336568470046,135.45,180,Cascaded,2027,135.45000000000002,180
D0,DL/DL/7/D,JAX,6.0,,DL,DL,7,D,JAX,,50.66,232,458,53.19,5.00%,0.004185232623166705,243.6,458,Cascaded,2027,243.6,458
D0,DL/DL/7/D,JFK,6.0,,DL,DL,7,D,JFK,,58.6,1510,2577,61.53,5.00%,0.027240091642162612,1585.5,2577,Cascaded,2027,1585.5,2577
D0,DL/DL/7/D,JNU,6.0,,DL,DL,7,D,JNU,,87.1,27,31,91.45,5.00%,0.0004870744863168149,28.35,31,Cascaded,2027,28.35,31
D0,DL/DL/7/D,KOA,6.0,,DL,DL,7,D,KOA,,66.67,40,60,70.0,5.00%,0.0007215918315804665,42.0,60,Cascaded,2027,42.0,60
D0,DL/DL/7/D,LAS,6.0,,DL,DL,7,D,LAS,,64.74,863,1333,67.98,5.00%,0.015568343766348565,906.15,1333,Cascaded,2027,906.15,1333
D0,DL/DL/7/D,LAX,6.0,,DL,DL,7,D,LAX,,67.52,2241,3319,70.9,5.00%,0.040427182364295634,2353.05,3319,Cascaded,2027,2353.05,3319
D0,DL/DL/7/D,LEX,6.0,,DL,DL,7,D,LEX,,73.68,140,190,77.37,5.00%,0.002525571410531633,147.0,190,Cascaded,2027,147.0,190
D0,DL/DL/7/D,LGA,6.0,,DL,DL,7,D,LGA,,57.24,1348,2355,60.1,5.00%,0.024317644724261723,1415.4,2355,Cascaded,2027,1415.4,2355
D0,DL/DL/7/D,LGB,6.0,,DL,DL,7,D,LGB,,67.74,21,31,71.13,5.00%,0.00037883571157974494,22.05,31,Cascaded,2027,22.05,31
D0,DL/DL/7/D,LIH,6.0,,DL,DL,7,D,LIH,,83.05,49,59,87.2,5.00%,0.0008839499936860714,51.45,59,Cascaded,2027,51.45,59
D0,DL/DL/7/D,LIT,6.0,,DL,DL,7,D,LIT,,65.98,128,194,69.28,5.00%,0.002309093861057493,134.4,194,Cascaded,2027,134.4,194
D0,DL/DL/7/D,MCI,6.0,,DL,DL,7,D,MCI,,75.9,548,722,79.7,5.00%,0.00988580809265239,575.4,722,Cascaded,2027,575.4,722
D0,DL/DL/7/D,MCO,6.0,,DL,DL,7,D,MCO,,50.77,862,1698,53.3,5.00%,0.015550303970559053,905.1,1698,Cascaded,2027,905.1,1698
D0,DL/DL/7/D,MDT,6.0,,DL,DL,7,D,MDT,,62.5,55,88,65.62,5.00%,0.0009921887684231415,57.75,88,Cascaded,2027,57.75,88
D0,DL/DL/7/D,MDW,6.0,,DL,DL,7,D,MDW,,58.82,80,136,61.76,5.00%,0.001443183663160933,84.0,136,Cascaded,2027,84.0,136
D0,DL/DL/7/D,MEM,6.0,,DL,DL,7,D,MEM,,68.7,281,409,72.14,5.00%,0.005069182616852777,295.05,409,Cascaded,2027,295.05,409
D0,DL/DL/7/D,MIA,6.0,,DL,DL,7,D,MIA,,46.27,416,899,48.59,5.00%,0.007504555048436851,436.8,899,Cascaded,2027,436.8,899
D0,DL/DL/7/D,MKE,6.0,,DL,DL,7,D,MKE,,75.68,305,403,79.47,5.00%,0.005502137715801057,320.25,403,Cascaded,2027,320.25,403
D0,DL/DL/7/D,MLB,6.0,,DL,DL,7,D,MLB,,70.83,85,120,74.38,5.00%,0.0015333826421084914,89.25,120,Cascaded,2027,89.25,120
D0,DL/DL/7/D,MOB,6.0,,DL,DL,7,D,MOB,,68.48,63,92,71.9,5.00%,0.0011365071347392347,66.15,92,Cascaded,2027,66.15,92
D0,DL/DL/7/D,MSN,6.0,,DL,DL,7,D,MSN,,76.83,126,164,80.67,5.00%,0.0022730142694784693,132.3,164,Cascaded,2027,132.3,164
D0,DL/DL/7/D,MSO,6.0,,DL,DL,7,D,MSO,,78.49,73,93,82.42,5.00%,0.0013169050926343513,76.65,93,Cascaded,2027,76.65,93
D0,DL/DL/7/D,MSP,6.0,,DL,DL,7,D,MSP,,59.17,3845,6498,62.13,5.00%,0.06936301481067235,4037.25,6498,Cascaded,2027,4037.25,6498
D0,DL/DL/7/D,MSY,6.0,,DL,DL,7,D,MSY,,59.33,356,600,62.3,5.00%,0.0064221673010661515,373.8,600,Cascaded,2027,373.8,600
D0,DL/DL/7/D,MYR,6.0,,DL,DL,7,D,MYR,,55.47,142,256,58.24,5.00%,0.002561651002110656,149.1,256,Cascaded,2027,149.1,256
D0,DL/DL/7/D,OGG,6.0,,DL,DL,7,D,OGG,,85.39,76,89,89.66,5.00%,0.0013710244800028864,79.8,89,Cascaded,2027,79.8,89
D0,DL/DL/7/D,OKC,6.0,,DL,DL,7,D,OKC,,66.9,97,145,70.24,5.00%,0.0017498601915826313,101.85,145,Cascaded,2027,101.85000000000001,145
D0,DL/DL/7/D,OMA,6.0,,DL,DL,7,D,OMA,,61.9,91,147,65.0,5.00%,0.0016416214168455613,95.55,147,Cascaded,2027,95.55,147
D0,DL/DL/7/D,ONT,6.0,,DL,DL,7,D,ONT,,84.0,147,175,88.2,5.00%,0.0026518499810582142,154.35,175,Cascaded,2027,154.35,175
D0,DL/DL/7/D,ORD,6.0,,DL,DL,7,D,ORD,,54.95,577,1050,57.7,5.00%,0.010408962170548229,605.85,1050,Cascaded,2027,605.85,1050
D0,DL/DL/7/D,ORF,6.0,,DL,DL,7,D,ORF,,47.91,149,311,50.31,5.00%,0.002687929572637238,156.45,311,Cascaded,2027,156.45000000000002,311
D0,DL/DL/7/D,PDX,6.0,,DL,DL,7,D,PDX,,62.86,462,735,66.0,5.00%,0.008334385654754388,485.1,735,Cascaded,2027,485.1,735
D0,DL/DL/7/D,PHL,6.0,,DL,DL,7,D,PHL,,51.9,300,578,54.5,5.00%,0.005411938736853499,315.0,578,Cascaded,2027,315.0,578
D0,DL/DL/7/D,PHX,6.0,,DL,DL,7,D,PHX,,72.26,633,876,75.87,5.00%,0.011419190734760883,664.65,876,Cascaded,2027,664.65,876
D0,DL/DL/7/D,PIT,6.0,,DL,DL,7,D,PIT,,70.26,215,306,73.77,5.00%,0.0038785560947450074,225.75,306,Cascaded,2027,225.75,306
D0,DL/DL/7/D,PNS,6.0,,DL,DL,7,D,PNS,,77.74,206,265,81.62,5.00%,0.0037161979326394024,216.3,265,Cascaded,2027,216.3,265
D0,DL/DL/7/D,PSC,6.0,,DL,DL,7,D,PSC,,90.32,56,62,94.84,5.00%,0.0010102285642126531,58.8,62,Cascaded,2027,58.800000000000004,62
D0,DL/DL/7/D,PVD,6.0,,DL,DL,7,D,PVD,,45.38,54,119,47.65,5.00%,0.0009741489726336298,56.7,119,Cascaded,2027,56.7,119
D0,DL/DL/7/D,PWM,6.0,,DL,DL,7,D,PWM,,40.91,72,176,42.95,5.00%,0.0012988652968448397,75.6,176,Cascaded,2027,75.60000000000001,176
D0,DL/DL/7/D,RAP,6.0,,DL,DL,7,D,RAP,,75.0,3,4,78.75,5.00%,5.411938736853499e-05,3.15,4,Cascaded,2027,3.15,4
D0,DL/DL/7/D,RDU,6.0,,DL,DL,7,D,RDU,,57.01,614,1077,59.86,5.00%,0.01107643461476016,644.7,1077,Cascaded,2027,644.7,1077
D0,DL/DL/7/D,RIC,6.0,,DL,DL,7,D,RIC,,57.95,164,283,60.85,5.00%,0.0029585265094799126,172.2,283,Cascaded,2027,172.20000000000002,283
D0,DL/DL/7/D,RNO,6.0,,DL,DL,7,D,RNO,,62.1,77,124,65.2,5.00%,0.001389064275792398,80.85,124,Cascaded,2027,80.85000000000001,124
D0,DL/DL/7/D,ROA,6.0,,DL,DL,7,D,ROA,,77.42,24,31,81.29,5.00%,0.0004329550989482799,25.2,31,Cascaded,2027,25.2,31
D0,DL/DL/7/D,ROC,6.0,,DL,DL,7,D,ROC,,51.16,44,86,53.72,5.00%,0.0007937510147385131,46.2,86,Cascaded,2027,46.2,86
D0,DL/DL/7/D,RSW,6.0,,DL,DL,7,D,RSW,,69.91,395,565,73.41,5.00%,0.007125719336857106,414.75,565,Cascaded,2027,414.75,565
D0,DL/DL/7/D,SAN,6.0,,DL,DL,7,D,SAN,,63.5,534,841,66.67,5.00%,0.009633250951599228,560.7,841,Cascaded,2027,560.7,841
D0,DL/DL/7/D,SAT,6.0,,DL,DL,7,D,SAT,,63.41,383,604,66.58,5.00%,0.006909241787382967,402.15,604,Cascaded,2027,402.15000000000003,604
D0,DL/DL/7/D,SAV,6.0,,DL,DL,7,D,SAV,,58.51,189,323,61.44,5.00%,0.0034095214042177044,198.45,323,Cascaded,2027,198.45000000000002,323
D0,DL/DL/7/D,SBA,6.0,,DL,DL,7,D,SBA,,46.67,14,30,49.0,5.00%,0.0002525571410531633,14.7,30,Cascaded,2027,14.700000000000001,30
D0,DL/DL/7/D,SDF,6.0,,DL,DL,7,D,SDF,,78.41,178,227,82.33,5.00%,0.0032110836505330758,186.9,227,Cascaded,2027,186.9,227
D0,DL/DL/7/D,SEA,6.0,,DL,DL,7,D,SEA,,64.22,1890,2943,67.43,5.00%,0.034095214042177045,1984.5,2943,Cascaded,2027,1984.5,2943
D0,DL/DL/7/D,SFO,6.0,,DL,DL,7,D,SFO,,59.4,727,1224,62.37,5.00%,0.013114931538974979,763.35,1224,Cascaded,2027,763.35,1224
D0,DL/DL/7/D,SGF,6.0,,DL,DL,7,D,SGF,,26.53,13,49,27.86,5.00%,0.0002345173452636516,13.65,49,Cascaded,2027,13.65,49
D0,DL/DL/7/D,SJC,6.0,,DL,DL,7,D,SJC,,76.72,201,262,80.55,5.00%,0.0036259989536918443,211.05,262,Cascaded,2027,211.05,262
D0,DL/DL/7/D,SJU,6.0,,DL,DL,7,D,SJU,,75.48,237,314,79.25,5.00%,0.004275431602114264,248.85,314,Cascaded,2027,248.85,314
D0,DL/DL/7/D,SLC,6.0,,DL,DL,7,D,SLC,,62.05,2950,4754,65.16,5.00%,0.053217397579059404,3097.5,4754,Cascaded,2027,3097.5,4754
D0,DL/DL/7/D,SMF,6.0,,DL,DL,7,D,SMF,,79.49,283,356,83.47,5.00%,0.005105262208431801,297.15,356,Cascaded,2027,297.15000000000003,356
D0,DL/DL/7/D,SNA,6.0,,DL,DL,7,D,SNA,,60.0,237,395,63.0,5.00%,0.004275431602114264,248.85,395,Cascaded,2027,248.85,395
D0,DL/DL/7/D,SRQ,6.0,,DL,DL,7,D,SRQ,,73.22,175,239,76.88,5.00%,0.003156964263164541,183.75,239,Cascaded,2027,183.75,239
D0,DL/DL/7/D,STL,6.0,,DL,DL,7,D,STL,,73.31,368,502,76.97,5.00%,0.006638644850540292,386.4,502,Cascaded,2027,386.40000000000003,502
D0,DL/DL/7/D,STT,6.0,,DL,DL,7,D,STT,,65.98,64,97,69.28,5.00%,0.0011545469305287465,67.2,97,Cascaded,2027,67.2,97
D0,DL/DL/7/D,STX,6.0,,DL,DL,7,D,STX,,0.0,0,4,0.0,0.00%,0.0,0.0,4,Cascaded,2027,0.0,4
D0,DL/DL/7/D,SYR,6.0,,DL,DL,7,D,SYR,,73.11,87,119,76.76,5.00%,0.0015694622336875146,91.35,119,Cascaded,2027,91.35000000000001,119
D0,DL/DL/7/D,TLH,6.0,,DL,DL,7,D,TLH,,76.47,104,136,80.29,5.00%,0.0018761387621092128,109.2,136,Cascaded,2027,109.2,136
D0,DL/DL/7/D,TPA,6.0,,DL,DL,7,D,TPA,,53.75,624,1161,56.43,5.00%,0.011256832572655277,655.2,1161,Cascaded,2027,655.2,1161
D0,DL/DL/7/D,TRI,6.0,,DL,DL,7,D,TRI,,60.34,35,58,63.36,5.00%,0.0006313928526329082,36.75,58,Cascaded,2027,36.75,58
D0,DL/DL/7/D,TUL,6.0,,DL,DL,7,D,TUL,,63.19,91,144,66.35,5.00%,0.0016416214168455613,95.55,144,Cascaded,2027,95.55,144
D0,DL/DL/7/D,TUS,6.0,,DL,DL,7,D,TUS,,90.32,56,62,94.84,5.00%,0.0010102285642126531,58.8,62,Cascaded,2027,58.800000000000004,62
D0,DL/DL/7/D,TVC,6.0,,DL,DL,7,D,TVC,,58.06,36,62,60.97,5.00%,0.0006494326484224198,37.8,62,Cascaded,2027,37.800000000000004,62
D0,DL/DL/7/D,TYS,6.0,,DL,DL,7,D,TYS,,55.13,86,156,57.88,5.00%,0.001551422437898003,90.3,156,Cascaded,2027,90.3,156
D0,DL/DL/7/D,VPS,6.0,,DL,DL,7,D,VPS,,68.34,177,259,71.76,5.00%,0.003193043854743564,185.85,259,Cascaded,2027,185.85,259
D0,DL/DL/7/D,XNA,6.0,,DL,DL,7,D,XNA,,74.6,47,63,78.33,5.00%,0.0008478704021070481,49.35,63,Cascaded,2027,49.35,63
D0,DL/DL/7/I,ACC,6.0,,DL,DL,7,I,ACC,,48.39,15,31,50.81,5.00%,0.0019901817699349874,15.75,31,Cascaded,2027,15.75,31
D0,DL/DL/7/I,AMS,6.0,,DL,DL,7,I,AMS,,26.47,135,510,27.79,5.00%,0.017911635929414887,141.75,510,Cascaded,2027,141.75,510
D0,DL/DL/7/I,ANU,6.0,,DL,DL,7,I,ANU,,50.0,2,4,52.5,5.00%,0.00026535756932466497,2.1,4,Cascaded,2027,2.1,4
D0,DL/DL/7/I,ARN,6.0,,DL,DL,7,I,ARN,,54.84,17,31,57.58,5.00%,0.0022555393392596525,17.85,31,Cascaded,2027,17.85,31
D0,DL/DL/7/I,ATH,6.0,,DL,DL,7,I,ATH,,64.63,95,147,67.86,5.00%,0.012604484542921587,99.75,147,Cascaded,2027,99.75,147
D0,DL/DL/7/I,ATL,6.0,,DL,DL,7,I,ATL,,51.71,1425,2756,54.29,5.00%,0.1890672681438238,1496.25,2756,Cascaded,2027,1496.25,2756
D0,DL/DL/7/I,AUA,6.0,,DL,DL,7,I,AUA,,60.61,40,66,63.64,5.00%,0.0053071513864933,42.0,66,Cascaded,2027,42.0,66
D0,DL/DL/7/I,BCN,6.0,,DL,DL,7,I,BCN,,51.4,55,107,53.97,5.00%,0.0072973331564282875,57.75,107,Cascaded,2027,57.75,107
D0,DL/DL/7/I,BDA,6.0,,DL,DL,7,I,BDA,,76.67,23,30,80.5,5.00%,0.0030516120472336475,24.15,30,Cascaded,2027,24.150000000000002,30
D0,DL/DL/7/I,BER,6.0,,DL,DL,7,I,BER,,45.16,14,31,47.42,5.00%,0.001857502985272655,14.7,31,Cascaded,2027,14.700000000000001,31
D0,DL/DL/7/I,BGI,6.0,,DL,DL,7,I,BGI,,67.74,21,31,71.13,5.00%,0.0027862544779089825,22.05,31,Cascaded,2027,22.05,31
D0,DL/DL/7/I,BOG,6.0,,DL,DL,7,I,BOG,,69.35,43,62,72.82,5.00%,0.005705187740480297,45.15,62,Cascaded,2027,45.150000000000006,62
D0,DL/DL/7/I,BON,6.0,,DL,DL,7,I,BON,,50.0,2,4,52.5,5.00%,0.00026535756932466497,2.1,4,Cascaded,2027,2.1,4
D0,DL/DL/7/I,BOS,6.0,,DL,DL,7,I,BOS,,57.99,196,338,60.89,5.00%,0.026005041793817168,205.8,338,Cascaded,2027,205.8,338
D0,DL/DL/7/I,BRU,6.0,,DL,DL,7,I,BRU,,32.26,10,31,33.87,5.00%,0.001326787846623325,10.5,31,Cascaded,2027,10.5,31
D0,DL/DL/7/I,BZE,6.0,,DL,DL,7,I,BZE,,80.65,25,31,84.68,5.00%,0.003316969616558312,26.25,31,Cascaded,2027,26.25,31
D0,DL/DL/7/I,CDG,6.0,,DL,DL,7,I,CDG,,20.05,83,414,21.05,5.00%,0.011012339126973598,87.15,414,Cascaded,2027,87.15,414
D0,DL/DL/7/I,CPH,6.0,,DL,DL,7,I,CPH,,65.91,29,44,69.2,5.00%,0.003847684755207642,30.45,44,Cascaded,2027,30.450000000000003,44
D0,DL/DL/7/I,CPT,6.0,,DL,DL,7,I,CPT,,53.85,7,13,56.54,5.00%,0.0009287514926363275,7.35,13,Cascaded,2027,7.3500000000000005,13
D0,DL/DL/7/I,CTA,6.0,,DL,DL,7,I,CTA,,58.06,18,31,60.97,5.00%,0.0023882181239219848,18.9,31,Cascaded,2027,18.900000000000002,31
D0,DL/DL/7/I,CTG,6.0,,DL,DL,7,I,CTG,,78.57,11,14,82.5,5.00%,0.0014594666312856574,11.55,14,Cascaded,2027,11.55,14
D0,DL/DL/7/I,CUN,6.0,,DL,DL,7,I,CUN,,72.81,316,434,76.45,5.00%,0.04192649595329707,331.8,434,Cascaded,2027,331.8,434
D0,DL/DL/7/I,CUR,6.0,,DL,DL,7,I,CUR,,66.67,8,12,70.0,5.00%,0.0010614302772986599,8.4,12,Cascaded,2027,8.4,12
D0,DL/DL/7/I,CVG,6.0,,DL,DL,7,I,CVG,,12.9,4,31,13.55,5.00%,0.0005307151386493299,4.2,31,Cascaded,2027,4.2,31
D0,DL/DL/7/I,DSS,6.0,,DL,DL,7,I,DSS,,23.08,3,13,24.23,5.00%,0.0003980363539869975,3.15,13,Cascaded,2027,3.1500000000000004,13
D0,DL/DL/7/I,DTW,6.0,,DL,DL,7,I,DTW,,61.88,310,501,64.97,5.00%,0.041130423245323074,325.5,501,Cascaded,2027,325.5,501
D0,DL/DL/7/I,DUB,6.0,,DL,DL,7,I,DUB,,74.1,103,139,77.81,5.00%,0.013665914820220247,108.15,139,Cascaded,2027,108.15,139
D0,DL/DL/7/I,EDI,6.0,,DL,DL,7,I,EDI,,52.83,56,106,55.47,5.00%,0.00743001194109062,58.8,106,Cascaded,2027,58.800000000000004,106
D0,DL/DL/7/I,EZE,6.0,,DL,DL,7,I,EZE,,66.67,20,30,70.0,5.00%,0.00265357569324665,21.0,30,Cascaded,2027,21.0,30
D0,DL/DL/7/I,FCO,6.0,,DL,DL,7,I,FCO,,56.64,128,226,59.47,5.00%,0.016982884436778558,134.4,226,Cascaded,2027,134.4,226
D0,DL/DL/7/I,FRA,6.0,,DL,DL,7,I,FRA,,57.14,52,91,60.0,5.00%,0.00689929680244129,54.6,91,Cascaded,2027,54.6,91
D0,DL/DL/7/I,GCM,6.0,,DL,DL,7,I,GCM,,80.65,25,31,84.68,5.00%,0.003316969616558312,26.25,31,Cascaded,2027,26.25,31
D0,DL/DL/7/I,GDL,6.0,,DL,DL,7,I,GDL,,93.55,29,31,98.23,5.00%,0.003847684755207642,30.45,31,Cascaded,2027,30.450000000000003,31
D0,DL/DL/7/I,GIG,6.0,,DL,DL,7,I,GIG,,94.44,17,18,99.17,5.00%,0.0022555393392596525,17.85,18,Cascaded,2027,17.85,18
D0,DL/DL/7/I,GRU,6.0,,DL,DL,7,I,GRU,,78.49,73,93,82.42,5.00%,0.009685551280350271,76.65,93,Cascaded,2027,76.65,93
D0,DL/DL/7/I,GUA,6.0,,DL,DL,7,I,GUA,,70.97,22,31,74.52,5.00%,0.002918933262571315,23.1,31,Cascaded,2027,23.1,31
D0,DL/DL/7/I,GVA,6.0,,DL,DL,7,I,GVA,,48.39,15,31,50.81,5.00%,0.0019901817699349874,15.75,31,Cascaded,2027,15.75,31
D0,DL/DL/7/I,HAV,6.0,,DL,DL,7,I,HAV,,62.9,39,62,66.05,5.00%,0.005174472601830967,40.95,62,Cascaded,2027,40.95,62
D0,DL/DL/7/I,HND,6.0,,DL,DL,7,I,HND,,68.54,122,178,71.97,5.00%,0.016186811728804564,128.1,178,Cascaded,2027,128.1,178
D0,DL/DL/7/I,HNL,6.0,,DL,DL,7,I,HNL,,80.0,24,30,84.0,5.00%,0.00318429083189598,25.2,30,Cascaded,2027,25.200000000000003,30
D0,DL/DL/7/I,ICN,6.0,,DL,DL,7,I,ICN,,56.35,102,181,59.17,5.00%,0.013533236035557915,107.1,181,Cascaded,2027,107.10000000000001,181
D0,DL/DL/7/I,JFK,6.0,,DL,DL,7,I,JFK,,57.41,860,1498,60.28,5.00%,0.11410375480960594,903.0,1498,Cascaded,2027,903.0,1498
D0,DL/DL/7/I,JNB,6.0,,DL,DL,7,I,JNB,,58.06,18,31,60.97,5.00%,0.0023882181239219848,18.9,31,Cascaded,2027,18.900000000000002,31
D0,DL/DL/7/I,KEF,6.0,,DL,DL,7,I,KEF,,53.57,45,84,56.25,5.00%,0.005970545309804962,47.25,84,Cascaded,2027,47.25,84
D0,DL/DL/7/I,KIN,6.0,,DL,DL,7,I,KIN,,64.52,20,31,67.74,5.00%,0.00265357569324665,21.0,31,Cascaded,2027,21.0,31
D0,DL/DL/7/I,LAX,6.0,,DL,DL,7,I,LAX,,71.98,167,232,75.58,5.00%,0.022157357038609528,175.35,232,Cascaded,2027,175.35000000000002,232
D0,DL/DL/7/I,LGW,6.0,,DL,DL,7,I,LGW,,45.16,14,31,47.42,5.00%,0.001857502985272655,14.7,31,Cascaded,2027,14.700000000000001,31
D0,DL/DL/7/I,LHR,6.0,,DL,DL,7,I,LHR,,56.29,170,302,59.11,5.00%,0.022555393392596525,178.5,302,Cascaded,2027,178.5,302
D0,DL/DL/7/I,LIM,6.0,,DL,DL,7,I,LIM,,27.59,8,29,28.97,5.00%,0.0010614302772986599,8.4,29,Cascaded,2027,8.4,29
D0,DL/DL/7/I,LIR,6.0,,DL,DL,7,I,LIR,,100.0,35,35,105.0,5.00%,0.004643757463181637,36.75,35,Cascaded,2027,36.75,35
D0,DL/DL/7/I,LIS,6.0,,DL,DL,7,I,LIS,,14.75,9,61,15.49,5.00%,0.0011941090619609924,9.45,61,Cascaded,2027,9.450000000000001,61
D0,DL/DL/7/I,LOS,6.0,,DL,DL,7,I,LOS,,6.67,2,30,7.0,5.00%,0.00026535756932466497,2.1,30,Cascaded,2027,2.1,30
D0,DL/DL/7/I,MAD,6.0,,DL,DL,7,I,MAD,,64.52,40,62,67.74,5.00%,0.0053071513864933,42.0,62,Cascaded,2027,42.0,62
D0,DL/DL/7/I,MBJ,6.0,,DL,DL,7,I,MBJ,,59.38,76,128,62.34,5.00%,0.01008358763433727,79.8,128,Cascaded,2027,79.8,128
D0,DL/DL/7/I,MEX,6.0,,DL,DL,7,I,MEX,,81.94,254,310,86.03,5.00%,0.03370041130423245,266.7,310,Cascaded,2027,266.7,310
D0,DL/DL/7/I,MIA,6.0,,DL,DL,7,I,MIA,,33.87,21,62,35.56,5.00%,0.0027862544779089825,22.05,62,Cascaded,2027,22.05,62
D0,DL/DL/7/I,MSP,6.0,,DL,DL,7,I,MSP,,55.07,315,572,57.82,5.00%,0.041793817168634735,330.75,572,Cascaded,2027,330.75,572
D0,DL/DL/7/I,MTY,6.0,,DL,DL,7,I,MTY,,70.97,22,31,74.52,5.00%,0.002918933262571315,23.1,31,Cascaded,2027,23.1,31
D0,DL/DL/7/I,MUC,6.0,,DL,DL,7,I,MUC,,45.9,28,61,48.2,5.00%,0.00371500597054531,29.4,61,Cascaded,2027,29.400000000000002,61
D0,DL/DL/7/I,MXP,6.0,,DL,DL,7,I,MXP,,35.29,36,102,37.06,5.00%,0.0047764362478439695,37.8,102,Cascaded,2027,37.800000000000004,102
D0,DL/DL/7/I,NAP,6.0,,DL,DL,7,I,NAP,,40.43,19,47,42.45,5.00%,0.0025208969085843175,19.95,47,Cascaded,2027,19.95,47
D0,DL/DL/7/I,NAS,6.0,,DL,DL,7,I,NAS,,85.48,106,124,89.76,5.00%,0.014063951174207244,111.3,124,Cascaded,2027,111.30000000000001,124
D0,DL/DL/7/I,NCE,6.0,,DL,DL,7,I,NCE,,37.1,23,62,38.95,5.00%,0.0030516120472336475,24.15,62,Cascaded,2027,24.150000000000002,62
D0,DL/DL/7/I,PLS,6.0,,DL,DL,7,I,PLS,,87.18,34,39,91.54,5.00%,0.004511078678519305,35.7,39,Cascaded,2027,35.7,39
D0,DL/DL/7/I,PRG,6.0,,DL,DL,7,I,PRG,,64.52,20,31,67.74,5.00%,0.00265357569324665,21.0,31,Cascaded,2027,21.0,31
D0,DL/DL/7/I,PTY,6.0,,DL,DL,7,I,PTY,,76.92,30,39,80.77,5.00%,0.003980363539869975,31.5,39,Cascaded,2027,31.5,39
D0,DL/DL/7/I,PUJ,6.0,,DL,DL,7,I,PUJ,,64.39,85,132,67.61,5.00%,0.011277696696298262,89.25,132,Cascaded,2027,89.25,132
D0,DL/DL/7/I,PVG,6.0,,DL,DL,7,I,PVG,,86.3,63,73,90.62,5.00%,0.008358763433726947,66.15,73,Cascaded,2027,66.15,73
D0,DL/DL/7/I,PVR,6.0,,DL,DL,7,I,PVR,,84.91,90,106,89.15,5.00%,0.011941090619609924,94.5,106,Cascaded,2027,94.5,106
D0,DL/DL/7/I,RTB,6.0,,DL,DL,7,I,RTB,,100.0,4,4,105.0,5.00%,0.0005307151386493299,4.2,4,Cascaded,2027,4.2,4
D0,DL/DL/7/I,SAL,6.0,,DL,DL,7,I,SAL,,77.42,24,31,81.29,5.00%,0.00318429083189598,25.2,31,Cascaded,2027,25.200000000000003,31
D0,DL/DL/7/I,SAP,6.0,,DL,DL,7,I,SAP,,54.84,17,31,57.58,5.00%,0.0022555393392596525,17.85,31,Cascaded,2027,17.85,31
D0,DL/DL/7/I,SCL,6.0,,DL,DL,7,I,SCL,,54.84,17,31,57.58,5.00%,0.0022555393392596525,17.85,31,Cascaded,2027,17.85,31
D0,DL/DL/7/I,SDQ,6.0,,DL,DL,7,I,SDQ,,60.66,74,122,63.69,5.00%,0.009818230065012604,77.7,122,Cascaded,2027,77.7,122
D0,DL/DL/7/I,SEA,6.0,,DL,DL,7,I,SEA,,63.64,196,308,66.82,5.00%,0.026005041793817168,205.8,308,Cascaded,2027,205.8,308
D0,DL/DL/7/I,SJD,6.0,,DL,DL,7,I,SJD,,65.25,77,118,68.52,5.00%,0.010216266418999602,80.85,118,Cascaded,2027,80.85000000000001,118
D0,DL/DL/7/I,SJO,6.0,,DL,DL,7,I,SJO,,56.41,22,39,59.23,5.00%,0.002918933262571315,23.1,39,Cascaded,2027,23.1,39
D0,DL/DL/7/I,SKB,6.0,,DL,DL,7,I,SKB,,0.0,0,4,0.0,0.00%,0.0,0.0,4,Cascaded,2027,0.0,4
D0,DL/DL/7/I,SLC,6.0,,DL,DL,7,I,SLC,,73.43,199,271,77.1,5.00%,0.026403078147804165,208.95,271,Cascaded,2027,208.95000000000002,271
D0,DL/DL/7/I,SNN,6.0,,DL,DL,7,I,SNN,,77.42,24,31,81.29,5.00%,0.00318429083189598,25.2,31,Cascaded,2027,25.200000000000003,31
D0,DL/DL/7/I,STI,6.0,,DL,DL,7,I,STI,,68.48,63,92,71.9,5.00%,0.008358763433726947,66.15,92,Cascaded,2027,66.15,92
D0,DL/DL/7/I,SXM,6.0,,DL,DL,7,I,SXM,,54.29,19,35,57.0,5.00%,0.0025208969085843175,19.95,35,Cascaded,2027,19.95,35
D0,DL/DL/7/I,SYD,6.0,,DL,DL,7,I,SYD,,61.29,19,31,64.35,5.00%,0.0025208969085843175,19.95,31,Cascaded,2027,19.95,31
D0,DL/DL/7/I,TPA,6.0,,DL,DL,7,I,TPA,,44.44,8,18,46.67,5.00%,0.0010614302772986599,8.4,18,Cascaded,2027,8.4,18
D0,DL/DL/7/I,TPE,6.0,,DL,DL,7,I,TPE,,64.52,20,31,67.74,5.00%,0.00265357569324665,21.0,31,Cascaded,2027,21.0,31
D0,DL/DL/7/I,TQO,6.0,,DL,DL,7,I,TQO,,83.87,26,31,88.06,5.00%,0.003449648401220645,27.3,31,Cascaded,2027,27.3,31
D0,DL/DL/7/I,UIO,6.0,,DL,DL,7,I,UIO,,77.42,24,31,81.29,5.00%,0.00318429083189598,25.2,31,Cascaded,2027,25.200000000000003,31
D0,DL/DL/7/I,UVF,6.0,,DL,DL,7,I,UVF,,58.06,18,31,60.97,5.00%,0.0023882181239219848,18.9,31,Cascaded,2027,18.900000000000002,31
D0,DL/DL/7/I,VCE,6.0,,DL,DL,7,I,VCE,,61.33,46,75,64.4,5.00%,0.006103224094467295,48.3,75,Cascaded,2027,48.300000000000004,75
D0,DL/DL/7/I,YUL,6.0,,DL,DL,7,I,YUL,,57.95,51,88,60.85,5.00%,0.006766618017778957,53.55,88,Cascaded,2027,53.550000000000004,88
D0,DL/DL/7/I,YVR,6.0,,DL,DL,7,I,YVR,,74.12,63,85,77.82,5.00%,0.008358763433726947,66.15,85,Cascaded,2027,66.15,85
D0,DL/DL/7/I,YYC,6.0,,DL,DL,7,I,YYC,,45.16,28,62,47.42,5.00%,0.00371500597054531,29.4,62,Cascaded,2027,29.400000000000002,62
D0,DL/DL/7/I,YYZ,6.0,,DL,DL,7,I,YYZ,,52.16,121,232,54.76,5.00%,0.016054132944142232,127.05,232,Cascaded,2027,127.05000000000001,232
D0,DL/DL/7/I,ZRH,6.0,,DL,DL,7,I,ZRH,,54.1,33,61,56.8,5.00%,0.004378399893856973,34.65,61,Cascaded,2027,34.65,61
D0,DL/DL/8/D,ABQ,6.0,,DL,DL,8,D,ABQ,,85.59,95,111,89.86,5.00%,0.0015425583736563505,99.75,111,Cascaded,2027,99.75,111
D0,DL/DL/8/D,AGS,6.0,,DL,DL,8,D,AGS,,65.08,41,63,68.33,5.00%,0.0006657357191569512,43.05,63,Cascaded,2027,43.050000000000004,63
D0,DL/DL/8/D,ALB,6.0,,DL,DL,8,D,ALB,,64.46,78,121,67.69,5.00%,0.0012665216120546878,81.9,121,Cascaded,2027,81.9,121
D0,DL/DL/8/D,ANC,6.0,,DL,DL,8,D,ANC,,64.49,227,352,67.71,5.00%,0.0036859026402104376,238.35,352,Cascaded,2027,238.35000000000002,352
D0,DL/DL/8/D,ATL,6.0,,DL,DL,8,D,ATL,,65.59,13558,20671,68.87,5.00%,0.2201474361056084,14235.9,20671,Cascaded,2027,14235.900000000001,20671
D0,DL/DL/8/D,ATW,6.0,,DL,DL,8,D,ATW,,80.65,25,31,84.68,5.00%,0.00040593641412009225,26.25,31,Cascaded,2027,26.25,31
D0,DL/DL/8/D,AUS,6.0,,DL,DL,8,D,AUS,,65.76,726,1104,69.05,5.00%,0.011788393466047478,762.3,1104,Cascaded,2027,762.3000000000001,1104
D0,DL/DL/8/D,AVL,6.0,,DL,DL,8,D,AVL,,59.26,128,216,62.22,5.00%,0.002078394440294872,134.4,216,Cascaded,2027,134.4,216
D0,DL/DL/8/D,BDL,6.0,,DL,DL,8,D,BDL,,62.86,242,385,66.0,5.00%,0.003929464488682493,254.1,385,Cascaded,2027,254.10000000000002,385
D0,DL/DL/8/D,BGR,6.0,,DL,DL,8,D,BGR,,40.0,2,5,42.0,5.00%,3.2474913129607376e-05,2.1,5,Cascaded,2027,2.1,5
D0,DL/DL/8/D,BHM,6.0,,DL,DL,8,D,BHM,,77.29,194,251,81.16,5.00%,0.0031500665735719156,203.7,251,Cascaded,2027,203.70000000000002,251
D0,DL/DL/8/D,BIL,6.0,,DL,DL,8,D,BIL,,90.48,57,63,95.0,5.00%,0.0009255350241938103,59.85,63,Cascaded,2027,59.85,63
D0,DL/DL/8/D,BIS,6.0,,DL,DL,8,D,BIS,,67.24,39,58,70.6,5.00%,0.0006332608060273439,40.95,58,Cascaded,2027,40.95,58
D0,DL/DL/8/D,BNA,6.0,,DL,DL,8,D,BNA,,80.45,679,844,84.47,5.00%,0.011025233007501705,712.95,844,Cascaded,2027,712.95,844
D0,DL/DL/8/D,BOI,6.0,,DL,DL,8,D,BOI,,73.0,173,237,76.65,5.00%,0.0028090799857110383,181.65,237,Cascaded,2027,181.65,237
D0,DL/DL/8/D,BOS,6.0,,DL,DL,8,D,BOS,,68.82,1567,2277,72.26,5.00%,0.02544409443704738,1645.35,2277,Cascaded,2027,1645.3500000000001,2277
D0,DL/DL/8/D,BTR,6.0,,DL,DL,8,D,BTR,,69.77,60,86,73.26,5.00%,0.0009742473938882213,63.0,86,Cascaded,2027,63.0,86
D0,DL/DL/8/D,BTV,6.0,,DL,DL,8,D,BTV,,62.86,22,35,66.0,5.00%,0.0003572240444256812,23.1,35,Cascaded,2027,23.1,35
D0,DL/DL/8/D,BUF,6.0,,DL,DL,8,D,BUF,,59.3,102,172,62.27,5.00%,0.0016562205696099763,107.1,172,Cascaded,2027,107.10000000000001,172
D0,DL/DL/8/D,BUR,6.0,,DL,DL,8,D,BUR,,69.35,43,62,72.82,5.00%,0.0006982106322865586,45.15,62,Cascaded,2027,45.150000000000006,62
D0,DL/DL/8/D,BWI,6.0,,DL,DL,8,D,BWI,,69.2,328,474,72.66,5.00%,0.00532588575325561,344.4,474,Cascaded,2027,344.40000000000003,474
D0,DL/DL/8/D,BZN,6.0,,DL,DL,8,D,BZN,,76.33,158,207,80.14,5.00%,0.002565518137238983,165.9,207,Cascaded,2027,165.9,207
D0,DL/DL/8/D,CAE,6.0,,DL,DL,8,D,CAE,,75.16,121,161,78.91,5.00%,0.0019647322443412463,127.05,161,Cascaded,2027,127.05000000000001,161
D0,DL/DL/8/D,CHA,6.0,,DL,DL,8,D,CHA,,62.16,69,111,65.27,5.00%,0.0011203845029714545,72.45,111,Cascaded,2027,72.45,111
D0,DL/DL/8/D,CHS,6.0,,DL,DL,8,D,CHS,,76.01,301,396,79.81,5.00%,0.00488747442600591,316.05,396,Cascaded,2027,316.05,396
D0,DL/DL/8/D,CID,6.0,,DL,DL,8,D,CID,,83.87,26,31,88.06,5.00%,0.0004221738706848959,27.3,31,Cascaded,2027,27.3,31
D0,DL/DL/8/D,CLE,6.0,,DL,DL,8,D,CLE,,76.42,282,369,80.24,5.00%,0.00457896275127464,296.1,369,Cascaded,2027,296.1,369
D0,DL/DL/8/D,CLT,6.0,,DL,DL,8,D,CLT,,72.76,358,492,76.4,5.00%,0.0058130094501997204,375.9,492,Cascaded,2027,375.90000000000003,492
D0,DL/DL/8/D,CMH,6.0,,DL,DL,8,D,CMH,,81.74,300,367,85.83,5.00%,0.0048712369694411065,315.0,367,Cascaded,2027,315.0,367
D0,DL/DL/8/D,COS,6.0,,DL,DL,8,D,COS,,77.11,64,83,80.96,5.00%,0.001039197220147436,67.2,83,Cascaded,2027,67.2,83
D0,DL/DL/8/D,CVG,6.0,,DL,DL,8,D,CVG,,72.9,503,690,76.54,5.00%,0.008167440652096255,528.15,690,Cascaded,2027,528.15,690
D0,DL/DL/8/D,DAB,6.0,,DL,DL,8,D,DAB,,68.5,87,127,71.93,5.00%,0.0014126587211379209,91.35,127,Cascaded,2027,91.35000000000001,127
D0,DL/DL/8/D,DAL,6.0,,DL,DL,8,D,DAL,,72.73,120,165,76.36,5.00%,0.0019484947877764427,126.0,165,Cascaded,2027,126.0,165
D0,DL/DL/8/D,DAY,6.0,,DL,DL,8,D,DAY,,76.58,85,111,80.41,5.00%,0.0013801838080083136,89.25,111,Cascaded,2027,89.25,111
D0,DL/DL/8/D,DCA,6.0,,DL,DL,8,D,DCA,,66.45,523,787,69.78,5.00%,0.008492189783392329,549.15,787,Cascaded,2027,549.15,787
D0,DL/DL/8/D,DEN,6.0,,DL,DL,8,D,DEN,,61.14,642,1050,64.2,5.00%,0.010424447114603969,674.1,1050,Cascaded,2027,674.1,1050
D0,DL/DL/8/D,DFW,6.0,,DL,DL,8,D,DFW,,65.67,681,1037,68.95,5.00%,0.011057707920631312,715.05,1037,Cascaded,2027,715.0500000000001,1037
D0,DL/DL/8/D,DJT,6.0,,DL,DL,8,D,DJT,,66.61,361,542,69.94,5.00%,0.005861721819894132,379.05,542,Cascaded,2027,379.05,542
D0,DL/DL/8/D,DLH,6.0,,DL,DL,8,D,DLH,,100.0,2,2,105.0,5.00%,3.2474913129607376e-05,2.1,2,Cascaded,2027,2.1,2
D0,DL/DL/8/D,DSM,6.0,,DL,DL,8,D,DSM,,74.14,86,116,77.84,5.00%,0.0013964212645731172,90.3,116,Cascaded,2027,90.30000000000001,116
D0,DL/DL/8/D,DTW,6.0,,DL,DL,8,D,DTW,,67.07,3455,5151,70.43,5.00%,0.05610041243139675,3627.75,5151,Cascaded,2027,3627.75,5151
D0,DL/DL/8/D,ECP,6.0,,DL,DL,8,D,ECP,,67.3,142,211,70.66,5.00%,0.002305718832202124,149.1,211,Cascaded,2027,149.1,211
D0,DL/DL/8/D,ELP,6.0,,DL,DL,8,D,ELP,,74.14,43,58,77.84,5.00%,0.0006982106322865586,45.15,58,Cascaded,2027,45.150000000000006,58
D0,DL/DL/8/D,EWR,6.0,,DL,DL,8,D,EWR,,59.26,352,594,62.22,5.00%,0.005715584710810899,369.6,594,Cascaded,2027,369.6,594
D0,DL/DL/8/D,EYW,6.0,,DL,DL,8,D,EYW,,66.94,83,124,70.28,5.00%,0.0013477088948787063,87.15,124,Cascaded,2027,87.15,124
D0,DL/DL/8/D,FAI,6.0,,DL,DL,8,D,FAI,,58.87,73,124,61.81,5.00%,0.0011853343292306693,76.65,124,Cascaded,2027,76.65,124
D0,DL/DL/8/D,FAR,6.0,,DL,DL,8,D,FAR,,88.71,55,62,93.15,5.00%,0.0008930601110642029,57.75,62,Cascaded,2027,57.75,62
D0,DL/DL/8/D,FAT,6.0,,DL,DL,8,D,FAT,,84.0,21,25,88.2,5.00%,0.0003409865878608775,22.05,25,Cascaded,2027,22.05,25
D0,DL/DL/8/D,FAY,6.0,,DL,DL,8,D,FAY,,75.0,6,8,78.75,5.00%,9.742473938882214e-05,6.3,8,Cascaded,2027,6.300000000000001,8
D0,DL/DL/8/D,FCA,6.0,,DL,DL,8,D,FCA,,80.65,75,93,84.68,5.00%,0.0012178092423602766,78.75,93,Cascaded,2027,78.75,93
D0,DL/DL/8/D,FLL,6.0,,DL,DL,8,D,FLL,,56.87,530,932,59.71,5.00%,0.008605851979345954,556.5,932,Cascaded,2027,556.5,932
D0,DL/DL/8/D,FSD,6.0,,DL,DL,8,D,FSD,,88.71,55,62,93.15,5.00%,0.0008930601110642029,57.75,62,Cascaded,2027,57.75,62
D0,DL/DL/8/D,GEG,6.0,,DL,DL,8,D,GEG,,73.28,170,232,76.94,5.00%,0.002760367616016627,178.5,232,Cascaded,2027,178.5,232
D0,DL/DL/8/D,GNV,6.0,,DL,DL,8,D,GNV,,72.03,103,143,75.63,5.00%,0.00167245802617478,108.15,143,Cascaded,2027,108.15,143
D0,DL/DL/8/D,GPT,6.0,,DL,DL,8,D,GPT,,79.65,90,113,83.63,5.00%,0.001461371090832332,94.5,113,Cascaded,2027,94.5,113
D0,DL/DL/8/D,GRB,6.0,,DL,DL,8,D,GRB,,93.55,29,31,98.23,5.00%,0.00047088624037930696,30.45,31,Cascaded,2027,30.450000000000003,31
D0,DL/DL/8/D,GRR,6.0,,DL,DL,8,D,GRR,,80.72,134,166,84.76,5.00%,0.0021758191796836944,140.7,166,Cascaded,2027,140.70000000000002,166
D0,DL/DL/8/D,GSO,6.0,,DL,DL,8,D,GSO,,79.03,196,248,82.98,5.00%,0.003182541486701523,205.8,248,Cascaded,2027,205.8,248
D0,DL/DL/8/D,GSP,6.0,,DL,DL,8,D,GSP,,79.0,222,281,82.95,5.00%,0.003604715357386419,233.1,281,Cascaded,2027,233.10000000000002,281
D0,DL/DL/8/D,HNL,6.0,,DL,DL,8,D,HNL,,79.22,244,308,83.18,5.00%,0.0039619394018121,256.2,308,Cascaded,2027,256.2,308
D0,DL/DL/8/D,HOU,6.0,,DL,DL,8,D,HOU,,69.23,90,130,72.69,5.00%,0.001461371090832332,94.5,130,Cascaded,2027,94.5,130
D0,DL/DL/8/D,HPN,6.0,,DL,DL,8,D,HPN,,63.93,39,61,67.13,5.00%,0.0006332608060273439,40.95,61,Cascaded,2027,40.95,61
D0,DL/DL/8/D,HSV,6.0,,DL,DL,8,D,HSV,,78.31,148,189,82.22,5.00%,0.002403143571590946,155.4,189,Cascaded,2027,155.4,189
D0,DL/DL/8/D,IAD,6.0,,DL,DL,8,D,IAD,,65.86,164,249,69.16,5.00%,0.002662942876627805,172.2,249,Cascaded,2027,172.20000000000002,249
D0,DL/DL/8/D,IAH,6.0,,DL,DL,8,D,IAH,,68.74,475,691,72.18,5.00%,0.007712791868281752,498.75,691,Cascaded,2027,498.75,691
D0,DL/DL/8/D,ICT,6.0,,DL,DL,8,D,ICT,,70.69,82,116,74.22,5.00%,0.0013314714383139024,86.1,116,Cascaded,2027,86.10000000000001,116
D0,DL/DL/8/D,IDA,6.0,,DL,DL,8,D,IDA,,83.87,26,31,88.06,5.00%,0.0004221738706848959,27.3,31,Cascaded,2027,27.3,31
D0,DL/DL/8/D,ILM,6.0,,DL,DL,8,D,ILM,,66.93,85,127,70.28,5.00%,0.0013801838080083136,89.25,127,Cascaded,2027,89.25,127
D0,DL/DL/8/D,IND,6.0,,DL,DL,8,D,IND,,83.05,348,419,87.21,5.00%,0.0056506348845516835,365.4,419,Cascaded,2027,365.40000000000003,419
D0,DL/DL/8/D,JAC,6.0,,DL,DL,8,D,JAC,,61.25,49,80,64.31,5.00%,0.0007956353716753807,51.45,80,Cascaded,2027,51.45,80
D0,DL/DL/8/D,JAN,6.0,,DL,DL,8,D,JAN,,82.01,155,189,86.11,5.00%,0.0025168057675445717,162.75,189,Cascaded,2027,162.75,189
D0,DL/DL/8/D,JAX,6.0,,DL,DL,8,D,JAX,,64.95,278,428,68.2,5.00%,0.004514012925015426,291.9,428,Cascaded,2027,291.90000000000003,428
D0,DL/DL/8/D,JFK,6.0,,DL,DL,8,D,JFK,,70.72,1860,2630,74.26,5.00%,0.03020166921053486,1953.0,2630,Cascaded,2027,1953.0,2630
D0,DL/DL/8/D,JNU,6.0,,DL,DL,8,D,JNU,,87.1,27,31,91.45,5.00%,0.0004384113272496996,28.35,31,Cascaded,2027,28.35,31
D0,DL/DL/8/D,KOA,6.0,,DL,DL,8,D,KOA,,77.42,48,62,81.29,5.00%,0.0007793979151105771,50.4,62,Cascaded,2027,50.400000000000006,62
D0,DL/DL/8/D,LAS,6.0,,DL,DL,8,D,LAS,,71.6,915,1278,75.18,5.00%,0.014857272756795376,960.75,1278,Cascaded,2027,960.75,1278
D0,DL/DL/8/D,LAX,6.0,,DL,DL,8,D,LAX,,72.64,2318,3191,76.27,5.00%,0.03763842431721495,2433.9,3191,Cascaded,2027,2433.9,3191
D0,DL/DL/8/D,LEX,6.0,,DL,DL,8,D,LEX,,83.94,162,193,88.13,5.00%,0.0026304679634981975,170.1,193,Cascaded,2027,170.1,193
D0,DL/DL/8/D,LGA,6.0,,DL,DL,8,D,LGA,,68.6,1678,2446,72.03,5.00%,0.02724645211574059,1761.9,2446,Cascaded,2027,1761.9,2446
D0,DL/DL/8/D,LGB,6.0,,DL,DL,8,D,LGB,,70.97,22,31,74.52,5.00%,0.0003572240444256812,23.1,31,Cascaded,2027,23.1,31
D0,DL/DL/8/D,LIH,6.0,,DL,DL,8,D,LIH,,72.58,45,62,76.21,5.00%,0.000730685545416166,47.25,62,Cascaded,2027,47.25,62
D0,DL/DL/8/D,LIT,6.0,,DL,DL,8,D,LIT,,81.22,160,197,85.28,5.00%,0.00259799305036859,168.0,197,Cascaded,2027,168.0,197
D0,DL/DL/8/D,MCI,6.0,,DL,DL,8,D,MCI,,81.97,573,699,86.07,5.00%,0.009304062611632514,601.65,699,Cascaded,2027,601.65,699
D0,DL/DL/8/D,MCO,6.0,,DL,DL,8,D,MCO,,61.51,997,1621,64.58,5.00%,0.016188744195109277,1046.85,1621,Cascaded,2027,1046.8500000000001,1621
D0,DL/DL/8/D,MDT,6.0,,DL,DL,8,D,MDT,,71.95,59,82,75.55,5.00%,0.0009580099373234177,61.95,82,Cascaded,2027,61.95,82
D0,DL/DL/8/D,MDW,6.0,,DL,DL,8,D,MDW,,70.59,84,119,74.12,5.00%,0.00136394635144351,88.2,119,Cascaded,2027,88.2,119
D0,DL/DL/8/D,MEM,6.0,,DL,DL,8,D,MEM,,76.75,274,357,80.59,5.00%,0.004449063098756211,287.7,357,Cascaded,2027,287.7,357
D0,DL/DL/8/D,MIA,6.0,,DL,DL,8,D,MIA,,54.45,471,865,57.17,5.00%,0.0076478420420225375,494.55,865,Cascaded,2027,494.55,865
D0,DL/DL/8/D,MKE,6.0,,DL,DL,8,D,MKE,,77.34,297,384,81.21,5.00%,0.004822524599746696,311.85,384,Cascaded,2027,311.85,384
D0,DL/DL/8/D,MLB,6.0,,DL,DL,8,D,MLB,,76.03,92,121,79.83,5.00%,0.0014938460039619393,96.6,121,Cascaded,2027,96.60000000000001,121
D0,DL/DL/8/D,MOB,6.0,,DL,DL,8,D,MOB,,67.47,56,83,70.84,5.00%,0.0009092975676290066,58.8,83,Cascaded,2027,58.800000000000004,83
D0,DL/DL/8/D,MSN,6.0,,DL,DL,8,D,MSN,,81.7,125,153,85.78,5.00%,0.0020296820706004613,131.25,153,Cascaded,2027,131.25,153
D0,DL/DL/8/D,MSO,6.0,,DL,DL,8,D,MSO,,74.73,68,91,78.46,5.00%,0.0011041470464066509,71.4,91,Cascaded,2027,71.4,91
D0,DL/DL/8/D,MSP,6.0,,DL,DL,8,D,MSP,,67.86,4177,6155,71.26,5.00%,0.067823856071185,4385.85,6155,Cascaded,2027,4385.85,6155
D0,DL/DL/8/D,MSY,6.0,,DL,DL,8,D,MSY,,74.74,429,574,78.48,5.00%,0.006965868866300783,450.45,574,Cascaded,2027,450.45000000000005,574
D0,DL/DL/8/D,MYR,6.0,,DL,DL,8,D,MYR,,68.63,140,204,72.06,5.00%,0.0022732439190725163,147.0,204,Cascaded,2027,147.0,204
D0,DL/DL/8/D,OGG,6.0,,DL,DL,8,D,OGG,,91.67,66,72,96.25,5.00%,0.0010716721332770436,69.3,72,Cascaded,2027,69.3,72
D0,DL/DL/8/D,OKC,6.0,,DL,DL,8,D,OKC,,76.06,108,142,79.86,5.00%,0.0017536453089987984,113.4,142,Cascaded,2027,113.4,142
D0,DL/DL/8/D,OMA,6.0,,DL,DL,8,D,OMA,,71.53,103,144,75.1,5.00%,0.00167245802617478,108.15,144,Cascaded,2027,108.15,144
D0,DL/DL/8/D,ONT,6.0,,DL,DL,8,D,ONT,,92.27,179,194,96.88,5.00%,0.0029065047250998602,187.95,194,Cascaded,2027,187.95000000000002,194
D0,DL/DL/8/D,ORD,6.0,,DL,DL,8,D,ORD,,61.96,658,1062,65.06,5.00%,0.010684246419640827,690.9,1062,Cascaded,2027,690.9,1062
D0,DL/DL/8/D,ORF,6.0,,DL,DL,8,D,ORF,,69.77,210,301,73.26,5.00%,0.003409865878608775,220.5,301,Cascaded,2027,220.5,301
D0,DL/DL/8/D,PDX,6.0,,DL,DL,8,D,PDX,,70.55,491,696,74.07,5.00%,0.00797259117331861,515.55,696,Cascaded,2027,515.5500000000001,696
D0,DL/DL/8/D,PHL,6.0,,DL,DL,8,D,PHL,,66.49,375,564,69.81,5.00%,0.006089046211801384,393.75,564,Cascaded,2027,393.75,564
D0,DL/DL/8/D,PHX,6.0,,DL,DL,8,D,PHX,,78.41,661,843,82.33,5.00%,0.010732958789335239,694.05,843,Cascaded,2027,694.0500000000001,843
D0,DL/DL/8/D,PIT,6.0,,DL,DL,8,D,PIT,,71.67,210,293,75.26,5.00%,0.003409865878608775,220.5,293,Cascaded,2027,220.5,293
D0,DL/DL/8/D,PNS,6.0,,DL,DL,8,D,PNS,,80.95,204,252,85.0,5.00%,0.0033124411392199526,214.2,252,Cascaded,2027,214.20000000000002,252
D0,DL/DL/8/D,PSC,6.0,,DL,DL,8,D,PSC,,96.77,60,62,101.61,5.00%,0.0009742473938882213,63.0,62,Cascaded,2027,63.0,62
D0,DL/DL/8/D,PVD,6.0,,DL,DL,8,D,PVD,,61.98,75,121,65.08,5.00%,0.0012178092423602766,78.75,121,Cascaded,2027,78.75,121
D0,DL/DL/8/D,PWM,6.0,,DL,DL,8,D,PWM,,55.76,92,165,58.55,5.00%,0.0014938460039619393,96.6,165,Cascaded,2027,96.60000000000001,165
D0,DL/DL/8/D,RAP,6.0,,DL,DL,8,D,RAP,,80.0,4,5,84.0,5.00%,6.494982625921475e-05,4.2,5,Cascaded,2027,4.2,5
D0,DL/DL/8/D,RDU,6.0,,DL,DL,8,D,RDU,,70.1,722,1030,73.6,5.00%,0.011723443639788264,758.1,1030,Cascaded,2027,758.1,1030
D0,DL/DL/8/D,RIC,6.0,,DL,DL,8,D,RIC,,72.76,187,257,76.4,5.00%,0.00303640437761829,196.35,257,Cascaded,2027,196.35000000000002,257
D0,DL/DL/8/D,RNO,6.0,,DL,DL,8,D,RNO,,79.66,94,118,83.64,5.00%,0.0015263209170915469,98.7,118,Cascaded,2027,98.7,118
D0,DL/DL/8/D,ROA,6.0,,DL,DL,8,D,ROA,,90.0,27,30,94.5,5.00%,0.0004384113272496996,28.35,30,Cascaded,2027,28.35,30
D0,DL/DL/8/D,ROC,6.0,,DL,DL,8,D,ROC,,52.81,47,89,55.45,5.00%,0.0007631604585457734,49.35,89,Cascaded,2027,49.35,89
D0,DL/DL/8/D,RSW,6.0,,DL,DL,8,D,RSW,,74.6,370,496,78.33,5.00%,0.006007858928977365,388.5,496,Cascaded,2027,388.5,496
D0,DL/DL/8/D,SAN,6.0,,DL,DL,8,D,SAN,,68.52,566,826,71.95,5.00%,0.009190400415678888,594.3,826,Cascaded,2027,594.3000000000001,826
D0,DL/DL/8/D,SAT,6.0,,DL,DL,8,D,SAT,,75.42,451,598,79.19,5.00%,0.007323092910726464,473.55,598,Cascaded,2027,473.55,598
D0,DL/DL/8/D,SAV,6.0,,DL,DL,8,D,SAV,,83.28,249,299,87.44,5.00%,0.004043126684636119,261.45,299,Cascaded,2027,261.45,299
D0,DL/DL/8/D,SBA,6.0,,DL,DL,8,D,SBA,,69.49,41,59,72.97,5.00%,0.0006657357191569512,43.05,59,Cascaded,2027,43.050000000000004,59
D0,DL/DL/8/D,SDF,6.0,,DL,DL,8,D,SDF,,84.1,201,239,88.31,5.00%,0.0032637287695255414,211.05,239,Cascaded,2027,211.05,239
D0,DL/DL/8/D,SEA,6.0,,DL,DL,8,D,SEA,,65.68,1910,2908,68.96,5.00%,0.031013542038775047,2005.5,2908,Cascaded,2027,2005.5,2908
D0,DL/DL/8/D,SFO,6.0,,DL,DL,8,D,SFO,,64.55,772,1196,67.78,5.00%,0.012535316468028449,810.6,1196,Cascaded,2027,810.6,1196
D0,DL/DL/8/D,SGF,6.0,,DL,DL,8,D,SGF,,48.98,24,49,51.43,5.00%,0.00038969895755528854,25.2,49,Cascaded,2027,25.200000000000003,49
D0,DL/DL/8/D,SJC,6.0,,DL,DL,8,D,SJC,,78.85,179,227,82.8,5.00%,0.0029065047250998602,187.95,227,Cascaded,2027,187.95000000000002,227
D0,DL/DL/8/D,SJU,6.0,,DL,DL,8,D,SJU,,75.29,195,259,79.05,5.00%,0.0031663040301367195,204.75,259,Cascaded,2027,204.75,259
D0,DL/DL/8/D,SLC,6.0,,DL,DL,8,D,SLC,,69.1,3202,4634,72.55,5.00%,0.05199233592050141,3362.1,4634,Cascaded,2027,3362.1000000000004,4634
D0,DL/DL/8/D,SMF,6.0,,DL,DL,8,D,SMF,,81.05,278,343,85.1,5.00%,0.004514012925015426,291.9,343,Cascaded,2027,291.90000000000003,343
D0,DL/DL/8/D,SNA,6.0,,DL,DL,8,D,SNA,,60.05,248,413,63.05,5.00%,0.004026889228071315,260.4,413,Cascaded,2027,260.40000000000003,413
D0,DL/DL/8/D,SRQ,6.0,,DL,DL,8,D,SRQ,,72.77,155,213,76.41,5.00%,0.0025168057675445717,162.75,213,Cascaded,2027,162.75,213
D0,DL/DL/8/D,STL,6.0,,DL,DL,8,D,STL,,83.03,406,489,87.18,5.00%,0.006592407365310297,426.3,489,Cascaded,2027,426.3,489
D0,DL/DL/8/D,STT,6.0,,DL,DL,8,D,STT,,50.0,21,42,52.5,5.00%,0.0003409865878608775,22.05,42,Cascaded,2027,22.05,42
D0,DL/DL/8/D,STX,6.0,,DL,DL,8,D,STX,,20.0,1,5,21.0,5.00%,1.6237456564803688e-05,1.05,5,Cascaded,2027,1.05,5
D0,DL/DL/8/D,SYR,6.0,,DL,DL,8,D,SYR,,79.17,95,120,83.12,5.00%,0.0015425583736563505,99.75,120,Cascaded,2027,99.75,120
D0,DL/DL/8/D,TLH,6.0,,DL,DL,8,D,TLH,,79.11,125,158,83.07,5.00%,0.0020296820706004613,131.25,158,Cascaded,2027,131.25,158
D0,DL/DL/8/D,TPA,6.0,,DL,DL,8,D,TPA,,68.74,739,1075,72.18,5.00%,0.011999480401389926,775.95,1075,Cascaded,2027,775.95,1075
D0,DL/DL/8/D,TRI,6.0,,DL,DL,8,D,TRI,,56.41,22,39,59.23,5.00%,0.0003572240444256812,23.1,39,Cascaded,2027,23.1,39
D0,DL/DL/8/D,TUL,6.0,,DL,DL,8,D,TUL,,82.98,117,141,87.13,5.00%,0.0018997824180820317,122.85,141,Cascaded,2027,122.85000000000001,141
D0,DL/DL/8/D,TUS,6.0,,DL,DL,8,D,TUS,,90.0,54,60,94.5,5.00%,0.0008768226544993992,56.7,60,Cascaded,2027,56.7,60
D0,DL/DL/8/D,TVC,6.0,,DL,DL,8,D,TVC,,63.33,38,60,66.5,5.00%,0.0006170233494625401,39.9,60,Cascaded,2027,39.9,60
D0,DL/DL/8/D,TYS,6.0,,DL,DL,8,D,TYS,,70.13,108,154,73.64,5.00%,0.0017536453089987984,113.4,154,Cascaded,2027,113.4,154
D0,DL/DL/8/D,VPS,6.0,,DL,DL,8,D,VPS,,67.65,161,238,71.03,5.00%,0.002614230506933394,169.05,238,Cascaded,2027,169.05,238
D0,DL/DL/8/D,XNA,6.0,,DL,DL,8,D,XNA,,76.6,36,47,80.43,5.00%,0.0005845484363329328,37.8,47,Cascaded,2027,37.800000000000004,47
D0,DL/DL/8/I,ACC,6.0,,DL,DL,8,I,ACC,,54.84,17,31,57.58,5.00%,0.002186776434268073,17.85,31,Cascaded,2027,17.849999999999998,31
D0,DL/DL/8/I,AMS,6.0,,DL,DL,8,I,AMS,,37.33,190,509,39.19,5.00%,0.02444044250064317,199.5,509,Cascaded,2027,199.5,509
D0,DL/DL/8/I,ANU,6.0,,DL,DL,8,I,ANU,,20.0,1,5,21.0,5.00%,0.00012863390789812196,1.05,5,Cascaded,2027,1.05,5
D0,DL/DL/8/I,ARN,6.0,,DL,DL,8,I,ARN,,54.84,17,31,57.58,5.00%,0.002186776434268073,17.85,31,Cascaded,2027,17.849999999999998,31
D0,DL/DL/8/I,ATH,6.0,,DL,DL,8,I,ATH,,70.2,106,151,73.71,5.00%,0.013635194237200925,111.3,151,Cascaded,2027,111.3,151
D0,DL/DL/8/I,ATL,6.0,,DL,DL,8,I,ATL,,61.25,1562,2550,64.32,5.00%,0.20092616413686648,1640.1,2550,Cascaded,2027,1640.1,2550
D0,DL/DL/8/I,AUA,6.0,,DL,DL,8,I,AUA,,76.19,48,63,80.0,5.00%,0.0061744275791098535,50.4,63,Cascaded,2027,50.4,63
D0,DL/DL/8/I,BCN,6.0,,DL,DL,8,I,BCN,,62.26,66,106,65.38,5.00%,0.008489837921276049,69.3,106,Cascaded,2027,69.3,106
D0,DL/DL/8/I,BDA,6.0,,DL,DL,8,I,BDA,,77.42,24,31,81.29,5.00%,0.0030872137895549268,25.2,31,Cascaded,2027,25.2,31
D0,DL/DL/8/I,BER,6.0,,DL,DL,8,I,BER,,54.84,17,31,57.58,5.00%,0.002186776434268073,17.85,31,Cascaded,2027,17.849999999999998,31
D0,DL/DL/8/I,BGI,6.0,,DL,DL,8,I,BGI,,53.33,8,15,56.0,5.00%,0.0010290712631849757,8.4,15,Cascaded,2027,8.4,15
D0,DL/DL/8/I,BOG,6.0,,DL,DL,8,I,BOG,,65.45,36,55,68.73,5.00%,0.00463082068433239,37.8,55,Cascaded,2027,37.8,55
D0,DL/DL/8/I,BON,6.0,,DL,DL,8,I,BON,,40.0,2,5,42.0,5.00%,0.0002572678157962439,2.1,5,Cascaded,2027,2.1,5
D0,DL/DL/8/I,BOS,6.0,,DL,DL,8,I,BOS,,68.96,231,335,72.4,5.00%,0.02971443272446617,242.55,335,Cascaded,2027,242.54999999999998,335
D0,DL/DL/8/I,BRU,6.0,,DL,DL,8,I,BRU,,41.94,13,31,44.03,5.00%,0.0016722408026755853,13.65,31,Cascaded,2027,13.65,31
D0,DL/DL/8/I,BZE,6.0,,DL,DL,8,I,BZE,,77.78,21,27,81.67,5.00%,0.002701312065860561,22.05,27,Cascaded,2027,22.05,27
D0,DL/DL/8/I,CDG,6.0,,DL,DL,8,I,CDG,,36.21,151,417,38.02,5.00%,0.019423720092616413,158.55,417,Cascaded,2027,158.54999999999998,417
D0,DL/DL/8/I,CPH,6.0,,DL,DL,8,I,CPH,,56.82,25,44,59.66,5.00%,0.0032158476974530484,26.25,44,Cascaded,2027,26.25,44
D0,DL/DL/8/I,CPT,6.0,,DL,DL,8,I,CPT,,30.77,4,13,32.31,5.00%,0.0005145356315924878,4.2,13,Cascaded,2027,4.2,13
D0,DL/DL/8/I,CTA,6.0,,DL,DL,8,I,CTA,,32.26,10,31,33.87,5.00%,0.0012863390789812194,10.5,31,Cascaded,2027,10.5,31
D0,DL/DL/8/I,CTG,6.0,,DL,DL,8,I,CTG,,69.23,9,13,72.69,5.00%,0.0011577051710830975,9.45,13,Cascaded,2027,9.45,13
D0,DL/DL/8/I,CUN,6.0,,DL,DL,8,I,CUN,,67.42,240,356,70.79,5.00%,0.030872137895549268,252.0,356,Cascaded,2027,252.0,356
D0,DL/DL/8/I,CUR,6.0,,DL,DL,8,I,CUR,,57.14,4,7,60.0,5.00%,0.0005145356315924878,4.2,7,Cascaded,2027,4.2,7
D0,DL/DL/8/I,CVG,6.0,,DL,DL,8,I,CVG,,41.94,13,31,44.03,5.00%,0.0016722408026755853,13.65,31,Cascaded,2027,13.65,31
D0,DL/DL/8/I,DSS,6.0,,DL,DL,8,I,DSS,,28.57,4,14,30.0,5.00%,0.0005145356315924878,4.2,14,Cascaded,2027,4.2,14
D0,DL/DL/8/I,DTW,6.0,,DL,DL,8,I,DTW,,63.45,316,498,66.63,5.00%,0.04064831489580654,331.8,498,Cascaded,2027,331.8,498
D0,DL/DL/8/I,DUB,6.0,,DL,DL,8,I,DUB,,76.98,107,139,80.83,5.00%,0.013763828145099048,112.35,139,Cascaded,2027,112.35,139
D0,DL/DL/8/I,EDI,6.0,,DL,DL,8,I,EDI,,61.32,65,106,64.39,5.00%,0.008361204013377926,68.25,106,Cascaded,2027,68.25,106
D0,DL/DL/8/I,EZE,6.0,,DL,DL,8,I,EZE,,86.21,25,29,90.52,5.00%,0.0032158476974530484,26.25,29,Cascaded,2027,26.25,29
D0,DL/DL/8/I,FCO,6.0,,DL,DL,8,I,FCO,,67.87,150,221,71.27,5.00%,0.019295086184718292,157.5,221,Cascaded,2027,157.5,221
D0,DL/DL/8/I,FRA,6.0,,DL,DL,8,I,FRA,,59.14,55,93,62.1,5.00%,0.007074864934396707,57.75,93,Cascaded,2027,57.75,93
D0,DL/DL/8/I,GCM,6.0,,DL,DL,8,I,GCM,,78.26,18,23,82.17,5.00%,0.002315410342166195,18.9,23,Cascaded,2027,18.9,23
D0,DL/DL/8/I,GDL,6.0,,DL,DL,8,I,GDL,,93.55,29,31,98.23,5.00%,0.0037303833290455364,30.45,31,Cascaded,2027,30.45,31
D0,DL/DL/8/I,GIG,6.0,,DL,DL,8,I,GIG,,82.35,14,17,86.47,5.00%,0.0018008747105737071,14.7,17,Cascaded,2027,14.7,17
D0,DL/DL/8/I,GRU,6.0,,DL,DL,8,I,GRU,,82.42,75,91,86.54,5.00%,0.009647543092359146,78.75,91,Cascaded,2027,78.75,91
D0,DL/DL/8/I,GUA,6.0,,DL,DL,8,I,GUA,,64.52,20,31,67.74,5.00%,0.002572678157962439,21.0,31,Cascaded,2027,21.0,31
D0,DL/DL/8/I,GVA,6.0,,DL,DL,8,I,GVA,,48.39,15,31,50.81,5.00%,0.0019295086184718292,15.75,31,Cascaded,2027,15.75,31
D0,DL/DL/8/I,HAV,6.0,,DL,DL,8,I,HAV,,75.81,47,62,79.6,5.00%,0.006045793671211731,49.35,62,Cascaded,2027,49.35,62
D0,DL/DL/8/I,HND,6.0,,DL,DL,8,I,HND,,46.7,85,182,49.04,5.00%,0.010933882171340366,89.25,182,Cascaded,2027,89.25,182
D0,DL/DL/8/I,HNL,6.0,,DL,DL,8,I,HNL,,96.77,30,31,101.61,5.00%,0.0038590172369436584,31.5,31,Cascaded,2027,31.5,31
D0,DL/DL/8/I,ICN,6.0,,DL,DL,8,I,ICN,,39.11,70,179,41.06,5.00%,0.009004373552868537,73.5,179,Cascaded,2027,73.5,179
D0,DL/DL/8/I,JFK,6.0,,DL,DL,8,I,JFK,,64.21,967,1506,67.42,5.00%,0.12438898893748392,1015.35,1506,Cascaded,2027,1015.35,1506
D0,DL/DL/8/I,JNB,6.0,,DL,DL,8,I,JNB,,54.84,17,31,57.58,5.00%,0.002186776434268073,17.85,31,Cascaded,2027,17.849999999999998,31
D0,DL/DL/8/I,KEF,6.0,,DL,DL,8,I,KEF,,70.24,59,84,73.75,5.00%,0.007589400565989194,61.95,84,Cascaded,2027,61.949999999999996,84
D0,DL/DL/8/I,KIN,6.0,,DL,DL,8,I,KIN,,70.97,22,31,74.52,5.00%,0.002829945973758683,23.1,31,Cascaded,2027,23.1,31
D0,DL/DL/8/I,LAX,6.0,,DL,DL,8,I,LAX,,70.0,140,200,73.5,5.00%,0.018008747105737074,147.0,200,Cascaded,2027,147.0,200
D0,DL/DL/8/I,LGW,6.0,,DL,DL,8,I,LGW,,60.0,18,30,63.0,5.00%,0.002315410342166195,18.9,30,Cascaded,2027,18.9,30
D0,DL/DL/8/I,LHR,6.0,,DL,DL,8,I,LHR,,59.8,177,296,62.79,5.00%,0.022768201697967585,185.85,296,Cascaded,2027,185.85,296
D0,DL/DL/8/I,LIM,6.0,,DL,DL,8,I,LIM,,35.48,11,31,37.26,5.00%,0.0014149729868793415,11.55,31,Cascaded,2027,11.55,31
D0,DL/DL/8/I,LIR,6.0,,DL,DL,8,I,LIR,,100.0,32,32,105.0,5.00%,0.004116285052739903,33.6,32,Cascaded,2027,33.6,32
D0,DL/DL/8/I,LIS,6.0,,DL,DL,8,I,LIS,,27.42,17,62,28.79,5.00%,0.002186776434268073,17.85,62,Cascaded,2027,17.849999999999998,62
D0,DL/DL/8/I,LOS,6.0,,DL,DL,8,I,LOS,,12.9,4,31,13.55,5.00%,0.0005145356315924878,4.2,31,Cascaded,2027,4.2,31
D0,DL/DL/8/I,MAD,6.0,,DL,DL,8,I,MAD,,66.13,41,62,69.44,5.00%,0.005273990223823,43.05,62,Cascaded,2027,43.05,62
D0,DL/DL/8/I,MBJ,6.0,,DL,DL,8,I,MBJ,,69.64,78,112,73.12,5.00%,0.010033444816053512,81.9,112,Cascaded,2027,81.89999999999999,112
D0,DL/DL/8/I,MEX,6.0,,DL,DL,8,I,MEX,,80.39,205,255,84.41,5.00%,0.026369951119114998,215.25,255,Cascaded,2027,215.25,255
D0,DL/DL/8/I,MIA,6.0,,DL,DL,8,I,MIA,,54.84,34,62,57.58,5.00%,0.004373552868536146,35.7,62,Cascaded,2027,35.699999999999996,62
D0,DL/DL/8/I,MSP,6.0,,DL,DL,8,I,MSP,,62.02,320,516,65.12,5.00%,0.04116285052739902,336.0,516,Cascaded,2027,336.0,516
D0,DL/DL/8/I,MTY,6.0,,DL,DL,8,I,MTY,,100.0,31,31,105.0,5.00%,0.00398765114484178,32.55,31,Cascaded,2027,32.55,31
D0,DL/DL/8/I,MUC,6.0,,DL,DL,8,I,MUC,,51.72,30,58,54.31,5.00%,0.0038590172369436584,31.5,58,Cascaded,2027,31.5,58
D0,DL/DL/8/I,MXP,6.0,,DL,DL,8,I,MXP,,54.46,55,101,57.18,5.00%,0.007074864934396707,57.75,101,Cascaded,2027,57.75,101
D0,DL/DL/8/I,NAP,6.0,,DL,DL,8,I,NAP,,55.1,27,49,57.86,5.00%,0.0034731155132492926,28.35,49,Cascaded,2027,28.349999999999998,49
D0,DL/DL/8/I,NAS,6.0,,DL,DL,8,I,NAS,,85.15,86,101,89.41,5.00%,0.011062516079238487,90.3,101,Cascaded,2027,90.3,101
D0,DL/DL/8/I,NCE,6.0,,DL,DL,8,I,NCE,,43.55,27,62,45.73,5.00%,0.0034731155132492926,28.35,62,Cascaded,2027,28.349999999999998,62
D0,DL/DL/8/I,PLS,6.0,,DL,DL,8,I,PLS,,91.67,33,36,96.25,5.00%,0.004244918960638024,34.65,36,Cascaded,2027,34.65,36
D0,DL/DL/8/I,PRG,6.0,,DL,DL,8,I,PRG,,60.0,18,30,63.0,5.00%,0.002315410342166195,18.9,30,Cascaded,2027,18.9,30
D0,DL/DL/8/I,PTY,6.0,,DL,DL,8,I,PTY,,72.73,24,33,76.36,5.00%,0.0030872137895549268,25.2,33,Cascaded,2027,25.2,33
D0,DL/DL/8/I,PUJ,6.0,,DL,DL,8,I,PUJ,,66.15,86,130,69.46,5.00%,0.011062516079238487,90.3,130,Cascaded,2027,90.3,130
D0,DL/DL/8/I,PVG,6.0,,DL,DL,8,I,PVG,,47.22,34,72,49.58,5.00%,0.004373552868536146,35.7,72,Cascaded,2027,35.699999999999996,72
D0,DL/DL/8/I,PVR,6.0,,DL,DL,8,I,PVR,,85.33,64,75,89.6,5.00%,0.008232570105479805,67.2,75,Cascaded,2027,67.2,75
D0,DL/DL/8/I,RTB,6.0,,DL,DL,8,I,RTB,,60.0,3,5,63.0,5.00%,0.00038590172369436584,3.15,5,Cascaded,2027,3.15,5
D0,DL/DL/8/I,SAL,6.0,,DL,DL,8,I,SAL,,83.87,26,31,88.06,5.00%,0.0033444816053511705,27.3,31,Cascaded,2027,27.3,31
D0,DL/DL/8/I,SAP,6.0,,DL,DL,8,I,SAP,,67.74,21,31,71.13,5.00%,0.002701312065860561,22.05,31,Cascaded,2027,22.05,31
D0,DL/DL/8/I,SCL,6.0,,DL,DL,8,I,SCL,,77.42,24,31,81.29,5.00%,0.0030872137895549268,25.2,31,Cascaded,2027,25.2,31
D0,DL/DL/8/I,SDQ,6.0,,DL,DL,8,I,SDQ,,64.52,80,124,67.74,5.00%,0.010290712631849755,84.0,124,Cascaded,2027,84.0,124
D0,DL/DL/8/I,SEA,6.0,,DL,DL,8,I,SEA,,58.48,162,277,61.41,5.00%,0.020838693079495756,170.1,277,Cascaded,2027,170.1,277
D0,DL/DL/8/I,SJD,6.0,,DL,DL,8,I,SJD,,72.04,67,93,75.65,5.00%,0.008618471829174171,70.35,93,Cascaded,2027,70.35,93
D0,DL/DL/8/I,SJO,6.0,,DL,DL,8,I,SJO,,59.38,19,32,62.34,5.00%,0.002444044250064317,19.95,32,Cascaded,2027,19.95,32
D0,DL/DL/8/I,SKB,6.0,,DL,DL,8,I,SKB,,60.0,3,5,63.0,5.00%,0.00038590172369436584,3.15,5,Cascaded,2027,3.15,5
D0,DL/DL/8/I,SLC,6.0,,DL,DL,8,I,SLC,,72.84,177,243,76.48,5.00%,0.022768201697967585,185.85,243,Cascaded,2027,185.85,243
D0,DL/DL/8/I,SNN,6.0,,DL,DL,8,I,SNN,,74.19,23,31,77.9,5.00%,0.0029585798816568047,24.15,31,Cascaded,2027,24.15,31
D0,DL/DL/8/I,STI,6.0,,DL,DL,8,I,STI,,70.97,66,93,74.52,5.00%,0.008489837921276049,69.3,93,Cascaded,2027,69.3,93
D0,DL/DL/8/I,SXM,6.0,,DL,DL,8,I,SXM,,46.43,13,28,48.75,5.00%,0.0016722408026755853,13.65,28,Cascaded,2027,13.65,28
D0,DL/DL/8/I,SYD,6.0,,DL,DL,8,I,SYD,,90.32,28,31,94.84,5.00%,0.0036017494211474143,29.4,31,Cascaded,2027,29.4,31
D0,DL/DL/8/I,TPA,6.0,,DL,DL,8,I,TPA,,56.25,9,16,59.06,5.00%,0.0011577051710830975,9.45,16,Cascaded,2027,9.45,16
D0,DL/DL/8/I,TPE,6.0,,DL,DL,8,I,TPE,,48.28,14,29,50.69,5.00%,0.0018008747105737071,14.7,29,Cascaded,2027,14.7,29
D0,DL/DL/8/I,TQO,6.0,,DL,DL,8,I,TQO,,89.66,26,29,94.14,5.00%,0.0033444816053511705,27.3,29,Cascaded,2027,27.3,29
D0,DL/DL/8/I,UIO,6.0,,DL,DL,8,I,UIO,,77.42,24,31,81.29,5.00%,0.0030872137895549268,25.2,31,Cascaded,2027,25.2,31
D0,DL/DL/8/I,UVF,6.0,,DL,DL,8,I,UVF,,83.87,26,31,88.06,5.00%,0.0033444816053511705,27.3,31,Cascaded,2027,27.3,31
D0,DL/DL/8/I,VCE,6.0,,DL,DL,8,I,VCE,,69.74,53,76,73.22,5.00%,0.006817597118600463,55.65,76,Cascaded,2027,55.65,76
D0,DL/DL/8/I,YUL,6.0,,DL,DL,8,I,YUL,,65.43,53,81,68.7,5.00%,0.006817597118600463,55.65,81,Cascaded,2027,55.65,81
D0,DL/DL/8/I,YVR,6.0,,DL,DL,8,I,YVR,,80.0,56,70,84.0,5.00%,0.0072034988422948285,58.8,70,Cascaded,2027,58.8,70
D0,DL/DL/8/I,YYC,6.0,,DL,DL,8,I,YYC,,70.97,44,62,74.52,5.00%,0.005659891947517366,46.2,62,Cascaded,2027,46.2,62
D0,DL/DL/8/I,YYZ,6.0,,DL,DL,8,I,YYZ,,65.13,127,195,68.38,5.00%,0.016336506303061486,133.35,195,Cascaded,2027,133.35,195
D0,DL/DL/8/I,ZRH,6.0,,DL,DL,8,I,ZRH,,53.23,33,62,55.89,5.00%,0.004244918960638024,34.65,62,Cascaded,2027,34.65,62
D0,DL/DL/9/D,ABQ,6.0,,DL,DL,9,D,ABQ,,86.92,93,107,91.26,5.00%,0.0014440769553267807,97.65,107,Cascaded,2027,97.65,107
D0,DL/DL/9/D,AGS,6.0,,DL,DL,9,D,AGS,,76.62,59,77,80.45,5.00%,0.0009161348426266673,61.95,77,Cascaded,2027,61.95,77
D0,DL/DL/9/D,ALB,6.0,,DL,DL,9,D,ALB,,78.38,87,111,82.3,5.00%,0.0013509107001444076,91.35,111,Cascaded,2027,91.35000000000001,111
D0,DL/DL/9/D,ANC,6.0,,DL,DL,9,D,ANC,,73.97,179,242,77.67,5.00%,0.002779459946274126,187.95,242,Cascaded,2027,187.95000000000002,242
D0,DL/DL/9/D,ATL,6.0,,DL,DL,9,D,ATL,,76.41,15015,19651,80.23,5.00%,0.23314855359388828,15765.75,19651,Cascaded,2027,15765.75,19651
D0,DL/DL/9/D,ATW,6.0,,DL,DL,9,D,ATW,,96.67,29,30,101.5,5.00%,0.00045030356671480257,30.45,30,Cascaded,2027,30.450000000000003,30
D0,DL/DL/9/D,AUS,6.0,,DL,DL,9,D,AUS,,74.11,790,1066,77.81,5.00%,0.012266890265679104,829.5,1066,Cascaded,2027,829.5,1066
D0,DL/DL/9/D,AVL,6.0,,DL,DL,9,D,AVL,,64.59,135,209,67.82,5.00%,0.002096240741603391,141.75,209,Cascaded,2027,141.75,209
D0,DL/DL/9/D,BDL,6.0,,DL,DL,9,D,BDL,,80.11,298,372,84.11,5.00%,0.004627257340724523,312.9,372,Cascaded,2027,312.90000000000003,372
D0,DL/DL/9/D,BGR,6.0,,DL,DL,9,D,BGR,,25.0,1,4,26.25,5.00%,1.5527709197062156e-05,1.05,4,Cascaded,2027,1.05,4
D0,DL/DL/9/D,BHM,6.0,,DL,DL,9,D,BHM,,83.33,215,258,87.5,5.00%,0.003338457477368364,225.75,258,Cascaded,2027,225.75,258
D0,DL/DL/9/D,BIL,6.0,,DL,DL,9,D,BIL,,100.0,60,60,105.0,5.00%,0.0009316625518237295,63.0,60,Cascaded,2027,63.0,60
D0,DL/DL/9/D,BIS,6.0,,DL,DL,9,D,BIS,,68.42,13,19,71.84,5.00%,0.00020186021956180805,13.65,19,Cascaded,2027,13.65,19
D0,DL/DL/9/D,BNA,6.0,,DL,DL,9,D,BNA,,81.13,632,779,85.19,5.00%,0.009813512212543283,663.6,779,Cascaded,2027,663.6,779
D0,DL/DL/9/D,BOI,6.0,,DL,DL,9,D,BOI,,75.12,160,213,78.87,5.00%,0.002484433471529945,168.0,213,Cascaded,2027,168.0,213
D0,DL/DL/9/D,BOS,6.0,,DL,DL,9,D,BOS,,61.8,1349,2183,64.89,5.00%,0.02094687970683685,1416.45,2183,Cascaded,2027,1416.45,2183
D0,DL/DL/9/D,BTR,6.0,,DL,DL,9,D,BTR,,78.05,64,82,81.95,5.00%,0.000993773388611978,67.2,82,Cascaded,2027,67.2,82
D0,DL/DL/9/D,BTV,6.0,,DL,DL,9,D,BTV,,77.42,24,31,81.29,5.00%,0.0003726650207294918,25.2,31,Cascaded,2027,25.200000000000003,31
D0,DL/DL/9/D,BUF,6.0,,DL,DL,9,D,BUF,,83.33,120,144,87.5,5.00%,0.001863325103647459,126.0,144,Cascaded,2027,126.0,144
D0,DL/DL/9/D,BUR,6.0,,DL,DL,9,D,BUR,,66.67,40,60,70.0,5.00%,0.0006211083678824863,42.0,60,Cascaded,2027,42.0,60
D0,DL/DL/9/D,BWI,6.0,,DL,DL,9,D,BWI,,77.7,352,453,81.59,5.00%,0.005465753637365879,369.6,453,Cascaded,2027,369.6,453
D0,DL/DL/9/D,BZN,6.0,,DL,DL,9,D,BZN,,85.06,131,154,89.32,5.00%,0.0020341299048151425,137.55,154,Cascaded,2027,137.55,154
D0,DL/DL/9/D,CAE,6.0,,DL,DL,9,D,CAE,,80.52,124,154,84.55,5.00%,0.0019254359404357075,130.2,154,Cascaded,2027,130.20000000000002,154
D0,DL/DL/9/D,CHA,6.0,,DL,DL,9,D,CHA,,75.91,104,137,79.71,5.00%,0.0016148817564944644,109.2,137,Cascaded,2027,109.2,137
D0,DL/DL/9/D,CHO,6.0,,DL,DL,9,D,CHO,,0.0,0,1,0.0,0.00%,0.0,0.0,1,Cascaded,2027,0.0,1
D0,DL/DL/9/D,CHS,6.0,,DL,DL,9,D,CHS,,80.87,334,413,84.92,5.00%,0.005186254871818761,350.7,413,Cascaded,2027,350.70000000000005,413
D0,DL/DL/9/D,CID,6.0,,DL,DL,9,D,CID,,83.33,25,30,87.5,5.00%,0.0003881927299265539,26.25,30,Cascaded,2027,26.25,30
D0,DL/DL/9/D,CLE,6.0,,DL,DL,9,D,CLE,,81.82,288,352,85.91,5.00%,0.0044719802487539016,302.4,352,Cascaded,2027,302.40000000000003,352
D0,DL/DL/9/D,CLT,6.0,,DL,DL,9,D,CLT,,83.23,392,471,87.39,5.00%,0.006086862005248365,411.6,471,Cascaded,2027,411.6,471
D0,DL/DL/9/D,CMH,6.0,,DL,DL,9,D,CMH,,85.5,283,331,89.77,5.00%,0.00439434170276859,297.15,331,Cascaded,2027,297.15000000000003,331
D0,DL/DL/9/D,COS,6.0,,DL,DL,9,D,COS,,89.29,50,56,93.75,5.00%,0.0007763854598531078,52.5,56,Cascaded,2027,52.5,56
D0,DL/DL/9/D,CVG,6.0,,DL,DL,9,D,CVG,,81.21,549,676,85.27,5.00%,0.008524712349187124,576.45,676,Cascaded,2027,576.45,676
D0,DL/DL/9/D,DAB,6.0,,DL,DL,9,D,DAB,,92.5,111,120,97.12,5.00%,0.0017235757208738994,116.55,120,Cascaded,2027,116.55000000000001,120
D0,DL/DL/9/D,DAL,6.0,,DL,DL,9,D,DAL,,70.99,115,162,74.54,5.00%,0.001785686557662148,120.75,162,Cascaded,2027,120.75,162
D0,DL/DL/9/D,DAY,6.0,,DL,DL,9,D,DAY,,85.04,108,127,89.29,5.00%,0.001676992593282713,113.4,127,Cascaded,2027,113.4,127
D0,DL/DL/9/D,DCA,6.0,,DL,DL,9,D,DCA,,73.56,573,779,77.23,5.00%,0.008897377369916616,601.65,779,Cascaded,2027,601.65,779
D0,DL/DL/9/D,DEN,6.0,,DL,DL,9,D,DEN,,70.43,698,991,73.96,5.00%,0.010838341019549386,732.9,991,Cascaded,2027,732.9000000000001,991
D0,DL/DL/9/D,DFW,6.0,,DL,DL,9,D,DFW,,72.5,738,1018,76.12,5.00%,0.011459449387431871,774.9,1018,Cascaded,2027,774.9000000000001,1018
D0,DL/DL/9/D,DJT,6.0,,DL,DL,9,D,DJT,,66.93,340,508,70.28,5.00%,0.005279421127001134,357.0,508,Cascaded,2027,357.0,508
D0,DL/DL/9/D,DSM,6.0,,DL,DL,9,D,DSM,,83.19,94,113,87.35,5.00%,0.0014596046645238428,98.7,113,Cascaded,2027,98.7,113
D0,DL/DL/9/D,DTW,6.0,,DL,DL,9,D,DTW,,75.76,3634,4797,79.54,5.00%,0.05642769522212388,3815.7,4797,Cascaded,2027,3815.7000000000003,4797
D0,DL/DL/9/D,ECP,6.0,,DL,DL,9,D,ECP,,71.35,137,192,74.92,5.00%,0.0021272961599975155,143.85,192,Cascaded,2027,143.85,192
D0,DL/DL/9/D,ELP,6.0,,DL,DL,9,D,ELP,,73.33,44,60,77.0,5.00%,0.0006832192046707349,46.2,60,Cascaded,2027,46.2,60
D0,DL/DL/9/D,EWR,6.0,,DL,DL,9,D,EWR,,64.34,368,572,67.55,5.00%,0.005714196984518874,386.4,572,Cascaded,2027,386.40000000000003,572
D0,DL/DL/9/D,EYW,6.0,,DL,DL,9,D,EYW,,82.5,99,120,86.63,5.00%,0.0015372432105091535,103.95,120,Cascaded,2027,103.95,120
D0,DL/DL/9/D,FAI,6.0,,DL,DL,9,D,FAI,,70.67,53,75,74.2,5.00%,0.0008229685874442944,55.65,75,Cascaded,2027,55.650000000000006,75
D0,DL/DL/9/D,FAR,6.0,,DL,DL,9,D,FAR,,85.0,51,60,89.25,5.00%,0.00079191316905017,53.55,60,Cascaded,2027,53.550000000000004,60
D0,DL/DL/9/D,FAT,6.0,,DL,DL,9,D,FAT,,100.0,5,5,105.0,5.00%,7.763854598531079e-05,5.25,5,Cascaded,2027,5.25,5
D0,DL/DL/9/D,FCA,6.0,,DL,DL,9,D,FCA,,81.01,64,79,85.06,5.00%,0.000993773388611978,67.2,79,Cascaded,2027,67.2,79
D0,DL/DL/9/D,FLL,6.0,,DL,DL,9,D,FLL,,66.9,576,861,70.24,5.00%,0.008943960497507803,604.8,861,Cascaded,2027,604.8000000000001,861
D0,DL/DL/9/D,FSD,6.0,,DL,DL,9,D,FSD,,85.0,51,60,89.25,5.00%,0.00079191316905017,53.55,60,Cascaded,2027,53.550000000000004,60
D0,DL/DL/9/D,GEG,6.0,,DL,DL,9,D,GEG,,84.76,178,210,89.0,5.00%,0.002763932237077064,186.9,210,Cascaded,2027,186.9,210
D0,DL/DL/9/D,GNV,6.0,,DL,DL,9,D,GNV,,85.4,117,137,89.67,5.00%,0.0018167419760562725,122.85,137,Cascaded,2027,122.85000000000001,137
D0,DL/DL/9/D,GPT,6.0,,DL,DL,9,D,GPT,,81.31,87,107,85.37,5.00%,0.0013509107001444076,91.35,107,Cascaded,2027,91.35000000000001,107
D0,DL/DL/9/D,GRB,6.0,,DL,DL,9,D,GRB,,86.0,43,50,90.3,5.00%,0.0006676914954736728,45.15,50,Cascaded,2027,45.150000000000006,50
D0,DL/DL/9/D,GRR,6.0,,DL,DL,9,D,GRR,,88.82,143,161,93.26,5.00%,0.0022204624151798886,150.15,161,Cascaded,2027,150.15,161
D0,DL/DL/9/D,GSO,6.0,,DL,DL,9,D,GSO,,87.55,211,241,91.93,5.00%,0.0032763466405801153,221.55,241,Cascaded,2027,221.55,241
D0,DL/DL/9/D,GSP,6.0,,DL,DL,9,D,GSP,,82.46,221,268,86.59,5.00%,0.0034316237325507366,232.05,268,Cascaded,2027,232.05,268
D0,DL/DL/9/D,HNL,6.0,,DL,DL,9,D,HNL,,76.36,210,275,80.18,5.00%,0.003260818931383053,220.5,275,Cascaded,2027,220.5,275
D0,DL/DL/9/D,HOU,6.0,,DL,DL,9,D,HOU,,80.0,96,120,84.0,5.00%,0.0014906600829179672,100.8,120,Cascaded,2027,100.80000000000001,120
D0,DL/DL/9/D,HPN,6.0,,DL,DL,9,D,HPN,,62.71,37,59,65.85,5.00%,0.0005745252402912999,38.85,59,Cascaded,2027,38.85,59
D0,DL/DL/9/D,HSV,6.0,,DL,DL,9,D,HSV,,82.66,143,173,86.79,5.00%,0.0022204624151798886,150.15,173,Cascaded,2027,150.15,173
D0,DL/DL/9/D,IAD,6.0,,DL,DL,9,D,IAD,,70.29,168,239,73.81,5.00%,0.0026086551451064426,176.4,239,Cascaded,2027,176.4,239
D0,DL/DL/9/D,IAH,6.0,,DL,DL,9,D,IAH,,78.8,539,684,82.74,5.00%,0.008369435257216503,565.95,684,Cascaded,2027,565.95,684
D0,DL/DL/9/D,ICT,6.0,,DL,DL,9,D,ICT,,74.11,83,112,77.81,5.00%,0.0012887998633561591,87.15,112,Cascaded,2027,87.15,112
D0,DL/DL/9/D,IDA,6.0,,DL,DL,9,D,IDA,,90.0,27,30,94.5,5.00%,0.00041924814832067827,28.35,30,Cascaded,2027,28.35,30
D0,DL/DL/9/D,ILM,6.0,,DL,DL,9,D,ILM,,75.21,88,117,78.97,5.00%,0.0013664384093414698,92.4,117,Cascaded,2027,92.4,117
D0,DL/DL/9/D,IND,6.0,,DL,DL,9,D,IND,,88.06,354,402,92.46,5.00%,0.0054968090557600035,371.7,402,Cascaded,2027,371.7,402
D0,DL/DL/9/D,JAC,6.0,,DL,DL,9,D,JAC,,55.0,55,100,57.75,5.00%,0.0008540240058384186,57.75,100,Cascaded,2027,57.75,100
D0,DL/DL/9/D,JAN,6.0,,DL,DL,9,D,JAN,,77.84,137,176,81.73,5.00%,0.0021272961599975155,143.85,176,Cascaded,2027,143.85,176
D0,DL/DL/9/D,JAX,6.0,,DL,DL,9,D,JAX,,78.73,322,409,82.67,5.00%,0.004999922361454015,338.1,409,Cascaded,2027,338.1,409
D0,DL/DL/9/D,JFK,6.0,,DL,DL,9,D,JFK,,73.86,1882,2548,77.55,5.00%,0.02922314870887098,1976.1,2548,Cascaded,2027,1976.1000000000001,2548
D0,DL/DL/9/D,JNU,6.0,,DL,DL,9,D,JNU,,86.67,26,30,91.0,5.00%,0.0004037204391236161,27.3,30,Cascaded,2027,27.3,30
D0,DL/DL/9/D,KOA,6.0,,DL,DL,9,D,KOA,,68.33,41,60,71.75,5.00%,0.0006366360770795485,43.05,60,Cascaded,2027,43.050000000000004,60
D0,DL/DL/9/D,LAS,6.0,,DL,DL,9,D,LAS,,71.34,891,1249,74.9,5.00%,0.013835188894582382,935.55,1249,Cascaded,2027,935.5500000000001,1249
D0,DL/DL/9/D,LAX,6.0,,DL,DL,9,D,LAX,,77.57,2345,3023,81.45,5.00%,0.03641247806711076,2462.25,3023,Cascaded,2027,2462.25,3023
D0,DL/DL/9/D,LEX,6.0,,DL,DL,9,D,LEX,,89.06,171,192,93.52,5.00%,0.002655238272697629,179.55,192,Cascaded,2027,179.55,192
D0,DL/DL/9/D,LGA,6.0,,DL,DL,9,D,LGA,,77.76,1958,2518,81.65,5.00%,0.030403254607847704,2055.9,2518,Cascaded,2027,2055.9,2518
D0,DL/DL/9/D,LGB,6.0,,DL,DL,9,D,LGB,,93.33,28,30,98.0,5.00%,0.0004347758575177404,29.4,30,Cascaded,2027,29.400000000000002,30
D0,DL/DL/9/D,LIH,6.0,,DL,DL,9,D,LIH,,76.27,45,59,80.08,5.00%,0.0006987469138677971,47.25,59,Cascaded,2027,47.25,59
D0,DL/DL/9/D,LIT,6.0,,DL,DL,9,D,LIT,,85.42,164,192,89.69,5.00%,0.002546544308318194,172.2,192,Cascaded,2027,172.20000000000002,192
D0,DL/DL/9/D,MCI,6.0,,DL,DL,9,D,MCI,,81.44,575,706,85.52,5.00%,0.008928432788310741,603.75,706,Cascaded,2027,603.75,706
D0,DL/DL/9/D,MCO,6.0,,DL,DL,9,D,MCO,,76.72,1170,1525,80.56,5.00%,0.018167419760562725,1228.5,1525,Cascaded,2027,1228.5,1525
D0,DL/DL/9/D,MDT,6.0,,DL,DL,9,D,MDT,,65.43,53,81,68.7,5.00%,0.0008229685874442944,55.65,81,Cascaded,2027,55.650000000000006,81
D0,DL/DL/9/D,MDW,6.0,,DL,DL,9,D,MDW,,82.24,88,107,86.36,5.00%,0.0013664384093414698,92.4,107,Cascaded,2027,92.4,107
D0,DL/DL/9/D,MEM,6.0,,DL,DL,9,D,MEM,,80.0,256,320,84.0,5.00%,0.003975093554447912,268.8,320,Cascaded,2027,268.8,320
D0,DL/DL/9/D,MIA,6.0,,DL,DL,9,D,MIA,,61.6,502,815,64.67,5.00%,0.007794910016925203,527.1,815,Cascaded,2027,527.1,815
D0,DL/DL/9/D,MKE,6.0,,DL,DL,9,D,MKE,,80.49,297,369,84.51,5.00%,0.004611729631527461,311.85,369,Cascaded,2027,311.85,369
D0,DL/DL/9/D,MLB,6.0,,DL,DL,9,D,MLB,,77.5,93,120,81.38,5.00%,0.0014440769553267807,97.65,120,Cascaded,2027,97.65,120
D0,DL/DL/9/D,MOB,6.0,,DL,DL,9,D,MOB,,72.73,56,77,76.36,5.00%,0.0008695517150354808,58.8,77,Cascaded,2027,58.800000000000004,77
D0,DL/DL/9/D,MSN,6.0,,DL,DL,9,D,MSN,,79.39,104,131,83.36,5.00%,0.0016148817564944644,109.2,131,Cascaded,2027,109.2,131
D0,DL/DL/9/D,MSO,6.0,,DL,DL,9,D,MSO,,82.81,53,64,86.95,5.00%,0.0008229685874442944,55.65,64,Cascaded,2027,55.650000000000006,64
D0,DL/DL/9/D,MSP,6.0,,DL,DL,9,D,MSP,,76.02,4169,5484,79.82,5.00%,0.06473501964255213,4377.45,5484,Cascaded,2027,4377.45,5484
D0,DL/DL/9/D,MSY,6.0,,DL,DL,9,D,MSY,,80.85,456,564,84.89,5.00%,0.007080635393860344,478.8,564,Cascaded,2027,478.8,564
D0,DL/DL/9/D,MYR,6.0,,DL,DL,9,D,MYR,,75.71,134,177,79.49,5.00%,0.002080713032406329,140.7,177,Cascaded,2027,140.70000000000002,177
D0,DL/DL/9/D,OGG,6.0,,DL,DL,9,D,OGG,,77.97,46,59,81.86,5.00%,0.0007142746230648592,48.3,59,Cascaded,2027,48.300000000000004,59
D0,DL/DL/9/D,OKC,6.0,,DL,DL,9,D,OKC,,89.86,124,138,94.35,5.00%,0.0019254359404357075,130.2,138,Cascaded,2027,130.20000000000002,138
D0,DL/DL/9/D,OMA,6.0,,DL,DL,9,D,OMA,,85.11,120,141,89.36,5.00%,0.001863325103647459,126.0,141,Cascaded,2027,126.0,141
D0,DL/DL/9/D,ONT,6.0,,DL,DL,9,D,ONT,,85.71,144,168,90.0,5.00%,0.0022359901243769508,151.2,168,Cascaded,2027,151.20000000000002,168
D0,DL/DL/9/D,ORD,6.0,,DL,DL,9,D,ORD,,71.39,721,1010,74.96,5.00%,0.011195478331081815,757.05,1010,Cascaded,2027,757.0500000000001,1010
D0,DL/DL/9/D,ORF,6.0,,DL,DL,9,D,ORF,,78.67,225,286,82.6,5.00%,0.0034937345693389853,236.25,286,Cascaded,2027,236.25,286
D0,DL/DL/9/D,PDX,6.0,,DL,DL,9,D,PDX,,80.4,521,648,84.42,5.00%,0.008089936491669385,547.05,648,Cascaded,2027,547.0500000000001,648
D0,DL/DL/9/D,PHL,6.0,,DL,DL,9,D,PHL,,71.32,378,530,74.89,5.00%,0.005869474076489496,396.9,530,Cascaded,2027,396.90000000000003,530
D0,DL/DL/9/D,PHX,6.0,,DL,DL,9,D,PHX,,77.55,639,824,81.43,5.00%,0.009922206176922719,670.95,824,Cascaded,2027,670.95,824
D0,DL/DL/9/D,PIT,6.0,,DL,DL,9,D,PIT,,78.47,226,288,82.4,5.00%,0.0035092622785360475,237.3,288,Cascaded,2027,237.3,288
D0,DL/DL/9/D,PNS,6.0,,DL,DL,9,D,PNS,,90.64,213,235,95.17,5.00%,0.0033074020589742396,223.65,235,Cascaded,2027,223.65,235
D0,DL/DL/9/D,PSC,6.0,,DL,DL,9,D,PSC,,91.67,55,60,96.25,5.00%,0.0008540240058384186,57.75,60,Cascaded,2027,57.75,60
D0,DL/DL/9/D,PVD,6.0,,DL,DL,9,D,PVD,,68.22,73,107,71.64,5.00%,0.0011335227713855376,76.65,107,Cascaded,2027,76.65,107
D0,DL/DL/9/D,PWM,6.0,,DL,DL,9,D,PWM,,75.5,114,151,79.27,5.00%,0.001770158848465086,119.7,151,Cascaded,2027,119.7,151
D0,DL/DL/9/D,RAP,6.0,,DL,DL,9,D,RAP,,0.0,0,1,0.0,0.00%,0.0,0.0,1,Cascaded,2027,0.0,1
D0,DL/DL/9/D,RDU,6.0,,DL,DL,9,D,RDU,,75.95,761,1002,79.75,5.00%,0.011816586698964302,799.05,1002,Cascaded,2027,799.0500000000001,1002
D0,DL/DL/9/D,RIC,6.0,,DL,DL,9,D,RIC,,86.54,225,260,90.87,5.00%,0.0034937345693389853,236.25,260,Cascaded,2027,236.25,260
D0,DL/DL/9/D,RNO,6.0,,DL,DL,9,D,RNO,,85.39,76,89,89.66,5.00%,0.0011801058989767239,79.8,89,Cascaded,2027,79.8,89
D0,DL/DL/9/D,ROA,6.0,,DL,DL,9,D,ROA,,80.0,24,30,84.0,5.00%,0.0003726650207294918,25.2,30,Cascaded,2027,25.200000000000003,30
D0,DL/DL/9/D,ROC,6.0,,DL,DL,9,D,ROC,,60.98,50,82,64.02,5.00%,0.0007763854598531078,52.5,82,Cascaded,2027,52.5,82
D0,DL/DL/9/D,RSW,6.0,,DL,DL,9,D,RSW,,82.71,378,457,86.85,5.00%,0.005869474076489496,396.9,457,Cascaded,2027,396.90000000000003,457
D0,DL/DL/9/D,SAN,6.0,,DL,DL,9,D,SAN,,74.23,579,780,77.94,5.00%,0.008990543625098988,607.95,780,Cascaded,2027,607.95,780
D0,DL/DL/9/D,SAT,6.0,,DL,DL,9,D,SAT,,72.66,412,567,76.3,5.00%,0.006397416189189609,432.6,567,Cascaded,2027,432.6,567
D0,DL/DL/9/D,SAV,6.0,,DL,DL,9,D,SAV,,85.17,247,290,89.43,5.00%,0.0038353441716743528,259.35,290,Cascaded,2027,259.35,290
D0,DL/DL/9/D,SBA,6.0,,DL,DL,9,D,SBA,,67.27,37,55,70.64,5.00%,0.0005745252402912999,38.85,55,Cascaded,2027,38.85,55
D0,DL/DL/9/D,SDF,6.0,,DL,DL,9,D,SDF,,88.29,196,222,92.7,5.00%,0.0030434310026241826,205.8,222,Cascaded,2027,205.8,222
D0,DL/DL/9/D,SEA,6.0,,DL,DL,9,D,SEA,,74.32,2014,2710,78.03,5.00%,0.031272806322883186,2114.7,2710,Cascaded,2027,2114.7000000000003,2710
D0,DL/DL/9/D,SFO,6.0,,DL,DL,9,D,SFO,,66.23,755,1140,69.54,5.00%,0.01172342044378193,792.75,1140,Cascaded,2027,792.75,1140
D0,DL/DL/9/D,SGF,6.0,,DL,DL,9,D,SGF,,59.09,39,66,62.05,5.00%,0.0006055806586854241,40.95,66,Cascaded,2027,40.95,66
D0,DL/DL/9/D,SJC,6.0,,DL,DL,9,D,SJC,,83.67,164,196,87.86,5.00%,0.002546544308318194,172.2,196,Cascaded,2027,172.20000000000002,196
D0,DL/DL/9/D,SJU,6.0,,DL,DL,9,D,SJU,,75.53,179,237,79.3,5.00%,0.002779459946274126,187.95,237,Cascaded,2027,187.95000000000002,237
D0,DL/DL/9/D,SLC,6.0,,DL,DL,9,D,SLC,,75.01,3289,4385,78.76,5.00%,0.05107063554913743,3453.45,4385,Cascaded,2027,3453.4500000000003,4385
D0,DL/DL/9/D,SMF,6.0,,DL,DL,9,D,SMF,,89.3,292,327,93.76,5.00%,0.00453409108554215,306.6,327,Cascaded,2027,306.6,327
D0,DL/DL/9/D,SNA,6.0,,DL,DL,9,D,SNA,,64.98,269,414,68.22,5.00%,0.004176953774009721,282.45,414,Cascaded,2027,282.45,414
D0,DL/DL/9/D,SRQ,6.0,,DL,DL,9,D,SRQ,,86.08,167,194,90.39,5.00%,0.0025931274359093804,175.35,194,Cascaded,2027,175.35000000000002,194
D0,DL/DL/9/D,STL,6.0,,DL,DL,9,D,STL,,87.39,416,476,91.76,5.00%,0.0064595270259778575,436.8,476,Cascaded,2027,436.8,476
D0,DL/DL/9/D,STT,6.0,,DL,DL,9,D,STT,,73.53,25,34,77.21,5.00%,0.0003881927299265539,26.25,34,Cascaded,2027,26.25,34
D0,DL/DL/9/D,SYR,6.0,,DL,DL,9,D,SYR,,83.04,93,112,87.19,5.00%,0.0014440769553267807,97.65,112,Cascaded,2027,97.65,112
D0,DL/DL/9/D,TLH,6.0,,DL,DL,9,D,TLH,,81.38,118,145,85.45,5.00%,0.0018322696852533346,123.9,145,Cascaded,2027,123.9,145
D0,DL/DL/9/D,TPA,6.0,,DL,DL,9,D,TPA,,78.18,763,976,82.09,5.00%,0.011847642117358425,801.15,976,Cascaded,2027,801.1500000000001,976
D0,DL/DL/9/D,TRI,6.0,,DL,DL,9,D,TRI,,78.0,39,50,81.9,5.00%,0.0006055806586854241,40.95,50,Cascaded,2027,40.95,50
D0,DL/DL/9/D,TUL,6.0,,DL,DL,9,D,TUL,,73.72,101,137,77.41,5.00%,0.0015682986289032779,106.05,137,Cascaded,2027,106.05000000000001,137
D0,DL/DL/9/D,TUS,6.0,,DL,DL,9,D,TUS,,86.67,52,60,91.0,5.00%,0.0008074408782472322,54.6,60,Cascaded,2027,54.6,60
D0,DL/DL/9/D,TVC,6.0,,DL,DL,9,D,TVC,,82.5,33,40,86.62,5.00%,0.0005124144035030512,34.65,40,Cascaded,2027,34.65,40
D0,DL/DL/9/D,TYS,6.0,,DL,DL,9,D,TYS,,79.87,123,154,83.86,5.00%,0.0019099082312386453,129.15,154,Cascaded,2027,129.15,154
D0,DL/DL/9/D,VPS,6.0,,DL,DL,9,D,VPS,,85.15,172,202,89.41,5.00%,0.0026707659818946913,180.6,202,Cascaded,2027,180.60000000000002,202
D0,DL/DL/9/D,XNA,6.0,,DL,DL,9,D,XNA,,73.33,44,60,77.0,5.00%,0.0006832192046707349,46.2,60,Cascaded,2027,46.2,60
D0,DL/DL/9/I,ACC,6.0,,DL,DL,9,I,ACC,,37.93,11,29,39.83,5.00%,0.0014360313315926892,11.55,29,Cascaded,2027,11.55,29
D0,DL/DL/9/I,AMS,6.0,,DL,DL,9,I,AMS,,33.75,161,477,35.44,5.00%,0.02101827676240209,169.05,477,Cascaded,2027,169.05,477
D0,DL/DL/9/I,ARN,6.0,,DL,DL,9,I,ARN,,70.0,21,30,73.5,5.00%,0.002741514360313316,22.05,30,Cascaded,2027,22.05,30
D0,DL/DL/9/I,ATH,6.0,,DL,DL,9,I,ATH,,71.53,98,137,75.11,5.00%,0.012793733681462142,102.9,137,Cascaded,2027,102.9,137
D0,DL/DL/9/I,ATL,6.0,,DL,DL,9,I,ATL,,68.43,1593,2328,71.85,5.00%,0.20796344647519582,1672.65,2328,Cascaded,2027,1672.65,2328
D0,DL/DL/9/I,AUA,6.0,,DL,DL,9,I,AUA,,72.88,43,59,76.53,5.00%,0.005613577023498694,45.15,59,Cascaded,2027,45.15,59
D0,DL/DL/9/I,BCN,6.0,,DL,DL,9,I,BCN,,64.29,63,98,67.5,5.00%,0.008224543080939948,66.15,98,Cascaded,2027,66.15,98
D0,DL/DL/9/I,BDA,6.0,,DL,DL,9,I,BDA,,86.67,26,30,91.0,5.00%,0.003394255874673629,27.3,30,Cascaded,2027,27.3,30
D0,DL/DL/9/I,BER,6.0,,DL,DL,9,I,BER,,53.33,16,30,56.0,5.00%,0.0020887728459530026,16.8,30,Cascaded,2027,16.8,30
D0,DL/DL/9/I,BGI,6.0,,DL,DL,9,I,BGI,,76.92,10,13,80.77,5.00%,0.0013054830287206266,10.5,13,Cascaded,2027,10.5,13
D0,DL/DL/9/I,BOG,6.0,,DL,DL,9,I,BOG,,73.91,34,46,77.61,5.00%,0.004438642297650131,35.7,46,Cascaded,2027,35.7,46
D0,DL/DL/9/I,BON,6.0,,DL,DL,9,I,BON,,50.0,2,4,52.5,5.00%,0.0002610966057441253,2.1,4,Cascaded,2027,2.1,4
D0,DL/DL/9/I,BOS,6.0,,DL,DL,9,I,BOS,,67.0,201,300,70.35,5.00%,0.026240208877284597,211.05,300,Cascaded,2027,211.05,300
D0,DL/DL/9/I,BRU,6.0,,DL,DL,9,I,BRU,,73.33,22,30,77.0,5.00%,0.0028720626631853785,23.1,30,Cascaded,2027,23.1,30
D0,DL/DL/9/I,BZE,6.0,,DL,DL,9,I,BZE,,83.33,20,24,87.5,5.00%,0.0026109660574412533,21.0,24,Cascaded,2027,21.0,24
D0,DL/DL/9/I,CDG,6.0,,DL,DL,9,I,CDG,,40.28,145,360,42.29,5.00%,0.018929503916449087,152.25,360,Cascaded,2027,152.25,360
D0,DL/DL/9/I,CPH,6.0,,DL,DL,9,I,CPH,,80.49,33,41,84.51,5.00%,0.004308093994778068,34.65,41,Cascaded,2027,34.65,41
D0,DL/DL/9/I,CPT,6.0,,DL,DL,9,I,CPT,,91.67,11,12,96.25,5.00%,0.0014360313315926892,11.55,12,Cascaded,2027,11.55,12
D0,DL/DL/9/I,CTA,6.0,,DL,DL,9,I,CTA,,60.0,18,30,63.0,5.00%,0.002349869451697128,18.9,30,Cascaded,2027,18.9,30
D0,DL/DL/9/I,CTG,6.0,,DL,DL,9,I,CTG,,75.0,3,4,78.75,5.00%,0.000391644908616188,3.15,4,Cascaded,2027,3.15,4
D0,DL/DL/9/I,CUN,6.0,,DL,DL,9,I,CUN,,75.18,206,274,78.94,5.00%,0.02689295039164491,216.3,274,Cascaded,2027,216.3,274
D0,DL/DL/9/I,CUR,6.0,,DL,DL,9,I,CUR,,100.0,4,4,105.0,5.00%,0.0005221932114882506,4.2,4,Cascaded,2027,4.2,4
D0,DL/DL/9/I,CVG,6.0,,DL,DL,9,I,CVG,,44.44,8,18,46.67,5.00%,0.0010443864229765013,8.4,18,Cascaded,2027,8.4,18
D0,DL/DL/9/I,DSS,6.0,,DL,DL,9,I,DSS,,16.67,2,12,17.5,5.00%,0.0002610966057441253,2.1,12,Cascaded,2027,2.1,12
D0,DL/DL/9/I,DTW,6.0,,DL,DL,9,I,DTW,,68.97,289,419,72.42,5.00%,0.03772845953002611,303.45,419,Cascaded,2027,303.45,419
D0,DL/DL/9/I,DUB,6.0,,DL,DL,9,I,DUB,,70.29,97,138,73.8,5.00%,0.012663185378590078,101.85,138,Cascaded,2027,101.85,138
D0,DL/DL/9/I,EDI,6.0,,DL,DL,9,I,EDI,,71.84,74,103,75.44,5.00%,0.009660574412532636,77.7,103,Cascaded,2027,77.7,103
D0,DL/DL/9/I,EZE,6.0,,DL,DL,9,I,EZE,,70.0,21,30,73.5,5.00%,0.002741514360313316,22.05,30,Cascaded,2027,22.05,30
D0,DL/DL/9/I,FCO,6.0,,DL,DL,9,I,FCO,,69.71,145,208,73.2,5.00%,0.018929503916449087,152.25,208,Cascaded,2027,152.25,208
D0,DL/DL/9/I,FRA,6.0,,DL,DL,9,I,FRA,,75.28,67,89,79.04,5.00%,0.008746736292428198,70.35,89,Cascaded,2027,70.35,89
D0,DL/DL/9/I,GCM,6.0,,DL,DL,9,I,GCM,,95.24,20,21,100.0,5.00%,0.0026109660574412533,21.0,21,Cascaded,2027,21.0,21
D0,DL/DL/9/I,GDL,6.0,,DL,DL,9,I,GDL,,93.33,28,30,98.0,5.00%,0.0036553524804177544,29.4,30,Cascaded,2027,29.4,30
D0,DL/DL/9/I,GIG,6.0,,DL,DL,9,I,GIG,,83.33,15,18,87.5,5.00%,0.0019582245430809398,15.75,18,Cascaded,2027,15.75,18
D0,DL/DL/9/I,GRU,6.0,,DL,DL,9,I,GRU,,81.71,67,82,85.79,5.00%,0.008746736292428198,70.35,82,Cascaded,2027,70.35,82
D0,DL/DL/9/I,GUA,6.0,,DL,DL,9,I,GUA,,76.67,23,30,80.5,5.00%,0.0030026109660574412,24.15,30,Cascaded,2027,24.15,30
D0,DL/DL/9/I,GVA,6.0,,DL,DL,9,I,GVA,,68.18,15,22,71.59,5.00%,0.0019582245430809398,15.75,22,Cascaded,2027,15.75,22
D0,DL/DL/9/I,HAV,6.0,,DL,DL,9,I,HAV,,85.0,51,60,89.25,5.00%,0.006657963446475196,53.55,60,Cascaded,2027,53.55,60
D0,DL/DL/9/I,HND,6.0,,DL,DL,9,I,HND,,53.63,96,179,56.31,5.00%,0.012532637075718016,100.8,179,Cascaded,2027,100.8,179
D0,DL/DL/9/I,HNL,6.0,,DL,DL,9,I,HNL,,86.21,25,29,90.52,5.00%,0.0032637075718015664,26.25,29,Cascaded,2027,26.25,29
D0,DL/DL/9/I,ICN,6.0,,DL,DL,9,I,ICN,,48.88,87,178,51.32,5.00%,0.011357702349869452,91.35,178,Cascaded,2027,91.35,178
D0,DL/DL/9/I,JFK,6.0,,DL,DL,9,I,JFK,,69.0,957,1387,72.45,5.00%,0.12493472584856397,1004.85,1387,Cascaded,2027,1004.85,1387
D0,DL/DL/9/I,JNB,6.0,,DL,DL,9,I,JNB,,58.62,17,29,61.55,5.00%,0.0022193211488250653,17.85,29,Cascaded,2027,17.85,29
D0,DL/DL/9/I,KEF,6.0,,DL,DL,9,I,KEF,,73.33,44,60,77.0,5.00%,0.005744125326370757,46.2,60,Cascaded,2027,46.2,60
D0,DL/DL/9/I,KIN,6.0,,DL,DL,9,I,KIN,,93.33,28,30,98.0,5.00%,0.0036553524804177544,29.4,30,Cascaded,2027,29.4,30
D0,DL/DL/9/I,LAX,6.0,,DL,DL,9,I,LAX,,75.94,142,187,79.73,5.00%,0.018537859007832898,149.1,187,Cascaded,2027,149.1,187
D0,DL/DL/9/I,LGW,6.0,,DL,DL,9,I,LGW,,75.0,6,8,78.75,5.00%,0.000783289817232376,6.3,8,Cascaded,2027,6.3,8
D0,DL/DL/9/I,LHR,6.0,,DL,DL,9,I,LHR,,65.74,190,289,69.03,5.00%,0.024804177545691905,199.5,289,Cascaded,2027,199.5,289
D0,DL/DL/9/I,LIM,6.0,,DL,DL,9,I,LIM,,40.0,12,30,42.0,5.00%,0.001566579634464752,12.6,30,Cascaded,2027,12.6,30
D0,DL/DL/9/I,LIR,6.0,,DL,DL,9,I,LIR,,96.67,29,30,101.5,5.00%,0.003785900783289817,30.45,30,Cascaded,2027,30.45,30
D0,DL/DL/9/I,LIS,6.0,,DL,DL,9,I,LIS,,52.54,31,59,55.17,5.00%,0.004046997389033942,32.55,59,Cascaded,2027,32.55,59
D0,DL/DL/9/I,LOS,6.0,,DL,DL,9,I,LOS,,20.69,6,29,21.72,5.00%,0.000783289817232376,6.3,29,Cascaded,2027,6.3,29
D0,DL/DL/9/I,MAD,6.0,,DL,DL,9,I,MAD,,70.0,42,60,73.5,5.00%,0.005483028720626632,44.1,60,Cascaded,2027,44.1,60
D0,DL/DL/9/I,MBJ,6.0,,DL,DL,9,I,MBJ,,79.44,85,107,83.41,5.00%,0.011096605744125326,89.25,107,Cascaded,2027,89.25,107
D0,DL/DL/9/I,MEX,6.0,,DL,DL,9,I,MEX,,80.43,189,235,84.45,5.00%,0.024673629242819843,198.45,235,Cascaded,2027,198.45,235
D0,DL/DL/9/I,MIA,6.0,,DL,DL,9,I,MIA,,75.0,45,60,78.75,5.00%,0.00587467362924282,47.25,60,Cascaded,2027,47.25,60
D0,DL/DL/9/I,MSP,6.0,,DL,DL,9,I,MSP,,65.91,292,443,69.21,5.00%,0.0381201044386423,306.6,443,Cascaded,2027,306.6,443
D0,DL/DL/9/I,MTY,6.0,,DL,DL,9,I,MTY,,93.33,28,30,98.0,5.00%,0.0036553524804177544,29.4,30,Cascaded,2027,29.4,30
D0,DL/DL/9/I,MUC,6.0,,DL,DL,9,I,MUC,,49.09,27,55,51.55,5.00%,0.003524804177545692,28.35,55,Cascaded,2027,28.35,55
D0,DL/DL/9/I,MXP,6.0,,DL,DL,9,I,MXP,,55.17,48,87,57.93,5.00%,0.006266318537859008,50.4,87,Cascaded,2027,50.4,87
D0,DL/DL/9/I,NAP,6.0,,DL,DL,9,I,NAP,,78.72,37,47,82.66,5.00%,0.004830287206266318,38.85,47,Cascaded,2027,38.85,47
D0,DL/DL/9/I,NAS,6.0,,DL,DL,9,I,NAS,,92.31,84,91,96.92,5.00%,0.010966057441253264,88.2,91,Cascaded,2027,88.2,91
D0,DL/DL/9/I,NCE,6.0,,DL,DL,9,I,NCE,,78.0,39,50,81.9,5.00%,0.005091383812010444,40.95,50,Cascaded,2027,40.95,50
D0,DL/DL/9/I,PLS,6.0,,DL,DL,9,I,PLS,,96.67,29,30,101.5,5.00%,0.003785900783289817,30.45,30,Cascaded,2027,30.45,30
D0,DL/DL/9/I,PRG,6.0,,DL,DL,9,I,PRG,,70.0,21,30,73.5,5.00%,0.002741514360313316,22.05,30,Cascaded,2027,22.05,30
D0,DL/DL/9/I,PTY,6.0,,DL,DL,9,I,PTY,,73.33,22,30,77.0,5.00%,0.0028720626631853785,23.1,30,Cascaded,2027,23.1,30
D0,DL/DL/9/I,PUJ,6.0,,DL,DL,9,I,PUJ,,68.37,67,98,71.79,5.00%,0.008746736292428198,70.35,98,Cascaded,2027,70.35,98
D0,DL/DL/9/I,PVG,6.0,,DL,DL,9,I,PVG,,63.38,45,71,66.55,5.00%,0.00587467362924282,47.25,71,Cascaded,2027,47.25,71
D0,DL/DL/9/I,PVR,6.0,,DL,DL,9,I,PVR,,89.55,60,67,94.03,5.00%,0.007832898172323759,63.0,67,Cascaded,2027,63.0,67
D0,DL/DL/9/I,RTB,6.0,,DL,DL,9,I,RTB,,100.0,4,4,105.0,5.00%,0.0005221932114882506,4.2,4,Cascaded,2027,4.2,4
D0,DL/DL/9/I,SAL,6.0,,DL,DL,9,I,SAL,,86.67,26,30,91.0,5.00%,0.003394255874673629,27.3,30,Cascaded,2027,27.3,30
D0,DL/DL/9/I,SAP,6.0,,DL,DL,9,I,SAP,,63.33,19,30,66.5,5.00%,0.0024804177545691905,19.95,30,Cascaded,2027,19.95,30
D0,DL/DL/9/I,SCL,6.0,,DL,DL,9,I,SCL,,66.67,20,30,70.0,5.00%,0.0026109660574412533,21.0,30,Cascaded,2027,21.0,30
D0,DL/DL/9/I,SDQ,6.0,,DL,DL,9,I,SDQ,,65.79,75,114,69.08,5.00%,0.0097911227154047,78.75,114,Cascaded,2027,78.75,114
D0,DL/DL/9/I,SEA,6.0,,DL,DL,9,I,SEA,,65.08,164,252,68.33,5.00%,0.021409921671018278,172.2,252,Cascaded,2027,172.2,252
D0,DL/DL/9/I,SJD,6.0,,DL,DL,9,I,SJD,,78.82,67,85,82.76,5.00%,0.008746736292428198,70.35,85,Cascaded,2027,70.35,85
D0,DL/DL/9/I,SJO,6.0,,DL,DL,9,I,SJO,,63.33,19,30,66.5,5.00%,0.0024804177545691905,19.95,30,Cascaded,2027,19.95,30
D0,DL/DL/9/I,SLC,6.0,,DL,DL,9,I,SLC,,79.02,177,224,82.97,5.00%,0.023107049608355093,185.85,224,Cascaded,2027,185.85,224
D0,DL/DL/9/I,SNN,6.0,,DL,DL,9,I,SNN,,91.67,11,12,96.25,5.00%,0.0014360313315926892,11.55,12,Cascaded,2027,11.55,12
D0,DL/DL/9/I,STI,6.0,,DL,DL,9,I,STI,,73.81,62,84,77.5,5.00%,0.008093994778067885,65.1,84,Cascaded,2027,65.1,84
D0,DL/DL/9/I,SXM,6.0,,DL,DL,9,I,SXM,,80.0,16,20,84.0,5.00%,0.0020887728459530026,16.8,20,Cascaded,2027,16.8,20
D0,DL/DL/9/I,SYD,6.0,,DL,DL,9,I,SYD,,83.33,25,30,87.5,5.00%,0.0032637075718015664,26.25,30,Cascaded,2027,26.25,30
D0,DL/DL/9/I,TLV,6.0,,DL,DL,9,I,TLV,,62.07,18,29,65.17,5.00%,0.002349869451697128,18.9,29,Cascaded,2027,18.9,29
D0,DL/DL/9/I,TPA,6.0,,DL,DL,9,I,TPA,,75.0,12,16,78.75,5.00%,0.001566579634464752,12.6,16,Cascaded,2027,12.6,16
D0,DL/DL/9/I,TPE,6.0,,DL,DL,9,I,TPE,,79.31,23,29,83.28,5.00%,0.0030026109660574412,24.15,29,Cascaded,2027,24.15,29
D0,DL/DL/9/I,TQO,6.0,,DL,DL,9,I,TQO,,76.0,19,25,79.8,5.00%,0.0024804177545691905,19.95,25,Cascaded,2027,19.95,25
D0,DL/DL/9/I,UIO,6.0,,DL,DL,9,I,UIO,,53.33,16,30,56.0,5.00%,0.0020887728459530026,16.8,30,Cascaded,2027,16.8,30
D0,DL/DL/9/I,UVF,6.0,,DL,DL,9,I,UVF,,90.0,27,30,94.5,5.00%,0.003524804177545692,28.35,30,Cascaded,2027,28.35,30
D0,DL/DL/9/I,VCE,6.0,,DL,DL,9,I,VCE,,79.37,50,63,83.33,5.00%,0.006527415143603133,52.5,63,Cascaded,2027,52.5,63
D0,DL/DL/9/I,YUL,6.0,,DL,DL,9,I,YUL,,87.01,67,77,91.36,5.00%,0.008746736292428198,70.35,77,Cascaded,2027,70.35,77
D0,DL/DL/9/I,YVR,6.0,,DL,DL,9,I,YVR,,88.33,53,60,92.75,5.00%,0.006919060052219321,55.65,60,Cascaded,2027,55.65,60
D0,DL/DL/9/I,YYC,6.0,,DL,DL,9,I,YYC,,66.67,40,60,70.0,5.00%,0.005221932114882507,42.0,60,Cascaded,2027,42.0,60
D0,DL/DL/9/I,YYZ,6.0,,DL,DL,9,I,YYZ,,80.0,128,160,84.0,5.00%,0.01671018276762402,134.4,160,Cascaded,2027,134.4,160
D0,DL/DL/9/I,ZRH,6.0,,DL,DL,9,I,ZRH,,61.7,29,47,64.79,5.00%,0.003785900783289817,30.45,47,Cascaded,2027,30.45,47
