KPI,Node Name,Parent,Category,Tier,Contribution,Target/Goal,Category Path,Node Path,Child Count,Leaf
PAX_BRD_PCTL_0,PAX_BRD_PCTL_0,,Root,0,1,Goal,Root,PAX_BRD_PCTL_0,2,No
PAX_BRD_PCTL_0,ACS,PAX_BRD_PCTL_0,div,1,56.48,Goal,Root/div,PAX_BRD_PCTL_0/ACS,1,No
PAX_BRD_PCTL_0,ML,ACS,carrier,2,100.0,Goal,Root/div/carrier,PAX_BRD_PCTL_0/ACS/ML,318,No
PAX_BRD_PCTL_0,APAC_Director,ML,director,3,0.6,Goal,Root/div/carrier/director,PAX_BRD_PCTL_0/ACS/ML/APAC_Director,1,No
PAX_BRD_PCTL_0,I,APAC_Director,dom_int,4,100.0,Goal,Root/div/carrier/director/dom_int,PAX_BRD_PCTL_0/ACS/ML/APAC_Director/I,0,Yes
PAX_BRD_PCTL_0,AUS_Director,ML,director,3,0.57,Goal,Root/div/carrier/director,PAX_BRD_PCTL_0/ACS/ML/AUS_Director,1,No
PAX_BRD_PCTL_0,D,AUS_Director,dom_int,4,100.0,Goal,Root/div/carrier/director/dom_int,PAX_BRD_PCTL_0/ACS/ML/AUS_Director/D,0,Yes
PAX_BRD_PCTL_0,CANMEX_Director,ML,director,3,0.0,Goal,Root/div/carrier/director,PAX_BRD_PCTL_0/ACS/ML/CANMEX_Director,1,No
PAX_BRD_PCTL_0,I,CANMEX_Director,dom_int,4,100.0,Goal,Root/div/carrier/director/dom_int,PAX_BRD_PCTL_0/ACS/ML/CANMEX_Director/I,0,Yes
PAX_BRD_PCTL_0,Caribbean_Director,ML,director,3,0.52,Goal,Root/div/carrier/director,PAX_BRD_PCTL_0/ACS/ML/Caribbean_Director,1,No
PAX_BRD_PCTL_0,I,Caribbean_Director,dom_int,4,100.0,Goal,Root/div/carrier/director/dom_int,PAX_BRD_PCTL_0/ACS/ML/Caribbean_Director/I,0,Yes
PAX_BRD_PCTL_0,CASA_Director,ML,director,3,0.1,Goal,Root/div/carrier/director,PAX_BRD_PCTL_0/ACS/ML/CASA_Director,1,No
PAX_BRD_PCTL_0,I,CASA_Director,dom_int,4,100.0,Goal,Root/div/carrier/director/dom_int,PAX_BRD_PCTL_0/ACS/ML/CASA_Director/I,0,Yes
PAX_BRD_PCTL_0,CDG_Director,ML,director,3,0.08,Goal,Root/div/carrier/director,PAX_BRD_PCTL_0/ACS/ML/CDG_Director,1,No
PAX_BRD_PCTL_0,I,CDG_Director,dom_int,4,100.0,Goal,Root/div/carrier/director/dom_int,PAX_BRD_PCTL_0/ACS/ML/CDG_Director/I,0,Yes
PAX_BRD_PCTL_0,Central_Director,ML,director,3,0.27,Goal,Root/div/carrier/director,PAX_BRD_PCTL_0/ACS/ML/Central_Director,1,No
PAX_BRD_PCTL_0,D,Central_Director,dom_int,4,100.0,Goal,Root/div/carrier/director/dom_int,PAX_BRD_PCTL_0/ACS/ML/Central_Director/D,0,Yes
PAX_BRD_PCTL_0,East_Director,ML,director,3,0.29,Goal,Root/div/carrier/director,PAX_BRD_PCTL_0/ACS/ML/East_Director,1,No
PAX_BRD_PCTL_0,D,East_Director,dom_int,4,100.0,Goal,Root/div/carrier/director/dom_int,PAX_BRD_PCTL_0/ACS/ML/East_Director/D,0,Yes
PAX_BRD_PCTL_0,EMEA-A,ML,director,3,0.09,Goal,Root/div/carrier/director,PAX_BRD_PCTL_0/ACS/ML/EMEA-A,1,No
PAX_BRD_PCTL_0,I,EMEA-A,dom_int,4,100.0,Goal,Root/div/carrier/director/dom_int,PAX_BRD_PCTL_0/ACS/ML/EMEA-A/I,0,Yes
PAX_BRD_PCTL_0,EMEA-B,ML,director,3,0.49,Goal,Root/div/carrier/director,PAX_BRD_PCTL_0/ACS/ML/EMEA-B,1,No
PAX_BRD_PCTL_0,I,EMEA-B,dom_int,4,100.0,Goal,Root/div/carrier/director/dom_int,PAX_BRD_PCTL_0/ACS/ML/EMEA-B/I,0,Yes
PAX_BRD_PCTL_0,FieldStations_Director,ML,director,3,0.23,Goal,Root/div/carrier/director,PAX_BRD_PCTL_0/ACS/ML/FieldStations_Director,1,No
PAX_BRD_PCTL_0,D,FieldStations_Director,dom_int,4,100.0,Goal,Root/div/carrier/director/dom_int,PAX_BRD_PCTL_0/ACS/ML/FieldStations_Director/D,0,Yes
PAX_BRD_PCTL_0,Florida_Director,ML,director,3,0.17,Goal,Root/div/carrier/director,PAX_BRD_PCTL_0/ACS/ML/Florida_Director,1,No
PAX_BRD_PCTL_0,D,Florida_Director,dom_int,4,100.0,Goal,Root/div/carrier/director/dom_int,PAX_BRD_PCTL_0/ACS/ML/Florida_Director/D,0,Yes
PAX_BRD_PCTL_0,Hub_ATL,ML,director,3,0.4,Goal,Root/div/carrier/director,PAX_BRD_PCTL_0/ACS/ML/Hub_ATL,1,No
PAX_BRD_PCTL_0,D,Hub_ATL,dom_int,4,100.0,Goal,Root/div/carrier/director/dom_int,PAX_BRD_PCTL_0/ACS/ML/Hub_ATL/D,0,Yes
PAX_BRD_PCTL_0,Hub_BOS,ML,director,3,0.5,Goal,Root/div/carrier/director,PAX_BRD_PCTL_0/ACS/ML/Hub_BOS,1,No
PAX_BRD_PCTL_0,D,Hub_BOS,dom_int,4,100.0,Goal,Root/div/carrier/director/dom_int,PAX_BRD_PCTL_0/ACS/ML/Hub_BOS/D,0,Yes
PAX_BRD_PCTL_0,Hub_DTW,ML,director,3,0.5,Goal,Root/div/carrier/director,PAX_BRD_PCTL_0/ACS/ML/Hub_DTW,1,No
PAX_BRD_PCTL_0,D,Hub_DTW,dom_int,4,100.0,Goal,Root/div/carrier/director/dom_int,PAX_BRD_PCTL_0/ACS/ML/Hub_DTW/D,0,Yes
PAX_BRD_PCTL_0,Hub_JFK,ML,director,3,0.09,Goal,Root/div/carrier/director,PAX_BRD_PCTL_0/ACS/ML/Hub_JFK,1,No
PAX_BRD_PCTL_0,D,Hub_JFK,dom_int,4,100.0,Goal,Root/div/carrier/director/dom_int,PAX_BRD_PCTL_0/ACS/ML/Hub_JFK/D,0,Yes
PAX_BRD_PCTL_0,Hub_LAX,ML,director,3,0.21,Goal,Root/div/carrier/director,PAX_BRD_PCTL_0/ACS/ML/Hub_LAX,1,No
PAX_BRD_PCTL_0,D,Hub_LAX,dom_int,4,100.0,Goal,Root/div/carrier/director/dom_int,PAX_BRD_PCTL_0/ACS/ML/Hub_LAX/D,0,Yes
PAX_BRD_PCTL_0,Hub_LGA,ML,director,3,0.09,Goal,Root/div/carrier/director,PAX_BRD_PCTL_0/ACS/ML/Hub_LGA,1,No
PAX_BRD_PCTL_0,D,Hub_LGA,dom_int,4,100.0,Goal,Root/div/carrier/director/dom_int,PAX_BRD_PCTL_0/ACS/ML/Hub_LGA/D,0,Yes
PAX_BRD_PCTL_0,Hub_MSP,ML,director,3,0.59,Goal,Root/div/carrier/director,PAX_BRD_PCTL_0/ACS/ML/Hub_MSP,1,No
PAX_BRD_PCTL_0,D,Hub_MSP,dom_int,4,100.0,Goal,Root/div/carrier/director/dom_int,PAX_BRD_PCTL_0/ACS/ML/Hub_MSP/D,0,Yes
PAX_BRD_PCTL_0,Hub_SEA,ML,director,3,0.14,Goal,Root/div/carrier/director,PAX_BRD_PCTL_0/ACS/ML/Hub_SEA,1,No
PAX_BRD_PCTL_0,D,Hub_SEA,dom_int,4,100.0,Goal,Root/div/carrier/director/dom_int,PAX_BRD_PCTL_0/ACS/ML/Hub_SEA/D,0,Yes
PAX_BRD_PCTL_0,Hub_SLC,ML,director,3,0.08,Goal,Root/div/carrier/director,PAX_BRD_PCTL_0/ACS/ML/Hub_SLC,1,No
PAX_BRD_PCTL_0,D,Hub_SLC,dom_int,4,100.0,Goal,Root/div/carrier/director/dom_int,PAX_BRD_PCTL_0/ACS/ML/Hub_SLC/D,0,Yes
PAX_BRD_PCTL_0,West_Director,ML,director,3,0.28,Goal,Root/div/carrier/director,PAX_BRD_PCTL_0/ACS/ML/West_Director,1,No
PAX_BRD_PCTL_0,D,West_Director,dom_int,4,100.0,Goal,Root/div/carrier/director/dom_int,PAX_BRD_PCTL_0/ACS/ML/West_Director/D,0,Yes
PAX_BRD_PCTL_0,ACSATL,ML,division,3,0.05,Goal,Root/div/carrier/division,PAX_BRD_PCTL_0/ACS/ML/ACSATL,1,No
PAX_BRD_PCTL_0,D,ACSATL,dom_int,4,100.0,Goal,Root/div/carrier/division/dom_int,PAX_BRD_PCTL_0/ACS/ML/ACSATL/D,0,Yes
PAX_BRD_PCTL_0,DTW_AUS_FL,ML,division,3,0.32,Goal,Root/div/carrier/division,PAX_BRD_PCTL_0/ACS/ML/DTW_AUS_FL,1,No
PAX_BRD_PCTL_0,D,DTW_AUS_FL,dom_int,4,100.0,Goal,Root/div/carrier/division/dom_int,PAX_BRD_PCTL_0/ACS/ML/DTW_AUS_FL/D,0,Yes
PAX_BRD_PCTL_0,East,ML,division,3,0.59,Goal,Root/div/carrier/division,PAX_BRD_PCTL_0/ACS/ML/East,1,No
PAX_BRD_PCTL_0,D,East,dom_int,4,100.0,Goal,Root/div/carrier/division/dom_int,PAX_BRD_PCTL_0/ACS/ML/East/D,0,Yes
PAX_BRD_PCTL_0,FieldStations,ML,division,3,0.09,Goal,Root/div/carrier/division,PAX_BRD_PCTL_0/ACS/ML/FieldStations,1,No
PAX_BRD_PCTL_0,D,FieldStations,dom_int,4,100.0,Goal,Root/div/carrier/division/dom_int,PAX_BRD_PCTL_0/ACS/ML/FieldStations/D,0,Yes
PAX_BRD_PCTL_0,International,ML,division,3,0.15,Goal,Root/div/carrier/division,PAX_BRD_PCTL_0/ACS/ML/International,1,No
PAX_BRD_PCTL_0,I,International,dom_int,4,100.0,Goal,Root/div/carrier/division/dom_int,PAX_BRD_PCTL_0/ACS/ML/International/I,0,Yes
PAX_BRD_PCTL_0,JFK_BOS,ML,division,3,0.53,Goal,Root/div/carrier/division,PAX_BRD_PCTL_0/ACS/ML/JFK_BOS,1,No
PAX_BRD_PCTL_0,D,JFK_BOS,dom_int,4,100.0,Goal,Root/div/carrier/division/dom_int,PAX_BRD_PCTL_0/ACS/ML/JFK_BOS/D,0,Yes
PAX_BRD_PCTL_0,MSP_SEA_SLC,ML,division,3,0.12,Goal,Root/div/carrier/division,PAX_BRD_PCTL_0/ACS/ML/MSP_SEA_SLC,1,No
PAX_BRD_PCTL_0,D,MSP_SEA_SLC,dom_int,4,100.0,Goal,Root/div/carrier/division/dom_int,PAX_BRD_PCTL_0/ACS/ML/MSP_SEA_SLC/D,0,Yes
PAX_BRD_PCTL_0,West_Central,ML,division,3,0.01,Goal,Root/div/carrier/division,PAX_BRD_PCTL_0/ACS/ML/West_Central,1,No
PAX_BRD_PCTL_0,D,West_Central,dom_int,4,100.0,Goal,Root/div/carrier/division/dom_int,PAX_BRD_PCTL_0/ACS/ML/West_Central/D,0,Yes
PAX_BRD_PCTL_0,D,ML,dom_int,3,0.34,Goal,Root/div/carrier/dom_int,PAX_BRD_PCTL_0/ACS/ML/D,0,Yes
PAX_BRD_PCTL_0,I,ML,dom_int,3,0.33,Goal,Root/div/carrier/dom_int,PAX_BRD_PCTL_0/ACS/ML/I,0,Yes
PAX_BRD_PCTL_0,AUS_Region,ML,region,3,0.39,Goal,Root/div/carrier/region,PAX_BRD_PCTL_0/ACS/ML/AUS_Region,1,No
PAX_BRD_PCTL_0,D,AUS_Region,dom_int,4,100.0,Goal,Root/div/carrier/region/dom_int,PAX_BRD_PCTL_0/ACS/ML/AUS_Region/D,0,Yes
PAX_BRD_PCTL_0,Canada_Region,ML,region,3,0.31,Goal,Root/div/carrier/region,PAX_BRD_PCTL_0/ACS/ML/Canada_Region,1,No
PAX_BRD_PCTL_0,I,Canada_Region,dom_int,4,100.0,Goal,Root/div/carrier/region/dom_int,PAX_BRD_PCTL_0/ACS/ML/Canada_Region/I,0,Yes
PAX_BRD_PCTL_0,Caribbean_Region,ML,region,3,0.02,Goal,Root/div/carrier/region,PAX_BRD_PCTL_0/ACS/ML/Caribbean_Region,1,No
PAX_BRD_PCTL_0,I,Caribbean_Region,dom_int,4,100.0,Goal,Root/div/carrier/region/dom_int,PAX_BRD_PCTL_0/ACS/ML/Caribbean_Region/I,0,Yes
PAX_BRD_PCTL_0,CDG_Region,ML,region,3,0.52,Goal,Root/div/carrier/region,PAX_BRD_PCTL_0/ACS/ML/CDG_Region,1,No
PAX_BRD_PCTL_0,I,CDG_Region,dom_int,4,100.0,Goal,Root/div/carrier/region/dom_int,PAX_BRD_PCTL_0/ACS/ML/CDG_Region/I,0,Yes
PAX_BRD_PCTL_0,CentralAmerica_Region,ML,region,3,0.29,Goal,Root/div/carrier/region,PAX_BRD_PCTL_0/ACS/ML/CentralAmerica_Region,1,No
PAX_BRD_PCTL_0,I,CentralAmerica_Region,dom_int,4,100.0,Goal,Root/div/carrier/region/dom_int,PAX_BRD_PCTL_0/ACS/ML/CentralAmerica_Region/I,0,Yes
PAX_BRD_PCTL_0,Central_Region,ML,region,3,0.54,Goal,Root/div/carrier/region,PAX_BRD_PCTL_0/ACS/ML/Central_Region,1,No
PAX_BRD_PCTL_0,D,Central_Region,dom_int,4,100.0,Goal,Root/div/carrier/region/dom_int,PAX_BRD_PCTL_0/ACS/ML/Central_Region/D,0,Yes
PAX_BRD_PCTL_0,EastAsia_Region,ML,region,3,0.28,Goal,Root/div/carrier/region,PAX_BRD_PCTL_0/ACS/ML/EastAsia_Region,1,No
PAX_BRD_PCTL_0,I,EastAsia_Region,dom_int,4,100.0,Goal,Root/div/carrier/region/dom_int,PAX_BRD_PCTL_0/ACS/ML/EastAsia_Region/I,0,Yes
PAX_BRD_PCTL_0,Florida_Region,ML,region,3,0.04,Goal,Root/div/carrier/region,PAX_BRD_PCTL_0/ACS/ML/Florida_Region,1,No
PAX_BRD_PCTL_0,D,Florida_Region,dom_int,4,100.0,Goal,Root/div/carrier/region/dom_int,PAX_BRD_PCTL_0/ACS/ML/Florida_Region/D,0,Yes
PAX_BRD_PCTL_0,FS_Central,ML,region,3,0.52,Goal,Root/div/carrier/region,PAX_BRD_PCTL_0/ACS/ML/FS_Central,1,No
PAX_BRD_PCTL_0,D,FS_Central,dom_int,4,100.0,Goal,Root/div/carrier/region/dom_int,PAX_BRD_PCTL_0/ACS/ML/FS_Central/D,0,Yes
PAX_BRD_PCTL_0,FS_East,ML,region,3,0.3,Goal,Root/div/carrier/region,PAX_BRD_PCTL_0/ACS/ML/FS_East,1,No
PAX_BRD_PCTL_0,D,FS_East,dom_int,4,100.0,Goal,Root/div/carrier/region/dom_int,PAX_BRD_PCTL_0/ACS/ML/FS_East/D,0,Yes
PAX_BRD_PCTL_0,FS_MountainWest,ML,region,3,0.54,Goal,Root/div/carrier/region,PAX_BRD_PCTL_0/ACS/ML/FS_MountainWest,1,No
PAX_BRD_PCTL_0,D,FS_MountainWest,dom_int,4,100.0,Goal,Root/div/carrier/region/dom_int,PAX_BRD_PCTL_0/ACS/ML/FS_MountainWest/D,0,Yes
PAX_BRD_PCTL_0,FS_South,ML,region,3,0.49,Goal,Root/div/carrier/region,PAX_BRD_PCTL_0/ACS/ML/FS_South,1,No
PAX_BRD_PCTL_0,D,FS_South,dom_int,4,100.0,Goal,Root/div/carrier/region/dom_int,PAX_BRD_PCTL_0/ACS/ML/FS_South/D,0,Yes
PAX_BRD_PCTL_0,FS_West,ML,region,3,0.36,Goal,Root/div/carrier/region,PAX_BRD_PCTL_0/ACS/ML/FS_West,1,No
PAX_BRD_PCTL_0,D,FS_West,dom_int,4,100.0,Goal,Root/div/carrier/region/dom_int,PAX_BRD_PCTL_0/ACS/ML/FS_West/D,0,Yes
PAX_BRD_PCTL_0,GreatLakes_Region,ML,region,3,0.25,Goal,Root/div/carrier/region,PAX_BRD_PCTL_0/ACS/ML/GreatLakes_Region,1,No
PAX_BRD_PCTL_0,D,GreatLakes_Region,dom_int,4,100.0,Goal,Root/div/carrier/region/dom_int,PAX_BRD_PCTL_0/ACS/ML/GreatLakes_Region/D,0,Yes
PAX_BRD_PCTL_0,MCO_Region,ML,region,3,0.15,Goal,Root/div/carrier/region,PAX_BRD_PCTL_0/ACS/ML/MCO_Region,1,No
PAX_BRD_PCTL_0,D,MCO_Region,dom_int,4,100.0,Goal,Root/div/carrier/region/dom_int,PAX_BRD_PCTL_0/ACS/ML/MCO_Region/D,0,Yes
PAX_BRD_PCTL_0,Mexico_Region,ML,region,3,0.1,Goal,Root/div/carrier/region,PAX_BRD_PCTL_0/ACS/ML/Mexico_Region,1,No
PAX_BRD_PCTL_0,I,Mexico_Region,dom_int,4,100.0,Goal,Root/div/carrier/region/dom_int,PAX_BRD_PCTL_0/ACS/ML/Mexico_Region/I,0,Yes
PAX_BRD_PCTL_0,MIA_Region,ML,region,3,0.45,Goal,Root/div/carrier/region,PAX_BRD_PCTL_0/ACS/ML/MIA_Region,1,No
PAX_BRD_PCTL_0,D,MIA_Region,dom_int,4,100.0,Goal,Root/div/carrier/region/dom_int,PAX_BRD_PCTL_0/ACS/ML/MIA_Region/D,0,Yes
PAX_BRD_PCTL_0,Northeast_Region,ML,region,3,0.06,Goal,Root/div/carrier/region,PAX_BRD_PCTL_0/ACS/ML/Northeast_Region,1,No
PAX_BRD_PCTL_0,D,Northeast_Region,dom_int,4,100.0,Goal,Root/div/carrier/region/dom_int,PAX_BRD_PCTL_0/ACS/ML/Northeast_Region/D,0,Yes
PAX_BRD_PCTL_0,SouthAmerica_Region,ML,region,3,0.31,Goal,Root/div/carrier/region,PAX_BRD_PCTL_0/ACS/ML/SouthAmerica_Region,1,No
PAX_BRD_PCTL_0,I,SouthAmerica_Region,dom_int,4,100.0,Goal,Root/div/carrier/region/dom_int,PAX_BRD_PCTL_0/ACS/ML/SouthAmerica_Region/I,0,Yes
PAX_BRD_PCTL_0,Southeast_Region,ML,region,3,0.43,Goal,Root/div/carrier/region,PAX_BRD_PCTL_0/ACS/ML/Southeast_Region,1,No
PAX_BRD_PCTL_0,D,Southeast_Region,dom_int,4,100.0,Goal,Root/div/carrier/region/dom_int,PAX_BRD_PCTL_0/ACS/ML/Southeast_Region/D,0,Yes
PAX_BRD_PCTL_0,SouthPacific_Region,ML,region,3,0.6,Goal,Root/div/carrier/region,PAX_BRD_PCTL_0/ACS/ML/SouthPacific_Region,1,No
PAX_BRD_PCTL_0,I,SouthPacific_Region,dom_int,4,100.0,Goal,Root/div/carrier/region/dom_int,PAX_BRD_PCTL_0/ACS/ML/SouthPacific_Region/I,0,Yes
PAX_BRD_PCTL_0,SouthWest_Region,ML,region,3,0.01,Goal,Root/div/carrier/region,PAX_BRD_PCTL_0/ACS/ML/SouthWest_Region,1,No
PAX_BRD_PCTL_0,D,SouthWest_Region,dom_int,4,100.0,Goal,Root/div/carrier/region/dom_int,PAX_BRD_PCTL_0/ACS/ML/SouthWest_Region/D,0,Yes
PAX_BRD_PCTL_0,West_Region,ML,region,3,0.39,Goal,Root/div/carrier/region,PAX_BRD_PCTL_0/ACS/ML/West_Region,1,No
PAX_BRD_PCTL_0,D,West_Region,dom_int,4,100.0,Goal,Root/div/carrier/region/dom_int,PAX_BRD_PCTL_0/ACS/ML/West_Region/D,0,Yes
PAX_BRD_PCTL_0,ABQ,ML,station,3,0.05,Goal,Root/div/carrier/station,PAX_BRD_PCTL_0/ACS/ML/ABQ,1,No
PAX_BRD_PCTL_0,D,ABQ,dom_int,4,100.0,Goal,Root/div/carrier/station/dom_int,PAX_BRD_PCTL_0/ACS/ML/ABQ/D,0,Yes
PAX_BRD_PCTL_0,ACC,ML,station,3,0.45,Goal,Root/div/carrier/station,PAX_BRD_PCTL_0/ACS/ML/ACC,1,No
PAX_BRD_PCTL_0,I,ACC,dom_int,4,100.0,Goal,Root/div/carrier/station/dom_int,PAX_BRD_PCTL_0/ACS/ML/ACC/I,0,Yes
PAX_BRD_PCTL_0,AGS,ML,station,3,0.58,Goal,Root/div/carrier/station,PAX_BRD_PCTL_0/ACS/ML/AGS,1,No
PAX_BRD_PCTL_0,D,AGS,dom_int,4,100.0,Goal,Root/div/carrier/station/dom_int,PAX_BRD_PCTL_0/ACS/ML/AGS/D,0,Yes
PAX_BRD_PCTL_0,AKL,ML,station,3,0.39,Goal,Root/div/carrier/station,PAX_BRD_PCTL_0/ACS/ML/AKL,1,No
PAX_BRD_PCTL_0,I,AKL,dom_int,4,100.0,Goal,Root/div/carrier/station/dom_int,PAX_BRD_PCTL_0/ACS/ML/AKL/I,0,Yes
PAX_BRD_PCTL_0,ALB,ML,station,3,0.2,Goal,Root/div/carrier/station,PAX_BRD_PCTL_0/ACS/ML/ALB,1,No
PAX_BRD_PCTL_0,D,ALB,dom_int,4,100.0,Goal,Root/div/carrier/station/dom_int,PAX_BRD_PCTL_0/ACS/ML/ALB/D,0,Yes
PAX_BRD_PCTL_0,ANC,ML,station,3,0.28,Goal,Root/div/carrier/station,PAX_BRD_PCTL_0/ACS/ML/ANC,1,No
PAX_BRD_PCTL_0,D,ANC,dom_int,4,100.0,Goal,Root/div/carrier/station/dom_int,PAX_BRD_PCTL_0/ACS/ML/ANC/D,0,Yes
PAX_BRD_PCTL_0,ANU,ML,station,3,0.28,Goal,Root/div/carrier/station,PAX_BRD_PCTL_0/ACS/ML/ANU,1,No
PAX_BRD_PCTL_0,I,ANU,dom_int,4,100.0,Goal,Root/div/carrier/station/dom_int,PAX_BRD_PCTL_0/ACS/ML/ANU/I,0,Yes
PAX_BRD_PCTL_0,ARN,ML,station,3,0.45,Goal,Root/div/carrier/station,PAX_BRD_PCTL_0/ACS/ML/ARN,1,No
PAX_BRD_PCTL_0,I,ARN,dom_int,4,100.0,Goal,Root/div/carrier/station/dom_int,PAX_BRD_PCTL_0/ACS/ML/ARN/I,0,Yes
PAX_BRD_PCTL_0,ATH,ML,station,3,0.22,Goal,Root/div/carrier/station,PAX_BRD_PCTL_0/ACS/ML/ATH,1,No
PAX_BRD_PCTL_0,I,ATH,dom_int,4,100.0,Goal,Root/div/carrier/station/dom_int,PAX_BRD_PCTL_0/ACS/ML/ATH/I,0,Yes
PAX_BRD_PCTL_0,ATL,ML,station,3,0.46,Goal,Root/div/carrier/station,PAX_BRD_PCTL_0/ACS/ML/ATL,1,No
PAX_BRD_PCTL_0,D,ATL,dom_int,4,100.0,Goal,Root/div/carrier/station/dom_int,PAX_BRD_PCTL_0/ACS/ML/ATL/D,0,Yes
PAX_BRD_PCTL_0,ATW,ML,station,3,0.14,Goal,Root/div/carrier/station,PAX_BRD_PCTL_0/ACS/ML/ATW,1,No
PAX_BRD_PCTL_0,D,ATW,dom_int,4,100.0,Goal,Root/div/carrier/station/dom_int,PAX_BRD_PCTL_0/ACS/ML/ATW/D,0,Yes
PAX_BRD_PCTL_0,AUA,ML,station,3,0.29,Goal,Root/div/carrier/station,PAX_BRD_PCTL_0/ACS/ML/AUA,1,No
PAX_BRD_PCTL_0,I,AUA,dom_int,4,100.0,Goal,Root/div/carrier/station/dom_int,PAX_BRD_PCTL_0/ACS/ML/AUA/I,0,Yes
PAX_BRD_PCTL_0,AUS,ML,station,3,0.54,Goal,Root/div/carrier/station,PAX_BRD_PCTL_0/ACS/ML/AUS,1,No
PAX_BRD_PCTL_0,D,AUS,dom_int,4,100.0,Goal,Root/div/carrier/station/dom_int,PAX_BRD_PCTL_0/ACS/ML/AUS/D,0,Yes
PAX_BRD_PCTL_0,AVL,ML,station,3,0.27,Goal,Root/div/carrier/station,PAX_BRD_PCTL_0/ACS/ML/AVL,1,No
PAX_BRD_PCTL_0,D,AVL,dom_int,4,100.0,Goal,Root/div/carrier/station/dom_int,PAX_BRD_PCTL_0/ACS/ML/AVL/D,0,Yes
PAX_BRD_PCTL_0,BCN,ML,station,3,0.39,Goal,Root/div/carrier/station,PAX_BRD_PCTL_0/ACS/ML/BCN,1,No
PAX_BRD_PCTL_0,I,BCN,dom_int,4,100.0,Goal,Root/div/carrier/station/dom_int,PAX_BRD_PCTL_0/ACS/ML/BCN/I,0,Yes
PAX_BRD_PCTL_0,BDA,ML,station,3,0.6,Goal,Root/div/carrier/station,PAX_BRD_PCTL_0/ACS/ML/BDA,1,No
PAX_BRD_PCTL_0,I,BDA,dom_int,4,100.0,Goal,Root/div/carrier/station/dom_int,PAX_BRD_PCTL_0/ACS/ML/BDA/I,0,Yes
PAX_BRD_PCTL_0,BDL,ML,station,3,0.39,Goal,Root/div/carrier/station,PAX_BRD_PCTL_0/ACS/ML/BDL,1,No
PAX_BRD_PCTL_0,D,BDL,dom_int,4,100.0,Goal,Root/div/carrier/station/dom_int,PAX_BRD_PCTL_0/ACS/ML/BDL/D,0,Yes
PAX_BRD_PCTL_0,BER,ML,station,3,0.57,Goal,Root/div/carrier/station,PAX_BRD_PCTL_0/ACS/ML/BER,1,No
PAX_BRD_PCTL_0,I,BER,dom_int,4,100.0,Goal,Root/div/carrier/station/dom_int,PAX_BRD_PCTL_0/ACS/ML/BER/I,0,Yes
PAX_BRD_PCTL_0,BGI,ML,station,3,0.46,Goal,Root/div/carrier/station,PAX_BRD_PCTL_0/ACS/ML/BGI,1,No
PAX_BRD_PCTL_0,I,BGI,dom_int,4,100.0,Goal,Root/div/carrier/station/dom_int,PAX_BRD_PCTL_0/ACS/ML/BGI/I,0,Yes
PAX_BRD_PCTL_0,BGR,ML,station,3,0.14,Goal,Root/div/carrier/station,PAX_BRD_PCTL_0/ACS/ML/BGR,1,No
PAX_BRD_PCTL_0,D,BGR,dom_int,4,100.0,Goal,Root/div/carrier/station/dom_int,PAX_BRD_PCTL_0/ACS/ML/BGR/D,0,Yes
PAX_BRD_PCTL_0,BHM,ML,station,3,0.51,Goal,Root/div/carrier/station,PAX_BRD_PCTL_0/ACS/ML/BHM,1,No
PAX_BRD_PCTL_0,D,BHM,dom_int,4,100.0,Goal,Root/div/carrier/station/dom_int,PAX_BRD_PCTL_0/ACS/ML/BHM/D,0,Yes
PAX_BRD_PCTL_0,BIL,ML,station,3,0.53,Goal,Root/div/carrier/station,PAX_BRD_PCTL_0/ACS/ML/BIL,1,No
PAX_BRD_PCTL_0,D,BIL,dom_int,4,100.0,Goal,Root/div/carrier/station/dom_int,PAX_BRD_PCTL_0/ACS/ML/BIL/D,0,Yes
PAX_BRD_PCTL_0,BIS,ML,station,3,0.18,Goal,Root/div/carrier/station,PAX_BRD_PCTL_0/ACS/ML/BIS,1,No
PAX_BRD_PCTL_0,D,BIS,dom_int,4,100.0,Goal,Root/div/carrier/station/dom_int,PAX_BRD_PCTL_0/ACS/ML/BIS/D,0,Yes
PAX_BRD_PCTL_0,BNA,ML,station,3,0.58,Goal,Root/div/carrier/station,PAX_BRD_PCTL_0/ACS/ML/BNA,1,No
PAX_BRD_PCTL_0,D,BNA,dom_int,4,100.0,Goal,Root/div/carrier/station/dom_int,PAX_BRD_PCTL_0/ACS/ML/BNA/D,0,Yes
PAX_BRD_PCTL_0,BNE,ML,station,3,0.19,Goal,Root/div/carrier/station,PAX_BRD_PCTL_0/ACS/ML/BNE,1,No
PAX_BRD_PCTL_0,I,BNE,dom_int,4,100.0,Goal,Root/div/carrier/station/dom_int,PAX_BRD_PCTL_0/ACS/ML/BNE/I,0,Yes
PAX_BRD_PCTL_0,BOG,ML,station,3,0.38,Goal,Root/div/carrier/station,PAX_BRD_PCTL_0/ACS/ML/BOG,1,No
PAX_BRD_PCTL_0,I,BOG,dom_int,4,100.0,Goal,Root/div/carrier/station/dom_int,PAX_BRD_PCTL_0/ACS/ML/BOG/I,0,Yes
PAX_BRD_PCTL_0,BOI,ML,station,3,0.59,Goal,Root/div/carrier/station,PAX_BRD_PCTL_0/ACS/ML/BOI,1,No
PAX_BRD_PCTL_0,D,BOI,dom_int,4,100.0,Goal,Root/div/carrier/station/dom_int,PAX_BRD_PCTL_0/ACS/ML/BOI/D,0,Yes
PAX_BRD_PCTL_0,BON,ML,station,3,0.55,Goal,Root/div/carrier/station,PAX_BRD_PCTL_0/ACS/ML/BON,1,No
PAX_BRD_PCTL_0,I,BON,dom_int,4,100.0,Goal,Root/div/carrier/station/dom_int,PAX_BRD_PCTL_0/ACS/ML/BON/I,0,Yes
PAX_BRD_PCTL_0,BOS,ML,station,3,0.27,Goal,Root/div/carrier/station,PAX_BRD_PCTL_0/ACS/ML/BOS,1,No
PAX_BRD_PCTL_0,D,BOS,dom_int,4,100.0,Goal,Root/div/carrier/station/dom_int,PAX_BRD_PCTL_0/ACS/ML/BOS/D,0,Yes
PAX_BRD_PCTL_0,BRU,ML,station,3,0.01,Goal,Root/div/carrier/station,PAX_BRD_PCTL_0/ACS/ML/BRU,1,No
PAX_BRD_PCTL_0,I,BRU,dom_int,4,100.0,Goal,Root/div/carrier/station/dom_int,PAX_BRD_PCTL_0/ACS/ML/BRU/I,0,Yes
PAX_BRD_PCTL_0,BTR,ML,station,3,0.36,Goal,Root/div/carrier/station,PAX_BRD_PCTL_0/ACS/ML/BTR,1,No
PAX_BRD_PCTL_0,D,BTR,dom_int,4,100.0,Goal,Root/div/carrier/station/dom_int,PAX_BRD_PCTL_0/ACS/ML/BTR/D,0,Yes
PAX_BRD_PCTL_0,BTV,ML,station,3,0.26,Goal,Root/div/carrier/station,PAX_BRD_PCTL_0/ACS/ML/BTV,1,No
PAX_BRD_PCTL_0,D,BTV,dom_int,4,100.0,Goal,Root/div/carrier/station/dom_int,PAX_BRD_PCTL_0/ACS/ML/BTV/D,0,Yes
PAX_BRD_PCTL_0,BUF,ML,station,3,0.08,Goal,Root/div/carrier/station,PAX_BRD_PCTL_0/ACS/ML/BUF,1,No
PAX_BRD_PCTL_0,D,BUF,dom_int,4,100.0,Goal,Root/div/carrier/station/dom_int,PAX_BRD_PCTL_0/ACS/ML/BUF/D,0,Yes
PAX_BRD_PCTL_0,BUR,ML,station,3,0.32,Goal,Root/div/carrier/station,PAX_BRD_PCTL_0/ACS/ML/BUR,1,No
PAX_BRD_PCTL_0,D,BUR,dom_int,4,100.0,Goal,Root/div/carrier/station/dom_int,PAX_BRD_PCTL_0/ACS/ML/BUR/D,0,Yes
PAX_BRD_PCTL_0,BWI,ML,station,3,0.38,Goal,Root/div/carrier/station,PAX_BRD_PCTL_0/ACS/ML/BWI,1,No
PAX_BRD_PCTL_0,D,BWI,dom_int,4,100.0,Goal,Root/div/carrier/station/dom_int,PAX_BRD_PCTL_0/ACS/ML/BWI/D,0,Yes
PAX_BRD_PCTL_0,BZE,ML,station,3,0.52,Goal,Root/div/carrier/station,PAX_BRD_PCTL_0/ACS/ML/BZE,1,No
PAX_BRD_PCTL_0,I,BZE,dom_int,4,100.0,Goal,Root/div/carrier/station/dom_int,PAX_BRD_PCTL_0/ACS/ML/BZE/I,0,Yes
PAX_BRD_PCTL_0,BZN,ML,station,3,0.31,Goal,Root/div/carrier/station,PAX_BRD_PCTL_0/ACS/ML/BZN,1,No
PAX_BRD_PCTL_0,D,BZN,dom_int,4,100.0,Goal,Root/div/carrier/station/dom_int,PAX_BRD_PCTL_0/ACS/ML/BZN/D,0,Yes
PAX_BRD_PCTL_0,CAE,ML,station,3,0.52,Goal,Root/div/carrier/station,PAX_BRD_PCTL_0/ACS/ML/CAE,1,No
PAX_BRD_PCTL_0,D,CAE,dom_int,4,100.0,Goal,Root/div/carrier/station/dom_int,PAX_BRD_PCTL_0/ACS/ML/CAE/D,0,Yes
PAX_BRD_PCTL_0,CDG,ML,station,3,0.32,Goal,Root/div/carrier/station,PAX_BRD_PCTL_0/ACS/ML/CDG,1,No
PAX_BRD_PCTL_0,I,CDG,dom_int,4,100.0,Goal,Root/div/carrier/station/dom_int,PAX_BRD_PCTL_0/ACS/ML/CDG/I,0,Yes
PAX_BRD_PCTL_0,CHA,ML,station,3,0.25,Goal,Root/div/carrier/station,PAX_BRD_PCTL_0/ACS/ML/CHA,1,No
PAX_BRD_PCTL_0,D,CHA,dom_int,4,100.0,Goal,Root/div/carrier/station/dom_int,PAX_BRD_PCTL_0/ACS/ML/CHA/D,0,Yes
PAX_BRD_PCTL_0,CHO,ML,station,3,0.37,Goal,Root/div/carrier/station,PAX_BRD_PCTL_0/ACS/ML/CHO,1,No
PAX_BRD_PCTL_0,D,CHO,dom_int,4,100.0,Goal,Root/div/carrier/station/dom_int,PAX_BRD_PCTL_0/ACS/ML/CHO/D,0,Yes
PAX_BRD_PCTL_0,CHS,ML,station,3,0.48,Goal,Root/div/carrier/station,PAX_BRD_PCTL_0/ACS/ML/CHS,1,No
PAX_BRD_PCTL_0,D,CHS,dom_int,4,100.0,Goal,Root/div/carrier/station/dom_int,PAX_BRD_PCTL_0/ACS/ML/CHS/D,0,Yes
PAX_BRD_PCTL_0,CID,ML,station,3,0.5,Goal,Root/div/carrier/station,PAX_BRD_PCTL_0/ACS/ML/CID,1,No
PAX_BRD_PCTL_0,D,CID,dom_int,4,100.0,Goal,Root/div/carrier/station/dom_int,PAX_BRD_PCTL_0/ACS/ML/CID/D,0,Yes
PAX_BRD_PCTL_0,CLE,ML,station,3,0.4,Goal,Root/div/carrier/station,PAX_BRD_PCTL_0/ACS/ML/CLE,1,No
PAX_BRD_PCTL_0,D,CLE,dom_int,4,100.0,Goal,Root/div/carrier/station/dom_int,PAX_BRD_PCTL_0/ACS/ML/CLE/D,0,Yes
PAX_BRD_PCTL_0,CLT,ML,station,3,0.2,Goal,Root/div/carrier/station,PAX_BRD_PCTL_0/ACS/ML/CLT,1,No
PAX_BRD_PCTL_0,D,CLT,dom_int,4,100.0,Goal,Root/div/carrier/station/dom_int,PAX_BRD_PCTL_0/ACS/ML/CLT/D,0,Yes
PAX_BRD_PCTL_0,CMH,ML,station,3,0.23,Goal,Root/div/carrier/station,PAX_BRD_PCTL_0/ACS/ML/CMH,1,No
PAX_BRD_PCTL_0,D,CMH,dom_int,4,100.0,Goal,Root/div/carrier/station/dom_int,PAX_BRD_PCTL_0/ACS/ML/CMH/D,0,Yes
PAX_BRD_PCTL_0,COS,ML,station,3,0.06,Goal,Root/div/carrier/station,PAX_BRD_PCTL_0/ACS/ML/COS,1,No
PAX_BRD_PCTL_0,D,COS,dom_int,4,100.0,Goal,Root/div/carrier/station/dom_int,PAX_BRD_PCTL_0/ACS/ML/COS/D,0,Yes
PAX_BRD_PCTL_0,CPH,ML,station,3,0.01,Goal,Root/div/carrier/station,PAX_BRD_PCTL_0/ACS/ML/CPH,1,No
PAX_BRD_PCTL_0,I,CPH,dom_int,4,100.0,Goal,Root/div/carrier/station/dom_int,PAX_BRD_PCTL_0/ACS/ML/CPH/I,0,Yes
PAX_BRD_PCTL_0,CPT,ML,station,3,0.47,Goal,Root/div/carrier/station,PAX_BRD_PCTL_0/ACS/ML/CPT,1,No
PAX_BRD_PCTL_0,I,CPT,dom_int,4,100.0,Goal,Root/div/carrier/station/dom_int,PAX_BRD_PCTL_0/ACS/ML/CPT/I,0,Yes
PAX_BRD_PCTL_0,CTA,ML,station,3,0.2,Goal,Root/div/carrier/station,PAX_BRD_PCTL_0/ACS/ML/CTA,1,No
PAX_BRD_PCTL_0,I,CTA,dom_int,4,100.0,Goal,Root/div/carrier/station/dom_int,PAX_BRD_PCTL_0/ACS/ML/CTA/I,0,Yes
PAX_BRD_PCTL_0,CTG,ML,station,3,0.18,Goal,Root/div/carrier/station,PAX_BRD_PCTL_0/ACS/ML/CTG,1,No
PAX_BRD_PCTL_0,I,CTG,dom_int,4,100.0,Goal,Root/div/carrier/station/dom_int,PAX_BRD_PCTL_0/ACS/ML/CTG/I,0,Yes
PAX_BRD_PCTL_0,CUN,ML,station,3,0.3,Goal,Root/div/carrier/station,PAX_BRD_PCTL_0/ACS/ML/CUN,1,No
PAX_BRD_PCTL_0,I,CUN,dom_int,4,100.0,Goal,Root/div/carrier/station/dom_int,PAX_BRD_PCTL_0/ACS/ML/CUN/I,0,Yes
PAX_BRD_PCTL_0,CUR,ML,station,3,0.18,Goal,Root/div/carrier/station,PAX_BRD_PCTL_0/ACS/ML/CUR,1,No
PAX_BRD_PCTL_0,I,CUR,dom_int,4,100.0,Goal,Root/div/carrier/station/dom_int,PAX_BRD_PCTL_0/ACS/ML/CUR/I,0,Yes
PAX_BRD_PCTL_0,CVG,ML,station,3,0.06,Goal,Root/div/carrier/station,PAX_BRD_PCTL_0/ACS/ML/CVG,1,No
PAX_BRD_PCTL_0,D,CVG,dom_int,4,100.0,Goal,Root/div/carrier/station/dom_int,PAX_BRD_PCTL_0/ACS/ML/CVG/D,0,Yes
PAX_BRD_PCTL_0,CZM,ML,station,3,0.51,Goal,Root/div/carrier/station,PAX_BRD_PCTL_0/ACS/ML/CZM,1,No
PAX_BRD_PCTL_0,I,CZM,dom_int,4,100.0,Goal,Root/div/carrier/station/dom_int,PAX_BRD_PCTL_0/ACS/ML/CZM/I,0,Yes
PAX_BRD_PCTL_0,DAB,ML,station,3,0.01,Goal,Root/div/carrier/station,PAX_BRD_PCTL_0/ACS/ML/DAB,1,No
PAX_BRD_PCTL_0,D,DAB,dom_int,4,100.0,Goal,Root/div/carrier/station/dom_int,PAX_BRD_PCTL_0/ACS/ML/DAB/D,0,Yes
PAX_BRD_PCTL_0,DAL,ML,station,3,0.32,Goal,Root/div/carrier/station,PAX_BRD_PCTL_0/ACS/ML/DAL,1,No
PAX_BRD_PCTL_0,D,DAL,dom_int,4,100.0,Goal,Root/div/carrier/station/dom_int,PAX_BRD_PCTL_0/ACS/ML/DAL/D,0,Yes
PAX_BRD_PCTL_0,DAY,ML,station,3,0.19,Goal,Root/div/carrier/station,PAX_BRD_PCTL_0/ACS/ML/DAY,1,No
PAX_BRD_PCTL_0,D,DAY,dom_int,4,100.0,Goal,Root/div/carrier/station/dom_int,PAX_BRD_PCTL_0/ACS/ML/DAY/D,0,Yes
PAX_BRD_PCTL_0,DCA,ML,station,3,0.1,Goal,Root/div/carrier/station,PAX_BRD_PCTL_0/ACS/ML/DCA,1,No
PAX_BRD_PCTL_0,D,DCA,dom_int,4,100.0,Goal,Root/div/carrier/station/dom_int,PAX_BRD_PCTL_0/ACS/ML/DCA/D,0,Yes
PAX_BRD_PCTL_0,DEN,ML,station,3,0.01,Goal,Root/div/carrier/station,PAX_BRD_PCTL_0/ACS/ML/DEN,1,No
PAX_BRD_PCTL_0,D,DEN,dom_int,4,100.0,Goal,Root/div/carrier/station/dom_int,PAX_BRD_PCTL_0/ACS/ML/DEN/D,0,Yes
PAX_BRD_PCTL_0,DFW,ML,station,3,0.24,Goal,Root/div/carrier/station,PAX_BRD_PCTL_0/ACS/ML/DFW,1,No
PAX_BRD_PCTL_0,D,DFW,dom_int,4,100.0,Goal,Root/div/carrier/station/dom_int,PAX_BRD_PCTL_0/ACS/ML/DFW/D,0,Yes
PAX_BRD_PCTL_0,DLH,ML,station,3,0.46,Goal,Root/div/carrier/station,PAX_BRD_PCTL_0/ACS/ML/DLH,1,No
PAX_BRD_PCTL_0,D,DLH,dom_int,4,100.0,Goal,Root/div/carrier/station/dom_int,PAX_BRD_PCTL_0/ACS/ML/DLH/D,0,Yes
PAX_BRD_PCTL_0,DSM,ML,station,3,0.42,Goal,Root/div/carrier/station,PAX_BRD_PCTL_0/ACS/ML/DSM,1,No
PAX_BRD_PCTL_0,D,DSM,dom_int,4,100.0,Goal,Root/div/carrier/station/dom_int,PAX_BRD_PCTL_0/ACS/ML/DSM/D,0,Yes
PAX_BRD_PCTL_0,DTW,ML,station,3,0.41,Goal,Root/div/carrier/station,PAX_BRD_PCTL_0/ACS/ML/DTW,1,No
PAX_BRD_PCTL_0,D,DTW,dom_int,4,100.0,Goal,Root/div/carrier/station/dom_int,PAX_BRD_PCTL_0/ACS/ML/DTW/D,0,Yes
PAX_BRD_PCTL_0,DUB,ML,station,3,0.41,Goal,Root/div/carrier/station,PAX_BRD_PCTL_0/ACS/ML/DUB,1,No
PAX_BRD_PCTL_0,I,DUB,dom_int,4,100.0,Goal,Root/div/carrier/station/dom_int,PAX_BRD_PCTL_0/ACS/ML/DUB/I,0,Yes
PAX_BRD_PCTL_0,ECP,ML,station,3,0.3,Goal,Root/div/carrier/station,PAX_BRD_PCTL_0/ACS/ML/ECP,1,No
PAX_BRD_PCTL_0,D,ECP,dom_int,4,100.0,Goal,Root/div/carrier/station/dom_int,PAX_BRD_PCTL_0/ACS/ML/ECP/D,0,Yes
PAX_BRD_PCTL_0,EDI,ML,station,3,0.22,Goal,Root/div/carrier/station,PAX_BRD_PCTL_0/ACS/ML/EDI,1,No
PAX_BRD_PCTL_0,I,EDI,dom_int,4,100.0,Goal,Root/div/carrier/station/dom_int,PAX_BRD_PCTL_0/ACS/ML/EDI/I,0,Yes
PAX_BRD_PCTL_0,EGE,ML,station,3,0.52,Goal,Root/div/carrier/station,PAX_BRD_PCTL_0/ACS/ML/EGE,1,No
PAX_BRD_PCTL_0,D,EGE,dom_int,4,100.0,Goal,Root/div/carrier/station/dom_int,PAX_BRD_PCTL_0/ACS/ML/EGE/D,0,Yes
PAX_BRD_PCTL_0,ELP,ML,station,3,0.08,Goal,Root/div/carrier/station,PAX_BRD_PCTL_0/ACS/ML/ELP,1,No
PAX_BRD_PCTL_0,D,ELP,dom_int,4,100.0,Goal,Root/div/carrier/station/dom_int,PAX_BRD_PCTL_0/ACS/ML/ELP/D,0,Yes
PAX_BRD_PCTL_0,EUG,ML,station,3,0.13,Goal,Root/div/carrier/station,PAX_BRD_PCTL_0/ACS/ML/EUG,1,No
PAX_BRD_PCTL_0,D,EUG,dom_int,4,100.0,Goal,Root/div/carrier/station/dom_int,PAX_BRD_PCTL_0/ACS/ML/EUG/D,0,Yes
PAX_BRD_PCTL_0,EVV,ML,station,3,0.32,Goal,Root/div/carrier/station,PAX_BRD_PCTL_0/ACS/ML/EVV,1,No
PAX_BRD_PCTL_0,D,EVV,dom_int,4,100.0,Goal,Root/div/carrier/station/dom_int,PAX_BRD_PCTL_0/ACS/ML/EVV/D,0,Yes
PAX_BRD_PCTL_0,EWR,ML,station,3,0.0,Goal,Root/div/carrier/station,PAX_BRD_PCTL_0/ACS/ML/EWR,1,No
PAX_BRD_PCTL_0,D,EWR,dom_int,4,100.0,Goal,Root/div/carrier/station/dom_int,PAX_BRD_PCTL_0/ACS/ML/EWR/D,0,Yes
PAX_BRD_PCTL_0,EYW,ML,station,3,0.07,Goal,Root/div/carrier/station,PAX_BRD_PCTL_0/ACS/ML/EYW,1,No
PAX_BRD_PCTL_0,D,EYW,dom_int,4,100.0,Goal,Root/div/carrier/station/dom_int,PAX_BRD_PCTL_0/ACS/ML/EYW/D,0,Yes
PAX_BRD_PCTL_0,EZE,ML,station,3,0.26,Goal,Root/div/carrier/station,PAX_BRD_PCTL_0/ACS/ML/EZE,1,No
PAX_BRD_PCTL_0,I,EZE,dom_int,4,100.0,Goal,Root/div/carrier/station/dom_int,PAX_BRD_PCTL_0/ACS/ML/EZE/I,0,Yes
PAX_BRD_PCTL_0,FAI,ML,station,3,0.09,Goal,Root/div/carrier/station,PAX_BRD_PCTL_0/ACS/ML/FAI,1,No
PAX_BRD_PCTL_0,D,FAI,dom_int,4,100.0,Goal,Root/div/carrier/station/dom_int,PAX_BRD_PCTL_0/ACS/ML/FAI/D,0,Yes
PAX_BRD_PCTL_0,FAR,ML,station,3,0.09,Goal,Root/div/carrier/station,PAX_BRD_PCTL_0/ACS/ML/FAR,1,No
PAX_BRD_PCTL_0,D,FAR,dom_int,4,100.0,Goal,Root/div/carrier/station/dom_int,PAX_BRD_PCTL_0/ACS/ML/FAR/D,0,Yes
PAX_BRD_PCTL_0,FAT,ML,station,3,0.52,Goal,Root/div/carrier/station,PAX_BRD_PCTL_0/ACS/ML/FAT,1,No
PAX_BRD_PCTL_0,D,FAT,dom_int,4,100.0,Goal,Root/div/carrier/station/dom_int,PAX_BRD_PCTL_0/ACS/ML/FAT/D,0,Yes
PAX_BRD_PCTL_0,FAY,ML,station,3,0.43,Goal,Root/div/carrier/station,PAX_BRD_PCTL_0/ACS/ML/FAY,1,No
PAX_BRD_PCTL_0,D,FAY,dom_int,4,100.0,Goal,Root/div/carrier/station/dom_int,PAX_BRD_PCTL_0/ACS/ML/FAY/D,0,Yes
PAX_BRD_PCTL_0,FCA,ML,station,3,0.47,Goal,Root/div/carrier/station,PAX_BRD_PCTL_0/ACS/ML/FCA,1,No
PAX_BRD_PCTL_0,D,FCA,dom_int,4,100.0,Goal,Root/div/carrier/station/dom_int,PAX_BRD_PCTL_0/ACS/ML/FCA/D,0,Yes
PAX_BRD_PCTL_0,FCO,ML,station,3,0.17,Goal,Root/div/carrier/station,PAX_BRD_PCTL_0/ACS/ML/FCO,1,No
PAX_BRD_PCTL_0,I,FCO,dom_int,4,100.0,Goal,Root/div/carrier/station/dom_int,PAX_BRD_PCTL_0/ACS/ML/FCO/I,0,Yes
PAX_BRD_PCTL_0,FLL,ML,station,3,0.37,Goal,Root/div/carrier/station,PAX_BRD_PCTL_0/ACS/ML/FLL,1,No
PAX_BRD_PCTL_0,D,FLL,dom_int,4,100.0,Goal,Root/div/carrier/station/dom_int,PAX_BRD_PCTL_0/ACS/ML/FLL/D,0,Yes
PAX_BRD_PCTL_0,FRA,ML,station,3,0.29,Goal,Root/div/carrier/station,PAX_BRD_PCTL_0/ACS/ML/FRA,1,No
PAX_BRD_PCTL_0,I,FRA,dom_int,4,100.0,Goal,Root/div/carrier/station/dom_int,PAX_BRD_PCTL_0/ACS/ML/FRA/I,0,Yes
PAX_BRD_PCTL_0,FSD,ML,station,3,0.22,Goal,Root/div/carrier/station,PAX_BRD_PCTL_0/ACS/ML/FSD,1,No
PAX_BRD_PCTL_0,D,FSD,dom_int,4,100.0,Goal,Root/div/carrier/station/dom_int,PAX_BRD_PCTL_0/ACS/ML/FSD/D,0,Yes
PAX_BRD_PCTL_0,GCM,ML,station,3,0.21,Goal,Root/div/carrier/station,PAX_BRD_PCTL_0/ACS/ML/GCM,1,No
PAX_BRD_PCTL_0,I,GCM,dom_int,4,100.0,Goal,Root/div/carrier/station/dom_int,PAX_BRD_PCTL_0/ACS/ML/GCM/I,0,Yes
PAX_BRD_PCTL_0,GDL,ML,station,3,0.43,Goal,Root/div/carrier/station,PAX_BRD_PCTL_0/ACS/ML/GDL,1,No
PAX_BRD_PCTL_0,I,GDL,dom_int,4,100.0,Goal,Root/div/carrier/station/dom_int,PAX_BRD_PCTL_0/ACS/ML/GDL/I,0,Yes
PAX_BRD_PCTL_0,GEG,ML,station,3,0.31,Goal,Root/div/carrier/station,PAX_BRD_PCTL_0/ACS/ML/GEG,1,No
PAX_BRD_PCTL_0,D,GEG,dom_int,4,100.0,Goal,Root/div/carrier/station/dom_int,PAX_BRD_PCTL_0/ACS/ML/GEG/D,0,Yes
PAX_BRD_PCTL_0,GFK,ML,station,3,0.25,Goal,Root/div/carrier/station,PAX_BRD_PCTL_0/ACS/ML/GFK,1,No
PAX_BRD_PCTL_0,D,GFK,dom_int,4,100.0,Goal,Root/div/carrier/station/dom_int,PAX_BRD_PCTL_0/ACS/ML/GFK/D,0,Yes
PAX_BRD_PCTL_0,GIG,ML,station,3,0.29,Goal,Root/div/carrier/station,PAX_BRD_PCTL_0/ACS/ML/GIG,1,No
PAX_BRD_PCTL_0,I,GIG,dom_int,4,100.0,Goal,Root/div/carrier/station/dom_int,PAX_BRD_PCTL_0/ACS/ML/GIG/I,0,Yes
PAX_BRD_PCTL_0,GND,ML,station,3,0.23,Goal,Root/div/carrier/station,PAX_BRD_PCTL_0/ACS/ML/GND,1,No
PAX_BRD_PCTL_0,I,GND,dom_int,4,100.0,Goal,Root/div/carrier/station/dom_int,PAX_BRD_PCTL_0/ACS/ML/GND/I,0,Yes
PAX_BRD_PCTL_0,GNV,ML,station,3,0.09,Goal,Root/div/carrier/station,PAX_BRD_PCTL_0/ACS/ML/GNV,1,No
PAX_BRD_PCTL_0,D,GNV,dom_int,4,100.0,Goal,Root/div/carrier/station/dom_int,PAX_BRD_PCTL_0/ACS/ML/GNV/D,0,Yes
PAX_BRD_PCTL_0,GPT,ML,station,3,0.09,Goal,Root/div/carrier/station,PAX_BRD_PCTL_0/ACS/ML/GPT,1,No
PAX_BRD_PCTL_0,D,GPT,dom_int,4,100.0,Goal,Root/div/carrier/station/dom_int,PAX_BRD_PCTL_0/ACS/ML/GPT/D,0,Yes
PAX_BRD_PCTL_0,GRB,ML,station,3,0.06,Goal,Root/div/carrier/station,PAX_BRD_PCTL_0/ACS/ML/GRB,1,No
PAX_BRD_PCTL_0,D,GRB,dom_int,4,100.0,Goal,Root/div/carrier/station/dom_int,PAX_BRD_PCTL_0/ACS/ML/GRB/D,0,Yes
PAX_BRD_PCTL_0,GRR,ML,station,3,0.53,Goal,Root/div/carrier/station,PAX_BRD_PCTL_0/ACS/ML/GRR,1,No
PAX_BRD_PCTL_0,D,GRR,dom_int,4,100.0,Goal,Root/div/carrier/station/dom_int,PAX_BRD_PCTL_0/ACS/ML/GRR/D,0,Yes
PAX_BRD_PCTL_0,GRU,ML,station,3,0.05,Goal,Root/div/carrier/station,PAX_BRD_PCTL_0/ACS/ML/GRU,1,No
PAX_BRD_PCTL_0,I,GRU,dom_int,4,100.0,Goal,Root/div/carrier/station/dom_int,PAX_BRD_PCTL_0/ACS/ML/GRU/I,0,Yes
PAX_BRD_PCTL_0,GSO,ML,station,3,0.39,Goal,Root/div/carrier/station,PAX_BRD_PCTL_0/ACS/ML/GSO,1,No
PAX_BRD_PCTL_0,D,GSO,dom_int,4,100.0,Goal,Root/div/carrier/station/dom_int,PAX_BRD_PCTL_0/ACS/ML/GSO/D,0,Yes
PAX_BRD_PCTL_0,GSP,ML,station,3,0.27,Goal,Root/div/carrier/station,PAX_BRD_PCTL_0/ACS/ML/GSP,1,No
PAX_BRD_PCTL_0,D,GSP,dom_int,4,100.0,Goal,Root/div/carrier/station/dom_int,PAX_BRD_PCTL_0/ACS/ML/GSP/D,0,Yes
PAX_BRD_PCTL_0,GUA,ML,station,3,0.32,Goal,Root/div/carrier/station,PAX_BRD_PCTL_0/ACS/ML/GUA,1,No
PAX_BRD_PCTL_0,I,GUA,dom_int,4,100.0,Goal,Root/div/carrier/station/dom_int,PAX_BRD_PCTL_0/ACS/ML/GUA/I,0,Yes
PAX_BRD_PCTL_0,GVA,ML,station,3,0.45,Goal,Root/div/carrier/station,PAX_BRD_PCTL_0/ACS/ML/GVA,1,No
PAX_BRD_PCTL_0,I,GVA,dom_int,4,100.0,Goal,Root/div/carrier/station/dom_int,PAX_BRD_PCTL_0/ACS/ML/GVA/I,0,Yes
PAX_BRD_PCTL_0,HAV,ML,station,3,0.49,Goal,Root/div/carrier/station,PAX_BRD_PCTL_0/ACS/ML/HAV,1,No
PAX_BRD_PCTL_0,I,HAV,dom_int,4,100.0,Goal,Root/div/carrier/station/dom_int,PAX_BRD_PCTL_0/ACS/ML/HAV/I,0,Yes
PAX_BRD_PCTL_0,HDN,ML,station,3,0.26,Goal,Root/div/carrier/station,PAX_BRD_PCTL_0/ACS/ML/HDN,1,No
PAX_BRD_PCTL_0,D,HDN,dom_int,4,100.0,Goal,Root/div/carrier/station/dom_int,PAX_BRD_PCTL_0/ACS/ML/HDN/D,0,Yes
PAX_BRD_PCTL_0,HND,ML,station,3,0.2,Goal,Root/div/carrier/station,PAX_BRD_PCTL_0/ACS/ML/HND,1,No
PAX_BRD_PCTL_0,I,HND,dom_int,4,100.0,Goal,Root/div/carrier/station/dom_int,PAX_BRD_PCTL_0/ACS/ML/HND/I,0,Yes
PAX_BRD_PCTL_0,HNL,ML,station,3,0.46,Goal,Root/div/carrier/station,PAX_BRD_PCTL_0/ACS/ML/HNL,1,No
PAX_BRD_PCTL_0,D,HNL,dom_int,4,100.0,Goal,Root/div/carrier/station/dom_int,PAX_BRD_PCTL_0/ACS/ML/HNL/D,0,Yes
PAX_BRD_PCTL_0,HOU,ML,station,3,0.25,Goal,Root/div/carrier/station,PAX_BRD_PCTL_0/ACS/ML/HOU,1,No
PAX_BRD_PCTL_0,D,HOU,dom_int,4,100.0,Goal,Root/div/carrier/station/dom_int,PAX_BRD_PCTL_0/ACS/ML/HOU/D,0,Yes
PAX_BRD_PCTL_0,HPN,ML,station,3,0.58,Goal,Root/div/carrier/station,PAX_BRD_PCTL_0/ACS/ML/HPN,1,No
PAX_BRD_PCTL_0,D,HPN,dom_int,4,100.0,Goal,Root/div/carrier/station/dom_int,PAX_BRD_PCTL_0/ACS/ML/HPN/D,0,Yes
PAX_BRD_PCTL_0,HRL,ML,station,3,0.05,Goal,Root/div/carrier/station,PAX_BRD_PCTL_0/ACS/ML/HRL,1,No
PAX_BRD_PCTL_0,D,HRL,dom_int,4,100.0,Goal,Root/div/carrier/station/dom_int,PAX_BRD_PCTL_0/ACS/ML/HRL/D,0,Yes
PAX_BRD_PCTL_0,HSV,ML,station,3,0.1,Goal,Root/div/carrier/station,PAX_BRD_PCTL_0/ACS/ML/HSV,1,No
PAX_BRD_PCTL_0,D,HSV,dom_int,4,100.0,Goal,Root/div/carrier/station/dom_int,PAX_BRD_PCTL_0/ACS/ML/HSV/D,0,Yes
PAX_BRD_PCTL_0,IAD,ML,station,3,0.39,Goal,Root/div/carrier/station,PAX_BRD_PCTL_0/ACS/ML/IAD,1,No
PAX_BRD_PCTL_0,D,IAD,dom_int,4,100.0,Goal,Root/div/carrier/station/dom_int,PAX_BRD_PCTL_0/ACS/ML/IAD/D,0,Yes
PAX_BRD_PCTL_0,IAH,ML,station,3,0.17,Goal,Root/div/carrier/station,PAX_BRD_PCTL_0/ACS/ML/IAH,1,No
PAX_BRD_PCTL_0,D,IAH,dom_int,4,100.0,Goal,Root/div/carrier/station/dom_int,PAX_BRD_PCTL_0/ACS/ML/IAH/D,0,Yes
PAX_BRD_PCTL_0,ICN,ML,station,3,0.58,Goal,Root/div/carrier/station,PAX_BRD_PCTL_0/ACS/ML/ICN,1,No
PAX_BRD_PCTL_0,I,ICN,dom_int,4,100.0,Goal,Root/div/carrier/station/dom_int,PAX_BRD_PCTL_0/ACS/ML/ICN/I,0,Yes
PAX_BRD_PCTL_0,ICT,ML,station,3,0.47,Goal,Root/div/carrier/station,PAX_BRD_PCTL_0/ACS/ML/ICT,1,No
PAX_BRD_PCTL_0,D,ICT,dom_int,4,100.0,Goal,Root/div/carrier/station/dom_int,PAX_BRD_PCTL_0/ACS/ML/ICT/D,0,Yes
PAX_BRD_PCTL_0,IDA,ML,station,3,0.16,Goal,Root/div/carrier/station,PAX_BRD_PCTL_0/ACS/ML/IDA,1,No
PAX_BRD_PCTL_0,D,IDA,dom_int,4,100.0,Goal,Root/div/carrier/station/dom_int,PAX_BRD_PCTL_0/ACS/ML/IDA/D,0,Yes
PAX_BRD_PCTL_0,ILM,ML,station,3,0.14,Goal,Root/div/carrier/station,PAX_BRD_PCTL_0/ACS/ML/ILM,1,No
PAX_BRD_PCTL_0,D,ILM,dom_int,4,100.0,Goal,Root/div/carrier/station/dom_int,PAX_BRD_PCTL_0/ACS/ML/ILM/D,0,Yes
PAX_BRD_PCTL_0,IND,ML,station,3,0.42,Goal,Root/div/carrier/station,PAX_BRD_PCTL_0/ACS/ML/IND,1,No
PAX_BRD_PCTL_0,D,IND,dom_int,4,100.0,Goal,Root/div/carrier/station/dom_int,PAX_BRD_PCTL_0/ACS/ML/IND/D,0,Yes
PAX_BRD_PCTL_0,JAC,ML,station,3,0.44,Goal,Root/div/carrier/station,PAX_BRD_PCTL_0/ACS/ML/JAC,1,No
PAX_BRD_PCTL_0,D,JAC,dom_int,4,100.0,Goal,Root/div/carrier/station/dom_int,PAX_BRD_PCTL_0/ACS/ML/JAC/D,0,Yes
PAX_BRD_PCTL_0,JAN,ML,station,3,0.22,Goal,Root/div/carrier/station,PAX_BRD_PCTL_0/ACS/ML/JAN,1,No
PAX_BRD_PCTL_0,D,JAN,dom_int,4,100.0,Goal,Root/div/carrier/station/dom_int,PAX_BRD_PCTL_0/ACS/ML/JAN/D,0,Yes
PAX_BRD_PCTL_0,JAX,ML,station,3,0.56,Goal,Root/div/carrier/station,PAX_BRD_PCTL_0/ACS/ML/JAX,1,No
PAX_BRD_PCTL_0,D,JAX,dom_int,4,100.0,Goal,Root/div/carrier/station/dom_int,PAX_BRD_PCTL_0/ACS/ML/JAX/D,0,Yes
PAX_BRD_PCTL_0,JFK,ML,station,3,0.54,Goal,Root/div/carrier/station,PAX_BRD_PCTL_0/ACS/ML/JFK,1,No
PAX_BRD_PCTL_0,D,JFK,dom_int,4,100.0,Goal,Root/div/carrier/station/dom_int,PAX_BRD_PCTL_0/ACS/ML/JFK/D,0,Yes
PAX_BRD_PCTL_0,JNB,ML,station,3,0.36,Goal,Root/div/carrier/station,PAX_BRD_PCTL_0/ACS/ML/JNB,1,No
PAX_BRD_PCTL_0,I,JNB,dom_int,4,100.0,Goal,Root/div/carrier/station/dom_int,PAX_BRD_PCTL_0/ACS/ML/JNB/I,0,Yes
PAX_BRD_PCTL_0,JNU,ML,station,3,0.33,Goal,Root/div/carrier/station,PAX_BRD_PCTL_0/ACS/ML/JNU,1,No
PAX_BRD_PCTL_0,D,JNU,dom_int,4,100.0,Goal,Root/div/carrier/station/dom_int,PAX_BRD_PCTL_0/ACS/ML/JNU/D,0,Yes
PAX_BRD_PCTL_0,KEF,ML,station,3,0.46,Goal,Root/div/carrier/station,PAX_BRD_PCTL_0/ACS/ML/KEF,1,No
PAX_BRD_PCTL_0,I,KEF,dom_int,4,100.0,Goal,Root/div/carrier/station/dom_int,PAX_BRD_PCTL_0/ACS/ML/KEF/I,0,Yes
PAX_BRD_PCTL_0,KIN,ML,station,3,0.56,Goal,Root/div/carrier/station,PAX_BRD_PCTL_0/ACS/ML/KIN,1,No
PAX_BRD_PCTL_0,I,KIN,dom_int,4,100.0,Goal,Root/div/carrier/station/dom_int,PAX_BRD_PCTL_0/ACS/ML/KIN/I,0,Yes
PAX_BRD_PCTL_0,KOA,ML,station,3,0.53,Goal,Root/div/carrier/station,PAX_BRD_PCTL_0/ACS/ML/KOA,1,No
PAX_BRD_PCTL_0,D,KOA,dom_int,4,100.0,Goal,Root/div/carrier/station/dom_int,PAX_BRD_PCTL_0/ACS/ML/KOA/D,0,Yes
PAX_BRD_PCTL_0,LAS,ML,station,3,0.22,Goal,Root/div/carrier/station,PAX_BRD_PCTL_0/ACS/ML/LAS,1,No
PAX_BRD_PCTL_0,D,LAS,dom_int,4,100.0,Goal,Root/div/carrier/station/dom_int,PAX_BRD_PCTL_0/ACS/ML/LAS/D,0,Yes
PAX_BRD_PCTL_0,LAX,ML,station,3,0.12,Goal,Root/div/carrier/station,PAX_BRD_PCTL_0/ACS/ML/LAX,1,No
PAX_BRD_PCTL_0,D,LAX,dom_int,4,100.0,Goal,Root/div/carrier/station/dom_int,PAX_BRD_PCTL_0/ACS/ML/LAX/D,0,Yes
PAX_BRD_PCTL_0,LEX,ML,station,3,0.59,Goal,Root/div/carrier/station,PAX_BRD_PCTL_0/ACS/ML/LEX,1,No
PAX_BRD_PCTL_0,D,LEX,dom_int,4,100.0,Goal,Root/div/carrier/station/dom_int,PAX_BRD_PCTL_0/ACS/ML/LEX/D,0,Yes
PAX_BRD_PCTL_0,LGA,ML,station,3,0.32,Goal,Root/div/carrier/station,PAX_BRD_PCTL_0/ACS/ML/LGA,1,No
PAX_BRD_PCTL_0,D,LGA,dom_int,4,100.0,Goal,Root/div/carrier/station/dom_int,PAX_BRD_PCTL_0/ACS/ML/LGA/D,0,Yes
PAX_BRD_PCTL_0,LGB,ML,station,3,0.52,Goal,Root/div/carrier/station,PAX_BRD_PCTL_0/ACS/ML/LGB,1,No
PAX_BRD_PCTL_0,D,LGB,dom_int,4,100.0,Goal,Root/div/carrier/station/dom_int,PAX_BRD_PCTL_0/ACS/ML/LGB/D,0,Yes
PAX_BRD_PCTL_0,LGW,ML,station,3,0.42,Goal,Root/div/carrier/station,PAX_BRD_PCTL_0/ACS/ML/LGW,1,No
PAX_BRD_PCTL_0,I,LGW,dom_int,4,100.0,Goal,Root/div/carrier/station/dom_int,PAX_BRD_PCTL_0/ACS/ML/LGW/I,0,Yes
PAX_BRD_PCTL_0,LHR,ML,station,3,0.46,Goal,Root/div/carrier/station,PAX_BRD_PCTL_0/ACS/ML/LHR,1,No
PAX_BRD_PCTL_0,I,LHR,dom_int,4,100.0,Goal,Root/div/carrier/station/dom_int,PAX_BRD_PCTL_0/ACS/ML/LHR/I,0,Yes
PAX_BRD_PCTL_0,LIH,ML,station,3,0.16,Goal,Root/div/carrier/station,PAX_BRD_PCTL_0/ACS/ML/LIH,1,No
PAX_BRD_PCTL_0,D,LIH,dom_int,4,100.0,Goal,Root/div/carrier/station/dom_int,PAX_BRD_PCTL_0/ACS/ML/LIH/D,0,Yes
PAX_BRD_PCTL_0,LIM,ML,station,3,0.36,Goal,Root/div/carrier/station,PAX_BRD_PCTL_0/ACS/ML/LIM,1,No
PAX_BRD_PCTL_0,I,LIM,dom_int,4,100.0,Goal,Root/div/carrier/station/dom_int,PAX_BRD_PCTL_0/ACS/ML/LIM/I,0,Yes
PAX_BRD_PCTL_0,LIR,ML,station,3,0.38,Goal,Root/div/carrier/station,PAX_BRD_PCTL_0/ACS/ML/LIR,1,No
PAX_BRD_PCTL_0,I,LIR,dom_int,4,100.0,Goal,Root/div/carrier/station/dom_int,PAX_BRD_PCTL_0/ACS/ML/LIR/I,0,Yes
PAX_BRD_PCTL_0,LIS,ML,station,3,0.06,Goal,Root/div/carrier/station,PAX_BRD_PCTL_0/ACS/ML/LIS,1,No
PAX_BRD_PCTL_0,I,LIS,dom_int,4,100.0,Goal,Root/div/carrier/station/dom_int,PAX_BRD_PCTL_0/ACS/ML/LIS/I,0,Yes
PAX_BRD_PCTL_0,LIT,ML,station,3,0.55,Goal,Root/div/carrier/station,PAX_BRD_PCTL_0/ACS/ML/LIT,1,No
PAX_BRD_PCTL_0,D,LIT,dom_int,4,100.0,Goal,Root/div/carrier/station/dom_int,PAX_BRD_PCTL_0/ACS/ML/LIT/D,0,Yes
PAX_BRD_PCTL_0,MAD,ML,station,3,0.27,Goal,Root/div/carrier/station,PAX_BRD_PCTL_0/ACS/ML/MAD,1,No
PAX_BRD_PCTL_0,I,MAD,dom_int,4,100.0,Goal,Root/div/carrier/station/dom_int,PAX_BRD_PCTL_0/ACS/ML/MAD/I,0,Yes
PAX_BRD_PCTL_0,MBJ,ML,station,3,0.03,Goal,Root/div/carrier/station,PAX_BRD_PCTL_0/ACS/ML/MBJ,1,No
PAX_BRD_PCTL_0,I,MBJ,dom_int,4,100.0,Goal,Root/div/carrier/station/dom_int,PAX_BRD_PCTL_0/ACS/ML/MBJ/I,0,Yes
PAX_BRD_PCTL_0,MCI,ML,station,3,0.52,Goal,Root/div/carrier/station,PAX_BRD_PCTL_0/ACS/ML/MCI,1,No
PAX_BRD_PCTL_0,D,MCI,dom_int,4,100.0,Goal,Root/div/carrier/station/dom_int,PAX_BRD_PCTL_0/ACS/ML/MCI/D,0,Yes
PAX_BRD_PCTL_0,MCO,ML,station,3,0.26,Goal,Root/div/carrier/station,PAX_BRD_PCTL_0/ACS/ML/MCO,1,No
PAX_BRD_PCTL_0,D,MCO,dom_int,4,100.0,Goal,Root/div/carrier/station/dom_int,PAX_BRD_PCTL_0/ACS/ML/MCO/D,0,Yes
PAX_BRD_PCTL_0,MDT,ML,station,3,0.54,Goal,Root/div/carrier/station,PAX_BRD_PCTL_0/ACS/ML/MDT,1,No
PAX_BRD_PCTL_0,D,MDT,dom_int,4,100.0,Goal,Root/div/carrier/station/dom_int,PAX_BRD_PCTL_0/ACS/ML/MDT/D,0,Yes
PAX_BRD_PCTL_0,MDW,ML,station,3,0.06,Goal,Root/div/carrier/station,PAX_BRD_PCTL_0/ACS/ML/MDW,1,No
PAX_BRD_PCTL_0,D,MDW,dom_int,4,100.0,Goal,Root/div/carrier/station/dom_int,PAX_BRD_PCTL_0/ACS/ML/MDW/D,0,Yes
PAX_BRD_PCTL_0,MEL,ML,station,3,0.46,Goal,Root/div/carrier/station,PAX_BRD_PCTL_0/ACS/ML/MEL,1,No
PAX_BRD_PCTL_0,I,MEL,dom_int,4,100.0,Goal,Root/div/carrier/station/dom_int,PAX_BRD_PCTL_0/ACS/ML/MEL/I,0,Yes
PAX_BRD_PCTL_0,MEM,ML,station,3,0.37,Goal,Root/div/carrier/station,PAX_BRD_PCTL_0/ACS/ML/MEM,1,No
PAX_BRD_PCTL_0,D,MEM,dom_int,4,100.0,Goal,Root/div/carrier/station/dom_int,PAX_BRD_PCTL_0/ACS/ML/MEM/D,0,Yes
PAX_BRD_PCTL_0,MEX,ML,station,3,0.38,Goal,Root/div/carrier/station,PAX_BRD_PCTL_0/ACS/ML/MEX,1,No
PAX_BRD_PCTL_0,I,MEX,dom_int,4,100.0,Goal,Root/div/carrier/station/dom_int,PAX_BRD_PCTL_0/ACS/ML/MEX/I,0,Yes
PAX_BRD_PCTL_0,MIA,ML,station,3,0.44,Goal,Root/div/carrier/station,PAX_BRD_PCTL_0/ACS/ML/MIA,1,No
PAX_BRD_PCTL_0,D,MIA,dom_int,4,100.0,Goal,Root/div/carrier/station/dom_int,PAX_BRD_PCTL_0/ACS/ML/MIA/D,0,Yes
PAX_BRD_PCTL_0,MKE,ML,station,3,0.31,Goal,Root/div/carrier/station,PAX_BRD_PCTL_0/ACS/ML/MKE,1,No
PAX_BRD_PCTL_0,D,MKE,dom_int,4,100.0,Goal,Root/div/carrier/station/dom_int,PAX_BRD_PCTL_0/ACS/ML/MKE/D,0,Yes
PAX_BRD_PCTL_0,MLB,ML,station,3,0.49,Goal,Root/div/carrier/station,PAX_BRD_PCTL_0/ACS/ML/MLB,1,No
PAX_BRD_PCTL_0,D,MLB,dom_int,4,100.0,Goal,Root/div/carrier/station/dom_int,PAX_BRD_PCTL_0/ACS/ML/MLB/D,0,Yes
PAX_BRD_PCTL_0,MOB,ML,station,3,0.49,Goal,Root/div/carrier/station,PAX_BRD_PCTL_0/ACS/ML/MOB,1,No
PAX_BRD_PCTL_0,D,MOB,dom_int,4,100.0,Goal,Root/div/carrier/station/dom_int,PAX_BRD_PCTL_0/ACS/ML/MOB/D,0,Yes
PAX_BRD_PCTL_0,MSN,ML,station,3,0.13,Goal,Root/div/carrier/station,PAX_BRD_PCTL_0/ACS/ML/MSN,1,No
PAX_BRD_PCTL_0,D,MSN,dom_int,4,100.0,Goal,Root/div/carrier/station/dom_int,PAX_BRD_PCTL_0/ACS/ML/MSN/D,0,Yes
PAX_BRD_PCTL_0,MSO,ML,station,3,0.57,Goal,Root/div/carrier/station,PAX_BRD_PCTL_0/ACS/ML/MSO,1,No
PAX_BRD_PCTL_0,D,MSO,dom_int,4,100.0,Goal,Root/div/carrier/station/dom_int,PAX_BRD_PCTL_0/ACS/ML/MSO/D,0,Yes
PAX_BRD_PCTL_0,MSP,ML,station,3,0.38,Goal,Root/div/carrier/station,PAX_BRD_PCTL_0/ACS/ML/MSP,1,No
PAX_BRD_PCTL_0,D,MSP,dom_int,4,100.0,Goal,Root/div/carrier/station/dom_int,PAX_BRD_PCTL_0/ACS/ML/MSP/D,0,Yes
PAX_BRD_PCTL_0,MSY,ML,station,3,0.55,Goal,Root/div/carrier/station,PAX_BRD_PCTL_0/ACS/ML/MSY,1,No
PAX_BRD_PCTL_0,D,MSY,dom_int,4,100.0,Goal,Root/div/carrier/station/dom_int,PAX_BRD_PCTL_0/ACS/ML/MSY/D,0,Yes
PAX_BRD_PCTL_0,MTJ,ML,station,3,0.46,Goal,Root/div/carrier/station,PAX_BRD_PCTL_0/ACS/ML/MTJ,1,No
PAX_BRD_PCTL_0,D,MTJ,dom_int,4,100.0,Goal,Root/div/carrier/station/dom_int,PAX_BRD_PCTL_0/ACS/ML/MTJ/D,0,Yes
PAX_BRD_PCTL_0,MTY,ML,station,3,0.01,Goal,Root/div/carrier/station,PAX_BRD_PCTL_0/ACS/ML/MTY,1,No
PAX_BRD_PCTL_0,I,MTY,dom_int,4,100.0,Goal,Root/div/carrier/station/dom_int,PAX_BRD_PCTL_0/ACS/ML/MTY/I,0,Yes
PAX_BRD_PCTL_0,MUC,ML,station,3,0.18,Goal,Root/div/carrier/station,PAX_BRD_PCTL_0/ACS/ML/MUC,1,No
PAX_BRD_PCTL_0,I,MUC,dom_int,4,100.0,Goal,Root/div/carrier/station/dom_int,PAX_BRD_PCTL_0/ACS/ML/MUC/I,0,Yes
PAX_BRD_PCTL_0,MXP,ML,station,3,0.56,Goal,Root/div/carrier/station,PAX_BRD_PCTL_0/ACS/ML/MXP,1,No
PAX_BRD_PCTL_0,I,MXP,dom_int,4,100.0,Goal,Root/div/carrier/station/dom_int,PAX_BRD_PCTL_0/ACS/ML/MXP/I,0,Yes
PAX_BRD_PCTL_0,MYR,ML,station,3,0.6,Goal,Root/div/carrier/station,PAX_BRD_PCTL_0/ACS/ML/MYR,1,No
PAX_BRD_PCTL_0,D,MYR,dom_int,4,100.0,Goal,Root/div/carrier/station/dom_int,PAX_BRD_PCTL_0/ACS/ML/MYR/D,0,Yes
PAX_BRD_PCTL_0,MZT,ML,station,3,0.13,Goal,Root/div/carrier/station,PAX_BRD_PCTL_0/ACS/ML/MZT,1,No
PAX_BRD_PCTL_0,I,MZT,dom_int,4,100.0,Goal,Root/div/carrier/station/dom_int,PAX_BRD_PCTL_0/ACS/ML/MZT/I,0,Yes
PAX_BRD_PCTL_0,NAP,ML,station,3,0.37,Goal,Root/div/carrier/station,PAX_BRD_PCTL_0/ACS/ML/NAP,1,No
PAX_BRD_PCTL_0,I,NAP,dom_int,4,100.0,Goal,Root/div/carrier/station/dom_int,PAX_BRD_PCTL_0/ACS/ML/NAP/I,0,Yes
PAX_BRD_PCTL_0,NAS,ML,station,3,0.5,Goal,Root/div/carrier/station,PAX_BRD_PCTL_0/ACS/ML/NAS,1,No
PAX_BRD_PCTL_0,I,NAS,dom_int,4,100.0,Goal,Root/div/carrier/station/dom_int,PAX_BRD_PCTL_0/ACS/ML/NAS/I,0,Yes
PAX_BRD_PCTL_0,NCE,ML,station,3,0.45,Goal,Root/div/carrier/station,PAX_BRD_PCTL_0/ACS/ML/NCE,1,No
PAX_BRD_PCTL_0,I,NCE,dom_int,4,100.0,Goal,Root/div/carrier/station/dom_int,PAX_BRD_PCTL_0/ACS/ML/NCE/I,0,Yes
PAX_BRD_PCTL_0,OAJ,ML,station,3,0.29,Goal,Root/div/carrier/station,PAX_BRD_PCTL_0/ACS/ML/OAJ,1,No
PAX_BRD_PCTL_0,D,OAJ,dom_int,4,100.0,Goal,Root/div/carrier/station/dom_int,PAX_BRD_PCTL_0/ACS/ML/OAJ/D,0,Yes
PAX_BRD_PCTL_0,OAK,ML,station,3,0.53,Goal,Root/div/carrier/station,PAX_BRD_PCTL_0/ACS/ML/OAK,1,No
PAX_BRD_PCTL_0,D,OAK,dom_int,4,100.0,Goal,Root/div/carrier/station/dom_int,PAX_BRD_PCTL_0/ACS/ML/OAK/D,0,Yes
PAX_BRD_PCTL_0,OGG,ML,station,3,0.41,Goal,Root/div/carrier/station,PAX_BRD_PCTL_0/ACS/ML/OGG,1,No
PAX_BRD_PCTL_0,D,OGG,dom_int,4,100.0,Goal,Root/div/carrier/station/dom_int,PAX_BRD_PCTL_0/ACS/ML/OGG/D,0,Yes
PAX_BRD_PCTL_0,OKC,ML,station,3,0.07,Goal,Root/div/carrier/station,PAX_BRD_PCTL_0/ACS/ML/OKC,1,No
PAX_BRD_PCTL_0,D,OKC,dom_int,4,100.0,Goal,Root/div/carrier/station/dom_int,PAX_BRD_PCTL_0/ACS/ML/OKC/D,0,Yes
PAX_BRD_PCTL_0,OMA,ML,station,3,0.17,Goal,Root/div/carrier/station,PAX_BRD_PCTL_0/ACS/ML/OMA,1,No
PAX_BRD_PCTL_0,D,OMA,dom_int,4,100.0,Goal,Root/div/carrier/station/dom_int,PAX_BRD_PCTL_0/ACS/ML/OMA/D,0,Yes
PAX_BRD_PCTL_0,ONT,ML,station,3,0.54,Goal,Root/div/carrier/station,PAX_BRD_PCTL_0/ACS/ML/ONT,1,No
PAX_BRD_PCTL_0,D,ONT,dom_int,4,100.0,Goal,Root/div/carrier/station/dom_int,PAX_BRD_PCTL_0/ACS/ML/ONT/D,0,Yes
PAX_BRD_PCTL_0,ORD,ML,station,3,0.13,Goal,Root/div/carrier/station,PAX_BRD_PCTL_0/ACS/ML/ORD,1,No
PAX_BRD_PCTL_0,D,ORD,dom_int,4,100.0,Goal,Root/div/carrier/station/dom_int,PAX_BRD_PCTL_0/ACS/ML/ORD/D,0,Yes
PAX_BRD_PCTL_0,ORF,ML,station,3,0.58,Goal,Root/div/carrier/station,PAX_BRD_PCTL_0/ACS/ML/ORF,1,No
PAX_BRD_PCTL_0,D,ORF,dom_int,4,100.0,Goal,Root/div/carrier/station/dom_int,PAX_BRD_PCTL_0/ACS/ML/ORF/D,0,Yes
PAX_BRD_PCTL_0,PBI,ML,station,3,0.35,Goal,Root/div/carrier/station,PAX_BRD_PCTL_0/ACS/ML/PBI,1,No
PAX_BRD_PCTL_0,D,PBI,dom_int,4,100.0,Goal,Root/div/carrier/station/dom_int,PAX_BRD_PCTL_0/ACS/ML/PBI/D,0,Yes
PAX_BRD_PCTL_0,PDX,ML,station,3,0.06,Goal,Root/div/carrier/station,PAX_BRD_PCTL_0/ACS/ML/PDX,1,No
PAX_BRD_PCTL_0,D,PDX,dom_int,4,100.0,Goal,Root/div/carrier/station/dom_int,PAX_BRD_PCTL_0/ACS/ML/PDX/D,0,Yes
PAX_BRD_PCTL_0,PHL,ML,station,3,0.42,Goal,Root/div/carrier/station,PAX_BRD_PCTL_0/ACS/ML/PHL,1,No
PAX_BRD_PCTL_0,D,PHL,dom_int,4,100.0,Goal,Root/div/carrier/station/dom_int,PAX_BRD_PCTL_0/ACS/ML/PHL/D,0,Yes
PAX_BRD_PCTL_0,PHX,ML,station,3,0.38,Goal,Root/div/carrier/station,PAX_BRD_PCTL_0/ACS/ML/PHX,1,No
PAX_BRD_PCTL_0,D,PHX,dom_int,4,100.0,Goal,Root/div/carrier/station/dom_int,PAX_BRD_PCTL_0/ACS/ML/PHX/D,0,Yes
PAX_BRD_PCTL_0,PIT,ML,station,3,0.33,Goal,Root/div/carrier/station,PAX_BRD_PCTL_0/ACS/ML/PIT,1,No
PAX_BRD_PCTL_0,D,PIT,dom_int,4,100.0,Goal,Root/div/carrier/station/dom_int,PAX_BRD_PCTL_0/ACS/ML/PIT/D,0,Yes
PAX_BRD_PCTL_0,PLS,ML,station,3,0.53,Goal,Root/div/carrier/station,PAX_BRD_PCTL_0/ACS/ML/PLS,1,No
PAX_BRD_PCTL_0,I,PLS,dom_int,4,100.0,Goal,Root/div/carrier/station/dom_int,PAX_BRD_PCTL_0/ACS/ML/PLS/I,0,Yes
PAX_BRD_PCTL_0,PNS,ML,station,3,0.5,Goal,Root/div/carrier/station,PAX_BRD_PCTL_0/ACS/ML/PNS,1,No
PAX_BRD_PCTL_0,D,PNS,dom_int,4,100.0,Goal,Root/div/carrier/station/dom_int,PAX_BRD_PCTL_0/ACS/ML/PNS/D,0,Yes
PAX_BRD_PCTL_0,POP,ML,station,3,0.34,Goal,Root/div/carrier/station,PAX_BRD_PCTL_0/ACS/ML/POP,1,No
PAX_BRD_PCTL_0,I,POP,dom_int,4,100.0,Goal,Root/div/carrier/station/dom_int,PAX_BRD_PCTL_0/ACS/ML/POP/I,0,Yes
PAX_BRD_PCTL_0,PPT,ML,station,3,0.03,Goal,Root/div/carrier/station,PAX_BRD_PCTL_0/ACS/ML/PPT,1,No
PAX_BRD_PCTL_0,I,PPT,dom_int,4,100.0,Goal,Root/div/carrier/station/dom_int,PAX_BRD_PCTL_0/ACS/ML/PPT/I,0,Yes
PAX_BRD_PCTL_0,PRG,ML,station,3,0.3,Goal,Root/div/carrier/station,PAX_BRD_PCTL_0/ACS/ML/PRG,1,No
PAX_BRD_PCTL_0,I,PRG,dom_int,4,100.0,Goal,Root/div/carrier/station/dom_int,PAX_BRD_PCTL_0/ACS/ML/PRG/I,0,Yes
PAX_BRD_PCTL_0,PSC,ML,station,3,0.24,Goal,Root/div/carrier/station,PAX_BRD_PCTL_0/ACS/ML/PSC,1,No
PAX_BRD_PCTL_0,D,PSC,dom_int,4,100.0,Goal,Root/div/carrier/station/dom_int,PAX_BRD_PCTL_0/ACS/ML/PSC/D,0,Yes
PAX_BRD_PCTL_0,PSP,ML,station,3,0.29,Goal,Root/div/carrier/station,PAX_BRD_PCTL_0/ACS/ML/PSP,1,No
PAX_BRD_PCTL_0,D,PSP,dom_int,4,100.0,Goal,Root/div/carrier/station/dom_int,PAX_BRD_PCTL_0/ACS/ML/PSP/D,0,Yes
PAX_BRD_PCTL_0,PTY,ML,station,3,0.08,Goal,Root/div/carrier/station,PAX_BRD_PCTL_0/ACS/ML/PTY,1,No
PAX_BRD_PCTL_0,I,PTY,dom_int,4,100.0,Goal,Root/div/carrier/station/dom_int,PAX_BRD_PCTL_0/ACS/ML/PTY/I,0,Yes
PAX_BRD_PCTL_0,PUJ,ML,station,3,0.54,Goal,Root/div/carrier/station,PAX_BRD_PCTL_0/ACS/ML/PUJ,1,No
PAX_BRD_PCTL_0,I,PUJ,dom_int,4,100.0,Goal,Root/div/carrier/station/dom_int,PAX_BRD_PCTL_0/ACS/ML/PUJ/I,0,Yes
PAX_BRD_PCTL_0,PVD,ML,station,3,0.25,Goal,Root/div/carrier/station,PAX_BRD_PCTL_0/ACS/ML/PVD,1,No
PAX_BRD_PCTL_0,D,PVD,dom_int,4,100.0,Goal,Root/div/carrier/station/dom_int,PAX_BRD_PCTL_0/ACS/ML/PVD/D,0,Yes
PAX_BRD_PCTL_0,PVG,ML,station,3,0.51,Goal,Root/div/carrier/station,PAX_BRD_PCTL_0/ACS/ML/PVG,1,No
PAX_BRD_PCTL_0,I,PVG,dom_int,4,100.0,Goal,Root/div/carrier/station/dom_int,PAX_BRD_PCTL_0/ACS/ML/PVG/I,0,Yes
PAX_BRD_PCTL_0,PVR,ML,station,3,0.01,Goal,Root/div/carrier/station,PAX_BRD_PCTL_0/ACS/ML/PVR,1,No
PAX_BRD_PCTL_0,I,PVR,dom_int,4,100.0,Goal,Root/div/carrier/station/dom_int,PAX_BRD_PCTL_0/ACS/ML/PVR/I,0,Yes
PAX_BRD_PCTL_0,PWM,ML,station,3,0.16,Goal,Root/div/carrier/station,PAX_BRD_PCTL_0/ACS/ML/PWM,1,No
PAX_BRD_PCTL_0,D,PWM,dom_int,4,100.0,Goal,Root/div/carrier/station/dom_int,PAX_BRD_PCTL_0/ACS/ML/PWM/D,0,Yes
PAX_BRD_PCTL_0,RAK,ML,station,3,0.58,Goal,Root/div/carrier/station,PAX_BRD_PCTL_0/ACS/ML/RAK,1,No
PAX_BRD_PCTL_0,I,RAK,dom_int,4,100.0,Goal,Root/div/carrier/station/dom_int,PAX_BRD_PCTL_0/ACS/ML/RAK/I,0,Yes
PAX_BRD_PCTL_0,RAP,ML,station,3,0.57,Goal,Root/div/carrier/station,PAX_BRD_PCTL_0/ACS/ML/RAP,1,No
PAX_BRD_PCTL_0,D,RAP,dom_int,4,100.0,Goal,Root/div/carrier/station/dom_int,PAX_BRD_PCTL_0/ACS/ML/RAP/D,0,Yes
PAX_BRD_PCTL_0,RDU,ML,station,3,0.31,Goal,Root/div/carrier/station,PAX_BRD_PCTL_0/ACS/ML/RDU,1,No
PAX_BRD_PCTL_0,D,RDU,dom_int,4,100.0,Goal,Root/div/carrier/station/dom_int,PAX_BRD_PCTL_0/ACS/ML/RDU/D,0,Yes
PAX_BRD_PCTL_0,RIC,ML,station,3,0.45,Goal,Root/div/carrier/station,PAX_BRD_PCTL_0/ACS/ML/RIC,1,No
PAX_BRD_PCTL_0,D,RIC,dom_int,4,100.0,Goal,Root/div/carrier/station/dom_int,PAX_BRD_PCTL_0/ACS/ML/RIC/D,0,Yes
PAX_BRD_PCTL_0,RNO,ML,station,3,0.26,Goal,Root/div/carrier/station,PAX_BRD_PCTL_0/ACS/ML/RNO,1,No
PAX_BRD_PCTL_0,D,RNO,dom_int,4,100.0,Goal,Root/div/carrier/station/dom_int,PAX_BRD_PCTL_0/ACS/ML/RNO/D,0,Yes
PAX_BRD_PCTL_0,ROA,ML,station,3,0.19,Goal,Root/div/carrier/station,PAX_BRD_PCTL_0/ACS/ML/ROA,1,No
PAX_BRD_PCTL_0,D,ROA,dom_int,4,100.0,Goal,Root/div/carrier/station/dom_int,PAX_BRD_PCTL_0/ACS/ML/ROA/D,0,Yes
PAX_BRD_PCTL_0,ROC,ML,station,3,0.33,Goal,Root/div/carrier/station,PAX_BRD_PCTL_0/ACS/ML/ROC,1,No
PAX_BRD_PCTL_0,D,ROC,dom_int,4,100.0,Goal,Root/div/carrier/station/dom_int,PAX_BRD_PCTL_0/ACS/ML/ROC/D,0,Yes
PAX_BRD_PCTL_0,RST,ML,station,3,0.01,Goal,Root/div/carrier/station,PAX_BRD_PCTL_0/ACS/ML/RST,1,No
PAX_BRD_PCTL_0,D,RST,dom_int,4,100.0,Goal,Root/div/carrier/station/dom_int,PAX_BRD_PCTL_0/ACS/ML/RST/D,0,Yes
PAX_BRD_PCTL_0,RSW,ML,station,3,0.13,Goal,Root/div/carrier/station,PAX_BRD_PCTL_0/ACS/ML/RSW,1,No
PAX_BRD_PCTL_0,D,RSW,dom_int,4,100.0,Goal,Root/div/carrier/station/dom_int,PAX_BRD_PCTL_0/ACS/ML/RSW/D,0,Yes
PAX_BRD_PCTL_0,RTB,ML,station,3,0.48,Goal,Root/div/carrier/station,PAX_BRD_PCTL_0/ACS/ML/RTB,1,No
PAX_BRD_PCTL_0,I,RTB,dom_int,4,100.0,Goal,Root/div/carrier/station/dom_int,PAX_BRD_PCTL_0/ACS/ML/RTB/I,0,Yes
PAX_BRD_PCTL_0,SAL,ML,station,3,0.1,Goal,Root/div/carrier/station,PAX_BRD_PCTL_0/ACS/ML/SAL,1,No
PAX_BRD_PCTL_0,I,SAL,dom_int,4,100.0,Goal,Root/div/carrier/station/dom_int,PAX_BRD_PCTL_0/ACS/ML/SAL/I,0,Yes
PAX_BRD_PCTL_0,SAN,ML,station,3,0.26,Goal,Root/div/carrier/station,PAX_BRD_PCTL_0/ACS/ML/SAN,1,No
PAX_BRD_PCTL_0,D,SAN,dom_int,4,100.0,Goal,Root/div/carrier/station/dom_int,PAX_BRD_PCTL_0/ACS/ML/SAN/D,0,Yes
PAX_BRD_PCTL_0,SAP,ML,station,3,0.0,Goal,Root/div/carrier/station,PAX_BRD_PCTL_0/ACS/ML/SAP,1,No
PAX_BRD_PCTL_0,I,SAP,dom_int,4,100.0,Goal,Root/div/carrier/station/dom_int,PAX_BRD_PCTL_0/ACS/ML/SAP/I,0,Yes
PAX_BRD_PCTL_0,SAT,ML,station,3,0.31,Goal,Root/div/carrier/station,PAX_BRD_PCTL_0/ACS/ML/SAT,1,No
PAX_BRD_PCTL_0,D,SAT,dom_int,4,100.0,Goal,Root/div/carrier/station/dom_int,PAX_BRD_PCTL_0/ACS/ML/SAT/D,0,Yes
PAX_BRD_PCTL_0,SAV,ML,station,3,0.48,Goal,Root/div/carrier/station,PAX_BRD_PCTL_0/ACS/ML/SAV,1,No
PAX_BRD_PCTL_0,D,SAV,dom_int,4,100.0,Goal,Root/div/carrier/station/dom_int,PAX_BRD_PCTL_0/ACS/ML/SAV/D,0,Yes
PAX_BRD_PCTL_0,SBA,ML,station,3,0.54,Goal,Root/div/carrier/station,PAX_BRD_PCTL_0/ACS/ML/SBA,1,No
PAX_BRD_PCTL_0,D,SBA,dom_int,4,100.0,Goal,Root/div/carrier/station/dom_int,PAX_BRD_PCTL_0/ACS/ML/SBA/D,0,Yes
PAX_BRD_PCTL_0,SBN,ML,station,3,0.57,Goal,Root/div/carrier/station,PAX_BRD_PCTL_0/ACS/ML/SBN,1,No
PAX_BRD_PCTL_0,D,SBN,dom_int,4,100.0,Goal,Root/div/carrier/station/dom_int,PAX_BRD_PCTL_0/ACS/ML/SBN/D,0,Yes
PAX_BRD_PCTL_0,SCL,ML,station,3,0.29,Goal,Root/div/carrier/station,PAX_BRD_PCTL_0/ACS/ML/SCL,1,No
PAX_BRD_PCTL_0,I,SCL,dom_int,4,100.0,Goal,Root/div/carrier/station/dom_int,PAX_BRD_PCTL_0/ACS/ML/SCL/I,0,Yes
PAX_BRD_PCTL_0,SDF,ML,station,3,0.26,Goal,Root/div/carrier/station,PAX_BRD_PCTL_0/ACS/ML/SDF,1,No
PAX_BRD_PCTL_0,D,SDF,dom_int,4,100.0,Goal,Root/div/carrier/station/dom_int,PAX_BRD_PCTL_0/ACS/ML/SDF/D,0,Yes
PAX_BRD_PCTL_0,SDQ,ML,station,3,0.15,Goal,Root/div/carrier/station,PAX_BRD_PCTL_0/ACS/ML/SDQ,1,No
PAX_BRD_PCTL_0,I,SDQ,dom_int,4,100.0,Goal,Root/div/carrier/station/dom_int,PAX_BRD_PCTL_0/ACS/ML/SDQ/I,0,Yes
PAX_BRD_PCTL_0,SEA,ML,station,3,0.44,Goal,Root/div/carrier/station,PAX_BRD_PCTL_0/ACS/ML/SEA,1,No
PAX_BRD_PCTL_0,D,SEA,dom_int,4,100.0,Goal,Root/div/carrier/station/dom_int,PAX_BRD_PCTL_0/ACS/ML/SEA/D,0,Yes
PAX_BRD_PCTL_0,SFO,ML,station,3,0.28,Goal,Root/div/carrier/station,PAX_BRD_PCTL_0/ACS/ML/SFO,1,No
PAX_BRD_PCTL_0,D,SFO,dom_int,4,100.0,Goal,Root/div/carrier/station/dom_int,PAX_BRD_PCTL_0/ACS/ML/SFO/D,0,Yes
PAX_BRD_PCTL_0,SGF,ML,station,3,0.46,Goal,Root/div/carrier/station,PAX_BRD_PCTL_0/ACS/ML/SGF,1,No
PAX_BRD_PCTL_0,D,SGF,dom_int,4,100.0,Goal,Root/div/carrier/station/dom_int,PAX_BRD_PCTL_0/ACS/ML/SGF/D,0,Yes
PAX_BRD_PCTL_0,SHV,ML,station,3,0.19,Goal,Root/div/carrier/station,PAX_BRD_PCTL_0/ACS/ML/SHV,1,No
PAX_BRD_PCTL_0,D,SHV,dom_int,4,100.0,Goal,Root/div/carrier/station/dom_int,PAX_BRD_PCTL_0/ACS/ML/SHV/D,0,Yes
PAX_BRD_PCTL_0,SJC,ML,station,3,0.53,Goal,Root/div/carrier/station,PAX_BRD_PCTL_0/ACS/ML/SJC,1,No
PAX_BRD_PCTL_0,D,SJC,dom_int,4,100.0,Goal,Root/div/carrier/station/dom_int,PAX_BRD_PCTL_0/ACS/ML/SJC/D,0,Yes
PAX_BRD_PCTL_0,SJD,ML,station,3,0.2,Goal,Root/div/carrier/station,PAX_BRD_PCTL_0/ACS/ML/SJD,1,No
PAX_BRD_PCTL_0,I,SJD,dom_int,4,100.0,Goal,Root/div/carrier/station/dom_int,PAX_BRD_PCTL_0/ACS/ML/SJD/I,0,Yes
PAX_BRD_PCTL_0,SJO,ML,station,3,0.18,Goal,Root/div/carrier/station,PAX_BRD_PCTL_0/ACS/ML/SJO,1,No
PAX_BRD_PCTL_0,I,SJO,dom_int,4,100.0,Goal,Root/div/carrier/station/dom_int,PAX_BRD_PCTL_0/ACS/ML/SJO/I,0,Yes
PAX_BRD_PCTL_0,SJU,ML,station,3,0.1,Goal,Root/div/carrier/station,PAX_BRD_PCTL_0/ACS/ML/SJU,1,No
PAX_BRD_PCTL_0,I,SJU,dom_int,4,100.0,Goal,Root/div/carrier/station/dom_int,PAX_BRD_PCTL_0/ACS/ML/SJU/I,0,Yes
PAX_BRD_PCTL_0,SKB,ML,station,3,0.42,Goal,Root/div/carrier/station,PAX_BRD_PCTL_0/ACS/ML/SKB,1,No
PAX_BRD_PCTL_0,I,SKB,dom_int,4,100.0,Goal,Root/div/carrier/station/dom_int,PAX_BRD_PCTL_0/ACS/ML/SKB/I,0,Yes
PAX_BRD_PCTL_0,SLC,ML,station,3,0.19,Goal,Root/div/carrier/station,PAX_BRD_PCTL_0/ACS/ML/SLC,1,No
PAX_BRD_PCTL_0,D,SLC,dom_int,4,100.0,Goal,Root/div/carrier/station/dom_int,PAX_BRD_PCTL_0/ACS/ML/SLC/D,0,Yes
PAX_BRD_PCTL_0,SMF,ML,station,3,0.33,Goal,Root/div/carrier/station,PAX_BRD_PCTL_0/ACS/ML/SMF,1,No
PAX_BRD_PCTL_0,D,SMF,dom_int,4,100.0,Goal,Root/div/carrier/station/dom_int,PAX_BRD_PCTL_0/ACS/ML/SMF/D,0,Yes
PAX_BRD_PCTL_0,SNA,ML,station,3,0.56,Goal,Root/div/carrier/station,PAX_BRD_PCTL_0/ACS/ML/SNA,1,No
PAX_BRD_PCTL_0,D,SNA,dom_int,4,100.0,Goal,Root/div/carrier/station/dom_int,PAX_BRD_PCTL_0/ACS/ML/SNA/D,0,Yes
PAX_BRD_PCTL_0,SNN,ML,station,3,0.07,Goal,Root/div/carrier/station,PAX_BRD_PCTL_0/ACS/ML/SNN,1,No
PAX_BRD_PCTL_0,I,SNN,dom_int,4,100.0,Goal,Root/div/carrier/station/dom_int,PAX_BRD_PCTL_0/ACS/ML/SNN/I,0,Yes
PAX_BRD_PCTL_0,SRQ,ML,station,3,0.06,Goal,Root/div/carrier/station,PAX_BRD_PCTL_0/ACS/ML/SRQ,1,No
PAX_BRD_PCTL_0,D,SRQ,dom_int,4,100.0,Goal,Root/div/carrier/station/dom_int,PAX_BRD_PCTL_0/ACS/ML/SRQ/D,0,Yes
PAX_BRD_PCTL_0,STI,ML,station,3,0.53,Goal,Root/div/carrier/station,PAX_BRD_PCTL_0/ACS/ML/STI,1,No
PAX_BRD_PCTL_0,I,STI,dom_int,4,100.0,Goal,Root/div/carrier/station/dom_int,PAX_BRD_PCTL_0/ACS/ML/STI/I,0,Yes
PAX_BRD_PCTL_0,STL,ML,station,3,0.11,Goal,Root/div/carrier/station,PAX_BRD_PCTL_0/ACS/ML/STL,1,No
PAX_BRD_PCTL_0,D,STL,dom_int,4,100.0,Goal,Root/div/carrier/station/dom_int,PAX_BRD_PCTL_0/ACS/ML/STL/D,0,Yes
PAX_BRD_PCTL_0,STT,ML,station,3,0.34,Goal,Root/div/carrier/station,PAX_BRD_PCTL_0/ACS/ML/STT,1,No
PAX_BRD_PCTL_0,I,STT,dom_int,4,100.0,Goal,Root/div/carrier/station/dom_int,PAX_BRD_PCTL_0/ACS/ML/STT/I,0,Yes
PAX_BRD_PCTL_0,STX,ML,station,3,0.57,Goal,Root/div/carrier/station,PAX_BRD_PCTL_0/ACS/ML/STX,1,No
PAX_BRD_PCTL_0,I,STX,dom_int,4,100.0,Goal,Root/div/carrier/station/dom_int,PAX_BRD_PCTL_0/ACS/ML/STX/I,0,Yes
PAX_BRD_PCTL_0,SVD,ML,station,3,0.23,Goal,Root/div/carrier/station,PAX_BRD_PCTL_0/ACS/ML/SVD,1,No
PAX_BRD_PCTL_0,I,SVD,dom_int,4,100.0,Goal,Root/div/carrier/station/dom_int,PAX_BRD_PCTL_0/ACS/ML/SVD/I,0,Yes
PAX_BRD_PCTL_0,SXM,ML,station,3,0.28,Goal,Root/div/carrier/station,PAX_BRD_PCTL_0/ACS/ML/SXM,1,No
PAX_BRD_PCTL_0,I,SXM,dom_int,4,100.0,Goal,Root/div/carrier/station/dom_int,PAX_BRD_PCTL_0/ACS/ML/SXM/I,0,Yes
PAX_BRD_PCTL_0,SYD,ML,station,3,0.42,Goal,Root/div/carrier/station,PAX_BRD_PCTL_0/ACS/ML/SYD,1,No
PAX_BRD_PCTL_0,I,SYD,dom_int,4,100.0,Goal,Root/div/carrier/station/dom_int,PAX_BRD_PCTL_0/ACS/ML/SYD/I,0,Yes
PAX_BRD_PCTL_0,SYR,ML,station,3,0.46,Goal,Root/div/carrier/station,PAX_BRD_PCTL_0/ACS/ML/SYR,1,No
PAX_BRD_PCTL_0,D,SYR,dom_int,4,100.0,Goal,Root/div/carrier/station/dom_int,PAX_BRD_PCTL_0/ACS/ML/SYR/D,0,Yes
PAX_BRD_PCTL_0,TLH,ML,station,3,0.2,Goal,Root/div/carrier/station,PAX_BRD_PCTL_0/ACS/ML/TLH,1,No
PAX_BRD_PCTL_0,D,TLH,dom_int,4,100.0,Goal,Root/div/carrier/station/dom_int,PAX_BRD_PCTL_0/ACS/ML/TLH/D,0,Yes
PAX_BRD_PCTL_0,TLV,ML,station,3,0.08,Goal,Root/div/carrier/station,PAX_BRD_PCTL_0/ACS/ML/TLV,1,No
PAX_BRD_PCTL_0,I,TLV,dom_int,4,100.0,Goal,Root/div/carrier/station/dom_int,PAX_BRD_PCTL_0/ACS/ML/TLV/I,0,Yes
PAX_BRD_PCTL_0,TPA,ML,station,3,0.16,Goal,Root/div/carrier/station,PAX_BRD_PCTL_0/ACS/ML/TPA,1,No
PAX_BRD_PCTL_0,D,TPA,dom_int,4,100.0,Goal,Root/div/carrier/station/dom_int,PAX_BRD_PCTL_0/ACS/ML/TPA/D,0,Yes
PAX_BRD_PCTL_0,TPE,ML,station,3,0.53,Goal,Root/div/carrier/station,PAX_BRD_PCTL_0/ACS/ML/TPE,1,No
PAX_BRD_PCTL_0,I,TPE,dom_int,4,100.0,Goal,Root/div/carrier/station/dom_int,PAX_BRD_PCTL_0/ACS/ML/TPE/I,0,Yes
PAX_BRD_PCTL_0,TQO,ML,station,3,0.35,Goal,Root/div/carrier/station,PAX_BRD_PCTL_0/ACS/ML/TQO,1,No
PAX_BRD_PCTL_0,I,TQO,dom_int,4,100.0,Goal,Root/div/carrier/station/dom_int,PAX_BRD_PCTL_0/ACS/ML/TQO/I,0,Yes
PAX_BRD_PCTL_0,TRI,ML,station,3,0.47,Goal,Root/div/carrier/station,PAX_BRD_PCTL_0/ACS/ML/TRI,1,No
PAX_BRD_PCTL_0,D,TRI,dom_int,4,100.0,Goal,Root/div/carrier/station/dom_int,PAX_BRD_PCTL_0/ACS/ML/TRI/D,0,Yes
PAX_BRD_PCTL_0,TUL,ML,station,3,0.44,Goal,Root/div/carrier/station,PAX_BRD_PCTL_0/ACS/ML/TUL,1,No
PAX_BRD_PCTL_0,D,TUL,dom_int,4,100.0,Goal,Root/div/carrier/station/dom_int,PAX_BRD_PCTL_0/ACS/ML/TUL/D,0,Yes
PAX_BRD_PCTL_0,TUS,ML,station,3,0.41,Goal,Root/div/carrier/station,PAX_BRD_PCTL_0/ACS/ML/TUS,1,No
PAX_BRD_PCTL_0,D,TUS,dom_int,4,100.0,Goal,Root/div/carrier/station/dom_int,PAX_BRD_PCTL_0/ACS/ML/TUS/D,0,Yes
PAX_BRD_PCTL_0,TVC,ML,station,3,0.42,Goal,Root/div/carrier/station,PAX_BRD_PCTL_0/ACS/ML/TVC,1,No
PAX_BRD_PCTL_0,D,TVC,dom_int,4,100.0,Goal,Root/div/carrier/station/dom_int,PAX_BRD_PCTL_0/ACS/ML/TVC/D,0,Yes
PAX_BRD_PCTL_0,TYS,ML,station,3,0.33,Goal,Root/div/carrier/station,PAX_BRD_PCTL_0/ACS/ML/TYS,1,No
PAX_BRD_PCTL_0,D,TYS,dom_int,4,100.0,Goal,Root/div/carrier/station/dom_int,PAX_BRD_PCTL_0/ACS/ML/TYS/D,0,Yes
PAX_BRD_PCTL_0,UVF,ML,station,3,0.24,Goal,Root/div/carrier/station,PAX_BRD_PCTL_0/ACS/ML/UVF,1,No
PAX_BRD_PCTL_0,I,UVF,dom_int,4,100.0,Goal,Root/div/carrier/station/dom_int,PAX_BRD_PCTL_0/ACS/ML/UVF/I,0,Yes
PAX_BRD_PCTL_0,VCE,ML,station,3,0.55,Goal,Root/div/carrier/station,PAX_BRD_PCTL_0/ACS/ML/VCE,1,No
PAX_BRD_PCTL_0,I,VCE,dom_int,4,100.0,Goal,Root/div/carrier/station/dom_int,PAX_BRD_PCTL_0/ACS/ML/VCE/I,0,Yes
PAX_BRD_PCTL_0,VPS,ML,station,3,0.17,Goal,Root/div/carrier/station,PAX_BRD_PCTL_0/ACS/ML/VPS,1,No
PAX_BRD_PCTL_0,D,VPS,dom_int,4,100.0,Goal,Root/div/carrier/station/dom_int,PAX_BRD_PCTL_0/ACS/ML/VPS/D,0,Yes
PAX_BRD_PCTL_0,XNA,ML,station,3,0.25,Goal,Root/div/carrier/station,PAX_BRD_PCTL_0/ACS/ML/XNA,1,No
PAX_BRD_PCTL_0,D,XNA,dom_int,4,100.0,Goal,Root/div/carrier/station/dom_int,PAX_BRD_PCTL_0/ACS/ML/XNA/D,0,Yes
PAX_BRD_PCTL_0,YUL,ML,station,3,0.13,Goal,Root/div/carrier/station,PAX_BRD_PCTL_0/ACS/ML/YUL,1,No
PAX_BRD_PCTL_0,I,YUL,dom_int,4,100.0,Goal,Root/div/carrier/station/dom_int,PAX_BRD_PCTL_0/ACS/ML/YUL/I,0,Yes
PAX_BRD_PCTL_0,YVR,ML,station,3,0.26,Goal,Root/div/carrier/station,PAX_BRD_PCTL_0/ACS/ML/YVR,1,No
PAX_BRD_PCTL_0,I,YVR,dom_int,4,100.0,Goal,Root/div/carrier/station/dom_int,PAX_BRD_PCTL_0/ACS/ML/YVR/I,0,Yes
PAX_BRD_PCTL_0,YYC,ML,station,3,0.31,Goal,Root/div/carrier/station,PAX_BRD_PCTL_0/ACS/ML/YYC,1,No
PAX_BRD_PCTL_0,I,YYC,dom_int,4,100.0,Goal,Root/div/carrier/station/dom_int,PAX_BRD_PCTL_0/ACS/ML/YYC/I,0,Yes
PAX_BRD_PCTL_0,YYZ,ML,station,3,0.31,Goal,Root/div/carrier/station,PAX_BRD_PCTL_0/ACS/ML/YYZ,1,No
PAX_BRD_PCTL_0,I,YYZ,dom_int,4,100.0,Goal,Root/div/carrier/station/dom_int,PAX_BRD_PCTL_0/ACS/ML/YYZ/I,0,Yes
PAX_BRD_PCTL_0,ZRH,ML,station,3,0.05,Goal,Root/div/carrier/station,PAX_BRD_PCTL_0/ACS/ML/ZRH,1,No
PAX_BRD_PCTL_0,I,ZRH,dom_int,4,100.0,Goal,Root/div/carrier/station/dom_int,PAX_BRD_PCTL_0/ACS/ML/ZRH/I,0,Yes
PAX_BRD_PCTL_0,APAC_VP,ML,vp,3,0.48,Goal,Root/div/carrier/vp,PAX_BRD_PCTL_0/ACS/ML/APAC_VP,1,No
PAX_BRD_PCTL_0,I,APAC_VP,dom_int,4,100.0,Goal,Root/div/carrier/vp/dom_int,PAX_BRD_PCTL_0/ACS/ML/APAC_VP/I,0,Yes
PAX_BRD_PCTL_0,ATL_VP,ML,vp,3,0.57,Goal,Root/div/carrier/vp,PAX_BRD_PCTL_0/ACS/ML/ATL_VP,1,No
PAX_BRD_PCTL_0,D,ATL_VP,dom_int,4,100.0,Goal,Root/div/carrier/vp/dom_int,PAX_BRD_PCTL_0/ACS/ML/ATL_VP/D,0,Yes
PAX_BRD_PCTL_0,AUS_FL_VP,ML,vp,3,0.38,Goal,Root/div/carrier/vp,PAX_BRD_PCTL_0/ACS/ML/AUS_FL_VP,1,No
PAX_BRD_PCTL_0,D,AUS_FL_VP,dom_int,4,100.0,Goal,Root/div/carrier/vp/dom_int,PAX_BRD_PCTL_0/ACS/ML/AUS_FL_VP/D,0,Yes
PAX_BRD_PCTL_0,BOS_VP,ML,vp,3,0.55,Goal,Root/div/carrier/vp,PAX_BRD_PCTL_0/ACS/ML/BOS_VP,1,No
PAX_BRD_PCTL_0,D,BOS_VP,dom_int,4,100.0,Goal,Root/div/carrier/vp/dom_int,PAX_BRD_PCTL_0/ACS/ML/BOS_VP/D,0,Yes
PAX_BRD_PCTL_0,DTW_VP,ML,vp,3,0.08,Goal,Root/div/carrier/vp,PAX_BRD_PCTL_0/ACS/ML/DTW_VP,1,No
PAX_BRD_PCTL_0,D,DTW_VP,dom_int,4,100.0,Goal,Root/div/carrier/vp/dom_int,PAX_BRD_PCTL_0/ACS/ML/DTW_VP/D,0,Yes
PAX_BRD_PCTL_0,East_VP,ML,vp,3,0.52,Goal,Root/div/carrier/vp,PAX_BRD_PCTL_0/ACS/ML/East_VP,1,No
PAX_BRD_PCTL_0,D,East_VP,dom_int,4,100.0,Goal,Root/div/carrier/vp/dom_int,PAX_BRD_PCTL_0/ACS/ML/East_VP/D,0,Yes
PAX_BRD_PCTL_0,EMEAI_VP,ML,vp,3,0.07,Goal,Root/div/carrier/vp,PAX_BRD_PCTL_0/ACS/ML/EMEAI_VP,1,No
PAX_BRD_PCTL_0,I,EMEAI_VP,dom_int,4,100.0,Goal,Root/div/carrier/vp/dom_int,PAX_BRD_PCTL_0/ACS/ML/EMEAI_VP/I,0,Yes
PAX_BRD_PCTL_0,FieldStations_VP,ML,vp,3,0.05,Goal,Root/div/carrier/vp,PAX_BRD_PCTL_0/ACS/ML/FieldStations_VP,1,No
PAX_BRD_PCTL_0,D,FieldStations_VP,dom_int,4,100.0,Goal,Root/div/carrier/vp/dom_int,PAX_BRD_PCTL_0/ACS/ML/FieldStations_VP/D,0,Yes
PAX_BRD_PCTL_0,JFK_VP,ML,vp,3,0.0,Goal,Root/div/carrier/vp,PAX_BRD_PCTL_0/ACS/ML/JFK_VP,1,No
PAX_BRD_PCTL_0,D,JFK_VP,dom_int,4,100.0,Goal,Root/div/carrier/vp/dom_int,PAX_BRD_PCTL_0/ACS/ML/JFK_VP/D,0,Yes
PAX_BRD_PCTL_0,LACC_VP,ML,vp,3,0.52,Goal,Root/div/carrier/vp,PAX_BRD_PCTL_0/ACS/ML/LACC_VP,1,No
PAX_BRD_PCTL_0,I,LACC_VP,dom_int,4,100.0,Goal,Root/div/carrier/vp/dom_int,PAX_BRD_PCTL_0/ACS/ML/LACC_VP/I,0,Yes
PAX_BRD_PCTL_0,LAX_VP,ML,vp,3,0.18,Goal,Root/div/carrier/vp,PAX_BRD_PCTL_0/ACS/ML/LAX_VP,1,No
PAX_BRD_PCTL_0,D,LAX_VP,dom_int,4,100.0,Goal,Root/div/carrier/vp/dom_int,PAX_BRD_PCTL_0/ACS/ML/LAX_VP/D,0,Yes
PAX_BRD_PCTL_0,LGA_VP,ML,vp,3,0.06,Goal,Root/div/carrier/vp,PAX_BRD_PCTL_0/ACS/ML/LGA_VP,1,No
PAX_BRD_PCTL_0,D,LGA_VP,dom_int,4,100.0,Goal,Root/div/carrier/vp/dom_int,PAX_BRD_PCTL_0/ACS/ML/LGA_VP/D,0,Yes
PAX_BRD_PCTL_0,MSP_VP,ML,vp,3,0.47,Goal,Root/div/carrier/vp,PAX_BRD_PCTL_0/ACS/ML/MSP_VP,1,No
PAX_BRD_PCTL_0,D,MSP_VP,dom_int,4,100.0,Goal,Root/div/carrier/vp/dom_int,PAX_BRD_PCTL_0/ACS/ML/MSP_VP/D,0,Yes
PAX_BRD_PCTL_0,SEA_VP,ML,vp,3,0.47,Goal,Root/div/carrier/vp,PAX_BRD_PCTL_0/ACS/ML/SEA_VP,1,No
PAX_BRD_PCTL_0,D,SEA_VP,dom_int,4,100.0,Goal,Root/div/carrier/vp/dom_int,PAX_BRD_PCTL_0/ACS/ML/SEA_VP/D,0,Yes
PAX_BRD_PCTL_0,SLC_VP,ML,vp,3,0.4,Goal,Root/div/carrier/vp,PAX_BRD_PCTL_0/ACS/ML/SLC_VP,1,No
PAX_BRD_PCTL_0,D,SLC_VP,dom_int,4,100.0,Goal,Root/div/carrier/vp/dom_int,PAX_BRD_PCTL_0/ACS/ML/SLC_VP/D,0,Yes
PAX_BRD_PCTL_0,West_Central_VP,ML,vp,3,0.22,Goal,Root/div/carrier/vp,PAX_BRD_PCTL_0/ACS/ML/West_Central_VP,1,No
PAX_BRD_PCTL_0,D,West_Central_VP,dom_int,4,100.0,Goal,Root/div/carrier/vp/dom_int,PAX_BRD_PCTL_0/ACS/ML/West_Central_VP/D,0,Yes
PAX_BRD_PCTL_0,VND,PAX_BRD_PCTL_0,div,1,43.52,Goal,Root/div,PAX_BRD_PCTL_0/VND,133,No
PAX_BRD_PCTL_0,ABE,VND,station,2,1.5,Goal,Root/div/station,PAX_BRD_PCTL_0/VND/ABE,2,No
PAX_BRD_PCTL_0,",null,",ABE,vendor,3,46.4,Goal,Root/div/station/vendor,"PAX_BRD_PCTL_0/VND/ABE/,null,",1,No
PAX_BRD_PCTL_0,FS,",null,",vnd_typ,4,100.0,Goal,Root/div/station/vendor/vnd_typ,"PAX_BRD_PCTL_0/VND/ABE/,null,/FS",0,Yes
PAX_BRD_PCTL_0,Unifi,ABE,vendor,3,53.6,Goal,Root/div/station/vendor,PAX_BRD_PCTL_0/VND/ABE/Unifi,1,No
PAX_BRD_PCTL_0,FS,Unifi,vnd_typ,4,100.0,Goal,Root/div/station/vendor/vnd_typ,PAX_BRD_PCTL_0/VND/ABE/Unifi/FS,0,Yes
PAX_BRD_PCTL_0,ABR,VND,station,2,0.71,Goal,Root/div/station,PAX_BRD_PCTL_0/VND/ABR,2,No
PAX_BRD_PCTL_0,",null,",ABR,vendor,3,72.63,Goal,Root/div/station/vendor,"PAX_BRD_PCTL_0/VND/ABR/,null,",1,No
PAX_BRD_PCTL_0,FS,",null,",vnd_typ,4,100.0,Goal,Root/div/station/vendor/vnd_typ,"PAX_BRD_PCTL_0/VND/ABR/,null,/FS",0,Yes
PAX_BRD_PCTL_0,Unifi,ABR,vendor,3,27.37,Goal,Root/div/station/vendor,PAX_BRD_PCTL_0/VND/ABR/Unifi,1,No
PAX_BRD_PCTL_0,FS,Unifi,vnd_typ,4,100.0,Goal,Root/div/station/vendor/vnd_typ,PAX_BRD_PCTL_0/VND/ABR/Unifi/FS,0,Yes
PAX_BRD_PCTL_0,ABY,VND,station,2,1.47,Goal,Root/div/station,PAX_BRD_PCTL_0/VND/ABY,3,No
PAX_BRD_PCTL_0,",null,",ABY,vendor,3,3.12,Goal,Root/div/station/vendor,"PAX_BRD_PCTL_0/VND/ABY/,null,",1,No
PAX_BRD_PCTL_0,FS,",null,",vnd_typ,4,100.0,Goal,Root/div/station/vendor/vnd_typ,"PAX_BRD_PCTL_0/VND/ABY/,null,/FS",0,Yes
PAX_BRD_PCTL_0,G2,ABY,vendor,3,37.61,Goal,Root/div/station/vendor,PAX_BRD_PCTL_0/VND/ABY/G2,1,No
PAX_BRD_PCTL_0,FS,G2,vnd_typ,4,100.0,Goal,Root/div/station/vendor/vnd_typ,PAX_BRD_PCTL_0/VND/ABY/G2/FS,0,Yes
PAX_BRD_PCTL_0,Menzies Aviation,ABY,vendor,3,59.27,Goal,Root/div/station/vendor,PAX_BRD_PCTL_0/VND/ABY/Menzies Aviation,1,No
PAX_BRD_PCTL_0,FS,Menzies Aviation,vnd_typ,4,100.0,Goal,Root/div/station/vendor/vnd_typ,PAX_BRD_PCTL_0/VND/ABY/Menzies Aviation/FS,0,Yes
PAX_BRD_PCTL_0,ACK,VND,station,2,0.17,Goal,Root/div/station,PAX_BRD_PCTL_0/VND/ACK,1,No
PAX_BRD_PCTL_0,Unifi,ACK,vendor,3,100.0,Goal,Root/div/station/vendor,PAX_BRD_PCTL_0/VND/ACK/Unifi,1,No
PAX_BRD_PCTL_0,FS,Unifi,vnd_typ,4,100.0,Goal,Root/div/station/vendor/vnd_typ,PAX_BRD_PCTL_0/VND/ACK/Unifi/FS,0,Yes
PAX_BRD_PCTL_0,AEX,VND,station,2,0.15,Goal,Root/div/station,PAX_BRD_PCTL_0/VND/AEX,2,No
PAX_BRD_PCTL_0,",null,",AEX,vendor,3,74.47,Goal,Root/div/station/vendor,"PAX_BRD_PCTL_0/VND/AEX/,null,",1,No
PAX_BRD_PCTL_0,FS,",null,",vnd_typ,4,100.0,Goal,Root/div/station/vendor/vnd_typ,"PAX_BRD_PCTL_0/VND/AEX/,null,/FS",0,Yes
PAX_BRD_PCTL_0,Unifi,AEX,vendor,3,25.53,Goal,Root/div/station/vendor,PAX_BRD_PCTL_0/VND/AEX/Unifi,1,No
PAX_BRD_PCTL_0,FS,Unifi,vnd_typ,4,100.0,Goal,Root/div/station/vendor/vnd_typ,PAX_BRD_PCTL_0/VND/AEX/Unifi/FS,0,Yes
PAX_BRD_PCTL_0,AGS,VND,station,2,0.55,Goal,Root/div/station,PAX_BRD_PCTL_0/VND/AGS,2,No
PAX_BRD_PCTL_0,",null,",AGS,vendor,3,82.68,Goal,Root/div/station/vendor,"PAX_BRD_PCTL_0/VND/AGS/,null,",1,No
PAX_BRD_PCTL_0,FS,",null,",vnd_typ,4,100.0,Goal,Root/div/station/vendor/vnd_typ,"PAX_BRD_PCTL_0/VND/AGS/,null,/FS",0,Yes
PAX_BRD_PCTL_0,Unifi,AGS,vendor,3,17.32,Goal,Root/div/station/vendor,PAX_BRD_PCTL_0/VND/AGS/Unifi,1,No
PAX_BRD_PCTL_0,FS,Unifi,vnd_typ,4,100.0,Goal,Root/div/station/vendor/vnd_typ,PAX_BRD_PCTL_0/VND/AGS/Unifi/FS,0,Yes
PAX_BRD_PCTL_0,APN,VND,station,2,0.89,Goal,Root/div/station,PAX_BRD_PCTL_0/VND/APN,2,No
PAX_BRD_PCTL_0,",null,",APN,vendor,3,41.9,Goal,Root/div/station/vendor,"PAX_BRD_PCTL_0/VND/APN/,null,",1,No
PAX_BRD_PCTL_0,FS,",null,",vnd_typ,4,100.0,Goal,Root/div/station/vendor/vnd_typ,"PAX_BRD_PCTL_0/VND/APN/,null,/FS",0,Yes
PAX_BRD_PCTL_0,Unifi,APN,vendor,3,58.1,Goal,Root/div/station/vendor,PAX_BRD_PCTL_0/VND/APN/Unifi,1,No
PAX_BRD_PCTL_0,FS,Unifi,vnd_typ,4,100.0,Goal,Root/div/station/vendor/vnd_typ,PAX_BRD_PCTL_0/VND/APN/Unifi/FS,0,Yes
PAX_BRD_PCTL_0,ASE,VND,station,2,1.47,Goal,Root/div/station,PAX_BRD_PCTL_0/VND/ASE,2,No
PAX_BRD_PCTL_0,",null,",ASE,vendor,3,57.58,Goal,Root/div/station/vendor,"PAX_BRD_PCTL_0/VND/ASE/,null,",1,No
PAX_BRD_PCTL_0,FS,",null,",vnd_typ,4,100.0,Goal,Root/div/station/vendor/vnd_typ,"PAX_BRD_PCTL_0/VND/ASE/,null,/FS",0,Yes
PAX_BRD_PCTL_0,SkyWest,ASE,vendor,3,42.42,Goal,Root/div/station/vendor,PAX_BRD_PCTL_0/VND/ASE/SkyWest,1,No
PAX_BRD_PCTL_0,FS,SkyWest,vnd_typ,4,100.0,Goal,Root/div/station/vendor/vnd_typ,PAX_BRD_PCTL_0/VND/ASE/SkyWest/FS,0,Yes
PAX_BRD_PCTL_0,ATW,VND,station,2,0.89,Goal,Root/div/station,PAX_BRD_PCTL_0/VND/ATW,2,No
PAX_BRD_PCTL_0,",null,",ATW,vendor,3,61.74,Goal,Root/div/station/vendor,"PAX_BRD_PCTL_0/VND/ATW/,null,",1,No
PAX_BRD_PCTL_0,FS,",null,",vnd_typ,4,100.0,Goal,Root/div/station/vendor/vnd_typ,"PAX_BRD_PCTL_0/VND/ATW/,null,/FS",0,Yes
PAX_BRD_PCTL_0,Unifi,ATW,vendor,3,38.26,Goal,Root/div/station/vendor,PAX_BRD_PCTL_0/VND/ATW/Unifi,1,No
PAX_BRD_PCTL_0,FS,Unifi,vnd_typ,4,100.0,Goal,Root/div/station/vendor/vnd_typ,PAX_BRD_PCTL_0/VND/ATW/Unifi/FS,0,Yes
PAX_BRD_PCTL_0,ATY,VND,station,2,0.09,Goal,Root/div/station,PAX_BRD_PCTL_0/VND/ATY,1,No
PAX_BRD_PCTL_0,",null,",ATY,vendor,3,100.0,Goal,Root/div/station/vendor,"PAX_BRD_PCTL_0/VND/ATY/,null,",1,No
PAX_BRD_PCTL_0,FS,",null,",vnd_typ,4,100.0,Goal,Root/div/station/vendor/vnd_typ,"PAX_BRD_PCTL_0/VND/ATY/,null,/FS",0,Yes
PAX_BRD_PCTL_0,AVL,VND,station,2,0.14,Goal,Root/div/station,PAX_BRD_PCTL_0/VND/AVL,2,No
PAX_BRD_PCTL_0,",null,",AVL,vendor,3,33.35,Goal,Root/div/station/vendor,"PAX_BRD_PCTL_0/VND/AVL/,null,",1,No
PAX_BRD_PCTL_0,FS,",null,",vnd_typ,4,100.0,Goal,Root/div/station/vendor/vnd_typ,"PAX_BRD_PCTL_0/VND/AVL/,null,/FS",0,Yes
PAX_BRD_PCTL_0,Unifi,AVL,vendor,3,66.65,Goal,Root/div/station/vendor,PAX_BRD_PCTL_0/VND/AVL/Unifi,1,No
PAX_BRD_PCTL_0,FS,Unifi,vnd_typ,4,100.0,Goal,Root/div/station/vendor/vnd_typ,PAX_BRD_PCTL_0/VND/AVL/Unifi/FS,0,Yes
PAX_BRD_PCTL_0,AZO,VND,station,2,1.04,Goal,Root/div/station,PAX_BRD_PCTL_0/VND/AZO,2,No
PAX_BRD_PCTL_0,",null,",AZO,vendor,3,31.55,Goal,Root/div/station/vendor,"PAX_BRD_PCTL_0/VND/AZO/,null,",1,No
PAX_BRD_PCTL_0,FS,",null,",vnd_typ,4,100.0,Goal,Root/div/station/vendor/vnd_typ,"PAX_BRD_PCTL_0/VND/AZO/,null,/FS",0,Yes
PAX_BRD_PCTL_0,Unifi,AZO,vendor,3,68.45,Goal,Root/div/station/vendor,PAX_BRD_PCTL_0/VND/AZO/Unifi,1,No
PAX_BRD_PCTL_0,FS,Unifi,vnd_typ,4,100.0,Goal,Root/div/station/vendor/vnd_typ,PAX_BRD_PCTL_0/VND/AZO/Unifi/FS,0,Yes
PAX_BRD_PCTL_0,BGM,VND,station,2,0.53,Goal,Root/div/station,PAX_BRD_PCTL_0/VND/BGM,3,No
PAX_BRD_PCTL_0,",null,",BGM,vendor,3,34.63,Goal,Root/div/station/vendor,"PAX_BRD_PCTL_0/VND/BGM/,null,",1,No
PAX_BRD_PCTL_0,FS,",null,",vnd_typ,4,100.0,Goal,Root/div/station/vendor/vnd_typ,"PAX_BRD_PCTL_0/VND/BGM/,null,/FS",0,Yes
PAX_BRD_PCTL_0,G2,BGM,vendor,3,30.18,Goal,Root/div/station/vendor,PAX_BRD_PCTL_0/VND/BGM/G2,1,No
PAX_BRD_PCTL_0,FS,G2,vnd_typ,4,100.0,Goal,Root/div/station/vendor/vnd_typ,PAX_BRD_PCTL_0/VND/BGM/G2/FS,0,Yes
PAX_BRD_PCTL_0,Menzies Aviation,BGM,vendor,3,35.19,Goal,Root/div/station/vendor,PAX_BRD_PCTL_0/VND/BGM/Menzies Aviation,1,No
PAX_BRD_PCTL_0,FS,Menzies Aviation,vnd_typ,4,100.0,Goal,Root/div/station/vendor/vnd_typ,PAX_BRD_PCTL_0/VND/BGM/Menzies Aviation/FS,0,Yes
PAX_BRD_PCTL_0,BGR,VND,station,2,1.13,Goal,Root/div/station,PAX_BRD_PCTL_0/VND/BGR,2,No
PAX_BRD_PCTL_0,",null,",BGR,vendor,3,6.47,Goal,Root/div/station/vendor,"PAX_BRD_PCTL_0/VND/BGR/,null,",1,No
PAX_BRD_PCTL_0,FS,",null,",vnd_typ,4,100.0,Goal,Root/div/station/vendor/vnd_typ,"PAX_BRD_PCTL_0/VND/BGR/,null,/FS",0,Yes
PAX_BRD_PCTL_0,Unifi,BGR,vendor,3,93.53,Goal,Root/div/station/vendor,PAX_BRD_PCTL_0/VND/BGR/Unifi,1,No
PAX_BRD_PCTL_0,FS,Unifi,vnd_typ,4,100.0,Goal,Root/div/station/vendor/vnd_typ,PAX_BRD_PCTL_0/VND/BGR/Unifi/FS,0,Yes
PAX_BRD_PCTL_0,BIL,VND,station,2,0.27,Goal,Root/div/station,PAX_BRD_PCTL_0/VND/BIL,2,No
PAX_BRD_PCTL_0,",null,",BIL,vendor,3,57.14,Goal,Root/div/station/vendor,"PAX_BRD_PCTL_0/VND/BIL/,null,",1,No
PAX_BRD_PCTL_0,FS,",null,",vnd_typ,4,100.0,Goal,Root/div/station/vendor/vnd_typ,"PAX_BRD_PCTL_0/VND/BIL/,null,/FS",0,Yes
PAX_BRD_PCTL_0,Unifi,BIL,vendor,3,42.86,Goal,Root/div/station/vendor,PAX_BRD_PCTL_0/VND/BIL/Unifi,1,No
PAX_BRD_PCTL_0,FS,Unifi,vnd_typ,4,100.0,Goal,Root/div/station/vendor/vnd_typ,PAX_BRD_PCTL_0/VND/BIL/Unifi/FS,0,Yes
PAX_BRD_PCTL_0,BIS,VND,station,2,0.14,Goal,Root/div/station,PAX_BRD_PCTL_0/VND/BIS,2,No
PAX_BRD_PCTL_0,",null,",BIS,vendor,3,50.74,Goal,Root/div/station/vendor,"PAX_BRD_PCTL_0/VND/BIS/,null,",1,No
PAX_BRD_PCTL_0,FS,",null,",vnd_typ,4,100.0,Goal,Root/div/station/vendor/vnd_typ,"PAX_BRD_PCTL_0/VND/BIS/,null,/FS",0,Yes
PAX_BRD_PCTL_0,Unifi,BIS,vendor,3,49.26,Goal,Root/div/station/vendor,PAX_BRD_PCTL_0/VND/BIS/Unifi,1,No
PAX_BRD_PCTL_0,FS,Unifi,vnd_typ,4,100.0,Goal,Root/div/station/vendor/vnd_typ,PAX_BRD_PCTL_0/VND/BIS/Unifi/FS,0,Yes
PAX_BRD_PCTL_0,BJI,VND,station,2,0.17,Goal,Root/div/station,PAX_BRD_PCTL_0/VND/BJI,2,No
PAX_BRD_PCTL_0,",null,",BJI,vendor,3,58.42,Goal,Root/div/station/vendor,"PAX_BRD_PCTL_0/VND/BJI/,null,",1,No
PAX_BRD_PCTL_0,FS,",null,",vnd_typ,4,100.0,Goal,Root/div/station/vendor/vnd_typ,"PAX_BRD_PCTL_0/VND/BJI/,null,/FS",0,Yes
PAX_BRD_PCTL_0,Unifi,BJI,vendor,3,41.58,Goal,Root/div/station/vendor,PAX_BRD_PCTL_0/VND/BJI/Unifi,1,No
PAX_BRD_PCTL_0,FS,Unifi,vnd_typ,4,100.0,Goal,Root/div/station/vendor/vnd_typ,PAX_BRD_PCTL_0/VND/BJI/Unifi/FS,0,Yes
PAX_BRD_PCTL_0,BMI,VND,station,2,0.65,Goal,Root/div/station,PAX_BRD_PCTL_0/VND/BMI,2,No
PAX_BRD_PCTL_0,",null,",BMI,vendor,3,8.45,Goal,Root/div/station/vendor,"PAX_BRD_PCTL_0/VND/BMI/,null,",1,No
PAX_BRD_PCTL_0,FS,",null,",vnd_typ,4,100.0,Goal,Root/div/station/vendor/vnd_typ,"PAX_BRD_PCTL_0/VND/BMI/,null,/FS",0,Yes
PAX_BRD_PCTL_0,Unifi,BMI,vendor,3,91.55,Goal,Root/div/station/vendor,PAX_BRD_PCTL_0/VND/BMI/Unifi,1,No
PAX_BRD_PCTL_0,FS,Unifi,vnd_typ,4,100.0,Goal,Root/div/station/vendor/vnd_typ,PAX_BRD_PCTL_0/VND/BMI/Unifi/FS,0,Yes
PAX_BRD_PCTL_0,BQK,VND,station,2,0.07,Goal,Root/div/station,PAX_BRD_PCTL_0/VND/BQK,3,No
PAX_BRD_PCTL_0,",null,",BQK,vendor,3,38.98,Goal,Root/div/station/vendor,"PAX_BRD_PCTL_0/VND/BQK/,null,",1,No
PAX_BRD_PCTL_0,FS,",null,",vnd_typ,4,100.0,Goal,Root/div/station/vendor/vnd_typ,"PAX_BRD_PCTL_0/VND/BQK/,null,/FS",0,Yes
PAX_BRD_PCTL_0,G2,BQK,vendor,3,48.32,Goal,Root/div/station/vendor,PAX_BRD_PCTL_0/VND/BQK/G2,1,No
PAX_BRD_PCTL_0,FS,G2,vnd_typ,4,100.0,Goal,Root/div/station/vendor/vnd_typ,PAX_BRD_PCTL_0/VND/BQK/G2/FS,0,Yes
PAX_BRD_PCTL_0,Menzies Aviation,BQK,vendor,3,12.7,Goal,Root/div/station/vendor,PAX_BRD_PCTL_0/VND/BQK/Menzies Aviation,1,No
PAX_BRD_PCTL_0,FS,Menzies Aviation,vnd_typ,4,100.0,Goal,Root/div/station/vendor/vnd_typ,PAX_BRD_PCTL_0/VND/BQK/Menzies Aviation/FS,0,Yes
PAX_BRD_PCTL_0,BRD,VND,station,2,0.76,Goal,Root/div/station,PAX_BRD_PCTL_0/VND/BRD,2,No
PAX_BRD_PCTL_0,",null,",BRD,vendor,3,99.24,Goal,Root/div/station/vendor,"PAX_BRD_PCTL_0/VND/BRD/,null,",1,No
PAX_BRD_PCTL_0,FS,",null,",vnd_typ,4,100.0,Goal,Root/div/station/vendor/vnd_typ,"PAX_BRD_PCTL_0/VND/BRD/,null,/FS",0,Yes
PAX_BRD_PCTL_0,Unifi,BRD,vendor,3,0.76,Goal,Root/div/station/vendor,PAX_BRD_PCTL_0/VND/BRD/Unifi,1,No
PAX_BRD_PCTL_0,FS,Unifi,vnd_typ,4,100.0,Goal,Root/div/station/vendor/vnd_typ,PAX_BRD_PCTL_0/VND/BRD/Unifi/FS,0,Yes
PAX_BRD_PCTL_0,BTM,VND,station,2,1.07,Goal,Root/div/station,PAX_BRD_PCTL_0/VND/BTM,2,No
PAX_BRD_PCTL_0,",null,",BTM,vendor,3,25.24,Goal,Root/div/station/vendor,"PAX_BRD_PCTL_0/VND/BTM/,null,",1,No
PAX_BRD_PCTL_0,FS,",null,",vnd_typ,4,100.0,Goal,Root/div/station/vendor/vnd_typ,"PAX_BRD_PCTL_0/VND/BTM/,null,/FS",0,Yes
PAX_BRD_PCTL_0,SkyWest,BTM,vendor,3,74.76,Goal,Root/div/station/vendor,PAX_BRD_PCTL_0/VND/BTM/SkyWest,1,No
PAX_BRD_PCTL_0,FS,SkyWest,vnd_typ,4,100.0,Goal,Root/div/station/vendor/vnd_typ,PAX_BRD_PCTL_0/VND/BTM/SkyWest/FS,0,Yes
PAX_BRD_PCTL_0,BTR,VND,station,2,0.36,Goal,Root/div/station,PAX_BRD_PCTL_0/VND/BTR,2,No
PAX_BRD_PCTL_0,",null,",BTR,vendor,3,43.69,Goal,Root/div/station/vendor,"PAX_BRD_PCTL_0/VND/BTR/,null,",1,No
PAX_BRD_PCTL_0,FS,",null,",vnd_typ,4,100.0,Goal,Root/div/station/vendor/vnd_typ,"PAX_BRD_PCTL_0/VND/BTR/,null,/FS",0,Yes
PAX_BRD_PCTL_0,Unifi,BTR,vendor,3,56.31,Goal,Root/div/station/vendor,PAX_BRD_PCTL_0/VND/BTR/Unifi,1,No
PAX_BRD_PCTL_0,FS,Unifi,vnd_typ,4,100.0,Goal,Root/div/station/vendor/vnd_typ,PAX_BRD_PCTL_0/VND/BTR/Unifi/FS,0,Yes
PAX_BRD_PCTL_0,BTV,VND,station,2,1.05,Goal,Root/div/station,PAX_BRD_PCTL_0/VND/BTV,2,No
PAX_BRD_PCTL_0,",null,",BTV,vendor,3,34.97,Goal,Root/div/station/vendor,"PAX_BRD_PCTL_0/VND/BTV/,null,",1,No
PAX_BRD_PCTL_0,FS,",null,",vnd_typ,4,100.0,Goal,Root/div/station/vendor/vnd_typ,"PAX_BRD_PCTL_0/VND/BTV/,null,/FS",0,Yes
PAX_BRD_PCTL_0,Unifi,BTV,vendor,3,65.03,Goal,Root/div/station/vendor,PAX_BRD_PCTL_0/VND/BTV/Unifi,1,No
PAX_BRD_PCTL_0,FS,Unifi,vnd_typ,4,100.0,Goal,Root/div/station/vendor/vnd_typ,PAX_BRD_PCTL_0/VND/BTV/Unifi/FS,0,Yes
PAX_BRD_PCTL_0,BUF,VND,station,2,0.76,Goal,Root/div/station,PAX_BRD_PCTL_0/VND/BUF,2,No
PAX_BRD_PCTL_0,",null,",BUF,vendor,3,65.68,Goal,Root/div/station/vendor,"PAX_BRD_PCTL_0/VND/BUF/,null,",1,No
PAX_BRD_PCTL_0,FS,",null,",vnd_typ,4,100.0,Goal,Root/div/station/vendor/vnd_typ,"PAX_BRD_PCTL_0/VND/BUF/,null,/FS",0,Yes
PAX_BRD_PCTL_0,Unifi,BUF,vendor,3,34.32,Goal,Root/div/station/vendor,PAX_BRD_PCTL_0/VND/BUF/Unifi,1,No
PAX_BRD_PCTL_0,FS,Unifi,vnd_typ,4,100.0,Goal,Root/div/station/vendor/vnd_typ,PAX_BRD_PCTL_0/VND/BUF/Unifi/FS,0,Yes
PAX_BRD_PCTL_0,BUR,VND,station,2,0.17,Goal,Root/div/station,PAX_BRD_PCTL_0/VND/BUR,2,No
PAX_BRD_PCTL_0,",null,",BUR,vendor,3,37.22,Goal,Root/div/station/vendor,"PAX_BRD_PCTL_0/VND/BUR/,null,",1,No
PAX_BRD_PCTL_0,FS,",null,",vnd_typ,4,100.0,Goal,Root/div/station/vendor/vnd_typ,"PAX_BRD_PCTL_0/VND/BUR/,null,/FS",0,Yes
PAX_BRD_PCTL_0,GAT,BUR,vendor,3,62.78,Goal,Root/div/station/vendor,PAX_BRD_PCTL_0/VND/BUR/GAT,1,No
PAX_BRD_PCTL_0,FS,GAT,vnd_typ,4,100.0,Goal,Root/div/station/vendor/vnd_typ,PAX_BRD_PCTL_0/VND/BUR/GAT/FS,0,Yes
PAX_BRD_PCTL_0,CDC,VND,station,2,0.77,Goal,Root/div/station,PAX_BRD_PCTL_0/VND/CDC,2,No
PAX_BRD_PCTL_0,",null,",CDC,vendor,3,76.39,Goal,Root/div/station/vendor,"PAX_BRD_PCTL_0/VND/CDC/,null,",1,No
PAX_BRD_PCTL_0,FS,",null,",vnd_typ,4,100.0,Goal,Root/div/station/vendor/vnd_typ,"PAX_BRD_PCTL_0/VND/CDC/,null,/FS",0,Yes
PAX_BRD_PCTL_0,SkyWest,CDC,vendor,3,23.61,Goal,Root/div/station/vendor,PAX_BRD_PCTL_0/VND/CDC/SkyWest,1,No
PAX_BRD_PCTL_0,FS,SkyWest,vnd_typ,4,100.0,Goal,Root/div/station/vendor/vnd_typ,PAX_BRD_PCTL_0/VND/CDC/SkyWest/FS,0,Yes
PAX_BRD_PCTL_0,CHA,VND,station,2,0.48,Goal,Root/div/station,PAX_BRD_PCTL_0/VND/CHA,2,No
PAX_BRD_PCTL_0,",null,",CHA,vendor,3,84.39,Goal,Root/div/station/vendor,"PAX_BRD_PCTL_0/VND/CHA/,null,",1,No
PAX_BRD_PCTL_0,FS,",null,",vnd_typ,4,100.0,Goal,Root/div/station/vendor/vnd_typ,"PAX_BRD_PCTL_0/VND/CHA/,null,/FS",0,Yes
PAX_BRD_PCTL_0,Unifi,CHA,vendor,3,15.61,Goal,Root/div/station/vendor,PAX_BRD_PCTL_0/VND/CHA/Unifi,1,No
PAX_BRD_PCTL_0,FS,Unifi,vnd_typ,4,100.0,Goal,Root/div/station/vendor/vnd_typ,PAX_BRD_PCTL_0/VND/CHA/Unifi/FS,0,Yes
PAX_BRD_PCTL_0,CHO,VND,station,2,1.49,Goal,Root/div/station,PAX_BRD_PCTL_0/VND/CHO,2,No
PAX_BRD_PCTL_0,",null,",CHO,vendor,3,79.56,Goal,Root/div/station/vendor,"PAX_BRD_PCTL_0/VND/CHO/,null,",1,No
PAX_BRD_PCTL_0,FS,",null,",vnd_typ,4,100.0,Goal,Root/div/station/vendor/vnd_typ,"PAX_BRD_PCTL_0/VND/CHO/,null,/FS",0,Yes
PAX_BRD_PCTL_0,Unifi,CHO,vendor,3,20.44,Goal,Root/div/station/vendor,PAX_BRD_PCTL_0/VND/CHO/Unifi,1,No
PAX_BRD_PCTL_0,FS,Unifi,vnd_typ,4,100.0,Goal,Root/div/station/vendor/vnd_typ,PAX_BRD_PCTL_0/VND/CHO/Unifi/FS,0,Yes
PAX_BRD_PCTL_0,CID,VND,station,2,0.56,Goal,Root/div/station,PAX_BRD_PCTL_0/VND/CID,2,No
PAX_BRD_PCTL_0,",null,",CID,vendor,3,57.01,Goal,Root/div/station/vendor,"PAX_BRD_PCTL_0/VND/CID/,null,",1,No
PAX_BRD_PCTL_0,FS,",null,",vnd_typ,4,100.0,Goal,Root/div/station/vendor/vnd_typ,"PAX_BRD_PCTL_0/VND/CID/,null,/FS",0,Yes
PAX_BRD_PCTL_0,Unifi,CID,vendor,3,42.99,Goal,Root/div/station/vendor,PAX_BRD_PCTL_0/VND/CID/Unifi,1,No
PAX_BRD_PCTL_0,FS,Unifi,vnd_typ,4,100.0,Goal,Root/div/station/vendor/vnd_typ,PAX_BRD_PCTL_0/VND/CID/Unifi/FS,0,Yes
PAX_BRD_PCTL_0,CIU,VND,station,2,0.43,Goal,Root/div/station,PAX_BRD_PCTL_0/VND/CIU,2,No
PAX_BRD_PCTL_0,",null,",CIU,vendor,3,79.67,Goal,Root/div/station/vendor,"PAX_BRD_PCTL_0/VND/CIU/,null,",1,No
PAX_BRD_PCTL_0,FS,",null,",vnd_typ,4,100.0,Goal,Root/div/station/vendor/vnd_typ,"PAX_BRD_PCTL_0/VND/CIU/,null,/FS",0,Yes
PAX_BRD_PCTL_0,Unifi,CIU,vendor,3,20.33,Goal,Root/div/station/vendor,PAX_BRD_PCTL_0/VND/CIU/Unifi,1,No
PAX_BRD_PCTL_0,FS,Unifi,vnd_typ,4,100.0,Goal,Root/div/station/vendor/vnd_typ,PAX_BRD_PCTL_0/VND/CIU/Unifi/FS,0,Yes
PAX_BRD_PCTL_0,CRW,VND,station,2,1.15,Goal,Root/div/station,PAX_BRD_PCTL_0/VND/CRW,2,No
PAX_BRD_PCTL_0,",null,",CRW,vendor,3,11.26,Goal,Root/div/station/vendor,"PAX_BRD_PCTL_0/VND/CRW/,null,",1,No
PAX_BRD_PCTL_0,FS,",null,",vnd_typ,4,100.0,Goal,Root/div/station/vendor/vnd_typ,"PAX_BRD_PCTL_0/VND/CRW/,null,/FS",0,Yes
PAX_BRD_PCTL_0,Unifi,CRW,vendor,3,88.74,Goal,Root/div/station/vendor,PAX_BRD_PCTL_0/VND/CRW/Unifi,1,No
PAX_BRD_PCTL_0,FS,Unifi,vnd_typ,4,100.0,Goal,Root/div/station/vendor/vnd_typ,PAX_BRD_PCTL_0/VND/CRW/Unifi/FS,0,Yes
PAX_BRD_PCTL_0,CSG,VND,station,2,1.23,Goal,Root/div/station,PAX_BRD_PCTL_0/VND/CSG,2,No
PAX_BRD_PCTL_0,",null,",CSG,vendor,3,45.26,Goal,Root/div/station/vendor,"PAX_BRD_PCTL_0/VND/CSG/,null,",1,No
PAX_BRD_PCTL_0,FS,",null,",vnd_typ,4,100.0,Goal,Root/div/station/vendor/vnd_typ,"PAX_BRD_PCTL_0/VND/CSG/,null,/FS",0,Yes
PAX_BRD_PCTL_0,Unifi,CSG,vendor,3,54.74,Goal,Root/div/station/vendor,PAX_BRD_PCTL_0/VND/CSG/Unifi,1,No
PAX_BRD_PCTL_0,FS,Unifi,vnd_typ,4,100.0,Goal,Root/div/station/vendor/vnd_typ,PAX_BRD_PCTL_0/VND/CSG/Unifi/FS,0,Yes
PAX_BRD_PCTL_0,CWA,VND,station,2,0.1,Goal,Root/div/station,PAX_BRD_PCTL_0/VND/CWA,2,No
PAX_BRD_PCTL_0,",null,",CWA,vendor,3,50.24,Goal,Root/div/station/vendor,"PAX_BRD_PCTL_0/VND/CWA/,null,",1,No
PAX_BRD_PCTL_0,FS,",null,",vnd_typ,4,100.0,Goal,Root/div/station/vendor/vnd_typ,"PAX_BRD_PCTL_0/VND/CWA/,null,/FS",0,Yes
PAX_BRD_PCTL_0,Unifi,CWA,vendor,3,49.76,Goal,Root/div/station/vendor,PAX_BRD_PCTL_0/VND/CWA/Unifi,1,No
PAX_BRD_PCTL_0,FS,Unifi,vnd_typ,4,100.0,Goal,Root/div/station/vendor/vnd_typ,PAX_BRD_PCTL_0/VND/CWA/Unifi/FS,0,Yes
PAX_BRD_PCTL_0,DAL,VND,station,2,1.25,Goal,Root/div/station,PAX_BRD_PCTL_0/VND/DAL,2,No
PAX_BRD_PCTL_0,",null,",DAL,vendor,3,43.01,Goal,Root/div/station/vendor,"PAX_BRD_PCTL_0/VND/DAL/,null,",1,No
PAX_BRD_PCTL_0,FS,",null,",vnd_typ,4,100.0,Goal,Root/div/station/vendor/vnd_typ,"PAX_BRD_PCTL_0/VND/DAL/,null,/FS",0,Yes
PAX_BRD_PCTL_0,Unifi,DAL,vendor,3,56.99,Goal,Root/div/station/vendor,PAX_BRD_PCTL_0/VND/DAL/Unifi,1,No
PAX_BRD_PCTL_0,FS,Unifi,vnd_typ,4,100.0,Goal,Root/div/station/vendor/vnd_typ,PAX_BRD_PCTL_0/VND/DAL/Unifi/FS,0,Yes
PAX_BRD_PCTL_0,DHN,VND,station,2,0.33,Goal,Root/div/station,PAX_BRD_PCTL_0/VND/DHN,3,No
PAX_BRD_PCTL_0,",null,",DHN,vendor,3,37.4,Goal,Root/div/station/vendor,"PAX_BRD_PCTL_0/VND/DHN/,null,",1,No
PAX_BRD_PCTL_0,FS,",null,",vnd_typ,4,100.0,Goal,Root/div/station/vendor/vnd_typ,"PAX_BRD_PCTL_0/VND/DHN/,null,/FS",0,Yes
PAX_BRD_PCTL_0,G2,DHN,vendor,3,12.12,Goal,Root/div/station/vendor,PAX_BRD_PCTL_0/VND/DHN/G2,1,No
PAX_BRD_PCTL_0,FS,G2,vnd_typ,4,100.0,Goal,Root/div/station/vendor/vnd_typ,PAX_BRD_PCTL_0/VND/DHN/G2/FS,0,Yes
PAX_BRD_PCTL_0,Menzies Aviation,DHN,vendor,3,50.48,Goal,Root/div/station/vendor,PAX_BRD_PCTL_0/VND/DHN/Menzies Aviation,1,No
PAX_BRD_PCTL_0,FS,Menzies Aviation,vnd_typ,4,100.0,Goal,Root/div/station/vendor/vnd_typ,PAX_BRD_PCTL_0/VND/DHN/Menzies Aviation/FS,0,Yes
PAX_BRD_PCTL_0,DLH,VND,station,2,0.28,Goal,Root/div/station,PAX_BRD_PCTL_0/VND/DLH,2,No
PAX_BRD_PCTL_0,",null,",DLH,vendor,3,43.63,Goal,Root/div/station/vendor,"PAX_BRD_PCTL_0/VND/DLH/,null,",1,No
PAX_BRD_PCTL_0,FS,",null,",vnd_typ,4,100.0,Goal,Root/div/station/vendor/vnd_typ,"PAX_BRD_PCTL_0/VND/DLH/,null,/FS",0,Yes
PAX_BRD_PCTL_0,Unifi,DLH,vendor,3,56.37,Goal,Root/div/station/vendor,PAX_BRD_PCTL_0/VND/DLH/Unifi,1,No
PAX_BRD_PCTL_0,FS,Unifi,vnd_typ,4,100.0,Goal,Root/div/station/vendor/vnd_typ,PAX_BRD_PCTL_0/VND/DLH/Unifi/FS,0,Yes
PAX_BRD_PCTL_0,DSM,VND,station,2,1.46,Goal,Root/div/station,PAX_BRD_PCTL_0/VND/DSM,2,No
PAX_BRD_PCTL_0,",null,",DSM,vendor,3,74.39,Goal,Root/div/station/vendor,"PAX_BRD_PCTL_0/VND/DSM/,null,",1,No
PAX_BRD_PCTL_0,FS,",null,",vnd_typ,4,100.0,Goal,Root/div/station/vendor/vnd_typ,"PAX_BRD_PCTL_0/VND/DSM/,null,/FS",0,Yes
PAX_BRD_PCTL_0,Unifi,DSM,vendor,3,25.61,Goal,Root/div/station/vendor,PAX_BRD_PCTL_0/VND/DSM/Unifi,1,No
PAX_BRD_PCTL_0,FS,Unifi,vnd_typ,4,100.0,Goal,Root/div/station/vendor/vnd_typ,PAX_BRD_PCTL_0/VND/DSM/Unifi/FS,0,Yes
PAX_BRD_PCTL_0,ECP,VND,station,2,0.86,Goal,Root/div/station,PAX_BRD_PCTL_0/VND/ECP,2,No
PAX_BRD_PCTL_0,",null,",ECP,vendor,3,60.11,Goal,Root/div/station/vendor,"PAX_BRD_PCTL_0/VND/ECP/,null,",1,No
PAX_BRD_PCTL_0,FS,",null,",vnd_typ,4,100.0,Goal,Root/div/station/vendor/vnd_typ,"PAX_BRD_PCTL_0/VND/ECP/,null,/FS",0,Yes
PAX_BRD_PCTL_0,Unifi,ECP,vendor,3,39.89,Goal,Root/div/station/vendor,PAX_BRD_PCTL_0/VND/ECP/Unifi,1,No
PAX_BRD_PCTL_0,FS,Unifi,vnd_typ,4,100.0,Goal,Root/div/station/vendor/vnd_typ,PAX_BRD_PCTL_0/VND/ECP/Unifi/FS,0,Yes
PAX_BRD_PCTL_0,EGE,VND,station,2,0.82,Goal,Root/div/station,PAX_BRD_PCTL_0/VND/EGE,3,No
PAX_BRD_PCTL_0,",null,",EGE,vendor,3,18.69,Goal,Root/div/station/vendor,"PAX_BRD_PCTL_0/VND/EGE/,null,",1,No
PAX_BRD_PCTL_0,FS,",null,",vnd_typ,4,100.0,Goal,Root/div/station/vendor/vnd_typ,"PAX_BRD_PCTL_0/VND/EGE/,null,/FS",0,Yes
PAX_BRD_PCTL_0,G2,EGE,vendor,3,46.62,Goal,Root/div/station/vendor,PAX_BRD_PCTL_0/VND/EGE/G2,1,No
PAX_BRD_PCTL_0,FS,G2,vnd_typ,4,100.0,Goal,Root/div/station/vendor/vnd_typ,PAX_BRD_PCTL_0/VND/EGE/G2/FS,0,Yes
PAX_BRD_PCTL_0,Menzies Aviation,EGE,vendor,3,34.690000000000005,Goal,Root/div/station/vendor,PAX_BRD_PCTL_0/VND/EGE/Menzies Aviation,1,No
PAX_BRD_PCTL_0,FS,Menzies Aviation,vnd_typ,4,100.0,Goal,Root/div/station/vendor/vnd_typ,PAX_BRD_PCTL_0/VND/EGE/Menzies Aviation/FS,0,Yes
PAX_BRD_PCTL_0,EKO,VND,station,2,0.14,Goal,Root/div/station,PAX_BRD_PCTL_0/VND/EKO,2,No
PAX_BRD_PCTL_0,",null,",EKO,vendor,3,44.6,Goal,Root/div/station/vendor,"PAX_BRD_PCTL_0/VND/EKO/,null,",1,No
PAX_BRD_PCTL_0,FS,",null,",vnd_typ,4,100.0,Goal,Root/div/station/vendor/vnd_typ,"PAX_BRD_PCTL_0/VND/EKO/,null,/FS",0,Yes
PAX_BRD_PCTL_0,SkyWest,EKO,vendor,3,55.4,Goal,Root/div/station/vendor,PAX_BRD_PCTL_0/VND/EKO/SkyWest,1,No
PAX_BRD_PCTL_0,FS,SkyWest,vnd_typ,4,100.0,Goal,Root/div/station/vendor/vnd_typ,PAX_BRD_PCTL_0/VND/EKO/SkyWest/FS,0,Yes
PAX_BRD_PCTL_0,ELM,VND,station,2,0.66,Goal,Root/div/station,PAX_BRD_PCTL_0/VND/ELM,2,No
PAX_BRD_PCTL_0,",null,",ELM,vendor,3,41.42,Goal,Root/div/station/vendor,"PAX_BRD_PCTL_0/VND/ELM/,null,",1,No
PAX_BRD_PCTL_0,FS,",null,",vnd_typ,4,100.0,Goal,Root/div/station/vendor/vnd_typ,"PAX_BRD_PCTL_0/VND/ELM/,null,/FS",0,Yes
PAX_BRD_PCTL_0,Unifi,ELM,vendor,3,58.58,Goal,Root/div/station/vendor,PAX_BRD_PCTL_0/VND/ELM/Unifi,1,No
PAX_BRD_PCTL_0,FS,Unifi,vnd_typ,4,100.0,Goal,Root/div/station/vendor/vnd_typ,PAX_BRD_PCTL_0/VND/ELM/Unifi/FS,0,Yes
PAX_BRD_PCTL_0,ESC,VND,station,2,1.35,Goal,Root/div/station,PAX_BRD_PCTL_0/VND/ESC,2,No
PAX_BRD_PCTL_0,",null,",ESC,vendor,3,22.75,Goal,Root/div/station/vendor,"PAX_BRD_PCTL_0/VND/ESC/,null,",1,No
PAX_BRD_PCTL_0,FS,",null,",vnd_typ,4,100.0,Goal,Root/div/station/vendor/vnd_typ,"PAX_BRD_PCTL_0/VND/ESC/,null,/FS",0,Yes
PAX_BRD_PCTL_0,Unifi,ESC,vendor,3,77.25,Goal,Root/div/station/vendor,PAX_BRD_PCTL_0/VND/ESC/Unifi,1,No
PAX_BRD_PCTL_0,FS,Unifi,vnd_typ,4,100.0,Goal,Root/div/station/vendor/vnd_typ,PAX_BRD_PCTL_0/VND/ESC/Unifi/FS,0,Yes
PAX_BRD_PCTL_0,EUG,VND,station,2,1.29,Goal,Root/div/station,PAX_BRD_PCTL_0/VND/EUG,2,No
PAX_BRD_PCTL_0,",null,",EUG,vendor,3,50.47,Goal,Root/div/station/vendor,"PAX_BRD_PCTL_0/VND/EUG/,null,",1,No
PAX_BRD_PCTL_0,FS,",null,",vnd_typ,4,100.0,Goal,Root/div/station/vendor/vnd_typ,"PAX_BRD_PCTL_0/VND/EUG/,null,/FS",0,Yes
PAX_BRD_PCTL_0,Unifi,EUG,vendor,3,49.53,Goal,Root/div/station/vendor,PAX_BRD_PCTL_0/VND/EUG/Unifi,1,No
PAX_BRD_PCTL_0,FS,Unifi,vnd_typ,4,100.0,Goal,Root/div/station/vendor/vnd_typ,PAX_BRD_PCTL_0/VND/EUG/Unifi/FS,0,Yes
PAX_BRD_PCTL_0,EVV,VND,station,2,0.22,Goal,Root/div/station,PAX_BRD_PCTL_0/VND/EVV,2,No
PAX_BRD_PCTL_0,",null,",EVV,vendor,3,88.96,Goal,Root/div/station/vendor,"PAX_BRD_PCTL_0/VND/EVV/,null,",1,No
PAX_BRD_PCTL_0,FS,",null,",vnd_typ,4,100.0,Goal,Root/div/station/vendor/vnd_typ,"PAX_BRD_PCTL_0/VND/EVV/,null,/FS",0,Yes
PAX_BRD_PCTL_0,Unifi,EVV,vendor,3,11.04,Goal,Root/div/station/vendor,PAX_BRD_PCTL_0/VND/EVV/Unifi,1,No
PAX_BRD_PCTL_0,FS,Unifi,vnd_typ,4,100.0,Goal,Root/div/station/vendor/vnd_typ,PAX_BRD_PCTL_0/VND/EVV/Unifi/FS,0,Yes
PAX_BRD_PCTL_0,EYW,VND,station,2,0.29,Goal,Root/div/station,PAX_BRD_PCTL_0/VND/EYW,2,No
PAX_BRD_PCTL_0,",null,",EYW,vendor,3,63.55,Goal,Root/div/station/vendor,"PAX_BRD_PCTL_0/VND/EYW/,null,",1,No
PAX_BRD_PCTL_0,FS,",null,",vnd_typ,4,100.0,Goal,Root/div/station/vendor/vnd_typ,"PAX_BRD_PCTL_0/VND/EYW/,null,/FS",0,Yes
PAX_BRD_PCTL_0,Unifi,EYW,vendor,3,36.45,Goal,Root/div/station/vendor,PAX_BRD_PCTL_0/VND/EYW/Unifi,1,No
PAX_BRD_PCTL_0,FS,Unifi,vnd_typ,4,100.0,Goal,Root/div/station/vendor/vnd_typ,PAX_BRD_PCTL_0/VND/EYW/Unifi/FS,0,Yes
PAX_BRD_PCTL_0,FAI,VND,station,2,0.6,Goal,Root/div/station,PAX_BRD_PCTL_0/VND/FAI,2,No
PAX_BRD_PCTL_0,",null,",FAI,vendor,3,73.37,Goal,Root/div/station/vendor,"PAX_BRD_PCTL_0/VND/FAI/,null,",1,No
PAX_BRD_PCTL_0,FS,",null,",vnd_typ,4,100.0,Goal,Root/div/station/vendor/vnd_typ,"PAX_BRD_PCTL_0/VND/FAI/,null,/FS",0,Yes
PAX_BRD_PCTL_0,Unifi,FAI,vendor,3,26.63,Goal,Root/div/station/vendor,PAX_BRD_PCTL_0/VND/FAI/Unifi,1,No
PAX_BRD_PCTL_0,FS,Unifi,vnd_typ,4,100.0,Goal,Root/div/station/vendor/vnd_typ,PAX_BRD_PCTL_0/VND/FAI/Unifi/FS,0,Yes
PAX_BRD_PCTL_0,FAR,VND,station,2,1.37,Goal,Root/div/station,PAX_BRD_PCTL_0/VND/FAR,2,No
PAX_BRD_PCTL_0,",null,",FAR,vendor,3,34.28,Goal,Root/div/station/vendor,"PAX_BRD_PCTL_0/VND/FAR/,null,",1,No
PAX_BRD_PCTL_0,FS,",null,",vnd_typ,4,100.0,Goal,Root/div/station/vendor/vnd_typ,"PAX_BRD_PCTL_0/VND/FAR/,null,/FS",0,Yes
PAX_BRD_PCTL_0,Unifi,FAR,vendor,3,65.72,Goal,Root/div/station/vendor,PAX_BRD_PCTL_0/VND/FAR/Unifi,1,No
PAX_BRD_PCTL_0,FS,Unifi,vnd_typ,4,100.0,Goal,Root/div/station/vendor/vnd_typ,PAX_BRD_PCTL_0/VND/FAR/Unifi/FS,0,Yes
PAX_BRD_PCTL_0,FAT,VND,station,2,1.56,Goal,Root/div/station,PAX_BRD_PCTL_0/VND/FAT,2,No
PAX_BRD_PCTL_0,",null,",FAT,vendor,3,67.18,Goal,Root/div/station/vendor,"PAX_BRD_PCTL_0/VND/FAT/,null,",1,No
PAX_BRD_PCTL_0,FS,",null,",vnd_typ,4,100.0,Goal,Root/div/station/vendor/vnd_typ,"PAX_BRD_PCTL_0/VND/FAT/,null,/FS",0,Yes
PAX_BRD_PCTL_0,Unifi,FAT,vendor,3,32.82,Goal,Root/div/station/vendor,PAX_BRD_PCTL_0/VND/FAT/Unifi,1,No
PAX_BRD_PCTL_0,FS,Unifi,vnd_typ,4,100.0,Goal,Root/div/station/vendor/vnd_typ,PAX_BRD_PCTL_0/VND/FAT/Unifi/FS,0,Yes
PAX_BRD_PCTL_0,FAY,VND,station,2,0.55,Goal,Root/div/station,PAX_BRD_PCTL_0/VND/FAY,2,No
PAX_BRD_PCTL_0,",null,",FAY,vendor,3,55.42,Goal,Root/div/station/vendor,"PAX_BRD_PCTL_0/VND/FAY/,null,",1,No
PAX_BRD_PCTL_0,FS,",null,",vnd_typ,4,100.0,Goal,Root/div/station/vendor/vnd_typ,"PAX_BRD_PCTL_0/VND/FAY/,null,/FS",0,Yes
PAX_BRD_PCTL_0,Unifi,FAY,vendor,3,44.58,Goal,Root/div/station/vendor,PAX_BRD_PCTL_0/VND/FAY/Unifi,1,No
PAX_BRD_PCTL_0,FS,Unifi,vnd_typ,4,100.0,Goal,Root/div/station/vendor/vnd_typ,PAX_BRD_PCTL_0/VND/FAY/Unifi/FS,0,Yes
PAX_BRD_PCTL_0,FCA,VND,station,2,0.04,Goal,Root/div/station,PAX_BRD_PCTL_0/VND/FCA,2,No
PAX_BRD_PCTL_0,",null,",FCA,vendor,3,56.41,Goal,Root/div/station/vendor,"PAX_BRD_PCTL_0/VND/FCA/,null,",1,No
PAX_BRD_PCTL_0,FS,",null,",vnd_typ,4,100.0,Goal,Root/div/station/vendor/vnd_typ,"PAX_BRD_PCTL_0/VND/FCA/,null,/FS",0,Yes
PAX_BRD_PCTL_0,Unifi,FCA,vendor,3,43.59,Goal,Root/div/station/vendor,PAX_BRD_PCTL_0/VND/FCA/Unifi,1,No
PAX_BRD_PCTL_0,FS,Unifi,vnd_typ,4,100.0,Goal,Root/div/station/vendor/vnd_typ,PAX_BRD_PCTL_0/VND/FCA/Unifi/FS,0,Yes
PAX_BRD_PCTL_0,FSD,VND,station,2,0.79,Goal,Root/div/station,PAX_BRD_PCTL_0/VND/FSD,2,No
PAX_BRD_PCTL_0,",null,",FSD,vendor,3,55.68,Goal,Root/div/station/vendor,"PAX_BRD_PCTL_0/VND/FSD/,null,",1,No
PAX_BRD_PCTL_0,FS,",null,",vnd_typ,4,100.0,Goal,Root/div/station/vendor/vnd_typ,"PAX_BRD_PCTL_0/VND/FSD/,null,/FS",0,Yes
PAX_BRD_PCTL_0,Unifi,FSD,vendor,3,44.32,Goal,Root/div/station/vendor,PAX_BRD_PCTL_0/VND/FSD/Unifi,1,No
PAX_BRD_PCTL_0,FS,Unifi,vnd_typ,4,100.0,Goal,Root/div/station/vendor/vnd_typ,PAX_BRD_PCTL_0/VND/FSD/Unifi/FS,0,Yes
PAX_BRD_PCTL_0,FWA,VND,station,2,0.5,Goal,Root/div/station,PAX_BRD_PCTL_0/VND/FWA,2,No
PAX_BRD_PCTL_0,",null,",FWA,vendor,3,33.63,Goal,Root/div/station/vendor,"PAX_BRD_PCTL_0/VND/FWA/,null,",1,No
PAX_BRD_PCTL_0,FS,",null,",vnd_typ,4,100.0,Goal,Root/div/station/vendor/vnd_typ,"PAX_BRD_PCTL_0/VND/FWA/,null,/FS",0,Yes
PAX_BRD_PCTL_0,Unifi,FWA,vendor,3,66.37,Goal,Root/div/station/vendor,PAX_BRD_PCTL_0/VND/FWA/Unifi,1,No
PAX_BRD_PCTL_0,FS,Unifi,vnd_typ,4,100.0,Goal,Root/div/station/vendor/vnd_typ,PAX_BRD_PCTL_0/VND/FWA/Unifi/FS,0,Yes
PAX_BRD_PCTL_0,GEG,VND,station,2,0.12,Goal,Root/div/station,PAX_BRD_PCTL_0/VND/GEG,2,No
PAX_BRD_PCTL_0,",null,",GEG,vendor,3,87.37,Goal,Root/div/station/vendor,"PAX_BRD_PCTL_0/VND/GEG/,null,",1,No
PAX_BRD_PCTL_0,FS,",null,",vnd_typ,4,100.0,Goal,Root/div/station/vendor/vnd_typ,"PAX_BRD_PCTL_0/VND/GEG/,null,/FS",0,Yes
PAX_BRD_PCTL_0,Unifi,GEG,vendor,3,12.63,Goal,Root/div/station/vendor,PAX_BRD_PCTL_0/VND/GEG/Unifi,1,No
PAX_BRD_PCTL_0,FS,Unifi,vnd_typ,4,100.0,Goal,Root/div/station/vendor/vnd_typ,PAX_BRD_PCTL_0/VND/GEG/Unifi/FS,0,Yes
PAX_BRD_PCTL_0,GFK,VND,station,2,0.01,Goal,Root/div/station,PAX_BRD_PCTL_0/VND/GFK,2,No
PAX_BRD_PCTL_0,",null,",GFK,vendor,3,18.29,Goal,Root/div/station/vendor,"PAX_BRD_PCTL_0/VND/GFK/,null,",1,No
PAX_BRD_PCTL_0,FS,",null,",vnd_typ,4,100.0,Goal,Root/div/station/vendor/vnd_typ,"PAX_BRD_PCTL_0/VND/GFK/,null,/FS",0,Yes
PAX_BRD_PCTL_0,Unifi,GFK,vendor,3,81.71,Goal,Root/div/station/vendor,PAX_BRD_PCTL_0/VND/GFK/Unifi,1,No
PAX_BRD_PCTL_0,FS,Unifi,vnd_typ,4,100.0,Goal,Root/div/station/vendor/vnd_typ,PAX_BRD_PCTL_0/VND/GFK/Unifi/FS,0,Yes
PAX_BRD_PCTL_0,GJT,VND,station,2,1.14,Goal,Root/div/station,PAX_BRD_PCTL_0/VND/GJT,2,No
PAX_BRD_PCTL_0,",null,",GJT,vendor,3,57.94,Goal,Root/div/station/vendor,"PAX_BRD_PCTL_0/VND/GJT/,null,",1,No
PAX_BRD_PCTL_0,FS,",null,",vnd_typ,4,100.0,Goal,Root/div/station/vendor/vnd_typ,"PAX_BRD_PCTL_0/VND/GJT/,null,/FS",0,Yes
PAX_BRD_PCTL_0,SkyWest,GJT,vendor,3,42.06,Goal,Root/div/station/vendor,PAX_BRD_PCTL_0/VND/GJT/SkyWest,1,No
PAX_BRD_PCTL_0,FS,SkyWest,vnd_typ,4,100.0,Goal,Root/div/station/vendor/vnd_typ,PAX_BRD_PCTL_0/VND/GJT/SkyWest/FS,0,Yes
PAX_BRD_PCTL_0,GNV,VND,station,2,0.24,Goal,Root/div/station,PAX_BRD_PCTL_0/VND/GNV,2,No
PAX_BRD_PCTL_0,",null,",GNV,vendor,3,31.88,Goal,Root/div/station/vendor,"PAX_BRD_PCTL_0/VND/GNV/,null,",1,No
PAX_BRD_PCTL_0,FS,",null,",vnd_typ,4,100.0,Goal,Root/div/station/vendor/vnd_typ,"PAX_BRD_PCTL_0/VND/GNV/,null,/FS",0,Yes
PAX_BRD_PCTL_0,Unifi,GNV,vendor,3,68.12,Goal,Root/div/station/vendor,PAX_BRD_PCTL_0/VND/GNV/Unifi,1,No
PAX_BRD_PCTL_0,FS,Unifi,vnd_typ,4,100.0,Goal,Root/div/station/vendor/vnd_typ,PAX_BRD_PCTL_0/VND/GNV/Unifi/FS,0,Yes
PAX_BRD_PCTL_0,GPT,VND,station,2,0.82,Goal,Root/div/station,PAX_BRD_PCTL_0/VND/GPT,2,No
PAX_BRD_PCTL_0,",null,",GPT,vendor,3,76.09,Goal,Root/div/station/vendor,"PAX_BRD_PCTL_0/VND/GPT/,null,",1,No
PAX_BRD_PCTL_0,FS,",null,",vnd_typ,4,100.0,Goal,Root/div/station/vendor/vnd_typ,"PAX_BRD_PCTL_0/VND/GPT/,null,/FS",0,Yes
PAX_BRD_PCTL_0,Unifi,GPT,vendor,3,23.91,Goal,Root/div/station/vendor,PAX_BRD_PCTL_0/VND/GPT/Unifi,1,No
PAX_BRD_PCTL_0,FS,Unifi,vnd_typ,4,100.0,Goal,Root/div/station/vendor/vnd_typ,PAX_BRD_PCTL_0/VND/GPT/Unifi/FS,0,Yes
PAX_BRD_PCTL_0,GTF,VND,station,2,0.97,Goal,Root/div/station,PAX_BRD_PCTL_0/VND/GTF,2,No
PAX_BRD_PCTL_0,",null,",GTF,vendor,3,28.6,Goal,Root/div/station/vendor,"PAX_BRD_PCTL_0/VND/GTF/,null,",1,No
PAX_BRD_PCTL_0,FS,",null,",vnd_typ,4,100.0,Goal,Root/div/station/vendor/vnd_typ,"PAX_BRD_PCTL_0/VND/GTF/,null,/FS",0,Yes
PAX_BRD_PCTL_0,Unifi,GTF,vendor,3,71.4,Goal,Root/div/station/vendor,PAX_BRD_PCTL_0/VND/GTF/Unifi,1,No
PAX_BRD_PCTL_0,FS,Unifi,vnd_typ,4,100.0,Goal,Root/div/station/vendor/vnd_typ,PAX_BRD_PCTL_0/VND/GTF/Unifi/FS,0,Yes
PAX_BRD_PCTL_0,GTR,VND,station,2,0.84,Goal,Root/div/station,PAX_BRD_PCTL_0/VND/GTR,3,No
PAX_BRD_PCTL_0,",null,",GTR,vendor,3,14.23,Goal,Root/div/station/vendor,"PAX_BRD_PCTL_0/VND/GTR/,null,",1,No
PAX_BRD_PCTL_0,FS,",null,",vnd_typ,4,100.0,Goal,Root/div/station/vendor/vnd_typ,"PAX_BRD_PCTL_0/VND/GTR/,null,/FS",0,Yes
PAX_BRD_PCTL_0,G2,GTR,vendor,3,45.76,Goal,Root/div/station/vendor,PAX_BRD_PCTL_0/VND/GTR/G2,1,No
PAX_BRD_PCTL_0,FS,G2,vnd_typ,4,100.0,Goal,Root/div/station/vendor/vnd_typ,PAX_BRD_PCTL_0/VND/GTR/G2/FS,0,Yes
PAX_BRD_PCTL_0,Menzies Aviation,GTR,vendor,3,40.010000000000005,Goal,Root/div/station/vendor,PAX_BRD_PCTL_0/VND/GTR/Menzies Aviation,1,No
PAX_BRD_PCTL_0,FS,Menzies Aviation,vnd_typ,4,100.0,Goal,Root/div/station/vendor/vnd_typ,PAX_BRD_PCTL_0/VND/GTR/Menzies Aviation/FS,0,Yes
PAX_BRD_PCTL_0,HDN,VND,station,2,0.95,Goal,Root/div/station,PAX_BRD_PCTL_0/VND/HDN,3,No
PAX_BRD_PCTL_0,",null,",HDN,vendor,3,27.69,Goal,Root/div/station/vendor,"PAX_BRD_PCTL_0/VND/HDN/,null,",1,No
PAX_BRD_PCTL_0,FS,",null,",vnd_typ,4,100.0,Goal,Root/div/station/vendor/vnd_typ,"PAX_BRD_PCTL_0/VND/HDN/,null,/FS",0,Yes
PAX_BRD_PCTL_0,G2,HDN,vendor,3,18.97,Goal,Root/div/station/vendor,PAX_BRD_PCTL_0/VND/HDN/G2,1,No
PAX_BRD_PCTL_0,FS,G2,vnd_typ,4,100.0,Goal,Root/div/station/vendor/vnd_typ,PAX_BRD_PCTL_0/VND/HDN/G2/FS,0,Yes
PAX_BRD_PCTL_0,Menzies Aviation,HDN,vendor,3,53.339999999999996,Goal,Root/div/station/vendor,PAX_BRD_PCTL_0/VND/HDN/Menzies Aviation,1,No
PAX_BRD_PCTL_0,FS,Menzies Aviation,vnd_typ,4,100.0,Goal,Root/div/station/vendor/vnd_typ,PAX_BRD_PCTL_0/VND/HDN/Menzies Aviation/FS,0,Yes
PAX_BRD_PCTL_0,HHH,VND,station,2,1.09,Goal,Root/div/station,PAX_BRD_PCTL_0/VND/HHH,1,No
PAX_BRD_PCTL_0,Unifi,HHH,vendor,3,100.0,Goal,Root/div/station/vendor,PAX_BRD_PCTL_0/VND/HHH/Unifi,1,No
PAX_BRD_PCTL_0,FS,Unifi,vnd_typ,4,100.0,Goal,Root/div/station/vendor/vnd_typ,PAX_BRD_PCTL_0/VND/HHH/Unifi/FS,0,Yes
PAX_BRD_PCTL_0,HIB,VND,station,2,0.52,Goal,Root/div/station,PAX_BRD_PCTL_0/VND/HIB,2,No
PAX_BRD_PCTL_0,",null,",HIB,vendor,3,82.76,Goal,Root/div/station/vendor,"PAX_BRD_PCTL_0/VND/HIB/,null,",1,No
PAX_BRD_PCTL_0,FS,",null,",vnd_typ,4,100.0,Goal,Root/div/station/vendor/vnd_typ,"PAX_BRD_PCTL_0/VND/HIB/,null,/FS",0,Yes
PAX_BRD_PCTL_0,SkyWest,HIB,vendor,3,17.24,Goal,Root/div/station/vendor,PAX_BRD_PCTL_0/VND/HIB/SkyWest,1,No
PAX_BRD_PCTL_0,FS,SkyWest,vnd_typ,4,100.0,Goal,Root/div/station/vendor/vnd_typ,PAX_BRD_PCTL_0/VND/HIB/SkyWest/FS,0,Yes
PAX_BRD_PCTL_0,HLN,VND,station,2,1.08,Goal,Root/div/station,PAX_BRD_PCTL_0/VND/HLN,2,No
PAX_BRD_PCTL_0,",null,",HLN,vendor,3,48.14,Goal,Root/div/station/vendor,"PAX_BRD_PCTL_0/VND/HLN/,null,",1,No
PAX_BRD_PCTL_0,FS,",null,",vnd_typ,4,100.0,Goal,Root/div/station/vendor/vnd_typ,"PAX_BRD_PCTL_0/VND/HLN/,null,/FS",0,Yes
PAX_BRD_PCTL_0,SkyWest,HLN,vendor,3,51.86,Goal,Root/div/station/vendor,PAX_BRD_PCTL_0/VND/HLN/SkyWest,1,No
PAX_BRD_PCTL_0,FS,SkyWest,vnd_typ,4,100.0,Goal,Root/div/station/vendor/vnd_typ,PAX_BRD_PCTL_0/VND/HLN/SkyWest/FS,0,Yes
PAX_BRD_PCTL_0,HPN,VND,station,2,0.01,Goal,Root/div/station,PAX_BRD_PCTL_0/VND/HPN,3,No
PAX_BRD_PCTL_0,",null,",HPN,vendor,3,57.7,Goal,Root/div/station/vendor,"PAX_BRD_PCTL_0/VND/HPN/,null,",1,No
PAX_BRD_PCTL_0,FS,",null,",vnd_typ,4,100.0,Goal,Root/div/station/vendor/vnd_typ,"PAX_BRD_PCTL_0/VND/HPN/,null,/FS",0,Yes
PAX_BRD_PCTL_0,Unifi,HPN,vendor,3,25.59,Goal,Root/div/station/vendor,PAX_BRD_PCTL_0/VND/HPN/Unifi,1,No
PAX_BRD_PCTL_0,FS,Unifi,vnd_typ,4,100.0,Goal,Root/div/station/vendor/vnd_typ,PAX_BRD_PCTL_0/VND/HPN/Unifi/FS,0,Yes
PAX_BRD_PCTL_0,WESTCHESTER COUNTY AIRPORT,HPN,vendor,3,16.71,Goal,Root/div/station/vendor,PAX_BRD_PCTL_0/VND/HPN/WESTCHESTER COUNTY AIRPORT,1,No
PAX_BRD_PCTL_0,FS,WESTCHESTER COUNTY AIRPORT,vnd_typ,4,100.0,Goal,Root/div/station/vendor/vnd_typ,PAX_BRD_PCTL_0/VND/HPN/WESTCHESTER COUNTY AIRPORT/FS,0,Yes
PAX_BRD_PCTL_0,HRL,VND,station,2,1.43,Goal,Root/div/station,PAX_BRD_PCTL_0/VND/HRL,2,No
PAX_BRD_PCTL_0,",null,",HRL,vendor,3,41.49,Goal,Root/div/station/vendor,"PAX_BRD_PCTL_0/VND/HRL/,null,",1,No
PAX_BRD_PCTL_0,FS,",null,",vnd_typ,4,100.0,Goal,Root/div/station/vendor/vnd_typ,"PAX_BRD_PCTL_0/VND/HRL/,null,/FS",0,Yes
PAX_BRD_PCTL_0,Valley International Airport Ground Handling Services,HRL,vendor,3,58.51,Goal,Root/div/station/vendor,PAX_BRD_PCTL_0/VND/HRL/Valley International Airport Ground Handling Services,1,No
PAX_BRD_PCTL_0,FS,Valley International Airport Ground Handling Services,vnd_typ,4,100.0,Goal,Root/div/station/vendor/vnd_typ,PAX_BRD_PCTL_0/VND/HRL/Valley International Airport Ground Handling Services/FS,0,Yes
PAX_BRD_PCTL_0,ICT,VND,station,2,1.42,Goal,Root/div/station,PAX_BRD_PCTL_0/VND/ICT,2,No
PAX_BRD_PCTL_0,",null,",ICT,vendor,3,54.49,Goal,Root/div/station/vendor,"PAX_BRD_PCTL_0/VND/ICT/,null,",1,No
PAX_BRD_PCTL_0,FS,",null,",vnd_typ,4,100.0,Goal,Root/div/station/vendor/vnd_typ,"PAX_BRD_PCTL_0/VND/ICT/,null,/FS",0,Yes
PAX_BRD_PCTL_0,Unifi,ICT,vendor,3,45.51,Goal,Root/div/station/vendor,PAX_BRD_PCTL_0/VND/ICT/Unifi,1,No
PAX_BRD_PCTL_0,FS,Unifi,vnd_typ,4,100.0,Goal,Root/div/station/vendor/vnd_typ,PAX_BRD_PCTL_0/VND/ICT/Unifi/FS,0,Yes
PAX_BRD_PCTL_0,IDA,VND,station,2,0.08,Goal,Root/div/station,PAX_BRD_PCTL_0/VND/IDA,2,No
PAX_BRD_PCTL_0,",null,",IDA,vendor,3,60.47,Goal,Root/div/station/vendor,"PAX_BRD_PCTL_0/VND/IDA/,null,",1,No
PAX_BRD_PCTL_0,FS,",null,",vnd_typ,4,100.0,Goal,Root/div/station/vendor/vnd_typ,"PAX_BRD_PCTL_0/VND/IDA/,null,/FS",0,Yes
PAX_BRD_PCTL_0,SkyWest,IDA,vendor,3,39.53,Goal,Root/div/station/vendor,PAX_BRD_PCTL_0/VND/IDA/SkyWest,1,No
PAX_BRD_PCTL_0,FS,SkyWest,vnd_typ,4,100.0,Goal,Root/div/station/vendor/vnd_typ,PAX_BRD_PCTL_0/VND/IDA/SkyWest/FS,0,Yes
PAX_BRD_PCTL_0,ILM,VND,station,2,1.19,Goal,Root/div/station,PAX_BRD_PCTL_0/VND/ILM,2,No
PAX_BRD_PCTL_0,",null,",ILM,vendor,3,62.83,Goal,Root/div/station/vendor,"PAX_BRD_PCTL_0/VND/ILM/,null,",1,No
PAX_BRD_PCTL_0,FS,",null,",vnd_typ,4,100.0,Goal,Root/div/station/vendor/vnd_typ,"PAX_BRD_PCTL_0/VND/ILM/,null,/FS",0,Yes
PAX_BRD_PCTL_0,Unifi,ILM,vendor,3,37.17,Goal,Root/div/station/vendor,PAX_BRD_PCTL_0/VND/ILM/Unifi,1,No
PAX_BRD_PCTL_0,FS,Unifi,vnd_typ,4,100.0,Goal,Root/div/station/vendor/vnd_typ,PAX_BRD_PCTL_0/VND/ILM/Unifi/FS,0,Yes
PAX_BRD_PCTL_0,IMT,VND,station,2,0.9,Goal,Root/div/station,PAX_BRD_PCTL_0/VND/IMT,2,No
PAX_BRD_PCTL_0,",null,",IMT,vendor,3,52.77,Goal,Root/div/station/vendor,"PAX_BRD_PCTL_0/VND/IMT/,null,",1,No
PAX_BRD_PCTL_0,FS,",null,",vnd_typ,4,100.0,Goal,Root/div/station/vendor/vnd_typ,"PAX_BRD_PCTL_0/VND/IMT/,null,/FS",0,Yes
PAX_BRD_PCTL_0,Unifi,IMT,vendor,3,47.23,Goal,Root/div/station/vendor,PAX_BRD_PCTL_0/VND/IMT/Unifi,1,No
PAX_BRD_PCTL_0,FS,Unifi,vnd_typ,4,100.0,Goal,Root/div/station/vendor/vnd_typ,PAX_BRD_PCTL_0/VND/IMT/Unifi/FS,0,Yes
PAX_BRD_PCTL_0,INL,VND,station,2,0.9,Goal,Root/div/station,PAX_BRD_PCTL_0/VND/INL,2,No
PAX_BRD_PCTL_0,",null,",INL,vendor,3,49.34,Goal,Root/div/station/vendor,"PAX_BRD_PCTL_0/VND/INL/,null,",1,No
PAX_BRD_PCTL_0,FS,",null,",vnd_typ,4,100.0,Goal,Root/div/station/vendor/vnd_typ,"PAX_BRD_PCTL_0/VND/INL/,null,/FS",0,Yes
PAX_BRD_PCTL_0,Unifi,INL,vendor,3,50.66,Goal,Root/div/station/vendor,PAX_BRD_PCTL_0/VND/INL/Unifi,1,No
PAX_BRD_PCTL_0,FS,Unifi,vnd_typ,4,100.0,Goal,Root/div/station/vendor/vnd_typ,PAX_BRD_PCTL_0/VND/INL/Unifi/FS,0,Yes
PAX_BRD_PCTL_0,ITH,VND,station,2,0.0,Goal,Root/div/station,PAX_BRD_PCTL_0/VND/ITH,2,No
PAX_BRD_PCTL_0,",null,",ITH,vendor,3,63.15,Goal,Root/div/station/vendor,"PAX_BRD_PCTL_0/VND/ITH/,null,",1,No
PAX_BRD_PCTL_0,FS,",null,",vnd_typ,4,100.0,Goal,Root/div/station/vendor/vnd_typ,"PAX_BRD_PCTL_0/VND/ITH/,null,/FS",0,Yes
PAX_BRD_PCTL_0,Unifi,ITH,vendor,3,36.85,Goal,Root/div/station/vendor,PAX_BRD_PCTL_0/VND/ITH/Unifi,1,No
PAX_BRD_PCTL_0,FS,Unifi,vnd_typ,4,100.0,Goal,Root/div/station/vendor/vnd_typ,PAX_BRD_PCTL_0/VND/ITH/Unifi/FS,0,Yes
PAX_BRD_PCTL_0,JAC,VND,station,2,0.43,Goal,Root/div/station,PAX_BRD_PCTL_0/VND/JAC,2,No
PAX_BRD_PCTL_0,",null,",JAC,vendor,3,17.54,Goal,Root/div/station/vendor,"PAX_BRD_PCTL_0/VND/JAC/,null,",1,No
PAX_BRD_PCTL_0,FS,",null,",vnd_typ,4,100.0,Goal,Root/div/station/vendor/vnd_typ,"PAX_BRD_PCTL_0/VND/JAC/,null,/FS",0,Yes
PAX_BRD_PCTL_0,Unifi,JAC,vendor,3,82.46,Goal,Root/div/station/vendor,PAX_BRD_PCTL_0/VND/JAC/Unifi,1,No
PAX_BRD_PCTL_0,FS,Unifi,vnd_typ,4,100.0,Goal,Root/div/station/vendor/vnd_typ,PAX_BRD_PCTL_0/VND/JAC/Unifi/FS,0,Yes
PAX_BRD_PCTL_0,JNU,VND,station,2,0.48,Goal,Root/div/station,PAX_BRD_PCTL_0/VND/JNU,1,No
PAX_BRD_PCTL_0,Unifi,JNU,vendor,3,100.0,Goal,Root/div/station/vendor,PAX_BRD_PCTL_0/VND/JNU/Unifi,1,No
PAX_BRD_PCTL_0,FS,Unifi,vnd_typ,4,100.0,Goal,Root/div/station/vendor/vnd_typ,PAX_BRD_PCTL_0/VND/JNU/Unifi/FS,0,Yes
PAX_BRD_PCTL_0,LAN,VND,station,2,1.02,Goal,Root/div/station,PAX_BRD_PCTL_0/VND/LAN,2,No
PAX_BRD_PCTL_0,",null,",LAN,vendor,3,31.69,Goal,Root/div/station/vendor,"PAX_BRD_PCTL_0/VND/LAN/,null,",1,No
PAX_BRD_PCTL_0,FS,",null,",vnd_typ,4,100.0,Goal,Root/div/station/vendor/vnd_typ,"PAX_BRD_PCTL_0/VND/LAN/,null,/FS",0,Yes
PAX_BRD_PCTL_0,Unifi,LAN,vendor,3,68.31,Goal,Root/div/station/vendor,PAX_BRD_PCTL_0/VND/LAN/Unifi,1,No
PAX_BRD_PCTL_0,FS,Unifi,vnd_typ,4,100.0,Goal,Root/div/station/vendor/vnd_typ,PAX_BRD_PCTL_0/VND/LAN/Unifi/FS,0,Yes
PAX_BRD_PCTL_0,LFT,VND,station,2,1.3,Goal,Root/div/station,PAX_BRD_PCTL_0/VND/LFT,2,No
PAX_BRD_PCTL_0,",null,",LFT,vendor,3,69.99,Goal,Root/div/station/vendor,"PAX_BRD_PCTL_0/VND/LFT/,null,",1,No
PAX_BRD_PCTL_0,FS,",null,",vnd_typ,4,100.0,Goal,Root/div/station/vendor/vnd_typ,"PAX_BRD_PCTL_0/VND/LFT/,null,/FS",0,Yes
PAX_BRD_PCTL_0,Unifi,LFT,vendor,3,30.01,Goal,Root/div/station/vendor,PAX_BRD_PCTL_0/VND/LFT/Unifi,1,No
PAX_BRD_PCTL_0,FS,Unifi,vnd_typ,4,100.0,Goal,Root/div/station/vendor/vnd_typ,PAX_BRD_PCTL_0/VND/LFT/Unifi/FS,0,Yes
PAX_BRD_PCTL_0,LGB,VND,station,2,0.56,Goal,Root/div/station,PAX_BRD_PCTL_0/VND/LGB,2,No
PAX_BRD_PCTL_0,",null,",LGB,vendor,3,46.73,Goal,Root/div/station/vendor,"PAX_BRD_PCTL_0/VND/LGB/,null,",1,No
PAX_BRD_PCTL_0,FS,",null,",vnd_typ,4,100.0,Goal,Root/div/station/vendor/vnd_typ,"PAX_BRD_PCTL_0/VND/LGB/,null,/FS",0,Yes
PAX_BRD_PCTL_0,Unifi,LGB,vendor,3,53.27,Goal,Root/div/station/vendor,PAX_BRD_PCTL_0/VND/LGB/Unifi,1,No
PAX_BRD_PCTL_0,FS,Unifi,vnd_typ,4,100.0,Goal,Root/div/station/vendor/vnd_typ,PAX_BRD_PCTL_0/VND/LGB/Unifi/FS,0,Yes
PAX_BRD_PCTL_0,LWS,VND,station,2,1.04,Goal,Root/div/station,PAX_BRD_PCTL_0/VND/LWS,2,No
PAX_BRD_PCTL_0,",null,",LWS,vendor,3,27.79,Goal,Root/div/station/vendor,"PAX_BRD_PCTL_0/VND/LWS/,null,",1,No
PAX_BRD_PCTL_0,FS,",null,",vnd_typ,4,100.0,Goal,Root/div/station/vendor/vnd_typ,"PAX_BRD_PCTL_0/VND/LWS/,null,/FS",0,Yes
PAX_BRD_PCTL_0,SkyWest,LWS,vendor,3,72.21,Goal,Root/div/station/vendor,PAX_BRD_PCTL_0/VND/LWS/SkyWest,1,No
PAX_BRD_PCTL_0,FS,SkyWest,vnd_typ,4,100.0,Goal,Root/div/station/vendor/vnd_typ,PAX_BRD_PCTL_0/VND/LWS/SkyWest/FS,0,Yes
PAX_BRD_PCTL_0,MBS,VND,station,2,0.05,Goal,Root/div/station,PAX_BRD_PCTL_0/VND/MBS,2,No
PAX_BRD_PCTL_0,",null,",MBS,vendor,3,96.42,Goal,Root/div/station/vendor,"PAX_BRD_PCTL_0/VND/MBS/,null,",1,No
PAX_BRD_PCTL_0,FS,",null,",vnd_typ,4,100.0,Goal,Root/div/station/vendor/vnd_typ,"PAX_BRD_PCTL_0/VND/MBS/,null,/FS",0,Yes
PAX_BRD_PCTL_0,Unifi,MBS,vendor,3,3.58,Goal,Root/div/station/vendor,PAX_BRD_PCTL_0/VND/MBS/Unifi,1,No
PAX_BRD_PCTL_0,FS,Unifi,vnd_typ,4,100.0,Goal,Root/div/station/vendor/vnd_typ,PAX_BRD_PCTL_0/VND/MBS/Unifi/FS,0,Yes
PAX_BRD_PCTL_0,MDT,VND,station,2,0.36,Goal,Root/div/station,PAX_BRD_PCTL_0/VND/MDT,2,No
PAX_BRD_PCTL_0,",null,",MDT,vendor,3,55.46,Goal,Root/div/station/vendor,"PAX_BRD_PCTL_0/VND/MDT/,null,",1,No
PAX_BRD_PCTL_0,FS,",null,",vnd_typ,4,100.0,Goal,Root/div/station/vendor/vnd_typ,"PAX_BRD_PCTL_0/VND/MDT/,null,/FS",0,Yes
PAX_BRD_PCTL_0,Unifi,MDT,vendor,3,44.54,Goal,Root/div/station/vendor,PAX_BRD_PCTL_0/VND/MDT/Unifi,1,No
PAX_BRD_PCTL_0,FS,Unifi,vnd_typ,4,100.0,Goal,Root/div/station/vendor/vnd_typ,PAX_BRD_PCTL_0/VND/MDT/Unifi/FS,0,Yes
PAX_BRD_PCTL_0,MFE,VND,station,2,0.52,Goal,Root/div/station,PAX_BRD_PCTL_0/VND/MFE,2,No
PAX_BRD_PCTL_0,",null,",MFE,vendor,3,98.34,Goal,Root/div/station/vendor,"PAX_BRD_PCTL_0/VND/MFE/,null,",1,No
PAX_BRD_PCTL_0,FS,",null,",vnd_typ,4,100.0,Goal,Root/div/station/vendor/vnd_typ,"PAX_BRD_PCTL_0/VND/MFE/,null,/FS",0,Yes
PAX_BRD_PCTL_0,PrimeFlight,MFE,vendor,3,1.66,Goal,Root/div/station/vendor,PAX_BRD_PCTL_0/VND/MFE/PrimeFlight,1,No
PAX_BRD_PCTL_0,FS,PrimeFlight,vnd_typ,4,100.0,Goal,Root/div/station/vendor/vnd_typ,PAX_BRD_PCTL_0/VND/MFE/PrimeFlight/FS,0,Yes
PAX_BRD_PCTL_0,MFR,VND,station,2,0.62,Goal,Root/div/station,PAX_BRD_PCTL_0/VND/MFR,2,No
PAX_BRD_PCTL_0,",null,",MFR,vendor,3,38.37,Goal,Root/div/station/vendor,"PAX_BRD_PCTL_0/VND/MFR/,null,",1,No
PAX_BRD_PCTL_0,FS,",null,",vnd_typ,4,100.0,Goal,Root/div/station/vendor/vnd_typ,"PAX_BRD_PCTL_0/VND/MFR/,null,/FS",0,Yes
PAX_BRD_PCTL_0,Unifi,MFR,vendor,3,61.63,Goal,Root/div/station/vendor,PAX_BRD_PCTL_0/VND/MFR/Unifi,1,No
PAX_BRD_PCTL_0,FS,Unifi,vnd_typ,4,100.0,Goal,Root/div/station/vendor/vnd_typ,PAX_BRD_PCTL_0/VND/MFR/Unifi/FS,0,Yes
PAX_BRD_PCTL_0,MGM,VND,station,2,1.39,Goal,Root/div/station,PAX_BRD_PCTL_0/VND/MGM,2,No
PAX_BRD_PCTL_0,",null,",MGM,vendor,3,72.87,Goal,Root/div/station/vendor,"PAX_BRD_PCTL_0/VND/MGM/,null,",1,No
PAX_BRD_PCTL_0,FS,",null,",vnd_typ,4,100.0,Goal,Root/div/station/vendor/vnd_typ,"PAX_BRD_PCTL_0/VND/MGM/,null,/FS",0,Yes
PAX_BRD_PCTL_0,Unifi,MGM,vendor,3,27.13,Goal,Root/div/station/vendor,PAX_BRD_PCTL_0/VND/MGM/Unifi,1,No
PAX_BRD_PCTL_0,FS,Unifi,vnd_typ,4,100.0,Goal,Root/div/station/vendor/vnd_typ,PAX_BRD_PCTL_0/VND/MGM/Unifi/FS,0,Yes
PAX_BRD_PCTL_0,MLI,VND,station,2,0.86,Goal,Root/div/station,PAX_BRD_PCTL_0/VND/MLI,2,No
PAX_BRD_PCTL_0,",null,",MLI,vendor,3,48.73,Goal,Root/div/station/vendor,"PAX_BRD_PCTL_0/VND/MLI/,null,",1,No
PAX_BRD_PCTL_0,FS,",null,",vnd_typ,4,100.0,Goal,Root/div/station/vendor/vnd_typ,"PAX_BRD_PCTL_0/VND/MLI/,null,/FS",0,Yes
PAX_BRD_PCTL_0,Unifi,MLI,vendor,3,51.27,Goal,Root/div/station/vendor,PAX_BRD_PCTL_0/VND/MLI/Unifi,1,No
PAX_BRD_PCTL_0,FS,Unifi,vnd_typ,4,100.0,Goal,Root/div/station/vendor/vnd_typ,PAX_BRD_PCTL_0/VND/MLI/Unifi/FS,0,Yes
PAX_BRD_PCTL_0,MLU,VND,station,2,0.32,Goal,Root/div/station,PAX_BRD_PCTL_0/VND/MLU,2,No
PAX_BRD_PCTL_0,",null,",MLU,vendor,3,71.31,Goal,Root/div/station/vendor,"PAX_BRD_PCTL_0/VND/MLU/,null,",1,No
PAX_BRD_PCTL_0,FS,",null,",vnd_typ,4,100.0,Goal,Root/div/station/vendor/vnd_typ,"PAX_BRD_PCTL_0/VND/MLU/,null,/FS",0,Yes
PAX_BRD_PCTL_0,Unifi,MLU,vendor,3,28.69,Goal,Root/div/station/vendor,PAX_BRD_PCTL_0/VND/MLU/Unifi,1,No
PAX_BRD_PCTL_0,FS,Unifi,vnd_typ,4,100.0,Goal,Root/div/station/vendor/vnd_typ,PAX_BRD_PCTL_0/VND/MLU/Unifi/FS,0,Yes
PAX_BRD_PCTL_0,MOT,VND,station,2,0.55,Goal,Root/div/station,PAX_BRD_PCTL_0/VND/MOT,2,No
PAX_BRD_PCTL_0,",null,",MOT,vendor,3,43.1,Goal,Root/div/station/vendor,"PAX_BRD_PCTL_0/VND/MOT/,null,",1,No
PAX_BRD_PCTL_0,FS,",null,",vnd_typ,4,100.0,Goal,Root/div/station/vendor/vnd_typ,"PAX_BRD_PCTL_0/VND/MOT/,null,/FS",0,Yes
PAX_BRD_PCTL_0,Unifi,MOT,vendor,3,56.9,Goal,Root/div/station/vendor,PAX_BRD_PCTL_0/VND/MOT/Unifi,1,No
PAX_BRD_PCTL_0,FS,Unifi,vnd_typ,4,100.0,Goal,Root/div/station/vendor/vnd_typ,PAX_BRD_PCTL_0/VND/MOT/Unifi/FS,0,Yes
PAX_BRD_PCTL_0,MQT,VND,station,2,1.12,Goal,Root/div/station,PAX_BRD_PCTL_0/VND/MQT,2,No
PAX_BRD_PCTL_0,",null,",MQT,vendor,3,37.98,Goal,Root/div/station/vendor,"PAX_BRD_PCTL_0/VND/MQT/,null,",1,No
PAX_BRD_PCTL_0,FS,",null,",vnd_typ,4,100.0,Goal,Root/div/station/vendor/vnd_typ,"PAX_BRD_PCTL_0/VND/MQT/,null,/FS",0,Yes
PAX_BRD_PCTL_0,SkyWest,MQT,vendor,3,62.02,Goal,Root/div/station/vendor,PAX_BRD_PCTL_0/VND/MQT/SkyWest,1,No
PAX_BRD_PCTL_0,FS,SkyWest,vnd_typ,4,100.0,Goal,Root/div/station/vendor/vnd_typ,PAX_BRD_PCTL_0/VND/MQT/SkyWest/FS,0,Yes
PAX_BRD_PCTL_0,MSO,VND,station,2,0.54,Goal,Root/div/station,PAX_BRD_PCTL_0/VND/MSO,2,No
PAX_BRD_PCTL_0,",null,",MSO,vendor,3,74.67,Goal,Root/div/station/vendor,"PAX_BRD_PCTL_0/VND/MSO/,null,",1,No
PAX_BRD_PCTL_0,FS,",null,",vnd_typ,4,100.0,Goal,Root/div/station/vendor/vnd_typ,"PAX_BRD_PCTL_0/VND/MSO/,null,/FS",0,Yes
PAX_BRD_PCTL_0,Unifi,MSO,vendor,3,25.33,Goal,Root/div/station/vendor,PAX_BRD_PCTL_0/VND/MSO/Unifi,1,No
PAX_BRD_PCTL_0,FS,Unifi,vnd_typ,4,100.0,Goal,Root/div/station/vendor/vnd_typ,PAX_BRD_PCTL_0/VND/MSO/Unifi/FS,0,Yes
PAX_BRD_PCTL_0,MTJ,VND,station,2,1.01,Goal,Root/div/station,PAX_BRD_PCTL_0/VND/MTJ,3,No
PAX_BRD_PCTL_0,",null,",MTJ,vendor,3,47.7,Goal,Root/div/station/vendor,"PAX_BRD_PCTL_0/VND/MTJ/,null,",1,No
PAX_BRD_PCTL_0,FS,",null,",vnd_typ,4,100.0,Goal,Root/div/station/vendor/vnd_typ,"PAX_BRD_PCTL_0/VND/MTJ/,null,/FS",0,Yes
PAX_BRD_PCTL_0,G2,MTJ,vendor,3,0.02,Goal,Root/div/station/vendor,PAX_BRD_PCTL_0/VND/MTJ/G2,1,No
PAX_BRD_PCTL_0,FS,G2,vnd_typ,4,100.0,Goal,Root/div/station/vendor/vnd_typ,PAX_BRD_PCTL_0/VND/MTJ/G2/FS,0,Yes
PAX_BRD_PCTL_0,Menzies Aviation,MTJ,vendor,3,52.28,Goal,Root/div/station/vendor,PAX_BRD_PCTL_0/VND/MTJ/Menzies Aviation,1,No
PAX_BRD_PCTL_0,FS,Menzies Aviation,vnd_typ,4,100.0,Goal,Root/div/station/vendor/vnd_typ,PAX_BRD_PCTL_0/VND/MTJ/Menzies Aviation/FS,0,Yes
PAX_BRD_PCTL_0,MVY,VND,station,2,0.73,Goal,Root/div/station,PAX_BRD_PCTL_0/VND/MVY,1,No
PAX_BRD_PCTL_0,Unifi,MVY,vendor,3,100.0,Goal,Root/div/station/vendor,PAX_BRD_PCTL_0/VND/MVY/Unifi,1,No
PAX_BRD_PCTL_0,FS,Unifi,vnd_typ,4,100.0,Goal,Root/div/station/vendor/vnd_typ,PAX_BRD_PCTL_0/VND/MVY/Unifi/FS,0,Yes
PAX_BRD_PCTL_0,MYR,VND,station,2,1.1,Goal,Root/div/station,PAX_BRD_PCTL_0/VND/MYR,2,No
PAX_BRD_PCTL_0,",null,",MYR,vendor,3,46.47,Goal,Root/div/station/vendor,"PAX_BRD_PCTL_0/VND/MYR/,null,",1,No
PAX_BRD_PCTL_0,FS,",null,",vnd_typ,4,100.0,Goal,Root/div/station/vendor/vnd_typ,"PAX_BRD_PCTL_0/VND/MYR/,null,/FS",0,Yes
PAX_BRD_PCTL_0,Unifi,MYR,vendor,3,53.53,Goal,Root/div/station/vendor,PAX_BRD_PCTL_0/VND/MYR/Unifi,1,No
PAX_BRD_PCTL_0,FS,Unifi,vnd_typ,4,100.0,Goal,Root/div/station/vendor/vnd_typ,PAX_BRD_PCTL_0/VND/MYR/Unifi/FS,0,Yes
PAX_BRD_PCTL_0,OAJ,VND,station,2,0.92,Goal,Root/div/station,PAX_BRD_PCTL_0/VND/OAJ,2,No
PAX_BRD_PCTL_0,",null,",OAJ,vendor,3,56.49,Goal,Root/div/station/vendor,"PAX_BRD_PCTL_0/VND/OAJ/,null,",1,No
PAX_BRD_PCTL_0,FS,",null,",vnd_typ,4,100.0,Goal,Root/div/station/vendor/vnd_typ,"PAX_BRD_PCTL_0/VND/OAJ/,null,/FS",0,Yes
PAX_BRD_PCTL_0,Unifi,OAJ,vendor,3,43.51,Goal,Root/div/station/vendor,PAX_BRD_PCTL_0/VND/OAJ/Unifi,1,No
PAX_BRD_PCTL_0,FS,Unifi,vnd_typ,4,100.0,Goal,Root/div/station/vendor/vnd_typ,PAX_BRD_PCTL_0/VND/OAJ/Unifi/FS,0,Yes
PAX_BRD_PCTL_0,OAK,VND,station,2,0.7,Goal,Root/div/station,PAX_BRD_PCTL_0/VND/OAK,3,No
PAX_BRD_PCTL_0,",null,",OAK,vendor,3,26.7,Goal,Root/div/station/vendor,"PAX_BRD_PCTL_0/VND/OAK/,null,",1,No
PAX_BRD_PCTL_0,FS,",null,",vnd_typ,4,100.0,Goal,Root/div/station/vendor/vnd_typ,"PAX_BRD_PCTL_0/VND/OAK/,null,/FS",0,Yes
PAX_BRD_PCTL_0,Delta,OAK,vendor,3,50.65,Goal,Root/div/station/vendor,PAX_BRD_PCTL_0/VND/OAK/Delta,1,No
PAX_BRD_PCTL_0,FS,Delta,vnd_typ,4,100.0,Goal,Root/div/station/vendor/vnd_typ,PAX_BRD_PCTL_0/VND/OAK/Delta/FS,0,Yes
PAX_BRD_PCTL_0,Unifi,OAK,vendor,3,22.65,Goal,Root/div/station/vendor,PAX_BRD_PCTL_0/VND/OAK/Unifi,1,No
PAX_BRD_PCTL_0,FS,Unifi,vnd_typ,4,100.0,Goal,Root/div/station/vendor/vnd_typ,PAX_BRD_PCTL_0/VND/OAK/Unifi/FS,0,Yes
PAX_BRD_PCTL_0,OMA,VND,station,2,0.1,Goal,Root/div/station,PAX_BRD_PCTL_0/VND/OMA,2,No
PAX_BRD_PCTL_0,",null,",OMA,vendor,3,8.05,Goal,Root/div/station/vendor,"PAX_BRD_PCTL_0/VND/OMA/,null,",1,No
PAX_BRD_PCTL_0,FS,",null,",vnd_typ,4,100.0,Goal,Root/div/station/vendor/vnd_typ,"PAX_BRD_PCTL_0/VND/OMA/,null,/FS",0,Yes
PAX_BRD_PCTL_0,Unifi,OMA,vendor,3,91.95,Goal,Root/div/station/vendor,PAX_BRD_PCTL_0/VND/OMA/Unifi,1,No
PAX_BRD_PCTL_0,FS,Unifi,vnd_typ,4,100.0,Goal,Root/div/station/vendor/vnd_typ,PAX_BRD_PCTL_0/VND/OMA/Unifi/FS,0,Yes
PAX_BRD_PCTL_0,ORH,VND,station,2,1.09,Goal,Root/div/station,PAX_BRD_PCTL_0/VND/ORH,3,No
PAX_BRD_PCTL_0,",null,",ORH,vendor,3,22.17,Goal,Root/div/station/vendor,"PAX_BRD_PCTL_0/VND/ORH/,null,",1,No
PAX_BRD_PCTL_0,FS,",null,",vnd_typ,4,100.0,Goal,Root/div/station/vendor/vnd_typ,"PAX_BRD_PCTL_0/VND/ORH/,null,/FS",0,Yes
PAX_BRD_PCTL_0,G2,ORH,vendor,3,20.96,Goal,Root/div/station/vendor,PAX_BRD_PCTL_0/VND/ORH/G2,1,No
PAX_BRD_PCTL_0,FS,G2,vnd_typ,4,100.0,Goal,Root/div/station/vendor/vnd_typ,PAX_BRD_PCTL_0/VND/ORH/G2/FS,0,Yes
PAX_BRD_PCTL_0,Menzies Aviation,ORH,vendor,3,56.87,Goal,Root/div/station/vendor,PAX_BRD_PCTL_0/VND/ORH/Menzies Aviation,1,No
PAX_BRD_PCTL_0,FS,Menzies Aviation,vnd_typ,4,100.0,Goal,Root/div/station/vendor/vnd_typ,PAX_BRD_PCTL_0/VND/ORH/Menzies Aviation/FS,0,Yes
PAX_BRD_PCTL_0,PIH,VND,station,2,0.27,Goal,Root/div/station,PAX_BRD_PCTL_0/VND/PIH,2,No
PAX_BRD_PCTL_0,",null,",PIH,vendor,3,58.12,Goal,Root/div/station/vendor,"PAX_BRD_PCTL_0/VND/PIH/,null,",1,No
PAX_BRD_PCTL_0,FS,",null,",vnd_typ,4,100.0,Goal,Root/div/station/vendor/vnd_typ,"PAX_BRD_PCTL_0/VND/PIH/,null,/FS",0,Yes
PAX_BRD_PCTL_0,SkyWest,PIH,vendor,3,41.88,Goal,Root/div/station/vendor,PAX_BRD_PCTL_0/VND/PIH/SkyWest,1,No
PAX_BRD_PCTL_0,FS,SkyWest,vnd_typ,4,100.0,Goal,Root/div/station/vendor/vnd_typ,PAX_BRD_PCTL_0/VND/PIH/SkyWest/FS,0,Yes
PAX_BRD_PCTL_0,PLN,VND,station,2,0.26,Goal,Root/div/station,PAX_BRD_PCTL_0/VND/PLN,2,No
PAX_BRD_PCTL_0,",null,",PLN,vendor,3,44.11,Goal,Root/div/station/vendor,"PAX_BRD_PCTL_0/VND/PLN/,null,",1,No
PAX_BRD_PCTL_0,FS,",null,",vnd_typ,4,100.0,Goal,Root/div/station/vendor/vnd_typ,"PAX_BRD_PCTL_0/VND/PLN/,null,/FS",0,Yes
PAX_BRD_PCTL_0,Unifi,PLN,vendor,3,55.89,Goal,Root/div/station/vendor,PAX_BRD_PCTL_0/VND/PLN/Unifi,1,No
PAX_BRD_PCTL_0,FS,Unifi,vnd_typ,4,100.0,Goal,Root/div/station/vendor/vnd_typ,PAX_BRD_PCTL_0/VND/PLN/Unifi/FS,0,Yes
PAX_BRD_PCTL_0,PSC,VND,station,2,1.03,Goal,Root/div/station,PAX_BRD_PCTL_0/VND/PSC,3,No
PAX_BRD_PCTL_0,",null,",PSC,vendor,3,59.85,Goal,Root/div/station/vendor,"PAX_BRD_PCTL_0/VND/PSC/,null,",1,No
PAX_BRD_PCTL_0,FS,",null,",vnd_typ,4,100.0,Goal,Root/div/station/vendor/vnd_typ,"PAX_BRD_PCTL_0/VND/PSC/,null,/FS",0,Yes
PAX_BRD_PCTL_0,G2,PSC,vendor,3,30.8,Goal,Root/div/station/vendor,PAX_BRD_PCTL_0/VND/PSC/G2,1,No
PAX_BRD_PCTL_0,FS,G2,vnd_typ,4,100.0,Goal,Root/div/station/vendor/vnd_typ,PAX_BRD_PCTL_0/VND/PSC/G2/FS,0,Yes
PAX_BRD_PCTL_0,Menzies Aviation,PSC,vendor,3,9.35,Goal,Root/div/station/vendor,PAX_BRD_PCTL_0/VND/PSC/Menzies Aviation,1,No
PAX_BRD_PCTL_0,FS,Menzies Aviation,vnd_typ,4,100.0,Goal,Root/div/station/vendor/vnd_typ,PAX_BRD_PCTL_0/VND/PSC/Menzies Aviation/FS,0,Yes
PAX_BRD_PCTL_0,PSP,VND,station,2,1.2,Goal,Root/div/station,PAX_BRD_PCTL_0/VND/PSP,2,No
PAX_BRD_PCTL_0,",null,",PSP,vendor,3,45.56,Goal,Root/div/station/vendor,"PAX_BRD_PCTL_0/VND/PSP/,null,",1,No
PAX_BRD_PCTL_0,FS,",null,",vnd_typ,4,100.0,Goal,Root/div/station/vendor/vnd_typ,"PAX_BRD_PCTL_0/VND/PSP/,null,/FS",0,Yes
PAX_BRD_PCTL_0,Unifi,PSP,vendor,3,54.44,Goal,Root/div/station/vendor,PAX_BRD_PCTL_0/VND/PSP/Unifi,1,No
PAX_BRD_PCTL_0,FS,Unifi,vnd_typ,4,100.0,Goal,Root/div/station/vendor/vnd_typ,PAX_BRD_PCTL_0/VND/PSP/Unifi/FS,0,Yes
PAX_BRD_PCTL_0,PWM,VND,station,2,0.7,Goal,Root/div/station,PAX_BRD_PCTL_0/VND/PWM,2,No
PAX_BRD_PCTL_0,",null,",PWM,vendor,3,63.95,Goal,Root/div/station/vendor,"PAX_BRD_PCTL_0/VND/PWM/,null,",1,No
PAX_BRD_PCTL_0,FS,",null,",vnd_typ,4,100.0,Goal,Root/div/station/vendor/vnd_typ,"PAX_BRD_PCTL_0/VND/PWM/,null,/FS",0,Yes
PAX_BRD_PCTL_0,Unifi,PWM,vendor,3,36.05,Goal,Root/div/station/vendor,PAX_BRD_PCTL_0/VND/PWM/Unifi,1,No
PAX_BRD_PCTL_0,FS,Unifi,vnd_typ,4,100.0,Goal,Root/div/station/vendor/vnd_typ,PAX_BRD_PCTL_0/VND/PWM/Unifi/FS,0,Yes
PAX_BRD_PCTL_0,RAP,VND,station,2,1.45,Goal,Root/div/station,PAX_BRD_PCTL_0/VND/RAP,2,No
PAX_BRD_PCTL_0,",null,",RAP,vendor,3,94.74,Goal,Root/div/station/vendor,"PAX_BRD_PCTL_0/VND/RAP/,null,",1,No
PAX_BRD_PCTL_0,FS,",null,",vnd_typ,4,100.0,Goal,Root/div/station/vendor/vnd_typ,"PAX_BRD_PCTL_0/VND/RAP/,null,/FS",0,Yes
PAX_BRD_PCTL_0,Unifi,RAP,vendor,3,5.26,Goal,Root/div/station/vendor,PAX_BRD_PCTL_0/VND/RAP/Unifi,1,No
PAX_BRD_PCTL_0,FS,Unifi,vnd_typ,4,100.0,Goal,Root/div/station/vendor/vnd_typ,PAX_BRD_PCTL_0/VND/RAP/Unifi/FS,0,Yes
PAX_BRD_PCTL_0,RDM,VND,station,2,1.03,Goal,Root/div/station,PAX_BRD_PCTL_0/VND/RDM,2,No
PAX_BRD_PCTL_0,",null,",RDM,vendor,3,77.37,Goal,Root/div/station/vendor,"PAX_BRD_PCTL_0/VND/RDM/,null,",1,No
PAX_BRD_PCTL_0,FS,",null,",vnd_typ,4,100.0,Goal,Root/div/station/vendor/vnd_typ,"PAX_BRD_PCTL_0/VND/RDM/,null,/FS",0,Yes
PAX_BRD_PCTL_0,Unifi,RDM,vendor,3,22.63,Goal,Root/div/station/vendor,PAX_BRD_PCTL_0/VND/RDM/Unifi,1,No
PAX_BRD_PCTL_0,FS,Unifi,vnd_typ,4,100.0,Goal,Root/div/station/vendor/vnd_typ,PAX_BRD_PCTL_0/VND/RDM/Unifi/FS,0,Yes
PAX_BRD_PCTL_0,RHI,VND,station,2,0.27,Goal,Root/div/station,PAX_BRD_PCTL_0/VND/RHI,2,No
PAX_BRD_PCTL_0,",null,",RHI,vendor,3,87.67,Goal,Root/div/station/vendor,"PAX_BRD_PCTL_0/VND/RHI/,null,",1,No
PAX_BRD_PCTL_0,FS,",null,",vnd_typ,4,100.0,Goal,Root/div/station/vendor/vnd_typ,"PAX_BRD_PCTL_0/VND/RHI/,null,/FS",0,Yes
PAX_BRD_PCTL_0,Unifi,RHI,vendor,3,12.33,Goal,Root/div/station/vendor,PAX_BRD_PCTL_0/VND/RHI/Unifi,1,No
PAX_BRD_PCTL_0,FS,Unifi,vnd_typ,4,100.0,Goal,Root/div/station/vendor/vnd_typ,PAX_BRD_PCTL_0/VND/RHI/Unifi/FS,0,Yes
PAX_BRD_PCTL_0,RNO,VND,station,2,1.33,Goal,Root/div/station,PAX_BRD_PCTL_0/VND/RNO,2,No
PAX_BRD_PCTL_0,",null,",RNO,vendor,3,35.43,Goal,Root/div/station/vendor,"PAX_BRD_PCTL_0/VND/RNO/,null,",1,No
PAX_BRD_PCTL_0,FS,",null,",vnd_typ,4,100.0,Goal,Root/div/station/vendor/vnd_typ,"PAX_BRD_PCTL_0/VND/RNO/,null,/FS",0,Yes
PAX_BRD_PCTL_0,Unifi,RNO,vendor,3,64.57,Goal,Root/div/station/vendor,PAX_BRD_PCTL_0/VND/RNO/Unifi,1,No
PAX_BRD_PCTL_0,FS,Unifi,vnd_typ,4,100.0,Goal,Root/div/station/vendor/vnd_typ,PAX_BRD_PCTL_0/VND/RNO/Unifi/FS,0,Yes
PAX_BRD_PCTL_0,ROA,VND,station,2,0.11,Goal,Root/div/station,PAX_BRD_PCTL_0/VND/ROA,2,No
PAX_BRD_PCTL_0,",null,",ROA,vendor,3,67.17,Goal,Root/div/station/vendor,"PAX_BRD_PCTL_0/VND/ROA/,null,",1,No
PAX_BRD_PCTL_0,FS,",null,",vnd_typ,4,100.0,Goal,Root/div/station/vendor/vnd_typ,"PAX_BRD_PCTL_0/VND/ROA/,null,/FS",0,Yes
PAX_BRD_PCTL_0,Unifi,ROA,vendor,3,32.83,Goal,Root/div/station/vendor,PAX_BRD_PCTL_0/VND/ROA/Unifi,1,No
PAX_BRD_PCTL_0,FS,Unifi,vnd_typ,4,100.0,Goal,Root/div/station/vendor/vnd_typ,PAX_BRD_PCTL_0/VND/ROA/Unifi/FS,0,Yes
PAX_BRD_PCTL_0,ROC,VND,station,2,1.29,Goal,Root/div/station,PAX_BRD_PCTL_0/VND/ROC,2,No
PAX_BRD_PCTL_0,",null,",ROC,vendor,3,99.06,Goal,Root/div/station/vendor,"PAX_BRD_PCTL_0/VND/ROC/,null,",1,No
PAX_BRD_PCTL_0,FS,",null,",vnd_typ,4,100.0,Goal,Root/div/station/vendor/vnd_typ,"PAX_BRD_PCTL_0/VND/ROC/,null,/FS",0,Yes
PAX_BRD_PCTL_0,Unifi,ROC,vendor,3,0.94,Goal,Root/div/station/vendor,PAX_BRD_PCTL_0/VND/ROC/Unifi,1,No
PAX_BRD_PCTL_0,FS,Unifi,vnd_typ,4,100.0,Goal,Root/div/station/vendor/vnd_typ,PAX_BRD_PCTL_0/VND/ROC/Unifi/FS,0,Yes
PAX_BRD_PCTL_0,RST,VND,station,2,1.46,Goal,Root/div/station,PAX_BRD_PCTL_0/VND/RST,2,No
PAX_BRD_PCTL_0,",null,",RST,vendor,3,11.55,Goal,Root/div/station/vendor,"PAX_BRD_PCTL_0/VND/RST/,null,",1,No
PAX_BRD_PCTL_0,FS,",null,",vnd_typ,4,100.0,Goal,Root/div/station/vendor/vnd_typ,"PAX_BRD_PCTL_0/VND/RST/,null,/FS",0,Yes
PAX_BRD_PCTL_0,Unifi,RST,vendor,3,88.45,Goal,Root/div/station/vendor,PAX_BRD_PCTL_0/VND/RST/Unifi,1,No
PAX_BRD_PCTL_0,FS,Unifi,vnd_typ,4,100.0,Goal,Root/div/station/vendor/vnd_typ,PAX_BRD_PCTL_0/VND/RST/Unifi/FS,0,Yes
PAX_BRD_PCTL_0,SBA,VND,station,2,1.42,Goal,Root/div/station,PAX_BRD_PCTL_0/VND/SBA,2,No
PAX_BRD_PCTL_0,",null,",SBA,vendor,3,60.36,Goal,Root/div/station/vendor,"PAX_BRD_PCTL_0/VND/SBA/,null,",1,No
PAX_BRD_PCTL_0,FS,",null,",vnd_typ,4,100.0,Goal,Root/div/station/vendor/vnd_typ,"PAX_BRD_PCTL_0/VND/SBA/,null,/FS",0,Yes
PAX_BRD_PCTL_0,Unifi,SBA,vendor,3,39.64,Goal,Root/div/station/vendor,PAX_BRD_PCTL_0/VND/SBA/Unifi,1,No
PAX_BRD_PCTL_0,FS,Unifi,vnd_typ,4,100.0,Goal,Root/div/station/vendor/vnd_typ,PAX_BRD_PCTL_0/VND/SBA/Unifi/FS,0,Yes
PAX_BRD_PCTL_0,SBN,VND,station,2,0.86,Goal,Root/div/station,PAX_BRD_PCTL_0/VND/SBN,2,No
PAX_BRD_PCTL_0,",null,",SBN,vendor,3,65.8,Goal,Root/div/station/vendor,"PAX_BRD_PCTL_0/VND/SBN/,null,",1,No
PAX_BRD_PCTL_0,FS,",null,",vnd_typ,4,100.0,Goal,Root/div/station/vendor/vnd_typ,"PAX_BRD_PCTL_0/VND/SBN/,null,/FS",0,Yes
PAX_BRD_PCTL_0,Unifi,SBN,vendor,3,34.2,Goal,Root/div/station/vendor,PAX_BRD_PCTL_0/VND/SBN/Unifi,1,No
PAX_BRD_PCTL_0,FS,Unifi,vnd_typ,4,100.0,Goal,Root/div/station/vendor/vnd_typ,PAX_BRD_PCTL_0/VND/SBN/Unifi/FS,0,Yes
PAX_BRD_PCTL_0,SGF,VND,station,2,0.01,Goal,Root/div/station,PAX_BRD_PCTL_0/VND/SGF,2,No
PAX_BRD_PCTL_0,",null,",SGF,vendor,3,91.95,Goal,Root/div/station/vendor,"PAX_BRD_PCTL_0/VND/SGF/,null,",1,No
PAX_BRD_PCTL_0,FS,",null,",vnd_typ,4,100.0,Goal,Root/div/station/vendor/vnd_typ,"PAX_BRD_PCTL_0/VND/SGF/,null,/FS",0,Yes
PAX_BRD_PCTL_0,Unifi,SGF,vendor,3,8.05,Goal,Root/div/station/vendor,PAX_BRD_PCTL_0/VND/SGF/Unifi,1,No
PAX_BRD_PCTL_0,FS,Unifi,vnd_typ,4,100.0,Goal,Root/div/station/vendor/vnd_typ,PAX_BRD_PCTL_0/VND/SGF/Unifi/FS,0,Yes
PAX_BRD_PCTL_0,SGU,VND,station,2,1.52,Goal,Root/div/station,PAX_BRD_PCTL_0/VND/SGU,2,No
PAX_BRD_PCTL_0,",null,",SGU,vendor,3,43.43,Goal,Root/div/station/vendor,"PAX_BRD_PCTL_0/VND/SGU/,null,",1,No
PAX_BRD_PCTL_0,FS,",null,",vnd_typ,4,100.0,Goal,Root/div/station/vendor/vnd_typ,"PAX_BRD_PCTL_0/VND/SGU/,null,/FS",0,Yes
PAX_BRD_PCTL_0,SkyWest,SGU,vendor,3,56.57,Goal,Root/div/station/vendor,PAX_BRD_PCTL_0/VND/SGU/SkyWest,1,No
PAX_BRD_PCTL_0,FS,SkyWest,vnd_typ,4,100.0,Goal,Root/div/station/vendor/vnd_typ,PAX_BRD_PCTL_0/VND/SGU/SkyWest/FS,0,Yes
PAX_BRD_PCTL_0,SHV,VND,station,2,0.07,Goal,Root/div/station,PAX_BRD_PCTL_0/VND/SHV,2,No
PAX_BRD_PCTL_0,",null,",SHV,vendor,3,89.73,Goal,Root/div/station/vendor,"PAX_BRD_PCTL_0/VND/SHV/,null,",1,No
PAX_BRD_PCTL_0,FS,",null,",vnd_typ,4,100.0,Goal,Root/div/station/vendor/vnd_typ,"PAX_BRD_PCTL_0/VND/SHV/,null,/FS",0,Yes
PAX_BRD_PCTL_0,Unifi,SHV,vendor,3,10.27,Goal,Root/div/station/vendor,PAX_BRD_PCTL_0/VND/SHV/Unifi,1,No
PAX_BRD_PCTL_0,FS,Unifi,vnd_typ,4,100.0,Goal,Root/div/station/vendor/vnd_typ,PAX_BRD_PCTL_0/VND/SHV/Unifi/FS,0,Yes
PAX_BRD_PCTL_0,SUN,VND,station,2,1.14,Goal,Root/div/station,PAX_BRD_PCTL_0/VND/SUN,2,No
PAX_BRD_PCTL_0,",null,",SUN,vendor,3,52.44,Goal,Root/div/station/vendor,"PAX_BRD_PCTL_0/VND/SUN/,null,",1,No
PAX_BRD_PCTL_0,FS,",null,",vnd_typ,4,100.0,Goal,Root/div/station/vendor/vnd_typ,"PAX_BRD_PCTL_0/VND/SUN/,null,/FS",0,Yes
PAX_BRD_PCTL_0,SkyWest,SUN,vendor,3,47.56,Goal,Root/div/station/vendor,PAX_BRD_PCTL_0/VND/SUN/SkyWest,1,No
PAX_BRD_PCTL_0,FS,SkyWest,vnd_typ,4,100.0,Goal,Root/div/station/vendor/vnd_typ,PAX_BRD_PCTL_0/VND/SUN/SkyWest/FS,0,Yes
PAX_BRD_PCTL_0,TRI,VND,station,2,0.15,Goal,Root/div/station,PAX_BRD_PCTL_0/VND/TRI,2,No
PAX_BRD_PCTL_0,",null,",TRI,vendor,3,58.1,Goal,Root/div/station/vendor,"PAX_BRD_PCTL_0/VND/TRI/,null,",1,No
PAX_BRD_PCTL_0,FS,",null,",vnd_typ,4,100.0,Goal,Root/div/station/vendor/vnd_typ,"PAX_BRD_PCTL_0/VND/TRI/,null,/FS",0,Yes
PAX_BRD_PCTL_0,Unifi,TRI,vendor,3,41.9,Goal,Root/div/station/vendor,PAX_BRD_PCTL_0/VND/TRI/Unifi,1,No
PAX_BRD_PCTL_0,FS,Unifi,vnd_typ,4,100.0,Goal,Root/div/station/vendor/vnd_typ,PAX_BRD_PCTL_0/VND/TRI/Unifi/FS,0,Yes
PAX_BRD_PCTL_0,TUL,VND,station,2,0.45,Goal,Root/div/station,PAX_BRD_PCTL_0/VND/TUL,2,No
PAX_BRD_PCTL_0,",null,",TUL,vendor,3,98.49,Goal,Root/div/station/vendor,"PAX_BRD_PCTL_0/VND/TUL/,null,",1,No
PAX_BRD_PCTL_0,FS,",null,",vnd_typ,4,100.0,Goal,Root/div/station/vendor/vnd_typ,"PAX_BRD_PCTL_0/VND/TUL/,null,/FS",0,Yes
PAX_BRD_PCTL_0,Unifi,TUL,vendor,3,1.51,Goal,Root/div/station/vendor,PAX_BRD_PCTL_0/VND/TUL/Unifi,1,No
PAX_BRD_PCTL_0,FS,Unifi,vnd_typ,4,100.0,Goal,Root/div/station/vendor/vnd_typ,PAX_BRD_PCTL_0/VND/TUL/Unifi/FS,0,Yes
PAX_BRD_PCTL_0,TVC,VND,station,2,1.44,Goal,Root/div/station,PAX_BRD_PCTL_0/VND/TVC,2,No
PAX_BRD_PCTL_0,",null,",TVC,vendor,3,65.68,Goal,Root/div/station/vendor,"PAX_BRD_PCTL_0/VND/TVC/,null,",1,No
PAX_BRD_PCTL_0,FS,",null,",vnd_typ,4,100.0,Goal,Root/div/station/vendor/vnd_typ,"PAX_BRD_PCTL_0/VND/TVC/,null,/FS",0,Yes
PAX_BRD_PCTL_0,Unifi,TVC,vendor,3,34.32,Goal,Root/div/station/vendor,PAX_BRD_PCTL_0/VND/TVC/Unifi,1,No
PAX_BRD_PCTL_0,FS,Unifi,vnd_typ,4,100.0,Goal,Root/div/station/vendor/vnd_typ,PAX_BRD_PCTL_0/VND/TVC/Unifi/FS,0,Yes
PAX_BRD_PCTL_0,TWF,VND,station,2,1.3,Goal,Root/div/station,PAX_BRD_PCTL_0/VND/TWF,2,No
PAX_BRD_PCTL_0,",null,",TWF,vendor,3,16.18,Goal,Root/div/station/vendor,"PAX_BRD_PCTL_0/VND/TWF/,null,",1,No
PAX_BRD_PCTL_0,FS,",null,",vnd_typ,4,100.0,Goal,Root/div/station/vendor/vnd_typ,"PAX_BRD_PCTL_0/VND/TWF/,null,/FS",0,Yes
PAX_BRD_PCTL_0,SkyWest,TWF,vendor,3,83.82,Goal,Root/div/station/vendor,PAX_BRD_PCTL_0/VND/TWF/SkyWest,1,No
PAX_BRD_PCTL_0,FS,SkyWest,vnd_typ,4,100.0,Goal,Root/div/station/vendor/vnd_typ,PAX_BRD_PCTL_0/VND/TWF/SkyWest/FS,0,Yes
PAX_BRD_PCTL_0,VLD,VND,station,2,0.76,Goal,Root/div/station,PAX_BRD_PCTL_0/VND/VLD,3,No
PAX_BRD_PCTL_0,",null,",VLD,vendor,3,62.25,Goal,Root/div/station/vendor,"PAX_BRD_PCTL_0/VND/VLD/,null,",1,No
PAX_BRD_PCTL_0,FS,",null,",vnd_typ,4,100.0,Goal,Root/div/station/vendor/vnd_typ,"PAX_BRD_PCTL_0/VND/VLD/,null,/FS",0,Yes
PAX_BRD_PCTL_0,G2,VLD,vendor,3,15.3,Goal,Root/div/station/vendor,PAX_BRD_PCTL_0/VND/VLD/G2,1,No
PAX_BRD_PCTL_0,FS,G2,vnd_typ,4,100.0,Goal,Root/div/station/vendor/vnd_typ,PAX_BRD_PCTL_0/VND/VLD/G2/FS,0,Yes
PAX_BRD_PCTL_0,Menzies Aviation,VLD,vendor,3,22.450000000000003,Goal,Root/div/station/vendor,PAX_BRD_PCTL_0/VND/VLD/Menzies Aviation,1,No
PAX_BRD_PCTL_0,FS,Menzies Aviation,vnd_typ,4,100.0,Goal,Root/div/station/vendor/vnd_typ,PAX_BRD_PCTL_0/VND/VLD/Menzies Aviation/FS,0,Yes
PAX_BRD_PCTL_0,VPS,VND,station,2,1.38,Goal,Root/div/station,PAX_BRD_PCTL_0/VND/VPS,2,No
PAX_BRD_PCTL_0,",null,",VPS,vendor,3,28.32,Goal,Root/div/station/vendor,"PAX_BRD_PCTL_0/VND/VPS/,null,",1,No
PAX_BRD_PCTL_0,FS,",null,",vnd_typ,4,100.0,Goal,Root/div/station/vendor/vnd_typ,"PAX_BRD_PCTL_0/VND/VPS/,null,/FS",0,Yes
PAX_BRD_PCTL_0,Unifi,VPS,vendor,3,71.68,Goal,Root/div/station/vendor,PAX_BRD_PCTL_0/VND/VPS/Unifi,1,No
PAX_BRD_PCTL_0,FS,Unifi,vnd_typ,4,100.0,Goal,Root/div/station/vendor/vnd_typ,PAX_BRD_PCTL_0/VND/VPS/Unifi/FS,0,Yes
PAX_BRD_PCTL_0,WYS,VND,station,2,0.3,Goal,Root/div/station,PAX_BRD_PCTL_0/VND/WYS,1,No
PAX_BRD_PCTL_0,SkyWest,WYS,vendor,3,100.0,Goal,Root/div/station/vendor,PAX_BRD_PCTL_0/VND/WYS/SkyWest,1,No
PAX_BRD_PCTL_0,FS,SkyWest,vnd_typ,4,100.0,Goal,Root/div/station/vendor/vnd_typ,PAX_BRD_PCTL_0/VND/WYS/SkyWest/FS,0,Yes
PAX_BRD_PCTL_0,XNA,VND,station,2,0.43,Goal,Root/div/station,PAX_BRD_PCTL_0/VND/XNA,2,No
PAX_BRD_PCTL_0,",null,",XNA,vendor,3,14.97,Goal,Root/div/station/vendor,"PAX_BRD_PCTL_0/VND/XNA/,null,",1,No
PAX_BRD_PCTL_0,FS,",null,",vnd_typ,4,100.0,Goal,Root/div/station/vendor/vnd_typ,"PAX_BRD_PCTL_0/VND/XNA/,null,/FS",0,Yes
PAX_BRD_PCTL_0,Unifi,XNA,vendor,3,85.03,Goal,Root/div/station/vendor,PAX_BRD_PCTL_0/VND/XNA/Unifi,1,No
PAX_BRD_PCTL_0,FS,Unifi,vnd_typ,4,100.0,Goal,Root/div/station/vendor/vnd_typ,PAX_BRD_PCTL_0/VND/XNA/Unifi/FS,0,Yes
PAX_BRD_PCTL_0,XWA,VND,station,2,0.27,Goal,Root/div/station,PAX_BRD_PCTL_0/VND/XWA,2,No
PAX_BRD_PCTL_0,",null,",XWA,vendor,3,31.88,Goal,Root/div/station/vendor,"PAX_BRD_PCTL_0/VND/XWA/,null,",1,No
PAX_BRD_PCTL_0,FS,",null,",vnd_typ,4,100.0,Goal,Root/div/station/vendor/vnd_typ,"PAX_BRD_PCTL_0/VND/XWA/,null,/FS",0,Yes
PAX_BRD_PCTL_0,SkyWest,XWA,vendor,3,68.12,Goal,Root/div/station/vendor,PAX_BRD_PCTL_0/VND/XWA/SkyWest,1,No
PAX_BRD_PCTL_0,FS,SkyWest,vnd_typ,4,100.0,Goal,Root/div/station/vendor/vnd_typ,PAX_BRD_PCTL_0/VND/XWA/SkyWest/FS,0,Yes
PAX_BRD_PCTL_0,",null,",VND,vendor,2,1.37,Goal,Root/div/vendor,"PAX_BRD_PCTL_0/VND/,null,",1,No
PAX_BRD_PCTL_0,FS,",null,",vnd_typ,3,100.0,Goal,Root/div/vendor/vnd_typ,"PAX_BRD_PCTL_0/VND/,null,/FS",0,Yes
PAX_BRD_PCTL_0,Delta,VND,vendor,2,1.12,Goal,Root/div/vendor,PAX_BRD_PCTL_0/VND/Delta,1,No
PAX_BRD_PCTL_0,FS,Delta,vnd_typ,3,100.0,Goal,Root/div/vendor/vnd_typ,PAX_BRD_PCTL_0/VND/Delta/FS,0,Yes
PAX_BRD_PCTL_0,FS,VND,vendor,2,1.08,Goal,Root/div/vendor,PAX_BRD_PCTL_0/VND/FS,1,No
PAX_BRD_PCTL_0,FS,FS,vnd_typ,3,100.0,Goal,Root/div/vendor/vnd_typ,PAX_BRD_PCTL_0/VND/FS/FS,0,Yes
PAX_BRD_PCTL_0,G2,VND,vendor,2,0.22,Goal,Root/div/vendor,PAX_BRD_PCTL_0/VND/G2,1,No
PAX_BRD_PCTL_0,FS,G2,vnd_typ,3,100.0,Goal,Root/div/vendor/vnd_typ,PAX_BRD_PCTL_0/VND/G2/FS,0,Yes
PAX_BRD_PCTL_0,GAT,VND,vendor,2,1.59,Goal,Root/div/vendor,PAX_BRD_PCTL_0/VND/GAT,1,No
PAX_BRD_PCTL_0,FS,GAT,vnd_typ,3,100.0,Goal,Root/div/vendor/vnd_typ,PAX_BRD_PCTL_0/VND/GAT/FS,0,Yes
PAX_BRD_PCTL_0,Menzies Aviation,VND,vendor,2,0.99,Goal,Root/div/vendor,PAX_BRD_PCTL_0/VND/Menzies Aviation,1,No
PAX_BRD_PCTL_0,FS,Menzies Aviation,vnd_typ,3,100.0,Goal,Root/div/vendor/vnd_typ,PAX_BRD_PCTL_0/VND/Menzies Aviation/FS,0,Yes
PAX_BRD_PCTL_0,NONFS,VND,vendor,2,1.47,Goal,Root/div/vendor,PAX_BRD_PCTL_0/VND/NONFS,1,No
PAX_BRD_PCTL_0,FS,NONFS,vnd_typ,3,100.0,Goal,Root/div/vendor/vnd_typ,PAX_BRD_PCTL_0/VND/NONFS/FS,0,Yes
PAX_BRD_PCTL_0,PrimeFlight,VND,vendor,2,0.48,Goal,Root/div/vendor,PAX_BRD_PCTL_0/VND/PrimeFlight,1,No
PAX_BRD_PCTL_0,FS,PrimeFlight,vnd_typ,3,100.0,Goal,Root/div/vendor/vnd_typ,PAX_BRD_PCTL_0/VND/PrimeFlight/FS,0,Yes
PAX_BRD_PCTL_0,SkyWest,VND,vendor,2,0.04,Goal,Root/div/vendor,PAX_BRD_PCTL_0/VND/SkyWest,1,No
PAX_BRD_PCTL_0,FS,SkyWest,vnd_typ,3,100.0,Goal,Root/div/vendor/vnd_typ,PAX_BRD_PCTL_0/VND/SkyWest/FS,0,Yes
PAX_BRD_PCTL_0,Unifi,VND,vendor,2,0.18,Goal,Root/div/vendor,PAX_BRD_PCTL_0/VND/Unifi,1,No
PAX_BRD_PCTL_0,FS,Unifi,vnd_typ,3,100.0,Goal,Root/div/vendor/vnd_typ,PAX_BRD_PCTL_0/VND/Unifi/FS,0,Yes
PAX_BRD_PCTL_0,Valley International Airport Ground Handling Services,VND,vendor,2,0.91,Goal,Root/div/vendor,PAX_BRD_PCTL_0/VND/Valley International Airport Ground Handling Services,1,No
PAX_BRD_PCTL_0,FS,Valley International Airport Ground Handling Services,vnd_typ,3,100.0,Goal,Root/div/vendor/vnd_typ,PAX_BRD_PCTL_0/VND/Valley International Airport Ground Handling Services/FS,0,Yes
PAX_BRD_PCTL_0,WESTCHESTER COUNTY AIRPORT,VND,vendor,2,1.36,Goal,Root/div/vendor,PAX_BRD_PCTL_0/VND/WESTCHESTER COUNTY AIRPORT,1,No
PAX_BRD_PCTL_0,FS,WESTCHESTER COUNTY AIRPORT,vnd_typ,3,100.0,Goal,Root/div/vendor/vnd_typ,PAX_BRD_PCTL_0/VND/WESTCHESTER COUNTY AIRPORT/FS,0,Yes
