KPI_Name,parent,node,Tier,sys,ml_dc_1,ml_dc_2,fleet,station,vendor,Baseline,Baseline_Num,Baseline_Den,Goal,Stretch,Contribution,Goal_Num,Goal_Den,Source,Goal_Yr,YTD_Num,YTD_Den
D0,,sys,1.0,,,,,,,68.29,1216960,1782050,71.7,5.00%,1.0,1277808.0,1782050,Goal Input,2027,1277808.0,1782050
D0,,DC,2.0,,DC,,,,,72.13,446980,619723,75.73,5.00%,0.36729226926110964,469329.0,619723,Goal Input,2027,469329.0,619723
D0,,DL,2.0,,DL,,,,,66.24,769980,1162327,69.56,5.00%,0.6327077307388903,808479.0,1162327,Goal Input,2027,808479.0,1162327
D0,DC,9E,3.0,,DC,9E,,,,68.21,173872,254904,71.62,5.00%,0.38899279609825943,182565.6,254904,Cascaded,2027,182565.6,254904
D0,DC,OO,3.0,,DC,OO,,,,76.2,202544,265791,80.01,5.00%,0.4531388429012484,212671.2,265791,Cascaded,2027,212671.2,265791
D0,DC,YX,3.0,,DC,YX,,,,71.26,70564,99028,74.82,5.00%,0.1578683610004922,74092.2,99028,Cascaded,2027,74092.2,99028
D0,DL,DL,3.0,,DL,DL,,,,66.24,769980,1162327,69.56,5.00%,1.0,808479.0,1162327,Cascaded,2027,808479.0,1162327
D0,DC/9E,CRJ-700,4.1,,DC,9E,CRJ-700,,,68.15,25516,37440,71.56,5.00%,0.14675163338547897,26791.8,37440,Cascaded,2027,26791.8,37440
D0,DC/9E,CRJ-900,4.1,,DC,9E,CRJ-900,,,68.22,148356,217464,71.63,5.00%,0.8532483666145211,155773.8,217464,Cascaded,2027,155773.80000000002,217464
D0,DC/OO,CRJ-700,4.1,,DC,OO,CRJ-700,,,65.28,4558,6982,68.55,5.00%,0.02250375227111146,4785.9,6982,Cascaded,2027,4785.900000000001,6982
D0,DC/OO,CRJ-900,4.1,,DC,OO,CRJ-900,,,70.95,64943,91538,74.49,5.00%,0.32063650367327595,68190.15,91538,Cascaded,2027,68190.15000000001,91538
D0,DC/OO,E-175,4.1,,DC,OO,E-175,,,79.95,122337,153011,83.95,5.00%,0.6040020933723043,128453.85,153011,Cascaded,2027,128453.85,153011
D0,DC/OO,E170/75,4.1,,DC,OO,E170/75,,,75.08,10706,14260,78.83,5.00%,0.05285765068330832,11241.3,14260,Cascaded,2027,11241.300000000001,14260
D0,DC/YX,E-170,4.1,,DC,YX,E-170,,,72.16,14727,20408,75.77,5.00%,0.2087041550932487,15463.35,20408,Cascaded,2027,15463.349999999999,20408
D0,DC/YX,E-175,4.1,,DC,YX,E-175,,,71.02,55837,78620,74.57,5.00%,0.7912958449067513,58628.85,78620,Cascaded,2027,58628.85,78620
D0,DL/DL,220,4.1,,DL,DL,220,,,66.32,62914,94861,69.64,5.00%,0.08170861580820281,66059.7,94861,Cascaded,2027,66059.7,94861
D0,DL/DL,319,4.1,,DL,DL,319,,,72.59,54747,75417,76.22,5.00%,0.07110184680121562,57484.35,75417,Cascaded,2027,57484.35,75417
D0,DL/DL,320,4.1,,DL,DL,320,,,65.97,44993,68205,69.27,5.00%,0.05843398529831944,47242.65,68205,Cascaded,2027,47242.65,68205
D0,DL/DL,321,4.1,,DL,DL,321,,,61.98,162108,261537,65.08,5.00%,0.21053533858022286,170213.4,261537,Cascaded,2027,170213.4,261537
D0,DL/DL,332,4.1,,DL,DL,332,,,63.99,4039,6312,67.19,5.00%,0.005245590794566092,4240.95,6312,Cascaded,2027,4240.95,6312
D0,DL/DL,333,4.1,,DL,DL,333,,,52.6,9144,17385,55.23,5.00%,0.011875633133328138,9601.2,17385,Cascaded,2027,9601.2,17385
D0,DL/DL,339,4.1,,DL,DL,339,,,57.88,12338,21316,60.78,5.00%,0.016023792825787683,12954.9,21316,Cascaded,2027,12954.9,21316
D0,DL/DL,359,4.1,,DL,DL,359,,,52.13,3779,7249,54.74,5.00%,0.004907919686225616,3967.95,7249,Cascaded,2027,3967.95,7249
D0,DL/DL,35H,4.1,,DL,DL,35H,,,54.16,2807,5183,56.87,5.00%,0.003645549235045066,2947.35,5183,Cascaded,2027,2947.35,5183
D0,DL/DL,35J,4.1,,DL,DL,35J,,,55.68,1695,3044,58.47,5.00%,0.00220135587937349,1779.75,3044,Cascaded,2027,1779.75,3044
D0,DL/DL,35L,4.1,,DL,DL,35L,,,20.95,141,673,22.0,5.00%,0.0001831216395231045,148.05,673,Cascaded,2027,148.05,673
D0,DL/DL,717,4.1,,DL,DL,717,,,70.65,101145,143168,74.18,5.00%,0.1313605548196057,106202.25,143168,Cascaded,2027,106202.25,143168
D0,DL/DL,738,4.1,,DL,DL,738,,,67.96,68280,100467,71.36,5.00%,0.08867762799033742,71694.0,100467,Cascaded,2027,71694.0,100467
D0,DL/DL,739,4.1,,DL,DL,739,,,72.3,161039,222749,75.91,5.00%,0.20914699083093066,169090.95,222749,Cascaded,2027,169090.95,222749
D0,DL/DL,757,4.1,,DL,DL,757,,,58.79,57240,97360,61.73,5.00%,0.07433959323618795,60102.0,97360,Cascaded,2027,60102.0,97360
D0,DL/DL,763,4.1,,DL,DL,763,,,64.75,16451,25405,67.99,5.00%,0.021365490012727605,17273.55,25405,Cascaded,2027,17273.55,25405
D0,DL/DL,764,4.1,,DL,DL,764,,,59.35,7120,11996,62.32,5.00%,0.009246993428400737,7476.0,11996,Cascaded,2027,7476.0,11996
D0,DC/9E,ABE,4.2,,DC,9E,,ABE,,67.44,698,1035,70.81,5.00%,0.004014447409588663,732.9,1035,Cascaded,2027,732.9,1035
D0,DC/9E,ABY,4.2,,DC,9E,,ABY,,76.24,414,543,80.06,5.00%,0.002381061930615625,434.7,543,Cascaded,2027,434.7,543
D0,DC/9E,AEX,4.2,,DC,9E,,AEX,,74.14,751,1013,77.84,5.00%,0.004319269347566025,788.55,1013,Cascaded,2027,788.5500000000001,1013
D0,DC/9E,AGS,4.2,,DC,9E,,AGS,,69.74,1270,1821,73.23,5.00%,0.007304223796816048,1333.5,1821,Cascaded,2027,1333.5,1821
D0,DC/9E,ALB,4.2,,DC,9E,,ALB,,78.87,627,795,82.81,5.00%,0.0036061010398454035,658.35,795,Cascaded,2027,658.35,795
D0,DC/9E,ATL,4.2,,DC,9E,,ATL,,67.06,22163,33048,70.42,5.00%,0.12746733229042054,23271.15,33048,Cascaded,2027,23271.15,33048
D0,DC/9E,ATW,4.2,,DC,9E,,ATW,,68.18,30,44,71.59,5.00%,0.00017254071960982791,31.5,44,Cascaded,2027,31.5,44
D0,DC/9E,AUS,4.2,,DC,9E,,AUS,,69.19,732,1058,72.65,5.00%,0.004209993558479801,768.6,1058,Cascaded,2027,768.6,1058
D0,DC/9E,AVL,4.2,,DC,9E,,AVL,,64.94,650,1001,68.18,5.00%,0.003738382258212938,682.5,1001,Cascaded,2027,682.5,1001
D0,DC/9E,AZO,4.2,,DC,9E,,AZO,,59.46,22,37,62.43,5.00%,0.00012652986104720715,23.1,37,Cascaded,2027,23.1,37
D0,DC/9E,BGM,4.2,,DC,9E,,BGM,,23.08,3,13,24.23,5.00%,1.725407196098279e-05,3.15,13,Cascaded,2027,3.15,13
D0,DC/9E,BGR,4.2,,DC,9E,,BGR,,77.93,939,1205,81.82,5.00%,0.005400524523787614,985.95,1205,Cascaded,2027,985.95,1205
D0,DC/9E,BHM,4.2,,DC,9E,,BHM,,70.41,1028,1460,73.93,5.00%,0.00591239532529677,1079.4,1460,Cascaded,2027,1079.4,1460
D0,DC/9E,BIS,4.2,,DC,9E,,BIS,,72.44,510,704,76.07,5.00%,0.0029331922333670746,535.5,704,Cascaded,2027,535.5,704
D0,DC/9E,BMI,4.2,,DC,9E,,BMI,,74.39,488,656,78.11,5.00%,0.0028066623723198673,512.4,656,Cascaded,2027,512.4,656
D0,DC/9E,BNA,4.2,,DC,9E,,BNA,,67.86,1712,2523,71.25,5.00%,0.009846323732400847,1797.6,2523,Cascaded,2027,1797.6000000000001,2523
D0,DC/9E,BQK,4.2,,DC,9E,,BQK,,72.27,761,1053,75.88,5.00%,0.004376782920769301,799.05,1053,Cascaded,2027,799.0500000000001,1053
D0,DC/9E,BTR,4.2,,DC,9E,,BTR,,59.46,393,661,62.43,5.00%,0.002260283426888746,412.65,661,Cascaded,2027,412.65000000000003,661
D0,DC/9E,BTV,4.2,,DC,9E,,BTV,,76.86,1425,1854,80.7,5.00%,0.008195684181466826,1496.25,1854,Cascaded,2027,1496.25,1854
D0,DC/9E,BUF,4.2,,DC,9E,,BUF,,70.0,1547,2210,73.5,5.00%,0.008897349774546794,1624.35,2210,Cascaded,2027,1624.3500000000001,2210
D0,DC/9E,BWI,4.2,,DC,9E,,BWI,,100.0,2,2,105.0,5.00%,1.1502714640655195e-05,2.1,2,Cascaded,2027,2.1,2
D0,DC/9E,CAE,4.2,,DC,9E,,CAE,,68.54,876,1278,71.97,5.00%,0.005038189012606976,919.8,1278,Cascaded,2027,919.8000000000001,1278
D0,DC/9E,CHA,4.2,,DC,9E,,CHA,,68.37,1792,2621,71.79,5.00%,0.010306432318027055,1881.6,2621,Cascaded,2027,1881.6000000000001,2621
D0,DC/9E,CHO,4.2,,DC,9E,,CHO,,74.32,1320,1776,78.04,5.00%,0.007591791662832428,1386.0,1776,Cascaded,2027,1386.0,1776
D0,DC/9E,CHS,4.2,,DC,9E,,CHS,,69.48,1302,1874,72.95,5.00%,0.007488267231066532,1367.1,1874,Cascaded,2027,1367.1000000000001,1874
D0,DC/9E,CID,4.2,,DC,9E,,CID,,61.97,391,631,65.06,5.00%,0.0022487807122480905,410.55,631,Cascaded,2027,410.55,631
D0,DC/9E,CLE,4.2,,DC,9E,,CLE,,67.33,2393,3554,70.7,5.00%,0.013762998067543941,2512.65,3554,Cascaded,2027,2512.65,3554
D0,DC/9E,CLT,4.2,,DC,9E,,CLT,,64.58,1415,2191,67.81,5.00%,0.00813817060826355,1485.75,2191,Cascaded,2027,1485.75,2191
D0,DC/9E,CMH,4.2,,DC,9E,,CMH,,67.2,791,1177,70.56,5.00%,0.004549323640379129,830.55,1177,Cascaded,2027,830.5500000000001,1177
D0,DC/9E,CRW,4.2,,DC,9E,,CRW,,68.99,723,1048,72.44,5.00%,0.004158231342596853,759.15,1048,Cascaded,2027,759.15,1048
D0,DC/9E,CSG,4.2,,DC,9E,,CSG,,63.36,434,685,66.53,5.00%,0.002496089077022177,455.7,685,Cascaded,2027,455.7,685
D0,DC/9E,CVG,4.2,,DC,9E,,CVG,,70.24,5093,7251,73.75,5.00%,0.029291662832428452,5347.65,7251,Cascaded,2027,5347.650000000001,7251
D0,DC/9E,CWA,4.2,,DC,9E,,CWA,,77.62,555,715,81.5,5.00%,0.0031920033127818166,582.75,715,Cascaded,2027,582.75,715
D0,DC/9E,DAY,4.2,,DC,9E,,DAY,,73.45,83,113,77.12,5.00%,0.0004773626575871906,87.15,113,Cascaded,2027,87.15,113
D0,DC/9E,DCA,4.2,,DC,9E,,DCA,,56.58,1230,2174,59.41,5.00%,0.007074169504002944,1291.5,2174,Cascaded,2027,1291.5,2174
D0,DC/9E,DHN,4.2,,DC,9E,,DHN,,75.62,704,931,79.4,5.00%,0.004048955553510629,739.2,931,Cascaded,2027,739.2,931
D0,DC/9E,DLH,4.2,,DC,9E,,DLH,,78.24,205,262,82.16,5.00%,0.0011790282506671575,215.25,262,Cascaded,2027,215.25,262
D0,DC/9E,DSM,4.2,,DC,9E,,DSM,,73.27,1974,2694,76.94,5.00%,0.011353179350326677,2072.7,2694,Cascaded,2027,2072.7000000000003,2694
D0,DC/9E,DTW,4.2,,DC,9E,,DTW,,66.66,14121,21183,70.0,5.00%,0.081214916720346,14827.05,21183,Cascaded,2027,14827.050000000001,21183
D0,DC/9E,ECP,4.2,,DC,9E,,ECP,,52.91,118,223,55.56,5.00%,0.0006786601637986565,123.9,223,Cascaded,2027,123.9,223
D0,DC/9E,ELH,4.2,,DC,9E,,ELH,,61.62,122,198,64.7,5.00%,0.0007016655930799668,128.1,198,Cascaded,2027,128.1,198
D0,DC/9E,EVV,4.2,,DC,9E,,EVV,,77.72,900,1158,81.61,5.00%,0.005176221588294837,945.0,1158,Cascaded,2027,945.0,1158
D0,DC/9E,EWR,4.2,,DC,9E,,EWR,,68.81,984,1430,72.25,5.00%,0.005659335603202356,1033.2,1430,Cascaded,2027,1033.2,1430
D0,DC/9E,EYW,4.2,,DC,9E,,EYW,,18.75,3,16,19.69,5.00%,1.725407196098279e-05,3.15,16,Cascaded,2027,3.15,16
D0,DC/9E,FAR,4.2,,DC,9E,,FAR,,65.21,343,526,68.47,5.00%,0.001972715560872366,360.15,526,Cascaded,2027,360.15000000000003,526
D0,DC/9E,FAY,4.2,,DC,9E,,FAY,,77.0,887,1152,80.85,5.00%,0.0051014539431305786,931.35,1152,Cascaded,2027,931.35,1152
D0,DC/9E,FLL,4.2,,DC,9E,,FLL,,91.67,11,12,96.25,5.00%,6.326493052360357e-05,11.55,12,Cascaded,2027,11.55,12
D0,DC/9E,FSD,4.2,,DC,9E,,FSD,,66.6,337,506,69.93,5.00%,0.0019382074169504004,353.85,506,Cascaded,2027,353.85,506
D0,DC/9E,FWA,4.2,,DC,9E,,FWA,,68.82,256,372,72.26,5.00%,0.001472347474003865,268.8,372,Cascaded,2027,268.8,372
D0,DC/9E,GFK,4.2,,DC,9E,,GFK,,71.78,117,163,75.37,5.00%,0.0006729088064783288,122.85,163,Cascaded,2027,122.85000000000001,163
D0,DC/9E,GGT,4.2,,DC,9E,,GGT,,69.47,91,131,72.94,5.00%,0.0005233735161498113,95.55,131,Cascaded,2027,95.55,131
D0,DC/9E,GNV,4.2,,DC,9E,,GNV,,70.87,90,127,74.41,5.00%,0.0005176221588294838,94.5,127,Cascaded,2027,94.5,127
D0,DC/9E,GPT,4.2,,DC,9E,,GPT,,56.0,14,25,58.8,5.00%,8.051900248458637e-05,14.7,25,Cascaded,2027,14.700000000000001,25
D0,DC/9E,GRB,4.2,,DC,9E,,GRB,,80.48,437,543,84.5,5.00%,0.00251334314898316,458.85,543,Cascaded,2027,458.85,543
D0,DC/9E,GRR,4.2,,DC,9E,,GRR,,68.38,677,990,71.8,5.00%,0.0038936689058617835,710.85,990,Cascaded,2027,710.85,990
D0,DC/9E,GSO,4.2,,DC,9E,,GSO,,70.91,707,997,74.46,5.00%,0.0040662096254716115,742.35,997,Cascaded,2027,742.35,997
D0,DC/9E,GSP,4.2,,DC,9E,,GSP,,69.21,980,1416,72.67,5.00%,0.005636330173921045,1029.0,1416,Cascaded,2027,1029.0,1416
D0,DC/9E,GTR,4.2,,DC,9E,,GTR,,77.02,553,718,80.87,5.00%,0.0031805005981411613,580.65,718,Cascaded,2027,580.65,718
D0,DC/9E,HPN,4.2,,DC,9E,,HPN,,59.7,1086,1819,62.69,5.00%,0.006245974049875771,1140.3,1819,Cascaded,2027,1140.3,1819
D0,DC/9E,HSV,4.2,,DC,9E,,HSV,,68.89,848,1231,72.33,5.00%,0.004877151007637802,890.4,1231,Cascaded,2027,890.4,1231
D0,DC/9E,IAD,4.2,,DC,9E,,IAD,,63.86,615,963,67.06,5.00%,0.003537084752001472,645.75,963,Cascaded,2027,645.75,963
D0,DC/9E,ICT,4.2,,DC,9E,,ICT,,75.66,143,189,79.44,5.00%,0.0008224440968068464,150.15,189,Cascaded,2027,150.15,189
D0,DC/9E,ILM,4.2,,DC,9E,,ILM,,70.06,709,1012,73.56,5.00%,0.004077712340112266,744.45,1012,Cascaded,2027,744.45,1012
D0,DC/9E,IND,4.2,,DC,9E,,IND,,72.43,2283,3152,76.05,5.00%,0.013130348762307904,2397.15,3152,Cascaded,2027,2397.15,3152
D0,DC/9E,ITH,4.2,,DC,9E,,ITH,,79.33,541,682,83.29,5.00%,0.00311148431029723,568.05,682,Cascaded,2027,568.0500000000001,682
D0,DC/9E,JAN,4.2,,DC,9E,,JAN,,68.92,388,563,72.36,5.00%,0.002231526640287108,407.4,563,Cascaded,2027,407.40000000000003,563
D0,DC/9E,JAX,4.2,,DC,9E,,JAX,,65.98,1123,1702,69.28,5.00%,0.006458774270727892,1179.15,1702,Cascaded,2027,1179.15,1702
D0,DC/9E,JFK,4.2,,DC,9E,,JFK,,70.0,15499,22143,73.49,5.00%,0.08914028710775743,16273.95,22143,Cascaded,2027,16273.95,22143
D0,DC/9E,LAN,4.2,,DC,9E,,LAN,,63.21,67,106,66.37,5.00%,0.000385340940461949,70.35,106,Cascaded,2027,70.35000000000001,106
D0,DC/9E,LEX,4.2,,DC,9E,,LEX,,73.47,601,818,77.15,5.00%,0.003456565749516886,631.05,818,Cascaded,2027,631.0500000000001,818
D0,DC/9E,LFT,4.2,,DC,9E,,LFT,,75.72,817,1079,79.5,5.00%,0.0046988589307076474,857.85,1079,Cascaded,2027,857.85,1079
D0,DC/9E,LGA,4.2,,DC,9E,,LGA,,65.82,20435,31048,69.11,5.00%,0.11752898684089445,21456.75,31048,Cascaded,2027,21456.75,31048
D0,DC/9E,LIT,4.2,,DC,9E,,LIT,,66.12,201,304,69.42,5.00%,0.001156022821385847,211.05,304,Cascaded,2027,211.05,304
D0,DC/9E,MBS,4.2,,DC,9E,,MBS,,65.04,147,226,68.3,5.00%,0.0008454495260881568,154.35,226,Cascaded,2027,154.35,226
D0,DC/9E,MCI,4.2,,DC,9E,,MCI,,66.48,845,1271,69.81,5.00%,0.00485989693567682,887.25,1271,Cascaded,2027,887.25,1271
D0,DC/9E,MCO,4.2,,DC,9E,,MCO,,34.21,13,38,35.92,5.00%,7.476764516425877e-05,13.65,38,Cascaded,2027,13.65,38
D0,DC/9E,MDT,4.2,,DC,9E,,MDT,,70.62,464,657,74.16,5.00%,0.002668629796632005,487.2,657,Cascaded,2027,487.20000000000005,657
D0,DC/9E,MDW,4.2,,DC,9E,,MDW,,60.38,477,790,63.4,5.00%,0.002743397441796264,500.85,790,Cascaded,2027,500.85,790
D0,DC/9E,MEM,4.2,,DC,9E,,MEM,,66.04,630,954,69.34,5.00%,0.003623355111806386,661.5,954,Cascaded,2027,661.5,954
D0,DC/9E,MGM,4.2,,DC,9E,,MGM,,64.15,868,1353,67.36,5.00%,0.004992178154044354,911.4,1353,Cascaded,2027,911.4,1353
D0,DC/9E,MHH,4.2,,DC,9E,,MHH,,64.52,120,186,67.74,5.00%,0.0006901628784393117,126.0,186,Cascaded,2027,126.0,186
D0,DC/9E,MIA,4.2,,DC,9E,,MIA,,43.75,7,16,45.94,5.00%,4.0259501242293184e-05,7.35,16,Cascaded,2027,7.3500000000000005,16
D0,DC/9E,MKE,4.2,,DC,9E,,MKE,,74.56,850,1140,78.29,5.00%,0.004888653722278458,892.5,1140,Cascaded,2027,892.5,1140
D0,DC/9E,MLI,4.2,,DC,9E,,MLI,,71.91,517,719,75.5,5.00%,0.002973451734609368,542.85,719,Cascaded,2027,542.85,719
D0,DC/9E,MLU,4.2,,DC,9E,,MLU,,69.37,711,1025,72.83,5.00%,0.004089215054752922,746.55,1025,Cascaded,2027,746.5500000000001,1025
D0,DC/9E,MOB,4.2,,DC,9E,,MOB,,72.8,586,805,76.43,5.00%,0.003370295389711972,615.3,805,Cascaded,2027,615.3000000000001,805
D0,DC/9E,MOT,4.2,,DC,9E,,MOT,,69.23,81,117,72.69,5.00%,0.00046585994294653536,85.05,117,Cascaded,2027,85.05,117
D0,DC/9E,MSN,4.2,,DC,9E,,MSN,,69.46,621,894,72.94,5.00%,0.003571592895923438,652.05,894,Cascaded,2027,652.0500000000001,894
D0,DC/9E,MSP,4.2,,DC,9E,,MSP,,65.8,9891,15033,69.09,5.00%,0.056886675255360265,10385.55,15033,Cascaded,2027,10385.550000000001,15033
D0,DC/9E,MYR,4.2,,DC,9E,,MYR,,69.47,66,95,72.95,5.00%,0.0003795895831416214,69.3,95,Cascaded,2027,69.3,95
D0,DC/9E,OAJ,4.2,,DC,9E,,OAJ,,76.97,645,838,80.82,5.00%,0.0037096254716113,677.25,838,Cascaded,2027,677.25,838
D0,DC/9E,OKC,4.2,,DC,9E,,OKC,,77.45,182,235,81.32,5.00%,0.0010467470322996226,191.1,235,Cascaded,2027,191.1,235
D0,DC/9E,OMA,4.2,,DC,9E,,OMA,,72.7,751,1033,76.34,5.00%,0.004319269347566025,788.55,1033,Cascaded,2027,788.5500000000001,1033
D0,DC/9E,ORD,4.2,,DC,9E,,ORD,,51.69,595,1151,54.28,5.00%,0.0034220576055949206,624.75,1151,Cascaded,2027,624.75,1151
D0,DC/9E,ORF,4.2,,DC,9E,,ORF,,63.38,1419,2239,66.55,5.00%,0.00816117603754486,1489.95,2239,Cascaded,2027,1489.95,2239
D0,DC/9E,ORH,4.2,,DC,9E,,ORH,,67.5,189,280,70.88,5.00%,0.001087006533541916,198.45,280,Cascaded,2027,198.45000000000002,280
D0,DC/9E,PHL,4.2,,DC,9E,,PHL,,38.71,12,31,40.65,5.00%,6.901628784393116e-05,12.6,31,Cascaded,2027,12.6,31
D0,DC/9E,PIT,4.2,,DC,9E,,PIT,,66.22,1298,1960,69.54,5.00%,0.0074652618017852215,1362.9,1960,Cascaded,2027,1362.9,1960
D0,DC/9E,PNS,4.2,,DC,9E,,PNS,,60.9,204,335,63.94,5.00%,0.00117327689334683,214.2,335,Cascaded,2027,214.20000000000002,335
D0,DC/9E,PVD,4.2,,DC,9E,,PVD,,58.64,129,220,61.57,5.00%,0.00074192509432226,135.45,220,Cascaded,2027,135.45000000000002,220
D0,DC/9E,PWM,4.2,,DC,9E,,PWM,,68.3,793,1161,71.72,5.00%,0.004560826355019785,832.65,1161,Cascaded,2027,832.65,1161
D0,DC/9E,RAP,4.2,,DC,9E,,RAP,,75.51,629,833,79.29,5.00%,0.0036176037544860588,660.45,833,Cascaded,2027,660.45,833
D0,DC/9E,RDU,4.2,,DC,9E,,RDU,,64.78,4503,6951,68.02,5.00%,0.02589836201343517,4728.15,6951,Cascaded,2027,4728.150000000001,6951
D0,DC/9E,RIC,4.2,,DC,9E,,RIC,,68.34,1541,2255,71.75,5.00%,0.008862841630624828,1618.05,2255,Cascaded,2027,1618.05,2255
D0,DC/9E,ROA,4.2,,DC,9E,,ROA,,67.6,849,1256,70.98,5.00%,0.00488290236495813,891.45,1256,Cascaded,2027,891.45,1256
D0,DC/9E,ROC,4.2,,DC,9E,,ROC,,63.15,1623,2570,66.31,5.00%,0.00933445293089169,1704.15,2570,Cascaded,2027,1704.15,2570
D0,DC/9E,RST,4.2,,DC,9E,,RST,,72.52,541,746,76.15,5.00%,0.00311148431029723,568.05,746,Cascaded,2027,568.0500000000001,746
D0,DC/9E,RSW,4.2,,DC,9E,,RSW,,63.24,43,68,66.4,5.00%,0.0002473083647740867,45.15,68,Cascaded,2027,45.15,68
D0,DC/9E,SAV,4.2,,DC,9E,,SAV,,62.35,856,1373,65.46,5.00%,0.004923161866200424,898.8,1373,Cascaded,2027,898.8000000000001,1373
D0,DC/9E,SBN,4.2,,DC,9E,,SBN,,72.22,13,18,75.83,5.00%,7.476764516425877e-05,13.65,18,Cascaded,2027,13.65,18
D0,DC/9E,SDF,4.2,,DC,9E,,SDF,,76.21,535,702,80.02,5.00%,0.0030769761663752646,561.75,702,Cascaded,2027,561.75,702
D0,DC/9E,SGF,4.2,,DC,9E,,SGF,,67.55,410,607,70.92,5.00%,0.002358056501334315,430.5,607,Cascaded,2027,430.5,607
D0,DC/9E,SHV,4.2,,DC,9E,,SHV,,72.73,72,99,76.36,5.00%,0.000414097727063587,75.6,99,Cascaded,2027,75.60000000000001,99
D0,DC/9E,STL,4.2,,DC,9E,,STL,,69.2,1058,1529,72.66,5.00%,0.0060849360449065975,1110.9,1529,Cascaded,2027,1110.9,1529
D0,DC/9E,SYR,4.2,,DC,9E,,SYR,,73.25,1950,2662,76.92,5.00%,0.011215146774638815,2047.5,2662,Cascaded,2027,2047.5,2662
D0,DC/9E,TLH,4.2,,DC,9E,,TLH,,65.89,226,343,69.18,5.00%,0.001299806754394037,237.3,343,Cascaded,2027,237.3,343
D0,DC/9E,TPA,4.2,,DC,9E,,TPA,,75.0,9,12,78.75,5.00%,5.1762215882948376e-05,9.45,12,Cascaded,2027,9.450000000000001,12
D0,DC/9E,TRI,4.2,,DC,9E,,TRI,,76.16,840,1103,79.96,5.00%,0.004831140149075182,882.0,1103,Cascaded,2027,882.0,1103
D0,DC/9E,TUL,4.2,,DC,9E,,TUL,,71.43,220,308,75.0,5.00%,0.0012652986104720713,231.0,308,Cascaded,2027,231.0,308
D0,DC/9E,TVC,4.2,,DC,9E,,TVC,,59.3,153,258,62.27,5.00%,0.0008799576700101224,160.65,258,Cascaded,2027,160.65,258
D0,DC/9E,TYS,4.2,,DC,9E,,TYS,,73.99,2497,3375,77.68,5.00%,0.01436113922885801,2621.85,3375,Cascaded,2027,2621.85,3375
D0,DC/9E,VLD,4.2,,DC,9E,,VLD,,74.06,745,1006,77.76,5.00%,0.00428476120364406,782.25,1006,Cascaded,2027,782.25,1006
D0,DC/9E,VPS,4.2,,DC,9E,,VPS,,47.46,28,59,49.83,5.00%,0.00016103800496917274,29.4,59,Cascaded,2027,29.400000000000002,59
D0,DC/9E,XNA,4.2,,DC,9E,,XNA,,66.73,1775,2660,70.07,5.00%,0.010208659243581485,1863.75,2660,Cascaded,2027,1863.75,2660
D0,DC/9E,YHZ,4.2,,DC,9E,,YHZ,,78.95,195,247,82.89,5.00%,0.0011215146774638815,204.75,247,Cascaded,2027,204.75,247
D0,DC/9E,YUL,4.2,,DC,9E,,YUL,,75.63,1552,2052,79.42,5.00%,0.008926106561148431,1629.6,2052,Cascaded,2027,1629.6000000000001,2052
D0,DC/9E,YYZ,4.2,,DC,9E,,YYZ,,72.75,3348,4602,76.39,5.00%,0.019255544308456794,3515.4,4602,Cascaded,2027,3515.4,4602
D0,DC/OO,ABQ,4.2,,DC,OO,,ABQ,,86.37,1850,2142,90.69,5.00%,0.009133817837111936,1942.5,2142,Cascaded,2027,1942.5,2142
D0,DC/OO,ABR,4.2,,DC,OO,,ABR,,85.0,629,740,89.25,5.00%,0.0031054980646180582,660.45,740,Cascaded,2027,660.45,740
D0,DC/OO,ABY,4.2,,DC,OO,,ABY,,75.37,355,471,79.14,5.00%,0.0017527055849593175,372.75,471,Cascaded,2027,372.75,471
D0,DC/OO,AEX,4.2,,DC,OO,,AEX,,50.0,9,18,52.5,5.00%,4.443478947784185e-05,9.45,18,Cascaded,2027,9.450000000000001,18
D0,DC/OO,AGS,4.2,,DC,OO,,AGS,,70.71,99,140,74.25,5.00%,0.0004887826842562604,103.95,140,Cascaded,2027,103.95,140
D0,DC/OO,ALB,4.2,,DC,OO,,ALB,,72.91,576,790,76.56,5.00%,0.0028438265265818786,604.8,790,Cascaded,2027,604.8000000000001,790
D0,DC/OO,APN,4.2,,DC,OO,,APN,,77.31,460,595,81.18,5.00%,0.0022711114622008055,483.0,595,Cascaded,2027,483.0,595
D0,DC/OO,ASE,4.2,,DC,OO,,ASE,,57.81,433,749,60.7,5.00%,0.00213780709376728,454.65,749,Cascaded,2027,454.65000000000003,749
D0,DC/OO,ATL,4.2,,DC,OO,,ATL,,65.09,4714,7242,68.35,5.00%,0.023273955288727388,4949.7,7242,Cascaded,2027,4949.700000000001,7242
D0,DC/OO,ATW,4.2,,DC,OO,,ATW,,70.44,1399,1986,73.97,5.00%,0.006907141164388972,1468.95,1986,Cascaded,2027,1468.95,1986
D0,DC/OO,AUS,4.2,,DC,OO,,AUS,,70.55,3939,5583,74.08,5.00%,0.019447626194802118,4135.95,5583,Cascaded,2027,4135.95,5583
D0,DC/OO,AZO,4.2,,DC,OO,,AZO,,69.37,659,950,72.84,5.00%,0.003253614029544198,691.95,950,Cascaded,2027,691.95,950
D0,DC/OO,BDL,4.2,,DC,OO,,BDL,,100.0,1,1,105.0,5.00%,4.937198830871317e-06,1.05,1,Cascaded,2027,1.05,1
D0,DC/OO,BGM,4.2,,DC,OO,,BGM,,68.32,179,262,71.74,5.00%,0.0008837585907259658,187.95,262,Cascaded,2027,187.95000000000002,262
D0,DC/OO,BHM,4.2,,DC,OO,,BHM,,52.38,110,210,55.0,5.00%,0.0005430918713958449,115.5,210,Cascaded,2027,115.5,210
D0,DC/OO,BIL,4.2,,DC,OO,,BIL,,86.31,605,701,90.62,5.00%,0.002987005292677147,635.25,701,Cascaded,2027,635.25,701
D0,DC/OO,BIS,4.2,,DC,OO,,BIS,,73.5,452,615,77.17,5.00%,0.002231613871553835,474.6,615,Cascaded,2027,474.6,615
D0,DC/OO,BJI,4.2,,DC,OO,,BJI,,82.82,593,716,86.96,5.00%,0.002927758906706691,622.65,716,Cascaded,2027,622.6500000000001,716
D0,DC/OO,BMI,4.2,,DC,OO,,BMI,,73.43,105,143,77.1,5.00%,0.0005184058772414883,110.25,143,Cascaded,2027,110.25,143
D0,DC/OO,BNA,4.2,,DC,OO,,BNA,,74.61,914,1225,78.34,5.00%,0.004512599731416384,959.7,1225,Cascaded,2027,959.7,1225
D0,DC/OO,BOI,4.2,,DC,OO,,BOI,,85.63,2974,3473,89.91,5.00%,0.014683229323011296,3122.7,3473,Cascaded,2027,3122.7000000000003,3473
D0,DC/OO,BQK,4.2,,DC,OO,,BQK,,0.0,0,3,0.0,0.00%,0.0,0.0,3,Cascaded,2027,0.0,3
D0,DC/OO,BRD,4.2,,DC,OO,,BRD,,82.52,510,618,86.65,5.00%,0.0025179714037443716,535.5,618,Cascaded,2027,535.5,618
D0,DC/OO,BTM,4.2,,DC,OO,,BTM,,94.13,337,358,98.84,5.00%,0.0016638360060036337,353.85,358,Cascaded,2027,353.85,358
D0,DC/OO,BTR,4.2,,DC,OO,,BTR,,59.57,28,47,62.55,5.00%,0.00013824156726439688,29.4,47,Cascaded,2027,29.400000000000002,47
D0,DC/OO,BTV,4.2,,DC,OO,,BTV,,63.89,184,288,67.08,5.00%,0.0009084445848803223,193.2,288,Cascaded,2027,193.20000000000002,288
D0,DC/OO,BUF,4.2,,DC,OO,,BUF,,71.32,383,537,74.89,5.00%,0.0018909471522237143,402.15,537,Cascaded,2027,402.15000000000003,537
D0,DC/OO,BUR,4.2,,DC,OO,,BUR,,82.75,787,951,86.89,5.00%,0.0038855754798957265,826.35,951,Cascaded,2027,826.35,951
D0,DC/OO,BZN,4.2,,DC,OO,,BZN,,82.49,1135,1376,86.61,5.00%,0.005603720673038944,1191.75,1376,Cascaded,2027,1191.75,1376
D0,DC/OO,CAE,4.2,,DC,OO,,CAE,,75.0,3,4,78.75,5.00%,1.481159649261395e-05,3.15,4,Cascaded,2027,3.1500000000000004,4
D0,DC/OO,CDC,4.2,,DC,OO,,CDC,,92.62,577,623,97.25,5.00%,0.0028487637254127497,605.85,623,Cascaded,2027,605.85,623
D0,DC/OO,CHA,4.2,,DC,OO,,CHA,,100.0,1,1,105.0,5.00%,4.937198830871317e-06,1.05,1,Cascaded,2027,1.05,1
D0,DC/OO,CHS,4.2,,DC,OO,,CHS,,56.99,216,379,59.84,5.00%,0.0010664349474682044,226.8,379,Cascaded,2027,226.8,379
D0,DC/OO,CID,4.2,,DC,OO,,CID,,63.82,254,398,67.01,5.00%,0.0012540485030413146,266.7,398,Cascaded,2027,266.7,398
D0,DC/OO,CIU,4.2,,DC,OO,,CIU,,74.0,501,677,77.7,5.00%,0.0024735366142665297,526.05,677,Cascaded,2027,526.0500000000001,677
D0,DC/OO,CLE,4.2,,DC,OO,,CLE,,67.23,671,998,70.6,5.00%,0.0033128604155146534,704.55,998,Cascaded,2027,704.5500000000001,998
D0,DC/OO,CMH,4.2,,DC,OO,,CMH,,69.14,493,713,72.6,5.00%,0.0024340390236195593,517.65,713,Cascaded,2027,517.65,713
D0,DC/OO,COS,4.2,,DC,OO,,COS,,87.85,600,683,92.24,5.00%,0.00296231929852279,630.0,683,Cascaded,2027,630.0,683
D0,DC/OO,CRW,4.2,,DC,OO,,CRW,,57.94,146,252,60.83,5.00%,0.0007208310293072123,153.3,252,Cascaded,2027,153.3,252
D0,DC/OO,CVG,4.2,,DC,OO,,CVG,,50.0,6,12,52.5,5.00%,2.96231929852279e-05,6.3,12,Cascaded,2027,6.300000000000001,12
D0,DC/OO,DEN,4.2,,DC,OO,,DEN,,69.09,664,961,72.55,5.00%,0.0032783000236985545,697.2,961,Cascaded,2027,697.2,961
D0,DC/OO,DHN,4.2,,DC,OO,,DHN,,53.52,38,71,56.2,5.00%,0.00018761355557311005,39.9,71,Cascaded,2027,39.900000000000006,71
D0,DC/OO,DLH,4.2,,DC,OO,,DLH,,74.64,830,1112,78.37,5.00%,0.004097875029623193,871.5,1112,Cascaded,2027,871.5,1112
D0,DC/OO,DSM,4.2,,DC,OO,,DSM,,59.62,31,52,62.6,5.00%,0.00015305316375701083,32.55,52,Cascaded,2027,32.550000000000004,52
D0,DC/OO,DTW,4.2,,DC,OO,,DTW,,64.31,16936,26335,67.53,5.00%,0.08361639939963662,17782.8,26335,Cascaded,2027,17782.8,26335
D0,DC/OO,ECP,4.2,,DC,OO,,ECP,,66.88,208,311,70.23,5.00%,0.001026937356821234,218.4,311,Cascaded,2027,218.4,311
D0,DC/OO,EGE,4.2,,DC,OO,,EGE,,57.36,74,129,60.23,5.00%,0.00036535271348447744,77.7,129,Cascaded,2027,77.7,129
D0,DC/OO,EKO,4.2,,DC,OO,,EKO,,95.09,542,570,99.84,5.00%,0.002675961766332254,569.1,570,Cascaded,2027,569.1,570
D0,DC/OO,ELH,4.2,,DC,OO,,ELH,,38.46,5,13,40.38,5.00%,2.4685994154356583e-05,5.25,13,Cascaded,2027,5.25,13
D0,DC/OO,ELM,4.2,,DC,OO,,ELM,,76.35,678,888,80.17,5.00%,0.003347420807330753,711.9,888,Cascaded,2027,711.9000000000001,888
D0,DC/OO,ESC,4.2,,DC,OO,,ESC,,84.64,496,586,88.87,5.00%,0.0024488506201121732,520.8,586,Cascaded,2027,520.8000000000001,586
D0,DC/OO,EUG,4.2,,DC,OO,,EUG,,87.44,1552,1775,91.81,5.00%,0.007662532585512284,1629.6,1775,Cascaded,2027,1629.6000000000001,1775
D0,DC/OO,EVV,4.2,,DC,OO,,EVV,,74.19,23,31,77.9,5.00%,0.0001135555731100403,24.15,31,Cascaded,2027,24.150000000000002,31
D0,DC/OO,EWR,4.2,,DC,OO,,EWR,,66.67,6,9,70.0,5.00%,2.96231929852279e-05,6.3,9,Cascaded,2027,6.300000000000001,9
D0,DC/OO,FAR,4.2,,DC,OO,,FAR,,74.01,558,754,77.71,5.00%,0.0027549569476261948,585.9,754,Cascaded,2027,585.9,754
D0,DC/OO,FAT,4.2,,DC,OO,,FAT,,87.73,1194,1361,92.12,5.00%,0.005895015404060352,1253.7,1361,Cascaded,2027,1253.7,1361
D0,DC/OO,FAY,4.2,,DC,OO,,FAY,,65.96,31,47,69.26,5.00%,0.00015305316375701083,32.55,47,Cascaded,2027,32.550000000000004,47
D0,DC/OO,FCA,4.2,,DC,OO,,FCA,,81.55,632,775,85.63,5.00%,0.003120309661110672,663.6,775,Cascaded,2027,663.6,775
D0,DC/OO,FSD,4.2,,DC,OO,,FSD,,72.05,611,848,75.65,5.00%,0.0030166284856623744,641.55,848,Cascaded,2027,641.5500000000001,848
D0,DC/OO,FWA,4.2,,DC,OO,,FWA,,71.58,1214,1696,75.16,5.00%,0.005993759380677779,1274.7,1696,Cascaded,2027,1274.7,1696
D0,DC/OO,GEG,4.2,,DC,OO,,GEG,,85.42,3298,3861,89.69,5.00%,0.016282881744213603,3462.9,3861,Cascaded,2027,3462.9,3861
D0,DC/OO,GFK,4.2,,DC,OO,,GFK,,78.67,734,933,82.6,5.00%,0.0036239039418595465,770.7,933,Cascaded,2027,770.7,933
D0,DC/OO,GJT,4.2,,DC,OO,,GJT,,90.21,525,582,94.72,5.00%,0.0025920293862074415,551.25,582,Cascaded,2027,551.25,582
D0,DC/OO,GRB,4.2,,DC,OO,,GRB,,74.89,1026,1370,78.64,5.00%,0.005065566000473971,1077.3,1370,Cascaded,2027,1077.3,1370
D0,DC/OO,GRR,4.2,,DC,OO,,GRR,,69.33,1501,2165,72.8,5.00%,0.007410735445137847,1576.05,2165,Cascaded,2027,1576.0500000000002,2165
D0,DC/OO,GSO,4.2,,DC,OO,,GSO,,65.05,268,412,68.3,5.00%,0.001323169286673513,281.4,412,Cascaded,2027,281.40000000000003,412
D0,DC/OO,GSP,4.2,,DC,OO,,GSP,,57.14,140,245,60.0,5.00%,0.0006912078363219843,147.0,245,Cascaded,2027,147.0,245
D0,DC/OO,GTF,4.2,,DC,OO,,GTF,,88.18,1022,1159,92.59,5.00%,0.005045817205150486,1073.1,1159,Cascaded,2027,1073.1000000000001,1159
D0,DC/OO,HIB,4.2,,DC,OO,,HIB,,82.47,508,616,86.59,5.00%,0.002508097006082629,533.4,616,Cascaded,2027,533.4,616
D0,DC/OO,HLN,4.2,,DC,OO,,HLN,,94.04,678,721,98.74,5.00%,0.003347420807330753,711.9,721,Cascaded,2027,711.9000000000001,721
D0,DC/OO,HPN,4.2,,DC,OO,,HPN,,70.37,76,108,73.89,5.00%,0.0003752271111462201,79.8,108,Cascaded,2027,79.80000000000001,108
D0,DC/OO,HRL,4.2,,DC,OO,,HRL,,100.0,7,7,105.0,5.00%,3.456039181609922e-05,7.35,7,Cascaded,2027,7.3500000000000005,7
D0,DC/OO,HSV,4.2,,DC,OO,,HSV,,77.78,84,108,81.67,5.00%,0.0004147247017931906,88.2,108,Cascaded,2027,88.2,108
D0,DC/OO,IAD,4.2,,DC,OO,,IAD,,67.19,1073,1597,70.55,5.00%,0.005297614345524923,1126.65,1597,Cascaded,2027,1126.65,1597
D0,DC/OO,IAH,4.2,,DC,OO,,IAH,,56.52,13,23,59.35,5.00%,6.418358480132712e-05,13.65,23,Cascaded,2027,13.65,23
D0,DC/OO,ICT,4.2,,DC,OO,,ICT,,73.21,276,377,76.87,5.00%,0.0013626668773204834,289.8,377,Cascaded,2027,289.8,377
D0,DC/OO,IDA,4.2,,DC,OO,,IDA,,87.88,754,858,92.27,5.00%,0.003722647918476973,791.7,858,Cascaded,2027,791.7,858
D0,DC/OO,IMT,4.2,,DC,OO,,IMT,,69.04,484,701,72.5,5.00%,0.0023896042341417173,508.2,701,Cascaded,2027,508.20000000000005,701
D0,DC/OO,IND,4.2,,DC,OO,,IND,,72.33,970,1341,75.95,5.00%,0.004789082865945178,1018.5,1341,Cascaded,2027,1018.5,1341
D0,DC/OO,INL,4.2,,DC,OO,,INL,,85.54,550,643,89.81,5.00%,0.0027154593569792243,577.5,643,Cascaded,2027,577.5,643
D0,DC/OO,JAC,4.2,,DC,OO,,JAC,,78.03,508,651,81.94,5.00%,0.002508097006082629,533.4,651,Cascaded,2027,533.4,651
D0,DC/OO,JAX,4.2,,DC,OO,,JAX,,75.7,271,358,79.48,5.00%,0.001337980883166127,284.55,358,Cascaded,2027,284.55,358
D0,DC/OO,LAN,4.2,,DC,OO,,LAN,,69.25,626,904,72.71,5.00%,0.0030906864681254443,657.3,904,Cascaded,2027,657.3000000000001,904
D0,DC/OO,LAS,4.2,,DC,OO,,LAS,,81.78,1768,2162,85.86,5.00%,0.008728967532980489,1856.4,2162,Cascaded,2027,1856.4,2162
D0,DC/OO,LAX,4.2,,DC,OO,,LAX,,79.97,9599,12004,83.96,5.00%,0.04739217157753377,10078.95,12004,Cascaded,2027,10078.95,12004
D0,DC/OO,LEX,4.2,,DC,OO,,LEX,,78.18,387,495,82.09,5.00%,0.0019106959475471996,406.35,495,Cascaded,2027,406.35,495
D0,DC/OO,LFT,4.2,,DC,OO,,LFT,,67.69,155,229,71.07,5.00%,0.0007652658187850541,162.75,229,Cascaded,2027,162.75,229
D0,DC/OO,LGA,4.2,,DC,OO,,LGA,,66.1,583,882,69.4,5.00%,0.0028783869183979776,612.15,882,Cascaded,2027,612.15,882
D0,DC/OO,LGB,4.2,,DC,OO,,LGB,,86.64,564,651,90.97,5.00%,0.0027845801406114227,592.2,651,Cascaded,2027,592.2,651
D0,DC/OO,LIT,4.2,,DC,OO,,LIT,,85.38,222,260,89.65,5.00%,0.0010960581404534323,233.1,260,Cascaded,2027,233.10000000000002,260
D0,DC/OO,LWS,4.2,,DC,OO,,LWS,,86.23,626,726,90.54,5.00%,0.0030906864681254443,657.3,726,Cascaded,2027,657.3000000000001,726
D0,DC/OO,MAF,4.2,,DC,OO,,MAF,,71.62,318,444,75.2,5.00%,0.0015700292282170788,333.9,444,Cascaded,2027,333.90000000000003,444
D0,DC/OO,MBS,4.2,,DC,OO,,MBS,,74.45,778,1045,78.17,5.00%,0.0038411406904178846,816.9,1045,Cascaded,2027,816.9000000000001,1045
D0,DC/OO,MCI,4.2,,DC,OO,,MCI,,68.25,245,359,71.66,5.00%,0.0012096137135634726,257.25,359,Cascaded,2027,257.25,359
D0,DC/OO,MDT,4.2,,DC,OO,,MDT,,75.0,189,252,78.75,5.00%,0.0009331305790346789,198.45,252,Cascaded,2027,198.45000000000002,252
D0,DC/OO,MDW,4.2,,DC,OO,,MDW,,69.65,902,1295,73.14,5.00%,0.004453353345445928,947.1,1295,Cascaded,2027,947.1,1295
D0,DC/OO,MEM,4.2,,DC,OO,,MEM,,73.78,1320,1789,77.47,5.00%,0.006517102456750138,1386.0,1789,Cascaded,2027,1386.0,1789
D0,DC/OO,MFE,4.2,,DC,OO,,MFE,,80.65,825,1023,84.68,5.00%,0.004073189035468837,866.25,1023,Cascaded,2027,866.25,1023
D0,DC/OO,MFR,4.2,,DC,OO,,MFR,,87.06,1541,1770,91.42,5.00%,0.007608223398372699,1618.05,1770,Cascaded,2027,1618.0500000000002,1770
D0,DC/OO,MGM,4.2,,DC,OO,,MGM,,67.8,219,323,71.19,5.00%,0.0010812465439608183,229.95,323,Cascaded,2027,229.95000000000002,323
D0,DC/OO,MHH,4.2,,DC,OO,,MHH,,50.0,7,14,52.5,5.00%,3.456039181609922e-05,7.35,14,Cascaded,2027,7.3500000000000005,14
D0,DC/OO,MKE,4.2,,DC,OO,,MKE,,68.25,1152,1688,71.66,5.00%,0.005687653053163757,1209.6,1688,Cascaded,2027,1209.6000000000001,1688
D0,DC/OO,MOB,4.2,,DC,OO,,MOB,,59.54,103,173,62.51,5.00%,0.0005085314795797456,108.15,173,Cascaded,2027,108.15,173
D0,DC/OO,MOT,4.2,,DC,OO,,MOT,,72.1,902,1251,75.71,5.00%,0.004453353345445928,947.1,1251,Cascaded,2027,947.1,1251
D0,DC/OO,MQT,4.2,,DC,OO,,MQT,,75.41,500,663,79.19,5.00%,0.0024685994154356582,525.0,663,Cascaded,2027,525.0,663
D0,DC/OO,MSN,4.2,,DC,OO,,MSN,,71.54,935,1307,75.11,5.00%,0.004616280906864681,981.75,1307,Cascaded,2027,981.75,1307
D0,DC/OO,MSO,4.2,,DC,OO,,MSO,,82.27,478,581,86.39,5.00%,0.0023599810411564894,501.9,581,Cascaded,2027,501.90000000000003,581
D0,DC/OO,MSP,4.2,,DC,OO,,MSP,,70.74,19493,27555,74.28,5.00%,0.09624081681017457,20467.65,27555,Cascaded,2027,20467.65,27555
D0,DC/OO,MSY,4.2,,DC,OO,,MSY,,71.02,370,521,74.57,5.00%,0.0018267635674223872,388.5,521,Cascaded,2027,388.5,521
D0,DC/OO,OAJ,4.2,,DC,OO,,OAJ,,69.41,295,425,72.88,5.00%,0.0014564736551070385,309.75,425,Cascaded,2027,309.75,425
D0,DC/OO,OAK,4.2,,DC,OO,,OAK,,86.53,919,1062,90.86,5.00%,0.00453728572557074,964.95,1062,Cascaded,2027,964.95,1062
D0,DC/OO,OKC,4.2,,DC,OO,,OKC,,86.7,1108,1278,91.03,5.00%,0.005470416304605419,1163.4,1278,Cascaded,2027,1163.4,1278
D0,DC/OO,OMA,4.2,,DC,OO,,OMA,,75.68,2434,3216,79.47,5.00%,0.012017141954340785,2555.7,3216,Cascaded,2027,2555.7000000000003,3216
D0,DC/OO,ONT,4.2,,DC,OO,,ONT,,85.84,1206,1405,90.13,5.00%,0.005954261790030808,1266.3,1405,Cascaded,2027,1266.3000000000002,1405
D0,DC/OO,ORD,4.2,,DC,OO,,ORD,,47.63,432,907,50.01,5.00%,0.0021328698949364087,453.6,907,Cascaded,2027,453.6,907
D0,DC/OO,ORF,4.2,,DC,OO,,ORF,,56.34,80,142,59.15,5.00%,0.00039497590646970533,84.0,142,Cascaded,2027,84.0,142
D0,DC/OO,PDX,4.2,,DC,OO,,PDX,,79.71,1827,2292,83.7,5.00%,0.009020262264001896,1918.35,2292,Cascaded,2027,1918.3500000000001,2292
D0,DC/OO,PHL,4.2,,DC,OO,,PHL,,56.18,50,89,58.99,5.00%,0.00024685994154356587,52.5,89,Cascaded,2027,52.5,89
D0,DC/OO,PHX,4.2,,DC,OO,,PHX,,77.03,1217,1580,80.88,5.00%,0.006008570977170393,1277.85,1580,Cascaded,2027,1277.8500000000001,1580
D0,DC/OO,PIH,4.2,,DC,OO,,PIH,,92.14,387,420,96.75,5.00%,0.0019106959475471996,406.35,420,Cascaded,2027,406.35,420
D0,DC/OO,PIT,4.2,,DC,OO,,PIT,,62.06,628,1012,65.16,5.00%,0.0031005608657871868,659.4,1012,Cascaded,2027,659.4000000000001,1012
D0,DC/OO,PLN,4.2,,DC,OO,,PLN,,75.35,428,568,79.12,5.00%,0.0021131210996129237,449.4,568,Cascaded,2027,449.40000000000003,568
D0,DC/OO,PSC,4.2,,DC,OO,,PSC,,87.47,1794,2051,91.84,5.00%,0.008857334702583142,1883.7,2051,Cascaded,2027,1883.7,2051
D0,DC/OO,PSP,4.2,,DC,OO,,PSP,,86.46,939,1086,90.79,5.00%,0.004636029702188167,985.95,1086,Cascaded,2027,985.95,1086
D0,DC/OO,PVD,4.2,,DC,OO,,PVD,,65.73,397,604,69.01,5.00%,0.001960067935855913,416.85,604,Cascaded,2027,416.85,604
D0,DC/OO,PWM,4.2,,DC,OO,,PWM,,63.2,79,125,66.36,5.00%,0.000390038707638834,82.95,125,Cascaded,2027,82.95,125
D0,DC/OO,RAP,4.2,,DC,OO,,RAP,,77.41,281,363,81.28,5.00%,0.00138735287147484,295.05,363,Cascaded,2027,295.05,363
D0,DC/OO,RDM,4.2,,DC,OO,,RDM,,82.96,1461,1761,87.11,5.00%,0.007213247491902994,1534.05,1761,Cascaded,2027,1534.0500000000002,1761
D0,DC/OO,RDU,4.2,,DC,OO,,RDU,,50.0,1,2,52.5,5.00%,4.937198830871317e-06,1.05,2,Cascaded,2027,1.05,2
D0,DC/OO,RHI,4.2,,DC,OO,,RHI,,85.63,602,703,89.91,5.00%,0.002972193696184533,632.1,703,Cascaded,2027,632.1,703
D0,DC/OO,RIC,4.2,,DC,OO,,RIC,,58.12,272,468,61.03,5.00%,0.0013429180819969982,285.6,468,Cascaded,2027,285.6,468
D0,DC/OO,RNO,4.2,,DC,OO,,RNO,,82.99,1347,1623,87.14,5.00%,0.006650406825183664,1414.35,1623,Cascaded,2027,1414.3500000000001,1623
D0,DC/OO,ROA,4.2,,DC,OO,,ROA,,48.44,31,64,50.86,5.00%,0.00015305316375701083,32.55,64,Cascaded,2027,32.550000000000004,64
D0,DC/OO,ROC,4.2,,DC,OO,,ROC,,57.14,324,567,60.0,5.00%,0.0015996524212023066,340.2,567,Cascaded,2027,340.20000000000005,567
D0,DC/OO,RST,4.2,,DC,OO,,RST,,71.91,192,267,75.51,5.00%,0.0009479421755272928,201.6,267,Cascaded,2027,201.60000000000002,267
D0,DC/OO,SAN,4.2,,DC,OO,,SAN,,77.32,1544,1997,81.18,5.00%,0.007623034994865313,1621.2,1997,Cascaded,2027,1621.2,1997
D0,DC/OO,SAT,4.2,,DC,OO,,SAT,,100.0,1,1,105.0,5.00%,4.937198830871317e-06,1.05,1,Cascaded,2027,1.05,1
D0,DC/OO,SAV,4.2,,DC,OO,,SAV,,40.34,96,238,42.35,5.00%,0.0004739710877636464,100.8,238,Cascaded,2027,100.80000000000001,238
D0,DC/OO,SBA,4.2,,DC,OO,,SBA,,85.41,755,884,89.68,5.00%,0.0037275851173078443,792.75,884,Cascaded,2027,792.75,884
D0,DC/OO,SBN,4.2,,DC,OO,,SBN,,66.23,1363,2058,69.54,5.00%,0.006729402006477605,1431.15,2058,Cascaded,2027,1431.15,2058
D0,DC/OO,SDF,4.2,,DC,OO,,SDF,,71.07,1054,1483,74.63,5.00%,0.005203807567738368,1106.7,1483,Cascaded,2027,1106.7,1483
D0,DC/OO,SEA,4.2,,DC,OO,,SEA,,79.08,16263,20564,83.04,5.00%,0.08029366458646023,17076.15,20564,Cascaded,2027,17076.15,20564
D0,DC/OO,SFO,4.2,,DC,OO,,SFO,,65.22,555,851,68.48,5.00%,0.002740145351133581,582.75,851,Cascaded,2027,582.75,851
D0,DC/OO,SGF,4.2,,DC,OO,,SGF,,71.65,139,194,75.23,5.00%,0.0006862706374911131,145.95,194,Cascaded,2027,145.95000000000002,194
D0,DC/OO,SGU,4.2,,DC,OO,,SGU,,91.12,1549,1700,95.67,5.00%,0.00764772098901967,1626.45,1700,Cascaded,2027,1626.45,1700
D0,DC/OO,SHV,4.2,,DC,OO,,SHV,,70.71,1043,1475,74.25,5.00%,0.005149498380598783,1095.15,1475,Cascaded,2027,1095.15,1475
D0,DC/OO,SJC,4.2,,DC,OO,,SJC,,86.59,3744,4324,90.92,5.00%,0.01848487242278221,3931.2,4324,Cascaded,2027,3931.2000000000003,4324
D0,DC/OO,SJD,4.2,,DC,OO,,SJD,,60.36,67,111,63.38,5.00%,0.00033079232166837824,70.35,111,Cascaded,2027,70.35000000000001,111
D0,DC/OO,SLC,4.2,,DC,OO,,SLC,,83.4,26004,31181,87.57,5.00%,0.12838691839797772,27304.2,31181,Cascaded,2027,27304.2,31181
D0,DC/OO,SMF,4.2,,DC,OO,,SMF,,83.93,3425,4081,88.12,5.00%,0.016909905995734262,3596.25,4081,Cascaded,2027,3596.25,4081
D0,DC/OO,SNA,4.2,,DC,OO,,SNA,,76.03,945,1243,79.83,5.00%,0.004665652895173395,992.25,1243,Cascaded,2027,992.25,1243
D0,DC/OO,STL,4.2,,DC,OO,,STL,,64.27,349,543,67.49,5.00%,0.0017230823919740896,366.45,543,Cascaded,2027,366.45000000000005,543
D0,DC/OO,SUN,4.2,,DC,OO,,SUN,,91.42,1023,1119,95.99,5.00%,0.005050754403981357,1074.15,1119,Cascaded,2027,1074.15,1119
D0,DC/OO,SYR,4.2,,DC,OO,,SYR,,72.16,140,194,75.77,5.00%,0.0006912078363219843,147.0,194,Cascaded,2027,147.0,194
D0,DC/OO,TLH,4.2,,DC,OO,,TLH,,0.0,0,3,0.0,0.00%,0.0,0.0,3,Cascaded,2027,0.0,3
D0,DC/OO,TRI,4.2,,DC,OO,,TRI,,61.85,107,173,64.94,5.00%,0.0005282802749032309,112.35,173,Cascaded,2027,112.35000000000001,173
D0,DC/OO,TUL,4.2,,DC,OO,,TUL,,86.52,398,460,90.85,5.00%,0.001965005134686784,417.9,460,Cascaded,2027,417.90000000000003,460
D0,DC/OO,TUS,4.2,,DC,OO,,TUS,,85.49,1973,2308,89.76,5.00%,0.009741093293309109,2071.65,2308,Cascaded,2027,2071.65,2308
D0,DC/OO,TVC,4.2,,DC,OO,,TVC,,62.45,499,799,65.58,5.00%,0.002463662216604787,523.95,799,Cascaded,2027,523.95,799
D0,DC/OO,TWF,4.2,,DC,OO,,TWF,,94.47,735,778,99.2,5.00%,0.003628841140690418,771.75,778,Cascaded,2027,771.75,778
D0,DC/OO,WYS,4.2,,DC,OO,,WYS,,86.9,126,145,91.24,5.00%,0.0006220870526897859,132.3,145,Cascaded,2027,132.3,145
D0,DC/OO,XNA,4.2,,DC,OO,,XNA,,72.06,761,1056,75.67,5.00%,0.003757208310293072,799.05,1056,Cascaded,2027,799.0500000000001,1056
D0,DC/OO,XWA,4.2,,DC,OO,,XWA,,69.88,675,966,73.37,5.00%,0.003332609210838139,708.75,966,Cascaded,2027,708.75,966
D0,DC/OO,YUL,4.2,,DC,OO,,YUL,,88.16,216,245,92.57,5.00%,0.0010664349474682044,226.8,245,Cascaded,2027,226.8,245
D0,DC/OO,YVR,4.2,,DC,OO,,YVR,,85.31,2300,2696,89.58,5.00%,0.011355557311004029,2415.0,2696,Cascaded,2027,2415.0,2696
D0,DC/OO,YWG,4.2,,DC,OO,,YWG,,84.15,1019,1211,88.35,5.00%,0.005031005608657872,1069.95,1211,Cascaded,2027,1069.95,1211
D0,DC/OO,YYC,4.2,,DC,OO,,YYC,,84.7,609,719,88.94,5.00%,0.003006754088000632,639.45,719,Cascaded,2027,639.45,719
D0,DC/OO,YYZ,4.2,,DC,OO,,YYZ,,77.34,553,715,81.21,5.00%,0.0027302709534718383,580.65,715,Cascaded,2027,580.6500000000001,715
D0,DC/YX,ACK,4.2,,DC,YX,,ACK,,71.2,220,309,74.76,5.00%,0.003117737089734142,231.0,309,Cascaded,2027,231.0,309
D0,DC/YX,AGS,4.2,,DC,YX,,AGS,,41.18,7,17,43.24,5.00%,9.920072558244997e-05,7.35,17,Cascaded,2027,7.35,17
D0,DC/YX,ATL,4.2,,DC,YX,,ATL,,73.33,143,195,77.0,5.00%,0.0020265291083271923,150.15,195,Cascaded,2027,150.15,195
D0,DC/YX,AVL,4.2,,DC,YX,,AVL,,63.64,35,55,66.82,5.00%,0.0004960036279122498,36.75,55,Cascaded,2027,36.75,55
D0,DC/YX,BNA,4.2,,DC,YX,,BNA,,75.46,1439,1907,79.23,5.00%,0.020392834873306502,1510.95,1907,Cascaded,2027,1510.95,1907
D0,DC/YX,BOS,4.2,,DC,YX,,BOS,,69.52,16104,23166,72.99,5.00%,0.2282183549685392,16909.2,23166,Cascaded,2027,16909.2,23166
D0,DC/YX,BUF,4.2,,DC,YX,,BUF,,72.19,623,863,75.8,5.00%,0.008828864576838048,654.15,863,Cascaded,2027,654.15,863
D0,DC/YX,BWI,4.2,,DC,YX,,BWI,,74.32,787,1059,78.03,5.00%,0.01115299586191259,826.35,1059,Cascaded,2027,826.3499999999999,1059
D0,DC/YX,CHS,4.2,,DC,YX,,CHS,,68.17,347,509,71.58,5.00%,0.004917521682444306,364.35,509,Cascaded,2027,364.34999999999997,509
D0,DC/YX,CLE,4.2,,DC,YX,,CLE,,75.36,997,1323,79.13,5.00%,0.014129017629386089,1046.85,1323,Cascaded,2027,1046.85,1323
D0,DC/YX,CLT,4.2,,DC,YX,,CLT,,73.27,1680,2293,76.93,5.00%,0.023808174139787995,1764.0,2293,Cascaded,2027,1764.0,2293
D0,DC/YX,CMH,4.2,,DC,YX,,CMH,,75.93,3104,4088,79.73,5.00%,0.04398843602970353,3259.2,4088,Cascaded,2027,3259.2,4088
D0,DC/YX,CVG,4.2,,DC,YX,,CVG,,68.12,889,1305,71.53,5.00%,0.012598492148971147,933.45,1305,Cascaded,2027,933.4499999999999,1305
D0,DC/YX,DCA,4.2,,DC,YX,,DCA,,69.12,5393,7802,72.58,5.00%,0.07642707329516467,5662.65,7802,Cascaded,2027,5662.65,7802
D0,DC/YX,DTW,4.2,,DC,YX,,DTW,,72.72,1727,2375,76.35,5.00%,0.024474236154413014,1813.35,2375,Cascaded,2027,1813.35,2375
D0,DC/YX,ECP,4.2,,DC,YX,,ECP,,66.67,4,6,70.0,5.00%,5.668612890425713e-05,4.2,6,Cascaded,2027,4.2,6
D0,DC/YX,EWR,4.2,,DC,YX,,EWR,,63.2,589,932,66.36,5.00%,0.008347032481151862,618.45,932,Cascaded,2027,618.4499999999999,932
D0,DC/YX,EYW,4.2,,DC,YX,,EYW,,64.18,86,134,67.39,5.00%,0.0012187517714415282,90.3,134,Cascaded,2027,90.3,134
D0,DC/YX,GRR,4.2,,DC,YX,,GRR,,75.62,639,845,79.4,5.00%,0.009055609092455076,670.95,845,Cascaded,2027,670.9499999999999,845
D0,DC/YX,GSO,4.2,,DC,YX,,GSO,,72.93,450,617,76.58,5.00%,0.006377189501728927,472.5,617,Cascaded,2027,472.5,617
D0,DC/YX,HHH,4.2,,DC,YX,,HHH,,70.65,272,385,74.18,5.00%,0.003854656765489485,285.6,385,Cascaded,2027,285.59999999999997,385
D0,DC/YX,IAD,4.2,,DC,YX,,IAD,,68.29,56,82,71.71,5.00%,0.0007936058046595998,58.8,82,Cascaded,2027,58.8,82
D0,DC/YX,ILM,4.2,,DC,YX,,ILM,,66.67,38,57,70.0,5.00%,0.0005385182245904427,39.9,57,Cascaded,2027,39.9,57
D0,DC/YX,IND,4.2,,DC,YX,,IND,,76.04,1704,2241,79.84,5.00%,0.024148290913213535,1789.2,2241,Cascaded,2027,1789.1999999999998,2241
D0,DC/YX,JAX,4.2,,DC,YX,,JAX,,69.53,865,1244,73.01,5.00%,0.012258375375545603,908.25,1244,Cascaded,2027,908.25,1244
D0,DC/YX,JFK,4.2,,DC,YX,,JFK,,70.44,3639,5166,73.96,5.00%,0.05157020577064792,3820.95,5166,Cascaded,2027,3820.95,5166
D0,DC/YX,LEX,4.2,,DC,YX,,LEX,,81.63,502,615,85.71,5.00%,0.00711410917748427,527.1,615,Cascaded,2027,527.1,615
D0,DC/YX,LGA,4.2,,DC,YX,,LGA,,70.06,15039,21466,73.56,5.00%,0.21312567314778075,15790.95,21466,Cascaded,2027,15790.949999999999,21466
D0,DC/YX,MCI,4.2,,DC,YX,,MCI,,73.53,325,442,77.21,5.00%,0.004605747973470892,341.25,442,Cascaded,2027,341.25,442
D0,DC/YX,MCO,4.2,,DC,YX,,MCO,,72.38,490,677,76.0,5.00%,0.006944050790771498,514.5,677,Cascaded,2027,514.5,677
D0,DC/YX,MEM,4.2,,DC,YX,,MEM,,77.13,543,704,80.99,5.00%,0.007695141998752905,570.15,704,Cascaded,2027,570.15,704
D0,DC/YX,MIA,4.2,,DC,YX,,MIA,,68.54,220,321,71.96,5.00%,0.003117737089734142,231.0,321,Cascaded,2027,231.0,321
D0,DC/YX,MKE,4.2,,DC,YX,,MKE,,72.27,925,1280,75.88,5.00%,0.013108667309109461,971.25,1280,Cascaded,2027,971.25,1280
D0,DC/YX,MSN,4.2,,DC,YX,,MSN,,77.17,659,854,81.02,5.00%,0.009339039736976362,691.95,854,Cascaded,2027,691.9499999999999,854
D0,DC/YX,MVY,4.2,,DC,YX,,MVY,,72.84,228,313,76.49,5.00%,0.0032311093475426564,239.4,313,Cascaded,2027,239.39999999999998,313
D0,DC/YX,MYR,4.2,,DC,YX,,MYR,,83.1,59,71,87.25,5.00%,0.0008361204013377926,61.95,71,Cascaded,2027,61.949999999999996,71
D0,DC/YX,OMA,4.2,,DC,YX,,OMA,,82.24,250,304,86.35,5.00%,0.0035428830565160706,262.5,304,Cascaded,2027,262.5,304
D0,DC/YX,ORD,4.2,,DC,YX,,ORD,,66.18,687,1038,69.49,5.00%,0.009735842639306162,721.35,1038,Cascaded,2027,721.35,1038
D0,DC/YX,ORF,4.2,,DC,YX,,ORF,,74.47,563,756,78.19,5.00%,0.00797857264327419,591.15,756,Cascaded,2027,591.15,756
D0,DC/YX,PHL,4.2,,DC,YX,,PHL,,72.04,827,1148,75.64,5.00%,0.011719857150955162,868.35,1148,Cascaded,2027,868.3499999999999,1148
D0,DC/YX,PIT,4.2,,DC,YX,,PIT,,77.41,2570,3320,81.28,5.00%,0.03642083782098521,2698.5,3320,Cascaded,2027,2698.5,3320
D0,DC/YX,PNS,4.2,,DC,YX,,PNS,,83.33,5,6,87.5,5.00%,7.08576611303214e-05,5.25,6,Cascaded,2027,5.25,6
D0,DC/YX,PWM,4.2,,DC,YX,,PWM,,70.38,556,790,73.9,5.00%,0.007879371917691742,583.8,790,Cascaded,2027,583.8,790
D0,DC/YX,RDU,4.2,,DC,YX,,RDU,,67.43,443,657,70.8,5.00%,0.006277988776146477,465.15,657,Cascaded,2027,465.15,657
D0,DC/YX,RIC,4.2,,DC,YX,,RIC,,74.54,1347,1807,78.27,5.00%,0.01908905390850859,1414.35,1807,Cascaded,2027,1414.35,1807
D0,DC/YX,SAV,4.2,,DC,YX,,SAV,,65.86,706,1072,69.15,5.00%,0.010005101751601382,741.3,1072,Cascaded,2027,741.3,1072
D0,DC/YX,SBN,4.2,,DC,YX,,SBN,,90.0,9,10,94.5,5.00%,0.00012754379003457854,9.45,10,Cascaded,2027,9.45,10
D0,DC/YX,SDF,4.2,,DC,YX,,SDF,,77.13,1275,1653,80.99,5.00%,0.018068703588231958,1338.75,1653,Cascaded,2027,1338.75,1653
D0,DC/YX,SRQ,4.2,,DC,YX,,SRQ,,46.15,72,156,48.46,5.00%,0.0010203503202766283,75.6,156,Cascaded,2027,75.6,156
D0,DC/YX,STL,4.2,,DC,YX,,STL,,73.4,218,297,77.07,5.00%,0.0030893940252820135,228.9,297,Cascaded,2027,228.89999999999998,297
D0,DC/YX,SYR,4.2,,DC,YX,,SYR,,69.69,177,254,73.17,5.00%,0.002508361204013378,185.85,254,Cascaded,2027,185.85,254
D0,DC/YX,TVC,4.2,,DC,YX,,TVC,,76.19,32,42,80.0,5.00%,0.000453489031234057,33.6,42,Cascaded,2027,33.6,42
D0,DL/DL,ABQ,4.2,,DL,DL,,ABQ,,79.02,900,1139,82.97,5.00%,0.0011688615288708798,945.0,1139,Cascaded,2027,945.0,1139
D0,DL/DL,ACC,4.2,,DL,DL,,ACC,,52.22,212,406,54.83,5.00%,0.00027533182680069613,222.6,406,Cascaded,2027,222.6,406
D0,DL/DL,AGS,4.2,,DL,DL,,AGS,,66.1,392,593,69.41,5.00%,0.0005091041325748721,411.6,593,Cascaded,2027,411.6,593
D0,DL/DL,AKL,4.2,,DL,DL,,AKL,,80.43,148,184,84.46,5.00%,0.00019221278474765578,155.4,184,Cascaded,2027,155.4,184
D0,DL/DL,ALB,4.2,,DL,DL,,ALB,,66.29,877,1323,69.6,5.00%,0.0011389906231330685,920.85,1323,Cascaded,2027,920.85,1323
D0,DL/DL,AMS,4.2,,DL,DL,,AMS,,34.37,1839,5351,36.09,5.00%,0.002388373723992831,1930.95,5351,Cascaded,2027,1930.95,5351
D0,DL/DL,ANC,4.2,,DL,DL,,ANC,,69.26,1872,2703,72.72,5.00%,0.00243123198005143,1965.6,2703,Cascaded,2027,1965.6,2703
D0,DL/DL,ANU,4.2,,DL,DL,,ANU,,43.9,36,82,46.1,5.00%,4.675446115483519e-05,37.8,82,Cascaded,2027,37.8,82
D0,DL/DL,ARN,4.2,,DL,DL,,ARN,,63.08,123,195,66.23,5.00%,0.0001597444089456869,129.15,195,Cascaded,2027,129.15,195
D0,DL/DL,ATH,4.2,,DL,DL,,ATH,,69.41,692,997,72.88,5.00%,0.0008987246421984986,726.6,997,Cascaded,2027,726.6,997
D0,DL/DL,ATL,4.2,,DL,DL,,ATL,,63.91,170284,266429,67.11,5.00%,0.22115379620249875,178798.2,266429,Cascaded,2027,178798.2,266429
D0,DL/DL,ATW,4.2,,DL,DL,,ATW,,75.47,320,424,79.25,5.00%,0.0004155952102652017,336.0,424,Cascaded,2027,336.0,424
D0,DL/DL,AUA,4.2,,DL,DL,,AUA,,72.27,769,1064,75.89,5.00%,0.0009987272396685628,807.45,1064,Cascaded,2027,807.45,1064
D0,DL/DL,AUS,4.2,,DL,DL,,AUS,,68.79,8850,12866,72.23,5.00%,0.011493805033896983,9292.5,12866,Cascaded,2027,9292.5,12866
D0,DL/DL,AVL,4.2,,DL,DL,,AVL,,65.35,1320,2020,68.61,5.00%,0.001714330242343957,1386.0,2020,Cascaded,2027,1386.0,2020
D0,DL/DL,BCN,4.2,,DL,DL,,BCN,,58.06,526,906,60.96,5.00%,0.0006831346268734253,552.3,906,Cascaded,2027,552.3,906
D0,DL/DL,BDA,4.2,,DL,DL,,BDA,,76.82,275,358,80.66,5.00%,0.0003571521338216577,288.75,358,Cascaded,2027,288.75,358
D0,DL/DL,BDL,4.2,,DL,DL,,BDL,,67.16,2806,4178,70.52,5.00%,0.0036442505000129875,2946.3,4178,Cascaded,2027,2946.3,4178
D0,DL/DL,BER,4.2,,DL,DL,,BER,,54.73,110,201,57.46,5.00%,0.00014286085352866308,115.5,201,Cascaded,2027,115.5,201
D0,DL/DL,BGI,4.2,,DL,DL,,BGI,,71.04,211,297,74.6,5.00%,0.00027403309176861736,221.55,297,Cascaded,2027,221.55,297
D0,DL/DL,BGR,4.2,,DL,DL,,BGR,,44.83,13,29,47.07,5.00%,1.688355541702382e-05,13.65,29,Cascaded,2027,13.65,29
D0,DL/DL,BHM,4.2,,DL,DL,,BHM,,76.56,2482,3242,80.39,5.00%,0.0032234603496194706,2606.1,3242,Cascaded,2027,2606.1,3242
D0,DL/DL,BIL,4.2,,DL,DL,,BIL,,92.14,668,725,96.74,5.00%,0.0008675550014286085,701.4,725,Cascaded,2027,701.4,725
D0,DL/DL,BIS,4.2,,DL,DL,,BIS,,69.63,282,405,73.11,5.00%,0.000366243279046209,296.1,405,Cascaded,2027,296.1,405
D0,DL/DL,BNA,4.2,,DL,DL,,BNA,,72.94,6633,9094,76.59,5.00%,0.008614509467778383,6964.65,9094,Cascaded,2027,6964.65,9094
D0,DL/DL,BNE,4.2,,DL,DL,,BNE,,45.16,28,62,47.42,5.00%,3.636458089820515e-05,29.4,62,Cascaded,2027,29.4,62
D0,DL/DL,BOG,4.2,,DL,DL,,BOG,,63.62,439,690,66.8,5.00%,0.0005701446790825736,460.95,690,Cascaded,2027,460.95,690
D0,DL/DL,BOI,4.2,,DL,DL,,BOI,,71.7,1817,2534,75.29,5.00%,0.0023598015532870983,1907.85,2534,Cascaded,2027,1907.85,2534
D0,DL/DL,BON,4.2,,DL,DL,,BON,,52.78,38,72,55.42,5.00%,4.93519312189927e-05,39.9,72,Cascaded,2027,39.9,72
D0,DL/DL,BOS,4.2,,DL,DL,,BOS,,63.65,18574,29183,66.83,5.00%,0.0241227044858308,19502.7,29183,Cascaded,2027,19502.7,29183
D0,DL/DL,BRU,4.2,,DL,DL,,BRU,,50.85,119,234,53.4,5.00%,0.0001545494688173719,124.95,234,Cascaded,2027,124.95,234
D0,DL/DL,BTR,4.2,,DL,DL,,BTR,,69.83,662,948,73.32,5.00%,0.000859762591236136,695.1,948,Cascaded,2027,695.1,948
D0,DL/DL,BTV,4.2,,DL,DL,,BTV,,70.29,265,377,73.81,5.00%,0.00034416478350087013,278.25,377,Cascaded,2027,278.25,377
D0,DL/DL,BUF,4.2,,DL,DL,,BUF,,60.49,1055,1744,63.52,5.00%,0.0013701654588430868,1107.75,1744,Cascaded,2027,1107.75,1744
D0,DL/DL,BUR,4.2,,DL,DL,,BUR,,68.24,505,740,71.66,5.00%,0.0006558611911997714,530.25,740,Cascaded,2027,530.25,740
D0,DL/DL,BWI,4.2,,DL,DL,,BWI,,66.72,3474,5207,70.05,5.00%,0.0045118055014415955,3647.7,5207,Cascaded,2027,3647.7,5207
D0,DL/DL,BZE,4.2,,DL,DL,,BZE,,78.91,318,403,82.85,5.00%,0.0004129977402010442,333.9,403,Cascaded,2027,333.9,403
D0,DL/DL,BZN,4.2,,DL,DL,,BZN,,76.65,1513,1974,80.48,5.00%,0.0019649861035351567,1588.65,1974,Cascaded,2027,1588.65,1974
D0,DL/DL,CAE,4.2,,DL,DL,,CAE,,67.95,1266,1863,71.35,5.00%,0.0016441985506117042,1329.3,1863,Cascaded,2027,1329.3,1863
D0,DL/DL,CDG,4.2,,DL,DL,,CDG,,37.91,1516,3999,39.8,5.00%,0.001968882308631393,1591.8,3999,Cascaded,2027,1591.8,3999
D0,DL/DL,CHA,4.2,,DL,DL,,CHA,,65.69,850,1294,68.97,5.00%,0.001103924777266942,892.5,1294,Cascaded,2027,892.5,1294
D0,DL/DL,CHO,4.2,,DL,DL,,CHO,,72.38,131,181,75.99,5.00%,0.00017013428920231694,137.55,181,Cascaded,2027,137.55,181
D0,DL/DL,CHS,4.2,,DL,DL,,CHS,,74.97,3370,4495,78.72,5.00%,0.004376737058105405,3538.5,4495,Cascaded,2027,3538.5,4495
D0,DL/DL,CID,4.2,,DL,DL,,CID,,78.09,278,356,81.99,5.00%,0.00036104833891789396,291.9,356,Cascaded,2027,291.9,356
D0,DL/DL,CLE,4.2,,DL,DL,,CLE,,70.18,2497,3558,73.69,5.00%,0.003242941375100652,2621.85,3558,Cascaded,2027,2621.85,3558
D0,DL/DL,CLT,4.2,,DL,DL,,CLT,,71.88,3918,5451,75.47,5.00%,0.005088443855684563,4113.9,5451,Cascaded,2027,4113.9,5451
D0,DL/DL,CMH,4.2,,DL,DL,,CMH,,77.03,2820,3661,80.88,5.00%,0.00366243279046209,2961.0,3661,Cascaded,2027,2961.0,3661
D0,DL/DL,COS,4.2,,DL,DL,,COS,,75.49,496,657,79.27,5.00%,0.0006441725759110626,520.8,657,Cascaded,2027,520.8,657
D0,DL/DL,CPH,4.2,,DL,DL,,CPH,,70.11,190,271,73.62,5.00%,0.0002467596560949635,199.5,271,Cascaded,2027,199.5,271
D0,DL/DL,CPT,4.2,,DL,DL,,CPT,,55.61,109,196,58.39,5.00%,0.00014156211849658431,114.45,196,Cascaded,2027,114.45,196
D0,DL/DL,CTA,4.2,,DL,DL,,CTA,,64.77,125,193,68.01,5.00%,0.00016234187900984441,131.25,193,Cascaded,2027,131.25,193
D0,DL/DL,CTG,4.2,,DL,DL,,CTG,,78.89,157,199,82.84,5.00%,0.0002039014000363646,164.85,199,Cascaded,2027,164.85,199
D0,DL/DL,CUN,4.2,,DL,DL,,CUN,,60.24,3501,5812,63.25,5.00%,0.004546871347307723,3676.05,5812,Cascaded,2027,3676.05,5812
D0,DL/DL,CUR,4.2,,DL,DL,,CUR,,68.84,137,199,72.29,5.00%,0.00017792669939478947,143.85,199,Cascaded,2027,143.85,199
D0,DL/DL,CVG,4.2,,DL,DL,,CVG,,67.99,5275,7758,71.39,5.00%,0.0068508272942154344,5538.75,7758,Cascaded,2027,5538.75,7758
D0,DL/DL,CZM,4.2,,DL,DL,,CZM,,80.13,125,156,84.13,5.00%,0.00016234187900984441,131.25,156,Cascaded,2027,131.25,156
D0,DL/DL,DAB,4.2,,DL,DL,,DAB,,73.89,1084,1467,77.59,5.00%,0.0014078287747733708,1138.2,1467,Cascaded,2027,1138.2,1467
D0,DL/DL,DAL,4.2,,DL,DL,,DAL,,64.05,1160,1811,67.26,5.00%,0.001506532637211356,1218.0,1811,Cascaded,2027,1218.0,1811
D0,DL/DL,DAY,4.2,,DL,DL,,DAY,,76.53,1050,1372,80.36,5.00%,0.001363671783682693,1102.5,1372,Cascaded,2027,1102.5,1372
D0,DL/DL,DCA,4.2,,DL,DL,,DCA,,61.66,5668,9192,64.75,5.00%,0.007361230161822385,5951.4,9192,Cascaded,2027,5951.4,9192
D0,DL/DL,DEN,4.2,,DL,DL,,DEN,,65.25,7446,11411,68.52,5.00%,0.009670381048858413,7818.3,11411,Cascaded,2027,7818.3,11411
D0,DL/DL,DFW,4.2,,DL,DL,,DFW,,65.59,7539,11494,68.87,5.00%,0.009791163406841736,7915.95,11494,Cascaded,2027,7915.95,11494
D0,DL/DL,DJT,4.2,,DL,DL,,DJT,,58.11,4093,7043,61.02,5.00%,0.0053157224862983455,4297.65,7043,Cascaded,2027,4297.65,7043
D0,DL/DL,DLH,4.2,,DL,DL,,DLH,,66.67,4,6,70.0,5.00%,5.194940128315021e-06,4.2,6,Cascaded,2027,4.2,6
D0,DL/DL,DSM,4.2,,DL,DL,,DSM,,76.17,930,1221,79.98,5.00%,0.0012078235798332424,976.5,1221,Cascaded,2027,976.5,1221
D0,DL/DL,DSS,4.2,,DL,DL,,DSS,,56.04,102,182,58.85,5.00%,0.00013247097327203305,107.1,182,Cascaded,2027,107.1,182
D0,DL/DL,DTW,4.2,,DL,DL,,DTW,,64.48,41847,64897,67.71,5.00%,0.05434816488739967,43939.35,64897,Cascaded,2027,43939.35,64897
D0,DL/DL,DUB,4.2,,DL,DL,,DUB,,74.76,945,1264,78.5,5.00%,0.0012273046053144238,992.25,1264,Cascaded,2027,992.25,1264
D0,DL/DL,ECP,4.2,,DL,DL,,ECP,,70.39,1664,2364,73.91,5.00%,0.002161095093379049,1747.2,2364,Cascaded,2027,1747.2,2364
D0,DL/DL,EDI,4.2,,DL,DL,,EDI,,62.29,413,663,65.41,5.00%,0.0005363775682485259,433.65,663,Cascaded,2027,433.65,663
D0,DL/DL,EGE,4.2,,DL,DL,,EGE,,63.82,127,199,67.01,5.00%,0.00016493934907400192,133.35,199,Cascaded,2027,133.35,199
D0,DL/DL,ELP,4.2,,DL,DL,,ELP,,73.62,522,709,77.31,5.00%,0.0006779396867451102,548.1,709,Cascaded,2027,548.1,709
D0,DL/DL,EWR,4.2,,DL,DL,,EWR,,60.94,3905,6408,63.99,5.00%,0.005071560300267539,4100.25,6408,Cascaded,2027,4100.25,6408
D0,DL/DL,EYW,4.2,,DL,DL,,EYW,,71.68,1035,1444,75.26,5.00%,0.0013441907582015117,1086.75,1444,Cascaded,2027,1086.75,1444
D0,DL/DL,EZE,4.2,,DL,DL,,EZE,,57.49,334,581,60.36,5.00%,0.00043377750071430427,350.7,581,Cascaded,2027,350.7,581
D0,DL/DL,FAI,4.2,,DL,DL,,FAI,,61.22,401,655,64.28,5.00%,0.0005207927478635809,421.05,655,Cascaded,2027,421.05,655
D0,DL/DL,FAR,4.2,,DL,DL,,FAR,,75.43,525,696,79.2,5.00%,0.0006818358918413465,551.25,696,Cascaded,2027,551.25,696
D0,DL/DL,FAT,4.2,,DL,DL,,FAT,,67.78,61,90,71.17,5.00%,7.922283695680407e-05,64.05,90,Cascaded,2027,64.05,90
D0,DL/DL,FAY,4.2,,DL,DL,,FAY,,36.07,22,61,37.87,5.00%,2.8572170705732617e-05,23.1,61,Cascaded,2027,23.1,61
D0,DL/DL,FCA,4.2,,DL,DL,,FCA,,73.77,613,831,77.45,5.00%,0.000796124574664277,643.65,831,Cascaded,2027,643.65,831
D0,DL/DL,FCO,4.2,,DL,DL,,FCO,,69.63,1408,2022,73.12,5.00%,0.0018286189251668875,1478.4,2022,Cascaded,2027,1478.4,2022
D0,DL/DL,FLL,4.2,,DL,DL,,FLL,,55.31,6948,12561,58.08,5.00%,0.009023611002883191,7295.4,12561,Cascaded,2027,7295.4,12561
D0,DL/DL,FRA,4.2,,DL,DL,,FRA,,66.92,615,919,70.27,5.00%,0.0007987220447284345,645.75,919,Cascaded,2027,645.75,919
D0,DL/DL,FSD,4.2,,DL,DL,,FSD,,81.28,586,721,85.34,5.00%,0.0007610587287981506,615.3,721,Cascaded,2027,615.3,721
D0,DL/DL,GCM,4.2,,DL,DL,,GCM,,83.41,367,440,87.58,5.00%,0.0004766357567729032,385.35,440,Cascaded,2027,385.35,440
D0,DL/DL,GDL,4.2,,DL,DL,,GDL,,88.1,333,378,92.5,5.00%,0.0004324787656822255,349.65,378,Cascaded,2027,349.65,378
D0,DL/DL,GEG,4.2,,DL,DL,,GEG,,75.31,1937,2572,79.08,5.00%,0.002515649757136549,2033.85,2572,Cascaded,2027,2033.85,2572
D0,DL/DL,GIG,4.2,,DL,DL,,GIG,,70.15,235,335,73.66,5.00%,0.00030520273253850747,246.75,335,Cascaded,2027,246.75,335
D0,DL/DL,GND,4.2,,DL,DL,,GND,,68.32,69,101,71.73,5.00%,8.961271721343412e-05,72.45,101,Cascaded,2027,72.45,101
D0,DL/DL,GNV,4.2,,DL,DL,,GNV,,73.62,1144,1554,77.3,5.00%,0.001485752876698096,1201.2,1554,Cascaded,2027,1201.2,1554
D0,DL/DL,GPT,4.2,,DL,DL,,GPT,,76.57,987,1289,80.4,5.00%,0.0012818514766617314,1036.35,1289,Cascaded,2027,1036.35,1289
D0,DL/DL,GRB,4.2,,DL,DL,,GRB,,80.33,433,539,84.35,5.00%,0.0005623522688901011,454.65,539,Cascaded,2027,454.65,539
D0,DL/DL,GRR,4.2,,DL,DL,,GRR,,75.17,1456,1937,78.93,5.00%,0.0018909582067066677,1528.8,1937,Cascaded,2027,1528.8,1937
D0,DL/DL,GRU,4.2,,DL,DL,,GRU,,73.8,738,1000,77.49,5.00%,0.0009584664536741214,774.9,1000,Cascaded,2027,774.9,1000
D0,DL/DL,GSO,4.2,,DL,DL,,GSO,,77.75,2083,2679,81.64,5.00%,0.0027052650718200474,2187.15,2679,Cascaded,2027,2187.15,2679
D0,DL/DL,GSP,4.2,,DL,DL,,GSP,,76.79,2399,3124,80.63,5.00%,0.003115665341956934,2518.95,3124,Cascaded,2027,2518.95,3124
D0,DL/DL,GUA,4.2,,DL,DL,,GUA,,66.83,270,404,70.17,5.00%,0.0003506584586612639,283.5,404,Cascaded,2027,283.5,404
D0,DL/DL,GVA,4.2,,DL,DL,,GVA,,53.91,69,128,56.6,5.00%,8.961271721343412e-05,72.45,128,Cascaded,2027,72.45,128
D0,DL/DL,HAV,4.2,,DL,DL,,HAV,,77.02,409,531,80.88,5.00%,0.000531182628120211,429.45,531,Cascaded,2027,429.45,531
D0,DL/DL,HDN,4.2,,DL,DL,,HDN,,53.38,71,133,56.05,5.00%,9.221018727759163e-05,74.55,133,Cascaded,2027,74.55,133
D0,DL/DL,HND,4.2,,DL,DL,,HND,,60.12,1295,2154,63.13,5.00%,0.0016818618665419881,1359.75,2154,Cascaded,2027,1359.75,2154
D0,DL/DL,HNL,4.2,,DL,DL,,HNL,,74.05,2977,4020,77.76,5.00%,0.0038663341904984546,3125.85,4020,Cascaded,2027,3125.85,4020
D0,DL/DL,HOU,4.2,,DL,DL,,HOU,,70.11,983,1402,73.62,5.00%,0.0012766565365334164,1032.15,1402,Cascaded,2027,1032.15,1402
D0,DL/DL,HPN,4.2,,DL,DL,,HPN,,52.29,366,700,54.9,5.00%,0.0004753370217408244,384.3,700,Cascaded,2027,384.3,700
D0,DL/DL,HRL,4.2,,DL,DL,,HRL,,75.74,128,169,79.53,5.00%,0.00016623808410608066,134.4,169,Cascaded,2027,134.4,169
D0,DL/DL,HSV,4.2,,DL,DL,,HSV,,75.69,1663,2197,79.48,5.00%,0.00215979635834697,1746.15,2197,Cascaded,2027,1746.15,2197
D0,DL/DL,IAD,4.2,,DL,DL,,IAD,,65.38,1911,2923,68.65,5.00%,0.0024818826463025015,2006.55,2923,Cascaded,2027,2006.55,2923
D0,DL/DL,IAH,4.2,,DL,DL,,IAH,,62.99,5139,8158,66.14,5.00%,0.006674199329852724,5395.95,8158,Cascaded,2027,5395.95,8158
D0,DL/DL,ICN,4.2,,DL,DL,,ICN,,62.37,1281,2054,65.48,5.00%,0.0016636795760928856,1345.05,2054,Cascaded,2027,1345.05,2054
D0,DL/DL,ICT,4.2,,DL,DL,,ICT,,68.14,770,1130,71.55,5.00%,0.0010000259747006415,808.5,1130,Cascaded,2027,808.5,1130
D0,DL/DL,IDA,4.2,,DL,DL,,IDA,,75.08,235,313,78.83,5.00%,0.00030520273253850747,246.75,313,Cascaded,2027,246.75,313
D0,DL/DL,ILM,4.2,,DL,DL,,ILM,,64.89,741,1142,68.13,5.00%,0.0009623626587703576,778.05,1142,Cascaded,2027,778.05,1142
D0,DL/DL,IND,4.2,,DL,DL,,IND,,77.52,3441,4439,81.39,5.00%,0.004468947245382997,3613.05,4439,Cascaded,2027,3613.05,4439
D0,DL/DL,JAC,4.2,,DL,DL,,JAC,,65.98,607,920,69.28,5.00%,0.0007883321644718044,637.35,920,Cascaded,2027,637.35,920
D0,DL/DL,JAN,4.2,,DL,DL,,JAN,,77.3,1519,1965,81.17,5.00%,0.001972778513727629,1594.95,1965,Cascaded,2027,1594.95,1965
D0,DL/DL,JAX,4.2,,DL,DL,,JAX,,66.22,3379,5103,69.53,5.00%,0.004388425673394114,3547.95,5103,Cascaded,2027,3547.95,5103
D0,DL/DL,JFK,4.2,,DL,DL,,JFK,,65.35,29448,45064,68.61,5.00%,0.03824514922465518,30920.4,45064,Cascaded,2027,30920.4,45064
D0,DL/DL,JNB,4.2,,DL,DL,,JNB,,60.32,190,315,63.33,5.00%,0.0002467596560949635,199.5,315,Cascaded,2027,199.5,315
D0,DL/DL,JNU,4.2,,DL,DL,,JNU,,89.21,124,139,93.67,5.00%,0.00016104314397776565,130.2,139,Cascaded,2027,130.2,139
D0,DL/DL,KEF,4.2,,DL,DL,,KEF,,63.55,272,428,66.73,5.00%,0.00035325592872542146,285.6,428,Cascaded,2027,285.6,428
D0,DL/DL,KIN,4.2,,DL,DL,,KIN,,75.42,270,358,79.19,5.00%,0.0003506584586612639,283.5,358,Cascaded,2027,283.5,358
D0,DL/DL,KOA,4.2,,DL,DL,,KOA,,67.08,536,799,70.44,5.00%,0.0006961219771942129,562.8,799,Cascaded,2027,562.8,799
D0,DL/DL,LAS,4.2,,DL,DL,,LAS,,67.74,10591,15635,71.13,5.00%,0.013754902724746098,11120.55,15635,Cascaded,2027,11120.55,15635
D0,DL/DL,LAX,4.2,,DL,DL,,LAX,,68.5,27078,39529,71.93,5.00%,0.03516714719862853,28431.9,39529,Cascaded,2027,28431.9,39529
D0,DL/DL,LEX,4.2,,DL,DL,,LEX,,79.34,1578,1989,83.3,5.00%,0.002049403880620276,1656.9,1989,Cascaded,2027,1656.9,1989
D0,DL/DL,LGA,4.2,,DL,DL,,LGA,,63.6,18195,28608,66.78,5.00%,0.023630483908672954,19104.75,28608,Cascaded,2027,19104.75,28608
D0,DL/DL,LGB,4.2,,DL,DL,,LGB,,75.46,326,432,79.24,5.00%,0.00042338762045767423,342.3,432,Cascaded,2027,342.3,432
D0,DL/DL,LGW,4.2,,DL,DL,,LGW,,53.54,53,99,56.21,5.00%,6.883295670017403e-05,55.65,99,Cascaded,2027,55.65,99
D0,DL/DL,LHR,4.2,,DL,DL,,LHR,,70.85,2479,3499,74.39,5.00%,0.0032195641445232344,2602.95,3499,Cascaded,2027,2602.95,3499
D0,DL/DL,LIH,4.2,,DL,DL,,LIH,,71.25,503,706,74.81,5.00%,0.000653263721135614,528.15,706,Cascaded,2027,528.15,706
D0,DL/DL,LIM,4.2,,DL,DL,,LIM,,57.28,236,412,60.15,5.00%,0.00030650146757058624,247.8,412,Cascaded,2027,247.8,412
D0,DL/DL,LIR,4.2,,DL,DL,,LIR,,76.85,508,661,80.7,5.00%,0.0006597573962960077,533.4,661,Cascaded,2027,533.4,661
D0,DL/DL,LIS,4.2,,DL,DL,,LIS,,45.07,302,670,47.33,5.00%,0.0003922179796877841,317.1,670,Cascaded,2027,317.1,670
D0,DL/DL,LIT,4.2,,DL,DL,,LIT,,74.56,1665,2233,78.29,5.00%,0.0021623938284111278,1748.25,2233,Cascaded,2027,1748.25,2233
D0,DL/DL,LOS,4.2,,DL,DL,,LOS,,16.34,66,404,17.15,5.00%,8.571651211719785e-05,69.3,404,Cascaded,2027,69.3,404
D0,DL/DL,MAD,4.2,,DL,DL,,MAD,,68.66,493,718,72.1,5.00%,0.0006402763708148264,517.65,718,Cascaded,2027,517.65,718
D0,DL/DL,MBJ,4.2,,DL,DL,,MBJ,,71.82,1088,1515,75.41,5.00%,0.0014130237149016858,1142.4,1515,Cascaded,2027,1142.4,1515
D0,DL/DL,MCI,4.2,,DL,DL,,MCI,,76.19,5943,7800,80.0,5.00%,0.007718382295644042,6240.15,7800,Cascaded,2027,6240.15,7800
D0,DL/DL,MCO,4.2,,DL,DL,,MCO,,61.78,13009,21058,64.87,5.00%,0.016895244032312528,13659.45,21058,Cascaded,2027,13659.45,21058
D0,DL/DL,MDT,4.2,,DL,DL,,MDT,,66.56,631,948,69.89,5.00%,0.0008195018052416945,662.55,948,Cascaded,2027,662.55,948
D0,DL/DL,MDW,4.2,,DL,DL,,MDW,,71.45,971,1359,75.02,5.00%,0.0012610717161484714,1019.55,1359,Cascaded,2027,1019.55,1359
D0,DL/DL,MEM,4.2,,DL,DL,,MEM,,73.93,3139,4246,77.62,5.00%,0.004076729265695213,3295.95,4246,Cascaded,2027,3295.95,4246
D0,DL/DL,MEX,4.2,,DL,DL,,MEX,,76.08,2385,3135,79.88,5.00%,0.0030974830515078313,2504.25,3135,Cascaded,2027,2504.25,3135
D0,DL/DL,MIA,4.2,,DL,DL,,MIA,,55.06,6535,11869,57.81,5.00%,0.008487233434634665,6861.75,11869,Cascaded,2027,6861.75,11869
D0,DL/DL,MKE,4.2,,DL,DL,,MKE,,75.45,2843,3768,79.22,5.00%,0.003692303696199901,2985.15,3768,Cascaded,2027,2985.15,3768
D0,DL/DL,MLB,4.2,,DL,DL,,MLB,,73.7,1045,1418,77.38,5.00%,0.0013571781085222993,1097.25,1418,Cascaded,2027,1097.25,1418
D0,DL/DL,MOB,4.2,,DL,DL,,MOB,,72.89,535,734,76.53,5.00%,0.0006948232421621341,561.75,734,Cascaded,2027,561.75,734
D0,DL/DL,MSN,4.2,,DL,DL,,MSN,,80.98,1392,1719,85.03,5.00%,0.0018078391646536274,1461.6,1719,Cascaded,2027,1461.6,1719
D0,DL/DL,MSO,4.2,,DL,DL,,MSO,,80.57,759,942,84.6,5.00%,0.0009857398893477753,796.95,942,Cascaded,2027,796.95,942
D0,DL/DL,MSP,4.2,,DL,DL,,MSP,,66.72,47093,70581,70.06,5.00%,0.06116132886568482,49447.65,70581,Cascaded,2027,49447.65,70581
D0,DL/DL,MSY,4.2,,DL,DL,,MSY,,67.94,5028,7401,71.33,5.00%,0.006530039741291981,5279.4,7401,Cascaded,2027,5279.4,7401
D0,DL/DL,MTJ,4.2,,DL,DL,,MTJ,,60.42,58,96,63.44,5.00%,7.53266318605678e-05,60.9,96,Cascaded,2027,60.9,96
D0,DL/DL,MTY,4.2,,DL,DL,,MTY,,89.2,322,361,93.66,5.00%,0.0004181926803293592,338.1,361,Cascaded,2027,338.1,361
D0,DL/DL,MUC,4.2,,DL,DL,,MUC,,62.11,318,512,65.21,5.00%,0.0004129977402010442,333.9,512,Cascaded,2027,333.9,512
D0,DL/DL,MXP,4.2,,DL,DL,,MXP,,52.38,473,903,55.0,5.00%,0.0006143016701732512,496.65,903,Cascaded,2027,496.65,903
D0,DL/DL,MYR,4.2,,DL,DL,,MYR,,72.35,1599,2210,75.97,5.00%,0.0020766773162939297,1678.95,2210,Cascaded,2027,1678.95,2210
D0,DL/DL,MZT,4.2,,DL,DL,,MZT,,78.57,11,14,82.5,5.00%,1.4286085352866309e-05,11.55,14,Cascaded,2027,11.55,14
D0,DL/DL,NAP,4.2,,DL,DL,,NAP,,65.88,195,296,69.17,5.00%,0.0002532533312553573,204.75,296,Cascaded,2027,204.75,296
D0,DL/DL,NAS,4.2,,DL,DL,,NAS,,80.64,1391,1725,84.67,5.00%,0.0018065404296215485,1460.55,1725,Cascaded,2027,1460.55,1725
D0,DL/DL,NCE,4.2,,DL,DL,,NCE,,56.25,198,352,59.06,5.00%,0.00025714953635159354,207.9,352,Cascaded,2027,207.9,352
D0,DL/DL,OAK,4.2,,DL,DL,,OAK,,85.71,6,7,90.0,5.00%,7.792410192472532e-06,6.3,7,Cascaded,2027,6.3,7
D0,DL/DL,OGG,4.2,,DL,DL,,OGG,,79.17,950,1200,83.12,5.00%,0.0012337982804748176,997.5,1200,Cascaded,2027,997.5,1200
D0,DL/DL,OKC,4.2,,DL,DL,,OKC,,76.89,1291,1679,80.74,5.00%,0.001676666926413673,1355.55,1679,Cascaded,2027,1355.55,1679
D0,DL/DL,OLB,4.2,,DL,DL,,OLB,,50.0,3,6,52.5,5.00%,3.896205096236266e-06,3.15,6,Cascaded,2027,3.15,6
D0,DL/DL,OMA,4.2,,DL,DL,,OMA,,75.21,1274,1694,78.97,5.00%,0.0016545884308683343,1337.7,1694,Cascaded,2027,1337.7,1694
D0,DL/DL,ONT,4.2,,DL,DL,,ONT,,79.53,1465,1842,83.51,5.00%,0.0019026468219953765,1538.25,1842,Cascaded,2027,1538.25,1842
D0,DL/DL,OPO,4.2,,DL,DL,,OPO,,77.78,7,9,81.67,5.00%,9.091145224551287e-06,7.35,9,Cascaded,2027,7.35,9
D0,DL/DL,ORD,4.2,,DL,DL,,ORD,,58.09,5952,10247,60.99,5.00%,0.0077300709109327514,6249.6,10247,Cascaded,2027,6249.6,10247
D0,DL/DL,ORF,4.2,,DL,DL,,ORF,,66.54,2122,3189,69.87,5.00%,0.002755915738071119,2228.1,3189,Cascaded,2027,2228.1,3189
D0,DL/DL,PDX,4.2,,DL,DL,,PDX,,72.31,5221,7220,75.93,5.00%,0.006780695602483181,5482.05,7220,Cascaded,2027,5482.05,7220
D0,DL/DL,PHL,4.2,,DL,DL,,PHL,,65.77,4139,6293,69.06,5.00%,0.005375464297773968,4345.95,6293,Cascaded,2027,4345.95,6293
D0,DL/DL,PHX,4.2,,DL,DL,,PHX,,70.75,7466,10552,74.29,5.00%,0.009696355749499987,7839.3,10552,Cascaded,2027,7839.3,10552
D0,DL/DL,PIT,4.2,,DL,DL,,PIT,,72.27,2348,3249,75.88,5.00%,0.0030494298553209176,2465.4,3249,Cascaded,2027,2465.4,3249
D0,DL/DL,PLS,4.2,,DL,DL,,PLS,,84.29,633,751,88.5,5.00%,0.0008220992753058521,664.65,751,Cascaded,2027,664.65,751
D0,DL/DL,PNS,4.2,,DL,DL,,PNS,,80.72,2261,2801,84.76,5.00%,0.0029364399075300657,2374.05,2801,Cascaded,2027,2374.05,2801
D0,DL/DL,POP,4.2,,DL,DL,,POP,,80.92,106,131,84.96,5.00%,0.00013766591340034806,111.3,131,Cascaded,2027,111.3,131
D0,DL/DL,PPT,4.2,,DL,DL,,PPT,,66.67,2,3,70.0,5.00%,2.5974700641575104e-06,2.1,3,Cascaded,2027,2.1,3
D0,DL/DL,PRG,4.2,,DL,DL,,PRG,,63.82,97,152,67.01,5.00%,0.00012597729811163926,101.85,152,Cascaded,2027,101.85,152
D0,DL/DL,PSC,4.2,,DL,DL,,PSC,,90.48,532,588,95.0,5.00%,0.0006909270370658978,558.6,588,Cascaded,2027,558.6,588
D0,DL/DL,PSP,4.2,,DL,DL,,PSP,,60.26,467,775,63.27,5.00%,0.0006065092599807787,490.35,775,Cascaded,2027,490.35,775
D0,DL/DL,PTY,4.2,,DL,DL,,PTY,,75.68,308,407,79.46,5.00%,0.0004000103898802566,323.4,407,Cascaded,2027,323.4,407
D0,DL/DL,PUJ,4.2,,DL,DL,,PUJ,,62.33,1304,2092,65.45,5.00%,0.001693550481830697,1369.2,2092,Cascaded,2027,1369.2,2092
D0,DL/DL,PVD,4.2,,DL,DL,,PVD,,64.58,793,1228,67.81,5.00%,0.001029896880438453,832.65,1228,Cascaded,2027,832.65,1228
D0,DL/DL,PVG,4.2,,DL,DL,,PVG,,69.67,604,867,73.15,5.00%,0.0007844359593755682,634.2,867,Cascaded,2027,634.2,867
D0,DL/DL,PVR,4.2,,DL,DL,,PVR,,79.19,1119,1413,83.15,5.00%,0.001453284500896127,1174.95,1413,Cascaded,2027,1174.95,1413
D0,DL/DL,PWM,4.2,,DL,DL,,PWM,,60.72,705,1161,63.76,5.00%,0.0009156081976155225,740.25,1161,Cascaded,2027,740.25,1161
D0,DL/DL,RAK,4.2,,DL,DL,,RAK,,65.0,65,100,68.25,5.00%,8.44177770851191e-05,68.25,100,Cascaded,2027,68.25,100
D0,DL/DL,RAP,4.2,,DL,DL,,RAP,,53.33,8,15,56.0,5.00%,1.0389880256630042e-05,8.4,15,Cascaded,2027,8.4,15
D0,DL/DL,RDU,4.2,,DL,DL,,RDU,,68.97,8187,11870,72.42,5.00%,0.01063274370762877,8596.35,11870,Cascaded,2027,8596.35,11870
D0,DL/DL,RIC,4.2,,DL,DL,,RIC,,73.74,2100,2848,77.42,5.00%,0.002727343567365386,2205.0,2848,Cascaded,2027,2205.0,2848
D0,DL/DL,RNO,4.2,,DL,DL,,RNO,,69.17,774,1119,72.63,5.00%,0.0010052209148289565,812.7,1119,Cascaded,2027,812.7,1119
D0,DL/DL,ROA,4.2,,DL,DL,,ROA,,85.63,304,355,89.92,5.00%,0.0003948154497519416,319.2,355,Cascaded,2027,319.2,355
D0,DL/DL,ROC,4.2,,DL,DL,,ROC,,51.77,555,1072,54.36,5.00%,0.0007207979428037091,582.75,1072,Cascaded,2027,582.75,1072
D0,DL/DL,RSW,4.2,,DL,DL,,RSW,,70.08,5205,7427,73.59,5.00%,0.006759915841969921,5465.25,7427,Cascaded,2027,5465.25,7427
D0,DL/DL,RTB,4.2,,DL,DL,,RTB,,67.09,53,79,70.44,5.00%,6.883295670017403e-05,55.65,79,Cascaded,2027,55.65,79
D0,DL/DL,SAL,4.2,,DL,DL,,SAL,,69.53,251,361,73.01,5.00%,0.0003259824930517676,263.55,361,Cascaded,2027,263.55,361
D0,DL/DL,SAN,4.2,,DL,DL,,SAN,,69.56,6589,9473,73.03,5.00%,0.00855736512636692,6918.45,9473,Cascaded,2027,6918.45,9473
D0,DL/DL,SAP,4.2,,DL,DL,,SAP,,55.83,201,360,58.63,5.00%,0.0002610457414478298,211.05,360,Cascaded,2027,211.05,360
D0,DL/DL,SAT,4.2,,DL,DL,,SAT,,72.04,4849,6731,75.64,5.00%,0.006297566170549884,5091.45,6731,Cascaded,2027,5091.45,6731
D0,DL/DL,SAV,4.2,,DL,DL,,SAV,,70.55,2571,3644,74.08,5.00%,0.0033390477674744797,2699.55,3644,Cascaded,2027,2699.55,3644
D0,DL/DL,SBA,4.2,,DL,DL,,SBA,,67.29,253,376,70.65,5.00%,0.0003285799631159251,265.65,376,Cascaded,2027,265.65,376
D0,DL/DL,SCL,4.2,,DL,DL,,SCL,,76.83,315,410,80.67,5.00%,0.00040910153510480794,330.75,410,Cascaded,2027,330.75,410
D0,DL/DL,SDF,4.2,,DL,DL,,SDF,,78.55,2076,2643,82.47,5.00%,0.002696173926595496,2179.8,2643,Cascaded,2027,2179.8,2643
D0,DL/DL,SDQ,4.2,,DL,DL,,SDQ,,58.54,840,1435,61.46,5.00%,0.0010909374269461544,882.0,1435,Cascaded,2027,882.0,1435
D0,DL/DL,SEA,4.2,,DL,DL,,SEA,,65.15,22939,35212,68.4,5.00%,0.029791682900854568,24085.95,35212,Cascaded,2027,24085.95,35212
D0,DL/DL,SFO,4.2,,DL,DL,,SFO,,61.41,8301,13517,64.48,5.00%,0.010780799501285748,8716.05,13517,Cascaded,2027,8716.05,13517
D0,DL/DL,SGF,4.2,,DL,DL,,SGF,,51.5,240,466,54.08,5.00%,0.00031169640769890126,252.0,466,Cascaded,2027,252.0,466
D0,DL/DL,SHV,4.2,,DL,DL,,SHV,,0.0,0,1,0.0,0.00%,0.0,0.0,1,Cascaded,2027,0.0,1
D0,DL/DL,SJC,4.2,,DL,DL,,SJC,,80.58,2158,2678,84.61,5.00%,0.002802670199225954,2265.9,2678,Cascaded,2027,2265.9,2678
D0,DL/DL,SJD,4.2,,DL,DL,,SJD,,66.9,1364,2039,70.24,5.00%,0.0017714745837554221,1432.2,2039,Cascaded,2027,1432.2,2039
D0,DL/DL,SJO,4.2,,DL,DL,,SJO,,65.87,384,583,69.16,5.00%,0.0004987142523182421,403.2,583,Cascaded,2027,403.2,583
D0,DL/DL,SJU,4.2,,DL,DL,,SJU,,73.27,2621,3577,76.94,5.00%,0.0034039845190784175,2752.05,3577,Cascaded,2027,2752.05,3577
D0,DL/DL,SKB,4.2,,DL,DL,,SKB,,46.3,25,54,48.61,5.00%,3.2468375801968884e-05,26.25,54,Cascaded,2027,26.25,54
D0,DL/DL,SLC,4.2,,DL,DL,,SLC,,68.16,38891,57057,71.57,5.00%,0.050509104132574874,40835.55,57057,Cascaded,2027,40835.55,57057
D0,DL/DL,SMF,4.2,,DL,DL,,SMF,,80.58,2780,3450,84.61,5.00%,0.0036104833891789398,2919.0,3450,Cascaded,2027,2919.0,3450
D0,DL/DL,SNA,4.2,,DL,DL,,SNA,,64.61,2943,4555,67.84,5.00%,0.0038221771994077767,3090.15,4555,Cascaded,2027,3090.15,4555
D0,DL/DL,SNN,4.2,,DL,DL,,SNN,,78.57,88,112,82.5,5.00%,0.00011428868282293047,92.4,112,Cascaded,2027,92.4,112
D0,DL/DL,SRQ,4.2,,DL,DL,,SRQ,,71.83,2333,3248,75.42,5.00%,0.003029948829839736,2449.65,3248,Cascaded,2027,2449.65,3248
D0,DL/DL,STI,4.2,,DL,DL,,STI,,67.61,720,1065,70.99,5.00%,0.0009350892230967038,756.0,1065,Cascaded,2027,756.0,1065
D0,DL/DL,STL,4.2,,DL,DL,,STL,,78.14,4090,5234,82.05,5.00%,0.005311826281202109,4294.5,5234,Cascaded,2027,4294.5,5234
D0,DL/DL,STT,4.2,,DL,DL,,STT,,64.03,673,1051,67.24,5.00%,0.0008740486765890023,706.65,1051,Cascaded,2027,706.65,1051
D0,DL/DL,STX,4.2,,DL,DL,,STX,,36.07,44,122,37.87,5.00%,5.7144341411465234e-05,46.2,122,Cascaded,2027,46.2,122
D0,DL/DL,SXM,4.2,,DL,DL,,SXM,,52.64,279,530,55.27,5.00%,0.0003623470739499727,292.95,530,Cascaded,2027,292.95,530
D0,DL/DL,SYD,4.2,,DL,DL,,SYD,,70.6,293,415,74.13,5.00%,0.0003805293643990753,307.65,415,Cascaded,2027,307.65,415
D0,DL/DL,SYR,4.2,,DL,DL,,SYR,,73.94,1024,1385,77.63,5.00%,0.0013299046728486453,1075.2,1385,Cascaded,2027,1075.2,1385
D0,DL/DL,TLH,4.2,,DL,DL,,TLH,,76.74,1422,1853,80.58,5.00%,0.00184680121561599,1493.1,1853,Cascaded,2027,1493.1,1853
D0,DL/DL,TLV,4.2,,DL,DL,,TLV,,57.63,136,236,60.51,5.00%,0.00017662796436271073,142.8,236,Cascaded,2027,142.8,236
D0,DL/DL,TPA,4.2,,DL,DL,,TPA,,64.73,9002,13907,67.97,5.00%,0.011691212758772955,9452.1,13907,Cascaded,2027,9452.1,13907
D0,DL/DL,TPE,4.2,,DL,DL,,TPE,,69.17,249,360,72.62,5.00%,0.00032338502298761006,261.45,360,Cascaded,2027,261.45,360
D0,DL/DL,TQO,4.2,,DL,DL,,TQO,,82.12,271,330,86.23,5.00%,0.0003519571936933427,284.55,330,Cascaded,2027,284.55,330
D0,DL/DL,TRI,4.2,,DL,DL,,TRI,,66.41,255,384,69.73,5.00%,0.0003311774331800826,267.75,384,Cascaded,2027,267.75,384
D0,DL/DL,TUL,4.2,,DL,DL,,TUL,,73.23,1130,1543,76.9,5.00%,0.0014675705862489934,1186.5,1543,Cascaded,2027,1186.5,1543
D0,DL/DL,TUS,4.2,,DL,DL,,TUS,,79.12,864,1092,83.08,5.00%,0.0011221070677160446,907.2,1092,Cascaded,2027,907.2,1092
D0,DL/DL,TVC,4.2,,DL,DL,,TVC,,68.89,310,450,72.33,5.00%,0.00040260785994441416,325.5,450,Cascaded,2027,325.5,450
D0,DL/DL,TYS,4.2,,DL,DL,,TYS,,72.61,1217,1676,76.24,5.00%,0.0015805605340398453,1277.85,1676,Cascaded,2027,1277.85,1676
D0,DL/DL,UIO,4.2,,DL,DL,,UIO,,66.39,241,363,69.71,5.00%,0.00031299514273098,253.05,363,Cascaded,2027,253.05,363
D0,DL/DL,UVF,4.2,,DL,DL,,UVF,,73.28,266,363,76.94,5.00%,0.0003454635185329489,279.3,363,Cascaded,2027,279.3,363
D0,DL/DL,VCE,4.2,,DL,DL,,VCE,,70.02,376,537,73.52,5.00%,0.000488324372061612,394.8,537,Cascaded,2027,394.8,537
D0,DL/DL,VPS,4.2,,DL,DL,,VPS,,70.53,1857,2633,74.05,5.00%,0.0024117509545702486,1949.85,2633,Cascaded,2027,1949.85,2633
D0,DL/DL,XNA,4.2,,DL,DL,,XNA,,73.26,285,389,76.93,5.00%,0.0003701394841424453,299.25,389,Cascaded,2027,299.25,389
D0,DL/DL,YUL,4.2,,DL,DL,,YUL,,73.63,723,982,77.31,5.00%,0.0009389854281929401,759.15,982,Cascaded,2027,759.15,982
D0,DL/DL,YVR,4.2,,DL,DL,,YVR,,75.76,500,660,79.55,5.00%,0.0006493675160393777,525.0,660,Cascaded,2027,525.0,660
D0,DL/DL,YYC,4.2,,DL,DL,,YYC,,68.25,387,567,71.67,5.00%,0.0005026104574144783,406.35,567,Cascaded,2027,406.35,567
D0,DL/DL,YYZ,4.2,,DL,DL,,YYZ,,61.62,1063,1725,64.7,5.00%,0.001380555339099717,1116.15,1725,Cascaded,2027,1116.15,1725
D0,DL/DL,ZRH,4.2,,DL,DL,,ZRH,,60.56,301,497,63.59,5.00%,0.00039091924465570535,316.05,497,Cascaded,2027,316.05,497
D0,DC/9E/ABE,Unifi,5.2,,DC,9E,,ABE,Unifi,67.44,698,1035,70.81,5.00%,1.0,732.9,1035,Cascaded,2027,732.9,1035
D0,DC/9E/ABY,Menzies Aviation,5.2,,DC,9E,,ABY,Menzies Aviation,76.24,414,543,80.06,5.00%,1.0,434.7,543,Cascaded,2027,434.7,543
D0,DC/9E/AEX,Unifi,5.2,,DC,9E,,AEX,Unifi,74.14,751,1013,77.84,5.00%,1.0,788.55,1013,Cascaded,2027,788.5500000000001,1013
D0,DC/9E/AGS,Unifi,5.2,,DC,9E,,AGS,Unifi,69.74,1270,1821,73.23,5.00%,1.0,1333.5,1821,Cascaded,2027,1333.5,1821
D0,DC/9E/ALB,Delta,5.2,,DC,9E,,ALB,Delta,78.87,627,795,82.81,5.00%,1.0,658.35,795,Cascaded,2027,658.35,795
D0,DC/9E/ATL,Delta,5.2,,DC,9E,,ATL,Delta,67.06,22163,33048,70.42,5.00%,1.0,23271.15,33048,Cascaded,2027,23271.15,33048
D0,DC/9E/ATW,Unifi,5.2,,DC,9E,,ATW,Unifi,68.18,30,44,71.59,5.00%,1.0,31.5,44,Cascaded,2027,31.5,44
D0,DC/9E/AUS,Delta,5.2,,DC,9E,,AUS,Delta,69.19,732,1058,72.65,5.00%,1.0,768.6,1058,Cascaded,2027,768.6,1058
D0,DC/9E/AVL,Unifi,5.2,,DC,9E,,AVL,Unifi,64.94,650,1001,68.18,5.00%,1.0,682.5,1001,Cascaded,2027,682.5,1001
D0,DC/9E/AZO,Unifi,5.2,,DC,9E,,AZO,Unifi,59.46,22,37,62.43,5.00%,1.0,23.1,37,Cascaded,2027,23.1,37
D0,DC/9E/BGM,Menzies Aviation,5.2,,DC,9E,,BGM,Menzies Aviation,23.08,3,13,24.23,5.00%,1.0,3.15,13,Cascaded,2027,3.15,13
D0,DC/9E/BGR,Unifi,5.2,,DC,9E,,BGR,Unifi,77.93,939,1205,81.82,5.00%,1.0,985.95,1205,Cascaded,2027,985.95,1205
D0,DC/9E/BHM,Delta,5.2,,DC,9E,,BHM,Delta,70.41,1028,1460,73.93,5.00%,1.0,1079.4,1460,Cascaded,2027,1079.4,1460
D0,DC/9E/BIS,Unifi,5.2,,DC,9E,,BIS,Unifi,72.44,510,704,76.07,5.00%,1.0,535.5,704,Cascaded,2027,535.5,704
D0,DC/9E/BMI,Unifi,5.2,,DC,9E,,BMI,Unifi,74.39,488,656,78.11,5.00%,1.0,512.4,656,Cascaded,2027,512.4,656
D0,DC/9E/BNA,Delta,5.2,,DC,9E,,BNA,Delta,67.86,1712,2523,71.25,5.00%,1.0,1797.6,2523,Cascaded,2027,1797.6000000000001,2523
D0,DC/9E/BQK,Menzies Aviation,5.2,,DC,9E,,BQK,Menzies Aviation,72.27,761,1053,75.88,5.00%,1.0,799.05,1053,Cascaded,2027,799.0500000000001,1053
D0,DC/9E/BTR,Unifi,5.2,,DC,9E,,BTR,Unifi,59.46,393,661,62.43,5.00%,1.0,412.65,661,Cascaded,2027,412.65000000000003,661
D0,DC/9E/BTV,Unifi,5.2,,DC,9E,,BTV,Unifi,76.86,1425,1854,80.7,5.00%,1.0,1496.25,1854,Cascaded,2027,1496.25,1854
D0,DC/9E/BUF,Unifi,5.2,,DC,9E,,BUF,Unifi,70.0,1547,2210,73.5,5.00%,1.0,1624.35,2210,Cascaded,2027,1624.3500000000001,2210
D0,DC/9E/BWI,Delta,5.2,,DC,9E,,BWI,Delta,100.0,2,2,105.0,5.00%,1.0,2.1,2,Cascaded,2027,2.1,2
D0,DC/9E/CAE,Delta,5.2,,DC,9E,,CAE,Delta,68.54,876,1278,71.97,5.00%,1.0,919.8,1278,Cascaded,2027,919.8000000000001,1278
D0,DC/9E/CHA,Unifi,5.2,,DC,9E,,CHA,Unifi,68.37,1792,2621,71.79,5.00%,1.0,1881.6,2621,Cascaded,2027,1881.6000000000001,2621
D0,DC/9E/CHO,Unifi,5.2,,DC,9E,,CHO,Unifi,74.32,1320,1776,78.04,5.00%,1.0,1386.0,1776,Cascaded,2027,1386.0,1776
D0,DC/9E/CHS,Delta,5.2,,DC,9E,,CHS,Delta,69.48,1302,1874,72.95,5.00%,1.0,1367.1,1874,Cascaded,2027,1367.1000000000001,1874
D0,DC/9E/CID,Unifi,5.2,,DC,9E,,CID,Unifi,61.97,391,631,65.06,5.00%,1.0,410.55,631,Cascaded,2027,410.55,631
D0,DC/9E/CLE,Delta,5.2,,DC,9E,,CLE,Delta,67.33,2393,3554,70.7,5.00%,1.0,2512.65,3554,Cascaded,2027,2512.65,3554
D0,DC/9E/CLT,Delta,5.2,,DC,9E,,CLT,Delta,64.58,1415,2191,67.81,5.00%,1.0,1485.75,2191,Cascaded,2027,1485.75,2191
D0,DC/9E/CMH,Delta,5.2,,DC,9E,,CMH,Delta,67.2,791,1177,70.56,5.00%,1.0,830.55,1177,Cascaded,2027,830.5500000000001,1177
D0,DC/9E/CRW,Unifi,5.2,,DC,9E,,CRW,Unifi,68.99,723,1048,72.44,5.00%,1.0,759.15,1048,Cascaded,2027,759.15,1048
D0,DC/9E/CSG,Unifi,5.2,,DC,9E,,CSG,Unifi,63.36,434,685,66.53,5.00%,1.0,455.7,685,Cascaded,2027,455.7,685
D0,DC/9E/CVG,Delta,5.2,,DC,9E,,CVG,Delta,70.24,5093,7251,73.75,5.00%,1.0,5347.65,7251,Cascaded,2027,5347.650000000001,7251
D0,DC/9E/CWA,Unifi,5.2,,DC,9E,,CWA,Unifi,77.62,555,715,81.5,5.00%,1.0,582.75,715,Cascaded,2027,582.75,715
D0,DC/9E/DAY,Delta,5.2,,DC,9E,,DAY,Delta,73.45,83,113,77.12,5.00%,1.0,87.15,113,Cascaded,2027,87.15,113
D0,DC/9E/DCA,Delta,5.2,,DC,9E,,DCA,Delta,56.58,1230,2174,59.41,5.00%,1.0,1291.5,2174,Cascaded,2027,1291.5,2174
D0,DC/9E/DHN,Menzies Aviation,5.2,,DC,9E,,DHN,Menzies Aviation,75.62,704,931,79.4,5.00%,1.0,739.2,931,Cascaded,2027,739.2,931
D0,DC/9E/DLH,Unifi,5.2,,DC,9E,,DLH,Unifi,78.24,205,262,82.16,5.00%,1.0,215.25,262,Cascaded,2027,215.25,262
D0,DC/9E/DSM,Unifi,5.2,,DC,9E,,DSM,Unifi,73.27,1974,2694,76.94,5.00%,1.0,2072.7,2694,Cascaded,2027,2072.7000000000003,2694
D0,DC/9E/DTW,Delta,5.2,,DC,9E,,DTW,Delta,60.02,1141,1901,63.02,5.00%,0.08080164294313434,1198.05,1901,Cascaded,2027,1198.0500000000002,1901
D0,DC/9E/DTW,Unifi,5.2,,DC,9E,,DTW,Unifi,67.32,12980,19282,70.68,5.00%,0.9191983570568657,13629.0,19282,Cascaded,2027,13629.000000000002,19282
D0,DC/9E/ECP,Unifi,5.2,,DC,9E,,ECP,Unifi,52.91,118,223,55.56,5.00%,1.0,123.9,223,Cascaded,2027,123.9,223
D0,DC/9E/ELH,Omega Aviation,5.2,,DC,9E,,ELH,Omega Aviation,61.62,122,198,64.7,5.00%,1.0,128.1,198,Cascaded,2027,128.1,198
D0,DC/9E/EVV,Unifi,5.2,,DC,9E,,EVV,Unifi,77.72,900,1158,81.61,5.00%,1.0,945.0,1158,Cascaded,2027,945.0,1158
D0,DC/9E/EWR,Delta,5.2,,DC,9E,,EWR,Delta,68.81,984,1430,72.25,5.00%,1.0,1033.2,1430,Cascaded,2027,1033.2,1430
D0,DC/9E/EYW,Unifi,5.2,,DC,9E,,EYW,Unifi,18.75,3,16,19.69,5.00%,1.0,3.15,16,Cascaded,2027,3.15,16
D0,DC/9E/FAR,Unifi,5.2,,DC,9E,,FAR,Unifi,65.21,343,526,68.47,5.00%,1.0,360.15,526,Cascaded,2027,360.15000000000003,526
D0,DC/9E/FAY,Unifi,5.2,,DC,9E,,FAY,Unifi,77.0,887,1152,80.85,5.00%,1.0,931.35,1152,Cascaded,2027,931.35,1152
D0,DC/9E/FLL,Delta,5.2,,DC,9E,,FLL,Delta,91.67,11,12,96.25,5.00%,1.0,11.55,12,Cascaded,2027,11.55,12
D0,DC/9E/FSD,Unifi,5.2,,DC,9E,,FSD,Unifi,66.6,337,506,69.93,5.00%,1.0,353.85,506,Cascaded,2027,353.85,506
D0,DC/9E/FWA,Unifi,5.2,,DC,9E,,FWA,Unifi,68.82,256,372,72.26,5.00%,1.0,268.8,372,Cascaded,2027,268.8,372
D0,DC/9E/GFK,Unifi,5.2,,DC,9E,,GFK,Unifi,71.78,117,163,75.37,5.00%,1.0,122.85,163,Cascaded,2027,122.85000000000001,163
D0,DC/9E/GGT,Omega Aviation,5.2,,DC,9E,,GGT,Omega Aviation,69.47,91,131,72.94,5.00%,1.0,95.55,131,Cascaded,2027,95.55,131
D0,DC/9E/GNV,Unifi,5.2,,DC,9E,,GNV,Unifi,70.87,90,127,74.41,5.00%,1.0,94.5,127,Cascaded,2027,94.5,127
D0,DC/9E/GPT,Unifi,5.2,,DC,9E,,GPT,Unifi,56.0,14,25,58.8,5.00%,1.0,14.7,25,Cascaded,2027,14.700000000000001,25
D0,DC/9E/GRB,Delta,5.2,,DC,9E,,GRB,Delta,80.48,437,543,84.5,5.00%,1.0,458.85,543,Cascaded,2027,458.85,543
D0,DC/9E/GRR,Delta,5.2,,DC,9E,,GRR,Delta,68.38,677,990,71.8,5.00%,1.0,710.85,990,Cascaded,2027,710.85,990
D0,DC/9E/GSO,Delta,5.2,,DC,9E,,GSO,Delta,70.91,707,997,74.46,5.00%,1.0,742.35,997,Cascaded,2027,742.35,997
D0,DC/9E/GSP,Delta,5.2,,DC,9E,,GSP,Delta,69.21,980,1416,72.67,5.00%,1.0,1029.0,1416,Cascaded,2027,1029.0,1416
D0,DC/9E/GTR,Menzies Aviation,5.2,,DC,9E,,GTR,Menzies Aviation,77.02,553,718,80.87,5.00%,1.0,580.65,718,Cascaded,2027,580.65,718
D0,DC/9E/HPN,Unifi,5.2,,DC,9E,,HPN,Unifi,59.7,1086,1819,62.69,5.00%,1.0,1140.3,1819,Cascaded,2027,1140.3,1819
D0,DC/9E/HSV,Delta,5.2,,DC,9E,,HSV,Delta,68.89,848,1231,72.33,5.00%,1.0,890.4,1231,Cascaded,2027,890.4,1231
D0,DC/9E/IAD,Delta,5.2,,DC,9E,,IAD,Delta,63.86,615,963,67.06,5.00%,1.0,645.75,963,Cascaded,2027,645.75,963
D0,DC/9E/ICT,Unifi,5.2,,DC,9E,,ICT,Unifi,75.66,143,189,79.44,5.00%,1.0,150.15,189,Cascaded,2027,150.15,189
D0,DC/9E/ILM,Unifi,5.2,,DC,9E,,ILM,Unifi,70.06,709,1012,73.56,5.00%,1.0,744.45,1012,Cascaded,2027,744.45,1012
D0,DC/9E/IND,Delta,5.2,,DC,9E,,IND,Delta,72.43,2283,3152,76.05,5.00%,1.0,2397.15,3152,Cascaded,2027,2397.15,3152
D0,DC/9E/ITH,Unifi,5.2,,DC,9E,,ITH,Unifi,79.33,541,682,83.29,5.00%,1.0,568.05,682,Cascaded,2027,568.0500000000001,682
D0,DC/9E/JAN,Delta,5.2,,DC,9E,,JAN,Delta,68.92,388,563,72.36,5.00%,1.0,407.4,563,Cascaded,2027,407.40000000000003,563
D0,DC/9E/JAX,Delta,5.2,,DC,9E,,JAX,Delta,65.98,1123,1702,69.28,5.00%,1.0,1179.15,1702,Cascaded,2027,1179.15,1702
D0,DC/9E/JFK,Delta,5.2,,DC,9E,,JFK,Delta,70.0,15499,22143,73.49,5.00%,1.0,16273.95,22143,Cascaded,2027,16273.95,22143
D0,DC/9E/LAN,Unifi,5.2,,DC,9E,,LAN,Unifi,63.21,67,106,66.37,5.00%,1.0,70.35,106,Cascaded,2027,70.35000000000001,106
D0,DC/9E/LEX,Delta,5.2,,DC,9E,,LEX,Delta,73.47,601,818,77.15,5.00%,1.0,631.05,818,Cascaded,2027,631.0500000000001,818
D0,DC/9E/LFT,Unifi,5.2,,DC,9E,,LFT,Unifi,75.72,817,1079,79.5,5.00%,1.0,857.85,1079,Cascaded,2027,857.85,1079
D0,DC/9E/LGA,Delta,5.2,,DC,9E,,LGA,Delta,65.82,20435,31048,69.11,5.00%,1.0,21456.75,31048,Cascaded,2027,21456.75,31048
D0,DC/9E/LIT,Delta,5.2,,DC,9E,,LIT,Delta,66.12,201,304,69.42,5.00%,1.0,211.05,304,Cascaded,2027,211.05,304
D0,DC/9E/MBS,Unifi,5.2,,DC,9E,,MBS,Unifi,65.04,147,226,68.3,5.00%,1.0,154.35,226,Cascaded,2027,154.35,226
D0,DC/9E/MCI,Delta,5.2,,DC,9E,,MCI,Delta,66.48,845,1271,69.81,5.00%,1.0,887.25,1271,Cascaded,2027,887.25,1271
D0,DC/9E/MCO,Delta,5.2,,DC,9E,,MCO,Delta,34.21,13,38,35.92,5.00%,1.0,13.65,38,Cascaded,2027,13.65,38
D0,DC/9E/MDT,Unifi,5.2,,DC,9E,,MDT,Unifi,70.62,464,657,74.16,5.00%,1.0,487.2,657,Cascaded,2027,487.20000000000005,657
D0,DC/9E/MDW,Delta,5.2,,DC,9E,,MDW,Delta,60.38,477,790,63.4,5.00%,1.0,500.85,790,Cascaded,2027,500.85,790
D0,DC/9E/MEM,Delta,5.2,,DC,9E,,MEM,Delta,66.04,630,954,69.34,5.00%,1.0,661.5,954,Cascaded,2027,661.5,954
D0,DC/9E/MGM,Unifi,5.2,,DC,9E,,MGM,Unifi,64.15,868,1353,67.36,5.00%,1.0,911.4,1353,Cascaded,2027,911.4,1353
D0,DC/9E/MHH,Omega Aviation,5.2,,DC,9E,,MHH,Omega Aviation,64.52,120,186,67.74,5.00%,1.0,126.0,186,Cascaded,2027,126.0,186
D0,DC/9E/MIA,Delta,5.2,,DC,9E,,MIA,Delta,43.75,7,16,45.94,5.00%,1.0,7.35,16,Cascaded,2027,7.3500000000000005,16
D0,DC/9E/MKE,Delta,5.2,,DC,9E,,MKE,Delta,74.56,850,1140,78.29,5.00%,1.0,892.5,1140,Cascaded,2027,892.5,1140
D0,DC/9E/MLI,Unifi,5.2,,DC,9E,,MLI,Unifi,71.91,517,719,75.5,5.00%,1.0,542.85,719,Cascaded,2027,542.85,719
D0,DC/9E/MLU,Unifi,5.2,,DC,9E,,MLU,Unifi,69.37,711,1025,72.83,5.00%,1.0,746.55,1025,Cascaded,2027,746.5500000000001,1025
D0,DC/9E/MOB,Delta,5.2,,DC,9E,,MOB,Delta,72.8,586,805,76.43,5.00%,1.0,615.3,805,Cascaded,2027,615.3000000000001,805
D0,DC/9E/MOT,Unifi,5.2,,DC,9E,,MOT,Unifi,69.23,81,117,72.69,5.00%,1.0,85.05,117,Cascaded,2027,85.05,117
D0,DC/9E/MSN,Delta,5.2,,DC,9E,,MSN,Delta,69.46,621,894,72.94,5.00%,1.0,652.05,894,Cascaded,2027,652.0500000000001,894
D0,DC/9E/MSP,Unifi,5.2,,DC,9E,,MSP,Unifi,65.8,9891,15033,69.09,5.00%,1.0,10385.55,15033,Cascaded,2027,10385.550000000001,15033
D0,DC/9E/MYR,Unifi,5.2,,DC,9E,,MYR,Unifi,69.47,66,95,72.95,5.00%,1.0,69.3,95,Cascaded,2027,69.3,95
D0,DC/9E/OAJ,Unifi,5.2,,DC,9E,,OAJ,Unifi,76.97,645,838,80.82,5.00%,1.0,677.25,838,Cascaded,2027,677.25,838
D0,DC/9E/OKC,Delta,5.2,,DC,9E,,OKC,Delta,77.45,182,235,81.32,5.00%,1.0,191.1,235,Cascaded,2027,191.1,235
D0,DC/9E/OMA,Unifi,5.2,,DC,9E,,OMA,Unifi,72.7,751,1033,76.34,5.00%,1.0,788.55,1033,Cascaded,2027,788.5500000000001,1033
D0,DC/9E/ORD,Delta,5.2,,DC,9E,,ORD,Delta,51.69,595,1151,54.28,5.00%,1.0,624.75,1151,Cascaded,2027,624.75,1151
D0,DC/9E/ORF,Delta,5.2,,DC,9E,,ORF,Delta,63.38,1419,2239,66.55,5.00%,1.0,1489.95,2239,Cascaded,2027,1489.95,2239
D0,DC/9E/ORH,Menzies Aviation,5.2,,DC,9E,,ORH,Menzies Aviation,67.5,189,280,70.88,5.00%,1.0,198.45,280,Cascaded,2027,198.45000000000002,280
D0,DC/9E/PHL,Delta,5.2,,DC,9E,,PHL,Delta,38.71,12,31,40.65,5.00%,1.0,12.6,31,Cascaded,2027,12.6,31
D0,DC/9E/PIT,Delta,5.2,,DC,9E,,PIT,Delta,66.22,1298,1960,69.54,5.00%,1.0,1362.9,1960,Cascaded,2027,1362.9,1960
D0,DC/9E/PNS,Delta,5.2,,DC,9E,,PNS,Delta,60.9,204,335,63.94,5.00%,1.0,214.2,335,Cascaded,2027,214.20000000000002,335
D0,DC/9E/PVD,Delta,5.2,,DC,9E,,PVD,Delta,58.64,129,220,61.57,5.00%,1.0,135.45,220,Cascaded,2027,135.45000000000002,220
D0,DC/9E/PWM,Unifi,5.2,,DC,9E,,PWM,Unifi,68.3,793,1161,71.72,5.00%,1.0,832.65,1161,Cascaded,2027,832.65,1161
D0,DC/9E/RAP,Unifi,5.2,,DC,9E,,RAP,Unifi,75.51,629,833,79.29,5.00%,1.0,660.45,833,Cascaded,2027,660.45,833
D0,DC/9E/RDU,Delta,5.2,,DC,9E,,RDU,Delta,64.78,4503,6951,68.02,5.00%,1.0,4728.15,6951,Cascaded,2027,4728.150000000001,6951
D0,DC/9E/RIC,Delta,5.2,,DC,9E,,RIC,Delta,68.34,1541,2255,71.75,5.00%,1.0,1618.05,2255,Cascaded,2027,1618.05,2255
D0,DC/9E/ROA,Unifi,5.2,,DC,9E,,ROA,Unifi,67.6,849,1256,70.98,5.00%,1.0,891.45,1256,Cascaded,2027,891.45,1256
D0,DC/9E/ROC,Unifi,5.2,,DC,9E,,ROC,Unifi,63.15,1623,2570,66.31,5.00%,1.0,1704.15,2570,Cascaded,2027,1704.15,2570
D0,DC/9E/RST,Unifi,5.2,,DC,9E,,RST,Unifi,72.52,541,746,76.15,5.00%,1.0,568.05,746,Cascaded,2027,568.0500000000001,746
D0,DC/9E/RSW,Delta,5.2,,DC,9E,,RSW,Delta,63.24,43,68,66.4,5.00%,1.0,45.15,68,Cascaded,2027,45.15,68
D0,DC/9E/SAV,Delta,5.2,,DC,9E,,SAV,Delta,62.35,856,1373,65.46,5.00%,1.0,898.8,1373,Cascaded,2027,898.8000000000001,1373
D0,DC/9E/SBN,Unifi,5.2,,DC,9E,,SBN,Unifi,72.22,13,18,75.83,5.00%,1.0,13.65,18,Cascaded,2027,13.65,18
D0,DC/9E/SDF,Delta,5.2,,DC,9E,,SDF,Delta,76.21,535,702,80.02,5.00%,1.0,561.75,702,Cascaded,2027,561.75,702
D0,DC/9E/SGF,Unifi,5.2,,DC,9E,,SGF,Unifi,67.55,410,607,70.92,5.00%,1.0,430.5,607,Cascaded,2027,430.5,607
D0,DC/9E/SHV,Unifi,5.2,,DC,9E,,SHV,Unifi,72.73,72,99,76.36,5.00%,1.0,75.6,99,Cascaded,2027,75.60000000000001,99
D0,DC/9E/STL,Delta,5.2,,DC,9E,,STL,Delta,69.2,1058,1529,72.66,5.00%,1.0,1110.9,1529,Cascaded,2027,1110.9,1529
D0,DC/9E/SYR,Delta,5.2,,DC,9E,,SYR,Delta,73.25,1950,2662,76.92,5.00%,1.0,2047.5,2662,Cascaded,2027,2047.5,2662
D0,DC/9E/TLH,Delta,5.2,,DC,9E,,TLH,Delta,65.89,226,343,69.18,5.00%,1.0,237.3,343,Cascaded,2027,237.3,343
D0,DC/9E/TPA,Delta,5.2,,DC,9E,,TPA,Delta,75.0,9,12,78.75,5.00%,1.0,9.45,12,Cascaded,2027,9.450000000000001,12
D0,DC/9E/TRI,Unifi,5.2,,DC,9E,,TRI,Unifi,76.16,840,1103,79.96,5.00%,1.0,882.0,1103,Cascaded,2027,882.0,1103
D0,DC/9E/TUL,Unifi,5.2,,DC,9E,,TUL,Unifi,71.43,220,308,75.0,5.00%,1.0,231.0,308,Cascaded,2027,231.0,308
D0,DC/9E/TVC,Unifi,5.2,,DC,9E,,TVC,Unifi,59.3,153,258,62.27,5.00%,1.0,160.65,258,Cascaded,2027,160.65,258
D0,DC/9E/TYS,Delta,5.2,,DC,9E,,TYS,Delta,73.99,2497,3375,77.68,5.00%,1.0,2621.85,3375,Cascaded,2027,2621.85,3375
D0,DC/9E/VLD,Menzies Aviation,5.2,,DC,9E,,VLD,Menzies Aviation,74.06,745,1006,77.76,5.00%,1.0,782.25,1006,Cascaded,2027,782.25,1006
D0,DC/9E/VPS,Unifi,5.2,,DC,9E,,VPS,Unifi,47.46,28,59,49.83,5.00%,1.0,29.4,59,Cascaded,2027,29.400000000000002,59
D0,DC/9E/XNA,Unifi,5.2,,DC,9E,,XNA,Unifi,66.73,1775,2660,70.07,5.00%,1.0,1863.75,2660,Cascaded,2027,1863.75,2660
D0,DC/9E/YHZ,Executive Aviation,5.2,,DC,9E,,YHZ,Executive Aviation,78.95,195,247,82.89,5.00%,1.0,204.75,247,Cascaded,2027,204.75,247
D0,DC/9E/YUL,Delta,5.2,,DC,9E,,YUL,Delta,75.63,1552,2052,79.42,5.00%,1.0,1629.6,2052,Cascaded,2027,1629.6000000000001,2052
D0,DC/9E/YYZ,Delta,5.2,,DC,9E,,YYZ,Delta,72.75,3348,4602,76.39,5.00%,1.0,3515.4,4602,Cascaded,2027,3515.4,4602
D0,DC/OO/ABQ,Delta,5.2,,DC,OO,,ABQ,Delta,86.37,1850,2142,90.69,5.00%,1.0,1942.5,2142,Cascaded,2027,1942.5,2142
D0,DC/OO/ABR,Unifi,5.2,,DC,OO,,ABR,Unifi,85.0,629,740,89.25,5.00%,1.0,660.45,740,Cascaded,2027,660.45,740
D0,DC/OO/ABY,Menzies Aviation,5.2,,DC,OO,,ABY,Menzies Aviation,75.37,355,471,79.14,5.00%,1.0,372.75,471,Cascaded,2027,372.75,471
D0,DC/OO/AEX,Unifi,5.2,,DC,OO,,AEX,Unifi,50.0,9,18,52.5,5.00%,1.0,9.45,18,Cascaded,2027,9.450000000000001,18
D0,DC/OO/AGS,Unifi,5.2,,DC,OO,,AGS,Unifi,70.71,99,140,74.25,5.00%,1.0,103.95,140,Cascaded,2027,103.95,140
D0,DC/OO/ALB,Delta,5.2,,DC,OO,,ALB,Delta,72.91,576,790,76.56,5.00%,1.0,604.8,790,Cascaded,2027,604.8000000000001,790
D0,DC/OO/APN,Unifi,5.2,,DC,OO,,APN,Unifi,77.31,460,595,81.18,5.00%,1.0,483.0,595,Cascaded,2027,483.0,595
D0,DC/OO/ASE,SkyWest,5.2,,DC,OO,,ASE,SkyWest,57.81,433,749,60.7,5.00%,1.0,454.65,749,Cascaded,2027,454.65000000000003,749
D0,DC/OO/ATL,Delta,5.2,,DC,OO,,ATL,Delta,65.09,4714,7242,68.35,5.00%,1.0,4949.7,7242,Cascaded,2027,4949.700000000001,7242
D0,DC/OO/ATW,Unifi,5.2,,DC,OO,,ATW,Unifi,70.44,1399,1986,73.97,5.00%,1.0,1468.95,1986,Cascaded,2027,1468.95,1986
D0,DC/OO/AUS,Delta,5.2,,DC,OO,,AUS,Delta,70.55,3939,5583,74.08,5.00%,1.0,4135.95,5583,Cascaded,2027,4135.95,5583
D0,DC/OO/AZO,Unifi,5.2,,DC,OO,,AZO,Unifi,69.37,659,950,72.84,5.00%,1.0,691.95,950,Cascaded,2027,691.95,950
D0,DC/OO/BDL,Delta,5.2,,DC,OO,,BDL,Delta,100.0,1,1,105.0,5.00%,1.0,1.05,1,Cascaded,2027,1.05,1
D0,DC/OO/BGM,Menzies Aviation,5.2,,DC,OO,,BGM,Menzies Aviation,68.32,179,262,71.74,5.00%,1.0,187.95,262,Cascaded,2027,187.95000000000002,262
D0,DC/OO/BHM,Delta,5.2,,DC,OO,,BHM,Delta,52.38,110,210,55.0,5.00%,1.0,115.5,210,Cascaded,2027,115.5,210
D0,DC/OO/BIL,Unifi,5.2,,DC,OO,,BIL,Unifi,86.31,605,701,90.62,5.00%,1.0,635.25,701,Cascaded,2027,635.25,701
D0,DC/OO/BIS,Unifi,5.2,,DC,OO,,BIS,Unifi,73.5,452,615,77.17,5.00%,1.0,474.6,615,Cascaded,2027,474.6,615
D0,DC/OO/BJI,Unifi,5.2,,DC,OO,,BJI,Unifi,82.82,593,716,86.96,5.00%,1.0,622.65,716,Cascaded,2027,622.6500000000001,716
D0,DC/OO/BMI,Unifi,5.2,,DC,OO,,BMI,Unifi,73.43,105,143,77.1,5.00%,1.0,110.25,143,Cascaded,2027,110.25,143
D0,DC/OO/BNA,Delta,5.2,,DC,OO,,BNA,Delta,74.61,914,1225,78.34,5.00%,1.0,959.7,1225,Cascaded,2027,959.7,1225
D0,DC/OO/BOI,Delta,5.2,,DC,OO,,BOI,Delta,85.63,2974,3473,89.91,5.00%,1.0,3122.7,3473,Cascaded,2027,3122.7000000000003,3473
D0,DC/OO/BQK,Menzies Aviation,5.2,,DC,OO,,BQK,Menzies Aviation,0.0,0,3,0.0,0.00%,1.0,0.0,3,Cascaded,2027,0.0,3
D0,DC/OO/BRD,Unifi,5.2,,DC,OO,,BRD,Unifi,82.52,510,618,86.65,5.00%,1.0,535.5,618,Cascaded,2027,535.5,618
D0,DC/OO/BTM,SkyWest,5.2,,DC,OO,,BTM,SkyWest,94.13,337,358,98.84,5.00%,1.0,353.85,358,Cascaded,2027,353.85,358
D0,DC/OO/BTR,Unifi,5.2,,DC,OO,,BTR,Unifi,59.57,28,47,62.55,5.00%,1.0,29.4,47,Cascaded,2027,29.400000000000002,47
D0,DC/OO/BTV,Unifi,5.2,,DC,OO,,BTV,Unifi,63.89,184,288,67.08,5.00%,1.0,193.2,288,Cascaded,2027,193.20000000000002,288
D0,DC/OO/BUF,Unifi,5.2,,DC,OO,,BUF,Unifi,71.32,383,537,74.89,5.00%,1.0,402.15,537,Cascaded,2027,402.15000000000003,537
D0,DC/OO/BUR,GAT,5.2,,DC,OO,,BUR,GAT,82.75,787,951,86.89,5.00%,1.0,826.35,951,Cascaded,2027,826.35,951
D0,DC/OO/BZN,Delta,5.2,,DC,OO,,BZN,Delta,82.49,1135,1376,86.61,5.00%,1.0,1191.75,1376,Cascaded,2027,1191.75,1376
D0,DC/OO/CAE,Delta,5.2,,DC,OO,,CAE,Delta,75.0,3,4,78.75,5.00%,1.0,3.15,4,Cascaded,2027,3.1500000000000004,4
D0,DC/OO/CDC,SkyWest,5.2,,DC,OO,,CDC,SkyWest,92.62,577,623,97.25,5.00%,1.0,605.85,623,Cascaded,2027,605.85,623
D0,DC/OO/CHA,Unifi,5.2,,DC,OO,,CHA,Unifi,100.0,1,1,105.0,5.00%,1.0,1.05,1,Cascaded,2027,1.05,1
D0,DC/OO/CHS,Delta,5.2,,DC,OO,,CHS,Delta,56.99,216,379,59.84,5.00%,1.0,226.8,379,Cascaded,2027,226.8,379
D0,DC/OO/CID,Unifi,5.2,,DC,OO,,CID,Unifi,63.82,254,398,67.01,5.00%,1.0,266.7,398,Cascaded,2027,266.7,398
D0,DC/OO/CIU,Unifi,5.2,,DC,OO,,CIU,Unifi,74.0,501,677,77.7,5.00%,1.0,526.05,677,Cascaded,2027,526.0500000000001,677
D0,DC/OO/CLE,Delta,5.2,,DC,OO,,CLE,Delta,67.23,671,998,70.6,5.00%,1.0,704.55,998,Cascaded,2027,704.5500000000001,998
D0,DC/OO/CMH,Delta,5.2,,DC,OO,,CMH,Delta,69.14,493,713,72.6,5.00%,1.0,517.65,713,Cascaded,2027,517.65,713
D0,DC/OO/COS,Delta,5.2,,DC,OO,,COS,Delta,87.85,600,683,92.24,5.00%,1.0,630.0,683,Cascaded,2027,630.0,683
D0,DC/OO/CRW,Unifi,5.2,,DC,OO,,CRW,Unifi,57.94,146,252,60.83,5.00%,1.0,153.3,252,Cascaded,2027,153.3,252
D0,DC/OO/CVG,Delta,5.2,,DC,OO,,CVG,Delta,50.0,6,12,52.5,5.00%,1.0,6.3,12,Cascaded,2027,6.300000000000001,12
D0,DC/OO/DEN,Delta,5.2,,DC,OO,,DEN,Delta,69.09,664,961,72.55,5.00%,1.0,697.2,961,Cascaded,2027,697.2,961
D0,DC/OO/DHN,Menzies Aviation,5.2,,DC,OO,,DHN,Menzies Aviation,53.52,38,71,56.2,5.00%,1.0,39.9,71,Cascaded,2027,39.900000000000006,71
D0,DC/OO/DLH,Unifi,5.2,,DC,OO,,DLH,Unifi,74.64,830,1112,78.37,5.00%,1.0,871.5,1112,Cascaded,2027,871.5,1112
D0,DC/OO/DSM,Unifi,5.2,,DC,OO,,DSM,Unifi,59.62,31,52,62.6,5.00%,1.0,32.55,52,Cascaded,2027,32.550000000000004,52
D0,DC/OO/DTW,Delta,5.2,,DC,OO,,DTW,Delta,63.53,5145,8099,66.7,5.00%,0.30379074161549363,5402.25,8099,Cascaded,2027,5402.25,8099
D0,DC/OO/DTW,Unifi,5.2,,DC,OO,,DTW,Unifi,64.66,11791,18236,67.89,5.00%,0.6962092583845064,12380.55,18236,Cascaded,2027,12380.55,18236
D0,DC/OO/ECP,Unifi,5.2,,DC,OO,,ECP,Unifi,66.88,208,311,70.23,5.00%,1.0,218.4,311,Cascaded,2027,218.4,311
D0,DC/OO/EGE,Menzies Aviation,5.2,,DC,OO,,EGE,Menzies Aviation,57.36,74,129,60.23,5.00%,1.0,77.7,129,Cascaded,2027,77.7,129
D0,DC/OO/EKO,SkyWest,5.2,,DC,OO,,EKO,SkyWest,95.09,542,570,99.84,5.00%,1.0,569.1,570,Cascaded,2027,569.1,570
D0,DC/OO/ELH,Omega Aviation,5.2,,DC,OO,,ELH,Omega Aviation,38.46,5,13,40.38,5.00%,1.0,5.25,13,Cascaded,2027,5.25,13
D0,DC/OO/ELM,Unifi,5.2,,DC,OO,,ELM,Unifi,76.35,678,888,80.17,5.00%,1.0,711.9,888,Cascaded,2027,711.9000000000001,888
D0,DC/OO/ESC,Unifi,5.2,,DC,OO,,ESC,Unifi,84.64,496,586,88.87,5.00%,1.0,520.8,586,Cascaded,2027,520.8000000000001,586
D0,DC/OO/EUG,Unifi,5.2,,DC,OO,,EUG,Unifi,87.44,1552,1775,91.81,5.00%,1.0,1629.6,1775,Cascaded,2027,1629.6000000000001,1775
D0,DC/OO/EVV,Unifi,5.2,,DC,OO,,EVV,Unifi,74.19,23,31,77.9,5.00%,1.0,24.15,31,Cascaded,2027,24.150000000000002,31
D0,DC/OO/EWR,Delta,5.2,,DC,OO,,EWR,Delta,66.67,6,9,70.0,5.00%,1.0,6.3,9,Cascaded,2027,6.300000000000001,9
D0,DC/OO/FAR,Unifi,5.2,,DC,OO,,FAR,Unifi,74.01,558,754,77.71,5.00%,1.0,585.9,754,Cascaded,2027,585.9,754
D0,DC/OO/FAT,Unifi,5.2,,DC,OO,,FAT,Unifi,87.73,1194,1361,92.12,5.00%,1.0,1253.7,1361,Cascaded,2027,1253.7,1361
D0,DC/OO/FAY,Unifi,5.2,,DC,OO,,FAY,Unifi,65.96,31,47,69.26,5.00%,1.0,32.55,47,Cascaded,2027,32.550000000000004,47
D0,DC/OO/FCA,Unifi,5.2,,DC,OO,,FCA,Unifi,81.55,632,775,85.63,5.00%,1.0,663.6,775,Cascaded,2027,663.6,775
D0,DC/OO/FSD,Unifi,5.2,,DC,OO,,FSD,Unifi,72.05,611,848,75.65,5.00%,1.0,641.55,848,Cascaded,2027,641.5500000000001,848
D0,DC/OO/FWA,Unifi,5.2,,DC,OO,,FWA,Unifi,71.58,1214,1696,75.16,5.00%,1.0,1274.7,1696,Cascaded,2027,1274.7,1696
D0,DC/OO/GEG,Unifi,5.2,,DC,OO,,GEG,Unifi,85.42,3298,3861,89.69,5.00%,1.0,3462.9,3861,Cascaded,2027,3462.9,3861
D0,DC/OO/GFK,Unifi,5.2,,DC,OO,,GFK,Unifi,78.67,734,933,82.6,5.00%,1.0,770.7,933,Cascaded,2027,770.7,933
D0,DC/OO/GJT,SkyWest,5.2,,DC,OO,,GJT,SkyWest,90.21,525,582,94.72,5.00%,1.0,551.25,582,Cascaded,2027,551.25,582
D0,DC/OO/GRB,Delta,5.2,,DC,OO,,GRB,Delta,74.89,1026,1370,78.64,5.00%,1.0,1077.3,1370,Cascaded,2027,1077.3,1370
D0,DC/OO/GRR,Delta,5.2,,DC,OO,,GRR,Delta,69.33,1501,2165,72.8,5.00%,1.0,1576.05,2165,Cascaded,2027,1576.0500000000002,2165
D0,DC/OO/GSO,Delta,5.2,,DC,OO,,GSO,Delta,65.05,268,412,68.3,5.00%,1.0,281.4,412,Cascaded,2027,281.40000000000003,412
D0,DC/OO/GSP,Delta,5.2,,DC,OO,,GSP,Delta,57.14,140,245,60.0,5.00%,1.0,147.0,245,Cascaded,2027,147.0,245
D0,DC/OO/GTF,Unifi,5.2,,DC,OO,,GTF,Unifi,88.18,1022,1159,92.59,5.00%,1.0,1073.1,1159,Cascaded,2027,1073.1000000000001,1159
D0,DC/OO/HIB,SkyWest,5.2,,DC,OO,,HIB,SkyWest,82.47,508,616,86.59,5.00%,1.0,533.4,616,Cascaded,2027,533.4,616
D0,DC/OO/HLN,SkyWest,5.2,,DC,OO,,HLN,SkyWest,94.04,678,721,98.74,5.00%,1.0,711.9,721,Cascaded,2027,711.9000000000001,721
D0,DC/OO/HPN,Unifi,5.2,,DC,OO,,HPN,Unifi,70.37,76,108,73.89,5.00%,1.0,79.8,108,Cascaded,2027,79.80000000000001,108
D0,DC/OO/HRL,Valley International Airport Ground Handling Services,5.2,,DC,OO,,HRL,Valley International Airport Ground Handling Services,100.0,7,7,105.0,5.00%,1.0,7.35,7,Cascaded,2027,7.3500000000000005,7
D0,DC/OO/HSV,Delta,5.2,,DC,OO,,HSV,Delta,77.78,84,108,81.67,5.00%,1.0,88.2,108,Cascaded,2027,88.2,108
D0,DC/OO/IAD,Delta,5.2,,DC,OO,,IAD,Delta,67.19,1073,1597,70.55,5.00%,1.0,1126.65,1597,Cascaded,2027,1126.65,1597
D0,DC/OO/IAH,Delta,5.2,,DC,OO,,IAH,Delta,56.52,13,23,59.35,5.00%,1.0,13.65,23,Cascaded,2027,13.65,23
D0,DC/OO/ICT,Unifi,5.2,,DC,OO,,ICT,Unifi,73.21,276,377,76.87,5.00%,1.0,289.8,377,Cascaded,2027,289.8,377
D0,DC/OO/IDA,SkyWest,5.2,,DC,OO,,IDA,SkyWest,87.88,754,858,92.27,5.00%,1.0,791.7,858,Cascaded,2027,791.7,858
D0,DC/OO/IMT,Unifi,5.2,,DC,OO,,IMT,Unifi,69.04,484,701,72.5,5.00%,1.0,508.2,701,Cascaded,2027,508.20000000000005,701
D0,DC/OO/IND,Delta,5.2,,DC,OO,,IND,Delta,72.33,970,1341,75.95,5.00%,1.0,1018.5,1341,Cascaded,2027,1018.5,1341
D0,DC/OO/INL,Unifi,5.2,,DC,OO,,INL,Unifi,85.54,550,643,89.81,5.00%,1.0,577.5,643,Cascaded,2027,577.5,643
D0,DC/OO/JAC,Unifi,5.2,,DC,OO,,JAC,Unifi,78.03,508,651,81.94,5.00%,1.0,533.4,651,Cascaded,2027,533.4,651
D0,DC/OO/JAX,Delta,5.2,,DC,OO,,JAX,Delta,75.7,271,358,79.48,5.00%,1.0,284.55,358,Cascaded,2027,284.55,358
D0,DC/OO/LAN,Unifi,5.2,,DC,OO,,LAN,Unifi,69.25,626,904,72.71,5.00%,1.0,657.3,904,Cascaded,2027,657.3000000000001,904
D0,DC/OO/LAS,Delta,5.2,,DC,OO,,LAS,Delta,81.78,1768,2162,85.86,5.00%,1.0,1856.4,2162,Cascaded,2027,1856.4,2162
D0,DC/OO/LAX,Delta,5.2,,DC,OO,,LAX,Delta,79.97,9599,12004,83.96,5.00%,1.0,10078.95,12004,Cascaded,2027,10078.95,12004
D0,DC/OO/LEX,Delta,5.2,,DC,OO,,LEX,Delta,78.18,387,495,82.09,5.00%,1.0,406.35,495,Cascaded,2027,406.35,495
D0,DC/OO/LFT,Unifi,5.2,,DC,OO,,LFT,Unifi,67.69,155,229,71.07,5.00%,1.0,162.75,229,Cascaded,2027,162.75,229
D0,DC/OO/LGA,Delta,5.2,,DC,OO,,LGA,Delta,66.1,583,882,69.4,5.00%,1.0,612.15,882,Cascaded,2027,612.15,882
D0,DC/OO/LGB,Unifi,5.2,,DC,OO,,LGB,Unifi,86.64,564,651,90.97,5.00%,1.0,592.2,651,Cascaded,2027,592.2,651
D0,DC/OO/LIT,Delta,5.2,,DC,OO,,LIT,Delta,85.38,222,260,89.65,5.00%,1.0,233.1,260,Cascaded,2027,233.10000000000002,260
D0,DC/OO/LWS,SkyWest,5.2,,DC,OO,,LWS,SkyWest,86.23,626,726,90.54,5.00%,1.0,657.3,726,Cascaded,2027,657.3000000000001,726
D0,DC/OO/MAF,HHS Aviation,5.2,,DC,OO,,MAF,HHS Aviation,71.62,318,444,75.2,5.00%,1.0,333.9,444,Cascaded,2027,333.90000000000003,444
D0,DC/OO/MBS,Unifi,5.2,,DC,OO,,MBS,Unifi,74.45,778,1045,78.17,5.00%,1.0,816.9,1045,Cascaded,2027,816.9000000000001,1045
D0,DC/OO/MCI,Delta,5.2,,DC,OO,,MCI,Delta,68.25,245,359,71.66,5.00%,1.0,257.25,359,Cascaded,2027,257.25,359
D0,DC/OO/MDT,Unifi,5.2,,DC,OO,,MDT,Unifi,75.0,189,252,78.75,5.00%,1.0,198.45,252,Cascaded,2027,198.45000000000002,252
D0,DC/OO/MDW,Delta,5.2,,DC,OO,,MDW,Delta,69.65,902,1295,73.14,5.00%,1.0,947.1,1295,Cascaded,2027,947.1,1295
D0,DC/OO/MEM,Delta,5.2,,DC,OO,,MEM,Delta,73.78,1320,1789,77.47,5.00%,1.0,1386.0,1789,Cascaded,2027,1386.0,1789
D0,DC/OO/MFE,PrimeFlight,5.2,,DC,OO,,MFE,PrimeFlight,80.65,825,1023,84.68,5.00%,1.0,866.25,1023,Cascaded,2027,866.25,1023
D0,DC/OO/MFR,Unifi,5.2,,DC,OO,,MFR,Unifi,87.06,1541,1770,91.42,5.00%,1.0,1618.05,1770,Cascaded,2027,1618.0500000000002,1770
D0,DC/OO/MGM,Unifi,5.2,,DC,OO,,MGM,Unifi,67.8,219,323,71.19,5.00%,1.0,229.95,323,Cascaded,2027,229.95000000000002,323
D0,DC/OO/MHH,Omega Aviation,5.2,,DC,OO,,MHH,Omega Aviation,50.0,7,14,52.5,5.00%,1.0,7.35,14,Cascaded,2027,7.3500000000000005,14
D0,DC/OO/MKE,Delta,5.2,,DC,OO,,MKE,Delta,68.25,1152,1688,71.66,5.00%,1.0,1209.6,1688,Cascaded,2027,1209.6000000000001,1688
D0,DC/OO/MOB,Delta,5.2,,DC,OO,,MOB,Delta,59.54,103,173,62.51,5.00%,1.0,108.15,173,Cascaded,2027,108.15,173
D0,DC/OO/MOT,Unifi,5.2,,DC,OO,,MOT,Unifi,72.1,902,1251,75.71,5.00%,1.0,947.1,1251,Cascaded,2027,947.1,1251
D0,DC/OO/MQT,SkyWest,5.2,,DC,OO,,MQT,SkyWest,75.41,500,663,79.19,5.00%,1.0,525.0,663,Cascaded,2027,525.0,663
D0,DC/OO/MSN,Delta,5.2,,DC,OO,,MSN,Delta,71.54,935,1307,75.11,5.00%,1.0,981.75,1307,Cascaded,2027,981.75,1307
D0,DC/OO/MSO,Unifi,5.2,,DC,OO,,MSO,Unifi,82.27,478,581,86.39,5.00%,1.0,501.9,581,Cascaded,2027,501.90000000000003,581
D0,DC/OO/MSP,Delta,5.2,,DC,OO,,MSP,Delta,74.29,1390,1871,78.01,5.00%,0.07130764889960499,1459.5,1871,Cascaded,2027,1459.5,1871
D0,DC/OO/MSP,Unifi,5.2,,DC,OO,,MSP,Unifi,70.48,18103,25684,74.01,5.00%,0.928692351100395,19008.15,25684,Cascaded,2027,19008.15,25684
D0,DC/OO/MSY,Delta,5.2,,DC,OO,,MSY,Delta,71.02,370,521,74.57,5.00%,1.0,388.5,521,Cascaded,2027,388.5,521
D0,DC/OO/OAJ,Unifi,5.2,,DC,OO,,OAJ,Unifi,69.41,295,425,72.88,5.00%,1.0,309.75,425,Cascaded,2027,309.75,425
D0,DC/OO/OAK,Delta,5.2,,DC,OO,,OAK,Delta,86.53,919,1062,90.86,5.00%,1.0,964.95,1062,Cascaded,2027,964.95,1062
D0,DC/OO/OKC,Delta,5.2,,DC,OO,,OKC,Delta,86.7,1108,1278,91.03,5.00%,1.0,1163.4,1278,Cascaded,2027,1163.4,1278
D0,DC/OO/OMA,Unifi,5.2,,DC,OO,,OMA,Unifi,75.68,2434,3216,79.47,5.00%,1.0,2555.7,3216,Cascaded,2027,2555.7000000000003,3216
D0,DC/OO/ONT,Delta,5.2,,DC,OO,,ONT,Delta,85.84,1206,1405,90.13,5.00%,1.0,1266.3,1405,Cascaded,2027,1266.3000000000002,1405
D0,DC/OO/ORD,Delta,5.2,,DC,OO,,ORD,Delta,47.63,432,907,50.01,5.00%,1.0,453.6,907,Cascaded,2027,453.6,907
D0,DC/OO/ORF,Delta,5.2,,DC,OO,,ORF,Delta,56.34,80,142,59.15,5.00%,1.0,84.0,142,Cascaded,2027,84.0,142
D0,DC/OO/PDX,Delta,5.2,,DC,OO,,PDX,Delta,79.71,1827,2292,83.7,5.00%,1.0,1918.35,2292,Cascaded,2027,1918.3500000000001,2292
D0,DC/OO/PHL,Delta,5.2,,DC,OO,,PHL,Delta,56.18,50,89,58.99,5.00%,1.0,52.5,89,Cascaded,2027,52.5,89
D0,DC/OO/PHX,Delta,5.2,,DC,OO,,PHX,Delta,77.03,1217,1580,80.88,5.00%,1.0,1277.85,1580,Cascaded,2027,1277.8500000000001,1580
D0,DC/OO/PIH,SkyWest,5.2,,DC,OO,,PIH,SkyWest,92.14,387,420,96.75,5.00%,1.0,406.35,420,Cascaded,2027,406.35,420
D0,DC/OO/PIT,Delta,5.2,,DC,OO,,PIT,Delta,62.06,628,1012,65.16,5.00%,1.0,659.4,1012,Cascaded,2027,659.4000000000001,1012
D0,DC/OO/PLN,Unifi,5.2,,DC,OO,,PLN,Unifi,75.35,428,568,79.12,5.00%,1.0,449.4,568,Cascaded,2027,449.40000000000003,568
D0,DC/OO/PSC,Menzies Aviation,5.2,,DC,OO,,PSC,Menzies Aviation,87.47,1794,2051,91.84,5.00%,1.0,1883.7,2051,Cascaded,2027,1883.7,2051
D0,DC/OO/PSP,Unifi,5.2,,DC,OO,,PSP,Unifi,86.46,939,1086,90.79,5.00%,1.0,985.95,1086,Cascaded,2027,985.95,1086
D0,DC/OO/PVD,Delta,5.2,,DC,OO,,PVD,Delta,65.73,397,604,69.01,5.00%,1.0,416.85,604,Cascaded,2027,416.85,604
D0,DC/OO/PWM,Unifi,5.2,,DC,OO,,PWM,Unifi,63.2,79,125,66.36,5.00%,1.0,82.95,125,Cascaded,2027,82.95,125
D0,DC/OO/RAP,Unifi,5.2,,DC,OO,,RAP,Unifi,77.41,281,363,81.28,5.00%,1.0,295.05,363,Cascaded,2027,295.05,363
D0,DC/OO/RDM,Unifi,5.2,,DC,OO,,RDM,Unifi,82.96,1461,1761,87.11,5.00%,1.0,1534.05,1761,Cascaded,2027,1534.0500000000002,1761
D0,DC/OO/RDU,Delta,5.2,,DC,OO,,RDU,Delta,50.0,1,2,52.5,5.00%,1.0,1.05,2,Cascaded,2027,1.05,2
D0,DC/OO/RHI,Unifi,5.2,,DC,OO,,RHI,Unifi,85.63,602,703,89.91,5.00%,1.0,632.1,703,Cascaded,2027,632.1,703
D0,DC/OO/RIC,Delta,5.2,,DC,OO,,RIC,Delta,58.12,272,468,61.03,5.00%,1.0,285.6,468,Cascaded,2027,285.6,468
D0,DC/OO/RNO,Unifi,5.2,,DC,OO,,RNO,Unifi,82.99,1347,1623,87.14,5.00%,1.0,1414.35,1623,Cascaded,2027,1414.3500000000001,1623
D0,DC/OO/ROA,Unifi,5.2,,DC,OO,,ROA,Unifi,48.44,31,64,50.86,5.00%,1.0,32.55,64,Cascaded,2027,32.550000000000004,64
D0,DC/OO/ROC,Unifi,5.2,,DC,OO,,ROC,Unifi,57.14,324,567,60.0,5.00%,1.0,340.2,567,Cascaded,2027,340.20000000000005,567
D0,DC/OO/RST,Unifi,5.2,,DC,OO,,RST,Unifi,71.91,192,267,75.51,5.00%,1.0,201.6,267,Cascaded,2027,201.60000000000002,267
D0,DC/OO/SAN,Delta,5.2,,DC,OO,,SAN,Delta,77.32,1544,1997,81.18,5.00%,1.0,1621.2,1997,Cascaded,2027,1621.2,1997
D0,DC/OO/SAT,Delta,5.2,,DC,OO,,SAT,Delta,100.0,1,1,105.0,5.00%,1.0,1.05,1,Cascaded,2027,1.05,1
D0,DC/OO/SAV,Delta,5.2,,DC,OO,,SAV,Delta,40.34,96,238,42.35,5.00%,1.0,100.8,238,Cascaded,2027,100.80000000000001,238
D0,DC/OO/SBA,Unifi,5.2,,DC,OO,,SBA,Unifi,85.41,755,884,89.68,5.00%,1.0,792.75,884,Cascaded,2027,792.75,884
D0,DC/OO/SBN,Unifi,5.2,,DC,OO,,SBN,Unifi,66.23,1363,2058,69.54,5.00%,1.0,1431.15,2058,Cascaded,2027,1431.15,2058
D0,DC/OO/SDF,Delta,5.2,,DC,OO,,SDF,Delta,71.07,1054,1483,74.63,5.00%,1.0,1106.7,1483,Cascaded,2027,1106.7,1483
D0,DC/OO/SEA,Delta,5.2,,DC,OO,,SEA,Delta,79.08,16263,20564,83.04,5.00%,1.0,17076.15,20564,Cascaded,2027,17076.15,20564
D0,DC/OO/SFO,Delta,5.2,,DC,OO,,SFO,Delta,65.22,555,851,68.48,5.00%,1.0,582.75,851,Cascaded,2027,582.75,851
D0,DC/OO/SGF,Unifi,5.2,,DC,OO,,SGF,Unifi,71.65,139,194,75.23,5.00%,1.0,145.95,194,Cascaded,2027,145.95000000000002,194
D0,DC/OO/SGU,SkyWest,5.2,,DC,OO,,SGU,SkyWest,91.12,1549,1700,95.67,5.00%,1.0,1626.45,1700,Cascaded,2027,1626.45,1700
D0,DC/OO/SHV,Unifi,5.2,,DC,OO,,SHV,Unifi,70.71,1043,1475,74.25,5.00%,1.0,1095.15,1475,Cascaded,2027,1095.15,1475
D0,DC/OO/SJC,Delta,5.2,,DC,OO,,SJC,Delta,86.59,3744,4324,90.92,5.00%,1.0,3931.2,4324,Cascaded,2027,3931.2000000000003,4324
D0,DC/OO/SJD,Delta,5.2,,DC,OO,,SJD,Delta,60.36,67,111,63.38,5.00%,1.0,70.35,111,Cascaded,2027,70.35000000000001,111
D0,DC/OO/SLC,Delta,5.2,,DC,OO,,SLC,Delta,83.4,26004,31181,87.57,5.00%,1.0,27304.2,31181,Cascaded,2027,27304.2,31181
D0,DC/OO/SMF,Delta,5.2,,DC,OO,,SMF,Delta,83.93,3425,4081,88.12,5.00%,1.0,3596.25,4081,Cascaded,2027,3596.25,4081
D0,DC/OO/SNA,Delta,5.2,,DC,OO,,SNA,Delta,76.03,945,1243,79.83,5.00%,1.0,992.25,1243,Cascaded,2027,992.25,1243
D0,DC/OO/STL,Delta,5.2,,DC,OO,,STL,Delta,64.27,349,543,67.49,5.00%,1.0,366.45,543,Cascaded,2027,366.45000000000005,543
D0,DC/OO/SUN,SkyWest,5.2,,DC,OO,,SUN,SkyWest,91.42,1023,1119,95.99,5.00%,1.0,1074.15,1119,Cascaded,2027,1074.15,1119
D0,DC/OO/SYR,Delta,5.2,,DC,OO,,SYR,Delta,72.16,140,194,75.77,5.00%,1.0,147.0,194,Cascaded,2027,147.0,194
D0,DC/OO/TLH,Delta,5.2,,DC,OO,,TLH,Delta,0.0,0,3,0.0,0.00%,1.0,0.0,3,Cascaded,2027,0.0,3
D0,DC/OO/TRI,Unifi,5.2,,DC,OO,,TRI,Unifi,61.85,107,173,64.94,5.00%,1.0,112.35,173,Cascaded,2027,112.35000000000001,173
D0,DC/OO/TUL,Unifi,5.2,,DC,OO,,TUL,Unifi,86.52,398,460,90.85,5.00%,1.0,417.9,460,Cascaded,2027,417.90000000000003,460
D0,DC/OO/TUS,Delta,5.2,,DC,OO,,TUS,Delta,85.49,1973,2308,89.76,5.00%,1.0,2071.65,2308,Cascaded,2027,2071.65,2308
D0,DC/OO/TVC,Unifi,5.2,,DC,OO,,TVC,Unifi,62.45,499,799,65.58,5.00%,1.0,523.95,799,Cascaded,2027,523.95,799
D0,DC/OO/TWF,SkyWest,5.2,,DC,OO,,TWF,SkyWest,94.47,735,778,99.2,5.00%,1.0,771.75,778,Cascaded,2027,771.75,778
D0,DC/OO/WYS,SkyWest,5.2,,DC,OO,,WYS,SkyWest,86.9,126,145,91.24,5.00%,1.0,132.3,145,Cascaded,2027,132.3,145
D0,DC/OO/XNA,Unifi,5.2,,DC,OO,,XNA,Unifi,72.06,761,1056,75.67,5.00%,1.0,799.05,1056,Cascaded,2027,799.0500000000001,1056
D0,DC/OO/XWA,SkyWest,5.2,,DC,OO,,XWA,SkyWest,69.88,675,966,73.37,5.00%,1.0,708.75,966,Cascaded,2027,708.75,966
D0,DC/OO/YUL,Delta,5.2,,DC,OO,,YUL,Delta,88.16,216,245,92.57,5.00%,1.0,226.8,245,Cascaded,2027,226.8,245
D0,DC/OO/YVR,Delta,5.2,,DC,OO,,YVR,Delta,85.31,2300,2696,89.58,5.00%,1.0,2415.0,2696,Cascaded,2027,2415.0,2696
D0,DC/OO/YWG,Delta,5.2,,DC,OO,,YWG,Delta,84.15,1019,1211,88.35,5.00%,1.0,1069.95,1211,Cascaded,2027,1069.95,1211
D0,DC/OO/YYC,PRIMEFLIGHT AVIATION SERVICES CANADA,5.2,,DC,OO,,YYC,PRIMEFLIGHT AVIATION SERVICES CANADA,84.32,414,491,88.53,5.00%,0.6798029556650246,434.7,491,Cascaded,2027,434.70000000000005,491
D0,DC/OO/YYC,Samsic Assistance Canada Inc.,5.2,,DC,OO,,YYC,Samsic Assistance Canada Inc.,85.53,195,228,89.8,5.00%,0.32019704433497537,204.75,228,Cascaded,2027,204.75,228
D0,DC/OO/YYZ,Delta,5.2,,DC,OO,,YYZ,Delta,77.34,553,715,81.21,5.00%,1.0,580.65,715,Cascaded,2027,580.6500000000001,715
D0,DC/YX/ACK,Unifi,5.2,,DC,YX,,ACK,Unifi,71.2,220,309,74.76,5.00%,1.0,231.0,309,Cascaded,2027,231.0,309
D0,DC/YX/AGS,Unifi,5.2,,DC,YX,,AGS,Unifi,41.18,7,17,43.24,5.00%,1.0,7.35,17,Cascaded,2027,7.35,17
D0,DC/YX/ATL,Delta,5.2,,DC,YX,,ATL,Delta,73.33,143,195,77.0,5.00%,1.0,150.15,195,Cascaded,2027,150.15,195
D0,DC/YX/AVL,Unifi,5.2,,DC,YX,,AVL,Unifi,63.64,35,55,66.82,5.00%,1.0,36.75,55,Cascaded,2027,36.75,55
D0,DC/YX/BNA,Delta,5.2,,DC,YX,,BNA,Delta,75.46,1439,1907,79.23,5.00%,1.0,1510.95,1907,Cascaded,2027,1510.95,1907
D0,DC/YX/BOS,Delta,5.2,,DC,YX,,BOS,Delta,69.52,16104,23166,72.99,5.00%,1.0,16909.2,23166,Cascaded,2027,16909.2,23166
D0,DC/YX/BUF,Unifi,5.2,,DC,YX,,BUF,Unifi,72.19,623,863,75.8,5.00%,1.0,654.15,863,Cascaded,2027,654.15,863
D0,DC/YX/BWI,Delta,5.2,,DC,YX,,BWI,Delta,74.32,787,1059,78.03,5.00%,1.0,826.35,1059,Cascaded,2027,826.3499999999999,1059
D0,DC/YX/CHS,Delta,5.2,,DC,YX,,CHS,Delta,68.17,347,509,71.58,5.00%,1.0,364.35,509,Cascaded,2027,364.34999999999997,509
D0,DC/YX/CLE,Delta,5.2,,DC,YX,,CLE,Delta,75.36,997,1323,79.13,5.00%,1.0,1046.85,1323,Cascaded,2027,1046.85,1323
D0,DC/YX/CLT,Delta,5.2,,DC,YX,,CLT,Delta,73.27,1680,2293,76.93,5.00%,1.0,1764.0,2293,Cascaded,2027,1764.0,2293
D0,DC/YX/CMH,Delta,5.2,,DC,YX,,CMH,Delta,75.93,3104,4088,79.73,5.00%,1.0,3259.2,4088,Cascaded,2027,3259.2,4088
D0,DC/YX/CVG,Delta,5.2,,DC,YX,,CVG,Delta,68.12,889,1305,71.53,5.00%,1.0,933.45,1305,Cascaded,2027,933.4499999999999,1305
D0,DC/YX/DCA,Delta,5.2,,DC,YX,,DCA,Delta,69.12,5393,7802,72.58,5.00%,1.0,5662.65,7802,Cascaded,2027,5662.65,7802
D0,DC/YX/DTW,Delta,5.2,,DC,YX,,DTW,Delta,65.74,71,108,69.03,5.00%,0.04111175448755067,74.55,108,Cascaded,2027,74.55,108
D0,DC/YX/DTW,Unifi,5.2,,DC,YX,,DTW,Unifi,73.05,1656,2267,76.7,5.00%,0.9588882455124493,1738.8,2267,Cascaded,2027,1738.8,2267
D0,DC/YX/ECP,Unifi,5.2,,DC,YX,,ECP,Unifi,66.67,4,6,70.0,5.00%,1.0,4.2,6,Cascaded,2027,4.2,6
D0,DC/YX/EWR,Delta,5.2,,DC,YX,,EWR,Delta,63.2,589,932,66.36,5.00%,1.0,618.45,932,Cascaded,2027,618.4499999999999,932
D0,DC/YX/EYW,Unifi,5.2,,DC,YX,,EYW,Unifi,64.18,86,134,67.39,5.00%,1.0,90.3,134,Cascaded,2027,90.3,134
D0,DC/YX/GRR,Delta,5.2,,DC,YX,,GRR,Delta,75.62,639,845,79.4,5.00%,1.0,670.95,845,Cascaded,2027,670.9499999999999,845
D0,DC/YX/GSO,Delta,5.2,,DC,YX,,GSO,Delta,72.93,450,617,76.58,5.00%,1.0,472.5,617,Cascaded,2027,472.5,617
D0,DC/YX/HHH,Unifi,5.2,,DC,YX,,HHH,Unifi,70.65,272,385,74.18,5.00%,1.0,285.6,385,Cascaded,2027,285.59999999999997,385
D0,DC/YX/IAD,Delta,5.2,,DC,YX,,IAD,Delta,68.29,56,82,71.71,5.00%,1.0,58.8,82,Cascaded,2027,58.8,82
D0,DC/YX/ILM,Unifi,5.2,,DC,YX,,ILM,Unifi,66.67,38,57,70.0,5.00%,1.0,39.9,57,Cascaded,2027,39.9,57
D0,DC/YX/IND,Delta,5.2,,DC,YX,,IND,Delta,76.04,1704,2241,79.84,5.00%,1.0,1789.2,2241,Cascaded,2027,1789.1999999999998,2241
D0,DC/YX/JAX,Delta,5.2,,DC,YX,,JAX,Delta,69.53,865,1244,73.01,5.00%,1.0,908.25,1244,Cascaded,2027,908.25,1244
D0,DC/YX/JFK,Delta,5.2,,DC,YX,,JFK,Delta,70.44,3639,5166,73.96,5.00%,1.0,3820.95,5166,Cascaded,2027,3820.95,5166
D0,DC/YX/LEX,Delta,5.2,,DC,YX,,LEX,Delta,81.63,502,615,85.71,5.00%,1.0,527.1,615,Cascaded,2027,527.1,615
D0,DC/YX/LGA,Delta,5.2,,DC,YX,,LGA,Delta,70.06,15039,21466,73.56,5.00%,1.0,15790.95,21466,Cascaded,2027,15790.949999999999,21466
D0,DC/YX/MCI,Delta,5.2,,DC,YX,,MCI,Delta,73.53,325,442,77.21,5.00%,1.0,341.25,442,Cascaded,2027,341.25,442
D0,DC/YX/MCO,Delta,5.2,,DC,YX,,MCO,Delta,72.38,490,677,76.0,5.00%,1.0,514.5,677,Cascaded,2027,514.5,677
D0,DC/YX/MEM,Delta,5.2,,DC,YX,,MEM,Delta,77.13,543,704,80.99,5.00%,1.0,570.15,704,Cascaded,2027,570.15,704
D0,DC/YX/MIA,Delta,5.2,,DC,YX,,MIA,Delta,68.54,220,321,71.96,5.00%,1.0,231.0,321,Cascaded,2027,231.0,321
D0,DC/YX/MKE,Delta,5.2,,DC,YX,,MKE,Delta,72.27,925,1280,75.88,5.00%,1.0,971.25,1280,Cascaded,2027,971.25,1280
D0,DC/YX/MSN,Delta,5.2,,DC,YX,,MSN,Delta,77.17,659,854,81.02,5.00%,1.0,691.95,854,Cascaded,2027,691.9499999999999,854
D0,DC/YX/MVY,Unifi,5.2,,DC,YX,,MVY,Unifi,72.84,228,313,76.49,5.00%,1.0,239.4,313,Cascaded,2027,239.39999999999998,313
D0,DC/YX/MYR,Unifi,5.2,,DC,YX,,MYR,Unifi,83.1,59,71,87.25,5.00%,1.0,61.95,71,Cascaded,2027,61.949999999999996,71
D0,DC/YX/OMA,Unifi,5.2,,DC,YX,,OMA,Unifi,82.24,250,304,86.35,5.00%,1.0,262.5,304,Cascaded,2027,262.5,304
D0,DC/YX/ORD,Delta,5.2,,DC,YX,,ORD,Delta,66.18,687,1038,69.49,5.00%,1.0,721.35,1038,Cascaded,2027,721.35,1038
D0,DC/YX/ORF,Delta,5.2,,DC,YX,,ORF,Delta,74.47,563,756,78.19,5.00%,1.0,591.15,756,Cascaded,2027,591.15,756
D0,DC/YX/PHL,Delta,5.2,,DC,YX,,PHL,Delta,72.04,827,1148,75.64,5.00%,1.0,868.35,1148,Cascaded,2027,868.3499999999999,1148
D0,DC/YX/PIT,Delta,5.2,,DC,YX,,PIT,Delta,77.41,2570,3320,81.28,5.00%,1.0,2698.5,3320,Cascaded,2027,2698.5,3320
D0,DC/YX/PNS,Delta,5.2,,DC,YX,,PNS,Delta,83.33,5,6,87.5,5.00%,1.0,5.25,6,Cascaded,2027,5.25,6
D0,DC/YX/PWM,Unifi,5.2,,DC,YX,,PWM,Unifi,70.38,556,790,73.9,5.00%,1.0,583.8,790,Cascaded,2027,583.8,790
D0,DC/YX/RDU,Delta,5.2,,DC,YX,,RDU,Delta,67.43,443,657,70.8,5.00%,1.0,465.15,657,Cascaded,2027,465.15,657
D0,DC/YX/RIC,Delta,5.2,,DC,YX,,RIC,Delta,74.54,1347,1807,78.27,5.00%,1.0,1414.35,1807,Cascaded,2027,1414.35,1807
D0,DC/YX/SAV,Delta,5.2,,DC,YX,,SAV,Delta,65.86,706,1072,69.15,5.00%,1.0,741.3,1072,Cascaded,2027,741.3,1072
D0,DC/YX/SBN,Unifi,5.2,,DC,YX,,SBN,Unifi,90.0,9,10,94.5,5.00%,1.0,9.45,10,Cascaded,2027,9.45,10
D0,DC/YX/SDF,Delta,5.2,,DC,YX,,SDF,Delta,77.13,1275,1653,80.99,5.00%,1.0,1338.75,1653,Cascaded,2027,1338.75,1653
D0,DC/YX/SRQ,Delta,5.2,,DC,YX,,SRQ,Delta,46.15,72,156,48.46,5.00%,1.0,75.6,156,Cascaded,2027,75.6,156
D0,DC/YX/STL,Delta,5.2,,DC,YX,,STL,Delta,73.4,218,297,77.07,5.00%,1.0,228.9,297,Cascaded,2027,228.89999999999998,297
D0,DC/YX/SYR,Delta,5.2,,DC,YX,,SYR,Delta,69.69,177,254,73.17,5.00%,1.0,185.85,254,Cascaded,2027,185.85,254
D0,DC/YX/TVC,Unifi,5.2,,DC,YX,,TVC,Unifi,76.19,32,42,80.0,5.00%,1.0,33.6,42,Cascaded,2027,33.6,42
D0,DL/DL/ABQ,Delta,5.2,,DL,DL,,ABQ,Delta,79.02,900,1139,82.97,5.00%,1.0,945.0,1139,Cascaded,2027,945.0,1139
D0,DL/DL/ACC,Aviance,5.2,,DL,DL,,ACC,Aviance,52.22,212,406,54.83,5.00%,1.0,222.6,406,Cascaded,2027,222.6,406
D0,DL/DL/AGS,Unifi,5.2,,DL,DL,,AGS,Unifi,66.1,392,593,69.41,5.00%,1.0,411.6,593,Cascaded,2027,411.6,593
D0,DL/DL/AKL,Swissport,5.2,,DL,DL,,AKL,Swissport,80.43,148,184,84.46,5.00%,1.0,155.4,184,Cascaded,2027,155.4,184
D0,DL/DL/ALB,Delta,5.2,,DL,DL,,ALB,Delta,66.29,877,1323,69.6,5.00%,1.0,920.85,1323,Cascaded,2027,920.85,1323
D0,DL/DL/AMS,KLM,5.2,,DL,DL,,AMS,KLM,34.37,1839,5351,36.09,5.00%,1.0,1930.95,5351,Cascaded,2027,1930.95,5351
D0,DL/DL/ANC,Delta,5.2,,DL,DL,,ANC,Delta,69.26,1872,2703,72.72,5.00%,1.0,1965.6,2703,Cascaded,2027,1965.6,2703
D0,DL/DL/ANU,Dispatch Services Antigua,5.2,,DL,DL,,ANU,Dispatch Services Antigua,43.9,36,82,46.1,5.00%,1.0,37.8,82,Cascaded,2027,37.8,82
D0,DL/DL/ARN,Menzies Aviation,5.2,,DL,DL,,ARN,Menzies Aviation,63.08,123,195,66.23,5.00%,1.0,129.15,195,Cascaded,2027,129.15,195
D0,DL/DL/ATH,Swissport,5.2,,DL,DL,,ATH,Swissport,69.41,692,997,72.88,5.00%,1.0,726.6,997,Cascaded,2027,726.6,997
D0,DL/DL/ATL,Delta,5.2,,DL,DL,,ATL,Delta,63.91,170284,266429,67.11,5.00%,1.0,178798.2,266429,Cascaded,2027,178798.2,266429
D0,DL/DL/ATW,Unifi,5.2,,DL,DL,,ATW,Unifi,75.47,320,424,79.25,5.00%,1.0,336.0,424,Cascaded,2027,336.0,424
D0,DL/DL/AUA,General Air Services N.V.,5.2,,DL,DL,,AUA,General Air Services N.V.,72.27,769,1064,75.89,5.00%,1.0,807.45,1064,Cascaded,2027,807.45,1064
D0,DL/DL/AUS,Delta,5.2,,DL,DL,,AUS,Delta,68.79,8850,12866,72.23,5.00%,1.0,9292.5,12866,Cascaded,2027,9292.5,12866
D0,DL/DL/AVL,Unifi,5.2,,DL,DL,,AVL,Unifi,65.35,1320,2020,68.61,5.00%,1.0,1386.0,2020,Cascaded,2027,1386.0,2020
D0,DL/DL/BCN,ICTS,5.2,,DL,DL,,BCN,ICTS,58.06,526,906,60.96,5.00%,1.0,552.3,906,Cascaded,2027,552.3,906
D0,DL/DL/BDA,Delta,5.2,,DL,DL,,BDA,Delta,76.82,275,358,80.66,5.00%,1.0,288.75,358,Cascaded,2027,288.75,358
D0,DL/DL/BDL,Delta,5.2,,DL,DL,,BDL,Delta,67.16,2806,4178,70.52,5.00%,1.0,2946.3,4178,Cascaded,2027,2946.3,4178
D0,DL/DL/BER,WISAG Aviation,5.2,,DL,DL,,BER,WISAG Aviation,54.73,110,201,57.46,5.00%,1.0,115.5,201,Cascaded,2027,115.5,201
D0,DL/DL/BGI,Caribbean Aircraft Handling,5.2,,DL,DL,,BGI,Caribbean Aircraft Handling,71.04,211,297,74.6,5.00%,1.0,221.55,297,Cascaded,2027,221.55,297
D0,DL/DL/BGR,Unifi,5.2,,DL,DL,,BGR,Unifi,44.83,13,29,47.07,5.00%,1.0,13.65,29,Cascaded,2027,13.65,29
D0,DL/DL/BHM,Delta,5.2,,DL,DL,,BHM,Delta,76.56,2482,3242,80.39,5.00%,1.0,2606.1,3242,Cascaded,2027,2606.1,3242
D0,DL/DL/BIL,Unifi,5.2,,DL,DL,,BIL,Unifi,92.14,668,725,96.74,5.00%,1.0,701.4,725,Cascaded,2027,701.4,725
D0,DL/DL/BIS,Unifi,5.2,,DL,DL,,BIS,Unifi,69.63,282,405,73.11,5.00%,1.0,296.1,405,Cascaded,2027,296.1,405
D0,DL/DL/BNA,Delta,5.2,,DL,DL,,BNA,Delta,72.94,6633,9094,76.59,5.00%,1.0,6964.65,9094,Cascaded,2027,6964.65,9094
D0,DL/DL/BNE,dnata,5.2,,DL,DL,,BNE,dnata,45.16,28,62,47.42,5.00%,1.0,29.4,62,Cascaded,2027,29.4,62
D0,DL/DL/BOG,SAI,5.2,,DL,DL,,BOG,SAI,63.62,439,690,66.8,5.00%,1.0,460.95,690,Cascaded,2027,460.95,690
D0,DL/DL/BOI,Delta,5.2,,DL,DL,,BOI,Delta,71.7,1817,2534,75.29,5.00%,1.0,1907.85,2534,Cascaded,2027,1907.85,2534
D0,DL/DL/BON,Air Handling Services Bonaire NV,5.2,,DL,DL,,BON,Air Handling Services Bonaire NV,52.78,38,72,55.42,5.00%,1.0,39.9,72,Cascaded,2027,39.9,72
D0,DL/DL/BOS,Delta,5.2,,DL,DL,,BOS,Delta,63.65,18574,29183,66.83,5.00%,1.0,19502.7,29183,Cascaded,2027,19502.7,29183
D0,DL/DL/BRU,Alyzia,5.2,,DL,DL,,BRU,Alyzia,50.85,119,234,53.4,5.00%,1.0,124.95,234,Cascaded,2027,124.95,234
D0,DL/DL/BTR,Unifi,5.2,,DL,DL,,BTR,Unifi,69.83,662,948,73.32,5.00%,1.0,695.1,948,Cascaded,2027,695.1,948
D0,DL/DL/BTV,Unifi,5.2,,DL,DL,,BTV,Unifi,70.29,265,377,73.81,5.00%,1.0,278.25,377,Cascaded,2027,278.25,377
D0,DL/DL/BUF,Unifi,5.2,,DL,DL,,BUF,Unifi,60.49,1055,1744,63.52,5.00%,1.0,1107.75,1744,Cascaded,2027,1107.75,1744
D0,DL/DL/BUR,GAT,5.2,,DL,DL,,BUR,GAT,68.24,505,740,71.66,5.00%,1.0,530.25,740,Cascaded,2027,530.25,740
D0,DL/DL/BWI,Delta,5.2,,DL,DL,,BWI,Delta,66.72,3474,5207,70.05,5.00%,1.0,3647.7,5207,Cascaded,2027,3647.7,5207
D0,DL/DL/BZE,AeroDispatch,5.2,,DL,DL,,BZE,AeroDispatch,78.91,318,403,82.85,5.00%,1.0,333.9,403,Cascaded,2027,333.9,403
D0,DL/DL/BZN,Delta,5.2,,DL,DL,,BZN,Delta,76.65,1513,1974,80.48,5.00%,1.0,1588.65,1974,Cascaded,2027,1588.65,1974
D0,DL/DL/CAE,Delta,5.2,,DL,DL,,CAE,Delta,67.95,1266,1863,71.35,5.00%,1.0,1329.3,1863,Cascaded,2027,1329.3,1863
D0,DL/DL/CDG,Air France,5.2,,DL,DL,,CDG,Air France,37.91,1516,3999,39.8,5.00%,1.0,1591.8,3999,Cascaded,2027,1591.8,3999
D0,DL/DL/CHA,Unifi,5.2,,DL,DL,,CHA,Unifi,65.69,850,1294,68.97,5.00%,1.0,892.5,1294,Cascaded,2027,892.5,1294
D0,DL/DL/CHO,Unifi,5.2,,DL,DL,,CHO,Unifi,72.38,131,181,75.99,5.00%,1.0,137.55,181,Cascaded,2027,137.55,181
D0,DL/DL/CHS,Delta,5.2,,DL,DL,,CHS,Delta,74.97,3370,4495,78.72,5.00%,1.0,3538.5,4495,Cascaded,2027,3538.5,4495
D0,DL/DL/CID,Unifi,5.2,,DL,DL,,CID,Unifi,78.09,278,356,81.99,5.00%,1.0,291.9,356,Cascaded,2027,291.9,356
D0,DL/DL/CLE,Delta,5.2,,DL,DL,,CLE,Delta,70.18,2497,3558,73.69,5.00%,1.0,2621.85,3558,Cascaded,2027,2621.85,3558
D0,DL/DL/CLT,Delta,5.2,,DL,DL,,CLT,Delta,71.88,3918,5451,75.47,5.00%,1.0,4113.9,5451,Cascaded,2027,4113.9,5451
D0,DL/DL/CMH,Delta,5.2,,DL,DL,,CMH,Delta,77.03,2820,3661,80.88,5.00%,1.0,2961.0,3661,Cascaded,2027,2961.0,3661
D0,DL/DL/COS,Delta,5.2,,DL,DL,,COS,Delta,75.49,496,657,79.27,5.00%,1.0,520.8,657,Cascaded,2027,520.8,657
D0,DL/DL/CPH,Menzies Aviation,5.2,,DL,DL,,CPH,Menzies Aviation,70.11,190,271,73.62,5.00%,1.0,199.5,271,Cascaded,2027,199.5,271
D0,DL/DL/CPT,Colossal,5.2,,DL,DL,,CPT,Colossal,55.61,109,196,58.39,5.00%,1.0,114.45,196,Cascaded,2027,114.45,196
D0,DL/DL/CTA,GH Catania,5.2,,DL,DL,,CTA,GH Catania,64.77,125,193,68.01,5.00%,1.0,131.25,193,Cascaded,2027,131.25,193
D0,DL/DL/CTG,SAI,5.2,,DL,DL,,CTG,SAI,78.89,157,199,82.84,5.00%,1.0,164.85,199,Cascaded,2027,164.85,199
D0,DL/DL/CUN,Delta,5.2,,DL,DL,,CUN,Delta,60.24,3501,5812,63.25,5.00%,1.0,3676.05,5812,Cascaded,2027,3676.05,5812
D0,DL/DL/CUR,Antillean Flight Services NV,5.2,,DL,DL,,CUR,Antillean Flight Services NV,68.84,137,199,72.29,5.00%,1.0,143.85,199,Cascaded,2027,143.85,199
D0,DL/DL/CVG,Delta,5.2,,DL,DL,,CVG,Delta,67.99,5275,7758,71.39,5.00%,1.0,5538.75,7758,Cascaded,2027,5538.75,7758
D0,DL/DL/CZM,Passenger Handling Services,5.2,,DL,DL,,CZM,Passenger Handling Services,80.13,125,156,84.13,5.00%,1.0,131.25,156,Cascaded,2027,131.25,156
D0,DL/DL/DAB,Delta,5.2,,DL,DL,,DAB,Delta,73.89,1084,1467,77.59,5.00%,1.0,1138.2,1467,Cascaded,2027,1138.2,1467
D0,DL/DL/DAL,Unifi,5.2,,DL,DL,,DAL,Unifi,64.05,1160,1811,67.26,5.00%,1.0,1218.0,1811,Cascaded,2027,1218.0,1811
D0,DL/DL/DAY,Delta,5.2,,DL,DL,,DAY,Delta,76.53,1050,1372,80.36,5.00%,1.0,1102.5,1372,Cascaded,2027,1102.5,1372
D0,DL/DL/DCA,Delta,5.2,,DL,DL,,DCA,Delta,61.66,5668,9192,64.75,5.00%,1.0,5951.4,9192,Cascaded,2027,5951.4,9192
D0,DL/DL/DEN,Delta,5.2,,DL,DL,,DEN,Delta,65.25,7446,11411,68.52,5.00%,1.0,7818.3,11411,Cascaded,2027,7818.3,11411
D0,DL/DL/DFW,Delta,5.2,,DL,DL,,DFW,Delta,65.59,7539,11494,68.87,5.00%,1.0,7915.95,11494,Cascaded,2027,7915.95,11494
D0,DL/DL/DJT,Delta,5.2,,DL,DL,,DJT,Delta,58.11,4093,7043,61.02,5.00%,1.0,4297.65,7043,Cascaded,2027,4297.65,7043
D0,DL/DL/DLH,Unifi,5.2,,DL,DL,,DLH,Unifi,66.67,4,6,70.0,5.00%,1.0,4.2,6,Cascaded,2027,4.2,6
D0,DL/DL/DSM,Unifi,5.2,,DL,DL,,DSM,Unifi,76.17,930,1221,79.98,5.00%,1.0,976.5,1221,Cascaded,2027,976.5,1221
D0,DL/DL/DSS,2AS,5.2,,DL,DL,,DSS,2AS,56.04,102,182,58.85,5.00%,1.0,107.1,182,Cascaded,2027,107.1,182
D0,DL/DL/DTW,Delta,5.2,,DL,DL,,DTW,Delta,64.48,41847,64897,67.71,5.00%,1.0,43939.35,64897,Cascaded,2027,43939.35,64897
D0,DL/DL/DUB,SHP,5.2,,DL,DL,,DUB,SHP,74.76,945,1264,78.5,5.00%,1.0,992.25,1264,Cascaded,2027,992.25,1264
D0,DL/DL/ECP,Unifi,5.2,,DL,DL,,ECP,Unifi,70.39,1664,2364,73.91,5.00%,1.0,1747.2,2364,Cascaded,2027,1747.2,2364
D0,DL/DL/EDI,Swissport,5.2,,DL,DL,,EDI,Swissport,62.29,413,663,65.41,5.00%,1.0,433.65,663,Cascaded,2027,433.65,663
D0,DL/DL/EGE,Menzies Aviation,5.2,,DL,DL,,EGE,Menzies Aviation,63.82,127,199,67.01,5.00%,1.0,133.35,199,Cascaded,2027,133.35,199
D0,DL/DL/ELP,Delta,5.2,,DL,DL,,ELP,Delta,73.62,522,709,77.31,5.00%,1.0,548.1,709,Cascaded,2027,548.1,709
D0,DL/DL/EWR,Delta,5.2,,DL,DL,,EWR,Delta,60.94,3905,6408,63.99,5.00%,1.0,4100.25,6408,Cascaded,2027,4100.25,6408
D0,DL/DL/EYW,Unifi,5.2,,DL,DL,,EYW,Unifi,71.68,1035,1444,75.26,5.00%,1.0,1086.75,1444,Cascaded,2027,1086.75,1444
D0,DL/DL/EZE,CrossRacer,5.2,,DL,DL,,EZE,CrossRacer,57.49,334,581,60.36,5.00%,1.0,350.7,581,Cascaded,2027,350.7,581
D0,DL/DL/FAI,Unifi,5.2,,DL,DL,,FAI,Unifi,61.22,401,655,64.28,5.00%,1.0,421.05,655,Cascaded,2027,421.05,655
D0,DL/DL/FAR,Unifi,5.2,,DL,DL,,FAR,Unifi,75.43,525,696,79.2,5.00%,1.0,551.25,696,Cascaded,2027,551.25,696
D0,DL/DL/FAT,Unifi,5.2,,DL,DL,,FAT,Unifi,67.78,61,90,71.17,5.00%,1.0,64.05,90,Cascaded,2027,64.05,90
D0,DL/DL/FAY,Unifi,5.2,,DL,DL,,FAY,Unifi,36.07,22,61,37.87,5.00%,1.0,23.1,61,Cascaded,2027,23.1,61
D0,DL/DL/FCA,Unifi,5.2,,DL,DL,,FCA,Unifi,73.77,613,831,77.45,5.00%,1.0,643.65,831,Cascaded,2027,643.65,831
D0,DL/DL/FCO,Delta,5.2,,DL,DL,,FCO,Delta,69.63,1408,2022,73.12,5.00%,1.0,1478.4,2022,Cascaded,2027,1478.4,2022
D0,DL/DL/FLL,Delta,5.2,,DL,DL,,FLL,Delta,55.31,6948,12561,58.08,5.00%,1.0,7295.4,12561,Cascaded,2027,7295.4,12561
D0,DL/DL/FRA,AHS,5.2,,DL,DL,,FRA,AHS,66.92,615,919,70.27,5.00%,1.0,645.75,919,Cascaded,2027,645.75,919
D0,DL/DL/FSD,Unifi,5.2,,DL,DL,,FSD,Unifi,81.28,586,721,85.34,5.00%,1.0,615.3,721,Cascaded,2027,615.3,721
D0,DL/DL/GCM,FADS,5.2,,DL,DL,,GCM,FADS,83.41,367,440,87.58,5.00%,1.0,385.35,440,Cascaded,2027,385.35,440
D0,DL/DL/GDL,Delta,5.2,,DL,DL,,GDL,Delta,88.1,333,378,92.5,5.00%,1.0,349.65,378,Cascaded,2027,349.65,378
D0,DL/DL/GEG,Unifi,5.2,,DL,DL,,GEG,Unifi,75.31,1937,2572,79.08,5.00%,1.0,2033.85,2572,Cascaded,2027,2033.85,2572
D0,DL/DL/GIG,LATAM,5.2,,DL,DL,,GIG,LATAM,66.78,195,292,70.12,5.00%,0.8297872340425532,204.75,292,Cascaded,2027,204.75,292
D0,DL/DL/GIG,ORBITAL SERV AUXILIARES TRANS AEREO,5.2,,DL,DL,,GIG,ORBITAL SERV AUXILIARES TRANS AEREO,93.02,40,43,97.67,5.00%,0.1702127659574468,42.0,43,Cascaded,2027,42.0,43
D0,DL/DL/GND,Aviation Services,5.2,,DL,DL,,GND,Aviation Services,68.32,69,101,71.73,5.00%,1.0,72.45,101,Cascaded,2027,72.45,101
D0,DL/DL/GNV,Unifi,5.2,,DL,DL,,GNV,Unifi,73.62,1144,1554,77.3,5.00%,1.0,1201.2,1554,Cascaded,2027,1201.2,1554
D0,DL/DL/GPT,Unifi,5.2,,DL,DL,,GPT,Unifi,76.57,987,1289,80.4,5.00%,1.0,1036.35,1289,Cascaded,2027,1036.35,1289
D0,DL/DL/GRB,Delta,5.2,,DL,DL,,GRB,Delta,80.33,433,539,84.35,5.00%,1.0,454.65,539,Cascaded,2027,454.65,539
D0,DL/DL/GRR,Delta,5.2,,DL,DL,,GRR,Delta,75.17,1456,1937,78.93,5.00%,1.0,1528.8,1937,Cascaded,2027,1528.8,1937
D0,DL/DL/GRU,Delta,5.2,,DL,DL,,GRU,Delta,73.8,738,1000,77.49,5.00%,1.0,774.9,1000,Cascaded,2027,774.9,1000
D0,DL/DL/GSO,Delta,5.2,,DL,DL,,GSO,Delta,77.75,2083,2679,81.64,5.00%,1.0,2187.15,2679,Cascaded,2027,2187.15,2679
D0,DL/DL/GSP,Delta,5.2,,DL,DL,,GSP,Delta,76.79,2399,3124,80.63,5.00%,1.0,2518.95,3124,Cascaded,2027,2518.95,3124
D0,DL/DL/GUA,Delta,5.2,,DL,DL,,GUA,Delta,66.83,270,404,70.17,5.00%,1.0,283.5,404,Cascaded,2027,283.5,404
D0,DL/DL/GVA,Swissport,5.2,,DL,DL,,GVA,Swissport,53.91,69,128,56.6,5.00%,1.0,72.45,128,Cascaded,2027,72.45,128
D0,DL/DL/HAV,ECASA,5.2,,DL,DL,,HAV,ECASA,77.02,409,531,80.88,5.00%,1.0,429.45,531,Cascaded,2027,429.45,531
D0,DL/DL/HDN,Menzies Aviation,5.2,,DL,DL,,HDN,Menzies Aviation,53.38,71,133,56.05,5.00%,1.0,74.55,133,Cascaded,2027,74.55,133
D0,DL/DL/HND,Haneda Turtle Service,5.2,,DL,DL,,HND,Haneda Turtle Service,60.12,1295,2154,63.13,5.00%,1.0,1359.75,2154,Cascaded,2027,1359.75,2154
D0,DL/DL/HNL,Delta,5.2,,DL,DL,,HNL,Delta,74.05,2977,4020,77.76,5.00%,1.0,3125.85,4020,Cascaded,2027,3125.85,4020
D0,DL/DL/HOU,Delta,5.2,,DL,DL,,HOU,Delta,70.11,983,1402,73.62,5.00%,1.0,1032.15,1402,Cascaded,2027,1032.15,1402
D0,DL/DL/HPN,Unifi,5.2,,DL,DL,,HPN,Unifi,52.29,366,700,54.9,5.00%,1.0,384.3,700,Cascaded,2027,384.3,700
D0,DL/DL/HRL,Valley International Airport Ground Handling Services,5.2,,DL,DL,,HRL,Valley International Airport Ground Handling Services,75.74,128,169,79.53,5.00%,1.0,134.4,169,Cascaded,2027,134.4,169
D0,DL/DL/HSV,Delta,5.2,,DL,DL,,HSV,Delta,75.69,1663,2197,79.48,5.00%,1.0,1746.15,2197,Cascaded,2027,1746.15,2197
D0,DL/DL/IAD,Delta,5.2,,DL,DL,,IAD,Delta,65.38,1911,2923,68.65,5.00%,1.0,2006.55,2923,Cascaded,2027,2006.55,2923
D0,DL/DL/IAH,Delta,5.2,,DL,DL,,IAH,Delta,62.99,5139,8158,66.14,5.00%,1.0,5395.95,8158,Cascaded,2027,5395.95,8158
D0,DL/DL/ICN,Korean Air,5.2,,DL,DL,,ICN,Korean Air,62.37,1281,2054,65.48,5.00%,1.0,1345.05,2054,Cascaded,2027,1345.05,2054
D0,DL/DL/ICT,Unifi,5.2,,DL,DL,,ICT,Unifi,68.14,770,1130,71.55,5.00%,1.0,808.5,1130,Cascaded,2027,808.5,1130
D0,DL/DL/IDA,SkyWest,5.2,,DL,DL,,IDA,SkyWest,75.08,235,313,78.83,5.00%,1.0,246.75,313,Cascaded,2027,246.75,313
D0,DL/DL/ILM,Unifi,5.2,,DL,DL,,ILM,Unifi,64.89,741,1142,68.13,5.00%,1.0,778.05,1142,Cascaded,2027,778.05,1142
D0,DL/DL/IND,Delta,5.2,,DL,DL,,IND,Delta,77.52,3441,4439,81.39,5.00%,1.0,3613.05,4439,Cascaded,2027,3613.05,4439
D0,DL/DL/JAC,Unifi,5.2,,DL,DL,,JAC,Unifi,65.98,607,920,69.28,5.00%,1.0,637.35,920,Cascaded,2027,637.35,920
D0,DL/DL/JAN,Delta,5.2,,DL,DL,,JAN,Delta,77.3,1519,1965,81.17,5.00%,1.0,1594.95,1965,Cascaded,2027,1594.95,1965
D0,DL/DL/JAX,Delta,5.2,,DL,DL,,JAX,Delta,66.22,3379,5103,69.53,5.00%,1.0,3547.95,5103,Cascaded,2027,3547.95,5103
D0,DL/DL/JFK,Delta,5.2,,DL,DL,,JFK,Delta,65.35,29448,45064,68.61,5.00%,1.0,30920.4,45064,Cascaded,2027,30920.4,45064
D0,DL/DL/JNB,Colossal,5.2,,DL,DL,,JNB,Colossal,60.32,190,315,63.33,5.00%,1.0,199.5,315,Cascaded,2027,199.5,315
D0,DL/DL/JNU,Unifi,5.2,,DL,DL,,JNU,Unifi,89.21,124,139,93.67,5.00%,1.0,130.2,139,Cascaded,2027,130.2,139
D0,DL/DL/KEF,Airport Associates,5.2,,DL,DL,,KEF,Airport Associates,63.55,272,428,66.73,5.00%,1.0,285.6,428,Cascaded,2027,285.6,428
D0,DL/DL/KIN,Menzies Aviation,5.2,,DL,DL,,KIN,Menzies Aviation,75.42,270,358,79.19,5.00%,1.0,283.5,358,Cascaded,2027,283.5,358
D0,DL/DL/KOA,Unifi,5.2,,DL,DL,,KOA,Unifi,67.08,536,799,70.44,5.00%,1.0,562.8,799,Cascaded,2027,562.8,799
D0,DL/DL/LAS,Delta,5.2,,DL,DL,,LAS,Delta,67.74,10591,15635,71.13,5.00%,1.0,11120.55,15635,Cascaded,2027,11120.55,15635
D0,DL/DL/LAX,Delta,5.2,,DL,DL,,LAX,Delta,68.5,27078,39529,71.93,5.00%,1.0,28431.9,39529,Cascaded,2027,28431.9,39529
D0,DL/DL/LEX,Delta,5.2,,DL,DL,,LEX,Delta,79.34,1578,1989,83.3,5.00%,1.0,1656.9,1989,Cascaded,2027,1656.9,1989
D0,DL/DL/LGA,Delta,5.2,,DL,DL,,LGA,Delta,63.6,18195,28608,66.78,5.00%,1.0,19104.75,28608,Cascaded,2027,19104.75,28608
D0,DL/DL/LGB,Unifi,5.2,,DL,DL,,LGB,Unifi,75.46,326,432,79.24,5.00%,1.0,342.3,432,Cascaded,2027,342.3,432
D0,DL/DL/LGW,Red Handling UK,5.2,,DL,DL,,LGW,Red Handling UK,53.54,53,99,56.21,5.00%,1.0,55.65,99,Cascaded,2027,55.65,99
D0,DL/DL/LHR,Virgin Atlantic Airways,5.2,,DL,DL,,LHR,Virgin Atlantic Airways,70.85,2479,3499,74.39,5.00%,1.0,2602.95,3499,Cascaded,2027,2602.95,3499
D0,DL/DL/LIH,Unifi,5.2,,DL,DL,,LIH,Unifi,71.25,503,706,74.81,5.00%,1.0,528.15,706,Cascaded,2027,528.15,706
D0,DL/DL/LIM,Delta,5.2,,DL,DL,,LIM,Delta,57.28,236,412,60.15,5.00%,1.0,247.8,412,Cascaded,2027,247.8,412
D0,DL/DL/LIR,Delta,5.2,,DL,DL,,LIR,Delta,76.85,508,661,80.7,5.00%,1.0,533.4,661,Cascaded,2027,533.4,661
D0,DL/DL/LIS,Groundforce,5.2,,DL,DL,,LIS,Groundforce,45.07,302,670,47.33,5.00%,1.0,317.1,670,Cascaded,2027,317.1,670
D0,DL/DL/LIT,Delta,5.2,,DL,DL,,LIT,Delta,74.56,1665,2233,78.29,5.00%,1.0,1748.25,2233,Cascaded,2027,1748.25,2233
D0,DL/DL/LOS,NAHCo,5.2,,DL,DL,,LOS,NAHCo,16.34,66,404,17.15,5.00%,1.0,69.3,404,Cascaded,2027,69.3,404
D0,DL/DL/MAD,Delta,5.2,,DL,DL,,MAD,Delta,68.66,493,718,72.1,5.00%,1.0,517.65,718,Cascaded,2027,517.65,718
D0,DL/DL/MBJ,Menzies Aviation,5.2,,DL,DL,,MBJ,Menzies Aviation,71.82,1088,1515,75.41,5.00%,1.0,1142.4,1515,Cascaded,2027,1142.4,1515
D0,DL/DL/MCI,Delta,5.2,,DL,DL,,MCI,Delta,76.19,5943,7800,80.0,5.00%,1.0,6240.15,7800,Cascaded,2027,6240.15,7800
D0,DL/DL/MCO,Delta,5.2,,DL,DL,,MCO,Delta,61.78,13009,21058,64.87,5.00%,1.0,13659.45,21058,Cascaded,2027,13659.45,21058
D0,DL/DL/MDT,Unifi,5.2,,DL,DL,,MDT,Unifi,66.56,631,948,69.89,5.00%,1.0,662.55,948,Cascaded,2027,662.55,948
D0,DL/DL/MDW,Delta,5.2,,DL,DL,,MDW,Delta,71.45,971,1359,75.02,5.00%,1.0,1019.55,1359,Cascaded,2027,1019.55,1359
D0,DL/DL/MEM,Delta,5.2,,DL,DL,,MEM,Delta,73.93,3139,4246,77.62,5.00%,1.0,3295.95,4246,Cascaded,2027,3295.95,4246
D0,DL/DL/MEX,Delta,5.2,,DL,DL,,MEX,Delta,76.08,2385,3135,79.88,5.00%,1.0,2504.25,3135,Cascaded,2027,2504.25,3135
D0,DL/DL/MIA,Delta,5.2,,DL,DL,,MIA,Delta,55.06,6535,11869,57.81,5.00%,1.0,6861.75,11869,Cascaded,2027,6861.75,11869
D0,DL/DL/MKE,Delta,5.2,,DL,DL,,MKE,Delta,75.45,2843,3768,79.22,5.00%,1.0,2985.15,3768,Cascaded,2027,2985.15,3768
D0,DL/DL/MLB,Delta,5.2,,DL,DL,,MLB,Delta,73.7,1045,1418,77.38,5.00%,1.0,1097.25,1418,Cascaded,2027,1097.25,1418
D0,DL/DL/MOB,Delta,5.2,,DL,DL,,MOB,Delta,72.89,535,734,76.53,5.00%,1.0,561.75,734,Cascaded,2027,561.75,734
D0,DL/DL/MSN,Delta,5.2,,DL,DL,,MSN,Delta,80.98,1392,1719,85.03,5.00%,1.0,1461.6,1719,Cascaded,2027,1461.6,1719
D0,DL/DL/MSO,Unifi,5.2,,DL,DL,,MSO,Unifi,80.57,759,942,84.6,5.00%,1.0,796.95,942,Cascaded,2027,796.95,942
D0,DL/DL/MSP,Delta,5.2,,DL,DL,,MSP,Delta,67.01,43254,64544,70.37,5.00%,0.9184804535705944,45416.7,64544,Cascaded,2027,45416.700000000004,64544
D0,DL/DL/MSP,Unifi,5.2,,DL,DL,,MSP,Unifi,63.59,3839,6037,66.77,5.00%,0.08151954642940565,4030.95,6037,Cascaded,2027,4030.9500000000003,6037
D0,DL/DL/MSY,Delta,5.2,,DL,DL,,MSY,Delta,67.94,5028,7401,71.33,5.00%,1.0,5279.4,7401,Cascaded,2027,5279.4,7401
D0,DL/DL/MTJ,Menzies Aviation,5.2,,DL,DL,,MTJ,Menzies Aviation,60.42,58,96,63.44,5.00%,1.0,60.9,96,Cascaded,2027,60.9,96
D0,DL/DL/MTY,Delta,5.2,,DL,DL,,MTY,Delta,89.2,322,361,93.66,5.00%,1.0,338.1,361,Cascaded,2027,338.1,361
D0,DL/DL/MUC,Airport Terminal Solutions (ATSG),5.2,,DL,DL,,MUC,Airport Terminal Solutions (ATSG),62.11,318,512,65.21,5.00%,1.0,333.9,512,Cascaded,2027,333.9,512
D0,DL/DL/MXP,Airport Handling SpA,5.2,,DL,DL,,MXP,Airport Handling SpA,52.38,473,903,55.0,5.00%,1.0,496.65,903,Cascaded,2027,496.65,903
D0,DL/DL/MYR,Unifi,5.2,,DL,DL,,MYR,Unifi,72.35,1599,2210,75.97,5.00%,1.0,1678.95,2210,Cascaded,2027,1678.95,2210
D0,DL/DL/MZT,"AVEESPRESS, S.A. DE C.V.",5.2,,DL,DL,,MZT,"AVEESPRESS, S.A. DE C.V.",78.57,11,14,82.5,5.00%,1.0,11.55,14,Cascaded,2027,11.55,14
D0,DL/DL/NAP,GH Napoli,5.2,,DL,DL,,NAP,GH Napoli,65.88,195,296,69.17,5.00%,1.0,204.75,296,Cascaded,2027,204.75,296
D0,DL/DL/NAS,Delta,5.2,,DL,DL,,NAS,Delta,80.64,1391,1725,84.67,5.00%,1.0,1460.55,1725,Cascaded,2027,1460.55,1725
D0,DL/DL/NCE,AviaPartner,5.2,,DL,DL,,NCE,AviaPartner,56.25,198,352,59.06,5.00%,1.0,207.9,352,Cascaded,2027,207.9,352
D0,DL/DL/OAK,Delta,5.2,,DL,DL,,OAK,Delta,85.71,6,7,90.0,5.00%,1.0,6.3,7,Cascaded,2027,6.3,7
D0,DL/DL/OGG,Delta,5.2,,DL,DL,,OGG,Delta,79.17,950,1200,83.12,5.00%,1.0,997.5,1200,Cascaded,2027,997.5,1200
D0,DL/DL/OKC,Delta,5.2,,DL,DL,,OKC,Delta,76.89,1291,1679,80.74,5.00%,1.0,1355.55,1679,Cascaded,2027,1355.55,1679
D0,DL/DL/OLB,Geasar SpA,5.2,,DL,DL,,OLB,Geasar SpA,50.0,3,6,52.5,5.00%,1.0,3.15,6,Cascaded,2027,3.15,6
D0,DL/DL/OMA,Unifi,5.2,,DL,DL,,OMA,Unifi,75.21,1274,1694,78.97,5.00%,1.0,1337.7,1694,Cascaded,2027,1337.7,1694
D0,DL/DL/ONT,Delta,5.2,,DL,DL,,ONT,Delta,79.53,1465,1842,83.51,5.00%,1.0,1538.25,1842,Cascaded,2027,1538.25,1842
D0,DL/DL/OPO,Portway,5.2,,DL,DL,,OPO,Portway,77.78,7,9,81.67,5.00%,1.0,7.35,9,Cascaded,2027,7.35,9
D0,DL/DL/ORD,Delta,5.2,,DL,DL,,ORD,Delta,58.09,5952,10247,60.99,5.00%,1.0,6249.6,10247,Cascaded,2027,6249.6,10247
D0,DL/DL/ORF,Delta,5.2,,DL,DL,,ORF,Delta,66.54,2122,3189,69.87,5.00%,1.0,2228.1,3189,Cascaded,2027,2228.1,3189
D0,DL/DL/PDX,Delta,5.2,,DL,DL,,PDX,Delta,72.31,5221,7220,75.93,5.00%,1.0,5482.05,7220,Cascaded,2027,5482.05,7220
D0,DL/DL/PHL,Delta,5.2,,DL,DL,,PHL,Delta,65.77,4139,6293,69.06,5.00%,1.0,4345.95,6293,Cascaded,2027,4345.95,6293
D0,DL/DL/PHX,Delta,5.2,,DL,DL,,PHX,Delta,70.75,7466,10552,74.29,5.00%,1.0,7839.3,10552,Cascaded,2027,7839.3,10552
D0,DL/DL/PIT,Delta,5.2,,DL,DL,,PIT,Delta,72.27,2348,3249,75.88,5.00%,1.0,2465.4,3249,Cascaded,2027,2465.4,3249
D0,DL/DL/PLS,FlightSupport,5.2,,DL,DL,,PLS,FlightSupport,84.29,633,751,88.5,5.00%,1.0,664.65,751,Cascaded,2027,664.65,751
D0,DL/DL/PNS,Delta,5.2,,DL,DL,,PNS,Delta,80.72,2261,2801,84.76,5.00%,1.0,2374.05,2801,Cascaded,2027,2374.05,2801
D0,DL/DL/POP,SERVAIR,5.2,,DL,DL,,POP,SERVAIR,80.92,106,131,84.96,5.00%,1.0,111.3,131,Cascaded,2027,111.3,131
D0,DL/DL/PPT,Air Tahiti,5.2,,DL,DL,,PPT,Air Tahiti,66.67,2,3,70.0,5.00%,1.0,2.1,3,Cascaded,2027,2.1,3
D0,DL/DL/PRG,Menzies Aviation,5.2,,DL,DL,,PRG,Menzies Aviation,63.82,97,152,67.01,5.00%,1.0,101.85,152,Cascaded,2027,101.85,152
D0,DL/DL/PSC,Menzies Aviation,5.2,,DL,DL,,PSC,Menzies Aviation,90.48,532,588,95.0,5.00%,1.0,558.6,588,Cascaded,2027,558.6,588
D0,DL/DL/PSP,Unifi,5.2,,DL,DL,,PSP,Unifi,60.26,467,775,63.27,5.00%,1.0,490.35,775,Cascaded,2027,490.35,775
D0,DL/DL/PTY,BLAS,5.2,,DL,DL,,PTY,BLAS,75.68,308,407,79.46,5.00%,1.0,323.4,407,Cascaded,2027,323.4,407
D0,DL/DL/PUJ,SERVAIR,5.2,,DL,DL,,PUJ,SERVAIR,62.33,1304,2092,65.45,5.00%,1.0,1369.2,2092,Cascaded,2027,1369.2,2092
D0,DL/DL/PVD,Delta,5.2,,DL,DL,,PVD,Delta,64.58,793,1228,67.81,5.00%,1.0,832.65,1228,Cascaded,2027,832.65,1228
D0,DL/DL/PVG,China Eastern,5.2,,DL,DL,,PVG,China Eastern,69.67,604,867,73.15,5.00%,1.0,634.2,867,Cascaded,2027,634.2,867
D0,DL/DL/PVR,Delta,5.2,,DL,DL,,PVR,Delta,79.19,1119,1413,83.15,5.00%,1.0,1174.95,1413,Cascaded,2027,1174.95,1413
D0,DL/DL/PWM,Unifi,5.2,,DL,DL,,PWM,Unifi,60.72,705,1161,63.76,5.00%,1.0,740.25,1161,Cascaded,2027,740.25,1161
D0,DL/DL/RAK,RAM Handling,5.2,,DL,DL,,RAK,RAM Handling,65.0,65,100,68.25,5.00%,1.0,68.25,100,Cascaded,2027,68.25,100
D0,DL/DL/RAP,Unifi,5.2,,DL,DL,,RAP,Unifi,53.33,8,15,56.0,5.00%,1.0,8.4,15,Cascaded,2027,8.4,15
D0,DL/DL/RDU,Delta,5.2,,DL,DL,,RDU,Delta,68.97,8187,11870,72.42,5.00%,1.0,8596.35,11870,Cascaded,2027,8596.35,11870
D0,DL/DL/RIC,Delta,5.2,,DL,DL,,RIC,Delta,73.74,2100,2848,77.42,5.00%,1.0,2205.0,2848,Cascaded,2027,2205.0,2848
D0,DL/DL/RNO,Unifi,5.2,,DL,DL,,RNO,Unifi,69.17,774,1119,72.63,5.00%,1.0,812.7,1119,Cascaded,2027,812.7,1119
D0,DL/DL/ROA,Unifi,5.2,,DL,DL,,ROA,Unifi,85.63,304,355,89.92,5.00%,1.0,319.2,355,Cascaded,2027,319.2,355
D0,DL/DL/ROC,Unifi,5.2,,DL,DL,,ROC,Unifi,51.77,555,1072,54.36,5.00%,1.0,582.75,1072,Cascaded,2027,582.75,1072
D0,DL/DL/RSW,Delta,5.2,,DL,DL,,RSW,Delta,70.08,5205,7427,73.59,5.00%,1.0,5465.25,7427,Cascaded,2027,5465.25,7427
D0,DL/DL/RTB,TriStar,5.2,,DL,DL,,RTB,TriStar,67.09,53,79,70.44,5.00%,1.0,55.65,79,Cascaded,2027,55.65,79
D0,DL/DL/SAL,Air Support,5.2,,DL,DL,,SAL,Air Support,69.53,251,361,73.01,5.00%,1.0,263.55,361,Cascaded,2027,263.55,361
D0,DL/DL/SAN,Delta,5.2,,DL,DL,,SAN,Delta,69.56,6589,9473,73.03,5.00%,1.0,6918.45,9473,Cascaded,2027,6918.45,9473
D0,DL/DL/SAP,Warren,5.2,,DL,DL,,SAP,Warren,55.83,201,360,58.63,5.00%,1.0,211.05,360,Cascaded,2027,211.05,360
D0,DL/DL/SAT,Delta,5.2,,DL,DL,,SAT,Delta,72.04,4849,6731,75.64,5.00%,1.0,5091.45,6731,Cascaded,2027,5091.45,6731
D0,DL/DL/SAV,Delta,5.2,,DL,DL,,SAV,Delta,70.55,2571,3644,74.08,5.00%,1.0,2699.55,3644,Cascaded,2027,2699.55,3644
D0,DL/DL/SBA,Unifi,5.2,,DL,DL,,SBA,Unifi,67.29,253,376,70.65,5.00%,1.0,265.65,376,Cascaded,2027,265.65,376
D0,DL/DL/SCL,Delta,5.2,,DL,DL,,SCL,Delta,76.83,315,410,80.67,5.00%,1.0,330.75,410,Cascaded,2027,330.75,410
D0,DL/DL/SDF,Delta,5.2,,DL,DL,,SDF,Delta,78.55,2076,2643,82.47,5.00%,1.0,2179.8,2643,Cascaded,2027,2179.8,2643
D0,DL/DL/SDQ,SERVAIR,5.2,,DL,DL,,SDQ,SERVAIR,58.54,840,1435,61.46,5.00%,1.0,882.0,1435,Cascaded,2027,882.0,1435
D0,DL/DL/SEA,Delta,5.2,,DL,DL,,SEA,Delta,65.15,22939,35212,68.4,5.00%,1.0,24085.95,35212,Cascaded,2027,24085.95,35212
D0,DL/DL/SFO,Delta,5.2,,DL,DL,,SFO,Delta,61.41,8301,13517,64.48,5.00%,1.0,8716.05,13517,Cascaded,2027,8716.05,13517
D0,DL/DL/SGF,Unifi,5.2,,DL,DL,,SGF,Unifi,51.5,240,466,54.08,5.00%,1.0,252.0,466,Cascaded,2027,252.0,466
D0,DL/DL/SHV,Unifi,5.2,,DL,DL,,SHV,Unifi,0.0,0,1,0.0,0.00%,1.0,0.0,1,Cascaded,2027,0.0,1
D0,DL/DL/SJC,Delta,5.2,,DL,DL,,SJC,Delta,80.58,2158,2678,84.61,5.00%,1.0,2265.9,2678,Cascaded,2027,2265.9,2678
D0,DL/DL/SJD,Delta,5.2,,DL,DL,,SJD,Delta,66.9,1364,2039,70.24,5.00%,1.0,1432.2,2039,Cascaded,2027,1432.2,2039
D0,DL/DL/SJO,Aero Sphere A.S. Handling,5.2,,DL,DL,,SJO,Aero Sphere A.S. Handling,65.87,384,583,69.16,5.00%,1.0,403.2,583,Cascaded,2027,403.2,583
D0,DL/DL/SJU,Delta,5.2,,DL,DL,,SJU,Delta,73.27,2621,3577,76.94,5.00%,1.0,2752.05,3577,Cascaded,2027,2752.05,3577
D0,DL/DL/SKB,SKGS,5.2,,DL,DL,,SKB,SKGS,46.3,25,54,48.61,5.00%,1.0,26.25,54,Cascaded,2027,26.25,54
D0,DL/DL/SLC,Delta,5.2,,DL,DL,,SLC,Delta,68.16,38891,57057,71.57,5.00%,1.0,40835.55,57057,Cascaded,2027,40835.55,57057
D0,DL/DL/SMF,Delta,5.2,,DL,DL,,SMF,Delta,80.58,2780,3450,84.61,5.00%,1.0,2919.0,3450,Cascaded,2027,2919.0,3450
D0,DL/DL/SNA,Delta,5.2,,DL,DL,,SNA,Delta,64.61,2943,4555,67.84,5.00%,1.0,3090.15,4555,Cascaded,2027,3090.15,4555
D0,DL/DL/SNN,SHP,5.2,,DL,DL,,SNN,SHP,78.57,88,112,82.5,5.00%,1.0,92.4,112,Cascaded,2027,92.4,112
D0,DL/DL/SRQ,Delta,5.2,,DL,DL,,SRQ,Delta,71.83,2333,3248,75.42,5.00%,1.0,2449.65,3248,Cascaded,2027,2449.65,3248
D0,DL/DL/STI,SERVAIR,5.2,,DL,DL,,STI,SERVAIR,67.61,720,1065,70.99,5.00%,1.0,756.0,1065,Cascaded,2027,756.0,1065
D0,DL/DL/STL,Delta,5.2,,DL,DL,,STL,Delta,78.14,4090,5234,82.05,5.00%,1.0,4294.5,5234,Cascaded,2027,4294.5,5234
D0,DL/DL/STT,GCG GROUND SERVICES LLC,5.2,,DL,DL,,STT,GCG GROUND SERVICES LLC,64.03,673,1051,67.24,5.00%,1.0,706.65,1051,Cascaded,2027,706.65,1051
D0,DL/DL/STX,WFS -Worldwide Flight Services,5.2,,DL,DL,,STX,WFS -Worldwide Flight Services,36.07,44,122,37.87,5.00%,1.0,46.2,122,Cascaded,2027,46.2,122
D0,DL/DL/SXM,ARRINDELL AVIATION SERVICES,5.2,,DL,DL,,SXM,ARRINDELL AVIATION SERVICES,52.64,279,530,55.27,5.00%,1.0,292.95,530,Cascaded,2027,292.95,530
D0,DL/DL/SYD,dnata,5.2,,DL,DL,,SYD,dnata,70.6,293,415,74.13,5.00%,1.0,307.65,415,Cascaded,2027,307.65,415
D0,DL/DL/SYR,Delta,5.2,,DL,DL,,SYR,Delta,73.94,1024,1385,77.63,5.00%,1.0,1075.2,1385,Cascaded,2027,1075.2,1385
D0,DL/DL/TLH,Delta,5.2,,DL,DL,,TLH,Delta,76.74,1422,1853,80.58,5.00%,1.0,1493.1,1853,Cascaded,2027,1493.1,1853
D0,DL/DL/TLV,QAS,5.2,,DL,DL,,TLV,QAS,57.63,136,236,60.51,5.00%,1.0,142.8,236,Cascaded,2027,142.8,236
D0,DL/DL/TPA,Delta,5.2,,DL,DL,,TPA,Delta,64.73,9002,13907,67.97,5.00%,1.0,9452.1,13907,Cascaded,2027,9452.1,13907
D0,DL/DL/TPE,China Airlines,5.2,,DL,DL,,TPE,China Airlines,69.17,249,360,72.62,5.00%,1.0,261.45,360,Cascaded,2027,261.45,360
D0,DL/DL/TQO,Delta,5.2,,DL,DL,,TQO,Delta,82.12,271,330,86.23,5.00%,1.0,284.55,330,Cascaded,2027,284.55,330
D0,DL/DL/TRI,Unifi,5.2,,DL,DL,,TRI,Unifi,66.41,255,384,69.73,5.00%,1.0,267.75,384,Cascaded,2027,267.75,384
D0,DL/DL/TUL,Unifi,5.2,,DL,DL,,TUL,Unifi,73.23,1130,1543,76.9,5.00%,1.0,1186.5,1543,Cascaded,2027,1186.5,1543
D0,DL/DL/TUS,Delta,5.2,,DL,DL,,TUS,Delta,79.12,864,1092,83.08,5.00%,1.0,907.2,1092,Cascaded,2027,907.2,1092
D0,DL/DL/TVC,Unifi,5.2,,DL,DL,,TVC,Unifi,68.89,310,450,72.33,5.00%,1.0,325.5,450,Cascaded,2027,325.5,450
D0,DL/DL/TYS,Delta,5.2,,DL,DL,,TYS,Delta,72.61,1217,1676,76.24,5.00%,1.0,1277.85,1676,Cascaded,2027,1277.85,1676
D0,DL/DL/UIO,Longport,5.2,,DL,DL,,UIO,Longport,66.39,241,363,69.71,5.00%,1.0,253.05,363,Cascaded,2027,253.05,363
D0,DL/DL/UVF,Caribbean Dispatch,5.2,,DL,DL,,UVF,Caribbean Dispatch,73.28,266,363,76.94,5.00%,1.0,279.3,363,Cascaded,2027,279.3,363
D0,DL/DL/VCE,ATA,5.2,,DL,DL,,VCE,ATA,70.02,376,537,73.52,5.00%,1.0,394.8,537,Cascaded,2027,394.8,537
D0,DL/DL/VPS,Unifi,5.2,,DL,DL,,VPS,Unifi,70.53,1857,2633,74.05,5.00%,1.0,1949.85,2633,Cascaded,2027,1949.85,2633
D0,DL/DL/XNA,Unifi,5.2,,DL,DL,,XNA,Unifi,73.26,285,389,76.93,5.00%,1.0,299.25,389,Cascaded,2027,299.25,389
D0,DL/DL/YUL,Delta,5.2,,DL,DL,,YUL,Delta,73.63,723,982,77.31,5.00%,1.0,759.15,982,Cascaded,2027,759.15,982
D0,DL/DL/YVR,Delta,5.2,,DL,DL,,YVR,Delta,75.76,500,660,79.55,5.00%,1.0,525.0,660,Cascaded,2027,525.0,660
D0,DL/DL/YYC,PRIMEFLIGHT AVIATION SERVICES CANADA,5.2,,DL,DL,,YYC,PRIMEFLIGHT AVIATION SERVICES CANADA,72.25,250,346,75.87,5.00%,0.6459948320413437,262.5,346,Cascaded,2027,262.5,346
D0,DL/DL/YYC,Samsic Assistance Canada Inc.,5.2,,DL,DL,,YYC,Samsic Assistance Canada Inc.,61.99,137,221,65.09,5.00%,0.35400516795865633,143.85,221,Cascaded,2027,143.85,221
D0,DL/DL/YYZ,Delta,5.2,,DL,DL,,YYZ,Delta,61.62,1063,1725,64.7,5.00%,1.0,1116.15,1725,Cascaded,2027,1116.15,1725
D0,DL/DL/ZRH,Swissport,5.2,,DL,DL,,ZRH,Swissport,60.56,301,497,63.59,5.00%,1.0,316.05,497,Cascaded,2027,316.05,497
