KPI_Name,parent,node,Tier,sys,ml_dc_1,ml_dc_2,frst_flt_ind,station,fleet,Baseline,Baseline_Num,Baseline_Den,Goal,Stretch,Contribution,Goal_Num,Goal_Den,Source,Goal_Yr,YTD_Num,YTD_Den
D0,,sys,1.0,sys,,,,,,68.29,1216960,1782050,71.7,5.00%,1.0,1277808.0,1782050,Goal Input,2027,1277808.0,1782050
D0,sys,DC,2.0,sys,DC,,,,,72.13,446980,619723,75.73,5.00%,0.36729226926110964,469329.0,619723,Goal Input,2027,469329.0,619723
D0,sys,DL,2.0,sys,DL,,,,,66.24,769980,1162327,69.56,5.00%,0.6327077307388903,808479.0,1162327,Goal Input,2027,808479.0,1162327
D0,sys/DC,9E,3.0,sys,DC,9E,,,,68.21,173872,254904,71.62,5.00%,0.38899279609825943,182565.6,254904,Cascaded,2027,182565.6,254904
D0,sys/DC,OO,3.0,sys,DC,OO,,,,76.2,202544,265791,80.01,5.00%,0.4531388429012484,212671.2,265791,Cascaded,2027,212671.2,265791
D0,sys/DC,YX,3.0,sys,DC,YX,,,,71.26,70564,99028,74.82,5.00%,0.1578683610004922,74092.2,99028,Cascaded,2027,74092.2,99028
D0,sys/DL,DL,3.0,sys,DL,DL,,,,66.24,769980,1162327,69.56,5.00%,1.0,808479.0,1162327,Cascaded,2027,808479.0,1162327
D0,sys/DC/9E,First Flight,4.0,sys,DC,9E,First Flight,,,83.97,36197,43108,88.17,5.00%,0.20818188092389803,38006.85,43108,Cascaded,2027,38006.85,43108
D0,sys/DC/9E,Not First Flight,4.0,sys,DC,9E,Not First Flight,,,65.0,137675,211796,68.25,5.00%,0.791818119076102,144558.75,211796,Cascaded,2027,144558.75,211796
D0,sys/DC/OO,First Flight,4.0,sys,DC,OO,First Flight,,,87.44,37989,43448,91.81,5.00%,0.18755924638597046,39888.45,43448,Cascaded,2027,39888.450000000004,43448
D0,sys/DC/OO,Not First Flight,4.0,sys,DC,OO,Not First Flight,,,74.01,164555,222343,77.71,5.00%,0.8124407536140296,172782.75,222343,Cascaded,2027,172782.75,222343
D0,sys/DC/YX,First Flight,4.0,sys,DC,YX,First Flight,,,85.77,15357,17905,90.06,5.00%,0.21763222039566918,16124.85,17905,Cascaded,2027,16124.849999999999,17905
D0,sys/DC/YX,Not First Flight,4.0,sys,DC,YX,Not First Flight,,,68.05,55207,81123,71.46,5.00%,0.7823677796043308,57967.35,81123,Cascaded,2027,57967.35,81123
D0,sys/DL/DL,First Flight,4.0,sys,DL,DL,First Flight,,,80.36,187485,233313,84.38,5.00%,0.24349333748928545,196859.25,233313,Cascaded,2027,196859.25,233313
D0,sys/DL/DL,Not First Flight,4.0,sys,DL,DL,Not First Flight,,,62.7,582495,929014,65.84,5.00%,0.7565066625107145,611619.75,929014,Cascaded,2027,611619.75,929014
D0,sys/DC/9E,ABE,4.1,sys,DC,9E,,ABE,,67.44,698,1035,70.81,5.00%,0.004014447409588663,732.9,1035,Cascaded,2027,732.9,1035
D0,sys/DC/9E,ABY,4.1,sys,DC,9E,,ABY,,76.24,414,543,80.06,5.00%,0.002381061930615625,434.7,543,Cascaded,2027,434.7,543
D0,sys/DC/9E,AEX,4.1,sys,DC,9E,,AEX,,74.14,751,1013,77.84,5.00%,0.004319269347566025,788.55,1013,Cascaded,2027,788.5500000000001,1013
D0,sys/DC/9E,AGS,4.1,sys,DC,9E,,AGS,,69.74,1270,1821,73.23,5.00%,0.007304223796816048,1333.5,1821,Cascaded,2027,1333.5,1821
D0,sys/DC/9E,ALB,4.1,sys,DC,9E,,ALB,,78.87,627,795,82.81,5.00%,0.0036061010398454035,658.35,795,Cascaded,2027,658.35,795
D0,sys/DC/9E,ATL,4.1,sys,DC,9E,,ATL,,67.06,22163,33048,70.42,5.00%,0.12746733229042054,23271.15,33048,Cascaded,2027,23271.15,33048
D0,sys/DC/9E,ATW,4.1,sys,DC,9E,,ATW,,68.18,30,44,71.59,5.00%,0.00017254071960982791,31.5,44,Cascaded,2027,31.5,44
D0,sys/DC/9E,AUS,4.1,sys,DC,9E,,AUS,,69.19,732,1058,72.65,5.00%,0.004209993558479801,768.6,1058,Cascaded,2027,768.6,1058
D0,sys/DC/9E,AVL,4.1,sys,DC,9E,,AVL,,64.94,650,1001,68.18,5.00%,0.003738382258212938,682.5,1001,Cascaded,2027,682.5,1001
D0,sys/DC/9E,AZO,4.1,sys,DC,9E,,AZO,,59.46,22,37,62.43,5.00%,0.00012652986104720715,23.1,37,Cascaded,2027,23.1,37
D0,sys/DC/9E,BGM,4.1,sys,DC,9E,,BGM,,23.08,3,13,24.23,5.00%,1.725407196098279e-05,3.15,13,Cascaded,2027,3.15,13
D0,sys/DC/9E,BGR,4.1,sys,DC,9E,,BGR,,77.93,939,1205,81.82,5.00%,0.005400524523787614,985.95,1205,Cascaded,2027,985.95,1205
D0,sys/DC/9E,BHM,4.1,sys,DC,9E,,BHM,,70.41,1028,1460,73.93,5.00%,0.00591239532529677,1079.4,1460,Cascaded,2027,1079.4,1460
D0,sys/DC/9E,BIS,4.1,sys,DC,9E,,BIS,,72.44,510,704,76.07,5.00%,0.0029331922333670746,535.5,704,Cascaded,2027,535.5,704
D0,sys/DC/9E,BMI,4.1,sys,DC,9E,,BMI,,74.39,488,656,78.11,5.00%,0.0028066623723198673,512.4,656,Cascaded,2027,512.4,656
D0,sys/DC/9E,BNA,4.1,sys,DC,9E,,BNA,,67.86,1712,2523,71.25,5.00%,0.009846323732400847,1797.6,2523,Cascaded,2027,1797.6000000000001,2523
D0,sys/DC/9E,BQK,4.1,sys,DC,9E,,BQK,,72.27,761,1053,75.88,5.00%,0.004376782920769301,799.05,1053,Cascaded,2027,799.0500000000001,1053
D0,sys/DC/9E,BTR,4.1,sys,DC,9E,,BTR,,59.46,393,661,62.43,5.00%,0.002260283426888746,412.65,661,Cascaded,2027,412.65000000000003,661
D0,sys/DC/9E,BTV,4.1,sys,DC,9E,,BTV,,76.86,1425,1854,80.7,5.00%,0.008195684181466826,1496.25,1854,Cascaded,2027,1496.25,1854
D0,sys/DC/9E,BUF,4.1,sys,DC,9E,,BUF,,70.0,1547,2210,73.5,5.00%,0.008897349774546794,1624.35,2210,Cascaded,2027,1624.3500000000001,2210
D0,sys/DC/9E,BWI,4.1,sys,DC,9E,,BWI,,100.0,2,2,105.0,5.00%,1.1502714640655195e-05,2.1,2,Cascaded,2027,2.1,2
D0,sys/DC/9E,CAE,4.1,sys,DC,9E,,CAE,,68.54,876,1278,71.97,5.00%,0.005038189012606976,919.8,1278,Cascaded,2027,919.8000000000001,1278
D0,sys/DC/9E,CHA,4.1,sys,DC,9E,,CHA,,68.37,1792,2621,71.79,5.00%,0.010306432318027055,1881.6,2621,Cascaded,2027,1881.6000000000001,2621
D0,sys/DC/9E,CHO,4.1,sys,DC,9E,,CHO,,74.32,1320,1776,78.04,5.00%,0.007591791662832428,1386.0,1776,Cascaded,2027,1386.0,1776
D0,sys/DC/9E,CHS,4.1,sys,DC,9E,,CHS,,69.48,1302,1874,72.95,5.00%,0.007488267231066532,1367.1,1874,Cascaded,2027,1367.1000000000001,1874
D0,sys/DC/9E,CID,4.1,sys,DC,9E,,CID,,61.97,391,631,65.06,5.00%,0.0022487807122480905,410.55,631,Cascaded,2027,410.55,631
D0,sys/DC/9E,CLE,4.1,sys,DC,9E,,CLE,,67.33,2393,3554,70.7,5.00%,0.013762998067543941,2512.65,3554,Cascaded,2027,2512.65,3554
D0,sys/DC/9E,CLT,4.1,sys,DC,9E,,CLT,,64.58,1415,2191,67.81,5.00%,0.00813817060826355,1485.75,2191,Cascaded,2027,1485.75,2191
D0,sys/DC/9E,CMH,4.1,sys,DC,9E,,CMH,,67.2,791,1177,70.56,5.00%,0.004549323640379129,830.55,1177,Cascaded,2027,830.5500000000001,1177
D0,sys/DC/9E,CRW,4.1,sys,DC,9E,,CRW,,68.99,723,1048,72.44,5.00%,0.004158231342596853,759.15,1048,Cascaded,2027,759.15,1048
D0,sys/DC/9E,CSG,4.1,sys,DC,9E,,CSG,,63.36,434,685,66.53,5.00%,0.002496089077022177,455.7,685,Cascaded,2027,455.7,685
D0,sys/DC/9E,CVG,4.1,sys,DC,9E,,CVG,,70.24,5093,7251,73.75,5.00%,0.029291662832428452,5347.65,7251,Cascaded,2027,5347.650000000001,7251
D0,sys/DC/9E,CWA,4.1,sys,DC,9E,,CWA,,77.62,555,715,81.5,5.00%,0.0031920033127818166,582.75,715,Cascaded,2027,582.75,715
D0,sys/DC/9E,DAY,4.1,sys,DC,9E,,DAY,,73.45,83,113,77.12,5.00%,0.0004773626575871906,87.15,113,Cascaded,2027,87.15,113
D0,sys/DC/9E,DCA,4.1,sys,DC,9E,,DCA,,56.58,1230,2174,59.41,5.00%,0.007074169504002944,1291.5,2174,Cascaded,2027,1291.5,2174
D0,sys/DC/9E,DHN,4.1,sys,DC,9E,,DHN,,75.62,704,931,79.4,5.00%,0.004048955553510629,739.2,931,Cascaded,2027,739.2,931
D0,sys/DC/9E,DLH,4.1,sys,DC,9E,,DLH,,78.24,205,262,82.16,5.00%,0.0011790282506671575,215.25,262,Cascaded,2027,215.25,262
D0,sys/DC/9E,DSM,4.1,sys,DC,9E,,DSM,,73.27,1974,2694,76.94,5.00%,0.011353179350326677,2072.7,2694,Cascaded,2027,2072.7000000000003,2694
D0,sys/DC/9E,DTW,4.1,sys,DC,9E,,DTW,,66.66,14121,21183,70.0,5.00%,0.081214916720346,14827.05,21183,Cascaded,2027,14827.050000000001,21183
D0,sys/DC/9E,ECP,4.1,sys,DC,9E,,ECP,,52.91,118,223,55.56,5.00%,0.0006786601637986565,123.9,223,Cascaded,2027,123.9,223
D0,sys/DC/9E,ELH,4.1,sys,DC,9E,,ELH,,61.62,122,198,64.7,5.00%,0.0007016655930799668,128.1,198,Cascaded,2027,128.1,198
D0,sys/DC/9E,EVV,4.1,sys,DC,9E,,EVV,,77.72,900,1158,81.61,5.00%,0.005176221588294837,945.0,1158,Cascaded,2027,945.0,1158
D0,sys/DC/9E,EWR,4.1,sys,DC,9E,,EWR,,68.81,984,1430,72.25,5.00%,0.005659335603202356,1033.2,1430,Cascaded,2027,1033.2,1430
D0,sys/DC/9E,EYW,4.1,sys,DC,9E,,EYW,,18.75,3,16,19.69,5.00%,1.725407196098279e-05,3.15,16,Cascaded,2027,3.15,16
D0,sys/DC/9E,FAR,4.1,sys,DC,9E,,FAR,,65.21,343,526,68.47,5.00%,0.001972715560872366,360.15,526,Cascaded,2027,360.15000000000003,526
D0,sys/DC/9E,FAY,4.1,sys,DC,9E,,FAY,,77.0,887,1152,80.85,5.00%,0.0051014539431305786,931.35,1152,Cascaded,2027,931.35,1152
D0,sys/DC/9E,FLL,4.1,sys,DC,9E,,FLL,,91.67,11,12,96.25,5.00%,6.326493052360357e-05,11.55,12,Cascaded,2027,11.55,12
D0,sys/DC/9E,FSD,4.1,sys,DC,9E,,FSD,,66.6,337,506,69.93,5.00%,0.0019382074169504004,353.85,506,Cascaded,2027,353.85,506
D0,sys/DC/9E,FWA,4.1,sys,DC,9E,,FWA,,68.82,256,372,72.26,5.00%,0.001472347474003865,268.8,372,Cascaded,2027,268.8,372
D0,sys/DC/9E,GFK,4.1,sys,DC,9E,,GFK,,71.78,117,163,75.37,5.00%,0.0006729088064783288,122.85,163,Cascaded,2027,122.85000000000001,163
D0,sys/DC/9E,GGT,4.1,sys,DC,9E,,GGT,,69.47,91,131,72.94,5.00%,0.0005233735161498113,95.55,131,Cascaded,2027,95.55,131
D0,sys/DC/9E,GNV,4.1,sys,DC,9E,,GNV,,70.87,90,127,74.41,5.00%,0.0005176221588294838,94.5,127,Cascaded,2027,94.5,127
D0,sys/DC/9E,GPT,4.1,sys,DC,9E,,GPT,,56.0,14,25,58.8,5.00%,8.051900248458637e-05,14.7,25,Cascaded,2027,14.700000000000001,25
D0,sys/DC/9E,GRB,4.1,sys,DC,9E,,GRB,,80.48,437,543,84.5,5.00%,0.00251334314898316,458.85,543,Cascaded,2027,458.85,543
D0,sys/DC/9E,GRR,4.1,sys,DC,9E,,GRR,,68.38,677,990,71.8,5.00%,0.0038936689058617835,710.85,990,Cascaded,2027,710.85,990
D0,sys/DC/9E,GSO,4.1,sys,DC,9E,,GSO,,70.91,707,997,74.46,5.00%,0.0040662096254716115,742.35,997,Cascaded,2027,742.35,997
D0,sys/DC/9E,GSP,4.1,sys,DC,9E,,GSP,,69.21,980,1416,72.67,5.00%,0.005636330173921045,1029.0,1416,Cascaded,2027,1029.0,1416
D0,sys/DC/9E,GTR,4.1,sys,DC,9E,,GTR,,77.02,553,718,80.87,5.00%,0.0031805005981411613,580.65,718,Cascaded,2027,580.65,718
D0,sys/DC/9E,HPN,4.1,sys,DC,9E,,HPN,,59.7,1086,1819,62.69,5.00%,0.006245974049875771,1140.3,1819,Cascaded,2027,1140.3,1819
D0,sys/DC/9E,HSV,4.1,sys,DC,9E,,HSV,,68.89,848,1231,72.33,5.00%,0.004877151007637802,890.4,1231,Cascaded,2027,890.4,1231
D0,sys/DC/9E,IAD,4.1,sys,DC,9E,,IAD,,63.86,615,963,67.06,5.00%,0.003537084752001472,645.75,963,Cascaded,2027,645.75,963
D0,sys/DC/9E,ICT,4.1,sys,DC,9E,,ICT,,75.66,143,189,79.44,5.00%,0.0008224440968068464,150.15,189,Cascaded,2027,150.15,189
D0,sys/DC/9E,ILM,4.1,sys,DC,9E,,ILM,,70.06,709,1012,73.56,5.00%,0.004077712340112266,744.45,1012,Cascaded,2027,744.45,1012
D0,sys/DC/9E,IND,4.1,sys,DC,9E,,IND,,72.43,2283,3152,76.05,5.00%,0.013130348762307904,2397.15,3152,Cascaded,2027,2397.15,3152
D0,sys/DC/9E,ITH,4.1,sys,DC,9E,,ITH,,79.33,541,682,83.29,5.00%,0.00311148431029723,568.05,682,Cascaded,2027,568.0500000000001,682
D0,sys/DC/9E,JAN,4.1,sys,DC,9E,,JAN,,68.92,388,563,72.36,5.00%,0.002231526640287108,407.4,563,Cascaded,2027,407.40000000000003,563
D0,sys/DC/9E,JAX,4.1,sys,DC,9E,,JAX,,65.98,1123,1702,69.28,5.00%,0.006458774270727892,1179.15,1702,Cascaded,2027,1179.15,1702
D0,sys/DC/9E,JFK,4.1,sys,DC,9E,,JFK,,70.0,15499,22143,73.49,5.00%,0.08914028710775743,16273.95,22143,Cascaded,2027,16273.95,22143
D0,sys/DC/9E,LAN,4.1,sys,DC,9E,,LAN,,63.21,67,106,66.37,5.00%,0.000385340940461949,70.35,106,Cascaded,2027,70.35000000000001,106
D0,sys/DC/9E,LEX,4.1,sys,DC,9E,,LEX,,73.47,601,818,77.15,5.00%,0.003456565749516886,631.05,818,Cascaded,2027,631.0500000000001,818
D0,sys/DC/9E,LFT,4.1,sys,DC,9E,,LFT,,75.72,817,1079,79.5,5.00%,0.0046988589307076474,857.85,1079,Cascaded,2027,857.85,1079
D0,sys/DC/9E,LGA,4.1,sys,DC,9E,,LGA,,65.82,20435,31048,69.11,5.00%,0.11752898684089445,21456.75,31048,Cascaded,2027,21456.75,31048
D0,sys/DC/9E,LIT,4.1,sys,DC,9E,,LIT,,66.12,201,304,69.42,5.00%,0.001156022821385847,211.05,304,Cascaded,2027,211.05,304
D0,sys/DC/9E,MBS,4.1,sys,DC,9E,,MBS,,65.04,147,226,68.3,5.00%,0.0008454495260881568,154.35,226,Cascaded,2027,154.35,226
D0,sys/DC/9E,MCI,4.1,sys,DC,9E,,MCI,,66.48,845,1271,69.81,5.00%,0.00485989693567682,887.25,1271,Cascaded,2027,887.25,1271
D0,sys/DC/9E,MCO,4.1,sys,DC,9E,,MCO,,34.21,13,38,35.92,5.00%,7.476764516425877e-05,13.65,38,Cascaded,2027,13.65,38
D0,sys/DC/9E,MDT,4.1,sys,DC,9E,,MDT,,70.62,464,657,74.16,5.00%,0.002668629796632005,487.2,657,Cascaded,2027,487.20000000000005,657
D0,sys/DC/9E,MDW,4.1,sys,DC,9E,,MDW,,60.38,477,790,63.4,5.00%,0.002743397441796264,500.85,790,Cascaded,2027,500.85,790
D0,sys/DC/9E,MEM,4.1,sys,DC,9E,,MEM,,66.04,630,954,69.34,5.00%,0.003623355111806386,661.5,954,Cascaded,2027,661.5,954
D0,sys/DC/9E,MGM,4.1,sys,DC,9E,,MGM,,64.15,868,1353,67.36,5.00%,0.004992178154044354,911.4,1353,Cascaded,2027,911.4,1353
D0,sys/DC/9E,MHH,4.1,sys,DC,9E,,MHH,,64.52,120,186,67.74,5.00%,0.0006901628784393117,126.0,186,Cascaded,2027,126.0,186
D0,sys/DC/9E,MIA,4.1,sys,DC,9E,,MIA,,43.75,7,16,45.94,5.00%,4.0259501242293184e-05,7.35,16,Cascaded,2027,7.3500000000000005,16
D0,sys/DC/9E,MKE,4.1,sys,DC,9E,,MKE,,74.56,850,1140,78.29,5.00%,0.004888653722278458,892.5,1140,Cascaded,2027,892.5,1140
D0,sys/DC/9E,MLI,4.1,sys,DC,9E,,MLI,,71.91,517,719,75.5,5.00%,0.002973451734609368,542.85,719,Cascaded,2027,542.85,719
D0,sys/DC/9E,MLU,4.1,sys,DC,9E,,MLU,,69.37,711,1025,72.83,5.00%,0.004089215054752922,746.55,1025,Cascaded,2027,746.5500000000001,1025
D0,sys/DC/9E,MOB,4.1,sys,DC,9E,,MOB,,72.8,586,805,76.43,5.00%,0.003370295389711972,615.3,805,Cascaded,2027,615.3000000000001,805
D0,sys/DC/9E,MOT,4.1,sys,DC,9E,,MOT,,69.23,81,117,72.69,5.00%,0.00046585994294653536,85.05,117,Cascaded,2027,85.05,117
D0,sys/DC/9E,MSN,4.1,sys,DC,9E,,MSN,,69.46,621,894,72.94,5.00%,0.003571592895923438,652.05,894,Cascaded,2027,652.0500000000001,894
D0,sys/DC/9E,MSP,4.1,sys,DC,9E,,MSP,,65.8,9891,15033,69.09,5.00%,0.056886675255360265,10385.55,15033,Cascaded,2027,10385.550000000001,15033
D0,sys/DC/9E,MYR,4.1,sys,DC,9E,,MYR,,69.47,66,95,72.95,5.00%,0.0003795895831416214,69.3,95,Cascaded,2027,69.3,95
D0,sys/DC/9E,OAJ,4.1,sys,DC,9E,,OAJ,,76.97,645,838,80.82,5.00%,0.0037096254716113,677.25,838,Cascaded,2027,677.25,838
D0,sys/DC/9E,OKC,4.1,sys,DC,9E,,OKC,,77.45,182,235,81.32,5.00%,0.0010467470322996226,191.1,235,Cascaded,2027,191.1,235
D0,sys/DC/9E,OMA,4.1,sys,DC,9E,,OMA,,72.7,751,1033,76.34,5.00%,0.004319269347566025,788.55,1033,Cascaded,2027,788.5500000000001,1033
D0,sys/DC/9E,ORD,4.1,sys,DC,9E,,ORD,,51.69,595,1151,54.28,5.00%,0.0034220576055949206,624.75,1151,Cascaded,2027,624.75,1151
D0,sys/DC/9E,ORF,4.1,sys,DC,9E,,ORF,,63.38,1419,2239,66.55,5.00%,0.00816117603754486,1489.95,2239,Cascaded,2027,1489.95,2239
D0,sys/DC/9E,ORH,4.1,sys,DC,9E,,ORH,,67.5,189,280,70.88,5.00%,0.001087006533541916,198.45,280,Cascaded,2027,198.45000000000002,280
D0,sys/DC/9E,PHL,4.1,sys,DC,9E,,PHL,,38.71,12,31,40.65,5.00%,6.901628784393116e-05,12.6,31,Cascaded,2027,12.6,31
D0,sys/DC/9E,PIT,4.1,sys,DC,9E,,PIT,,66.22,1298,1960,69.54,5.00%,0.0074652618017852215,1362.9,1960,Cascaded,2027,1362.9,1960
D0,sys/DC/9E,PNS,4.1,sys,DC,9E,,PNS,,60.9,204,335,63.94,5.00%,0.00117327689334683,214.2,335,Cascaded,2027,214.20000000000002,335
D0,sys/DC/9E,PVD,4.1,sys,DC,9E,,PVD,,58.64,129,220,61.57,5.00%,0.00074192509432226,135.45,220,Cascaded,2027,135.45000000000002,220
D0,sys/DC/9E,PWM,4.1,sys,DC,9E,,PWM,,68.3,793,1161,71.72,5.00%,0.004560826355019785,832.65,1161,Cascaded,2027,832.65,1161
D0,sys/DC/9E,RAP,4.1,sys,DC,9E,,RAP,,75.51,629,833,79.29,5.00%,0.0036176037544860588,660.45,833,Cascaded,2027,660.45,833
D0,sys/DC/9E,RDU,4.1,sys,DC,9E,,RDU,,64.78,4503,6951,68.02,5.00%,0.02589836201343517,4728.15,6951,Cascaded,2027,4728.150000000001,6951
D0,sys/DC/9E,RIC,4.1,sys,DC,9E,,RIC,,68.34,1541,2255,71.75,5.00%,0.008862841630624828,1618.05,2255,Cascaded,2027,1618.05,2255
D0,sys/DC/9E,ROA,4.1,sys,DC,9E,,ROA,,67.6,849,1256,70.98,5.00%,0.00488290236495813,891.45,1256,Cascaded,2027,891.45,1256
D0,sys/DC/9E,ROC,4.1,sys,DC,9E,,ROC,,63.15,1623,2570,66.31,5.00%,0.00933445293089169,1704.15,2570,Cascaded,2027,1704.15,2570
D0,sys/DC/9E,RST,4.1,sys,DC,9E,,RST,,72.52,541,746,76.15,5.00%,0.00311148431029723,568.05,746,Cascaded,2027,568.0500000000001,746
D0,sys/DC/9E,RSW,4.1,sys,DC,9E,,RSW,,63.24,43,68,66.4,5.00%,0.0002473083647740867,45.15,68,Cascaded,2027,45.15,68
D0,sys/DC/9E,SAV,4.1,sys,DC,9E,,SAV,,62.35,856,1373,65.46,5.00%,0.004923161866200424,898.8,1373,Cascaded,2027,898.8000000000001,1373
D0,sys/DC/9E,SBN,4.1,sys,DC,9E,,SBN,,72.22,13,18,75.83,5.00%,7.476764516425877e-05,13.65,18,Cascaded,2027,13.65,18
D0,sys/DC/9E,SDF,4.1,sys,DC,9E,,SDF,,76.21,535,702,80.02,5.00%,0.0030769761663752646,561.75,702,Cascaded,2027,561.75,702
D0,sys/DC/9E,SGF,4.1,sys,DC,9E,,SGF,,67.55,410,607,70.92,5.00%,0.002358056501334315,430.5,607,Cascaded,2027,430.5,607
D0,sys/DC/9E,SHV,4.1,sys,DC,9E,,SHV,,72.73,72,99,76.36,5.00%,0.000414097727063587,75.6,99,Cascaded,2027,75.60000000000001,99
D0,sys/DC/9E,STL,4.1,sys,DC,9E,,STL,,69.2,1058,1529,72.66,5.00%,0.0060849360449065975,1110.9,1529,Cascaded,2027,1110.9,1529
D0,sys/DC/9E,SYR,4.1,sys,DC,9E,,SYR,,73.25,1950,2662,76.92,5.00%,0.011215146774638815,2047.5,2662,Cascaded,2027,2047.5,2662
D0,sys/DC/9E,TLH,4.1,sys,DC,9E,,TLH,,65.89,226,343,69.18,5.00%,0.001299806754394037,237.3,343,Cascaded,2027,237.3,343
D0,sys/DC/9E,TPA,4.1,sys,DC,9E,,TPA,,75.0,9,12,78.75,5.00%,5.1762215882948376e-05,9.45,12,Cascaded,2027,9.450000000000001,12
D0,sys/DC/9E,TRI,4.1,sys,DC,9E,,TRI,,76.16,840,1103,79.96,5.00%,0.004831140149075182,882.0,1103,Cascaded,2027,882.0,1103
D0,sys/DC/9E,TUL,4.1,sys,DC,9E,,TUL,,71.43,220,308,75.0,5.00%,0.0012652986104720713,231.0,308,Cascaded,2027,231.0,308
D0,sys/DC/9E,TVC,4.1,sys,DC,9E,,TVC,,59.3,153,258,62.27,5.00%,0.0008799576700101224,160.65,258,Cascaded,2027,160.65,258
D0,sys/DC/9E,TYS,4.1,sys,DC,9E,,TYS,,73.99,2497,3375,77.68,5.00%,0.01436113922885801,2621.85,3375,Cascaded,2027,2621.85,3375
D0,sys/DC/9E,VLD,4.1,sys,DC,9E,,VLD,,74.06,745,1006,77.76,5.00%,0.00428476120364406,782.25,1006,Cascaded,2027,782.25,1006
D0,sys/DC/9E,VPS,4.1,sys,DC,9E,,VPS,,47.46,28,59,49.83,5.00%,0.00016103800496917274,29.4,59,Cascaded,2027,29.400000000000002,59
D0,sys/DC/9E,XNA,4.1,sys,DC,9E,,XNA,,66.73,1775,2660,70.07,5.00%,0.010208659243581485,1863.75,2660,Cascaded,2027,1863.75,2660
D0,sys/DC/9E,YHZ,4.1,sys,DC,9E,,YHZ,,78.95,195,247,82.89,5.00%,0.0011215146774638815,204.75,247,Cascaded,2027,204.75,247
D0,sys/DC/9E,YUL,4.1,sys,DC,9E,,YUL,,75.63,1552,2052,79.42,5.00%,0.008926106561148431,1629.6,2052,Cascaded,2027,1629.6000000000001,2052
D0,sys/DC/9E,YYZ,4.1,sys,DC,9E,,YYZ,,72.75,3348,4602,76.39,5.00%,0.019255544308456794,3515.4,4602,Cascaded,2027,3515.4,4602
D0,sys/DC/OO,ABQ,4.1,sys,DC,OO,,ABQ,,86.37,1850,2142,90.69,5.00%,0.009133817837111936,1942.5,2142,Cascaded,2027,1942.5,2142
D0,sys/DC/OO,ABR,4.1,sys,DC,OO,,ABR,,85.0,629,740,89.25,5.00%,0.0031054980646180582,660.45,740,Cascaded,2027,660.45,740
D0,sys/DC/OO,ABY,4.1,sys,DC,OO,,ABY,,75.37,355,471,79.14,5.00%,0.0017527055849593175,372.75,471,Cascaded,2027,372.75,471
D0,sys/DC/OO,AEX,4.1,sys,DC,OO,,AEX,,50.0,9,18,52.5,5.00%,4.443478947784185e-05,9.45,18,Cascaded,2027,9.450000000000001,18
D0,sys/DC/OO,AGS,4.1,sys,DC,OO,,AGS,,70.71,99,140,74.25,5.00%,0.0004887826842562604,103.95,140,Cascaded,2027,103.95,140
D0,sys/DC/OO,ALB,4.1,sys,DC,OO,,ALB,,72.91,576,790,76.56,5.00%,0.0028438265265818786,604.8,790,Cascaded,2027,604.8000000000001,790
D0,sys/DC/OO,APN,4.1,sys,DC,OO,,APN,,77.31,460,595,81.18,5.00%,0.0022711114622008055,483.0,595,Cascaded,2027,483.0,595
D0,sys/DC/OO,ASE,4.1,sys,DC,OO,,ASE,,57.81,433,749,60.7,5.00%,0.00213780709376728,454.65,749,Cascaded,2027,454.65000000000003,749
D0,sys/DC/OO,ATL,4.1,sys,DC,OO,,ATL,,65.09,4714,7242,68.35,5.00%,0.023273955288727388,4949.7,7242,Cascaded,2027,4949.700000000001,7242
D0,sys/DC/OO,ATW,4.1,sys,DC,OO,,ATW,,70.44,1399,1986,73.97,5.00%,0.006907141164388972,1468.95,1986,Cascaded,2027,1468.95,1986
D0,sys/DC/OO,AUS,4.1,sys,DC,OO,,AUS,,70.55,3939,5583,74.08,5.00%,0.019447626194802118,4135.95,5583,Cascaded,2027,4135.95,5583
D0,sys/DC/OO,AZO,4.1,sys,DC,OO,,AZO,,69.37,659,950,72.84,5.00%,0.003253614029544198,691.95,950,Cascaded,2027,691.95,950
D0,sys/DC/OO,BDL,4.1,sys,DC,OO,,BDL,,100.0,1,1,105.0,5.00%,4.937198830871317e-06,1.05,1,Cascaded,2027,1.05,1
D0,sys/DC/OO,BGM,4.1,sys,DC,OO,,BGM,,68.32,179,262,71.74,5.00%,0.0008837585907259658,187.95,262,Cascaded,2027,187.95000000000002,262
D0,sys/DC/OO,BHM,4.1,sys,DC,OO,,BHM,,52.38,110,210,55.0,5.00%,0.0005430918713958449,115.5,210,Cascaded,2027,115.5,210
D0,sys/DC/OO,BIL,4.1,sys,DC,OO,,BIL,,86.31,605,701,90.62,5.00%,0.002987005292677147,635.25,701,Cascaded,2027,635.25,701
D0,sys/DC/OO,BIS,4.1,sys,DC,OO,,BIS,,73.5,452,615,77.17,5.00%,0.002231613871553835,474.6,615,Cascaded,2027,474.6,615
D0,sys/DC/OO,BJI,4.1,sys,DC,OO,,BJI,,82.82,593,716,86.96,5.00%,0.002927758906706691,622.65,716,Cascaded,2027,622.6500000000001,716
D0,sys/DC/OO,BMI,4.1,sys,DC,OO,,BMI,,73.43,105,143,77.1,5.00%,0.0005184058772414883,110.25,143,Cascaded,2027,110.25,143
D0,sys/DC/OO,BNA,4.1,sys,DC,OO,,BNA,,74.61,914,1225,78.34,5.00%,0.004512599731416384,959.7,1225,Cascaded,2027,959.7,1225
D0,sys/DC/OO,BOI,4.1,sys,DC,OO,,BOI,,85.63,2974,3473,89.91,5.00%,0.014683229323011296,3122.7,3473,Cascaded,2027,3122.7000000000003,3473
D0,sys/DC/OO,BQK,4.1,sys,DC,OO,,BQK,,0.0,0,3,0.0,0.00%,0.0,0.0,3,Cascaded,2027,0.0,3
D0,sys/DC/OO,BRD,4.1,sys,DC,OO,,BRD,,82.52,510,618,86.65,5.00%,0.0025179714037443716,535.5,618,Cascaded,2027,535.5,618
D0,sys/DC/OO,BTM,4.1,sys,DC,OO,,BTM,,94.13,337,358,98.84,5.00%,0.0016638360060036337,353.85,358,Cascaded,2027,353.85,358
D0,sys/DC/OO,BTR,4.1,sys,DC,OO,,BTR,,59.57,28,47,62.55,5.00%,0.00013824156726439688,29.4,47,Cascaded,2027,29.400000000000002,47
D0,sys/DC/OO,BTV,4.1,sys,DC,OO,,BTV,,63.89,184,288,67.08,5.00%,0.0009084445848803223,193.2,288,Cascaded,2027,193.20000000000002,288
D0,sys/DC/OO,BUF,4.1,sys,DC,OO,,BUF,,71.32,383,537,74.89,5.00%,0.0018909471522237143,402.15,537,Cascaded,2027,402.15000000000003,537
D0,sys/DC/OO,BUR,4.1,sys,DC,OO,,BUR,,82.75,787,951,86.89,5.00%,0.0038855754798957265,826.35,951,Cascaded,2027,826.35,951
D0,sys/DC/OO,BZN,4.1,sys,DC,OO,,BZN,,82.49,1135,1376,86.61,5.00%,0.005603720673038944,1191.75,1376,Cascaded,2027,1191.75,1376
D0,sys/DC/OO,CAE,4.1,sys,DC,OO,,CAE,,75.0,3,4,78.75,5.00%,1.481159649261395e-05,3.15,4,Cascaded,2027,3.1500000000000004,4
D0,sys/DC/OO,CDC,4.1,sys,DC,OO,,CDC,,92.62,577,623,97.25,5.00%,0.0028487637254127497,605.85,623,Cascaded,2027,605.85,623
D0,sys/DC/OO,CHA,4.1,sys,DC,OO,,CHA,,100.0,1,1,105.0,5.00%,4.937198830871317e-06,1.05,1,Cascaded,2027,1.05,1
D0,sys/DC/OO,CHS,4.1,sys,DC,OO,,CHS,,56.99,216,379,59.84,5.00%,0.0010664349474682044,226.8,379,Cascaded,2027,226.8,379
D0,sys/DC/OO,CID,4.1,sys,DC,OO,,CID,,63.82,254,398,67.01,5.00%,0.0012540485030413146,266.7,398,Cascaded,2027,266.7,398
D0,sys/DC/OO,CIU,4.1,sys,DC,OO,,CIU,,74.0,501,677,77.7,5.00%,0.0024735366142665297,526.05,677,Cascaded,2027,526.0500000000001,677
D0,sys/DC/OO,CLE,4.1,sys,DC,OO,,CLE,,67.23,671,998,70.6,5.00%,0.0033128604155146534,704.55,998,Cascaded,2027,704.5500000000001,998
D0,sys/DC/OO,CMH,4.1,sys,DC,OO,,CMH,,69.14,493,713,72.6,5.00%,0.0024340390236195593,517.65,713,Cascaded,2027,517.65,713
D0,sys/DC/OO,COS,4.1,sys,DC,OO,,COS,,87.85,600,683,92.24,5.00%,0.00296231929852279,630.0,683,Cascaded,2027,630.0,683
D0,sys/DC/OO,CRW,4.1,sys,DC,OO,,CRW,,57.94,146,252,60.83,5.00%,0.0007208310293072123,153.3,252,Cascaded,2027,153.3,252
D0,sys/DC/OO,CVG,4.1,sys,DC,OO,,CVG,,50.0,6,12,52.5,5.00%,2.96231929852279e-05,6.3,12,Cascaded,2027,6.300000000000001,12
D0,sys/DC/OO,DEN,4.1,sys,DC,OO,,DEN,,69.09,664,961,72.55,5.00%,0.0032783000236985545,697.2,961,Cascaded,2027,697.2,961
D0,sys/DC/OO,DHN,4.1,sys,DC,OO,,DHN,,53.52,38,71,56.2,5.00%,0.00018761355557311005,39.9,71,Cascaded,2027,39.900000000000006,71
D0,sys/DC/OO,DLH,4.1,sys,DC,OO,,DLH,,74.64,830,1112,78.37,5.00%,0.004097875029623193,871.5,1112,Cascaded,2027,871.5,1112
D0,sys/DC/OO,DSM,4.1,sys,DC,OO,,DSM,,59.62,31,52,62.6,5.00%,0.00015305316375701083,32.55,52,Cascaded,2027,32.550000000000004,52
D0,sys/DC/OO,DTW,4.1,sys,DC,OO,,DTW,,64.31,16936,26335,67.53,5.00%,0.08361639939963662,17782.8,26335,Cascaded,2027,17782.8,26335
D0,sys/DC/OO,ECP,4.1,sys,DC,OO,,ECP,,66.88,208,311,70.23,5.00%,0.001026937356821234,218.4,311,Cascaded,2027,218.4,311
D0,sys/DC/OO,EGE,4.1,sys,DC,OO,,EGE,,57.36,74,129,60.23,5.00%,0.00036535271348447744,77.7,129,Cascaded,2027,77.7,129
D0,sys/DC/OO,EKO,4.1,sys,DC,OO,,EKO,,95.09,542,570,99.84,5.00%,0.002675961766332254,569.1,570,Cascaded,2027,569.1,570
D0,sys/DC/OO,ELH,4.1,sys,DC,OO,,ELH,,38.46,5,13,40.38,5.00%,2.4685994154356583e-05,5.25,13,Cascaded,2027,5.25,13
D0,sys/DC/OO,ELM,4.1,sys,DC,OO,,ELM,,76.35,678,888,80.17,5.00%,0.003347420807330753,711.9,888,Cascaded,2027,711.9000000000001,888
D0,sys/DC/OO,ESC,4.1,sys,DC,OO,,ESC,,84.64,496,586,88.87,5.00%,0.0024488506201121732,520.8,586,Cascaded,2027,520.8000000000001,586
D0,sys/DC/OO,EUG,4.1,sys,DC,OO,,EUG,,87.44,1552,1775,91.81,5.00%,0.007662532585512284,1629.6,1775,Cascaded,2027,1629.6000000000001,1775
D0,sys/DC/OO,EVV,4.1,sys,DC,OO,,EVV,,74.19,23,31,77.9,5.00%,0.0001135555731100403,24.15,31,Cascaded,2027,24.150000000000002,31
D0,sys/DC/OO,EWR,4.1,sys,DC,OO,,EWR,,66.67,6,9,70.0,5.00%,2.96231929852279e-05,6.3,9,Cascaded,2027,6.300000000000001,9
D0,sys/DC/OO,FAR,4.1,sys,DC,OO,,FAR,,74.01,558,754,77.71,5.00%,0.0027549569476261948,585.9,754,Cascaded,2027,585.9,754
D0,sys/DC/OO,FAT,4.1,sys,DC,OO,,FAT,,87.73,1194,1361,92.12,5.00%,0.005895015404060352,1253.7,1361,Cascaded,2027,1253.7,1361
D0,sys/DC/OO,FAY,4.1,sys,DC,OO,,FAY,,65.96,31,47,69.26,5.00%,0.00015305316375701083,32.55,47,Cascaded,2027,32.550000000000004,47
D0,sys/DC/OO,FCA,4.1,sys,DC,OO,,FCA,,81.55,632,775,85.63,5.00%,0.003120309661110672,663.6,775,Cascaded,2027,663.6,775
D0,sys/DC/OO,FSD,4.1,sys,DC,OO,,FSD,,72.05,611,848,75.65,5.00%,0.0030166284856623744,641.55,848,Cascaded,2027,641.5500000000001,848
D0,sys/DC/OO,FWA,4.1,sys,DC,OO,,FWA,,71.58,1214,1696,75.16,5.00%,0.005993759380677779,1274.7,1696,Cascaded,2027,1274.7,1696
D0,sys/DC/OO,GEG,4.1,sys,DC,OO,,GEG,,85.42,3298,3861,89.69,5.00%,0.016282881744213603,3462.9,3861,Cascaded,2027,3462.9,3861
D0,sys/DC/OO,GFK,4.1,sys,DC,OO,,GFK,,78.67,734,933,82.6,5.00%,0.0036239039418595465,770.7,933,Cascaded,2027,770.7,933
D0,sys/DC/OO,GJT,4.1,sys,DC,OO,,GJT,,90.21,525,582,94.72,5.00%,0.0025920293862074415,551.25,582,Cascaded,2027,551.25,582
D0,sys/DC/OO,GRB,4.1,sys,DC,OO,,GRB,,74.89,1026,1370,78.64,5.00%,0.005065566000473971,1077.3,1370,Cascaded,2027,1077.3,1370
D0,sys/DC/OO,GRR,4.1,sys,DC,OO,,GRR,,69.33,1501,2165,72.8,5.00%,0.007410735445137847,1576.05,2165,Cascaded,2027,1576.0500000000002,2165
D0,sys/DC/OO,GSO,4.1,sys,DC,OO,,GSO,,65.05,268,412,68.3,5.00%,0.001323169286673513,281.4,412,Cascaded,2027,281.40000000000003,412
D0,sys/DC/OO,GSP,4.1,sys,DC,OO,,GSP,,57.14,140,245,60.0,5.00%,0.0006912078363219843,147.0,245,Cascaded,2027,147.0,245
D0,sys/DC/OO,GTF,4.1,sys,DC,OO,,GTF,,88.18,1022,1159,92.59,5.00%,0.005045817205150486,1073.1,1159,Cascaded,2027,1073.1000000000001,1159
D0,sys/DC/OO,HIB,4.1,sys,DC,OO,,HIB,,82.47,508,616,86.59,5.00%,0.002508097006082629,533.4,616,Cascaded,2027,533.4,616
D0,sys/DC/OO,HLN,4.1,sys,DC,OO,,HLN,,94.04,678,721,98.74,5.00%,0.003347420807330753,711.9,721,Cascaded,2027,711.9000000000001,721
D0,sys/DC/OO,HPN,4.1,sys,DC,OO,,HPN,,70.37,76,108,73.89,5.00%,0.0003752271111462201,79.8,108,Cascaded,2027,79.80000000000001,108
D0,sys/DC/OO,HRL,4.1,sys,DC,OO,,HRL,,100.0,7,7,105.0,5.00%,3.456039181609922e-05,7.35,7,Cascaded,2027,7.3500000000000005,7
D0,sys/DC/OO,HSV,4.1,sys,DC,OO,,HSV,,77.78,84,108,81.67,5.00%,0.0004147247017931906,88.2,108,Cascaded,2027,88.2,108
D0,sys/DC/OO,IAD,4.1,sys,DC,OO,,IAD,,67.19,1073,1597,70.55,5.00%,0.005297614345524923,1126.65,1597,Cascaded,2027,1126.65,1597
D0,sys/DC/OO,IAH,4.1,sys,DC,OO,,IAH,,56.52,13,23,59.35,5.00%,6.418358480132712e-05,13.65,23,Cascaded,2027,13.65,23
D0,sys/DC/OO,ICT,4.1,sys,DC,OO,,ICT,,73.21,276,377,76.87,5.00%,0.0013626668773204834,289.8,377,Cascaded,2027,289.8,377
D0,sys/DC/OO,IDA,4.1,sys,DC,OO,,IDA,,87.88,754,858,92.27,5.00%,0.003722647918476973,791.7,858,Cascaded,2027,791.7,858
D0,sys/DC/OO,IMT,4.1,sys,DC,OO,,IMT,,69.04,484,701,72.5,5.00%,0.0023896042341417173,508.2,701,Cascaded,2027,508.20000000000005,701
D0,sys/DC/OO,IND,4.1,sys,DC,OO,,IND,,72.33,970,1341,75.95,5.00%,0.004789082865945178,1018.5,1341,Cascaded,2027,1018.5,1341
D0,sys/DC/OO,INL,4.1,sys,DC,OO,,INL,,85.54,550,643,89.81,5.00%,0.0027154593569792243,577.5,643,Cascaded,2027,577.5,643
D0,sys/DC/OO,JAC,4.1,sys,DC,OO,,JAC,,78.03,508,651,81.94,5.00%,0.002508097006082629,533.4,651,Cascaded,2027,533.4,651
D0,sys/DC/OO,JAX,4.1,sys,DC,OO,,JAX,,75.7,271,358,79.48,5.00%,0.001337980883166127,284.55,358,Cascaded,2027,284.55,358
D0,sys/DC/OO,LAN,4.1,sys,DC,OO,,LAN,,69.25,626,904,72.71,5.00%,0.0030906864681254443,657.3,904,Cascaded,2027,657.3000000000001,904
D0,sys/DC/OO,LAS,4.1,sys,DC,OO,,LAS,,81.78,1768,2162,85.86,5.00%,0.008728967532980489,1856.4,2162,Cascaded,2027,1856.4,2162
D0,sys/DC/OO,LAX,4.1,sys,DC,OO,,LAX,,79.97,9599,12004,83.96,5.00%,0.04739217157753377,10078.95,12004,Cascaded,2027,10078.95,12004
D0,sys/DC/OO,LEX,4.1,sys,DC,OO,,LEX,,78.18,387,495,82.09,5.00%,0.0019106959475471996,406.35,495,Cascaded,2027,406.35,495
D0,sys/DC/OO,LFT,4.1,sys,DC,OO,,LFT,,67.69,155,229,71.07,5.00%,0.0007652658187850541,162.75,229,Cascaded,2027,162.75,229
D0,sys/DC/OO,LGA,4.1,sys,DC,OO,,LGA,,66.1,583,882,69.4,5.00%,0.0028783869183979776,612.15,882,Cascaded,2027,612.15,882
D0,sys/DC/OO,LGB,4.1,sys,DC,OO,,LGB,,86.64,564,651,90.97,5.00%,0.0027845801406114227,592.2,651,Cascaded,2027,592.2,651
D0,sys/DC/OO,LIT,4.1,sys,DC,OO,,LIT,,85.38,222,260,89.65,5.00%,0.0010960581404534323,233.1,260,Cascaded,2027,233.10000000000002,260
D0,sys/DC/OO,LWS,4.1,sys,DC,OO,,LWS,,86.23,626,726,90.54,5.00%,0.0030906864681254443,657.3,726,Cascaded,2027,657.3000000000001,726
D0,sys/DC/OO,MAF,4.1,sys,DC,OO,,MAF,,71.62,318,444,75.2,5.00%,0.0015700292282170788,333.9,444,Cascaded,2027,333.90000000000003,444
D0,sys/DC/OO,MBS,4.1,sys,DC,OO,,MBS,,74.45,778,1045,78.17,5.00%,0.0038411406904178846,816.9,1045,Cascaded,2027,816.9000000000001,1045
D0,sys/DC/OO,MCI,4.1,sys,DC,OO,,MCI,,68.25,245,359,71.66,5.00%,0.0012096137135634726,257.25,359,Cascaded,2027,257.25,359
D0,sys/DC/OO,MDT,4.1,sys,DC,OO,,MDT,,75.0,189,252,78.75,5.00%,0.0009331305790346789,198.45,252,Cascaded,2027,198.45000000000002,252
D0,sys/DC/OO,MDW,4.1,sys,DC,OO,,MDW,,69.65,902,1295,73.14,5.00%,0.004453353345445928,947.1,1295,Cascaded,2027,947.1,1295
D0,sys/DC/OO,MEM,4.1,sys,DC,OO,,MEM,,73.78,1320,1789,77.47,5.00%,0.006517102456750138,1386.0,1789,Cascaded,2027,1386.0,1789
D0,sys/DC/OO,MFE,4.1,sys,DC,OO,,MFE,,80.65,825,1023,84.68,5.00%,0.004073189035468837,866.25,1023,Cascaded,2027,866.25,1023
D0,sys/DC/OO,MFR,4.1,sys,DC,OO,,MFR,,87.06,1541,1770,91.42,5.00%,0.007608223398372699,1618.05,1770,Cascaded,2027,1618.0500000000002,1770
D0,sys/DC/OO,MGM,4.1,sys,DC,OO,,MGM,,67.8,219,323,71.19,5.00%,0.0010812465439608183,229.95,323,Cascaded,2027,229.95000000000002,323
D0,sys/DC/OO,MHH,4.1,sys,DC,OO,,MHH,,50.0,7,14,52.5,5.00%,3.456039181609922e-05,7.35,14,Cascaded,2027,7.3500000000000005,14
D0,sys/DC/OO,MKE,4.1,sys,DC,OO,,MKE,,68.25,1152,1688,71.66,5.00%,0.005687653053163757,1209.6,1688,Cascaded,2027,1209.6000000000001,1688
D0,sys/DC/OO,MOB,4.1,sys,DC,OO,,MOB,,59.54,103,173,62.51,5.00%,0.0005085314795797456,108.15,173,Cascaded,2027,108.15,173
D0,sys/DC/OO,MOT,4.1,sys,DC,OO,,MOT,,72.1,902,1251,75.71,5.00%,0.004453353345445928,947.1,1251,Cascaded,2027,947.1,1251
D0,sys/DC/OO,MQT,4.1,sys,DC,OO,,MQT,,75.41,500,663,79.19,5.00%,0.0024685994154356582,525.0,663,Cascaded,2027,525.0,663
D0,sys/DC/OO,MSN,4.1,sys,DC,OO,,MSN,,71.54,935,1307,75.11,5.00%,0.004616280906864681,981.75,1307,Cascaded,2027,981.75,1307
D0,sys/DC/OO,MSO,4.1,sys,DC,OO,,MSO,,82.27,478,581,86.39,5.00%,0.0023599810411564894,501.9,581,Cascaded,2027,501.90000000000003,581
D0,sys/DC/OO,MSP,4.1,sys,DC,OO,,MSP,,70.74,19493,27555,74.28,5.00%,0.09624081681017457,20467.65,27555,Cascaded,2027,20467.65,27555
D0,sys/DC/OO,MSY,4.1,sys,DC,OO,,MSY,,71.02,370,521,74.57,5.00%,0.0018267635674223872,388.5,521,Cascaded,2027,388.5,521
D0,sys/DC/OO,OAJ,4.1,sys,DC,OO,,OAJ,,69.41,295,425,72.88,5.00%,0.0014564736551070385,309.75,425,Cascaded,2027,309.75,425
D0,sys/DC/OO,OAK,4.1,sys,DC,OO,,OAK,,86.53,919,1062,90.86,5.00%,0.00453728572557074,964.95,1062,Cascaded,2027,964.95,1062
D0,sys/DC/OO,OKC,4.1,sys,DC,OO,,OKC,,86.7,1108,1278,91.03,5.00%,0.005470416304605419,1163.4,1278,Cascaded,2027,1163.4,1278
D0,sys/DC/OO,OMA,4.1,sys,DC,OO,,OMA,,75.68,2434,3216,79.47,5.00%,0.012017141954340785,2555.7,3216,Cascaded,2027,2555.7000000000003,3216
D0,sys/DC/OO,ONT,4.1,sys,DC,OO,,ONT,,85.84,1206,1405,90.13,5.00%,0.005954261790030808,1266.3,1405,Cascaded,2027,1266.3000000000002,1405
D0,sys/DC/OO,ORD,4.1,sys,DC,OO,,ORD,,47.63,432,907,50.01,5.00%,0.0021328698949364087,453.6,907,Cascaded,2027,453.6,907
D0,sys/DC/OO,ORF,4.1,sys,DC,OO,,ORF,,56.34,80,142,59.15,5.00%,0.00039497590646970533,84.0,142,Cascaded,2027,84.0,142
D0,sys/DC/OO,PDX,4.1,sys,DC,OO,,PDX,,79.71,1827,2292,83.7,5.00%,0.009020262264001896,1918.35,2292,Cascaded,2027,1918.3500000000001,2292
D0,sys/DC/OO,PHL,4.1,sys,DC,OO,,PHL,,56.18,50,89,58.99,5.00%,0.00024685994154356587,52.5,89,Cascaded,2027,52.5,89
D0,sys/DC/OO,PHX,4.1,sys,DC,OO,,PHX,,77.03,1217,1580,80.88,5.00%,0.006008570977170393,1277.85,1580,Cascaded,2027,1277.8500000000001,1580
D0,sys/DC/OO,PIH,4.1,sys,DC,OO,,PIH,,92.14,387,420,96.75,5.00%,0.0019106959475471996,406.35,420,Cascaded,2027,406.35,420
D0,sys/DC/OO,PIT,4.1,sys,DC,OO,,PIT,,62.06,628,1012,65.16,5.00%,0.0031005608657871868,659.4,1012,Cascaded,2027,659.4000000000001,1012
D0,sys/DC/OO,PLN,4.1,sys,DC,OO,,PLN,,75.35,428,568,79.12,5.00%,0.0021131210996129237,449.4,568,Cascaded,2027,449.40000000000003,568
D0,sys/DC/OO,PSC,4.1,sys,DC,OO,,PSC,,87.47,1794,2051,91.84,5.00%,0.008857334702583142,1883.7,2051,Cascaded,2027,1883.7,2051
D0,sys/DC/OO,PSP,4.1,sys,DC,OO,,PSP,,86.46,939,1086,90.79,5.00%,0.004636029702188167,985.95,1086,Cascaded,2027,985.95,1086
D0,sys/DC/OO,PVD,4.1,sys,DC,OO,,PVD,,65.73,397,604,69.01,5.00%,0.001960067935855913,416.85,604,Cascaded,2027,416.85,604
D0,sys/DC/OO,PWM,4.1,sys,DC,OO,,PWM,,63.2,79,125,66.36,5.00%,0.000390038707638834,82.95,125,Cascaded,2027,82.95,125
D0,sys/DC/OO,RAP,4.1,sys,DC,OO,,RAP,,77.41,281,363,81.28,5.00%,0.00138735287147484,295.05,363,Cascaded,2027,295.05,363
D0,sys/DC/OO,RDM,4.1,sys,DC,OO,,RDM,,82.96,1461,1761,87.11,5.00%,0.007213247491902994,1534.05,1761,Cascaded,2027,1534.0500000000002,1761
D0,sys/DC/OO,RDU,4.1,sys,DC,OO,,RDU,,50.0,1,2,52.5,5.00%,4.937198830871317e-06,1.05,2,Cascaded,2027,1.05,2
D0,sys/DC/OO,RHI,4.1,sys,DC,OO,,RHI,,85.63,602,703,89.91,5.00%,0.002972193696184533,632.1,703,Cascaded,2027,632.1,703
D0,sys/DC/OO,RIC,4.1,sys,DC,OO,,RIC,,58.12,272,468,61.03,5.00%,0.0013429180819969982,285.6,468,Cascaded,2027,285.6,468
D0,sys/DC/OO,RNO,4.1,sys,DC,OO,,RNO,,82.99,1347,1623,87.14,5.00%,0.006650406825183664,1414.35,1623,Cascaded,2027,1414.3500000000001,1623
D0,sys/DC/OO,ROA,4.1,sys,DC,OO,,ROA,,48.44,31,64,50.86,5.00%,0.00015305316375701083,32.55,64,Cascaded,2027,32.550000000000004,64
D0,sys/DC/OO,ROC,4.1,sys,DC,OO,,ROC,,57.14,324,567,60.0,5.00%,0.0015996524212023066,340.2,567,Cascaded,2027,340.20000000000005,567
D0,sys/DC/OO,RST,4.1,sys,DC,OO,,RST,,71.91,192,267,75.51,5.00%,0.0009479421755272928,201.6,267,Cascaded,2027,201.60000000000002,267
D0,sys/DC/OO,SAN,4.1,sys,DC,OO,,SAN,,77.32,1544,1997,81.18,5.00%,0.007623034994865313,1621.2,1997,Cascaded,2027,1621.2,1997
D0,sys/DC/OO,SAT,4.1,sys,DC,OO,,SAT,,100.0,1,1,105.0,5.00%,4.937198830871317e-06,1.05,1,Cascaded,2027,1.05,1
D0,sys/DC/OO,SAV,4.1,sys,DC,OO,,SAV,,40.34,96,238,42.35,5.00%,0.0004739710877636464,100.8,238,Cascaded,2027,100.80000000000001,238
D0,sys/DC/OO,SBA,4.1,sys,DC,OO,,SBA,,85.41,755,884,89.68,5.00%,0.0037275851173078443,792.75,884,Cascaded,2027,792.75,884
D0,sys/DC/OO,SBN,4.1,sys,DC,OO,,SBN,,66.23,1363,2058,69.54,5.00%,0.006729402006477605,1431.15,2058,Cascaded,2027,1431.15,2058
D0,sys/DC/OO,SDF,4.1,sys,DC,OO,,SDF,,71.07,1054,1483,74.63,5.00%,0.005203807567738368,1106.7,1483,Cascaded,2027,1106.7,1483
D0,sys/DC/OO,SEA,4.1,sys,DC,OO,,SEA,,79.08,16263,20564,83.04,5.00%,0.08029366458646023,17076.15,20564,Cascaded,2027,17076.15,20564
D0,sys/DC/OO,SFO,4.1,sys,DC,OO,,SFO,,65.22,555,851,68.48,5.00%,0.002740145351133581,582.75,851,Cascaded,2027,582.75,851
D0,sys/DC/OO,SGF,4.1,sys,DC,OO,,SGF,,71.65,139,194,75.23,5.00%,0.0006862706374911131,145.95,194,Cascaded,2027,145.95000000000002,194
D0,sys/DC/OO,SGU,4.1,sys,DC,OO,,SGU,,91.12,1549,1700,95.67,5.00%,0.00764772098901967,1626.45,1700,Cascaded,2027,1626.45,1700
D0,sys/DC/OO,SHV,4.1,sys,DC,OO,,SHV,,70.71,1043,1475,74.25,5.00%,0.005149498380598783,1095.15,1475,Cascaded,2027,1095.15,1475
D0,sys/DC/OO,SJC,4.1,sys,DC,OO,,SJC,,86.59,3744,4324,90.92,5.00%,0.01848487242278221,3931.2,4324,Cascaded,2027,3931.2000000000003,4324
D0,sys/DC/OO,SJD,4.1,sys,DC,OO,,SJD,,60.36,67,111,63.38,5.00%,0.00033079232166837824,70.35,111,Cascaded,2027,70.35000000000001,111
D0,sys/DC/OO,SLC,4.1,sys,DC,OO,,SLC,,83.4,26004,31181,87.57,5.00%,0.12838691839797772,27304.2,31181,Cascaded,2027,27304.2,31181
D0,sys/DC/OO,SMF,4.1,sys,DC,OO,,SMF,,83.93,3425,4081,88.12,5.00%,0.016909905995734262,3596.25,4081,Cascaded,2027,3596.25,4081
D0,sys/DC/OO,SNA,4.1,sys,DC,OO,,SNA,,76.03,945,1243,79.83,5.00%,0.004665652895173395,992.25,1243,Cascaded,2027,992.25,1243
D0,sys/DC/OO,STL,4.1,sys,DC,OO,,STL,,64.27,349,543,67.49,5.00%,0.0017230823919740896,366.45,543,Cascaded,2027,366.45000000000005,543
D0,sys/DC/OO,SUN,4.1,sys,DC,OO,,SUN,,91.42,1023,1119,95.99,5.00%,0.005050754403981357,1074.15,1119,Cascaded,2027,1074.15,1119
D0,sys/DC/OO,SYR,4.1,sys,DC,OO,,SYR,,72.16,140,194,75.77,5.00%,0.0006912078363219843,147.0,194,Cascaded,2027,147.0,194
D0,sys/DC/OO,TLH,4.1,sys,DC,OO,,TLH,,0.0,0,3,0.0,0.00%,0.0,0.0,3,Cascaded,2027,0.0,3
D0,sys/DC/OO,TRI,4.1,sys,DC,OO,,TRI,,61.85,107,173,64.94,5.00%,0.0005282802749032309,112.35,173,Cascaded,2027,112.35000000000001,173
D0,sys/DC/OO,TUL,4.1,sys,DC,OO,,TUL,,86.52,398,460,90.85,5.00%,0.001965005134686784,417.9,460,Cascaded,2027,417.90000000000003,460
D0,sys/DC/OO,TUS,4.1,sys,DC,OO,,TUS,,85.49,1973,2308,89.76,5.00%,0.009741093293309109,2071.65,2308,Cascaded,2027,2071.65,2308
D0,sys/DC/OO,TVC,4.1,sys,DC,OO,,TVC,,62.45,499,799,65.58,5.00%,0.002463662216604787,523.95,799,Cascaded,2027,523.95,799
D0,sys/DC/OO,TWF,4.1,sys,DC,OO,,TWF,,94.47,735,778,99.2,5.00%,0.003628841140690418,771.75,778,Cascaded,2027,771.75,778
D0,sys/DC/OO,WYS,4.1,sys,DC,OO,,WYS,,86.9,126,145,91.24,5.00%,0.0006220870526897859,132.3,145,Cascaded,2027,132.3,145
D0,sys/DC/OO,XNA,4.1,sys,DC,OO,,XNA,,72.06,761,1056,75.67,5.00%,0.003757208310293072,799.05,1056,Cascaded,2027,799.0500000000001,1056
D0,sys/DC/OO,XWA,4.1,sys,DC,OO,,XWA,,69.88,675,966,73.37,5.00%,0.003332609210838139,708.75,966,Cascaded,2027,708.75,966
D0,sys/DC/OO,YUL,4.1,sys,DC,OO,,YUL,,88.16,216,245,92.57,5.00%,0.0010664349474682044,226.8,245,Cascaded,2027,226.8,245
D0,sys/DC/OO,YVR,4.1,sys,DC,OO,,YVR,,85.31,2300,2696,89.58,5.00%,0.011355557311004029,2415.0,2696,Cascaded,2027,2415.0,2696
D0,sys/DC/OO,YWG,4.1,sys,DC,OO,,YWG,,84.15,1019,1211,88.35,5.00%,0.005031005608657872,1069.95,1211,Cascaded,2027,1069.95,1211
D0,sys/DC/OO,YYC,4.1,sys,DC,OO,,YYC,,84.7,609,719,88.94,5.00%,0.003006754088000632,639.45,719,Cascaded,2027,639.45,719
D0,sys/DC/OO,YYZ,4.1,sys,DC,OO,,YYZ,,77.34,553,715,81.21,5.00%,0.0027302709534718383,580.65,715,Cascaded,2027,580.6500000000001,715
D0,sys/DC/YX,ACK,4.1,sys,DC,YX,,ACK,,71.2,220,309,74.76,5.00%,0.003117737089734142,231.0,309,Cascaded,2027,231.0,309
D0,sys/DC/YX,AGS,4.1,sys,DC,YX,,AGS,,41.18,7,17,43.24,5.00%,9.920072558244997e-05,7.35,17,Cascaded,2027,7.35,17
D0,sys/DC/YX,ATL,4.1,sys,DC,YX,,ATL,,73.33,143,195,77.0,5.00%,0.0020265291083271923,150.15,195,Cascaded,2027,150.15,195
D0,sys/DC/YX,AVL,4.1,sys,DC,YX,,AVL,,63.64,35,55,66.82,5.00%,0.0004960036279122498,36.75,55,Cascaded,2027,36.75,55
D0,sys/DC/YX,BNA,4.1,sys,DC,YX,,BNA,,75.46,1439,1907,79.23,5.00%,0.020392834873306502,1510.95,1907,Cascaded,2027,1510.95,1907
D0,sys/DC/YX,BOS,4.1,sys,DC,YX,,BOS,,69.52,16104,23166,72.99,5.00%,0.2282183549685392,16909.2,23166,Cascaded,2027,16909.2,23166
D0,sys/DC/YX,BUF,4.1,sys,DC,YX,,BUF,,72.19,623,863,75.8,5.00%,0.008828864576838048,654.15,863,Cascaded,2027,654.15,863
D0,sys/DC/YX,BWI,4.1,sys,DC,YX,,BWI,,74.32,787,1059,78.03,5.00%,0.01115299586191259,826.35,1059,Cascaded,2027,826.3499999999999,1059
D0,sys/DC/YX,CHS,4.1,sys,DC,YX,,CHS,,68.17,347,509,71.58,5.00%,0.004917521682444306,364.35,509,Cascaded,2027,364.34999999999997,509
D0,sys/DC/YX,CLE,4.1,sys,DC,YX,,CLE,,75.36,997,1323,79.13,5.00%,0.014129017629386089,1046.85,1323,Cascaded,2027,1046.85,1323
D0,sys/DC/YX,CLT,4.1,sys,DC,YX,,CLT,,73.27,1680,2293,76.93,5.00%,0.023808174139787995,1764.0,2293,Cascaded,2027,1764.0,2293
D0,sys/DC/YX,CMH,4.1,sys,DC,YX,,CMH,,75.93,3104,4088,79.73,5.00%,0.04398843602970353,3259.2,4088,Cascaded,2027,3259.2,4088
D0,sys/DC/YX,CVG,4.1,sys,DC,YX,,CVG,,68.12,889,1305,71.53,5.00%,0.012598492148971147,933.45,1305,Cascaded,2027,933.4499999999999,1305
D0,sys/DC/YX,DCA,4.1,sys,DC,YX,,DCA,,69.12,5393,7802,72.58,5.00%,0.07642707329516467,5662.65,7802,Cascaded,2027,5662.65,7802
D0,sys/DC/YX,DTW,4.1,sys,DC,YX,,DTW,,72.72,1727,2375,76.35,5.00%,0.024474236154413014,1813.35,2375,Cascaded,2027,1813.35,2375
D0,sys/DC/YX,ECP,4.1,sys,DC,YX,,ECP,,66.67,4,6,70.0,5.00%,5.668612890425713e-05,4.2,6,Cascaded,2027,4.2,6
D0,sys/DC/YX,EWR,4.1,sys,DC,YX,,EWR,,63.2,589,932,66.36,5.00%,0.008347032481151862,618.45,932,Cascaded,2027,618.4499999999999,932
D0,sys/DC/YX,EYW,4.1,sys,DC,YX,,EYW,,64.18,86,134,67.39,5.00%,0.0012187517714415282,90.3,134,Cascaded,2027,90.3,134
D0,sys/DC/YX,GRR,4.1,sys,DC,YX,,GRR,,75.62,639,845,79.4,5.00%,0.009055609092455076,670.95,845,Cascaded,2027,670.9499999999999,845
D0,sys/DC/YX,GSO,4.1,sys,DC,YX,,GSO,,72.93,450,617,76.58,5.00%,0.006377189501728927,472.5,617,Cascaded,2027,472.5,617
D0,sys/DC/YX,HHH,4.1,sys,DC,YX,,HHH,,70.65,272,385,74.18,5.00%,0.003854656765489485,285.6,385,Cascaded,2027,285.59999999999997,385
D0,sys/DC/YX,IAD,4.1,sys,DC,YX,,IAD,,68.29,56,82,71.71,5.00%,0.0007936058046595998,58.8,82,Cascaded,2027,58.8,82
D0,sys/DC/YX,ILM,4.1,sys,DC,YX,,ILM,,66.67,38,57,70.0,5.00%,0.0005385182245904427,39.9,57,Cascaded,2027,39.9,57
D0,sys/DC/YX,IND,4.1,sys,DC,YX,,IND,,76.04,1704,2241,79.84,5.00%,0.024148290913213535,1789.2,2241,Cascaded,2027,1789.1999999999998,2241
D0,sys/DC/YX,JAX,4.1,sys,DC,YX,,JAX,,69.53,865,1244,73.01,5.00%,0.012258375375545603,908.25,1244,Cascaded,2027,908.25,1244
D0,sys/DC/YX,JFK,4.1,sys,DC,YX,,JFK,,70.44,3639,5166,73.96,5.00%,0.05157020577064792,3820.95,5166,Cascaded,2027,3820.95,5166
D0,sys/DC/YX,LEX,4.1,sys,DC,YX,,LEX,,81.63,502,615,85.71,5.00%,0.00711410917748427,527.1,615,Cascaded,2027,527.1,615
D0,sys/DC/YX,LGA,4.1,sys,DC,YX,,LGA,,70.06,15039,21466,73.56,5.00%,0.21312567314778075,15790.95,21466,Cascaded,2027,15790.949999999999,21466
D0,sys/DC/YX,MCI,4.1,sys,DC,YX,,MCI,,73.53,325,442,77.21,5.00%,0.004605747973470892,341.25,442,Cascaded,2027,341.25,442
D0,sys/DC/YX,MCO,4.1,sys,DC,YX,,MCO,,72.38,490,677,76.0,5.00%,0.006944050790771498,514.5,677,Cascaded,2027,514.5,677
D0,sys/DC/YX,MEM,4.1,sys,DC,YX,,MEM,,77.13,543,704,80.99,5.00%,0.007695141998752905,570.15,704,Cascaded,2027,570.15,704
D0,sys/DC/YX,MIA,4.1,sys,DC,YX,,MIA,,68.54,220,321,71.96,5.00%,0.003117737089734142,231.0,321,Cascaded,2027,231.0,321
D0,sys/DC/YX,MKE,4.1,sys,DC,YX,,MKE,,72.27,925,1280,75.88,5.00%,0.013108667309109461,971.25,1280,Cascaded,2027,971.25,1280
D0,sys/DC/YX,MSN,4.1,sys,DC,YX,,MSN,,77.17,659,854,81.02,5.00%,0.009339039736976362,691.95,854,Cascaded,2027,691.9499999999999,854
D0,sys/DC/YX,MVY,4.1,sys,DC,YX,,MVY,,72.84,228,313,76.49,5.00%,0.0032311093475426564,239.4,313,Cascaded,2027,239.39999999999998,313
D0,sys/DC/YX,MYR,4.1,sys,DC,YX,,MYR,,83.1,59,71,87.25,5.00%,0.0008361204013377926,61.95,71,Cascaded,2027,61.949999999999996,71
D0,sys/DC/YX,OMA,4.1,sys,DC,YX,,OMA,,82.24,250,304,86.35,5.00%,0.0035428830565160706,262.5,304,Cascaded,2027,262.5,304
D0,sys/DC/YX,ORD,4.1,sys,DC,YX,,ORD,,66.18,687,1038,69.49,5.00%,0.009735842639306162,721.35,1038,Cascaded,2027,721.35,1038
D0,sys/DC/YX,ORF,4.1,sys,DC,YX,,ORF,,74.47,563,756,78.19,5.00%,0.00797857264327419,591.15,756,Cascaded,2027,591.15,756
D0,sys/DC/YX,PHL,4.1,sys,DC,YX,,PHL,,72.04,827,1148,75.64,5.00%,0.011719857150955162,868.35,1148,Cascaded,2027,868.3499999999999,1148
D0,sys/DC/YX,PIT,4.1,sys,DC,YX,,PIT,,77.41,2570,3320,81.28,5.00%,0.03642083782098521,2698.5,3320,Cascaded,2027,2698.5,3320
D0,sys/DC/YX,PNS,4.1,sys,DC,YX,,PNS,,83.33,5,6,87.5,5.00%,7.08576611303214e-05,5.25,6,Cascaded,2027,5.25,6
D0,sys/DC/YX,PWM,4.1,sys,DC,YX,,PWM,,70.38,556,790,73.9,5.00%,0.007879371917691742,583.8,790,Cascaded,2027,583.8,790
D0,sys/DC/YX,RDU,4.1,sys,DC,YX,,RDU,,67.43,443,657,70.8,5.00%,0.006277988776146477,465.15,657,Cascaded,2027,465.15,657
D0,sys/DC/YX,RIC,4.1,sys,DC,YX,,RIC,,74.54,1347,1807,78.27,5.00%,0.01908905390850859,1414.35,1807,Cascaded,2027,1414.35,1807
D0,sys/DC/YX,SAV,4.1,sys,DC,YX,,SAV,,65.86,706,1072,69.15,5.00%,0.010005101751601382,741.3,1072,Cascaded,2027,741.3,1072
D0,sys/DC/YX,SBN,4.1,sys,DC,YX,,SBN,,90.0,9,10,94.5,5.00%,0.00012754379003457854,9.45,10,Cascaded,2027,9.45,10
D0,sys/DC/YX,SDF,4.1,sys,DC,YX,,SDF,,77.13,1275,1653,80.99,5.00%,0.018068703588231958,1338.75,1653,Cascaded,2027,1338.75,1653
D0,sys/DC/YX,SRQ,4.1,sys,DC,YX,,SRQ,,46.15,72,156,48.46,5.00%,0.0010203503202766283,75.6,156,Cascaded,2027,75.6,156
D0,sys/DC/YX,STL,4.1,sys,DC,YX,,STL,,73.4,218,297,77.07,5.00%,0.0030893940252820135,228.9,297,Cascaded,2027,228.89999999999998,297
D0,sys/DC/YX,SYR,4.1,sys,DC,YX,,SYR,,69.69,177,254,73.17,5.00%,0.002508361204013378,185.85,254,Cascaded,2027,185.85,254
D0,sys/DC/YX,TVC,4.1,sys,DC,YX,,TVC,,76.19,32,42,80.0,5.00%,0.000453489031234057,33.6,42,Cascaded,2027,33.6,42
D0,sys/DL/DL,ABQ,4.1,sys,DL,DL,,ABQ,,79.02,900,1139,82.97,5.00%,0.0011688615288708798,945.0,1139,Cascaded,2027,945.0,1139
D0,sys/DL/DL,ACC,4.1,sys,DL,DL,,ACC,,52.22,212,406,54.83,5.00%,0.00027533182680069613,222.6,406,Cascaded,2027,222.6,406
D0,sys/DL/DL,AGS,4.1,sys,DL,DL,,AGS,,66.1,392,593,69.41,5.00%,0.0005091041325748721,411.6,593,Cascaded,2027,411.6,593
D0,sys/DL/DL,AKL,4.1,sys,DL,DL,,AKL,,80.43,148,184,84.46,5.00%,0.00019221278474765578,155.4,184,Cascaded,2027,155.4,184
D0,sys/DL/DL,ALB,4.1,sys,DL,DL,,ALB,,66.29,877,1323,69.6,5.00%,0.0011389906231330685,920.85,1323,Cascaded,2027,920.85,1323
D0,sys/DL/DL,AMS,4.1,sys,DL,DL,,AMS,,34.37,1839,5351,36.09,5.00%,0.002388373723992831,1930.95,5351,Cascaded,2027,1930.95,5351
D0,sys/DL/DL,ANC,4.1,sys,DL,DL,,ANC,,69.26,1872,2703,72.72,5.00%,0.00243123198005143,1965.6,2703,Cascaded,2027,1965.6,2703
D0,sys/DL/DL,ANU,4.1,sys,DL,DL,,ANU,,43.9,36,82,46.1,5.00%,4.675446115483519e-05,37.8,82,Cascaded,2027,37.8,82
D0,sys/DL/DL,ARN,4.1,sys,DL,DL,,ARN,,63.08,123,195,66.23,5.00%,0.0001597444089456869,129.15,195,Cascaded,2027,129.15,195
D0,sys/DL/DL,ATH,4.1,sys,DL,DL,,ATH,,69.41,692,997,72.88,5.00%,0.0008987246421984986,726.6,997,Cascaded,2027,726.6,997
D0,sys/DL/DL,ATL,4.1,sys,DL,DL,,ATL,,63.91,170284,266429,67.11,5.00%,0.22115379620249875,178798.2,266429,Cascaded,2027,178798.2,266429
D0,sys/DL/DL,ATW,4.1,sys,DL,DL,,ATW,,75.47,320,424,79.25,5.00%,0.0004155952102652017,336.0,424,Cascaded,2027,336.0,424
D0,sys/DL/DL,AUA,4.1,sys,DL,DL,,AUA,,72.27,769,1064,75.89,5.00%,0.0009987272396685628,807.45,1064,Cascaded,2027,807.45,1064
D0,sys/DL/DL,AUS,4.1,sys,DL,DL,,AUS,,68.79,8850,12866,72.23,5.00%,0.011493805033896983,9292.5,12866,Cascaded,2027,9292.5,12866
D0,sys/DL/DL,AVL,4.1,sys,DL,DL,,AVL,,65.35,1320,2020,68.61,5.00%,0.001714330242343957,1386.0,2020,Cascaded,2027,1386.0,2020
D0,sys/DL/DL,BCN,4.1,sys,DL,DL,,BCN,,58.06,526,906,60.96,5.00%,0.0006831346268734253,552.3,906,Cascaded,2027,552.3,906
D0,sys/DL/DL,BDA,4.1,sys,DL,DL,,BDA,,76.82,275,358,80.66,5.00%,0.0003571521338216577,288.75,358,Cascaded,2027,288.75,358
D0,sys/DL/DL,BDL,4.1,sys,DL,DL,,BDL,,67.16,2806,4178,70.52,5.00%,0.0036442505000129875,2946.3,4178,Cascaded,2027,2946.3,4178
D0,sys/DL/DL,BER,4.1,sys,DL,DL,,BER,,54.73,110,201,57.46,5.00%,0.00014286085352866308,115.5,201,Cascaded,2027,115.5,201
D0,sys/DL/DL,BGI,4.1,sys,DL,DL,,BGI,,71.04,211,297,74.6,5.00%,0.00027403309176861736,221.55,297,Cascaded,2027,221.55,297
D0,sys/DL/DL,BGR,4.1,sys,DL,DL,,BGR,,44.83,13,29,47.07,5.00%,1.688355541702382e-05,13.65,29,Cascaded,2027,13.65,29
D0,sys/DL/DL,BHM,4.1,sys,DL,DL,,BHM,,76.56,2482,3242,80.39,5.00%,0.0032234603496194706,2606.1,3242,Cascaded,2027,2606.1,3242
D0,sys/DL/DL,BIL,4.1,sys,DL,DL,,BIL,,92.14,668,725,96.74,5.00%,0.0008675550014286085,701.4,725,Cascaded,2027,701.4,725
D0,sys/DL/DL,BIS,4.1,sys,DL,DL,,BIS,,69.63,282,405,73.11,5.00%,0.000366243279046209,296.1,405,Cascaded,2027,296.1,405
D0,sys/DL/DL,BNA,4.1,sys,DL,DL,,BNA,,72.94,6633,9094,76.59,5.00%,0.008614509467778383,6964.65,9094,Cascaded,2027,6964.65,9094
D0,sys/DL/DL,BNE,4.1,sys,DL,DL,,BNE,,45.16,28,62,47.42,5.00%,3.636458089820515e-05,29.4,62,Cascaded,2027,29.4,62
D0,sys/DL/DL,BOG,4.1,sys,DL,DL,,BOG,,63.62,439,690,66.8,5.00%,0.0005701446790825736,460.95,690,Cascaded,2027,460.95,690
D0,sys/DL/DL,BOI,4.1,sys,DL,DL,,BOI,,71.7,1817,2534,75.29,5.00%,0.0023598015532870983,1907.85,2534,Cascaded,2027,1907.85,2534
D0,sys/DL/DL,BON,4.1,sys,DL,DL,,BON,,52.78,38,72,55.42,5.00%,4.93519312189927e-05,39.9,72,Cascaded,2027,39.9,72
D0,sys/DL/DL,BOS,4.1,sys,DL,DL,,BOS,,63.65,18574,29183,66.83,5.00%,0.0241227044858308,19502.7,29183,Cascaded,2027,19502.7,29183
D0,sys/DL/DL,BRU,4.1,sys,DL,DL,,BRU,,50.85,119,234,53.4,5.00%,0.0001545494688173719,124.95,234,Cascaded,2027,124.95,234
D0,sys/DL/DL,BTR,4.1,sys,DL,DL,,BTR,,69.83,662,948,73.32,5.00%,0.000859762591236136,695.1,948,Cascaded,2027,695.1,948
D0,sys/DL/DL,BTV,4.1,sys,DL,DL,,BTV,,70.29,265,377,73.81,5.00%,0.00034416478350087013,278.25,377,Cascaded,2027,278.25,377
D0,sys/DL/DL,BUF,4.1,sys,DL,DL,,BUF,,60.49,1055,1744,63.52,5.00%,0.0013701654588430868,1107.75,1744,Cascaded,2027,1107.75,1744
D0,sys/DL/DL,BUR,4.1,sys,DL,DL,,BUR,,68.24,505,740,71.66,5.00%,0.0006558611911997714,530.25,740,Cascaded,2027,530.25,740
D0,sys/DL/DL,BWI,4.1,sys,DL,DL,,BWI,,66.72,3474,5207,70.05,5.00%,0.0045118055014415955,3647.7,5207,Cascaded,2027,3647.7,5207
D0,sys/DL/DL,BZE,4.1,sys,DL,DL,,BZE,,78.91,318,403,82.85,5.00%,0.0004129977402010442,333.9,403,Cascaded,2027,333.9,403
D0,sys/DL/DL,BZN,4.1,sys,DL,DL,,BZN,,76.65,1513,1974,80.48,5.00%,0.0019649861035351567,1588.65,1974,Cascaded,2027,1588.65,1974
D0,sys/DL/DL,CAE,4.1,sys,DL,DL,,CAE,,67.95,1266,1863,71.35,5.00%,0.0016441985506117042,1329.3,1863,Cascaded,2027,1329.3,1863
D0,sys/DL/DL,CDG,4.1,sys,DL,DL,,CDG,,37.91,1516,3999,39.8,5.00%,0.001968882308631393,1591.8,3999,Cascaded,2027,1591.8,3999
D0,sys/DL/DL,CHA,4.1,sys,DL,DL,,CHA,,65.69,850,1294,68.97,5.00%,0.001103924777266942,892.5,1294,Cascaded,2027,892.5,1294
D0,sys/DL/DL,CHO,4.1,sys,DL,DL,,CHO,,72.38,131,181,75.99,5.00%,0.00017013428920231694,137.55,181,Cascaded,2027,137.55,181
D0,sys/DL/DL,CHS,4.1,sys,DL,DL,,CHS,,74.97,3370,4495,78.72,5.00%,0.004376737058105405,3538.5,4495,Cascaded,2027,3538.5,4495
D0,sys/DL/DL,CID,4.1,sys,DL,DL,,CID,,78.09,278,356,81.99,5.00%,0.00036104833891789396,291.9,356,Cascaded,2027,291.9,356
D0,sys/DL/DL,CLE,4.1,sys,DL,DL,,CLE,,70.18,2497,3558,73.69,5.00%,0.003242941375100652,2621.85,3558,Cascaded,2027,2621.85,3558
D0,sys/DL/DL,CLT,4.1,sys,DL,DL,,CLT,,71.88,3918,5451,75.47,5.00%,0.005088443855684563,4113.9,5451,Cascaded,2027,4113.9,5451
D0,sys/DL/DL,CMH,4.1,sys,DL,DL,,CMH,,77.03,2820,3661,80.88,5.00%,0.00366243279046209,2961.0,3661,Cascaded,2027,2961.0,3661
D0,sys/DL/DL,COS,4.1,sys,DL,DL,,COS,,75.49,496,657,79.27,5.00%,0.0006441725759110626,520.8,657,Cascaded,2027,520.8,657
D0,sys/DL/DL,CPH,4.1,sys,DL,DL,,CPH,,70.11,190,271,73.62,5.00%,0.0002467596560949635,199.5,271,Cascaded,2027,199.5,271
D0,sys/DL/DL,CPT,4.1,sys,DL,DL,,CPT,,55.61,109,196,58.39,5.00%,0.00014156211849658431,114.45,196,Cascaded,2027,114.45,196
D0,sys/DL/DL,CTA,4.1,sys,DL,DL,,CTA,,64.77,125,193,68.01,5.00%,0.00016234187900984441,131.25,193,Cascaded,2027,131.25,193
D0,sys/DL/DL,CTG,4.1,sys,DL,DL,,CTG,,78.89,157,199,82.84,5.00%,0.0002039014000363646,164.85,199,Cascaded,2027,164.85,199
D0,sys/DL/DL,CUN,4.1,sys,DL,DL,,CUN,,60.24,3501,5812,63.25,5.00%,0.004546871347307723,3676.05,5812,Cascaded,2027,3676.05,5812
D0,sys/DL/DL,CUR,4.1,sys,DL,DL,,CUR,,68.84,137,199,72.29,5.00%,0.00017792669939478947,143.85,199,Cascaded,2027,143.85,199
D0,sys/DL/DL,CVG,4.1,sys,DL,DL,,CVG,,67.99,5275,7758,71.39,5.00%,0.0068508272942154344,5538.75,7758,Cascaded,2027,5538.75,7758
D0,sys/DL/DL,CZM,4.1,sys,DL,DL,,CZM,,80.13,125,156,84.13,5.00%,0.00016234187900984441,131.25,156,Cascaded,2027,131.25,156
D0,sys/DL/DL,DAB,4.1,sys,DL,DL,,DAB,,73.89,1084,1467,77.59,5.00%,0.0014078287747733708,1138.2,1467,Cascaded,2027,1138.2,1467
D0,sys/DL/DL,DAL,4.1,sys,DL,DL,,DAL,,64.05,1160,1811,67.26,5.00%,0.001506532637211356,1218.0,1811,Cascaded,2027,1218.0,1811
D0,sys/DL/DL,DAY,4.1,sys,DL,DL,,DAY,,76.53,1050,1372,80.36,5.00%,0.001363671783682693,1102.5,1372,Cascaded,2027,1102.5,1372
D0,sys/DL/DL,DCA,4.1,sys,DL,DL,,DCA,,61.66,5668,9192,64.75,5.00%,0.007361230161822385,5951.4,9192,Cascaded,2027,5951.4,9192
D0,sys/DL/DL,DEN,4.1,sys,DL,DL,,DEN,,65.25,7446,11411,68.52,5.00%,0.009670381048858413,7818.3,11411,Cascaded,2027,7818.3,11411
D0,sys/DL/DL,DFW,4.1,sys,DL,DL,,DFW,,65.59,7539,11494,68.87,5.00%,0.009791163406841736,7915.95,11494,Cascaded,2027,7915.95,11494
D0,sys/DL/DL,DJT,4.1,sys,DL,DL,,DJT,,58.11,4093,7043,61.02,5.00%,0.0053157224862983455,4297.65,7043,Cascaded,2027,4297.65,7043
D0,sys/DL/DL,DLH,4.1,sys,DL,DL,,DLH,,66.67,4,6,70.0,5.00%,5.194940128315021e-06,4.2,6,Cascaded,2027,4.2,6
D0,sys/DL/DL,DSM,4.1,sys,DL,DL,,DSM,,76.17,930,1221,79.98,5.00%,0.0012078235798332424,976.5,1221,Cascaded,2027,976.5,1221
D0,sys/DL/DL,DSS,4.1,sys,DL,DL,,DSS,,56.04,102,182,58.85,5.00%,0.00013247097327203305,107.1,182,Cascaded,2027,107.1,182
D0,sys/DL/DL,DTW,4.1,sys,DL,DL,,DTW,,64.48,41847,64897,67.71,5.00%,0.05434816488739967,43939.35,64897,Cascaded,2027,43939.35,64897
D0,sys/DL/DL,DUB,4.1,sys,DL,DL,,DUB,,74.76,945,1264,78.5,5.00%,0.0012273046053144238,992.25,1264,Cascaded,2027,992.25,1264
D0,sys/DL/DL,ECP,4.1,sys,DL,DL,,ECP,,70.39,1664,2364,73.91,5.00%,0.002161095093379049,1747.2,2364,Cascaded,2027,1747.2,2364
D0,sys/DL/DL,EDI,4.1,sys,DL,DL,,EDI,,62.29,413,663,65.41,5.00%,0.0005363775682485259,433.65,663,Cascaded,2027,433.65,663
D0,sys/DL/DL,EGE,4.1,sys,DL,DL,,EGE,,63.82,127,199,67.01,5.00%,0.00016493934907400192,133.35,199,Cascaded,2027,133.35,199
D0,sys/DL/DL,ELP,4.1,sys,DL,DL,,ELP,,73.62,522,709,77.31,5.00%,0.0006779396867451102,548.1,709,Cascaded,2027,548.1,709
D0,sys/DL/DL,EWR,4.1,sys,DL,DL,,EWR,,60.94,3905,6408,63.99,5.00%,0.005071560300267539,4100.25,6408,Cascaded,2027,4100.25,6408
D0,sys/DL/DL,EYW,4.1,sys,DL,DL,,EYW,,71.68,1035,1444,75.26,5.00%,0.0013441907582015117,1086.75,1444,Cascaded,2027,1086.75,1444
D0,sys/DL/DL,EZE,4.1,sys,DL,DL,,EZE,,57.49,334,581,60.36,5.00%,0.00043377750071430427,350.7,581,Cascaded,2027,350.7,581
D0,sys/DL/DL,FAI,4.1,sys,DL,DL,,FAI,,61.22,401,655,64.28,5.00%,0.0005207927478635809,421.05,655,Cascaded,2027,421.05,655
D0,sys/DL/DL,FAR,4.1,sys,DL,DL,,FAR,,75.43,525,696,79.2,5.00%,0.0006818358918413465,551.25,696,Cascaded,2027,551.25,696
D0,sys/DL/DL,FAT,4.1,sys,DL,DL,,FAT,,67.78,61,90,71.17,5.00%,7.922283695680407e-05,64.05,90,Cascaded,2027,64.05,90
D0,sys/DL/DL,FAY,4.1,sys,DL,DL,,FAY,,36.07,22,61,37.87,5.00%,2.8572170705732617e-05,23.1,61,Cascaded,2027,23.1,61
D0,sys/DL/DL,FCA,4.1,sys,DL,DL,,FCA,,73.77,613,831,77.45,5.00%,0.000796124574664277,643.65,831,Cascaded,2027,643.65,831
D0,sys/DL/DL,FCO,4.1,sys,DL,DL,,FCO,,69.63,1408,2022,73.12,5.00%,0.0018286189251668875,1478.4,2022,Cascaded,2027,1478.4,2022
D0,sys/DL/DL,FLL,4.1,sys,DL,DL,,FLL,,55.31,6948,12561,58.08,5.00%,0.009023611002883191,7295.4,12561,Cascaded,2027,7295.4,12561
D0,sys/DL/DL,FRA,4.1,sys,DL,DL,,FRA,,66.92,615,919,70.27,5.00%,0.0007987220447284345,645.75,919,Cascaded,2027,645.75,919
D0,sys/DL/DL,FSD,4.1,sys,DL,DL,,FSD,,81.28,586,721,85.34,5.00%,0.0007610587287981506,615.3,721,Cascaded,2027,615.3,721
D0,sys/DL/DL,GCM,4.1,sys,DL,DL,,GCM,,83.41,367,440,87.58,5.00%,0.0004766357567729032,385.35,440,Cascaded,2027,385.35,440
D0,sys/DL/DL,GDL,4.1,sys,DL,DL,,GDL,,88.1,333,378,92.5,5.00%,0.0004324787656822255,349.65,378,Cascaded,2027,349.65,378
D0,sys/DL/DL,GEG,4.1,sys,DL,DL,,GEG,,75.31,1937,2572,79.08,5.00%,0.002515649757136549,2033.85,2572,Cascaded,2027,2033.85,2572
D0,sys/DL/DL,GIG,4.1,sys,DL,DL,,GIG,,70.15,235,335,73.66,5.00%,0.00030520273253850747,246.75,335,Cascaded,2027,246.75,335
D0,sys/DL/DL,GND,4.1,sys,DL,DL,,GND,,68.32,69,101,71.73,5.00%,8.961271721343412e-05,72.45,101,Cascaded,2027,72.45,101
D0,sys/DL/DL,GNV,4.1,sys,DL,DL,,GNV,,73.62,1144,1554,77.3,5.00%,0.001485752876698096,1201.2,1554,Cascaded,2027,1201.2,1554
D0,sys/DL/DL,GPT,4.1,sys,DL,DL,,GPT,,76.57,987,1289,80.4,5.00%,0.0012818514766617314,1036.35,1289,Cascaded,2027,1036.35,1289
D0,sys/DL/DL,GRB,4.1,sys,DL,DL,,GRB,,80.33,433,539,84.35,5.00%,0.0005623522688901011,454.65,539,Cascaded,2027,454.65,539
D0,sys/DL/DL,GRR,4.1,sys,DL,DL,,GRR,,75.17,1456,1937,78.93,5.00%,0.0018909582067066677,1528.8,1937,Cascaded,2027,1528.8,1937
D0,sys/DL/DL,GRU,4.1,sys,DL,DL,,GRU,,73.8,738,1000,77.49,5.00%,0.0009584664536741214,774.9,1000,Cascaded,2027,774.9,1000
D0,sys/DL/DL,GSO,4.1,sys,DL,DL,,GSO,,77.75,2083,2679,81.64,5.00%,0.0027052650718200474,2187.15,2679,Cascaded,2027,2187.15,2679
D0,sys/DL/DL,GSP,4.1,sys,DL,DL,,GSP,,76.79,2399,3124,80.63,5.00%,0.003115665341956934,2518.95,3124,Cascaded,2027,2518.95,3124
D0,sys/DL/DL,GUA,4.1,sys,DL,DL,,GUA,,66.83,270,404,70.17,5.00%,0.0003506584586612639,283.5,404,Cascaded,2027,283.5,404
D0,sys/DL/DL,GVA,4.1,sys,DL,DL,,GVA,,53.91,69,128,56.6,5.00%,8.961271721343412e-05,72.45,128,Cascaded,2027,72.45,128
D0,sys/DL/DL,HAV,4.1,sys,DL,DL,,HAV,,77.02,409,531,80.88,5.00%,0.000531182628120211,429.45,531,Cascaded,2027,429.45,531
D0,sys/DL/DL,HDN,4.1,sys,DL,DL,,HDN,,53.38,71,133,56.05,5.00%,9.221018727759163e-05,74.55,133,Cascaded,2027,74.55,133
D0,sys/DL/DL,HND,4.1,sys,DL,DL,,HND,,60.12,1295,2154,63.13,5.00%,0.0016818618665419881,1359.75,2154,Cascaded,2027,1359.75,2154
D0,sys/DL/DL,HNL,4.1,sys,DL,DL,,HNL,,74.05,2977,4020,77.76,5.00%,0.0038663341904984546,3125.85,4020,Cascaded,2027,3125.85,4020
D0,sys/DL/DL,HOU,4.1,sys,DL,DL,,HOU,,70.11,983,1402,73.62,5.00%,0.0012766565365334164,1032.15,1402,Cascaded,2027,1032.15,1402
D0,sys/DL/DL,HPN,4.1,sys,DL,DL,,HPN,,52.29,366,700,54.9,5.00%,0.0004753370217408244,384.3,700,Cascaded,2027,384.3,700
D0,sys/DL/DL,HRL,4.1,sys,DL,DL,,HRL,,75.74,128,169,79.53,5.00%,0.00016623808410608066,134.4,169,Cascaded,2027,134.4,169
D0,sys/DL/DL,HSV,4.1,sys,DL,DL,,HSV,,75.69,1663,2197,79.48,5.00%,0.00215979635834697,1746.15,2197,Cascaded,2027,1746.15,2197
D0,sys/DL/DL,IAD,4.1,sys,DL,DL,,IAD,,65.38,1911,2923,68.65,5.00%,0.0024818826463025015,2006.55,2923,Cascaded,2027,2006.55,2923
D0,sys/DL/DL,IAH,4.1,sys,DL,DL,,IAH,,62.99,5139,8158,66.14,5.00%,0.006674199329852724,5395.95,8158,Cascaded,2027,5395.95,8158
D0,sys/DL/DL,ICN,4.1,sys,DL,DL,,ICN,,62.37,1281,2054,65.48,5.00%,0.0016636795760928856,1345.05,2054,Cascaded,2027,1345.05,2054
D0,sys/DL/DL,ICT,4.1,sys,DL,DL,,ICT,,68.14,770,1130,71.55,5.00%,0.0010000259747006415,808.5,1130,Cascaded,2027,808.5,1130
D0,sys/DL/DL,IDA,4.1,sys,DL,DL,,IDA,,75.08,235,313,78.83,5.00%,0.00030520273253850747,246.75,313,Cascaded,2027,246.75,313
D0,sys/DL/DL,ILM,4.1,sys,DL,DL,,ILM,,64.89,741,1142,68.13,5.00%,0.0009623626587703576,778.05,1142,Cascaded,2027,778.05,1142
D0,sys/DL/DL,IND,4.1,sys,DL,DL,,IND,,77.52,3441,4439,81.39,5.00%,0.004468947245382997,3613.05,4439,Cascaded,2027,3613.05,4439
D0,sys/DL/DL,JAC,4.1,sys,DL,DL,,JAC,,65.98,607,920,69.28,5.00%,0.0007883321644718044,637.35,920,Cascaded,2027,637.35,920
D0,sys/DL/DL,JAN,4.1,sys,DL,DL,,JAN,,77.3,1519,1965,81.17,5.00%,0.001972778513727629,1594.95,1965,Cascaded,2027,1594.95,1965
D0,sys/DL/DL,JAX,4.1,sys,DL,DL,,JAX,,66.22,3379,5103,69.53,5.00%,0.004388425673394114,3547.95,5103,Cascaded,2027,3547.95,5103
D0,sys/DL/DL,JFK,4.1,sys,DL,DL,,JFK,,65.35,29448,45064,68.61,5.00%,0.03824514922465518,30920.4,45064,Cascaded,2027,30920.4,45064
D0,sys/DL/DL,JNB,4.1,sys,DL,DL,,JNB,,60.32,190,315,63.33,5.00%,0.0002467596560949635,199.5,315,Cascaded,2027,199.5,315
D0,sys/DL/DL,JNU,4.1,sys,DL,DL,,JNU,,89.21,124,139,93.67,5.00%,0.00016104314397776565,130.2,139,Cascaded,2027,130.2,139
D0,sys/DL/DL,KEF,4.1,sys,DL,DL,,KEF,,63.55,272,428,66.73,5.00%,0.00035325592872542146,285.6,428,Cascaded,2027,285.6,428
D0,sys/DL/DL,KIN,4.1,sys,DL,DL,,KIN,,75.42,270,358,79.19,5.00%,0.0003506584586612639,283.5,358,Cascaded,2027,283.5,358
D0,sys/DL/DL,KOA,4.1,sys,DL,DL,,KOA,,67.08,536,799,70.44,5.00%,0.0006961219771942129,562.8,799,Cascaded,2027,562.8,799
D0,sys/DL/DL,LAS,4.1,sys,DL,DL,,LAS,,67.74,10591,15635,71.13,5.00%,0.013754902724746098,11120.55,15635,Cascaded,2027,11120.55,15635
D0,sys/DL/DL,LAX,4.1,sys,DL,DL,,LAX,,68.5,27078,39529,71.93,5.00%,0.03516714719862853,28431.9,39529,Cascaded,2027,28431.9,39529
D0,sys/DL/DL,LEX,4.1,sys,DL,DL,,LEX,,79.34,1578,1989,83.3,5.00%,0.002049403880620276,1656.9,1989,Cascaded,2027,1656.9,1989
D0,sys/DL/DL,LGA,4.1,sys,DL,DL,,LGA,,63.6,18195,28608,66.78,5.00%,0.023630483908672954,19104.75,28608,Cascaded,2027,19104.75,28608
D0,sys/DL/DL,LGB,4.1,sys,DL,DL,,LGB,,75.46,326,432,79.24,5.00%,0.00042338762045767423,342.3,432,Cascaded,2027,342.3,432
D0,sys/DL/DL,LGW,4.1,sys,DL,DL,,LGW,,53.54,53,99,56.21,5.00%,6.883295670017403e-05,55.65,99,Cascaded,2027,55.65,99
D0,sys/DL/DL,LHR,4.1,sys,DL,DL,,LHR,,70.85,2479,3499,74.39,5.00%,0.0032195641445232344,2602.95,3499,Cascaded,2027,2602.95,3499
D0,sys/DL/DL,LIH,4.1,sys,DL,DL,,LIH,,71.25,503,706,74.81,5.00%,0.000653263721135614,528.15,706,Cascaded,2027,528.15,706
D0,sys/DL/DL,LIM,4.1,sys,DL,DL,,LIM,,57.28,236,412,60.15,5.00%,0.00030650146757058624,247.8,412,Cascaded,2027,247.8,412
D0,sys/DL/DL,LIR,4.1,sys,DL,DL,,LIR,,76.85,508,661,80.7,5.00%,0.0006597573962960077,533.4,661,Cascaded,2027,533.4,661
D0,sys/DL/DL,LIS,4.1,sys,DL,DL,,LIS,,45.07,302,670,47.33,5.00%,0.0003922179796877841,317.1,670,Cascaded,2027,317.1,670
D0,sys/DL/DL,LIT,4.1,sys,DL,DL,,LIT,,74.56,1665,2233,78.29,5.00%,0.0021623938284111278,1748.25,2233,Cascaded,2027,1748.25,2233
D0,sys/DL/DL,LOS,4.1,sys,DL,DL,,LOS,,16.34,66,404,17.15,5.00%,8.571651211719785e-05,69.3,404,Cascaded,2027,69.3,404
D0,sys/DL/DL,MAD,4.1,sys,DL,DL,,MAD,,68.66,493,718,72.1,5.00%,0.0006402763708148264,517.65,718,Cascaded,2027,517.65,718
D0,sys/DL/DL,MBJ,4.1,sys,DL,DL,,MBJ,,71.82,1088,1515,75.41,5.00%,0.0014130237149016858,1142.4,1515,Cascaded,2027,1142.4,1515
D0,sys/DL/DL,MCI,4.1,sys,DL,DL,,MCI,,76.19,5943,7800,80.0,5.00%,0.007718382295644042,6240.15,7800,Cascaded,2027,6240.15,7800
D0,sys/DL/DL,MCO,4.1,sys,DL,DL,,MCO,,61.78,13009,21058,64.87,5.00%,0.016895244032312528,13659.45,21058,Cascaded,2027,13659.45,21058
D0,sys/DL/DL,MDT,4.1,sys,DL,DL,,MDT,,66.56,631,948,69.89,5.00%,0.0008195018052416945,662.55,948,Cascaded,2027,662.55,948
D0,sys/DL/DL,MDW,4.1,sys,DL,DL,,MDW,,71.45,971,1359,75.02,5.00%,0.0012610717161484714,1019.55,1359,Cascaded,2027,1019.55,1359
D0,sys/DL/DL,MEM,4.1,sys,DL,DL,,MEM,,73.93,3139,4246,77.62,5.00%,0.004076729265695213,3295.95,4246,Cascaded,2027,3295.95,4246
D0,sys/DL/DL,MEX,4.1,sys,DL,DL,,MEX,,76.08,2385,3135,79.88,5.00%,0.0030974830515078313,2504.25,3135,Cascaded,2027,2504.25,3135
D0,sys/DL/DL,MIA,4.1,sys,DL,DL,,MIA,,55.06,6535,11869,57.81,5.00%,0.008487233434634665,6861.75,11869,Cascaded,2027,6861.75,11869
D0,sys/DL/DL,MKE,4.1,sys,DL,DL,,MKE,,75.45,2843,3768,79.22,5.00%,0.003692303696199901,2985.15,3768,Cascaded,2027,2985.15,3768
D0,sys/DL/DL,MLB,4.1,sys,DL,DL,,MLB,,73.7,1045,1418,77.38,5.00%,0.0013571781085222993,1097.25,1418,Cascaded,2027,1097.25,1418
D0,sys/DL/DL,MOB,4.1,sys,DL,DL,,MOB,,72.89,535,734,76.53,5.00%,0.0006948232421621341,561.75,734,Cascaded,2027,561.75,734
D0,sys/DL/DL,MSN,4.1,sys,DL,DL,,MSN,,80.98,1392,1719,85.03,5.00%,0.0018078391646536274,1461.6,1719,Cascaded,2027,1461.6,1719
D0,sys/DL/DL,MSO,4.1,sys,DL,DL,,MSO,,80.57,759,942,84.6,5.00%,0.0009857398893477753,796.95,942,Cascaded,2027,796.95,942
D0,sys/DL/DL,MSP,4.1,sys,DL,DL,,MSP,,66.72,47093,70581,70.06,5.00%,0.06116132886568482,49447.65,70581,Cascaded,2027,49447.65,70581
D0,sys/DL/DL,MSY,4.1,sys,DL,DL,,MSY,,67.94,5028,7401,71.33,5.00%,0.006530039741291981,5279.4,7401,Cascaded,2027,5279.4,7401
D0,sys/DL/DL,MTJ,4.1,sys,DL,DL,,MTJ,,60.42,58,96,63.44,5.00%,7.53266318605678e-05,60.9,96,Cascaded,2027,60.9,96
D0,sys/DL/DL,MTY,4.1,sys,DL,DL,,MTY,,89.2,322,361,93.66,5.00%,0.0004181926803293592,338.1,361,Cascaded,2027,338.1,361
D0,sys/DL/DL,MUC,4.1,sys,DL,DL,,MUC,,62.11,318,512,65.21,5.00%,0.0004129977402010442,333.9,512,Cascaded,2027,333.9,512
D0,sys/DL/DL,MXP,4.1,sys,DL,DL,,MXP,,52.38,473,903,55.0,5.00%,0.0006143016701732512,496.65,903,Cascaded,2027,496.65,903
D0,sys/DL/DL,MYR,4.1,sys,DL,DL,,MYR,,72.35,1599,2210,75.97,5.00%,0.0020766773162939297,1678.95,2210,Cascaded,2027,1678.95,2210
D0,sys/DL/DL,MZT,4.1,sys,DL,DL,,MZT,,78.57,11,14,82.5,5.00%,1.4286085352866309e-05,11.55,14,Cascaded,2027,11.55,14
D0,sys/DL/DL,NAP,4.1,sys,DL,DL,,NAP,,65.88,195,296,69.17,5.00%,0.0002532533312553573,204.75,296,Cascaded,2027,204.75,296
D0,sys/DL/DL,NAS,4.1,sys,DL,DL,,NAS,,80.64,1391,1725,84.67,5.00%,0.0018065404296215485,1460.55,1725,Cascaded,2027,1460.55,1725
D0,sys/DL/DL,NCE,4.1,sys,DL,DL,,NCE,,56.25,198,352,59.06,5.00%,0.00025714953635159354,207.9,352,Cascaded,2027,207.9,352
D0,sys/DL/DL,OAK,4.1,sys,DL,DL,,OAK,,85.71,6,7,90.0,5.00%,7.792410192472532e-06,6.3,7,Cascaded,2027,6.3,7
D0,sys/DL/DL,OGG,4.1,sys,DL,DL,,OGG,,79.17,950,1200,83.12,5.00%,0.0012337982804748176,997.5,1200,Cascaded,2027,997.5,1200
D0,sys/DL/DL,OKC,4.1,sys,DL,DL,,OKC,,76.89,1291,1679,80.74,5.00%,0.001676666926413673,1355.55,1679,Cascaded,2027,1355.55,1679
D0,sys/DL/DL,OLB,4.1,sys,DL,DL,,OLB,,50.0,3,6,52.5,5.00%,3.896205096236266e-06,3.15,6,Cascaded,2027,3.15,6
D0,sys/DL/DL,OMA,4.1,sys,DL,DL,,OMA,,75.21,1274,1694,78.97,5.00%,0.0016545884308683343,1337.7,1694,Cascaded,2027,1337.7,1694
D0,sys/DL/DL,ONT,4.1,sys,DL,DL,,ONT,,79.53,1465,1842,83.51,5.00%,0.0019026468219953765,1538.25,1842,Cascaded,2027,1538.25,1842
D0,sys/DL/DL,OPO,4.1,sys,DL,DL,,OPO,,77.78,7,9,81.67,5.00%,9.091145224551287e-06,7.35,9,Cascaded,2027,7.35,9
D0,sys/DL/DL,ORD,4.1,sys,DL,DL,,ORD,,58.09,5952,10247,60.99,5.00%,0.0077300709109327514,6249.6,10247,Cascaded,2027,6249.6,10247
D0,sys/DL/DL,ORF,4.1,sys,DL,DL,,ORF,,66.54,2122,3189,69.87,5.00%,0.002755915738071119,2228.1,3189,Cascaded,2027,2228.1,3189
D0,sys/DL/DL,PDX,4.1,sys,DL,DL,,PDX,,72.31,5221,7220,75.93,5.00%,0.006780695602483181,5482.05,7220,Cascaded,2027,5482.05,7220
D0,sys/DL/DL,PHL,4.1,sys,DL,DL,,PHL,,65.77,4139,6293,69.06,5.00%,0.005375464297773968,4345.95,6293,Cascaded,2027,4345.95,6293
D0,sys/DL/DL,PHX,4.1,sys,DL,DL,,PHX,,70.75,7466,10552,74.29,5.00%,0.009696355749499987,7839.3,10552,Cascaded,2027,7839.3,10552
D0,sys/DL/DL,PIT,4.1,sys,DL,DL,,PIT,,72.27,2348,3249,75.88,5.00%,0.0030494298553209176,2465.4,3249,Cascaded,2027,2465.4,3249
D0,sys/DL/DL,PLS,4.1,sys,DL,DL,,PLS,,84.29,633,751,88.5,5.00%,0.0008220992753058521,664.65,751,Cascaded,2027,664.65,751
D0,sys/DL/DL,PNS,4.1,sys,DL,DL,,PNS,,80.72,2261,2801,84.76,5.00%,0.0029364399075300657,2374.05,2801,Cascaded,2027,2374.05,2801
D0,sys/DL/DL,POP,4.1,sys,DL,DL,,POP,,80.92,106,131,84.96,5.00%,0.00013766591340034806,111.3,131,Cascaded,2027,111.3,131
D0,sys/DL/DL,PPT,4.1,sys,DL,DL,,PPT,,66.67,2,3,70.0,5.00%,2.5974700641575104e-06,2.1,3,Cascaded,2027,2.1,3
D0,sys/DL/DL,PRG,4.1,sys,DL,DL,,PRG,,63.82,97,152,67.01,5.00%,0.00012597729811163926,101.85,152,Cascaded,2027,101.85,152
D0,sys/DL/DL,PSC,4.1,sys,DL,DL,,PSC,,90.48,532,588,95.0,5.00%,0.0006909270370658978,558.6,588,Cascaded,2027,558.6,588
D0,sys/DL/DL,PSP,4.1,sys,DL,DL,,PSP,,60.26,467,775,63.27,5.00%,0.0006065092599807787,490.35,775,Cascaded,2027,490.35,775
D0,sys/DL/DL,PTY,4.1,sys,DL,DL,,PTY,,75.68,308,407,79.46,5.00%,0.0004000103898802566,323.4,407,Cascaded,2027,323.4,407
D0,sys/DL/DL,PUJ,4.1,sys,DL,DL,,PUJ,,62.33,1304,2092,65.45,5.00%,0.001693550481830697,1369.2,2092,Cascaded,2027,1369.2,2092
D0,sys/DL/DL,PVD,4.1,sys,DL,DL,,PVD,,64.58,793,1228,67.81,5.00%,0.001029896880438453,832.65,1228,Cascaded,2027,832.65,1228
D0,sys/DL/DL,PVG,4.1,sys,DL,DL,,PVG,,69.67,604,867,73.15,5.00%,0.0007844359593755682,634.2,867,Cascaded,2027,634.2,867
D0,sys/DL/DL,PVR,4.1,sys,DL,DL,,PVR,,79.19,1119,1413,83.15,5.00%,0.001453284500896127,1174.95,1413,Cascaded,2027,1174.95,1413
D0,sys/DL/DL,PWM,4.1,sys,DL,DL,,PWM,,60.72,705,1161,63.76,5.00%,0.0009156081976155225,740.25,1161,Cascaded,2027,740.25,1161
D0,sys/DL/DL,RAK,4.1,sys,DL,DL,,RAK,,65.0,65,100,68.25,5.00%,8.44177770851191e-05,68.25,100,Cascaded,2027,68.25,100
D0,sys/DL/DL,RAP,4.1,sys,DL,DL,,RAP,,53.33,8,15,56.0,5.00%,1.0389880256630042e-05,8.4,15,Cascaded,2027,8.4,15
D0,sys/DL/DL,RDU,4.1,sys,DL,DL,,RDU,,68.97,8187,11870,72.42,5.00%,0.01063274370762877,8596.35,11870,Cascaded,2027,8596.35,11870
D0,sys/DL/DL,RIC,4.1,sys,DL,DL,,RIC,,73.74,2100,2848,77.42,5.00%,0.002727343567365386,2205.0,2848,Cascaded,2027,2205.0,2848
D0,sys/DL/DL,RNO,4.1,sys,DL,DL,,RNO,,69.17,774,1119,72.63,5.00%,0.0010052209148289565,812.7,1119,Cascaded,2027,812.7,1119
D0,sys/DL/DL,ROA,4.1,sys,DL,DL,,ROA,,85.63,304,355,89.92,5.00%,0.0003948154497519416,319.2,355,Cascaded,2027,319.2,355
D0,sys/DL/DL,ROC,4.1,sys,DL,DL,,ROC,,51.77,555,1072,54.36,5.00%,0.0007207979428037091,582.75,1072,Cascaded,2027,582.75,1072
D0,sys/DL/DL,RSW,4.1,sys,DL,DL,,RSW,,70.08,5205,7427,73.59,5.00%,0.006759915841969921,5465.25,7427,Cascaded,2027,5465.25,7427
D0,sys/DL/DL,RTB,4.1,sys,DL,DL,,RTB,,67.09,53,79,70.44,5.00%,6.883295670017403e-05,55.65,79,Cascaded,2027,55.65,79
D0,sys/DL/DL,SAL,4.1,sys,DL,DL,,SAL,,69.53,251,361,73.01,5.00%,0.0003259824930517676,263.55,361,Cascaded,2027,263.55,361
D0,sys/DL/DL,SAN,4.1,sys,DL,DL,,SAN,,69.56,6589,9473,73.03,5.00%,0.00855736512636692,6918.45,9473,Cascaded,2027,6918.45,9473
D0,sys/DL/DL,SAP,4.1,sys,DL,DL,,SAP,,55.83,201,360,58.63,5.00%,0.0002610457414478298,211.05,360,Cascaded,2027,211.05,360
D0,sys/DL/DL,SAT,4.1,sys,DL,DL,,SAT,,72.04,4849,6731,75.64,5.00%,0.006297566170549884,5091.45,6731,Cascaded,2027,5091.45,6731
D0,sys/DL/DL,SAV,4.1,sys,DL,DL,,SAV,,70.55,2571,3644,74.08,5.00%,0.0033390477674744797,2699.55,3644,Cascaded,2027,2699.55,3644
D0,sys/DL/DL,SBA,4.1,sys,DL,DL,,SBA,,67.29,253,376,70.65,5.00%,0.0003285799631159251,265.65,376,Cascaded,2027,265.65,376
D0,sys/DL/DL,SCL,4.1,sys,DL,DL,,SCL,,76.83,315,410,80.67,5.00%,0.00040910153510480794,330.75,410,Cascaded,2027,330.75,410
D0,sys/DL/DL,SDF,4.1,sys,DL,DL,,SDF,,78.55,2076,2643,82.47,5.00%,0.002696173926595496,2179.8,2643,Cascaded,2027,2179.8,2643
D0,sys/DL/DL,SDQ,4.1,sys,DL,DL,,SDQ,,58.54,840,1435,61.46,5.00%,0.0010909374269461544,882.0,1435,Cascaded,2027,882.0,1435
D0,sys/DL/DL,SEA,4.1,sys,DL,DL,,SEA,,65.15,22939,35212,68.4,5.00%,0.029791682900854568,24085.95,35212,Cascaded,2027,24085.95,35212
D0,sys/DL/DL,SFO,4.1,sys,DL,DL,,SFO,,61.41,8301,13517,64.48,5.00%,0.010780799501285748,8716.05,13517,Cascaded,2027,8716.05,13517
D0,sys/DL/DL,SGF,4.1,sys,DL,DL,,SGF,,51.5,240,466,54.08,5.00%,0.00031169640769890126,252.0,466,Cascaded,2027,252.0,466
D0,sys/DL/DL,SHV,4.1,sys,DL,DL,,SHV,,0.0,0,1,0.0,0.00%,0.0,0.0,1,Cascaded,2027,0.0,1
D0,sys/DL/DL,SJC,4.1,sys,DL,DL,,SJC,,80.58,2158,2678,84.61,5.00%,0.002802670199225954,2265.9,2678,Cascaded,2027,2265.9,2678
D0,sys/DL/DL,SJD,4.1,sys,DL,DL,,SJD,,66.9,1364,2039,70.24,5.00%,0.0017714745837554221,1432.2,2039,Cascaded,2027,1432.2,2039
D0,sys/DL/DL,SJO,4.1,sys,DL,DL,,SJO,,65.87,384,583,69.16,5.00%,0.0004987142523182421,403.2,583,Cascaded,2027,403.2,583
D0,sys/DL/DL,SJU,4.1,sys,DL,DL,,SJU,,73.27,2621,3577,76.94,5.00%,0.0034039845190784175,2752.05,3577,Cascaded,2027,2752.05,3577
D0,sys/DL/DL,SKB,4.1,sys,DL,DL,,SKB,,46.3,25,54,48.61,5.00%,3.2468375801968884e-05,26.25,54,Cascaded,2027,26.25,54
D0,sys/DL/DL,SLC,4.1,sys,DL,DL,,SLC,,68.16,38891,57057,71.57,5.00%,0.050509104132574874,40835.55,57057,Cascaded,2027,40835.55,57057
D0,sys/DL/DL,SMF,4.1,sys,DL,DL,,SMF,,80.58,2780,3450,84.61,5.00%,0.0036104833891789398,2919.0,3450,Cascaded,2027,2919.0,3450
D0,sys/DL/DL,SNA,4.1,sys,DL,DL,,SNA,,64.61,2943,4555,67.84,5.00%,0.0038221771994077767,3090.15,4555,Cascaded,2027,3090.15,4555
D0,sys/DL/DL,SNN,4.1,sys,DL,DL,,SNN,,78.57,88,112,82.5,5.00%,0.00011428868282293047,92.4,112,Cascaded,2027,92.4,112
D0,sys/DL/DL,SRQ,4.1,sys,DL,DL,,SRQ,,71.83,2333,3248,75.42,5.00%,0.003029948829839736,2449.65,3248,Cascaded,2027,2449.65,3248
D0,sys/DL/DL,STI,4.1,sys,DL,DL,,STI,,67.61,720,1065,70.99,5.00%,0.0009350892230967038,756.0,1065,Cascaded,2027,756.0,1065
D0,sys/DL/DL,STL,4.1,sys,DL,DL,,STL,,78.14,4090,5234,82.05,5.00%,0.005311826281202109,4294.5,5234,Cascaded,2027,4294.5,5234
D0,sys/DL/DL,STT,4.1,sys,DL,DL,,STT,,64.03,673,1051,67.24,5.00%,0.0008740486765890023,706.65,1051,Cascaded,2027,706.65,1051
D0,sys/DL/DL,STX,4.1,sys,DL,DL,,STX,,36.07,44,122,37.87,5.00%,5.7144341411465234e-05,46.2,122,Cascaded,2027,46.2,122
D0,sys/DL/DL,SXM,4.1,sys,DL,DL,,SXM,,52.64,279,530,55.27,5.00%,0.0003623470739499727,292.95,530,Cascaded,2027,292.95,530
D0,sys/DL/DL,SYD,4.1,sys,DL,DL,,SYD,,70.6,293,415,74.13,5.00%,0.0003805293643990753,307.65,415,Cascaded,2027,307.65,415
D0,sys/DL/DL,SYR,4.1,sys,DL,DL,,SYR,,73.94,1024,1385,77.63,5.00%,0.0013299046728486453,1075.2,1385,Cascaded,2027,1075.2,1385
D0,sys/DL/DL,TLH,4.1,sys,DL,DL,,TLH,,76.74,1422,1853,80.58,5.00%,0.00184680121561599,1493.1,1853,Cascaded,2027,1493.1,1853
D0,sys/DL/DL,TLV,4.1,sys,DL,DL,,TLV,,57.63,136,236,60.51,5.00%,0.00017662796436271073,142.8,236,Cascaded,2027,142.8,236
D0,sys/DL/DL,TPA,4.1,sys,DL,DL,,TPA,,64.73,9002,13907,67.97,5.00%,0.011691212758772955,9452.1,13907,Cascaded,2027,9452.1,13907
D0,sys/DL/DL,TPE,4.1,sys,DL,DL,,TPE,,69.17,249,360,72.62,5.00%,0.00032338502298761006,261.45,360,Cascaded,2027,261.45,360
D0,sys/DL/DL,TQO,4.1,sys,DL,DL,,TQO,,82.12,271,330,86.23,5.00%,0.0003519571936933427,284.55,330,Cascaded,2027,284.55,330
D0,sys/DL/DL,TRI,4.1,sys,DL,DL,,TRI,,66.41,255,384,69.73,5.00%,0.0003311774331800826,267.75,384,Cascaded,2027,267.75,384
D0,sys/DL/DL,TUL,4.1,sys,DL,DL,,TUL,,73.23,1130,1543,76.9,5.00%,0.0014675705862489934,1186.5,1543,Cascaded,2027,1186.5,1543
D0,sys/DL/DL,TUS,4.1,sys,DL,DL,,TUS,,79.12,864,1092,83.08,5.00%,0.0011221070677160446,907.2,1092,Cascaded,2027,907.2,1092
D0,sys/DL/DL,TVC,4.1,sys,DL,DL,,TVC,,68.89,310,450,72.33,5.00%,0.00040260785994441416,325.5,450,Cascaded,2027,325.5,450
D0,sys/DL/DL,TYS,4.1,sys,DL,DL,,TYS,,72.61,1217,1676,76.24,5.00%,0.0015805605340398453,1277.85,1676,Cascaded,2027,1277.85,1676
D0,sys/DL/DL,UIO,4.1,sys,DL,DL,,UIO,,66.39,241,363,69.71,5.00%,0.00031299514273098,253.05,363,Cascaded,2027,253.05,363
D0,sys/DL/DL,UVF,4.1,sys,DL,DL,,UVF,,73.28,266,363,76.94,5.00%,0.0003454635185329489,279.3,363,Cascaded,2027,279.3,363
D0,sys/DL/DL,VCE,4.1,sys,DL,DL,,VCE,,70.02,376,537,73.52,5.00%,0.000488324372061612,394.8,537,Cascaded,2027,394.8,537
D0,sys/DL/DL,VPS,4.1,sys,DL,DL,,VPS,,70.53,1857,2633,74.05,5.00%,0.0024117509545702486,1949.85,2633,Cascaded,2027,1949.85,2633
D0,sys/DL/DL,XNA,4.1,sys,DL,DL,,XNA,,73.26,285,389,76.93,5.00%,0.0003701394841424453,299.25,389,Cascaded,2027,299.25,389
D0,sys/DL/DL,YUL,4.1,sys,DL,DL,,YUL,,73.63,723,982,77.31,5.00%,0.0009389854281929401,759.15,982,Cascaded,2027,759.15,982
D0,sys/DL/DL,YVR,4.1,sys,DL,DL,,YVR,,75.76,500,660,79.55,5.00%,0.0006493675160393777,525.0,660,Cascaded,2027,525.0,660
D0,sys/DL/DL,YYC,4.1,sys,DL,DL,,YYC,,68.25,387,567,71.67,5.00%,0.0005026104574144783,406.35,567,Cascaded,2027,406.35,567
D0,sys/DL/DL,YYZ,4.1,sys,DL,DL,,YYZ,,61.62,1063,1725,64.7,5.00%,0.001380555339099717,1116.15,1725,Cascaded,2027,1116.15,1725
D0,sys/DL/DL,ZRH,4.1,sys,DL,DL,,ZRH,,60.56,301,497,63.59,5.00%,0.00039091924465570535,316.05,497,Cascaded,2027,316.05,497
D0,sys/DC/9E/ABE,CRJ-700,5.1,sys,DC,9E,,ABE,CRJ-700,83.25,159,191,87.41,5.00%,0.22779369627507162,166.95,191,Cascaded,2027,166.95,191
D0,sys/DC/9E/ABE,CRJ-900,5.1,sys,DC,9E,,ABE,CRJ-900,63.86,539,844,67.06,5.00%,0.7722063037249284,565.95,844,Cascaded,2027,565.9499999999999,844
D0,sys/DC/9E/ABY,CRJ-700,5.1,sys,DC,9E,,ABY,CRJ-700,79.55,319,401,83.53,5.00%,0.7705314009661836,334.95,401,Cascaded,2027,334.95,401
D0,sys/DC/9E/ABY,CRJ-900,5.1,sys,DC,9E,,ABY,CRJ-900,66.9,95,142,70.25,5.00%,0.22946859903381642,99.75,142,Cascaded,2027,99.75,142
D0,sys/DC/9E/AEX,CRJ-700,5.1,sys,DC,9E,,AEX,CRJ-700,77.9,571,733,81.79,5.00%,0.7603195739014648,599.55,733,Cascaded,2027,599.5500000000001,733
D0,sys/DC/9E/AEX,CRJ-900,5.1,sys,DC,9E,,AEX,CRJ-900,64.29,180,280,67.5,5.00%,0.2396804260985353,189.0,280,Cascaded,2027,189.00000000000003,280
D0,sys/DC/9E/AGS,CRJ-700,5.1,sys,DC,9E,,AGS,CRJ-700,70.26,293,417,73.78,5.00%,0.23070866141732282,307.65,417,Cascaded,2027,307.65,417
D0,sys/DC/9E/AGS,CRJ-900,5.1,sys,DC,9E,,AGS,CRJ-900,69.59,977,1404,73.07,5.00%,0.7692913385826772,1025.85,1404,Cascaded,2027,1025.85,1404
D0,sys/DC/9E/ALB,CRJ-700,5.1,sys,DC,9E,,ALB,CRJ-700,66.67,20,30,70.0,5.00%,0.03189792663476874,21.0,30,Cascaded,2027,21.0,30
D0,sys/DC/9E/ALB,CRJ-900,5.1,sys,DC,9E,,ALB,CRJ-900,79.35,607,765,83.31,5.00%,0.9681020733652312,637.35,765,Cascaded,2027,637.35,765
D0,sys/DC/9E/ATL,CRJ-700,5.1,sys,DC,9E,,ATL,CRJ-700,68.17,7964,11682,71.58,5.00%,0.3593376347967333,8362.2,11682,Cascaded,2027,8362.2,11682
D0,sys/DC/9E/ATL,CRJ-900,5.1,sys,DC,9E,,ATL,CRJ-900,66.46,14199,21366,69.78,5.00%,0.6406623652032667,14908.95,21366,Cascaded,2027,14908.95,21366
D0,sys/DC/9E/ATW,CRJ-900,5.1,sys,DC,9E,,ATW,CRJ-900,68.18,30,44,71.59,5.00%,1.0,31.5,44,Cascaded,2027,31.5,44
D0,sys/DC/9E/AUS,CRJ-900,5.1,sys,DC,9E,,AUS,CRJ-900,69.19,732,1058,72.65,5.00%,1.0,768.6,1058,Cascaded,2027,768.6,1058
D0,sys/DC/9E/AVL,CRJ-700,5.1,sys,DC,9E,,AVL,CRJ-700,72.62,61,84,76.25,5.00%,0.09384615384615384,64.05,84,Cascaded,2027,64.05,84
D0,sys/DC/9E/AVL,CRJ-900,5.1,sys,DC,9E,,AVL,CRJ-900,64.23,589,917,67.44,5.00%,0.9061538461538462,618.45,917,Cascaded,2027,618.45,917
D0,sys/DC/9E/AZO,CRJ-700,5.1,sys,DC,9E,,AZO,CRJ-700,68.18,15,22,71.59,5.00%,0.6818181818181818,15.75,22,Cascaded,2027,15.75,22
D0,sys/DC/9E/AZO,CRJ-900,5.1,sys,DC,9E,,AZO,CRJ-900,46.67,7,15,49.0,5.00%,0.3181818181818182,7.35,15,Cascaded,2027,7.3500000000000005,15
D0,sys/DC/9E/BGM,CRJ-700,5.1,sys,DC,9E,,BGM,CRJ-700,23.08,3,13,24.23,5.00%,1.0,3.15,13,Cascaded,2027,3.15,13
D0,sys/DC/9E/BGR,CRJ-900,5.1,sys,DC,9E,,BGR,CRJ-900,77.93,939,1205,81.82,5.00%,1.0,985.95,1205,Cascaded,2027,985.95,1205
D0,sys/DC/9E/BHM,CRJ-700,5.1,sys,DC,9E,,BHM,CRJ-700,68.0,51,75,71.4,5.00%,0.04961089494163424,53.55,75,Cascaded,2027,53.550000000000004,75
D0,sys/DC/9E/BHM,CRJ-900,5.1,sys,DC,9E,,BHM,CRJ-900,70.54,977,1385,74.07,5.00%,0.9503891050583657,1025.85,1385,Cascaded,2027,1025.8500000000001,1385
D0,sys/DC/9E/BIS,CRJ-700,5.1,sys,DC,9E,,BIS,CRJ-700,73.91,17,23,77.61,5.00%,0.03333333333333333,17.85,23,Cascaded,2027,17.85,23
D0,sys/DC/9E/BIS,CRJ-900,5.1,sys,DC,9E,,BIS,CRJ-900,72.39,493,681,76.01,5.00%,0.9666666666666667,517.65,681,Cascaded,2027,517.65,681
D0,sys/DC/9E/BMI,CRJ-700,5.1,sys,DC,9E,,BMI,CRJ-700,71.83,51,71,75.42,5.00%,0.10450819672131148,53.55,71,Cascaded,2027,53.55,71
D0,sys/DC/9E/BMI,CRJ-900,5.1,sys,DC,9E,,BMI,CRJ-900,74.7,437,585,78.44,5.00%,0.8954918032786885,458.85,585,Cascaded,2027,458.84999999999997,585
D0,sys/DC/9E/BNA,CRJ-700,5.1,sys,DC,9E,,BNA,CRJ-700,100.0,1,1,105.0,5.00%,0.0005841121495327102,1.05,1,Cascaded,2027,1.05,1
D0,sys/DC/9E/BNA,CRJ-900,5.1,sys,DC,9E,,BNA,CRJ-900,67.84,1711,2522,71.24,5.00%,0.9994158878504673,1796.55,2522,Cascaded,2027,1796.5500000000002,2522
D0,sys/DC/9E/BQK,CRJ-700,5.1,sys,DC,9E,,BQK,CRJ-700,76.01,583,767,79.81,5.00%,0.7660972404730617,612.15,767,Cascaded,2027,612.1500000000001,767
D0,sys/DC/9E/BQK,CRJ-900,5.1,sys,DC,9E,,BQK,CRJ-900,62.24,178,286,65.35,5.00%,0.23390275952693823,186.9,286,Cascaded,2027,186.9,286
D0,sys/DC/9E/BTR,CRJ-700,5.1,sys,DC,9E,,BTR,CRJ-700,48.6,52,107,51.03,5.00%,0.13231552162849872,54.6,107,Cascaded,2027,54.6,107
D0,sys/DC/9E/BTR,CRJ-900,5.1,sys,DC,9E,,BTR,CRJ-900,61.55,341,554,64.63,5.00%,0.8676844783715013,358.05,554,Cascaded,2027,358.05,554
D0,sys/DC/9E/BTV,CRJ-700,5.1,sys,DC,9E,,BTV,CRJ-700,70.59,24,34,74.12,5.00%,0.016842105263157894,25.2,34,Cascaded,2027,25.2,34
D0,sys/DC/9E/BTV,CRJ-900,5.1,sys,DC,9E,,BTV,CRJ-900,76.98,1401,1820,80.83,5.00%,0.9831578947368421,1471.05,1820,Cascaded,2027,1471.05,1820
D0,sys/DC/9E/BUF,CRJ-700,5.1,sys,DC,9E,,BUF,CRJ-700,45.87,50,109,48.17,5.00%,0.03232062055591468,52.5,109,Cascaded,2027,52.50000000000001,109
D0,sys/DC/9E/BUF,CRJ-900,5.1,sys,DC,9E,,BUF,CRJ-900,71.25,1497,2101,74.81,5.00%,0.9676793794440853,1571.85,2101,Cascaded,2027,1571.8500000000001,2101
D0,sys/DC/9E/BWI,CRJ-900,5.1,sys,DC,9E,,BWI,CRJ-900,100.0,2,2,105.0,5.00%,1.0,2.1,2,Cascaded,2027,2.1,2
D0,sys/DC/9E/CAE,CRJ-700,5.1,sys,DC,9E,,CAE,CRJ-700,60.89,109,179,63.94,5.00%,0.12442922374429223,114.45,179,Cascaded,2027,114.45,179
D0,sys/DC/9E/CAE,CRJ-900,5.1,sys,DC,9E,,CAE,CRJ-900,69.79,767,1099,73.28,5.00%,0.8755707762557078,805.35,1099,Cascaded,2027,805.35,1099
D0,sys/DC/9E/CHA,CRJ-700,5.1,sys,DC,9E,,CHA,CRJ-700,64.72,776,1199,67.96,5.00%,0.4330357142857143,814.8,1199,Cascaded,2027,814.8000000000001,1199
D0,sys/DC/9E/CHA,CRJ-900,5.1,sys,DC,9E,,CHA,CRJ-900,71.45,1016,1422,75.02,5.00%,0.5669642857142857,1066.8,1422,Cascaded,2027,1066.8000000000002,1422
D0,sys/DC/9E/CHO,CRJ-700,5.1,sys,DC,9E,,CHO,CRJ-700,67.39,186,276,70.76,5.00%,0.1409090909090909,195.3,276,Cascaded,2027,195.3,276
D0,sys/DC/9E/CHO,CRJ-900,5.1,sys,DC,9E,,CHO,CRJ-900,75.6,1134,1500,79.38,5.00%,0.8590909090909091,1190.7,1500,Cascaded,2027,1190.7,1500
D0,sys/DC/9E/CHS,CRJ-700,5.1,sys,DC,9E,,CHS,CRJ-700,59.46,22,37,62.43,5.00%,0.016897081413210446,23.1,37,Cascaded,2027,23.1,37
D0,sys/DC/9E/CHS,CRJ-900,5.1,sys,DC,9E,,CHS,CRJ-900,69.68,1280,1837,73.16,5.00%,0.9831029185867896,1344.0,1837,Cascaded,2027,1344.0000000000002,1837
D0,sys/DC/9E/CID,CRJ-700,5.1,sys,DC,9E,,CID,CRJ-700,58.33,42,72,61.25,5.00%,0.10741687979539642,44.1,72,Cascaded,2027,44.1,72
D0,sys/DC/9E/CID,CRJ-900,5.1,sys,DC,9E,,CID,CRJ-900,62.43,349,559,65.55,5.00%,0.8925831202046036,366.45,559,Cascaded,2027,366.45,559
D0,sys/DC/9E/CLE,CRJ-700,5.1,sys,DC,9E,,CLE,CRJ-700,65.62,126,192,68.91,5.00%,0.05265357292101964,132.3,192,Cascaded,2027,132.3,192
D0,sys/DC/9E/CLE,CRJ-900,5.1,sys,DC,9E,,CLE,CRJ-900,67.43,2267,3362,70.8,5.00%,0.9473464270789803,2380.35,3362,Cascaded,2027,2380.35,3362
D0,sys/DC/9E/CLT,CRJ-700,5.1,sys,DC,9E,,CLT,CRJ-700,48.28,28,58,50.69,5.00%,0.019787985865724382,29.4,58,Cascaded,2027,29.4,58
D0,sys/DC/9E/CLT,CRJ-900,5.1,sys,DC,9E,,CLT,CRJ-900,65.03,1387,2133,68.28,5.00%,0.9802120141342756,1456.35,2133,Cascaded,2027,1456.35,2133
D0,sys/DC/9E/CMH,CRJ-700,5.1,sys,DC,9E,,CMH,CRJ-700,71.72,175,244,75.31,5.00%,0.22123893805309736,183.75,244,Cascaded,2027,183.75000000000003,244
D0,sys/DC/9E/CMH,CRJ-900,5.1,sys,DC,9E,,CMH,CRJ-900,66.02,616,933,69.32,5.00%,0.7787610619469026,646.8,933,Cascaded,2027,646.8000000000001,933
D0,sys/DC/9E/CRW,CRJ-700,5.1,sys,DC,9E,,CRW,CRJ-700,73.1,394,539,76.75,5.00%,0.5449515905947441,413.7,539,Cascaded,2027,413.7,539
D0,sys/DC/9E/CRW,CRJ-900,5.1,sys,DC,9E,,CRW,CRJ-900,64.64,329,509,67.87,5.00%,0.45504840940525587,345.45,509,Cascaded,2027,345.45,509
D0,sys/DC/9E/CSG,CRJ-700,5.1,sys,DC,9E,,CSG,CRJ-700,65.33,245,375,68.6,5.00%,0.5645161290322581,257.25,375,Cascaded,2027,257.25,375
D0,sys/DC/9E/CSG,CRJ-900,5.1,sys,DC,9E,,CSG,CRJ-900,60.97,189,310,64.02,5.00%,0.43548387096774194,198.45,310,Cascaded,2027,198.45,310
D0,sys/DC/9E/CVG,CRJ-700,5.1,sys,DC,9E,,CVG,CRJ-700,45.78,38,83,48.07,5.00%,0.007461221284115452,39.9,83,Cascaded,2027,39.900000000000006,83
D0,sys/DC/9E/CVG,CRJ-900,5.1,sys,DC,9E,,CVG,CRJ-900,70.52,5055,7168,74.05,5.00%,0.9925387787158846,5307.75,7168,Cascaded,2027,5307.750000000001,7168
D0,sys/DC/9E/CWA,CRJ-700,5.1,sys,DC,9E,,CWA,CRJ-700,70.83,17,24,74.38,5.00%,0.03063063063063063,17.85,24,Cascaded,2027,17.85,24
D0,sys/DC/9E/CWA,CRJ-900,5.1,sys,DC,9E,,CWA,CRJ-900,77.86,538,691,81.75,5.00%,0.9693693693693693,564.9,691,Cascaded,2027,564.9,691
D0,sys/DC/9E/DAY,CRJ-900,5.1,sys,DC,9E,,DAY,CRJ-900,73.45,83,113,77.12,5.00%,1.0,87.15,113,Cascaded,2027,87.15,113
D0,sys/DC/9E/DCA,CRJ-900,5.1,sys,DC,9E,,DCA,CRJ-900,56.58,1230,2174,59.41,5.00%,1.0,1291.5,2174,Cascaded,2027,1291.5,2174
D0,sys/DC/9E/DHN,CRJ-700,5.1,sys,DC,9E,,DHN,CRJ-700,77.82,463,595,81.71,5.00%,0.6576704545454546,486.15,595,Cascaded,2027,486.15000000000003,595
D0,sys/DC/9E/DHN,CRJ-900,5.1,sys,DC,9E,,DHN,CRJ-900,71.73,241,336,75.31,5.00%,0.34232954545454547,253.05,336,Cascaded,2027,253.05,336
D0,sys/DC/9E/DLH,CRJ-700,5.1,sys,DC,9E,,DLH,CRJ-700,100.0,1,1,105.0,5.00%,0.004878048780487805,1.05,1,Cascaded,2027,1.05,1
D0,sys/DC/9E/DLH,CRJ-900,5.1,sys,DC,9E,,DLH,CRJ-900,78.16,204,261,82.07,5.00%,0.9951219512195122,214.2,261,Cascaded,2027,214.2,261
D0,sys/DC/9E/DSM,CRJ-700,5.1,sys,DC,9E,,DSM,CRJ-700,83.33,65,78,87.5,5.00%,0.03292806484295846,68.25,78,Cascaded,2027,68.25000000000001,78
D0,sys/DC/9E/DSM,CRJ-900,5.1,sys,DC,9E,,DSM,CRJ-900,72.97,1909,2616,76.62,5.00%,0.9670719351570415,2004.45,2616,Cascaded,2027,2004.4500000000003,2616
D0,sys/DC/9E/DTW,CRJ-700,5.1,sys,DC,9E,,DTW,CRJ-700,64.66,4280,6619,67.9,5.00%,0.3030946816797677,4494.0,6619,Cascaded,2027,4494.0,6619
D0,sys/DC/9E/DTW,CRJ-900,5.1,sys,DC,9E,,DTW,CRJ-900,67.57,9841,14564,70.95,5.00%,0.6969053183202323,10333.05,14564,Cascaded,2027,10333.050000000001,14564
D0,sys/DC/9E/ECP,CRJ-900,5.1,sys,DC,9E,,ECP,CRJ-900,52.91,118,223,55.56,5.00%,1.0,123.9,223,Cascaded,2027,123.9,223
D0,sys/DC/9E/ELH,CRJ-700,5.1,sys,DC,9E,,ELH,CRJ-700,61.62,122,198,64.7,5.00%,1.0,128.1,198,Cascaded,2027,128.1,198
D0,sys/DC/9E/EVV,CRJ-700,5.1,sys,DC,9E,,EVV,CRJ-700,80.32,298,371,84.34,5.00%,0.33111111111111113,312.9,371,Cascaded,2027,312.9,371
D0,sys/DC/9E/EVV,CRJ-900,5.1,sys,DC,9E,,EVV,CRJ-900,76.49,602,787,80.32,5.00%,0.6688888888888889,632.1,787,Cascaded,2027,632.1,787
D0,sys/DC/9E/EWR,CRJ-900,5.1,sys,DC,9E,,EWR,CRJ-900,68.81,984,1430,72.25,5.00%,1.0,1033.2,1430,Cascaded,2027,1033.2,1430
D0,sys/DC/9E/EYW,CRJ-700,5.1,sys,DC,9E,,EYW,CRJ-700,18.75,3,16,19.69,5.00%,1.0,3.15,16,Cascaded,2027,3.15,16
D0,sys/DC/9E/FAR,CRJ-900,5.1,sys,DC,9E,,FAR,CRJ-900,65.21,343,526,68.47,5.00%,1.0,360.15,526,Cascaded,2027,360.15000000000003,526
D0,sys/DC/9E/FAY,CRJ-700,5.1,sys,DC,9E,,FAY,CRJ-700,69.01,236,342,72.46,5.00%,0.266065388951522,247.8,342,Cascaded,2027,247.8,342
D0,sys/DC/9E/FAY,CRJ-900,5.1,sys,DC,9E,,FAY,CRJ-900,80.37,651,810,84.39,5.00%,0.733934611048478,683.55,810,Cascaded,2027,683.5500000000001,810
D0,sys/DC/9E/FLL,CRJ-900,5.1,sys,DC,9E,,FLL,CRJ-900,91.67,11,12,96.25,5.00%,1.0,11.55,12,Cascaded,2027,11.55,12
D0,sys/DC/9E/FSD,CRJ-900,5.1,sys,DC,9E,,FSD,CRJ-900,66.6,337,506,69.93,5.00%,1.0,353.85,506,Cascaded,2027,353.85,506
D0,sys/DC/9E/FWA,CRJ-900,5.1,sys,DC,9E,,FWA,CRJ-900,68.82,256,372,72.26,5.00%,1.0,268.8,372,Cascaded,2027,268.8,372
D0,sys/DC/9E/GFK,CRJ-900,5.1,sys,DC,9E,,GFK,CRJ-900,71.78,117,163,75.37,5.00%,1.0,122.85,163,Cascaded,2027,122.85000000000001,163
D0,sys/DC/9E/GGT,CRJ-700,5.1,sys,DC,9E,,GGT,CRJ-700,74.7,62,83,78.43,5.00%,0.6813186813186813,65.1,83,Cascaded,2027,65.1,83
D0,sys/DC/9E/GGT,CRJ-900,5.1,sys,DC,9E,,GGT,CRJ-900,60.42,29,48,63.44,5.00%,0.31868131868131866,30.45,48,Cascaded,2027,30.45,48
D0,sys/DC/9E/GNV,CRJ-700,5.1,sys,DC,9E,,GNV,CRJ-700,81.25,13,16,85.31,5.00%,0.14444444444444443,13.65,16,Cascaded,2027,13.65,16
D0,sys/DC/9E/GNV,CRJ-900,5.1,sys,DC,9E,,GNV,CRJ-900,69.37,77,111,72.84,5.00%,0.8555555555555555,80.85,111,Cascaded,2027,80.85,111
D0,sys/DC/9E/GPT,CRJ-700,5.1,sys,DC,9E,,GPT,CRJ-700,25.0,1,4,26.25,5.00%,0.07142857142857142,1.05,4,Cascaded,2027,1.05,4
D0,sys/DC/9E/GPT,CRJ-900,5.1,sys,DC,9E,,GPT,CRJ-900,61.9,13,21,65.0,5.00%,0.9285714285714286,13.65,21,Cascaded,2027,13.65,21
D0,sys/DC/9E/GRB,CRJ-700,5.1,sys,DC,9E,,GRB,CRJ-700,80.0,148,185,84.0,5.00%,0.33867276887871856,155.4,185,Cascaded,2027,155.4,185
D0,sys/DC/9E/GRB,CRJ-900,5.1,sys,DC,9E,,GRB,CRJ-900,80.73,289,358,84.76,5.00%,0.6613272311212814,303.45,358,Cascaded,2027,303.45,358
D0,sys/DC/9E/GRR,CRJ-700,5.1,sys,DC,9E,,GRR,CRJ-700,68.6,284,414,72.03,5.00%,0.4194977843426883,298.2,414,Cascaded,2027,298.2,414
D0,sys/DC/9E/GRR,CRJ-900,5.1,sys,DC,9E,,GRR,CRJ-900,68.23,393,576,71.64,5.00%,0.5805022156573116,412.65,576,Cascaded,2027,412.65000000000003,576
D0,sys/DC/9E/GSO,CRJ-700,5.1,sys,DC,9E,,GSO,CRJ-700,70.09,75,107,73.6,5.00%,0.10608203677510608,78.75,107,Cascaded,2027,78.75,107
D0,sys/DC/9E/GSO,CRJ-900,5.1,sys,DC,9E,,GSO,CRJ-900,71.01,632,890,74.56,5.00%,0.8939179632248939,663.6,890,Cascaded,2027,663.6,890
D0,sys/DC/9E/GSP,CRJ-700,5.1,sys,DC,9E,,GSP,CRJ-700,63.04,29,46,66.2,5.00%,0.02959183673469388,30.45,46,Cascaded,2027,30.45,46
D0,sys/DC/9E/GSP,CRJ-900,5.1,sys,DC,9E,,GSP,CRJ-900,69.42,951,1370,72.89,5.00%,0.9704081632653061,998.55,1370,Cascaded,2027,998.55,1370
D0,sys/DC/9E/GTR,CRJ-700,5.1,sys,DC,9E,,GTR,CRJ-700,71.18,121,170,74.74,5.00%,0.21880650994575046,127.05,170,Cascaded,2027,127.05,170
D0,sys/DC/9E/GTR,CRJ-900,5.1,sys,DC,9E,,GTR,CRJ-900,78.83,432,548,82.77,5.00%,0.7811934900542495,453.6,548,Cascaded,2027,453.59999999999997,548
D0,sys/DC/9E/HPN,CRJ-700,5.1,sys,DC,9E,,HPN,CRJ-700,58.82,10,17,61.76,5.00%,0.009208103130755065,10.5,17,Cascaded,2027,10.5,17
D0,sys/DC/9E/HPN,CRJ-900,5.1,sys,DC,9E,,HPN,CRJ-900,59.71,1076,1802,62.7,5.00%,0.990791896869245,1129.8,1802,Cascaded,2027,1129.8,1802
D0,sys/DC/9E/HSV,CRJ-700,5.1,sys,DC,9E,,HSV,CRJ-700,61.35,100,163,64.42,5.00%,0.1179245283018868,105.0,163,Cascaded,2027,105.0,163
D0,sys/DC/9E/HSV,CRJ-900,5.1,sys,DC,9E,,HSV,CRJ-900,70.04,748,1068,73.54,5.00%,0.8820754716981132,785.4,1068,Cascaded,2027,785.4,1068
D0,sys/DC/9E/IAD,CRJ-700,5.1,sys,DC,9E,,IAD,CRJ-700,62.79,27,43,65.93,5.00%,0.04390243902439024,28.35,43,Cascaded,2027,28.35,43
D0,sys/DC/9E/IAD,CRJ-900,5.1,sys,DC,9E,,IAD,CRJ-900,63.91,588,920,67.11,5.00%,0.9560975609756097,617.4,920,Cascaded,2027,617.4,920
D0,sys/DC/9E/ICT,CRJ-900,5.1,sys,DC,9E,,ICT,CRJ-900,75.66,143,189,79.44,5.00%,1.0,150.15,189,Cascaded,2027,150.15,189
D0,sys/DC/9E/ILM,CRJ-700,5.1,sys,DC,9E,,ILM,CRJ-700,70.0,7,10,73.5,5.00%,0.009873060648801129,7.35,10,Cascaded,2027,7.3500000000000005,10
D0,sys/DC/9E/ILM,CRJ-900,5.1,sys,DC,9E,,ILM,CRJ-900,70.06,702,1002,73.56,5.00%,0.9901269393511989,737.1,1002,Cascaded,2027,737.1,1002
D0,sys/DC/9E/IND,CRJ-700,5.1,sys,DC,9E,,IND,CRJ-700,69.53,162,233,73.0,5.00%,0.07095926412614981,170.1,233,Cascaded,2027,170.1,233
D0,sys/DC/9E/IND,CRJ-900,5.1,sys,DC,9E,,IND,CRJ-900,72.66,2121,2919,76.29,5.00%,0.9290407358738502,2227.05,2919,Cascaded,2027,2227.05,2919
D0,sys/DC/9E/ITH,CRJ-900,5.1,sys,DC,9E,,ITH,CRJ-900,79.33,541,682,83.29,5.00%,1.0,568.05,682,Cascaded,2027,568.0500000000001,682
D0,sys/DC/9E/JAN,CRJ-700,5.1,sys,DC,9E,,JAN,CRJ-700,67.82,59,87,71.21,5.00%,0.15206185567010308,61.95,87,Cascaded,2027,61.95,87
D0,sys/DC/9E/JAN,CRJ-900,5.1,sys,DC,9E,,JAN,CRJ-900,69.12,329,476,72.57,5.00%,0.8479381443298969,345.45,476,Cascaded,2027,345.45000000000005,476
D0,sys/DC/9E/JAX,CRJ-900,5.1,sys,DC,9E,,JAX,CRJ-900,65.98,1123,1702,69.28,5.00%,1.0,1179.15,1702,Cascaded,2027,1179.15,1702
D0,sys/DC/9E/JFK,CRJ-900,5.1,sys,DC,9E,,JFK,CRJ-900,70.0,15499,22143,73.49,5.00%,1.0,16273.95,22143,Cascaded,2027,16273.95,22143
D0,sys/DC/9E/LAN,CRJ-700,5.1,sys,DC,9E,,LAN,CRJ-700,72.0,36,50,75.6,5.00%,0.5373134328358209,37.8,50,Cascaded,2027,37.800000000000004,50
D0,sys/DC/9E/LAN,CRJ-900,5.1,sys,DC,9E,,LAN,CRJ-900,55.36,31,56,58.13,5.00%,0.4626865671641791,32.55,56,Cascaded,2027,32.550000000000004,56
D0,sys/DC/9E/LEX,CRJ-700,5.1,sys,DC,9E,,LEX,CRJ-700,60.62,97,160,63.66,5.00%,0.16139767054908485,101.85,160,Cascaded,2027,101.85000000000001,160
D0,sys/DC/9E/LEX,CRJ-900,5.1,sys,DC,9E,,LEX,CRJ-900,76.6,504,658,80.43,5.00%,0.8386023294509152,529.2,658,Cascaded,2027,529.2,658
D0,sys/DC/9E/LFT,CRJ-700,5.1,sys,DC,9E,,LFT,CRJ-700,75.34,220,292,79.11,5.00%,0.2692778457772338,231.0,292,Cascaded,2027,231.0,292
D0,sys/DC/9E/LFT,CRJ-900,5.1,sys,DC,9E,,LFT,CRJ-900,75.86,597,787,79.65,5.00%,0.7307221542227662,626.85,787,Cascaded,2027,626.85,787
D0,sys/DC/9E/LGA,CRJ-900,5.1,sys,DC,9E,,LGA,CRJ-900,65.82,20435,31048,69.11,5.00%,1.0,21456.75,31048,Cascaded,2027,21456.75,31048
D0,sys/DC/9E/LIT,CRJ-900,5.1,sys,DC,9E,,LIT,CRJ-900,66.12,201,304,69.42,5.00%,1.0,211.05,304,Cascaded,2027,211.05,304
D0,sys/DC/9E/MBS,CRJ-700,5.1,sys,DC,9E,,MBS,CRJ-700,73.03,111,152,76.68,5.00%,0.7551020408163265,116.55,152,Cascaded,2027,116.55,152
D0,sys/DC/9E/MBS,CRJ-900,5.1,sys,DC,9E,,MBS,CRJ-900,48.65,36,74,51.08,5.00%,0.24489795918367346,37.8,74,Cascaded,2027,37.8,74
D0,sys/DC/9E/MCI,CRJ-700,5.1,sys,DC,9E,,MCI,CRJ-700,45.45,10,22,47.73,5.00%,0.011834319526627219,10.5,22,Cascaded,2027,10.5,22
D0,sys/DC/9E/MCI,CRJ-900,5.1,sys,DC,9E,,MCI,CRJ-900,66.85,835,1249,70.2,5.00%,0.9881656804733728,876.75,1249,Cascaded,2027,876.75,1249
D0,sys/DC/9E/MCO,CRJ-900,5.1,sys,DC,9E,,MCO,CRJ-900,34.21,13,38,35.92,5.00%,1.0,13.65,38,Cascaded,2027,13.65,38
D0,sys/DC/9E/MDT,CRJ-700,5.1,sys,DC,9E,,MDT,CRJ-700,72.31,397,549,75.93,5.00%,0.8556034482758621,416.85,549,Cascaded,2027,416.85,549
D0,sys/DC/9E/MDT,CRJ-900,5.1,sys,DC,9E,,MDT,CRJ-900,62.04,67,108,65.14,5.00%,0.14439655172413793,70.35,108,Cascaded,2027,70.35000000000001,108
D0,sys/DC/9E/MDW,CRJ-700,5.1,sys,DC,9E,,MDW,CRJ-700,60.38,477,790,63.4,5.00%,1.0,500.85,790,Cascaded,2027,500.85,790
D0,sys/DC/9E/MEM,CRJ-700,5.1,sys,DC,9E,,MEM,CRJ-700,42.86,9,21,45.0,5.00%,0.014285714285714285,9.45,21,Cascaded,2027,9.45,21
D0,sys/DC/9E/MEM,CRJ-900,5.1,sys,DC,9E,,MEM,CRJ-900,66.56,621,933,69.89,5.00%,0.9857142857142858,652.05,933,Cascaded,2027,652.05,933
D0,sys/DC/9E/MGM,CRJ-700,5.1,sys,DC,9E,,MGM,CRJ-700,70.97,440,620,74.52,5.00%,0.5069124423963134,462.0,620,Cascaded,2027,462.0,620
D0,sys/DC/9E/MGM,CRJ-900,5.1,sys,DC,9E,,MGM,CRJ-900,58.39,428,733,61.31,5.00%,0.4930875576036866,449.4,733,Cascaded,2027,449.4,733
D0,sys/DC/9E/MHH,CRJ-700,5.1,sys,DC,9E,,MHH,CRJ-700,64.52,120,186,67.74,5.00%,1.0,126.0,186,Cascaded,2027,126.0,186
D0,sys/DC/9E/MIA,CRJ-900,5.1,sys,DC,9E,,MIA,CRJ-900,43.75,7,16,45.94,5.00%,1.0,7.35,16,Cascaded,2027,7.3500000000000005,16
D0,sys/DC/9E/MKE,CRJ-700,5.1,sys,DC,9E,,MKE,CRJ-700,65.52,19,29,68.79,5.00%,0.02235294117647059,19.95,29,Cascaded,2027,19.95,29
D0,sys/DC/9E/MKE,CRJ-900,5.1,sys,DC,9E,,MKE,CRJ-900,74.8,831,1111,78.54,5.00%,0.9776470588235294,872.55,1111,Cascaded,2027,872.55,1111
D0,sys/DC/9E/MLI,CRJ-700,5.1,sys,DC,9E,,MLI,CRJ-700,81.25,91,112,85.31,5.00%,0.1760154738878143,95.55,112,Cascaded,2027,95.55,112
D0,sys/DC/9E/MLI,CRJ-900,5.1,sys,DC,9E,,MLI,CRJ-900,70.18,426,607,73.69,5.00%,0.8239845261121856,447.3,607,Cascaded,2027,447.3,607
D0,sys/DC/9E/MLU,CRJ-700,5.1,sys,DC,9E,,MLU,CRJ-700,70.68,434,614,74.22,5.00%,0.6104078762306611,455.7,614,Cascaded,2027,455.70000000000005,614
D0,sys/DC/9E/MLU,CRJ-900,5.1,sys,DC,9E,,MLU,CRJ-900,67.4,277,411,70.77,5.00%,0.38959212376933894,290.85,411,Cascaded,2027,290.85,411
D0,sys/DC/9E/MOB,CRJ-700,5.1,sys,DC,9E,,MOB,CRJ-700,80.98,149,184,85.03,5.00%,0.25426621160409557,156.45,184,Cascaded,2027,156.45000000000002,184
D0,sys/DC/9E/MOB,CRJ-900,5.1,sys,DC,9E,,MOB,CRJ-900,70.37,437,621,73.89,5.00%,0.7457337883959044,458.85,621,Cascaded,2027,458.85,621
D0,sys/DC/9E/MOT,CRJ-900,5.1,sys,DC,9E,,MOT,CRJ-900,69.23,81,117,72.69,5.00%,1.0,85.05,117,Cascaded,2027,85.05,117
D0,sys/DC/9E/MSN,CRJ-700,5.1,sys,DC,9E,,MSN,CRJ-700,72.25,164,227,75.86,5.00%,0.2640901771336554,172.2,227,Cascaded,2027,172.20000000000002,227
D0,sys/DC/9E/MSN,CRJ-900,5.1,sys,DC,9E,,MSN,CRJ-900,68.52,457,667,71.94,5.00%,0.7359098228663447,479.85,667,Cascaded,2027,479.85,667
D0,sys/DC/9E/MSP,CRJ-700,5.1,sys,DC,9E,,MSP,CRJ-700,58.07,241,415,60.98,5.00%,0.024365584875139016,253.05,415,Cascaded,2027,253.05000000000004,415
D0,sys/DC/9E/MSP,CRJ-900,5.1,sys,DC,9E,,MSP,CRJ-900,66.01,9650,14618,69.32,5.00%,0.9756344151248609,10132.5,14618,Cascaded,2027,10132.500000000002,14618
D0,sys/DC/9E/MYR,CRJ-900,5.1,sys,DC,9E,,MYR,CRJ-900,69.47,66,95,72.95,5.00%,1.0,69.3,95,Cascaded,2027,69.3,95
D0,sys/DC/9E/OAJ,CRJ-700,5.1,sys,DC,9E,,OAJ,CRJ-700,60.0,60,100,63.0,5.00%,0.09302325581395349,63.0,100,Cascaded,2027,63.0,100
D0,sys/DC/9E/OAJ,CRJ-900,5.1,sys,DC,9E,,OAJ,CRJ-900,79.27,585,738,83.23,5.00%,0.9069767441860465,614.25,738,Cascaded,2027,614.25,738
D0,sys/DC/9E/OKC,CRJ-700,5.1,sys,DC,9E,,OKC,CRJ-700,73.68,14,19,77.37,5.00%,0.07692307692307693,14.7,19,Cascaded,2027,14.7,19
D0,sys/DC/9E/OKC,CRJ-900,5.1,sys,DC,9E,,OKC,CRJ-900,77.78,168,216,81.67,5.00%,0.9230769230769231,176.4,216,Cascaded,2027,176.4,216
D0,sys/DC/9E/OMA,CRJ-900,5.1,sys,DC,9E,,OMA,CRJ-900,72.7,751,1033,76.34,5.00%,1.0,788.55,1033,Cascaded,2027,788.5500000000001,1033
D0,sys/DC/9E/ORD,CRJ-900,5.1,sys,DC,9E,,ORD,CRJ-900,51.69,595,1151,54.28,5.00%,1.0,624.75,1151,Cascaded,2027,624.75,1151
D0,sys/DC/9E/ORF,CRJ-700,5.1,sys,DC,9E,,ORF,CRJ-700,55.81,72,129,58.6,5.00%,0.0507399577167019,75.6,129,Cascaded,2027,75.60000000000001,129
D0,sys/DC/9E/ORF,CRJ-900,5.1,sys,DC,9E,,ORF,CRJ-900,63.84,1347,2110,67.03,5.00%,0.9492600422832981,1414.35,2110,Cascaded,2027,1414.3500000000001,2110
D0,sys/DC/9E/ORH,CRJ-900,5.1,sys,DC,9E,,ORH,CRJ-900,67.5,189,280,70.88,5.00%,1.0,198.45,280,Cascaded,2027,198.45000000000002,280
D0,sys/DC/9E/PHL,CRJ-900,5.1,sys,DC,9E,,PHL,CRJ-900,38.71,12,31,40.65,5.00%,1.0,12.6,31,Cascaded,2027,12.6,31
D0,sys/DC/9E/PIT,CRJ-700,5.1,sys,DC,9E,,PIT,CRJ-700,57.89,55,95,60.79,5.00%,0.0423728813559322,57.75,95,Cascaded,2027,57.75,95
D0,sys/DC/9E/PIT,CRJ-900,5.1,sys,DC,9E,,PIT,CRJ-900,66.65,1243,1865,69.98,5.00%,0.9576271186440678,1305.15,1865,Cascaded,2027,1305.15,1865
D0,sys/DC/9E/PNS,CRJ-900,5.1,sys,DC,9E,,PNS,CRJ-900,60.9,204,335,63.94,5.00%,1.0,214.2,335,Cascaded,2027,214.20000000000002,335
D0,sys/DC/9E/PVD,CRJ-700,5.1,sys,DC,9E,,PVD,CRJ-700,60.64,57,94,63.67,5.00%,0.4418604651162791,59.85,94,Cascaded,2027,59.85000000000001,94
D0,sys/DC/9E/PVD,CRJ-900,5.1,sys,DC,9E,,PVD,CRJ-900,57.14,72,126,60.0,5.00%,0.5581395348837209,75.6,126,Cascaded,2027,75.60000000000001,126
D0,sys/DC/9E/PWM,CRJ-700,5.1,sys,DC,9E,,PWM,CRJ-700,40.0,2,5,42.0,5.00%,0.0025220680958385876,2.1,5,Cascaded,2027,2.1,5
D0,sys/DC/9E/PWM,CRJ-900,5.1,sys,DC,9E,,PWM,CRJ-900,68.43,791,1156,71.85,5.00%,0.9974779319041615,830.55,1156,Cascaded,2027,830.55,1156
D0,sys/DC/9E/RAP,CRJ-900,5.1,sys,DC,9E,,RAP,CRJ-900,75.51,629,833,79.29,5.00%,1.0,660.45,833,Cascaded,2027,660.45,833
D0,sys/DC/9E/RDU,CRJ-700,5.1,sys,DC,9E,,RDU,CRJ-700,70.0,7,10,73.5,5.00%,0.001554519209415945,7.35,10,Cascaded,2027,7.3500000000000005,10
D0,sys/DC/9E/RDU,CRJ-900,5.1,sys,DC,9E,,RDU,CRJ-900,64.77,4496,6941,68.01,5.00%,0.998445480790584,4720.8,6941,Cascaded,2027,4720.8,6941
D0,sys/DC/9E/RIC,CRJ-700,5.1,sys,DC,9E,,RIC,CRJ-700,62.5,25,40,65.62,5.00%,0.016223231667748216,26.25,40,Cascaded,2027,26.25,40
D0,sys/DC/9E/RIC,CRJ-900,5.1,sys,DC,9E,,RIC,CRJ-900,68.44,1516,2215,71.86,5.00%,0.9837767683322518,1591.8,2215,Cascaded,2027,1591.8,2215
D0,sys/DC/9E/ROA,CRJ-700,5.1,sys,DC,9E,,ROA,CRJ-700,63.02,317,503,66.17,5.00%,0.37338044758539457,332.85,503,Cascaded,2027,332.85,503
D0,sys/DC/9E/ROA,CRJ-900,5.1,sys,DC,9E,,ROA,CRJ-900,70.65,532,753,74.18,5.00%,0.6266195524146054,558.6,753,Cascaded,2027,558.6,753
D0,sys/DC/9E/ROC,CRJ-700,5.1,sys,DC,9E,,ROC,CRJ-700,67.24,39,58,70.6,5.00%,0.024029574861367836,40.95,58,Cascaded,2027,40.95,58
D0,sys/DC/9E/ROC,CRJ-900,5.1,sys,DC,9E,,ROC,CRJ-900,63.06,1584,2512,66.21,5.00%,0.9759704251386322,1663.2,2512,Cascaded,2027,1663.2,2512
D0,sys/DC/9E/RST,CRJ-900,5.1,sys,DC,9E,,RST,CRJ-900,72.52,541,746,76.15,5.00%,1.0,568.05,746,Cascaded,2027,568.0500000000001,746
D0,sys/DC/9E/RSW,CRJ-900,5.1,sys,DC,9E,,RSW,CRJ-900,63.24,43,68,66.4,5.00%,1.0,45.15,68,Cascaded,2027,45.15,68
D0,sys/DC/9E/SAV,CRJ-700,5.1,sys,DC,9E,,SAV,CRJ-700,20.0,1,5,21.0,5.00%,0.0011682242990654205,1.05,5,Cascaded,2027,1.05,5
D0,sys/DC/9E/SAV,CRJ-900,5.1,sys,DC,9E,,SAV,CRJ-900,62.5,855,1368,65.63,5.00%,0.9988317757009346,897.75,1368,Cascaded,2027,897.7500000000001,1368
D0,sys/DC/9E/SBN,CRJ-700,5.1,sys,DC,9E,,SBN,CRJ-700,100.0,1,1,105.0,5.00%,0.07692307692307693,1.05,1,Cascaded,2027,1.05,1
D0,sys/DC/9E/SBN,CRJ-900,5.1,sys,DC,9E,,SBN,CRJ-900,70.59,12,17,74.12,5.00%,0.9230769230769231,12.6,17,Cascaded,2027,12.6,17
D0,sys/DC/9E/SDF,CRJ-700,5.1,sys,DC,9E,,SDF,CRJ-700,69.12,47,68,72.57,5.00%,0.08785046728971962,49.35,68,Cascaded,2027,49.35,68
D0,sys/DC/9E/SDF,CRJ-900,5.1,sys,DC,9E,,SDF,CRJ-900,76.97,488,634,80.82,5.00%,0.9121495327102803,512.4,634,Cascaded,2027,512.4,634
D0,sys/DC/9E/SGF,CRJ-700,5.1,sys,DC,9E,,SGF,CRJ-700,65.32,145,222,68.58,5.00%,0.35365853658536583,152.25,222,Cascaded,2027,152.25,222
D0,sys/DC/9E/SGF,CRJ-900,5.1,sys,DC,9E,,SGF,CRJ-900,68.83,265,385,72.27,5.00%,0.6463414634146342,278.25,385,Cascaded,2027,278.25,385
D0,sys/DC/9E/SHV,CRJ-900,5.1,sys,DC,9E,,SHV,CRJ-900,72.73,72,99,76.36,5.00%,1.0,75.6,99,Cascaded,2027,75.60000000000001,99
D0,sys/DC/9E/STL,CRJ-700,5.1,sys,DC,9E,,STL,CRJ-700,80.0,8,10,84.0,5.00%,0.007561436672967864,8.4,10,Cascaded,2027,8.4,10
D0,sys/DC/9E/STL,CRJ-900,5.1,sys,DC,9E,,STL,CRJ-900,69.12,1050,1519,72.58,5.00%,0.9924385633270322,1102.5,1519,Cascaded,2027,1102.5,1519
D0,sys/DC/9E/SYR,CRJ-700,5.1,sys,DC,9E,,SYR,CRJ-700,67.02,189,282,70.37,5.00%,0.09692307692307692,198.45,282,Cascaded,2027,198.45,282
D0,sys/DC/9E/SYR,CRJ-900,5.1,sys,DC,9E,,SYR,CRJ-900,73.99,1761,2380,77.69,5.00%,0.9030769230769231,1849.05,2380,Cascaded,2027,1849.05,2380
D0,sys/DC/9E/TLH,CRJ-700,5.1,sys,DC,9E,,TLH,CRJ-700,55.56,5,9,58.33,5.00%,0.022123893805309734,5.25,9,Cascaded,2027,5.25,9
D0,sys/DC/9E/TLH,CRJ-900,5.1,sys,DC,9E,,TLH,CRJ-900,66.17,221,334,69.48,5.00%,0.9778761061946902,232.05,334,Cascaded,2027,232.05,334
D0,sys/DC/9E/TPA,CRJ-900,5.1,sys,DC,9E,,TPA,CRJ-900,75.0,9,12,78.75,5.00%,1.0,9.45,12,Cascaded,2027,9.450000000000001,12
D0,sys/DC/9E/TRI,CRJ-700,5.1,sys,DC,9E,,TRI,CRJ-700,75.77,294,388,79.56,5.00%,0.35,308.7,388,Cascaded,2027,308.7,388
D0,sys/DC/9E/TRI,CRJ-900,5.1,sys,DC,9E,,TRI,CRJ-900,76.36,546,715,80.18,5.00%,0.65,573.3,715,Cascaded,2027,573.3,715
D0,sys/DC/9E/TUL,CRJ-700,5.1,sys,DC,9E,,TUL,CRJ-700,0.0,0,1,0.0,0.00%,0.0,0.0,1,Cascaded,2027,0.0,1
D0,sys/DC/9E/TUL,CRJ-900,5.1,sys,DC,9E,,TUL,CRJ-900,71.66,220,307,75.24,5.00%,1.0,231.0,307,Cascaded,2027,231.0,307
D0,sys/DC/9E/TVC,CRJ-700,5.1,sys,DC,9E,,TVC,CRJ-700,62.0,31,50,65.1,5.00%,0.20261437908496732,32.55,50,Cascaded,2027,32.550000000000004,50
D0,sys/DC/9E/TVC,CRJ-900,5.1,sys,DC,9E,,TVC,CRJ-900,58.65,122,208,61.59,5.00%,0.7973856209150327,128.1,208,Cascaded,2027,128.1,208
D0,sys/DC/9E/TYS,CRJ-700,5.1,sys,DC,9E,,TYS,CRJ-700,77.39,356,460,81.26,5.00%,0.14257108530236284,373.8,460,Cascaded,2027,373.8,460
D0,sys/DC/9E/TYS,CRJ-900,5.1,sys,DC,9E,,TYS,CRJ-900,73.45,2141,2915,77.12,5.00%,0.8574289146976372,2248.05,2915,Cascaded,2027,2248.0499999999997,2915
D0,sys/DC/9E/VLD,CRJ-700,5.1,sys,DC,9E,,VLD,CRJ-700,73.0,611,837,76.65,5.00%,0.8201342281879195,641.55,837,Cascaded,2027,641.55,837
D0,sys/DC/9E/VLD,CRJ-900,5.1,sys,DC,9E,,VLD,CRJ-900,79.29,134,169,83.25,5.00%,0.17986577181208055,140.7,169,Cascaded,2027,140.7,169
D0,sys/DC/9E/VPS,CRJ-900,5.1,sys,DC,9E,,VPS,CRJ-900,47.46,28,59,49.83,5.00%,1.0,29.4,59,Cascaded,2027,29.400000000000002,59
D0,sys/DC/9E/XNA,CRJ-700,5.1,sys,DC,9E,,XNA,CRJ-700,62.87,569,905,66.02,5.00%,0.3205633802816901,597.45,905,Cascaded,2027,597.45,905
D0,sys/DC/9E/XNA,CRJ-900,5.1,sys,DC,9E,,XNA,CRJ-900,68.72,1206,1755,72.15,5.00%,0.6794366197183098,1266.3,1755,Cascaded,2027,1266.3,1755
D0,sys/DC/9E/YHZ,CRJ-900,5.1,sys,DC,9E,,YHZ,CRJ-900,78.95,195,247,82.89,5.00%,1.0,204.75,247,Cascaded,2027,204.75,247
D0,sys/DC/9E/YUL,CRJ-700,5.1,sys,DC,9E,,YUL,CRJ-700,71.79,252,351,75.38,5.00%,0.16237113402061856,264.6,351,Cascaded,2027,264.6,351
D0,sys/DC/9E/YUL,CRJ-900,5.1,sys,DC,9E,,YUL,CRJ-900,76.43,1300,1701,80.25,5.00%,0.8376288659793815,1365.0,1701,Cascaded,2027,1365.0,1701
D0,sys/DC/9E/YYZ,CRJ-700,5.1,sys,DC,9E,,YYZ,CRJ-700,71.61,386,539,75.19,5.00%,0.11529271206690561,405.3,539,Cascaded,2027,405.3,539
D0,sys/DC/9E/YYZ,CRJ-900,5.1,sys,DC,9E,,YYZ,CRJ-900,72.9,2962,4063,76.55,5.00%,0.8847072879330944,3110.1,4063,Cascaded,2027,3110.1,4063
D0,sys/DC/OO/ABQ,E-175,5.1,sys,DC,OO,,ABQ,E-175,86.32,1628,1886,90.64,5.00%,0.88,1709.4,1886,Cascaded,2027,1709.4,1886
D0,sys/DC/OO/ABQ,E170/75,5.1,sys,DC,OO,,ABQ,E170/75,86.72,222,256,91.05,5.00%,0.12,233.1,256,Cascaded,2027,233.1,256
D0,sys/DC/OO/ABR,CRJ-900,5.1,sys,DC,OO,,ABR,CRJ-900,85.0,629,740,89.25,5.00%,1.0,660.45,740,Cascaded,2027,660.45,740
D0,sys/DC/OO/ABY,CRJ-700,5.1,sys,DC,OO,,ABY,CRJ-700,76.61,95,124,80.44,5.00%,0.2676056338028169,99.75,124,Cascaded,2027,99.75,124
D0,sys/DC/OO/ABY,CRJ-900,5.1,sys,DC,OO,,ABY,CRJ-900,74.93,260,347,78.67,5.00%,0.7323943661971831,273.0,347,Cascaded,2027,273.0,347
D0,sys/DC/OO/AEX,CRJ-900,5.1,sys,DC,OO,,AEX,CRJ-900,50.0,9,18,52.5,5.00%,1.0,9.45,18,Cascaded,2027,9.450000000000001,18
D0,sys/DC/OO/AGS,CRJ-700,5.1,sys,DC,OO,,AGS,CRJ-700,68.42,39,57,71.84,5.00%,0.3939393939393939,40.95,57,Cascaded,2027,40.95,57
D0,sys/DC/OO/AGS,CRJ-900,5.1,sys,DC,OO,,AGS,CRJ-900,75.95,60,79,79.75,5.00%,0.6060606060606061,63.0,79,Cascaded,2027,63.0,79
D0,sys/DC/OO/AGS,E-175,5.1,sys,DC,OO,,AGS,E-175,0.0,0,4,0.0,0.00%,0.0,0.0,4,Cascaded,2027,0.0,4
D0,sys/DC/OO/ALB,CRJ-700,5.1,sys,DC,OO,,ALB,CRJ-700,77.78,35,45,81.67,5.00%,0.06076388888888889,36.75,45,Cascaded,2027,36.75000000000001,45
D0,sys/DC/OO/ALB,CRJ-900,5.1,sys,DC,OO,,ALB,CRJ-900,72.62,541,745,76.25,5.00%,0.9392361111111112,568.05,745,Cascaded,2027,568.0500000000001,745
D0,sys/DC/OO/APN,CRJ-900,5.1,sys,DC,OO,,APN,CRJ-900,77.31,460,595,81.18,5.00%,1.0,483.0,595,Cascaded,2027,483.0,595
D0,sys/DC/OO/ASE,CRJ-700,5.1,sys,DC,OO,,ASE,CRJ-700,59.87,185,309,62.86,5.00%,0.42725173210161665,194.25,309,Cascaded,2027,194.25000000000003,309
D0,sys/DC/OO/ASE,E170/75,5.1,sys,DC,OO,,ASE,E170/75,56.36,248,440,59.18,5.00%,0.5727482678983834,260.4,440,Cascaded,2027,260.40000000000003,440
D0,sys/DC/OO/ATL,CRJ-700,5.1,sys,DC,OO,,ATL,CRJ-700,66.12,769,1163,69.43,5.00%,0.16313109885447602,807.45,1163,Cascaded,2027,807.4500000000002,1163
D0,sys/DC/OO/ATL,CRJ-900,5.1,sys,DC,OO,,ATL,CRJ-900,66.28,2270,3425,69.59,5.00%,0.4815443360203649,2383.5,3425,Cascaded,2027,2383.5000000000005,3425
D0,sys/DC/OO/ATL,E170/75,5.1,sys,DC,OO,,ATL,E170/75,63.11,1675,2654,66.27,5.00%,0.3553245651251591,1758.75,2654,Cascaded,2027,1758.7500000000002,2654
D0,sys/DC/OO/ATW,CRJ-900,5.1,sys,DC,OO,,ATW,CRJ-900,70.31,1383,1967,73.83,5.00%,0.9885632594710507,1452.15,1967,Cascaded,2027,1452.15,1967
D0,sys/DC/OO/ATW,E-175,5.1,sys,DC,OO,,ATW,E-175,84.21,16,19,88.42,5.00%,0.01143674052894925,16.8,19,Cascaded,2027,16.8,19
D0,sys/DC/OO/AUS,E-175,5.1,sys,DC,OO,,AUS,E-175,70.55,3939,5583,74.08,5.00%,1.0,4135.95,5583,Cascaded,2027,4135.95,5583
D0,sys/DC/OO/AZO,CRJ-700,5.1,sys,DC,OO,,AZO,CRJ-700,62.64,109,174,65.78,5.00%,0.165402124430956,114.45,174,Cascaded,2027,114.45,174
D0,sys/DC/OO/AZO,CRJ-900,5.1,sys,DC,OO,,AZO,CRJ-900,70.88,550,776,74.42,5.00%,0.834597875569044,577.5,776,Cascaded,2027,577.5,776
D0,sys/DC/OO/BDL,CRJ-900,5.1,sys,DC,OO,,BDL,CRJ-900,100.0,1,1,105.0,5.00%,1.0,1.05,1,Cascaded,2027,1.05,1
D0,sys/DC/OO/BGM,CRJ-700,5.1,sys,DC,OO,,BGM,CRJ-700,68.85,42,61,72.3,5.00%,0.2346368715083799,44.1,61,Cascaded,2027,44.1,61
D0,sys/DC/OO/BGM,CRJ-900,5.1,sys,DC,OO,,BGM,CRJ-900,68.16,137,201,71.57,5.00%,0.7653631284916201,143.85,201,Cascaded,2027,143.85000000000002,201
D0,sys/DC/OO/BHM,CRJ-700,5.1,sys,DC,OO,,BHM,CRJ-700,66.67,2,3,70.0,5.00%,0.01818181818181818,2.1,3,Cascaded,2027,2.1,3
D0,sys/DC/OO/BHM,CRJ-900,5.1,sys,DC,OO,,BHM,CRJ-900,52.17,108,207,54.78,5.00%,0.9818181818181818,113.4,207,Cascaded,2027,113.4,207
D0,sys/DC/OO/BIL,E-175,5.1,sys,DC,OO,,BIL,E-175,85.96,551,641,90.26,5.00%,0.9107438016528926,578.55,641,Cascaded,2027,578.55,641
D0,sys/DC/OO/BIL,E170/75,5.1,sys,DC,OO,,BIL,E170/75,90.0,54,60,94.5,5.00%,0.08925619834710743,56.7,60,Cascaded,2027,56.7,60
D0,sys/DC/OO/BIS,CRJ-900,5.1,sys,DC,OO,,BIS,CRJ-900,66.67,92,138,70.0,5.00%,0.20353982300884957,96.6,138,Cascaded,2027,96.60000000000001,138
D0,sys/DC/OO/BIS,E-175,5.1,sys,DC,OO,,BIS,E-175,75.47,360,477,79.25,5.00%,0.7964601769911505,378.0,477,Cascaded,2027,378.0,477
D0,sys/DC/OO/BJI,CRJ-900,5.1,sys,DC,OO,,BJI,CRJ-900,82.82,593,716,86.96,5.00%,1.0,622.65,716,Cascaded,2027,622.6500000000001,716
D0,sys/DC/OO/BMI,CRJ-900,5.1,sys,DC,OO,,BMI,CRJ-900,73.43,105,143,77.1,5.00%,1.0,110.25,143,Cascaded,2027,110.25,143
D0,sys/DC/OO/BNA,CRJ-900,5.1,sys,DC,OO,,BNA,CRJ-900,35.29,6,17,37.06,5.00%,0.006564551422319475,6.3,17,Cascaded,2027,6.300000000000001,17
D0,sys/DC/OO/BNA,E-175,5.1,sys,DC,OO,,BNA,E-175,75.17,908,1208,78.92,5.00%,0.9934354485776805,953.4,1208,Cascaded,2027,953.4000000000001,1208
D0,sys/DC/OO/BOI,E-175,5.1,sys,DC,OO,,BOI,E-175,85.49,2886,3376,89.76,5.00%,0.9704102219233356,3030.3,3376,Cascaded,2027,3030.3,3376
D0,sys/DC/OO/BOI,E170/75,5.1,sys,DC,OO,,BOI,E170/75,90.72,88,97,95.26,5.00%,0.029589778076664425,92.4,97,Cascaded,2027,92.4,97
D0,sys/DC/OO/BQK,CRJ-900,5.1,sys,DC,OO,,BQK,CRJ-900,0.0,0,3,0.0,0.00%,1.0,0.0,3,Cascaded,2027,0.0,3
D0,sys/DC/OO/BRD,CRJ-900,5.1,sys,DC,OO,,BRD,CRJ-900,82.52,510,618,86.65,5.00%,1.0,535.5,618,Cascaded,2027,535.5,618
D0,sys/DC/OO/BTM,CRJ-900,5.1,sys,DC,OO,,BTM,CRJ-900,94.13,337,358,98.84,5.00%,1.0,353.85,358,Cascaded,2027,353.85,358
D0,sys/DC/OO/BTR,CRJ-700,5.1,sys,DC,OO,,BTR,CRJ-700,25.0,1,4,26.25,5.00%,0.03571428571428571,1.05,4,Cascaded,2027,1.05,4
D0,sys/DC/OO/BTR,CRJ-900,5.1,sys,DC,OO,,BTR,CRJ-900,62.79,27,43,65.93,5.00%,0.9642857142857143,28.35,43,Cascaded,2027,28.35,43
D0,sys/DC/OO/BTV,CRJ-700,5.1,sys,DC,OO,,BTV,CRJ-700,100.0,1,1,105.0,5.00%,0.005434782608695652,1.05,1,Cascaded,2027,1.05,1
D0,sys/DC/OO/BTV,CRJ-900,5.1,sys,DC,OO,,BTV,CRJ-900,63.76,183,287,66.95,5.00%,0.9945652173913043,192.15,287,Cascaded,2027,192.15,287
D0,sys/DC/OO/BUF,CRJ-700,5.1,sys,DC,OO,,BUF,CRJ-700,58.33,7,12,61.25,5.00%,0.018276762402088774,7.35,12,Cascaded,2027,7.3500000000000005,12
D0,sys/DC/OO/BUF,CRJ-900,5.1,sys,DC,OO,,BUF,CRJ-900,71.62,376,525,75.2,5.00%,0.9817232375979112,394.8,525,Cascaded,2027,394.8,525
D0,sys/DC/OO/BUR,E-175,5.1,sys,DC,OO,,BUR,E-175,81.44,645,792,85.51,5.00%,0.8195679796696315,677.25,792,Cascaded,2027,677.25,792
D0,sys/DC/OO/BUR,E170/75,5.1,sys,DC,OO,,BUR,E170/75,89.31,142,159,93.77,5.00%,0.18043202033036848,149.1,159,Cascaded,2027,149.1,159
D0,sys/DC/OO/BZN,E-175,5.1,sys,DC,OO,,BZN,E-175,81.99,1070,1305,86.09,5.00%,0.9427312775330396,1123.5,1305,Cascaded,2027,1123.5,1305
D0,sys/DC/OO/BZN,E170/75,5.1,sys,DC,OO,,BZN,E170/75,91.55,65,71,96.13,5.00%,0.05726872246696035,68.25,71,Cascaded,2027,68.25,71
D0,sys/DC/OO/CAE,CRJ-900,5.1,sys,DC,OO,,CAE,CRJ-900,75.0,3,4,78.75,5.00%,1.0,3.15,4,Cascaded,2027,3.1500000000000004,4
D0,sys/DC/OO/CDC,CRJ-900,5.1,sys,DC,OO,,CDC,CRJ-900,92.62,577,623,97.25,5.00%,1.0,605.85,623,Cascaded,2027,605.85,623
D0,sys/DC/OO/CHA,CRJ-900,5.1,sys,DC,OO,,CHA,CRJ-900,100.0,1,1,105.0,5.00%,1.0,1.05,1,Cascaded,2027,1.05,1
D0,sys/DC/OO/CHS,CRJ-700,5.1,sys,DC,OO,,CHS,CRJ-700,100.0,1,1,105.0,5.00%,0.004629629629629629,1.05,1,Cascaded,2027,1.05,1
D0,sys/DC/OO/CHS,CRJ-900,5.1,sys,DC,OO,,CHS,CRJ-900,56.88,215,378,59.72,5.00%,0.9953703703703703,225.75,378,Cascaded,2027,225.75,378
D0,sys/DC/OO/CID,CRJ-900,5.1,sys,DC,OO,,CID,CRJ-900,58.09,79,136,60.99,5.00%,0.3110236220472441,82.95,136,Cascaded,2027,82.95,136
D0,sys/DC/OO/CID,E-175,5.1,sys,DC,OO,,CID,E-175,66.79,175,262,70.13,5.00%,0.6889763779527559,183.75,262,Cascaded,2027,183.75,262
D0,sys/DC/OO/CIU,CRJ-900,5.1,sys,DC,OO,,CIU,CRJ-900,74.0,501,677,77.7,5.00%,1.0,526.05,677,Cascaded,2027,526.0500000000001,677
D0,sys/DC/OO/CLE,CRJ-700,5.1,sys,DC,OO,,CLE,CRJ-700,53.85,42,78,56.54,5.00%,0.06259314456035768,44.1,78,Cascaded,2027,44.1,78
D0,sys/DC/OO/CLE,CRJ-900,5.1,sys,DC,OO,,CLE,CRJ-900,69.75,604,866,73.23,5.00%,0.9001490312965723,634.2,866,Cascaded,2027,634.2,866
D0,sys/DC/OO/CLE,E-175,5.1,sys,DC,OO,,CLE,E-175,46.3,25,54,48.61,5.00%,0.037257824143070044,26.25,54,Cascaded,2027,26.250000000000004,54
D0,sys/DC/OO/CMH,CRJ-700,5.1,sys,DC,OO,,CMH,CRJ-700,68.61,94,137,72.04,5.00%,0.19066937119675456,98.7,137,Cascaded,2027,98.69999999999999,137
D0,sys/DC/OO/CMH,CRJ-900,5.1,sys,DC,OO,,CMH,CRJ-900,68.02,336,494,71.42,5.00%,0.6815415821501014,352.8,494,Cascaded,2027,352.79999999999995,494
D0,sys/DC/OO/CMH,E-175,5.1,sys,DC,OO,,CMH,E-175,76.83,63,82,80.67,5.00%,0.12778904665314403,66.15,82,Cascaded,2027,66.14999999999999,82
D0,sys/DC/OO/COS,E-175,5.1,sys,DC,OO,,COS,E-175,87.77,567,646,92.16,5.00%,0.945,595.35,646,Cascaded,2027,595.35,646
D0,sys/DC/OO/COS,E170/75,5.1,sys,DC,OO,,COS,E170/75,89.19,33,37,93.65,5.00%,0.055,34.65,37,Cascaded,2027,34.65,37
D0,sys/DC/OO/CRW,CRJ-700,5.1,sys,DC,OO,,CRW,CRJ-700,69.49,82,118,72.97,5.00%,0.5616438356164384,86.1,118,Cascaded,2027,86.10000000000001,118
D0,sys/DC/OO/CRW,CRJ-900,5.1,sys,DC,OO,,CRW,CRJ-900,47.06,40,85,49.41,5.00%,0.273972602739726,42.0,85,Cascaded,2027,42.0,85
D0,sys/DC/OO/CRW,E170/75,5.1,sys,DC,OO,,CRW,E170/75,48.98,24,49,51.43,5.00%,0.1643835616438356,25.2,49,Cascaded,2027,25.200000000000003,49
D0,sys/DC/OO/CVG,CRJ-900,5.1,sys,DC,OO,,CVG,CRJ-900,40.0,2,5,42.0,5.00%,0.3333333333333333,2.1,5,Cascaded,2027,2.1,5
D0,sys/DC/OO/CVG,E-175,5.1,sys,DC,OO,,CVG,E-175,57.14,4,7,60.0,5.00%,0.6666666666666666,4.2,7,Cascaded,2027,4.2,7
D0,sys/DC/OO/DEN,E-175,5.1,sys,DC,OO,,DEN,E-175,69.01,637,923,72.46,5.00%,0.9593373493975904,668.85,923,Cascaded,2027,668.85,923
D0,sys/DC/OO/DEN,E170/75,5.1,sys,DC,OO,,DEN,E170/75,71.05,27,38,74.61,5.00%,0.04066265060240964,28.35,38,Cascaded,2027,28.35,38
D0,sys/DC/OO/DHN,CRJ-700,5.1,sys,DC,OO,,DHN,CRJ-700,52.94,27,51,55.59,5.00%,0.7105263157894737,28.35,51,Cascaded,2027,28.350000000000005,51
D0,sys/DC/OO/DHN,CRJ-900,5.1,sys,DC,OO,,DHN,CRJ-900,55.0,11,20,57.75,5.00%,0.2894736842105263,11.55,20,Cascaded,2027,11.550000000000002,20
D0,sys/DC/OO/DLH,CRJ-900,5.1,sys,DC,OO,,DLH,CRJ-900,69.31,280,404,72.77,5.00%,0.3373493975903614,294.0,404,Cascaded,2027,294.0,404
D0,sys/DC/OO/DLH,E-175,5.1,sys,DC,OO,,DLH,E-175,77.65,549,707,81.53,5.00%,0.6614457831325301,576.45,707,Cascaded,2027,576.45,707
D0,sys/DC/OO/DLH,E170/75,5.1,sys,DC,OO,,DLH,E170/75,100.0,1,1,105.0,5.00%,0.0012048192771084338,1.05,1,Cascaded,2027,1.05,1
D0,sys/DC/OO/DSM,CRJ-900,5.1,sys,DC,OO,,DSM,CRJ-900,58.33,28,48,61.25,5.00%,0.9032258064516129,29.4,48,Cascaded,2027,29.400000000000006,48
D0,sys/DC/OO/DSM,E-175,5.1,sys,DC,OO,,DSM,E-175,75.0,3,4,78.75,5.00%,0.0967741935483871,3.15,4,Cascaded,2027,3.1500000000000004,4
D0,sys/DC/OO/DTW,CRJ-700,5.1,sys,DC,OO,,DTW,CRJ-700,60.57,1054,1740,63.6,5.00%,0.06223429381199811,1106.7,1740,Cascaded,2027,1106.7,1740
D0,sys/DC/OO/DTW,CRJ-900,5.1,sys,DC,OO,,DTW,CRJ-900,64.39,15055,23381,67.61,5.00%,0.8889348134152102,15807.75,23381,Cascaded,2027,15807.75,23381
D0,sys/DC/OO/DTW,E-175,5.1,sys,DC,OO,,DTW,E-175,68.12,827,1214,71.53,5.00%,0.048830892772791686,868.35,1214,Cascaded,2027,868.3499999999999,1214
D0,sys/DC/OO/ECP,E-175,5.1,sys,DC,OO,,ECP,E-175,66.88,208,311,70.23,5.00%,1.0,218.4,311,Cascaded,2027,218.4,311
D0,sys/DC/OO/EGE,E-175,5.1,sys,DC,OO,,EGE,E-175,52.63,10,19,55.26,5.00%,0.13513513513513514,10.5,19,Cascaded,2027,10.5,19
D0,sys/DC/OO/EGE,E170/75,5.1,sys,DC,OO,,EGE,E170/75,58.18,64,110,61.09,5.00%,0.8648648648648649,67.2,110,Cascaded,2027,67.2,110
D0,sys/DC/OO/EKO,CRJ-900,5.1,sys,DC,OO,,EKO,CRJ-900,95.09,542,570,99.84,5.00%,1.0,569.1,570,Cascaded,2027,569.1,570
D0,sys/DC/OO/ELH,E170/75,5.1,sys,DC,OO,,ELH,E170/75,38.46,5,13,40.38,5.00%,1.0,5.25,13,Cascaded,2027,5.25,13
D0,sys/DC/OO/ELM,CRJ-700,5.1,sys,DC,OO,,ELM,CRJ-700,73.74,73,99,77.42,5.00%,0.10766961651917405,76.65,99,Cascaded,2027,76.65,99
D0,sys/DC/OO/ELM,CRJ-900,5.1,sys,DC,OO,,ELM,CRJ-900,76.68,605,789,80.51,5.00%,0.8923303834808259,635.25,789,Cascaded,2027,635.2500000000001,789
D0,sys/DC/OO/ESC,CRJ-900,5.1,sys,DC,OO,,ESC,CRJ-900,84.64,496,586,88.87,5.00%,1.0,520.8,586,Cascaded,2027,520.8000000000001,586
D0,sys/DC/OO/EUG,E-175,5.1,sys,DC,OO,,EUG,E-175,87.42,1550,1773,91.79,5.00%,0.9987113402061856,1627.5,1773,Cascaded,2027,1627.5000000000002,1773
D0,sys/DC/OO/EUG,E170/75,5.1,sys,DC,OO,,EUG,E170/75,100.0,2,2,105.0,5.00%,0.001288659793814433,2.1,2,Cascaded,2027,2.1,2
D0,sys/DC/OO/EVV,CRJ-900,5.1,sys,DC,OO,,EVV,CRJ-900,74.19,23,31,77.9,5.00%,1.0,24.15,31,Cascaded,2027,24.150000000000002,31
D0,sys/DC/OO/EWR,E-175,5.1,sys,DC,OO,,EWR,E-175,66.67,6,9,70.0,5.00%,1.0,6.3,9,Cascaded,2027,6.300000000000001,9
D0,sys/DC/OO/FAR,CRJ-900,5.1,sys,DC,OO,,FAR,CRJ-900,70.56,127,180,74.08,5.00%,0.22759856630824374,133.35,180,Cascaded,2027,133.35,180
D0,sys/DC/OO/FAR,E-175,5.1,sys,DC,OO,,FAR,E-175,74.39,305,410,78.11,5.00%,0.546594982078853,320.25,410,Cascaded,2027,320.25,410
D0,sys/DC/OO/FAR,E170/75,5.1,sys,DC,OO,,FAR,E170/75,76.83,126,164,80.67,5.00%,0.22580645161290322,132.3,164,Cascaded,2027,132.29999999999998,164
D0,sys/DC/OO/FAT,E-175,5.1,sys,DC,OO,,FAT,E-175,87.54,1089,1244,91.92,5.00%,0.9120603015075377,1143.45,1244,Cascaded,2027,1143.45,1244
D0,sys/DC/OO/FAT,E170/75,5.1,sys,DC,OO,,FAT,E170/75,89.74,105,117,94.23,5.00%,0.08793969849246232,110.25,117,Cascaded,2027,110.25,117
D0,sys/DC/OO/FAY,CRJ-900,5.1,sys,DC,OO,,FAY,CRJ-900,80.65,25,31,84.68,5.00%,0.8064516129032258,26.25,31,Cascaded,2027,26.250000000000004,31
D0,sys/DC/OO/FAY,E170/75,5.1,sys,DC,OO,,FAY,E170/75,37.5,6,16,39.38,5.00%,0.1935483870967742,6.3,16,Cascaded,2027,6.300000000000001,16
D0,sys/DC/OO/FCA,E-175,5.1,sys,DC,OO,,FCA,E-175,81.45,628,771,85.53,5.00%,0.9936708860759493,659.4,771,Cascaded,2027,659.4,771
D0,sys/DC/OO/FCA,E170/75,5.1,sys,DC,OO,,FCA,E170/75,100.0,4,4,105.0,5.00%,0.006329113924050633,4.2,4,Cascaded,2027,4.2,4
D0,sys/DC/OO/FSD,CRJ-900,5.1,sys,DC,OO,,FSD,CRJ-900,70.56,254,360,74.08,5.00%,0.4157119476268412,266.7,360,Cascaded,2027,266.70000000000005,360
D0,sys/DC/OO/FSD,E-175,5.1,sys,DC,OO,,FSD,E-175,73.1,356,487,76.76,5.00%,0.5826513911620295,373.8,487,Cascaded,2027,373.80000000000007,487
D0,sys/DC/OO/FSD,E170/75,5.1,sys,DC,OO,,FSD,E170/75,100.0,1,1,105.0,5.00%,0.0016366612111292963,1.05,1,Cascaded,2027,1.05,1
D0,sys/DC/OO/FWA,CRJ-700,5.1,sys,DC,OO,,FWA,CRJ-700,81.82,45,55,85.91,5.00%,0.03706754530477759,47.25,55,Cascaded,2027,47.25,55
D0,sys/DC/OO/FWA,CRJ-900,5.1,sys,DC,OO,,FWA,CRJ-900,71.43,1110,1554,75.0,5.00%,0.914332784184514,1165.5,1554,Cascaded,2027,1165.5,1554
D0,sys/DC/OO/FWA,E170/75,5.1,sys,DC,OO,,FWA,E170/75,67.82,59,87,71.21,5.00%,0.048599670510708404,61.95,87,Cascaded,2027,61.95,87
D0,sys/DC/OO/GEG,E-175,5.1,sys,DC,OO,,GEG,E-175,85.42,3280,3840,89.69,5.00%,0.9945421467556095,3444.0,3840,Cascaded,2027,3444.0,3840
D0,sys/DC/OO/GEG,E170/75,5.1,sys,DC,OO,,GEG,E170/75,85.71,18,21,90.0,5.00%,0.005457853244390539,18.9,21,Cascaded,2027,18.900000000000002,21
D0,sys/DC/OO/GFK,CRJ-900,5.1,sys,DC,OO,,GFK,CRJ-900,78.39,214,273,82.31,5.00%,0.29155313351498635,224.7,273,Cascaded,2027,224.70000000000002,273
D0,sys/DC/OO/GFK,E-175,5.1,sys,DC,OO,,GFK,E-175,78.79,520,660,82.73,5.00%,0.7084468664850136,546.0,660,Cascaded,2027,546.0,660
D0,sys/DC/OO/GJT,CRJ-900,5.1,sys,DC,OO,,GJT,CRJ-900,90.21,525,582,94.72,5.00%,1.0,551.25,582,Cascaded,2027,551.25,582
D0,sys/DC/OO/GRB,CRJ-700,5.1,sys,DC,OO,,GRB,CRJ-700,66.67,14,21,70.0,5.00%,0.01364522417153996,14.7,21,Cascaded,2027,14.7,21
D0,sys/DC/OO/GRB,CRJ-900,5.1,sys,DC,OO,,GRB,CRJ-900,75.06,984,1311,78.81,5.00%,0.9590643274853801,1033.2,1311,Cascaded,2027,1033.2,1311
D0,sys/DC/OO/GRB,E-175,5.1,sys,DC,OO,,GRB,E-175,72.22,26,36,75.83,5.00%,0.025341130604288498,27.3,36,Cascaded,2027,27.299999999999997,36
D0,sys/DC/OO/GRB,E170/75,5.1,sys,DC,OO,,GRB,E170/75,100.0,2,2,105.0,5.00%,0.001949317738791423,2.1,2,Cascaded,2027,2.1,2
D0,sys/DC/OO/GRR,CRJ-700,5.1,sys,DC,OO,,GRR,CRJ-700,65.85,135,205,69.15,5.00%,0.0899400399733511,141.75,205,Cascaded,2027,141.75000000000003,205
D0,sys/DC/OO/GRR,CRJ-900,5.1,sys,DC,OO,,GRR,CRJ-900,69.89,1135,1624,73.38,5.00%,0.7561625582944703,1191.75,1624,Cascaded,2027,1191.7500000000002,1624
D0,sys/DC/OO/GRR,E-175,5.1,sys,DC,OO,,GRR,E-175,68.75,231,336,72.19,5.00%,0.15389740173217856,242.55,336,Cascaded,2027,242.55000000000004,336
D0,sys/DC/OO/GSO,CRJ-900,5.1,sys,DC,OO,,GSO,CRJ-900,65.05,268,412,68.3,5.00%,1.0,281.4,412,Cascaded,2027,281.40000000000003,412
D0,sys/DC/OO/GSP,CRJ-700,5.1,sys,DC,OO,,GSP,CRJ-700,48.89,22,45,51.33,5.00%,0.15714285714285714,23.1,45,Cascaded,2027,23.1,45
D0,sys/DC/OO/GSP,CRJ-900,5.1,sys,DC,OO,,GSP,CRJ-900,59.0,118,200,61.95,5.00%,0.8428571428571429,123.9,200,Cascaded,2027,123.9,200
D0,sys/DC/OO/GTF,E-175,5.1,sys,DC,OO,,GTF,E-175,87.87,884,1006,92.27,5.00%,0.8649706457925636,928.2,1006,Cascaded,2027,928.2000000000002,1006
D0,sys/DC/OO/GTF,E170/75,5.1,sys,DC,OO,,GTF,E170/75,90.2,138,153,94.71,5.00%,0.1350293542074364,144.9,153,Cascaded,2027,144.9,153
D0,sys/DC/OO/HIB,CRJ-900,5.1,sys,DC,OO,,HIB,CRJ-900,82.47,508,616,86.59,5.00%,1.0,533.4,616,Cascaded,2027,533.4,616
D0,sys/DC/OO/HLN,E-175,5.1,sys,DC,OO,,HLN,E-175,94.03,598,636,98.73,5.00%,0.8820058997050148,627.9,636,Cascaded,2027,627.9000000000001,636
D0,sys/DC/OO/HLN,E170/75,5.1,sys,DC,OO,,HLN,E170/75,94.12,80,85,98.82,5.00%,0.11799410029498525,84.0,85,Cascaded,2027,84.00000000000001,85
D0,sys/DC/OO/HPN,CRJ-900,5.1,sys,DC,OO,,HPN,CRJ-900,70.37,76,108,73.89,5.00%,1.0,79.8,108,Cascaded,2027,79.80000000000001,108
D0,sys/DC/OO/HRL,E-175,5.1,sys,DC,OO,,HRL,E-175,100.0,7,7,105.0,5.00%,1.0,7.35,7,Cascaded,2027,7.3500000000000005,7
D0,sys/DC/OO/HSV,CRJ-700,5.1,sys,DC,OO,,HSV,CRJ-700,80.0,4,5,84.0,5.00%,0.047619047619047616,4.2,5,Cascaded,2027,4.2,5
D0,sys/DC/OO/HSV,CRJ-900,5.1,sys,DC,OO,,HSV,CRJ-900,78.12,75,96,82.03,5.00%,0.8928571428571429,78.75,96,Cascaded,2027,78.75,96
D0,sys/DC/OO/HSV,E170/75,5.1,sys,DC,OO,,HSV,E170/75,71.43,5,7,75.0,5.00%,0.05952380952380952,5.25,7,Cascaded,2027,5.25,7
D0,sys/DC/OO/IAD,CRJ-700,5.1,sys,DC,OO,,IAD,CRJ-700,0.0,0,1,0.0,0.00%,0.0,0.0,1,Cascaded,2027,0.0,1
D0,sys/DC/OO/IAD,CRJ-900,5.1,sys,DC,OO,,IAD,CRJ-900,61.35,519,846,64.41,5.00%,0.483690587138863,544.95,846,Cascaded,2027,544.95,846
D0,sys/DC/OO/IAD,E-175,5.1,sys,DC,OO,,IAD,E-175,73.83,553,749,77.52,5.00%,0.5153774464119292,580.65,749,Cascaded,2027,580.6500000000001,749
D0,sys/DC/OO/IAD,E170/75,5.1,sys,DC,OO,,IAD,E170/75,100.0,1,1,105.0,5.00%,0.0009319664492078285,1.05,1,Cascaded,2027,1.05,1
D0,sys/DC/OO/IAH,E-175,5.1,sys,DC,OO,,IAH,E-175,56.52,13,23,59.35,5.00%,1.0,13.65,23,Cascaded,2027,13.65,23
D0,sys/DC/OO/ICT,CRJ-900,5.1,sys,DC,OO,,ICT,CRJ-900,67.11,51,76,70.46,5.00%,0.18478260869565216,53.55,76,Cascaded,2027,53.550000000000004,76
D0,sys/DC/OO/ICT,E-175,5.1,sys,DC,OO,,ICT,E-175,74.75,225,301,78.49,5.00%,0.8152173913043478,236.25,301,Cascaded,2027,236.25,301
D0,sys/DC/OO/IDA,E-175,5.1,sys,DC,OO,,IDA,E-175,87.67,718,819,92.05,5.00%,0.9522546419098143,753.9,819,Cascaded,2027,753.9000000000001,819
D0,sys/DC/OO/IDA,E170/75,5.1,sys,DC,OO,,IDA,E170/75,92.31,36,39,96.92,5.00%,0.04774535809018567,37.8,39,Cascaded,2027,37.800000000000004,39
D0,sys/DC/OO/IMT,CRJ-900,5.1,sys,DC,OO,,IMT,CRJ-900,69.04,484,701,72.5,5.00%,1.0,508.2,701,Cascaded,2027,508.20000000000005,701
D0,sys/DC/OO/IND,CRJ-700,5.1,sys,DC,OO,,IND,CRJ-700,100.0,1,1,105.0,5.00%,0.0010309278350515464,1.05,1,Cascaded,2027,1.05,1
D0,sys/DC/OO/IND,CRJ-900,5.1,sys,DC,OO,,IND,CRJ-900,68.64,440,641,72.07,5.00%,0.4536082474226804,462.0,641,Cascaded,2027,462.0,641
D0,sys/DC/OO/IND,E-175,5.1,sys,DC,OO,,IND,E-175,75.68,529,699,79.46,5.00%,0.545360824742268,555.45,699,Cascaded,2027,555.45,699
D0,sys/DC/OO/INL,CRJ-900,5.1,sys,DC,OO,,INL,CRJ-900,85.54,550,643,89.81,5.00%,1.0,577.5,643,Cascaded,2027,577.5,643
D0,sys/DC/OO/JAC,E-175,5.1,sys,DC,OO,,JAC,E-175,82.52,288,349,86.65,5.00%,0.5669291338582677,302.4,349,Cascaded,2027,302.4,349
D0,sys/DC/OO/JAC,E170/75,5.1,sys,DC,OO,,JAC,E170/75,72.85,220,302,76.49,5.00%,0.4330708661417323,231.0,302,Cascaded,2027,231.0,302
D0,sys/DC/OO/JAX,E-175,5.1,sys,DC,OO,,JAX,E-175,75.7,271,358,79.48,5.00%,1.0,284.55,358,Cascaded,2027,284.55,358
D0,sys/DC/OO/LAN,CRJ-700,5.1,sys,DC,OO,,LAN,CRJ-700,53.06,26,49,55.71,5.00%,0.04153354632587859,27.3,49,Cascaded,2027,27.300000000000004,49
D0,sys/DC/OO/LAN,CRJ-900,5.1,sys,DC,OO,,LAN,CRJ-900,70.18,600,855,73.68,5.00%,0.9584664536741214,630.0,855,Cascaded,2027,630.0000000000001,855
D0,sys/DC/OO/LAS,E-175,5.1,sys,DC,OO,,LAS,E-175,82.4,1681,2040,86.52,5.00%,0.9507918552036199,1765.05,2040,Cascaded,2027,1765.0500000000002,2040
D0,sys/DC/OO/LAS,E170/75,5.1,sys,DC,OO,,LAS,E170/75,71.31,87,122,74.88,5.00%,0.04920814479638009,91.35,122,Cascaded,2027,91.35000000000001,122
D0,sys/DC/OO/LAX,CRJ-700,5.1,sys,DC,OO,,LAX,CRJ-700,70.03,409,584,73.54,5.00%,0.0426086050630274,429.45,584,Cascaded,2027,429.45000000000005,584
D0,sys/DC/OO/LAX,E-175,5.1,sys,DC,OO,,LAX,E-175,81.19,8068,9937,85.25,5.00%,0.8405042191894989,8471.4,9937,Cascaded,2027,8471.400000000001,9937
D0,sys/DC/OO/LAX,E170/75,5.1,sys,DC,OO,,LAX,E170/75,75.66,1122,1483,79.44,5.00%,0.11688717574747369,1178.1,1483,Cascaded,2027,1178.1000000000001,1483
D0,sys/DC/OO/LEX,CRJ-700,5.1,sys,DC,OO,,LEX,CRJ-700,71.74,33,46,75.33,5.00%,0.08527131782945736,34.65,46,Cascaded,2027,34.65,46
D0,sys/DC/OO/LEX,CRJ-900,5.1,sys,DC,OO,,LEX,CRJ-900,78.84,354,449,82.78,5.00%,0.9147286821705426,371.7,449,Cascaded,2027,371.70000000000005,449
D0,sys/DC/OO/LFT,CRJ-700,5.1,sys,DC,OO,,LFT,CRJ-700,100.0,3,3,105.0,5.00%,0.01935483870967742,3.15,3,Cascaded,2027,3.15,3
D0,sys/DC/OO/LFT,CRJ-900,5.1,sys,DC,OO,,LFT,CRJ-900,67.26,152,226,70.62,5.00%,0.9806451612903225,159.6,226,Cascaded,2027,159.6,226
D0,sys/DC/OO/LGA,E-175,5.1,sys,DC,OO,,LGA,E-175,66.1,583,882,69.4,5.00%,1.0,612.15,882,Cascaded,2027,612.15,882
D0,sys/DC/OO/LGB,E-175,5.1,sys,DC,OO,,LGB,E-175,86.07,525,610,90.37,5.00%,0.9308510638297872,551.25,610,Cascaded,2027,551.25,610
D0,sys/DC/OO/LGB,E170/75,5.1,sys,DC,OO,,LGB,E170/75,95.12,39,41,99.88,5.00%,0.06914893617021277,40.95,41,Cascaded,2027,40.95,41
D0,sys/DC/OO/LIT,E-175,5.1,sys,DC,OO,,LIT,E-175,84.62,187,221,88.85,5.00%,0.8423423423423423,196.35,221,Cascaded,2027,196.35000000000002,221
D0,sys/DC/OO/LIT,E170/75,5.1,sys,DC,OO,,LIT,E170/75,89.74,35,39,94.23,5.00%,0.15765765765765766,36.75,39,Cascaded,2027,36.75,39
D0,sys/DC/OO/LWS,E-175,5.1,sys,DC,OO,,LWS,E-175,87.1,547,628,91.46,5.00%,0.8738019169329073,574.35,628,Cascaded,2027,574.35,628
D0,sys/DC/OO/LWS,E170/75,5.1,sys,DC,OO,,LWS,E170/75,80.61,79,98,84.64,5.00%,0.12619808306709265,82.95,98,Cascaded,2027,82.95,98
D0,sys/DC/OO/MAF,E-175,5.1,sys,DC,OO,,MAF,E-175,71.62,318,444,75.2,5.00%,1.0,333.9,444,Cascaded,2027,333.90000000000003,444
D0,sys/DC/OO/MBS,CRJ-700,5.1,sys,DC,OO,,MBS,CRJ-700,69.84,132,189,73.33,5.00%,0.16966580976863754,138.6,189,Cascaded,2027,138.60000000000002,189
D0,sys/DC/OO/MBS,CRJ-900,5.1,sys,DC,OO,,MBS,CRJ-900,75.47,646,856,79.24,5.00%,0.8303341902313625,678.3,856,Cascaded,2027,678.3000000000001,856
D0,sys/DC/OO/MCI,CRJ-900,5.1,sys,DC,OO,,MCI,CRJ-900,62.76,123,196,65.89,5.00%,0.5020408163265306,129.15,196,Cascaded,2027,129.15,196
D0,sys/DC/OO/MCI,E-175,5.1,sys,DC,OO,,MCI,E-175,74.85,122,163,78.59,5.00%,0.49795918367346936,128.1,163,Cascaded,2027,128.1,163
D0,sys/DC/OO/MDT,CRJ-700,5.1,sys,DC,OO,,MDT,CRJ-700,100.0,1,1,105.0,5.00%,0.005291005291005291,1.05,1,Cascaded,2027,1.05,1
D0,sys/DC/OO/MDT,CRJ-900,5.1,sys,DC,OO,,MDT,CRJ-900,74.9,188,251,78.65,5.00%,0.9947089947089947,197.4,251,Cascaded,2027,197.4,251
D0,sys/DC/OO/MDW,E-175,5.1,sys,DC,OO,,MDW,E-175,70.15,886,1263,73.66,5.00%,0.9822616407982262,930.3,1263,Cascaded,2027,930.3000000000001,1263
D0,sys/DC/OO/MDW,E170/75,5.1,sys,DC,OO,,MDW,E170/75,50.0,16,32,52.5,5.00%,0.017738359201773836,16.8,32,Cascaded,2027,16.8,32
D0,sys/DC/OO/MEM,CRJ-900,5.1,sys,DC,OO,,MEM,CRJ-900,61.65,299,485,64.73,5.00%,0.2265151515151515,313.95,485,Cascaded,2027,313.95,485
D0,sys/DC/OO/MEM,E-175,5.1,sys,DC,OO,,MEM,E-175,78.3,1021,1304,82.21,5.00%,0.7734848484848484,1072.05,1304,Cascaded,2027,1072.05,1304
D0,sys/DC/OO/MFE,E-175,5.1,sys,DC,OO,,MFE,E-175,80.65,825,1023,84.68,5.00%,1.0,866.25,1023,Cascaded,2027,866.25,1023
D0,sys/DC/OO/MFR,E-175,5.1,sys,DC,OO,,MFR,E-175,87.1,1540,1768,91.46,5.00%,0.9993510707332901,1617.0,1768,Cascaded,2027,1617.0000000000002,1768
D0,sys/DC/OO/MFR,E170/75,5.1,sys,DC,OO,,MFR,E170/75,50.0,1,2,52.5,5.00%,0.0006489292667099286,1.05,2,Cascaded,2027,1.05,2
D0,sys/DC/OO/MGM,CRJ-700,5.1,sys,DC,OO,,MGM,CRJ-700,67.31,208,309,70.68,5.00%,0.9497716894977168,218.4,309,Cascaded,2027,218.4,309
D0,sys/DC/OO/MGM,CRJ-900,5.1,sys,DC,OO,,MGM,CRJ-900,78.57,11,14,82.5,5.00%,0.0502283105022831,11.55,14,Cascaded,2027,11.55,14
D0,sys/DC/OO/MHH,E170/75,5.1,sys,DC,OO,,MHH,E170/75,50.0,7,14,52.5,5.00%,1.0,7.35,14,Cascaded,2027,7.3500000000000005,14
D0,sys/DC/OO/MKE,CRJ-700,5.1,sys,DC,OO,,MKE,CRJ-700,53.85,28,52,56.54,5.00%,0.024305555555555556,29.4,52,Cascaded,2027,29.400000000000002,52
D0,sys/DC/OO/MKE,CRJ-900,5.1,sys,DC,OO,,MKE,CRJ-900,60.76,446,734,63.8,5.00%,0.3871527777777778,468.3,734,Cascaded,2027,468.30000000000007,734
D0,sys/DC/OO/MKE,E-175,5.1,sys,DC,OO,,MKE,E-175,75.17,678,902,78.92,5.00%,0.5885416666666666,711.9,902,Cascaded,2027,711.9000000000001,902
D0,sys/DC/OO/MOB,CRJ-700,5.1,sys,DC,OO,,MOB,CRJ-700,60.0,3,5,63.0,5.00%,0.02912621359223301,3.15,5,Cascaded,2027,3.1500000000000004,5
D0,sys/DC/OO/MOB,CRJ-900,5.1,sys,DC,OO,,MOB,CRJ-900,40.0,10,25,42.0,5.00%,0.0970873786407767,10.5,25,Cascaded,2027,10.5,25
D0,sys/DC/OO/MOB,E170/75,5.1,sys,DC,OO,,MOB,E170/75,62.94,90,143,66.08,5.00%,0.8737864077669902,94.5,143,Cascaded,2027,94.5,143
D0,sys/DC/OO/MOT,CRJ-900,5.1,sys,DC,OO,,MOT,CRJ-900,64.37,215,334,67.59,5.00%,0.23835920177383593,225.75,334,Cascaded,2027,225.75,334
D0,sys/DC/OO/MOT,E-175,5.1,sys,DC,OO,,MOT,E-175,74.83,678,906,78.58,5.00%,0.7516629711751663,711.9,906,Cascaded,2027,711.9,906
D0,sys/DC/OO/MOT,E170/75,5.1,sys,DC,OO,,MOT,E170/75,81.82,9,11,85.91,5.00%,0.009977827050997782,9.45,11,Cascaded,2027,9.450000000000001,11
D0,sys/DC/OO/MQT,CRJ-900,5.1,sys,DC,OO,,MQT,CRJ-900,75.41,500,663,79.19,5.00%,1.0,525.0,663,Cascaded,2027,525.0,663
D0,sys/DC/OO/MSN,CRJ-700,5.1,sys,DC,OO,,MSN,CRJ-700,37.14,13,35,39.0,5.00%,0.013903743315508022,13.65,35,Cascaded,2027,13.65,35
D0,sys/DC/OO/MSN,CRJ-900,5.1,sys,DC,OO,,MSN,CRJ-900,70.86,805,1136,74.41,5.00%,0.8609625668449198,845.25,1136,Cascaded,2027,845.25,1136
D0,sys/DC/OO/MSN,E-175,5.1,sys,DC,OO,,MSN,E-175,86.03,117,136,90.33,5.00%,0.12513368983957218,122.85,136,Cascaded,2027,122.85,136
D0,sys/DC/OO/MSO,E-175,5.1,sys,DC,OO,,MSO,E-175,82.26,459,558,86.37,5.00%,0.9602510460251046,481.95,558,Cascaded,2027,481.95000000000005,558
D0,sys/DC/OO/MSO,E170/75,5.1,sys,DC,OO,,MSO,E170/75,82.61,19,23,86.74,5.00%,0.0397489539748954,19.95,23,Cascaded,2027,19.950000000000003,23
D0,sys/DC/OO/MSP,CRJ-900,5.1,sys,DC,OO,,MSP,CRJ-900,71.97,10630,14771,75.56,5.00%,0.5453239624480583,11161.5,14771,Cascaded,2027,11161.5,14771
D0,sys/DC/OO/MSP,E-175,5.1,sys,DC,OO,,MSP,E-175,69.43,8712,12548,72.9,5.00%,0.4469296670599702,9147.6,12548,Cascaded,2027,9147.6,12548
D0,sys/DC/OO/MSP,E170/75,5.1,sys,DC,OO,,MSP,E170/75,63.98,151,236,67.18,5.00%,0.007746370491971477,158.55,236,Cascaded,2027,158.55,236
D0,sys/DC/OO/MSY,E-175,5.1,sys,DC,OO,,MSY,E-175,71.02,370,521,74.57,5.00%,1.0,388.5,521,Cascaded,2027,388.5,521
D0,sys/DC/OO/OAJ,E170/75,5.1,sys,DC,OO,,OAJ,E170/75,69.41,295,425,72.88,5.00%,1.0,309.75,425,Cascaded,2027,309.75,425
D0,sys/DC/OO/OAK,E-175,5.1,sys,DC,OO,,OAK,E-175,86.25,878,1018,90.56,5.00%,0.955386289445049,921.9,1018,Cascaded,2027,921.9000000000001,1018
D0,sys/DC/OO/OAK,E170/75,5.1,sys,DC,OO,,OAK,E170/75,93.18,41,44,97.84,5.00%,0.04461371055495103,43.05,44,Cascaded,2027,43.050000000000004,44
D0,sys/DC/OO/OKC,E-175,5.1,sys,DC,OO,,OKC,E-175,86.66,1104,1274,90.99,5.00%,0.9963898916967509,1159.2,1274,Cascaded,2027,1159.2,1274
D0,sys/DC/OO/OKC,E170/75,5.1,sys,DC,OO,,OKC,E170/75,100.0,4,4,105.0,5.00%,0.0036101083032490976,4.2,4,Cascaded,2027,4.2,4
D0,sys/DC/OO/OMA,CRJ-900,5.1,sys,DC,OO,,OMA,CRJ-900,71.79,1700,2368,75.38,5.00%,0.6984387838948234,1785.0,2368,Cascaded,2027,1785.0000000000002,2368
D0,sys/DC/OO/OMA,E-175,5.1,sys,DC,OO,,OMA,E-175,86.52,732,846,90.85,5.00%,0.30073952341824156,768.6,846,Cascaded,2027,768.6000000000001,846
D0,sys/DC/OO/OMA,E170/75,5.1,sys,DC,OO,,OMA,E170/75,100.0,2,2,105.0,5.00%,0.0008216926869350862,2.1,2,Cascaded,2027,2.1,2
D0,sys/DC/OO/ONT,E-175,5.1,sys,DC,OO,,ONT,E-175,85.62,1185,1384,89.9,5.00%,0.9825870646766169,1244.25,1384,Cascaded,2027,1244.2500000000002,1384
D0,sys/DC/OO/ONT,E170/75,5.1,sys,DC,OO,,ONT,E170/75,100.0,21,21,105.0,5.00%,0.017412935323383085,22.05,21,Cascaded,2027,22.050000000000004,21
D0,sys/DC/OO/ORD,CRJ-700,5.1,sys,DC,OO,,ORD,CRJ-700,22.73,10,44,23.86,5.00%,0.023148148148148147,10.5,44,Cascaded,2027,10.5,44
D0,sys/DC/OO/ORD,CRJ-900,5.1,sys,DC,OO,,ORD,CRJ-900,41.0,205,500,43.05,5.00%,0.47453703703703703,215.25,500,Cascaded,2027,215.25,500
D0,sys/DC/OO/ORD,E-175,5.1,sys,DC,OO,,ORD,E-175,59.78,217,363,62.77,5.00%,0.5023148148148148,227.85,363,Cascaded,2027,227.85000000000002,363
D0,sys/DC/OO/ORF,CRJ-700,5.1,sys,DC,OO,,ORF,CRJ-700,71.43,5,7,75.0,5.00%,0.0625,5.25,7,Cascaded,2027,5.25,7
D0,sys/DC/OO/ORF,CRJ-900,5.1,sys,DC,OO,,ORF,CRJ-900,57.03,73,128,59.88,5.00%,0.9125,76.65,128,Cascaded,2027,76.65,128
D0,sys/DC/OO/ORF,E-175,5.1,sys,DC,OO,,ORF,E-175,28.57,2,7,30.0,5.00%,0.025,2.1,7,Cascaded,2027,2.1,7
D0,sys/DC/OO/PDX,E-175,5.1,sys,DC,OO,,PDX,E-175,79.71,1827,2292,83.7,5.00%,1.0,1918.35,2292,Cascaded,2027,1918.3500000000001,2292
D0,sys/DC/OO/PHL,CRJ-900,5.1,sys,DC,OO,,PHL,CRJ-900,53.62,37,69,56.3,5.00%,0.74,38.85,69,Cascaded,2027,38.85,69
D0,sys/DC/OO/PHL,E-175,5.1,sys,DC,OO,,PHL,E-175,65.0,13,20,68.25,5.00%,0.26,13.65,20,Cascaded,2027,13.65,20
D0,sys/DC/OO/PHX,E-175,5.1,sys,DC,OO,,PHX,E-175,77.77,1165,1498,81.66,5.00%,0.9572719802793755,1223.25,1498,Cascaded,2027,1223.2500000000002,1498
D0,sys/DC/OO/PHX,E170/75,5.1,sys,DC,OO,,PHX,E170/75,63.41,52,82,66.59,5.00%,0.04272801972062449,54.6,82,Cascaded,2027,54.60000000000001,82
D0,sys/DC/OO/PIH,CRJ-900,5.1,sys,DC,OO,,PIH,CRJ-900,100.0,46,46,105.0,5.00%,0.11886304909560723,48.3,46,Cascaded,2027,48.300000000000004,46
D0,sys/DC/OO/PIH,E-175,5.1,sys,DC,OO,,PIH,E-175,90.75,304,335,95.28,5.00%,0.7855297157622739,319.2,335,Cascaded,2027,319.20000000000005,335
D0,sys/DC/OO/PIH,E170/75,5.1,sys,DC,OO,,PIH,E170/75,94.87,37,39,99.62,5.00%,0.09560723514211886,38.85,39,Cascaded,2027,38.85,39
D0,sys/DC/OO/PIT,CRJ-700,5.1,sys,DC,OO,,PIT,CRJ-700,51.92,81,156,54.52,5.00%,0.12898089171974522,85.05,156,Cascaded,2027,85.05000000000001,156
D0,sys/DC/OO/PIT,CRJ-900,5.1,sys,DC,OO,,PIT,CRJ-900,64.73,301,465,67.97,5.00%,0.47929936305732485,316.05,465,Cascaded,2027,316.05000000000007,465
D0,sys/DC/OO/PIT,E-175,5.1,sys,DC,OO,,PIT,E-175,62.92,246,391,66.06,5.00%,0.39171974522292996,258.3,391,Cascaded,2027,258.3,391
D0,sys/DC/OO/PLN,CRJ-900,5.1,sys,DC,OO,,PLN,CRJ-900,75.35,428,568,79.12,5.00%,1.0,449.4,568,Cascaded,2027,449.40000000000003,568
D0,sys/DC/OO/PSC,E-175,5.1,sys,DC,OO,,PSC,E-175,87.46,1793,2050,91.84,5.00%,0.9994425863991081,1882.65,2050,Cascaded,2027,1882.65,2050
D0,sys/DC/OO/PSC,E170/75,5.1,sys,DC,OO,,PSC,E170/75,100.0,1,1,105.0,5.00%,0.0005574136008918618,1.05,1,Cascaded,2027,1.05,1
D0,sys/DC/OO/PSP,E-175,5.1,sys,DC,OO,,PSP,E-175,86.41,871,1008,90.73,5.00%,0.9275825346112886,914.55,1008,Cascaded,2027,914.5500000000001,1008
D0,sys/DC/OO/PSP,E170/75,5.1,sys,DC,OO,,PSP,E170/75,87.18,68,78,91.54,5.00%,0.0724174653887114,71.4,78,Cascaded,2027,71.4,78
D0,sys/DC/OO/PVD,CRJ-700,5.1,sys,DC,OO,,PVD,CRJ-700,100.0,3,3,105.0,5.00%,0.007556675062972292,3.15,3,Cascaded,2027,3.1500000000000004,3
D0,sys/DC/OO/PVD,CRJ-900,5.1,sys,DC,OO,,PVD,CRJ-900,65.56,394,601,68.84,5.00%,0.9924433249370277,413.7,601,Cascaded,2027,413.70000000000005,601
D0,sys/DC/OO/PWM,CRJ-900,5.1,sys,DC,OO,,PWM,CRJ-900,63.2,79,125,66.36,5.00%,1.0,82.95,125,Cascaded,2027,82.95,125
D0,sys/DC/OO/RAP,CRJ-900,5.1,sys,DC,OO,,RAP,CRJ-900,72.53,132,182,76.15,5.00%,0.4697508896797153,138.6,182,Cascaded,2027,138.6,182
D0,sys/DC/OO/RAP,E-175,5.1,sys,DC,OO,,RAP,E-175,82.21,134,163,86.32,5.00%,0.47686832740213525,140.7,163,Cascaded,2027,140.70000000000002,163
D0,sys/DC/OO/RAP,E170/75,5.1,sys,DC,OO,,RAP,E170/75,83.33,15,18,87.5,5.00%,0.05338078291814947,15.75,18,Cascaded,2027,15.75,18
D0,sys/DC/OO/RDM,E-175,5.1,sys,DC,OO,,RDM,E-175,82.95,1460,1760,87.1,5.00%,0.999315537303217,1533.0,1760,Cascaded,2027,1533.0000000000002,1760
D0,sys/DC/OO/RDM,E170/75,5.1,sys,DC,OO,,RDM,E170/75,100.0,1,1,105.0,5.00%,0.0006844626967830253,1.05,1,Cascaded,2027,1.05,1
D0,sys/DC/OO/RDU,CRJ-900,5.1,sys,DC,OO,,RDU,CRJ-900,50.0,1,2,52.5,5.00%,1.0,1.05,2,Cascaded,2027,1.05,2
D0,sys/DC/OO/RHI,CRJ-900,5.1,sys,DC,OO,,RHI,CRJ-900,85.63,602,703,89.91,5.00%,1.0,632.1,703,Cascaded,2027,632.1,703
D0,sys/DC/OO/RIC,CRJ-900,5.1,sys,DC,OO,,RIC,CRJ-900,61.0,183,300,64.05,5.00%,0.6727941176470589,192.15,300,Cascaded,2027,192.15,300
D0,sys/DC/OO/RIC,E-175,5.1,sys,DC,OO,,RIC,E-175,52.98,89,168,55.62,5.00%,0.3272058823529412,93.45,168,Cascaded,2027,93.45,168
D0,sys/DC/OO/RNO,E-175,5.1,sys,DC,OO,,RNO,E-175,82.13,1172,1427,86.24,5.00%,0.8700816629547142,1230.6,1427,Cascaded,2027,1230.6000000000001,1427
D0,sys/DC/OO/RNO,E170/75,5.1,sys,DC,OO,,RNO,E170/75,89.29,175,196,93.75,5.00%,0.12991833704528583,183.75,196,Cascaded,2027,183.75000000000003,196
D0,sys/DC/OO/ROA,E170/75,5.1,sys,DC,OO,,ROA,E170/75,48.44,31,64,50.86,5.00%,1.0,32.55,64,Cascaded,2027,32.550000000000004,64
D0,sys/DC/OO/ROC,CRJ-700,5.1,sys,DC,OO,,ROC,CRJ-700,60.0,21,35,63.0,5.00%,0.06481481481481481,22.05,35,Cascaded,2027,22.050000000000004,35
D0,sys/DC/OO/ROC,CRJ-900,5.1,sys,DC,OO,,ROC,CRJ-900,58.22,131,225,61.13,5.00%,0.404320987654321,137.55,225,Cascaded,2027,137.55,225
D0,sys/DC/OO/ROC,E-175,5.1,sys,DC,OO,,ROC,E-175,56.03,172,307,58.83,5.00%,0.5308641975308642,180.6,307,Cascaded,2027,180.60000000000002,307
D0,sys/DC/OO/RST,CRJ-900,5.1,sys,DC,OO,,RST,CRJ-900,71.58,68,95,75.16,5.00%,0.3541666666666667,71.4,95,Cascaded,2027,71.4,95
D0,sys/DC/OO/RST,E-175,5.1,sys,DC,OO,,RST,E-175,72.0,108,150,75.6,5.00%,0.5625,113.4,150,Cascaded,2027,113.4,150
D0,sys/DC/OO/RST,E170/75,5.1,sys,DC,OO,,RST,E170/75,72.73,16,22,76.36,5.00%,0.08333333333333333,16.8,22,Cascaded,2027,16.8,22
D0,sys/DC/OO/SAN,CRJ-700,5.1,sys,DC,OO,,SAN,CRJ-700,75.0,3,4,78.75,5.00%,0.0019430051813471502,3.15,4,Cascaded,2027,3.15,4
D0,sys/DC/OO/SAN,E-175,5.1,sys,DC,OO,,SAN,E-175,77.6,1434,1848,81.48,5.00%,0.9287564766839378,1505.7,1848,Cascaded,2027,1505.7,1848
D0,sys/DC/OO/SAN,E170/75,5.1,sys,DC,OO,,SAN,E170/75,73.79,107,145,77.48,5.00%,0.06930051813471502,112.35,145,Cascaded,2027,112.35000000000001,145
D0,sys/DC/OO/SAT,E-175,5.1,sys,DC,OO,,SAT,E-175,100.0,1,1,105.0,5.00%,1.0,1.05,1,Cascaded,2027,1.05,1
D0,sys/DC/OO/SAV,CRJ-900,5.1,sys,DC,OO,,SAV,CRJ-900,40.34,96,238,42.35,5.00%,1.0,100.8,238,Cascaded,2027,100.80000000000001,238
D0,sys/DC/OO/SBA,E-175,5.1,sys,DC,OO,,SBA,E-175,84.51,671,794,88.73,5.00%,0.8887417218543047,704.55,794,Cascaded,2027,704.55,794
D0,sys/DC/OO/SBA,E170/75,5.1,sys,DC,OO,,SBA,E170/75,93.33,84,90,98.0,5.00%,0.11125827814569536,88.2,90,Cascaded,2027,88.2,90
D0,sys/DC/OO/SBN,CRJ-700,5.1,sys,DC,OO,,SBN,CRJ-700,67.27,74,110,70.64,5.00%,0.05429200293470286,77.7,110,Cascaded,2027,77.7,110
D0,sys/DC/OO/SBN,CRJ-900,5.1,sys,DC,OO,,SBN,CRJ-900,68.01,1050,1544,71.41,5.00%,0.7703595011005135,1102.5,1544,Cascaded,2027,1102.5,1544
D0,sys/DC/OO/SBN,E-175,5.1,sys,DC,OO,,SBN,E-175,76.06,54,71,79.86,5.00%,0.03961848862802641,56.7,71,Cascaded,2027,56.7,71
D0,sys/DC/OO/SBN,E170/75,5.1,sys,DC,OO,,SBN,E170/75,55.56,185,333,58.33,5.00%,0.13573000733675716,194.25,333,Cascaded,2027,194.25,333
D0,sys/DC/OO/SDF,CRJ-700,5.1,sys,DC,OO,,SDF,CRJ-700,52.17,36,69,54.78,5.00%,0.03415559772296015,37.8,69,Cascaded,2027,37.800000000000004,69
D0,sys/DC/OO/SDF,CRJ-900,5.1,sys,DC,OO,,SDF,CRJ-900,69.72,654,938,73.21,5.00%,0.6204933586337761,686.7,938,Cascaded,2027,686.7,938
D0,sys/DC/OO/SDF,E-175,5.1,sys,DC,OO,,SDF,E-175,76.47,364,476,80.29,5.00%,0.34535104364326374,382.2,476,Cascaded,2027,382.2,476
D0,sys/DC/OO/SEA,E-175,5.1,sys,DC,OO,,SEA,E-175,79.08,16262,20563,83.04,5.00%,0.9999385107298776,17075.1,20563,Cascaded,2027,17075.100000000002,20563
D0,sys/DC/OO/SEA,E170/75,5.1,sys,DC,OO,,SEA,E170/75,100.0,1,1,105.0,5.00%,6.148927012236365e-05,1.05,1,Cascaded,2027,1.05,1
D0,sys/DC/OO/SFO,E-175,5.1,sys,DC,OO,,SFO,E-175,65.14,553,849,68.39,5.00%,0.9963963963963964,580.65,849,Cascaded,2027,580.65,849
D0,sys/DC/OO/SFO,E170/75,5.1,sys,DC,OO,,SFO,E170/75,100.0,2,2,105.0,5.00%,0.0036036036036036037,2.1,2,Cascaded,2027,2.1,2
D0,sys/DC/OO/SGF,CRJ-700,5.1,sys,DC,OO,,SGF,CRJ-700,85.86,85,99,90.15,5.00%,0.6115107913669064,89.25,99,Cascaded,2027,89.25000000000001,99
D0,sys/DC/OO/SGF,CRJ-900,5.1,sys,DC,OO,,SGF,CRJ-900,56.84,54,95,59.68,5.00%,0.38848920863309355,56.7,95,Cascaded,2027,56.70000000000001,95
D0,sys/DC/OO/SGU,CRJ-900,5.1,sys,DC,OO,,SGU,CRJ-900,91.12,1549,1700,95.67,5.00%,1.0,1626.45,1700,Cascaded,2027,1626.45,1700
D0,sys/DC/OO/SHV,CRJ-700,5.1,sys,DC,OO,,SHV,CRJ-700,80.95,34,42,85.0,5.00%,0.032598274209012464,35.7,42,Cascaded,2027,35.7,42
D0,sys/DC/OO/SHV,CRJ-900,5.1,sys,DC,OO,,SHV,CRJ-900,70.81,587,829,74.35,5.00%,0.5627996164908916,616.35,829,Cascaded,2027,616.35,829
D0,sys/DC/OO/SHV,E170/75,5.1,sys,DC,OO,,SHV,E170/75,69.87,422,604,73.36,5.00%,0.4046021093000959,443.1,604,Cascaded,2027,443.1,604
D0,sys/DC/OO/SJC,E-175,5.1,sys,DC,OO,,SJC,E-175,86.87,3580,4121,91.22,5.00%,0.9561965811965812,3759.0,4121,Cascaded,2027,3759.0000000000005,4121
D0,sys/DC/OO/SJC,E170/75,5.1,sys,DC,OO,,SJC,E170/75,80.79,164,203,84.83,5.00%,0.0438034188034188,172.2,203,Cascaded,2027,172.20000000000002,203
D0,sys/DC/OO/SJD,E-175,5.1,sys,DC,OO,,SJD,E-175,60.36,67,111,63.38,5.00%,1.0,70.35,111,Cascaded,2027,70.35000000000001,111
D0,sys/DC/OO/SLC,CRJ-900,5.1,sys,DC,OO,,SLC,CRJ-900,88.55,3773,4261,92.97,5.00%,0.14509306260575297,3961.65,4261,Cascaded,2027,3961.65,4261
D0,sys/DC/OO/SLC,E-175,5.1,sys,DC,OO,,SLC,E-175,82.44,20012,24275,86.56,5.00%,0.7695739117058914,21012.6,24275,Cascaded,2027,21012.600000000002,24275
D0,sys/DC/OO/SLC,E170/75,5.1,sys,DC,OO,,SLC,E170/75,83.89,2219,2645,88.09,5.00%,0.08533302568835564,2329.95,2645,Cascaded,2027,2329.9500000000003,2645
D0,sys/DC/OO/SMF,E-175,5.1,sys,DC,OO,,SMF,E-175,83.95,3305,3937,88.14,5.00%,0.964963503649635,3470.25,3937,Cascaded,2027,3470.25,3937
D0,sys/DC/OO/SMF,E170/75,5.1,sys,DC,OO,,SMF,E170/75,83.33,120,144,87.5,5.00%,0.035036496350364967,126.0,144,Cascaded,2027,126.0,144
D0,sys/DC/OO/SNA,E-175,5.1,sys,DC,OO,,SNA,E-175,76.03,885,1164,79.83,5.00%,0.9365079365079365,929.25,1164,Cascaded,2027,929.25,1164
D0,sys/DC/OO/SNA,E170/75,5.1,sys,DC,OO,,SNA,E170/75,75.95,60,79,79.75,5.00%,0.06349206349206349,63.0,79,Cascaded,2027,63.0,79
D0,sys/DC/OO/STL,CRJ-900,5.1,sys,DC,OO,,STL,CRJ-900,61.2,235,384,64.26,5.00%,0.673352435530086,246.75,384,Cascaded,2027,246.75000000000003,384
D0,sys/DC/OO/STL,E-175,5.1,sys,DC,OO,,STL,E-175,71.7,114,159,75.28,5.00%,0.32664756446991405,119.7,159,Cascaded,2027,119.70000000000002,159
D0,sys/DC/OO/SUN,E-175,5.1,sys,DC,OO,,SUN,E-175,92.53,520,562,97.15,5.00%,0.5083088954056696,546.0,562,Cascaded,2027,546.0,562
D0,sys/DC/OO/SUN,E170/75,5.1,sys,DC,OO,,SUN,E170/75,90.31,503,557,94.82,5.00%,0.4916911045943304,528.15,557,Cascaded,2027,528.1500000000001,557
D0,sys/DC/OO/SYR,CRJ-900,5.1,sys,DC,OO,,SYR,CRJ-900,72.16,140,194,75.77,5.00%,1.0,147.0,194,Cascaded,2027,147.0,194
D0,sys/DC/OO/TLH,CRJ-900,5.1,sys,DC,OO,,TLH,CRJ-900,0.0,0,3,0.0,0.00%,1.0,0.0,3,Cascaded,2027,0.0,3
D0,sys/DC/OO/TRI,CRJ-700,5.1,sys,DC,OO,,TRI,CRJ-700,63.31,88,139,66.47,5.00%,0.822429906542056,92.4,139,Cascaded,2027,92.4,139
D0,sys/DC/OO/TRI,E170/75,5.1,sys,DC,OO,,TRI,E170/75,55.88,19,34,58.68,5.00%,0.17757009345794392,19.95,34,Cascaded,2027,19.950000000000003,34
D0,sys/DC/OO/TUL,E-175,5.1,sys,DC,OO,,TUL,E-175,85.68,347,405,89.96,5.00%,0.871859296482412,364.35,405,Cascaded,2027,364.35,405
D0,sys/DC/OO/TUL,E170/75,5.1,sys,DC,OO,,TUL,E170/75,92.73,51,55,97.36,5.00%,0.12814070351758794,53.55,55,Cascaded,2027,53.550000000000004,55
D0,sys/DC/OO/TUS,CRJ-700,5.1,sys,DC,OO,,TUS,CRJ-700,79.86,337,422,83.85,5.00%,0.17080587937151545,353.85,422,Cascaded,2027,353.85,422
D0,sys/DC/OO/TUS,E-175,5.1,sys,DC,OO,,TUS,E-175,87.24,1217,1395,91.6,5.00%,0.6168271667511404,1277.85,1395,Cascaded,2027,1277.8500000000001,1395
D0,sys/DC/OO/TUS,E170/75,5.1,sys,DC,OO,,TUS,E170/75,85.34,419,491,89.6,5.00%,0.21236695387734414,439.95,491,Cascaded,2027,439.95000000000005,491
D0,sys/DC/OO/TVC,CRJ-700,5.1,sys,DC,OO,,TVC,CRJ-700,56.25,27,48,59.06,5.00%,0.05410821643286573,28.35,48,Cascaded,2027,28.35,48
D0,sys/DC/OO/TVC,CRJ-900,5.1,sys,DC,OO,,TVC,CRJ-900,62.75,433,690,65.89,5.00%,0.8677354709418837,454.65,690,Cascaded,2027,454.65000000000003,690
D0,sys/DC/OO/TVC,E-175,5.1,sys,DC,OO,,TVC,E-175,63.93,39,61,67.13,5.00%,0.0781563126252505,40.95,61,Cascaded,2027,40.95,61
D0,sys/DC/OO/TWF,CRJ-900,5.1,sys,DC,OO,,TWF,CRJ-900,94.92,224,236,99.66,5.00%,0.3047619047619048,235.2,236,Cascaded,2027,235.2,236
D0,sys/DC/OO/TWF,E-175,5.1,sys,DC,OO,,TWF,E-175,94.83,459,484,99.58,5.00%,0.6244897959183674,481.95,484,Cascaded,2027,481.95,484
D0,sys/DC/OO/TWF,E170/75,5.1,sys,DC,OO,,TWF,E170/75,89.66,52,58,94.14,5.00%,0.0707482993197279,54.6,58,Cascaded,2027,54.6,58
D0,sys/DC/OO/WYS,CRJ-900,5.1,sys,DC,OO,,WYS,CRJ-900,86.9,126,145,91.24,5.00%,1.0,132.3,145,Cascaded,2027,132.3,145
D0,sys/DC/OO/XNA,CRJ-900,5.1,sys,DC,OO,,XNA,CRJ-900,62.94,90,143,66.08,5.00%,0.11826544021024968,94.5,143,Cascaded,2027,94.50000000000001,143
D0,sys/DC/OO/XNA,E-175,5.1,sys,DC,OO,,XNA,E-175,74.42,256,344,78.14,5.00%,0.3363994743758213,268.8,344,Cascaded,2027,268.8,344
D0,sys/DC/OO/XNA,E170/75,5.1,sys,DC,OO,,XNA,E170/75,72.93,415,569,76.58,5.00%,0.545335085413929,435.75,569,Cascaded,2027,435.75000000000006,569
D0,sys/DC/OO/XWA,CRJ-900,5.1,sys,DC,OO,,XWA,CRJ-900,69.88,675,966,73.37,5.00%,1.0,708.75,966,Cascaded,2027,708.75,966
D0,sys/DC/OO/YUL,CRJ-900,5.1,sys,DC,OO,,YUL,CRJ-900,88.16,216,245,92.57,5.00%,1.0,226.8,245,Cascaded,2027,226.8,245
D0,sys/DC/OO/YVR,E-175,5.1,sys,DC,OO,,YVR,E-175,85.31,2300,2696,89.58,5.00%,1.0,2415.0,2696,Cascaded,2027,2415.0,2696
D0,sys/DC/OO/YWG,E-175,5.1,sys,DC,OO,,YWG,E-175,84.15,1019,1211,88.35,5.00%,1.0,1069.95,1211,Cascaded,2027,1069.95,1211
D0,sys/DC/OO/YYC,E-175,5.1,sys,DC,OO,,YYC,E-175,84.91,591,696,89.16,5.00%,0.9704433497536946,620.55,696,Cascaded,2027,620.5500000000001,696
D0,sys/DC/OO/YYC,E170/75,5.1,sys,DC,OO,,YYC,E170/75,78.26,18,23,82.17,5.00%,0.029556650246305417,18.9,23,Cascaded,2027,18.900000000000002,23
D0,sys/DC/OO/YYZ,CRJ-700,5.1,sys,DC,OO,,YYZ,CRJ-700,90.48,19,21,95.0,5.00%,0.034358047016274866,19.95,21,Cascaded,2027,19.950000000000003,21
D0,sys/DC/OO/YYZ,CRJ-900,5.1,sys,DC,OO,,YYZ,CRJ-900,72.44,184,254,76.06,5.00%,0.33273056057866185,193.2,254,Cascaded,2027,193.20000000000005,254
D0,sys/DC/OO/YYZ,E-175,5.1,sys,DC,OO,,YYZ,E-175,79.55,350,440,83.52,5.00%,0.6329113924050633,367.5,440,Cascaded,2027,367.50000000000006,440
D0,sys/DC/YX/ACK,E-170,5.1,sys,DC,YX,,ACK,E-170,77.78,7,9,81.67,5.00%,0.031818181818181815,7.35,9,Cascaded,2027,7.35,9
D0,sys/DC/YX/ACK,E-175,5.1,sys,DC,YX,,ACK,E-175,71.0,213,300,74.55,5.00%,0.9681818181818181,223.65,300,Cascaded,2027,223.65,300
D0,sys/DC/YX/AGS,E-175,5.1,sys,DC,YX,,AGS,E-175,41.18,7,17,43.24,5.00%,1.0,7.35,17,Cascaded,2027,7.35,17
D0,sys/DC/YX/ATL,E-170,5.1,sys,DC,YX,,ATL,E-170,73.33,143,195,77.0,5.00%,1.0,150.15,195,Cascaded,2027,150.15,195
D0,sys/DC/YX/AVL,E-170,5.1,sys,DC,YX,,AVL,E-170,70.0,7,10,73.5,5.00%,0.2,7.35,10,Cascaded,2027,7.35,10
D0,sys/DC/YX/AVL,E-175,5.1,sys,DC,YX,,AVL,E-175,62.22,28,45,65.33,5.00%,0.8,29.4,45,Cascaded,2027,29.4,45
D0,sys/DC/YX/BNA,E-170,5.1,sys,DC,YX,,BNA,E-170,80.65,346,429,84.69,5.00%,0.2404447533009034,363.3,429,Cascaded,2027,363.3,429
D0,sys/DC/YX/BNA,E-175,5.1,sys,DC,YX,,BNA,E-175,73.95,1093,1478,77.65,5.00%,0.7595552466990966,1147.65,1478,Cascaded,2027,1147.65,1478
D0,sys/DC/YX/BOS,E-170,5.1,sys,DC,YX,,BOS,E-170,68.79,1814,2637,72.23,5.00%,0.1126428216592151,1904.7,2637,Cascaded,2027,1904.7,2637
D0,sys/DC/YX/BOS,E-175,5.1,sys,DC,YX,,BOS,E-175,69.61,14290,20529,73.09,5.00%,0.8873571783407849,15004.5,20529,Cascaded,2027,15004.5,20529
D0,sys/DC/YX/BUF,E-170,5.1,sys,DC,YX,,BUF,E-170,64.85,214,330,68.09,5.00%,0.3434991974317817,224.7,330,Cascaded,2027,224.7,330
D0,sys/DC/YX/BUF,E-175,5.1,sys,DC,YX,,BUF,E-175,76.74,409,533,80.57,5.00%,0.6565008025682183,429.45,533,Cascaded,2027,429.45,533
D0,sys/DC/YX/BWI,E-170,5.1,sys,DC,YX,,BWI,E-170,71.0,71,100,74.55,5.00%,0.09021601016518424,74.55,100,Cascaded,2027,74.55,100
D0,sys/DC/YX/BWI,E-175,5.1,sys,DC,YX,,BWI,E-175,74.66,716,959,78.39,5.00%,0.9097839898348158,751.8,959,Cascaded,2027,751.8,959
D0,sys/DC/YX/CHS,E-170,5.1,sys,DC,YX,,CHS,E-170,100.0,1,1,105.0,5.00%,0.002881844380403458,1.05,1,Cascaded,2027,1.0499999999999998,1
D0,sys/DC/YX/CHS,E-175,5.1,sys,DC,YX,,CHS,E-175,68.11,346,508,71.52,5.00%,0.9971181556195965,363.3,508,Cascaded,2027,363.29999999999995,508
D0,sys/DC/YX/CLE,E-170,5.1,sys,DC,YX,,CLE,E-170,65.57,240,366,68.85,5.00%,0.24072216649949849,252.0,366,Cascaded,2027,251.99999999999997,366
D0,sys/DC/YX/CLE,E-175,5.1,sys,DC,YX,,CLE,E-175,79.1,757,957,83.06,5.00%,0.7592778335005015,794.85,957,Cascaded,2027,794.8499999999999,957
D0,sys/DC/YX/CLT,E-170,5.1,sys,DC,YX,,CLT,E-170,65.62,273,416,68.91,5.00%,0.1625,286.65,416,Cascaded,2027,286.65,416
D0,sys/DC/YX/CLT,E-175,5.1,sys,DC,YX,,CLT,E-175,74.96,1407,1877,78.71,5.00%,0.8375,1477.35,1877,Cascaded,2027,1477.35,1877
D0,sys/DC/YX/CMH,E-170,5.1,sys,DC,YX,,CMH,E-170,80.51,446,554,84.53,5.00%,0.14368556701030927,468.3,554,Cascaded,2027,468.29999999999995,554
D0,sys/DC/YX/CMH,E-175,5.1,sys,DC,YX,,CMH,E-175,75.21,2658,3534,78.97,5.00%,0.8563144329896907,2790.9,3534,Cascaded,2027,2790.8999999999996,3534
D0,sys/DC/YX/CVG,E-170,5.1,sys,DC,YX,,CVG,E-170,72.29,120,166,75.9,5.00%,0.13498312710911137,126.0,166,Cascaded,2027,125.99999999999999,166
D0,sys/DC/YX/CVG,E-175,5.1,sys,DC,YX,,CVG,E-175,67.52,769,1139,70.89,5.00%,0.8650168728908887,807.45,1139,Cascaded,2027,807.4499999999999,1139
D0,sys/DC/YX/DCA,E-170,5.1,sys,DC,YX,,DCA,E-170,71.94,1959,2723,75.54,5.00%,0.3632486556647506,2056.95,2723,Cascaded,2027,2056.95,2723
D0,sys/DC/YX/DCA,E-175,5.1,sys,DC,YX,,DCA,E-175,67.61,3434,5079,70.99,5.00%,0.6367513443352494,3605.7,5079,Cascaded,2027,3605.7,5079
D0,sys/DC/YX/DTW,E-170,5.1,sys,DC,YX,,DTW,E-170,74.07,20,27,77.78,5.00%,0.011580775911986103,21.0,27,Cascaded,2027,21.0,27
D0,sys/DC/YX/DTW,E-175,5.1,sys,DC,YX,,DTW,E-175,72.7,1707,2348,76.34,5.00%,0.9884192240880139,1792.35,2348,Cascaded,2027,1792.35,2348
D0,sys/DC/YX/ECP,E-175,5.1,sys,DC,YX,,ECP,E-175,66.67,4,6,70.0,5.00%,1.0,4.2,6,Cascaded,2027,4.2,6
D0,sys/DC/YX/EWR,E-170,5.1,sys,DC,YX,,EWR,E-170,47.12,90,191,49.48,5.00%,0.15280135823429541,94.5,191,Cascaded,2027,94.49999999999999,191
D0,sys/DC/YX/EWR,E-175,5.1,sys,DC,YX,,EWR,E-175,67.34,499,741,70.71,5.00%,0.8471986417657046,523.95,741,Cascaded,2027,523.9499999999999,741
D0,sys/DC/YX/EYW,E-170,5.1,sys,DC,YX,,EYW,E-170,64.18,86,134,67.39,5.00%,1.0,90.3,134,Cascaded,2027,90.3,134
D0,sys/DC/YX/GRR,E-170,5.1,sys,DC,YX,,GRR,E-170,79.18,289,365,83.14,5.00%,0.4522691705790297,303.45,365,Cascaded,2027,303.45,365
D0,sys/DC/YX/GRR,E-175,5.1,sys,DC,YX,,GRR,E-175,72.92,350,480,76.56,5.00%,0.5477308294209703,367.5,480,Cascaded,2027,367.49999999999994,480
D0,sys/DC/YX/GSO,E-170,5.1,sys,DC,YX,,GSO,E-170,66.18,135,204,69.49,5.00%,0.3,141.75,204,Cascaded,2027,141.75,204
D0,sys/DC/YX/GSO,E-175,5.1,sys,DC,YX,,GSO,E-175,76.27,315,413,80.08,5.00%,0.7,330.75,413,Cascaded,2027,330.75,413
D0,sys/DC/YX/HHH,E-170,5.1,sys,DC,YX,,HHH,E-170,70.65,272,385,74.18,5.00%,1.0,285.6,385,Cascaded,2027,285.59999999999997,385
D0,sys/DC/YX/IAD,E-175,5.1,sys,DC,YX,,IAD,E-175,68.29,56,82,71.71,5.00%,1.0,58.8,82,Cascaded,2027,58.8,82
D0,sys/DC/YX/ILM,E-175,5.1,sys,DC,YX,,ILM,E-175,66.67,38,57,70.0,5.00%,1.0,39.9,57,Cascaded,2027,39.9,57
D0,sys/DC/YX/IND,E-170,5.1,sys,DC,YX,,IND,E-170,81.0,422,521,85.05,5.00%,0.2476525821596244,443.1,521,Cascaded,2027,443.09999999999997,521
D0,sys/DC/YX/IND,E-175,5.1,sys,DC,YX,,IND,E-175,74.53,1282,1720,78.26,5.00%,0.7523474178403756,1346.1,1720,Cascaded,2027,1346.1,1720
D0,sys/DC/YX/JAX,E-170,5.1,sys,DC,YX,,JAX,E-170,80.77,21,26,84.81,5.00%,0.024277456647398842,22.05,26,Cascaded,2027,22.05,26
D0,sys/DC/YX/JAX,E-175,5.1,sys,DC,YX,,JAX,E-175,69.29,844,1218,72.76,5.00%,0.9757225433526011,886.2,1218,Cascaded,2027,886.2,1218
D0,sys/DC/YX/JFK,E-170,5.1,sys,DC,YX,,JFK,E-170,100.0,1,1,105.0,5.00%,0.0002748007694421544,1.05,1,Cascaded,2027,1.05,1
D0,sys/DC/YX/JFK,E-175,5.1,sys,DC,YX,,JFK,E-175,70.44,3638,5165,73.96,5.00%,0.9997251992305578,3819.9,5165,Cascaded,2027,3819.8999999999996,5165
D0,sys/DC/YX/LEX,E-170,5.1,sys,DC,YX,,LEX,E-170,86.53,302,349,90.86,5.00%,0.601593625498008,317.1,349,Cascaded,2027,317.1,349
D0,sys/DC/YX/LEX,E-175,5.1,sys,DC,YX,,LEX,E-175,75.19,200,266,78.95,5.00%,0.398406374501992,210.0,266,Cascaded,2027,210.0,266
D0,sys/DC/YX/LGA,E-170,5.1,sys,DC,YX,,LGA,E-170,71.41,4427,6199,74.99,5.00%,0.29436797659418845,4648.35,6199,Cascaded,2027,4648.349999999999,6199
D0,sys/DC/YX/LGA,E-175,5.1,sys,DC,YX,,LGA,E-175,69.51,10612,15267,72.98,5.00%,0.7056320234058115,11142.6,15267,Cascaded,2027,11142.599999999999,15267
D0,sys/DC/YX/MCI,E-170,5.1,sys,DC,YX,,MCI,E-170,72.55,37,51,76.18,5.00%,0.11384615384615385,38.85,51,Cascaded,2027,38.85,51
D0,sys/DC/YX/MCI,E-175,5.1,sys,DC,YX,,MCI,E-175,73.66,288,391,77.34,5.00%,0.8861538461538462,302.4,391,Cascaded,2027,302.4,391
D0,sys/DC/YX/MCO,E-170,5.1,sys,DC,YX,,MCO,E-170,0.0,0,1,0.0,0.00%,0.0,0.0,1,Cascaded,2027,0.0,1
D0,sys/DC/YX/MCO,E-175,5.1,sys,DC,YX,,MCO,E-175,72.49,490,676,76.11,5.00%,1.0,514.5,676,Cascaded,2027,514.5,676
D0,sys/DC/YX/MEM,E-170,5.1,sys,DC,YX,,MEM,E-170,68.12,156,229,71.53,5.00%,0.287292817679558,163.8,229,Cascaded,2027,163.79999999999998,229
D0,sys/DC/YX/MEM,E-175,5.1,sys,DC,YX,,MEM,E-175,81.47,387,475,85.55,5.00%,0.712707182320442,406.35,475,Cascaded,2027,406.34999999999997,475
D0,sys/DC/YX/MIA,E-175,5.1,sys,DC,YX,,MIA,E-175,68.54,220,321,71.96,5.00%,1.0,231.0,321,Cascaded,2027,231.0,321
D0,sys/DC/YX/MKE,E-170,5.1,sys,DC,YX,,MKE,E-170,71.39,262,367,74.96,5.00%,0.28324324324324324,275.1,367,Cascaded,2027,275.1,367
D0,sys/DC/YX/MKE,E-175,5.1,sys,DC,YX,,MKE,E-175,72.62,663,913,76.25,5.00%,0.7167567567567568,696.15,913,Cascaded,2027,696.15,913
D0,sys/DC/YX/MSN,E-170,5.1,sys,DC,YX,,MSN,E-170,76.05,381,501,79.85,5.00%,0.5781487101669196,400.05,501,Cascaded,2027,400.04999999999995,501
D0,sys/DC/YX/MSN,E-175,5.1,sys,DC,YX,,MSN,E-175,78.75,278,353,82.69,5.00%,0.4218512898330804,291.9,353,Cascaded,2027,291.9,353
D0,sys/DC/YX/MVY,E-170,5.1,sys,DC,YX,,MVY,E-170,67.9,55,81,71.3,5.00%,0.2412280701754386,57.75,81,Cascaded,2027,57.74999999999999,81
D0,sys/DC/YX/MVY,E-175,5.1,sys,DC,YX,,MVY,E-175,74.57,173,232,78.3,5.00%,0.7587719298245614,181.65,232,Cascaded,2027,181.64999999999998,232
D0,sys/DC/YX/MYR,E-170,5.1,sys,DC,YX,,MYR,E-170,77.78,21,27,81.67,5.00%,0.3559322033898305,22.05,27,Cascaded,2027,22.049999999999997,27
D0,sys/DC/YX/MYR,E-175,5.1,sys,DC,YX,,MYR,E-175,86.36,38,44,90.68,5.00%,0.6440677966101694,39.9,44,Cascaded,2027,39.9,44
D0,sys/DC/YX/OMA,E-170,5.1,sys,DC,YX,,OMA,E-170,82.83,246,297,86.97,5.00%,0.984,258.3,297,Cascaded,2027,258.3,297
D0,sys/DC/YX/OMA,E-175,5.1,sys,DC,YX,,OMA,E-175,57.14,4,7,60.0,5.00%,0.016,4.2,7,Cascaded,2027,4.2,7
D0,sys/DC/YX/ORD,E-170,5.1,sys,DC,YX,,ORD,E-170,66.67,8,12,70.0,5.00%,0.011644832605531296,8.4,12,Cascaded,2027,8.4,12
D0,sys/DC/YX/ORD,E-175,5.1,sys,DC,YX,,ORD,E-175,66.18,679,1026,69.49,5.00%,0.9883551673944687,712.95,1026,Cascaded,2027,712.95,1026
D0,sys/DC/YX/ORF,E-170,5.1,sys,DC,YX,,ORF,E-170,71.03,152,214,74.58,5.00%,0.2699822380106572,159.6,214,Cascaded,2027,159.6,214
D0,sys/DC/YX/ORF,E-175,5.1,sys,DC,YX,,ORF,E-175,75.83,411,542,79.62,5.00%,0.7300177619893428,431.55,542,Cascaded,2027,431.54999999999995,542
D0,sys/DC/YX/PHL,E-170,5.1,sys,DC,YX,,PHL,E-170,75.0,225,300,78.75,5.00%,0.2720677146311971,236.25,300,Cascaded,2027,236.24999999999997,300
D0,sys/DC/YX/PHL,E-175,5.1,sys,DC,YX,,PHL,E-175,70.99,602,848,74.54,5.00%,0.727932285368803,632.1,848,Cascaded,2027,632.0999999999999,848
D0,sys/DC/YX/PIT,E-170,5.1,sys,DC,YX,,PIT,E-170,79.31,483,609,83.28,5.00%,0.18793774319066148,507.15,609,Cascaded,2027,507.15,609
D0,sys/DC/YX/PIT,E-175,5.1,sys,DC,YX,,PIT,E-175,76.98,2087,2711,80.83,5.00%,0.8120622568093385,2191.35,2711,Cascaded,2027,2191.35,2711
D0,sys/DC/YX/PNS,E-175,5.1,sys,DC,YX,,PNS,E-175,83.33,5,6,87.5,5.00%,1.0,5.25,6,Cascaded,2027,5.25,6
D0,sys/DC/YX/PWM,E-170,5.1,sys,DC,YX,,PWM,E-170,60.62,97,160,63.66,5.00%,0.17446043165467626,101.85,160,Cascaded,2027,101.85,160
D0,sys/DC/YX/PWM,E-175,5.1,sys,DC,YX,,PWM,E-175,72.86,459,630,76.5,5.00%,0.8255395683453237,481.95,630,Cascaded,2027,481.94999999999993,630
D0,sys/DC/YX/RDU,E-170,5.1,sys,DC,YX,,RDU,E-170,44.19,38,86,46.4,5.00%,0.08577878103837472,39.9,86,Cascaded,2027,39.9,86
D0,sys/DC/YX/RDU,E-175,5.1,sys,DC,YX,,RDU,E-175,70.93,405,571,74.47,5.00%,0.9142212189616253,425.25,571,Cascaded,2027,425.25,571
D0,sys/DC/YX/RIC,E-170,5.1,sys,DC,YX,,RIC,E-170,77.63,583,751,81.51,5.00%,0.4328136599851522,612.15,751,Cascaded,2027,612.15,751
D0,sys/DC/YX/RIC,E-175,5.1,sys,DC,YX,,RIC,E-175,72.35,764,1056,75.97,5.00%,0.5671863400148478,802.2,1056,Cascaded,2027,802.1999999999999,1056
D0,sys/DC/YX/SAV,E-170,5.1,sys,DC,YX,,SAV,E-170,30.0,3,10,31.5,5.00%,0.00424929178470255,3.15,10,Cascaded,2027,3.15,10
D0,sys/DC/YX/SAV,E-175,5.1,sys,DC,YX,,SAV,E-175,66.2,703,1062,69.51,5.00%,0.9957507082152974,738.15,1062,Cascaded,2027,738.15,1062
D0,sys/DC/YX/SBN,E-175,5.1,sys,DC,YX,,SBN,E-175,90.0,9,10,94.5,5.00%,1.0,9.45,10,Cascaded,2027,9.45,10
D0,sys/DC/YX/SDF,E-170,5.1,sys,DC,YX,,SDF,E-170,76.39,110,144,80.21,5.00%,0.08627450980392157,115.5,144,Cascaded,2027,115.5,144
D0,sys/DC/YX/SDF,E-175,5.1,sys,DC,YX,,SDF,E-175,77.2,1165,1509,81.06,5.00%,0.9137254901960784,1223.25,1509,Cascaded,2027,1223.25,1509
D0,sys/DC/YX/SRQ,E-170,5.1,sys,DC,YX,,SRQ,E-170,0.0,0,1,0.0,0.00%,0.0,0.0,1,Cascaded,2027,0.0,1
D0,sys/DC/YX/SRQ,E-175,5.1,sys,DC,YX,,SRQ,E-175,46.45,72,155,48.77,5.00%,1.0,75.6,155,Cascaded,2027,75.6,155
D0,sys/DC/YX/STL,E-170,5.1,sys,DC,YX,,STL,E-170,77.3,126,163,81.17,5.00%,0.5779816513761468,132.3,163,Cascaded,2027,132.29999999999998,163
D0,sys/DC/YX/STL,E-175,5.1,sys,DC,YX,,STL,E-175,68.66,92,134,72.09,5.00%,0.42201834862385323,96.6,134,Cascaded,2027,96.6,134
D0,sys/DC/YX/SYR,E-170,5.1,sys,DC,YX,,SYR,E-170,56.92,37,65,59.77,5.00%,0.20903954802259886,38.85,65,Cascaded,2027,38.85,65
D0,sys/DC/YX/SYR,E-175,5.1,sys,DC,YX,,SYR,E-175,74.07,140,189,77.78,5.00%,0.7909604519774012,147.0,189,Cascaded,2027,147.0,189
D0,sys/DC/YX/TVC,E-170,5.1,sys,DC,YX,,TVC,E-170,100.0,1,1,105.0,5.00%,0.03125,1.05,1,Cascaded,2027,1.05,1
D0,sys/DC/YX/TVC,E-175,5.1,sys,DC,YX,,TVC,E-175,75.61,31,41,79.39,5.00%,0.96875,32.55,41,Cascaded,2027,32.550000000000004,41
D0,sys/DL/DL/ABQ,319,5.1,sys,DL,DL,,ABQ,319,100.0,23,23,105.0,5.00%,0.025555555555555557,24.15,23,Cascaded,2027,24.15,23
D0,sys/DL/DL/ABQ,320,5.1,sys,DL,DL,,ABQ,320,88.57,124,140,93.0,5.00%,0.13777777777777778,130.2,140,Cascaded,2027,130.2,140
D0,sys/DL/DL/ABQ,321,5.1,sys,DL,DL,,ABQ,321,100.0,3,3,105.0,5.00%,0.0033333333333333335,3.15,3,Cascaded,2027,3.15,3
D0,sys/DL/DL/ABQ,738,5.1,sys,DL,DL,,ABQ,738,56.25,36,64,59.06,5.00%,0.04,37.8,64,Cascaded,2027,37.8,64
D0,sys/DL/DL/ABQ,739,5.1,sys,DL,DL,,ABQ,739,78.55,714,909,82.48,5.00%,0.7933333333333333,749.7,909,Cascaded,2027,749.7,909
D0,sys/DL/DL/ACC,332,5.1,sys,DL,DL,,ACC,332,55.0,11,20,57.75,5.00%,0.05188679245283019,11.55,20,Cascaded,2027,11.549999999999999,20
D0,sys/DL/DL/ACC,339,5.1,sys,DL,DL,,ACC,339,52.07,201,386,54.68,5.00%,0.9481132075471698,211.05,386,Cascaded,2027,211.04999999999998,386
D0,sys/DL/DL/AGS,717,5.1,sys,DL,DL,,AGS,717,66.05,391,592,69.35,5.00%,0.9974489795918368,410.55,592,Cascaded,2027,410.55,592
D0,sys/DL/DL/AGS,757,5.1,sys,DL,DL,,AGS,757,100.0,1,1,105.0,5.00%,0.002551020408163265,1.05,1,Cascaded,2027,1.05,1
D0,sys/DL/DL/AKL,359,5.1,sys,DL,DL,,AKL,359,0.0,0,1,0.0,0.00%,0.0,0.0,1,Cascaded,2027,0.0,1
D0,sys/DL/DL/AKL,35H,5.1,sys,DL,DL,,AKL,35H,66.67,16,24,70.0,5.00%,0.10810810810810811,16.8,24,Cascaded,2027,16.8,24
D0,sys/DL/DL/AKL,35J,5.1,sys,DL,DL,,AKL,35J,83.02,132,159,87.17,5.00%,0.8918918918918919,138.6,159,Cascaded,2027,138.6,159
D0,sys/DL/DL/ALB,319,5.1,sys,DL,DL,,ALB,319,75.91,208,274,79.71,5.00%,0.23717217787913342,218.4,274,Cascaded,2027,218.4,274
D0,sys/DL/DL/ALB,320,5.1,sys,DL,DL,,ALB,320,67.98,501,737,71.38,5.00%,0.5712656784492588,526.05,737,Cascaded,2027,526.05,737
D0,sys/DL/DL/ALB,321,5.1,sys,DL,DL,,ALB,321,54.19,168,310,56.9,5.00%,0.19156214367160776,176.4,310,Cascaded,2027,176.4,310
D0,sys/DL/DL/ALB,717,5.1,sys,DL,DL,,ALB,717,0.0,0,2,0.0,0.00%,0.0,0.0,2,Cascaded,2027,0.0,2
D0,sys/DL/DL/AMS,333,5.1,sys,DL,DL,,AMS,333,37.85,900,2378,39.74,5.00%,0.4893964110929853,945.0,2378,Cascaded,2027,945.0,2378
D0,sys/DL/DL/AMS,339,5.1,sys,DL,DL,,AMS,339,34.7,832,2398,36.43,5.00%,0.4524197933659598,873.6,2398,Cascaded,2027,873.6,2398
D0,sys/DL/DL/AMS,359,5.1,sys,DL,DL,,AMS,359,24.76,76,307,25.99,5.00%,0.0413268080478521,79.8,307,Cascaded,2027,79.8,307
D0,sys/DL/DL/AMS,35H,5.1,sys,DL,DL,,AMS,35H,20.59,7,34,21.62,5.00%,0.0038064165307232192,7.35,34,Cascaded,2027,7.3500000000000005,34
D0,sys/DL/DL/AMS,35J,5.1,sys,DL,DL,,AMS,35J,17.86,20,112,18.75,5.00%,0.010875475802066341,21.0,112,Cascaded,2027,21.0,112
D0,sys/DL/DL/AMS,35L,5.1,sys,DL,DL,,AMS,35L,3.51,4,114,3.68,5.00%,0.002175095160413268,4.2,114,Cascaded,2027,4.2,114
D0,sys/DL/DL/AMS,763,5.1,sys,DL,DL,,AMS,763,0.0,0,8,0.0,0.00%,0.0,0.0,8,Cascaded,2027,0.0,8
D0,sys/DL/DL/ANC,220,5.1,sys,DL,DL,,ANC,220,75.28,612,813,79.04,5.00%,0.3269230769230769,642.6,813,Cascaded,2027,642.6,813
D0,sys/DL/DL/ANC,321,5.1,sys,DL,DL,,ANC,321,64.48,570,884,67.7,5.00%,0.30448717948717946,598.5,884,Cascaded,2027,598.5,884
D0,sys/DL/DL/ANC,738,5.1,sys,DL,DL,,ANC,738,78.42,556,709,82.34,5.00%,0.297008547008547,583.8,709,Cascaded,2027,583.8,709
D0,sys/DL/DL/ANC,739,5.1,sys,DL,DL,,ANC,739,81.34,109,134,85.41,5.00%,0.05822649572649573,114.45,134,Cascaded,2027,114.44999999999999,134
D0,sys/DL/DL/ANC,757,5.1,sys,DL,DL,,ANC,757,20.0,2,10,21.0,5.00%,0.0010683760683760685,2.1,10,Cascaded,2027,2.1,10
D0,sys/DL/DL/ANC,763,5.1,sys,DL,DL,,ANC,763,15.03,23,153,15.78,5.00%,0.012286324786324786,24.15,153,Cascaded,2027,24.15,153
D0,sys/DL/DL/ANU,738,5.1,sys,DL,DL,,ANU,738,45.0,36,80,47.25,5.00%,1.0,37.8,80,Cascaded,2027,37.8,80
D0,sys/DL/DL/ANU,739,5.1,sys,DL,DL,,ANU,739,0.0,0,2,0.0,0.00%,0.0,0.0,2,Cascaded,2027,0.0,2
D0,sys/DL/DL/ARN,763,5.1,sys,DL,DL,,ARN,763,63.08,123,195,66.23,5.00%,1.0,129.15,195,Cascaded,2027,129.15,195
D0,sys/DL/DL/ATH,333,5.1,sys,DL,DL,,ATH,333,66.57,219,329,69.89,5.00%,0.31647398843930635,229.95,329,Cascaded,2027,229.95000000000002,329
D0,sys/DL/DL/ATH,339,5.1,sys,DL,DL,,ATH,339,70.81,473,668,74.35,5.00%,0.6835260115606936,496.65,668,Cascaded,2027,496.65000000000003,668
D0,sys/DL/DL/ATL,220,5.1,sys,DL,DL,,ATL,220,60.6,872,1439,63.63,5.00%,0.005120856921378403,915.6,1439,Cascaded,2027,915.6,1439
D0,sys/DL/DL/ATL,319,5.1,sys,DL,DL,,ATL,319,69.17,5397,7803,72.62,5.00%,0.031694111014540415,5666.85,7803,Cascaded,2027,5666.85,7803
D0,sys/DL/DL/ATL,320,5.1,sys,DL,DL,,ATL,320,63.59,8594,13514,66.77,5.00%,0.05046862887881422,9023.7,13514,Cascaded,2027,9023.7,13514
D0,sys/DL/DL/ATL,321,5.1,sys,DL,DL,,ATL,321,58.33,33766,57890,61.24,5.00%,0.19829226468722838,35454.3,57890,Cascaded,2027,35454.3,57890
D0,sys/DL/DL/ATL,332,5.1,sys,DL,DL,,ATL,332,56.1,589,1050,58.9,5.00%,0.003458927438866834,618.45,1050,Cascaded,2027,618.45,1050
D0,sys/DL/DL/ATL,333,5.1,sys,DL,DL,,ATL,333,49.56,1513,3053,52.04,5.00%,0.008885156561978812,1588.65,3053,Cascaded,2027,1588.65,3053
D0,sys/DL/DL/ATL,339,5.1,sys,DL,DL,,ATL,339,53.94,1349,2501,56.64,5.00%,0.007922059618049846,1416.45,2501,Cascaded,2027,1416.45,2501
D0,sys/DL/DL/ATL,359,5.1,sys,DL,DL,,ATL,359,31.96,140,438,33.56,5.00%,0.000822155927744239,147.0,438,Cascaded,2027,147.0,438
D0,sys/DL/DL/ATL,35H,5.1,sys,DL,DL,,ATL,35H,46.38,826,1781,48.7,5.00%,0.0048507199736910105,867.3,1781,Cascaded,2027,867.3000000000001,1781
D0,sys/DL/DL/ATL,35J,5.1,sys,DL,DL,,ATL,35J,47.7,145,304,50.08,5.00%,0.0008515186394493905,152.25,304,Cascaded,2027,152.25,304
D0,sys/DL/DL/ATL,35L,5.1,sys,DL,DL,,ATL,35L,24.48,82,335,25.7,5.00%,0.00048154847196448284,86.1,335,Cascaded,2027,86.10000000000001,335
D0,sys/DL/DL/ATL,717,5.1,sys,DL,DL,,ATL,717,69.18,37296,53911,72.64,5.00%,0.21902233915106528,39160.8,53911,Cascaded,2027,39160.8,53911
D0,sys/DL/DL/ATL,738,5.1,sys,DL,DL,,ATL,738,64.85,11857,18283,68.1,5.00%,0.06963073453759602,12449.85,18283,Cascaded,2027,12449.85,18283
D0,sys/DL/DL/ATL,739,5.1,sys,DL,DL,,ATL,739,71.42,43975,61570,74.99,5.00%,0.2582450494468065,46173.75,61570,Cascaded,2027,46173.75,61570
D0,sys/DL/DL/ATL,757,5.1,sys,DL,DL,,ATL,757,56.1,20626,36764,58.91,5.00%,0.12112705832609053,21657.3,36764,Cascaded,2027,21657.300000000003,36764
D0,sys/DL/DL/ATL,763,5.1,sys,DL,DL,,ATL,763,54.9,1619,2949,57.64,5.00%,0.009507646050128021,1699.95,2949,Cascaded,2027,1699.95,2949
D0,sys/DL/DL/ATL,764,5.1,sys,DL,DL,,ATL,764,57.59,1638,2844,60.47,5.00%,0.009619224354607596,1719.9,2844,Cascaded,2027,1719.9,2844
D0,sys/DL/DL/ATW,319,5.1,sys,DL,DL,,ATW,319,100.0,1,1,105.0,5.00%,0.003125,1.05,1,Cascaded,2027,1.05,1
D0,sys/DL/DL/ATW,320,5.1,sys,DL,DL,,ATW,320,70.21,33,47,73.72,5.00%,0.103125,34.65,47,Cascaded,2027,34.65,47
D0,sys/DL/DL/ATW,717,5.1,sys,DL,DL,,ATW,717,80.0,124,155,84.0,5.00%,0.3875,130.2,155,Cascaded,2027,130.2,155
D0,sys/DL/DL/ATW,738,5.1,sys,DL,DL,,ATW,738,73.18,161,220,76.84,5.00%,0.503125,169.05,220,Cascaded,2027,169.05,220
D0,sys/DL/DL/ATW,739,5.1,sys,DL,DL,,ATW,739,100.0,1,1,105.0,5.00%,0.003125,1.05,1,Cascaded,2027,1.05,1
D0,sys/DL/DL/AUA,321,5.1,sys,DL,DL,,AUA,321,70.72,459,649,74.26,5.00%,0.5968790637191157,481.95,649,Cascaded,2027,481.95000000000005,649
D0,sys/DL/DL/AUA,738,5.1,sys,DL,DL,,AUA,738,50.0,2,4,52.5,5.00%,0.002600780234070221,2.1,4,Cascaded,2027,2.1,4
D0,sys/DL/DL/AUA,739,5.1,sys,DL,DL,,AUA,739,76.32,290,380,80.13,5.00%,0.37711313394018203,304.5,380,Cascaded,2027,304.5,380
D0,sys/DL/DL/AUA,757,5.1,sys,DL,DL,,AUA,757,58.06,18,31,60.97,5.00%,0.02340702210663199,18.9,31,Cascaded,2027,18.900000000000002,31
D0,sys/DL/DL/AUS,220,5.1,sys,DL,DL,,AUS,220,63.96,1805,2822,67.16,5.00%,0.20395480225988702,1895.25,2822,Cascaded,2027,1895.25,2822
D0,sys/DL/DL/AUS,319,5.1,sys,DL,DL,,AUS,319,76.16,1281,1682,79.97,5.00%,0.1447457627118644,1345.05,1682,Cascaded,2027,1345.05,1682
D0,sys/DL/DL/AUS,320,5.1,sys,DL,DL,,AUS,320,70.25,2210,3146,73.76,5.00%,0.2497175141242938,2320.5,3146,Cascaded,2027,2320.5,3146
D0,sys/DL/DL/AUS,321,5.1,sys,DL,DL,,AUS,321,66.12,1893,2863,69.43,5.00%,0.21389830508474575,1987.65,2863,Cascaded,2027,1987.65,2863
D0,sys/DL/DL/AUS,738,5.1,sys,DL,DL,,AUS,738,72.2,740,1025,75.8,5.00%,0.08361581920903954,777.0,1025,Cascaded,2027,777.0,1025
D0,sys/DL/DL/AUS,739,5.1,sys,DL,DL,,AUS,739,69.35,921,1328,72.82,5.00%,0.10406779661016949,967.05,1328,Cascaded,2027,967.05,1328
D0,sys/DL/DL/AVL,717,5.1,sys,DL,DL,,AVL,717,65.35,1320,2020,68.61,5.00%,1.0,1386.0,2020,Cascaded,2027,1386.0,2020
D0,sys/DL/DL/BCN,332,5.1,sys,DL,DL,,BCN,332,0.0,0,1,0.0,0.00%,0.0,0.0,1,Cascaded,2027,0.0,1
D0,sys/DL/DL/BCN,333,5.1,sys,DL,DL,,BCN,333,54.14,183,338,56.85,5.00%,0.34790874524714827,192.15,338,Cascaded,2027,192.14999999999998,338
D0,sys/DL/DL/BCN,339,5.1,sys,DL,DL,,BCN,339,57.89,143,247,60.79,5.00%,0.2718631178707224,150.15,247,Cascaded,2027,150.14999999999998,247
D0,sys/DL/DL/BCN,35H,5.1,sys,DL,DL,,BCN,35H,0.0,0,2,0.0,0.00%,0.0,0.0,2,Cascaded,2027,0.0,2
D0,sys/DL/DL/BCN,35J,5.1,sys,DL,DL,,BCN,35J,26.47,9,34,27.79,5.00%,0.017110266159695818,9.45,34,Cascaded,2027,9.45,34
D0,sys/DL/DL/BCN,35L,5.1,sys,DL,DL,,BCN,35L,9.52,2,21,10.0,5.00%,0.0038022813688212928,2.1,21,Cascaded,2027,2.0999999999999996,21
D0,sys/DL/DL/BCN,763,5.1,sys,DL,DL,,BCN,763,40.0,12,30,42.0,5.00%,0.022813688212927757,12.6,30,Cascaded,2027,12.6,30
D0,sys/DL/DL/BCN,764,5.1,sys,DL,DL,,BCN,764,75.97,177,233,79.76,5.00%,0.3365019011406844,185.85,233,Cascaded,2027,185.85,233
D0,sys/DL/DL/BDA,319,5.1,sys,DL,DL,,BDA,319,76.82,275,358,80.66,5.00%,1.0,288.75,358,Cascaded,2027,288.75,358
D0,sys/DL/DL/BDL,220,5.1,sys,DL,DL,,BDL,220,84.21,16,19,88.42,5.00%,0.005702066999287242,16.8,19,Cascaded,2027,16.8,19
D0,sys/DL/DL/BDL,319,5.1,sys,DL,DL,,BDL,319,79.57,222,279,83.55,5.00%,0.07911617961511047,233.1,279,Cascaded,2027,233.10000000000002,279
D0,sys/DL/DL/BDL,320,5.1,sys,DL,DL,,BDL,320,66.32,1264,1906,69.63,5.00%,0.4504632929436921,1327.2,1906,Cascaded,2027,1327.2,1906
D0,sys/DL/DL/BDL,321,5.1,sys,DL,DL,,BDL,321,61.78,540,874,64.87,5.00%,0.1924447612259444,567.0,874,Cascaded,2027,567.0,874
D0,sys/DL/DL/BDL,717,5.1,sys,DL,DL,,BDL,717,74.46,481,646,78.18,5.00%,0.1714183891660727,505.05,646,Cascaded,2027,505.05,646
D0,sys/DL/DL/BDL,738,5.1,sys,DL,DL,,BDL,738,46.67,14,30,49.0,5.00%,0.004989308624376337,14.7,30,Cascaded,2027,14.700000000000001,30
D0,sys/DL/DL/BDL,739,5.1,sys,DL,DL,,BDL,739,63.44,269,424,66.62,5.00%,0.09586600142551675,282.45,424,Cascaded,2027,282.45000000000005,424
D0,sys/DL/DL/BER,333,5.1,sys,DL,DL,,BER,333,50.0,1,2,52.5,5.00%,0.00909090909090909,1.05,2,Cascaded,2027,1.05,2
D0,sys/DL/DL/BER,763,5.1,sys,DL,DL,,BER,763,63.53,54,85,66.71,5.00%,0.4909090909090909,56.7,85,Cascaded,2027,56.7,85
D0,sys/DL/DL/BER,764,5.1,sys,DL,DL,,BER,764,48.25,55,114,50.66,5.00%,0.5,57.75,114,Cascaded,2027,57.75,114
D0,sys/DL/DL/BGI,738,5.1,sys,DL,DL,,BGI,738,71.04,211,297,74.6,5.00%,1.0,221.55,297,Cascaded,2027,221.55,297
D0,sys/DL/DL/BGR,320,5.1,sys,DL,DL,,BGR,320,28.57,2,7,30.0,5.00%,0.15384615384615385,2.1,7,Cascaded,2027,2.1,7
D0,sys/DL/DL/BGR,321,5.1,sys,DL,DL,,BGR,321,52.38,11,21,55.0,5.00%,0.8461538461538461,11.55,21,Cascaded,2027,11.55,21
D0,sys/DL/DL/BGR,717,5.1,sys,DL,DL,,BGR,717,0.0,0,1,0.0,0.00%,0.0,0.0,1,Cascaded,2027,0.0,1
D0,sys/DL/DL/BHM,319,5.1,sys,DL,DL,,BHM,319,50.0,2,4,52.5,5.00%,0.0008058017727639,2.1,4,Cascaded,2027,2.1,4
D0,sys/DL/DL/BHM,320,5.1,sys,DL,DL,,BHM,320,70.0,7,10,73.5,5.00%,0.0028203062046736503,7.35,10,Cascaded,2027,7.35,10
D0,sys/DL/DL/BHM,321,5.1,sys,DL,DL,,BHM,321,45.45,5,11,47.73,5.00%,0.00201450443190975,5.25,11,Cascaded,2027,5.25,11
D0,sys/DL/DL/BHM,717,5.1,sys,DL,DL,,BHM,717,75.54,1109,1468,79.32,5.00%,0.4468170829975826,1164.45,1468,Cascaded,2027,1164.45,1468
D0,sys/DL/DL/BHM,738,5.1,sys,DL,DL,,BHM,738,73.94,139,188,77.63,5.00%,0.05600322320709106,145.95,188,Cascaded,2027,145.95,188
D0,sys/DL/DL/BHM,739,5.1,sys,DL,DL,,BHM,739,78.16,1220,1561,82.06,5.00%,0.49153908138597907,1281.0,1561,Cascaded,2027,1281.0,1561
D0,sys/DL/DL/BIL,319,5.1,sys,DL,DL,,BIL,319,96.15,50,52,100.96,5.00%,0.0748502994011976,52.5,52,Cascaded,2027,52.5,52
D0,sys/DL/DL/BIL,320,5.1,sys,DL,DL,,BIL,320,92.36,447,484,96.97,5.00%,0.6691616766467066,469.35,484,Cascaded,2027,469.34999999999997,484
D0,sys/DL/DL/BIL,321,5.1,sys,DL,DL,,BIL,321,87.72,50,57,92.11,5.00%,0.0748502994011976,52.5,57,Cascaded,2027,52.5,57
D0,sys/DL/DL/BIL,738,5.1,sys,DL,DL,,BIL,738,100.0,6,6,105.0,5.00%,0.008982035928143712,6.3,6,Cascaded,2027,6.3,6
D0,sys/DL/DL/BIL,739,5.1,sys,DL,DL,,BIL,739,91.27,115,126,95.83,5.00%,0.1721556886227545,120.75,126,Cascaded,2027,120.75,126
D0,sys/DL/DL/BIS,220,5.1,sys,DL,DL,,BIS,220,75.0,18,24,78.75,5.00%,0.06382978723404255,18.9,24,Cascaded,2027,18.900000000000002,24
D0,sys/DL/DL/BIS,319,5.1,sys,DL,DL,,BIS,319,60.8,76,125,63.84,5.00%,0.2695035460992908,79.8,125,Cascaded,2027,79.80000000000001,125
D0,sys/DL/DL/BIS,320,5.1,sys,DL,DL,,BIS,320,78.11,132,169,82.01,5.00%,0.46808510638297873,138.6,169,Cascaded,2027,138.60000000000002,169
D0,sys/DL/DL/BIS,717,5.1,sys,DL,DL,,BIS,717,64.37,56,87,67.59,5.00%,0.19858156028368795,58.8,87,Cascaded,2027,58.800000000000004,87
D0,sys/DL/DL/BNA,220,5.1,sys,DL,DL,,BNA,220,60.74,687,1131,63.78,5.00%,0.10357304387155133,721.35,1131,Cascaded,2027,721.3499999999999,1131
D0,sys/DL/DL/BNA,319,5.1,sys,DL,DL,,BNA,319,77.78,427,549,81.67,5.00%,0.06437509422584049,448.35,549,Cascaded,2027,448.34999999999997,549
D0,sys/DL/DL/BNA,320,5.1,sys,DL,DL,,BNA,320,66.93,421,629,70.28,5.00%,0.06347052615709332,442.05,629,Cascaded,2027,442.04999999999995,629
D0,sys/DL/DL/BNA,321,5.1,sys,DL,DL,,BNA,321,69.93,200,286,73.43,5.00%,0.03015226895823911,210.0,286,Cascaded,2027,210.0,286
D0,sys/DL/DL/BNA,717,5.1,sys,DL,DL,,BNA,717,75.6,824,1090,79.38,5.00%,0.12422734810794513,865.2,1090,Cascaded,2027,865.1999999999999,1090
D0,sys/DL/DL/BNA,738,5.1,sys,DL,DL,,BNA,738,71.3,847,1188,74.86,5.00%,0.12769485903814262,889.35,1188,Cascaded,2027,889.3499999999999,1188
D0,sys/DL/DL/BNA,739,5.1,sys,DL,DL,,BNA,739,76.49,3227,4219,80.31,5.00%,0.486506859641188,3388.35,4219,Cascaded,2027,3388.35,4219
D0,sys/DL/DL/BNA,757,5.1,sys,DL,DL,,BNA,757,0.0,0,2,0.0,0.00%,0.0,0.0,2,Cascaded,2027,0.0,2
D0,sys/DL/DL/BNE,35J,5.1,sys,DL,DL,,BNE,35J,45.16,28,62,47.42,5.00%,1.0,29.4,62,Cascaded,2027,29.4,62
D0,sys/DL/DL/BOG,757,5.1,sys,DL,DL,,BOG,757,62.6,395,631,65.73,5.00%,0.8997722095671982,414.75,631,Cascaded,2027,414.75,631
D0,sys/DL/DL/BOG,763,5.1,sys,DL,DL,,BOG,763,74.58,44,59,78.31,5.00%,0.10022779043280182,46.2,59,Cascaded,2027,46.199999999999996,59
D0,sys/DL/DL/BOI,220,5.1,sys,DL,DL,,BOI,220,76.5,511,668,80.32,5.00%,0.28123280132085854,536.55,668,Cascaded,2027,536.55,668
D0,sys/DL/DL/BOI,319,5.1,sys,DL,DL,,BOI,319,84.97,147,173,89.22,5.00%,0.08090258668134287,154.35,173,Cascaded,2027,154.35,173
D0,sys/DL/DL/BOI,320,5.1,sys,DL,DL,,BOI,320,77.64,382,492,81.52,5.00%,0.21023665382498624,401.1,492,Cascaded,2027,401.09999999999997,492
D0,sys/DL/DL/BOI,321,5.1,sys,DL,DL,,BOI,321,51.06,144,282,53.62,5.00%,0.07925151348376444,151.2,282,Cascaded,2027,151.2,282
D0,sys/DL/DL/BOI,738,5.1,sys,DL,DL,,BOI,738,65.53,287,438,68.8,5.00%,0.15795266923500276,301.35,438,Cascaded,2027,301.34999999999997,438
D0,sys/DL/DL/BOI,739,5.1,sys,DL,DL,,BOI,739,71.93,346,481,75.53,5.00%,0.19042377545404512,363.3,481,Cascaded,2027,363.29999999999995,481
D0,sys/DL/DL/BON,738,5.1,sys,DL,DL,,BON,738,48.78,20,41,51.22,5.00%,0.5263157894736842,21.0,41,Cascaded,2027,21.0,41
D0,sys/DL/DL/BON,739,5.1,sys,DL,DL,,BON,739,58.06,18,31,60.97,5.00%,0.47368421052631576,18.9,31,Cascaded,2027,18.9,31
D0,sys/DL/DL/BOS,220,5.1,sys,DL,DL,,BOS,220,66.32,3846,5799,69.64,5.00%,0.2070636373425218,4038.3,5799,Cascaded,2027,4038.3,5799
D0,sys/DL/DL/BOS,319,5.1,sys,DL,DL,,BOS,319,71.18,684,961,74.73,5.00%,0.03682567029180575,718.2,961,Cascaded,2027,718.2,961
D0,sys/DL/DL/BOS,320,5.1,sys,DL,DL,,BOS,320,64.85,107,165,68.09,5.00%,0.005760740820501777,112.35,165,Cascaded,2027,112.35000000000001,165
D0,sys/DL/DL/BOS,321,5.1,sys,DL,DL,,BOS,321,61.13,7705,12604,64.19,5.00%,0.41482717777538497,8090.25,12604,Cascaded,2027,8090.25,12604
D0,sys/DL/DL/BOS,333,5.1,sys,DL,DL,,BOS,333,45.22,104,230,47.48,5.00%,0.005599224722730699,109.2,230,Cascaded,2027,109.2,230
D0,sys/DL/DL/BOS,339,5.1,sys,DL,DL,,BOS,339,68.26,1357,1988,71.67,5.00%,0.07305911489178421,1424.85,1988,Cascaded,2027,1424.8500000000001,1988
D0,sys/DL/DL/BOS,738,5.1,sys,DL,DL,,BOS,738,63.04,2212,3509,66.19,5.00%,0.1190912027565414,2322.6,3509,Cascaded,2027,2322.6,3509
D0,sys/DL/DL/BOS,739,5.1,sys,DL,DL,,BOS,739,67.59,1078,1595,70.97,5.00%,0.058038117799073974,1131.9,1595,Cascaded,2027,1131.9,1595
D0,sys/DL/DL/BOS,757,5.1,sys,DL,DL,,BOS,757,64.06,1164,1817,67.26,5.00%,0.06266824593517821,1222.2,1817,Cascaded,2027,1222.2,1817
D0,sys/DL/DL/BOS,763,5.1,sys,DL,DL,,BOS,763,61.55,317,515,64.63,5.00%,0.017066867664477226,332.85,515,Cascaded,2027,332.85,515
D0,sys/DL/DL/BRU,763,5.1,sys,DL,DL,,BRU,763,47.4,91,192,49.77,5.00%,0.7647058823529411,95.55,192,Cascaded,2027,95.55,192
D0,sys/DL/DL/BRU,764,5.1,sys,DL,DL,,BRU,764,66.67,28,42,70.0,5.00%,0.23529411764705882,29.4,42,Cascaded,2027,29.400000000000002,42
D0,sys/DL/DL/BTR,717,5.1,sys,DL,DL,,BTR,717,69.83,662,948,73.32,5.00%,1.0,695.1,948,Cascaded,2027,695.1,948
D0,sys/DL/DL/BTV,319,5.1,sys,DL,DL,,BTV,319,66.67,8,12,70.0,5.00%,0.03018867924528302,8.4,12,Cascaded,2027,8.4,12
D0,sys/DL/DL/BTV,320,5.1,sys,DL,DL,,BTV,320,66.98,71,106,70.33,5.00%,0.2679245283018868,74.55,106,Cascaded,2027,74.55,106
D0,sys/DL/DL/BTV,717,5.1,sys,DL,DL,,BTV,717,80.0,8,10,84.0,5.00%,0.03018867924528302,8.4,10,Cascaded,2027,8.4,10
D0,sys/DL/DL/BTV,738,5.1,sys,DL,DL,,BTV,738,71.14,175,246,74.7,5.00%,0.660377358490566,183.75,246,Cascaded,2027,183.75,246
D0,sys/DL/DL/BTV,739,5.1,sys,DL,DL,,BTV,739,100.0,3,3,105.0,5.00%,0.011320754716981131,3.15,3,Cascaded,2027,3.15,3
D0,sys/DL/DL/BUF,319,5.1,sys,DL,DL,,BUF,319,77.11,192,249,80.96,5.00%,0.1819905213270142,201.6,249,Cascaded,2027,201.6,249
D0,sys/DL/DL/BUF,320,5.1,sys,DL,DL,,BUF,320,58.68,98,167,61.62,5.00%,0.09289099526066351,102.9,167,Cascaded,2027,102.9,167
D0,sys/DL/DL/BUF,321,5.1,sys,DL,DL,,BUF,321,51.85,295,569,54.44,5.00%,0.2796208530805687,309.75,569,Cascaded,2027,309.75,569
D0,sys/DL/DL/BUF,717,5.1,sys,DL,DL,,BUF,717,66.67,98,147,70.0,5.00%,0.09289099526066351,102.9,147,Cascaded,2027,102.9,147
D0,sys/DL/DL/BUF,738,5.1,sys,DL,DL,,BUF,738,55.7,44,79,58.48,5.00%,0.04170616113744076,46.2,79,Cascaded,2027,46.2,79
D0,sys/DL/DL/BUF,739,5.1,sys,DL,DL,,BUF,739,61.54,328,533,64.62,5.00%,0.3109004739336493,344.4,533,Cascaded,2027,344.4,533
D0,sys/DL/DL/BUR,220,5.1,sys,DL,DL,,BUR,220,68.2,504,739,71.61,5.00%,0.998019801980198,529.2,739,Cascaded,2027,529.2,739
D0,sys/DL/DL/BUR,319,5.1,sys,DL,DL,,BUR,319,100.0,1,1,105.0,5.00%,0.0019801980198019802,1.05,1,Cascaded,2027,1.05,1
D0,sys/DL/DL/BWI,220,5.1,sys,DL,DL,,BWI,220,72.57,246,339,76.19,5.00%,0.07081174438687392,258.3,339,Cascaded,2027,258.3,339
D0,sys/DL/DL/BWI,319,5.1,sys,DL,DL,,BWI,319,73.86,195,264,77.56,5.00%,0.05613126079447323,204.75,264,Cascaded,2027,204.75,264
D0,sys/DL/DL/BWI,320,5.1,sys,DL,DL,,BWI,320,70.95,210,296,74.49,5.00%,0.06044905008635579,220.5,296,Cascaded,2027,220.5,296
D0,sys/DL/DL/BWI,321,5.1,sys,DL,DL,,BWI,321,60.64,718,1184,63.67,5.00%,0.206678180771445,753.9,1184,Cascaded,2027,753.9,1184
D0,sys/DL/DL/BWI,717,5.1,sys,DL,DL,,BWI,717,74.83,868,1160,78.57,5.00%,0.24985607369027057,911.4,1160,Cascaded,2027,911.4,1160
D0,sys/DL/DL/BWI,738,5.1,sys,DL,DL,,BWI,738,56.47,48,85,59.29,5.00%,0.013816925734024179,50.4,85,Cascaded,2027,50.4,85
D0,sys/DL/DL/BWI,739,5.1,sys,DL,DL,,BWI,739,68.43,906,1324,71.85,5.00%,0.2607944732297064,951.3,1324,Cascaded,2027,951.3,1324
D0,sys/DL/DL/BWI,757,5.1,sys,DL,DL,,BWI,757,50.99,283,555,53.54,5.00%,0.0814622913068509,297.15,555,Cascaded,2027,297.15,555
D0,sys/DL/DL/BZE,320,5.1,sys,DL,DL,,BZE,320,83.33,5,6,87.5,5.00%,0.015723270440251572,5.25,6,Cascaded,2027,5.25,6
D0,sys/DL/DL/BZE,321,5.1,sys,DL,DL,,BZE,321,72.73,88,121,76.36,5.00%,0.27672955974842767,92.4,121,Cascaded,2027,92.39999999999999,121
D0,sys/DL/DL/BZE,738,5.1,sys,DL,DL,,BZE,738,80.11,145,181,84.12,5.00%,0.4559748427672956,152.25,181,Cascaded,2027,152.25,181
D0,sys/DL/DL/BZE,739,5.1,sys,DL,DL,,BZE,739,84.21,80,95,88.42,5.00%,0.25157232704402516,84.0,95,Cascaded,2027,84.0,95
D0,sys/DL/DL/BZN,220,5.1,sys,DL,DL,,BZN,220,67.47,112,166,70.84,5.00%,0.07402511566424323,117.6,166,Cascaded,2027,117.60000000000001,166
D0,sys/DL/DL/BZN,319,5.1,sys,DL,DL,,BZN,319,74.52,155,208,78.25,5.00%,0.1024454725710509,162.75,208,Cascaded,2027,162.75,208
D0,sys/DL/DL/BZN,320,5.1,sys,DL,DL,,BZN,320,75.65,87,115,79.43,5.00%,0.05750165234633179,91.35,115,Cascaded,2027,91.35000000000001,115
D0,sys/DL/DL/BZN,321,5.1,sys,DL,DL,,BZN,321,77.18,257,333,81.04,5.00%,0.16986120290812953,269.85,333,Cascaded,2027,269.85,333
D0,sys/DL/DL/BZN,738,5.1,sys,DL,DL,,BZN,738,85.04,108,127,89.29,5.00%,0.0713813615333774,113.4,127,Cascaded,2027,113.4,127
D0,sys/DL/DL/BZN,739,5.1,sys,DL,DL,,BZN,739,85.11,520,611,89.36,5.00%,0.34368803701255785,546.0,611,Cascaded,2027,546.0,611
D0,sys/DL/DL/BZN,757,5.1,sys,DL,DL,,BZN,757,66.18,274,414,69.49,5.00%,0.1810971579643093,287.7,414,Cascaded,2027,287.7,414
D0,sys/DL/DL/CAE,319,5.1,sys,DL,DL,,CAE,319,57.69,15,26,60.58,5.00%,0.011848341232227487,15.75,26,Cascaded,2027,15.75,26
D0,sys/DL/DL/CAE,320,5.1,sys,DL,DL,,CAE,320,42.11,8,19,44.21,5.00%,0.00631911532385466,8.4,19,Cascaded,2027,8.4,19
D0,sys/DL/DL/CAE,717,5.1,sys,DL,DL,,CAE,717,68.57,1237,1804,72.0,5.00%,0.9770932069510269,1298.85,1804,Cascaded,2027,1298.85,1804
D0,sys/DL/DL/CAE,738,5.1,sys,DL,DL,,CAE,738,46.15,6,13,48.46,5.00%,0.004739336492890996,6.3,13,Cascaded,2027,6.3,13
D0,sys/DL/DL/CAE,739,5.1,sys,DL,DL,,CAE,739,0.0,0,1,0.0,0.00%,0.0,0.0,1,Cascaded,2027,0.0,1
D0,sys/DL/DL/CDG,332,5.1,sys,DL,DL,,CDG,332,30.0,3,10,31.5,5.00%,0.001978891820580475,3.15,10,Cascaded,2027,3.15,10
D0,sys/DL/DL/CDG,333,5.1,sys,DL,DL,,CDG,333,32.29,495,1533,33.9,5.00%,0.3265171503957784,519.75,1533,Cascaded,2027,519.75,1533
D0,sys/DL/DL/CDG,339,5.1,sys,DL,DL,,CDG,339,41.25,533,1292,43.32,5.00%,0.35158311345646437,559.65,1292,Cascaded,2027,559.65,1292
D0,sys/DL/DL/CDG,359,5.1,sys,DL,DL,,CDG,359,37.24,54,145,39.1,5.00%,0.03562005277044855,56.7,145,Cascaded,2027,56.699999999999996,145
D0,sys/DL/DL/CDG,35H,5.1,sys,DL,DL,,CDG,35H,36.36,4,11,38.18,5.00%,0.002638522427440633,4.2,11,Cascaded,2027,4.2,11
D0,sys/DL/DL/CDG,35J,5.1,sys,DL,DL,,CDG,35J,42.61,49,115,44.74,5.00%,0.032321899736147755,51.45,115,Cascaded,2027,51.449999999999996,115
D0,sys/DL/DL/CDG,763,5.1,sys,DL,DL,,CDG,763,26.6,25,94,27.93,5.00%,0.016490765171503958,26.25,94,Cascaded,2027,26.25,94
D0,sys/DL/DL/CDG,764,5.1,sys,DL,DL,,CDG,764,44.18,353,799,46.39,5.00%,0.2328496042216359,370.65,799,Cascaded,2027,370.65,799
D0,sys/DL/DL/CHA,319,5.1,sys,DL,DL,,CHA,319,57.14,4,7,60.0,5.00%,0.004705882352941176,4.2,7,Cascaded,2027,4.2,7
D0,sys/DL/DL/CHA,320,5.1,sys,DL,DL,,CHA,320,55.56,5,9,58.33,5.00%,0.0058823529411764705,5.25,9,Cascaded,2027,5.25,9
D0,sys/DL/DL/CHA,717,5.1,sys,DL,DL,,CHA,717,65.81,841,1278,69.1,5.00%,0.9894117647058823,883.05,1278,Cascaded,2027,883.05,1278
D0,sys/DL/DL/CHO,717,5.1,sys,DL,DL,,CHO,717,72.38,131,181,75.99,5.00%,1.0,137.55,181,Cascaded,2027,137.55,181
D0,sys/DL/DL/CHS,220,5.1,sys,DL,DL,,CHS,220,57.43,398,693,60.3,5.00%,0.11810089020771514,417.9,693,Cascaded,2027,417.9,693
D0,sys/DL/DL/CHS,319,5.1,sys,DL,DL,,CHS,319,74.42,32,43,78.14,5.00%,0.009495548961424332,33.6,43,Cascaded,2027,33.6,43
D0,sys/DL/DL/CHS,320,5.1,sys,DL,DL,,CHS,320,61.83,149,241,64.92,5.00%,0.04421364985163205,156.45,241,Cascaded,2027,156.45,241
D0,sys/DL/DL/CHS,321,5.1,sys,DL,DL,,CHS,321,76.92,10,13,80.77,5.00%,0.002967359050445104,10.5,13,Cascaded,2027,10.5,13
D0,sys/DL/DL/CHS,717,5.1,sys,DL,DL,,CHS,717,75.98,541,712,79.78,5.00%,0.16053412462908012,568.05,712,Cascaded,2027,568.05,712
D0,sys/DL/DL/CHS,738,5.1,sys,DL,DL,,CHS,738,74.94,290,387,78.68,5.00%,0.08605341246290801,304.5,387,Cascaded,2027,304.5,387
D0,sys/DL/DL/CHS,739,5.1,sys,DL,DL,,CHS,739,81.02,1942,2397,85.07,5.00%,0.5762611275964392,2039.1,2397,Cascaded,2027,2039.1,2397
D0,sys/DL/DL/CHS,757,5.1,sys,DL,DL,,CHS,757,88.89,8,9,93.33,5.00%,0.002373887240356083,8.4,9,Cascaded,2027,8.4,9
D0,sys/DL/DL/CID,717,5.1,sys,DL,DL,,CID,717,76.92,10,13,80.77,5.00%,0.03597122302158273,10.5,13,Cascaded,2027,10.5,13
D0,sys/DL/DL/CID,738,5.1,sys,DL,DL,,CID,738,78.13,268,343,82.04,5.00%,0.9640287769784173,281.4,343,Cascaded,2027,281.4,343
D0,sys/DL/DL/CLE,220,5.1,sys,DL,DL,,CLE,220,70.07,377,538,73.58,5.00%,0.15098117741289546,395.85,538,Cascaded,2027,395.84999999999997,538
D0,sys/DL/DL/CLE,319,5.1,sys,DL,DL,,CLE,319,65.19,103,158,68.45,5.00%,0.04124949939927913,108.15,158,Cascaded,2027,108.14999999999999,158
D0,sys/DL/DL/CLE,320,5.1,sys,DL,DL,,CLE,320,69.63,188,270,73.11,5.00%,0.07529034841810173,197.4,270,Cascaded,2027,197.4,270
D0,sys/DL/DL/CLE,321,5.1,sys,DL,DL,,CLE,321,63.1,106,168,66.25,5.00%,0.04245094112935523,111.3,168,Cascaded,2027,111.3,168
D0,sys/DL/DL/CLE,717,5.1,sys,DL,DL,,CLE,717,65.23,167,256,68.5,5.00%,0.06688025630756908,175.35,256,Cascaded,2027,175.35,256
D0,sys/DL/DL/CLE,738,5.1,sys,DL,DL,,CLE,738,70.22,408,581,73.73,5.00%,0.1633960752903484,428.4,581,Cascaded,2027,428.4,581
D0,sys/DL/DL/CLE,739,5.1,sys,DL,DL,,CLE,739,72.32,1147,1586,75.94,5.00%,0.4593512214657589,1204.35,1586,Cascaded,2027,1204.35,1586
D0,sys/DL/DL/CLE,757,5.1,sys,DL,DL,,CLE,757,100.0,1,1,105.0,5.00%,0.00040048057669203043,1.05,1,Cascaded,2027,1.05,1
D0,sys/DL/DL/CLT,220,5.1,sys,DL,DL,,CLT,220,64.1,75,117,67.31,5.00%,0.01914241960183767,78.75,117,Cascaded,2027,78.75,117
D0,sys/DL/DL/CLT,319,5.1,sys,DL,DL,,CLT,319,46.88,15,32,49.22,5.00%,0.0038284839203675345,15.75,32,Cascaded,2027,15.749999999999998,32
D0,sys/DL/DL/CLT,321,5.1,sys,DL,DL,,CLT,321,59.17,100,169,62.13,5.00%,0.025523226135783564,105.0,169,Cascaded,2027,104.99999999999999,169
D0,sys/DL/DL/CLT,717,5.1,sys,DL,DL,,CLT,717,72.44,3582,4945,76.06,5.00%,0.9142419601837672,3761.1,4945,Cascaded,2027,3761.0999999999995,4945
D0,sys/DL/DL/CLT,738,5.1,sys,DL,DL,,CLT,738,100.0,1,1,105.0,5.00%,0.00025523226135783564,1.05,1,Cascaded,2027,1.0499999999999998,1
D0,sys/DL/DL/CLT,739,5.1,sys,DL,DL,,CLT,739,77.54,145,187,81.42,5.00%,0.037008677896886166,152.25,187,Cascaded,2027,152.25,187
D0,sys/DL/DL/CMH,220,5.1,sys,DL,DL,,CMH,220,75.0,264,352,78.75,5.00%,0.09361702127659574,277.2,352,Cascaded,2027,277.2,352
D0,sys/DL/DL/CMH,319,5.1,sys,DL,DL,,CMH,319,83.54,66,79,87.72,5.00%,0.023404255319148935,69.3,79,Cascaded,2027,69.3,79
D0,sys/DL/DL/CMH,320,5.1,sys,DL,DL,,CMH,320,76.96,147,191,80.81,5.00%,0.052127659574468084,154.35,191,Cascaded,2027,154.35,191
D0,sys/DL/DL/CMH,321,5.1,sys,DL,DL,,CMH,321,77.36,82,106,81.23,5.00%,0.029078014184397163,86.1,106,Cascaded,2027,86.1,106
D0,sys/DL/DL/CMH,717,5.1,sys,DL,DL,,CMH,717,65.53,192,293,68.81,5.00%,0.06808510638297872,201.6,293,Cascaded,2027,201.6,293
D0,sys/DL/DL/CMH,738,5.1,sys,DL,DL,,CMH,738,80.33,837,1042,84.34,5.00%,0.2968085106382979,878.85,1042,Cascaded,2027,878.85,1042
D0,sys/DL/DL/CMH,739,5.1,sys,DL,DL,,CMH,739,77.1,1229,1594,80.96,5.00%,0.4358156028368794,1290.45,1594,Cascaded,2027,1290.45,1594
D0,sys/DL/DL/CMH,757,5.1,sys,DL,DL,,CMH,757,75.0,3,4,78.75,5.00%,0.0010638297872340426,3.15,4,Cascaded,2027,3.15,4
D0,sys/DL/DL/COS,319,5.1,sys,DL,DL,,COS,319,80.98,132,163,85.03,5.00%,0.2661290322580645,138.6,163,Cascaded,2027,138.6,163
D0,sys/DL/DL/COS,320,5.1,sys,DL,DL,,COS,320,66.67,10,15,70.0,5.00%,0.020161290322580645,10.5,15,Cascaded,2027,10.499999999999998,15
D0,sys/DL/DL/COS,738,5.1,sys,DL,DL,,COS,738,71.77,239,333,75.36,5.00%,0.48185483870967744,250.95,333,Cascaded,2027,250.95,333
D0,sys/DL/DL/COS,739,5.1,sys,DL,DL,,COS,739,78.77,115,146,82.71,5.00%,0.2318548387096774,120.75,146,Cascaded,2027,120.74999999999999,146
D0,sys/DL/DL/CPH,333,5.1,sys,DL,DL,,CPH,333,60.71,17,28,63.75,5.00%,0.08947368421052632,17.85,28,Cascaded,2027,17.85,28
D0,sys/DL/DL/CPH,339,5.1,sys,DL,DL,,CPH,339,47.83,22,46,50.22,5.00%,0.11578947368421053,23.1,46,Cascaded,2027,23.1,46
D0,sys/DL/DL/CPH,763,5.1,sys,DL,DL,,CPH,763,76.65,151,197,80.48,5.00%,0.7947368421052632,158.55,197,Cascaded,2027,158.55,197
D0,sys/DL/DL/CPT,359,5.1,sys,DL,DL,,CPT,359,100.0,1,1,105.0,5.00%,0.009174311926605505,1.05,1,Cascaded,2027,1.05,1
D0,sys/DL/DL/CPT,35H,5.1,sys,DL,DL,,CPT,35H,55.38,108,195,58.15,5.00%,0.9908256880733946,113.4,195,Cascaded,2027,113.4,195
D0,sys/DL/DL/CTA,763,5.1,sys,DL,DL,,CTA,763,64.77,125,193,68.01,5.00%,1.0,131.25,193,Cascaded,2027,131.25,193
D0,sys/DL/DL/CTG,738,5.1,sys,DL,DL,,CTG,738,78.89,157,199,82.84,5.00%,1.0,164.85,199,Cascaded,2027,164.85,199
D0,sys/DL/DL/CUN,320,5.1,sys,DL,DL,,CUN,320,61.62,114,185,64.7,5.00%,0.032562125107112254,119.7,185,Cascaded,2027,119.7,185
D0,sys/DL/DL/CUN,321,5.1,sys,DL,DL,,CUN,321,55.55,1336,2405,58.33,5.00%,0.38160525564124537,1402.8,2405,Cascaded,2027,1402.8000000000002,2405
D0,sys/DL/DL/CUN,738,5.1,sys,DL,DL,,CUN,738,76.85,415,540,80.69,5.00%,0.11853756069694373,435.75,540,Cascaded,2027,435.75,540
D0,sys/DL/DL/CUN,739,5.1,sys,DL,DL,,CUN,739,60.63,1389,2291,63.66,5.00%,0.3967437874892888,1458.45,2291,Cascaded,2027,1458.45,2291
D0,sys/DL/DL/CUN,757,5.1,sys,DL,DL,,CUN,757,63.17,247,391,66.33,5.00%,0.07055127106540988,259.35,391,Cascaded,2027,259.35,391
D0,sys/DL/DL/CUR,738,5.1,sys,DL,DL,,CUR,738,68.12,47,69,71.52,5.00%,0.34306569343065696,49.35,69,Cascaded,2027,49.35,69
D0,sys/DL/DL/CUR,739,5.1,sys,DL,DL,,CUR,739,69.23,90,130,72.69,5.00%,0.656934306569343,94.5,130,Cascaded,2027,94.5,130
D0,sys/DL/DL/CVG,220,5.1,sys,DL,DL,,CVG,220,71.89,179,249,75.48,5.00%,0.033933649289099525,187.95,249,Cascaded,2027,187.95,249
D0,sys/DL/DL/CVG,319,5.1,sys,DL,DL,,CVG,319,69.38,111,160,72.84,5.00%,0.02104265402843602,116.55,160,Cascaded,2027,116.55,160
D0,sys/DL/DL/CVG,320,5.1,sys,DL,DL,,CVG,320,55.77,58,104,58.56,5.00%,0.010995260663507108,60.9,104,Cascaded,2027,60.9,104
D0,sys/DL/DL/CVG,321,5.1,sys,DL,DL,,CVG,321,65.26,481,737,68.53,5.00%,0.09118483412322274,505.05,737,Cascaded,2027,505.05,737
D0,sys/DL/DL/CVG,333,5.1,sys,DL,DL,,CVG,333,31.65,50,158,33.23,5.00%,0.009478672985781991,52.5,158,Cascaded,2027,52.5,158
D0,sys/DL/DL/CVG,339,5.1,sys,DL,DL,,CVG,339,52.27,23,44,54.89,5.00%,0.004360189573459716,24.15,44,Cascaded,2027,24.15,44
D0,sys/DL/DL/CVG,717,5.1,sys,DL,DL,,CVG,717,60.45,107,177,63.47,5.00%,0.02028436018957346,112.35,177,Cascaded,2027,112.35,177
D0,sys/DL/DL/CVG,738,5.1,sys,DL,DL,,CVG,738,66.3,2048,3089,69.61,5.00%,0.3882464454976303,2150.4,3089,Cascaded,2027,2150.4,3089
D0,sys/DL/DL/CVG,739,5.1,sys,DL,DL,,CVG,739,73.56,2217,3014,77.23,5.00%,0.42028436018957344,2327.85,3014,Cascaded,2027,2327.85,3014
D0,sys/DL/DL/CVG,757,5.1,sys,DL,DL,,CVG,757,0.0,0,1,0.0,0.00%,0.0,0.0,1,Cascaded,2027,0.0,1
D0,sys/DL/DL/CVG,764,5.1,sys,DL,DL,,CVG,764,4.0,1,25,4.2,5.00%,0.0001895734597156398,1.05,25,Cascaded,2027,1.05,25
D0,sys/DL/DL/CZM,738,5.1,sys,DL,DL,,CZM,738,80.52,124,154,84.55,5.00%,0.992,130.2,154,Cascaded,2027,130.2,154
D0,sys/DL/DL/CZM,739,5.1,sys,DL,DL,,CZM,739,50.0,1,2,52.5,5.00%,0.008,1.05,2,Cascaded,2027,1.05,2
D0,sys/DL/DL/DAB,319,5.1,sys,DL,DL,,DAB,319,69.23,27,39,72.69,5.00%,0.024907749077490774,28.35,39,Cascaded,2027,28.35,39
D0,sys/DL/DL/DAB,321,5.1,sys,DL,DL,,DAB,321,83.33,5,6,87.5,5.00%,0.004612546125461255,5.25,6,Cascaded,2027,5.25,6
D0,sys/DL/DL/DAB,717,5.1,sys,DL,DL,,DAB,717,56.05,125,223,58.86,5.00%,0.11531365313653137,131.25,223,Cascaded,2027,131.25,223
D0,sys/DL/DL/DAB,738,5.1,sys,DL,DL,,DAB,738,66.88,107,160,70.22,5.00%,0.09870848708487084,112.35,160,Cascaded,2027,112.35000000000001,160
D0,sys/DL/DL/DAB,739,5.1,sys,DL,DL,,DAB,739,78.92,820,1039,82.87,5.00%,0.7564575645756457,861.0,1039,Cascaded,2027,861.0,1039
D0,sys/DL/DL/DAL,717,5.1,sys,DL,DL,,DAL,717,64.05,1160,1811,67.26,5.00%,1.0,1218.0,1811,Cascaded,2027,1218.0,1811
D0,sys/DL/DL/DAY,717,5.1,sys,DL,DL,,DAY,717,76.51,1049,1371,80.34,5.00%,0.9990476190476191,1101.45,1371,Cascaded,2027,1101.45,1371
D0,sys/DL/DL/DAY,738,5.1,sys,DL,DL,,DAY,738,100.0,1,1,105.0,5.00%,0.0009523809523809524,1.05,1,Cascaded,2027,1.05,1
D0,sys/DL/DL/DCA,220,5.1,sys,DL,DL,,DCA,220,57.22,321,561,60.08,5.00%,0.05663373323923783,337.05,561,Cascaded,2027,337.04999999999995,561
D0,sys/DL/DL/DCA,319,5.1,sys,DL,DL,,DCA,319,67.59,2336,3456,70.97,5.00%,0.41213832039520115,2452.8,3456,Cascaded,2027,2452.7999999999997,3456
D0,sys/DL/DL/DCA,320,5.1,sys,DL,DL,,DCA,320,58.69,1915,3263,61.62,5.00%,0.33786167960479885,2010.75,3263,Cascaded,2027,2010.7499999999998,3263
D0,sys/DL/DL/DCA,321,5.1,sys,DL,DL,,DCA,321,58.5,750,1282,61.43,5.00%,0.13232180663373325,787.5,1282,Cascaded,2027,787.5,1282
D0,sys/DL/DL/DCA,717,5.1,sys,DL,DL,,DCA,717,50.0,1,2,52.5,5.00%,0.00017642907551164433,1.05,2,Cascaded,2027,1.05,2
D0,sys/DL/DL/DCA,739,5.1,sys,DL,DL,,DCA,739,100.0,9,9,105.0,5.00%,0.001587861679604799,9.45,9,Cascaded,2027,9.45,9
D0,sys/DL/DL/DCA,757,5.1,sys,DL,DL,,DCA,757,54.28,336,619,57.0,5.00%,0.059280169371912494,352.8,619,Cascaded,2027,352.79999999999995,619
D0,sys/DL/DL/DEN,220,5.1,sys,DL,DL,,DEN,220,68.21,1131,1658,71.63,5.00%,0.15189363416599516,1187.55,1658,Cascaded,2027,1187.55,1658
D0,sys/DL/DL/DEN,319,5.1,sys,DL,DL,,DEN,319,72.81,908,1247,76.46,5.00%,0.12194466827827022,953.4,1247,Cascaded,2027,953.4,1247
D0,sys/DL/DL/DEN,320,5.1,sys,DL,DL,,DEN,320,63.68,484,760,66.87,5.00%,0.06500134300295461,508.2,760,Cascaded,2027,508.2,760
D0,sys/DL/DL/DEN,321,5.1,sys,DL,DL,,DEN,321,61.43,3068,4994,64.51,5.00%,0.41203330647327424,3221.4,4994,Cascaded,2027,3221.4,4994
D0,sys/DL/DL/DEN,738,5.1,sys,DL,DL,,DEN,738,66.44,873,1314,69.76,5.00%,0.11724415793714746,916.65,1314,Cascaded,2027,916.65,1314
D0,sys/DL/DL/DEN,739,5.1,sys,DL,DL,,DEN,739,69.44,927,1335,72.91,5.00%,0.12449637389202256,973.35,1335,Cascaded,2027,973.35,1335
D0,sys/DL/DL/DEN,757,5.1,sys,DL,DL,,DEN,757,50.52,49,97,53.04,5.00%,0.006580714477571851,51.45,97,Cascaded,2027,51.45,97
D0,sys/DL/DL/DEN,763,5.1,sys,DL,DL,,DEN,763,100.0,6,6,105.0,5.00%,0.0008058017727639,6.3,6,Cascaded,2027,6.3,6
D0,sys/DL/DL/DFW,220,5.1,sys,DL,DL,,DFW,220,67.53,3296,4881,70.9,5.00%,0.43719326170579653,3460.8,4881,Cascaded,2027,3460.7999999999997,4881
D0,sys/DL/DL/DFW,319,5.1,sys,DL,DL,,DFW,319,76.23,1299,1704,80.04,5.00%,0.17230401910067647,1363.95,1704,Cascaded,2027,1363.95,1704
D0,sys/DL/DL/DFW,320,5.1,sys,DL,DL,,DFW,320,61.15,1492,2440,64.2,5.00%,0.19790423133041518,1566.6,2440,Cascaded,2027,1566.6,2440
D0,sys/DL/DL/DFW,321,5.1,sys,DL,DL,,DFW,321,59.61,1330,2231,62.6,5.00%,0.1764159702878366,1396.5,2231,Cascaded,2027,1396.5,2231
D0,sys/DL/DL/DFW,717,5.1,sys,DL,DL,,DFW,717,30.77,4,13,32.31,5.00%,0.0005305743467303355,4.2,13,Cascaded,2027,4.2,13
D0,sys/DL/DL/DFW,738,5.1,sys,DL,DL,,DFW,738,52.49,116,221,55.11,5.00%,0.015386656055179733,121.8,221,Cascaded,2027,121.8,221
D0,sys/DL/DL/DFW,739,5.1,sys,DL,DL,,DFW,739,50.0,2,4,52.5,5.00%,0.00026528717336516777,2.1,4,Cascaded,2027,2.1,4
D0,sys/DL/DL/DJT,220,5.1,sys,DL,DL,,DJT,220,50.0,30,60,52.5,5.00%,0.007329587099926704,31.5,60,Cascaded,2027,31.499999999999996,60
D0,sys/DL/DL/DJT,319,5.1,sys,DL,DL,,DJT,319,55.26,21,38,58.03,5.00%,0.005130710969948693,22.05,38,Cascaded,2027,22.049999999999997,38
D0,sys/DL/DL/DJT,320,5.1,sys,DL,DL,,DJT,320,52.38,121,231,55.0,5.00%,0.029562667969704373,127.05,231,Cascaded,2027,127.04999999999998,231
D0,sys/DL/DL/DJT,321,5.1,sys,DL,DL,,DJT,321,61.14,2774,4537,64.2,5.00%,0.6777424871732226,2912.7,4537,Cascaded,2027,2912.7,4537
D0,sys/DL/DL/DJT,738,5.1,sys,DL,DL,,DJT,738,50.97,733,1438,53.52,5.00%,0.17908624480820914,769.65,1438,Cascaded,2027,769.65,1438
D0,sys/DL/DL/DJT,739,5.1,sys,DL,DL,,DJT,739,56.18,409,728,58.99,5.00%,0.09992670412900073,429.45,728,Cascaded,2027,429.45,728
D0,sys/DL/DL/DJT,757,5.1,sys,DL,DL,,DJT,757,45.45,5,11,47.73,5.00%,0.001221597849987784,5.25,11,Cascaded,2027,5.25,11
D0,sys/DL/DL/DLH,717,5.1,sys,DL,DL,,DLH,717,66.67,4,6,70.0,5.00%,1.0,4.2,6,Cascaded,2027,4.2,6
D0,sys/DL/DL/DSM,319,5.1,sys,DL,DL,,DSM,319,100.0,1,1,105.0,5.00%,0.001075268817204301,1.05,1,Cascaded,2027,1.05,1
D0,sys/DL/DL/DSM,717,5.1,sys,DL,DL,,DSM,717,76.15,929,1220,79.95,5.00%,0.9989247311827957,975.45,1220,Cascaded,2027,975.45,1220
D0,sys/DL/DL/DSS,763,5.1,sys,DL,DL,,DSS,763,56.04,102,182,58.85,5.00%,1.0,107.1,182,Cascaded,2027,107.1,182
D0,sys/DL/DL/DTW,220,5.1,sys,DL,DL,,DTW,220,40.0,4,10,42.0,5.00%,9.558630248285421e-05,4.2,10,Cascaded,2027,4.2,10
D0,sys/DL/DL/DTW,319,5.1,sys,DL,DL,,DTW,319,69.62,6229,8947,73.1,5.00%,0.1488517695414247,6540.45,8947,Cascaded,2027,6540.45,8947
D0,sys/DL/DL/DTW,320,5.1,sys,DL,DL,,DTW,320,66.38,4329,6522,69.69,5.00%,0.10344827586206896,4545.45,6522,Cascaded,2027,4545.45,6522
D0,sys/DL/DL/DTW,321,5.1,sys,DL,DL,,DTW,321,58.94,8761,14864,61.89,5.00%,0.20935789901307142,9199.05,14864,Cascaded,2027,9199.05,14864
D0,sys/DL/DL/DTW,332,5.1,sys,DL,DL,,DTW,332,73.54,453,616,77.22,5.00%,0.010825148756183239,475.65,616,Cascaded,2027,475.65,616
D0,sys/DL/DL/DTW,333,5.1,sys,DL,DL,,DTW,333,61.74,736,1192,64.83,5.00%,0.017587879656845173,772.8,1192,Cascaded,2027,772.8,1192
D0,sys/DL/DL/DTW,339,5.1,sys,DL,DL,,DTW,339,68.7,564,821,72.13,5.00%,0.013477668650082443,592.2,821,Cascaded,2027,592.1999999999999,821
D0,sys/DL/DL/DTW,359,5.1,sys,DL,DL,,DTW,359,50.15,512,1021,52.65,5.00%,0.012235046717805339,537.6,1021,Cascaded,2027,537.6,1021
D0,sys/DL/DL/DTW,35H,5.1,sys,DL,DL,,DTW,35H,52.94,189,357,55.59,5.00%,0.004516452792314861,198.45,357,Cascaded,2027,198.45,357
D0,sys/DL/DL/DTW,35J,5.1,sys,DL,DL,,DTW,35J,48.65,18,37,51.08,5.00%,0.0004301383611728439,18.9,37,Cascaded,2027,18.9,37
D0,sys/DL/DL/DTW,717,5.1,sys,DL,DL,,DTW,717,70.16,9171,13072,73.67,5.00%,0.21915549501756398,9629.55,13072,Cascaded,2027,9629.55,13072
D0,sys/DL/DL/DTW,738,5.1,sys,DL,DL,,DTW,738,65.05,67,103,68.3,5.00%,0.001601070566587808,70.35,103,Cascaded,2027,70.35,103
D0,sys/DL/DL/DTW,739,5.1,sys,DL,DL,,DTW,739,67.27,7605,11305,70.63,5.00%,0.18173345759552656,7985.25,11305,Cascaded,2027,7985.25,11305
D0,sys/DL/DL/DTW,757,5.1,sys,DL,DL,,DTW,757,52.55,2954,5621,55.18,5.00%,0.07059048438358784,3101.7,5621,Cascaded,2027,3101.7,5621
D0,sys/DL/DL/DTW,763,5.1,sys,DL,DL,,DTW,763,66.67,192,288,70.0,5.00%,0.004588142519177002,201.6,288,Cascaded,2027,201.6,288
D0,sys/DL/DL/DTW,764,5.1,sys,DL,DL,,DTW,764,52.07,63,121,54.67,5.00%,0.0015054842641049537,66.15,121,Cascaded,2027,66.14999999999999,121
D0,sys/DL/DL/DUB,332,5.1,sys,DL,DL,,DUB,332,74.12,232,313,77.83,5.00%,0.2455026455026455,243.6,313,Cascaded,2027,243.6,313
D0,sys/DL/DL/DUB,333,5.1,sys,DL,DL,,DUB,333,69.78,194,278,73.27,5.00%,0.2052910052910053,203.7,278,Cascaded,2027,203.7,278
D0,sys/DL/DL/DUB,339,5.1,sys,DL,DL,,DUB,339,59.38,19,32,62.34,5.00%,0.020105820105820106,19.95,32,Cascaded,2027,19.95,32
D0,sys/DL/DL/DUB,763,5.1,sys,DL,DL,,DUB,763,80.13,363,453,84.14,5.00%,0.38412698412698415,381.15,453,Cascaded,2027,381.15,453
D0,sys/DL/DL/DUB,764,5.1,sys,DL,DL,,DUB,764,72.87,137,188,76.52,5.00%,0.14497354497354498,143.85,188,Cascaded,2027,143.85,188
D0,sys/DL/DL/ECP,319,5.1,sys,DL,DL,,ECP,319,73.33,11,15,77.0,5.00%,0.006610576923076923,11.55,15,Cascaded,2027,11.55,15
D0,sys/DL/DL/ECP,320,5.1,sys,DL,DL,,ECP,320,55.88,19,34,58.68,5.00%,0.01141826923076923,19.95,34,Cascaded,2027,19.95,34
D0,sys/DL/DL/ECP,717,5.1,sys,DL,DL,,ECP,717,67.04,887,1323,70.4,5.00%,0.5330528846153846,931.35,1323,Cascaded,2027,931.35,1323
D0,sys/DL/DL/ECP,738,5.1,sys,DL,DL,,ECP,738,69.42,252,363,72.89,5.00%,0.15144230769230768,264.6,363,Cascaded,2027,264.6,363
D0,sys/DL/DL/ECP,739,5.1,sys,DL,DL,,ECP,739,78.7,495,629,82.63,5.00%,0.29747596153846156,519.75,629,Cascaded,2027,519.75,629
D0,sys/DL/DL/EDI,332,5.1,sys,DL,DL,,EDI,332,11.63,5,43,12.21,5.00%,0.012106537530266344,5.25,43,Cascaded,2027,5.25,43
D0,sys/DL/DL/EDI,763,5.1,sys,DL,DL,,EDI,763,66.07,405,613,69.37,5.00%,0.9806295399515739,425.25,613,Cascaded,2027,425.25,613
D0,sys/DL/DL/EDI,764,5.1,sys,DL,DL,,EDI,764,42.86,3,7,45.0,5.00%,0.007263922518159807,3.15,7,Cascaded,2027,3.15,7
D0,sys/DL/DL/EGE,757,5.1,sys,DL,DL,,EGE,757,63.82,127,199,67.01,5.00%,1.0,133.35,199,Cascaded,2027,133.35,199
D0,sys/DL/DL/ELP,738,5.1,sys,DL,DL,,ELP,738,75.89,318,419,79.69,5.00%,0.6091954022988506,333.9,419,Cascaded,2027,333.90000000000003,419
D0,sys/DL/DL/ELP,739,5.1,sys,DL,DL,,ELP,739,70.34,204,290,73.86,5.00%,0.39080459770114945,214.2,290,Cascaded,2027,214.20000000000002,290
D0,sys/DL/DL/EWR,220,5.1,sys,DL,DL,,EWR,220,68.86,188,273,72.31,5.00%,0.04814340588988476,197.4,273,Cascaded,2027,197.4,273
D0,sys/DL/DL/EWR,319,5.1,sys,DL,DL,,EWR,319,59.89,221,369,62.89,5.00%,0.05659411011523688,232.05,369,Cascaded,2027,232.05,369
D0,sys/DL/DL/EWR,320,5.1,sys,DL,DL,,EWR,320,66.67,162,243,70.0,5.00%,0.04148527528809219,170.1,243,Cascaded,2027,170.1,243
D0,sys/DL/DL/EWR,321,5.1,sys,DL,DL,,EWR,321,49.78,898,1804,52.27,5.00%,0.22996158770806657,942.9,1804,Cascaded,2027,942.9,1804
D0,sys/DL/DL/EWR,717,5.1,sys,DL,DL,,EWR,717,68.17,1341,1967,71.58,5.00%,0.3434058898847631,1408.05,1967,Cascaded,2027,1408.05,1967
D0,sys/DL/DL/EWR,738,5.1,sys,DL,DL,,EWR,738,58.56,171,292,61.49,5.00%,0.04379001280409731,179.55,292,Cascaded,2027,179.55,292
D0,sys/DL/DL/EWR,739,5.1,sys,DL,DL,,EWR,739,63.33,924,1459,66.5,5.00%,0.23661971830985915,970.2,1459,Cascaded,2027,970.2,1459
D0,sys/DL/DL/EWR,757,5.1,sys,DL,DL,,EWR,757,0.0,0,1,0.0,0.00%,0.0,0.0,1,Cascaded,2027,0.0,1
D0,sys/DL/DL/EYW,220,5.1,sys,DL,DL,,EYW,220,28.57,4,14,30.0,5.00%,0.003864734299516908,4.2,14,Cascaded,2027,4.2,14
D0,sys/DL/DL/EYW,319,5.1,sys,DL,DL,,EYW,319,72.1,1031,1430,75.7,5.00%,0.996135265700483,1082.55,1430,Cascaded,2027,1082.55,1430
D0,sys/DL/DL/EZE,332,5.1,sys,DL,DL,,EZE,332,82.35,42,51,86.47,5.00%,0.12574850299401197,44.1,51,Cascaded,2027,44.1,51
D0,sys/DL/DL/EZE,339,5.1,sys,DL,DL,,EZE,339,60.67,273,450,63.7,5.00%,0.8173652694610778,286.65,450,Cascaded,2027,286.65,450
D0,sys/DL/DL/EZE,359,5.1,sys,DL,DL,,EZE,359,0.0,0,1,0.0,0.00%,0.0,0.0,1,Cascaded,2027,0.0,1
D0,sys/DL/DL/EZE,764,5.1,sys,DL,DL,,EZE,764,24.05,19,79,25.25,5.00%,0.05688622754491018,19.95,79,Cascaded,2027,19.95,79
D0,sys/DL/DL/FAI,220,5.1,sys,DL,DL,,FAI,220,63.6,304,478,66.78,5.00%,0.7581047381546134,319.2,478,Cascaded,2027,319.2,478
D0,sys/DL/DL/FAI,738,5.1,sys,DL,DL,,FAI,738,52.94,45,85,55.59,5.00%,0.11221945137157108,47.25,85,Cascaded,2027,47.25,85
D0,sys/DL/DL/FAI,739,5.1,sys,DL,DL,,FAI,739,56.52,52,92,59.35,5.00%,0.12967581047381546,54.6,92,Cascaded,2027,54.6,92
D0,sys/DL/DL/FAR,319,5.1,sys,DL,DL,,FAR,319,75.71,53,70,79.5,5.00%,0.10095238095238095,55.65,70,Cascaded,2027,55.65,70
D0,sys/DL/DL/FAR,320,5.1,sys,DL,DL,,FAR,320,82.19,120,146,86.3,5.00%,0.22857142857142856,126.0,146,Cascaded,2027,126.0,146
D0,sys/DL/DL/FAR,321,5.1,sys,DL,DL,,FAR,321,50.0,21,42,52.5,5.00%,0.04,22.05,42,Cascaded,2027,22.05,42
D0,sys/DL/DL/FAR,717,5.1,sys,DL,DL,,FAR,717,100.0,1,1,105.0,5.00%,0.0019047619047619048,1.05,1,Cascaded,2027,1.05,1
D0,sys/DL/DL/FAR,738,5.1,sys,DL,DL,,FAR,738,25.0,1,4,26.25,5.00%,0.0019047619047619048,1.05,4,Cascaded,2027,1.05,4
D0,sys/DL/DL/FAR,739,5.1,sys,DL,DL,,FAR,739,75.98,329,433,79.78,5.00%,0.6266666666666667,345.45,433,Cascaded,2027,345.45,433
D0,sys/DL/DL/FAT,738,5.1,sys,DL,DL,,FAT,738,67.78,61,90,71.17,5.00%,1.0,64.05,90,Cascaded,2027,64.05,90
D0,sys/DL/DL/FAY,717,5.1,sys,DL,DL,,FAY,717,36.07,22,61,37.87,5.00%,1.0,23.1,61,Cascaded,2027,23.1,61
D0,sys/DL/DL/FCA,220,5.1,sys,DL,DL,,FCA,220,71.23,156,219,74.79,5.00%,0.2544861337683524,163.8,219,Cascaded,2027,163.79999999999998,219
D0,sys/DL/DL/FCA,319,5.1,sys,DL,DL,,FCA,319,69.37,77,111,72.84,5.00%,0.12561174551386622,80.85,111,Cascaded,2027,80.85,111
D0,sys/DL/DL/FCA,320,5.1,sys,DL,DL,,FCA,320,74.33,249,335,78.04,5.00%,0.4061990212071778,261.45,335,Cascaded,2027,261.45,335
D0,sys/DL/DL/FCA,321,5.1,sys,DL,DL,,FCA,321,78.79,52,66,82.73,5.00%,0.08482871125611746,54.6,66,Cascaded,2027,54.6,66
D0,sys/DL/DL/FCA,738,5.1,sys,DL,DL,,FCA,738,85.71,6,7,90.0,5.00%,0.009787928221859706,6.3,7,Cascaded,2027,6.3,7
D0,sys/DL/DL/FCA,739,5.1,sys,DL,DL,,FCA,739,78.49,73,93,82.42,5.00%,0.11908646003262642,76.65,93,Cascaded,2027,76.64999999999999,93
D0,sys/DL/DL/FCO,333,5.1,sys,DL,DL,,FCO,333,68.4,381,557,71.82,5.00%,0.2705965909090909,400.05,557,Cascaded,2027,400.05,557
D0,sys/DL/DL/FCO,339,5.1,sys,DL,DL,,FCO,339,75.62,980,1296,79.4,5.00%,0.6960227272727273,1029.0,1296,Cascaded,2027,1029.0,1296
D0,sys/DL/DL/FCO,35H,5.1,sys,DL,DL,,FCO,35H,50.0,17,34,52.5,5.00%,0.012073863636363636,17.85,34,Cascaded,2027,17.85,34
D0,sys/DL/DL/FCO,35J,5.1,sys,DL,DL,,FCO,35J,21.88,7,32,22.97,5.00%,0.004971590909090909,7.35,32,Cascaded,2027,7.3500000000000005,32
D0,sys/DL/DL/FCO,35L,5.1,sys,DL,DL,,FCO,35L,21.98,20,91,23.08,5.00%,0.014204545454545454,21.0,91,Cascaded,2027,21.0,91
D0,sys/DL/DL/FCO,763,5.1,sys,DL,DL,,FCO,763,27.27,3,11,28.64,5.00%,0.002130681818181818,3.15,11,Cascaded,2027,3.1500000000000004,11
D0,sys/DL/DL/FCO,764,5.1,sys,DL,DL,,FCO,764,0.0,0,1,0.0,0.00%,0.0,0.0,1,Cascaded,2027,0.0,1
D0,sys/DL/DL/FLL,220,5.1,sys,DL,DL,,FLL,220,100.0,2,2,105.0,5.00%,0.0002878526194588371,2.1,2,Cascaded,2027,2.1,2
D0,sys/DL/DL/FLL,319,5.1,sys,DL,DL,,FLL,319,58.6,109,186,61.53,5.00%,0.01568796776050662,114.45,186,Cascaded,2027,114.44999999999999,186
D0,sys/DL/DL/FLL,320,5.1,sys,DL,DL,,FLL,320,42.27,82,194,44.38,5.00%,0.01180195739781232,86.1,194,Cascaded,2027,86.1,194
D0,sys/DL/DL/FLL,321,5.1,sys,DL,DL,,FLL,321,53.29,3886,7292,55.96,5.00%,0.5592976396085204,4080.3,7292,Cascaded,2027,4080.2999999999997,7292
D0,sys/DL/DL/FLL,738,5.1,sys,DL,DL,,FLL,738,51.59,583,1130,54.17,5.00%,0.083909038572251,612.15,1130,Cascaded,2027,612.15,1130
D0,sys/DL/DL/FLL,739,5.1,sys,DL,DL,,FLL,739,71.78,753,1049,75.37,5.00%,0.10837651122625216,790.65,1049,Cascaded,2027,790.65,1049
D0,sys/DL/DL/FLL,757,5.1,sys,DL,DL,,FLL,757,56.61,1533,2708,59.44,5.00%,0.22063903281519862,1609.65,2708,Cascaded,2027,1609.6499999999999,2708
D0,sys/DL/DL/FRA,332,5.1,sys,DL,DL,,FRA,332,66.92,613,916,70.27,5.00%,0.9967479674796748,643.65,916,Cascaded,2027,643.65,916
D0,sys/DL/DL/FRA,333,5.1,sys,DL,DL,,FRA,333,66.67,2,3,70.0,5.00%,0.0032520325203252032,2.1,3,Cascaded,2027,2.1,3
D0,sys/DL/DL/FSD,319,5.1,sys,DL,DL,,FSD,319,81.18,578,712,85.24,5.00%,0.9863481228668942,606.9,712,Cascaded,2027,606.9,712
D0,sys/DL/DL/FSD,320,5.1,sys,DL,DL,,FSD,320,88.89,8,9,93.33,5.00%,0.013651877133105802,8.4,9,Cascaded,2027,8.399999999999999,9
D0,sys/DL/DL/GCM,320,5.1,sys,DL,DL,,GCM,320,94.12,16,17,98.82,5.00%,0.043596730245231606,16.8,17,Cascaded,2027,16.8,17
D0,sys/DL/DL/GCM,321,5.1,sys,DL,DL,,GCM,321,100.0,2,2,105.0,5.00%,0.005449591280653951,2.1,2,Cascaded,2027,2.1,2
D0,sys/DL/DL/GCM,738,5.1,sys,DL,DL,,GCM,738,80.63,179,222,84.66,5.00%,0.4877384196185286,187.95,222,Cascaded,2027,187.95000000000002,222
D0,sys/DL/DL/GCM,739,5.1,sys,DL,DL,,GCM,739,85.43,170,199,89.7,5.00%,0.46321525885558584,178.5,199,Cascaded,2027,178.5,199
D0,sys/DL/DL/GDL,738,5.1,sys,DL,DL,,GDL,738,74.29,26,35,78.0,5.00%,0.07807807807807808,27.3,35,Cascaded,2027,27.299999999999997,35
D0,sys/DL/DL/GDL,739,5.1,sys,DL,DL,,GDL,739,89.5,307,343,93.98,5.00%,0.9219219219219219,322.35,343,Cascaded,2027,322.34999999999997,343
D0,sys/DL/DL/GEG,220,5.1,sys,DL,DL,,GEG,220,77.47,650,839,81.35,5.00%,0.33557046979865773,682.5,839,Cascaded,2027,682.5,839
D0,sys/DL/DL/GEG,319,5.1,sys,DL,DL,,GEG,319,75.76,50,66,79.55,5.00%,0.02581311306143521,52.5,66,Cascaded,2027,52.5,66
D0,sys/DL/DL/GEG,320,5.1,sys,DL,DL,,GEG,320,72.76,203,279,76.4,5.00%,0.10480123902942695,213.15,279,Cascaded,2027,213.14999999999998,279
D0,sys/DL/DL/GEG,321,5.1,sys,DL,DL,,GEG,321,72.22,13,18,75.83,5.00%,0.006711409395973154,13.65,18,Cascaded,2027,13.649999999999999,18
D0,sys/DL/DL/GEG,738,5.1,sys,DL,DL,,GEG,738,68.12,156,229,71.53,5.00%,0.08053691275167785,163.8,229,Cascaded,2027,163.79999999999998,229
D0,sys/DL/DL/GEG,739,5.1,sys,DL,DL,,GEG,739,75.81,865,1141,79.6,5.00%,0.44656685596282913,908.25,1141,Cascaded,2027,908.25,1141
D0,sys/DL/DL/GIG,333,5.1,sys,DL,DL,,GIG,333,60.36,67,111,63.38,5.00%,0.2851063829787234,70.35,111,Cascaded,2027,70.35,111
D0,sys/DL/DL/GIG,763,5.1,sys,DL,DL,,GIG,763,79.64,133,167,83.62,5.00%,0.5659574468085107,139.65,167,Cascaded,2027,139.65,167
D0,sys/DL/DL/GIG,764,5.1,sys,DL,DL,,GIG,764,61.4,35,57,64.47,5.00%,0.14893617021276595,36.75,57,Cascaded,2027,36.75,57
D0,sys/DL/DL/GND,738,5.1,sys,DL,DL,,GND,738,68.32,69,101,71.73,5.00%,1.0,72.45,101,Cascaded,2027,72.45,101
D0,sys/DL/DL/GNV,319,5.1,sys,DL,DL,,GNV,319,45.45,10,22,47.73,5.00%,0.008741258741258742,10.5,22,Cascaded,2027,10.5,22
D0,sys/DL/DL/GNV,320,5.1,sys,DL,DL,,GNV,320,66.67,2,3,70.0,5.00%,0.0017482517482517483,2.1,3,Cascaded,2027,2.1,3
D0,sys/DL/DL/GNV,717,5.1,sys,DL,DL,,GNV,717,74.04,1132,1529,77.74,5.00%,0.9895104895104895,1188.6,1529,Cascaded,2027,1188.6000000000001,1529
D0,sys/DL/DL/GPT,717,5.1,sys,DL,DL,,GPT,717,76.65,985,1285,80.49,5.00%,0.9979736575481256,1034.25,1285,Cascaded,2027,1034.25,1285
D0,sys/DL/DL/GPT,738,5.1,sys,DL,DL,,GPT,738,50.0,2,4,52.5,5.00%,0.002026342451874367,2.1,4,Cascaded,2027,2.0999999999999996,4
D0,sys/DL/DL/GRB,320,5.1,sys,DL,DL,,GRB,320,84.21,32,38,88.42,5.00%,0.07390300230946882,33.6,38,Cascaded,2027,33.6,38
D0,sys/DL/DL/GRB,717,5.1,sys,DL,DL,,GRB,717,65.03,119,183,68.28,5.00%,0.2748267898383372,124.95,183,Cascaded,2027,124.94999999999999,183
D0,sys/DL/DL/GRB,738,5.1,sys,DL,DL,,GRB,738,88.64,281,317,93.08,5.00%,0.648960739030023,295.05,317,Cascaded,2027,295.05,317
D0,sys/DL/DL/GRB,739,5.1,sys,DL,DL,,GRB,739,100.0,1,1,105.0,5.00%,0.0023094688221709007,1.05,1,Cascaded,2027,1.05,1
D0,sys/DL/DL/GRR,319,5.1,sys,DL,DL,,GRR,319,75.68,84,111,79.46,5.00%,0.057692307692307696,88.2,111,Cascaded,2027,88.2,111
D0,sys/DL/DL/GRR,320,5.1,sys,DL,DL,,GRR,320,77.36,82,106,81.23,5.00%,0.05631868131868132,86.1,106,Cascaded,2027,86.1,106
D0,sys/DL/DL/GRR,321,5.1,sys,DL,DL,,GRR,321,77.78,14,18,81.67,5.00%,0.009615384615384616,14.7,18,Cascaded,2027,14.7,18
D0,sys/DL/DL/GRR,717,5.1,sys,DL,DL,,GRR,717,69.09,38,55,72.55,5.00%,0.0260989010989011,39.9,55,Cascaded,2027,39.9,55
D0,sys/DL/DL/GRR,738,5.1,sys,DL,DL,,GRR,738,60.0,33,55,63.0,5.00%,0.022664835164835164,34.65,55,Cascaded,2027,34.65,55
D0,sys/DL/DL/GRR,739,5.1,sys,DL,DL,,GRR,739,75.69,1205,1592,79.48,5.00%,0.8276098901098901,1265.25,1592,Cascaded,2027,1265.25,1592
D0,sys/DL/DL/GRU,332,5.1,sys,DL,DL,,GRU,332,100.0,2,2,105.0,5.00%,0.0027100271002710027,2.1,2,Cascaded,2027,2.1,2
D0,sys/DL/DL/GRU,333,5.1,sys,DL,DL,,GRU,333,73.63,377,512,77.31,5.00%,0.510840108401084,395.85,512,Cascaded,2027,395.84999999999997,512
D0,sys/DL/DL/GRU,339,5.1,sys,DL,DL,,GRU,339,74.02,359,485,77.72,5.00%,0.48644986449864497,376.95,485,Cascaded,2027,376.95,485
D0,sys/DL/DL/GRU,359,5.1,sys,DL,DL,,GRU,359,0.0,0,1,0.0,0.00%,0.0,0.0,1,Cascaded,2027,0.0,1
D0,sys/DL/DL/GSO,319,5.1,sys,DL,DL,,GSO,319,63.46,33,52,66.63,5.00%,0.01584253480556889,34.65,52,Cascaded,2027,34.65,52
D0,sys/DL/DL/GSO,320,5.1,sys,DL,DL,,GSO,320,100.0,3,3,105.0,5.00%,0.0014402304368698992,3.15,3,Cascaded,2027,3.1500000000000004,3
D0,sys/DL/DL/GSO,717,5.1,sys,DL,DL,,GSO,717,76.27,1466,1922,80.09,5.00%,0.7037926068170908,1539.3,1922,Cascaded,2027,1539.3000000000002,1922
D0,sys/DL/DL/GSO,738,5.1,sys,DL,DL,,GSO,738,81.1,236,291,85.15,5.00%,0.11329812770043207,247.8,291,Cascaded,2027,247.8,291
D0,sys/DL/DL/GSO,739,5.1,sys,DL,DL,,GSO,739,83.94,345,411,88.14,5.00%,0.16562650024003842,362.25,411,Cascaded,2027,362.25,411
D0,sys/DL/DL/GSP,319,5.1,sys,DL,DL,,GSP,319,64.62,42,65,67.85,5.00%,0.017507294706127552,44.1,65,Cascaded,2027,44.099999999999994,65
D0,sys/DL/DL/GSP,320,5.1,sys,DL,DL,,GSP,320,86.67,13,15,91.0,5.00%,0.005418924551896623,13.65,15,Cascaded,2027,13.649999999999999,15
D0,sys/DL/DL/GSP,717,5.1,sys,DL,DL,,GSP,717,74.51,1374,1844,78.24,5.00%,0.5727386411004586,1442.7,1844,Cascaded,2027,1442.6999999999998,1844
D0,sys/DL/DL/GSP,738,5.1,sys,DL,DL,,GSP,738,73.59,209,284,77.27,5.00%,0.08711963318049187,219.45,284,Cascaded,2027,219.45,284
D0,sys/DL/DL/GSP,739,5.1,sys,DL,DL,,GSP,739,83.17,761,915,87.33,5.00%,0.3172155064610254,799.05,915,Cascaded,2027,799.05,915
D0,sys/DL/DL/GSP,757,5.1,sys,DL,DL,,GSP,757,0.0,0,1,0.0,0.00%,0.0,0.0,1,Cascaded,2027,0.0,1
D0,sys/DL/DL/GUA,757,5.1,sys,DL,DL,,GUA,757,66.83,270,404,70.17,5.00%,1.0,283.5,404,Cascaded,2027,283.5,404
D0,sys/DL/DL/GVA,763,5.1,sys,DL,DL,,GVA,763,56.25,18,32,59.06,5.00%,0.2608695652173913,18.9,32,Cascaded,2027,18.900000000000002,32
D0,sys/DL/DL/GVA,764,5.1,sys,DL,DL,,GVA,764,53.12,51,96,55.78,5.00%,0.7391304347826086,53.55,96,Cascaded,2027,53.550000000000004,96
D0,sys/DL/DL/HAV,738,5.1,sys,DL,DL,,HAV,738,77.02,409,531,80.88,5.00%,1.0,429.45,531,Cascaded,2027,429.45,531
D0,sys/DL/DL/HDN,319,5.1,sys,DL,DL,,HDN,319,56.25,18,32,59.06,5.00%,0.2535211267605634,18.9,32,Cascaded,2027,18.9,32
D0,sys/DL/DL/HDN,320,5.1,sys,DL,DL,,HDN,320,80.0,4,5,84.0,5.00%,0.056338028169014086,4.2,5,Cascaded,2027,4.2,5
D0,sys/DL/DL/HDN,757,5.1,sys,DL,DL,,HDN,757,51.04,49,96,53.59,5.00%,0.6901408450704225,51.45,96,Cascaded,2027,51.449999999999996,96
D0,sys/DL/DL/HND,359,5.1,sys,DL,DL,,HND,359,53.62,608,1134,56.3,5.00%,0.4694980694980695,638.4,1134,Cascaded,2027,638.4,1134
D0,sys/DL/DL/HND,35H,5.1,sys,DL,DL,,HND,35H,58.17,89,153,61.08,5.00%,0.06872586872586872,93.45,153,Cascaded,2027,93.45,153
D0,sys/DL/DL/HND,35J,5.1,sys,DL,DL,,HND,35J,57.0,289,507,59.85,5.00%,0.22316602316602316,303.45,507,Cascaded,2027,303.45,507
D0,sys/DL/DL/HND,763,5.1,sys,DL,DL,,HND,763,85.79,308,359,90.08,5.00%,0.23783783783783785,323.4,359,Cascaded,2027,323.4,359
D0,sys/DL/DL/HND,764,5.1,sys,DL,DL,,HND,764,100.0,1,1,105.0,5.00%,0.0007722007722007722,1.05,1,Cascaded,2027,1.05,1
D0,sys/DL/DL/HNL,321,5.1,sys,DL,DL,,HNL,321,81.46,835,1025,85.54,5.00%,0.2804837084313067,876.75,1025,Cascaded,2027,876.75,1025
D0,sys/DL/DL/HNL,333,5.1,sys,DL,DL,,HNL,333,55.66,398,715,58.45,5.00%,0.133691635875042,417.9,715,Cascaded,2027,417.9,715
D0,sys/DL/DL/HNL,339,5.1,sys,DL,DL,,HNL,339,100.0,1,1,105.0,5.00%,0.0003359086328518643,1.05,1,Cascaded,2027,1.05,1
D0,sys/DL/DL/HNL,359,5.1,sys,DL,DL,,HNL,359,0.0,0,1,0.0,0.00%,0.0,0.0,1,Cascaded,2027,0.0,1
D0,sys/DL/DL/HNL,35H,5.1,sys,DL,DL,,HNL,35H,0.0,0,5,0.0,0.00%,0.0,0.0,5,Cascaded,2027,0.0,5
D0,sys/DL/DL/HNL,763,5.1,sys,DL,DL,,HNL,763,76.67,1742,2272,80.51,5.00%,0.5851528384279476,1829.1,2272,Cascaded,2027,1829.1,2272
D0,sys/DL/DL/HNL,764,5.1,sys,DL,DL,,HNL,764,100.0,1,1,105.0,5.00%,0.0003359086328518643,1.05,1,Cascaded,2027,1.05,1
D0,sys/DL/DL/HOU,319,5.1,sys,DL,DL,,HOU,319,68.78,141,205,72.22,5.00%,0.14343845371312308,148.05,205,Cascaded,2027,148.05,205
D0,sys/DL/DL/HOU,320,5.1,sys,DL,DL,,HOU,320,69.76,413,592,73.25,5.00%,0.4201424211597152,433.65,592,Cascaded,2027,433.65000000000003,592
D0,sys/DL/DL/HOU,717,5.1,sys,DL,DL,,HOU,717,70.86,428,604,74.4,5.00%,0.43540183112919634,449.4,604,Cascaded,2027,449.40000000000003,604
D0,sys/DL/DL/HOU,738,5.1,sys,DL,DL,,HOU,738,100.0,1,1,105.0,5.00%,0.001017293997965412,1.05,1,Cascaded,2027,1.05,1
D0,sys/DL/DL/HPN,717,5.1,sys,DL,DL,,HPN,717,52.29,366,700,54.9,5.00%,1.0,384.3,700,Cascaded,2027,384.3,700
D0,sys/DL/DL/HRL,319,5.1,sys,DL,DL,,HRL,319,74.8,92,123,78.54,5.00%,0.71875,96.6,123,Cascaded,2027,96.60000000000001,123
D0,sys/DL/DL/HRL,320,5.1,sys,DL,DL,,HRL,320,78.26,36,46,82.17,5.00%,0.28125,37.8,46,Cascaded,2027,37.800000000000004,46
D0,sys/DL/DL/HSV,319,5.1,sys,DL,DL,,HSV,319,100.0,1,1,105.0,5.00%,0.0006013229104028864,1.05,1,Cascaded,2027,1.05,1
D0,sys/DL/DL/HSV,717,5.1,sys,DL,DL,,HSV,717,75.41,1478,1960,79.18,5.00%,0.888755261575466,1551.9,1960,Cascaded,2027,1551.9,1960
D0,sys/DL/DL/HSV,738,5.1,sys,DL,DL,,HSV,738,85.14,63,74,89.39,5.00%,0.03788334335538184,66.15,74,Cascaded,2027,66.15,74
D0,sys/DL/DL/HSV,739,5.1,sys,DL,DL,,HSV,739,74.69,121,162,78.43,5.00%,0.07276007215874924,127.05,162,Cascaded,2027,127.05000000000001,162
D0,sys/DL/DL/IAD,220,5.1,sys,DL,DL,,IAD,220,65.77,782,1189,69.06,5.00%,0.40920983778126635,821.1,1189,Cascaded,2027,821.1,1189
D0,sys/DL/DL/IAD,319,5.1,sys,DL,DL,,IAD,319,60.51,403,666,63.54,5.00%,0.2108843537414966,423.15,666,Cascaded,2027,423.15,666
D0,sys/DL/DL/IAD,320,5.1,sys,DL,DL,,IAD,320,63.91,216,338,67.1,5.00%,0.1130298273155416,226.8,338,Cascaded,2027,226.79999999999998,338
D0,sys/DL/DL/IAD,321,5.1,sys,DL,DL,,IAD,321,100.0,1,1,105.0,5.00%,0.0005232862375719519,1.05,1,Cascaded,2027,1.05,1
D0,sys/DL/DL/IAD,717,5.1,sys,DL,DL,,IAD,717,70.48,74,105,74.0,5.00%,0.03872318158032444,77.7,105,Cascaded,2027,77.7,105
D0,sys/DL/DL/IAD,738,5.1,sys,DL,DL,,IAD,738,69.05,406,588,72.5,5.00%,0.21245421245421245,426.3,588,Cascaded,2027,426.3,588
D0,sys/DL/DL/IAD,739,5.1,sys,DL,DL,,IAD,739,80.56,29,36,84.58,5.00%,0.015175300889586603,30.45,36,Cascaded,2027,30.45,36
D0,sys/DL/DL/IAH,220,5.1,sys,DL,DL,,IAH,220,62.98,2040,3239,66.13,5.00%,0.396964389959136,2142.0,3239,Cascaded,2027,2142.0,3239
D0,sys/DL/DL/IAH,319,5.1,sys,DL,DL,,IAH,319,73.03,1595,2184,76.68,5.00%,0.3103716676396186,1674.75,2184,Cascaded,2027,1674.75,2184
D0,sys/DL/DL/IAH,320,5.1,sys,DL,DL,,IAH,320,54.45,532,977,57.18,5.00%,0.10352208600895116,558.6,977,Cascaded,2027,558.6,977
D0,sys/DL/DL/IAH,321,5.1,sys,DL,DL,,IAH,321,55.13,940,1705,57.89,5.00%,0.18291496400077836,987.0,1705,Cascaded,2027,987.0,1705
D0,sys/DL/DL/IAH,717,5.1,sys,DL,DL,,IAH,717,55.81,24,43,58.6,5.00%,0.004670169293636894,25.2,43,Cascaded,2027,25.2,43
D0,sys/DL/DL/IAH,738,5.1,sys,DL,DL,,IAH,738,71.43,5,7,75.0,5.00%,0.000972951936174353,5.25,7,Cascaded,2027,5.25,7
D0,sys/DL/DL/IAH,739,5.1,sys,DL,DL,,IAH,739,100.0,3,3,105.0,5.00%,0.0005837711617046118,3.15,3,Cascaded,2027,3.15,3
D0,sys/DL/DL/ICN,359,5.1,sys,DL,DL,,ICN,359,60.63,402,663,63.67,5.00%,0.31381733021077285,422.1,663,Cascaded,2027,422.09999999999997,663
D0,sys/DL/DL/ICN,35H,5.1,sys,DL,DL,,ICN,35H,62.38,738,1183,65.5,5.00%,0.5761124121779859,774.9,1183,Cascaded,2027,774.9,1183
D0,sys/DL/DL/ICN,35J,5.1,sys,DL,DL,,ICN,35J,67.79,141,208,71.18,5.00%,0.11007025761124122,148.05,208,Cascaded,2027,148.04999999999998,208
D0,sys/DL/DL/ICT,717,5.1,sys,DL,DL,,ICT,717,68.14,770,1130,71.55,5.00%,1.0,808.5,1130,Cascaded,2027,808.5,1130
D0,sys/DL/DL/IDA,220,5.1,sys,DL,DL,,IDA,220,75.08,235,313,78.83,5.00%,1.0,246.75,313,Cascaded,2027,246.75,313
D0,sys/DL/DL/ILM,319,5.1,sys,DL,DL,,ILM,319,100.0,6,6,105.0,5.00%,0.008097165991902834,6.3,6,Cascaded,2027,6.3,6
D0,sys/DL/DL/ILM,717,5.1,sys,DL,DL,,ILM,717,64.7,735,1136,67.94,5.00%,0.9919028340080972,771.75,1136,Cascaded,2027,771.75,1136
D0,sys/DL/DL/IND,220,5.1,sys,DL,DL,,IND,220,79.31,92,116,83.28,5.00%,0.026736413833188026,96.6,116,Cascaded,2027,96.60000000000001,116
D0,sys/DL/DL/IND,319,5.1,sys,DL,DL,,IND,319,74.35,200,269,78.07,5.00%,0.05812263876780006,210.0,269,Cascaded,2027,210.0,269
D0,sys/DL/DL/IND,320,5.1,sys,DL,DL,,IND,320,56.95,127,223,59.8,5.00%,0.036907875617553036,133.35,223,Cascaded,2027,133.35,223
D0,sys/DL/DL/IND,321,5.1,sys,DL,DL,,IND,321,75.45,83,110,79.23,5.00%,0.024120895088637025,87.15,110,Cascaded,2027,87.15,110
D0,sys/DL/DL/IND,717,5.1,sys,DL,DL,,IND,717,73.28,181,247,76.94,5.00%,0.05260098808485905,190.05,247,Cascaded,2027,190.05,247
D0,sys/DL/DL/IND,738,5.1,sys,DL,DL,,IND,738,75.75,456,602,79.53,5.00%,0.13251961639058413,478.8,602,Cascaded,2027,478.8,602
D0,sys/DL/DL/IND,739,5.1,sys,DL,DL,,IND,739,80.15,2301,2871,84.15,5.00%,0.6687009590235397,2416.05,2871,Cascaded,2027,2416.05,2871
D0,sys/DL/DL/IND,757,5.1,sys,DL,DL,,IND,757,100.0,1,1,105.0,5.00%,0.0002906131938390003,1.05,1,Cascaded,2027,1.05,1
D0,sys/DL/DL/JAC,319,5.1,sys,DL,DL,,JAC,319,71.98,519,721,75.58,5.00%,0.8550247116968699,544.95,721,Cascaded,2027,544.95,721
D0,sys/DL/DL/JAC,757,5.1,sys,DL,DL,,JAC,757,44.22,88,199,46.43,5.00%,0.14497528830313014,92.4,199,Cascaded,2027,92.4,199
D0,sys/DL/DL/JAN,717,5.1,sys,DL,DL,,JAN,717,77.3,1519,1965,81.17,5.00%,1.0,1594.95,1965,Cascaded,2027,1594.95,1965
D0,sys/DL/DL/JAX,220,5.1,sys,DL,DL,,JAX,220,60.0,237,395,63.0,5.00%,0.07013909440662917,248.85,395,Cascaded,2027,248.85,395
D0,sys/DL/DL/JAX,319,5.1,sys,DL,DL,,JAX,319,77.44,230,297,81.31,5.00%,0.06806747558449246,241.5,297,Cascaded,2027,241.5,297
D0,sys/DL/DL/JAX,320,5.1,sys,DL,DL,,JAX,320,56.06,273,487,58.86,5.00%,0.08079313406333234,286.65,487,Cascaded,2027,286.65,487
D0,sys/DL/DL/JAX,321,5.1,sys,DL,DL,,JAX,321,62.54,718,1148,65.67,5.00%,0.21248890204202428,753.9,1148,Cascaded,2027,753.9,1148
D0,sys/DL/DL/JAX,717,5.1,sys,DL,DL,,JAX,717,86.67,13,15,91.0,5.00%,0.0038472920982539215,13.65,15,Cascaded,2027,13.649999999999999,15
D0,sys/DL/DL/JAX,738,5.1,sys,DL,DL,,JAX,738,84.38,27,32,88.59,5.00%,0.007990529742527374,28.35,32,Cascaded,2027,28.349999999999998,32
D0,sys/DL/DL/JAX,739,5.1,sys,DL,DL,,JAX,739,70.6,401,568,74.13,5.00%,0.1186741639538325,421.05,568,Cascaded,2027,421.04999999999995,568
D0,sys/DL/DL/JAX,757,5.1,sys,DL,DL,,JAX,757,68.49,1480,2161,71.91,5.00%,0.437999408108908,1554.0,2161,Cascaded,2027,1554.0,2161
D0,sys/DL/DL/JFK,220,5.1,sys,DL,DL,,JFK,220,65.53,1397,2132,68.8,5.00%,0.04743955446889432,1466.85,2132,Cascaded,2027,1466.8500000000001,2132
D0,sys/DL/DL/JFK,319,5.1,sys,DL,DL,,JFK,319,75.03,1358,1810,78.78,5.00%,0.04611518609073621,1425.9,1810,Cascaded,2027,1425.9,1810
D0,sys/DL/DL/JFK,320,5.1,sys,DL,DL,,JFK,320,69.37,188,271,72.84,5.00%,0.006384134745992936,197.4,271,Cascaded,2027,197.4,271
D0,sys/DL/DL/JFK,321,5.1,sys,DL,DL,,JFK,321,63.49,9708,15290,66.67,5.00%,0.32966585167074164,10193.4,15290,Cascaded,2027,10193.4,15290
D0,sys/DL/DL/JFK,332,5.1,sys,DL,DL,,JFK,332,63.92,590,923,67.12,5.00%,0.020035316490084217,619.5,923,Cascaded,2027,619.5,923
D0,sys/DL/DL/JFK,333,5.1,sys,DL,DL,,JFK,333,60.24,1383,2296,63.25,5.00%,0.046964140179299105,1452.15,2296,Cascaded,2027,1452.15,2296
D0,sys/DL/DL/JFK,339,5.1,sys,DL,DL,,JFK,339,56.18,1500,2670,58.99,5.00%,0.05093724531377343,1575.0,2670,Cascaded,2027,1575.0,2670
D0,sys/DL/DL/JFK,738,5.1,sys,DL,DL,,JFK,738,71.09,1517,2134,74.64,5.00%,0.051514534093996193,1592.85,2134,Cascaded,2027,1592.8500000000001,2134
D0,sys/DL/DL/JFK,739,5.1,sys,DL,DL,,JFK,739,68.44,3695,5399,71.86,5.00%,0.12547541428959522,3879.75,5399,Cascaded,2027,3879.75,5399
D0,sys/DL/DL/JFK,757,5.1,sys,DL,DL,,JFK,757,71.99,1640,2278,75.59,5.00%,0.05569138820972562,1722.0,2278,Cascaded,2027,1722.0,2278
D0,sys/DL/DL/JFK,763,5.1,sys,DL,DL,,JFK,763,68.2,4577,6711,71.61,5.00%,0.155426514534094,4805.85,6711,Cascaded,2027,4805.85,6711
D0,sys/DL/DL/JFK,764,5.1,sys,DL,DL,,JFK,764,60.16,1895,3150,63.17,5.00%,0.0643507199130671,1989.75,3150,Cascaded,2027,1989.75,3150
D0,sys/DL/DL/JNB,35H,5.1,sys,DL,DL,,JNB,35H,60.32,190,315,63.33,5.00%,1.0,199.5,315,Cascaded,2027,199.5,315
D0,sys/DL/DL/JNU,738,5.1,sys,DL,DL,,JNU,738,89.21,124,139,93.67,5.00%,1.0,130.2,139,Cascaded,2027,130.2,139
D0,sys/DL/DL/KEF,757,5.1,sys,DL,DL,,KEF,757,63.56,143,225,66.73,5.00%,0.5257352941176471,150.15,225,Cascaded,2027,150.15,225
D0,sys/DL/DL/KEF,763,5.1,sys,DL,DL,,KEF,763,63.55,129,203,66.72,5.00%,0.4742647058823529,135.45,203,Cascaded,2027,135.45000000000002,203
D0,sys/DL/DL/KIN,738,5.1,sys,DL,DL,,KIN,738,76.19,256,336,80.0,5.00%,0.9481481481481482,268.8,336,Cascaded,2027,268.8,336
D0,sys/DL/DL/KIN,739,5.1,sys,DL,DL,,KIN,739,63.64,14,22,66.82,5.00%,0.05185185185185185,14.7,22,Cascaded,2027,14.7,22
D0,sys/DL/DL/KOA,321,5.1,sys,DL,DL,,KOA,321,72.09,328,455,75.69,5.00%,0.6119402985074627,344.4,455,Cascaded,2027,344.4,455
D0,sys/DL/DL/KOA,757,5.1,sys,DL,DL,,KOA,757,65.52,95,145,68.79,5.00%,0.17723880597014927,99.75,145,Cascaded,2027,99.74999999999999,145
D0,sys/DL/DL/KOA,763,5.1,sys,DL,DL,,KOA,763,56.78,113,199,59.62,5.00%,0.21082089552238806,118.65,199,Cascaded,2027,118.64999999999999,199
D0,sys/DL/DL/LAS,220,5.1,sys,DL,DL,,LAS,220,77.19,44,57,81.05,5.00%,0.004154470777074875,46.2,57,Cascaded,2027,46.199999999999996,57
D0,sys/DL/DL/LAS,319,5.1,sys,DL,DL,,LAS,319,80.0,52,65,84.0,5.00%,0.004909829100179398,54.6,65,Cascaded,2027,54.599999999999994,65
D0,sys/DL/DL/LAS,320,5.1,sys,DL,DL,,LAS,320,60.0,111,185,63.0,5.00%,0.010480596733075253,116.55,185,Cascaded,2027,116.55,185
D0,sys/DL/DL/LAS,321,5.1,sys,DL,DL,,LAS,321,66.62,3892,5842,69.95,5.00%,0.3674818241903503,4086.6,5842,Cascaded,2027,4086.6,5842
D0,sys/DL/DL/LAS,332,5.1,sys,DL,DL,,LAS,332,66.67,6,9,70.0,5.00%,0.000566518742328392,6.3,9,Cascaded,2027,6.3,9
D0,sys/DL/DL/LAS,333,5.1,sys,DL,DL,,LAS,333,65.29,79,121,68.55,5.00%,0.007459163440657161,82.95,121,Cascaded,2027,82.94999999999999,121
D0,sys/DL/DL/LAS,339,5.1,sys,DL,DL,,LAS,339,65.77,73,111,69.05,5.00%,0.00689264469832877,76.65,111,Cascaded,2027,76.64999999999999,111
D0,sys/DL/DL/LAS,359,5.1,sys,DL,DL,,LAS,359,100.0,1,1,105.0,5.00%,9.441979038806533e-05,1.05,1,Cascaded,2027,1.0499999999999998,1
D0,sys/DL/DL/LAS,35H,5.1,sys,DL,DL,,LAS,35H,33.33,2,6,35.0,5.00%,0.00018883958077613066,2.1,6,Cascaded,2027,2.0999999999999996,6
D0,sys/DL/DL/LAS,35J,5.1,sys,DL,DL,,LAS,35J,62.5,5,8,65.62,5.00%,0.0004720989519403267,5.25,8,Cascaded,2027,5.25,8
D0,sys/DL/DL/LAS,738,5.1,sys,DL,DL,,LAS,738,66.84,1153,1725,70.18,5.00%,0.10886601831743933,1210.65,1725,Cascaded,2027,1210.6499999999999,1725
D0,sys/DL/DL/LAS,739,5.1,sys,DL,DL,,LAS,739,76.49,3622,4735,80.32,5.00%,0.34198848078557265,3803.1,4735,Cascaded,2027,3803.1,4735
D0,sys/DL/DL/LAS,757,5.1,sys,DL,DL,,LAS,757,55.94,1503,2687,58.73,5.00%,0.1419129449532622,1578.15,2687,Cascaded,2027,1578.1499999999999,2687
D0,sys/DL/DL/LAS,763,5.1,sys,DL,DL,,LAS,763,58.11,43,74,61.01,5.00%,0.0040600509866868095,45.15,74,Cascaded,2027,45.15,74
D0,sys/DL/DL/LAS,764,5.1,sys,DL,DL,,LAS,764,55.56,5,9,58.33,5.00%,0.0004720989519403267,5.25,9,Cascaded,2027,5.25,9
D0,sys/DL/DL/LAX,319,5.1,sys,DL,DL,,LAX,319,75.9,4195,5527,79.7,5.00%,0.15492281556983528,4404.75,5527,Cascaded,2027,4404.75,5527
D0,sys/DL/DL/LAX,320,5.1,sys,DL,DL,,LAX,320,75.64,683,903,79.42,5.00%,0.025223428613634684,717.15,903,Cascaded,2027,717.1500000000001,903
D0,sys/DL/DL/LAX,321,5.1,sys,DL,DL,,LAX,321,65.95,6894,10454,69.24,5.00%,0.2545978284954576,7238.7,10454,Cascaded,2027,7238.700000000001,10454
D0,sys/DL/DL/LAX,332,5.1,sys,DL,DL,,LAX,332,66.43,186,280,69.75,5.00%,0.006869044981165522,195.3,280,Cascaded,2027,195.3,280
D0,sys/DL/DL/LAX,333,5.1,sys,DL,DL,,LAX,333,59.43,104,175,62.4,5.00%,0.0038407563335549153,109.2,175,Cascaded,2027,109.2,175
D0,sys/DL/DL/LAX,339,5.1,sys,DL,DL,,LAX,339,43.16,82,190,45.32,5.00%,0.0030282886476106063,86.1,190,Cascaded,2027,86.10000000000001,190
D0,sys/DL/DL/LAX,359,5.1,sys,DL,DL,,LAX,359,60.81,301,495,63.85,5.00%,0.011116035157692591,316.05,495,Cascaded,2027,316.05,495
D0,sys/DL/DL/LAX,35H,5.1,sys,DL,DL,,LAX,35H,46.96,247,526,49.31,5.00%,0.009121796292192924,259.35,526,Cascaded,2027,259.35,526
D0,sys/DL/DL/LAX,35J,5.1,sys,DL,DL,,LAX,35J,55.48,395,712,58.25,5.00%,0.014587487997636457,414.75,712,Cascaded,2027,414.75,712
D0,sys/DL/DL/LAX,738,5.1,sys,DL,DL,,LAX,738,69.84,4097,5866,73.34,5.00%,0.151303641332447,4301.85,5866,Cascaded,2027,4301.85,5866
D0,sys/DL/DL/LAX,739,5.1,sys,DL,DL,,LAX,739,74.37,5143,6915,78.09,5.00%,0.18993278676416278,5400.15,6915,Cascaded,2027,5400.150000000001,6915
D0,sys/DL/DL/LAX,757,5.1,sys,DL,DL,,LAX,757,64.49,1954,3030,67.71,5.00%,0.07216190265159908,2051.7,3030,Cascaded,2027,2051.7000000000003,3030
D0,sys/DL/DL/LAX,763,5.1,sys,DL,DL,,LAX,763,62.63,2118,3382,65.76,5.00%,0.0782184799468203,2223.9,3382,Cascaded,2027,2223.9,3382
D0,sys/DL/DL/LAX,764,5.1,sys,DL,DL,,LAX,764,63.22,679,1074,66.38,5.00%,0.025075707216190266,712.95,1074,Cascaded,2027,712.95,1074
D0,sys/DL/DL/LEX,319,5.1,sys,DL,DL,,LEX,319,83.82,57,68,88.01,5.00%,0.03612167300380228,59.85,68,Cascaded,2027,59.85,68
D0,sys/DL/DL/LEX,320,5.1,sys,DL,DL,,LEX,320,68.18,30,44,71.59,5.00%,0.019011406844106463,31.5,44,Cascaded,2027,31.5,44
D0,sys/DL/DL/LEX,717,5.1,sys,DL,DL,,LEX,717,79.29,1459,1840,83.26,5.00%,0.9245880861850444,1531.95,1840,Cascaded,2027,1531.95,1840
D0,sys/DL/DL/LEX,738,5.1,sys,DL,DL,,LEX,738,91.67,11,12,96.25,5.00%,0.00697084917617237,11.55,12,Cascaded,2027,11.55,12
D0,sys/DL/DL/LEX,739,5.1,sys,DL,DL,,LEX,739,84.0,21,25,88.2,5.00%,0.013307984790874524,22.05,25,Cascaded,2027,22.05,25
D0,sys/DL/DL/LGA,220,5.1,sys,DL,DL,,LGA,220,67.18,6275,9340,70.54,5.00%,0.34487496564990383,6588.75,9340,Cascaded,2027,6588.75,9340
D0,sys/DL/DL/LGA,319,5.1,sys,DL,DL,,LGA,319,61.4,35,57,64.47,5.00%,0.0019236053860950811,36.75,57,Cascaded,2027,36.75,57
D0,sys/DL/DL/LGA,320,5.1,sys,DL,DL,,LGA,320,62.96,328,521,66.1,5.00%,0.01802693047540533,344.4,521,Cascaded,2027,344.4,521
D0,sys/DL/DL/LGA,321,5.1,sys,DL,DL,,LGA,321,60.25,7715,12805,63.26,5.00%,0.4240175872492443,8100.75,12805,Cascaded,2027,8100.75,12805
D0,sys/DL/DL/LGA,738,5.1,sys,DL,DL,,LGA,738,64.24,2289,3563,67.46,5.00%,0.1258037922506183,2403.45,3563,Cascaded,2027,2403.45,3563
D0,sys/DL/DL/LGA,739,5.1,sys,DL,DL,,LGA,739,66.88,1553,2322,70.23,5.00%,0.08535311898873317,1630.65,2322,Cascaded,2027,1630.65,2322
D0,sys/DL/DL/LGB,220,5.1,sys,DL,DL,,LGB,220,76.85,166,216,80.69,5.00%,0.50920245398773,174.3,216,Cascaded,2027,174.3,216
D0,sys/DL/DL/LGB,319,5.1,sys,DL,DL,,LGB,319,100.0,1,1,105.0,5.00%,0.003067484662576687,1.05,1,Cascaded,2027,1.05,1
D0,sys/DL/DL/LGB,320,5.1,sys,DL,DL,,LGB,320,73.95,159,215,77.65,5.00%,0.48773006134969327,166.95,215,Cascaded,2027,166.95000000000002,215
D0,sys/DL/DL/LGW,763,5.1,sys,DL,DL,,LGW,763,53.54,53,99,56.21,5.00%,1.0,55.65,99,Cascaded,2027,55.65,99
D0,sys/DL/DL/LHR,332,5.1,sys,DL,DL,,LHR,332,70.62,649,919,74.15,5.00%,0.2617991125453812,681.45,919,Cascaded,2027,681.4499999999999,919
D0,sys/DL/DL/LHR,333,5.1,sys,DL,DL,,LHR,333,100.0,2,2,105.0,5.00%,0.0008067769261799112,2.1,2,Cascaded,2027,2.0999999999999996,2
D0,sys/DL/DL/LHR,339,5.1,sys,DL,DL,,LHR,339,70.99,1194,1682,74.54,5.00%,0.481645824929407,1253.7,1682,Cascaded,2027,1253.6999999999998,1682
D0,sys/DL/DL/LHR,764,5.1,sys,DL,DL,,LHR,764,70.76,634,896,74.3,5.00%,0.25574828559903184,665.7,896,Cascaded,2027,665.6999999999999,896
D0,sys/DL/DL/LIH,321,5.1,sys,DL,DL,,LIH,321,76.0,342,450,79.8,5.00%,0.679920477137177,359.1,450,Cascaded,2027,359.09999999999997,450
D0,sys/DL/DL/LIH,757,5.1,sys,DL,DL,,LIH,757,62.89,161,256,66.04,5.00%,0.32007952286282304,169.05,256,Cascaded,2027,169.04999999999998,256
D0,sys/DL/DL/LIM,333,5.1,sys,DL,DL,,LIM,333,71.63,154,215,75.21,5.00%,0.652542372881356,161.7,215,Cascaded,2027,161.70000000000002,215
D0,sys/DL/DL/LIM,359,5.1,sys,DL,DL,,LIM,359,0.0,0,1,0.0,0.00%,0.0,0.0,1,Cascaded,2027,0.0,1
D0,sys/DL/DL/LIM,35H,5.1,sys,DL,DL,,LIM,35H,62.5,15,24,65.62,5.00%,0.0635593220338983,15.75,24,Cascaded,2027,15.75,24
D0,sys/DL/DL/LIM,35J,5.1,sys,DL,DL,,LIM,35J,48.0,12,25,50.4,5.00%,0.05084745762711865,12.6,25,Cascaded,2027,12.600000000000001,25
D0,sys/DL/DL/LIM,35L,5.1,sys,DL,DL,,LIM,35L,22.34,21,94,23.46,5.00%,0.08898305084745763,22.05,94,Cascaded,2027,22.05,94
D0,sys/DL/DL/LIM,763,5.1,sys,DL,DL,,LIM,763,64.15,34,53,67.36,5.00%,0.1440677966101695,35.7,53,Cascaded,2027,35.7,53
D0,sys/DL/DL/LIR,321,5.1,sys,DL,DL,,LIR,321,68.72,156,227,72.16,5.00%,0.30708661417322836,163.8,227,Cascaded,2027,163.79999999999998,227
D0,sys/DL/DL/LIR,739,5.1,sys,DL,DL,,LIR,739,86.91,312,359,91.25,5.00%,0.6141732283464567,327.6,359,Cascaded,2027,327.59999999999997,359
D0,sys/DL/DL/LIR,757,5.1,sys,DL,DL,,LIR,757,53.33,40,75,56.0,5.00%,0.07874015748031496,42.0,75,Cascaded,2027,42.0,75
D0,sys/DL/DL/LIS,333,5.1,sys,DL,DL,,LIS,333,8.33,1,12,8.75,5.00%,0.0033112582781456954,1.05,12,Cascaded,2027,1.05,12
D0,sys/DL/DL/LIS,339,5.1,sys,DL,DL,,LIS,339,39.85,161,404,41.84,5.00%,0.5331125827814569,169.05,404,Cascaded,2027,169.05,404
D0,sys/DL/DL/LIS,763,5.1,sys,DL,DL,,LIS,763,55.12,140,254,57.87,5.00%,0.46357615894039733,147.0,254,Cascaded,2027,147.0,254
D0,sys/DL/DL/LIT,319,5.1,sys,DL,DL,,LIT,319,62.5,5,8,65.62,5.00%,0.003003003003003003,5.25,8,Cascaded,2027,5.25,8
D0,sys/DL/DL/LIT,320,5.1,sys,DL,DL,,LIT,320,72.73,8,11,76.36,5.00%,0.004804804804804805,8.4,11,Cascaded,2027,8.4,11
D0,sys/DL/DL/LIT,717,5.1,sys,DL,DL,,LIT,717,73.76,1096,1486,77.44,5.00%,0.6582582582582582,1150.8,1486,Cascaded,2027,1150.8,1486
D0,sys/DL/DL/LIT,738,5.1,sys,DL,DL,,LIT,738,71.83,232,323,75.42,5.00%,0.13933933933933934,243.6,323,Cascaded,2027,243.6,323
D0,sys/DL/DL/LIT,739,5.1,sys,DL,DL,,LIT,739,80.0,324,405,84.0,5.00%,0.1945945945945946,340.2,405,Cascaded,2027,340.2,405
D0,sys/DL/DL/LOS,332,5.1,sys,DL,DL,,LOS,332,25.62,41,160,26.91,5.00%,0.6212121212121212,43.05,160,Cascaded,2027,43.05,160
D0,sys/DL/DL/LOS,339,5.1,sys,DL,DL,,LOS,339,16.1,19,118,16.91,5.00%,0.2878787878787879,19.95,118,Cascaded,2027,19.95,118
D0,sys/DL/DL/LOS,359,5.1,sys,DL,DL,,LOS,359,4.96,6,121,5.21,5.00%,0.09090909090909091,6.3,121,Cascaded,2027,6.3,121
D0,sys/DL/DL/LOS,35H,5.1,sys,DL,DL,,LOS,35H,0.0,0,2,0.0,0.00%,0.0,0.0,2,Cascaded,2027,0.0,2
D0,sys/DL/DL/LOS,35J,5.1,sys,DL,DL,,LOS,35J,0.0,0,3,0.0,0.00%,0.0,0.0,3,Cascaded,2027,0.0,3
D0,sys/DL/DL/MAD,332,5.1,sys,DL,DL,,MAD,332,100.0,1,1,105.0,5.00%,0.002028397565922921,1.05,1,Cascaded,2027,1.05,1
D0,sys/DL/DL/MAD,333,5.1,sys,DL,DL,,MAD,333,69.44,250,360,72.92,5.00%,0.5070993914807302,262.5,360,Cascaded,2027,262.5,360
D0,sys/DL/DL/MAD,339,5.1,sys,DL,DL,,MAD,339,75.0,36,48,78.75,5.00%,0.07302231237322515,37.8,48,Cascaded,2027,37.8,48
D0,sys/DL/DL/MAD,764,5.1,sys,DL,DL,,MAD,764,66.67,206,309,70.0,5.00%,0.4178498985801217,216.3,309,Cascaded,2027,216.29999999999998,309
D0,sys/DL/DL/MBJ,319,5.1,sys,DL,DL,,MBJ,319,74.19,46,62,77.9,5.00%,0.042279411764705885,48.3,62,Cascaded,2027,48.300000000000004,62
D0,sys/DL/DL/MBJ,321,5.1,sys,DL,DL,,MBJ,321,68.87,522,758,72.31,5.00%,0.4797794117647059,548.1,758,Cascaded,2027,548.1,758
D0,sys/DL/DL/MBJ,738,5.1,sys,DL,DL,,MBJ,738,76.06,305,401,79.86,5.00%,0.2803308823529412,320.25,401,Cascaded,2027,320.25,401
D0,sys/DL/DL/MBJ,739,5.1,sys,DL,DL,,MBJ,739,73.13,215,294,76.79,5.00%,0.19761029411764705,225.75,294,Cascaded,2027,225.75000000000003,294
D0,sys/DL/DL/MCI,220,5.1,sys,DL,DL,,MCI,220,69.66,1274,1829,73.14,5.00%,0.2143698468786808,1337.7,1829,Cascaded,2027,1337.6999999999998,1829
D0,sys/DL/DL/MCI,319,5.1,sys,DL,DL,,MCI,319,81.26,707,870,85.33,5.00%,0.11896348645465253,742.35,870,Cascaded,2027,742.3499999999999,870
D0,sys/DL/DL/MCI,320,5.1,sys,DL,DL,,MCI,320,81.41,219,269,85.48,5.00%,0.03685007571933367,229.95,269,Cascaded,2027,229.95,269
D0,sys/DL/DL/MCI,321,5.1,sys,DL,DL,,MCI,321,75.0,6,8,78.75,5.00%,0.0010095911155981827,6.3,8,Cascaded,2027,6.3,8
D0,sys/DL/DL/MCI,717,5.1,sys,DL,DL,,MCI,717,77.1,1444,1873,80.95,5.00%,0.242974928487296,1516.2,1873,Cascaded,2027,1516.1999999999998,1873
D0,sys/DL/DL/MCI,738,5.1,sys,DL,DL,,MCI,738,73.61,279,379,77.3,5.00%,0.046945986875315496,292.95,379,Cascaded,2027,292.95,379
D0,sys/DL/DL/MCI,739,5.1,sys,DL,DL,,MCI,739,78.6,1987,2528,82.53,5.00%,0.3343429244489315,2086.35,2528,Cascaded,2027,2086.35,2528
D0,sys/DL/DL/MCI,757,5.1,sys,DL,DL,,MCI,757,61.36,27,44,64.43,5.00%,0.004543160020191822,28.35,44,Cascaded,2027,28.349999999999998,44
D0,sys/DL/DL/MCO,319,5.1,sys,DL,DL,,MCO,319,64.94,880,1355,68.19,5.00%,0.06764547620877853,924.0,1355,Cascaded,2027,924.0,1355
D0,sys/DL/DL/MCO,320,5.1,sys,DL,DL,,MCO,320,63.8,363,569,66.99,5.00%,0.027903758936121147,381.15,569,Cascaded,2027,381.15000000000003,569
D0,sys/DL/DL/MCO,321,5.1,sys,DL,DL,,MCO,321,63.17,6621,10481,66.33,5.00%,0.5089553386117304,6952.05,10481,Cascaded,2027,6952.05,10481
D0,sys/DL/DL/MCO,332,5.1,sys,DL,DL,,MCO,332,42.86,12,28,45.0,5.00%,0.0009224383119378892,12.6,28,Cascaded,2027,12.600000000000001,28
D0,sys/DL/DL/MCO,333,5.1,sys,DL,DL,,MCO,333,54.66,88,161,57.39,5.00%,0.0067645476208778536,92.4,161,Cascaded,2027,92.4,161
D0,sys/DL/DL/MCO,339,5.1,sys,DL,DL,,MCO,339,54.79,40,73,57.53,5.00%,0.0030747943731262973,42.0,73,Cascaded,2027,42.0,73
D0,sys/DL/DL/MCO,359,5.1,sys,DL,DL,,MCO,359,0.0,0,2,0.0,0.00%,0.0,0.0,2,Cascaded,2027,0.0,2
D0,sys/DL/DL/MCO,35H,5.1,sys,DL,DL,,MCO,35H,50.0,8,16,52.5,5.00%,0.0006149588746252595,8.4,16,Cascaded,2027,8.4,16
D0,sys/DL/DL/MCO,35J,5.1,sys,DL,DL,,MCO,35J,100.0,1,1,105.0,5.00%,7.686985932815743e-05,1.05,1,Cascaded,2027,1.05,1
D0,sys/DL/DL/MCO,738,5.1,sys,DL,DL,,MCO,738,62.34,475,762,65.45,5.00%,0.03651318318087478,498.75,762,Cascaded,2027,498.75,762
D0,sys/DL/DL/MCO,739,5.1,sys,DL,DL,,MCO,739,59.62,533,894,62.6,5.00%,0.04097163502190791,559.65,894,Cascaded,2027,559.65,894
D0,sys/DL/DL/MCO,757,5.1,sys,DL,DL,,MCO,757,59.49,3907,6567,62.47,5.00%,0.3003305403951111,4102.35,6567,Cascaded,2027,4102.35,6567
D0,sys/DL/DL/MCO,763,5.1,sys,DL,DL,,MCO,763,64.58,62,96,67.81,5.00%,0.004765931278345761,65.1,96,Cascaded,2027,65.10000000000001,96
D0,sys/DL/DL/MCO,764,5.1,sys,DL,DL,,MCO,764,35.85,19,53,37.64,5.00%,0.0014605273272349912,19.95,53,Cascaded,2027,19.950000000000003,53
D0,sys/DL/DL/MDT,319,5.1,sys,DL,DL,,MDT,319,59.46,22,37,62.43,5.00%,0.03486529318541997,23.1,37,Cascaded,2027,23.099999999999998,37
D0,sys/DL/DL/MDT,320,5.1,sys,DL,DL,,MDT,320,47.8,87,182,50.19,5.00%,0.13787638668779714,91.35,182,Cascaded,2027,91.35,182
D0,sys/DL/DL/MDT,717,5.1,sys,DL,DL,,MDT,717,71.94,518,720,75.54,5.00%,0.820919175911252,543.9,720,Cascaded,2027,543.9,720
D0,sys/DL/DL/MDT,738,5.1,sys,DL,DL,,MDT,738,44.44,4,9,46.67,5.00%,0.006339144215530904,4.2,9,Cascaded,2027,4.199999999999999,9
D0,sys/DL/DL/MDW,319,5.1,sys,DL,DL,,MDW,319,73.39,262,357,77.06,5.00%,0.2698249227600412,275.1,357,Cascaded,2027,275.09999999999997,357
D0,sys/DL/DL/MDW,320,5.1,sys,DL,DL,,MDW,320,79.65,270,339,83.63,5.00%,0.2780638516992791,283.5,339,Cascaded,2027,283.5,339
D0,sys/DL/DL/MDW,717,5.1,sys,DL,DL,,MDW,717,66.21,439,663,69.52,5.00%,0.45211122554067973,460.95,663,Cascaded,2027,460.95,663
D0,sys/DL/DL/MEM,319,5.1,sys,DL,DL,,MEM,319,61.63,53,86,64.71,5.00%,0.016884358075820324,55.65,86,Cascaded,2027,55.65,86
D0,sys/DL/DL/MEM,320,5.1,sys,DL,DL,,MEM,320,88.89,8,9,93.33,5.00%,0.002548582351067219,8.4,9,Cascaded,2027,8.4,9
D0,sys/DL/DL/MEM,321,5.1,sys,DL,DL,,MEM,321,57.14,12,21,60.0,5.00%,0.003822873526600828,12.6,21,Cascaded,2027,12.6,21
D0,sys/DL/DL/MEM,717,5.1,sys,DL,DL,,MEM,717,74.39,1377,1851,78.11,5.00%,0.43867473717744504,1445.85,1851,Cascaded,2027,1445.85,1851
D0,sys/DL/DL/MEM,738,5.1,sys,DL,DL,,MEM,738,71.0,524,738,74.55,5.00%,0.16693214399490283,550.2,738,Cascaded,2027,550.1999999999999,738
D0,sys/DL/DL/MEM,739,5.1,sys,DL,DL,,MEM,739,75.55,1162,1538,79.33,5.00%,0.37018158649251354,1220.1,1538,Cascaded,2027,1220.1,1538
D0,sys/DL/DL/MEM,757,5.1,sys,DL,DL,,MEM,757,100.0,3,3,105.0,5.00%,0.000955718381650207,3.15,3,Cascaded,2027,3.15,3
D0,sys/DL/DL/MEX,319,5.1,sys,DL,DL,,MEX,319,78.4,853,1088,82.32,5.00%,0.35765199161425576,895.65,1088,Cascaded,2027,895.65,1088
D0,sys/DL/DL/MEX,738,5.1,sys,DL,DL,,MEX,738,80.63,1016,1260,84.67,5.00%,0.4259958071278826,1066.8,1260,Cascaded,2027,1066.8,1260
D0,sys/DL/DL/MEX,757,5.1,sys,DL,DL,,MEX,757,65.57,516,787,68.84,5.00%,0.21635220125786164,541.8,787,Cascaded,2027,541.8,787
D0,sys/DL/DL/MIA,220,5.1,sys,DL,DL,,MIA,220,66.67,2,3,70.0,5.00%,0.000306044376434583,2.1,3,Cascaded,2027,2.1,3
D0,sys/DL/DL/MIA,319,5.1,sys,DL,DL,,MIA,319,58.94,422,716,61.89,5.00%,0.06457536342769701,443.1,716,Cascaded,2027,443.1,716
D0,sys/DL/DL/MIA,320,5.1,sys,DL,DL,,MIA,320,46.15,96,208,48.46,5.00%,0.014690130068859985,100.8,208,Cascaded,2027,100.8,208
D0,sys/DL/DL/MIA,321,5.1,sys,DL,DL,,MIA,321,51.16,1585,3098,53.72,5.00%,0.24254016832440703,1664.25,3098,Cascaded,2027,1664.25,3098
D0,sys/DL/DL/MIA,738,5.1,sys,DL,DL,,MIA,738,51.07,978,1915,53.62,5.00%,0.1496557000765111,1026.9,1915,Cascaded,2027,1026.9,1915
D0,sys/DL/DL/MIA,739,5.1,sys,DL,DL,,MIA,739,61.79,2000,3237,64.87,5.00%,0.306044376434583,2100.0,3237,Cascaded,2027,2100.0,3237
D0,sys/DL/DL/MIA,757,5.1,sys,DL,DL,,MIA,757,54.55,1360,2493,57.28,5.00%,0.20811017597551645,1428.0,2493,Cascaded,2027,1428.0,2493
D0,sys/DL/DL/MIA,763,5.1,sys,DL,DL,,MIA,763,61.22,30,49,64.29,5.00%,0.0045906656465187455,31.5,49,Cascaded,2027,31.5,49
D0,sys/DL/DL/MIA,764,5.1,sys,DL,DL,,MIA,764,41.33,62,150,43.4,5.00%,0.009487375669472074,65.1,150,Cascaded,2027,65.1,150
D0,sys/DL/DL/MKE,220,5.1,sys,DL,DL,,MKE,220,76.55,493,644,80.38,5.00%,0.17340837143862117,517.65,644,Cascaded,2027,517.65,644
D0,sys/DL/DL/MKE,319,5.1,sys,DL,DL,,MKE,319,78.66,199,253,82.59,5.00%,0.06999648258881463,208.95,253,Cascaded,2027,208.95000000000002,253
D0,sys/DL/DL/MKE,320,5.1,sys,DL,DL,,MKE,320,72.39,312,431,76.01,5.00%,0.10974322898346817,327.6,431,Cascaded,2027,327.6,431
D0,sys/DL/DL/MKE,321,5.1,sys,DL,DL,,MKE,321,73.85,144,195,77.54,5.00%,0.050650721069293,151.2,195,Cascaded,2027,151.20000000000002,195
D0,sys/DL/DL/MKE,717,5.1,sys,DL,DL,,MKE,717,70.29,388,552,73.8,5.00%,0.1364755539922617,407.4,552,Cascaded,2027,407.40000000000003,552
D0,sys/DL/DL/MKE,738,5.1,sys,DL,DL,,MKE,738,74.7,440,589,78.44,5.00%,0.15476609215617307,462.0,589,Cascaded,2027,462.0,589
D0,sys/DL/DL/MKE,739,5.1,sys,DL,DL,,MKE,739,79.15,839,1060,83.11,5.00%,0.29511079845233906,880.95,1060,Cascaded,2027,880.95,1060
D0,sys/DL/DL/MKE,757,5.1,sys,DL,DL,,MKE,757,63.64,28,44,66.82,5.00%,0.009848751319029195,29.4,44,Cascaded,2027,29.400000000000002,44
D0,sys/DL/DL/MLB,319,5.1,sys,DL,DL,,MLB,319,83.77,191,228,87.96,5.00%,0.18277511961722487,200.55,228,Cascaded,2027,200.55,228
D0,sys/DL/DL/MLB,320,5.1,sys,DL,DL,,MLB,320,100.0,1,1,105.0,5.00%,0.0009569377990430622,1.05,1,Cascaded,2027,1.05,1
D0,sys/DL/DL/MLB,717,5.1,sys,DL,DL,,MLB,717,71.56,828,1157,75.14,5.00%,0.7923444976076555,869.4,1157,Cascaded,2027,869.4,1157
D0,sys/DL/DL/MLB,738,5.1,sys,DL,DL,,MLB,738,78.12,25,32,82.03,5.00%,0.023923444976076555,26.25,32,Cascaded,2027,26.25,32
D0,sys/DL/DL/MOB,717,5.1,sys,DL,DL,,MOB,717,72.89,535,734,76.53,5.00%,1.0,561.75,734,Cascaded,2027,561.75,734
D0,sys/DL/DL/MSN,220,5.1,sys,DL,DL,,MSN,220,86.96,40,46,91.3,5.00%,0.028735632183908046,42.0,46,Cascaded,2027,42.0,46
D0,sys/DL/DL/MSN,319,5.1,sys,DL,DL,,MSN,319,92.23,95,103,96.84,5.00%,0.06824712643678162,99.75,103,Cascaded,2027,99.75,103
D0,sys/DL/DL/MSN,320,5.1,sys,DL,DL,,MSN,320,85.94,55,64,90.23,5.00%,0.039511494252873564,57.75,64,Cascaded,2027,57.75,64
D0,sys/DL/DL/MSN,321,5.1,sys,DL,DL,,MSN,321,50.0,1,2,52.5,5.00%,0.0007183908045977011,1.05,2,Cascaded,2027,1.0499999999999998,2
D0,sys/DL/DL/MSN,717,5.1,sys,DL,DL,,MSN,717,78.74,996,1265,82.67,5.00%,0.7155172413793104,1045.8,1265,Cascaded,2027,1045.8,1265
D0,sys/DL/DL/MSN,739,5.1,sys,DL,DL,,MSN,739,85.77,205,239,90.06,5.00%,0.14727011494252873,215.25,239,Cascaded,2027,215.25,239
D0,sys/DL/DL/MSO,220,5.1,sys,DL,DL,,MSO,220,77.89,303,389,81.79,5.00%,0.39920948616600793,318.15,389,Cascaded,2027,318.15000000000003,389
D0,sys/DL/DL/MSO,319,5.1,sys,DL,DL,,MSO,319,82.5,264,320,86.62,5.00%,0.34782608695652173,277.2,320,Cascaded,2027,277.2,320
D0,sys/DL/DL/MSO,320,5.1,sys,DL,DL,,MSO,320,82.4,192,233,86.52,5.00%,0.25296442687747034,201.6,233,Cascaded,2027,201.60000000000002,233
D0,sys/DL/DL/MSP,220,5.1,sys,DL,DL,,MSP,220,65.3,6060,9280,68.57,5.00%,0.12868154502792348,6363.0,9280,Cascaded,2027,6363.0,9280
D0,sys/DL/DL/MSP,319,5.1,sys,DL,DL,,MSP,319,69.25,4123,5954,72.71,5.00%,0.08755016669144035,4329.15,5954,Cascaded,2027,4329.150000000001,5954
D0,sys/DL/DL/MSP,320,5.1,sys,DL,DL,,MSP,320,67.73,5869,8665,71.12,5.00%,0.12462574055592127,6162.45,8665,Cascaded,2027,6162.45,8665
D0,sys/DL/DL/MSP,321,5.1,sys,DL,DL,,MSP,321,64.5,10455,16209,67.73,5.00%,0.22200751704074917,10977.75,16209,Cascaded,2027,10977.75,16209
D0,sys/DL/DL/MSP,332,5.1,sys,DL,DL,,MSP,332,68.13,124,182,71.54,5.00%,0.0026330877200433185,130.2,182,Cascaded,2027,130.20000000000002,182
D0,sys/DL/DL/MSP,333,5.1,sys,DL,DL,,MSP,333,57.5,659,1146,60.38,5.00%,0.013993587157326992,691.95,1146,Cascaded,2027,691.95,1146
D0,sys/DL/DL/MSP,339,5.1,sys,DL,DL,,MSP,339,65.33,505,773,68.6,5.00%,0.01072346208566029,530.25,773,Cascaded,2027,530.25,773
D0,sys/DL/DL/MSP,359,5.1,sys,DL,DL,,MSP,359,43.62,287,658,45.8,5.00%,0.0060943239971970355,301.35,658,Cascaded,2027,301.35,658
D0,sys/DL/DL/MSP,35H,5.1,sys,DL,DL,,MSP,35H,73.33,11,15,77.0,5.00%,0.0002335803622619073,11.55,15,Cascaded,2027,11.55,15
D0,sys/DL/DL/MSP,35J,5.1,sys,DL,DL,,MSP,35J,61.29,247,403,64.35,5.00%,0.005244940861699191,259.35,403,Cascaded,2027,259.35,403
D0,sys/DL/DL/MSP,717,5.1,sys,DL,DL,,MSP,717,69.37,3250,4685,72.84,5.00%,0.06901237975919988,3412.5,4685,Cascaded,2027,3412.5,4685
D0,sys/DL/DL/MSP,738,5.1,sys,DL,DL,,MSP,738,73.57,398,541,77.25,5.00%,0.008451362198203555,417.9,541,Cascaded,2027,417.90000000000003,541
D0,sys/DL/DL/MSP,739,5.1,sys,DL,DL,,MSP,739,71.8,12590,17535,75.39,5.00%,0.2673433418979466,13219.5,17535,Cascaded,2027,13219.5,17535
D0,sys/DL/DL/MSP,757,5.1,sys,DL,DL,,MSP,757,54.62,2386,4368,57.36,5.00%,0.05066570403244643,2505.3,4368,Cascaded,2027,2505.3,4368
D0,sys/DL/DL/MSP,763,5.1,sys,DL,DL,,MSP,763,77.58,128,165,81.45,5.00%,0.002718026033593103,134.4,165,Cascaded,2027,134.4,165
D0,sys/DL/DL/MSP,764,5.1,sys,DL,DL,,MSP,764,50.0,1,2,52.5,5.00%,2.1234578387446116e-05,1.05,2,Cascaded,2027,1.05,2
D0,sys/DL/DL/MSY,220,5.1,sys,DL,DL,,MSY,220,66.47,230,346,69.8,5.00%,0.045743834526650755,241.5,346,Cascaded,2027,241.49999999999997,346
D0,sys/DL/DL/MSY,319,5.1,sys,DL,DL,,MSY,319,72.77,342,470,76.4,5.00%,0.06801909307875895,359.1,470,Cascaded,2027,359.09999999999997,470
D0,sys/DL/DL/MSY,320,5.1,sys,DL,DL,,MSY,320,61.34,411,670,64.41,5.00%,0.08174224343675418,431.55,670,Cascaded,2027,431.54999999999995,670
D0,sys/DL/DL/MSY,321,5.1,sys,DL,DL,,MSY,321,68.37,374,547,71.79,5.00%,0.07438345266507558,392.7,547,Cascaded,2027,392.7,547
D0,sys/DL/DL/MSY,717,5.1,sys,DL,DL,,MSY,717,100.0,4,4,105.0,5.00%,0.0007955449482895784,4.2,4,Cascaded,2027,4.199999999999999,4
D0,sys/DL/DL/MSY,738,5.1,sys,DL,DL,,MSY,738,63.93,1120,1752,67.12,5.00%,0.22275258552108193,1176.0,1752,Cascaded,2027,1176.0,1752
D0,sys/DL/DL/MSY,739,5.1,sys,DL,DL,,MSY,739,70.45,1678,2382,73.97,5.00%,0.3337311058074781,1761.9,2382,Cascaded,2027,1761.8999999999999,2382
D0,sys/DL/DL/MSY,757,5.1,sys,DL,DL,,MSY,757,70.65,869,1230,74.18,5.00%,0.1728321400159109,912.45,1230,Cascaded,2027,912.4499999999999,1230
D0,sys/DL/DL/MTJ,738,5.1,sys,DL,DL,,MTJ,738,60.42,58,96,63.44,5.00%,1.0,60.9,96,Cascaded,2027,60.9,96
D0,sys/DL/DL/MTY,319,5.1,sys,DL,DL,,MTY,319,89.32,301,337,93.78,5.00%,0.9347826086956522,316.05,337,Cascaded,2027,316.05,337
D0,sys/DL/DL/MTY,320,5.1,sys,DL,DL,,MTY,320,87.5,21,24,91.88,5.00%,0.06521739130434782,22.05,24,Cascaded,2027,22.05,24
D0,sys/DL/DL/MUC,332,5.1,sys,DL,DL,,MUC,332,69.86,51,73,73.36,5.00%,0.16037735849056603,53.55,73,Cascaded,2027,53.55,73
D0,sys/DL/DL/MUC,764,5.1,sys,DL,DL,,MUC,764,60.82,267,439,63.86,5.00%,0.839622641509434,280.35,439,Cascaded,2027,280.34999999999997,439
D0,sys/DL/DL/MXP,333,5.1,sys,DL,DL,,MXP,333,48.01,217,452,50.41,5.00%,0.4587737843551797,227.85,452,Cascaded,2027,227.85,452
D0,sys/DL/DL/MXP,339,5.1,sys,DL,DL,,MXP,339,61.86,73,118,64.96,5.00%,0.1543340380549683,76.65,118,Cascaded,2027,76.64999999999999,118
D0,sys/DL/DL/MXP,763,5.1,sys,DL,DL,,MXP,763,77.78,7,9,81.67,5.00%,0.014799154334038054,7.35,9,Cascaded,2027,7.35,9
D0,sys/DL/DL/MXP,764,5.1,sys,DL,DL,,MXP,764,54.32,176,324,57.04,5.00%,0.37209302325581395,184.8,324,Cascaded,2027,184.79999999999998,324
D0,sys/DL/DL/MYR,220,5.1,sys,DL,DL,,MYR,220,67.59,73,108,70.97,5.00%,0.045653533458411506,76.65,108,Cascaded,2027,76.65,108
D0,sys/DL/DL/MYR,319,5.1,sys,DL,DL,,MYR,319,72.76,195,268,76.4,5.00%,0.12195121951219512,204.75,268,Cascaded,2027,204.75,268
D0,sys/DL/DL/MYR,320,5.1,sys,DL,DL,,MYR,320,74.11,332,448,77.81,5.00%,0.20762976860537835,348.6,448,Cascaded,2027,348.6,448
D0,sys/DL/DL/MYR,717,5.1,sys,DL,DL,,MYR,717,73.24,791,1080,76.9,5.00%,0.49468417761100686,830.55,1080,Cascaded,2027,830.5500000000001,1080
D0,sys/DL/DL/MYR,738,5.1,sys,DL,DL,,MYR,738,66.67,188,282,70.0,5.00%,0.11757348342714197,197.4,282,Cascaded,2027,197.4,282
D0,sys/DL/DL/MYR,739,5.1,sys,DL,DL,,MYR,739,83.33,20,24,87.5,5.00%,0.012507817385866166,21.0,24,Cascaded,2027,21.0,24
D0,sys/DL/DL/MZT,319,5.1,sys,DL,DL,,MZT,319,78.57,11,14,82.5,5.00%,1.0,11.55,14,Cascaded,2027,11.55,14
D0,sys/DL/DL/NAP,332,5.1,sys,DL,DL,,NAP,332,47.73,42,88,50.11,5.00%,0.2153846153846154,44.1,88,Cascaded,2027,44.1,88
D0,sys/DL/DL/NAP,763,5.1,sys,DL,DL,,NAP,763,73.56,153,208,77.24,5.00%,0.7846153846153846,160.65,208,Cascaded,2027,160.65,208
D0,sys/DL/DL/NAS,220,5.1,sys,DL,DL,,NAS,220,70.2,106,151,73.71,5.00%,0.07620416966211359,111.3,151,Cascaded,2027,111.3,151
D0,sys/DL/DL/NAS,319,5.1,sys,DL,DL,,NAS,319,63.64,21,33,66.82,5.00%,0.01509705248023005,22.05,33,Cascaded,2027,22.05,33
D0,sys/DL/DL/NAS,320,5.1,sys,DL,DL,,NAS,320,67.02,63,94,70.37,5.00%,0.04529115744069015,66.15,94,Cascaded,2027,66.14999999999999,94
D0,sys/DL/DL/NAS,321,5.1,sys,DL,DL,,NAS,321,77.76,416,535,81.64,5.00%,0.29906542056074764,436.8,535,Cascaded,2027,436.8,535
D0,sys/DL/DL/NAS,738,5.1,sys,DL,DL,,NAS,738,84.85,28,33,89.09,5.00%,0.020129403306973402,29.4,33,Cascaded,2027,29.4,33
D0,sys/DL/DL/NAS,739,5.1,sys,DL,DL,,NAS,739,86.22,751,871,90.53,5.00%,0.5398993529834651,788.55,871,Cascaded,2027,788.55,871
D0,sys/DL/DL/NAS,757,5.1,sys,DL,DL,,NAS,757,75.0,6,8,78.75,5.00%,0.004313443565780014,6.3,8,Cascaded,2027,6.3,8
D0,sys/DL/DL/NCE,333,5.1,sys,DL,DL,,NCE,333,16.67,1,6,17.5,5.00%,0.005050505050505051,1.05,6,Cascaded,2027,1.05,6
D0,sys/DL/DL/NCE,764,5.1,sys,DL,DL,,NCE,764,56.94,197,346,59.78,5.00%,0.9949494949494949,206.85,346,Cascaded,2027,206.85,346
D0,sys/DL/DL/OAK,220,5.1,sys,DL,DL,,OAK,220,85.71,6,7,90.0,5.00%,1.0,6.3,7,Cascaded,2027,6.3,7
D0,sys/DL/DL/OGG,321,5.1,sys,DL,DL,,OGG,321,88.39,434,491,92.81,5.00%,0.4568421052631579,455.7,491,Cascaded,2027,455.7,491
D0,sys/DL/DL/OGG,332,5.1,sys,DL,DL,,OGG,332,0.0,0,1,0.0,0.00%,0.0,0.0,1,Cascaded,2027,0.0,1
D0,sys/DL/DL/OGG,333,5.1,sys,DL,DL,,OGG,333,62.5,125,200,65.62,5.00%,0.13157894736842105,131.25,200,Cascaded,2027,131.25,200
D0,sys/DL/DL/OGG,339,5.1,sys,DL,DL,,OGG,339,0.0,0,2,0.0,0.00%,0.0,0.0,2,Cascaded,2027,0.0,2
D0,sys/DL/DL/OGG,757,5.1,sys,DL,DL,,OGG,757,80.0,12,15,84.0,5.00%,0.01263157894736842,12.6,15,Cascaded,2027,12.6,15
D0,sys/DL/DL/OGG,763,5.1,sys,DL,DL,,OGG,763,77.19,379,491,81.05,5.00%,0.3989473684210526,397.95,491,Cascaded,2027,397.95,491
D0,sys/DL/DL/OKC,319,5.1,sys,DL,DL,,OKC,319,82.45,263,319,86.57,5.00%,0.203718048024787,276.15,319,Cascaded,2027,276.15,319
D0,sys/DL/DL/OKC,320,5.1,sys,DL,DL,,OKC,320,72.6,318,438,76.23,5.00%,0.24632068164213788,333.9,438,Cascaded,2027,333.9,438
D0,sys/DL/DL/OKC,321,5.1,sys,DL,DL,,OKC,321,80.0,4,5,84.0,5.00%,0.003098373353989156,4.2,5,Cascaded,2027,4.2,5
D0,sys/DL/DL/OKC,717,5.1,sys,DL,DL,,OKC,717,76.58,680,888,80.41,5.00%,0.5267234701781565,714.0,888,Cascaded,2027,714.0,888
D0,sys/DL/DL/OKC,738,5.1,sys,DL,DL,,OKC,738,92.31,12,13,96.92,5.00%,0.009295120061967466,12.6,13,Cascaded,2027,12.6,13
D0,sys/DL/DL/OKC,739,5.1,sys,DL,DL,,OKC,739,87.5,14,16,91.88,5.00%,0.010844306738962044,14.7,16,Cascaded,2027,14.7,16
D0,sys/DL/DL/OLB,763,5.1,sys,DL,DL,,OLB,763,50.0,3,6,52.5,5.00%,1.0,3.15,6,Cascaded,2027,3.15,6
D0,sys/DL/DL/OMA,220,5.1,sys,DL,DL,,OMA,220,100.0,3,3,105.0,5.00%,0.002354788069073783,3.15,3,Cascaded,2027,3.15,3
D0,sys/DL/DL/OMA,319,5.1,sys,DL,DL,,OMA,319,76.25,244,320,80.06,5.00%,0.19152276295133439,256.2,320,Cascaded,2027,256.2,320
D0,sys/DL/DL/OMA,320,5.1,sys,DL,DL,,OMA,320,75.68,364,481,79.46,5.00%,0.2857142857142857,382.2,481,Cascaded,2027,382.2,481
D0,sys/DL/DL/OMA,321,5.1,sys,DL,DL,,OMA,321,50.0,1,2,52.5,5.00%,0.0007849293563579278,1.05,2,Cascaded,2027,1.05,2
D0,sys/DL/DL/OMA,717,5.1,sys,DL,DL,,OMA,717,74.55,662,888,78.28,5.00%,0.5196232339089482,695.1,888,Cascaded,2027,695.1,888
D0,sys/DL/DL/ONT,220,5.1,sys,DL,DL,,ONT,220,81.67,401,491,85.75,5.00%,0.2737201365187713,421.05,491,Cascaded,2027,421.05,491
D0,sys/DL/DL/ONT,319,5.1,sys,DL,DL,,ONT,319,91.35,95,104,95.91,5.00%,0.06484641638225255,99.75,104,Cascaded,2027,99.75,104
D0,sys/DL/DL/ONT,320,5.1,sys,DL,DL,,ONT,320,84.21,16,19,88.42,5.00%,0.010921501706484642,16.8,19,Cascaded,2027,16.8,19
D0,sys/DL/DL/ONT,321,5.1,sys,DL,DL,,ONT,321,76.94,714,928,80.79,5.00%,0.48737201365187716,749.7,928,Cascaded,2027,749.7,928
D0,sys/DL/DL/ONT,738,5.1,sys,DL,DL,,ONT,738,78.54,205,261,82.47,5.00%,0.13993174061433447,215.25,261,Cascaded,2027,215.25,261
D0,sys/DL/DL/ONT,739,5.1,sys,DL,DL,,ONT,739,87.18,34,39,91.54,5.00%,0.023208191126279865,35.7,39,Cascaded,2027,35.7,39
D0,sys/DL/DL/OPO,763,5.1,sys,DL,DL,,OPO,763,77.78,7,9,81.67,5.00%,1.0,7.35,9,Cascaded,2027,7.35,9
D0,sys/DL/DL/ORD,220,5.1,sys,DL,DL,,ORD,220,57.84,2416,4177,60.73,5.00%,0.40591397849462363,2536.8,4177,Cascaded,2027,2536.8,4177
D0,sys/DL/DL/ORD,319,5.1,sys,DL,DL,,ORD,319,57.5,184,320,60.38,5.00%,0.030913978494623656,193.2,320,Cascaded,2027,193.20000000000002,320
D0,sys/DL/DL/ORD,320,5.1,sys,DL,DL,,ORD,320,43.9,72,164,46.1,5.00%,0.012096774193548387,75.6,164,Cascaded,2027,75.60000000000001,164
D0,sys/DL/DL/ORD,321,5.1,sys,DL,DL,,ORD,321,45.59,305,669,47.87,5.00%,0.051243279569892476,320.25,669,Cascaded,2027,320.25,669
D0,sys/DL/DL/ORD,717,5.1,sys,DL,DL,,ORD,717,66.87,981,1467,70.21,5.00%,0.16481854838709678,1030.05,1467,Cascaded,2027,1030.05,1467
D0,sys/DL/DL/ORD,738,5.1,sys,DL,DL,,ORD,738,56.37,1191,2113,59.18,5.00%,0.2001008064516129,1250.55,2113,Cascaded,2027,1250.5500000000002,2113
D0,sys/DL/DL/ORD,739,5.1,sys,DL,DL,,ORD,739,60.03,796,1326,63.03,5.00%,0.13373655913978494,835.8,1326,Cascaded,2027,835.8000000000001,1326
D0,sys/DL/DL/ORD,757,5.1,sys,DL,DL,,ORD,757,63.64,7,11,66.82,5.00%,0.0011760752688172043,7.35,11,Cascaded,2027,7.3500000000000005,11
D0,sys/DL/DL/ORF,319,5.1,sys,DL,DL,,ORF,319,76.47,26,34,80.29,5.00%,0.012252591894439209,27.3,34,Cascaded,2027,27.299999999999997,34
D0,sys/DL/DL/ORF,320,5.1,sys,DL,DL,,ORF,320,0.0,0,1,0.0,0.00%,0.0,0.0,1,Cascaded,2027,0.0,1
D0,sys/DL/DL/ORF,321,5.1,sys,DL,DL,,ORF,321,43.31,68,157,45.48,5.00%,0.03204524033930255,71.4,157,Cascaded,2027,71.39999999999999,157
D0,sys/DL/DL/ORF,717,5.1,sys,DL,DL,,ORF,717,66.6,327,491,69.93,5.00%,0.1540999057492931,343.35,491,Cascaded,2027,343.34999999999997,491
D0,sys/DL/DL/ORF,738,5.1,sys,DL,DL,,ORF,738,59.32,35,59,62.29,5.00%,0.01649387370405278,36.75,59,Cascaded,2027,36.75,59
D0,sys/DL/DL/ORF,739,5.1,sys,DL,DL,,ORF,739,73.54,1120,1523,77.22,5.00%,0.527803958529689,1176.0,1523,Cascaded,2027,1176.0,1523
D0,sys/DL/DL/ORF,757,5.1,sys,DL,DL,,ORF,757,59.09,546,924,62.05,5.00%,0.2573044297832234,573.3,924,Cascaded,2027,573.3,924
D0,sys/DL/DL/PDX,220,5.1,sys,DL,DL,,PDX,220,79.37,377,475,83.34,5.00%,0.07220838919747175,395.85,475,Cascaded,2027,395.85,475
D0,sys/DL/DL/PDX,319,5.1,sys,DL,DL,,PDX,319,81.78,1216,1487,85.86,5.00%,0.2329055736448956,1276.8,1487,Cascaded,2027,1276.8,1487
D0,sys/DL/DL/PDX,320,5.1,sys,DL,DL,,PDX,320,68.52,209,305,71.95,5.00%,0.04003064547021643,219.45,305,Cascaded,2027,219.45000000000002,305
D0,sys/DL/DL/PDX,321,5.1,sys,DL,DL,,PDX,321,59.99,865,1442,62.99,5.00%,0.16567707335759432,908.25,1442,Cascaded,2027,908.25,1442
D0,sys/DL/DL/PDX,738,5.1,sys,DL,DL,,PDX,738,80.12,415,518,84.12,5.00%,0.07948668837387474,435.75,518,Cascaded,2027,435.75,518
D0,sys/DL/DL/PDX,739,5.1,sys,DL,DL,,PDX,739,71.79,2130,2967,75.38,5.00%,0.40796782225627276,2236.5,2967,Cascaded,2027,2236.5,2967
D0,sys/DL/DL/PDX,757,5.1,sys,DL,DL,,PDX,757,34.62,9,26,36.35,5.00%,0.001723807699674392,9.45,26,Cascaded,2027,9.450000000000001,26
D0,sys/DL/DL/PHL,220,5.1,sys,DL,DL,,PHL,220,65.45,197,301,68.72,5.00%,0.04759603769026335,206.85,301,Cascaded,2027,206.85,301
D0,sys/DL/DL/PHL,319,5.1,sys,DL,DL,,PHL,319,68.12,250,367,71.53,5.00%,0.060401063058709833,262.5,367,Cascaded,2027,262.5,367
D0,sys/DL/DL/PHL,320,5.1,sys,DL,DL,,PHL,320,71.82,265,369,75.41,5.00%,0.06402512684223242,278.25,369,Cascaded,2027,278.25,369
D0,sys/DL/DL/PHL,321,5.1,sys,DL,DL,,PHL,321,63.57,1790,2816,66.74,5.00%,0.4324716115003624,1879.5,2816,Cascaded,2027,1879.5,2816
D0,sys/DL/DL/PHL,717,5.1,sys,DL,DL,,PHL,717,71.06,1019,1434,74.61,5.00%,0.24619473302730127,1069.95,1434,Cascaded,2027,1069.95,1434
D0,sys/DL/DL/PHL,738,5.1,sys,DL,DL,,PHL,738,49.21,31,63,51.67,5.00%,0.007489731819280019,32.55,63,Cascaded,2027,32.55,63
D0,sys/DL/DL/PHL,739,5.1,sys,DL,DL,,PHL,739,64.39,555,862,67.6,5.00%,0.13409035999033583,582.75,862,Cascaded,2027,582.75,862
D0,sys/DL/DL/PHL,757,5.1,sys,DL,DL,,PHL,757,39.51,32,81,41.48,5.00%,0.007731336071514858,33.6,81,Cascaded,2027,33.6,81
D0,sys/DL/DL/PHX,220,5.1,sys,DL,DL,,PHX,220,64.2,217,338,67.41,5.00%,0.029065095097776588,227.85,338,Cascaded,2027,227.85,338
D0,sys/DL/DL/PHX,319,5.1,sys,DL,DL,,PHX,319,88.67,133,150,93.1,5.00%,0.017814090543798553,139.65,150,Cascaded,2027,139.65,150
D0,sys/DL/DL/PHX,320,5.1,sys,DL,DL,,PHX,320,90.0,9,10,94.5,5.00%,0.0012054647736405037,9.45,10,Cascaded,2027,9.450000000000001,10
D0,sys/DL/DL/PHX,321,5.1,sys,DL,DL,,PHX,321,70.77,3107,4390,74.31,5.00%,0.4161532279667827,3262.35,4390,Cascaded,2027,3262.35,4390
D0,sys/DL/DL/PHX,332,5.1,sys,DL,DL,,PHX,332,67.65,23,34,71.03,5.00%,0.0030806321993035093,24.15,34,Cascaded,2027,24.150000000000002,34
D0,sys/DL/DL/PHX,333,5.1,sys,DL,DL,,PHX,333,64.2,113,176,67.41,5.00%,0.015135279935708545,118.65,176,Cascaded,2027,118.65,176
D0,sys/DL/DL/PHX,339,5.1,sys,DL,DL,,PHX,339,54.84,34,62,57.58,5.00%,0.004553978033753014,35.7,62,Cascaded,2027,35.7,62
D0,sys/DL/DL/PHX,359,5.1,sys,DL,DL,,PHX,359,0.0,0,1,0.0,0.00%,0.0,0.0,1,Cascaded,2027,0.0,1
D0,sys/DL/DL/PHX,35H,5.1,sys,DL,DL,,PHX,35H,50.0,1,2,52.5,5.00%,0.0001339405304045004,1.05,2,Cascaded,2027,1.05,2
D0,sys/DL/DL/PHX,35J,5.1,sys,DL,DL,,PHX,35J,100.0,1,1,105.0,5.00%,0.0001339405304045004,1.05,1,Cascaded,2027,1.05,1
D0,sys/DL/DL/PHX,738,5.1,sys,DL,DL,,PHX,738,75.23,1084,1441,78.99,5.00%,0.14519153495847845,1138.2,1441,Cascaded,2027,1138.2,1441
D0,sys/DL/DL/PHX,739,5.1,sys,DL,DL,,PHX,739,79.28,1523,1921,83.25,5.00%,0.20399142780605412,1599.15,1921,Cascaded,2027,1599.15,1921
D0,sys/DL/DL/PHX,757,5.1,sys,DL,DL,,PHX,757,60.16,1110,1845,63.17,5.00%,0.14867398874899546,1165.5,1845,Cascaded,2027,1165.5,1845
D0,sys/DL/DL/PHX,763,5.1,sys,DL,DL,,PHX,763,56.76,63,111,59.59,5.00%,0.008438253415483526,66.15,111,Cascaded,2027,66.15,111
D0,sys/DL/DL/PHX,764,5.1,sys,DL,DL,,PHX,764,68.57,48,70,72.0,5.00%,0.006429145459416019,50.4,70,Cascaded,2027,50.4,70
D0,sys/DL/DL/PIT,220,5.1,sys,DL,DL,,PIT,220,57.96,222,383,60.86,5.00%,0.09454855195911414,233.1,383,Cascaded,2027,233.10000000000002,383
D0,sys/DL/DL/PIT,319,5.1,sys,DL,DL,,PIT,319,85.51,118,138,89.78,5.00%,0.05025553662691652,123.9,138,Cascaded,2027,123.9,138
D0,sys/DL/DL/PIT,320,5.1,sys,DL,DL,,PIT,320,68.88,197,286,72.33,5.00%,0.08390119250425894,206.85,286,Cascaded,2027,206.85,286
D0,sys/DL/DL/PIT,321,5.1,sys,DL,DL,,PIT,321,71.06,167,235,74.62,5.00%,0.07112436115843271,175.35,235,Cascaded,2027,175.35,235
D0,sys/DL/DL/PIT,717,5.1,sys,DL,DL,,PIT,717,56.78,113,199,59.62,5.00%,0.04812606473594549,118.65,199,Cascaded,2027,118.65,199
D0,sys/DL/DL/PIT,738,5.1,sys,DL,DL,,PIT,738,68.81,203,295,72.25,5.00%,0.08645655877342419,213.15,295,Cascaded,2027,213.15,295
D0,sys/DL/DL/PIT,739,5.1,sys,DL,DL,,PIT,739,77.48,1321,1705,81.35,5.00%,0.5626064735945485,1387.05,1705,Cascaded,2027,1387.05,1705
D0,sys/DL/DL/PIT,757,5.1,sys,DL,DL,,PIT,757,87.5,7,8,91.88,5.00%,0.002981260647359455,7.35,8,Cascaded,2027,7.3500000000000005,8
D0,sys/DL/DL/PLS,320,5.1,sys,DL,DL,,PLS,320,92.59,50,54,97.22,5.00%,0.07898894154818326,52.5,54,Cascaded,2027,52.5,54
D0,sys/DL/DL/PLS,321,5.1,sys,DL,DL,,PLS,321,81.09,163,201,85.15,5.00%,0.2575039494470774,171.15,201,Cascaded,2027,171.15,201
D0,sys/DL/DL/PLS,738,5.1,sys,DL,DL,,PLS,738,84.34,237,281,88.56,5.00%,0.3744075829383886,248.85,281,Cascaded,2027,248.85,281
D0,sys/DL/DL/PLS,739,5.1,sys,DL,DL,,PLS,739,85.12,183,215,89.37,5.00%,0.2890995260663507,192.15,215,Cascaded,2027,192.15,215
D0,sys/DL/DL/PNS,321,5.1,sys,DL,DL,,PNS,321,50.0,9,18,52.5,5.00%,0.003980539584254755,9.45,18,Cascaded,2027,9.450000000000001,18
D0,sys/DL/DL/PNS,717,5.1,sys,DL,DL,,PNS,717,78.16,630,806,82.07,5.00%,0.2786377708978328,661.5,806,Cascaded,2027,661.5,806
D0,sys/DL/DL/PNS,738,5.1,sys,DL,DL,,PNS,738,81.59,164,201,85.67,5.00%,0.0725342768686422,172.2,201,Cascaded,2027,172.20000000000002,201
D0,sys/DL/DL/PNS,739,5.1,sys,DL,DL,,PNS,739,83.6,1376,1646,87.78,5.00%,0.6085802742149491,1444.8,1646,Cascaded,2027,1444.8000000000002,1646
D0,sys/DL/DL/PNS,757,5.1,sys,DL,DL,,PNS,757,63.08,82,130,66.23,5.00%,0.0362671384343211,86.1,130,Cascaded,2027,86.10000000000001,130
D0,sys/DL/DL/POP,738,5.1,sys,DL,DL,,POP,738,80.92,106,131,84.96,5.00%,1.0,111.3,131,Cascaded,2027,111.3,131
D0,sys/DL/DL/PPT,763,5.1,sys,DL,DL,,PPT,763,66.67,2,3,70.0,5.00%,1.0,2.1,3,Cascaded,2027,2.1,3
D0,sys/DL/DL/PRG,763,5.1,sys,DL,DL,,PRG,763,63.82,97,152,67.01,5.00%,1.0,101.85,152,Cascaded,2027,101.85,152
D0,sys/DL/DL/PSC,220,5.1,sys,DL,DL,,PSC,220,78.72,37,47,82.66,5.00%,0.06954887218045112,38.85,47,Cascaded,2027,38.85,47
D0,sys/DL/DL/PSC,319,5.1,sys,DL,DL,,PSC,319,91.27,460,504,95.83,5.00%,0.8646616541353384,483.0,504,Cascaded,2027,483.0,504
D0,sys/DL/DL/PSC,320,5.1,sys,DL,DL,,PSC,320,94.59,35,37,99.32,5.00%,0.06578947368421052,36.75,37,Cascaded,2027,36.75,37
D0,sys/DL/DL/PSP,319,5.1,sys,DL,DL,,PSP,319,53.19,25,47,55.85,5.00%,0.05353319057815846,26.25,47,Cascaded,2027,26.25,47
D0,sys/DL/DL/PSP,321,5.1,sys,DL,DL,,PSP,321,0.0,0,1,0.0,0.00%,0.0,0.0,1,Cascaded,2027,0.0,1
D0,sys/DL/DL/PSP,738,5.1,sys,DL,DL,,PSP,738,60.73,150,247,63.77,5.00%,0.32119914346895073,157.5,247,Cascaded,2027,157.5,247
D0,sys/DL/DL/PSP,739,5.1,sys,DL,DL,,PSP,739,60.83,292,480,63.88,5.00%,0.6252676659528907,306.6,480,Cascaded,2027,306.6,480
D0,sys/DL/DL/PTY,738,5.1,sys,DL,DL,,PTY,738,77.33,116,150,81.2,5.00%,0.37662337662337664,121.8,150,Cascaded,2027,121.8,150
D0,sys/DL/DL/PTY,739,5.1,sys,DL,DL,,PTY,739,74.71,192,257,78.44,5.00%,0.6233766233766234,201.6,257,Cascaded,2027,201.6,257
D0,sys/DL/DL/PUJ,320,5.1,sys,DL,DL,,PUJ,320,100.0,2,2,105.0,5.00%,0.0015337423312883436,2.1,2,Cascaded,2027,2.1,2
D0,sys/DL/DL/PUJ,321,5.1,sys,DL,DL,,PUJ,321,60.17,760,1263,63.18,5.00%,0.5828220858895705,798.0,1263,Cascaded,2027,798.0,1263
D0,sys/DL/DL/PUJ,739,5.1,sys,DL,DL,,PUJ,739,65.09,522,802,68.34,5.00%,0.4003067484662577,548.1,802,Cascaded,2027,548.1,802
D0,sys/DL/DL/PUJ,757,5.1,sys,DL,DL,,PUJ,757,80.0,20,25,84.0,5.00%,0.015337423312883436,21.0,25,Cascaded,2027,21.0,25
D0,sys/DL/DL/PVD,319,5.1,sys,DL,DL,,PVD,319,79.18,251,317,83.14,5.00%,0.31651954602774274,263.55,317,Cascaded,2027,263.55,317
D0,sys/DL/DL/PVD,320,5.1,sys,DL,DL,,PVD,320,54.12,210,388,56.83,5.00%,0.2648171500630517,220.5,388,Cascaded,2027,220.5,388
D0,sys/DL/DL/PVD,321,5.1,sys,DL,DL,,PVD,321,62.21,270,434,65.32,5.00%,0.34047919293820933,283.5,434,Cascaded,2027,283.5,434
D0,sys/DL/DL/PVD,717,5.1,sys,DL,DL,,PVD,717,69.66,62,89,73.15,5.00%,0.07818411097099622,65.1,89,Cascaded,2027,65.1,89
D0,sys/DL/DL/PVG,339,5.1,sys,DL,DL,,PVG,339,70.51,208,295,74.03,5.00%,0.3443708609271523,218.4,295,Cascaded,2027,218.4,295
D0,sys/DL/DL/PVG,359,5.1,sys,DL,DL,,PVG,359,71.49,331,463,75.06,5.00%,0.5480132450331126,347.55,463,Cascaded,2027,347.55,463
D0,sys/DL/DL/PVG,35H,5.1,sys,DL,DL,,PVG,35H,33.33,2,6,35.0,5.00%,0.0033112582781456954,2.1,6,Cascaded,2027,2.1,6
D0,sys/DL/DL/PVG,35J,5.1,sys,DL,DL,,PVG,35J,61.17,63,103,64.22,5.00%,0.10430463576158941,66.15,103,Cascaded,2027,66.15,103
D0,sys/DL/DL/PVR,738,5.1,sys,DL,DL,,PVR,738,79.26,386,487,83.22,5.00%,0.3449508489722967,405.3,487,Cascaded,2027,405.3,487
D0,sys/DL/DL/PVR,739,5.1,sys,DL,DL,,PVR,739,79.45,723,910,83.42,5.00%,0.646112600536193,759.15,910,Cascaded,2027,759.15,910
D0,sys/DL/DL/PVR,757,5.1,sys,DL,DL,,PVR,757,62.5,10,16,65.62,5.00%,0.008936550491510277,10.5,16,Cascaded,2027,10.5,16
D0,sys/DL/DL/PWM,319,5.1,sys,DL,DL,,PWM,319,15.38,2,13,16.15,5.00%,0.0028368794326241137,2.1,13,Cascaded,2027,2.1,13
D0,sys/DL/DL/PWM,320,5.1,sys,DL,DL,,PWM,320,50.24,104,207,52.75,5.00%,0.1475177304964539,109.2,207,Cascaded,2027,109.2,207
D0,sys/DL/DL/PWM,321,5.1,sys,DL,DL,,PWM,321,60.13,270,449,63.14,5.00%,0.3829787234042553,283.5,449,Cascaded,2027,283.5,449
D0,sys/DL/DL/PWM,717,5.1,sys,DL,DL,,PWM,717,65.62,229,349,68.9,5.00%,0.324822695035461,240.45,349,Cascaded,2027,240.45,349
D0,sys/DL/DL/PWM,738,5.1,sys,DL,DL,,PWM,738,0.0,0,1,0.0,0.00%,0.0,0.0,1,Cascaded,2027,0.0,1
D0,sys/DL/DL/PWM,739,5.1,sys,DL,DL,,PWM,739,70.42,100,142,73.94,5.00%,0.14184397163120568,105.0,142,Cascaded,2027,105.0,142
D0,sys/DL/DL/RAK,764,5.1,sys,DL,DL,,RAK,764,65.0,65,100,68.25,5.00%,1.0,68.25,100,Cascaded,2027,68.25,100
D0,sys/DL/DL/RAP,319,5.1,sys,DL,DL,,RAP,319,53.33,8,15,56.0,5.00%,1.0,8.4,15,Cascaded,2027,8.4,15
D0,sys/DL/DL/RDU,220,5.1,sys,DL,DL,,RDU,220,66.35,1108,1670,69.66,5.00%,0.13533650909979236,1163.4,1670,Cascaded,2027,1163.4,1670
D0,sys/DL/DL/RDU,319,5.1,sys,DL,DL,,RDU,319,71.49,1422,1989,75.07,5.00%,0.17368999633565407,1493.1,1989,Cascaded,2027,1493.1000000000001,1989
D0,sys/DL/DL/RDU,320,5.1,sys,DL,DL,,RDU,320,65.05,1232,1894,68.3,5.00%,0.15048247221204347,1293.6,1894,Cascaded,2027,1293.6000000000001,1894
D0,sys/DL/DL/RDU,321,5.1,sys,DL,DL,,RDU,321,68.07,550,808,71.47,5.00%,0.06717967509466227,577.5,808,Cascaded,2027,577.5,808
D0,sys/DL/DL/RDU,717,5.1,sys,DL,DL,,RDU,717,67.12,147,219,70.48,5.00%,0.017955294979846097,154.35,219,Cascaded,2027,154.35,219
D0,sys/DL/DL/RDU,738,5.1,sys,DL,DL,,RDU,738,67.34,299,444,70.71,5.00%,0.036521314278734576,313.95,444,Cascaded,2027,313.95,444
D0,sys/DL/DL/RDU,739,5.1,sys,DL,DL,,RDU,739,70.94,3293,4642,74.49,5.00%,0.4022230365213143,3457.65,4642,Cascaded,2027,3457.65,4642
D0,sys/DL/DL/RDU,757,5.1,sys,DL,DL,,RDU,757,66.67,136,204,70.0,5.00%,0.01661170147795285,142.8,204,Cascaded,2027,142.8,204
D0,sys/DL/DL/RIC,319,5.1,sys,DL,DL,,RIC,319,78.85,164,208,82.79,5.00%,0.07809523809523809,172.2,208,Cascaded,2027,172.2,208
D0,sys/DL/DL/RIC,320,5.1,sys,DL,DL,,RIC,320,50.0,1,2,52.5,5.00%,0.0004761904761904762,1.05,2,Cascaded,2027,1.05,2
D0,sys/DL/DL/RIC,321,5.1,sys,DL,DL,,RIC,321,57.52,65,113,60.4,5.00%,0.030952380952380953,68.25,113,Cascaded,2027,68.25,113
D0,sys/DL/DL/RIC,717,5.1,sys,DL,DL,,RIC,717,72.58,45,62,76.21,5.00%,0.02142857142857143,47.25,62,Cascaded,2027,47.25,62
D0,sys/DL/DL/RIC,738,5.1,sys,DL,DL,,RIC,738,100.0,11,11,105.0,5.00%,0.005238095238095238,11.55,11,Cascaded,2027,11.55,11
D0,sys/DL/DL/RIC,739,5.1,sys,DL,DL,,RIC,739,75.04,1022,1362,78.79,5.00%,0.4866666666666667,1073.1,1362,Cascaded,2027,1073.1,1362
D0,sys/DL/DL/RIC,757,5.1,sys,DL,DL,,RIC,757,72.66,792,1090,76.29,5.00%,0.37714285714285717,831.6,1090,Cascaded,2027,831.6,1090
D0,sys/DL/DL/RNO,319,5.1,sys,DL,DL,,RNO,319,79.31,23,29,83.28,5.00%,0.029715762273901807,24.15,29,Cascaded,2027,24.150000000000002,29
D0,sys/DL/DL/RNO,320,5.1,sys,DL,DL,,RNO,320,50.79,32,63,53.33,5.00%,0.041343669250646,33.6,63,Cascaded,2027,33.6,63
D0,sys/DL/DL/RNO,738,5.1,sys,DL,DL,,RNO,738,80.56,551,684,84.58,5.00%,0.7118863049095607,578.55,684,Cascaded,2027,578.5500000000001,684
D0,sys/DL/DL/RNO,739,5.1,sys,DL,DL,,RNO,739,80.95,34,42,85.0,5.00%,0.04392764857881137,35.7,42,Cascaded,2027,35.7,42
D0,sys/DL/DL/RNO,757,5.1,sys,DL,DL,,RNO,757,44.52,134,301,46.74,5.00%,0.1731266149870801,140.7,301,Cascaded,2027,140.70000000000002,301
D0,sys/DL/DL/ROA,319,5.1,sys,DL,DL,,ROA,319,85.63,304,355,89.92,5.00%,1.0,319.2,355,Cascaded,2027,319.2,355
D0,sys/DL/DL/ROC,319,5.1,sys,DL,DL,,ROC,319,47.58,59,124,49.96,5.00%,0.1063063063063063,61.95,124,Cascaded,2027,61.95,124
D0,sys/DL/DL/ROC,320,5.1,sys,DL,DL,,ROC,320,53.36,365,684,56.03,5.00%,0.6576576576576577,383.25,684,Cascaded,2027,383.25,684
D0,sys/DL/DL/ROC,321,5.1,sys,DL,DL,,ROC,321,49.62,131,264,52.1,5.00%,0.23603603603603604,137.55,264,Cascaded,2027,137.55,264
D0,sys/DL/DL/RSW,220,5.1,sys,DL,DL,,RSW,220,62.39,146,234,65.51,5.00%,0.02804995196926033,153.3,234,Cascaded,2027,153.3,234
D0,sys/DL/DL/RSW,319,5.1,sys,DL,DL,,RSW,319,73.6,184,250,77.28,5.00%,0.035350624399615754,193.2,250,Cascaded,2027,193.2,250
D0,sys/DL/DL/RSW,320,5.1,sys,DL,DL,,RSW,320,41.18,7,17,43.24,5.00%,0.0013448607108549472,7.35,17,Cascaded,2027,7.35,17
D0,sys/DL/DL/RSW,321,5.1,sys,DL,DL,,RSW,321,72.78,1246,1712,76.42,5.00%,0.2393852065321806,1308.3,1712,Cascaded,2027,1308.3,1712
D0,sys/DL/DL/RSW,738,5.1,sys,DL,DL,,RSW,738,64.78,868,1340,68.01,5.00%,0.16676272814601345,911.4,1340,Cascaded,2027,911.4,1340
D0,sys/DL/DL/RSW,739,5.1,sys,DL,DL,,RSW,739,75.39,1100,1459,79.16,5.00%,0.21133525456292027,1155.0,1459,Cascaded,2027,1155.0,1459
D0,sys/DL/DL/RSW,757,5.1,sys,DL,DL,,RSW,757,68.49,1654,2415,71.91,5.00%,0.31777137367915465,1736.7,2415,Cascaded,2027,1736.7,2415
D0,sys/DL/DL/RTB,738,5.1,sys,DL,DL,,RTB,738,67.16,45,67,70.52,5.00%,0.8490566037735849,47.25,67,Cascaded,2027,47.25,67
D0,sys/DL/DL/RTB,739,5.1,sys,DL,DL,,RTB,739,66.67,8,12,70.0,5.00%,0.1509433962264151,8.4,12,Cascaded,2027,8.4,12
D0,sys/DL/DL/SAL,738,5.1,sys,DL,DL,,SAL,738,77.6,149,192,81.48,5.00%,0.5936254980079682,156.45,192,Cascaded,2027,156.45000000000002,192
D0,sys/DL/DL/SAL,739,5.1,sys,DL,DL,,SAL,739,58.82,20,34,61.76,5.00%,0.0796812749003984,21.0,34,Cascaded,2027,21.0,34
D0,sys/DL/DL/SAL,757,5.1,sys,DL,DL,,SAL,757,60.74,82,135,63.78,5.00%,0.32669322709163345,86.1,135,Cascaded,2027,86.10000000000001,135
D0,sys/DL/DL/SAN,220,5.1,sys,DL,DL,,SAN,220,63.84,346,542,67.03,5.00%,0.0525117620276218,363.3,542,Cascaded,2027,363.3,542
D0,sys/DL/DL/SAN,319,5.1,sys,DL,DL,,SAN,319,71.58,68,95,75.16,5.00%,0.010320230687509485,71.4,95,Cascaded,2027,71.39999999999999,95
D0,sys/DL/DL/SAN,320,5.1,sys,DL,DL,,SAN,320,68.18,30,44,71.59,5.00%,0.004553042950371832,31.5,44,Cascaded,2027,31.5,44
D0,sys/DL/DL/SAN,321,5.1,sys,DL,DL,,SAN,321,69.1,4273,6184,72.55,5.00%,0.6485050842312946,4486.65,6184,Cascaded,2027,4486.65,6184
D0,sys/DL/DL/SAN,332,5.1,sys,DL,DL,,SAN,332,0.0,0,3,0.0,0.00%,0.0,0.0,3,Cascaded,2027,0.0,3
D0,sys/DL/DL/SAN,333,5.1,sys,DL,DL,,SAN,333,50.0,1,2,52.5,5.00%,0.00015176809834572774,1.05,2,Cascaded,2027,1.05,2
D0,sys/DL/DL/SAN,738,5.1,sys,DL,DL,,SAN,738,77.14,891,1155,81.0,5.00%,0.1352253756260434,935.55,1155,Cascaded,2027,935.55,1155
D0,sys/DL/DL/SAN,739,5.1,sys,DL,DL,,SAN,739,79.6,519,652,83.58,5.00%,0.07876764304143269,544.95,652,Cascaded,2027,544.9499999999999,652
D0,sys/DL/DL/SAN,757,5.1,sys,DL,DL,,SAN,757,58.37,443,759,61.28,5.00%,0.06723326756715739,465.15,759,Cascaded,2027,465.15,759
D0,sys/DL/DL/SAN,763,5.1,sys,DL,DL,,SAN,763,50.0,17,34,52.5,5.00%,0.002580057671877371,17.85,34,Cascaded,2027,17.849999999999998,34
D0,sys/DL/DL/SAN,764,5.1,sys,DL,DL,,SAN,764,33.33,1,3,35.0,5.00%,0.00015176809834572774,1.05,3,Cascaded,2027,1.05,3
D0,sys/DL/DL/SAP,320,5.1,sys,DL,DL,,SAP,320,0.0,0,1,0.0,0.00%,0.0,0.0,1,Cascaded,2027,0.0,1
D0,sys/DL/DL/SAP,738,5.1,sys,DL,DL,,SAP,738,58.99,164,278,61.94,5.00%,0.8159203980099502,172.2,278,Cascaded,2027,172.20000000000002,278
D0,sys/DL/DL/SAP,739,5.1,sys,DL,DL,,SAP,739,45.68,37,81,47.96,5.00%,0.18407960199004975,38.85,81,Cascaded,2027,38.85,81
D0,sys/DL/DL/SAT,220,5.1,sys,DL,DL,,SAT,220,68.42,1317,1925,71.84,5.00%,0.2716023922458239,1382.85,1925,Cascaded,2027,1382.85,1925
D0,sys/DL/DL/SAT,319,5.1,sys,DL,DL,,SAT,319,80.37,1462,1819,84.39,5.00%,0.30150546504433906,1535.1,1819,Cascaded,2027,1535.1,1819
D0,sys/DL/DL/SAT,320,5.1,sys,DL,DL,,SAT,320,65.77,732,1113,69.06,5.00%,0.15095896061043515,768.6,1113,Cascaded,2027,768.6,1113
D0,sys/DL/DL/SAT,321,5.1,sys,DL,DL,,SAT,321,72.36,1115,1541,75.97,5.00%,0.22994431841616828,1170.75,1541,Cascaded,2027,1170.75,1541
D0,sys/DL/DL/SAT,738,5.1,sys,DL,DL,,SAT,738,66.24,155,234,69.55,5.00%,0.03196535368117138,162.75,234,Cascaded,2027,162.75,234
D0,sys/DL/DL/SAT,739,5.1,sys,DL,DL,,SAT,739,68.69,68,99,72.12,5.00%,0.01402351000206228,71.4,99,Cascaded,2027,71.39999999999999,99
D0,sys/DL/DL/SAV,220,5.1,sys,DL,DL,,SAV,220,62.96,51,81,66.11,5.00%,0.019836639439906652,53.55,81,Cascaded,2027,53.550000000000004,81
D0,sys/DL/DL/SAV,319,5.1,sys,DL,DL,,SAV,319,55.28,136,246,58.05,5.00%,0.052897705173084404,142.8,246,Cascaded,2027,142.8,246
D0,sys/DL/DL/SAV,320,5.1,sys,DL,DL,,SAV,320,75.0,9,12,78.75,5.00%,0.003500583430571762,9.45,12,Cascaded,2027,9.450000000000001,12
D0,sys/DL/DL/SAV,321,5.1,sys,DL,DL,,SAV,321,66.42,91,137,69.74,5.00%,0.035394788020225595,95.55,137,Cascaded,2027,95.55000000000001,137
D0,sys/DL/DL/SAV,717,5.1,sys,DL,DL,,SAV,717,65.07,626,962,68.33,5.00%,0.24348502528199145,657.3,962,Cascaded,2027,657.3000000000001,962
D0,sys/DL/DL/SAV,738,5.1,sys,DL,DL,,SAV,738,69.38,145,209,72.85,5.00%,0.056398288603656165,152.25,209,Cascaded,2027,152.25,209
D0,sys/DL/DL/SAV,739,5.1,sys,DL,DL,,SAV,739,76.31,1488,1950,80.12,5.00%,0.5787631271878646,1562.4,1950,Cascaded,2027,1562.4,1950
D0,sys/DL/DL/SAV,757,5.1,sys,DL,DL,,SAV,757,53.19,25,47,55.85,5.00%,0.009723842862699339,26.25,47,Cascaded,2027,26.25,47
D0,sys/DL/DL/SBA,220,5.1,sys,DL,DL,,SBA,220,67.29,253,376,70.65,5.00%,1.0,265.65,376,Cascaded,2027,265.65,376
D0,sys/DL/DL/SCL,333,5.1,sys,DL,DL,,SCL,333,77.78,7,9,81.67,5.00%,0.022222222222222223,7.35,9,Cascaded,2027,7.35,9
D0,sys/DL/DL/SCL,339,5.1,sys,DL,DL,,SCL,339,88.89,8,9,93.33,5.00%,0.025396825396825397,8.4,9,Cascaded,2027,8.4,9
D0,sys/DL/DL/SCL,359,5.1,sys,DL,DL,,SCL,359,78.26,108,138,82.17,5.00%,0.34285714285714286,113.4,138,Cascaded,2027,113.4,138
D0,sys/DL/DL/SCL,35H,5.1,sys,DL,DL,,SCL,35H,75.63,90,119,79.41,5.00%,0.2857142857142857,94.5,119,Cascaded,2027,94.5,119
D0,sys/DL/DL/SCL,35J,5.1,sys,DL,DL,,SCL,35J,79.41,54,68,83.38,5.00%,0.17142857142857143,56.7,68,Cascaded,2027,56.7,68
D0,sys/DL/DL/SCL,35L,5.1,sys,DL,DL,,SCL,35L,66.67,12,18,70.0,5.00%,0.0380952380952381,12.6,18,Cascaded,2027,12.6,18
D0,sys/DL/DL/SCL,763,5.1,sys,DL,DL,,SCL,763,73.47,36,49,77.14,5.00%,0.11428571428571428,37.8,49,Cascaded,2027,37.8,49
D0,sys/DL/DL/SDF,319,5.1,sys,DL,DL,,SDF,319,77.78,21,27,81.67,5.00%,0.010115606936416185,22.05,27,Cascaded,2027,22.05,27
D0,sys/DL/DL/SDF,320,5.1,sys,DL,DL,,SDF,320,71.43,5,7,75.0,5.00%,0.0024084778420038534,5.25,7,Cascaded,2027,5.25,7
D0,sys/DL/DL/SDF,717,5.1,sys,DL,DL,,SDF,717,73.83,852,1154,77.52,5.00%,0.41040462427745666,894.6,1154,Cascaded,2027,894.6000000000001,1154
D0,sys/DL/DL/SDF,738,5.1,sys,DL,DL,,SDF,738,73.1,231,316,76.76,5.00%,0.11127167630057803,242.55,316,Cascaded,2027,242.55,316
D0,sys/DL/DL/SDF,739,5.1,sys,DL,DL,,SDF,739,84.9,967,1139,89.14,5.00%,0.4657996146435453,1015.35,1139,Cascaded,2027,1015.3500000000001,1139
D0,sys/DL/DL/SDQ,321,5.1,sys,DL,DL,,SDQ,321,57.42,615,1071,60.29,5.00%,0.7321428571428571,645.75,1071,Cascaded,2027,645.75,1071
D0,sys/DL/DL/SDQ,738,5.1,sys,DL,DL,,SDQ,738,61.62,61,99,64.7,5.00%,0.07261904761904762,64.05,99,Cascaded,2027,64.05,99
D0,sys/DL/DL/SDQ,739,5.1,sys,DL,DL,,SDQ,739,61.89,164,265,64.98,5.00%,0.19523809523809524,172.2,265,Cascaded,2027,172.2,265
D0,sys/DL/DL/SEA,220,5.1,sys,DL,DL,,SEA,220,62.89,4804,7639,66.03,5.00%,0.20942499673045906,5044.2,7639,Cascaded,2027,5044.2,7639
D0,sys/DL/DL/SEA,319,5.1,sys,DL,DL,,SEA,319,75.23,164,218,78.99,5.00%,0.0071493962247700426,172.2,218,Cascaded,2027,172.20000000000002,218
D0,sys/DL/DL/SEA,320,5.1,sys,DL,DL,,SEA,320,65.41,87,133,68.68,5.00%,0.0037926675094816687,91.35,133,Cascaded,2027,91.35000000000001,133
D0,sys/DL/DL/SEA,321,5.1,sys,DL,DL,,SEA,321,63.6,5456,8578,66.78,5.00%,0.2378482061118619,5728.8,8578,Cascaded,2027,5728.8,8578
D0,sys/DL/DL/SEA,332,5.1,sys,DL,DL,,SEA,332,57.14,88,154,60.0,5.00%,0.0038362613889009983,92.4,154,Cascaded,2027,92.4,154
D0,sys/DL/DL/SEA,333,5.1,sys,DL,DL,,SEA,333,37.5,3,8,39.38,5.00%,0.00013078163825798857,3.15,8,Cascaded,2027,3.15,8
D0,sys/DL/DL/SEA,339,5.1,sys,DL,DL,,SEA,339,59.61,828,1389,62.59,5.00%,0.03609573215920485,869.4,1389,Cascaded,2027,869.4,1389
D0,sys/DL/DL/SEA,359,5.1,sys,DL,DL,,SEA,359,51.93,552,1063,54.52,5.00%,0.024063821439469897,579.6,1063,Cascaded,2027,579.6,1063
D0,sys/DL/DL/SEA,35H,5.1,sys,DL,DL,,SEA,35H,25.0,1,4,26.25,5.00%,4.359387941932953e-05,1.05,4,Cascaded,2027,1.05,4
D0,sys/DL/DL/SEA,35J,5.1,sys,DL,DL,,SEA,35J,55.56,40,72,58.33,5.00%,0.001743755176773181,42.0,72,Cascaded,2027,42.0,72
D0,sys/DL/DL/SEA,738,5.1,sys,DL,DL,,SEA,738,71.49,6097,8528,75.07,5.00%,0.2657918828196521,6401.85,8528,Cascaded,2027,6401.85,8528
D0,sys/DL/DL/SEA,739,5.1,sys,DL,DL,,SEA,739,68.04,3969,5833,71.45,5.00%,0.1730241074153189,4167.45,5833,Cascaded,2027,4167.45,5833
D0,sys/DL/DL/SEA,757,5.1,sys,DL,DL,,SEA,757,53.74,833,1550,56.43,5.00%,0.036313701556301495,874.65,1550,Cascaded,2027,874.65,1550
D0,sys/DL/DL/SEA,763,5.1,sys,DL,DL,,SEA,763,39.53,17,43,41.51,5.00%,0.000741095950128602,17.85,43,Cascaded,2027,17.85,43
D0,sys/DL/DL/SFO,220,5.1,sys,DL,DL,,SFO,220,52.65,706,1341,55.28,5.00%,0.08504999397662932,741.3,1341,Cascaded,2027,741.3,1341
D0,sys/DL/DL/SFO,319,5.1,sys,DL,DL,,SFO,319,60.94,284,466,63.99,5.00%,0.034212745452355135,298.2,466,Cascaded,2027,298.2,466
D0,sys/DL/DL/SFO,320,5.1,sys,DL,DL,,SFO,320,62.5,90,144,65.62,5.00%,0.01084206722081677,94.5,144,Cascaded,2027,94.49999999999999,144
D0,sys/DL/DL/SFO,321,5.1,sys,DL,DL,,SFO,321,57.1,865,1515,59.95,5.00%,0.10420431273340561,908.25,1515,Cascaded,2027,908.2499999999999,1515
D0,sys/DL/DL/SFO,332,5.1,sys,DL,DL,,SFO,332,70.42,50,71,73.94,5.00%,0.006023370678231539,52.5,71,Cascaded,2027,52.49999999999999,71
D0,sys/DL/DL/SFO,333,5.1,sys,DL,DL,,SFO,333,33.33,1,3,35.0,5.00%,0.00012046741356463077,1.05,3,Cascaded,2027,1.0499999999999998,3
D0,sys/DL/DL/SFO,339,5.1,sys,DL,DL,,SFO,339,53.85,7,13,56.54,5.00%,0.0008432718949524154,7.35,13,Cascaded,2027,7.35,13
D0,sys/DL/DL/SFO,738,5.1,sys,DL,DL,,SFO,738,62.32,1295,2078,65.44,5.00%,0.15600530056619685,1359.75,2078,Cascaded,2027,1359.75,2078
D0,sys/DL/DL/SFO,739,5.1,sys,DL,DL,,SFO,739,68.09,2846,4180,71.49,5.00%,0.34285025900493915,2988.3,4180,Cascaded,2027,2988.2999999999997,4180
D0,sys/DL/DL/SFO,757,5.1,sys,DL,DL,,SFO,757,59.41,1117,1880,62.39,5.00%,0.13456210095169258,1172.85,1880,Cascaded,2027,1172.85,1880
D0,sys/DL/DL/SFO,763,5.1,sys,DL,DL,,SFO,763,57.02,1024,1796,59.87,5.00%,0.1233586314901819,1075.2,1796,Cascaded,2027,1075.1999999999998,1796
D0,sys/DL/DL/SFO,764,5.1,sys,DL,DL,,SFO,764,53.33,16,30,56.0,5.00%,0.0019274786170340923,16.8,30,Cascaded,2027,16.799999999999997,30
D0,sys/DL/DL/SGF,717,5.1,sys,DL,DL,,SGF,717,51.5,240,466,54.08,5.00%,1.0,252.0,466,Cascaded,2027,252.0,466
D0,sys/DL/DL/SHV,717,5.1,sys,DL,DL,,SHV,717,0.0,0,1,0.0,0.00%,1.0,0.0,1,Cascaded,2027,0.0,1
D0,sys/DL/DL/SJC,220,5.1,sys,DL,DL,,SJC,220,79.09,908,1148,83.05,5.00%,0.42075996292863765,953.4,1148,Cascaded,2027,953.4000000000001,1148
D0,sys/DL/DL/SJC,319,5.1,sys,DL,DL,,SJC,319,86.43,363,420,90.75,5.00%,0.16821130676552362,381.15,420,Cascaded,2027,381.15000000000003,420
D0,sys/DL/DL/SJC,320,5.1,sys,DL,DL,,SJC,320,60.32,76,126,63.33,5.00%,0.03521779425393883,79.8,126,Cascaded,2027,79.8,126
D0,sys/DL/DL/SJC,738,5.1,sys,DL,DL,,SJC,738,95.83,23,24,100.63,5.00%,0.010658016682113068,24.15,24,Cascaded,2027,24.150000000000002,24
D0,sys/DL/DL/SJC,739,5.1,sys,DL,DL,,SJC,739,82.08,788,960,86.19,5.00%,0.36515291936978683,827.4,960,Cascaded,2027,827.4000000000001,960
D0,sys/DL/DL/SJD,319,5.1,sys,DL,DL,,SJD,319,45.83,11,24,48.12,5.00%,0.008064516129032258,11.55,24,Cascaded,2027,11.55,24
D0,sys/DL/DL/SJD,320,5.1,sys,DL,DL,,SJD,320,50.0,1,2,52.5,5.00%,0.0007331378299120235,1.05,2,Cascaded,2027,1.05,2
D0,sys/DL/DL/SJD,321,5.1,sys,DL,DL,,SJD,321,60.61,180,297,63.64,5.00%,0.13196480938416422,189.0,297,Cascaded,2027,189.0,297
D0,sys/DL/DL/SJD,738,5.1,sys,DL,DL,,SJD,738,75.34,391,519,79.1,5.00%,0.2866568914956012,410.55,519,Cascaded,2027,410.55,519
D0,sys/DL/DL/SJD,739,5.1,sys,DL,DL,,SJD,739,68.73,701,1020,72.16,5.00%,0.5139296187683284,736.05,1020,Cascaded,2027,736.0500000000001,1020
D0,sys/DL/DL/SJD,757,5.1,sys,DL,DL,,SJD,757,45.2,80,177,47.46,5.00%,0.05865102639296188,84.0,177,Cascaded,2027,84.0,177
D0,sys/DL/DL/SJO,757,5.1,sys,DL,DL,,SJO,757,65.87,384,583,69.16,5.00%,1.0,403.2,583,Cascaded,2027,403.2,583
D0,sys/DL/DL/SJU,321,5.1,sys,DL,DL,,SJU,321,73.52,1238,1684,77.19,5.00%,0.4723388019839756,1299.9,1684,Cascaded,2027,1299.9,1684
D0,sys/DL/DL/SJU,333,5.1,sys,DL,DL,,SJU,333,100.0,1,1,105.0,5.00%,0.00038153376573826786,1.05,1,Cascaded,2027,1.05,1
D0,sys/DL/DL/SJU,738,5.1,sys,DL,DL,,SJU,738,57.45,27,47,60.32,5.00%,0.01030141167493323,28.35,47,Cascaded,2027,28.35,47
D0,sys/DL/DL/SJU,739,5.1,sys,DL,DL,,SJU,739,74.04,713,963,77.74,5.00%,0.272033574971385,748.65,963,Cascaded,2027,748.6500000000001,963
D0,sys/DL/DL/SJU,757,5.1,sys,DL,DL,,SJU,757,75.46,529,701,79.24,5.00%,0.2018313620755437,555.45,701,Cascaded,2027,555.45,701
D0,sys/DL/DL/SJU,763,5.1,sys,DL,DL,,SJU,763,62.43,113,181,65.55,5.00%,0.04311331552842427,118.65,181,Cascaded,2027,118.65,181
D0,sys/DL/DL/SKB,738,5.1,sys,DL,DL,,SKB,738,46.3,25,54,48.61,5.00%,1.0,26.25,54,Cascaded,2027,26.25,54
D0,sys/DL/DL/SLC,220,5.1,sys,DL,DL,,SLC,220,67.44,8815,13070,70.82,5.00%,0.22665912421897097,9255.75,13070,Cascaded,2027,9255.75,13070
D0,sys/DL/DL/SLC,319,5.1,sys,DL,DL,,SLC,319,71.61,3395,4741,75.19,5.00%,0.08729526111439664,3564.75,4741,Cascaded,2027,3564.7500000000005,4741
D0,sys/DL/DL/SLC,320,5.1,sys,DL,DL,,SLC,320,67.75,2275,3358,71.14,5.00%,0.058496824458100845,2388.75,3358,Cascaded,2027,2388.75,3358
D0,sys/DL/DL/SLC,321,5.1,sys,DL,DL,,SLC,321,64.27,9543,14848,67.48,5.00%,0.24537810804556323,10020.15,14848,Cascaded,2027,10020.150000000001,14848
D0,sys/DL/DL/SLC,332,5.1,sys,DL,DL,,SLC,332,64.68,174,269,67.92,5.00%,0.004474042837674526,182.7,269,Cascaded,2027,182.70000000000002,269
D0,sys/DL/DL/SLC,333,5.1,sys,DL,DL,,SLC,333,52.45,203,387,55.08,5.00%,0.005219716643953614,213.15,387,Cascaded,2027,213.15,387
D0,sys/DL/DL/SLC,339,5.1,sys,DL,DL,,SLC,339,67.39,281,417,70.76,5.00%,0.007225322053945643,295.05,417,Cascaded,2027,295.05,417
D0,sys/DL/DL/SLC,359,5.1,sys,DL,DL,,SLC,359,48.0,48,100,50.4,5.00%,0.0012342187138412485,50.4,100,Cascaded,2027,50.400000000000006,100
D0,sys/DL/DL/SLC,35H,5.1,sys,DL,DL,,SLC,35H,61.59,85,138,64.67,5.00%,0.002185595639093878,89.25,138,Cascaded,2027,89.25,138
D0,sys/DL/DL/SLC,35J,5.1,sys,DL,DL,,SLC,35J,37.04,10,27,38.89,5.00%,0.0002571288987169268,10.5,27,Cascaded,2027,10.5,27
D0,sys/DL/DL/SLC,738,5.1,sys,DL,DL,,SLC,738,71.06,5413,7617,74.62,5.00%,0.1391838728754725,5683.65,7617,Cascaded,2027,5683.650000000001,7617
D0,sys/DL/DL/SLC,739,5.1,sys,DL,DL,,SLC,739,73.15,7823,10695,76.8,5.00%,0.20115193746625185,8214.15,10695,Cascaded,2027,8214.150000000001,10695
D0,sys/DL/DL/SLC,757,5.1,sys,DL,DL,,SLC,757,56.25,171,304,59.06,5.00%,0.004396904168059448,179.55,304,Cascaded,2027,179.55,304
D0,sys/DL/DL/SLC,763,5.1,sys,DL,DL,,SLC,763,60.44,654,1082,63.47,5.00%,0.016816229976087012,686.7,1082,Cascaded,2027,686.7,1082
D0,sys/DL/DL/SLC,764,5.1,sys,DL,DL,,SLC,764,25.0,1,4,26.25,5.00%,2.571288987169268e-05,1.05,4,Cascaded,2027,1.05,4
D0,sys/DL/DL/SMF,220,5.1,sys,DL,DL,,SMF,220,77.36,475,614,81.23,5.00%,0.17086330935251798,498.75,614,Cascaded,2027,498.75,614
D0,sys/DL/DL/SMF,319,5.1,sys,DL,DL,,SMF,319,87.82,346,394,92.21,5.00%,0.12446043165467625,363.3,394,Cascaded,2027,363.3,394
D0,sys/DL/DL/SMF,320,5.1,sys,DL,DL,,SMF,320,78.86,138,175,82.8,5.00%,0.04964028776978417,144.9,175,Cascaded,2027,144.9,175
D0,sys/DL/DL/SMF,321,5.1,sys,DL,DL,,SMF,321,93.33,28,30,98.0,5.00%,0.010071942446043165,29.4,30,Cascaded,2027,29.4,30
D0,sys/DL/DL/SMF,738,5.1,sys,DL,DL,,SMF,738,74.5,187,251,78.23,5.00%,0.06726618705035971,196.35,251,Cascaded,2027,196.35,251
D0,sys/DL/DL/SMF,739,5.1,sys,DL,DL,,SMF,739,80.87,1606,1986,84.91,5.00%,0.5776978417266188,1686.3,1986,Cascaded,2027,1686.3,1986
D0,sys/DL/DL/SNA,220,5.1,sys,DL,DL,,SNA,220,67.56,2066,3058,70.94,5.00%,0.7020047570506286,2169.3,3058,Cascaded,2027,2169.3,3058
D0,sys/DL/DL/SNA,319,5.1,sys,DL,DL,,SNA,319,77.03,57,74,80.88,5.00%,0.019367991845056064,59.85,74,Cascaded,2027,59.85,74
D0,sys/DL/DL/SNA,320,5.1,sys,DL,DL,,SNA,320,58.97,23,39,61.92,5.00%,0.00781515460414543,24.15,39,Cascaded,2027,24.150000000000002,39
D0,sys/DL/DL/SNA,757,5.1,sys,DL,DL,,SNA,757,57.59,797,1384,60.47,5.00%,0.2708120965001699,836.85,1384,Cascaded,2027,836.85,1384
D0,sys/DL/DL/SNN,763,5.1,sys,DL,DL,,SNN,763,78.57,88,112,82.5,5.00%,1.0,92.4,112,Cascaded,2027,92.4,112
D0,sys/DL/DL/SRQ,220,5.1,sys,DL,DL,,SRQ,220,66.31,435,656,69.63,5.00%,0.18645520788684097,456.75,656,Cascaded,2027,456.75,656
D0,sys/DL/DL/SRQ,319,5.1,sys,DL,DL,,SRQ,319,64.29,18,28,67.5,5.00%,0.007715387912558937,18.9,28,Cascaded,2027,18.900000000000002,28
D0,sys/DL/DL/SRQ,320,5.1,sys,DL,DL,,SRQ,320,56.9,66,116,59.74,5.00%,0.02828975567938277,69.3,116,Cascaded,2027,69.3,116
D0,sys/DL/DL/SRQ,321,5.1,sys,DL,DL,,SRQ,321,74.1,764,1031,77.81,5.00%,0.327475353621946,802.2,1031,Cascaded,2027,802.2,1031
D0,sys/DL/DL/SRQ,717,5.1,sys,DL,DL,,SRQ,717,50.0,14,28,52.5,5.00%,0.006000857265323617,14.7,28,Cascaded,2027,14.700000000000001,28
D0,sys/DL/DL/SRQ,738,5.1,sys,DL,DL,,SRQ,738,50.0,1,2,52.5,5.00%,0.0004286326618088298,1.05,2,Cascaded,2027,1.05,2
D0,sys/DL/DL/SRQ,739,5.1,sys,DL,DL,,SRQ,739,75.31,790,1049,79.08,5.00%,0.3386198028289756,829.5,1049,Cascaded,2027,829.5,1049
D0,sys/DL/DL/SRQ,757,5.1,sys,DL,DL,,SRQ,757,72.49,245,338,76.11,5.00%,0.10501500214316331,257.25,338,Cascaded,2027,257.25,338
D0,sys/DL/DL/STI,321,5.1,sys,DL,DL,,STI,321,67.61,720,1065,70.99,5.00%,1.0,756.0,1065,Cascaded,2027,756.0,1065
D0,sys/DL/DL/STL,220,5.1,sys,DL,DL,,STL,220,78.59,602,766,82.52,5.00%,0.1471882640586797,632.1,766,Cascaded,2027,632.1,766
D0,sys/DL/DL/STL,319,5.1,sys,DL,DL,,STL,319,81.35,506,622,85.42,5.00%,0.12371638141809291,531.3,622,Cascaded,2027,531.3,622
D0,sys/DL/DL/STL,320,5.1,sys,DL,DL,,STL,320,72.22,117,162,75.83,5.00%,0.02860635696821516,122.85,162,Cascaded,2027,122.85,162
D0,sys/DL/DL/STL,321,5.1,sys,DL,DL,,STL,321,72.82,142,195,76.46,5.00%,0.03471882640586797,149.1,195,Cascaded,2027,149.1,195
D0,sys/DL/DL/STL,717,5.1,sys,DL,DL,,STL,717,78.47,1141,1454,82.4,5.00%,0.2789731051344743,1198.05,1454,Cascaded,2027,1198.05,1454
D0,sys/DL/DL/STL,738,5.1,sys,DL,DL,,STL,738,74.82,511,683,78.56,5.00%,0.12493887530562348,536.55,683,Cascaded,2027,536.55,683
D0,sys/DL/DL/STL,739,5.1,sys,DL,DL,,STL,739,79.22,1071,1352,83.18,5.00%,0.2618581907090465,1124.55,1352,Cascaded,2027,1124.55,1352
D0,sys/DL/DL/STT,757,5.1,sys,DL,DL,,STT,757,64.03,673,1051,67.24,5.00%,1.0,706.65,1051,Cascaded,2027,706.65,1051
D0,sys/DL/DL/STX,738,5.1,sys,DL,DL,,STX,738,36.07,44,122,37.87,5.00%,1.0,46.2,122,Cascaded,2027,46.2,122
D0,sys/DL/DL/SXM,757,5.1,sys,DL,DL,,SXM,757,52.64,279,530,55.27,5.00%,1.0,292.95,530,Cascaded,2027,292.95,530
D0,sys/DL/DL/SYD,359,5.1,sys,DL,DL,,SYD,359,76.71,112,146,80.55,5.00%,0.3822525597269625,117.6,146,Cascaded,2027,117.6,146
D0,sys/DL/DL/SYD,35H,5.1,sys,DL,DL,,SYD,35H,69.57,160,230,73.04,5.00%,0.5460750853242321,168.0,230,Cascaded,2027,168.0,230
D0,sys/DL/DL/SYD,35J,5.1,sys,DL,DL,,SYD,35J,53.85,21,39,56.54,5.00%,0.07167235494880546,22.05,39,Cascaded,2027,22.049999999999997,39
D0,sys/DL/DL/SYR,220,5.1,sys,DL,DL,,SYR,220,60.0,6,10,63.0,5.00%,0.005859375,6.3,10,Cascaded,2027,6.300000000000001,10
D0,sys/DL/DL/SYR,319,5.1,sys,DL,DL,,SYR,319,81.48,176,216,85.56,5.00%,0.171875,184.8,216,Cascaded,2027,184.8,216
D0,sys/DL/DL/SYR,320,5.1,sys,DL,DL,,SYR,320,73.9,337,456,77.6,5.00%,0.3291015625,353.85,456,Cascaded,2027,353.85,456
D0,sys/DL/DL/SYR,321,5.1,sys,DL,DL,,SYR,321,71.79,504,702,75.38,5.00%,0.4921875,529.2,702,Cascaded,2027,529.2,702
D0,sys/DL/DL/SYR,717,5.1,sys,DL,DL,,SYR,717,100.0,1,1,105.0,5.00%,0.0009765625,1.05,1,Cascaded,2027,1.05,1
D0,sys/DL/DL/TLH,717,5.1,sys,DL,DL,,TLH,717,76.66,1412,1842,80.49,5.00%,0.9929676511954993,1482.6,1842,Cascaded,2027,1482.6,1842
D0,sys/DL/DL/TLH,738,5.1,sys,DL,DL,,TLH,738,100.0,3,3,105.0,5.00%,0.002109704641350211,3.15,3,Cascaded,2027,3.15,3
D0,sys/DL/DL/TLH,739,5.1,sys,DL,DL,,TLH,739,87.5,7,8,91.88,5.00%,0.004922644163150493,7.35,8,Cascaded,2027,7.35,8
D0,sys/DL/DL/TLV,339,5.1,sys,DL,DL,,TLV,339,57.63,136,236,60.51,5.00%,1.0,142.8,236,Cascaded,2027,142.8,236
D0,sys/DL/DL/TPA,220,5.1,sys,DL,DL,,TPA,220,70.04,166,237,73.54,5.00%,0.018440346589646744,174.3,237,Cascaded,2027,174.3,237
D0,sys/DL/DL/TPA,319,5.1,sys,DL,DL,,TPA,319,77.41,370,478,81.28,5.00%,0.041101977338369254,388.5,478,Cascaded,2027,388.5,478
D0,sys/DL/DL/TPA,320,5.1,sys,DL,DL,,TPA,320,76.47,286,374,80.29,5.00%,0.03177071761830704,300.3,374,Cascaded,2027,300.3,374
D0,sys/DL/DL/TPA,321,5.1,sys,DL,DL,,TPA,321,63.8,3028,4746,66.99,5.00%,0.33636969562319485,3179.4,4746,Cascaded,2027,3179.4,4746
D0,sys/DL/DL/TPA,332,5.1,sys,DL,DL,,TPA,332,63.64,7,11,66.82,5.00%,0.0007776049766718507,7.35,11,Cascaded,2027,7.3500000000000005,11
D0,sys/DL/DL/TPA,333,5.1,sys,DL,DL,,TPA,333,48.21,94,195,50.62,5.00%,0.010442123972450567,98.7,195,Cascaded,2027,98.7,195
D0,sys/DL/DL/TPA,339,5.1,sys,DL,DL,,TPA,339,44.83,13,29,47.07,5.00%,0.0014441235281048657,13.65,29,Cascaded,2027,13.65,29
D0,sys/DL/DL/TPA,738,5.1,sys,DL,DL,,TPA,738,60.22,1305,2167,63.23,5.00%,0.14496778493668075,1370.25,2167,Cascaded,2027,1370.25,2167
D0,sys/DL/DL/TPA,739,5.1,sys,DL,DL,,TPA,739,69.36,1424,2053,72.83,5.00%,0.1581870695401022,1495.2,2053,Cascaded,2027,1495.2,2053
D0,sys/DL/DL/TPA,757,5.1,sys,DL,DL,,TPA,757,64.17,2283,3558,67.37,5.00%,0.25361030882026214,2397.15,3558,Cascaded,2027,2397.15,3558
D0,sys/DL/DL/TPA,763,5.1,sys,DL,DL,,TPA,763,48.98,24,49,51.43,5.00%,0.0026660742057320595,25.2,49,Cascaded,2027,25.2,49
D0,sys/DL/DL/TPA,764,5.1,sys,DL,DL,,TPA,764,20.0,2,10,21.0,5.00%,0.00022217285047767163,2.1,10,Cascaded,2027,2.1,10
D0,sys/DL/DL/TPE,359,5.1,sys,DL,DL,,TPE,359,69.16,240,347,72.62,5.00%,0.963855421686747,252.0,347,Cascaded,2027,252.0,347
D0,sys/DL/DL/TPE,35H,5.1,sys,DL,DL,,TPE,35H,100.0,1,1,105.0,5.00%,0.004016064257028112,1.05,1,Cascaded,2027,1.05,1
D0,sys/DL/DL/TPE,35J,5.1,sys,DL,DL,,TPE,35J,66.67,8,12,70.0,5.00%,0.0321285140562249,8.4,12,Cascaded,2027,8.4,12
D0,sys/DL/DL/TQO,738,5.1,sys,DL,DL,,TQO,738,79.74,122,153,83.73,5.00%,0.45018450184501846,128.1,153,Cascaded,2027,128.1,153
D0,sys/DL/DL/TQO,739,5.1,sys,DL,DL,,TQO,739,84.18,149,177,88.39,5.00%,0.5498154981549815,156.45,177,Cascaded,2027,156.45000000000002,177
D0,sys/DL/DL/TRI,717,5.1,sys,DL,DL,,TRI,717,66.41,255,384,69.73,5.00%,1.0,267.75,384,Cascaded,2027,267.75,384
D0,sys/DL/DL/TUL,717,5.1,sys,DL,DL,,TUL,717,73.23,1130,1543,76.9,5.00%,1.0,1186.5,1543,Cascaded,2027,1186.5,1543
D0,sys/DL/DL/TUS,220,5.1,sys,DL,DL,,TUS,220,72.79,99,136,76.43,5.00%,0.11458333333333333,103.95,136,Cascaded,2027,103.95,136
D0,sys/DL/DL/TUS,319,5.1,sys,DL,DL,,TUS,319,0.0,0,1,0.0,0.00%,0.0,0.0,1,Cascaded,2027,0.0,1
D0,sys/DL/DL/TUS,320,5.1,sys,DL,DL,,TUS,320,70.59,60,85,74.12,5.00%,0.06944444444444445,63.0,85,Cascaded,2027,63.0,85
D0,sys/DL/DL/TUS,321,5.1,sys,DL,DL,,TUS,321,77.08,232,301,80.93,5.00%,0.26851851851851855,243.6,301,Cascaded,2027,243.60000000000002,301
D0,sys/DL/DL/TUS,738,5.1,sys,DL,DL,,TUS,738,100.0,1,1,105.0,5.00%,0.0011574074074074073,1.05,1,Cascaded,2027,1.05,1
D0,sys/DL/DL/TUS,739,5.1,sys,DL,DL,,TUS,739,83.1,472,568,87.25,5.00%,0.5462962962962963,495.6,568,Cascaded,2027,495.6,568
D0,sys/DL/DL/TVC,220,5.1,sys,DL,DL,,TVC,220,48.48,16,33,50.91,5.00%,0.05161290322580645,16.8,33,Cascaded,2027,16.8,33
D0,sys/DL/DL/TVC,319,5.1,sys,DL,DL,,TVC,319,71.34,224,314,74.9,5.00%,0.7225806451612903,235.2,314,Cascaded,2027,235.2,314
D0,sys/DL/DL/TVC,320,5.1,sys,DL,DL,,TVC,320,78.26,54,69,82.17,5.00%,0.17419354838709677,56.7,69,Cascaded,2027,56.7,69
D0,sys/DL/DL/TVC,717,5.1,sys,DL,DL,,TVC,717,42.86,12,28,45.0,5.00%,0.03870967741935484,12.6,28,Cascaded,2027,12.6,28
D0,sys/DL/DL/TVC,739,5.1,sys,DL,DL,,TVC,739,66.67,4,6,70.0,5.00%,0.012903225806451613,4.2,6,Cascaded,2027,4.2,6
D0,sys/DL/DL/TYS,319,5.1,sys,DL,DL,,TYS,319,100.0,1,1,105.0,5.00%,0.0008216926869350862,1.05,1,Cascaded,2027,1.0499999999999998,1
D0,sys/DL/DL/TYS,320,5.1,sys,DL,DL,,TYS,320,47.62,30,63,50.0,5.00%,0.024650780608052588,31.5,63,Cascaded,2027,31.499999999999996,63
D0,sys/DL/DL/TYS,717,5.1,sys,DL,DL,,TYS,717,72.06,673,934,75.66,5.00%,0.552999178307313,706.65,934,Cascaded,2027,706.65,934
D0,sys/DL/DL/TYS,738,5.1,sys,DL,DL,,TYS,738,70.59,216,306,74.12,5.00%,0.17748562037797863,226.8,306,Cascaded,2027,226.79999999999998,306
D0,sys/DL/DL/TYS,739,5.1,sys,DL,DL,,TYS,739,79.84,297,372,83.83,5.00%,0.24404272801972063,311.85,372,Cascaded,2027,311.84999999999997,372
D0,sys/DL/DL/UIO,757,5.1,sys,DL,DL,,UIO,757,73.74,73,99,77.42,5.00%,0.3029045643153527,76.65,99,Cascaded,2027,76.65,99
D0,sys/DL/DL/UIO,763,5.1,sys,DL,DL,,UIO,763,63.64,168,264,66.82,5.00%,0.6970954356846473,176.4,264,Cascaded,2027,176.4,264
D0,sys/DL/DL/UVF,738,5.1,sys,DL,DL,,UVF,738,84.0,42,50,88.2,5.00%,0.15789473684210525,44.1,50,Cascaded,2027,44.1,50
D0,sys/DL/DL/UVF,739,5.1,sys,DL,DL,,UVF,739,78.29,101,129,82.21,5.00%,0.37969924812030076,106.05,129,Cascaded,2027,106.05000000000001,129
D0,sys/DL/DL/UVF,757,5.1,sys,DL,DL,,UVF,757,66.85,123,184,70.19,5.00%,0.462406015037594,129.15,184,Cascaded,2027,129.15,184
D0,sys/DL/DL/VCE,333,5.1,sys,DL,DL,,VCE,333,45.83,11,24,48.12,5.00%,0.02925531914893617,11.55,24,Cascaded,2027,11.55,24
D0,sys/DL/DL/VCE,339,5.1,sys,DL,DL,,VCE,339,50.0,11,22,52.5,5.00%,0.02925531914893617,11.55,22,Cascaded,2027,11.55,22
D0,sys/DL/DL/VCE,763,5.1,sys,DL,DL,,VCE,763,71.59,189,264,75.17,5.00%,0.5026595744680851,198.45,264,Cascaded,2027,198.45000000000002,264
D0,sys/DL/DL/VCE,764,5.1,sys,DL,DL,,VCE,764,72.69,165,227,76.32,5.00%,0.43882978723404253,173.25,227,Cascaded,2027,173.25,227
D0,sys/DL/DL/VPS,319,5.1,sys,DL,DL,,VPS,319,87.65,71,81,92.04,5.00%,0.03823371028540657,74.55,81,Cascaded,2027,74.55,81
D0,sys/DL/DL/VPS,320,5.1,sys,DL,DL,,VPS,320,54.92,145,264,57.67,5.00%,0.078082929456112,152.25,264,Cascaded,2027,152.25,264
D0,sys/DL/DL/VPS,717,5.1,sys,DL,DL,,VPS,717,69.95,1031,1474,73.44,5.00%,0.5551965535810447,1082.55,1474,Cascaded,2027,1082.55,1474
D0,sys/DL/DL/VPS,738,5.1,sys,DL,DL,,VPS,738,71.03,206,290,74.59,5.00%,0.11093161012385568,216.3,290,Cascaded,2027,216.29999999999998,290
D0,sys/DL/DL/VPS,739,5.1,sys,DL,DL,,VPS,739,77.1,404,524,80.95,5.00%,0.21755519655358105,424.2,524,Cascaded,2027,424.2,524
D0,sys/DL/DL/XNA,717,5.1,sys,DL,DL,,XNA,717,73.26,285,389,76.93,5.00%,1.0,299.25,389,Cascaded,2027,299.25,389
D0,sys/DL/DL/YUL,319,5.1,sys,DL,DL,,YUL,319,73.34,619,844,77.01,5.00%,0.8561549100968188,649.95,844,Cascaded,2027,649.9499999999999,844
D0,sys/DL/DL/YUL,320,5.1,sys,DL,DL,,YUL,320,73.47,72,98,77.14,5.00%,0.0995850622406639,75.6,98,Cascaded,2027,75.6,98
D0,sys/DL/DL/YUL,321,5.1,sys,DL,DL,,YUL,321,86.96,20,23,91.3,5.00%,0.027662517289073305,21.0,23,Cascaded,2027,21.0,23
D0,sys/DL/DL/YUL,717,5.1,sys,DL,DL,,YUL,717,70.59,12,17,74.12,5.00%,0.016597510373443983,12.6,17,Cascaded,2027,12.6,17
D0,sys/DL/DL/YVR,220,5.1,sys,DL,DL,,YVR,220,71.83,102,142,75.42,5.00%,0.204,107.1,142,Cascaded,2027,107.1,142
D0,sys/DL/DL/YVR,319,5.1,sys,DL,DL,,YVR,319,66.67,54,81,70.0,5.00%,0.108,56.7,81,Cascaded,2027,56.7,81
D0,sys/DL/DL/YVR,320,5.1,sys,DL,DL,,YVR,320,78.87,306,388,82.81,5.00%,0.612,321.3,388,Cascaded,2027,321.3,388
D0,sys/DL/DL/YVR,321,5.1,sys,DL,DL,,YVR,321,0.0,0,4,0.0,0.00%,0.0,0.0,4,Cascaded,2027,0.0,4
D0,sys/DL/DL/YVR,738,5.1,sys,DL,DL,,YVR,738,86.96,20,23,91.3,5.00%,0.04,21.0,23,Cascaded,2027,21.0,23
D0,sys/DL/DL/YVR,739,5.1,sys,DL,DL,,YVR,739,81.82,18,22,85.91,5.00%,0.036,18.9,22,Cascaded,2027,18.9,22
D0,sys/DL/DL/YYC,319,5.1,sys,DL,DL,,YYC,319,66.86,117,175,70.2,5.00%,0.3023255813953488,122.85,175,Cascaded,2027,122.85000000000001,175
D0,sys/DL/DL/YYC,320,5.1,sys,DL,DL,,YYC,320,68.88,270,392,72.32,5.00%,0.6976744186046512,283.5,392,Cascaded,2027,283.5,392
D0,sys/DL/DL/YYZ,220,5.1,sys,DL,DL,,YYZ,220,60.38,160,265,63.4,5.00%,0.15051740357478832,168.0,265,Cascaded,2027,168.0,265
D0,sys/DL/DL/YYZ,319,5.1,sys,DL,DL,,YYZ,319,36.36,16,44,38.18,5.00%,0.015051740357478834,16.8,44,Cascaded,2027,16.8,44
D0,sys/DL/DL/YYZ,320,5.1,sys,DL,DL,,YYZ,320,55.29,183,331,58.05,5.00%,0.17215428033866415,192.15,331,Cascaded,2027,192.15,331
D0,sys/DL/DL/YYZ,321,5.1,sys,DL,DL,,YYZ,321,52.38,66,126,55.0,5.00%,0.062088428974600186,69.3,126,Cascaded,2027,69.30000000000001,126
D0,sys/DL/DL/YYZ,738,5.1,sys,DL,DL,,YYZ,738,67.36,553,821,70.72,5.00%,0.5202257761053621,580.65,821,Cascaded,2027,580.6500000000001,821
D0,sys/DL/DL/YYZ,739,5.1,sys,DL,DL,,YYZ,739,61.59,85,138,64.67,5.00%,0.0799623706491063,89.25,138,Cascaded,2027,89.25,138
D0,sys/DL/DL/ZRH,332,5.1,sys,DL,DL,,ZRH,332,53.57,45,84,56.25,5.00%,0.14950166112956811,47.25,84,Cascaded,2027,47.25,84
D0,sys/DL/DL/ZRH,333,5.1,sys,DL,DL,,ZRH,333,58.82,10,17,61.76,5.00%,0.03322259136212625,10.5,17,Cascaded,2027,10.5,17
D0,sys/DL/DL/ZRH,763,5.1,sys,DL,DL,,ZRH,763,62.25,127,204,65.37,5.00%,0.4219269102990033,133.35,204,Cascaded,2027,133.35,204
D0,sys/DL/DL/ZRH,764,5.1,sys,DL,DL,,ZRH,764,61.98,119,192,65.08,5.00%,0.3953488372093023,124.95,192,Cascaded,2027,124.95,192
