KPI,Node Name,Parent,Category,Tier,Contribution,Target/Goal,Category Path,Node Path,Child Count,Leaf
WCH_AUDIT,WCH_AUDIT,,Root,0,1,Goal,Root,WCH_AUDIT,1,No
WCH_AUDIT,VND,WCH_AUDIT,div,1,100.0,Goal,Root/div,WCH_AUDIT/VND,507,No
WCH_AUDIT,",null,",VND,station,2,0.04,Goal,Root/div/station,"WCH_AUDIT/VND/,null,",2,No
WCH_AUDIT,",null,",",null,",vendor,3,8.55,Goal,Root/div/station/vendor,"WCH_AUDIT/VND/,null,/,null,",1,No
WCH_AUDIT,WCH,",null,",function,4,100.0,Goal,Root/div/station/vendor/function,"WCH_AUDIT/VND/,null,/,null,/WCH",0,Yes
WCH_AUDIT,WCH,",null,",function,3,91.45,Goal,Root/div/station/function,"WCH_AUDIT/VND/,null,/WCH",0,Yes
WCH_AUDIT,ABE,VND,station,2,0.15,Goal,Root/div/station,WCH_AUDIT/VND/ABE,2,No
WCH_AUDIT,",null,",ABE,vendor,3,53.4,Goal,Root/div/station/vendor,"WCH_AUDIT/VND/ABE/,null,",1,No
WCH_AUDIT,WCH,",null,",function,4,100.0,Goal,Root/div/station/vendor/function,"WCH_AUDIT/VND/ABE/,null,/WCH",0,Yes
WCH_AUDIT,Unifi,ABE,vendor,3,46.6,Goal,Root/div/station/vendor,WCH_AUDIT/VND/ABE/Unifi,1,No
WCH_AUDIT,WCH,Unifi,function,4,100.0,Goal,Root/div/station/vendor/function,WCH_AUDIT/VND/ABE/Unifi/WCH,0,Yes
WCH_AUDIT,ABQ,VND,station,2,0.17,Goal,Root/div/station,WCH_AUDIT/VND/ABQ,2,No
WCH_AUDIT,",null,",ABQ,vendor,3,55.29,Goal,Root/div/station/vendor,"WCH_AUDIT/VND/ABQ/,null,",1,No
WCH_AUDIT,WCH,",null,",function,4,100.0,Goal,Root/div/station/vendor/function,"WCH_AUDIT/VND/ABQ/,null,/WCH",0,Yes
WCH_AUDIT,PrimeFlight,ABQ,vendor,3,44.71,Goal,Root/div/station/vendor,WCH_AUDIT/VND/ABQ/PrimeFlight,1,No
WCH_AUDIT,WCH,PrimeFlight,function,4,100.0,Goal,Root/div/station/vendor/function,WCH_AUDIT/VND/ABQ/PrimeFlight/WCH,0,Yes
WCH_AUDIT,ABR,VND,station,2,0.01,Goal,Root/div/station,WCH_AUDIT/VND/ABR,2,No
WCH_AUDIT,",null,",ABR,vendor,3,41.29,Goal,Root/div/station/vendor,"WCH_AUDIT/VND/ABR/,null,",1,No
WCH_AUDIT,WCH,",null,",function,4,100.0,Goal,Root/div/station/vendor/function,"WCH_AUDIT/VND/ABR/,null,/WCH",0,Yes
WCH_AUDIT,Unifi,ABR,vendor,3,58.71,Goal,Root/div/station/vendor,WCH_AUDIT/VND/ABR/Unifi,1,No
WCH_AUDIT,WCH,Unifi,function,4,100.0,Goal,Root/div/station/vendor/function,WCH_AUDIT/VND/ABR/Unifi/WCH,0,Yes
WCH_AUDIT,ABY,VND,station,2,0.14,Goal,Root/div/station,WCH_AUDIT/VND/ABY,2,No
WCH_AUDIT,G2,ABY,vendor,3,60.57,Goal,Root/div/station/vendor,WCH_AUDIT/VND/ABY/G2,1,No
WCH_AUDIT,WCH,G2,function,4,100.0,Goal,Root/div/station/vendor/function,WCH_AUDIT/VND/ABY/G2/WCH,0,Yes
WCH_AUDIT,Menzies Aviation,ABY,vendor,3,39.43,Goal,Root/div/station/vendor,WCH_AUDIT/VND/ABY/Menzies Aviation,1,No
WCH_AUDIT,WCH,Menzies Aviation,function,4,100.0,Goal,Root/div/station/vendor/function,WCH_AUDIT/VND/ABY/Menzies Aviation/WCH,0,Yes
WCH_AUDIT,ACC,VND,station,2,0.39,Goal,Root/div/station,WCH_AUDIT/VND/ACC,2,No
WCH_AUDIT,AHS,ACC,vendor,3,47.93,Goal,Root/div/station/vendor,WCH_AUDIT/VND/ACC/AHS,1,No
WCH_AUDIT,WCH,AHS,function,4,100.0,Goal,Root/div/station/vendor/function,WCH_AUDIT/VND/ACC/AHS/WCH,0,Yes
WCH_AUDIT,Aviance,ACC,vendor,3,52.07,Goal,Root/div/station/vendor,WCH_AUDIT/VND/ACC/Aviance,1,No
WCH_AUDIT,WCH,Aviance,function,4,100.0,Goal,Root/div/station/vendor/function,WCH_AUDIT/VND/ACC/Aviance/WCH,0,Yes
WCH_AUDIT,ACK,VND,station,2,0.0,Goal,Root/div/station,WCH_AUDIT/VND/ACK,1,No
WCH_AUDIT,Unifi,ACK,vendor,3,100.0,Goal,Root/div/station/vendor,WCH_AUDIT/VND/ACK/Unifi,1,No
WCH_AUDIT,WCH,Unifi,function,4,100.0,Goal,Root/div/station/vendor/function,WCH_AUDIT/VND/ACK/Unifi/WCH,0,Yes
WCH_AUDIT,AEX,VND,station,2,0.04,Goal,Root/div/station,WCH_AUDIT/VND/AEX,2,No
WCH_AUDIT,",null,",AEX,vendor,3,45.58,Goal,Root/div/station/vendor,"WCH_AUDIT/VND/AEX/,null,",1,No
WCH_AUDIT,WCH,",null,",function,4,100.0,Goal,Root/div/station/vendor/function,"WCH_AUDIT/VND/AEX/,null,/WCH",0,Yes
WCH_AUDIT,Unifi,AEX,vendor,3,54.42,Goal,Root/div/station/vendor,WCH_AUDIT/VND/AEX/Unifi,1,No
WCH_AUDIT,WCH,Unifi,function,4,100.0,Goal,Root/div/station/vendor/function,WCH_AUDIT/VND/AEX/Unifi/WCH,0,Yes
WCH_AUDIT,AGP,VND,station,2,0.09,Goal,Root/div/station,WCH_AUDIT/VND/AGP,1,No
WCH_AUDIT,Airport,AGP,vendor,3,100.0,Goal,Root/div/station/vendor,WCH_AUDIT/VND/AGP/Airport,1,No
WCH_AUDIT,WCH,Airport,function,4,100.0,Goal,Root/div/station/vendor/function,WCH_AUDIT/VND/AGP/Airport/WCH,0,Yes
WCH_AUDIT,AGS,VND,station,2,0.05,Goal,Root/div/station,WCH_AUDIT/VND/AGS,1,No
WCH_AUDIT,Airport,AGS,vendor,3,100.0,Goal,Root/div/station/vendor,WCH_AUDIT/VND/AGS/Airport,1,No
WCH_AUDIT,WCH,Airport,function,4,100.0,Goal,Root/div/station/vendor/function,WCH_AUDIT/VND/AGS/Airport/WCH,0,Yes
WCH_AUDIT,AKL,VND,station,2,0.35,Goal,Root/div/station,WCH_AUDIT/VND/AKL,2,No
WCH_AUDIT,Menzies Aviation,AKL,vendor,3,71.13,Goal,Root/div/station/vendor,WCH_AUDIT/VND/AKL/Menzies Aviation,1,No
WCH_AUDIT,WCH,Menzies Aviation,function,4,100.0,Goal,Root/div/station/vendor/function,WCH_AUDIT/VND/AKL/Menzies Aviation/WCH,0,Yes
WCH_AUDIT,Swissport,AKL,vendor,3,28.87,Goal,Root/div/station/vendor,WCH_AUDIT/VND/AKL/Swissport,1,No
WCH_AUDIT,WCH,Swissport,function,4,100.0,Goal,Root/div/station/vendor/function,WCH_AUDIT/VND/AKL/Swissport/WCH,0,Yes
WCH_AUDIT,ALB,VND,station,2,0.02,Goal,Root/div/station,WCH_AUDIT/VND/ALB,2,No
WCH_AUDIT,",null,",ALB,vendor,3,75.3,Goal,Root/div/station/vendor,"WCH_AUDIT/VND/ALB/,null,",1,No
WCH_AUDIT,WCH,",null,",function,4,100.0,Goal,Root/div/station/vendor/function,"WCH_AUDIT/VND/ALB/,null,/WCH",0,Yes
WCH_AUDIT,PrimeFlight,ALB,vendor,3,24.7,Goal,Root/div/station/vendor,WCH_AUDIT/VND/ALB/PrimeFlight,1,No
WCH_AUDIT,WCH,PrimeFlight,function,4,100.0,Goal,Root/div/station/vendor/function,WCH_AUDIT/VND/ALB/PrimeFlight/WCH,0,Yes
WCH_AUDIT,AMS,VND,station,2,0.11,Goal,Root/div/station,WCH_AUDIT/VND/AMS,1,No
WCH_AUDIT,Airport,AMS,vendor,3,100.0,Goal,Root/div/station/vendor,WCH_AUDIT/VND/AMS/Airport,1,No
WCH_AUDIT,WCH,Airport,function,4,100.0,Goal,Root/div/station/vendor/function,WCH_AUDIT/VND/AMS/Airport/WCH,0,Yes
WCH_AUDIT,ANC,VND,station,2,0.29,Goal,Root/div/station,WCH_AUDIT/VND/ANC,3,No
WCH_AUDIT,",null,",ANC,vendor,3,7.66,Goal,Root/div/station/vendor,"WCH_AUDIT/VND/ANC/,null,",1,No
WCH_AUDIT,WCH,",null,",function,4,100.0,Goal,Root/div/station/vendor/function,"WCH_AUDIT/VND/ANC/,null,/WCH",0,Yes
WCH_AUDIT,HUNTLEIGH USA CORP,ANC,vendor,3,62.29,Goal,Root/div/station/vendor,WCH_AUDIT/VND/ANC/HUNTLEIGH USA CORP,1,No
WCH_AUDIT,WCH,HUNTLEIGH USA CORP,function,4,100.0,Goal,Root/div/station/vendor/function,WCH_AUDIT/VND/ANC/HUNTLEIGH USA CORP/WCH,0,Yes
WCH_AUDIT,Unifi,ANC,vendor,3,30.05,Goal,Root/div/station/vendor,WCH_AUDIT/VND/ANC/Unifi,1,No
WCH_AUDIT,WCH,Unifi,function,4,100.0,Goal,Root/div/station/vendor/function,WCH_AUDIT/VND/ANC/Unifi/WCH,0,Yes
WCH_AUDIT,ANU,VND,station,2,0.39,Goal,Root/div/station,WCH_AUDIT/VND/ANU,1,No
WCH_AUDIT,Dispatch Services Antigua,ANU,vendor,3,100.0,Goal,Root/div/station/vendor,WCH_AUDIT/VND/ANU/Dispatch Services Antigua,1,No
WCH_AUDIT,WCH,Dispatch Services Antigua,function,4,100.0,Goal,Root/div/station/vendor/function,WCH_AUDIT/VND/ANU/Dispatch Services Antigua/WCH,0,Yes
WCH_AUDIT,APN,VND,station,2,0.11,Goal,Root/div/station,WCH_AUDIT/VND/APN,2,No
WCH_AUDIT,",null,",APN,vendor,3,81.11,Goal,Root/div/station/vendor,"WCH_AUDIT/VND/APN/,null,",1,No
WCH_AUDIT,WCH,",null,",function,4,100.0,Goal,Root/div/station/vendor/function,"WCH_AUDIT/VND/APN/,null,/WCH",0,Yes
WCH_AUDIT,Unifi,APN,vendor,3,18.89,Goal,Root/div/station/vendor,WCH_AUDIT/VND/APN/Unifi,1,No
WCH_AUDIT,WCH,Unifi,function,4,100.0,Goal,Root/div/station/vendor/function,WCH_AUDIT/VND/APN/Unifi/WCH,0,Yes
WCH_AUDIT,ASE,VND,station,2,0.04,Goal,Root/div/station,WCH_AUDIT/VND/ASE,1,No
WCH_AUDIT,SkyWest,ASE,vendor,3,100.0,Goal,Root/div/station/vendor,WCH_AUDIT/VND/ASE/SkyWest,1,No
WCH_AUDIT,WCH,SkyWest,function,4,100.0,Goal,Root/div/station/vendor/function,WCH_AUDIT/VND/ASE/SkyWest/WCH,0,Yes
WCH_AUDIT,ATH,VND,station,2,0.19,Goal,Root/div/station,WCH_AUDIT/VND/ATH,1,No
WCH_AUDIT,Airport,ATH,vendor,3,100.0,Goal,Root/div/station/vendor,WCH_AUDIT/VND/ATH/Airport,1,No
WCH_AUDIT,WCH,Airport,function,4,100.0,Goal,Root/div/station/vendor/function,WCH_AUDIT/VND/ATH/Airport/WCH,0,Yes
WCH_AUDIT,ATL,VND,station,2,0.27,Goal,Root/div/station,WCH_AUDIT/VND/ATL,2,No
WCH_AUDIT,",null,",ATL,vendor,3,51.04,Goal,Root/div/station/vendor,"WCH_AUDIT/VND/ATL/,null,",1,No
WCH_AUDIT,WCH,",null,",function,4,100.0,Goal,Root/div/station/vendor/function,"WCH_AUDIT/VND/ATL/,null,/WCH",0,Yes
WCH_AUDIT,Unifi,ATL,vendor,3,48.96,Goal,Root/div/station/vendor,WCH_AUDIT/VND/ATL/Unifi,1,No
WCH_AUDIT,WCH,Unifi,function,4,100.0,Goal,Root/div/station/vendor/function,WCH_AUDIT/VND/ATL/Unifi/WCH,0,Yes
WCH_AUDIT,ATW,VND,station,2,0.24,Goal,Root/div/station,WCH_AUDIT/VND/ATW,2,No
WCH_AUDIT,",null,",ATW,vendor,3,58.99,Goal,Root/div/station/vendor,"WCH_AUDIT/VND/ATW/,null,",1,No
WCH_AUDIT,WCH,",null,",function,4,100.0,Goal,Root/div/station/vendor/function,"WCH_AUDIT/VND/ATW/,null,/WCH",0,Yes
WCH_AUDIT,Unifi,ATW,vendor,3,41.01,Goal,Root/div/station/vendor,WCH_AUDIT/VND/ATW/Unifi,1,No
WCH_AUDIT,WCH,Unifi,function,4,100.0,Goal,Root/div/station/vendor/function,WCH_AUDIT/VND/ATW/Unifi/WCH,0,Yes
WCH_AUDIT,AUA,VND,station,2,0.18,Goal,Root/div/station,WCH_AUDIT/VND/AUA,1,No
WCH_AUDIT,General Air Services N.V.,AUA,vendor,3,100.0,Goal,Root/div/station/vendor,WCH_AUDIT/VND/AUA/General Air Services N.V.,1,No
WCH_AUDIT,WCH,General Air Services N.V.,function,4,100.0,Goal,Root/div/station/vendor/function,WCH_AUDIT/VND/AUA/General Air Services N.V./WCH,0,Yes
WCH_AUDIT,AUS,VND,station,2,0.2,Goal,Root/div/station,WCH_AUDIT/VND/AUS,4,No
WCH_AUDIT,",null,",AUS,vendor,3,25.48,Goal,Root/div/station/vendor,"WCH_AUDIT/VND/AUS/,null,",1,No
WCH_AUDIT,WCH,",null,",function,4,100.0,Goal,Root/div/station/vendor/function,"WCH_AUDIT/VND/AUS/,null,/WCH",0,Yes
WCH_AUDIT,HUNTLEIGH USA CORP,AUS,vendor,3,17.01,Goal,Root/div/station/vendor,WCH_AUDIT/VND/AUS/HUNTLEIGH USA CORP,1,No
WCH_AUDIT,WCH,HUNTLEIGH USA CORP,function,4,100.0,Goal,Root/div/station/vendor/function,WCH_AUDIT/VND/AUS/HUNTLEIGH USA CORP/WCH,0,Yes
WCH_AUDIT,Prospect,AUS,vendor,3,10.15,Goal,Root/div/station/vendor,WCH_AUDIT/VND/AUS/Prospect,1,No
WCH_AUDIT,WCH,Prospect,function,4,100.0,Goal,Root/div/station/vendor/function,WCH_AUDIT/VND/AUS/Prospect/WCH,0,Yes
WCH_AUDIT,Unifi,AUS,vendor,3,47.36,Goal,Root/div/station/vendor,WCH_AUDIT/VND/AUS/Unifi,1,No
WCH_AUDIT,WCH,Unifi,function,4,100.0,Goal,Root/div/station/vendor/function,WCH_AUDIT/VND/AUS/Unifi/WCH,0,Yes
WCH_AUDIT,AVL,VND,station,2,0.01,Goal,Root/div/station,WCH_AUDIT/VND/AVL,1,No
WCH_AUDIT,Unifi,AVL,vendor,3,100.0,Goal,Root/div/station/vendor,WCH_AUDIT/VND/AVL/Unifi,1,No
WCH_AUDIT,WCH,Unifi,function,4,100.0,Goal,Root/div/station/vendor/function,WCH_AUDIT/VND/AVL/Unifi/WCH,0,Yes
WCH_AUDIT,AVP,VND,station,2,0.04,Goal,Root/div/station,WCH_AUDIT/VND/AVP,1,No
WCH_AUDIT,Unifi,AVP,vendor,3,100.0,Goal,Root/div/station/vendor,WCH_AUDIT/VND/AVP/Unifi,1,No
WCH_AUDIT,WCH,Unifi,function,4,100.0,Goal,Root/div/station/vendor/function,WCH_AUDIT/VND/AVP/Unifi/WCH,0,Yes
WCH_AUDIT,AZO,VND,station,2,0.06,Goal,Root/div/station,WCH_AUDIT/VND/AZO,1,No
WCH_AUDIT,Unifi,AZO,vendor,3,100.0,Goal,Root/div/station/vendor,WCH_AUDIT/VND/AZO/Unifi,1,No
WCH_AUDIT,WCH,Unifi,function,4,100.0,Goal,Root/div/station/vendor/function,WCH_AUDIT/VND/AZO/Unifi/WCH,0,Yes
WCH_AUDIT,BCN,VND,station,2,0.18,Goal,Root/div/station,WCH_AUDIT/VND/BCN,1,No
WCH_AUDIT,Airport,BCN,vendor,3,100.0,Goal,Root/div/station/vendor,WCH_AUDIT/VND/BCN/Airport,1,No
WCH_AUDIT,WCH,Airport,function,4,100.0,Goal,Root/div/station/vendor/function,WCH_AUDIT/VND/BCN/Airport/WCH,0,Yes
WCH_AUDIT,BDA,VND,station,2,0.05,Goal,Root/div/station,WCH_AUDIT/VND/BDA,1,No
WCH_AUDIT,Security Associates Limited,BDA,vendor,3,100.0,Goal,Root/div/station/vendor,WCH_AUDIT/VND/BDA/Security Associates Limited,1,No
WCH_AUDIT,WCH,Security Associates Limited,function,4,100.0,Goal,Root/div/station/vendor/function,WCH_AUDIT/VND/BDA/Security Associates Limited/WCH,0,Yes
WCH_AUDIT,BDL,VND,station,2,0.08,Goal,Root/div/station,WCH_AUDIT/VND/BDL,5,No
WCH_AUDIT,",null,",BDL,vendor,3,11.55,Goal,Root/div/station/vendor,"WCH_AUDIT/VND/BDL/,null,",1,No
WCH_AUDIT,WCH,",null,",function,4,100.0,Goal,Root/div/station/vendor/function,"WCH_AUDIT/VND/BDL/,null,/WCH",0,Yes
WCH_AUDIT,AIRWAY CLEANERS LLC,BDL,vendor,3,25.18,Goal,Root/div/station/vendor,WCH_AUDIT/VND/BDL/AIRWAY CLEANERS LLC,1,No
WCH_AUDIT,WCH,AIRWAY CLEANERS LLC,function,4,100.0,Goal,Root/div/station/vendor/function,WCH_AUDIT/VND/BDL/AIRWAY CLEANERS LLC/WCH,0,Yes
WCH_AUDIT,G2,BDL,vendor,3,7.96,Goal,Root/div/station/vendor,WCH_AUDIT/VND/BDL/G2,1,No
WCH_AUDIT,WCH,G2,function,4,100.0,Goal,Root/div/station/vendor/function,WCH_AUDIT/VND/BDL/G2/WCH,0,Yes
WCH_AUDIT,GAT,BDL,vendor,3,34.67,Goal,Root/div/station/vendor,WCH_AUDIT/VND/BDL/GAT,1,No
WCH_AUDIT,WCH,GAT,function,4,100.0,Goal,Root/div/station/vendor/function,WCH_AUDIT/VND/BDL/GAT/WCH,0,Yes
WCH_AUDIT,Menzies Aviation,BDL,vendor,3,20.64,Goal,Root/div/station/vendor,WCH_AUDIT/VND/BDL/Menzies Aviation,1,No
WCH_AUDIT,WCH,Menzies Aviation,function,4,100.0,Goal,Root/div/station/vendor/function,WCH_AUDIT/VND/BDL/Menzies Aviation/WCH,0,Yes
WCH_AUDIT,BGM,VND,station,2,0.05,Goal,Root/div/station,WCH_AUDIT/VND/BGM,4,No
WCH_AUDIT,",null,",BGM,vendor,3,26.53,Goal,Root/div/station/vendor,"WCH_AUDIT/VND/BGM/,null,",1,No
WCH_AUDIT,WCH,",null,",function,4,100.0,Goal,Root/div/station/vendor/function,"WCH_AUDIT/VND/BGM/,null,/WCH",0,Yes
WCH_AUDIT,G2,BGM,vendor,3,31.07,Goal,Root/div/station/vendor,WCH_AUDIT/VND/BGM/G2,1,No
WCH_AUDIT,WCH,G2,function,4,100.0,Goal,Root/div/station/vendor/function,WCH_AUDIT/VND/BGM/G2/WCH,0,Yes
WCH_AUDIT,Menzies Aviation,BGM,vendor,3,14.36,Goal,Root/div/station/vendor,WCH_AUDIT/VND/BGM/Menzies Aviation,1,No
WCH_AUDIT,WCH,Menzies Aviation,function,4,100.0,Goal,Root/div/station/vendor/function,WCH_AUDIT/VND/BGM/Menzies Aviation/WCH,0,Yes
WCH_AUDIT,SkyWest,BGM,vendor,3,28.04,Goal,Root/div/station/vendor,WCH_AUDIT/VND/BGM/SkyWest,1,No
WCH_AUDIT,WCH,SkyWest,function,4,100.0,Goal,Root/div/station/vendor/function,WCH_AUDIT/VND/BGM/SkyWest/WCH,0,Yes
WCH_AUDIT,BGR,VND,station,2,0.24,Goal,Root/div/station,WCH_AUDIT/VND/BGR,1,No
WCH_AUDIT,Unifi,BGR,vendor,3,100.0,Goal,Root/div/station/vendor,WCH_AUDIT/VND/BGR/Unifi,1,No
WCH_AUDIT,WCH,Unifi,function,4,100.0,Goal,Root/div/station/vendor/function,WCH_AUDIT/VND/BGR/Unifi/WCH,0,Yes
WCH_AUDIT,BHM,VND,station,2,0.29,Goal,Root/div/station,WCH_AUDIT/VND/BHM,2,No
WCH_AUDIT,",null,",BHM,vendor,3,36.22,Goal,Root/div/station/vendor,"WCH_AUDIT/VND/BHM/,null,",1,No
WCH_AUDIT,WCH,",null,",function,4,100.0,Goal,Root/div/station/vendor/function,"WCH_AUDIT/VND/BHM/,null,/WCH",0,Yes
WCH_AUDIT,HUNTLEIGH USA CORP,BHM,vendor,3,63.78,Goal,Root/div/station/vendor,WCH_AUDIT/VND/BHM/HUNTLEIGH USA CORP,1,No
WCH_AUDIT,WCH,HUNTLEIGH USA CORP,function,4,100.0,Goal,Root/div/station/vendor/function,WCH_AUDIT/VND/BHM/HUNTLEIGH USA CORP/WCH,0,Yes
WCH_AUDIT,BIL,VND,station,2,0.31,Goal,Root/div/station,WCH_AUDIT/VND/BIL,2,No
WCH_AUDIT,",null,",BIL,vendor,3,37.28,Goal,Root/div/station/vendor,"WCH_AUDIT/VND/BIL/,null,",1,No
WCH_AUDIT,WCH,",null,",function,4,100.0,Goal,Root/div/station/vendor/function,"WCH_AUDIT/VND/BIL/,null,/WCH",0,Yes
WCH_AUDIT,Unifi,BIL,vendor,3,62.72,Goal,Root/div/station/vendor,WCH_AUDIT/VND/BIL/Unifi,1,No
WCH_AUDIT,WCH,Unifi,function,4,100.0,Goal,Root/div/station/vendor/function,WCH_AUDIT/VND/BIL/Unifi/WCH,0,Yes
WCH_AUDIT,BIS,VND,station,2,0.22,Goal,Root/div/station,WCH_AUDIT/VND/BIS,1,No
WCH_AUDIT,Unifi,BIS,vendor,3,100.0,Goal,Root/div/station/vendor,WCH_AUDIT/VND/BIS/Unifi,1,No
WCH_AUDIT,WCH,Unifi,function,4,100.0,Goal,Root/div/station/vendor/function,WCH_AUDIT/VND/BIS/Unifi/WCH,0,Yes
WCH_AUDIT,BJI,VND,station,2,0.08,Goal,Root/div/station,WCH_AUDIT/VND/BJI,2,No
WCH_AUDIT,",null,",BJI,vendor,3,65.05,Goal,Root/div/station/vendor,"WCH_AUDIT/VND/BJI/,null,",1,No
WCH_AUDIT,WCH,",null,",function,4,100.0,Goal,Root/div/station/vendor/function,"WCH_AUDIT/VND/BJI/,null,/WCH",0,Yes
WCH_AUDIT,Unifi,BJI,vendor,3,34.95,Goal,Root/div/station/vendor,WCH_AUDIT/VND/BJI/Unifi,1,No
WCH_AUDIT,WCH,Unifi,function,4,100.0,Goal,Root/div/station/vendor/function,WCH_AUDIT/VND/BJI/Unifi/WCH,0,Yes
WCH_AUDIT,BMI,VND,station,2,0.09,Goal,Root/div/station,WCH_AUDIT/VND/BMI,2,No
WCH_AUDIT,",null,",BMI,vendor,3,36.99,Goal,Root/div/station/vendor,"WCH_AUDIT/VND/BMI/,null,",1,No
WCH_AUDIT,WCH,",null,",function,4,100.0,Goal,Root/div/station/vendor/function,"WCH_AUDIT/VND/BMI/,null,/WCH",0,Yes
WCH_AUDIT,Unifi,BMI,vendor,3,63.01,Goal,Root/div/station/vendor,WCH_AUDIT/VND/BMI/Unifi,1,No
WCH_AUDIT,WCH,Unifi,function,4,100.0,Goal,Root/div/station/vendor/function,WCH_AUDIT/VND/BMI/Unifi/WCH,0,Yes
WCH_AUDIT,BNA,VND,station,2,0.2,Goal,Root/div/station,WCH_AUDIT/VND/BNA,3,No
WCH_AUDIT,",null,",BNA,vendor,3,28.62,Goal,Root/div/station/vendor,"WCH_AUDIT/VND/BNA/,null,",1,No
WCH_AUDIT,WCH,",null,",function,4,100.0,Goal,Root/div/station/vendor/function,"WCH_AUDIT/VND/BNA/,null,/WCH",0,Yes
WCH_AUDIT,Prospect,BNA,vendor,3,17.81,Goal,Root/div/station/vendor,WCH_AUDIT/VND/BNA/Prospect,1,No
WCH_AUDIT,WCH,Prospect,function,4,100.0,Goal,Root/div/station/vendor/function,WCH_AUDIT/VND/BNA/Prospect/WCH,0,Yes
WCH_AUDIT,Unifi,BNA,vendor,3,53.57,Goal,Root/div/station/vendor,WCH_AUDIT/VND/BNA/Unifi,1,No
WCH_AUDIT,WCH,Unifi,function,4,100.0,Goal,Root/div/station/vendor/function,WCH_AUDIT/VND/BNA/Unifi/WCH,0,Yes
WCH_AUDIT,BNE,VND,station,2,0.35,Goal,Root/div/station,WCH_AUDIT/VND/BNE,1,No
WCH_AUDIT,dnata,BNE,vendor,3,100.0,Goal,Root/div/station/vendor,WCH_AUDIT/VND/BNE/dnata,1,No
WCH_AUDIT,WCH,dnata,function,4,100.0,Goal,Root/div/station/vendor/function,WCH_AUDIT/VND/BNE/dnata/WCH,0,Yes
WCH_AUDIT,BOG,VND,station,2,0.33,Goal,Root/div/station,WCH_AUDIT/VND/BOG,2,No
WCH_AUDIT,Avianca Servicios,BOG,vendor,3,52.99,Goal,Root/div/station/vendor,WCH_AUDIT/VND/BOG/Avianca Servicios,1,No
WCH_AUDIT,WCH,Avianca Servicios,function,4,100.0,Goal,Root/div/station/vendor/function,WCH_AUDIT/VND/BOG/Avianca Servicios/WCH,0,Yes
WCH_AUDIT,SAI,BOG,vendor,3,47.01,Goal,Root/div/station/vendor,WCH_AUDIT/VND/BOG/SAI,1,No
WCH_AUDIT,WCH,SAI,function,4,100.0,Goal,Root/div/station/vendor/function,WCH_AUDIT/VND/BOG/SAI/WCH,0,Yes
WCH_AUDIT,BOI,VND,station,2,0.38,Goal,Root/div/station,WCH_AUDIT/VND/BOI,2,No
WCH_AUDIT,",null,",BOI,vendor,3,66.72,Goal,Root/div/station/vendor,"WCH_AUDIT/VND/BOI/,null,",1,No
WCH_AUDIT,WCH,",null,",function,4,100.0,Goal,Root/div/station/vendor/function,"WCH_AUDIT/VND/BOI/,null,/WCH",0,Yes
WCH_AUDIT,STREAMLINE AIRPORT SERVICES,BOI,vendor,3,33.28,Goal,Root/div/station/vendor,WCH_AUDIT/VND/BOI/STREAMLINE AIRPORT SERVICES,1,No
WCH_AUDIT,WCH,STREAMLINE AIRPORT SERVICES,function,4,100.0,Goal,Root/div/station/vendor/function,WCH_AUDIT/VND/BOI/STREAMLINE AIRPORT SERVICES/WCH,0,Yes
WCH_AUDIT,BOM,VND,station,2,0.06,Goal,Root/div/station,WCH_AUDIT/VND/BOM,1,No
WCH_AUDIT,Bird Worldwide Flight Service Mumbai Pvt. Ltd,BOM,vendor,3,100.0,Goal,Root/div/station/vendor,WCH_AUDIT/VND/BOM/Bird Worldwide Flight Service Mumbai Pvt. Ltd,1,No
WCH_AUDIT,WCH,Bird Worldwide Flight Service Mumbai Pvt. Ltd,function,4,100.0,Goal,Root/div/station/vendor/function,WCH_AUDIT/VND/BOM/Bird Worldwide Flight Service Mumbai Pvt. Ltd/WCH,0,Yes
WCH_AUDIT,BON,VND,station,2,0.03,Goal,Root/div/station,WCH_AUDIT/VND/BON,1,No
WCH_AUDIT,Air Handling Services Bonaire NV,BON,vendor,3,100.0,Goal,Root/div/station/vendor,WCH_AUDIT/VND/BON/Air Handling Services Bonaire NV,1,No
WCH_AUDIT,WCH,Air Handling Services Bonaire NV,function,4,100.0,Goal,Root/div/station/vendor/function,WCH_AUDIT/VND/BON/Air Handling Services Bonaire NV/WCH,0,Yes
WCH_AUDIT,BOS,VND,station,2,0.04,Goal,Root/div/station,WCH_AUDIT/VND/BOS,4,No
WCH_AUDIT,",null,",BOS,vendor,3,44.92,Goal,Root/div/station/vendor,"WCH_AUDIT/VND/BOS/,null,",1,No
WCH_AUDIT,WCH,",null,",function,4,100.0,Goal,Root/div/station/vendor/function,"WCH_AUDIT/VND/BOS/,null,/WCH",0,Yes
WCH_AUDIT,G2,BOS,vendor,3,8.0,Goal,Root/div/station/vendor,WCH_AUDIT/VND/BOS/G2,1,No
WCH_AUDIT,WCH,G2,function,4,100.0,Goal,Root/div/station/vendor/function,WCH_AUDIT/VND/BOS/G2/WCH,0,Yes
WCH_AUDIT,Menzies Aviation,BOS,vendor,3,8.8,Goal,Root/div/station/vendor,WCH_AUDIT/VND/BOS/Menzies Aviation,1,No
WCH_AUDIT,WCH,Menzies Aviation,function,4,100.0,Goal,Root/div/station/vendor/function,WCH_AUDIT/VND/BOS/Menzies Aviation/WCH,0,Yes
WCH_AUDIT,Unifi,BOS,vendor,3,38.28,Goal,Root/div/station/vendor,WCH_AUDIT/VND/BOS/Unifi,1,No
WCH_AUDIT,WCH,Unifi,function,4,100.0,Goal,Root/div/station/vendor/function,WCH_AUDIT/VND/BOS/Unifi/WCH,0,Yes
WCH_AUDIT,BQK,VND,station,2,0.19,Goal,Root/div/station,WCH_AUDIT/VND/BQK,2,No
WCH_AUDIT,G2,BQK,vendor,3,22.35,Goal,Root/div/station/vendor,WCH_AUDIT/VND/BQK/G2,1,No
WCH_AUDIT,WCH,G2,function,4,100.0,Goal,Root/div/station/vendor/function,WCH_AUDIT/VND/BQK/G2/WCH,0,Yes
WCH_AUDIT,Menzies Aviation,BQK,vendor,3,77.65,Goal,Root/div/station/vendor,WCH_AUDIT/VND/BQK/Menzies Aviation,1,No
WCH_AUDIT,WCH,Menzies Aviation,function,4,100.0,Goal,Root/div/station/vendor/function,WCH_AUDIT/VND/BQK/Menzies Aviation/WCH,0,Yes
WCH_AUDIT,BRD,VND,station,2,0.19,Goal,Root/div/station,WCH_AUDIT/VND/BRD,1,No
WCH_AUDIT,Unifi,BRD,vendor,3,100.0,Goal,Root/div/station/vendor,WCH_AUDIT/VND/BRD/Unifi,1,No
WCH_AUDIT,WCH,Unifi,function,4,100.0,Goal,Root/div/station/vendor/function,WCH_AUDIT/VND/BRD/Unifi/WCH,0,Yes
WCH_AUDIT,BRU,VND,station,2,0.21,Goal,Root/div/station,WCH_AUDIT/VND/BRU,1,No
WCH_AUDIT,Airport,BRU,vendor,3,100.0,Goal,Root/div/station/vendor,WCH_AUDIT/VND/BRU/Airport,1,No
WCH_AUDIT,WCH,Airport,function,4,100.0,Goal,Root/div/station/vendor/function,WCH_AUDIT/VND/BRU/Airport/WCH,0,Yes
WCH_AUDIT,BTM,VND,station,2,0.27,Goal,Root/div/station,WCH_AUDIT/VND/BTM,1,No
WCH_AUDIT,SkyWest,BTM,vendor,3,100.0,Goal,Root/div/station/vendor,WCH_AUDIT/VND/BTM/SkyWest,1,No
WCH_AUDIT,WCH,SkyWest,function,4,100.0,Goal,Root/div/station/vendor/function,WCH_AUDIT/VND/BTM/SkyWest/WCH,0,Yes
WCH_AUDIT,BTR,VND,station,2,0.15,Goal,Root/div/station,WCH_AUDIT/VND/BTR,3,No
WCH_AUDIT,",null,",BTR,vendor,3,55.54,Goal,Root/div/station/vendor,"WCH_AUDIT/VND/BTR/,null,",1,No
WCH_AUDIT,WCH,",null,",function,4,100.0,Goal,Root/div/station/vendor/function,"WCH_AUDIT/VND/BTR/,null,/WCH",0,Yes
WCH_AUDIT,GAT,BTR,vendor,3,32.25,Goal,Root/div/station/vendor,WCH_AUDIT/VND/BTR/GAT,1,No
WCH_AUDIT,WCH,GAT,function,4,100.0,Goal,Root/div/station/vendor/function,WCH_AUDIT/VND/BTR/GAT/WCH,0,Yes
WCH_AUDIT,Unifi,BTR,vendor,3,12.21,Goal,Root/div/station/vendor,WCH_AUDIT/VND/BTR/Unifi,1,No
WCH_AUDIT,WCH,Unifi,function,4,100.0,Goal,Root/div/station/vendor/function,WCH_AUDIT/VND/BTR/Unifi/WCH,0,Yes
WCH_AUDIT,BTV,VND,station,2,0.39,Goal,Root/div/station,WCH_AUDIT/VND/BTV,2,No
WCH_AUDIT,",null,",BTV,vendor,3,54.91,Goal,Root/div/station/vendor,"WCH_AUDIT/VND/BTV/,null,",1,No
WCH_AUDIT,WCH,",null,",function,4,100.0,Goal,Root/div/station/vendor/function,"WCH_AUDIT/VND/BTV/,null,/WCH",0,Yes
WCH_AUDIT,Unifi,BTV,vendor,3,45.09,Goal,Root/div/station/vendor,WCH_AUDIT/VND/BTV/Unifi,1,No
WCH_AUDIT,WCH,Unifi,function,4,100.0,Goal,Root/div/station/vendor/function,WCH_AUDIT/VND/BTV/Unifi/WCH,0,Yes
WCH_AUDIT,BUF,VND,station,2,0.29,Goal,Root/div/station,WCH_AUDIT/VND/BUF,2,No
WCH_AUDIT,",null,",BUF,vendor,3,4.45,Goal,Root/div/station/vendor,"WCH_AUDIT/VND/BUF/,null,",1,No
WCH_AUDIT,WCH,",null,",function,4,100.0,Goal,Root/div/station/vendor/function,"WCH_AUDIT/VND/BUF/,null,/WCH",0,Yes
WCH_AUDIT,PrimeFlight,BUF,vendor,3,95.55,Goal,Root/div/station/vendor,WCH_AUDIT/VND/BUF/PrimeFlight,1,No
WCH_AUDIT,WCH,PrimeFlight,function,4,100.0,Goal,Root/div/station/vendor/function,WCH_AUDIT/VND/BUF/PrimeFlight/WCH,0,Yes
WCH_AUDIT,BUR,VND,station,2,0.21,Goal,Root/div/station,WCH_AUDIT/VND/BUR,2,No
WCH_AUDIT,",null,",BUR,vendor,3,28.53,Goal,Root/div/station/vendor,"WCH_AUDIT/VND/BUR/,null,",1,No
WCH_AUDIT,WCH,",null,",function,4,100.0,Goal,Root/div/station/vendor/function,"WCH_AUDIT/VND/BUR/,null,/WCH",0,Yes
WCH_AUDIT,GAT,BUR,vendor,3,71.47,Goal,Root/div/station/vendor,WCH_AUDIT/VND/BUR/GAT,1,No
WCH_AUDIT,WCH,GAT,function,4,100.0,Goal,Root/div/station/vendor/function,WCH_AUDIT/VND/BUR/GAT/WCH,0,Yes
WCH_AUDIT,BWI,VND,station,2,0.29,Goal,Root/div/station,WCH_AUDIT/VND/BWI,4,No
WCH_AUDIT,",null,",BWI,vendor,3,20.83,Goal,Root/div/station/vendor,"WCH_AUDIT/VND/BWI/,null,",1,No
WCH_AUDIT,WCH,",null,",function,4,100.0,Goal,Root/div/station/vendor/function,"WCH_AUDIT/VND/BWI/,null,/WCH",0,Yes
WCH_AUDIT,"Aviation, Prosegur Services Group, Inc.",BWI,vendor,3,9.54,Goal,Root/div/station/vendor,"WCH_AUDIT/VND/BWI/Aviation, Prosegur Services Group, Inc.",1,No
WCH_AUDIT,WCH,"Aviation, Prosegur Services Group, Inc.",function,4,100.0,Goal,Root/div/station/vendor/function,"WCH_AUDIT/VND/BWI/Aviation, Prosegur Services Group, Inc./WCH",0,Yes
WCH_AUDIT,HHS Aviation,BWI,vendor,3,64.42,Goal,Root/div/station/vendor,WCH_AUDIT/VND/BWI/HHS Aviation,1,No
WCH_AUDIT,WCH,HHS Aviation,function,4,100.0,Goal,Root/div/station/vendor/function,WCH_AUDIT/VND/BWI/HHS Aviation/WCH,0,Yes
WCH_AUDIT,Prospect,BWI,vendor,3,5.21,Goal,Root/div/station/vendor,WCH_AUDIT/VND/BWI/Prospect,1,No
WCH_AUDIT,WCH,Prospect,function,4,100.0,Goal,Root/div/station/vendor/function,WCH_AUDIT/VND/BWI/Prospect/WCH,0,Yes
WCH_AUDIT,BZE,VND,station,2,0.1,Goal,Root/div/station,WCH_AUDIT/VND/BZE,1,No
WCH_AUDIT,AeroDispatch,BZE,vendor,3,100.0,Goal,Root/div/station/vendor,WCH_AUDIT/VND/BZE/AeroDispatch,1,No
WCH_AUDIT,WCH,AeroDispatch,function,4,100.0,Goal,Root/div/station/vendor/function,WCH_AUDIT/VND/BZE/AeroDispatch/WCH,0,Yes
WCH_AUDIT,BZN,VND,station,2,0.05,Goal,Root/div/station,WCH_AUDIT/VND/BZN,2,No
WCH_AUDIT,",null,",BZN,vendor,3,46.45,Goal,Root/div/station/vendor,"WCH_AUDIT/VND/BZN/,null,",1,No
WCH_AUDIT,WCH,",null,",function,4,100.0,Goal,Root/div/station/vendor/function,"WCH_AUDIT/VND/BZN/,null,/WCH",0,Yes
WCH_AUDIT,Delta,BZN,vendor,3,53.55,Goal,Root/div/station/vendor,WCH_AUDIT/VND/BZN/Delta,1,No
WCH_AUDIT,WCH,Delta,function,4,100.0,Goal,Root/div/station/vendor/function,WCH_AUDIT/VND/BZN/Delta/WCH,0,Yes
WCH_AUDIT,CAE,VND,station,2,0.02,Goal,Root/div/station,WCH_AUDIT/VND/CAE,2,No
WCH_AUDIT,",null,",CAE,vendor,3,37.12,Goal,Root/div/station/vendor,"WCH_AUDIT/VND/CAE/,null,",1,No
WCH_AUDIT,WCH,",null,",function,4,100.0,Goal,Root/div/station/vendor/function,"WCH_AUDIT/VND/CAE/,null,/WCH",0,Yes
WCH_AUDIT,Unifi,CAE,vendor,3,62.88,Goal,Root/div/station/vendor,WCH_AUDIT/VND/CAE/Unifi,1,No
WCH_AUDIT,WCH,Unifi,function,4,100.0,Goal,Root/div/station/vendor/function,WCH_AUDIT/VND/CAE/Unifi/WCH,0,Yes
WCH_AUDIT,CAK,VND,station,2,0.13,Goal,Root/div/station,WCH_AUDIT/VND/CAK,1,No
WCH_AUDIT,Prospect,CAK,vendor,3,100.0,Goal,Root/div/station/vendor,WCH_AUDIT/VND/CAK/Prospect,1,No
WCH_AUDIT,WCH,Prospect,function,4,100.0,Goal,Root/div/station/vendor/function,WCH_AUDIT/VND/CAK/Prospect/WCH,0,Yes
WCH_AUDIT,CDC,VND,station,2,0.18,Goal,Root/div/station,WCH_AUDIT/VND/CDC,1,No
WCH_AUDIT,SkyWest,CDC,vendor,3,100.0,Goal,Root/div/station/vendor,WCH_AUDIT/VND/CDC/SkyWest,1,No
WCH_AUDIT,WCH,SkyWest,function,4,100.0,Goal,Root/div/station/vendor/function,WCH_AUDIT/VND/CDC/SkyWest/WCH,0,Yes
WCH_AUDIT,CDG,VND,station,2,0.23,Goal,Root/div/station,WCH_AUDIT/VND/CDG,1,No
WCH_AUDIT,Airport,CDG,vendor,3,100.0,Goal,Root/div/station/vendor,WCH_AUDIT/VND/CDG/Airport,1,No
WCH_AUDIT,WCH,Airport,function,4,100.0,Goal,Root/div/station/vendor/function,WCH_AUDIT/VND/CDG/Airport/WCH,0,Yes
WCH_AUDIT,CHA,VND,station,2,0.17,Goal,Root/div/station,WCH_AUDIT/VND/CHA,1,No
WCH_AUDIT,Unifi,CHA,vendor,3,100.0,Goal,Root/div/station/vendor,WCH_AUDIT/VND/CHA/Unifi,1,No
WCH_AUDIT,WCH,Unifi,function,4,100.0,Goal,Root/div/station/vendor/function,WCH_AUDIT/VND/CHA/Unifi/WCH,0,Yes
WCH_AUDIT,CHO,VND,station,2,0.32,Goal,Root/div/station,WCH_AUDIT/VND/CHO,2,No
WCH_AUDIT,",null,",CHO,vendor,3,30.38,Goal,Root/div/station/vendor,"WCH_AUDIT/VND/CHO/,null,",1,No
WCH_AUDIT,WCH,",null,",function,4,100.0,Goal,Root/div/station/vendor/function,"WCH_AUDIT/VND/CHO/,null,/WCH",0,Yes
WCH_AUDIT,Unifi,CHO,vendor,3,69.62,Goal,Root/div/station/vendor,WCH_AUDIT/VND/CHO/Unifi,1,No
WCH_AUDIT,WCH,Unifi,function,4,100.0,Goal,Root/div/station/vendor/function,WCH_AUDIT/VND/CHO/Unifi/WCH,0,Yes
WCH_AUDIT,CHS,VND,station,2,0.21,Goal,Root/div/station,WCH_AUDIT/VND/CHS,4,No
WCH_AUDIT,",null,",CHS,vendor,3,5.46,Goal,Root/div/station/vendor,"WCH_AUDIT/VND/CHS/,null,",1,No
WCH_AUDIT,WCH,",null,",function,4,100.0,Goal,Root/div/station/vendor/function,"WCH_AUDIT/VND/CHS/,null,/WCH",0,Yes
WCH_AUDIT,"Flight Services & Systems, Inc.",CHS,vendor,3,35.11,Goal,Root/div/station/vendor,"WCH_AUDIT/VND/CHS/Flight Services & Systems, Inc.",1,No
WCH_AUDIT,WCH,"Flight Services & Systems, Inc.",function,4,100.0,Goal,Root/div/station/vendor/function,"WCH_AUDIT/VND/CHS/Flight Services & Systems, Inc./WCH",0,Yes
WCH_AUDIT,G2,CHS,vendor,3,30.21,Goal,Root/div/station/vendor,WCH_AUDIT/VND/CHS/G2,1,No
WCH_AUDIT,WCH,G2,function,4,100.0,Goal,Root/div/station/vendor/function,WCH_AUDIT/VND/CHS/G2/WCH,0,Yes
WCH_AUDIT,Menzies Aviation,CHS,vendor,3,29.22,Goal,Root/div/station/vendor,WCH_AUDIT/VND/CHS/Menzies Aviation,1,No
WCH_AUDIT,WCH,Menzies Aviation,function,4,100.0,Goal,Root/div/station/vendor/function,WCH_AUDIT/VND/CHS/Menzies Aviation/WCH,0,Yes
WCH_AUDIT,CID,VND,station,2,0.32,Goal,Root/div/station,WCH_AUDIT/VND/CID,2,No
WCH_AUDIT,",null,",CID,vendor,3,52.45,Goal,Root/div/station/vendor,"WCH_AUDIT/VND/CID/,null,",1,No
WCH_AUDIT,WCH,",null,",function,4,100.0,Goal,Root/div/station/vendor/function,"WCH_AUDIT/VND/CID/,null,/WCH",0,Yes
WCH_AUDIT,Unifi,CID,vendor,3,47.55,Goal,Root/div/station/vendor,WCH_AUDIT/VND/CID/Unifi,1,No
WCH_AUDIT,WCH,Unifi,function,4,100.0,Goal,Root/div/station/vendor/function,WCH_AUDIT/VND/CID/Unifi/WCH,0,Yes
WCH_AUDIT,CIU,VND,station,2,0.37,Goal,Root/div/station,WCH_AUDIT/VND/CIU,2,No
WCH_AUDIT,",null,",CIU,vendor,3,93.04,Goal,Root/div/station/vendor,"WCH_AUDIT/VND/CIU/,null,",1,No
WCH_AUDIT,WCH,",null,",function,4,100.0,Goal,Root/div/station/vendor/function,"WCH_AUDIT/VND/CIU/,null,/WCH",0,Yes
WCH_AUDIT,Unifi,CIU,vendor,3,6.96,Goal,Root/div/station/vendor,WCH_AUDIT/VND/CIU/Unifi,1,No
WCH_AUDIT,WCH,Unifi,function,4,100.0,Goal,Root/div/station/vendor/function,WCH_AUDIT/VND/CIU/Unifi/WCH,0,Yes
WCH_AUDIT,CLE,VND,station,2,0.26,Goal,Root/div/station,WCH_AUDIT/VND/CLE,4,No
WCH_AUDIT,",null,",CLE,vendor,3,37.93,Goal,Root/div/station/vendor,"WCH_AUDIT/VND/CLE/,null,",1,No
WCH_AUDIT,WCH,",null,",function,4,100.0,Goal,Root/div/station/vendor/function,"WCH_AUDIT/VND/CLE/,null,/WCH",0,Yes
WCH_AUDIT,ABM,CLE,vendor,3,1.85,Goal,Root/div/station/vendor,WCH_AUDIT/VND/CLE/ABM,1,No
WCH_AUDIT,WCH,ABM,function,4,100.0,Goal,Root/div/station/vendor/function,WCH_AUDIT/VND/CLE/ABM/WCH,0,Yes
WCH_AUDIT,Prospect,CLE,vendor,3,19.46,Goal,Root/div/station/vendor,WCH_AUDIT/VND/CLE/Prospect,1,No
WCH_AUDIT,WCH,Prospect,function,4,100.0,Goal,Root/div/station/vendor/function,WCH_AUDIT/VND/CLE/Prospect/WCH,0,Yes
WCH_AUDIT,Unifi,CLE,vendor,3,40.76,Goal,Root/div/station/vendor,WCH_AUDIT/VND/CLE/Unifi,1,No
WCH_AUDIT,WCH,Unifi,function,4,100.0,Goal,Root/div/station/vendor/function,WCH_AUDIT/VND/CLE/Unifi/WCH,0,Yes
WCH_AUDIT,CLT,VND,station,2,0.29,Goal,Root/div/station,WCH_AUDIT/VND/CLT,4,No
WCH_AUDIT,",null,",CLT,vendor,3,13.0,Goal,Root/div/station/vendor,"WCH_AUDIT/VND/CLT/,null,",1,No
WCH_AUDIT,WCH,",null,",function,4,100.0,Goal,Root/div/station/vendor/function,"WCH_AUDIT/VND/CLT/,null,/WCH",0,Yes
WCH_AUDIT,G2,CLT,vendor,3,32.67,Goal,Root/div/station/vendor,WCH_AUDIT/VND/CLT/G2,1,No
WCH_AUDIT,WCH,G2,function,4,100.0,Goal,Root/div/station/vendor/function,WCH_AUDIT/VND/CLT/G2/WCH,0,Yes
WCH_AUDIT,"GATEWAY SECURITY, INC.",CLT,vendor,3,19.74,Goal,Root/div/station/vendor,"WCH_AUDIT/VND/CLT/GATEWAY SECURITY, INC.",1,No
WCH_AUDIT,WCH,"GATEWAY SECURITY, INC.",function,4,100.0,Goal,Root/div/station/vendor/function,"WCH_AUDIT/VND/CLT/GATEWAY SECURITY, INC./WCH",0,Yes
WCH_AUDIT,Menzies Aviation,CLT,vendor,3,34.589999999999996,Goal,Root/div/station/vendor,WCH_AUDIT/VND/CLT/Menzies Aviation,1,No
WCH_AUDIT,WCH,Menzies Aviation,function,4,100.0,Goal,Root/div/station/vendor/function,WCH_AUDIT/VND/CLT/Menzies Aviation/WCH,0,Yes
WCH_AUDIT,CMH,VND,station,2,0.2,Goal,Root/div/station,WCH_AUDIT/VND/CMH,4,No
WCH_AUDIT,",null,",CMH,vendor,3,29.16,Goal,Root/div/station/vendor,"WCH_AUDIT/VND/CMH/,null,",1,No
WCH_AUDIT,WCH,",null,",function,4,100.0,Goal,Root/div/station/vendor/function,"WCH_AUDIT/VND/CMH/,null,/WCH",0,Yes
WCH_AUDIT,HUNTLEIGH USA CORP,CMH,vendor,3,33.47,Goal,Root/div/station/vendor,WCH_AUDIT/VND/CMH/HUNTLEIGH USA CORP,1,No
WCH_AUDIT,WCH,HUNTLEIGH USA CORP,function,4,100.0,Goal,Root/div/station/vendor/function,WCH_AUDIT/VND/CMH/HUNTLEIGH USA CORP/WCH,0,Yes
WCH_AUDIT,Prospect,CMH,vendor,3,8.46,Goal,Root/div/station/vendor,WCH_AUDIT/VND/CMH/Prospect,1,No
WCH_AUDIT,WCH,Prospect,function,4,100.0,Goal,Root/div/station/vendor/function,WCH_AUDIT/VND/CMH/Prospect/WCH,0,Yes
WCH_AUDIT,Unifi,CMH,vendor,3,28.91,Goal,Root/div/station/vendor,WCH_AUDIT/VND/CMH/Unifi,1,No
WCH_AUDIT,WCH,Unifi,function,4,100.0,Goal,Root/div/station/vendor/function,WCH_AUDIT/VND/CMH/Unifi/WCH,0,Yes
WCH_AUDIT,COD,VND,station,2,0.08,Goal,Root/div/station,WCH_AUDIT/VND/COD,1,No
WCH_AUDIT,SkyWest,COD,vendor,3,100.0,Goal,Root/div/station/vendor,WCH_AUDIT/VND/COD/SkyWest,1,No
WCH_AUDIT,WCH,SkyWest,function,4,100.0,Goal,Root/div/station/vendor/function,WCH_AUDIT/VND/COD/SkyWest/WCH,0,Yes
WCH_AUDIT,COS,VND,station,2,0.03,Goal,Root/div/station,WCH_AUDIT/VND/COS,2,No
WCH_AUDIT,",null,",COS,vendor,3,12.48,Goal,Root/div/station/vendor,"WCH_AUDIT/VND/COS/,null,",1,No
WCH_AUDIT,WCH,",null,",function,4,100.0,Goal,Root/div/station/vendor/function,"WCH_AUDIT/VND/COS/,null,/WCH",0,Yes
WCH_AUDIT,HUNTLEIGH USA CORP,COS,vendor,3,87.52,Goal,Root/div/station/vendor,WCH_AUDIT/VND/COS/HUNTLEIGH USA CORP,1,No
WCH_AUDIT,WCH,HUNTLEIGH USA CORP,function,4,100.0,Goal,Root/div/station/vendor/function,WCH_AUDIT/VND/COS/HUNTLEIGH USA CORP/WCH,0,Yes
WCH_AUDIT,CPH,VND,station,2,0.07,Goal,Root/div/station,WCH_AUDIT/VND/CPH,1,No
WCH_AUDIT,Airport,CPH,vendor,3,100.0,Goal,Root/div/station/vendor,WCH_AUDIT/VND/CPH/Airport,1,No
WCH_AUDIT,WCH,Airport,function,4,100.0,Goal,Root/div/station/vendor/function,WCH_AUDIT/VND/CPH/Airport/WCH,0,Yes
WCH_AUDIT,CPR,VND,station,2,0.06,Goal,Root/div/station,WCH_AUDIT/VND/CPR,1,No
WCH_AUDIT,SkyWest,CPR,vendor,3,100.0,Goal,Root/div/station/vendor,WCH_AUDIT/VND/CPR/SkyWest,1,No
WCH_AUDIT,WCH,SkyWest,function,4,100.0,Goal,Root/div/station/vendor/function,WCH_AUDIT/VND/CPR/SkyWest/WCH,0,Yes
WCH_AUDIT,CPT,VND,station,2,0.27,Goal,Root/div/station,WCH_AUDIT/VND/CPT,1,No
WCH_AUDIT,Colossal,CPT,vendor,3,100.0,Goal,Root/div/station/vendor,WCH_AUDIT/VND/CPT/Colossal,1,No
WCH_AUDIT,WCH,Colossal,function,4,100.0,Goal,Root/div/station/vendor/function,WCH_AUDIT/VND/CPT/Colossal/WCH,0,Yes
WCH_AUDIT,CRW,VND,station,2,0.37,Goal,Root/div/station,WCH_AUDIT/VND/CRW,1,No
WCH_AUDIT,Unifi,CRW,vendor,3,100.0,Goal,Root/div/station/vendor,WCH_AUDIT/VND/CRW/Unifi,1,No
WCH_AUDIT,WCH,Unifi,function,4,100.0,Goal,Root/div/station/vendor/function,WCH_AUDIT/VND/CRW/Unifi/WCH,0,Yes
WCH_AUDIT,CSG,VND,station,2,0.01,Goal,Root/div/station,WCH_AUDIT/VND/CSG,1,No
WCH_AUDIT,Unifi,CSG,vendor,3,100.0,Goal,Root/div/station/vendor,WCH_AUDIT/VND/CSG/Unifi,1,No
WCH_AUDIT,WCH,Unifi,function,4,100.0,Goal,Root/div/station/vendor/function,WCH_AUDIT/VND/CSG/Unifi/WCH,0,Yes
WCH_AUDIT,CTA,VND,station,2,0.24,Goal,Root/div/station,WCH_AUDIT/VND/CTA,1,No
WCH_AUDIT,Airporto di Catania-Fontanarossa,CTA,vendor,3,100.0,Goal,Root/div/station/vendor,WCH_AUDIT/VND/CTA/Airporto di Catania-Fontanarossa,1,No
WCH_AUDIT,WCH,Airporto di Catania-Fontanarossa,function,4,100.0,Goal,Root/div/station/vendor/function,WCH_AUDIT/VND/CTA/Airporto di Catania-Fontanarossa/WCH,0,Yes
WCH_AUDIT,CTG,VND,station,2,0.22,Goal,Root/div/station,WCH_AUDIT/VND/CTG,2,No
WCH_AUDIT,Avianca Servicios,CTG,vendor,3,64.77,Goal,Root/div/station/vendor,WCH_AUDIT/VND/CTG/Avianca Servicios,1,No
WCH_AUDIT,WCH,Avianca Servicios,function,4,100.0,Goal,Root/div/station/vendor/function,WCH_AUDIT/VND/CTG/Avianca Servicios/WCH,0,Yes
WCH_AUDIT,SAI,CTG,vendor,3,35.23,Goal,Root/div/station/vendor,WCH_AUDIT/VND/CTG/SAI,1,No
WCH_AUDIT,WCH,SAI,function,4,100.0,Goal,Root/div/station/vendor/function,WCH_AUDIT/VND/CTG/SAI/WCH,0,Yes
WCH_AUDIT,CUN,VND,station,2,0.38,Goal,Root/div/station,WCH_AUDIT/VND/CUN,1,No
WCH_AUDIT,GDL GROUND HANDLING SADE CV,CUN,vendor,3,100.0,Goal,Root/div/station/vendor,WCH_AUDIT/VND/CUN/GDL GROUND HANDLING SADE CV,1,No
WCH_AUDIT,WCH,GDL GROUND HANDLING SADE CV,function,4,100.0,Goal,Root/div/station/vendor/function,WCH_AUDIT/VND/CUN/GDL GROUND HANDLING SADE CV/WCH,0,Yes
WCH_AUDIT,CUR,VND,station,2,0.38,Goal,Root/div/station,WCH_AUDIT/VND/CUR,1,No
WCH_AUDIT,Antillean Flight Services NV,CUR,vendor,3,100.0,Goal,Root/div/station/vendor,WCH_AUDIT/VND/CUR/Antillean Flight Services NV,1,No
WCH_AUDIT,WCH,Antillean Flight Services NV,function,4,100.0,Goal,Root/div/station/vendor/function,WCH_AUDIT/VND/CUR/Antillean Flight Services NV/WCH,0,Yes
WCH_AUDIT,CVG,VND,station,2,0.15,Goal,Root/div/station,WCH_AUDIT/VND/CVG,3,No
WCH_AUDIT,",null,",CVG,vendor,3,55.32,Goal,Root/div/station/vendor,"WCH_AUDIT/VND/CVG/,null,",1,No
WCH_AUDIT,WCH,",null,",function,4,100.0,Goal,Root/div/station/vendor/function,"WCH_AUDIT/VND/CVG/,null,/WCH",0,Yes
WCH_AUDIT,Prospect,CVG,vendor,3,36.24,Goal,Root/div/station/vendor,WCH_AUDIT/VND/CVG/Prospect,1,No
WCH_AUDIT,WCH,Prospect,function,4,100.0,Goal,Root/div/station/vendor/function,WCH_AUDIT/VND/CVG/Prospect/WCH,0,Yes
WCH_AUDIT,Unifi,CVG,vendor,3,8.44,Goal,Root/div/station/vendor,WCH_AUDIT/VND/CVG/Unifi,1,No
WCH_AUDIT,WCH,Unifi,function,4,100.0,Goal,Root/div/station/vendor/function,WCH_AUDIT/VND/CVG/Unifi/WCH,0,Yes
WCH_AUDIT,CWA,VND,station,2,0.23,Goal,Root/div/station,WCH_AUDIT/VND/CWA,1,No
WCH_AUDIT,Unifi,CWA,vendor,3,100.0,Goal,Root/div/station/vendor,WCH_AUDIT/VND/CWA/Unifi,1,No
WCH_AUDIT,WCH,Unifi,function,4,100.0,Goal,Root/div/station/vendor/function,WCH_AUDIT/VND/CWA/Unifi/WCH,0,Yes
WCH_AUDIT,CZM,VND,station,2,0.2,Goal,Root/div/station,WCH_AUDIT/VND/CZM,1,No
WCH_AUDIT,GDL GROUND HANDLING SA DE CV,CZM,vendor,3,100.0,Goal,Root/div/station/vendor,WCH_AUDIT/VND/CZM/GDL GROUND HANDLING SA DE CV,1,No
WCH_AUDIT,WCH,GDL GROUND HANDLING SA DE CV,function,4,100.0,Goal,Root/div/station/vendor/function,WCH_AUDIT/VND/CZM/GDL GROUND HANDLING SA DE CV/WCH,0,Yes
WCH_AUDIT,DAB,VND,station,2,0.21,Goal,Root/div/station,WCH_AUDIT/VND/DAB,4,No
WCH_AUDIT,",null,",DAB,vendor,3,23.93,Goal,Root/div/station/vendor,"WCH_AUDIT/VND/DAB/,null,",1,No
WCH_AUDIT,WCH,",null,",function,4,100.0,Goal,Root/div/station/vendor/function,"WCH_AUDIT/VND/DAB/,null,/WCH",0,Yes
WCH_AUDIT,COUNTY OF VOLUSIA,DAB,vendor,3,11.03,Goal,Root/div/station/vendor,WCH_AUDIT/VND/DAB/COUNTY OF VOLUSIA,1,No
WCH_AUDIT,WCH,COUNTY OF VOLUSIA,function,4,100.0,Goal,Root/div/station/vendor/function,WCH_AUDIT/VND/DAB/COUNTY OF VOLUSIA/WCH,0,Yes
WCH_AUDIT,G2,DAB,vendor,3,31.88,Goal,Root/div/station/vendor,WCH_AUDIT/VND/DAB/G2,1,No
WCH_AUDIT,WCH,G2,function,4,100.0,Goal,Root/div/station/vendor/function,WCH_AUDIT/VND/DAB/G2/WCH,0,Yes
WCH_AUDIT,Menzies Aviation,DAB,vendor,3,33.16,Goal,Root/div/station/vendor,WCH_AUDIT/VND/DAB/Menzies Aviation,1,No
WCH_AUDIT,WCH,Menzies Aviation,function,4,100.0,Goal,Root/div/station/vendor/function,WCH_AUDIT/VND/DAB/Menzies Aviation/WCH,0,Yes
WCH_AUDIT,DAL,VND,station,2,0.07,Goal,Root/div/station,WCH_AUDIT/VND/DAL,1,No
WCH_AUDIT,Unifi,DAL,vendor,3,100.0,Goal,Root/div/station/vendor,WCH_AUDIT/VND/DAL/Unifi,1,No
WCH_AUDIT,WCH,Unifi,function,4,100.0,Goal,Root/div/station/vendor/function,WCH_AUDIT/VND/DAL/Unifi/WCH,0,Yes
WCH_AUDIT,DAY,VND,station,2,0.22,Goal,Root/div/station,WCH_AUDIT/VND/DAY,3,No
WCH_AUDIT,",null,",DAY,vendor,3,2.88,Goal,Root/div/station/vendor,"WCH_AUDIT/VND/DAY/,null,",1,No
WCH_AUDIT,WCH,",null,",function,4,100.0,Goal,Root/div/station/vendor/function,"WCH_AUDIT/VND/DAY/,null,/WCH",0,Yes
WCH_AUDIT,HHS Aviation,DAY,vendor,3,59.06,Goal,Root/div/station/vendor,WCH_AUDIT/VND/DAY/HHS Aviation,1,No
WCH_AUDIT,WCH,HHS Aviation,function,4,100.0,Goal,Root/div/station/vendor/function,WCH_AUDIT/VND/DAY/HHS Aviation/WCH,0,Yes
WCH_AUDIT,Wright Brothers,DAY,vendor,3,38.06,Goal,Root/div/station/vendor,WCH_AUDIT/VND/DAY/Wright Brothers,1,No
WCH_AUDIT,WCH,Wright Brothers,function,4,100.0,Goal,Root/div/station/vendor/function,WCH_AUDIT/VND/DAY/Wright Brothers/WCH,0,Yes
WCH_AUDIT,DBV,VND,station,2,0.25,Goal,Root/div/station,WCH_AUDIT/VND/DBV,1,No
WCH_AUDIT,Dubrovnik Airport Ltd.,DBV,vendor,3,100.0,Goal,Root/div/station/vendor,WCH_AUDIT/VND/DBV/Dubrovnik Airport Ltd.,1,No
WCH_AUDIT,WCH,Dubrovnik Airport Ltd.,function,4,100.0,Goal,Root/div/station/vendor/function,WCH_AUDIT/VND/DBV/Dubrovnik Airport Ltd./WCH,0,Yes
WCH_AUDIT,DCA,VND,station,2,0.04,Goal,Root/div/station,WCH_AUDIT/VND/DCA,2,No
WCH_AUDIT,",null,",DCA,vendor,3,25.07,Goal,Root/div/station/vendor,"WCH_AUDIT/VND/DCA/,null,",1,No
WCH_AUDIT,WCH,",null,",function,4,100.0,Goal,Root/div/station/vendor/function,"WCH_AUDIT/VND/DCA/,null,/WCH",0,Yes
WCH_AUDIT,Eulen,DCA,vendor,3,74.93,Goal,Root/div/station/vendor,WCH_AUDIT/VND/DCA/Eulen,1,No
WCH_AUDIT,WCH,Eulen,function,4,100.0,Goal,Root/div/station/vendor/function,WCH_AUDIT/VND/DCA/Eulen/WCH,0,Yes
WCH_AUDIT,DEN,VND,station,2,0.15,Goal,Root/div/station,WCH_AUDIT/VND/DEN,4,No
WCH_AUDIT,",null,",DEN,vendor,3,3.74,Goal,Root/div/station/vendor,"WCH_AUDIT/VND/DEN/,null,",1,No
WCH_AUDIT,WCH,",null,",function,4,100.0,Goal,Root/div/station/vendor/function,"WCH_AUDIT/VND/DEN/,null,/WCH",0,Yes
WCH_AUDIT,Prospect,DEN,vendor,3,21.48,Goal,Root/div/station/vendor,WCH_AUDIT/VND/DEN/Prospect,1,No
WCH_AUDIT,WCH,Prospect,function,4,100.0,Goal,Root/div/station/vendor/function,WCH_AUDIT/VND/DEN/Prospect/WCH,0,Yes
WCH_AUDIT,S.A.S. SERVICES GROUP INC,DEN,vendor,3,39.28,Goal,Root/div/station/vendor,WCH_AUDIT/VND/DEN/S.A.S. SERVICES GROUP INC,1,No
WCH_AUDIT,WCH,S.A.S. SERVICES GROUP INC,function,4,100.0,Goal,Root/div/station/vendor/function,WCH_AUDIT/VND/DEN/S.A.S. SERVICES GROUP INC/WCH,0,Yes
WCH_AUDIT,Unifi,DEN,vendor,3,35.5,Goal,Root/div/station/vendor,WCH_AUDIT/VND/DEN/Unifi,1,No
WCH_AUDIT,WCH,Unifi,function,4,100.0,Goal,Root/div/station/vendor/function,WCH_AUDIT/VND/DEN/Unifi/WCH,0,Yes
WCH_AUDIT,DFW,VND,station,2,0.38,Goal,Root/div/station,WCH_AUDIT/VND/DFW,2,No
WCH_AUDIT,",null,",DFW,vendor,3,97.79,Goal,Root/div/station/vendor,"WCH_AUDIT/VND/DFW/,null,",1,No
WCH_AUDIT,WCH,",null,",function,4,100.0,Goal,Root/div/station/vendor/function,"WCH_AUDIT/VND/DFW/,null,/WCH",0,Yes
WCH_AUDIT,ABM,DFW,vendor,3,2.21,Goal,Root/div/station/vendor,WCH_AUDIT/VND/DFW/ABM,1,No
WCH_AUDIT,WCH,ABM,function,4,100.0,Goal,Root/div/station/vendor/function,WCH_AUDIT/VND/DFW/ABM/WCH,0,Yes
WCH_AUDIT,DHN,VND,station,2,0.14,Goal,Root/div/station,WCH_AUDIT/VND/DHN,2,No
WCH_AUDIT,G2,DHN,vendor,3,13.74,Goal,Root/div/station/vendor,WCH_AUDIT/VND/DHN/G2,1,No
WCH_AUDIT,WCH,G2,function,4,100.0,Goal,Root/div/station/vendor/function,WCH_AUDIT/VND/DHN/G2/WCH,0,Yes
WCH_AUDIT,Menzies Aviation,DHN,vendor,3,86.26,Goal,Root/div/station/vendor,WCH_AUDIT/VND/DHN/Menzies Aviation,1,No
WCH_AUDIT,WCH,Menzies Aviation,function,4,100.0,Goal,Root/div/station/vendor/function,WCH_AUDIT/VND/DHN/Menzies Aviation/WCH,0,Yes
WCH_AUDIT,DLH,VND,station,2,0.18,Goal,Root/div/station,WCH_AUDIT/VND/DLH,1,No
WCH_AUDIT,Unifi,DLH,vendor,3,100.0,Goal,Root/div/station/vendor,WCH_AUDIT/VND/DLH/Unifi,1,No
WCH_AUDIT,WCH,Unifi,function,4,100.0,Goal,Root/div/station/vendor/function,WCH_AUDIT/VND/DLH/Unifi/WCH,0,Yes
WCH_AUDIT,DRO,VND,station,2,0.36,Goal,Root/div/station,WCH_AUDIT/VND/DRO,1,No
WCH_AUDIT,",null,",DRO,vendor,3,100.0,Goal,Root/div/station/vendor,"WCH_AUDIT/VND/DRO/,null,",1,No
WCH_AUDIT,WCH,",null,",function,4,100.0,Goal,Root/div/station/vendor/function,"WCH_AUDIT/VND/DRO/,null,/WCH",0,Yes
WCH_AUDIT,DSM,VND,station,2,0.09,Goal,Root/div/station,WCH_AUDIT/VND/DSM,3,No
WCH_AUDIT,",null,",DSM,vendor,3,19.74,Goal,Root/div/station/vendor,"WCH_AUDIT/VND/DSM/,null,",1,No
WCH_AUDIT,WCH,",null,",function,4,100.0,Goal,Root/div/station/vendor/function,"WCH_AUDIT/VND/DSM/,null,/WCH",0,Yes
WCH_AUDIT,Menzies Aviation,DSM,vendor,3,12.95,Goal,Root/div/station/vendor,WCH_AUDIT/VND/DSM/Menzies Aviation,1,No
WCH_AUDIT,WCH,Menzies Aviation,function,4,100.0,Goal,Root/div/station/vendor/function,WCH_AUDIT/VND/DSM/Menzies Aviation/WCH,0,Yes
WCH_AUDIT,Unifi,DSM,vendor,3,67.31,Goal,Root/div/station/vendor,WCH_AUDIT/VND/DSM/Unifi,1,No
WCH_AUDIT,WCH,Unifi,function,4,100.0,Goal,Root/div/station/vendor/function,WCH_AUDIT/VND/DSM/Unifi/WCH,0,Yes
WCH_AUDIT,DSS,VND,station,2,0.33,Goal,Root/div/station,WCH_AUDIT/VND/DSS,1,No
WCH_AUDIT,2AS,DSS,vendor,3,100.0,Goal,Root/div/station/vendor,WCH_AUDIT/VND/DSS/2AS,1,No
WCH_AUDIT,WCH,2AS,function,4,100.0,Goal,Root/div/station/vendor/function,WCH_AUDIT/VND/DSS/2AS/WCH,0,Yes
WCH_AUDIT,DTW,VND,station,2,0.39,Goal,Root/div/station,WCH_AUDIT/VND/DTW,3,No
WCH_AUDIT,",null,",DTW,vendor,3,49.21,Goal,Root/div/station/vendor,"WCH_AUDIT/VND/DTW/,null,",1,No
WCH_AUDIT,WCH,",null,",function,4,100.0,Goal,Root/div/station/vendor/function,"WCH_AUDIT/VND/DTW/,null,/WCH",0,Yes
WCH_AUDIT,Prospect,DTW,vendor,3,42.54,Goal,Root/div/station/vendor,WCH_AUDIT/VND/DTW/Prospect,1,No
WCH_AUDIT,WCH,Prospect,function,4,100.0,Goal,Root/div/station/vendor/function,WCH_AUDIT/VND/DTW/Prospect/WCH,0,Yes
WCH_AUDIT,Unifi,DTW,vendor,3,8.25,Goal,Root/div/station/vendor,WCH_AUDIT/VND/DTW/Unifi,1,No
WCH_AUDIT,WCH,Unifi,function,4,100.0,Goal,Root/div/station/vendor/function,WCH_AUDIT/VND/DTW/Unifi/WCH,0,Yes
WCH_AUDIT,DUB,VND,station,2,0.0,Goal,Root/div/station,WCH_AUDIT/VND/DUB,1,No
WCH_AUDIT,Airport,DUB,vendor,3,100.0,Goal,Root/div/station/vendor,WCH_AUDIT/VND/DUB/Airport,1,No
WCH_AUDIT,WCH,Airport,function,4,100.0,Goal,Root/div/station/vendor/function,WCH_AUDIT/VND/DUB/Airport/WCH,0,Yes
WCH_AUDIT,DUS,VND,station,2,0.24,Goal,Root/div/station,WCH_AUDIT/VND/DUS,1,No
WCH_AUDIT,Airport,DUS,vendor,3,100.0,Goal,Root/div/station/vendor,WCH_AUDIT/VND/DUS/Airport,1,No
WCH_AUDIT,WCH,Airport,function,4,100.0,Goal,Root/div/station/vendor/function,WCH_AUDIT/VND/DUS/Airport/WCH,0,Yes
WCH_AUDIT,ECP,VND,station,2,0.04,Goal,Root/div/station,WCH_AUDIT/VND/ECP,2,No
WCH_AUDIT,",null,",ECP,vendor,3,79.55,Goal,Root/div/station/vendor,"WCH_AUDIT/VND/ECP/,null,",1,No
WCH_AUDIT,WCH,",null,",function,4,100.0,Goal,Root/div/station/vendor/function,"WCH_AUDIT/VND/ECP/,null,/WCH",0,Yes
WCH_AUDIT,"GATEWAY SECURITY, INC.",ECP,vendor,3,20.45,Goal,Root/div/station/vendor,"WCH_AUDIT/VND/ECP/GATEWAY SECURITY, INC.",1,No
WCH_AUDIT,WCH,"GATEWAY SECURITY, INC.",function,4,100.0,Goal,Root/div/station/vendor/function,"WCH_AUDIT/VND/ECP/GATEWAY SECURITY, INC./WCH",0,Yes
WCH_AUDIT,EDI,VND,station,2,0.03,Goal,Root/div/station,WCH_AUDIT/VND/EDI,1,No
WCH_AUDIT,Airport,EDI,vendor,3,100.0,Goal,Root/div/station/vendor,WCH_AUDIT/VND/EDI/Airport,1,No
WCH_AUDIT,WCH,Airport,function,4,100.0,Goal,Root/div/station/vendor/function,WCH_AUDIT/VND/EDI/Airport/WCH,0,Yes
WCH_AUDIT,EGE,VND,station,2,0.06,Goal,Root/div/station,WCH_AUDIT/VND/EGE,4,No
WCH_AUDIT,",null,",EGE,vendor,3,8.11,Goal,Root/div/station/vendor,"WCH_AUDIT/VND/EGE/,null,",1,No
WCH_AUDIT,WCH,",null,",function,4,100.0,Goal,Root/div/station/vendor/function,"WCH_AUDIT/VND/EGE/,null,/WCH",0,Yes
WCH_AUDIT,G2,EGE,vendor,3,25.14,Goal,Root/div/station/vendor,WCH_AUDIT/VND/EGE/G2,1,No
WCH_AUDIT,WCH,G2,function,4,100.0,Goal,Root/div/station/vendor/function,WCH_AUDIT/VND/EGE/G2/WCH,0,Yes
WCH_AUDIT,Menzies Aviation,EGE,vendor,3,59.7,Goal,Root/div/station/vendor,WCH_AUDIT/VND/EGE/Menzies Aviation,1,No
WCH_AUDIT,WCH,Menzies Aviation,function,4,100.0,Goal,Root/div/station/vendor/function,WCH_AUDIT/VND/EGE/Menzies Aviation/WCH,0,Yes
WCH_AUDIT,WFS -Worldwide Flight Services,EGE,vendor,3,7.05,Goal,Root/div/station/vendor,WCH_AUDIT/VND/EGE/WFS -Worldwide Flight Services,1,No
WCH_AUDIT,WCH,WFS -Worldwide Flight Services,function,4,100.0,Goal,Root/div/station/vendor/function,WCH_AUDIT/VND/EGE/WFS -Worldwide Flight Services/WCH,0,Yes
WCH_AUDIT,EKO,VND,station,2,0.29,Goal,Root/div/station,WCH_AUDIT/VND/EKO,1,No
WCH_AUDIT,SkyWest,EKO,vendor,3,100.0,Goal,Root/div/station/vendor,WCH_AUDIT/VND/EKO/SkyWest,1,No
WCH_AUDIT,WCH,SkyWest,function,4,100.0,Goal,Root/div/station/vendor/function,WCH_AUDIT/VND/EKO/SkyWest/WCH,0,Yes
WCH_AUDIT,ELH,VND,station,2,0.18,Goal,Root/div/station,WCH_AUDIT/VND/ELH,2,No
WCH_AUDIT,Omega Aviation,ELH,vendor,3,40.03,Goal,Root/div/station/vendor,WCH_AUDIT/VND/ELH/Omega Aviation,1,No
WCH_AUDIT,WCH,Omega Aviation,function,4,100.0,Goal,Root/div/station/vendor/function,WCH_AUDIT/VND/ELH/Omega Aviation/WCH,0,Yes
WCH_AUDIT,Treasure,ELH,vendor,3,59.97,Goal,Root/div/station/vendor,WCH_AUDIT/VND/ELH/Treasure,1,No
WCH_AUDIT,WCH,Treasure,function,4,100.0,Goal,Root/div/station/vendor/function,WCH_AUDIT/VND/ELH/Treasure/WCH,0,Yes
WCH_AUDIT,ELM,VND,station,2,0.27,Goal,Root/div/station,WCH_AUDIT/VND/ELM,1,No
WCH_AUDIT,Unifi,ELM,vendor,3,100.0,Goal,Root/div/station/vendor,WCH_AUDIT/VND/ELM/Unifi,1,No
WCH_AUDIT,WCH,Unifi,function,4,100.0,Goal,Root/div/station/vendor/function,WCH_AUDIT/VND/ELM/Unifi/WCH,0,Yes
WCH_AUDIT,ELP,VND,station,2,0.15,Goal,Root/div/station,WCH_AUDIT/VND/ELP,2,No
WCH_AUDIT,",null,",ELP,vendor,3,75.07,Goal,Root/div/station/vendor,"WCH_AUDIT/VND/ELP/,null,",1,No
WCH_AUDIT,WCH,",null,",function,4,100.0,Goal,Root/div/station/vendor/function,"WCH_AUDIT/VND/ELP/,null,/WCH",0,Yes
WCH_AUDIT,GAT,ELP,vendor,3,24.93,Goal,Root/div/station/vendor,WCH_AUDIT/VND/ELP/GAT,1,No
WCH_AUDIT,WCH,GAT,function,4,100.0,Goal,Root/div/station/vendor/function,WCH_AUDIT/VND/ELP/GAT/WCH,0,Yes
WCH_AUDIT,ERI,VND,station,2,0.17,Goal,Root/div/station,WCH_AUDIT/VND/ERI,1,No
WCH_AUDIT,SkyWest,ERI,vendor,3,100.0,Goal,Root/div/station/vendor,WCH_AUDIT/VND/ERI/SkyWest,1,No
WCH_AUDIT,WCH,SkyWest,function,4,100.0,Goal,Root/div/station/vendor/function,WCH_AUDIT/VND/ERI/SkyWest/WCH,0,Yes
WCH_AUDIT,ESC,VND,station,2,0.15,Goal,Root/div/station,WCH_AUDIT/VND/ESC,2,No
WCH_AUDIT,",null,",ESC,vendor,3,57.69,Goal,Root/div/station/vendor,"WCH_AUDIT/VND/ESC/,null,",1,No
WCH_AUDIT,WCH,",null,",function,4,100.0,Goal,Root/div/station/vendor/function,"WCH_AUDIT/VND/ESC/,null,/WCH",0,Yes
WCH_AUDIT,Unifi,ESC,vendor,3,42.31,Goal,Root/div/station/vendor,WCH_AUDIT/VND/ESC/Unifi,1,No
WCH_AUDIT,WCH,Unifi,function,4,100.0,Goal,Root/div/station/vendor/function,WCH_AUDIT/VND/ESC/Unifi/WCH,0,Yes
WCH_AUDIT,EUG,VND,station,2,0.31,Goal,Root/div/station,WCH_AUDIT/VND/EUG,2,No
WCH_AUDIT,",null,",EUG,vendor,3,59.06,Goal,Root/div/station/vendor,"WCH_AUDIT/VND/EUG/,null,",1,No
WCH_AUDIT,WCH,",null,",function,4,100.0,Goal,Root/div/station/vendor/function,"WCH_AUDIT/VND/EUG/,null,/WCH",0,Yes
WCH_AUDIT,Unifi,EUG,vendor,3,40.94,Goal,Root/div/station/vendor,WCH_AUDIT/VND/EUG/Unifi,1,No
WCH_AUDIT,WCH,Unifi,function,4,100.0,Goal,Root/div/station/vendor/function,WCH_AUDIT/VND/EUG/Unifi/WCH,0,Yes
WCH_AUDIT,EVV,VND,station,2,0.11,Goal,Root/div/station,WCH_AUDIT/VND/EVV,2,No
WCH_AUDIT,",null,",EVV,vendor,3,63.81,Goal,Root/div/station/vendor,"WCH_AUDIT/VND/EVV/,null,",1,No
WCH_AUDIT,WCH,",null,",function,4,100.0,Goal,Root/div/station/vendor/function,"WCH_AUDIT/VND/EVV/,null,/WCH",0,Yes
WCH_AUDIT,Unifi,EVV,vendor,3,36.19,Goal,Root/div/station/vendor,WCH_AUDIT/VND/EVV/Unifi,1,No
WCH_AUDIT,WCH,Unifi,function,4,100.0,Goal,Root/div/station/vendor/function,WCH_AUDIT/VND/EVV/Unifi/WCH,0,Yes
WCH_AUDIT,EWN,VND,station,2,0.06,Goal,Root/div/station,WCH_AUDIT/VND/EWN,1,No
WCH_AUDIT,Unifi,EWN,vendor,3,100.0,Goal,Root/div/station/vendor,WCH_AUDIT/VND/EWN/Unifi,1,No
WCH_AUDIT,WCH,Unifi,function,4,100.0,Goal,Root/div/station/vendor/function,WCH_AUDIT/VND/EWN/Unifi/WCH,0,Yes
WCH_AUDIT,EWR,VND,station,2,0.28,Goal,Root/div/station,WCH_AUDIT/VND/EWR,4,No
WCH_AUDIT,",null,",EWR,vendor,3,39.56,Goal,Root/div/station/vendor,"WCH_AUDIT/VND/EWR/,null,",1,No
WCH_AUDIT,WCH,",null,",function,4,100.0,Goal,Root/div/station/vendor/function,"WCH_AUDIT/VND/EWR/,null,/WCH",0,Yes
WCH_AUDIT,G2,EWR,vendor,3,28.02,Goal,Root/div/station/vendor,WCH_AUDIT/VND/EWR/G2,1,No
WCH_AUDIT,WCH,G2,function,4,100.0,Goal,Root/div/station/vendor/function,WCH_AUDIT/VND/EWR/G2/WCH,0,Yes
WCH_AUDIT,Menzies Aviation,EWR,vendor,3,7.6,Goal,Root/div/station/vendor,WCH_AUDIT/VND/EWR/Menzies Aviation,1,No
WCH_AUDIT,WCH,Menzies Aviation,function,4,100.0,Goal,Root/div/station/vendor/function,WCH_AUDIT/VND/EWR/Menzies Aviation/WCH,0,Yes
WCH_AUDIT,Prospect,EWR,vendor,3,24.82,Goal,Root/div/station/vendor,WCH_AUDIT/VND/EWR/Prospect,1,No
WCH_AUDIT,WCH,Prospect,function,4,100.0,Goal,Root/div/station/vendor/function,WCH_AUDIT/VND/EWR/Prospect/WCH,0,Yes
WCH_AUDIT,EYW,VND,station,2,0.08,Goal,Root/div/station,WCH_AUDIT/VND/EYW,2,No
WCH_AUDIT,",null,",EYW,vendor,3,4.34,Goal,Root/div/station/vendor,"WCH_AUDIT/VND/EYW/,null,",1,No
WCH_AUDIT,WCH,",null,",function,4,100.0,Goal,Root/div/station/vendor/function,"WCH_AUDIT/VND/EYW/,null,/WCH",0,Yes
WCH_AUDIT,Unifi,EYW,vendor,3,95.66,Goal,Root/div/station/vendor,WCH_AUDIT/VND/EYW/Unifi,1,No
WCH_AUDIT,WCH,Unifi,function,4,100.0,Goal,Root/div/station/vendor/function,WCH_AUDIT/VND/EYW/Unifi/WCH,0,Yes
WCH_AUDIT,EZE,VND,station,2,0.18,Goal,Root/div/station,WCH_AUDIT/VND/EZE,1,No
WCH_AUDIT,GROUP OF PRIVATE SECURITY S.R.L.,EZE,vendor,3,100.0,Goal,Root/div/station/vendor,WCH_AUDIT/VND/EZE/GROUP OF PRIVATE SECURITY S.R.L.,1,No
WCH_AUDIT,WCH,GROUP OF PRIVATE SECURITY S.R.L.,function,4,100.0,Goal,Root/div/station/vendor/function,WCH_AUDIT/VND/EZE/GROUP OF PRIVATE SECURITY S.R.L./WCH,0,Yes
WCH_AUDIT,FAI,VND,station,2,0.06,Goal,Root/div/station,WCH_AUDIT/VND/FAI,1,No
WCH_AUDIT,Unifi,FAI,vendor,3,100.0,Goal,Root/div/station/vendor,WCH_AUDIT/VND/FAI/Unifi,1,No
WCH_AUDIT,WCH,Unifi,function,4,100.0,Goal,Root/div/station/vendor/function,WCH_AUDIT/VND/FAI/Unifi/WCH,0,Yes
WCH_AUDIT,FAR,VND,station,2,0.33,Goal,Root/div/station,WCH_AUDIT/VND/FAR,2,No
WCH_AUDIT,",null,",FAR,vendor,3,26.29,Goal,Root/div/station/vendor,"WCH_AUDIT/VND/FAR/,null,",1,No
WCH_AUDIT,WCH,",null,",function,4,100.0,Goal,Root/div/station/vendor/function,"WCH_AUDIT/VND/FAR/,null,/WCH",0,Yes
WCH_AUDIT,Unifi,FAR,vendor,3,73.71,Goal,Root/div/station/vendor,WCH_AUDIT/VND/FAR/Unifi,1,No
WCH_AUDIT,WCH,Unifi,function,4,100.0,Goal,Root/div/station/vendor/function,WCH_AUDIT/VND/FAR/Unifi/WCH,0,Yes
WCH_AUDIT,FAT,VND,station,2,0.21,Goal,Root/div/station,WCH_AUDIT/VND/FAT,2,No
WCH_AUDIT,",null,",FAT,vendor,3,24.44,Goal,Root/div/station/vendor,"WCH_AUDIT/VND/FAT/,null,",1,No
WCH_AUDIT,WCH,",null,",function,4,100.0,Goal,Root/div/station/vendor/function,"WCH_AUDIT/VND/FAT/,null,/WCH",0,Yes
WCH_AUDIT,Unifi,FAT,vendor,3,75.56,Goal,Root/div/station/vendor,WCH_AUDIT/VND/FAT/Unifi,1,No
WCH_AUDIT,WCH,Unifi,function,4,100.0,Goal,Root/div/station/vendor/function,WCH_AUDIT/VND/FAT/Unifi/WCH,0,Yes
WCH_AUDIT,FAY,VND,station,2,0.26,Goal,Root/div/station,WCH_AUDIT/VND/FAY,1,No
WCH_AUDIT,Unifi,FAY,vendor,3,100.0,Goal,Root/div/station/vendor,WCH_AUDIT/VND/FAY/Unifi,1,No
WCH_AUDIT,WCH,Unifi,function,4,100.0,Goal,Root/div/station/vendor/function,WCH_AUDIT/VND/FAY/Unifi/WCH,0,Yes
WCH_AUDIT,FCA,VND,station,2,0.03,Goal,Root/div/station,WCH_AUDIT/VND/FCA,2,No
WCH_AUDIT,SkyWest,FCA,vendor,3,95.85,Goal,Root/div/station/vendor,WCH_AUDIT/VND/FCA/SkyWest,1,No
WCH_AUDIT,WCH,SkyWest,function,4,100.0,Goal,Root/div/station/vendor/function,WCH_AUDIT/VND/FCA/SkyWest/WCH,0,Yes
WCH_AUDIT,Unifi,FCA,vendor,3,4.15,Goal,Root/div/station/vendor,WCH_AUDIT/VND/FCA/Unifi,1,No
WCH_AUDIT,WCH,Unifi,function,4,100.0,Goal,Root/div/station/vendor/function,WCH_AUDIT/VND/FCA/Unifi/WCH,0,Yes
WCH_AUDIT,FCO,VND,station,2,0.09,Goal,Root/div/station,WCH_AUDIT/VND/FCO,1,No
WCH_AUDIT,Aeroporti di Roma,FCO,vendor,3,100.0,Goal,Root/div/station/vendor,WCH_AUDIT/VND/FCO/Aeroporti di Roma,1,No
WCH_AUDIT,WCH,Aeroporti di Roma,function,4,100.0,Goal,Root/div/station/vendor/function,WCH_AUDIT/VND/FCO/Aeroporti di Roma/WCH,0,Yes
WCH_AUDIT,FLL,VND,station,2,0.11,Goal,Root/div/station,WCH_AUDIT/VND/FLL,5,No
WCH_AUDIT,",null,",FLL,vendor,3,9.34,Goal,Root/div/station/vendor,"WCH_AUDIT/VND/FLL/,null,",1,No
WCH_AUDIT,WCH,",null,",function,4,100.0,Goal,Root/div/station/vendor/function,"WCH_AUDIT/VND/FLL/,null,/WCH",0,Yes
WCH_AUDIT,"Aviation, Prosegur Services Group, Inc.",FLL,vendor,3,25.89,Goal,Root/div/station/vendor,"WCH_AUDIT/VND/FLL/Aviation, Prosegur Services Group, Inc.",1,No
WCH_AUDIT,WCH,"Aviation, Prosegur Services Group, Inc.",function,4,100.0,Goal,Root/div/station/vendor/function,"WCH_AUDIT/VND/FLL/Aviation, Prosegur Services Group, Inc./WCH",0,Yes
WCH_AUDIT,BAGGAGE AIRLINE GUEST SERVICES,FLL,vendor,3,32.08,Goal,Root/div/station/vendor,WCH_AUDIT/VND/FLL/BAGGAGE AIRLINE GUEST SERVICES,1,No
WCH_AUDIT,WCH,BAGGAGE AIRLINE GUEST SERVICES,function,4,100.0,Goal,Root/div/station/vendor/function,WCH_AUDIT/VND/FLL/BAGGAGE AIRLINE GUEST SERVICES/WCH,0,Yes
WCH_AUDIT,Eulen,FLL,vendor,3,28.31,Goal,Root/div/station/vendor,WCH_AUDIT/VND/FLL/Eulen,1,No
WCH_AUDIT,WCH,Eulen,function,4,100.0,Goal,Root/div/station/vendor/function,WCH_AUDIT/VND/FLL/Eulen/WCH,0,Yes
WCH_AUDIT,HHS Aviation,FLL,vendor,3,4.38,Goal,Root/div/station/vendor,WCH_AUDIT/VND/FLL/HHS Aviation,1,No
WCH_AUDIT,WCH,HHS Aviation,function,4,100.0,Goal,Root/div/station/vendor/function,WCH_AUDIT/VND/FLL/HHS Aviation/WCH,0,Yes
WCH_AUDIT,FNT,VND,station,2,0.14,Goal,Root/div/station,WCH_AUDIT/VND/FNT,2,No
WCH_AUDIT,G2,FNT,vendor,3,73.07,Goal,Root/div/station/vendor,WCH_AUDIT/VND/FNT/G2,1,No
WCH_AUDIT,WCH,G2,function,4,100.0,Goal,Root/div/station/vendor/function,WCH_AUDIT/VND/FNT/G2/WCH,0,Yes
WCH_AUDIT,Menzies Aviation,FNT,vendor,3,26.93,Goal,Root/div/station/vendor,WCH_AUDIT/VND/FNT/Menzies Aviation,1,No
WCH_AUDIT,WCH,Menzies Aviation,function,4,100.0,Goal,Root/div/station/vendor/function,WCH_AUDIT/VND/FNT/Menzies Aviation/WCH,0,Yes
WCH_AUDIT,FPO,VND,station,2,0.21,Goal,Root/div/station,WCH_AUDIT/VND/FPO,1,No
WCH_AUDIT,Grand Bahama,FPO,vendor,3,100.0,Goal,Root/div/station/vendor,WCH_AUDIT/VND/FPO/Grand Bahama,1,No
WCH_AUDIT,WCH,Grand Bahama,function,4,100.0,Goal,Root/div/station/vendor/function,WCH_AUDIT/VND/FPO/Grand Bahama/WCH,0,Yes
WCH_AUDIT,FRA,VND,station,2,0.22,Goal,Root/div/station,WCH_AUDIT/VND/FRA,1,No
WCH_AUDIT,Airport,FRA,vendor,3,100.0,Goal,Root/div/station/vendor,WCH_AUDIT/VND/FRA/Airport,1,No
WCH_AUDIT,WCH,Airport,function,4,100.0,Goal,Root/div/station/vendor/function,WCH_AUDIT/VND/FRA/Airport/WCH,0,Yes
WCH_AUDIT,FSD,VND,station,2,0.34,Goal,Root/div/station,WCH_AUDIT/VND/FSD,1,No
WCH_AUDIT,Unifi,FSD,vendor,3,100.0,Goal,Root/div/station/vendor,WCH_AUDIT/VND/FSD/Unifi,1,No
WCH_AUDIT,WCH,Unifi,function,4,100.0,Goal,Root/div/station/vendor/function,WCH_AUDIT/VND/FSD/Unifi/WCH,0,Yes
WCH_AUDIT,FSM,VND,station,2,0.03,Goal,Root/div/station,WCH_AUDIT/VND/FSM,1,No
WCH_AUDIT,Unifi,FSM,vendor,3,100.0,Goal,Root/div/station/vendor,WCH_AUDIT/VND/FSM/Unifi,1,No
WCH_AUDIT,WCH,Unifi,function,4,100.0,Goal,Root/div/station/vendor/function,WCH_AUDIT/VND/FSM/Unifi/WCH,0,Yes
WCH_AUDIT,FUK,VND,station,2,0.18,Goal,Root/div/station,WCH_AUDIT/VND/FUK,1,No
WCH_AUDIT,Haneda Turtle Service,FUK,vendor,3,100.0,Goal,Root/div/station/vendor,WCH_AUDIT/VND/FUK/Haneda Turtle Service,1,No
WCH_AUDIT,WCH,Haneda Turtle Service,function,4,100.0,Goal,Root/div/station/vendor/function,WCH_AUDIT/VND/FUK/Haneda Turtle Service/WCH,0,Yes
WCH_AUDIT,FWA,VND,station,2,0.01,Goal,Root/div/station,WCH_AUDIT/VND/FWA,1,No
WCH_AUDIT,Unifi,FWA,vendor,3,100.0,Goal,Root/div/station/vendor,WCH_AUDIT/VND/FWA/Unifi,1,No
WCH_AUDIT,WCH,Unifi,function,4,100.0,Goal,Root/div/station/vendor/function,WCH_AUDIT/VND/FWA/Unifi/WCH,0,Yes
WCH_AUDIT,GCM,VND,station,2,0.29,Goal,Root/div/station,WCH_AUDIT/VND/GCM,1,No
WCH_AUDIT,FADS,GCM,vendor,3,100.0,Goal,Root/div/station/vendor,WCH_AUDIT/VND/GCM/FADS,1,No
WCH_AUDIT,WCH,FADS,function,4,100.0,Goal,Root/div/station/vendor/function,WCH_AUDIT/VND/GCM/FADS/WCH,0,Yes
WCH_AUDIT,GDL,VND,station,2,0.21,Goal,Root/div/station,WCH_AUDIT/VND/GDL,1,No
WCH_AUDIT,GDL GROUND HANDLING SADE CV,GDL,vendor,3,100.0,Goal,Root/div/station/vendor,WCH_AUDIT/VND/GDL/GDL GROUND HANDLING SADE CV,1,No
WCH_AUDIT,WCH,GDL GROUND HANDLING SADE CV,function,4,100.0,Goal,Root/div/station/vendor/function,WCH_AUDIT/VND/GDL/GDL GROUND HANDLING SADE CV/WCH,0,Yes
WCH_AUDIT,GEG,VND,station,2,0.18,Goal,Root/div/station,WCH_AUDIT/VND/GEG,2,No
WCH_AUDIT,",null,",GEG,vendor,3,57.96,Goal,Root/div/station/vendor,"WCH_AUDIT/VND/GEG/,null,",1,No
WCH_AUDIT,WCH,",null,",function,4,100.0,Goal,Root/div/station/vendor/function,"WCH_AUDIT/VND/GEG/,null,/WCH",0,Yes
WCH_AUDIT,ABM,GEG,vendor,3,42.04,Goal,Root/div/station/vendor,WCH_AUDIT/VND/GEG/ABM,1,No
WCH_AUDIT,WCH,ABM,function,4,100.0,Goal,Root/div/station/vendor/function,WCH_AUDIT/VND/GEG/ABM/WCH,0,Yes
WCH_AUDIT,GFK,VND,station,2,0.21,Goal,Root/div/station,WCH_AUDIT/VND/GFK,1,No
WCH_AUDIT,Unifi,GFK,vendor,3,100.0,Goal,Root/div/station/vendor,WCH_AUDIT/VND/GFK/Unifi,1,No
WCH_AUDIT,WCH,Unifi,function,4,100.0,Goal,Root/div/station/vendor/function,WCH_AUDIT/VND/GFK/Unifi/WCH,0,Yes
WCH_AUDIT,GGT,VND,station,2,0.29,Goal,Root/div/station,WCH_AUDIT/VND/GGT,2,No
WCH_AUDIT,Omega Aviation,GGT,vendor,3,53.88,Goal,Root/div/station/vendor,WCH_AUDIT/VND/GGT/Omega Aviation,1,No
WCH_AUDIT,WCH,Omega Aviation,function,4,100.0,Goal,Root/div/station/vendor/function,WCH_AUDIT/VND/GGT/Omega Aviation/WCH,0,Yes
WCH_AUDIT,Strachan,GGT,vendor,3,46.12,Goal,Root/div/station/vendor,WCH_AUDIT/VND/GGT/Strachan,1,No
WCH_AUDIT,WCH,Strachan,function,4,100.0,Goal,Root/div/station/vendor/function,WCH_AUDIT/VND/GGT/Strachan/WCH,0,Yes
WCH_AUDIT,GIG,VND,station,2,0.1,Goal,Root/div/station,WCH_AUDIT/VND/GIG,1,No
WCH_AUDIT,ORBITAL SERV AUXILIARES TRANS AEREO,GIG,vendor,3,100.0,Goal,Root/div/station/vendor,WCH_AUDIT/VND/GIG/ORBITAL SERV AUXILIARES TRANS AEREO,1,No
WCH_AUDIT,WCH,ORBITAL SERV AUXILIARES TRANS AEREO,function,4,100.0,Goal,Root/div/station/vendor/function,WCH_AUDIT/VND/GIG/ORBITAL SERV AUXILIARES TRANS AEREO/WCH,0,Yes
WCH_AUDIT,GJT,VND,station,2,0.38,Goal,Root/div/station,WCH_AUDIT/VND/GJT,1,No
WCH_AUDIT,SkyWest,GJT,vendor,3,100.0,Goal,Root/div/station/vendor,WCH_AUDIT/VND/GJT/SkyWest,1,No
WCH_AUDIT,WCH,SkyWest,function,4,100.0,Goal,Root/div/station/vendor/function,WCH_AUDIT/VND/GJT/SkyWest/WCH,0,Yes
WCH_AUDIT,GLA,VND,station,2,0.11,Goal,Root/div/station,WCH_AUDIT/VND/GLA,1,No
WCH_AUDIT,Airport,GLA,vendor,3,100.0,Goal,Root/div/station/vendor,WCH_AUDIT/VND/GLA/Airport,1,No
WCH_AUDIT,WCH,Airport,function,4,100.0,Goal,Root/div/station/vendor/function,WCH_AUDIT/VND/GLA/Airport/WCH,0,Yes
WCH_AUDIT,GND,VND,station,2,0.07,Goal,Root/div/station,WCH_AUDIT/VND/GND,1,No
WCH_AUDIT,Aviation Services,GND,vendor,3,100.0,Goal,Root/div/station/vendor,WCH_AUDIT/VND/GND/Aviation Services,1,No
WCH_AUDIT,WCH,Aviation Services,function,4,100.0,Goal,Root/div/station/vendor/function,WCH_AUDIT/VND/GND/Aviation Services/WCH,0,Yes
WCH_AUDIT,GNV,VND,station,2,0.38,Goal,Root/div/station,WCH_AUDIT/VND/GNV,2,No
WCH_AUDIT,",null,",GNV,vendor,3,43.64,Goal,Root/div/station/vendor,"WCH_AUDIT/VND/GNV/,null,",1,No
WCH_AUDIT,WCH,",null,",function,4,100.0,Goal,Root/div/station/vendor/function,"WCH_AUDIT/VND/GNV/,null,/WCH",0,Yes
WCH_AUDIT,Unifi,GNV,vendor,3,56.36,Goal,Root/div/station/vendor,WCH_AUDIT/VND/GNV/Unifi,1,No
WCH_AUDIT,WCH,Unifi,function,4,100.0,Goal,Root/div/station/vendor/function,WCH_AUDIT/VND/GNV/Unifi/WCH,0,Yes
WCH_AUDIT,GPT,VND,station,2,0.08,Goal,Root/div/station,WCH_AUDIT/VND/GPT,1,No
WCH_AUDIT,Unifi,GPT,vendor,3,100.0,Goal,Root/div/station/vendor,WCH_AUDIT/VND/GPT/Unifi,1,No
WCH_AUDIT,WCH,Unifi,function,4,100.0,Goal,Root/div/station/vendor/function,WCH_AUDIT/VND/GPT/Unifi/WCH,0,Yes
WCH_AUDIT,GRB,VND,station,2,0.11,Goal,Root/div/station,WCH_AUDIT/VND/GRB,2,No
WCH_AUDIT,",null,",GRB,vendor,3,39.98,Goal,Root/div/station/vendor,"WCH_AUDIT/VND/GRB/,null,",1,No
WCH_AUDIT,WCH,",null,",function,4,100.0,Goal,Root/div/station/vendor/function,"WCH_AUDIT/VND/GRB/,null,/WCH",0,Yes
WCH_AUDIT,Delta,GRB,vendor,3,60.02,Goal,Root/div/station/vendor,WCH_AUDIT/VND/GRB/Delta,1,No
WCH_AUDIT,WCH,Delta,function,4,100.0,Goal,Root/div/station/vendor/function,WCH_AUDIT/VND/GRB/Delta/WCH,0,Yes
WCH_AUDIT,GRR,VND,station,2,0.09,Goal,Root/div/station,WCH_AUDIT/VND/GRR,2,No
WCH_AUDIT,",null,",GRR,vendor,3,63.49,Goal,Root/div/station/vendor,"WCH_AUDIT/VND/GRR/,null,",1,No
WCH_AUDIT,WCH,",null,",function,4,100.0,Goal,Root/div/station/vendor/function,"WCH_AUDIT/VND/GRR/,null,/WCH",0,Yes
WCH_AUDIT,GERALD R. FORD INTERNATIONAL,GRR,vendor,3,36.51,Goal,Root/div/station/vendor,WCH_AUDIT/VND/GRR/GERALD R. FORD INTERNATIONAL,1,No
WCH_AUDIT,WCH,GERALD R. FORD INTERNATIONAL,function,4,100.0,Goal,Root/div/station/vendor/function,WCH_AUDIT/VND/GRR/GERALD R. FORD INTERNATIONAL/WCH,0,Yes
WCH_AUDIT,GRU,VND,station,2,0.23,Goal,Root/div/station,WCH_AUDIT/VND/GRU,1,No
WCH_AUDIT,ORBITAL SERV AUXILIARES TRANS AEREO,GRU,vendor,3,100.0,Goal,Root/div/station/vendor,WCH_AUDIT/VND/GRU/ORBITAL SERV AUXILIARES TRANS AEREO,1,No
WCH_AUDIT,WCH,ORBITAL SERV AUXILIARES TRANS AEREO,function,4,100.0,Goal,Root/div/station/vendor/function,WCH_AUDIT/VND/GRU/ORBITAL SERV AUXILIARES TRANS AEREO/WCH,0,Yes
WCH_AUDIT,GSO,VND,station,2,0.17,Goal,Root/div/station,WCH_AUDIT/VND/GSO,2,No
WCH_AUDIT,",null,",GSO,vendor,3,56.38,Goal,Root/div/station/vendor,"WCH_AUDIT/VND/GSO/,null,",1,No
WCH_AUDIT,WCH,",null,",function,4,100.0,Goal,Root/div/station/vendor/function,"WCH_AUDIT/VND/GSO/,null,/WCH",0,Yes
WCH_AUDIT,PrimeFlight,GSO,vendor,3,43.62,Goal,Root/div/station/vendor,WCH_AUDIT/VND/GSO/PrimeFlight,1,No
WCH_AUDIT,WCH,PrimeFlight,function,4,100.0,Goal,Root/div/station/vendor/function,WCH_AUDIT/VND/GSO/PrimeFlight/WCH,0,Yes
WCH_AUDIT,GSP,VND,station,2,0.21,Goal,Root/div/station,WCH_AUDIT/VND/GSP,3,No
WCH_AUDIT,",null,",GSP,vendor,3,47.64,Goal,Root/div/station/vendor,"WCH_AUDIT/VND/GSP/,null,",1,No
WCH_AUDIT,WCH,",null,",function,4,100.0,Goal,Root/div/station/vendor/function,"WCH_AUDIT/VND/GSP/,null,/WCH",0,Yes
WCH_AUDIT,G2,GSP,vendor,3,15.57,Goal,Root/div/station/vendor,WCH_AUDIT/VND/GSP/G2,1,No
WCH_AUDIT,WCH,G2,function,4,100.0,Goal,Root/div/station/vendor/function,WCH_AUDIT/VND/GSP/G2/WCH,0,Yes
WCH_AUDIT,Menzies Aviation,GSP,vendor,3,36.79,Goal,Root/div/station/vendor,WCH_AUDIT/VND/GSP/Menzies Aviation,1,No
WCH_AUDIT,WCH,Menzies Aviation,function,4,100.0,Goal,Root/div/station/vendor/function,WCH_AUDIT/VND/GSP/Menzies Aviation/WCH,0,Yes
WCH_AUDIT,GTF,VND,station,2,0.21,Goal,Root/div/station,WCH_AUDIT/VND/GTF,1,No
WCH_AUDIT,Unifi,GTF,vendor,3,100.0,Goal,Root/div/station/vendor,WCH_AUDIT/VND/GTF/Unifi,1,No
WCH_AUDIT,WCH,Unifi,function,4,100.0,Goal,Root/div/station/vendor/function,WCH_AUDIT/VND/GTF/Unifi/WCH,0,Yes
WCH_AUDIT,GTR,VND,station,2,0.3,Goal,Root/div/station,WCH_AUDIT/VND/GTR,2,No
WCH_AUDIT,G2,GTR,vendor,3,57.68,Goal,Root/div/station/vendor,WCH_AUDIT/VND/GTR/G2,1,No
WCH_AUDIT,WCH,G2,function,4,100.0,Goal,Root/div/station/vendor/function,WCH_AUDIT/VND/GTR/G2/WCH,0,Yes
WCH_AUDIT,Menzies Aviation,GTR,vendor,3,42.32,Goal,Root/div/station/vendor,WCH_AUDIT/VND/GTR/Menzies Aviation,1,No
WCH_AUDIT,WCH,Menzies Aviation,function,4,100.0,Goal,Root/div/station/vendor/function,WCH_AUDIT/VND/GTR/Menzies Aviation/WCH,0,Yes
WCH_AUDIT,GUA,VND,station,2,0.29,Goal,Root/div/station,WCH_AUDIT/VND/GUA,1,No
WCH_AUDIT,"LAATS, S.A.",GUA,vendor,3,100.0,Goal,Root/div/station/vendor,"WCH_AUDIT/VND/GUA/LAATS, S.A.",1,No
WCH_AUDIT,WCH,"LAATS, S.A.",function,4,100.0,Goal,Root/div/station/vendor/function,"WCH_AUDIT/VND/GUA/LAATS, S.A./WCH",0,Yes
WCH_AUDIT,GVA,VND,station,2,0.33,Goal,Root/div/station,WCH_AUDIT/VND/GVA,1,No
WCH_AUDIT,Airport,GVA,vendor,3,100.0,Goal,Root/div/station/vendor,WCH_AUDIT/VND/GVA/Airport,1,No
WCH_AUDIT,WCH,Airport,function,4,100.0,Goal,Root/div/station/vendor/function,WCH_AUDIT/VND/GVA/Airport/WCH,0,Yes
WCH_AUDIT,HAV,VND,station,2,0.39,Goal,Root/div/station,WCH_AUDIT/VND/HAV,1,No
WCH_AUDIT,ECASA,HAV,vendor,3,100.0,Goal,Root/div/station/vendor,WCH_AUDIT/VND/HAV/ECASA,1,No
WCH_AUDIT,WCH,ECASA,function,4,100.0,Goal,Root/div/station/vendor/function,WCH_AUDIT/VND/HAV/ECASA/WCH,0,Yes
WCH_AUDIT,HDN,VND,station,2,0.22,Goal,Root/div/station,WCH_AUDIT/VND/HDN,3,No
WCH_AUDIT,G2,HDN,vendor,3,30.3,Goal,Root/div/station/vendor,WCH_AUDIT/VND/HDN/G2,1,No
WCH_AUDIT,WCH,G2,function,4,100.0,Goal,Root/div/station/vendor/function,WCH_AUDIT/VND/HDN/G2/WCH,0,Yes
WCH_AUDIT,Menzies Aviation,HDN,vendor,3,41.68,Goal,Root/div/station/vendor,WCH_AUDIT/VND/HDN/Menzies Aviation,1,No
WCH_AUDIT,WCH,Menzies Aviation,function,4,100.0,Goal,Root/div/station/vendor/function,WCH_AUDIT/VND/HDN/Menzies Aviation/WCH,0,Yes
WCH_AUDIT,SkyWest,HDN,vendor,3,28.02,Goal,Root/div/station/vendor,WCH_AUDIT/VND/HDN/SkyWest,1,No
WCH_AUDIT,WCH,SkyWest,function,4,100.0,Goal,Root/div/station/vendor/function,WCH_AUDIT/VND/HDN/SkyWest/WCH,0,Yes
WCH_AUDIT,HHH,VND,station,2,0.19,Goal,Root/div/station,WCH_AUDIT/VND/HHH,1,No
WCH_AUDIT,Unifi,HHH,vendor,3,100.0,Goal,Root/div/station/vendor,WCH_AUDIT/VND/HHH/Unifi,1,No
WCH_AUDIT,WCH,Unifi,function,4,100.0,Goal,Root/div/station/vendor/function,WCH_AUDIT/VND/HHH/Unifi/WCH,0,Yes
WCH_AUDIT,HIB,VND,station,2,0.05,Goal,Root/div/station,WCH_AUDIT/VND/HIB,1,No
WCH_AUDIT,SkyWest,HIB,vendor,3,100.0,Goal,Root/div/station/vendor,WCH_AUDIT/VND/HIB/SkyWest,1,No
WCH_AUDIT,WCH,SkyWest,function,4,100.0,Goal,Root/div/station/vendor/function,WCH_AUDIT/VND/HIB/SkyWest/WCH,0,Yes
WCH_AUDIT,HKG,VND,station,2,0.04,Goal,Root/div/station,WCH_AUDIT/VND/HKG,1,No
WCH_AUDIT,HAS,HKG,vendor,3,100.0,Goal,Root/div/station/vendor,WCH_AUDIT/VND/HKG/HAS,1,No
WCH_AUDIT,WCH,HAS,function,4,100.0,Goal,Root/div/station/vendor/function,WCH_AUDIT/VND/HKG/HAS/WCH,0,Yes
WCH_AUDIT,HLN,VND,station,2,0.16,Goal,Root/div/station,WCH_AUDIT/VND/HLN,2,No
WCH_AUDIT,",null,",HLN,vendor,3,51.28,Goal,Root/div/station/vendor,"WCH_AUDIT/VND/HLN/,null,",1,No
WCH_AUDIT,WCH,",null,",function,4,100.0,Goal,Root/div/station/vendor/function,"WCH_AUDIT/VND/HLN/,null,/WCH",0,Yes
WCH_AUDIT,SkyWest,HLN,vendor,3,48.72,Goal,Root/div/station/vendor,WCH_AUDIT/VND/HLN/SkyWest,1,No
WCH_AUDIT,WCH,SkyWest,function,4,100.0,Goal,Root/div/station/vendor/function,WCH_AUDIT/VND/HLN/SkyWest/WCH,0,Yes
WCH_AUDIT,HND,VND,station,2,0.11,Goal,Root/div/station,WCH_AUDIT/VND/HND,1,No
WCH_AUDIT,Haneda Turtle Service,HND,vendor,3,100.0,Goal,Root/div/station/vendor,WCH_AUDIT/VND/HND/Haneda Turtle Service,1,No
WCH_AUDIT,WCH,Haneda Turtle Service,function,4,100.0,Goal,Root/div/station/vendor/function,WCH_AUDIT/VND/HND/Haneda Turtle Service/WCH,0,Yes
WCH_AUDIT,HNL,VND,station,2,0.32,Goal,Root/div/station,WCH_AUDIT/VND/HNL,2,No
WCH_AUDIT,",null,",HNL,vendor,3,21.62,Goal,Root/div/station/vendor,"WCH_AUDIT/VND/HNL/,null,",1,No
WCH_AUDIT,WCH,",null,",function,4,100.0,Goal,Root/div/station/vendor/function,"WCH_AUDIT/VND/HNL/,null,/WCH",0,Yes
WCH_AUDIT,Unifi,HNL,vendor,3,78.38,Goal,Root/div/station/vendor,WCH_AUDIT/VND/HNL/Unifi,1,No
WCH_AUDIT,WCH,Unifi,function,4,100.0,Goal,Root/div/station/vendor/function,WCH_AUDIT/VND/HNL/Unifi/WCH,0,Yes
WCH_AUDIT,HOU,VND,station,2,0.09,Goal,Root/div/station,WCH_AUDIT/VND/HOU,3,No
WCH_AUDIT,",null,",HOU,vendor,3,54.1,Goal,Root/div/station/vendor,"WCH_AUDIT/VND/HOU/,null,",1,No
WCH_AUDIT,WCH,",null,",function,4,100.0,Goal,Root/div/station/vendor/function,"WCH_AUDIT/VND/HOU/,null,/WCH",0,Yes
WCH_AUDIT,GAT,HOU,vendor,3,2.74,Goal,Root/div/station/vendor,WCH_AUDIT/VND/HOU/GAT,1,No
WCH_AUDIT,WCH,GAT,function,4,100.0,Goal,Root/div/station/vendor/function,WCH_AUDIT/VND/HOU/GAT/WCH,0,Yes
WCH_AUDIT,"GATEWAY SECURITY, INC.",HOU,vendor,3,43.16,Goal,Root/div/station/vendor,"WCH_AUDIT/VND/HOU/GATEWAY SECURITY, INC.",1,No
WCH_AUDIT,WCH,"GATEWAY SECURITY, INC.",function,4,100.0,Goal,Root/div/station/vendor/function,"WCH_AUDIT/VND/HOU/GATEWAY SECURITY, INC./WCH",0,Yes
WCH_AUDIT,HPN,VND,station,2,0.26,Goal,Root/div/station,WCH_AUDIT/VND/HPN,2,No
WCH_AUDIT,",null,",HPN,vendor,3,61.12,Goal,Root/div/station/vendor,"WCH_AUDIT/VND/HPN/,null,",1,No
WCH_AUDIT,WCH,",null,",function,4,100.0,Goal,Root/div/station/vendor/function,"WCH_AUDIT/VND/HPN/,null,/WCH",0,Yes
WCH_AUDIT,Unifi,HPN,vendor,3,38.88,Goal,Root/div/station/vendor,WCH_AUDIT/VND/HPN/Unifi,1,No
WCH_AUDIT,WCH,Unifi,function,4,100.0,Goal,Root/div/station/vendor/function,WCH_AUDIT/VND/HPN/Unifi/WCH,0,Yes
WCH_AUDIT,HRL,VND,station,2,0.33,Goal,Root/div/station,WCH_AUDIT/VND/HRL,3,No
WCH_AUDIT,",null,",HRL,vendor,3,48.07,Goal,Root/div/station/vendor,"WCH_AUDIT/VND/HRL/,null,",1,No
WCH_AUDIT,WCH,",null,",function,4,100.0,Goal,Root/div/station/vendor/function,"WCH_AUDIT/VND/HRL/,null,/WCH",0,Yes
WCH_AUDIT,SkyWest,HRL,vendor,3,14.33,Goal,Root/div/station/vendor,WCH_AUDIT/VND/HRL/SkyWest,1,No
WCH_AUDIT,WCH,SkyWest,function,4,100.0,Goal,Root/div/station/vendor/function,WCH_AUDIT/VND/HRL/SkyWest/WCH,0,Yes
WCH_AUDIT,Valley International Airport Ground Handling Services,HRL,vendor,3,37.6,Goal,Root/div/station/vendor,WCH_AUDIT/VND/HRL/Valley International Airport Ground Handling Services,1,No
WCH_AUDIT,WCH,Valley International Airport Ground Handling Services,function,4,100.0,Goal,Root/div/station/vendor/function,WCH_AUDIT/VND/HRL/Valley International Airport Ground Handling Services/WCH,0,Yes
WCH_AUDIT,HSV,VND,station,2,0.11,Goal,Root/div/station,WCH_AUDIT/VND/HSV,2,No
WCH_AUDIT,",null,",HSV,vendor,3,50.48,Goal,Root/div/station/vendor,"WCH_AUDIT/VND/HSV/,null,",1,No
WCH_AUDIT,WCH,",null,",function,4,100.0,Goal,Root/div/station/vendor/function,"WCH_AUDIT/VND/HSV/,null,/WCH",0,Yes
WCH_AUDIT,HUNTLEIGH USA CORP,HSV,vendor,3,49.52,Goal,Root/div/station/vendor,WCH_AUDIT/VND/HSV/HUNTLEIGH USA CORP,1,No
WCH_AUDIT,WCH,HUNTLEIGH USA CORP,function,4,100.0,Goal,Root/div/station/vendor/function,WCH_AUDIT/VND/HSV/HUNTLEIGH USA CORP/WCH,0,Yes
WCH_AUDIT,IAD,VND,station,2,0.32,Goal,Root/div/station,WCH_AUDIT/VND/IAD,4,No
WCH_AUDIT,",null,",IAD,vendor,3,60.56,Goal,Root/div/station/vendor,"WCH_AUDIT/VND/IAD/,null,",1,No
WCH_AUDIT,WCH,",null,",function,4,100.0,Goal,Root/div/station/vendor/function,"WCH_AUDIT/VND/IAD/,null,/WCH",0,Yes
WCH_AUDIT,G2,IAD,vendor,3,4.25,Goal,Root/div/station/vendor,WCH_AUDIT/VND/IAD/G2,1,No
WCH_AUDIT,WCH,G2,function,4,100.0,Goal,Root/div/station/vendor/function,WCH_AUDIT/VND/IAD/G2/WCH,0,Yes
WCH_AUDIT,Maximus Global Services,IAD,vendor,3,21.66,Goal,Root/div/station/vendor,WCH_AUDIT/VND/IAD/Maximus Global Services,1,No
WCH_AUDIT,WCH,Maximus Global Services,function,4,100.0,Goal,Root/div/station/vendor/function,WCH_AUDIT/VND/IAD/Maximus Global Services/WCH,0,Yes
WCH_AUDIT,Menzies Aviation,IAD,vendor,3,13.53,Goal,Root/div/station/vendor,WCH_AUDIT/VND/IAD/Menzies Aviation,1,No
WCH_AUDIT,WCH,Menzies Aviation,function,4,100.0,Goal,Root/div/station/vendor/function,WCH_AUDIT/VND/IAD/Menzies Aviation/WCH,0,Yes
WCH_AUDIT,IAH,VND,station,2,0.0,Goal,Root/div/station,WCH_AUDIT/VND/IAH,4,No
WCH_AUDIT,",null,",IAH,vendor,3,20.2,Goal,Root/div/station/vendor,"WCH_AUDIT/VND/IAH/,null,",1,No
WCH_AUDIT,WCH,",null,",function,4,100.0,Goal,Root/div/station/vendor/function,"WCH_AUDIT/VND/IAH/,null,/WCH",0,Yes
WCH_AUDIT,ABM,IAH,vendor,3,45.75,Goal,Root/div/station/vendor,WCH_AUDIT/VND/IAH/ABM,1,No
WCH_AUDIT,WCH,ABM,function,4,100.0,Goal,Root/div/station/vendor/function,WCH_AUDIT/VND/IAH/ABM/WCH,0,Yes
WCH_AUDIT,G2,IAH,vendor,3,20.95,Goal,Root/div/station/vendor,WCH_AUDIT/VND/IAH/G2,1,No
WCH_AUDIT,WCH,G2,function,4,100.0,Goal,Root/div/station/vendor/function,WCH_AUDIT/VND/IAH/G2/WCH,0,Yes
WCH_AUDIT,Menzies Aviation,IAH,vendor,3,13.1,Goal,Root/div/station/vendor,WCH_AUDIT/VND/IAH/Menzies Aviation,1,No
WCH_AUDIT,WCH,Menzies Aviation,function,4,100.0,Goal,Root/div/station/vendor/function,WCH_AUDIT/VND/IAH/Menzies Aviation/WCH,0,Yes
WCH_AUDIT,ICN,VND,station,2,0.28,Goal,Root/div/station,WCH_AUDIT/VND/ICN,1,No
WCH_AUDIT,Korean Air,ICN,vendor,3,100.0,Goal,Root/div/station/vendor,WCH_AUDIT/VND/ICN/Korean Air,1,No
WCH_AUDIT,WCH,Korean Air,function,4,100.0,Goal,Root/div/station/vendor/function,WCH_AUDIT/VND/ICN/Korean Air/WCH,0,Yes
WCH_AUDIT,ICT,VND,station,2,0.37,Goal,Root/div/station,WCH_AUDIT/VND/ICT,2,No
WCH_AUDIT,",null,",ICT,vendor,3,42.5,Goal,Root/div/station/vendor,"WCH_AUDIT/VND/ICT/,null,",1,No
WCH_AUDIT,WCH,",null,",function,4,100.0,Goal,Root/div/station/vendor/function,"WCH_AUDIT/VND/ICT/,null,/WCH",0,Yes
WCH_AUDIT,Unifi,ICT,vendor,3,57.5,Goal,Root/div/station/vendor,WCH_AUDIT/VND/ICT/Unifi,1,No
WCH_AUDIT,WCH,Unifi,function,4,100.0,Goal,Root/div/station/vendor/function,WCH_AUDIT/VND/ICT/Unifi/WCH,0,Yes
WCH_AUDIT,IDA,VND,station,2,0.15,Goal,Root/div/station,WCH_AUDIT/VND/IDA,1,No
WCH_AUDIT,SkyWest,IDA,vendor,3,100.0,Goal,Root/div/station/vendor,WCH_AUDIT/VND/IDA/SkyWest,1,No
WCH_AUDIT,WCH,SkyWest,function,4,100.0,Goal,Root/div/station/vendor/function,WCH_AUDIT/VND/IDA/SkyWest/WCH,0,Yes
WCH_AUDIT,ILM,VND,station,2,0.15,Goal,Root/div/station,WCH_AUDIT/VND/ILM,2,No
WCH_AUDIT,",null,",ILM,vendor,3,47.85,Goal,Root/div/station/vendor,"WCH_AUDIT/VND/ILM/,null,",1,No
WCH_AUDIT,WCH,",null,",function,4,100.0,Goal,Root/div/station/vendor/function,"WCH_AUDIT/VND/ILM/,null,/WCH",0,Yes
WCH_AUDIT,"SUPERIOR AIRCRAFT SERVICES, INC.",ILM,vendor,3,52.15,Goal,Root/div/station/vendor,"WCH_AUDIT/VND/ILM/SUPERIOR AIRCRAFT SERVICES, INC.",1,No
WCH_AUDIT,WCH,"SUPERIOR AIRCRAFT SERVICES, INC.",function,4,100.0,Goal,Root/div/station/vendor/function,"WCH_AUDIT/VND/ILM/SUPERIOR AIRCRAFT SERVICES, INC./WCH",0,Yes
WCH_AUDIT,IMT,VND,station,2,0.27,Goal,Root/div/station,WCH_AUDIT/VND/IMT,1,No
WCH_AUDIT,Unifi,IMT,vendor,3,100.0,Goal,Root/div/station/vendor,WCH_AUDIT/VND/IMT/Unifi,1,No
WCH_AUDIT,WCH,Unifi,function,4,100.0,Goal,Root/div/station/vendor/function,WCH_AUDIT/VND/IMT/Unifi/WCH,0,Yes
WCH_AUDIT,IND,VND,station,2,0.22,Goal,Root/div/station,WCH_AUDIT/VND/IND,3,No
WCH_AUDIT,",null,",IND,vendor,3,29.46,Goal,Root/div/station/vendor,"WCH_AUDIT/VND/IND/,null,",1,No
WCH_AUDIT,WCH,",null,",function,4,100.0,Goal,Root/div/station/vendor/function,"WCH_AUDIT/VND/IND/,null,/WCH",0,Yes
WCH_AUDIT,G2,IND,vendor,3,29.61,Goal,Root/div/station/vendor,WCH_AUDIT/VND/IND/G2,1,No
WCH_AUDIT,WCH,G2,function,4,100.0,Goal,Root/div/station/vendor/function,WCH_AUDIT/VND/IND/G2/WCH,0,Yes
WCH_AUDIT,Menzies Aviation,IND,vendor,3,40.93,Goal,Root/div/station/vendor,WCH_AUDIT/VND/IND/Menzies Aviation,1,No
WCH_AUDIT,WCH,Menzies Aviation,function,4,100.0,Goal,Root/div/station/vendor/function,WCH_AUDIT/VND/IND/Menzies Aviation/WCH,0,Yes
WCH_AUDIT,INL,VND,station,2,0.3,Goal,Root/div/station,WCH_AUDIT/VND/INL,1,No
WCH_AUDIT,Unifi,INL,vendor,3,100.0,Goal,Root/div/station/vendor,WCH_AUDIT/VND/INL/Unifi,1,No
WCH_AUDIT,WCH,Unifi,function,4,100.0,Goal,Root/div/station/vendor/function,WCH_AUDIT/VND/INL/Unifi/WCH,0,Yes
WCH_AUDIT,ITH,VND,station,2,0.07,Goal,Root/div/station,WCH_AUDIT/VND/ITH,1,No
WCH_AUDIT,Unifi,ITH,vendor,3,100.0,Goal,Root/div/station/vendor,WCH_AUDIT/VND/ITH/Unifi,1,No
WCH_AUDIT,WCH,Unifi,function,4,100.0,Goal,Root/div/station/vendor/function,WCH_AUDIT/VND/ITH/Unifi/WCH,0,Yes
WCH_AUDIT,JAC,VND,station,2,0.17,Goal,Root/div/station,WCH_AUDIT/VND/JAC,3,No
WCH_AUDIT,",null,",JAC,vendor,3,25.53,Goal,Root/div/station/vendor,"WCH_AUDIT/VND/JAC/,null,",1,No
WCH_AUDIT,WCH,",null,",function,4,100.0,Goal,Root/div/station/vendor/function,"WCH_AUDIT/VND/JAC/,null,/WCH",0,Yes
WCH_AUDIT,SkyWest,JAC,vendor,3,42.06,Goal,Root/div/station/vendor,WCH_AUDIT/VND/JAC/SkyWest,1,No
WCH_AUDIT,WCH,SkyWest,function,4,100.0,Goal,Root/div/station/vendor/function,WCH_AUDIT/VND/JAC/SkyWest/WCH,0,Yes
WCH_AUDIT,Unifi,JAC,vendor,3,32.41,Goal,Root/div/station/vendor,WCH_AUDIT/VND/JAC/Unifi,1,No
WCH_AUDIT,WCH,Unifi,function,4,100.0,Goal,Root/div/station/vendor/function,WCH_AUDIT/VND/JAC/Unifi/WCH,0,Yes
WCH_AUDIT,JAN,VND,station,2,0.22,Goal,Root/div/station,WCH_AUDIT/VND/JAN,2,No
WCH_AUDIT,",null,",JAN,vendor,3,55.93,Goal,Root/div/station/vendor,"WCH_AUDIT/VND/JAN/,null,",1,No
WCH_AUDIT,WCH,",null,",function,4,100.0,Goal,Root/div/station/vendor/function,"WCH_AUDIT/VND/JAN/,null,/WCH",0,Yes
WCH_AUDIT,GAT,JAN,vendor,3,44.07,Goal,Root/div/station/vendor,WCH_AUDIT/VND/JAN/GAT,1,No
WCH_AUDIT,WCH,GAT,function,4,100.0,Goal,Root/div/station/vendor/function,WCH_AUDIT/VND/JAN/GAT/WCH,0,Yes
WCH_AUDIT,JAX,VND,station,2,0.05,Goal,Root/div/station,WCH_AUDIT/VND/JAX,3,No
WCH_AUDIT,",null,",JAX,vendor,3,27.93,Goal,Root/div/station/vendor,"WCH_AUDIT/VND/JAX/,null,",1,No
WCH_AUDIT,WCH,",null,",function,4,100.0,Goal,Root/div/station/vendor/function,"WCH_AUDIT/VND/JAX/,null,/WCH",0,Yes
WCH_AUDIT,Prospect,JAX,vendor,3,64.29,Goal,Root/div/station/vendor,WCH_AUDIT/VND/JAX/Prospect,1,No
WCH_AUDIT,WCH,Prospect,function,4,100.0,Goal,Root/div/station/vendor/function,WCH_AUDIT/VND/JAX/Prospect/WCH,0,Yes
WCH_AUDIT,Unifi,JAX,vendor,3,7.78,Goal,Root/div/station/vendor,WCH_AUDIT/VND/JAX/Unifi,1,No
WCH_AUDIT,WCH,Unifi,function,4,100.0,Goal,Root/div/station/vendor/function,WCH_AUDIT/VND/JAX/Unifi/WCH,0,Yes
WCH_AUDIT,JFK,VND,station,2,0.21,Goal,Root/div/station,WCH_AUDIT/VND/JFK,3,No
WCH_AUDIT,",null,",JFK,vendor,3,52.56,Goal,Root/div/station/vendor,"WCH_AUDIT/VND/JFK/,null,",1,No
WCH_AUDIT,WCH,",null,",function,4,100.0,Goal,Root/div/station/vendor/function,"WCH_AUDIT/VND/JFK/,null,/WCH",0,Yes
WCH_AUDIT,PAX ASSIST INC,JFK,vendor,3,41.38,Goal,Root/div/station/vendor,WCH_AUDIT/VND/JFK/PAX ASSIST INC,1,No
WCH_AUDIT,WCH,PAX ASSIST INC,function,4,100.0,Goal,Root/div/station/vendor/function,WCH_AUDIT/VND/JFK/PAX ASSIST INC/WCH,0,Yes
WCH_AUDIT,Unifi,JFK,vendor,3,6.06,Goal,Root/div/station/vendor,WCH_AUDIT/VND/JFK/Unifi,1,No
WCH_AUDIT,WCH,Unifi,function,4,100.0,Goal,Root/div/station/vendor/function,WCH_AUDIT/VND/JFK/Unifi/WCH,0,Yes
WCH_AUDIT,JNB,VND,station,2,0.39,Goal,Root/div/station,WCH_AUDIT/VND/JNB,2,No
WCH_AUDIT,Colossal,JNB,vendor,3,1.67,Goal,Root/div/station/vendor,WCH_AUDIT/VND/JNB/Colossal,1,No
WCH_AUDIT,WCH,Colossal,function,4,100.0,Goal,Root/div/station/vendor/function,WCH_AUDIT/VND/JNB/Colossal/WCH,0,Yes
WCH_AUDIT,Swissport,JNB,vendor,3,98.33,Goal,Root/div/station/vendor,WCH_AUDIT/VND/JNB/Swissport,1,No
WCH_AUDIT,WCH,Swissport,function,4,100.0,Goal,Root/div/station/vendor/function,WCH_AUDIT/VND/JNB/Swissport/WCH,0,Yes
WCH_AUDIT,JNU,VND,station,2,0.33,Goal,Root/div/station,WCH_AUDIT/VND/JNU,1,No
WCH_AUDIT,Unifi,JNU,vendor,3,100.0,Goal,Root/div/station/vendor,WCH_AUDIT/VND/JNU/Unifi,1,No
WCH_AUDIT,WCH,Unifi,function,4,100.0,Goal,Root/div/station/vendor/function,WCH_AUDIT/VND/JNU/Unifi/WCH,0,Yes
WCH_AUDIT,KEF,VND,station,2,0.1,Goal,Root/div/station,WCH_AUDIT/VND/KEF,1,No
WCH_AUDIT,Airport,KEF,vendor,3,100.0,Goal,Root/div/station/vendor,WCH_AUDIT/VND/KEF/Airport,1,No
WCH_AUDIT,WCH,Airport,function,4,100.0,Goal,Root/div/station/vendor/function,WCH_AUDIT/VND/KEF/Airport/WCH,0,Yes
WCH_AUDIT,KIN,VND,station,2,0.25,Goal,Root/div/station,WCH_AUDIT/VND/KIN,3,No
WCH_AUDIT,AJAS,KIN,vendor,3,39.36,Goal,Root/div/station/vendor,WCH_AUDIT/VND/KIN/AJAS,1,No
WCH_AUDIT,WCH,AJAS,function,4,100.0,Goal,Root/div/station/vendor/function,WCH_AUDIT/VND/KIN/AJAS/WCH,0,Yes
WCH_AUDIT,GCG GROUND SERVICES LLC,KIN,vendor,3,27.54,Goal,Root/div/station/vendor,WCH_AUDIT/VND/KIN/GCG GROUND SERVICES LLC,1,No
WCH_AUDIT,WCH,GCG GROUND SERVICES LLC,function,4,100.0,Goal,Root/div/station/vendor/function,WCH_AUDIT/VND/KIN/GCG GROUND SERVICES LLC/WCH,0,Yes
WCH_AUDIT,Menzies Aviation,KIN,vendor,3,33.1,Goal,Root/div/station/vendor,WCH_AUDIT/VND/KIN/Menzies Aviation,1,No
WCH_AUDIT,WCH,Menzies Aviation,function,4,100.0,Goal,Root/div/station/vendor/function,WCH_AUDIT/VND/KIN/Menzies Aviation/WCH,0,Yes
WCH_AUDIT,KIX,VND,station,2,0.34,Goal,Root/div/station,WCH_AUDIT/VND/KIX,1,No
WCH_AUDIT,CKTS,KIX,vendor,3,100.0,Goal,Root/div/station/vendor,WCH_AUDIT/VND/KIX/CKTS,1,No
WCH_AUDIT,WCH,CKTS,function,4,100.0,Goal,Root/div/station/vendor/function,WCH_AUDIT/VND/KIX/CKTS/WCH,0,Yes
WCH_AUDIT,KOA,VND,station,2,0.17,Goal,Root/div/station,WCH_AUDIT/VND/KOA,2,No
WCH_AUDIT,",null,",KOA,vendor,3,42.43,Goal,Root/div/station/vendor,"WCH_AUDIT/VND/KOA/,null,",1,No
WCH_AUDIT,WCH,",null,",function,4,100.0,Goal,Root/div/station/vendor/function,"WCH_AUDIT/VND/KOA/,null,/WCH",0,Yes
WCH_AUDIT,Unifi,KOA,vendor,3,57.57,Goal,Root/div/station/vendor,WCH_AUDIT/VND/KOA/Unifi,1,No
WCH_AUDIT,WCH,Unifi,function,4,100.0,Goal,Root/div/station/vendor/function,WCH_AUDIT/VND/KOA/Unifi/WCH,0,Yes
WCH_AUDIT,KTN,VND,station,2,0.2,Goal,Root/div/station,WCH_AUDIT/VND/KTN,1,No
WCH_AUDIT,Unifi,KTN,vendor,3,100.0,Goal,Root/div/station/vendor,WCH_AUDIT/VND/KTN/Unifi,1,No
WCH_AUDIT,WCH,Unifi,function,4,100.0,Goal,Root/div/station/vendor/function,WCH_AUDIT/VND/KTN/Unifi/WCH,0,Yes
WCH_AUDIT,LAN,VND,station,2,0.23,Goal,Root/div/station,WCH_AUDIT/VND/LAN,2,No
WCH_AUDIT,",null,",LAN,vendor,3,27.04,Goal,Root/div/station/vendor,"WCH_AUDIT/VND/LAN/,null,",1,No
WCH_AUDIT,WCH,",null,",function,4,100.0,Goal,Root/div/station/vendor/function,"WCH_AUDIT/VND/LAN/,null,/WCH",0,Yes
WCH_AUDIT,Unifi,LAN,vendor,3,72.96,Goal,Root/div/station/vendor,WCH_AUDIT/VND/LAN/Unifi,1,No
WCH_AUDIT,WCH,Unifi,function,4,100.0,Goal,Root/div/station/vendor/function,WCH_AUDIT/VND/LAN/Unifi/WCH,0,Yes
WCH_AUDIT,LAS,VND,station,2,0.03,Goal,Root/div/station,WCH_AUDIT/VND/LAS,4,No
WCH_AUDIT,",null,",LAS,vendor,3,40.29,Goal,Root/div/station/vendor,"WCH_AUDIT/VND/LAS/,null,",1,No
WCH_AUDIT,WCH,",null,",function,4,100.0,Goal,Root/div/station/vendor/function,"WCH_AUDIT/VND/LAS/,null,/WCH",0,Yes
WCH_AUDIT,Prospect,LAS,vendor,3,10.08,Goal,Root/div/station/vendor,WCH_AUDIT/VND/LAS/Prospect,1,No
WCH_AUDIT,WCH,Prospect,function,4,100.0,Goal,Root/div/station/vendor/function,WCH_AUDIT/VND/LAS/Prospect/WCH,0,Yes
WCH_AUDIT,S.A.S. SERVICES GROUP INC,LAS,vendor,3,34.81,Goal,Root/div/station/vendor,WCH_AUDIT/VND/LAS/S.A.S. SERVICES GROUP INC,1,No
WCH_AUDIT,WCH,S.A.S. SERVICES GROUP INC,function,4,100.0,Goal,Root/div/station/vendor/function,WCH_AUDIT/VND/LAS/S.A.S. SERVICES GROUP INC/WCH,0,Yes
WCH_AUDIT,Unifi,LAS,vendor,3,14.82,Goal,Root/div/station/vendor,WCH_AUDIT/VND/LAS/Unifi,1,No
WCH_AUDIT,WCH,Unifi,function,4,100.0,Goal,Root/div/station/vendor/function,WCH_AUDIT/VND/LAS/Unifi/WCH,0,Yes
WCH_AUDIT,LAX,VND,station,2,0.05,Goal,Root/div/station,WCH_AUDIT/VND/LAX,4,No
WCH_AUDIT,",null,",LAX,vendor,3,31.76,Goal,Root/div/station/vendor,"WCH_AUDIT/VND/LAX/,null,",1,No
WCH_AUDIT,WCH,",null,",function,4,100.0,Goal,Root/div/station/vendor/function,"WCH_AUDIT/VND/LAX/,null,/WCH",0,Yes
WCH_AUDIT,G2,LAX,vendor,3,39.99,Goal,Root/div/station/vendor,WCH_AUDIT/VND/LAX/G2,1,No
WCH_AUDIT,WCH,G2,function,4,100.0,Goal,Root/div/station/vendor/function,WCH_AUDIT/VND/LAX/G2/WCH,0,Yes
WCH_AUDIT,Menzies Aviation,LAX,vendor,3,5.56,Goal,Root/div/station/vendor,WCH_AUDIT/VND/LAX/Menzies Aviation,1,No
WCH_AUDIT,WCH,Menzies Aviation,function,4,100.0,Goal,Root/div/station/vendor/function,WCH_AUDIT/VND/LAX/Menzies Aviation/WCH,0,Yes
WCH_AUDIT,Unifi,LAX,vendor,3,22.69,Goal,Root/div/station/vendor,WCH_AUDIT/VND/LAX/Unifi,1,No
WCH_AUDIT,WCH,Unifi,function,4,100.0,Goal,Root/div/station/vendor/function,WCH_AUDIT/VND/LAX/Unifi/WCH,0,Yes
WCH_AUDIT,LEX,VND,station,2,0.2,Goal,Root/div/station,WCH_AUDIT/VND/LEX,2,No
WCH_AUDIT,",null,",LEX,vendor,3,19.9,Goal,Root/div/station/vendor,"WCH_AUDIT/VND/LEX/,null,",1,No
WCH_AUDIT,WCH,",null,",function,4,100.0,Goal,Root/div/station/vendor/function,"WCH_AUDIT/VND/LEX/,null,/WCH",0,Yes
WCH_AUDIT,ABM,LEX,vendor,3,80.1,Goal,Root/div/station/vendor,WCH_AUDIT/VND/LEX/ABM,1,No
WCH_AUDIT,WCH,ABM,function,4,100.0,Goal,Root/div/station/vendor/function,WCH_AUDIT/VND/LEX/ABM/WCH,0,Yes
WCH_AUDIT,LFT,VND,station,2,0.19,Goal,Root/div/station,WCH_AUDIT/VND/LFT,2,No
WCH_AUDIT,",null,",LFT,vendor,3,50.4,Goal,Root/div/station/vendor,"WCH_AUDIT/VND/LFT/,null,",1,No
WCH_AUDIT,WCH,",null,",function,4,100.0,Goal,Root/div/station/vendor/function,"WCH_AUDIT/VND/LFT/,null,/WCH",0,Yes
WCH_AUDIT,Unifi,LFT,vendor,3,49.6,Goal,Root/div/station/vendor,WCH_AUDIT/VND/LFT/Unifi,1,No
WCH_AUDIT,WCH,Unifi,function,4,100.0,Goal,Root/div/station/vendor/function,WCH_AUDIT/VND/LFT/Unifi/WCH,0,Yes
WCH_AUDIT,LGA,VND,station,2,0.15,Goal,Root/div/station,WCH_AUDIT/VND/LGA,4,No
WCH_AUDIT,",null,",LGA,vendor,3,0.61,Goal,Root/div/station/vendor,"WCH_AUDIT/VND/LGA/,null,",1,No
WCH_AUDIT,WCH,",null,",function,4,100.0,Goal,Root/div/station/vendor/function,"WCH_AUDIT/VND/LGA/,null,/WCH",0,Yes
WCH_AUDIT,"Aviation, Prosegur Services Group, Inc.",LGA,vendor,3,40.9,Goal,Root/div/station/vendor,"WCH_AUDIT/VND/LGA/Aviation, Prosegur Services Group, Inc.",1,No
WCH_AUDIT,WCH,"Aviation, Prosegur Services Group, Inc.",function,4,100.0,Goal,Root/div/station/vendor/function,"WCH_AUDIT/VND/LGA/Aviation, Prosegur Services Group, Inc./WCH",0,Yes
WCH_AUDIT,G2,LGA,vendor,3,30.41,Goal,Root/div/station/vendor,WCH_AUDIT/VND/LGA/G2,1,No
WCH_AUDIT,WCH,G2,function,4,100.0,Goal,Root/div/station/vendor/function,WCH_AUDIT/VND/LGA/G2/WCH,0,Yes
WCH_AUDIT,Menzies Aviation,LGA,vendor,3,28.08,Goal,Root/div/station/vendor,WCH_AUDIT/VND/LGA/Menzies Aviation,1,No
WCH_AUDIT,WCH,Menzies Aviation,function,4,100.0,Goal,Root/div/station/vendor/function,WCH_AUDIT/VND/LGA/Menzies Aviation/WCH,0,Yes
WCH_AUDIT,LGB,VND,station,2,0.0,Goal,Root/div/station,WCH_AUDIT/VND/LGB,2,No
WCH_AUDIT,",null,",LGB,vendor,3,3.69,Goal,Root/div/station/vendor,"WCH_AUDIT/VND/LGB/,null,",1,No
WCH_AUDIT,WCH,",null,",function,4,100.0,Goal,Root/div/station/vendor/function,"WCH_AUDIT/VND/LGB/,null,/WCH",0,Yes
WCH_AUDIT,Unifi,LGB,vendor,3,96.31,Goal,Root/div/station/vendor,WCH_AUDIT/VND/LGB/Unifi,1,No
WCH_AUDIT,WCH,Unifi,function,4,100.0,Goal,Root/div/station/vendor/function,WCH_AUDIT/VND/LGB/Unifi/WCH,0,Yes
WCH_AUDIT,LGW,VND,station,2,0.19,Goal,Root/div/station,WCH_AUDIT/VND/LGW,1,No
WCH_AUDIT,Airport,LGW,vendor,3,100.0,Goal,Root/div/station/vendor,WCH_AUDIT/VND/LGW/Airport,1,No
WCH_AUDIT,WCH,Airport,function,4,100.0,Goal,Root/div/station/vendor/function,WCH_AUDIT/VND/LGW/Airport/WCH,0,Yes
WCH_AUDIT,LHR,VND,station,2,0.12,Goal,Root/div/station,WCH_AUDIT/VND/LHR,1,No
WCH_AUDIT,Airport,LHR,vendor,3,100.0,Goal,Root/div/station/vendor,WCH_AUDIT/VND/LHR/Airport,1,No
WCH_AUDIT,WCH,Airport,function,4,100.0,Goal,Root/div/station/vendor/function,WCH_AUDIT/VND/LHR/Airport/WCH,0,Yes
WCH_AUDIT,LIH,VND,station,2,0.12,Goal,Root/div/station,WCH_AUDIT/VND/LIH,2,No
WCH_AUDIT,",null,",LIH,vendor,3,15.03,Goal,Root/div/station/vendor,"WCH_AUDIT/VND/LIH/,null,",1,No
WCH_AUDIT,WCH,",null,",function,4,100.0,Goal,Root/div/station/vendor/function,"WCH_AUDIT/VND/LIH/,null,/WCH",0,Yes
WCH_AUDIT,Unifi,LIH,vendor,3,84.97,Goal,Root/div/station/vendor,WCH_AUDIT/VND/LIH/Unifi,1,No
WCH_AUDIT,WCH,Unifi,function,4,100.0,Goal,Root/div/station/vendor/function,WCH_AUDIT/VND/LIH/Unifi/WCH,0,Yes
WCH_AUDIT,LIM,VND,station,2,0.24,Goal,Root/div/station,WCH_AUDIT/VND/LIM,1,No
WCH_AUDIT,Aviation Security,LIM,vendor,3,100.0,Goal,Root/div/station/vendor,WCH_AUDIT/VND/LIM/Aviation Security,1,No
WCH_AUDIT,WCH,Aviation Security,function,4,100.0,Goal,Root/div/station/vendor/function,WCH_AUDIT/VND/LIM/Aviation Security/WCH,0,Yes
WCH_AUDIT,LIR,VND,station,2,0.28,Goal,Root/div/station,WCH_AUDIT/VND/LIR,2,No
WCH_AUDIT,Aero Sphere A.S. Handling,LIR,vendor,3,34.01,Goal,Root/div/station/vendor,WCH_AUDIT/VND/LIR/Aero Sphere A.S. Handling,1,No
WCH_AUDIT,WCH,Aero Sphere A.S. Handling,function,4,100.0,Goal,Root/div/station/vendor/function,WCH_AUDIT/VND/LIR/Aero Sphere A.S. Handling/WCH,0,Yes
WCH_AUDIT,GCG GROUND SERVICES LLC,LIR,vendor,3,65.99,Goal,Root/div/station/vendor,WCH_AUDIT/VND/LIR/GCG GROUND SERVICES LLC,1,No
WCH_AUDIT,WCH,GCG GROUND SERVICES LLC,function,4,100.0,Goal,Root/div/station/vendor/function,WCH_AUDIT/VND/LIR/GCG GROUND SERVICES LLC/WCH,0,Yes
WCH_AUDIT,LIS,VND,station,2,0.38,Goal,Root/div/station,WCH_AUDIT/VND/LIS,1,No
WCH_AUDIT,Airport,LIS,vendor,3,100.0,Goal,Root/div/station/vendor,WCH_AUDIT/VND/LIS/Airport,1,No
WCH_AUDIT,WCH,Airport,function,4,100.0,Goal,Root/div/station/vendor/function,WCH_AUDIT/VND/LIS/Airport/WCH,0,Yes
WCH_AUDIT,LIT,VND,station,2,0.36,Goal,Root/div/station,WCH_AUDIT/VND/LIT,2,No
WCH_AUDIT,",null,",LIT,vendor,3,18.7,Goal,Root/div/station/vendor,"WCH_AUDIT/VND/LIT/,null,",1,No
WCH_AUDIT,WCH,",null,",function,4,100.0,Goal,Root/div/station/vendor/function,"WCH_AUDIT/VND/LIT/,null,/WCH",0,Yes
WCH_AUDIT,ABM,LIT,vendor,3,81.3,Goal,Root/div/station/vendor,WCH_AUDIT/VND/LIT/ABM,1,No
WCH_AUDIT,WCH,ABM,function,4,100.0,Goal,Root/div/station/vendor/function,WCH_AUDIT/VND/LIT/ABM/WCH,0,Yes
WCH_AUDIT,LNK,VND,station,2,0.12,Goal,Root/div/station,WCH_AUDIT/VND/LNK,1,No
WCH_AUDIT,Unifi,LNK,vendor,3,100.0,Goal,Root/div/station/vendor,WCH_AUDIT/VND/LNK/Unifi,1,No
WCH_AUDIT,WCH,Unifi,function,4,100.0,Goal,Root/div/station/vendor/function,WCH_AUDIT/VND/LNK/Unifi/WCH,0,Yes
WCH_AUDIT,LOS,VND,station,2,0.36,Goal,Root/div/station,WCH_AUDIT/VND/LOS,1,No
WCH_AUDIT,NAHCo,LOS,vendor,3,100.0,Goal,Root/div/station/vendor,WCH_AUDIT/VND/LOS/NAHCo,1,No
WCH_AUDIT,WCH,NAHCo,function,4,100.0,Goal,Root/div/station/vendor/function,WCH_AUDIT/VND/LOS/NAHCo/WCH,0,Yes
WCH_AUDIT,LSE,VND,station,2,0.06,Goal,Root/div/station,WCH_AUDIT/VND/LSE,1,No
WCH_AUDIT,Unifi,LSE,vendor,3,100.0,Goal,Root/div/station/vendor,WCH_AUDIT/VND/LSE/Unifi,1,No
WCH_AUDIT,WCH,Unifi,function,4,100.0,Goal,Root/div/station/vendor/function,WCH_AUDIT/VND/LSE/Unifi/WCH,0,Yes
WCH_AUDIT,LWS,VND,station,2,0.29,Goal,Root/div/station,WCH_AUDIT/VND/LWS,1,No
WCH_AUDIT,SkyWest,LWS,vendor,3,100.0,Goal,Root/div/station/vendor,WCH_AUDIT/VND/LWS/SkyWest,1,No
WCH_AUDIT,WCH,SkyWest,function,4,100.0,Goal,Root/div/station/vendor/function,WCH_AUDIT/VND/LWS/SkyWest/WCH,0,Yes
WCH_AUDIT,MAD,VND,station,2,0.33,Goal,Root/div/station,WCH_AUDIT/VND/MAD,1,No
WCH_AUDIT,Airport,MAD,vendor,3,100.0,Goal,Root/div/station/vendor,WCH_AUDIT/VND/MAD/Airport,1,No
WCH_AUDIT,WCH,Airport,function,4,100.0,Goal,Root/div/station/vendor/function,WCH_AUDIT/VND/MAD/Airport/WCH,0,Yes
WCH_AUDIT,MAF,VND,station,2,0.09,Goal,Root/div/station,WCH_AUDIT/VND/MAF,1,No
WCH_AUDIT,HHS Aviation,MAF,vendor,3,100.0,Goal,Root/div/station/vendor,WCH_AUDIT/VND/MAF/HHS Aviation,1,No
WCH_AUDIT,WCH,HHS Aviation,function,4,100.0,Goal,Root/div/station/vendor/function,WCH_AUDIT/VND/MAF/HHS Aviation/WCH,0,Yes
WCH_AUDIT,MBJ,VND,station,2,0.25,Goal,Root/div/station,WCH_AUDIT/VND/MBJ,3,No
WCH_AUDIT,AJAS,MBJ,vendor,3,0.09,Goal,Root/div/station/vendor,WCH_AUDIT/VND/MBJ/AJAS,2,No
WCH_AUDIT,Menzies,AJAS,function,4,51.46,Goal,Root/div/station/vendor/function,WCH_AUDIT/VND/MBJ/AJAS/Menzies,0,Yes
WCH_AUDIT,WCH,AJAS,function,4,48.54,Goal,Root/div/station/vendor/function,WCH_AUDIT/VND/MBJ/AJAS/WCH,0,Yes
WCH_AUDIT,Longport,MBJ,vendor,3,57.08,Goal,Root/div/station/vendor,WCH_AUDIT/VND/MBJ/Longport,1,No
WCH_AUDIT,WCH,Longport,function,4,100.0,Goal,Root/div/station/vendor/function,WCH_AUDIT/VND/MBJ/Longport/WCH,0,Yes
WCH_AUDIT,Menzies Aviation,MBJ,vendor,3,42.83,Goal,Root/div/station/vendor,WCH_AUDIT/VND/MBJ/Menzies Aviation,1,No
WCH_AUDIT,WCH,Menzies Aviation,function,4,100.0,Goal,Root/div/station/vendor/function,WCH_AUDIT/VND/MBJ/Menzies Aviation/WCH,0,Yes
WCH_AUDIT,MBS,VND,station,2,0.24,Goal,Root/div/station,WCH_AUDIT/VND/MBS,1,No
WCH_AUDIT,Unifi,MBS,vendor,3,100.0,Goal,Root/div/station/vendor,WCH_AUDIT/VND/MBS/Unifi,1,No
WCH_AUDIT,WCH,Unifi,function,4,100.0,Goal,Root/div/station/vendor/function,WCH_AUDIT/VND/MBS/Unifi/WCH,0,Yes
WCH_AUDIT,MCI,VND,station,2,0.29,Goal,Root/div/station,WCH_AUDIT/VND/MCI,2,No
WCH_AUDIT,",null,",MCI,vendor,3,45.91,Goal,Root/div/station/vendor,"WCH_AUDIT/VND/MCI/,null,",1,No
WCH_AUDIT,WCH,",null,",function,4,100.0,Goal,Root/div/station/vendor/function,"WCH_AUDIT/VND/MCI/,null,/WCH",0,Yes
WCH_AUDIT,HUNTLEIGH USA CORP,MCI,vendor,3,54.09,Goal,Root/div/station/vendor,WCH_AUDIT/VND/MCI/HUNTLEIGH USA CORP,1,No
WCH_AUDIT,WCH,HUNTLEIGH USA CORP,function,4,100.0,Goal,Root/div/station/vendor/function,WCH_AUDIT/VND/MCI/HUNTLEIGH USA CORP/WCH,0,Yes
WCH_AUDIT,MCO,VND,station,2,0.16,Goal,Root/div/station,WCH_AUDIT/VND/MCO,3,No
WCH_AUDIT,",null,",MCO,vendor,3,13.61,Goal,Root/div/station/vendor,"WCH_AUDIT/VND/MCO/,null,",1,No
WCH_AUDIT,WCH,",null,",function,4,100.0,Goal,Root/div/station/vendor/function,"WCH_AUDIT/VND/MCO/,null,/WCH",0,Yes
WCH_AUDIT,Prospect,MCO,vendor,3,52.53,Goal,Root/div/station/vendor,WCH_AUDIT/VND/MCO/Prospect,1,No
WCH_AUDIT,WCH,Prospect,function,4,100.0,Goal,Root/div/station/vendor/function,WCH_AUDIT/VND/MCO/Prospect/WCH,0,Yes
WCH_AUDIT,Unifi,MCO,vendor,3,33.86,Goal,Root/div/station/vendor,WCH_AUDIT/VND/MCO/Unifi,1,No
WCH_AUDIT,WCH,Unifi,function,4,100.0,Goal,Root/div/station/vendor/function,WCH_AUDIT/VND/MCO/Unifi/WCH,0,Yes
WCH_AUDIT,MDT,VND,station,2,0.32,Goal,Root/div/station,WCH_AUDIT/VND/MDT,2,No
WCH_AUDIT,",null,",MDT,vendor,3,5.41,Goal,Root/div/station/vendor,"WCH_AUDIT/VND/MDT/,null,",1,No
WCH_AUDIT,WCH,",null,",function,4,100.0,Goal,Root/div/station/vendor/function,"WCH_AUDIT/VND/MDT/,null,/WCH",0,Yes
WCH_AUDIT,Unifi,MDT,vendor,3,94.59,Goal,Root/div/station/vendor,WCH_AUDIT/VND/MDT/Unifi,1,No
WCH_AUDIT,WCH,Unifi,function,4,100.0,Goal,Root/div/station/vendor/function,WCH_AUDIT/VND/MDT/Unifi/WCH,0,Yes
WCH_AUDIT,MDW,VND,station,2,0.15,Goal,Root/div/station,WCH_AUDIT/VND/MDW,3,No
WCH_AUDIT,",null,",MDW,vendor,3,33.6,Goal,Root/div/station/vendor,"WCH_AUDIT/VND/MDW/,null,",1,No
WCH_AUDIT,WCH,",null,",function,4,100.0,Goal,Root/div/station/vendor/function,"WCH_AUDIT/VND/MDW/,null,/WCH",0,Yes
WCH_AUDIT,Prospect,MDW,vendor,3,52.9,Goal,Root/div/station/vendor,WCH_AUDIT/VND/MDW/Prospect,1,No
WCH_AUDIT,WCH,Prospect,function,4,100.0,Goal,Root/div/station/vendor/function,WCH_AUDIT/VND/MDW/Prospect/WCH,0,Yes
WCH_AUDIT,Unifi,MDW,vendor,3,13.5,Goal,Root/div/station/vendor,WCH_AUDIT/VND/MDW/Unifi,1,No
WCH_AUDIT,WCH,Unifi,function,4,100.0,Goal,Root/div/station/vendor/function,WCH_AUDIT/VND/MDW/Unifi/WCH,0,Yes
WCH_AUDIT,MEM,VND,station,2,0.1,Goal,Root/div/station,WCH_AUDIT/VND/MEM,2,No
WCH_AUDIT,",null,",MEM,vendor,3,52.14,Goal,Root/div/station/vendor,"WCH_AUDIT/VND/MEM/,null,",1,No
WCH_AUDIT,WCH,",null,",function,4,100.0,Goal,Root/div/station/vendor/function,"WCH_AUDIT/VND/MEM/,null,/WCH",0,Yes
WCH_AUDIT,Unifi,MEM,vendor,3,47.86,Goal,Root/div/station/vendor,WCH_AUDIT/VND/MEM/Unifi,1,No
WCH_AUDIT,WCH,Unifi,function,4,100.0,Goal,Root/div/station/vendor/function,WCH_AUDIT/VND/MEM/Unifi/WCH,0,Yes
WCH_AUDIT,MEX,VND,station,2,0.35,Goal,Root/div/station,WCH_AUDIT/VND/MEX,1,No
WCH_AUDIT,ORION SOPORTE Y SERVICIOS,MEX,vendor,3,100.0,Goal,Root/div/station/vendor,WCH_AUDIT/VND/MEX/ORION SOPORTE Y SERVICIOS,1,No
WCH_AUDIT,WCH,ORION SOPORTE Y SERVICIOS,function,4,100.0,Goal,Root/div/station/vendor/function,WCH_AUDIT/VND/MEX/ORION SOPORTE Y SERVICIOS/WCH,0,Yes
WCH_AUDIT,MFE,VND,station,2,0.26,Goal,Root/div/station,WCH_AUDIT/VND/MFE,2,No
WCH_AUDIT,",null,",MFE,vendor,3,56.91,Goal,Root/div/station/vendor,"WCH_AUDIT/VND/MFE/,null,",1,No
WCH_AUDIT,WCH,",null,",function,4,100.0,Goal,Root/div/station/vendor/function,"WCH_AUDIT/VND/MFE/,null,/WCH",0,Yes
WCH_AUDIT,PrimeFlight,MFE,vendor,3,43.09,Goal,Root/div/station/vendor,WCH_AUDIT/VND/MFE/PrimeFlight,1,No
WCH_AUDIT,WCH,PrimeFlight,function,4,100.0,Goal,Root/div/station/vendor/function,WCH_AUDIT/VND/MFE/PrimeFlight/WCH,0,Yes
WCH_AUDIT,MFR,VND,station,2,0.14,Goal,Root/div/station,WCH_AUDIT/VND/MFR,2,No
WCH_AUDIT,",null,",MFR,vendor,3,67.14,Goal,Root/div/station/vendor,"WCH_AUDIT/VND/MFR/,null,",1,No
WCH_AUDIT,WCH,",null,",function,4,100.0,Goal,Root/div/station/vendor/function,"WCH_AUDIT/VND/MFR/,null,/WCH",0,Yes
WCH_AUDIT,Unifi,MFR,vendor,3,32.86,Goal,Root/div/station/vendor,WCH_AUDIT/VND/MFR/Unifi,1,No
WCH_AUDIT,WCH,Unifi,function,4,100.0,Goal,Root/div/station/vendor/function,WCH_AUDIT/VND/MFR/Unifi/WCH,0,Yes
WCH_AUDIT,MGA,VND,station,2,0.22,Goal,Root/div/station,WCH_AUDIT/VND/MGA,1,No
WCH_AUDIT,EAAI,MGA,vendor,3,100.0,Goal,Root/div/station/vendor,WCH_AUDIT/VND/MGA/EAAI,1,No
WCH_AUDIT,WCH,EAAI,function,4,100.0,Goal,Root/div/station/vendor/function,WCH_AUDIT/VND/MGA/EAAI/WCH,0,Yes
WCH_AUDIT,MGM,VND,station,2,0.3,Goal,Root/div/station,WCH_AUDIT/VND/MGM,1,No
WCH_AUDIT,Unifi,MGM,vendor,3,100.0,Goal,Root/div/station/vendor,WCH_AUDIT/VND/MGM/Unifi,1,No
WCH_AUDIT,WCH,Unifi,function,4,100.0,Goal,Root/div/station/vendor/function,WCH_AUDIT/VND/MGM/Unifi/WCH,0,Yes
WCH_AUDIT,MHH,VND,station,2,0.27,Goal,Root/div/station,WCH_AUDIT/VND/MHH,2,No
WCH_AUDIT,Omega Aviation,MHH,vendor,3,20.04,Goal,Root/div/station/vendor,WCH_AUDIT/VND/MHH/Omega Aviation,1,No
WCH_AUDIT,WCH,Omega Aviation,function,4,100.0,Goal,Root/div/station/vendor/function,WCH_AUDIT/VND/MHH/Omega Aviation/WCH,0,Yes
WCH_AUDIT,Treasure,MHH,vendor,3,79.96,Goal,Root/div/station/vendor,WCH_AUDIT/VND/MHH/Treasure,1,No
WCH_AUDIT,WCH,Treasure,function,4,100.0,Goal,Root/div/station/vendor/function,WCH_AUDIT/VND/MHH/Treasure/WCH,0,Yes
WCH_AUDIT,MHT,VND,station,2,0.3,Goal,Root/div/station,WCH_AUDIT/VND/MHT,1,No
WCH_AUDIT,HUNTLEIGH USA CORP,MHT,vendor,3,100.0,Goal,Root/div/station/vendor,WCH_AUDIT/VND/MHT/HUNTLEIGH USA CORP,1,No
WCH_AUDIT,WCH,HUNTLEIGH USA CORP,function,4,100.0,Goal,Root/div/station/vendor/function,WCH_AUDIT/VND/MHT/HUNTLEIGH USA CORP/WCH,0,Yes
WCH_AUDIT,MIA,VND,station,2,0.34,Goal,Root/div/station,WCH_AUDIT/VND/MIA,2,No
WCH_AUDIT,",null,",MIA,vendor,3,89.37,Goal,Root/div/station/vendor,"WCH_AUDIT/VND/MIA/,null,",1,No
WCH_AUDIT,WCH,",null,",function,4,100.0,Goal,Root/div/station/vendor/function,"WCH_AUDIT/VND/MIA/,null,/WCH",0,Yes
WCH_AUDIT,Eulen,MIA,vendor,3,10.63,Goal,Root/div/station/vendor,WCH_AUDIT/VND/MIA/Eulen,1,No
WCH_AUDIT,WCH,Eulen,function,4,100.0,Goal,Root/div/station/vendor/function,WCH_AUDIT/VND/MIA/Eulen/WCH,0,Yes
WCH_AUDIT,MKE,VND,station,2,0.02,Goal,Root/div/station,WCH_AUDIT/VND/MKE,3,No
WCH_AUDIT,",null,",MKE,vendor,3,48.0,Goal,Root/div/station/vendor,"WCH_AUDIT/VND/MKE/,null,",1,No
WCH_AUDIT,WCH,",null,",function,4,100.0,Goal,Root/div/station/vendor/function,"WCH_AUDIT/VND/MKE/,null,/WCH",0,Yes
WCH_AUDIT,Prospect,MKE,vendor,3,47.03,Goal,Root/div/station/vendor,WCH_AUDIT/VND/MKE/Prospect,1,No
WCH_AUDIT,WCH,Prospect,function,4,100.0,Goal,Root/div/station/vendor/function,WCH_AUDIT/VND/MKE/Prospect/WCH,0,Yes
WCH_AUDIT,Unifi,MKE,vendor,3,4.97,Goal,Root/div/station/vendor,WCH_AUDIT/VND/MKE/Unifi,1,No
WCH_AUDIT,WCH,Unifi,function,4,100.0,Goal,Root/div/station/vendor/function,WCH_AUDIT/VND/MKE/Unifi/WCH,0,Yes
WCH_AUDIT,MLB,VND,station,2,0.33,Goal,Root/div/station,WCH_AUDIT/VND/MLB,2,No
WCH_AUDIT,",null,",MLB,vendor,3,43.58,Goal,Root/div/station/vendor,"WCH_AUDIT/VND/MLB/,null,",1,No
WCH_AUDIT,WCH,",null,",function,4,100.0,Goal,Root/div/station/vendor/function,"WCH_AUDIT/VND/MLB/,null,/WCH",0,Yes
WCH_AUDIT,CITY OF MELBOURNE,MLB,vendor,3,56.42,Goal,Root/div/station/vendor,WCH_AUDIT/VND/MLB/CITY OF MELBOURNE,1,No
WCH_AUDIT,WCH,CITY OF MELBOURNE,function,4,100.0,Goal,Root/div/station/vendor/function,WCH_AUDIT/VND/MLB/CITY OF MELBOURNE/WCH,0,Yes
WCH_AUDIT,MLI,VND,station,2,0.25,Goal,Root/div/station,WCH_AUDIT/VND/MLI,2,No
WCH_AUDIT,",null,",MLI,vendor,3,35.42,Goal,Root/div/station/vendor,"WCH_AUDIT/VND/MLI/,null,",1,No
WCH_AUDIT,WCH,",null,",function,4,100.0,Goal,Root/div/station/vendor/function,"WCH_AUDIT/VND/MLI/,null,/WCH",0,Yes
WCH_AUDIT,Unifi,MLI,vendor,3,64.58,Goal,Root/div/station/vendor,WCH_AUDIT/VND/MLI/Unifi,1,No
WCH_AUDIT,WCH,Unifi,function,4,100.0,Goal,Root/div/station/vendor/function,WCH_AUDIT/VND/MLI/Unifi/WCH,0,Yes
WCH_AUDIT,MLU,VND,station,2,0.37,Goal,Root/div/station,WCH_AUDIT/VND/MLU,1,No
WCH_AUDIT,Unifi,MLU,vendor,3,100.0,Goal,Root/div/station/vendor,WCH_AUDIT/VND/MLU/Unifi,1,No
WCH_AUDIT,WCH,Unifi,function,4,100.0,Goal,Root/div/station/vendor/function,WCH_AUDIT/VND/MLU/Unifi/WCH,0,Yes
WCH_AUDIT,MNL,VND,station,2,0.26,Goal,Root/div/station,WCH_AUDIT/VND/MNL,1,No
WCH_AUDIT,InterPacific,MNL,vendor,3,100.0,Goal,Root/div/station/vendor,WCH_AUDIT/VND/MNL/InterPacific,1,No
WCH_AUDIT,WCH,InterPacific,function,4,100.0,Goal,Root/div/station/vendor/function,WCH_AUDIT/VND/MNL/InterPacific/WCH,0,Yes
WCH_AUDIT,MOB,VND,station,2,0.08,Goal,Root/div/station,WCH_AUDIT/VND/MOB,1,No
WCH_AUDIT,GAT,MOB,vendor,3,100.0,Goal,Root/div/station/vendor,WCH_AUDIT/VND/MOB/GAT,1,No
WCH_AUDIT,WCH,GAT,function,4,100.0,Goal,Root/div/station/vendor/function,WCH_AUDIT/VND/MOB/GAT/WCH,0,Yes
WCH_AUDIT,MOT,VND,station,2,0.09,Goal,Root/div/station,WCH_AUDIT/VND/MOT,1,No
WCH_AUDIT,Unifi,MOT,vendor,3,100.0,Goal,Root/div/station/vendor,WCH_AUDIT/VND/MOT/Unifi,1,No
WCH_AUDIT,WCH,Unifi,function,4,100.0,Goal,Root/div/station/vendor/function,WCH_AUDIT/VND/MOT/Unifi/WCH,0,Yes
WCH_AUDIT,MQT,VND,station,2,0.02,Goal,Root/div/station,WCH_AUDIT/VND/MQT,2,No
WCH_AUDIT,",null,",MQT,vendor,3,13.58,Goal,Root/div/station/vendor,"WCH_AUDIT/VND/MQT/,null,",1,No
WCH_AUDIT,WCH,",null,",function,4,100.0,Goal,Root/div/station/vendor/function,"WCH_AUDIT/VND/MQT/,null,/WCH",0,Yes
WCH_AUDIT,SkyWest,MQT,vendor,3,86.42,Goal,Root/div/station/vendor,WCH_AUDIT/VND/MQT/SkyWest,1,No
WCH_AUDIT,WCH,SkyWest,function,4,100.0,Goal,Root/div/station/vendor/function,WCH_AUDIT/VND/MQT/SkyWest/WCH,0,Yes
WCH_AUDIT,MSN,VND,station,2,0.37,Goal,Root/div/station,WCH_AUDIT/VND/MSN,3,No
WCH_AUDIT,",null,",MSN,vendor,3,20.86,Goal,Root/div/station/vendor,"WCH_AUDIT/VND/MSN/,null,",1,No
WCH_AUDIT,WCH,",null,",function,4,100.0,Goal,Root/div/station/vendor/function,"WCH_AUDIT/VND/MSN/,null,/WCH",0,Yes
WCH_AUDIT,G2,MSN,vendor,3,36.92,Goal,Root/div/station/vendor,WCH_AUDIT/VND/MSN/G2,1,No
WCH_AUDIT,WCH,G2,function,4,100.0,Goal,Root/div/station/vendor/function,WCH_AUDIT/VND/MSN/G2/WCH,0,Yes
WCH_AUDIT,Menzies Aviation,MSN,vendor,3,42.22,Goal,Root/div/station/vendor,WCH_AUDIT/VND/MSN/Menzies Aviation,1,No
WCH_AUDIT,WCH,Menzies Aviation,function,4,100.0,Goal,Root/div/station/vendor/function,WCH_AUDIT/VND/MSN/Menzies Aviation/WCH,0,Yes
WCH_AUDIT,MSO,VND,station,2,0.38,Goal,Root/div/station,WCH_AUDIT/VND/MSO,2,No
WCH_AUDIT,",null,",MSO,vendor,3,20.49,Goal,Root/div/station/vendor,"WCH_AUDIT/VND/MSO/,null,",1,No
WCH_AUDIT,WCH,",null,",function,4,100.0,Goal,Root/div/station/vendor/function,"WCH_AUDIT/VND/MSO/,null,/WCH",0,Yes
WCH_AUDIT,Unifi,MSO,vendor,3,79.51,Goal,Root/div/station/vendor,WCH_AUDIT/VND/MSO/Unifi,1,No
WCH_AUDIT,WCH,Unifi,function,4,100.0,Goal,Root/div/station/vendor/function,WCH_AUDIT/VND/MSO/Unifi/WCH,0,Yes
WCH_AUDIT,MSP,VND,station,2,0.2,Goal,Root/div/station,WCH_AUDIT/VND/MSP,3,No
WCH_AUDIT,",null,",MSP,vendor,3,3.45,Goal,Root/div/station/vendor,"WCH_AUDIT/VND/MSP/,null,",1,No
WCH_AUDIT,WCH,",null,",function,4,100.0,Goal,Root/div/station/vendor/function,"WCH_AUDIT/VND/MSP/,null,/WCH",0,Yes
WCH_AUDIT,Prospect,MSP,vendor,3,52.89,Goal,Root/div/station/vendor,WCH_AUDIT/VND/MSP/Prospect,1,No
WCH_AUDIT,WCH,Prospect,function,4,100.0,Goal,Root/div/station/vendor/function,WCH_AUDIT/VND/MSP/Prospect/WCH,0,Yes
WCH_AUDIT,Unifi,MSP,vendor,3,43.66,Goal,Root/div/station/vendor,WCH_AUDIT/VND/MSP/Unifi,1,No
WCH_AUDIT,WCH,Unifi,function,4,100.0,Goal,Root/div/station/vendor/function,WCH_AUDIT/VND/MSP/Unifi/WCH,0,Yes
WCH_AUDIT,MSY,VND,station,2,0.17,Goal,Root/div/station,WCH_AUDIT/VND/MSY,2,No
WCH_AUDIT,",null,",MSY,vendor,3,90.57,Goal,Root/div/station/vendor,"WCH_AUDIT/VND/MSY/,null,",1,No
WCH_AUDIT,WCH,",null,",function,4,100.0,Goal,Root/div/station/vendor/function,"WCH_AUDIT/VND/MSY/,null,/WCH",0,Yes
WCH_AUDIT,GAT,MSY,vendor,3,9.43,Goal,Root/div/station/vendor,WCH_AUDIT/VND/MSY/GAT,1,No
WCH_AUDIT,WCH,GAT,function,4,100.0,Goal,Root/div/station/vendor/function,WCH_AUDIT/VND/MSY/GAT/WCH,0,Yes
WCH_AUDIT,MTJ,VND,station,2,0.28,Goal,Root/div/station,WCH_AUDIT/VND/MTJ,3,No
WCH_AUDIT,G2,MTJ,vendor,3,44.33,Goal,Root/div/station/vendor,WCH_AUDIT/VND/MTJ/G2,1,No
WCH_AUDIT,WCH,G2,function,4,100.0,Goal,Root/div/station/vendor/function,WCH_AUDIT/VND/MTJ/G2/WCH,0,Yes
WCH_AUDIT,Menzies Aviation,MTJ,vendor,3,13.45,Goal,Root/div/station/vendor,WCH_AUDIT/VND/MTJ/Menzies Aviation,1,No
WCH_AUDIT,WCH,Menzies Aviation,function,4,100.0,Goal,Root/div/station/vendor/function,WCH_AUDIT/VND/MTJ/Menzies Aviation/WCH,0,Yes
WCH_AUDIT,SkyWest,MTJ,vendor,3,42.22,Goal,Root/div/station/vendor,WCH_AUDIT/VND/MTJ/SkyWest,1,No
WCH_AUDIT,WCH,SkyWest,function,4,100.0,Goal,Root/div/station/vendor/function,WCH_AUDIT/VND/MTJ/SkyWest/WCH,0,Yes
WCH_AUDIT,MTY,VND,station,2,0.01,Goal,Root/div/station,WCH_AUDIT/VND/MTY,1,No
WCH_AUDIT,GDL GROUND HANDLING SADE CV,MTY,vendor,3,100.0,Goal,Root/div/station/vendor,WCH_AUDIT/VND/MTY/GDL GROUND HANDLING SADE CV,1,No
WCH_AUDIT,WCH,GDL GROUND HANDLING SADE CV,function,4,100.0,Goal,Root/div/station/vendor/function,WCH_AUDIT/VND/MTY/GDL GROUND HANDLING SADE CV/WCH,0,Yes
WCH_AUDIT,MUC,VND,station,2,0.16,Goal,Root/div/station,WCH_AUDIT/VND/MUC,1,No
WCH_AUDIT,Airport,MUC,vendor,3,100.0,Goal,Root/div/station/vendor,WCH_AUDIT/VND/MUC/Airport,1,No
WCH_AUDIT,WCH,Airport,function,4,100.0,Goal,Root/div/station/vendor/function,WCH_AUDIT/VND/MUC/Airport/WCH,0,Yes
WCH_AUDIT,MVY,VND,station,2,0.23,Goal,Root/div/station,WCH_AUDIT/VND/MVY,1,No
WCH_AUDIT,Unifi,MVY,vendor,3,100.0,Goal,Root/div/station/vendor,WCH_AUDIT/VND/MVY/Unifi,1,No
WCH_AUDIT,WCH,Unifi,function,4,100.0,Goal,Root/div/station/vendor/function,WCH_AUDIT/VND/MVY/Unifi/WCH,0,Yes
WCH_AUDIT,MXP,VND,station,2,0.31,Goal,Root/div/station,WCH_AUDIT/VND/MXP,1,No
WCH_AUDIT,Airport,MXP,vendor,3,100.0,Goal,Root/div/station/vendor,WCH_AUDIT/VND/MXP/Airport,1,No
WCH_AUDIT,WCH,Airport,function,4,100.0,Goal,Root/div/station/vendor/function,WCH_AUDIT/VND/MXP/Airport/WCH,0,Yes
WCH_AUDIT,MYR,VND,station,2,0.18,Goal,Root/div/station,WCH_AUDIT/VND/MYR,2,No
WCH_AUDIT,",null,",MYR,vendor,3,65.01,Goal,Root/div/station/vendor,"WCH_AUDIT/VND/MYR/,null,",1,No
WCH_AUDIT,WCH,",null,",function,4,100.0,Goal,Root/div/station/vendor/function,"WCH_AUDIT/VND/MYR/,null,/WCH",0,Yes
WCH_AUDIT,"SUPERIOR AIRCRAFT SERVICES, INC.",MYR,vendor,3,34.99,Goal,Root/div/station/vendor,"WCH_AUDIT/VND/MYR/SUPERIOR AIRCRAFT SERVICES, INC.",1,No
WCH_AUDIT,WCH,"SUPERIOR AIRCRAFT SERVICES, INC.",function,4,100.0,Goal,Root/div/station/vendor/function,"WCH_AUDIT/VND/MYR/SUPERIOR AIRCRAFT SERVICES, INC./WCH",0,Yes
WCH_AUDIT,MZT,VND,station,2,0.18,Goal,Root/div/station,WCH_AUDIT/VND/MZT,1,No
WCH_AUDIT,GDL GROUND HANDLING SA DE CV,MZT,vendor,3,100.0,Goal,Root/div/station/vendor,WCH_AUDIT/VND/MZT/GDL GROUND HANDLING SA DE CV,1,No
WCH_AUDIT,WCH,GDL GROUND HANDLING SA DE CV,function,4,100.0,Goal,Root/div/station/vendor/function,WCH_AUDIT/VND/MZT/GDL GROUND HANDLING SA DE CV/WCH,0,Yes
WCH_AUDIT,NAP,VND,station,2,0.27,Goal,Root/div/station,WCH_AUDIT/VND/NAP,1,No
WCH_AUDIT,Airport,NAP,vendor,3,100.0,Goal,Root/div/station/vendor,WCH_AUDIT/VND/NAP/Airport,1,No
WCH_AUDIT,WCH,Airport,function,4,100.0,Goal,Root/div/station/vendor/function,WCH_AUDIT/VND/NAP/Airport/WCH,0,Yes
WCH_AUDIT,NAS,VND,station,2,0.36,Goal,Root/div/station,WCH_AUDIT/VND/NAS,1,No
WCH_AUDIT,More Security Bahamas,NAS,vendor,3,100.0,Goal,Root/div/station/vendor,WCH_AUDIT/VND/NAS/More Security Bahamas,1,No
WCH_AUDIT,WCH,More Security Bahamas,function,4,100.0,Goal,Root/div/station/vendor/function,WCH_AUDIT/VND/NAS/More Security Bahamas/WCH,0,Yes
WCH_AUDIT,NCE,VND,station,2,0.06,Goal,Root/div/station,WCH_AUDIT/VND/NCE,1,No
WCH_AUDIT,Airport,NCE,vendor,3,100.0,Goal,Root/div/station/vendor,WCH_AUDIT/VND/NCE/Airport,1,No
WCH_AUDIT,WCH,Airport,function,4,100.0,Goal,Root/div/station/vendor/function,WCH_AUDIT/VND/NCE/Airport/WCH,0,Yes
WCH_AUDIT,NGO,VND,station,2,0.3,Goal,Root/div/station,WCH_AUDIT/VND/NGO,1,No
WCH_AUDIT,Swissport,NGO,vendor,3,100.0,Goal,Root/div/station/vendor,WCH_AUDIT/VND/NGO/Swissport,1,No
WCH_AUDIT,WCH,Swissport,function,4,100.0,Goal,Root/div/station/vendor/function,WCH_AUDIT/VND/NGO/Swissport/WCH,0,Yes
WCH_AUDIT,NRT,VND,station,2,0.25,Goal,Root/div/station,WCH_AUDIT/VND/NRT,1,No
WCH_AUDIT,FMG,NRT,vendor,3,100.0,Goal,Root/div/station/vendor,WCH_AUDIT/VND/NRT/FMG,1,No
WCH_AUDIT,WCH,FMG,function,4,100.0,Goal,Root/div/station/vendor/function,WCH_AUDIT/VND/NRT/FMG/WCH,0,Yes
WCH_AUDIT,OAJ,VND,station,2,0.12,Goal,Root/div/station,WCH_AUDIT/VND/OAJ,1,No
WCH_AUDIT,Unifi,OAJ,vendor,3,100.0,Goal,Root/div/station/vendor,WCH_AUDIT/VND/OAJ/Unifi,1,No
WCH_AUDIT,WCH,Unifi,function,4,100.0,Goal,Root/div/station/vendor/function,WCH_AUDIT/VND/OAJ/Unifi/WCH,0,Yes
WCH_AUDIT,OAK,VND,station,2,0.03,Goal,Root/div/station,WCH_AUDIT/VND/OAK,1,No
WCH_AUDIT,Unifi,OAK,vendor,3,100.0,Goal,Root/div/station/vendor,WCH_AUDIT/VND/OAK/Unifi,1,No
WCH_AUDIT,WCH,Unifi,function,4,100.0,Goal,Root/div/station/vendor/function,WCH_AUDIT/VND/OAK/Unifi/WCH,0,Yes
WCH_AUDIT,OGG,VND,station,2,0.35,Goal,Root/div/station,WCH_AUDIT/VND/OGG,2,No
WCH_AUDIT,",null,",OGG,vendor,3,52.67,Goal,Root/div/station/vendor,"WCH_AUDIT/VND/OGG/,null,",1,No
WCH_AUDIT,WCH,",null,",function,4,100.0,Goal,Root/div/station/vendor/function,"WCH_AUDIT/VND/OGG/,null,/WCH",0,Yes
WCH_AUDIT,Unifi,OGG,vendor,3,47.33,Goal,Root/div/station/vendor,WCH_AUDIT/VND/OGG/Unifi,1,No
WCH_AUDIT,WCH,Unifi,function,4,100.0,Goal,Root/div/station/vendor/function,WCH_AUDIT/VND/OGG/Unifi/WCH,0,Yes
WCH_AUDIT,OKC,VND,station,2,0.03,Goal,Root/div/station,WCH_AUDIT/VND/OKC,3,No
WCH_AUDIT,",null,",OKC,vendor,3,23.73,Goal,Root/div/station/vendor,"WCH_AUDIT/VND/OKC/,null,",1,No
WCH_AUDIT,WCH,",null,",function,4,100.0,Goal,Root/div/station/vendor/function,"WCH_AUDIT/VND/OKC/,null,/WCH",0,Yes
WCH_AUDIT,HUNTLEIGH USA CORP,OKC,vendor,3,37.28,Goal,Root/div/station/vendor,WCH_AUDIT/VND/OKC/HUNTLEIGH USA CORP,1,No
WCH_AUDIT,WCH,HUNTLEIGH USA CORP,function,4,100.0,Goal,Root/div/station/vendor/function,WCH_AUDIT/VND/OKC/HUNTLEIGH USA CORP/WCH,0,Yes
WCH_AUDIT,US Aviation,OKC,vendor,3,38.99,Goal,Root/div/station/vendor,WCH_AUDIT/VND/OKC/US Aviation,1,No
WCH_AUDIT,WCH,US Aviation,function,4,100.0,Goal,Root/div/station/vendor/function,WCH_AUDIT/VND/OKC/US Aviation/WCH,0,Yes
WCH_AUDIT,OMA,VND,station,2,0.27,Goal,Root/div/station,WCH_AUDIT/VND/OMA,2,No
WCH_AUDIT,",null,",OMA,vendor,3,76.29,Goal,Root/div/station/vendor,"WCH_AUDIT/VND/OMA/,null,",1,No
WCH_AUDIT,WCH,",null,",function,4,100.0,Goal,Root/div/station/vendor/function,"WCH_AUDIT/VND/OMA/,null,/WCH",0,Yes
WCH_AUDIT,PrimeFlight,OMA,vendor,3,23.71,Goal,Root/div/station/vendor,WCH_AUDIT/VND/OMA/PrimeFlight,1,No
WCH_AUDIT,WCH,PrimeFlight,function,4,100.0,Goal,Root/div/station/vendor/function,WCH_AUDIT/VND/OMA/PrimeFlight/WCH,0,Yes
WCH_AUDIT,ONT,VND,station,2,0.26,Goal,Root/div/station,WCH_AUDIT/VND/ONT,3,No
WCH_AUDIT,",null,",ONT,vendor,3,52.64,Goal,Root/div/station/vendor,"WCH_AUDIT/VND/ONT/,null,",1,No
WCH_AUDIT,WCH,",null,",function,4,100.0,Goal,Root/div/station/vendor/function,"WCH_AUDIT/VND/ONT/,null,/WCH",0,Yes
WCH_AUDIT,SIERRA AVIATION GROUP - ONT,ONT,vendor,3,41.34,Goal,Root/div/station/vendor,WCH_AUDIT/VND/ONT/SIERRA AVIATION GROUP - ONT,1,No
WCH_AUDIT,WCH,SIERRA AVIATION GROUP - ONT,function,4,100.0,Goal,Root/div/station/vendor/function,WCH_AUDIT/VND/ONT/SIERRA AVIATION GROUP - ONT/WCH,0,Yes
WCH_AUDIT,US Aviation,ONT,vendor,3,6.0200000000000005,Goal,Root/div/station/vendor,WCH_AUDIT/VND/ONT/US Aviation,1,No
WCH_AUDIT,WCH,US Aviation,function,4,100.0,Goal,Root/div/station/vendor/function,WCH_AUDIT/VND/ONT/US Aviation/WCH,0,Yes
WCH_AUDIT,OPO,VND,station,2,0.24,Goal,Root/div/station,WCH_AUDIT/VND/OPO,1,No
WCH_AUDIT,Airport Authority,OPO,vendor,3,100.0,Goal,Root/div/station/vendor,WCH_AUDIT/VND/OPO/Airport Authority,1,No
WCH_AUDIT,WCH,Airport Authority,function,4,100.0,Goal,Root/div/station/vendor/function,WCH_AUDIT/VND/OPO/Airport Authority/WCH,0,Yes
WCH_AUDIT,ORD,VND,station,2,0.25,Goal,Root/div/station,WCH_AUDIT/VND/ORD,3,No
WCH_AUDIT,",null,",ORD,vendor,3,6.41,Goal,Root/div/station/vendor,"WCH_AUDIT/VND/ORD/,null,",1,No
WCH_AUDIT,WCH,",null,",function,4,100.0,Goal,Root/div/station/vendor/function,"WCH_AUDIT/VND/ORD/,null,/WCH",0,Yes
WCH_AUDIT,Prospect,ORD,vendor,3,39.89,Goal,Root/div/station/vendor,WCH_AUDIT/VND/ORD/Prospect,1,No
WCH_AUDIT,WCH,Prospect,function,4,100.0,Goal,Root/div/station/vendor/function,WCH_AUDIT/VND/ORD/Prospect/WCH,0,Yes
WCH_AUDIT,Unifi,ORD,vendor,3,53.699999999999996,Goal,Root/div/station/vendor,WCH_AUDIT/VND/ORD/Unifi,1,No
WCH_AUDIT,WCH,Unifi,function,4,100.0,Goal,Root/div/station/vendor/function,WCH_AUDIT/VND/ORD/Unifi/WCH,0,Yes
WCH_AUDIT,ORF,VND,station,2,0.09,Goal,Root/div/station,WCH_AUDIT/VND/ORF,2,No
WCH_AUDIT,",null,",ORF,vendor,3,52.89,Goal,Root/div/station/vendor,"WCH_AUDIT/VND/ORF/,null,",1,No
WCH_AUDIT,WCH,",null,",function,4,100.0,Goal,Root/div/station/vendor/function,"WCH_AUDIT/VND/ORF/,null,/WCH",0,Yes
WCH_AUDIT,HUNTLEIGH USA CORP,ORF,vendor,3,47.11,Goal,Root/div/station/vendor,WCH_AUDIT/VND/ORF/HUNTLEIGH USA CORP,1,No
WCH_AUDIT,WCH,HUNTLEIGH USA CORP,function,4,100.0,Goal,Root/div/station/vendor/function,WCH_AUDIT/VND/ORF/HUNTLEIGH USA CORP/WCH,0,Yes
WCH_AUDIT,ORH,VND,station,2,0.08,Goal,Root/div/station,WCH_AUDIT/VND/ORH,2,No
WCH_AUDIT,G2,ORH,vendor,3,22.52,Goal,Root/div/station/vendor,WCH_AUDIT/VND/ORH/G2,1,No
WCH_AUDIT,WCH,G2,function,4,100.0,Goal,Root/div/station/vendor/function,WCH_AUDIT/VND/ORH/G2/WCH,0,Yes
WCH_AUDIT,Menzies Aviation,ORH,vendor,3,77.48,Goal,Root/div/station/vendor,WCH_AUDIT/VND/ORH/Menzies Aviation,1,No
WCH_AUDIT,WCH,Menzies Aviation,function,4,100.0,Goal,Root/div/station/vendor/function,WCH_AUDIT/VND/ORH/Menzies Aviation/WCH,0,Yes
WCH_AUDIT,PAP,VND,station,2,0.29,Goal,Root/div/station,WCH_AUDIT/VND/PAP,1,No
WCH_AUDIT,Hammaserco,PAP,vendor,3,100.0,Goal,Root/div/station/vendor,WCH_AUDIT/VND/PAP/Hammaserco,1,No
WCH_AUDIT,WCH,Hammaserco,function,4,100.0,Goal,Root/div/station/vendor/function,WCH_AUDIT/VND/PAP/Hammaserco/WCH,0,Yes
WCH_AUDIT,PBI,VND,station,2,0.05,Goal,Root/div/station,WCH_AUDIT/VND/PBI,3,No
WCH_AUDIT,",null,",PBI,vendor,3,41.23,Goal,Root/div/station/vendor,"WCH_AUDIT/VND/PBI/,null,",1,No
WCH_AUDIT,WCH,",null,",function,4,100.0,Goal,Root/div/station/vendor/function,"WCH_AUDIT/VND/PBI/,null,/WCH",0,Yes
WCH_AUDIT,BAGGAGE AIRLINE GUEST SERVICES,PBI,vendor,3,17.4,Goal,Root/div/station/vendor,WCH_AUDIT/VND/PBI/BAGGAGE AIRLINE GUEST SERVICES,1,No
WCH_AUDIT,WCH,BAGGAGE AIRLINE GUEST SERVICES,function,4,100.0,Goal,Root/div/station/vendor/function,WCH_AUDIT/VND/PBI/BAGGAGE AIRLINE GUEST SERVICES/WCH,0,Yes
WCH_AUDIT,Eulen,PBI,vendor,3,41.37,Goal,Root/div/station/vendor,WCH_AUDIT/VND/PBI/Eulen,1,No
WCH_AUDIT,WCH,Eulen,function,4,100.0,Goal,Root/div/station/vendor/function,WCH_AUDIT/VND/PBI/Eulen/WCH,0,Yes
WCH_AUDIT,PDL,VND,station,2,0.33,Goal,Root/div/station,WCH_AUDIT/VND/PDL,1,No
WCH_AUDIT,Airport,PDL,vendor,3,100.0,Goal,Root/div/station/vendor,WCH_AUDIT/VND/PDL/Airport,1,No
WCH_AUDIT,WCH,Airport,function,4,100.0,Goal,Root/div/station/vendor/function,WCH_AUDIT/VND/PDL/Airport/WCH,0,Yes
WCH_AUDIT,PDX,VND,station,2,0.05,Goal,Root/div/station,WCH_AUDIT/VND/PDX,4,No
WCH_AUDIT,",null,",PDX,vendor,3,39.26,Goal,Root/div/station/vendor,"WCH_AUDIT/VND/PDX/,null,",1,No
WCH_AUDIT,WCH,",null,",function,4,100.0,Goal,Root/div/station/vendor/function,"WCH_AUDIT/VND/PDX/,null,/WCH",0,Yes
WCH_AUDIT,G2,PDX,vendor,3,13.45,Goal,Root/div/station/vendor,WCH_AUDIT/VND/PDX/G2,1,No
WCH_AUDIT,WCH,G2,function,4,100.0,Goal,Root/div/station/vendor/function,WCH_AUDIT/VND/PDX/G2/WCH,0,Yes
WCH_AUDIT,HUNTLEIGH USA CORP,PDX,vendor,3,7.13,Goal,Root/div/station/vendor,WCH_AUDIT/VND/PDX/HUNTLEIGH USA CORP,1,No
WCH_AUDIT,WCH,HUNTLEIGH USA CORP,function,4,100.0,Goal,Root/div/station/vendor/function,WCH_AUDIT/VND/PDX/HUNTLEIGH USA CORP/WCH,0,Yes
WCH_AUDIT,Menzies Aviation,PDX,vendor,3,40.16,Goal,Root/div/station/vendor,WCH_AUDIT/VND/PDX/Menzies Aviation,1,No
WCH_AUDIT,WCH,Menzies Aviation,function,4,100.0,Goal,Root/div/station/vendor/function,WCH_AUDIT/VND/PDX/Menzies Aviation/WCH,0,Yes
WCH_AUDIT,PEK,VND,station,2,0.34,Goal,Root/div/station,WCH_AUDIT/VND/PEK,1,No
WCH_AUDIT,BGS,PEK,vendor,3,100.0,Goal,Root/div/station/vendor,WCH_AUDIT/VND/PEK/BGS,1,No
WCH_AUDIT,WCH,BGS,function,4,100.0,Goal,Root/div/station/vendor/function,WCH_AUDIT/VND/PEK/BGS/WCH,0,Yes
WCH_AUDIT,PHF,VND,station,2,0.22,Goal,Root/div/station,WCH_AUDIT/VND/PHF,1,No
WCH_AUDIT,Unifi,PHF,vendor,3,100.0,Goal,Root/div/station/vendor,WCH_AUDIT/VND/PHF/Unifi,1,No
WCH_AUDIT,WCH,Unifi,function,4,100.0,Goal,Root/div/station/vendor/function,WCH_AUDIT/VND/PHF/Unifi/WCH,0,Yes
WCH_AUDIT,PHL,VND,station,2,0.03,Goal,Root/div/station,WCH_AUDIT/VND/PHL,4,No
WCH_AUDIT,",null,",PHL,vendor,3,19.3,Goal,Root/div/station/vendor,"WCH_AUDIT/VND/PHL/,null,",1,No
WCH_AUDIT,WCH,",null,",function,4,100.0,Goal,Root/div/station/vendor/function,"WCH_AUDIT/VND/PHL/,null,/WCH",0,Yes
WCH_AUDIT,PrimeFlight,PHL,vendor,3,37.07,Goal,Root/div/station/vendor,WCH_AUDIT/VND/PHL/PrimeFlight,1,No
WCH_AUDIT,WCH,PrimeFlight,function,4,100.0,Goal,Root/div/station/vendor/function,WCH_AUDIT/VND/PHL/PrimeFlight/WCH,0,Yes
WCH_AUDIT,Unifi,PHL,vendor,3,18.71,Goal,Root/div/station/vendor,WCH_AUDIT/VND/PHL/Unifi,1,No
WCH_AUDIT,WCH,Unifi,function,4,100.0,Goal,Root/div/station/vendor/function,WCH_AUDIT/VND/PHL/Unifi/WCH,0,Yes
WCH_AUDIT,US Aviation,PHL,vendor,3,24.92,Goal,Root/div/station/vendor,WCH_AUDIT/VND/PHL/US Aviation,1,No
WCH_AUDIT,WCH,US Aviation,function,4,100.0,Goal,Root/div/station/vendor/function,WCH_AUDIT/VND/PHL/US Aviation/WCH,0,Yes
WCH_AUDIT,PHX,VND,station,2,0.34,Goal,Root/div/station,WCH_AUDIT/VND/PHX,4,No
WCH_AUDIT,",null,",PHX,vendor,3,9.17,Goal,Root/div/station/vendor,"WCH_AUDIT/VND/PHX/,null,",1,No
WCH_AUDIT,WCH,",null,",function,4,100.0,Goal,Root/div/station/vendor/function,"WCH_AUDIT/VND/PHX/,null,/WCH",0,Yes
WCH_AUDIT,ABM,PHX,vendor,3,23.62,Goal,Root/div/station/vendor,WCH_AUDIT/VND/PHX/ABM,1,No
WCH_AUDIT,WCH,ABM,function,4,100.0,Goal,Root/div/station/vendor/function,WCH_AUDIT/VND/PHX/ABM/WCH,0,Yes
WCH_AUDIT,Prospect,PHX,vendor,3,39.85,Goal,Root/div/station/vendor,WCH_AUDIT/VND/PHX/Prospect,1,No
WCH_AUDIT,WCH,Prospect,function,4,100.0,Goal,Root/div/station/vendor/function,WCH_AUDIT/VND/PHX/Prospect/WCH,0,Yes
WCH_AUDIT,Unifi,PHX,vendor,3,27.36,Goal,Root/div/station/vendor,WCH_AUDIT/VND/PHX/Unifi,1,No
WCH_AUDIT,WCH,Unifi,function,4,100.0,Goal,Root/div/station/vendor/function,WCH_AUDIT/VND/PHX/Unifi/WCH,0,Yes
WCH_AUDIT,PIA,VND,station,2,0.21,Goal,Root/div/station,WCH_AUDIT/VND/PIA,1,No
WCH_AUDIT,Unifi,PIA,vendor,3,100.0,Goal,Root/div/station/vendor,WCH_AUDIT/VND/PIA/Unifi,1,No
WCH_AUDIT,WCH,Unifi,function,4,100.0,Goal,Root/div/station/vendor/function,WCH_AUDIT/VND/PIA/Unifi/WCH,0,Yes
WCH_AUDIT,PIH,VND,station,2,0.38,Goal,Root/div/station,WCH_AUDIT/VND/PIH,1,No
WCH_AUDIT,SkyWest,PIH,vendor,3,100.0,Goal,Root/div/station/vendor,WCH_AUDIT/VND/PIH/SkyWest,1,No
WCH_AUDIT,WCH,SkyWest,function,4,100.0,Goal,Root/div/station/vendor/function,WCH_AUDIT/VND/PIH/SkyWest/WCH,0,Yes
WCH_AUDIT,PIT,VND,station,2,0.39,Goal,Root/div/station,WCH_AUDIT/VND/PIT,3,No
WCH_AUDIT,",null,",PIT,vendor,3,5.73,Goal,Root/div/station/vendor,"WCH_AUDIT/VND/PIT/,null,",1,No
WCH_AUDIT,WCH,",null,",function,4,100.0,Goal,Root/div/station/vendor/function,"WCH_AUDIT/VND/PIT/,null,/WCH",0,Yes
WCH_AUDIT,"Aviation, Prosegur Services Group, Inc.",PIT,vendor,3,51.23,Goal,Root/div/station/vendor,"WCH_AUDIT/VND/PIT/Aviation, Prosegur Services Group, Inc.",1,No
WCH_AUDIT,WCH,"Aviation, Prosegur Services Group, Inc.",function,4,100.0,Goal,Root/div/station/vendor/function,"WCH_AUDIT/VND/PIT/Aviation, Prosegur Services Group, Inc./WCH",0,Yes
WCH_AUDIT,"Bags, Inc.",PIT,vendor,3,43.04,Goal,Root/div/station/vendor,"WCH_AUDIT/VND/PIT/Bags, Inc.",1,No
WCH_AUDIT,WCH,"Bags, Inc.",function,4,100.0,Goal,Root/div/station/vendor/function,"WCH_AUDIT/VND/PIT/Bags, Inc./WCH",0,Yes
WCH_AUDIT,PLN,VND,station,2,0.01,Goal,Root/div/station,WCH_AUDIT/VND/PLN,1,No
WCH_AUDIT,Unifi,PLN,vendor,3,100.0,Goal,Root/div/station/vendor,WCH_AUDIT/VND/PLN/Unifi,1,No
WCH_AUDIT,WCH,Unifi,function,4,100.0,Goal,Root/div/station/vendor/function,WCH_AUDIT/VND/PLN/Unifi/WCH,0,Yes
WCH_AUDIT,PLS,VND,station,2,0.16,Goal,Root/div/station,WCH_AUDIT/VND/PLS,1,No
WCH_AUDIT,FlightSupport,PLS,vendor,3,100.0,Goal,Root/div/station/vendor,WCH_AUDIT/VND/PLS/FlightSupport,1,No
WCH_AUDIT,WCH,FlightSupport,function,4,100.0,Goal,Root/div/station/vendor/function,WCH_AUDIT/VND/PLS/FlightSupport/WCH,0,Yes
WCH_AUDIT,PNS,VND,station,2,0.01,Goal,Root/div/station,WCH_AUDIT/VND/PNS,2,No
WCH_AUDIT,",null,",PNS,vendor,3,35.81,Goal,Root/div/station/vendor,"WCH_AUDIT/VND/PNS/,null,",1,No
WCH_AUDIT,WCH,",null,",function,4,100.0,Goal,Root/div/station/vendor/function,"WCH_AUDIT/VND/PNS/,null,/WCH",0,Yes
WCH_AUDIT,Unifi,PNS,vendor,3,64.19,Goal,Root/div/station/vendor,WCH_AUDIT/VND/PNS/Unifi,1,No
WCH_AUDIT,WCH,Unifi,function,4,100.0,Goal,Root/div/station/vendor/function,WCH_AUDIT/VND/PNS/Unifi/WCH,0,Yes
WCH_AUDIT,POP,VND,station,2,0.1,Goal,Root/div/station,WCH_AUDIT/VND/POP,1,No
WCH_AUDIT,SERVAIR,POP,vendor,3,100.0,Goal,Root/div/station/vendor,WCH_AUDIT/VND/POP/SERVAIR,1,No
WCH_AUDIT,WCH,SERVAIR,function,4,100.0,Goal,Root/div/station/vendor/function,WCH_AUDIT/VND/POP/SERVAIR/WCH,0,Yes
WCH_AUDIT,PPT,VND,station,2,0.18,Goal,Root/div/station,WCH_AUDIT/VND/PPT,1,No
WCH_AUDIT,Air Tahiti,PPT,vendor,3,100.0,Goal,Root/div/station/vendor,WCH_AUDIT/VND/PPT/Air Tahiti,1,No
WCH_AUDIT,WCH,Air Tahiti,function,4,100.0,Goal,Root/div/station/vendor/function,WCH_AUDIT/VND/PPT/Air Tahiti/WCH,0,Yes
WCH_AUDIT,PRG,VND,station,2,0.12,Goal,Root/div/station,WCH_AUDIT/VND/PRG,1,No
WCH_AUDIT,Airport,PRG,vendor,3,100.0,Goal,Root/div/station/vendor,WCH_AUDIT/VND/PRG/Airport,1,No
WCH_AUDIT,WCH,Airport,function,4,100.0,Goal,Root/div/station/vendor/function,WCH_AUDIT/VND/PRG/Airport/WCH,0,Yes
WCH_AUDIT,PSC,VND,station,2,0.27,Goal,Root/div/station,WCH_AUDIT/VND/PSC,3,No
WCH_AUDIT,G2,PSC,vendor,3,38.29,Goal,Root/div/station/vendor,WCH_AUDIT/VND/PSC/G2,1,No
WCH_AUDIT,WCH,G2,function,4,100.0,Goal,Root/div/station/vendor/function,WCH_AUDIT/VND/PSC/G2/WCH,0,Yes
WCH_AUDIT,Menzies Aviation,PSC,vendor,3,17.0,Goal,Root/div/station/vendor,WCH_AUDIT/VND/PSC/Menzies Aviation,1,No
WCH_AUDIT,WCH,Menzies Aviation,function,4,100.0,Goal,Root/div/station/vendor/function,WCH_AUDIT/VND/PSC/Menzies Aviation/WCH,0,Yes
WCH_AUDIT,SkyWest,PSC,vendor,3,44.71,Goal,Root/div/station/vendor,WCH_AUDIT/VND/PSC/SkyWest,1,No
WCH_AUDIT,WCH,SkyWest,function,4,100.0,Goal,Root/div/station/vendor/function,WCH_AUDIT/VND/PSC/SkyWest/WCH,0,Yes
WCH_AUDIT,PSP,VND,station,2,0.05,Goal,Root/div/station,WCH_AUDIT/VND/PSP,2,No
WCH_AUDIT,",null,",PSP,vendor,3,47.91,Goal,Root/div/station/vendor,"WCH_AUDIT/VND/PSP/,null,",1,No
WCH_AUDIT,WCH,",null,",function,4,100.0,Goal,Root/div/station/vendor/function,"WCH_AUDIT/VND/PSP/,null,/WCH",0,Yes
WCH_AUDIT,SIERRA AVIATION GROUP - ONT,PSP,vendor,3,52.09,Goal,Root/div/station/vendor,WCH_AUDIT/VND/PSP/SIERRA AVIATION GROUP - ONT,1,No
WCH_AUDIT,WCH,SIERRA AVIATION GROUP - ONT,function,4,100.0,Goal,Root/div/station/vendor/function,WCH_AUDIT/VND/PSP/SIERRA AVIATION GROUP - ONT/WCH,0,Yes
WCH_AUDIT,PTY,VND,station,2,0.15,Goal,Root/div/station,WCH_AUDIT/VND/PTY,1,No
WCH_AUDIT,SERVICIOS A.T.,PTY,vendor,3,100.0,Goal,Root/div/station/vendor,WCH_AUDIT/VND/PTY/SERVICIOS A.T.,1,No
WCH_AUDIT,WCH,SERVICIOS A.T.,function,4,100.0,Goal,Root/div/station/vendor/function,WCH_AUDIT/VND/PTY/SERVICIOS A.T./WCH,0,Yes
WCH_AUDIT,PUJ,VND,station,2,0.28,Goal,Root/div/station,WCH_AUDIT/VND/PUJ,1,No
WCH_AUDIT,SERVAIR,PUJ,vendor,3,100.0,Goal,Root/div/station/vendor,WCH_AUDIT/VND/PUJ/SERVAIR,1,No
WCH_AUDIT,WCH,SERVAIR,function,4,100.0,Goal,Root/div/station/vendor/function,WCH_AUDIT/VND/PUJ/SERVAIR/WCH,0,Yes
WCH_AUDIT,PVD,VND,station,2,0.25,Goal,Root/div/station,WCH_AUDIT/VND/PVD,2,No
WCH_AUDIT,",null,",PVD,vendor,3,74.32,Goal,Root/div/station/vendor,"WCH_AUDIT/VND/PVD/,null,",1,No
WCH_AUDIT,WCH,",null,",function,4,100.0,Goal,Root/div/station/vendor/function,"WCH_AUDIT/VND/PVD/,null,/WCH",0,Yes
WCH_AUDIT,ABM,PVD,vendor,3,25.68,Goal,Root/div/station/vendor,WCH_AUDIT/VND/PVD/ABM,1,No
WCH_AUDIT,WCH,ABM,function,4,100.0,Goal,Root/div/station/vendor/function,WCH_AUDIT/VND/PVD/ABM/WCH,0,Yes
WCH_AUDIT,PVG,VND,station,2,0.2,Goal,Root/div/station,WCH_AUDIT/VND/PVG,1,No
WCH_AUDIT,China Eastern,PVG,vendor,3,100.0,Goal,Root/div/station/vendor,WCH_AUDIT/VND/PVG/China Eastern,1,No
WCH_AUDIT,WCH,China Eastern,function,4,100.0,Goal,Root/div/station/vendor/function,WCH_AUDIT/VND/PVG/China Eastern/WCH,0,Yes
WCH_AUDIT,PVR,VND,station,2,0.29,Goal,Root/div/station,WCH_AUDIT/VND/PVR,1,No
WCH_AUDIT,GDL GROUND HANDLING SADE CV,PVR,vendor,3,100.0,Goal,Root/div/station/vendor,WCH_AUDIT/VND/PVR/GDL GROUND HANDLING SADE CV,1,No
WCH_AUDIT,WCH,GDL GROUND HANDLING SADE CV,function,4,100.0,Goal,Root/div/station/vendor/function,WCH_AUDIT/VND/PVR/GDL GROUND HANDLING SADE CV/WCH,0,Yes
WCH_AUDIT,PWM,VND,station,2,0.26,Goal,Root/div/station,WCH_AUDIT/VND/PWM,2,No
WCH_AUDIT,",null,",PWM,vendor,3,89.14,Goal,Root/div/station/vendor,"WCH_AUDIT/VND/PWM/,null,",1,No
WCH_AUDIT,WCH,",null,",function,4,100.0,Goal,Root/div/station/vendor/function,"WCH_AUDIT/VND/PWM/,null,/WCH",0,Yes
WCH_AUDIT,"FLIGHT SERVICES & SYSTEMS, INC.",PWM,vendor,3,10.86,Goal,Root/div/station/vendor,"WCH_AUDIT/VND/PWM/FLIGHT SERVICES & SYSTEMS, INC.",1,No
WCH_AUDIT,WCH,"FLIGHT SERVICES & SYSTEMS, INC.",function,4,100.0,Goal,Root/div/station/vendor/function,"WCH_AUDIT/VND/PWM/FLIGHT SERVICES & SYSTEMS, INC./WCH",0,Yes
WCH_AUDIT,RAK,VND,station,2,0.19,Goal,Root/div/station,WCH_AUDIT/VND/RAK,1,No
WCH_AUDIT,RAM Handling,RAK,vendor,3,100.0,Goal,Root/div/station/vendor,WCH_AUDIT/VND/RAK/RAM Handling,1,No
WCH_AUDIT,WCH,RAM Handling,function,4,100.0,Goal,Root/div/station/vendor/function,WCH_AUDIT/VND/RAK/RAM Handling/WCH,0,Yes
WCH_AUDIT,RAP,VND,station,2,0.39,Goal,Root/div/station,WCH_AUDIT/VND/RAP,2,No
WCH_AUDIT,",null,",RAP,vendor,3,74.33,Goal,Root/div/station/vendor,"WCH_AUDIT/VND/RAP/,null,",1,No
WCH_AUDIT,WCH,",null,",function,4,100.0,Goal,Root/div/station/vendor/function,"WCH_AUDIT/VND/RAP/,null,/WCH",0,Yes
WCH_AUDIT,Unifi,RAP,vendor,3,25.67,Goal,Root/div/station/vendor,WCH_AUDIT/VND/RAP/Unifi,1,No
WCH_AUDIT,WCH,Unifi,function,4,100.0,Goal,Root/div/station/vendor/function,WCH_AUDIT/VND/RAP/Unifi/WCH,0,Yes
WCH_AUDIT,RDM,VND,station,2,0.2,Goal,Root/div/station,WCH_AUDIT/VND/RDM,1,No
WCH_AUDIT,Unifi,RDM,vendor,3,100.0,Goal,Root/div/station/vendor,WCH_AUDIT/VND/RDM/Unifi,1,No
WCH_AUDIT,WCH,Unifi,function,4,100.0,Goal,Root/div/station/vendor/function,WCH_AUDIT/VND/RDM/Unifi/WCH,0,Yes
WCH_AUDIT,RDU,VND,station,2,0.19,Goal,Root/div/station,WCH_AUDIT/VND/RDU,3,No
WCH_AUDIT,",null,",RDU,vendor,3,58.11,Goal,Root/div/station/vendor,"WCH_AUDIT/VND/RDU/,null,",1,No
WCH_AUDIT,WCH,",null,",function,4,100.0,Goal,Root/div/station/vendor/function,"WCH_AUDIT/VND/RDU/,null,/WCH",0,Yes
WCH_AUDIT,G2,RDU,vendor,3,15.47,Goal,Root/div/station/vendor,WCH_AUDIT/VND/RDU/G2,1,No
WCH_AUDIT,WCH,G2,function,4,100.0,Goal,Root/div/station/vendor/function,WCH_AUDIT/VND/RDU/G2/WCH,0,Yes
WCH_AUDIT,Menzies Aviation,RDU,vendor,3,26.42,Goal,Root/div/station/vendor,WCH_AUDIT/VND/RDU/Menzies Aviation,1,No
WCH_AUDIT,WCH,Menzies Aviation,function,4,100.0,Goal,Root/div/station/vendor/function,WCH_AUDIT/VND/RDU/Menzies Aviation/WCH,0,Yes
WCH_AUDIT,RHI,VND,station,2,0.31,Goal,Root/div/station,WCH_AUDIT/VND/RHI,1,No
WCH_AUDIT,Unifi,RHI,vendor,3,100.0,Goal,Root/div/station/vendor,WCH_AUDIT/VND/RHI/Unifi,1,No
WCH_AUDIT,WCH,Unifi,function,4,100.0,Goal,Root/div/station/vendor/function,WCH_AUDIT/VND/RHI/Unifi/WCH,0,Yes
WCH_AUDIT,RIC,VND,station,2,0.34,Goal,Root/div/station,WCH_AUDIT/VND/RIC,2,No
WCH_AUDIT,",null,",RIC,vendor,3,34.07,Goal,Root/div/station/vendor,"WCH_AUDIT/VND/RIC/,null,",1,No
WCH_AUDIT,WCH,",null,",function,4,100.0,Goal,Root/div/station/vendor/function,"WCH_AUDIT/VND/RIC/,null,/WCH",0,Yes
WCH_AUDIT,PrimeFlight,RIC,vendor,3,65.93,Goal,Root/div/station/vendor,WCH_AUDIT/VND/RIC/PrimeFlight,1,No
WCH_AUDIT,WCH,PrimeFlight,function,4,100.0,Goal,Root/div/station/vendor/function,WCH_AUDIT/VND/RIC/PrimeFlight/WCH,0,Yes
WCH_AUDIT,RNO,VND,station,2,0.24,Goal,Root/div/station,WCH_AUDIT/VND/RNO,1,No
WCH_AUDIT,ABM,RNO,vendor,3,100.0,Goal,Root/div/station/vendor,WCH_AUDIT/VND/RNO/ABM,1,No
WCH_AUDIT,WCH,ABM,function,4,100.0,Goal,Root/div/station/vendor/function,WCH_AUDIT/VND/RNO/ABM/WCH,0,Yes
WCH_AUDIT,ROA,VND,station,2,0.06,Goal,Root/div/station,WCH_AUDIT/VND/ROA,1,No
WCH_AUDIT,Unifi,ROA,vendor,3,100.0,Goal,Root/div/station/vendor,WCH_AUDIT/VND/ROA/Unifi,1,No
WCH_AUDIT,WCH,Unifi,function,4,100.0,Goal,Root/div/station/vendor/function,WCH_AUDIT/VND/ROA/Unifi/WCH,0,Yes
WCH_AUDIT,ROC,VND,station,2,0.34,Goal,Root/div/station,WCH_AUDIT/VND/ROC,2,No
WCH_AUDIT,",null,",ROC,vendor,3,49.29,Goal,Root/div/station/vendor,"WCH_AUDIT/VND/ROC/,null,",1,No
WCH_AUDIT,WCH,",null,",function,4,100.0,Goal,Root/div/station/vendor/function,"WCH_AUDIT/VND/ROC/,null,/WCH",0,Yes
WCH_AUDIT,PrimeFlight,ROC,vendor,3,50.71,Goal,Root/div/station/vendor,WCH_AUDIT/VND/ROC/PrimeFlight,1,No
WCH_AUDIT,WCH,PrimeFlight,function,4,100.0,Goal,Root/div/station/vendor/function,WCH_AUDIT/VND/ROC/PrimeFlight/WCH,0,Yes
WCH_AUDIT,RST,VND,station,2,0.08,Goal,Root/div/station,WCH_AUDIT/VND/RST,1,No
WCH_AUDIT,ROCHESTER INTERNATIONAL AIRPORT,RST,vendor,3,100.0,Goal,Root/div/station/vendor,WCH_AUDIT/VND/RST/ROCHESTER INTERNATIONAL AIRPORT,1,No
WCH_AUDIT,WCH,ROCHESTER INTERNATIONAL AIRPORT,function,4,100.0,Goal,Root/div/station/vendor/function,WCH_AUDIT/VND/RST/ROCHESTER INTERNATIONAL AIRPORT/WCH,0,Yes
WCH_AUDIT,RSW,VND,station,2,0.06,Goal,Root/div/station,WCH_AUDIT/VND/RSW,4,No
WCH_AUDIT,",null,",RSW,vendor,3,30.0,Goal,Root/div/station/vendor,"WCH_AUDIT/VND/RSW/,null,",1,No
WCH_AUDIT,WCH,",null,",function,4,100.0,Goal,Root/div/station/vendor/function,"WCH_AUDIT/VND/RSW/,null,/WCH",0,Yes
WCH_AUDIT,G2,RSW,vendor,3,30.29,Goal,Root/div/station/vendor,WCH_AUDIT/VND/RSW/G2,1,No
WCH_AUDIT,WCH,G2,function,4,100.0,Goal,Root/div/station/vendor/function,WCH_AUDIT/VND/RSW/G2/WCH,0,Yes
WCH_AUDIT,Menzies Aviation,RSW,vendor,3,15.73,Goal,Root/div/station/vendor,WCH_AUDIT/VND/RSW/Menzies Aviation,1,No
WCH_AUDIT,WCH,Menzies Aviation,function,4,100.0,Goal,Root/div/station/vendor/function,WCH_AUDIT/VND/RSW/Menzies Aviation/WCH,0,Yes
WCH_AUDIT,PROFESSIONAL AIRLINE TERMINAL,RSW,vendor,3,23.98,Goal,Root/div/station/vendor,WCH_AUDIT/VND/RSW/PROFESSIONAL AIRLINE TERMINAL,1,No
WCH_AUDIT,WCH,PROFESSIONAL AIRLINE TERMINAL,function,4,100.0,Goal,Root/div/station/vendor/function,WCH_AUDIT/VND/RSW/PROFESSIONAL AIRLINE TERMINAL/WCH,0,Yes
WCH_AUDIT,RTB,VND,station,2,0.25,Goal,Root/div/station,WCH_AUDIT/VND/RTB,1,No
WCH_AUDIT,Tecnologias Unidas,RTB,vendor,3,100.0,Goal,Root/div/station/vendor,WCH_AUDIT/VND/RTB/Tecnologias Unidas,1,No
WCH_AUDIT,WCH,Tecnologias Unidas,function,4,100.0,Goal,Root/div/station/vendor/function,WCH_AUDIT/VND/RTB/Tecnologias Unidas/WCH,0,Yes
WCH_AUDIT,SAL,VND,station,2,0.06,Goal,Root/div/station,WCH_AUDIT/VND/SAL,3,No
WCH_AUDIT,Air Support,SAL,vendor,3,48.0,Goal,Root/div/station/vendor,WCH_AUDIT/VND/SAL/Air Support,1,No
WCH_AUDIT,WCH,Air Support,function,4,100.0,Goal,Root/div/station/vendor/function,WCH_AUDIT/VND/SAL/Air Support/WCH,0,Yes
WCH_AUDIT,Hernandez Express,SAL,vendor,3,39.46,Goal,Root/div/station/vendor,WCH_AUDIT/VND/SAL/Hernandez Express,1,No
WCH_AUDIT,WCH,Hernandez Express,function,4,100.0,Goal,Root/div/station/vendor/function,WCH_AUDIT/VND/SAL/Hernandez Express/WCH,0,Yes
WCH_AUDIT,TriStar,SAL,vendor,3,12.54,Goal,Root/div/station/vendor,WCH_AUDIT/VND/SAL/TriStar,1,No
WCH_AUDIT,WCH,TriStar,function,4,100.0,Goal,Root/div/station/vendor/function,WCH_AUDIT/VND/SAL/TriStar/WCH,0,Yes
WCH_AUDIT,SAN,VND,station,2,0.06,Goal,Root/div/station,WCH_AUDIT/VND/SAN,2,No
WCH_AUDIT,",null,",SAN,vendor,3,72.96,Goal,Root/div/station/vendor,"WCH_AUDIT/VND/SAN/,null,",1,No
WCH_AUDIT,WCH,",null,",function,4,100.0,Goal,Root/div/station/vendor/function,"WCH_AUDIT/VND/SAN/,null,/WCH",0,Yes
WCH_AUDIT,Unifi,SAN,vendor,3,27.04,Goal,Root/div/station/vendor,WCH_AUDIT/VND/SAN/Unifi,1,No
WCH_AUDIT,WCH,Unifi,function,4,100.0,Goal,Root/div/station/vendor/function,WCH_AUDIT/VND/SAN/Unifi/WCH,0,Yes
WCH_AUDIT,SAP,VND,station,2,0.33,Goal,Root/div/station,WCH_AUDIT/VND/SAP,1,No
WCH_AUDIT,Warren,SAP,vendor,3,100.0,Goal,Root/div/station/vendor,WCH_AUDIT/VND/SAP/Warren,1,No
WCH_AUDIT,WCH,Warren,function,4,100.0,Goal,Root/div/station/vendor/function,WCH_AUDIT/VND/SAP/Warren/WCH,0,Yes
WCH_AUDIT,SAT,VND,station,2,0.06,Goal,Root/div/station,WCH_AUDIT/VND/SAT,2,No
WCH_AUDIT,",null,",SAT,vendor,3,94.1,Goal,Root/div/station/vendor,"WCH_AUDIT/VND/SAT/,null,",1,No
WCH_AUDIT,WCH,",null,",function,4,100.0,Goal,Root/div/station/vendor/function,"WCH_AUDIT/VND/SAT/,null,/WCH",0,Yes
WCH_AUDIT,SAN ANTONIO AIRLINES,SAT,vendor,3,5.9,Goal,Root/div/station/vendor,WCH_AUDIT/VND/SAT/SAN ANTONIO AIRLINES,1,No
WCH_AUDIT,WCH,SAN ANTONIO AIRLINES,function,4,100.0,Goal,Root/div/station/vendor/function,WCH_AUDIT/VND/SAT/SAN ANTONIO AIRLINES/WCH,0,Yes
WCH_AUDIT,SAV,VND,station,2,0.21,Goal,Root/div/station,WCH_AUDIT/VND/SAV,2,No
WCH_AUDIT,",null,",SAV,vendor,3,99.2,Goal,Root/div/station/vendor,"WCH_AUDIT/VND/SAV/,null,",1,No
WCH_AUDIT,WCH,",null,",function,4,100.0,Goal,Root/div/station/vendor/function,"WCH_AUDIT/VND/SAV/,null,/WCH",0,Yes
WCH_AUDIT,Savannah Airport Commission,SAV,vendor,3,0.8,Goal,Root/div/station/vendor,WCH_AUDIT/VND/SAV/Savannah Airport Commission,1,No
WCH_AUDIT,WCH,Savannah Airport Commission,function,4,100.0,Goal,Root/div/station/vendor/function,WCH_AUDIT/VND/SAV/Savannah Airport Commission/WCH,0,Yes
WCH_AUDIT,SBA,VND,station,2,0.03,Goal,Root/div/station,WCH_AUDIT/VND/SBA,3,No
WCH_AUDIT,G2,SBA,vendor,3,43.34,Goal,Root/div/station/vendor,WCH_AUDIT/VND/SBA/G2,1,No
WCH_AUDIT,WCH,G2,function,4,100.0,Goal,Root/div/station/vendor/function,WCH_AUDIT/VND/SBA/G2/WCH,0,Yes
WCH_AUDIT,Menzies Aviation,SBA,vendor,3,32.72,Goal,Root/div/station/vendor,WCH_AUDIT/VND/SBA/Menzies Aviation,1,No
WCH_AUDIT,WCH,Menzies Aviation,function,4,100.0,Goal,Root/div/station/vendor/function,WCH_AUDIT/VND/SBA/Menzies Aviation/WCH,0,Yes
WCH_AUDIT,Unifi,SBA,vendor,3,23.94,Goal,Root/div/station/vendor,WCH_AUDIT/VND/SBA/Unifi,1,No
WCH_AUDIT,WCH,Unifi,function,4,100.0,Goal,Root/div/station/vendor/function,WCH_AUDIT/VND/SBA/Unifi/WCH,0,Yes
WCH_AUDIT,SBN,VND,station,2,0.13,Goal,Root/div/station,WCH_AUDIT/VND/SBN,2,No
WCH_AUDIT,",null,",SBN,vendor,3,4.3,Goal,Root/div/station/vendor,"WCH_AUDIT/VND/SBN/,null,",1,No
WCH_AUDIT,WCH,",null,",function,4,100.0,Goal,Root/div/station/vendor/function,"WCH_AUDIT/VND/SBN/,null,/WCH",0,Yes
WCH_AUDIT,Unifi,SBN,vendor,3,95.7,Goal,Root/div/station/vendor,WCH_AUDIT/VND/SBN/Unifi,1,No
WCH_AUDIT,WCH,Unifi,function,4,100.0,Goal,Root/div/station/vendor/function,WCH_AUDIT/VND/SBN/Unifi/WCH,0,Yes
WCH_AUDIT,SCE,VND,station,2,0.32,Goal,Root/div/station,WCH_AUDIT/VND/SCE,3,No
WCH_AUDIT,G2,SCE,vendor,3,18.98,Goal,Root/div/station/vendor,WCH_AUDIT/VND/SCE/G2,1,No
WCH_AUDIT,WCH,G2,function,4,100.0,Goal,Root/div/station/vendor/function,WCH_AUDIT/VND/SCE/G2/WCH,0,Yes
WCH_AUDIT,Menzies Aviation,SCE,vendor,3,36.4,Goal,Root/div/station/vendor,WCH_AUDIT/VND/SCE/Menzies Aviation,1,No
WCH_AUDIT,WCH,Menzies Aviation,function,4,100.0,Goal,Root/div/station/vendor/function,WCH_AUDIT/VND/SCE/Menzies Aviation/WCH,0,Yes
WCH_AUDIT,SkyWest,SCE,vendor,3,44.620000000000005,Goal,Root/div/station/vendor,WCH_AUDIT/VND/SCE/SkyWest,1,No
WCH_AUDIT,WCH,SkyWest,function,4,100.0,Goal,Root/div/station/vendor/function,WCH_AUDIT/VND/SCE/SkyWest/WCH,0,Yes
WCH_AUDIT,SCL,VND,station,2,0.34,Goal,Root/div/station,WCH_AUDIT/VND/SCL,2,No
WCH_AUDIT,CargoMobility,SCL,vendor,3,23.7,Goal,Root/div/station/vendor,WCH_AUDIT/VND/SCL/CargoMobility,1,No
WCH_AUDIT,WCH,CargoMobility,function,4,100.0,Goal,Root/div/station/vendor/function,WCH_AUDIT/VND/SCL/CargoMobility/WCH,0,Yes
WCH_AUDIT,LUIS JIMENO COMUNICACIONES Y,SCL,vendor,3,76.3,Goal,Root/div/station/vendor,WCH_AUDIT/VND/SCL/LUIS JIMENO COMUNICACIONES Y,1,No
WCH_AUDIT,WCH,LUIS JIMENO COMUNICACIONES Y,function,4,100.0,Goal,Root/div/station/vendor/function,WCH_AUDIT/VND/SCL/LUIS JIMENO COMUNICACIONES Y/WCH,0,Yes
WCH_AUDIT,SDF,VND,station,2,0.02,Goal,Root/div/station,WCH_AUDIT/VND/SDF,3,No
WCH_AUDIT,",null,",SDF,vendor,3,21.9,Goal,Root/div/station/vendor,"WCH_AUDIT/VND/SDF/,null,",1,No
WCH_AUDIT,WCH,",null,",function,4,100.0,Goal,Root/div/station/vendor/function,"WCH_AUDIT/VND/SDF/,null,/WCH",0,Yes
WCH_AUDIT,G2,SDF,vendor,3,44.06,Goal,Root/div/station/vendor,WCH_AUDIT/VND/SDF/G2,1,No
WCH_AUDIT,WCH,G2,function,4,100.0,Goal,Root/div/station/vendor/function,WCH_AUDIT/VND/SDF/G2/WCH,0,Yes
WCH_AUDIT,Menzies Aviation,SDF,vendor,3,34.04,Goal,Root/div/station/vendor,WCH_AUDIT/VND/SDF/Menzies Aviation,1,No
WCH_AUDIT,WCH,Menzies Aviation,function,4,100.0,Goal,Root/div/station/vendor/function,WCH_AUDIT/VND/SDF/Menzies Aviation/WCH,0,Yes
WCH_AUDIT,SDQ,VND,station,2,0.38,Goal,Root/div/station,WCH_AUDIT/VND/SDQ,1,No
WCH_AUDIT,SAMSIC HANDLING DOMINICANA S.A.S,SDQ,vendor,3,100.0,Goal,Root/div/station/vendor,WCH_AUDIT/VND/SDQ/SAMSIC HANDLING DOMINICANA S.A.S,1,No
WCH_AUDIT,WCH,SAMSIC HANDLING DOMINICANA S.A.S,function,4,100.0,Goal,Root/div/station/vendor/function,WCH_AUDIT/VND/SDQ/SAMSIC HANDLING DOMINICANA S.A.S/WCH,0,Yes
WCH_AUDIT,SEA,VND,station,2,0.27,Goal,Root/div/station,WCH_AUDIT/VND/SEA,3,No
WCH_AUDIT,",null,",SEA,vendor,3,29.33,Goal,Root/div/station/vendor,"WCH_AUDIT/VND/SEA/,null,",1,No
WCH_AUDIT,WCH,",null,",function,4,100.0,Goal,Root/div/station/vendor/function,"WCH_AUDIT/VND/SEA/,null,/WCH",0,Yes
WCH_AUDIT,Prospect,SEA,vendor,3,45.7,Goal,Root/div/station/vendor,WCH_AUDIT/VND/SEA/Prospect,1,No
WCH_AUDIT,WCH,Prospect,function,4,100.0,Goal,Root/div/station/vendor/function,WCH_AUDIT/VND/SEA/Prospect/WCH,0,Yes
WCH_AUDIT,Unifi,SEA,vendor,3,24.97,Goal,Root/div/station/vendor,WCH_AUDIT/VND/SEA/Unifi,1,No
WCH_AUDIT,WCH,Unifi,function,4,100.0,Goal,Root/div/station/vendor/function,WCH_AUDIT/VND/SEA/Unifi/WCH,0,Yes
WCH_AUDIT,SFO,VND,station,2,0.22,Goal,Root/div/station,WCH_AUDIT/VND/SFO,4,No
WCH_AUDIT,",null,",SFO,vendor,3,34.31,Goal,Root/div/station/vendor,"WCH_AUDIT/VND/SFO/,null,",1,No
WCH_AUDIT,WCH,",null,",function,4,100.0,Goal,Root/div/station/vendor/function,"WCH_AUDIT/VND/SFO/,null,/WCH",0,Yes
WCH_AUDIT,G2,SFO,vendor,3,21.2,Goal,Root/div/station/vendor,WCH_AUDIT/VND/SFO/G2,1,No
WCH_AUDIT,WCH,G2,function,4,100.0,Goal,Root/div/station/vendor/function,WCH_AUDIT/VND/SFO/G2/WCH,0,Yes
WCH_AUDIT,Menzies Aviation,SFO,vendor,3,17.85,Goal,Root/div/station/vendor,WCH_AUDIT/VND/SFO/Menzies Aviation,1,No
WCH_AUDIT,WCH,Menzies Aviation,function,4,100.0,Goal,Root/div/station/vendor/function,WCH_AUDIT/VND/SFO/Menzies Aviation/WCH,0,Yes
WCH_AUDIT,PrimeFlight,SFO,vendor,3,26.64,Goal,Root/div/station/vendor,WCH_AUDIT/VND/SFO/PrimeFlight,1,No
WCH_AUDIT,WCH,PrimeFlight,function,4,100.0,Goal,Root/div/station/vendor/function,WCH_AUDIT/VND/SFO/PrimeFlight/WCH,0,Yes
WCH_AUDIT,SGF,VND,station,2,0.28,Goal,Root/div/station,WCH_AUDIT/VND/SGF,1,No
WCH_AUDIT,JACKSON CONTRACT SERVICES LLC,SGF,vendor,3,100.0,Goal,Root/div/station/vendor,WCH_AUDIT/VND/SGF/JACKSON CONTRACT SERVICES LLC,1,No
WCH_AUDIT,WCH,JACKSON CONTRACT SERVICES LLC,function,4,100.0,Goal,Root/div/station/vendor/function,WCH_AUDIT/VND/SGF/JACKSON CONTRACT SERVICES LLC/WCH,0,Yes
WCH_AUDIT,SGU,VND,station,2,0.27,Goal,Root/div/station,WCH_AUDIT/VND/SGU,2,No
WCH_AUDIT,",null,",SGU,vendor,3,50.51,Goal,Root/div/station/vendor,"WCH_AUDIT/VND/SGU/,null,",1,No
WCH_AUDIT,WCH,",null,",function,4,100.0,Goal,Root/div/station/vendor/function,"WCH_AUDIT/VND/SGU/,null,/WCH",0,Yes
WCH_AUDIT,SkyWest,SGU,vendor,3,49.49,Goal,Root/div/station/vendor,WCH_AUDIT/VND/SGU/SkyWest,1,No
WCH_AUDIT,WCH,SkyWest,function,4,100.0,Goal,Root/div/station/vendor/function,WCH_AUDIT/VND/SGU/SkyWest/WCH,0,Yes
WCH_AUDIT,SHV,VND,station,2,0.14,Goal,Root/div/station,WCH_AUDIT/VND/SHV,2,No
WCH_AUDIT,",null,",SHV,vendor,3,43.22,Goal,Root/div/station/vendor,"WCH_AUDIT/VND/SHV/,null,",1,No
WCH_AUDIT,WCH,",null,",function,4,100.0,Goal,Root/div/station/vendor/function,"WCH_AUDIT/VND/SHV/,null,/WCH",0,Yes
WCH_AUDIT,Unifi,SHV,vendor,3,56.78,Goal,Root/div/station/vendor,WCH_AUDIT/VND/SHV/Unifi,1,No
WCH_AUDIT,WCH,Unifi,function,4,100.0,Goal,Root/div/station/vendor/function,WCH_AUDIT/VND/SHV/Unifi/WCH,0,Yes
WCH_AUDIT,SIN,VND,station,2,0.3,Goal,Root/div/station,WCH_AUDIT/VND/SIN,1,No
WCH_AUDIT,dnata,SIN,vendor,3,100.0,Goal,Root/div/station/vendor,WCH_AUDIT/VND/SIN/dnata,1,No
WCH_AUDIT,WCH,dnata,function,4,100.0,Goal,Root/div/station/vendor/function,WCH_AUDIT/VND/SIN/dnata/WCH,0,Yes
WCH_AUDIT,SIT,VND,station,2,0.04,Goal,Root/div/station,WCH_AUDIT/VND/SIT,1,No
WCH_AUDIT,Unifi,SIT,vendor,3,100.0,Goal,Root/div/station/vendor,WCH_AUDIT/VND/SIT/Unifi,1,No
WCH_AUDIT,WCH,Unifi,function,4,100.0,Goal,Root/div/station/vendor/function,WCH_AUDIT/VND/SIT/Unifi/WCH,0,Yes
WCH_AUDIT,SJC,VND,station,2,0.3,Goal,Root/div/station,WCH_AUDIT/VND/SJC,3,No
WCH_AUDIT,",null,",SJC,vendor,3,12.8,Goal,Root/div/station/vendor,"WCH_AUDIT/VND/SJC/,null,",1,No
WCH_AUDIT,WCH,",null,",function,4,100.0,Goal,Root/div/station/vendor/function,"WCH_AUDIT/VND/SJC/,null,/WCH",0,Yes
WCH_AUDIT,G2,SJC,vendor,3,32.15,Goal,Root/div/station/vendor,WCH_AUDIT/VND/SJC/G2,1,No
WCH_AUDIT,WCH,G2,function,4,100.0,Goal,Root/div/station/vendor/function,WCH_AUDIT/VND/SJC/G2/WCH,0,Yes
WCH_AUDIT,Menzies Aviation,SJC,vendor,3,55.05,Goal,Root/div/station/vendor,WCH_AUDIT/VND/SJC/Menzies Aviation,1,No
WCH_AUDIT,WCH,Menzies Aviation,function,4,100.0,Goal,Root/div/station/vendor/function,WCH_AUDIT/VND/SJC/Menzies Aviation/WCH,0,Yes
WCH_AUDIT,SJD,VND,station,2,0.35,Goal,Root/div/station,WCH_AUDIT/VND/SJD,1,No
WCH_AUDIT,GDL GROUND HANDLING SADE CV,SJD,vendor,3,100.0,Goal,Root/div/station/vendor,WCH_AUDIT/VND/SJD/GDL GROUND HANDLING SADE CV,1,No
WCH_AUDIT,WCH,GDL GROUND HANDLING SADE CV,function,4,100.0,Goal,Root/div/station/vendor/function,WCH_AUDIT/VND/SJD/GDL GROUND HANDLING SADE CV/WCH,0,Yes
WCH_AUDIT,SJO,VND,station,2,0.19,Goal,Root/div/station,WCH_AUDIT/VND/SJO,2,No
WCH_AUDIT,Aero Sphere A.S. Handling,SJO,vendor,3,56.36,Goal,Root/div/station/vendor,WCH_AUDIT/VND/SJO/Aero Sphere A.S. Handling,1,No
WCH_AUDIT,WCH,Aero Sphere A.S. Handling,function,4,100.0,Goal,Root/div/station/vendor/function,WCH_AUDIT/VND/SJO/Aero Sphere A.S. Handling/WCH,0,Yes
WCH_AUDIT,ASOCIACION UNITED SKYCAP,SJO,vendor,3,43.64,Goal,Root/div/station/vendor,WCH_AUDIT/VND/SJO/ASOCIACION UNITED SKYCAP,1,No
WCH_AUDIT,WCH,ASOCIACION UNITED SKYCAP,function,4,100.0,Goal,Root/div/station/vendor/function,WCH_AUDIT/VND/SJO/ASOCIACION UNITED SKYCAP/WCH,0,Yes
WCH_AUDIT,SJU,VND,station,2,0.11,Goal,Root/div/station,WCH_AUDIT/VND/SJU,2,No
WCH_AUDIT,",null,",SJU,vendor,3,73.07,Goal,Root/div/station/vendor,"WCH_AUDIT/VND/SJU/,null,",1,No
WCH_AUDIT,WCH,",null,",function,4,100.0,Goal,Root/div/station/vendor/function,"WCH_AUDIT/VND/SJU/,null,/WCH",0,Yes
WCH_AUDIT,AIRPORT AVIATION SERVICES,SJU,vendor,3,26.93,Goal,Root/div/station/vendor,WCH_AUDIT/VND/SJU/AIRPORT AVIATION SERVICES,1,No
WCH_AUDIT,WCH,AIRPORT AVIATION SERVICES,function,4,100.0,Goal,Root/div/station/vendor/function,WCH_AUDIT/VND/SJU/AIRPORT AVIATION SERVICES/WCH,0,Yes
WCH_AUDIT,SKB,VND,station,2,0.25,Goal,Root/div/station,WCH_AUDIT/VND/SKB,1,No
WCH_AUDIT,SKGS,SKB,vendor,3,100.0,Goal,Root/div/station/vendor,WCH_AUDIT/VND/SKB/SKGS,1,No
WCH_AUDIT,WCH,SKGS,function,4,100.0,Goal,Root/div/station/vendor/function,WCH_AUDIT/VND/SKB/SKGS/WCH,0,Yes
WCH_AUDIT,SLC,VND,station,2,0.31,Goal,Root/div/station,WCH_AUDIT/VND/SLC,3,No
WCH_AUDIT,",null,",SLC,vendor,3,25.29,Goal,Root/div/station/vendor,"WCH_AUDIT/VND/SLC/,null,",1,No
WCH_AUDIT,WCH,",null,",function,4,100.0,Goal,Root/div/station/vendor/function,"WCH_AUDIT/VND/SLC/,null,/WCH",0,Yes
WCH_AUDIT,Prospect,SLC,vendor,3,39.07,Goal,Root/div/station/vendor,WCH_AUDIT/VND/SLC/Prospect,1,No
WCH_AUDIT,WCH,Prospect,function,4,100.0,Goal,Root/div/station/vendor/function,WCH_AUDIT/VND/SLC/Prospect/WCH,0,Yes
WCH_AUDIT,Unifi,SLC,vendor,3,35.64,Goal,Root/div/station/vendor,WCH_AUDIT/VND/SLC/Unifi,1,No
WCH_AUDIT,WCH,Unifi,function,4,100.0,Goal,Root/div/station/vendor/function,WCH_AUDIT/VND/SLC/Unifi/WCH,0,Yes
WCH_AUDIT,SMF,VND,station,2,0.07,Goal,Root/div/station,WCH_AUDIT/VND/SMF,4,No
WCH_AUDIT,",null,",SMF,vendor,3,30.04,Goal,Root/div/station/vendor,"WCH_AUDIT/VND/SMF/,null,",1,No
WCH_AUDIT,WCH,",null,",function,4,100.0,Goal,Root/div/station/vendor/function,"WCH_AUDIT/VND/SMF/,null,/WCH",0,Yes
WCH_AUDIT,ABM,SMF,vendor,3,30.79,Goal,Root/div/station/vendor,WCH_AUDIT/VND/SMF/ABM,1,No
WCH_AUDIT,WCH,ABM,function,4,100.0,Goal,Root/div/station/vendor/function,WCH_AUDIT/VND/SMF/ABM/WCH,0,Yes
WCH_AUDIT,G2,SMF,vendor,3,15.67,Goal,Root/div/station/vendor,WCH_AUDIT/VND/SMF/G2,1,No
WCH_AUDIT,WCH,G2,function,4,100.0,Goal,Root/div/station/vendor/function,WCH_AUDIT/VND/SMF/G2/WCH,0,Yes
WCH_AUDIT,Menzies Aviation,SMF,vendor,3,23.5,Goal,Root/div/station/vendor,WCH_AUDIT/VND/SMF/Menzies Aviation,1,No
WCH_AUDIT,WCH,Menzies Aviation,function,4,100.0,Goal,Root/div/station/vendor/function,WCH_AUDIT/VND/SMF/Menzies Aviation/WCH,0,Yes
WCH_AUDIT,SNA,VND,station,2,0.33,Goal,Root/div/station,WCH_AUDIT/VND/SNA,3,No
WCH_AUDIT,",null,",SNA,vendor,3,40.56,Goal,Root/div/station/vendor,"WCH_AUDIT/VND/SNA/,null,",1,No
WCH_AUDIT,WCH,",null,",function,4,100.0,Goal,Root/div/station/vendor/function,"WCH_AUDIT/VND/SNA/,null,/WCH",0,Yes
WCH_AUDIT,Maximus Global Services,SNA,vendor,3,48.98,Goal,Root/div/station/vendor,WCH_AUDIT/VND/SNA/Maximus Global Services,1,No
WCH_AUDIT,WCH,Maximus Global Services,function,4,100.0,Goal,Root/div/station/vendor/function,WCH_AUDIT/VND/SNA/Maximus Global Services/WCH,0,Yes
WCH_AUDIT,SIERRA AVIATION GROUP - ONT,SNA,vendor,3,10.46,Goal,Root/div/station/vendor,WCH_AUDIT/VND/SNA/SIERRA AVIATION GROUP - ONT,1,No
WCH_AUDIT,WCH,SIERRA AVIATION GROUP - ONT,function,4,100.0,Goal,Root/div/station/vendor/function,WCH_AUDIT/VND/SNA/SIERRA AVIATION GROUP - ONT/WCH,0,Yes
WCH_AUDIT,SNN,VND,station,2,0.34,Goal,Root/div/station,WCH_AUDIT/VND/SNN,1,No
WCH_AUDIT,Airport,SNN,vendor,3,100.0,Goal,Root/div/station/vendor,WCH_AUDIT/VND/SNN/Airport,1,No
WCH_AUDIT,WCH,Airport,function,4,100.0,Goal,Root/div/station/vendor/function,WCH_AUDIT/VND/SNN/Airport/WCH,0,Yes
WCH_AUDIT,SRQ,VND,station,2,0.39,Goal,Root/div/station,WCH_AUDIT/VND/SRQ,2,No
WCH_AUDIT,",null,",SRQ,vendor,3,28.68,Goal,Root/div/station/vendor,"WCH_AUDIT/VND/SRQ/,null,",1,No
WCH_AUDIT,WCH,",null,",function,4,100.0,Goal,Root/div/station/vendor/function,"WCH_AUDIT/VND/SRQ/,null,/WCH",0,Yes
WCH_AUDIT,GAT,SRQ,vendor,3,71.32,Goal,Root/div/station/vendor,WCH_AUDIT/VND/SRQ/GAT,1,No
WCH_AUDIT,WCH,GAT,function,4,100.0,Goal,Root/div/station/vendor/function,WCH_AUDIT/VND/SRQ/GAT/WCH,0,Yes
WCH_AUDIT,STI,VND,station,2,0.02,Goal,Root/div/station,WCH_AUDIT/VND/STI,1,No
WCH_AUDIT,SERVAIR,STI,vendor,3,100.0,Goal,Root/div/station/vendor,WCH_AUDIT/VND/STI/SERVAIR,1,No
WCH_AUDIT,WCH,SERVAIR,function,4,100.0,Goal,Root/div/station/vendor/function,WCH_AUDIT/VND/STI/SERVAIR/WCH,0,Yes
WCH_AUDIT,STL,VND,station,2,0.16,Goal,Root/div/station,WCH_AUDIT/VND/STL,3,No
WCH_AUDIT,",null,",STL,vendor,3,53.76,Goal,Root/div/station/vendor,"WCH_AUDIT/VND/STL/,null,",1,No
WCH_AUDIT,WCH,",null,",function,4,100.0,Goal,Root/div/station/vendor/function,"WCH_AUDIT/VND/STL/,null,/WCH",0,Yes
WCH_AUDIT,ABM,STL,vendor,3,42.28,Goal,Root/div/station/vendor,WCH_AUDIT/VND/STL/ABM,1,No
WCH_AUDIT,WCH,ABM,function,4,100.0,Goal,Root/div/station/vendor/function,WCH_AUDIT/VND/STL/ABM/WCH,0,Yes
WCH_AUDIT,Unifi,STL,vendor,3,3.96,Goal,Root/div/station/vendor,WCH_AUDIT/VND/STL/Unifi,1,No
WCH_AUDIT,WCH,Unifi,function,4,100.0,Goal,Root/div/station/vendor/function,WCH_AUDIT/VND/STL/Unifi/WCH,0,Yes
WCH_AUDIT,STR,VND,station,2,0.18,Goal,Root/div/station,WCH_AUDIT/VND/STR,1,No
WCH_AUDIT,Airport,STR,vendor,3,100.0,Goal,Root/div/station/vendor,WCH_AUDIT/VND/STR/Airport,1,No
WCH_AUDIT,WCH,Airport,function,4,100.0,Goal,Root/div/station/vendor/function,WCH_AUDIT/VND/STR/Airport/WCH,0,Yes
WCH_AUDIT,STT,VND,station,2,0.23,Goal,Root/div/station,WCH_AUDIT/VND/STT,2,No
WCH_AUDIT,",null,",STT,vendor,3,38.33,Goal,Root/div/station/vendor,"WCH_AUDIT/VND/STT/,null,",1,No
WCH_AUDIT,WCH,",null,",function,4,100.0,Goal,Root/div/station/vendor/function,"WCH_AUDIT/VND/STT/,null,/WCH",0,Yes
WCH_AUDIT,GCG GROUND SERVICES LLC,STT,vendor,3,61.67,Goal,Root/div/station/vendor,WCH_AUDIT/VND/STT/GCG GROUND SERVICES LLC,1,No
WCH_AUDIT,WCH,GCG GROUND SERVICES LLC,function,4,100.0,Goal,Root/div/station/vendor/function,WCH_AUDIT/VND/STT/GCG GROUND SERVICES LLC/WCH,0,Yes
WCH_AUDIT,STX,VND,station,2,0.3,Goal,Root/div/station,WCH_AUDIT/VND/STX,2,No
WCH_AUDIT,",null,",STX,vendor,3,34.13,Goal,Root/div/station/vendor,"WCH_AUDIT/VND/STX/,null,",1,No
WCH_AUDIT,WCH,",null,",function,4,100.0,Goal,Root/div/station/vendor/function,"WCH_AUDIT/VND/STX/,null,/WCH",0,Yes
WCH_AUDIT,WFS -Worldwide Flight Services,STX,vendor,3,65.87,Goal,Root/div/station/vendor,WCH_AUDIT/VND/STX/WFS -Worldwide Flight Services,1,No
WCH_AUDIT,WCH,WFS -Worldwide Flight Services,function,4,100.0,Goal,Root/div/station/vendor/function,WCH_AUDIT/VND/STX/WFS -Worldwide Flight Services/WCH,0,Yes
WCH_AUDIT,SUN,VND,station,2,0.18,Goal,Root/div/station,WCH_AUDIT/VND/SUN,1,No
WCH_AUDIT,SkyWest,SUN,vendor,3,100.0,Goal,Root/div/station/vendor,WCH_AUDIT/VND/SUN/SkyWest,1,No
WCH_AUDIT,WCH,SkyWest,function,4,100.0,Goal,Root/div/station/vendor/function,WCH_AUDIT/VND/SUN/SkyWest/WCH,0,Yes
WCH_AUDIT,SWF,VND,station,2,0.39,Goal,Root/div/station,WCH_AUDIT/VND/SWF,1,No
WCH_AUDIT,SkyWest,SWF,vendor,3,100.0,Goal,Root/div/station/vendor,WCH_AUDIT/VND/SWF/SkyWest,1,No
WCH_AUDIT,WCH,SkyWest,function,4,100.0,Goal,Root/div/station/vendor/function,WCH_AUDIT/VND/SWF/SkyWest/WCH,0,Yes
WCH_AUDIT,SXM,VND,station,2,0.17,Goal,Root/div/station,WCH_AUDIT/VND/SXM,2,No
WCH_AUDIT,Accessible Ventures of Sint Maarten NV,SXM,vendor,3,52.66,Goal,Root/div/station/vendor,WCH_AUDIT/VND/SXM/Accessible Ventures of Sint Maarten NV,1,No
WCH_AUDIT,WCH,Accessible Ventures of Sint Maarten NV,function,4,100.0,Goal,Root/div/station/vendor/function,WCH_AUDIT/VND/SXM/Accessible Ventures of Sint Maarten NV/WCH,0,Yes
WCH_AUDIT,ARRINDELL AVIATION SERVICES,SXM,vendor,3,47.34,Goal,Root/div/station/vendor,WCH_AUDIT/VND/SXM/ARRINDELL AVIATION SERVICES,1,No
WCH_AUDIT,WCH,ARRINDELL AVIATION SERVICES,function,4,100.0,Goal,Root/div/station/vendor/function,WCH_AUDIT/VND/SXM/ARRINDELL AVIATION SERVICES/WCH,0,Yes
WCH_AUDIT,SYD,VND,station,2,0.12,Goal,Root/div/station,WCH_AUDIT/VND/SYD,2,No
WCH_AUDIT,dnata,SYD,vendor,3,83.97,Goal,Root/div/station/vendor,WCH_AUDIT/VND/SYD/dnata,1,No
WCH_AUDIT,WCH,dnata,function,4,100.0,Goal,Root/div/station/vendor/function,WCH_AUDIT/VND/SYD/dnata/WCH,0,Yes
WCH_AUDIT,Menzies Aviation,SYD,vendor,3,16.03,Goal,Root/div/station/vendor,WCH_AUDIT/VND/SYD/Menzies Aviation,1,No
WCH_AUDIT,WCH,Menzies Aviation,function,4,100.0,Goal,Root/div/station/vendor/function,WCH_AUDIT/VND/SYD/Menzies Aviation/WCH,0,Yes
WCH_AUDIT,SYR,VND,station,2,0.38,Goal,Root/div/station,WCH_AUDIT/VND/SYR,2,No
WCH_AUDIT,",null,",SYR,vendor,3,31.67,Goal,Root/div/station/vendor,"WCH_AUDIT/VND/SYR/,null,",1,No
WCH_AUDIT,WCH,",null,",function,4,100.0,Goal,Root/div/station/vendor/function,"WCH_AUDIT/VND/SYR/,null,/WCH",0,Yes
WCH_AUDIT,Unifi,SYR,vendor,3,68.33,Goal,Root/div/station/vendor,WCH_AUDIT/VND/SYR/Unifi,1,No
WCH_AUDIT,WCH,Unifi,function,4,100.0,Goal,Root/div/station/vendor/function,WCH_AUDIT/VND/SYR/Unifi/WCH,0,Yes
WCH_AUDIT,TGU,VND,station,2,0.12,Goal,Root/div/station,WCH_AUDIT/VND/TGU,1,No
WCH_AUDIT,Warren,TGU,vendor,3,100.0,Goal,Root/div/station/vendor,WCH_AUDIT/VND/TGU/Warren,1,No
WCH_AUDIT,WCH,Warren,function,4,100.0,Goal,Root/div/station/vendor/function,WCH_AUDIT/VND/TGU/Warren/WCH,0,Yes
WCH_AUDIT,TLH,VND,station,2,0.15,Goal,Root/div/station,WCH_AUDIT/VND/TLH,2,No
WCH_AUDIT,Eulen,TLH,vendor,3,50.9,Goal,Root/div/station/vendor,WCH_AUDIT/VND/TLH/Eulen,1,No
WCH_AUDIT,WCH,Eulen,function,4,100.0,Goal,Root/div/station/vendor/function,WCH_AUDIT/VND/TLH/Eulen/WCH,0,Yes
WCH_AUDIT,GAT,TLH,vendor,3,49.1,Goal,Root/div/station/vendor,WCH_AUDIT/VND/TLH/GAT,1,No
WCH_AUDIT,WCH,GAT,function,4,100.0,Goal,Root/div/station/vendor/function,WCH_AUDIT/VND/TLH/GAT/WCH,0,Yes
WCH_AUDIT,TLV,VND,station,2,0.36,Goal,Root/div/station,WCH_AUDIT/VND/TLV,1,No
WCH_AUDIT,QAS,TLV,vendor,3,100.0,Goal,Root/div/station/vendor,WCH_AUDIT/VND/TLV/QAS,1,No
WCH_AUDIT,WCH,QAS,function,4,100.0,Goal,Root/div/station/vendor/function,WCH_AUDIT/VND/TLV/QAS/WCH,0,Yes
WCH_AUDIT,TPA,VND,station,2,0.09,Goal,Root/div/station,WCH_AUDIT/VND/TPA,3,No
WCH_AUDIT,",null,",TPA,vendor,3,12.12,Goal,Root/div/station/vendor,"WCH_AUDIT/VND/TPA/,null,",1,No
WCH_AUDIT,WCH,",null,",function,4,100.0,Goal,Root/div/station/vendor/function,"WCH_AUDIT/VND/TPA/,null,/WCH",0,Yes
WCH_AUDIT,Prospect,TPA,vendor,3,63.17,Goal,Root/div/station/vendor,WCH_AUDIT/VND/TPA/Prospect,1,No
WCH_AUDIT,WCH,Prospect,function,4,100.0,Goal,Root/div/station/vendor/function,WCH_AUDIT/VND/TPA/Prospect/WCH,0,Yes
WCH_AUDIT,Unifi,TPA,vendor,3,24.71,Goal,Root/div/station/vendor,WCH_AUDIT/VND/TPA/Unifi,1,No
WCH_AUDIT,WCH,Unifi,function,4,100.0,Goal,Root/div/station/vendor/function,WCH_AUDIT/VND/TPA/Unifi/WCH,0,Yes
WCH_AUDIT,TPE,VND,station,2,0.08,Goal,Root/div/station,WCH_AUDIT/VND/TPE,1,No
WCH_AUDIT,China Airlines,TPE,vendor,3,100.0,Goal,Root/div/station/vendor,WCH_AUDIT/VND/TPE/China Airlines,1,No
WCH_AUDIT,WCH,China Airlines,function,4,100.0,Goal,Root/div/station/vendor/function,WCH_AUDIT/VND/TPE/China Airlines/WCH,0,Yes
WCH_AUDIT,TQO,VND,station,2,0.35,Goal,Root/div/station,WCH_AUDIT/VND/TQO,1,No
WCH_AUDIT,Swissport,TQO,vendor,3,100.0,Goal,Root/div/station/vendor,WCH_AUDIT/VND/TQO/Swissport,1,No
WCH_AUDIT,WCH,Swissport,function,4,100.0,Goal,Root/div/station/vendor/function,WCH_AUDIT/VND/TQO/Swissport/WCH,0,Yes
WCH_AUDIT,TR2,VND,station,2,0.0,Goal,Root/div/station,WCH_AUDIT/VND/TR2,1,No
WCH_AUDIT,",null,",TR2,vendor,3,100.0,Goal,Root/div/station/vendor,"WCH_AUDIT/VND/TR2/,null,",1,No
WCH_AUDIT,WCH,",null,",function,4,100.0,Goal,Root/div/station/vendor/function,"WCH_AUDIT/VND/TR2/,null,/WCH",0,Yes
WCH_AUDIT,TRI,VND,station,2,0.09,Goal,Root/div/station,WCH_AUDIT/VND/TRI,2,No
WCH_AUDIT,",null,",TRI,vendor,3,82.19,Goal,Root/div/station/vendor,"WCH_AUDIT/VND/TRI/,null,",1,No
WCH_AUDIT,WCH,",null,",function,4,100.0,Goal,Root/div/station/vendor/function,"WCH_AUDIT/VND/TRI/,null,/WCH",0,Yes
WCH_AUDIT,Unifi,TRI,vendor,3,17.81,Goal,Root/div/station/vendor,WCH_AUDIT/VND/TRI/Unifi,1,No
WCH_AUDIT,WCH,Unifi,function,4,100.0,Goal,Root/div/station/vendor/function,WCH_AUDIT/VND/TRI/Unifi/WCH,0,Yes
WCH_AUDIT,TUL,VND,station,2,0.03,Goal,Root/div/station,WCH_AUDIT/VND/TUL,1,No
WCH_AUDIT,Unifi,TUL,vendor,3,100.0,Goal,Root/div/station/vendor,WCH_AUDIT/VND/TUL/Unifi,1,No
WCH_AUDIT,WCH,Unifi,function,4,100.0,Goal,Root/div/station/vendor/function,WCH_AUDIT/VND/TUL/Unifi/WCH,0,Yes
WCH_AUDIT,TUS,VND,station,2,0.23,Goal,Root/div/station,WCH_AUDIT/VND/TUS,3,No
WCH_AUDIT,",null,",TUS,vendor,3,19.76,Goal,Root/div/station/vendor,"WCH_AUDIT/VND/TUS/,null,",1,No
WCH_AUDIT,WCH,",null,",function,4,100.0,Goal,Root/div/station/vendor/function,"WCH_AUDIT/VND/TUS/,null,/WCH",0,Yes
WCH_AUDIT,Prospect,TUS,vendor,3,38.97,Goal,Root/div/station/vendor,WCH_AUDIT/VND/TUS/Prospect,1,No
WCH_AUDIT,WCH,Prospect,function,4,100.0,Goal,Root/div/station/vendor/function,WCH_AUDIT/VND/TUS/Prospect/WCH,0,Yes
WCH_AUDIT,Unifi,TUS,vendor,3,41.27,Goal,Root/div/station/vendor,WCH_AUDIT/VND/TUS/Unifi,1,No
WCH_AUDIT,WCH,Unifi,function,4,100.0,Goal,Root/div/station/vendor/function,WCH_AUDIT/VND/TUS/Unifi/WCH,0,Yes
WCH_AUDIT,TVC,VND,station,2,0.21,Goal,Root/div/station,WCH_AUDIT/VND/TVC,1,No
WCH_AUDIT,Unifi,TVC,vendor,3,100.0,Goal,Root/div/station/vendor,WCH_AUDIT/VND/TVC/Unifi,1,No
WCH_AUDIT,WCH,Unifi,function,4,100.0,Goal,Root/div/station/vendor/function,WCH_AUDIT/VND/TVC/Unifi/WCH,0,Yes
WCH_AUDIT,TWF,VND,station,2,0.01,Goal,Root/div/station,WCH_AUDIT/VND/TWF,2,No
WCH_AUDIT,",null,",TWF,vendor,3,36.3,Goal,Root/div/station/vendor,"WCH_AUDIT/VND/TWF/,null,",1,No
WCH_AUDIT,WCH,",null,",function,4,100.0,Goal,Root/div/station/vendor/function,"WCH_AUDIT/VND/TWF/,null,/WCH",0,Yes
WCH_AUDIT,SkyWest,TWF,vendor,3,63.7,Goal,Root/div/station/vendor,WCH_AUDIT/VND/TWF/SkyWest,1,No
WCH_AUDIT,WCH,SkyWest,function,4,100.0,Goal,Root/div/station/vendor/function,WCH_AUDIT/VND/TWF/SkyWest/WCH,0,Yes
WCH_AUDIT,TXL,VND,station,2,0.32,Goal,Root/div/station,WCH_AUDIT/VND/TXL,1,No
WCH_AUDIT,Airport,TXL,vendor,3,100.0,Goal,Root/div/station/vendor,WCH_AUDIT/VND/TXL/Airport,1,No
WCH_AUDIT,WCH,Airport,function,4,100.0,Goal,Root/div/station/vendor/function,WCH_AUDIT/VND/TXL/Airport/WCH,0,Yes
WCH_AUDIT,TYS,VND,station,2,0.03,Goal,Root/div/station,WCH_AUDIT/VND/TYS,3,No
WCH_AUDIT,",null,",TYS,vendor,3,37.68,Goal,Root/div/station/vendor,"WCH_AUDIT/VND/TYS/,null,",1,No
WCH_AUDIT,WCH,",null,",function,4,100.0,Goal,Root/div/station/vendor/function,"WCH_AUDIT/VND/TYS/,null,/WCH",0,Yes
WCH_AUDIT,G2,TYS,vendor,3,46.54,Goal,Root/div/station/vendor,WCH_AUDIT/VND/TYS/G2,1,No
WCH_AUDIT,WCH,G2,function,4,100.0,Goal,Root/div/station/vendor/function,WCH_AUDIT/VND/TYS/G2/WCH,0,Yes
WCH_AUDIT,Menzies Aviation,TYS,vendor,3,15.78,Goal,Root/div/station/vendor,WCH_AUDIT/VND/TYS/Menzies Aviation,1,No
WCH_AUDIT,WCH,Menzies Aviation,function,4,100.0,Goal,Root/div/station/vendor/function,WCH_AUDIT/VND/TYS/Menzies Aviation/WCH,0,Yes
WCH_AUDIT,UIO,VND,station,2,0.18,Goal,Root/div/station,WCH_AUDIT/VND/UIO,1,No
WCH_AUDIT,EMSA AIRPORT SERVICES S.A.,UIO,vendor,3,100.0,Goal,Root/div/station/vendor,WCH_AUDIT/VND/UIO/EMSA AIRPORT SERVICES S.A.,1,No
WCH_AUDIT,WCH,EMSA AIRPORT SERVICES S.A.,function,4,100.0,Goal,Root/div/station/vendor/function,WCH_AUDIT/VND/UIO/EMSA AIRPORT SERVICES S.A./WCH,0,Yes
WCH_AUDIT,UVF,VND,station,2,0.34,Goal,Root/div/station,WCH_AUDIT/VND/UVF,1,No
WCH_AUDIT,General Security Service,UVF,vendor,3,100.0,Goal,Root/div/station/vendor,WCH_AUDIT/VND/UVF/General Security Service,1,No
WCH_AUDIT,WCH,General Security Service,function,4,100.0,Goal,Root/div/station/vendor/function,WCH_AUDIT/VND/UVF/General Security Service/WCH,0,Yes
WCH_AUDIT,VAZ,VND,station,2,0.36,Goal,Root/div/station,WCH_AUDIT/VND/VAZ,1,No
WCH_AUDIT,",null,",VAZ,vendor,3,100.0,Goal,Root/div/station/vendor,"WCH_AUDIT/VND/VAZ/,null,",1,No
WCH_AUDIT,WCH,",null,",function,4,100.0,Goal,Root/div/station/vendor/function,"WCH_AUDIT/VND/VAZ/,null,/WCH",0,Yes
WCH_AUDIT,VCE,VND,station,2,0.26,Goal,Root/div/station,WCH_AUDIT/VND/VCE,1,No
WCH_AUDIT,Airport,VCE,vendor,3,100.0,Goal,Root/div/station/vendor,WCH_AUDIT/VND/VCE/Airport,1,No
WCH_AUDIT,WCH,Airport,function,4,100.0,Goal,Root/div/station/vendor/function,WCH_AUDIT/VND/VCE/Airport/WCH,0,Yes
WCH_AUDIT,VLD,VND,station,2,0.25,Goal,Root/div/station,WCH_AUDIT/VND/VLD,2,No
WCH_AUDIT,G2,VLD,vendor,3,50.84,Goal,Root/div/station/vendor,WCH_AUDIT/VND/VLD/G2,1,No
WCH_AUDIT,WCH,G2,function,4,100.0,Goal,Root/div/station/vendor/function,WCH_AUDIT/VND/VLD/G2/WCH,0,Yes
WCH_AUDIT,Menzies Aviation,VLD,vendor,3,49.16,Goal,Root/div/station/vendor,WCH_AUDIT/VND/VLD/Menzies Aviation,1,No
WCH_AUDIT,WCH,Menzies Aviation,function,4,100.0,Goal,Root/div/station/vendor/function,WCH_AUDIT/VND/VLD/Menzies Aviation/WCH,0,Yes
WCH_AUDIT,VPS,VND,station,2,0.32,Goal,Root/div/station,WCH_AUDIT/VND/VPS,2,No
WCH_AUDIT,",null,",VPS,vendor,3,40.04,Goal,Root/div/station/vendor,"WCH_AUDIT/VND/VPS/,null,",1,No
WCH_AUDIT,WCH,",null,",function,4,100.0,Goal,Root/div/station/vendor/function,"WCH_AUDIT/VND/VPS/,null,/WCH",0,Yes
WCH_AUDIT,Unifi,VPS,vendor,3,59.96,Goal,Root/div/station/vendor,WCH_AUDIT/VND/VPS/Unifi,1,No
WCH_AUDIT,WCH,Unifi,function,4,100.0,Goal,Root/div/station/vendor/function,WCH_AUDIT/VND/VPS/Unifi/WCH,0,Yes
WCH_AUDIT,WYS,VND,station,2,0.39,Goal,Root/div/station,WCH_AUDIT/VND/WYS,1,No
WCH_AUDIT,SkyWest,WYS,vendor,3,100.0,Goal,Root/div/station/vendor,WCH_AUDIT/VND/WYS/SkyWest,1,No
WCH_AUDIT,WCH,SkyWest,function,4,100.0,Goal,Root/div/station/vendor/function,WCH_AUDIT/VND/WYS/SkyWest/WCH,0,Yes
WCH_AUDIT,XNA,VND,station,2,0.07,Goal,Root/div/station,WCH_AUDIT/VND/XNA,2,No
WCH_AUDIT,",null,",XNA,vendor,3,49.57,Goal,Root/div/station/vendor,"WCH_AUDIT/VND/XNA/,null,",1,No
WCH_AUDIT,WCH,",null,",function,4,100.0,Goal,Root/div/station/vendor/function,"WCH_AUDIT/VND/XNA/,null,/WCH",0,Yes
WCH_AUDIT,Unifi,XNA,vendor,3,50.43,Goal,Root/div/station/vendor,WCH_AUDIT/VND/XNA/Unifi,1,No
WCH_AUDIT,WCH,Unifi,function,4,100.0,Goal,Root/div/station/vendor/function,WCH_AUDIT/VND/XNA/Unifi/WCH,0,Yes
WCH_AUDIT,XWA,VND,station,2,0.36,Goal,Root/div/station,WCH_AUDIT/VND/XWA,2,No
WCH_AUDIT,SkyWest,XWA,vendor,3,42.27,Goal,Root/div/station/vendor,WCH_AUDIT/VND/XWA/SkyWest,1,No
WCH_AUDIT,WCH,SkyWest,function,4,100.0,Goal,Root/div/station/vendor/function,WCH_AUDIT/VND/XWA/SkyWest/WCH,0,Yes
WCH_AUDIT,Unifi,XWA,vendor,3,57.73,Goal,Root/div/station/vendor,WCH_AUDIT/VND/XWA/Unifi,1,No
WCH_AUDIT,WCH,Unifi,function,4,100.0,Goal,Root/div/station/vendor/function,WCH_AUDIT/VND/XWA/Unifi/WCH,0,Yes
WCH_AUDIT,YHZ,VND,station,2,0.15,Goal,Root/div/station,WCH_AUDIT/VND/YHZ,2,No
WCH_AUDIT,Executive Aviation,YHZ,vendor,3,47.97,Goal,Root/div/station/vendor,WCH_AUDIT/VND/YHZ/Executive Aviation,1,No
WCH_AUDIT,WCH,Executive Aviation,function,4,100.0,Goal,Root/div/station/vendor/function,WCH_AUDIT/VND/YHZ/Executive Aviation/WCH,0,Yes
WCH_AUDIT,SAS,YHZ,vendor,3,52.03,Goal,Root/div/station/vendor,WCH_AUDIT/VND/YHZ/SAS,1,No
WCH_AUDIT,WCH,SAS,function,4,100.0,Goal,Root/div/station/vendor/function,WCH_AUDIT/VND/YHZ/SAS/WCH,0,Yes
WCH_AUDIT,YOW,VND,station,2,0.15,Goal,Root/div/station,WCH_AUDIT/VND/YOW,1,No
WCH_AUDIT,SAS,YOW,vendor,3,100.0,Goal,Root/div/station/vendor,WCH_AUDIT/VND/YOW/SAS,1,No
WCH_AUDIT,WCH,SAS,function,4,100.0,Goal,Root/div/station/vendor/function,WCH_AUDIT/VND/YOW/SAS/WCH,0,Yes
WCH_AUDIT,YUL,VND,station,2,0.18,Goal,Root/div/station,WCH_AUDIT/VND/YUL,2,No
WCH_AUDIT,",null,",YUL,vendor,3,70.79,Goal,Root/div/station/vendor,"WCH_AUDIT/VND/YUL/,null,",1,No
WCH_AUDIT,WCH,",null,",function,4,100.0,Goal,Root/div/station/vendor/function,"WCH_AUDIT/VND/YUL/,null,/WCH",0,Yes
WCH_AUDIT,Delta,YUL,vendor,3,29.21,Goal,Root/div/station/vendor,WCH_AUDIT/VND/YUL/Delta,1,No
WCH_AUDIT,WCH,Delta,function,4,100.0,Goal,Root/div/station/vendor/function,WCH_AUDIT/VND/YUL/Delta/WCH,0,Yes
WCH_AUDIT,YVR,VND,station,2,0.39,Goal,Root/div/station,WCH_AUDIT/VND/YVR,3,No
WCH_AUDIT,",null,",YVR,vendor,3,57.29,Goal,Root/div/station/vendor,"WCH_AUDIT/VND/YVR/,null,",1,No
WCH_AUDIT,WCH,",null,",function,4,100.0,Goal,Root/div/station/vendor/function,"WCH_AUDIT/VND/YVR/,null,/WCH",0,Yes
WCH_AUDIT,GAT,YVR,vendor,3,34.53,Goal,Root/div/station/vendor,WCH_AUDIT/VND/YVR/GAT,1,No
WCH_AUDIT,WCH,GAT,function,4,100.0,Goal,Root/div/station/vendor/function,WCH_AUDIT/VND/YVR/GAT/WCH,0,Yes
WCH_AUDIT,SAS,YVR,vendor,3,8.18,Goal,Root/div/station/vendor,WCH_AUDIT/VND/YVR/SAS,1,No
WCH_AUDIT,WCH,SAS,function,4,100.0,Goal,Root/div/station/vendor/function,WCH_AUDIT/VND/YVR/SAS/WCH,0,Yes
WCH_AUDIT,YWG,VND,station,2,0.04,Goal,Root/div/station,WCH_AUDIT/VND/YWG,3,No
WCH_AUDIT,",null,",YWG,vendor,3,23.29,Goal,Root/div/station/vendor,"WCH_AUDIT/VND/YWG/,null,",1,No
WCH_AUDIT,WCH,",null,",function,4,100.0,Goal,Root/div/station/vendor/function,"WCH_AUDIT/VND/YWG/,null,/WCH",0,Yes
WCH_AUDIT,Delta,YWG,vendor,3,53.64,Goal,Root/div/station/vendor,WCH_AUDIT/VND/YWG/Delta,1,No
WCH_AUDIT,WCH,Delta,function,4,100.0,Goal,Root/div/station/vendor/function,WCH_AUDIT/VND/YWG/Delta/WCH,0,Yes
WCH_AUDIT,Flightcraft Aviation Services,YWG,vendor,3,23.07,Goal,Root/div/station/vendor,WCH_AUDIT/VND/YWG/Flightcraft Aviation Services,1,No
WCH_AUDIT,WCH,Flightcraft Aviation Services,function,4,100.0,Goal,Root/div/station/vendor/function,WCH_AUDIT/VND/YWG/Flightcraft Aviation Services/WCH,0,Yes
WCH_AUDIT,YXE,VND,station,2,0.23,Goal,Root/div/station,WCH_AUDIT/VND/YXE,1,No
WCH_AUDIT,Menzies Aviation,YXE,vendor,3,100.0,Goal,Root/div/station/vendor,WCH_AUDIT/VND/YXE/Menzies Aviation,1,No
WCH_AUDIT,WCH,Menzies Aviation,function,4,100.0,Goal,Root/div/station/vendor/function,WCH_AUDIT/VND/YXE/Menzies Aviation/WCH,0,Yes
WCH_AUDIT,YYC,VND,station,2,0.24,Goal,Root/div/station,WCH_AUDIT/VND/YYC,3,No
WCH_AUDIT,Airport Terminal Services (ATS),YYC,vendor,3,38.81,Goal,Root/div/station/vendor,WCH_AUDIT/VND/YYC/Airport Terminal Services (ATS),1,No
WCH_AUDIT,WCH,Airport Terminal Services (ATS),function,4,100.0,Goal,Root/div/station/vendor/function,WCH_AUDIT/VND/YYC/Airport Terminal Services (ATS)/WCH,0,Yes
WCH_AUDIT,PRIMEFLIGHT AVIATION SERVICES CANADA,YYC,vendor,3,38.71,Goal,Root/div/station/vendor,WCH_AUDIT/VND/YYC/PRIMEFLIGHT AVIATION SERVICES CANADA,1,No
WCH_AUDIT,WCH,PRIMEFLIGHT AVIATION SERVICES CANADA,function,4,100.0,Goal,Root/div/station/vendor/function,WCH_AUDIT/VND/YYC/PRIMEFLIGHT AVIATION SERVICES CANADA/WCH,0,Yes
WCH_AUDIT,Samsic Assistance Canada Inc.,YYC,vendor,3,22.48,Goal,Root/div/station/vendor,WCH_AUDIT/VND/YYC/Samsic Assistance Canada Inc.,1,No
WCH_AUDIT,WCH,Samsic Assistance Canada Inc.,function,4,100.0,Goal,Root/div/station/vendor/function,WCH_AUDIT/VND/YYC/Samsic Assistance Canada Inc./WCH,0,Yes
WCH_AUDIT,YYJ,VND,station,2,0.3,Goal,Root/div/station,WCH_AUDIT/VND/YYJ,1,No
WCH_AUDIT,SAS,YYJ,vendor,3,100.0,Goal,Root/div/station/vendor,WCH_AUDIT/VND/YYJ/SAS,1,No
WCH_AUDIT,WCH,SAS,function,4,100.0,Goal,Root/div/station/vendor/function,WCH_AUDIT/VND/YYJ/SAS/WCH,0,Yes
WCH_AUDIT,YYZ,VND,station,2,0.25,Goal,Root/div/station,WCH_AUDIT/VND/YYZ,2,No
WCH_AUDIT,",null,",YYZ,vendor,3,41.25,Goal,Root/div/station/vendor,"WCH_AUDIT/VND/YYZ/,null,",1,No
WCH_AUDIT,WCH,",null,",function,4,100.0,Goal,Root/div/station/vendor/function,"WCH_AUDIT/VND/YYZ/,null,/WCH",0,Yes
WCH_AUDIT,AAS Canada,YYZ,vendor,3,58.75,Goal,Root/div/station/vendor,WCH_AUDIT/VND/YYZ/AAS Canada,1,No
WCH_AUDIT,WCH,AAS Canada,function,4,100.0,Goal,Root/div/station/vendor/function,WCH_AUDIT/VND/YYZ/AAS Canada/WCH,0,Yes
WCH_AUDIT,ZRH,VND,station,2,0.24,Goal,Root/div/station,WCH_AUDIT/VND/ZRH,1,No
WCH_AUDIT,Airport,ZRH,vendor,3,100.0,Goal,Root/div/station/vendor,WCH_AUDIT/VND/ZRH/Airport,1,No
WCH_AUDIT,WCH,Airport,function,4,100.0,Goal,Root/div/station/vendor/function,WCH_AUDIT/VND/ZRH/Airport/WCH,0,Yes
WCH_AUDIT,2AS,VND,vendor,2,0.35,Goal,Root/div/vendor,WCH_AUDIT/VND/2AS,1,No
WCH_AUDIT,WCH,2AS,function,3,100.0,Goal,Root/div/vendor/function,WCH_AUDIT/VND/2AS/WCH,0,Yes
WCH_AUDIT,AAS Canada,VND,vendor,2,0.25,Goal,Root/div/vendor,WCH_AUDIT/VND/AAS Canada,1,No
WCH_AUDIT,WCH,AAS Canada,function,3,100.0,Goal,Root/div/vendor/function,WCH_AUDIT/VND/AAS Canada/WCH,0,Yes
WCH_AUDIT,ABM,VND,vendor,2,0.04,Goal,Root/div/vendor,WCH_AUDIT/VND/ABM,1,No
WCH_AUDIT,WCH,ABM,function,3,100.0,Goal,Root/div/vendor/function,WCH_AUDIT/VND/ABM/WCH,0,Yes
WCH_AUDIT,Accessible Ventures of Sint Maarten NV,VND,vendor,2,0.29,Goal,Root/div/vendor,WCH_AUDIT/VND/Accessible Ventures of Sint Maarten NV,1,No
WCH_AUDIT,WCH,Accessible Ventures of Sint Maarten NV,function,3,100.0,Goal,Root/div/vendor/function,WCH_AUDIT/VND/Accessible Ventures of Sint Maarten NV/WCH,0,Yes
WCH_AUDIT,Aero Sphere A.S. Handling,VND,vendor,2,0.22,Goal,Root/div/vendor,WCH_AUDIT/VND/Aero Sphere A.S. Handling,1,No
WCH_AUDIT,WCH,Aero Sphere A.S. Handling,function,3,100.0,Goal,Root/div/vendor/function,WCH_AUDIT/VND/Aero Sphere A.S. Handling/WCH,0,Yes
WCH_AUDIT,AeroDispatch,VND,vendor,2,0.29,Goal,Root/div/vendor,WCH_AUDIT/VND/AeroDispatch,1,No
WCH_AUDIT,WCH,AeroDispatch,function,3,100.0,Goal,Root/div/vendor/function,WCH_AUDIT/VND/AeroDispatch/WCH,0,Yes
WCH_AUDIT,AeroGround,VND,vendor,2,0.22,Goal,Root/div/vendor,WCH_AUDIT/VND/AeroGround,1,No
WCH_AUDIT,WCH,AeroGround,function,3,100.0,Goal,Root/div/vendor/function,WCH_AUDIT/VND/AeroGround/WCH,0,Yes
WCH_AUDIT,Aeroporti di Roma,VND,vendor,2,0.13,Goal,Root/div/vendor,WCH_AUDIT/VND/Aeroporti di Roma,1,No
WCH_AUDIT,WCH,Aeroporti di Roma,function,3,100.0,Goal,Root/div/vendor/function,WCH_AUDIT/VND/Aeroporti di Roma/WCH,0,Yes
WCH_AUDIT,AHS,VND,vendor,2,0.2,Goal,Root/div/vendor,WCH_AUDIT/VND/AHS,1,No
WCH_AUDIT,WCH,AHS,function,3,100.0,Goal,Root/div/vendor/function,WCH_AUDIT/VND/AHS/WCH,0,Yes
WCH_AUDIT,AIC,VND,vendor,2,0.04,Goal,Root/div/vendor,WCH_AUDIT/VND/AIC,1,No
WCH_AUDIT,WCH,AIC,function,3,100.0,Goal,Root/div/vendor/function,WCH_AUDIT/VND/AIC/WCH,0,Yes
WCH_AUDIT,Air France,VND,vendor,2,0.23,Goal,Root/div/vendor,WCH_AUDIT/VND/Air France,1,No
WCH_AUDIT,WCH,Air France,function,3,100.0,Goal,Root/div/vendor/function,WCH_AUDIT/VND/Air France/WCH,0,Yes
WCH_AUDIT,Air Handling Services Bonaire NV,VND,vendor,2,0.01,Goal,Root/div/vendor,WCH_AUDIT/VND/Air Handling Services Bonaire NV,1,No
WCH_AUDIT,WCH,Air Handling Services Bonaire NV,function,3,100.0,Goal,Root/div/vendor/function,WCH_AUDIT/VND/Air Handling Services Bonaire NV/WCH,0,Yes
WCH_AUDIT,Air Support,VND,vendor,2,0.13,Goal,Root/div/vendor,WCH_AUDIT/VND/Air Support,1,No
WCH_AUDIT,WCH,Air Support,function,3,100.0,Goal,Root/div/vendor/function,WCH_AUDIT/VND/Air Support/WCH,0,Yes
WCH_AUDIT,Air Tahiti,VND,vendor,2,0.38,Goal,Root/div/vendor,WCH_AUDIT/VND/Air Tahiti,1,No
WCH_AUDIT,WCH,Air Tahiti,function,3,100.0,Goal,Root/div/vendor/function,WCH_AUDIT/VND/Air Tahiti/WCH,0,Yes
WCH_AUDIT,Airline Cleaning Services Pty Ltd dba CSA,VND,vendor,2,0.26,Goal,Root/div/vendor,WCH_AUDIT/VND/Airline Cleaning Services Pty Ltd dba CSA,1,No
WCH_AUDIT,WCH,Airline Cleaning Services Pty Ltd dba CSA,function,3,100.0,Goal,Root/div/vendor/function,WCH_AUDIT/VND/Airline Cleaning Services Pty Ltd dba CSA/WCH,0,Yes
WCH_AUDIT,Airport Associates,VND,vendor,2,0.38,Goal,Root/div/vendor,WCH_AUDIT/VND/Airport Associates,1,No
WCH_AUDIT,WCH,Airport Associates,function,3,100.0,Goal,Root/div/vendor/function,WCH_AUDIT/VND/Airport Associates/WCH,0,Yes
WCH_AUDIT,Airport Authority,VND,vendor,2,0.25,Goal,Root/div/vendor,WCH_AUDIT/VND/Airport Authority,1,No
WCH_AUDIT,WCH,Airport Authority,function,3,100.0,Goal,Root/div/vendor/function,WCH_AUDIT/VND/Airport Authority/WCH,0,Yes
WCH_AUDIT,AIRPORT AVIATION SERVICES,VND,vendor,2,0.25,Goal,Root/div/vendor,WCH_AUDIT/VND/AIRPORT AVIATION SERVICES,1,No
WCH_AUDIT,WCH,AIRPORT AVIATION SERVICES,function,3,100.0,Goal,Root/div/vendor/function,WCH_AUDIT/VND/AIRPORT AVIATION SERVICES/WCH,0,Yes
WCH_AUDIT,Airport Handling SpA,VND,vendor,2,0.14,Goal,Root/div/vendor,WCH_AUDIT/VND/Airport Handling SpA,1,No
WCH_AUDIT,WCH,Airport Handling SpA,function,3,100.0,Goal,Root/div/vendor/function,WCH_AUDIT/VND/Airport Handling SpA/WCH,0,Yes
WCH_AUDIT,Airport Terminal Services (ATS),VND,vendor,2,0.2,Goal,Root/div/vendor,WCH_AUDIT/VND/Airport Terminal Services (ATS),1,No
WCH_AUDIT,WCH,Airport Terminal Services (ATS),function,3,100.0,Goal,Root/div/vendor/function,WCH_AUDIT/VND/Airport Terminal Services (ATS)/WCH,0,Yes
WCH_AUDIT,Airport,VND,vendor,2,0.2,Goal,Root/div/vendor,WCH_AUDIT/VND/Airport,1,No
WCH_AUDIT,WCH,Airport,function,3,100.0,Goal,Root/div/vendor/function,WCH_AUDIT/VND/Airport/WCH,0,Yes
WCH_AUDIT,Airporto di Catania-Fontanarossa,VND,vendor,2,0.1,Goal,Root/div/vendor,WCH_AUDIT/VND/Airporto di Catania-Fontanarossa,1,No
WCH_AUDIT,WCH,Airporto di Catania-Fontanarossa,function,3,100.0,Goal,Root/div/vendor/function,WCH_AUDIT/VND/Airporto di Catania-Fontanarossa/WCH,0,Yes
WCH_AUDIT,AIRWAY CLEANERS LLC,VND,vendor,2,0.31,Goal,Root/div/vendor,WCH_AUDIT/VND/AIRWAY CLEANERS LLC,1,No
WCH_AUDIT,WCH,AIRWAY CLEANERS LLC,function,3,100.0,Goal,Root/div/vendor/function,WCH_AUDIT/VND/AIRWAY CLEANERS LLC/WCH,0,Yes
WCH_AUDIT,AJAS,VND,vendor,2,0.0,Goal,Root/div/vendor,WCH_AUDIT/VND/AJAS,1,No
WCH_AUDIT,WCH,AJAS,function,3,100.0,Goal,Root/div/vendor/function,WCH_AUDIT/VND/AJAS/WCH,0,Yes
WCH_AUDIT,Alyzia,VND,vendor,2,0.05,Goal,Root/div/vendor,WCH_AUDIT/VND/Alyzia,1,No
WCH_AUDIT,WCH,Alyzia,function,3,100.0,Goal,Root/div/vendor/function,WCH_AUDIT/VND/Alyzia/WCH,0,Yes
WCH_AUDIT,Antillean Flight Services NV,VND,vendor,2,0.05,Goal,Root/div/vendor,WCH_AUDIT/VND/Antillean Flight Services NV,1,No
WCH_AUDIT,WCH,Antillean Flight Services NV,function,3,100.0,Goal,Root/div/vendor/function,WCH_AUDIT/VND/Antillean Flight Services NV/WCH,0,Yes
WCH_AUDIT,ARRINDELL AVIATION SERVICES,VND,vendor,2,0.09,Goal,Root/div/vendor,WCH_AUDIT/VND/ARRINDELL AVIATION SERVICES,1,No
WCH_AUDIT,WCH,ARRINDELL AVIATION SERVICES,function,3,100.0,Goal,Root/div/vendor/function,WCH_AUDIT/VND/ARRINDELL AVIATION SERVICES/WCH,0,Yes
WCH_AUDIT,ASG Airport Service Gesellschaft mbH,VND,vendor,2,0.05,Goal,Root/div/vendor,WCH_AUDIT/VND/ASG Airport Service Gesellschaft mbH,1,No
WCH_AUDIT,WCH,ASG Airport Service Gesellschaft mbH,function,3,100.0,Goal,Root/div/vendor/function,WCH_AUDIT/VND/ASG Airport Service Gesellschaft mbH/WCH,0,Yes
WCH_AUDIT,Asito BV,VND,vendor,2,0.16,Goal,Root/div/vendor,WCH_AUDIT/VND/Asito BV,1,No
WCH_AUDIT,WCH,Asito BV,function,3,100.0,Goal,Root/div/vendor/function,WCH_AUDIT/VND/Asito BV/WCH,0,Yes
WCH_AUDIT,ASOCIACION UNITED SKYCAP,VND,vendor,2,0.14,Goal,Root/div/vendor,WCH_AUDIT/VND/ASOCIACION UNITED SKYCAP,1,No
WCH_AUDIT,WCH,ASOCIACION UNITED SKYCAP,function,3,100.0,Goal,Root/div/vendor/function,WCH_AUDIT/VND/ASOCIACION UNITED SKYCAP/WCH,0,Yes
WCH_AUDIT,ATA,VND,vendor,2,0.06,Goal,Root/div/vendor,WCH_AUDIT/VND/ATA,1,No
WCH_AUDIT,WCH,ATA,function,3,100.0,Goal,Root/div/vendor/function,WCH_AUDIT/VND/ATA/WCH,0,Yes
WCH_AUDIT,"AVEESPRESS, S.A. DE C.V.",VND,vendor,2,0.34,Goal,Root/div/vendor,"WCH_AUDIT/VND/AVEESPRESS, S.A. DE C.V.",1,No
WCH_AUDIT,WCH,"AVEESPRESS, S.A. DE C.V.",function,3,100.0,Goal,Root/div/vendor/function,"WCH_AUDIT/VND/AVEESPRESS, S.A. DE C.V./WCH",0,Yes
WCH_AUDIT,AVIAM,VND,vendor,2,0.29,Goal,Root/div/vendor,WCH_AUDIT/VND/AVIAM,1,No
WCH_AUDIT,WCH,AVIAM,function,3,100.0,Goal,Root/div/vendor/function,WCH_AUDIT/VND/AVIAM/WCH,0,Yes
WCH_AUDIT,Avianca Servicios,VND,vendor,2,0.01,Goal,Root/div/vendor,WCH_AUDIT/VND/Avianca Servicios,1,No
WCH_AUDIT,WCH,Avianca Servicios,function,3,100.0,Goal,Root/div/vendor/function,WCH_AUDIT/VND/Avianca Servicios/WCH,0,Yes
WCH_AUDIT,Aviance,VND,vendor,2,0.01,Goal,Root/div/vendor,WCH_AUDIT/VND/Aviance,1,No
WCH_AUDIT,WCH,Aviance,function,3,100.0,Goal,Root/div/vendor/function,WCH_AUDIT/VND/Aviance/WCH,0,Yes
WCH_AUDIT,AviaPartner,VND,vendor,2,0.15,Goal,Root/div/vendor,WCH_AUDIT/VND/AviaPartner,1,No
WCH_AUDIT,WCH,AviaPartner,function,3,100.0,Goal,Root/div/vendor/function,WCH_AUDIT/VND/AviaPartner/WCH,0,Yes
WCH_AUDIT,Aviaserve Ltd.,VND,vendor,2,0.33,Goal,Root/div/vendor,WCH_AUDIT/VND/Aviaserve Ltd.,1,No
WCH_AUDIT,WCH,Aviaserve Ltd.,function,3,100.0,Goal,Root/div/vendor/function,WCH_AUDIT/VND/Aviaserve Ltd./WCH,0,Yes
WCH_AUDIT,Aviation Security,VND,vendor,2,0.31,Goal,Root/div/vendor,WCH_AUDIT/VND/Aviation Security,1,No
WCH_AUDIT,WCH,Aviation Security,function,3,100.0,Goal,Root/div/vendor/function,WCH_AUDIT/VND/Aviation Security/WCH,0,Yes
WCH_AUDIT,Aviation Services,VND,vendor,2,0.18,Goal,Root/div/vendor,WCH_AUDIT/VND/Aviation Services,1,No
WCH_AUDIT,WCH,Aviation Services,function,3,100.0,Goal,Root/div/vendor/function,WCH_AUDIT/VND/Aviation Services/WCH,0,Yes
WCH_AUDIT,"Aviation, Prosegur Services Group, Inc.",VND,vendor,2,0.08,Goal,Root/div/vendor,"WCH_AUDIT/VND/Aviation, Prosegur Services Group, Inc.",1,No
WCH_AUDIT,WCH,"Aviation, Prosegur Services Group, Inc.",function,3,100.0,Goal,Root/div/vendor/function,"WCH_AUDIT/VND/Aviation, Prosegur Services Group, Inc./WCH",0,Yes
WCH_AUDIT,BAGGAGE AIRLINE GUEST SERVICES,VND,vendor,2,0.25,Goal,Root/div/vendor,WCH_AUDIT/VND/BAGGAGE AIRLINE GUEST SERVICES,1,No
WCH_AUDIT,WCH,BAGGAGE AIRLINE GUEST SERVICES,function,3,100.0,Goal,Root/div/vendor/function,WCH_AUDIT/VND/BAGGAGE AIRLINE GUEST SERVICES/WCH,0,Yes
WCH_AUDIT,"Bags, Inc.",VND,vendor,2,0.19,Goal,Root/div/vendor,"WCH_AUDIT/VND/Bags, Inc.",1,No
WCH_AUDIT,WCH,"Bags, Inc.",function,3,100.0,Goal,Root/div/vendor/function,"WCH_AUDIT/VND/Bags, Inc./WCH",0,Yes
WCH_AUDIT,BGS,VND,vendor,2,0.31,Goal,Root/div/vendor,WCH_AUDIT/VND/BGS,1,No
WCH_AUDIT,WCH,BGS,function,3,100.0,Goal,Root/div/vendor/function,WCH_AUDIT/VND/BGS/WCH,0,Yes
WCH_AUDIT,Bird Worldwide Flight Service Mumbai Pvt. Ltd,VND,vendor,2,0.09,Goal,Root/div/vendor,WCH_AUDIT/VND/Bird Worldwide Flight Service Mumbai Pvt. Ltd,1,No
WCH_AUDIT,WCH,Bird Worldwide Flight Service Mumbai Pvt. Ltd,function,3,100.0,Goal,Root/div/vendor/function,WCH_AUDIT/VND/Bird Worldwide Flight Service Mumbai Pvt. Ltd/WCH,0,Yes
WCH_AUDIT,BLAS,VND,vendor,2,0.3,Goal,Root/div/vendor,WCH_AUDIT/VND/BLAS,1,No
WCH_AUDIT,WCH,BLAS,function,3,100.0,Goal,Root/div/vendor/function,WCH_AUDIT/VND/BLAS/WCH,0,Yes
WCH_AUDIT,CargoMobility,VND,vendor,2,0.1,Goal,Root/div/vendor,WCH_AUDIT/VND/CargoMobility,1,No
WCH_AUDIT,WCH,CargoMobility,function,3,100.0,Goal,Root/div/vendor/function,WCH_AUDIT/VND/CargoMobility/WCH,0,Yes
WCH_AUDIT,Caribbean Aircraft Handling,VND,vendor,2,0.2,Goal,Root/div/vendor,WCH_AUDIT/VND/Caribbean Aircraft Handling,1,No
WCH_AUDIT,WCH,Caribbean Aircraft Handling,function,3,100.0,Goal,Root/div/vendor/function,WCH_AUDIT/VND/Caribbean Aircraft Handling/WCH,0,Yes
WCH_AUDIT,Caribbean Dispatch,VND,vendor,2,0.24,Goal,Root/div/vendor,WCH_AUDIT/VND/Caribbean Dispatch,1,No
WCH_AUDIT,WCH,Caribbean Dispatch,function,3,100.0,Goal,Root/div/vendor/function,WCH_AUDIT/VND/Caribbean Dispatch/WCH,0,Yes
WCH_AUDIT,China Airlines,VND,vendor,2,0.07,Goal,Root/div/vendor,WCH_AUDIT/VND/China Airlines,1,No
WCH_AUDIT,WCH,China Airlines,function,3,100.0,Goal,Root/div/vendor/function,WCH_AUDIT/VND/China Airlines/WCH,0,Yes
WCH_AUDIT,China Eastern,VND,vendor,2,0.23,Goal,Root/div/vendor,WCH_AUDIT/VND/China Eastern,1,No
WCH_AUDIT,WCH,China Eastern,function,3,100.0,Goal,Root/div/vendor/function,WCH_AUDIT/VND/China Eastern/WCH,0,Yes
WCH_AUDIT,CITY OF MELBOURNE,VND,vendor,2,0.4,Goal,Root/div/vendor,WCH_AUDIT/VND/CITY OF MELBOURNE,1,No
WCH_AUDIT,WCH,CITY OF MELBOURNE,function,3,100.0,Goal,Root/div/vendor/function,WCH_AUDIT/VND/CITY OF MELBOURNE/WCH,0,Yes
WCH_AUDIT,CKTS,VND,vendor,2,0.28,Goal,Root/div/vendor,WCH_AUDIT/VND/CKTS,1,No
WCH_AUDIT,WCH,CKTS,function,3,100.0,Goal,Root/div/vendor/function,WCH_AUDIT/VND/CKTS/WCH,0,Yes
WCH_AUDIT,Colossal,VND,vendor,2,0.15,Goal,Root/div/vendor,WCH_AUDIT/VND/Colossal,1,No
WCH_AUDIT,WCH,Colossal,function,3,100.0,Goal,Root/div/vendor/function,WCH_AUDIT/VND/Colossal/WCH,0,Yes
WCH_AUDIT,COUNTY OF VOLUSIA,VND,vendor,2,0.0,Goal,Root/div/vendor,WCH_AUDIT/VND/COUNTY OF VOLUSIA,1,No
WCH_AUDIT,WCH,COUNTY OF VOLUSIA,function,3,100.0,Goal,Root/div/vendor/function,WCH_AUDIT/VND/COUNTY OF VOLUSIA/WCH,0,Yes
WCH_AUDIT,Delta,VND,vendor,2,0.29,Goal,Root/div/vendor,WCH_AUDIT/VND/Delta,1,No
WCH_AUDIT,WCH,Delta,function,3,100.0,Goal,Root/div/vendor/function,WCH_AUDIT/VND/Delta/WCH,0,Yes
WCH_AUDIT,Dispatch Services Antigua,VND,vendor,2,0.04,Goal,Root/div/vendor,WCH_AUDIT/VND/Dispatch Services Antigua,1,No
WCH_AUDIT,WCH,Dispatch Services Antigua,function,3,100.0,Goal,Root/div/vendor/function,WCH_AUDIT/VND/Dispatch Services Antigua/WCH,0,Yes
WCH_AUDIT,dnata,VND,vendor,2,0.19,Goal,Root/div/vendor,WCH_AUDIT/VND/dnata,1,No
WCH_AUDIT,WCH,dnata,function,3,100.0,Goal,Root/div/vendor/function,WCH_AUDIT/VND/dnata/WCH,0,Yes
WCH_AUDIT,Dubrovnik Airport Ltd.,VND,vendor,2,0.34,Goal,Root/div/vendor,WCH_AUDIT/VND/Dubrovnik Airport Ltd.,1,No
WCH_AUDIT,WCH,Dubrovnik Airport Ltd.,function,3,100.0,Goal,Root/div/vendor/function,WCH_AUDIT/VND/Dubrovnik Airport Ltd./WCH,0,Yes
WCH_AUDIT,EAAI,VND,vendor,2,0.36,Goal,Root/div/vendor,WCH_AUDIT/VND/EAAI,1,No
WCH_AUDIT,WCH,EAAI,function,3,100.0,Goal,Root/div/vendor/function,WCH_AUDIT/VND/EAAI/WCH,0,Yes
WCH_AUDIT,ECASA,VND,vendor,2,0.28,Goal,Root/div/vendor,WCH_AUDIT/VND/ECASA,1,No
WCH_AUDIT,WCH,ECASA,function,3,100.0,Goal,Root/div/vendor/function,WCH_AUDIT/VND/ECASA/WCH,0,Yes
WCH_AUDIT,EMSA AIRPORT SERVICES S.A.,VND,vendor,2,0.11,Goal,Root/div/vendor,WCH_AUDIT/VND/EMSA AIRPORT SERVICES S.A.,1,No
WCH_AUDIT,WCH,EMSA AIRPORT SERVICES S.A.,function,3,100.0,Goal,Root/div/vendor/function,WCH_AUDIT/VND/EMSA AIRPORT SERVICES S.A./WCH,0,Yes
WCH_AUDIT,Eulen,VND,vendor,2,0.25,Goal,Root/div/vendor,WCH_AUDIT/VND/Eulen,1,No
WCH_AUDIT,WCH,Eulen,function,3,100.0,Goal,Root/div/vendor/function,WCH_AUDIT/VND/Eulen/WCH,0,Yes
WCH_AUDIT,Executive Aviation,VND,vendor,2,0.38,Goal,Root/div/vendor,WCH_AUDIT/VND/Executive Aviation,1,No
WCH_AUDIT,WCH,Executive Aviation,function,3,100.0,Goal,Root/div/vendor/function,WCH_AUDIT/VND/Executive Aviation/WCH,0,Yes
WCH_AUDIT,FADS,VND,vendor,2,0.37,Goal,Root/div/vendor,WCH_AUDIT/VND/FADS,1,No
WCH_AUDIT,WCH,FADS,function,3,100.0,Goal,Root/div/vendor/function,WCH_AUDIT/VND/FADS/WCH,0,Yes
WCH_AUDIT,"FLIGHT SERVICES & SYSTEMS, INC.",VND,vendor,2,0.04,Goal,Root/div/vendor,"WCH_AUDIT/VND/FLIGHT SERVICES & SYSTEMS, INC.",1,No
WCH_AUDIT,WCH,"FLIGHT SERVICES & SYSTEMS, INC.",function,3,100.0,Goal,Root/div/vendor/function,"WCH_AUDIT/VND/FLIGHT SERVICES & SYSTEMS, INC./WCH",0,Yes
WCH_AUDIT,Flightcraft Aviation Services,VND,vendor,2,0.12,Goal,Root/div/vendor,WCH_AUDIT/VND/Flightcraft Aviation Services,1,No
WCH_AUDIT,WCH,Flightcraft Aviation Services,function,3,100.0,Goal,Root/div/vendor/function,WCH_AUDIT/VND/Flightcraft Aviation Services/WCH,0,Yes
WCH_AUDIT,FlightSupport,VND,vendor,2,0.06,Goal,Root/div/vendor,WCH_AUDIT/VND/FlightSupport,1,No
WCH_AUDIT,WCH,FlightSupport,function,3,100.0,Goal,Root/div/vendor/function,WCH_AUDIT/VND/FlightSupport/WCH,0,Yes
WCH_AUDIT,FMG,VND,vendor,2,0.35,Goal,Root/div/vendor,WCH_AUDIT/VND/FMG,1,No
WCH_AUDIT,WCH,FMG,function,3,100.0,Goal,Root/div/vendor/function,WCH_AUDIT/VND/FMG/WCH,0,Yes
WCH_AUDIT,G2,VND,vendor,2,0.05,Goal,Root/div/vendor,WCH_AUDIT/VND/G2,1,No
WCH_AUDIT,WCH,G2,function,3,100.0,Goal,Root/div/vendor/function,WCH_AUDIT/VND/G2/WCH,0,Yes
WCH_AUDIT,GAT,VND,vendor,2,0.25,Goal,Root/div/vendor,WCH_AUDIT/VND/GAT,1,No
WCH_AUDIT,WCH,GAT,function,3,100.0,Goal,Root/div/vendor/function,WCH_AUDIT/VND/GAT/WCH,0,Yes
WCH_AUDIT,"GATEWAY SECURITY, INC.",VND,vendor,2,0.15,Goal,Root/div/vendor,"WCH_AUDIT/VND/GATEWAY SECURITY, INC.",1,No
WCH_AUDIT,WCH,"GATEWAY SECURITY, INC.",function,3,100.0,Goal,Root/div/vendor/function,"WCH_AUDIT/VND/GATEWAY SECURITY, INC./WCH",0,Yes
WCH_AUDIT,GCG GROUND SERVICES LLC,VND,vendor,2,0.28,Goal,Root/div/vendor,WCH_AUDIT/VND/GCG GROUND SERVICES LLC,1,No
WCH_AUDIT,WCH,GCG GROUND SERVICES LLC,function,3,100.0,Goal,Root/div/vendor/function,WCH_AUDIT/VND/GCG GROUND SERVICES LLC/WCH,0,Yes
WCH_AUDIT,GDL GROUND HANDLING SA DE CV,VND,vendor,2,0.16,Goal,Root/div/vendor,WCH_AUDIT/VND/GDL GROUND HANDLING SA DE CV,1,No
WCH_AUDIT,WCH,GDL GROUND HANDLING SA DE CV,function,3,100.0,Goal,Root/div/vendor/function,WCH_AUDIT/VND/GDL GROUND HANDLING SA DE CV/WCH,0,Yes
WCH_AUDIT,GDL GROUND HANDLING SADE CV,VND,vendor,2,0.17,Goal,Root/div/vendor,WCH_AUDIT/VND/GDL GROUND HANDLING SADE CV,1,No
WCH_AUDIT,WCH,GDL GROUND HANDLING SADE CV,function,3,100.0,Goal,Root/div/vendor/function,WCH_AUDIT/VND/GDL GROUND HANDLING SADE CV/WCH,0,Yes
WCH_AUDIT,Geasar SpA,VND,vendor,2,0.05,Goal,Root/div/vendor,WCH_AUDIT/VND/Geasar SpA,1,No
WCH_AUDIT,WCH,Geasar SpA,function,3,100.0,Goal,Root/div/vendor/function,WCH_AUDIT/VND/Geasar SpA/WCH,0,Yes
WCH_AUDIT,General Air Services N.V.,VND,vendor,2,0.1,Goal,Root/div/vendor,WCH_AUDIT/VND/General Air Services N.V.,1,No
WCH_AUDIT,WCH,General Air Services N.V.,function,3,100.0,Goal,Root/div/vendor/function,WCH_AUDIT/VND/General Air Services N.V./WCH,0,Yes
WCH_AUDIT,General Security Service,VND,vendor,2,0.12,Goal,Root/div/vendor,WCH_AUDIT/VND/General Security Service,1,No
WCH_AUDIT,WCH,General Security Service,function,3,100.0,Goal,Root/div/vendor/function,WCH_AUDIT/VND/General Security Service/WCH,0,Yes
WCH_AUDIT,GERALD R. FORD INTERNATIONAL,VND,vendor,2,0.13,Goal,Root/div/vendor,WCH_AUDIT/VND/GERALD R. FORD INTERNATIONAL,1,No
WCH_AUDIT,WCH,GERALD R. FORD INTERNATIONAL,function,3,100.0,Goal,Root/div/vendor/function,WCH_AUDIT/VND/GERALD R. FORD INTERNATIONAL/WCH,0,Yes
WCH_AUDIT,GH Aircraft Cleaning Services,VND,vendor,2,0.15,Goal,Root/div/vendor,WCH_AUDIT/VND/GH Aircraft Cleaning Services,1,No
WCH_AUDIT,WCH,GH Aircraft Cleaning Services,function,3,100.0,Goal,Root/div/vendor/function,WCH_AUDIT/VND/GH Aircraft Cleaning Services/WCH,0,Yes
WCH_AUDIT,GH Catania,VND,vendor,2,0.05,Goal,Root/div/vendor,WCH_AUDIT/VND/GH Catania,1,No
WCH_AUDIT,WCH,GH Catania,function,3,100.0,Goal,Root/div/vendor/function,WCH_AUDIT/VND/GH Catania/WCH,0,Yes
WCH_AUDIT,GH Napoli,VND,vendor,2,0.06,Goal,Root/div/vendor,WCH_AUDIT/VND/GH Napoli,1,No
WCH_AUDIT,WCH,GH Napoli,function,3,100.0,Goal,Root/div/vendor/function,WCH_AUDIT/VND/GH Napoli/WCH,0,Yes
WCH_AUDIT,Grand Bahama,VND,vendor,2,0.23,Goal,Root/div/vendor,WCH_AUDIT/VND/Grand Bahama,1,No
WCH_AUDIT,WCH,Grand Bahama,function,3,100.0,Goal,Root/div/vendor/function,WCH_AUDIT/VND/Grand Bahama/WCH,0,Yes
WCH_AUDIT,GROUNDFORCE BCN 2023 UTE,VND,vendor,2,0.24,Goal,Root/div/vendor,WCH_AUDIT/VND/GROUNDFORCE BCN 2023 UTE,1,No
WCH_AUDIT,WCH,GROUNDFORCE BCN 2023 UTE,function,3,100.0,Goal,Root/div/vendor/function,WCH_AUDIT/VND/GROUNDFORCE BCN 2023 UTE/WCH,0,Yes
WCH_AUDIT,GROUNDFORCE MAD 2023 UTE,VND,vendor,2,0.18,Goal,Root/div/vendor,WCH_AUDIT/VND/GROUNDFORCE MAD 2023 UTE,1,No
WCH_AUDIT,WCH,GROUNDFORCE MAD 2023 UTE,function,3,100.0,Goal,Root/div/vendor/function,WCH_AUDIT/VND/GROUNDFORCE MAD 2023 UTE/WCH,0,Yes
WCH_AUDIT,Groundforce,VND,vendor,2,0.39,Goal,Root/div/vendor,WCH_AUDIT/VND/Groundforce,1,No
WCH_AUDIT,WCH,Groundforce,function,3,100.0,Goal,Root/div/vendor/function,WCH_AUDIT/VND/Groundforce/WCH,0,Yes
WCH_AUDIT,GROUP OF PRIVATE SECURITY S.R.L.,VND,vendor,2,0.11,Goal,Root/div/vendor,WCH_AUDIT/VND/GROUP OF PRIVATE SECURITY S.R.L.,1,No
WCH_AUDIT,WCH,GROUP OF PRIVATE SECURITY S.R.L.,function,3,100.0,Goal,Root/div/vendor/function,WCH_AUDIT/VND/GROUP OF PRIVATE SECURITY S.R.L./WCH,0,Yes
WCH_AUDIT,HAECO,VND,vendor,2,0.19,Goal,Root/div/vendor,WCH_AUDIT/VND/HAECO,1,No
WCH_AUDIT,WCH,HAECO,function,3,100.0,Goal,Root/div/vendor/function,WCH_AUDIT/VND/HAECO/WCH,0,Yes
WCH_AUDIT,Hammaserco,VND,vendor,2,0.2,Goal,Root/div/vendor,WCH_AUDIT/VND/Hammaserco,1,No
WCH_AUDIT,WCH,Hammaserco,function,3,100.0,Goal,Root/div/vendor/function,WCH_AUDIT/VND/Hammaserco/WCH,0,Yes
WCH_AUDIT,Haneda Turtle Service,VND,vendor,2,0.08,Goal,Root/div/vendor,WCH_AUDIT/VND/Haneda Turtle Service,1,No
WCH_AUDIT,WCH,Haneda Turtle Service,function,3,100.0,Goal,Root/div/vendor/function,WCH_AUDIT/VND/Haneda Turtle Service/WCH,0,Yes
WCH_AUDIT,HAS,VND,vendor,2,0.08,Goal,Root/div/vendor,WCH_AUDIT/VND/HAS,1,No
WCH_AUDIT,WCH,HAS,function,3,100.0,Goal,Root/div/vendor/function,WCH_AUDIT/VND/HAS/WCH,0,Yes
WCH_AUDIT,Hernandez Express,VND,vendor,2,0.24,Goal,Root/div/vendor,WCH_AUDIT/VND/Hernandez Express,1,No
WCH_AUDIT,WCH,Hernandez Express,function,3,100.0,Goal,Root/div/vendor/function,WCH_AUDIT/VND/Hernandez Express/WCH,0,Yes
WCH_AUDIT,HHS Aviation,VND,vendor,2,0.03,Goal,Root/div/vendor,WCH_AUDIT/VND/HHS Aviation,1,No
WCH_AUDIT,WCH,HHS Aviation,function,3,100.0,Goal,Root/div/vendor/function,WCH_AUDIT/VND/HHS Aviation/WCH,0,Yes
WCH_AUDIT,HUNTLEIGH USA CORP,VND,vendor,2,0.06,Goal,Root/div/vendor,WCH_AUDIT/VND/HUNTLEIGH USA CORP,1,No
WCH_AUDIT,WCH,HUNTLEIGH USA CORP,function,3,100.0,Goal,Root/div/vendor/function,WCH_AUDIT/VND/HUNTLEIGH USA CORP/WCH,0,Yes
WCH_AUDIT,Intercargo,VND,vendor,2,0.37,Goal,Root/div/vendor,WCH_AUDIT/VND/Intercargo,1,No
WCH_AUDIT,WCH,Intercargo,function,3,100.0,Goal,Root/div/vendor/function,WCH_AUDIT/VND/Intercargo/WCH,0,Yes
WCH_AUDIT,InterPacific,VND,vendor,2,0.15,Goal,Root/div/vendor,WCH_AUDIT/VND/InterPacific,1,No
WCH_AUDIT,WCH,InterPacific,function,3,100.0,Goal,Root/div/vendor/function,WCH_AUDIT/VND/InterPacific/WCH,0,Yes
WCH_AUDIT,Inzunza Villanueva SPA,VND,vendor,2,0.27,Goal,Root/div/vendor,WCH_AUDIT/VND/Inzunza Villanueva SPA,1,No
WCH_AUDIT,WCH,Inzunza Villanueva SPA,function,3,100.0,Goal,Root/div/vendor/function,WCH_AUDIT/VND/Inzunza Villanueva SPA/WCH,0,Yes
WCH_AUDIT,JACKSON CONTRACT SERVICES LLC,VND,vendor,2,0.03,Goal,Root/div/vendor,WCH_AUDIT/VND/JACKSON CONTRACT SERVICES LLC,1,No
WCH_AUDIT,WCH,JACKSON CONTRACT SERVICES LLC,function,3,100.0,Goal,Root/div/vendor/function,WCH_AUDIT/VND/JACKSON CONTRACT SERVICES LLC/WCH,0,Yes
WCH_AUDIT,Jet Air,VND,vendor,2,0.35,Goal,Root/div/vendor,WCH_AUDIT/VND/Jet Air,1,No
WCH_AUDIT,WCH,Jet Air,function,3,100.0,Goal,Root/div/vendor/function,WCH_AUDIT/VND/Jet Air/WCH,0,Yes
WCH_AUDIT,KLM,VND,vendor,2,0.35,Goal,Root/div/vendor,WCH_AUDIT/VND/KLM,1,No
WCH_AUDIT,WCH,KLM,function,3,100.0,Goal,Root/div/vendor/function,WCH_AUDIT/VND/KLM/WCH,0,Yes
WCH_AUDIT,Korean Air,VND,vendor,2,0.36,Goal,Root/div/vendor,WCH_AUDIT/VND/Korean Air,1,No
WCH_AUDIT,WCH,Korean Air,function,3,100.0,Goal,Root/div/vendor/function,WCH_AUDIT/VND/Korean Air/WCH,0,Yes
WCH_AUDIT,"LAATS, S.A.",VND,vendor,2,0.08,Goal,Root/div/vendor,"WCH_AUDIT/VND/LAATS, S.A.",1,No
WCH_AUDIT,WCH,"LAATS, S.A.",function,3,100.0,Goal,Root/div/vendor/function,"WCH_AUDIT/VND/LAATS, S.A./WCH",0,Yes
WCH_AUDIT,Longport,VND,vendor,2,0.11,Goal,Root/div/vendor,WCH_AUDIT/VND/Longport,1,No
WCH_AUDIT,WCH,Longport,function,3,100.0,Goal,Root/div/vendor/function,WCH_AUDIT/VND/Longport/WCH,0,Yes
WCH_AUDIT,LUIS JIMENO COMUNICACIONES Y,VND,vendor,2,0.35,Goal,Root/div/vendor,WCH_AUDIT/VND/LUIS JIMENO COMUNICACIONES Y,1,No
WCH_AUDIT,WCH,LUIS JIMENO COMUNICACIONES Y,function,3,100.0,Goal,Root/div/vendor/function,WCH_AUDIT/VND/LUIS JIMENO COMUNICACIONES Y/WCH,0,Yes
WCH_AUDIT,Maximus Global Services,VND,vendor,2,0.23,Goal,Root/div/vendor,WCH_AUDIT/VND/Maximus Global Services,1,No
WCH_AUDIT,WCH,Maximus Global Services,function,3,100.0,Goal,Root/div/vendor/function,WCH_AUDIT/VND/Maximus Global Services/WCH,0,Yes
WCH_AUDIT,Menzies Aviation,VND,vendor,2,0.22,Goal,Root/div/vendor,WCH_AUDIT/VND/Menzies Aviation,1,No
WCH_AUDIT,WCH,Menzies Aviation,function,3,100.0,Goal,Root/div/vendor/function,WCH_AUDIT/VND/Menzies Aviation/WCH,0,Yes
WCH_AUDIT,More Security Bahamas,VND,vendor,2,0.05,Goal,Root/div/vendor,WCH_AUDIT/VND/More Security Bahamas,1,No
WCH_AUDIT,WCH,More Security Bahamas,function,3,100.0,Goal,Root/div/vendor/function,WCH_AUDIT/VND/More Security Bahamas/WCH,0,Yes
WCH_AUDIT,Multi Services Group,VND,vendor,2,0.23,Goal,Root/div/vendor,WCH_AUDIT/VND/Multi Services Group,1,No
WCH_AUDIT,WCH,Multi Services Group,function,3,100.0,Goal,Root/div/vendor/function,WCH_AUDIT/VND/Multi Services Group/WCH,0,Yes
WCH_AUDIT,NAHCo,VND,vendor,2,0.37,Goal,Root/div/vendor,WCH_AUDIT/VND/NAHCo,1,No
WCH_AUDIT,WCH,NAHCo,function,3,100.0,Goal,Root/div/vendor/function,WCH_AUDIT/VND/NAHCo/WCH,0,Yes
WCH_AUDIT,Omega Aviation,VND,vendor,2,0.16,Goal,Root/div/vendor,WCH_AUDIT/VND/Omega Aviation,1,No
WCH_AUDIT,WCH,Omega Aviation,function,3,100.0,Goal,Root/div/vendor/function,WCH_AUDIT/VND/Omega Aviation/WCH,0,Yes
WCH_AUDIT,ORBITAL SERV AUXILIARES TRANS AEREO,VND,vendor,2,0.24,Goal,Root/div/vendor,WCH_AUDIT/VND/ORBITAL SERV AUXILIARES TRANS AEREO,1,No
WCH_AUDIT,WCH,ORBITAL SERV AUXILIARES TRANS AEREO,function,3,100.0,Goal,Root/div/vendor/function,WCH_AUDIT/VND/ORBITAL SERV AUXILIARES TRANS AEREO/WCH,0,Yes
WCH_AUDIT,ORION SOPORTE Y SERVICIOS,VND,vendor,2,0.29,Goal,Root/div/vendor,WCH_AUDIT/VND/ORION SOPORTE Y SERVICIOS,1,No
WCH_AUDIT,WCH,ORION SOPORTE Y SERVICIOS,function,3,100.0,Goal,Root/div/vendor/function,WCH_AUDIT/VND/ORION SOPORTE Y SERVICIOS/WCH,0,Yes
WCH_AUDIT,Passenger Handling Services,VND,vendor,2,0.16,Goal,Root/div/vendor,WCH_AUDIT/VND/Passenger Handling Services,1,No
WCH_AUDIT,WCH,Passenger Handling Services,function,3,100.0,Goal,Root/div/vendor/function,WCH_AUDIT/VND/Passenger Handling Services/WCH,0,Yes
WCH_AUDIT,PAX ASSIST INC,VND,vendor,2,0.1,Goal,Root/div/vendor,WCH_AUDIT/VND/PAX ASSIST INC,1,No
WCH_AUDIT,WCH,PAX ASSIST INC,function,3,100.0,Goal,Root/div/vendor/function,WCH_AUDIT/VND/PAX ASSIST INC/WCH,0,Yes
WCH_AUDIT,Pegasus,VND,vendor,2,0.23,Goal,Root/div/vendor,WCH_AUDIT/VND/Pegasus,1,No
WCH_AUDIT,WCH,Pegasus,function,3,100.0,Goal,Root/div/vendor/function,WCH_AUDIT/VND/Pegasus/WCH,0,Yes
WCH_AUDIT,Portway,VND,vendor,2,0.08,Goal,Root/div/vendor,WCH_AUDIT/VND/Portway,1,No
WCH_AUDIT,WCH,Portway,function,3,100.0,Goal,Root/div/vendor/function,WCH_AUDIT/VND/Portway/WCH,0,Yes
WCH_AUDIT,PRIMEFLIGHT AVIATION SERVICES CANADA,VND,vendor,2,0.22,Goal,Root/div/vendor,WCH_AUDIT/VND/PRIMEFLIGHT AVIATION SERVICES CANADA,1,No
WCH_AUDIT,WCH,PRIMEFLIGHT AVIATION SERVICES CANADA,function,3,100.0,Goal,Root/div/vendor/function,WCH_AUDIT/VND/PRIMEFLIGHT AVIATION SERVICES CANADA/WCH,0,Yes
WCH_AUDIT,PrimeFlight,VND,vendor,2,0.17,Goal,Root/div/vendor,WCH_AUDIT/VND/PrimeFlight,1,No
WCH_AUDIT,WCH,PrimeFlight,function,3,100.0,Goal,Root/div/vendor/function,WCH_AUDIT/VND/PrimeFlight/WCH,0,Yes
WCH_AUDIT,PROFESSIONAL AIRLINE TERMINAL,VND,vendor,2,0.32,Goal,Root/div/vendor,WCH_AUDIT/VND/PROFESSIONAL AIRLINE TERMINAL,1,No
WCH_AUDIT,WCH,PROFESSIONAL AIRLINE TERMINAL,function,3,100.0,Goal,Root/div/vendor/function,WCH_AUDIT/VND/PROFESSIONAL AIRLINE TERMINAL/WCH,0,Yes
WCH_AUDIT,Prospect,VND,vendor,2,0.17,Goal,Root/div/vendor,WCH_AUDIT/VND/Prospect,1,No
WCH_AUDIT,WCH,Prospect,function,3,100.0,Goal,Root/div/vendor/function,WCH_AUDIT/VND/Prospect/WCH,0,Yes
WCH_AUDIT,QAS,VND,vendor,2,0.14,Goal,Root/div/vendor,WCH_AUDIT/VND/QAS,1,No
WCH_AUDIT,WCH,QAS,function,3,100.0,Goal,Root/div/vendor/function,WCH_AUDIT/VND/QAS/WCH,0,Yes
WCH_AUDIT,RAM Handling,VND,vendor,2,0.1,Goal,Root/div/vendor,WCH_AUDIT/VND/RAM Handling,1,No
WCH_AUDIT,WCH,RAM Handling,function,3,100.0,Goal,Root/div/vendor/function,WCH_AUDIT/VND/RAM Handling/WCH,0,Yes
WCH_AUDIT,Red Handling UK,VND,vendor,2,0.19,Goal,Root/div/vendor,WCH_AUDIT/VND/Red Handling UK,1,No
WCH_AUDIT,WCH,Red Handling UK,function,3,100.0,Goal,Root/div/vendor/function,WCH_AUDIT/VND/Red Handling UK/WCH,0,Yes
WCH_AUDIT,ROCHESTER INTERNATIONAL AIRPORT,VND,vendor,2,0.06,Goal,Root/div/vendor,WCH_AUDIT/VND/ROCHESTER INTERNATIONAL AIRPORT,1,No
WCH_AUDIT,WCH,ROCHESTER INTERNATIONAL AIRPORT,function,3,100.0,Goal,Root/div/vendor/function,WCH_AUDIT/VND/ROCHESTER INTERNATIONAL AIRPORT/WCH,0,Yes
WCH_AUDIT,S.A.S. SERVICES GROUP INC,VND,vendor,2,0.33,Goal,Root/div/vendor,WCH_AUDIT/VND/S.A.S. SERVICES GROUP INC,1,No
WCH_AUDIT,WCH,S.A.S. SERVICES GROUP INC,function,3,100.0,Goal,Root/div/vendor/function,WCH_AUDIT/VND/S.A.S. SERVICES GROUP INC/WCH,0,Yes
WCH_AUDIT,SAG,VND,vendor,2,0.17,Goal,Root/div/vendor,WCH_AUDIT/VND/SAG,1,No
WCH_AUDIT,WCH,SAG,function,3,100.0,Goal,Root/div/vendor/function,WCH_AUDIT/VND/SAG/WCH,0,Yes
WCH_AUDIT,SAI,VND,vendor,2,0.3,Goal,Root/div/vendor,WCH_AUDIT/VND/SAI,1,No
WCH_AUDIT,WCH,SAI,function,3,100.0,Goal,Root/div/vendor/function,WCH_AUDIT/VND/SAI/WCH,0,Yes
WCH_AUDIT,Samsic Assistance Canada Inc.,VND,vendor,2,0.14,Goal,Root/div/vendor,WCH_AUDIT/VND/Samsic Assistance Canada Inc.,1,No
WCH_AUDIT,WCH,Samsic Assistance Canada Inc.,function,3,100.0,Goal,Root/div/vendor/function,WCH_AUDIT/VND/Samsic Assistance Canada Inc./WCH,0,Yes
WCH_AUDIT,SAMSIC HANDLING DOMINICANA S.A.S,VND,vendor,2,0.34,Goal,Root/div/vendor,WCH_AUDIT/VND/SAMSIC HANDLING DOMINICANA S.A.S,1,No
WCH_AUDIT,WCH,SAMSIC HANDLING DOMINICANA S.A.S,function,3,100.0,Goal,Root/div/vendor/function,WCH_AUDIT/VND/SAMSIC HANDLING DOMINICANA S.A.S/WCH,0,Yes
WCH_AUDIT,SAN ANTONIO AIRLINES,VND,vendor,2,0.29,Goal,Root/div/vendor,WCH_AUDIT/VND/SAN ANTONIO AIRLINES,1,No
WCH_AUDIT,WCH,SAN ANTONIO AIRLINES,function,3,100.0,Goal,Root/div/vendor/function,WCH_AUDIT/VND/SAN ANTONIO AIRLINES/WCH,0,Yes
WCH_AUDIT,SAS,VND,vendor,2,0.1,Goal,Root/div/vendor,WCH_AUDIT/VND/SAS,1,No
WCH_AUDIT,WCH,SAS,function,3,100.0,Goal,Root/div/vendor/function,WCH_AUDIT/VND/SAS/WCH,0,Yes
WCH_AUDIT,Savannah Airport Commission,VND,vendor,2,0.28,Goal,Root/div/vendor,WCH_AUDIT/VND/Savannah Airport Commission,1,No
WCH_AUDIT,WCH,Savannah Airport Commission,function,3,100.0,Goal,Root/div/vendor/function,WCH_AUDIT/VND/Savannah Airport Commission/WCH,0,Yes
WCH_AUDIT,Security Associates Limited,VND,vendor,2,0.3,Goal,Root/div/vendor,WCH_AUDIT/VND/Security Associates Limited,1,No
WCH_AUDIT,WCH,Security Associates Limited,function,3,100.0,Goal,Root/div/vendor/function,WCH_AUDIT/VND/Security Associates Limited/WCH,0,Yes
WCH_AUDIT,SERVAIR,VND,vendor,2,0.33,Goal,Root/div/vendor,WCH_AUDIT/VND/SERVAIR,1,No
WCH_AUDIT,WCH,SERVAIR,function,3,100.0,Goal,Root/div/vendor/function,WCH_AUDIT/VND/SERVAIR/WCH,0,Yes
WCH_AUDIT,SERVICIOS A.T.,VND,vendor,2,0.05,Goal,Root/div/vendor,WCH_AUDIT/VND/SERVICIOS A.T.,1,No
WCH_AUDIT,WCH,SERVICIOS A.T.,function,3,100.0,Goal,Root/div/vendor/function,WCH_AUDIT/VND/SERVICIOS A.T./WCH,0,Yes
WCH_AUDIT,SHP,VND,vendor,2,0.04,Goal,Root/div/vendor,WCH_AUDIT/VND/SHP,1,No
WCH_AUDIT,WCH,SHP,function,3,100.0,Goal,Root/div/vendor/function,WCH_AUDIT/VND/SHP/WCH,0,Yes
WCH_AUDIT,SIERRA AVIATION GROUP - ONT,VND,vendor,2,0.08,Goal,Root/div/vendor,WCH_AUDIT/VND/SIERRA AVIATION GROUP - ONT,1,No
WCH_AUDIT,WCH,SIERRA AVIATION GROUP - ONT,function,3,100.0,Goal,Root/div/vendor/function,WCH_AUDIT/VND/SIERRA AVIATION GROUP - ONT/WCH,0,Yes
WCH_AUDIT,SKGS,VND,vendor,2,0.32,Goal,Root/div/vendor,WCH_AUDIT/VND/SKGS,1,No
WCH_AUDIT,WCH,SKGS,function,3,100.0,Goal,Root/div/vendor/function,WCH_AUDIT/VND/SKGS/WCH,0,Yes
WCH_AUDIT,SkyWest,VND,vendor,2,0.05,Goal,Root/div/vendor,WCH_AUDIT/VND/SkyWest,1,No
WCH_AUDIT,WCH,SkyWest,function,3,100.0,Goal,Root/div/vendor/function,WCH_AUDIT/VND/SkyWest/WCH,0,Yes
WCH_AUDIT,Strachan,VND,vendor,2,0.24,Goal,Root/div/vendor,WCH_AUDIT/VND/Strachan,1,No
WCH_AUDIT,WCH,Strachan,function,3,100.0,Goal,Root/div/vendor/function,WCH_AUDIT/VND/Strachan/WCH,0,Yes
WCH_AUDIT,STREAMLINE AIRPORT SERVICES,VND,vendor,2,0.08,Goal,Root/div/vendor,WCH_AUDIT/VND/STREAMLINE AIRPORT SERVICES,1,No
WCH_AUDIT,WCH,STREAMLINE AIRPORT SERVICES,function,3,100.0,Goal,Root/div/vendor/function,WCH_AUDIT/VND/STREAMLINE AIRPORT SERVICES/WCH,0,Yes
WCH_AUDIT,"SUPERIOR AIRCRAFT SERVICES, INC.",VND,vendor,2,0.23,Goal,Root/div/vendor,"WCH_AUDIT/VND/SUPERIOR AIRCRAFT SERVICES, INC.",1,No
WCH_AUDIT,WCH,"SUPERIOR AIRCRAFT SERVICES, INC.",function,3,100.0,Goal,Root/div/vendor/function,"WCH_AUDIT/VND/SUPERIOR AIRCRAFT SERVICES, INC./WCH",0,Yes
WCH_AUDIT,Swissport,VND,vendor,2,0.16,Goal,Root/div/vendor,WCH_AUDIT/VND/Swissport,1,No
WCH_AUDIT,WCH,Swissport,function,3,100.0,Goal,Root/div/vendor/function,WCH_AUDIT/VND/Swissport/WCH,0,Yes
WCH_AUDIT,Talma,VND,vendor,2,0.27,Goal,Root/div/vendor,WCH_AUDIT/VND/Talma,1,No
WCH_AUDIT,WCH,Talma,function,3,100.0,Goal,Root/div/vendor/function,WCH_AUDIT/VND/Talma/WCH,0,Yes
WCH_AUDIT,Tecnologias Unidas,VND,vendor,2,0.28,Goal,Root/div/vendor,WCH_AUDIT/VND/Tecnologias Unidas,1,No
WCH_AUDIT,WCH,Tecnologias Unidas,function,3,100.0,Goal,Root/div/vendor/function,WCH_AUDIT/VND/Tecnologias Unidas/WCH,0,Yes
WCH_AUDIT,Treasure,VND,vendor,2,0.15,Goal,Root/div/vendor,WCH_AUDIT/VND/Treasure,1,No
WCH_AUDIT,WCH,Treasure,function,3,100.0,Goal,Root/div/vendor/function,WCH_AUDIT/VND/Treasure/WCH,0,Yes
WCH_AUDIT,TriStar,VND,vendor,2,0.31,Goal,Root/div/vendor,WCH_AUDIT/VND/TriStar,1,No
WCH_AUDIT,WCH,TriStar,function,3,100.0,Goal,Root/div/vendor/function,WCH_AUDIT/VND/TriStar/WCH,0,Yes
WCH_AUDIT,Unifi,VND,vendor,2,0.34,Goal,Root/div/vendor,WCH_AUDIT/VND/Unifi,1,No
WCH_AUDIT,WCH,Unifi,function,3,100.0,Goal,Root/div/vendor/function,WCH_AUDIT/VND/Unifi/WCH,0,Yes
WCH_AUDIT,US Aviation,VND,vendor,2,0.07,Goal,Root/div/vendor,WCH_AUDIT/VND/US Aviation,1,No
WCH_AUDIT,WCH,US Aviation,function,3,100.0,Goal,Root/div/vendor/function,WCH_AUDIT/VND/US Aviation/WCH,0,Yes
WCH_AUDIT,Valley International Airport Ground Handling Services,VND,vendor,2,0.25,Goal,Root/div/vendor,WCH_AUDIT/VND/Valley International Airport Ground Handling Services,1,No
WCH_AUDIT,WCH,Valley International Airport Ground Handling Services,function,3,100.0,Goal,Root/div/vendor/function,WCH_AUDIT/VND/Valley International Airport Ground Handling Services/WCH,0,Yes
WCH_AUDIT,Warren,VND,vendor,2,0.3,Goal,Root/div/vendor,WCH_AUDIT/VND/Warren,1,No
WCH_AUDIT,WCH,Warren,function,3,100.0,Goal,Root/div/vendor/function,WCH_AUDIT/VND/Warren/WCH,0,Yes
WCH_AUDIT,WFS -Worldwide Flight Services,VND,vendor,2,0.3,Goal,Root/div/vendor,WCH_AUDIT/VND/WFS -Worldwide Flight Services,1,No
WCH_AUDIT,WCH,WFS -Worldwide Flight Services,function,3,100.0,Goal,Root/div/vendor/function,WCH_AUDIT/VND/WFS -Worldwide Flight Services/WCH,0,Yes
WCH_AUDIT,WISAG Aviation,VND,vendor,2,0.33,Goal,Root/div/vendor,WCH_AUDIT/VND/WISAG Aviation,1,No
WCH_AUDIT,WCH,WISAG Aviation,function,3,100.0,Goal,Root/div/vendor/function,WCH_AUDIT/VND/WISAG Aviation/WCH,0,Yes
WCH_AUDIT,Wisag,VND,vendor,2,0.36,Goal,Root/div/vendor,WCH_AUDIT/VND/Wisag,1,No
WCH_AUDIT,WCH,Wisag,function,3,100.0,Goal,Root/div/vendor/function,WCH_AUDIT/VND/Wisag/WCH,0,Yes
WCH_AUDIT,Wright Brothers,VND,vendor,2,0.22,Goal,Root/div/vendor,WCH_AUDIT/VND/Wright Brothers,1,No
WCH_AUDIT,WCH,Wright Brothers,function,3,100.0,Goal,Root/div/vendor/function,WCH_AUDIT/VND/Wright Brothers/WCH,0,Yes
