KPI,Node Name,Parent,Category,Tier,Contribution,Target/Goal,Category Path,Node Path,Child Count,Leaf
WCH_SCAN_COMP,WCH_SCAN_COMP,,Root,0,1,Goal,Root,WCH_SCAN_COMP,1,No
WCH_SCAN_COMP,VND,WCH_SCAN_COMP,div,1,100.0,Goal,Root/div,WCH_SCAN_COMP/VND,507,No
WCH_SCAN_COMP,",null,",VND,station,2,0.24,Goal,Root/div/station,"WCH_SCAN_COMP/VND/,null,",2,No
WCH_SCAN_COMP,",null,",",null,",vendor,3,44.95,Goal,Root/div/station/vendor,"WCH_SCAN_COMP/VND/,null,/,null,",1,No
WCH_SCAN_COMP,WCH,",null,",function,4,100.0,Goal,Root/div/station/vendor/function,"WCH_SCAN_COMP/VND/,null,/,null,/WCH",0,Yes
WCH_SCAN_COMP,WCH,",null,",function,3,55.05,Goal,Root/div/station/function,"WCH_SCAN_COMP/VND/,null,/WCH",0,Yes
WCH_SCAN_COMP,ABE,VND,station,2,0.15,Goal,Root/div/station,WCH_SCAN_COMP/VND/ABE,2,No
WCH_SCAN_COMP,",null,",ABE,vendor,3,40.06,Goal,Root/div/station/vendor,"WCH_SCAN_COMP/VND/ABE/,null,",1,No
WCH_SCAN_COMP,WCH,",null,",function,4,100.0,Goal,Root/div/station/vendor/function,"WCH_SCAN_COMP/VND/ABE/,null,/WCH",0,Yes
WCH_SCAN_COMP,Unifi,ABE,vendor,3,59.94,Goal,Root/div/station/vendor,WCH_SCAN_COMP/VND/ABE/Unifi,1,No
WCH_SCAN_COMP,WCH,Unifi,function,4,100.0,Goal,Root/div/station/vendor/function,WCH_SCAN_COMP/VND/ABE/Unifi/WCH,0,Yes
WCH_SCAN_COMP,ABQ,VND,station,2,0.36,Goal,Root/div/station,WCH_SCAN_COMP/VND/ABQ,2,No
WCH_SCAN_COMP,",null,",ABQ,vendor,3,46.32,Goal,Root/div/station/vendor,"WCH_SCAN_COMP/VND/ABQ/,null,",1,No
WCH_SCAN_COMP,WCH,",null,",function,4,100.0,Goal,Root/div/station/vendor/function,"WCH_SCAN_COMP/VND/ABQ/,null,/WCH",0,Yes
WCH_SCAN_COMP,PrimeFlight,ABQ,vendor,3,53.68,Goal,Root/div/station/vendor,WCH_SCAN_COMP/VND/ABQ/PrimeFlight,1,No
WCH_SCAN_COMP,WCH,PrimeFlight,function,4,100.0,Goal,Root/div/station/vendor/function,WCH_SCAN_COMP/VND/ABQ/PrimeFlight/WCH,0,Yes
WCH_SCAN_COMP,ABR,VND,station,2,0.36,Goal,Root/div/station,WCH_SCAN_COMP/VND/ABR,2,No
WCH_SCAN_COMP,",null,",ABR,vendor,3,74.56,Goal,Root/div/station/vendor,"WCH_SCAN_COMP/VND/ABR/,null,",1,No
WCH_SCAN_COMP,WCH,",null,",function,4,100.0,Goal,Root/div/station/vendor/function,"WCH_SCAN_COMP/VND/ABR/,null,/WCH",0,Yes
WCH_SCAN_COMP,Unifi,ABR,vendor,3,25.44,Goal,Root/div/station/vendor,WCH_SCAN_COMP/VND/ABR/Unifi,1,No
WCH_SCAN_COMP,WCH,Unifi,function,4,100.0,Goal,Root/div/station/vendor/function,WCH_SCAN_COMP/VND/ABR/Unifi/WCH,0,Yes
WCH_SCAN_COMP,ABY,VND,station,2,0.15,Goal,Root/div/station,WCH_SCAN_COMP/VND/ABY,2,No
WCH_SCAN_COMP,G2,ABY,vendor,3,33.02,Goal,Root/div/station/vendor,WCH_SCAN_COMP/VND/ABY/G2,1,No
WCH_SCAN_COMP,WCH,G2,function,4,100.0,Goal,Root/div/station/vendor/function,WCH_SCAN_COMP/VND/ABY/G2/WCH,0,Yes
WCH_SCAN_COMP,Menzies Aviation,ABY,vendor,3,66.98,Goal,Root/div/station/vendor,WCH_SCAN_COMP/VND/ABY/Menzies Aviation,1,No
WCH_SCAN_COMP,WCH,Menzies Aviation,function,4,100.0,Goal,Root/div/station/vendor/function,WCH_SCAN_COMP/VND/ABY/Menzies Aviation/WCH,0,Yes
WCH_SCAN_COMP,ACC,VND,station,2,0.29,Goal,Root/div/station,WCH_SCAN_COMP/VND/ACC,2,No
WCH_SCAN_COMP,AHS,ACC,vendor,3,60.04,Goal,Root/div/station/vendor,WCH_SCAN_COMP/VND/ACC/AHS,1,No
WCH_SCAN_COMP,WCH,AHS,function,4,100.0,Goal,Root/div/station/vendor/function,WCH_SCAN_COMP/VND/ACC/AHS/WCH,0,Yes
WCH_SCAN_COMP,Aviance,ACC,vendor,3,39.96,Goal,Root/div/station/vendor,WCH_SCAN_COMP/VND/ACC/Aviance,1,No
WCH_SCAN_COMP,WCH,Aviance,function,4,100.0,Goal,Root/div/station/vendor/function,WCH_SCAN_COMP/VND/ACC/Aviance/WCH,0,Yes
WCH_SCAN_COMP,ACK,VND,station,2,0.2,Goal,Root/div/station,WCH_SCAN_COMP/VND/ACK,1,No
WCH_SCAN_COMP,Unifi,ACK,vendor,3,100.0,Goal,Root/div/station/vendor,WCH_SCAN_COMP/VND/ACK/Unifi,1,No
WCH_SCAN_COMP,WCH,Unifi,function,4,100.0,Goal,Root/div/station/vendor/function,WCH_SCAN_COMP/VND/ACK/Unifi/WCH,0,Yes
WCH_SCAN_COMP,AEX,VND,station,2,0.38,Goal,Root/div/station,WCH_SCAN_COMP/VND/AEX,2,No
WCH_SCAN_COMP,",null,",AEX,vendor,3,46.64,Goal,Root/div/station/vendor,"WCH_SCAN_COMP/VND/AEX/,null,",1,No
WCH_SCAN_COMP,WCH,",null,",function,4,100.0,Goal,Root/div/station/vendor/function,"WCH_SCAN_COMP/VND/AEX/,null,/WCH",0,Yes
WCH_SCAN_COMP,Unifi,AEX,vendor,3,53.36,Goal,Root/div/station/vendor,WCH_SCAN_COMP/VND/AEX/Unifi,1,No
WCH_SCAN_COMP,WCH,Unifi,function,4,100.0,Goal,Root/div/station/vendor/function,WCH_SCAN_COMP/VND/AEX/Unifi/WCH,0,Yes
WCH_SCAN_COMP,AGP,VND,station,2,0.32,Goal,Root/div/station,WCH_SCAN_COMP/VND/AGP,1,No
WCH_SCAN_COMP,Airport,AGP,vendor,3,100.0,Goal,Root/div/station/vendor,WCH_SCAN_COMP/VND/AGP/Airport,1,No
WCH_SCAN_COMP,WCH,Airport,function,4,100.0,Goal,Root/div/station/vendor/function,WCH_SCAN_COMP/VND/AGP/Airport/WCH,0,Yes
WCH_SCAN_COMP,AGS,VND,station,2,0.24,Goal,Root/div/station,WCH_SCAN_COMP/VND/AGS,1,No
WCH_SCAN_COMP,Airport,AGS,vendor,3,100.0,Goal,Root/div/station/vendor,WCH_SCAN_COMP/VND/AGS/Airport,1,No
WCH_SCAN_COMP,WCH,Airport,function,4,100.0,Goal,Root/div/station/vendor/function,WCH_SCAN_COMP/VND/AGS/Airport/WCH,0,Yes
WCH_SCAN_COMP,AKL,VND,station,2,0.1,Goal,Root/div/station,WCH_SCAN_COMP/VND/AKL,2,No
WCH_SCAN_COMP,Menzies Aviation,AKL,vendor,3,78.89,Goal,Root/div/station/vendor,WCH_SCAN_COMP/VND/AKL/Menzies Aviation,1,No
WCH_SCAN_COMP,WCH,Menzies Aviation,function,4,100.0,Goal,Root/div/station/vendor/function,WCH_SCAN_COMP/VND/AKL/Menzies Aviation/WCH,0,Yes
WCH_SCAN_COMP,Swissport,AKL,vendor,3,21.11,Goal,Root/div/station/vendor,WCH_SCAN_COMP/VND/AKL/Swissport,1,No
WCH_SCAN_COMP,WCH,Swissport,function,4,100.0,Goal,Root/div/station/vendor/function,WCH_SCAN_COMP/VND/AKL/Swissport/WCH,0,Yes
WCH_SCAN_COMP,ALB,VND,station,2,0.34,Goal,Root/div/station,WCH_SCAN_COMP/VND/ALB,2,No
WCH_SCAN_COMP,",null,",ALB,vendor,3,6.0,Goal,Root/div/station/vendor,"WCH_SCAN_COMP/VND/ALB/,null,",1,No
WCH_SCAN_COMP,WCH,",null,",function,4,100.0,Goal,Root/div/station/vendor/function,"WCH_SCAN_COMP/VND/ALB/,null,/WCH",0,Yes
WCH_SCAN_COMP,PrimeFlight,ALB,vendor,3,94.0,Goal,Root/div/station/vendor,WCH_SCAN_COMP/VND/ALB/PrimeFlight,1,No
WCH_SCAN_COMP,WCH,PrimeFlight,function,4,100.0,Goal,Root/div/station/vendor/function,WCH_SCAN_COMP/VND/ALB/PrimeFlight/WCH,0,Yes
WCH_SCAN_COMP,AMS,VND,station,2,0.19,Goal,Root/div/station,WCH_SCAN_COMP/VND/AMS,1,No
WCH_SCAN_COMP,Airport,AMS,vendor,3,100.0,Goal,Root/div/station/vendor,WCH_SCAN_COMP/VND/AMS/Airport,1,No
WCH_SCAN_COMP,WCH,Airport,function,4,100.0,Goal,Root/div/station/vendor/function,WCH_SCAN_COMP/VND/AMS/Airport/WCH,0,Yes
WCH_SCAN_COMP,ANC,VND,station,2,0.01,Goal,Root/div/station,WCH_SCAN_COMP/VND/ANC,3,No
WCH_SCAN_COMP,",null,",ANC,vendor,3,35.78,Goal,Root/div/station/vendor,"WCH_SCAN_COMP/VND/ANC/,null,",1,No
WCH_SCAN_COMP,WCH,",null,",function,4,100.0,Goal,Root/div/station/vendor/function,"WCH_SCAN_COMP/VND/ANC/,null,/WCH",0,Yes
WCH_SCAN_COMP,HUNTLEIGH USA CORP,ANC,vendor,3,57.44,Goal,Root/div/station/vendor,WCH_SCAN_COMP/VND/ANC/HUNTLEIGH USA CORP,1,No
WCH_SCAN_COMP,WCH,HUNTLEIGH USA CORP,function,4,100.0,Goal,Root/div/station/vendor/function,WCH_SCAN_COMP/VND/ANC/HUNTLEIGH USA CORP/WCH,0,Yes
WCH_SCAN_COMP,Unifi,ANC,vendor,3,6.78,Goal,Root/div/station/vendor,WCH_SCAN_COMP/VND/ANC/Unifi,1,No
WCH_SCAN_COMP,WCH,Unifi,function,4,100.0,Goal,Root/div/station/vendor/function,WCH_SCAN_COMP/VND/ANC/Unifi/WCH,0,Yes
WCH_SCAN_COMP,ANU,VND,station,2,0.07,Goal,Root/div/station,WCH_SCAN_COMP/VND/ANU,1,No
WCH_SCAN_COMP,Dispatch Services Antigua,ANU,vendor,3,100.0,Goal,Root/div/station/vendor,WCH_SCAN_COMP/VND/ANU/Dispatch Services Antigua,1,No
WCH_SCAN_COMP,WCH,Dispatch Services Antigua,function,4,100.0,Goal,Root/div/station/vendor/function,WCH_SCAN_COMP/VND/ANU/Dispatch Services Antigua/WCH,0,Yes
WCH_SCAN_COMP,APN,VND,station,2,0.14,Goal,Root/div/station,WCH_SCAN_COMP/VND/APN,2,No
WCH_SCAN_COMP,",null,",APN,vendor,3,50.15,Goal,Root/div/station/vendor,"WCH_SCAN_COMP/VND/APN/,null,",1,No
WCH_SCAN_COMP,WCH,",null,",function,4,100.0,Goal,Root/div/station/vendor/function,"WCH_SCAN_COMP/VND/APN/,null,/WCH",0,Yes
WCH_SCAN_COMP,Unifi,APN,vendor,3,49.85,Goal,Root/div/station/vendor,WCH_SCAN_COMP/VND/APN/Unifi,1,No
WCH_SCAN_COMP,WCH,Unifi,function,4,100.0,Goal,Root/div/station/vendor/function,WCH_SCAN_COMP/VND/APN/Unifi/WCH,0,Yes
WCH_SCAN_COMP,ASE,VND,station,2,0.11,Goal,Root/div/station,WCH_SCAN_COMP/VND/ASE,1,No
WCH_SCAN_COMP,SkyWest,ASE,vendor,3,100.0,Goal,Root/div/station/vendor,WCH_SCAN_COMP/VND/ASE/SkyWest,1,No
WCH_SCAN_COMP,WCH,SkyWest,function,4,100.0,Goal,Root/div/station/vendor/function,WCH_SCAN_COMP/VND/ASE/SkyWest/WCH,0,Yes
WCH_SCAN_COMP,ATH,VND,station,2,0.16,Goal,Root/div/station,WCH_SCAN_COMP/VND/ATH,1,No
WCH_SCAN_COMP,Airport,ATH,vendor,3,100.0,Goal,Root/div/station/vendor,WCH_SCAN_COMP/VND/ATH/Airport,1,No
WCH_SCAN_COMP,WCH,Airport,function,4,100.0,Goal,Root/div/station/vendor/function,WCH_SCAN_COMP/VND/ATH/Airport/WCH,0,Yes
WCH_SCAN_COMP,ATL,VND,station,2,0.23,Goal,Root/div/station,WCH_SCAN_COMP/VND/ATL,2,No
WCH_SCAN_COMP,",null,",ATL,vendor,3,84.83,Goal,Root/div/station/vendor,"WCH_SCAN_COMP/VND/ATL/,null,",1,No
WCH_SCAN_COMP,WCH,",null,",function,4,100.0,Goal,Root/div/station/vendor/function,"WCH_SCAN_COMP/VND/ATL/,null,/WCH",0,Yes
WCH_SCAN_COMP,Unifi,ATL,vendor,3,15.17,Goal,Root/div/station/vendor,WCH_SCAN_COMP/VND/ATL/Unifi,1,No
WCH_SCAN_COMP,WCH,Unifi,function,4,100.0,Goal,Root/div/station/vendor/function,WCH_SCAN_COMP/VND/ATL/Unifi/WCH,0,Yes
WCH_SCAN_COMP,ATW,VND,station,2,0.39,Goal,Root/div/station,WCH_SCAN_COMP/VND/ATW,2,No
WCH_SCAN_COMP,",null,",ATW,vendor,3,58.5,Goal,Root/div/station/vendor,"WCH_SCAN_COMP/VND/ATW/,null,",1,No
WCH_SCAN_COMP,WCH,",null,",function,4,100.0,Goal,Root/div/station/vendor/function,"WCH_SCAN_COMP/VND/ATW/,null,/WCH",0,Yes
WCH_SCAN_COMP,Unifi,ATW,vendor,3,41.5,Goal,Root/div/station/vendor,WCH_SCAN_COMP/VND/ATW/Unifi,1,No
WCH_SCAN_COMP,WCH,Unifi,function,4,100.0,Goal,Root/div/station/vendor/function,WCH_SCAN_COMP/VND/ATW/Unifi/WCH,0,Yes
WCH_SCAN_COMP,AUA,VND,station,2,0.1,Goal,Root/div/station,WCH_SCAN_COMP/VND/AUA,1,No
WCH_SCAN_COMP,General Air Services N.V.,AUA,vendor,3,100.0,Goal,Root/div/station/vendor,WCH_SCAN_COMP/VND/AUA/General Air Services N.V.,1,No
WCH_SCAN_COMP,WCH,General Air Services N.V.,function,4,100.0,Goal,Root/div/station/vendor/function,WCH_SCAN_COMP/VND/AUA/General Air Services N.V./WCH,0,Yes
WCH_SCAN_COMP,AUS,VND,station,2,0.18,Goal,Root/div/station,WCH_SCAN_COMP/VND/AUS,4,No
WCH_SCAN_COMP,",null,",AUS,vendor,3,34.76,Goal,Root/div/station/vendor,"WCH_SCAN_COMP/VND/AUS/,null,",1,No
WCH_SCAN_COMP,WCH,",null,",function,4,100.0,Goal,Root/div/station/vendor/function,"WCH_SCAN_COMP/VND/AUS/,null,/WCH",0,Yes
WCH_SCAN_COMP,HUNTLEIGH USA CORP,AUS,vendor,3,6.03,Goal,Root/div/station/vendor,WCH_SCAN_COMP/VND/AUS/HUNTLEIGH USA CORP,1,No
WCH_SCAN_COMP,WCH,HUNTLEIGH USA CORP,function,4,100.0,Goal,Root/div/station/vendor/function,WCH_SCAN_COMP/VND/AUS/HUNTLEIGH USA CORP/WCH,0,Yes
WCH_SCAN_COMP,Prospect,AUS,vendor,3,35.41,Goal,Root/div/station/vendor,WCH_SCAN_COMP/VND/AUS/Prospect,1,No
WCH_SCAN_COMP,WCH,Prospect,function,4,100.0,Goal,Root/div/station/vendor/function,WCH_SCAN_COMP/VND/AUS/Prospect/WCH,0,Yes
WCH_SCAN_COMP,Unifi,AUS,vendor,3,23.8,Goal,Root/div/station/vendor,WCH_SCAN_COMP/VND/AUS/Unifi,1,No
WCH_SCAN_COMP,WCH,Unifi,function,4,100.0,Goal,Root/div/station/vendor/function,WCH_SCAN_COMP/VND/AUS/Unifi/WCH,0,Yes
WCH_SCAN_COMP,AVL,VND,station,2,0.25,Goal,Root/div/station,WCH_SCAN_COMP/VND/AVL,1,No
WCH_SCAN_COMP,Unifi,AVL,vendor,3,100.0,Goal,Root/div/station/vendor,WCH_SCAN_COMP/VND/AVL/Unifi,1,No
WCH_SCAN_COMP,WCH,Unifi,function,4,100.0,Goal,Root/div/station/vendor/function,WCH_SCAN_COMP/VND/AVL/Unifi/WCH,0,Yes
WCH_SCAN_COMP,AVP,VND,station,2,0.13,Goal,Root/div/station,WCH_SCAN_COMP/VND/AVP,1,No
WCH_SCAN_COMP,Unifi,AVP,vendor,3,100.0,Goal,Root/div/station/vendor,WCH_SCAN_COMP/VND/AVP/Unifi,1,No
WCH_SCAN_COMP,WCH,Unifi,function,4,100.0,Goal,Root/div/station/vendor/function,WCH_SCAN_COMP/VND/AVP/Unifi/WCH,0,Yes
WCH_SCAN_COMP,AZO,VND,station,2,0.24,Goal,Root/div/station,WCH_SCAN_COMP/VND/AZO,1,No
WCH_SCAN_COMP,Unifi,AZO,vendor,3,100.0,Goal,Root/div/station/vendor,WCH_SCAN_COMP/VND/AZO/Unifi,1,No
WCH_SCAN_COMP,WCH,Unifi,function,4,100.0,Goal,Root/div/station/vendor/function,WCH_SCAN_COMP/VND/AZO/Unifi/WCH,0,Yes
WCH_SCAN_COMP,BCN,VND,station,2,0.4,Goal,Root/div/station,WCH_SCAN_COMP/VND/BCN,1,No
WCH_SCAN_COMP,Airport,BCN,vendor,3,100.0,Goal,Root/div/station/vendor,WCH_SCAN_COMP/VND/BCN/Airport,1,No
WCH_SCAN_COMP,WCH,Airport,function,4,100.0,Goal,Root/div/station/vendor/function,WCH_SCAN_COMP/VND/BCN/Airport/WCH,0,Yes
WCH_SCAN_COMP,BDA,VND,station,2,0.19,Goal,Root/div/station,WCH_SCAN_COMP/VND/BDA,1,No
WCH_SCAN_COMP,Security Associates Limited,BDA,vendor,3,100.0,Goal,Root/div/station/vendor,WCH_SCAN_COMP/VND/BDA/Security Associates Limited,1,No
WCH_SCAN_COMP,WCH,Security Associates Limited,function,4,100.0,Goal,Root/div/station/vendor/function,WCH_SCAN_COMP/VND/BDA/Security Associates Limited/WCH,0,Yes
WCH_SCAN_COMP,BDL,VND,station,2,0.05,Goal,Root/div/station,WCH_SCAN_COMP/VND/BDL,5,No
WCH_SCAN_COMP,",null,",BDL,vendor,3,11.77,Goal,Root/div/station/vendor,"WCH_SCAN_COMP/VND/BDL/,null,",1,No
WCH_SCAN_COMP,WCH,",null,",function,4,100.0,Goal,Root/div/station/vendor/function,"WCH_SCAN_COMP/VND/BDL/,null,/WCH",0,Yes
WCH_SCAN_COMP,AIRWAY CLEANERS LLC,BDL,vendor,3,20.85,Goal,Root/div/station/vendor,WCH_SCAN_COMP/VND/BDL/AIRWAY CLEANERS LLC,1,No
WCH_SCAN_COMP,WCH,AIRWAY CLEANERS LLC,function,4,100.0,Goal,Root/div/station/vendor/function,WCH_SCAN_COMP/VND/BDL/AIRWAY CLEANERS LLC/WCH,0,Yes
WCH_SCAN_COMP,G2,BDL,vendor,3,17.99,Goal,Root/div/station/vendor,WCH_SCAN_COMP/VND/BDL/G2,1,No
WCH_SCAN_COMP,WCH,G2,function,4,100.0,Goal,Root/div/station/vendor/function,WCH_SCAN_COMP/VND/BDL/G2/WCH,0,Yes
WCH_SCAN_COMP,GAT,BDL,vendor,3,28.28,Goal,Root/div/station/vendor,WCH_SCAN_COMP/VND/BDL/GAT,1,No
WCH_SCAN_COMP,WCH,GAT,function,4,100.0,Goal,Root/div/station/vendor/function,WCH_SCAN_COMP/VND/BDL/GAT/WCH,0,Yes
WCH_SCAN_COMP,Menzies Aviation,BDL,vendor,3,21.11,Goal,Root/div/station/vendor,WCH_SCAN_COMP/VND/BDL/Menzies Aviation,1,No
WCH_SCAN_COMP,WCH,Menzies Aviation,function,4,100.0,Goal,Root/div/station/vendor/function,WCH_SCAN_COMP/VND/BDL/Menzies Aviation/WCH,0,Yes
WCH_SCAN_COMP,BGM,VND,station,2,0.28,Goal,Root/div/station,WCH_SCAN_COMP/VND/BGM,4,No
WCH_SCAN_COMP,",null,",BGM,vendor,3,12.37,Goal,Root/div/station/vendor,"WCH_SCAN_COMP/VND/BGM/,null,",1,No
WCH_SCAN_COMP,WCH,",null,",function,4,100.0,Goal,Root/div/station/vendor/function,"WCH_SCAN_COMP/VND/BGM/,null,/WCH",0,Yes
WCH_SCAN_COMP,G2,BGM,vendor,3,0.7,Goal,Root/div/station/vendor,WCH_SCAN_COMP/VND/BGM/G2,1,No
WCH_SCAN_COMP,WCH,G2,function,4,100.0,Goal,Root/div/station/vendor/function,WCH_SCAN_COMP/VND/BGM/G2/WCH,0,Yes
WCH_SCAN_COMP,Menzies Aviation,BGM,vendor,3,25.11,Goal,Root/div/station/vendor,WCH_SCAN_COMP/VND/BGM/Menzies Aviation,1,No
WCH_SCAN_COMP,WCH,Menzies Aviation,function,4,100.0,Goal,Root/div/station/vendor/function,WCH_SCAN_COMP/VND/BGM/Menzies Aviation/WCH,0,Yes
WCH_SCAN_COMP,SkyWest,BGM,vendor,3,61.82,Goal,Root/div/station/vendor,WCH_SCAN_COMP/VND/BGM/SkyWest,1,No
WCH_SCAN_COMP,WCH,SkyWest,function,4,100.0,Goal,Root/div/station/vendor/function,WCH_SCAN_COMP/VND/BGM/SkyWest/WCH,0,Yes
WCH_SCAN_COMP,BGR,VND,station,2,0.11,Goal,Root/div/station,WCH_SCAN_COMP/VND/BGR,1,No
WCH_SCAN_COMP,Unifi,BGR,vendor,3,100.0,Goal,Root/div/station/vendor,WCH_SCAN_COMP/VND/BGR/Unifi,1,No
WCH_SCAN_COMP,WCH,Unifi,function,4,100.0,Goal,Root/div/station/vendor/function,WCH_SCAN_COMP/VND/BGR/Unifi/WCH,0,Yes
WCH_SCAN_COMP,BHM,VND,station,2,0.14,Goal,Root/div/station,WCH_SCAN_COMP/VND/BHM,2,No
WCH_SCAN_COMP,",null,",BHM,vendor,3,67.32,Goal,Root/div/station/vendor,"WCH_SCAN_COMP/VND/BHM/,null,",1,No
WCH_SCAN_COMP,WCH,",null,",function,4,100.0,Goal,Root/div/station/vendor/function,"WCH_SCAN_COMP/VND/BHM/,null,/WCH",0,Yes
WCH_SCAN_COMP,HUNTLEIGH USA CORP,BHM,vendor,3,32.68,Goal,Root/div/station/vendor,WCH_SCAN_COMP/VND/BHM/HUNTLEIGH USA CORP,1,No
WCH_SCAN_COMP,WCH,HUNTLEIGH USA CORP,function,4,100.0,Goal,Root/div/station/vendor/function,WCH_SCAN_COMP/VND/BHM/HUNTLEIGH USA CORP/WCH,0,Yes
WCH_SCAN_COMP,BIL,VND,station,2,0.13,Goal,Root/div/station,WCH_SCAN_COMP/VND/BIL,2,No
WCH_SCAN_COMP,",null,",BIL,vendor,3,18.37,Goal,Root/div/station/vendor,"WCH_SCAN_COMP/VND/BIL/,null,",1,No
WCH_SCAN_COMP,WCH,",null,",function,4,100.0,Goal,Root/div/station/vendor/function,"WCH_SCAN_COMP/VND/BIL/,null,/WCH",0,Yes
WCH_SCAN_COMP,Unifi,BIL,vendor,3,81.63,Goal,Root/div/station/vendor,WCH_SCAN_COMP/VND/BIL/Unifi,1,No
WCH_SCAN_COMP,WCH,Unifi,function,4,100.0,Goal,Root/div/station/vendor/function,WCH_SCAN_COMP/VND/BIL/Unifi/WCH,0,Yes
WCH_SCAN_COMP,BIS,VND,station,2,0.36,Goal,Root/div/station,WCH_SCAN_COMP/VND/BIS,1,No
WCH_SCAN_COMP,Unifi,BIS,vendor,3,100.0,Goal,Root/div/station/vendor,WCH_SCAN_COMP/VND/BIS/Unifi,1,No
WCH_SCAN_COMP,WCH,Unifi,function,4,100.0,Goal,Root/div/station/vendor/function,WCH_SCAN_COMP/VND/BIS/Unifi/WCH,0,Yes
WCH_SCAN_COMP,BJI,VND,station,2,0.18,Goal,Root/div/station,WCH_SCAN_COMP/VND/BJI,2,No
WCH_SCAN_COMP,",null,",BJI,vendor,3,46.46,Goal,Root/div/station/vendor,"WCH_SCAN_COMP/VND/BJI/,null,",1,No
WCH_SCAN_COMP,WCH,",null,",function,4,100.0,Goal,Root/div/station/vendor/function,"WCH_SCAN_COMP/VND/BJI/,null,/WCH",0,Yes
WCH_SCAN_COMP,Unifi,BJI,vendor,3,53.54,Goal,Root/div/station/vendor,WCH_SCAN_COMP/VND/BJI/Unifi,1,No
WCH_SCAN_COMP,WCH,Unifi,function,4,100.0,Goal,Root/div/station/vendor/function,WCH_SCAN_COMP/VND/BJI/Unifi/WCH,0,Yes
WCH_SCAN_COMP,BMI,VND,station,2,0.35,Goal,Root/div/station,WCH_SCAN_COMP/VND/BMI,2,No
WCH_SCAN_COMP,",null,",BMI,vendor,3,51.34,Goal,Root/div/station/vendor,"WCH_SCAN_COMP/VND/BMI/,null,",1,No
WCH_SCAN_COMP,WCH,",null,",function,4,100.0,Goal,Root/div/station/vendor/function,"WCH_SCAN_COMP/VND/BMI/,null,/WCH",0,Yes
WCH_SCAN_COMP,Unifi,BMI,vendor,3,48.66,Goal,Root/div/station/vendor,WCH_SCAN_COMP/VND/BMI/Unifi,1,No
WCH_SCAN_COMP,WCH,Unifi,function,4,100.0,Goal,Root/div/station/vendor/function,WCH_SCAN_COMP/VND/BMI/Unifi/WCH,0,Yes
WCH_SCAN_COMP,BNA,VND,station,2,0.21,Goal,Root/div/station,WCH_SCAN_COMP/VND/BNA,3,No
WCH_SCAN_COMP,",null,",BNA,vendor,3,71.76,Goal,Root/div/station/vendor,"WCH_SCAN_COMP/VND/BNA/,null,",1,No
WCH_SCAN_COMP,WCH,",null,",function,4,100.0,Goal,Root/div/station/vendor/function,"WCH_SCAN_COMP/VND/BNA/,null,/WCH",0,Yes
WCH_SCAN_COMP,Prospect,BNA,vendor,3,28.24,Goal,Root/div/station/vendor,WCH_SCAN_COMP/VND/BNA/Prospect,1,No
WCH_SCAN_COMP,WCH,Prospect,function,4,100.0,Goal,Root/div/station/vendor/function,WCH_SCAN_COMP/VND/BNA/Prospect/WCH,0,Yes
WCH_SCAN_COMP,Unifi,BNA,vendor,3,0.0,Goal,Root/div/station/vendor,WCH_SCAN_COMP/VND/BNA/Unifi,1,No
WCH_SCAN_COMP,WCH,Unifi,function,4,100.0,Goal,Root/div/station/vendor/function,WCH_SCAN_COMP/VND/BNA/Unifi/WCH,0,Yes
WCH_SCAN_COMP,BNE,VND,station,2,0.2,Goal,Root/div/station,WCH_SCAN_COMP/VND/BNE,1,No
WCH_SCAN_COMP,dnata,BNE,vendor,3,100.0,Goal,Root/div/station/vendor,WCH_SCAN_COMP/VND/BNE/dnata,1,No
WCH_SCAN_COMP,WCH,dnata,function,4,100.0,Goal,Root/div/station/vendor/function,WCH_SCAN_COMP/VND/BNE/dnata/WCH,0,Yes
WCH_SCAN_COMP,BOG,VND,station,2,0.2,Goal,Root/div/station,WCH_SCAN_COMP/VND/BOG,2,No
WCH_SCAN_COMP,Avianca Servicios,BOG,vendor,3,76.16,Goal,Root/div/station/vendor,WCH_SCAN_COMP/VND/BOG/Avianca Servicios,1,No
WCH_SCAN_COMP,WCH,Avianca Servicios,function,4,100.0,Goal,Root/div/station/vendor/function,WCH_SCAN_COMP/VND/BOG/Avianca Servicios/WCH,0,Yes
WCH_SCAN_COMP,SAI,BOG,vendor,3,23.84,Goal,Root/div/station/vendor,WCH_SCAN_COMP/VND/BOG/SAI,1,No
WCH_SCAN_COMP,WCH,SAI,function,4,100.0,Goal,Root/div/station/vendor/function,WCH_SCAN_COMP/VND/BOG/SAI/WCH,0,Yes
WCH_SCAN_COMP,BOI,VND,station,2,0.01,Goal,Root/div/station,WCH_SCAN_COMP/VND/BOI,2,No
WCH_SCAN_COMP,",null,",BOI,vendor,3,42.09,Goal,Root/div/station/vendor,"WCH_SCAN_COMP/VND/BOI/,null,",1,No
WCH_SCAN_COMP,WCH,",null,",function,4,100.0,Goal,Root/div/station/vendor/function,"WCH_SCAN_COMP/VND/BOI/,null,/WCH",0,Yes
WCH_SCAN_COMP,STREAMLINE AIRPORT SERVICES,BOI,vendor,3,57.91,Goal,Root/div/station/vendor,WCH_SCAN_COMP/VND/BOI/STREAMLINE AIRPORT SERVICES,1,No
WCH_SCAN_COMP,WCH,STREAMLINE AIRPORT SERVICES,function,4,100.0,Goal,Root/div/station/vendor/function,WCH_SCAN_COMP/VND/BOI/STREAMLINE AIRPORT SERVICES/WCH,0,Yes
WCH_SCAN_COMP,BOM,VND,station,2,0.36,Goal,Root/div/station,WCH_SCAN_COMP/VND/BOM,1,No
WCH_SCAN_COMP,Bird Worldwide Flight Service Mumbai Pvt. Ltd,BOM,vendor,3,100.0,Goal,Root/div/station/vendor,WCH_SCAN_COMP/VND/BOM/Bird Worldwide Flight Service Mumbai Pvt. Ltd,1,No
WCH_SCAN_COMP,WCH,Bird Worldwide Flight Service Mumbai Pvt. Ltd,function,4,100.0,Goal,Root/div/station/vendor/function,WCH_SCAN_COMP/VND/BOM/Bird Worldwide Flight Service Mumbai Pvt. Ltd/WCH,0,Yes
WCH_SCAN_COMP,BON,VND,station,2,0.01,Goal,Root/div/station,WCH_SCAN_COMP/VND/BON,1,No
WCH_SCAN_COMP,Air Handling Services Bonaire NV,BON,vendor,3,100.0,Goal,Root/div/station/vendor,WCH_SCAN_COMP/VND/BON/Air Handling Services Bonaire NV,1,No
WCH_SCAN_COMP,WCH,Air Handling Services Bonaire NV,function,4,100.0,Goal,Root/div/station/vendor/function,WCH_SCAN_COMP/VND/BON/Air Handling Services Bonaire NV/WCH,0,Yes
WCH_SCAN_COMP,BOS,VND,station,2,0.04,Goal,Root/div/station,WCH_SCAN_COMP/VND/BOS,4,No
WCH_SCAN_COMP,",null,",BOS,vendor,3,34.01,Goal,Root/div/station/vendor,"WCH_SCAN_COMP/VND/BOS/,null,",1,No
WCH_SCAN_COMP,WCH,",null,",function,4,100.0,Goal,Root/div/station/vendor/function,"WCH_SCAN_COMP/VND/BOS/,null,/WCH",0,Yes
WCH_SCAN_COMP,G2,BOS,vendor,3,16.69,Goal,Root/div/station/vendor,WCH_SCAN_COMP/VND/BOS/G2,1,No
WCH_SCAN_COMP,WCH,G2,function,4,100.0,Goal,Root/div/station/vendor/function,WCH_SCAN_COMP/VND/BOS/G2/WCH,0,Yes
WCH_SCAN_COMP,Menzies Aviation,BOS,vendor,3,17.91,Goal,Root/div/station/vendor,WCH_SCAN_COMP/VND/BOS/Menzies Aviation,1,No
WCH_SCAN_COMP,WCH,Menzies Aviation,function,4,100.0,Goal,Root/div/station/vendor/function,WCH_SCAN_COMP/VND/BOS/Menzies Aviation/WCH,0,Yes
WCH_SCAN_COMP,Unifi,BOS,vendor,3,31.389999999999997,Goal,Root/div/station/vendor,WCH_SCAN_COMP/VND/BOS/Unifi,1,No
WCH_SCAN_COMP,WCH,Unifi,function,4,100.0,Goal,Root/div/station/vendor/function,WCH_SCAN_COMP/VND/BOS/Unifi/WCH,0,Yes
WCH_SCAN_COMP,BQK,VND,station,2,0.13,Goal,Root/div/station,WCH_SCAN_COMP/VND/BQK,2,No
WCH_SCAN_COMP,G2,BQK,vendor,3,74.46,Goal,Root/div/station/vendor,WCH_SCAN_COMP/VND/BQK/G2,1,No
WCH_SCAN_COMP,WCH,G2,function,4,100.0,Goal,Root/div/station/vendor/function,WCH_SCAN_COMP/VND/BQK/G2/WCH,0,Yes
WCH_SCAN_COMP,Menzies Aviation,BQK,vendor,3,25.54,Goal,Root/div/station/vendor,WCH_SCAN_COMP/VND/BQK/Menzies Aviation,1,No
WCH_SCAN_COMP,WCH,Menzies Aviation,function,4,100.0,Goal,Root/div/station/vendor/function,WCH_SCAN_COMP/VND/BQK/Menzies Aviation/WCH,0,Yes
WCH_SCAN_COMP,BRD,VND,station,2,0.22,Goal,Root/div/station,WCH_SCAN_COMP/VND/BRD,1,No
WCH_SCAN_COMP,Unifi,BRD,vendor,3,100.0,Goal,Root/div/station/vendor,WCH_SCAN_COMP/VND/BRD/Unifi,1,No
WCH_SCAN_COMP,WCH,Unifi,function,4,100.0,Goal,Root/div/station/vendor/function,WCH_SCAN_COMP/VND/BRD/Unifi/WCH,0,Yes
WCH_SCAN_COMP,BRU,VND,station,2,0.28,Goal,Root/div/station,WCH_SCAN_COMP/VND/BRU,1,No
WCH_SCAN_COMP,Airport,BRU,vendor,3,100.0,Goal,Root/div/station/vendor,WCH_SCAN_COMP/VND/BRU/Airport,1,No
WCH_SCAN_COMP,WCH,Airport,function,4,100.0,Goal,Root/div/station/vendor/function,WCH_SCAN_COMP/VND/BRU/Airport/WCH,0,Yes
WCH_SCAN_COMP,BTM,VND,station,2,0.06,Goal,Root/div/station,WCH_SCAN_COMP/VND/BTM,1,No
WCH_SCAN_COMP,SkyWest,BTM,vendor,3,100.0,Goal,Root/div/station/vendor,WCH_SCAN_COMP/VND/BTM/SkyWest,1,No
WCH_SCAN_COMP,WCH,SkyWest,function,4,100.0,Goal,Root/div/station/vendor/function,WCH_SCAN_COMP/VND/BTM/SkyWest/WCH,0,Yes
WCH_SCAN_COMP,BTR,VND,station,2,0.21,Goal,Root/div/station,WCH_SCAN_COMP/VND/BTR,3,No
WCH_SCAN_COMP,",null,",BTR,vendor,3,38.32,Goal,Root/div/station/vendor,"WCH_SCAN_COMP/VND/BTR/,null,",1,No
WCH_SCAN_COMP,WCH,",null,",function,4,100.0,Goal,Root/div/station/vendor/function,"WCH_SCAN_COMP/VND/BTR/,null,/WCH",0,Yes
WCH_SCAN_COMP,GAT,BTR,vendor,3,2.59,Goal,Root/div/station/vendor,WCH_SCAN_COMP/VND/BTR/GAT,1,No
WCH_SCAN_COMP,WCH,GAT,function,4,100.0,Goal,Root/div/station/vendor/function,WCH_SCAN_COMP/VND/BTR/GAT/WCH,0,Yes
WCH_SCAN_COMP,Unifi,BTR,vendor,3,59.09,Goal,Root/div/station/vendor,WCH_SCAN_COMP/VND/BTR/Unifi,1,No
WCH_SCAN_COMP,WCH,Unifi,function,4,100.0,Goal,Root/div/station/vendor/function,WCH_SCAN_COMP/VND/BTR/Unifi/WCH,0,Yes
WCH_SCAN_COMP,BTV,VND,station,2,0.33,Goal,Root/div/station,WCH_SCAN_COMP/VND/BTV,2,No
WCH_SCAN_COMP,",null,",BTV,vendor,3,7.17,Goal,Root/div/station/vendor,"WCH_SCAN_COMP/VND/BTV/,null,",1,No
WCH_SCAN_COMP,WCH,",null,",function,4,100.0,Goal,Root/div/station/vendor/function,"WCH_SCAN_COMP/VND/BTV/,null,/WCH",0,Yes
WCH_SCAN_COMP,Unifi,BTV,vendor,3,92.83,Goal,Root/div/station/vendor,WCH_SCAN_COMP/VND/BTV/Unifi,1,No
WCH_SCAN_COMP,WCH,Unifi,function,4,100.0,Goal,Root/div/station/vendor/function,WCH_SCAN_COMP/VND/BTV/Unifi/WCH,0,Yes
WCH_SCAN_COMP,BUF,VND,station,2,0.06,Goal,Root/div/station,WCH_SCAN_COMP/VND/BUF,2,No
WCH_SCAN_COMP,",null,",BUF,vendor,3,65.83,Goal,Root/div/station/vendor,"WCH_SCAN_COMP/VND/BUF/,null,",1,No
WCH_SCAN_COMP,WCH,",null,",function,4,100.0,Goal,Root/div/station/vendor/function,"WCH_SCAN_COMP/VND/BUF/,null,/WCH",0,Yes
WCH_SCAN_COMP,PrimeFlight,BUF,vendor,3,34.17,Goal,Root/div/station/vendor,WCH_SCAN_COMP/VND/BUF/PrimeFlight,1,No
WCH_SCAN_COMP,WCH,PrimeFlight,function,4,100.0,Goal,Root/div/station/vendor/function,WCH_SCAN_COMP/VND/BUF/PrimeFlight/WCH,0,Yes
WCH_SCAN_COMP,BUR,VND,station,2,0.4,Goal,Root/div/station,WCH_SCAN_COMP/VND/BUR,2,No
WCH_SCAN_COMP,",null,",BUR,vendor,3,37.44,Goal,Root/div/station/vendor,"WCH_SCAN_COMP/VND/BUR/,null,",1,No
WCH_SCAN_COMP,WCH,",null,",function,4,100.0,Goal,Root/div/station/vendor/function,"WCH_SCAN_COMP/VND/BUR/,null,/WCH",0,Yes
WCH_SCAN_COMP,GAT,BUR,vendor,3,62.56,Goal,Root/div/station/vendor,WCH_SCAN_COMP/VND/BUR/GAT,1,No
WCH_SCAN_COMP,WCH,GAT,function,4,100.0,Goal,Root/div/station/vendor/function,WCH_SCAN_COMP/VND/BUR/GAT/WCH,0,Yes
WCH_SCAN_COMP,BWI,VND,station,2,0.17,Goal,Root/div/station,WCH_SCAN_COMP/VND/BWI,4,No
WCH_SCAN_COMP,",null,",BWI,vendor,3,26.61,Goal,Root/div/station/vendor,"WCH_SCAN_COMP/VND/BWI/,null,",1,No
WCH_SCAN_COMP,WCH,",null,",function,4,100.0,Goal,Root/div/station/vendor/function,"WCH_SCAN_COMP/VND/BWI/,null,/WCH",0,Yes
WCH_SCAN_COMP,"Aviation, Prosegur Services Group, Inc.",BWI,vendor,3,9.3,Goal,Root/div/station/vendor,"WCH_SCAN_COMP/VND/BWI/Aviation, Prosegur Services Group, Inc.",1,No
WCH_SCAN_COMP,WCH,"Aviation, Prosegur Services Group, Inc.",function,4,100.0,Goal,Root/div/station/vendor/function,"WCH_SCAN_COMP/VND/BWI/Aviation, Prosegur Services Group, Inc./WCH",0,Yes
WCH_SCAN_COMP,HHS Aviation,BWI,vendor,3,15.59,Goal,Root/div/station/vendor,WCH_SCAN_COMP/VND/BWI/HHS Aviation,1,No
WCH_SCAN_COMP,WCH,HHS Aviation,function,4,100.0,Goal,Root/div/station/vendor/function,WCH_SCAN_COMP/VND/BWI/HHS Aviation/WCH,0,Yes
WCH_SCAN_COMP,Prospect,BWI,vendor,3,48.5,Goal,Root/div/station/vendor,WCH_SCAN_COMP/VND/BWI/Prospect,1,No
WCH_SCAN_COMP,WCH,Prospect,function,4,100.0,Goal,Root/div/station/vendor/function,WCH_SCAN_COMP/VND/BWI/Prospect/WCH,0,Yes
WCH_SCAN_COMP,BZE,VND,station,2,0.22,Goal,Root/div/station,WCH_SCAN_COMP/VND/BZE,1,No
WCH_SCAN_COMP,AeroDispatch,BZE,vendor,3,100.0,Goal,Root/div/station/vendor,WCH_SCAN_COMP/VND/BZE/AeroDispatch,1,No
WCH_SCAN_COMP,WCH,AeroDispatch,function,4,100.0,Goal,Root/div/station/vendor/function,WCH_SCAN_COMP/VND/BZE/AeroDispatch/WCH,0,Yes
WCH_SCAN_COMP,BZN,VND,station,2,0.38,Goal,Root/div/station,WCH_SCAN_COMP/VND/BZN,2,No
WCH_SCAN_COMP,",null,",BZN,vendor,3,45.43,Goal,Root/div/station/vendor,"WCH_SCAN_COMP/VND/BZN/,null,",1,No
WCH_SCAN_COMP,WCH,",null,",function,4,100.0,Goal,Root/div/station/vendor/function,"WCH_SCAN_COMP/VND/BZN/,null,/WCH",0,Yes
WCH_SCAN_COMP,Delta,BZN,vendor,3,54.57,Goal,Root/div/station/vendor,WCH_SCAN_COMP/VND/BZN/Delta,1,No
WCH_SCAN_COMP,WCH,Delta,function,4,100.0,Goal,Root/div/station/vendor/function,WCH_SCAN_COMP/VND/BZN/Delta/WCH,0,Yes
WCH_SCAN_COMP,CAE,VND,station,2,0.27,Goal,Root/div/station,WCH_SCAN_COMP/VND/CAE,2,No
WCH_SCAN_COMP,",null,",CAE,vendor,3,77.97,Goal,Root/div/station/vendor,"WCH_SCAN_COMP/VND/CAE/,null,",1,No
WCH_SCAN_COMP,WCH,",null,",function,4,100.0,Goal,Root/div/station/vendor/function,"WCH_SCAN_COMP/VND/CAE/,null,/WCH",0,Yes
WCH_SCAN_COMP,Unifi,CAE,vendor,3,22.03,Goal,Root/div/station/vendor,WCH_SCAN_COMP/VND/CAE/Unifi,1,No
WCH_SCAN_COMP,WCH,Unifi,function,4,100.0,Goal,Root/div/station/vendor/function,WCH_SCAN_COMP/VND/CAE/Unifi/WCH,0,Yes
WCH_SCAN_COMP,CAK,VND,station,2,0.11,Goal,Root/div/station,WCH_SCAN_COMP/VND/CAK,1,No
WCH_SCAN_COMP,Prospect,CAK,vendor,3,100.0,Goal,Root/div/station/vendor,WCH_SCAN_COMP/VND/CAK/Prospect,1,No
WCH_SCAN_COMP,WCH,Prospect,function,4,100.0,Goal,Root/div/station/vendor/function,WCH_SCAN_COMP/VND/CAK/Prospect/WCH,0,Yes
WCH_SCAN_COMP,CDC,VND,station,2,0.22,Goal,Root/div/station,WCH_SCAN_COMP/VND/CDC,1,No
WCH_SCAN_COMP,SkyWest,CDC,vendor,3,100.0,Goal,Root/div/station/vendor,WCH_SCAN_COMP/VND/CDC/SkyWest,1,No
WCH_SCAN_COMP,WCH,SkyWest,function,4,100.0,Goal,Root/div/station/vendor/function,WCH_SCAN_COMP/VND/CDC/SkyWest/WCH,0,Yes
WCH_SCAN_COMP,CDG,VND,station,2,0.3,Goal,Root/div/station,WCH_SCAN_COMP/VND/CDG,1,No
WCH_SCAN_COMP,Airport,CDG,vendor,3,100.0,Goal,Root/div/station/vendor,WCH_SCAN_COMP/VND/CDG/Airport,1,No
WCH_SCAN_COMP,WCH,Airport,function,4,100.0,Goal,Root/div/station/vendor/function,WCH_SCAN_COMP/VND/CDG/Airport/WCH,0,Yes
WCH_SCAN_COMP,CHA,VND,station,2,0.15,Goal,Root/div/station,WCH_SCAN_COMP/VND/CHA,1,No
WCH_SCAN_COMP,Unifi,CHA,vendor,3,100.0,Goal,Root/div/station/vendor,WCH_SCAN_COMP/VND/CHA/Unifi,1,No
WCH_SCAN_COMP,WCH,Unifi,function,4,100.0,Goal,Root/div/station/vendor/function,WCH_SCAN_COMP/VND/CHA/Unifi/WCH,0,Yes
WCH_SCAN_COMP,CHO,VND,station,2,0.09,Goal,Root/div/station,WCH_SCAN_COMP/VND/CHO,2,No
WCH_SCAN_COMP,",null,",CHO,vendor,3,27.22,Goal,Root/div/station/vendor,"WCH_SCAN_COMP/VND/CHO/,null,",1,No
WCH_SCAN_COMP,WCH,",null,",function,4,100.0,Goal,Root/div/station/vendor/function,"WCH_SCAN_COMP/VND/CHO/,null,/WCH",0,Yes
WCH_SCAN_COMP,Unifi,CHO,vendor,3,72.78,Goal,Root/div/station/vendor,WCH_SCAN_COMP/VND/CHO/Unifi,1,No
WCH_SCAN_COMP,WCH,Unifi,function,4,100.0,Goal,Root/div/station/vendor/function,WCH_SCAN_COMP/VND/CHO/Unifi/WCH,0,Yes
WCH_SCAN_COMP,CHS,VND,station,2,0.3,Goal,Root/div/station,WCH_SCAN_COMP/VND/CHS,4,No
WCH_SCAN_COMP,",null,",CHS,vendor,3,9.94,Goal,Root/div/station/vendor,"WCH_SCAN_COMP/VND/CHS/,null,",1,No
WCH_SCAN_COMP,WCH,",null,",function,4,100.0,Goal,Root/div/station/vendor/function,"WCH_SCAN_COMP/VND/CHS/,null,/WCH",0,Yes
WCH_SCAN_COMP,"Flight Services & Systems, Inc.",CHS,vendor,3,52.71,Goal,Root/div/station/vendor,"WCH_SCAN_COMP/VND/CHS/Flight Services & Systems, Inc.",1,No
WCH_SCAN_COMP,WCH,"Flight Services & Systems, Inc.",function,4,100.0,Goal,Root/div/station/vendor/function,"WCH_SCAN_COMP/VND/CHS/Flight Services & Systems, Inc./WCH",0,Yes
WCH_SCAN_COMP,G2,CHS,vendor,3,4.0,Goal,Root/div/station/vendor,WCH_SCAN_COMP/VND/CHS/G2,1,No
WCH_SCAN_COMP,WCH,G2,function,4,100.0,Goal,Root/div/station/vendor/function,WCH_SCAN_COMP/VND/CHS/G2/WCH,0,Yes
WCH_SCAN_COMP,Menzies Aviation,CHS,vendor,3,33.35,Goal,Root/div/station/vendor,WCH_SCAN_COMP/VND/CHS/Menzies Aviation,1,No
WCH_SCAN_COMP,WCH,Menzies Aviation,function,4,100.0,Goal,Root/div/station/vendor/function,WCH_SCAN_COMP/VND/CHS/Menzies Aviation/WCH,0,Yes
WCH_SCAN_COMP,CID,VND,station,2,0.2,Goal,Root/div/station,WCH_SCAN_COMP/VND/CID,2,No
WCH_SCAN_COMP,",null,",CID,vendor,3,51.27,Goal,Root/div/station/vendor,"WCH_SCAN_COMP/VND/CID/,null,",1,No
WCH_SCAN_COMP,WCH,",null,",function,4,100.0,Goal,Root/div/station/vendor/function,"WCH_SCAN_COMP/VND/CID/,null,/WCH",0,Yes
WCH_SCAN_COMP,Unifi,CID,vendor,3,48.73,Goal,Root/div/station/vendor,WCH_SCAN_COMP/VND/CID/Unifi,1,No
WCH_SCAN_COMP,WCH,Unifi,function,4,100.0,Goal,Root/div/station/vendor/function,WCH_SCAN_COMP/VND/CID/Unifi/WCH,0,Yes
WCH_SCAN_COMP,CIU,VND,station,2,0.2,Goal,Root/div/station,WCH_SCAN_COMP/VND/CIU,2,No
WCH_SCAN_COMP,",null,",CIU,vendor,3,25.06,Goal,Root/div/station/vendor,"WCH_SCAN_COMP/VND/CIU/,null,",1,No
WCH_SCAN_COMP,WCH,",null,",function,4,100.0,Goal,Root/div/station/vendor/function,"WCH_SCAN_COMP/VND/CIU/,null,/WCH",0,Yes
WCH_SCAN_COMP,Unifi,CIU,vendor,3,74.94,Goal,Root/div/station/vendor,WCH_SCAN_COMP/VND/CIU/Unifi,1,No
WCH_SCAN_COMP,WCH,Unifi,function,4,100.0,Goal,Root/div/station/vendor/function,WCH_SCAN_COMP/VND/CIU/Unifi/WCH,0,Yes
WCH_SCAN_COMP,CLE,VND,station,2,0.28,Goal,Root/div/station,WCH_SCAN_COMP/VND/CLE,4,No
WCH_SCAN_COMP,",null,",CLE,vendor,3,42.48,Goal,Root/div/station/vendor,"WCH_SCAN_COMP/VND/CLE/,null,",1,No
WCH_SCAN_COMP,WCH,",null,",function,4,100.0,Goal,Root/div/station/vendor/function,"WCH_SCAN_COMP/VND/CLE/,null,/WCH",0,Yes
WCH_SCAN_COMP,ABM,CLE,vendor,3,0.91,Goal,Root/div/station/vendor,WCH_SCAN_COMP/VND/CLE/ABM,1,No
WCH_SCAN_COMP,WCH,ABM,function,4,100.0,Goal,Root/div/station/vendor/function,WCH_SCAN_COMP/VND/CLE/ABM/WCH,0,Yes
WCH_SCAN_COMP,Prospect,CLE,vendor,3,14.37,Goal,Root/div/station/vendor,WCH_SCAN_COMP/VND/CLE/Prospect,1,No
WCH_SCAN_COMP,WCH,Prospect,function,4,100.0,Goal,Root/div/station/vendor/function,WCH_SCAN_COMP/VND/CLE/Prospect/WCH,0,Yes
WCH_SCAN_COMP,Unifi,CLE,vendor,3,42.24,Goal,Root/div/station/vendor,WCH_SCAN_COMP/VND/CLE/Unifi,1,No
WCH_SCAN_COMP,WCH,Unifi,function,4,100.0,Goal,Root/div/station/vendor/function,WCH_SCAN_COMP/VND/CLE/Unifi/WCH,0,Yes
WCH_SCAN_COMP,CLT,VND,station,2,0.12,Goal,Root/div/station,WCH_SCAN_COMP/VND/CLT,4,No
WCH_SCAN_COMP,",null,",CLT,vendor,3,19.74,Goal,Root/div/station/vendor,"WCH_SCAN_COMP/VND/CLT/,null,",1,No
WCH_SCAN_COMP,WCH,",null,",function,4,100.0,Goal,Root/div/station/vendor/function,"WCH_SCAN_COMP/VND/CLT/,null,/WCH",0,Yes
WCH_SCAN_COMP,G2,CLT,vendor,3,21.78,Goal,Root/div/station/vendor,WCH_SCAN_COMP/VND/CLT/G2,1,No
WCH_SCAN_COMP,WCH,G2,function,4,100.0,Goal,Root/div/station/vendor/function,WCH_SCAN_COMP/VND/CLT/G2/WCH,0,Yes
WCH_SCAN_COMP,"GATEWAY SECURITY, INC.",CLT,vendor,3,45.54,Goal,Root/div/station/vendor,"WCH_SCAN_COMP/VND/CLT/GATEWAY SECURITY, INC.",1,No
WCH_SCAN_COMP,WCH,"GATEWAY SECURITY, INC.",function,4,100.0,Goal,Root/div/station/vendor/function,"WCH_SCAN_COMP/VND/CLT/GATEWAY SECURITY, INC./WCH",0,Yes
WCH_SCAN_COMP,Menzies Aviation,CLT,vendor,3,12.94,Goal,Root/div/station/vendor,WCH_SCAN_COMP/VND/CLT/Menzies Aviation,1,No
WCH_SCAN_COMP,WCH,Menzies Aviation,function,4,100.0,Goal,Root/div/station/vendor/function,WCH_SCAN_COMP/VND/CLT/Menzies Aviation/WCH,0,Yes
WCH_SCAN_COMP,CMH,VND,station,2,0.37,Goal,Root/div/station,WCH_SCAN_COMP/VND/CMH,4,No
WCH_SCAN_COMP,",null,",CMH,vendor,3,35.99,Goal,Root/div/station/vendor,"WCH_SCAN_COMP/VND/CMH/,null,",1,No
WCH_SCAN_COMP,WCH,",null,",function,4,100.0,Goal,Root/div/station/vendor/function,"WCH_SCAN_COMP/VND/CMH/,null,/WCH",0,Yes
WCH_SCAN_COMP,HUNTLEIGH USA CORP,CMH,vendor,3,31.79,Goal,Root/div/station/vendor,WCH_SCAN_COMP/VND/CMH/HUNTLEIGH USA CORP,1,No
WCH_SCAN_COMP,WCH,HUNTLEIGH USA CORP,function,4,100.0,Goal,Root/div/station/vendor/function,WCH_SCAN_COMP/VND/CMH/HUNTLEIGH USA CORP/WCH,0,Yes
WCH_SCAN_COMP,Prospect,CMH,vendor,3,31.04,Goal,Root/div/station/vendor,WCH_SCAN_COMP/VND/CMH/Prospect,1,No
WCH_SCAN_COMP,WCH,Prospect,function,4,100.0,Goal,Root/div/station/vendor/function,WCH_SCAN_COMP/VND/CMH/Prospect/WCH,0,Yes
WCH_SCAN_COMP,Unifi,CMH,vendor,3,1.18,Goal,Root/div/station/vendor,WCH_SCAN_COMP/VND/CMH/Unifi,1,No
WCH_SCAN_COMP,WCH,Unifi,function,4,100.0,Goal,Root/div/station/vendor/function,WCH_SCAN_COMP/VND/CMH/Unifi/WCH,0,Yes
WCH_SCAN_COMP,COD,VND,station,2,0.27,Goal,Root/div/station,WCH_SCAN_COMP/VND/COD,1,No
WCH_SCAN_COMP,SkyWest,COD,vendor,3,100.0,Goal,Root/div/station/vendor,WCH_SCAN_COMP/VND/COD/SkyWest,1,No
WCH_SCAN_COMP,WCH,SkyWest,function,4,100.0,Goal,Root/div/station/vendor/function,WCH_SCAN_COMP/VND/COD/SkyWest/WCH,0,Yes
WCH_SCAN_COMP,COS,VND,station,2,0.06,Goal,Root/div/station,WCH_SCAN_COMP/VND/COS,2,No
WCH_SCAN_COMP,",null,",COS,vendor,3,9.53,Goal,Root/div/station/vendor,"WCH_SCAN_COMP/VND/COS/,null,",1,No
WCH_SCAN_COMP,WCH,",null,",function,4,100.0,Goal,Root/div/station/vendor/function,"WCH_SCAN_COMP/VND/COS/,null,/WCH",0,Yes
WCH_SCAN_COMP,HUNTLEIGH USA CORP,COS,vendor,3,90.47,Goal,Root/div/station/vendor,WCH_SCAN_COMP/VND/COS/HUNTLEIGH USA CORP,1,No
WCH_SCAN_COMP,WCH,HUNTLEIGH USA CORP,function,4,100.0,Goal,Root/div/station/vendor/function,WCH_SCAN_COMP/VND/COS/HUNTLEIGH USA CORP/WCH,0,Yes
WCH_SCAN_COMP,CPH,VND,station,2,0.21,Goal,Root/div/station,WCH_SCAN_COMP/VND/CPH,1,No
WCH_SCAN_COMP,Airport,CPH,vendor,3,100.0,Goal,Root/div/station/vendor,WCH_SCAN_COMP/VND/CPH/Airport,1,No
WCH_SCAN_COMP,WCH,Airport,function,4,100.0,Goal,Root/div/station/vendor/function,WCH_SCAN_COMP/VND/CPH/Airport/WCH,0,Yes
WCH_SCAN_COMP,CPR,VND,station,2,0.34,Goal,Root/div/station,WCH_SCAN_COMP/VND/CPR,1,No
WCH_SCAN_COMP,SkyWest,CPR,vendor,3,100.0,Goal,Root/div/station/vendor,WCH_SCAN_COMP/VND/CPR/SkyWest,1,No
WCH_SCAN_COMP,WCH,SkyWest,function,4,100.0,Goal,Root/div/station/vendor/function,WCH_SCAN_COMP/VND/CPR/SkyWest/WCH,0,Yes
WCH_SCAN_COMP,CPT,VND,station,2,0.07,Goal,Root/div/station,WCH_SCAN_COMP/VND/CPT,1,No
WCH_SCAN_COMP,Colossal,CPT,vendor,3,100.0,Goal,Root/div/station/vendor,WCH_SCAN_COMP/VND/CPT/Colossal,1,No
WCH_SCAN_COMP,WCH,Colossal,function,4,100.0,Goal,Root/div/station/vendor/function,WCH_SCAN_COMP/VND/CPT/Colossal/WCH,0,Yes
WCH_SCAN_COMP,CRW,VND,station,2,0.19,Goal,Root/div/station,WCH_SCAN_COMP/VND/CRW,1,No
WCH_SCAN_COMP,Unifi,CRW,vendor,3,100.0,Goal,Root/div/station/vendor,WCH_SCAN_COMP/VND/CRW/Unifi,1,No
WCH_SCAN_COMP,WCH,Unifi,function,4,100.0,Goal,Root/div/station/vendor/function,WCH_SCAN_COMP/VND/CRW/Unifi/WCH,0,Yes
WCH_SCAN_COMP,CSG,VND,station,2,0.07,Goal,Root/div/station,WCH_SCAN_COMP/VND/CSG,1,No
WCH_SCAN_COMP,Unifi,CSG,vendor,3,100.0,Goal,Root/div/station/vendor,WCH_SCAN_COMP/VND/CSG/Unifi,1,No
WCH_SCAN_COMP,WCH,Unifi,function,4,100.0,Goal,Root/div/station/vendor/function,WCH_SCAN_COMP/VND/CSG/Unifi/WCH,0,Yes
WCH_SCAN_COMP,CTA,VND,station,2,0.13,Goal,Root/div/station,WCH_SCAN_COMP/VND/CTA,1,No
WCH_SCAN_COMP,Airporto di Catania-Fontanarossa,CTA,vendor,3,100.0,Goal,Root/div/station/vendor,WCH_SCAN_COMP/VND/CTA/Airporto di Catania-Fontanarossa,1,No
WCH_SCAN_COMP,WCH,Airporto di Catania-Fontanarossa,function,4,100.0,Goal,Root/div/station/vendor/function,WCH_SCAN_COMP/VND/CTA/Airporto di Catania-Fontanarossa/WCH,0,Yes
WCH_SCAN_COMP,CTG,VND,station,2,0.08,Goal,Root/div/station,WCH_SCAN_COMP/VND/CTG,2,No
WCH_SCAN_COMP,Avianca Servicios,CTG,vendor,3,56.35,Goal,Root/div/station/vendor,WCH_SCAN_COMP/VND/CTG/Avianca Servicios,1,No
WCH_SCAN_COMP,WCH,Avianca Servicios,function,4,100.0,Goal,Root/div/station/vendor/function,WCH_SCAN_COMP/VND/CTG/Avianca Servicios/WCH,0,Yes
WCH_SCAN_COMP,SAI,CTG,vendor,3,43.65,Goal,Root/div/station/vendor,WCH_SCAN_COMP/VND/CTG/SAI,1,No
WCH_SCAN_COMP,WCH,SAI,function,4,100.0,Goal,Root/div/station/vendor/function,WCH_SCAN_COMP/VND/CTG/SAI/WCH,0,Yes
WCH_SCAN_COMP,CUN,VND,station,2,0.25,Goal,Root/div/station,WCH_SCAN_COMP/VND/CUN,1,No
WCH_SCAN_COMP,GDL GROUND HANDLING SADE CV,CUN,vendor,3,100.0,Goal,Root/div/station/vendor,WCH_SCAN_COMP/VND/CUN/GDL GROUND HANDLING SADE CV,1,No
WCH_SCAN_COMP,WCH,GDL GROUND HANDLING SADE CV,function,4,100.0,Goal,Root/div/station/vendor/function,WCH_SCAN_COMP/VND/CUN/GDL GROUND HANDLING SADE CV/WCH,0,Yes
WCH_SCAN_COMP,CUR,VND,station,2,0.26,Goal,Root/div/station,WCH_SCAN_COMP/VND/CUR,1,No
WCH_SCAN_COMP,Antillean Flight Services NV,CUR,vendor,3,100.0,Goal,Root/div/station/vendor,WCH_SCAN_COMP/VND/CUR/Antillean Flight Services NV,1,No
WCH_SCAN_COMP,WCH,Antillean Flight Services NV,function,4,100.0,Goal,Root/div/station/vendor/function,WCH_SCAN_COMP/VND/CUR/Antillean Flight Services NV/WCH,0,Yes
WCH_SCAN_COMP,CVG,VND,station,2,0.27,Goal,Root/div/station,WCH_SCAN_COMP/VND/CVG,3,No
WCH_SCAN_COMP,",null,",CVG,vendor,3,49.63,Goal,Root/div/station/vendor,"WCH_SCAN_COMP/VND/CVG/,null,",1,No
WCH_SCAN_COMP,WCH,",null,",function,4,100.0,Goal,Root/div/station/vendor/function,"WCH_SCAN_COMP/VND/CVG/,null,/WCH",0,Yes
WCH_SCAN_COMP,Prospect,CVG,vendor,3,26.65,Goal,Root/div/station/vendor,WCH_SCAN_COMP/VND/CVG/Prospect,1,No
WCH_SCAN_COMP,WCH,Prospect,function,4,100.0,Goal,Root/div/station/vendor/function,WCH_SCAN_COMP/VND/CVG/Prospect/WCH,0,Yes
WCH_SCAN_COMP,Unifi,CVG,vendor,3,23.72,Goal,Root/div/station/vendor,WCH_SCAN_COMP/VND/CVG/Unifi,1,No
WCH_SCAN_COMP,WCH,Unifi,function,4,100.0,Goal,Root/div/station/vendor/function,WCH_SCAN_COMP/VND/CVG/Unifi/WCH,0,Yes
WCH_SCAN_COMP,CWA,VND,station,2,0.22,Goal,Root/div/station,WCH_SCAN_COMP/VND/CWA,1,No
WCH_SCAN_COMP,Unifi,CWA,vendor,3,100.0,Goal,Root/div/station/vendor,WCH_SCAN_COMP/VND/CWA/Unifi,1,No
WCH_SCAN_COMP,WCH,Unifi,function,4,100.0,Goal,Root/div/station/vendor/function,WCH_SCAN_COMP/VND/CWA/Unifi/WCH,0,Yes
WCH_SCAN_COMP,CZM,VND,station,2,0.35,Goal,Root/div/station,WCH_SCAN_COMP/VND/CZM,1,No
WCH_SCAN_COMP,GDL GROUND HANDLING SA DE CV,CZM,vendor,3,100.0,Goal,Root/div/station/vendor,WCH_SCAN_COMP/VND/CZM/GDL GROUND HANDLING SA DE CV,1,No
WCH_SCAN_COMP,WCH,GDL GROUND HANDLING SA DE CV,function,4,100.0,Goal,Root/div/station/vendor/function,WCH_SCAN_COMP/VND/CZM/GDL GROUND HANDLING SA DE CV/WCH,0,Yes
WCH_SCAN_COMP,DAB,VND,station,2,0.16,Goal,Root/div/station,WCH_SCAN_COMP/VND/DAB,4,No
WCH_SCAN_COMP,",null,",DAB,vendor,3,53.47,Goal,Root/div/station/vendor,"WCH_SCAN_COMP/VND/DAB/,null,",1,No
WCH_SCAN_COMP,WCH,",null,",function,4,100.0,Goal,Root/div/station/vendor/function,"WCH_SCAN_COMP/VND/DAB/,null,/WCH",0,Yes
WCH_SCAN_COMP,COUNTY OF VOLUSIA,DAB,vendor,3,4.29,Goal,Root/div/station/vendor,WCH_SCAN_COMP/VND/DAB/COUNTY OF VOLUSIA,1,No
WCH_SCAN_COMP,WCH,COUNTY OF VOLUSIA,function,4,100.0,Goal,Root/div/station/vendor/function,WCH_SCAN_COMP/VND/DAB/COUNTY OF VOLUSIA/WCH,0,Yes
WCH_SCAN_COMP,G2,DAB,vendor,3,3.5,Goal,Root/div/station/vendor,WCH_SCAN_COMP/VND/DAB/G2,1,No
WCH_SCAN_COMP,WCH,G2,function,4,100.0,Goal,Root/div/station/vendor/function,WCH_SCAN_COMP/VND/DAB/G2/WCH,0,Yes
WCH_SCAN_COMP,Menzies Aviation,DAB,vendor,3,38.74,Goal,Root/div/station/vendor,WCH_SCAN_COMP/VND/DAB/Menzies Aviation,1,No
WCH_SCAN_COMP,WCH,Menzies Aviation,function,4,100.0,Goal,Root/div/station/vendor/function,WCH_SCAN_COMP/VND/DAB/Menzies Aviation/WCH,0,Yes
WCH_SCAN_COMP,DAL,VND,station,2,0.2,Goal,Root/div/station,WCH_SCAN_COMP/VND/DAL,1,No
WCH_SCAN_COMP,Unifi,DAL,vendor,3,100.0,Goal,Root/div/station/vendor,WCH_SCAN_COMP/VND/DAL/Unifi,1,No
WCH_SCAN_COMP,WCH,Unifi,function,4,100.0,Goal,Root/div/station/vendor/function,WCH_SCAN_COMP/VND/DAL/Unifi/WCH,0,Yes
WCH_SCAN_COMP,DAY,VND,station,2,0.08,Goal,Root/div/station,WCH_SCAN_COMP/VND/DAY,3,No
WCH_SCAN_COMP,",null,",DAY,vendor,3,32.48,Goal,Root/div/station/vendor,"WCH_SCAN_COMP/VND/DAY/,null,",1,No
WCH_SCAN_COMP,WCH,",null,",function,4,100.0,Goal,Root/div/station/vendor/function,"WCH_SCAN_COMP/VND/DAY/,null,/WCH",0,Yes
WCH_SCAN_COMP,HHS Aviation,DAY,vendor,3,39.09,Goal,Root/div/station/vendor,WCH_SCAN_COMP/VND/DAY/HHS Aviation,1,No
WCH_SCAN_COMP,WCH,HHS Aviation,function,4,100.0,Goal,Root/div/station/vendor/function,WCH_SCAN_COMP/VND/DAY/HHS Aviation/WCH,0,Yes
WCH_SCAN_COMP,Wright Brothers,DAY,vendor,3,28.43,Goal,Root/div/station/vendor,WCH_SCAN_COMP/VND/DAY/Wright Brothers,1,No
WCH_SCAN_COMP,WCH,Wright Brothers,function,4,100.0,Goal,Root/div/station/vendor/function,WCH_SCAN_COMP/VND/DAY/Wright Brothers/WCH,0,Yes
WCH_SCAN_COMP,DBV,VND,station,2,0.03,Goal,Root/div/station,WCH_SCAN_COMP/VND/DBV,1,No
WCH_SCAN_COMP,Dubrovnik Airport Ltd.,DBV,vendor,3,100.0,Goal,Root/div/station/vendor,WCH_SCAN_COMP/VND/DBV/Dubrovnik Airport Ltd.,1,No
WCH_SCAN_COMP,WCH,Dubrovnik Airport Ltd.,function,4,100.0,Goal,Root/div/station/vendor/function,WCH_SCAN_COMP/VND/DBV/Dubrovnik Airport Ltd./WCH,0,Yes
WCH_SCAN_COMP,DCA,VND,station,2,0.33,Goal,Root/div/station,WCH_SCAN_COMP/VND/DCA,2,No
WCH_SCAN_COMP,",null,",DCA,vendor,3,95.18,Goal,Root/div/station/vendor,"WCH_SCAN_COMP/VND/DCA/,null,",1,No
WCH_SCAN_COMP,WCH,",null,",function,4,100.0,Goal,Root/div/station/vendor/function,"WCH_SCAN_COMP/VND/DCA/,null,/WCH",0,Yes
WCH_SCAN_COMP,Eulen,DCA,vendor,3,4.82,Goal,Root/div/station/vendor,WCH_SCAN_COMP/VND/DCA/Eulen,1,No
WCH_SCAN_COMP,WCH,Eulen,function,4,100.0,Goal,Root/div/station/vendor/function,WCH_SCAN_COMP/VND/DCA/Eulen/WCH,0,Yes
WCH_SCAN_COMP,DEN,VND,station,2,0.14,Goal,Root/div/station,WCH_SCAN_COMP/VND/DEN,4,No
WCH_SCAN_COMP,",null,",DEN,vendor,3,0.53,Goal,Root/div/station/vendor,"WCH_SCAN_COMP/VND/DEN/,null,",1,No
WCH_SCAN_COMP,WCH,",null,",function,4,100.0,Goal,Root/div/station/vendor/function,"WCH_SCAN_COMP/VND/DEN/,null,/WCH",0,Yes
WCH_SCAN_COMP,Prospect,DEN,vendor,3,47.49,Goal,Root/div/station/vendor,WCH_SCAN_COMP/VND/DEN/Prospect,1,No
WCH_SCAN_COMP,WCH,Prospect,function,4,100.0,Goal,Root/div/station/vendor/function,WCH_SCAN_COMP/VND/DEN/Prospect/WCH,0,Yes
WCH_SCAN_COMP,S.A.S. SERVICES GROUP INC,DEN,vendor,3,34.96,Goal,Root/div/station/vendor,WCH_SCAN_COMP/VND/DEN/S.A.S. SERVICES GROUP INC,1,No
WCH_SCAN_COMP,WCH,S.A.S. SERVICES GROUP INC,function,4,100.0,Goal,Root/div/station/vendor/function,WCH_SCAN_COMP/VND/DEN/S.A.S. SERVICES GROUP INC/WCH,0,Yes
WCH_SCAN_COMP,Unifi,DEN,vendor,3,17.02,Goal,Root/div/station/vendor,WCH_SCAN_COMP/VND/DEN/Unifi,1,No
WCH_SCAN_COMP,WCH,Unifi,function,4,100.0,Goal,Root/div/station/vendor/function,WCH_SCAN_COMP/VND/DEN/Unifi/WCH,0,Yes
WCH_SCAN_COMP,DFW,VND,station,2,0.33,Goal,Root/div/station,WCH_SCAN_COMP/VND/DFW,2,No
WCH_SCAN_COMP,",null,",DFW,vendor,3,13.21,Goal,Root/div/station/vendor,"WCH_SCAN_COMP/VND/DFW/,null,",1,No
WCH_SCAN_COMP,WCH,",null,",function,4,100.0,Goal,Root/div/station/vendor/function,"WCH_SCAN_COMP/VND/DFW/,null,/WCH",0,Yes
WCH_SCAN_COMP,ABM,DFW,vendor,3,86.79,Goal,Root/div/station/vendor,WCH_SCAN_COMP/VND/DFW/ABM,1,No
WCH_SCAN_COMP,WCH,ABM,function,4,100.0,Goal,Root/div/station/vendor/function,WCH_SCAN_COMP/VND/DFW/ABM/WCH,0,Yes
WCH_SCAN_COMP,DHN,VND,station,2,0.4,Goal,Root/div/station,WCH_SCAN_COMP/VND/DHN,2,No
WCH_SCAN_COMP,G2,DHN,vendor,3,14.63,Goal,Root/div/station/vendor,WCH_SCAN_COMP/VND/DHN/G2,1,No
WCH_SCAN_COMP,WCH,G2,function,4,100.0,Goal,Root/div/station/vendor/function,WCH_SCAN_COMP/VND/DHN/G2/WCH,0,Yes
WCH_SCAN_COMP,Menzies Aviation,DHN,vendor,3,85.37,Goal,Root/div/station/vendor,WCH_SCAN_COMP/VND/DHN/Menzies Aviation,1,No
WCH_SCAN_COMP,WCH,Menzies Aviation,function,4,100.0,Goal,Root/div/station/vendor/function,WCH_SCAN_COMP/VND/DHN/Menzies Aviation/WCH,0,Yes
WCH_SCAN_COMP,DLH,VND,station,2,0.13,Goal,Root/div/station,WCH_SCAN_COMP/VND/DLH,1,No
WCH_SCAN_COMP,Unifi,DLH,vendor,3,100.0,Goal,Root/div/station/vendor,WCH_SCAN_COMP/VND/DLH/Unifi,1,No
WCH_SCAN_COMP,WCH,Unifi,function,4,100.0,Goal,Root/div/station/vendor/function,WCH_SCAN_COMP/VND/DLH/Unifi/WCH,0,Yes
WCH_SCAN_COMP,DRO,VND,station,2,0.08,Goal,Root/div/station,WCH_SCAN_COMP/VND/DRO,1,No
WCH_SCAN_COMP,",null,",DRO,vendor,3,100.0,Goal,Root/div/station/vendor,"WCH_SCAN_COMP/VND/DRO/,null,",1,No
WCH_SCAN_COMP,WCH,",null,",function,4,100.0,Goal,Root/div/station/vendor/function,"WCH_SCAN_COMP/VND/DRO/,null,/WCH",0,Yes
WCH_SCAN_COMP,DSM,VND,station,2,0.1,Goal,Root/div/station,WCH_SCAN_COMP/VND/DSM,3,No
WCH_SCAN_COMP,",null,",DSM,vendor,3,41.89,Goal,Root/div/station/vendor,"WCH_SCAN_COMP/VND/DSM/,null,",1,No
WCH_SCAN_COMP,WCH,",null,",function,4,100.0,Goal,Root/div/station/vendor/function,"WCH_SCAN_COMP/VND/DSM/,null,/WCH",0,Yes
WCH_SCAN_COMP,Menzies Aviation,DSM,vendor,3,27.6,Goal,Root/div/station/vendor,WCH_SCAN_COMP/VND/DSM/Menzies Aviation,1,No
WCH_SCAN_COMP,WCH,Menzies Aviation,function,4,100.0,Goal,Root/div/station/vendor/function,WCH_SCAN_COMP/VND/DSM/Menzies Aviation/WCH,0,Yes
WCH_SCAN_COMP,Unifi,DSM,vendor,3,30.51,Goal,Root/div/station/vendor,WCH_SCAN_COMP/VND/DSM/Unifi,1,No
WCH_SCAN_COMP,WCH,Unifi,function,4,100.0,Goal,Root/div/station/vendor/function,WCH_SCAN_COMP/VND/DSM/Unifi/WCH,0,Yes
WCH_SCAN_COMP,DSS,VND,station,2,0.11,Goal,Root/div/station,WCH_SCAN_COMP/VND/DSS,1,No
WCH_SCAN_COMP,2AS,DSS,vendor,3,100.0,Goal,Root/div/station/vendor,WCH_SCAN_COMP/VND/DSS/2AS,1,No
WCH_SCAN_COMP,WCH,2AS,function,4,100.0,Goal,Root/div/station/vendor/function,WCH_SCAN_COMP/VND/DSS/2AS/WCH,0,Yes
WCH_SCAN_COMP,DTW,VND,station,2,0.37,Goal,Root/div/station,WCH_SCAN_COMP/VND/DTW,3,No
WCH_SCAN_COMP,",null,",DTW,vendor,3,39.67,Goal,Root/div/station/vendor,"WCH_SCAN_COMP/VND/DTW/,null,",1,No
WCH_SCAN_COMP,WCH,",null,",function,4,100.0,Goal,Root/div/station/vendor/function,"WCH_SCAN_COMP/VND/DTW/,null,/WCH",0,Yes
WCH_SCAN_COMP,Prospect,DTW,vendor,3,24.24,Goal,Root/div/station/vendor,WCH_SCAN_COMP/VND/DTW/Prospect,1,No
WCH_SCAN_COMP,WCH,Prospect,function,4,100.0,Goal,Root/div/station/vendor/function,WCH_SCAN_COMP/VND/DTW/Prospect/WCH,0,Yes
WCH_SCAN_COMP,Unifi,DTW,vendor,3,36.09,Goal,Root/div/station/vendor,WCH_SCAN_COMP/VND/DTW/Unifi,1,No
WCH_SCAN_COMP,WCH,Unifi,function,4,100.0,Goal,Root/div/station/vendor/function,WCH_SCAN_COMP/VND/DTW/Unifi/WCH,0,Yes
WCH_SCAN_COMP,DUB,VND,station,2,0.21,Goal,Root/div/station,WCH_SCAN_COMP/VND/DUB,1,No
WCH_SCAN_COMP,Airport,DUB,vendor,3,100.0,Goal,Root/div/station/vendor,WCH_SCAN_COMP/VND/DUB/Airport,1,No
WCH_SCAN_COMP,WCH,Airport,function,4,100.0,Goal,Root/div/station/vendor/function,WCH_SCAN_COMP/VND/DUB/Airport/WCH,0,Yes
WCH_SCAN_COMP,DUS,VND,station,2,0.28,Goal,Root/div/station,WCH_SCAN_COMP/VND/DUS,1,No
WCH_SCAN_COMP,Airport,DUS,vendor,3,100.0,Goal,Root/div/station/vendor,WCH_SCAN_COMP/VND/DUS/Airport,1,No
WCH_SCAN_COMP,WCH,Airport,function,4,100.0,Goal,Root/div/station/vendor/function,WCH_SCAN_COMP/VND/DUS/Airport/WCH,0,Yes
WCH_SCAN_COMP,ECP,VND,station,2,0.21,Goal,Root/div/station,WCH_SCAN_COMP/VND/ECP,2,No
WCH_SCAN_COMP,",null,",ECP,vendor,3,76.18,Goal,Root/div/station/vendor,"WCH_SCAN_COMP/VND/ECP/,null,",1,No
WCH_SCAN_COMP,WCH,",null,",function,4,100.0,Goal,Root/div/station/vendor/function,"WCH_SCAN_COMP/VND/ECP/,null,/WCH",0,Yes
WCH_SCAN_COMP,"GATEWAY SECURITY, INC.",ECP,vendor,3,23.82,Goal,Root/div/station/vendor,"WCH_SCAN_COMP/VND/ECP/GATEWAY SECURITY, INC.",1,No
WCH_SCAN_COMP,WCH,"GATEWAY SECURITY, INC.",function,4,100.0,Goal,Root/div/station/vendor/function,"WCH_SCAN_COMP/VND/ECP/GATEWAY SECURITY, INC./WCH",0,Yes
WCH_SCAN_COMP,EDI,VND,station,2,0.24,Goal,Root/div/station,WCH_SCAN_COMP/VND/EDI,1,No
WCH_SCAN_COMP,Airport,EDI,vendor,3,100.0,Goal,Root/div/station/vendor,WCH_SCAN_COMP/VND/EDI/Airport,1,No
WCH_SCAN_COMP,WCH,Airport,function,4,100.0,Goal,Root/div/station/vendor/function,WCH_SCAN_COMP/VND/EDI/Airport/WCH,0,Yes
WCH_SCAN_COMP,EGE,VND,station,2,0.16,Goal,Root/div/station,WCH_SCAN_COMP/VND/EGE,4,No
WCH_SCAN_COMP,",null,",EGE,vendor,3,6.51,Goal,Root/div/station/vendor,"WCH_SCAN_COMP/VND/EGE/,null,",1,No
WCH_SCAN_COMP,WCH,",null,",function,4,100.0,Goal,Root/div/station/vendor/function,"WCH_SCAN_COMP/VND/EGE/,null,/WCH",0,Yes
WCH_SCAN_COMP,G2,EGE,vendor,3,32.77,Goal,Root/div/station/vendor,WCH_SCAN_COMP/VND/EGE/G2,1,No
WCH_SCAN_COMP,WCH,G2,function,4,100.0,Goal,Root/div/station/vendor/function,WCH_SCAN_COMP/VND/EGE/G2/WCH,0,Yes
WCH_SCAN_COMP,Menzies Aviation,EGE,vendor,3,17.96,Goal,Root/div/station/vendor,WCH_SCAN_COMP/VND/EGE/Menzies Aviation,1,No
WCH_SCAN_COMP,WCH,Menzies Aviation,function,4,100.0,Goal,Root/div/station/vendor/function,WCH_SCAN_COMP/VND/EGE/Menzies Aviation/WCH,0,Yes
WCH_SCAN_COMP,WFS -Worldwide Flight Services,EGE,vendor,3,42.76,Goal,Root/div/station/vendor,WCH_SCAN_COMP/VND/EGE/WFS -Worldwide Flight Services,1,No
WCH_SCAN_COMP,WCH,WFS -Worldwide Flight Services,function,4,100.0,Goal,Root/div/station/vendor/function,WCH_SCAN_COMP/VND/EGE/WFS -Worldwide Flight Services/WCH,0,Yes
WCH_SCAN_COMP,EKO,VND,station,2,0.38,Goal,Root/div/station,WCH_SCAN_COMP/VND/EKO,1,No
WCH_SCAN_COMP,SkyWest,EKO,vendor,3,100.0,Goal,Root/div/station/vendor,WCH_SCAN_COMP/VND/EKO/SkyWest,1,No
WCH_SCAN_COMP,WCH,SkyWest,function,4,100.0,Goal,Root/div/station/vendor/function,WCH_SCAN_COMP/VND/EKO/SkyWest/WCH,0,Yes
WCH_SCAN_COMP,ELH,VND,station,2,0.13,Goal,Root/div/station,WCH_SCAN_COMP/VND/ELH,2,No
WCH_SCAN_COMP,Omega Aviation,ELH,vendor,3,98.37,Goal,Root/div/station/vendor,WCH_SCAN_COMP/VND/ELH/Omega Aviation,1,No
WCH_SCAN_COMP,WCH,Omega Aviation,function,4,100.0,Goal,Root/div/station/vendor/function,WCH_SCAN_COMP/VND/ELH/Omega Aviation/WCH,0,Yes
WCH_SCAN_COMP,Treasure,ELH,vendor,3,1.63,Goal,Root/div/station/vendor,WCH_SCAN_COMP/VND/ELH/Treasure,1,No
WCH_SCAN_COMP,WCH,Treasure,function,4,100.0,Goal,Root/div/station/vendor/function,WCH_SCAN_COMP/VND/ELH/Treasure/WCH,0,Yes
WCH_SCAN_COMP,ELM,VND,station,2,0.12,Goal,Root/div/station,WCH_SCAN_COMP/VND/ELM,1,No
WCH_SCAN_COMP,Unifi,ELM,vendor,3,100.0,Goal,Root/div/station/vendor,WCH_SCAN_COMP/VND/ELM/Unifi,1,No
WCH_SCAN_COMP,WCH,Unifi,function,4,100.0,Goal,Root/div/station/vendor/function,WCH_SCAN_COMP/VND/ELM/Unifi/WCH,0,Yes
WCH_SCAN_COMP,ELP,VND,station,2,0.38,Goal,Root/div/station,WCH_SCAN_COMP/VND/ELP,2,No
WCH_SCAN_COMP,",null,",ELP,vendor,3,44.53,Goal,Root/div/station/vendor,"WCH_SCAN_COMP/VND/ELP/,null,",1,No
WCH_SCAN_COMP,WCH,",null,",function,4,100.0,Goal,Root/div/station/vendor/function,"WCH_SCAN_COMP/VND/ELP/,null,/WCH",0,Yes
WCH_SCAN_COMP,GAT,ELP,vendor,3,55.47,Goal,Root/div/station/vendor,WCH_SCAN_COMP/VND/ELP/GAT,1,No
WCH_SCAN_COMP,WCH,GAT,function,4,100.0,Goal,Root/div/station/vendor/function,WCH_SCAN_COMP/VND/ELP/GAT/WCH,0,Yes
WCH_SCAN_COMP,ERI,VND,station,2,0.15,Goal,Root/div/station,WCH_SCAN_COMP/VND/ERI,1,No
WCH_SCAN_COMP,SkyWest,ERI,vendor,3,100.0,Goal,Root/div/station/vendor,WCH_SCAN_COMP/VND/ERI/SkyWest,1,No
WCH_SCAN_COMP,WCH,SkyWest,function,4,100.0,Goal,Root/div/station/vendor/function,WCH_SCAN_COMP/VND/ERI/SkyWest/WCH,0,Yes
WCH_SCAN_COMP,ESC,VND,station,2,0.1,Goal,Root/div/station,WCH_SCAN_COMP/VND/ESC,2,No
WCH_SCAN_COMP,",null,",ESC,vendor,3,58.53,Goal,Root/div/station/vendor,"WCH_SCAN_COMP/VND/ESC/,null,",1,No
WCH_SCAN_COMP,WCH,",null,",function,4,100.0,Goal,Root/div/station/vendor/function,"WCH_SCAN_COMP/VND/ESC/,null,/WCH",0,Yes
WCH_SCAN_COMP,Unifi,ESC,vendor,3,41.47,Goal,Root/div/station/vendor,WCH_SCAN_COMP/VND/ESC/Unifi,1,No
WCH_SCAN_COMP,WCH,Unifi,function,4,100.0,Goal,Root/div/station/vendor/function,WCH_SCAN_COMP/VND/ESC/Unifi/WCH,0,Yes
WCH_SCAN_COMP,EUG,VND,station,2,0.31,Goal,Root/div/station,WCH_SCAN_COMP/VND/EUG,2,No
WCH_SCAN_COMP,",null,",EUG,vendor,3,85.99,Goal,Root/div/station/vendor,"WCH_SCAN_COMP/VND/EUG/,null,",1,No
WCH_SCAN_COMP,WCH,",null,",function,4,100.0,Goal,Root/div/station/vendor/function,"WCH_SCAN_COMP/VND/EUG/,null,/WCH",0,Yes
WCH_SCAN_COMP,Unifi,EUG,vendor,3,14.01,Goal,Root/div/station/vendor,WCH_SCAN_COMP/VND/EUG/Unifi,1,No
WCH_SCAN_COMP,WCH,Unifi,function,4,100.0,Goal,Root/div/station/vendor/function,WCH_SCAN_COMP/VND/EUG/Unifi/WCH,0,Yes
WCH_SCAN_COMP,EVV,VND,station,2,0.0,Goal,Root/div/station,WCH_SCAN_COMP/VND/EVV,2,No
WCH_SCAN_COMP,",null,",EVV,vendor,3,49.84,Goal,Root/div/station/vendor,"WCH_SCAN_COMP/VND/EVV/,null,",1,No
WCH_SCAN_COMP,WCH,",null,",function,4,100.0,Goal,Root/div/station/vendor/function,"WCH_SCAN_COMP/VND/EVV/,null,/WCH",0,Yes
WCH_SCAN_COMP,Unifi,EVV,vendor,3,50.16,Goal,Root/div/station/vendor,WCH_SCAN_COMP/VND/EVV/Unifi,1,No
WCH_SCAN_COMP,WCH,Unifi,function,4,100.0,Goal,Root/div/station/vendor/function,WCH_SCAN_COMP/VND/EVV/Unifi/WCH,0,Yes
WCH_SCAN_COMP,EWN,VND,station,2,0.32,Goal,Root/div/station,WCH_SCAN_COMP/VND/EWN,1,No
WCH_SCAN_COMP,Unifi,EWN,vendor,3,100.0,Goal,Root/div/station/vendor,WCH_SCAN_COMP/VND/EWN/Unifi,1,No
WCH_SCAN_COMP,WCH,Unifi,function,4,100.0,Goal,Root/div/station/vendor/function,WCH_SCAN_COMP/VND/EWN/Unifi/WCH,0,Yes
WCH_SCAN_COMP,EWR,VND,station,2,0.25,Goal,Root/div/station,WCH_SCAN_COMP/VND/EWR,4,No
WCH_SCAN_COMP,",null,",EWR,vendor,3,24.71,Goal,Root/div/station/vendor,"WCH_SCAN_COMP/VND/EWR/,null,",1,No
WCH_SCAN_COMP,WCH,",null,",function,4,100.0,Goal,Root/div/station/vendor/function,"WCH_SCAN_COMP/VND/EWR/,null,/WCH",0,Yes
WCH_SCAN_COMP,G2,EWR,vendor,3,7.18,Goal,Root/div/station/vendor,WCH_SCAN_COMP/VND/EWR/G2,1,No
WCH_SCAN_COMP,WCH,G2,function,4,100.0,Goal,Root/div/station/vendor/function,WCH_SCAN_COMP/VND/EWR/G2/WCH,0,Yes
WCH_SCAN_COMP,Menzies Aviation,EWR,vendor,3,30.28,Goal,Root/div/station/vendor,WCH_SCAN_COMP/VND/EWR/Menzies Aviation,1,No
WCH_SCAN_COMP,WCH,Menzies Aviation,function,4,100.0,Goal,Root/div/station/vendor/function,WCH_SCAN_COMP/VND/EWR/Menzies Aviation/WCH,0,Yes
WCH_SCAN_COMP,Prospect,EWR,vendor,3,37.83,Goal,Root/div/station/vendor,WCH_SCAN_COMP/VND/EWR/Prospect,1,No
WCH_SCAN_COMP,WCH,Prospect,function,4,100.0,Goal,Root/div/station/vendor/function,WCH_SCAN_COMP/VND/EWR/Prospect/WCH,0,Yes
WCH_SCAN_COMP,EYW,VND,station,2,0.29,Goal,Root/div/station,WCH_SCAN_COMP/VND/EYW,2,No
WCH_SCAN_COMP,",null,",EYW,vendor,3,1.71,Goal,Root/div/station/vendor,"WCH_SCAN_COMP/VND/EYW/,null,",1,No
WCH_SCAN_COMP,WCH,",null,",function,4,100.0,Goal,Root/div/station/vendor/function,"WCH_SCAN_COMP/VND/EYW/,null,/WCH",0,Yes
WCH_SCAN_COMP,Unifi,EYW,vendor,3,98.29,Goal,Root/div/station/vendor,WCH_SCAN_COMP/VND/EYW/Unifi,1,No
WCH_SCAN_COMP,WCH,Unifi,function,4,100.0,Goal,Root/div/station/vendor/function,WCH_SCAN_COMP/VND/EYW/Unifi/WCH,0,Yes
WCH_SCAN_COMP,EZE,VND,station,2,0.31,Goal,Root/div/station,WCH_SCAN_COMP/VND/EZE,1,No
WCH_SCAN_COMP,GROUP OF PRIVATE SECURITY S.R.L.,EZE,vendor,3,100.0,Goal,Root/div/station/vendor,WCH_SCAN_COMP/VND/EZE/GROUP OF PRIVATE SECURITY S.R.L.,1,No
WCH_SCAN_COMP,WCH,GROUP OF PRIVATE SECURITY S.R.L.,function,4,100.0,Goal,Root/div/station/vendor/function,WCH_SCAN_COMP/VND/EZE/GROUP OF PRIVATE SECURITY S.R.L./WCH,0,Yes
WCH_SCAN_COMP,FAI,VND,station,2,0.31,Goal,Root/div/station,WCH_SCAN_COMP/VND/FAI,1,No
WCH_SCAN_COMP,Unifi,FAI,vendor,3,100.0,Goal,Root/div/station/vendor,WCH_SCAN_COMP/VND/FAI/Unifi,1,No
WCH_SCAN_COMP,WCH,Unifi,function,4,100.0,Goal,Root/div/station/vendor/function,WCH_SCAN_COMP/VND/FAI/Unifi/WCH,0,Yes
WCH_SCAN_COMP,FAR,VND,station,2,0.12,Goal,Root/div/station,WCH_SCAN_COMP/VND/FAR,2,No
WCH_SCAN_COMP,",null,",FAR,vendor,3,35.0,Goal,Root/div/station/vendor,"WCH_SCAN_COMP/VND/FAR/,null,",1,No
WCH_SCAN_COMP,WCH,",null,",function,4,100.0,Goal,Root/div/station/vendor/function,"WCH_SCAN_COMP/VND/FAR/,null,/WCH",0,Yes
WCH_SCAN_COMP,Unifi,FAR,vendor,3,65.0,Goal,Root/div/station/vendor,WCH_SCAN_COMP/VND/FAR/Unifi,1,No
WCH_SCAN_COMP,WCH,Unifi,function,4,100.0,Goal,Root/div/station/vendor/function,WCH_SCAN_COMP/VND/FAR/Unifi/WCH,0,Yes
WCH_SCAN_COMP,FAT,VND,station,2,0.04,Goal,Root/div/station,WCH_SCAN_COMP/VND/FAT,2,No
WCH_SCAN_COMP,",null,",FAT,vendor,3,95.96,Goal,Root/div/station/vendor,"WCH_SCAN_COMP/VND/FAT/,null,",1,No
WCH_SCAN_COMP,WCH,",null,",function,4,100.0,Goal,Root/div/station/vendor/function,"WCH_SCAN_COMP/VND/FAT/,null,/WCH",0,Yes
WCH_SCAN_COMP,Unifi,FAT,vendor,3,4.04,Goal,Root/div/station/vendor,WCH_SCAN_COMP/VND/FAT/Unifi,1,No
WCH_SCAN_COMP,WCH,Unifi,function,4,100.0,Goal,Root/div/station/vendor/function,WCH_SCAN_COMP/VND/FAT/Unifi/WCH,0,Yes
WCH_SCAN_COMP,FAY,VND,station,2,0.38,Goal,Root/div/station,WCH_SCAN_COMP/VND/FAY,1,No
WCH_SCAN_COMP,Unifi,FAY,vendor,3,100.0,Goal,Root/div/station/vendor,WCH_SCAN_COMP/VND/FAY/Unifi,1,No
WCH_SCAN_COMP,WCH,Unifi,function,4,100.0,Goal,Root/div/station/vendor/function,WCH_SCAN_COMP/VND/FAY/Unifi/WCH,0,Yes
WCH_SCAN_COMP,FCA,VND,station,2,0.36,Goal,Root/div/station,WCH_SCAN_COMP/VND/FCA,2,No
WCH_SCAN_COMP,SkyWest,FCA,vendor,3,85.65,Goal,Root/div/station/vendor,WCH_SCAN_COMP/VND/FCA/SkyWest,1,No
WCH_SCAN_COMP,WCH,SkyWest,function,4,100.0,Goal,Root/div/station/vendor/function,WCH_SCAN_COMP/VND/FCA/SkyWest/WCH,0,Yes
WCH_SCAN_COMP,Unifi,FCA,vendor,3,14.35,Goal,Root/div/station/vendor,WCH_SCAN_COMP/VND/FCA/Unifi,1,No
WCH_SCAN_COMP,WCH,Unifi,function,4,100.0,Goal,Root/div/station/vendor/function,WCH_SCAN_COMP/VND/FCA/Unifi/WCH,0,Yes
WCH_SCAN_COMP,FCO,VND,station,2,0.25,Goal,Root/div/station,WCH_SCAN_COMP/VND/FCO,1,No
WCH_SCAN_COMP,Aeroporti di Roma,FCO,vendor,3,100.0,Goal,Root/div/station/vendor,WCH_SCAN_COMP/VND/FCO/Aeroporti di Roma,1,No
WCH_SCAN_COMP,WCH,Aeroporti di Roma,function,4,100.0,Goal,Root/div/station/vendor/function,WCH_SCAN_COMP/VND/FCO/Aeroporti di Roma/WCH,0,Yes
WCH_SCAN_COMP,FLL,VND,station,2,0.39,Goal,Root/div/station,WCH_SCAN_COMP/VND/FLL,5,No
WCH_SCAN_COMP,",null,",FLL,vendor,3,2.13,Goal,Root/div/station/vendor,"WCH_SCAN_COMP/VND/FLL/,null,",1,No
WCH_SCAN_COMP,WCH,",null,",function,4,100.0,Goal,Root/div/station/vendor/function,"WCH_SCAN_COMP/VND/FLL/,null,/WCH",0,Yes
WCH_SCAN_COMP,"Aviation, Prosegur Services Group, Inc.",FLL,vendor,3,39.92,Goal,Root/div/station/vendor,"WCH_SCAN_COMP/VND/FLL/Aviation, Prosegur Services Group, Inc.",1,No
WCH_SCAN_COMP,WCH,"Aviation, Prosegur Services Group, Inc.",function,4,100.0,Goal,Root/div/station/vendor/function,"WCH_SCAN_COMP/VND/FLL/Aviation, Prosegur Services Group, Inc./WCH",0,Yes
WCH_SCAN_COMP,BAGGAGE AIRLINE GUEST SERVICES,FLL,vendor,3,17.89,Goal,Root/div/station/vendor,WCH_SCAN_COMP/VND/FLL/BAGGAGE AIRLINE GUEST SERVICES,1,No
WCH_SCAN_COMP,WCH,BAGGAGE AIRLINE GUEST SERVICES,function,4,100.0,Goal,Root/div/station/vendor/function,WCH_SCAN_COMP/VND/FLL/BAGGAGE AIRLINE GUEST SERVICES/WCH,0,Yes
WCH_SCAN_COMP,Eulen,FLL,vendor,3,12.95,Goal,Root/div/station/vendor,WCH_SCAN_COMP/VND/FLL/Eulen,1,No
WCH_SCAN_COMP,WCH,Eulen,function,4,100.0,Goal,Root/div/station/vendor/function,WCH_SCAN_COMP/VND/FLL/Eulen/WCH,0,Yes
WCH_SCAN_COMP,HHS Aviation,FLL,vendor,3,27.11,Goal,Root/div/station/vendor,WCH_SCAN_COMP/VND/FLL/HHS Aviation,1,No
WCH_SCAN_COMP,WCH,HHS Aviation,function,4,100.0,Goal,Root/div/station/vendor/function,WCH_SCAN_COMP/VND/FLL/HHS Aviation/WCH,0,Yes
WCH_SCAN_COMP,FNT,VND,station,2,0.07,Goal,Root/div/station,WCH_SCAN_COMP/VND/FNT,2,No
WCH_SCAN_COMP,G2,FNT,vendor,3,49.77,Goal,Root/div/station/vendor,WCH_SCAN_COMP/VND/FNT/G2,1,No
WCH_SCAN_COMP,WCH,G2,function,4,100.0,Goal,Root/div/station/vendor/function,WCH_SCAN_COMP/VND/FNT/G2/WCH,0,Yes
WCH_SCAN_COMP,Menzies Aviation,FNT,vendor,3,50.23,Goal,Root/div/station/vendor,WCH_SCAN_COMP/VND/FNT/Menzies Aviation,1,No
WCH_SCAN_COMP,WCH,Menzies Aviation,function,4,100.0,Goal,Root/div/station/vendor/function,WCH_SCAN_COMP/VND/FNT/Menzies Aviation/WCH,0,Yes
WCH_SCAN_COMP,FPO,VND,station,2,0.32,Goal,Root/div/station,WCH_SCAN_COMP/VND/FPO,1,No
WCH_SCAN_COMP,Grand Bahama,FPO,vendor,3,100.0,Goal,Root/div/station/vendor,WCH_SCAN_COMP/VND/FPO/Grand Bahama,1,No
WCH_SCAN_COMP,WCH,Grand Bahama,function,4,100.0,Goal,Root/div/station/vendor/function,WCH_SCAN_COMP/VND/FPO/Grand Bahama/WCH,0,Yes
WCH_SCAN_COMP,FRA,VND,station,2,0.1,Goal,Root/div/station,WCH_SCAN_COMP/VND/FRA,1,No
WCH_SCAN_COMP,Airport,FRA,vendor,3,100.0,Goal,Root/div/station/vendor,WCH_SCAN_COMP/VND/FRA/Airport,1,No
WCH_SCAN_COMP,WCH,Airport,function,4,100.0,Goal,Root/div/station/vendor/function,WCH_SCAN_COMP/VND/FRA/Airport/WCH,0,Yes
WCH_SCAN_COMP,FSD,VND,station,2,0.23,Goal,Root/div/station,WCH_SCAN_COMP/VND/FSD,1,No
WCH_SCAN_COMP,Unifi,FSD,vendor,3,100.0,Goal,Root/div/station/vendor,WCH_SCAN_COMP/VND/FSD/Unifi,1,No
WCH_SCAN_COMP,WCH,Unifi,function,4,100.0,Goal,Root/div/station/vendor/function,WCH_SCAN_COMP/VND/FSD/Unifi/WCH,0,Yes
WCH_SCAN_COMP,FSM,VND,station,2,0.19,Goal,Root/div/station,WCH_SCAN_COMP/VND/FSM,1,No
WCH_SCAN_COMP,Unifi,FSM,vendor,3,100.0,Goal,Root/div/station/vendor,WCH_SCAN_COMP/VND/FSM/Unifi,1,No
WCH_SCAN_COMP,WCH,Unifi,function,4,100.0,Goal,Root/div/station/vendor/function,WCH_SCAN_COMP/VND/FSM/Unifi/WCH,0,Yes
WCH_SCAN_COMP,FUK,VND,station,2,0.3,Goal,Root/div/station,WCH_SCAN_COMP/VND/FUK,1,No
WCH_SCAN_COMP,Haneda Turtle Service,FUK,vendor,3,100.0,Goal,Root/div/station/vendor,WCH_SCAN_COMP/VND/FUK/Haneda Turtle Service,1,No
WCH_SCAN_COMP,WCH,Haneda Turtle Service,function,4,100.0,Goal,Root/div/station/vendor/function,WCH_SCAN_COMP/VND/FUK/Haneda Turtle Service/WCH,0,Yes
WCH_SCAN_COMP,FWA,VND,station,2,0.33,Goal,Root/div/station,WCH_SCAN_COMP/VND/FWA,1,No
WCH_SCAN_COMP,Unifi,FWA,vendor,3,100.0,Goal,Root/div/station/vendor,WCH_SCAN_COMP/VND/FWA/Unifi,1,No
WCH_SCAN_COMP,WCH,Unifi,function,4,100.0,Goal,Root/div/station/vendor/function,WCH_SCAN_COMP/VND/FWA/Unifi/WCH,0,Yes
WCH_SCAN_COMP,GCM,VND,station,2,0.35,Goal,Root/div/station,WCH_SCAN_COMP/VND/GCM,1,No
WCH_SCAN_COMP,FADS,GCM,vendor,3,100.0,Goal,Root/div/station/vendor,WCH_SCAN_COMP/VND/GCM/FADS,1,No
WCH_SCAN_COMP,WCH,FADS,function,4,100.0,Goal,Root/div/station/vendor/function,WCH_SCAN_COMP/VND/GCM/FADS/WCH,0,Yes
WCH_SCAN_COMP,GDL,VND,station,2,0.24,Goal,Root/div/station,WCH_SCAN_COMP/VND/GDL,1,No
WCH_SCAN_COMP,GDL GROUND HANDLING SADE CV,GDL,vendor,3,100.0,Goal,Root/div/station/vendor,WCH_SCAN_COMP/VND/GDL/GDL GROUND HANDLING SADE CV,1,No
WCH_SCAN_COMP,WCH,GDL GROUND HANDLING SADE CV,function,4,100.0,Goal,Root/div/station/vendor/function,WCH_SCAN_COMP/VND/GDL/GDL GROUND HANDLING SADE CV/WCH,0,Yes
WCH_SCAN_COMP,GEG,VND,station,2,0.01,Goal,Root/div/station,WCH_SCAN_COMP/VND/GEG,2,No
WCH_SCAN_COMP,",null,",GEG,vendor,3,88.07,Goal,Root/div/station/vendor,"WCH_SCAN_COMP/VND/GEG/,null,",1,No
WCH_SCAN_COMP,WCH,",null,",function,4,100.0,Goal,Root/div/station/vendor/function,"WCH_SCAN_COMP/VND/GEG/,null,/WCH",0,Yes
WCH_SCAN_COMP,ABM,GEG,vendor,3,11.93,Goal,Root/div/station/vendor,WCH_SCAN_COMP/VND/GEG/ABM,1,No
WCH_SCAN_COMP,WCH,ABM,function,4,100.0,Goal,Root/div/station/vendor/function,WCH_SCAN_COMP/VND/GEG/ABM/WCH,0,Yes
WCH_SCAN_COMP,GFK,VND,station,2,0.07,Goal,Root/div/station,WCH_SCAN_COMP/VND/GFK,1,No
WCH_SCAN_COMP,Unifi,GFK,vendor,3,100.0,Goal,Root/div/station/vendor,WCH_SCAN_COMP/VND/GFK/Unifi,1,No
WCH_SCAN_COMP,WCH,Unifi,function,4,100.0,Goal,Root/div/station/vendor/function,WCH_SCAN_COMP/VND/GFK/Unifi/WCH,0,Yes
WCH_SCAN_COMP,GGT,VND,station,2,0.14,Goal,Root/div/station,WCH_SCAN_COMP/VND/GGT,2,No
WCH_SCAN_COMP,Omega Aviation,GGT,vendor,3,35.17,Goal,Root/div/station/vendor,WCH_SCAN_COMP/VND/GGT/Omega Aviation,1,No
WCH_SCAN_COMP,WCH,Omega Aviation,function,4,100.0,Goal,Root/div/station/vendor/function,WCH_SCAN_COMP/VND/GGT/Omega Aviation/WCH,0,Yes
WCH_SCAN_COMP,Strachan,GGT,vendor,3,64.83,Goal,Root/div/station/vendor,WCH_SCAN_COMP/VND/GGT/Strachan,1,No
WCH_SCAN_COMP,WCH,Strachan,function,4,100.0,Goal,Root/div/station/vendor/function,WCH_SCAN_COMP/VND/GGT/Strachan/WCH,0,Yes
WCH_SCAN_COMP,GIG,VND,station,2,0.1,Goal,Root/div/station,WCH_SCAN_COMP/VND/GIG,1,No
WCH_SCAN_COMP,ORBITAL SERV AUXILIARES TRANS AEREO,GIG,vendor,3,100.0,Goal,Root/div/station/vendor,WCH_SCAN_COMP/VND/GIG/ORBITAL SERV AUXILIARES TRANS AEREO,1,No
WCH_SCAN_COMP,WCH,ORBITAL SERV AUXILIARES TRANS AEREO,function,4,100.0,Goal,Root/div/station/vendor/function,WCH_SCAN_COMP/VND/GIG/ORBITAL SERV AUXILIARES TRANS AEREO/WCH,0,Yes
WCH_SCAN_COMP,GJT,VND,station,2,0.35,Goal,Root/div/station,WCH_SCAN_COMP/VND/GJT,1,No
WCH_SCAN_COMP,SkyWest,GJT,vendor,3,100.0,Goal,Root/div/station/vendor,WCH_SCAN_COMP/VND/GJT/SkyWest,1,No
WCH_SCAN_COMP,WCH,SkyWest,function,4,100.0,Goal,Root/div/station/vendor/function,WCH_SCAN_COMP/VND/GJT/SkyWest/WCH,0,Yes
WCH_SCAN_COMP,GLA,VND,station,2,0.07,Goal,Root/div/station,WCH_SCAN_COMP/VND/GLA,1,No
WCH_SCAN_COMP,Airport,GLA,vendor,3,100.0,Goal,Root/div/station/vendor,WCH_SCAN_COMP/VND/GLA/Airport,1,No
WCH_SCAN_COMP,WCH,Airport,function,4,100.0,Goal,Root/div/station/vendor/function,WCH_SCAN_COMP/VND/GLA/Airport/WCH,0,Yes
WCH_SCAN_COMP,GND,VND,station,2,0.03,Goal,Root/div/station,WCH_SCAN_COMP/VND/GND,1,No
WCH_SCAN_COMP,Aviation Services,GND,vendor,3,100.0,Goal,Root/div/station/vendor,WCH_SCAN_COMP/VND/GND/Aviation Services,1,No
WCH_SCAN_COMP,WCH,Aviation Services,function,4,100.0,Goal,Root/div/station/vendor/function,WCH_SCAN_COMP/VND/GND/Aviation Services/WCH,0,Yes
WCH_SCAN_COMP,GNV,VND,station,2,0.32,Goal,Root/div/station,WCH_SCAN_COMP/VND/GNV,2,No
WCH_SCAN_COMP,",null,",GNV,vendor,3,17.0,Goal,Root/div/station/vendor,"WCH_SCAN_COMP/VND/GNV/,null,",1,No
WCH_SCAN_COMP,WCH,",null,",function,4,100.0,Goal,Root/div/station/vendor/function,"WCH_SCAN_COMP/VND/GNV/,null,/WCH",0,Yes
WCH_SCAN_COMP,Unifi,GNV,vendor,3,83.0,Goal,Root/div/station/vendor,WCH_SCAN_COMP/VND/GNV/Unifi,1,No
WCH_SCAN_COMP,WCH,Unifi,function,4,100.0,Goal,Root/div/station/vendor/function,WCH_SCAN_COMP/VND/GNV/Unifi/WCH,0,Yes
WCH_SCAN_COMP,GPT,VND,station,2,0.1,Goal,Root/div/station,WCH_SCAN_COMP/VND/GPT,1,No
WCH_SCAN_COMP,Unifi,GPT,vendor,3,100.0,Goal,Root/div/station/vendor,WCH_SCAN_COMP/VND/GPT/Unifi,1,No
WCH_SCAN_COMP,WCH,Unifi,function,4,100.0,Goal,Root/div/station/vendor/function,WCH_SCAN_COMP/VND/GPT/Unifi/WCH,0,Yes
WCH_SCAN_COMP,GRB,VND,station,2,0.34,Goal,Root/div/station,WCH_SCAN_COMP/VND/GRB,2,No
WCH_SCAN_COMP,",null,",GRB,vendor,3,57.86,Goal,Root/div/station/vendor,"WCH_SCAN_COMP/VND/GRB/,null,",1,No
WCH_SCAN_COMP,WCH,",null,",function,4,100.0,Goal,Root/div/station/vendor/function,"WCH_SCAN_COMP/VND/GRB/,null,/WCH",0,Yes
WCH_SCAN_COMP,Delta,GRB,vendor,3,42.14,Goal,Root/div/station/vendor,WCH_SCAN_COMP/VND/GRB/Delta,1,No
WCH_SCAN_COMP,WCH,Delta,function,4,100.0,Goal,Root/div/station/vendor/function,WCH_SCAN_COMP/VND/GRB/Delta/WCH,0,Yes
WCH_SCAN_COMP,GRR,VND,station,2,0.05,Goal,Root/div/station,WCH_SCAN_COMP/VND/GRR,2,No
WCH_SCAN_COMP,",null,",GRR,vendor,3,52.1,Goal,Root/div/station/vendor,"WCH_SCAN_COMP/VND/GRR/,null,",1,No
WCH_SCAN_COMP,WCH,",null,",function,4,100.0,Goal,Root/div/station/vendor/function,"WCH_SCAN_COMP/VND/GRR/,null,/WCH",0,Yes
WCH_SCAN_COMP,GERALD R. FORD INTERNATIONAL,GRR,vendor,3,47.9,Goal,Root/div/station/vendor,WCH_SCAN_COMP/VND/GRR/GERALD R. FORD INTERNATIONAL,1,No
WCH_SCAN_COMP,WCH,GERALD R. FORD INTERNATIONAL,function,4,100.0,Goal,Root/div/station/vendor/function,WCH_SCAN_COMP/VND/GRR/GERALD R. FORD INTERNATIONAL/WCH,0,Yes
WCH_SCAN_COMP,GRU,VND,station,2,0.2,Goal,Root/div/station,WCH_SCAN_COMP/VND/GRU,1,No
WCH_SCAN_COMP,ORBITAL SERV AUXILIARES TRANS AEREO,GRU,vendor,3,100.0,Goal,Root/div/station/vendor,WCH_SCAN_COMP/VND/GRU/ORBITAL SERV AUXILIARES TRANS AEREO,1,No
WCH_SCAN_COMP,WCH,ORBITAL SERV AUXILIARES TRANS AEREO,function,4,100.0,Goal,Root/div/station/vendor/function,WCH_SCAN_COMP/VND/GRU/ORBITAL SERV AUXILIARES TRANS AEREO/WCH,0,Yes
WCH_SCAN_COMP,GSO,VND,station,2,0.05,Goal,Root/div/station,WCH_SCAN_COMP/VND/GSO,2,No
WCH_SCAN_COMP,",null,",GSO,vendor,3,24.78,Goal,Root/div/station/vendor,"WCH_SCAN_COMP/VND/GSO/,null,",1,No
WCH_SCAN_COMP,WCH,",null,",function,4,100.0,Goal,Root/div/station/vendor/function,"WCH_SCAN_COMP/VND/GSO/,null,/WCH",0,Yes
WCH_SCAN_COMP,PrimeFlight,GSO,vendor,3,75.22,Goal,Root/div/station/vendor,WCH_SCAN_COMP/VND/GSO/PrimeFlight,1,No
WCH_SCAN_COMP,WCH,PrimeFlight,function,4,100.0,Goal,Root/div/station/vendor/function,WCH_SCAN_COMP/VND/GSO/PrimeFlight/WCH,0,Yes
WCH_SCAN_COMP,GSP,VND,station,2,0.3,Goal,Root/div/station,WCH_SCAN_COMP/VND/GSP,3,No
WCH_SCAN_COMP,",null,",GSP,vendor,3,8.24,Goal,Root/div/station/vendor,"WCH_SCAN_COMP/VND/GSP/,null,",1,No
WCH_SCAN_COMP,WCH,",null,",function,4,100.0,Goal,Root/div/station/vendor/function,"WCH_SCAN_COMP/VND/GSP/,null,/WCH",0,Yes
WCH_SCAN_COMP,G2,GSP,vendor,3,45.97,Goal,Root/div/station/vendor,WCH_SCAN_COMP/VND/GSP/G2,1,No
WCH_SCAN_COMP,WCH,G2,function,4,100.0,Goal,Root/div/station/vendor/function,WCH_SCAN_COMP/VND/GSP/G2/WCH,0,Yes
WCH_SCAN_COMP,Menzies Aviation,GSP,vendor,3,45.79,Goal,Root/div/station/vendor,WCH_SCAN_COMP/VND/GSP/Menzies Aviation,1,No
WCH_SCAN_COMP,WCH,Menzies Aviation,function,4,100.0,Goal,Root/div/station/vendor/function,WCH_SCAN_COMP/VND/GSP/Menzies Aviation/WCH,0,Yes
WCH_SCAN_COMP,GTF,VND,station,2,0.09,Goal,Root/div/station,WCH_SCAN_COMP/VND/GTF,1,No
WCH_SCAN_COMP,Unifi,GTF,vendor,3,100.0,Goal,Root/div/station/vendor,WCH_SCAN_COMP/VND/GTF/Unifi,1,No
WCH_SCAN_COMP,WCH,Unifi,function,4,100.0,Goal,Root/div/station/vendor/function,WCH_SCAN_COMP/VND/GTF/Unifi/WCH,0,Yes
WCH_SCAN_COMP,GTR,VND,station,2,0.16,Goal,Root/div/station,WCH_SCAN_COMP/VND/GTR,2,No
WCH_SCAN_COMP,G2,GTR,vendor,3,34.88,Goal,Root/div/station/vendor,WCH_SCAN_COMP/VND/GTR/G2,1,No
WCH_SCAN_COMP,WCH,G2,function,4,100.0,Goal,Root/div/station/vendor/function,WCH_SCAN_COMP/VND/GTR/G2/WCH,0,Yes
WCH_SCAN_COMP,Menzies Aviation,GTR,vendor,3,65.12,Goal,Root/div/station/vendor,WCH_SCAN_COMP/VND/GTR/Menzies Aviation,1,No
WCH_SCAN_COMP,WCH,Menzies Aviation,function,4,100.0,Goal,Root/div/station/vendor/function,WCH_SCAN_COMP/VND/GTR/Menzies Aviation/WCH,0,Yes
WCH_SCAN_COMP,GUA,VND,station,2,0.13,Goal,Root/div/station,WCH_SCAN_COMP/VND/GUA,1,No
WCH_SCAN_COMP,"LAATS, S.A.",GUA,vendor,3,100.0,Goal,Root/div/station/vendor,"WCH_SCAN_COMP/VND/GUA/LAATS, S.A.",1,No
WCH_SCAN_COMP,WCH,"LAATS, S.A.",function,4,100.0,Goal,Root/div/station/vendor/function,"WCH_SCAN_COMP/VND/GUA/LAATS, S.A./WCH",0,Yes
WCH_SCAN_COMP,GVA,VND,station,2,0.29,Goal,Root/div/station,WCH_SCAN_COMP/VND/GVA,1,No
WCH_SCAN_COMP,Airport,GVA,vendor,3,100.0,Goal,Root/div/station/vendor,WCH_SCAN_COMP/VND/GVA/Airport,1,No
WCH_SCAN_COMP,WCH,Airport,function,4,100.0,Goal,Root/div/station/vendor/function,WCH_SCAN_COMP/VND/GVA/Airport/WCH,0,Yes
WCH_SCAN_COMP,HAV,VND,station,2,0.22,Goal,Root/div/station,WCH_SCAN_COMP/VND/HAV,1,No
WCH_SCAN_COMP,ECASA,HAV,vendor,3,100.0,Goal,Root/div/station/vendor,WCH_SCAN_COMP/VND/HAV/ECASA,1,No
WCH_SCAN_COMP,WCH,ECASA,function,4,100.0,Goal,Root/div/station/vendor/function,WCH_SCAN_COMP/VND/HAV/ECASA/WCH,0,Yes
WCH_SCAN_COMP,HDN,VND,station,2,0.28,Goal,Root/div/station,WCH_SCAN_COMP/VND/HDN,3,No
WCH_SCAN_COMP,G2,HDN,vendor,3,16.96,Goal,Root/div/station/vendor,WCH_SCAN_COMP/VND/HDN/G2,1,No
WCH_SCAN_COMP,WCH,G2,function,4,100.0,Goal,Root/div/station/vendor/function,WCH_SCAN_COMP/VND/HDN/G2/WCH,0,Yes
WCH_SCAN_COMP,Menzies Aviation,HDN,vendor,3,46.52,Goal,Root/div/station/vendor,WCH_SCAN_COMP/VND/HDN/Menzies Aviation,1,No
WCH_SCAN_COMP,WCH,Menzies Aviation,function,4,100.0,Goal,Root/div/station/vendor/function,WCH_SCAN_COMP/VND/HDN/Menzies Aviation/WCH,0,Yes
WCH_SCAN_COMP,SkyWest,HDN,vendor,3,36.52,Goal,Root/div/station/vendor,WCH_SCAN_COMP/VND/HDN/SkyWest,1,No
WCH_SCAN_COMP,WCH,SkyWest,function,4,100.0,Goal,Root/div/station/vendor/function,WCH_SCAN_COMP/VND/HDN/SkyWest/WCH,0,Yes
WCH_SCAN_COMP,HHH,VND,station,2,0.34,Goal,Root/div/station,WCH_SCAN_COMP/VND/HHH,1,No
WCH_SCAN_COMP,Unifi,HHH,vendor,3,100.0,Goal,Root/div/station/vendor,WCH_SCAN_COMP/VND/HHH/Unifi,1,No
WCH_SCAN_COMP,WCH,Unifi,function,4,100.0,Goal,Root/div/station/vendor/function,WCH_SCAN_COMP/VND/HHH/Unifi/WCH,0,Yes
WCH_SCAN_COMP,HIB,VND,station,2,0.38,Goal,Root/div/station,WCH_SCAN_COMP/VND/HIB,1,No
WCH_SCAN_COMP,SkyWest,HIB,vendor,3,100.0,Goal,Root/div/station/vendor,WCH_SCAN_COMP/VND/HIB/SkyWest,1,No
WCH_SCAN_COMP,WCH,SkyWest,function,4,100.0,Goal,Root/div/station/vendor/function,WCH_SCAN_COMP/VND/HIB/SkyWest/WCH,0,Yes
WCH_SCAN_COMP,HKG,VND,station,2,0.14,Goal,Root/div/station,WCH_SCAN_COMP/VND/HKG,1,No
WCH_SCAN_COMP,HAS,HKG,vendor,3,100.0,Goal,Root/div/station/vendor,WCH_SCAN_COMP/VND/HKG/HAS,1,No
WCH_SCAN_COMP,WCH,HAS,function,4,100.0,Goal,Root/div/station/vendor/function,WCH_SCAN_COMP/VND/HKG/HAS/WCH,0,Yes
WCH_SCAN_COMP,HLN,VND,station,2,0.38,Goal,Root/div/station,WCH_SCAN_COMP/VND/HLN,2,No
WCH_SCAN_COMP,",null,",HLN,vendor,3,36.41,Goal,Root/div/station/vendor,"WCH_SCAN_COMP/VND/HLN/,null,",1,No
WCH_SCAN_COMP,WCH,",null,",function,4,100.0,Goal,Root/div/station/vendor/function,"WCH_SCAN_COMP/VND/HLN/,null,/WCH",0,Yes
WCH_SCAN_COMP,SkyWest,HLN,vendor,3,63.59,Goal,Root/div/station/vendor,WCH_SCAN_COMP/VND/HLN/SkyWest,1,No
WCH_SCAN_COMP,WCH,SkyWest,function,4,100.0,Goal,Root/div/station/vendor/function,WCH_SCAN_COMP/VND/HLN/SkyWest/WCH,0,Yes
WCH_SCAN_COMP,HND,VND,station,2,0.17,Goal,Root/div/station,WCH_SCAN_COMP/VND/HND,1,No
WCH_SCAN_COMP,Haneda Turtle Service,HND,vendor,3,100.0,Goal,Root/div/station/vendor,WCH_SCAN_COMP/VND/HND/Haneda Turtle Service,1,No
WCH_SCAN_COMP,WCH,Haneda Turtle Service,function,4,100.0,Goal,Root/div/station/vendor/function,WCH_SCAN_COMP/VND/HND/Haneda Turtle Service/WCH,0,Yes
WCH_SCAN_COMP,HNL,VND,station,2,0.01,Goal,Root/div/station,WCH_SCAN_COMP/VND/HNL,2,No
WCH_SCAN_COMP,",null,",HNL,vendor,3,63.07,Goal,Root/div/station/vendor,"WCH_SCAN_COMP/VND/HNL/,null,",1,No
WCH_SCAN_COMP,WCH,",null,",function,4,100.0,Goal,Root/div/station/vendor/function,"WCH_SCAN_COMP/VND/HNL/,null,/WCH",0,Yes
WCH_SCAN_COMP,Unifi,HNL,vendor,3,36.93,Goal,Root/div/station/vendor,WCH_SCAN_COMP/VND/HNL/Unifi,1,No
WCH_SCAN_COMP,WCH,Unifi,function,4,100.0,Goal,Root/div/station/vendor/function,WCH_SCAN_COMP/VND/HNL/Unifi/WCH,0,Yes
WCH_SCAN_COMP,HOU,VND,station,2,0.17,Goal,Root/div/station,WCH_SCAN_COMP/VND/HOU,3,No
WCH_SCAN_COMP,",null,",HOU,vendor,3,38.08,Goal,Root/div/station/vendor,"WCH_SCAN_COMP/VND/HOU/,null,",1,No
WCH_SCAN_COMP,WCH,",null,",function,4,100.0,Goal,Root/div/station/vendor/function,"WCH_SCAN_COMP/VND/HOU/,null,/WCH",0,Yes
WCH_SCAN_COMP,GAT,HOU,vendor,3,20.5,Goal,Root/div/station/vendor,WCH_SCAN_COMP/VND/HOU/GAT,1,No
WCH_SCAN_COMP,WCH,GAT,function,4,100.0,Goal,Root/div/station/vendor/function,WCH_SCAN_COMP/VND/HOU/GAT/WCH,0,Yes
WCH_SCAN_COMP,"GATEWAY SECURITY, INC.",HOU,vendor,3,41.42,Goal,Root/div/station/vendor,"WCH_SCAN_COMP/VND/HOU/GATEWAY SECURITY, INC.",1,No
WCH_SCAN_COMP,WCH,"GATEWAY SECURITY, INC.",function,4,100.0,Goal,Root/div/station/vendor/function,"WCH_SCAN_COMP/VND/HOU/GATEWAY SECURITY, INC./WCH",0,Yes
WCH_SCAN_COMP,HPN,VND,station,2,0.11,Goal,Root/div/station,WCH_SCAN_COMP/VND/HPN,2,No
WCH_SCAN_COMP,",null,",HPN,vendor,3,32.37,Goal,Root/div/station/vendor,"WCH_SCAN_COMP/VND/HPN/,null,",1,No
WCH_SCAN_COMP,WCH,",null,",function,4,100.0,Goal,Root/div/station/vendor/function,"WCH_SCAN_COMP/VND/HPN/,null,/WCH",0,Yes
WCH_SCAN_COMP,Unifi,HPN,vendor,3,67.63,Goal,Root/div/station/vendor,WCH_SCAN_COMP/VND/HPN/Unifi,1,No
WCH_SCAN_COMP,WCH,Unifi,function,4,100.0,Goal,Root/div/station/vendor/function,WCH_SCAN_COMP/VND/HPN/Unifi/WCH,0,Yes
WCH_SCAN_COMP,HRL,VND,station,2,0.0,Goal,Root/div/station,WCH_SCAN_COMP/VND/HRL,3,No
WCH_SCAN_COMP,",null,",HRL,vendor,3,34.91,Goal,Root/div/station/vendor,"WCH_SCAN_COMP/VND/HRL/,null,",1,No
WCH_SCAN_COMP,WCH,",null,",function,4,100.0,Goal,Root/div/station/vendor/function,"WCH_SCAN_COMP/VND/HRL/,null,/WCH",0,Yes
WCH_SCAN_COMP,SkyWest,HRL,vendor,3,33.53,Goal,Root/div/station/vendor,WCH_SCAN_COMP/VND/HRL/SkyWest,1,No
WCH_SCAN_COMP,WCH,SkyWest,function,4,100.0,Goal,Root/div/station/vendor/function,WCH_SCAN_COMP/VND/HRL/SkyWest/WCH,0,Yes
WCH_SCAN_COMP,Valley International Airport Ground Handling Services,HRL,vendor,3,31.56,Goal,Root/div/station/vendor,WCH_SCAN_COMP/VND/HRL/Valley International Airport Ground Handling Services,1,No
WCH_SCAN_COMP,WCH,Valley International Airport Ground Handling Services,function,4,100.0,Goal,Root/div/station/vendor/function,WCH_SCAN_COMP/VND/HRL/Valley International Airport Ground Handling Services/WCH,0,Yes
WCH_SCAN_COMP,HSV,VND,station,2,0.04,Goal,Root/div/station,WCH_SCAN_COMP/VND/HSV,2,No
WCH_SCAN_COMP,",null,",HSV,vendor,3,37.58,Goal,Root/div/station/vendor,"WCH_SCAN_COMP/VND/HSV/,null,",1,No
WCH_SCAN_COMP,WCH,",null,",function,4,100.0,Goal,Root/div/station/vendor/function,"WCH_SCAN_COMP/VND/HSV/,null,/WCH",0,Yes
WCH_SCAN_COMP,HUNTLEIGH USA CORP,HSV,vendor,3,62.42,Goal,Root/div/station/vendor,WCH_SCAN_COMP/VND/HSV/HUNTLEIGH USA CORP,1,No
WCH_SCAN_COMP,WCH,HUNTLEIGH USA CORP,function,4,100.0,Goal,Root/div/station/vendor/function,WCH_SCAN_COMP/VND/HSV/HUNTLEIGH USA CORP/WCH,0,Yes
WCH_SCAN_COMP,IAD,VND,station,2,0.34,Goal,Root/div/station,WCH_SCAN_COMP/VND/IAD,4,No
WCH_SCAN_COMP,",null,",IAD,vendor,3,32.42,Goal,Root/div/station/vendor,"WCH_SCAN_COMP/VND/IAD/,null,",1,No
WCH_SCAN_COMP,WCH,",null,",function,4,100.0,Goal,Root/div/station/vendor/function,"WCH_SCAN_COMP/VND/IAD/,null,/WCH",0,Yes
WCH_SCAN_COMP,G2,IAD,vendor,3,16.87,Goal,Root/div/station/vendor,WCH_SCAN_COMP/VND/IAD/G2,1,No
WCH_SCAN_COMP,WCH,G2,function,4,100.0,Goal,Root/div/station/vendor/function,WCH_SCAN_COMP/VND/IAD/G2/WCH,0,Yes
WCH_SCAN_COMP,Maximus Global Services,IAD,vendor,3,16.44,Goal,Root/div/station/vendor,WCH_SCAN_COMP/VND/IAD/Maximus Global Services,1,No
WCH_SCAN_COMP,WCH,Maximus Global Services,function,4,100.0,Goal,Root/div/station/vendor/function,WCH_SCAN_COMP/VND/IAD/Maximus Global Services/WCH,0,Yes
WCH_SCAN_COMP,Menzies Aviation,IAD,vendor,3,34.27,Goal,Root/div/station/vendor,WCH_SCAN_COMP/VND/IAD/Menzies Aviation,1,No
WCH_SCAN_COMP,WCH,Menzies Aviation,function,4,100.0,Goal,Root/div/station/vendor/function,WCH_SCAN_COMP/VND/IAD/Menzies Aviation/WCH,0,Yes
WCH_SCAN_COMP,IAH,VND,station,2,0.22,Goal,Root/div/station,WCH_SCAN_COMP/VND/IAH,4,No
WCH_SCAN_COMP,",null,",IAH,vendor,3,27.2,Goal,Root/div/station/vendor,"WCH_SCAN_COMP/VND/IAH/,null,",1,No
WCH_SCAN_COMP,WCH,",null,",function,4,100.0,Goal,Root/div/station/vendor/function,"WCH_SCAN_COMP/VND/IAH/,null,/WCH",0,Yes
WCH_SCAN_COMP,ABM,IAH,vendor,3,28.91,Goal,Root/div/station/vendor,WCH_SCAN_COMP/VND/IAH/ABM,1,No
WCH_SCAN_COMP,WCH,ABM,function,4,100.0,Goal,Root/div/station/vendor/function,WCH_SCAN_COMP/VND/IAH/ABM/WCH,0,Yes
WCH_SCAN_COMP,G2,IAH,vendor,3,12.41,Goal,Root/div/station/vendor,WCH_SCAN_COMP/VND/IAH/G2,1,No
WCH_SCAN_COMP,WCH,G2,function,4,100.0,Goal,Root/div/station/vendor/function,WCH_SCAN_COMP/VND/IAH/G2/WCH,0,Yes
WCH_SCAN_COMP,Menzies Aviation,IAH,vendor,3,31.48,Goal,Root/div/station/vendor,WCH_SCAN_COMP/VND/IAH/Menzies Aviation,1,No
WCH_SCAN_COMP,WCH,Menzies Aviation,function,4,100.0,Goal,Root/div/station/vendor/function,WCH_SCAN_COMP/VND/IAH/Menzies Aviation/WCH,0,Yes
WCH_SCAN_COMP,ICN,VND,station,2,0.26,Goal,Root/div/station,WCH_SCAN_COMP/VND/ICN,1,No
WCH_SCAN_COMP,Korean Air,ICN,vendor,3,100.0,Goal,Root/div/station/vendor,WCH_SCAN_COMP/VND/ICN/Korean Air,1,No
WCH_SCAN_COMP,WCH,Korean Air,function,4,100.0,Goal,Root/div/station/vendor/function,WCH_SCAN_COMP/VND/ICN/Korean Air/WCH,0,Yes
WCH_SCAN_COMP,ICT,VND,station,2,0.22,Goal,Root/div/station,WCH_SCAN_COMP/VND/ICT,2,No
WCH_SCAN_COMP,",null,",ICT,vendor,3,68.43,Goal,Root/div/station/vendor,"WCH_SCAN_COMP/VND/ICT/,null,",1,No
WCH_SCAN_COMP,WCH,",null,",function,4,100.0,Goal,Root/div/station/vendor/function,"WCH_SCAN_COMP/VND/ICT/,null,/WCH",0,Yes
WCH_SCAN_COMP,Unifi,ICT,vendor,3,31.57,Goal,Root/div/station/vendor,WCH_SCAN_COMP/VND/ICT/Unifi,1,No
WCH_SCAN_COMP,WCH,Unifi,function,4,100.0,Goal,Root/div/station/vendor/function,WCH_SCAN_COMP/VND/ICT/Unifi/WCH,0,Yes
WCH_SCAN_COMP,IDA,VND,station,2,0.01,Goal,Root/div/station,WCH_SCAN_COMP/VND/IDA,1,No
WCH_SCAN_COMP,SkyWest,IDA,vendor,3,100.0,Goal,Root/div/station/vendor,WCH_SCAN_COMP/VND/IDA/SkyWest,1,No
WCH_SCAN_COMP,WCH,SkyWest,function,4,100.0,Goal,Root/div/station/vendor/function,WCH_SCAN_COMP/VND/IDA/SkyWest/WCH,0,Yes
WCH_SCAN_COMP,ILM,VND,station,2,0.16,Goal,Root/div/station,WCH_SCAN_COMP/VND/ILM,2,No
WCH_SCAN_COMP,",null,",ILM,vendor,3,38.53,Goal,Root/div/station/vendor,"WCH_SCAN_COMP/VND/ILM/,null,",1,No
WCH_SCAN_COMP,WCH,",null,",function,4,100.0,Goal,Root/div/station/vendor/function,"WCH_SCAN_COMP/VND/ILM/,null,/WCH",0,Yes
WCH_SCAN_COMP,"SUPERIOR AIRCRAFT SERVICES, INC.",ILM,vendor,3,61.47,Goal,Root/div/station/vendor,"WCH_SCAN_COMP/VND/ILM/SUPERIOR AIRCRAFT SERVICES, INC.",1,No
WCH_SCAN_COMP,WCH,"SUPERIOR AIRCRAFT SERVICES, INC.",function,4,100.0,Goal,Root/div/station/vendor/function,"WCH_SCAN_COMP/VND/ILM/SUPERIOR AIRCRAFT SERVICES, INC./WCH",0,Yes
WCH_SCAN_COMP,IMT,VND,station,2,0.02,Goal,Root/div/station,WCH_SCAN_COMP/VND/IMT,1,No
WCH_SCAN_COMP,Unifi,IMT,vendor,3,100.0,Goal,Root/div/station/vendor,WCH_SCAN_COMP/VND/IMT/Unifi,1,No
WCH_SCAN_COMP,WCH,Unifi,function,4,100.0,Goal,Root/div/station/vendor/function,WCH_SCAN_COMP/VND/IMT/Unifi/WCH,0,Yes
WCH_SCAN_COMP,IND,VND,station,2,0.35,Goal,Root/div/station,WCH_SCAN_COMP/VND/IND,3,No
WCH_SCAN_COMP,",null,",IND,vendor,3,50.27,Goal,Root/div/station/vendor,"WCH_SCAN_COMP/VND/IND/,null,",1,No
WCH_SCAN_COMP,WCH,",null,",function,4,100.0,Goal,Root/div/station/vendor/function,"WCH_SCAN_COMP/VND/IND/,null,/WCH",0,Yes
WCH_SCAN_COMP,G2,IND,vendor,3,13.06,Goal,Root/div/station/vendor,WCH_SCAN_COMP/VND/IND/G2,1,No
WCH_SCAN_COMP,WCH,G2,function,4,100.0,Goal,Root/div/station/vendor/function,WCH_SCAN_COMP/VND/IND/G2/WCH,0,Yes
WCH_SCAN_COMP,Menzies Aviation,IND,vendor,3,36.67,Goal,Root/div/station/vendor,WCH_SCAN_COMP/VND/IND/Menzies Aviation,1,No
WCH_SCAN_COMP,WCH,Menzies Aviation,function,4,100.0,Goal,Root/div/station/vendor/function,WCH_SCAN_COMP/VND/IND/Menzies Aviation/WCH,0,Yes
WCH_SCAN_COMP,INL,VND,station,2,0.11,Goal,Root/div/station,WCH_SCAN_COMP/VND/INL,1,No
WCH_SCAN_COMP,Unifi,INL,vendor,3,100.0,Goal,Root/div/station/vendor,WCH_SCAN_COMP/VND/INL/Unifi,1,No
WCH_SCAN_COMP,WCH,Unifi,function,4,100.0,Goal,Root/div/station/vendor/function,WCH_SCAN_COMP/VND/INL/Unifi/WCH,0,Yes
WCH_SCAN_COMP,ITH,VND,station,2,0.39,Goal,Root/div/station,WCH_SCAN_COMP/VND/ITH,1,No
WCH_SCAN_COMP,Unifi,ITH,vendor,3,100.0,Goal,Root/div/station/vendor,WCH_SCAN_COMP/VND/ITH/Unifi,1,No
WCH_SCAN_COMP,WCH,Unifi,function,4,100.0,Goal,Root/div/station/vendor/function,WCH_SCAN_COMP/VND/ITH/Unifi/WCH,0,Yes
WCH_SCAN_COMP,JAC,VND,station,2,0.35,Goal,Root/div/station,WCH_SCAN_COMP/VND/JAC,3,No
WCH_SCAN_COMP,",null,",JAC,vendor,3,12.91,Goal,Root/div/station/vendor,"WCH_SCAN_COMP/VND/JAC/,null,",1,No
WCH_SCAN_COMP,WCH,",null,",function,4,100.0,Goal,Root/div/station/vendor/function,"WCH_SCAN_COMP/VND/JAC/,null,/WCH",0,Yes
WCH_SCAN_COMP,SkyWest,JAC,vendor,3,17.65,Goal,Root/div/station/vendor,WCH_SCAN_COMP/VND/JAC/SkyWest,1,No
WCH_SCAN_COMP,WCH,SkyWest,function,4,100.0,Goal,Root/div/station/vendor/function,WCH_SCAN_COMP/VND/JAC/SkyWest/WCH,0,Yes
WCH_SCAN_COMP,Unifi,JAC,vendor,3,69.44000000000001,Goal,Root/div/station/vendor,WCH_SCAN_COMP/VND/JAC/Unifi,1,No
WCH_SCAN_COMP,WCH,Unifi,function,4,100.0,Goal,Root/div/station/vendor/function,WCH_SCAN_COMP/VND/JAC/Unifi/WCH,0,Yes
WCH_SCAN_COMP,JAN,VND,station,2,0.08,Goal,Root/div/station,WCH_SCAN_COMP/VND/JAN,2,No
WCH_SCAN_COMP,",null,",JAN,vendor,3,31.61,Goal,Root/div/station/vendor,"WCH_SCAN_COMP/VND/JAN/,null,",1,No
WCH_SCAN_COMP,WCH,",null,",function,4,100.0,Goal,Root/div/station/vendor/function,"WCH_SCAN_COMP/VND/JAN/,null,/WCH",0,Yes
WCH_SCAN_COMP,GAT,JAN,vendor,3,68.39,Goal,Root/div/station/vendor,WCH_SCAN_COMP/VND/JAN/GAT,1,No
WCH_SCAN_COMP,WCH,GAT,function,4,100.0,Goal,Root/div/station/vendor/function,WCH_SCAN_COMP/VND/JAN/GAT/WCH,0,Yes
WCH_SCAN_COMP,JAX,VND,station,2,0.27,Goal,Root/div/station,WCH_SCAN_COMP/VND/JAX,3,No
WCH_SCAN_COMP,",null,",JAX,vendor,3,35.86,Goal,Root/div/station/vendor,"WCH_SCAN_COMP/VND/JAX/,null,",1,No
WCH_SCAN_COMP,WCH,",null,",function,4,100.0,Goal,Root/div/station/vendor/function,"WCH_SCAN_COMP/VND/JAX/,null,/WCH",0,Yes
WCH_SCAN_COMP,Prospect,JAX,vendor,3,28.13,Goal,Root/div/station/vendor,WCH_SCAN_COMP/VND/JAX/Prospect,1,No
WCH_SCAN_COMP,WCH,Prospect,function,4,100.0,Goal,Root/div/station/vendor/function,WCH_SCAN_COMP/VND/JAX/Prospect/WCH,0,Yes
WCH_SCAN_COMP,Unifi,JAX,vendor,3,36.010000000000005,Goal,Root/div/station/vendor,WCH_SCAN_COMP/VND/JAX/Unifi,1,No
WCH_SCAN_COMP,WCH,Unifi,function,4,100.0,Goal,Root/div/station/vendor/function,WCH_SCAN_COMP/VND/JAX/Unifi/WCH,0,Yes
WCH_SCAN_COMP,JFK,VND,station,2,0.11,Goal,Root/div/station,WCH_SCAN_COMP/VND/JFK,3,No
WCH_SCAN_COMP,",null,",JFK,vendor,3,24.06,Goal,Root/div/station/vendor,"WCH_SCAN_COMP/VND/JFK/,null,",1,No
WCH_SCAN_COMP,WCH,",null,",function,4,100.0,Goal,Root/div/station/vendor/function,"WCH_SCAN_COMP/VND/JFK/,null,/WCH",0,Yes
WCH_SCAN_COMP,PAX ASSIST INC,JFK,vendor,3,33.31,Goal,Root/div/station/vendor,WCH_SCAN_COMP/VND/JFK/PAX ASSIST INC,1,No
WCH_SCAN_COMP,WCH,PAX ASSIST INC,function,4,100.0,Goal,Root/div/station/vendor/function,WCH_SCAN_COMP/VND/JFK/PAX ASSIST INC/WCH,0,Yes
WCH_SCAN_COMP,Unifi,JFK,vendor,3,42.63,Goal,Root/div/station/vendor,WCH_SCAN_COMP/VND/JFK/Unifi,1,No
WCH_SCAN_COMP,WCH,Unifi,function,4,100.0,Goal,Root/div/station/vendor/function,WCH_SCAN_COMP/VND/JFK/Unifi/WCH,0,Yes
WCH_SCAN_COMP,JNB,VND,station,2,0.19,Goal,Root/div/station,WCH_SCAN_COMP/VND/JNB,2,No
WCH_SCAN_COMP,Colossal,JNB,vendor,3,61.28,Goal,Root/div/station/vendor,WCH_SCAN_COMP/VND/JNB/Colossal,1,No
WCH_SCAN_COMP,WCH,Colossal,function,4,100.0,Goal,Root/div/station/vendor/function,WCH_SCAN_COMP/VND/JNB/Colossal/WCH,0,Yes
WCH_SCAN_COMP,Swissport,JNB,vendor,3,38.72,Goal,Root/div/station/vendor,WCH_SCAN_COMP/VND/JNB/Swissport,1,No
WCH_SCAN_COMP,WCH,Swissport,function,4,100.0,Goal,Root/div/station/vendor/function,WCH_SCAN_COMP/VND/JNB/Swissport/WCH,0,Yes
WCH_SCAN_COMP,JNU,VND,station,2,0.04,Goal,Root/div/station,WCH_SCAN_COMP/VND/JNU,1,No
WCH_SCAN_COMP,Unifi,JNU,vendor,3,100.0,Goal,Root/div/station/vendor,WCH_SCAN_COMP/VND/JNU/Unifi,1,No
WCH_SCAN_COMP,WCH,Unifi,function,4,100.0,Goal,Root/div/station/vendor/function,WCH_SCAN_COMP/VND/JNU/Unifi/WCH,0,Yes
WCH_SCAN_COMP,KEF,VND,station,2,0.27,Goal,Root/div/station,WCH_SCAN_COMP/VND/KEF,1,No
WCH_SCAN_COMP,Airport,KEF,vendor,3,100.0,Goal,Root/div/station/vendor,WCH_SCAN_COMP/VND/KEF/Airport,1,No
WCH_SCAN_COMP,WCH,Airport,function,4,100.0,Goal,Root/div/station/vendor/function,WCH_SCAN_COMP/VND/KEF/Airport/WCH,0,Yes
WCH_SCAN_COMP,KIN,VND,station,2,0.19,Goal,Root/div/station,WCH_SCAN_COMP/VND/KIN,3,No
WCH_SCAN_COMP,AJAS,KIN,vendor,3,35.56,Goal,Root/div/station/vendor,WCH_SCAN_COMP/VND/KIN/AJAS,1,No
WCH_SCAN_COMP,WCH,AJAS,function,4,100.0,Goal,Root/div/station/vendor/function,WCH_SCAN_COMP/VND/KIN/AJAS/WCH,0,Yes
WCH_SCAN_COMP,GCG GROUND SERVICES LLC,KIN,vendor,3,15.78,Goal,Root/div/station/vendor,WCH_SCAN_COMP/VND/KIN/GCG GROUND SERVICES LLC,1,No
WCH_SCAN_COMP,WCH,GCG GROUND SERVICES LLC,function,4,100.0,Goal,Root/div/station/vendor/function,WCH_SCAN_COMP/VND/KIN/GCG GROUND SERVICES LLC/WCH,0,Yes
WCH_SCAN_COMP,Menzies Aviation,KIN,vendor,3,48.660000000000004,Goal,Root/div/station/vendor,WCH_SCAN_COMP/VND/KIN/Menzies Aviation,1,No
WCH_SCAN_COMP,WCH,Menzies Aviation,function,4,100.0,Goal,Root/div/station/vendor/function,WCH_SCAN_COMP/VND/KIN/Menzies Aviation/WCH,0,Yes
WCH_SCAN_COMP,KIX,VND,station,2,0.23,Goal,Root/div/station,WCH_SCAN_COMP/VND/KIX,1,No
WCH_SCAN_COMP,CKTS,KIX,vendor,3,100.0,Goal,Root/div/station/vendor,WCH_SCAN_COMP/VND/KIX/CKTS,1,No
WCH_SCAN_COMP,WCH,CKTS,function,4,100.0,Goal,Root/div/station/vendor/function,WCH_SCAN_COMP/VND/KIX/CKTS/WCH,0,Yes
WCH_SCAN_COMP,KOA,VND,station,2,0.07,Goal,Root/div/station,WCH_SCAN_COMP/VND/KOA,2,No
WCH_SCAN_COMP,",null,",KOA,vendor,3,43.93,Goal,Root/div/station/vendor,"WCH_SCAN_COMP/VND/KOA/,null,",1,No
WCH_SCAN_COMP,WCH,",null,",function,4,100.0,Goal,Root/div/station/vendor/function,"WCH_SCAN_COMP/VND/KOA/,null,/WCH",0,Yes
WCH_SCAN_COMP,Unifi,KOA,vendor,3,56.07,Goal,Root/div/station/vendor,WCH_SCAN_COMP/VND/KOA/Unifi,1,No
WCH_SCAN_COMP,WCH,Unifi,function,4,100.0,Goal,Root/div/station/vendor/function,WCH_SCAN_COMP/VND/KOA/Unifi/WCH,0,Yes
WCH_SCAN_COMP,KTN,VND,station,2,0.08,Goal,Root/div/station,WCH_SCAN_COMP/VND/KTN,1,No
WCH_SCAN_COMP,Unifi,KTN,vendor,3,100.0,Goal,Root/div/station/vendor,WCH_SCAN_COMP/VND/KTN/Unifi,1,No
WCH_SCAN_COMP,WCH,Unifi,function,4,100.0,Goal,Root/div/station/vendor/function,WCH_SCAN_COMP/VND/KTN/Unifi/WCH,0,Yes
WCH_SCAN_COMP,LAN,VND,station,2,0.32,Goal,Root/div/station,WCH_SCAN_COMP/VND/LAN,2,No
WCH_SCAN_COMP,",null,",LAN,vendor,3,77.08,Goal,Root/div/station/vendor,"WCH_SCAN_COMP/VND/LAN/,null,",1,No
WCH_SCAN_COMP,WCH,",null,",function,4,100.0,Goal,Root/div/station/vendor/function,"WCH_SCAN_COMP/VND/LAN/,null,/WCH",0,Yes
WCH_SCAN_COMP,Unifi,LAN,vendor,3,22.92,Goal,Root/div/station/vendor,WCH_SCAN_COMP/VND/LAN/Unifi,1,No
WCH_SCAN_COMP,WCH,Unifi,function,4,100.0,Goal,Root/div/station/vendor/function,WCH_SCAN_COMP/VND/LAN/Unifi/WCH,0,Yes
WCH_SCAN_COMP,LAS,VND,station,2,0.16,Goal,Root/div/station,WCH_SCAN_COMP/VND/LAS,4,No
WCH_SCAN_COMP,",null,",LAS,vendor,3,40.03,Goal,Root/div/station/vendor,"WCH_SCAN_COMP/VND/LAS/,null,",1,No
WCH_SCAN_COMP,WCH,",null,",function,4,100.0,Goal,Root/div/station/vendor/function,"WCH_SCAN_COMP/VND/LAS/,null,/WCH",0,Yes
WCH_SCAN_COMP,Prospect,LAS,vendor,3,33.81,Goal,Root/div/station/vendor,WCH_SCAN_COMP/VND/LAS/Prospect,1,No
WCH_SCAN_COMP,WCH,Prospect,function,4,100.0,Goal,Root/div/station/vendor/function,WCH_SCAN_COMP/VND/LAS/Prospect/WCH,0,Yes
WCH_SCAN_COMP,S.A.S. SERVICES GROUP INC,LAS,vendor,3,10.8,Goal,Root/div/station/vendor,WCH_SCAN_COMP/VND/LAS/S.A.S. SERVICES GROUP INC,1,No
WCH_SCAN_COMP,WCH,S.A.S. SERVICES GROUP INC,function,4,100.0,Goal,Root/div/station/vendor/function,WCH_SCAN_COMP/VND/LAS/S.A.S. SERVICES GROUP INC/WCH,0,Yes
WCH_SCAN_COMP,Unifi,LAS,vendor,3,15.36,Goal,Root/div/station/vendor,WCH_SCAN_COMP/VND/LAS/Unifi,1,No
WCH_SCAN_COMP,WCH,Unifi,function,4,100.0,Goal,Root/div/station/vendor/function,WCH_SCAN_COMP/VND/LAS/Unifi/WCH,0,Yes
WCH_SCAN_COMP,LAX,VND,station,2,0.13,Goal,Root/div/station,WCH_SCAN_COMP/VND/LAX,4,No
WCH_SCAN_COMP,",null,",LAX,vendor,3,15.13,Goal,Root/div/station/vendor,"WCH_SCAN_COMP/VND/LAX/,null,",1,No
WCH_SCAN_COMP,WCH,",null,",function,4,100.0,Goal,Root/div/station/vendor/function,"WCH_SCAN_COMP/VND/LAX/,null,/WCH",0,Yes
WCH_SCAN_COMP,G2,LAX,vendor,3,36.38,Goal,Root/div/station/vendor,WCH_SCAN_COMP/VND/LAX/G2,1,No
WCH_SCAN_COMP,WCH,G2,function,4,100.0,Goal,Root/div/station/vendor/function,WCH_SCAN_COMP/VND/LAX/G2/WCH,0,Yes
WCH_SCAN_COMP,Menzies Aviation,LAX,vendor,3,15.09,Goal,Root/div/station/vendor,WCH_SCAN_COMP/VND/LAX/Menzies Aviation,1,No
WCH_SCAN_COMP,WCH,Menzies Aviation,function,4,100.0,Goal,Root/div/station/vendor/function,WCH_SCAN_COMP/VND/LAX/Menzies Aviation/WCH,0,Yes
WCH_SCAN_COMP,Unifi,LAX,vendor,3,33.4,Goal,Root/div/station/vendor,WCH_SCAN_COMP/VND/LAX/Unifi,1,No
WCH_SCAN_COMP,WCH,Unifi,function,4,100.0,Goal,Root/div/station/vendor/function,WCH_SCAN_COMP/VND/LAX/Unifi/WCH,0,Yes
WCH_SCAN_COMP,LEX,VND,station,2,0.16,Goal,Root/div/station,WCH_SCAN_COMP/VND/LEX,2,No
WCH_SCAN_COMP,",null,",LEX,vendor,3,71.1,Goal,Root/div/station/vendor,"WCH_SCAN_COMP/VND/LEX/,null,",1,No
WCH_SCAN_COMP,WCH,",null,",function,4,100.0,Goal,Root/div/station/vendor/function,"WCH_SCAN_COMP/VND/LEX/,null,/WCH",0,Yes
WCH_SCAN_COMP,ABM,LEX,vendor,3,28.9,Goal,Root/div/station/vendor,WCH_SCAN_COMP/VND/LEX/ABM,1,No
WCH_SCAN_COMP,WCH,ABM,function,4,100.0,Goal,Root/div/station/vendor/function,WCH_SCAN_COMP/VND/LEX/ABM/WCH,0,Yes
WCH_SCAN_COMP,LFT,VND,station,2,0.37,Goal,Root/div/station,WCH_SCAN_COMP/VND/LFT,2,No
WCH_SCAN_COMP,",null,",LFT,vendor,3,21.16,Goal,Root/div/station/vendor,"WCH_SCAN_COMP/VND/LFT/,null,",1,No
WCH_SCAN_COMP,WCH,",null,",function,4,100.0,Goal,Root/div/station/vendor/function,"WCH_SCAN_COMP/VND/LFT/,null,/WCH",0,Yes
WCH_SCAN_COMP,Unifi,LFT,vendor,3,78.84,Goal,Root/div/station/vendor,WCH_SCAN_COMP/VND/LFT/Unifi,1,No
WCH_SCAN_COMP,WCH,Unifi,function,4,100.0,Goal,Root/div/station/vendor/function,WCH_SCAN_COMP/VND/LFT/Unifi/WCH,0,Yes
WCH_SCAN_COMP,LGA,VND,station,2,0.09,Goal,Root/div/station,WCH_SCAN_COMP/VND/LGA,4,No
WCH_SCAN_COMP,",null,",LGA,vendor,3,17.24,Goal,Root/div/station/vendor,"WCH_SCAN_COMP/VND/LGA/,null,",1,No
WCH_SCAN_COMP,WCH,",null,",function,4,100.0,Goal,Root/div/station/vendor/function,"WCH_SCAN_COMP/VND/LGA/,null,/WCH",0,Yes
WCH_SCAN_COMP,"Aviation, Prosegur Services Group, Inc.",LGA,vendor,3,44.46,Goal,Root/div/station/vendor,"WCH_SCAN_COMP/VND/LGA/Aviation, Prosegur Services Group, Inc.",1,No
WCH_SCAN_COMP,WCH,"Aviation, Prosegur Services Group, Inc.",function,4,100.0,Goal,Root/div/station/vendor/function,"WCH_SCAN_COMP/VND/LGA/Aviation, Prosegur Services Group, Inc./WCH",0,Yes
WCH_SCAN_COMP,G2,LGA,vendor,3,19.78,Goal,Root/div/station/vendor,WCH_SCAN_COMP/VND/LGA/G2,1,No
WCH_SCAN_COMP,WCH,G2,function,4,100.0,Goal,Root/div/station/vendor/function,WCH_SCAN_COMP/VND/LGA/G2/WCH,0,Yes
WCH_SCAN_COMP,Menzies Aviation,LGA,vendor,3,18.520000000000003,Goal,Root/div/station/vendor,WCH_SCAN_COMP/VND/LGA/Menzies Aviation,1,No
WCH_SCAN_COMP,WCH,Menzies Aviation,function,4,100.0,Goal,Root/div/station/vendor/function,WCH_SCAN_COMP/VND/LGA/Menzies Aviation/WCH,0,Yes
WCH_SCAN_COMP,LGB,VND,station,2,0.37,Goal,Root/div/station,WCH_SCAN_COMP/VND/LGB,2,No
WCH_SCAN_COMP,",null,",LGB,vendor,3,46.13,Goal,Root/div/station/vendor,"WCH_SCAN_COMP/VND/LGB/,null,",1,No
WCH_SCAN_COMP,WCH,",null,",function,4,100.0,Goal,Root/div/station/vendor/function,"WCH_SCAN_COMP/VND/LGB/,null,/WCH",0,Yes
WCH_SCAN_COMP,Unifi,LGB,vendor,3,53.87,Goal,Root/div/station/vendor,WCH_SCAN_COMP/VND/LGB/Unifi,1,No
WCH_SCAN_COMP,WCH,Unifi,function,4,100.0,Goal,Root/div/station/vendor/function,WCH_SCAN_COMP/VND/LGB/Unifi/WCH,0,Yes
WCH_SCAN_COMP,LGW,VND,station,2,0.38,Goal,Root/div/station,WCH_SCAN_COMP/VND/LGW,1,No
WCH_SCAN_COMP,Airport,LGW,vendor,3,100.0,Goal,Root/div/station/vendor,WCH_SCAN_COMP/VND/LGW/Airport,1,No
WCH_SCAN_COMP,WCH,Airport,function,4,100.0,Goal,Root/div/station/vendor/function,WCH_SCAN_COMP/VND/LGW/Airport/WCH,0,Yes
WCH_SCAN_COMP,LHR,VND,station,2,0.4,Goal,Root/div/station,WCH_SCAN_COMP/VND/LHR,1,No
WCH_SCAN_COMP,Airport,LHR,vendor,3,100.0,Goal,Root/div/station/vendor,WCH_SCAN_COMP/VND/LHR/Airport,1,No
WCH_SCAN_COMP,WCH,Airport,function,4,100.0,Goal,Root/div/station/vendor/function,WCH_SCAN_COMP/VND/LHR/Airport/WCH,0,Yes
WCH_SCAN_COMP,LIH,VND,station,2,0.02,Goal,Root/div/station,WCH_SCAN_COMP/VND/LIH,2,No
WCH_SCAN_COMP,",null,",LIH,vendor,3,24.65,Goal,Root/div/station/vendor,"WCH_SCAN_COMP/VND/LIH/,null,",1,No
WCH_SCAN_COMP,WCH,",null,",function,4,100.0,Goal,Root/div/station/vendor/function,"WCH_SCAN_COMP/VND/LIH/,null,/WCH",0,Yes
WCH_SCAN_COMP,Unifi,LIH,vendor,3,75.35,Goal,Root/div/station/vendor,WCH_SCAN_COMP/VND/LIH/Unifi,1,No
WCH_SCAN_COMP,WCH,Unifi,function,4,100.0,Goal,Root/div/station/vendor/function,WCH_SCAN_COMP/VND/LIH/Unifi/WCH,0,Yes
WCH_SCAN_COMP,LIM,VND,station,2,0.07,Goal,Root/div/station,WCH_SCAN_COMP/VND/LIM,1,No
WCH_SCAN_COMP,Aviation Security,LIM,vendor,3,100.0,Goal,Root/div/station/vendor,WCH_SCAN_COMP/VND/LIM/Aviation Security,1,No
WCH_SCAN_COMP,WCH,Aviation Security,function,4,100.0,Goal,Root/div/station/vendor/function,WCH_SCAN_COMP/VND/LIM/Aviation Security/WCH,0,Yes
WCH_SCAN_COMP,LIR,VND,station,2,0.09,Goal,Root/div/station,WCH_SCAN_COMP/VND/LIR,2,No
WCH_SCAN_COMP,Aero Sphere A.S. Handling,LIR,vendor,3,71.92,Goal,Root/div/station/vendor,WCH_SCAN_COMP/VND/LIR/Aero Sphere A.S. Handling,1,No
WCH_SCAN_COMP,WCH,Aero Sphere A.S. Handling,function,4,100.0,Goal,Root/div/station/vendor/function,WCH_SCAN_COMP/VND/LIR/Aero Sphere A.S. Handling/WCH,0,Yes
WCH_SCAN_COMP,GCG GROUND SERVICES LLC,LIR,vendor,3,28.08,Goal,Root/div/station/vendor,WCH_SCAN_COMP/VND/LIR/GCG GROUND SERVICES LLC,1,No
WCH_SCAN_COMP,WCH,GCG GROUND SERVICES LLC,function,4,100.0,Goal,Root/div/station/vendor/function,WCH_SCAN_COMP/VND/LIR/GCG GROUND SERVICES LLC/WCH,0,Yes
WCH_SCAN_COMP,LIS,VND,station,2,0.21,Goal,Root/div/station,WCH_SCAN_COMP/VND/LIS,1,No
WCH_SCAN_COMP,Airport,LIS,vendor,3,100.0,Goal,Root/div/station/vendor,WCH_SCAN_COMP/VND/LIS/Airport,1,No
WCH_SCAN_COMP,WCH,Airport,function,4,100.0,Goal,Root/div/station/vendor/function,WCH_SCAN_COMP/VND/LIS/Airport/WCH,0,Yes
WCH_SCAN_COMP,LIT,VND,station,2,0.2,Goal,Root/div/station,WCH_SCAN_COMP/VND/LIT,2,No
WCH_SCAN_COMP,",null,",LIT,vendor,3,5.41,Goal,Root/div/station/vendor,"WCH_SCAN_COMP/VND/LIT/,null,",1,No
WCH_SCAN_COMP,WCH,",null,",function,4,100.0,Goal,Root/div/station/vendor/function,"WCH_SCAN_COMP/VND/LIT/,null,/WCH",0,Yes
WCH_SCAN_COMP,ABM,LIT,vendor,3,94.59,Goal,Root/div/station/vendor,WCH_SCAN_COMP/VND/LIT/ABM,1,No
WCH_SCAN_COMP,WCH,ABM,function,4,100.0,Goal,Root/div/station/vendor/function,WCH_SCAN_COMP/VND/LIT/ABM/WCH,0,Yes
WCH_SCAN_COMP,LNK,VND,station,2,0.08,Goal,Root/div/station,WCH_SCAN_COMP/VND/LNK,1,No
WCH_SCAN_COMP,Unifi,LNK,vendor,3,100.0,Goal,Root/div/station/vendor,WCH_SCAN_COMP/VND/LNK/Unifi,1,No
WCH_SCAN_COMP,WCH,Unifi,function,4,100.0,Goal,Root/div/station/vendor/function,WCH_SCAN_COMP/VND/LNK/Unifi/WCH,0,Yes
WCH_SCAN_COMP,LOS,VND,station,2,0.18,Goal,Root/div/station,WCH_SCAN_COMP/VND/LOS,1,No
WCH_SCAN_COMP,NAHCo,LOS,vendor,3,100.0,Goal,Root/div/station/vendor,WCH_SCAN_COMP/VND/LOS/NAHCo,1,No
WCH_SCAN_COMP,WCH,NAHCo,function,4,100.0,Goal,Root/div/station/vendor/function,WCH_SCAN_COMP/VND/LOS/NAHCo/WCH,0,Yes
WCH_SCAN_COMP,LSE,VND,station,2,0.33,Goal,Root/div/station,WCH_SCAN_COMP/VND/LSE,1,No
WCH_SCAN_COMP,Unifi,LSE,vendor,3,100.0,Goal,Root/div/station/vendor,WCH_SCAN_COMP/VND/LSE/Unifi,1,No
WCH_SCAN_COMP,WCH,Unifi,function,4,100.0,Goal,Root/div/station/vendor/function,WCH_SCAN_COMP/VND/LSE/Unifi/WCH,0,Yes
WCH_SCAN_COMP,LWS,VND,station,2,0.02,Goal,Root/div/station,WCH_SCAN_COMP/VND/LWS,1,No
WCH_SCAN_COMP,SkyWest,LWS,vendor,3,100.0,Goal,Root/div/station/vendor,WCH_SCAN_COMP/VND/LWS/SkyWest,1,No
WCH_SCAN_COMP,WCH,SkyWest,function,4,100.0,Goal,Root/div/station/vendor/function,WCH_SCAN_COMP/VND/LWS/SkyWest/WCH,0,Yes
WCH_SCAN_COMP,MAD,VND,station,2,0.35,Goal,Root/div/station,WCH_SCAN_COMP/VND/MAD,1,No
WCH_SCAN_COMP,Airport,MAD,vendor,3,100.0,Goal,Root/div/station/vendor,WCH_SCAN_COMP/VND/MAD/Airport,1,No
WCH_SCAN_COMP,WCH,Airport,function,4,100.0,Goal,Root/div/station/vendor/function,WCH_SCAN_COMP/VND/MAD/Airport/WCH,0,Yes
WCH_SCAN_COMP,MAF,VND,station,2,0.33,Goal,Root/div/station,WCH_SCAN_COMP/VND/MAF,1,No
WCH_SCAN_COMP,HHS Aviation,MAF,vendor,3,100.0,Goal,Root/div/station/vendor,WCH_SCAN_COMP/VND/MAF/HHS Aviation,1,No
WCH_SCAN_COMP,WCH,HHS Aviation,function,4,100.0,Goal,Root/div/station/vendor/function,WCH_SCAN_COMP/VND/MAF/HHS Aviation/WCH,0,Yes
WCH_SCAN_COMP,MBJ,VND,station,2,0.31,Goal,Root/div/station,WCH_SCAN_COMP/VND/MBJ,3,No
WCH_SCAN_COMP,AJAS,MBJ,vendor,3,32.46,Goal,Root/div/station/vendor,WCH_SCAN_COMP/VND/MBJ/AJAS,2,No
WCH_SCAN_COMP,Menzies,AJAS,function,4,53.46,Goal,Root/div/station/vendor/function,WCH_SCAN_COMP/VND/MBJ/AJAS/Menzies,0,Yes
WCH_SCAN_COMP,WCH,AJAS,function,4,46.54,Goal,Root/div/station/vendor/function,WCH_SCAN_COMP/VND/MBJ/AJAS/WCH,0,Yes
WCH_SCAN_COMP,Longport,MBJ,vendor,3,36.58,Goal,Root/div/station/vendor,WCH_SCAN_COMP/VND/MBJ/Longport,1,No
WCH_SCAN_COMP,WCH,Longport,function,4,100.0,Goal,Root/div/station/vendor/function,WCH_SCAN_COMP/VND/MBJ/Longport/WCH,0,Yes
WCH_SCAN_COMP,Menzies Aviation,MBJ,vendor,3,30.96,Goal,Root/div/station/vendor,WCH_SCAN_COMP/VND/MBJ/Menzies Aviation,1,No
WCH_SCAN_COMP,WCH,Menzies Aviation,function,4,100.0,Goal,Root/div/station/vendor/function,WCH_SCAN_COMP/VND/MBJ/Menzies Aviation/WCH,0,Yes
WCH_SCAN_COMP,MBS,VND,station,2,0.23,Goal,Root/div/station,WCH_SCAN_COMP/VND/MBS,1,No
WCH_SCAN_COMP,Unifi,MBS,vendor,3,100.0,Goal,Root/div/station/vendor,WCH_SCAN_COMP/VND/MBS/Unifi,1,No
WCH_SCAN_COMP,WCH,Unifi,function,4,100.0,Goal,Root/div/station/vendor/function,WCH_SCAN_COMP/VND/MBS/Unifi/WCH,0,Yes
WCH_SCAN_COMP,MCI,VND,station,2,0.12,Goal,Root/div/station,WCH_SCAN_COMP/VND/MCI,2,No
WCH_SCAN_COMP,",null,",MCI,vendor,3,67.41,Goal,Root/div/station/vendor,"WCH_SCAN_COMP/VND/MCI/,null,",1,No
WCH_SCAN_COMP,WCH,",null,",function,4,100.0,Goal,Root/div/station/vendor/function,"WCH_SCAN_COMP/VND/MCI/,null,/WCH",0,Yes
WCH_SCAN_COMP,HUNTLEIGH USA CORP,MCI,vendor,3,32.59,Goal,Root/div/station/vendor,WCH_SCAN_COMP/VND/MCI/HUNTLEIGH USA CORP,1,No
WCH_SCAN_COMP,WCH,HUNTLEIGH USA CORP,function,4,100.0,Goal,Root/div/station/vendor/function,WCH_SCAN_COMP/VND/MCI/HUNTLEIGH USA CORP/WCH,0,Yes
WCH_SCAN_COMP,MCO,VND,station,2,0.1,Goal,Root/div/station,WCH_SCAN_COMP/VND/MCO,3,No
WCH_SCAN_COMP,",null,",MCO,vendor,3,24.17,Goal,Root/div/station/vendor,"WCH_SCAN_COMP/VND/MCO/,null,",1,No
WCH_SCAN_COMP,WCH,",null,",function,4,100.0,Goal,Root/div/station/vendor/function,"WCH_SCAN_COMP/VND/MCO/,null,/WCH",0,Yes
WCH_SCAN_COMP,Prospect,MCO,vendor,3,36.93,Goal,Root/div/station/vendor,WCH_SCAN_COMP/VND/MCO/Prospect,1,No
WCH_SCAN_COMP,WCH,Prospect,function,4,100.0,Goal,Root/div/station/vendor/function,WCH_SCAN_COMP/VND/MCO/Prospect/WCH,0,Yes
WCH_SCAN_COMP,Unifi,MCO,vendor,3,38.9,Goal,Root/div/station/vendor,WCH_SCAN_COMP/VND/MCO/Unifi,1,No
WCH_SCAN_COMP,WCH,Unifi,function,4,100.0,Goal,Root/div/station/vendor/function,WCH_SCAN_COMP/VND/MCO/Unifi/WCH,0,Yes
WCH_SCAN_COMP,MDT,VND,station,2,0.17,Goal,Root/div/station,WCH_SCAN_COMP/VND/MDT,2,No
WCH_SCAN_COMP,",null,",MDT,vendor,3,16.4,Goal,Root/div/station/vendor,"WCH_SCAN_COMP/VND/MDT/,null,",1,No
WCH_SCAN_COMP,WCH,",null,",function,4,100.0,Goal,Root/div/station/vendor/function,"WCH_SCAN_COMP/VND/MDT/,null,/WCH",0,Yes
WCH_SCAN_COMP,Unifi,MDT,vendor,3,83.6,Goal,Root/div/station/vendor,WCH_SCAN_COMP/VND/MDT/Unifi,1,No
WCH_SCAN_COMP,WCH,Unifi,function,4,100.0,Goal,Root/div/station/vendor/function,WCH_SCAN_COMP/VND/MDT/Unifi/WCH,0,Yes
WCH_SCAN_COMP,MDW,VND,station,2,0.29,Goal,Root/div/station,WCH_SCAN_COMP/VND/MDW,3,No
WCH_SCAN_COMP,",null,",MDW,vendor,3,13.22,Goal,Root/div/station/vendor,"WCH_SCAN_COMP/VND/MDW/,null,",1,No
WCH_SCAN_COMP,WCH,",null,",function,4,100.0,Goal,Root/div/station/vendor/function,"WCH_SCAN_COMP/VND/MDW/,null,/WCH",0,Yes
WCH_SCAN_COMP,Prospect,MDW,vendor,3,57.27,Goal,Root/div/station/vendor,WCH_SCAN_COMP/VND/MDW/Prospect,1,No
WCH_SCAN_COMP,WCH,Prospect,function,4,100.0,Goal,Root/div/station/vendor/function,WCH_SCAN_COMP/VND/MDW/Prospect/WCH,0,Yes
WCH_SCAN_COMP,Unifi,MDW,vendor,3,29.51,Goal,Root/div/station/vendor,WCH_SCAN_COMP/VND/MDW/Unifi,1,No
WCH_SCAN_COMP,WCH,Unifi,function,4,100.0,Goal,Root/div/station/vendor/function,WCH_SCAN_COMP/VND/MDW/Unifi/WCH,0,Yes
WCH_SCAN_COMP,MEM,VND,station,2,0.11,Goal,Root/div/station,WCH_SCAN_COMP/VND/MEM,2,No
WCH_SCAN_COMP,",null,",MEM,vendor,3,56.66,Goal,Root/div/station/vendor,"WCH_SCAN_COMP/VND/MEM/,null,",1,No
WCH_SCAN_COMP,WCH,",null,",function,4,100.0,Goal,Root/div/station/vendor/function,"WCH_SCAN_COMP/VND/MEM/,null,/WCH",0,Yes
WCH_SCAN_COMP,Unifi,MEM,vendor,3,43.34,Goal,Root/div/station/vendor,WCH_SCAN_COMP/VND/MEM/Unifi,1,No
WCH_SCAN_COMP,WCH,Unifi,function,4,100.0,Goal,Root/div/station/vendor/function,WCH_SCAN_COMP/VND/MEM/Unifi/WCH,0,Yes
WCH_SCAN_COMP,MEX,VND,station,2,0.21,Goal,Root/div/station,WCH_SCAN_COMP/VND/MEX,1,No
WCH_SCAN_COMP,ORION SOPORTE Y SERVICIOS,MEX,vendor,3,100.0,Goal,Root/div/station/vendor,WCH_SCAN_COMP/VND/MEX/ORION SOPORTE Y SERVICIOS,1,No
WCH_SCAN_COMP,WCH,ORION SOPORTE Y SERVICIOS,function,4,100.0,Goal,Root/div/station/vendor/function,WCH_SCAN_COMP/VND/MEX/ORION SOPORTE Y SERVICIOS/WCH,0,Yes
WCH_SCAN_COMP,MFE,VND,station,2,0.05,Goal,Root/div/station,WCH_SCAN_COMP/VND/MFE,2,No
WCH_SCAN_COMP,",null,",MFE,vendor,3,54.19,Goal,Root/div/station/vendor,"WCH_SCAN_COMP/VND/MFE/,null,",1,No
WCH_SCAN_COMP,WCH,",null,",function,4,100.0,Goal,Root/div/station/vendor/function,"WCH_SCAN_COMP/VND/MFE/,null,/WCH",0,Yes
WCH_SCAN_COMP,PrimeFlight,MFE,vendor,3,45.81,Goal,Root/div/station/vendor,WCH_SCAN_COMP/VND/MFE/PrimeFlight,1,No
WCH_SCAN_COMP,WCH,PrimeFlight,function,4,100.0,Goal,Root/div/station/vendor/function,WCH_SCAN_COMP/VND/MFE/PrimeFlight/WCH,0,Yes
WCH_SCAN_COMP,MFR,VND,station,2,0.19,Goal,Root/div/station,WCH_SCAN_COMP/VND/MFR,2,No
WCH_SCAN_COMP,",null,",MFR,vendor,3,25.73,Goal,Root/div/station/vendor,"WCH_SCAN_COMP/VND/MFR/,null,",1,No
WCH_SCAN_COMP,WCH,",null,",function,4,100.0,Goal,Root/div/station/vendor/function,"WCH_SCAN_COMP/VND/MFR/,null,/WCH",0,Yes
WCH_SCAN_COMP,Unifi,MFR,vendor,3,74.27,Goal,Root/div/station/vendor,WCH_SCAN_COMP/VND/MFR/Unifi,1,No
WCH_SCAN_COMP,WCH,Unifi,function,4,100.0,Goal,Root/div/station/vendor/function,WCH_SCAN_COMP/VND/MFR/Unifi/WCH,0,Yes
WCH_SCAN_COMP,MGA,VND,station,2,0.12,Goal,Root/div/station,WCH_SCAN_COMP/VND/MGA,1,No
WCH_SCAN_COMP,EAAI,MGA,vendor,3,100.0,Goal,Root/div/station/vendor,WCH_SCAN_COMP/VND/MGA/EAAI,1,No
WCH_SCAN_COMP,WCH,EAAI,function,4,100.0,Goal,Root/div/station/vendor/function,WCH_SCAN_COMP/VND/MGA/EAAI/WCH,0,Yes
WCH_SCAN_COMP,MGM,VND,station,2,0.25,Goal,Root/div/station,WCH_SCAN_COMP/VND/MGM,1,No
WCH_SCAN_COMP,Unifi,MGM,vendor,3,100.0,Goal,Root/div/station/vendor,WCH_SCAN_COMP/VND/MGM/Unifi,1,No
WCH_SCAN_COMP,WCH,Unifi,function,4,100.0,Goal,Root/div/station/vendor/function,WCH_SCAN_COMP/VND/MGM/Unifi/WCH,0,Yes
WCH_SCAN_COMP,MHH,VND,station,2,0.35,Goal,Root/div/station,WCH_SCAN_COMP/VND/MHH,2,No
WCH_SCAN_COMP,Omega Aviation,MHH,vendor,3,96.77,Goal,Root/div/station/vendor,WCH_SCAN_COMP/VND/MHH/Omega Aviation,1,No
WCH_SCAN_COMP,WCH,Omega Aviation,function,4,100.0,Goal,Root/div/station/vendor/function,WCH_SCAN_COMP/VND/MHH/Omega Aviation/WCH,0,Yes
WCH_SCAN_COMP,Treasure,MHH,vendor,3,3.23,Goal,Root/div/station/vendor,WCH_SCAN_COMP/VND/MHH/Treasure,1,No
WCH_SCAN_COMP,WCH,Treasure,function,4,100.0,Goal,Root/div/station/vendor/function,WCH_SCAN_COMP/VND/MHH/Treasure/WCH,0,Yes
WCH_SCAN_COMP,MHT,VND,station,2,0.19,Goal,Root/div/station,WCH_SCAN_COMP/VND/MHT,1,No
WCH_SCAN_COMP,HUNTLEIGH USA CORP,MHT,vendor,3,100.0,Goal,Root/div/station/vendor,WCH_SCAN_COMP/VND/MHT/HUNTLEIGH USA CORP,1,No
WCH_SCAN_COMP,WCH,HUNTLEIGH USA CORP,function,4,100.0,Goal,Root/div/station/vendor/function,WCH_SCAN_COMP/VND/MHT/HUNTLEIGH USA CORP/WCH,0,Yes
WCH_SCAN_COMP,MIA,VND,station,2,0.1,Goal,Root/div/station,WCH_SCAN_COMP/VND/MIA,2,No
WCH_SCAN_COMP,",null,",MIA,vendor,3,99.09,Goal,Root/div/station/vendor,"WCH_SCAN_COMP/VND/MIA/,null,",1,No
WCH_SCAN_COMP,WCH,",null,",function,4,100.0,Goal,Root/div/station/vendor/function,"WCH_SCAN_COMP/VND/MIA/,null,/WCH",0,Yes
WCH_SCAN_COMP,Eulen,MIA,vendor,3,0.91,Goal,Root/div/station/vendor,WCH_SCAN_COMP/VND/MIA/Eulen,1,No
WCH_SCAN_COMP,WCH,Eulen,function,4,100.0,Goal,Root/div/station/vendor/function,WCH_SCAN_COMP/VND/MIA/Eulen/WCH,0,Yes
WCH_SCAN_COMP,MKE,VND,station,2,0.34,Goal,Root/div/station,WCH_SCAN_COMP/VND/MKE,3,No
WCH_SCAN_COMP,",null,",MKE,vendor,3,0.39,Goal,Root/div/station/vendor,"WCH_SCAN_COMP/VND/MKE/,null,",1,No
WCH_SCAN_COMP,WCH,",null,",function,4,100.0,Goal,Root/div/station/vendor/function,"WCH_SCAN_COMP/VND/MKE/,null,/WCH",0,Yes
WCH_SCAN_COMP,Prospect,MKE,vendor,3,57.18,Goal,Root/div/station/vendor,WCH_SCAN_COMP/VND/MKE/Prospect,1,No
WCH_SCAN_COMP,WCH,Prospect,function,4,100.0,Goal,Root/div/station/vendor/function,WCH_SCAN_COMP/VND/MKE/Prospect/WCH,0,Yes
WCH_SCAN_COMP,Unifi,MKE,vendor,3,42.43,Goal,Root/div/station/vendor,WCH_SCAN_COMP/VND/MKE/Unifi,1,No
WCH_SCAN_COMP,WCH,Unifi,function,4,100.0,Goal,Root/div/station/vendor/function,WCH_SCAN_COMP/VND/MKE/Unifi/WCH,0,Yes
WCH_SCAN_COMP,MLB,VND,station,2,0.38,Goal,Root/div/station,WCH_SCAN_COMP/VND/MLB,2,No
WCH_SCAN_COMP,",null,",MLB,vendor,3,92.7,Goal,Root/div/station/vendor,"WCH_SCAN_COMP/VND/MLB/,null,",1,No
WCH_SCAN_COMP,WCH,",null,",function,4,100.0,Goal,Root/div/station/vendor/function,"WCH_SCAN_COMP/VND/MLB/,null,/WCH",0,Yes
WCH_SCAN_COMP,CITY OF MELBOURNE,MLB,vendor,3,7.3,Goal,Root/div/station/vendor,WCH_SCAN_COMP/VND/MLB/CITY OF MELBOURNE,1,No
WCH_SCAN_COMP,WCH,CITY OF MELBOURNE,function,4,100.0,Goal,Root/div/station/vendor/function,WCH_SCAN_COMP/VND/MLB/CITY OF MELBOURNE/WCH,0,Yes
WCH_SCAN_COMP,MLI,VND,station,2,0.13,Goal,Root/div/station,WCH_SCAN_COMP/VND/MLI,2,No
WCH_SCAN_COMP,",null,",MLI,vendor,3,87.22,Goal,Root/div/station/vendor,"WCH_SCAN_COMP/VND/MLI/,null,",1,No
WCH_SCAN_COMP,WCH,",null,",function,4,100.0,Goal,Root/div/station/vendor/function,"WCH_SCAN_COMP/VND/MLI/,null,/WCH",0,Yes
WCH_SCAN_COMP,Unifi,MLI,vendor,3,12.78,Goal,Root/div/station/vendor,WCH_SCAN_COMP/VND/MLI/Unifi,1,No
WCH_SCAN_COMP,WCH,Unifi,function,4,100.0,Goal,Root/div/station/vendor/function,WCH_SCAN_COMP/VND/MLI/Unifi/WCH,0,Yes
WCH_SCAN_COMP,MLU,VND,station,2,0.22,Goal,Root/div/station,WCH_SCAN_COMP/VND/MLU,1,No
WCH_SCAN_COMP,Unifi,MLU,vendor,3,100.0,Goal,Root/div/station/vendor,WCH_SCAN_COMP/VND/MLU/Unifi,1,No
WCH_SCAN_COMP,WCH,Unifi,function,4,100.0,Goal,Root/div/station/vendor/function,WCH_SCAN_COMP/VND/MLU/Unifi/WCH,0,Yes
WCH_SCAN_COMP,MNL,VND,station,2,0.34,Goal,Root/div/station,WCH_SCAN_COMP/VND/MNL,1,No
WCH_SCAN_COMP,InterPacific,MNL,vendor,3,100.0,Goal,Root/div/station/vendor,WCH_SCAN_COMP/VND/MNL/InterPacific,1,No
WCH_SCAN_COMP,WCH,InterPacific,function,4,100.0,Goal,Root/div/station/vendor/function,WCH_SCAN_COMP/VND/MNL/InterPacific/WCH,0,Yes
WCH_SCAN_COMP,MOB,VND,station,2,0.11,Goal,Root/div/station,WCH_SCAN_COMP/VND/MOB,1,No
WCH_SCAN_COMP,GAT,MOB,vendor,3,100.0,Goal,Root/div/station/vendor,WCH_SCAN_COMP/VND/MOB/GAT,1,No
WCH_SCAN_COMP,WCH,GAT,function,4,100.0,Goal,Root/div/station/vendor/function,WCH_SCAN_COMP/VND/MOB/GAT/WCH,0,Yes
WCH_SCAN_COMP,MOT,VND,station,2,0.32,Goal,Root/div/station,WCH_SCAN_COMP/VND/MOT,1,No
WCH_SCAN_COMP,Unifi,MOT,vendor,3,100.0,Goal,Root/div/station/vendor,WCH_SCAN_COMP/VND/MOT/Unifi,1,No
WCH_SCAN_COMP,WCH,Unifi,function,4,100.0,Goal,Root/div/station/vendor/function,WCH_SCAN_COMP/VND/MOT/Unifi/WCH,0,Yes
WCH_SCAN_COMP,MQT,VND,station,2,0.08,Goal,Root/div/station,WCH_SCAN_COMP/VND/MQT,2,No
WCH_SCAN_COMP,",null,",MQT,vendor,3,56.49,Goal,Root/div/station/vendor,"WCH_SCAN_COMP/VND/MQT/,null,",1,No
WCH_SCAN_COMP,WCH,",null,",function,4,100.0,Goal,Root/div/station/vendor/function,"WCH_SCAN_COMP/VND/MQT/,null,/WCH",0,Yes
WCH_SCAN_COMP,SkyWest,MQT,vendor,3,43.51,Goal,Root/div/station/vendor,WCH_SCAN_COMP/VND/MQT/SkyWest,1,No
WCH_SCAN_COMP,WCH,SkyWest,function,4,100.0,Goal,Root/div/station/vendor/function,WCH_SCAN_COMP/VND/MQT/SkyWest/WCH,0,Yes
WCH_SCAN_COMP,MSN,VND,station,2,0.37,Goal,Root/div/station,WCH_SCAN_COMP/VND/MSN,3,No
WCH_SCAN_COMP,",null,",MSN,vendor,3,14.4,Goal,Root/div/station/vendor,"WCH_SCAN_COMP/VND/MSN/,null,",1,No
WCH_SCAN_COMP,WCH,",null,",function,4,100.0,Goal,Root/div/station/vendor/function,"WCH_SCAN_COMP/VND/MSN/,null,/WCH",0,Yes
WCH_SCAN_COMP,G2,MSN,vendor,3,29.24,Goal,Root/div/station/vendor,WCH_SCAN_COMP/VND/MSN/G2,1,No
WCH_SCAN_COMP,WCH,G2,function,4,100.0,Goal,Root/div/station/vendor/function,WCH_SCAN_COMP/VND/MSN/G2/WCH,0,Yes
WCH_SCAN_COMP,Menzies Aviation,MSN,vendor,3,56.36,Goal,Root/div/station/vendor,WCH_SCAN_COMP/VND/MSN/Menzies Aviation,1,No
WCH_SCAN_COMP,WCH,Menzies Aviation,function,4,100.0,Goal,Root/div/station/vendor/function,WCH_SCAN_COMP/VND/MSN/Menzies Aviation/WCH,0,Yes
WCH_SCAN_COMP,MSO,VND,station,2,0.06,Goal,Root/div/station,WCH_SCAN_COMP/VND/MSO,2,No
WCH_SCAN_COMP,",null,",MSO,vendor,3,25.82,Goal,Root/div/station/vendor,"WCH_SCAN_COMP/VND/MSO/,null,",1,No
WCH_SCAN_COMP,WCH,",null,",function,4,100.0,Goal,Root/div/station/vendor/function,"WCH_SCAN_COMP/VND/MSO/,null,/WCH",0,Yes
WCH_SCAN_COMP,Unifi,MSO,vendor,3,74.18,Goal,Root/div/station/vendor,WCH_SCAN_COMP/VND/MSO/Unifi,1,No
WCH_SCAN_COMP,WCH,Unifi,function,4,100.0,Goal,Root/div/station/vendor/function,WCH_SCAN_COMP/VND/MSO/Unifi/WCH,0,Yes
WCH_SCAN_COMP,MSP,VND,station,2,0.27,Goal,Root/div/station,WCH_SCAN_COMP/VND/MSP,3,No
WCH_SCAN_COMP,",null,",MSP,vendor,3,35.99,Goal,Root/div/station/vendor,"WCH_SCAN_COMP/VND/MSP/,null,",1,No
WCH_SCAN_COMP,WCH,",null,",function,4,100.0,Goal,Root/div/station/vendor/function,"WCH_SCAN_COMP/VND/MSP/,null,/WCH",0,Yes
WCH_SCAN_COMP,Prospect,MSP,vendor,3,21.31,Goal,Root/div/station/vendor,WCH_SCAN_COMP/VND/MSP/Prospect,1,No
WCH_SCAN_COMP,WCH,Prospect,function,4,100.0,Goal,Root/div/station/vendor/function,WCH_SCAN_COMP/VND/MSP/Prospect/WCH,0,Yes
WCH_SCAN_COMP,Unifi,MSP,vendor,3,42.7,Goal,Root/div/station/vendor,WCH_SCAN_COMP/VND/MSP/Unifi,1,No
WCH_SCAN_COMP,WCH,Unifi,function,4,100.0,Goal,Root/div/station/vendor/function,WCH_SCAN_COMP/VND/MSP/Unifi/WCH,0,Yes
WCH_SCAN_COMP,MSY,VND,station,2,0.13,Goal,Root/div/station,WCH_SCAN_COMP/VND/MSY,2,No
WCH_SCAN_COMP,",null,",MSY,vendor,3,52.93,Goal,Root/div/station/vendor,"WCH_SCAN_COMP/VND/MSY/,null,",1,No
WCH_SCAN_COMP,WCH,",null,",function,4,100.0,Goal,Root/div/station/vendor/function,"WCH_SCAN_COMP/VND/MSY/,null,/WCH",0,Yes
WCH_SCAN_COMP,GAT,MSY,vendor,3,47.07,Goal,Root/div/station/vendor,WCH_SCAN_COMP/VND/MSY/GAT,1,No
WCH_SCAN_COMP,WCH,GAT,function,4,100.0,Goal,Root/div/station/vendor/function,WCH_SCAN_COMP/VND/MSY/GAT/WCH,0,Yes
WCH_SCAN_COMP,MTJ,VND,station,2,0.34,Goal,Root/div/station,WCH_SCAN_COMP/VND/MTJ,3,No
WCH_SCAN_COMP,G2,MTJ,vendor,3,15.42,Goal,Root/div/station/vendor,WCH_SCAN_COMP/VND/MTJ/G2,1,No
WCH_SCAN_COMP,WCH,G2,function,4,100.0,Goal,Root/div/station/vendor/function,WCH_SCAN_COMP/VND/MTJ/G2/WCH,0,Yes
WCH_SCAN_COMP,Menzies Aviation,MTJ,vendor,3,36.11,Goal,Root/div/station/vendor,WCH_SCAN_COMP/VND/MTJ/Menzies Aviation,1,No
WCH_SCAN_COMP,WCH,Menzies Aviation,function,4,100.0,Goal,Root/div/station/vendor/function,WCH_SCAN_COMP/VND/MTJ/Menzies Aviation/WCH,0,Yes
WCH_SCAN_COMP,SkyWest,MTJ,vendor,3,48.47,Goal,Root/div/station/vendor,WCH_SCAN_COMP/VND/MTJ/SkyWest,1,No
WCH_SCAN_COMP,WCH,SkyWest,function,4,100.0,Goal,Root/div/station/vendor/function,WCH_SCAN_COMP/VND/MTJ/SkyWest/WCH,0,Yes
WCH_SCAN_COMP,MTY,VND,station,2,0.27,Goal,Root/div/station,WCH_SCAN_COMP/VND/MTY,1,No
WCH_SCAN_COMP,GDL GROUND HANDLING SADE CV,MTY,vendor,3,100.0,Goal,Root/div/station/vendor,WCH_SCAN_COMP/VND/MTY/GDL GROUND HANDLING SADE CV,1,No
WCH_SCAN_COMP,WCH,GDL GROUND HANDLING SADE CV,function,4,100.0,Goal,Root/div/station/vendor/function,WCH_SCAN_COMP/VND/MTY/GDL GROUND HANDLING SADE CV/WCH,0,Yes
WCH_SCAN_COMP,MUC,VND,station,2,0.39,Goal,Root/div/station,WCH_SCAN_COMP/VND/MUC,1,No
WCH_SCAN_COMP,Airport,MUC,vendor,3,100.0,Goal,Root/div/station/vendor,WCH_SCAN_COMP/VND/MUC/Airport,1,No
WCH_SCAN_COMP,WCH,Airport,function,4,100.0,Goal,Root/div/station/vendor/function,WCH_SCAN_COMP/VND/MUC/Airport/WCH,0,Yes
WCH_SCAN_COMP,MVY,VND,station,2,0.3,Goal,Root/div/station,WCH_SCAN_COMP/VND/MVY,1,No
WCH_SCAN_COMP,Unifi,MVY,vendor,3,100.0,Goal,Root/div/station/vendor,WCH_SCAN_COMP/VND/MVY/Unifi,1,No
WCH_SCAN_COMP,WCH,Unifi,function,4,100.0,Goal,Root/div/station/vendor/function,WCH_SCAN_COMP/VND/MVY/Unifi/WCH,0,Yes
WCH_SCAN_COMP,MXP,VND,station,2,0.32,Goal,Root/div/station,WCH_SCAN_COMP/VND/MXP,1,No
WCH_SCAN_COMP,Airport,MXP,vendor,3,100.0,Goal,Root/div/station/vendor,WCH_SCAN_COMP/VND/MXP/Airport,1,No
WCH_SCAN_COMP,WCH,Airport,function,4,100.0,Goal,Root/div/station/vendor/function,WCH_SCAN_COMP/VND/MXP/Airport/WCH,0,Yes
WCH_SCAN_COMP,MYR,VND,station,2,0.19,Goal,Root/div/station,WCH_SCAN_COMP/VND/MYR,2,No
WCH_SCAN_COMP,",null,",MYR,vendor,3,65.91,Goal,Root/div/station/vendor,"WCH_SCAN_COMP/VND/MYR/,null,",1,No
WCH_SCAN_COMP,WCH,",null,",function,4,100.0,Goal,Root/div/station/vendor/function,"WCH_SCAN_COMP/VND/MYR/,null,/WCH",0,Yes
WCH_SCAN_COMP,"SUPERIOR AIRCRAFT SERVICES, INC.",MYR,vendor,3,34.09,Goal,Root/div/station/vendor,"WCH_SCAN_COMP/VND/MYR/SUPERIOR AIRCRAFT SERVICES, INC.",1,No
WCH_SCAN_COMP,WCH,"SUPERIOR AIRCRAFT SERVICES, INC.",function,4,100.0,Goal,Root/div/station/vendor/function,"WCH_SCAN_COMP/VND/MYR/SUPERIOR AIRCRAFT SERVICES, INC./WCH",0,Yes
WCH_SCAN_COMP,MZT,VND,station,2,0.25,Goal,Root/div/station,WCH_SCAN_COMP/VND/MZT,1,No
WCH_SCAN_COMP,GDL GROUND HANDLING SA DE CV,MZT,vendor,3,100.0,Goal,Root/div/station/vendor,WCH_SCAN_COMP/VND/MZT/GDL GROUND HANDLING SA DE CV,1,No
WCH_SCAN_COMP,WCH,GDL GROUND HANDLING SA DE CV,function,4,100.0,Goal,Root/div/station/vendor/function,WCH_SCAN_COMP/VND/MZT/GDL GROUND HANDLING SA DE CV/WCH,0,Yes
WCH_SCAN_COMP,NAP,VND,station,2,0.28,Goal,Root/div/station,WCH_SCAN_COMP/VND/NAP,1,No
WCH_SCAN_COMP,Airport,NAP,vendor,3,100.0,Goal,Root/div/station/vendor,WCH_SCAN_COMP/VND/NAP/Airport,1,No
WCH_SCAN_COMP,WCH,Airport,function,4,100.0,Goal,Root/div/station/vendor/function,WCH_SCAN_COMP/VND/NAP/Airport/WCH,0,Yes
WCH_SCAN_COMP,NAS,VND,station,2,0.1,Goal,Root/div/station,WCH_SCAN_COMP/VND/NAS,1,No
WCH_SCAN_COMP,More Security Bahamas,NAS,vendor,3,100.0,Goal,Root/div/station/vendor,WCH_SCAN_COMP/VND/NAS/More Security Bahamas,1,No
WCH_SCAN_COMP,WCH,More Security Bahamas,function,4,100.0,Goal,Root/div/station/vendor/function,WCH_SCAN_COMP/VND/NAS/More Security Bahamas/WCH,0,Yes
WCH_SCAN_COMP,NCE,VND,station,2,0.07,Goal,Root/div/station,WCH_SCAN_COMP/VND/NCE,1,No
WCH_SCAN_COMP,Airport,NCE,vendor,3,100.0,Goal,Root/div/station/vendor,WCH_SCAN_COMP/VND/NCE/Airport,1,No
WCH_SCAN_COMP,WCH,Airport,function,4,100.0,Goal,Root/div/station/vendor/function,WCH_SCAN_COMP/VND/NCE/Airport/WCH,0,Yes
WCH_SCAN_COMP,NGO,VND,station,2,0.08,Goal,Root/div/station,WCH_SCAN_COMP/VND/NGO,1,No
WCH_SCAN_COMP,Swissport,NGO,vendor,3,100.0,Goal,Root/div/station/vendor,WCH_SCAN_COMP/VND/NGO/Swissport,1,No
WCH_SCAN_COMP,WCH,Swissport,function,4,100.0,Goal,Root/div/station/vendor/function,WCH_SCAN_COMP/VND/NGO/Swissport/WCH,0,Yes
WCH_SCAN_COMP,NRT,VND,station,2,0.12,Goal,Root/div/station,WCH_SCAN_COMP/VND/NRT,1,No
WCH_SCAN_COMP,FMG,NRT,vendor,3,100.0,Goal,Root/div/station/vendor,WCH_SCAN_COMP/VND/NRT/FMG,1,No
WCH_SCAN_COMP,WCH,FMG,function,4,100.0,Goal,Root/div/station/vendor/function,WCH_SCAN_COMP/VND/NRT/FMG/WCH,0,Yes
WCH_SCAN_COMP,OAJ,VND,station,2,0.38,Goal,Root/div/station,WCH_SCAN_COMP/VND/OAJ,1,No
WCH_SCAN_COMP,Unifi,OAJ,vendor,3,100.0,Goal,Root/div/station/vendor,WCH_SCAN_COMP/VND/OAJ/Unifi,1,No
WCH_SCAN_COMP,WCH,Unifi,function,4,100.0,Goal,Root/div/station/vendor/function,WCH_SCAN_COMP/VND/OAJ/Unifi/WCH,0,Yes
WCH_SCAN_COMP,OAK,VND,station,2,0.36,Goal,Root/div/station,WCH_SCAN_COMP/VND/OAK,1,No
WCH_SCAN_COMP,Unifi,OAK,vendor,3,100.0,Goal,Root/div/station/vendor,WCH_SCAN_COMP/VND/OAK/Unifi,1,No
WCH_SCAN_COMP,WCH,Unifi,function,4,100.0,Goal,Root/div/station/vendor/function,WCH_SCAN_COMP/VND/OAK/Unifi/WCH,0,Yes
WCH_SCAN_COMP,OGG,VND,station,2,0.1,Goal,Root/div/station,WCH_SCAN_COMP/VND/OGG,2,No
WCH_SCAN_COMP,",null,",OGG,vendor,3,88.38,Goal,Root/div/station/vendor,"WCH_SCAN_COMP/VND/OGG/,null,",1,No
WCH_SCAN_COMP,WCH,",null,",function,4,100.0,Goal,Root/div/station/vendor/function,"WCH_SCAN_COMP/VND/OGG/,null,/WCH",0,Yes
WCH_SCAN_COMP,Unifi,OGG,vendor,3,11.62,Goal,Root/div/station/vendor,WCH_SCAN_COMP/VND/OGG/Unifi,1,No
WCH_SCAN_COMP,WCH,Unifi,function,4,100.0,Goal,Root/div/station/vendor/function,WCH_SCAN_COMP/VND/OGG/Unifi/WCH,0,Yes
WCH_SCAN_COMP,OKC,VND,station,2,0.05,Goal,Root/div/station,WCH_SCAN_COMP/VND/OKC,3,No
WCH_SCAN_COMP,",null,",OKC,vendor,3,34.77,Goal,Root/div/station/vendor,"WCH_SCAN_COMP/VND/OKC/,null,",1,No
WCH_SCAN_COMP,WCH,",null,",function,4,100.0,Goal,Root/div/station/vendor/function,"WCH_SCAN_COMP/VND/OKC/,null,/WCH",0,Yes
WCH_SCAN_COMP,HUNTLEIGH USA CORP,OKC,vendor,3,19.68,Goal,Root/div/station/vendor,WCH_SCAN_COMP/VND/OKC/HUNTLEIGH USA CORP,1,No
WCH_SCAN_COMP,WCH,HUNTLEIGH USA CORP,function,4,100.0,Goal,Root/div/station/vendor/function,WCH_SCAN_COMP/VND/OKC/HUNTLEIGH USA CORP/WCH,0,Yes
WCH_SCAN_COMP,US Aviation,OKC,vendor,3,45.55,Goal,Root/div/station/vendor,WCH_SCAN_COMP/VND/OKC/US Aviation,1,No
WCH_SCAN_COMP,WCH,US Aviation,function,4,100.0,Goal,Root/div/station/vendor/function,WCH_SCAN_COMP/VND/OKC/US Aviation/WCH,0,Yes
WCH_SCAN_COMP,OMA,VND,station,2,0.31,Goal,Root/div/station,WCH_SCAN_COMP/VND/OMA,2,No
WCH_SCAN_COMP,",null,",OMA,vendor,3,60.24,Goal,Root/div/station/vendor,"WCH_SCAN_COMP/VND/OMA/,null,",1,No
WCH_SCAN_COMP,WCH,",null,",function,4,100.0,Goal,Root/div/station/vendor/function,"WCH_SCAN_COMP/VND/OMA/,null,/WCH",0,Yes
WCH_SCAN_COMP,PrimeFlight,OMA,vendor,3,39.76,Goal,Root/div/station/vendor,WCH_SCAN_COMP/VND/OMA/PrimeFlight,1,No
WCH_SCAN_COMP,WCH,PrimeFlight,function,4,100.0,Goal,Root/div/station/vendor/function,WCH_SCAN_COMP/VND/OMA/PrimeFlight/WCH,0,Yes
WCH_SCAN_COMP,ONT,VND,station,2,0.07,Goal,Root/div/station,WCH_SCAN_COMP/VND/ONT,3,No
WCH_SCAN_COMP,",null,",ONT,vendor,3,70.96,Goal,Root/div/station/vendor,"WCH_SCAN_COMP/VND/ONT/,null,",1,No
WCH_SCAN_COMP,WCH,",null,",function,4,100.0,Goal,Root/div/station/vendor/function,"WCH_SCAN_COMP/VND/ONT/,null,/WCH",0,Yes
WCH_SCAN_COMP,SIERRA AVIATION GROUP - ONT,ONT,vendor,3,12.45,Goal,Root/div/station/vendor,WCH_SCAN_COMP/VND/ONT/SIERRA AVIATION GROUP - ONT,1,No
WCH_SCAN_COMP,WCH,SIERRA AVIATION GROUP - ONT,function,4,100.0,Goal,Root/div/station/vendor/function,WCH_SCAN_COMP/VND/ONT/SIERRA AVIATION GROUP - ONT/WCH,0,Yes
WCH_SCAN_COMP,US Aviation,ONT,vendor,3,16.59,Goal,Root/div/station/vendor,WCH_SCAN_COMP/VND/ONT/US Aviation,1,No
WCH_SCAN_COMP,WCH,US Aviation,function,4,100.0,Goal,Root/div/station/vendor/function,WCH_SCAN_COMP/VND/ONT/US Aviation/WCH,0,Yes
WCH_SCAN_COMP,OPO,VND,station,2,0.2,Goal,Root/div/station,WCH_SCAN_COMP/VND/OPO,1,No
WCH_SCAN_COMP,Airport Authority,OPO,vendor,3,100.0,Goal,Root/div/station/vendor,WCH_SCAN_COMP/VND/OPO/Airport Authority,1,No
WCH_SCAN_COMP,WCH,Airport Authority,function,4,100.0,Goal,Root/div/station/vendor/function,WCH_SCAN_COMP/VND/OPO/Airport Authority/WCH,0,Yes
WCH_SCAN_COMP,ORD,VND,station,2,0.18,Goal,Root/div/station,WCH_SCAN_COMP/VND/ORD,3,No
WCH_SCAN_COMP,",null,",ORD,vendor,3,27.98,Goal,Root/div/station/vendor,"WCH_SCAN_COMP/VND/ORD/,null,",1,No
WCH_SCAN_COMP,WCH,",null,",function,4,100.0,Goal,Root/div/station/vendor/function,"WCH_SCAN_COMP/VND/ORD/,null,/WCH",0,Yes
WCH_SCAN_COMP,Prospect,ORD,vendor,3,12.15,Goal,Root/div/station/vendor,WCH_SCAN_COMP/VND/ORD/Prospect,1,No
WCH_SCAN_COMP,WCH,Prospect,function,4,100.0,Goal,Root/div/station/vendor/function,WCH_SCAN_COMP/VND/ORD/Prospect/WCH,0,Yes
WCH_SCAN_COMP,Unifi,ORD,vendor,3,59.87,Goal,Root/div/station/vendor,WCH_SCAN_COMP/VND/ORD/Unifi,1,No
WCH_SCAN_COMP,WCH,Unifi,function,4,100.0,Goal,Root/div/station/vendor/function,WCH_SCAN_COMP/VND/ORD/Unifi/WCH,0,Yes
WCH_SCAN_COMP,ORF,VND,station,2,0.3,Goal,Root/div/station,WCH_SCAN_COMP/VND/ORF,2,No
WCH_SCAN_COMP,",null,",ORF,vendor,3,0.23,Goal,Root/div/station/vendor,"WCH_SCAN_COMP/VND/ORF/,null,",1,No
WCH_SCAN_COMP,WCH,",null,",function,4,100.0,Goal,Root/div/station/vendor/function,"WCH_SCAN_COMP/VND/ORF/,null,/WCH",0,Yes
WCH_SCAN_COMP,HUNTLEIGH USA CORP,ORF,vendor,3,99.77,Goal,Root/div/station/vendor,WCH_SCAN_COMP/VND/ORF/HUNTLEIGH USA CORP,1,No
WCH_SCAN_COMP,WCH,HUNTLEIGH USA CORP,function,4,100.0,Goal,Root/div/station/vendor/function,WCH_SCAN_COMP/VND/ORF/HUNTLEIGH USA CORP/WCH,0,Yes
WCH_SCAN_COMP,ORH,VND,station,2,0.26,Goal,Root/div/station,WCH_SCAN_COMP/VND/ORH,2,No
WCH_SCAN_COMP,G2,ORH,vendor,3,85.19,Goal,Root/div/station/vendor,WCH_SCAN_COMP/VND/ORH/G2,1,No
WCH_SCAN_COMP,WCH,G2,function,4,100.0,Goal,Root/div/station/vendor/function,WCH_SCAN_COMP/VND/ORH/G2/WCH,0,Yes
WCH_SCAN_COMP,Menzies Aviation,ORH,vendor,3,14.81,Goal,Root/div/station/vendor,WCH_SCAN_COMP/VND/ORH/Menzies Aviation,1,No
WCH_SCAN_COMP,WCH,Menzies Aviation,function,4,100.0,Goal,Root/div/station/vendor/function,WCH_SCAN_COMP/VND/ORH/Menzies Aviation/WCH,0,Yes
WCH_SCAN_COMP,PAP,VND,station,2,0.19,Goal,Root/div/station,WCH_SCAN_COMP/VND/PAP,1,No
WCH_SCAN_COMP,Hammaserco,PAP,vendor,3,100.0,Goal,Root/div/station/vendor,WCH_SCAN_COMP/VND/PAP/Hammaserco,1,No
WCH_SCAN_COMP,WCH,Hammaserco,function,4,100.0,Goal,Root/div/station/vendor/function,WCH_SCAN_COMP/VND/PAP/Hammaserco/WCH,0,Yes
WCH_SCAN_COMP,PBI,VND,station,2,0.31,Goal,Root/div/station,WCH_SCAN_COMP/VND/PBI,3,No
WCH_SCAN_COMP,",null,",PBI,vendor,3,24.75,Goal,Root/div/station/vendor,"WCH_SCAN_COMP/VND/PBI/,null,",1,No
WCH_SCAN_COMP,WCH,",null,",function,4,100.0,Goal,Root/div/station/vendor/function,"WCH_SCAN_COMP/VND/PBI/,null,/WCH",0,Yes
WCH_SCAN_COMP,BAGGAGE AIRLINE GUEST SERVICES,PBI,vendor,3,43.28,Goal,Root/div/station/vendor,WCH_SCAN_COMP/VND/PBI/BAGGAGE AIRLINE GUEST SERVICES,1,No
WCH_SCAN_COMP,WCH,BAGGAGE AIRLINE GUEST SERVICES,function,4,100.0,Goal,Root/div/station/vendor/function,WCH_SCAN_COMP/VND/PBI/BAGGAGE AIRLINE GUEST SERVICES/WCH,0,Yes
WCH_SCAN_COMP,Eulen,PBI,vendor,3,31.97,Goal,Root/div/station/vendor,WCH_SCAN_COMP/VND/PBI/Eulen,1,No
WCH_SCAN_COMP,WCH,Eulen,function,4,100.0,Goal,Root/div/station/vendor/function,WCH_SCAN_COMP/VND/PBI/Eulen/WCH,0,Yes
WCH_SCAN_COMP,PDL,VND,station,2,0.04,Goal,Root/div/station,WCH_SCAN_COMP/VND/PDL,1,No
WCH_SCAN_COMP,Airport,PDL,vendor,3,100.0,Goal,Root/div/station/vendor,WCH_SCAN_COMP/VND/PDL/Airport,1,No
WCH_SCAN_COMP,WCH,Airport,function,4,100.0,Goal,Root/div/station/vendor/function,WCH_SCAN_COMP/VND/PDL/Airport/WCH,0,Yes
WCH_SCAN_COMP,PDX,VND,station,2,0.05,Goal,Root/div/station,WCH_SCAN_COMP/VND/PDX,4,No
WCH_SCAN_COMP,",null,",PDX,vendor,3,3.58,Goal,Root/div/station/vendor,"WCH_SCAN_COMP/VND/PDX/,null,",1,No
WCH_SCAN_COMP,WCH,",null,",function,4,100.0,Goal,Root/div/station/vendor/function,"WCH_SCAN_COMP/VND/PDX/,null,/WCH",0,Yes
WCH_SCAN_COMP,G2,PDX,vendor,3,39.88,Goal,Root/div/station/vendor,WCH_SCAN_COMP/VND/PDX/G2,1,No
WCH_SCAN_COMP,WCH,G2,function,4,100.0,Goal,Root/div/station/vendor/function,WCH_SCAN_COMP/VND/PDX/G2/WCH,0,Yes
WCH_SCAN_COMP,HUNTLEIGH USA CORP,PDX,vendor,3,13.58,Goal,Root/div/station/vendor,WCH_SCAN_COMP/VND/PDX/HUNTLEIGH USA CORP,1,No
WCH_SCAN_COMP,WCH,HUNTLEIGH USA CORP,function,4,100.0,Goal,Root/div/station/vendor/function,WCH_SCAN_COMP/VND/PDX/HUNTLEIGH USA CORP/WCH,0,Yes
WCH_SCAN_COMP,Menzies Aviation,PDX,vendor,3,42.96,Goal,Root/div/station/vendor,WCH_SCAN_COMP/VND/PDX/Menzies Aviation,1,No
WCH_SCAN_COMP,WCH,Menzies Aviation,function,4,100.0,Goal,Root/div/station/vendor/function,WCH_SCAN_COMP/VND/PDX/Menzies Aviation/WCH,0,Yes
WCH_SCAN_COMP,PEK,VND,station,2,0.03,Goal,Root/div/station,WCH_SCAN_COMP/VND/PEK,1,No
WCH_SCAN_COMP,BGS,PEK,vendor,3,100.0,Goal,Root/div/station/vendor,WCH_SCAN_COMP/VND/PEK/BGS,1,No
WCH_SCAN_COMP,WCH,BGS,function,4,100.0,Goal,Root/div/station/vendor/function,WCH_SCAN_COMP/VND/PEK/BGS/WCH,0,Yes
WCH_SCAN_COMP,PHF,VND,station,2,0.24,Goal,Root/div/station,WCH_SCAN_COMP/VND/PHF,1,No
WCH_SCAN_COMP,Unifi,PHF,vendor,3,100.0,Goal,Root/div/station/vendor,WCH_SCAN_COMP/VND/PHF/Unifi,1,No
WCH_SCAN_COMP,WCH,Unifi,function,4,100.0,Goal,Root/div/station/vendor/function,WCH_SCAN_COMP/VND/PHF/Unifi/WCH,0,Yes
WCH_SCAN_COMP,PHL,VND,station,2,0.16,Goal,Root/div/station,WCH_SCAN_COMP/VND/PHL,4,No
WCH_SCAN_COMP,",null,",PHL,vendor,3,31.73,Goal,Root/div/station/vendor,"WCH_SCAN_COMP/VND/PHL/,null,",1,No
WCH_SCAN_COMP,WCH,",null,",function,4,100.0,Goal,Root/div/station/vendor/function,"WCH_SCAN_COMP/VND/PHL/,null,/WCH",0,Yes
WCH_SCAN_COMP,PrimeFlight,PHL,vendor,3,28.75,Goal,Root/div/station/vendor,WCH_SCAN_COMP/VND/PHL/PrimeFlight,1,No
WCH_SCAN_COMP,WCH,PrimeFlight,function,4,100.0,Goal,Root/div/station/vendor/function,WCH_SCAN_COMP/VND/PHL/PrimeFlight/WCH,0,Yes
WCH_SCAN_COMP,Unifi,PHL,vendor,3,8.94,Goal,Root/div/station/vendor,WCH_SCAN_COMP/VND/PHL/Unifi,1,No
WCH_SCAN_COMP,WCH,Unifi,function,4,100.0,Goal,Root/div/station/vendor/function,WCH_SCAN_COMP/VND/PHL/Unifi/WCH,0,Yes
WCH_SCAN_COMP,US Aviation,PHL,vendor,3,30.58,Goal,Root/div/station/vendor,WCH_SCAN_COMP/VND/PHL/US Aviation,1,No
WCH_SCAN_COMP,WCH,US Aviation,function,4,100.0,Goal,Root/div/station/vendor/function,WCH_SCAN_COMP/VND/PHL/US Aviation/WCH,0,Yes
WCH_SCAN_COMP,PHX,VND,station,2,0.32,Goal,Root/div/station,WCH_SCAN_COMP/VND/PHX,4,No
WCH_SCAN_COMP,",null,",PHX,vendor,3,18.63,Goal,Root/div/station/vendor,"WCH_SCAN_COMP/VND/PHX/,null,",1,No
WCH_SCAN_COMP,WCH,",null,",function,4,100.0,Goal,Root/div/station/vendor/function,"WCH_SCAN_COMP/VND/PHX/,null,/WCH",0,Yes
WCH_SCAN_COMP,ABM,PHX,vendor,3,19.56,Goal,Root/div/station/vendor,WCH_SCAN_COMP/VND/PHX/ABM,1,No
WCH_SCAN_COMP,WCH,ABM,function,4,100.0,Goal,Root/div/station/vendor/function,WCH_SCAN_COMP/VND/PHX/ABM/WCH,0,Yes
WCH_SCAN_COMP,Prospect,PHX,vendor,3,38.04,Goal,Root/div/station/vendor,WCH_SCAN_COMP/VND/PHX/Prospect,1,No
WCH_SCAN_COMP,WCH,Prospect,function,4,100.0,Goal,Root/div/station/vendor/function,WCH_SCAN_COMP/VND/PHX/Prospect/WCH,0,Yes
WCH_SCAN_COMP,Unifi,PHX,vendor,3,23.77,Goal,Root/div/station/vendor,WCH_SCAN_COMP/VND/PHX/Unifi,1,No
WCH_SCAN_COMP,WCH,Unifi,function,4,100.0,Goal,Root/div/station/vendor/function,WCH_SCAN_COMP/VND/PHX/Unifi/WCH,0,Yes
WCH_SCAN_COMP,PIA,VND,station,2,0.35,Goal,Root/div/station,WCH_SCAN_COMP/VND/PIA,1,No
WCH_SCAN_COMP,Unifi,PIA,vendor,3,100.0,Goal,Root/div/station/vendor,WCH_SCAN_COMP/VND/PIA/Unifi,1,No
WCH_SCAN_COMP,WCH,Unifi,function,4,100.0,Goal,Root/div/station/vendor/function,WCH_SCAN_COMP/VND/PIA/Unifi/WCH,0,Yes
WCH_SCAN_COMP,PIH,VND,station,2,0.24,Goal,Root/div/station,WCH_SCAN_COMP/VND/PIH,1,No
WCH_SCAN_COMP,SkyWest,PIH,vendor,3,100.0,Goal,Root/div/station/vendor,WCH_SCAN_COMP/VND/PIH/SkyWest,1,No
WCH_SCAN_COMP,WCH,SkyWest,function,4,100.0,Goal,Root/div/station/vendor/function,WCH_SCAN_COMP/VND/PIH/SkyWest/WCH,0,Yes
WCH_SCAN_COMP,PIT,VND,station,2,0.06,Goal,Root/div/station,WCH_SCAN_COMP/VND/PIT,3,No
WCH_SCAN_COMP,",null,",PIT,vendor,3,26.4,Goal,Root/div/station/vendor,"WCH_SCAN_COMP/VND/PIT/,null,",1,No
WCH_SCAN_COMP,WCH,",null,",function,4,100.0,Goal,Root/div/station/vendor/function,"WCH_SCAN_COMP/VND/PIT/,null,/WCH",0,Yes
WCH_SCAN_COMP,"Aviation, Prosegur Services Group, Inc.",PIT,vendor,3,38.12,Goal,Root/div/station/vendor,"WCH_SCAN_COMP/VND/PIT/Aviation, Prosegur Services Group, Inc.",1,No
WCH_SCAN_COMP,WCH,"Aviation, Prosegur Services Group, Inc.",function,4,100.0,Goal,Root/div/station/vendor/function,"WCH_SCAN_COMP/VND/PIT/Aviation, Prosegur Services Group, Inc./WCH",0,Yes
WCH_SCAN_COMP,"Bags, Inc.",PIT,vendor,3,35.48,Goal,Root/div/station/vendor,"WCH_SCAN_COMP/VND/PIT/Bags, Inc.",1,No
WCH_SCAN_COMP,WCH,"Bags, Inc.",function,4,100.0,Goal,Root/div/station/vendor/function,"WCH_SCAN_COMP/VND/PIT/Bags, Inc./WCH",0,Yes
WCH_SCAN_COMP,PLN,VND,station,2,0.04,Goal,Root/div/station,WCH_SCAN_COMP/VND/PLN,1,No
WCH_SCAN_COMP,Unifi,PLN,vendor,3,100.0,Goal,Root/div/station/vendor,WCH_SCAN_COMP/VND/PLN/Unifi,1,No
WCH_SCAN_COMP,WCH,Unifi,function,4,100.0,Goal,Root/div/station/vendor/function,WCH_SCAN_COMP/VND/PLN/Unifi/WCH,0,Yes
WCH_SCAN_COMP,PLS,VND,station,2,0.15,Goal,Root/div/station,WCH_SCAN_COMP/VND/PLS,1,No
WCH_SCAN_COMP,FlightSupport,PLS,vendor,3,100.0,Goal,Root/div/station/vendor,WCH_SCAN_COMP/VND/PLS/FlightSupport,1,No
WCH_SCAN_COMP,WCH,FlightSupport,function,4,100.0,Goal,Root/div/station/vendor/function,WCH_SCAN_COMP/VND/PLS/FlightSupport/WCH,0,Yes
WCH_SCAN_COMP,PNS,VND,station,2,0.05,Goal,Root/div/station,WCH_SCAN_COMP/VND/PNS,2,No
WCH_SCAN_COMP,",null,",PNS,vendor,3,49.88,Goal,Root/div/station/vendor,"WCH_SCAN_COMP/VND/PNS/,null,",1,No
WCH_SCAN_COMP,WCH,",null,",function,4,100.0,Goal,Root/div/station/vendor/function,"WCH_SCAN_COMP/VND/PNS/,null,/WCH",0,Yes
WCH_SCAN_COMP,Unifi,PNS,vendor,3,50.12,Goal,Root/div/station/vendor,WCH_SCAN_COMP/VND/PNS/Unifi,1,No
WCH_SCAN_COMP,WCH,Unifi,function,4,100.0,Goal,Root/div/station/vendor/function,WCH_SCAN_COMP/VND/PNS/Unifi/WCH,0,Yes
WCH_SCAN_COMP,POP,VND,station,2,0.04,Goal,Root/div/station,WCH_SCAN_COMP/VND/POP,1,No
WCH_SCAN_COMP,SERVAIR,POP,vendor,3,100.0,Goal,Root/div/station/vendor,WCH_SCAN_COMP/VND/POP/SERVAIR,1,No
WCH_SCAN_COMP,WCH,SERVAIR,function,4,100.0,Goal,Root/div/station/vendor/function,WCH_SCAN_COMP/VND/POP/SERVAIR/WCH,0,Yes
WCH_SCAN_COMP,PPT,VND,station,2,0.32,Goal,Root/div/station,WCH_SCAN_COMP/VND/PPT,1,No
WCH_SCAN_COMP,Air Tahiti,PPT,vendor,3,100.0,Goal,Root/div/station/vendor,WCH_SCAN_COMP/VND/PPT/Air Tahiti,1,No
WCH_SCAN_COMP,WCH,Air Tahiti,function,4,100.0,Goal,Root/div/station/vendor/function,WCH_SCAN_COMP/VND/PPT/Air Tahiti/WCH,0,Yes
WCH_SCAN_COMP,PRG,VND,station,2,0.2,Goal,Root/div/station,WCH_SCAN_COMP/VND/PRG,1,No
WCH_SCAN_COMP,Airport,PRG,vendor,3,100.0,Goal,Root/div/station/vendor,WCH_SCAN_COMP/VND/PRG/Airport,1,No
WCH_SCAN_COMP,WCH,Airport,function,4,100.0,Goal,Root/div/station/vendor/function,WCH_SCAN_COMP/VND/PRG/Airport/WCH,0,Yes
WCH_SCAN_COMP,PSC,VND,station,2,0.02,Goal,Root/div/station,WCH_SCAN_COMP/VND/PSC,3,No
WCH_SCAN_COMP,G2,PSC,vendor,3,34.82,Goal,Root/div/station/vendor,WCH_SCAN_COMP/VND/PSC/G2,1,No
WCH_SCAN_COMP,WCH,G2,function,4,100.0,Goal,Root/div/station/vendor/function,WCH_SCAN_COMP/VND/PSC/G2/WCH,0,Yes
WCH_SCAN_COMP,Menzies Aviation,PSC,vendor,3,30.9,Goal,Root/div/station/vendor,WCH_SCAN_COMP/VND/PSC/Menzies Aviation,1,No
WCH_SCAN_COMP,WCH,Menzies Aviation,function,4,100.0,Goal,Root/div/station/vendor/function,WCH_SCAN_COMP/VND/PSC/Menzies Aviation/WCH,0,Yes
WCH_SCAN_COMP,SkyWest,PSC,vendor,3,34.28,Goal,Root/div/station/vendor,WCH_SCAN_COMP/VND/PSC/SkyWest,1,No
WCH_SCAN_COMP,WCH,SkyWest,function,4,100.0,Goal,Root/div/station/vendor/function,WCH_SCAN_COMP/VND/PSC/SkyWest/WCH,0,Yes
WCH_SCAN_COMP,PSP,VND,station,2,0.32,Goal,Root/div/station,WCH_SCAN_COMP/VND/PSP,2,No
WCH_SCAN_COMP,",null,",PSP,vendor,3,54.52,Goal,Root/div/station/vendor,"WCH_SCAN_COMP/VND/PSP/,null,",1,No
WCH_SCAN_COMP,WCH,",null,",function,4,100.0,Goal,Root/div/station/vendor/function,"WCH_SCAN_COMP/VND/PSP/,null,/WCH",0,Yes
WCH_SCAN_COMP,SIERRA AVIATION GROUP - ONT,PSP,vendor,3,45.48,Goal,Root/div/station/vendor,WCH_SCAN_COMP/VND/PSP/SIERRA AVIATION GROUP - ONT,1,No
WCH_SCAN_COMP,WCH,SIERRA AVIATION GROUP - ONT,function,4,100.0,Goal,Root/div/station/vendor/function,WCH_SCAN_COMP/VND/PSP/SIERRA AVIATION GROUP - ONT/WCH,0,Yes
WCH_SCAN_COMP,PTY,VND,station,2,0.35,Goal,Root/div/station,WCH_SCAN_COMP/VND/PTY,1,No
WCH_SCAN_COMP,SERVICIOS A.T.,PTY,vendor,3,100.0,Goal,Root/div/station/vendor,WCH_SCAN_COMP/VND/PTY/SERVICIOS A.T.,1,No
WCH_SCAN_COMP,WCH,SERVICIOS A.T.,function,4,100.0,Goal,Root/div/station/vendor/function,WCH_SCAN_COMP/VND/PTY/SERVICIOS A.T./WCH,0,Yes
WCH_SCAN_COMP,PUJ,VND,station,2,0.23,Goal,Root/div/station,WCH_SCAN_COMP/VND/PUJ,1,No
WCH_SCAN_COMP,SERVAIR,PUJ,vendor,3,100.0,Goal,Root/div/station/vendor,WCH_SCAN_COMP/VND/PUJ/SERVAIR,1,No
WCH_SCAN_COMP,WCH,SERVAIR,function,4,100.0,Goal,Root/div/station/vendor/function,WCH_SCAN_COMP/VND/PUJ/SERVAIR/WCH,0,Yes
WCH_SCAN_COMP,PVD,VND,station,2,0.39,Goal,Root/div/station,WCH_SCAN_COMP/VND/PVD,2,No
WCH_SCAN_COMP,",null,",PVD,vendor,3,39.9,Goal,Root/div/station/vendor,"WCH_SCAN_COMP/VND/PVD/,null,",1,No
WCH_SCAN_COMP,WCH,",null,",function,4,100.0,Goal,Root/div/station/vendor/function,"WCH_SCAN_COMP/VND/PVD/,null,/WCH",0,Yes
WCH_SCAN_COMP,ABM,PVD,vendor,3,60.1,Goal,Root/div/station/vendor,WCH_SCAN_COMP/VND/PVD/ABM,1,No
WCH_SCAN_COMP,WCH,ABM,function,4,100.0,Goal,Root/div/station/vendor/function,WCH_SCAN_COMP/VND/PVD/ABM/WCH,0,Yes
WCH_SCAN_COMP,PVG,VND,station,2,0.09,Goal,Root/div/station,WCH_SCAN_COMP/VND/PVG,1,No
WCH_SCAN_COMP,China Eastern,PVG,vendor,3,100.0,Goal,Root/div/station/vendor,WCH_SCAN_COMP/VND/PVG/China Eastern,1,No
WCH_SCAN_COMP,WCH,China Eastern,function,4,100.0,Goal,Root/div/station/vendor/function,WCH_SCAN_COMP/VND/PVG/China Eastern/WCH,0,Yes
WCH_SCAN_COMP,PVR,VND,station,2,0.17,Goal,Root/div/station,WCH_SCAN_COMP/VND/PVR,1,No
WCH_SCAN_COMP,GDL GROUND HANDLING SADE CV,PVR,vendor,3,100.0,Goal,Root/div/station/vendor,WCH_SCAN_COMP/VND/PVR/GDL GROUND HANDLING SADE CV,1,No
WCH_SCAN_COMP,WCH,GDL GROUND HANDLING SADE CV,function,4,100.0,Goal,Root/div/station/vendor/function,WCH_SCAN_COMP/VND/PVR/GDL GROUND HANDLING SADE CV/WCH,0,Yes
WCH_SCAN_COMP,PWM,VND,station,2,0.33,Goal,Root/div/station,WCH_SCAN_COMP/VND/PWM,2,No
WCH_SCAN_COMP,",null,",PWM,vendor,3,62.64,Goal,Root/div/station/vendor,"WCH_SCAN_COMP/VND/PWM/,null,",1,No
WCH_SCAN_COMP,WCH,",null,",function,4,100.0,Goal,Root/div/station/vendor/function,"WCH_SCAN_COMP/VND/PWM/,null,/WCH",0,Yes
WCH_SCAN_COMP,"FLIGHT SERVICES & SYSTEMS, INC.",PWM,vendor,3,37.36,Goal,Root/div/station/vendor,"WCH_SCAN_COMP/VND/PWM/FLIGHT SERVICES & SYSTEMS, INC.",1,No
WCH_SCAN_COMP,WCH,"FLIGHT SERVICES & SYSTEMS, INC.",function,4,100.0,Goal,Root/div/station/vendor/function,"WCH_SCAN_COMP/VND/PWM/FLIGHT SERVICES & SYSTEMS, INC./WCH",0,Yes
WCH_SCAN_COMP,RAK,VND,station,2,0.18,Goal,Root/div/station,WCH_SCAN_COMP/VND/RAK,1,No
WCH_SCAN_COMP,RAM Handling,RAK,vendor,3,100.0,Goal,Root/div/station/vendor,WCH_SCAN_COMP/VND/RAK/RAM Handling,1,No
WCH_SCAN_COMP,WCH,RAM Handling,function,4,100.0,Goal,Root/div/station/vendor/function,WCH_SCAN_COMP/VND/RAK/RAM Handling/WCH,0,Yes
WCH_SCAN_COMP,RAP,VND,station,2,0.34,Goal,Root/div/station,WCH_SCAN_COMP/VND/RAP,2,No
WCH_SCAN_COMP,",null,",RAP,vendor,3,76.24,Goal,Root/div/station/vendor,"WCH_SCAN_COMP/VND/RAP/,null,",1,No
WCH_SCAN_COMP,WCH,",null,",function,4,100.0,Goal,Root/div/station/vendor/function,"WCH_SCAN_COMP/VND/RAP/,null,/WCH",0,Yes
WCH_SCAN_COMP,Unifi,RAP,vendor,3,23.76,Goal,Root/div/station/vendor,WCH_SCAN_COMP/VND/RAP/Unifi,1,No
WCH_SCAN_COMP,WCH,Unifi,function,4,100.0,Goal,Root/div/station/vendor/function,WCH_SCAN_COMP/VND/RAP/Unifi/WCH,0,Yes
WCH_SCAN_COMP,RDM,VND,station,2,0.3,Goal,Root/div/station,WCH_SCAN_COMP/VND/RDM,1,No
WCH_SCAN_COMP,Unifi,RDM,vendor,3,100.0,Goal,Root/div/station/vendor,WCH_SCAN_COMP/VND/RDM/Unifi,1,No
WCH_SCAN_COMP,WCH,Unifi,function,4,100.0,Goal,Root/div/station/vendor/function,WCH_SCAN_COMP/VND/RDM/Unifi/WCH,0,Yes
WCH_SCAN_COMP,RDU,VND,station,2,0.36,Goal,Root/div/station,WCH_SCAN_COMP/VND/RDU,3,No
WCH_SCAN_COMP,",null,",RDU,vendor,3,19.92,Goal,Root/div/station/vendor,"WCH_SCAN_COMP/VND/RDU/,null,",1,No
WCH_SCAN_COMP,WCH,",null,",function,4,100.0,Goal,Root/div/station/vendor/function,"WCH_SCAN_COMP/VND/RDU/,null,/WCH",0,Yes
WCH_SCAN_COMP,G2,RDU,vendor,3,73.33,Goal,Root/div/station/vendor,WCH_SCAN_COMP/VND/RDU/G2,1,No
WCH_SCAN_COMP,WCH,G2,function,4,100.0,Goal,Root/div/station/vendor/function,WCH_SCAN_COMP/VND/RDU/G2/WCH,0,Yes
WCH_SCAN_COMP,Menzies Aviation,RDU,vendor,3,6.75,Goal,Root/div/station/vendor,WCH_SCAN_COMP/VND/RDU/Menzies Aviation,1,No
WCH_SCAN_COMP,WCH,Menzies Aviation,function,4,100.0,Goal,Root/div/station/vendor/function,WCH_SCAN_COMP/VND/RDU/Menzies Aviation/WCH,0,Yes
WCH_SCAN_COMP,RHI,VND,station,2,0.12,Goal,Root/div/station,WCH_SCAN_COMP/VND/RHI,1,No
WCH_SCAN_COMP,Unifi,RHI,vendor,3,100.0,Goal,Root/div/station/vendor,WCH_SCAN_COMP/VND/RHI/Unifi,1,No
WCH_SCAN_COMP,WCH,Unifi,function,4,100.0,Goal,Root/div/station/vendor/function,WCH_SCAN_COMP/VND/RHI/Unifi/WCH,0,Yes
WCH_SCAN_COMP,RIC,VND,station,2,0.09,Goal,Root/div/station,WCH_SCAN_COMP/VND/RIC,2,No
WCH_SCAN_COMP,",null,",RIC,vendor,3,55.89,Goal,Root/div/station/vendor,"WCH_SCAN_COMP/VND/RIC/,null,",1,No
WCH_SCAN_COMP,WCH,",null,",function,4,100.0,Goal,Root/div/station/vendor/function,"WCH_SCAN_COMP/VND/RIC/,null,/WCH",0,Yes
WCH_SCAN_COMP,PrimeFlight,RIC,vendor,3,44.11,Goal,Root/div/station/vendor,WCH_SCAN_COMP/VND/RIC/PrimeFlight,1,No
WCH_SCAN_COMP,WCH,PrimeFlight,function,4,100.0,Goal,Root/div/station/vendor/function,WCH_SCAN_COMP/VND/RIC/PrimeFlight/WCH,0,Yes
WCH_SCAN_COMP,RNO,VND,station,2,0.3,Goal,Root/div/station,WCH_SCAN_COMP/VND/RNO,1,No
WCH_SCAN_COMP,ABM,RNO,vendor,3,100.0,Goal,Root/div/station/vendor,WCH_SCAN_COMP/VND/RNO/ABM,1,No
WCH_SCAN_COMP,WCH,ABM,function,4,100.0,Goal,Root/div/station/vendor/function,WCH_SCAN_COMP/VND/RNO/ABM/WCH,0,Yes
WCH_SCAN_COMP,ROA,VND,station,2,0.35,Goal,Root/div/station,WCH_SCAN_COMP/VND/ROA,1,No
WCH_SCAN_COMP,Unifi,ROA,vendor,3,100.0,Goal,Root/div/station/vendor,WCH_SCAN_COMP/VND/ROA/Unifi,1,No
WCH_SCAN_COMP,WCH,Unifi,function,4,100.0,Goal,Root/div/station/vendor/function,WCH_SCAN_COMP/VND/ROA/Unifi/WCH,0,Yes
WCH_SCAN_COMP,ROC,VND,station,2,0.12,Goal,Root/div/station,WCH_SCAN_COMP/VND/ROC,2,No
WCH_SCAN_COMP,",null,",ROC,vendor,3,24.24,Goal,Root/div/station/vendor,"WCH_SCAN_COMP/VND/ROC/,null,",1,No
WCH_SCAN_COMP,WCH,",null,",function,4,100.0,Goal,Root/div/station/vendor/function,"WCH_SCAN_COMP/VND/ROC/,null,/WCH",0,Yes
WCH_SCAN_COMP,PrimeFlight,ROC,vendor,3,75.76,Goal,Root/div/station/vendor,WCH_SCAN_COMP/VND/ROC/PrimeFlight,1,No
WCH_SCAN_COMP,WCH,PrimeFlight,function,4,100.0,Goal,Root/div/station/vendor/function,WCH_SCAN_COMP/VND/ROC/PrimeFlight/WCH,0,Yes
WCH_SCAN_COMP,RST,VND,station,2,0.26,Goal,Root/div/station,WCH_SCAN_COMP/VND/RST,1,No
WCH_SCAN_COMP,ROCHESTER INTERNATIONAL AIRPORT,RST,vendor,3,100.0,Goal,Root/div/station/vendor,WCH_SCAN_COMP/VND/RST/ROCHESTER INTERNATIONAL AIRPORT,1,No
WCH_SCAN_COMP,WCH,ROCHESTER INTERNATIONAL AIRPORT,function,4,100.0,Goal,Root/div/station/vendor/function,WCH_SCAN_COMP/VND/RST/ROCHESTER INTERNATIONAL AIRPORT/WCH,0,Yes
WCH_SCAN_COMP,RSW,VND,station,2,0.21,Goal,Root/div/station,WCH_SCAN_COMP/VND/RSW,4,No
WCH_SCAN_COMP,",null,",RSW,vendor,3,9.19,Goal,Root/div/station/vendor,"WCH_SCAN_COMP/VND/RSW/,null,",1,No
WCH_SCAN_COMP,WCH,",null,",function,4,100.0,Goal,Root/div/station/vendor/function,"WCH_SCAN_COMP/VND/RSW/,null,/WCH",0,Yes
WCH_SCAN_COMP,G2,RSW,vendor,3,37.17,Goal,Root/div/station/vendor,WCH_SCAN_COMP/VND/RSW/G2,1,No
WCH_SCAN_COMP,WCH,G2,function,4,100.0,Goal,Root/div/station/vendor/function,WCH_SCAN_COMP/VND/RSW/G2/WCH,0,Yes
WCH_SCAN_COMP,Menzies Aviation,RSW,vendor,3,47.84,Goal,Root/div/station/vendor,WCH_SCAN_COMP/VND/RSW/Menzies Aviation,1,No
WCH_SCAN_COMP,WCH,Menzies Aviation,function,4,100.0,Goal,Root/div/station/vendor/function,WCH_SCAN_COMP/VND/RSW/Menzies Aviation/WCH,0,Yes
WCH_SCAN_COMP,PROFESSIONAL AIRLINE TERMINAL,RSW,vendor,3,5.8,Goal,Root/div/station/vendor,WCH_SCAN_COMP/VND/RSW/PROFESSIONAL AIRLINE TERMINAL,1,No
WCH_SCAN_COMP,WCH,PROFESSIONAL AIRLINE TERMINAL,function,4,100.0,Goal,Root/div/station/vendor/function,WCH_SCAN_COMP/VND/RSW/PROFESSIONAL AIRLINE TERMINAL/WCH,0,Yes
WCH_SCAN_COMP,RTB,VND,station,2,0.06,Goal,Root/div/station,WCH_SCAN_COMP/VND/RTB,1,No
WCH_SCAN_COMP,Tecnologias Unidas,RTB,vendor,3,100.0,Goal,Root/div/station/vendor,WCH_SCAN_COMP/VND/RTB/Tecnologias Unidas,1,No
WCH_SCAN_COMP,WCH,Tecnologias Unidas,function,4,100.0,Goal,Root/div/station/vendor/function,WCH_SCAN_COMP/VND/RTB/Tecnologias Unidas/WCH,0,Yes
WCH_SCAN_COMP,SAL,VND,station,2,0.18,Goal,Root/div/station,WCH_SCAN_COMP/VND/SAL,3,No
WCH_SCAN_COMP,Air Support,SAL,vendor,3,46.36,Goal,Root/div/station/vendor,WCH_SCAN_COMP/VND/SAL/Air Support,1,No
WCH_SCAN_COMP,WCH,Air Support,function,4,100.0,Goal,Root/div/station/vendor/function,WCH_SCAN_COMP/VND/SAL/Air Support/WCH,0,Yes
WCH_SCAN_COMP,Hernandez Express,SAL,vendor,3,14.09,Goal,Root/div/station/vendor,WCH_SCAN_COMP/VND/SAL/Hernandez Express,1,No
WCH_SCAN_COMP,WCH,Hernandez Express,function,4,100.0,Goal,Root/div/station/vendor/function,WCH_SCAN_COMP/VND/SAL/Hernandez Express/WCH,0,Yes
WCH_SCAN_COMP,TriStar,SAL,vendor,3,39.55,Goal,Root/div/station/vendor,WCH_SCAN_COMP/VND/SAL/TriStar,1,No
WCH_SCAN_COMP,WCH,TriStar,function,4,100.0,Goal,Root/div/station/vendor/function,WCH_SCAN_COMP/VND/SAL/TriStar/WCH,0,Yes
WCH_SCAN_COMP,SAN,VND,station,2,0.05,Goal,Root/div/station,WCH_SCAN_COMP/VND/SAN,2,No
WCH_SCAN_COMP,",null,",SAN,vendor,3,37.17,Goal,Root/div/station/vendor,"WCH_SCAN_COMP/VND/SAN/,null,",1,No
WCH_SCAN_COMP,WCH,",null,",function,4,100.0,Goal,Root/div/station/vendor/function,"WCH_SCAN_COMP/VND/SAN/,null,/WCH",0,Yes
WCH_SCAN_COMP,Unifi,SAN,vendor,3,62.83,Goal,Root/div/station/vendor,WCH_SCAN_COMP/VND/SAN/Unifi,1,No
WCH_SCAN_COMP,WCH,Unifi,function,4,100.0,Goal,Root/div/station/vendor/function,WCH_SCAN_COMP/VND/SAN/Unifi/WCH,0,Yes
WCH_SCAN_COMP,SAP,VND,station,2,0.36,Goal,Root/div/station,WCH_SCAN_COMP/VND/SAP,1,No
WCH_SCAN_COMP,Warren,SAP,vendor,3,100.0,Goal,Root/div/station/vendor,WCH_SCAN_COMP/VND/SAP/Warren,1,No
WCH_SCAN_COMP,WCH,Warren,function,4,100.0,Goal,Root/div/station/vendor/function,WCH_SCAN_COMP/VND/SAP/Warren/WCH,0,Yes
WCH_SCAN_COMP,SAT,VND,station,2,0.07,Goal,Root/div/station,WCH_SCAN_COMP/VND/SAT,2,No
WCH_SCAN_COMP,",null,",SAT,vendor,3,28.48,Goal,Root/div/station/vendor,"WCH_SCAN_COMP/VND/SAT/,null,",1,No
WCH_SCAN_COMP,WCH,",null,",function,4,100.0,Goal,Root/div/station/vendor/function,"WCH_SCAN_COMP/VND/SAT/,null,/WCH",0,Yes
WCH_SCAN_COMP,SAN ANTONIO AIRLINES,SAT,vendor,3,71.52,Goal,Root/div/station/vendor,WCH_SCAN_COMP/VND/SAT/SAN ANTONIO AIRLINES,1,No
WCH_SCAN_COMP,WCH,SAN ANTONIO AIRLINES,function,4,100.0,Goal,Root/div/station/vendor/function,WCH_SCAN_COMP/VND/SAT/SAN ANTONIO AIRLINES/WCH,0,Yes
WCH_SCAN_COMP,SAV,VND,station,2,0.25,Goal,Root/div/station,WCH_SCAN_COMP/VND/SAV,2,No
WCH_SCAN_COMP,",null,",SAV,vendor,3,66.95,Goal,Root/div/station/vendor,"WCH_SCAN_COMP/VND/SAV/,null,",1,No
WCH_SCAN_COMP,WCH,",null,",function,4,100.0,Goal,Root/div/station/vendor/function,"WCH_SCAN_COMP/VND/SAV/,null,/WCH",0,Yes
WCH_SCAN_COMP,Savannah Airport Commission,SAV,vendor,3,33.05,Goal,Root/div/station/vendor,WCH_SCAN_COMP/VND/SAV/Savannah Airport Commission,1,No
WCH_SCAN_COMP,WCH,Savannah Airport Commission,function,4,100.0,Goal,Root/div/station/vendor/function,WCH_SCAN_COMP/VND/SAV/Savannah Airport Commission/WCH,0,Yes
WCH_SCAN_COMP,SBA,VND,station,2,0.05,Goal,Root/div/station,WCH_SCAN_COMP/VND/SBA,3,No
WCH_SCAN_COMP,G2,SBA,vendor,3,61.55,Goal,Root/div/station/vendor,WCH_SCAN_COMP/VND/SBA/G2,1,No
WCH_SCAN_COMP,WCH,G2,function,4,100.0,Goal,Root/div/station/vendor/function,WCH_SCAN_COMP/VND/SBA/G2/WCH,0,Yes
WCH_SCAN_COMP,Menzies Aviation,SBA,vendor,3,14.88,Goal,Root/div/station/vendor,WCH_SCAN_COMP/VND/SBA/Menzies Aviation,1,No
WCH_SCAN_COMP,WCH,Menzies Aviation,function,4,100.0,Goal,Root/div/station/vendor/function,WCH_SCAN_COMP/VND/SBA/Menzies Aviation/WCH,0,Yes
WCH_SCAN_COMP,Unifi,SBA,vendor,3,23.57,Goal,Root/div/station/vendor,WCH_SCAN_COMP/VND/SBA/Unifi,1,No
WCH_SCAN_COMP,WCH,Unifi,function,4,100.0,Goal,Root/div/station/vendor/function,WCH_SCAN_COMP/VND/SBA/Unifi/WCH,0,Yes
WCH_SCAN_COMP,SBN,VND,station,2,0.14,Goal,Root/div/station,WCH_SCAN_COMP/VND/SBN,2,No
WCH_SCAN_COMP,",null,",SBN,vendor,3,1.84,Goal,Root/div/station/vendor,"WCH_SCAN_COMP/VND/SBN/,null,",1,No
WCH_SCAN_COMP,WCH,",null,",function,4,100.0,Goal,Root/div/station/vendor/function,"WCH_SCAN_COMP/VND/SBN/,null,/WCH",0,Yes
WCH_SCAN_COMP,Unifi,SBN,vendor,3,98.16,Goal,Root/div/station/vendor,WCH_SCAN_COMP/VND/SBN/Unifi,1,No
WCH_SCAN_COMP,WCH,Unifi,function,4,100.0,Goal,Root/div/station/vendor/function,WCH_SCAN_COMP/VND/SBN/Unifi/WCH,0,Yes
WCH_SCAN_COMP,SCE,VND,station,2,0.28,Goal,Root/div/station,WCH_SCAN_COMP/VND/SCE,3,No
WCH_SCAN_COMP,G2,SCE,vendor,3,22.24,Goal,Root/div/station/vendor,WCH_SCAN_COMP/VND/SCE/G2,1,No
WCH_SCAN_COMP,WCH,G2,function,4,100.0,Goal,Root/div/station/vendor/function,WCH_SCAN_COMP/VND/SCE/G2/WCH,0,Yes
WCH_SCAN_COMP,Menzies Aviation,SCE,vendor,3,65.14,Goal,Root/div/station/vendor,WCH_SCAN_COMP/VND/SCE/Menzies Aviation,1,No
WCH_SCAN_COMP,WCH,Menzies Aviation,function,4,100.0,Goal,Root/div/station/vendor/function,WCH_SCAN_COMP/VND/SCE/Menzies Aviation/WCH,0,Yes
WCH_SCAN_COMP,SkyWest,SCE,vendor,3,12.62,Goal,Root/div/station/vendor,WCH_SCAN_COMP/VND/SCE/SkyWest,1,No
WCH_SCAN_COMP,WCH,SkyWest,function,4,100.0,Goal,Root/div/station/vendor/function,WCH_SCAN_COMP/VND/SCE/SkyWest/WCH,0,Yes
WCH_SCAN_COMP,SCL,VND,station,2,0.04,Goal,Root/div/station,WCH_SCAN_COMP/VND/SCL,2,No
WCH_SCAN_COMP,CargoMobility,SCL,vendor,3,47.4,Goal,Root/div/station/vendor,WCH_SCAN_COMP/VND/SCL/CargoMobility,1,No
WCH_SCAN_COMP,WCH,CargoMobility,function,4,100.0,Goal,Root/div/station/vendor/function,WCH_SCAN_COMP/VND/SCL/CargoMobility/WCH,0,Yes
WCH_SCAN_COMP,LUIS JIMENO COMUNICACIONES Y,SCL,vendor,3,52.6,Goal,Root/div/station/vendor,WCH_SCAN_COMP/VND/SCL/LUIS JIMENO COMUNICACIONES Y,1,No
WCH_SCAN_COMP,WCH,LUIS JIMENO COMUNICACIONES Y,function,4,100.0,Goal,Root/div/station/vendor/function,WCH_SCAN_COMP/VND/SCL/LUIS JIMENO COMUNICACIONES Y/WCH,0,Yes
WCH_SCAN_COMP,SDF,VND,station,2,0.4,Goal,Root/div/station,WCH_SCAN_COMP/VND/SDF,3,No
WCH_SCAN_COMP,",null,",SDF,vendor,3,51.44,Goal,Root/div/station/vendor,"WCH_SCAN_COMP/VND/SDF/,null,",1,No
WCH_SCAN_COMP,WCH,",null,",function,4,100.0,Goal,Root/div/station/vendor/function,"WCH_SCAN_COMP/VND/SDF/,null,/WCH",0,Yes
WCH_SCAN_COMP,G2,SDF,vendor,3,18.68,Goal,Root/div/station/vendor,WCH_SCAN_COMP/VND/SDF/G2,1,No
WCH_SCAN_COMP,WCH,G2,function,4,100.0,Goal,Root/div/station/vendor/function,WCH_SCAN_COMP/VND/SDF/G2/WCH,0,Yes
WCH_SCAN_COMP,Menzies Aviation,SDF,vendor,3,29.88,Goal,Root/div/station/vendor,WCH_SCAN_COMP/VND/SDF/Menzies Aviation,1,No
WCH_SCAN_COMP,WCH,Menzies Aviation,function,4,100.0,Goal,Root/div/station/vendor/function,WCH_SCAN_COMP/VND/SDF/Menzies Aviation/WCH,0,Yes
WCH_SCAN_COMP,SDQ,VND,station,2,0.03,Goal,Root/div/station,WCH_SCAN_COMP/VND/SDQ,1,No
WCH_SCAN_COMP,SAMSIC HANDLING DOMINICANA S.A.S,SDQ,vendor,3,100.0,Goal,Root/div/station/vendor,WCH_SCAN_COMP/VND/SDQ/SAMSIC HANDLING DOMINICANA S.A.S,1,No
WCH_SCAN_COMP,WCH,SAMSIC HANDLING DOMINICANA S.A.S,function,4,100.0,Goal,Root/div/station/vendor/function,WCH_SCAN_COMP/VND/SDQ/SAMSIC HANDLING DOMINICANA S.A.S/WCH,0,Yes
WCH_SCAN_COMP,SEA,VND,station,2,0.4,Goal,Root/div/station,WCH_SCAN_COMP/VND/SEA,3,No
WCH_SCAN_COMP,",null,",SEA,vendor,3,54.51,Goal,Root/div/station/vendor,"WCH_SCAN_COMP/VND/SEA/,null,",1,No
WCH_SCAN_COMP,WCH,",null,",function,4,100.0,Goal,Root/div/station/vendor/function,"WCH_SCAN_COMP/VND/SEA/,null,/WCH",0,Yes
WCH_SCAN_COMP,Prospect,SEA,vendor,3,3.08,Goal,Root/div/station/vendor,WCH_SCAN_COMP/VND/SEA/Prospect,1,No
WCH_SCAN_COMP,WCH,Prospect,function,4,100.0,Goal,Root/div/station/vendor/function,WCH_SCAN_COMP/VND/SEA/Prospect/WCH,0,Yes
WCH_SCAN_COMP,Unifi,SEA,vendor,3,42.41,Goal,Root/div/station/vendor,WCH_SCAN_COMP/VND/SEA/Unifi,1,No
WCH_SCAN_COMP,WCH,Unifi,function,4,100.0,Goal,Root/div/station/vendor/function,WCH_SCAN_COMP/VND/SEA/Unifi/WCH,0,Yes
WCH_SCAN_COMP,SFO,VND,station,2,0.1,Goal,Root/div/station,WCH_SCAN_COMP/VND/SFO,4,No
WCH_SCAN_COMP,",null,",SFO,vendor,3,64.38,Goal,Root/div/station/vendor,"WCH_SCAN_COMP/VND/SFO/,null,",1,No
WCH_SCAN_COMP,WCH,",null,",function,4,100.0,Goal,Root/div/station/vendor/function,"WCH_SCAN_COMP/VND/SFO/,null,/WCH",0,Yes
WCH_SCAN_COMP,G2,SFO,vendor,3,16.27,Goal,Root/div/station/vendor,WCH_SCAN_COMP/VND/SFO/G2,1,No
WCH_SCAN_COMP,WCH,G2,function,4,100.0,Goal,Root/div/station/vendor/function,WCH_SCAN_COMP/VND/SFO/G2/WCH,0,Yes
WCH_SCAN_COMP,Menzies Aviation,SFO,vendor,3,11.53,Goal,Root/div/station/vendor,WCH_SCAN_COMP/VND/SFO/Menzies Aviation,1,No
WCH_SCAN_COMP,WCH,Menzies Aviation,function,4,100.0,Goal,Root/div/station/vendor/function,WCH_SCAN_COMP/VND/SFO/Menzies Aviation/WCH,0,Yes
WCH_SCAN_COMP,PrimeFlight,SFO,vendor,3,7.82,Goal,Root/div/station/vendor,WCH_SCAN_COMP/VND/SFO/PrimeFlight,1,No
WCH_SCAN_COMP,WCH,PrimeFlight,function,4,100.0,Goal,Root/div/station/vendor/function,WCH_SCAN_COMP/VND/SFO/PrimeFlight/WCH,0,Yes
WCH_SCAN_COMP,SGF,VND,station,2,0.23,Goal,Root/div/station,WCH_SCAN_COMP/VND/SGF,1,No
WCH_SCAN_COMP,JACKSON CONTRACT SERVICES LLC,SGF,vendor,3,100.0,Goal,Root/div/station/vendor,WCH_SCAN_COMP/VND/SGF/JACKSON CONTRACT SERVICES LLC,1,No
WCH_SCAN_COMP,WCH,JACKSON CONTRACT SERVICES LLC,function,4,100.0,Goal,Root/div/station/vendor/function,WCH_SCAN_COMP/VND/SGF/JACKSON CONTRACT SERVICES LLC/WCH,0,Yes
WCH_SCAN_COMP,SGU,VND,station,2,0.22,Goal,Root/div/station,WCH_SCAN_COMP/VND/SGU,2,No
WCH_SCAN_COMP,",null,",SGU,vendor,3,66.45,Goal,Root/div/station/vendor,"WCH_SCAN_COMP/VND/SGU/,null,",1,No
WCH_SCAN_COMP,WCH,",null,",function,4,100.0,Goal,Root/div/station/vendor/function,"WCH_SCAN_COMP/VND/SGU/,null,/WCH",0,Yes
WCH_SCAN_COMP,SkyWest,SGU,vendor,3,33.55,Goal,Root/div/station/vendor,WCH_SCAN_COMP/VND/SGU/SkyWest,1,No
WCH_SCAN_COMP,WCH,SkyWest,function,4,100.0,Goal,Root/div/station/vendor/function,WCH_SCAN_COMP/VND/SGU/SkyWest/WCH,0,Yes
WCH_SCAN_COMP,SHV,VND,station,2,0.09,Goal,Root/div/station,WCH_SCAN_COMP/VND/SHV,2,No
WCH_SCAN_COMP,",null,",SHV,vendor,3,43.84,Goal,Root/div/station/vendor,"WCH_SCAN_COMP/VND/SHV/,null,",1,No
WCH_SCAN_COMP,WCH,",null,",function,4,100.0,Goal,Root/div/station/vendor/function,"WCH_SCAN_COMP/VND/SHV/,null,/WCH",0,Yes
WCH_SCAN_COMP,Unifi,SHV,vendor,3,56.16,Goal,Root/div/station/vendor,WCH_SCAN_COMP/VND/SHV/Unifi,1,No
WCH_SCAN_COMP,WCH,Unifi,function,4,100.0,Goal,Root/div/station/vendor/function,WCH_SCAN_COMP/VND/SHV/Unifi/WCH,0,Yes
WCH_SCAN_COMP,SIN,VND,station,2,0.32,Goal,Root/div/station,WCH_SCAN_COMP/VND/SIN,1,No
WCH_SCAN_COMP,dnata,SIN,vendor,3,100.0,Goal,Root/div/station/vendor,WCH_SCAN_COMP/VND/SIN/dnata,1,No
WCH_SCAN_COMP,WCH,dnata,function,4,100.0,Goal,Root/div/station/vendor/function,WCH_SCAN_COMP/VND/SIN/dnata/WCH,0,Yes
WCH_SCAN_COMP,SIT,VND,station,2,0.06,Goal,Root/div/station,WCH_SCAN_COMP/VND/SIT,1,No
WCH_SCAN_COMP,Unifi,SIT,vendor,3,100.0,Goal,Root/div/station/vendor,WCH_SCAN_COMP/VND/SIT/Unifi,1,No
WCH_SCAN_COMP,WCH,Unifi,function,4,100.0,Goal,Root/div/station/vendor/function,WCH_SCAN_COMP/VND/SIT/Unifi/WCH,0,Yes
WCH_SCAN_COMP,SJC,VND,station,2,0.25,Goal,Root/div/station,WCH_SCAN_COMP/VND/SJC,3,No
WCH_SCAN_COMP,",null,",SJC,vendor,3,48.28,Goal,Root/div/station/vendor,"WCH_SCAN_COMP/VND/SJC/,null,",1,No
WCH_SCAN_COMP,WCH,",null,",function,4,100.0,Goal,Root/div/station/vendor/function,"WCH_SCAN_COMP/VND/SJC/,null,/WCH",0,Yes
WCH_SCAN_COMP,G2,SJC,vendor,3,13.99,Goal,Root/div/station/vendor,WCH_SCAN_COMP/VND/SJC/G2,1,No
WCH_SCAN_COMP,WCH,G2,function,4,100.0,Goal,Root/div/station/vendor/function,WCH_SCAN_COMP/VND/SJC/G2/WCH,0,Yes
WCH_SCAN_COMP,Menzies Aviation,SJC,vendor,3,37.73,Goal,Root/div/station/vendor,WCH_SCAN_COMP/VND/SJC/Menzies Aviation,1,No
WCH_SCAN_COMP,WCH,Menzies Aviation,function,4,100.0,Goal,Root/div/station/vendor/function,WCH_SCAN_COMP/VND/SJC/Menzies Aviation/WCH,0,Yes
WCH_SCAN_COMP,SJD,VND,station,2,0.05,Goal,Root/div/station,WCH_SCAN_COMP/VND/SJD,1,No
WCH_SCAN_COMP,GDL GROUND HANDLING SADE CV,SJD,vendor,3,100.0,Goal,Root/div/station/vendor,WCH_SCAN_COMP/VND/SJD/GDL GROUND HANDLING SADE CV,1,No
WCH_SCAN_COMP,WCH,GDL GROUND HANDLING SADE CV,function,4,100.0,Goal,Root/div/station/vendor/function,WCH_SCAN_COMP/VND/SJD/GDL GROUND HANDLING SADE CV/WCH,0,Yes
WCH_SCAN_COMP,SJO,VND,station,2,0.14,Goal,Root/div/station,WCH_SCAN_COMP/VND/SJO,2,No
WCH_SCAN_COMP,Aero Sphere A.S. Handling,SJO,vendor,3,21.93,Goal,Root/div/station/vendor,WCH_SCAN_COMP/VND/SJO/Aero Sphere A.S. Handling,1,No
WCH_SCAN_COMP,WCH,Aero Sphere A.S. Handling,function,4,100.0,Goal,Root/div/station/vendor/function,WCH_SCAN_COMP/VND/SJO/Aero Sphere A.S. Handling/WCH,0,Yes
WCH_SCAN_COMP,ASOCIACION UNITED SKYCAP,SJO,vendor,3,78.07,Goal,Root/div/station/vendor,WCH_SCAN_COMP/VND/SJO/ASOCIACION UNITED SKYCAP,1,No
WCH_SCAN_COMP,WCH,ASOCIACION UNITED SKYCAP,function,4,100.0,Goal,Root/div/station/vendor/function,WCH_SCAN_COMP/VND/SJO/ASOCIACION UNITED SKYCAP/WCH,0,Yes
WCH_SCAN_COMP,SJU,VND,station,2,0.07,Goal,Root/div/station,WCH_SCAN_COMP/VND/SJU,2,No
WCH_SCAN_COMP,",null,",SJU,vendor,3,9.26,Goal,Root/div/station/vendor,"WCH_SCAN_COMP/VND/SJU/,null,",1,No
WCH_SCAN_COMP,WCH,",null,",function,4,100.0,Goal,Root/div/station/vendor/function,"WCH_SCAN_COMP/VND/SJU/,null,/WCH",0,Yes
WCH_SCAN_COMP,AIRPORT AVIATION SERVICES,SJU,vendor,3,90.74,Goal,Root/div/station/vendor,WCH_SCAN_COMP/VND/SJU/AIRPORT AVIATION SERVICES,1,No
WCH_SCAN_COMP,WCH,AIRPORT AVIATION SERVICES,function,4,100.0,Goal,Root/div/station/vendor/function,WCH_SCAN_COMP/VND/SJU/AIRPORT AVIATION SERVICES/WCH,0,Yes
WCH_SCAN_COMP,SKB,VND,station,2,0.02,Goal,Root/div/station,WCH_SCAN_COMP/VND/SKB,1,No
WCH_SCAN_COMP,SKGS,SKB,vendor,3,100.0,Goal,Root/div/station/vendor,WCH_SCAN_COMP/VND/SKB/SKGS,1,No
WCH_SCAN_COMP,WCH,SKGS,function,4,100.0,Goal,Root/div/station/vendor/function,WCH_SCAN_COMP/VND/SKB/SKGS/WCH,0,Yes
WCH_SCAN_COMP,SLC,VND,station,2,0.04,Goal,Root/div/station,WCH_SCAN_COMP/VND/SLC,3,No
WCH_SCAN_COMP,",null,",SLC,vendor,3,40.75,Goal,Root/div/station/vendor,"WCH_SCAN_COMP/VND/SLC/,null,",1,No
WCH_SCAN_COMP,WCH,",null,",function,4,100.0,Goal,Root/div/station/vendor/function,"WCH_SCAN_COMP/VND/SLC/,null,/WCH",0,Yes
WCH_SCAN_COMP,Prospect,SLC,vendor,3,50.34,Goal,Root/div/station/vendor,WCH_SCAN_COMP/VND/SLC/Prospect,1,No
WCH_SCAN_COMP,WCH,Prospect,function,4,100.0,Goal,Root/div/station/vendor/function,WCH_SCAN_COMP/VND/SLC/Prospect/WCH,0,Yes
WCH_SCAN_COMP,Unifi,SLC,vendor,3,8.91,Goal,Root/div/station/vendor,WCH_SCAN_COMP/VND/SLC/Unifi,1,No
WCH_SCAN_COMP,WCH,Unifi,function,4,100.0,Goal,Root/div/station/vendor/function,WCH_SCAN_COMP/VND/SLC/Unifi/WCH,0,Yes
WCH_SCAN_COMP,SMF,VND,station,2,0.36,Goal,Root/div/station,WCH_SCAN_COMP/VND/SMF,4,No
WCH_SCAN_COMP,",null,",SMF,vendor,3,27.52,Goal,Root/div/station/vendor,"WCH_SCAN_COMP/VND/SMF/,null,",1,No
WCH_SCAN_COMP,WCH,",null,",function,4,100.0,Goal,Root/div/station/vendor/function,"WCH_SCAN_COMP/VND/SMF/,null,/WCH",0,Yes
WCH_SCAN_COMP,ABM,SMF,vendor,3,18.0,Goal,Root/div/station/vendor,WCH_SCAN_COMP/VND/SMF/ABM,1,No
WCH_SCAN_COMP,WCH,ABM,function,4,100.0,Goal,Root/div/station/vendor/function,WCH_SCAN_COMP/VND/SMF/ABM/WCH,0,Yes
WCH_SCAN_COMP,G2,SMF,vendor,3,35.81,Goal,Root/div/station/vendor,WCH_SCAN_COMP/VND/SMF/G2,1,No
WCH_SCAN_COMP,WCH,G2,function,4,100.0,Goal,Root/div/station/vendor/function,WCH_SCAN_COMP/VND/SMF/G2/WCH,0,Yes
WCH_SCAN_COMP,Menzies Aviation,SMF,vendor,3,18.67,Goal,Root/div/station/vendor,WCH_SCAN_COMP/VND/SMF/Menzies Aviation,1,No
WCH_SCAN_COMP,WCH,Menzies Aviation,function,4,100.0,Goal,Root/div/station/vendor/function,WCH_SCAN_COMP/VND/SMF/Menzies Aviation/WCH,0,Yes
WCH_SCAN_COMP,SNA,VND,station,2,0.26,Goal,Root/div/station,WCH_SCAN_COMP/VND/SNA,3,No
WCH_SCAN_COMP,",null,",SNA,vendor,3,36.83,Goal,Root/div/station/vendor,"WCH_SCAN_COMP/VND/SNA/,null,",1,No
WCH_SCAN_COMP,WCH,",null,",function,4,100.0,Goal,Root/div/station/vendor/function,"WCH_SCAN_COMP/VND/SNA/,null,/WCH",0,Yes
WCH_SCAN_COMP,Maximus Global Services,SNA,vendor,3,50.3,Goal,Root/div/station/vendor,WCH_SCAN_COMP/VND/SNA/Maximus Global Services,1,No
WCH_SCAN_COMP,WCH,Maximus Global Services,function,4,100.0,Goal,Root/div/station/vendor/function,WCH_SCAN_COMP/VND/SNA/Maximus Global Services/WCH,0,Yes
WCH_SCAN_COMP,SIERRA AVIATION GROUP - ONT,SNA,vendor,3,12.87,Goal,Root/div/station/vendor,WCH_SCAN_COMP/VND/SNA/SIERRA AVIATION GROUP - ONT,1,No
WCH_SCAN_COMP,WCH,SIERRA AVIATION GROUP - ONT,function,4,100.0,Goal,Root/div/station/vendor/function,WCH_SCAN_COMP/VND/SNA/SIERRA AVIATION GROUP - ONT/WCH,0,Yes
WCH_SCAN_COMP,SNN,VND,station,2,0.21,Goal,Root/div/station,WCH_SCAN_COMP/VND/SNN,1,No
WCH_SCAN_COMP,Airport,SNN,vendor,3,100.0,Goal,Root/div/station/vendor,WCH_SCAN_COMP/VND/SNN/Airport,1,No
WCH_SCAN_COMP,WCH,Airport,function,4,100.0,Goal,Root/div/station/vendor/function,WCH_SCAN_COMP/VND/SNN/Airport/WCH,0,Yes
WCH_SCAN_COMP,SRQ,VND,station,2,0.26,Goal,Root/div/station,WCH_SCAN_COMP/VND/SRQ,2,No
WCH_SCAN_COMP,",null,",SRQ,vendor,3,37.37,Goal,Root/div/station/vendor,"WCH_SCAN_COMP/VND/SRQ/,null,",1,No
WCH_SCAN_COMP,WCH,",null,",function,4,100.0,Goal,Root/div/station/vendor/function,"WCH_SCAN_COMP/VND/SRQ/,null,/WCH",0,Yes
WCH_SCAN_COMP,GAT,SRQ,vendor,3,62.63,Goal,Root/div/station/vendor,WCH_SCAN_COMP/VND/SRQ/GAT,1,No
WCH_SCAN_COMP,WCH,GAT,function,4,100.0,Goal,Root/div/station/vendor/function,WCH_SCAN_COMP/VND/SRQ/GAT/WCH,0,Yes
WCH_SCAN_COMP,STI,VND,station,2,0.31,Goal,Root/div/station,WCH_SCAN_COMP/VND/STI,1,No
WCH_SCAN_COMP,SERVAIR,STI,vendor,3,100.0,Goal,Root/div/station/vendor,WCH_SCAN_COMP/VND/STI/SERVAIR,1,No
WCH_SCAN_COMP,WCH,SERVAIR,function,4,100.0,Goal,Root/div/station/vendor/function,WCH_SCAN_COMP/VND/STI/SERVAIR/WCH,0,Yes
WCH_SCAN_COMP,STL,VND,station,2,0.24,Goal,Root/div/station,WCH_SCAN_COMP/VND/STL,3,No
WCH_SCAN_COMP,",null,",STL,vendor,3,47.13,Goal,Root/div/station/vendor,"WCH_SCAN_COMP/VND/STL/,null,",1,No
WCH_SCAN_COMP,WCH,",null,",function,4,100.0,Goal,Root/div/station/vendor/function,"WCH_SCAN_COMP/VND/STL/,null,/WCH",0,Yes
WCH_SCAN_COMP,ABM,STL,vendor,3,37.49,Goal,Root/div/station/vendor,WCH_SCAN_COMP/VND/STL/ABM,1,No
WCH_SCAN_COMP,WCH,ABM,function,4,100.0,Goal,Root/div/station/vendor/function,WCH_SCAN_COMP/VND/STL/ABM/WCH,0,Yes
WCH_SCAN_COMP,Unifi,STL,vendor,3,15.379999999999999,Goal,Root/div/station/vendor,WCH_SCAN_COMP/VND/STL/Unifi,1,No
WCH_SCAN_COMP,WCH,Unifi,function,4,100.0,Goal,Root/div/station/vendor/function,WCH_SCAN_COMP/VND/STL/Unifi/WCH,0,Yes
WCH_SCAN_COMP,STR,VND,station,2,0.17,Goal,Root/div/station,WCH_SCAN_COMP/VND/STR,1,No
WCH_SCAN_COMP,Airport,STR,vendor,3,100.0,Goal,Root/div/station/vendor,WCH_SCAN_COMP/VND/STR/Airport,1,No
WCH_SCAN_COMP,WCH,Airport,function,4,100.0,Goal,Root/div/station/vendor/function,WCH_SCAN_COMP/VND/STR/Airport/WCH,0,Yes
WCH_SCAN_COMP,STT,VND,station,2,0.32,Goal,Root/div/station,WCH_SCAN_COMP/VND/STT,2,No
WCH_SCAN_COMP,",null,",STT,vendor,3,71.14,Goal,Root/div/station/vendor,"WCH_SCAN_COMP/VND/STT/,null,",1,No
WCH_SCAN_COMP,WCH,",null,",function,4,100.0,Goal,Root/div/station/vendor/function,"WCH_SCAN_COMP/VND/STT/,null,/WCH",0,Yes
WCH_SCAN_COMP,GCG GROUND SERVICES LLC,STT,vendor,3,28.86,Goal,Root/div/station/vendor,WCH_SCAN_COMP/VND/STT/GCG GROUND SERVICES LLC,1,No
WCH_SCAN_COMP,WCH,GCG GROUND SERVICES LLC,function,4,100.0,Goal,Root/div/station/vendor/function,WCH_SCAN_COMP/VND/STT/GCG GROUND SERVICES LLC/WCH,0,Yes
WCH_SCAN_COMP,STX,VND,station,2,0.07,Goal,Root/div/station,WCH_SCAN_COMP/VND/STX,2,No
WCH_SCAN_COMP,",null,",STX,vendor,3,26.08,Goal,Root/div/station/vendor,"WCH_SCAN_COMP/VND/STX/,null,",1,No
WCH_SCAN_COMP,WCH,",null,",function,4,100.0,Goal,Root/div/station/vendor/function,"WCH_SCAN_COMP/VND/STX/,null,/WCH",0,Yes
WCH_SCAN_COMP,WFS -Worldwide Flight Services,STX,vendor,3,73.92,Goal,Root/div/station/vendor,WCH_SCAN_COMP/VND/STX/WFS -Worldwide Flight Services,1,No
WCH_SCAN_COMP,WCH,WFS -Worldwide Flight Services,function,4,100.0,Goal,Root/div/station/vendor/function,WCH_SCAN_COMP/VND/STX/WFS -Worldwide Flight Services/WCH,0,Yes
WCH_SCAN_COMP,SUN,VND,station,2,0.24,Goal,Root/div/station,WCH_SCAN_COMP/VND/SUN,1,No
WCH_SCAN_COMP,SkyWest,SUN,vendor,3,100.0,Goal,Root/div/station/vendor,WCH_SCAN_COMP/VND/SUN/SkyWest,1,No
WCH_SCAN_COMP,WCH,SkyWest,function,4,100.0,Goal,Root/div/station/vendor/function,WCH_SCAN_COMP/VND/SUN/SkyWest/WCH,0,Yes
WCH_SCAN_COMP,SWF,VND,station,2,0.19,Goal,Root/div/station,WCH_SCAN_COMP/VND/SWF,1,No
WCH_SCAN_COMP,SkyWest,SWF,vendor,3,100.0,Goal,Root/div/station/vendor,WCH_SCAN_COMP/VND/SWF/SkyWest,1,No
WCH_SCAN_COMP,WCH,SkyWest,function,4,100.0,Goal,Root/div/station/vendor/function,WCH_SCAN_COMP/VND/SWF/SkyWest/WCH,0,Yes
WCH_SCAN_COMP,SXM,VND,station,2,0.14,Goal,Root/div/station,WCH_SCAN_COMP/VND/SXM,2,No
WCH_SCAN_COMP,Accessible Ventures of Sint Maarten NV,SXM,vendor,3,44.43,Goal,Root/div/station/vendor,WCH_SCAN_COMP/VND/SXM/Accessible Ventures of Sint Maarten NV,1,No
WCH_SCAN_COMP,WCH,Accessible Ventures of Sint Maarten NV,function,4,100.0,Goal,Root/div/station/vendor/function,WCH_SCAN_COMP/VND/SXM/Accessible Ventures of Sint Maarten NV/WCH,0,Yes
WCH_SCAN_COMP,ARRINDELL AVIATION SERVICES,SXM,vendor,3,55.57,Goal,Root/div/station/vendor,WCH_SCAN_COMP/VND/SXM/ARRINDELL AVIATION SERVICES,1,No
WCH_SCAN_COMP,WCH,ARRINDELL AVIATION SERVICES,function,4,100.0,Goal,Root/div/station/vendor/function,WCH_SCAN_COMP/VND/SXM/ARRINDELL AVIATION SERVICES/WCH,0,Yes
WCH_SCAN_COMP,SYD,VND,station,2,0.24,Goal,Root/div/station,WCH_SCAN_COMP/VND/SYD,2,No
WCH_SCAN_COMP,dnata,SYD,vendor,3,24.59,Goal,Root/div/station/vendor,WCH_SCAN_COMP/VND/SYD/dnata,1,No
WCH_SCAN_COMP,WCH,dnata,function,4,100.0,Goal,Root/div/station/vendor/function,WCH_SCAN_COMP/VND/SYD/dnata/WCH,0,Yes
WCH_SCAN_COMP,Menzies Aviation,SYD,vendor,3,75.41,Goal,Root/div/station/vendor,WCH_SCAN_COMP/VND/SYD/Menzies Aviation,1,No
WCH_SCAN_COMP,WCH,Menzies Aviation,function,4,100.0,Goal,Root/div/station/vendor/function,WCH_SCAN_COMP/VND/SYD/Menzies Aviation/WCH,0,Yes
WCH_SCAN_COMP,SYR,VND,station,2,0.15,Goal,Root/div/station,WCH_SCAN_COMP/VND/SYR,2,No
WCH_SCAN_COMP,",null,",SYR,vendor,3,47.69,Goal,Root/div/station/vendor,"WCH_SCAN_COMP/VND/SYR/,null,",1,No
WCH_SCAN_COMP,WCH,",null,",function,4,100.0,Goal,Root/div/station/vendor/function,"WCH_SCAN_COMP/VND/SYR/,null,/WCH",0,Yes
WCH_SCAN_COMP,Unifi,SYR,vendor,3,52.31,Goal,Root/div/station/vendor,WCH_SCAN_COMP/VND/SYR/Unifi,1,No
WCH_SCAN_COMP,WCH,Unifi,function,4,100.0,Goal,Root/div/station/vendor/function,WCH_SCAN_COMP/VND/SYR/Unifi/WCH,0,Yes
WCH_SCAN_COMP,TGU,VND,station,2,0.22,Goal,Root/div/station,WCH_SCAN_COMP/VND/TGU,1,No
WCH_SCAN_COMP,Warren,TGU,vendor,3,100.0,Goal,Root/div/station/vendor,WCH_SCAN_COMP/VND/TGU/Warren,1,No
WCH_SCAN_COMP,WCH,Warren,function,4,100.0,Goal,Root/div/station/vendor/function,WCH_SCAN_COMP/VND/TGU/Warren/WCH,0,Yes
WCH_SCAN_COMP,TLH,VND,station,2,0.11,Goal,Root/div/station,WCH_SCAN_COMP/VND/TLH,2,No
WCH_SCAN_COMP,Eulen,TLH,vendor,3,45.92,Goal,Root/div/station/vendor,WCH_SCAN_COMP/VND/TLH/Eulen,1,No
WCH_SCAN_COMP,WCH,Eulen,function,4,100.0,Goal,Root/div/station/vendor/function,WCH_SCAN_COMP/VND/TLH/Eulen/WCH,0,Yes
WCH_SCAN_COMP,GAT,TLH,vendor,3,54.08,Goal,Root/div/station/vendor,WCH_SCAN_COMP/VND/TLH/GAT,1,No
WCH_SCAN_COMP,WCH,GAT,function,4,100.0,Goal,Root/div/station/vendor/function,WCH_SCAN_COMP/VND/TLH/GAT/WCH,0,Yes
WCH_SCAN_COMP,TLV,VND,station,2,0.32,Goal,Root/div/station,WCH_SCAN_COMP/VND/TLV,1,No
WCH_SCAN_COMP,QAS,TLV,vendor,3,100.0,Goal,Root/div/station/vendor,WCH_SCAN_COMP/VND/TLV/QAS,1,No
WCH_SCAN_COMP,WCH,QAS,function,4,100.0,Goal,Root/div/station/vendor/function,WCH_SCAN_COMP/VND/TLV/QAS/WCH,0,Yes
WCH_SCAN_COMP,TPA,VND,station,2,0.12,Goal,Root/div/station,WCH_SCAN_COMP/VND/TPA,3,No
WCH_SCAN_COMP,",null,",TPA,vendor,3,44.44,Goal,Root/div/station/vendor,"WCH_SCAN_COMP/VND/TPA/,null,",1,No
WCH_SCAN_COMP,WCH,",null,",function,4,100.0,Goal,Root/div/station/vendor/function,"WCH_SCAN_COMP/VND/TPA/,null,/WCH",0,Yes
WCH_SCAN_COMP,Prospect,TPA,vendor,3,26.22,Goal,Root/div/station/vendor,WCH_SCAN_COMP/VND/TPA/Prospect,1,No
WCH_SCAN_COMP,WCH,Prospect,function,4,100.0,Goal,Root/div/station/vendor/function,WCH_SCAN_COMP/VND/TPA/Prospect/WCH,0,Yes
WCH_SCAN_COMP,Unifi,TPA,vendor,3,29.34,Goal,Root/div/station/vendor,WCH_SCAN_COMP/VND/TPA/Unifi,1,No
WCH_SCAN_COMP,WCH,Unifi,function,4,100.0,Goal,Root/div/station/vendor/function,WCH_SCAN_COMP/VND/TPA/Unifi/WCH,0,Yes
WCH_SCAN_COMP,TPE,VND,station,2,0.36,Goal,Root/div/station,WCH_SCAN_COMP/VND/TPE,1,No
WCH_SCAN_COMP,China Airlines,TPE,vendor,3,100.0,Goal,Root/div/station/vendor,WCH_SCAN_COMP/VND/TPE/China Airlines,1,No
WCH_SCAN_COMP,WCH,China Airlines,function,4,100.0,Goal,Root/div/station/vendor/function,WCH_SCAN_COMP/VND/TPE/China Airlines/WCH,0,Yes
WCH_SCAN_COMP,TQO,VND,station,2,0.05,Goal,Root/div/station,WCH_SCAN_COMP/VND/TQO,1,No
WCH_SCAN_COMP,Swissport,TQO,vendor,3,100.0,Goal,Root/div/station/vendor,WCH_SCAN_COMP/VND/TQO/Swissport,1,No
WCH_SCAN_COMP,WCH,Swissport,function,4,100.0,Goal,Root/div/station/vendor/function,WCH_SCAN_COMP/VND/TQO/Swissport/WCH,0,Yes
WCH_SCAN_COMP,TR2,VND,station,2,0.15,Goal,Root/div/station,WCH_SCAN_COMP/VND/TR2,1,No
WCH_SCAN_COMP,",null,",TR2,vendor,3,100.0,Goal,Root/div/station/vendor,"WCH_SCAN_COMP/VND/TR2/,null,",1,No
WCH_SCAN_COMP,WCH,",null,",function,4,100.0,Goal,Root/div/station/vendor/function,"WCH_SCAN_COMP/VND/TR2/,null,/WCH",0,Yes
WCH_SCAN_COMP,TRI,VND,station,2,0.1,Goal,Root/div/station,WCH_SCAN_COMP/VND/TRI,2,No
WCH_SCAN_COMP,",null,",TRI,vendor,3,66.35,Goal,Root/div/station/vendor,"WCH_SCAN_COMP/VND/TRI/,null,",1,No
WCH_SCAN_COMP,WCH,",null,",function,4,100.0,Goal,Root/div/station/vendor/function,"WCH_SCAN_COMP/VND/TRI/,null,/WCH",0,Yes
WCH_SCAN_COMP,Unifi,TRI,vendor,3,33.65,Goal,Root/div/station/vendor,WCH_SCAN_COMP/VND/TRI/Unifi,1,No
WCH_SCAN_COMP,WCH,Unifi,function,4,100.0,Goal,Root/div/station/vendor/function,WCH_SCAN_COMP/VND/TRI/Unifi/WCH,0,Yes
WCH_SCAN_COMP,TUL,VND,station,2,0.22,Goal,Root/div/station,WCH_SCAN_COMP/VND/TUL,1,No
WCH_SCAN_COMP,Unifi,TUL,vendor,3,100.0,Goal,Root/div/station/vendor,WCH_SCAN_COMP/VND/TUL/Unifi,1,No
WCH_SCAN_COMP,WCH,Unifi,function,4,100.0,Goal,Root/div/station/vendor/function,WCH_SCAN_COMP/VND/TUL/Unifi/WCH,0,Yes
WCH_SCAN_COMP,TUS,VND,station,2,0.14,Goal,Root/div/station,WCH_SCAN_COMP/VND/TUS,3,No
WCH_SCAN_COMP,",null,",TUS,vendor,3,2.04,Goal,Root/div/station/vendor,"WCH_SCAN_COMP/VND/TUS/,null,",1,No
WCH_SCAN_COMP,WCH,",null,",function,4,100.0,Goal,Root/div/station/vendor/function,"WCH_SCAN_COMP/VND/TUS/,null,/WCH",0,Yes
WCH_SCAN_COMP,Prospect,TUS,vendor,3,47.66,Goal,Root/div/station/vendor,WCH_SCAN_COMP/VND/TUS/Prospect,1,No
WCH_SCAN_COMP,WCH,Prospect,function,4,100.0,Goal,Root/div/station/vendor/function,WCH_SCAN_COMP/VND/TUS/Prospect/WCH,0,Yes
WCH_SCAN_COMP,Unifi,TUS,vendor,3,50.3,Goal,Root/div/station/vendor,WCH_SCAN_COMP/VND/TUS/Unifi,1,No
WCH_SCAN_COMP,WCH,Unifi,function,4,100.0,Goal,Root/div/station/vendor/function,WCH_SCAN_COMP/VND/TUS/Unifi/WCH,0,Yes
WCH_SCAN_COMP,TVC,VND,station,2,0.23,Goal,Root/div/station,WCH_SCAN_COMP/VND/TVC,1,No
WCH_SCAN_COMP,Unifi,TVC,vendor,3,100.0,Goal,Root/div/station/vendor,WCH_SCAN_COMP/VND/TVC/Unifi,1,No
WCH_SCAN_COMP,WCH,Unifi,function,4,100.0,Goal,Root/div/station/vendor/function,WCH_SCAN_COMP/VND/TVC/Unifi/WCH,0,Yes
WCH_SCAN_COMP,TWF,VND,station,2,0.02,Goal,Root/div/station,WCH_SCAN_COMP/VND/TWF,2,No
WCH_SCAN_COMP,",null,",TWF,vendor,3,58.79,Goal,Root/div/station/vendor,"WCH_SCAN_COMP/VND/TWF/,null,",1,No
WCH_SCAN_COMP,WCH,",null,",function,4,100.0,Goal,Root/div/station/vendor/function,"WCH_SCAN_COMP/VND/TWF/,null,/WCH",0,Yes
WCH_SCAN_COMP,SkyWest,TWF,vendor,3,41.21,Goal,Root/div/station/vendor,WCH_SCAN_COMP/VND/TWF/SkyWest,1,No
WCH_SCAN_COMP,WCH,SkyWest,function,4,100.0,Goal,Root/div/station/vendor/function,WCH_SCAN_COMP/VND/TWF/SkyWest/WCH,0,Yes
WCH_SCAN_COMP,TXL,VND,station,2,0.11,Goal,Root/div/station,WCH_SCAN_COMP/VND/TXL,1,No
WCH_SCAN_COMP,Airport,TXL,vendor,3,100.0,Goal,Root/div/station/vendor,WCH_SCAN_COMP/VND/TXL/Airport,1,No
WCH_SCAN_COMP,WCH,Airport,function,4,100.0,Goal,Root/div/station/vendor/function,WCH_SCAN_COMP/VND/TXL/Airport/WCH,0,Yes
WCH_SCAN_COMP,TYS,VND,station,2,0.35,Goal,Root/div/station,WCH_SCAN_COMP/VND/TYS,3,No
WCH_SCAN_COMP,",null,",TYS,vendor,3,19.84,Goal,Root/div/station/vendor,"WCH_SCAN_COMP/VND/TYS/,null,",1,No
WCH_SCAN_COMP,WCH,",null,",function,4,100.0,Goal,Root/div/station/vendor/function,"WCH_SCAN_COMP/VND/TYS/,null,/WCH",0,Yes
WCH_SCAN_COMP,G2,TYS,vendor,3,36.51,Goal,Root/div/station/vendor,WCH_SCAN_COMP/VND/TYS/G2,1,No
WCH_SCAN_COMP,WCH,G2,function,4,100.0,Goal,Root/div/station/vendor/function,WCH_SCAN_COMP/VND/TYS/G2/WCH,0,Yes
WCH_SCAN_COMP,Menzies Aviation,TYS,vendor,3,43.65,Goal,Root/div/station/vendor,WCH_SCAN_COMP/VND/TYS/Menzies Aviation,1,No
WCH_SCAN_COMP,WCH,Menzies Aviation,function,4,100.0,Goal,Root/div/station/vendor/function,WCH_SCAN_COMP/VND/TYS/Menzies Aviation/WCH,0,Yes
WCH_SCAN_COMP,UIO,VND,station,2,0.03,Goal,Root/div/station,WCH_SCAN_COMP/VND/UIO,1,No
WCH_SCAN_COMP,EMSA AIRPORT SERVICES S.A.,UIO,vendor,3,100.0,Goal,Root/div/station/vendor,WCH_SCAN_COMP/VND/UIO/EMSA AIRPORT SERVICES S.A.,1,No
WCH_SCAN_COMP,WCH,EMSA AIRPORT SERVICES S.A.,function,4,100.0,Goal,Root/div/station/vendor/function,WCH_SCAN_COMP/VND/UIO/EMSA AIRPORT SERVICES S.A./WCH,0,Yes
WCH_SCAN_COMP,UVF,VND,station,2,0.09,Goal,Root/div/station,WCH_SCAN_COMP/VND/UVF,1,No
WCH_SCAN_COMP,General Security Service,UVF,vendor,3,100.0,Goal,Root/div/station/vendor,WCH_SCAN_COMP/VND/UVF/General Security Service,1,No
WCH_SCAN_COMP,WCH,General Security Service,function,4,100.0,Goal,Root/div/station/vendor/function,WCH_SCAN_COMP/VND/UVF/General Security Service/WCH,0,Yes
WCH_SCAN_COMP,VAZ,VND,station,2,0.3,Goal,Root/div/station,WCH_SCAN_COMP/VND/VAZ,1,No
WCH_SCAN_COMP,",null,",VAZ,vendor,3,100.0,Goal,Root/div/station/vendor,"WCH_SCAN_COMP/VND/VAZ/,null,",1,No
WCH_SCAN_COMP,WCH,",null,",function,4,100.0,Goal,Root/div/station/vendor/function,"WCH_SCAN_COMP/VND/VAZ/,null,/WCH",0,Yes
WCH_SCAN_COMP,VCE,VND,station,2,0.18,Goal,Root/div/station,WCH_SCAN_COMP/VND/VCE,1,No
WCH_SCAN_COMP,Airport,VCE,vendor,3,100.0,Goal,Root/div/station/vendor,WCH_SCAN_COMP/VND/VCE/Airport,1,No
WCH_SCAN_COMP,WCH,Airport,function,4,100.0,Goal,Root/div/station/vendor/function,WCH_SCAN_COMP/VND/VCE/Airport/WCH,0,Yes
WCH_SCAN_COMP,VLD,VND,station,2,0.29,Goal,Root/div/station,WCH_SCAN_COMP/VND/VLD,2,No
WCH_SCAN_COMP,G2,VLD,vendor,3,26.23,Goal,Root/div/station/vendor,WCH_SCAN_COMP/VND/VLD/G2,1,No
WCH_SCAN_COMP,WCH,G2,function,4,100.0,Goal,Root/div/station/vendor/function,WCH_SCAN_COMP/VND/VLD/G2/WCH,0,Yes
WCH_SCAN_COMP,Menzies Aviation,VLD,vendor,3,73.77,Goal,Root/div/station/vendor,WCH_SCAN_COMP/VND/VLD/Menzies Aviation,1,No
WCH_SCAN_COMP,WCH,Menzies Aviation,function,4,100.0,Goal,Root/div/station/vendor/function,WCH_SCAN_COMP/VND/VLD/Menzies Aviation/WCH,0,Yes
WCH_SCAN_COMP,VPS,VND,station,2,0.35,Goal,Root/div/station,WCH_SCAN_COMP/VND/VPS,2,No
WCH_SCAN_COMP,",null,",VPS,vendor,3,56.88,Goal,Root/div/station/vendor,"WCH_SCAN_COMP/VND/VPS/,null,",1,No
WCH_SCAN_COMP,WCH,",null,",function,4,100.0,Goal,Root/div/station/vendor/function,"WCH_SCAN_COMP/VND/VPS/,null,/WCH",0,Yes
WCH_SCAN_COMP,Unifi,VPS,vendor,3,43.12,Goal,Root/div/station/vendor,WCH_SCAN_COMP/VND/VPS/Unifi,1,No
WCH_SCAN_COMP,WCH,Unifi,function,4,100.0,Goal,Root/div/station/vendor/function,WCH_SCAN_COMP/VND/VPS/Unifi/WCH,0,Yes
WCH_SCAN_COMP,WYS,VND,station,2,0.32,Goal,Root/div/station,WCH_SCAN_COMP/VND/WYS,1,No
WCH_SCAN_COMP,SkyWest,WYS,vendor,3,100.0,Goal,Root/div/station/vendor,WCH_SCAN_COMP/VND/WYS/SkyWest,1,No
WCH_SCAN_COMP,WCH,SkyWest,function,4,100.0,Goal,Root/div/station/vendor/function,WCH_SCAN_COMP/VND/WYS/SkyWest/WCH,0,Yes
WCH_SCAN_COMP,XNA,VND,station,2,0.02,Goal,Root/div/station,WCH_SCAN_COMP/VND/XNA,2,No
WCH_SCAN_COMP,",null,",XNA,vendor,3,4.84,Goal,Root/div/station/vendor,"WCH_SCAN_COMP/VND/XNA/,null,",1,No
WCH_SCAN_COMP,WCH,",null,",function,4,100.0,Goal,Root/div/station/vendor/function,"WCH_SCAN_COMP/VND/XNA/,null,/WCH",0,Yes
WCH_SCAN_COMP,Unifi,XNA,vendor,3,95.16,Goal,Root/div/station/vendor,WCH_SCAN_COMP/VND/XNA/Unifi,1,No
WCH_SCAN_COMP,WCH,Unifi,function,4,100.0,Goal,Root/div/station/vendor/function,WCH_SCAN_COMP/VND/XNA/Unifi/WCH,0,Yes
WCH_SCAN_COMP,XWA,VND,station,2,0.14,Goal,Root/div/station,WCH_SCAN_COMP/VND/XWA,2,No
WCH_SCAN_COMP,SkyWest,XWA,vendor,3,98.17,Goal,Root/div/station/vendor,WCH_SCAN_COMP/VND/XWA/SkyWest,1,No
WCH_SCAN_COMP,WCH,SkyWest,function,4,100.0,Goal,Root/div/station/vendor/function,WCH_SCAN_COMP/VND/XWA/SkyWest/WCH,0,Yes
WCH_SCAN_COMP,Unifi,XWA,vendor,3,1.83,Goal,Root/div/station/vendor,WCH_SCAN_COMP/VND/XWA/Unifi,1,No
WCH_SCAN_COMP,WCH,Unifi,function,4,100.0,Goal,Root/div/station/vendor/function,WCH_SCAN_COMP/VND/XWA/Unifi/WCH,0,Yes
WCH_SCAN_COMP,YHZ,VND,station,2,0.27,Goal,Root/div/station,WCH_SCAN_COMP/VND/YHZ,2,No
WCH_SCAN_COMP,Executive Aviation,YHZ,vendor,3,17.57,Goal,Root/div/station/vendor,WCH_SCAN_COMP/VND/YHZ/Executive Aviation,1,No
WCH_SCAN_COMP,WCH,Executive Aviation,function,4,100.0,Goal,Root/div/station/vendor/function,WCH_SCAN_COMP/VND/YHZ/Executive Aviation/WCH,0,Yes
WCH_SCAN_COMP,SAS,YHZ,vendor,3,82.43,Goal,Root/div/station/vendor,WCH_SCAN_COMP/VND/YHZ/SAS,1,No
WCH_SCAN_COMP,WCH,SAS,function,4,100.0,Goal,Root/div/station/vendor/function,WCH_SCAN_COMP/VND/YHZ/SAS/WCH,0,Yes
WCH_SCAN_COMP,YOW,VND,station,2,0.07,Goal,Root/div/station,WCH_SCAN_COMP/VND/YOW,1,No
WCH_SCAN_COMP,SAS,YOW,vendor,3,100.0,Goal,Root/div/station/vendor,WCH_SCAN_COMP/VND/YOW/SAS,1,No
WCH_SCAN_COMP,WCH,SAS,function,4,100.0,Goal,Root/div/station/vendor/function,WCH_SCAN_COMP/VND/YOW/SAS/WCH,0,Yes
WCH_SCAN_COMP,YUL,VND,station,2,0.03,Goal,Root/div/station,WCH_SCAN_COMP/VND/YUL,2,No
WCH_SCAN_COMP,",null,",YUL,vendor,3,12.14,Goal,Root/div/station/vendor,"WCH_SCAN_COMP/VND/YUL/,null,",1,No
WCH_SCAN_COMP,WCH,",null,",function,4,100.0,Goal,Root/div/station/vendor/function,"WCH_SCAN_COMP/VND/YUL/,null,/WCH",0,Yes
WCH_SCAN_COMP,Delta,YUL,vendor,3,87.86,Goal,Root/div/station/vendor,WCH_SCAN_COMP/VND/YUL/Delta,1,No
WCH_SCAN_COMP,WCH,Delta,function,4,100.0,Goal,Root/div/station/vendor/function,WCH_SCAN_COMP/VND/YUL/Delta/WCH,0,Yes
WCH_SCAN_COMP,YVR,VND,station,2,0.33,Goal,Root/div/station,WCH_SCAN_COMP/VND/YVR,3,No
WCH_SCAN_COMP,",null,",YVR,vendor,3,28.46,Goal,Root/div/station/vendor,"WCH_SCAN_COMP/VND/YVR/,null,",1,No
WCH_SCAN_COMP,WCH,",null,",function,4,100.0,Goal,Root/div/station/vendor/function,"WCH_SCAN_COMP/VND/YVR/,null,/WCH",0,Yes
WCH_SCAN_COMP,GAT,YVR,vendor,3,47.18,Goal,Root/div/station/vendor,WCH_SCAN_COMP/VND/YVR/GAT,1,No
WCH_SCAN_COMP,WCH,GAT,function,4,100.0,Goal,Root/div/station/vendor/function,WCH_SCAN_COMP/VND/YVR/GAT/WCH,0,Yes
WCH_SCAN_COMP,SAS,YVR,vendor,3,24.36,Goal,Root/div/station/vendor,WCH_SCAN_COMP/VND/YVR/SAS,1,No
WCH_SCAN_COMP,WCH,SAS,function,4,100.0,Goal,Root/div/station/vendor/function,WCH_SCAN_COMP/VND/YVR/SAS/WCH,0,Yes
WCH_SCAN_COMP,YWG,VND,station,2,0.15,Goal,Root/div/station,WCH_SCAN_COMP/VND/YWG,3,No
WCH_SCAN_COMP,",null,",YWG,vendor,3,8.62,Goal,Root/div/station/vendor,"WCH_SCAN_COMP/VND/YWG/,null,",1,No
WCH_SCAN_COMP,WCH,",null,",function,4,100.0,Goal,Root/div/station/vendor/function,"WCH_SCAN_COMP/VND/YWG/,null,/WCH",0,Yes
WCH_SCAN_COMP,Delta,YWG,vendor,3,38.55,Goal,Root/div/station/vendor,WCH_SCAN_COMP/VND/YWG/Delta,1,No
WCH_SCAN_COMP,WCH,Delta,function,4,100.0,Goal,Root/div/station/vendor/function,WCH_SCAN_COMP/VND/YWG/Delta/WCH,0,Yes
WCH_SCAN_COMP,Flightcraft Aviation Services,YWG,vendor,3,52.83,Goal,Root/div/station/vendor,WCH_SCAN_COMP/VND/YWG/Flightcraft Aviation Services,1,No
WCH_SCAN_COMP,WCH,Flightcraft Aviation Services,function,4,100.0,Goal,Root/div/station/vendor/function,WCH_SCAN_COMP/VND/YWG/Flightcraft Aviation Services/WCH,0,Yes
WCH_SCAN_COMP,YXE,VND,station,2,0.22,Goal,Root/div/station,WCH_SCAN_COMP/VND/YXE,1,No
WCH_SCAN_COMP,Menzies Aviation,YXE,vendor,3,100.0,Goal,Root/div/station/vendor,WCH_SCAN_COMP/VND/YXE/Menzies Aviation,1,No
WCH_SCAN_COMP,WCH,Menzies Aviation,function,4,100.0,Goal,Root/div/station/vendor/function,WCH_SCAN_COMP/VND/YXE/Menzies Aviation/WCH,0,Yes
WCH_SCAN_COMP,YYC,VND,station,2,0.22,Goal,Root/div/station,WCH_SCAN_COMP/VND/YYC,3,No
WCH_SCAN_COMP,Airport Terminal Services (ATS),YYC,vendor,3,26.34,Goal,Root/div/station/vendor,WCH_SCAN_COMP/VND/YYC/Airport Terminal Services (ATS),1,No
WCH_SCAN_COMP,WCH,Airport Terminal Services (ATS),function,4,100.0,Goal,Root/div/station/vendor/function,WCH_SCAN_COMP/VND/YYC/Airport Terminal Services (ATS)/WCH,0,Yes
WCH_SCAN_COMP,PRIMEFLIGHT AVIATION SERVICES CANADA,YYC,vendor,3,23.34,Goal,Root/div/station/vendor,WCH_SCAN_COMP/VND/YYC/PRIMEFLIGHT AVIATION SERVICES CANADA,1,No
WCH_SCAN_COMP,WCH,PRIMEFLIGHT AVIATION SERVICES CANADA,function,4,100.0,Goal,Root/div/station/vendor/function,WCH_SCAN_COMP/VND/YYC/PRIMEFLIGHT AVIATION SERVICES CANADA/WCH,0,Yes
WCH_SCAN_COMP,Samsic Assistance Canada Inc.,YYC,vendor,3,50.32,Goal,Root/div/station/vendor,WCH_SCAN_COMP/VND/YYC/Samsic Assistance Canada Inc.,1,No
WCH_SCAN_COMP,WCH,Samsic Assistance Canada Inc.,function,4,100.0,Goal,Root/div/station/vendor/function,WCH_SCAN_COMP/VND/YYC/Samsic Assistance Canada Inc./WCH,0,Yes
WCH_SCAN_COMP,YYJ,VND,station,2,0.06,Goal,Root/div/station,WCH_SCAN_COMP/VND/YYJ,1,No
WCH_SCAN_COMP,SAS,YYJ,vendor,3,100.0,Goal,Root/div/station/vendor,WCH_SCAN_COMP/VND/YYJ/SAS,1,No
WCH_SCAN_COMP,WCH,SAS,function,4,100.0,Goal,Root/div/station/vendor/function,WCH_SCAN_COMP/VND/YYJ/SAS/WCH,0,Yes
WCH_SCAN_COMP,YYZ,VND,station,2,0.26,Goal,Root/div/station,WCH_SCAN_COMP/VND/YYZ,2,No
WCH_SCAN_COMP,",null,",YYZ,vendor,3,48.61,Goal,Root/div/station/vendor,"WCH_SCAN_COMP/VND/YYZ/,null,",1,No
WCH_SCAN_COMP,WCH,",null,",function,4,100.0,Goal,Root/div/station/vendor/function,"WCH_SCAN_COMP/VND/YYZ/,null,/WCH",0,Yes
WCH_SCAN_COMP,AAS Canada,YYZ,vendor,3,51.39,Goal,Root/div/station/vendor,WCH_SCAN_COMP/VND/YYZ/AAS Canada,1,No
WCH_SCAN_COMP,WCH,AAS Canada,function,4,100.0,Goal,Root/div/station/vendor/function,WCH_SCAN_COMP/VND/YYZ/AAS Canada/WCH,0,Yes
WCH_SCAN_COMP,ZRH,VND,station,2,0.37,Goal,Root/div/station,WCH_SCAN_COMP/VND/ZRH,1,No
WCH_SCAN_COMP,Airport,ZRH,vendor,3,100.0,Goal,Root/div/station/vendor,WCH_SCAN_COMP/VND/ZRH/Airport,1,No
WCH_SCAN_COMP,WCH,Airport,function,4,100.0,Goal,Root/div/station/vendor/function,WCH_SCAN_COMP/VND/ZRH/Airport/WCH,0,Yes
WCH_SCAN_COMP,2AS,VND,vendor,2,0.25,Goal,Root/div/vendor,WCH_SCAN_COMP/VND/2AS,1,No
WCH_SCAN_COMP,WCH,2AS,function,3,100.0,Goal,Root/div/vendor/function,WCH_SCAN_COMP/VND/2AS/WCH,0,Yes
WCH_SCAN_COMP,AAS Canada,VND,vendor,2,0.3,Goal,Root/div/vendor,WCH_SCAN_COMP/VND/AAS Canada,1,No
WCH_SCAN_COMP,WCH,AAS Canada,function,3,100.0,Goal,Root/div/vendor/function,WCH_SCAN_COMP/VND/AAS Canada/WCH,0,Yes
WCH_SCAN_COMP,ABM,VND,vendor,2,0.14,Goal,Root/div/vendor,WCH_SCAN_COMP/VND/ABM,1,No
WCH_SCAN_COMP,WCH,ABM,function,3,100.0,Goal,Root/div/vendor/function,WCH_SCAN_COMP/VND/ABM/WCH,0,Yes
WCH_SCAN_COMP,Accessible Ventures of Sint Maarten NV,VND,vendor,2,0.05,Goal,Root/div/vendor,WCH_SCAN_COMP/VND/Accessible Ventures of Sint Maarten NV,1,No
WCH_SCAN_COMP,WCH,Accessible Ventures of Sint Maarten NV,function,3,100.0,Goal,Root/div/vendor/function,WCH_SCAN_COMP/VND/Accessible Ventures of Sint Maarten NV/WCH,0,Yes
WCH_SCAN_COMP,Aero Sphere A.S. Handling,VND,vendor,2,0.13,Goal,Root/div/vendor,WCH_SCAN_COMP/VND/Aero Sphere A.S. Handling,1,No
WCH_SCAN_COMP,WCH,Aero Sphere A.S. Handling,function,3,100.0,Goal,Root/div/vendor/function,WCH_SCAN_COMP/VND/Aero Sphere A.S. Handling/WCH,0,Yes
WCH_SCAN_COMP,AeroDispatch,VND,vendor,2,0.25,Goal,Root/div/vendor,WCH_SCAN_COMP/VND/AeroDispatch,1,No
WCH_SCAN_COMP,WCH,AeroDispatch,function,3,100.0,Goal,Root/div/vendor/function,WCH_SCAN_COMP/VND/AeroDispatch/WCH,0,Yes
WCH_SCAN_COMP,AeroGround,VND,vendor,2,0.31,Goal,Root/div/vendor,WCH_SCAN_COMP/VND/AeroGround,1,No
WCH_SCAN_COMP,WCH,AeroGround,function,3,100.0,Goal,Root/div/vendor/function,WCH_SCAN_COMP/VND/AeroGround/WCH,0,Yes
WCH_SCAN_COMP,Aeroporti di Roma,VND,vendor,2,0.14,Goal,Root/div/vendor,WCH_SCAN_COMP/VND/Aeroporti di Roma,1,No
WCH_SCAN_COMP,WCH,Aeroporti di Roma,function,3,100.0,Goal,Root/div/vendor/function,WCH_SCAN_COMP/VND/Aeroporti di Roma/WCH,0,Yes
WCH_SCAN_COMP,AHS,VND,vendor,2,0.05,Goal,Root/div/vendor,WCH_SCAN_COMP/VND/AHS,1,No
WCH_SCAN_COMP,WCH,AHS,function,3,100.0,Goal,Root/div/vendor/function,WCH_SCAN_COMP/VND/AHS/WCH,0,Yes
WCH_SCAN_COMP,AIC,VND,vendor,2,0.26,Goal,Root/div/vendor,WCH_SCAN_COMP/VND/AIC,1,No
WCH_SCAN_COMP,WCH,AIC,function,3,100.0,Goal,Root/div/vendor/function,WCH_SCAN_COMP/VND/AIC/WCH,0,Yes
WCH_SCAN_COMP,Air France,VND,vendor,2,0.03,Goal,Root/div/vendor,WCH_SCAN_COMP/VND/Air France,1,No
WCH_SCAN_COMP,WCH,Air France,function,3,100.0,Goal,Root/div/vendor/function,WCH_SCAN_COMP/VND/Air France/WCH,0,Yes
WCH_SCAN_COMP,Air Handling Services Bonaire NV,VND,vendor,2,0.16,Goal,Root/div/vendor,WCH_SCAN_COMP/VND/Air Handling Services Bonaire NV,1,No
WCH_SCAN_COMP,WCH,Air Handling Services Bonaire NV,function,3,100.0,Goal,Root/div/vendor/function,WCH_SCAN_COMP/VND/Air Handling Services Bonaire NV/WCH,0,Yes
WCH_SCAN_COMP,Air Support,VND,vendor,2,0.24,Goal,Root/div/vendor,WCH_SCAN_COMP/VND/Air Support,1,No
WCH_SCAN_COMP,WCH,Air Support,function,3,100.0,Goal,Root/div/vendor/function,WCH_SCAN_COMP/VND/Air Support/WCH,0,Yes
WCH_SCAN_COMP,Air Tahiti,VND,vendor,2,0.37,Goal,Root/div/vendor,WCH_SCAN_COMP/VND/Air Tahiti,1,No
WCH_SCAN_COMP,WCH,Air Tahiti,function,3,100.0,Goal,Root/div/vendor/function,WCH_SCAN_COMP/VND/Air Tahiti/WCH,0,Yes
WCH_SCAN_COMP,Airline Cleaning Services Pty Ltd dba CSA,VND,vendor,2,0.02,Goal,Root/div/vendor,WCH_SCAN_COMP/VND/Airline Cleaning Services Pty Ltd dba CSA,1,No
WCH_SCAN_COMP,WCH,Airline Cleaning Services Pty Ltd dba CSA,function,3,100.0,Goal,Root/div/vendor/function,WCH_SCAN_COMP/VND/Airline Cleaning Services Pty Ltd dba CSA/WCH,0,Yes
WCH_SCAN_COMP,Airport Associates,VND,vendor,2,0.25,Goal,Root/div/vendor,WCH_SCAN_COMP/VND/Airport Associates,1,No
WCH_SCAN_COMP,WCH,Airport Associates,function,3,100.0,Goal,Root/div/vendor/function,WCH_SCAN_COMP/VND/Airport Associates/WCH,0,Yes
WCH_SCAN_COMP,Airport Authority,VND,vendor,2,0.02,Goal,Root/div/vendor,WCH_SCAN_COMP/VND/Airport Authority,1,No
WCH_SCAN_COMP,WCH,Airport Authority,function,3,100.0,Goal,Root/div/vendor/function,WCH_SCAN_COMP/VND/Airport Authority/WCH,0,Yes
WCH_SCAN_COMP,AIRPORT AVIATION SERVICES,VND,vendor,2,0.16,Goal,Root/div/vendor,WCH_SCAN_COMP/VND/AIRPORT AVIATION SERVICES,1,No
WCH_SCAN_COMP,WCH,AIRPORT AVIATION SERVICES,function,3,100.0,Goal,Root/div/vendor/function,WCH_SCAN_COMP/VND/AIRPORT AVIATION SERVICES/WCH,0,Yes
WCH_SCAN_COMP,Airport Handling SpA,VND,vendor,2,0.32,Goal,Root/div/vendor,WCH_SCAN_COMP/VND/Airport Handling SpA,1,No
WCH_SCAN_COMP,WCH,Airport Handling SpA,function,3,100.0,Goal,Root/div/vendor/function,WCH_SCAN_COMP/VND/Airport Handling SpA/WCH,0,Yes
WCH_SCAN_COMP,Airport Terminal Services (ATS),VND,vendor,2,0.01,Goal,Root/div/vendor,WCH_SCAN_COMP/VND/Airport Terminal Services (ATS),1,No
WCH_SCAN_COMP,WCH,Airport Terminal Services (ATS),function,3,100.0,Goal,Root/div/vendor/function,WCH_SCAN_COMP/VND/Airport Terminal Services (ATS)/WCH,0,Yes
WCH_SCAN_COMP,Airport,VND,vendor,2,0.18,Goal,Root/div/vendor,WCH_SCAN_COMP/VND/Airport,1,No
WCH_SCAN_COMP,WCH,Airport,function,3,100.0,Goal,Root/div/vendor/function,WCH_SCAN_COMP/VND/Airport/WCH,0,Yes
WCH_SCAN_COMP,Airporto di Catania-Fontanarossa,VND,vendor,2,0.2,Goal,Root/div/vendor,WCH_SCAN_COMP/VND/Airporto di Catania-Fontanarossa,1,No
WCH_SCAN_COMP,WCH,Airporto di Catania-Fontanarossa,function,3,100.0,Goal,Root/div/vendor/function,WCH_SCAN_COMP/VND/Airporto di Catania-Fontanarossa/WCH,0,Yes
WCH_SCAN_COMP,AIRWAY CLEANERS LLC,VND,vendor,2,0.03,Goal,Root/div/vendor,WCH_SCAN_COMP/VND/AIRWAY CLEANERS LLC,1,No
WCH_SCAN_COMP,WCH,AIRWAY CLEANERS LLC,function,3,100.0,Goal,Root/div/vendor/function,WCH_SCAN_COMP/VND/AIRWAY CLEANERS LLC/WCH,0,Yes
WCH_SCAN_COMP,AJAS,VND,vendor,2,0.0,Goal,Root/div/vendor,WCH_SCAN_COMP/VND/AJAS,1,No
WCH_SCAN_COMP,WCH,AJAS,function,3,100.0,Goal,Root/div/vendor/function,WCH_SCAN_COMP/VND/AJAS/WCH,0,Yes
WCH_SCAN_COMP,Alyzia,VND,vendor,2,0.26,Goal,Root/div/vendor,WCH_SCAN_COMP/VND/Alyzia,1,No
WCH_SCAN_COMP,WCH,Alyzia,function,3,100.0,Goal,Root/div/vendor/function,WCH_SCAN_COMP/VND/Alyzia/WCH,0,Yes
WCH_SCAN_COMP,Antillean Flight Services NV,VND,vendor,2,0.14,Goal,Root/div/vendor,WCH_SCAN_COMP/VND/Antillean Flight Services NV,1,No
WCH_SCAN_COMP,WCH,Antillean Flight Services NV,function,3,100.0,Goal,Root/div/vendor/function,WCH_SCAN_COMP/VND/Antillean Flight Services NV/WCH,0,Yes
WCH_SCAN_COMP,ARRINDELL AVIATION SERVICES,VND,vendor,2,0.21,Goal,Root/div/vendor,WCH_SCAN_COMP/VND/ARRINDELL AVIATION SERVICES,1,No
WCH_SCAN_COMP,WCH,ARRINDELL AVIATION SERVICES,function,3,100.0,Goal,Root/div/vendor/function,WCH_SCAN_COMP/VND/ARRINDELL AVIATION SERVICES/WCH,0,Yes
WCH_SCAN_COMP,ASG Airport Service Gesellschaft mbH,VND,vendor,2,0.06,Goal,Root/div/vendor,WCH_SCAN_COMP/VND/ASG Airport Service Gesellschaft mbH,1,No
WCH_SCAN_COMP,WCH,ASG Airport Service Gesellschaft mbH,function,3,100.0,Goal,Root/div/vendor/function,WCH_SCAN_COMP/VND/ASG Airport Service Gesellschaft mbH/WCH,0,Yes
WCH_SCAN_COMP,Asito BV,VND,vendor,2,0.05,Goal,Root/div/vendor,WCH_SCAN_COMP/VND/Asito BV,1,No
WCH_SCAN_COMP,WCH,Asito BV,function,3,100.0,Goal,Root/div/vendor/function,WCH_SCAN_COMP/VND/Asito BV/WCH,0,Yes
WCH_SCAN_COMP,ASOCIACION UNITED SKYCAP,VND,vendor,2,0.39,Goal,Root/div/vendor,WCH_SCAN_COMP/VND/ASOCIACION UNITED SKYCAP,1,No
WCH_SCAN_COMP,WCH,ASOCIACION UNITED SKYCAP,function,3,100.0,Goal,Root/div/vendor/function,WCH_SCAN_COMP/VND/ASOCIACION UNITED SKYCAP/WCH,0,Yes
WCH_SCAN_COMP,ATA,VND,vendor,2,0.28,Goal,Root/div/vendor,WCH_SCAN_COMP/VND/ATA,1,No
WCH_SCAN_COMP,WCH,ATA,function,3,100.0,Goal,Root/div/vendor/function,WCH_SCAN_COMP/VND/ATA/WCH,0,Yes
WCH_SCAN_COMP,"AVEESPRESS, S.A. DE C.V.",VND,vendor,2,0.25,Goal,Root/div/vendor,"WCH_SCAN_COMP/VND/AVEESPRESS, S.A. DE C.V.",1,No
WCH_SCAN_COMP,WCH,"AVEESPRESS, S.A. DE C.V.",function,3,100.0,Goal,Root/div/vendor/function,"WCH_SCAN_COMP/VND/AVEESPRESS, S.A. DE C.V./WCH",0,Yes
WCH_SCAN_COMP,AVIAM,VND,vendor,2,0.23,Goal,Root/div/vendor,WCH_SCAN_COMP/VND/AVIAM,1,No
WCH_SCAN_COMP,WCH,AVIAM,function,3,100.0,Goal,Root/div/vendor/function,WCH_SCAN_COMP/VND/AVIAM/WCH,0,Yes
WCH_SCAN_COMP,Avianca Servicios,VND,vendor,2,0.05,Goal,Root/div/vendor,WCH_SCAN_COMP/VND/Avianca Servicios,1,No
WCH_SCAN_COMP,WCH,Avianca Servicios,function,3,100.0,Goal,Root/div/vendor/function,WCH_SCAN_COMP/VND/Avianca Servicios/WCH,0,Yes
WCH_SCAN_COMP,Aviance,VND,vendor,2,0.24,Goal,Root/div/vendor,WCH_SCAN_COMP/VND/Aviance,1,No
WCH_SCAN_COMP,WCH,Aviance,function,3,100.0,Goal,Root/div/vendor/function,WCH_SCAN_COMP/VND/Aviance/WCH,0,Yes
WCH_SCAN_COMP,AviaPartner,VND,vendor,2,0.23,Goal,Root/div/vendor,WCH_SCAN_COMP/VND/AviaPartner,1,No
WCH_SCAN_COMP,WCH,AviaPartner,function,3,100.0,Goal,Root/div/vendor/function,WCH_SCAN_COMP/VND/AviaPartner/WCH,0,Yes
WCH_SCAN_COMP,Aviaserve Ltd.,VND,vendor,2,0.2,Goal,Root/div/vendor,WCH_SCAN_COMP/VND/Aviaserve Ltd.,1,No
WCH_SCAN_COMP,WCH,Aviaserve Ltd.,function,3,100.0,Goal,Root/div/vendor/function,WCH_SCAN_COMP/VND/Aviaserve Ltd./WCH,0,Yes
WCH_SCAN_COMP,Aviation Security,VND,vendor,2,0.33,Goal,Root/div/vendor,WCH_SCAN_COMP/VND/Aviation Security,1,No
WCH_SCAN_COMP,WCH,Aviation Security,function,3,100.0,Goal,Root/div/vendor/function,WCH_SCAN_COMP/VND/Aviation Security/WCH,0,Yes
WCH_SCAN_COMP,Aviation Services,VND,vendor,2,0.15,Goal,Root/div/vendor,WCH_SCAN_COMP/VND/Aviation Services,1,No
WCH_SCAN_COMP,WCH,Aviation Services,function,3,100.0,Goal,Root/div/vendor/function,WCH_SCAN_COMP/VND/Aviation Services/WCH,0,Yes
WCH_SCAN_COMP,"Aviation, Prosegur Services Group, Inc.",VND,vendor,2,0.09,Goal,Root/div/vendor,"WCH_SCAN_COMP/VND/Aviation, Prosegur Services Group, Inc.",1,No
WCH_SCAN_COMP,WCH,"Aviation, Prosegur Services Group, Inc.",function,3,100.0,Goal,Root/div/vendor/function,"WCH_SCAN_COMP/VND/Aviation, Prosegur Services Group, Inc./WCH",0,Yes
WCH_SCAN_COMP,BAGGAGE AIRLINE GUEST SERVICES,VND,vendor,2,0.17,Goal,Root/div/vendor,WCH_SCAN_COMP/VND/BAGGAGE AIRLINE GUEST SERVICES,1,No
WCH_SCAN_COMP,WCH,BAGGAGE AIRLINE GUEST SERVICES,function,3,100.0,Goal,Root/div/vendor/function,WCH_SCAN_COMP/VND/BAGGAGE AIRLINE GUEST SERVICES/WCH,0,Yes
WCH_SCAN_COMP,"Bags, Inc.",VND,vendor,2,0.15,Goal,Root/div/vendor,"WCH_SCAN_COMP/VND/Bags, Inc.",1,No
WCH_SCAN_COMP,WCH,"Bags, Inc.",function,3,100.0,Goal,Root/div/vendor/function,"WCH_SCAN_COMP/VND/Bags, Inc./WCH",0,Yes
WCH_SCAN_COMP,BGS,VND,vendor,2,0.37,Goal,Root/div/vendor,WCH_SCAN_COMP/VND/BGS,1,No
WCH_SCAN_COMP,WCH,BGS,function,3,100.0,Goal,Root/div/vendor/function,WCH_SCAN_COMP/VND/BGS/WCH,0,Yes
WCH_SCAN_COMP,Bird Worldwide Flight Service Mumbai Pvt. Ltd,VND,vendor,2,0.34,Goal,Root/div/vendor,WCH_SCAN_COMP/VND/Bird Worldwide Flight Service Mumbai Pvt. Ltd,1,No
WCH_SCAN_COMP,WCH,Bird Worldwide Flight Service Mumbai Pvt. Ltd,function,3,100.0,Goal,Root/div/vendor/function,WCH_SCAN_COMP/VND/Bird Worldwide Flight Service Mumbai Pvt. Ltd/WCH,0,Yes
WCH_SCAN_COMP,BLAS,VND,vendor,2,0.05,Goal,Root/div/vendor,WCH_SCAN_COMP/VND/BLAS,1,No
WCH_SCAN_COMP,WCH,BLAS,function,3,100.0,Goal,Root/div/vendor/function,WCH_SCAN_COMP/VND/BLAS/WCH,0,Yes
WCH_SCAN_COMP,CargoMobility,VND,vendor,2,0.0,Goal,Root/div/vendor,WCH_SCAN_COMP/VND/CargoMobility,1,No
WCH_SCAN_COMP,WCH,CargoMobility,function,3,100.0,Goal,Root/div/vendor/function,WCH_SCAN_COMP/VND/CargoMobility/WCH,0,Yes
WCH_SCAN_COMP,Caribbean Aircraft Handling,VND,vendor,2,0.22,Goal,Root/div/vendor,WCH_SCAN_COMP/VND/Caribbean Aircraft Handling,1,No
WCH_SCAN_COMP,WCH,Caribbean Aircraft Handling,function,3,100.0,Goal,Root/div/vendor/function,WCH_SCAN_COMP/VND/Caribbean Aircraft Handling/WCH,0,Yes
WCH_SCAN_COMP,Caribbean Dispatch,VND,vendor,2,0.11,Goal,Root/div/vendor,WCH_SCAN_COMP/VND/Caribbean Dispatch,1,No
WCH_SCAN_COMP,WCH,Caribbean Dispatch,function,3,100.0,Goal,Root/div/vendor/function,WCH_SCAN_COMP/VND/Caribbean Dispatch/WCH,0,Yes
WCH_SCAN_COMP,China Airlines,VND,vendor,2,0.21,Goal,Root/div/vendor,WCH_SCAN_COMP/VND/China Airlines,1,No
WCH_SCAN_COMP,WCH,China Airlines,function,3,100.0,Goal,Root/div/vendor/function,WCH_SCAN_COMP/VND/China Airlines/WCH,0,Yes
WCH_SCAN_COMP,China Eastern,VND,vendor,2,0.27,Goal,Root/div/vendor,WCH_SCAN_COMP/VND/China Eastern,1,No
WCH_SCAN_COMP,WCH,China Eastern,function,3,100.0,Goal,Root/div/vendor/function,WCH_SCAN_COMP/VND/China Eastern/WCH,0,Yes
WCH_SCAN_COMP,CITY OF MELBOURNE,VND,vendor,2,0.0,Goal,Root/div/vendor,WCH_SCAN_COMP/VND/CITY OF MELBOURNE,1,No
WCH_SCAN_COMP,WCH,CITY OF MELBOURNE,function,3,100.0,Goal,Root/div/vendor/function,WCH_SCAN_COMP/VND/CITY OF MELBOURNE/WCH,0,Yes
WCH_SCAN_COMP,CKTS,VND,vendor,2,0.27,Goal,Root/div/vendor,WCH_SCAN_COMP/VND/CKTS,1,No
WCH_SCAN_COMP,WCH,CKTS,function,3,100.0,Goal,Root/div/vendor/function,WCH_SCAN_COMP/VND/CKTS/WCH,0,Yes
WCH_SCAN_COMP,Colossal,VND,vendor,2,0.22,Goal,Root/div/vendor,WCH_SCAN_COMP/VND/Colossal,1,No
WCH_SCAN_COMP,WCH,Colossal,function,3,100.0,Goal,Root/div/vendor/function,WCH_SCAN_COMP/VND/Colossal/WCH,0,Yes
WCH_SCAN_COMP,COUNTY OF VOLUSIA,VND,vendor,2,0.11,Goal,Root/div/vendor,WCH_SCAN_COMP/VND/COUNTY OF VOLUSIA,1,No
WCH_SCAN_COMP,WCH,COUNTY OF VOLUSIA,function,3,100.0,Goal,Root/div/vendor/function,WCH_SCAN_COMP/VND/COUNTY OF VOLUSIA/WCH,0,Yes
WCH_SCAN_COMP,Delta,VND,vendor,2,0.38,Goal,Root/div/vendor,WCH_SCAN_COMP/VND/Delta,1,No
WCH_SCAN_COMP,WCH,Delta,function,3,100.0,Goal,Root/div/vendor/function,WCH_SCAN_COMP/VND/Delta/WCH,0,Yes
WCH_SCAN_COMP,Dispatch Services Antigua,VND,vendor,2,0.23,Goal,Root/div/vendor,WCH_SCAN_COMP/VND/Dispatch Services Antigua,1,No
WCH_SCAN_COMP,WCH,Dispatch Services Antigua,function,3,100.0,Goal,Root/div/vendor/function,WCH_SCAN_COMP/VND/Dispatch Services Antigua/WCH,0,Yes
WCH_SCAN_COMP,dnata,VND,vendor,2,0.14,Goal,Root/div/vendor,WCH_SCAN_COMP/VND/dnata,1,No
WCH_SCAN_COMP,WCH,dnata,function,3,100.0,Goal,Root/div/vendor/function,WCH_SCAN_COMP/VND/dnata/WCH,0,Yes
WCH_SCAN_COMP,Dubrovnik Airport Ltd.,VND,vendor,2,0.22,Goal,Root/div/vendor,WCH_SCAN_COMP/VND/Dubrovnik Airport Ltd.,1,No
WCH_SCAN_COMP,WCH,Dubrovnik Airport Ltd.,function,3,100.0,Goal,Root/div/vendor/function,WCH_SCAN_COMP/VND/Dubrovnik Airport Ltd./WCH,0,Yes
WCH_SCAN_COMP,EAAI,VND,vendor,2,0.12,Goal,Root/div/vendor,WCH_SCAN_COMP/VND/EAAI,1,No
WCH_SCAN_COMP,WCH,EAAI,function,3,100.0,Goal,Root/div/vendor/function,WCH_SCAN_COMP/VND/EAAI/WCH,0,Yes
WCH_SCAN_COMP,ECASA,VND,vendor,2,0.31,Goal,Root/div/vendor,WCH_SCAN_COMP/VND/ECASA,1,No
WCH_SCAN_COMP,WCH,ECASA,function,3,100.0,Goal,Root/div/vendor/function,WCH_SCAN_COMP/VND/ECASA/WCH,0,Yes
WCH_SCAN_COMP,EMSA AIRPORT SERVICES S.A.,VND,vendor,2,0.19,Goal,Root/div/vendor,WCH_SCAN_COMP/VND/EMSA AIRPORT SERVICES S.A.,1,No
WCH_SCAN_COMP,WCH,EMSA AIRPORT SERVICES S.A.,function,3,100.0,Goal,Root/div/vendor/function,WCH_SCAN_COMP/VND/EMSA AIRPORT SERVICES S.A./WCH,0,Yes
WCH_SCAN_COMP,Eulen,VND,vendor,2,0.31,Goal,Root/div/vendor,WCH_SCAN_COMP/VND/Eulen,1,No
WCH_SCAN_COMP,WCH,Eulen,function,3,100.0,Goal,Root/div/vendor/function,WCH_SCAN_COMP/VND/Eulen/WCH,0,Yes
WCH_SCAN_COMP,Executive Aviation,VND,vendor,2,0.19,Goal,Root/div/vendor,WCH_SCAN_COMP/VND/Executive Aviation,1,No
WCH_SCAN_COMP,WCH,Executive Aviation,function,3,100.0,Goal,Root/div/vendor/function,WCH_SCAN_COMP/VND/Executive Aviation/WCH,0,Yes
WCH_SCAN_COMP,FADS,VND,vendor,2,0.27,Goal,Root/div/vendor,WCH_SCAN_COMP/VND/FADS,1,No
WCH_SCAN_COMP,WCH,FADS,function,3,100.0,Goal,Root/div/vendor/function,WCH_SCAN_COMP/VND/FADS/WCH,0,Yes
WCH_SCAN_COMP,"FLIGHT SERVICES & SYSTEMS, INC.",VND,vendor,2,0.11,Goal,Root/div/vendor,"WCH_SCAN_COMP/VND/FLIGHT SERVICES & SYSTEMS, INC.",1,No
WCH_SCAN_COMP,WCH,"FLIGHT SERVICES & SYSTEMS, INC.",function,3,100.0,Goal,Root/div/vendor/function,"WCH_SCAN_COMP/VND/FLIGHT SERVICES & SYSTEMS, INC./WCH",0,Yes
WCH_SCAN_COMP,Flightcraft Aviation Services,VND,vendor,2,0.23,Goal,Root/div/vendor,WCH_SCAN_COMP/VND/Flightcraft Aviation Services,1,No
WCH_SCAN_COMP,WCH,Flightcraft Aviation Services,function,3,100.0,Goal,Root/div/vendor/function,WCH_SCAN_COMP/VND/Flightcraft Aviation Services/WCH,0,Yes
WCH_SCAN_COMP,FlightSupport,VND,vendor,2,0.27,Goal,Root/div/vendor,WCH_SCAN_COMP/VND/FlightSupport,1,No
WCH_SCAN_COMP,WCH,FlightSupport,function,3,100.0,Goal,Root/div/vendor/function,WCH_SCAN_COMP/VND/FlightSupport/WCH,0,Yes
WCH_SCAN_COMP,FMG,VND,vendor,2,0.11,Goal,Root/div/vendor,WCH_SCAN_COMP/VND/FMG,1,No
WCH_SCAN_COMP,WCH,FMG,function,3,100.0,Goal,Root/div/vendor/function,WCH_SCAN_COMP/VND/FMG/WCH,0,Yes
WCH_SCAN_COMP,G2,VND,vendor,2,0.14,Goal,Root/div/vendor,WCH_SCAN_COMP/VND/G2,1,No
WCH_SCAN_COMP,WCH,G2,function,3,100.0,Goal,Root/div/vendor/function,WCH_SCAN_COMP/VND/G2/WCH,0,Yes
WCH_SCAN_COMP,GAT,VND,vendor,2,0.29,Goal,Root/div/vendor,WCH_SCAN_COMP/VND/GAT,1,No
WCH_SCAN_COMP,WCH,GAT,function,3,100.0,Goal,Root/div/vendor/function,WCH_SCAN_COMP/VND/GAT/WCH,0,Yes
WCH_SCAN_COMP,"GATEWAY SECURITY, INC.",VND,vendor,2,0.01,Goal,Root/div/vendor,"WCH_SCAN_COMP/VND/GATEWAY SECURITY, INC.",1,No
WCH_SCAN_COMP,WCH,"GATEWAY SECURITY, INC.",function,3,100.0,Goal,Root/div/vendor/function,"WCH_SCAN_COMP/VND/GATEWAY SECURITY, INC./WCH",0,Yes
WCH_SCAN_COMP,GCG GROUND SERVICES LLC,VND,vendor,2,0.14,Goal,Root/div/vendor,WCH_SCAN_COMP/VND/GCG GROUND SERVICES LLC,1,No
WCH_SCAN_COMP,WCH,GCG GROUND SERVICES LLC,function,3,100.0,Goal,Root/div/vendor/function,WCH_SCAN_COMP/VND/GCG GROUND SERVICES LLC/WCH,0,Yes
WCH_SCAN_COMP,GDL GROUND HANDLING SA DE CV,VND,vendor,2,0.19,Goal,Root/div/vendor,WCH_SCAN_COMP/VND/GDL GROUND HANDLING SA DE CV,1,No
WCH_SCAN_COMP,WCH,GDL GROUND HANDLING SA DE CV,function,3,100.0,Goal,Root/div/vendor/function,WCH_SCAN_COMP/VND/GDL GROUND HANDLING SA DE CV/WCH,0,Yes
WCH_SCAN_COMP,GDL GROUND HANDLING SADE CV,VND,vendor,2,0.08,Goal,Root/div/vendor,WCH_SCAN_COMP/VND/GDL GROUND HANDLING SADE CV,1,No
WCH_SCAN_COMP,WCH,GDL GROUND HANDLING SADE CV,function,3,100.0,Goal,Root/div/vendor/function,WCH_SCAN_COMP/VND/GDL GROUND HANDLING SADE CV/WCH,0,Yes
WCH_SCAN_COMP,Geasar SpA,VND,vendor,2,0.08,Goal,Root/div/vendor,WCH_SCAN_COMP/VND/Geasar SpA,1,No
WCH_SCAN_COMP,WCH,Geasar SpA,function,3,100.0,Goal,Root/div/vendor/function,WCH_SCAN_COMP/VND/Geasar SpA/WCH,0,Yes
WCH_SCAN_COMP,General Air Services N.V.,VND,vendor,2,0.32,Goal,Root/div/vendor,WCH_SCAN_COMP/VND/General Air Services N.V.,1,No
WCH_SCAN_COMP,WCH,General Air Services N.V.,function,3,100.0,Goal,Root/div/vendor/function,WCH_SCAN_COMP/VND/General Air Services N.V./WCH,0,Yes
WCH_SCAN_COMP,General Security Service,VND,vendor,2,0.32,Goal,Root/div/vendor,WCH_SCAN_COMP/VND/General Security Service,1,No
WCH_SCAN_COMP,WCH,General Security Service,function,3,100.0,Goal,Root/div/vendor/function,WCH_SCAN_COMP/VND/General Security Service/WCH,0,Yes
WCH_SCAN_COMP,GERALD R. FORD INTERNATIONAL,VND,vendor,2,0.13,Goal,Root/div/vendor,WCH_SCAN_COMP/VND/GERALD R. FORD INTERNATIONAL,1,No
WCH_SCAN_COMP,WCH,GERALD R. FORD INTERNATIONAL,function,3,100.0,Goal,Root/div/vendor/function,WCH_SCAN_COMP/VND/GERALD R. FORD INTERNATIONAL/WCH,0,Yes
WCH_SCAN_COMP,GH Aircraft Cleaning Services,VND,vendor,2,0.04,Goal,Root/div/vendor,WCH_SCAN_COMP/VND/GH Aircraft Cleaning Services,1,No
WCH_SCAN_COMP,WCH,GH Aircraft Cleaning Services,function,3,100.0,Goal,Root/div/vendor/function,WCH_SCAN_COMP/VND/GH Aircraft Cleaning Services/WCH,0,Yes
WCH_SCAN_COMP,GH Catania,VND,vendor,2,0.13,Goal,Root/div/vendor,WCH_SCAN_COMP/VND/GH Catania,1,No
WCH_SCAN_COMP,WCH,GH Catania,function,3,100.0,Goal,Root/div/vendor/function,WCH_SCAN_COMP/VND/GH Catania/WCH,0,Yes
WCH_SCAN_COMP,GH Napoli,VND,vendor,2,0.3,Goal,Root/div/vendor,WCH_SCAN_COMP/VND/GH Napoli,1,No
WCH_SCAN_COMP,WCH,GH Napoli,function,3,100.0,Goal,Root/div/vendor/function,WCH_SCAN_COMP/VND/GH Napoli/WCH,0,Yes
WCH_SCAN_COMP,Grand Bahama,VND,vendor,2,0.23,Goal,Root/div/vendor,WCH_SCAN_COMP/VND/Grand Bahama,1,No
WCH_SCAN_COMP,WCH,Grand Bahama,function,3,100.0,Goal,Root/div/vendor/function,WCH_SCAN_COMP/VND/Grand Bahama/WCH,0,Yes
WCH_SCAN_COMP,GROUNDFORCE BCN 2023 UTE,VND,vendor,2,0.13,Goal,Root/div/vendor,WCH_SCAN_COMP/VND/GROUNDFORCE BCN 2023 UTE,1,No
WCH_SCAN_COMP,WCH,GROUNDFORCE BCN 2023 UTE,function,3,100.0,Goal,Root/div/vendor/function,WCH_SCAN_COMP/VND/GROUNDFORCE BCN 2023 UTE/WCH,0,Yes
WCH_SCAN_COMP,GROUNDFORCE MAD 2023 UTE,VND,vendor,2,0.26,Goal,Root/div/vendor,WCH_SCAN_COMP/VND/GROUNDFORCE MAD 2023 UTE,1,No
WCH_SCAN_COMP,WCH,GROUNDFORCE MAD 2023 UTE,function,3,100.0,Goal,Root/div/vendor/function,WCH_SCAN_COMP/VND/GROUNDFORCE MAD 2023 UTE/WCH,0,Yes
WCH_SCAN_COMP,Groundforce,VND,vendor,2,0.23,Goal,Root/div/vendor,WCH_SCAN_COMP/VND/Groundforce,1,No
WCH_SCAN_COMP,WCH,Groundforce,function,3,100.0,Goal,Root/div/vendor/function,WCH_SCAN_COMP/VND/Groundforce/WCH,0,Yes
WCH_SCAN_COMP,GROUP OF PRIVATE SECURITY S.R.L.,VND,vendor,2,0.35,Goal,Root/div/vendor,WCH_SCAN_COMP/VND/GROUP OF PRIVATE SECURITY S.R.L.,1,No
WCH_SCAN_COMP,WCH,GROUP OF PRIVATE SECURITY S.R.L.,function,3,100.0,Goal,Root/div/vendor/function,WCH_SCAN_COMP/VND/GROUP OF PRIVATE SECURITY S.R.L./WCH,0,Yes
WCH_SCAN_COMP,HAECO,VND,vendor,2,0.37,Goal,Root/div/vendor,WCH_SCAN_COMP/VND/HAECO,1,No
WCH_SCAN_COMP,WCH,HAECO,function,3,100.0,Goal,Root/div/vendor/function,WCH_SCAN_COMP/VND/HAECO/WCH,0,Yes
WCH_SCAN_COMP,Hammaserco,VND,vendor,2,0.14,Goal,Root/div/vendor,WCH_SCAN_COMP/VND/Hammaserco,1,No
WCH_SCAN_COMP,WCH,Hammaserco,function,3,100.0,Goal,Root/div/vendor/function,WCH_SCAN_COMP/VND/Hammaserco/WCH,0,Yes
WCH_SCAN_COMP,Haneda Turtle Service,VND,vendor,2,0.34,Goal,Root/div/vendor,WCH_SCAN_COMP/VND/Haneda Turtle Service,1,No
WCH_SCAN_COMP,WCH,Haneda Turtle Service,function,3,100.0,Goal,Root/div/vendor/function,WCH_SCAN_COMP/VND/Haneda Turtle Service/WCH,0,Yes
WCH_SCAN_COMP,HAS,VND,vendor,2,0.04,Goal,Root/div/vendor,WCH_SCAN_COMP/VND/HAS,1,No
WCH_SCAN_COMP,WCH,HAS,function,3,100.0,Goal,Root/div/vendor/function,WCH_SCAN_COMP/VND/HAS/WCH,0,Yes
WCH_SCAN_COMP,Hernandez Express,VND,vendor,2,0.02,Goal,Root/div/vendor,WCH_SCAN_COMP/VND/Hernandez Express,1,No
WCH_SCAN_COMP,WCH,Hernandez Express,function,3,100.0,Goal,Root/div/vendor/function,WCH_SCAN_COMP/VND/Hernandez Express/WCH,0,Yes
WCH_SCAN_COMP,HHS Aviation,VND,vendor,2,0.23,Goal,Root/div/vendor,WCH_SCAN_COMP/VND/HHS Aviation,1,No
WCH_SCAN_COMP,WCH,HHS Aviation,function,3,100.0,Goal,Root/div/vendor/function,WCH_SCAN_COMP/VND/HHS Aviation/WCH,0,Yes
WCH_SCAN_COMP,HUNTLEIGH USA CORP,VND,vendor,2,0.36,Goal,Root/div/vendor,WCH_SCAN_COMP/VND/HUNTLEIGH USA CORP,1,No
WCH_SCAN_COMP,WCH,HUNTLEIGH USA CORP,function,3,100.0,Goal,Root/div/vendor/function,WCH_SCAN_COMP/VND/HUNTLEIGH USA CORP/WCH,0,Yes
WCH_SCAN_COMP,Intercargo,VND,vendor,2,0.14,Goal,Root/div/vendor,WCH_SCAN_COMP/VND/Intercargo,1,No
WCH_SCAN_COMP,WCH,Intercargo,function,3,100.0,Goal,Root/div/vendor/function,WCH_SCAN_COMP/VND/Intercargo/WCH,0,Yes
WCH_SCAN_COMP,InterPacific,VND,vendor,2,0.32,Goal,Root/div/vendor,WCH_SCAN_COMP/VND/InterPacific,1,No
WCH_SCAN_COMP,WCH,InterPacific,function,3,100.0,Goal,Root/div/vendor/function,WCH_SCAN_COMP/VND/InterPacific/WCH,0,Yes
WCH_SCAN_COMP,Inzunza Villanueva SPA,VND,vendor,2,0.27,Goal,Root/div/vendor,WCH_SCAN_COMP/VND/Inzunza Villanueva SPA,1,No
WCH_SCAN_COMP,WCH,Inzunza Villanueva SPA,function,3,100.0,Goal,Root/div/vendor/function,WCH_SCAN_COMP/VND/Inzunza Villanueva SPA/WCH,0,Yes
WCH_SCAN_COMP,JACKSON CONTRACT SERVICES LLC,VND,vendor,2,0.13,Goal,Root/div/vendor,WCH_SCAN_COMP/VND/JACKSON CONTRACT SERVICES LLC,1,No
WCH_SCAN_COMP,WCH,JACKSON CONTRACT SERVICES LLC,function,3,100.0,Goal,Root/div/vendor/function,WCH_SCAN_COMP/VND/JACKSON CONTRACT SERVICES LLC/WCH,0,Yes
WCH_SCAN_COMP,Jet Air,VND,vendor,2,0.02,Goal,Root/div/vendor,WCH_SCAN_COMP/VND/Jet Air,1,No
WCH_SCAN_COMP,WCH,Jet Air,function,3,100.0,Goal,Root/div/vendor/function,WCH_SCAN_COMP/VND/Jet Air/WCH,0,Yes
WCH_SCAN_COMP,KLM,VND,vendor,2,0.02,Goal,Root/div/vendor,WCH_SCAN_COMP/VND/KLM,1,No
WCH_SCAN_COMP,WCH,KLM,function,3,100.0,Goal,Root/div/vendor/function,WCH_SCAN_COMP/VND/KLM/WCH,0,Yes
WCH_SCAN_COMP,Korean Air,VND,vendor,2,0.01,Goal,Root/div/vendor,WCH_SCAN_COMP/VND/Korean Air,1,No
WCH_SCAN_COMP,WCH,Korean Air,function,3,100.0,Goal,Root/div/vendor/function,WCH_SCAN_COMP/VND/Korean Air/WCH,0,Yes
WCH_SCAN_COMP,"LAATS, S.A.",VND,vendor,2,0.1,Goal,Root/div/vendor,"WCH_SCAN_COMP/VND/LAATS, S.A.",1,No
WCH_SCAN_COMP,WCH,"LAATS, S.A.",function,3,100.0,Goal,Root/div/vendor/function,"WCH_SCAN_COMP/VND/LAATS, S.A./WCH",0,Yes
WCH_SCAN_COMP,Longport,VND,vendor,2,0.25,Goal,Root/div/vendor,WCH_SCAN_COMP/VND/Longport,1,No
WCH_SCAN_COMP,WCH,Longport,function,3,100.0,Goal,Root/div/vendor/function,WCH_SCAN_COMP/VND/Longport/WCH,0,Yes
WCH_SCAN_COMP,LUIS JIMENO COMUNICACIONES Y,VND,vendor,2,0.24,Goal,Root/div/vendor,WCH_SCAN_COMP/VND/LUIS JIMENO COMUNICACIONES Y,1,No
WCH_SCAN_COMP,WCH,LUIS JIMENO COMUNICACIONES Y,function,3,100.0,Goal,Root/div/vendor/function,WCH_SCAN_COMP/VND/LUIS JIMENO COMUNICACIONES Y/WCH,0,Yes
WCH_SCAN_COMP,Maximus Global Services,VND,vendor,2,0.23,Goal,Root/div/vendor,WCH_SCAN_COMP/VND/Maximus Global Services,1,No
WCH_SCAN_COMP,WCH,Maximus Global Services,function,3,100.0,Goal,Root/div/vendor/function,WCH_SCAN_COMP/VND/Maximus Global Services/WCH,0,Yes
WCH_SCAN_COMP,Menzies Aviation,VND,vendor,2,0.22,Goal,Root/div/vendor,WCH_SCAN_COMP/VND/Menzies Aviation,1,No
WCH_SCAN_COMP,WCH,Menzies Aviation,function,3,100.0,Goal,Root/div/vendor/function,WCH_SCAN_COMP/VND/Menzies Aviation/WCH,0,Yes
WCH_SCAN_COMP,More Security Bahamas,VND,vendor,2,0.35,Goal,Root/div/vendor,WCH_SCAN_COMP/VND/More Security Bahamas,1,No
WCH_SCAN_COMP,WCH,More Security Bahamas,function,3,100.0,Goal,Root/div/vendor/function,WCH_SCAN_COMP/VND/More Security Bahamas/WCH,0,Yes
WCH_SCAN_COMP,Multi Services Group,VND,vendor,2,0.12,Goal,Root/div/vendor,WCH_SCAN_COMP/VND/Multi Services Group,1,No
WCH_SCAN_COMP,WCH,Multi Services Group,function,3,100.0,Goal,Root/div/vendor/function,WCH_SCAN_COMP/VND/Multi Services Group/WCH,0,Yes
WCH_SCAN_COMP,NAHCo,VND,vendor,2,0.03,Goal,Root/div/vendor,WCH_SCAN_COMP/VND/NAHCo,1,No
WCH_SCAN_COMP,WCH,NAHCo,function,3,100.0,Goal,Root/div/vendor/function,WCH_SCAN_COMP/VND/NAHCo/WCH,0,Yes
WCH_SCAN_COMP,Omega Aviation,VND,vendor,2,0.12,Goal,Root/div/vendor,WCH_SCAN_COMP/VND/Omega Aviation,1,No
WCH_SCAN_COMP,WCH,Omega Aviation,function,3,100.0,Goal,Root/div/vendor/function,WCH_SCAN_COMP/VND/Omega Aviation/WCH,0,Yes
WCH_SCAN_COMP,ORBITAL SERV AUXILIARES TRANS AEREO,VND,vendor,2,0.34,Goal,Root/div/vendor,WCH_SCAN_COMP/VND/ORBITAL SERV AUXILIARES TRANS AEREO,1,No
WCH_SCAN_COMP,WCH,ORBITAL SERV AUXILIARES TRANS AEREO,function,3,100.0,Goal,Root/div/vendor/function,WCH_SCAN_COMP/VND/ORBITAL SERV AUXILIARES TRANS AEREO/WCH,0,Yes
WCH_SCAN_COMP,ORION SOPORTE Y SERVICIOS,VND,vendor,2,0.21,Goal,Root/div/vendor,WCH_SCAN_COMP/VND/ORION SOPORTE Y SERVICIOS,1,No
WCH_SCAN_COMP,WCH,ORION SOPORTE Y SERVICIOS,function,3,100.0,Goal,Root/div/vendor/function,WCH_SCAN_COMP/VND/ORION SOPORTE Y SERVICIOS/WCH,0,Yes
WCH_SCAN_COMP,Passenger Handling Services,VND,vendor,2,0.39,Goal,Root/div/vendor,WCH_SCAN_COMP/VND/Passenger Handling Services,1,No
WCH_SCAN_COMP,WCH,Passenger Handling Services,function,3,100.0,Goal,Root/div/vendor/function,WCH_SCAN_COMP/VND/Passenger Handling Services/WCH,0,Yes
WCH_SCAN_COMP,PAX ASSIST INC,VND,vendor,2,0.17,Goal,Root/div/vendor,WCH_SCAN_COMP/VND/PAX ASSIST INC,1,No
WCH_SCAN_COMP,WCH,PAX ASSIST INC,function,3,100.0,Goal,Root/div/vendor/function,WCH_SCAN_COMP/VND/PAX ASSIST INC/WCH,0,Yes
WCH_SCAN_COMP,Pegasus,VND,vendor,2,0.11,Goal,Root/div/vendor,WCH_SCAN_COMP/VND/Pegasus,1,No
WCH_SCAN_COMP,WCH,Pegasus,function,3,100.0,Goal,Root/div/vendor/function,WCH_SCAN_COMP/VND/Pegasus/WCH,0,Yes
WCH_SCAN_COMP,Portway,VND,vendor,2,0.12,Goal,Root/div/vendor,WCH_SCAN_COMP/VND/Portway,1,No
WCH_SCAN_COMP,WCH,Portway,function,3,100.0,Goal,Root/div/vendor/function,WCH_SCAN_COMP/VND/Portway/WCH,0,Yes
WCH_SCAN_COMP,PRIMEFLIGHT AVIATION SERVICES CANADA,VND,vendor,2,0.15,Goal,Root/div/vendor,WCH_SCAN_COMP/VND/PRIMEFLIGHT AVIATION SERVICES CANADA,1,No
WCH_SCAN_COMP,WCH,PRIMEFLIGHT AVIATION SERVICES CANADA,function,3,100.0,Goal,Root/div/vendor/function,WCH_SCAN_COMP/VND/PRIMEFLIGHT AVIATION SERVICES CANADA/WCH,0,Yes
WCH_SCAN_COMP,PrimeFlight,VND,vendor,2,0.2,Goal,Root/div/vendor,WCH_SCAN_COMP/VND/PrimeFlight,1,No
WCH_SCAN_COMP,WCH,PrimeFlight,function,3,100.0,Goal,Root/div/vendor/function,WCH_SCAN_COMP/VND/PrimeFlight/WCH,0,Yes
WCH_SCAN_COMP,PROFESSIONAL AIRLINE TERMINAL,VND,vendor,2,0.25,Goal,Root/div/vendor,WCH_SCAN_COMP/VND/PROFESSIONAL AIRLINE TERMINAL,1,No
WCH_SCAN_COMP,WCH,PROFESSIONAL AIRLINE TERMINAL,function,3,100.0,Goal,Root/div/vendor/function,WCH_SCAN_COMP/VND/PROFESSIONAL AIRLINE TERMINAL/WCH,0,Yes
WCH_SCAN_COMP,Prospect,VND,vendor,2,0.19,Goal,Root/div/vendor,WCH_SCAN_COMP/VND/Prospect,1,No
WCH_SCAN_COMP,WCH,Prospect,function,3,100.0,Goal,Root/div/vendor/function,WCH_SCAN_COMP/VND/Prospect/WCH,0,Yes
WCH_SCAN_COMP,QAS,VND,vendor,2,0.26,Goal,Root/div/vendor,WCH_SCAN_COMP/VND/QAS,1,No
WCH_SCAN_COMP,WCH,QAS,function,3,100.0,Goal,Root/div/vendor/function,WCH_SCAN_COMP/VND/QAS/WCH,0,Yes
WCH_SCAN_COMP,RAM Handling,VND,vendor,2,0.39,Goal,Root/div/vendor,WCH_SCAN_COMP/VND/RAM Handling,1,No
WCH_SCAN_COMP,WCH,RAM Handling,function,3,100.0,Goal,Root/div/vendor/function,WCH_SCAN_COMP/VND/RAM Handling/WCH,0,Yes
WCH_SCAN_COMP,Red Handling UK,VND,vendor,2,0.03,Goal,Root/div/vendor,WCH_SCAN_COMP/VND/Red Handling UK,1,No
WCH_SCAN_COMP,WCH,Red Handling UK,function,3,100.0,Goal,Root/div/vendor/function,WCH_SCAN_COMP/VND/Red Handling UK/WCH,0,Yes
WCH_SCAN_COMP,ROCHESTER INTERNATIONAL AIRPORT,VND,vendor,2,0.27,Goal,Root/div/vendor,WCH_SCAN_COMP/VND/ROCHESTER INTERNATIONAL AIRPORT,1,No
WCH_SCAN_COMP,WCH,ROCHESTER INTERNATIONAL AIRPORT,function,3,100.0,Goal,Root/div/vendor/function,WCH_SCAN_COMP/VND/ROCHESTER INTERNATIONAL AIRPORT/WCH,0,Yes
WCH_SCAN_COMP,S.A.S. SERVICES GROUP INC,VND,vendor,2,0.2,Goal,Root/div/vendor,WCH_SCAN_COMP/VND/S.A.S. SERVICES GROUP INC,1,No
WCH_SCAN_COMP,WCH,S.A.S. SERVICES GROUP INC,function,3,100.0,Goal,Root/div/vendor/function,WCH_SCAN_COMP/VND/S.A.S. SERVICES GROUP INC/WCH,0,Yes
WCH_SCAN_COMP,SAG,VND,vendor,2,0.07,Goal,Root/div/vendor,WCH_SCAN_COMP/VND/SAG,1,No
WCH_SCAN_COMP,WCH,SAG,function,3,100.0,Goal,Root/div/vendor/function,WCH_SCAN_COMP/VND/SAG/WCH,0,Yes
WCH_SCAN_COMP,SAI,VND,vendor,2,0.12,Goal,Root/div/vendor,WCH_SCAN_COMP/VND/SAI,1,No
WCH_SCAN_COMP,WCH,SAI,function,3,100.0,Goal,Root/div/vendor/function,WCH_SCAN_COMP/VND/SAI/WCH,0,Yes
WCH_SCAN_COMP,Samsic Assistance Canada Inc.,VND,vendor,2,0.29,Goal,Root/div/vendor,WCH_SCAN_COMP/VND/Samsic Assistance Canada Inc.,1,No
WCH_SCAN_COMP,WCH,Samsic Assistance Canada Inc.,function,3,100.0,Goal,Root/div/vendor/function,WCH_SCAN_COMP/VND/Samsic Assistance Canada Inc./WCH,0,Yes
WCH_SCAN_COMP,SAMSIC HANDLING DOMINICANA S.A.S,VND,vendor,2,0.39,Goal,Root/div/vendor,WCH_SCAN_COMP/VND/SAMSIC HANDLING DOMINICANA S.A.S,1,No
WCH_SCAN_COMP,WCH,SAMSIC HANDLING DOMINICANA S.A.S,function,3,100.0,Goal,Root/div/vendor/function,WCH_SCAN_COMP/VND/SAMSIC HANDLING DOMINICANA S.A.S/WCH,0,Yes
WCH_SCAN_COMP,SAN ANTONIO AIRLINES,VND,vendor,2,0.37,Goal,Root/div/vendor,WCH_SCAN_COMP/VND/SAN ANTONIO AIRLINES,1,No
WCH_SCAN_COMP,WCH,SAN ANTONIO AIRLINES,function,3,100.0,Goal,Root/div/vendor/function,WCH_SCAN_COMP/VND/SAN ANTONIO AIRLINES/WCH,0,Yes
WCH_SCAN_COMP,SAS,VND,vendor,2,0.18,Goal,Root/div/vendor,WCH_SCAN_COMP/VND/SAS,1,No
WCH_SCAN_COMP,WCH,SAS,function,3,100.0,Goal,Root/div/vendor/function,WCH_SCAN_COMP/VND/SAS/WCH,0,Yes
WCH_SCAN_COMP,Savannah Airport Commission,VND,vendor,2,0.12,Goal,Root/div/vendor,WCH_SCAN_COMP/VND/Savannah Airport Commission,1,No
WCH_SCAN_COMP,WCH,Savannah Airport Commission,function,3,100.0,Goal,Root/div/vendor/function,WCH_SCAN_COMP/VND/Savannah Airport Commission/WCH,0,Yes
WCH_SCAN_COMP,Security Associates Limited,VND,vendor,2,0.27,Goal,Root/div/vendor,WCH_SCAN_COMP/VND/Security Associates Limited,1,No
WCH_SCAN_COMP,WCH,Security Associates Limited,function,3,100.0,Goal,Root/div/vendor/function,WCH_SCAN_COMP/VND/Security Associates Limited/WCH,0,Yes
WCH_SCAN_COMP,SERVAIR,VND,vendor,2,0.05,Goal,Root/div/vendor,WCH_SCAN_COMP/VND/SERVAIR,1,No
WCH_SCAN_COMP,WCH,SERVAIR,function,3,100.0,Goal,Root/div/vendor/function,WCH_SCAN_COMP/VND/SERVAIR/WCH,0,Yes
WCH_SCAN_COMP,SERVICIOS A.T.,VND,vendor,2,0.01,Goal,Root/div/vendor,WCH_SCAN_COMP/VND/SERVICIOS A.T.,1,No
WCH_SCAN_COMP,WCH,SERVICIOS A.T.,function,3,100.0,Goal,Root/div/vendor/function,WCH_SCAN_COMP/VND/SERVICIOS A.T./WCH,0,Yes
WCH_SCAN_COMP,SHP,VND,vendor,2,0.34,Goal,Root/div/vendor,WCH_SCAN_COMP/VND/SHP,1,No
WCH_SCAN_COMP,WCH,SHP,function,3,100.0,Goal,Root/div/vendor/function,WCH_SCAN_COMP/VND/SHP/WCH,0,Yes
WCH_SCAN_COMP,SIERRA AVIATION GROUP - ONT,VND,vendor,2,0.03,Goal,Root/div/vendor,WCH_SCAN_COMP/VND/SIERRA AVIATION GROUP - ONT,1,No
WCH_SCAN_COMP,WCH,SIERRA AVIATION GROUP - ONT,function,3,100.0,Goal,Root/div/vendor/function,WCH_SCAN_COMP/VND/SIERRA AVIATION GROUP - ONT/WCH,0,Yes
WCH_SCAN_COMP,SKGS,VND,vendor,2,0.08,Goal,Root/div/vendor,WCH_SCAN_COMP/VND/SKGS,1,No
WCH_SCAN_COMP,WCH,SKGS,function,3,100.0,Goal,Root/div/vendor/function,WCH_SCAN_COMP/VND/SKGS/WCH,0,Yes
WCH_SCAN_COMP,SkyWest,VND,vendor,2,0.29,Goal,Root/div/vendor,WCH_SCAN_COMP/VND/SkyWest,1,No
WCH_SCAN_COMP,WCH,SkyWest,function,3,100.0,Goal,Root/div/vendor/function,WCH_SCAN_COMP/VND/SkyWest/WCH,0,Yes
WCH_SCAN_COMP,Strachan,VND,vendor,2,0.13,Goal,Root/div/vendor,WCH_SCAN_COMP/VND/Strachan,1,No
WCH_SCAN_COMP,WCH,Strachan,function,3,100.0,Goal,Root/div/vendor/function,WCH_SCAN_COMP/VND/Strachan/WCH,0,Yes
WCH_SCAN_COMP,STREAMLINE AIRPORT SERVICES,VND,vendor,2,0.16,Goal,Root/div/vendor,WCH_SCAN_COMP/VND/STREAMLINE AIRPORT SERVICES,1,No
WCH_SCAN_COMP,WCH,STREAMLINE AIRPORT SERVICES,function,3,100.0,Goal,Root/div/vendor/function,WCH_SCAN_COMP/VND/STREAMLINE AIRPORT SERVICES/WCH,0,Yes
WCH_SCAN_COMP,"SUPERIOR AIRCRAFT SERVICES, INC.",VND,vendor,2,0.0,Goal,Root/div/vendor,"WCH_SCAN_COMP/VND/SUPERIOR AIRCRAFT SERVICES, INC.",1,No
WCH_SCAN_COMP,WCH,"SUPERIOR AIRCRAFT SERVICES, INC.",function,3,100.0,Goal,Root/div/vendor/function,"WCH_SCAN_COMP/VND/SUPERIOR AIRCRAFT SERVICES, INC./WCH",0,Yes
WCH_SCAN_COMP,Swissport,VND,vendor,2,0.35,Goal,Root/div/vendor,WCH_SCAN_COMP/VND/Swissport,1,No
WCH_SCAN_COMP,WCH,Swissport,function,3,100.0,Goal,Root/div/vendor/function,WCH_SCAN_COMP/VND/Swissport/WCH,0,Yes
WCH_SCAN_COMP,Talma,VND,vendor,2,0.25,Goal,Root/div/vendor,WCH_SCAN_COMP/VND/Talma,1,No
WCH_SCAN_COMP,WCH,Talma,function,3,100.0,Goal,Root/div/vendor/function,WCH_SCAN_COMP/VND/Talma/WCH,0,Yes
WCH_SCAN_COMP,Tecnologias Unidas,VND,vendor,2,0.04,Goal,Root/div/vendor,WCH_SCAN_COMP/VND/Tecnologias Unidas,1,No
WCH_SCAN_COMP,WCH,Tecnologias Unidas,function,3,100.0,Goal,Root/div/vendor/function,WCH_SCAN_COMP/VND/Tecnologias Unidas/WCH,0,Yes
WCH_SCAN_COMP,Treasure,VND,vendor,2,0.29,Goal,Root/div/vendor,WCH_SCAN_COMP/VND/Treasure,1,No
WCH_SCAN_COMP,WCH,Treasure,function,3,100.0,Goal,Root/div/vendor/function,WCH_SCAN_COMP/VND/Treasure/WCH,0,Yes
WCH_SCAN_COMP,TriStar,VND,vendor,2,0.05,Goal,Root/div/vendor,WCH_SCAN_COMP/VND/TriStar,1,No
WCH_SCAN_COMP,WCH,TriStar,function,3,100.0,Goal,Root/div/vendor/function,WCH_SCAN_COMP/VND/TriStar/WCH,0,Yes
WCH_SCAN_COMP,Unifi,VND,vendor,2,0.18,Goal,Root/div/vendor,WCH_SCAN_COMP/VND/Unifi,1,No
WCH_SCAN_COMP,WCH,Unifi,function,3,100.0,Goal,Root/div/vendor/function,WCH_SCAN_COMP/VND/Unifi/WCH,0,Yes
WCH_SCAN_COMP,US Aviation,VND,vendor,2,0.35,Goal,Root/div/vendor,WCH_SCAN_COMP/VND/US Aviation,1,No
WCH_SCAN_COMP,WCH,US Aviation,function,3,100.0,Goal,Root/div/vendor/function,WCH_SCAN_COMP/VND/US Aviation/WCH,0,Yes
WCH_SCAN_COMP,Valley International Airport Ground Handling Services,VND,vendor,2,0.16,Goal,Root/div/vendor,WCH_SCAN_COMP/VND/Valley International Airport Ground Handling Services,1,No
WCH_SCAN_COMP,WCH,Valley International Airport Ground Handling Services,function,3,100.0,Goal,Root/div/vendor/function,WCH_SCAN_COMP/VND/Valley International Airport Ground Handling Services/WCH,0,Yes
WCH_SCAN_COMP,Warren,VND,vendor,2,0.36,Goal,Root/div/vendor,WCH_SCAN_COMP/VND/Warren,1,No
WCH_SCAN_COMP,WCH,Warren,function,3,100.0,Goal,Root/div/vendor/function,WCH_SCAN_COMP/VND/Warren/WCH,0,Yes
WCH_SCAN_COMP,WFS -Worldwide Flight Services,VND,vendor,2,0.31,Goal,Root/div/vendor,WCH_SCAN_COMP/VND/WFS -Worldwide Flight Services,1,No
WCH_SCAN_COMP,WCH,WFS -Worldwide Flight Services,function,3,100.0,Goal,Root/div/vendor/function,WCH_SCAN_COMP/VND/WFS -Worldwide Flight Services/WCH,0,Yes
WCH_SCAN_COMP,WISAG Aviation,VND,vendor,2,0.1,Goal,Root/div/vendor,WCH_SCAN_COMP/VND/WISAG Aviation,1,No
WCH_SCAN_COMP,WCH,WISAG Aviation,function,3,100.0,Goal,Root/div/vendor/function,WCH_SCAN_COMP/VND/WISAG Aviation/WCH,0,Yes
WCH_SCAN_COMP,Wisag,VND,vendor,2,0.34,Goal,Root/div/vendor,WCH_SCAN_COMP/VND/Wisag,1,No
WCH_SCAN_COMP,WCH,Wisag,function,3,100.0,Goal,Root/div/vendor/function,WCH_SCAN_COMP/VND/Wisag/WCH,0,Yes
WCH_SCAN_COMP,Wright Brothers,VND,vendor,2,0.03,Goal,Root/div/vendor,WCH_SCAN_COMP/VND/Wright Brothers,1,No
WCH_SCAN_COMP,WCH,Wright Brothers,function,3,100.0,Goal,Root/div/vendor/function,WCH_SCAN_COMP/VND/Wright Brothers/WCH,0,Yes
