KPI,Node Name,Parent,Category,Tier,Contribution,Target/Goal,Category Path,Node Path,Child Count,Leaf
WCH_PUSH_3MIN,WCH_PUSH_3MIN,,Root,0,1,Goal,Root,WCH_PUSH_3MIN,1,No
WCH_PUSH_3MIN,VND,WCH_PUSH_3MIN,div,1,100.0,Goal,Root/div,WCH_PUSH_3MIN/VND,507,No
WCH_PUSH_3MIN,",null,",VND,station,2,0.19,Goal,Root/div/station,"WCH_PUSH_3MIN/VND/,null,",2,No
WCH_PUSH_3MIN,",null,",",null,",vendor,3,69.02,Goal,Root/div/station/vendor,"WCH_PUSH_3MIN/VND/,null,/,null,",1,No
WCH_PUSH_3MIN,WCH,",null,",function,4,100.0,Goal,Root/div/station/vendor/function,"WCH_PUSH_3MIN/VND/,null,/,null,/WCH",0,Yes
WCH_PUSH_3MIN,WCH,",null,",function,3,30.98,Goal,Root/div/station/function,"WCH_PUSH_3MIN/VND/,null,/WCH",0,Yes
WCH_PUSH_3MIN,ABE,VND,station,2,0.34,Goal,Root/div/station,WCH_PUSH_3MIN/VND/ABE,2,No
WCH_PUSH_3MIN,",null,",ABE,vendor,3,81.01,Goal,Root/div/station/vendor,"WCH_PUSH_3MIN/VND/ABE/,null,",1,No
WCH_PUSH_3MIN,WCH,",null,",function,4,100.0,Goal,Root/div/station/vendor/function,"WCH_PUSH_3MIN/VND/ABE/,null,/WCH",0,Yes
WCH_PUSH_3MIN,Unifi,ABE,vendor,3,18.99,Goal,Root/div/station/vendor,WCH_PUSH_3MIN/VND/ABE/Unifi,1,No
WCH_PUSH_3MIN,WCH,Unifi,function,4,100.0,Goal,Root/div/station/vendor/function,WCH_PUSH_3MIN/VND/ABE/Unifi/WCH,0,Yes
WCH_PUSH_3MIN,ABQ,VND,station,2,0.1,Goal,Root/div/station,WCH_PUSH_3MIN/VND/ABQ,2,No
WCH_PUSH_3MIN,",null,",ABQ,vendor,3,47.6,Goal,Root/div/station/vendor,"WCH_PUSH_3MIN/VND/ABQ/,null,",1,No
WCH_PUSH_3MIN,WCH,",null,",function,4,100.0,Goal,Root/div/station/vendor/function,"WCH_PUSH_3MIN/VND/ABQ/,null,/WCH",0,Yes
WCH_PUSH_3MIN,PrimeFlight,ABQ,vendor,3,52.4,Goal,Root/div/station/vendor,WCH_PUSH_3MIN/VND/ABQ/PrimeFlight,1,No
WCH_PUSH_3MIN,WCH,PrimeFlight,function,4,100.0,Goal,Root/div/station/vendor/function,WCH_PUSH_3MIN/VND/ABQ/PrimeFlight/WCH,0,Yes
WCH_PUSH_3MIN,ABR,VND,station,2,0.09,Goal,Root/div/station,WCH_PUSH_3MIN/VND/ABR,2,No
WCH_PUSH_3MIN,",null,",ABR,vendor,3,9.85,Goal,Root/div/station/vendor,"WCH_PUSH_3MIN/VND/ABR/,null,",1,No
WCH_PUSH_3MIN,WCH,",null,",function,4,100.0,Goal,Root/div/station/vendor/function,"WCH_PUSH_3MIN/VND/ABR/,null,/WCH",0,Yes
WCH_PUSH_3MIN,Unifi,ABR,vendor,3,90.15,Goal,Root/div/station/vendor,WCH_PUSH_3MIN/VND/ABR/Unifi,1,No
WCH_PUSH_3MIN,WCH,Unifi,function,4,100.0,Goal,Root/div/station/vendor/function,WCH_PUSH_3MIN/VND/ABR/Unifi/WCH,0,Yes
WCH_PUSH_3MIN,ABY,VND,station,2,0.12,Goal,Root/div/station,WCH_PUSH_3MIN/VND/ABY,2,No
WCH_PUSH_3MIN,G2,ABY,vendor,3,54.02,Goal,Root/div/station/vendor,WCH_PUSH_3MIN/VND/ABY/G2,1,No
WCH_PUSH_3MIN,WCH,G2,function,4,100.0,Goal,Root/div/station/vendor/function,WCH_PUSH_3MIN/VND/ABY/G2/WCH,0,Yes
WCH_PUSH_3MIN,Menzies Aviation,ABY,vendor,3,45.98,Goal,Root/div/station/vendor,WCH_PUSH_3MIN/VND/ABY/Menzies Aviation,1,No
WCH_PUSH_3MIN,WCH,Menzies Aviation,function,4,100.0,Goal,Root/div/station/vendor/function,WCH_PUSH_3MIN/VND/ABY/Menzies Aviation/WCH,0,Yes
WCH_PUSH_3MIN,ACC,VND,station,2,0.38,Goal,Root/div/station,WCH_PUSH_3MIN/VND/ACC,2,No
WCH_PUSH_3MIN,AHS,ACC,vendor,3,29.29,Goal,Root/div/station/vendor,WCH_PUSH_3MIN/VND/ACC/AHS,1,No
WCH_PUSH_3MIN,WCH,AHS,function,4,100.0,Goal,Root/div/station/vendor/function,WCH_PUSH_3MIN/VND/ACC/AHS/WCH,0,Yes
WCH_PUSH_3MIN,Aviance,ACC,vendor,3,70.71,Goal,Root/div/station/vendor,WCH_PUSH_3MIN/VND/ACC/Aviance,1,No
WCH_PUSH_3MIN,WCH,Aviance,function,4,100.0,Goal,Root/div/station/vendor/function,WCH_PUSH_3MIN/VND/ACC/Aviance/WCH,0,Yes
WCH_PUSH_3MIN,ACK,VND,station,2,0.19,Goal,Root/div/station,WCH_PUSH_3MIN/VND/ACK,1,No
WCH_PUSH_3MIN,Unifi,ACK,vendor,3,100.0,Goal,Root/div/station/vendor,WCH_PUSH_3MIN/VND/ACK/Unifi,1,No
WCH_PUSH_3MIN,WCH,Unifi,function,4,100.0,Goal,Root/div/station/vendor/function,WCH_PUSH_3MIN/VND/ACK/Unifi/WCH,0,Yes
WCH_PUSH_3MIN,AEX,VND,station,2,0.34,Goal,Root/div/station,WCH_PUSH_3MIN/VND/AEX,2,No
WCH_PUSH_3MIN,",null,",AEX,vendor,3,60.7,Goal,Root/div/station/vendor,"WCH_PUSH_3MIN/VND/AEX/,null,",1,No
WCH_PUSH_3MIN,WCH,",null,",function,4,100.0,Goal,Root/div/station/vendor/function,"WCH_PUSH_3MIN/VND/AEX/,null,/WCH",0,Yes
WCH_PUSH_3MIN,Unifi,AEX,vendor,3,39.3,Goal,Root/div/station/vendor,WCH_PUSH_3MIN/VND/AEX/Unifi,1,No
WCH_PUSH_3MIN,WCH,Unifi,function,4,100.0,Goal,Root/div/station/vendor/function,WCH_PUSH_3MIN/VND/AEX/Unifi/WCH,0,Yes
WCH_PUSH_3MIN,AGP,VND,station,2,0.04,Goal,Root/div/station,WCH_PUSH_3MIN/VND/AGP,1,No
WCH_PUSH_3MIN,Airport,AGP,vendor,3,100.0,Goal,Root/div/station/vendor,WCH_PUSH_3MIN/VND/AGP/Airport,1,No
WCH_PUSH_3MIN,WCH,Airport,function,4,100.0,Goal,Root/div/station/vendor/function,WCH_PUSH_3MIN/VND/AGP/Airport/WCH,0,Yes
WCH_PUSH_3MIN,AGS,VND,station,2,0.11,Goal,Root/div/station,WCH_PUSH_3MIN/VND/AGS,1,No
WCH_PUSH_3MIN,Airport,AGS,vendor,3,100.0,Goal,Root/div/station/vendor,WCH_PUSH_3MIN/VND/AGS/Airport,1,No
WCH_PUSH_3MIN,WCH,Airport,function,4,100.0,Goal,Root/div/station/vendor/function,WCH_PUSH_3MIN/VND/AGS/Airport/WCH,0,Yes
WCH_PUSH_3MIN,AKL,VND,station,2,0.33,Goal,Root/div/station,WCH_PUSH_3MIN/VND/AKL,2,No
WCH_PUSH_3MIN,Menzies Aviation,AKL,vendor,3,55.6,Goal,Root/div/station/vendor,WCH_PUSH_3MIN/VND/AKL/Menzies Aviation,1,No
WCH_PUSH_3MIN,WCH,Menzies Aviation,function,4,100.0,Goal,Root/div/station/vendor/function,WCH_PUSH_3MIN/VND/AKL/Menzies Aviation/WCH,0,Yes
WCH_PUSH_3MIN,Swissport,AKL,vendor,3,44.4,Goal,Root/div/station/vendor,WCH_PUSH_3MIN/VND/AKL/Swissport,1,No
WCH_PUSH_3MIN,WCH,Swissport,function,4,100.0,Goal,Root/div/station/vendor/function,WCH_PUSH_3MIN/VND/AKL/Swissport/WCH,0,Yes
WCH_PUSH_3MIN,ALB,VND,station,2,0.04,Goal,Root/div/station,WCH_PUSH_3MIN/VND/ALB,2,No
WCH_PUSH_3MIN,",null,",ALB,vendor,3,53.21,Goal,Root/div/station/vendor,"WCH_PUSH_3MIN/VND/ALB/,null,",1,No
WCH_PUSH_3MIN,WCH,",null,",function,4,100.0,Goal,Root/div/station/vendor/function,"WCH_PUSH_3MIN/VND/ALB/,null,/WCH",0,Yes
WCH_PUSH_3MIN,PrimeFlight,ALB,vendor,3,46.79,Goal,Root/div/station/vendor,WCH_PUSH_3MIN/VND/ALB/PrimeFlight,1,No
WCH_PUSH_3MIN,WCH,PrimeFlight,function,4,100.0,Goal,Root/div/station/vendor/function,WCH_PUSH_3MIN/VND/ALB/PrimeFlight/WCH,0,Yes
WCH_PUSH_3MIN,AMS,VND,station,2,0.37,Goal,Root/div/station,WCH_PUSH_3MIN/VND/AMS,1,No
WCH_PUSH_3MIN,Airport,AMS,vendor,3,100.0,Goal,Root/div/station/vendor,WCH_PUSH_3MIN/VND/AMS/Airport,1,No
WCH_PUSH_3MIN,WCH,Airport,function,4,100.0,Goal,Root/div/station/vendor/function,WCH_PUSH_3MIN/VND/AMS/Airport/WCH,0,Yes
WCH_PUSH_3MIN,ANC,VND,station,2,0.16,Goal,Root/div/station,WCH_PUSH_3MIN/VND/ANC,3,No
WCH_PUSH_3MIN,",null,",ANC,vendor,3,30.4,Goal,Root/div/station/vendor,"WCH_PUSH_3MIN/VND/ANC/,null,",1,No
WCH_PUSH_3MIN,WCH,",null,",function,4,100.0,Goal,Root/div/station/vendor/function,"WCH_PUSH_3MIN/VND/ANC/,null,/WCH",0,Yes
WCH_PUSH_3MIN,HUNTLEIGH USA CORP,ANC,vendor,3,31.26,Goal,Root/div/station/vendor,WCH_PUSH_3MIN/VND/ANC/HUNTLEIGH USA CORP,1,No
WCH_PUSH_3MIN,WCH,HUNTLEIGH USA CORP,function,4,100.0,Goal,Root/div/station/vendor/function,WCH_PUSH_3MIN/VND/ANC/HUNTLEIGH USA CORP/WCH,0,Yes
WCH_PUSH_3MIN,Unifi,ANC,vendor,3,38.339999999999996,Goal,Root/div/station/vendor,WCH_PUSH_3MIN/VND/ANC/Unifi,1,No
WCH_PUSH_3MIN,WCH,Unifi,function,4,100.0,Goal,Root/div/station/vendor/function,WCH_PUSH_3MIN/VND/ANC/Unifi/WCH,0,Yes
WCH_PUSH_3MIN,ANU,VND,station,2,0.37,Goal,Root/div/station,WCH_PUSH_3MIN/VND/ANU,1,No
WCH_PUSH_3MIN,Dispatch Services Antigua,ANU,vendor,3,100.0,Goal,Root/div/station/vendor,WCH_PUSH_3MIN/VND/ANU/Dispatch Services Antigua,1,No
WCH_PUSH_3MIN,WCH,Dispatch Services Antigua,function,4,100.0,Goal,Root/div/station/vendor/function,WCH_PUSH_3MIN/VND/ANU/Dispatch Services Antigua/WCH,0,Yes
WCH_PUSH_3MIN,APN,VND,station,2,0.28,Goal,Root/div/station,WCH_PUSH_3MIN/VND/APN,2,No
WCH_PUSH_3MIN,",null,",APN,vendor,3,45.33,Goal,Root/div/station/vendor,"WCH_PUSH_3MIN/VND/APN/,null,",1,No
WCH_PUSH_3MIN,WCH,",null,",function,4,100.0,Goal,Root/div/station/vendor/function,"WCH_PUSH_3MIN/VND/APN/,null,/WCH",0,Yes
WCH_PUSH_3MIN,Unifi,APN,vendor,3,54.67,Goal,Root/div/station/vendor,WCH_PUSH_3MIN/VND/APN/Unifi,1,No
WCH_PUSH_3MIN,WCH,Unifi,function,4,100.0,Goal,Root/div/station/vendor/function,WCH_PUSH_3MIN/VND/APN/Unifi/WCH,0,Yes
WCH_PUSH_3MIN,ASE,VND,station,2,0.11,Goal,Root/div/station,WCH_PUSH_3MIN/VND/ASE,1,No
WCH_PUSH_3MIN,SkyWest,ASE,vendor,3,100.0,Goal,Root/div/station/vendor,WCH_PUSH_3MIN/VND/ASE/SkyWest,1,No
WCH_PUSH_3MIN,WCH,SkyWest,function,4,100.0,Goal,Root/div/station/vendor/function,WCH_PUSH_3MIN/VND/ASE/SkyWest/WCH,0,Yes
WCH_PUSH_3MIN,ATH,VND,station,2,0.17,Goal,Root/div/station,WCH_PUSH_3MIN/VND/ATH,1,No
WCH_PUSH_3MIN,Airport,ATH,vendor,3,100.0,Goal,Root/div/station/vendor,WCH_PUSH_3MIN/VND/ATH/Airport,1,No
WCH_PUSH_3MIN,WCH,Airport,function,4,100.0,Goal,Root/div/station/vendor/function,WCH_PUSH_3MIN/VND/ATH/Airport/WCH,0,Yes
WCH_PUSH_3MIN,ATL,VND,station,2,0.26,Goal,Root/div/station,WCH_PUSH_3MIN/VND/ATL,2,No
WCH_PUSH_3MIN,",null,",ATL,vendor,3,89.31,Goal,Root/div/station/vendor,"WCH_PUSH_3MIN/VND/ATL/,null,",1,No
WCH_PUSH_3MIN,WCH,",null,",function,4,100.0,Goal,Root/div/station/vendor/function,"WCH_PUSH_3MIN/VND/ATL/,null,/WCH",0,Yes
WCH_PUSH_3MIN,Unifi,ATL,vendor,3,10.69,Goal,Root/div/station/vendor,WCH_PUSH_3MIN/VND/ATL/Unifi,1,No
WCH_PUSH_3MIN,WCH,Unifi,function,4,100.0,Goal,Root/div/station/vendor/function,WCH_PUSH_3MIN/VND/ATL/Unifi/WCH,0,Yes
WCH_PUSH_3MIN,ATW,VND,station,2,0.14,Goal,Root/div/station,WCH_PUSH_3MIN/VND/ATW,2,No
WCH_PUSH_3MIN,",null,",ATW,vendor,3,23.6,Goal,Root/div/station/vendor,"WCH_PUSH_3MIN/VND/ATW/,null,",1,No
WCH_PUSH_3MIN,WCH,",null,",function,4,100.0,Goal,Root/div/station/vendor/function,"WCH_PUSH_3MIN/VND/ATW/,null,/WCH",0,Yes
WCH_PUSH_3MIN,Unifi,ATW,vendor,3,76.4,Goal,Root/div/station/vendor,WCH_PUSH_3MIN/VND/ATW/Unifi,1,No
WCH_PUSH_3MIN,WCH,Unifi,function,4,100.0,Goal,Root/div/station/vendor/function,WCH_PUSH_3MIN/VND/ATW/Unifi/WCH,0,Yes
WCH_PUSH_3MIN,AUA,VND,station,2,0.25,Goal,Root/div/station,WCH_PUSH_3MIN/VND/AUA,1,No
WCH_PUSH_3MIN,General Air Services N.V.,AUA,vendor,3,100.0,Goal,Root/div/station/vendor,WCH_PUSH_3MIN/VND/AUA/General Air Services N.V.,1,No
WCH_PUSH_3MIN,WCH,General Air Services N.V.,function,4,100.0,Goal,Root/div/station/vendor/function,WCH_PUSH_3MIN/VND/AUA/General Air Services N.V./WCH,0,Yes
WCH_PUSH_3MIN,AUS,VND,station,2,0.34,Goal,Root/div/station,WCH_PUSH_3MIN/VND/AUS,4,No
WCH_PUSH_3MIN,",null,",AUS,vendor,3,28.35,Goal,Root/div/station/vendor,"WCH_PUSH_3MIN/VND/AUS/,null,",1,No
WCH_PUSH_3MIN,WCH,",null,",function,4,100.0,Goal,Root/div/station/vendor/function,"WCH_PUSH_3MIN/VND/AUS/,null,/WCH",0,Yes
WCH_PUSH_3MIN,HUNTLEIGH USA CORP,AUS,vendor,3,34.43,Goal,Root/div/station/vendor,WCH_PUSH_3MIN/VND/AUS/HUNTLEIGH USA CORP,1,No
WCH_PUSH_3MIN,WCH,HUNTLEIGH USA CORP,function,4,100.0,Goal,Root/div/station/vendor/function,WCH_PUSH_3MIN/VND/AUS/HUNTLEIGH USA CORP/WCH,0,Yes
WCH_PUSH_3MIN,Prospect,AUS,vendor,3,2.29,Goal,Root/div/station/vendor,WCH_PUSH_3MIN/VND/AUS/Prospect,1,No
WCH_PUSH_3MIN,WCH,Prospect,function,4,100.0,Goal,Root/div/station/vendor/function,WCH_PUSH_3MIN/VND/AUS/Prospect/WCH,0,Yes
WCH_PUSH_3MIN,Unifi,AUS,vendor,3,34.93,Goal,Root/div/station/vendor,WCH_PUSH_3MIN/VND/AUS/Unifi,1,No
WCH_PUSH_3MIN,WCH,Unifi,function,4,100.0,Goal,Root/div/station/vendor/function,WCH_PUSH_3MIN/VND/AUS/Unifi/WCH,0,Yes
WCH_PUSH_3MIN,AVL,VND,station,2,0.13,Goal,Root/div/station,WCH_PUSH_3MIN/VND/AVL,1,No
WCH_PUSH_3MIN,Unifi,AVL,vendor,3,100.0,Goal,Root/div/station/vendor,WCH_PUSH_3MIN/VND/AVL/Unifi,1,No
WCH_PUSH_3MIN,WCH,Unifi,function,4,100.0,Goal,Root/div/station/vendor/function,WCH_PUSH_3MIN/VND/AVL/Unifi/WCH,0,Yes
WCH_PUSH_3MIN,AVP,VND,station,2,0.13,Goal,Root/div/station,WCH_PUSH_3MIN/VND/AVP,1,No
WCH_PUSH_3MIN,Unifi,AVP,vendor,3,100.0,Goal,Root/div/station/vendor,WCH_PUSH_3MIN/VND/AVP/Unifi,1,No
WCH_PUSH_3MIN,WCH,Unifi,function,4,100.0,Goal,Root/div/station/vendor/function,WCH_PUSH_3MIN/VND/AVP/Unifi/WCH,0,Yes
WCH_PUSH_3MIN,AZO,VND,station,2,0.04,Goal,Root/div/station,WCH_PUSH_3MIN/VND/AZO,1,No
WCH_PUSH_3MIN,Unifi,AZO,vendor,3,100.0,Goal,Root/div/station/vendor,WCH_PUSH_3MIN/VND/AZO/Unifi,1,No
WCH_PUSH_3MIN,WCH,Unifi,function,4,100.0,Goal,Root/div/station/vendor/function,WCH_PUSH_3MIN/VND/AZO/Unifi/WCH,0,Yes
WCH_PUSH_3MIN,BCN,VND,station,2,0.03,Goal,Root/div/station,WCH_PUSH_3MIN/VND/BCN,1,No
WCH_PUSH_3MIN,Airport,BCN,vendor,3,100.0,Goal,Root/div/station/vendor,WCH_PUSH_3MIN/VND/BCN/Airport,1,No
WCH_PUSH_3MIN,WCH,Airport,function,4,100.0,Goal,Root/div/station/vendor/function,WCH_PUSH_3MIN/VND/BCN/Airport/WCH,0,Yes
WCH_PUSH_3MIN,BDA,VND,station,2,0.3,Goal,Root/div/station,WCH_PUSH_3MIN/VND/BDA,1,No
WCH_PUSH_3MIN,Security Associates Limited,BDA,vendor,3,100.0,Goal,Root/div/station/vendor,WCH_PUSH_3MIN/VND/BDA/Security Associates Limited,1,No
WCH_PUSH_3MIN,WCH,Security Associates Limited,function,4,100.0,Goal,Root/div/station/vendor/function,WCH_PUSH_3MIN/VND/BDA/Security Associates Limited/WCH,0,Yes
WCH_PUSH_3MIN,BDL,VND,station,2,0.03,Goal,Root/div/station,WCH_PUSH_3MIN/VND/BDL,5,No
WCH_PUSH_3MIN,",null,",BDL,vendor,3,6.7,Goal,Root/div/station/vendor,"WCH_PUSH_3MIN/VND/BDL/,null,",1,No
WCH_PUSH_3MIN,WCH,",null,",function,4,100.0,Goal,Root/div/station/vendor/function,"WCH_PUSH_3MIN/VND/BDL/,null,/WCH",0,Yes
WCH_PUSH_3MIN,AIRWAY CLEANERS LLC,BDL,vendor,3,40.09,Goal,Root/div/station/vendor,WCH_PUSH_3MIN/VND/BDL/AIRWAY CLEANERS LLC,1,No
WCH_PUSH_3MIN,WCH,AIRWAY CLEANERS LLC,function,4,100.0,Goal,Root/div/station/vendor/function,WCH_PUSH_3MIN/VND/BDL/AIRWAY CLEANERS LLC/WCH,0,Yes
WCH_PUSH_3MIN,G2,BDL,vendor,3,31.39,Goal,Root/div/station/vendor,WCH_PUSH_3MIN/VND/BDL/G2,1,No
WCH_PUSH_3MIN,WCH,G2,function,4,100.0,Goal,Root/div/station/vendor/function,WCH_PUSH_3MIN/VND/BDL/G2/WCH,0,Yes
WCH_PUSH_3MIN,GAT,BDL,vendor,3,6.73,Goal,Root/div/station/vendor,WCH_PUSH_3MIN/VND/BDL/GAT,1,No
WCH_PUSH_3MIN,WCH,GAT,function,4,100.0,Goal,Root/div/station/vendor/function,WCH_PUSH_3MIN/VND/BDL/GAT/WCH,0,Yes
WCH_PUSH_3MIN,Menzies Aviation,BDL,vendor,3,15.09,Goal,Root/div/station/vendor,WCH_PUSH_3MIN/VND/BDL/Menzies Aviation,1,No
WCH_PUSH_3MIN,WCH,Menzies Aviation,function,4,100.0,Goal,Root/div/station/vendor/function,WCH_PUSH_3MIN/VND/BDL/Menzies Aviation/WCH,0,Yes
WCH_PUSH_3MIN,BGM,VND,station,2,0.23,Goal,Root/div/station,WCH_PUSH_3MIN/VND/BGM,4,No
WCH_PUSH_3MIN,",null,",BGM,vendor,3,1.68,Goal,Root/div/station/vendor,"WCH_PUSH_3MIN/VND/BGM/,null,",1,No
WCH_PUSH_3MIN,WCH,",null,",function,4,100.0,Goal,Root/div/station/vendor/function,"WCH_PUSH_3MIN/VND/BGM/,null,/WCH",0,Yes
WCH_PUSH_3MIN,G2,BGM,vendor,3,31.05,Goal,Root/div/station/vendor,WCH_PUSH_3MIN/VND/BGM/G2,1,No
WCH_PUSH_3MIN,WCH,G2,function,4,100.0,Goal,Root/div/station/vendor/function,WCH_PUSH_3MIN/VND/BGM/G2/WCH,0,Yes
WCH_PUSH_3MIN,Menzies Aviation,BGM,vendor,3,19.85,Goal,Root/div/station/vendor,WCH_PUSH_3MIN/VND/BGM/Menzies Aviation,1,No
WCH_PUSH_3MIN,WCH,Menzies Aviation,function,4,100.0,Goal,Root/div/station/vendor/function,WCH_PUSH_3MIN/VND/BGM/Menzies Aviation/WCH,0,Yes
WCH_PUSH_3MIN,SkyWest,BGM,vendor,3,47.42,Goal,Root/div/station/vendor,WCH_PUSH_3MIN/VND/BGM/SkyWest,1,No
WCH_PUSH_3MIN,WCH,SkyWest,function,4,100.0,Goal,Root/div/station/vendor/function,WCH_PUSH_3MIN/VND/BGM/SkyWest/WCH,0,Yes
WCH_PUSH_3MIN,BGR,VND,station,2,0.02,Goal,Root/div/station,WCH_PUSH_3MIN/VND/BGR,1,No
WCH_PUSH_3MIN,Unifi,BGR,vendor,3,100.0,Goal,Root/div/station/vendor,WCH_PUSH_3MIN/VND/BGR/Unifi,1,No
WCH_PUSH_3MIN,WCH,Unifi,function,4,100.0,Goal,Root/div/station/vendor/function,WCH_PUSH_3MIN/VND/BGR/Unifi/WCH,0,Yes
WCH_PUSH_3MIN,BHM,VND,station,2,0.29,Goal,Root/div/station,WCH_PUSH_3MIN/VND/BHM,2,No
WCH_PUSH_3MIN,",null,",BHM,vendor,3,97.52,Goal,Root/div/station/vendor,"WCH_PUSH_3MIN/VND/BHM/,null,",1,No
WCH_PUSH_3MIN,WCH,",null,",function,4,100.0,Goal,Root/div/station/vendor/function,"WCH_PUSH_3MIN/VND/BHM/,null,/WCH",0,Yes
WCH_PUSH_3MIN,HUNTLEIGH USA CORP,BHM,vendor,3,2.48,Goal,Root/div/station/vendor,WCH_PUSH_3MIN/VND/BHM/HUNTLEIGH USA CORP,1,No
WCH_PUSH_3MIN,WCH,HUNTLEIGH USA CORP,function,4,100.0,Goal,Root/div/station/vendor/function,WCH_PUSH_3MIN/VND/BHM/HUNTLEIGH USA CORP/WCH,0,Yes
WCH_PUSH_3MIN,BIL,VND,station,2,0.15,Goal,Root/div/station,WCH_PUSH_3MIN/VND/BIL,2,No
WCH_PUSH_3MIN,",null,",BIL,vendor,3,57.79,Goal,Root/div/station/vendor,"WCH_PUSH_3MIN/VND/BIL/,null,",1,No
WCH_PUSH_3MIN,WCH,",null,",function,4,100.0,Goal,Root/div/station/vendor/function,"WCH_PUSH_3MIN/VND/BIL/,null,/WCH",0,Yes
WCH_PUSH_3MIN,Unifi,BIL,vendor,3,42.21,Goal,Root/div/station/vendor,WCH_PUSH_3MIN/VND/BIL/Unifi,1,No
WCH_PUSH_3MIN,WCH,Unifi,function,4,100.0,Goal,Root/div/station/vendor/function,WCH_PUSH_3MIN/VND/BIL/Unifi/WCH,0,Yes
WCH_PUSH_3MIN,BIS,VND,station,2,0.26,Goal,Root/div/station,WCH_PUSH_3MIN/VND/BIS,1,No
WCH_PUSH_3MIN,Unifi,BIS,vendor,3,100.0,Goal,Root/div/station/vendor,WCH_PUSH_3MIN/VND/BIS/Unifi,1,No
WCH_PUSH_3MIN,WCH,Unifi,function,4,100.0,Goal,Root/div/station/vendor/function,WCH_PUSH_3MIN/VND/BIS/Unifi/WCH,0,Yes
WCH_PUSH_3MIN,BJI,VND,station,2,0.16,Goal,Root/div/station,WCH_PUSH_3MIN/VND/BJI,2,No
WCH_PUSH_3MIN,",null,",BJI,vendor,3,57.73,Goal,Root/div/station/vendor,"WCH_PUSH_3MIN/VND/BJI/,null,",1,No
WCH_PUSH_3MIN,WCH,",null,",function,4,100.0,Goal,Root/div/station/vendor/function,"WCH_PUSH_3MIN/VND/BJI/,null,/WCH",0,Yes
WCH_PUSH_3MIN,Unifi,BJI,vendor,3,42.27,Goal,Root/div/station/vendor,WCH_PUSH_3MIN/VND/BJI/Unifi,1,No
WCH_PUSH_3MIN,WCH,Unifi,function,4,100.0,Goal,Root/div/station/vendor/function,WCH_PUSH_3MIN/VND/BJI/Unifi/WCH,0,Yes
WCH_PUSH_3MIN,BMI,VND,station,2,0.24,Goal,Root/div/station,WCH_PUSH_3MIN/VND/BMI,2,No
WCH_PUSH_3MIN,",null,",BMI,vendor,3,47.99,Goal,Root/div/station/vendor,"WCH_PUSH_3MIN/VND/BMI/,null,",1,No
WCH_PUSH_3MIN,WCH,",null,",function,4,100.0,Goal,Root/div/station/vendor/function,"WCH_PUSH_3MIN/VND/BMI/,null,/WCH",0,Yes
WCH_PUSH_3MIN,Unifi,BMI,vendor,3,52.01,Goal,Root/div/station/vendor,WCH_PUSH_3MIN/VND/BMI/Unifi,1,No
WCH_PUSH_3MIN,WCH,Unifi,function,4,100.0,Goal,Root/div/station/vendor/function,WCH_PUSH_3MIN/VND/BMI/Unifi/WCH,0,Yes
WCH_PUSH_3MIN,BNA,VND,station,2,0.1,Goal,Root/div/station,WCH_PUSH_3MIN/VND/BNA,3,No
WCH_PUSH_3MIN,",null,",BNA,vendor,3,70.07,Goal,Root/div/station/vendor,"WCH_PUSH_3MIN/VND/BNA/,null,",1,No
WCH_PUSH_3MIN,WCH,",null,",function,4,100.0,Goal,Root/div/station/vendor/function,"WCH_PUSH_3MIN/VND/BNA/,null,/WCH",0,Yes
WCH_PUSH_3MIN,Prospect,BNA,vendor,3,20.23,Goal,Root/div/station/vendor,WCH_PUSH_3MIN/VND/BNA/Prospect,1,No
WCH_PUSH_3MIN,WCH,Prospect,function,4,100.0,Goal,Root/div/station/vendor/function,WCH_PUSH_3MIN/VND/BNA/Prospect/WCH,0,Yes
WCH_PUSH_3MIN,Unifi,BNA,vendor,3,9.7,Goal,Root/div/station/vendor,WCH_PUSH_3MIN/VND/BNA/Unifi,1,No
WCH_PUSH_3MIN,WCH,Unifi,function,4,100.0,Goal,Root/div/station/vendor/function,WCH_PUSH_3MIN/VND/BNA/Unifi/WCH,0,Yes
WCH_PUSH_3MIN,BNE,VND,station,2,0.13,Goal,Root/div/station,WCH_PUSH_3MIN/VND/BNE,1,No
WCH_PUSH_3MIN,dnata,BNE,vendor,3,100.0,Goal,Root/div/station/vendor,WCH_PUSH_3MIN/VND/BNE/dnata,1,No
WCH_PUSH_3MIN,WCH,dnata,function,4,100.0,Goal,Root/div/station/vendor/function,WCH_PUSH_3MIN/VND/BNE/dnata/WCH,0,Yes
WCH_PUSH_3MIN,BOG,VND,station,2,0.27,Goal,Root/div/station,WCH_PUSH_3MIN/VND/BOG,2,No
WCH_PUSH_3MIN,Avianca Servicios,BOG,vendor,3,86.4,Goal,Root/div/station/vendor,WCH_PUSH_3MIN/VND/BOG/Avianca Servicios,1,No
WCH_PUSH_3MIN,WCH,Avianca Servicios,function,4,100.0,Goal,Root/div/station/vendor/function,WCH_PUSH_3MIN/VND/BOG/Avianca Servicios/WCH,0,Yes
WCH_PUSH_3MIN,SAI,BOG,vendor,3,13.6,Goal,Root/div/station/vendor,WCH_PUSH_3MIN/VND/BOG/SAI,1,No
WCH_PUSH_3MIN,WCH,SAI,function,4,100.0,Goal,Root/div/station/vendor/function,WCH_PUSH_3MIN/VND/BOG/SAI/WCH,0,Yes
WCH_PUSH_3MIN,BOI,VND,station,2,0.12,Goal,Root/div/station,WCH_PUSH_3MIN/VND/BOI,2,No
WCH_PUSH_3MIN,",null,",BOI,vendor,3,59.94,Goal,Root/div/station/vendor,"WCH_PUSH_3MIN/VND/BOI/,null,",1,No
WCH_PUSH_3MIN,WCH,",null,",function,4,100.0,Goal,Root/div/station/vendor/function,"WCH_PUSH_3MIN/VND/BOI/,null,/WCH",0,Yes
WCH_PUSH_3MIN,STREAMLINE AIRPORT SERVICES,BOI,vendor,3,40.06,Goal,Root/div/station/vendor,WCH_PUSH_3MIN/VND/BOI/STREAMLINE AIRPORT SERVICES,1,No
WCH_PUSH_3MIN,WCH,STREAMLINE AIRPORT SERVICES,function,4,100.0,Goal,Root/div/station/vendor/function,WCH_PUSH_3MIN/VND/BOI/STREAMLINE AIRPORT SERVICES/WCH,0,Yes
WCH_PUSH_3MIN,BOM,VND,station,2,0.29,Goal,Root/div/station,WCH_PUSH_3MIN/VND/BOM,1,No
WCH_PUSH_3MIN,Bird Worldwide Flight Service Mumbai Pvt. Ltd,BOM,vendor,3,100.0,Goal,Root/div/station/vendor,WCH_PUSH_3MIN/VND/BOM/Bird Worldwide Flight Service Mumbai Pvt. Ltd,1,No
WCH_PUSH_3MIN,WCH,Bird Worldwide Flight Service Mumbai Pvt. Ltd,function,4,100.0,Goal,Root/div/station/vendor/function,WCH_PUSH_3MIN/VND/BOM/Bird Worldwide Flight Service Mumbai Pvt. Ltd/WCH,0,Yes
WCH_PUSH_3MIN,BON,VND,station,2,0.03,Goal,Root/div/station,WCH_PUSH_3MIN/VND/BON,1,No
WCH_PUSH_3MIN,Air Handling Services Bonaire NV,BON,vendor,3,100.0,Goal,Root/div/station/vendor,WCH_PUSH_3MIN/VND/BON/Air Handling Services Bonaire NV,1,No
WCH_PUSH_3MIN,WCH,Air Handling Services Bonaire NV,function,4,100.0,Goal,Root/div/station/vendor/function,WCH_PUSH_3MIN/VND/BON/Air Handling Services Bonaire NV/WCH,0,Yes
WCH_PUSH_3MIN,BOS,VND,station,2,0.32,Goal,Root/div/station,WCH_PUSH_3MIN/VND/BOS,4,No
WCH_PUSH_3MIN,",null,",BOS,vendor,3,19.4,Goal,Root/div/station/vendor,"WCH_PUSH_3MIN/VND/BOS/,null,",1,No
WCH_PUSH_3MIN,WCH,",null,",function,4,100.0,Goal,Root/div/station/vendor/function,"WCH_PUSH_3MIN/VND/BOS/,null,/WCH",0,Yes
WCH_PUSH_3MIN,G2,BOS,vendor,3,19.84,Goal,Root/div/station/vendor,WCH_PUSH_3MIN/VND/BOS/G2,1,No
WCH_PUSH_3MIN,WCH,G2,function,4,100.0,Goal,Root/div/station/vendor/function,WCH_PUSH_3MIN/VND/BOS/G2/WCH,0,Yes
WCH_PUSH_3MIN,Menzies Aviation,BOS,vendor,3,32.91,Goal,Root/div/station/vendor,WCH_PUSH_3MIN/VND/BOS/Menzies Aviation,1,No
WCH_PUSH_3MIN,WCH,Menzies Aviation,function,4,100.0,Goal,Root/div/station/vendor/function,WCH_PUSH_3MIN/VND/BOS/Menzies Aviation/WCH,0,Yes
WCH_PUSH_3MIN,Unifi,BOS,vendor,3,27.85,Goal,Root/div/station/vendor,WCH_PUSH_3MIN/VND/BOS/Unifi,1,No
WCH_PUSH_3MIN,WCH,Unifi,function,4,100.0,Goal,Root/div/station/vendor/function,WCH_PUSH_3MIN/VND/BOS/Unifi/WCH,0,Yes
WCH_PUSH_3MIN,BQK,VND,station,2,0.34,Goal,Root/div/station,WCH_PUSH_3MIN/VND/BQK,2,No
WCH_PUSH_3MIN,G2,BQK,vendor,3,98.72,Goal,Root/div/station/vendor,WCH_PUSH_3MIN/VND/BQK/G2,1,No
WCH_PUSH_3MIN,WCH,G2,function,4,100.0,Goal,Root/div/station/vendor/function,WCH_PUSH_3MIN/VND/BQK/G2/WCH,0,Yes
WCH_PUSH_3MIN,Menzies Aviation,BQK,vendor,3,1.28,Goal,Root/div/station/vendor,WCH_PUSH_3MIN/VND/BQK/Menzies Aviation,1,No
WCH_PUSH_3MIN,WCH,Menzies Aviation,function,4,100.0,Goal,Root/div/station/vendor/function,WCH_PUSH_3MIN/VND/BQK/Menzies Aviation/WCH,0,Yes
WCH_PUSH_3MIN,BRD,VND,station,2,0.33,Goal,Root/div/station,WCH_PUSH_3MIN/VND/BRD,1,No
WCH_PUSH_3MIN,Unifi,BRD,vendor,3,100.0,Goal,Root/div/station/vendor,WCH_PUSH_3MIN/VND/BRD/Unifi,1,No
WCH_PUSH_3MIN,WCH,Unifi,function,4,100.0,Goal,Root/div/station/vendor/function,WCH_PUSH_3MIN/VND/BRD/Unifi/WCH,0,Yes
WCH_PUSH_3MIN,BRU,VND,station,2,0.37,Goal,Root/div/station,WCH_PUSH_3MIN/VND/BRU,1,No
WCH_PUSH_3MIN,Airport,BRU,vendor,3,100.0,Goal,Root/div/station/vendor,WCH_PUSH_3MIN/VND/BRU/Airport,1,No
WCH_PUSH_3MIN,WCH,Airport,function,4,100.0,Goal,Root/div/station/vendor/function,WCH_PUSH_3MIN/VND/BRU/Airport/WCH,0,Yes
WCH_PUSH_3MIN,BTM,VND,station,2,0.04,Goal,Root/div/station,WCH_PUSH_3MIN/VND/BTM,1,No
WCH_PUSH_3MIN,SkyWest,BTM,vendor,3,100.0,Goal,Root/div/station/vendor,WCH_PUSH_3MIN/VND/BTM/SkyWest,1,No
WCH_PUSH_3MIN,WCH,SkyWest,function,4,100.0,Goal,Root/div/station/vendor/function,WCH_PUSH_3MIN/VND/BTM/SkyWest/WCH,0,Yes
WCH_PUSH_3MIN,BTR,VND,station,2,0.2,Goal,Root/div/station,WCH_PUSH_3MIN/VND/BTR,3,No
WCH_PUSH_3MIN,",null,",BTR,vendor,3,2.76,Goal,Root/div/station/vendor,"WCH_PUSH_3MIN/VND/BTR/,null,",1,No
WCH_PUSH_3MIN,WCH,",null,",function,4,100.0,Goal,Root/div/station/vendor/function,"WCH_PUSH_3MIN/VND/BTR/,null,/WCH",0,Yes
WCH_PUSH_3MIN,GAT,BTR,vendor,3,39.29,Goal,Root/div/station/vendor,WCH_PUSH_3MIN/VND/BTR/GAT,1,No
WCH_PUSH_3MIN,WCH,GAT,function,4,100.0,Goal,Root/div/station/vendor/function,WCH_PUSH_3MIN/VND/BTR/GAT/WCH,0,Yes
WCH_PUSH_3MIN,Unifi,BTR,vendor,3,57.95,Goal,Root/div/station/vendor,WCH_PUSH_3MIN/VND/BTR/Unifi,1,No
WCH_PUSH_3MIN,WCH,Unifi,function,4,100.0,Goal,Root/div/station/vendor/function,WCH_PUSH_3MIN/VND/BTR/Unifi/WCH,0,Yes
WCH_PUSH_3MIN,BTV,VND,station,2,0.22,Goal,Root/div/station,WCH_PUSH_3MIN/VND/BTV,2,No
WCH_PUSH_3MIN,",null,",BTV,vendor,3,42.26,Goal,Root/div/station/vendor,"WCH_PUSH_3MIN/VND/BTV/,null,",1,No
WCH_PUSH_3MIN,WCH,",null,",function,4,100.0,Goal,Root/div/station/vendor/function,"WCH_PUSH_3MIN/VND/BTV/,null,/WCH",0,Yes
WCH_PUSH_3MIN,Unifi,BTV,vendor,3,57.74,Goal,Root/div/station/vendor,WCH_PUSH_3MIN/VND/BTV/Unifi,1,No
WCH_PUSH_3MIN,WCH,Unifi,function,4,100.0,Goal,Root/div/station/vendor/function,WCH_PUSH_3MIN/VND/BTV/Unifi/WCH,0,Yes
WCH_PUSH_3MIN,BUF,VND,station,2,0.26,Goal,Root/div/station,WCH_PUSH_3MIN/VND/BUF,2,No
WCH_PUSH_3MIN,",null,",BUF,vendor,3,9.49,Goal,Root/div/station/vendor,"WCH_PUSH_3MIN/VND/BUF/,null,",1,No
WCH_PUSH_3MIN,WCH,",null,",function,4,100.0,Goal,Root/div/station/vendor/function,"WCH_PUSH_3MIN/VND/BUF/,null,/WCH",0,Yes
WCH_PUSH_3MIN,PrimeFlight,BUF,vendor,3,90.51,Goal,Root/div/station/vendor,WCH_PUSH_3MIN/VND/BUF/PrimeFlight,1,No
WCH_PUSH_3MIN,WCH,PrimeFlight,function,4,100.0,Goal,Root/div/station/vendor/function,WCH_PUSH_3MIN/VND/BUF/PrimeFlight/WCH,0,Yes
WCH_PUSH_3MIN,BUR,VND,station,2,0.16,Goal,Root/div/station,WCH_PUSH_3MIN/VND/BUR,2,No
WCH_PUSH_3MIN,",null,",BUR,vendor,3,67.95,Goal,Root/div/station/vendor,"WCH_PUSH_3MIN/VND/BUR/,null,",1,No
WCH_PUSH_3MIN,WCH,",null,",function,4,100.0,Goal,Root/div/station/vendor/function,"WCH_PUSH_3MIN/VND/BUR/,null,/WCH",0,Yes
WCH_PUSH_3MIN,GAT,BUR,vendor,3,32.05,Goal,Root/div/station/vendor,WCH_PUSH_3MIN/VND/BUR/GAT,1,No
WCH_PUSH_3MIN,WCH,GAT,function,4,100.0,Goal,Root/div/station/vendor/function,WCH_PUSH_3MIN/VND/BUR/GAT/WCH,0,Yes
WCH_PUSH_3MIN,BWI,VND,station,2,0.37,Goal,Root/div/station,WCH_PUSH_3MIN/VND/BWI,4,No
WCH_PUSH_3MIN,",null,",BWI,vendor,3,21.55,Goal,Root/div/station/vendor,"WCH_PUSH_3MIN/VND/BWI/,null,",1,No
WCH_PUSH_3MIN,WCH,",null,",function,4,100.0,Goal,Root/div/station/vendor/function,"WCH_PUSH_3MIN/VND/BWI/,null,/WCH",0,Yes
WCH_PUSH_3MIN,"Aviation, Prosegur Services Group, Inc.",BWI,vendor,3,29.97,Goal,Root/div/station/vendor,"WCH_PUSH_3MIN/VND/BWI/Aviation, Prosegur Services Group, Inc.",1,No
WCH_PUSH_3MIN,WCH,"Aviation, Prosegur Services Group, Inc.",function,4,100.0,Goal,Root/div/station/vendor/function,"WCH_PUSH_3MIN/VND/BWI/Aviation, Prosegur Services Group, Inc./WCH",0,Yes
WCH_PUSH_3MIN,HHS Aviation,BWI,vendor,3,15.67,Goal,Root/div/station/vendor,WCH_PUSH_3MIN/VND/BWI/HHS Aviation,1,No
WCH_PUSH_3MIN,WCH,HHS Aviation,function,4,100.0,Goal,Root/div/station/vendor/function,WCH_PUSH_3MIN/VND/BWI/HHS Aviation/WCH,0,Yes
WCH_PUSH_3MIN,Prospect,BWI,vendor,3,32.81,Goal,Root/div/station/vendor,WCH_PUSH_3MIN/VND/BWI/Prospect,1,No
WCH_PUSH_3MIN,WCH,Prospect,function,4,100.0,Goal,Root/div/station/vendor/function,WCH_PUSH_3MIN/VND/BWI/Prospect/WCH,0,Yes
WCH_PUSH_3MIN,BZE,VND,station,2,0.09,Goal,Root/div/station,WCH_PUSH_3MIN/VND/BZE,1,No
WCH_PUSH_3MIN,AeroDispatch,BZE,vendor,3,100.0,Goal,Root/div/station/vendor,WCH_PUSH_3MIN/VND/BZE/AeroDispatch,1,No
WCH_PUSH_3MIN,WCH,AeroDispatch,function,4,100.0,Goal,Root/div/station/vendor/function,WCH_PUSH_3MIN/VND/BZE/AeroDispatch/WCH,0,Yes
WCH_PUSH_3MIN,BZN,VND,station,2,0.13,Goal,Root/div/station,WCH_PUSH_3MIN/VND/BZN,2,No
WCH_PUSH_3MIN,",null,",BZN,vendor,3,61.46,Goal,Root/div/station/vendor,"WCH_PUSH_3MIN/VND/BZN/,null,",1,No
WCH_PUSH_3MIN,WCH,",null,",function,4,100.0,Goal,Root/div/station/vendor/function,"WCH_PUSH_3MIN/VND/BZN/,null,/WCH",0,Yes
WCH_PUSH_3MIN,Delta,BZN,vendor,3,38.54,Goal,Root/div/station/vendor,WCH_PUSH_3MIN/VND/BZN/Delta,1,No
WCH_PUSH_3MIN,WCH,Delta,function,4,100.0,Goal,Root/div/station/vendor/function,WCH_PUSH_3MIN/VND/BZN/Delta/WCH,0,Yes
WCH_PUSH_3MIN,CAE,VND,station,2,0.11,Goal,Root/div/station,WCH_PUSH_3MIN/VND/CAE,2,No
WCH_PUSH_3MIN,",null,",CAE,vendor,3,53.9,Goal,Root/div/station/vendor,"WCH_PUSH_3MIN/VND/CAE/,null,",1,No
WCH_PUSH_3MIN,WCH,",null,",function,4,100.0,Goal,Root/div/station/vendor/function,"WCH_PUSH_3MIN/VND/CAE/,null,/WCH",0,Yes
WCH_PUSH_3MIN,Unifi,CAE,vendor,3,46.1,Goal,Root/div/station/vendor,WCH_PUSH_3MIN/VND/CAE/Unifi,1,No
WCH_PUSH_3MIN,WCH,Unifi,function,4,100.0,Goal,Root/div/station/vendor/function,WCH_PUSH_3MIN/VND/CAE/Unifi/WCH,0,Yes
WCH_PUSH_3MIN,CAK,VND,station,2,0.33,Goal,Root/div/station,WCH_PUSH_3MIN/VND/CAK,1,No
WCH_PUSH_3MIN,Prospect,CAK,vendor,3,100.0,Goal,Root/div/station/vendor,WCH_PUSH_3MIN/VND/CAK/Prospect,1,No
WCH_PUSH_3MIN,WCH,Prospect,function,4,100.0,Goal,Root/div/station/vendor/function,WCH_PUSH_3MIN/VND/CAK/Prospect/WCH,0,Yes
WCH_PUSH_3MIN,CDC,VND,station,2,0.25,Goal,Root/div/station,WCH_PUSH_3MIN/VND/CDC,1,No
WCH_PUSH_3MIN,SkyWest,CDC,vendor,3,100.0,Goal,Root/div/station/vendor,WCH_PUSH_3MIN/VND/CDC/SkyWest,1,No
WCH_PUSH_3MIN,WCH,SkyWest,function,4,100.0,Goal,Root/div/station/vendor/function,WCH_PUSH_3MIN/VND/CDC/SkyWest/WCH,0,Yes
WCH_PUSH_3MIN,CDG,VND,station,2,0.08,Goal,Root/div/station,WCH_PUSH_3MIN/VND/CDG,1,No
WCH_PUSH_3MIN,Airport,CDG,vendor,3,100.0,Goal,Root/div/station/vendor,WCH_PUSH_3MIN/VND/CDG/Airport,1,No
WCH_PUSH_3MIN,WCH,Airport,function,4,100.0,Goal,Root/div/station/vendor/function,WCH_PUSH_3MIN/VND/CDG/Airport/WCH,0,Yes
WCH_PUSH_3MIN,CHA,VND,station,2,0.18,Goal,Root/div/station,WCH_PUSH_3MIN/VND/CHA,1,No
WCH_PUSH_3MIN,Unifi,CHA,vendor,3,100.0,Goal,Root/div/station/vendor,WCH_PUSH_3MIN/VND/CHA/Unifi,1,No
WCH_PUSH_3MIN,WCH,Unifi,function,4,100.0,Goal,Root/div/station/vendor/function,WCH_PUSH_3MIN/VND/CHA/Unifi/WCH,0,Yes
WCH_PUSH_3MIN,CHO,VND,station,2,0.3,Goal,Root/div/station,WCH_PUSH_3MIN/VND/CHO,2,No
WCH_PUSH_3MIN,",null,",CHO,vendor,3,60.25,Goal,Root/div/station/vendor,"WCH_PUSH_3MIN/VND/CHO/,null,",1,No
WCH_PUSH_3MIN,WCH,",null,",function,4,100.0,Goal,Root/div/station/vendor/function,"WCH_PUSH_3MIN/VND/CHO/,null,/WCH",0,Yes
WCH_PUSH_3MIN,Unifi,CHO,vendor,3,39.75,Goal,Root/div/station/vendor,WCH_PUSH_3MIN/VND/CHO/Unifi,1,No
WCH_PUSH_3MIN,WCH,Unifi,function,4,100.0,Goal,Root/div/station/vendor/function,WCH_PUSH_3MIN/VND/CHO/Unifi/WCH,0,Yes
WCH_PUSH_3MIN,CHS,VND,station,2,0.03,Goal,Root/div/station,WCH_PUSH_3MIN/VND/CHS,4,No
WCH_PUSH_3MIN,",null,",CHS,vendor,3,4.79,Goal,Root/div/station/vendor,"WCH_PUSH_3MIN/VND/CHS/,null,",1,No
WCH_PUSH_3MIN,WCH,",null,",function,4,100.0,Goal,Root/div/station/vendor/function,"WCH_PUSH_3MIN/VND/CHS/,null,/WCH",0,Yes
WCH_PUSH_3MIN,"Flight Services & Systems, Inc.",CHS,vendor,3,28.46,Goal,Root/div/station/vendor,"WCH_PUSH_3MIN/VND/CHS/Flight Services & Systems, Inc.",1,No
WCH_PUSH_3MIN,WCH,"Flight Services & Systems, Inc.",function,4,100.0,Goal,Root/div/station/vendor/function,"WCH_PUSH_3MIN/VND/CHS/Flight Services & Systems, Inc./WCH",0,Yes
WCH_PUSH_3MIN,G2,CHS,vendor,3,35.29,Goal,Root/div/station/vendor,WCH_PUSH_3MIN/VND/CHS/G2,1,No
WCH_PUSH_3MIN,WCH,G2,function,4,100.0,Goal,Root/div/station/vendor/function,WCH_PUSH_3MIN/VND/CHS/G2/WCH,0,Yes
WCH_PUSH_3MIN,Menzies Aviation,CHS,vendor,3,31.46,Goal,Root/div/station/vendor,WCH_PUSH_3MIN/VND/CHS/Menzies Aviation,1,No
WCH_PUSH_3MIN,WCH,Menzies Aviation,function,4,100.0,Goal,Root/div/station/vendor/function,WCH_PUSH_3MIN/VND/CHS/Menzies Aviation/WCH,0,Yes
WCH_PUSH_3MIN,CID,VND,station,2,0.08,Goal,Root/div/station,WCH_PUSH_3MIN/VND/CID,2,No
WCH_PUSH_3MIN,",null,",CID,vendor,3,39.42,Goal,Root/div/station/vendor,"WCH_PUSH_3MIN/VND/CID/,null,",1,No
WCH_PUSH_3MIN,WCH,",null,",function,4,100.0,Goal,Root/div/station/vendor/function,"WCH_PUSH_3MIN/VND/CID/,null,/WCH",0,Yes
WCH_PUSH_3MIN,Unifi,CID,vendor,3,60.58,Goal,Root/div/station/vendor,WCH_PUSH_3MIN/VND/CID/Unifi,1,No
WCH_PUSH_3MIN,WCH,Unifi,function,4,100.0,Goal,Root/div/station/vendor/function,WCH_PUSH_3MIN/VND/CID/Unifi/WCH,0,Yes
WCH_PUSH_3MIN,CIU,VND,station,2,0.34,Goal,Root/div/station,WCH_PUSH_3MIN/VND/CIU,2,No
WCH_PUSH_3MIN,",null,",CIU,vendor,3,18.99,Goal,Root/div/station/vendor,"WCH_PUSH_3MIN/VND/CIU/,null,",1,No
WCH_PUSH_3MIN,WCH,",null,",function,4,100.0,Goal,Root/div/station/vendor/function,"WCH_PUSH_3MIN/VND/CIU/,null,/WCH",0,Yes
WCH_PUSH_3MIN,Unifi,CIU,vendor,3,81.01,Goal,Root/div/station/vendor,WCH_PUSH_3MIN/VND/CIU/Unifi,1,No
WCH_PUSH_3MIN,WCH,Unifi,function,4,100.0,Goal,Root/div/station/vendor/function,WCH_PUSH_3MIN/VND/CIU/Unifi/WCH,0,Yes
WCH_PUSH_3MIN,CLE,VND,station,2,0.38,Goal,Root/div/station,WCH_PUSH_3MIN/VND/CLE,4,No
WCH_PUSH_3MIN,",null,",CLE,vendor,3,21.99,Goal,Root/div/station/vendor,"WCH_PUSH_3MIN/VND/CLE/,null,",1,No
WCH_PUSH_3MIN,WCH,",null,",function,4,100.0,Goal,Root/div/station/vendor/function,"WCH_PUSH_3MIN/VND/CLE/,null,/WCH",0,Yes
WCH_PUSH_3MIN,ABM,CLE,vendor,3,25.82,Goal,Root/div/station/vendor,WCH_PUSH_3MIN/VND/CLE/ABM,1,No
WCH_PUSH_3MIN,WCH,ABM,function,4,100.0,Goal,Root/div/station/vendor/function,WCH_PUSH_3MIN/VND/CLE/ABM/WCH,0,Yes
WCH_PUSH_3MIN,Prospect,CLE,vendor,3,26.56,Goal,Root/div/station/vendor,WCH_PUSH_3MIN/VND/CLE/Prospect,1,No
WCH_PUSH_3MIN,WCH,Prospect,function,4,100.0,Goal,Root/div/station/vendor/function,WCH_PUSH_3MIN/VND/CLE/Prospect/WCH,0,Yes
WCH_PUSH_3MIN,Unifi,CLE,vendor,3,25.63,Goal,Root/div/station/vendor,WCH_PUSH_3MIN/VND/CLE/Unifi,1,No
WCH_PUSH_3MIN,WCH,Unifi,function,4,100.0,Goal,Root/div/station/vendor/function,WCH_PUSH_3MIN/VND/CLE/Unifi/WCH,0,Yes
WCH_PUSH_3MIN,CLT,VND,station,2,0.03,Goal,Root/div/station,WCH_PUSH_3MIN/VND/CLT,4,No
WCH_PUSH_3MIN,",null,",CLT,vendor,3,27.89,Goal,Root/div/station/vendor,"WCH_PUSH_3MIN/VND/CLT/,null,",1,No
WCH_PUSH_3MIN,WCH,",null,",function,4,100.0,Goal,Root/div/station/vendor/function,"WCH_PUSH_3MIN/VND/CLT/,null,/WCH",0,Yes
WCH_PUSH_3MIN,G2,CLT,vendor,3,27.91,Goal,Root/div/station/vendor,WCH_PUSH_3MIN/VND/CLT/G2,1,No
WCH_PUSH_3MIN,WCH,G2,function,4,100.0,Goal,Root/div/station/vendor/function,WCH_PUSH_3MIN/VND/CLT/G2/WCH,0,Yes
WCH_PUSH_3MIN,"GATEWAY SECURITY, INC.",CLT,vendor,3,16.75,Goal,Root/div/station/vendor,"WCH_PUSH_3MIN/VND/CLT/GATEWAY SECURITY, INC.",1,No
WCH_PUSH_3MIN,WCH,"GATEWAY SECURITY, INC.",function,4,100.0,Goal,Root/div/station/vendor/function,"WCH_PUSH_3MIN/VND/CLT/GATEWAY SECURITY, INC./WCH",0,Yes
WCH_PUSH_3MIN,Menzies Aviation,CLT,vendor,3,27.45,Goal,Root/div/station/vendor,WCH_PUSH_3MIN/VND/CLT/Menzies Aviation,1,No
WCH_PUSH_3MIN,WCH,Menzies Aviation,function,4,100.0,Goal,Root/div/station/vendor/function,WCH_PUSH_3MIN/VND/CLT/Menzies Aviation/WCH,0,Yes
WCH_PUSH_3MIN,CMH,VND,station,2,0.0,Goal,Root/div/station,WCH_PUSH_3MIN/VND/CMH,4,No
WCH_PUSH_3MIN,",null,",CMH,vendor,3,25.55,Goal,Root/div/station/vendor,"WCH_PUSH_3MIN/VND/CMH/,null,",1,No
WCH_PUSH_3MIN,WCH,",null,",function,4,100.0,Goal,Root/div/station/vendor/function,"WCH_PUSH_3MIN/VND/CMH/,null,/WCH",0,Yes
WCH_PUSH_3MIN,HUNTLEIGH USA CORP,CMH,vendor,3,29.24,Goal,Root/div/station/vendor,WCH_PUSH_3MIN/VND/CMH/HUNTLEIGH USA CORP,1,No
WCH_PUSH_3MIN,WCH,HUNTLEIGH USA CORP,function,4,100.0,Goal,Root/div/station/vendor/function,WCH_PUSH_3MIN/VND/CMH/HUNTLEIGH USA CORP/WCH,0,Yes
WCH_PUSH_3MIN,Prospect,CMH,vendor,3,16.71,Goal,Root/div/station/vendor,WCH_PUSH_3MIN/VND/CMH/Prospect,1,No
WCH_PUSH_3MIN,WCH,Prospect,function,4,100.0,Goal,Root/div/station/vendor/function,WCH_PUSH_3MIN/VND/CMH/Prospect/WCH,0,Yes
WCH_PUSH_3MIN,Unifi,CMH,vendor,3,28.5,Goal,Root/div/station/vendor,WCH_PUSH_3MIN/VND/CMH/Unifi,1,No
WCH_PUSH_3MIN,WCH,Unifi,function,4,100.0,Goal,Root/div/station/vendor/function,WCH_PUSH_3MIN/VND/CMH/Unifi/WCH,0,Yes
WCH_PUSH_3MIN,COD,VND,station,2,0.34,Goal,Root/div/station,WCH_PUSH_3MIN/VND/COD,1,No
WCH_PUSH_3MIN,SkyWest,COD,vendor,3,100.0,Goal,Root/div/station/vendor,WCH_PUSH_3MIN/VND/COD/SkyWest,1,No
WCH_PUSH_3MIN,WCH,SkyWest,function,4,100.0,Goal,Root/div/station/vendor/function,WCH_PUSH_3MIN/VND/COD/SkyWest/WCH,0,Yes
WCH_PUSH_3MIN,COS,VND,station,2,0.07,Goal,Root/div/station,WCH_PUSH_3MIN/VND/COS,2,No
WCH_PUSH_3MIN,",null,",COS,vendor,3,60.66,Goal,Root/div/station/vendor,"WCH_PUSH_3MIN/VND/COS/,null,",1,No
WCH_PUSH_3MIN,WCH,",null,",function,4,100.0,Goal,Root/div/station/vendor/function,"WCH_PUSH_3MIN/VND/COS/,null,/WCH",0,Yes
WCH_PUSH_3MIN,HUNTLEIGH USA CORP,COS,vendor,3,39.34,Goal,Root/div/station/vendor,WCH_PUSH_3MIN/VND/COS/HUNTLEIGH USA CORP,1,No
WCH_PUSH_3MIN,WCH,HUNTLEIGH USA CORP,function,4,100.0,Goal,Root/div/station/vendor/function,WCH_PUSH_3MIN/VND/COS/HUNTLEIGH USA CORP/WCH,0,Yes
WCH_PUSH_3MIN,CPH,VND,station,2,0.38,Goal,Root/div/station,WCH_PUSH_3MIN/VND/CPH,1,No
WCH_PUSH_3MIN,Airport,CPH,vendor,3,100.0,Goal,Root/div/station/vendor,WCH_PUSH_3MIN/VND/CPH/Airport,1,No
WCH_PUSH_3MIN,WCH,Airport,function,4,100.0,Goal,Root/div/station/vendor/function,WCH_PUSH_3MIN/VND/CPH/Airport/WCH,0,Yes
WCH_PUSH_3MIN,CPR,VND,station,2,0.14,Goal,Root/div/station,WCH_PUSH_3MIN/VND/CPR,1,No
WCH_PUSH_3MIN,SkyWest,CPR,vendor,3,100.0,Goal,Root/div/station/vendor,WCH_PUSH_3MIN/VND/CPR/SkyWest,1,No
WCH_PUSH_3MIN,WCH,SkyWest,function,4,100.0,Goal,Root/div/station/vendor/function,WCH_PUSH_3MIN/VND/CPR/SkyWest/WCH,0,Yes
WCH_PUSH_3MIN,CPT,VND,station,2,0.27,Goal,Root/div/station,WCH_PUSH_3MIN/VND/CPT,1,No
WCH_PUSH_3MIN,Colossal,CPT,vendor,3,100.0,Goal,Root/div/station/vendor,WCH_PUSH_3MIN/VND/CPT/Colossal,1,No
WCH_PUSH_3MIN,WCH,Colossal,function,4,100.0,Goal,Root/div/station/vendor/function,WCH_PUSH_3MIN/VND/CPT/Colossal/WCH,0,Yes
WCH_PUSH_3MIN,CRW,VND,station,2,0.34,Goal,Root/div/station,WCH_PUSH_3MIN/VND/CRW,1,No
WCH_PUSH_3MIN,Unifi,CRW,vendor,3,100.0,Goal,Root/div/station/vendor,WCH_PUSH_3MIN/VND/CRW/Unifi,1,No
WCH_PUSH_3MIN,WCH,Unifi,function,4,100.0,Goal,Root/div/station/vendor/function,WCH_PUSH_3MIN/VND/CRW/Unifi/WCH,0,Yes
WCH_PUSH_3MIN,CSG,VND,station,2,0.16,Goal,Root/div/station,WCH_PUSH_3MIN/VND/CSG,1,No
WCH_PUSH_3MIN,Unifi,CSG,vendor,3,100.0,Goal,Root/div/station/vendor,WCH_PUSH_3MIN/VND/CSG/Unifi,1,No
WCH_PUSH_3MIN,WCH,Unifi,function,4,100.0,Goal,Root/div/station/vendor/function,WCH_PUSH_3MIN/VND/CSG/Unifi/WCH,0,Yes
WCH_PUSH_3MIN,CTA,VND,station,2,0.06,Goal,Root/div/station,WCH_PUSH_3MIN/VND/CTA,1,No
WCH_PUSH_3MIN,Airporto di Catania-Fontanarossa,CTA,vendor,3,100.0,Goal,Root/div/station/vendor,WCH_PUSH_3MIN/VND/CTA/Airporto di Catania-Fontanarossa,1,No
WCH_PUSH_3MIN,WCH,Airporto di Catania-Fontanarossa,function,4,100.0,Goal,Root/div/station/vendor/function,WCH_PUSH_3MIN/VND/CTA/Airporto di Catania-Fontanarossa/WCH,0,Yes
WCH_PUSH_3MIN,CTG,VND,station,2,0.11,Goal,Root/div/station,WCH_PUSH_3MIN/VND/CTG,2,No
WCH_PUSH_3MIN,Avianca Servicios,CTG,vendor,3,43.98,Goal,Root/div/station/vendor,WCH_PUSH_3MIN/VND/CTG/Avianca Servicios,1,No
WCH_PUSH_3MIN,WCH,Avianca Servicios,function,4,100.0,Goal,Root/div/station/vendor/function,WCH_PUSH_3MIN/VND/CTG/Avianca Servicios/WCH,0,Yes
WCH_PUSH_3MIN,SAI,CTG,vendor,3,56.02,Goal,Root/div/station/vendor,WCH_PUSH_3MIN/VND/CTG/SAI,1,No
WCH_PUSH_3MIN,WCH,SAI,function,4,100.0,Goal,Root/div/station/vendor/function,WCH_PUSH_3MIN/VND/CTG/SAI/WCH,0,Yes
WCH_PUSH_3MIN,CUN,VND,station,2,0.18,Goal,Root/div/station,WCH_PUSH_3MIN/VND/CUN,1,No
WCH_PUSH_3MIN,GDL GROUND HANDLING SADE CV,CUN,vendor,3,100.0,Goal,Root/div/station/vendor,WCH_PUSH_3MIN/VND/CUN/GDL GROUND HANDLING SADE CV,1,No
WCH_PUSH_3MIN,WCH,GDL GROUND HANDLING SADE CV,function,4,100.0,Goal,Root/div/station/vendor/function,WCH_PUSH_3MIN/VND/CUN/GDL GROUND HANDLING SADE CV/WCH,0,Yes
WCH_PUSH_3MIN,CUR,VND,station,2,0.34,Goal,Root/div/station,WCH_PUSH_3MIN/VND/CUR,1,No
WCH_PUSH_3MIN,Antillean Flight Services NV,CUR,vendor,3,100.0,Goal,Root/div/station/vendor,WCH_PUSH_3MIN/VND/CUR/Antillean Flight Services NV,1,No
WCH_PUSH_3MIN,WCH,Antillean Flight Services NV,function,4,100.0,Goal,Root/div/station/vendor/function,WCH_PUSH_3MIN/VND/CUR/Antillean Flight Services NV/WCH,0,Yes
WCH_PUSH_3MIN,CVG,VND,station,2,0.11,Goal,Root/div/station,WCH_PUSH_3MIN/VND/CVG,3,No
WCH_PUSH_3MIN,",null,",CVG,vendor,3,58.24,Goal,Root/div/station/vendor,"WCH_PUSH_3MIN/VND/CVG/,null,",1,No
WCH_PUSH_3MIN,WCH,",null,",function,4,100.0,Goal,Root/div/station/vendor/function,"WCH_PUSH_3MIN/VND/CVG/,null,/WCH",0,Yes
WCH_PUSH_3MIN,Prospect,CVG,vendor,3,24.46,Goal,Root/div/station/vendor,WCH_PUSH_3MIN/VND/CVG/Prospect,1,No
WCH_PUSH_3MIN,WCH,Prospect,function,4,100.0,Goal,Root/div/station/vendor/function,WCH_PUSH_3MIN/VND/CVG/Prospect/WCH,0,Yes
WCH_PUSH_3MIN,Unifi,CVG,vendor,3,17.3,Goal,Root/div/station/vendor,WCH_PUSH_3MIN/VND/CVG/Unifi,1,No
WCH_PUSH_3MIN,WCH,Unifi,function,4,100.0,Goal,Root/div/station/vendor/function,WCH_PUSH_3MIN/VND/CVG/Unifi/WCH,0,Yes
WCH_PUSH_3MIN,CWA,VND,station,2,0.24,Goal,Root/div/station,WCH_PUSH_3MIN/VND/CWA,1,No
WCH_PUSH_3MIN,Unifi,CWA,vendor,3,100.0,Goal,Root/div/station/vendor,WCH_PUSH_3MIN/VND/CWA/Unifi,1,No
WCH_PUSH_3MIN,WCH,Unifi,function,4,100.0,Goal,Root/div/station/vendor/function,WCH_PUSH_3MIN/VND/CWA/Unifi/WCH,0,Yes
WCH_PUSH_3MIN,CZM,VND,station,2,0.14,Goal,Root/div/station,WCH_PUSH_3MIN/VND/CZM,1,No
WCH_PUSH_3MIN,GDL GROUND HANDLING SA DE CV,CZM,vendor,3,100.0,Goal,Root/div/station/vendor,WCH_PUSH_3MIN/VND/CZM/GDL GROUND HANDLING SA DE CV,1,No
WCH_PUSH_3MIN,WCH,GDL GROUND HANDLING SA DE CV,function,4,100.0,Goal,Root/div/station/vendor/function,WCH_PUSH_3MIN/VND/CZM/GDL GROUND HANDLING SA DE CV/WCH,0,Yes
WCH_PUSH_3MIN,DAB,VND,station,2,0.33,Goal,Root/div/station,WCH_PUSH_3MIN/VND/DAB,4,No
WCH_PUSH_3MIN,",null,",DAB,vendor,3,16.73,Goal,Root/div/station/vendor,"WCH_PUSH_3MIN/VND/DAB/,null,",1,No
WCH_PUSH_3MIN,WCH,",null,",function,4,100.0,Goal,Root/div/station/vendor/function,"WCH_PUSH_3MIN/VND/DAB/,null,/WCH",0,Yes
WCH_PUSH_3MIN,COUNTY OF VOLUSIA,DAB,vendor,3,42.22,Goal,Root/div/station/vendor,WCH_PUSH_3MIN/VND/DAB/COUNTY OF VOLUSIA,1,No
WCH_PUSH_3MIN,WCH,COUNTY OF VOLUSIA,function,4,100.0,Goal,Root/div/station/vendor/function,WCH_PUSH_3MIN/VND/DAB/COUNTY OF VOLUSIA/WCH,0,Yes
WCH_PUSH_3MIN,G2,DAB,vendor,3,7.04,Goal,Root/div/station/vendor,WCH_PUSH_3MIN/VND/DAB/G2,1,No
WCH_PUSH_3MIN,WCH,G2,function,4,100.0,Goal,Root/div/station/vendor/function,WCH_PUSH_3MIN/VND/DAB/G2/WCH,0,Yes
WCH_PUSH_3MIN,Menzies Aviation,DAB,vendor,3,34.010000000000005,Goal,Root/div/station/vendor,WCH_PUSH_3MIN/VND/DAB/Menzies Aviation,1,No
WCH_PUSH_3MIN,WCH,Menzies Aviation,function,4,100.0,Goal,Root/div/station/vendor/function,WCH_PUSH_3MIN/VND/DAB/Menzies Aviation/WCH,0,Yes
WCH_PUSH_3MIN,DAL,VND,station,2,0.04,Goal,Root/div/station,WCH_PUSH_3MIN/VND/DAL,1,No
WCH_PUSH_3MIN,Unifi,DAL,vendor,3,100.0,Goal,Root/div/station/vendor,WCH_PUSH_3MIN/VND/DAL/Unifi,1,No
WCH_PUSH_3MIN,WCH,Unifi,function,4,100.0,Goal,Root/div/station/vendor/function,WCH_PUSH_3MIN/VND/DAL/Unifi/WCH,0,Yes
WCH_PUSH_3MIN,DAY,VND,station,2,0.39,Goal,Root/div/station,WCH_PUSH_3MIN/VND/DAY,3,No
WCH_PUSH_3MIN,",null,",DAY,vendor,3,15.76,Goal,Root/div/station/vendor,"WCH_PUSH_3MIN/VND/DAY/,null,",1,No
WCH_PUSH_3MIN,WCH,",null,",function,4,100.0,Goal,Root/div/station/vendor/function,"WCH_PUSH_3MIN/VND/DAY/,null,/WCH",0,Yes
WCH_PUSH_3MIN,HHS Aviation,DAY,vendor,3,27.5,Goal,Root/div/station/vendor,WCH_PUSH_3MIN/VND/DAY/HHS Aviation,1,No
WCH_PUSH_3MIN,WCH,HHS Aviation,function,4,100.0,Goal,Root/div/station/vendor/function,WCH_PUSH_3MIN/VND/DAY/HHS Aviation/WCH,0,Yes
WCH_PUSH_3MIN,Wright Brothers,DAY,vendor,3,56.74,Goal,Root/div/station/vendor,WCH_PUSH_3MIN/VND/DAY/Wright Brothers,1,No
WCH_PUSH_3MIN,WCH,Wright Brothers,function,4,100.0,Goal,Root/div/station/vendor/function,WCH_PUSH_3MIN/VND/DAY/Wright Brothers/WCH,0,Yes
WCH_PUSH_3MIN,DBV,VND,station,2,0.33,Goal,Root/div/station,WCH_PUSH_3MIN/VND/DBV,1,No
WCH_PUSH_3MIN,Dubrovnik Airport Ltd.,DBV,vendor,3,100.0,Goal,Root/div/station/vendor,WCH_PUSH_3MIN/VND/DBV/Dubrovnik Airport Ltd.,1,No
WCH_PUSH_3MIN,WCH,Dubrovnik Airport Ltd.,function,4,100.0,Goal,Root/div/station/vendor/function,WCH_PUSH_3MIN/VND/DBV/Dubrovnik Airport Ltd./WCH,0,Yes
WCH_PUSH_3MIN,DCA,VND,station,2,0.27,Goal,Root/div/station,WCH_PUSH_3MIN/VND/DCA,2,No
WCH_PUSH_3MIN,",null,",DCA,vendor,3,52.36,Goal,Root/div/station/vendor,"WCH_PUSH_3MIN/VND/DCA/,null,",1,No
WCH_PUSH_3MIN,WCH,",null,",function,4,100.0,Goal,Root/div/station/vendor/function,"WCH_PUSH_3MIN/VND/DCA/,null,/WCH",0,Yes
WCH_PUSH_3MIN,Eulen,DCA,vendor,3,47.64,Goal,Root/div/station/vendor,WCH_PUSH_3MIN/VND/DCA/Eulen,1,No
WCH_PUSH_3MIN,WCH,Eulen,function,4,100.0,Goal,Root/div/station/vendor/function,WCH_PUSH_3MIN/VND/DCA/Eulen/WCH,0,Yes
WCH_PUSH_3MIN,DEN,VND,station,2,0.11,Goal,Root/div/station,WCH_PUSH_3MIN/VND/DEN,4,No
WCH_PUSH_3MIN,",null,",DEN,vendor,3,42.72,Goal,Root/div/station/vendor,"WCH_PUSH_3MIN/VND/DEN/,null,",1,No
WCH_PUSH_3MIN,WCH,",null,",function,4,100.0,Goal,Root/div/station/vendor/function,"WCH_PUSH_3MIN/VND/DEN/,null,/WCH",0,Yes
WCH_PUSH_3MIN,Prospect,DEN,vendor,3,2.91,Goal,Root/div/station/vendor,WCH_PUSH_3MIN/VND/DEN/Prospect,1,No
WCH_PUSH_3MIN,WCH,Prospect,function,4,100.0,Goal,Root/div/station/vendor/function,WCH_PUSH_3MIN/VND/DEN/Prospect/WCH,0,Yes
WCH_PUSH_3MIN,S.A.S. SERVICES GROUP INC,DEN,vendor,3,29.08,Goal,Root/div/station/vendor,WCH_PUSH_3MIN/VND/DEN/S.A.S. SERVICES GROUP INC,1,No
WCH_PUSH_3MIN,WCH,S.A.S. SERVICES GROUP INC,function,4,100.0,Goal,Root/div/station/vendor/function,WCH_PUSH_3MIN/VND/DEN/S.A.S. SERVICES GROUP INC/WCH,0,Yes
WCH_PUSH_3MIN,Unifi,DEN,vendor,3,25.29,Goal,Root/div/station/vendor,WCH_PUSH_3MIN/VND/DEN/Unifi,1,No
WCH_PUSH_3MIN,WCH,Unifi,function,4,100.0,Goal,Root/div/station/vendor/function,WCH_PUSH_3MIN/VND/DEN/Unifi/WCH,0,Yes
WCH_PUSH_3MIN,DFW,VND,station,2,0.33,Goal,Root/div/station,WCH_PUSH_3MIN/VND/DFW,2,No
WCH_PUSH_3MIN,",null,",DFW,vendor,3,57.16,Goal,Root/div/station/vendor,"WCH_PUSH_3MIN/VND/DFW/,null,",1,No
WCH_PUSH_3MIN,WCH,",null,",function,4,100.0,Goal,Root/div/station/vendor/function,"WCH_PUSH_3MIN/VND/DFW/,null,/WCH",0,Yes
WCH_PUSH_3MIN,ABM,DFW,vendor,3,42.84,Goal,Root/div/station/vendor,WCH_PUSH_3MIN/VND/DFW/ABM,1,No
WCH_PUSH_3MIN,WCH,ABM,function,4,100.0,Goal,Root/div/station/vendor/function,WCH_PUSH_3MIN/VND/DFW/ABM/WCH,0,Yes
WCH_PUSH_3MIN,DHN,VND,station,2,0.1,Goal,Root/div/station,WCH_PUSH_3MIN/VND/DHN,2,No
WCH_PUSH_3MIN,G2,DHN,vendor,3,17.36,Goal,Root/div/station/vendor,WCH_PUSH_3MIN/VND/DHN/G2,1,No
WCH_PUSH_3MIN,WCH,G2,function,4,100.0,Goal,Root/div/station/vendor/function,WCH_PUSH_3MIN/VND/DHN/G2/WCH,0,Yes
WCH_PUSH_3MIN,Menzies Aviation,DHN,vendor,3,82.64,Goal,Root/div/station/vendor,WCH_PUSH_3MIN/VND/DHN/Menzies Aviation,1,No
WCH_PUSH_3MIN,WCH,Menzies Aviation,function,4,100.0,Goal,Root/div/station/vendor/function,WCH_PUSH_3MIN/VND/DHN/Menzies Aviation/WCH,0,Yes
WCH_PUSH_3MIN,DLH,VND,station,2,0.24,Goal,Root/div/station,WCH_PUSH_3MIN/VND/DLH,1,No
WCH_PUSH_3MIN,Unifi,DLH,vendor,3,100.0,Goal,Root/div/station/vendor,WCH_PUSH_3MIN/VND/DLH/Unifi,1,No
WCH_PUSH_3MIN,WCH,Unifi,function,4,100.0,Goal,Root/div/station/vendor/function,WCH_PUSH_3MIN/VND/DLH/Unifi/WCH,0,Yes
WCH_PUSH_3MIN,DRO,VND,station,2,0.24,Goal,Root/div/station,WCH_PUSH_3MIN/VND/DRO,1,No
WCH_PUSH_3MIN,",null,",DRO,vendor,3,100.0,Goal,Root/div/station/vendor,"WCH_PUSH_3MIN/VND/DRO/,null,",1,No
WCH_PUSH_3MIN,WCH,",null,",function,4,100.0,Goal,Root/div/station/vendor/function,"WCH_PUSH_3MIN/VND/DRO/,null,/WCH",0,Yes
WCH_PUSH_3MIN,DSM,VND,station,2,0.16,Goal,Root/div/station,WCH_PUSH_3MIN/VND/DSM,3,No
WCH_PUSH_3MIN,",null,",DSM,vendor,3,28.25,Goal,Root/div/station/vendor,"WCH_PUSH_3MIN/VND/DSM/,null,",1,No
WCH_PUSH_3MIN,WCH,",null,",function,4,100.0,Goal,Root/div/station/vendor/function,"WCH_PUSH_3MIN/VND/DSM/,null,/WCH",0,Yes
WCH_PUSH_3MIN,Menzies Aviation,DSM,vendor,3,38.34,Goal,Root/div/station/vendor,WCH_PUSH_3MIN/VND/DSM/Menzies Aviation,1,No
WCH_PUSH_3MIN,WCH,Menzies Aviation,function,4,100.0,Goal,Root/div/station/vendor/function,WCH_PUSH_3MIN/VND/DSM/Menzies Aviation/WCH,0,Yes
WCH_PUSH_3MIN,Unifi,DSM,vendor,3,33.41,Goal,Root/div/station/vendor,WCH_PUSH_3MIN/VND/DSM/Unifi,1,No
WCH_PUSH_3MIN,WCH,Unifi,function,4,100.0,Goal,Root/div/station/vendor/function,WCH_PUSH_3MIN/VND/DSM/Unifi/WCH,0,Yes
WCH_PUSH_3MIN,DSS,VND,station,2,0.36,Goal,Root/div/station,WCH_PUSH_3MIN/VND/DSS,1,No
WCH_PUSH_3MIN,2AS,DSS,vendor,3,100.0,Goal,Root/div/station/vendor,WCH_PUSH_3MIN/VND/DSS/2AS,1,No
WCH_PUSH_3MIN,WCH,2AS,function,4,100.0,Goal,Root/div/station/vendor/function,WCH_PUSH_3MIN/VND/DSS/2AS/WCH,0,Yes
WCH_PUSH_3MIN,DTW,VND,station,2,0.08,Goal,Root/div/station,WCH_PUSH_3MIN/VND/DTW,3,No
WCH_PUSH_3MIN,",null,",DTW,vendor,3,46.97,Goal,Root/div/station/vendor,"WCH_PUSH_3MIN/VND/DTW/,null,",1,No
WCH_PUSH_3MIN,WCH,",null,",function,4,100.0,Goal,Root/div/station/vendor/function,"WCH_PUSH_3MIN/VND/DTW/,null,/WCH",0,Yes
WCH_PUSH_3MIN,Prospect,DTW,vendor,3,44.83,Goal,Root/div/station/vendor,WCH_PUSH_3MIN/VND/DTW/Prospect,1,No
WCH_PUSH_3MIN,WCH,Prospect,function,4,100.0,Goal,Root/div/station/vendor/function,WCH_PUSH_3MIN/VND/DTW/Prospect/WCH,0,Yes
WCH_PUSH_3MIN,Unifi,DTW,vendor,3,8.2,Goal,Root/div/station/vendor,WCH_PUSH_3MIN/VND/DTW/Unifi,1,No
WCH_PUSH_3MIN,WCH,Unifi,function,4,100.0,Goal,Root/div/station/vendor/function,WCH_PUSH_3MIN/VND/DTW/Unifi/WCH,0,Yes
WCH_PUSH_3MIN,DUB,VND,station,2,0.35,Goal,Root/div/station,WCH_PUSH_3MIN/VND/DUB,1,No
WCH_PUSH_3MIN,Airport,DUB,vendor,3,100.0,Goal,Root/div/station/vendor,WCH_PUSH_3MIN/VND/DUB/Airport,1,No
WCH_PUSH_3MIN,WCH,Airport,function,4,100.0,Goal,Root/div/station/vendor/function,WCH_PUSH_3MIN/VND/DUB/Airport/WCH,0,Yes
WCH_PUSH_3MIN,DUS,VND,station,2,0.06,Goal,Root/div/station,WCH_PUSH_3MIN/VND/DUS,1,No
WCH_PUSH_3MIN,Airport,DUS,vendor,3,100.0,Goal,Root/div/station/vendor,WCH_PUSH_3MIN/VND/DUS/Airport,1,No
WCH_PUSH_3MIN,WCH,Airport,function,4,100.0,Goal,Root/div/station/vendor/function,WCH_PUSH_3MIN/VND/DUS/Airport/WCH,0,Yes
WCH_PUSH_3MIN,ECP,VND,station,2,0.31,Goal,Root/div/station,WCH_PUSH_3MIN/VND/ECP,2,No
WCH_PUSH_3MIN,",null,",ECP,vendor,3,58.57,Goal,Root/div/station/vendor,"WCH_PUSH_3MIN/VND/ECP/,null,",1,No
WCH_PUSH_3MIN,WCH,",null,",function,4,100.0,Goal,Root/div/station/vendor/function,"WCH_PUSH_3MIN/VND/ECP/,null,/WCH",0,Yes
WCH_PUSH_3MIN,"GATEWAY SECURITY, INC.",ECP,vendor,3,41.43,Goal,Root/div/station/vendor,"WCH_PUSH_3MIN/VND/ECP/GATEWAY SECURITY, INC.",1,No
WCH_PUSH_3MIN,WCH,"GATEWAY SECURITY, INC.",function,4,100.0,Goal,Root/div/station/vendor/function,"WCH_PUSH_3MIN/VND/ECP/GATEWAY SECURITY, INC./WCH",0,Yes
WCH_PUSH_3MIN,EDI,VND,station,2,0.22,Goal,Root/div/station,WCH_PUSH_3MIN/VND/EDI,1,No
WCH_PUSH_3MIN,Airport,EDI,vendor,3,100.0,Goal,Root/div/station/vendor,WCH_PUSH_3MIN/VND/EDI/Airport,1,No
WCH_PUSH_3MIN,WCH,Airport,function,4,100.0,Goal,Root/div/station/vendor/function,WCH_PUSH_3MIN/VND/EDI/Airport/WCH,0,Yes
WCH_PUSH_3MIN,EGE,VND,station,2,0.09,Goal,Root/div/station,WCH_PUSH_3MIN/VND/EGE,4,No
WCH_PUSH_3MIN,",null,",EGE,vendor,3,42.41,Goal,Root/div/station/vendor,"WCH_PUSH_3MIN/VND/EGE/,null,",1,No
WCH_PUSH_3MIN,WCH,",null,",function,4,100.0,Goal,Root/div/station/vendor/function,"WCH_PUSH_3MIN/VND/EGE/,null,/WCH",0,Yes
WCH_PUSH_3MIN,G2,EGE,vendor,3,20.48,Goal,Root/div/station/vendor,WCH_PUSH_3MIN/VND/EGE/G2,1,No
WCH_PUSH_3MIN,WCH,G2,function,4,100.0,Goal,Root/div/station/vendor/function,WCH_PUSH_3MIN/VND/EGE/G2/WCH,0,Yes
WCH_PUSH_3MIN,Menzies Aviation,EGE,vendor,3,12.09,Goal,Root/div/station/vendor,WCH_PUSH_3MIN/VND/EGE/Menzies Aviation,1,No
WCH_PUSH_3MIN,WCH,Menzies Aviation,function,4,100.0,Goal,Root/div/station/vendor/function,WCH_PUSH_3MIN/VND/EGE/Menzies Aviation/WCH,0,Yes
WCH_PUSH_3MIN,WFS -Worldwide Flight Services,EGE,vendor,3,25.02,Goal,Root/div/station/vendor,WCH_PUSH_3MIN/VND/EGE/WFS -Worldwide Flight Services,1,No
WCH_PUSH_3MIN,WCH,WFS -Worldwide Flight Services,function,4,100.0,Goal,Root/div/station/vendor/function,WCH_PUSH_3MIN/VND/EGE/WFS -Worldwide Flight Services/WCH,0,Yes
WCH_PUSH_3MIN,EKO,VND,station,2,0.17,Goal,Root/div/station,WCH_PUSH_3MIN/VND/EKO,1,No
WCH_PUSH_3MIN,SkyWest,EKO,vendor,3,100.0,Goal,Root/div/station/vendor,WCH_PUSH_3MIN/VND/EKO/SkyWest,1,No
WCH_PUSH_3MIN,WCH,SkyWest,function,4,100.0,Goal,Root/div/station/vendor/function,WCH_PUSH_3MIN/VND/EKO/SkyWest/WCH,0,Yes
WCH_PUSH_3MIN,ELH,VND,station,2,0.03,Goal,Root/div/station,WCH_PUSH_3MIN/VND/ELH,2,No
WCH_PUSH_3MIN,Omega Aviation,ELH,vendor,3,48.11,Goal,Root/div/station/vendor,WCH_PUSH_3MIN/VND/ELH/Omega Aviation,1,No
WCH_PUSH_3MIN,WCH,Omega Aviation,function,4,100.0,Goal,Root/div/station/vendor/function,WCH_PUSH_3MIN/VND/ELH/Omega Aviation/WCH,0,Yes
WCH_PUSH_3MIN,Treasure,ELH,vendor,3,51.89,Goal,Root/div/station/vendor,WCH_PUSH_3MIN/VND/ELH/Treasure,1,No
WCH_PUSH_3MIN,WCH,Treasure,function,4,100.0,Goal,Root/div/station/vendor/function,WCH_PUSH_3MIN/VND/ELH/Treasure/WCH,0,Yes
WCH_PUSH_3MIN,ELM,VND,station,2,0.35,Goal,Root/div/station,WCH_PUSH_3MIN/VND/ELM,1,No
WCH_PUSH_3MIN,Unifi,ELM,vendor,3,100.0,Goal,Root/div/station/vendor,WCH_PUSH_3MIN/VND/ELM/Unifi,1,No
WCH_PUSH_3MIN,WCH,Unifi,function,4,100.0,Goal,Root/div/station/vendor/function,WCH_PUSH_3MIN/VND/ELM/Unifi/WCH,0,Yes
WCH_PUSH_3MIN,ELP,VND,station,2,0.18,Goal,Root/div/station,WCH_PUSH_3MIN/VND/ELP,2,No
WCH_PUSH_3MIN,",null,",ELP,vendor,3,68.5,Goal,Root/div/station/vendor,"WCH_PUSH_3MIN/VND/ELP/,null,",1,No
WCH_PUSH_3MIN,WCH,",null,",function,4,100.0,Goal,Root/div/station/vendor/function,"WCH_PUSH_3MIN/VND/ELP/,null,/WCH",0,Yes
WCH_PUSH_3MIN,GAT,ELP,vendor,3,31.5,Goal,Root/div/station/vendor,WCH_PUSH_3MIN/VND/ELP/GAT,1,No
WCH_PUSH_3MIN,WCH,GAT,function,4,100.0,Goal,Root/div/station/vendor/function,WCH_PUSH_3MIN/VND/ELP/GAT/WCH,0,Yes
WCH_PUSH_3MIN,ERI,VND,station,2,0.34,Goal,Root/div/station,WCH_PUSH_3MIN/VND/ERI,1,No
WCH_PUSH_3MIN,SkyWest,ERI,vendor,3,100.0,Goal,Root/div/station/vendor,WCH_PUSH_3MIN/VND/ERI/SkyWest,1,No
WCH_PUSH_3MIN,WCH,SkyWest,function,4,100.0,Goal,Root/div/station/vendor/function,WCH_PUSH_3MIN/VND/ERI/SkyWest/WCH,0,Yes
WCH_PUSH_3MIN,ESC,VND,station,2,0.38,Goal,Root/div/station,WCH_PUSH_3MIN/VND/ESC,2,No
WCH_PUSH_3MIN,",null,",ESC,vendor,3,67.05,Goal,Root/div/station/vendor,"WCH_PUSH_3MIN/VND/ESC/,null,",1,No
WCH_PUSH_3MIN,WCH,",null,",function,4,100.0,Goal,Root/div/station/vendor/function,"WCH_PUSH_3MIN/VND/ESC/,null,/WCH",0,Yes
WCH_PUSH_3MIN,Unifi,ESC,vendor,3,32.95,Goal,Root/div/station/vendor,WCH_PUSH_3MIN/VND/ESC/Unifi,1,No
WCH_PUSH_3MIN,WCH,Unifi,function,4,100.0,Goal,Root/div/station/vendor/function,WCH_PUSH_3MIN/VND/ESC/Unifi/WCH,0,Yes
WCH_PUSH_3MIN,EUG,VND,station,2,0.04,Goal,Root/div/station,WCH_PUSH_3MIN/VND/EUG,2,No
WCH_PUSH_3MIN,",null,",EUG,vendor,3,46.13,Goal,Root/div/station/vendor,"WCH_PUSH_3MIN/VND/EUG/,null,",1,No
WCH_PUSH_3MIN,WCH,",null,",function,4,100.0,Goal,Root/div/station/vendor/function,"WCH_PUSH_3MIN/VND/EUG/,null,/WCH",0,Yes
WCH_PUSH_3MIN,Unifi,EUG,vendor,3,53.87,Goal,Root/div/station/vendor,WCH_PUSH_3MIN/VND/EUG/Unifi,1,No
WCH_PUSH_3MIN,WCH,Unifi,function,4,100.0,Goal,Root/div/station/vendor/function,WCH_PUSH_3MIN/VND/EUG/Unifi/WCH,0,Yes
WCH_PUSH_3MIN,EVV,VND,station,2,0.1,Goal,Root/div/station,WCH_PUSH_3MIN/VND/EVV,2,No
WCH_PUSH_3MIN,",null,",EVV,vendor,3,34.9,Goal,Root/div/station/vendor,"WCH_PUSH_3MIN/VND/EVV/,null,",1,No
WCH_PUSH_3MIN,WCH,",null,",function,4,100.0,Goal,Root/div/station/vendor/function,"WCH_PUSH_3MIN/VND/EVV/,null,/WCH",0,Yes
WCH_PUSH_3MIN,Unifi,EVV,vendor,3,65.1,Goal,Root/div/station/vendor,WCH_PUSH_3MIN/VND/EVV/Unifi,1,No
WCH_PUSH_3MIN,WCH,Unifi,function,4,100.0,Goal,Root/div/station/vendor/function,WCH_PUSH_3MIN/VND/EVV/Unifi/WCH,0,Yes
WCH_PUSH_3MIN,EWN,VND,station,2,0.27,Goal,Root/div/station,WCH_PUSH_3MIN/VND/EWN,1,No
WCH_PUSH_3MIN,Unifi,EWN,vendor,3,100.0,Goal,Root/div/station/vendor,WCH_PUSH_3MIN/VND/EWN/Unifi,1,No
WCH_PUSH_3MIN,WCH,Unifi,function,4,100.0,Goal,Root/div/station/vendor/function,WCH_PUSH_3MIN/VND/EWN/Unifi/WCH,0,Yes
WCH_PUSH_3MIN,EWR,VND,station,2,0.34,Goal,Root/div/station,WCH_PUSH_3MIN/VND/EWR,4,No
WCH_PUSH_3MIN,",null,",EWR,vendor,3,18.3,Goal,Root/div/station/vendor,"WCH_PUSH_3MIN/VND/EWR/,null,",1,No
WCH_PUSH_3MIN,WCH,",null,",function,4,100.0,Goal,Root/div/station/vendor/function,"WCH_PUSH_3MIN/VND/EWR/,null,/WCH",0,Yes
WCH_PUSH_3MIN,G2,EWR,vendor,3,18.97,Goal,Root/div/station/vendor,WCH_PUSH_3MIN/VND/EWR/G2,1,No
WCH_PUSH_3MIN,WCH,G2,function,4,100.0,Goal,Root/div/station/vendor/function,WCH_PUSH_3MIN/VND/EWR/G2/WCH,0,Yes
WCH_PUSH_3MIN,Menzies Aviation,EWR,vendor,3,25.4,Goal,Root/div/station/vendor,WCH_PUSH_3MIN/VND/EWR/Menzies Aviation,1,No
WCH_PUSH_3MIN,WCH,Menzies Aviation,function,4,100.0,Goal,Root/div/station/vendor/function,WCH_PUSH_3MIN/VND/EWR/Menzies Aviation/WCH,0,Yes
WCH_PUSH_3MIN,Prospect,EWR,vendor,3,37.33,Goal,Root/div/station/vendor,WCH_PUSH_3MIN/VND/EWR/Prospect,1,No
WCH_PUSH_3MIN,WCH,Prospect,function,4,100.0,Goal,Root/div/station/vendor/function,WCH_PUSH_3MIN/VND/EWR/Prospect/WCH,0,Yes
WCH_PUSH_3MIN,EYW,VND,station,2,0.08,Goal,Root/div/station,WCH_PUSH_3MIN/VND/EYW,2,No
WCH_PUSH_3MIN,",null,",EYW,vendor,3,59.05,Goal,Root/div/station/vendor,"WCH_PUSH_3MIN/VND/EYW/,null,",1,No
WCH_PUSH_3MIN,WCH,",null,",function,4,100.0,Goal,Root/div/station/vendor/function,"WCH_PUSH_3MIN/VND/EYW/,null,/WCH",0,Yes
WCH_PUSH_3MIN,Unifi,EYW,vendor,3,40.95,Goal,Root/div/station/vendor,WCH_PUSH_3MIN/VND/EYW/Unifi,1,No
WCH_PUSH_3MIN,WCH,Unifi,function,4,100.0,Goal,Root/div/station/vendor/function,WCH_PUSH_3MIN/VND/EYW/Unifi/WCH,0,Yes
WCH_PUSH_3MIN,EZE,VND,station,2,0.2,Goal,Root/div/station,WCH_PUSH_3MIN/VND/EZE,1,No
WCH_PUSH_3MIN,GROUP OF PRIVATE SECURITY S.R.L.,EZE,vendor,3,100.0,Goal,Root/div/station/vendor,WCH_PUSH_3MIN/VND/EZE/GROUP OF PRIVATE SECURITY S.R.L.,1,No
WCH_PUSH_3MIN,WCH,GROUP OF PRIVATE SECURITY S.R.L.,function,4,100.0,Goal,Root/div/station/vendor/function,WCH_PUSH_3MIN/VND/EZE/GROUP OF PRIVATE SECURITY S.R.L./WCH,0,Yes
WCH_PUSH_3MIN,FAI,VND,station,2,0.17,Goal,Root/div/station,WCH_PUSH_3MIN/VND/FAI,1,No
WCH_PUSH_3MIN,Unifi,FAI,vendor,3,100.0,Goal,Root/div/station/vendor,WCH_PUSH_3MIN/VND/FAI/Unifi,1,No
WCH_PUSH_3MIN,WCH,Unifi,function,4,100.0,Goal,Root/div/station/vendor/function,WCH_PUSH_3MIN/VND/FAI/Unifi/WCH,0,Yes
WCH_PUSH_3MIN,FAR,VND,station,2,0.13,Goal,Root/div/station,WCH_PUSH_3MIN/VND/FAR,2,No
WCH_PUSH_3MIN,",null,",FAR,vendor,3,60.32,Goal,Root/div/station/vendor,"WCH_PUSH_3MIN/VND/FAR/,null,",1,No
WCH_PUSH_3MIN,WCH,",null,",function,4,100.0,Goal,Root/div/station/vendor/function,"WCH_PUSH_3MIN/VND/FAR/,null,/WCH",0,Yes
WCH_PUSH_3MIN,Unifi,FAR,vendor,3,39.68,Goal,Root/div/station/vendor,WCH_PUSH_3MIN/VND/FAR/Unifi,1,No
WCH_PUSH_3MIN,WCH,Unifi,function,4,100.0,Goal,Root/div/station/vendor/function,WCH_PUSH_3MIN/VND/FAR/Unifi/WCH,0,Yes
WCH_PUSH_3MIN,FAT,VND,station,2,0.13,Goal,Root/div/station,WCH_PUSH_3MIN/VND/FAT,2,No
WCH_PUSH_3MIN,",null,",FAT,vendor,3,63.23,Goal,Root/div/station/vendor,"WCH_PUSH_3MIN/VND/FAT/,null,",1,No
WCH_PUSH_3MIN,WCH,",null,",function,4,100.0,Goal,Root/div/station/vendor/function,"WCH_PUSH_3MIN/VND/FAT/,null,/WCH",0,Yes
WCH_PUSH_3MIN,Unifi,FAT,vendor,3,36.77,Goal,Root/div/station/vendor,WCH_PUSH_3MIN/VND/FAT/Unifi,1,No
WCH_PUSH_3MIN,WCH,Unifi,function,4,100.0,Goal,Root/div/station/vendor/function,WCH_PUSH_3MIN/VND/FAT/Unifi/WCH,0,Yes
WCH_PUSH_3MIN,FAY,VND,station,2,0.27,Goal,Root/div/station,WCH_PUSH_3MIN/VND/FAY,1,No
WCH_PUSH_3MIN,Unifi,FAY,vendor,3,100.0,Goal,Root/div/station/vendor,WCH_PUSH_3MIN/VND/FAY/Unifi,1,No
WCH_PUSH_3MIN,WCH,Unifi,function,4,100.0,Goal,Root/div/station/vendor/function,WCH_PUSH_3MIN/VND/FAY/Unifi/WCH,0,Yes
WCH_PUSH_3MIN,FCA,VND,station,2,0.32,Goal,Root/div/station,WCH_PUSH_3MIN/VND/FCA,2,No
WCH_PUSH_3MIN,SkyWest,FCA,vendor,3,3.41,Goal,Root/div/station/vendor,WCH_PUSH_3MIN/VND/FCA/SkyWest,1,No
WCH_PUSH_3MIN,WCH,SkyWest,function,4,100.0,Goal,Root/div/station/vendor/function,WCH_PUSH_3MIN/VND/FCA/SkyWest/WCH,0,Yes
WCH_PUSH_3MIN,Unifi,FCA,vendor,3,96.59,Goal,Root/div/station/vendor,WCH_PUSH_3MIN/VND/FCA/Unifi,1,No
WCH_PUSH_3MIN,WCH,Unifi,function,4,100.0,Goal,Root/div/station/vendor/function,WCH_PUSH_3MIN/VND/FCA/Unifi/WCH,0,Yes
WCH_PUSH_3MIN,FCO,VND,station,2,0.01,Goal,Root/div/station,WCH_PUSH_3MIN/VND/FCO,1,No
WCH_PUSH_3MIN,Aeroporti di Roma,FCO,vendor,3,100.0,Goal,Root/div/station/vendor,WCH_PUSH_3MIN/VND/FCO/Aeroporti di Roma,1,No
WCH_PUSH_3MIN,WCH,Aeroporti di Roma,function,4,100.0,Goal,Root/div/station/vendor/function,WCH_PUSH_3MIN/VND/FCO/Aeroporti di Roma/WCH,0,Yes
WCH_PUSH_3MIN,FLL,VND,station,2,0.17,Goal,Root/div/station,WCH_PUSH_3MIN/VND/FLL,5,No
WCH_PUSH_3MIN,",null,",FLL,vendor,3,23.88,Goal,Root/div/station/vendor,"WCH_PUSH_3MIN/VND/FLL/,null,",1,No
WCH_PUSH_3MIN,WCH,",null,",function,4,100.0,Goal,Root/div/station/vendor/function,"WCH_PUSH_3MIN/VND/FLL/,null,/WCH",0,Yes
WCH_PUSH_3MIN,"Aviation, Prosegur Services Group, Inc.",FLL,vendor,3,6.34,Goal,Root/div/station/vendor,"WCH_PUSH_3MIN/VND/FLL/Aviation, Prosegur Services Group, Inc.",1,No
WCH_PUSH_3MIN,WCH,"Aviation, Prosegur Services Group, Inc.",function,4,100.0,Goal,Root/div/station/vendor/function,"WCH_PUSH_3MIN/VND/FLL/Aviation, Prosegur Services Group, Inc./WCH",0,Yes
WCH_PUSH_3MIN,BAGGAGE AIRLINE GUEST SERVICES,FLL,vendor,3,18.81,Goal,Root/div/station/vendor,WCH_PUSH_3MIN/VND/FLL/BAGGAGE AIRLINE GUEST SERVICES,1,No
WCH_PUSH_3MIN,WCH,BAGGAGE AIRLINE GUEST SERVICES,function,4,100.0,Goal,Root/div/station/vendor/function,WCH_PUSH_3MIN/VND/FLL/BAGGAGE AIRLINE GUEST SERVICES/WCH,0,Yes
WCH_PUSH_3MIN,Eulen,FLL,vendor,3,24.93,Goal,Root/div/station/vendor,WCH_PUSH_3MIN/VND/FLL/Eulen,1,No
WCH_PUSH_3MIN,WCH,Eulen,function,4,100.0,Goal,Root/div/station/vendor/function,WCH_PUSH_3MIN/VND/FLL/Eulen/WCH,0,Yes
WCH_PUSH_3MIN,HHS Aviation,FLL,vendor,3,26.04,Goal,Root/div/station/vendor,WCH_PUSH_3MIN/VND/FLL/HHS Aviation,1,No
WCH_PUSH_3MIN,WCH,HHS Aviation,function,4,100.0,Goal,Root/div/station/vendor/function,WCH_PUSH_3MIN/VND/FLL/HHS Aviation/WCH,0,Yes
WCH_PUSH_3MIN,FNT,VND,station,2,0.07,Goal,Root/div/station,WCH_PUSH_3MIN/VND/FNT,2,No
WCH_PUSH_3MIN,G2,FNT,vendor,3,38.82,Goal,Root/div/station/vendor,WCH_PUSH_3MIN/VND/FNT/G2,1,No
WCH_PUSH_3MIN,WCH,G2,function,4,100.0,Goal,Root/div/station/vendor/function,WCH_PUSH_3MIN/VND/FNT/G2/WCH,0,Yes
WCH_PUSH_3MIN,Menzies Aviation,FNT,vendor,3,61.18,Goal,Root/div/station/vendor,WCH_PUSH_3MIN/VND/FNT/Menzies Aviation,1,No
WCH_PUSH_3MIN,WCH,Menzies Aviation,function,4,100.0,Goal,Root/div/station/vendor/function,WCH_PUSH_3MIN/VND/FNT/Menzies Aviation/WCH,0,Yes
WCH_PUSH_3MIN,FPO,VND,station,2,0.37,Goal,Root/div/station,WCH_PUSH_3MIN/VND/FPO,1,No
WCH_PUSH_3MIN,Grand Bahama,FPO,vendor,3,100.0,Goal,Root/div/station/vendor,WCH_PUSH_3MIN/VND/FPO/Grand Bahama,1,No
WCH_PUSH_3MIN,WCH,Grand Bahama,function,4,100.0,Goal,Root/div/station/vendor/function,WCH_PUSH_3MIN/VND/FPO/Grand Bahama/WCH,0,Yes
WCH_PUSH_3MIN,FRA,VND,station,2,0.1,Goal,Root/div/station,WCH_PUSH_3MIN/VND/FRA,1,No
WCH_PUSH_3MIN,Airport,FRA,vendor,3,100.0,Goal,Root/div/station/vendor,WCH_PUSH_3MIN/VND/FRA/Airport,1,No
WCH_PUSH_3MIN,WCH,Airport,function,4,100.0,Goal,Root/div/station/vendor/function,WCH_PUSH_3MIN/VND/FRA/Airport/WCH,0,Yes
WCH_PUSH_3MIN,FSD,VND,station,2,0.36,Goal,Root/div/station,WCH_PUSH_3MIN/VND/FSD,1,No
WCH_PUSH_3MIN,Unifi,FSD,vendor,3,100.0,Goal,Root/div/station/vendor,WCH_PUSH_3MIN/VND/FSD/Unifi,1,No
WCH_PUSH_3MIN,WCH,Unifi,function,4,100.0,Goal,Root/div/station/vendor/function,WCH_PUSH_3MIN/VND/FSD/Unifi/WCH,0,Yes
WCH_PUSH_3MIN,FSM,VND,station,2,0.23,Goal,Root/div/station,WCH_PUSH_3MIN/VND/FSM,1,No
WCH_PUSH_3MIN,Unifi,FSM,vendor,3,100.0,Goal,Root/div/station/vendor,WCH_PUSH_3MIN/VND/FSM/Unifi,1,No
WCH_PUSH_3MIN,WCH,Unifi,function,4,100.0,Goal,Root/div/station/vendor/function,WCH_PUSH_3MIN/VND/FSM/Unifi/WCH,0,Yes
WCH_PUSH_3MIN,FUK,VND,station,2,0.22,Goal,Root/div/station,WCH_PUSH_3MIN/VND/FUK,1,No
WCH_PUSH_3MIN,Haneda Turtle Service,FUK,vendor,3,100.0,Goal,Root/div/station/vendor,WCH_PUSH_3MIN/VND/FUK/Haneda Turtle Service,1,No
WCH_PUSH_3MIN,WCH,Haneda Turtle Service,function,4,100.0,Goal,Root/div/station/vendor/function,WCH_PUSH_3MIN/VND/FUK/Haneda Turtle Service/WCH,0,Yes
WCH_PUSH_3MIN,FWA,VND,station,2,0.2,Goal,Root/div/station,WCH_PUSH_3MIN/VND/FWA,1,No
WCH_PUSH_3MIN,Unifi,FWA,vendor,3,100.0,Goal,Root/div/station/vendor,WCH_PUSH_3MIN/VND/FWA/Unifi,1,No
WCH_PUSH_3MIN,WCH,Unifi,function,4,100.0,Goal,Root/div/station/vendor/function,WCH_PUSH_3MIN/VND/FWA/Unifi/WCH,0,Yes
WCH_PUSH_3MIN,GCM,VND,station,2,0.35,Goal,Root/div/station,WCH_PUSH_3MIN/VND/GCM,1,No
WCH_PUSH_3MIN,FADS,GCM,vendor,3,100.0,Goal,Root/div/station/vendor,WCH_PUSH_3MIN/VND/GCM/FADS,1,No
WCH_PUSH_3MIN,WCH,FADS,function,4,100.0,Goal,Root/div/station/vendor/function,WCH_PUSH_3MIN/VND/GCM/FADS/WCH,0,Yes
WCH_PUSH_3MIN,GDL,VND,station,2,0.21,Goal,Root/div/station,WCH_PUSH_3MIN/VND/GDL,1,No
WCH_PUSH_3MIN,GDL GROUND HANDLING SADE CV,GDL,vendor,3,100.0,Goal,Root/div/station/vendor,WCH_PUSH_3MIN/VND/GDL/GDL GROUND HANDLING SADE CV,1,No
WCH_PUSH_3MIN,WCH,GDL GROUND HANDLING SADE CV,function,4,100.0,Goal,Root/div/station/vendor/function,WCH_PUSH_3MIN/VND/GDL/GDL GROUND HANDLING SADE CV/WCH,0,Yes
WCH_PUSH_3MIN,GEG,VND,station,2,0.01,Goal,Root/div/station,WCH_PUSH_3MIN/VND/GEG,2,No
WCH_PUSH_3MIN,",null,",GEG,vendor,3,31.97,Goal,Root/div/station/vendor,"WCH_PUSH_3MIN/VND/GEG/,null,",1,No
WCH_PUSH_3MIN,WCH,",null,",function,4,100.0,Goal,Root/div/station/vendor/function,"WCH_PUSH_3MIN/VND/GEG/,null,/WCH",0,Yes
WCH_PUSH_3MIN,ABM,GEG,vendor,3,68.03,Goal,Root/div/station/vendor,WCH_PUSH_3MIN/VND/GEG/ABM,1,No
WCH_PUSH_3MIN,WCH,ABM,function,4,100.0,Goal,Root/div/station/vendor/function,WCH_PUSH_3MIN/VND/GEG/ABM/WCH,0,Yes
WCH_PUSH_3MIN,GFK,VND,station,2,0.04,Goal,Root/div/station,WCH_PUSH_3MIN/VND/GFK,1,No
WCH_PUSH_3MIN,Unifi,GFK,vendor,3,100.0,Goal,Root/div/station/vendor,WCH_PUSH_3MIN/VND/GFK/Unifi,1,No
WCH_PUSH_3MIN,WCH,Unifi,function,4,100.0,Goal,Root/div/station/vendor/function,WCH_PUSH_3MIN/VND/GFK/Unifi/WCH,0,Yes
WCH_PUSH_3MIN,GGT,VND,station,2,0.13,Goal,Root/div/station,WCH_PUSH_3MIN/VND/GGT,2,No
WCH_PUSH_3MIN,Omega Aviation,GGT,vendor,3,12.37,Goal,Root/div/station/vendor,WCH_PUSH_3MIN/VND/GGT/Omega Aviation,1,No
WCH_PUSH_3MIN,WCH,Omega Aviation,function,4,100.0,Goal,Root/div/station/vendor/function,WCH_PUSH_3MIN/VND/GGT/Omega Aviation/WCH,0,Yes
WCH_PUSH_3MIN,Strachan,GGT,vendor,3,87.63,Goal,Root/div/station/vendor,WCH_PUSH_3MIN/VND/GGT/Strachan,1,No
WCH_PUSH_3MIN,WCH,Strachan,function,4,100.0,Goal,Root/div/station/vendor/function,WCH_PUSH_3MIN/VND/GGT/Strachan/WCH,0,Yes
WCH_PUSH_3MIN,GIG,VND,station,2,0.01,Goal,Root/div/station,WCH_PUSH_3MIN/VND/GIG,1,No
WCH_PUSH_3MIN,ORBITAL SERV AUXILIARES TRANS AEREO,GIG,vendor,3,100.0,Goal,Root/div/station/vendor,WCH_PUSH_3MIN/VND/GIG/ORBITAL SERV AUXILIARES TRANS AEREO,1,No
WCH_PUSH_3MIN,WCH,ORBITAL SERV AUXILIARES TRANS AEREO,function,4,100.0,Goal,Root/div/station/vendor/function,WCH_PUSH_3MIN/VND/GIG/ORBITAL SERV AUXILIARES TRANS AEREO/WCH,0,Yes
WCH_PUSH_3MIN,GJT,VND,station,2,0.09,Goal,Root/div/station,WCH_PUSH_3MIN/VND/GJT,1,No
WCH_PUSH_3MIN,SkyWest,GJT,vendor,3,100.0,Goal,Root/div/station/vendor,WCH_PUSH_3MIN/VND/GJT/SkyWest,1,No
WCH_PUSH_3MIN,WCH,SkyWest,function,4,100.0,Goal,Root/div/station/vendor/function,WCH_PUSH_3MIN/VND/GJT/SkyWest/WCH,0,Yes
WCH_PUSH_3MIN,GLA,VND,station,2,0.01,Goal,Root/div/station,WCH_PUSH_3MIN/VND/GLA,1,No
WCH_PUSH_3MIN,Airport,GLA,vendor,3,100.0,Goal,Root/div/station/vendor,WCH_PUSH_3MIN/VND/GLA/Airport,1,No
WCH_PUSH_3MIN,WCH,Airport,function,4,100.0,Goal,Root/div/station/vendor/function,WCH_PUSH_3MIN/VND/GLA/Airport/WCH,0,Yes
WCH_PUSH_3MIN,GND,VND,station,2,0.16,Goal,Root/div/station,WCH_PUSH_3MIN/VND/GND,1,No
WCH_PUSH_3MIN,Aviation Services,GND,vendor,3,100.0,Goal,Root/div/station/vendor,WCH_PUSH_3MIN/VND/GND/Aviation Services,1,No
WCH_PUSH_3MIN,WCH,Aviation Services,function,4,100.0,Goal,Root/div/station/vendor/function,WCH_PUSH_3MIN/VND/GND/Aviation Services/WCH,0,Yes
WCH_PUSH_3MIN,GNV,VND,station,2,0.24,Goal,Root/div/station,WCH_PUSH_3MIN/VND/GNV,2,No
WCH_PUSH_3MIN,",null,",GNV,vendor,3,17.14,Goal,Root/div/station/vendor,"WCH_PUSH_3MIN/VND/GNV/,null,",1,No
WCH_PUSH_3MIN,WCH,",null,",function,4,100.0,Goal,Root/div/station/vendor/function,"WCH_PUSH_3MIN/VND/GNV/,null,/WCH",0,Yes
WCH_PUSH_3MIN,Unifi,GNV,vendor,3,82.86,Goal,Root/div/station/vendor,WCH_PUSH_3MIN/VND/GNV/Unifi,1,No
WCH_PUSH_3MIN,WCH,Unifi,function,4,100.0,Goal,Root/div/station/vendor/function,WCH_PUSH_3MIN/VND/GNV/Unifi/WCH,0,Yes
WCH_PUSH_3MIN,GPT,VND,station,2,0.03,Goal,Root/div/station,WCH_PUSH_3MIN/VND/GPT,1,No
WCH_PUSH_3MIN,Unifi,GPT,vendor,3,100.0,Goal,Root/div/station/vendor,WCH_PUSH_3MIN/VND/GPT/Unifi,1,No
WCH_PUSH_3MIN,WCH,Unifi,function,4,100.0,Goal,Root/div/station/vendor/function,WCH_PUSH_3MIN/VND/GPT/Unifi/WCH,0,Yes
WCH_PUSH_3MIN,GRB,VND,station,2,0.3,Goal,Root/div/station,WCH_PUSH_3MIN/VND/GRB,2,No
WCH_PUSH_3MIN,",null,",GRB,vendor,3,52.46,Goal,Root/div/station/vendor,"WCH_PUSH_3MIN/VND/GRB/,null,",1,No
WCH_PUSH_3MIN,WCH,",null,",function,4,100.0,Goal,Root/div/station/vendor/function,"WCH_PUSH_3MIN/VND/GRB/,null,/WCH",0,Yes
WCH_PUSH_3MIN,Delta,GRB,vendor,3,47.54,Goal,Root/div/station/vendor,WCH_PUSH_3MIN/VND/GRB/Delta,1,No
WCH_PUSH_3MIN,WCH,Delta,function,4,100.0,Goal,Root/div/station/vendor/function,WCH_PUSH_3MIN/VND/GRB/Delta/WCH,0,Yes
WCH_PUSH_3MIN,GRR,VND,station,2,0.07,Goal,Root/div/station,WCH_PUSH_3MIN/VND/GRR,2,No
WCH_PUSH_3MIN,",null,",GRR,vendor,3,47.2,Goal,Root/div/station/vendor,"WCH_PUSH_3MIN/VND/GRR/,null,",1,No
WCH_PUSH_3MIN,WCH,",null,",function,4,100.0,Goal,Root/div/station/vendor/function,"WCH_PUSH_3MIN/VND/GRR/,null,/WCH",0,Yes
WCH_PUSH_3MIN,GERALD R. FORD INTERNATIONAL,GRR,vendor,3,52.8,Goal,Root/div/station/vendor,WCH_PUSH_3MIN/VND/GRR/GERALD R. FORD INTERNATIONAL,1,No
WCH_PUSH_3MIN,WCH,GERALD R. FORD INTERNATIONAL,function,4,100.0,Goal,Root/div/station/vendor/function,WCH_PUSH_3MIN/VND/GRR/GERALD R. FORD INTERNATIONAL/WCH,0,Yes
WCH_PUSH_3MIN,GRU,VND,station,2,0.31,Goal,Root/div/station,WCH_PUSH_3MIN/VND/GRU,1,No
WCH_PUSH_3MIN,ORBITAL SERV AUXILIARES TRANS AEREO,GRU,vendor,3,100.0,Goal,Root/div/station/vendor,WCH_PUSH_3MIN/VND/GRU/ORBITAL SERV AUXILIARES TRANS AEREO,1,No
WCH_PUSH_3MIN,WCH,ORBITAL SERV AUXILIARES TRANS AEREO,function,4,100.0,Goal,Root/div/station/vendor/function,WCH_PUSH_3MIN/VND/GRU/ORBITAL SERV AUXILIARES TRANS AEREO/WCH,0,Yes
WCH_PUSH_3MIN,GSO,VND,station,2,0.08,Goal,Root/div/station,WCH_PUSH_3MIN/VND/GSO,2,No
WCH_PUSH_3MIN,",null,",GSO,vendor,3,27.5,Goal,Root/div/station/vendor,"WCH_PUSH_3MIN/VND/GSO/,null,",1,No
WCH_PUSH_3MIN,WCH,",null,",function,4,100.0,Goal,Root/div/station/vendor/function,"WCH_PUSH_3MIN/VND/GSO/,null,/WCH",0,Yes
WCH_PUSH_3MIN,PrimeFlight,GSO,vendor,3,72.5,Goal,Root/div/station/vendor,WCH_PUSH_3MIN/VND/GSO/PrimeFlight,1,No
WCH_PUSH_3MIN,WCH,PrimeFlight,function,4,100.0,Goal,Root/div/station/vendor/function,WCH_PUSH_3MIN/VND/GSO/PrimeFlight/WCH,0,Yes
WCH_PUSH_3MIN,GSP,VND,station,2,0.18,Goal,Root/div/station,WCH_PUSH_3MIN/VND/GSP,3,No
WCH_PUSH_3MIN,",null,",GSP,vendor,3,9.82,Goal,Root/div/station/vendor,"WCH_PUSH_3MIN/VND/GSP/,null,",1,No
WCH_PUSH_3MIN,WCH,",null,",function,4,100.0,Goal,Root/div/station/vendor/function,"WCH_PUSH_3MIN/VND/GSP/,null,/WCH",0,Yes
WCH_PUSH_3MIN,G2,GSP,vendor,3,13.32,Goal,Root/div/station/vendor,WCH_PUSH_3MIN/VND/GSP/G2,1,No
WCH_PUSH_3MIN,WCH,G2,function,4,100.0,Goal,Root/div/station/vendor/function,WCH_PUSH_3MIN/VND/GSP/G2/WCH,0,Yes
WCH_PUSH_3MIN,Menzies Aviation,GSP,vendor,3,76.86,Goal,Root/div/station/vendor,WCH_PUSH_3MIN/VND/GSP/Menzies Aviation,1,No
WCH_PUSH_3MIN,WCH,Menzies Aviation,function,4,100.0,Goal,Root/div/station/vendor/function,WCH_PUSH_3MIN/VND/GSP/Menzies Aviation/WCH,0,Yes
WCH_PUSH_3MIN,GTF,VND,station,2,0.3,Goal,Root/div/station,WCH_PUSH_3MIN/VND/GTF,1,No
WCH_PUSH_3MIN,Unifi,GTF,vendor,3,100.0,Goal,Root/div/station/vendor,WCH_PUSH_3MIN/VND/GTF/Unifi,1,No
WCH_PUSH_3MIN,WCH,Unifi,function,4,100.0,Goal,Root/div/station/vendor/function,WCH_PUSH_3MIN/VND/GTF/Unifi/WCH,0,Yes
WCH_PUSH_3MIN,GTR,VND,station,2,0.19,Goal,Root/div/station,WCH_PUSH_3MIN/VND/GTR,2,No
WCH_PUSH_3MIN,G2,GTR,vendor,3,59.18,Goal,Root/div/station/vendor,WCH_PUSH_3MIN/VND/GTR/G2,1,No
WCH_PUSH_3MIN,WCH,G2,function,4,100.0,Goal,Root/div/station/vendor/function,WCH_PUSH_3MIN/VND/GTR/G2/WCH,0,Yes
WCH_PUSH_3MIN,Menzies Aviation,GTR,vendor,3,40.82,Goal,Root/div/station/vendor,WCH_PUSH_3MIN/VND/GTR/Menzies Aviation,1,No
WCH_PUSH_3MIN,WCH,Menzies Aviation,function,4,100.0,Goal,Root/div/station/vendor/function,WCH_PUSH_3MIN/VND/GTR/Menzies Aviation/WCH,0,Yes
WCH_PUSH_3MIN,GUA,VND,station,2,0.36,Goal,Root/div/station,WCH_PUSH_3MIN/VND/GUA,1,No
WCH_PUSH_3MIN,"LAATS, S.A.",GUA,vendor,3,100.0,Goal,Root/div/station/vendor,"WCH_PUSH_3MIN/VND/GUA/LAATS, S.A.",1,No
WCH_PUSH_3MIN,WCH,"LAATS, S.A.",function,4,100.0,Goal,Root/div/station/vendor/function,"WCH_PUSH_3MIN/VND/GUA/LAATS, S.A./WCH",0,Yes
WCH_PUSH_3MIN,GVA,VND,station,2,0.13,Goal,Root/div/station,WCH_PUSH_3MIN/VND/GVA,1,No
WCH_PUSH_3MIN,Airport,GVA,vendor,3,100.0,Goal,Root/div/station/vendor,WCH_PUSH_3MIN/VND/GVA/Airport,1,No
WCH_PUSH_3MIN,WCH,Airport,function,4,100.0,Goal,Root/div/station/vendor/function,WCH_PUSH_3MIN/VND/GVA/Airport/WCH,0,Yes
WCH_PUSH_3MIN,HAV,VND,station,2,0.15,Goal,Root/div/station,WCH_PUSH_3MIN/VND/HAV,1,No
WCH_PUSH_3MIN,ECASA,HAV,vendor,3,100.0,Goal,Root/div/station/vendor,WCH_PUSH_3MIN/VND/HAV/ECASA,1,No
WCH_PUSH_3MIN,WCH,ECASA,function,4,100.0,Goal,Root/div/station/vendor/function,WCH_PUSH_3MIN/VND/HAV/ECASA/WCH,0,Yes
WCH_PUSH_3MIN,HDN,VND,station,2,0.05,Goal,Root/div/station,WCH_PUSH_3MIN/VND/HDN,3,No
WCH_PUSH_3MIN,G2,HDN,vendor,3,22.96,Goal,Root/div/station/vendor,WCH_PUSH_3MIN/VND/HDN/G2,1,No
WCH_PUSH_3MIN,WCH,G2,function,4,100.0,Goal,Root/div/station/vendor/function,WCH_PUSH_3MIN/VND/HDN/G2/WCH,0,Yes
WCH_PUSH_3MIN,Menzies Aviation,HDN,vendor,3,47.11,Goal,Root/div/station/vendor,WCH_PUSH_3MIN/VND/HDN/Menzies Aviation,1,No
WCH_PUSH_3MIN,WCH,Menzies Aviation,function,4,100.0,Goal,Root/div/station/vendor/function,WCH_PUSH_3MIN/VND/HDN/Menzies Aviation/WCH,0,Yes
WCH_PUSH_3MIN,SkyWest,HDN,vendor,3,29.93,Goal,Root/div/station/vendor,WCH_PUSH_3MIN/VND/HDN/SkyWest,1,No
WCH_PUSH_3MIN,WCH,SkyWest,function,4,100.0,Goal,Root/div/station/vendor/function,WCH_PUSH_3MIN/VND/HDN/SkyWest/WCH,0,Yes
WCH_PUSH_3MIN,HHH,VND,station,2,0.21,Goal,Root/div/station,WCH_PUSH_3MIN/VND/HHH,1,No
WCH_PUSH_3MIN,Unifi,HHH,vendor,3,100.0,Goal,Root/div/station/vendor,WCH_PUSH_3MIN/VND/HHH/Unifi,1,No
WCH_PUSH_3MIN,WCH,Unifi,function,4,100.0,Goal,Root/div/station/vendor/function,WCH_PUSH_3MIN/VND/HHH/Unifi/WCH,0,Yes
WCH_PUSH_3MIN,HIB,VND,station,2,0.06,Goal,Root/div/station,WCH_PUSH_3MIN/VND/HIB,1,No
WCH_PUSH_3MIN,SkyWest,HIB,vendor,3,100.0,Goal,Root/div/station/vendor,WCH_PUSH_3MIN/VND/HIB/SkyWest,1,No
WCH_PUSH_3MIN,WCH,SkyWest,function,4,100.0,Goal,Root/div/station/vendor/function,WCH_PUSH_3MIN/VND/HIB/SkyWest/WCH,0,Yes
WCH_PUSH_3MIN,HKG,VND,station,2,0.12,Goal,Root/div/station,WCH_PUSH_3MIN/VND/HKG,1,No
WCH_PUSH_3MIN,HAS,HKG,vendor,3,100.0,Goal,Root/div/station/vendor,WCH_PUSH_3MIN/VND/HKG/HAS,1,No
WCH_PUSH_3MIN,WCH,HAS,function,4,100.0,Goal,Root/div/station/vendor/function,WCH_PUSH_3MIN/VND/HKG/HAS/WCH,0,Yes
WCH_PUSH_3MIN,HLN,VND,station,2,0.04,Goal,Root/div/station,WCH_PUSH_3MIN/VND/HLN,2,No
WCH_PUSH_3MIN,",null,",HLN,vendor,3,17.87,Goal,Root/div/station/vendor,"WCH_PUSH_3MIN/VND/HLN/,null,",1,No
WCH_PUSH_3MIN,WCH,",null,",function,4,100.0,Goal,Root/div/station/vendor/function,"WCH_PUSH_3MIN/VND/HLN/,null,/WCH",0,Yes
WCH_PUSH_3MIN,SkyWest,HLN,vendor,3,82.13,Goal,Root/div/station/vendor,WCH_PUSH_3MIN/VND/HLN/SkyWest,1,No
WCH_PUSH_3MIN,WCH,SkyWest,function,4,100.0,Goal,Root/div/station/vendor/function,WCH_PUSH_3MIN/VND/HLN/SkyWest/WCH,0,Yes
WCH_PUSH_3MIN,HND,VND,station,2,0.15,Goal,Root/div/station,WCH_PUSH_3MIN/VND/HND,1,No
WCH_PUSH_3MIN,Haneda Turtle Service,HND,vendor,3,100.0,Goal,Root/div/station/vendor,WCH_PUSH_3MIN/VND/HND/Haneda Turtle Service,1,No
WCH_PUSH_3MIN,WCH,Haneda Turtle Service,function,4,100.0,Goal,Root/div/station/vendor/function,WCH_PUSH_3MIN/VND/HND/Haneda Turtle Service/WCH,0,Yes
WCH_PUSH_3MIN,HNL,VND,station,2,0.2,Goal,Root/div/station,WCH_PUSH_3MIN/VND/HNL,2,No
WCH_PUSH_3MIN,",null,",HNL,vendor,3,70.09,Goal,Root/div/station/vendor,"WCH_PUSH_3MIN/VND/HNL/,null,",1,No
WCH_PUSH_3MIN,WCH,",null,",function,4,100.0,Goal,Root/div/station/vendor/function,"WCH_PUSH_3MIN/VND/HNL/,null,/WCH",0,Yes
WCH_PUSH_3MIN,Unifi,HNL,vendor,3,29.91,Goal,Root/div/station/vendor,WCH_PUSH_3MIN/VND/HNL/Unifi,1,No
WCH_PUSH_3MIN,WCH,Unifi,function,4,100.0,Goal,Root/div/station/vendor/function,WCH_PUSH_3MIN/VND/HNL/Unifi/WCH,0,Yes
WCH_PUSH_3MIN,HOU,VND,station,2,0.35,Goal,Root/div/station,WCH_PUSH_3MIN/VND/HOU,3,No
WCH_PUSH_3MIN,",null,",HOU,vendor,3,38.51,Goal,Root/div/station/vendor,"WCH_PUSH_3MIN/VND/HOU/,null,",1,No
WCH_PUSH_3MIN,WCH,",null,",function,4,100.0,Goal,Root/div/station/vendor/function,"WCH_PUSH_3MIN/VND/HOU/,null,/WCH",0,Yes
WCH_PUSH_3MIN,GAT,HOU,vendor,3,36.21,Goal,Root/div/station/vendor,WCH_PUSH_3MIN/VND/HOU/GAT,1,No
WCH_PUSH_3MIN,WCH,GAT,function,4,100.0,Goal,Root/div/station/vendor/function,WCH_PUSH_3MIN/VND/HOU/GAT/WCH,0,Yes
WCH_PUSH_3MIN,"GATEWAY SECURITY, INC.",HOU,vendor,3,25.28,Goal,Root/div/station/vendor,"WCH_PUSH_3MIN/VND/HOU/GATEWAY SECURITY, INC.",1,No
WCH_PUSH_3MIN,WCH,"GATEWAY SECURITY, INC.",function,4,100.0,Goal,Root/div/station/vendor/function,"WCH_PUSH_3MIN/VND/HOU/GATEWAY SECURITY, INC./WCH",0,Yes
WCH_PUSH_3MIN,HPN,VND,station,2,0.1,Goal,Root/div/station,WCH_PUSH_3MIN/VND/HPN,2,No
WCH_PUSH_3MIN,",null,",HPN,vendor,3,68.16,Goal,Root/div/station/vendor,"WCH_PUSH_3MIN/VND/HPN/,null,",1,No
WCH_PUSH_3MIN,WCH,",null,",function,4,100.0,Goal,Root/div/station/vendor/function,"WCH_PUSH_3MIN/VND/HPN/,null,/WCH",0,Yes
WCH_PUSH_3MIN,Unifi,HPN,vendor,3,31.84,Goal,Root/div/station/vendor,WCH_PUSH_3MIN/VND/HPN/Unifi,1,No
WCH_PUSH_3MIN,WCH,Unifi,function,4,100.0,Goal,Root/div/station/vendor/function,WCH_PUSH_3MIN/VND/HPN/Unifi/WCH,0,Yes
WCH_PUSH_3MIN,HRL,VND,station,2,0.35,Goal,Root/div/station,WCH_PUSH_3MIN/VND/HRL,3,No
WCH_PUSH_3MIN,",null,",HRL,vendor,3,30.93,Goal,Root/div/station/vendor,"WCH_PUSH_3MIN/VND/HRL/,null,",1,No
WCH_PUSH_3MIN,WCH,",null,",function,4,100.0,Goal,Root/div/station/vendor/function,"WCH_PUSH_3MIN/VND/HRL/,null,/WCH",0,Yes
WCH_PUSH_3MIN,SkyWest,HRL,vendor,3,20.57,Goal,Root/div/station/vendor,WCH_PUSH_3MIN/VND/HRL/SkyWest,1,No
WCH_PUSH_3MIN,WCH,SkyWest,function,4,100.0,Goal,Root/div/station/vendor/function,WCH_PUSH_3MIN/VND/HRL/SkyWest/WCH,0,Yes
WCH_PUSH_3MIN,Valley International Airport Ground Handling Services,HRL,vendor,3,48.5,Goal,Root/div/station/vendor,WCH_PUSH_3MIN/VND/HRL/Valley International Airport Ground Handling Services,1,No
WCH_PUSH_3MIN,WCH,Valley International Airport Ground Handling Services,function,4,100.0,Goal,Root/div/station/vendor/function,WCH_PUSH_3MIN/VND/HRL/Valley International Airport Ground Handling Services/WCH,0,Yes
WCH_PUSH_3MIN,HSV,VND,station,2,0.02,Goal,Root/div/station,WCH_PUSH_3MIN/VND/HSV,2,No
WCH_PUSH_3MIN,",null,",HSV,vendor,3,51.46,Goal,Root/div/station/vendor,"WCH_PUSH_3MIN/VND/HSV/,null,",1,No
WCH_PUSH_3MIN,WCH,",null,",function,4,100.0,Goal,Root/div/station/vendor/function,"WCH_PUSH_3MIN/VND/HSV/,null,/WCH",0,Yes
WCH_PUSH_3MIN,HUNTLEIGH USA CORP,HSV,vendor,3,48.54,Goal,Root/div/station/vendor,WCH_PUSH_3MIN/VND/HSV/HUNTLEIGH USA CORP,1,No
WCH_PUSH_3MIN,WCH,HUNTLEIGH USA CORP,function,4,100.0,Goal,Root/div/station/vendor/function,WCH_PUSH_3MIN/VND/HSV/HUNTLEIGH USA CORP/WCH,0,Yes
WCH_PUSH_3MIN,IAD,VND,station,2,0.09,Goal,Root/div/station,WCH_PUSH_3MIN/VND/IAD,4,No
WCH_PUSH_3MIN,",null,",IAD,vendor,3,29.61,Goal,Root/div/station/vendor,"WCH_PUSH_3MIN/VND/IAD/,null,",1,No
WCH_PUSH_3MIN,WCH,",null,",function,4,100.0,Goal,Root/div/station/vendor/function,"WCH_PUSH_3MIN/VND/IAD/,null,/WCH",0,Yes
WCH_PUSH_3MIN,G2,IAD,vendor,3,19.2,Goal,Root/div/station/vendor,WCH_PUSH_3MIN/VND/IAD/G2,1,No
WCH_PUSH_3MIN,WCH,G2,function,4,100.0,Goal,Root/div/station/vendor/function,WCH_PUSH_3MIN/VND/IAD/G2/WCH,0,Yes
WCH_PUSH_3MIN,Maximus Global Services,IAD,vendor,3,50.1,Goal,Root/div/station/vendor,WCH_PUSH_3MIN/VND/IAD/Maximus Global Services,1,No
WCH_PUSH_3MIN,WCH,Maximus Global Services,function,4,100.0,Goal,Root/div/station/vendor/function,WCH_PUSH_3MIN/VND/IAD/Maximus Global Services/WCH,0,Yes
WCH_PUSH_3MIN,Menzies Aviation,IAD,vendor,3,1.09,Goal,Root/div/station/vendor,WCH_PUSH_3MIN/VND/IAD/Menzies Aviation,1,No
WCH_PUSH_3MIN,WCH,Menzies Aviation,function,4,100.0,Goal,Root/div/station/vendor/function,WCH_PUSH_3MIN/VND/IAD/Menzies Aviation/WCH,0,Yes
WCH_PUSH_3MIN,IAH,VND,station,2,0.23,Goal,Root/div/station,WCH_PUSH_3MIN/VND/IAH,4,No
WCH_PUSH_3MIN,",null,",IAH,vendor,3,26.04,Goal,Root/div/station/vendor,"WCH_PUSH_3MIN/VND/IAH/,null,",1,No
WCH_PUSH_3MIN,WCH,",null,",function,4,100.0,Goal,Root/div/station/vendor/function,"WCH_PUSH_3MIN/VND/IAH/,null,/WCH",0,Yes
WCH_PUSH_3MIN,ABM,IAH,vendor,3,11.13,Goal,Root/div/station/vendor,WCH_PUSH_3MIN/VND/IAH/ABM,1,No
WCH_PUSH_3MIN,WCH,ABM,function,4,100.0,Goal,Root/div/station/vendor/function,WCH_PUSH_3MIN/VND/IAH/ABM/WCH,0,Yes
WCH_PUSH_3MIN,G2,IAH,vendor,3,48.29,Goal,Root/div/station/vendor,WCH_PUSH_3MIN/VND/IAH/G2,1,No
WCH_PUSH_3MIN,WCH,G2,function,4,100.0,Goal,Root/div/station/vendor/function,WCH_PUSH_3MIN/VND/IAH/G2/WCH,0,Yes
WCH_PUSH_3MIN,Menzies Aviation,IAH,vendor,3,14.54,Goal,Root/div/station/vendor,WCH_PUSH_3MIN/VND/IAH/Menzies Aviation,1,No
WCH_PUSH_3MIN,WCH,Menzies Aviation,function,4,100.0,Goal,Root/div/station/vendor/function,WCH_PUSH_3MIN/VND/IAH/Menzies Aviation/WCH,0,Yes
WCH_PUSH_3MIN,ICN,VND,station,2,0.14,Goal,Root/div/station,WCH_PUSH_3MIN/VND/ICN,1,No
WCH_PUSH_3MIN,Korean Air,ICN,vendor,3,100.0,Goal,Root/div/station/vendor,WCH_PUSH_3MIN/VND/ICN/Korean Air,1,No
WCH_PUSH_3MIN,WCH,Korean Air,function,4,100.0,Goal,Root/div/station/vendor/function,WCH_PUSH_3MIN/VND/ICN/Korean Air/WCH,0,Yes
WCH_PUSH_3MIN,ICT,VND,station,2,0.05,Goal,Root/div/station,WCH_PUSH_3MIN/VND/ICT,2,No
WCH_PUSH_3MIN,",null,",ICT,vendor,3,36.86,Goal,Root/div/station/vendor,"WCH_PUSH_3MIN/VND/ICT/,null,",1,No
WCH_PUSH_3MIN,WCH,",null,",function,4,100.0,Goal,Root/div/station/vendor/function,"WCH_PUSH_3MIN/VND/ICT/,null,/WCH",0,Yes
WCH_PUSH_3MIN,Unifi,ICT,vendor,3,63.14,Goal,Root/div/station/vendor,WCH_PUSH_3MIN/VND/ICT/Unifi,1,No
WCH_PUSH_3MIN,WCH,Unifi,function,4,100.0,Goal,Root/div/station/vendor/function,WCH_PUSH_3MIN/VND/ICT/Unifi/WCH,0,Yes
WCH_PUSH_3MIN,IDA,VND,station,2,0.06,Goal,Root/div/station,WCH_PUSH_3MIN/VND/IDA,1,No
WCH_PUSH_3MIN,SkyWest,IDA,vendor,3,100.0,Goal,Root/div/station/vendor,WCH_PUSH_3MIN/VND/IDA/SkyWest,1,No
WCH_PUSH_3MIN,WCH,SkyWest,function,4,100.0,Goal,Root/div/station/vendor/function,WCH_PUSH_3MIN/VND/IDA/SkyWest/WCH,0,Yes
WCH_PUSH_3MIN,ILM,VND,station,2,0.31,Goal,Root/div/station,WCH_PUSH_3MIN/VND/ILM,2,No
WCH_PUSH_3MIN,",null,",ILM,vendor,3,49.56,Goal,Root/div/station/vendor,"WCH_PUSH_3MIN/VND/ILM/,null,",1,No
WCH_PUSH_3MIN,WCH,",null,",function,4,100.0,Goal,Root/div/station/vendor/function,"WCH_PUSH_3MIN/VND/ILM/,null,/WCH",0,Yes
WCH_PUSH_3MIN,"SUPERIOR AIRCRAFT SERVICES, INC.",ILM,vendor,3,50.44,Goal,Root/div/station/vendor,"WCH_PUSH_3MIN/VND/ILM/SUPERIOR AIRCRAFT SERVICES, INC.",1,No
WCH_PUSH_3MIN,WCH,"SUPERIOR AIRCRAFT SERVICES, INC.",function,4,100.0,Goal,Root/div/station/vendor/function,"WCH_PUSH_3MIN/VND/ILM/SUPERIOR AIRCRAFT SERVICES, INC./WCH",0,Yes
WCH_PUSH_3MIN,IMT,VND,station,2,0.07,Goal,Root/div/station,WCH_PUSH_3MIN/VND/IMT,1,No
WCH_PUSH_3MIN,Unifi,IMT,vendor,3,100.0,Goal,Root/div/station/vendor,WCH_PUSH_3MIN/VND/IMT/Unifi,1,No
WCH_PUSH_3MIN,WCH,Unifi,function,4,100.0,Goal,Root/div/station/vendor/function,WCH_PUSH_3MIN/VND/IMT/Unifi/WCH,0,Yes
WCH_PUSH_3MIN,IND,VND,station,2,0.29,Goal,Root/div/station,WCH_PUSH_3MIN/VND/IND,3,No
WCH_PUSH_3MIN,",null,",IND,vendor,3,12.99,Goal,Root/div/station/vendor,"WCH_PUSH_3MIN/VND/IND/,null,",1,No
WCH_PUSH_3MIN,WCH,",null,",function,4,100.0,Goal,Root/div/station/vendor/function,"WCH_PUSH_3MIN/VND/IND/,null,/WCH",0,Yes
WCH_PUSH_3MIN,G2,IND,vendor,3,42.64,Goal,Root/div/station/vendor,WCH_PUSH_3MIN/VND/IND/G2,1,No
WCH_PUSH_3MIN,WCH,G2,function,4,100.0,Goal,Root/div/station/vendor/function,WCH_PUSH_3MIN/VND/IND/G2/WCH,0,Yes
WCH_PUSH_3MIN,Menzies Aviation,IND,vendor,3,44.37,Goal,Root/div/station/vendor,WCH_PUSH_3MIN/VND/IND/Menzies Aviation,1,No
WCH_PUSH_3MIN,WCH,Menzies Aviation,function,4,100.0,Goal,Root/div/station/vendor/function,WCH_PUSH_3MIN/VND/IND/Menzies Aviation/WCH,0,Yes
WCH_PUSH_3MIN,INL,VND,station,2,0.12,Goal,Root/div/station,WCH_PUSH_3MIN/VND/INL,1,No
WCH_PUSH_3MIN,Unifi,INL,vendor,3,100.0,Goal,Root/div/station/vendor,WCH_PUSH_3MIN/VND/INL/Unifi,1,No
WCH_PUSH_3MIN,WCH,Unifi,function,4,100.0,Goal,Root/div/station/vendor/function,WCH_PUSH_3MIN/VND/INL/Unifi/WCH,0,Yes
WCH_PUSH_3MIN,ITH,VND,station,2,0.05,Goal,Root/div/station,WCH_PUSH_3MIN/VND/ITH,1,No
WCH_PUSH_3MIN,Unifi,ITH,vendor,3,100.0,Goal,Root/div/station/vendor,WCH_PUSH_3MIN/VND/ITH/Unifi,1,No
WCH_PUSH_3MIN,WCH,Unifi,function,4,100.0,Goal,Root/div/station/vendor/function,WCH_PUSH_3MIN/VND/ITH/Unifi/WCH,0,Yes
WCH_PUSH_3MIN,JAC,VND,station,2,0.26,Goal,Root/div/station,WCH_PUSH_3MIN/VND/JAC,3,No
WCH_PUSH_3MIN,",null,",JAC,vendor,3,43.74,Goal,Root/div/station/vendor,"WCH_PUSH_3MIN/VND/JAC/,null,",1,No
WCH_PUSH_3MIN,WCH,",null,",function,4,100.0,Goal,Root/div/station/vendor/function,"WCH_PUSH_3MIN/VND/JAC/,null,/WCH",0,Yes
WCH_PUSH_3MIN,SkyWest,JAC,vendor,3,8.47,Goal,Root/div/station/vendor,WCH_PUSH_3MIN/VND/JAC/SkyWest,1,No
WCH_PUSH_3MIN,WCH,SkyWest,function,4,100.0,Goal,Root/div/station/vendor/function,WCH_PUSH_3MIN/VND/JAC/SkyWest/WCH,0,Yes
WCH_PUSH_3MIN,Unifi,JAC,vendor,3,47.79,Goal,Root/div/station/vendor,WCH_PUSH_3MIN/VND/JAC/Unifi,1,No
WCH_PUSH_3MIN,WCH,Unifi,function,4,100.0,Goal,Root/div/station/vendor/function,WCH_PUSH_3MIN/VND/JAC/Unifi/WCH,0,Yes
WCH_PUSH_3MIN,JAN,VND,station,2,0.04,Goal,Root/div/station,WCH_PUSH_3MIN/VND/JAN,2,No
WCH_PUSH_3MIN,",null,",JAN,vendor,3,62.46,Goal,Root/div/station/vendor,"WCH_PUSH_3MIN/VND/JAN/,null,",1,No
WCH_PUSH_3MIN,WCH,",null,",function,4,100.0,Goal,Root/div/station/vendor/function,"WCH_PUSH_3MIN/VND/JAN/,null,/WCH",0,Yes
WCH_PUSH_3MIN,GAT,JAN,vendor,3,37.54,Goal,Root/div/station/vendor,WCH_PUSH_3MIN/VND/JAN/GAT,1,No
WCH_PUSH_3MIN,WCH,GAT,function,4,100.0,Goal,Root/div/station/vendor/function,WCH_PUSH_3MIN/VND/JAN/GAT/WCH,0,Yes
WCH_PUSH_3MIN,JAX,VND,station,2,0.26,Goal,Root/div/station,WCH_PUSH_3MIN/VND/JAX,3,No
WCH_PUSH_3MIN,",null,",JAX,vendor,3,54.52,Goal,Root/div/station/vendor,"WCH_PUSH_3MIN/VND/JAX/,null,",1,No
WCH_PUSH_3MIN,WCH,",null,",function,4,100.0,Goal,Root/div/station/vendor/function,"WCH_PUSH_3MIN/VND/JAX/,null,/WCH",0,Yes
WCH_PUSH_3MIN,Prospect,JAX,vendor,3,7.92,Goal,Root/div/station/vendor,WCH_PUSH_3MIN/VND/JAX/Prospect,1,No
WCH_PUSH_3MIN,WCH,Prospect,function,4,100.0,Goal,Root/div/station/vendor/function,WCH_PUSH_3MIN/VND/JAX/Prospect/WCH,0,Yes
WCH_PUSH_3MIN,Unifi,JAX,vendor,3,37.56,Goal,Root/div/station/vendor,WCH_PUSH_3MIN/VND/JAX/Unifi,1,No
WCH_PUSH_3MIN,WCH,Unifi,function,4,100.0,Goal,Root/div/station/vendor/function,WCH_PUSH_3MIN/VND/JAX/Unifi/WCH,0,Yes
WCH_PUSH_3MIN,JFK,VND,station,2,0.01,Goal,Root/div/station,WCH_PUSH_3MIN/VND/JFK,3,No
WCH_PUSH_3MIN,",null,",JFK,vendor,3,43.27,Goal,Root/div/station/vendor,"WCH_PUSH_3MIN/VND/JFK/,null,",1,No
WCH_PUSH_3MIN,WCH,",null,",function,4,100.0,Goal,Root/div/station/vendor/function,"WCH_PUSH_3MIN/VND/JFK/,null,/WCH",0,Yes
WCH_PUSH_3MIN,PAX ASSIST INC,JFK,vendor,3,9.36,Goal,Root/div/station/vendor,WCH_PUSH_3MIN/VND/JFK/PAX ASSIST INC,1,No
WCH_PUSH_3MIN,WCH,PAX ASSIST INC,function,4,100.0,Goal,Root/div/station/vendor/function,WCH_PUSH_3MIN/VND/JFK/PAX ASSIST INC/WCH,0,Yes
WCH_PUSH_3MIN,Unifi,JFK,vendor,3,47.37,Goal,Root/div/station/vendor,WCH_PUSH_3MIN/VND/JFK/Unifi,1,No
WCH_PUSH_3MIN,WCH,Unifi,function,4,100.0,Goal,Root/div/station/vendor/function,WCH_PUSH_3MIN/VND/JFK/Unifi/WCH,0,Yes
WCH_PUSH_3MIN,JNB,VND,station,2,0.22,Goal,Root/div/station,WCH_PUSH_3MIN/VND/JNB,2,No
WCH_PUSH_3MIN,Colossal,JNB,vendor,3,65.79,Goal,Root/div/station/vendor,WCH_PUSH_3MIN/VND/JNB/Colossal,1,No
WCH_PUSH_3MIN,WCH,Colossal,function,4,100.0,Goal,Root/div/station/vendor/function,WCH_PUSH_3MIN/VND/JNB/Colossal/WCH,0,Yes
WCH_PUSH_3MIN,Swissport,JNB,vendor,3,34.21,Goal,Root/div/station/vendor,WCH_PUSH_3MIN/VND/JNB/Swissport,1,No
WCH_PUSH_3MIN,WCH,Swissport,function,4,100.0,Goal,Root/div/station/vendor/function,WCH_PUSH_3MIN/VND/JNB/Swissport/WCH,0,Yes
WCH_PUSH_3MIN,JNU,VND,station,2,0.01,Goal,Root/div/station,WCH_PUSH_3MIN/VND/JNU,1,No
WCH_PUSH_3MIN,Unifi,JNU,vendor,3,100.0,Goal,Root/div/station/vendor,WCH_PUSH_3MIN/VND/JNU/Unifi,1,No
WCH_PUSH_3MIN,WCH,Unifi,function,4,100.0,Goal,Root/div/station/vendor/function,WCH_PUSH_3MIN/VND/JNU/Unifi/WCH,0,Yes
WCH_PUSH_3MIN,KEF,VND,station,2,0.0,Goal,Root/div/station,WCH_PUSH_3MIN/VND/KEF,1,No
WCH_PUSH_3MIN,Airport,KEF,vendor,3,100.0,Goal,Root/div/station/vendor,WCH_PUSH_3MIN/VND/KEF/Airport,1,No
WCH_PUSH_3MIN,WCH,Airport,function,4,100.0,Goal,Root/div/station/vendor/function,WCH_PUSH_3MIN/VND/KEF/Airport/WCH,0,Yes
WCH_PUSH_3MIN,KIN,VND,station,2,0.31,Goal,Root/div/station,WCH_PUSH_3MIN/VND/KIN,3,No
WCH_PUSH_3MIN,AJAS,KIN,vendor,3,9.35,Goal,Root/div/station/vendor,WCH_PUSH_3MIN/VND/KIN/AJAS,1,No
WCH_PUSH_3MIN,WCH,AJAS,function,4,100.0,Goal,Root/div/station/vendor/function,WCH_PUSH_3MIN/VND/KIN/AJAS/WCH,0,Yes
WCH_PUSH_3MIN,GCG GROUND SERVICES LLC,KIN,vendor,3,50.33,Goal,Root/div/station/vendor,WCH_PUSH_3MIN/VND/KIN/GCG GROUND SERVICES LLC,1,No
WCH_PUSH_3MIN,WCH,GCG GROUND SERVICES LLC,function,4,100.0,Goal,Root/div/station/vendor/function,WCH_PUSH_3MIN/VND/KIN/GCG GROUND SERVICES LLC/WCH,0,Yes
WCH_PUSH_3MIN,Menzies Aviation,KIN,vendor,3,40.32,Goal,Root/div/station/vendor,WCH_PUSH_3MIN/VND/KIN/Menzies Aviation,1,No
WCH_PUSH_3MIN,WCH,Menzies Aviation,function,4,100.0,Goal,Root/div/station/vendor/function,WCH_PUSH_3MIN/VND/KIN/Menzies Aviation/WCH,0,Yes
WCH_PUSH_3MIN,KIX,VND,station,2,0.34,Goal,Root/div/station,WCH_PUSH_3MIN/VND/KIX,1,No
WCH_PUSH_3MIN,CKTS,KIX,vendor,3,100.0,Goal,Root/div/station/vendor,WCH_PUSH_3MIN/VND/KIX/CKTS,1,No
WCH_PUSH_3MIN,WCH,CKTS,function,4,100.0,Goal,Root/div/station/vendor/function,WCH_PUSH_3MIN/VND/KIX/CKTS/WCH,0,Yes
WCH_PUSH_3MIN,KOA,VND,station,2,0.37,Goal,Root/div/station,WCH_PUSH_3MIN/VND/KOA,2,No
WCH_PUSH_3MIN,",null,",KOA,vendor,3,81.64,Goal,Root/div/station/vendor,"WCH_PUSH_3MIN/VND/KOA/,null,",1,No
WCH_PUSH_3MIN,WCH,",null,",function,4,100.0,Goal,Root/div/station/vendor/function,"WCH_PUSH_3MIN/VND/KOA/,null,/WCH",0,Yes
WCH_PUSH_3MIN,Unifi,KOA,vendor,3,18.36,Goal,Root/div/station/vendor,WCH_PUSH_3MIN/VND/KOA/Unifi,1,No
WCH_PUSH_3MIN,WCH,Unifi,function,4,100.0,Goal,Root/div/station/vendor/function,WCH_PUSH_3MIN/VND/KOA/Unifi/WCH,0,Yes
WCH_PUSH_3MIN,KTN,VND,station,2,0.39,Goal,Root/div/station,WCH_PUSH_3MIN/VND/KTN,1,No
WCH_PUSH_3MIN,Unifi,KTN,vendor,3,100.0,Goal,Root/div/station/vendor,WCH_PUSH_3MIN/VND/KTN/Unifi,1,No
WCH_PUSH_3MIN,WCH,Unifi,function,4,100.0,Goal,Root/div/station/vendor/function,WCH_PUSH_3MIN/VND/KTN/Unifi/WCH,0,Yes
WCH_PUSH_3MIN,LAN,VND,station,2,0.16,Goal,Root/div/station,WCH_PUSH_3MIN/VND/LAN,2,No
WCH_PUSH_3MIN,",null,",LAN,vendor,3,60.74,Goal,Root/div/station/vendor,"WCH_PUSH_3MIN/VND/LAN/,null,",1,No
WCH_PUSH_3MIN,WCH,",null,",function,4,100.0,Goal,Root/div/station/vendor/function,"WCH_PUSH_3MIN/VND/LAN/,null,/WCH",0,Yes
WCH_PUSH_3MIN,Unifi,LAN,vendor,3,39.26,Goal,Root/div/station/vendor,WCH_PUSH_3MIN/VND/LAN/Unifi,1,No
WCH_PUSH_3MIN,WCH,Unifi,function,4,100.0,Goal,Root/div/station/vendor/function,WCH_PUSH_3MIN/VND/LAN/Unifi/WCH,0,Yes
WCH_PUSH_3MIN,LAS,VND,station,2,0.03,Goal,Root/div/station,WCH_PUSH_3MIN/VND/LAS,4,No
WCH_PUSH_3MIN,",null,",LAS,vendor,3,35.6,Goal,Root/div/station/vendor,"WCH_PUSH_3MIN/VND/LAS/,null,",1,No
WCH_PUSH_3MIN,WCH,",null,",function,4,100.0,Goal,Root/div/station/vendor/function,"WCH_PUSH_3MIN/VND/LAS/,null,/WCH",0,Yes
WCH_PUSH_3MIN,Prospect,LAS,vendor,3,5.02,Goal,Root/div/station/vendor,WCH_PUSH_3MIN/VND/LAS/Prospect,1,No
WCH_PUSH_3MIN,WCH,Prospect,function,4,100.0,Goal,Root/div/station/vendor/function,WCH_PUSH_3MIN/VND/LAS/Prospect/WCH,0,Yes
WCH_PUSH_3MIN,S.A.S. SERVICES GROUP INC,LAS,vendor,3,55.03,Goal,Root/div/station/vendor,WCH_PUSH_3MIN/VND/LAS/S.A.S. SERVICES GROUP INC,1,No
WCH_PUSH_3MIN,WCH,S.A.S. SERVICES GROUP INC,function,4,100.0,Goal,Root/div/station/vendor/function,WCH_PUSH_3MIN/VND/LAS/S.A.S. SERVICES GROUP INC/WCH,0,Yes
WCH_PUSH_3MIN,Unifi,LAS,vendor,3,4.35,Goal,Root/div/station/vendor,WCH_PUSH_3MIN/VND/LAS/Unifi,1,No
WCH_PUSH_3MIN,WCH,Unifi,function,4,100.0,Goal,Root/div/station/vendor/function,WCH_PUSH_3MIN/VND/LAS/Unifi/WCH,0,Yes
WCH_PUSH_3MIN,LAX,VND,station,2,0.11,Goal,Root/div/station,WCH_PUSH_3MIN/VND/LAX,4,No
WCH_PUSH_3MIN,",null,",LAX,vendor,3,53.16,Goal,Root/div/station/vendor,"WCH_PUSH_3MIN/VND/LAX/,null,",1,No
WCH_PUSH_3MIN,WCH,",null,",function,4,100.0,Goal,Root/div/station/vendor/function,"WCH_PUSH_3MIN/VND/LAX/,null,/WCH",0,Yes
WCH_PUSH_3MIN,G2,LAX,vendor,3,13.04,Goal,Root/div/station/vendor,WCH_PUSH_3MIN/VND/LAX/G2,1,No
WCH_PUSH_3MIN,WCH,G2,function,4,100.0,Goal,Root/div/station/vendor/function,WCH_PUSH_3MIN/VND/LAX/G2/WCH,0,Yes
WCH_PUSH_3MIN,Menzies Aviation,LAX,vendor,3,30.45,Goal,Root/div/station/vendor,WCH_PUSH_3MIN/VND/LAX/Menzies Aviation,1,No
WCH_PUSH_3MIN,WCH,Menzies Aviation,function,4,100.0,Goal,Root/div/station/vendor/function,WCH_PUSH_3MIN/VND/LAX/Menzies Aviation/WCH,0,Yes
WCH_PUSH_3MIN,Unifi,LAX,vendor,3,3.35,Goal,Root/div/station/vendor,WCH_PUSH_3MIN/VND/LAX/Unifi,1,No
WCH_PUSH_3MIN,WCH,Unifi,function,4,100.0,Goal,Root/div/station/vendor/function,WCH_PUSH_3MIN/VND/LAX/Unifi/WCH,0,Yes
WCH_PUSH_3MIN,LEX,VND,station,2,0.26,Goal,Root/div/station,WCH_PUSH_3MIN/VND/LEX,2,No
WCH_PUSH_3MIN,",null,",LEX,vendor,3,15.6,Goal,Root/div/station/vendor,"WCH_PUSH_3MIN/VND/LEX/,null,",1,No
WCH_PUSH_3MIN,WCH,",null,",function,4,100.0,Goal,Root/div/station/vendor/function,"WCH_PUSH_3MIN/VND/LEX/,null,/WCH",0,Yes
WCH_PUSH_3MIN,ABM,LEX,vendor,3,84.4,Goal,Root/div/station/vendor,WCH_PUSH_3MIN/VND/LEX/ABM,1,No
WCH_PUSH_3MIN,WCH,ABM,function,4,100.0,Goal,Root/div/station/vendor/function,WCH_PUSH_3MIN/VND/LEX/ABM/WCH,0,Yes
WCH_PUSH_3MIN,LFT,VND,station,2,0.14,Goal,Root/div/station,WCH_PUSH_3MIN/VND/LFT,2,No
WCH_PUSH_3MIN,",null,",LFT,vendor,3,53.71,Goal,Root/div/station/vendor,"WCH_PUSH_3MIN/VND/LFT/,null,",1,No
WCH_PUSH_3MIN,WCH,",null,",function,4,100.0,Goal,Root/div/station/vendor/function,"WCH_PUSH_3MIN/VND/LFT/,null,/WCH",0,Yes
WCH_PUSH_3MIN,Unifi,LFT,vendor,3,46.29,Goal,Root/div/station/vendor,WCH_PUSH_3MIN/VND/LFT/Unifi,1,No
WCH_PUSH_3MIN,WCH,Unifi,function,4,100.0,Goal,Root/div/station/vendor/function,WCH_PUSH_3MIN/VND/LFT/Unifi/WCH,0,Yes
WCH_PUSH_3MIN,LGA,VND,station,2,0.27,Goal,Root/div/station,WCH_PUSH_3MIN/VND/LGA,4,No
WCH_PUSH_3MIN,",null,",LGA,vendor,3,0.1,Goal,Root/div/station/vendor,"WCH_PUSH_3MIN/VND/LGA/,null,",1,No
WCH_PUSH_3MIN,WCH,",null,",function,4,100.0,Goal,Root/div/station/vendor/function,"WCH_PUSH_3MIN/VND/LGA/,null,/WCH",0,Yes
WCH_PUSH_3MIN,"Aviation, Prosegur Services Group, Inc.",LGA,vendor,3,67.44,Goal,Root/div/station/vendor,"WCH_PUSH_3MIN/VND/LGA/Aviation, Prosegur Services Group, Inc.",1,No
WCH_PUSH_3MIN,WCH,"Aviation, Prosegur Services Group, Inc.",function,4,100.0,Goal,Root/div/station/vendor/function,"WCH_PUSH_3MIN/VND/LGA/Aviation, Prosegur Services Group, Inc./WCH",0,Yes
WCH_PUSH_3MIN,G2,LGA,vendor,3,18.34,Goal,Root/div/station/vendor,WCH_PUSH_3MIN/VND/LGA/G2,1,No
WCH_PUSH_3MIN,WCH,G2,function,4,100.0,Goal,Root/div/station/vendor/function,WCH_PUSH_3MIN/VND/LGA/G2/WCH,0,Yes
WCH_PUSH_3MIN,Menzies Aviation,LGA,vendor,3,14.12,Goal,Root/div/station/vendor,WCH_PUSH_3MIN/VND/LGA/Menzies Aviation,1,No
WCH_PUSH_3MIN,WCH,Menzies Aviation,function,4,100.0,Goal,Root/div/station/vendor/function,WCH_PUSH_3MIN/VND/LGA/Menzies Aviation/WCH,0,Yes
WCH_PUSH_3MIN,LGB,VND,station,2,0.25,Goal,Root/div/station,WCH_PUSH_3MIN/VND/LGB,2,No
WCH_PUSH_3MIN,",null,",LGB,vendor,3,76.33,Goal,Root/div/station/vendor,"WCH_PUSH_3MIN/VND/LGB/,null,",1,No
WCH_PUSH_3MIN,WCH,",null,",function,4,100.0,Goal,Root/div/station/vendor/function,"WCH_PUSH_3MIN/VND/LGB/,null,/WCH",0,Yes
WCH_PUSH_3MIN,Unifi,LGB,vendor,3,23.67,Goal,Root/div/station/vendor,WCH_PUSH_3MIN/VND/LGB/Unifi,1,No
WCH_PUSH_3MIN,WCH,Unifi,function,4,100.0,Goal,Root/div/station/vendor/function,WCH_PUSH_3MIN/VND/LGB/Unifi/WCH,0,Yes
WCH_PUSH_3MIN,LGW,VND,station,2,0.11,Goal,Root/div/station,WCH_PUSH_3MIN/VND/LGW,1,No
WCH_PUSH_3MIN,Airport,LGW,vendor,3,100.0,Goal,Root/div/station/vendor,WCH_PUSH_3MIN/VND/LGW/Airport,1,No
WCH_PUSH_3MIN,WCH,Airport,function,4,100.0,Goal,Root/div/station/vendor/function,WCH_PUSH_3MIN/VND/LGW/Airport/WCH,0,Yes
WCH_PUSH_3MIN,LHR,VND,station,2,0.11,Goal,Root/div/station,WCH_PUSH_3MIN/VND/LHR,1,No
WCH_PUSH_3MIN,Airport,LHR,vendor,3,100.0,Goal,Root/div/station/vendor,WCH_PUSH_3MIN/VND/LHR/Airport,1,No
WCH_PUSH_3MIN,WCH,Airport,function,4,100.0,Goal,Root/div/station/vendor/function,WCH_PUSH_3MIN/VND/LHR/Airport/WCH,0,Yes
WCH_PUSH_3MIN,LIH,VND,station,2,0.07,Goal,Root/div/station,WCH_PUSH_3MIN/VND/LIH,2,No
WCH_PUSH_3MIN,",null,",LIH,vendor,3,48.45,Goal,Root/div/station/vendor,"WCH_PUSH_3MIN/VND/LIH/,null,",1,No
WCH_PUSH_3MIN,WCH,",null,",function,4,100.0,Goal,Root/div/station/vendor/function,"WCH_PUSH_3MIN/VND/LIH/,null,/WCH",0,Yes
WCH_PUSH_3MIN,Unifi,LIH,vendor,3,51.55,Goal,Root/div/station/vendor,WCH_PUSH_3MIN/VND/LIH/Unifi,1,No
WCH_PUSH_3MIN,WCH,Unifi,function,4,100.0,Goal,Root/div/station/vendor/function,WCH_PUSH_3MIN/VND/LIH/Unifi/WCH,0,Yes
WCH_PUSH_3MIN,LIM,VND,station,2,0.27,Goal,Root/div/station,WCH_PUSH_3MIN/VND/LIM,1,No
WCH_PUSH_3MIN,Aviation Security,LIM,vendor,3,100.0,Goal,Root/div/station/vendor,WCH_PUSH_3MIN/VND/LIM/Aviation Security,1,No
WCH_PUSH_3MIN,WCH,Aviation Security,function,4,100.0,Goal,Root/div/station/vendor/function,WCH_PUSH_3MIN/VND/LIM/Aviation Security/WCH,0,Yes
WCH_PUSH_3MIN,LIR,VND,station,2,0.39,Goal,Root/div/station,WCH_PUSH_3MIN/VND/LIR,2,No
WCH_PUSH_3MIN,Aero Sphere A.S. Handling,LIR,vendor,3,17.56,Goal,Root/div/station/vendor,WCH_PUSH_3MIN/VND/LIR/Aero Sphere A.S. Handling,1,No
WCH_PUSH_3MIN,WCH,Aero Sphere A.S. Handling,function,4,100.0,Goal,Root/div/station/vendor/function,WCH_PUSH_3MIN/VND/LIR/Aero Sphere A.S. Handling/WCH,0,Yes
WCH_PUSH_3MIN,GCG GROUND SERVICES LLC,LIR,vendor,3,82.44,Goal,Root/div/station/vendor,WCH_PUSH_3MIN/VND/LIR/GCG GROUND SERVICES LLC,1,No
WCH_PUSH_3MIN,WCH,GCG GROUND SERVICES LLC,function,4,100.0,Goal,Root/div/station/vendor/function,WCH_PUSH_3MIN/VND/LIR/GCG GROUND SERVICES LLC/WCH,0,Yes
WCH_PUSH_3MIN,LIS,VND,station,2,0.31,Goal,Root/div/station,WCH_PUSH_3MIN/VND/LIS,1,No
WCH_PUSH_3MIN,Airport,LIS,vendor,3,100.0,Goal,Root/div/station/vendor,WCH_PUSH_3MIN/VND/LIS/Airport,1,No
WCH_PUSH_3MIN,WCH,Airport,function,4,100.0,Goal,Root/div/station/vendor/function,WCH_PUSH_3MIN/VND/LIS/Airport/WCH,0,Yes
WCH_PUSH_3MIN,LIT,VND,station,2,0.18,Goal,Root/div/station,WCH_PUSH_3MIN/VND/LIT,2,No
WCH_PUSH_3MIN,",null,",LIT,vendor,3,59.23,Goal,Root/div/station/vendor,"WCH_PUSH_3MIN/VND/LIT/,null,",1,No
WCH_PUSH_3MIN,WCH,",null,",function,4,100.0,Goal,Root/div/station/vendor/function,"WCH_PUSH_3MIN/VND/LIT/,null,/WCH",0,Yes
WCH_PUSH_3MIN,ABM,LIT,vendor,3,40.77,Goal,Root/div/station/vendor,WCH_PUSH_3MIN/VND/LIT/ABM,1,No
WCH_PUSH_3MIN,WCH,ABM,function,4,100.0,Goal,Root/div/station/vendor/function,WCH_PUSH_3MIN/VND/LIT/ABM/WCH,0,Yes
WCH_PUSH_3MIN,LNK,VND,station,2,0.29,Goal,Root/div/station,WCH_PUSH_3MIN/VND/LNK,1,No
WCH_PUSH_3MIN,Unifi,LNK,vendor,3,100.0,Goal,Root/div/station/vendor,WCH_PUSH_3MIN/VND/LNK/Unifi,1,No
WCH_PUSH_3MIN,WCH,Unifi,function,4,100.0,Goal,Root/div/station/vendor/function,WCH_PUSH_3MIN/VND/LNK/Unifi/WCH,0,Yes
WCH_PUSH_3MIN,LOS,VND,station,2,0.1,Goal,Root/div/station,WCH_PUSH_3MIN/VND/LOS,1,No
WCH_PUSH_3MIN,NAHCo,LOS,vendor,3,100.0,Goal,Root/div/station/vendor,WCH_PUSH_3MIN/VND/LOS/NAHCo,1,No
WCH_PUSH_3MIN,WCH,NAHCo,function,4,100.0,Goal,Root/div/station/vendor/function,WCH_PUSH_3MIN/VND/LOS/NAHCo/WCH,0,Yes
WCH_PUSH_3MIN,LSE,VND,station,2,0.38,Goal,Root/div/station,WCH_PUSH_3MIN/VND/LSE,1,No
WCH_PUSH_3MIN,Unifi,LSE,vendor,3,100.0,Goal,Root/div/station/vendor,WCH_PUSH_3MIN/VND/LSE/Unifi,1,No
WCH_PUSH_3MIN,WCH,Unifi,function,4,100.0,Goal,Root/div/station/vendor/function,WCH_PUSH_3MIN/VND/LSE/Unifi/WCH,0,Yes
WCH_PUSH_3MIN,LWS,VND,station,2,0.13,Goal,Root/div/station,WCH_PUSH_3MIN/VND/LWS,1,No
WCH_PUSH_3MIN,SkyWest,LWS,vendor,3,100.0,Goal,Root/div/station/vendor,WCH_PUSH_3MIN/VND/LWS/SkyWest,1,No
WCH_PUSH_3MIN,WCH,SkyWest,function,4,100.0,Goal,Root/div/station/vendor/function,WCH_PUSH_3MIN/VND/LWS/SkyWest/WCH,0,Yes
WCH_PUSH_3MIN,MAD,VND,station,2,0.04,Goal,Root/div/station,WCH_PUSH_3MIN/VND/MAD,1,No
WCH_PUSH_3MIN,Airport,MAD,vendor,3,100.0,Goal,Root/div/station/vendor,WCH_PUSH_3MIN/VND/MAD/Airport,1,No
WCH_PUSH_3MIN,WCH,Airport,function,4,100.0,Goal,Root/div/station/vendor/function,WCH_PUSH_3MIN/VND/MAD/Airport/WCH,0,Yes
WCH_PUSH_3MIN,MAF,VND,station,2,0.25,Goal,Root/div/station,WCH_PUSH_3MIN/VND/MAF,1,No
WCH_PUSH_3MIN,HHS Aviation,MAF,vendor,3,100.0,Goal,Root/div/station/vendor,WCH_PUSH_3MIN/VND/MAF/HHS Aviation,1,No
WCH_PUSH_3MIN,WCH,HHS Aviation,function,4,100.0,Goal,Root/div/station/vendor/function,WCH_PUSH_3MIN/VND/MAF/HHS Aviation/WCH,0,Yes
WCH_PUSH_3MIN,MBJ,VND,station,2,0.25,Goal,Root/div/station,WCH_PUSH_3MIN/VND/MBJ,3,No
WCH_PUSH_3MIN,AJAS,MBJ,vendor,3,64.63,Goal,Root/div/station/vendor,WCH_PUSH_3MIN/VND/MBJ/AJAS,2,No
WCH_PUSH_3MIN,Menzies,AJAS,function,4,70.06,Goal,Root/div/station/vendor/function,WCH_PUSH_3MIN/VND/MBJ/AJAS/Menzies,0,Yes
WCH_PUSH_3MIN,WCH,AJAS,function,4,29.94,Goal,Root/div/station/vendor/function,WCH_PUSH_3MIN/VND/MBJ/AJAS/WCH,0,Yes
WCH_PUSH_3MIN,Longport,MBJ,vendor,3,1.75,Goal,Root/div/station/vendor,WCH_PUSH_3MIN/VND/MBJ/Longport,1,No
WCH_PUSH_3MIN,WCH,Longport,function,4,100.0,Goal,Root/div/station/vendor/function,WCH_PUSH_3MIN/VND/MBJ/Longport/WCH,0,Yes
WCH_PUSH_3MIN,Menzies Aviation,MBJ,vendor,3,33.62,Goal,Root/div/station/vendor,WCH_PUSH_3MIN/VND/MBJ/Menzies Aviation,1,No
WCH_PUSH_3MIN,WCH,Menzies Aviation,function,4,100.0,Goal,Root/div/station/vendor/function,WCH_PUSH_3MIN/VND/MBJ/Menzies Aviation/WCH,0,Yes
WCH_PUSH_3MIN,MBS,VND,station,2,0.28,Goal,Root/div/station,WCH_PUSH_3MIN/VND/MBS,1,No
WCH_PUSH_3MIN,Unifi,MBS,vendor,3,100.0,Goal,Root/div/station/vendor,WCH_PUSH_3MIN/VND/MBS/Unifi,1,No
WCH_PUSH_3MIN,WCH,Unifi,function,4,100.0,Goal,Root/div/station/vendor/function,WCH_PUSH_3MIN/VND/MBS/Unifi/WCH,0,Yes
WCH_PUSH_3MIN,MCI,VND,station,2,0.25,Goal,Root/div/station,WCH_PUSH_3MIN/VND/MCI,2,No
WCH_PUSH_3MIN,",null,",MCI,vendor,3,30.35,Goal,Root/div/station/vendor,"WCH_PUSH_3MIN/VND/MCI/,null,",1,No
WCH_PUSH_3MIN,WCH,",null,",function,4,100.0,Goal,Root/div/station/vendor/function,"WCH_PUSH_3MIN/VND/MCI/,null,/WCH",0,Yes
WCH_PUSH_3MIN,HUNTLEIGH USA CORP,MCI,vendor,3,69.65,Goal,Root/div/station/vendor,WCH_PUSH_3MIN/VND/MCI/HUNTLEIGH USA CORP,1,No
WCH_PUSH_3MIN,WCH,HUNTLEIGH USA CORP,function,4,100.0,Goal,Root/div/station/vendor/function,WCH_PUSH_3MIN/VND/MCI/HUNTLEIGH USA CORP/WCH,0,Yes
WCH_PUSH_3MIN,MCO,VND,station,2,0.33,Goal,Root/div/station,WCH_PUSH_3MIN/VND/MCO,3,No
WCH_PUSH_3MIN,",null,",MCO,vendor,3,22.48,Goal,Root/div/station/vendor,"WCH_PUSH_3MIN/VND/MCO/,null,",1,No
WCH_PUSH_3MIN,WCH,",null,",function,4,100.0,Goal,Root/div/station/vendor/function,"WCH_PUSH_3MIN/VND/MCO/,null,/WCH",0,Yes
WCH_PUSH_3MIN,Prospect,MCO,vendor,3,56.97,Goal,Root/div/station/vendor,WCH_PUSH_3MIN/VND/MCO/Prospect,1,No
WCH_PUSH_3MIN,WCH,Prospect,function,4,100.0,Goal,Root/div/station/vendor/function,WCH_PUSH_3MIN/VND/MCO/Prospect/WCH,0,Yes
WCH_PUSH_3MIN,Unifi,MCO,vendor,3,20.55,Goal,Root/div/station/vendor,WCH_PUSH_3MIN/VND/MCO/Unifi,1,No
WCH_PUSH_3MIN,WCH,Unifi,function,4,100.0,Goal,Root/div/station/vendor/function,WCH_PUSH_3MIN/VND/MCO/Unifi/WCH,0,Yes
WCH_PUSH_3MIN,MDT,VND,station,2,0.02,Goal,Root/div/station,WCH_PUSH_3MIN/VND/MDT,2,No
WCH_PUSH_3MIN,",null,",MDT,vendor,3,50.38,Goal,Root/div/station/vendor,"WCH_PUSH_3MIN/VND/MDT/,null,",1,No
WCH_PUSH_3MIN,WCH,",null,",function,4,100.0,Goal,Root/div/station/vendor/function,"WCH_PUSH_3MIN/VND/MDT/,null,/WCH",0,Yes
WCH_PUSH_3MIN,Unifi,MDT,vendor,3,49.62,Goal,Root/div/station/vendor,WCH_PUSH_3MIN/VND/MDT/Unifi,1,No
WCH_PUSH_3MIN,WCH,Unifi,function,4,100.0,Goal,Root/div/station/vendor/function,WCH_PUSH_3MIN/VND/MDT/Unifi/WCH,0,Yes
WCH_PUSH_3MIN,MDW,VND,station,2,0.03,Goal,Root/div/station,WCH_PUSH_3MIN/VND/MDW,3,No
WCH_PUSH_3MIN,",null,",MDW,vendor,3,42.22,Goal,Root/div/station/vendor,"WCH_PUSH_3MIN/VND/MDW/,null,",1,No
WCH_PUSH_3MIN,WCH,",null,",function,4,100.0,Goal,Root/div/station/vendor/function,"WCH_PUSH_3MIN/VND/MDW/,null,/WCH",0,Yes
WCH_PUSH_3MIN,Prospect,MDW,vendor,3,51.62,Goal,Root/div/station/vendor,WCH_PUSH_3MIN/VND/MDW/Prospect,1,No
WCH_PUSH_3MIN,WCH,Prospect,function,4,100.0,Goal,Root/div/station/vendor/function,WCH_PUSH_3MIN/VND/MDW/Prospect/WCH,0,Yes
WCH_PUSH_3MIN,Unifi,MDW,vendor,3,6.16,Goal,Root/div/station/vendor,WCH_PUSH_3MIN/VND/MDW/Unifi,1,No
WCH_PUSH_3MIN,WCH,Unifi,function,4,100.0,Goal,Root/div/station/vendor/function,WCH_PUSH_3MIN/VND/MDW/Unifi/WCH,0,Yes
WCH_PUSH_3MIN,MEM,VND,station,2,0.27,Goal,Root/div/station,WCH_PUSH_3MIN/VND/MEM,2,No
WCH_PUSH_3MIN,",null,",MEM,vendor,3,99.7,Goal,Root/div/station/vendor,"WCH_PUSH_3MIN/VND/MEM/,null,",1,No
WCH_PUSH_3MIN,WCH,",null,",function,4,100.0,Goal,Root/div/station/vendor/function,"WCH_PUSH_3MIN/VND/MEM/,null,/WCH",0,Yes
WCH_PUSH_3MIN,Unifi,MEM,vendor,3,0.3,Goal,Root/div/station/vendor,WCH_PUSH_3MIN/VND/MEM/Unifi,1,No
WCH_PUSH_3MIN,WCH,Unifi,function,4,100.0,Goal,Root/div/station/vendor/function,WCH_PUSH_3MIN/VND/MEM/Unifi/WCH,0,Yes
WCH_PUSH_3MIN,MEX,VND,station,2,0.2,Goal,Root/div/station,WCH_PUSH_3MIN/VND/MEX,1,No
WCH_PUSH_3MIN,ORION SOPORTE Y SERVICIOS,MEX,vendor,3,100.0,Goal,Root/div/station/vendor,WCH_PUSH_3MIN/VND/MEX/ORION SOPORTE Y SERVICIOS,1,No
WCH_PUSH_3MIN,WCH,ORION SOPORTE Y SERVICIOS,function,4,100.0,Goal,Root/div/station/vendor/function,WCH_PUSH_3MIN/VND/MEX/ORION SOPORTE Y SERVICIOS/WCH,0,Yes
WCH_PUSH_3MIN,MFE,VND,station,2,0.07,Goal,Root/div/station,WCH_PUSH_3MIN/VND/MFE,2,No
WCH_PUSH_3MIN,",null,",MFE,vendor,3,54.51,Goal,Root/div/station/vendor,"WCH_PUSH_3MIN/VND/MFE/,null,",1,No
WCH_PUSH_3MIN,WCH,",null,",function,4,100.0,Goal,Root/div/station/vendor/function,"WCH_PUSH_3MIN/VND/MFE/,null,/WCH",0,Yes
WCH_PUSH_3MIN,PrimeFlight,MFE,vendor,3,45.49,Goal,Root/div/station/vendor,WCH_PUSH_3MIN/VND/MFE/PrimeFlight,1,No
WCH_PUSH_3MIN,WCH,PrimeFlight,function,4,100.0,Goal,Root/div/station/vendor/function,WCH_PUSH_3MIN/VND/MFE/PrimeFlight/WCH,0,Yes
WCH_PUSH_3MIN,MFR,VND,station,2,0.12,Goal,Root/div/station,WCH_PUSH_3MIN/VND/MFR,2,No
WCH_PUSH_3MIN,",null,",MFR,vendor,3,2.93,Goal,Root/div/station/vendor,"WCH_PUSH_3MIN/VND/MFR/,null,",1,No
WCH_PUSH_3MIN,WCH,",null,",function,4,100.0,Goal,Root/div/station/vendor/function,"WCH_PUSH_3MIN/VND/MFR/,null,/WCH",0,Yes
WCH_PUSH_3MIN,Unifi,MFR,vendor,3,97.07,Goal,Root/div/station/vendor,WCH_PUSH_3MIN/VND/MFR/Unifi,1,No
WCH_PUSH_3MIN,WCH,Unifi,function,4,100.0,Goal,Root/div/station/vendor/function,WCH_PUSH_3MIN/VND/MFR/Unifi/WCH,0,Yes
WCH_PUSH_3MIN,MGA,VND,station,2,0.1,Goal,Root/div/station,WCH_PUSH_3MIN/VND/MGA,1,No
WCH_PUSH_3MIN,EAAI,MGA,vendor,3,100.0,Goal,Root/div/station/vendor,WCH_PUSH_3MIN/VND/MGA/EAAI,1,No
WCH_PUSH_3MIN,WCH,EAAI,function,4,100.0,Goal,Root/div/station/vendor/function,WCH_PUSH_3MIN/VND/MGA/EAAI/WCH,0,Yes
WCH_PUSH_3MIN,MGM,VND,station,2,0.08,Goal,Root/div/station,WCH_PUSH_3MIN/VND/MGM,1,No
WCH_PUSH_3MIN,Unifi,MGM,vendor,3,100.0,Goal,Root/div/station/vendor,WCH_PUSH_3MIN/VND/MGM/Unifi,1,No
WCH_PUSH_3MIN,WCH,Unifi,function,4,100.0,Goal,Root/div/station/vendor/function,WCH_PUSH_3MIN/VND/MGM/Unifi/WCH,0,Yes
WCH_PUSH_3MIN,MHH,VND,station,2,0.0,Goal,Root/div/station,WCH_PUSH_3MIN/VND/MHH,2,No
WCH_PUSH_3MIN,Omega Aviation,MHH,vendor,3,96.82,Goal,Root/div/station/vendor,WCH_PUSH_3MIN/VND/MHH/Omega Aviation,1,No
WCH_PUSH_3MIN,WCH,Omega Aviation,function,4,100.0,Goal,Root/div/station/vendor/function,WCH_PUSH_3MIN/VND/MHH/Omega Aviation/WCH,0,Yes
WCH_PUSH_3MIN,Treasure,MHH,vendor,3,3.18,Goal,Root/div/station/vendor,WCH_PUSH_3MIN/VND/MHH/Treasure,1,No
WCH_PUSH_3MIN,WCH,Treasure,function,4,100.0,Goal,Root/div/station/vendor/function,WCH_PUSH_3MIN/VND/MHH/Treasure/WCH,0,Yes
WCH_PUSH_3MIN,MHT,VND,station,2,0.07,Goal,Root/div/station,WCH_PUSH_3MIN/VND/MHT,1,No
WCH_PUSH_3MIN,HUNTLEIGH USA CORP,MHT,vendor,3,100.0,Goal,Root/div/station/vendor,WCH_PUSH_3MIN/VND/MHT/HUNTLEIGH USA CORP,1,No
WCH_PUSH_3MIN,WCH,HUNTLEIGH USA CORP,function,4,100.0,Goal,Root/div/station/vendor/function,WCH_PUSH_3MIN/VND/MHT/HUNTLEIGH USA CORP/WCH,0,Yes
WCH_PUSH_3MIN,MIA,VND,station,2,0.03,Goal,Root/div/station,WCH_PUSH_3MIN/VND/MIA,2,No
WCH_PUSH_3MIN,",null,",MIA,vendor,3,56.95,Goal,Root/div/station/vendor,"WCH_PUSH_3MIN/VND/MIA/,null,",1,No
WCH_PUSH_3MIN,WCH,",null,",function,4,100.0,Goal,Root/div/station/vendor/function,"WCH_PUSH_3MIN/VND/MIA/,null,/WCH",0,Yes
WCH_PUSH_3MIN,Eulen,MIA,vendor,3,43.05,Goal,Root/div/station/vendor,WCH_PUSH_3MIN/VND/MIA/Eulen,1,No
WCH_PUSH_3MIN,WCH,Eulen,function,4,100.0,Goal,Root/div/station/vendor/function,WCH_PUSH_3MIN/VND/MIA/Eulen/WCH,0,Yes
WCH_PUSH_3MIN,MKE,VND,station,2,0.05,Goal,Root/div/station,WCH_PUSH_3MIN/VND/MKE,3,No
WCH_PUSH_3MIN,",null,",MKE,vendor,3,46.82,Goal,Root/div/station/vendor,"WCH_PUSH_3MIN/VND/MKE/,null,",1,No
WCH_PUSH_3MIN,WCH,",null,",function,4,100.0,Goal,Root/div/station/vendor/function,"WCH_PUSH_3MIN/VND/MKE/,null,/WCH",0,Yes
WCH_PUSH_3MIN,Prospect,MKE,vendor,3,46.22,Goal,Root/div/station/vendor,WCH_PUSH_3MIN/VND/MKE/Prospect,1,No
WCH_PUSH_3MIN,WCH,Prospect,function,4,100.0,Goal,Root/div/station/vendor/function,WCH_PUSH_3MIN/VND/MKE/Prospect/WCH,0,Yes
WCH_PUSH_3MIN,Unifi,MKE,vendor,3,6.96,Goal,Root/div/station/vendor,WCH_PUSH_3MIN/VND/MKE/Unifi,1,No
WCH_PUSH_3MIN,WCH,Unifi,function,4,100.0,Goal,Root/div/station/vendor/function,WCH_PUSH_3MIN/VND/MKE/Unifi/WCH,0,Yes
WCH_PUSH_3MIN,MLB,VND,station,2,0.24,Goal,Root/div/station,WCH_PUSH_3MIN/VND/MLB,2,No
WCH_PUSH_3MIN,",null,",MLB,vendor,3,55.24,Goal,Root/div/station/vendor,"WCH_PUSH_3MIN/VND/MLB/,null,",1,No
WCH_PUSH_3MIN,WCH,",null,",function,4,100.0,Goal,Root/div/station/vendor/function,"WCH_PUSH_3MIN/VND/MLB/,null,/WCH",0,Yes
WCH_PUSH_3MIN,CITY OF MELBOURNE,MLB,vendor,3,44.76,Goal,Root/div/station/vendor,WCH_PUSH_3MIN/VND/MLB/CITY OF MELBOURNE,1,No
WCH_PUSH_3MIN,WCH,CITY OF MELBOURNE,function,4,100.0,Goal,Root/div/station/vendor/function,WCH_PUSH_3MIN/VND/MLB/CITY OF MELBOURNE/WCH,0,Yes
WCH_PUSH_3MIN,MLI,VND,station,2,0.2,Goal,Root/div/station,WCH_PUSH_3MIN/VND/MLI,2,No
WCH_PUSH_3MIN,",null,",MLI,vendor,3,88.36,Goal,Root/div/station/vendor,"WCH_PUSH_3MIN/VND/MLI/,null,",1,No
WCH_PUSH_3MIN,WCH,",null,",function,4,100.0,Goal,Root/div/station/vendor/function,"WCH_PUSH_3MIN/VND/MLI/,null,/WCH",0,Yes
WCH_PUSH_3MIN,Unifi,MLI,vendor,3,11.64,Goal,Root/div/station/vendor,WCH_PUSH_3MIN/VND/MLI/Unifi,1,No
WCH_PUSH_3MIN,WCH,Unifi,function,4,100.0,Goal,Root/div/station/vendor/function,WCH_PUSH_3MIN/VND/MLI/Unifi/WCH,0,Yes
WCH_PUSH_3MIN,MLU,VND,station,2,0.04,Goal,Root/div/station,WCH_PUSH_3MIN/VND/MLU,1,No
WCH_PUSH_3MIN,Unifi,MLU,vendor,3,100.0,Goal,Root/div/station/vendor,WCH_PUSH_3MIN/VND/MLU/Unifi,1,No
WCH_PUSH_3MIN,WCH,Unifi,function,4,100.0,Goal,Root/div/station/vendor/function,WCH_PUSH_3MIN/VND/MLU/Unifi/WCH,0,Yes
WCH_PUSH_3MIN,MNL,VND,station,2,0.31,Goal,Root/div/station,WCH_PUSH_3MIN/VND/MNL,1,No
WCH_PUSH_3MIN,InterPacific,MNL,vendor,3,100.0,Goal,Root/div/station/vendor,WCH_PUSH_3MIN/VND/MNL/InterPacific,1,No
WCH_PUSH_3MIN,WCH,InterPacific,function,4,100.0,Goal,Root/div/station/vendor/function,WCH_PUSH_3MIN/VND/MNL/InterPacific/WCH,0,Yes
WCH_PUSH_3MIN,MOB,VND,station,2,0.25,Goal,Root/div/station,WCH_PUSH_3MIN/VND/MOB,1,No
WCH_PUSH_3MIN,GAT,MOB,vendor,3,100.0,Goal,Root/div/station/vendor,WCH_PUSH_3MIN/VND/MOB/GAT,1,No
WCH_PUSH_3MIN,WCH,GAT,function,4,100.0,Goal,Root/div/station/vendor/function,WCH_PUSH_3MIN/VND/MOB/GAT/WCH,0,Yes
WCH_PUSH_3MIN,MOT,VND,station,2,0.07,Goal,Root/div/station,WCH_PUSH_3MIN/VND/MOT,1,No
WCH_PUSH_3MIN,Unifi,MOT,vendor,3,100.0,Goal,Root/div/station/vendor,WCH_PUSH_3MIN/VND/MOT/Unifi,1,No
WCH_PUSH_3MIN,WCH,Unifi,function,4,100.0,Goal,Root/div/station/vendor/function,WCH_PUSH_3MIN/VND/MOT/Unifi/WCH,0,Yes
WCH_PUSH_3MIN,MQT,VND,station,2,0.25,Goal,Root/div/station,WCH_PUSH_3MIN/VND/MQT,2,No
WCH_PUSH_3MIN,",null,",MQT,vendor,3,21.32,Goal,Root/div/station/vendor,"WCH_PUSH_3MIN/VND/MQT/,null,",1,No
WCH_PUSH_3MIN,WCH,",null,",function,4,100.0,Goal,Root/div/station/vendor/function,"WCH_PUSH_3MIN/VND/MQT/,null,/WCH",0,Yes
WCH_PUSH_3MIN,SkyWest,MQT,vendor,3,78.68,Goal,Root/div/station/vendor,WCH_PUSH_3MIN/VND/MQT/SkyWest,1,No
WCH_PUSH_3MIN,WCH,SkyWest,function,4,100.0,Goal,Root/div/station/vendor/function,WCH_PUSH_3MIN/VND/MQT/SkyWest/WCH,0,Yes
WCH_PUSH_3MIN,MSN,VND,station,2,0.31,Goal,Root/div/station,WCH_PUSH_3MIN/VND/MSN,3,No
WCH_PUSH_3MIN,",null,",MSN,vendor,3,45.85,Goal,Root/div/station/vendor,"WCH_PUSH_3MIN/VND/MSN/,null,",1,No
WCH_PUSH_3MIN,WCH,",null,",function,4,100.0,Goal,Root/div/station/vendor/function,"WCH_PUSH_3MIN/VND/MSN/,null,/WCH",0,Yes
WCH_PUSH_3MIN,G2,MSN,vendor,3,7.49,Goal,Root/div/station/vendor,WCH_PUSH_3MIN/VND/MSN/G2,1,No
WCH_PUSH_3MIN,WCH,G2,function,4,100.0,Goal,Root/div/station/vendor/function,WCH_PUSH_3MIN/VND/MSN/G2/WCH,0,Yes
WCH_PUSH_3MIN,Menzies Aviation,MSN,vendor,3,46.66,Goal,Root/div/station/vendor,WCH_PUSH_3MIN/VND/MSN/Menzies Aviation,1,No
WCH_PUSH_3MIN,WCH,Menzies Aviation,function,4,100.0,Goal,Root/div/station/vendor/function,WCH_PUSH_3MIN/VND/MSN/Menzies Aviation/WCH,0,Yes
WCH_PUSH_3MIN,MSO,VND,station,2,0.06,Goal,Root/div/station,WCH_PUSH_3MIN/VND/MSO,2,No
WCH_PUSH_3MIN,",null,",MSO,vendor,3,0.53,Goal,Root/div/station/vendor,"WCH_PUSH_3MIN/VND/MSO/,null,",1,No
WCH_PUSH_3MIN,WCH,",null,",function,4,100.0,Goal,Root/div/station/vendor/function,"WCH_PUSH_3MIN/VND/MSO/,null,/WCH",0,Yes
WCH_PUSH_3MIN,Unifi,MSO,vendor,3,99.47,Goal,Root/div/station/vendor,WCH_PUSH_3MIN/VND/MSO/Unifi,1,No
WCH_PUSH_3MIN,WCH,Unifi,function,4,100.0,Goal,Root/div/station/vendor/function,WCH_PUSH_3MIN/VND/MSO/Unifi/WCH,0,Yes
WCH_PUSH_3MIN,MSP,VND,station,2,0.34,Goal,Root/div/station,WCH_PUSH_3MIN/VND/MSP,3,No
WCH_PUSH_3MIN,",null,",MSP,vendor,3,18.85,Goal,Root/div/station/vendor,"WCH_PUSH_3MIN/VND/MSP/,null,",1,No
WCH_PUSH_3MIN,WCH,",null,",function,4,100.0,Goal,Root/div/station/vendor/function,"WCH_PUSH_3MIN/VND/MSP/,null,/WCH",0,Yes
WCH_PUSH_3MIN,Prospect,MSP,vendor,3,52.87,Goal,Root/div/station/vendor,WCH_PUSH_3MIN/VND/MSP/Prospect,1,No
WCH_PUSH_3MIN,WCH,Prospect,function,4,100.0,Goal,Root/div/station/vendor/function,WCH_PUSH_3MIN/VND/MSP/Prospect/WCH,0,Yes
WCH_PUSH_3MIN,Unifi,MSP,vendor,3,28.28,Goal,Root/div/station/vendor,WCH_PUSH_3MIN/VND/MSP/Unifi,1,No
WCH_PUSH_3MIN,WCH,Unifi,function,4,100.0,Goal,Root/div/station/vendor/function,WCH_PUSH_3MIN/VND/MSP/Unifi/WCH,0,Yes
WCH_PUSH_3MIN,MSY,VND,station,2,0.1,Goal,Root/div/station,WCH_PUSH_3MIN/VND/MSY,2,No
WCH_PUSH_3MIN,",null,",MSY,vendor,3,49.84,Goal,Root/div/station/vendor,"WCH_PUSH_3MIN/VND/MSY/,null,",1,No
WCH_PUSH_3MIN,WCH,",null,",function,4,100.0,Goal,Root/div/station/vendor/function,"WCH_PUSH_3MIN/VND/MSY/,null,/WCH",0,Yes
WCH_PUSH_3MIN,GAT,MSY,vendor,3,50.16,Goal,Root/div/station/vendor,WCH_PUSH_3MIN/VND/MSY/GAT,1,No
WCH_PUSH_3MIN,WCH,GAT,function,4,100.0,Goal,Root/div/station/vendor/function,WCH_PUSH_3MIN/VND/MSY/GAT/WCH,0,Yes
WCH_PUSH_3MIN,MTJ,VND,station,2,0.22,Goal,Root/div/station,WCH_PUSH_3MIN/VND/MTJ,3,No
WCH_PUSH_3MIN,G2,MTJ,vendor,3,46.03,Goal,Root/div/station/vendor,WCH_PUSH_3MIN/VND/MTJ/G2,1,No
WCH_PUSH_3MIN,WCH,G2,function,4,100.0,Goal,Root/div/station/vendor/function,WCH_PUSH_3MIN/VND/MTJ/G2/WCH,0,Yes
WCH_PUSH_3MIN,Menzies Aviation,MTJ,vendor,3,33.92,Goal,Root/div/station/vendor,WCH_PUSH_3MIN/VND/MTJ/Menzies Aviation,1,No
WCH_PUSH_3MIN,WCH,Menzies Aviation,function,4,100.0,Goal,Root/div/station/vendor/function,WCH_PUSH_3MIN/VND/MTJ/Menzies Aviation/WCH,0,Yes
WCH_PUSH_3MIN,SkyWest,MTJ,vendor,3,20.05,Goal,Root/div/station/vendor,WCH_PUSH_3MIN/VND/MTJ/SkyWest,1,No
WCH_PUSH_3MIN,WCH,SkyWest,function,4,100.0,Goal,Root/div/station/vendor/function,WCH_PUSH_3MIN/VND/MTJ/SkyWest/WCH,0,Yes
WCH_PUSH_3MIN,MTY,VND,station,2,0.29,Goal,Root/div/station,WCH_PUSH_3MIN/VND/MTY,1,No
WCH_PUSH_3MIN,GDL GROUND HANDLING SADE CV,MTY,vendor,3,100.0,Goal,Root/div/station/vendor,WCH_PUSH_3MIN/VND/MTY/GDL GROUND HANDLING SADE CV,1,No
WCH_PUSH_3MIN,WCH,GDL GROUND HANDLING SADE CV,function,4,100.0,Goal,Root/div/station/vendor/function,WCH_PUSH_3MIN/VND/MTY/GDL GROUND HANDLING SADE CV/WCH,0,Yes
WCH_PUSH_3MIN,MUC,VND,station,2,0.24,Goal,Root/div/station,WCH_PUSH_3MIN/VND/MUC,1,No
WCH_PUSH_3MIN,Airport,MUC,vendor,3,100.0,Goal,Root/div/station/vendor,WCH_PUSH_3MIN/VND/MUC/Airport,1,No
WCH_PUSH_3MIN,WCH,Airport,function,4,100.0,Goal,Root/div/station/vendor/function,WCH_PUSH_3MIN/VND/MUC/Airport/WCH,0,Yes
WCH_PUSH_3MIN,MVY,VND,station,2,0.02,Goal,Root/div/station,WCH_PUSH_3MIN/VND/MVY,1,No
WCH_PUSH_3MIN,Unifi,MVY,vendor,3,100.0,Goal,Root/div/station/vendor,WCH_PUSH_3MIN/VND/MVY/Unifi,1,No
WCH_PUSH_3MIN,WCH,Unifi,function,4,100.0,Goal,Root/div/station/vendor/function,WCH_PUSH_3MIN/VND/MVY/Unifi/WCH,0,Yes
WCH_PUSH_3MIN,MXP,VND,station,2,0.27,Goal,Root/div/station,WCH_PUSH_3MIN/VND/MXP,1,No
WCH_PUSH_3MIN,Airport,MXP,vendor,3,100.0,Goal,Root/div/station/vendor,WCH_PUSH_3MIN/VND/MXP/Airport,1,No
WCH_PUSH_3MIN,WCH,Airport,function,4,100.0,Goal,Root/div/station/vendor/function,WCH_PUSH_3MIN/VND/MXP/Airport/WCH,0,Yes
WCH_PUSH_3MIN,MYR,VND,station,2,0.13,Goal,Root/div/station,WCH_PUSH_3MIN/VND/MYR,2,No
WCH_PUSH_3MIN,",null,",MYR,vendor,3,64.48,Goal,Root/div/station/vendor,"WCH_PUSH_3MIN/VND/MYR/,null,",1,No
WCH_PUSH_3MIN,WCH,",null,",function,4,100.0,Goal,Root/div/station/vendor/function,"WCH_PUSH_3MIN/VND/MYR/,null,/WCH",0,Yes
WCH_PUSH_3MIN,"SUPERIOR AIRCRAFT SERVICES, INC.",MYR,vendor,3,35.52,Goal,Root/div/station/vendor,"WCH_PUSH_3MIN/VND/MYR/SUPERIOR AIRCRAFT SERVICES, INC.",1,No
WCH_PUSH_3MIN,WCH,"SUPERIOR AIRCRAFT SERVICES, INC.",function,4,100.0,Goal,Root/div/station/vendor/function,"WCH_PUSH_3MIN/VND/MYR/SUPERIOR AIRCRAFT SERVICES, INC./WCH",0,Yes
WCH_PUSH_3MIN,MZT,VND,station,2,0.16,Goal,Root/div/station,WCH_PUSH_3MIN/VND/MZT,1,No
WCH_PUSH_3MIN,GDL GROUND HANDLING SA DE CV,MZT,vendor,3,100.0,Goal,Root/div/station/vendor,WCH_PUSH_3MIN/VND/MZT/GDL GROUND HANDLING SA DE CV,1,No
WCH_PUSH_3MIN,WCH,GDL GROUND HANDLING SA DE CV,function,4,100.0,Goal,Root/div/station/vendor/function,WCH_PUSH_3MIN/VND/MZT/GDL GROUND HANDLING SA DE CV/WCH,0,Yes
WCH_PUSH_3MIN,NAP,VND,station,2,0.37,Goal,Root/div/station,WCH_PUSH_3MIN/VND/NAP,1,No
WCH_PUSH_3MIN,Airport,NAP,vendor,3,100.0,Goal,Root/div/station/vendor,WCH_PUSH_3MIN/VND/NAP/Airport,1,No
WCH_PUSH_3MIN,WCH,Airport,function,4,100.0,Goal,Root/div/station/vendor/function,WCH_PUSH_3MIN/VND/NAP/Airport/WCH,0,Yes
WCH_PUSH_3MIN,NAS,VND,station,2,0.15,Goal,Root/div/station,WCH_PUSH_3MIN/VND/NAS,1,No
WCH_PUSH_3MIN,More Security Bahamas,NAS,vendor,3,100.0,Goal,Root/div/station/vendor,WCH_PUSH_3MIN/VND/NAS/More Security Bahamas,1,No
WCH_PUSH_3MIN,WCH,More Security Bahamas,function,4,100.0,Goal,Root/div/station/vendor/function,WCH_PUSH_3MIN/VND/NAS/More Security Bahamas/WCH,0,Yes
WCH_PUSH_3MIN,NCE,VND,station,2,0.03,Goal,Root/div/station,WCH_PUSH_3MIN/VND/NCE,1,No
WCH_PUSH_3MIN,Airport,NCE,vendor,3,100.0,Goal,Root/div/station/vendor,WCH_PUSH_3MIN/VND/NCE/Airport,1,No
WCH_PUSH_3MIN,WCH,Airport,function,4,100.0,Goal,Root/div/station/vendor/function,WCH_PUSH_3MIN/VND/NCE/Airport/WCH,0,Yes
WCH_PUSH_3MIN,NGO,VND,station,2,0.21,Goal,Root/div/station,WCH_PUSH_3MIN/VND/NGO,1,No
WCH_PUSH_3MIN,Swissport,NGO,vendor,3,100.0,Goal,Root/div/station/vendor,WCH_PUSH_3MIN/VND/NGO/Swissport,1,No
WCH_PUSH_3MIN,WCH,Swissport,function,4,100.0,Goal,Root/div/station/vendor/function,WCH_PUSH_3MIN/VND/NGO/Swissport/WCH,0,Yes
WCH_PUSH_3MIN,NRT,VND,station,2,0.04,Goal,Root/div/station,WCH_PUSH_3MIN/VND/NRT,1,No
WCH_PUSH_3MIN,FMG,NRT,vendor,3,100.0,Goal,Root/div/station/vendor,WCH_PUSH_3MIN/VND/NRT/FMG,1,No
WCH_PUSH_3MIN,WCH,FMG,function,4,100.0,Goal,Root/div/station/vendor/function,WCH_PUSH_3MIN/VND/NRT/FMG/WCH,0,Yes
WCH_PUSH_3MIN,OAJ,VND,station,2,0.07,Goal,Root/div/station,WCH_PUSH_3MIN/VND/OAJ,1,No
WCH_PUSH_3MIN,Unifi,OAJ,vendor,3,100.0,Goal,Root/div/station/vendor,WCH_PUSH_3MIN/VND/OAJ/Unifi,1,No
WCH_PUSH_3MIN,WCH,Unifi,function,4,100.0,Goal,Root/div/station/vendor/function,WCH_PUSH_3MIN/VND/OAJ/Unifi/WCH,0,Yes
WCH_PUSH_3MIN,OAK,VND,station,2,0.08,Goal,Root/div/station,WCH_PUSH_3MIN/VND/OAK,1,No
WCH_PUSH_3MIN,Unifi,OAK,vendor,3,100.0,Goal,Root/div/station/vendor,WCH_PUSH_3MIN/VND/OAK/Unifi,1,No
WCH_PUSH_3MIN,WCH,Unifi,function,4,100.0,Goal,Root/div/station/vendor/function,WCH_PUSH_3MIN/VND/OAK/Unifi/WCH,0,Yes
WCH_PUSH_3MIN,OGG,VND,station,2,0.13,Goal,Root/div/station,WCH_PUSH_3MIN/VND/OGG,2,No
WCH_PUSH_3MIN,",null,",OGG,vendor,3,47.17,Goal,Root/div/station/vendor,"WCH_PUSH_3MIN/VND/OGG/,null,",1,No
WCH_PUSH_3MIN,WCH,",null,",function,4,100.0,Goal,Root/div/station/vendor/function,"WCH_PUSH_3MIN/VND/OGG/,null,/WCH",0,Yes
WCH_PUSH_3MIN,Unifi,OGG,vendor,3,52.83,Goal,Root/div/station/vendor,WCH_PUSH_3MIN/VND/OGG/Unifi,1,No
WCH_PUSH_3MIN,WCH,Unifi,function,4,100.0,Goal,Root/div/station/vendor/function,WCH_PUSH_3MIN/VND/OGG/Unifi/WCH,0,Yes
WCH_PUSH_3MIN,OKC,VND,station,2,0.36,Goal,Root/div/station,WCH_PUSH_3MIN/VND/OKC,3,No
WCH_PUSH_3MIN,",null,",OKC,vendor,3,38.4,Goal,Root/div/station/vendor,"WCH_PUSH_3MIN/VND/OKC/,null,",1,No
WCH_PUSH_3MIN,WCH,",null,",function,4,100.0,Goal,Root/div/station/vendor/function,"WCH_PUSH_3MIN/VND/OKC/,null,/WCH",0,Yes
WCH_PUSH_3MIN,HUNTLEIGH USA CORP,OKC,vendor,3,39.22,Goal,Root/div/station/vendor,WCH_PUSH_3MIN/VND/OKC/HUNTLEIGH USA CORP,1,No
WCH_PUSH_3MIN,WCH,HUNTLEIGH USA CORP,function,4,100.0,Goal,Root/div/station/vendor/function,WCH_PUSH_3MIN/VND/OKC/HUNTLEIGH USA CORP/WCH,0,Yes
WCH_PUSH_3MIN,US Aviation,OKC,vendor,3,22.38,Goal,Root/div/station/vendor,WCH_PUSH_3MIN/VND/OKC/US Aviation,1,No
WCH_PUSH_3MIN,WCH,US Aviation,function,4,100.0,Goal,Root/div/station/vendor/function,WCH_PUSH_3MIN/VND/OKC/US Aviation/WCH,0,Yes
WCH_PUSH_3MIN,OMA,VND,station,2,0.15,Goal,Root/div/station,WCH_PUSH_3MIN/VND/OMA,2,No
WCH_PUSH_3MIN,",null,",OMA,vendor,3,32.74,Goal,Root/div/station/vendor,"WCH_PUSH_3MIN/VND/OMA/,null,",1,No
WCH_PUSH_3MIN,WCH,",null,",function,4,100.0,Goal,Root/div/station/vendor/function,"WCH_PUSH_3MIN/VND/OMA/,null,/WCH",0,Yes
WCH_PUSH_3MIN,PrimeFlight,OMA,vendor,3,67.26,Goal,Root/div/station/vendor,WCH_PUSH_3MIN/VND/OMA/PrimeFlight,1,No
WCH_PUSH_3MIN,WCH,PrimeFlight,function,4,100.0,Goal,Root/div/station/vendor/function,WCH_PUSH_3MIN/VND/OMA/PrimeFlight/WCH,0,Yes
WCH_PUSH_3MIN,ONT,VND,station,2,0.16,Goal,Root/div/station,WCH_PUSH_3MIN/VND/ONT,3,No
WCH_PUSH_3MIN,",null,",ONT,vendor,3,9.52,Goal,Root/div/station/vendor,"WCH_PUSH_3MIN/VND/ONT/,null,",1,No
WCH_PUSH_3MIN,WCH,",null,",function,4,100.0,Goal,Root/div/station/vendor/function,"WCH_PUSH_3MIN/VND/ONT/,null,/WCH",0,Yes
WCH_PUSH_3MIN,SIERRA AVIATION GROUP - ONT,ONT,vendor,3,22.28,Goal,Root/div/station/vendor,WCH_PUSH_3MIN/VND/ONT/SIERRA AVIATION GROUP - ONT,1,No
WCH_PUSH_3MIN,WCH,SIERRA AVIATION GROUP - ONT,function,4,100.0,Goal,Root/div/station/vendor/function,WCH_PUSH_3MIN/VND/ONT/SIERRA AVIATION GROUP - ONT/WCH,0,Yes
WCH_PUSH_3MIN,US Aviation,ONT,vendor,3,68.2,Goal,Root/div/station/vendor,WCH_PUSH_3MIN/VND/ONT/US Aviation,1,No
WCH_PUSH_3MIN,WCH,US Aviation,function,4,100.0,Goal,Root/div/station/vendor/function,WCH_PUSH_3MIN/VND/ONT/US Aviation/WCH,0,Yes
WCH_PUSH_3MIN,OPO,VND,station,2,0.06,Goal,Root/div/station,WCH_PUSH_3MIN/VND/OPO,1,No
WCH_PUSH_3MIN,Airport Authority,OPO,vendor,3,100.0,Goal,Root/div/station/vendor,WCH_PUSH_3MIN/VND/OPO/Airport Authority,1,No
WCH_PUSH_3MIN,WCH,Airport Authority,function,4,100.0,Goal,Root/div/station/vendor/function,WCH_PUSH_3MIN/VND/OPO/Airport Authority/WCH,0,Yes
WCH_PUSH_3MIN,ORD,VND,station,2,0.29,Goal,Root/div/station,WCH_PUSH_3MIN/VND/ORD,3,No
WCH_PUSH_3MIN,",null,",ORD,vendor,3,6.26,Goal,Root/div/station/vendor,"WCH_PUSH_3MIN/VND/ORD/,null,",1,No
WCH_PUSH_3MIN,WCH,",null,",function,4,100.0,Goal,Root/div/station/vendor/function,"WCH_PUSH_3MIN/VND/ORD/,null,/WCH",0,Yes
WCH_PUSH_3MIN,Prospect,ORD,vendor,3,40.67,Goal,Root/div/station/vendor,WCH_PUSH_3MIN/VND/ORD/Prospect,1,No
WCH_PUSH_3MIN,WCH,Prospect,function,4,100.0,Goal,Root/div/station/vendor/function,WCH_PUSH_3MIN/VND/ORD/Prospect/WCH,0,Yes
WCH_PUSH_3MIN,Unifi,ORD,vendor,3,53.07,Goal,Root/div/station/vendor,WCH_PUSH_3MIN/VND/ORD/Unifi,1,No
WCH_PUSH_3MIN,WCH,Unifi,function,4,100.0,Goal,Root/div/station/vendor/function,WCH_PUSH_3MIN/VND/ORD/Unifi/WCH,0,Yes
WCH_PUSH_3MIN,ORF,VND,station,2,0.39,Goal,Root/div/station,WCH_PUSH_3MIN/VND/ORF,2,No
WCH_PUSH_3MIN,",null,",ORF,vendor,3,35.11,Goal,Root/div/station/vendor,"WCH_PUSH_3MIN/VND/ORF/,null,",1,No
WCH_PUSH_3MIN,WCH,",null,",function,4,100.0,Goal,Root/div/station/vendor/function,"WCH_PUSH_3MIN/VND/ORF/,null,/WCH",0,Yes
WCH_PUSH_3MIN,HUNTLEIGH USA CORP,ORF,vendor,3,64.89,Goal,Root/div/station/vendor,WCH_PUSH_3MIN/VND/ORF/HUNTLEIGH USA CORP,1,No
WCH_PUSH_3MIN,WCH,HUNTLEIGH USA CORP,function,4,100.0,Goal,Root/div/station/vendor/function,WCH_PUSH_3MIN/VND/ORF/HUNTLEIGH USA CORP/WCH,0,Yes
WCH_PUSH_3MIN,ORH,VND,station,2,0.3,Goal,Root/div/station,WCH_PUSH_3MIN/VND/ORH,2,No
WCH_PUSH_3MIN,G2,ORH,vendor,3,79.63,Goal,Root/div/station/vendor,WCH_PUSH_3MIN/VND/ORH/G2,1,No
WCH_PUSH_3MIN,WCH,G2,function,4,100.0,Goal,Root/div/station/vendor/function,WCH_PUSH_3MIN/VND/ORH/G2/WCH,0,Yes
WCH_PUSH_3MIN,Menzies Aviation,ORH,vendor,3,20.37,Goal,Root/div/station/vendor,WCH_PUSH_3MIN/VND/ORH/Menzies Aviation,1,No
WCH_PUSH_3MIN,WCH,Menzies Aviation,function,4,100.0,Goal,Root/div/station/vendor/function,WCH_PUSH_3MIN/VND/ORH/Menzies Aviation/WCH,0,Yes
WCH_PUSH_3MIN,PAP,VND,station,2,0.08,Goal,Root/div/station,WCH_PUSH_3MIN/VND/PAP,1,No
WCH_PUSH_3MIN,Hammaserco,PAP,vendor,3,100.0,Goal,Root/div/station/vendor,WCH_PUSH_3MIN/VND/PAP/Hammaserco,1,No
WCH_PUSH_3MIN,WCH,Hammaserco,function,4,100.0,Goal,Root/div/station/vendor/function,WCH_PUSH_3MIN/VND/PAP/Hammaserco/WCH,0,Yes
WCH_PUSH_3MIN,PBI,VND,station,2,0.37,Goal,Root/div/station,WCH_PUSH_3MIN/VND/PBI,3,No
WCH_PUSH_3MIN,",null,",PBI,vendor,3,24.78,Goal,Root/div/station/vendor,"WCH_PUSH_3MIN/VND/PBI/,null,",1,No
WCH_PUSH_3MIN,WCH,",null,",function,4,100.0,Goal,Root/div/station/vendor/function,"WCH_PUSH_3MIN/VND/PBI/,null,/WCH",0,Yes
WCH_PUSH_3MIN,BAGGAGE AIRLINE GUEST SERVICES,PBI,vendor,3,48.85,Goal,Root/div/station/vendor,WCH_PUSH_3MIN/VND/PBI/BAGGAGE AIRLINE GUEST SERVICES,1,No
WCH_PUSH_3MIN,WCH,BAGGAGE AIRLINE GUEST SERVICES,function,4,100.0,Goal,Root/div/station/vendor/function,WCH_PUSH_3MIN/VND/PBI/BAGGAGE AIRLINE GUEST SERVICES/WCH,0,Yes
WCH_PUSH_3MIN,Eulen,PBI,vendor,3,26.37,Goal,Root/div/station/vendor,WCH_PUSH_3MIN/VND/PBI/Eulen,1,No
WCH_PUSH_3MIN,WCH,Eulen,function,4,100.0,Goal,Root/div/station/vendor/function,WCH_PUSH_3MIN/VND/PBI/Eulen/WCH,0,Yes
WCH_PUSH_3MIN,PDL,VND,station,2,0.39,Goal,Root/div/station,WCH_PUSH_3MIN/VND/PDL,1,No
WCH_PUSH_3MIN,Airport,PDL,vendor,3,100.0,Goal,Root/div/station/vendor,WCH_PUSH_3MIN/VND/PDL/Airport,1,No
WCH_PUSH_3MIN,WCH,Airport,function,4,100.0,Goal,Root/div/station/vendor/function,WCH_PUSH_3MIN/VND/PDL/Airport/WCH,0,Yes
WCH_PUSH_3MIN,PDX,VND,station,2,0.32,Goal,Root/div/station,WCH_PUSH_3MIN/VND/PDX,4,No
WCH_PUSH_3MIN,",null,",PDX,vendor,3,47.94,Goal,Root/div/station/vendor,"WCH_PUSH_3MIN/VND/PDX/,null,",1,No
WCH_PUSH_3MIN,WCH,",null,",function,4,100.0,Goal,Root/div/station/vendor/function,"WCH_PUSH_3MIN/VND/PDX/,null,/WCH",0,Yes
WCH_PUSH_3MIN,G2,PDX,vendor,3,20.29,Goal,Root/div/station/vendor,WCH_PUSH_3MIN/VND/PDX/G2,1,No
WCH_PUSH_3MIN,WCH,G2,function,4,100.0,Goal,Root/div/station/vendor/function,WCH_PUSH_3MIN/VND/PDX/G2/WCH,0,Yes
WCH_PUSH_3MIN,HUNTLEIGH USA CORP,PDX,vendor,3,10.28,Goal,Root/div/station/vendor,WCH_PUSH_3MIN/VND/PDX/HUNTLEIGH USA CORP,1,No
WCH_PUSH_3MIN,WCH,HUNTLEIGH USA CORP,function,4,100.0,Goal,Root/div/station/vendor/function,WCH_PUSH_3MIN/VND/PDX/HUNTLEIGH USA CORP/WCH,0,Yes
WCH_PUSH_3MIN,Menzies Aviation,PDX,vendor,3,21.49,Goal,Root/div/station/vendor,WCH_PUSH_3MIN/VND/PDX/Menzies Aviation,1,No
WCH_PUSH_3MIN,WCH,Menzies Aviation,function,4,100.0,Goal,Root/div/station/vendor/function,WCH_PUSH_3MIN/VND/PDX/Menzies Aviation/WCH,0,Yes
WCH_PUSH_3MIN,PEK,VND,station,2,0.32,Goal,Root/div/station,WCH_PUSH_3MIN/VND/PEK,1,No
WCH_PUSH_3MIN,BGS,PEK,vendor,3,100.0,Goal,Root/div/station/vendor,WCH_PUSH_3MIN/VND/PEK/BGS,1,No
WCH_PUSH_3MIN,WCH,BGS,function,4,100.0,Goal,Root/div/station/vendor/function,WCH_PUSH_3MIN/VND/PEK/BGS/WCH,0,Yes
WCH_PUSH_3MIN,PHF,VND,station,2,0.27,Goal,Root/div/station,WCH_PUSH_3MIN/VND/PHF,1,No
WCH_PUSH_3MIN,Unifi,PHF,vendor,3,100.0,Goal,Root/div/station/vendor,WCH_PUSH_3MIN/VND/PHF/Unifi,1,No
WCH_PUSH_3MIN,WCH,Unifi,function,4,100.0,Goal,Root/div/station/vendor/function,WCH_PUSH_3MIN/VND/PHF/Unifi/WCH,0,Yes
WCH_PUSH_3MIN,PHL,VND,station,2,0.08,Goal,Root/div/station,WCH_PUSH_3MIN/VND/PHL,4,No
WCH_PUSH_3MIN,",null,",PHL,vendor,3,23.13,Goal,Root/div/station/vendor,"WCH_PUSH_3MIN/VND/PHL/,null,",1,No
WCH_PUSH_3MIN,WCH,",null,",function,4,100.0,Goal,Root/div/station/vendor/function,"WCH_PUSH_3MIN/VND/PHL/,null,/WCH",0,Yes
WCH_PUSH_3MIN,PrimeFlight,PHL,vendor,3,27.39,Goal,Root/div/station/vendor,WCH_PUSH_3MIN/VND/PHL/PrimeFlight,1,No
WCH_PUSH_3MIN,WCH,PrimeFlight,function,4,100.0,Goal,Root/div/station/vendor/function,WCH_PUSH_3MIN/VND/PHL/PrimeFlight/WCH,0,Yes
WCH_PUSH_3MIN,Unifi,PHL,vendor,3,33.62,Goal,Root/div/station/vendor,WCH_PUSH_3MIN/VND/PHL/Unifi,1,No
WCH_PUSH_3MIN,WCH,Unifi,function,4,100.0,Goal,Root/div/station/vendor/function,WCH_PUSH_3MIN/VND/PHL/Unifi/WCH,0,Yes
WCH_PUSH_3MIN,US Aviation,PHL,vendor,3,15.86,Goal,Root/div/station/vendor,WCH_PUSH_3MIN/VND/PHL/US Aviation,1,No
WCH_PUSH_3MIN,WCH,US Aviation,function,4,100.0,Goal,Root/div/station/vendor/function,WCH_PUSH_3MIN/VND/PHL/US Aviation/WCH,0,Yes
WCH_PUSH_3MIN,PHX,VND,station,2,0.35,Goal,Root/div/station,WCH_PUSH_3MIN/VND/PHX,4,No
WCH_PUSH_3MIN,",null,",PHX,vendor,3,16.45,Goal,Root/div/station/vendor,"WCH_PUSH_3MIN/VND/PHX/,null,",1,No
WCH_PUSH_3MIN,WCH,",null,",function,4,100.0,Goal,Root/div/station/vendor/function,"WCH_PUSH_3MIN/VND/PHX/,null,/WCH",0,Yes
WCH_PUSH_3MIN,ABM,PHX,vendor,3,6.24,Goal,Root/div/station/vendor,WCH_PUSH_3MIN/VND/PHX/ABM,1,No
WCH_PUSH_3MIN,WCH,ABM,function,4,100.0,Goal,Root/div/station/vendor/function,WCH_PUSH_3MIN/VND/PHX/ABM/WCH,0,Yes
WCH_PUSH_3MIN,Prospect,PHX,vendor,3,38.3,Goal,Root/div/station/vendor,WCH_PUSH_3MIN/VND/PHX/Prospect,1,No
WCH_PUSH_3MIN,WCH,Prospect,function,4,100.0,Goal,Root/div/station/vendor/function,WCH_PUSH_3MIN/VND/PHX/Prospect/WCH,0,Yes
WCH_PUSH_3MIN,Unifi,PHX,vendor,3,39.010000000000005,Goal,Root/div/station/vendor,WCH_PUSH_3MIN/VND/PHX/Unifi,1,No
WCH_PUSH_3MIN,WCH,Unifi,function,4,100.0,Goal,Root/div/station/vendor/function,WCH_PUSH_3MIN/VND/PHX/Unifi/WCH,0,Yes
WCH_PUSH_3MIN,PIA,VND,station,2,0.26,Goal,Root/div/station,WCH_PUSH_3MIN/VND/PIA,1,No
WCH_PUSH_3MIN,Unifi,PIA,vendor,3,100.0,Goal,Root/div/station/vendor,WCH_PUSH_3MIN/VND/PIA/Unifi,1,No
WCH_PUSH_3MIN,WCH,Unifi,function,4,100.0,Goal,Root/div/station/vendor/function,WCH_PUSH_3MIN/VND/PIA/Unifi/WCH,0,Yes
WCH_PUSH_3MIN,PIH,VND,station,2,0.17,Goal,Root/div/station,WCH_PUSH_3MIN/VND/PIH,1,No
WCH_PUSH_3MIN,SkyWest,PIH,vendor,3,100.0,Goal,Root/div/station/vendor,WCH_PUSH_3MIN/VND/PIH/SkyWest,1,No
WCH_PUSH_3MIN,WCH,SkyWest,function,4,100.0,Goal,Root/div/station/vendor/function,WCH_PUSH_3MIN/VND/PIH/SkyWest/WCH,0,Yes
WCH_PUSH_3MIN,PIT,VND,station,2,0.11,Goal,Root/div/station,WCH_PUSH_3MIN/VND/PIT,3,No
WCH_PUSH_3MIN,",null,",PIT,vendor,3,48.68,Goal,Root/div/station/vendor,"WCH_PUSH_3MIN/VND/PIT/,null,",1,No
WCH_PUSH_3MIN,WCH,",null,",function,4,100.0,Goal,Root/div/station/vendor/function,"WCH_PUSH_3MIN/VND/PIT/,null,/WCH",0,Yes
WCH_PUSH_3MIN,"Aviation, Prosegur Services Group, Inc.",PIT,vendor,3,23.21,Goal,Root/div/station/vendor,"WCH_PUSH_3MIN/VND/PIT/Aviation, Prosegur Services Group, Inc.",1,No
WCH_PUSH_3MIN,WCH,"Aviation, Prosegur Services Group, Inc.",function,4,100.0,Goal,Root/div/station/vendor/function,"WCH_PUSH_3MIN/VND/PIT/Aviation, Prosegur Services Group, Inc./WCH",0,Yes
WCH_PUSH_3MIN,"Bags, Inc.",PIT,vendor,3,28.11,Goal,Root/div/station/vendor,"WCH_PUSH_3MIN/VND/PIT/Bags, Inc.",1,No
WCH_PUSH_3MIN,WCH,"Bags, Inc.",function,4,100.0,Goal,Root/div/station/vendor/function,"WCH_PUSH_3MIN/VND/PIT/Bags, Inc./WCH",0,Yes
WCH_PUSH_3MIN,PLN,VND,station,2,0.0,Goal,Root/div/station,WCH_PUSH_3MIN/VND/PLN,1,No
WCH_PUSH_3MIN,Unifi,PLN,vendor,3,100.0,Goal,Root/div/station/vendor,WCH_PUSH_3MIN/VND/PLN/Unifi,1,No
WCH_PUSH_3MIN,WCH,Unifi,function,4,100.0,Goal,Root/div/station/vendor/function,WCH_PUSH_3MIN/VND/PLN/Unifi/WCH,0,Yes
WCH_PUSH_3MIN,PLS,VND,station,2,0.19,Goal,Root/div/station,WCH_PUSH_3MIN/VND/PLS,1,No
WCH_PUSH_3MIN,FlightSupport,PLS,vendor,3,100.0,Goal,Root/div/station/vendor,WCH_PUSH_3MIN/VND/PLS/FlightSupport,1,No
WCH_PUSH_3MIN,WCH,FlightSupport,function,4,100.0,Goal,Root/div/station/vendor/function,WCH_PUSH_3MIN/VND/PLS/FlightSupport/WCH,0,Yes
WCH_PUSH_3MIN,PNS,VND,station,2,0.07,Goal,Root/div/station,WCH_PUSH_3MIN/VND/PNS,2,No
WCH_PUSH_3MIN,",null,",PNS,vendor,3,78.68,Goal,Root/div/station/vendor,"WCH_PUSH_3MIN/VND/PNS/,null,",1,No
WCH_PUSH_3MIN,WCH,",null,",function,4,100.0,Goal,Root/div/station/vendor/function,"WCH_PUSH_3MIN/VND/PNS/,null,/WCH",0,Yes
WCH_PUSH_3MIN,Unifi,PNS,vendor,3,21.32,Goal,Root/div/station/vendor,WCH_PUSH_3MIN/VND/PNS/Unifi,1,No
WCH_PUSH_3MIN,WCH,Unifi,function,4,100.0,Goal,Root/div/station/vendor/function,WCH_PUSH_3MIN/VND/PNS/Unifi/WCH,0,Yes
WCH_PUSH_3MIN,POP,VND,station,2,0.15,Goal,Root/div/station,WCH_PUSH_3MIN/VND/POP,1,No
WCH_PUSH_3MIN,SERVAIR,POP,vendor,3,100.0,Goal,Root/div/station/vendor,WCH_PUSH_3MIN/VND/POP/SERVAIR,1,No
WCH_PUSH_3MIN,WCH,SERVAIR,function,4,100.0,Goal,Root/div/station/vendor/function,WCH_PUSH_3MIN/VND/POP/SERVAIR/WCH,0,Yes
WCH_PUSH_3MIN,PPT,VND,station,2,0.37,Goal,Root/div/station,WCH_PUSH_3MIN/VND/PPT,1,No
WCH_PUSH_3MIN,Air Tahiti,PPT,vendor,3,100.0,Goal,Root/div/station/vendor,WCH_PUSH_3MIN/VND/PPT/Air Tahiti,1,No
WCH_PUSH_3MIN,WCH,Air Tahiti,function,4,100.0,Goal,Root/div/station/vendor/function,WCH_PUSH_3MIN/VND/PPT/Air Tahiti/WCH,0,Yes
WCH_PUSH_3MIN,PRG,VND,station,2,0.06,Goal,Root/div/station,WCH_PUSH_3MIN/VND/PRG,1,No
WCH_PUSH_3MIN,Airport,PRG,vendor,3,100.0,Goal,Root/div/station/vendor,WCH_PUSH_3MIN/VND/PRG/Airport,1,No
WCH_PUSH_3MIN,WCH,Airport,function,4,100.0,Goal,Root/div/station/vendor/function,WCH_PUSH_3MIN/VND/PRG/Airport/WCH,0,Yes
WCH_PUSH_3MIN,PSC,VND,station,2,0.24,Goal,Root/div/station,WCH_PUSH_3MIN/VND/PSC,3,No
WCH_PUSH_3MIN,G2,PSC,vendor,3,60.23,Goal,Root/div/station/vendor,WCH_PUSH_3MIN/VND/PSC/G2,1,No
WCH_PUSH_3MIN,WCH,G2,function,4,100.0,Goal,Root/div/station/vendor/function,WCH_PUSH_3MIN/VND/PSC/G2/WCH,0,Yes
WCH_PUSH_3MIN,Menzies Aviation,PSC,vendor,3,28.67,Goal,Root/div/station/vendor,WCH_PUSH_3MIN/VND/PSC/Menzies Aviation,1,No
WCH_PUSH_3MIN,WCH,Menzies Aviation,function,4,100.0,Goal,Root/div/station/vendor/function,WCH_PUSH_3MIN/VND/PSC/Menzies Aviation/WCH,0,Yes
WCH_PUSH_3MIN,SkyWest,PSC,vendor,3,11.1,Goal,Root/div/station/vendor,WCH_PUSH_3MIN/VND/PSC/SkyWest,1,No
WCH_PUSH_3MIN,WCH,SkyWest,function,4,100.0,Goal,Root/div/station/vendor/function,WCH_PUSH_3MIN/VND/PSC/SkyWest/WCH,0,Yes
WCH_PUSH_3MIN,PSP,VND,station,2,0.31,Goal,Root/div/station,WCH_PUSH_3MIN/VND/PSP,2,No
WCH_PUSH_3MIN,",null,",PSP,vendor,3,80.97,Goal,Root/div/station/vendor,"WCH_PUSH_3MIN/VND/PSP/,null,",1,No
WCH_PUSH_3MIN,WCH,",null,",function,4,100.0,Goal,Root/div/station/vendor/function,"WCH_PUSH_3MIN/VND/PSP/,null,/WCH",0,Yes
WCH_PUSH_3MIN,SIERRA AVIATION GROUP - ONT,PSP,vendor,3,19.03,Goal,Root/div/station/vendor,WCH_PUSH_3MIN/VND/PSP/SIERRA AVIATION GROUP - ONT,1,No
WCH_PUSH_3MIN,WCH,SIERRA AVIATION GROUP - ONT,function,4,100.0,Goal,Root/div/station/vendor/function,WCH_PUSH_3MIN/VND/PSP/SIERRA AVIATION GROUP - ONT/WCH,0,Yes
WCH_PUSH_3MIN,PTY,VND,station,2,0.24,Goal,Root/div/station,WCH_PUSH_3MIN/VND/PTY,1,No
WCH_PUSH_3MIN,SERVICIOS A.T.,PTY,vendor,3,100.0,Goal,Root/div/station/vendor,WCH_PUSH_3MIN/VND/PTY/SERVICIOS A.T.,1,No
WCH_PUSH_3MIN,WCH,SERVICIOS A.T.,function,4,100.0,Goal,Root/div/station/vendor/function,WCH_PUSH_3MIN/VND/PTY/SERVICIOS A.T./WCH,0,Yes
WCH_PUSH_3MIN,PUJ,VND,station,2,0.04,Goal,Root/div/station,WCH_PUSH_3MIN/VND/PUJ,1,No
WCH_PUSH_3MIN,SERVAIR,PUJ,vendor,3,100.0,Goal,Root/div/station/vendor,WCH_PUSH_3MIN/VND/PUJ/SERVAIR,1,No
WCH_PUSH_3MIN,WCH,SERVAIR,function,4,100.0,Goal,Root/div/station/vendor/function,WCH_PUSH_3MIN/VND/PUJ/SERVAIR/WCH,0,Yes
WCH_PUSH_3MIN,PVD,VND,station,2,0.28,Goal,Root/div/station,WCH_PUSH_3MIN/VND/PVD,2,No
WCH_PUSH_3MIN,",null,",PVD,vendor,3,76.62,Goal,Root/div/station/vendor,"WCH_PUSH_3MIN/VND/PVD/,null,",1,No
WCH_PUSH_3MIN,WCH,",null,",function,4,100.0,Goal,Root/div/station/vendor/function,"WCH_PUSH_3MIN/VND/PVD/,null,/WCH",0,Yes
WCH_PUSH_3MIN,ABM,PVD,vendor,3,23.38,Goal,Root/div/station/vendor,WCH_PUSH_3MIN/VND/PVD/ABM,1,No
WCH_PUSH_3MIN,WCH,ABM,function,4,100.0,Goal,Root/div/station/vendor/function,WCH_PUSH_3MIN/VND/PVD/ABM/WCH,0,Yes
WCH_PUSH_3MIN,PVG,VND,station,2,0.37,Goal,Root/div/station,WCH_PUSH_3MIN/VND/PVG,1,No
WCH_PUSH_3MIN,China Eastern,PVG,vendor,3,100.0,Goal,Root/div/station/vendor,WCH_PUSH_3MIN/VND/PVG/China Eastern,1,No
WCH_PUSH_3MIN,WCH,China Eastern,function,4,100.0,Goal,Root/div/station/vendor/function,WCH_PUSH_3MIN/VND/PVG/China Eastern/WCH,0,Yes
WCH_PUSH_3MIN,PVR,VND,station,2,0.3,Goal,Root/div/station,WCH_PUSH_3MIN/VND/PVR,1,No
WCH_PUSH_3MIN,GDL GROUND HANDLING SADE CV,PVR,vendor,3,100.0,Goal,Root/div/station/vendor,WCH_PUSH_3MIN/VND/PVR/GDL GROUND HANDLING SADE CV,1,No
WCH_PUSH_3MIN,WCH,GDL GROUND HANDLING SADE CV,function,4,100.0,Goal,Root/div/station/vendor/function,WCH_PUSH_3MIN/VND/PVR/GDL GROUND HANDLING SADE CV/WCH,0,Yes
WCH_PUSH_3MIN,PWM,VND,station,2,0.18,Goal,Root/div/station,WCH_PUSH_3MIN/VND/PWM,2,No
WCH_PUSH_3MIN,",null,",PWM,vendor,3,58.39,Goal,Root/div/station/vendor,"WCH_PUSH_3MIN/VND/PWM/,null,",1,No
WCH_PUSH_3MIN,WCH,",null,",function,4,100.0,Goal,Root/div/station/vendor/function,"WCH_PUSH_3MIN/VND/PWM/,null,/WCH",0,Yes
WCH_PUSH_3MIN,"FLIGHT SERVICES & SYSTEMS, INC.",PWM,vendor,3,41.61,Goal,Root/div/station/vendor,"WCH_PUSH_3MIN/VND/PWM/FLIGHT SERVICES & SYSTEMS, INC.",1,No
WCH_PUSH_3MIN,WCH,"FLIGHT SERVICES & SYSTEMS, INC.",function,4,100.0,Goal,Root/div/station/vendor/function,"WCH_PUSH_3MIN/VND/PWM/FLIGHT SERVICES & SYSTEMS, INC./WCH",0,Yes
WCH_PUSH_3MIN,RAK,VND,station,2,0.37,Goal,Root/div/station,WCH_PUSH_3MIN/VND/RAK,1,No
WCH_PUSH_3MIN,RAM Handling,RAK,vendor,3,100.0,Goal,Root/div/station/vendor,WCH_PUSH_3MIN/VND/RAK/RAM Handling,1,No
WCH_PUSH_3MIN,WCH,RAM Handling,function,4,100.0,Goal,Root/div/station/vendor/function,WCH_PUSH_3MIN/VND/RAK/RAM Handling/WCH,0,Yes
WCH_PUSH_3MIN,RAP,VND,station,2,0.36,Goal,Root/div/station,WCH_PUSH_3MIN/VND/RAP,2,No
WCH_PUSH_3MIN,",null,",RAP,vendor,3,60.59,Goal,Root/div/station/vendor,"WCH_PUSH_3MIN/VND/RAP/,null,",1,No
WCH_PUSH_3MIN,WCH,",null,",function,4,100.0,Goal,Root/div/station/vendor/function,"WCH_PUSH_3MIN/VND/RAP/,null,/WCH",0,Yes
WCH_PUSH_3MIN,Unifi,RAP,vendor,3,39.41,Goal,Root/div/station/vendor,WCH_PUSH_3MIN/VND/RAP/Unifi,1,No
WCH_PUSH_3MIN,WCH,Unifi,function,4,100.0,Goal,Root/div/station/vendor/function,WCH_PUSH_3MIN/VND/RAP/Unifi/WCH,0,Yes
WCH_PUSH_3MIN,RDM,VND,station,2,0.2,Goal,Root/div/station,WCH_PUSH_3MIN/VND/RDM,1,No
WCH_PUSH_3MIN,Unifi,RDM,vendor,3,100.0,Goal,Root/div/station/vendor,WCH_PUSH_3MIN/VND/RDM/Unifi,1,No
WCH_PUSH_3MIN,WCH,Unifi,function,4,100.0,Goal,Root/div/station/vendor/function,WCH_PUSH_3MIN/VND/RDM/Unifi/WCH,0,Yes
WCH_PUSH_3MIN,RDU,VND,station,2,0.2,Goal,Root/div/station,WCH_PUSH_3MIN/VND/RDU,3,No
WCH_PUSH_3MIN,",null,",RDU,vendor,3,29.54,Goal,Root/div/station/vendor,"WCH_PUSH_3MIN/VND/RDU/,null,",1,No
WCH_PUSH_3MIN,WCH,",null,",function,4,100.0,Goal,Root/div/station/vendor/function,"WCH_PUSH_3MIN/VND/RDU/,null,/WCH",0,Yes
WCH_PUSH_3MIN,G2,RDU,vendor,3,30.28,Goal,Root/div/station/vendor,WCH_PUSH_3MIN/VND/RDU/G2,1,No
WCH_PUSH_3MIN,WCH,G2,function,4,100.0,Goal,Root/div/station/vendor/function,WCH_PUSH_3MIN/VND/RDU/G2/WCH,0,Yes
WCH_PUSH_3MIN,Menzies Aviation,RDU,vendor,3,40.18,Goal,Root/div/station/vendor,WCH_PUSH_3MIN/VND/RDU/Menzies Aviation,1,No
WCH_PUSH_3MIN,WCH,Menzies Aviation,function,4,100.0,Goal,Root/div/station/vendor/function,WCH_PUSH_3MIN/VND/RDU/Menzies Aviation/WCH,0,Yes
WCH_PUSH_3MIN,RHI,VND,station,2,0.27,Goal,Root/div/station,WCH_PUSH_3MIN/VND/RHI,1,No
WCH_PUSH_3MIN,Unifi,RHI,vendor,3,100.0,Goal,Root/div/station/vendor,WCH_PUSH_3MIN/VND/RHI/Unifi,1,No
WCH_PUSH_3MIN,WCH,Unifi,function,4,100.0,Goal,Root/div/station/vendor/function,WCH_PUSH_3MIN/VND/RHI/Unifi/WCH,0,Yes
WCH_PUSH_3MIN,RIC,VND,station,2,0.24,Goal,Root/div/station,WCH_PUSH_3MIN/VND/RIC,2,No
WCH_PUSH_3MIN,",null,",RIC,vendor,3,29.87,Goal,Root/div/station/vendor,"WCH_PUSH_3MIN/VND/RIC/,null,",1,No
WCH_PUSH_3MIN,WCH,",null,",function,4,100.0,Goal,Root/div/station/vendor/function,"WCH_PUSH_3MIN/VND/RIC/,null,/WCH",0,Yes
WCH_PUSH_3MIN,PrimeFlight,RIC,vendor,3,70.13,Goal,Root/div/station/vendor,WCH_PUSH_3MIN/VND/RIC/PrimeFlight,1,No
WCH_PUSH_3MIN,WCH,PrimeFlight,function,4,100.0,Goal,Root/div/station/vendor/function,WCH_PUSH_3MIN/VND/RIC/PrimeFlight/WCH,0,Yes
WCH_PUSH_3MIN,RNO,VND,station,2,0.35,Goal,Root/div/station,WCH_PUSH_3MIN/VND/RNO,1,No
WCH_PUSH_3MIN,ABM,RNO,vendor,3,100.0,Goal,Root/div/station/vendor,WCH_PUSH_3MIN/VND/RNO/ABM,1,No
WCH_PUSH_3MIN,WCH,ABM,function,4,100.0,Goal,Root/div/station/vendor/function,WCH_PUSH_3MIN/VND/RNO/ABM/WCH,0,Yes
WCH_PUSH_3MIN,ROA,VND,station,2,0.27,Goal,Root/div/station,WCH_PUSH_3MIN/VND/ROA,1,No
WCH_PUSH_3MIN,Unifi,ROA,vendor,3,100.0,Goal,Root/div/station/vendor,WCH_PUSH_3MIN/VND/ROA/Unifi,1,No
WCH_PUSH_3MIN,WCH,Unifi,function,4,100.0,Goal,Root/div/station/vendor/function,WCH_PUSH_3MIN/VND/ROA/Unifi/WCH,0,Yes
WCH_PUSH_3MIN,ROC,VND,station,2,0.22,Goal,Root/div/station,WCH_PUSH_3MIN/VND/ROC,2,No
WCH_PUSH_3MIN,",null,",ROC,vendor,3,52.63,Goal,Root/div/station/vendor,"WCH_PUSH_3MIN/VND/ROC/,null,",1,No
WCH_PUSH_3MIN,WCH,",null,",function,4,100.0,Goal,Root/div/station/vendor/function,"WCH_PUSH_3MIN/VND/ROC/,null,/WCH",0,Yes
WCH_PUSH_3MIN,PrimeFlight,ROC,vendor,3,47.37,Goal,Root/div/station/vendor,WCH_PUSH_3MIN/VND/ROC/PrimeFlight,1,No
WCH_PUSH_3MIN,WCH,PrimeFlight,function,4,100.0,Goal,Root/div/station/vendor/function,WCH_PUSH_3MIN/VND/ROC/PrimeFlight/WCH,0,Yes
WCH_PUSH_3MIN,RST,VND,station,2,0.32,Goal,Root/div/station,WCH_PUSH_3MIN/VND/RST,1,No
WCH_PUSH_3MIN,ROCHESTER INTERNATIONAL AIRPORT,RST,vendor,3,100.0,Goal,Root/div/station/vendor,WCH_PUSH_3MIN/VND/RST/ROCHESTER INTERNATIONAL AIRPORT,1,No
WCH_PUSH_3MIN,WCH,ROCHESTER INTERNATIONAL AIRPORT,function,4,100.0,Goal,Root/div/station/vendor/function,WCH_PUSH_3MIN/VND/RST/ROCHESTER INTERNATIONAL AIRPORT/WCH,0,Yes
WCH_PUSH_3MIN,RSW,VND,station,2,0.21,Goal,Root/div/station,WCH_PUSH_3MIN/VND/RSW,4,No
WCH_PUSH_3MIN,",null,",RSW,vendor,3,36.18,Goal,Root/div/station/vendor,"WCH_PUSH_3MIN/VND/RSW/,null,",1,No
WCH_PUSH_3MIN,WCH,",null,",function,4,100.0,Goal,Root/div/station/vendor/function,"WCH_PUSH_3MIN/VND/RSW/,null,/WCH",0,Yes
WCH_PUSH_3MIN,G2,RSW,vendor,3,14.69,Goal,Root/div/station/vendor,WCH_PUSH_3MIN/VND/RSW/G2,1,No
WCH_PUSH_3MIN,WCH,G2,function,4,100.0,Goal,Root/div/station/vendor/function,WCH_PUSH_3MIN/VND/RSW/G2/WCH,0,Yes
WCH_PUSH_3MIN,Menzies Aviation,RSW,vendor,3,19.06,Goal,Root/div/station/vendor,WCH_PUSH_3MIN/VND/RSW/Menzies Aviation,1,No
WCH_PUSH_3MIN,WCH,Menzies Aviation,function,4,100.0,Goal,Root/div/station/vendor/function,WCH_PUSH_3MIN/VND/RSW/Menzies Aviation/WCH,0,Yes
WCH_PUSH_3MIN,PROFESSIONAL AIRLINE TERMINAL,RSW,vendor,3,30.069999999999997,Goal,Root/div/station/vendor,WCH_PUSH_3MIN/VND/RSW/PROFESSIONAL AIRLINE TERMINAL,1,No
WCH_PUSH_3MIN,WCH,PROFESSIONAL AIRLINE TERMINAL,function,4,100.0,Goal,Root/div/station/vendor/function,WCH_PUSH_3MIN/VND/RSW/PROFESSIONAL AIRLINE TERMINAL/WCH,0,Yes
WCH_PUSH_3MIN,RTB,VND,station,2,0.32,Goal,Root/div/station,WCH_PUSH_3MIN/VND/RTB,1,No
WCH_PUSH_3MIN,Tecnologias Unidas,RTB,vendor,3,100.0,Goal,Root/div/station/vendor,WCH_PUSH_3MIN/VND/RTB/Tecnologias Unidas,1,No
WCH_PUSH_3MIN,WCH,Tecnologias Unidas,function,4,100.0,Goal,Root/div/station/vendor/function,WCH_PUSH_3MIN/VND/RTB/Tecnologias Unidas/WCH,0,Yes
WCH_PUSH_3MIN,SAL,VND,station,2,0.1,Goal,Root/div/station,WCH_PUSH_3MIN/VND/SAL,3,No
WCH_PUSH_3MIN,Air Support,SAL,vendor,3,1.36,Goal,Root/div/station/vendor,WCH_PUSH_3MIN/VND/SAL/Air Support,1,No
WCH_PUSH_3MIN,WCH,Air Support,function,4,100.0,Goal,Root/div/station/vendor/function,WCH_PUSH_3MIN/VND/SAL/Air Support/WCH,0,Yes
WCH_PUSH_3MIN,Hernandez Express,SAL,vendor,3,60.4,Goal,Root/div/station/vendor,WCH_PUSH_3MIN/VND/SAL/Hernandez Express,1,No
WCH_PUSH_3MIN,WCH,Hernandez Express,function,4,100.0,Goal,Root/div/station/vendor/function,WCH_PUSH_3MIN/VND/SAL/Hernandez Express/WCH,0,Yes
WCH_PUSH_3MIN,TriStar,SAL,vendor,3,38.24,Goal,Root/div/station/vendor,WCH_PUSH_3MIN/VND/SAL/TriStar,1,No
WCH_PUSH_3MIN,WCH,TriStar,function,4,100.0,Goal,Root/div/station/vendor/function,WCH_PUSH_3MIN/VND/SAL/TriStar/WCH,0,Yes
WCH_PUSH_3MIN,SAN,VND,station,2,0.38,Goal,Root/div/station,WCH_PUSH_3MIN/VND/SAN,2,No
WCH_PUSH_3MIN,",null,",SAN,vendor,3,39.8,Goal,Root/div/station/vendor,"WCH_PUSH_3MIN/VND/SAN/,null,",1,No
WCH_PUSH_3MIN,WCH,",null,",function,4,100.0,Goal,Root/div/station/vendor/function,"WCH_PUSH_3MIN/VND/SAN/,null,/WCH",0,Yes
WCH_PUSH_3MIN,Unifi,SAN,vendor,3,60.2,Goal,Root/div/station/vendor,WCH_PUSH_3MIN/VND/SAN/Unifi,1,No
WCH_PUSH_3MIN,WCH,Unifi,function,4,100.0,Goal,Root/div/station/vendor/function,WCH_PUSH_3MIN/VND/SAN/Unifi/WCH,0,Yes
WCH_PUSH_3MIN,SAP,VND,station,2,0.22,Goal,Root/div/station,WCH_PUSH_3MIN/VND/SAP,1,No
WCH_PUSH_3MIN,Warren,SAP,vendor,3,100.0,Goal,Root/div/station/vendor,WCH_PUSH_3MIN/VND/SAP/Warren,1,No
WCH_PUSH_3MIN,WCH,Warren,function,4,100.0,Goal,Root/div/station/vendor/function,WCH_PUSH_3MIN/VND/SAP/Warren/WCH,0,Yes
WCH_PUSH_3MIN,SAT,VND,station,2,0.1,Goal,Root/div/station,WCH_PUSH_3MIN/VND/SAT,2,No
WCH_PUSH_3MIN,",null,",SAT,vendor,3,36.69,Goal,Root/div/station/vendor,"WCH_PUSH_3MIN/VND/SAT/,null,",1,No
WCH_PUSH_3MIN,WCH,",null,",function,4,100.0,Goal,Root/div/station/vendor/function,"WCH_PUSH_3MIN/VND/SAT/,null,/WCH",0,Yes
WCH_PUSH_3MIN,SAN ANTONIO AIRLINES,SAT,vendor,3,63.31,Goal,Root/div/station/vendor,WCH_PUSH_3MIN/VND/SAT/SAN ANTONIO AIRLINES,1,No
WCH_PUSH_3MIN,WCH,SAN ANTONIO AIRLINES,function,4,100.0,Goal,Root/div/station/vendor/function,WCH_PUSH_3MIN/VND/SAT/SAN ANTONIO AIRLINES/WCH,0,Yes
WCH_PUSH_3MIN,SAV,VND,station,2,0.28,Goal,Root/div/station,WCH_PUSH_3MIN/VND/SAV,2,No
WCH_PUSH_3MIN,",null,",SAV,vendor,3,67.05,Goal,Root/div/station/vendor,"WCH_PUSH_3MIN/VND/SAV/,null,",1,No
WCH_PUSH_3MIN,WCH,",null,",function,4,100.0,Goal,Root/div/station/vendor/function,"WCH_PUSH_3MIN/VND/SAV/,null,/WCH",0,Yes
WCH_PUSH_3MIN,Savannah Airport Commission,SAV,vendor,3,32.95,Goal,Root/div/station/vendor,WCH_PUSH_3MIN/VND/SAV/Savannah Airport Commission,1,No
WCH_PUSH_3MIN,WCH,Savannah Airport Commission,function,4,100.0,Goal,Root/div/station/vendor/function,WCH_PUSH_3MIN/VND/SAV/Savannah Airport Commission/WCH,0,Yes
WCH_PUSH_3MIN,SBA,VND,station,2,0.03,Goal,Root/div/station,WCH_PUSH_3MIN/VND/SBA,3,No
WCH_PUSH_3MIN,G2,SBA,vendor,3,32.4,Goal,Root/div/station/vendor,WCH_PUSH_3MIN/VND/SBA/G2,1,No
WCH_PUSH_3MIN,WCH,G2,function,4,100.0,Goal,Root/div/station/vendor/function,WCH_PUSH_3MIN/VND/SBA/G2/WCH,0,Yes
WCH_PUSH_3MIN,Menzies Aviation,SBA,vendor,3,41.27,Goal,Root/div/station/vendor,WCH_PUSH_3MIN/VND/SBA/Menzies Aviation,1,No
WCH_PUSH_3MIN,WCH,Menzies Aviation,function,4,100.0,Goal,Root/div/station/vendor/function,WCH_PUSH_3MIN/VND/SBA/Menzies Aviation/WCH,0,Yes
WCH_PUSH_3MIN,Unifi,SBA,vendor,3,26.33,Goal,Root/div/station/vendor,WCH_PUSH_3MIN/VND/SBA/Unifi,1,No
WCH_PUSH_3MIN,WCH,Unifi,function,4,100.0,Goal,Root/div/station/vendor/function,WCH_PUSH_3MIN/VND/SBA/Unifi/WCH,0,Yes
WCH_PUSH_3MIN,SBN,VND,station,2,0.15,Goal,Root/div/station,WCH_PUSH_3MIN/VND/SBN,2,No
WCH_PUSH_3MIN,",null,",SBN,vendor,3,15.53,Goal,Root/div/station/vendor,"WCH_PUSH_3MIN/VND/SBN/,null,",1,No
WCH_PUSH_3MIN,WCH,",null,",function,4,100.0,Goal,Root/div/station/vendor/function,"WCH_PUSH_3MIN/VND/SBN/,null,/WCH",0,Yes
WCH_PUSH_3MIN,Unifi,SBN,vendor,3,84.47,Goal,Root/div/station/vendor,WCH_PUSH_3MIN/VND/SBN/Unifi,1,No
WCH_PUSH_3MIN,WCH,Unifi,function,4,100.0,Goal,Root/div/station/vendor/function,WCH_PUSH_3MIN/VND/SBN/Unifi/WCH,0,Yes
WCH_PUSH_3MIN,SCE,VND,station,2,0.1,Goal,Root/div/station,WCH_PUSH_3MIN/VND/SCE,3,No
WCH_PUSH_3MIN,G2,SCE,vendor,3,56.22,Goal,Root/div/station/vendor,WCH_PUSH_3MIN/VND/SCE/G2,1,No
WCH_PUSH_3MIN,WCH,G2,function,4,100.0,Goal,Root/div/station/vendor/function,WCH_PUSH_3MIN/VND/SCE/G2/WCH,0,Yes
WCH_PUSH_3MIN,Menzies Aviation,SCE,vendor,3,40.64,Goal,Root/div/station/vendor,WCH_PUSH_3MIN/VND/SCE/Menzies Aviation,1,No
WCH_PUSH_3MIN,WCH,Menzies Aviation,function,4,100.0,Goal,Root/div/station/vendor/function,WCH_PUSH_3MIN/VND/SCE/Menzies Aviation/WCH,0,Yes
WCH_PUSH_3MIN,SkyWest,SCE,vendor,3,3.14,Goal,Root/div/station/vendor,WCH_PUSH_3MIN/VND/SCE/SkyWest,1,No
WCH_PUSH_3MIN,WCH,SkyWest,function,4,100.0,Goal,Root/div/station/vendor/function,WCH_PUSH_3MIN/VND/SCE/SkyWest/WCH,0,Yes
WCH_PUSH_3MIN,SCL,VND,station,2,0.21,Goal,Root/div/station,WCH_PUSH_3MIN/VND/SCL,2,No
WCH_PUSH_3MIN,CargoMobility,SCL,vendor,3,2.96,Goal,Root/div/station/vendor,WCH_PUSH_3MIN/VND/SCL/CargoMobility,1,No
WCH_PUSH_3MIN,WCH,CargoMobility,function,4,100.0,Goal,Root/div/station/vendor/function,WCH_PUSH_3MIN/VND/SCL/CargoMobility/WCH,0,Yes
WCH_PUSH_3MIN,LUIS JIMENO COMUNICACIONES Y,SCL,vendor,3,97.04,Goal,Root/div/station/vendor,WCH_PUSH_3MIN/VND/SCL/LUIS JIMENO COMUNICACIONES Y,1,No
WCH_PUSH_3MIN,WCH,LUIS JIMENO COMUNICACIONES Y,function,4,100.0,Goal,Root/div/station/vendor/function,WCH_PUSH_3MIN/VND/SCL/LUIS JIMENO COMUNICACIONES Y/WCH,0,Yes
WCH_PUSH_3MIN,SDF,VND,station,2,0.02,Goal,Root/div/station,WCH_PUSH_3MIN/VND/SDF,3,No
WCH_PUSH_3MIN,",null,",SDF,vendor,3,24.59,Goal,Root/div/station/vendor,"WCH_PUSH_3MIN/VND/SDF/,null,",1,No
WCH_PUSH_3MIN,WCH,",null,",function,4,100.0,Goal,Root/div/station/vendor/function,"WCH_PUSH_3MIN/VND/SDF/,null,/WCH",0,Yes
WCH_PUSH_3MIN,G2,SDF,vendor,3,36.61,Goal,Root/div/station/vendor,WCH_PUSH_3MIN/VND/SDF/G2,1,No
WCH_PUSH_3MIN,WCH,G2,function,4,100.0,Goal,Root/div/station/vendor/function,WCH_PUSH_3MIN/VND/SDF/G2/WCH,0,Yes
WCH_PUSH_3MIN,Menzies Aviation,SDF,vendor,3,38.8,Goal,Root/div/station/vendor,WCH_PUSH_3MIN/VND/SDF/Menzies Aviation,1,No
WCH_PUSH_3MIN,WCH,Menzies Aviation,function,4,100.0,Goal,Root/div/station/vendor/function,WCH_PUSH_3MIN/VND/SDF/Menzies Aviation/WCH,0,Yes
WCH_PUSH_3MIN,SDQ,VND,station,2,0.17,Goal,Root/div/station,WCH_PUSH_3MIN/VND/SDQ,1,No
WCH_PUSH_3MIN,SAMSIC HANDLING DOMINICANA S.A.S,SDQ,vendor,3,100.0,Goal,Root/div/station/vendor,WCH_PUSH_3MIN/VND/SDQ/SAMSIC HANDLING DOMINICANA S.A.S,1,No
WCH_PUSH_3MIN,WCH,SAMSIC HANDLING DOMINICANA S.A.S,function,4,100.0,Goal,Root/div/station/vendor/function,WCH_PUSH_3MIN/VND/SDQ/SAMSIC HANDLING DOMINICANA S.A.S/WCH,0,Yes
WCH_PUSH_3MIN,SEA,VND,station,2,0.29,Goal,Root/div/station,WCH_PUSH_3MIN/VND/SEA,3,No
WCH_PUSH_3MIN,",null,",SEA,vendor,3,73.55,Goal,Root/div/station/vendor,"WCH_PUSH_3MIN/VND/SEA/,null,",1,No
WCH_PUSH_3MIN,WCH,",null,",function,4,100.0,Goal,Root/div/station/vendor/function,"WCH_PUSH_3MIN/VND/SEA/,null,/WCH",0,Yes
WCH_PUSH_3MIN,Prospect,SEA,vendor,3,9.23,Goal,Root/div/station/vendor,WCH_PUSH_3MIN/VND/SEA/Prospect,1,No
WCH_PUSH_3MIN,WCH,Prospect,function,4,100.0,Goal,Root/div/station/vendor/function,WCH_PUSH_3MIN/VND/SEA/Prospect/WCH,0,Yes
WCH_PUSH_3MIN,Unifi,SEA,vendor,3,17.22,Goal,Root/div/station/vendor,WCH_PUSH_3MIN/VND/SEA/Unifi,1,No
WCH_PUSH_3MIN,WCH,Unifi,function,4,100.0,Goal,Root/div/station/vendor/function,WCH_PUSH_3MIN/VND/SEA/Unifi/WCH,0,Yes
WCH_PUSH_3MIN,SFO,VND,station,2,0.38,Goal,Root/div/station,WCH_PUSH_3MIN/VND/SFO,4,No
WCH_PUSH_3MIN,",null,",SFO,vendor,3,15.92,Goal,Root/div/station/vendor,"WCH_PUSH_3MIN/VND/SFO/,null,",1,No
WCH_PUSH_3MIN,WCH,",null,",function,4,100.0,Goal,Root/div/station/vendor/function,"WCH_PUSH_3MIN/VND/SFO/,null,/WCH",0,Yes
WCH_PUSH_3MIN,G2,SFO,vendor,3,52.71,Goal,Root/div/station/vendor,WCH_PUSH_3MIN/VND/SFO/G2,1,No
WCH_PUSH_3MIN,WCH,G2,function,4,100.0,Goal,Root/div/station/vendor/function,WCH_PUSH_3MIN/VND/SFO/G2/WCH,0,Yes
WCH_PUSH_3MIN,Menzies Aviation,SFO,vendor,3,9.52,Goal,Root/div/station/vendor,WCH_PUSH_3MIN/VND/SFO/Menzies Aviation,1,No
WCH_PUSH_3MIN,WCH,Menzies Aviation,function,4,100.0,Goal,Root/div/station/vendor/function,WCH_PUSH_3MIN/VND/SFO/Menzies Aviation/WCH,0,Yes
WCH_PUSH_3MIN,PrimeFlight,SFO,vendor,3,21.849999999999998,Goal,Root/div/station/vendor,WCH_PUSH_3MIN/VND/SFO/PrimeFlight,1,No
WCH_PUSH_3MIN,WCH,PrimeFlight,function,4,100.0,Goal,Root/div/station/vendor/function,WCH_PUSH_3MIN/VND/SFO/PrimeFlight/WCH,0,Yes
WCH_PUSH_3MIN,SGF,VND,station,2,0.25,Goal,Root/div/station,WCH_PUSH_3MIN/VND/SGF,1,No
WCH_PUSH_3MIN,JACKSON CONTRACT SERVICES LLC,SGF,vendor,3,100.0,Goal,Root/div/station/vendor,WCH_PUSH_3MIN/VND/SGF/JACKSON CONTRACT SERVICES LLC,1,No
WCH_PUSH_3MIN,WCH,JACKSON CONTRACT SERVICES LLC,function,4,100.0,Goal,Root/div/station/vendor/function,WCH_PUSH_3MIN/VND/SGF/JACKSON CONTRACT SERVICES LLC/WCH,0,Yes
WCH_PUSH_3MIN,SGU,VND,station,2,0.35,Goal,Root/div/station,WCH_PUSH_3MIN/VND/SGU,2,No
WCH_PUSH_3MIN,",null,",SGU,vendor,3,42.0,Goal,Root/div/station/vendor,"WCH_PUSH_3MIN/VND/SGU/,null,",1,No
WCH_PUSH_3MIN,WCH,",null,",function,4,100.0,Goal,Root/div/station/vendor/function,"WCH_PUSH_3MIN/VND/SGU/,null,/WCH",0,Yes
WCH_PUSH_3MIN,SkyWest,SGU,vendor,3,58.0,Goal,Root/div/station/vendor,WCH_PUSH_3MIN/VND/SGU/SkyWest,1,No
WCH_PUSH_3MIN,WCH,SkyWest,function,4,100.0,Goal,Root/div/station/vendor/function,WCH_PUSH_3MIN/VND/SGU/SkyWest/WCH,0,Yes
WCH_PUSH_3MIN,SHV,VND,station,2,0.08,Goal,Root/div/station,WCH_PUSH_3MIN/VND/SHV,2,No
WCH_PUSH_3MIN,",null,",SHV,vendor,3,76.86,Goal,Root/div/station/vendor,"WCH_PUSH_3MIN/VND/SHV/,null,",1,No
WCH_PUSH_3MIN,WCH,",null,",function,4,100.0,Goal,Root/div/station/vendor/function,"WCH_PUSH_3MIN/VND/SHV/,null,/WCH",0,Yes
WCH_PUSH_3MIN,Unifi,SHV,vendor,3,23.14,Goal,Root/div/station/vendor,WCH_PUSH_3MIN/VND/SHV/Unifi,1,No
WCH_PUSH_3MIN,WCH,Unifi,function,4,100.0,Goal,Root/div/station/vendor/function,WCH_PUSH_3MIN/VND/SHV/Unifi/WCH,0,Yes
WCH_PUSH_3MIN,SIN,VND,station,2,0.35,Goal,Root/div/station,WCH_PUSH_3MIN/VND/SIN,1,No
WCH_PUSH_3MIN,dnata,SIN,vendor,3,100.0,Goal,Root/div/station/vendor,WCH_PUSH_3MIN/VND/SIN/dnata,1,No
WCH_PUSH_3MIN,WCH,dnata,function,4,100.0,Goal,Root/div/station/vendor/function,WCH_PUSH_3MIN/VND/SIN/dnata/WCH,0,Yes
WCH_PUSH_3MIN,SIT,VND,station,2,0.15,Goal,Root/div/station,WCH_PUSH_3MIN/VND/SIT,1,No
WCH_PUSH_3MIN,Unifi,SIT,vendor,3,100.0,Goal,Root/div/station/vendor,WCH_PUSH_3MIN/VND/SIT/Unifi,1,No
WCH_PUSH_3MIN,WCH,Unifi,function,4,100.0,Goal,Root/div/station/vendor/function,WCH_PUSH_3MIN/VND/SIT/Unifi/WCH,0,Yes
WCH_PUSH_3MIN,SJC,VND,station,2,0.01,Goal,Root/div/station,WCH_PUSH_3MIN/VND/SJC,3,No
WCH_PUSH_3MIN,",null,",SJC,vendor,3,15.18,Goal,Root/div/station/vendor,"WCH_PUSH_3MIN/VND/SJC/,null,",1,No
WCH_PUSH_3MIN,WCH,",null,",function,4,100.0,Goal,Root/div/station/vendor/function,"WCH_PUSH_3MIN/VND/SJC/,null,/WCH",0,Yes
WCH_PUSH_3MIN,G2,SJC,vendor,3,6.11,Goal,Root/div/station/vendor,WCH_PUSH_3MIN/VND/SJC/G2,1,No
WCH_PUSH_3MIN,WCH,G2,function,4,100.0,Goal,Root/div/station/vendor/function,WCH_PUSH_3MIN/VND/SJC/G2/WCH,0,Yes
WCH_PUSH_3MIN,Menzies Aviation,SJC,vendor,3,78.71,Goal,Root/div/station/vendor,WCH_PUSH_3MIN/VND/SJC/Menzies Aviation,1,No
WCH_PUSH_3MIN,WCH,Menzies Aviation,function,4,100.0,Goal,Root/div/station/vendor/function,WCH_PUSH_3MIN/VND/SJC/Menzies Aviation/WCH,0,Yes
WCH_PUSH_3MIN,SJD,VND,station,2,0.29,Goal,Root/div/station,WCH_PUSH_3MIN/VND/SJD,1,No
WCH_PUSH_3MIN,GDL GROUND HANDLING SADE CV,SJD,vendor,3,100.0,Goal,Root/div/station/vendor,WCH_PUSH_3MIN/VND/SJD/GDL GROUND HANDLING SADE CV,1,No
WCH_PUSH_3MIN,WCH,GDL GROUND HANDLING SADE CV,function,4,100.0,Goal,Root/div/station/vendor/function,WCH_PUSH_3MIN/VND/SJD/GDL GROUND HANDLING SADE CV/WCH,0,Yes
WCH_PUSH_3MIN,SJO,VND,station,2,0.25,Goal,Root/div/station,WCH_PUSH_3MIN/VND/SJO,2,No
WCH_PUSH_3MIN,Aero Sphere A.S. Handling,SJO,vendor,3,80.16,Goal,Root/div/station/vendor,WCH_PUSH_3MIN/VND/SJO/Aero Sphere A.S. Handling,1,No
WCH_PUSH_3MIN,WCH,Aero Sphere A.S. Handling,function,4,100.0,Goal,Root/div/station/vendor/function,WCH_PUSH_3MIN/VND/SJO/Aero Sphere A.S. Handling/WCH,0,Yes
WCH_PUSH_3MIN,ASOCIACION UNITED SKYCAP,SJO,vendor,3,19.84,Goal,Root/div/station/vendor,WCH_PUSH_3MIN/VND/SJO/ASOCIACION UNITED SKYCAP,1,No
WCH_PUSH_3MIN,WCH,ASOCIACION UNITED SKYCAP,function,4,100.0,Goal,Root/div/station/vendor/function,WCH_PUSH_3MIN/VND/SJO/ASOCIACION UNITED SKYCAP/WCH,0,Yes
WCH_PUSH_3MIN,SJU,VND,station,2,0.27,Goal,Root/div/station,WCH_PUSH_3MIN/VND/SJU,2,No
WCH_PUSH_3MIN,",null,",SJU,vendor,3,19.63,Goal,Root/div/station/vendor,"WCH_PUSH_3MIN/VND/SJU/,null,",1,No
WCH_PUSH_3MIN,WCH,",null,",function,4,100.0,Goal,Root/div/station/vendor/function,"WCH_PUSH_3MIN/VND/SJU/,null,/WCH",0,Yes
WCH_PUSH_3MIN,AIRPORT AVIATION SERVICES,SJU,vendor,3,80.37,Goal,Root/div/station/vendor,WCH_PUSH_3MIN/VND/SJU/AIRPORT AVIATION SERVICES,1,No
WCH_PUSH_3MIN,WCH,AIRPORT AVIATION SERVICES,function,4,100.0,Goal,Root/div/station/vendor/function,WCH_PUSH_3MIN/VND/SJU/AIRPORT AVIATION SERVICES/WCH,0,Yes
WCH_PUSH_3MIN,SKB,VND,station,2,0.2,Goal,Root/div/station,WCH_PUSH_3MIN/VND/SKB,1,No
WCH_PUSH_3MIN,SKGS,SKB,vendor,3,100.0,Goal,Root/div/station/vendor,WCH_PUSH_3MIN/VND/SKB/SKGS,1,No
WCH_PUSH_3MIN,WCH,SKGS,function,4,100.0,Goal,Root/div/station/vendor/function,WCH_PUSH_3MIN/VND/SKB/SKGS/WCH,0,Yes
WCH_PUSH_3MIN,SLC,VND,station,2,0.27,Goal,Root/div/station,WCH_PUSH_3MIN/VND/SLC,3,No
WCH_PUSH_3MIN,",null,",SLC,vendor,3,56.18,Goal,Root/div/station/vendor,"WCH_PUSH_3MIN/VND/SLC/,null,",1,No
WCH_PUSH_3MIN,WCH,",null,",function,4,100.0,Goal,Root/div/station/vendor/function,"WCH_PUSH_3MIN/VND/SLC/,null,/WCH",0,Yes
WCH_PUSH_3MIN,Prospect,SLC,vendor,3,12.31,Goal,Root/div/station/vendor,WCH_PUSH_3MIN/VND/SLC/Prospect,1,No
WCH_PUSH_3MIN,WCH,Prospect,function,4,100.0,Goal,Root/div/station/vendor/function,WCH_PUSH_3MIN/VND/SLC/Prospect/WCH,0,Yes
WCH_PUSH_3MIN,Unifi,SLC,vendor,3,31.51,Goal,Root/div/station/vendor,WCH_PUSH_3MIN/VND/SLC/Unifi,1,No
WCH_PUSH_3MIN,WCH,Unifi,function,4,100.0,Goal,Root/div/station/vendor/function,WCH_PUSH_3MIN/VND/SLC/Unifi/WCH,0,Yes
WCH_PUSH_3MIN,SMF,VND,station,2,0.26,Goal,Root/div/station,WCH_PUSH_3MIN/VND/SMF,4,No
WCH_PUSH_3MIN,",null,",SMF,vendor,3,19.46,Goal,Root/div/station/vendor,"WCH_PUSH_3MIN/VND/SMF/,null,",1,No
WCH_PUSH_3MIN,WCH,",null,",function,4,100.0,Goal,Root/div/station/vendor/function,"WCH_PUSH_3MIN/VND/SMF/,null,/WCH",0,Yes
WCH_PUSH_3MIN,ABM,SMF,vendor,3,45.96,Goal,Root/div/station/vendor,WCH_PUSH_3MIN/VND/SMF/ABM,1,No
WCH_PUSH_3MIN,WCH,ABM,function,4,100.0,Goal,Root/div/station/vendor/function,WCH_PUSH_3MIN/VND/SMF/ABM/WCH,0,Yes
WCH_PUSH_3MIN,G2,SMF,vendor,3,29.56,Goal,Root/div/station/vendor,WCH_PUSH_3MIN/VND/SMF/G2,1,No
WCH_PUSH_3MIN,WCH,G2,function,4,100.0,Goal,Root/div/station/vendor/function,WCH_PUSH_3MIN/VND/SMF/G2/WCH,0,Yes
WCH_PUSH_3MIN,Menzies Aviation,SMF,vendor,3,5.02,Goal,Root/div/station/vendor,WCH_PUSH_3MIN/VND/SMF/Menzies Aviation,1,No
WCH_PUSH_3MIN,WCH,Menzies Aviation,function,4,100.0,Goal,Root/div/station/vendor/function,WCH_PUSH_3MIN/VND/SMF/Menzies Aviation/WCH,0,Yes
WCH_PUSH_3MIN,SNA,VND,station,2,0.22,Goal,Root/div/station,WCH_PUSH_3MIN/VND/SNA,3,No
WCH_PUSH_3MIN,",null,",SNA,vendor,3,47.24,Goal,Root/div/station/vendor,"WCH_PUSH_3MIN/VND/SNA/,null,",1,No
WCH_PUSH_3MIN,WCH,",null,",function,4,100.0,Goal,Root/div/station/vendor/function,"WCH_PUSH_3MIN/VND/SNA/,null,/WCH",0,Yes
WCH_PUSH_3MIN,Maximus Global Services,SNA,vendor,3,9.65,Goal,Root/div/station/vendor,WCH_PUSH_3MIN/VND/SNA/Maximus Global Services,1,No
WCH_PUSH_3MIN,WCH,Maximus Global Services,function,4,100.0,Goal,Root/div/station/vendor/function,WCH_PUSH_3MIN/VND/SNA/Maximus Global Services/WCH,0,Yes
WCH_PUSH_3MIN,SIERRA AVIATION GROUP - ONT,SNA,vendor,3,43.11,Goal,Root/div/station/vendor,WCH_PUSH_3MIN/VND/SNA/SIERRA AVIATION GROUP - ONT,1,No
WCH_PUSH_3MIN,WCH,SIERRA AVIATION GROUP - ONT,function,4,100.0,Goal,Root/div/station/vendor/function,WCH_PUSH_3MIN/VND/SNA/SIERRA AVIATION GROUP - ONT/WCH,0,Yes
WCH_PUSH_3MIN,SNN,VND,station,2,0.03,Goal,Root/div/station,WCH_PUSH_3MIN/VND/SNN,1,No
WCH_PUSH_3MIN,Airport,SNN,vendor,3,100.0,Goal,Root/div/station/vendor,WCH_PUSH_3MIN/VND/SNN/Airport,1,No
WCH_PUSH_3MIN,WCH,Airport,function,4,100.0,Goal,Root/div/station/vendor/function,WCH_PUSH_3MIN/VND/SNN/Airport/WCH,0,Yes
WCH_PUSH_3MIN,SRQ,VND,station,2,0.33,Goal,Root/div/station,WCH_PUSH_3MIN/VND/SRQ,2,No
WCH_PUSH_3MIN,",null,",SRQ,vendor,3,1.35,Goal,Root/div/station/vendor,"WCH_PUSH_3MIN/VND/SRQ/,null,",1,No
WCH_PUSH_3MIN,WCH,",null,",function,4,100.0,Goal,Root/div/station/vendor/function,"WCH_PUSH_3MIN/VND/SRQ/,null,/WCH",0,Yes
WCH_PUSH_3MIN,GAT,SRQ,vendor,3,98.65,Goal,Root/div/station/vendor,WCH_PUSH_3MIN/VND/SRQ/GAT,1,No
WCH_PUSH_3MIN,WCH,GAT,function,4,100.0,Goal,Root/div/station/vendor/function,WCH_PUSH_3MIN/VND/SRQ/GAT/WCH,0,Yes
WCH_PUSH_3MIN,STI,VND,station,2,0.19,Goal,Root/div/station,WCH_PUSH_3MIN/VND/STI,1,No
WCH_PUSH_3MIN,SERVAIR,STI,vendor,3,100.0,Goal,Root/div/station/vendor,WCH_PUSH_3MIN/VND/STI/SERVAIR,1,No
WCH_PUSH_3MIN,WCH,SERVAIR,function,4,100.0,Goal,Root/div/station/vendor/function,WCH_PUSH_3MIN/VND/STI/SERVAIR/WCH,0,Yes
WCH_PUSH_3MIN,STL,VND,station,2,0.31,Goal,Root/div/station,WCH_PUSH_3MIN/VND/STL,3,No
WCH_PUSH_3MIN,",null,",STL,vendor,3,19.68,Goal,Root/div/station/vendor,"WCH_PUSH_3MIN/VND/STL/,null,",1,No
WCH_PUSH_3MIN,WCH,",null,",function,4,100.0,Goal,Root/div/station/vendor/function,"WCH_PUSH_3MIN/VND/STL/,null,/WCH",0,Yes
WCH_PUSH_3MIN,ABM,STL,vendor,3,45.95,Goal,Root/div/station/vendor,WCH_PUSH_3MIN/VND/STL/ABM,1,No
WCH_PUSH_3MIN,WCH,ABM,function,4,100.0,Goal,Root/div/station/vendor/function,WCH_PUSH_3MIN/VND/STL/ABM/WCH,0,Yes
WCH_PUSH_3MIN,Unifi,STL,vendor,3,34.37,Goal,Root/div/station/vendor,WCH_PUSH_3MIN/VND/STL/Unifi,1,No
WCH_PUSH_3MIN,WCH,Unifi,function,4,100.0,Goal,Root/div/station/vendor/function,WCH_PUSH_3MIN/VND/STL/Unifi/WCH,0,Yes
WCH_PUSH_3MIN,STR,VND,station,2,0.07,Goal,Root/div/station,WCH_PUSH_3MIN/VND/STR,1,No
WCH_PUSH_3MIN,Airport,STR,vendor,3,100.0,Goal,Root/div/station/vendor,WCH_PUSH_3MIN/VND/STR/Airport,1,No
WCH_PUSH_3MIN,WCH,Airport,function,4,100.0,Goal,Root/div/station/vendor/function,WCH_PUSH_3MIN/VND/STR/Airport/WCH,0,Yes
WCH_PUSH_3MIN,STT,VND,station,2,0.17,Goal,Root/div/station,WCH_PUSH_3MIN/VND/STT,2,No
WCH_PUSH_3MIN,",null,",STT,vendor,3,59.58,Goal,Root/div/station/vendor,"WCH_PUSH_3MIN/VND/STT/,null,",1,No
WCH_PUSH_3MIN,WCH,",null,",function,4,100.0,Goal,Root/div/station/vendor/function,"WCH_PUSH_3MIN/VND/STT/,null,/WCH",0,Yes
WCH_PUSH_3MIN,GCG GROUND SERVICES LLC,STT,vendor,3,40.42,Goal,Root/div/station/vendor,WCH_PUSH_3MIN/VND/STT/GCG GROUND SERVICES LLC,1,No
WCH_PUSH_3MIN,WCH,GCG GROUND SERVICES LLC,function,4,100.0,Goal,Root/div/station/vendor/function,WCH_PUSH_3MIN/VND/STT/GCG GROUND SERVICES LLC/WCH,0,Yes
WCH_PUSH_3MIN,STX,VND,station,2,0.3,Goal,Root/div/station,WCH_PUSH_3MIN/VND/STX,2,No
WCH_PUSH_3MIN,",null,",STX,vendor,3,50.01,Goal,Root/div/station/vendor,"WCH_PUSH_3MIN/VND/STX/,null,",1,No
WCH_PUSH_3MIN,WCH,",null,",function,4,100.0,Goal,Root/div/station/vendor/function,"WCH_PUSH_3MIN/VND/STX/,null,/WCH",0,Yes
WCH_PUSH_3MIN,WFS -Worldwide Flight Services,STX,vendor,3,49.99,Goal,Root/div/station/vendor,WCH_PUSH_3MIN/VND/STX/WFS -Worldwide Flight Services,1,No
WCH_PUSH_3MIN,WCH,WFS -Worldwide Flight Services,function,4,100.0,Goal,Root/div/station/vendor/function,WCH_PUSH_3MIN/VND/STX/WFS -Worldwide Flight Services/WCH,0,Yes
WCH_PUSH_3MIN,SUN,VND,station,2,0.36,Goal,Root/div/station,WCH_PUSH_3MIN/VND/SUN,1,No
WCH_PUSH_3MIN,SkyWest,SUN,vendor,3,100.0,Goal,Root/div/station/vendor,WCH_PUSH_3MIN/VND/SUN/SkyWest,1,No
WCH_PUSH_3MIN,WCH,SkyWest,function,4,100.0,Goal,Root/div/station/vendor/function,WCH_PUSH_3MIN/VND/SUN/SkyWest/WCH,0,Yes
WCH_PUSH_3MIN,SWF,VND,station,2,0.29,Goal,Root/div/station,WCH_PUSH_3MIN/VND/SWF,1,No
WCH_PUSH_3MIN,SkyWest,SWF,vendor,3,100.0,Goal,Root/div/station/vendor,WCH_PUSH_3MIN/VND/SWF/SkyWest,1,No
WCH_PUSH_3MIN,WCH,SkyWest,function,4,100.0,Goal,Root/div/station/vendor/function,WCH_PUSH_3MIN/VND/SWF/SkyWest/WCH,0,Yes
WCH_PUSH_3MIN,SXM,VND,station,2,0.37,Goal,Root/div/station,WCH_PUSH_3MIN/VND/SXM,2,No
WCH_PUSH_3MIN,Accessible Ventures of Sint Maarten NV,SXM,vendor,3,20.62,Goal,Root/div/station/vendor,WCH_PUSH_3MIN/VND/SXM/Accessible Ventures of Sint Maarten NV,1,No
WCH_PUSH_3MIN,WCH,Accessible Ventures of Sint Maarten NV,function,4,100.0,Goal,Root/div/station/vendor/function,WCH_PUSH_3MIN/VND/SXM/Accessible Ventures of Sint Maarten NV/WCH,0,Yes
WCH_PUSH_3MIN,ARRINDELL AVIATION SERVICES,SXM,vendor,3,79.38,Goal,Root/div/station/vendor,WCH_PUSH_3MIN/VND/SXM/ARRINDELL AVIATION SERVICES,1,No
WCH_PUSH_3MIN,WCH,ARRINDELL AVIATION SERVICES,function,4,100.0,Goal,Root/div/station/vendor/function,WCH_PUSH_3MIN/VND/SXM/ARRINDELL AVIATION SERVICES/WCH,0,Yes
WCH_PUSH_3MIN,SYD,VND,station,2,0.34,Goal,Root/div/station,WCH_PUSH_3MIN/VND/SYD,2,No
WCH_PUSH_3MIN,dnata,SYD,vendor,3,36.6,Goal,Root/div/station/vendor,WCH_PUSH_3MIN/VND/SYD/dnata,1,No
WCH_PUSH_3MIN,WCH,dnata,function,4,100.0,Goal,Root/div/station/vendor/function,WCH_PUSH_3MIN/VND/SYD/dnata/WCH,0,Yes
WCH_PUSH_3MIN,Menzies Aviation,SYD,vendor,3,63.4,Goal,Root/div/station/vendor,WCH_PUSH_3MIN/VND/SYD/Menzies Aviation,1,No
WCH_PUSH_3MIN,WCH,Menzies Aviation,function,4,100.0,Goal,Root/div/station/vendor/function,WCH_PUSH_3MIN/VND/SYD/Menzies Aviation/WCH,0,Yes
WCH_PUSH_3MIN,SYR,VND,station,2,0.24,Goal,Root/div/station,WCH_PUSH_3MIN/VND/SYR,2,No
WCH_PUSH_3MIN,",null,",SYR,vendor,3,70.9,Goal,Root/div/station/vendor,"WCH_PUSH_3MIN/VND/SYR/,null,",1,No
WCH_PUSH_3MIN,WCH,",null,",function,4,100.0,Goal,Root/div/station/vendor/function,"WCH_PUSH_3MIN/VND/SYR/,null,/WCH",0,Yes
WCH_PUSH_3MIN,Unifi,SYR,vendor,3,29.1,Goal,Root/div/station/vendor,WCH_PUSH_3MIN/VND/SYR/Unifi,1,No
WCH_PUSH_3MIN,WCH,Unifi,function,4,100.0,Goal,Root/div/station/vendor/function,WCH_PUSH_3MIN/VND/SYR/Unifi/WCH,0,Yes
WCH_PUSH_3MIN,TGU,VND,station,2,0.23,Goal,Root/div/station,WCH_PUSH_3MIN/VND/TGU,1,No
WCH_PUSH_3MIN,Warren,TGU,vendor,3,100.0,Goal,Root/div/station/vendor,WCH_PUSH_3MIN/VND/TGU/Warren,1,No
WCH_PUSH_3MIN,WCH,Warren,function,4,100.0,Goal,Root/div/station/vendor/function,WCH_PUSH_3MIN/VND/TGU/Warren/WCH,0,Yes
WCH_PUSH_3MIN,TLH,VND,station,2,0.23,Goal,Root/div/station,WCH_PUSH_3MIN/VND/TLH,2,No
WCH_PUSH_3MIN,Eulen,TLH,vendor,3,66.52,Goal,Root/div/station/vendor,WCH_PUSH_3MIN/VND/TLH/Eulen,1,No
WCH_PUSH_3MIN,WCH,Eulen,function,4,100.0,Goal,Root/div/station/vendor/function,WCH_PUSH_3MIN/VND/TLH/Eulen/WCH,0,Yes
WCH_PUSH_3MIN,GAT,TLH,vendor,3,33.48,Goal,Root/div/station/vendor,WCH_PUSH_3MIN/VND/TLH/GAT,1,No
WCH_PUSH_3MIN,WCH,GAT,function,4,100.0,Goal,Root/div/station/vendor/function,WCH_PUSH_3MIN/VND/TLH/GAT/WCH,0,Yes
WCH_PUSH_3MIN,TLV,VND,station,2,0.13,Goal,Root/div/station,WCH_PUSH_3MIN/VND/TLV,1,No
WCH_PUSH_3MIN,QAS,TLV,vendor,3,100.0,Goal,Root/div/station/vendor,WCH_PUSH_3MIN/VND/TLV/QAS,1,No
WCH_PUSH_3MIN,WCH,QAS,function,4,100.0,Goal,Root/div/station/vendor/function,WCH_PUSH_3MIN/VND/TLV/QAS/WCH,0,Yes
WCH_PUSH_3MIN,TPA,VND,station,2,0.16,Goal,Root/div/station,WCH_PUSH_3MIN/VND/TPA,3,No
WCH_PUSH_3MIN,",null,",TPA,vendor,3,3.66,Goal,Root/div/station/vendor,"WCH_PUSH_3MIN/VND/TPA/,null,",1,No
WCH_PUSH_3MIN,WCH,",null,",function,4,100.0,Goal,Root/div/station/vendor/function,"WCH_PUSH_3MIN/VND/TPA/,null,/WCH",0,Yes
WCH_PUSH_3MIN,Prospect,TPA,vendor,3,37.88,Goal,Root/div/station/vendor,WCH_PUSH_3MIN/VND/TPA/Prospect,1,No
WCH_PUSH_3MIN,WCH,Prospect,function,4,100.0,Goal,Root/div/station/vendor/function,WCH_PUSH_3MIN/VND/TPA/Prospect/WCH,0,Yes
WCH_PUSH_3MIN,Unifi,TPA,vendor,3,58.46,Goal,Root/div/station/vendor,WCH_PUSH_3MIN/VND/TPA/Unifi,1,No
WCH_PUSH_3MIN,WCH,Unifi,function,4,100.0,Goal,Root/div/station/vendor/function,WCH_PUSH_3MIN/VND/TPA/Unifi/WCH,0,Yes
WCH_PUSH_3MIN,TPE,VND,station,2,0.13,Goal,Root/div/station,WCH_PUSH_3MIN/VND/TPE,1,No
WCH_PUSH_3MIN,China Airlines,TPE,vendor,3,100.0,Goal,Root/div/station/vendor,WCH_PUSH_3MIN/VND/TPE/China Airlines,1,No
WCH_PUSH_3MIN,WCH,China Airlines,function,4,100.0,Goal,Root/div/station/vendor/function,WCH_PUSH_3MIN/VND/TPE/China Airlines/WCH,0,Yes
WCH_PUSH_3MIN,TQO,VND,station,2,0.28,Goal,Root/div/station,WCH_PUSH_3MIN/VND/TQO,1,No
WCH_PUSH_3MIN,Swissport,TQO,vendor,3,100.0,Goal,Root/div/station/vendor,WCH_PUSH_3MIN/VND/TQO/Swissport,1,No
WCH_PUSH_3MIN,WCH,Swissport,function,4,100.0,Goal,Root/div/station/vendor/function,WCH_PUSH_3MIN/VND/TQO/Swissport/WCH,0,Yes
WCH_PUSH_3MIN,TR2,VND,station,2,0.13,Goal,Root/div/station,WCH_PUSH_3MIN/VND/TR2,1,No
WCH_PUSH_3MIN,",null,",TR2,vendor,3,100.0,Goal,Root/div/station/vendor,"WCH_PUSH_3MIN/VND/TR2/,null,",1,No
WCH_PUSH_3MIN,WCH,",null,",function,4,100.0,Goal,Root/div/station/vendor/function,"WCH_PUSH_3MIN/VND/TR2/,null,/WCH",0,Yes
WCH_PUSH_3MIN,TRI,VND,station,2,0.32,Goal,Root/div/station,WCH_PUSH_3MIN/VND/TRI,2,No
WCH_PUSH_3MIN,",null,",TRI,vendor,3,47.77,Goal,Root/div/station/vendor,"WCH_PUSH_3MIN/VND/TRI/,null,",1,No
WCH_PUSH_3MIN,WCH,",null,",function,4,100.0,Goal,Root/div/station/vendor/function,"WCH_PUSH_3MIN/VND/TRI/,null,/WCH",0,Yes
WCH_PUSH_3MIN,Unifi,TRI,vendor,3,52.23,Goal,Root/div/station/vendor,WCH_PUSH_3MIN/VND/TRI/Unifi,1,No
WCH_PUSH_3MIN,WCH,Unifi,function,4,100.0,Goal,Root/div/station/vendor/function,WCH_PUSH_3MIN/VND/TRI/Unifi/WCH,0,Yes
WCH_PUSH_3MIN,TUL,VND,station,2,0.23,Goal,Root/div/station,WCH_PUSH_3MIN/VND/TUL,1,No
WCH_PUSH_3MIN,Unifi,TUL,vendor,3,100.0,Goal,Root/div/station/vendor,WCH_PUSH_3MIN/VND/TUL/Unifi,1,No
WCH_PUSH_3MIN,WCH,Unifi,function,4,100.0,Goal,Root/div/station/vendor/function,WCH_PUSH_3MIN/VND/TUL/Unifi/WCH,0,Yes
WCH_PUSH_3MIN,TUS,VND,station,2,0.3,Goal,Root/div/station,WCH_PUSH_3MIN/VND/TUS,3,No
WCH_PUSH_3MIN,",null,",TUS,vendor,3,43.14,Goal,Root/div/station/vendor,"WCH_PUSH_3MIN/VND/TUS/,null,",1,No
WCH_PUSH_3MIN,WCH,",null,",function,4,100.0,Goal,Root/div/station/vendor/function,"WCH_PUSH_3MIN/VND/TUS/,null,/WCH",0,Yes
WCH_PUSH_3MIN,Prospect,TUS,vendor,3,32.55,Goal,Root/div/station/vendor,WCH_PUSH_3MIN/VND/TUS/Prospect,1,No
WCH_PUSH_3MIN,WCH,Prospect,function,4,100.0,Goal,Root/div/station/vendor/function,WCH_PUSH_3MIN/VND/TUS/Prospect/WCH,0,Yes
WCH_PUSH_3MIN,Unifi,TUS,vendor,3,24.31,Goal,Root/div/station/vendor,WCH_PUSH_3MIN/VND/TUS/Unifi,1,No
WCH_PUSH_3MIN,WCH,Unifi,function,4,100.0,Goal,Root/div/station/vendor/function,WCH_PUSH_3MIN/VND/TUS/Unifi/WCH,0,Yes
WCH_PUSH_3MIN,TVC,VND,station,2,0.23,Goal,Root/div/station,WCH_PUSH_3MIN/VND/TVC,1,No
WCH_PUSH_3MIN,Unifi,TVC,vendor,3,100.0,Goal,Root/div/station/vendor,WCH_PUSH_3MIN/VND/TVC/Unifi,1,No
WCH_PUSH_3MIN,WCH,Unifi,function,4,100.0,Goal,Root/div/station/vendor/function,WCH_PUSH_3MIN/VND/TVC/Unifi/WCH,0,Yes
WCH_PUSH_3MIN,TWF,VND,station,2,0.01,Goal,Root/div/station,WCH_PUSH_3MIN/VND/TWF,2,No
WCH_PUSH_3MIN,",null,",TWF,vendor,3,87.14,Goal,Root/div/station/vendor,"WCH_PUSH_3MIN/VND/TWF/,null,",1,No
WCH_PUSH_3MIN,WCH,",null,",function,4,100.0,Goal,Root/div/station/vendor/function,"WCH_PUSH_3MIN/VND/TWF/,null,/WCH",0,Yes
WCH_PUSH_3MIN,SkyWest,TWF,vendor,3,12.86,Goal,Root/div/station/vendor,WCH_PUSH_3MIN/VND/TWF/SkyWest,1,No
WCH_PUSH_3MIN,WCH,SkyWest,function,4,100.0,Goal,Root/div/station/vendor/function,WCH_PUSH_3MIN/VND/TWF/SkyWest/WCH,0,Yes
WCH_PUSH_3MIN,TXL,VND,station,2,0.17,Goal,Root/div/station,WCH_PUSH_3MIN/VND/TXL,1,No
WCH_PUSH_3MIN,Airport,TXL,vendor,3,100.0,Goal,Root/div/station/vendor,WCH_PUSH_3MIN/VND/TXL/Airport,1,No
WCH_PUSH_3MIN,WCH,Airport,function,4,100.0,Goal,Root/div/station/vendor/function,WCH_PUSH_3MIN/VND/TXL/Airport/WCH,0,Yes
WCH_PUSH_3MIN,TYS,VND,station,2,0.07,Goal,Root/div/station,WCH_PUSH_3MIN/VND/TYS,3,No
WCH_PUSH_3MIN,",null,",TYS,vendor,3,21.22,Goal,Root/div/station/vendor,"WCH_PUSH_3MIN/VND/TYS/,null,",1,No
WCH_PUSH_3MIN,WCH,",null,",function,4,100.0,Goal,Root/div/station/vendor/function,"WCH_PUSH_3MIN/VND/TYS/,null,/WCH",0,Yes
WCH_PUSH_3MIN,G2,TYS,vendor,3,49.14,Goal,Root/div/station/vendor,WCH_PUSH_3MIN/VND/TYS/G2,1,No
WCH_PUSH_3MIN,WCH,G2,function,4,100.0,Goal,Root/div/station/vendor/function,WCH_PUSH_3MIN/VND/TYS/G2/WCH,0,Yes
WCH_PUSH_3MIN,Menzies Aviation,TYS,vendor,3,29.639999999999997,Goal,Root/div/station/vendor,WCH_PUSH_3MIN/VND/TYS/Menzies Aviation,1,No
WCH_PUSH_3MIN,WCH,Menzies Aviation,function,4,100.0,Goal,Root/div/station/vendor/function,WCH_PUSH_3MIN/VND/TYS/Menzies Aviation/WCH,0,Yes
WCH_PUSH_3MIN,UIO,VND,station,2,0.18,Goal,Root/div/station,WCH_PUSH_3MIN/VND/UIO,1,No
WCH_PUSH_3MIN,EMSA AIRPORT SERVICES S.A.,UIO,vendor,3,100.0,Goal,Root/div/station/vendor,WCH_PUSH_3MIN/VND/UIO/EMSA AIRPORT SERVICES S.A.,1,No
WCH_PUSH_3MIN,WCH,EMSA AIRPORT SERVICES S.A.,function,4,100.0,Goal,Root/div/station/vendor/function,WCH_PUSH_3MIN/VND/UIO/EMSA AIRPORT SERVICES S.A./WCH,0,Yes
WCH_PUSH_3MIN,UVF,VND,station,2,0.16,Goal,Root/div/station,WCH_PUSH_3MIN/VND/UVF,1,No
WCH_PUSH_3MIN,General Security Service,UVF,vendor,3,100.0,Goal,Root/div/station/vendor,WCH_PUSH_3MIN/VND/UVF/General Security Service,1,No
WCH_PUSH_3MIN,WCH,General Security Service,function,4,100.0,Goal,Root/div/station/vendor/function,WCH_PUSH_3MIN/VND/UVF/General Security Service/WCH,0,Yes
WCH_PUSH_3MIN,VAZ,VND,station,2,0.06,Goal,Root/div/station,WCH_PUSH_3MIN/VND/VAZ,1,No
WCH_PUSH_3MIN,",null,",VAZ,vendor,3,100.0,Goal,Root/div/station/vendor,"WCH_PUSH_3MIN/VND/VAZ/,null,",1,No
WCH_PUSH_3MIN,WCH,",null,",function,4,100.0,Goal,Root/div/station/vendor/function,"WCH_PUSH_3MIN/VND/VAZ/,null,/WCH",0,Yes
WCH_PUSH_3MIN,VCE,VND,station,2,0.38,Goal,Root/div/station,WCH_PUSH_3MIN/VND/VCE,1,No
WCH_PUSH_3MIN,Airport,VCE,vendor,3,100.0,Goal,Root/div/station/vendor,WCH_PUSH_3MIN/VND/VCE/Airport,1,No
WCH_PUSH_3MIN,WCH,Airport,function,4,100.0,Goal,Root/div/station/vendor/function,WCH_PUSH_3MIN/VND/VCE/Airport/WCH,0,Yes
WCH_PUSH_3MIN,VLD,VND,station,2,0.27,Goal,Root/div/station,WCH_PUSH_3MIN/VND/VLD,2,No
WCH_PUSH_3MIN,G2,VLD,vendor,3,40.84,Goal,Root/div/station/vendor,WCH_PUSH_3MIN/VND/VLD/G2,1,No
WCH_PUSH_3MIN,WCH,G2,function,4,100.0,Goal,Root/div/station/vendor/function,WCH_PUSH_3MIN/VND/VLD/G2/WCH,0,Yes
WCH_PUSH_3MIN,Menzies Aviation,VLD,vendor,3,59.16,Goal,Root/div/station/vendor,WCH_PUSH_3MIN/VND/VLD/Menzies Aviation,1,No
WCH_PUSH_3MIN,WCH,Menzies Aviation,function,4,100.0,Goal,Root/div/station/vendor/function,WCH_PUSH_3MIN/VND/VLD/Menzies Aviation/WCH,0,Yes
WCH_PUSH_3MIN,VPS,VND,station,2,0.14,Goal,Root/div/station,WCH_PUSH_3MIN/VND/VPS,2,No
WCH_PUSH_3MIN,",null,",VPS,vendor,3,27.37,Goal,Root/div/station/vendor,"WCH_PUSH_3MIN/VND/VPS/,null,",1,No
WCH_PUSH_3MIN,WCH,",null,",function,4,100.0,Goal,Root/div/station/vendor/function,"WCH_PUSH_3MIN/VND/VPS/,null,/WCH",0,Yes
WCH_PUSH_3MIN,Unifi,VPS,vendor,3,72.63,Goal,Root/div/station/vendor,WCH_PUSH_3MIN/VND/VPS/Unifi,1,No
WCH_PUSH_3MIN,WCH,Unifi,function,4,100.0,Goal,Root/div/station/vendor/function,WCH_PUSH_3MIN/VND/VPS/Unifi/WCH,0,Yes
WCH_PUSH_3MIN,WYS,VND,station,2,0.36,Goal,Root/div/station,WCH_PUSH_3MIN/VND/WYS,1,No
WCH_PUSH_3MIN,SkyWest,WYS,vendor,3,100.0,Goal,Root/div/station/vendor,WCH_PUSH_3MIN/VND/WYS/SkyWest,1,No
WCH_PUSH_3MIN,WCH,SkyWest,function,4,100.0,Goal,Root/div/station/vendor/function,WCH_PUSH_3MIN/VND/WYS/SkyWest/WCH,0,Yes
WCH_PUSH_3MIN,XNA,VND,station,2,0.23,Goal,Root/div/station,WCH_PUSH_3MIN/VND/XNA,2,No
WCH_PUSH_3MIN,",null,",XNA,vendor,3,10.54,Goal,Root/div/station/vendor,"WCH_PUSH_3MIN/VND/XNA/,null,",1,No
WCH_PUSH_3MIN,WCH,",null,",function,4,100.0,Goal,Root/div/station/vendor/function,"WCH_PUSH_3MIN/VND/XNA/,null,/WCH",0,Yes
WCH_PUSH_3MIN,Unifi,XNA,vendor,3,89.46,Goal,Root/div/station/vendor,WCH_PUSH_3MIN/VND/XNA/Unifi,1,No
WCH_PUSH_3MIN,WCH,Unifi,function,4,100.0,Goal,Root/div/station/vendor/function,WCH_PUSH_3MIN/VND/XNA/Unifi/WCH,0,Yes
WCH_PUSH_3MIN,XWA,VND,station,2,0.11,Goal,Root/div/station,WCH_PUSH_3MIN/VND/XWA,2,No
WCH_PUSH_3MIN,SkyWest,XWA,vendor,3,50.89,Goal,Root/div/station/vendor,WCH_PUSH_3MIN/VND/XWA/SkyWest,1,No
WCH_PUSH_3MIN,WCH,SkyWest,function,4,100.0,Goal,Root/div/station/vendor/function,WCH_PUSH_3MIN/VND/XWA/SkyWest/WCH,0,Yes
WCH_PUSH_3MIN,Unifi,XWA,vendor,3,49.11,Goal,Root/div/station/vendor,WCH_PUSH_3MIN/VND/XWA/Unifi,1,No
WCH_PUSH_3MIN,WCH,Unifi,function,4,100.0,Goal,Root/div/station/vendor/function,WCH_PUSH_3MIN/VND/XWA/Unifi/WCH,0,Yes
WCH_PUSH_3MIN,YHZ,VND,station,2,0.16,Goal,Root/div/station,WCH_PUSH_3MIN/VND/YHZ,2,No
WCH_PUSH_3MIN,Executive Aviation,YHZ,vendor,3,42.74,Goal,Root/div/station/vendor,WCH_PUSH_3MIN/VND/YHZ/Executive Aviation,1,No
WCH_PUSH_3MIN,WCH,Executive Aviation,function,4,100.0,Goal,Root/div/station/vendor/function,WCH_PUSH_3MIN/VND/YHZ/Executive Aviation/WCH,0,Yes
WCH_PUSH_3MIN,SAS,YHZ,vendor,3,57.26,Goal,Root/div/station/vendor,WCH_PUSH_3MIN/VND/YHZ/SAS,1,No
WCH_PUSH_3MIN,WCH,SAS,function,4,100.0,Goal,Root/div/station/vendor/function,WCH_PUSH_3MIN/VND/YHZ/SAS/WCH,0,Yes
WCH_PUSH_3MIN,YOW,VND,station,2,0.26,Goal,Root/div/station,WCH_PUSH_3MIN/VND/YOW,1,No
WCH_PUSH_3MIN,SAS,YOW,vendor,3,100.0,Goal,Root/div/station/vendor,WCH_PUSH_3MIN/VND/YOW/SAS,1,No
WCH_PUSH_3MIN,WCH,SAS,function,4,100.0,Goal,Root/div/station/vendor/function,WCH_PUSH_3MIN/VND/YOW/SAS/WCH,0,Yes
WCH_PUSH_3MIN,YUL,VND,station,2,0.2,Goal,Root/div/station,WCH_PUSH_3MIN/VND/YUL,2,No
WCH_PUSH_3MIN,",null,",YUL,vendor,3,62.38,Goal,Root/div/station/vendor,"WCH_PUSH_3MIN/VND/YUL/,null,",1,No
WCH_PUSH_3MIN,WCH,",null,",function,4,100.0,Goal,Root/div/station/vendor/function,"WCH_PUSH_3MIN/VND/YUL/,null,/WCH",0,Yes
WCH_PUSH_3MIN,Delta,YUL,vendor,3,37.62,Goal,Root/div/station/vendor,WCH_PUSH_3MIN/VND/YUL/Delta,1,No
WCH_PUSH_3MIN,WCH,Delta,function,4,100.0,Goal,Root/div/station/vendor/function,WCH_PUSH_3MIN/VND/YUL/Delta/WCH,0,Yes
WCH_PUSH_3MIN,YVR,VND,station,2,0.3,Goal,Root/div/station,WCH_PUSH_3MIN/VND/YVR,3,No
WCH_PUSH_3MIN,",null,",YVR,vendor,3,44.89,Goal,Root/div/station/vendor,"WCH_PUSH_3MIN/VND/YVR/,null,",1,No
WCH_PUSH_3MIN,WCH,",null,",function,4,100.0,Goal,Root/div/station/vendor/function,"WCH_PUSH_3MIN/VND/YVR/,null,/WCH",0,Yes
WCH_PUSH_3MIN,GAT,YVR,vendor,3,16.55,Goal,Root/div/station/vendor,WCH_PUSH_3MIN/VND/YVR/GAT,1,No
WCH_PUSH_3MIN,WCH,GAT,function,4,100.0,Goal,Root/div/station/vendor/function,WCH_PUSH_3MIN/VND/YVR/GAT/WCH,0,Yes
WCH_PUSH_3MIN,SAS,YVR,vendor,3,38.56,Goal,Root/div/station/vendor,WCH_PUSH_3MIN/VND/YVR/SAS,1,No
WCH_PUSH_3MIN,WCH,SAS,function,4,100.0,Goal,Root/div/station/vendor/function,WCH_PUSH_3MIN/VND/YVR/SAS/WCH,0,Yes
WCH_PUSH_3MIN,YWG,VND,station,2,0.34,Goal,Root/div/station,WCH_PUSH_3MIN/VND/YWG,3,No
WCH_PUSH_3MIN,",null,",YWG,vendor,3,14.47,Goal,Root/div/station/vendor,"WCH_PUSH_3MIN/VND/YWG/,null,",1,No
WCH_PUSH_3MIN,WCH,",null,",function,4,100.0,Goal,Root/div/station/vendor/function,"WCH_PUSH_3MIN/VND/YWG/,null,/WCH",0,Yes
WCH_PUSH_3MIN,Delta,YWG,vendor,3,40.12,Goal,Root/div/station/vendor,WCH_PUSH_3MIN/VND/YWG/Delta,1,No
WCH_PUSH_3MIN,WCH,Delta,function,4,100.0,Goal,Root/div/station/vendor/function,WCH_PUSH_3MIN/VND/YWG/Delta/WCH,0,Yes
WCH_PUSH_3MIN,Flightcraft Aviation Services,YWG,vendor,3,45.41,Goal,Root/div/station/vendor,WCH_PUSH_3MIN/VND/YWG/Flightcraft Aviation Services,1,No
WCH_PUSH_3MIN,WCH,Flightcraft Aviation Services,function,4,100.0,Goal,Root/div/station/vendor/function,WCH_PUSH_3MIN/VND/YWG/Flightcraft Aviation Services/WCH,0,Yes
WCH_PUSH_3MIN,YXE,VND,station,2,0.04,Goal,Root/div/station,WCH_PUSH_3MIN/VND/YXE,1,No
WCH_PUSH_3MIN,Menzies Aviation,YXE,vendor,3,100.0,Goal,Root/div/station/vendor,WCH_PUSH_3MIN/VND/YXE/Menzies Aviation,1,No
WCH_PUSH_3MIN,WCH,Menzies Aviation,function,4,100.0,Goal,Root/div/station/vendor/function,WCH_PUSH_3MIN/VND/YXE/Menzies Aviation/WCH,0,Yes
WCH_PUSH_3MIN,YYC,VND,station,2,0.28,Goal,Root/div/station,WCH_PUSH_3MIN/VND/YYC,3,No
WCH_PUSH_3MIN,Airport Terminal Services (ATS),YYC,vendor,3,27.5,Goal,Root/div/station/vendor,WCH_PUSH_3MIN/VND/YYC/Airport Terminal Services (ATS),1,No
WCH_PUSH_3MIN,WCH,Airport Terminal Services (ATS),function,4,100.0,Goal,Root/div/station/vendor/function,WCH_PUSH_3MIN/VND/YYC/Airport Terminal Services (ATS)/WCH,0,Yes
WCH_PUSH_3MIN,PRIMEFLIGHT AVIATION SERVICES CANADA,YYC,vendor,3,57.94,Goal,Root/div/station/vendor,WCH_PUSH_3MIN/VND/YYC/PRIMEFLIGHT AVIATION SERVICES CANADA,1,No
WCH_PUSH_3MIN,WCH,PRIMEFLIGHT AVIATION SERVICES CANADA,function,4,100.0,Goal,Root/div/station/vendor/function,WCH_PUSH_3MIN/VND/YYC/PRIMEFLIGHT AVIATION SERVICES CANADA/WCH,0,Yes
WCH_PUSH_3MIN,Samsic Assistance Canada Inc.,YYC,vendor,3,14.56,Goal,Root/div/station/vendor,WCH_PUSH_3MIN/VND/YYC/Samsic Assistance Canada Inc.,1,No
WCH_PUSH_3MIN,WCH,Samsic Assistance Canada Inc.,function,4,100.0,Goal,Root/div/station/vendor/function,WCH_PUSH_3MIN/VND/YYC/Samsic Assistance Canada Inc./WCH,0,Yes
WCH_PUSH_3MIN,YYJ,VND,station,2,0.37,Goal,Root/div/station,WCH_PUSH_3MIN/VND/YYJ,1,No
WCH_PUSH_3MIN,SAS,YYJ,vendor,3,100.0,Goal,Root/div/station/vendor,WCH_PUSH_3MIN/VND/YYJ/SAS,1,No
WCH_PUSH_3MIN,WCH,SAS,function,4,100.0,Goal,Root/div/station/vendor/function,WCH_PUSH_3MIN/VND/YYJ/SAS/WCH,0,Yes
WCH_PUSH_3MIN,YYZ,VND,station,2,0.16,Goal,Root/div/station,WCH_PUSH_3MIN/VND/YYZ,2,No
WCH_PUSH_3MIN,",null,",YYZ,vendor,3,76.22,Goal,Root/div/station/vendor,"WCH_PUSH_3MIN/VND/YYZ/,null,",1,No
WCH_PUSH_3MIN,WCH,",null,",function,4,100.0,Goal,Root/div/station/vendor/function,"WCH_PUSH_3MIN/VND/YYZ/,null,/WCH",0,Yes
WCH_PUSH_3MIN,AAS Canada,YYZ,vendor,3,23.78,Goal,Root/div/station/vendor,WCH_PUSH_3MIN/VND/YYZ/AAS Canada,1,No
WCH_PUSH_3MIN,WCH,AAS Canada,function,4,100.0,Goal,Root/div/station/vendor/function,WCH_PUSH_3MIN/VND/YYZ/AAS Canada/WCH,0,Yes
WCH_PUSH_3MIN,ZRH,VND,station,2,0.35,Goal,Root/div/station,WCH_PUSH_3MIN/VND/ZRH,1,No
WCH_PUSH_3MIN,Airport,ZRH,vendor,3,100.0,Goal,Root/div/station/vendor,WCH_PUSH_3MIN/VND/ZRH/Airport,1,No
WCH_PUSH_3MIN,WCH,Airport,function,4,100.0,Goal,Root/div/station/vendor/function,WCH_PUSH_3MIN/VND/ZRH/Airport/WCH,0,Yes
WCH_PUSH_3MIN,2AS,VND,vendor,2,0.15,Goal,Root/div/vendor,WCH_PUSH_3MIN/VND/2AS,1,No
WCH_PUSH_3MIN,WCH,2AS,function,3,100.0,Goal,Root/div/vendor/function,WCH_PUSH_3MIN/VND/2AS/WCH,0,Yes
WCH_PUSH_3MIN,AAS Canada,VND,vendor,2,0.05,Goal,Root/div/vendor,WCH_PUSH_3MIN/VND/AAS Canada,1,No
WCH_PUSH_3MIN,WCH,AAS Canada,function,3,100.0,Goal,Root/div/vendor/function,WCH_PUSH_3MIN/VND/AAS Canada/WCH,0,Yes
WCH_PUSH_3MIN,ABM,VND,vendor,2,0.23,Goal,Root/div/vendor,WCH_PUSH_3MIN/VND/ABM,1,No
WCH_PUSH_3MIN,WCH,ABM,function,3,100.0,Goal,Root/div/vendor/function,WCH_PUSH_3MIN/VND/ABM/WCH,0,Yes
WCH_PUSH_3MIN,Accessible Ventures of Sint Maarten NV,VND,vendor,2,0.34,Goal,Root/div/vendor,WCH_PUSH_3MIN/VND/Accessible Ventures of Sint Maarten NV,1,No
WCH_PUSH_3MIN,WCH,Accessible Ventures of Sint Maarten NV,function,3,100.0,Goal,Root/div/vendor/function,WCH_PUSH_3MIN/VND/Accessible Ventures of Sint Maarten NV/WCH,0,Yes
WCH_PUSH_3MIN,Aero Sphere A.S. Handling,VND,vendor,2,0.12,Goal,Root/div/vendor,WCH_PUSH_3MIN/VND/Aero Sphere A.S. Handling,1,No
WCH_PUSH_3MIN,WCH,Aero Sphere A.S. Handling,function,3,100.0,Goal,Root/div/vendor/function,WCH_PUSH_3MIN/VND/Aero Sphere A.S. Handling/WCH,0,Yes
WCH_PUSH_3MIN,AeroDispatch,VND,vendor,2,0.37,Goal,Root/div/vendor,WCH_PUSH_3MIN/VND/AeroDispatch,1,No
WCH_PUSH_3MIN,WCH,AeroDispatch,function,3,100.0,Goal,Root/div/vendor/function,WCH_PUSH_3MIN/VND/AeroDispatch/WCH,0,Yes
WCH_PUSH_3MIN,AeroGround,VND,vendor,2,0.12,Goal,Root/div/vendor,WCH_PUSH_3MIN/VND/AeroGround,1,No
WCH_PUSH_3MIN,WCH,AeroGround,function,3,100.0,Goal,Root/div/vendor/function,WCH_PUSH_3MIN/VND/AeroGround/WCH,0,Yes
WCH_PUSH_3MIN,Aeroporti di Roma,VND,vendor,2,0.31,Goal,Root/div/vendor,WCH_PUSH_3MIN/VND/Aeroporti di Roma,1,No
WCH_PUSH_3MIN,WCH,Aeroporti di Roma,function,3,100.0,Goal,Root/div/vendor/function,WCH_PUSH_3MIN/VND/Aeroporti di Roma/WCH,0,Yes
WCH_PUSH_3MIN,AHS,VND,vendor,2,0.32,Goal,Root/div/vendor,WCH_PUSH_3MIN/VND/AHS,1,No
WCH_PUSH_3MIN,WCH,AHS,function,3,100.0,Goal,Root/div/vendor/function,WCH_PUSH_3MIN/VND/AHS/WCH,0,Yes
WCH_PUSH_3MIN,AIC,VND,vendor,2,0.19,Goal,Root/div/vendor,WCH_PUSH_3MIN/VND/AIC,1,No
WCH_PUSH_3MIN,WCH,AIC,function,3,100.0,Goal,Root/div/vendor/function,WCH_PUSH_3MIN/VND/AIC/WCH,0,Yes
WCH_PUSH_3MIN,Air France,VND,vendor,2,0.13,Goal,Root/div/vendor,WCH_PUSH_3MIN/VND/Air France,1,No
WCH_PUSH_3MIN,WCH,Air France,function,3,100.0,Goal,Root/div/vendor/function,WCH_PUSH_3MIN/VND/Air France/WCH,0,Yes
WCH_PUSH_3MIN,Air Handling Services Bonaire NV,VND,vendor,2,0.32,Goal,Root/div/vendor,WCH_PUSH_3MIN/VND/Air Handling Services Bonaire NV,1,No
WCH_PUSH_3MIN,WCH,Air Handling Services Bonaire NV,function,3,100.0,Goal,Root/div/vendor/function,WCH_PUSH_3MIN/VND/Air Handling Services Bonaire NV/WCH,0,Yes
WCH_PUSH_3MIN,Air Support,VND,vendor,2,0.38,Goal,Root/div/vendor,WCH_PUSH_3MIN/VND/Air Support,1,No
WCH_PUSH_3MIN,WCH,Air Support,function,3,100.0,Goal,Root/div/vendor/function,WCH_PUSH_3MIN/VND/Air Support/WCH,0,Yes
WCH_PUSH_3MIN,Air Tahiti,VND,vendor,2,0.12,Goal,Root/div/vendor,WCH_PUSH_3MIN/VND/Air Tahiti,1,No
WCH_PUSH_3MIN,WCH,Air Tahiti,function,3,100.0,Goal,Root/div/vendor/function,WCH_PUSH_3MIN/VND/Air Tahiti/WCH,0,Yes
WCH_PUSH_3MIN,Airline Cleaning Services Pty Ltd dba CSA,VND,vendor,2,0.17,Goal,Root/div/vendor,WCH_PUSH_3MIN/VND/Airline Cleaning Services Pty Ltd dba CSA,1,No
WCH_PUSH_3MIN,WCH,Airline Cleaning Services Pty Ltd dba CSA,function,3,100.0,Goal,Root/div/vendor/function,WCH_PUSH_3MIN/VND/Airline Cleaning Services Pty Ltd dba CSA/WCH,0,Yes
WCH_PUSH_3MIN,Airport Associates,VND,vendor,2,0.11,Goal,Root/div/vendor,WCH_PUSH_3MIN/VND/Airport Associates,1,No
WCH_PUSH_3MIN,WCH,Airport Associates,function,3,100.0,Goal,Root/div/vendor/function,WCH_PUSH_3MIN/VND/Airport Associates/WCH,0,Yes
WCH_PUSH_3MIN,Airport Authority,VND,vendor,2,0.0,Goal,Root/div/vendor,WCH_PUSH_3MIN/VND/Airport Authority,1,No
WCH_PUSH_3MIN,WCH,Airport Authority,function,3,100.0,Goal,Root/div/vendor/function,WCH_PUSH_3MIN/VND/Airport Authority/WCH,0,Yes
WCH_PUSH_3MIN,AIRPORT AVIATION SERVICES,VND,vendor,2,0.21,Goal,Root/div/vendor,WCH_PUSH_3MIN/VND/AIRPORT AVIATION SERVICES,1,No
WCH_PUSH_3MIN,WCH,AIRPORT AVIATION SERVICES,function,3,100.0,Goal,Root/div/vendor/function,WCH_PUSH_3MIN/VND/AIRPORT AVIATION SERVICES/WCH,0,Yes
WCH_PUSH_3MIN,Airport Handling SpA,VND,vendor,2,0.05,Goal,Root/div/vendor,WCH_PUSH_3MIN/VND/Airport Handling SpA,1,No
WCH_PUSH_3MIN,WCH,Airport Handling SpA,function,3,100.0,Goal,Root/div/vendor/function,WCH_PUSH_3MIN/VND/Airport Handling SpA/WCH,0,Yes
WCH_PUSH_3MIN,Airport Terminal Services (ATS),VND,vendor,2,0.22,Goal,Root/div/vendor,WCH_PUSH_3MIN/VND/Airport Terminal Services (ATS),1,No
WCH_PUSH_3MIN,WCH,Airport Terminal Services (ATS),function,3,100.0,Goal,Root/div/vendor/function,WCH_PUSH_3MIN/VND/Airport Terminal Services (ATS)/WCH,0,Yes
WCH_PUSH_3MIN,Airport,VND,vendor,2,0.19,Goal,Root/div/vendor,WCH_PUSH_3MIN/VND/Airport,1,No
WCH_PUSH_3MIN,WCH,Airport,function,3,100.0,Goal,Root/div/vendor/function,WCH_PUSH_3MIN/VND/Airport/WCH,0,Yes
WCH_PUSH_3MIN,Airporto di Catania-Fontanarossa,VND,vendor,2,0.07,Goal,Root/div/vendor,WCH_PUSH_3MIN/VND/Airporto di Catania-Fontanarossa,1,No
WCH_PUSH_3MIN,WCH,Airporto di Catania-Fontanarossa,function,3,100.0,Goal,Root/div/vendor/function,WCH_PUSH_3MIN/VND/Airporto di Catania-Fontanarossa/WCH,0,Yes
WCH_PUSH_3MIN,AIRWAY CLEANERS LLC,VND,vendor,2,0.26,Goal,Root/div/vendor,WCH_PUSH_3MIN/VND/AIRWAY CLEANERS LLC,1,No
WCH_PUSH_3MIN,WCH,AIRWAY CLEANERS LLC,function,3,100.0,Goal,Root/div/vendor/function,WCH_PUSH_3MIN/VND/AIRWAY CLEANERS LLC/WCH,0,Yes
WCH_PUSH_3MIN,AJAS,VND,vendor,2,0.34,Goal,Root/div/vendor,WCH_PUSH_3MIN/VND/AJAS,1,No
WCH_PUSH_3MIN,WCH,AJAS,function,3,100.0,Goal,Root/div/vendor/function,WCH_PUSH_3MIN/VND/AJAS/WCH,0,Yes
WCH_PUSH_3MIN,Alyzia,VND,vendor,2,0.28,Goal,Root/div/vendor,WCH_PUSH_3MIN/VND/Alyzia,1,No
WCH_PUSH_3MIN,WCH,Alyzia,function,3,100.0,Goal,Root/div/vendor/function,WCH_PUSH_3MIN/VND/Alyzia/WCH,0,Yes
WCH_PUSH_3MIN,Antillean Flight Services NV,VND,vendor,2,0.06,Goal,Root/div/vendor,WCH_PUSH_3MIN/VND/Antillean Flight Services NV,1,No
WCH_PUSH_3MIN,WCH,Antillean Flight Services NV,function,3,100.0,Goal,Root/div/vendor/function,WCH_PUSH_3MIN/VND/Antillean Flight Services NV/WCH,0,Yes
WCH_PUSH_3MIN,ARRINDELL AVIATION SERVICES,VND,vendor,2,0.03,Goal,Root/div/vendor,WCH_PUSH_3MIN/VND/ARRINDELL AVIATION SERVICES,1,No
WCH_PUSH_3MIN,WCH,ARRINDELL AVIATION SERVICES,function,3,100.0,Goal,Root/div/vendor/function,WCH_PUSH_3MIN/VND/ARRINDELL AVIATION SERVICES/WCH,0,Yes
WCH_PUSH_3MIN,ASG Airport Service Gesellschaft mbH,VND,vendor,2,0.3,Goal,Root/div/vendor,WCH_PUSH_3MIN/VND/ASG Airport Service Gesellschaft mbH,1,No
WCH_PUSH_3MIN,WCH,ASG Airport Service Gesellschaft mbH,function,3,100.0,Goal,Root/div/vendor/function,WCH_PUSH_3MIN/VND/ASG Airport Service Gesellschaft mbH/WCH,0,Yes
WCH_PUSH_3MIN,Asito BV,VND,vendor,2,0.31,Goal,Root/div/vendor,WCH_PUSH_3MIN/VND/Asito BV,1,No
WCH_PUSH_3MIN,WCH,Asito BV,function,3,100.0,Goal,Root/div/vendor/function,WCH_PUSH_3MIN/VND/Asito BV/WCH,0,Yes
WCH_PUSH_3MIN,ASOCIACION UNITED SKYCAP,VND,vendor,2,0.05,Goal,Root/div/vendor,WCH_PUSH_3MIN/VND/ASOCIACION UNITED SKYCAP,1,No
WCH_PUSH_3MIN,WCH,ASOCIACION UNITED SKYCAP,function,3,100.0,Goal,Root/div/vendor/function,WCH_PUSH_3MIN/VND/ASOCIACION UNITED SKYCAP/WCH,0,Yes
WCH_PUSH_3MIN,ATA,VND,vendor,2,0.0,Goal,Root/div/vendor,WCH_PUSH_3MIN/VND/ATA,1,No
WCH_PUSH_3MIN,WCH,ATA,function,3,100.0,Goal,Root/div/vendor/function,WCH_PUSH_3MIN/VND/ATA/WCH,0,Yes
WCH_PUSH_3MIN,"AVEESPRESS, S.A. DE C.V.",VND,vendor,2,0.2,Goal,Root/div/vendor,"WCH_PUSH_3MIN/VND/AVEESPRESS, S.A. DE C.V.",1,No
WCH_PUSH_3MIN,WCH,"AVEESPRESS, S.A. DE C.V.",function,3,100.0,Goal,Root/div/vendor/function,"WCH_PUSH_3MIN/VND/AVEESPRESS, S.A. DE C.V./WCH",0,Yes
WCH_PUSH_3MIN,AVIAM,VND,vendor,2,0.01,Goal,Root/div/vendor,WCH_PUSH_3MIN/VND/AVIAM,1,No
WCH_PUSH_3MIN,WCH,AVIAM,function,3,100.0,Goal,Root/div/vendor/function,WCH_PUSH_3MIN/VND/AVIAM/WCH,0,Yes
WCH_PUSH_3MIN,Avianca Servicios,VND,vendor,2,0.35,Goal,Root/div/vendor,WCH_PUSH_3MIN/VND/Avianca Servicios,1,No
WCH_PUSH_3MIN,WCH,Avianca Servicios,function,3,100.0,Goal,Root/div/vendor/function,WCH_PUSH_3MIN/VND/Avianca Servicios/WCH,0,Yes
WCH_PUSH_3MIN,Aviance,VND,vendor,2,0.07,Goal,Root/div/vendor,WCH_PUSH_3MIN/VND/Aviance,1,No
WCH_PUSH_3MIN,WCH,Aviance,function,3,100.0,Goal,Root/div/vendor/function,WCH_PUSH_3MIN/VND/Aviance/WCH,0,Yes
WCH_PUSH_3MIN,AviaPartner,VND,vendor,2,0.14,Goal,Root/div/vendor,WCH_PUSH_3MIN/VND/AviaPartner,1,No
WCH_PUSH_3MIN,WCH,AviaPartner,function,3,100.0,Goal,Root/div/vendor/function,WCH_PUSH_3MIN/VND/AviaPartner/WCH,0,Yes
WCH_PUSH_3MIN,Aviaserve Ltd.,VND,vendor,2,0.19,Goal,Root/div/vendor,WCH_PUSH_3MIN/VND/Aviaserve Ltd.,1,No
WCH_PUSH_3MIN,WCH,Aviaserve Ltd.,function,3,100.0,Goal,Root/div/vendor/function,WCH_PUSH_3MIN/VND/Aviaserve Ltd./WCH,0,Yes
WCH_PUSH_3MIN,Aviation Security,VND,vendor,2,0.3,Goal,Root/div/vendor,WCH_PUSH_3MIN/VND/Aviation Security,1,No
WCH_PUSH_3MIN,WCH,Aviation Security,function,3,100.0,Goal,Root/div/vendor/function,WCH_PUSH_3MIN/VND/Aviation Security/WCH,0,Yes
WCH_PUSH_3MIN,Aviation Services,VND,vendor,2,0.11,Goal,Root/div/vendor,WCH_PUSH_3MIN/VND/Aviation Services,1,No
WCH_PUSH_3MIN,WCH,Aviation Services,function,3,100.0,Goal,Root/div/vendor/function,WCH_PUSH_3MIN/VND/Aviation Services/WCH,0,Yes
WCH_PUSH_3MIN,"Aviation, Prosegur Services Group, Inc.",VND,vendor,2,0.21,Goal,Root/div/vendor,"WCH_PUSH_3MIN/VND/Aviation, Prosegur Services Group, Inc.",1,No
WCH_PUSH_3MIN,WCH,"Aviation, Prosegur Services Group, Inc.",function,3,100.0,Goal,Root/div/vendor/function,"WCH_PUSH_3MIN/VND/Aviation, Prosegur Services Group, Inc./WCH",0,Yes
WCH_PUSH_3MIN,BAGGAGE AIRLINE GUEST SERVICES,VND,vendor,2,0.19,Goal,Root/div/vendor,WCH_PUSH_3MIN/VND/BAGGAGE AIRLINE GUEST SERVICES,1,No
WCH_PUSH_3MIN,WCH,BAGGAGE AIRLINE GUEST SERVICES,function,3,100.0,Goal,Root/div/vendor/function,WCH_PUSH_3MIN/VND/BAGGAGE AIRLINE GUEST SERVICES/WCH,0,Yes
WCH_PUSH_3MIN,"Bags, Inc.",VND,vendor,2,0.39,Goal,Root/div/vendor,"WCH_PUSH_3MIN/VND/Bags, Inc.",1,No
WCH_PUSH_3MIN,WCH,"Bags, Inc.",function,3,100.0,Goal,Root/div/vendor/function,"WCH_PUSH_3MIN/VND/Bags, Inc./WCH",0,Yes
WCH_PUSH_3MIN,BGS,VND,vendor,2,0.38,Goal,Root/div/vendor,WCH_PUSH_3MIN/VND/BGS,1,No
WCH_PUSH_3MIN,WCH,BGS,function,3,100.0,Goal,Root/div/vendor/function,WCH_PUSH_3MIN/VND/BGS/WCH,0,Yes
WCH_PUSH_3MIN,Bird Worldwide Flight Service Mumbai Pvt. Ltd,VND,vendor,2,0.38,Goal,Root/div/vendor,WCH_PUSH_3MIN/VND/Bird Worldwide Flight Service Mumbai Pvt. Ltd,1,No
WCH_PUSH_3MIN,WCH,Bird Worldwide Flight Service Mumbai Pvt. Ltd,function,3,100.0,Goal,Root/div/vendor/function,WCH_PUSH_3MIN/VND/Bird Worldwide Flight Service Mumbai Pvt. Ltd/WCH,0,Yes
WCH_PUSH_3MIN,BLAS,VND,vendor,2,0.01,Goal,Root/div/vendor,WCH_PUSH_3MIN/VND/BLAS,1,No
WCH_PUSH_3MIN,WCH,BLAS,function,3,100.0,Goal,Root/div/vendor/function,WCH_PUSH_3MIN/VND/BLAS/WCH,0,Yes
WCH_PUSH_3MIN,CargoMobility,VND,vendor,2,0.22,Goal,Root/div/vendor,WCH_PUSH_3MIN/VND/CargoMobility,1,No
WCH_PUSH_3MIN,WCH,CargoMobility,function,3,100.0,Goal,Root/div/vendor/function,WCH_PUSH_3MIN/VND/CargoMobility/WCH,0,Yes
WCH_PUSH_3MIN,Caribbean Aircraft Handling,VND,vendor,2,0.07,Goal,Root/div/vendor,WCH_PUSH_3MIN/VND/Caribbean Aircraft Handling,1,No
WCH_PUSH_3MIN,WCH,Caribbean Aircraft Handling,function,3,100.0,Goal,Root/div/vendor/function,WCH_PUSH_3MIN/VND/Caribbean Aircraft Handling/WCH,0,Yes
WCH_PUSH_3MIN,Caribbean Dispatch,VND,vendor,2,0.25,Goal,Root/div/vendor,WCH_PUSH_3MIN/VND/Caribbean Dispatch,1,No
WCH_PUSH_3MIN,WCH,Caribbean Dispatch,function,3,100.0,Goal,Root/div/vendor/function,WCH_PUSH_3MIN/VND/Caribbean Dispatch/WCH,0,Yes
WCH_PUSH_3MIN,China Airlines,VND,vendor,2,0.31,Goal,Root/div/vendor,WCH_PUSH_3MIN/VND/China Airlines,1,No
WCH_PUSH_3MIN,WCH,China Airlines,function,3,100.0,Goal,Root/div/vendor/function,WCH_PUSH_3MIN/VND/China Airlines/WCH,0,Yes
WCH_PUSH_3MIN,China Eastern,VND,vendor,2,0.29,Goal,Root/div/vendor,WCH_PUSH_3MIN/VND/China Eastern,1,No
WCH_PUSH_3MIN,WCH,China Eastern,function,3,100.0,Goal,Root/div/vendor/function,WCH_PUSH_3MIN/VND/China Eastern/WCH,0,Yes
WCH_PUSH_3MIN,CITY OF MELBOURNE,VND,vendor,2,0.29,Goal,Root/div/vendor,WCH_PUSH_3MIN/VND/CITY OF MELBOURNE,1,No
WCH_PUSH_3MIN,WCH,CITY OF MELBOURNE,function,3,100.0,Goal,Root/div/vendor/function,WCH_PUSH_3MIN/VND/CITY OF MELBOURNE/WCH,0,Yes
WCH_PUSH_3MIN,CKTS,VND,vendor,2,0.37,Goal,Root/div/vendor,WCH_PUSH_3MIN/VND/CKTS,1,No
WCH_PUSH_3MIN,WCH,CKTS,function,3,100.0,Goal,Root/div/vendor/function,WCH_PUSH_3MIN/VND/CKTS/WCH,0,Yes
WCH_PUSH_3MIN,Colossal,VND,vendor,2,0.28,Goal,Root/div/vendor,WCH_PUSH_3MIN/VND/Colossal,1,No
WCH_PUSH_3MIN,WCH,Colossal,function,3,100.0,Goal,Root/div/vendor/function,WCH_PUSH_3MIN/VND/Colossal/WCH,0,Yes
WCH_PUSH_3MIN,COUNTY OF VOLUSIA,VND,vendor,2,0.12,Goal,Root/div/vendor,WCH_PUSH_3MIN/VND/COUNTY OF VOLUSIA,1,No
WCH_PUSH_3MIN,WCH,COUNTY OF VOLUSIA,function,3,100.0,Goal,Root/div/vendor/function,WCH_PUSH_3MIN/VND/COUNTY OF VOLUSIA/WCH,0,Yes
WCH_PUSH_3MIN,Delta,VND,vendor,2,0.29,Goal,Root/div/vendor,WCH_PUSH_3MIN/VND/Delta,1,No
WCH_PUSH_3MIN,WCH,Delta,function,3,100.0,Goal,Root/div/vendor/function,WCH_PUSH_3MIN/VND/Delta/WCH,0,Yes
WCH_PUSH_3MIN,Dispatch Services Antigua,VND,vendor,2,0.38,Goal,Root/div/vendor,WCH_PUSH_3MIN/VND/Dispatch Services Antigua,1,No
WCH_PUSH_3MIN,WCH,Dispatch Services Antigua,function,3,100.0,Goal,Root/div/vendor/function,WCH_PUSH_3MIN/VND/Dispatch Services Antigua/WCH,0,Yes
WCH_PUSH_3MIN,dnata,VND,vendor,2,0.16,Goal,Root/div/vendor,WCH_PUSH_3MIN/VND/dnata,1,No
WCH_PUSH_3MIN,WCH,dnata,function,3,100.0,Goal,Root/div/vendor/function,WCH_PUSH_3MIN/VND/dnata/WCH,0,Yes
WCH_PUSH_3MIN,Dubrovnik Airport Ltd.,VND,vendor,2,0.19,Goal,Root/div/vendor,WCH_PUSH_3MIN/VND/Dubrovnik Airport Ltd.,1,No
WCH_PUSH_3MIN,WCH,Dubrovnik Airport Ltd.,function,3,100.0,Goal,Root/div/vendor/function,WCH_PUSH_3MIN/VND/Dubrovnik Airport Ltd./WCH,0,Yes
WCH_PUSH_3MIN,EAAI,VND,vendor,2,0.1,Goal,Root/div/vendor,WCH_PUSH_3MIN/VND/EAAI,1,No
WCH_PUSH_3MIN,WCH,EAAI,function,3,100.0,Goal,Root/div/vendor/function,WCH_PUSH_3MIN/VND/EAAI/WCH,0,Yes
WCH_PUSH_3MIN,ECASA,VND,vendor,2,0.18,Goal,Root/div/vendor,WCH_PUSH_3MIN/VND/ECASA,1,No
WCH_PUSH_3MIN,WCH,ECASA,function,3,100.0,Goal,Root/div/vendor/function,WCH_PUSH_3MIN/VND/ECASA/WCH,0,Yes
WCH_PUSH_3MIN,EMSA AIRPORT SERVICES S.A.,VND,vendor,2,0.11,Goal,Root/div/vendor,WCH_PUSH_3MIN/VND/EMSA AIRPORT SERVICES S.A.,1,No
WCH_PUSH_3MIN,WCH,EMSA AIRPORT SERVICES S.A.,function,3,100.0,Goal,Root/div/vendor/function,WCH_PUSH_3MIN/VND/EMSA AIRPORT SERVICES S.A./WCH,0,Yes
WCH_PUSH_3MIN,Eulen,VND,vendor,2,0.18,Goal,Root/div/vendor,WCH_PUSH_3MIN/VND/Eulen,1,No
WCH_PUSH_3MIN,WCH,Eulen,function,3,100.0,Goal,Root/div/vendor/function,WCH_PUSH_3MIN/VND/Eulen/WCH,0,Yes
WCH_PUSH_3MIN,Executive Aviation,VND,vendor,2,0.32,Goal,Root/div/vendor,WCH_PUSH_3MIN/VND/Executive Aviation,1,No
WCH_PUSH_3MIN,WCH,Executive Aviation,function,3,100.0,Goal,Root/div/vendor/function,WCH_PUSH_3MIN/VND/Executive Aviation/WCH,0,Yes
WCH_PUSH_3MIN,FADS,VND,vendor,2,0.36,Goal,Root/div/vendor,WCH_PUSH_3MIN/VND/FADS,1,No
WCH_PUSH_3MIN,WCH,FADS,function,3,100.0,Goal,Root/div/vendor/function,WCH_PUSH_3MIN/VND/FADS/WCH,0,Yes
WCH_PUSH_3MIN,"FLIGHT SERVICES & SYSTEMS, INC.",VND,vendor,2,0.09,Goal,Root/div/vendor,"WCH_PUSH_3MIN/VND/FLIGHT SERVICES & SYSTEMS, INC.",1,No
WCH_PUSH_3MIN,WCH,"FLIGHT SERVICES & SYSTEMS, INC.",function,3,100.0,Goal,Root/div/vendor/function,"WCH_PUSH_3MIN/VND/FLIGHT SERVICES & SYSTEMS, INC./WCH",0,Yes
WCH_PUSH_3MIN,Flightcraft Aviation Services,VND,vendor,2,0.11,Goal,Root/div/vendor,WCH_PUSH_3MIN/VND/Flightcraft Aviation Services,1,No
WCH_PUSH_3MIN,WCH,Flightcraft Aviation Services,function,3,100.0,Goal,Root/div/vendor/function,WCH_PUSH_3MIN/VND/Flightcraft Aviation Services/WCH,0,Yes
WCH_PUSH_3MIN,FlightSupport,VND,vendor,2,0.31,Goal,Root/div/vendor,WCH_PUSH_3MIN/VND/FlightSupport,1,No
WCH_PUSH_3MIN,WCH,FlightSupport,function,3,100.0,Goal,Root/div/vendor/function,WCH_PUSH_3MIN/VND/FlightSupport/WCH,0,Yes
WCH_PUSH_3MIN,FMG,VND,vendor,2,0.08,Goal,Root/div/vendor,WCH_PUSH_3MIN/VND/FMG,1,No
WCH_PUSH_3MIN,WCH,FMG,function,3,100.0,Goal,Root/div/vendor/function,WCH_PUSH_3MIN/VND/FMG/WCH,0,Yes
WCH_PUSH_3MIN,G2,VND,vendor,2,0.19,Goal,Root/div/vendor,WCH_PUSH_3MIN/VND/G2,1,No
WCH_PUSH_3MIN,WCH,G2,function,3,100.0,Goal,Root/div/vendor/function,WCH_PUSH_3MIN/VND/G2/WCH,0,Yes
WCH_PUSH_3MIN,GAT,VND,vendor,2,0.36,Goal,Root/div/vendor,WCH_PUSH_3MIN/VND/GAT,1,No
WCH_PUSH_3MIN,WCH,GAT,function,3,100.0,Goal,Root/div/vendor/function,WCH_PUSH_3MIN/VND/GAT/WCH,0,Yes
WCH_PUSH_3MIN,"GATEWAY SECURITY, INC.",VND,vendor,2,0.39,Goal,Root/div/vendor,"WCH_PUSH_3MIN/VND/GATEWAY SECURITY, INC.",1,No
WCH_PUSH_3MIN,WCH,"GATEWAY SECURITY, INC.",function,3,100.0,Goal,Root/div/vendor/function,"WCH_PUSH_3MIN/VND/GATEWAY SECURITY, INC./WCH",0,Yes
WCH_PUSH_3MIN,GCG GROUND SERVICES LLC,VND,vendor,2,0.36,Goal,Root/div/vendor,WCH_PUSH_3MIN/VND/GCG GROUND SERVICES LLC,1,No
WCH_PUSH_3MIN,WCH,GCG GROUND SERVICES LLC,function,3,100.0,Goal,Root/div/vendor/function,WCH_PUSH_3MIN/VND/GCG GROUND SERVICES LLC/WCH,0,Yes
WCH_PUSH_3MIN,GDL GROUND HANDLING SA DE CV,VND,vendor,2,0.39,Goal,Root/div/vendor,WCH_PUSH_3MIN/VND/GDL GROUND HANDLING SA DE CV,1,No
WCH_PUSH_3MIN,WCH,GDL GROUND HANDLING SA DE CV,function,3,100.0,Goal,Root/div/vendor/function,WCH_PUSH_3MIN/VND/GDL GROUND HANDLING SA DE CV/WCH,0,Yes
WCH_PUSH_3MIN,GDL GROUND HANDLING SADE CV,VND,vendor,2,0.01,Goal,Root/div/vendor,WCH_PUSH_3MIN/VND/GDL GROUND HANDLING SADE CV,1,No
WCH_PUSH_3MIN,WCH,GDL GROUND HANDLING SADE CV,function,3,100.0,Goal,Root/div/vendor/function,WCH_PUSH_3MIN/VND/GDL GROUND HANDLING SADE CV/WCH,0,Yes
WCH_PUSH_3MIN,Geasar SpA,VND,vendor,2,0.23,Goal,Root/div/vendor,WCH_PUSH_3MIN/VND/Geasar SpA,1,No
WCH_PUSH_3MIN,WCH,Geasar SpA,function,3,100.0,Goal,Root/div/vendor/function,WCH_PUSH_3MIN/VND/Geasar SpA/WCH,0,Yes
WCH_PUSH_3MIN,General Air Services N.V.,VND,vendor,2,0.17,Goal,Root/div/vendor,WCH_PUSH_3MIN/VND/General Air Services N.V.,1,No
WCH_PUSH_3MIN,WCH,General Air Services N.V.,function,3,100.0,Goal,Root/div/vendor/function,WCH_PUSH_3MIN/VND/General Air Services N.V./WCH,0,Yes
WCH_PUSH_3MIN,General Security Service,VND,vendor,2,0.28,Goal,Root/div/vendor,WCH_PUSH_3MIN/VND/General Security Service,1,No
WCH_PUSH_3MIN,WCH,General Security Service,function,3,100.0,Goal,Root/div/vendor/function,WCH_PUSH_3MIN/VND/General Security Service/WCH,0,Yes
WCH_PUSH_3MIN,GERALD R. FORD INTERNATIONAL,VND,vendor,2,0.02,Goal,Root/div/vendor,WCH_PUSH_3MIN/VND/GERALD R. FORD INTERNATIONAL,1,No
WCH_PUSH_3MIN,WCH,GERALD R. FORD INTERNATIONAL,function,3,100.0,Goal,Root/div/vendor/function,WCH_PUSH_3MIN/VND/GERALD R. FORD INTERNATIONAL/WCH,0,Yes
WCH_PUSH_3MIN,GH Aircraft Cleaning Services,VND,vendor,2,0.07,Goal,Root/div/vendor,WCH_PUSH_3MIN/VND/GH Aircraft Cleaning Services,1,No
WCH_PUSH_3MIN,WCH,GH Aircraft Cleaning Services,function,3,100.0,Goal,Root/div/vendor/function,WCH_PUSH_3MIN/VND/GH Aircraft Cleaning Services/WCH,0,Yes
WCH_PUSH_3MIN,GH Catania,VND,vendor,2,0.34,Goal,Root/div/vendor,WCH_PUSH_3MIN/VND/GH Catania,1,No
WCH_PUSH_3MIN,WCH,GH Catania,function,3,100.0,Goal,Root/div/vendor/function,WCH_PUSH_3MIN/VND/GH Catania/WCH,0,Yes
WCH_PUSH_3MIN,GH Napoli,VND,vendor,2,0.03,Goal,Root/div/vendor,WCH_PUSH_3MIN/VND/GH Napoli,1,No
WCH_PUSH_3MIN,WCH,GH Napoli,function,3,100.0,Goal,Root/div/vendor/function,WCH_PUSH_3MIN/VND/GH Napoli/WCH,0,Yes
WCH_PUSH_3MIN,Grand Bahama,VND,vendor,2,0.13,Goal,Root/div/vendor,WCH_PUSH_3MIN/VND/Grand Bahama,1,No
WCH_PUSH_3MIN,WCH,Grand Bahama,function,3,100.0,Goal,Root/div/vendor/function,WCH_PUSH_3MIN/VND/Grand Bahama/WCH,0,Yes
WCH_PUSH_3MIN,GROUNDFORCE BCN 2023 UTE,VND,vendor,2,0.25,Goal,Root/div/vendor,WCH_PUSH_3MIN/VND/GROUNDFORCE BCN 2023 UTE,1,No
WCH_PUSH_3MIN,WCH,GROUNDFORCE BCN 2023 UTE,function,3,100.0,Goal,Root/div/vendor/function,WCH_PUSH_3MIN/VND/GROUNDFORCE BCN 2023 UTE/WCH,0,Yes
WCH_PUSH_3MIN,GROUNDFORCE MAD 2023 UTE,VND,vendor,2,0.03,Goal,Root/div/vendor,WCH_PUSH_3MIN/VND/GROUNDFORCE MAD 2023 UTE,1,No
WCH_PUSH_3MIN,WCH,GROUNDFORCE MAD 2023 UTE,function,3,100.0,Goal,Root/div/vendor/function,WCH_PUSH_3MIN/VND/GROUNDFORCE MAD 2023 UTE/WCH,0,Yes
WCH_PUSH_3MIN,Groundforce,VND,vendor,2,0.21,Goal,Root/div/vendor,WCH_PUSH_3MIN/VND/Groundforce,1,No
WCH_PUSH_3MIN,WCH,Groundforce,function,3,100.0,Goal,Root/div/vendor/function,WCH_PUSH_3MIN/VND/Groundforce/WCH,0,Yes
WCH_PUSH_3MIN,GROUP OF PRIVATE SECURITY S.R.L.,VND,vendor,2,0.13,Goal,Root/div/vendor,WCH_PUSH_3MIN/VND/GROUP OF PRIVATE SECURITY S.R.L.,1,No
WCH_PUSH_3MIN,WCH,GROUP OF PRIVATE SECURITY S.R.L.,function,3,100.0,Goal,Root/div/vendor/function,WCH_PUSH_3MIN/VND/GROUP OF PRIVATE SECURITY S.R.L./WCH,0,Yes
WCH_PUSH_3MIN,HAECO,VND,vendor,2,0.03,Goal,Root/div/vendor,WCH_PUSH_3MIN/VND/HAECO,1,No
WCH_PUSH_3MIN,WCH,HAECO,function,3,100.0,Goal,Root/div/vendor/function,WCH_PUSH_3MIN/VND/HAECO/WCH,0,Yes
WCH_PUSH_3MIN,Hammaserco,VND,vendor,2,0.04,Goal,Root/div/vendor,WCH_PUSH_3MIN/VND/Hammaserco,1,No
WCH_PUSH_3MIN,WCH,Hammaserco,function,3,100.0,Goal,Root/div/vendor/function,WCH_PUSH_3MIN/VND/Hammaserco/WCH,0,Yes
WCH_PUSH_3MIN,Haneda Turtle Service,VND,vendor,2,0.35,Goal,Root/div/vendor,WCH_PUSH_3MIN/VND/Haneda Turtle Service,1,No
WCH_PUSH_3MIN,WCH,Haneda Turtle Service,function,3,100.0,Goal,Root/div/vendor/function,WCH_PUSH_3MIN/VND/Haneda Turtle Service/WCH,0,Yes
WCH_PUSH_3MIN,HAS,VND,vendor,2,0.33,Goal,Root/div/vendor,WCH_PUSH_3MIN/VND/HAS,1,No
WCH_PUSH_3MIN,WCH,HAS,function,3,100.0,Goal,Root/div/vendor/function,WCH_PUSH_3MIN/VND/HAS/WCH,0,Yes
WCH_PUSH_3MIN,Hernandez Express,VND,vendor,2,0.19,Goal,Root/div/vendor,WCH_PUSH_3MIN/VND/Hernandez Express,1,No
WCH_PUSH_3MIN,WCH,Hernandez Express,function,3,100.0,Goal,Root/div/vendor/function,WCH_PUSH_3MIN/VND/Hernandez Express/WCH,0,Yes
WCH_PUSH_3MIN,HHS Aviation,VND,vendor,2,0.01,Goal,Root/div/vendor,WCH_PUSH_3MIN/VND/HHS Aviation,1,No
WCH_PUSH_3MIN,WCH,HHS Aviation,function,3,100.0,Goal,Root/div/vendor/function,WCH_PUSH_3MIN/VND/HHS Aviation/WCH,0,Yes
WCH_PUSH_3MIN,HUNTLEIGH USA CORP,VND,vendor,2,0.17,Goal,Root/div/vendor,WCH_PUSH_3MIN/VND/HUNTLEIGH USA CORP,1,No
WCH_PUSH_3MIN,WCH,HUNTLEIGH USA CORP,function,3,100.0,Goal,Root/div/vendor/function,WCH_PUSH_3MIN/VND/HUNTLEIGH USA CORP/WCH,0,Yes
WCH_PUSH_3MIN,Intercargo,VND,vendor,2,0.34,Goal,Root/div/vendor,WCH_PUSH_3MIN/VND/Intercargo,1,No
WCH_PUSH_3MIN,WCH,Intercargo,function,3,100.0,Goal,Root/div/vendor/function,WCH_PUSH_3MIN/VND/Intercargo/WCH,0,Yes
WCH_PUSH_3MIN,InterPacific,VND,vendor,2,0.02,Goal,Root/div/vendor,WCH_PUSH_3MIN/VND/InterPacific,1,No
WCH_PUSH_3MIN,WCH,InterPacific,function,3,100.0,Goal,Root/div/vendor/function,WCH_PUSH_3MIN/VND/InterPacific/WCH,0,Yes
WCH_PUSH_3MIN,Inzunza Villanueva SPA,VND,vendor,2,0.15,Goal,Root/div/vendor,WCH_PUSH_3MIN/VND/Inzunza Villanueva SPA,1,No
WCH_PUSH_3MIN,WCH,Inzunza Villanueva SPA,function,3,100.0,Goal,Root/div/vendor/function,WCH_PUSH_3MIN/VND/Inzunza Villanueva SPA/WCH,0,Yes
WCH_PUSH_3MIN,JACKSON CONTRACT SERVICES LLC,VND,vendor,2,0.17,Goal,Root/div/vendor,WCH_PUSH_3MIN/VND/JACKSON CONTRACT SERVICES LLC,1,No
WCH_PUSH_3MIN,WCH,JACKSON CONTRACT SERVICES LLC,function,3,100.0,Goal,Root/div/vendor/function,WCH_PUSH_3MIN/VND/JACKSON CONTRACT SERVICES LLC/WCH,0,Yes
WCH_PUSH_3MIN,Jet Air,VND,vendor,2,0.36,Goal,Root/div/vendor,WCH_PUSH_3MIN/VND/Jet Air,1,No
WCH_PUSH_3MIN,WCH,Jet Air,function,3,100.0,Goal,Root/div/vendor/function,WCH_PUSH_3MIN/VND/Jet Air/WCH,0,Yes
WCH_PUSH_3MIN,KLM,VND,vendor,2,0.02,Goal,Root/div/vendor,WCH_PUSH_3MIN/VND/KLM,1,No
WCH_PUSH_3MIN,WCH,KLM,function,3,100.0,Goal,Root/div/vendor/function,WCH_PUSH_3MIN/VND/KLM/WCH,0,Yes
WCH_PUSH_3MIN,Korean Air,VND,vendor,2,0.04,Goal,Root/div/vendor,WCH_PUSH_3MIN/VND/Korean Air,1,No
WCH_PUSH_3MIN,WCH,Korean Air,function,3,100.0,Goal,Root/div/vendor/function,WCH_PUSH_3MIN/VND/Korean Air/WCH,0,Yes
WCH_PUSH_3MIN,"LAATS, S.A.",VND,vendor,2,0.32,Goal,Root/div/vendor,"WCH_PUSH_3MIN/VND/LAATS, S.A.",1,No
WCH_PUSH_3MIN,WCH,"LAATS, S.A.",function,3,100.0,Goal,Root/div/vendor/function,"WCH_PUSH_3MIN/VND/LAATS, S.A./WCH",0,Yes
WCH_PUSH_3MIN,Longport,VND,vendor,2,0.37,Goal,Root/div/vendor,WCH_PUSH_3MIN/VND/Longport,1,No
WCH_PUSH_3MIN,WCH,Longport,function,3,100.0,Goal,Root/div/vendor/function,WCH_PUSH_3MIN/VND/Longport/WCH,0,Yes
WCH_PUSH_3MIN,LUIS JIMENO COMUNICACIONES Y,VND,vendor,2,0.0,Goal,Root/div/vendor,WCH_PUSH_3MIN/VND/LUIS JIMENO COMUNICACIONES Y,1,No
WCH_PUSH_3MIN,WCH,LUIS JIMENO COMUNICACIONES Y,function,3,100.0,Goal,Root/div/vendor/function,WCH_PUSH_3MIN/VND/LUIS JIMENO COMUNICACIONES Y/WCH,0,Yes
WCH_PUSH_3MIN,Maximus Global Services,VND,vendor,2,0.17,Goal,Root/div/vendor,WCH_PUSH_3MIN/VND/Maximus Global Services,1,No
WCH_PUSH_3MIN,WCH,Maximus Global Services,function,3,100.0,Goal,Root/div/vendor/function,WCH_PUSH_3MIN/VND/Maximus Global Services/WCH,0,Yes
WCH_PUSH_3MIN,Menzies Aviation,VND,vendor,2,0.18,Goal,Root/div/vendor,WCH_PUSH_3MIN/VND/Menzies Aviation,1,No
WCH_PUSH_3MIN,WCH,Menzies Aviation,function,3,100.0,Goal,Root/div/vendor/function,WCH_PUSH_3MIN/VND/Menzies Aviation/WCH,0,Yes
WCH_PUSH_3MIN,More Security Bahamas,VND,vendor,2,0.28,Goal,Root/div/vendor,WCH_PUSH_3MIN/VND/More Security Bahamas,1,No
WCH_PUSH_3MIN,WCH,More Security Bahamas,function,3,100.0,Goal,Root/div/vendor/function,WCH_PUSH_3MIN/VND/More Security Bahamas/WCH,0,Yes
WCH_PUSH_3MIN,Multi Services Group,VND,vendor,2,0.26,Goal,Root/div/vendor,WCH_PUSH_3MIN/VND/Multi Services Group,1,No
WCH_PUSH_3MIN,WCH,Multi Services Group,function,3,100.0,Goal,Root/div/vendor/function,WCH_PUSH_3MIN/VND/Multi Services Group/WCH,0,Yes
WCH_PUSH_3MIN,NAHCo,VND,vendor,2,0.13,Goal,Root/div/vendor,WCH_PUSH_3MIN/VND/NAHCo,1,No
WCH_PUSH_3MIN,WCH,NAHCo,function,3,100.0,Goal,Root/div/vendor/function,WCH_PUSH_3MIN/VND/NAHCo/WCH,0,Yes
WCH_PUSH_3MIN,Omega Aviation,VND,vendor,2,0.09,Goal,Root/div/vendor,WCH_PUSH_3MIN/VND/Omega Aviation,1,No
WCH_PUSH_3MIN,WCH,Omega Aviation,function,3,100.0,Goal,Root/div/vendor/function,WCH_PUSH_3MIN/VND/Omega Aviation/WCH,0,Yes
WCH_PUSH_3MIN,ORBITAL SERV AUXILIARES TRANS AEREO,VND,vendor,2,0.09,Goal,Root/div/vendor,WCH_PUSH_3MIN/VND/ORBITAL SERV AUXILIARES TRANS AEREO,1,No
WCH_PUSH_3MIN,WCH,ORBITAL SERV AUXILIARES TRANS AEREO,function,3,100.0,Goal,Root/div/vendor/function,WCH_PUSH_3MIN/VND/ORBITAL SERV AUXILIARES TRANS AEREO/WCH,0,Yes
WCH_PUSH_3MIN,ORION SOPORTE Y SERVICIOS,VND,vendor,2,0.16,Goal,Root/div/vendor,WCH_PUSH_3MIN/VND/ORION SOPORTE Y SERVICIOS,1,No
WCH_PUSH_3MIN,WCH,ORION SOPORTE Y SERVICIOS,function,3,100.0,Goal,Root/div/vendor/function,WCH_PUSH_3MIN/VND/ORION SOPORTE Y SERVICIOS/WCH,0,Yes
WCH_PUSH_3MIN,Passenger Handling Services,VND,vendor,2,0.2,Goal,Root/div/vendor,WCH_PUSH_3MIN/VND/Passenger Handling Services,1,No
WCH_PUSH_3MIN,WCH,Passenger Handling Services,function,3,100.0,Goal,Root/div/vendor/function,WCH_PUSH_3MIN/VND/Passenger Handling Services/WCH,0,Yes
WCH_PUSH_3MIN,PAX ASSIST INC,VND,vendor,2,0.21,Goal,Root/div/vendor,WCH_PUSH_3MIN/VND/PAX ASSIST INC,1,No
WCH_PUSH_3MIN,WCH,PAX ASSIST INC,function,3,100.0,Goal,Root/div/vendor/function,WCH_PUSH_3MIN/VND/PAX ASSIST INC/WCH,0,Yes
WCH_PUSH_3MIN,Pegasus,VND,vendor,2,0.2,Goal,Root/div/vendor,WCH_PUSH_3MIN/VND/Pegasus,1,No
WCH_PUSH_3MIN,WCH,Pegasus,function,3,100.0,Goal,Root/div/vendor/function,WCH_PUSH_3MIN/VND/Pegasus/WCH,0,Yes
WCH_PUSH_3MIN,Portway,VND,vendor,2,0.33,Goal,Root/div/vendor,WCH_PUSH_3MIN/VND/Portway,1,No
WCH_PUSH_3MIN,WCH,Portway,function,3,100.0,Goal,Root/div/vendor/function,WCH_PUSH_3MIN/VND/Portway/WCH,0,Yes
WCH_PUSH_3MIN,PRIMEFLIGHT AVIATION SERVICES CANADA,VND,vendor,2,0.22,Goal,Root/div/vendor,WCH_PUSH_3MIN/VND/PRIMEFLIGHT AVIATION SERVICES CANADA,1,No
WCH_PUSH_3MIN,WCH,PRIMEFLIGHT AVIATION SERVICES CANADA,function,3,100.0,Goal,Root/div/vendor/function,WCH_PUSH_3MIN/VND/PRIMEFLIGHT AVIATION SERVICES CANADA/WCH,0,Yes
WCH_PUSH_3MIN,PrimeFlight,VND,vendor,2,0.37,Goal,Root/div/vendor,WCH_PUSH_3MIN/VND/PrimeFlight,1,No
WCH_PUSH_3MIN,WCH,PrimeFlight,function,3,100.0,Goal,Root/div/vendor/function,WCH_PUSH_3MIN/VND/PrimeFlight/WCH,0,Yes
WCH_PUSH_3MIN,PROFESSIONAL AIRLINE TERMINAL,VND,vendor,2,0.12,Goal,Root/div/vendor,WCH_PUSH_3MIN/VND/PROFESSIONAL AIRLINE TERMINAL,1,No
WCH_PUSH_3MIN,WCH,PROFESSIONAL AIRLINE TERMINAL,function,3,100.0,Goal,Root/div/vendor/function,WCH_PUSH_3MIN/VND/PROFESSIONAL AIRLINE TERMINAL/WCH,0,Yes
WCH_PUSH_3MIN,Prospect,VND,vendor,2,0.32,Goal,Root/div/vendor,WCH_PUSH_3MIN/VND/Prospect,1,No
WCH_PUSH_3MIN,WCH,Prospect,function,3,100.0,Goal,Root/div/vendor/function,WCH_PUSH_3MIN/VND/Prospect/WCH,0,Yes
WCH_PUSH_3MIN,QAS,VND,vendor,2,0.31,Goal,Root/div/vendor,WCH_PUSH_3MIN/VND/QAS,1,No
WCH_PUSH_3MIN,WCH,QAS,function,3,100.0,Goal,Root/div/vendor/function,WCH_PUSH_3MIN/VND/QAS/WCH,0,Yes
WCH_PUSH_3MIN,RAM Handling,VND,vendor,2,0.18,Goal,Root/div/vendor,WCH_PUSH_3MIN/VND/RAM Handling,1,No
WCH_PUSH_3MIN,WCH,RAM Handling,function,3,100.0,Goal,Root/div/vendor/function,WCH_PUSH_3MIN/VND/RAM Handling/WCH,0,Yes
WCH_PUSH_3MIN,Red Handling UK,VND,vendor,2,0.37,Goal,Root/div/vendor,WCH_PUSH_3MIN/VND/Red Handling UK,1,No
WCH_PUSH_3MIN,WCH,Red Handling UK,function,3,100.0,Goal,Root/div/vendor/function,WCH_PUSH_3MIN/VND/Red Handling UK/WCH,0,Yes
WCH_PUSH_3MIN,ROCHESTER INTERNATIONAL AIRPORT,VND,vendor,2,0.37,Goal,Root/div/vendor,WCH_PUSH_3MIN/VND/ROCHESTER INTERNATIONAL AIRPORT,1,No
WCH_PUSH_3MIN,WCH,ROCHESTER INTERNATIONAL AIRPORT,function,3,100.0,Goal,Root/div/vendor/function,WCH_PUSH_3MIN/VND/ROCHESTER INTERNATIONAL AIRPORT/WCH,0,Yes
WCH_PUSH_3MIN,S.A.S. SERVICES GROUP INC,VND,vendor,2,0.36,Goal,Root/div/vendor,WCH_PUSH_3MIN/VND/S.A.S. SERVICES GROUP INC,1,No
WCH_PUSH_3MIN,WCH,S.A.S. SERVICES GROUP INC,function,3,100.0,Goal,Root/div/vendor/function,WCH_PUSH_3MIN/VND/S.A.S. SERVICES GROUP INC/WCH,0,Yes
WCH_PUSH_3MIN,SAG,VND,vendor,2,0.24,Goal,Root/div/vendor,WCH_PUSH_3MIN/VND/SAG,1,No
WCH_PUSH_3MIN,WCH,SAG,function,3,100.0,Goal,Root/div/vendor/function,WCH_PUSH_3MIN/VND/SAG/WCH,0,Yes
WCH_PUSH_3MIN,SAI,VND,vendor,2,0.25,Goal,Root/div/vendor,WCH_PUSH_3MIN/VND/SAI,1,No
WCH_PUSH_3MIN,WCH,SAI,function,3,100.0,Goal,Root/div/vendor/function,WCH_PUSH_3MIN/VND/SAI/WCH,0,Yes
WCH_PUSH_3MIN,Samsic Assistance Canada Inc.,VND,vendor,2,0.06,Goal,Root/div/vendor,WCH_PUSH_3MIN/VND/Samsic Assistance Canada Inc.,1,No
WCH_PUSH_3MIN,WCH,Samsic Assistance Canada Inc.,function,3,100.0,Goal,Root/div/vendor/function,WCH_PUSH_3MIN/VND/Samsic Assistance Canada Inc./WCH,0,Yes
WCH_PUSH_3MIN,SAMSIC HANDLING DOMINICANA S.A.S,VND,vendor,2,0.07,Goal,Root/div/vendor,WCH_PUSH_3MIN/VND/SAMSIC HANDLING DOMINICANA S.A.S,1,No
WCH_PUSH_3MIN,WCH,SAMSIC HANDLING DOMINICANA S.A.S,function,3,100.0,Goal,Root/div/vendor/function,WCH_PUSH_3MIN/VND/SAMSIC HANDLING DOMINICANA S.A.S/WCH,0,Yes
WCH_PUSH_3MIN,SAN ANTONIO AIRLINES,VND,vendor,2,0.07,Goal,Root/div/vendor,WCH_PUSH_3MIN/VND/SAN ANTONIO AIRLINES,1,No
WCH_PUSH_3MIN,WCH,SAN ANTONIO AIRLINES,function,3,100.0,Goal,Root/div/vendor/function,WCH_PUSH_3MIN/VND/SAN ANTONIO AIRLINES/WCH,0,Yes
WCH_PUSH_3MIN,SAS,VND,vendor,2,0.25,Goal,Root/div/vendor,WCH_PUSH_3MIN/VND/SAS,1,No
WCH_PUSH_3MIN,WCH,SAS,function,3,100.0,Goal,Root/div/vendor/function,WCH_PUSH_3MIN/VND/SAS/WCH,0,Yes
WCH_PUSH_3MIN,Savannah Airport Commission,VND,vendor,2,0.11,Goal,Root/div/vendor,WCH_PUSH_3MIN/VND/Savannah Airport Commission,1,No
WCH_PUSH_3MIN,WCH,Savannah Airport Commission,function,3,100.0,Goal,Root/div/vendor/function,WCH_PUSH_3MIN/VND/Savannah Airport Commission/WCH,0,Yes
WCH_PUSH_3MIN,Security Associates Limited,VND,vendor,2,0.38,Goal,Root/div/vendor,WCH_PUSH_3MIN/VND/Security Associates Limited,1,No
WCH_PUSH_3MIN,WCH,Security Associates Limited,function,3,100.0,Goal,Root/div/vendor/function,WCH_PUSH_3MIN/VND/Security Associates Limited/WCH,0,Yes
WCH_PUSH_3MIN,SERVAIR,VND,vendor,2,0.22,Goal,Root/div/vendor,WCH_PUSH_3MIN/VND/SERVAIR,1,No
WCH_PUSH_3MIN,WCH,SERVAIR,function,3,100.0,Goal,Root/div/vendor/function,WCH_PUSH_3MIN/VND/SERVAIR/WCH,0,Yes
WCH_PUSH_3MIN,SERVICIOS A.T.,VND,vendor,2,0.08,Goal,Root/div/vendor,WCH_PUSH_3MIN/VND/SERVICIOS A.T.,1,No
WCH_PUSH_3MIN,WCH,SERVICIOS A.T.,function,3,100.0,Goal,Root/div/vendor/function,WCH_PUSH_3MIN/VND/SERVICIOS A.T./WCH,0,Yes
WCH_PUSH_3MIN,SHP,VND,vendor,2,0.37,Goal,Root/div/vendor,WCH_PUSH_3MIN/VND/SHP,1,No
WCH_PUSH_3MIN,WCH,SHP,function,3,100.0,Goal,Root/div/vendor/function,WCH_PUSH_3MIN/VND/SHP/WCH,0,Yes
WCH_PUSH_3MIN,SIERRA AVIATION GROUP - ONT,VND,vendor,2,0.09,Goal,Root/div/vendor,WCH_PUSH_3MIN/VND/SIERRA AVIATION GROUP - ONT,1,No
WCH_PUSH_3MIN,WCH,SIERRA AVIATION GROUP - ONT,function,3,100.0,Goal,Root/div/vendor/function,WCH_PUSH_3MIN/VND/SIERRA AVIATION GROUP - ONT/WCH,0,Yes
WCH_PUSH_3MIN,SKGS,VND,vendor,2,0.28,Goal,Root/div/vendor,WCH_PUSH_3MIN/VND/SKGS,1,No
WCH_PUSH_3MIN,WCH,SKGS,function,3,100.0,Goal,Root/div/vendor/function,WCH_PUSH_3MIN/VND/SKGS/WCH,0,Yes
WCH_PUSH_3MIN,SkyWest,VND,vendor,2,0.02,Goal,Root/div/vendor,WCH_PUSH_3MIN/VND/SkyWest,1,No
WCH_PUSH_3MIN,WCH,SkyWest,function,3,100.0,Goal,Root/div/vendor/function,WCH_PUSH_3MIN/VND/SkyWest/WCH,0,Yes
WCH_PUSH_3MIN,Strachan,VND,vendor,2,0.04,Goal,Root/div/vendor,WCH_PUSH_3MIN/VND/Strachan,1,No
WCH_PUSH_3MIN,WCH,Strachan,function,3,100.0,Goal,Root/div/vendor/function,WCH_PUSH_3MIN/VND/Strachan/WCH,0,Yes
WCH_PUSH_3MIN,STREAMLINE AIRPORT SERVICES,VND,vendor,2,0.07,Goal,Root/div/vendor,WCH_PUSH_3MIN/VND/STREAMLINE AIRPORT SERVICES,1,No
WCH_PUSH_3MIN,WCH,STREAMLINE AIRPORT SERVICES,function,3,100.0,Goal,Root/div/vendor/function,WCH_PUSH_3MIN/VND/STREAMLINE AIRPORT SERVICES/WCH,0,Yes
WCH_PUSH_3MIN,"SUPERIOR AIRCRAFT SERVICES, INC.",VND,vendor,2,0.13,Goal,Root/div/vendor,"WCH_PUSH_3MIN/VND/SUPERIOR AIRCRAFT SERVICES, INC.",1,No
WCH_PUSH_3MIN,WCH,"SUPERIOR AIRCRAFT SERVICES, INC.",function,3,100.0,Goal,Root/div/vendor/function,"WCH_PUSH_3MIN/VND/SUPERIOR AIRCRAFT SERVICES, INC./WCH",0,Yes
WCH_PUSH_3MIN,Swissport,VND,vendor,2,0.01,Goal,Root/div/vendor,WCH_PUSH_3MIN/VND/Swissport,1,No
WCH_PUSH_3MIN,WCH,Swissport,function,3,100.0,Goal,Root/div/vendor/function,WCH_PUSH_3MIN/VND/Swissport/WCH,0,Yes
WCH_PUSH_3MIN,Talma,VND,vendor,2,0.35,Goal,Root/div/vendor,WCH_PUSH_3MIN/VND/Talma,1,No
WCH_PUSH_3MIN,WCH,Talma,function,3,100.0,Goal,Root/div/vendor/function,WCH_PUSH_3MIN/VND/Talma/WCH,0,Yes
WCH_PUSH_3MIN,Tecnologias Unidas,VND,vendor,2,0.01,Goal,Root/div/vendor,WCH_PUSH_3MIN/VND/Tecnologias Unidas,1,No
WCH_PUSH_3MIN,WCH,Tecnologias Unidas,function,3,100.0,Goal,Root/div/vendor/function,WCH_PUSH_3MIN/VND/Tecnologias Unidas/WCH,0,Yes
WCH_PUSH_3MIN,Treasure,VND,vendor,2,0.28,Goal,Root/div/vendor,WCH_PUSH_3MIN/VND/Treasure,1,No
WCH_PUSH_3MIN,WCH,Treasure,function,3,100.0,Goal,Root/div/vendor/function,WCH_PUSH_3MIN/VND/Treasure/WCH,0,Yes
WCH_PUSH_3MIN,TriStar,VND,vendor,2,0.29,Goal,Root/div/vendor,WCH_PUSH_3MIN/VND/TriStar,1,No
WCH_PUSH_3MIN,WCH,TriStar,function,3,100.0,Goal,Root/div/vendor/function,WCH_PUSH_3MIN/VND/TriStar/WCH,0,Yes
WCH_PUSH_3MIN,Unifi,VND,vendor,2,0.05,Goal,Root/div/vendor,WCH_PUSH_3MIN/VND/Unifi,1,No
WCH_PUSH_3MIN,WCH,Unifi,function,3,100.0,Goal,Root/div/vendor/function,WCH_PUSH_3MIN/VND/Unifi/WCH,0,Yes
WCH_PUSH_3MIN,US Aviation,VND,vendor,2,0.07,Goal,Root/div/vendor,WCH_PUSH_3MIN/VND/US Aviation,1,No
WCH_PUSH_3MIN,WCH,US Aviation,function,3,100.0,Goal,Root/div/vendor/function,WCH_PUSH_3MIN/VND/US Aviation/WCH,0,Yes
WCH_PUSH_3MIN,Valley International Airport Ground Handling Services,VND,vendor,2,0.32,Goal,Root/div/vendor,WCH_PUSH_3MIN/VND/Valley International Airport Ground Handling Services,1,No
WCH_PUSH_3MIN,WCH,Valley International Airport Ground Handling Services,function,3,100.0,Goal,Root/div/vendor/function,WCH_PUSH_3MIN/VND/Valley International Airport Ground Handling Services/WCH,0,Yes
WCH_PUSH_3MIN,Warren,VND,vendor,2,0.03,Goal,Root/div/vendor,WCH_PUSH_3MIN/VND/Warren,1,No
WCH_PUSH_3MIN,WCH,Warren,function,3,100.0,Goal,Root/div/vendor/function,WCH_PUSH_3MIN/VND/Warren/WCH,0,Yes
WCH_PUSH_3MIN,WFS -Worldwide Flight Services,VND,vendor,2,0.0,Goal,Root/div/vendor,WCH_PUSH_3MIN/VND/WFS -Worldwide Flight Services,1,No
WCH_PUSH_3MIN,WCH,WFS -Worldwide Flight Services,function,3,100.0,Goal,Root/div/vendor/function,WCH_PUSH_3MIN/VND/WFS -Worldwide Flight Services/WCH,0,Yes
WCH_PUSH_3MIN,WISAG Aviation,VND,vendor,2,0.34,Goal,Root/div/vendor,WCH_PUSH_3MIN/VND/WISAG Aviation,1,No
WCH_PUSH_3MIN,WCH,WISAG Aviation,function,3,100.0,Goal,Root/div/vendor/function,WCH_PUSH_3MIN/VND/WISAG Aviation/WCH,0,Yes
WCH_PUSH_3MIN,Wisag,VND,vendor,2,0.22,Goal,Root/div/vendor,WCH_PUSH_3MIN/VND/Wisag,1,No
WCH_PUSH_3MIN,WCH,Wisag,function,3,100.0,Goal,Root/div/vendor/function,WCH_PUSH_3MIN/VND/Wisag/WCH,0,Yes
WCH_PUSH_3MIN,Wright Brothers,VND,vendor,2,0.25,Goal,Root/div/vendor,WCH_PUSH_3MIN/VND/Wright Brothers,1,No
WCH_PUSH_3MIN,WCH,Wright Brothers,function,3,100.0,Goal,Root/div/vendor/function,WCH_PUSH_3MIN/VND/Wright Brothers/WCH,0,Yes
