Baseline,Tier,Parent,KPI,Grp_Comb,Num,Den,A0,Contribution,Parent,Child Ttl,QA Check,Parent Category,Parent Node,Child Category,Child Node,,,Category,Recommended Parent,Recommended Grp_Comb
LTM - YE,1,,A0,sys;DL,7083300,10420372,67.98%,100.00%,,,,,,,,,,,,
,2,sys;DL,A0,carrier;ML,4558765,6798681,67.05%,64.36%,10420372,10420372,TRUE,sys,DL,carrier,ML,sys;DL,,carrier,sys;DL,sys/carrier;DL/ML
,2,sys;DL,A0,carrier;DC,2524535,3621691,69.71%,35.64%,10420372,,,sys,DL,carrier,DC,#VALUE!,,carrier,sys;DL,sys/carrier;DL/DC
,3,carrier;DC,A0,dc_carrier;9E,1000843,1489944,67.17%,39.64%,3621691,3621388,FALSE,carrier,DC,dc_carrier,9E,#VALUE!,,dc_carrier,sys/carrier;DL/DC,sys/carrier/dc_carrier;DL/DC/9E
,3,carrier;DC,A0,dc_carrier;YX,398438,578027,68.93%,15.78%,3621691,,,carrier,DC,dc_carrier,YX,sys/carrier/dc_carrier;DL/DC/9E,,dc_carrier,sys/carrier;DL/DC,sys/carrier/dc_carrier;DL/DC/YX
,3,carrier;DC,A0,dc_carrier;OO,1125209,1553417,72.43%,44.57%,3621691,,,carrier,DC,dc_carrier,OO,sys/carrier/dc_carrier;DL/DC/YX,,dc_carrier,sys/carrier;DL/DC,sys/carrier/dc_carrier;DL/DC/OO
,3,sys;DL,A0,Sys/Div;DL/ACS,6760152,9954997,67.91%,95.44%,10420372,,,sys,DL,Sys/Div,DL/ACS,sys/carrier/dc_carrier;DL/DC/OO,,div,sys;DL,sys/div;DL/ACS
,3,Sys/Div;DL/ACS,A0,dom_int;D,6166133,9009617,68.44%,91.21%,9954997,9954997,TRUE,Sys/Div,DL/ACS,dom_int,D,#VALUE!,,dom_int,sys/div;DL/ACS,sys/div/dom_int;DL/ACS/D
,3,Sys/Div;DL/ACS,A0,dom_int;I,594019,945380,62.83%,8.79%,9954997,,,Sys/Div,DL/ACS,dom_int,I,sys/div/dom_int;DL/ACS/D,,dom_int,sys/div;DL/ACS,sys/div/dom_int;DL/ACS/I
,3,dom_int;D,A0,carrier/dom_int;DC/D,2309184,3313841,69.68%,37.45%,9009617,9009617,TRUE,dom_int,D,carrier/dom_int,DC/D,sys/div/dom_int;DL/ACS/I,,carrier,sys/div/dom_int;DL/ACS/D,sys/div/dom_int/carrier;DL/ACS/D/DC
,3,dom_int;I,A0,carrier/dom_int;DC/I,98820,146640,67.39%,16.64%,945380,945380,TRUE,dom_int,I,carrier/dom_int,DC/I,sys/div/dom_int/carrier/dom_int;DL/ACS/D/DC/D,,carrier,sys/div/dom_int;DL/ACS/I,sys/div/dom_int/carrier;DL/ACS/I/DC
,3,dom_int;D,A0,carrier/dom_int;ML/D,3856949,5695776,67.72%,62.55%,9009617,,,dom_int,D,carrier/dom_int,ML/D,sys/div/dom_int/carrier/dom_int;DL/ACS/I/DC/I,,carrier,sys/div/dom_int;DL/ACS/D,sys/div/dom_int/carrier;DL/ACS/D/DC
,3,dom_int;I,A0,carrier/dom_int;ML/I,495199,798740,62.00%,83.36%,945380,,,dom_int,I,carrier/dom_int,ML/I,sys/div/dom_int/carrier/dom_int;DL/ACS/D/ML/D,,carrier,sys/div/dom_int;DL/ACS/I,sys/div/dom_int/carrier;DL/ACS/I/DC
,4,dom_int;I,A0,dom_int/direction;I/exit_US,97665,163198,59.84%,16.44%,945380,326188,FALSE,dom_int,I,dom_int/direction,I/exit_US,sys/div/dom_int/carrier/dom_int;DL/ACS/I/ML/I,,direction,sys/div/dom_int;DL/ACS/I,sys/div/dom_int/carrier/direction;DL/ACS/I/exit_US
,4,dom_int;I,A0,dom_int/direction;I/into_US,105521,162990,64.74%,17.76%,945380,,,dom_int,I,dom_int/direction,I/into_US,sys/div/dom_int/dom_int/direction;DL/ACS/I/I/exit_US,,direction,sys/div/dom_int;DL/ACS/I,sys/div/dom_int/carrier/direction;DL/ACS/I/into_US
,5,dom_int;D,A0,dom_int/station;D/ABE,3703,5798,63.87%,0.06%,9009617,8999145,FALSE,dom_int,D,dom_int/station,D/ABE,sys/div/dom_int/dom_int/direction;DL/ACS/I/I/into_US,,,,
,5,dom_int;D,A0,dom_int/station;D/ABQ,13964,18288,76.36%,0.23%,9009617,,,dom_int,D,dom_int/station,D/ABQ,sys/div/dom_int/dom_int/station;DL/ACS/D/D/ABE,,,,
,5,dom_int;D,A0,dom_int/station;D/ABR,3270,4210,77.67%,0.05%,9009617,,,dom_int,D,dom_int/station,D/ABR,sys/div/dom_int/dom_int/station;DL/ACS/D/D/ABQ,,,,
,5,dom_int;D,A0,dom_int/station;D/ABY,3704,5631,65.78%,0.06%,9009617,,,dom_int,D,dom_int/station,D/ABY,sys/div/dom_int/dom_int/station;DL/ACS/D/D/ABR,,,,
,5,dom_int;D,A0,dom_int/station;D/AEX,4107,5783,71.02%,0.07%,9009617,,,dom_int,D,dom_int/station,D/AEX,sys/div/dom_int/dom_int/station;DL/ACS/D/D/ABY,,,,
,5,dom_int;D,A0,dom_int/station;D/AGS,9565,14181,67.45%,0.16%,9009617,,,dom_int,D,dom_int/station,D/AGS,sys/div/dom_int/dom_int/station;DL/ACS/D/D/AEX,,,,
,5,dom_int;D,A0,dom_int/station;D/ALB,9835,16238,60.57%,0.16%,9009617,,,dom_int,D,dom_int/station,D/ALB,sys/div/dom_int/dom_int/station;DL/ACS/D/D/AGS,,,,
,5,dom_int;D,A0,dom_int/station;D/ANC,8992,15589,57.68%,0.15%,9009617,,,dom_int,D,dom_int/station,D/ANC,sys/div/dom_int/dom_int/station;DL/ACS/D/D/ALB,,,,
,5,dom_int;D,A0,dom_int/station;D/APN,2477,3353,73.87%,0.04%,9009617,,,dom_int,D,dom_int/station,D/APN,sys/div/dom_int/dom_int/station;DL/ACS/D/D/ANC,,,,
,5,dom_int;D,A0,dom_int/station;D/ASE,2578,4481,57.53%,0.04%,9009617,,,dom_int,D,dom_int/station,D/ASE,sys/div/dom_int/dom_int/station;DL/ACS/D/D/APN,,,,
,5,dom_int;D,A0,dom_int/station;D/ATL,1145221,1537760,74.47%,18.57%,9009617,,,dom_int,D,dom_int/station,D/ATL,sys/div/dom_int/dom_int/station;DL/ACS/D/D/ASE,,,,
,5,dom_int;D,A0,dom_int/station;D/ATW,9064,13792,65.72%,0.15%,9009617,,,dom_int,D,dom_int/station,D/ATW,sys/div/dom_int/dom_int/station;DL/ACS/D/D/ATL,,,,
,5,dom_int;D,A0,dom_int/station;D/ATY,1439,1766,81.48%,0.02%,9009617,,,dom_int,D,dom_int/station,D/ATY,sys/div/dom_int/dom_int/station;DL/ACS/D/D/ATW,,,,
,5,dom_int;D,A0,dom_int/station;D/AUS,73013,107832,67.71%,1.18%,9009617,,,dom_int,D,dom_int/station,D/AUS,sys/div/dom_int/dom_int/station;DL/ACS/D/D/ATY,,,,
,5,dom_int;D,A0,dom_int/station;D/AVL,12287,17265,71.17%,0.20%,9009617,,,dom_int,D,dom_int/station,D/AVL,sys/div/dom_int/dom_int/station;DL/ACS/D/D/AUS,,,,
,5,dom_int;D,A0,dom_int/station;D/AZO,3573,5528,64.63%,0.06%,9009617,,,dom_int,D,dom_int/station,D/AZO,sys/div/dom_int/dom_int/station;DL/ACS/D/D/AVL,,,,
,5,dom_int;D,A0,dom_int/station;D/BDL,15144,23571,64.25%,0.25%,9009617,,,dom_int,D,dom_int/station,D/BDL,sys/div/dom_int/dom_int/station;DL/ACS/D/D/AZO,,,,
,5,dom_int;D,A0,dom_int/station;D/BGM,1160,1700,68.24%,0.02%,9009617,,,dom_int,D,dom_int/station,D/BGM,sys/div/dom_int/dom_int/station;DL/ACS/D/D/BDL,,,,
,5,dom_int;D,A0,dom_int/station;D/BGR,5153,7224,71.33%,0.08%,9009617,,,dom_int,D,dom_int/station,D/BGR,sys/div/dom_int/dom_int/station;DL/ACS/D/D/BGM,,,,
,5,dom_int;D,A0,dom_int/station;D/BHM,18854,27495,68.57%,0.31%,9009617,,,dom_int,D,dom_int/station,D/BHM,sys/div/dom_int/dom_int/station;DL/ACS/D/D/BGR,,,,
,5,dom_int;D,A0,dom_int/station;D/BIL,5883,7999,73.55%,0.10%,9009617,,,dom_int,D,dom_int/station,D/BIL,sys/div/dom_int/dom_int/station;DL/ACS/D/D/BHM,,,,
,5,dom_int;D,A0,dom_int/station;D/BIS,6534,9644,67.75%,0.11%,9009617,,,dom_int,D,dom_int/station,D/BIS,sys/div/dom_int/dom_int/station;DL/ACS/D/D/BIL,,,,
,5,dom_int;D,A0,dom_int/station;D/BJI,3028,4037,75.01%,0.05%,9009617,,,dom_int,D,dom_int/station,D/BJI,sys/div/dom_int/dom_int/station;DL/ACS/D/D/BIS,,,,
,5,dom_int;D,A0,dom_int/station;D/BMI,2842,4301,66.08%,0.05%,9009617,,,dom_int,D,dom_int/station,D/BMI,sys/div/dom_int/dom_int/station;DL/ACS/D/D/BJI,,,,
,5,dom_int;D,A0,dom_int/station;D/BNA,54771,82169,66.66%,0.89%,9009617,,,dom_int,D,dom_int/station,D/BNA,sys/div/dom_int/dom_int/station;DL/ACS/D/D/BMI,,,,
,5,dom_int;D,A0,dom_int/station;D/BOI,24319,33530,72.53%,0.39%,9009617,,,dom_int,D,dom_int/station,D/BOI,sys/div/dom_int/dom_int/station;DL/ACS/D/D/BNA,,,,
,5,dom_int;D,A0,dom_int/station;D/BOS,173305,272639,63.57%,2.81%,9009617,,,dom_int,D,dom_int/station,D/BOS,sys/div/dom_int/dom_int/station;DL/ACS/D/D/BOI,,,,
,5,dom_int;D,A0,dom_int/station;D/BQK,4124,5920,69.66%,0.07%,9009617,,,dom_int,D,dom_int/station,D/BQK,sys/div/dom_int/dom_int/station;DL/ACS/D/D/BOS,,,,
,5,dom_int;D,A0,dom_int/station;D/BRD,2572,3464,74.25%,0.04%,9009617,,,dom_int,D,dom_int/station,D/BRD,sys/div/dom_int/dom_int/station;DL/ACS/D/D/BQK,,,,
,5,dom_int;D,A0,dom_int/station;D/BTM,1664,2006,82.95%,0.03%,9009617,,,dom_int,D,dom_int/station,D/BTM,sys/div/dom_int/dom_int/station;DL/ACS/D/D/BRD,,,,
,5,dom_int;D,A0,dom_int/station;D/BTR,6518,9277,70.26%,0.11%,9009617,,,dom_int,D,dom_int/station,D/BTR,sys/div/dom_int/dom_int/station;DL/ACS/D/D/BTM,,,,
,5,dom_int;D,A0,dom_int/station;D/BTV,9106,14256,63.87%,0.15%,9009617,,,dom_int,D,dom_int/station,D/BTV,sys/div/dom_int/dom_int/station;DL/ACS/D/D/BTR,,,,
,5,dom_int;D,A0,dom_int/station;D/BUF,20466,29960,68.31%,0.33%,9009617,,,dom_int,D,dom_int/station,D/BUF,sys/div/dom_int/dom_int/station;DL/ACS/D/D/BTV,,,,
,5,dom_int;D,A0,dom_int/station;D/BUR,6225,9548,65.20%,0.10%,9009617,,,dom_int,D,dom_int/station,D/BUR,sys/div/dom_int/dom_int/station;DL/ACS/D/D/BUF,,,,
,5,dom_int;D,A0,dom_int/station;D/BWI,22654,35213,64.33%,0.37%,9009617,,,dom_int,D,dom_int/station,D/BWI,sys/div/dom_int/dom_int/station;DL/ACS/D/D/BUR,,,,
,5,dom_int;D,A0,dom_int/station;D/BZN,13418,19421,69.09%,0.22%,9009617,,,dom_int,D,dom_int/station,D/BZN,sys/div/dom_int/dom_int/station;DL/ACS/D/D/BWI,,,,
,5,dom_int;D,A0,dom_int/station;D/CAE,11712,17543,66.76%,0.19%,9009617,,,dom_int,D,dom_int/station,D/CAE,sys/div/dom_int/dom_int/station;DL/ACS/D/D/BZN,,,,
,5,dom_int;D,A0,dom_int/station;D/CDC,2934,3492,84.02%,0.05%,9009617,,,dom_int,D,dom_int/station,D/CDC,sys/div/dom_int/dom_int/station;DL/ACS/D/D/CAE,,,,
,5,dom_int;D,A0,dom_int/station;D/CHA,14980,21819,68.66%,0.24%,9009617,,,dom_int,D,dom_int/station,D/CHA,sys/div/dom_int/dom_int/station;DL/ACS/D/D/CDC,,,,
,5,dom_int;D,A0,dom_int/station;D/CHO,7182,10890,65.95%,0.12%,9009617,,,dom_int,D,dom_int/station,D/CHO,sys/div/dom_int/dom_int/station;DL/ACS/D/D/CHA,,,,
,5,dom_int;D,A0,dom_int/station;D/CHS,25894,40667,63.67%,0.42%,9009617,,,dom_int,D,dom_int/station,D/CHS,sys/div/dom_int/dom_int/station;DL/ACS/D/D/CHO,,,,
,5,dom_int;D,A0,dom_int/station;D/CID,4275,7794,54.85%,0.07%,9009617,,,dom_int,D,dom_int/station,D/CID,sys/div/dom_int/dom_int/station;DL/ACS/D/D/CHS,,,,
,5,dom_int;D,A0,dom_int/station;D/CIU,2580,3869,66.68%,0.04%,9009617,,,dom_int,D,dom_int/station,D/CIU,sys/div/dom_int/dom_int/station;DL/ACS/D/D/CID,,,,
,5,dom_int;D,A0,dom_int/station;D/CLE,34814,53200,65.44%,0.56%,9009617,,,dom_int,D,dom_int/station,D/CLE,sys/div/dom_int/dom_int/station;DL/ACS/D/D/CIU,,,,
,5,dom_int;D,A0,dom_int/station;D/CLT,38731,55717,69.51%,0.63%,9009617,,,dom_int,D,dom_int/station,D/CLT,sys/div/dom_int/dom_int/station;DL/ACS/D/D/CLE,,,,
,5,dom_int;D,A0,dom_int/station;D/CMH,35945,54300,66.20%,0.58%,9009617,,,dom_int,D,dom_int/station,D/CMH,sys/div/dom_int/dom_int/station;DL/ACS/D/D/CLT,,,,
,5,dom_int;D,A0,dom_int/station;D/COS,5405,7673,70.44%,0.09%,9009617,,,dom_int,D,dom_int/station,D/COS,sys/div/dom_int/dom_int/station;DL/ACS/D/D/CMH,,,,
,5,dom_int;D,A0,dom_int/station;D/CRW,4428,7235,61.20%,0.07%,9009617,,,dom_int,D,dom_int/station,D/CRW,sys/div/dom_int/dom_int/station;DL/ACS/D/D/COS,,,,
,5,dom_int;D,A0,dom_int/station;D/CSG,1889,3142,60.12%,0.03%,9009617,,,dom_int,D,dom_int/station,D/CSG,sys/div/dom_int/dom_int/station;DL/ACS/D/D/CRW,,,,
,5,dom_int;D,A0,dom_int/station;D/CVG,60008,89482,67.06%,0.97%,9009617,,,dom_int,D,dom_int/station,D/CVG,sys/div/dom_int/dom_int/station;DL/ACS/D/D/CSG,,,,
,5,dom_int;D,A0,dom_int/station;D/CWA,2800,4028,69.51%,0.05%,9009617,,,dom_int,D,dom_int/station,D/CWA,sys/div/dom_int/dom_int/station;DL/ACS/D/D/CVG,,,,
,5,dom_int;D,A0,dom_int/station;D/DAB,6081,8225,73.93%,0.10%,9009617,,,dom_int,D,dom_int/station,D/DAB,sys/div/dom_int/dom_int/station;DL/ACS/D/D/CWA,,,,
,5,dom_int;D,A0,dom_int/station;D/DAL,7356,10245,71.80%,0.12%,9009617,,,dom_int,D,dom_int/station,D/DAL,sys/div/dom_int/dom_int/station;DL/ACS/D/D/DAB,,,,
,5,dom_int;D,A0,dom_int/station;D/DAY,6157,8426,73.07%,0.10%,9009617,,,dom_int,D,dom_int/station,D/DAY,sys/div/dom_int/dom_int/station;DL/ACS/D/D/DAL,,,,
,5,dom_int;D,A0,dom_int/station;D/DCA,62352,107338,58.09%,1.01%,9009617,,,dom_int,D,dom_int/station,D/DCA,sys/div/dom_int/dom_int/station;DL/ACS/D/D/DAY,,,,
,5,dom_int;D,A0,dom_int/station;D/DEN,41718,68708,60.72%,0.68%,9009617,,,dom_int,D,dom_int/station,D/DEN,sys/div/dom_int/dom_int/station;DL/ACS/D/D/DCA,,,,
,5,dom_int;D,A0,dom_int/station;D/DFW,38869,64954,59.84%,0.63%,9009617,,,dom_int,D,dom_int/station,D/DFW,sys/div/dom_int/dom_int/station;DL/ACS/D/D/DEN,,,,
,5,dom_int;D,A0,dom_int/station;D/DHN,3785,5612,67.44%,0.06%,9009617,,,dom_int,D,dom_int/station,D/DHN,sys/div/dom_int/dom_int/station;DL/ACS/D/D/DFW,,,,
,5,dom_int;D,A0,dom_int/station;D/DLH,5440,7730,70.38%,0.09%,9009617,,,dom_int,D,dom_int/station,D/DLH,sys/div/dom_int/dom_int/station;DL/ACS/D/D/DHN,,,,
,5,dom_int;D,A0,dom_int/station;D/DSM,15095,22558,66.92%,0.24%,9009617,,,dom_int,D,dom_int/station,D/DSM,sys/div/dom_int/dom_int/station;DL/ACS/D/D/DLH,,,,
,5,dom_int;D,A0,dom_int/station;D/DTW,417695,596873,69.98%,6.77%,9009617,,,dom_int,D,dom_int/station,D/DTW,sys/div/dom_int/dom_int/station;DL/ACS/D/D/DSM,,,,
,5,dom_int;D,A0,dom_int/station;D/ECP,10824,15989,67.70%,0.18%,9009617,,,dom_int,D,dom_int/station,D/ECP,sys/div/dom_int/dom_int/station;DL/ACS/D/D/DTW,,,,
,5,dom_int;D,A0,dom_int/station;D/EGE,1006,1739,57.85%,0.02%,9009617,,,dom_int,D,dom_int/station,D/EGE,sys/div/dom_int/dom_int/station;DL/ACS/D/D/ECP,,,,
,5,dom_int;D,A0,dom_int/station;D/EKO,2845,3196,89.02%,0.05%,9009617,,,dom_int,D,dom_int/station,D/EKO,sys/div/dom_int/dom_int/station;DL/ACS/D/D/EGE,,,,
,5,dom_int;D,A0,dom_int/station;D/ELM,3164,5006,63.20%,0.05%,9009617,,,dom_int,D,dom_int/station,D/ELM,sys/div/dom_int/dom_int/station;DL/ACS/D/D/EKO,,,,
,5,dom_int;D,A0,dom_int/station;D/ELP,2470,3969,62.23%,0.04%,9009617,,,dom_int,D,dom_int/station,D/ELP,sys/div/dom_int/dom_int/station;DL/ACS/D/D/ELM,,,,
,5,dom_int;D,A0,dom_int/station;D/ESC,2500,3344,74.76%,0.04%,9009617,,,dom_int,D,dom_int/station,D/ESC,sys/div/dom_int/dom_int/station;DL/ACS/D/D/ELP,,,,
,5,dom_int;D,A0,dom_int/station;D/EUG,7757,9945,78.00%,0.13%,9009617,,,dom_int,D,dom_int/station,D/EUG,sys/div/dom_int/dom_int/station;DL/ACS/D/D/ESC,,,,
,5,dom_int;D,A0,dom_int/station;D/EVV,4630,6661,69.51%,0.08%,9009617,,,dom_int,D,dom_int/station,D/EVV,sys/div/dom_int/dom_int/station;DL/ACS/D/D/EUG,,,,
,5,dom_int;D,A0,dom_int/station;D/EWR,28003,49138,56.99%,0.45%,9009617,,,dom_int,D,dom_int/station,D/EWR,sys/div/dom_int/dom_int/station;DL/ACS/D/D/EVV,,,,
,5,dom_int;D,A0,dom_int/station;D/EYW,5741,8829,65.02%,0.09%,9009617,,,dom_int,D,dom_int/station,D/EYW,sys/div/dom_int/dom_int/station;DL/ACS/D/D/EWR,,,,
,5,dom_int;D,A0,dom_int/station;D/FAI,2448,3899,62.79%,0.04%,9009617,,,dom_int,D,dom_int/station,D/FAI,sys/div/dom_int/dom_int/station;DL/ACS/D/D/EYW,,,,
,5,dom_int;D,A0,dom_int/station;D/FAR,7303,11166,65.40%,0.12%,9009617,,,dom_int,D,dom_int/station,D/FAR,sys/div/dom_int/dom_int/station;DL/ACS/D/D/FAI,,,,
,5,dom_int;D,A0,dom_int/station;D/FAT,6333,8093,78.25%,0.10%,9009617,,,dom_int,D,dom_int/station,D/FAT,sys/div/dom_int/dom_int/station;DL/ACS/D/D/FAR,,,,
,5,dom_int;D,A0,dom_int/station;D/FAY,4902,6988,70.15%,0.08%,9009617,,,dom_int,D,dom_int/station,D/FAY,sys/div/dom_int/dom_int/station;DL/ACS/D/D/FAT,,,,
,5,dom_int;D,A0,dom_int/station;D/FCA,6437,9088,70.83%,0.10%,9009617,,,dom_int,D,dom_int/station,D/FCA,sys/div/dom_int/dom_int/station;DL/ACS/D/D/FAY,,,,
,5,dom_int;D,A0,dom_int/station;D/FLL,38856,68880,56.41%,0.63%,9009617,,,dom_int,D,dom_int/station,D/FLL,sys/div/dom_int/dom_int/station;DL/ACS/D/D/FCA,,,,
,5,dom_int;D,A0,dom_int/station;D/FSD,7228,11636,62.12%,0.12%,9009617,,,dom_int,D,dom_int/station,D/FSD,sys/div/dom_int/dom_int/station;DL/ACS/D/D/FLL,,,,
,5,dom_int;D,A0,dom_int/station;D/FWA,7381,11562,63.84%,0.12%,9009617,,,dom_int,D,dom_int/station,D/FWA,sys/div/dom_int/dom_int/station;DL/ACS/D/D/FSD,,,,
,5,dom_int;D,A0,dom_int/station;D/GEG,26299,35984,73.09%,0.43%,9009617,,,dom_int,D,dom_int/station,D/GEG,sys/div/dom_int/dom_int/station;DL/ACS/D/D/FWA,,,,
,5,dom_int;D,A0,dom_int/station;D/GFK,4183,6044,69.21%,0.07%,9009617,,,dom_int,D,dom_int/station,D/GFK,sys/div/dom_int/dom_int/station;DL/ACS/D/D/GEG,,,,
,5,dom_int;D,A0,dom_int/station;D/GJT,2909,3277,88.77%,0.05%,9009617,,,dom_int,D,dom_int/station,D/GJT,sys/div/dom_int/dom_int/station;DL/ACS/D/D/GFK,,,,
,5,dom_int;D,A0,dom_int/station;D/GNV,7019,9382,74.81%,0.11%,9009617,,,dom_int,D,dom_int/station,D/GNV,sys/div/dom_int/dom_int/station;DL/ACS/D/D/GJT,,,,
,5,dom_int;D,A0,dom_int/station;D/GPT,5368,7340,73.13%,0.09%,9009617,,,dom_int,D,dom_int/station,D/GPT,sys/div/dom_int/dom_int/station;DL/ACS/D/D/GNV,,,,
,5,dom_int;D,A0,dom_int/station;D/GRB,9037,13758,65.69%,0.15%,9009617,,,dom_int,D,dom_int/station,D/GRB,sys/div/dom_int/dom_int/station;DL/ACS/D/D/GPT,,,,
,5,dom_int;D,A0,dom_int/station;D/GRR,21667,33212,65.24%,0.35%,9009617,,,dom_int,D,dom_int/station,D/GRR,sys/div/dom_int/dom_int/station;DL/ACS/D/D/GRB,,,,
,5,dom_int;D,A0,dom_int/station;D/GSO,18126,26451,68.53%,0.29%,9009617,,,dom_int,D,dom_int/station,D/GSO,sys/div/dom_int/dom_int/station;DL/ACS/D/D/GRR,,,,
,5,dom_int;D,A0,dom_int/station;D/GSP,18211,26957,67.56%,0.30%,9009617,,,dom_int,D,dom_int/station,D/GSP,sys/div/dom_int/dom_int/station;DL/ACS/D/D/GSO,,,,
,5,dom_int;D,A0,dom_int/station;D/GTF,5250,6476,81.07%,0.09%,9009617,,,dom_int,D,dom_int/station,D/GTF,sys/div/dom_int/dom_int/station;DL/ACS/D/D/GSP,,,,
,5,dom_int;D,A0,dom_int/station;D/GTR,2861,4045,70.73%,0.05%,9009617,,,dom_int,D,dom_int/station,D/GTR,sys/div/dom_int/dom_int/station;DL/ACS/D/D/GTF,,,,
,5,dom_int;D,A0,dom_int/station;D/HDN,309,716,43.16%,0.01%,9009617,,,dom_int,D,dom_int/station,D/HDN,sys/div/dom_int/dom_int/station;DL/ACS/D/D/GTR,,,,
,5,dom_int;D,A0,dom_int/station;D/HIB,2439,3440,70.90%,0.04%,9009617,,,dom_int,D,dom_int/station,D/HIB,sys/div/dom_int/dom_int/station;DL/ACS/D/D/HDN,,,,
,5,dom_int;D,A0,dom_int/station;D/HLN,3645,4038,90.27%,0.06%,9009617,,,dom_int,D,dom_int/station,D/HLN,sys/div/dom_int/dom_int/station;DL/ACS/D/D/HIB,,,,
,5,dom_int;D,A0,dom_int/station;D/HNL,12486,20382,61.26%,0.20%,9009617,,,dom_int,D,dom_int/station,D/HNL,sys/div/dom_int/dom_int/station;DL/ACS/D/D/HLN,,,,
,5,dom_int;D,A0,dom_int/station;D/HOU,5264,7899,66.64%,0.09%,9009617,,,dom_int,D,dom_int/station,D/HOU,sys/div/dom_int/dom_int/station;DL/ACS/D/D/HNL,,,,
,5,dom_int;D,A0,dom_int/station;D/HPN,9388,14862,63.17%,0.15%,9009617,,,dom_int,D,dom_int/station,D/HPN,sys/div/dom_int/dom_int/station;DL/ACS/D/D/HOU,,,,
,5,dom_int;D,A0,dom_int/station;D/HRL,686,927,74.00%,0.01%,9009617,,,dom_int,D,dom_int/station,D/HRL,sys/div/dom_int/dom_int/station;DL/ACS/D/D/HPN,,,,
,5,dom_int;D,A0,dom_int/station;D/HSV,13463,19534,68.92%,0.22%,9009617,,,dom_int,D,dom_int/station,D/HSV,sys/div/dom_int/dom_int/station;DL/ACS/D/D/HRL,,,,
,5,dom_int;D,A0,dom_int/station;D/IAD,18565,31312,59.29%,0.30%,9009617,,,dom_int,D,dom_int/station,D/IAD,sys/div/dom_int/dom_int/station;DL/ACS/D/D/HSV,,,,
,5,dom_int;D,A0,dom_int/station;D/IAH,29030,45735,63.47%,0.47%,9009617,,,dom_int,D,dom_int/station,D/IAH,sys/div/dom_int/dom_int/station;DL/ACS/D/D/IAD,,,,
,5,dom_int;D,A0,dom_int/station;D/ICT,7082,9833,72.02%,0.11%,9009617,,,dom_int,D,dom_int/station,D/ICT,sys/div/dom_int/dom_int/station;DL/ACS/D/D/IAH,,,,
,5,dom_int;D,A0,dom_int/station;D/IDA,4855,6542,74.21%,0.08%,9009617,,,dom_int,D,dom_int/station,D/IDA,sys/div/dom_int/dom_int/station;DL/ACS/D/D/ICT,,,,
,5,dom_int;D,A0,dom_int/station;D/ILM,8721,12590,69.27%,0.14%,9009617,,,dom_int,D,dom_int/station,D/ILM,sys/div/dom_int/dom_int/station;DL/ACS/D/D/IDA,,,,
,5,dom_int;D,A0,dom_int/station;D/IMT,2491,3963,62.86%,0.04%,9009617,,,dom_int,D,dom_int/station,D/IMT,sys/div/dom_int/dom_int/station;DL/ACS/D/D/ILM,,,,
,5,dom_int;D,A0,dom_int/station;D/IND,42807,62497,68.49%,0.69%,9009617,,,dom_int,D,dom_int/station,D/IND,sys/div/dom_int/dom_int/station;DL/ACS/D/D/IMT,,,,
,5,dom_int;D,A0,dom_int/station;D/INL,2560,3689,69.40%,0.04%,9009617,,,dom_int,D,dom_int/station,D/INL,sys/div/dom_int/dom_int/station;DL/ACS/D/D/IND,,,,
,5,dom_int;D,A0,dom_int/station;D/ITH,2613,3777,69.18%,0.04%,9009617,,,dom_int,D,dom_int/station,D/ITH,sys/div/dom_int/dom_int/station;DL/ACS/D/D/INL,,,,
,5,dom_int;D,A0,dom_int/station;D/JAC,6194,8827,70.17%,0.10%,9009617,,,dom_int,D,dom_int/station,D/JAC,sys/div/dom_int/dom_int/station;DL/ACS/D/D/ITH,,,,
,5,dom_int;D,A0,dom_int/station;D/JAN,10226,14107,72.49%,0.17%,9009617,,,dom_int,D,dom_int/station,D/JAN,sys/div/dom_int/dom_int/station;DL/ACS/D/D/JAC,,,,
,5,dom_int;D,A0,dom_int/station;D/JAX,29276,46833,62.51%,0.47%,9009617,,,dom_int,D,dom_int/station,D/JAX,sys/div/dom_int/dom_int/station;DL/ACS/D/D/JAN,,,,
,5,dom_int;D,A0,dom_int/station;D/JFK,218722,313762,69.71%,3.55%,9009617,,,dom_int,D,dom_int/station,D/JFK,sys/div/dom_int/dom_int/station;DL/ACS/D/D/JAX,,,,
,5,dom_int;D,A0,dom_int/station;D/KOA,2954,4493,65.75%,0.05%,9009617,,,dom_int,D,dom_int/station,D/KOA,sys/div/dom_int/dom_int/station;DL/ACS/D/D/JFK,,,,
,5,dom_int;D,A0,dom_int/station;D/LAN,3669,5629,65.18%,0.06%,9009617,,,dom_int,D,dom_int/station,D/LAN,sys/div/dom_int/dom_int/station;DL/ACS/D/D/KOA,,,,
,5,dom_int;D,A0,dom_int/station;D/LAS,63999,99175,64.53%,1.04%,9009617,,,dom_int,D,dom_int/station,D/LAS,sys/div/dom_int/dom_int/station;DL/ACS/D/D/LAN,,,,
,5,dom_int;D,A0,dom_int/station;D/LAX,193638,271012,71.45%,3.14%,9009617,,,dom_int,D,dom_int/station,D/LAX,sys/div/dom_int/dom_int/station;DL/ACS/D/D/LAS,,,,
,5,dom_int;D,A0,dom_int/station;D/LEX,15065,21729,69.33%,0.24%,9009617,,,dom_int,D,dom_int/station,D/LEX,sys/div/dom_int/dom_int/station;DL/ACS/D/D/LAX,,,,
,5,dom_int;D,A0,dom_int/station;D/LFT,4794,7279,65.86%,0.08%,9009617,,,dom_int,D,dom_int/station,D/LFT,sys/div/dom_int/dom_int/station;DL/ACS/D/D/LEX,,,,
,5,dom_int;D,A0,dom_int/station;D/LGA,289194,441623,65.48%,4.69%,9009617,,,dom_int,D,dom_int/station,D/LGA,sys/div/dom_int/dom_int/station;DL/ACS/D/D/LFT,,,,
,5,dom_int;D,A0,dom_int/station;D/LGB,4711,6080,77.48%,0.08%,9009617,,,dom_int,D,dom_int/station,D/LGB,sys/div/dom_int/dom_int/station;DL/ACS/D/D/LGA,,,,
,5,dom_int;D,A0,dom_int/station;D/LIH,2634,4028,65.39%,0.04%,9009617,,,dom_int,D,dom_int/station,D/LIH,sys/div/dom_int/dom_int/station;DL/ACS/D/D/LGB,,,,
,5,dom_int;D,A0,dom_int/station;D/LIT,11418,15578,73.30%,0.19%,9009617,,,dom_int,D,dom_int/station,D/LIT,sys/div/dom_int/dom_int/station;DL/ACS/D/D/LIH,,,,
,5,dom_int;D,A0,dom_int/station;D/LWS,3330,4072,81.78%,0.05%,9009617,,,dom_int,D,dom_int/station,D/LWS,sys/div/dom_int/dom_int/station;DL/ACS/D/D/LIT,,,,
,5,dom_int;D,A0,dom_int/station;D/MBS,4702,7164,65.63%,0.08%,9009617,,,dom_int,D,dom_int/station,D/MBS,sys/div/dom_int/dom_int/station;DL/ACS/D/D/LWS,,,,
,5,dom_int;D,A0,dom_int/station;D/MCI,36651,55444,66.10%,0.59%,9009617,,,dom_int,D,dom_int/station,D/MCI,sys/div/dom_int/dom_int/station;DL/ACS/D/D/MBS,,,,
,5,dom_int;D,A0,dom_int/station;D/MCO,68370,119637,57.15%,1.11%,9009617,,,dom_int,D,dom_int/station,D/MCO,sys/div/dom_int/dom_int/station;DL/ACS/D/D/MCI,,,,
,5,dom_int;D,A0,dom_int/station;D/MDT,6872,10651,64.52%,0.11%,9009617,,,dom_int,D,dom_int/station,D/MDT,sys/div/dom_int/dom_int/station;DL/ACS/D/D/MCO,,,,
,5,dom_int;D,A0,dom_int/station;D/MDW,11406,19222,59.34%,0.18%,9009617,,,dom_int,D,dom_int/station,D/MDW,sys/div/dom_int/dom_int/station;DL/ACS/D/D/MDT,,,,
,5,dom_int;D,A0,dom_int/station;D/MEM,28662,43153,66.42%,0.46%,9009617,,,dom_int,D,dom_int/station,D/MEM,sys/div/dom_int/dom_int/station;DL/ACS/D/D/MDW,,,,
,5,dom_int;D,A0,dom_int/station;D/MFE,4041,5750,70.28%,0.07%,9009617,,,dom_int,D,dom_int/station,D/MFE,sys/div/dom_int/dom_int/station;DL/ACS/D/D/MEM,,,,
,5,dom_int;D,A0,dom_int/station;D/MFR,7555,9918,76.17%,0.12%,9009617,,,dom_int,D,dom_int/station,D/MFR,sys/div/dom_int/dom_int/station;DL/ACS/D/D/MFE,,,,
,5,dom_int;D,A0,dom_int/station;D/MGM,6325,9327,67.81%,0.10%,9009617,,,dom_int,D,dom_int/station,D/MGM,sys/div/dom_int/dom_int/station;DL/ACS/D/D/MFR,,,,
,5,dom_int;D,A0,dom_int/station;D/MIA,36253,64624,56.10%,0.59%,9009617,,,dom_int,D,dom_int/station,D/MIA,sys/div/dom_int/dom_int/station;DL/ACS/D/D/MGM,,,,
,5,dom_int;D,A0,dom_int/station;D/MKE,29699,43932,67.60%,0.48%,9009617,,,dom_int,D,dom_int/station,D/MKE,sys/div/dom_int/dom_int/station;DL/ACS/D/D/MIA,,,,
,5,dom_int;D,A0,dom_int/station;D/MLB,5739,7980,71.92%,0.09%,9009617,,,dom_int,D,dom_int/station,D/MLB,sys/div/dom_int/dom_int/station;DL/ACS/D/D/MKE,,,,
,5,dom_int;D,A0,dom_int/station;D/MLI,2453,4039,60.73%,0.04%,9009617,,,dom_int,D,dom_int/station,D/MLI,sys/div/dom_int/dom_int/station;DL/ACS/D/D/MLB,,,,
,5,dom_int;D,A0,dom_int/station;D/MLU,3774,5761,65.51%,0.06%,9009617,,,dom_int,D,dom_int/station,D/MLU,sys/div/dom_int/dom_int/station;DL/ACS/D/D/MLI,,,,
,5,dom_int;D,A0,dom_int/station;D/MOB,6389,9522,67.10%,0.10%,9009617,,,dom_int,D,dom_int/station,D/MOB,sys/div/dom_int/dom_int/station;DL/ACS/D/D/MLU,,,,
,5,dom_int;D,A0,dom_int/station;D/MOT,4923,7670,64.19%,0.08%,9009617,,,dom_int,D,dom_int/station,D/MOT,sys/div/dom_int/dom_int/station;DL/ACS/D/D/MOB,,,,
,5,dom_int;D,A0,dom_int/station;D/MQT,2417,3814,63.37%,0.04%,9009617,,,dom_int,D,dom_int/station,D/MQT,sys/div/dom_int/dom_int/station;DL/ACS/D/D/MOT,,,,
,5,dom_int;D,A0,dom_int/station;D/MSN,17348,26760,64.83%,0.28%,9009617,,,dom_int,D,dom_int/station,D/MSN,sys/div/dom_int/dom_int/station;DL/ACS/D/D/MQT,,,,
,5,dom_int;D,A0,dom_int/station;D/MSO,5894,8483,69.48%,0.10%,9009617,,,dom_int,D,dom_int/station,D/MSO,sys/div/dom_int/dom_int/station;DL/ACS/D/D/MSN,,,,
,5,dom_int;D,A0,dom_int/station;D/MSP,409832,586924,69.83%,6.65%,9009617,,,dom_int,D,dom_int/station,D/MSP,sys/div/dom_int/dom_int/station;DL/ACS/D/D/MSO,,,,
,5,dom_int;D,A0,dom_int/station;D/MSY,30488,43978,69.33%,0.49%,9009617,,,dom_int,D,dom_int/station,D/MSY,sys/div/dom_int/dom_int/station;DL/ACS/D/D/MSP,,,,
,5,dom_int;D,A0,dom_int/station;D/MTJ,290,504,57.54%,0.00%,9009617,,,dom_int,D,dom_int/station,D/MTJ,sys/div/dom_int/dom_int/station;DL/ACS/D/D/MSY,,,,
,5,dom_int;D,A0,dom_int/station;D/MYR,8828,13017,67.82%,0.14%,9009617,,,dom_int,D,dom_int/station,D/MYR,sys/div/dom_int/dom_int/station;DL/ACS/D/D/MTJ,,,,
,5,dom_int;D,A0,dom_int/station;D/OAJ,4856,6961,69.76%,0.08%,9009617,,,dom_int,D,dom_int/station,D/OAJ,sys/div/dom_int/dom_int/station;DL/ACS/D/D/MYR,,,,
,5,dom_int;D,A0,dom_int/station;D/OAK,4664,5991,77.85%,0.08%,9009617,,,dom_int,D,dom_int/station,D/OAK,sys/div/dom_int/dom_int/station;DL/ACS/D/D/OAJ,,,,
,5,dom_int;D,A0,dom_int/station;D/OGG,4755,6592,72.13%,0.08%,9009617,,,dom_int,D,dom_int/station,D/OGG,sys/div/dom_int/dom_int/station;DL/ACS/D/D/OAK,,,,
,5,dom_int;D,A0,dom_int/station;D/OKC,11924,17629,67.64%,0.19%,9009617,,,dom_int,D,dom_int/station,D/OKC,sys/div/dom_int/dom_int/station;DL/ACS/D/D/OGG,,,,
,5,dom_int;D,A0,dom_int/station;D/OMA,22957,35287,65.06%,0.37%,9009617,,,dom_int,D,dom_int/station,D/OMA,sys/div/dom_int/dom_int/station;DL/ACS/D/D/OKC,,,,
,5,dom_int;D,A0,dom_int/station;D/ONT,12432,18064,68.82%,0.20%,9009617,,,dom_int,D,dom_int/station,D/ONT,sys/div/dom_int/dom_int/station;DL/ACS/D/D/OMA,,,,
,5,dom_int;D,A0,dom_int/station;D/ORD,39693,74730,53.12%,0.64%,9009617,,,dom_int,D,dom_int/station,D/ORD,sys/div/dom_int/dom_int/station;DL/ACS/D/D/ONT,,,,
,5,dom_int;D,A0,dom_int/station;D/ORF,21856,35782,61.08%,0.35%,9009617,,,dom_int,D,dom_int/station,D/ORF,sys/div/dom_int/dom_int/station;DL/ACS/D/D/ORD,,,,
,5,dom_int;D,A0,dom_int/station;D/ORH,1049,1598,65.64%,0.02%,9009617,,,dom_int,D,dom_int/station,D/ORH,sys/div/dom_int/dom_int/station;DL/ACS/D/D/ORF,,,,
,5,dom_int;D,A0,dom_int/station;D/PBI,22121,38664,57.21%,0.36%,9009617,,,dom_int,D,dom_int/station,D/PBI,sys/div/dom_int/dom_int/station;DL/ACS/D/D/ORH,,,,
,5,dom_int;D,A0,dom_int/station;D/PDX,37596,53697,70.02%,0.61%,9009617,,,dom_int,D,dom_int/station,D/PDX,sys/div/dom_int/dom_int/station;DL/ACS/D/D/PBI,,,,
,5,dom_int;D,A0,dom_int/station;D/PHL,25892,42111,61.49%,0.42%,9009617,,,dom_int,D,dom_int/station,D/PHL,sys/div/dom_int/dom_int/station;DL/ACS/D/D/PDX,,,,
,5,dom_int;D,A0,dom_int/station;D/PHX,41594,67561,61.57%,0.67%,9009617,,,dom_int,D,dom_int/station,D/PHX,sys/div/dom_int/dom_int/station;DL/ACS/D/D/PHL,,,,
,5,dom_int;D,A0,dom_int/station;D/PIH,1701,2152,79.04%,0.03%,9009617,,,dom_int,D,dom_int/station,D/PIH,sys/div/dom_int/dom_int/station;DL/ACS/D/D/PHX,,,,
,5,dom_int;D,A0,dom_int/station;D/PIT,35468,53394,66.43%,0.58%,9009617,,,dom_int,D,dom_int/station,D/PIT,sys/div/dom_int/dom_int/station;DL/ACS/D/D/PIH,,,,
,5,dom_int;D,A0,dom_int/station;D/PLN,2314,3329,69.51%,0.04%,9009617,,,dom_int,D,dom_int/station,D/PLN,sys/div/dom_int/dom_int/station;DL/ACS/D/D/PIT,,,,
,5,dom_int;D,A0,dom_int/station;D/PNS,11767,17429,67.51%,0.19%,9009617,,,dom_int,D,dom_int/station,D/PNS,sys/div/dom_int/dom_int/station;DL/ACS/D/D/PLN,,,,
,5,dom_int;D,A0,dom_int/station;D/PSC,10576,14647,72.21%,0.17%,9009617,,,dom_int,D,dom_int/station,D/PSC,sys/div/dom_int/dom_int/station;DL/ACS/D/D/PNS,,,,
,5,dom_int;D,A0,dom_int/station;D/PSP,7483,10140,73.80%,0.12%,9009617,,,dom_int,D,dom_int/station,D/PSP,sys/div/dom_int/dom_int/station;DL/ACS/D/D/PSC,,,,
,5,dom_int;D,A0,dom_int/station;D/PVD,6871,11500,59.75%,0.11%,9009617,,,dom_int,D,dom_int/station,D/PVD,sys/div/dom_int/dom_int/station;DL/ACS/D/D/PSP,,,,
,5,dom_int;D,A0,dom_int/station;D/PWM,12607,18509,68.11%,0.20%,9009617,,,dom_int,D,dom_int/station,D/PWM,sys/div/dom_int/dom_int/station;DL/ACS/D/D/PVD,,,,
,5,dom_int;D,A0,dom_int/station;D/RAP,4835,6997,69.10%,0.08%,9009617,,,dom_int,D,dom_int/station,D/RAP,sys/div/dom_int/dom_int/station;DL/ACS/D/D/PWM,,,,
,5,dom_int;D,A0,dom_int/station;D/RDM,7721,9859,78.31%,0.13%,9009617,,,dom_int,D,dom_int/station,D/RDM,sys/div/dom_int/dom_int/station;DL/ACS/D/D/RAP,,,,
,5,dom_int;D,A0,dom_int/station;D/RDU,72331,109054,66.33%,1.17%,9009617,,,dom_int,D,dom_int/station,D/RDU,sys/div/dom_int/dom_int/station;DL/ACS/D/D/RDM,,,,
,5,dom_int;D,A0,dom_int/station;D/RHI,3138,3943,79.58%,0.05%,9009617,,,dom_int,D,dom_int/station,D/RHI,sys/div/dom_int/dom_int/station;DL/ACS/D/D/RDU,,,,
,5,dom_int;D,A0,dom_int/station;D/RIC,27318,41414,65.96%,0.44%,9009617,,,dom_int,D,dom_int/station,D/RIC,sys/div/dom_int/dom_int/station;DL/ACS/D/D/RHI,,,,
,5,dom_int;D,A0,dom_int/station;D/RNO,11503,15387,74.76%,0.19%,9009617,,,dom_int,D,dom_int/station,D/RNO,sys/div/dom_int/dom_int/station;DL/ACS/D/D/RIC,,,,
,5,dom_int;D,A0,dom_int/station;D/ROA,6203,9366,66.23%,0.10%,9009617,,,dom_int,D,dom_int/station,D/ROA,sys/div/dom_int/dom_int/station;DL/ACS/D/D/RNO,,,,
,5,dom_int;D,A0,dom_int/station;D/ROC,14402,23546,61.17%,0.23%,9009617,,,dom_int,D,dom_int/station,D/ROC,sys/div/dom_int/dom_int/station;DL/ACS/D/D/ROA,,,,
,5,dom_int;D,A0,dom_int/station;D/RST,3519,5676,62.00%,0.06%,9009617,,,dom_int,D,dom_int/station,D/RST,sys/div/dom_int/dom_int/station;DL/ACS/D/D/ROC,,,,
,5,dom_int;D,A0,dom_int/station;D/RSW,25385,40573,62.57%,0.41%,9009617,,,dom_int,D,dom_int/station,D/RSW,sys/div/dom_int/dom_int/station;DL/ACS/D/D/RST,,,,
,5,dom_int;D,A0,dom_int/station;D/SAN,39036,64381,60.63%,0.63%,9009617,,,dom_int,D,dom_int/station,D/SAN,sys/div/dom_int/dom_int/station;DL/ACS/D/D/RSW,,,,
,5,dom_int;D,A0,dom_int/station;D/SAT,25101,37838,66.34%,0.41%,9009617,,,dom_int,D,dom_int/station,D/SAT,sys/div/dom_int/dom_int/station;DL/ACS/D/D/SAN,,,,
,5,dom_int;D,A0,dom_int/station;D/SAV,24018,35179,68.27%,0.39%,9009617,,,dom_int,D,dom_int/station,D/SAV,sys/div/dom_int/dom_int/station;DL/ACS/D/D/SAT,,,,
,5,dom_int;D,A0,dom_int/station;D/SBA,5322,7310,72.80%,0.09%,9009617,,,dom_int,D,dom_int/station,D/SBA,sys/div/dom_int/dom_int/station;DL/ACS/D/D/SAV,,,,
,5,dom_int;D,A0,dom_int/station;D/SBN,7144,11762,60.74%,0.12%,9009617,,,dom_int,D,dom_int/station,D/SBN,sys/div/dom_int/dom_int/station;DL/ACS/D/D/SBA,,,,
,5,dom_int;D,A0,dom_int/station;D/SDF,25487,36166,70.47%,0.41%,9009617,,,dom_int,D,dom_int/station,D/SDF,sys/div/dom_int/dom_int/station;DL/ACS/D/D/SBN,,,,
,5,dom_int;D,A0,dom_int/station;D/SEA,201573,281722,71.55%,3.27%,9009617,,,dom_int,D,dom_int/station,D/SEA,sys/div/dom_int/dom_int/station;DL/ACS/D/D/SDF,,,,
,5,dom_int;D,A0,dom_int/station;D/SFO,44265,80740,54.82%,0.72%,9009617,,,dom_int,D,dom_int/station,D/SFO,sys/div/dom_int/dom_int/station;DL/ACS/D/D/SEA,,,,
,5,dom_int;D,A0,dom_int/station;D/SGF,4593,7055,65.10%,0.07%,9009617,,,dom_int,D,dom_int/station,D/SGF,sys/div/dom_int/dom_int/station;DL/ACS/D/D/SFO,,,,
,5,dom_int;D,A0,dom_int/station;D/SGU,7744,9492,81.58%,0.13%,9009617,,,dom_int,D,dom_int/station,D/SGU,sys/div/dom_int/dom_int/station;DL/ACS/D/D/SGF,,,,
,5,dom_int;D,A0,dom_int/station;D/SHV,5658,8836,64.03%,0.09%,9009617,,,dom_int,D,dom_int/station,D/SHV,sys/div/dom_int/dom_int/station;DL/ACS/D/D/SGU,,,,
,5,dom_int;D,A0,dom_int/station;D/SJC,29807,39935,74.64%,0.48%,9009617,,,dom_int,D,dom_int/station,D/SJC,sys/div/dom_int/dom_int/station;DL/ACS/D/D/SHV,,,,
,5,dom_int;D,A0,dom_int/station;D/SJU,10936,19539,55.97%,0.18%,9009617,,,dom_int,D,dom_int/station,D/SJU,sys/div/dom_int/dom_int/station;DL/ACS/D/D/SJC,,,,
,5,dom_int;D,A0,dom_int/station;D/SLC,353455,467621,75.59%,5.73%,9009617,,,dom_int,D,dom_int/station,D/SLC,sys/div/dom_int/dom_int/station;DL/ACS/D/D/SJU,,,,
,5,dom_int;D,A0,dom_int/station;D/SMF,31472,42422,74.19%,0.51%,9009617,,,dom_int,D,dom_int/station,D/SMF,sys/div/dom_int/dom_int/station;DL/ACS/D/D/SLC,,,,
,5,dom_int;D,A0,dom_int/station;D/SNA,19743,32505,60.74%,0.32%,9009617,,,dom_int,D,dom_int/station,D/SNA,sys/div/dom_int/dom_int/station;DL/ACS/D/D/SMF,,,,
,5,dom_int;D,A0,dom_int/station;D/SRQ,11516,18220,63.21%,0.19%,9009617,,,dom_int,D,dom_int/station,D/SRQ,sys/div/dom_int/dom_int/station;DL/ACS/D/D/SNA,,,,
,5,dom_int;D,A0,dom_int/station;D/STL,29652,42874,69.16%,0.48%,9009617,,,dom_int,D,dom_int/station,D/STL,sys/div/dom_int/dom_int/station;DL/ACS/D/D/SRQ,,,,
,5,dom_int;D,A0,dom_int/station;D/STT,2730,5286,51.65%,0.04%,9009617,,,dom_int,D,dom_int/station,D/STT,sys/div/dom_int/dom_int/station;DL/ACS/D/D/STL,,,,
,5,dom_int;D,A0,dom_int/station;D/STX,283,631,44.85%,0.00%,9009617,,,dom_int,D,dom_int/station,D/STX,sys/div/dom_int/dom_int/station;DL/ACS/D/D/STT,,,,
,5,dom_int;D,A0,dom_int/station;D/SUN,5243,6288,83.38%,0.09%,9009617,,,dom_int,D,dom_int/station,D/SUN,sys/div/dom_int/dom_int/station;DL/ACS/D/D/STX,,,,
,5,dom_int;D,A0,dom_int/station;D/SYR,16143,25183,64.10%,0.26%,9009617,,,dom_int,D,dom_int/station,D/SYR,sys/div/dom_int/dom_int/station;DL/ACS/D/D/SUN,,,,
,5,dom_int;D,A0,dom_int/station;D/TLH,8109,12191,66.52%,0.13%,9009617,,,dom_int,D,dom_int/station,D/TLH,sys/div/dom_int/dom_int/station;DL/ACS/D/D/SYR,,,,
,5,dom_int;D,A0,dom_int/station;D/TPA,45738,75386,60.67%,0.74%,9009617,,,dom_int,D,dom_int/station,D/TPA,sys/div/dom_int/dom_int/station;DL/ACS/D/D/TLH,,,,
,5,dom_int;D,A0,dom_int/station;D/TRI,6582,9243,71.21%,0.11%,9009617,,,dom_int,D,dom_int/station,D/TRI,sys/div/dom_int/dom_int/station;DL/ACS/D/D/TPA,,,,
,5,dom_int;D,A0,dom_int/station;D/TUL,9264,12973,71.41%,0.15%,9009617,,,dom_int,D,dom_int/station,D/TUL,sys/div/dom_int/dom_int/station;DL/ACS/D/D/TRI,,,,
,5,dom_int;D,A0,dom_int/station;D/TUS,13037,18854,69.15%,0.21%,9009617,,,dom_int,D,dom_int/station,D/TUS,sys/div/dom_int/dom_int/station;DL/ACS/D/D/TUL,,,,
,5,dom_int;D,A0,dom_int/station;D/TVC,5727,8972,63.83%,0.09%,9009617,,,dom_int,D,dom_int/station,D/TVC,sys/div/dom_int/dom_int/station;DL/ACS/D/D/TUS,,,,
,5,dom_int;D,A0,dom_int/station;D/TWF,3677,4190,87.76%,0.06%,9009617,,,dom_int,D,dom_int/station,D/TWF,sys/div/dom_int/dom_int/station;DL/ACS/D/D/TVC,,,,
,5,dom_int;D,A0,dom_int/station;D/TYS,18284,28262,64.69%,0.30%,9009617,,,dom_int,D,dom_int/station,D/TYS,sys/div/dom_int/dom_int/station;DL/ACS/D/D/TWF,,,,
,5,dom_int;D,A0,dom_int/station;D/VLD,3712,5620,66.05%,0.06%,9009617,,,dom_int,D,dom_int/station,D/VLD,sys/div/dom_int/dom_int/station;DL/ACS/D/D/TYS,,,,
,5,dom_int;D,A0,dom_int/station;D/VPS,10699,14744,72.57%,0.17%,9009617,,,dom_int,D,dom_int/station,D/VPS,sys/div/dom_int/dom_int/station;DL/ACS/D/D/VLD,,,,
,5,dom_int;D,A0,dom_int/station;D/XNA,14049,22943,61.23%,0.23%,9009617,,,dom_int,D,dom_int/station,D/XNA,sys/div/dom_int/dom_int/station;DL/ACS/D/D/VPS,,,,
,5,dom_int;D,A0,dom_int/station;D/XWA,3295,5520,59.69%,0.05%,9009617,,,dom_int,D,dom_int/station,D/XWA,sys/div/dom_int/dom_int/station;DL/ACS/D/D/XNA,,,,
,5,dom_int;I,A0,dom_int/station;I/ACC,1101,2326,47.33%,0.19%,945380,930082,FALSE,dom_int,I,dom_int/station,I/ACC,sys/div/dom_int/dom_int/station;DL/ACS/D/D/XWA,,,,
,5,dom_int;I,A0,dom_int/station;I/AKL,539,1040,51.83%,0.09%,945380,,,dom_int,I,dom_int/station,I/AKL,sys/div/dom_int/dom_int/station;DL/ACS/I/I/ACC,,,,
,5,dom_int;I,A0,dom_int/station;I/AMS,17467,29894,58.43%,2.94%,945380,,,dom_int,I,dom_int/station,I/AMS,sys/div/dom_int/dom_int/station;DL/ACS/I/I/AKL,,,,
,5,dom_int;I,A0,dom_int/station;I/ANU,199,403,49.38%,0.03%,945380,,,dom_int,I,dom_int/station,I/ANU,sys/div/dom_int/dom_int/station;DL/ACS/I/I/AMS,,,,
,5,dom_int;I,A0,dom_int/station;I/ATH,3315,5558,59.64%,0.56%,945380,,,dom_int,I,dom_int/station,I/ATH,sys/div/dom_int/dom_int/station;DL/ACS/I/I/ANU,,,,
,5,dom_int;I,A0,dom_int/station;I/ATL,115191,170364,67.61%,19.39%,945380,,,dom_int,I,dom_int/station,I/ATL,sys/div/dom_int/dom_int/station;DL/ACS/I/I/ATH,,,,
,5,dom_int;I,A0,dom_int/station;I/AUA,3826,5634,67.91%,0.64%,945380,,,dom_int,I,dom_int/station,I/AUA,sys/div/dom_int/dom_int/station;DL/ACS/I/I/ATL,,,,
,5,dom_int;I,A0,dom_int/station;I/AUS,504,1116,45.16%,0.08%,945380,,,dom_int,I,dom_int/station,I/AUS,sys/div/dom_int/dom_int/station;DL/ACS/I/I/AUA,,,,
,5,dom_int;I,A0,dom_int/station;I/BCN,3048,5100,59.76%,0.51%,945380,,,dom_int,I,dom_int/station,I/BCN,sys/div/dom_int/dom_int/station;DL/ACS/I/I/AUS,,,,
,5,dom_int;I,A0,dom_int/station;I/BDA,1490,1997,74.61%,0.25%,945380,,,dom_int,I,dom_int/station,I/BDA,sys/div/dom_int/dom_int/station;DL/ACS/I/I/BCN,,,,
,5,dom_int;I,A0,dom_int/station;I/BGI,932,1504,61.97%,0.16%,945380,,,dom_int,I,dom_int/station,I/BGI,sys/div/dom_int/dom_int/station;DL/ACS/I/I/BDA,,,,
,5,dom_int;I,A0,dom_int/station;I/BNA,9,80,11.25%,0.00%,945380,,,dom_int,I,dom_int/station,I/BNA,sys/div/dom_int/dom_int/station;DL/ACS/I/I/BGI,,,,
,5,dom_int;I,A0,dom_int/station;I/BNE,178,367,48.50%,0.03%,945380,,,dom_int,I,dom_int/station,I/BNE,sys/div/dom_int/dom_int/station;DL/ACS/I/I/BNA,,,,
,5,dom_int;I,A0,dom_int/station;I/BOG,1649,3839,42.95%,0.28%,945380,,,dom_int,I,dom_int/station,I/BOG,sys/div/dom_int/dom_int/station;DL/ACS/I/I/BNE,,,,
,5,dom_int;I,A0,dom_int/station;I/BON,218,385,56.62%,0.04%,945380,,,dom_int,I,dom_int/station,I/BON,sys/div/dom_int/dom_int/station;DL/ACS/I/I/BOG,,,,
,5,dom_int;I,A0,dom_int/station;I/BOS,10754,18790,57.23%,1.81%,945380,,,dom_int,I,dom_int/station,I/BOS,sys/div/dom_int/dom_int/station;DL/ACS/I/I/BON,,,,
,5,dom_int;I,A0,dom_int/station;I/BRU,733,1390,52.73%,0.12%,945380,,,dom_int,I,dom_int/station,I/BRU,sys/div/dom_int/dom_int/station;DL/ACS/I/I/BOS,,,,
,5,dom_int;I,A0,dom_int/station;I/BZE,1437,2212,64.96%,0.24%,945380,,,dom_int,I,dom_int/station,I/BZE,sys/div/dom_int/dom_int/station;DL/ACS/I/I/BRU,,,,
,5,dom_int;I,A0,dom_int/station;I/CDG,13107,22389,58.54%,2.21%,945380,,,dom_int,I,dom_int/station,I/CDG,sys/div/dom_int/dom_int/station;DL/ACS/I/I/BZE,,,,
,5,dom_int;I,A0,dom_int/station;I/CPT,422,1109,38.05%,0.07%,945380,,,dom_int,I,dom_int/station,I/CPT,sys/div/dom_int/dom_int/station;DL/ACS/I/I/CDG,,,,
,5,dom_int;I,A0,dom_int/station;I/CTG,595,1037,57.38%,0.10%,945380,,,dom_int,I,dom_int/station,I/CTG,sys/div/dom_int/dom_int/station;DL/ACS/I/I/CPT,,,,
,5,dom_int;I,A0,dom_int/station;I/CUN,19162,31217,61.38%,3.23%,945380,,,dom_int,I,dom_int/station,I/CUN,sys/div/dom_int/dom_int/station;DL/ACS/I/I/CTG,,,,
,5,dom_int;I,A0,dom_int/station;I/CUR,667,998,66.83%,0.11%,945380,,,dom_int,I,dom_int/station,I/CUR,sys/div/dom_int/dom_int/station;DL/ACS/I/I/CUN,,,,
,5,dom_int;I,A0,dom_int/station;I/CVG,536,1273,42.11%,0.09%,945380,,,dom_int,I,dom_int/station,I/CVG,sys/div/dom_int/dom_int/station;DL/ACS/I/I/CUR,,,,
,5,dom_int;I,A0,dom_int/station;I/CZM,535,765,69.93%,0.09%,945380,,,dom_int,I,dom_int/station,I/CZM,sys/div/dom_int/dom_int/station;DL/ACS/I/I/CVG,,,,
,5,dom_int;I,A0,dom_int/station;I/DSS,489,1041,46.97%,0.08%,945380,,,dom_int,I,dom_int/station,I/DSS,sys/div/dom_int/dom_int/station;DL/ACS/I/I/CZM,,,,
,5,dom_int;I,A0,dom_int/station;I/DTW,30370,45712,66.44%,5.11%,945380,,,dom_int,I,dom_int/station,I/DTW,sys/div/dom_int/dom_int/station;DL/ACS/I/I/DSS,,,,
,5,dom_int;I,A0,dom_int/station;I/DUB,4530,6943,65.25%,0.76%,945380,,,dom_int,I,dom_int/station,I/DUB,sys/div/dom_int/dom_int/station;DL/ACS/I/I/DTW,,,,
,5,dom_int;I,A0,dom_int/station;I/EDI,2089,3790,55.12%,0.35%,945380,,,dom_int,I,dom_int/station,I/EDI,sys/div/dom_int/dom_int/station;DL/ACS/I/I/DUB,,,,
,5,dom_int;I,A0,dom_int/station;I/ELH,605,1027,58.91%,0.10%,945380,,,dom_int,I,dom_int/station,I/ELH,sys/div/dom_int/dom_int/station;DL/ACS/I/I/EDI,,,,
,5,dom_int;I,A0,dom_int/station;I/EZE,1195,3348,35.69%,0.20%,945380,,,dom_int,I,dom_int/station,I/EZE,sys/div/dom_int/dom_int/station;DL/ACS/I/I/ELH,,,,
,5,dom_int;I,A0,dom_int/station;I/FCO,6170,11385,54.19%,1.04%,945380,,,dom_int,I,dom_int/station,I/FCO,sys/div/dom_int/dom_int/station;DL/ACS/I/I/EZE,,,,
,5,dom_int;I,A0,dom_int/station;I/FRA,3041,5099,59.64%,0.51%,945380,,,dom_int,I,dom_int/station,I/FRA,sys/div/dom_int/dom_int/station;DL/ACS/I/I/FCO,,,,
,5,dom_int;I,A0,dom_int/station;I/GCM,1601,2360,67.84%,0.27%,945380,,,dom_int,I,dom_int/station,I/GCM,sys/div/dom_int/dom_int/station;DL/ACS/I/I/FRA,,,,
,5,dom_int;I,A0,dom_int/station;I/GDL,1589,2148,73.98%,0.27%,945380,,,dom_int,I,dom_int/station,I/GDL,sys/div/dom_int/dom_int/station;DL/ACS/I/I/GCM,,,,
,5,dom_int;I,A0,dom_int/station;I/GGT,296,577,51.30%,0.05%,945380,,,dom_int,I,dom_int/station,I/GGT,sys/div/dom_int/dom_int/station;DL/ACS/I/I/GDL,,,,
,5,dom_int;I,A0,dom_int/station;I/GIG,800,1820,43.96%,0.13%,945380,,,dom_int,I,dom_int/station,I/GIG,sys/div/dom_int/dom_int/station;DL/ACS/I/I/GGT,,,,
,5,dom_int;I,A0,dom_int/station;I/GND,184,482,38.17%,0.03%,945380,,,dom_int,I,dom_int/station,I/GND,sys/div/dom_int/dom_int/station;DL/ACS/I/I/GIG,,,,
,5,dom_int;I,A0,dom_int/station;I/GRU,2750,5750,47.83%,0.46%,945380,,,dom_int,I,dom_int/station,I/GRU,sys/div/dom_int/dom_int/station;DL/ACS/I/I/GND,,,,
,5,dom_int;I,A0,dom_int/station;I/GUA,1032,2257,45.72%,0.17%,945380,,,dom_int,I,dom_int/station,I/GUA,sys/div/dom_int/dom_int/station;DL/ACS/I/I/GRU,,,,
,5,dom_int;I,A0,dom_int/station;I/HAV,1714,3144,54.52%,0.29%,945380,,,dom_int,I,dom_int/station,I/HAV,sys/div/dom_int/dom_int/station;DL/ACS/I/I/GUA,,,,
,5,dom_int;I,A0,dom_int/station;I/HND,6995,12071,57.95%,1.18%,945380,,,dom_int,I,dom_int/station,I/HND,sys/div/dom_int/dom_int/station;DL/ACS/I/I/HAV,,,,
,5,dom_int;I,A0,dom_int/station;I/HNL,1539,2017,76.30%,0.26%,945380,,,dom_int,I,dom_int/station,I/HNL,sys/div/dom_int/dom_int/station;DL/ACS/I/I/HND,,,,
,5,dom_int;I,A0,dom_int/station;I/ICN,6978,11552,60.41%,1.17%,945380,,,dom_int,I,dom_int/station,I/ICN,sys/div/dom_int/dom_int/station;DL/ACS/I/I/HNL,,,,
,5,dom_int;I,A0,dom_int/station;I/IND,71,86,82.56%,0.01%,945380,,,dom_int,I,dom_int/station,I/IND,sys/div/dom_int/dom_int/station;DL/ACS/I/I/ICN,,,,
,5,dom_int;I,A0,dom_int/station;I/JFK,58586,90775,64.54%,9.86%,945380,,,dom_int,I,dom_int/station,I/JFK,sys/div/dom_int/dom_int/station;DL/ACS/I/I/IND,,,,
,5,dom_int;I,A0,dom_int/station;I/JNB,693,1759,39.40%,0.12%,945380,,,dom_int,I,dom_int/station,I/JNB,sys/div/dom_int/dom_int/station;DL/ACS/I/I/JFK,,,,
,5,dom_int;I,A0,dom_int/station;I/KIN,858,2003,42.84%,0.14%,945380,,,dom_int,I,dom_int/station,I/KIN,sys/div/dom_int/dom_int/station;DL/ACS/I/I/JNB,,,,
,5,dom_int;I,A0,dom_int/station;I/LAS,24,72,33.33%,0.00%,945380,,,dom_int,I,dom_int/station,I/LAS,sys/div/dom_int/dom_int/station;DL/ACS/I/I/KIN,,,,
,5,dom_int;I,A0,dom_int/station;I/LAX,10586,15695,67.45%,1.78%,945380,,,dom_int,I,dom_int/station,I/LAX,sys/div/dom_int/dom_int/station;DL/ACS/I/I/LAS,,,,
,5,dom_int;I,A0,dom_int/station;I/LGA,12357,17977,68.74%,2.08%,945380,,,dom_int,I,dom_int/station,I/LGA,sys/div/dom_int/dom_int/station;DL/ACS/I/I/LAX,,,,
,5,dom_int;I,A0,dom_int/station;I/LHR,11887,19669,60.44%,2.00%,945380,,,dom_int,I,dom_int/station,I/LHR,sys/div/dom_int/dom_int/station;DL/ACS/I/I/LGA,,,,
,5,dom_int;I,A0,dom_int/station;I/LIM,1102,2360,46.69%,0.19%,945380,,,dom_int,I,dom_int/station,I/LIM,sys/div/dom_int/dom_int/station;DL/ACS/I/I/LHR,,,,
,5,dom_int;I,A0,dom_int/station;I/LIR,2258,3506,64.40%,0.38%,945380,,,dom_int,I,dom_int/station,I/LIR,sys/div/dom_int/dom_int/station;DL/ACS/I/I/LIM,,,,
,5,dom_int;I,A0,dom_int/station;I/LIS,2188,3753,58.30%,0.37%,945380,,,dom_int,I,dom_int/station,I/LIS,sys/div/dom_int/dom_int/station;DL/ACS/I/I/LIR,,,,
,5,dom_int;I,A0,dom_int/station;I/LOS,308,2311,13.33%,0.05%,945380,,,dom_int,I,dom_int/station,I/LOS,sys/div/dom_int/dom_int/station;DL/ACS/I/I/LIS,,,,
,5,dom_int;I,A0,dom_int/station;I/MAD,1999,3987,50.14%,0.34%,945380,,,dom_int,I,dom_int/station,I/MAD,sys/div/dom_int/dom_int/station;DL/ACS/I/I/LOS,,,,
,5,dom_int;I,A0,dom_int/station;I/MBJ,5263,8137,64.68%,0.89%,945380,,,dom_int,I,dom_int/station,I/MBJ,sys/div/dom_int/dom_int/station;DL/ACS/I/I/MAD,,,,
,5,dom_int;I,A0,dom_int/station;I/MCI,4,86,4.65%,0.00%,945380,,,dom_int,I,dom_int/station,I/MCI,sys/div/dom_int/dom_int/station;DL/ACS/I/I/MBJ,,,,
,5,dom_int;I,A0,dom_int/station;I/MCO,358,882,40.59%,0.06%,945380,,,dom_int,I,dom_int/station,I/MCO,sys/div/dom_int/dom_int/station;DL/ACS/I/I/MCI,,,,
,5,dom_int;I,A0,dom_int/station;I/MEL,173,359,48.19%,0.03%,945380,,,dom_int,I,dom_int/station,I/MEL,sys/div/dom_int/dom_int/station;DL/ACS/I/I/MCO,,,,
,5,dom_int;I,A0,dom_int/station;I/MEX,11651,17184,67.80%,1.96%,945380,,,dom_int,I,dom_int/station,I/MEX,sys/div/dom_int/dom_int/station;DL/ACS/I/I/MEL,,,,
,5,dom_int;I,A0,dom_int/station;I/MHH,537,975,55.08%,0.09%,945380,,,dom_int,I,dom_int/station,I/MHH,sys/div/dom_int/dom_int/station;DL/ACS/I/I/MEX,,,,
,5,dom_int;I,A0,dom_int/station;I/MIA,2206,3144,70.17%,0.37%,945380,,,dom_int,I,dom_int/station,I/MIA,sys/div/dom_int/dom_int/station;DL/ACS/I/I/MHH,,,,
,5,dom_int;I,A0,dom_int/station;I/MSP,31654,48094,65.82%,5.33%,945380,,,dom_int,I,dom_int/station,I/MSP,sys/div/dom_int/dom_int/station;DL/ACS/I/I/MIA,,,,
,5,dom_int;I,A0,dom_int/station;I/MTY,1470,2032,72.34%,0.25%,945380,,,dom_int,I,dom_int/station,I/MTY,sys/div/dom_int/dom_int/station;DL/ACS/I/I/MSP,,,,
,5,dom_int;I,A0,dom_int/station;I/MUC,1598,2848,56.11%,0.27%,945380,,,dom_int,I,dom_int/station,I/MUC,sys/div/dom_int/dom_int/station;DL/ACS/I/I/MTY,,,,
,5,dom_int;I,A0,dom_int/station;I/MXP,2917,5003,58.31%,0.49%,945380,,,dom_int,I,dom_int/station,I/MXP,sys/div/dom_int/dom_int/station;DL/ACS/I/I/MUC,,,,
,5,dom_int;I,A0,dom_int/station;I/MZT,37,66,56.06%,0.01%,945380,,,dom_int,I,dom_int/station,I/MZT,sys/div/dom_int/dom_int/station;DL/ACS/I/I/MXP,,,,
,5,dom_int;I,A0,dom_int/station;I/NAS,6324,9224,68.56%,1.06%,945380,,,dom_int,I,dom_int/station,I/NAS,sys/div/dom_int/dom_int/station;DL/ACS/I/I/MZT,,,,
,5,dom_int;I,A0,dom_int/station;I/PLS,2338,3842,60.85%,0.39%,945380,,,dom_int,I,dom_int/station,I/PLS,sys/div/dom_int/dom_int/station;DL/ACS/I/I/NAS,,,,
,5,dom_int;I,A0,dom_int/station;I/POP,514,725,70.90%,0.09%,945380,,,dom_int,I,dom_int/station,I/POP,sys/div/dom_int/dom_int/station;DL/ACS/I/I/PLS,,,,
,5,dom_int;I,A0,dom_int/station;I/PTY,1268,2295,55.25%,0.21%,945380,,,dom_int,I,dom_int/station,I/PTY,sys/div/dom_int/dom_int/station;DL/ACS/I/I/POP,,,,
,5,dom_int;I,A0,dom_int/station;I/PUJ,6799,11140,61.03%,1.14%,945380,,,dom_int,I,dom_int/station,I/PUJ,sys/div/dom_int/dom_int/station;DL/ACS/I/I/PTY,,,,
,5,dom_int;I,A0,dom_int/station;I/PVG,2201,4880,45.10%,0.37%,945380,,,dom_int,I,dom_int/station,I/PVG,sys/div/dom_int/dom_int/station;DL/ACS/I/I/PUJ,,,,
,5,dom_int;I,A0,dom_int/station;I/PVR,5267,7885,66.80%,0.89%,945380,,,dom_int,I,dom_int/station,I/PVR,sys/div/dom_int/dom_int/station;DL/ACS/I/I/PVG,,,,
,5,dom_int;I,A0,dom_int/station;I/RAK,321,531,60.45%,0.05%,945380,,,dom_int,I,dom_int/station,I/RAK,sys/div/dom_int/dom_int/station;DL/ACS/I/I/PVR,,,,
,5,dom_int;I,A0,dom_int/station;I/RDU,24,86,27.91%,0.00%,945380,,,dom_int,I,dom_int/station,I/RDU,sys/div/dom_int/dom_int/station;DL/ACS/I/I/RAK,,,,
,5,dom_int;I,A0,dom_int/station;I/RTB,285,426,66.90%,0.05%,945380,,,dom_int,I,dom_int/station,I/RTB,sys/div/dom_int/dom_int/station;DL/ACS/I/I/RDU,,,,
,5,dom_int;I,A0,dom_int/station;I/SAL,1116,2027,55.06%,0.19%,945380,,,dom_int,I,dom_int/station,I/SAL,sys/div/dom_int/dom_int/station;DL/ACS/I/I/RTB,,,,
,5,dom_int;I,A0,dom_int/station;I/SAP,1080,2021,53.44%,0.18%,945380,,,dom_int,I,dom_int/station,I/SAP,sys/div/dom_int/dom_int/station;DL/ACS/I/I/SAL,,,,
,5,dom_int;I,A0,dom_int/station;I/SCL,834,2356,35.40%,0.14%,945380,,,dom_int,I,dom_int/station,I/SCL,sys/div/dom_int/dom_int/station;DL/ACS/I/I/SAP,,,,
,5,dom_int;I,A0,dom_int/station;I/SDQ,4199,8030,52.29%,0.71%,945380,,,dom_int,I,dom_int/station,I/SDQ,sys/div/dom_int/dom_int/station;DL/ACS/I/I/SCL,,,,
,5,dom_int;I,A0,dom_int/station;I/SEA,21779,30229,72.05%,3.67%,945380,,,dom_int,I,dom_int/station,I/SEA,sys/div/dom_int/dom_int/station;DL/ACS/I/I/SDQ,,,,
,5,dom_int;I,A0,dom_int/station;I/SJD,7884,11258,70.03%,1.33%,945380,,,dom_int,I,dom_int/station,I/SJD,sys/div/dom_int/dom_int/station;DL/ACS/I/I/SEA,,,,
,5,dom_int;I,A0,dom_int/station;I/SJO,1651,3233,51.07%,0.28%,945380,,,dom_int,I,dom_int/station,I/SJO,sys/div/dom_int/dom_int/station;DL/ACS/I/I/SJD,,,,
,5,dom_int;I,A0,dom_int/station;I/SKB,133,260,51.15%,0.02%,945380,,,dom_int,I,dom_int/station,I/SKB,sys/div/dom_int/dom_int/station;DL/ACS/I/I/SJO,,,,
,5,dom_int;I,A0,dom_int/station;I/SLC,17659,24935,70.82%,2.97%,945380,,,dom_int,I,dom_int/station,I/SLC,sys/div/dom_int/dom_int/station;DL/ACS/I/I/SKB,,,,
,5,dom_int;I,A0,dom_int/station;I/STI,3097,5955,52.01%,0.52%,945380,,,dom_int,I,dom_int/station,I/STI,sys/div/dom_int/dom_int/station;DL/ACS/I/I/SLC,,,,
,5,dom_int;I,A0,dom_int/station;I/SVD,333,478,69.67%,0.06%,945380,,,dom_int,I,dom_int/station,I/SVD,sys/div/dom_int/dom_int/station;DL/ACS/I/I/STI,,,,
,5,dom_int;I,A0,dom_int/station;I/SXM,1260,2752,45.78%,0.21%,945380,,,dom_int,I,dom_int/station,I/SXM,sys/div/dom_int/dom_int/station;DL/ACS/I/I/SVD,,,,
,5,dom_int;I,A0,dom_int/station;I/SYD,763,2325,32.82%,0.13%,945380,,,dom_int,I,dom_int/station,I/SYD,sys/div/dom_int/dom_int/station;DL/ACS/I/I/SXM,,,,
,5,dom_int;I,A0,dom_int/station;I/TLV,737,1536,47.98%,0.12%,945380,,,dom_int,I,dom_int/station,I/TLV,sys/div/dom_int/dom_int/station;DL/ACS/I/I/SYD,,,,
,5,dom_int;I,A0,dom_int/station;I/TPA,405,1123,36.06%,0.07%,945380,,,dom_int,I,dom_int/station,I/TPA,sys/div/dom_int/dom_int/station;DL/ACS/I/I/TLV,,,,
,5,dom_int;I,A0,dom_int/station;I/TPE,1069,2014,53.08%,0.18%,945380,,,dom_int,I,dom_int/station,I/TPE,sys/div/dom_int/dom_int/station;DL/ACS/I/I/TPA,,,,
,5,dom_int;I,A0,dom_int/station;I/TQO,1356,1870,72.51%,0.23%,945380,,,dom_int,I,dom_int/station,I/TQO,sys/div/dom_int/dom_int/station;DL/ACS/I/I/TPE,,,,
,5,dom_int;I,A0,dom_int/station;I/UIO,932,2043,45.62%,0.16%,945380,,,dom_int,I,dom_int/station,I/UIO,sys/div/dom_int/dom_int/station;DL/ACS/I/I/TQO,,,,
,5,dom_int;I,A0,dom_int/station;I/UVF,1153,2041,56.49%,0.19%,945380,,,dom_int,I,dom_int/station,I/UVF,sys/div/dom_int/dom_int/station;DL/ACS/I/I/UIO,,,,
,5,dom_int;I,A0,dom_int/station;I/VCE,1539,2946,52.24%,0.26%,945380,,,dom_int,I,dom_int/station,I/VCE,sys/div/dom_int/dom_int/station;DL/ACS/I/I/UVF,,,,
,5,dom_int;I,A0,dom_int/station;I/YUL,11449,18352,62.39%,1.93%,945380,,,dom_int,I,dom_int/station,I/YUL,sys/div/dom_int/dom_int/station;DL/ACS/I/I/VCE,,,,
,5,dom_int;I,A0,dom_int/station;I/YVR,11506,18797,61.21%,1.94%,945380,,,dom_int,I,dom_int/station,I/YVR,sys/div/dom_int/dom_int/station;DL/ACS/I/I/YUL,,,,
,5,dom_int;I,A0,dom_int/station;I/YWG,4358,6832,63.79%,0.73%,945380,,,dom_int,I,dom_int/station,I/YWG,sys/div/dom_int/dom_int/station;DL/ACS/I/I/YVR,,,,
,5,dom_int;I,A0,dom_int/station;I/YYC,5006,7491,66.83%,0.84%,945380,,,dom_int,I,dom_int/station,I/YYC,sys/div/dom_int/dom_int/station;DL/ACS/I/I/YWG,,,,
,5,dom_int;I,A0,dom_int/station;I/YYZ,23924,39309,60.86%,4.03%,945380,,,dom_int,I,dom_int/station,I/YYZ,sys/div/dom_int/dom_int/station;DL/ACS/I/I/YYC,,,,
,5,dom_int;I,A0,dom_int/station;I/ZRH,1510,2762,54.67%,0.25%,945380,,,dom_int,I,dom_int/station,I/ZRH,sys/div/dom_int/dom_int/station;DL/ACS/I/I/YYZ,,,,
,6,carrier/dom_int;DC/D,A0,carrier/dom_int/station;DC/D/ABE,3682,5774,63.77%,0.16%,3313841,3304313,FALSE,carrier/dom_int,DC/D,carrier/dom_int/station,DC/D/ABE,sys/div/dom_int/dom_int/station;DL/ACS/I/I/ZRH,,,,
,6,carrier/dom_int;DC/D,A0,carrier/dom_int/station;DC/D/ABQ,9523,11878,80.17%,0.41%,3313841,,,carrier/dom_int,DC/D,carrier/dom_int/station,DC/D/ABQ,sys/div/dom_int/carrier/carrier/dom_int/station;DL/ACS/D/DC/DC/D/ABE,,,,
,6,carrier/dom_int;DC/D,A0,carrier/dom_int/station;DC/D/ABR,3270,4210,77.67%,0.14%,3313841,,,carrier/dom_int,DC/D,carrier/dom_int/station,DC/D/ABR,sys/div/dom_int/carrier/carrier/dom_int/station;DL/ACS/D/DC/DC/D/ABQ,,,,
,6,carrier/dom_int;DC/D,A0,carrier/dom_int/station;DC/D/ABY,3704,5631,65.78%,0.16%,3313841,,,carrier/dom_int,DC/D,carrier/dom_int/station,DC/D/ABY,sys/div/dom_int/carrier/carrier/dom_int/station;DL/ACS/D/DC/DC/D/ABR,,,,
,6,carrier/dom_int;DC/D,A0,carrier/dom_int/station;DC/D/AEX,4107,5783,71.02%,0.18%,3313841,,,carrier/dom_int,DC/D,carrier/dom_int/station,DC/D/AEX,sys/div/dom_int/carrier/carrier/dom_int/station;DL/ACS/D/DC/DC/D/ABY,,,,
,6,carrier/dom_int;DC/D,A0,carrier/dom_int/station;DC/D/AGS,6903,10225,67.51%,0.30%,3313841,,,carrier/dom_int,DC/D,carrier/dom_int/station,DC/D/AGS,sys/div/dom_int/carrier/carrier/dom_int/station;DL/ACS/D/DC/DC/D/AEX,,,,
,6,carrier/dom_int;DC/D,A0,carrier/dom_int/station;DC/D/ALB,5552,8856,62.69%,0.24%,3313841,,,carrier/dom_int,DC/D,carrier/dom_int/station,DC/D/ALB,sys/div/dom_int/carrier/carrier/dom_int/station;DL/ACS/D/DC/DC/D/AGS,,,,
,6,carrier/dom_int;DC/D,A0,carrier/dom_int/station;DC/D/APN,2477,3353,73.87%,0.11%,3313841,,,carrier/dom_int,DC/D,carrier/dom_int/station,DC/D/APN,sys/div/dom_int/carrier/carrier/dom_int/station;DL/ACS/D/DC/DC/D/ALB,,,,
,6,carrier/dom_int;DC/D,A0,carrier/dom_int/station;DC/D/ASE,2578,4481,57.53%,0.11%,3313841,,,carrier/dom_int,DC/D,carrier/dom_int/station,DC/D/ASE,sys/div/dom_int/carrier/carrier/dom_int/station;DL/ACS/D/DC/DC/D/APN,,,,
,6,carrier/dom_int;DC/D,A0,carrier/dom_int/station;DC/D/ATL,155065,218252,71.05%,6.72%,3313841,,,carrier/dom_int,DC/D,carrier/dom_int/station,DC/D/ATL,sys/div/dom_int/carrier/carrier/dom_int/station;DL/ACS/D/DC/DC/D/ASE,,,,
,6,carrier/dom_int;DC/D,A0,carrier/dom_int/station;DC/D/ATW,7511,11288,66.54%,0.33%,3313841,,,carrier/dom_int,DC/D,carrier/dom_int/station,DC/D/ATW,sys/div/dom_int/carrier/carrier/dom_int/station;DL/ACS/D/DC/DC/D/ATL,,,,
,6,carrier/dom_int;DC/D,A0,carrier/dom_int/station;DC/D/ATY,1439,1766,81.48%,0.06%,3313841,,,carrier/dom_int,DC/D,carrier/dom_int/station,DC/D/ATY,sys/div/dom_int/carrier/carrier/dom_int/station;DL/ACS/D/DC/DC/D/ATW,,,,
,6,carrier/dom_int;DC/D,A0,carrier/dom_int/station;DC/D/AUS,26676,36716,72.65%,1.16%,3313841,,,carrier/dom_int,DC/D,carrier/dom_int/station,DC/D/AUS,sys/div/dom_int/carrier/carrier/dom_int/station;DL/ACS/D/DC/DC/D/ATY,,,,
,6,carrier/dom_int;DC/D,A0,carrier/dom_int/station;DC/D/AVL,3670,5455,67.28%,0.16%,3313841,,,carrier/dom_int,DC/D,carrier/dom_int/station,DC/D/AVL,sys/div/dom_int/carrier/carrier/dom_int/station;DL/ACS/D/DC/DC/D/AUS,,,,
,6,carrier/dom_int;DC/D,A0,carrier/dom_int/station;DC/D/AZO,3573,5528,64.63%,0.15%,3313841,,,carrier/dom_int,DC/D,carrier/dom_int/station,DC/D/AZO,sys/div/dom_int/carrier/carrier/dom_int/station;DL/ACS/D/DC/DC/D/AVL,,,,
,6,carrier/dom_int;DC/D,A0,carrier/dom_int/station;DC/D/BGM,1160,1700,68.24%,0.05%,3313841,,,carrier/dom_int,DC/D,carrier/dom_int/station,DC/D/BGM,sys/div/dom_int/carrier/carrier/dom_int/station;DL/ACS/D/DC/DC/D/AZO,,,,
,6,carrier/dom_int;DC/D,A0,carrier/dom_int/station;DC/D/BGR,5007,7032,71.20%,0.22%,3313841,,,carrier/dom_int,DC/D,carrier/dom_int/station,DC/D/BGR,sys/div/dom_int/carrier/carrier/dom_int/station;DL/ACS/D/DC/DC/D/BGM,,,,
,6,carrier/dom_int;DC/D,A0,carrier/dom_int/station;DC/D/BHM,5988,9593,62.42%,0.26%,3313841,,,carrier/dom_int,DC/D,carrier/dom_int/station,DC/D/BHM,sys/div/dom_int/carrier/carrier/dom_int/station;DL/ACS/D/DC/DC/D/BGR,,,,
,6,carrier/dom_int;DC/D,A0,carrier/dom_int/station;DC/D/BIL,3201,3926,81.53%,0.14%,3313841,,,carrier/dom_int,DC/D,carrier/dom_int/station,DC/D/BIL,sys/div/dom_int/carrier/carrier/dom_int/station;DL/ACS/D/DC/DC/D/BHM,,,,
,6,carrier/dom_int;DC/D,A0,carrier/dom_int/station;DC/D/BIS,5121,7331,69.85%,0.22%,3313841,,,carrier/dom_int,DC/D,carrier/dom_int/station,DC/D/BIS,sys/div/dom_int/carrier/carrier/dom_int/station;DL/ACS/D/DC/DC/D/BIL,,,,
,6,carrier/dom_int;DC/D,A0,carrier/dom_int/station;DC/D/BJI,3028,4037,75.01%,0.13%,3313841,,,carrier/dom_int,DC/D,carrier/dom_int/station,DC/D/BJI,sys/div/dom_int/carrier/carrier/dom_int/station;DL/ACS/D/DC/DC/D/BIS,,,,
,6,carrier/dom_int;DC/D,A0,carrier/dom_int/station;DC/D/BMI,2842,4301,66.08%,0.12%,3313841,,,carrier/dom_int,DC/D,carrier/dom_int/station,DC/D/BMI,sys/div/dom_int/carrier/carrier/dom_int/station;DL/ACS/D/DC/DC/D/BJI,,,,
,6,carrier/dom_int;DC/D,A0,carrier/dom_int/station;DC/D/BNA,21075,31301,67.33%,0.91%,3313841,,,carrier/dom_int,DC/D,carrier/dom_int/station,DC/D/BNA,sys/div/dom_int/carrier/carrier/dom_int/station;DL/ACS/D/DC/DC/D/BMI,,,,
,6,carrier/dom_int;DC/D,A0,carrier/dom_int/station;DC/D/BOI,15139,19504,77.62%,0.66%,3313841,,,carrier/dom_int,DC/D,carrier/dom_int/station,DC/D/BOI,sys/div/dom_int/carrier/carrier/dom_int/station;DL/ACS/D/DC/DC/D/BNA,,,,
,6,carrier/dom_int;DC/D,A0,carrier/dom_int/station;DC/D/BOS,86575,128762,67.24%,3.75%,3313841,,,carrier/dom_int,DC/D,carrier/dom_int/station,DC/D/BOS,sys/div/dom_int/carrier/carrier/dom_int/station;DL/ACS/D/DC/DC/D/BOI,,,,
,6,carrier/dom_int;DC/D,A0,carrier/dom_int/station;DC/D/BQK,4124,5920,69.66%,0.18%,3313841,,,carrier/dom_int,DC/D,carrier/dom_int/station,DC/D/BQK,sys/div/dom_int/carrier/carrier/dom_int/station;DL/ACS/D/DC/DC/D/BOS,,,,
,6,carrier/dom_int;DC/D,A0,carrier/dom_int/station;DC/D/BRD,2572,3464,74.25%,0.11%,3313841,,,carrier/dom_int,DC/D,carrier/dom_int/station,DC/D/BRD,sys/div/dom_int/carrier/carrier/dom_int/station;DL/ACS/D/DC/DC/D/BQK,,,,
,6,carrier/dom_int;DC/D,A0,carrier/dom_int/station;DC/D/BTM,1664,2006,82.95%,0.07%,3313841,,,carrier/dom_int,DC/D,carrier/dom_int/station,DC/D/BTM,sys/div/dom_int/carrier/carrier/dom_int/station;DL/ACS/D/DC/DC/D/BRD,,,,
,6,carrier/dom_int;DC/D,A0,carrier/dom_int/station;DC/D/BTR,2466,3763,65.53%,0.11%,3313841,,,carrier/dom_int,DC/D,carrier/dom_int/station,DC/D/BTR,sys/div/dom_int/carrier/carrier/dom_int/station;DL/ACS/D/DC/DC/D/BTM,,,,
,6,carrier/dom_int;DC/D,A0,carrier/dom_int/station;DC/D/BTV,7811,12112,64.49%,0.34%,3313841,,,carrier/dom_int,DC/D,carrier/dom_int/station,DC/D/BTV,sys/div/dom_int/carrier/carrier/dom_int/station;DL/ACS/D/DC/DC/D/BTR,,,,
,6,carrier/dom_int;DC/D,A0,carrier/dom_int/station;DC/D/BUF,14347,20280,70.74%,0.62%,3313841,,,carrier/dom_int,DC/D,carrier/dom_int/station,DC/D/BUF,sys/div/dom_int/carrier/carrier/dom_int/station;DL/ACS/D/DC/DC/D/BTV,,,,
,6,carrier/dom_int;DC/D,A0,carrier/dom_int/station;DC/D/BUR,3961,5442,72.79%,0.17%,3313841,,,carrier/dom_int,DC/D,carrier/dom_int/station,DC/D/BUR,sys/div/dom_int/carrier/carrier/dom_int/station;DL/ACS/D/DC/DC/D/BUF,,,,
,6,carrier/dom_int;DC/D,A0,carrier/dom_int/station;DC/D/BWI,4509,6016,74.95%,0.20%,3313841,,,carrier/dom_int,DC/D,carrier/dom_int/station,DC/D/BWI,sys/div/dom_int/carrier/carrier/dom_int/station;DL/ACS/D/DC/DC/D/BUR,,,,
,6,carrier/dom_int;DC/D,A0,carrier/dom_int/station;DC/D/BZN,5966,8237,72.43%,0.26%,3313841,,,carrier/dom_int,DC/D,carrier/dom_int/station,DC/D/BZN,sys/div/dom_int/carrier/carrier/dom_int/station;DL/ACS/D/DC/DC/D/BWI,,,,
,6,carrier/dom_int;DC/D,A0,carrier/dom_int/station;DC/D/CAE,4802,7356,65.28%,0.21%,3313841,,,carrier/dom_int,DC/D,carrier/dom_int/station,DC/D/CAE,sys/div/dom_int/carrier/carrier/dom_int/station;DL/ACS/D/DC/DC/D/BZN,,,,
,6,carrier/dom_int;DC/D,A0,carrier/dom_int/station;DC/D/CDC,2934,3492,84.02%,0.13%,3313841,,,carrier/dom_int,DC/D,carrier/dom_int/station,DC/D/CDC,sys/div/dom_int/carrier/carrier/dom_int/station;DL/ACS/D/DC/DC/D/CAE,,,,
,6,carrier/dom_int;DC/D,A0,carrier/dom_int/station;DC/D/CHA,9711,14408,67.40%,0.42%,3313841,,,carrier/dom_int,DC/D,carrier/dom_int/station,DC/D/CHA,sys/div/dom_int/carrier/carrier/dom_int/station;DL/ACS/D/DC/DC/D/CDC,,,,
,6,carrier/dom_int;DC/D,A0,carrier/dom_int/station;DC/D/CHO,6332,9642,65.67%,0.27%,3313841,,,carrier/dom_int,DC/D,carrier/dom_int/station,DC/D/CHO,sys/div/dom_int/carrier/carrier/dom_int/station;DL/ACS/D/DC/DC/D/CHA,,,,
,6,carrier/dom_int;DC/D,A0,carrier/dom_int/station;DC/D/CHS,9215,15059,61.19%,0.40%,3313841,,,carrier/dom_int,DC/D,carrier/dom_int/station,DC/D/CHS,sys/div/dom_int/carrier/carrier/dom_int/station;DL/ACS/D/DC/DC/D/CHO,,,,
,6,carrier/dom_int;DC/D,A0,carrier/dom_int/station;DC/D/CID,3163,5776,54.76%,0.14%,3313841,,,carrier/dom_int,DC/D,carrier/dom_int/station,DC/D/CID,sys/div/dom_int/carrier/carrier/dom_int/station;DL/ACS/D/DC/DC/D/CHS,,,,
,6,carrier/dom_int;DC/D,A0,carrier/dom_int/station;DC/D/CIU,2580,3869,66.68%,0.11%,3313841,,,carrier/dom_int,DC/D,carrier/dom_int/station,DC/D/CIU,sys/div/dom_int/carrier/carrier/dom_int/station;DL/ACS/D/DC/DC/D/CID,,,,
,6,carrier/dom_int;DC/D,A0,carrier/dom_int/station;DC/D/CLE,21639,33151,65.27%,0.94%,3313841,,,carrier/dom_int,DC/D,carrier/dom_int/station,DC/D/CLE,sys/div/dom_int/carrier/carrier/dom_int/station;DL/ACS/D/DC/DC/D/CIU,,,,
,6,carrier/dom_int;DC/D,A0,carrier/dom_int/station;DC/D/CLT,17664,25281,69.87%,0.76%,3313841,,,carrier/dom_int,DC/D,carrier/dom_int/station,DC/D/CLT,sys/div/dom_int/carrier/carrier/dom_int/station;DL/ACS/D/DC/DC/D/CLE,,,,
,6,carrier/dom_int;DC/D,A0,carrier/dom_int/station;DC/D/CMH,22747,33761,67.38%,0.99%,3313841,,,carrier/dom_int,DC/D,carrier/dom_int/station,DC/D/CMH,sys/div/dom_int/carrier/carrier/dom_int/station;DL/ACS/D/DC/DC/D/CLT,,,,
,6,carrier/dom_int;DC/D,A0,carrier/dom_int/station;DC/D/COS,2901,3999,72.54%,0.13%,3313841,,,carrier/dom_int,DC/D,carrier/dom_int/station,DC/D/COS,sys/div/dom_int/carrier/carrier/dom_int/station;DL/ACS/D/DC/DC/D/CMH,,,,
,6,carrier/dom_int;DC/D,A0,carrier/dom_int/station;DC/D/CRW,4428,7235,61.20%,0.19%,3313841,,,carrier/dom_int,DC/D,carrier/dom_int/station,DC/D/CRW,sys/div/dom_int/carrier/carrier/dom_int/station;DL/ACS/D/DC/DC/D/COS,,,,
,6,carrier/dom_int;DC/D,A0,carrier/dom_int/station;DC/D/CSG,1883,3136,60.04%,0.08%,3313841,,,carrier/dom_int,DC/D,carrier/dom_int/station,DC/D/CSG,sys/div/dom_int/carrier/carrier/dom_int/station;DL/ACS/D/DC/DC/D/CRW,,,,
,6,carrier/dom_int;DC/D,A0,carrier/dom_int/station;DC/D/CVG,31321,47136,66.45%,1.36%,3313841,,,carrier/dom_int,DC/D,carrier/dom_int/station,DC/D/CVG,sys/div/dom_int/carrier/carrier/dom_int/station;DL/ACS/D/DC/DC/D/CSG,,,,
,6,carrier/dom_int;DC/D,A0,carrier/dom_int/station;DC/D/CWA,2800,4028,69.51%,0.12%,3313841,,,carrier/dom_int,DC/D,carrier/dom_int/station,DC/D/CWA,sys/div/dom_int/carrier/carrier/dom_int/station;DL/ACS/D/DC/DC/D/CVG,,,,
,6,carrier/dom_int;DC/D,A0,carrier/dom_int/station;DC/D/DAY,392,646,60.68%,0.02%,3313841,,,carrier/dom_int,DC/D,carrier/dom_int/station,DC/D/DAY,sys/div/dom_int/carrier/carrier/dom_int/station;DL/ACS/D/DC/DC/D/CWA,,,,
,6,carrier/dom_int;DC/D,A0,carrier/dom_int/station;DC/D/DCA,33945,55793,60.84%,1.47%,3313841,,,carrier/dom_int,DC/D,carrier/dom_int/station,DC/D/DCA,sys/div/dom_int/carrier/carrier/dom_int/station;DL/ACS/D/DC/DC/D/DAY,,,,
,6,carrier/dom_int;DC/D,A0,carrier/dom_int/station;DC/D/DEN,3245,4466,72.66%,0.14%,3313841,,,carrier/dom_int,DC/D,carrier/dom_int/station,DC/D/DEN,sys/div/dom_int/carrier/carrier/dom_int/station;DL/ACS/D/DC/DC/D/DCA,,,,
,6,carrier/dom_int;DC/D,A0,carrier/dom_int/station;DC/D/DHN,3785,5612,67.44%,0.16%,3313841,,,carrier/dom_int,DC/D,carrier/dom_int/station,DC/D/DHN,sys/div/dom_int/carrier/carrier/dom_int/station;DL/ACS/D/DC/DC/D/DEN,,,,
,6,carrier/dom_int;DC/D,A0,carrier/dom_int/station;DC/D/DLH,5422,7712,70.31%,0.23%,3313841,,,carrier/dom_int,DC/D,carrier/dom_int/station,DC/D/DLH,sys/div/dom_int/carrier/carrier/dom_int/station;DL/ACS/D/DC/DC/D/DHN,,,,
,6,carrier/dom_int;DC/D,A0,carrier/dom_int/station;DC/D/DSM,10070,15689,64.19%,0.44%,3313841,,,carrier/dom_int,DC/D,carrier/dom_int/station,DC/D/DSM,sys/div/dom_int/carrier/carrier/dom_int/station;DL/ACS/D/DC/DC/D/DLH,,,,
,6,carrier/dom_int;DC/D,A0,carrier/dom_int/station;DC/D/DTW,184333,265644,69.39%,7.98%,3313841,,,carrier/dom_int,DC/D,carrier/dom_int/station,DC/D/DTW,sys/div/dom_int/carrier/carrier/dom_int/station;DL/ACS/D/DC/DC/D/DSM,,,,
,6,carrier/dom_int;DC/D,A0,carrier/dom_int/station;DC/D/ECP,1739,2976,58.43%,0.08%,3313841,,,carrier/dom_int,DC/D,carrier/dom_int/station,DC/D/ECP,sys/div/dom_int/carrier/carrier/dom_int/station;DL/ACS/D/DC/DC/D/DTW,,,,
,6,carrier/dom_int;DC/D,A0,carrier/dom_int/station;DC/D/EGE,401,700,57.29%,0.02%,3313841,,,carrier/dom_int,DC/D,carrier/dom_int/station,DC/D/EGE,sys/div/dom_int/carrier/carrier/dom_int/station;DL/ACS/D/DC/DC/D/ECP,,,,
,6,carrier/dom_int;DC/D,A0,carrier/dom_int/station;DC/D/EKO,2845,3196,89.02%,0.12%,3313841,,,carrier/dom_int,DC/D,carrier/dom_int/station,DC/D/EKO,sys/div/dom_int/carrier/carrier/dom_int/station;DL/ACS/D/DC/DC/D/EGE,,,,
,6,carrier/dom_int;DC/D,A0,carrier/dom_int/station;DC/D/ELM,3164,5006,63.20%,0.14%,3313841,,,carrier/dom_int,DC/D,carrier/dom_int/station,DC/D/ELM,sys/div/dom_int/carrier/carrier/dom_int/station;DL/ACS/D/DC/DC/D/EKO,,,,
,6,carrier/dom_int;DC/D,A0,carrier/dom_int/station;DC/D/ESC,2500,3344,74.76%,0.11%,3313841,,,carrier/dom_int,DC/D,carrier/dom_int/station,DC/D/ESC,sys/div/dom_int/carrier/carrier/dom_int/station;DL/ACS/D/DC/DC/D/ELM,,,,
,6,carrier/dom_int;DC/D,A0,carrier/dom_int/station;DC/D/EUG,7757,9945,78.00%,0.34%,3313841,,,carrier/dom_int,DC/D,carrier/dom_int/station,DC/D/EUG,sys/div/dom_int/carrier/carrier/dom_int/station;DL/ACS/D/DC/DC/D/ESC,,,,
,6,carrier/dom_int;DC/D,A0,carrier/dom_int/station;DC/D/EVV,4630,6661,69.51%,0.20%,3313841,,,carrier/dom_int,DC/D,carrier/dom_int/station,DC/D/EVV,sys/div/dom_int/carrier/carrier/dom_int/station;DL/ACS/D/DC/DC/D/EUG,,,,
,6,carrier/dom_int;DC/D,A0,carrier/dom_int/station;DC/D/EWR,8081,12876,62.76%,0.35%,3313841,,,carrier/dom_int,DC/D,carrier/dom_int/station,DC/D/EWR,sys/div/dom_int/carrier/carrier/dom_int/station;DL/ACS/D/DC/DC/D/EVV,,,,
,6,carrier/dom_int;DC/D,A0,carrier/dom_int/station;DC/D/EYW,421,678,62.09%,0.02%,3313841,,,carrier/dom_int,DC/D,carrier/dom_int/station,DC/D/EYW,sys/div/dom_int/carrier/carrier/dom_int/station;DL/ACS/D/DC/DC/D/EWR,,,,
,6,carrier/dom_int;DC/D,A0,carrier/dom_int/station;DC/D/FAR,4775,7322,65.21%,0.21%,3313841,,,carrier/dom_int,DC/D,carrier/dom_int/station,DC/D/FAR,sys/div/dom_int/carrier/carrier/dom_int/station;DL/ACS/D/DC/DC/D/EYW,,,,
,6,carrier/dom_int;DC/D,A0,carrier/dom_int/station;DC/D/FAT,6053,7605,79.59%,0.26%,3313841,,,carrier/dom_int,DC/D,carrier/dom_int/station,DC/D/FAT,sys/div/dom_int/carrier/carrier/dom_int/station;DL/ACS/D/DC/DC/D/FAR,,,,
,6,carrier/dom_int;DC/D,A0,carrier/dom_int/station;DC/D/FAY,4758,6708,70.93%,0.21%,3313841,,,carrier/dom_int,DC/D,carrier/dom_int/station,DC/D/FAY,sys/div/dom_int/carrier/carrier/dom_int/station;DL/ACS/D/DC/DC/D/FAT,,,,
,6,carrier/dom_int;DC/D,A0,carrier/dom_int/station;DC/D/FCA,3212,4286,74.94%,0.14%,3313841,,,carrier/dom_int,DC/D,carrier/dom_int/station,DC/D/FCA,sys/div/dom_int/carrier/carrier/dom_int/station;DL/ACS/D/DC/DC/D/FAY,,,,
,6,carrier/dom_int;DC/D,A0,carrier/dom_int/station;DC/D/FLL,75,81,92.59%,0.00%,3313841,,,carrier/dom_int,DC/D,carrier/dom_int/station,DC/D/FLL,sys/div/dom_int/carrier/carrier/dom_int/station;DL/ACS/D/DC/DC/D/FCA,,,,
,6,carrier/dom_int;DC/D,A0,carrier/dom_int/station;DC/D/FSD,4786,7570,63.22%,0.21%,3313841,,,carrier/dom_int,DC/D,carrier/dom_int/station,DC/D/FSD,sys/div/dom_int/carrier/carrier/dom_int/station;DL/ACS/D/DC/DC/D/FLL,,,,
,6,carrier/dom_int;DC/D,A0,carrier/dom_int/station;DC/D/FWA,7381,11562,63.84%,0.32%,3313841,,,carrier/dom_int,DC/D,carrier/dom_int/station,DC/D/FWA,sys/div/dom_int/carrier/carrier/dom_int/station;DL/ACS/D/DC/DC/D/FSD,,,,
,6,carrier/dom_int;DC/D,A0,carrier/dom_int/station;DC/D/GEG,16959,21636,78.38%,0.73%,3313841,,,carrier/dom_int,DC/D,carrier/dom_int/station,DC/D/GEG,sys/div/dom_int/carrier/carrier/dom_int/station;DL/ACS/D/DC/DC/D/FWA,,,,
,6,carrier/dom_int;DC/D,A0,carrier/dom_int/station;DC/D/GFK,4183,6044,69.21%,0.18%,3313841,,,carrier/dom_int,DC/D,carrier/dom_int/station,DC/D/GFK,sys/div/dom_int/carrier/carrier/dom_int/station;DL/ACS/D/DC/DC/D/GEG,,,,
,6,carrier/dom_int;DC/D,A0,carrier/dom_int/station;DC/D/GJT,2909,3277,88.77%,0.13%,3313841,,,carrier/dom_int,DC/D,carrier/dom_int/station,DC/D/GJT,sys/div/dom_int/carrier/carrier/dom_int/station;DL/ACS/D/DC/DC/D/GFK,,,,
,6,carrier/dom_int;DC/D,A0,carrier/dom_int/station;DC/D/GNV,450,683,65.89%,0.02%,3313841,,,carrier/dom_int,DC/D,carrier/dom_int/station,DC/D/GNV,sys/div/dom_int/carrier/carrier/dom_int/station;DL/ACS/D/DC/DC/D/GJT,,,,
,6,carrier/dom_int;DC/D,A0,carrier/dom_int/station;DC/D/GPT,81,169,47.93%,0.00%,3313841,,,carrier/dom_int,DC/D,carrier/dom_int/station,DC/D/GPT,sys/div/dom_int/carrier/carrier/dom_int/station;DL/ACS/D/DC/DC/D/GNV,,,,
,6,carrier/dom_int;DC/D,A0,carrier/dom_int/station;DC/D/GRB,7104,10614,66.93%,0.31%,3313841,,,carrier/dom_int,DC/D,carrier/dom_int/station,DC/D/GRB,sys/div/dom_int/carrier/carrier/dom_int/station;DL/ACS/D/DC/DC/D/GPT,,,,
,6,carrier/dom_int;DC/D,A0,carrier/dom_int/station;DC/D/GRR,14168,22135,64.01%,0.61%,3313841,,,carrier/dom_int,DC/D,carrier/dom_int/station,DC/D/GRR,sys/div/dom_int/carrier/carrier/dom_int/station;DL/ACS/D/DC/DC/D/GRB,,,,
,6,carrier/dom_int;DC/D,A0,carrier/dom_int/station;DC/D/GSO,7349,11381,64.57%,0.32%,3313841,,,carrier/dom_int,DC/D,carrier/dom_int/station,DC/D/GSO,sys/div/dom_int/carrier/carrier/dom_int/station;DL/ACS/D/DC/DC/D/GRR,,,,
,6,carrier/dom_int;DC/D,A0,carrier/dom_int/station;DC/D/GSP,5950,9456,62.92%,0.26%,3313841,,,carrier/dom_int,DC/D,carrier/dom_int/station,DC/D/GSP,sys/div/dom_int/carrier/carrier/dom_int/station;DL/ACS/D/DC/DC/D/GSO,,,,
,6,carrier/dom_int;DC/D,A0,carrier/dom_int/station;DC/D/GTF,5250,6476,81.07%,0.23%,3313841,,,carrier/dom_int,DC/D,carrier/dom_int/station,DC/D/GTF,sys/div/dom_int/carrier/carrier/dom_int/station;DL/ACS/D/DC/DC/D/GSP,,,,
,6,carrier/dom_int;DC/D,A0,carrier/dom_int/station;DC/D/GTR,2861,4045,70.73%,0.12%,3313841,,,carrier/dom_int,DC/D,carrier/dom_int/station,DC/D/GTR,sys/div/dom_int/carrier/carrier/dom_int/station;DL/ACS/D/DC/DC/D/GTF,,,,
,6,carrier/dom_int;DC/D,A0,carrier/dom_int/station;DC/D/HIB,2439,3440,70.90%,0.11%,3313841,,,carrier/dom_int,DC/D,carrier/dom_int/station,DC/D/HIB,sys/div/dom_int/carrier/carrier/dom_int/station;DL/ACS/D/DC/DC/D/GTR,,,,
,6,carrier/dom_int;DC/D,A0,carrier/dom_int/station;DC/D/HLN,3645,4038,90.27%,0.16%,3313841,,,carrier/dom_int,DC/D,carrier/dom_int/station,DC/D/HLN,sys/div/dom_int/carrier/carrier/dom_int/station;DL/ACS/D/DC/DC/D/HIB,,,,
,6,carrier/dom_int;DC/D,A0,carrier/dom_int/station;DC/D/HPN,6934,10887,63.69%,0.30%,3313841,,,carrier/dom_int,DC/D,carrier/dom_int/station,DC/D/HPN,sys/div/dom_int/carrier/carrier/dom_int/station;DL/ACS/D/DC/DC/D/HLN,,,,
,6,carrier/dom_int;DC/D,A0,carrier/dom_int/station;DC/D/HSV,4601,7398,62.19%,0.20%,3313841,,,carrier/dom_int,DC/D,carrier/dom_int/station,DC/D/HSV,sys/div/dom_int/carrier/carrier/dom_int/station;DL/ACS/D/DC/DC/D/HPN,,,,
,6,carrier/dom_int;DC/D,A0,carrier/dom_int/station;DC/D/IAD,9159,14995,61.08%,0.40%,3313841,,,carrier/dom_int,DC/D,carrier/dom_int/station,DC/D/IAD,sys/div/dom_int/carrier/carrier/dom_int/station;DL/ACS/D/DC/DC/D/HSV,,,,
,6,carrier/dom_int;DC/D,A0,carrier/dom_int/station;DC/D/IAH,46,87,52.87%,0.00%,3313841,,,carrier/dom_int,DC/D,carrier/dom_int/station,DC/D/IAH,sys/div/dom_int/carrier/carrier/dom_int/station;DL/ACS/D/DC/DC/D/IAD,,,,
,6,carrier/dom_int;DC/D,A0,carrier/dom_int/station;DC/D/ICT,2112,3262,64.75%,0.09%,3313841,,,carrier/dom_int,DC/D,carrier/dom_int/station,DC/D/ICT,sys/div/dom_int/carrier/carrier/dom_int/station;DL/ACS/D/DC/DC/D/IAH,,,,
,6,carrier/dom_int;DC/D,A0,carrier/dom_int/station;DC/D/IDA,3723,4740,78.54%,0.16%,3313841,,,carrier/dom_int,DC/D,carrier/dom_int/station,DC/D/IDA,sys/div/dom_int/carrier/carrier/dom_int/station;DL/ACS/D/DC/DC/D/ICT,,,,
,6,carrier/dom_int;DC/D,A0,carrier/dom_int/station;DC/D/ILM,3890,5898,65.95%,0.17%,3313841,,,carrier/dom_int,DC/D,carrier/dom_int/station,DC/D/ILM,sys/div/dom_int/carrier/carrier/dom_int/station;DL/ACS/D/DC/DC/D/IDA,,,,
,6,carrier/dom_int;DC/D,A0,carrier/dom_int/station;DC/D/IMT,2491,3963,62.86%,0.11%,3313841,,,carrier/dom_int,DC/D,carrier/dom_int/station,DC/D/IMT,sys/div/dom_int/carrier/carrier/dom_int/station;DL/ACS/D/DC/DC/D/ILM,,,,
,6,carrier/dom_int;DC/D,A0,carrier/dom_int/station;DC/D/IND,24948,37380,66.74%,1.08%,3313841,,,carrier/dom_int,DC/D,carrier/dom_int/station,DC/D/IND,sys/div/dom_int/carrier/carrier/dom_int/station;DL/ACS/D/DC/DC/D/IMT,,,,
,6,carrier/dom_int;DC/D,A0,carrier/dom_int/station;DC/D/INL,2560,3689,69.40%,0.11%,3313841,,,carrier/dom_int,DC/D,carrier/dom_int/station,DC/D/INL,sys/div/dom_int/carrier/carrier/dom_int/station;DL/ACS/D/DC/DC/D/IND,,,,
,6,carrier/dom_int;DC/D,A0,carrier/dom_int/station;DC/D/ITH,2613,3777,69.18%,0.11%,3313841,,,carrier/dom_int,DC/D,carrier/dom_int/station,DC/D/ITH,sys/div/dom_int/carrier/carrier/dom_int/station;DL/ACS/D/DC/DC/D/INL,,,,
,6,carrier/dom_int;DC/D,A0,carrier/dom_int/station;DC/D/JAC,2726,3546,76.88%,0.12%,3313841,,,carrier/dom_int,DC/D,carrier/dom_int/station,DC/D/JAC,sys/div/dom_int/carrier/carrier/dom_int/station;DL/ACS/D/DC/DC/D/ITH,,,,
,6,carrier/dom_int;DC/D,A0,carrier/dom_int/station;DC/D/JAN,2005,2905,69.02%,0.09%,3313841,,,carrier/dom_int,DC/D,carrier/dom_int/station,DC/D/JAN,sys/div/dom_int/carrier/carrier/dom_int/station;DL/ACS/D/DC/DC/D/JAC,,,,
,6,carrier/dom_int;DC/D,A0,carrier/dom_int/station;DC/D/JAX,11584,18074,64.09%,0.50%,3313841,,,carrier/dom_int,DC/D,carrier/dom_int/station,DC/D/JAX,sys/div/dom_int/carrier/carrier/dom_int/station;DL/ACS/D/DC/DC/D/JAN,,,,
,6,carrier/dom_int;DC/D,A0,carrier/dom_int/station;DC/D/JFK,103384,146831,70.41%,4.48%,3313841,,,carrier/dom_int,DC/D,carrier/dom_int/station,DC/D/JFK,sys/div/dom_int/carrier/carrier/dom_int/station;DL/ACS/D/DC/DC/D/JAX,,,,
,6,carrier/dom_int;DC/D,A0,carrier/dom_int/station;DC/D/LAN,3669,5629,65.18%,0.16%,3313841,,,carrier/dom_int,DC/D,carrier/dom_int/station,DC/D/LAN,sys/div/dom_int/carrier/carrier/dom_int/station;DL/ACS/D/DC/DC/D/JFK,,,,
,6,carrier/dom_int;DC/D,A0,carrier/dom_int/station;DC/D/LAS,9484,12725,74.53%,0.41%,3313841,,,carrier/dom_int,DC/D,carrier/dom_int/station,DC/D/LAS,sys/div/dom_int/carrier/carrier/dom_int/station;DL/ACS/D/DC/DC/D/LAN,,,,
,6,carrier/dom_int;DC/D,A0,carrier/dom_int/station;DC/D/LAX,53432,66858,79.92%,2.31%,3313841,,,carrier/dom_int,DC/D,carrier/dom_int/station,DC/D/LAX,sys/div/dom_int/carrier/carrier/dom_int/station;DL/ACS/D/DC/DC/D/LAS,,,,
,6,carrier/dom_int;DC/D,A0,carrier/dom_int/station;DC/D/LEX,6635,10535,62.98%,0.29%,3313841,,,carrier/dom_int,DC/D,carrier/dom_int/station,DC/D/LEX,sys/div/dom_int/carrier/carrier/dom_int/station;DL/ACS/D/DC/DC/D/LAX,,,,
,6,carrier/dom_int;DC/D,A0,carrier/dom_int/station;DC/D/LFT,4794,7279,65.86%,0.21%,3313841,,,carrier/dom_int,DC/D,carrier/dom_int/station,DC/D/LFT,sys/div/dom_int/carrier/carrier/dom_int/station;DL/ACS/D/DC/DC/D/LEX,,,,
,6,carrier/dom_int;DC/D,A0,carrier/dom_int/station;DC/D/LGA,188879,280454,67.35%,8.18%,3313841,,,carrier/dom_int,DC/D,carrier/dom_int/station,DC/D/LGA,sys/div/dom_int/carrier/carrier/dom_int/station;DL/ACS/D/DC/DC/D/LFT,,,,
,6,carrier/dom_int;DC/D,A0,carrier/dom_int/station;DC/D/LGB,2909,3664,79.39%,0.13%,3313841,,,carrier/dom_int,DC/D,carrier/dom_int/station,DC/D/LGB,sys/div/dom_int/carrier/carrier/dom_int/station;DL/ACS/D/DC/DC/D/LGA,,,,
,6,carrier/dom_int;DC/D,A0,carrier/dom_int/station;DC/D/LIT,2117,3093,68.44%,0.09%,3313841,,,carrier/dom_int,DC/D,carrier/dom_int/station,DC/D/LIT,sys/div/dom_int/carrier/carrier/dom_int/station;DL/ACS/D/DC/DC/D/LGB,,,,
,6,carrier/dom_int;DC/D,A0,carrier/dom_int/station;DC/D/LWS,3330,4072,81.78%,0.14%,3313841,,,carrier/dom_int,DC/D,carrier/dom_int/station,DC/D/LWS,sys/div/dom_int/carrier/carrier/dom_int/station;DL/ACS/D/DC/DC/D/LIT,,,,
,6,carrier/dom_int;DC/D,A0,carrier/dom_int/station;DC/D/MBS,4702,7164,65.63%,0.20%,3313841,,,carrier/dom_int,DC/D,carrier/dom_int/station,DC/D/MBS,sys/div/dom_int/carrier/carrier/dom_int/station;DL/ACS/D/DC/DC/D/LWS,,,,
,6,carrier/dom_int;DC/D,A0,carrier/dom_int/station;DC/D/MCI,7196,11333,63.50%,0.31%,3313841,,,carrier/dom_int,DC/D,carrier/dom_int/station,DC/D/MCI,sys/div/dom_int/carrier/carrier/dom_int/station;DL/ACS/D/DC/DC/D/MBS,,,,
,6,carrier/dom_int;DC/D,A0,carrier/dom_int/station;DC/D/MCO,2753,4361,63.13%,0.12%,3313841,,,carrier/dom_int,DC/D,carrier/dom_int/station,DC/D/MCO,sys/div/dom_int/carrier/carrier/dom_int/station;DL/ACS/D/DC/DC/D/MCI,,,,
,6,carrier/dom_int;DC/D,A0,carrier/dom_int/station;DC/D/MDT,3445,5351,64.38%,0.15%,3313841,,,carrier/dom_int,DC/D,carrier/dom_int/station,DC/D/MDT,sys/div/dom_int/carrier/carrier/dom_int/station;DL/ACS/D/DC/DC/D/MCO,,,,
,6,carrier/dom_int;DC/D,A0,carrier/dom_int/station;DC/D/MDW,6507,11654,55.83%,0.28%,3313841,,,carrier/dom_int,DC/D,carrier/dom_int/station,DC/D/MDW,sys/div/dom_int/carrier/carrier/dom_int/station;DL/ACS/D/DC/DC/D/MDT,,,,
,6,carrier/dom_int;DC/D,A0,carrier/dom_int/station;DC/D/MEM,12705,19675,64.57%,0.55%,3313841,,,carrier/dom_int,DC/D,carrier/dom_int/station,DC/D/MEM,sys/div/dom_int/carrier/carrier/dom_int/station;DL/ACS/D/DC/DC/D/MDW,,,,
,6,carrier/dom_int;DC/D,A0,carrier/dom_int/station;DC/D/MFE,4041,5750,70.28%,0.17%,3313841,,,carrier/dom_int,DC/D,carrier/dom_int/station,DC/D/MFE,sys/div/dom_int/carrier/carrier/dom_int/station;DL/ACS/D/DC/DC/D/MEM,,,,
,6,carrier/dom_int;DC/D,A0,carrier/dom_int/station;DC/D/MFR,7555,9918,76.17%,0.33%,3313841,,,carrier/dom_int,DC/D,carrier/dom_int/station,DC/D/MFR,sys/div/dom_int/carrier/carrier/dom_int/station;DL/ACS/D/DC/DC/D/MFE,,,,
,6,carrier/dom_int;DC/D,A0,carrier/dom_int/station;DC/D/MGM,6325,9327,67.81%,0.27%,3313841,,,carrier/dom_int,DC/D,carrier/dom_int/station,DC/D/MGM,sys/div/dom_int/carrier/carrier/dom_int/station;DL/ACS/D/DC/DC/D/MFR,,,,
,6,carrier/dom_int;DC/D,A0,carrier/dom_int/station;DC/D/MIA,1434,2169,66.11%,0.06%,3313841,,,carrier/dom_int,DC/D,carrier/dom_int/station,DC/D/MIA,sys/div/dom_int/carrier/carrier/dom_int/station;DL/ACS/D/DC/DC/D/MGM,,,,
,6,carrier/dom_int;DC/D,A0,carrier/dom_int/station;DC/D/MKE,14819,22551,65.71%,0.64%,3313841,,,carrier/dom_int,DC/D,carrier/dom_int/station,DC/D/MKE,sys/div/dom_int/carrier/carrier/dom_int/station;DL/ACS/D/DC/DC/D/MIA,,,,
,6,carrier/dom_int;DC/D,A0,carrier/dom_int/station;DC/D/MLI,2453,4039,60.73%,0.11%,3313841,,,carrier/dom_int,DC/D,carrier/dom_int/station,DC/D/MLI,sys/div/dom_int/carrier/carrier/dom_int/station;DL/ACS/D/DC/DC/D/MKE,,,,
,6,carrier/dom_int;DC/D,A0,carrier/dom_int/station;DC/D/MLU,3774,5761,65.51%,0.16%,3313841,,,carrier/dom_int,DC/D,carrier/dom_int/station,DC/D/MLU,sys/div/dom_int/carrier/carrier/dom_int/station;DL/ACS/D/DC/DC/D/MLI,,,,
,6,carrier/dom_int;DC/D,A0,carrier/dom_int/station;DC/D/MOB,3414,5158,66.19%,0.15%,3313841,,,carrier/dom_int,DC/D,carrier/dom_int/station,DC/D/MOB,sys/div/dom_int/carrier/carrier/dom_int/station;DL/ACS/D/DC/DC/D/MLU,,,,
,6,carrier/dom_int;DC/D,A0,carrier/dom_int/station;DC/D/MOT,4923,7670,64.19%,0.21%,3313841,,,carrier/dom_int,DC/D,carrier/dom_int/station,DC/D/MOT,sys/div/dom_int/carrier/carrier/dom_int/station;DL/ACS/D/DC/DC/D/MOB,,,,
,6,carrier/dom_int;DC/D,A0,carrier/dom_int/station;DC/D/MQT,2417,3814,63.37%,0.10%,3313841,,,carrier/dom_int,DC/D,carrier/dom_int/station,DC/D/MQT,sys/div/dom_int/carrier/carrier/dom_int/station;DL/ACS/D/DC/DC/D/MOT,,,,
,6,carrier/dom_int;DC/D,A0,carrier/dom_int/station;DC/D/MSN,10862,17165,63.28%,0.47%,3313841,,,carrier/dom_int,DC/D,carrier/dom_int/station,DC/D/MSN,sys/div/dom_int/carrier/carrier/dom_int/station;DL/ACS/D/DC/DC/D/MQT,,,,
,6,carrier/dom_int;DC/D,A0,carrier/dom_int/station;DC/D/MSO,2628,3383,77.68%,0.11%,3313841,,,carrier/dom_int,DC/D,carrier/dom_int/station,DC/D/MSO,sys/div/dom_int/carrier/carrier/dom_int/station;DL/ACS/D/DC/DC/D/MSN,,,,
,6,carrier/dom_int;DC/D,A0,carrier/dom_int/station;DC/D/MSP,156028,226247,68.96%,6.76%,3313841,,,carrier/dom_int,DC/D,carrier/dom_int/station,DC/D/MSP,sys/div/dom_int/carrier/carrier/dom_int/station;DL/ACS/D/DC/DC/D/MSO,,,,
,6,carrier/dom_int;DC/D,A0,carrier/dom_int/station;DC/D/MSY,2105,3069,68.59%,0.09%,3313841,,,carrier/dom_int,DC/D,carrier/dom_int/station,DC/D/MSY,sys/div/dom_int/carrier/carrier/dom_int/station;DL/ACS/D/DC/DC/D/MSP,,,,
,6,carrier/dom_int;DC/D,A0,carrier/dom_int/station;DC/D/MYR,621,884,70.25%,0.03%,3313841,,,carrier/dom_int,DC/D,carrier/dom_int/station,DC/D/MYR,sys/div/dom_int/carrier/carrier/dom_int/station;DL/ACS/D/DC/DC/D/MSY,,,,
,6,carrier/dom_int;DC/D,A0,carrier/dom_int/station;DC/D/OAJ,4856,6961,69.76%,0.21%,3313841,,,carrier/dom_int,DC/D,carrier/dom_int/station,DC/D/OAJ,sys/div/dom_int/carrier/carrier/dom_int/station;DL/ACS/D/DC/DC/D/MYR,,,,
,6,carrier/dom_int;DC/D,A0,carrier/dom_int/station;DC/D/OAK,4664,5991,77.85%,0.20%,3313841,,,carrier/dom_int,DC/D,carrier/dom_int/station,DC/D/OAK,sys/div/dom_int/carrier/carrier/dom_int/station;DL/ACS/D/DC/DC/D/OAJ,,,,
,6,carrier/dom_int;DC/D,A0,carrier/dom_int/station;DC/D/OKC,5445,8222,66.22%,0.24%,3313841,,,carrier/dom_int,DC/D,carrier/dom_int/station,DC/D/OKC,sys/div/dom_int/carrier/carrier/dom_int/station;DL/ACS/D/DC/DC/D/OAK,,,,
,6,carrier/dom_int;DC/D,A0,carrier/dom_int/station;DC/D/OMA,16677,25801,64.64%,0.72%,3313841,,,carrier/dom_int,DC/D,carrier/dom_int/station,DC/D/OMA,sys/div/dom_int/carrier/carrier/dom_int/station;DL/ACS/D/DC/DC/D/OKC,,,,
,6,carrier/dom_int;DC/D,A0,carrier/dom_int/station;DC/D/ONT,5727,7643,74.93%,0.25%,3313841,,,carrier/dom_int,DC/D,carrier/dom_int/station,DC/D/ONT,sys/div/dom_int/carrier/carrier/dom_int/station;DL/ACS/D/DC/DC/D/OMA,,,,
,6,carrier/dom_int;DC/D,A0,carrier/dom_int/station;DC/D/ORD,9177,16154,56.81%,0.40%,3313841,,,carrier/dom_int,DC/D,carrier/dom_int/station,DC/D/ORD,sys/div/dom_int/carrier/carrier/dom_int/station;DL/ACS/D/DC/DC/D/ONT,,,,
,6,carrier/dom_int;DC/D,A0,carrier/dom_int/station;DC/D/ORF,11161,17691,63.09%,0.48%,3313841,,,carrier/dom_int,DC/D,carrier/dom_int/station,DC/D/ORF,sys/div/dom_int/carrier/carrier/dom_int/station;DL/ACS/D/DC/DC/D/ORD,,,,
,6,carrier/dom_int;DC/D,A0,carrier/dom_int/station;DC/D/ORH,1049,1598,65.64%,0.05%,3313841,,,carrier/dom_int,DC/D,carrier/dom_int/station,DC/D/ORH,sys/div/dom_int/carrier/carrier/dom_int/station;DL/ACS/D/DC/DC/D/ORF,,,,
,6,carrier/dom_int;DC/D,A0,carrier/dom_int/station;DC/D/PDX,9751,12874,75.74%,0.42%,3313841,,,carrier/dom_int,DC/D,carrier/dom_int/station,DC/D/PDX,sys/div/dom_int/carrier/carrier/dom_int/station;DL/ACS/D/DC/DC/D/ORH,,,,
,6,carrier/dom_int;DC/D,A0,carrier/dom_int/station;DC/D/PHL,4779,7015,68.13%,0.21%,3313841,,,carrier/dom_int,DC/D,carrier/dom_int/station,DC/D/PHL,sys/div/dom_int/carrier/carrier/dom_int/station;DL/ACS/D/DC/DC/D/PDX,,,,
,6,carrier/dom_int;DC/D,A0,carrier/dom_int/station;DC/D/PHX,6351,8681,73.16%,0.28%,3313841,,,carrier/dom_int,DC/D,carrier/dom_int/station,DC/D/PHX,sys/div/dom_int/carrier/carrier/dom_int/station;DL/ACS/D/DC/DC/D/PHL,,,,
,6,carrier/dom_int;DC/D,A0,carrier/dom_int/station;DC/D/PIH,1701,2152,79.04%,0.07%,3313841,,,carrier/dom_int,DC/D,carrier/dom_int/station,DC/D/PIH,sys/div/dom_int/carrier/carrier/dom_int/station;DL/ACS/D/DC/DC/D/PHX,,,,
,6,carrier/dom_int;DC/D,A0,carrier/dom_int/station;DC/D/PIT,23608,35452,66.59%,1.02%,3313841,,,carrier/dom_int,DC/D,carrier/dom_int/station,DC/D/PIT,sys/div/dom_int/carrier/carrier/dom_int/station;DL/ACS/D/DC/DC/D/PIH,,,,
,6,carrier/dom_int;DC/D,A0,carrier/dom_int/station;DC/D/PLN,2314,3329,69.51%,0.10%,3313841,,,carrier/dom_int,DC/D,carrier/dom_int/station,DC/D/PLN,sys/div/dom_int/carrier/carrier/dom_int/station;DL/ACS/D/DC/DC/D/PIT,,,,
,6,carrier/dom_int;DC/D,A0,carrier/dom_int/station;DC/D/PNS,1200,1914,62.70%,0.05%,3313841,,,carrier/dom_int,DC/D,carrier/dom_int/station,DC/D/PNS,sys/div/dom_int/carrier/carrier/dom_int/station;DL/ACS/D/DC/DC/D/PLN,,,,
,6,carrier/dom_int;DC/D,A0,carrier/dom_int/station;DC/D/PSC,8412,11208,75.05%,0.36%,3313841,,,carrier/dom_int,DC/D,carrier/dom_int/station,DC/D/PSC,sys/div/dom_int/carrier/carrier/dom_int/station;DL/ACS/D/DC/DC/D/PNS,,,,
,6,carrier/dom_int;DC/D,A0,carrier/dom_int/station;DC/D/PSP,4923,6094,80.78%,0.21%,3313841,,,carrier/dom_int,DC/D,carrier/dom_int/station,DC/D/PSP,sys/div/dom_int/carrier/carrier/dom_int/station;DL/ACS/D/DC/DC/D/PSC,,,,
,6,carrier/dom_int;DC/D,A0,carrier/dom_int/station;DC/D/PVD,2851,4527,62.98%,0.12%,3313841,,,carrier/dom_int,DC/D,carrier/dom_int/station,DC/D/PVD,sys/div/dom_int/carrier/carrier/dom_int/station;DL/ACS/D/DC/DC/D/PSP,,,,
,6,carrier/dom_int;DC/D,A0,carrier/dom_int/station;DC/D/PWM,7878,11432,68.91%,0.34%,3313841,,,carrier/dom_int,DC/D,carrier/dom_int/station,DC/D/PWM,sys/div/dom_int/carrier/carrier/dom_int/station;DL/ACS/D/DC/DC/D/PVD,,,,
,6,carrier/dom_int;DC/D,A0,carrier/dom_int/station;DC/D/RAP,4762,6906,68.95%,0.21%,3313841,,,carrier/dom_int,DC/D,carrier/dom_int/station,DC/D/RAP,sys/div/dom_int/carrier/carrier/dom_int/station;DL/ACS/D/DC/DC/D/PWM,,,,
,6,carrier/dom_int;DC/D,A0,carrier/dom_int/station;DC/D/RDM,7721,9859,78.31%,0.33%,3313841,,,carrier/dom_int,DC/D,carrier/dom_int/station,DC/D/RDM,sys/div/dom_int/carrier/carrier/dom_int/station;DL/ACS/D/DC/DC/D/RAP,,,,
,6,carrier/dom_int;DC/D,A0,carrier/dom_int/station;DC/D/RDU,27151,42391,64.05%,1.18%,3313841,,,carrier/dom_int,DC/D,carrier/dom_int/station,DC/D/RDU,sys/div/dom_int/carrier/carrier/dom_int/station;DL/ACS/D/DC/DC/D/RDM,,,,
,6,carrier/dom_int;DC/D,A0,carrier/dom_int/station;DC/D/RHI,3138,3943,79.58%,0.14%,3313841,,,carrier/dom_int,DC/D,carrier/dom_int/station,DC/D/RHI,sys/div/dom_int/carrier/carrier/dom_int/station;DL/ACS/D/DC/DC/D/RDU,,,,
,6,carrier/dom_int;DC/D,A0,carrier/dom_int/station;DC/D/RIC,17026,25356,67.15%,0.74%,3313841,,,carrier/dom_int,DC/D,carrier/dom_int/station,DC/D/RIC,sys/div/dom_int/carrier/carrier/dom_int/station;DL/ACS/D/DC/DC/D/RHI,,,,
,6,carrier/dom_int;DC/D,A0,carrier/dom_int/station;DC/D/RNO,7359,9097,80.89%,0.32%,3313841,,,carrier/dom_int,DC/D,carrier/dom_int/station,DC/D/RNO,sys/div/dom_int/carrier/carrier/dom_int/station;DL/ACS/D/DC/DC/D/RIC,,,,
,6,carrier/dom_int;DC/D,A0,carrier/dom_int/station;DC/D/ROA,4766,7367,64.69%,0.21%,3313841,,,carrier/dom_int,DC/D,carrier/dom_int/station,DC/D/ROA,sys/div/dom_int/carrier/carrier/dom_int/station;DL/ACS/D/DC/DC/D/RNO,,,,
,6,carrier/dom_int;DC/D,A0,carrier/dom_int/station;DC/D/ROC,11098,17564,63.19%,0.48%,3313841,,,carrier/dom_int,DC/D,carrier/dom_int/station,DC/D/ROC,sys/div/dom_int/carrier/carrier/dom_int/station;DL/ACS/D/DC/DC/D/ROA,,,,
,6,carrier/dom_int;DC/D,A0,carrier/dom_int/station;DC/D/RST,3519,5676,62.00%,0.15%,3313841,,,carrier/dom_int,DC/D,carrier/dom_int/station,DC/D/RST,sys/div/dom_int/carrier/carrier/dom_int/station;DL/ACS/D/DC/DC/D/ROC,,,,
,6,carrier/dom_int;DC/D,A0,carrier/dom_int/station;DC/D/RSW,225,363,61.98%,0.01%,3313841,,,carrier/dom_int,DC/D,carrier/dom_int/station,DC/D/RSW,sys/div/dom_int/carrier/carrier/dom_int/station;DL/ACS/D/DC/DC/D/RST,,,,
,6,carrier/dom_int;DC/D,A0,carrier/dom_int/station;DC/D/SAN,7409,11240,65.92%,0.32%,3313841,,,carrier/dom_int,DC/D,carrier/dom_int/station,DC/D/SAN,sys/div/dom_int/carrier/carrier/dom_int/station;DL/ACS/D/DC/DC/D/RSW,,,,
,6,carrier/dom_int;DC/D,A0,carrier/dom_int/station;DC/D/SAV,9861,15070,65.43%,0.43%,3313841,,,carrier/dom_int,DC/D,carrier/dom_int/station,DC/D/SAV,sys/div/dom_int/carrier/carrier/dom_int/station;DL/ACS/D/DC/DC/D/SAN,,,,
,6,carrier/dom_int;DC/D,A0,carrier/dom_int/station;DC/D/SBA,3833,4690,81.73%,0.17%,3313841,,,carrier/dom_int,DC/D,carrier/dom_int/station,DC/D/SBA,sys/div/dom_int/carrier/carrier/dom_int/station;DL/ACS/D/DC/DC/D/SAV,,,,
,6,carrier/dom_int;DC/D,A0,carrier/dom_int/station;DC/D/SBN,7144,11762,60.74%,0.31%,3313841,,,carrier/dom_int,DC/D,carrier/dom_int/station,DC/D/SBN,sys/div/dom_int/carrier/carrier/dom_int/station;DL/ACS/D/DC/DC/D/SBA,,,,
,6,carrier/dom_int;DC/D,A0,carrier/dom_int/station;DC/D/SDF,14854,21433,69.30%,0.64%,3313841,,,carrier/dom_int,DC/D,carrier/dom_int/station,DC/D/SDF,sys/div/dom_int/carrier/carrier/dom_int/station;DL/ACS/D/DC/DC/D/SBN,,,,
,6,carrier/dom_int;DC/D,A0,carrier/dom_int/station;DC/D/SEA,79503,103637,76.71%,3.44%,3313841,,,carrier/dom_int,DC/D,carrier/dom_int/station,DC/D/SEA,sys/div/dom_int/carrier/carrier/dom_int/station;DL/ACS/D/DC/DC/D/SDF,,,,
,6,carrier/dom_int;DC/D,A0,carrier/dom_int/station;DC/D/SFO,2882,4813,59.88%,0.12%,3313841,,,carrier/dom_int,DC/D,carrier/dom_int/station,DC/D/SFO,sys/div/dom_int/carrier/carrier/dom_int/station;DL/ACS/D/DC/DC/D/SEA,,,,
,6,carrier/dom_int;DC/D,A0,carrier/dom_int/station;DC/D/SGF,2797,4263,65.61%,0.12%,3313841,,,carrier/dom_int,DC/D,carrier/dom_int/station,DC/D/SGF,sys/div/dom_int/carrier/carrier/dom_int/station;DL/ACS/D/DC/DC/D/SFO,,,,
,6,carrier/dom_int;DC/D,A0,carrier/dom_int/station;DC/D/SGU,7744,9492,81.58%,0.34%,3313841,,,carrier/dom_int,DC/D,carrier/dom_int/station,DC/D/SGU,sys/div/dom_int/carrier/carrier/dom_int/station;DL/ACS/D/DC/DC/D/SGF,,,,
,6,carrier/dom_int;DC/D,A0,carrier/dom_int/station;DC/D/SHV,5658,8836,64.03%,0.25%,3313841,,,carrier/dom_int,DC/D,carrier/dom_int/station,DC/D/SHV,sys/div/dom_int/carrier/carrier/dom_int/station;DL/ACS/D/DC/DC/D/SGU,,,,
,6,carrier/dom_int;DC/D,A0,carrier/dom_int/station;DC/D/SJC,20018,25483,78.55%,0.87%,3313841,,,carrier/dom_int,DC/D,carrier/dom_int/station,DC/D/SJC,sys/div/dom_int/carrier/carrier/dom_int/station;DL/ACS/D/DC/DC/D/SHV,,,,
,6,carrier/dom_int;DC/D,A0,carrier/dom_int/station;DC/D/SLC,138768,166810,83.19%,6.01%,3313841,,,carrier/dom_int,DC/D,carrier/dom_int/station,DC/D/SLC,sys/div/dom_int/carrier/carrier/dom_int/station;DL/ACS/D/DC/DC/D/SJC,,,,
,6,carrier/dom_int;DC/D,A0,carrier/dom_int/station;DC/D/SMF,18258,23025,79.30%,0.79%,3313841,,,carrier/dom_int,DC/D,carrier/dom_int/station,DC/D/SMF,sys/div/dom_int/carrier/carrier/dom_int/station;DL/ACS/D/DC/DC/D/SLC,,,,
,6,carrier/dom_int;DC/D,A0,carrier/dom_int/station;DC/D/SNA,4666,6603,70.66%,0.20%,3313841,,,carrier/dom_int,DC/D,carrier/dom_int/station,DC/D/SNA,sys/div/dom_int/carrier/carrier/dom_int/station;DL/ACS/D/DC/DC/D/SMF,,,,
,6,carrier/dom_int;DC/D,A0,carrier/dom_int/station;DC/D/SRQ,343,705,48.65%,0.01%,3313841,,,carrier/dom_int,DC/D,carrier/dom_int/station,DC/D/SRQ,sys/div/dom_int/carrier/carrier/dom_int/station;DL/ACS/D/DC/DC/D/SNA,,,,
,6,carrier/dom_int;DC/D,A0,carrier/dom_int/station;DC/D/STL,8594,13239,64.91%,0.37%,3313841,,,carrier/dom_int,DC/D,carrier/dom_int/station,DC/D/STL,sys/div/dom_int/carrier/carrier/dom_int/station;DL/ACS/D/DC/DC/D/SRQ,,,,
,6,carrier/dom_int;DC/D,A0,carrier/dom_int/station;DC/D/SUN,5243,6288,83.38%,0.23%,3313841,,,carrier/dom_int,DC/D,carrier/dom_int/station,DC/D/SUN,sys/div/dom_int/carrier/carrier/dom_int/station;DL/ACS/D/DC/DC/D/STL,,,,
,6,carrier/dom_int;DC/D,A0,carrier/dom_int/station;DC/D/SYR,11345,17452,65.01%,0.49%,3313841,,,carrier/dom_int,DC/D,carrier/dom_int/station,DC/D/SYR,sys/div/dom_int/carrier/carrier/dom_int/station;DL/ACS/D/DC/DC/D/SUN,,,,
,6,carrier/dom_int;DC/D,A0,carrier/dom_int/station;DC/D/TLH,1281,2059,62.21%,0.06%,3313841,,,carrier/dom_int,DC/D,carrier/dom_int/station,DC/D/TLH,sys/div/dom_int/carrier/carrier/dom_int/station;DL/ACS/D/DC/DC/D/SYR,,,,
,6,carrier/dom_int;DC/D,A0,carrier/dom_int/station;DC/D/TPA,68,81,83.95%,0.00%,3313841,,,carrier/dom_int,DC/D,carrier/dom_int/station,DC/D/TPA,sys/div/dom_int/carrier/carrier/dom_int/station;DL/ACS/D/DC/DC/D/TLH,,,,
,6,carrier/dom_int;DC/D,A0,carrier/dom_int/station;DC/D/TRI,4762,6766,70.38%,0.21%,3313841,,,carrier/dom_int,DC/D,carrier/dom_int/station,DC/D/TRI,sys/div/dom_int/carrier/carrier/dom_int/station;DL/ACS/D/DC/DC/D/TPA,,,,
,6,carrier/dom_int;DC/D,A0,carrier/dom_int/station;DC/D/TUL,2899,4280,67.73%,0.13%,3313841,,,carrier/dom_int,DC/D,carrier/dom_int/station,DC/D/TUL,sys/div/dom_int/carrier/carrier/dom_int/station;DL/ACS/D/DC/DC/D/TRI,,,,
,6,carrier/dom_int;DC/D,A0,carrier/dom_int/station;DC/D/TUS,9544,13000,73.42%,0.41%,3313841,,,carrier/dom_int,DC/D,carrier/dom_int/station,DC/D/TUS,sys/div/dom_int/carrier/carrier/dom_int/station;DL/ACS/D/DC/DC/D/TUL,,,,
,6,carrier/dom_int;DC/D,A0,carrier/dom_int/station;DC/D/TVC,4094,6357,64.40%,0.18%,3313841,,,carrier/dom_int,DC/D,carrier/dom_int/station,DC/D/TVC,sys/div/dom_int/carrier/carrier/dom_int/station;DL/ACS/D/DC/DC/D/TUS,,,,
,6,carrier/dom_int;DC/D,A0,carrier/dom_int/station;DC/D/TWF,3677,4190,87.76%,0.16%,3313841,,,carrier/dom_int,DC/D,carrier/dom_int/station,DC/D/TWF,sys/div/dom_int/carrier/carrier/dom_int/station;DL/ACS/D/DC/DC/D/TVC,,,,
,6,carrier/dom_int;DC/D,A0,carrier/dom_int/station;DC/D/TYS,11520,18732,61.50%,0.50%,3313841,,,carrier/dom_int,DC/D,carrier/dom_int/station,DC/D/TYS,sys/div/dom_int/carrier/carrier/dom_int/station;DL/ACS/D/DC/DC/D/TWF,,,,
,6,carrier/dom_int;DC/D,A0,carrier/dom_int/station;DC/D/VLD,3712,5620,66.05%,0.16%,3313841,,,carrier/dom_int,DC/D,carrier/dom_int/station,DC/D/VLD,sys/div/dom_int/carrier/carrier/dom_int/station;DL/ACS/D/DC/DC/D/TYS,,,,
,6,carrier/dom_int;DC/D,A0,carrier/dom_int/station;DC/D/VPS,163,315,51.75%,0.01%,3313841,,,carrier/dom_int,DC/D,carrier/dom_int/station,DC/D/VPS,sys/div/dom_int/carrier/carrier/dom_int/station;DL/ACS/D/DC/DC/D/VLD,,,,
,6,carrier/dom_int;DC/D,A0,carrier/dom_int/station;DC/D/XNA,12278,20383,60.24%,0.53%,3313841,,,carrier/dom_int,DC/D,carrier/dom_int/station,DC/D/XNA,sys/div/dom_int/carrier/carrier/dom_int/station;DL/ACS/D/DC/DC/D/VPS,,,,
,6,carrier/dom_int;DC/D,A0,carrier/dom_int/station;DC/D/XWA,3295,5520,59.69%,0.14%,3313841,,,carrier/dom_int,DC/D,carrier/dom_int/station,DC/D/XWA,sys/div/dom_int/carrier/carrier/dom_int/station;DL/ACS/D/DC/DC/D/XNA,,,,
,6,carrier/dom_int;DC/I,A0,carrier/dom_int/station;DC/I/ATL,1598,2574,62.08%,1.62%,146640,144972,FALSE,carrier/dom_int,DC/I,carrier/dom_int/station,DC/I/ATL,sys/div/dom_int/carrier/carrier/dom_int/station;DL/ACS/D/DC/DC/D/XWA,,,,
,6,carrier/dom_int;DC/I,A0,carrier/dom_int/station;DC/I/AUS,74,552,13.41%,0.07%,146640,,,carrier/dom_int,DC/I,carrier/dom_int/station,DC/I/AUS,sys/div/dom_int/carrier/carrier/dom_int/station;DL/ACS/I/DC/DC/I/ATL,,,,
,6,carrier/dom_int;DC/I,A0,carrier/dom_int/station;DC/I/DTW,10837,15109,71.73%,10.97%,146640,,,carrier/dom_int,DC/I,carrier/dom_int/station,DC/I/DTW,sys/div/dom_int/carrier/carrier/dom_int/station;DL/ACS/I/DC/DC/I/AUS,,,,
,6,carrier/dom_int;DC/I,A0,carrier/dom_int/station;DC/I/ELH,605,1027,58.91%,0.61%,146640,,,carrier/dom_int,DC/I,carrier/dom_int/station,DC/I/ELH,sys/div/dom_int/carrier/carrier/dom_int/station;DL/ACS/I/DC/DC/I/DTW,,,,
,6,carrier/dom_int;DC/I,A0,carrier/dom_int/station;DC/I/GGT,296,577,51.30%,0.30%,146640,,,carrier/dom_int,DC/I,carrier/dom_int/station,DC/I/GGT,sys/div/dom_int/carrier/carrier/dom_int/station;DL/ACS/I/DC/DC/I/ELH,,,,
,6,carrier/dom_int;DC/I,A0,carrier/dom_int/station;DC/I/JFK,3918,5626,69.64%,3.96%,146640,,,carrier/dom_int,DC/I,carrier/dom_int/station,DC/I/JFK,sys/div/dom_int/carrier/carrier/dom_int/station;DL/ACS/I/DC/DC/I/GGT,,,,
,6,carrier/dom_int;DC/I,A0,carrier/dom_int/station;DC/I/LGA,11845,17282,68.54%,11.99%,146640,,,carrier/dom_int,DC/I,carrier/dom_int/station,DC/I/LGA,sys/div/dom_int/carrier/carrier/dom_int/station;DL/ACS/I/DC/DC/I/JFK,,,,
,6,carrier/dom_int;DC/I,A0,carrier/dom_int/station;DC/I/MHH,537,975,55.08%,0.54%,146640,,,carrier/dom_int,DC/I,carrier/dom_int/station,DC/I/MHH,sys/div/dom_int/carrier/carrier/dom_int/station;DL/ACS/I/DC/DC/I/LGA,,,,
,6,carrier/dom_int;DC/I,A0,carrier/dom_int/station;DC/I/MSP,9811,13050,75.18%,9.93%,146640,,,carrier/dom_int,DC/I,carrier/dom_int/station,DC/I/MSP,sys/div/dom_int/carrier/carrier/dom_int/station;DL/ACS/I/DC/DC/I/MHH,,,,
,6,carrier/dom_int;DC/I,A0,carrier/dom_int/station;DC/I/SEA,8634,11305,76.37%,8.74%,146640,,,carrier/dom_int,DC/I,carrier/dom_int/station,DC/I/SEA,sys/div/dom_int/carrier/carrier/dom_int/station;DL/ACS/I/DC/DC/I/MSP,,,,
,6,carrier/dom_int;DC/I,A0,carrier/dom_int/station;DC/I/SJD,194,564,34.40%,0.20%,146640,,,carrier/dom_int,DC/I,carrier/dom_int/station,DC/I/SJD,sys/div/dom_int/carrier/carrier/dom_int/station;DL/ACS/I/DC/DC/I/SEA,,,,
,6,carrier/dom_int;DC/I,A0,carrier/dom_int/station;DC/I/SLC,5793,7794,74.33%,5.86%,146640,,,carrier/dom_int,DC/I,carrier/dom_int/station,DC/I/SLC,sys/div/dom_int/carrier/carrier/dom_int/station;DL/ACS/I/DC/DC/I/SJD,,,,
,6,carrier/dom_int;DC/I,A0,carrier/dom_int/station;DC/I/YUL,8172,12914,63.28%,8.27%,146640,,,carrier/dom_int,DC/I,carrier/dom_int/station,DC/I/YUL,sys/div/dom_int/carrier/carrier/dom_int/station;DL/ACS/I/DC/DC/I/SLC,,,,
,6,carrier/dom_int;DC/I,A0,carrier/dom_int/station;DC/I/YVR,9237,15077,61.27%,9.35%,146640,,,carrier/dom_int,DC/I,carrier/dom_int/station,DC/I/YVR,sys/div/dom_int/carrier/carrier/dom_int/station;DL/ACS/I/DC/DC/I/YUL,,,,
,6,carrier/dom_int;DC/I,A0,carrier/dom_int/station;DC/I/YWG,4358,6832,63.79%,4.41%,146640,,,carrier/dom_int,DC/I,carrier/dom_int/station,DC/I/YWG,sys/div/dom_int/carrier/carrier/dom_int/station;DL/ACS/I/DC/DC/I/YVR,,,,
,6,carrier/dom_int;DC/I,A0,carrier/dom_int/station;DC/I/YYC,2876,4034,71.29%,2.91%,146640,,,carrier/dom_int,DC/I,carrier/dom_int/station,DC/I/YYC,sys/div/dom_int/carrier/carrier/dom_int/station;DL/ACS/I/DC/DC/I/YWG,,,,
,6,carrier/dom_int;DC/I,A0,carrier/dom_int/station;DC/I/YYZ,18692,29680,62.98%,18.92%,146640,,,carrier/dom_int,DC/I,carrier/dom_int/station,DC/I/YYZ,sys/div/dom_int/carrier/carrier/dom_int/station;DL/ACS/I/DC/DC/I/YYC,,,,
,6,carrier/dom_int;ML/D,A0,carrier/dom_int/station;ML/D/ABQ,4441,6410,69.28%,0.12%,5695776,5693725,FALSE,carrier/dom_int,ML/D,carrier/dom_int/station,ML/D/ABQ,sys/div/dom_int/carrier/carrier/dom_int/station;DL/ACS/I/DC/DC/I/YYZ,,,,
,6,carrier/dom_int;ML/D,A0,carrier/dom_int/station;ML/D/AGS,2662,3956,67.29%,0.07%,5695776,,,carrier/dom_int,ML/D,carrier/dom_int/station,ML/D/AGS,sys/div/dom_int/carrier/carrier/dom_int/station;DL/ACS/D/DC/ML/D/ABQ,,,,
,6,carrier/dom_int;ML/D,A0,carrier/dom_int/station;ML/D/ALB,4283,7382,58.02%,0.11%,5695776,,,carrier/dom_int,ML/D,carrier/dom_int/station,ML/D/ALB,sys/div/dom_int/carrier/carrier/dom_int/station;DL/ACS/D/DC/ML/D/AGS,,,,
,6,carrier/dom_int;ML/D,A0,carrier/dom_int/station;ML/D/ANC,8992,15589,57.68%,0.23%,5695776,,,carrier/dom_int,ML/D,carrier/dom_int/station,ML/D/ANC,sys/div/dom_int/carrier/carrier/dom_int/station;DL/ACS/D/DC/ML/D/ALB,,,,
,6,carrier/dom_int;ML/D,A0,carrier/dom_int/station;ML/D/ATL,990156,1319508,75.04%,25.67%,5695776,,,carrier/dom_int,ML/D,carrier/dom_int/station,ML/D/ATL,sys/div/dom_int/carrier/carrier/dom_int/station;DL/ACS/D/DC/ML/D/ANC,,,,
,6,carrier/dom_int;ML/D,A0,carrier/dom_int/station;ML/D/ATW,1553,2504,62.02%,0.04%,5695776,,,carrier/dom_int,ML/D,carrier/dom_int/station,ML/D/ATW,sys/div/dom_int/carrier/carrier/dom_int/station;DL/ACS/D/DC/ML/D/ATL,,,,
,6,carrier/dom_int;ML/D,A0,carrier/dom_int/station;ML/D/AUS,46337,71116,65.16%,1.20%,5695776,,,carrier/dom_int,ML/D,carrier/dom_int/station,ML/D/AUS,sys/div/dom_int/carrier/carrier/dom_int/station;DL/ACS/D/DC/ML/D/ATW,,,,
,6,carrier/dom_int;ML/D,A0,carrier/dom_int/station;ML/D/AVL,8617,11810,72.96%,0.22%,5695776,,,carrier/dom_int,ML/D,carrier/dom_int/station,ML/D/AVL,sys/div/dom_int/carrier/carrier/dom_int/station;DL/ACS/D/DC/ML/D/AUS,,,,
,6,carrier/dom_int;ML/D,A0,carrier/dom_int/station;ML/D/BDL,15136,23563,64.24%,0.39%,5695776,,,carrier/dom_int,ML/D,carrier/dom_int/station,ML/D/BDL,sys/div/dom_int/carrier/carrier/dom_int/station;DL/ACS/D/DC/ML/D/AVL,,,,
,6,carrier/dom_int;ML/D,A0,carrier/dom_int/station;ML/D/BHM,12866,17902,71.87%,0.33%,5695776,,,carrier/dom_int,ML/D,carrier/dom_int/station,ML/D/BHM,sys/div/dom_int/carrier/carrier/dom_int/station;DL/ACS/D/DC/ML/D/BDL,,,,
,6,carrier/dom_int;ML/D,A0,carrier/dom_int/station;ML/D/BIL,2682,4073,65.85%,0.07%,5695776,,,carrier/dom_int,ML/D,carrier/dom_int/station,ML/D/BIL,sys/div/dom_int/carrier/carrier/dom_int/station;DL/ACS/D/DC/ML/D/BHM,,,,
,6,carrier/dom_int;ML/D,A0,carrier/dom_int/station;ML/D/BIS,1413,2313,61.09%,0.04%,5695776,,,carrier/dom_int,ML/D,carrier/dom_int/station,ML/D/BIS,sys/div/dom_int/carrier/carrier/dom_int/station;DL/ACS/D/DC/ML/D/BIL,,,,
,6,carrier/dom_int;ML/D,A0,carrier/dom_int/station;ML/D/BNA,33696,50868,66.24%,0.87%,5695776,,,carrier/dom_int,ML/D,carrier/dom_int/station,ML/D/BNA,sys/div/dom_int/carrier/carrier/dom_int/station;DL/ACS/D/DC/ML/D/BIS,,,,
,6,carrier/dom_int;ML/D,A0,carrier/dom_int/station;ML/D/BOI,9180,14026,65.45%,0.24%,5695776,,,carrier/dom_int,ML/D,carrier/dom_int/station,ML/D/BOI,sys/div/dom_int/carrier/carrier/dom_int/station;DL/ACS/D/DC/ML/D/BNA,,,,
,6,carrier/dom_int;ML/D,A0,carrier/dom_int/station;ML/D/BOS,86730,143877,60.28%,2.25%,5695776,,,carrier/dom_int,ML/D,carrier/dom_int/station,ML/D/BOS,sys/div/dom_int/carrier/carrier/dom_int/station;DL/ACS/D/DC/ML/D/BOI,,,,
,6,carrier/dom_int;ML/D,A0,carrier/dom_int/station;ML/D/BTR,4052,5514,73.49%,0.11%,5695776,,,carrier/dom_int,ML/D,carrier/dom_int/station,ML/D/BTR,sys/div/dom_int/carrier/carrier/dom_int/station;DL/ACS/D/DC/ML/D/BOS,,,,
,6,carrier/dom_int;ML/D,A0,carrier/dom_int/station;ML/D/BTV,1295,2144,60.40%,0.03%,5695776,,,carrier/dom_int,ML/D,carrier/dom_int/station,ML/D/BTV,sys/div/dom_int/carrier/carrier/dom_int/station;DL/ACS/D/DC/ML/D/BTR,,,,
,6,carrier/dom_int;ML/D,A0,carrier/dom_int/station;ML/D/BUF,6119,9680,63.21%,0.16%,5695776,,,carrier/dom_int,ML/D,carrier/dom_int/station,ML/D/BUF,sys/div/dom_int/carrier/carrier/dom_int/station;DL/ACS/D/DC/ML/D/BTV,,,,
,6,carrier/dom_int;ML/D,A0,carrier/dom_int/station;ML/D/BUR,2264,4106,55.14%,0.06%,5695776,,,carrier/dom_int,ML/D,carrier/dom_int/station,ML/D/BUR,sys/div/dom_int/carrier/carrier/dom_int/station;DL/ACS/D/DC/ML/D/BUF,,,,
,6,carrier/dom_int;ML/D,A0,carrier/dom_int/station;ML/D/BWI,18145,29197,62.15%,0.47%,5695776,,,carrier/dom_int,ML/D,carrier/dom_int/station,ML/D/BWI,sys/div/dom_int/carrier/carrier/dom_int/station;DL/ACS/D/DC/ML/D/BUR,,,,
,6,carrier/dom_int;ML/D,A0,carrier/dom_int/station;ML/D/BZN,7452,11184,66.63%,0.19%,5695776,,,carrier/dom_int,ML/D,carrier/dom_int/station,ML/D/BZN,sys/div/dom_int/carrier/carrier/dom_int/station;DL/ACS/D/DC/ML/D/BWI,,,,
,6,carrier/dom_int;ML/D,A0,carrier/dom_int/station;ML/D/CAE,6910,10187,67.83%,0.18%,5695776,,,carrier/dom_int,ML/D,carrier/dom_int/station,ML/D/CAE,sys/div/dom_int/carrier/carrier/dom_int/station;DL/ACS/D/DC/ML/D/BZN,,,,
,6,carrier/dom_int;ML/D,A0,carrier/dom_int/station;ML/D/CHA,5269,7411,71.10%,0.14%,5695776,,,carrier/dom_int,ML/D,carrier/dom_int/station,ML/D/CHA,sys/div/dom_int/carrier/carrier/dom_int/station;DL/ACS/D/DC/ML/D/CAE,,,,
,6,carrier/dom_int;ML/D,A0,carrier/dom_int/station;ML/D/CHO,850,1248,68.11%,0.02%,5695776,,,carrier/dom_int,ML/D,carrier/dom_int/station,ML/D/CHO,sys/div/dom_int/carrier/carrier/dom_int/station;DL/ACS/D/DC/ML/D/CHA,,,,
,6,carrier/dom_int;ML/D,A0,carrier/dom_int/station;ML/D/CHS,16679,25608,65.13%,0.43%,5695776,,,carrier/dom_int,ML/D,carrier/dom_int/station,ML/D/CHS,sys/div/dom_int/carrier/carrier/dom_int/station;DL/ACS/D/DC/ML/D/CHO,,,,
,6,carrier/dom_int;ML/D,A0,carrier/dom_int/station;ML/D/CID,1112,2018,55.10%,0.03%,5695776,,,carrier/dom_int,ML/D,carrier/dom_int/station,ML/D/CID,sys/div/dom_int/carrier/carrier/dom_int/station;DL/ACS/D/DC/ML/D/CHS,,,,
,6,carrier/dom_int;ML/D,A0,carrier/dom_int/station;ML/D/CLE,13175,20049,65.71%,0.34%,5695776,,,carrier/dom_int,ML/D,carrier/dom_int/station,ML/D/CLE,sys/div/dom_int/carrier/carrier/dom_int/station;DL/ACS/D/DC/ML/D/CID,,,,
,6,carrier/dom_int;ML/D,A0,carrier/dom_int/station;ML/D/CLT,21067,30436,69.22%,0.55%,5695776,,,carrier/dom_int,ML/D,carrier/dom_int/station,ML/D/CLT,sys/div/dom_int/carrier/carrier/dom_int/station;DL/ACS/D/DC/ML/D/CLE,,,,
,6,carrier/dom_int;ML/D,A0,carrier/dom_int/station;ML/D/CMH,13198,20539,64.26%,0.34%,5695776,,,carrier/dom_int,ML/D,carrier/dom_int/station,ML/D/CMH,sys/div/dom_int/carrier/carrier/dom_int/station;DL/ACS/D/DC/ML/D/CLT,,,,
,6,carrier/dom_int;ML/D,A0,carrier/dom_int/station;ML/D/COS,2504,3674,68.15%,0.06%,5695776,,,carrier/dom_int,ML/D,carrier/dom_int/station,ML/D/COS,sys/div/dom_int/carrier/carrier/dom_int/station;DL/ACS/D/DC/ML/D/CMH,,,,
,6,carrier/dom_int;ML/D,A0,carrier/dom_int/station;ML/D/CVG,28687,42346,67.74%,0.74%,5695776,,,carrier/dom_int,ML/D,carrier/dom_int/station,ML/D/CVG,sys/div/dom_int/carrier/carrier/dom_int/station;DL/ACS/D/DC/ML/D/COS,,,,
,6,carrier/dom_int;ML/D,A0,carrier/dom_int/station;ML/D/DAB,6081,8225,73.93%,0.16%,5695776,,,carrier/dom_int,ML/D,carrier/dom_int/station,ML/D/DAB,sys/div/dom_int/carrier/carrier/dom_int/station;DL/ACS/D/DC/ML/D/CVG,,,,
,6,carrier/dom_int;ML/D,A0,carrier/dom_int/station;ML/D/DAL,7356,10245,71.80%,0.19%,5695776,,,carrier/dom_int,ML/D,carrier/dom_int/station,ML/D/DAL,sys/div/dom_int/carrier/carrier/dom_int/station;DL/ACS/D/DC/ML/D/DAB,,,,
,6,carrier/dom_int;ML/D,A0,carrier/dom_int/station;ML/D/DAY,5765,7780,74.10%,0.15%,5695776,,,carrier/dom_int,ML/D,carrier/dom_int/station,ML/D/DAY,sys/div/dom_int/carrier/carrier/dom_int/station;DL/ACS/D/DC/ML/D/DAL,,,,
,6,carrier/dom_int;ML/D,A0,carrier/dom_int/station;ML/D/DCA,28407,51545,55.11%,0.74%,5695776,,,carrier/dom_int,ML/D,carrier/dom_int/station,ML/D/DCA,sys/div/dom_int/carrier/carrier/dom_int/station;DL/ACS/D/DC/ML/D/DAY,,,,
,6,carrier/dom_int;ML/D,A0,carrier/dom_int/station;ML/D/DEN,38473,64242,59.89%,1.00%,5695776,,,carrier/dom_int,ML/D,carrier/dom_int/station,ML/D/DEN,sys/div/dom_int/carrier/carrier/dom_int/station;DL/ACS/D/DC/ML/D/DCA,,,,
,6,carrier/dom_int;ML/D,A0,carrier/dom_int/station;ML/D/DFW,38869,64954,59.84%,1.01%,5695776,,,carrier/dom_int,ML/D,carrier/dom_int/station,ML/D/DFW,sys/div/dom_int/carrier/carrier/dom_int/station;DL/ACS/D/DC/ML/D/DEN,,,,
,6,carrier/dom_int;ML/D,A0,carrier/dom_int/station;ML/D/DSM,5025,6869,73.15%,0.13%,5695776,,,carrier/dom_int,ML/D,carrier/dom_int/station,ML/D/DSM,sys/div/dom_int/carrier/carrier/dom_int/station;DL/ACS/D/DC/ML/D/DFW,,,,
,6,carrier/dom_int;ML/D,A0,carrier/dom_int/station;ML/D/DTW,233362,331229,70.45%,6.05%,5695776,,,carrier/dom_int,ML/D,carrier/dom_int/station,ML/D/DTW,sys/div/dom_int/carrier/carrier/dom_int/station;DL/ACS/D/DC/ML/D/DSM,,,,
,6,carrier/dom_int;ML/D,A0,carrier/dom_int/station;ML/D/ECP,9085,13013,69.81%,0.24%,5695776,,,carrier/dom_int,ML/D,carrier/dom_int/station,ML/D/ECP,sys/div/dom_int/carrier/carrier/dom_int/station;DL/ACS/D/DC/ML/D/DTW,,,,
,6,carrier/dom_int;ML/D,A0,carrier/dom_int/station;ML/D/EGE,605,1039,58.23%,0.02%,5695776,,,carrier/dom_int,ML/D,carrier/dom_int/station,ML/D/EGE,sys/div/dom_int/carrier/carrier/dom_int/station;DL/ACS/D/DC/ML/D/ECP,,,,
,6,carrier/dom_int;ML/D,A0,carrier/dom_int/station;ML/D/ELP,2470,3969,62.23%,0.06%,5695776,,,carrier/dom_int,ML/D,carrier/dom_int/station,ML/D/ELP,sys/div/dom_int/carrier/carrier/dom_int/station;DL/ACS/D/DC/ML/D/EGE,,,,
,6,carrier/dom_int;ML/D,A0,carrier/dom_int/station;ML/D/EWR,19922,36262,54.94%,0.52%,5695776,,,carrier/dom_int,ML/D,carrier/dom_int/station,ML/D/EWR,sys/div/dom_int/carrier/carrier/dom_int/station;DL/ACS/D/DC/ML/D/ELP,,,,
,6,carrier/dom_int;ML/D,A0,carrier/dom_int/station;ML/D/EYW,5320,8151,65.27%,0.14%,5695776,,,carrier/dom_int,ML/D,carrier/dom_int/station,ML/D/EYW,sys/div/dom_int/carrier/carrier/dom_int/station;DL/ACS/D/DC/ML/D/EWR,,,,
,6,carrier/dom_int;ML/D,A0,carrier/dom_int/station;ML/D/FAI,2448,3899,62.79%,0.06%,5695776,,,carrier/dom_int,ML/D,carrier/dom_int/station,ML/D/FAI,sys/div/dom_int/carrier/carrier/dom_int/station;DL/ACS/D/DC/ML/D/EYW,,,,
,6,carrier/dom_int;ML/D,A0,carrier/dom_int/station;ML/D/FAR,2528,3844,65.76%,0.07%,5695776,,,carrier/dom_int,ML/D,carrier/dom_int/station,ML/D/FAR,sys/div/dom_int/carrier/carrier/dom_int/station;DL/ACS/D/DC/ML/D/FAI,,,,
,6,carrier/dom_int;ML/D,A0,carrier/dom_int/station;ML/D/FCA,3225,4802,67.16%,0.08%,5695776,,,carrier/dom_int,ML/D,carrier/dom_int/station,ML/D/FCA,sys/div/dom_int/carrier/carrier/dom_int/station;DL/ACS/D/DC/ML/D/FAR,,,,
,6,carrier/dom_int;ML/D,A0,carrier/dom_int/station;ML/D/FLL,38781,68799,56.37%,1.01%,5695776,,,carrier/dom_int,ML/D,carrier/dom_int/station,ML/D/FLL,sys/div/dom_int/carrier/carrier/dom_int/station;DL/ACS/D/DC/ML/D/FCA,,,,
,6,carrier/dom_int;ML/D,A0,carrier/dom_int/station;ML/D/FSD,2442,4066,60.06%,0.06%,5695776,,,carrier/dom_int,ML/D,carrier/dom_int/station,ML/D/FSD,sys/div/dom_int/carrier/carrier/dom_int/station;DL/ACS/D/DC/ML/D/FLL,,,,
,6,carrier/dom_int;ML/D,A0,carrier/dom_int/station;ML/D/GEG,9340,14348,65.10%,0.24%,5695776,,,carrier/dom_int,ML/D,carrier/dom_int/station,ML/D/GEG,sys/div/dom_int/carrier/carrier/dom_int/station;DL/ACS/D/DC/ML/D/FSD,,,,
,6,carrier/dom_int;ML/D,A0,carrier/dom_int/station;ML/D/GNV,6569,8699,75.51%,0.17%,5695776,,,carrier/dom_int,ML/D,carrier/dom_int/station,ML/D/GNV,sys/div/dom_int/carrier/carrier/dom_int/station;DL/ACS/D/DC/ML/D/GEG,,,,
,6,carrier/dom_int;ML/D,A0,carrier/dom_int/station;ML/D/GPT,5287,7171,73.73%,0.14%,5695776,,,carrier/dom_int,ML/D,carrier/dom_int/station,ML/D/GPT,sys/div/dom_int/carrier/carrier/dom_int/station;DL/ACS/D/DC/ML/D/GNV,,,,
,6,carrier/dom_int;ML/D,A0,carrier/dom_int/station;ML/D/GRB,1933,3144,61.48%,0.05%,5695776,,,carrier/dom_int,ML/D,carrier/dom_int/station,ML/D/GRB,sys/div/dom_int/carrier/carrier/dom_int/station;DL/ACS/D/DC/ML/D/GPT,,,,
,6,carrier/dom_int;ML/D,A0,carrier/dom_int/station;ML/D/GRR,7499,11077,67.70%,0.19%,5695776,,,carrier/dom_int,ML/D,carrier/dom_int/station,ML/D/GRR,sys/div/dom_int/carrier/carrier/dom_int/station;DL/ACS/D/DC/ML/D/GRB,,,,
,6,carrier/dom_int;ML/D,A0,carrier/dom_int/station;ML/D/GSO,10777,15070,71.51%,0.28%,5695776,,,carrier/dom_int,ML/D,carrier/dom_int/station,ML/D/GSO,sys/div/dom_int/carrier/carrier/dom_int/station;DL/ACS/D/DC/ML/D/GRR,,,,
,6,carrier/dom_int;ML/D,A0,carrier/dom_int/station;ML/D/GSP,12261,17501,70.06%,0.32%,5695776,,,carrier/dom_int,ML/D,carrier/dom_int/station,ML/D/GSP,sys/div/dom_int/carrier/carrier/dom_int/station;DL/ACS/D/DC/ML/D/GSO,,,,
,6,carrier/dom_int;ML/D,A0,carrier/dom_int/station;ML/D/HDN,309,716,43.16%,0.01%,5695776,,,carrier/dom_int,ML/D,carrier/dom_int/station,ML/D/HDN,sys/div/dom_int/carrier/carrier/dom_int/station;DL/ACS/D/DC/ML/D/GSP,,,,
,6,carrier/dom_int;ML/D,A0,carrier/dom_int/station;ML/D/HNL,12486,20382,61.26%,0.32%,5695776,,,carrier/dom_int,ML/D,carrier/dom_int/station,ML/D/HNL,sys/div/dom_int/carrier/carrier/dom_int/station;DL/ACS/D/DC/ML/D/HDN,,,,
,6,carrier/dom_int;ML/D,A0,carrier/dom_int/station;ML/D/HOU,5264,7899,66.64%,0.14%,5695776,,,carrier/dom_int,ML/D,carrier/dom_int/station,ML/D/HOU,sys/div/dom_int/carrier/carrier/dom_int/station;DL/ACS/D/DC/ML/D/HNL,,,,
,6,carrier/dom_int;ML/D,A0,carrier/dom_int/station;ML/D/HPN,2454,3975,61.74%,0.06%,5695776,,,carrier/dom_int,ML/D,carrier/dom_int/station,ML/D/HPN,sys/div/dom_int/carrier/carrier/dom_int/station;DL/ACS/D/DC/ML/D/HOU,,,,
,6,carrier/dom_int;ML/D,A0,carrier/dom_int/station;ML/D/HRL,686,927,74.00%,0.02%,5695776,,,carrier/dom_int,ML/D,carrier/dom_int/station,ML/D/HRL,sys/div/dom_int/carrier/carrier/dom_int/station;DL/ACS/D/DC/ML/D/HPN,,,,
,6,carrier/dom_int;ML/D,A0,carrier/dom_int/station;ML/D/HSV,8862,12136,73.02%,0.23%,5695776,,,carrier/dom_int,ML/D,carrier/dom_int/station,ML/D/HSV,sys/div/dom_int/carrier/carrier/dom_int/station;DL/ACS/D/DC/ML/D/HRL,,,,
,6,carrier/dom_int;ML/D,A0,carrier/dom_int/station;ML/D/IAD,9406,16317,57.65%,0.24%,5695776,,,carrier/dom_int,ML/D,carrier/dom_int/station,ML/D/IAD,sys/div/dom_int/carrier/carrier/dom_int/station;DL/ACS/D/DC/ML/D/HSV,,,,
,6,carrier/dom_int;ML/D,A0,carrier/dom_int/station;ML/D/IAH,28984,45648,63.49%,0.75%,5695776,,,carrier/dom_int,ML/D,carrier/dom_int/station,ML/D/IAH,sys/div/dom_int/carrier/carrier/dom_int/station;DL/ACS/D/DC/ML/D/IAD,,,,
,6,carrier/dom_int;ML/D,A0,carrier/dom_int/station;ML/D/ICT,4970,6571,75.64%,0.13%,5695776,,,carrier/dom_int,ML/D,carrier/dom_int/station,ML/D/ICT,sys/div/dom_int/carrier/carrier/dom_int/station;DL/ACS/D/DC/ML/D/IAH,,,,
,6,carrier/dom_int;ML/D,A0,carrier/dom_int/station;ML/D/IDA,1132,1802,62.82%,0.03%,5695776,,,carrier/dom_int,ML/D,carrier/dom_int/station,ML/D/IDA,sys/div/dom_int/carrier/carrier/dom_int/station;DL/ACS/D/DC/ML/D/ICT,,,,
,6,carrier/dom_int;ML/D,A0,carrier/dom_int/station;ML/D/ILM,4831,6692,72.19%,0.13%,5695776,,,carrier/dom_int,ML/D,carrier/dom_int/station,ML/D/ILM,sys/div/dom_int/carrier/carrier/dom_int/station;DL/ACS/D/DC/ML/D/IDA,,,,
,6,carrier/dom_int;ML/D,A0,carrier/dom_int/station;ML/D/IND,17859,25117,71.10%,0.46%,5695776,,,carrier/dom_int,ML/D,carrier/dom_int/station,ML/D/IND,sys/div/dom_int/carrier/carrier/dom_int/station;DL/ACS/D/DC/ML/D/ILM,,,,
,6,carrier/dom_int;ML/D,A0,carrier/dom_int/station;ML/D/JAC,3468,5281,65.67%,0.09%,5695776,,,carrier/dom_int,ML/D,carrier/dom_int/station,ML/D/JAC,sys/div/dom_int/carrier/carrier/dom_int/station;DL/ACS/D/DC/ML/D/IND,,,,
,6,carrier/dom_int;ML/D,A0,carrier/dom_int/station;ML/D/JAN,8221,11202,73.39%,0.21%,5695776,,,carrier/dom_int,ML/D,carrier/dom_int/station,ML/D/JAN,sys/div/dom_int/carrier/carrier/dom_int/station;DL/ACS/D/DC/ML/D/JAC,,,,
,6,carrier/dom_int;ML/D,A0,carrier/dom_int/station;ML/D/JAX,17692,28759,61.52%,0.46%,5695776,,,carrier/dom_int,ML/D,carrier/dom_int/station,ML/D/JAX,sys/div/dom_int/carrier/carrier/dom_int/station;DL/ACS/D/DC/ML/D/JAN,,,,
,6,carrier/dom_int;ML/D,A0,carrier/dom_int/station;ML/D/JFK,115338,166931,69.09%,2.99%,5695776,,,carrier/dom_int,ML/D,carrier/dom_int/station,ML/D/JFK,sys/div/dom_int/carrier/carrier/dom_int/station;DL/ACS/D/DC/ML/D/JAX,,,,
,6,carrier/dom_int;ML/D,A0,carrier/dom_int/station;ML/D/KOA,2954,4493,65.75%,0.08%,5695776,,,carrier/dom_int,ML/D,carrier/dom_int/station,ML/D/KOA,sys/div/dom_int/carrier/carrier/dom_int/station;DL/ACS/D/DC/ML/D/JFK,,,,
,6,carrier/dom_int;ML/D,A0,carrier/dom_int/station;ML/D/LAS,54515,86450,63.06%,1.41%,5695776,,,carrier/dom_int,ML/D,carrier/dom_int/station,ML/D/LAS,sys/div/dom_int/carrier/carrier/dom_int/station;DL/ACS/D/DC/ML/D/KOA,,,,
,6,carrier/dom_int;ML/D,A0,carrier/dom_int/station;ML/D/LAX,140206,204154,68.68%,3.64%,5695776,,,carrier/dom_int,ML/D,carrier/dom_int/station,ML/D/LAX,sys/div/dom_int/carrier/carrier/dom_int/station;DL/ACS/D/DC/ML/D/LAS,,,,
,6,carrier/dom_int;ML/D,A0,carrier/dom_int/station;ML/D/LEX,8430,11194,75.31%,0.22%,5695776,,,carrier/dom_int,ML/D,carrier/dom_int/station,ML/D/LEX,sys/div/dom_int/carrier/carrier/dom_int/station;DL/ACS/D/DC/ML/D/LAX,,,,
,6,carrier/dom_int;ML/D,A0,carrier/dom_int/station;ML/D/LGA,100315,161169,62.24%,2.60%,5695776,,,carrier/dom_int,ML/D,carrier/dom_int/station,ML/D/LGA,sys/div/dom_int/carrier/carrier/dom_int/station;DL/ACS/D/DC/ML/D/LEX,,,,
,6,carrier/dom_int;ML/D,A0,carrier/dom_int/station;ML/D/LGB,1802,2416,74.59%,0.05%,5695776,,,carrier/dom_int,ML/D,carrier/dom_int/station,ML/D/LGB,sys/div/dom_int/carrier/carrier/dom_int/station;DL/ACS/D/DC/ML/D/LGA,,,,
,6,carrier/dom_int;ML/D,A0,carrier/dom_int/station;ML/D/LIH,2634,4028,65.39%,0.07%,5695776,,,carrier/dom_int,ML/D,carrier/dom_int/station,ML/D/LIH,sys/div/dom_int/carrier/carrier/dom_int/station;DL/ACS/D/DC/ML/D/LGB,,,,
,6,carrier/dom_int;ML/D,A0,carrier/dom_int/station;ML/D/LIT,9301,12485,74.50%,0.24%,5695776,,,carrier/dom_int,ML/D,carrier/dom_int/station,ML/D/LIT,sys/div/dom_int/carrier/carrier/dom_int/station;DL/ACS/D/DC/ML/D/LIH,,,,
,6,carrier/dom_int;ML/D,A0,carrier/dom_int/station;ML/D/MCI,29455,44111,66.77%,0.76%,5695776,,,carrier/dom_int,ML/D,carrier/dom_int/station,ML/D/MCI,sys/div/dom_int/carrier/carrier/dom_int/station;DL/ACS/D/DC/ML/D/LIT,,,,
,6,carrier/dom_int;ML/D,A0,carrier/dom_int/station;ML/D/MCO,65617,115276,56.92%,1.70%,5695776,,,carrier/dom_int,ML/D,carrier/dom_int/station,ML/D/MCO,sys/div/dom_int/carrier/carrier/dom_int/station;DL/ACS/D/DC/ML/D/MCI,,,,
,6,carrier/dom_int;ML/D,A0,carrier/dom_int/station;ML/D/MDT,3427,5300,64.66%,0.09%,5695776,,,carrier/dom_int,ML/D,carrier/dom_int/station,ML/D/MDT,sys/div/dom_int/carrier/carrier/dom_int/station;DL/ACS/D/DC/ML/D/MCO,,,,
,6,carrier/dom_int;ML/D,A0,carrier/dom_int/station;ML/D/MDW,4899,7568,64.73%,0.13%,5695776,,,carrier/dom_int,ML/D,carrier/dom_int/station,ML/D/MDW,sys/div/dom_int/carrier/carrier/dom_int/station;DL/ACS/D/DC/ML/D/MDT,,,,
,6,carrier/dom_int;ML/D,A0,carrier/dom_int/station;ML/D/MEM,15957,23478,67.97%,0.41%,5695776,,,carrier/dom_int,ML/D,carrier/dom_int/station,ML/D/MEM,sys/div/dom_int/carrier/carrier/dom_int/station;DL/ACS/D/DC/ML/D/MDW,,,,
,6,carrier/dom_int;ML/D,A0,carrier/dom_int/station;ML/D/MIA,34819,62455,55.75%,0.90%,5695776,,,carrier/dom_int,ML/D,carrier/dom_int/station,ML/D/MIA,sys/div/dom_int/carrier/carrier/dom_int/station;DL/ACS/D/DC/ML/D/MEM,,,,
,6,carrier/dom_int;ML/D,A0,carrier/dom_int/station;ML/D/MKE,14880,21381,69.59%,0.39%,5695776,,,carrier/dom_int,ML/D,carrier/dom_int/station,ML/D/MKE,sys/div/dom_int/carrier/carrier/dom_int/station;DL/ACS/D/DC/ML/D/MIA,,,,
,6,carrier/dom_int;ML/D,A0,carrier/dom_int/station;ML/D/MLB,5739,7980,71.92%,0.15%,5695776,,,carrier/dom_int,ML/D,carrier/dom_int/station,ML/D/MLB,sys/div/dom_int/carrier/carrier/dom_int/station;DL/ACS/D/DC/ML/D/MKE,,,,
,6,carrier/dom_int;ML/D,A0,carrier/dom_int/station;ML/D/MOB,2975,4364,68.17%,0.08%,5695776,,,carrier/dom_int,ML/D,carrier/dom_int/station,ML/D/MOB,sys/div/dom_int/carrier/carrier/dom_int/station;DL/ACS/D/DC/ML/D/MLB,,,,
,6,carrier/dom_int;ML/D,A0,carrier/dom_int/station;ML/D/MSN,6486,9595,67.60%,0.17%,5695776,,,carrier/dom_int,ML/D,carrier/dom_int/station,ML/D/MSN,sys/div/dom_int/carrier/carrier/dom_int/station;DL/ACS/D/DC/ML/D/MOB,,,,
,6,carrier/dom_int;ML/D,A0,carrier/dom_int/station;ML/D/MSO,3266,5100,64.04%,0.08%,5695776,,,carrier/dom_int,ML/D,carrier/dom_int/station,ML/D/MSO,sys/div/dom_int/carrier/carrier/dom_int/station;DL/ACS/D/DC/ML/D/MSN,,,,
,6,carrier/dom_int;ML/D,A0,carrier/dom_int/station;ML/D/MSP,253804,360677,70.37%,6.58%,5695776,,,carrier/dom_int,ML/D,carrier/dom_int/station,ML/D/MSP,sys/div/dom_int/carrier/carrier/dom_int/station;DL/ACS/D/DC/ML/D/MSO,,,,
,6,carrier/dom_int;ML/D,A0,carrier/dom_int/station;ML/D/MSY,28383,40909,69.38%,0.74%,5695776,,,carrier/dom_int,ML/D,carrier/dom_int/station,ML/D/MSY,sys/div/dom_int/carrier/carrier/dom_int/station;DL/ACS/D/DC/ML/D/MSP,,,,
,6,carrier/dom_int;ML/D,A0,carrier/dom_int/station;ML/D/MTJ,290,504,57.54%,0.01%,5695776,,,carrier/dom_int,ML/D,carrier/dom_int/station,ML/D/MTJ,sys/div/dom_int/carrier/carrier/dom_int/station;DL/ACS/D/DC/ML/D/MSY,,,,
,6,carrier/dom_int;ML/D,A0,carrier/dom_int/station;ML/D/MYR,8207,12133,67.64%,0.21%,5695776,,,carrier/dom_int,ML/D,carrier/dom_int/station,ML/D/MYR,sys/div/dom_int/carrier/carrier/dom_int/station;DL/ACS/D/DC/ML/D/MTJ,,,,
,6,carrier/dom_int;ML/D,A0,carrier/dom_int/station;ML/D/OGG,4755,6592,72.13%,0.12%,5695776,,,carrier/dom_int,ML/D,carrier/dom_int/station,ML/D/OGG,sys/div/dom_int/carrier/carrier/dom_int/station;DL/ACS/D/DC/ML/D/MYR,,,,
,6,carrier/dom_int;ML/D,A0,carrier/dom_int/station;ML/D/OKC,6479,9407,68.87%,0.17%,5695776,,,carrier/dom_int,ML/D,carrier/dom_int/station,ML/D/OKC,sys/div/dom_int/carrier/carrier/dom_int/station;DL/ACS/D/DC/ML/D/OGG,,,,
,6,carrier/dom_int;ML/D,A0,carrier/dom_int/station;ML/D/OMA,6280,9486,66.20%,0.16%,5695776,,,carrier/dom_int,ML/D,carrier/dom_int/station,ML/D/OMA,sys/div/dom_int/carrier/carrier/dom_int/station;DL/ACS/D/DC/ML/D/OKC,,,,
,6,carrier/dom_int;ML/D,A0,carrier/dom_int/station;ML/D/ONT,6705,10421,64.34%,0.17%,5695776,,,carrier/dom_int,ML/D,carrier/dom_int/station,ML/D/ONT,sys/div/dom_int/carrier/carrier/dom_int/station;DL/ACS/D/DC/ML/D/OMA,,,,
,6,carrier/dom_int;ML/D,A0,carrier/dom_int/station;ML/D/ORD,30516,58576,52.10%,0.79%,5695776,,,carrier/dom_int,ML/D,carrier/dom_int/station,ML/D/ORD,sys/div/dom_int/carrier/carrier/dom_int/station;DL/ACS/D/DC/ML/D/ONT,,,,
,6,carrier/dom_int;ML/D,A0,carrier/dom_int/station;ML/D/ORF,10695,18091,59.12%,0.28%,5695776,,,carrier/dom_int,ML/D,carrier/dom_int/station,ML/D/ORF,sys/div/dom_int/carrier/carrier/dom_int/station;DL/ACS/D/DC/ML/D/ORD,,,,
,6,carrier/dom_int;ML/D,A0,carrier/dom_int/station;ML/D/PBI,22121,38664,57.21%,0.57%,5695776,,,carrier/dom_int,ML/D,carrier/dom_int/station,ML/D/PBI,sys/div/dom_int/carrier/carrier/dom_int/station;DL/ACS/D/DC/ML/D/ORF,,,,
,6,carrier/dom_int;ML/D,A0,carrier/dom_int/station;ML/D/PDX,27845,40823,68.21%,0.72%,5695776,,,carrier/dom_int,ML/D,carrier/dom_int/station,ML/D/PDX,sys/div/dom_int/carrier/carrier/dom_int/station;DL/ACS/D/DC/ML/D/PBI,,,,
,6,carrier/dom_int;ML/D,A0,carrier/dom_int/station;ML/D/PHL,21113,35096,60.16%,0.55%,5695776,,,carrier/dom_int,ML/D,carrier/dom_int/station,ML/D/PHL,sys/div/dom_int/carrier/carrier/dom_int/station;DL/ACS/D/DC/ML/D/PDX,,,,
,6,carrier/dom_int;ML/D,A0,carrier/dom_int/station;ML/D/PHX,35243,58880,59.86%,0.91%,5695776,,,carrier/dom_int,ML/D,carrier/dom_int/station,ML/D/PHX,sys/div/dom_int/carrier/carrier/dom_int/station;DL/ACS/D/DC/ML/D/PHL,,,,
,6,carrier/dom_int;ML/D,A0,carrier/dom_int/station;ML/D/PIT,11860,17942,66.10%,0.31%,5695776,,,carrier/dom_int,ML/D,carrier/dom_int/station,ML/D/PIT,sys/div/dom_int/carrier/carrier/dom_int/station;DL/ACS/D/DC/ML/D/PHX,,,,
,6,carrier/dom_int;ML/D,A0,carrier/dom_int/station;ML/D/PNS,10567,15515,68.11%,0.27%,5695776,,,carrier/dom_int,ML/D,carrier/dom_int/station,ML/D/PNS,sys/div/dom_int/carrier/carrier/dom_int/station;DL/ACS/D/DC/ML/D/PIT,,,,
,6,carrier/dom_int;ML/D,A0,carrier/dom_int/station;ML/D/PSC,2164,3439,62.93%,0.06%,5695776,,,carrier/dom_int,ML/D,carrier/dom_int/station,ML/D/PSC,sys/div/dom_int/carrier/carrier/dom_int/station;DL/ACS/D/DC/ML/D/PNS,,,,
,6,carrier/dom_int;ML/D,A0,carrier/dom_int/station;ML/D/PSP,2560,4046,63.27%,0.07%,5695776,,,carrier/dom_int,ML/D,carrier/dom_int/station,ML/D/PSP,sys/div/dom_int/carrier/carrier/dom_int/station;DL/ACS/D/DC/ML/D/PSC,,,,
,6,carrier/dom_int;ML/D,A0,carrier/dom_int/station;ML/D/PVD,4020,6973,57.65%,0.10%,5695776,,,carrier/dom_int,ML/D,carrier/dom_int/station,ML/D/PVD,sys/div/dom_int/carrier/carrier/dom_int/station;DL/ACS/D/DC/ML/D/PSP,,,,
,6,carrier/dom_int;ML/D,A0,carrier/dom_int/station;ML/D/PWM,4729,7077,66.82%,0.12%,5695776,,,carrier/dom_int,ML/D,carrier/dom_int/station,ML/D/PWM,sys/div/dom_int/carrier/carrier/dom_int/station;DL/ACS/D/DC/ML/D/PVD,,,,
,6,carrier/dom_int;ML/D,A0,carrier/dom_int/station;ML/D/RDU,45180,66663,67.77%,1.17%,5695776,,,carrier/dom_int,ML/D,carrier/dom_int/station,ML/D/RDU,sys/div/dom_int/carrier/carrier/dom_int/station;DL/ACS/D/DC/ML/D/PWM,,,,
,6,carrier/dom_int;ML/D,A0,carrier/dom_int/station;ML/D/RIC,10292,16058,64.09%,0.27%,5695776,,,carrier/dom_int,ML/D,carrier/dom_int/station,ML/D/RIC,sys/div/dom_int/carrier/carrier/dom_int/station;DL/ACS/D/DC/ML/D/RDU,,,,
,6,carrier/dom_int;ML/D,A0,carrier/dom_int/station;ML/D/RNO,4144,6290,65.88%,0.11%,5695776,,,carrier/dom_int,ML/D,carrier/dom_int/station,ML/D/RNO,sys/div/dom_int/carrier/carrier/dom_int/station;DL/ACS/D/DC/ML/D/RIC,,,,
,6,carrier/dom_int;ML/D,A0,carrier/dom_int/station;ML/D/ROA,1437,1999,71.89%,0.04%,5695776,,,carrier/dom_int,ML/D,carrier/dom_int/station,ML/D/ROA,sys/div/dom_int/carrier/carrier/dom_int/station;DL/ACS/D/DC/ML/D/RNO,,,,
,6,carrier/dom_int;ML/D,A0,carrier/dom_int/station;ML/D/ROC,3304,5982,55.23%,0.09%,5695776,,,carrier/dom_int,ML/D,carrier/dom_int/station,ML/D/ROC,sys/div/dom_int/carrier/carrier/dom_int/station;DL/ACS/D/DC/ML/D/ROA,,,,
,6,carrier/dom_int;ML/D,A0,carrier/dom_int/station;ML/D/RSW,25160,40210,62.57%,0.65%,5695776,,,carrier/dom_int,ML/D,carrier/dom_int/station,ML/D/RSW,sys/div/dom_int/carrier/carrier/dom_int/station;DL/ACS/D/DC/ML/D/ROC,,,,
,6,carrier/dom_int;ML/D,A0,carrier/dom_int/station;ML/D/SAN,31627,53141,59.52%,0.82%,5695776,,,carrier/dom_int,ML/D,carrier/dom_int/station,ML/D/SAN,sys/div/dom_int/carrier/carrier/dom_int/station;DL/ACS/D/DC/ML/D/RSW,,,,
,6,carrier/dom_int;ML/D,A0,carrier/dom_int/station;ML/D/SAT,25101,37838,66.34%,0.65%,5695776,,,carrier/dom_int,ML/D,carrier/dom_int/station,ML/D/SAT,sys/div/dom_int/carrier/carrier/dom_int/station;DL/ACS/D/DC/ML/D/SAN,,,,
,6,carrier/dom_int;ML/D,A0,carrier/dom_int/station;ML/D/SAV,14157,20109,70.40%,0.37%,5695776,,,carrier/dom_int,ML/D,carrier/dom_int/station,ML/D/SAV,sys/div/dom_int/carrier/carrier/dom_int/station;DL/ACS/D/DC/ML/D/SAT,,,,
,6,carrier/dom_int;ML/D,A0,carrier/dom_int/station;ML/D/SBA,1489,2620,56.83%,0.04%,5695776,,,carrier/dom_int,ML/D,carrier/dom_int/station,ML/D/SBA,sys/div/dom_int/carrier/carrier/dom_int/station;DL/ACS/D/DC/ML/D/SAV,,,,
,6,carrier/dom_int;ML/D,A0,carrier/dom_int/station;ML/D/SDF,10633,14733,72.17%,0.28%,5695776,,,carrier/dom_int,ML/D,carrier/dom_int/station,ML/D/SDF,sys/div/dom_int/carrier/carrier/dom_int/station;DL/ACS/D/DC/ML/D/SBA,,,,
,6,carrier/dom_int;ML/D,A0,carrier/dom_int/station;ML/D/SEA,122070,178085,68.55%,3.16%,5695776,,,carrier/dom_int,ML/D,carrier/dom_int/station,ML/D/SEA,sys/div/dom_int/carrier/carrier/dom_int/station;DL/ACS/D/DC/ML/D/SDF,,,,
,6,carrier/dom_int;ML/D,A0,carrier/dom_int/station;ML/D/SFO,41383,75927,54.50%,1.07%,5695776,,,carrier/dom_int,ML/D,carrier/dom_int/station,ML/D/SFO,sys/div/dom_int/carrier/carrier/dom_int/station;DL/ACS/D/DC/ML/D/SEA,,,,
,6,carrier/dom_int;ML/D,A0,carrier/dom_int/station;ML/D/SGF,1796,2792,64.33%,0.05%,5695776,,,carrier/dom_int,ML/D,carrier/dom_int/station,ML/D/SGF,sys/div/dom_int/carrier/carrier/dom_int/station;DL/ACS/D/DC/ML/D/SFO,,,,
,6,carrier/dom_int;ML/D,A0,carrier/dom_int/station;ML/D/SJC,9789,14452,67.73%,0.25%,5695776,,,carrier/dom_int,ML/D,carrier/dom_int/station,ML/D/SJC,sys/div/dom_int/carrier/carrier/dom_int/station;DL/ACS/D/DC/ML/D/SGF,,,,
,6,carrier/dom_int;ML/D,A0,carrier/dom_int/station;ML/D/SJU,10936,19539,55.97%,0.28%,5695776,,,carrier/dom_int,ML/D,carrier/dom_int/station,ML/D/SJU,sys/div/dom_int/carrier/carrier/dom_int/station;DL/ACS/D/DC/ML/D/SJC,,,,
,6,carrier/dom_int;ML/D,A0,carrier/dom_int/station;ML/D/SLC,214687,300811,71.37%,5.57%,5695776,,,carrier/dom_int,ML/D,carrier/dom_int/station,ML/D/SLC,sys/div/dom_int/carrier/carrier/dom_int/station;DL/ACS/D/DC/ML/D/SJU,,,,
,6,carrier/dom_int;ML/D,A0,carrier/dom_int/station;ML/D/SMF,13214,19397,68.12%,0.34%,5695776,,,carrier/dom_int,ML/D,carrier/dom_int/station,ML/D/SMF,sys/div/dom_int/carrier/carrier/dom_int/station;DL/ACS/D/DC/ML/D/SLC,,,,
,6,carrier/dom_int;ML/D,A0,carrier/dom_int/station;ML/D/SNA,15077,25902,58.21%,0.39%,5695776,,,carrier/dom_int,ML/D,carrier/dom_int/station,ML/D/SNA,sys/div/dom_int/carrier/carrier/dom_int/station;DL/ACS/D/DC/ML/D/SMF,,,,
,6,carrier/dom_int;ML/D,A0,carrier/dom_int/station;ML/D/SRQ,11173,17515,63.79%,0.29%,5695776,,,carrier/dom_int,ML/D,carrier/dom_int/station,ML/D/SRQ,sys/div/dom_int/carrier/carrier/dom_int/station;DL/ACS/D/DC/ML/D/SNA,,,,
,6,carrier/dom_int;ML/D,A0,carrier/dom_int/station;ML/D/STL,21058,29635,71.06%,0.55%,5695776,,,carrier/dom_int,ML/D,carrier/dom_int/station,ML/D/STL,sys/div/dom_int/carrier/carrier/dom_int/station;DL/ACS/D/DC/ML/D/SRQ,,,,
,6,carrier/dom_int;ML/D,A0,carrier/dom_int/station;ML/D/STT,2730,5286,51.65%,0.07%,5695776,,,carrier/dom_int,ML/D,carrier/dom_int/station,ML/D/STT,sys/div/dom_int/carrier/carrier/dom_int/station;DL/ACS/D/DC/ML/D/STL,,,,
,6,carrier/dom_int;ML/D,A0,carrier/dom_int/station;ML/D/STX,283,631,44.85%,0.01%,5695776,,,carrier/dom_int,ML/D,carrier/dom_int/station,ML/D/STX,sys/div/dom_int/carrier/carrier/dom_int/station;DL/ACS/D/DC/ML/D/STT,,,,
,6,carrier/dom_int;ML/D,A0,carrier/dom_int/station;ML/D/SYR,4798,7731,62.06%,0.12%,5695776,,,carrier/dom_int,ML/D,carrier/dom_int/station,ML/D/SYR,sys/div/dom_int/carrier/carrier/dom_int/station;DL/ACS/D/DC/ML/D/STX,,,,
,6,carrier/dom_int;ML/D,A0,carrier/dom_int/station;ML/D/TLH,6828,10132,67.39%,0.18%,5695776,,,carrier/dom_int,ML/D,carrier/dom_int/station,ML/D/TLH,sys/div/dom_int/carrier/carrier/dom_int/station;DL/ACS/D/DC/ML/D/SYR,,,,
,6,carrier/dom_int;ML/D,A0,carrier/dom_int/station;ML/D/TPA,45670,75305,60.65%,1.18%,5695776,,,carrier/dom_int,ML/D,carrier/dom_int/station,ML/D/TPA,sys/div/dom_int/carrier/carrier/dom_int/station;DL/ACS/D/DC/ML/D/TLH,,,,
,6,carrier/dom_int;ML/D,A0,carrier/dom_int/station;ML/D/TRI,1820,2477,73.48%,0.05%,5695776,,,carrier/dom_int,ML/D,carrier/dom_int/station,ML/D/TRI,sys/div/dom_int/carrier/carrier/dom_int/station;DL/ACS/D/DC/ML/D/TPA,,,,
,6,carrier/dom_int;ML/D,A0,carrier/dom_int/station;ML/D/TUL,6365,8693,73.22%,0.17%,5695776,,,carrier/dom_int,ML/D,carrier/dom_int/station,ML/D/TUL,sys/div/dom_int/carrier/carrier/dom_int/station;DL/ACS/D/DC/ML/D/TRI,,,,
,6,carrier/dom_int;ML/D,A0,carrier/dom_int/station;ML/D/TUS,3493,5854,59.67%,0.09%,5695776,,,carrier/dom_int,ML/D,carrier/dom_int/station,ML/D/TUS,sys/div/dom_int/carrier/carrier/dom_int/station;DL/ACS/D/DC/ML/D/TUL,,,,
,6,carrier/dom_int;ML/D,A0,carrier/dom_int/station;ML/D/TVC,1633,2615,62.45%,0.04%,5695776,,,carrier/dom_int,ML/D,carrier/dom_int/station,ML/D/TVC,sys/div/dom_int/carrier/carrier/dom_int/station;DL/ACS/D/DC/ML/D/TUS,,,,
,6,carrier/dom_int;ML/D,A0,carrier/dom_int/station;ML/D/TYS,6764,9530,70.98%,0.18%,5695776,,,carrier/dom_int,ML/D,carrier/dom_int/station,ML/D/TYS,sys/div/dom_int/carrier/carrier/dom_int/station;DL/ACS/D/DC/ML/D/TVC,,,,
,6,carrier/dom_int;ML/D,A0,carrier/dom_int/station;ML/D/VPS,10536,14429,73.02%,0.27%,5695776,,,carrier/dom_int,ML/D,carrier/dom_int/station,ML/D/VPS,sys/div/dom_int/carrier/carrier/dom_int/station;DL/ACS/D/DC/ML/D/TYS,,,,
,6,carrier/dom_int;ML/D,A0,carrier/dom_int/station;ML/D/XNA,1771,2560,69.18%,0.05%,5695776,,,carrier/dom_int,ML/D,carrier/dom_int/station,ML/D/XNA,sys/div/dom_int/carrier/carrier/dom_int/station;DL/ACS/D/DC/ML/D/VPS,,,,
,6,carrier/dom_int;ML/I,A0,carrier/dom_int/station;ML/I/ACC,1101,2326,47.33%,0.22%,798740,785107,FALSE,carrier/dom_int,ML/I,carrier/dom_int/station,ML/I/ACC,sys/div/dom_int/carrier/carrier/dom_int/station;DL/ACS/D/DC/ML/D/XNA,,,,
,6,carrier/dom_int;ML/I,A0,carrier/dom_int/station;ML/I/AKL,539,1040,51.83%,0.11%,798740,,,carrier/dom_int,ML/I,carrier/dom_int/station,ML/I/AKL,sys/div/dom_int/carrier/carrier/dom_int/station;DL/ACS/I/DC/ML/I/ACC,,,,
,6,carrier/dom_int;ML/I,A0,carrier/dom_int/station;ML/I/AMS,17467,29894,58.43%,3.53%,798740,,,carrier/dom_int,ML/I,carrier/dom_int/station,ML/I/AMS,sys/div/dom_int/carrier/carrier/dom_int/station;DL/ACS/I/DC/ML/I/AKL,,,,
,6,carrier/dom_int;ML/I,A0,carrier/dom_int/station;ML/I/ANU,199,403,49.38%,0.04%,798740,,,carrier/dom_int,ML/I,carrier/dom_int/station,ML/I/ANU,sys/div/dom_int/carrier/carrier/dom_int/station;DL/ACS/I/DC/ML/I/AMS,,,,
,6,carrier/dom_int;ML/I,A0,carrier/dom_int/station;ML/I/ATH,3315,5558,59.64%,0.67%,798740,,,carrier/dom_int,ML/I,carrier/dom_int/station,ML/I/ATH,sys/div/dom_int/carrier/carrier/dom_int/station;DL/ACS/I/DC/ML/I/ANU,,,,
,6,carrier/dom_int;ML/I,A0,carrier/dom_int/station;ML/I/ATL,113593,167790,67.70%,22.94%,798740,,,carrier/dom_int,ML/I,carrier/dom_int/station,ML/I/ATL,sys/div/dom_int/carrier/carrier/dom_int/station;DL/ACS/I/DC/ML/I/ATH,,,,
,6,carrier/dom_int;ML/I,A0,carrier/dom_int/station;ML/I/AUA,3826,5634,67.91%,0.77%,798740,,,carrier/dom_int,ML/I,carrier/dom_int/station,ML/I/AUA,sys/div/dom_int/carrier/carrier/dom_int/station;DL/ACS/I/DC/ML/I/ATL,,,,
,6,carrier/dom_int;ML/I,A0,carrier/dom_int/station;ML/I/AUS,430,564,76.24%,0.09%,798740,,,carrier/dom_int,ML/I,carrier/dom_int/station,ML/I/AUS,sys/div/dom_int/carrier/carrier/dom_int/station;DL/ACS/I/DC/ML/I/AUA,,,,
,6,carrier/dom_int;ML/I,A0,carrier/dom_int/station;ML/I/BCN,3048,5100,59.76%,0.62%,798740,,,carrier/dom_int,ML/I,carrier/dom_int/station,ML/I/BCN,sys/div/dom_int/carrier/carrier/dom_int/station;DL/ACS/I/DC/ML/I/AUS,,,,
,6,carrier/dom_int;ML/I,A0,carrier/dom_int/station;ML/I/BDA,1490,1997,74.61%,0.30%,798740,,,carrier/dom_int,ML/I,carrier/dom_int/station,ML/I/BDA,sys/div/dom_int/carrier/carrier/dom_int/station;DL/ACS/I/DC/ML/I/BCN,,,,
,6,carrier/dom_int;ML/I,A0,carrier/dom_int/station;ML/I/BGI,932,1504,61.97%,0.19%,798740,,,carrier/dom_int,ML/I,carrier/dom_int/station,ML/I/BGI,sys/div/dom_int/carrier/carrier/dom_int/station;DL/ACS/I/DC/ML/I/BDA,,,,
,6,carrier/dom_int;ML/I,A0,carrier/dom_int/station;ML/I/BNA,9,80,11.25%,0.00%,798740,,,carrier/dom_int,ML/I,carrier/dom_int/station,ML/I/BNA,sys/div/dom_int/carrier/carrier/dom_int/station;DL/ACS/I/DC/ML/I/BGI,,,,
,6,carrier/dom_int;ML/I,A0,carrier/dom_int/station;ML/I/BNE,178,367,48.50%,0.04%,798740,,,carrier/dom_int,ML/I,carrier/dom_int/station,ML/I/BNE,sys/div/dom_int/carrier/carrier/dom_int/station;DL/ACS/I/DC/ML/I/BNA,,,,
,6,carrier/dom_int;ML/I,A0,carrier/dom_int/station;ML/I/BOG,1649,3839,42.95%,0.33%,798740,,,carrier/dom_int,ML/I,carrier/dom_int/station,ML/I/BOG,sys/div/dom_int/carrier/carrier/dom_int/station;DL/ACS/I/DC/ML/I/BNE,,,,
,6,carrier/dom_int;ML/I,A0,carrier/dom_int/station;ML/I/BON,218,385,56.62%,0.04%,798740,,,carrier/dom_int,ML/I,carrier/dom_int/station,ML/I/BON,sys/div/dom_int/carrier/carrier/dom_int/station;DL/ACS/I/DC/ML/I/BOG,,,,
,6,carrier/dom_int;ML/I,A0,carrier/dom_int/station;ML/I/BOS,10752,18787,57.23%,2.17%,798740,,,carrier/dom_int,ML/I,carrier/dom_int/station,ML/I/BOS,sys/div/dom_int/carrier/carrier/dom_int/station;DL/ACS/I/DC/ML/I/BON,,,,
,6,carrier/dom_int;ML/I,A0,carrier/dom_int/station;ML/I/BRU,733,1390,52.73%,0.15%,798740,,,carrier/dom_int,ML/I,carrier/dom_int/station,ML/I/BRU,sys/div/dom_int/carrier/carrier/dom_int/station;DL/ACS/I/DC/ML/I/BOS,,,,
,6,carrier/dom_int;ML/I,A0,carrier/dom_int/station;ML/I/BZE,1437,2212,64.96%,0.29%,798740,,,carrier/dom_int,ML/I,carrier/dom_int/station,ML/I/BZE,sys/div/dom_int/carrier/carrier/dom_int/station;DL/ACS/I/DC/ML/I/BRU,,,,
,6,carrier/dom_int;ML/I,A0,carrier/dom_int/station;ML/I/CDG,13107,22389,58.54%,2.65%,798740,,,carrier/dom_int,ML/I,carrier/dom_int/station,ML/I/CDG,sys/div/dom_int/carrier/carrier/dom_int/station;DL/ACS/I/DC/ML/I/BZE,,,,
,6,carrier/dom_int;ML/I,A0,carrier/dom_int/station;ML/I/CPT,422,1109,38.05%,0.09%,798740,,,carrier/dom_int,ML/I,carrier/dom_int/station,ML/I/CPT,sys/div/dom_int/carrier/carrier/dom_int/station;DL/ACS/I/DC/ML/I/CDG,,,,
,6,carrier/dom_int;ML/I,A0,carrier/dom_int/station;ML/I/CTG,595,1037,57.38%,0.12%,798740,,,carrier/dom_int,ML/I,carrier/dom_int/station,ML/I/CTG,sys/div/dom_int/carrier/carrier/dom_int/station;DL/ACS/I/DC/ML/I/CPT,,,,
,6,carrier/dom_int;ML/I,A0,carrier/dom_int/station;ML/I/CUN,19162,31217,61.38%,3.87%,798740,,,carrier/dom_int,ML/I,carrier/dom_int/station,ML/I/CUN,sys/div/dom_int/carrier/carrier/dom_int/station;DL/ACS/I/DC/ML/I/CTG,,,,
,6,carrier/dom_int;ML/I,A0,carrier/dom_int/station;ML/I/CUR,667,998,66.83%,0.13%,798740,,,carrier/dom_int,ML/I,carrier/dom_int/station,ML/I/CUR,sys/div/dom_int/carrier/carrier/dom_int/station;DL/ACS/I/DC/ML/I/CUN,,,,
,6,carrier/dom_int;ML/I,A0,carrier/dom_int/station;ML/I/CVG,536,1273,42.11%,0.11%,798740,,,carrier/dom_int,ML/I,carrier/dom_int/station,ML/I/CVG,sys/div/dom_int/carrier/carrier/dom_int/station;DL/ACS/I/DC/ML/I/CUR,,,,
,6,carrier/dom_int;ML/I,A0,carrier/dom_int/station;ML/I/CZM,535,765,69.93%,0.11%,798740,,,carrier/dom_int,ML/I,carrier/dom_int/station,ML/I/CZM,sys/div/dom_int/carrier/carrier/dom_int/station;DL/ACS/I/DC/ML/I/CVG,,,,
,6,carrier/dom_int;ML/I,A0,carrier/dom_int/station;ML/I/DSS,489,1041,46.97%,0.10%,798740,,,carrier/dom_int,ML/I,carrier/dom_int/station,ML/I/DSS,sys/div/dom_int/carrier/carrier/dom_int/station;DL/ACS/I/DC/ML/I/CZM,,,,
,6,carrier/dom_int;ML/I,A0,carrier/dom_int/station;ML/I/DTW,19533,30603,63.83%,3.94%,798740,,,carrier/dom_int,ML/I,carrier/dom_int/station,ML/I/DTW,sys/div/dom_int/carrier/carrier/dom_int/station;DL/ACS/I/DC/ML/I/DSS,,,,
,6,carrier/dom_int;ML/I,A0,carrier/dom_int/station;ML/I/DUB,4530,6943,65.25%,0.91%,798740,,,carrier/dom_int,ML/I,carrier/dom_int/station,ML/I/DUB,sys/div/dom_int/carrier/carrier/dom_int/station;DL/ACS/I/DC/ML/I/DTW,,,,
,6,carrier/dom_int;ML/I,A0,carrier/dom_int/station;ML/I/EDI,2089,3790,55.12%,0.42%,798740,,,carrier/dom_int,ML/I,carrier/dom_int/station,ML/I/EDI,sys/div/dom_int/carrier/carrier/dom_int/station;DL/ACS/I/DC/ML/I/DUB,,,,
,6,carrier/dom_int;ML/I,A0,carrier/dom_int/station;ML/I/EZE,1195,3348,35.69%,0.24%,798740,,,carrier/dom_int,ML/I,carrier/dom_int/station,ML/I/EZE,sys/div/dom_int/carrier/carrier/dom_int/station;DL/ACS/I/DC/ML/I/EDI,,,,
,6,carrier/dom_int;ML/I,A0,carrier/dom_int/station;ML/I/FCO,6170,11385,54.19%,1.25%,798740,,,carrier/dom_int,ML/I,carrier/dom_int/station,ML/I/FCO,sys/div/dom_int/carrier/carrier/dom_int/station;DL/ACS/I/DC/ML/I/EZE,,,,
,6,carrier/dom_int;ML/I,A0,carrier/dom_int/station;ML/I/FRA,3041,5099,59.64%,0.61%,798740,,,carrier/dom_int,ML/I,carrier/dom_int/station,ML/I/FRA,sys/div/dom_int/carrier/carrier/dom_int/station;DL/ACS/I/DC/ML/I/FCO,,,,
,6,carrier/dom_int;ML/I,A0,carrier/dom_int/station;ML/I/GCM,1601,2360,67.84%,0.32%,798740,,,carrier/dom_int,ML/I,carrier/dom_int/station,ML/I/GCM,sys/div/dom_int/carrier/carrier/dom_int/station;DL/ACS/I/DC/ML/I/FRA,,,,
,6,carrier/dom_int;ML/I,A0,carrier/dom_int/station;ML/I/GDL,1589,2148,73.98%,0.32%,798740,,,carrier/dom_int,ML/I,carrier/dom_int/station,ML/I/GDL,sys/div/dom_int/carrier/carrier/dom_int/station;DL/ACS/I/DC/ML/I/GCM,,,,
,6,carrier/dom_int;ML/I,A0,carrier/dom_int/station;ML/I/GIG,800,1820,43.96%,0.16%,798740,,,carrier/dom_int,ML/I,carrier/dom_int/station,ML/I/GIG,sys/div/dom_int/carrier/carrier/dom_int/station;DL/ACS/I/DC/ML/I/GDL,,,,
,6,carrier/dom_int;ML/I,A0,carrier/dom_int/station;ML/I/GND,184,482,38.17%,0.04%,798740,,,carrier/dom_int,ML/I,carrier/dom_int/station,ML/I/GND,sys/div/dom_int/carrier/carrier/dom_int/station;DL/ACS/I/DC/ML/I/GIG,,,,
,6,carrier/dom_int;ML/I,A0,carrier/dom_int/station;ML/I/GRU,2750,5750,47.83%,0.56%,798740,,,carrier/dom_int,ML/I,carrier/dom_int/station,ML/I/GRU,sys/div/dom_int/carrier/carrier/dom_int/station;DL/ACS/I/DC/ML/I/GND,,,,
,6,carrier/dom_int;ML/I,A0,carrier/dom_int/station;ML/I/GUA,1032,2257,45.72%,0.21%,798740,,,carrier/dom_int,ML/I,carrier/dom_int/station,ML/I/GUA,sys/div/dom_int/carrier/carrier/dom_int/station;DL/ACS/I/DC/ML/I/GRU,,,,
,6,carrier/dom_int;ML/I,A0,carrier/dom_int/station;ML/I/HAV,1714,3144,54.52%,0.35%,798740,,,carrier/dom_int,ML/I,carrier/dom_int/station,ML/I/HAV,sys/div/dom_int/carrier/carrier/dom_int/station;DL/ACS/I/DC/ML/I/GUA,,,,
,6,carrier/dom_int;ML/I,A0,carrier/dom_int/station;ML/I/HND,6995,12071,57.95%,1.41%,798740,,,carrier/dom_int,ML/I,carrier/dom_int/station,ML/I/HND,sys/div/dom_int/carrier/carrier/dom_int/station;DL/ACS/I/DC/ML/I/HAV,,,,
,6,carrier/dom_int;ML/I,A0,carrier/dom_int/station;ML/I/HNL,1539,2017,76.30%,0.31%,798740,,,carrier/dom_int,ML/I,carrier/dom_int/station,ML/I/HNL,sys/div/dom_int/carrier/carrier/dom_int/station;DL/ACS/I/DC/ML/I/HND,,,,
,6,carrier/dom_int;ML/I,A0,carrier/dom_int/station;ML/I/ICN,6978,11552,60.41%,1.41%,798740,,,carrier/dom_int,ML/I,carrier/dom_int/station,ML/I/ICN,sys/div/dom_int/carrier/carrier/dom_int/station;DL/ACS/I/DC/ML/I/HNL,,,,
,6,carrier/dom_int;ML/I,A0,carrier/dom_int/station;ML/I/IND,71,86,82.56%,0.01%,798740,,,carrier/dom_int,ML/I,carrier/dom_int/station,ML/I/IND,sys/div/dom_int/carrier/carrier/dom_int/station;DL/ACS/I/DC/ML/I/ICN,,,,
,6,carrier/dom_int;ML/I,A0,carrier/dom_int/station;ML/I/JFK,54668,85149,64.20%,11.04%,798740,,,carrier/dom_int,ML/I,carrier/dom_int/station,ML/I/JFK,sys/div/dom_int/carrier/carrier/dom_int/station;DL/ACS/I/DC/ML/I/IND,,,,
,6,carrier/dom_int;ML/I,A0,carrier/dom_int/station;ML/I/JNB,693,1759,39.40%,0.14%,798740,,,carrier/dom_int,ML/I,carrier/dom_int/station,ML/I/JNB,sys/div/dom_int/carrier/carrier/dom_int/station;DL/ACS/I/DC/ML/I/JFK,,,,
,6,carrier/dom_int;ML/I,A0,carrier/dom_int/station;ML/I/KIN,858,2003,42.84%,0.17%,798740,,,carrier/dom_int,ML/I,carrier/dom_int/station,ML/I/KIN,sys/div/dom_int/carrier/carrier/dom_int/station;DL/ACS/I/DC/ML/I/JNB,,,,
,6,carrier/dom_int;ML/I,A0,carrier/dom_int/station;ML/I/LAS,24,72,33.33%,0.00%,798740,,,carrier/dom_int,ML/I,carrier/dom_int/station,ML/I/LAS,sys/div/dom_int/carrier/carrier/dom_int/station;DL/ACS/I/DC/ML/I/KIN,,,,
,6,carrier/dom_int;ML/I,A0,carrier/dom_int/station;ML/I/LAX,10586,15695,67.45%,2.14%,798740,,,carrier/dom_int,ML/I,carrier/dom_int/station,ML/I/LAX,sys/div/dom_int/carrier/carrier/dom_int/station;DL/ACS/I/DC/ML/I/LAS,,,,
,6,carrier/dom_int;ML/I,A0,carrier/dom_int/station;ML/I/LGA,512,695,73.67%,0.10%,798740,,,carrier/dom_int,ML/I,carrier/dom_int/station,ML/I/LGA,sys/div/dom_int/carrier/carrier/dom_int/station;DL/ACS/I/DC/ML/I/LAX,,,,
,6,carrier/dom_int;ML/I,A0,carrier/dom_int/station;ML/I/LHR,11887,19669,60.44%,2.40%,798740,,,carrier/dom_int,ML/I,carrier/dom_int/station,ML/I/LHR,sys/div/dom_int/carrier/carrier/dom_int/station;DL/ACS/I/DC/ML/I/LGA,,,,
,6,carrier/dom_int;ML/I,A0,carrier/dom_int/station;ML/I/LIM,1102,2360,46.69%,0.22%,798740,,,carrier/dom_int,ML/I,carrier/dom_int/station,ML/I/LIM,sys/div/dom_int/carrier/carrier/dom_int/station;DL/ACS/I/DC/ML/I/LHR,,,,
,6,carrier/dom_int;ML/I,A0,carrier/dom_int/station;ML/I/LIR,2258,3506,64.40%,0.46%,798740,,,carrier/dom_int,ML/I,carrier/dom_int/station,ML/I/LIR,sys/div/dom_int/carrier/carrier/dom_int/station;DL/ACS/I/DC/ML/I/LIM,,,,
,6,carrier/dom_int;ML/I,A0,carrier/dom_int/station;ML/I/LIS,2188,3753,58.30%,0.44%,798740,,,carrier/dom_int,ML/I,carrier/dom_int/station,ML/I/LIS,sys/div/dom_int/carrier/carrier/dom_int/station;DL/ACS/I/DC/ML/I/LIR,,,,
,6,carrier/dom_int;ML/I,A0,carrier/dom_int/station;ML/I/LOS,308,2311,13.33%,0.06%,798740,,,carrier/dom_int,ML/I,carrier/dom_int/station,ML/I/LOS,sys/div/dom_int/carrier/carrier/dom_int/station;DL/ACS/I/DC/ML/I/LIS,,,,
,6,carrier/dom_int;ML/I,A0,carrier/dom_int/station;ML/I/MAD,1999,3987,50.14%,0.40%,798740,,,carrier/dom_int,ML/I,carrier/dom_int/station,ML/I/MAD,sys/div/dom_int/carrier/carrier/dom_int/station;DL/ACS/I/DC/ML/I/LOS,,,,
,6,carrier/dom_int;ML/I,A0,carrier/dom_int/station;ML/I/MBJ,5263,8137,64.68%,1.06%,798740,,,carrier/dom_int,ML/I,carrier/dom_int/station,ML/I/MBJ,sys/div/dom_int/carrier/carrier/dom_int/station;DL/ACS/I/DC/ML/I/MAD,,,,
,6,carrier/dom_int;ML/I,A0,carrier/dom_int/station;ML/I/MCI,4,86,4.65%,0.00%,798740,,,carrier/dom_int,ML/I,carrier/dom_int/station,ML/I/MCI,sys/div/dom_int/carrier/carrier/dom_int/station;DL/ACS/I/DC/ML/I/MBJ,,,,
,6,carrier/dom_int;ML/I,A0,carrier/dom_int/station;ML/I/MCO,358,882,40.59%,0.07%,798740,,,carrier/dom_int,ML/I,carrier/dom_int/station,ML/I/MCO,sys/div/dom_int/carrier/carrier/dom_int/station;DL/ACS/I/DC/ML/I/MCI,,,,
,6,carrier/dom_int;ML/I,A0,carrier/dom_int/station;ML/I/MEL,173,359,48.19%,0.03%,798740,,,carrier/dom_int,ML/I,carrier/dom_int/station,ML/I/MEL,sys/div/dom_int/carrier/carrier/dom_int/station;DL/ACS/I/DC/ML/I/MCO,,,,
,6,carrier/dom_int;ML/I,A0,carrier/dom_int/station;ML/I/MEX,11651,17184,67.80%,2.35%,798740,,,carrier/dom_int,ML/I,carrier/dom_int/station,ML/I/MEX,sys/div/dom_int/carrier/carrier/dom_int/station;DL/ACS/I/DC/ML/I/MEL,,,,
,6,carrier/dom_int;ML/I,A0,carrier/dom_int/station;ML/I/MIA,2206,3144,70.17%,0.45%,798740,,,carrier/dom_int,ML/I,carrier/dom_int/station,ML/I/MIA,sys/div/dom_int/carrier/carrier/dom_int/station;DL/ACS/I/DC/ML/I/MEX,,,,
,6,carrier/dom_int;ML/I,A0,carrier/dom_int/station;ML/I/MSP,21843,35044,62.33%,4.41%,798740,,,carrier/dom_int,ML/I,carrier/dom_int/station,ML/I/MSP,sys/div/dom_int/carrier/carrier/dom_int/station;DL/ACS/I/DC/ML/I/MIA,,,,
,6,carrier/dom_int;ML/I,A0,carrier/dom_int/station;ML/I/MTY,1470,2032,72.34%,0.30%,798740,,,carrier/dom_int,ML/I,carrier/dom_int/station,ML/I/MTY,sys/div/dom_int/carrier/carrier/dom_int/station;DL/ACS/I/DC/ML/I/MSP,,,,
,6,carrier/dom_int;ML/I,A0,carrier/dom_int/station;ML/I/MUC,1598,2848,56.11%,0.32%,798740,,,carrier/dom_int,ML/I,carrier/dom_int/station,ML/I/MUC,sys/div/dom_int/carrier/carrier/dom_int/station;DL/ACS/I/DC/ML/I/MTY,,,,
,6,carrier/dom_int;ML/I,A0,carrier/dom_int/station;ML/I/MXP,2917,5003,58.31%,0.59%,798740,,,carrier/dom_int,ML/I,carrier/dom_int/station,ML/I/MXP,sys/div/dom_int/carrier/carrier/dom_int/station;DL/ACS/I/DC/ML/I/MUC,,,,
,6,carrier/dom_int;ML/I,A0,carrier/dom_int/station;ML/I/MZT,37,66,56.06%,0.01%,798740,,,carrier/dom_int,ML/I,carrier/dom_int/station,ML/I/MZT,sys/div/dom_int/carrier/carrier/dom_int/station;DL/ACS/I/DC/ML/I/MXP,,,,
,6,carrier/dom_int;ML/I,A0,carrier/dom_int/station;ML/I/NAS,6324,9224,68.56%,1.28%,798740,,,carrier/dom_int,ML/I,carrier/dom_int/station,ML/I/NAS,sys/div/dom_int/carrier/carrier/dom_int/station;DL/ACS/I/DC/ML/I/MZT,,,,
,6,carrier/dom_int;ML/I,A0,carrier/dom_int/station;ML/I/PLS,2338,3842,60.85%,0.47%,798740,,,carrier/dom_int,ML/I,carrier/dom_int/station,ML/I/PLS,sys/div/dom_int/carrier/carrier/dom_int/station;DL/ACS/I/DC/ML/I/NAS,,,,
,6,carrier/dom_int;ML/I,A0,carrier/dom_int/station;ML/I/POP,514,725,70.90%,0.10%,798740,,,carrier/dom_int,ML/I,carrier/dom_int/station,ML/I/POP,sys/div/dom_int/carrier/carrier/dom_int/station;DL/ACS/I/DC/ML/I/PLS,,,,
,6,carrier/dom_int;ML/I,A0,carrier/dom_int/station;ML/I/PTY,1268,2295,55.25%,0.26%,798740,,,carrier/dom_int,ML/I,carrier/dom_int/station,ML/I/PTY,sys/div/dom_int/carrier/carrier/dom_int/station;DL/ACS/I/DC/ML/I/POP,,,,
,6,carrier/dom_int;ML/I,A0,carrier/dom_int/station;ML/I/PUJ,6799,11140,61.03%,1.37%,798740,,,carrier/dom_int,ML/I,carrier/dom_int/station,ML/I/PUJ,sys/div/dom_int/carrier/carrier/dom_int/station;DL/ACS/I/DC/ML/I/PTY,,,,
,6,carrier/dom_int;ML/I,A0,carrier/dom_int/station;ML/I/PVG,2201,4880,45.10%,0.44%,798740,,,carrier/dom_int,ML/I,carrier/dom_int/station,ML/I/PVG,sys/div/dom_int/carrier/carrier/dom_int/station;DL/ACS/I/DC/ML/I/PUJ,,,,
,6,carrier/dom_int;ML/I,A0,carrier/dom_int/station;ML/I/PVR,5267,7885,66.80%,1.06%,798740,,,carrier/dom_int,ML/I,carrier/dom_int/station,ML/I/PVR,sys/div/dom_int/carrier/carrier/dom_int/station;DL/ACS/I/DC/ML/I/PVG,,,,
,6,carrier/dom_int;ML/I,A0,carrier/dom_int/station;ML/I/RAK,321,531,60.45%,0.06%,798740,,,carrier/dom_int,ML/I,carrier/dom_int/station,ML/I/RAK,sys/div/dom_int/carrier/carrier/dom_int/station;DL/ACS/I/DC/ML/I/PVR,,,,
,6,carrier/dom_int;ML/I,A0,carrier/dom_int/station;ML/I/RDU,24,86,27.91%,0.00%,798740,,,carrier/dom_int,ML/I,carrier/dom_int/station,ML/I/RDU,sys/div/dom_int/carrier/carrier/dom_int/station;DL/ACS/I/DC/ML/I/RAK,,,,
,6,carrier/dom_int;ML/I,A0,carrier/dom_int/station;ML/I/RTB,285,426,66.90%,0.06%,798740,,,carrier/dom_int,ML/I,carrier/dom_int/station,ML/I/RTB,sys/div/dom_int/carrier/carrier/dom_int/station;DL/ACS/I/DC/ML/I/RDU,,,,
,6,carrier/dom_int;ML/I,A0,carrier/dom_int/station;ML/I/SAL,1116,2027,55.06%,0.23%,798740,,,carrier/dom_int,ML/I,carrier/dom_int/station,ML/I/SAL,sys/div/dom_int/carrier/carrier/dom_int/station;DL/ACS/I/DC/ML/I/RTB,,,,
,6,carrier/dom_int;ML/I,A0,carrier/dom_int/station;ML/I/SAP,1080,2021,53.44%,0.22%,798740,,,carrier/dom_int,ML/I,carrier/dom_int/station,ML/I/SAP,sys/div/dom_int/carrier/carrier/dom_int/station;DL/ACS/I/DC/ML/I/SAL,,,,
,6,carrier/dom_int;ML/I,A0,carrier/dom_int/station;ML/I/SCL,834,2356,35.40%,0.17%,798740,,,carrier/dom_int,ML/I,carrier/dom_int/station,ML/I/SCL,sys/div/dom_int/carrier/carrier/dom_int/station;DL/ACS/I/DC/ML/I/SAP,,,,
,6,carrier/dom_int;ML/I,A0,carrier/dom_int/station;ML/I/SDQ,4199,8030,52.29%,0.85%,798740,,,carrier/dom_int,ML/I,carrier/dom_int/station,ML/I/SDQ,sys/div/dom_int/carrier/carrier/dom_int/station;DL/ACS/I/DC/ML/I/SCL,,,,
,6,carrier/dom_int;ML/I,A0,carrier/dom_int/station;ML/I/SEA,13145,18924,69.46%,2.65%,798740,,,carrier/dom_int,ML/I,carrier/dom_int/station,ML/I/SEA,sys/div/dom_int/carrier/carrier/dom_int/station;DL/ACS/I/DC/ML/I/SDQ,,,,
,6,carrier/dom_int;ML/I,A0,carrier/dom_int/station;ML/I/SJD,7690,10694,71.91%,1.55%,798740,,,carrier/dom_int,ML/I,carrier/dom_int/station,ML/I/SJD,sys/div/dom_int/carrier/carrier/dom_int/station;DL/ACS/I/DC/ML/I/SEA,,,,
,6,carrier/dom_int;ML/I,A0,carrier/dom_int/station;ML/I/SJO,1651,3233,51.07%,0.33%,798740,,,carrier/dom_int,ML/I,carrier/dom_int/station,ML/I/SJO,sys/div/dom_int/carrier/carrier/dom_int/station;DL/ACS/I/DC/ML/I/SJD,,,,
,6,carrier/dom_int;ML/I,A0,carrier/dom_int/station;ML/I/SKB,133,260,51.15%,0.03%,798740,,,carrier/dom_int,ML/I,carrier/dom_int/station,ML/I/SKB,sys/div/dom_int/carrier/carrier/dom_int/station;DL/ACS/I/DC/ML/I/SJO,,,,
,6,carrier/dom_int;ML/I,A0,carrier/dom_int/station;ML/I/SLC,11866,17141,69.23%,2.40%,798740,,,carrier/dom_int,ML/I,carrier/dom_int/station,ML/I/SLC,sys/div/dom_int/carrier/carrier/dom_int/station;DL/ACS/I/DC/ML/I/SKB,,,,
,6,carrier/dom_int;ML/I,A0,carrier/dom_int/station;ML/I/STI,3097,5955,52.01%,0.63%,798740,,,carrier/dom_int,ML/I,carrier/dom_int/station,ML/I/STI,sys/div/dom_int/carrier/carrier/dom_int/station;DL/ACS/I/DC/ML/I/SLC,,,,
,6,carrier/dom_int;ML/I,A0,carrier/dom_int/station;ML/I/SVD,333,478,69.67%,0.07%,798740,,,carrier/dom_int,ML/I,carrier/dom_int/station,ML/I/SVD,sys/div/dom_int/carrier/carrier/dom_int/station;DL/ACS/I/DC/ML/I/STI,,,,
,6,carrier/dom_int;ML/I,A0,carrier/dom_int/station;ML/I/SXM,1260,2752,45.78%,0.25%,798740,,,carrier/dom_int,ML/I,carrier/dom_int/station,ML/I/SXM,sys/div/dom_int/carrier/carrier/dom_int/station;DL/ACS/I/DC/ML/I/SVD,,,,
,6,carrier/dom_int;ML/I,A0,carrier/dom_int/station;ML/I/SYD,763,2325,32.82%,0.15%,798740,,,carrier/dom_int,ML/I,carrier/dom_int/station,ML/I/SYD,sys/div/dom_int/carrier/carrier/dom_int/station;DL/ACS/I/DC/ML/I/SXM,,,,
,6,carrier/dom_int;ML/I,A0,carrier/dom_int/station;ML/I/TLV,737,1536,47.98%,0.15%,798740,,,carrier/dom_int,ML/I,carrier/dom_int/station,ML/I/TLV,sys/div/dom_int/carrier/carrier/dom_int/station;DL/ACS/I/DC/ML/I/SYD,,,,
,6,carrier/dom_int;ML/I,A0,carrier/dom_int/station;ML/I/TPA,405,1123,36.06%,0.08%,798740,,,carrier/dom_int,ML/I,carrier/dom_int/station,ML/I/TPA,sys/div/dom_int/carrier/carrier/dom_int/station;DL/ACS/I/DC/ML/I/TLV,,,,
,6,carrier/dom_int;ML/I,A0,carrier/dom_int/station;ML/I/TPE,1069,2014,53.08%,0.22%,798740,,,carrier/dom_int,ML/I,carrier/dom_int/station,ML/I/TPE,sys/div/dom_int/carrier/carrier/dom_int/station;DL/ACS/I/DC/ML/I/TPA,,,,
,6,carrier/dom_int;ML/I,A0,carrier/dom_int/station;ML/I/TQO,1356,1870,72.51%,0.27%,798740,,,carrier/dom_int,ML/I,carrier/dom_int/station,ML/I/TQO,sys/div/dom_int/carrier/carrier/dom_int/station;DL/ACS/I/DC/ML/I/TPE,,,,
,6,carrier/dom_int;ML/I,A0,carrier/dom_int/station;ML/I/UIO,932,2043,45.62%,0.19%,798740,,,carrier/dom_int,ML/I,carrier/dom_int/station,ML/I/UIO,sys/div/dom_int/carrier/carrier/dom_int/station;DL/ACS/I/DC/ML/I/TQO,,,,
,6,carrier/dom_int;ML/I,A0,carrier/dom_int/station;ML/I/UVF,1153,2041,56.49%,0.23%,798740,,,carrier/dom_int,ML/I,carrier/dom_int/station,ML/I/UVF,sys/div/dom_int/carrier/carrier/dom_int/station;DL/ACS/I/DC/ML/I/UIO,,,,
,6,carrier/dom_int;ML/I,A0,carrier/dom_int/station;ML/I/VCE,1539,2946,52.24%,0.31%,798740,,,carrier/dom_int,ML/I,carrier/dom_int/station,ML/I/VCE,sys/div/dom_int/carrier/carrier/dom_int/station;DL/ACS/I/DC/ML/I/UVF,,,,
,6,carrier/dom_int;ML/I,A0,carrier/dom_int/station;ML/I/YUL,3277,5438,60.26%,0.66%,798740,,,carrier/dom_int,ML/I,carrier/dom_int/station,ML/I/YUL,sys/div/dom_int/carrier/carrier/dom_int/station;DL/ACS/I/DC/ML/I/VCE,,,,
,6,carrier/dom_int;ML/I,A0,carrier/dom_int/station;ML/I/YVR,2269,3720,60.99%,0.46%,798740,,,carrier/dom_int,ML/I,carrier/dom_int/station,ML/I/YVR,sys/div/dom_int/carrier/carrier/dom_int/station;DL/ACS/I/DC/ML/I/YUL,,,,
,6,carrier/dom_int;ML/I,A0,carrier/dom_int/station;ML/I/YYC,2130,3457,61.61%,0.43%,798740,,,carrier/dom_int,ML/I,carrier/dom_int/station,ML/I/YYC,sys/div/dom_int/carrier/carrier/dom_int/station;DL/ACS/I/DC/ML/I/YVR,,,,
,6,carrier/dom_int;ML/I,A0,carrier/dom_int/station;ML/I/YYZ,5232,9629,54.34%,1.06%,798740,,,carrier/dom_int,ML/I,carrier/dom_int/station,ML/I/YYZ,sys/div/dom_int/carrier/carrier/dom_int/station;DL/ACS/I/DC/ML/I/YYC,,,,
,6,carrier/dom_int;ML/I,A0,carrier/dom_int/station;ML/I/ZRH,1510,2762,54.67%,0.30%,798740,,,carrier/dom_int,ML/I,carrier/dom_int/station,ML/I/ZRH,sys/div/dom_int/carrier/carrier/dom_int/station;DL/ACS/I/DC/ML/I/YYZ,,,,
