KPI,Node Name,Parent,Category,Tier,Contribution,Target/Goal,Category Path,Node Path,Child Count,Leaf
ADI,ADI,,Root,0,1,Goal,Root,ADI,11,No
ADI,ACS,ADI,div,1,13.17,Goal,Root/div,ADI/ACS,394,No
ADI,AMS_Director,ACS,director,2,0.28,Goal,Root/div/director,ADI/ACS/AMS_Director,0,Yes
ADI,APAC_Director,ACS,director,2,0.3,Goal,Root/div/director,ADI/ACS/APAC_Director,0,Yes
ADI,AUS_Director,ACS,director,2,0.35,Goal,Root/div/director,ADI/ACS/AUS_Director,0,Yes
ADI,CANMEX_Director,ACS,director,2,0.31,Goal,Root/div/director,ADI/ACS/CANMEX_Director,0,Yes
ADI,Caribbean_Director,ACS,director,2,0.33,Goal,Root/div/director,ADI/ACS/Caribbean_Director,0,Yes
ADI,CASA_Director,ACS,director,2,0.35,Goal,Root/div/director,ADI/ACS/CASA_Director,0,Yes
ADI,CDG_Director,ACS,director,2,0.18,Goal,Root/div/director,ADI/ACS/CDG_Director,0,Yes
ADI,Central_Director,ACS,director,2,0.29,Goal,Root/div/director,ADI/ACS/Central_Director,0,Yes
ADI,East_Director,ACS,director,2,0.1,Goal,Root/div/director,ADI/ACS/East_Director,0,Yes
ADI,EMEA-A,ACS,director,2,0.1,Goal,Root/div/director,ADI/ACS/EMEA-A,0,Yes
ADI,EMEA-B,ACS,director,2,0.17,Goal,Root/div/director,ADI/ACS/EMEA-B,0,Yes
ADI,FieldStations_Director,ACS,director,2,0.39,Goal,Root/div/director,ADI/ACS/FieldStations_Director,0,Yes
ADI,Florida_Director,ACS,director,2,0.44,Goal,Root/div/director,ADI/ACS/Florida_Director,0,Yes
ADI,Hub_ATL,ACS,director,2,0.44,Goal,Root/div/director,ADI/ACS/Hub_ATL,0,Yes
ADI,Hub_BOS,ACS,director,2,0.41,Goal,Root/div/director,ADI/ACS/Hub_BOS,0,Yes
ADI,Hub_DTW,ACS,director,2,0.31,Goal,Root/div/director,ADI/ACS/Hub_DTW,0,Yes
ADI,Hub_JFK,ACS,director,2,0.05,Goal,Root/div/director,ADI/ACS/Hub_JFK,0,Yes
ADI,Hub_LAX,ACS,director,2,0.15,Goal,Root/div/director,ADI/ACS/Hub_LAX,0,Yes
ADI,Hub_LGA,ACS,director,2,0.2,Goal,Root/div/director,ADI/ACS/Hub_LGA,0,Yes
ADI,Hub_MSP,ACS,director,2,0.28,Goal,Root/div/director,ADI/ACS/Hub_MSP,0,Yes
ADI,Hub_SEA,ACS,director,2,0.38,Goal,Root/div/director,ADI/ACS/Hub_SEA,0,Yes
ADI,Hub_SLC,ACS,director,2,0.47,Goal,Root/div/director,ADI/ACS/Hub_SLC,0,Yes
ADI,West_Director,ACS,director,2,0.32,Goal,Root/div/director,ADI/ACS/West_Director,0,Yes
ADI,ACSATL,ACS,division,2,0.27,Goal,Root/div/division,ADI/ACS/ACSATL,0,Yes
ADI,DTW_AUS_FL,ACS,division,2,0.18,Goal,Root/div/division,ADI/ACS/DTW_AUS_FL,0,Yes
ADI,East,ACS,division,2,0.07,Goal,Root/div/division,ADI/ACS/East,0,Yes
ADI,FieldStations,ACS,division,2,0.07,Goal,Root/div/division,ADI/ACS/FieldStations,0,Yes
ADI,International,ACS,division,2,0.03,Goal,Root/div/division,ADI/ACS/International,0,Yes
ADI,JFK_BOS,ACS,division,2,0.37,Goal,Root/div/division,ADI/ACS/JFK_BOS,0,Yes
ADI,MSP_SEA_SLC,ACS,division,2,0.35,Goal,Root/div/division,ADI/ACS/MSP_SEA_SLC,0,Yes
ADI,West_Central,ACS,division,2,0.34,Goal,Root/div/division,ADI/ACS/West_Central,0,Yes
ADI,AMS_Region,ACS,region,2,0.37,Goal,Root/div/region,ADI/ACS/AMS_Region,0,Yes
ADI,AUS_Region,ACS,region,2,0.01,Goal,Root/div/region,ADI/ACS/AUS_Region,0,Yes
ADI,Canada_Region,ACS,region,2,0.48,Goal,Root/div/region,ADI/ACS/Canada_Region,0,Yes
ADI,Caribbean_Region,ACS,region,2,0.28,Goal,Root/div/region,ADI/ACS/Caribbean_Region,0,Yes
ADI,CDG_Region,ACS,region,2,0.28,Goal,Root/div/region,ADI/ACS/CDG_Region,0,Yes
ADI,CentralAmerica_Region,ACS,region,2,0.04,Goal,Root/div/region,ADI/ACS/CentralAmerica_Region,0,Yes
ADI,Central_Region,ACS,region,2,0.3,Goal,Root/div/region,ADI/ACS/Central_Region,0,Yes
ADI,EastAsia_Region,ACS,region,2,0.08,Goal,Root/div/region,ADI/ACS/EastAsia_Region,0,Yes
ADI,Florida_Region,ACS,region,2,0.16,Goal,Root/div/region,ADI/ACS/Florida_Region,0,Yes
ADI,FS_Central,ACS,region,2,0.15,Goal,Root/div/region,ADI/ACS/FS_Central,0,Yes
ADI,FS_East,ACS,region,2,0.35,Goal,Root/div/region,ADI/ACS/FS_East,0,Yes
ADI,FS_MountainWest,ACS,region,2,0.32,Goal,Root/div/region,ADI/ACS/FS_MountainWest,0,Yes
ADI,FS_South,ACS,region,2,0.13,Goal,Root/div/region,ADI/ACS/FS_South,0,Yes
ADI,FS_West,ACS,region,2,0.44,Goal,Root/div/region,ADI/ACS/FS_West,0,Yes
ADI,GreatLakes_Region,ACS,region,2,0.2,Goal,Root/div/region,ADI/ACS/GreatLakes_Region,0,Yes
ADI,MCO_Region,ACS,region,2,0.4,Goal,Root/div/region,ADI/ACS/MCO_Region,0,Yes
ADI,Mexico_Region,ACS,region,2,0.24,Goal,Root/div/region,ADI/ACS/Mexico_Region,0,Yes
ADI,MIA_Region,ACS,region,2,0.27,Goal,Root/div/region,ADI/ACS/MIA_Region,0,Yes
ADI,Northeast_Region,ACS,region,2,0.26,Goal,Root/div/region,ADI/ACS/Northeast_Region,0,Yes
ADI,SouthAmerica_Region,ACS,region,2,0.24,Goal,Root/div/region,ADI/ACS/SouthAmerica_Region,0,Yes
ADI,Southeast_Region,ACS,region,2,0.04,Goal,Root/div/region,ADI/ACS/Southeast_Region,0,Yes
ADI,SouthPacific_Region,ACS,region,2,0.4,Goal,Root/div/region,ADI/ACS/SouthPacific_Region,0,Yes
ADI,SouthWest_Region,ACS,region,2,0.03,Goal,Root/div/region,ADI/ACS/SouthWest_Region,0,Yes
ADI,West_Region,ACS,region,2,0.09,Goal,Root/div/region,ADI/ACS/West_Region,0,Yes
ADI,ABE,ACS,station,2,0.34,Goal,Root/div/station,ADI/ACS/ABE,0,Yes
ADI,ABQ,ACS,station,2,0.24,Goal,Root/div/station,ADI/ACS/ABQ,0,Yes
ADI,ABR,ACS,station,2,0.3,Goal,Root/div/station,ADI/ACS/ABR,0,Yes
ADI,ABY,ACS,station,2,0.1,Goal,Root/div/station,ADI/ACS/ABY,0,Yes
ADI,ACC,ACS,station,2,0.34,Goal,Root/div/station,ADI/ACS/ACC,0,Yes
ADI,ACK,ACS,station,2,0.05,Goal,Root/div/station,ADI/ACS/ACK,0,Yes
ADI,AEX,ACS,station,2,0.39,Goal,Root/div/station,ADI/ACS/AEX,0,Yes
ADI,AGS,ACS,station,2,0.37,Goal,Root/div/station,ADI/ACS/AGS,0,Yes
ADI,AKL,ACS,station,2,0.38,Goal,Root/div/station,ADI/ACS/AKL,0,Yes
ADI,ALB,ACS,station,2,0.23,Goal,Root/div/station,ADI/ACS/ALB,0,Yes
ADI,AMS,ACS,station,2,0.41,Goal,Root/div/station,ADI/ACS/AMS,0,Yes
ADI,ANC,ACS,station,2,0.44,Goal,Root/div/station,ADI/ACS/ANC,0,Yes
ADI,ANU,ACS,station,2,0.03,Goal,Root/div/station,ADI/ACS/ANU,0,Yes
ADI,APN,ACS,station,2,0.33,Goal,Root/div/station,ADI/ACS/APN,0,Yes
ADI,ARN,ACS,station,2,0.43,Goal,Root/div/station,ADI/ACS/ARN,0,Yes
ADI,ASE,ACS,station,2,0.31,Goal,Root/div/station,ADI/ACS/ASE,0,Yes
ADI,ATH,ACS,station,2,0.19,Goal,Root/div/station,ADI/ACS/ATH,0,Yes
ADI,ATL,ACS,station,2,0.02,Goal,Root/div/station,ADI/ACS/ATL,0,Yes
ADI,ATW,ACS,station,2,0.04,Goal,Root/div/station,ADI/ACS/ATW,0,Yes
ADI,ATY,ACS,station,2,0.46,Goal,Root/div/station,ADI/ACS/ATY,0,Yes
ADI,AUA,ACS,station,2,0.12,Goal,Root/div/station,ADI/ACS/AUA,0,Yes
ADI,AUS,ACS,station,2,0.4,Goal,Root/div/station,ADI/ACS/AUS,0,Yes
ADI,AVL,ACS,station,2,0.08,Goal,Root/div/station,ADI/ACS/AVL,0,Yes
ADI,AZO,ACS,station,2,0.46,Goal,Root/div/station,ADI/ACS/AZO,0,Yes
ADI,BCN,ACS,station,2,0.29,Goal,Root/div/station,ADI/ACS/BCN,0,Yes
ADI,BDA,ACS,station,2,0.22,Goal,Root/div/station,ADI/ACS/BDA,0,Yes
ADI,BDL,ACS,station,2,0.12,Goal,Root/div/station,ADI/ACS/BDL,0,Yes
ADI,BER,ACS,station,2,0.18,Goal,Root/div/station,ADI/ACS/BER,0,Yes
ADI,BGI,ACS,station,2,0.14,Goal,Root/div/station,ADI/ACS/BGI,0,Yes
ADI,BGM,ACS,station,2,0.12,Goal,Root/div/station,ADI/ACS/BGM,0,Yes
ADI,BGR,ACS,station,2,0.44,Goal,Root/div/station,ADI/ACS/BGR,0,Yes
ADI,BHM,ACS,station,2,0.46,Goal,Root/div/station,ADI/ACS/BHM,0,Yes
ADI,BIL,ACS,station,2,0.15,Goal,Root/div/station,ADI/ACS/BIL,0,Yes
ADI,BIS,ACS,station,2,0.09,Goal,Root/div/station,ADI/ACS/BIS,0,Yes
ADI,BJI,ACS,station,2,0.23,Goal,Root/div/station,ADI/ACS/BJI,0,Yes
ADI,BMI,ACS,station,2,0.07,Goal,Root/div/station,ADI/ACS/BMI,0,Yes
ADI,BNA,ACS,station,2,0.28,Goal,Root/div/station,ADI/ACS/BNA,0,Yes
ADI,BNE,ACS,station,2,0.28,Goal,Root/div/station,ADI/ACS/BNE,0,Yes
ADI,BOG,ACS,station,2,0.14,Goal,Root/div/station,ADI/ACS/BOG,0,Yes
ADI,BOI,ACS,station,2,0.3,Goal,Root/div/station,ADI/ACS/BOI,0,Yes
ADI,BON,ACS,station,2,0.22,Goal,Root/div/station,ADI/ACS/BON,0,Yes
ADI,BOS,ACS,station,2,0.02,Goal,Root/div/station,ADI/ACS/BOS,0,Yes
ADI,BQK,ACS,station,2,0.25,Goal,Root/div/station,ADI/ACS/BQK,0,Yes
ADI,BRD,ACS,station,2,0.05,Goal,Root/div/station,ADI/ACS/BRD,0,Yes
ADI,BRU,ACS,station,2,0.23,Goal,Root/div/station,ADI/ACS/BRU,0,Yes
ADI,BTM,ACS,station,2,0.02,Goal,Root/div/station,ADI/ACS/BTM,0,Yes
ADI,BTR,ACS,station,2,0.25,Goal,Root/div/station,ADI/ACS/BTR,0,Yes
ADI,BTV,ACS,station,2,0.2,Goal,Root/div/station,ADI/ACS/BTV,0,Yes
ADI,BUF,ACS,station,2,0.46,Goal,Root/div/station,ADI/ACS/BUF,0,Yes
ADI,BUR,ACS,station,2,0.45,Goal,Root/div/station,ADI/ACS/BUR,0,Yes
ADI,BWI,ACS,station,2,0.41,Goal,Root/div/station,ADI/ACS/BWI,0,Yes
ADI,BZE,ACS,station,2,0.43,Goal,Root/div/station,ADI/ACS/BZE,0,Yes
ADI,BZN,ACS,station,2,0.21,Goal,Root/div/station,ADI/ACS/BZN,0,Yes
ADI,CAE,ACS,station,2,0.38,Goal,Root/div/station,ADI/ACS/CAE,0,Yes
ADI,CDC,ACS,station,2,0.47,Goal,Root/div/station,ADI/ACS/CDC,0,Yes
ADI,CDG,ACS,station,2,0.24,Goal,Root/div/station,ADI/ACS/CDG,0,Yes
ADI,CHA,ACS,station,2,0.24,Goal,Root/div/station,ADI/ACS/CHA,0,Yes
ADI,CHO,ACS,station,2,0.32,Goal,Root/div/station,ADI/ACS/CHO,0,Yes
ADI,CHS,ACS,station,2,0.03,Goal,Root/div/station,ADI/ACS/CHS,0,Yes
ADI,CID,ACS,station,2,0.43,Goal,Root/div/station,ADI/ACS/CID,0,Yes
ADI,CIU,ACS,station,2,0.44,Goal,Root/div/station,ADI/ACS/CIU,0,Yes
ADI,CLE,ACS,station,2,0.4,Goal,Root/div/station,ADI/ACS/CLE,0,Yes
ADI,CLT,ACS,station,2,0.3,Goal,Root/div/station,ADI/ACS/CLT,0,Yes
ADI,CMH,ACS,station,2,0.18,Goal,Root/div/station,ADI/ACS/CMH,0,Yes
ADI,CNY,ACS,station,2,0.14,Goal,Root/div/station,ADI/ACS/CNY,0,Yes
ADI,COS,ACS,station,2,0.05,Goal,Root/div/station,ADI/ACS/COS,0,Yes
ADI,CPH,ACS,station,2,0.22,Goal,Root/div/station,ADI/ACS/CPH,0,Yes
ADI,CPR,ACS,station,2,0.45,Goal,Root/div/station,ADI/ACS/CPR,0,Yes
ADI,CPT,ACS,station,2,0.46,Goal,Root/div/station,ADI/ACS/CPT,0,Yes
ADI,CRW,ACS,station,2,0.28,Goal,Root/div/station,ADI/ACS/CRW,0,Yes
ADI,CSG,ACS,station,2,0.47,Goal,Root/div/station,ADI/ACS/CSG,0,Yes
ADI,CTA,ACS,station,2,0.07,Goal,Root/div/station,ADI/ACS/CTA,0,Yes
ADI,CTG,ACS,station,2,0.34,Goal,Root/div/station,ADI/ACS/CTG,0,Yes
ADI,CUN,ACS,station,2,0.07,Goal,Root/div/station,ADI/ACS/CUN,0,Yes
ADI,CUR,ACS,station,2,0.29,Goal,Root/div/station,ADI/ACS/CUR,0,Yes
ADI,CVG,ACS,station,2,0.44,Goal,Root/div/station,ADI/ACS/CVG,0,Yes
ADI,CWA,ACS,station,2,0.37,Goal,Root/div/station,ADI/ACS/CWA,0,Yes
ADI,CZM,ACS,station,2,0.28,Goal,Root/div/station,ADI/ACS/CZM,0,Yes
ADI,DAB,ACS,station,2,0.47,Goal,Root/div/station,ADI/ACS/DAB,0,Yes
ADI,DAL,ACS,station,2,0.16,Goal,Root/div/station,ADI/ACS/DAL,0,Yes
ADI,DAY,ACS,station,2,0.16,Goal,Root/div/station,ADI/ACS/DAY,0,Yes
ADI,DCA,ACS,station,2,0.4,Goal,Root/div/station,ADI/ACS/DCA,0,Yes
ADI,DEN,ACS,station,2,0.01,Goal,Root/div/station,ADI/ACS/DEN,0,Yes
ADI,DFW,ACS,station,2,0.04,Goal,Root/div/station,ADI/ACS/DFW,0,Yes
ADI,DHN,ACS,station,2,0.27,Goal,Root/div/station,ADI/ACS/DHN,0,Yes
ADI,DLH,ACS,station,2,0.42,Goal,Root/div/station,ADI/ACS/DLH,0,Yes
ADI,DSM,ACS,station,2,0.27,Goal,Root/div/station,ADI/ACS/DSM,0,Yes
ADI,DSS,ACS,station,2,0.13,Goal,Root/div/station,ADI/ACS/DSS,0,Yes
ADI,DTW,ACS,station,2,0.15,Goal,Root/div/station,ADI/ACS/DTW,0,Yes
ADI,DUB,ACS,station,2,0.28,Goal,Root/div/station,ADI/ACS/DUB,0,Yes
ADI,ECP,ACS,station,2,0.12,Goal,Root/div/station,ADI/ACS/ECP,0,Yes
ADI,EDI,ACS,station,2,0.27,Goal,Root/div/station,ADI/ACS/EDI,0,Yes
ADI,EGE,ACS,station,2,0.43,Goal,Root/div/station,ADI/ACS/EGE,0,Yes
ADI,EKO,ACS,station,2,0.45,Goal,Root/div/station,ADI/ACS/EKO,0,Yes
ADI,ELH,ACS,station,2,0.19,Goal,Root/div/station,ADI/ACS/ELH,0,Yes
ADI,ELM,ACS,station,2,0.31,Goal,Root/div/station,ADI/ACS/ELM,0,Yes
ADI,ELP,ACS,station,2,0.4,Goal,Root/div/station,ADI/ACS/ELP,0,Yes
ADI,ESC,ACS,station,2,0.19,Goal,Root/div/station,ADI/ACS/ESC,0,Yes
ADI,EUG,ACS,station,2,0.02,Goal,Root/div/station,ADI/ACS/EUG,0,Yes
ADI,EVV,ACS,station,2,0.47,Goal,Root/div/station,ADI/ACS/EVV,0,Yes
ADI,EWR,ACS,station,2,0.4,Goal,Root/div/station,ADI/ACS/EWR,0,Yes
ADI,EYW,ACS,station,2,0.3,Goal,Root/div/station,ADI/ACS/EYW,0,Yes
ADI,EZE,ACS,station,2,0.42,Goal,Root/div/station,ADI/ACS/EZE,0,Yes
ADI,FAI,ACS,station,2,0.46,Goal,Root/div/station,ADI/ACS/FAI,0,Yes
ADI,FAR,ACS,station,2,0.38,Goal,Root/div/station,ADI/ACS/FAR,0,Yes
ADI,FAT,ACS,station,2,0.04,Goal,Root/div/station,ADI/ACS/FAT,0,Yes
ADI,FAY,ACS,station,2,0.18,Goal,Root/div/station,ADI/ACS/FAY,0,Yes
ADI,FCA,ACS,station,2,0.19,Goal,Root/div/station,ADI/ACS/FCA,0,Yes
ADI,FCO,ACS,station,2,0.02,Goal,Root/div/station,ADI/ACS/FCO,0,Yes
ADI,FLL,ACS,station,2,0.04,Goal,Root/div/station,ADI/ACS/FLL,0,Yes
ADI,FRA,ACS,station,2,0.16,Goal,Root/div/station,ADI/ACS/FRA,0,Yes
ADI,FSD,ACS,station,2,0.25,Goal,Root/div/station,ADI/ACS/FSD,0,Yes
ADI,FWA,ACS,station,2,0.43,Goal,Root/div/station,ADI/ACS/FWA,0,Yes
ADI,GCM,ACS,station,2,0.2,Goal,Root/div/station,ADI/ACS/GCM,0,Yes
ADI,GDL,ACS,station,2,0.24,Goal,Root/div/station,ADI/ACS/GDL,0,Yes
ADI,GEG,ACS,station,2,0.31,Goal,Root/div/station,ADI/ACS/GEG,0,Yes
ADI,GFK,ACS,station,2,0.03,Goal,Root/div/station,ADI/ACS/GFK,0,Yes
ADI,GGT,ACS,station,2,0.44,Goal,Root/div/station,ADI/ACS/GGT,0,Yes
ADI,GIG,ACS,station,2,0.36,Goal,Root/div/station,ADI/ACS/GIG,0,Yes
ADI,GJT,ACS,station,2,0.16,Goal,Root/div/station,ADI/ACS/GJT,0,Yes
ADI,GND,ACS,station,2,0.18,Goal,Root/div/station,ADI/ACS/GND,0,Yes
ADI,GNV,ACS,station,2,0.08,Goal,Root/div/station,ADI/ACS/GNV,0,Yes
ADI,GPT,ACS,station,2,0.05,Goal,Root/div/station,ADI/ACS/GPT,0,Yes
ADI,GRB,ACS,station,2,0.0,Goal,Root/div/station,ADI/ACS/GRB,0,Yes
ADI,GRR,ACS,station,2,0.48,Goal,Root/div/station,ADI/ACS/GRR,0,Yes
ADI,GRU,ACS,station,2,0.39,Goal,Root/div/station,ADI/ACS/GRU,0,Yes
ADI,GSO,ACS,station,2,0.41,Goal,Root/div/station,ADI/ACS/GSO,0,Yes
ADI,GSP,ACS,station,2,0.13,Goal,Root/div/station,ADI/ACS/GSP,0,Yes
ADI,GTF,ACS,station,2,0.11,Goal,Root/div/station,ADI/ACS/GTF,0,Yes
ADI,GTR,ACS,station,2,0.28,Goal,Root/div/station,ADI/ACS/GTR,0,Yes
ADI,GUA,ACS,station,2,0.15,Goal,Root/div/station,ADI/ACS/GUA,0,Yes
ADI,GVA,ACS,station,2,0.43,Goal,Root/div/station,ADI/ACS/GVA,0,Yes
ADI,HAV,ACS,station,2,0.42,Goal,Root/div/station,ADI/ACS/HAV,0,Yes
ADI,HDN,ACS,station,2,0.02,Goal,Root/div/station,ADI/ACS/HDN,0,Yes
ADI,HHH,ACS,station,2,0.07,Goal,Root/div/station,ADI/ACS/HHH,0,Yes
ADI,HIB,ACS,station,2,0.18,Goal,Root/div/station,ADI/ACS/HIB,0,Yes
ADI,HKG,ACS,station,2,0.44,Goal,Root/div/station,ADI/ACS/HKG,0,Yes
ADI,HLN,ACS,station,2,0.02,Goal,Root/div/station,ADI/ACS/HLN,0,Yes
ADI,HND,ACS,station,2,0.16,Goal,Root/div/station,ADI/ACS/HND,0,Yes
ADI,HNL,ACS,station,2,0.46,Goal,Root/div/station,ADI/ACS/HNL,0,Yes
ADI,HOU,ACS,station,2,0.23,Goal,Root/div/station,ADI/ACS/HOU,0,Yes
ADI,HPN,ACS,station,2,0.34,Goal,Root/div/station,ADI/ACS/HPN,0,Yes
ADI,HRL,ACS,station,2,0.06,Goal,Root/div/station,ADI/ACS/HRL,0,Yes
ADI,HSV,ACS,station,2,0.24,Goal,Root/div/station,ADI/ACS/HSV,0,Yes
ADI,IAD,ACS,station,2,0.46,Goal,Root/div/station,ADI/ACS/IAD,0,Yes
ADI,IAH,ACS,station,2,0.33,Goal,Root/div/station,ADI/ACS/IAH,0,Yes
ADI,ICN,ACS,station,2,0.14,Goal,Root/div/station,ADI/ACS/ICN,0,Yes
ADI,ICT,ACS,station,2,0.29,Goal,Root/div/station,ADI/ACS/ICT,0,Yes
ADI,IDA,ACS,station,2,0.18,Goal,Root/div/station,ADI/ACS/IDA,0,Yes
ADI,ILM,ACS,station,2,0.46,Goal,Root/div/station,ADI/ACS/ILM,0,Yes
ADI,IMT,ACS,station,2,0.12,Goal,Root/div/station,ADI/ACS/IMT,0,Yes
ADI,IND,ACS,station,2,0.23,Goal,Root/div/station,ADI/ACS/IND,0,Yes
ADI,INL,ACS,station,2,0.24,Goal,Root/div/station,ADI/ACS/INL,0,Yes
ADI,ITH,ACS,station,2,0.25,Goal,Root/div/station,ADI/ACS/ITH,0,Yes
ADI,JAC,ACS,station,2,0.32,Goal,Root/div/station,ADI/ACS/JAC,0,Yes
ADI,JAN,ACS,station,2,0.4,Goal,Root/div/station,ADI/ACS/JAN,0,Yes
ADI,JAX,ACS,station,2,0.0,Goal,Root/div/station,ADI/ACS/JAX,0,Yes
ADI,JFK,ACS,station,2,0.4,Goal,Root/div/station,ADI/ACS/JFK,0,Yes
ADI,JNB,ACS,station,2,0.3,Goal,Root/div/station,ADI/ACS/JNB,0,Yes
ADI,JNU,ACS,station,2,0.36,Goal,Root/div/station,ADI/ACS/JNU,0,Yes
ADI,KEF,ACS,station,2,0.41,Goal,Root/div/station,ADI/ACS/KEF,0,Yes
ADI,KIN,ACS,station,2,0.12,Goal,Root/div/station,ADI/ACS/KIN,0,Yes
ADI,KOA,ACS,station,2,0.15,Goal,Root/div/station,ADI/ACS/KOA,0,Yes
ADI,LAN,ACS,station,2,0.24,Goal,Root/div/station,ADI/ACS/LAN,0,Yes
ADI,LAS,ACS,station,2,0.17,Goal,Root/div/station,ADI/ACS/LAS,0,Yes
ADI,LAX,ACS,station,2,0.44,Goal,Root/div/station,ADI/ACS/LAX,0,Yes
ADI,LEX,ACS,station,2,0.03,Goal,Root/div/station,ADI/ACS/LEX,0,Yes
ADI,LFT,ACS,station,2,0.35,Goal,Root/div/station,ADI/ACS/LFT,0,Yes
ADI,LGA,ACS,station,2,0.33,Goal,Root/div/station,ADI/ACS/LGA,0,Yes
ADI,LGB,ACS,station,2,0.43,Goal,Root/div/station,ADI/ACS/LGB,0,Yes
ADI,LGW,ACS,station,2,0.44,Goal,Root/div/station,ADI/ACS/LGW,0,Yes
ADI,LHR,ACS,station,2,0.26,Goal,Root/div/station,ADI/ACS/LHR,0,Yes
ADI,LIH,ACS,station,2,0.11,Goal,Root/div/station,ADI/ACS/LIH,0,Yes
ADI,LIM,ACS,station,2,0.21,Goal,Root/div/station,ADI/ACS/LIM,0,Yes
ADI,LIR,ACS,station,2,0.23,Goal,Root/div/station,ADI/ACS/LIR,0,Yes
ADI,LIS,ACS,station,2,0.44,Goal,Root/div/station,ADI/ACS/LIS,0,Yes
ADI,LIT,ACS,station,2,0.44,Goal,Root/div/station,ADI/ACS/LIT,0,Yes
ADI,LOS,ACS,station,2,0.34,Goal,Root/div/station,ADI/ACS/LOS,0,Yes
ADI,LWS,ACS,station,2,0.41,Goal,Root/div/station,ADI/ACS/LWS,0,Yes
ADI,MAD,ACS,station,2,0.33,Goal,Root/div/station,ADI/ACS/MAD,0,Yes
ADI,MAF,ACS,station,2,0.06,Goal,Root/div/station,ADI/ACS/MAF,0,Yes
ADI,MBJ,ACS,station,2,0.28,Goal,Root/div/station,ADI/ACS/MBJ,0,Yes
ADI,MBS,ACS,station,2,0.3,Goal,Root/div/station,ADI/ACS/MBS,0,Yes
ADI,MCI,ACS,station,2,0.41,Goal,Root/div/station,ADI/ACS/MCI,0,Yes
ADI,MCO,ACS,station,2,0.08,Goal,Root/div/station,ADI/ACS/MCO,0,Yes
ADI,MDT,ACS,station,2,0.08,Goal,Root/div/station,ADI/ACS/MDT,0,Yes
ADI,MDW,ACS,station,2,0.18,Goal,Root/div/station,ADI/ACS/MDW,0,Yes
ADI,MEL,ACS,station,2,0.16,Goal,Root/div/station,ADI/ACS/MEL,0,Yes
ADI,MEM,ACS,station,2,0.19,Goal,Root/div/station,ADI/ACS/MEM,0,Yes
ADI,MEX,ACS,station,2,0.22,Goal,Root/div/station,ADI/ACS/MEX,0,Yes
ADI,MFE,ACS,station,2,0.22,Goal,Root/div/station,ADI/ACS/MFE,0,Yes
ADI,MFR,ACS,station,2,0.26,Goal,Root/div/station,ADI/ACS/MFR,0,Yes
ADI,MGM,ACS,station,2,0.34,Goal,Root/div/station,ADI/ACS/MGM,0,Yes
ADI,MHH,ACS,station,2,0.23,Goal,Root/div/station,ADI/ACS/MHH,0,Yes
ADI,MIA,ACS,station,2,0.33,Goal,Root/div/station,ADI/ACS/MIA,0,Yes
ADI,MKE,ACS,station,2,0.34,Goal,Root/div/station,ADI/ACS/MKE,0,Yes
ADI,MLA,ACS,station,2,0.44,Goal,Root/div/station,ADI/ACS/MLA,0,Yes
ADI,MLB,ACS,station,2,0.44,Goal,Root/div/station,ADI/ACS/MLB,0,Yes
ADI,MLI,ACS,station,2,0.06,Goal,Root/div/station,ADI/ACS/MLI,0,Yes
ADI,MLU,ACS,station,2,0.46,Goal,Root/div/station,ADI/ACS/MLU,0,Yes
ADI,MOB,ACS,station,2,0.4,Goal,Root/div/station,ADI/ACS/MOB,0,Yes
ADI,MOT,ACS,station,2,0.11,Goal,Root/div/station,ADI/ACS/MOT,0,Yes
ADI,MQT,ACS,station,2,0.04,Goal,Root/div/station,ADI/ACS/MQT,0,Yes
ADI,MSN,ACS,station,2,0.05,Goal,Root/div/station,ADI/ACS/MSN,0,Yes
ADI,MSO,ACS,station,2,0.18,Goal,Root/div/station,ADI/ACS/MSO,0,Yes
ADI,MSP,ACS,station,2,0.25,Goal,Root/div/station,ADI/ACS/MSP,0,Yes
ADI,MSY,ACS,station,2,0.14,Goal,Root/div/station,ADI/ACS/MSY,0,Yes
ADI,MTJ,ACS,station,2,0.31,Goal,Root/div/station,ADI/ACS/MTJ,0,Yes
ADI,MTY,ACS,station,2,0.32,Goal,Root/div/station,ADI/ACS/MTY,0,Yes
ADI,MUC,ACS,station,2,0.12,Goal,Root/div/station,ADI/ACS/MUC,0,Yes
ADI,MVY,ACS,station,2,0.35,Goal,Root/div/station,ADI/ACS/MVY,0,Yes
ADI,MXP,ACS,station,2,0.17,Goal,Root/div/station,ADI/ACS/MXP,0,Yes
ADI,MYR,ACS,station,2,0.1,Goal,Root/div/station,ADI/ACS/MYR,0,Yes
ADI,MZT,ACS,station,2,0.39,Goal,Root/div/station,ADI/ACS/MZT,0,Yes
ADI,NAP,ACS,station,2,0.39,Goal,Root/div/station,ADI/ACS/NAP,0,Yes
ADI,NAS,ACS,station,2,0.02,Goal,Root/div/station,ADI/ACS/NAS,0,Yes
ADI,NCE,ACS,station,2,0.13,Goal,Root/div/station,ADI/ACS/NCE,0,Yes
ADI,OAJ,ACS,station,2,0.07,Goal,Root/div/station,ADI/ACS/OAJ,0,Yes
ADI,OAK,ACS,station,2,0.4,Goal,Root/div/station,ADI/ACS/OAK,0,Yes
ADI,OGG,ACS,station,2,0.31,Goal,Root/div/station,ADI/ACS/OGG,0,Yes
ADI,OKC,ACS,station,2,0.16,Goal,Root/div/station,ADI/ACS/OKC,0,Yes
ADI,OLB,ACS,station,2,0.42,Goal,Root/div/station,ADI/ACS/OLB,0,Yes
ADI,OMA,ACS,station,2,0.11,Goal,Root/div/station,ADI/ACS/OMA,0,Yes
ADI,ONT,ACS,station,2,0.24,Goal,Root/div/station,ADI/ACS/ONT,0,Yes
ADI,OPO,ACS,station,2,0.31,Goal,Root/div/station,ADI/ACS/OPO,0,Yes
ADI,ORD,ACS,station,2,0.13,Goal,Root/div/station,ADI/ACS/ORD,0,Yes
ADI,ORF,ACS,station,2,0.39,Goal,Root/div/station,ADI/ACS/ORF,0,Yes
ADI,ORH,ACS,station,2,0.05,Goal,Root/div/station,ADI/ACS/ORH,0,Yes
ADI,PBI,ACS,station,2,0.08,Goal,Root/div/station,ADI/ACS/PBI,0,Yes
ADI,PDX,ACS,station,2,0.21,Goal,Root/div/station,ADI/ACS/PDX,0,Yes
ADI,PHL,ACS,station,2,0.34,Goal,Root/div/station,ADI/ACS/PHL,0,Yes
ADI,PHX,ACS,station,2,0.42,Goal,Root/div/station,ADI/ACS/PHX,0,Yes
ADI,PIH,ACS,station,2,0.07,Goal,Root/div/station,ADI/ACS/PIH,0,Yes
ADI,PIT,ACS,station,2,0.46,Goal,Root/div/station,ADI/ACS/PIT,0,Yes
ADI,PKX,ACS,station,2,0.39,Goal,Root/div/station,ADI/ACS/PKX,0,Yes
ADI,PLN,ACS,station,2,0.22,Goal,Root/div/station,ADI/ACS/PLN,0,Yes
ADI,PLS,ACS,station,2,0.41,Goal,Root/div/station,ADI/ACS/PLS,0,Yes
ADI,PNS,ACS,station,2,0.39,Goal,Root/div/station,ADI/ACS/PNS,0,Yes
ADI,POP,ACS,station,2,0.42,Goal,Root/div/station,ADI/ACS/POP,0,Yes
ADI,PPT,ACS,station,2,0.15,Goal,Root/div/station,ADI/ACS/PPT,0,Yes
ADI,PRG,ACS,station,2,0.36,Goal,Root/div/station,ADI/ACS/PRG,0,Yes
ADI,PSC,ACS,station,2,0.06,Goal,Root/div/station,ADI/ACS/PSC,0,Yes
ADI,PSP,ACS,station,2,0.21,Goal,Root/div/station,ADI/ACS/PSP,0,Yes
ADI,PTY,ACS,station,2,0.39,Goal,Root/div/station,ADI/ACS/PTY,0,Yes
ADI,PUJ,ACS,station,2,0.16,Goal,Root/div/station,ADI/ACS/PUJ,0,Yes
ADI,PVD,ACS,station,2,0.41,Goal,Root/div/station,ADI/ACS/PVD,0,Yes
ADI,PVG,ACS,station,2,0.13,Goal,Root/div/station,ADI/ACS/PVG,0,Yes
ADI,PVR,ACS,station,2,0.35,Goal,Root/div/station,ADI/ACS/PVR,0,Yes
ADI,PWM,ACS,station,2,0.06,Goal,Root/div/station,ADI/ACS/PWM,0,Yes
ADI,RAK,ACS,station,2,0.31,Goal,Root/div/station,ADI/ACS/RAK,0,Yes
ADI,RAP,ACS,station,2,0.15,Goal,Root/div/station,ADI/ACS/RAP,0,Yes
ADI,RDM,ACS,station,2,0.28,Goal,Root/div/station,ADI/ACS/RDM,0,Yes
ADI,RDU,ACS,station,2,0.44,Goal,Root/div/station,ADI/ACS/RDU,0,Yes
ADI,RHI,ACS,station,2,0.04,Goal,Root/div/station,ADI/ACS/RHI,0,Yes
ADI,RIC,ACS,station,2,0.12,Goal,Root/div/station,ADI/ACS/RIC,0,Yes
ADI,RNO,ACS,station,2,0.42,Goal,Root/div/station,ADI/ACS/RNO,0,Yes
ADI,ROA,ACS,station,2,0.02,Goal,Root/div/station,ADI/ACS/ROA,0,Yes
ADI,ROC,ACS,station,2,0.1,Goal,Root/div/station,ADI/ACS/ROC,0,Yes
ADI,RST,ACS,station,2,0.31,Goal,Root/div/station,ADI/ACS/RST,0,Yes
ADI,RSW,ACS,station,2,0.42,Goal,Root/div/station,ADI/ACS/RSW,0,Yes
ADI,RTB,ACS,station,2,0.01,Goal,Root/div/station,ADI/ACS/RTB,0,Yes
ADI,RUH,ACS,station,2,0.26,Goal,Root/div/station,ADI/ACS/RUH,0,Yes
ADI,SAL,ACS,station,2,0.42,Goal,Root/div/station,ADI/ACS/SAL,0,Yes
ADI,SAN,ACS,station,2,0.23,Goal,Root/div/station,ADI/ACS/SAN,0,Yes
ADI,SAP,ACS,station,2,0.19,Goal,Root/div/station,ADI/ACS/SAP,0,Yes
ADI,SAT,ACS,station,2,0.07,Goal,Root/div/station,ADI/ACS/SAT,0,Yes
ADI,SAV,ACS,station,2,0.44,Goal,Root/div/station,ADI/ACS/SAV,0,Yes
ADI,SBA,ACS,station,2,0.39,Goal,Root/div/station,ADI/ACS/SBA,0,Yes
ADI,SBN,ACS,station,2,0.01,Goal,Root/div/station,ADI/ACS/SBN,0,Yes
ADI,SCL,ACS,station,2,0.34,Goal,Root/div/station,ADI/ACS/SCL,0,Yes
ADI,SDF,ACS,station,2,0.38,Goal,Root/div/station,ADI/ACS/SDF,0,Yes
ADI,SDQ,ACS,station,2,0.22,Goal,Root/div/station,ADI/ACS/SDQ,0,Yes
ADI,SEA,ACS,station,2,0.21,Goal,Root/div/station,ADI/ACS/SEA,0,Yes
ADI,SFO,ACS,station,2,0.09,Goal,Root/div/station,ADI/ACS/SFO,0,Yes
ADI,SGF,ACS,station,2,0.01,Goal,Root/div/station,ADI/ACS/SGF,0,Yes
ADI,SGU,ACS,station,2,0.03,Goal,Root/div/station,ADI/ACS/SGU,0,Yes
ADI,SHV,ACS,station,2,0.36,Goal,Root/div/station,ADI/ACS/SHV,0,Yes
ADI,SJC,ACS,station,2,0.39,Goal,Root/div/station,ADI/ACS/SJC,0,Yes
ADI,SJD,ACS,station,2,0.01,Goal,Root/div/station,ADI/ACS/SJD,0,Yes
ADI,SJO,ACS,station,2,0.21,Goal,Root/div/station,ADI/ACS/SJO,0,Yes
ADI,SJU,ACS,station,2,0.23,Goal,Root/div/station,ADI/ACS/SJU,0,Yes
ADI,SKB,ACS,station,2,0.42,Goal,Root/div/station,ADI/ACS/SKB,0,Yes
ADI,SLC,ACS,station,2,0.34,Goal,Root/div/station,ADI/ACS/SLC,0,Yes
ADI,SMF,ACS,station,2,0.16,Goal,Root/div/station,ADI/ACS/SMF,0,Yes
ADI,SNA,ACS,station,2,0.39,Goal,Root/div/station,ADI/ACS/SNA,0,Yes
ADI,SNN,ACS,station,2,0.28,Goal,Root/div/station,ADI/ACS/SNN,0,Yes
ADI,SRQ,ACS,station,2,0.47,Goal,Root/div/station,ADI/ACS/SRQ,0,Yes
ADI,STI,ACS,station,2,0.07,Goal,Root/div/station,ADI/ACS/STI,0,Yes
ADI,STL,ACS,station,2,0.3,Goal,Root/div/station,ADI/ACS/STL,0,Yes
ADI,STR,ACS,station,2,0.15,Goal,Root/div/station,ADI/ACS/STR,0,Yes
ADI,STT,ACS,station,2,0.11,Goal,Root/div/station,ADI/ACS/STT,0,Yes
ADI,STX,ACS,station,2,0.39,Goal,Root/div/station,ADI/ACS/STX,0,Yes
ADI,SUN,ACS,station,2,0.18,Goal,Root/div/station,ADI/ACS/SUN,0,Yes
ADI,SVD,ACS,station,2,0.28,Goal,Root/div/station,ADI/ACS/SVD,0,Yes
ADI,SXM,ACS,station,2,0.32,Goal,Root/div/station,ADI/ACS/SXM,0,Yes
ADI,SYD,ACS,station,2,0.12,Goal,Root/div/station,ADI/ACS/SYD,0,Yes
ADI,SYR,ACS,station,2,0.28,Goal,Root/div/station,ADI/ACS/SYR,0,Yes
ADI,TLH,ACS,station,2,0.13,Goal,Root/div/station,ADI/ACS/TLH,0,Yes
ADI,TLV,ACS,station,2,0.18,Goal,Root/div/station,ADI/ACS/TLV,0,Yes
ADI,TPA,ACS,station,2,0.3,Goal,Root/div/station,ADI/ACS/TPA,0,Yes
ADI,TPE,ACS,station,2,0.26,Goal,Root/div/station,ADI/ACS/TPE,0,Yes
ADI,TQO,ACS,station,2,0.12,Goal,Root/div/station,ADI/ACS/TQO,0,Yes
ADI,TRI,ACS,station,2,0.04,Goal,Root/div/station,ADI/ACS/TRI,0,Yes
ADI,TUL,ACS,station,2,0.16,Goal,Root/div/station,ADI/ACS/TUL,0,Yes
ADI,TUS,ACS,station,2,0.32,Goal,Root/div/station,ADI/ACS/TUS,0,Yes
ADI,TVC,ACS,station,2,0.35,Goal,Root/div/station,ADI/ACS/TVC,0,Yes
ADI,TWF,ACS,station,2,0.14,Goal,Root/div/station,ADI/ACS/TWF,0,Yes
ADI,TYS,ACS,station,2,0.3,Goal,Root/div/station,ADI/ACS/TYS,0,Yes
ADI,UIO,ACS,station,2,0.25,Goal,Root/div/station,ADI/ACS/UIO,0,Yes
ADI,UVF,ACS,station,2,0.19,Goal,Root/div/station,ADI/ACS/UVF,0,Yes
ADI,VCE,ACS,station,2,0.13,Goal,Root/div/station,ADI/ACS/VCE,0,Yes
ADI,VLD,ACS,station,2,0.17,Goal,Root/div/station,ADI/ACS/VLD,0,Yes
ADI,VPS,ACS,station,2,0.28,Goal,Root/div/station,ADI/ACS/VPS,0,Yes
ADI,WYS,ACS,station,2,0.09,Goal,Root/div/station,ADI/ACS/WYS,0,Yes
ADI,XNA,ACS,station,2,0.41,Goal,Root/div/station,ADI/ACS/XNA,0,Yes
ADI,XWA,ACS,station,2,0.27,Goal,Root/div/station,ADI/ACS/XWA,0,Yes
ADI,YHZ,ACS,station,2,0.38,Goal,Root/div/station,ADI/ACS/YHZ,0,Yes
ADI,YUL,ACS,station,2,0.2,Goal,Root/div/station,ADI/ACS/YUL,0,Yes
ADI,YVR,ACS,station,2,0.19,Goal,Root/div/station,ADI/ACS/YVR,0,Yes
ADI,YWG,ACS,station,2,0.46,Goal,Root/div/station,ADI/ACS/YWG,0,Yes
ADI,YYC,ACS,station,2,0.46,Goal,Root/div/station,ADI/ACS/YYC,0,Yes
ADI,YYZ,ACS,station,2,0.21,Goal,Root/div/station,ADI/ACS/YYZ,0,Yes
ADI,ZRH,ACS,station,2,0.01,Goal,Root/div/station,ADI/ACS/ZRH,0,Yes
ADI,APAC_VP,ACS,vp,2,0.44,Goal,Root/div/vp,ADI/ACS/APAC_VP,0,Yes
ADI,ATL_VP,ACS,vp,2,0.29,Goal,Root/div/vp,ADI/ACS/ATL_VP,0,Yes
ADI,AUS_FL_VP,ACS,vp,2,0.47,Goal,Root/div/vp,ADI/ACS/AUS_FL_VP,0,Yes
ADI,BOS_VP,ACS,vp,2,0.23,Goal,Root/div/vp,ADI/ACS/BOS_VP,0,Yes
ADI,DTW_VP,ACS,vp,2,0.34,Goal,Root/div/vp,ADI/ACS/DTW_VP,0,Yes
ADI,East_VP,ACS,vp,2,0.2,Goal,Root/div/vp,ADI/ACS/East_VP,0,Yes
ADI,EMEAI_VP,ACS,vp,2,0.44,Goal,Root/div/vp,ADI/ACS/EMEAI_VP,0,Yes
ADI,FieldStations_VP,ACS,vp,2,0.45,Goal,Root/div/vp,ADI/ACS/FieldStations_VP,0,Yes
ADI,JFK_VP,ACS,vp,2,0.46,Goal,Root/div/vp,ADI/ACS/JFK_VP,0,Yes
ADI,LACC_VP,ACS,vp,2,0.01,Goal,Root/div/vp,ADI/ACS/LACC_VP,0,Yes
ADI,LAX_VP,ACS,vp,2,0.23,Goal,Root/div/vp,ADI/ACS/LAX_VP,0,Yes
ADI,LGA_VP,ACS,vp,2,0.35,Goal,Root/div/vp,ADI/ACS/LGA_VP,0,Yes
ADI,MSP_VP,ACS,vp,2,0.46,Goal,Root/div/vp,ADI/ACS/MSP_VP,0,Yes
ADI,SEA_VP,ACS,vp,2,0.17,Goal,Root/div/vp,ADI/ACS/SEA_VP,0,Yes
ADI,SLC_VP,ACS,vp,2,0.23,Goal,Root/div/vp,ADI/ACS/SLC_VP,0,Yes
ADI,West_Central_VP,ACS,vp,2,0.35000000000000003,Goal,Root/div/vp,ADI/ACS/West_Central_VP,0,Yes
ADI,CGO,ADI,div,1,0.56,Goal,Root/div,ADI/CGO,811,No
ADI,",null,",CGO,station,2,0.15,Goal,Root/div/station,"ADI/CGO/,null,",0,Yes
ADI,AAL,CGO,station,2,0.19,Goal,Root/div/station,ADI/CGO/AAL,0,Yes
ADI,AAT,CGO,station,2,0.06,Goal,Root/div/station,ADI/CGO/AAT,0,Yes
ADI,ABE,CGO,station,2,0.17,Goal,Root/div/station,ADI/CGO/ABE,0,Yes
ADI,ABJ,CGO,station,2,0.1,Goal,Root/div/station,ADI/CGO/ABJ,0,Yes
ADI,ABQ,CGO,station,2,0.16,Goal,Root/div/station,ADI/CGO/ABQ,0,Yes
ADI,ABR,CGO,station,2,0.02,Goal,Root/div/station,ADI/CGO/ABR,0,Yes
ADI,ABV,CGO,station,2,0.14,Goal,Root/div/station,ADI/CGO/ABV,0,Yes
ADI,ABY,CGO,station,2,0.2,Goal,Root/div/station,ADI/CGO/ABY,0,Yes
ADI,ABZ,CGO,station,2,0.17,Goal,Root/div/station,ADI/CGO/ABZ,0,Yes
ADI,ACC,CGO,station,2,0.16,Goal,Root/div/station,ADI/CGO/ACC,0,Yes
ADI,ACK,CGO,station,2,0.08,Goal,Root/div/station,ADI/CGO/ACK,0,Yes
ADI,ADB,CGO,station,2,0.08,Goal,Root/div/station,ADI/CGO/ADB,0,Yes
ADI,ADD,CGO,station,2,0.07,Goal,Root/div/station,ADI/CGO/ADD,0,Yes
ADI,ADL,CGO,station,2,0.06,Goal,Root/div/station,ADI/CGO/ADL,0,Yes
ADI,AES,CGO,station,2,0.03,Goal,Root/div/station,ADI/CGO/AES,0,Yes
ADI,AEX,CGO,station,2,0.12,Goal,Root/div/station,ADI/CGO/AEX,0,Yes
ADI,AGP,CGO,station,2,0.18,Goal,Root/div/station,ADI/CGO/AGP,0,Yes
ADI,AGS,CGO,station,2,0.02,Goal,Root/div/station,ADI/CGO/AGS,0,Yes
ADI,AKL,CGO,station,2,0.22,Goal,Root/div/station,ADI/CGO/AKL,0,Yes
ADI,ALA,CGO,station,2,0.01,Goal,Root/div/station,ADI/CGO/ALA,0,Yes
ADI,ALB,CGO,station,2,0.19,Goal,Root/div/station,ADI/CGO/ALB,0,Yes
ADI,ALC,CGO,station,2,0.23,Goal,Root/div/station,ADI/CGO/ALC,0,Yes
ADI,ALG,CGO,station,2,0.19,Goal,Root/div/station,ADI/CGO/ALG,0,Yes
ADI,ALK,CGO,station,2,0.16,Goal,Root/div/station,ADI/CGO/ALK,0,Yes
ADI,ALT,CGO,station,2,0.19,Goal,Root/div/station,ADI/CGO/ALT,0,Yes
ADI,AMD,CGO,station,2,0.04,Goal,Root/div/station,ADI/CGO/AMD,0,Yes
ADI,AMM,CGO,station,2,0.08,Goal,Root/div/station,ADI/CGO/AMM,0,Yes
ADI,AMR,CGO,station,2,0.2,Goal,Root/div/station,ADI/CGO/AMR,0,Yes
ADI,AMS,CGO,station,2,0.09,Goal,Root/div/station,ADI/CGO/AMS,0,Yes
ADI,ANC,CGO,station,2,0.16,Goal,Root/div/station,ADI/CGO/ANC,0,Yes
ADI,ANR,CGO,station,2,0.08,Goal,Root/div/station,ADI/CGO/ANR,0,Yes
ADI,ANU,CGO,station,2,0.14,Goal,Root/div/station,ADI/CGO/ANU,0,Yes
ADI,AOI,CGO,station,2,0.18,Goal,Root/div/station,ADI/CGO/AOI,0,Yes
ADI,APN,CGO,station,2,0.03,Goal,Root/div/station,ADI/CGO/APN,0,Yes
ADI,APW,CGO,station,2,0.11,Goal,Root/div/station,ADI/CGO/APW,0,Yes
ADI,ARM,CGO,station,2,0.05,Goal,Root/div/station,ADI/CGO/ARM,0,Yes
ADI,ARN,CGO,station,2,0.23,Goal,Root/div/station,ADI/CGO/ARN,0,Yes
ADI,ASD,CGO,station,2,0.2,Goal,Root/div/station,ADI/CGO/ASD,0,Yes
ADI,ASE,CGO,station,2,0.19,Goal,Root/div/station,ADI/CGO/ASE,0,Yes
ADI,ATG,CGO,station,2,0.04,Goal,Root/div/station,ADI/CGO/ATG,0,Yes
ADI,ATH,CGO,station,2,0.18,Goal,Root/div/station,ADI/CGO/ATH,0,Yes
ADI,ATJ,CGO,station,2,0.24,Goal,Root/div/station,ADI/CGO/ATJ,0,Yes
ADI,ATL,CGO,station,2,0.21,Goal,Root/div/station,ADI/CGO/ATL,0,Yes
ADI,ATO,CGO,station,2,0.22,Goal,Root/div/station,ADI/CGO/ATO,0,Yes
ADI,ATR,CGO,station,2,0.22,Goal,Root/div/station,ADI/CGO/ATR,0,Yes
ADI,ATT,CGO,station,2,0.2,Goal,Root/div/station,ADI/CGO/ATT,0,Yes
ADI,ATW,CGO,station,2,0.02,Goal,Root/div/station,ADI/CGO/ATW,0,Yes
ADI,ATY,CGO,station,2,0.05,Goal,Root/div/station,ADI/CGO/ATY,0,Yes
ADI,AUA,CGO,station,2,0.04,Goal,Root/div/station,ADI/CGO/AUA,0,Yes
ADI,AUH,CGO,station,2,0.15,Goal,Root/div/station,ADI/CGO/AUH,0,Yes
ADI,AUS,CGO,station,2,0.1,Goal,Root/div/station,ADI/CGO/AUS,0,Yes
ADI,AVL,CGO,station,2,0.19,Goal,Root/div/station,ADI/CGO/AVL,0,Yes
ADI,AVP,CGO,station,2,0.17,Goal,Root/div/station,ADI/CGO/AVP,0,Yes
ADI,AWK,CGO,station,2,0.06,Goal,Root/div/station,ADI/CGO/AWK,0,Yes
ADI,AZO,CGO,station,2,0.13,Goal,Root/div/station,ADI/CGO/AZO,0,Yes
ADI,BAH,CGO,station,2,0.1,Goal,Root/div/station,ADI/CGO/BAH,0,Yes
ADI,BAQ,CGO,station,2,0.01,Goal,Root/div/station,ADI/CGO/BAQ,0,Yes
ADI,BCN,CGO,station,2,0.23,Goal,Root/div/station,ADI/CGO/BCN,0,Yes
ADI,BDA,CGO,station,2,0.16,Goal,Root/div/station,ADI/CGO/BDA,0,Yes
ADI,BDL,CGO,station,2,0.08,Goal,Root/div/station,ADI/CGO/BDL,0,Yes
ADI,BEG,CGO,station,2,0.0,Goal,Root/div/station,ADI/CGO/BEG,0,Yes
ADI,BEO,CGO,station,2,0.24,Goal,Root/div/station,ADI/CGO/BEO,0,Yes
ADI,BER,CGO,station,2,0.12,Goal,Root/div/station,ADI/CGO/BER,0,Yes
ADI,BEY,CGO,station,2,0.1,Goal,Root/div/station,ADI/CGO/BEY,0,Yes
ADI,BFS,CGO,station,2,0.07,Goal,Root/div/station,ADI/CGO/BFS,0,Yes
ADI,BGF,CGO,station,2,0.12,Goal,Root/div/station,ADI/CGO/BGF,0,Yes
ADI,BGI,CGO,station,2,0.11,Goal,Root/div/station,ADI/CGO/BGI,0,Yes
ADI,BGM,CGO,station,2,0.11,Goal,Root/div/station,ADI/CGO/BGM,0,Yes
ADI,BGO,CGO,station,2,0.17,Goal,Root/div/station,ADI/CGO/BGO,0,Yes
ADI,BGR,CGO,station,2,0.16,Goal,Root/div/station,ADI/CGO/BGR,0,Yes
ADI,BHM,CGO,station,2,0.2,Goal,Root/div/station,ADI/CGO/BHM,0,Yes
ADI,BHX,CGO,station,2,0.22,Goal,Root/div/station,ADI/CGO/BHX,0,Yes
ADI,BIL,CGO,station,2,0.12,Goal,Root/div/station,ADI/CGO/BIL,0,Yes
ADI,BIO,CGO,station,2,0.05,Goal,Root/div/station,ADI/CGO/BIO,0,Yes
ADI,BIS,CGO,station,2,0.22,Goal,Root/div/station,ADI/CGO/BIS,0,Yes
ADI,BJI,CGO,station,2,0.16,Goal,Root/div/station,ADI/CGO/BJI,0,Yes
ADI,BKK,CGO,station,2,0.23,Goal,Root/div/station,ADI/CGO/BKK,0,Yes
ADI,BKO,CGO,station,2,0.09,Goal,Root/div/station,ADI/CGO/BKO,0,Yes
ADI,BLL,CGO,station,2,0.2,Goal,Root/div/station,ADI/CGO/BLL,0,Yes
ADI,BLQ,CGO,station,2,0.08,Goal,Root/div/station,ADI/CGO/BLQ,0,Yes
ADI,BLR,CGO,station,2,0.13,Goal,Root/div/station,ADI/CGO/BLR,0,Yes
ADI,BLY,CGO,station,2,0.16,Goal,Root/div/station,ADI/CGO/BLY,0,Yes
ADI,BMI,CGO,station,2,0.19,Goal,Root/div/station,ADI/CGO/BMI,0,Yes
ADI,BNA,CGO,station,2,0.14,Goal,Root/div/station,ADI/CGO/BNA,0,Yes
ADI,BNE,CGO,station,2,0.18,Goal,Root/div/station,ADI/CGO/BNE,0,Yes
ADI,BOA,CGO,station,2,0.07,Goal,Root/div/station,ADI/CGO/BOA,0,Yes
ADI,BOD,CGO,station,2,0.17,Goal,Root/div/station,ADI/CGO/BOD,0,Yes
ADI,BOG,CGO,station,2,0.07,Goal,Root/div/station,ADI/CGO/BOG,0,Yes
ADI,BOI,CGO,station,2,0.23,Goal,Root/div/station,ADI/CGO/BOI,0,Yes
ADI,BOM,CGO,station,2,0.06,Goal,Root/div/station,ADI/CGO/BOM,0,Yes
ADI,BON,CGO,station,2,0.04,Goal,Root/div/station,ADI/CGO/BON,0,Yes
ADI,BOQ,CGO,station,2,0.23,Goal,Root/div/station,ADI/CGO/BOQ,0,Yes
ADI,BOS,CGO,station,2,0.11,Goal,Root/div/station,ADI/CGO/BOS,0,Yes
ADI,BQK,CGO,station,2,0.2,Goal,Root/div/station,ADI/CGO/BQK,0,Yes
ADI,BQL,CGO,station,2,0.21,Goal,Root/div/station,ADI/CGO/BQL,0,Yes
ADI,BQN,CGO,station,2,0.05,Goal,Root/div/station,ADI/CGO/BQN,0,Yes
ADI,BQY,CGO,station,2,0.14,Goal,Root/div/station,ADI/CGO/BQY,0,Yes
ADI,BRC,CGO,station,2,0.15,Goal,Root/div/station,ADI/CGO/BRC,0,Yes
ADI,BRD,CGO,station,2,0.13,Goal,Root/div/station,ADI/CGO/BRD,0,Yes
ADI,BRE,CGO,station,2,0.21,Goal,Root/div/station,ADI/CGO/BRE,0,Yes
ADI,BRN,CGO,station,2,0.19,Goal,Root/div/station,ADI/CGO/BRN,0,Yes
ADI,BRS,CGO,station,2,0.2,Goal,Root/div/station,ADI/CGO/BRS,0,Yes
ADI,BRU,CGO,station,2,0.1,Goal,Root/div/station,ADI/CGO/BRU,0,Yes
ADI,BRV,CGO,station,2,0.23,Goal,Root/div/station,ADI/CGO/BRV,0,Yes
ADI,BSB,CGO,station,2,0.15,Goal,Root/div/station,ADI/CGO/BSB,0,Yes
ADI,BSL,CGO,station,2,0.13,Goal,Root/div/station,ADI/CGO/BSL,0,Yes
ADI,BTM,CGO,station,2,0.2,Goal,Root/div/station,ADI/CGO/BTM,0,Yes
ADI,BTR,CGO,station,2,0.19,Goal,Root/div/station,ADI/CGO/BTR,0,Yes
ADI,BTS,CGO,station,2,0.13,Goal,Root/div/station,ADI/CGO/BTS,0,Yes
ADI,BTV,CGO,station,2,0.22,Goal,Root/div/station,ADI/CGO/BTV,0,Yes
ADI,BUD,CGO,station,2,0.17,Goal,Root/div/station,ADI/CGO/BUD,0,Yes
ADI,BUF,CGO,station,2,0.19,Goal,Root/div/station,ADI/CGO/BUF,0,Yes
ADI,BUR,CGO,station,2,0.02,Goal,Root/div/station,ADI/CGO/BUR,0,Yes
ADI,BWI,CGO,station,2,0.1,Goal,Root/div/station,ADI/CGO/BWI,0,Yes
ADI,BWN,CGO,station,2,0.05,Goal,Root/div/station,ADI/CGO/BWN,0,Yes
ADI,BZE,CGO,station,2,0.17,Goal,Root/div/station,ADI/CGO/BZE,0,Yes
ADI,BZG,CGO,station,2,0.19,Goal,Root/div/station,ADI/CGO/BZG,0,Yes
ADI,BZN,CGO,station,2,0.22,Goal,Root/div/station,ADI/CGO/BZN,0,Yes
ADI,BZV,CGO,station,2,0.15,Goal,Root/div/station,ADI/CGO/BZV,0,Yes
ADI,CAE,CGO,station,2,0.06,Goal,Root/div/station,ADI/CGO/CAE,0,Yes
ADI,CAI,CGO,station,2,0.07,Goal,Root/div/station,ADI/CGO/CAI,0,Yes
ADI,CAK,CGO,station,2,0.13,Goal,Root/div/station,ADI/CGO/CAK,0,Yes
ADI,CAN,CGO,station,2,0.05,Goal,Root/div/station,ADI/CGO/CAN,0,Yes
ADI,CAR,CGO,station,2,0.2,Goal,Root/div/station,ADI/CGO/CAR,0,Yes
ADI,CAY,CGO,station,2,0.08,Goal,Root/div/station,ADI/CGO/CAY,0,Yes
ADI,CBR,CGO,station,2,0.24,Goal,Root/div/station,ADI/CGO/CBR,0,Yes
ADI,CCG,CGO,station,2,0.16,Goal,Root/div/station,ADI/CGO/CCG,0,Yes
ADI,CCS,CGO,station,2,0.07,Goal,Root/div/station,ADI/CGO/CCS,0,Yes
ADI,CCU,CGO,station,2,0.04,Goal,Root/div/station,ADI/CGO/CCU,0,Yes
ADI,CDC,CGO,station,2,0.21,Goal,Root/div/station,ADI/CGO/CDC,0,Yes
ADI,CDG,CGO,station,2,0.01,Goal,Root/div/station,ADI/CGO/CDG,0,Yes
ADI,CEB,CGO,station,2,0.16,Goal,Root/div/station,ADI/CGO/CEB,0,Yes
ADI,CEG,CGO,station,2,0.09,Goal,Root/div/station,ADI/CGO/CEG,0,Yes
ADI,CGK,CGO,station,2,0.12,Goal,Root/div/station,ADI/CGO/CGK,0,Yes
ADI,CGN,CGO,station,2,0.21,Goal,Root/div/station,ADI/CGO/CGN,0,Yes
ADI,CGO,CGO,station,2,0.22,Goal,Root/div/station,ADI/CGO/CGO,0,Yes
ADI,CHA,CGO,station,2,0.23,Goal,Root/div/station,ADI/CGO/CHA,0,Yes
ADI,CHC,CGO,station,2,0.04,Goal,Root/div/station,ADI/CGO/CHC,0,Yes
ADI,CHO,CGO,station,2,0.1,Goal,Root/div/station,ADI/CGO/CHO,0,Yes
ADI,CHS,CGO,station,2,0.17,Goal,Root/div/station,ADI/CGO/CHS,0,Yes
ADI,CIA,CGO,station,2,0.02,Goal,Root/div/station,ADI/CGO/CIA,0,Yes
ADI,CID,CGO,station,2,0.11,Goal,Root/div/station,ADI/CGO/CID,0,Yes
ADI,CIU,CGO,station,2,0.14,Goal,Root/div/station,ADI/CGO/CIU,0,Yes
ADI,CKG,CGO,station,2,0.01,Goal,Root/div/station,ADI/CGO/CKG,0,Yes
ADI,CKS,CGO,station,2,0.16,Goal,Root/div/station,ADI/CGO/CKS,0,Yes
ADI,CKY,CGO,station,2,0.05,Goal,Root/div/station,ADI/CGO/CKY,0,Yes
ADI,CLE,CGO,station,2,0.13,Goal,Root/div/station,ADI/CGO/CLE,0,Yes
ADI,CLT,CGO,station,2,0.12,Goal,Root/div/station,ADI/CGO/CLT,0,Yes
ADI,CMB,CGO,station,2,0.13,Goal,Root/div/station,ADI/CGO/CMB,0,Yes
ADI,CMH,CGO,station,2,0.07,Goal,Root/div/station,ADI/CGO/CMH,0,Yes
ADI,CMN,CGO,station,2,0.03,Goal,Root/div/station,ADI/CGO/CMN,0,Yes
ADI,CNF,CGO,station,2,0.22,Goal,Root/div/station,ADI/CGO/CNF,0,Yes
ADI,CNY,CGO,station,2,0.21,Goal,Root/div/station,ADI/CGO/CNY,0,Yes
ADI,COD,CGO,station,2,0.16,Goal,Root/div/station,ADI/CGO/COD,0,Yes
ADI,COH,CGO,station,2,0.22,Goal,Root/div/station,ADI/CGO/COH,0,Yes
ADI,COK,CGO,station,2,0.13,Goal,Root/div/station,ADI/CGO/COK,0,Yes
ADI,COO,CGO,station,2,0.01,Goal,Root/div/station,ADI/CGO/COO,0,Yes
ADI,COR,CGO,station,2,0.11,Goal,Root/div/station,ADI/CGO/COR,0,Yes
ADI,COS,CGO,station,2,0.17,Goal,Root/div/station,ADI/CGO/COS,0,Yes
ADI,CPG,CGO,station,2,0.21,Goal,Root/div/station,ADI/CGO/CPG,0,Yes
ADI,CPH,CGO,station,2,0.16,Goal,Root/div/station,ADI/CGO/CPH,0,Yes
ADI,CPR,CGO,station,2,0.11,Goal,Root/div/station,ADI/CGO/CPR,0,Yes
ADI,CPT,CGO,station,2,0.22,Goal,Root/div/station,ADI/CGO/CPT,0,Yes
ADI,CRL,CGO,station,2,0.02,Goal,Root/div/station,ADI/CGO/CRL,0,Yes
ADI,CRW,CGO,station,2,0.22,Goal,Root/div/station,ADI/CGO/CRW,0,Yes
ADI,CSG,CGO,station,2,0.23,Goal,Root/div/station,ADI/CGO/CSG,0,Yes
ADI,CTA,CGO,station,2,0.22,Goal,Root/div/station,ADI/CGO/CTA,0,Yes
ADI,CTG,CGO,station,2,0.03,Goal,Root/div/station,ADI/CGO/CTG,0,Yes
ADI,CTU,CGO,station,2,0.01,Goal,Root/div/station,ADI/CGO/CTU,0,Yes
ADI,CUN,CGO,station,2,0.21,Goal,Root/div/station,ADI/CGO/CUN,0,Yes
ADI,CUR,CGO,station,2,0.1,Goal,Root/div/station,ADI/CGO/CUR,0,Yes
ADI,CVG,CGO,station,2,0.07,Goal,Root/div/station,ADI/CGO/CVG,0,Yes
ADI,CWA,CGO,station,2,0.07,Goal,Root/div/station,ADI/CGO/CWA,0,Yes
ADI,CWB,CGO,station,2,0.23,Goal,Root/div/station,ADI/CGO/CWB,0,Yes
ADI,CWL,CGO,station,2,0.06,Goal,Root/div/station,ADI/CGO/CWL,0,Yes
ADI,CZM,CGO,station,2,0.22,Goal,Root/div/station,ADI/CGO/CZM,0,Yes
ADI,DAB,CGO,station,2,0.16,Goal,Root/div/station,ADI/CGO/DAB,0,Yes
ADI,DAC,CGO,station,2,0.08,Goal,Root/div/station,ADI/CGO/DAC,0,Yes
ADI,DAD,CGO,station,2,0.08,Goal,Root/div/station,ADI/CGO/DAD,0,Yes
ADI,DAL,CGO,station,2,0.18,Goal,Root/div/station,ADI/CGO/DAL,0,Yes
ADI,DAR,CGO,station,2,0.18,Goal,Root/div/station,ADI/CGO/DAR,0,Yes
ADI,DAY,CGO,station,2,0.2,Goal,Root/div/station,ADI/CGO/DAY,0,Yes
ADI,DBV,CGO,station,2,0.23,Goal,Root/div/station,ADI/CGO/DBV,0,Yes
ADI,DCA,CGO,station,2,0.05,Goal,Root/div/station,ADI/CGO/DCA,0,Yes
ADI,DEL,CGO,station,2,0.22,Goal,Root/div/station,ADI/CGO/DEL,0,Yes
ADI,DEN,CGO,station,2,0.11,Goal,Root/div/station,ADI/CGO/DEN,0,Yes
ADI,DFW,CGO,station,2,0.09,Goal,Root/div/station,ADI/CGO/DFW,0,Yes
ADI,DHN,CGO,station,2,0.08,Goal,Root/div/station,ADI/CGO/DHN,0,Yes
ADI,DKK,CGO,station,2,0.08,Goal,Root/div/station,ADI/CGO/DKK,0,Yes
ADI,DKR,CGO,station,2,0.23,Goal,Root/div/station,ADI/CGO/DKR,0,Yes
ADI,DLA,CGO,station,2,0.05,Goal,Root/div/station,ADI/CGO/DLA,0,Yes
ADI,DLC,CGO,station,2,0.1,Goal,Root/div/station,ADI/CGO/DLC,0,Yes
ADI,DLH,CGO,station,2,0.12,Goal,Root/div/station,ADI/CGO/DLH,0,Yes
ADI,DMM,CGO,station,2,0.11,Goal,Root/div/station,ADI/CGO/DMM,0,Yes
ADI,DOH,CGO,station,2,0.15,Goal,Root/div/station,ADI/CGO/DOH,0,Yes
ADI,DPE,CGO,station,2,0.04,Goal,Root/div/station,ADI/CGO/DPE,0,Yes
ADI,DPL,CGO,station,2,0.14,Goal,Root/div/station,ADI/CGO/DPL,0,Yes
ADI,DPS,CGO,station,2,0.21,Goal,Root/div/station,ADI/CGO/DPS,0,Yes
ADI,DRA,CGO,station,2,0.22,Goal,Root/div/station,ADI/CGO/DRA,0,Yes
ADI,DRS,CGO,station,2,0.19,Goal,Root/div/station,ADI/CGO/DRS,0,Yes
ADI,DRW,CGO,station,2,0.09,Goal,Root/div/station,ADI/CGO/DRW,0,Yes
ADI,DSM,CGO,station,2,0.04,Goal,Root/div/station,ADI/CGO/DSM,0,Yes
ADI,DSS,CGO,station,2,0.16,Goal,Root/div/station,ADI/CGO/DSS,0,Yes
ADI,DTE,CGO,station,2,0.15,Goal,Root/div/station,ADI/CGO/DTE,0,Yes
ADI,DTM,CGO,station,2,0.24,Goal,Root/div/station,ADI/CGO/DTM,0,Yes
ADI,DTT,CGO,station,2,0.17,Goal,Root/div/station,ADI/CGO/DTT,0,Yes
ADI,DTW,CGO,station,2,0.11,Goal,Root/div/station,ADI/CGO/DTW,0,Yes
ADI,DUB,CGO,station,2,0.0,Goal,Root/div/station,ADI/CGO/DUB,0,Yes
ADI,DUR,CGO,station,2,0.09,Goal,Root/div/station,ADI/CGO/DUR,0,Yes
ADI,DUS,CGO,station,2,0.03,Goal,Root/div/station,ADI/CGO/DUS,0,Yes
ADI,DWC,CGO,station,2,0.21,Goal,Root/div/station,ADI/CGO/DWC,0,Yes
ADI,DWH,CGO,station,2,0.22,Goal,Root/div/station,ADI/CGO/DWH,0,Yes
ADI,DXB,CGO,station,2,0.11,Goal,Root/div/station,ADI/CGO/DXB,0,Yes
ADI,EBB,CGO,station,2,0.1,Goal,Root/div/station,ADI/CGO/EBB,0,Yes
ADI,EBJ,CGO,station,2,0.22,Goal,Root/div/station,ADI/CGO/EBJ,0,Yes
ADI,ECP,CGO,station,2,0.02,Goal,Root/div/station,ADI/CGO/ECP,0,Yes
ADI,EDI,CGO,station,2,0.11,Goal,Root/div/station,ADI/CGO/EDI,0,Yes
ADI,EFD,CGO,station,2,0.08,Goal,Root/div/station,ADI/CGO/EFD,0,Yes
ADI,EGE,CGO,station,2,0.17,Goal,Root/div/station,ADI/CGO/EGE,0,Yes
ADI,EIN,CGO,station,2,0.02,Goal,Root/div/station,ADI/CGO/EIN,0,Yes
ADI,EKO,CGO,station,2,0.11,Goal,Root/div/station,ADI/CGO/EKO,0,Yes
ADI,ELH,CGO,station,2,0.23,Goal,Root/div/station,ADI/CGO/ELH,0,Yes
ADI,ELM,CGO,station,2,0.09,Goal,Root/div/station,ADI/CGO/ELM,0,Yes
ADI,ELP,CGO,station,2,0.2,Goal,Root/div/station,ADI/CGO/ELP,0,Yes
ADI,EMA,CGO,station,2,0.18,Goal,Root/div/station,ADI/CGO/EMA,0,Yes
ADI,ENS,CGO,station,2,0.11,Goal,Root/div/station,ADI/CGO/ENS,0,Yes
ADI,ERI,CGO,station,2,0.21,Goal,Root/div/station,ADI/CGO/ERI,0,Yes
ADI,ESB,CGO,station,2,0.1,Goal,Root/div/station,ADI/CGO/ESB,0,Yes
ADI,ESC,CGO,station,2,0.01,Goal,Root/div/station,ADI/CGO/ESC,0,Yes
ADI,EUG,CGO,station,2,0.21,Goal,Root/div/station,ADI/CGO/EUG,0,Yes
ADI,EVV,CGO,station,2,0.1,Goal,Root/div/station,ADI/CGO/EVV,0,Yes
ADI,EWN,CGO,station,2,0.18,Goal,Root/div/station,ADI/CGO/EWN,0,Yes
ADI,EWR,CGO,station,2,0.15,Goal,Root/div/station,ADI/CGO/EWR,0,Yes
ADI,EYW,CGO,station,2,0.15,Goal,Root/div/station,ADI/CGO/EYW,0,Yes
ADI,EZE,CGO,station,2,0.15,Goal,Root/div/station,ADI/CGO/EZE,0,Yes
ADI,FAI,CGO,station,2,0.04,Goal,Root/div/station,ADI/CGO/FAI,0,Yes
ADI,FAR,CGO,station,2,0.23,Goal,Root/div/station,ADI/CGO/FAR,0,Yes
ADI,FAT,CGO,station,2,0.14,Goal,Root/div/station,ADI/CGO/FAT,0,Yes
ADI,FAY,CGO,station,2,0.06,Goal,Root/div/station,ADI/CGO/FAY,0,Yes
ADI,FCA,CGO,station,2,0.08,Goal,Root/div/station,ADI/CGO/FCA,0,Yes
ADI,FCO,CGO,station,2,0.1,Goal,Root/div/station,ADI/CGO/FCO,0,Yes
ADI,FDF,CGO,station,2,0.07,Goal,Root/div/station,ADI/CGO/FDF,0,Yes
ADI,FGU,CGO,station,2,0.13,Goal,Root/div/station,ADI/CGO/FGU,0,Yes
ADI,FIH,CGO,station,2,0.11,Goal,Root/div/station,ADI/CGO/FIH,0,Yes
ADI,FLL,CGO,station,2,0.12,Goal,Root/div/station,ADI/CGO/FLL,0,Yes
ADI,FLN,CGO,station,2,0.03,Goal,Root/div/station,ADI/CGO/FLN,0,Yes
ADI,FLO,CGO,station,2,0.22,Goal,Root/div/station,ADI/CGO/FLO,0,Yes
ADI,FLR,CGO,station,2,0.05,Goal,Root/div/station,ADI/CGO/FLR,0,Yes
ADI,FMO,CGO,station,2,0.2,Goal,Root/div/station,ADI/CGO/FMO,0,Yes
ADI,FNA,CGO,station,2,0.12,Goal,Root/div/station,ADI/CGO/FNA,0,Yes
ADI,FNT,CGO,station,2,0.12,Goal,Root/div/station,ADI/CGO/FNT,0,Yes
ADI,FOC,CGO,station,2,0.08,Goal,Root/div/station,ADI/CGO/FOC,0,Yes
ADI,FOR,CGO,station,2,0.14,Goal,Root/div/station,ADI/CGO/FOR,0,Yes
ADI,FRA,CGO,station,2,0.06,Goal,Root/div/station,ADI/CGO/FRA,0,Yes
ADI,FRL,CGO,station,2,0.02,Goal,Root/div/station,ADI/CGO/FRL,0,Yes
ADI,FSD,CGO,station,2,0.17,Goal,Root/div/station,ADI/CGO/FSD,0,Yes
ADI,FSM,CGO,station,2,0.21,Goal,Root/div/station,ADI/CGO/FSM,0,Yes
ADI,FUK,CGO,station,2,0.05,Goal,Root/div/station,ADI/CGO/FUK,0,Yes
ADI,FWA,CGO,station,2,0.2,Goal,Root/div/station,ADI/CGO/FWA,0,Yes
ADI,GCC,CGO,station,2,0.15,Goal,Root/div/station,ADI/CGO/GCC,0,Yes
ADI,GCM,CGO,station,2,0.2,Goal,Root/div/station,ADI/CGO/GCM,0,Yes
ADI,GDL,CGO,station,2,0.09,Goal,Root/div/station,ADI/CGO/GDL,0,Yes
ADI,GDN,CGO,station,2,0.03,Goal,Root/div/station,ADI/CGO/GDN,0,Yes
ADI,GEG,CGO,station,2,0.07,Goal,Root/div/station,ADI/CGO/GEG,0,Yes
ADI,GEO,CGO,station,2,0.04,Goal,Root/div/station,ADI/CGO/GEO,0,Yes
ADI,GFK,CGO,station,2,0.23,Goal,Root/div/station,ADI/CGO/GFK,0,Yes
ADI,GGT,CGO,station,2,0.2,Goal,Root/div/station,ADI/CGO/GGT,0,Yes
ADI,GIG,CGO,station,2,0.15,Goal,Root/div/station,ADI/CGO/GIG,0,Yes
ADI,GJT,CGO,station,2,0.03,Goal,Root/div/station,ADI/CGO/GJT,0,Yes
ADI,GLA,CGO,station,2,0.04,Goal,Root/div/station,ADI/CGO/GLA,0,Yes
ADI,GND,CGO,station,2,0.23,Goal,Root/div/station,ADI/CGO/GND,0,Yes
ADI,GNV,CGO,station,2,0.14,Goal,Root/div/station,ADI/CGO/GNV,0,Yes
ADI,GOA,CGO,station,2,0.18,Goal,Root/div/station,ADI/CGO/GOA,0,Yes
ADI,GOT,CGO,station,2,0.23,Goal,Root/div/station,ADI/CGO/GOT,0,Yes
ADI,GPT,CGO,station,2,0.17,Goal,Root/div/station,ADI/CGO/GPT,0,Yes
ADI,GRB,CGO,station,2,0.13,Goal,Root/div/station,ADI/CGO/GRB,0,Yes
ADI,GRK,CGO,station,2,0.24,Goal,Root/div/station,ADI/CGO/GRK,0,Yes
ADI,GRQ,CGO,station,2,0.1,Goal,Root/div/station,ADI/CGO/GRQ,0,Yes
ADI,GRR,CGO,station,2,0.24,Goal,Root/div/station,ADI/CGO/GRR,0,Yes
ADI,GRU,CGO,station,2,0.06,Goal,Root/div/station,ADI/CGO/GRU,0,Yes
ADI,GRZ,CGO,station,2,0.13,Goal,Root/div/station,ADI/CGO/GRZ,0,Yes
ADI,GSE,CGO,station,2,0.12,Goal,Root/div/station,ADI/CGO/GSE,0,Yes
ADI,GSO,CGO,station,2,0.2,Goal,Root/div/station,ADI/CGO/GSO,0,Yes
ADI,GSP,CGO,station,2,0.08,Goal,Root/div/station,ADI/CGO/GSP,0,Yes
ADI,GTB,CGO,station,2,0.21,Goal,Root/div/station,ADI/CGO/GTB,0,Yes
ADI,GTF,CGO,station,2,0.03,Goal,Root/div/station,ADI/CGO/GTF,0,Yes
ADI,GTR,CGO,station,2,0.11,Goal,Root/div/station,ADI/CGO/GTR,0,Yes
ADI,GUA,CGO,station,2,0.1,Goal,Root/div/station,ADI/CGO/GUA,0,Yes
ADI,GUM,CGO,station,2,0.11,Goal,Root/div/station,ADI/CGO/GUM,0,Yes
ADI,GVA,CGO,station,2,0.02,Goal,Root/div/station,ADI/CGO/GVA,0,Yes
ADI,GYD,CGO,station,2,0.23,Goal,Root/div/station,ADI/CGO/GYD,0,Yes
ADI,GYE,CGO,station,2,0.15,Goal,Root/div/station,ADI/CGO/GYE,0,Yes
ADI,HAJ,CGO,station,2,0.08,Goal,Root/div/station,ADI/CGO/HAJ,0,Yes
ADI,HAM,CGO,station,2,0.16,Goal,Root/div/station,ADI/CGO/HAM,0,Yes
ADI,HAN,CGO,station,2,0.15,Goal,Root/div/station,ADI/CGO/HAN,0,Yes
ADI,HAV,CGO,station,2,0.14,Goal,Root/div/station,ADI/CGO/HAV,0,Yes
ADI,HDN,CGO,station,2,0.05,Goal,Root/div/station,ADI/CGO/HDN,0,Yes
ADI,HEL,CGO,station,2,0.08,Goal,Root/div/station,ADI/CGO/HEL,0,Yes
ADI,HGH,CGO,station,2,0.11,Goal,Root/div/station,ADI/CGO/HGH,0,Yes
ADI,HHH,CGO,station,2,0.1,Goal,Root/div/station,ADI/CGO/HHH,0,Yes
ADI,HHN,CGO,station,2,0.09,Goal,Root/div/station,ADI/CGO/HHN,0,Yes
ADI,HIB,CGO,station,2,0.06,Goal,Root/div/station,ADI/CGO/HIB,0,Yes
ADI,HKG,CGO,station,2,0.23,Goal,Root/div/station,ADI/CGO/HKG,0,Yes
ADI,HKT,CGO,station,2,0.06,Goal,Root/div/station,ADI/CGO/HKT,0,Yes
ADI,HLN,CGO,station,2,0.24,Goal,Root/div/station,ADI/CGO/HLN,0,Yes
ADI,HND,CGO,station,2,0.08,Goal,Root/div/station,ADI/CGO/HND,0,Yes
ADI,HNL,CGO,station,2,0.21,Goal,Root/div/station,ADI/CGO/HNL,0,Yes
ADI,HOH,CGO,station,2,0.06,Goal,Root/div/station,ADI/CGO/HOH,0,Yes
ADI,HOU,CGO,station,2,0.2,Goal,Root/div/station,ADI/CGO/HOU,0,Yes
ADI,HPN,CGO,station,2,0.18,Goal,Root/div/station,ADI/CGO/HPN,0,Yes
ADI,HRE,CGO,station,2,0.06,Goal,Root/div/station,ADI/CGO/HRE,0,Yes
ADI,HRL,CGO,station,2,0.11,Goal,Root/div/station,ADI/CGO/HRL,0,Yes
ADI,HSV,CGO,station,2,0.02,Goal,Root/div/station,ADI/CGO/HSV,0,Yes
ADI,HYD,CGO,station,2,0.08,Goal,Root/div/station,ADI/CGO/HYD,0,Yes
ADI,IAD,CGO,station,2,0.12,Goal,Root/div/station,ADI/CGO/IAD,0,Yes
ADI,IAG,CGO,station,2,0.08,Goal,Root/div/station,ADI/CGO/IAG,0,Yes
ADI,IAH,CGO,station,2,0.07,Goal,Root/div/station,ADI/CGO/IAH,0,Yes
ADI,ICN,CGO,station,2,0.09,Goal,Root/div/station,ADI/CGO/ICN,0,Yes
ADI,ICT,CGO,station,2,0.1,Goal,Root/div/station,ADI/CGO/ICT,0,Yes
ADI,IDA,CGO,station,2,0.23,Goal,Root/div/station,ADI/CGO/IDA,0,Yes
ADI,ILM,CGO,station,2,0.19,Goal,Root/div/station,ADI/CGO/ILM,0,Yes
ADI,ILN,CGO,station,2,0.18,Goal,Root/div/station,ADI/CGO/ILN,0,Yes
ADI,IMD,CGO,station,2,0.13,Goal,Root/div/station,ADI/CGO/IMD,0,Yes
ADI,IMT,CGO,station,2,0.22,Goal,Root/div/station,ADI/CGO/IMT,0,Yes
ADI,INC,CGO,station,2,0.05,Goal,Root/div/station,ADI/CGO/INC,0,Yes
ADI,IND,CGO,station,2,0.06,Goal,Root/div/station,ADI/CGO/IND,0,Yes
ADI,INL,CGO,station,2,0.22,Goal,Root/div/station,ADI/CGO/INL,0,Yes
ADI,INN,CGO,station,2,0.13,Goal,Root/div/station,ADI/CGO/INN,0,Yes
ADI,ISB,CGO,station,2,0.15,Goal,Root/div/station,ADI/CGO/ISB,0,Yes
ADI,ISL,CGO,station,2,0.19,Goal,Root/div/station,ADI/CGO/ISL,0,Yes
ADI,IST,CGO,station,2,0.18,Goal,Root/div/station,ADI/CGO/IST,0,Yes
ADI,ITH,CGO,station,2,0.16,Goal,Root/div/station,ADI/CGO/ITH,0,Yes
ADI,ITO,CGO,station,2,0.01,Goal,Root/div/station,ADI/CGO/ITO,0,Yes
ADI,JAC,CGO,station,2,0.01,Goal,Root/div/station,ADI/CGO/JAC,0,Yes
ADI,JAN,CGO,station,2,0.11,Goal,Root/div/station,ADI/CGO/JAN,0,Yes
ADI,JAX,CGO,station,2,0.2,Goal,Root/div/station,ADI/CGO/JAX,0,Yes
ADI,JED,CGO,station,2,0.12,Goal,Root/div/station,ADI/CGO/JED,0,Yes
ADI,JFK,CGO,station,2,0.18,Goal,Root/div/station,ADI/CGO/JFK,0,Yes
ADI,JIB,CGO,station,2,0.21,Goal,Root/div/station,ADI/CGO/JIB,0,Yes
ADI,JKT,CGO,station,2,0.14,Goal,Root/div/station,ADI/CGO/JKT,0,Yes
ADI,JNB,CGO,station,2,0.09,Goal,Root/div/station,ADI/CGO/JNB,0,Yes
ADI,JNU,CGO,station,2,0.19,Goal,Root/div/station,ADI/CGO/JNU,0,Yes
ADI,JOI,CGO,station,2,0.16,Goal,Root/div/station,ADI/CGO/JOI,0,Yes
ADI,JRO,CGO,station,2,0.18,Goal,Root/div/station,ADI/CGO/JRO,0,Yes
ADI,KBP,CGO,station,2,0.11,Goal,Root/div/station,ADI/CGO/KBP,0,Yes
ADI,KEF,CGO,station,2,0.14,Goal,Root/div/station,ADI/CGO/KEF,0,Yes
ADI,KGL,CGO,station,2,0.21,Goal,Root/div/station,ADI/CGO/KGL,0,Yes
ADI,KHI,CGO,station,2,0.2,Goal,Root/div/station,ADI/CGO/KHI,0,Yes
ADI,KIN,CGO,station,2,0.03,Goal,Root/div/station,ADI/CGO/KIN,0,Yes
ADI,KIV,CGO,station,2,0.03,Goal,Root/div/station,ADI/CGO/KIV,0,Yes
ADI,KIX,CGO,station,2,0.1,Goal,Root/div/station,ADI/CGO/KIX,0,Yes
ADI,KMT,CGO,station,2,0.09,Goal,Root/div/station,ADI/CGO/KMT,0,Yes
ADI,KOA,CGO,station,2,0.15,Goal,Root/div/station,ADI/CGO/KOA,0,Yes
ADI,KRK,CGO,station,2,0.1,Goal,Root/div/station,ADI/CGO/KRK,0,Yes
ADI,KSC,CGO,station,2,0.09,Goal,Root/div/station,ADI/CGO/KSC,0,Yes
ADI,KSF,CGO,station,2,0.15,Goal,Root/div/station,ADI/CGO/KSF,0,Yes
ADI,KTM,CGO,station,2,0.02,Goal,Root/div/station,ADI/CGO/KTM,0,Yes
ADI,KTN,CGO,station,2,0.04,Goal,Root/div/station,ADI/CGO/KTN,0,Yes
ADI,KTW,CGO,station,2,0.08,Goal,Root/div/station,ADI/CGO/KTW,0,Yes
ADI,KUL,CGO,station,2,0.1,Goal,Root/div/station,ADI/CGO/KUL,0,Yes
ADI,KWI,CGO,station,2,0.06,Goal,Root/div/station,ADI/CGO/KWI,0,Yes
ADI,LAC,CGO,station,2,0.1,Goal,Root/div/station,ADI/CGO/LAC,0,Yes
ADI,LAD,CGO,station,2,0.14,Goal,Root/div/station,ADI/CGO/LAD,0,Yes
ADI,LAN,CGO,station,2,0.06,Goal,Root/div/station,ADI/CGO/LAN,0,Yes
ADI,LAS,CGO,station,2,0.09,Goal,Root/div/station,ADI/CGO/LAS,0,Yes
ADI,LAX,CGO,station,2,0.16,Goal,Root/div/station,ADI/CGO/LAX,0,Yes
ADI,LAZ,CGO,station,2,0.23,Goal,Root/div/station,ADI/CGO/LAZ,0,Yes
ADI,LBA,CGO,station,2,0.2,Goal,Root/div/station,ADI/CGO/LBA,0,Yes
ADI,LBV,CGO,station,2,0.14,Goal,Root/div/station,ADI/CGO/LBV,0,Yes
ADI,LCG,CGO,station,2,0.16,Goal,Root/div/station,ADI/CGO/LCG,0,Yes
ADI,LCJ,CGO,station,2,0.1,Goal,Root/div/station,ADI/CGO/LCJ,0,Yes
ADI,LED,CGO,station,2,0.21,Goal,Root/div/station,ADI/CGO/LED,0,Yes
ADI,LEJ,CGO,station,2,0.21,Goal,Root/div/station,ADI/CGO/LEJ,0,Yes
ADI,LEX,CGO,station,2,0.06,Goal,Root/div/station,ADI/CGO/LEX,0,Yes
ADI,LFT,CGO,station,2,0.23,Goal,Root/div/station,ADI/CGO/LFT,0,Yes
ADI,LFW,CGO,station,2,0.16,Goal,Root/div/station,ADI/CGO/LFW,0,Yes
ADI,LGA,CGO,station,2,0.11,Goal,Root/div/station,ADI/CGO/LGA,0,Yes
ADI,LGB,CGO,station,2,0.03,Goal,Root/div/station,ADI/CGO/LGB,0,Yes
ADI,LGG,CGO,station,2,0.17,Goal,Root/div/station,ADI/CGO/LGG,0,Yes
ADI,LGW,CGO,station,2,0.22,Goal,Root/div/station,ADI/CGO/LGW,0,Yes
ADI,LHE,CGO,station,2,0.14,Goal,Root/div/station,ADI/CGO/LHE,0,Yes
ADI,LHR,CGO,station,2,0.11,Goal,Root/div/station,ADI/CGO/LHR,0,Yes
ADI,LID,CGO,station,2,0.2,Goal,Root/div/station,ADI/CGO/LID,0,Yes
ADI,LIH,CGO,station,2,0.07,Goal,Root/div/station,ADI/CGO/LIH,0,Yes
ADI,LIL,CGO,station,2,0.06,Goal,Root/div/station,ADI/CGO/LIL,0,Yes
ADI,LIM,CGO,station,2,0.19,Goal,Root/div/station,ADI/CGO/LIM,0,Yes
ADI,LIN,CGO,station,2,0.05,Goal,Root/div/station,ADI/CGO/LIN,0,Yes
ADI,LIR,CGO,station,2,0.04,Goal,Root/div/station,ADI/CGO/LIR,0,Yes
ADI,LIS,CGO,station,2,0.01,Goal,Root/div/station,ADI/CGO/LIS,0,Yes
ADI,LIT,CGO,station,2,0.15,Goal,Root/div/station,ADI/CGO/LIT,0,Yes
ADI,LIU,CGO,station,2,0.06,Goal,Root/div/station,ADI/CGO/LIU,0,Yes
ADI,LJU,CGO,station,2,0.09,Goal,Root/div/station,ADI/CGO/LJU,0,Yes
ADI,LLW,CGO,station,2,0.17,Goal,Root/div/station,ADI/CGO/LLW,0,Yes
ADI,LNK,CGO,station,2,0.17,Goal,Root/div/station,ADI/CGO/LNK,0,Yes
ADI,LNZ,CGO,station,2,0.02,Goal,Root/div/station,ADI/CGO/LNZ,0,Yes
ADI,LOI,CGO,station,2,0.17,Goal,Root/div/station,ADI/CGO/LOI,0,Yes
ADI,LON,CGO,station,2,0.1,Goal,Root/div/station,ADI/CGO/LON,0,Yes
ADI,LOS,CGO,station,2,0.17,Goal,Root/div/station,ADI/CGO/LOS,0,Yes
ADI,LPB,CGO,station,2,0.03,Goal,Root/div/station,ADI/CGO/LPB,0,Yes
ADI,LSE,CGO,station,2,0.06,Goal,Root/div/station,ADI/CGO/LSE,0,Yes
ADI,LUG,CGO,station,2,0.23,Goal,Root/div/station,ADI/CGO/LUG,0,Yes
ADI,LUX,CGO,station,2,0.22,Goal,Root/div/station,ADI/CGO/LUX,0,Yes
ADI,LWS,CGO,station,2,0.02,Goal,Root/div/station,ADI/CGO/LWS,0,Yes
ADI,LYH,CGO,station,2,0.1,Goal,Root/div/station,ADI/CGO/LYH,0,Yes
ADI,LYS,CGO,station,2,0.17,Goal,Root/div/station,ADI/CGO/LYS,0,Yes
ADI,MAA,CGO,station,2,0.16,Goal,Root/div/station,ADI/CGO/MAA,0,Yes
ADI,MAD,CGO,station,2,0.03,Goal,Root/div/station,ADI/CGO/MAD,0,Yes
ADI,MAF,CGO,station,2,0.02,Goal,Root/div/station,ADI/CGO/MAF,0,Yes
ADI,MAN,CGO,station,2,0.06,Goal,Root/div/station,ADI/CGO/MAN,0,Yes
ADI,MAO,CGO,station,2,0.07,Goal,Root/div/station,ADI/CGO/MAO,0,Yes
ADI,MAS,CGO,station,2,0.06,Goal,Root/div/station,ADI/CGO/MAS,0,Yes
ADI,MBJ,CGO,station,2,0.16,Goal,Root/div/station,ADI/CGO/MBJ,0,Yes
ADI,MBS,CGO,station,2,0.09,Goal,Root/div/station,ADI/CGO/MBS,0,Yes
ADI,MCI,CGO,station,2,0.21,Goal,Root/div/station,ADI/CGO/MCI,0,Yes
ADI,MCO,CGO,station,2,0.05,Goal,Root/div/station,ADI/CGO/MCO,0,Yes
ADI,MCT,CGO,station,2,0.13,Goal,Root/div/station,ADI/CGO/MCT,0,Yes
ADI,MDE,CGO,station,2,0.07,Goal,Root/div/station,ADI/CGO/MDE,0,Yes
ADI,MDT,CGO,station,2,0.17,Goal,Root/div/station,ADI/CGO/MDT,0,Yes
ADI,MDW,CGO,station,2,0.17,Goal,Root/div/station,ADI/CGO/MDW,0,Yes
ADI,MED,CGO,station,2,0.14,Goal,Root/div/station,ADI/CGO/MED,0,Yes
ADI,MEL,CGO,station,2,0.04,Goal,Root/div/station,ADI/CGO/MEL,0,Yes
ADI,MEM,CGO,station,2,0.16,Goal,Root/div/station,ADI/CGO/MEM,0,Yes
ADI,MEX,CGO,station,2,0.02,Goal,Root/div/station,ADI/CGO/MEX,0,Yes
ADI,MFE,CGO,station,2,0.15,Goal,Root/div/station,ADI/CGO/MFE,0,Yes
ADI,MFR,CGO,station,2,0.12,Goal,Root/div/station,ADI/CGO/MFR,0,Yes
ADI,MGA,CGO,station,2,0.22,Goal,Root/div/station,ADI/CGO/MGA,0,Yes
ADI,MGM,CGO,station,2,0.2,Goal,Root/div/station,ADI/CGO/MGM,0,Yes
ADI,MHG,CGO,station,2,0.16,Goal,Root/div/station,ADI/CGO/MHG,0,Yes
ADI,MHH,CGO,station,2,0.09,Goal,Root/div/station,ADI/CGO/MHH,0,Yes
ADI,MHL,CGO,station,2,0.01,Goal,Root/div/station,ADI/CGO/MHL,0,Yes
ADI,MHT,CGO,station,2,0.12,Goal,Root/div/station,ADI/CGO/MHT,0,Yes
ADI,MIA,CGO,station,2,0.15,Goal,Root/div/station,ADI/CGO/MIA,0,Yes
ADI,MKE,CGO,station,2,0.11,Goal,Root/div/station,ADI/CGO/MKE,0,Yes
ADI,MLA,CGO,station,2,0.15,Goal,Root/div/station,ADI/CGO/MLA,0,Yes
ADI,MLB,CGO,station,2,0.21,Goal,Root/div/station,ADI/CGO/MLB,0,Yes
ADI,MLE,CGO,station,2,0.04,Goal,Root/div/station,ADI/CGO/MLE,0,Yes
ADI,MLH,CGO,station,2,0.23,Goal,Root/div/station,ADI/CGO/MLH,0,Yes
ADI,MLI,CGO,station,2,0.14,Goal,Root/div/station,ADI/CGO/MLI,0,Yes
ADI,MLU,CGO,station,2,0.18,Goal,Root/div/station,ADI/CGO/MLU,0,Yes
ADI,MMA,CGO,station,2,0.14,Goal,Root/div/station,ADI/CGO/MMA,0,Yes
ADI,MMH,CGO,station,2,0.2,Goal,Root/div/station,ADI/CGO/MMH,0,Yes
ADI,MMX,CGO,station,2,0.01,Goal,Root/div/station,ADI/CGO/MMX,0,Yes
ADI,MNL,CGO,station,2,0.12,Goal,Root/div/station,ADI/CGO/MNL,0,Yes
ADI,MOB,CGO,station,2,0.24,Goal,Root/div/station,ADI/CGO/MOB,0,Yes
ADI,MOT,CGO,station,2,0.08,Goal,Root/div/station,ADI/CGO/MOT,0,Yes
ADI,MPL,CGO,station,2,0.15,Goal,Root/div/station,ADI/CGO/MPL,0,Yes
ADI,MQT,CGO,station,2,0.12,Goal,Root/div/station,ADI/CGO/MQT,0,Yes
ADI,MRS,CGO,station,2,0.01,Goal,Root/div/station,ADI/CGO/MRS,0,Yes
ADI,MRU,CGO,station,2,0.01,Goal,Root/div/station,ADI/CGO/MRU,0,Yes
ADI,MS3,CGO,station,2,0.05,Goal,Root/div/station,ADI/CGO/MS3,0,Yes
ADI,MS4,CGO,station,2,0.0,Goal,Root/div/station,ADI/CGO/MS4,0,Yes
ADI,MSN,CGO,station,2,0.11,Goal,Root/div/station,ADI/CGO/MSN,0,Yes
ADI,MSO,CGO,station,2,0.16,Goal,Root/div/station,ADI/CGO/MSO,0,Yes
ADI,MSP,CGO,station,2,0.04,Goal,Root/div/station,ADI/CGO/MSP,0,Yes
ADI,MSQ,CGO,station,2,0.1,Goal,Root/div/station,ADI/CGO/MSQ,0,Yes
ADI,MST,CGO,station,2,0.05,Goal,Root/div/station,ADI/CGO/MST,0,Yes
ADI,MSY,CGO,station,2,0.05,Goal,Root/div/station,ADI/CGO/MSY,0,Yes
ADI,MTJ,CGO,station,2,0.03,Goal,Root/div/station,ADI/CGO/MTJ,0,Yes
ADI,MTY,CGO,station,2,0.2,Goal,Root/div/station,ADI/CGO/MTY,0,Yes
ADI,MUC,CGO,station,2,0.1,Goal,Root/div/station,ADI/CGO/MUC,0,Yes
ADI,MUX,CGO,station,2,0.06,Goal,Root/div/station,ADI/CGO/MUX,0,Yes
ADI,MVD,CGO,station,2,0.13,Goal,Root/div/station,ADI/CGO/MVD,0,Yes
ADI,MVY,CGO,station,2,0.15,Goal,Root/div/station,ADI/CGO/MVY,0,Yes
ADI,MXP,CGO,station,2,0.05,Goal,Root/div/station,ADI/CGO/MXP,0,Yes
ADI,MYR,CGO,station,2,0.09,Goal,Root/div/station,ADI/CGO/MYR,0,Yes
ADI,MZT,CGO,station,2,0.23,Goal,Root/div/station,ADI/CGO/MZT,0,Yes
ADI,NAN,CGO,station,2,0.1,Goal,Root/div/station,ADI/CGO/NAN,0,Yes
ADI,NAP,CGO,station,2,0.15,Goal,Root/div/station,ADI/CGO/NAP,0,Yes
ADI,NAS,CGO,station,2,0.04,Goal,Root/div/station,ADI/CGO/NAS,0,Yes
ADI,NAT,CGO,station,2,0.05,Goal,Root/div/station,ADI/CGO/NAT,0,Yes
ADI,NBO,CGO,station,2,0.18,Goal,Root/div/station,ADI/CGO/NBO,0,Yes
ADI,NCE,CGO,station,2,0.01,Goal,Root/div/station,ADI/CGO/NCE,0,Yes
ADI,NCL,CGO,station,2,0.07,Goal,Root/div/station,ADI/CGO/NCL,0,Yes
ADI,NCY,CGO,station,2,0.03,Goal,Root/div/station,ADI/CGO/NCY,0,Yes
ADI,NDJ,CGO,station,2,0.12,Goal,Root/div/station,ADI/CGO/NDJ,0,Yes
ADI,NGN,CGO,station,2,0.01,Goal,Root/div/station,ADI/CGO/NGN,0,Yes
ADI,NGO,CGO,station,2,0.17,Goal,Root/div/station,ADI/CGO/NGO,0,Yes
ADI,NGU,CGO,station,2,0.23,Goal,Root/div/station,ADI/CGO/NGU,0,Yes
ADI,NIM,CGO,station,2,0.21,Goal,Root/div/station,ADI/CGO/NIM,0,Yes
ADI,NKC,CGO,station,2,0.24,Goal,Root/div/station,ADI/CGO/NKC,0,Yes
ADI,NKG,CGO,station,2,0.02,Goal,Root/div/station,ADI/CGO/NKG,0,Yes
ADI,NKT,CGO,station,2,0.08,Goal,Root/div/station,ADI/CGO/NKT,0,Yes
ADI,NLU,CGO,station,2,0.16,Goal,Root/div/station,ADI/CGO/NLU,0,Yes
ADI,NOU,CGO,station,2,0.23,Goal,Root/div/station,ADI/CGO/NOU,0,Yes
ADI,NRT,CGO,station,2,0.19,Goal,Root/div/station,ADI/CGO/NRT,0,Yes
ADI,NSI,CGO,station,2,0.14,Goal,Root/div/station,ADI/CGO/NSI,0,Yes
ADI,NSN,CGO,station,2,0.08,Goal,Root/div/station,ADI/CGO/NSN,0,Yes
ADI,NTE,CGO,station,2,0.18,Goal,Root/div/station,ADI/CGO/NTE,0,Yes
ADI,NUE,CGO,station,2,0.04,Goal,Root/div/station,ADI/CGO/NUE,0,Yes
ADI,NVT,CGO,station,2,0.14,Goal,Root/div/station,ADI/CGO/NVT,0,Yes
ADI,NYC,CGO,station,2,0.19,Goal,Root/div/station,ADI/CGO/NYC,0,Yes
ADI,OAJ,CGO,station,2,0.2,Goal,Root/div/station,ADI/CGO/OAJ,0,Yes
ADI,OAK,CGO,station,2,0.1,Goal,Root/div/station,ADI/CGO/OAK,0,Yes
ADI,ODE,CGO,station,2,0.02,Goal,Root/div/station,ADI/CGO/ODE,0,Yes
ADI,OGG,CGO,station,2,0.14,Goal,Root/div/station,ADI/CGO/OGG,0,Yes
ADI,OKC,CGO,station,2,0.13,Goal,Root/div/station,ADI/CGO/OKC,0,Yes
ADI,OLB,CGO,station,2,0.22,Goal,Root/div/station,ADI/CGO/OLB,0,Yes
ADI,OMA,CGO,station,2,0.23,Goal,Root/div/station,ADI/CGO/OMA,0,Yes
ADI,ONT,CGO,station,2,0.08,Goal,Root/div/station,ADI/CGO/ONT,0,Yes
ADI,OPO,CGO,station,2,0.2,Goal,Root/div/station,ADI/CGO/OPO,0,Yes
ADI,ORD,CGO,station,2,0.18,Goal,Root/div/station,ADI/CGO/ORD,0,Yes
ADI,ORF,CGO,station,2,0.1,Goal,Root/div/station,ADI/CGO/ORF,0,Yes
ADI,ORH,CGO,station,2,0.18,Goal,Root/div/station,ADI/CGO/ORH,0,Yes
ADI,ORK,CGO,station,2,0.19,Goal,Root/div/station,ADI/CGO/ORK,0,Yes
ADI,ORN,CGO,station,2,0.1,Goal,Root/div/station,ADI/CGO/ORN,0,Yes
ADI,ORY,CGO,station,2,0.12,Goal,Root/div/station,ADI/CGO/ORY,0,Yes
ADI,OSA,CGO,station,2,0.07,Goal,Root/div/station,ADI/CGO/OSA,0,Yes
ADI,OSL,CGO,station,2,0.15,Goal,Root/div/station,ADI/CGO/OSL,0,Yes
ADI,OSR,CGO,station,2,0.02,Goal,Root/div/station,ADI/CGO/OSR,0,Yes
ADI,OTP,CGO,station,2,0.23,Goal,Root/div/station,ADI/CGO/OTP,0,Yes
ADI,OUA,CGO,station,2,0.12,Goal,Root/div/station,ADI/CGO/OUA,0,Yes
ADI,PAP,CGO,station,2,0.13,Goal,Root/div/station,ADI/CGO/PAP,0,Yes
ADI,PAR,CGO,station,2,0.13,Goal,Root/div/station,ADI/CGO/PAR,0,Yes
ADI,PBI,CGO,station,2,0.16,Goal,Root/div/station,ADI/CGO/PBI,0,Yes
ADI,PBM,CGO,station,2,0.01,Goal,Root/div/station,ADI/CGO/PBM,0,Yes
ADI,PDL,CGO,station,2,0.09,Goal,Root/div/station,ADI/CGO/PDL,0,Yes
ADI,PDX,CGO,station,2,0.02,Goal,Root/div/station,ADI/CGO/PDX,0,Yes
ADI,PEG,CGO,station,2,0.13,Goal,Root/div/station,ADI/CGO/PEG,0,Yes
ADI,PEK,CGO,station,2,0.08,Goal,Root/div/station,ADI/CGO/PEK,0,Yes
ADI,PEN,CGO,station,2,0.06,Goal,Root/div/station,ADI/CGO/PEN,0,Yes
ADI,PER,CGO,station,2,0.06,Goal,Root/div/station,ADI/CGO/PER,0,Yes
ADI,PEW,CGO,station,2,0.06,Goal,Root/div/station,ADI/CGO/PEW,0,Yes
ADI,PGA,CGO,station,2,0.12,Goal,Root/div/station,ADI/CGO/PGA,0,Yes
ADI,PHC,CGO,station,2,0.01,Goal,Root/div/station,ADI/CGO/PHC,0,Yes
ADI,PHF,CGO,station,2,0.17,Goal,Root/div/station,ADI/CGO/PHF,0,Yes
ADI,PHL,CGO,station,2,0.2,Goal,Root/div/station,ADI/CGO/PHL,0,Yes
ADI,PHX,CGO,station,2,0.24,Goal,Root/div/station,ADI/CGO/PHX,0,Yes
ADI,PIA,CGO,station,2,0.09,Goal,Root/div/station,ADI/CGO/PIA,0,Yes
ADI,PIH,CGO,station,2,0.23,Goal,Root/div/station,ADI/CGO/PIH,0,Yes
ADI,PIK,CGO,station,2,0.15,Goal,Root/div/station,ADI/CGO/PIK,0,Yes
ADI,PIN,CGO,station,2,0.23,Goal,Root/div/station,ADI/CGO/PIN,0,Yes
ADI,PIT,CGO,station,2,0.2,Goal,Root/div/station,ADI/CGO/PIT,0,Yes
ADI,PLN,CGO,station,2,0.15,Goal,Root/div/station,ADI/CGO/PLN,0,Yes
ADI,PLS,CGO,station,2,0.23,Goal,Root/div/station,ADI/CGO/PLS,0,Yes
ADI,PLZ,CGO,station,2,0.17,Goal,Root/div/station,ADI/CGO/PLZ,0,Yes
ADI,PMC,CGO,station,2,0.05,Goal,Root/div/station,ADI/CGO/PMC,0,Yes
ADI,PNH,CGO,station,2,0.06,Goal,Root/div/station,ADI/CGO/PNH,0,Yes
ADI,PNR,CGO,station,2,0.09,Goal,Root/div/station,ADI/CGO/PNR,0,Yes
ADI,PNS,CGO,station,2,0.02,Goal,Root/div/station,ADI/CGO/PNS,0,Yes
ADI,POA,CGO,station,2,0.09,Goal,Root/div/station,ADI/CGO/POA,0,Yes
ADI,POP,CGO,station,2,0.04,Goal,Root/div/station,ADI/CGO/POP,0,Yes
ADI,POS,CGO,station,2,0.03,Goal,Root/div/station,ADI/CGO/POS,0,Yes
ADI,POZ,CGO,station,2,0.15,Goal,Root/div/station,ADI/CGO/POZ,0,Yes
ADI,PPG,CGO,station,2,0.03,Goal,Root/div/station,ADI/CGO/PPG,0,Yes
ADI,PPR,CGO,station,2,0.02,Goal,Root/div/station,ADI/CGO/PPR,0,Yes
ADI,PPT,CGO,station,2,0.07,Goal,Root/div/station,ADI/CGO/PPT,0,Yes
ADI,PRD,CGO,station,2,0.01,Goal,Root/div/station,ADI/CGO/PRD,0,Yes
ADI,PRG,CGO,station,2,0.07,Goal,Root/div/station,ADI/CGO/PRG,0,Yes
ADI,PSC,CGO,station,2,0.15,Goal,Root/div/station,ADI/CGO/PSC,0,Yes
ADI,PSP,CGO,station,2,0.04,Goal,Root/div/station,ADI/CGO/PSP,0,Yes
ADI,PTO,CGO,station,2,0.05,Goal,Root/div/station,ADI/CGO/PTO,0,Yes
ADI,PTP,CGO,station,2,0.03,Goal,Root/div/station,ADI/CGO/PTP,0,Yes
ADI,PTY,CGO,station,2,0.14,Goal,Root/div/station,ADI/CGO/PTY,0,Yes
ADI,PUJ,CGO,station,2,0.11,Goal,Root/div/station,ADI/CGO/PUJ,0,Yes
ADI,PUQ,CGO,station,2,0.19,Goal,Root/div/station,ADI/CGO/PUQ,0,Yes
ADI,PVD,CGO,station,2,0.02,Goal,Root/div/station,ADI/CGO/PVD,0,Yes
ADI,PVG,CGO,station,2,0.18,Goal,Root/div/station,ADI/CGO/PVG,0,Yes
ADI,PVR,CGO,station,2,0.13,Goal,Root/div/station,ADI/CGO/PVR,0,Yes
ADI,PWM,CGO,station,2,0.09,Goal,Root/div/station,ADI/CGO/PWM,0,Yes
ADI,QFA,CGO,station,2,0.11,Goal,Root/div/station,ADI/CGO/QFA,0,Yes
ADI,RAK,CGO,station,2,0.01,Goal,Root/div/station,ADI/CGO/RAK,0,Yes
ADI,RAP,CGO,station,2,0.02,Goal,Root/div/station,ADI/CGO/RAP,0,Yes
ADI,RDM,CGO,station,2,0.06,Goal,Root/div/station,ADI/CGO/RDM,0,Yes
ADI,RDU,CGO,station,2,0.14,Goal,Root/div/station,ADI/CGO/RDU,0,Yes
ADI,REC,CGO,station,2,0.15,Goal,Root/div/station,ADI/CGO/REC,0,Yes
ADI,RFD,CGO,station,2,0.16,Goal,Root/div/station,ADI/CGO/RFD,0,Yes
ADI,RHI,CGO,station,2,0.12,Goal,Root/div/station,ADI/CGO/RHI,0,Yes
ADI,RIC,CGO,station,2,0.05,Goal,Root/div/station,ADI/CGO/RIC,0,Yes
ADI,RIV,CGO,station,2,0.17,Goal,Root/div/station,ADI/CGO/RIV,0,Yes
ADI,RIX,CGO,station,2,0.0,Goal,Root/div/station,ADI/CGO/RIX,0,Yes
ADI,RMS,CGO,station,2,0.04,Goal,Root/div/station,ADI/CGO/RMS,0,Yes
ADI,RNO,CGO,station,2,0.12,Goal,Root/div/station,ADI/CGO/RNO,0,Yes
ADI,RNS,CGO,station,2,0.08,Goal,Root/div/station,ADI/CGO/RNS,0,Yes
ADI,ROA,CGO,station,2,0.15,Goal,Root/div/station,ADI/CGO/ROA,0,Yes
ADI,ROB,CGO,station,2,0.15,Goal,Root/div/station,ADI/CGO/ROB,0,Yes
ADI,ROC,CGO,station,2,0.07,Goal,Root/div/station,ADI/CGO/ROC,0,Yes
ADI,ROR,CGO,station,2,0.11,Goal,Root/div/station,ADI/CGO/ROR,0,Yes
ADI,ROS,CGO,station,2,0.01,Goal,Root/div/station,ADI/CGO/ROS,0,Yes
ADI,ROV,CGO,station,2,0.12,Goal,Root/div/station,ADI/CGO/ROV,0,Yes
ADI,RST,CGO,station,2,0.05,Goal,Root/div/station,ADI/CGO/RST,0,Yes
ADI,RSW,CGO,station,2,0.11,Goal,Root/div/station,ADI/CGO/RSW,0,Yes
ADI,RTB,CGO,station,2,0.24,Goal,Root/div/station,ADI/CGO/RTB,0,Yes
ADI,RTM,CGO,station,2,0.2,Goal,Root/div/station,ADI/CGO/RTM,0,Yes
ADI,RUH,CGO,station,2,0.16,Goal,Root/div/station,ADI/CGO/RUH,0,Yes
ADI,RUN,CGO,station,2,0.12,Goal,Root/div/station,ADI/CGO/RUN,0,Yes
ADI,SAL,CGO,station,2,0.01,Goal,Root/div/station,ADI/CGO/SAL,0,Yes
ADI,SAN,CGO,station,2,0.23,Goal,Root/div/station,ADI/CGO/SAN,0,Yes
ADI,SAP,CGO,station,2,0.17,Goal,Root/div/station,ADI/CGO/SAP,0,Yes
ADI,SAT,CGO,station,2,0.08,Goal,Root/div/station,ADI/CGO/SAT,0,Yes
ADI,SAV,CGO,station,2,0.06,Goal,Root/div/station,ADI/CGO/SAV,0,Yes
ADI,SBA,CGO,station,2,0.14,Goal,Root/div/station,ADI/CGO/SBA,0,Yes
ADI,SBN,CGO,station,2,0.17,Goal,Root/div/station,ADI/CGO/SBN,0,Yes
ADI,SCE,CGO,station,2,0.19,Goal,Root/div/station,ADI/CGO/SCE,0,Yes
ADI,SCL,CGO,station,2,0.22,Goal,Root/div/station,ADI/CGO/SCL,0,Yes
ADI,SDF,CGO,station,2,0.03,Goal,Root/div/station,ADI/CGO/SDF,0,Yes
ADI,SDQ,CGO,station,2,0.0,Goal,Root/div/station,ADI/CGO/SDQ,0,Yes
ADI,SEA,CGO,station,2,0.24,Goal,Root/div/station,ADI/CGO/SEA,0,Yes
ADI,SEL,CGO,station,2,0.05,Goal,Root/div/station,ADI/CGO/SEL,0,Yes
ADI,SFO,CGO,station,2,0.04,Goal,Root/div/station,ADI/CGO/SFO,0,Yes
ADI,SGE,CGO,station,2,0.16,Goal,Root/div/station,ADI/CGO/SGE,0,Yes
ADI,SGF,CGO,station,2,0.23,Goal,Root/div/station,ADI/CGO/SGF,0,Yes
ADI,SGN,CGO,station,2,0.09,Goal,Root/div/station,ADI/CGO/SGN,0,Yes
ADI,SGU,CGO,station,2,0.06,Goal,Root/div/station,ADI/CGO/SGU,0,Yes
ADI,SHA,CGO,station,2,0.17,Goal,Root/div/station,ADI/CGO/SHA,0,Yes
ADI,SHE,CGO,station,2,0.03,Goal,Root/div/station,ADI/CGO/SHE,0,Yes
ADI,SHJ,CGO,station,2,0.16,Goal,Root/div/station,ADI/CGO/SHJ,0,Yes
ADI,SHV,CGO,station,2,0.11,Goal,Root/div/station,ADI/CGO/SHV,0,Yes
ADI,SIN,CGO,station,2,0.11,Goal,Root/div/station,ADI/CGO/SIN,0,Yes
ADI,SIT,CGO,station,2,0.11,Goal,Root/div/station,ADI/CGO/SIT,0,Yes
ADI,SJC,CGO,station,2,0.19,Goal,Root/div/station,ADI/CGO/SJC,0,Yes
ADI,SJD,CGO,station,2,0.22,Goal,Root/div/station,ADI/CGO/SJD,0,Yes
ADI,SJO,CGO,station,2,0.11,Goal,Root/div/station,ADI/CGO/SJO,0,Yes
ADI,SJT,CGO,station,2,0.12,Goal,Root/div/station,ADI/CGO/SJT,0,Yes
ADI,SJU,CGO,station,2,0.17,Goal,Root/div/station,ADI/CGO/SJU,0,Yes
ADI,SKB,CGO,station,2,0.22,Goal,Root/div/station,ADI/CGO/SKB,0,Yes
ADI,SKG,CGO,station,2,0.22,Goal,Root/div/station,ADI/CGO/SKG,0,Yes
ADI,SKT,CGO,station,2,0.07,Goal,Root/div/station,ADI/CGO/SKT,0,Yes
ADI,SLC,CGO,station,2,0.1,Goal,Root/div/station,ADI/CGO/SLC,0,Yes
ADI,SLN,CGO,station,2,0.13,Goal,Root/div/station,ADI/CGO/SLN,0,Yes
ADI,SMF,CGO,station,2,0.23,Goal,Root/div/station,ADI/CGO/SMF,0,Yes
ADI,SNA,CGO,station,2,0.13,Goal,Root/div/station,ADI/CGO/SNA,0,Yes
ADI,SNN,CGO,station,2,0.01,Goal,Root/div/station,ADI/CGO/SNN,0,Yes
ADI,SOF,CGO,station,2,0.18,Goal,Root/div/station,ADI/CGO/SOF,0,Yes
ADI,SPL,CGO,station,2,0.12,Goal,Root/div/station,ADI/CGO/SPL,0,Yes
ADI,SPN,CGO,station,2,0.08,Goal,Root/div/station,ADI/CGO/SPN,0,Yes
ADI,SRQ,CGO,station,2,0.02,Goal,Root/div/station,ADI/CGO/SRQ,0,Yes
ADI,SSA,CGO,station,2,0.12,Goal,Root/div/station,ADI/CGO/SSA,0,Yes
ADI,SSG,CGO,station,2,0.02,Goal,Root/div/station,ADI/CGO/SSG,0,Yes
ADI,STI,CGO,station,2,0.1,Goal,Root/div/station,ADI/CGO/STI,0,Yes
ADI,STL,CGO,station,2,0.15,Goal,Root/div/station,ADI/CGO/STL,0,Yes
ADI,STR,CGO,station,2,0.12,Goal,Root/div/station,ADI/CGO/STR,0,Yes
ADI,STT,CGO,station,2,0.08,Goal,Root/div/station,ADI/CGO/STT,0,Yes
ADI,STW,CGO,station,2,0.23,Goal,Root/div/station,ADI/CGO/STW,0,Yes
ADI,STX,CGO,station,2,0.19,Goal,Root/div/station,ADI/CGO/STX,0,Yes
ADI,SUB,CGO,station,2,0.21,Goal,Root/div/station,ADI/CGO/SUB,0,Yes
ADI,SUN,CGO,station,2,0.06,Goal,Root/div/station,ADI/CGO/SUN,0,Yes
ADI,SVD,CGO,station,2,0.21,Goal,Root/div/station,ADI/CGO/SVD,0,Yes
ADI,SVG,CGO,station,2,0.04,Goal,Root/div/station,ADI/CGO/SVG,0,Yes
ADI,SVN,CGO,station,2,0.15,Goal,Root/div/station,ADI/CGO/SVN,0,Yes
ADI,SVO,CGO,station,2,0.06,Goal,Root/div/station,ADI/CGO/SVO,0,Yes
ADI,SVX,CGO,station,2,0.23,Goal,Root/div/station,ADI/CGO/SVX,0,Yes
ADI,SWF,CGO,station,2,0.22,Goal,Root/div/station,ADI/CGO/SWF,0,Yes
ADI,SWK,CGO,station,2,0.19,Goal,Root/div/station,ADI/CGO/SWK,0,Yes
ADI,SWP,CGO,station,2,0.02,Goal,Root/div/station,ADI/CGO/SWP,0,Yes
ADI,SXB,CGO,station,2,0.07,Goal,Root/div/station,ADI/CGO/SXB,0,Yes
ADI,SXF,CGO,station,2,0.0,Goal,Root/div/station,ADI/CGO/SXF,0,Yes
ADI,SXM,CGO,station,2,0.12,Goal,Root/div/station,ADI/CGO/SXM,0,Yes
ADI,SXZ,CGO,station,2,0.04,Goal,Root/div/station,ADI/CGO/SXZ,0,Yes
ADI,SYD,CGO,station,2,0.04,Goal,Root/div/station,ADI/CGO/SYD,0,Yes
ADI,SYR,CGO,station,2,0.19,Goal,Root/div/station,ADI/CGO/SYR,0,Yes
ADI,SYS,CGO,station,2,0.03,Goal,Root/div/station,ADI/CGO/SYS,0,Yes
ADI,SZG,CGO,station,2,0.01,Goal,Root/div/station,ADI/CGO/SZG,0,Yes
ADI,SZX,CGO,station,2,0.24,Goal,Root/div/station,ADI/CGO/SZX,0,Yes
ADI,TAO,CGO,station,2,0.2,Goal,Root/div/station,ADI/CGO/TAO,0,Yes
ADI,TAS,CGO,station,2,0.09,Goal,Root/div/station,ADI/CGO/TAS,0,Yes
ADI,TBS,CGO,station,2,0.18,Goal,Root/div/station,ADI/CGO/TBS,0,Yes
ADI,TBU,CGO,station,2,0.03,Goal,Root/div/station,ADI/CGO/TBU,0,Yes
ADI,TDW,CGO,station,2,0.02,Goal,Root/div/station,ADI/CGO/TDW,0,Yes
ADI,TGU,CGO,station,2,0.02,Goal,Root/div/station,ADI/CGO/TGU,0,Yes
ADI,TLB,CGO,station,2,0.17,Goal,Root/div/station,ADI/CGO/TLB,0,Yes
ADI,TLH,CGO,station,2,0.22,Goal,Root/div/station,ADI/CGO/TLH,0,Yes
ADI,TLL,CGO,station,2,0.18,Goal,Root/div/station,ADI/CGO/TLL,0,Yes
ADI,TLS,CGO,station,2,0.04,Goal,Root/div/station,ADI/CGO/TLS,0,Yes
ADI,TLV,CGO,station,2,0.07,Goal,Root/div/station,ADI/CGO/TLV,0,Yes
ADI,TNA,CGO,station,2,0.17,Goal,Root/div/station,ADI/CGO/TNA,0,Yes
ADI,TNR,CGO,station,2,0.13,Goal,Root/div/station,ADI/CGO/TNR,0,Yes
ADI,TPA,CGO,station,2,0.02,Goal,Root/div/station,ADI/CGO/TPA,0,Yes
ADI,TPE,CGO,station,2,0.22,Goal,Root/div/station,ADI/CGO/TPE,0,Yes
ADI,TQO,CGO,station,2,0.22,Goal,Root/div/station,ADI/CGO/TQO,0,Yes
ADI,TRI,CGO,station,2,0.15,Goal,Root/div/station,ADI/CGO/TRI,0,Yes
ADI,TRN,CGO,station,2,0.12,Goal,Root/div/station,ADI/CGO/TRN,0,Yes
ADI,TSN,CGO,station,2,0.19,Goal,Root/div/station,ADI/CGO/TSN,0,Yes
ADI,TUL,CGO,station,2,0.2,Goal,Root/div/station,ADI/CGO/TUL,0,Yes
ADI,TUN,CGO,station,2,0.05,Goal,Root/div/station,ADI/CGO/TUN,0,Yes
ADI,TUS,CGO,station,2,0.04,Goal,Root/div/station,ADI/CGO/TUS,0,Yes
ADI,TVC,CGO,station,2,0.23,Goal,Root/div/station,ADI/CGO/TVC,0,Yes
ADI,TWF,CGO,station,2,0.05,Goal,Root/div/station,ADI/CGO/TWF,0,Yes
ADI,TXL,CGO,station,2,0.2,Goal,Root/div/station,ADI/CGO/TXL,0,Yes
ADI,TYO,CGO,station,2,0.09,Goal,Root/div/station,ADI/CGO/TYO,0,Yes
ADI,TYS,CGO,station,2,0.11,Goal,Root/div/station,ADI/CGO/TYS,0,Yes
ADI,UIO,CGO,station,2,0.08,Goal,Root/div/station,ADI/CGO/UIO,0,Yes
ADI,UKN,CGO,station,2,0.06,Goal,Root/div/station,ADI/CGO/UKN,0,Yes
ADI,ULN,CGO,station,2,0.12,Goal,Root/div/station,ADI/CGO/ULN,0,Yes
ADI,UND,CGO,station,2,0.17,Goal,Root/div/station,ADI/CGO/UND,0,Yes
ADI,UNK,CGO,station,2,0.06,Goal,Root/div/station,ADI/CGO/UNK,0,Yes
ADI,URO,CGO,station,2,0.23,Goal,Root/div/station,ADI/CGO/URO,0,Yes
ADI,USH,CGO,station,2,0.16,Goal,Root/div/station,ADI/CGO/USH,0,Yes
ADI,UTC,CGO,station,2,0.11,Goal,Root/div/station,ADI/CGO/UTC,0,Yes
ADI,UTP,CGO,station,2,0.12,Goal,Root/div/station,ADI/CGO/UTP,0,Yes
ADI,UVF,CGO,station,2,0.13,Goal,Root/div/station,ADI/CGO/UVF,0,Yes
ADI,VBS,CGO,station,2,0.18,Goal,Root/div/station,ADI/CGO/VBS,0,Yes
ADI,VCE,CGO,station,2,0.11,Goal,Root/div/station,ADI/CGO/VCE,0,Yes
ADI,VCP,CGO,station,2,0.06,Goal,Root/div/station,ADI/CGO/VCP,0,Yes
ADI,VIE,CGO,station,2,0.1,Goal,Root/div/station,ADI/CGO/VIE,0,Yes
ADI,VIT,CGO,station,2,0.07,Goal,Root/div/station,ADI/CGO/VIT,0,Yes
ADI,VLC,CGO,station,2,0.12,Goal,Root/div/station,ADI/CGO/VLC,0,Yes
ADI,VLD,CGO,station,2,0.14,Goal,Root/div/station,ADI/CGO/VLD,0,Yes
ADI,VNO,CGO,station,2,0.21,Goal,Root/div/station,ADI/CGO/VNO,0,Yes
ADI,VPS,CGO,station,2,0.23,Goal,Root/div/station,ADI/CGO/VPS,0,Yes
ADI,VRN,CGO,station,2,0.23,Goal,Root/div/station,ADI/CGO/VRN,0,Yes
ADI,VTE,CGO,station,2,0.14,Goal,Root/div/station,ADI/CGO/VTE,0,Yes
ADI,VVI,CGO,station,2,0.15,Goal,Root/div/station,ADI/CGO/VVI,0,Yes
ADI,WAW,CGO,station,2,0.03,Goal,Root/div/station,ADI/CGO/WAW,0,Yes
ADI,WDH,CGO,station,2,0.22,Goal,Root/div/station,ADI/CGO/WDH,0,Yes
ADI,WLG,CGO,station,2,0.19,Goal,Root/div/station,ADI/CGO/WLG,0,Yes
ADI,WRO,CGO,station,2,0.04,Goal,Root/div/station,ADI/CGO/WRO,0,Yes
ADI,WUH,CGO,station,2,0.12,Goal,Root/div/station,ADI/CGO/WUH,0,Yes
ADI,WYS,CGO,station,2,0.21,Goal,Root/div/station,ADI/CGO/WYS,0,Yes
ADI,XIY,CGO,station,2,0.05,Goal,Root/div/station,ADI/CGO/XIY,0,Yes
ADI,XMN,CGO,station,2,0.01,Goal,Root/div/station,ADI/CGO/XMN,0,Yes
ADI,XNA,CGO,station,2,0.23,Goal,Root/div/station,ADI/CGO/XNA,0,Yes
ADI,XWA,CGO,station,2,0.22,Goal,Root/div/station,ADI/CGO/XWA,0,Yes
ADI,XXX,CGO,station,2,0.05,Goal,Root/div/station,ADI/CGO/XXX,0,Yes
ADI,YEG,CGO,station,2,0.0,Goal,Root/div/station,ADI/CGO/YEG,0,Yes
ADI,YHZ,CGO,station,2,0.11,Goal,Root/div/station,ADI/CGO/YHZ,0,Yes
ADI,YOK,CGO,station,2,0.13,Goal,Root/div/station,ADI/CGO/YOK,0,Yes
ADI,YOW,CGO,station,2,0.04,Goal,Root/div/station,ADI/CGO/YOW,0,Yes
ADI,YUL,CGO,station,2,0.1,Goal,Root/div/station,ADI/CGO/YUL,0,Yes
ADI,YVR,CGO,station,2,0.0,Goal,Root/div/station,ADI/CGO/YVR,0,Yes
ADI,YWG,CGO,station,2,0.06,Goal,Root/div/station,ADI/CGO/YWG,0,Yes
ADI,YXE,CGO,station,2,0.15,Goal,Root/div/station,ADI/CGO/YXE,0,Yes
ADI,YYC,CGO,station,2,0.21,Goal,Root/div/station,ADI/CGO/YYC,0,Yes
ADI,YYZ,CGO,station,2,0.04,Goal,Root/div/station,ADI/CGO/YYZ,0,Yes
ADI,ZAG,CGO,station,2,0.12,Goal,Root/div/station,ADI/CGO/ZAG,0,Yes
ADI,ZAZ,CGO,station,2,0.12,Goal,Root/div/station,ADI/CGO/ZAZ,0,Yes
ADI,ZIH,CGO,station,2,0.09,Goal,Root/div/station,ADI/CGO/ZIH,0,Yes
ADI,ZNZ,CGO,station,2,0.18,Goal,Root/div/station,ADI/CGO/ZNZ,0,Yes
ADI,ZRH,CGO,station,2,0.14,Goal,Root/div/station,ADI/CGO/ZRH,0,Yes
ADI,Domestic,CGO,tier_2,2,0.09,Goal,Root/div/tier_2,ADI/CGO/Domestic,0,Yes
ADI,International,CGO,tier_2,2,0.08,Goal,Root/div/tier_2,ADI/CGO/International,0,Yes
ADI,APAC,CGO,tier_4,2,0.18,Goal,Root/div/tier_4,ADI/CGO/APAC,0,Yes
ADI,CentralHub,CGO,tier_4,2,0.06,Goal,Root/div/tier_4,ADI/CGO/CentralHub,0,Yes
ADI,EastHub,CGO,tier_4,2,0.03,Goal,Root/div/tier_4,ADI/CGO/EastHub,0,Yes
ADI,EMEIA,CGO,tier_4,2,0.15,Goal,Root/div/tier_4,ADI/CGO/EMEIA,0,Yes
ADI,LATAM,CGO,tier_4,2,0.06,Goal,Root/div/tier_4,ADI/CGO/LATAM,0,Yes
ADI,WestHub,CGO,tier_4,2,0.18,Goal,Root/div/tier_4,ADI/CGO/WestHub,0,Yes
ADI,EMEIAAMS,CGO,tier_5,2,0.21,Goal,Root/div/tier_5,ADI/CGO/EMEIAAMS,0,Yes
ADI,EMEIACentral,CGO,tier_5,2,0.16,Goal,Root/div/tier_5,ADI/CGO/EMEIACentral,0,Yes
ADI,EMEIAEast,CGO,tier_5,2,0.02,Goal,Root/div/tier_5,ADI/CGO/EMEIAEast,0,Yes
ADI,EMEIAWest,CGO,tier_5,2,0.0,Goal,Root/div/tier_5,ADI/CGO/EMEIAWest,0,Yes
ADI,Northeast,CGO,tier_5,2,0.23,Goal,Root/div/tier_5,ADI/CGO/Northeast,0,Yes
ADI,South,CGO,tier_5,2,0.01,Goal,Root/div/tier_5,ADI/CGO/South,0,Yes
ADI,West,CGO,tier_5,2,0.13,Goal,Root/div/tier_5,ADI/CGO/West,0,Yes
ADI,2AS,CGO,vendor,2,0.06,Goal,Root/div/vendor,ADI/CGO/2AS,0,Yes
ADI,Aeromexico Cargo,CGO,vendor,2,0.1,Goal,Root/div/vendor,ADI/CGO/Aeromexico Cargo,0,Yes
ADI,Air France,CGO,vendor,2,0.1,Goal,Root/div/vendor,ADI/CGO/Air France,0,Yes
ADI,Air General,CGO,vendor,2,0.22,Goal,Root/div/vendor,ADI/CGO/Air General,0,Yes
ADI,Air Tahiti,CGO,vendor,2,0.16,Goal,Root/div/vendor,ADI/CGO/Air Tahiti,0,Yes
ADI,Airport,CGO,vendor,2,0.06,Goal,Root/div/vendor,ADI/CGO/Airport,0,Yes
ADI,Airport Associates,CGO,vendor,2,0.02,Goal,Root/div/vendor,ADI/CGO/Airport Associates,0,Yes
ADI,Airport Terminal Services (ATS),CGO,vendor,2,0.18,Goal,Root/div/vendor,ADI/CGO/Airport Terminal Services (ATS),0,Yes
ADI,AJAS,CGO,vendor,2,0.09,Goal,Root/div/vendor,ADI/CGO/AJAS,0,Yes
ADI,ALC Dunamis Ltd,CGO,vendor,2,0.07,Goal,Root/div/vendor,ADI/CGO/ALC Dunamis Ltd,0,Yes
ADI,Alliance Ground International (AGI),CGO,vendor,2,0.13,Goal,Root/div/vendor,ADI/CGO/Alliance Ground International (AGI),0,Yes
ADI,Aloha,CGO,vendor,2,0.19,Goal,Root/div/vendor,ADI/CGO/Aloha,0,Yes
ADI,Apron,CGO,vendor,2,0.14,Goal,Root/div/vendor,ADI/CGO/Apron,0,Yes
ADI,Aviance,CGO,vendor,2,0.08,Goal,Root/div/vendor,ADI/CGO/Aviance,0,Yes
ADI,BJS Ground Service,CGO,vendor,2,0.05,Goal,Root/div/vendor,ADI/CGO/BJS Ground Service,0,Yes
ADI,Caribe Cargo LLC,CGO,vendor,2,0.15,Goal,Root/div/vendor,ADI/CGO/Caribe Cargo LLC,0,Yes
ADI,Cedar Aviation Services Ltd,CGO,vendor,2,0.22,Goal,Root/div/vendor,ADI/CGO/Cedar Aviation Services Ltd,0,Yes
ADI,China Airlines,CGO,vendor,2,0.13,Goal,Root/div/vendor,ADI/CGO/China Airlines,0,Yes
ADI,CKTS,CGO,vendor,2,0.12,Goal,Root/div/vendor,ADI/CGO/CKTS,0,Yes
ADI,CorpAV de C.V.,CGO,vendor,2,0.08,Goal,Root/div/vendor,ADI/CGO/CorpAV de C.V.,0,Yes
ADI,CorpAV de Panama,CGO,vendor,2,0.21,Goal,Root/div/vendor,ADI/CGO/CorpAV de Panama,0,Yes
ADI,CorpAV of Honduras,CGO,vendor,2,0.01,Goal,Root/div/vendor,ADI/CGO/CorpAV of Honduras,0,Yes
ADI,Delta,CGO,vendor,2,0.21,Goal,Root/div/vendor,ADI/CGO/Delta,0,Yes
ADI,dnata,CGO,vendor,2,0.1,Goal,Root/div/vendor,ADI/CGO/dnata,0,Yes
ADI,FLE (B Cube),CGO,vendor,2,0.07,Goal,Root/div/vendor,ADI/CGO/FLE (B Cube),0,Yes
ADI,France Handling (WFS),CGO,vendor,2,0.21,Goal,Root/div/vendor,ADI/CGO/France Handling (WFS),0,Yes
ADI,G2,CGO,vendor,2,0.15,Goal,Root/div/vendor,ADI/CGO/G2,0,Yes
ADI,GAT,CGO,vendor,2,0.01,Goal,Root/div/vendor,ADI/CGO/GAT,0,Yes
ADI,GH Napoli,CGO,vendor,2,0.04,Goal,Root/div/vendor,ADI/CGO/GH Napoli,0,Yes
ADI,Global Air Service,CGO,vendor,2,0.12,Goal,Root/div/vendor,ADI/CGO/Global Air Service,0,Yes
ADI,Groundforce,CGO,vendor,2,0.03,Goal,Root/div/vendor,ADI/CGO/Groundforce,0,Yes
ADI,HACTL,CGO,vendor,2,0.21,Goal,Root/div/vendor,ADI/CGO/HACTL,0,Yes
ADI,Hewanorra Air Cargo Services,CGO,vendor,2,0.15,Goal,Root/div/vendor,ADI/CGO/Hewanorra Air Cargo Services,0,Yes
ADI,HHS Aviation,CGO,vendor,2,0.13,Goal,Root/div/vendor,ADI/CGO/HHS Aviation,0,Yes
ADI,Intercargo,CGO,vendor,2,0.06,Goal,Root/div/vendor,ADI/CGO/Intercargo,0,Yes
ADI,Japan Airlines,CGO,vendor,2,0.11,Goal,Root/div/vendor,ADI/CGO/Japan Airlines,0,Yes
ADI,JASCO (Export) ,CGO,vendor,2,0.02,Goal,Root/div/vendor,ADI/CGO/JASCO (Export) ,0,Yes
ADI,"JETSTREAM GROUND SERVICES, INC",CGO,vendor,2,0.13,Goal,Root/div/vendor,"ADI/CGO/JETSTREAM GROUND SERVICES, INC",0,Yes
ADI,KLM,CGO,vendor,2,0.07,Goal,Root/div/vendor,ADI/CGO/KLM,0,Yes
ADI,Majestic Terminal Services,CGO,vendor,2,0.22,Goal,Root/div/vendor,ADI/CGO/Majestic Terminal Services,0,Yes
ADI,Mathison,CGO,vendor,2,0.08,Goal,Root/div/vendor,ADI/CGO/Mathison,0,Yes
ADI,MCS,CGO,vendor,2,0.13,Goal,Root/div/vendor,ADI/CGO/MCS,0,Yes
ADI,Menzies Aviation,CGO,vendor,2,0.08,Goal,Root/div/vendor,ADI/CGO/Menzies Aviation,0,Yes
ADI,MLE (B Cube),CGO,vendor,2,0.14,Goal,Root/div/vendor,ADI/CGO/MLE (B Cube),0,Yes
ADI,Nassau Flight Services,CGO,vendor,2,0.23,Goal,Root/div/vendor,ADI/CGO/Nassau Flight Services,0,Yes
ADI,Nigerian Aviation Handling,CGO,vendor,2,0.03,Goal,Root/div/vendor,ADI/CGO/Nigerian Aviation Handling,0,Yes
ADI,Pacific Atlantic Agency (PAA),CGO,vendor,2,0.07,Goal,Root/div/vendor,ADI/CGO/Pacific Atlantic Agency (PAA),0,Yes
ADI,Perishairport Cia Ltd,CGO,vendor,2,0.01,Goal,Root/div/vendor,ADI/CGO/Perishairport Cia Ltd,0,Yes
ADI,Philippine Airport Ground Support (PAGS),CGO,vendor,2,0.09,Goal,Root/div/vendor,ADI/CGO/Philippine Airport Ground Support (PAGS),0,Yes
ADI,Pilarte Cargo,CGO,vendor,2,0.18,Goal,Root/div/vendor,ADI/CGO/Pilarte Cargo,0,Yes
ADI,Quantem Aviation,CGO,vendor,2,0.06,Goal,Root/div/vendor,ADI/CGO/Quantem Aviation,0,Yes
ADI,RAM Handling,CGO,vendor,2,0.16,Goal,Root/div/vendor,ADI/CGO/RAM Handling,0,Yes
ADI,SAVE Cargo,CGO,vendor,2,0.16,Goal,Root/div/vendor,ADI/CGO/SAVE Cargo,0,Yes
ADI,Servicios Aeros Guatemaltecos,CGO,vendor,2,0.05,Goal,Root/div/vendor,ADI/CGO/Servicios Aeros Guatemaltecos,0,Yes
ADI,Skyport,CGO,vendor,2,0.17,Goal,Root/div/vendor,ADI/CGO/Skyport,0,Yes
ADI,Skyserv,CGO,vendor,2,0.07,Goal,Root/div/vendor,ADI/CGO/Skyserv,0,Yes
ADI,Swissport,CGO,vendor,2,0.11,Goal,Root/div/vendor,ADI/CGO/Swissport,0,Yes
ADI,Swissport Cargo,CGO,vendor,2,0.04,Goal,Root/div/vendor,ADI/CGO/Swissport Cargo,0,Yes
ADI,Talma,CGO,vendor,2,0.14,Goal,Root/div/vendor,ADI/CGO/Talma,0,Yes
ADI,TAM Linhas Aereas,CGO,vendor,2,0.2,Goal,Root/div/vendor,ADI/CGO/TAM Linhas Aereas,0,Yes
ADI,TIACT,CGO,vendor,2,0.22,Goal,Root/div/vendor,ADI/CGO/TIACT,0,Yes
ADI,Titanlog,CGO,vendor,2,0.1,Goal,Root/div/vendor,ADI/CGO/Titanlog,0,Yes
ADI,Total Airport Services (TAS),CGO,vendor,2,0.0,Goal,Root/div/vendor,ADI/CGO/Total Airport Services (TAS),0,Yes
ADI,Unifi,CGO,vendor,2,0.17,Goal,Root/div/vendor,ADI/CGO/Unifi,0,Yes
ADI,US Aviation,CGO,vendor,2,0.09,Goal,Root/div/vendor,ADI/CGO/US Aviation,0,Yes
ADI,WFS -Worldwide Flight Services,CGO,vendor,2,0.14,Goal,Root/div/vendor,ADI/CGO/WFS -Worldwide Flight Services,0,Yes
ADI,Wright Brothers,CGO,vendor,2,0.19,Goal,Root/div/vendor,ADI/CGO/Wright Brothers,0,Yes
ADI,COP,ADI,div,1,4.13,Goal,Root/div,ADI/COP,0,Yes
ADI,EXE,ADI,div,1,14.66,Goal,Root/div,ADI/EXE,0,Yes
ADI,FMG,ADI,div,1,1.07,Goal,Root/div,ADI/FMG,0,Yes
ADI,FOP,ADI,div,1,8.49,Goal,Root/div,ADI/FOP,0,Yes
ADI,IFS,ADI,div,1,4.51,Goal,Root/div,ADI/IFS,1,No
ADI,OBS,IFS,bu,2,100.0,Goal,Root/div/bu,ADI/IFS/OBS,0,Yes
ADI,TOP,ADI,div,1,13.33,Goal,Root/div,ADI/TOP,3,No
ADI,Airframe Maintenance,TOP,bu,2,14.56,Goal,Root/div/bu,ADI/TOP/Airframe Maintenance,0,Yes
ADI,Cabin Maintenance,TOP,bu,2,19.68,Goal,Root/div/bu,ADI/TOP/Cabin Maintenance,0,Yes
ADI,Line Maintenance_MCC,TOP,bu,2,65.76,Goal,Root/div/bu,ADI/TOP/Line Maintenance_MCC,0,Yes
ADI,DL,ADI,sys,1,12.38,Goal,Root/sys,ADI/DL,0,Yes
ADI,VND,ADI,div,1,11.04,Goal,Root/div,ADI/VND,224,No
ADI,DTW,VND,station,2,0.06,Goal,Root/div/station,ADI/VND/DTW,5,No
ADI,Unifi,DTW,vendor,3,11.6,Goal,Root/div/station/vendor,ADI/VND/DTW/Unifi,1,No
ADI,RMP,Unifi,function,4,100.0,Goal,Root/div/station/vendor/function,ADI/VND/DTW/Unifi/RMP,2,No
ADI,MSPDTW,RMP,variant,5,95.5,Goal,Root/div/station/vendor/function/variant,ADI/VND/DTW/Unifi/RMP/MSPDTW,0,Yes
ADI,Blended,RMP,vnd_typ,5,4.5,Goal,Root/div/station/vendor/function/vnd_typ,ADI/VND/DTW/Unifi/RMP/Blended,0,Yes
ADI,G2,DTW,vendor,3,29.26,Goal,Root/div/station/vendor,ADI/VND/DTW/G2,1,No
ADI,CBN,G2,function,4,100.0,Goal,Root/div/station/vendor/function,ADI/VND/DTW/G2/CBN,1,No
ADI,Cabin,CBN,vnd_typ,5,100.0,Goal,Root/div/station/vendor/function/vnd_typ,ADI/VND/DTW/G2/CBN/Cabin,0,Yes
ADI,GAT,DTW,vendor,3,7.5,Goal,Root/div/station/vendor,ADI/VND/DTW/GAT,1,No
ADI,RMP,GAT,function,4,100.0,Goal,Root/div/station/vendor/function,ADI/VND/DTW/GAT/RMP,1,No
ADI,Blended,RMP,vnd_typ,5,100.0,Goal,Root/div/station/vendor/function/vnd_typ,ADI/VND/DTW/GAT/RMP/Blended,0,Yes
ADI,Menzies Aviation,DTW,vendor,3,33.41,Goal,Root/div/station/vendor,ADI/VND/DTW/Menzies Aviation,2,No
ADI,CBN,Menzies Aviation,function,4,52.84,Goal,Root/div/station/vendor/function,ADI/VND/DTW/Menzies Aviation/CBN,1,No
ADI,Cabin,CBN,vnd_typ,5,100.0,Goal,Root/div/station/vendor/function/vnd_typ,ADI/VND/DTW/Menzies Aviation/CBN/Cabin,0,Yes
ADI,RMP,Menzies Aviation,function,4,47.16,Goal,Root/div/station/vendor/function,ADI/VND/DTW/Menzies Aviation/RMP,1,No
ADI,Blended,RMP,vnd_typ,5,100.0,Goal,Root/div/station/vendor/function/vnd_typ,ADI/VND/DTW/Menzies Aviation/RMP/Blended,0,Yes
ADI,WFS -Worldwide Flight Services,DTW,vendor,3,18.23,Goal,Root/div/station/vendor,ADI/VND/DTW/WFS -Worldwide Flight Services,1,No
ADI,RMP,WFS -Worldwide Flight Services,function,4,100.0,Goal,Root/div/station/vendor/function,ADI/VND/DTW/WFS -Worldwide Flight Services/RMP,1,No
ADI,Blended,RMP,vnd_typ,5,100.0,Goal,Root/div/station/vendor/function/vnd_typ,ADI/VND/DTW/WFS -Worldwide Flight Services/RMP/Blended,0,Yes
ADI,MSP,VND,station,2,0.05,Goal,Root/div/station,ADI/VND/MSP,5,No
ADI,Unifi,MSP,vendor,3,23.14,Goal,Root/div/station/vendor,ADI/VND/MSP/Unifi,2,No
ADI,RMP,Unifi,function,4,55.11,Goal,Root/div/station/vendor/function,ADI/VND/MSP/Unifi/RMP,2,No
ADI,MSPDTW,RMP,variant,5,63.53,Goal,Root/div/station/vendor/function/variant,ADI/VND/MSP/Unifi/RMP/MSPDTW,0,Yes
ADI,Blended,RMP,vnd_typ,5,36.47,Goal,Root/div/station/vendor/function/vnd_typ,ADI/VND/MSP/Unifi/RMP/Blended,0,Yes
ADI,CBN,Unifi,function,4,44.89,Goal,Root/div/station/vendor/function,ADI/VND/MSP/Unifi/CBN,1,No
ADI,Cabin,CBN,vnd_typ,5,100.0,Goal,Root/div/station/vendor/function/vnd_typ,ADI/VND/MSP/Unifi/CBN/Cabin,0,Yes
ADI,GAT,MSP,vendor,3,6.63,Goal,Root/div/station/vendor,ADI/VND/MSP/GAT,1,No
ADI,RMP,GAT,function,4,100.0,Goal,Root/div/station/vendor/function,ADI/VND/MSP/GAT/RMP,1,No
ADI,Blended,RMP,vnd_typ,5,100.0,Goal,Root/div/station/vendor/function/vnd_typ,ADI/VND/MSP/GAT/RMP/Blended,0,Yes
ADI,Menzies Aviation,MSP,vendor,3,27.78,Goal,Root/div/station/vendor,ADI/VND/MSP/Menzies Aviation,1,No
ADI,RMP,Menzies Aviation,function,4,100.0,Goal,Root/div/station/vendor/function,ADI/VND/MSP/Menzies Aviation/RMP,1,No
ADI,Blended,RMP,vnd_typ,5,100.0,Goal,Root/div/station/vendor/function/vnd_typ,ADI/VND/MSP/Menzies Aviation/RMP/Blended,0,Yes
ADI,US Aviation,MSP,vendor,3,31.58,Goal,Root/div/station/vendor,ADI/VND/MSP/US Aviation,1,No
ADI,RMP,US Aviation,function,4,100.0,Goal,Root/div/station/vendor/function,ADI/VND/MSP/US Aviation/RMP,1,No
ADI,Blended,RMP,vnd_typ,5,100.0,Goal,Root/div/station/vendor/function/vnd_typ,ADI/VND/MSP/US Aviation/RMP/Blended,0,Yes
ADI,WFS -Worldwide Flight Services,MSP,vendor,3,10.87,Goal,Root/div/station/vendor,ADI/VND/MSP/WFS -Worldwide Flight Services,1,No
ADI,RMP,WFS -Worldwide Flight Services,function,4,100.0,Goal,Root/div/station/vendor/function,ADI/VND/MSP/WFS -Worldwide Flight Services/RMP,1,No
ADI,Blended,RMP,vnd_typ,5,100.0,Goal,Root/div/station/vendor/function/vnd_typ,ADI/VND/MSP/WFS -Worldwide Flight Services/RMP/Blended,0,Yes
ADI,ABQ,VND,station,2,0.53,Goal,Root/div/station,ADI/VND/ABQ,2,No
ADI,",null,",ABQ,vendor,3,49.35,Goal,Root/div/station/vendor,"ADI/VND/ABQ/,null,",1,No
ADI,RMP,",null,",function,4,100.0,Goal,Root/div/station/vendor/function,"ADI/VND/ABQ/,null,/RMP",1,No
ADI,Blended,RMP,vnd_typ,5,100.0,Goal,Root/div/station/vendor/function/vnd_typ,"ADI/VND/ABQ/,null,/RMP/Blended",0,Yes
ADI,Unifi,ABQ,vendor,3,50.65,Goal,Root/div/station/vendor,ADI/VND/ABQ/Unifi,1,No
ADI,RMP,Unifi,function,4,100.0,Goal,Root/div/station/vendor/function,ADI/VND/ABQ/Unifi/RMP,1,No
ADI,Blended,RMP,vnd_typ,5,100.0,Goal,Root/div/station/vendor/function/vnd_typ,ADI/VND/ABQ/Unifi/RMP/Blended,0,Yes
ADI,AGS,VND,station,2,0.78,Goal,Root/div/station,ADI/VND/AGS,1,No
ADI,Unifi,AGS,vendor,3,100.0,Goal,Root/div/station/vendor,ADI/VND/AGS/Unifi,2,No
ADI,RMP,Unifi,function,4,70.31,Goal,Root/div/station/vendor/function,ADI/VND/AGS/Unifi/RMP,1,No
ADI,Blended,RMP,vnd_typ,5,100.0,Goal,Root/div/station/vendor/function/vnd_typ,ADI/VND/AGS/Unifi/RMP/Blended,0,Yes
ADI,FS,Unifi,vnd_typ,4,29.69,Goal,Root/div/station/vendor/vnd_typ,ADI/VND/AGS/Unifi/FS,0,Yes
ADI,ALB,VND,station,2,0.09,Goal,Root/div/station,ADI/VND/ALB,1,No
ADI,Unifi,ALB,vendor,3,100.0,Goal,Root/div/station/vendor,ADI/VND/ALB/Unifi,1,No
ADI,RMP,Unifi,function,4,100.0,Goal,Root/div/station/vendor/function,ADI/VND/ALB/Unifi/RMP,1,No
ADI,Blended,RMP,vnd_typ,5,100.0,Goal,Root/div/station/vendor/function/vnd_typ,ADI/VND/ALB/Unifi/RMP/Blended,0,Yes
ADI,ANC,VND,station,2,0.68,Goal,Root/div/station,ADI/VND/ANC,1,No
ADI,Pegasus,ANC,vendor,3,100.0,Goal,Root/div/station/vendor,ADI/VND/ANC/Pegasus,1,No
ADI,CBN,Pegasus,function,4,100.0,Goal,Root/div/station/vendor/function,ADI/VND/ANC/Pegasus/CBN,1,No
ADI,Cabin,CBN,vnd_typ,5,100.0,Goal,Root/div/station/vendor/function/vnd_typ,ADI/VND/ANC/Pegasus/CBN/Cabin,0,Yes
ADI,ATL,VND,station,2,0.88,Goal,Root/div/station,ADI/VND/ATL,6,No
ADI,CITY OF MELBOURNE,ATL,vendor,3,31.14,Goal,Root/div/station/vendor,ADI/VND/ATL/CITY OF MELBOURNE,1,No
ADI,RMP,CITY OF MELBOURNE,function,4,100.0,Goal,Root/div/station/vendor/function,ADI/VND/ATL/CITY OF MELBOURNE/RMP,1,No
ADI,Blended,RMP,vnd_typ,5,100.0,Goal,Root/div/station/vendor/function/vnd_typ,ADI/VND/ATL/CITY OF MELBOURNE/RMP/Blended,0,Yes
ADI,GAT,ATL,vendor,3,0.04,Goal,Root/div/station/vendor,ADI/VND/ATL/GAT,1,No
ADI,RMP,GAT,function,4,100.0,Goal,Root/div/station/vendor/function,ADI/VND/ATL/GAT/RMP,1,No
ADI,Blended,RMP,vnd_typ,5,100.0,Goal,Root/div/station/vendor/function/vnd_typ,ADI/VND/ATL/GAT/RMP/Blended,0,Yes
ADI,Menzies Aviation,ATL,vendor,3,22.36,Goal,Root/div/station/vendor,ADI/VND/ATL/Menzies Aviation,1,No
ADI,RMP,Menzies Aviation,function,4,100.0,Goal,Root/div/station/vendor/function,ADI/VND/ATL/Menzies Aviation/RMP,1,No
ADI,Blended,RMP,vnd_typ,5,100.0,Goal,Root/div/station/vendor/function/vnd_typ,ADI/VND/ATL/Menzies Aviation/RMP/Blended,0,Yes
ADI,Unifi,ATL,vendor,3,27.69,Goal,Root/div/station/vendor,ADI/VND/ATL/Unifi,1,No
ADI,RMP,Unifi,function,4,100.0,Goal,Root/div/station/vendor/function,ADI/VND/ATL/Unifi/RMP,1,No
ADI,Blended,RMP,vnd_typ,5,100.0,Goal,Root/div/station/vendor/function/vnd_typ,ADI/VND/ATL/Unifi/RMP/Blended,0,Yes
ADI,US Aviation,ATL,vendor,3,1.17,Goal,Root/div/station/vendor,ADI/VND/ATL/US Aviation,1,No
ADI,RMP,US Aviation,function,4,100.0,Goal,Root/div/station/vendor/function,ADI/VND/ATL/US Aviation/RMP,1,No
ADI,Blended,RMP,vnd_typ,5,100.0,Goal,Root/div/station/vendor/function/vnd_typ,ADI/VND/ATL/US Aviation/RMP/Blended,0,Yes
ADI,WFS -Worldwide Flight Services,ATL,vendor,3,17.6,Goal,Root/div/station/vendor,ADI/VND/ATL/WFS -Worldwide Flight Services,1,No
ADI,RMP,WFS -Worldwide Flight Services,function,4,100.0,Goal,Root/div/station/vendor/function,ADI/VND/ATL/WFS -Worldwide Flight Services/RMP,1,No
ADI,Blended,RMP,vnd_typ,5,100.0,Goal,Root/div/station/vendor/function/vnd_typ,ADI/VND/ATL/WFS -Worldwide Flight Services/RMP/Blended,0,Yes
ADI,AUS,VND,station,2,0.37,Goal,Root/div/station,ADI/VND/AUS,1,No
ADI,Unifi,AUS,vendor,3,100.0,Goal,Root/div/station/vendor,ADI/VND/AUS/Unifi,2,No
ADI,CBN,Unifi,function,4,26.54,Goal,Root/div/station/vendor/function,ADI/VND/AUS/Unifi/CBN,1,No
ADI,Cabin,CBN,vnd_typ,5,100.0,Goal,Root/div/station/vendor/function/vnd_typ,ADI/VND/AUS/Unifi/CBN/Cabin,0,Yes
ADI,RMP,Unifi,function,4,73.46,Goal,Root/div/station/vendor/function,ADI/VND/AUS/Unifi/RMP,1,No
ADI,Blended,RMP,vnd_typ,5,100.0,Goal,Root/div/station/vendor/function/vnd_typ,ADI/VND/AUS/Unifi/RMP/Blended,0,Yes
ADI,BDL,VND,station,2,0.83,Goal,Root/div/station,ADI/VND/BDL,3,No
ADI,",null,",BDL,vendor,3,64.61,Goal,Root/div/station/vendor,"ADI/VND/BDL/,null,",1,No
ADI,RMP,",null,",function,4,100.0,Goal,Root/div/station/vendor/function,"ADI/VND/BDL/,null,/RMP",1,No
ADI,Blended,RMP,vnd_typ,5,100.0,Goal,Root/div/station/vendor/function/vnd_typ,"ADI/VND/BDL/,null,/RMP/Blended",0,Yes
ADI,G2,BDL,vendor,3,5.95,Goal,Root/div/station/vendor,ADI/VND/BDL/G2,1,No
ADI,RMP,G2,function,4,100.0,Goal,Root/div/station/vendor/function,ADI/VND/BDL/G2/RMP,1,No
ADI,Blended,RMP,vnd_typ,5,100.0,Goal,Root/div/station/vendor/function/vnd_typ,ADI/VND/BDL/G2/RMP/Blended,0,Yes
ADI,Menzies Aviation,BDL,vendor,3,29.44,Goal,Root/div/station/vendor,ADI/VND/BDL/Menzies Aviation,1,No
ADI,RMP,Menzies Aviation,function,4,100.0,Goal,Root/div/station/vendor/function,ADI/VND/BDL/Menzies Aviation/RMP,1,No
ADI,Blended,RMP,vnd_typ,5,100.0,Goal,Root/div/station/vendor/function/vnd_typ,ADI/VND/BDL/Menzies Aviation/RMP/Blended,0,Yes
ADI,BHM,VND,station,2,0.07,Goal,Root/div/station,ADI/VND/BHM,2,No
ADI,",null,",BHM,vendor,3,60.63,Goal,Root/div/station/vendor,"ADI/VND/BHM/,null,",1,No
ADI,RMP,",null,",function,4,100.0,Goal,Root/div/station/vendor/function,"ADI/VND/BHM/,null,/RMP",1,No
ADI,Blended,RMP,vnd_typ,5,100.0,Goal,Root/div/station/vendor/function/vnd_typ,"ADI/VND/BHM/,null,/RMP/Blended",0,Yes
ADI,Unifi,BHM,vendor,3,39.37,Goal,Root/div/station/vendor,ADI/VND/BHM/Unifi,1,No
ADI,RMP,Unifi,function,4,100.0,Goal,Root/div/station/vendor/function,ADI/VND/BHM/Unifi/RMP,1,No
ADI,Blended,RMP,vnd_typ,5,100.0,Goal,Root/div/station/vendor/function/vnd_typ,ADI/VND/BHM/Unifi/RMP/Blended,0,Yes
ADI,BNA,VND,station,2,0.52,Goal,Root/div/station,ADI/VND/BNA,2,No
ADI,Prospect,BNA,vendor,3,75.19,Goal,Root/div/station/vendor,ADI/VND/BNA/Prospect,1,No
ADI,CBN,Prospect,function,4,100.0,Goal,Root/div/station/vendor/function,ADI/VND/BNA/Prospect/CBN,1,No
ADI,Cabin,CBN,vnd_typ,5,100.0,Goal,Root/div/station/vendor/function/vnd_typ,ADI/VND/BNA/Prospect/CBN/Cabin,0,Yes
ADI,Unifi,BNA,vendor,3,24.81,Goal,Root/div/station/vendor,ADI/VND/BNA/Unifi,1,No
ADI,CBN,Unifi,function,4,100.0,Goal,Root/div/station/vendor/function,ADI/VND/BNA/Unifi/CBN,1,No
ADI,Cabin,CBN,vnd_typ,5,100.0,Goal,Root/div/station/vendor/function/vnd_typ,ADI/VND/BNA/Unifi/CBN/Cabin,0,Yes
ADI,BOI,VND,station,2,0.78,Goal,Root/div/station,ADI/VND/BOI,2,No
ADI,",null,",BOI,vendor,3,71.39,Goal,Root/div/station/vendor,"ADI/VND/BOI/,null,",1,No
ADI,RMP,",null,",function,4,100.0,Goal,Root/div/station/vendor/function,"ADI/VND/BOI/,null,/RMP",1,No
ADI,Blended,RMP,vnd_typ,5,100.0,Goal,Root/div/station/vendor/function/vnd_typ,"ADI/VND/BOI/,null,/RMP/Blended",0,Yes
ADI,Unifi,BOI,vendor,3,28.61,Goal,Root/div/station/vendor,ADI/VND/BOI/Unifi,1,No
ADI,RMP,Unifi,function,4,100.0,Goal,Root/div/station/vendor/function,ADI/VND/BOI/Unifi/RMP,1,No
ADI,Blended,RMP,vnd_typ,5,100.0,Goal,Root/div/station/vendor/function/vnd_typ,ADI/VND/BOI/Unifi/RMP/Blended,0,Yes
ADI,BOS,VND,station,2,0.67,Goal,Root/div/station,ADI/VND/BOS,6,No
ADI,GAT,BOS,vendor,3,25.67,Goal,Root/div/station/vendor,ADI/VND/BOS/GAT,1,No
ADI,RMP,GAT,function,4,100.0,Goal,Root/div/station/vendor/function,ADI/VND/BOS/GAT/RMP,1,No
ADI,Blended,RMP,vnd_typ,5,100.0,Goal,Root/div/station/vendor/function/vnd_typ,ADI/VND/BOS/GAT/RMP/Blended,0,Yes
ADI,HHS Aviation,BOS,vendor,3,20.54,Goal,Root/div/station/vendor,ADI/VND/BOS/HHS Aviation,1,No
ADI,CBN,HHS Aviation,function,4,100.0,Goal,Root/div/station/vendor/function,ADI/VND/BOS/HHS Aviation/CBN,1,No
ADI,Cabin,CBN,vnd_typ,5,100.0,Goal,Root/div/station/vendor/function/vnd_typ,ADI/VND/BOS/HHS Aviation/CBN/Cabin,0,Yes
ADI,HHS,BOS,vendor,3,15.41,Goal,Root/div/station/vendor,ADI/VND/BOS/HHS,1,No
ADI,CBN,HHS,function,4,100.0,Goal,Root/div/station/vendor/function,ADI/VND/BOS/HHS/CBN,1,No
ADI,Cabin,CBN,vnd_typ,5,100.0,Goal,Root/div/station/vendor/function/vnd_typ,ADI/VND/BOS/HHS/CBN/Cabin,0,Yes
ADI,Menzies Aviation,BOS,vendor,3,13.25,Goal,Root/div/station/vendor,ADI/VND/BOS/Menzies Aviation,1,No
ADI,CBN,Menzies Aviation,function,4,100.0,Goal,Root/div/station/vendor/function,ADI/VND/BOS/Menzies Aviation/CBN,1,No
ADI,Cabin,CBN,vnd_typ,5,100.0,Goal,Root/div/station/vendor/function/vnd_typ,ADI/VND/BOS/Menzies Aviation/CBN/Cabin,0,Yes
ADI,Unifi,BOS,vendor,3,17.08,Goal,Root/div/station/vendor,ADI/VND/BOS/Unifi,1,No
ADI,RMP,Unifi,function,4,100.0,Goal,Root/div/station/vendor/function,ADI/VND/BOS/Unifi/RMP,1,No
ADI,Blended,RMP,vnd_typ,5,100.0,Goal,Root/div/station/vendor/function/vnd_typ,ADI/VND/BOS/Unifi/RMP/Blended,0,Yes
ADI,WFS -Worldwide Flight Services,BOS,vendor,3,8.05,Goal,Root/div/station/vendor,ADI/VND/BOS/WFS -Worldwide Flight Services,1,No
ADI,RMP,WFS -Worldwide Flight Services,function,4,100.0,Goal,Root/div/station/vendor/function,ADI/VND/BOS/WFS -Worldwide Flight Services/RMP,1,No
ADI,Blended,RMP,vnd_typ,5,100.0,Goal,Root/div/station/vendor/function/vnd_typ,ADI/VND/BOS/WFS -Worldwide Flight Services/RMP/Blended,0,Yes
ADI,BWI,VND,station,2,0.12,Goal,Root/div/station,ADI/VND/BWI,1,No
ADI,HHS Aviation,BWI,vendor,3,100.0,Goal,Root/div/station/vendor,ADI/VND/BWI/HHS Aviation,1,No
ADI,CBN,HHS Aviation,function,4,100.0,Goal,Root/div/station/vendor/function,ADI/VND/BWI/HHS Aviation/CBN,1,No
ADI,Cabin,CBN,vnd_typ,5,100.0,Goal,Root/div/station/vendor/function/vnd_typ,ADI/VND/BWI/HHS Aviation/CBN/Cabin,0,Yes
ADI,BZN,VND,station,2,0.19,Goal,Root/div/station,ADI/VND/BZN,1,No
ADI,WFS -Worldwide Flight Services,BZN,vendor,3,100.0,Goal,Root/div/station/vendor,ADI/VND/BZN/WFS -Worldwide Flight Services,1,No
ADI,RMP,WFS -Worldwide Flight Services,function,4,100.0,Goal,Root/div/station/vendor/function,ADI/VND/BZN/WFS -Worldwide Flight Services/RMP,1,No
ADI,Blended,RMP,vnd_typ,5,100.0,Goal,Root/div/station/vendor/function/vnd_typ,ADI/VND/BZN/WFS -Worldwide Flight Services/RMP/Blended,0,Yes
ADI,CAE,VND,station,2,0.04,Goal,Root/div/station,ADI/VND/CAE,2,No
ADI,",null,",CAE,vendor,3,65.86,Goal,Root/div/station/vendor,"ADI/VND/CAE/,null,",1,No
ADI,RMP,",null,",function,4,100.0,Goal,Root/div/station/vendor/function,"ADI/VND/CAE/,null,/RMP",1,No
ADI,Blended,RMP,vnd_typ,5,100.0,Goal,Root/div/station/vendor/function/vnd_typ,"ADI/VND/CAE/,null,/RMP/Blended",0,Yes
ADI,Unifi,CAE,vendor,3,34.14,Goal,Root/div/station/vendor,ADI/VND/CAE/Unifi,1,No
ADI,RMP,Unifi,function,4,100.0,Goal,Root/div/station/vendor/function,ADI/VND/CAE/Unifi/RMP,1,No
ADI,Blended,RMP,vnd_typ,5,100.0,Goal,Root/div/station/vendor/function/vnd_typ,ADI/VND/CAE/Unifi/RMP/Blended,0,Yes
ADI,CHS,VND,station,2,0.39,Goal,Root/div/station,ADI/VND/CHS,1,No
ADI,Unifi,CHS,vendor,3,100.0,Goal,Root/div/station/vendor,ADI/VND/CHS/Unifi,1,No
ADI,RMP,Unifi,function,4,100.0,Goal,Root/div/station/vendor/function,ADI/VND/CHS/Unifi/RMP,1,No
ADI,Blended,RMP,vnd_typ,5,100.0,Goal,Root/div/station/vendor/function/vnd_typ,ADI/VND/CHS/Unifi/RMP/Blended,0,Yes
ADI,CLE,VND,station,2,0.8,Goal,Root/div/station,ADI/VND/CLE,2,No
ADI,",null,",CLE,vendor,3,14.2,Goal,Root/div/station/vendor,"ADI/VND/CLE/,null,",1,No
ADI,RMP,",null,",function,4,100.0,Goal,Root/div/station/vendor/function,"ADI/VND/CLE/,null,/RMP",1,No
ADI,Blended,RMP,vnd_typ,5,100.0,Goal,Root/div/station/vendor/function/vnd_typ,"ADI/VND/CLE/,null,/RMP/Blended",0,Yes
ADI,Unifi,CLE,vendor,3,85.8,Goal,Root/div/station/vendor,ADI/VND/CLE/Unifi,1,No
ADI,RMP,Unifi,function,4,100.0,Goal,Root/div/station/vendor/function,ADI/VND/CLE/Unifi/RMP,1,No
ADI,Blended,RMP,vnd_typ,5,100.0,Goal,Root/div/station/vendor/function/vnd_typ,ADI/VND/CLE/Unifi/RMP/Blended,0,Yes
ADI,CLT,VND,station,2,0.57,Goal,Root/div/station,ADI/VND/CLT,2,No
ADI,",null,",CLT,vendor,3,10.03,Goal,Root/div/station/vendor,"ADI/VND/CLT/,null,",1,No
ADI,RMP,",null,",function,4,100.0,Goal,Root/div/station/vendor/function,"ADI/VND/CLT/,null,/RMP",1,No
ADI,Blended,RMP,vnd_typ,5,100.0,Goal,Root/div/station/vendor/function/vnd_typ,"ADI/VND/CLT/,null,/RMP/Blended",0,Yes
ADI,Unifi,CLT,vendor,3,89.97,Goal,Root/div/station/vendor,ADI/VND/CLT/Unifi,1,No
ADI,RMP,Unifi,function,4,100.0,Goal,Root/div/station/vendor/function,ADI/VND/CLT/Unifi/RMP,1,No
ADI,Blended,RMP,vnd_typ,5,100.0,Goal,Root/div/station/vendor/function/vnd_typ,ADI/VND/CLT/Unifi/RMP/Blended,0,Yes
ADI,CMH,VND,station,2,0.3,Goal,Root/div/station,ADI/VND/CMH,2,No
ADI,Prospect,CMH,vendor,3,60.72,Goal,Root/div/station/vendor,ADI/VND/CMH/Prospect,1,No
ADI,CBN,Prospect,function,4,100.0,Goal,Root/div/station/vendor/function,ADI/VND/CMH/Prospect/CBN,1,No
ADI,Cabin,CBN,vnd_typ,5,100.0,Goal,Root/div/station/vendor/function/vnd_typ,ADI/VND/CMH/Prospect/CBN/Cabin,0,Yes
ADI,Unifi,CMH,vendor,3,39.28,Goal,Root/div/station/vendor,ADI/VND/CMH/Unifi,1,No
ADI,CBN,Unifi,function,4,100.0,Goal,Root/div/station/vendor/function,ADI/VND/CMH/Unifi/CBN,1,No
ADI,Cabin,CBN,vnd_typ,5,100.0,Goal,Root/div/station/vendor/function/vnd_typ,ADI/VND/CMH/Unifi/CBN/Cabin,0,Yes
ADI,COS,VND,station,2,0.12,Goal,Root/div/station,ADI/VND/COS,1,No
ADI,Unifi,COS,vendor,3,100.0,Goal,Root/div/station/vendor,ADI/VND/COS/Unifi,1,No
ADI,RMP,Unifi,function,4,100.0,Goal,Root/div/station/vendor/function,ADI/VND/COS/Unifi/RMP,1,No
ADI,Blended,RMP,vnd_typ,5,100.0,Goal,Root/div/station/vendor/function/vnd_typ,ADI/VND/COS/Unifi/RMP/Blended,0,Yes
ADI,CVG,VND,station,2,0.28,Goal,Root/div/station,ADI/VND/CVG,1,No
ADI,Unifi,CVG,vendor,3,100.0,Goal,Root/div/station/vendor,ADI/VND/CVG/Unifi,2,No
ADI,CBN,Unifi,function,4,51.26,Goal,Root/div/station/vendor/function,ADI/VND/CVG/Unifi/CBN,1,No
ADI,Cabin,CBN,vnd_typ,5,100.0,Goal,Root/div/station/vendor/function/vnd_typ,ADI/VND/CVG/Unifi/CBN/Cabin,0,Yes
ADI,RMP,Unifi,function,4,48.74,Goal,Root/div/station/vendor/function,ADI/VND/CVG/Unifi/RMP,1,No
ADI,Blended,RMP,vnd_typ,5,100.0,Goal,Root/div/station/vendor/function/vnd_typ,ADI/VND/CVG/Unifi/RMP/Blended,0,Yes
ADI,DAB,VND,station,2,0.82,Goal,Root/div/station,ADI/VND/DAB,3,No
ADI,",null,",DAB,vendor,3,68.26,Goal,Root/div/station/vendor,"ADI/VND/DAB/,null,",1,No
ADI,RMP,",null,",function,4,100.0,Goal,Root/div/station/vendor/function,"ADI/VND/DAB/,null,/RMP",1,No
ADI,Blended,RMP,vnd_typ,5,100.0,Goal,Root/div/station/vendor/function/vnd_typ,"ADI/VND/DAB/,null,/RMP/Blended",0,Yes
ADI,G2,DAB,vendor,3,25.3,Goal,Root/div/station/vendor,ADI/VND/DAB/G2,1,No
ADI,RMP,G2,function,4,100.0,Goal,Root/div/station/vendor/function,ADI/VND/DAB/G2/RMP,1,No
ADI,Blended,RMP,vnd_typ,5,100.0,Goal,Root/div/station/vendor/function/vnd_typ,ADI/VND/DAB/G2/RMP/Blended,0,Yes
ADI,Menzies Aviation,DAB,vendor,3,6.44,Goal,Root/div/station/vendor,ADI/VND/DAB/Menzies Aviation,1,No
ADI,RMP,Menzies Aviation,function,4,100.0,Goal,Root/div/station/vendor/function,ADI/VND/DAB/Menzies Aviation/RMP,1,No
ADI,Blended,RMP,vnd_typ,5,100.0,Goal,Root/div/station/vendor/function/vnd_typ,ADI/VND/DAB/Menzies Aviation/RMP/Blended,0,Yes
ADI,DAY,VND,station,2,0.7,Goal,Root/div/station,ADI/VND/DAY,1,No
ADI,Unifi,DAY,vendor,3,100.0,Goal,Root/div/station/vendor,ADI/VND/DAY/Unifi,1,No
ADI,RMP,Unifi,function,4,100.0,Goal,Root/div/station/vendor/function,ADI/VND/DAY/Unifi/RMP,1,No
ADI,Blended,RMP,vnd_typ,5,100.0,Goal,Root/div/station/vendor/function/vnd_typ,ADI/VND/DAY/Unifi/RMP/Blended,0,Yes
ADI,DCA,VND,station,2,0.36,Goal,Root/div/station,ADI/VND/DCA,2,No
ADI,Eulen,DCA,vendor,3,7.84,Goal,Root/div/station/vendor,ADI/VND/DCA/Eulen,1,No
ADI,CBN,Eulen,function,4,100.0,Goal,Root/div/station/vendor/function,ADI/VND/DCA/Eulen/CBN,1,No
ADI,Cabin,CBN,vnd_typ,5,100.0,Goal,Root/div/station/vendor/function/vnd_typ,ADI/VND/DCA/Eulen/CBN/Cabin,0,Yes
ADI,Unifi,DCA,vendor,3,92.16,Goal,Root/div/station/vendor,ADI/VND/DCA/Unifi,1,No
ADI,RMP,Unifi,function,4,100.0,Goal,Root/div/station/vendor/function,ADI/VND/DCA/Unifi/RMP,1,No
ADI,Blended,RMP,vnd_typ,5,100.0,Goal,Root/div/station/vendor/function/vnd_typ,ADI/VND/DCA/Unifi/RMP/Blended,0,Yes
ADI,DEN,VND,station,2,0.71,Goal,Root/div/station,ADI/VND/DEN,1,No
ADI,Unifi,DEN,vendor,3,100.0,Goal,Root/div/station/vendor,ADI/VND/DEN/Unifi,1,No
ADI,CBN,Unifi,function,4,100.0,Goal,Root/div/station/vendor/function,ADI/VND/DEN/Unifi/CBN,1,No
ADI,Cabin,CBN,vnd_typ,5,100.0,Goal,Root/div/station/vendor/function/vnd_typ,ADI/VND/DEN/Unifi/CBN/Cabin,0,Yes
ADI,DFW,VND,station,2,0.46,Goal,Root/div/station,ADI/VND/DFW,1,No
ADI,HHS Aviation,DFW,vendor,3,100.0,Goal,Root/div/station/vendor,ADI/VND/DFW/HHS Aviation,1,No
ADI,CBN,HHS Aviation,function,4,100.0,Goal,Root/div/station/vendor/function,ADI/VND/DFW/HHS Aviation/CBN,1,No
ADI,Cabin,CBN,vnd_typ,5,100.0,Goal,Root/div/station/vendor/function/vnd_typ,ADI/VND/DFW/HHS Aviation/CBN/Cabin,0,Yes
ADI,ELP,VND,station,2,0.54,Goal,Root/div/station,ADI/VND/ELP,1,No
ADI,GAT,ELP,vendor,3,100.0,Goal,Root/div/station/vendor,ADI/VND/ELP/GAT,1,No
ADI,RMP,GAT,function,4,100.0,Goal,Root/div/station/vendor/function,ADI/VND/ELP/GAT/RMP,1,No
ADI,Blended,RMP,vnd_typ,5,100.0,Goal,Root/div/station/vendor/function/vnd_typ,ADI/VND/ELP/GAT/RMP/Blended,0,Yes
ADI,EWR,VND,station,2,0.82,Goal,Root/div/station,ADI/VND/EWR,1,No
ADI,Menzies Aviation,EWR,vendor,3,100.0,Goal,Root/div/station/vendor,ADI/VND/EWR/Menzies Aviation,1,No
ADI,CBN,Menzies Aviation,function,4,100.0,Goal,Root/div/station/vendor/function,ADI/VND/EWR/Menzies Aviation/CBN,1,No
ADI,Cabin,CBN,vnd_typ,5,100.0,Goal,Root/div/station/vendor/function/vnd_typ,ADI/VND/EWR/Menzies Aviation/CBN/Cabin,0,Yes
ADI,FLL,VND,station,2,0.89,Goal,Root/div/station,ADI/VND/FLL,1,No
ADI,HHS Aviation,FLL,vendor,3,100.0,Goal,Root/div/station/vendor,ADI/VND/FLL/HHS Aviation,1,No
ADI,CBN,HHS Aviation,function,4,100.0,Goal,Root/div/station/vendor/function,ADI/VND/FLL/HHS Aviation/CBN,1,No
ADI,Cabin,CBN,vnd_typ,5,100.0,Goal,Root/div/station/vendor/function/vnd_typ,ADI/VND/FLL/HHS Aviation/CBN/Cabin,0,Yes
ADI,GRB,VND,station,2,0.65,Goal,Root/div/station,ADI/VND/GRB,1,No
ADI,Jet Air,GRB,vendor,3,100.0,Goal,Root/div/station/vendor,ADI/VND/GRB/Jet Air,1,No
ADI,CBN,Jet Air,function,4,100.0,Goal,Root/div/station/vendor/function,ADI/VND/GRB/Jet Air/CBN,1,No
ADI,Cabin,CBN,vnd_typ,5,100.0,Goal,Root/div/station/vendor/function/vnd_typ,ADI/VND/GRB/Jet Air/CBN/Cabin,0,Yes
ADI,GRR,VND,station,2,0.25,Goal,Root/div/station,ADI/VND/GRR,2,No
ADI,Prospect,GRR,vendor,3,29.98,Goal,Root/div/station/vendor,ADI/VND/GRR/Prospect,1,No
ADI,CBN,Prospect,function,4,100.0,Goal,Root/div/station/vendor/function,ADI/VND/GRR/Prospect/CBN,1,No
ADI,Cabin,CBN,vnd_typ,5,100.0,Goal,Root/div/station/vendor/function/vnd_typ,ADI/VND/GRR/Prospect/CBN/Cabin,0,Yes
ADI,Unifi,GRR,vendor,3,70.02,Goal,Root/div/station/vendor,ADI/VND/GRR/Unifi,1,No
ADI,CBN,Unifi,function,4,100.0,Goal,Root/div/station/vendor/function,ADI/VND/GRR/Unifi/CBN,1,No
ADI,Cabin,CBN,vnd_typ,5,100.0,Goal,Root/div/station/vendor/function/vnd_typ,ADI/VND/GRR/Unifi/CBN/Cabin,0,Yes
ADI,GSO,VND,station,2,0.39,Goal,Root/div/station,ADI/VND/GSO,2,No
ADI,",null,",GSO,vendor,3,21.0,Goal,Root/div/station/vendor,"ADI/VND/GSO/,null,",1,No
ADI,RMP,",null,",function,4,100.0,Goal,Root/div/station/vendor/function,"ADI/VND/GSO/,null,/RMP",1,No
ADI,Blended,RMP,vnd_typ,5,100.0,Goal,Root/div/station/vendor/function/vnd_typ,"ADI/VND/GSO/,null,/RMP/Blended",0,Yes
ADI,Unifi,GSO,vendor,3,79.0,Goal,Root/div/station/vendor,ADI/VND/GSO/Unifi,1,No
ADI,RMP,Unifi,function,4,100.0,Goal,Root/div/station/vendor/function,ADI/VND/GSO/Unifi/RMP,1,No
ADI,Blended,RMP,vnd_typ,5,100.0,Goal,Root/div/station/vendor/function/vnd_typ,ADI/VND/GSO/Unifi/RMP/Blended,0,Yes
ADI,GSP,VND,station,2,0.84,Goal,Root/div/station,ADI/VND/GSP,2,No
ADI,",null,",GSP,vendor,3,79.98,Goal,Root/div/station/vendor,"ADI/VND/GSP/,null,",1,No
ADI,RMP,",null,",function,4,100.0,Goal,Root/div/station/vendor/function,"ADI/VND/GSP/,null,/RMP",1,No
ADI,Blended,RMP,vnd_typ,5,100.0,Goal,Root/div/station/vendor/function/vnd_typ,"ADI/VND/GSP/,null,/RMP/Blended",0,Yes
ADI,Unifi,GSP,vendor,3,20.02,Goal,Root/div/station/vendor,ADI/VND/GSP/Unifi,1,No
ADI,RMP,Unifi,function,4,100.0,Goal,Root/div/station/vendor/function,ADI/VND/GSP/Unifi/RMP,1,No
ADI,Blended,RMP,vnd_typ,5,100.0,Goal,Root/div/station/vendor/function/vnd_typ,ADI/VND/GSP/Unifi/RMP/Blended,0,Yes
ADI,HNL,VND,station,2,0.7,Goal,Root/div/station,ADI/VND/HNL,1,No
ADI,Unifi,HNL,vendor,3,100.0,Goal,Root/div/station/vendor,ADI/VND/HNL/Unifi,1,No
ADI,CBN,Unifi,function,4,100.0,Goal,Root/div/station/vendor/function,ADI/VND/HNL/Unifi/CBN,1,No
ADI,Cabin,CBN,vnd_typ,5,100.0,Goal,Root/div/station/vendor/function/vnd_typ,ADI/VND/HNL/Unifi/CBN/Cabin,0,Yes
ADI,HOU,VND,station,2,0.86,Goal,Root/div/station,ADI/VND/HOU,1,No
ADI,GAT,HOU,vendor,3,100.0,Goal,Root/div/station/vendor,ADI/VND/HOU/GAT,1,No
ADI,RMP,GAT,function,4,100.0,Goal,Root/div/station/vendor/function,ADI/VND/HOU/GAT/RMP,1,No
ADI,Blended,RMP,vnd_typ,5,100.0,Goal,Root/div/station/vendor/function/vnd_typ,ADI/VND/HOU/GAT/RMP/Blended,0,Yes
ADI,HSV,VND,station,2,0.17,Goal,Root/div/station,ADI/VND/HSV,1,No
ADI,GAT,HSV,vendor,3,100.0,Goal,Root/div/station/vendor,ADI/VND/HSV/GAT,1,No
ADI,RMP,GAT,function,4,100.0,Goal,Root/div/station/vendor/function,ADI/VND/HSV/GAT/RMP,1,No
ADI,Blended,RMP,vnd_typ,5,100.0,Goal,Root/div/station/vendor/function/vnd_typ,ADI/VND/HSV/GAT/RMP/Blended,0,Yes
ADI,IAD,VND,station,2,0.77,Goal,Root/div/station,ADI/VND/IAD,1,No
ADI,Unifi,IAD,vendor,3,100.0,Goal,Root/div/station/vendor,ADI/VND/IAD/Unifi,1,No
ADI,CBN,Unifi,function,4,100.0,Goal,Root/div/station/vendor/function,ADI/VND/IAD/Unifi/CBN,1,No
ADI,Cabin,CBN,vnd_typ,5,100.0,Goal,Root/div/station/vendor/function/vnd_typ,ADI/VND/IAD/Unifi/CBN/Cabin,0,Yes
ADI,IAH,VND,station,2,0.07,Goal,Root/div/station,ADI/VND/IAH,1,No
ADI,Menzies Aviation,IAH,vendor,3,100.0,Goal,Root/div/station/vendor,ADI/VND/IAH/Menzies Aviation,1,No
ADI,CBN,Menzies Aviation,function,4,100.0,Goal,Root/div/station/vendor/function,ADI/VND/IAH/Menzies Aviation/CBN,1,No
ADI,Cabin,CBN,vnd_typ,5,100.0,Goal,Root/div/station/vendor/function/vnd_typ,ADI/VND/IAH/Menzies Aviation/CBN/Cabin,0,Yes
ADI,IND,VND,station,2,0.62,Goal,Root/div/station,ADI/VND/IND,1,No
ADI,Menzies Aviation,IND,vendor,3,100.0,Goal,Root/div/station/vendor,ADI/VND/IND/Menzies Aviation,1,No
ADI,CBN,Menzies Aviation,function,4,100.0,Goal,Root/div/station/vendor/function,ADI/VND/IND/Menzies Aviation/CBN,1,No
ADI,Cabin,CBN,vnd_typ,5,100.0,Goal,Root/div/station/vendor/function/vnd_typ,ADI/VND/IND/Menzies Aviation/CBN/Cabin,0,Yes
ADI,JAN,VND,station,2,0.85,Goal,Root/div/station,ADI/VND/JAN,1,No
ADI,GAT,JAN,vendor,3,100.0,Goal,Root/div/station/vendor,ADI/VND/JAN/GAT,1,No
ADI,RMP,GAT,function,4,100.0,Goal,Root/div/station/vendor/function,ADI/VND/JAN/GAT/RMP,1,No
ADI,Blended,RMP,vnd_typ,5,100.0,Goal,Root/div/station/vendor/function/vnd_typ,ADI/VND/JAN/GAT/RMP/Blended,0,Yes
ADI,JAX,VND,station,2,0.35,Goal,Root/div/station,ADI/VND/JAX,2,No
ADI,",null,",JAX,vendor,3,69.67,Goal,Root/div/station/vendor,"ADI/VND/JAX/,null,",1,No
ADI,RMP,",null,",function,4,100.0,Goal,Root/div/station/vendor/function,"ADI/VND/JAX/,null,/RMP",1,No
ADI,Blended,RMP,vnd_typ,5,100.0,Goal,Root/div/station/vendor/function/vnd_typ,"ADI/VND/JAX/,null,/RMP/Blended",0,Yes
ADI,Unifi,JAX,vendor,3,30.33,Goal,Root/div/station/vendor,ADI/VND/JAX/Unifi,1,No
ADI,RMP,Unifi,function,4,100.0,Goal,Root/div/station/vendor/function,ADI/VND/JAX/Unifi/RMP,1,No
ADI,Blended,RMP,vnd_typ,5,100.0,Goal,Root/div/station/vendor/function/vnd_typ,ADI/VND/JAX/Unifi/RMP/Blended,0,Yes
ADI,JFK,VND,station,2,0.25,Goal,Root/div/station,ADI/VND/JFK,3,No
ADI,GAT,JFK,vendor,3,15.46,Goal,Root/div/station/vendor,ADI/VND/JFK/GAT,1,No
ADI,RMP,GAT,function,4,100.0,Goal,Root/div/station/vendor/function,ADI/VND/JFK/GAT/RMP,1,No
ADI,Blended,RMP,vnd_typ,5,100.0,Goal,Root/div/station/vendor/function/vnd_typ,ADI/VND/JFK/GAT/RMP/Blended,0,Yes
ADI,Unifi,JFK,vendor,3,63.22,Goal,Root/div/station/vendor,ADI/VND/JFK/Unifi,2,No
ADI,CBN,Unifi,function,4,42.62,Goal,Root/div/station/vendor/function,ADI/VND/JFK/Unifi/CBN,1,No
ADI,Cabin,CBN,vnd_typ,5,100.0,Goal,Root/div/station/vendor/function/vnd_typ,ADI/VND/JFK/Unifi/CBN/Cabin,0,Yes
ADI,RMP,Unifi,function,4,57.38,Goal,Root/div/station/vendor/function,ADI/VND/JFK/Unifi/RMP,1,No
ADI,Blended,RMP,vnd_typ,5,100.0,Goal,Root/div/station/vendor/function/vnd_typ,ADI/VND/JFK/Unifi/RMP/Blended,0,Yes
ADI,WFS -Worldwide Flight Services,JFK,vendor,3,21.32,Goal,Root/div/station/vendor,ADI/VND/JFK/WFS -Worldwide Flight Services,1,No
ADI,RMP,WFS -Worldwide Flight Services,function,4,100.0,Goal,Root/div/station/vendor/function,ADI/VND/JFK/WFS -Worldwide Flight Services/RMP,1,No
ADI,Blended,RMP,vnd_typ,5,100.0,Goal,Root/div/station/vendor/function/vnd_typ,ADI/VND/JFK/WFS -Worldwide Flight Services/RMP/Blended,0,Yes
ADI,KOA,VND,station,2,0.29,Goal,Root/div/station,ADI/VND/KOA,2,No
ADI,",null,",KOA,vendor,3,22.74,Goal,Root/div/station/vendor,"ADI/VND/KOA/,null,",1,No
ADI,RMP,",null,",function,4,100.0,Goal,Root/div/station/vendor/function,"ADI/VND/KOA/,null,/RMP",1,No
ADI,Blended,RMP,vnd_typ,5,100.0,Goal,Root/div/station/vendor/function/vnd_typ,"ADI/VND/KOA/,null,/RMP/Blended",0,Yes
ADI,Unifi,KOA,vendor,3,77.26,Goal,Root/div/station/vendor,ADI/VND/KOA/Unifi,1,No
ADI,RMP,Unifi,function,4,100.0,Goal,Root/div/station/vendor/function,ADI/VND/KOA/Unifi/RMP,1,No
ADI,Blended,RMP,vnd_typ,5,100.0,Goal,Root/div/station/vendor/function/vnd_typ,ADI/VND/KOA/Unifi/RMP/Blended,0,Yes
ADI,LAS,VND,station,2,0.82,Goal,Root/div/station,ADI/VND/LAS,2,No
ADI,Menzies Aviation,LAS,vendor,3,22.33,Goal,Root/div/station/vendor,ADI/VND/LAS/Menzies Aviation,1,No
ADI,RMP,Menzies Aviation,function,4,100.0,Goal,Root/div/station/vendor/function,ADI/VND/LAS/Menzies Aviation/RMP,1,No
ADI,Blended,RMP,vnd_typ,5,100.0,Goal,Root/div/station/vendor/function/vnd_typ,ADI/VND/LAS/Menzies Aviation/RMP/Blended,0,Yes
ADI,Unifi,LAS,vendor,3,77.67,Goal,Root/div/station/vendor,ADI/VND/LAS/Unifi,2,No
ADI,CBN,Unifi,function,4,75.48,Goal,Root/div/station/vendor/function,ADI/VND/LAS/Unifi/CBN,1,No
ADI,Cabin,CBN,vnd_typ,5,100.0,Goal,Root/div/station/vendor/function/vnd_typ,ADI/VND/LAS/Unifi/CBN/Cabin,0,Yes
ADI,RMP,Unifi,function,4,24.52,Goal,Root/div/station/vendor/function,ADI/VND/LAS/Unifi/RMP,1,No
ADI,Blended,RMP,vnd_typ,5,100.0,Goal,Root/div/station/vendor/function/vnd_typ,ADI/VND/LAS/Unifi/RMP/Blended,0,Yes
ADI,LAX,VND,station,2,0.62,Goal,Root/div/station,ADI/VND/LAX,3,No
ADI,Menzies Aviation,LAX,vendor,3,1.93,Goal,Root/div/station/vendor,ADI/VND/LAX/Menzies Aviation,1,No
ADI,RMP,Menzies Aviation,function,4,100.0,Goal,Root/div/station/vendor/function,ADI/VND/LAX/Menzies Aviation/RMP,1,No
ADI,Blended,RMP,vnd_typ,5,100.0,Goal,Root/div/station/vendor/function/vnd_typ,ADI/VND/LAX/Menzies Aviation/RMP/Blended,0,Yes
ADI,Unifi,LAX,vendor,3,26.66,Goal,Root/div/station/vendor,ADI/VND/LAX/Unifi,2,No
ADI,CBN,Unifi,function,4,47.66,Goal,Root/div/station/vendor/function,ADI/VND/LAX/Unifi/CBN,1,No
ADI,Cabin,CBN,vnd_typ,5,100.0,Goal,Root/div/station/vendor/function/vnd_typ,ADI/VND/LAX/Unifi/CBN/Cabin,0,Yes
ADI,RMP,Unifi,function,4,52.34,Goal,Root/div/station/vendor/function,ADI/VND/LAX/Unifi/RMP,1,No
ADI,Blended,RMP,vnd_typ,5,100.0,Goal,Root/div/station/vendor/function/vnd_typ,ADI/VND/LAX/Unifi/RMP/Blended,0,Yes
ADI,WFS -Worldwide Flight Services,LAX,vendor,3,71.41,Goal,Root/div/station/vendor,ADI/VND/LAX/WFS -Worldwide Flight Services,1,No
ADI,RMP,WFS -Worldwide Flight Services,function,4,100.0,Goal,Root/div/station/vendor/function,ADI/VND/LAX/WFS -Worldwide Flight Services/RMP,1,No
ADI,Blended,RMP,vnd_typ,5,100.0,Goal,Root/div/station/vendor/function/vnd_typ,ADI/VND/LAX/WFS -Worldwide Flight Services/RMP/Blended,0,Yes
ADI,LEX,VND,station,2,0.75,Goal,Root/div/station,ADI/VND/LEX,1,No
ADI,Unifi,LEX,vendor,3,100.0,Goal,Root/div/station/vendor,ADI/VND/LEX/Unifi,1,No
ADI,RMP,Unifi,function,4,100.0,Goal,Root/div/station/vendor/function,ADI/VND/LEX/Unifi/RMP,1,No
ADI,Blended,RMP,vnd_typ,5,100.0,Goal,Root/div/station/vendor/function/vnd_typ,ADI/VND/LEX/Unifi/RMP/Blended,0,Yes
ADI,LGA,VND,station,2,0.44,Goal,Root/div/station,ADI/VND/LGA,5,No
ADI,GAT,LGA,vendor,3,25.93,Goal,Root/div/station/vendor,ADI/VND/LGA/GAT,1,No
ADI,RMP,GAT,function,4,100.0,Goal,Root/div/station/vendor/function,ADI/VND/LGA/GAT/RMP,1,No
ADI,Blended,RMP,vnd_typ,5,100.0,Goal,Root/div/station/vendor/function/vnd_typ,ADI/VND/LGA/GAT/RMP/Blended,0,Yes
ADI,Menzies Aviation,LGA,vendor,3,19.95,Goal,Root/div/station/vendor,ADI/VND/LGA/Menzies Aviation,2,No
ADI,CBN,Menzies Aviation,function,4,55.29,Goal,Root/div/station/vendor/function,ADI/VND/LGA/Menzies Aviation/CBN,1,No
ADI,Cabin,CBN,vnd_typ,5,100.0,Goal,Root/div/station/vendor/function/vnd_typ,ADI/VND/LGA/Menzies Aviation/CBN/Cabin,0,Yes
ADI,RMP,Menzies Aviation,function,4,44.71,Goal,Root/div/station/vendor/function,ADI/VND/LGA/Menzies Aviation/RMP,1,No
ADI,Blended,RMP,vnd_typ,5,100.0,Goal,Root/div/station/vendor/function/vnd_typ,ADI/VND/LGA/Menzies Aviation/RMP/Blended,0,Yes
ADI,Unifi,LGA,vendor,3,14.35,Goal,Root/div/station/vendor,ADI/VND/LGA/Unifi,1,No
ADI,RMP,Unifi,function,4,100.0,Goal,Root/div/station/vendor/function,ADI/VND/LGA/Unifi/RMP,1,No
ADI,Blended,RMP,vnd_typ,5,100.0,Goal,Root/div/station/vendor/function/vnd_typ,ADI/VND/LGA/Unifi/RMP/Blended,0,Yes
ADI,US Aviation,LGA,vendor,3,16.68,Goal,Root/div/station/vendor,ADI/VND/LGA/US Aviation,1,No
ADI,RMP,US Aviation,function,4,100.0,Goal,Root/div/station/vendor/function,ADI/VND/LGA/US Aviation/RMP,1,No
ADI,Blended,RMP,vnd_typ,5,100.0,Goal,Root/div/station/vendor/function/vnd_typ,ADI/VND/LGA/US Aviation/RMP/Blended,0,Yes
ADI,WFS -Worldwide Flight Services,LGA,vendor,3,23.09,Goal,Root/div/station/vendor,ADI/VND/LGA/WFS -Worldwide Flight Services,1,No
ADI,RMP,WFS -Worldwide Flight Services,function,4,100.0,Goal,Root/div/station/vendor/function,ADI/VND/LGA/WFS -Worldwide Flight Services/RMP,1,No
ADI,Blended,RMP,vnd_typ,5,100.0,Goal,Root/div/station/vendor/function/vnd_typ,ADI/VND/LGA/WFS -Worldwide Flight Services/RMP/Blended,0,Yes
ADI,LIH,VND,station,2,0.66,Goal,Root/div/station,ADI/VND/LIH,2,No
ADI,",null,",LIH,vendor,3,32.7,Goal,Root/div/station/vendor,"ADI/VND/LIH/,null,",1,No
ADI,RMP,",null,",function,4,100.0,Goal,Root/div/station/vendor/function,"ADI/VND/LIH/,null,/RMP",1,No
ADI,Blended,RMP,vnd_typ,5,100.0,Goal,Root/div/station/vendor/function/vnd_typ,"ADI/VND/LIH/,null,/RMP/Blended",0,Yes
ADI,Unifi,LIH,vendor,3,67.3,Goal,Root/div/station/vendor,ADI/VND/LIH/Unifi,1,No
ADI,RMP,Unifi,function,4,100.0,Goal,Root/div/station/vendor/function,ADI/VND/LIH/Unifi/RMP,1,No
ADI,Blended,RMP,vnd_typ,5,100.0,Goal,Root/div/station/vendor/function/vnd_typ,ADI/VND/LIH/Unifi/RMP/Blended,0,Yes
ADI,LIT,VND,station,2,0.32,Goal,Root/div/station,ADI/VND/LIT,1,No
ADI,Unifi,LIT,vendor,3,100.0,Goal,Root/div/station/vendor,ADI/VND/LIT/Unifi,1,No
ADI,RMP,Unifi,function,4,100.0,Goal,Root/div/station/vendor/function,ADI/VND/LIT/Unifi/RMP,1,No
ADI,Blended,RMP,vnd_typ,5,100.0,Goal,Root/div/station/vendor/function/vnd_typ,ADI/VND/LIT/Unifi/RMP/Blended,0,Yes
ADI,MCI,VND,station,2,0.03,Goal,Root/div/station,ADI/VND/MCI,1,No
ADI,Unifi,MCI,vendor,3,100.0,Goal,Root/div/station/vendor,ADI/VND/MCI/Unifi,1,No
ADI,CBN,Unifi,function,4,100.0,Goal,Root/div/station/vendor/function,ADI/VND/MCI/Unifi/CBN,1,No
ADI,Cabin,CBN,vnd_typ,5,100.0,Goal,Root/div/station/vendor/function/vnd_typ,ADI/VND/MCI/Unifi/CBN/Cabin,0,Yes
ADI,MCO,VND,station,2,0.51,Goal,Root/div/station,ADI/VND/MCO,2,No
ADI,Eulen,MCO,vendor,3,46.08,Goal,Root/div/station/vendor,ADI/VND/MCO/Eulen,1,No
ADI,CBN,Eulen,function,4,100.0,Goal,Root/div/station/vendor/function,ADI/VND/MCO/Eulen/CBN,1,No
ADI,Cabin,CBN,vnd_typ,5,100.0,Goal,Root/div/station/vendor/function/vnd_typ,ADI/VND/MCO/Eulen/CBN/Cabin,0,Yes
ADI,Unifi,MCO,vendor,3,53.92,Goal,Root/div/station/vendor,ADI/VND/MCO/Unifi,1,No
ADI,RMP,Unifi,function,4,100.0,Goal,Root/div/station/vendor/function,ADI/VND/MCO/Unifi/RMP,1,No
ADI,Blended,RMP,vnd_typ,5,100.0,Goal,Root/div/station/vendor/function/vnd_typ,ADI/VND/MCO/Unifi/RMP/Blended,0,Yes
ADI,MDW,VND,station,2,0.78,Goal,Root/div/station,ADI/VND/MDW,2,No
ADI,Prospect,MDW,vendor,3,42.04,Goal,Root/div/station/vendor,ADI/VND/MDW/Prospect,1,No
ADI,CBN,Prospect,function,4,100.0,Goal,Root/div/station/vendor/function,ADI/VND/MDW/Prospect/CBN,1,No
ADI,Cabin,CBN,vnd_typ,5,100.0,Goal,Root/div/station/vendor/function/vnd_typ,ADI/VND/MDW/Prospect/CBN/Cabin,0,Yes
ADI,Unifi,MDW,vendor,3,57.96,Goal,Root/div/station/vendor,ADI/VND/MDW/Unifi,1,No
ADI,CBN,Unifi,function,4,100.0,Goal,Root/div/station/vendor/function,ADI/VND/MDW/Unifi/CBN,1,No
ADI,Cabin,CBN,vnd_typ,5,100.0,Goal,Root/div/station/vendor/function/vnd_typ,ADI/VND/MDW/Unifi/CBN/Cabin,0,Yes
ADI,MEM,VND,station,2,0.15,Goal,Root/div/station,ADI/VND/MEM,1,No
ADI,Unifi,MEM,vendor,3,100.0,Goal,Root/div/station/vendor,ADI/VND/MEM/Unifi,1,No
ADI,CBN,Unifi,function,4,100.0,Goal,Root/div/station/vendor/function,ADI/VND/MEM/Unifi/CBN,1,No
ADI,Cabin,CBN,vnd_typ,5,100.0,Goal,Root/div/station/vendor/function/vnd_typ,ADI/VND/MEM/Unifi/CBN/Cabin,0,Yes
ADI,MIA,VND,station,2,0.48,Goal,Root/div/station,ADI/VND/MIA,1,No
ADI,Eulen,MIA,vendor,3,100.0,Goal,Root/div/station/vendor,ADI/VND/MIA/Eulen,1,No
ADI,CBN,Eulen,function,4,100.0,Goal,Root/div/station/vendor/function,ADI/VND/MIA/Eulen/CBN,1,No
ADI,Cabin,CBN,vnd_typ,5,100.0,Goal,Root/div/station/vendor/function/vnd_typ,ADI/VND/MIA/Eulen/CBN/Cabin,0,Yes
ADI,MKE,VND,station,2,0.28,Goal,Root/div/station,ADI/VND/MKE,2,No
ADI,Prospect,MKE,vendor,3,38.37,Goal,Root/div/station/vendor,ADI/VND/MKE/Prospect,1,No
ADI,CBN,Prospect,function,4,100.0,Goal,Root/div/station/vendor/function,ADI/VND/MKE/Prospect/CBN,1,No
ADI,Cabin,CBN,vnd_typ,5,100.0,Goal,Root/div/station/vendor/function/vnd_typ,ADI/VND/MKE/Prospect/CBN/Cabin,0,Yes
ADI,Unifi,MKE,vendor,3,61.63,Goal,Root/div/station/vendor,ADI/VND/MKE/Unifi,1,No
ADI,CBN,Unifi,function,4,100.0,Goal,Root/div/station/vendor/function,ADI/VND/MKE/Unifi/CBN,1,No
ADI,Cabin,CBN,vnd_typ,5,100.0,Goal,Root/div/station/vendor/function/vnd_typ,ADI/VND/MKE/Unifi/CBN/Cabin,0,Yes
ADI,MLB,VND,station,2,0.7,Goal,Root/div/station,ADI/VND/MLB,1,No
ADI,CITY OF MELBOURNE,MLB,vendor,3,100.0,Goal,Root/div/station/vendor,ADI/VND/MLB/CITY OF MELBOURNE,1,No
ADI,RMP,CITY OF MELBOURNE,function,4,100.0,Goal,Root/div/station/vendor/function,ADI/VND/MLB/CITY OF MELBOURNE/RMP,1,No
ADI,Blended,RMP,vnd_typ,5,100.0,Goal,Root/div/station/vendor/function/vnd_typ,ADI/VND/MLB/CITY OF MELBOURNE/RMP/Blended,0,Yes
ADI,MOB,VND,station,2,0.15,Goal,Root/div/station,ADI/VND/MOB,1,No
ADI,GAT,MOB,vendor,3,100.0,Goal,Root/div/station/vendor,ADI/VND/MOB/GAT,1,No
ADI,RMP,GAT,function,4,100.0,Goal,Root/div/station/vendor/function,ADI/VND/MOB/GAT/RMP,1,No
ADI,Blended,RMP,vnd_typ,5,100.0,Goal,Root/div/station/vendor/function/vnd_typ,ADI/VND/MOB/GAT/RMP/Blended,0,Yes
ADI,MSN,VND,station,2,0.64,Goal,Root/div/station,ADI/VND/MSN,1,No
ADI,Menzies Aviation,MSN,vendor,3,100.0,Goal,Root/div/station/vendor,ADI/VND/MSN/Menzies Aviation,1,No
ADI,CBN,Menzies Aviation,function,4,100.0,Goal,Root/div/station/vendor/function,ADI/VND/MSN/Menzies Aviation/CBN,1,No
ADI,Cabin,CBN,vnd_typ,5,100.0,Goal,Root/div/station/vendor/function/vnd_typ,ADI/VND/MSN/Menzies Aviation/CBN/Cabin,0,Yes
ADI,MSY,VND,station,2,0.12,Goal,Root/div/station,ADI/VND/MSY,1,No
ADI,GAT,MSY,vendor,3,100.0,Goal,Root/div/station/vendor,ADI/VND/MSY/GAT,1,No
ADI,CBN,GAT,function,4,100.0,Goal,Root/div/station/vendor/function,ADI/VND/MSY/GAT/CBN,1,No
ADI,Cabin,CBN,vnd_typ,5,100.0,Goal,Root/div/station/vendor/function/vnd_typ,ADI/VND/MSY/GAT/CBN/Cabin,0,Yes
ADI,OGG,VND,station,2,0.24,Goal,Root/div/station,ADI/VND/OGG,2,No
ADI,",null,",OGG,vendor,3,27.79,Goal,Root/div/station/vendor,"ADI/VND/OGG/,null,",1,No
ADI,RMP,",null,",function,4,100.0,Goal,Root/div/station/vendor/function,"ADI/VND/OGG/,null,/RMP",1,No
ADI,Blended,RMP,vnd_typ,5,100.0,Goal,Root/div/station/vendor/function/vnd_typ,"ADI/VND/OGG/,null,/RMP/Blended",0,Yes
ADI,Unifi,OGG,vendor,3,72.21,Goal,Root/div/station/vendor,ADI/VND/OGG/Unifi,1,No
ADI,RMP,Unifi,function,4,100.0,Goal,Root/div/station/vendor/function,ADI/VND/OGG/Unifi/RMP,1,No
ADI,Blended,RMP,vnd_typ,5,100.0,Goal,Root/div/station/vendor/function/vnd_typ,ADI/VND/OGG/Unifi/RMP/Blended,0,Yes
ADI,OKC,VND,station,2,0.37,Goal,Root/div/station,ADI/VND/OKC,1,No
ADI,US Aviation,OKC,vendor,3,100.0,Goal,Root/div/station/vendor,ADI/VND/OKC/US Aviation,1,No
ADI,RMP,US Aviation,function,4,100.0,Goal,Root/div/station/vendor/function,ADI/VND/OKC/US Aviation/RMP,1,No
ADI,Blended,RMP,vnd_typ,5,100.0,Goal,Root/div/station/vendor/function/vnd_typ,ADI/VND/OKC/US Aviation/RMP/Blended,0,Yes
ADI,ONT,VND,station,2,0.2,Goal,Root/div/station,ADI/VND/ONT,2,No
ADI,",null,",ONT,vendor,3,65.56,Goal,Root/div/station/vendor,"ADI/VND/ONT/,null,",1,No
ADI,RMP,",null,",function,4,100.0,Goal,Root/div/station/vendor/function,"ADI/VND/ONT/,null,/RMP",1,No
ADI,Blended,RMP,vnd_typ,5,100.0,Goal,Root/div/station/vendor/function/vnd_typ,"ADI/VND/ONT/,null,/RMP/Blended",0,Yes
ADI,US Aviation,ONT,vendor,3,34.44,Goal,Root/div/station/vendor,ADI/VND/ONT/US Aviation,1,No
ADI,RMP,US Aviation,function,4,100.0,Goal,Root/div/station/vendor/function,ADI/VND/ONT/US Aviation/RMP,1,No
ADI,Blended,RMP,vnd_typ,5,100.0,Goal,Root/div/station/vendor/function/vnd_typ,ADI/VND/ONT/US Aviation/RMP/Blended,0,Yes
ADI,ORD,VND,station,2,0.02,Goal,Root/div/station,ADI/VND/ORD,2,No
ADI,Prospect,ORD,vendor,3,72.73,Goal,Root/div/station/vendor,ADI/VND/ORD/Prospect,1,No
ADI,CBN,Prospect,function,4,100.0,Goal,Root/div/station/vendor/function,ADI/VND/ORD/Prospect/CBN,1,No
ADI,Cabin,CBN,vnd_typ,5,100.0,Goal,Root/div/station/vendor/function/vnd_typ,ADI/VND/ORD/Prospect/CBN/Cabin,0,Yes
ADI,Unifi,ORD,vendor,3,27.27,Goal,Root/div/station/vendor,ADI/VND/ORD/Unifi,1,No
ADI,CBN,Unifi,function,4,100.0,Goal,Root/div/station/vendor/function,ADI/VND/ORD/Unifi/CBN,1,No
ADI,Cabin,CBN,vnd_typ,5,100.0,Goal,Root/div/station/vendor/function/vnd_typ,ADI/VND/ORD/Unifi/CBN/Cabin,0,Yes
ADI,ORF,VND,station,2,0.65,Goal,Root/div/station,ADI/VND/ORF,2,No
ADI,",null,",ORF,vendor,3,67.08,Goal,Root/div/station/vendor,"ADI/VND/ORF/,null,",1,No
ADI,RMP,",null,",function,4,100.0,Goal,Root/div/station/vendor/function,"ADI/VND/ORF/,null,/RMP",1,No
ADI,Blended,RMP,vnd_typ,5,100.0,Goal,Root/div/station/vendor/function/vnd_typ,"ADI/VND/ORF/,null,/RMP/Blended",0,Yes
ADI,Unifi,ORF,vendor,3,32.92,Goal,Root/div/station/vendor,ADI/VND/ORF/Unifi,1,No
ADI,RMP,Unifi,function,4,100.0,Goal,Root/div/station/vendor/function,ADI/VND/ORF/Unifi/RMP,1,No
ADI,Blended,RMP,vnd_typ,5,100.0,Goal,Root/div/station/vendor/function/vnd_typ,ADI/VND/ORF/Unifi/RMP/Blended,0,Yes
ADI,PBI,VND,station,2,0.0,Goal,Root/div/station,ADI/VND/PBI,2,No
ADI,",null,",PBI,vendor,3,3.75,Goal,Root/div/station/vendor,"ADI/VND/PBI/,null,",1,No
ADI,RMP,",null,",function,4,100.0,Goal,Root/div/station/vendor/function,"ADI/VND/PBI/,null,/RMP",1,No
ADI,Blended,RMP,vnd_typ,5,100.0,Goal,Root/div/station/vendor/function/vnd_typ,"ADI/VND/PBI/,null,/RMP/Blended",0,Yes
ADI,Unifi,PBI,vendor,3,96.25,Goal,Root/div/station/vendor,ADI/VND/PBI/Unifi,1,No
ADI,RMP,Unifi,function,4,100.0,Goal,Root/div/station/vendor/function,ADI/VND/PBI/Unifi/RMP,1,No
ADI,Blended,RMP,vnd_typ,5,100.0,Goal,Root/div/station/vendor/function/vnd_typ,ADI/VND/PBI/Unifi/RMP/Blended,0,Yes
ADI,PDX,VND,station,2,0.66,Goal,Root/div/station,ADI/VND/PDX,2,No
ADI,Menzies Aviation,PDX,vendor,3,46.61,Goal,Root/div/station/vendor,ADI/VND/PDX/Menzies Aviation,2,No
ADI,CBN,Menzies Aviation,function,4,71.86,Goal,Root/div/station/vendor/function,ADI/VND/PDX/Menzies Aviation/CBN,1,No
ADI,Cabin,CBN,vnd_typ,5,100.0,Goal,Root/div/station/vendor/function/vnd_typ,ADI/VND/PDX/Menzies Aviation/CBN/Cabin,0,Yes
ADI,RMP,Menzies Aviation,function,4,28.14,Goal,Root/div/station/vendor/function,ADI/VND/PDX/Menzies Aviation/RMP,1,No
ADI,Blended,RMP,vnd_typ,5,100.0,Goal,Root/div/station/vendor/function/vnd_typ,ADI/VND/PDX/Menzies Aviation/RMP/Blended,0,Yes
ADI,WFS -Worldwide Flight Services,PDX,vendor,3,53.39,Goal,Root/div/station/vendor,ADI/VND/PDX/WFS -Worldwide Flight Services,1,No
ADI,RMP,WFS -Worldwide Flight Services,function,4,100.0,Goal,Root/div/station/vendor/function,ADI/VND/PDX/WFS -Worldwide Flight Services/RMP,1,No
ADI,Blended,RMP,vnd_typ,5,100.0,Goal,Root/div/station/vendor/function/vnd_typ,ADI/VND/PDX/WFS -Worldwide Flight Services/RMP/Blended,0,Yes
ADI,PHL,VND,station,2,0.71,Goal,Root/div/station,ADI/VND/PHL,2,No
ADI,Unifi,PHL,vendor,3,62.27,Goal,Root/div/station/vendor,ADI/VND/PHL/Unifi,1,No
ADI,CBN,Unifi,function,4,100.0,Goal,Root/div/station/vendor/function,ADI/VND/PHL/Unifi/CBN,1,No
ADI,Cabin,CBN,vnd_typ,5,100.0,Goal,Root/div/station/vendor/function/vnd_typ,ADI/VND/PHL/Unifi/CBN/Cabin,0,Yes
ADI,US Aviation,PHL,vendor,3,37.73,Goal,Root/div/station/vendor,ADI/VND/PHL/US Aviation,1,No
ADI,CBN,US Aviation,function,4,100.0,Goal,Root/div/station/vendor/function,ADI/VND/PHL/US Aviation/CBN,1,No
ADI,Cabin,CBN,vnd_typ,5,100.0,Goal,Root/div/station/vendor/function/vnd_typ,ADI/VND/PHL/US Aviation/CBN/Cabin,0,Yes
ADI,PHX,VND,station,2,0.11,Goal,Root/div/station,ADI/VND/PHX,2,No
ADI,Prospect,PHX,vendor,3,36.28,Goal,Root/div/station/vendor,ADI/VND/PHX/Prospect,1,No
ADI,CBN,Prospect,function,4,100.0,Goal,Root/div/station/vendor/function,ADI/VND/PHX/Prospect/CBN,1,No
ADI,Cabin,CBN,vnd_typ,5,100.0,Goal,Root/div/station/vendor/function/vnd_typ,ADI/VND/PHX/Prospect/CBN/Cabin,0,Yes
ADI,Unifi,PHX,vendor,3,63.72,Goal,Root/div/station/vendor,ADI/VND/PHX/Unifi,1,No
ADI,CBN,Unifi,function,4,100.0,Goal,Root/div/station/vendor/function,ADI/VND/PHX/Unifi/CBN,1,No
ADI,Cabin,CBN,vnd_typ,5,100.0,Goal,Root/div/station/vendor/function/vnd_typ,ADI/VND/PHX/Unifi/CBN/Cabin,0,Yes
ADI,PIT,VND,station,2,0.74,Goal,Root/div/station,ADI/VND/PIT,2,No
ADI,",null,",PIT,vendor,3,51.56,Goal,Root/div/station/vendor,"ADI/VND/PIT/,null,",1,No
ADI,RMP,",null,",function,4,100.0,Goal,Root/div/station/vendor/function,"ADI/VND/PIT/,null,/RMP",1,No
ADI,Blended,RMP,vnd_typ,5,100.0,Goal,Root/div/station/vendor/function/vnd_typ,"ADI/VND/PIT/,null,/RMP/Blended",0,Yes
ADI,Unifi,PIT,vendor,3,48.44,Goal,Root/div/station/vendor,ADI/VND/PIT/Unifi,1,No
ADI,RMP,Unifi,function,4,100.0,Goal,Root/div/station/vendor/function,ADI/VND/PIT/Unifi/RMP,1,No
ADI,Blended,RMP,vnd_typ,5,100.0,Goal,Root/div/station/vendor/function/vnd_typ,ADI/VND/PIT/Unifi/RMP/Blended,0,Yes
ADI,PNS,VND,station,2,0.68,Goal,Root/div/station,ADI/VND/PNS,1,No
ADI,Unifi,PNS,vendor,3,100.0,Goal,Root/div/station/vendor,ADI/VND/PNS/Unifi,1,No
ADI,RMP,Unifi,function,4,100.0,Goal,Root/div/station/vendor/function,ADI/VND/PNS/Unifi/RMP,1,No
ADI,Blended,RMP,vnd_typ,5,100.0,Goal,Root/div/station/vendor/function/vnd_typ,ADI/VND/PNS/Unifi/RMP/Blended,0,Yes
ADI,PVD,VND,station,2,0.51,Goal,Root/div/station,ADI/VND/PVD,2,No
ADI,",null,",PVD,vendor,3,43.0,Goal,Root/div/station/vendor,"ADI/VND/PVD/,null,",1,No
ADI,RMP,",null,",function,4,100.0,Goal,Root/div/station/vendor/function,"ADI/VND/PVD/,null,/RMP",1,No
ADI,Blended,RMP,vnd_typ,5,100.0,Goal,Root/div/station/vendor/function/vnd_typ,"ADI/VND/PVD/,null,/RMP/Blended",0,Yes
ADI,Unifi,PVD,vendor,3,57.0,Goal,Root/div/station/vendor,ADI/VND/PVD/Unifi,1,No
ADI,RMP,Unifi,function,4,100.0,Goal,Root/div/station/vendor/function,ADI/VND/PVD/Unifi/RMP,1,No
ADI,Blended,RMP,vnd_typ,5,100.0,Goal,Root/div/station/vendor/function/vnd_typ,ADI/VND/PVD/Unifi/RMP/Blended,0,Yes
ADI,RDU,VND,station,2,0.71,Goal,Root/div/station,ADI/VND/RDU,1,No
ADI,Unifi,RDU,vendor,3,100.0,Goal,Root/div/station/vendor,ADI/VND/RDU/Unifi,2,No
ADI,CBN,Unifi,function,4,61.63,Goal,Root/div/station/vendor/function,ADI/VND/RDU/Unifi/CBN,1,No
ADI,Cabin,CBN,vnd_typ,5,100.0,Goal,Root/div/station/vendor/function/vnd_typ,ADI/VND/RDU/Unifi/CBN/Cabin,0,Yes
ADI,RMP,Unifi,function,4,38.37,Goal,Root/div/station/vendor/function,ADI/VND/RDU/Unifi/RMP,1,No
ADI,Blended,RMP,vnd_typ,5,100.0,Goal,Root/div/station/vendor/function/vnd_typ,ADI/VND/RDU/Unifi/RMP/Blended,0,Yes
ADI,RIC,VND,station,2,0.36,Goal,Root/div/station,ADI/VND/RIC,2,No
ADI,",null,",RIC,vendor,3,52.96,Goal,Root/div/station/vendor,"ADI/VND/RIC/,null,",1,No
ADI,RMP,",null,",function,4,100.0,Goal,Root/div/station/vendor/function,"ADI/VND/RIC/,null,/RMP",1,No
ADI,Blended,RMP,vnd_typ,5,100.0,Goal,Root/div/station/vendor/function/vnd_typ,"ADI/VND/RIC/,null,/RMP/Blended",0,Yes
ADI,Unifi,RIC,vendor,3,47.04,Goal,Root/div/station/vendor,ADI/VND/RIC/Unifi,1,No
ADI,RMP,Unifi,function,4,100.0,Goal,Root/div/station/vendor/function,ADI/VND/RIC/Unifi/RMP,1,No
ADI,Blended,RMP,vnd_typ,5,100.0,Goal,Root/div/station/vendor/function/vnd_typ,ADI/VND/RIC/Unifi/RMP/Blended,0,Yes
ADI,RSW,VND,station,2,0.26,Goal,Root/div/station,ADI/VND/RSW,1,No
ADI,Menzies Aviation,RSW,vendor,3,100.0,Goal,Root/div/station/vendor,ADI/VND/RSW/Menzies Aviation,1,No
ADI,CBN,Menzies Aviation,function,4,100.0,Goal,Root/div/station/vendor/function,ADI/VND/RSW/Menzies Aviation/CBN,1,No
ADI,Cabin,CBN,vnd_typ,5,100.0,Goal,Root/div/station/vendor/function/vnd_typ,ADI/VND/RSW/Menzies Aviation/CBN/Cabin,0,Yes
ADI,SAN,VND,station,2,0.87,Goal,Root/div/station,ADI/VND/SAN,2,No
ADI,",null,",SAN,vendor,3,36.35,Goal,Root/div/station/vendor,"ADI/VND/SAN/,null,",1,No
ADI,RMP,",null,",function,4,100.0,Goal,Root/div/station/vendor/function,"ADI/VND/SAN/,null,/RMP",1,No
ADI,Blended,RMP,vnd_typ,5,100.0,Goal,Root/div/station/vendor/function/vnd_typ,"ADI/VND/SAN/,null,/RMP/Blended",0,Yes
ADI,Unifi,SAN,vendor,3,63.65,Goal,Root/div/station/vendor,ADI/VND/SAN/Unifi,1,No
ADI,RMP,Unifi,function,4,100.0,Goal,Root/div/station/vendor/function,ADI/VND/SAN/Unifi/RMP,1,No
ADI,Blended,RMP,vnd_typ,5,100.0,Goal,Root/div/station/vendor/function/vnd_typ,ADI/VND/SAN/Unifi/RMP/Blended,0,Yes
ADI,SAT,VND,station,2,0.76,Goal,Root/div/station,ADI/VND/SAT,2,No
ADI,",null,",SAT,vendor,3,78.75,Goal,Root/div/station/vendor,"ADI/VND/SAT/,null,",1,No
ADI,RMP,",null,",function,4,100.0,Goal,Root/div/station/vendor/function,"ADI/VND/SAT/,null,/RMP",1,No
ADI,Blended,RMP,vnd_typ,5,100.0,Goal,Root/div/station/vendor/function/vnd_typ,"ADI/VND/SAT/,null,/RMP/Blended",0,Yes
ADI,Unifi,SAT,vendor,3,21.25,Goal,Root/div/station/vendor,ADI/VND/SAT/Unifi,1,No
ADI,RMP,Unifi,function,4,100.0,Goal,Root/div/station/vendor/function,ADI/VND/SAT/Unifi/RMP,1,No
ADI,Blended,RMP,vnd_typ,5,100.0,Goal,Root/div/station/vendor/function/vnd_typ,ADI/VND/SAT/Unifi/RMP/Blended,0,Yes
ADI,SAV,VND,station,2,0.85,Goal,Root/div/station,ADI/VND/SAV,1,No
ADI,Unifi,SAV,vendor,3,100.0,Goal,Root/div/station/vendor,ADI/VND/SAV/Unifi,1,No
ADI,RMP,Unifi,function,4,100.0,Goal,Root/div/station/vendor/function,ADI/VND/SAV/Unifi/RMP,1,No
ADI,Blended,RMP,vnd_typ,5,100.0,Goal,Root/div/station/vendor/function/vnd_typ,ADI/VND/SAV/Unifi/RMP/Blended,0,Yes
ADI,SDF,VND,station,2,0.3,Goal,Root/div/station,ADI/VND/SDF,2,No
ADI,",null,",SDF,vendor,3,35.16,Goal,Root/div/station/vendor,"ADI/VND/SDF/,null,",1,No
ADI,RMP,",null,",function,4,100.0,Goal,Root/div/station/vendor/function,"ADI/VND/SDF/,null,/RMP",1,No
ADI,Blended,RMP,vnd_typ,5,100.0,Goal,Root/div/station/vendor/function/vnd_typ,"ADI/VND/SDF/,null,/RMP/Blended",0,Yes
ADI,Unifi,SDF,vendor,3,64.84,Goal,Root/div/station/vendor,ADI/VND/SDF/Unifi,1,No
ADI,RMP,Unifi,function,4,100.0,Goal,Root/div/station/vendor/function,ADI/VND/SDF/Unifi/RMP,1,No
ADI,Blended,RMP,vnd_typ,5,100.0,Goal,Root/div/station/vendor/function/vnd_typ,ADI/VND/SDF/Unifi/RMP/Blended,0,Yes
ADI,SEA,VND,station,2,0.68,Goal,Root/div/station,ADI/VND/SEA,4,No
ADI,Menzies Aviation,SEA,vendor,3,1.83,Goal,Root/div/station/vendor,ADI/VND/SEA/Menzies Aviation,1,No
ADI,RMP,Menzies Aviation,function,4,100.0,Goal,Root/div/station/vendor/function,ADI/VND/SEA/Menzies Aviation/RMP,1,No
ADI,Blended,RMP,vnd_typ,5,100.0,Goal,Root/div/station/vendor/function/vnd_typ,ADI/VND/SEA/Menzies Aviation/RMP/Blended,0,Yes
ADI,Unifi,SEA,vendor,3,20.25,Goal,Root/div/station/vendor,ADI/VND/SEA/Unifi,2,No
ADI,CBN,Unifi,function,4,35.82,Goal,Root/div/station/vendor/function,ADI/VND/SEA/Unifi/CBN,1,No
ADI,Cabin,CBN,vnd_typ,5,100.0,Goal,Root/div/station/vendor/function/vnd_typ,ADI/VND/SEA/Unifi/CBN/Cabin,0,Yes
ADI,RMP,Unifi,function,4,64.18,Goal,Root/div/station/vendor/function,ADI/VND/SEA/Unifi/RMP,1,No
ADI,Blended,RMP,vnd_typ,5,100.0,Goal,Root/div/station/vendor/function/vnd_typ,ADI/VND/SEA/Unifi/RMP/Blended,0,Yes
ADI,US Aviation,SEA,vendor,3,57.27,Goal,Root/div/station/vendor,ADI/VND/SEA/US Aviation,1,No
ADI,RMP,US Aviation,function,4,100.0,Goal,Root/div/station/vendor/function,ADI/VND/SEA/US Aviation/RMP,1,No
ADI,Blended,RMP,vnd_typ,5,100.0,Goal,Root/div/station/vendor/function/vnd_typ,ADI/VND/SEA/US Aviation/RMP/Blended,0,Yes
ADI,WFS -Worldwide Flight Services,SEA,vendor,3,20.65,Goal,Root/div/station/vendor,ADI/VND/SEA/WFS -Worldwide Flight Services,1,No
ADI,RMP,WFS -Worldwide Flight Services,function,4,100.0,Goal,Root/div/station/vendor/function,ADI/VND/SEA/WFS -Worldwide Flight Services/RMP,1,No
ADI,Blended,RMP,vnd_typ,5,100.0,Goal,Root/div/station/vendor/function/vnd_typ,ADI/VND/SEA/WFS -Worldwide Flight Services/RMP/Blended,0,Yes
ADI,SFO,VND,station,2,0.01,Goal,Root/div/station,ADI/VND/SFO,1,No
ADI,Menzies Aviation,SFO,vendor,3,100.0,Goal,Root/div/station/vendor,ADI/VND/SFO/Menzies Aviation,1,No
ADI,CBN,Menzies Aviation,function,4,100.0,Goal,Root/div/station/vendor/function,ADI/VND/SFO/Menzies Aviation/CBN,1,No
ADI,Cabin,CBN,vnd_typ,5,100.0,Goal,Root/div/station/vendor/function/vnd_typ,ADI/VND/SFO/Menzies Aviation/CBN/Cabin,0,Yes
ADI,SJC,VND,station,2,0.39,Goal,Root/div/station,ADI/VND/SJC,1,No
ADI,Unifi,SJC,vendor,3,100.0,Goal,Root/div/station/vendor,ADI/VND/SJC/Unifi,1,No
ADI,RMP,Unifi,function,4,100.0,Goal,Root/div/station/vendor/function,ADI/VND/SJC/Unifi/RMP,1,No
ADI,Blended,RMP,vnd_typ,5,100.0,Goal,Root/div/station/vendor/function/vnd_typ,ADI/VND/SJC/Unifi/RMP/Blended,0,Yes
ADI,SLC,VND,station,2,0.71,Goal,Root/div/station,ADI/VND/SLC,4,No
ADI,Menzies Aviation,SLC,vendor,3,10.84,Goal,Root/div/station/vendor,ADI/VND/SLC/Menzies Aviation,1,No
ADI,RMP,Menzies Aviation,function,4,100.0,Goal,Root/div/station/vendor/function,ADI/VND/SLC/Menzies Aviation/RMP,1,No
ADI,Blended,RMP,vnd_typ,5,100.0,Goal,Root/div/station/vendor/function/vnd_typ,ADI/VND/SLC/Menzies Aviation/RMP/Blended,0,Yes
ADI,Unifi,SLC,vendor,3,5.38,Goal,Root/div/station/vendor,ADI/VND/SLC/Unifi,2,No
ADI,CBN,Unifi,function,4,74.6,Goal,Root/div/station/vendor/function,ADI/VND/SLC/Unifi/CBN,1,No
ADI,Cabin,CBN,vnd_typ,5,100.0,Goal,Root/div/station/vendor/function/vnd_typ,ADI/VND/SLC/Unifi/CBN/Cabin,0,Yes
ADI,RMP,Unifi,function,4,25.4,Goal,Root/div/station/vendor/function,ADI/VND/SLC/Unifi/RMP,1,No
ADI,Blended,RMP,vnd_typ,5,100.0,Goal,Root/div/station/vendor/function/vnd_typ,ADI/VND/SLC/Unifi/RMP/Blended,0,Yes
ADI,US Aviation,SLC,vendor,3,8.82,Goal,Root/div/station/vendor,ADI/VND/SLC/US Aviation,1,No
ADI,RMP,US Aviation,function,4,100.0,Goal,Root/div/station/vendor/function,ADI/VND/SLC/US Aviation/RMP,1,No
ADI,Blended,RMP,vnd_typ,5,100.0,Goal,Root/div/station/vendor/function/vnd_typ,ADI/VND/SLC/US Aviation/RMP/Blended,0,Yes
ADI,WFS -Worldwide Flight Services,SLC,vendor,3,74.96,Goal,Root/div/station/vendor,ADI/VND/SLC/WFS -Worldwide Flight Services,1,No
ADI,RMP,WFS -Worldwide Flight Services,function,4,100.0,Goal,Root/div/station/vendor/function,ADI/VND/SLC/WFS -Worldwide Flight Services/RMP,1,No
ADI,Blended,RMP,vnd_typ,5,100.0,Goal,Root/div/station/vendor/function/vnd_typ,ADI/VND/SLC/WFS -Worldwide Flight Services/RMP/Blended,0,Yes
ADI,SMF,VND,station,2,0.22,Goal,Root/div/station,ADI/VND/SMF,3,No
ADI,",null,",SMF,vendor,3,24.64,Goal,Root/div/station/vendor,"ADI/VND/SMF/,null,",1,No
ADI,RMP,",null,",function,4,100.0,Goal,Root/div/station/vendor/function,"ADI/VND/SMF/,null,/RMP",1,No
ADI,Blended,RMP,vnd_typ,5,100.0,Goal,Root/div/station/vendor/function/vnd_typ,"ADI/VND/SMF/,null,/RMP/Blended",0,Yes
ADI,G2,SMF,vendor,3,57.19,Goal,Root/div/station/vendor,ADI/VND/SMF/G2,1,No
ADI,RMP,G2,function,4,100.0,Goal,Root/div/station/vendor/function,ADI/VND/SMF/G2/RMP,1,No
ADI,Blended,RMP,vnd_typ,5,100.0,Goal,Root/div/station/vendor/function/vnd_typ,ADI/VND/SMF/G2/RMP/Blended,0,Yes
ADI,Menzies Aviation,SMF,vendor,3,18.17,Goal,Root/div/station/vendor,ADI/VND/SMF/Menzies Aviation,1,No
ADI,RMP,Menzies Aviation,function,4,100.0,Goal,Root/div/station/vendor/function,ADI/VND/SMF/Menzies Aviation/RMP,1,No
ADI,Blended,RMP,vnd_typ,5,100.0,Goal,Root/div/station/vendor/function/vnd_typ,ADI/VND/SMF/Menzies Aviation/RMP/Blended,0,Yes
ADI,SNA,VND,station,2,0.24,Goal,Root/div/station,ADI/VND/SNA,2,No
ADI,",null,",SNA,vendor,3,90.73,Goal,Root/div/station/vendor,"ADI/VND/SNA/,null,",1,No
ADI,RMP,",null,",function,4,100.0,Goal,Root/div/station/vendor/function,"ADI/VND/SNA/,null,/RMP",1,No
ADI,Blended,RMP,vnd_typ,5,100.0,Goal,Root/div/station/vendor/function/vnd_typ,"ADI/VND/SNA/,null,/RMP/Blended",0,Yes
ADI,Unifi,SNA,vendor,3,9.27,Goal,Root/div/station/vendor,ADI/VND/SNA/Unifi,1,No
ADI,RMP,Unifi,function,4,100.0,Goal,Root/div/station/vendor/function,ADI/VND/SNA/Unifi/RMP,1,No
ADI,Blended,RMP,vnd_typ,5,100.0,Goal,Root/div/station/vendor/function/vnd_typ,ADI/VND/SNA/Unifi/RMP/Blended,0,Yes
ADI,SRQ,VND,station,2,0.32,Goal,Root/div/station,ADI/VND/SRQ,2,No
ADI,",null,",SRQ,vendor,3,45.22,Goal,Root/div/station/vendor,"ADI/VND/SRQ/,null,",1,No
ADI,RMP,",null,",function,4,100.0,Goal,Root/div/station/vendor/function,"ADI/VND/SRQ/,null,/RMP",1,No
ADI,Blended,RMP,vnd_typ,5,100.0,Goal,Root/div/station/vendor/function/vnd_typ,"ADI/VND/SRQ/,null,/RMP/Blended",0,Yes
ADI,GAT,SRQ,vendor,3,54.78,Goal,Root/div/station/vendor,ADI/VND/SRQ/GAT,1,No
ADI,RMP,GAT,function,4,100.0,Goal,Root/div/station/vendor/function,ADI/VND/SRQ/GAT/RMP,1,No
ADI,Blended,RMP,vnd_typ,5,100.0,Goal,Root/div/station/vendor/function/vnd_typ,ADI/VND/SRQ/GAT/RMP/Blended,0,Yes
ADI,STL,VND,station,2,0.73,Goal,Root/div/station,ADI/VND/STL,2,No
ADI,Prospect,STL,vendor,3,88.43,Goal,Root/div/station/vendor,ADI/VND/STL/Prospect,1,No
ADI,CBN,Prospect,function,4,100.0,Goal,Root/div/station/vendor/function,ADI/VND/STL/Prospect/CBN,1,No
ADI,Cabin,CBN,vnd_typ,5,100.0,Goal,Root/div/station/vendor/function/vnd_typ,ADI/VND/STL/Prospect/CBN/Cabin,0,Yes
ADI,Unifi,STL,vendor,3,11.57,Goal,Root/div/station/vendor,ADI/VND/STL/Unifi,1,No
ADI,CBN,Unifi,function,4,100.0,Goal,Root/div/station/vendor/function,ADI/VND/STL/Unifi/CBN,1,No
ADI,Cabin,CBN,vnd_typ,5,100.0,Goal,Root/div/station/vendor/function/vnd_typ,ADI/VND/STL/Unifi/CBN/Cabin,0,Yes
ADI,SYR,VND,station,2,0.66,Goal,Root/div/station,ADI/VND/SYR,2,No
ADI,",null,",SYR,vendor,3,79.78,Goal,Root/div/station/vendor,"ADI/VND/SYR/,null,",1,No
ADI,RMP,",null,",function,4,100.0,Goal,Root/div/station/vendor/function,"ADI/VND/SYR/,null,/RMP",1,No
ADI,Blended,RMP,vnd_typ,5,100.0,Goal,Root/div/station/vendor/function/vnd_typ,"ADI/VND/SYR/,null,/RMP/Blended",0,Yes
ADI,Unifi,SYR,vendor,3,20.22,Goal,Root/div/station/vendor,ADI/VND/SYR/Unifi,1,No
ADI,RMP,Unifi,function,4,100.0,Goal,Root/div/station/vendor/function,ADI/VND/SYR/Unifi/RMP,1,No
ADI,Blended,RMP,vnd_typ,5,100.0,Goal,Root/div/station/vendor/function/vnd_typ,ADI/VND/SYR/Unifi/RMP/Blended,0,Yes
ADI,TLH,VND,station,2,0.03,Goal,Root/div/station,ADI/VND/TLH,1,No
ADI,GAT,TLH,vendor,3,100.0,Goal,Root/div/station/vendor,ADI/VND/TLH/GAT,1,No
ADI,RMP,GAT,function,4,100.0,Goal,Root/div/station/vendor/function,ADI/VND/TLH/GAT/RMP,1,No
ADI,Blended,RMP,vnd_typ,5,100.0,Goal,Root/div/station/vendor/function/vnd_typ,ADI/VND/TLH/GAT/RMP/Blended,0,Yes
ADI,TPA,VND,station,2,0.35,Goal,Root/div/station,ADI/VND/TPA,1,No
ADI,Eulen,TPA,vendor,3,100.0,Goal,Root/div/station/vendor,ADI/VND/TPA/Eulen,1,No
ADI,CBN,Eulen,function,4,100.0,Goal,Root/div/station/vendor/function,ADI/VND/TPA/Eulen/CBN,1,No
ADI,Cabin,CBN,vnd_typ,5,100.0,Goal,Root/div/station/vendor/function/vnd_typ,ADI/VND/TPA/Eulen/CBN/Cabin,0,Yes
ADI,TUS,VND,station,2,0.06,Goal,Root/div/station,ADI/VND/TUS,2,No
ADI,",null,",TUS,vendor,3,93.87,Goal,Root/div/station/vendor,"ADI/VND/TUS/,null,",1,No
ADI,RMP,",null,",function,4,100.0,Goal,Root/div/station/vendor/function,"ADI/VND/TUS/,null,/RMP",1,No
ADI,Blended,RMP,vnd_typ,5,100.0,Goal,Root/div/station/vendor/function/vnd_typ,"ADI/VND/TUS/,null,/RMP/Blended",0,Yes
ADI,Unifi,TUS,vendor,3,6.13,Goal,Root/div/station/vendor,ADI/VND/TUS/Unifi,1,No
ADI,RMP,Unifi,function,4,100.0,Goal,Root/div/station/vendor/function,ADI/VND/TUS/Unifi/RMP,1,No
ADI,Blended,RMP,vnd_typ,5,100.0,Goal,Root/div/station/vendor/function/vnd_typ,ADI/VND/TUS/Unifi/RMP/Blended,0,Yes
ADI,TYS,VND,station,2,0.12,Goal,Root/div/station,ADI/VND/TYS,2,No
ADI,G2,TYS,vendor,3,92.22,Goal,Root/div/station/vendor,ADI/VND/TYS/G2,1,No
ADI,RMP,G2,function,4,100.0,Goal,Root/div/station/vendor/function,ADI/VND/TYS/G2/RMP,1,No
ADI,Blended,RMP,vnd_typ,5,100.0,Goal,Root/div/station/vendor/function/vnd_typ,ADI/VND/TYS/G2/RMP/Blended,0,Yes
ADI,Menzies Aviation,TYS,vendor,3,7.78,Goal,Root/div/station/vendor,ADI/VND/TYS/Menzies Aviation,1,No
ADI,RMP,Menzies Aviation,function,4,100.0,Goal,Root/div/station/vendor/function,ADI/VND/TYS/Menzies Aviation/RMP,1,No
ADI,Blended,RMP,vnd_typ,5,100.0,Goal,Root/div/station/vendor/function/vnd_typ,ADI/VND/TYS/Menzies Aviation/RMP/Blended,0,Yes
ADI,ABE,VND,station,2,0.03,Goal,Root/div/station,ADI/VND/ABE,1,No
ADI,Unifi,ABE,vendor,3,100.0,Goal,Root/div/station/vendor,ADI/VND/ABE/Unifi,1,No
ADI,FS,Unifi,vnd_typ,4,100.0,Goal,Root/div/station/vendor/vnd_typ,ADI/VND/ABE/Unifi/FS,0,Yes
ADI,ABR,VND,station,2,0.55,Goal,Root/div/station,ADI/VND/ABR,1,No
ADI,Unifi,ABR,vendor,3,100.0,Goal,Root/div/station/vendor,ADI/VND/ABR/Unifi,1,No
ADI,FS,Unifi,vnd_typ,4,100.0,Goal,Root/div/station/vendor/vnd_typ,ADI/VND/ABR/Unifi/FS,0,Yes
ADI,ABY,VND,station,2,0.0,Goal,Root/div/station,ADI/VND/ABY,1,No
ADI,Menzies Aviation,ABY,vendor,3,100.0,Goal,Root/div/station/vendor,ADI/VND/ABY/Menzies Aviation,1,No
ADI,FS,Menzies Aviation,vnd_typ,4,100.0,Goal,Root/div/station/vendor/vnd_typ,ADI/VND/ABY/Menzies Aviation/FS,0,Yes
ADI,ACK,VND,station,2,0.49,Goal,Root/div/station,ADI/VND/ACK,1,No
ADI,Unifi,ACK,vendor,3,100.0,Goal,Root/div/station/vendor,ADI/VND/ACK/Unifi,1,No
ADI,FS,Unifi,vnd_typ,4,100.0,Goal,Root/div/station/vendor/vnd_typ,ADI/VND/ACK/Unifi/FS,0,Yes
ADI,AEX,VND,station,2,0.32,Goal,Root/div/station,ADI/VND/AEX,1,No
ADI,Unifi,AEX,vendor,3,100.0,Goal,Root/div/station/vendor,ADI/VND/AEX/Unifi,1,No
ADI,FS,Unifi,vnd_typ,4,100.0,Goal,Root/div/station/vendor/vnd_typ,ADI/VND/AEX/Unifi/FS,0,Yes
ADI,APN,VND,station,2,0.53,Goal,Root/div/station,ADI/VND/APN,1,No
ADI,Unifi,APN,vendor,3,100.0,Goal,Root/div/station/vendor,ADI/VND/APN/Unifi,1,No
ADI,FS,Unifi,vnd_typ,4,100.0,Goal,Root/div/station/vendor/vnd_typ,ADI/VND/APN/Unifi/FS,0,Yes
ADI,ASE,VND,station,2,0.8,Goal,Root/div/station,ADI/VND/ASE,1,No
ADI,SkyWest,ASE,vendor,3,100.0,Goal,Root/div/station/vendor,ADI/VND/ASE/SkyWest,1,No
ADI,FS,SkyWest,vnd_typ,4,100.0,Goal,Root/div/station/vendor/vnd_typ,ADI/VND/ASE/SkyWest/FS,0,Yes
ADI,ATW,VND,station,2,0.59,Goal,Root/div/station,ADI/VND/ATW,1,No
ADI,Unifi,ATW,vendor,3,100.0,Goal,Root/div/station/vendor,ADI/VND/ATW/Unifi,1,No
ADI,FS,Unifi,vnd_typ,4,100.0,Goal,Root/div/station/vendor/vnd_typ,ADI/VND/ATW/Unifi/FS,0,Yes
ADI,AVL,VND,station,2,0.02,Goal,Root/div/station,ADI/VND/AVL,1,No
ADI,Unifi,AVL,vendor,3,100.0,Goal,Root/div/station/vendor,ADI/VND/AVL/Unifi,1,No
ADI,FS,Unifi,vnd_typ,4,100.0,Goal,Root/div/station/vendor/vnd_typ,ADI/VND/AVL/Unifi/FS,0,Yes
ADI,AZO,VND,station,2,0.24,Goal,Root/div/station,ADI/VND/AZO,1,No
ADI,Unifi,AZO,vendor,3,100.0,Goal,Root/div/station/vendor,ADI/VND/AZO/Unifi,1,No
ADI,FS,Unifi,vnd_typ,4,100.0,Goal,Root/div/station/vendor/vnd_typ,ADI/VND/AZO/Unifi/FS,0,Yes
ADI,BGR,VND,station,2,0.12,Goal,Root/div/station,ADI/VND/BGR,1,No
ADI,Unifi,BGR,vendor,3,100.0,Goal,Root/div/station/vendor,ADI/VND/BGR/Unifi,1,No
ADI,FS,Unifi,vnd_typ,4,100.0,Goal,Root/div/station/vendor/vnd_typ,ADI/VND/BGR/Unifi/FS,0,Yes
ADI,BIL,VND,station,2,0.11,Goal,Root/div/station,ADI/VND/BIL,1,No
ADI,Unifi,BIL,vendor,3,100.0,Goal,Root/div/station/vendor,ADI/VND/BIL/Unifi,1,No
ADI,FS,Unifi,vnd_typ,4,100.0,Goal,Root/div/station/vendor/vnd_typ,ADI/VND/BIL/Unifi/FS,0,Yes
ADI,BIS,VND,station,2,0.06,Goal,Root/div/station,ADI/VND/BIS,1,No
ADI,Unifi,BIS,vendor,3,100.0,Goal,Root/div/station/vendor,ADI/VND/BIS/Unifi,1,No
ADI,FS,Unifi,vnd_typ,4,100.0,Goal,Root/div/station/vendor/vnd_typ,ADI/VND/BIS/Unifi/FS,0,Yes
ADI,BJI,VND,station,2,0.11,Goal,Root/div/station,ADI/VND/BJI,1,No
ADI,Unifi,BJI,vendor,3,100.0,Goal,Root/div/station/vendor,ADI/VND/BJI/Unifi,1,No
ADI,FS,Unifi,vnd_typ,4,100.0,Goal,Root/div/station/vendor/vnd_typ,ADI/VND/BJI/Unifi/FS,0,Yes
ADI,BMI,VND,station,2,0.74,Goal,Root/div/station,ADI/VND/BMI,1,No
ADI,Unifi,BMI,vendor,3,100.0,Goal,Root/div/station/vendor,ADI/VND/BMI/Unifi,1,No
ADI,FS,Unifi,vnd_typ,4,100.0,Goal,Root/div/station/vendor/vnd_typ,ADI/VND/BMI/Unifi/FS,0,Yes
ADI,BQK,VND,station,2,0.59,Goal,Root/div/station,ADI/VND/BQK,1,No
ADI,Menzies Aviation,BQK,vendor,3,100.0,Goal,Root/div/station/vendor,ADI/VND/BQK/Menzies Aviation,1,No
ADI,FS,Menzies Aviation,vnd_typ,4,100.0,Goal,Root/div/station/vendor/vnd_typ,ADI/VND/BQK/Menzies Aviation/FS,0,Yes
ADI,BRD,VND,station,2,0.4,Goal,Root/div/station,ADI/VND/BRD,1,No
ADI,Unifi,BRD,vendor,3,100.0,Goal,Root/div/station/vendor,ADI/VND/BRD/Unifi,1,No
ADI,FS,Unifi,vnd_typ,4,100.0,Goal,Root/div/station/vendor/vnd_typ,ADI/VND/BRD/Unifi/FS,0,Yes
ADI,BTM,VND,station,2,0.57,Goal,Root/div/station,ADI/VND/BTM,1,No
ADI,SkyWest,BTM,vendor,3,100.0,Goal,Root/div/station/vendor,ADI/VND/BTM/SkyWest,1,No
ADI,FS,SkyWest,vnd_typ,4,100.0,Goal,Root/div/station/vendor/vnd_typ,ADI/VND/BTM/SkyWest/FS,0,Yes
ADI,BTR,VND,station,2,0.19,Goal,Root/div/station,ADI/VND/BTR,1,No
ADI,Unifi,BTR,vendor,3,100.0,Goal,Root/div/station/vendor,ADI/VND/BTR/Unifi,1,No
ADI,FS,Unifi,vnd_typ,4,100.0,Goal,Root/div/station/vendor/vnd_typ,ADI/VND/BTR/Unifi/FS,0,Yes
ADI,BTV,VND,station,2,0.02,Goal,Root/div/station,ADI/VND/BTV,1,No
ADI,Unifi,BTV,vendor,3,100.0,Goal,Root/div/station/vendor,ADI/VND/BTV/Unifi,1,No
ADI,FS,Unifi,vnd_typ,4,100.0,Goal,Root/div/station/vendor/vnd_typ,ADI/VND/BTV/Unifi/FS,0,Yes
ADI,BUF,VND,station,2,0.47,Goal,Root/div/station,ADI/VND/BUF,1,No
ADI,Unifi,BUF,vendor,3,100.0,Goal,Root/div/station/vendor,ADI/VND/BUF/Unifi,1,No
ADI,FS,Unifi,vnd_typ,4,100.0,Goal,Root/div/station/vendor/vnd_typ,ADI/VND/BUF/Unifi/FS,0,Yes
ADI,BUR,VND,station,2,0.34,Goal,Root/div/station,ADI/VND/BUR,1,No
ADI,GAT,BUR,vendor,3,100.0,Goal,Root/div/station/vendor,ADI/VND/BUR/GAT,1,No
ADI,FS,GAT,vnd_typ,4,100.0,Goal,Root/div/station/vendor/vnd_typ,ADI/VND/BUR/GAT/FS,0,Yes
ADI,CDC,VND,station,2,0.73,Goal,Root/div/station,ADI/VND/CDC,1,No
ADI,SkyWest,CDC,vendor,3,100.0,Goal,Root/div/station/vendor,ADI/VND/CDC/SkyWest,1,No
ADI,FS,SkyWest,vnd_typ,4,100.0,Goal,Root/div/station/vendor/vnd_typ,ADI/VND/CDC/SkyWest/FS,0,Yes
ADI,CHA,VND,station,2,0.22,Goal,Root/div/station,ADI/VND/CHA,1,No
ADI,Unifi,CHA,vendor,3,100.0,Goal,Root/div/station/vendor,ADI/VND/CHA/Unifi,1,No
ADI,FS,Unifi,vnd_typ,4,100.0,Goal,Root/div/station/vendor/vnd_typ,ADI/VND/CHA/Unifi/FS,0,Yes
ADI,CHO,VND,station,2,0.01,Goal,Root/div/station,ADI/VND/CHO,1,No
ADI,Unifi,CHO,vendor,3,100.0,Goal,Root/div/station/vendor,ADI/VND/CHO/Unifi,1,No
ADI,FS,Unifi,vnd_typ,4,100.0,Goal,Root/div/station/vendor/vnd_typ,ADI/VND/CHO/Unifi/FS,0,Yes
ADI,CID,VND,station,2,0.42,Goal,Root/div/station,ADI/VND/CID,1,No
ADI,Unifi,CID,vendor,3,100.0,Goal,Root/div/station/vendor,ADI/VND/CID/Unifi,1,No
ADI,FS,Unifi,vnd_typ,4,100.0,Goal,Root/div/station/vendor/vnd_typ,ADI/VND/CID/Unifi/FS,0,Yes
ADI,CIU,VND,station,2,0.85,Goal,Root/div/station,ADI/VND/CIU,1,No
ADI,Unifi,CIU,vendor,3,100.0,Goal,Root/div/station/vendor,ADI/VND/CIU/Unifi,1,No
ADI,FS,Unifi,vnd_typ,4,100.0,Goal,Root/div/station/vendor/vnd_typ,ADI/VND/CIU/Unifi/FS,0,Yes
ADI,CRW,VND,station,2,0.82,Goal,Root/div/station,ADI/VND/CRW,1,No
ADI,Unifi,CRW,vendor,3,100.0,Goal,Root/div/station/vendor,ADI/VND/CRW/Unifi,1,No
ADI,FS,Unifi,vnd_typ,4,100.0,Goal,Root/div/station/vendor/vnd_typ,ADI/VND/CRW/Unifi/FS,0,Yes
ADI,CSG,VND,station,2,0.44,Goal,Root/div/station,ADI/VND/CSG,1,No
ADI,Unifi,CSG,vendor,3,100.0,Goal,Root/div/station/vendor,ADI/VND/CSG/Unifi,1,No
ADI,FS,Unifi,vnd_typ,4,100.0,Goal,Root/div/station/vendor/vnd_typ,ADI/VND/CSG/Unifi/FS,0,Yes
ADI,CWA,VND,station,2,0.02,Goal,Root/div/station,ADI/VND/CWA,1,No
ADI,Unifi,CWA,vendor,3,100.0,Goal,Root/div/station/vendor,ADI/VND/CWA/Unifi,1,No
ADI,FS,Unifi,vnd_typ,4,100.0,Goal,Root/div/station/vendor/vnd_typ,ADI/VND/CWA/Unifi/FS,0,Yes
ADI,DAL,VND,station,2,0.22,Goal,Root/div/station,ADI/VND/DAL,1,No
ADI,Unifi,DAL,vendor,3,100.0,Goal,Root/div/station/vendor,ADI/VND/DAL/Unifi,1,No
ADI,FS,Unifi,vnd_typ,4,100.0,Goal,Root/div/station/vendor/vnd_typ,ADI/VND/DAL/Unifi/FS,0,Yes
ADI,DHN,VND,station,2,0.66,Goal,Root/div/station,ADI/VND/DHN,1,No
ADI,Menzies Aviation,DHN,vendor,3,100.0,Goal,Root/div/station/vendor,ADI/VND/DHN/Menzies Aviation,1,No
ADI,FS,Menzies Aviation,vnd_typ,4,100.0,Goal,Root/div/station/vendor/vnd_typ,ADI/VND/DHN/Menzies Aviation/FS,0,Yes
ADI,DLH,VND,station,2,0.11,Goal,Root/div/station,ADI/VND/DLH,1,No
ADI,Unifi,DLH,vendor,3,100.0,Goal,Root/div/station/vendor,ADI/VND/DLH/Unifi,1,No
ADI,FS,Unifi,vnd_typ,4,100.0,Goal,Root/div/station/vendor/vnd_typ,ADI/VND/DLH/Unifi/FS,0,Yes
ADI,DSM,VND,station,2,0.12,Goal,Root/div/station,ADI/VND/DSM,1,No
ADI,Unifi,DSM,vendor,3,100.0,Goal,Root/div/station/vendor,ADI/VND/DSM/Unifi,1,No
ADI,FS,Unifi,vnd_typ,4,100.0,Goal,Root/div/station/vendor/vnd_typ,ADI/VND/DSM/Unifi/FS,0,Yes
ADI,ECP,VND,station,2,0.65,Goal,Root/div/station,ADI/VND/ECP,1,No
ADI,Unifi,ECP,vendor,3,100.0,Goal,Root/div/station/vendor,ADI/VND/ECP/Unifi,1,No
ADI,FS,Unifi,vnd_typ,4,100.0,Goal,Root/div/station/vendor/vnd_typ,ADI/VND/ECP/Unifi/FS,0,Yes
ADI,EGE,VND,station,2,0.62,Goal,Root/div/station,ADI/VND/EGE,1,No
ADI,Menzies Aviation,EGE,vendor,3,100.0,Goal,Root/div/station/vendor,ADI/VND/EGE/Menzies Aviation,1,No
ADI,FS,Menzies Aviation,vnd_typ,4,100.0,Goal,Root/div/station/vendor/vnd_typ,ADI/VND/EGE/Menzies Aviation/FS,0,Yes
ADI,EKO,VND,station,2,0.47,Goal,Root/div/station,ADI/VND/EKO,1,No
ADI,SkyWest,EKO,vendor,3,100.0,Goal,Root/div/station/vendor,ADI/VND/EKO/SkyWest,1,No
ADI,FS,SkyWest,vnd_typ,4,100.0,Goal,Root/div/station/vendor/vnd_typ,ADI/VND/EKO/SkyWest/FS,0,Yes
ADI,ELM,VND,station,2,0.61,Goal,Root/div/station,ADI/VND/ELM,1,No
ADI,Unifi,ELM,vendor,3,100.0,Goal,Root/div/station/vendor,ADI/VND/ELM/Unifi,1,No
ADI,FS,Unifi,vnd_typ,4,100.0,Goal,Root/div/station/vendor/vnd_typ,ADI/VND/ELM/Unifi/FS,0,Yes
ADI,ESC,VND,station,2,0.5,Goal,Root/div/station,ADI/VND/ESC,1,No
ADI,Unifi,ESC,vendor,3,100.0,Goal,Root/div/station/vendor,ADI/VND/ESC/Unifi,1,No
ADI,FS,Unifi,vnd_typ,4,100.0,Goal,Root/div/station/vendor/vnd_typ,ADI/VND/ESC/Unifi/FS,0,Yes
ADI,EUG,VND,station,2,0.43,Goal,Root/div/station,ADI/VND/EUG,1,No
ADI,Unifi,EUG,vendor,3,100.0,Goal,Root/div/station/vendor,ADI/VND/EUG/Unifi,1,No
ADI,FS,Unifi,vnd_typ,4,100.0,Goal,Root/div/station/vendor/vnd_typ,ADI/VND/EUG/Unifi/FS,0,Yes
ADI,EVV,VND,station,2,0.06,Goal,Root/div/station,ADI/VND/EVV,1,No
ADI,Unifi,EVV,vendor,3,100.0,Goal,Root/div/station/vendor,ADI/VND/EVV/Unifi,1,No
ADI,FS,Unifi,vnd_typ,4,100.0,Goal,Root/div/station/vendor/vnd_typ,ADI/VND/EVV/Unifi/FS,0,Yes
ADI,EYW,VND,station,2,0.1,Goal,Root/div/station,ADI/VND/EYW,1,No
ADI,Unifi,EYW,vendor,3,100.0,Goal,Root/div/station/vendor,ADI/VND/EYW/Unifi,1,No
ADI,FS,Unifi,vnd_typ,4,100.0,Goal,Root/div/station/vendor/vnd_typ,ADI/VND/EYW/Unifi/FS,0,Yes
ADI,FAI,VND,station,2,0.35,Goal,Root/div/station,ADI/VND/FAI,1,No
ADI,Unifi,FAI,vendor,3,100.0,Goal,Root/div/station/vendor,ADI/VND/FAI/Unifi,1,No
ADI,FS,Unifi,vnd_typ,4,100.0,Goal,Root/div/station/vendor/vnd_typ,ADI/VND/FAI/Unifi/FS,0,Yes
ADI,FAR,VND,station,2,0.82,Goal,Root/div/station,ADI/VND/FAR,1,No
ADI,Unifi,FAR,vendor,3,100.0,Goal,Root/div/station/vendor,ADI/VND/FAR/Unifi,1,No
ADI,FS,Unifi,vnd_typ,4,100.0,Goal,Root/div/station/vendor/vnd_typ,ADI/VND/FAR/Unifi/FS,0,Yes
ADI,FAT,VND,station,2,0.06,Goal,Root/div/station,ADI/VND/FAT,1,No
ADI,Unifi,FAT,vendor,3,100.0,Goal,Root/div/station/vendor,ADI/VND/FAT/Unifi,1,No
ADI,FS,Unifi,vnd_typ,4,100.0,Goal,Root/div/station/vendor/vnd_typ,ADI/VND/FAT/Unifi/FS,0,Yes
ADI,FAY,VND,station,2,0.65,Goal,Root/div/station,ADI/VND/FAY,1,No
ADI,Unifi,FAY,vendor,3,100.0,Goal,Root/div/station/vendor,ADI/VND/FAY/Unifi,1,No
ADI,FS,Unifi,vnd_typ,4,100.0,Goal,Root/div/station/vendor/vnd_typ,ADI/VND/FAY/Unifi/FS,0,Yes
ADI,FCA,VND,station,2,0.26,Goal,Root/div/station,ADI/VND/FCA,1,No
ADI,Unifi,FCA,vendor,3,100.0,Goal,Root/div/station/vendor,ADI/VND/FCA/Unifi,1,No
ADI,FS,Unifi,vnd_typ,4,100.0,Goal,Root/div/station/vendor/vnd_typ,ADI/VND/FCA/Unifi/FS,0,Yes
ADI,FSD,VND,station,2,0.59,Goal,Root/div/station,ADI/VND/FSD,1,No
ADI,Unifi,FSD,vendor,3,100.0,Goal,Root/div/station/vendor,ADI/VND/FSD/Unifi,1,No
ADI,FS,Unifi,vnd_typ,4,100.0,Goal,Root/div/station/vendor/vnd_typ,ADI/VND/FSD/Unifi/FS,0,Yes
ADI,FWA,VND,station,2,0.56,Goal,Root/div/station,ADI/VND/FWA,1,No
ADI,Unifi,FWA,vendor,3,100.0,Goal,Root/div/station/vendor,ADI/VND/FWA/Unifi,1,No
ADI,FS,Unifi,vnd_typ,4,100.0,Goal,Root/div/station/vendor/vnd_typ,ADI/VND/FWA/Unifi/FS,0,Yes
ADI,GEG,VND,station,2,0.46,Goal,Root/div/station,ADI/VND/GEG,1,No
ADI,Unifi,GEG,vendor,3,100.0,Goal,Root/div/station/vendor,ADI/VND/GEG/Unifi,1,No
ADI,FS,Unifi,vnd_typ,4,100.0,Goal,Root/div/station/vendor/vnd_typ,ADI/VND/GEG/Unifi/FS,0,Yes
ADI,GFK,VND,station,2,0.15,Goal,Root/div/station,ADI/VND/GFK,1,No
ADI,Unifi,GFK,vendor,3,100.0,Goal,Root/div/station/vendor,ADI/VND/GFK/Unifi,1,No
ADI,FS,Unifi,vnd_typ,4,100.0,Goal,Root/div/station/vendor/vnd_typ,ADI/VND/GFK/Unifi/FS,0,Yes
ADI,GJT,VND,station,2,0.29,Goal,Root/div/station,ADI/VND/GJT,1,No
ADI,SkyWest,GJT,vendor,3,100.0,Goal,Root/div/station/vendor,ADI/VND/GJT/SkyWest,1,No
ADI,FS,SkyWest,vnd_typ,4,100.0,Goal,Root/div/station/vendor/vnd_typ,ADI/VND/GJT/SkyWest/FS,0,Yes
ADI,GNV,VND,station,2,0.53,Goal,Root/div/station,ADI/VND/GNV,1,No
ADI,Unifi,GNV,vendor,3,100.0,Goal,Root/div/station/vendor,ADI/VND/GNV/Unifi,1,No
ADI,FS,Unifi,vnd_typ,4,100.0,Goal,Root/div/station/vendor/vnd_typ,ADI/VND/GNV/Unifi/FS,0,Yes
ADI,GPT,VND,station,2,0.66,Goal,Root/div/station,ADI/VND/GPT,1,No
ADI,Unifi,GPT,vendor,3,100.0,Goal,Root/div/station/vendor,ADI/VND/GPT/Unifi,1,No
ADI,FS,Unifi,vnd_typ,4,100.0,Goal,Root/div/station/vendor/vnd_typ,ADI/VND/GPT/Unifi/FS,0,Yes
ADI,GTF,VND,station,2,0.43,Goal,Root/div/station,ADI/VND/GTF,1,No
ADI,Unifi,GTF,vendor,3,100.0,Goal,Root/div/station/vendor,ADI/VND/GTF/Unifi,1,No
ADI,FS,Unifi,vnd_typ,4,100.0,Goal,Root/div/station/vendor/vnd_typ,ADI/VND/GTF/Unifi/FS,0,Yes
ADI,GTR,VND,station,2,0.43,Goal,Root/div/station,ADI/VND/GTR,1,No
ADI,Menzies Aviation,GTR,vendor,3,100.0,Goal,Root/div/station/vendor,ADI/VND/GTR/Menzies Aviation,1,No
ADI,FS,Menzies Aviation,vnd_typ,4,100.0,Goal,Root/div/station/vendor/vnd_typ,ADI/VND/GTR/Menzies Aviation/FS,0,Yes
ADI,HDN,VND,station,2,0.52,Goal,Root/div/station,ADI/VND/HDN,1,No
ADI,Menzies Aviation,HDN,vendor,3,100.0,Goal,Root/div/station/vendor,ADI/VND/HDN/Menzies Aviation,1,No
ADI,FS,Menzies Aviation,vnd_typ,4,100.0,Goal,Root/div/station/vendor/vnd_typ,ADI/VND/HDN/Menzies Aviation/FS,0,Yes
ADI,HHH,VND,station,2,0.09,Goal,Root/div/station,ADI/VND/HHH,1,No
ADI,Unifi,HHH,vendor,3,100.0,Goal,Root/div/station/vendor,ADI/VND/HHH/Unifi,1,No
ADI,FS,Unifi,vnd_typ,4,100.0,Goal,Root/div/station/vendor/vnd_typ,ADI/VND/HHH/Unifi/FS,0,Yes
ADI,HIB,VND,station,2,0.31,Goal,Root/div/station,ADI/VND/HIB,1,No
ADI,SkyWest,HIB,vendor,3,100.0,Goal,Root/div/station/vendor,ADI/VND/HIB/SkyWest,1,No
ADI,FS,SkyWest,vnd_typ,4,100.0,Goal,Root/div/station/vendor/vnd_typ,ADI/VND/HIB/SkyWest/FS,0,Yes
ADI,HLN,VND,station,2,0.64,Goal,Root/div/station,ADI/VND/HLN,1,No
ADI,SkyWest,HLN,vendor,3,100.0,Goal,Root/div/station/vendor,ADI/VND/HLN/SkyWest,1,No
ADI,FS,SkyWest,vnd_typ,4,100.0,Goal,Root/div/station/vendor/vnd_typ,ADI/VND/HLN/SkyWest/FS,0,Yes
ADI,HPN,VND,station,2,0.36,Goal,Root/div/station,ADI/VND/HPN,1,No
ADI,WESTCHESTER COUNTY AIRPORT,HPN,vendor,3,100.0,Goal,Root/div/station/vendor,ADI/VND/HPN/WESTCHESTER COUNTY AIRPORT,1,No
ADI,FS,WESTCHESTER COUNTY AIRPORT,vnd_typ,4,100.0,Goal,Root/div/station/vendor/vnd_typ,ADI/VND/HPN/WESTCHESTER COUNTY AIRPORT/FS,0,Yes
ADI,HRL,VND,station,2,0.63,Goal,Root/div/station,ADI/VND/HRL,1,No
ADI,Valley International Airport Ground Handling Services,HRL,vendor,3,100.0,Goal,Root/div/station/vendor,ADI/VND/HRL/Valley International Airport Ground Handling Services,1,No
ADI,FS,Valley International Airport Ground Handling Services,vnd_typ,4,100.0,Goal,Root/div/station/vendor/vnd_typ,ADI/VND/HRL/Valley International Airport Ground Handling Services/FS,0,Yes
ADI,ICT,VND,station,2,0.04,Goal,Root/div/station,ADI/VND/ICT,1,No
ADI,Unifi,ICT,vendor,3,100.0,Goal,Root/div/station/vendor,ADI/VND/ICT/Unifi,1,No
ADI,FS,Unifi,vnd_typ,4,100.0,Goal,Root/div/station/vendor/vnd_typ,ADI/VND/ICT/Unifi/FS,0,Yes
ADI,IDA,VND,station,2,0.08,Goal,Root/div/station,ADI/VND/IDA,1,No
ADI,SkyWest,IDA,vendor,3,100.0,Goal,Root/div/station/vendor,ADI/VND/IDA/SkyWest,1,No
ADI,FS,SkyWest,vnd_typ,4,100.0,Goal,Root/div/station/vendor/vnd_typ,ADI/VND/IDA/SkyWest/FS,0,Yes
ADI,ILM,VND,station,2,0.5,Goal,Root/div/station,ADI/VND/ILM,1,No
ADI,Unifi,ILM,vendor,3,100.0,Goal,Root/div/station/vendor,ADI/VND/ILM/Unifi,1,No
ADI,FS,Unifi,vnd_typ,4,100.0,Goal,Root/div/station/vendor/vnd_typ,ADI/VND/ILM/Unifi/FS,0,Yes
ADI,IMT,VND,station,2,0.2,Goal,Root/div/station,ADI/VND/IMT,1,No
ADI,Unifi,IMT,vendor,3,100.0,Goal,Root/div/station/vendor,ADI/VND/IMT/Unifi,1,No
ADI,FS,Unifi,vnd_typ,4,100.0,Goal,Root/div/station/vendor/vnd_typ,ADI/VND/IMT/Unifi/FS,0,Yes
ADI,INL,VND,station,2,0.0,Goal,Root/div/station,ADI/VND/INL,1,No
ADI,Unifi,INL,vendor,3,100.0,Goal,Root/div/station/vendor,ADI/VND/INL/Unifi,1,No
ADI,FS,Unifi,vnd_typ,4,100.0,Goal,Root/div/station/vendor/vnd_typ,ADI/VND/INL/Unifi/FS,0,Yes
ADI,ITH,VND,station,2,0.76,Goal,Root/div/station,ADI/VND/ITH,1,No
ADI,Unifi,ITH,vendor,3,100.0,Goal,Root/div/station/vendor,ADI/VND/ITH/Unifi,1,No
ADI,FS,Unifi,vnd_typ,4,100.0,Goal,Root/div/station/vendor/vnd_typ,ADI/VND/ITH/Unifi/FS,0,Yes
ADI,JAC,VND,station,2,0.87,Goal,Root/div/station,ADI/VND/JAC,1,No
ADI,Unifi,JAC,vendor,3,100.0,Goal,Root/div/station/vendor,ADI/VND/JAC/Unifi,1,No
ADI,FS,Unifi,vnd_typ,4,100.0,Goal,Root/div/station/vendor/vnd_typ,ADI/VND/JAC/Unifi/FS,0,Yes
ADI,JNU,VND,station,2,0.4,Goal,Root/div/station,ADI/VND/JNU,1,No
ADI,Unifi,JNU,vendor,3,100.0,Goal,Root/div/station/vendor,ADI/VND/JNU/Unifi,1,No
ADI,FS,Unifi,vnd_typ,4,100.0,Goal,Root/div/station/vendor/vnd_typ,ADI/VND/JNU/Unifi/FS,0,Yes
ADI,LAN,VND,station,2,0.66,Goal,Root/div/station,ADI/VND/LAN,1,No
ADI,Unifi,LAN,vendor,3,100.0,Goal,Root/div/station/vendor,ADI/VND/LAN/Unifi,1,No
ADI,FS,Unifi,vnd_typ,4,100.0,Goal,Root/div/station/vendor/vnd_typ,ADI/VND/LAN/Unifi/FS,0,Yes
ADI,LFT,VND,station,2,0.8,Goal,Root/div/station,ADI/VND/LFT,1,No
ADI,Unifi,LFT,vendor,3,100.0,Goal,Root/div/station/vendor,ADI/VND/LFT/Unifi,1,No
ADI,FS,Unifi,vnd_typ,4,100.0,Goal,Root/div/station/vendor/vnd_typ,ADI/VND/LFT/Unifi/FS,0,Yes
ADI,LGB,VND,station,2,0.18,Goal,Root/div/station,ADI/VND/LGB,1,No
ADI,Unifi,LGB,vendor,3,100.0,Goal,Root/div/station/vendor,ADI/VND/LGB/Unifi,1,No
ADI,FS,Unifi,vnd_typ,4,100.0,Goal,Root/div/station/vendor/vnd_typ,ADI/VND/LGB/Unifi/FS,0,Yes
ADI,LWS,VND,station,2,0.52,Goal,Root/div/station,ADI/VND/LWS,1,No
ADI,SkyWest,LWS,vendor,3,100.0,Goal,Root/div/station/vendor,ADI/VND/LWS/SkyWest,1,No
ADI,FS,SkyWest,vnd_typ,4,100.0,Goal,Root/div/station/vendor/vnd_typ,ADI/VND/LWS/SkyWest/FS,0,Yes
ADI,MBS,VND,station,2,0.26,Goal,Root/div/station,ADI/VND/MBS,1,No
ADI,Unifi,MBS,vendor,3,100.0,Goal,Root/div/station/vendor,ADI/VND/MBS/Unifi,1,No
ADI,FS,Unifi,vnd_typ,4,100.0,Goal,Root/div/station/vendor/vnd_typ,ADI/VND/MBS/Unifi/FS,0,Yes
ADI,MDT,VND,station,2,0.14,Goal,Root/div/station,ADI/VND/MDT,1,No
ADI,Unifi,MDT,vendor,3,100.0,Goal,Root/div/station/vendor,ADI/VND/MDT/Unifi,1,No
ADI,FS,Unifi,vnd_typ,4,100.0,Goal,Root/div/station/vendor/vnd_typ,ADI/VND/MDT/Unifi/FS,0,Yes
ADI,MFE,VND,station,2,0.28,Goal,Root/div/station,ADI/VND/MFE,1,No
ADI,PrimeFlight,MFE,vendor,3,100.0,Goal,Root/div/station/vendor,ADI/VND/MFE/PrimeFlight,1,No
ADI,FS,PrimeFlight,vnd_typ,4,100.0,Goal,Root/div/station/vendor/vnd_typ,ADI/VND/MFE/PrimeFlight/FS,0,Yes
ADI,MFR,VND,station,2,0.37,Goal,Root/div/station,ADI/VND/MFR,1,No
ADI,Unifi,MFR,vendor,3,100.0,Goal,Root/div/station/vendor,ADI/VND/MFR/Unifi,1,No
ADI,FS,Unifi,vnd_typ,4,100.0,Goal,Root/div/station/vendor/vnd_typ,ADI/VND/MFR/Unifi/FS,0,Yes
ADI,MGM,VND,station,2,0.29,Goal,Root/div/station,ADI/VND/MGM,1,No
ADI,Unifi,MGM,vendor,3,100.0,Goal,Root/div/station/vendor,ADI/VND/MGM/Unifi,1,No
ADI,FS,Unifi,vnd_typ,4,100.0,Goal,Root/div/station/vendor/vnd_typ,ADI/VND/MGM/Unifi/FS,0,Yes
ADI,MLI,VND,station,2,0.25,Goal,Root/div/station,ADI/VND/MLI,1,No
ADI,Unifi,MLI,vendor,3,100.0,Goal,Root/div/station/vendor,ADI/VND/MLI/Unifi,1,No
ADI,FS,Unifi,vnd_typ,4,100.0,Goal,Root/div/station/vendor/vnd_typ,ADI/VND/MLI/Unifi/FS,0,Yes
ADI,MLU,VND,station,2,0.69,Goal,Root/div/station,ADI/VND/MLU,1,No
ADI,Unifi,MLU,vendor,3,100.0,Goal,Root/div/station/vendor,ADI/VND/MLU/Unifi,1,No
ADI,FS,Unifi,vnd_typ,4,100.0,Goal,Root/div/station/vendor/vnd_typ,ADI/VND/MLU/Unifi/FS,0,Yes
ADI,MOT,VND,station,2,0.57,Goal,Root/div/station,ADI/VND/MOT,1,No
ADI,Unifi,MOT,vendor,3,100.0,Goal,Root/div/station/vendor,ADI/VND/MOT/Unifi,1,No
ADI,FS,Unifi,vnd_typ,4,100.0,Goal,Root/div/station/vendor/vnd_typ,ADI/VND/MOT/Unifi/FS,0,Yes
ADI,MQT,VND,station,2,0.88,Goal,Root/div/station,ADI/VND/MQT,1,No
ADI,SkyWest,MQT,vendor,3,100.0,Goal,Root/div/station/vendor,ADI/VND/MQT/SkyWest,1,No
ADI,FS,SkyWest,vnd_typ,4,100.0,Goal,Root/div/station/vendor/vnd_typ,ADI/VND/MQT/SkyWest/FS,0,Yes
ADI,MSO,VND,station,2,0.66,Goal,Root/div/station,ADI/VND/MSO,1,No
ADI,Unifi,MSO,vendor,3,100.0,Goal,Root/div/station/vendor,ADI/VND/MSO/Unifi,1,No
ADI,FS,Unifi,vnd_typ,4,100.0,Goal,Root/div/station/vendor/vnd_typ,ADI/VND/MSO/Unifi/FS,0,Yes
ADI,MTJ,VND,station,2,0.25,Goal,Root/div/station,ADI/VND/MTJ,1,No
ADI,Menzies Aviation,MTJ,vendor,3,100.0,Goal,Root/div/station/vendor,ADI/VND/MTJ/Menzies Aviation,1,No
ADI,FS,Menzies Aviation,vnd_typ,4,100.0,Goal,Root/div/station/vendor/vnd_typ,ADI/VND/MTJ/Menzies Aviation/FS,0,Yes
ADI,MVY,VND,station,2,0.53,Goal,Root/div/station,ADI/VND/MVY,1,No
ADI,Unifi,MVY,vendor,3,100.0,Goal,Root/div/station/vendor,ADI/VND/MVY/Unifi,1,No
ADI,FS,Unifi,vnd_typ,4,100.0,Goal,Root/div/station/vendor/vnd_typ,ADI/VND/MVY/Unifi/FS,0,Yes
ADI,MYR,VND,station,2,0.7,Goal,Root/div/station,ADI/VND/MYR,1,No
ADI,Unifi,MYR,vendor,3,100.0,Goal,Root/div/station/vendor,ADI/VND/MYR/Unifi,1,No
ADI,FS,Unifi,vnd_typ,4,100.0,Goal,Root/div/station/vendor/vnd_typ,ADI/VND/MYR/Unifi/FS,0,Yes
ADI,OAJ,VND,station,2,0.13,Goal,Root/div/station,ADI/VND/OAJ,1,No
ADI,Unifi,OAJ,vendor,3,100.0,Goal,Root/div/station/vendor,ADI/VND/OAJ/Unifi,1,No
ADI,FS,Unifi,vnd_typ,4,100.0,Goal,Root/div/station/vendor/vnd_typ,ADI/VND/OAJ/Unifi/FS,0,Yes
ADI,OAK,VND,station,2,0.36,Goal,Root/div/station,ADI/VND/OAK,1,No
ADI,Unifi,OAK,vendor,3,100.0,Goal,Root/div/station/vendor,ADI/VND/OAK/Unifi,1,No
ADI,FS,Unifi,vnd_typ,4,100.0,Goal,Root/div/station/vendor/vnd_typ,ADI/VND/OAK/Unifi/FS,0,Yes
ADI,OMA,VND,station,2,0.36,Goal,Root/div/station,ADI/VND/OMA,1,No
ADI,Unifi,OMA,vendor,3,100.0,Goal,Root/div/station/vendor,ADI/VND/OMA/Unifi,1,No
ADI,FS,Unifi,vnd_typ,4,100.0,Goal,Root/div/station/vendor/vnd_typ,ADI/VND/OMA/Unifi/FS,0,Yes
ADI,ORH,VND,station,2,0.35,Goal,Root/div/station,ADI/VND/ORH,1,No
ADI,Menzies Aviation,ORH,vendor,3,100.0,Goal,Root/div/station/vendor,ADI/VND/ORH/Menzies Aviation,1,No
ADI,FS,Menzies Aviation,vnd_typ,4,100.0,Goal,Root/div/station/vendor/vnd_typ,ADI/VND/ORH/Menzies Aviation/FS,0,Yes
ADI,PIH,VND,station,2,0.55,Goal,Root/div/station,ADI/VND/PIH,1,No
ADI,SkyWest,PIH,vendor,3,100.0,Goal,Root/div/station/vendor,ADI/VND/PIH/SkyWest,1,No
ADI,FS,SkyWest,vnd_typ,4,100.0,Goal,Root/div/station/vendor/vnd_typ,ADI/VND/PIH/SkyWest/FS,0,Yes
ADI,PLN,VND,station,2,0.82,Goal,Root/div/station,ADI/VND/PLN,1,No
ADI,Unifi,PLN,vendor,3,100.0,Goal,Root/div/station/vendor,ADI/VND/PLN/Unifi,1,No
ADI,FS,Unifi,vnd_typ,4,100.0,Goal,Root/div/station/vendor/vnd_typ,ADI/VND/PLN/Unifi/FS,0,Yes
ADI,PSC,VND,station,2,0.73,Goal,Root/div/station,ADI/VND/PSC,1,No
ADI,Menzies Aviation,PSC,vendor,3,100.0,Goal,Root/div/station/vendor,ADI/VND/PSC/Menzies Aviation,1,No
ADI,FS,Menzies Aviation,vnd_typ,4,100.0,Goal,Root/div/station/vendor/vnd_typ,ADI/VND/PSC/Menzies Aviation/FS,0,Yes
ADI,PSP,VND,station,2,0.38,Goal,Root/div/station,ADI/VND/PSP,1,No
ADI,Unifi,PSP,vendor,3,100.0,Goal,Root/div/station/vendor,ADI/VND/PSP/Unifi,1,No
ADI,FS,Unifi,vnd_typ,4,100.0,Goal,Root/div/station/vendor/vnd_typ,ADI/VND/PSP/Unifi/FS,0,Yes
ADI,PWM,VND,station,2,0.33,Goal,Root/div/station,ADI/VND/PWM,1,No
ADI,Unifi,PWM,vendor,3,100.0,Goal,Root/div/station/vendor,ADI/VND/PWM/Unifi,1,No
ADI,FS,Unifi,vnd_typ,4,100.0,Goal,Root/div/station/vendor/vnd_typ,ADI/VND/PWM/Unifi/FS,0,Yes
ADI,RAP,VND,station,2,0.19,Goal,Root/div/station,ADI/VND/RAP,1,No
ADI,Unifi,RAP,vendor,3,100.0,Goal,Root/div/station/vendor,ADI/VND/RAP/Unifi,1,No
ADI,FS,Unifi,vnd_typ,4,100.0,Goal,Root/div/station/vendor/vnd_typ,ADI/VND/RAP/Unifi/FS,0,Yes
ADI,RDM,VND,station,2,0.02,Goal,Root/div/station,ADI/VND/RDM,1,No
ADI,Unifi,RDM,vendor,3,100.0,Goal,Root/div/station/vendor,ADI/VND/RDM/Unifi,1,No
ADI,FS,Unifi,vnd_typ,4,100.0,Goal,Root/div/station/vendor/vnd_typ,ADI/VND/RDM/Unifi/FS,0,Yes
ADI,RHI,VND,station,2,0.39,Goal,Root/div/station,ADI/VND/RHI,1,No
ADI,Unifi,RHI,vendor,3,100.0,Goal,Root/div/station/vendor,ADI/VND/RHI/Unifi,1,No
ADI,FS,Unifi,vnd_typ,4,100.0,Goal,Root/div/station/vendor/vnd_typ,ADI/VND/RHI/Unifi/FS,0,Yes
ADI,RNO,VND,station,2,0.15,Goal,Root/div/station,ADI/VND/RNO,1,No
ADI,Unifi,RNO,vendor,3,100.0,Goal,Root/div/station/vendor,ADI/VND/RNO/Unifi,1,No
ADI,FS,Unifi,vnd_typ,4,100.0,Goal,Root/div/station/vendor/vnd_typ,ADI/VND/RNO/Unifi/FS,0,Yes
ADI,ROA,VND,station,2,0.26,Goal,Root/div/station,ADI/VND/ROA,1,No
ADI,Unifi,ROA,vendor,3,100.0,Goal,Root/div/station/vendor,ADI/VND/ROA/Unifi,1,No
ADI,FS,Unifi,vnd_typ,4,100.0,Goal,Root/div/station/vendor/vnd_typ,ADI/VND/ROA/Unifi/FS,0,Yes
ADI,ROC,VND,station,2,0.53,Goal,Root/div/station,ADI/VND/ROC,1,No
ADI,Unifi,ROC,vendor,3,100.0,Goal,Root/div/station/vendor,ADI/VND/ROC/Unifi,1,No
ADI,FS,Unifi,vnd_typ,4,100.0,Goal,Root/div/station/vendor/vnd_typ,ADI/VND/ROC/Unifi/FS,0,Yes
ADI,RST,VND,station,2,0.87,Goal,Root/div/station,ADI/VND/RST,1,No
ADI,Unifi,RST,vendor,3,100.0,Goal,Root/div/station/vendor,ADI/VND/RST/Unifi,1,No
ADI,FS,Unifi,vnd_typ,4,100.0,Goal,Root/div/station/vendor/vnd_typ,ADI/VND/RST/Unifi/FS,0,Yes
ADI,SBA,VND,station,2,0.37,Goal,Root/div/station,ADI/VND/SBA,1,No
ADI,Unifi,SBA,vendor,3,100.0,Goal,Root/div/station/vendor,ADI/VND/SBA/Unifi,1,No
ADI,FS,Unifi,vnd_typ,4,100.0,Goal,Root/div/station/vendor/vnd_typ,ADI/VND/SBA/Unifi/FS,0,Yes
ADI,SBN,VND,station,2,0.35,Goal,Root/div/station,ADI/VND/SBN,1,No
ADI,Unifi,SBN,vendor,3,100.0,Goal,Root/div/station/vendor,ADI/VND/SBN/Unifi,1,No
ADI,FS,Unifi,vnd_typ,4,100.0,Goal,Root/div/station/vendor/vnd_typ,ADI/VND/SBN/Unifi/FS,0,Yes
ADI,SGF,VND,station,2,0.63,Goal,Root/div/station,ADI/VND/SGF,1,No
ADI,Unifi,SGF,vendor,3,100.0,Goal,Root/div/station/vendor,ADI/VND/SGF/Unifi,1,No
ADI,FS,Unifi,vnd_typ,4,100.0,Goal,Root/div/station/vendor/vnd_typ,ADI/VND/SGF/Unifi/FS,0,Yes
ADI,SGU,VND,station,2,0.53,Goal,Root/div/station,ADI/VND/SGU,1,No
ADI,SkyWest,SGU,vendor,3,100.0,Goal,Root/div/station/vendor,ADI/VND/SGU/SkyWest,1,No
ADI,FS,SkyWest,vnd_typ,4,100.0,Goal,Root/div/station/vendor/vnd_typ,ADI/VND/SGU/SkyWest/FS,0,Yes
ADI,SHV,VND,station,2,0.59,Goal,Root/div/station,ADI/VND/SHV,1,No
ADI,Unifi,SHV,vendor,3,100.0,Goal,Root/div/station/vendor,ADI/VND/SHV/Unifi,1,No
ADI,FS,Unifi,vnd_typ,4,100.0,Goal,Root/div/station/vendor/vnd_typ,ADI/VND/SHV/Unifi/FS,0,Yes
ADI,SUN,VND,station,2,0.09,Goal,Root/div/station,ADI/VND/SUN,1,No
ADI,SkyWest,SUN,vendor,3,100.0,Goal,Root/div/station/vendor,ADI/VND/SUN/SkyWest,1,No
ADI,FS,SkyWest,vnd_typ,4,100.0,Goal,Root/div/station/vendor/vnd_typ,ADI/VND/SUN/SkyWest/FS,0,Yes
ADI,TRI,VND,station,2,0.13,Goal,Root/div/station,ADI/VND/TRI,1,No
ADI,Unifi,TRI,vendor,3,100.0,Goal,Root/div/station/vendor,ADI/VND/TRI/Unifi,1,No
ADI,FS,Unifi,vnd_typ,4,100.0,Goal,Root/div/station/vendor/vnd_typ,ADI/VND/TRI/Unifi/FS,0,Yes
ADI,TUL,VND,station,2,0.87,Goal,Root/div/station,ADI/VND/TUL,1,No
ADI,Unifi,TUL,vendor,3,100.0,Goal,Root/div/station/vendor,ADI/VND/TUL/Unifi,1,No
ADI,FS,Unifi,vnd_typ,4,100.0,Goal,Root/div/station/vendor/vnd_typ,ADI/VND/TUL/Unifi/FS,0,Yes
ADI,TVC,VND,station,2,0.81,Goal,Root/div/station,ADI/VND/TVC,1,No
ADI,Unifi,TVC,vendor,3,100.0,Goal,Root/div/station/vendor,ADI/VND/TVC/Unifi,1,No
ADI,FS,Unifi,vnd_typ,4,100.0,Goal,Root/div/station/vendor/vnd_typ,ADI/VND/TVC/Unifi/FS,0,Yes
ADI,TWF,VND,station,2,0.19,Goal,Root/div/station,ADI/VND/TWF,1,No
ADI,SkyWest,TWF,vendor,3,100.0,Goal,Root/div/station/vendor,ADI/VND/TWF/SkyWest,1,No
ADI,FS,SkyWest,vnd_typ,4,100.0,Goal,Root/div/station/vendor/vnd_typ,ADI/VND/TWF/SkyWest/FS,0,Yes
ADI,VLD,VND,station,2,0.54,Goal,Root/div/station,ADI/VND/VLD,1,No
ADI,Menzies Aviation,VLD,vendor,3,100.0,Goal,Root/div/station/vendor,ADI/VND/VLD/Menzies Aviation,1,No
ADI,FS,Menzies Aviation,vnd_typ,4,100.0,Goal,Root/div/station/vendor/vnd_typ,ADI/VND/VLD/Menzies Aviation/FS,0,Yes
ADI,VPS,VND,station,2,0.81,Goal,Root/div/station,ADI/VND/VPS,1,No
ADI,Unifi,VPS,vendor,3,100.0,Goal,Root/div/station/vendor,ADI/VND/VPS/Unifi,1,No
ADI,FS,Unifi,vnd_typ,4,100.0,Goal,Root/div/station/vendor/vnd_typ,ADI/VND/VPS/Unifi/FS,0,Yes
ADI,WYS,VND,station,2,0.8,Goal,Root/div/station,ADI/VND/WYS,1,No
ADI,SkyWest,WYS,vendor,3,100.0,Goal,Root/div/station/vendor,ADI/VND/WYS/SkyWest,1,No
ADI,FS,SkyWest,vnd_typ,4,100.0,Goal,Root/div/station/vendor/vnd_typ,ADI/VND/WYS/SkyWest/FS,0,Yes
ADI,XNA,VND,station,2,0.69,Goal,Root/div/station,ADI/VND/XNA,1,No
ADI,Unifi,XNA,vendor,3,100.0,Goal,Root/div/station/vendor,ADI/VND/XNA/Unifi,1,No
ADI,FS,Unifi,vnd_typ,4,100.0,Goal,Root/div/station/vendor/vnd_typ,ADI/VND/XNA/Unifi/FS,0,Yes
ADI,XWA,VND,station,2,0.74,Goal,Root/div/station,ADI/VND/XWA,1,No
ADI,SkyWest,XWA,vendor,3,100.0,Goal,Root/div/station/vendor,ADI/VND/XWA/SkyWest,1,No
ADI,FS,SkyWest,vnd_typ,4,100.0,Goal,Root/div/station/vendor/vnd_typ,ADI/VND/XWA/SkyWest/FS,0,Yes
ADI,",null,",VND,vendor,2,0.68,Goal,Root/div/vendor,"ADI/VND/,null,",1,No
ADI,RMP,",null,",function,3,100.0,Goal,Root/div/vendor/function,"ADI/VND/,null,/RMP",1,No
ADI,Blended,RMP,vnd_typ,4,100.0,Goal,Root/div/vendor/function/vnd_typ,"ADI/VND/,null,/RMP/Blended",0,Yes
ADI,CITY OF MELBOURNE,VND,vendor,2,0.58,Goal,Root/div/vendor,ADI/VND/CITY OF MELBOURNE,1,No
ADI,RMP,CITY OF MELBOURNE,function,3,100.0,Goal,Root/div/vendor/function,ADI/VND/CITY OF MELBOURNE/RMP,1,No
ADI,Blended,RMP,vnd_typ,4,100.0,Goal,Root/div/vendor/function/vnd_typ,ADI/VND/CITY OF MELBOURNE/RMP/Blended,0,Yes
ADI,Eulen,VND,vendor,2,0.26,Goal,Root/div/vendor,ADI/VND/Eulen,1,No
ADI,CBN,Eulen,function,3,100.0,Goal,Root/div/vendor/function,ADI/VND/Eulen/CBN,1,No
ADI,Cabin,CBN,vnd_typ,4,100.0,Goal,Root/div/vendor/function/vnd_typ,ADI/VND/Eulen/CBN/Cabin,0,Yes
ADI,G2,VND,vendor,2,0.51,Goal,Root/div/vendor,ADI/VND/G2,2,No
ADI,CBN,G2,function,3,81.13,Goal,Root/div/vendor/function,ADI/VND/G2/CBN,1,No
ADI,Cabin,CBN,vnd_typ,4,100.0,Goal,Root/div/vendor/function/vnd_typ,ADI/VND/G2/CBN/Cabin,0,Yes
ADI,RMP,G2,function,3,18.87,Goal,Root/div/vendor/function,ADI/VND/G2/RMP,1,No
ADI,Blended,RMP,vnd_typ,4,100.0,Goal,Root/div/vendor/function/vnd_typ,ADI/VND/G2/RMP/Blended,0,Yes
ADI,GAT,VND,vendor,2,0.45,Goal,Root/div/vendor,ADI/VND/GAT,2,No
ADI,CBN,GAT,function,3,56.68,Goal,Root/div/vendor/function,ADI/VND/GAT/CBN,1,No
ADI,Cabin,CBN,vnd_typ,4,100.0,Goal,Root/div/vendor/function/vnd_typ,ADI/VND/GAT/CBN/Cabin,0,Yes
ADI,RMP,GAT,function,3,43.32,Goal,Root/div/vendor/function,ADI/VND/GAT/RMP,1,No
ADI,Blended,RMP,vnd_typ,4,100.0,Goal,Root/div/vendor/function/vnd_typ,ADI/VND/GAT/RMP/Blended,0,Yes
ADI,HHS Aviation,VND,vendor,2,0.79,Goal,Root/div/vendor,ADI/VND/HHS Aviation,1,No
ADI,CBN,HHS Aviation,function,3,100.0,Goal,Root/div/vendor/function,ADI/VND/HHS Aviation/CBN,1,No
ADI,Cabin,CBN,vnd_typ,4,100.0,Goal,Root/div/vendor/function/vnd_typ,ADI/VND/HHS Aviation/CBN/Cabin,0,Yes
ADI,HHS,VND,vendor,2,0.22,Goal,Root/div/vendor,ADI/VND/HHS,1,No
ADI,CBN,HHS,function,3,100.0,Goal,Root/div/vendor/function,ADI/VND/HHS/CBN,1,No
ADI,Cabin,CBN,vnd_typ,4,100.0,Goal,Root/div/vendor/function/vnd_typ,ADI/VND/HHS/CBN/Cabin,0,Yes
ADI,Jet Air,VND,vendor,2,0.32,Goal,Root/div/vendor,ADI/VND/Jet Air,1,No
ADI,CBN,Jet Air,function,3,100.0,Goal,Root/div/vendor/function,ADI/VND/Jet Air/CBN,1,No
ADI,Cabin,CBN,vnd_typ,4,100.0,Goal,Root/div/vendor/function/vnd_typ,ADI/VND/Jet Air/CBN/Cabin,0,Yes
ADI,Menzies Aviation,VND,vendor,2,0.71,Goal,Root/div/vendor,ADI/VND/Menzies Aviation,2,No
ADI,CBN,Menzies Aviation,function,3,66.03,Goal,Root/div/vendor/function,ADI/VND/Menzies Aviation/CBN,1,No
ADI,Cabin,CBN,vnd_typ,4,100.0,Goal,Root/div/vendor/function/vnd_typ,ADI/VND/Menzies Aviation/CBN/Cabin,0,Yes
ADI,RMP,Menzies Aviation,function,3,33.97,Goal,Root/div/vendor/function,ADI/VND/Menzies Aviation/RMP,1,No
ADI,Blended,RMP,vnd_typ,4,100.0,Goal,Root/div/vendor/function/vnd_typ,ADI/VND/Menzies Aviation/RMP/Blended,0,Yes
ADI,Pegasus,VND,vendor,2,0.86,Goal,Root/div/vendor,ADI/VND/Pegasus,1,No
ADI,CBN,Pegasus,function,3,100.0,Goal,Root/div/vendor/function,ADI/VND/Pegasus/CBN,1,No
ADI,Cabin,CBN,vnd_typ,4,100.0,Goal,Root/div/vendor/function/vnd_typ,ADI/VND/Pegasus/CBN/Cabin,0,Yes
ADI,Prospect,VND,vendor,2,0.85,Goal,Root/div/vendor,ADI/VND/Prospect,1,No
ADI,CBN,Prospect,function,3,100.0,Goal,Root/div/vendor/function,ADI/VND/Prospect/CBN,1,No
ADI,Cabin,CBN,vnd_typ,4,100.0,Goal,Root/div/vendor/function/vnd_typ,ADI/VND/Prospect/CBN/Cabin,0,Yes
ADI,Unifi,VND,vendor,2,0.66,Goal,Root/div/vendor,ADI/VND/Unifi,2,No
ADI,CBN,Unifi,function,3,51.63,Goal,Root/div/vendor/function,ADI/VND/Unifi/CBN,1,No
ADI,Cabin,CBN,vnd_typ,4,100.0,Goal,Root/div/vendor/function/vnd_typ,ADI/VND/Unifi/CBN/Cabin,0,Yes
ADI,RMP,Unifi,function,3,48.37,Goal,Root/div/vendor/function,ADI/VND/Unifi/RMP,1,No
ADI,Blended,RMP,vnd_typ,4,100.0,Goal,Root/div/vendor/function/vnd_typ,ADI/VND/Unifi/RMP/Blended,0,Yes
ADI,US Aviation,VND,vendor,2,0.21,Goal,Root/div/vendor,ADI/VND/US Aviation,2,No
ADI,CBN,US Aviation,function,3,52.44,Goal,Root/div/vendor/function,ADI/VND/US Aviation/CBN,1,No
ADI,Cabin,CBN,vnd_typ,4,100.0,Goal,Root/div/vendor/function/vnd_typ,ADI/VND/US Aviation/CBN/Cabin,0,Yes
ADI,RMP,US Aviation,function,3,47.56,Goal,Root/div/vendor/function,ADI/VND/US Aviation/RMP,1,No
ADI,Blended,RMP,vnd_typ,4,100.0,Goal,Root/div/vendor/function/vnd_typ,ADI/VND/US Aviation/RMP/Blended,0,Yes
ADI,WFS -Worldwide Flight Services,VND,vendor,2,0.87,Goal,Root/div/vendor,ADI/VND/WFS -Worldwide Flight Services,1,No
ADI,RMP,WFS -Worldwide Flight Services,function,3,100.0,Goal,Root/div/vendor/function,ADI/VND/WFS -Worldwide Flight Services/RMP,1,No
ADI,Blended,RMP,vnd_typ,4,100.0,Goal,Root/div/vendor/function/vnd_typ,ADI/VND/WFS -Worldwide Flight Services/RMP/Blended,0,Yes
ADI,OBS,ADI,div,1,16.66,Goal,Root/div,ADI/OBS,176,No
ADI,Aerococina,OBS,caterer,2,0.86,Goal,Root/div/caterer,ADI/OBS/Aerococina,0,Yes
ADI,AirFayre,OBS,caterer,2,0.12,Goal,Root/div/caterer,ADI/OBS/AirFayre,0,Yes
ADI,Alpha,OBS,caterer,2,0.44,Goal,Root/div/caterer,ADI/OBS/Alpha,0,Yes
ADI,Canonica,OBS,caterer,2,0.97,Goal,Root/div/caterer,ADI/OBS/Canonica,0,Yes
ADI,CasaProveedora,OBS,caterer,2,0.88,Goal,Root/div/caterer,ADI/OBS/CasaProveedora,0,Yes
ADI,CateringPor,OBS,caterer,2,0.65,Goal,Root/div/caterer,ADI/OBS/CateringPor,0,Yes
ADI,Dakar,OBS,caterer,2,0.1,Goal,Root/div/caterer,ADI/OBS/Dakar,0,Yes
ADI,dnata,OBS,caterer,2,0.07,Goal,Root/div/caterer,ADI/OBS/dnata,0,Yes
ADI,DOCO,OBS,caterer,2,0.41,Goal,Root/div/caterer,ADI/OBS/DOCO,0,Yes
ADI,EFG,OBS,caterer,2,0.98,Goal,Root/div/caterer,ADI/OBS/EFG,0,Yes
ADI,EGSC,OBS,caterer,2,0.45,Goal,Root/div/caterer,ADI/OBS/EGSC,0,Yes
ADI,FlyFoodGrp,OBS,caterer,2,0.39,Goal,Root/div/caterer,ADI/OBS/FlyFoodGrp,0,Yes
ADI,GG,OBS,caterer,2,0.59,Goal,Root/div/caterer,ADI/OBS/GG,0,Yes
ADI,Goddard,OBS,caterer,2,1.12,Goal,Root/div/caterer,ADI/OBS/Goddard,0,Yes
ADI,IMC,OBS,caterer,2,0.97,Goal,Root/div/caterer,ADI/OBS/IMC,0,Yes
ADI,ISS,OBS,caterer,2,0.38,Goal,Root/div/caterer,ADI/OBS/ISS,0,Yes
ADI,LSG,OBS,caterer,2,0.44,Goal,Root/div/caterer,ADI/OBS/LSG,0,Yes
ADI,Mainline,OBS,caterer,2,0.7,Goal,Root/div/caterer,ADI/OBS/Mainline,0,Yes
ADI,Newrest,OBS,caterer,2,0.99,Goal,Root/div/caterer,ADI/OBS/Newrest,0,Yes
ADI,Servair,OBS,caterer,2,0.89,Goal,Root/div/caterer,ADI/OBS/Servair,0,Yes
ADI,ShanghaiEast,OBS,caterer,2,0.74,Goal,Root/div/caterer,ADI/OBS/ShanghaiEast,0,Yes
ADI,Sharp-DOCO,OBS,caterer,2,1.03,Goal,Root/div/caterer,ADI/OBS/Sharp-DOCO,0,Yes
ADI,SkyCater,OBS,caterer,2,0.9,Goal,Root/div/caterer,ADI/OBS/SkyCater,0,Yes
ADI,TFK,OBS,caterer,2,1.1,Goal,Root/div/caterer,ADI/OBS/TFK,0,Yes
ADI,Africa,OBS,continental_region,2,0.27,Goal,Root/div/continental_region,ADI/OBS/Africa,0,Yes
ADI,Asia,OBS,continental_region,2,0.74,Goal,Root/div/continental_region,ADI/OBS/Asia,0,Yes
ADI,Australia,OBS,continental_region,2,0.74,Goal,Root/div/continental_region,ADI/OBS/Australia,0,Yes
ADI,Europe,OBS,continental_region,2,0.94,Goal,Root/div/continental_region,ADI/OBS/Europe,0,Yes
ADI,Latin_America_Caribbean,OBS,continental_region,2,1.14,Goal,Root/div/continental_region,ADI/OBS/Latin_America_Caribbean,0,Yes
ADI,North_America,OBS,continental_region,2,0.89,Goal,Root/div/continental_region,ADI/OBS/North_America,0,Yes
ADI,South_America,OBS,continental_region,2,0.22,Goal,Root/div/continental_region,ADI/OBS/South_America,0,Yes
ADI,ATL-Director,OBS,director,2,0.43,Goal,Root/div/director,ADI/OBS/ATL-Director,0,Yes
ADI,International,OBS,director,2,0.8,Goal,Root/div/director,ADI/OBS/International,0,Yes
ADI,Northeast_Hubs,OBS,director,2,0.01,Goal,Root/div/director,ADI/OBS/Northeast_Hubs,0,Yes
ADI,T2_East,OBS,director,2,0.65,Goal,Root/div/director,ADI/OBS/T2_East,0,Yes
ADI,T2_West,OBS,director,2,0.89,Goal,Root/div/director,ADI/OBS/T2_West,0,Yes
ADI,West_Hubs,OBS,director,2,0.17,Goal,Root/div/director,ADI/OBS/West_Hubs,0,Yes
ADI,AMS_BRU,OBS,region,2,0.69,Goal,Root/div/region,ADI/OBS/AMS_BRU,0,Yes
ADI,ATL-Commissary,OBS,region,2,1.07,Goal,Root/div/region,ADI/OBS/ATL-Commissary,0,Yes
ADI,ATL-Kitchen,OBS,region,2,1.05,Goal,Root/div/region,ADI/OBS/ATL-Kitchen,0,Yes
ADI,BOS-Hub,OBS,region,2,0.56,Goal,Root/div/region,ADI/OBS/BOS-Hub,0,Yes
ADI,Central,OBS,region,2,0.34,Goal,Root/div/region,ADI/OBS/Central,0,Yes
ADI,DTW-Hub,OBS,region,2,0.68,Goal,Root/div/region,ADI/OBS/DTW-Hub,0,Yes
ADI,East,OBS,region,2,0.97,Goal,Root/div/region,ADI/OBS/East,0,Yes
ADI,Florida,OBS,region,2,0.58,Goal,Root/div/region,ADI/OBS/Florida,0,Yes
ADI,Germany,OBS,region,2,0.96,Goal,Root/div/region,ADI/OBS/Germany,0,Yes
ADI,Italy,OBS,region,2,0.54,Goal,Root/div/region,ADI/OBS/Italy,0,Yes
ADI,LAX-Hub,OBS,region,2,0.71,Goal,Root/div/region,ADI/OBS/LAX-Hub,0,Yes
ADI,MSP-Hub,OBS,region,2,0.7,Goal,Root/div/region,ADI/OBS/MSP-Hub,0,Yes
ADI,Northern_Eastern_Europe,OBS,region,2,0.7,Goal,Root/div/region,ADI/OBS/Northern_Eastern_Europe,0,Yes
ADI,NYC,OBS,region,2,0.27,Goal,Root/div/region,ADI/OBS/NYC,0,Yes
ADI,Pacific,OBS,region,2,1.05,Goal,Root/div/region,ADI/OBS/Pacific,0,Yes
ADI,SEA-Hub,OBS,region,2,0.96,Goal,Root/div/region,ADI/OBS/SEA-Hub,0,Yes
ADI,SLC-Hub,OBS,region,2,0.57,Goal,Root/div/region,ADI/OBS/SLC-Hub,0,Yes
ADI,West,OBS,region,2,0.35,Goal,Root/div/region,ADI/OBS/West,0,Yes
ADI,Western_Europe,OBS,region,2,0.22,Goal,Root/div/region,ADI/OBS/Western_Europe,0,Yes
ADI,ATL,OBS,station,2,0.09,Goal,Root/div/station,ADI/OBS/ATL,2,No
ADI,Mainline,ATL,caterer,3,19.35,Goal,Root/div/station/caterer,ADI/OBS/ATL/Mainline,1,No
ADI,IFK,Mainline,kitchen,4,100.0,Goal,Root/div/station/caterer/kitchen,ADI/OBS/ATL/Mainline/IFK,0,Yes
ADI,Newrest,ATL,caterer,3,80.65,Goal,Root/div/station/caterer,ADI/OBS/ATL/Newrest,2,No
ADI,DFK,Newrest,kitchen,4,28.12,Goal,Root/div/station/caterer/kitchen,ADI/OBS/ATL/Newrest/DFK,0,Yes
ADI,MLC,Newrest,kitchen,4,71.88,Goal,Root/div/station/caterer/kitchen,ADI/OBS/ATL/Newrest/MLC,0,Yes
ADI,ACC,OBS,station,2,1.1,Goal,Root/div/station,ADI/OBS/ACC,0,Yes
ADI,AKL,OBS,station,2,0.93,Goal,Root/div/station,ADI/OBS/AKL,0,Yes
ADI,AMS,OBS,station,2,0.06,Goal,Root/div/station,ADI/OBS/AMS,0,Yes
ADI,ANC,OBS,station,2,0.42,Goal,Root/div/station,ADI/OBS/ANC,0,Yes
ADI,ARN,OBS,station,2,0.14,Goal,Root/div/station,ADI/OBS/ARN,0,Yes
ADI,ATH,OBS,station,2,0.53,Goal,Root/div/station,ADI/OBS/ATH,0,Yes
ADI,AUA,OBS,station,2,0.48,Goal,Root/div/station,ADI/OBS/AUA,0,Yes
ADI,AUS,OBS,station,2,1.0,Goal,Root/div/station,ADI/OBS/AUS,0,Yes
ADI,BCN,OBS,station,2,0.52,Goal,Root/div/station,ADI/OBS/BCN,0,Yes
ADI,BDL,OBS,station,2,0.52,Goal,Root/div/station,ADI/OBS/BDL,0,Yes
ADI,BER,OBS,station,2,0.5,Goal,Root/div/station,ADI/OBS/BER,0,Yes
ADI,BNA,OBS,station,2,0.25,Goal,Root/div/station,ADI/OBS/BNA,0,Yes
ADI,BNE,OBS,station,2,0.41,Goal,Root/div/station,ADI/OBS/BNE,0,Yes
ADI,BOG,OBS,station,2,0.52,Goal,Root/div/station,ADI/OBS/BOG,0,Yes
ADI,BOS,OBS,station,2,0.48,Goal,Root/div/station,ADI/OBS/BOS,0,Yes
ADI,BRU,OBS,station,2,0.01,Goal,Root/div/station,ADI/OBS/BRU,0,Yes
ADI,BWI,OBS,station,2,0.2,Goal,Root/div/station,ADI/OBS/BWI,0,Yes
ADI,CDG,OBS,station,2,1.14,Goal,Root/div/station,ADI/OBS/CDG,0,Yes
ADI,CLT,OBS,station,2,0.74,Goal,Root/div/station,ADI/OBS/CLT,0,Yes
ADI,CPH,OBS,station,2,0.77,Goal,Root/div/station,ADI/OBS/CPH,0,Yes
ADI,CPT,OBS,station,2,0.46,Goal,Root/div/station,ADI/OBS/CPT,0,Yes
ADI,CTA,OBS,station,2,0.07,Goal,Root/div/station,ADI/OBS/CTA,0,Yes
ADI,CTG,OBS,station,2,0.67,Goal,Root/div/station,ADI/OBS/CTG,0,Yes
ADI,CUN,OBS,station,2,1.1,Goal,Root/div/station,ADI/OBS/CUN,0,Yes
ADI,CVG,OBS,station,2,0.15,Goal,Root/div/station,ADI/OBS/CVG,0,Yes
ADI,DCA,OBS,station,2,1.05,Goal,Root/div/station,ADI/OBS/DCA,0,Yes
ADI,DEN,OBS,station,2,0.13,Goal,Root/div/station,ADI/OBS/DEN,0,Yes
ADI,DFW,OBS,station,2,0.02,Goal,Root/div/station,ADI/OBS/DFW,0,Yes
ADI,DSS,OBS,station,2,0.14,Goal,Root/div/station,ADI/OBS/DSS,0,Yes
ADI,DTW,OBS,station,2,0.42,Goal,Root/div/station,ADI/OBS/DTW,0,Yes
ADI,DUB,OBS,station,2,0.15,Goal,Root/div/station,ADI/OBS/DUB,0,Yes
ADI,EDI,OBS,station,2,0.42,Goal,Root/div/station,ADI/OBS/EDI,0,Yes
ADI,EWR,OBS,station,2,0.26,Goal,Root/div/station,ADI/OBS/EWR,0,Yes
ADI,EZE,OBS,station,2,0.37,Goal,Root/div/station,ADI/OBS/EZE,0,Yes
ADI,FCO,OBS,station,2,0.62,Goal,Root/div/station,ADI/OBS/FCO,0,Yes
ADI,FLL,OBS,station,2,0.67,Goal,Root/div/station,ADI/OBS/FLL,0,Yes
ADI,FRA,OBS,station,2,1.05,Goal,Root/div/station,ADI/OBS/FRA,0,Yes
ADI,GDL,OBS,station,2,0.93,Goal,Root/div/station,ADI/OBS/GDL,0,Yes
ADI,GIG,OBS,station,2,0.59,Goal,Root/div/station,ADI/OBS/GIG,0,Yes
ADI,GRU,OBS,station,2,0.42,Goal,Root/div/station,ADI/OBS/GRU,0,Yes
ADI,GVA,OBS,station,2,1.04,Goal,Root/div/station,ADI/OBS/GVA,0,Yes
ADI,HND,OBS,station,2,0.53,Goal,Root/div/station,ADI/OBS/HND,0,Yes
ADI,HNL,OBS,station,2,0.65,Goal,Root/div/station,ADI/OBS/HNL,0,Yes
ADI,IAD,OBS,station,2,0.04,Goal,Root/div/station,ADI/OBS/IAD,0,Yes
ADI,IAH,OBS,station,2,0.83,Goal,Root/div/station,ADI/OBS/IAH,0,Yes
ADI,ICN,OBS,station,2,0.76,Goal,Root/div/station,ADI/OBS/ICN,0,Yes
ADI,IND,OBS,station,2,0.93,Goal,Root/div/station,ADI/OBS/IND,0,Yes
ADI,JFK,OBS,station,2,1.02,Goal,Root/div/station,ADI/OBS/JFK,0,Yes
ADI,JNB,OBS,station,2,0.95,Goal,Root/div/station,ADI/OBS/JNB,0,Yes
ADI,KEF,OBS,station,2,0.74,Goal,Root/div/station,ADI/OBS/KEF,0,Yes
ADI,KOA,OBS,station,2,0.13,Goal,Root/div/station,ADI/OBS/KOA,0,Yes
ADI,LAS,OBS,station,2,0.61,Goal,Root/div/station,ADI/OBS/LAS,0,Yes
ADI,LAX,OBS,station,2,0.56,Goal,Root/div/station,ADI/OBS/LAX,0,Yes
ADI,LGA,OBS,station,2,0.05,Goal,Root/div/station,ADI/OBS/LGA,0,Yes
ADI,LGW,OBS,station,2,0.51,Goal,Root/div/station,ADI/OBS/LGW,0,Yes
ADI,LHR,OBS,station,2,0.78,Goal,Root/div/station,ADI/OBS/LHR,0,Yes
ADI,LIH,OBS,station,2,1.04,Goal,Root/div/station,ADI/OBS/LIH,0,Yes
ADI,LIM,OBS,station,2,0.43,Goal,Root/div/station,ADI/OBS/LIM,0,Yes
ADI,LIR,OBS,station,2,1.13,Goal,Root/div/station,ADI/OBS/LIR,0,Yes
ADI,LIS,OBS,station,2,0.33,Goal,Root/div/station,ADI/OBS/LIS,0,Yes
ADI,LOS,OBS,station,2,0.13,Goal,Root/div/station,ADI/OBS/LOS,0,Yes
ADI,MAD,OBS,station,2,0.65,Goal,Root/div/station,ADI/OBS/MAD,0,Yes
ADI,MBJ,OBS,station,2,0.3,Goal,Root/div/station,ADI/OBS/MBJ,0,Yes
ADI,MCO,OBS,station,2,0.87,Goal,Root/div/station,ADI/OBS/MCO,0,Yes
ADI,MEL,OBS,station,2,0.35,Goal,Root/div/station,ADI/OBS/MEL,0,Yes
ADI,MEM,OBS,station,2,0.67,Goal,Root/div/station,ADI/OBS/MEM,0,Yes
ADI,MEX,OBS,station,2,0.08,Goal,Root/div/station,ADI/OBS/MEX,0,Yes
ADI,MIA,OBS,station,2,0.96,Goal,Root/div/station,ADI/OBS/MIA,0,Yes
ADI,MSP,OBS,station,2,0.52,Goal,Root/div/station,ADI/OBS/MSP,0,Yes
ADI,MSY,OBS,station,2,1.07,Goal,Root/div/station,ADI/OBS/MSY,0,Yes
ADI,MUC,OBS,station,2,0.4,Goal,Root/div/station,ADI/OBS/MUC,0,Yes
ADI,MXP,OBS,station,2,0.77,Goal,Root/div/station,ADI/OBS/MXP,0,Yes
ADI,NAP,OBS,station,2,0.89,Goal,Root/div/station,ADI/OBS/NAP,0,Yes
ADI,NCE,OBS,station,2,0.53,Goal,Root/div/station,ADI/OBS/NCE,0,Yes
ADI,OGG,OBS,station,2,0.22,Goal,Root/div/station,ADI/OBS/OGG,0,Yes
ADI,ONT,OBS,station,2,0.2,Goal,Root/div/station,ADI/OBS/ONT,0,Yes
ADI,ORD,OBS,station,2,0.37,Goal,Root/div/station,ADI/OBS/ORD,0,Yes
ADI,PBI,OBS,station,2,0.97,Goal,Root/div/station,ADI/OBS/PBI,0,Yes
ADI,PDX,OBS,station,2,0.23,Goal,Root/div/station,ADI/OBS/PDX,0,Yes
ADI,PHL,OBS,station,2,0.29,Goal,Root/div/station,ADI/OBS/PHL,0,Yes
ADI,PHX,OBS,station,2,0.74,Goal,Root/div/station,ADI/OBS/PHX,0,Yes
ADI,PIT,OBS,station,2,0.97,Goal,Root/div/station,ADI/OBS/PIT,0,Yes
ADI,PPT,OBS,station,2,0.02,Goal,Root/div/station,ADI/OBS/PPT,0,Yes
ADI,PRG,OBS,station,2,0.94,Goal,Root/div/station,ADI/OBS/PRG,0,Yes
ADI,PSP,OBS,station,2,0.29,Goal,Root/div/station,ADI/OBS/PSP,0,Yes
ADI,PTY,OBS,station,2,0.61,Goal,Root/div/station,ADI/OBS/PTY,0,Yes
ADI,PVG,OBS,station,2,0.27,Goal,Root/div/station,ADI/OBS/PVG,0,Yes
ADI,PVR,OBS,station,2,1.03,Goal,Root/div/station,ADI/OBS/PVR,0,Yes
ADI,RAK,OBS,station,2,0.83,Goal,Root/div/station,ADI/OBS/RAK,0,Yes
ADI,RDU,OBS,station,2,1.11,Goal,Root/div/station,ADI/OBS/RDU,0,Yes
ADI,RSW,OBS,station,2,0.51,Goal,Root/div/station,ADI/OBS/RSW,0,Yes
ADI,SAN,OBS,station,2,0.59,Goal,Root/div/station,ADI/OBS/SAN,0,Yes
ADI,SAT,OBS,station,2,0.54,Goal,Root/div/station,ADI/OBS/SAT,0,Yes
ADI,SBA,OBS,station,2,0.31,Goal,Root/div/station,ADI/OBS/SBA,0,Yes
ADI,SCL,OBS,station,2,0.72,Goal,Root/div/station,ADI/OBS/SCL,0,Yes
ADI,SDQ,OBS,station,2,1.11,Goal,Root/div/station,ADI/OBS/SDQ,0,Yes
ADI,SEA,OBS,station,2,0.35,Goal,Root/div/station,ADI/OBS/SEA,0,Yes
ADI,SFO,OBS,station,2,0.19,Goal,Root/div/station,ADI/OBS/SFO,0,Yes
ADI,SJC,OBS,station,2,0.24,Goal,Root/div/station,ADI/OBS/SJC,0,Yes
ADI,SJD,OBS,station,2,0.83,Goal,Root/div/station,ADI/OBS/SJD,0,Yes
ADI,SJO,OBS,station,2,0.11,Goal,Root/div/station,ADI/OBS/SJO,0,Yes
ADI,SJU,OBS,station,2,0.31,Goal,Root/div/station,ADI/OBS/SJU,0,Yes
ADI,SLC,OBS,station,2,0.04,Goal,Root/div/station,ADI/OBS/SLC,0,Yes
ADI,SMF,OBS,station,2,0.42,Goal,Root/div/station,ADI/OBS/SMF,0,Yes
ADI,SNA,OBS,station,2,0.74,Goal,Root/div/station,ADI/OBS/SNA,0,Yes
ADI,SNN,OBS,station,2,0.17,Goal,Root/div/station,ADI/OBS/SNN,0,Yes
ADI,STL,OBS,station,2,0.84,Goal,Root/div/station,ADI/OBS/STL,0,Yes
ADI,STR,OBS,station,2,0.0,Goal,Root/div/station,ADI/OBS/STR,0,Yes
ADI,SYD,OBS,station,2,0.11,Goal,Root/div/station,ADI/OBS/SYD,0,Yes
ADI,TLV,OBS,station,2,0.1,Goal,Root/div/station,ADI/OBS/TLV,0,Yes
ADI,TPA,OBS,station,2,0.52,Goal,Root/div/station,ADI/OBS/TPA,0,Yes
ADI,TPE,OBS,station,2,0.04,Goal,Root/div/station,ADI/OBS/TPE,0,Yes
ADI,UIO,OBS,station,2,0.29,Goal,Root/div/station,ADI/OBS/UIO,0,Yes
ADI,UVF,OBS,station,2,0.57,Goal,Root/div/station,ADI/OBS/UVF,0,Yes
ADI,VCE,OBS,station,2,0.81,Goal,Root/div/station,ADI/OBS/VCE,0,Yes
ADI,ZRH,OBS,station,2,0.15,Goal,Root/div/station,ADI/OBS/ZRH,0,Yes
ADI,ATL_DFK,OBS,stn_kitchen,2,0.44,Goal,Root/div/stn_kitchen,ADI/OBS/ATL_DFK,0,Yes
ADI,ATL_IFK,OBS,stn_kitchen,2,0.19,Goal,Root/div/stn_kitchen,ADI/OBS/ATL_IFK,0,Yes
ADI,ATL_MLC,OBS,stn_kitchen,2,0.8899999999999999,Goal,Root/div/stn_kitchen,ADI/OBS/ATL_MLC,0,Yes
