KPI,Node Name,Parent,Category,Tier,Contribution,Target/Goal,Category Path,Node Path,Child Count,Leaf
APU_RT_ARR,APU_RT_ARR,,Root,0,1,Goal,Root,APU_RT_ARR,6,No
APU_RT_ARR,ML,APU_RT_ARR,carrier,1,15.87,Goal,Root/carrier,APU_RT_ARR/ML,0,Yes
APU_RT_ARR,9E,APU_RT_ARR,dc_carrier,1,15.28,Goal,Root/dc_carrier,APU_RT_ARR/9E,0,Yes
APU_RT_ARR,OO,APU_RT_ARR,dc_carrier,1,13.86,Goal,Root/dc_carrier,APU_RT_ARR/OO,0,Yes
APU_RT_ARR,YX,APU_RT_ARR,dc_carrier,1,19.48,Goal,Root/dc_carrier,APU_RT_ARR/YX,0,Yes
APU_RT_ARR,ACS,APU_RT_ARR,div,1,15.02,Goal,Root/div,APU_RT_ARR/ACS,358,No
APU_RT_ARR,DC,ACS,carrier,2,0.13,Goal,Root/div/carrier,APU_RT_ARR/ACS/DC,246,No
APU_RT_ARR,AUS_Director,DC,director,3,0.62,Goal,Root/div/carrier/director,APU_RT_ARR/ACS/DC/AUS_Director,0,Yes
APU_RT_ARR,CANMEX_Director,DC,director,3,0.21,Goal,Root/div/carrier/director,APU_RT_ARR/ACS/DC/CANMEX_Director,0,Yes
APU_RT_ARR,Central_Director,DC,director,3,0.3,Goal,Root/div/carrier/director,APU_RT_ARR/ACS/DC/Central_Director,0,Yes
APU_RT_ARR,East_Director,DC,director,3,0.81,Goal,Root/div/carrier/director,APU_RT_ARR/ACS/DC/East_Director,0,Yes
APU_RT_ARR,FieldStations_Director,DC,director,3,0.71,Goal,Root/div/carrier/director,APU_RT_ARR/ACS/DC/FieldStations_Director,0,Yes
APU_RT_ARR,Florida_Director,DC,director,3,0.32,Goal,Root/div/carrier/director,APU_RT_ARR/ACS/DC/Florida_Director,0,Yes
APU_RT_ARR,Hub_ATL,DC,director,3,0.35,Goal,Root/div/carrier/director,APU_RT_ARR/ACS/DC/Hub_ATL,0,Yes
APU_RT_ARR,Hub_BOS,DC,director,3,0.1,Goal,Root/div/carrier/director,APU_RT_ARR/ACS/DC/Hub_BOS,0,Yes
APU_RT_ARR,Hub_DTW,DC,director,3,0.61,Goal,Root/div/carrier/director,APU_RT_ARR/ACS/DC/Hub_DTW,0,Yes
APU_RT_ARR,Hub_JFK,DC,director,3,0.26,Goal,Root/div/carrier/director,APU_RT_ARR/ACS/DC/Hub_JFK,0,Yes
APU_RT_ARR,Hub_LAX,DC,director,3,0.17,Goal,Root/div/carrier/director,APU_RT_ARR/ACS/DC/Hub_LAX,0,Yes
APU_RT_ARR,Hub_LGA,DC,director,3,0.24,Goal,Root/div/carrier/director,APU_RT_ARR/ACS/DC/Hub_LGA,0,Yes
APU_RT_ARR,Hub_MSP,DC,director,3,0.08,Goal,Root/div/carrier/director,APU_RT_ARR/ACS/DC/Hub_MSP,0,Yes
APU_RT_ARR,Hub_SEA,DC,director,3,0.17,Goal,Root/div/carrier/director,APU_RT_ARR/ACS/DC/Hub_SEA,0,Yes
APU_RT_ARR,Hub_SLC,DC,director,3,0.04,Goal,Root/div/carrier/director,APU_RT_ARR/ACS/DC/Hub_SLC,0,Yes
APU_RT_ARR,West_Director,DC,director,3,0.18,Goal,Root/div/carrier/director,APU_RT_ARR/ACS/DC/West_Director,0,Yes
APU_RT_ARR,ACSATL,DC,division,3,0.33,Goal,Root/div/carrier/division,APU_RT_ARR/ACS/DC/ACSATL,0,Yes
APU_RT_ARR,ACSJFK,DC,division,3,0.38,Goal,Root/div/carrier/division,APU_RT_ARR/ACS/DC/ACSJFK,0,Yes
APU_RT_ARR,DTW_AUS_FL,DC,division,3,0.75,Goal,Root/div/carrier/division,APU_RT_ARR/ACS/DC/DTW_AUS_FL,0,Yes
APU_RT_ARR,East,DC,division,3,0.03,Goal,Root/div/carrier/division,APU_RT_ARR/ACS/DC/East,0,Yes
APU_RT_ARR,FieldStations,DC,division,3,0.18,Goal,Root/div/carrier/division,APU_RT_ARR/ACS/DC/FieldStations,0,Yes
APU_RT_ARR,International,DC,division,3,0.18,Goal,Root/div/carrier/division,APU_RT_ARR/ACS/DC/International,0,Yes
APU_RT_ARR,MSP_SEA_SLC,DC,division,3,0.5,Goal,Root/div/carrier/division,APU_RT_ARR/ACS/DC/MSP_SEA_SLC,0,Yes
APU_RT_ARR,West_Central,DC,division,3,0.6,Goal,Root/div/carrier/division,APU_RT_ARR/ACS/DC/West_Central,0,Yes
APU_RT_ARR,AUS_Region,DC,region,3,0.8,Goal,Root/div/carrier/region,APU_RT_ARR/ACS/DC/AUS_Region,0,Yes
APU_RT_ARR,Canada_Region,DC,region,3,0.16,Goal,Root/div/carrier/region,APU_RT_ARR/ACS/DC/Canada_Region,0,Yes
APU_RT_ARR,Central_Region,DC,region,3,0.58,Goal,Root/div/carrier/region,APU_RT_ARR/ACS/DC/Central_Region,0,Yes
APU_RT_ARR,Florida_Region,DC,region,3,0.67,Goal,Root/div/carrier/region,APU_RT_ARR/ACS/DC/Florida_Region,0,Yes
APU_RT_ARR,FS_Central,DC,region,3,0.74,Goal,Root/div/carrier/region,APU_RT_ARR/ACS/DC/FS_Central,0,Yes
APU_RT_ARR,FS_East,DC,region,3,0.06,Goal,Root/div/carrier/region,APU_RT_ARR/ACS/DC/FS_East,0,Yes
APU_RT_ARR,FS_MountainWest,DC,region,3,0.31,Goal,Root/div/carrier/region,APU_RT_ARR/ACS/DC/FS_MountainWest,0,Yes
APU_RT_ARR,FS_South,DC,region,3,0.54,Goal,Root/div/carrier/region,APU_RT_ARR/ACS/DC/FS_South,0,Yes
APU_RT_ARR,FS_West,DC,region,3,0.68,Goal,Root/div/carrier/region,APU_RT_ARR/ACS/DC/FS_West,0,Yes
APU_RT_ARR,GreatLakes_Region,DC,region,3,0.65,Goal,Root/div/carrier/region,APU_RT_ARR/ACS/DC/GreatLakes_Region,0,Yes
APU_RT_ARR,MCO_Region,DC,region,3,0.71,Goal,Root/div/carrier/region,APU_RT_ARR/ACS/DC/MCO_Region,0,Yes
APU_RT_ARR,MIA_Region,DC,region,3,0.61,Goal,Root/div/carrier/region,APU_RT_ARR/ACS/DC/MIA_Region,0,Yes
APU_RT_ARR,Northeast_Region,DC,region,3,0.71,Goal,Root/div/carrier/region,APU_RT_ARR/ACS/DC/Northeast_Region,0,Yes
APU_RT_ARR,Southeast_Region,DC,region,3,0.62,Goal,Root/div/carrier/region,APU_RT_ARR/ACS/DC/Southeast_Region,0,Yes
APU_RT_ARR,SouthWest_Region,DC,region,3,0.51,Goal,Root/div/carrier/region,APU_RT_ARR/ACS/DC/SouthWest_Region,0,Yes
APU_RT_ARR,West_Region,DC,region,3,0.07,Goal,Root/div/carrier/region,APU_RT_ARR/ACS/DC/West_Region,0,Yes
APU_RT_ARR,ABE,DC,station,3,0.07,Goal,Root/div/carrier/station,APU_RT_ARR/ACS/DC/ABE,0,Yes
APU_RT_ARR,ABQ,DC,station,3,0.65,Goal,Root/div/carrier/station,APU_RT_ARR/ACS/DC/ABQ,0,Yes
APU_RT_ARR,ABY,DC,station,3,0.7,Goal,Root/div/carrier/station,APU_RT_ARR/ACS/DC/ABY,0,Yes
APU_RT_ARR,ACK,DC,station,3,0.77,Goal,Root/div/carrier/station,APU_RT_ARR/ACS/DC/ACK,0,Yes
APU_RT_ARR,AEX,DC,station,3,0.21,Goal,Root/div/carrier/station,APU_RT_ARR/ACS/DC/AEX,0,Yes
APU_RT_ARR,AGS,DC,station,3,0.59,Goal,Root/div/carrier/station,APU_RT_ARR/ACS/DC/AGS,0,Yes
APU_RT_ARR,ALB,DC,station,3,0.45,Goal,Root/div/carrier/station,APU_RT_ARR/ACS/DC/ALB,0,Yes
APU_RT_ARR,APN,DC,station,3,0.7,Goal,Root/div/carrier/station,APU_RT_ARR/ACS/DC/APN,0,Yes
APU_RT_ARR,ASE,DC,station,3,0.65,Goal,Root/div/carrier/station,APU_RT_ARR/ACS/DC/ASE,0,Yes
APU_RT_ARR,ATL,DC,station,3,0.44,Goal,Root/div/carrier/station,APU_RT_ARR/ACS/DC/ATL,0,Yes
APU_RT_ARR,ATW,DC,station,3,0.83,Goal,Root/div/carrier/station,APU_RT_ARR/ACS/DC/ATW,0,Yes
APU_RT_ARR,ATY,DC,station,3,0.13,Goal,Root/div/carrier/station,APU_RT_ARR/ACS/DC/ATY,0,Yes
APU_RT_ARR,AUS,DC,station,3,0.58,Goal,Root/div/carrier/station,APU_RT_ARR/ACS/DC/AUS,0,Yes
APU_RT_ARR,AVL,DC,station,3,0.76,Goal,Root/div/carrier/station,APU_RT_ARR/ACS/DC/AVL,0,Yes
APU_RT_ARR,AZO,DC,station,3,0.37,Goal,Root/div/carrier/station,APU_RT_ARR/ACS/DC/AZO,0,Yes
APU_RT_ARR,BDL,DC,station,3,0.74,Goal,Root/div/carrier/station,APU_RT_ARR/ACS/DC/BDL,0,Yes
APU_RT_ARR,BGM,DC,station,3,0.11,Goal,Root/div/carrier/station,APU_RT_ARR/ACS/DC/BGM,0,Yes
APU_RT_ARR,BGR,DC,station,3,0.51,Goal,Root/div/carrier/station,APU_RT_ARR/ACS/DC/BGR,0,Yes
APU_RT_ARR,BHM,DC,station,3,0.21,Goal,Root/div/carrier/station,APU_RT_ARR/ACS/DC/BHM,0,Yes
APU_RT_ARR,BIL,DC,station,3,0.09,Goal,Root/div/carrier/station,APU_RT_ARR/ACS/DC/BIL,0,Yes
APU_RT_ARR,BIS,DC,station,3,0.53,Goal,Root/div/carrier/station,APU_RT_ARR/ACS/DC/BIS,0,Yes
APU_RT_ARR,BMI,DC,station,3,0.37,Goal,Root/div/carrier/station,APU_RT_ARR/ACS/DC/BMI,0,Yes
APU_RT_ARR,BNA,DC,station,3,0.13,Goal,Root/div/carrier/station,APU_RT_ARR/ACS/DC/BNA,0,Yes
APU_RT_ARR,BOI,DC,station,3,0.76,Goal,Root/div/carrier/station,APU_RT_ARR/ACS/DC/BOI,0,Yes
APU_RT_ARR,BOS,DC,station,3,0.52,Goal,Root/div/carrier/station,APU_RT_ARR/ACS/DC/BOS,0,Yes
APU_RT_ARR,BQK,DC,station,3,0.25,Goal,Root/div/carrier/station,APU_RT_ARR/ACS/DC/BQK,0,Yes
APU_RT_ARR,BTM,DC,station,3,0.5,Goal,Root/div/carrier/station,APU_RT_ARR/ACS/DC/BTM,0,Yes
APU_RT_ARR,BTR,DC,station,3,0.03,Goal,Root/div/carrier/station,APU_RT_ARR/ACS/DC/BTR,0,Yes
APU_RT_ARR,BTV,DC,station,3,0.26,Goal,Root/div/carrier/station,APU_RT_ARR/ACS/DC/BTV,0,Yes
APU_RT_ARR,BUF,DC,station,3,0.12,Goal,Root/div/carrier/station,APU_RT_ARR/ACS/DC/BUF,0,Yes
APU_RT_ARR,BUR,DC,station,3,0.31,Goal,Root/div/carrier/station,APU_RT_ARR/ACS/DC/BUR,0,Yes
APU_RT_ARR,BWI,DC,station,3,0.16,Goal,Root/div/carrier/station,APU_RT_ARR/ACS/DC/BWI,0,Yes
APU_RT_ARR,BZN,DC,station,3,0.21,Goal,Root/div/carrier/station,APU_RT_ARR/ACS/DC/BZN,0,Yes
APU_RT_ARR,CAE,DC,station,3,0.14,Goal,Root/div/carrier/station,APU_RT_ARR/ACS/DC/CAE,0,Yes
APU_RT_ARR,CDC,DC,station,3,0.08,Goal,Root/div/carrier/station,APU_RT_ARR/ACS/DC/CDC,0,Yes
APU_RT_ARR,CHA,DC,station,3,0.26,Goal,Root/div/carrier/station,APU_RT_ARR/ACS/DC/CHA,0,Yes
APU_RT_ARR,CHO,DC,station,3,0.28,Goal,Root/div/carrier/station,APU_RT_ARR/ACS/DC/CHO,0,Yes
APU_RT_ARR,CHS,DC,station,3,0.1,Goal,Root/div/carrier/station,APU_RT_ARR/ACS/DC/CHS,0,Yes
APU_RT_ARR,CID,DC,station,3,0.59,Goal,Root/div/carrier/station,APU_RT_ARR/ACS/DC/CID,0,Yes
APU_RT_ARR,CIU,DC,station,3,0.71,Goal,Root/div/carrier/station,APU_RT_ARR/ACS/DC/CIU,0,Yes
APU_RT_ARR,CLE,DC,station,3,0.46,Goal,Root/div/carrier/station,APU_RT_ARR/ACS/DC/CLE,0,Yes
APU_RT_ARR,CLT,DC,station,3,0.03,Goal,Root/div/carrier/station,APU_RT_ARR/ACS/DC/CLT,0,Yes
APU_RT_ARR,CMH,DC,station,3,0.72,Goal,Root/div/carrier/station,APU_RT_ARR/ACS/DC/CMH,0,Yes
APU_RT_ARR,COS,DC,station,3,0.27,Goal,Root/div/carrier/station,APU_RT_ARR/ACS/DC/COS,0,Yes
APU_RT_ARR,CRW,DC,station,3,0.04,Goal,Root/div/carrier/station,APU_RT_ARR/ACS/DC/CRW,0,Yes
APU_RT_ARR,CSG,DC,station,3,0.8,Goal,Root/div/carrier/station,APU_RT_ARR/ACS/DC/CSG,0,Yes
APU_RT_ARR,CVG,DC,station,3,0.39,Goal,Root/div/carrier/station,APU_RT_ARR/ACS/DC/CVG,0,Yes
APU_RT_ARR,CWA,DC,station,3,0.68,Goal,Root/div/carrier/station,APU_RT_ARR/ACS/DC/CWA,0,Yes
APU_RT_ARR,DAY,DC,station,3,0.35,Goal,Root/div/carrier/station,APU_RT_ARR/ACS/DC/DAY,0,Yes
APU_RT_ARR,DCA,DC,station,3,0.81,Goal,Root/div/carrier/station,APU_RT_ARR/ACS/DC/DCA,0,Yes
APU_RT_ARR,DEN,DC,station,3,0.75,Goal,Root/div/carrier/station,APU_RT_ARR/ACS/DC/DEN,0,Yes
APU_RT_ARR,DHN,DC,station,3,0.81,Goal,Root/div/carrier/station,APU_RT_ARR/ACS/DC/DHN,0,Yes
APU_RT_ARR,DSM,DC,station,3,0.32,Goal,Root/div/carrier/station,APU_RT_ARR/ACS/DC/DSM,0,Yes
APU_RT_ARR,DTW,DC,station,3,0.3,Goal,Root/div/carrier/station,APU_RT_ARR/ACS/DC/DTW,0,Yes
APU_RT_ARR,ECP,DC,station,3,0.68,Goal,Root/div/carrier/station,APU_RT_ARR/ACS/DC/ECP,0,Yes
APU_RT_ARR,EGE,DC,station,3,0.46,Goal,Root/div/carrier/station,APU_RT_ARR/ACS/DC/EGE,0,Yes
APU_RT_ARR,EKO,DC,station,3,0.37,Goal,Root/div/carrier/station,APU_RT_ARR/ACS/DC/EKO,0,Yes
APU_RT_ARR,ELM,DC,station,3,0.84,Goal,Root/div/carrier/station,APU_RT_ARR/ACS/DC/ELM,0,Yes
APU_RT_ARR,ESC,DC,station,3,0.13,Goal,Root/div/carrier/station,APU_RT_ARR/ACS/DC/ESC,0,Yes
APU_RT_ARR,EUG,DC,station,3,0.45,Goal,Root/div/carrier/station,APU_RT_ARR/ACS/DC/EUG,0,Yes
APU_RT_ARR,EVV,DC,station,3,0.71,Goal,Root/div/carrier/station,APU_RT_ARR/ACS/DC/EVV,0,Yes
APU_RT_ARR,EWR,DC,station,3,0.34,Goal,Root/div/carrier/station,APU_RT_ARR/ACS/DC/EWR,0,Yes
APU_RT_ARR,EYW,DC,station,3,0.16,Goal,Root/div/carrier/station,APU_RT_ARR/ACS/DC/EYW,0,Yes
APU_RT_ARR,FAR,DC,station,3,0.09,Goal,Root/div/carrier/station,APU_RT_ARR/ACS/DC/FAR,0,Yes
APU_RT_ARR,FAT,DC,station,3,0.28,Goal,Root/div/carrier/station,APU_RT_ARR/ACS/DC/FAT,0,Yes
APU_RT_ARR,FAY,DC,station,3,0.33,Goal,Root/div/carrier/station,APU_RT_ARR/ACS/DC/FAY,0,Yes
APU_RT_ARR,FCA,DC,station,3,0.05,Goal,Root/div/carrier/station,APU_RT_ARR/ACS/DC/FCA,0,Yes
APU_RT_ARR,FSD,DC,station,3,0.58,Goal,Root/div/carrier/station,APU_RT_ARR/ACS/DC/FSD,0,Yes
APU_RT_ARR,FWA,DC,station,3,0.67,Goal,Root/div/carrier/station,APU_RT_ARR/ACS/DC/FWA,0,Yes
APU_RT_ARR,GEG,DC,station,3,0.04,Goal,Root/div/carrier/station,APU_RT_ARR/ACS/DC/GEG,0,Yes
APU_RT_ARR,GFK,DC,station,3,0.45,Goal,Root/div/carrier/station,APU_RT_ARR/ACS/DC/GFK,0,Yes
APU_RT_ARR,GJT,DC,station,3,0.49,Goal,Root/div/carrier/station,APU_RT_ARR/ACS/DC/GJT,0,Yes
APU_RT_ARR,GNV,DC,station,3,0.18,Goal,Root/div/carrier/station,APU_RT_ARR/ACS/DC/GNV,0,Yes
APU_RT_ARR,GPT,DC,station,3,0.64,Goal,Root/div/carrier/station,APU_RT_ARR/ACS/DC/GPT,0,Yes
APU_RT_ARR,GRB,DC,station,3,0.8,Goal,Root/div/carrier/station,APU_RT_ARR/ACS/DC/GRB,0,Yes
APU_RT_ARR,GRR,DC,station,3,0.12,Goal,Root/div/carrier/station,APU_RT_ARR/ACS/DC/GRR,0,Yes
APU_RT_ARR,GSO,DC,station,3,0.24,Goal,Root/div/carrier/station,APU_RT_ARR/ACS/DC/GSO,0,Yes
APU_RT_ARR,GSP,DC,station,3,0.25,Goal,Root/div/carrier/station,APU_RT_ARR/ACS/DC/GSP,0,Yes
APU_RT_ARR,GTF,DC,station,3,0.17,Goal,Root/div/carrier/station,APU_RT_ARR/ACS/DC/GTF,0,Yes
APU_RT_ARR,GTR,DC,station,3,0.08,Goal,Root/div/carrier/station,APU_RT_ARR/ACS/DC/GTR,0,Yes
APU_RT_ARR,HHH,DC,station,3,0.46,Goal,Root/div/carrier/station,APU_RT_ARR/ACS/DC/HHH,0,Yes
APU_RT_ARR,HIB,DC,station,3,0.37,Goal,Root/div/carrier/station,APU_RT_ARR/ACS/DC/HIB,0,Yes
APU_RT_ARR,HLN,DC,station,3,0.6,Goal,Root/div/carrier/station,APU_RT_ARR/ACS/DC/HLN,0,Yes
APU_RT_ARR,HPN,DC,station,3,0.38,Goal,Root/div/carrier/station,APU_RT_ARR/ACS/DC/HPN,0,Yes
APU_RT_ARR,HRL,DC,station,3,0.77,Goal,Root/div/carrier/station,APU_RT_ARR/ACS/DC/HRL,0,Yes
APU_RT_ARR,HSV,DC,station,3,0.31,Goal,Root/div/carrier/station,APU_RT_ARR/ACS/DC/HSV,0,Yes
APU_RT_ARR,IAD,DC,station,3,0.15,Goal,Root/div/carrier/station,APU_RT_ARR/ACS/DC/IAD,0,Yes
APU_RT_ARR,ICT,DC,station,3,0.83,Goal,Root/div/carrier/station,APU_RT_ARR/ACS/DC/ICT,0,Yes
APU_RT_ARR,IDA,DC,station,3,0.22,Goal,Root/div/carrier/station,APU_RT_ARR/ACS/DC/IDA,0,Yes
APU_RT_ARR,ILM,DC,station,3,0.4,Goal,Root/div/carrier/station,APU_RT_ARR/ACS/DC/ILM,0,Yes
APU_RT_ARR,IND,DC,station,3,0.63,Goal,Root/div/carrier/station,APU_RT_ARR/ACS/DC/IND,0,Yes
APU_RT_ARR,ITH,DC,station,3,0.09,Goal,Root/div/carrier/station,APU_RT_ARR/ACS/DC/ITH,0,Yes
APU_RT_ARR,JAC,DC,station,3,0.03,Goal,Root/div/carrier/station,APU_RT_ARR/ACS/DC/JAC,0,Yes
APU_RT_ARR,JAN,DC,station,3,0.02,Goal,Root/div/carrier/station,APU_RT_ARR/ACS/DC/JAN,0,Yes
APU_RT_ARR,JAX,DC,station,3,0.26,Goal,Root/div/carrier/station,APU_RT_ARR/ACS/DC/JAX,0,Yes
APU_RT_ARR,JFK,DC,station,3,0.07,Goal,Root/div/carrier/station,APU_RT_ARR/ACS/DC/JFK,0,Yes
APU_RT_ARR,LAN,DC,station,3,0.46,Goal,Root/div/carrier/station,APU_RT_ARR/ACS/DC/LAN,0,Yes
APU_RT_ARR,LAS,DC,station,3,0.12,Goal,Root/div/carrier/station,APU_RT_ARR/ACS/DC/LAS,0,Yes
APU_RT_ARR,LAX,DC,station,3,0.66,Goal,Root/div/carrier/station,APU_RT_ARR/ACS/DC/LAX,0,Yes
APU_RT_ARR,LEX,DC,station,3,0.68,Goal,Root/div/carrier/station,APU_RT_ARR/ACS/DC/LEX,0,Yes
APU_RT_ARR,LFT,DC,station,3,0.49,Goal,Root/div/carrier/station,APU_RT_ARR/ACS/DC/LFT,0,Yes
APU_RT_ARR,LGA,DC,station,3,0.58,Goal,Root/div/carrier/station,APU_RT_ARR/ACS/DC/LGA,0,Yes
APU_RT_ARR,LGB,DC,station,3,0.74,Goal,Root/div/carrier/station,APU_RT_ARR/ACS/DC/LGB,0,Yes
APU_RT_ARR,LIT,DC,station,3,0.22,Goal,Root/div/carrier/station,APU_RT_ARR/ACS/DC/LIT,0,Yes
APU_RT_ARR,LWS,DC,station,3,0.05,Goal,Root/div/carrier/station,APU_RT_ARR/ACS/DC/LWS,0,Yes
APU_RT_ARR,MBS,DC,station,3,0.66,Goal,Root/div/carrier/station,APU_RT_ARR/ACS/DC/MBS,0,Yes
APU_RT_ARR,MCI,DC,station,3,0.58,Goal,Root/div/carrier/station,APU_RT_ARR/ACS/DC/MCI,0,Yes
APU_RT_ARR,MCO,DC,station,3,0.06,Goal,Root/div/carrier/station,APU_RT_ARR/ACS/DC/MCO,0,Yes
APU_RT_ARR,MDT,DC,station,3,0.56,Goal,Root/div/carrier/station,APU_RT_ARR/ACS/DC/MDT,0,Yes
APU_RT_ARR,MDW,DC,station,3,0.78,Goal,Root/div/carrier/station,APU_RT_ARR/ACS/DC/MDW,0,Yes
APU_RT_ARR,MEM,DC,station,3,0.28,Goal,Root/div/carrier/station,APU_RT_ARR/ACS/DC/MEM,0,Yes
APU_RT_ARR,MFE,DC,station,3,0.09,Goal,Root/div/carrier/station,APU_RT_ARR/ACS/DC/MFE,0,Yes
APU_RT_ARR,MFR,DC,station,3,0.04,Goal,Root/div/carrier/station,APU_RT_ARR/ACS/DC/MFR,0,Yes
APU_RT_ARR,MGM,DC,station,3,0.37,Goal,Root/div/carrier/station,APU_RT_ARR/ACS/DC/MGM,0,Yes
APU_RT_ARR,MIA,DC,station,3,0.46,Goal,Root/div/carrier/station,APU_RT_ARR/ACS/DC/MIA,0,Yes
APU_RT_ARR,MKE,DC,station,3,0.06,Goal,Root/div/carrier/station,APU_RT_ARR/ACS/DC/MKE,0,Yes
APU_RT_ARR,MLI,DC,station,3,0.23,Goal,Root/div/carrier/station,APU_RT_ARR/ACS/DC/MLI,0,Yes
APU_RT_ARR,MLU,DC,station,3,0.13,Goal,Root/div/carrier/station,APU_RT_ARR/ACS/DC/MLU,0,Yes
APU_RT_ARR,MOB,DC,station,3,0.65,Goal,Root/div/carrier/station,APU_RT_ARR/ACS/DC/MOB,0,Yes
APU_RT_ARR,MOT,DC,station,3,0.39,Goal,Root/div/carrier/station,APU_RT_ARR/ACS/DC/MOT,0,Yes
APU_RT_ARR,MQT,DC,station,3,0.41,Goal,Root/div/carrier/station,APU_RT_ARR/ACS/DC/MQT,0,Yes
APU_RT_ARR,MSN,DC,station,3,0.02,Goal,Root/div/carrier/station,APU_RT_ARR/ACS/DC/MSN,0,Yes
APU_RT_ARR,MSO,DC,station,3,0.15,Goal,Root/div/carrier/station,APU_RT_ARR/ACS/DC/MSO,0,Yes
APU_RT_ARR,MSP,DC,station,3,0.11,Goal,Root/div/carrier/station,APU_RT_ARR/ACS/DC/MSP,0,Yes
APU_RT_ARR,MSY,DC,station,3,0.6,Goal,Root/div/carrier/station,APU_RT_ARR/ACS/DC/MSY,0,Yes
APU_RT_ARR,MVY,DC,station,3,0.75,Goal,Root/div/carrier/station,APU_RT_ARR/ACS/DC/MVY,0,Yes
APU_RT_ARR,MYR,DC,station,3,0.55,Goal,Root/div/carrier/station,APU_RT_ARR/ACS/DC/MYR,0,Yes
APU_RT_ARR,OAJ,DC,station,3,0.1,Goal,Root/div/carrier/station,APU_RT_ARR/ACS/DC/OAJ,0,Yes
APU_RT_ARR,OAK,DC,station,3,0.44,Goal,Root/div/carrier/station,APU_RT_ARR/ACS/DC/OAK,0,Yes
APU_RT_ARR,OKC,DC,station,3,0.27,Goal,Root/div/carrier/station,APU_RT_ARR/ACS/DC/OKC,0,Yes
APU_RT_ARR,OMA,DC,station,3,0.15,Goal,Root/div/carrier/station,APU_RT_ARR/ACS/DC/OMA,0,Yes
APU_RT_ARR,ONT,DC,station,3,0.17,Goal,Root/div/carrier/station,APU_RT_ARR/ACS/DC/ONT,0,Yes
APU_RT_ARR,ORD,DC,station,3,0.52,Goal,Root/div/carrier/station,APU_RT_ARR/ACS/DC/ORD,0,Yes
APU_RT_ARR,ORF,DC,station,3,0.6,Goal,Root/div/carrier/station,APU_RT_ARR/ACS/DC/ORF,0,Yes
APU_RT_ARR,PDX,DC,station,3,0.15,Goal,Root/div/carrier/station,APU_RT_ARR/ACS/DC/PDX,0,Yes
APU_RT_ARR,PHL,DC,station,3,0.64,Goal,Root/div/carrier/station,APU_RT_ARR/ACS/DC/PHL,0,Yes
APU_RT_ARR,PHX,DC,station,3,0.4,Goal,Root/div/carrier/station,APU_RT_ARR/ACS/DC/PHX,0,Yes
APU_RT_ARR,PIH,DC,station,3,0.19,Goal,Root/div/carrier/station,APU_RT_ARR/ACS/DC/PIH,0,Yes
APU_RT_ARR,PIT,DC,station,3,0.0,Goal,Root/div/carrier/station,APU_RT_ARR/ACS/DC/PIT,0,Yes
APU_RT_ARR,PLN,DC,station,3,0.45,Goal,Root/div/carrier/station,APU_RT_ARR/ACS/DC/PLN,0,Yes
APU_RT_ARR,PNS,DC,station,3,0.02,Goal,Root/div/carrier/station,APU_RT_ARR/ACS/DC/PNS,0,Yes
APU_RT_ARR,PSC,DC,station,3,0.31,Goal,Root/div/carrier/station,APU_RT_ARR/ACS/DC/PSC,0,Yes
APU_RT_ARR,PSP,DC,station,3,0.82,Goal,Root/div/carrier/station,APU_RT_ARR/ACS/DC/PSP,0,Yes
APU_RT_ARR,PVD,DC,station,3,0.57,Goal,Root/div/carrier/station,APU_RT_ARR/ACS/DC/PVD,0,Yes
APU_RT_ARR,PWM,DC,station,3,0.58,Goal,Root/div/carrier/station,APU_RT_ARR/ACS/DC/PWM,0,Yes
APU_RT_ARR,RAP,DC,station,3,0.75,Goal,Root/div/carrier/station,APU_RT_ARR/ACS/DC/RAP,0,Yes
APU_RT_ARR,RDM,DC,station,3,0.69,Goal,Root/div/carrier/station,APU_RT_ARR/ACS/DC/RDM,0,Yes
APU_RT_ARR,RDU,DC,station,3,0.81,Goal,Root/div/carrier/station,APU_RT_ARR/ACS/DC/RDU,0,Yes
APU_RT_ARR,RHI,DC,station,3,0.42,Goal,Root/div/carrier/station,APU_RT_ARR/ACS/DC/RHI,0,Yes
APU_RT_ARR,RIC,DC,station,3,0.76,Goal,Root/div/carrier/station,APU_RT_ARR/ACS/DC/RIC,0,Yes
APU_RT_ARR,RNO,DC,station,3,0.62,Goal,Root/div/carrier/station,APU_RT_ARR/ACS/DC/RNO,0,Yes
APU_RT_ARR,ROA,DC,station,3,0.44,Goal,Root/div/carrier/station,APU_RT_ARR/ACS/DC/ROA,0,Yes
APU_RT_ARR,ROC,DC,station,3,0.2,Goal,Root/div/carrier/station,APU_RT_ARR/ACS/DC/ROC,0,Yes
APU_RT_ARR,RST,DC,station,3,0.72,Goal,Root/div/carrier/station,APU_RT_ARR/ACS/DC/RST,0,Yes
APU_RT_ARR,RSW,DC,station,3,0.29,Goal,Root/div/carrier/station,APU_RT_ARR/ACS/DC/RSW,0,Yes
APU_RT_ARR,SAN,DC,station,3,0.6,Goal,Root/div/carrier/station,APU_RT_ARR/ACS/DC/SAN,0,Yes
APU_RT_ARR,SAT,DC,station,3,0.14,Goal,Root/div/carrier/station,APU_RT_ARR/ACS/DC/SAT,0,Yes
APU_RT_ARR,SAV,DC,station,3,0.38,Goal,Root/div/carrier/station,APU_RT_ARR/ACS/DC/SAV,0,Yes
APU_RT_ARR,SBA,DC,station,3,0.68,Goal,Root/div/carrier/station,APU_RT_ARR/ACS/DC/SBA,0,Yes
APU_RT_ARR,SBN,DC,station,3,0.04,Goal,Root/div/carrier/station,APU_RT_ARR/ACS/DC/SBN,0,Yes
APU_RT_ARR,SDF,DC,station,3,0.15,Goal,Root/div/carrier/station,APU_RT_ARR/ACS/DC/SDF,0,Yes
APU_RT_ARR,SEA,DC,station,3,0.74,Goal,Root/div/carrier/station,APU_RT_ARR/ACS/DC/SEA,0,Yes
APU_RT_ARR,SFO,DC,station,3,0.17,Goal,Root/div/carrier/station,APU_RT_ARR/ACS/DC/SFO,0,Yes
APU_RT_ARR,SGF,DC,station,3,0.59,Goal,Root/div/carrier/station,APU_RT_ARR/ACS/DC/SGF,0,Yes
APU_RT_ARR,SGU,DC,station,3,0.77,Goal,Root/div/carrier/station,APU_RT_ARR/ACS/DC/SGU,0,Yes
APU_RT_ARR,SHV,DC,station,3,0.27,Goal,Root/div/carrier/station,APU_RT_ARR/ACS/DC/SHV,0,Yes
APU_RT_ARR,SJC,DC,station,3,0.69,Goal,Root/div/carrier/station,APU_RT_ARR/ACS/DC/SJC,0,Yes
APU_RT_ARR,SLC,DC,station,3,0.34,Goal,Root/div/carrier/station,APU_RT_ARR/ACS/DC/SLC,0,Yes
APU_RT_ARR,SMF,DC,station,3,0.16,Goal,Root/div/carrier/station,APU_RT_ARR/ACS/DC/SMF,0,Yes
APU_RT_ARR,SNA,DC,station,3,0.5,Goal,Root/div/carrier/station,APU_RT_ARR/ACS/DC/SNA,0,Yes
APU_RT_ARR,SRQ,DC,station,3,0.09,Goal,Root/div/carrier/station,APU_RT_ARR/ACS/DC/SRQ,0,Yes
APU_RT_ARR,STL,DC,station,3,0.18,Goal,Root/div/carrier/station,APU_RT_ARR/ACS/DC/STL,0,Yes
APU_RT_ARR,SUN,DC,station,3,0.77,Goal,Root/div/carrier/station,APU_RT_ARR/ACS/DC/SUN,0,Yes
APU_RT_ARR,SYR,DC,station,3,0.79,Goal,Root/div/carrier/station,APU_RT_ARR/ACS/DC/SYR,0,Yes
APU_RT_ARR,TLH,DC,station,3,0.16,Goal,Root/div/carrier/station,APU_RT_ARR/ACS/DC/TLH,0,Yes
APU_RT_ARR,TPA,DC,station,3,0.32,Goal,Root/div/carrier/station,APU_RT_ARR/ACS/DC/TPA,0,Yes
APU_RT_ARR,TRI,DC,station,3,0.65,Goal,Root/div/carrier/station,APU_RT_ARR/ACS/DC/TRI,0,Yes
APU_RT_ARR,TUL,DC,station,3,0.34,Goal,Root/div/carrier/station,APU_RT_ARR/ACS/DC/TUL,0,Yes
APU_RT_ARR,TUS,DC,station,3,0.32,Goal,Root/div/carrier/station,APU_RT_ARR/ACS/DC/TUS,0,Yes
APU_RT_ARR,TVC,DC,station,3,0.11,Goal,Root/div/carrier/station,APU_RT_ARR/ACS/DC/TVC,0,Yes
APU_RT_ARR,TWF,DC,station,3,0.36,Goal,Root/div/carrier/station,APU_RT_ARR/ACS/DC/TWF,0,Yes
APU_RT_ARR,TYS,DC,station,3,0.57,Goal,Root/div/carrier/station,APU_RT_ARR/ACS/DC/TYS,0,Yes
APU_RT_ARR,VLD,DC,station,3,0.46,Goal,Root/div/carrier/station,APU_RT_ARR/ACS/DC/VLD,0,Yes
APU_RT_ARR,VPS,DC,station,3,0.2,Goal,Root/div/carrier/station,APU_RT_ARR/ACS/DC/VPS,0,Yes
APU_RT_ARR,XNA,DC,station,3,0.46,Goal,Root/div/carrier/station,APU_RT_ARR/ACS/DC/XNA,0,Yes
APU_RT_ARR,XWA,DC,station,3,0.19,Goal,Root/div/carrier/station,APU_RT_ARR/ACS/DC/XWA,0,Yes
APU_RT_ARR,YHZ,DC,station,3,0.64,Goal,Root/div/carrier/station,APU_RT_ARR/ACS/DC/YHZ,0,Yes
APU_RT_ARR,YUL,DC,station,3,0.52,Goal,Root/div/carrier/station,APU_RT_ARR/ACS/DC/YUL,0,Yes
APU_RT_ARR,YVR,DC,station,3,0.11,Goal,Root/div/carrier/station,APU_RT_ARR/ACS/DC/YVR,0,Yes
APU_RT_ARR,YWG,DC,station,3,0.17,Goal,Root/div/carrier/station,APU_RT_ARR/ACS/DC/YWG,0,Yes
APU_RT_ARR,YYC,DC,station,3,0.81,Goal,Root/div/carrier/station,APU_RT_ARR/ACS/DC/YYC,0,Yes
APU_RT_ARR,YYZ,DC,station,3,0.31,Goal,Root/div/carrier/station,APU_RT_ARR/ACS/DC/YYZ,0,Yes
APU_RT_ARR,ATL_VP,DC,vp,3,0.71,Goal,Root/div/carrier/vp,APU_RT_ARR/ACS/DC/ATL_VP,0,Yes
APU_RT_ARR,AUS_FL_VP,DC,vp,3,0.37,Goal,Root/div/carrier/vp,APU_RT_ARR/ACS/DC/AUS_FL_VP,0,Yes
APU_RT_ARR,BOS_VP,DC,vp,3,0.65,Goal,Root/div/carrier/vp,APU_RT_ARR/ACS/DC/BOS_VP,0,Yes
APU_RT_ARR,DTW_VP,DC,vp,3,0.47,Goal,Root/div/carrier/vp,APU_RT_ARR/ACS/DC/DTW_VP,0,Yes
APU_RT_ARR,East_VP,DC,vp,3,0.66,Goal,Root/div/carrier/vp,APU_RT_ARR/ACS/DC/East_VP,0,Yes
APU_RT_ARR,FieldStations_VP,DC,vp,3,0.54,Goal,Root/div/carrier/vp,APU_RT_ARR/ACS/DC/FieldStations_VP,0,Yes
APU_RT_ARR,JFK_VP,DC,vp,3,0.2,Goal,Root/div/carrier/vp,APU_RT_ARR/ACS/DC/JFK_VP,0,Yes
APU_RT_ARR,LACC_VP,DC,vp,3,0.1,Goal,Root/div/carrier/vp,APU_RT_ARR/ACS/DC/LACC_VP,0,Yes
APU_RT_ARR,LAX_VP,DC,vp,3,0.52,Goal,Root/div/carrier/vp,APU_RT_ARR/ACS/DC/LAX_VP,0,Yes
APU_RT_ARR,LGA_VP,DC,vp,3,0.6,Goal,Root/div/carrier/vp,APU_RT_ARR/ACS/DC/LGA_VP,0,Yes
APU_RT_ARR,MSP_VP,DC,vp,3,0.54,Goal,Root/div/carrier/vp,APU_RT_ARR/ACS/DC/MSP_VP,0,Yes
APU_RT_ARR,SEA_VP,DC,vp,3,0.43,Goal,Root/div/carrier/vp,APU_RT_ARR/ACS/DC/SEA_VP,0,Yes
APU_RT_ARR,SLC_VP,DC,vp,3,0.74,Goal,Root/div/carrier/vp,APU_RT_ARR/ACS/DC/SLC_VP,0,Yes
APU_RT_ARR,West_Central_VP,DC,vp,3,0.38,Goal,Root/div/carrier/vp,APU_RT_ARR/ACS/DC/West_Central_VP,0,Yes
APU_RT_ARR,ML,ACS,carrier,2,0.3,Goal,Root/div/carrier,APU_RT_ARR/ACS/ML,289,No
APU_RT_ARR,AMS_Director,ML,director,3,0.24,Goal,Root/div/carrier/director,APU_RT_ARR/ACS/ML/AMS_Director,0,Yes
APU_RT_ARR,APAC_Director,ML,director,3,0.21,Goal,Root/div/carrier/director,APU_RT_ARR/ACS/ML/APAC_Director,0,Yes
APU_RT_ARR,AUS_Director,ML,director,3,0.56,Goal,Root/div/carrier/director,APU_RT_ARR/ACS/ML/AUS_Director,0,Yes
APU_RT_ARR,CANMEX_Director,ML,director,3,0.13,Goal,Root/div/carrier/director,APU_RT_ARR/ACS/ML/CANMEX_Director,0,Yes
APU_RT_ARR,Caribbean_Director,ML,director,3,0.44,Goal,Root/div/carrier/director,APU_RT_ARR/ACS/ML/Caribbean_Director,0,Yes
APU_RT_ARR,CASA_Director,ML,director,3,0.48,Goal,Root/div/carrier/director,APU_RT_ARR/ACS/ML/CASA_Director,0,Yes
APU_RT_ARR,CDG_Director,ML,director,3,0.63,Goal,Root/div/carrier/director,APU_RT_ARR/ACS/ML/CDG_Director,0,Yes
APU_RT_ARR,Central_Director,ML,director,3,0.45,Goal,Root/div/carrier/director,APU_RT_ARR/ACS/ML/Central_Director,0,Yes
APU_RT_ARR,East_Director,ML,director,3,0.05,Goal,Root/div/carrier/director,APU_RT_ARR/ACS/ML/East_Director,0,Yes
APU_RT_ARR,EMEA-A,ML,director,3,0.58,Goal,Root/div/carrier/director,APU_RT_ARR/ACS/ML/EMEA-A,0,Yes
APU_RT_ARR,EMEA-B,ML,director,3,0.08,Goal,Root/div/carrier/director,APU_RT_ARR/ACS/ML/EMEA-B,0,Yes
APU_RT_ARR,FieldStations_Director,ML,director,3,0.24,Goal,Root/div/carrier/director,APU_RT_ARR/ACS/ML/FieldStations_Director,0,Yes
APU_RT_ARR,Florida_Director,ML,director,3,0.65,Goal,Root/div/carrier/director,APU_RT_ARR/ACS/ML/Florida_Director,0,Yes
APU_RT_ARR,Hub_ATL,ML,director,3,0.23,Goal,Root/div/carrier/director,APU_RT_ARR/ACS/ML/Hub_ATL,0,Yes
APU_RT_ARR,Hub_BOS,ML,director,3,0.42,Goal,Root/div/carrier/director,APU_RT_ARR/ACS/ML/Hub_BOS,0,Yes
APU_RT_ARR,Hub_DTW,ML,director,3,0.21,Goal,Root/div/carrier/director,APU_RT_ARR/ACS/ML/Hub_DTW,0,Yes
APU_RT_ARR,Hub_JFK,ML,director,3,0.48,Goal,Root/div/carrier/director,APU_RT_ARR/ACS/ML/Hub_JFK,0,Yes
APU_RT_ARR,Hub_LAX,ML,director,3,0.57,Goal,Root/div/carrier/director,APU_RT_ARR/ACS/ML/Hub_LAX,0,Yes
APU_RT_ARR,Hub_LGA,ML,director,3,0.19,Goal,Root/div/carrier/director,APU_RT_ARR/ACS/ML/Hub_LGA,0,Yes
APU_RT_ARR,Hub_MSP,ML,director,3,0.42,Goal,Root/div/carrier/director,APU_RT_ARR/ACS/ML/Hub_MSP,0,Yes
APU_RT_ARR,Hub_SEA,ML,director,3,0.67,Goal,Root/div/carrier/director,APU_RT_ARR/ACS/ML/Hub_SEA,0,Yes
APU_RT_ARR,Hub_SLC,ML,director,3,0.61,Goal,Root/div/carrier/director,APU_RT_ARR/ACS/ML/Hub_SLC,0,Yes
APU_RT_ARR,West_Director,ML,director,3,0.07,Goal,Root/div/carrier/director,APU_RT_ARR/ACS/ML/West_Director,0,Yes
APU_RT_ARR,ACSATL,ML,division,3,0.03,Goal,Root/div/carrier/division,APU_RT_ARR/ACS/ML/ACSATL,0,Yes
APU_RT_ARR,ACSJFK,ML,division,3,0.3,Goal,Root/div/carrier/division,APU_RT_ARR/ACS/ML/ACSJFK,0,Yes
APU_RT_ARR,DTW_AUS_FL,ML,division,3,0.37,Goal,Root/div/carrier/division,APU_RT_ARR/ACS/ML/DTW_AUS_FL,0,Yes
APU_RT_ARR,East,ML,division,3,0.65,Goal,Root/div/carrier/division,APU_RT_ARR/ACS/ML/East,0,Yes
APU_RT_ARR,FieldStations,ML,division,3,0.09,Goal,Root/div/carrier/division,APU_RT_ARR/ACS/ML/FieldStations,0,Yes
APU_RT_ARR,International,ML,division,3,0.29,Goal,Root/div/carrier/division,APU_RT_ARR/ACS/ML/International,0,Yes
APU_RT_ARR,MSP_SEA_SLC,ML,division,3,0.3,Goal,Root/div/carrier/division,APU_RT_ARR/ACS/ML/MSP_SEA_SLC,0,Yes
APU_RT_ARR,West_Central,ML,division,3,0.3,Goal,Root/div/carrier/division,APU_RT_ARR/ACS/ML/West_Central,0,Yes
APU_RT_ARR,AMS_Region,ML,region,3,0.09,Goal,Root/div/carrier/region,APU_RT_ARR/ACS/ML/AMS_Region,0,Yes
APU_RT_ARR,AUS_Region,ML,region,3,0.0,Goal,Root/div/carrier/region,APU_RT_ARR/ACS/ML/AUS_Region,0,Yes
APU_RT_ARR,Canada_Region,ML,region,3,0.19,Goal,Root/div/carrier/region,APU_RT_ARR/ACS/ML/Canada_Region,0,Yes
APU_RT_ARR,Caribbean_Region,ML,region,3,0.37,Goal,Root/div/carrier/region,APU_RT_ARR/ACS/ML/Caribbean_Region,0,Yes
APU_RT_ARR,CDG_Region,ML,region,3,0.33,Goal,Root/div/carrier/region,APU_RT_ARR/ACS/ML/CDG_Region,0,Yes
APU_RT_ARR,CentralAmerica_Region,ML,region,3,0.28,Goal,Root/div/carrier/region,APU_RT_ARR/ACS/ML/CentralAmerica_Region,0,Yes
APU_RT_ARR,Central_Region,ML,region,3,0.48,Goal,Root/div/carrier/region,APU_RT_ARR/ACS/ML/Central_Region,0,Yes
APU_RT_ARR,EastAsia_Region,ML,region,3,0.37,Goal,Root/div/carrier/region,APU_RT_ARR/ACS/ML/EastAsia_Region,0,Yes
APU_RT_ARR,Florida_Region,ML,region,3,0.48,Goal,Root/div/carrier/region,APU_RT_ARR/ACS/ML/Florida_Region,0,Yes
APU_RT_ARR,FS_Central,ML,region,3,0.01,Goal,Root/div/carrier/region,APU_RT_ARR/ACS/ML/FS_Central,0,Yes
APU_RT_ARR,FS_East,ML,region,3,0.24,Goal,Root/div/carrier/region,APU_RT_ARR/ACS/ML/FS_East,0,Yes
APU_RT_ARR,FS_MountainWest,ML,region,3,0.37,Goal,Root/div/carrier/region,APU_RT_ARR/ACS/ML/FS_MountainWest,0,Yes
APU_RT_ARR,FS_South,ML,region,3,0.54,Goal,Root/div/carrier/region,APU_RT_ARR/ACS/ML/FS_South,0,Yes
APU_RT_ARR,FS_West,ML,region,3,0.05,Goal,Root/div/carrier/region,APU_RT_ARR/ACS/ML/FS_West,0,Yes
APU_RT_ARR,GreatLakes_Region,ML,region,3,0.34,Goal,Root/div/carrier/region,APU_RT_ARR/ACS/ML/GreatLakes_Region,0,Yes
APU_RT_ARR,MCO_Region,ML,region,3,0.57,Goal,Root/div/carrier/region,APU_RT_ARR/ACS/ML/MCO_Region,0,Yes
APU_RT_ARR,Mexico_Region,ML,region,3,0.05,Goal,Root/div/carrier/region,APU_RT_ARR/ACS/ML/Mexico_Region,0,Yes
APU_RT_ARR,MIA_Region,ML,region,3,0.35,Goal,Root/div/carrier/region,APU_RT_ARR/ACS/ML/MIA_Region,0,Yes
APU_RT_ARR,Northeast_Region,ML,region,3,0.21,Goal,Root/div/carrier/region,APU_RT_ARR/ACS/ML/Northeast_Region,0,Yes
APU_RT_ARR,SouthAmerica_Region,ML,region,3,0.61,Goal,Root/div/carrier/region,APU_RT_ARR/ACS/ML/SouthAmerica_Region,0,Yes
APU_RT_ARR,Southeast_Region,ML,region,3,0.42,Goal,Root/div/carrier/region,APU_RT_ARR/ACS/ML/Southeast_Region,0,Yes
APU_RT_ARR,SouthPacific_Region,ML,region,3,0.68,Goal,Root/div/carrier/region,APU_RT_ARR/ACS/ML/SouthPacific_Region,0,Yes
APU_RT_ARR,SouthWest_Region,ML,region,3,0.33,Goal,Root/div/carrier/region,APU_RT_ARR/ACS/ML/SouthWest_Region,0,Yes
APU_RT_ARR,West_Region,ML,region,3,0.1,Goal,Root/div/carrier/region,APU_RT_ARR/ACS/ML/West_Region,0,Yes
APU_RT_ARR,ABQ,ML,station,3,0.68,Goal,Root/div/carrier/station,APU_RT_ARR/ACS/ML/ABQ,0,Yes
APU_RT_ARR,ACC,ML,station,3,0.17,Goal,Root/div/carrier/station,APU_RT_ARR/ACS/ML/ACC,0,Yes
APU_RT_ARR,AGS,ML,station,3,0.37,Goal,Root/div/carrier/station,APU_RT_ARR/ACS/ML/AGS,0,Yes
APU_RT_ARR,AKL,ML,station,3,0.27,Goal,Root/div/carrier/station,APU_RT_ARR/ACS/ML/AKL,0,Yes
APU_RT_ARR,ALB,ML,station,3,0.35,Goal,Root/div/carrier/station,APU_RT_ARR/ACS/ML/ALB,0,Yes
APU_RT_ARR,AMS,ML,station,3,0.04,Goal,Root/div/carrier/station,APU_RT_ARR/ACS/ML/AMS,0,Yes
APU_RT_ARR,ANC,ML,station,3,0.32,Goal,Root/div/carrier/station,APU_RT_ARR/ACS/ML/ANC,0,Yes
APU_RT_ARR,ARN,ML,station,3,0.0,Goal,Root/div/carrier/station,APU_RT_ARR/ACS/ML/ARN,0,Yes
APU_RT_ARR,ATH,ML,station,3,0.33,Goal,Root/div/carrier/station,APU_RT_ARR/ACS/ML/ATH,0,Yes
APU_RT_ARR,ATL,ML,station,3,0.1,Goal,Root/div/carrier/station,APU_RT_ARR/ACS/ML/ATL,0,Yes
APU_RT_ARR,ATW,ML,station,3,0.57,Goal,Root/div/carrier/station,APU_RT_ARR/ACS/ML/ATW,0,Yes
APU_RT_ARR,AUS,ML,station,3,0.65,Goal,Root/div/carrier/station,APU_RT_ARR/ACS/ML/AUS,0,Yes
APU_RT_ARR,AVL,ML,station,3,0.05,Goal,Root/div/carrier/station,APU_RT_ARR/ACS/ML/AVL,0,Yes
APU_RT_ARR,BCN,ML,station,3,0.45,Goal,Root/div/carrier/station,APU_RT_ARR/ACS/ML/BCN,0,Yes
APU_RT_ARR,BDA,ML,station,3,0.35,Goal,Root/div/carrier/station,APU_RT_ARR/ACS/ML/BDA,0,Yes
APU_RT_ARR,BDL,ML,station,3,0.3,Goal,Root/div/carrier/station,APU_RT_ARR/ACS/ML/BDL,0,Yes
APU_RT_ARR,BER,ML,station,3,0.62,Goal,Root/div/carrier/station,APU_RT_ARR/ACS/ML/BER,0,Yes
APU_RT_ARR,BGR,ML,station,3,0.59,Goal,Root/div/carrier/station,APU_RT_ARR/ACS/ML/BGR,0,Yes
APU_RT_ARR,BHM,ML,station,3,0.31,Goal,Root/div/carrier/station,APU_RT_ARR/ACS/ML/BHM,0,Yes
APU_RT_ARR,BIL,ML,station,3,0.44,Goal,Root/div/carrier/station,APU_RT_ARR/ACS/ML/BIL,0,Yes
APU_RT_ARR,BIS,ML,station,3,0.01,Goal,Root/div/carrier/station,APU_RT_ARR/ACS/ML/BIS,0,Yes
APU_RT_ARR,BNA,ML,station,3,0.02,Goal,Root/div/carrier/station,APU_RT_ARR/ACS/ML/BNA,0,Yes
APU_RT_ARR,BOG,ML,station,3,0.33,Goal,Root/div/carrier/station,APU_RT_ARR/ACS/ML/BOG,0,Yes
APU_RT_ARR,BOI,ML,station,3,0.32,Goal,Root/div/carrier/station,APU_RT_ARR/ACS/ML/BOI,0,Yes
APU_RT_ARR,BOS,ML,station,3,0.63,Goal,Root/div/carrier/station,APU_RT_ARR/ACS/ML/BOS,0,Yes
APU_RT_ARR,BRU,ML,station,3,0.34,Goal,Root/div/carrier/station,APU_RT_ARR/ACS/ML/BRU,0,Yes
APU_RT_ARR,BTR,ML,station,3,0.65,Goal,Root/div/carrier/station,APU_RT_ARR/ACS/ML/BTR,0,Yes
APU_RT_ARR,BTV,ML,station,3,0.48,Goal,Root/div/carrier/station,APU_RT_ARR/ACS/ML/BTV,0,Yes
APU_RT_ARR,BUF,ML,station,3,0.51,Goal,Root/div/carrier/station,APU_RT_ARR/ACS/ML/BUF,0,Yes
APU_RT_ARR,BWI,ML,station,3,0.12,Goal,Root/div/carrier/station,APU_RT_ARR/ACS/ML/BWI,0,Yes
APU_RT_ARR,BZE,ML,station,3,0.03,Goal,Root/div/carrier/station,APU_RT_ARR/ACS/ML/BZE,0,Yes
APU_RT_ARR,BZN,ML,station,3,0.22,Goal,Root/div/carrier/station,APU_RT_ARR/ACS/ML/BZN,0,Yes
APU_RT_ARR,CAE,ML,station,3,0.39,Goal,Root/div/carrier/station,APU_RT_ARR/ACS/ML/CAE,0,Yes
APU_RT_ARR,CDG,ML,station,3,0.49,Goal,Root/div/carrier/station,APU_RT_ARR/ACS/ML/CDG,0,Yes
APU_RT_ARR,CHA,ML,station,3,0.51,Goal,Root/div/carrier/station,APU_RT_ARR/ACS/ML/CHA,0,Yes
APU_RT_ARR,CHO,ML,station,3,0.46,Goal,Root/div/carrier/station,APU_RT_ARR/ACS/ML/CHO,0,Yes
APU_RT_ARR,CHS,ML,station,3,0.43,Goal,Root/div/carrier/station,APU_RT_ARR/ACS/ML/CHS,0,Yes
APU_RT_ARR,CID,ML,station,3,0.37,Goal,Root/div/carrier/station,APU_RT_ARR/ACS/ML/CID,0,Yes
APU_RT_ARR,CLE,ML,station,3,0.41,Goal,Root/div/carrier/station,APU_RT_ARR/ACS/ML/CLE,0,Yes
APU_RT_ARR,CLT,ML,station,3,0.5,Goal,Root/div/carrier/station,APU_RT_ARR/ACS/ML/CLT,0,Yes
APU_RT_ARR,CMH,ML,station,3,0.35,Goal,Root/div/carrier/station,APU_RT_ARR/ACS/ML/CMH,0,Yes
APU_RT_ARR,COS,ML,station,3,0.43,Goal,Root/div/carrier/station,APU_RT_ARR/ACS/ML/COS,0,Yes
APU_RT_ARR,CPH,ML,station,3,0.28,Goal,Root/div/carrier/station,APU_RT_ARR/ACS/ML/CPH,0,Yes
APU_RT_ARR,CPT,ML,station,3,0.57,Goal,Root/div/carrier/station,APU_RT_ARR/ACS/ML/CPT,0,Yes
APU_RT_ARR,CTA,ML,station,3,0.58,Goal,Root/div/carrier/station,APU_RT_ARR/ACS/ML/CTA,0,Yes
APU_RT_ARR,CTG,ML,station,3,0.31,Goal,Root/div/carrier/station,APU_RT_ARR/ACS/ML/CTG,0,Yes
APU_RT_ARR,CUN,ML,station,3,0.41,Goal,Root/div/carrier/station,APU_RT_ARR/ACS/ML/CUN,0,Yes
APU_RT_ARR,CVG,ML,station,3,0.52,Goal,Root/div/carrier/station,APU_RT_ARR/ACS/ML/CVG,0,Yes
APU_RT_ARR,DAB,ML,station,3,0.33,Goal,Root/div/carrier/station,APU_RT_ARR/ACS/ML/DAB,0,Yes
APU_RT_ARR,DAL,ML,station,3,0.52,Goal,Root/div/carrier/station,APU_RT_ARR/ACS/ML/DAL,0,Yes
APU_RT_ARR,DAY,ML,station,3,0.15,Goal,Root/div/carrier/station,APU_RT_ARR/ACS/ML/DAY,0,Yes
APU_RT_ARR,DCA,ML,station,3,0.38,Goal,Root/div/carrier/station,APU_RT_ARR/ACS/ML/DCA,0,Yes
APU_RT_ARR,DEN,ML,station,3,0.08,Goal,Root/div/carrier/station,APU_RT_ARR/ACS/ML/DEN,0,Yes
APU_RT_ARR,DFW,ML,station,3,0.68,Goal,Root/div/carrier/station,APU_RT_ARR/ACS/ML/DFW,0,Yes
APU_RT_ARR,DSM,ML,station,3,0.45,Goal,Root/div/carrier/station,APU_RT_ARR/ACS/ML/DSM,0,Yes
APU_RT_ARR,DSS,ML,station,3,0.37,Goal,Root/div/carrier/station,APU_RT_ARR/ACS/ML/DSS,0,Yes
APU_RT_ARR,DTW,ML,station,3,0.5,Goal,Root/div/carrier/station,APU_RT_ARR/ACS/ML/DTW,0,Yes
APU_RT_ARR,DUB,ML,station,3,0.55,Goal,Root/div/carrier/station,APU_RT_ARR/ACS/ML/DUB,0,Yes
APU_RT_ARR,ECP,ML,station,3,0.15,Goal,Root/div/carrier/station,APU_RT_ARR/ACS/ML/ECP,0,Yes
APU_RT_ARR,EDI,ML,station,3,0.54,Goal,Root/div/carrier/station,APU_RT_ARR/ACS/ML/EDI,0,Yes
APU_RT_ARR,EGE,ML,station,3,0.53,Goal,Root/div/carrier/station,APU_RT_ARR/ACS/ML/EGE,0,Yes
APU_RT_ARR,ELP,ML,station,3,0.29,Goal,Root/div/carrier/station,APU_RT_ARR/ACS/ML/ELP,0,Yes
APU_RT_ARR,EWR,ML,station,3,0.43,Goal,Root/div/carrier/station,APU_RT_ARR/ACS/ML/EWR,0,Yes
APU_RT_ARR,EYW,ML,station,3,0.46,Goal,Root/div/carrier/station,APU_RT_ARR/ACS/ML/EYW,0,Yes
APU_RT_ARR,EZE,ML,station,3,0.06,Goal,Root/div/carrier/station,APU_RT_ARR/ACS/ML/EZE,0,Yes
APU_RT_ARR,FAI,ML,station,3,0.18,Goal,Root/div/carrier/station,APU_RT_ARR/ACS/ML/FAI,0,Yes
APU_RT_ARR,FAR,ML,station,3,0.43,Goal,Root/div/carrier/station,APU_RT_ARR/ACS/ML/FAR,0,Yes
APU_RT_ARR,FAT,ML,station,3,0.03,Goal,Root/div/carrier/station,APU_RT_ARR/ACS/ML/FAT,0,Yes
APU_RT_ARR,FAY,ML,station,3,0.14,Goal,Root/div/carrier/station,APU_RT_ARR/ACS/ML/FAY,0,Yes
APU_RT_ARR,FCA,ML,station,3,0.25,Goal,Root/div/carrier/station,APU_RT_ARR/ACS/ML/FCA,0,Yes
APU_RT_ARR,FCO,ML,station,3,0.4,Goal,Root/div/carrier/station,APU_RT_ARR/ACS/ML/FCO,0,Yes
APU_RT_ARR,FLL,ML,station,3,0.57,Goal,Root/div/carrier/station,APU_RT_ARR/ACS/ML/FLL,0,Yes
APU_RT_ARR,FRA,ML,station,3,0.32,Goal,Root/div/carrier/station,APU_RT_ARR/ACS/ML/FRA,0,Yes
APU_RT_ARR,FSD,ML,station,3,0.26,Goal,Root/div/carrier/station,APU_RT_ARR/ACS/ML/FSD,0,Yes
APU_RT_ARR,GDL,ML,station,3,0.17,Goal,Root/div/carrier/station,APU_RT_ARR/ACS/ML/GDL,0,Yes
APU_RT_ARR,GEG,ML,station,3,0.28,Goal,Root/div/carrier/station,APU_RT_ARR/ACS/ML/GEG,0,Yes
APU_RT_ARR,GIG,ML,station,3,0.68,Goal,Root/div/carrier/station,APU_RT_ARR/ACS/ML/GIG,0,Yes
APU_RT_ARR,GNV,ML,station,3,0.28,Goal,Root/div/carrier/station,APU_RT_ARR/ACS/ML/GNV,0,Yes
APU_RT_ARR,GPT,ML,station,3,0.66,Goal,Root/div/carrier/station,APU_RT_ARR/ACS/ML/GPT,0,Yes
APU_RT_ARR,GRB,ML,station,3,0.32,Goal,Root/div/carrier/station,APU_RT_ARR/ACS/ML/GRB,0,Yes
APU_RT_ARR,GRR,ML,station,3,0.32,Goal,Root/div/carrier/station,APU_RT_ARR/ACS/ML/GRR,0,Yes
APU_RT_ARR,GRU,ML,station,3,0.37,Goal,Root/div/carrier/station,APU_RT_ARR/ACS/ML/GRU,0,Yes
APU_RT_ARR,GSO,ML,station,3,0.11,Goal,Root/div/carrier/station,APU_RT_ARR/ACS/ML/GSO,0,Yes
APU_RT_ARR,GSP,ML,station,3,0.3,Goal,Root/div/carrier/station,APU_RT_ARR/ACS/ML/GSP,0,Yes
APU_RT_ARR,GVA,ML,station,3,0.02,Goal,Root/div/carrier/station,APU_RT_ARR/ACS/ML/GVA,0,Yes
APU_RT_ARR,HDN,ML,station,3,0.43,Goal,Root/div/carrier/station,APU_RT_ARR/ACS/ML/HDN,0,Yes
APU_RT_ARR,HND,ML,station,3,0.55,Goal,Root/div/carrier/station,APU_RT_ARR/ACS/ML/HND,0,Yes
APU_RT_ARR,HNL,ML,station,3,0.25,Goal,Root/div/carrier/station,APU_RT_ARR/ACS/ML/HNL,0,Yes
APU_RT_ARR,HOU,ML,station,3,0.13,Goal,Root/div/carrier/station,APU_RT_ARR/ACS/ML/HOU,0,Yes
APU_RT_ARR,HPN,ML,station,3,0.42,Goal,Root/div/carrier/station,APU_RT_ARR/ACS/ML/HPN,0,Yes
APU_RT_ARR,HRL,ML,station,3,0.29,Goal,Root/div/carrier/station,APU_RT_ARR/ACS/ML/HRL,0,Yes
APU_RT_ARR,HSV,ML,station,3,0.51,Goal,Root/div/carrier/station,APU_RT_ARR/ACS/ML/HSV,0,Yes
APU_RT_ARR,IAD,ML,station,3,0.51,Goal,Root/div/carrier/station,APU_RT_ARR/ACS/ML/IAD,0,Yes
APU_RT_ARR,IAH,ML,station,3,0.24,Goal,Root/div/carrier/station,APU_RT_ARR/ACS/ML/IAH,0,Yes
APU_RT_ARR,ICN,ML,station,3,0.59,Goal,Root/div/carrier/station,APU_RT_ARR/ACS/ML/ICN,0,Yes
APU_RT_ARR,ICT,ML,station,3,0.31,Goal,Root/div/carrier/station,APU_RT_ARR/ACS/ML/ICT,0,Yes
APU_RT_ARR,ILM,ML,station,3,0.38,Goal,Root/div/carrier/station,APU_RT_ARR/ACS/ML/ILM,0,Yes
APU_RT_ARR,IND,ML,station,3,0.59,Goal,Root/div/carrier/station,APU_RT_ARR/ACS/ML/IND,0,Yes
APU_RT_ARR,JAC,ML,station,3,0.61,Goal,Root/div/carrier/station,APU_RT_ARR/ACS/ML/JAC,0,Yes
APU_RT_ARR,JAN,ML,station,3,0.27,Goal,Root/div/carrier/station,APU_RT_ARR/ACS/ML/JAN,0,Yes
APU_RT_ARR,JAX,ML,station,3,0.38,Goal,Root/div/carrier/station,APU_RT_ARR/ACS/ML/JAX,0,Yes
APU_RT_ARR,JFK,ML,station,3,0.13,Goal,Root/div/carrier/station,APU_RT_ARR/ACS/ML/JFK,0,Yes
APU_RT_ARR,JNB,ML,station,3,0.23,Goal,Root/div/carrier/station,APU_RT_ARR/ACS/ML/JNB,0,Yes
APU_RT_ARR,JNU,ML,station,3,0.57,Goal,Root/div/carrier/station,APU_RT_ARR/ACS/ML/JNU,0,Yes
APU_RT_ARR,KEF,ML,station,3,0.3,Goal,Root/div/carrier/station,APU_RT_ARR/ACS/ML/KEF,0,Yes
APU_RT_ARR,KIN,ML,station,3,0.48,Goal,Root/div/carrier/station,APU_RT_ARR/ACS/ML/KIN,0,Yes
APU_RT_ARR,LAS,ML,station,3,0.19,Goal,Root/div/carrier/station,APU_RT_ARR/ACS/ML/LAS,0,Yes
APU_RT_ARR,LAX,ML,station,3,0.42,Goal,Root/div/carrier/station,APU_RT_ARR/ACS/ML/LAX,0,Yes
APU_RT_ARR,LEX,ML,station,3,0.36,Goal,Root/div/carrier/station,APU_RT_ARR/ACS/ML/LEX,0,Yes
APU_RT_ARR,LGA,ML,station,3,0.49,Goal,Root/div/carrier/station,APU_RT_ARR/ACS/ML/LGA,0,Yes
APU_RT_ARR,LGB,ML,station,3,0.25,Goal,Root/div/carrier/station,APU_RT_ARR/ACS/ML/LGB,0,Yes
APU_RT_ARR,LGW,ML,station,3,0.32,Goal,Root/div/carrier/station,APU_RT_ARR/ACS/ML/LGW,0,Yes
APU_RT_ARR,LHR,ML,station,3,0.4,Goal,Root/div/carrier/station,APU_RT_ARR/ACS/ML/LHR,0,Yes
APU_RT_ARR,LIH,ML,station,3,0.43,Goal,Root/div/carrier/station,APU_RT_ARR/ACS/ML/LIH,0,Yes
APU_RT_ARR,LIM,ML,station,3,0.41,Goal,Root/div/carrier/station,APU_RT_ARR/ACS/ML/LIM,0,Yes
APU_RT_ARR,LIR,ML,station,3,0.2,Goal,Root/div/carrier/station,APU_RT_ARR/ACS/ML/LIR,0,Yes
APU_RT_ARR,LIS,ML,station,3,0.37,Goal,Root/div/carrier/station,APU_RT_ARR/ACS/ML/LIS,0,Yes
APU_RT_ARR,LIT,ML,station,3,0.09,Goal,Root/div/carrier/station,APU_RT_ARR/ACS/ML/LIT,0,Yes
APU_RT_ARR,MAD,ML,station,3,0.63,Goal,Root/div/carrier/station,APU_RT_ARR/ACS/ML/MAD,0,Yes
APU_RT_ARR,MBJ,ML,station,3,0.6,Goal,Root/div/carrier/station,APU_RT_ARR/ACS/ML/MBJ,0,Yes
APU_RT_ARR,MCI,ML,station,3,0.11,Goal,Root/div/carrier/station,APU_RT_ARR/ACS/ML/MCI,0,Yes
APU_RT_ARR,MCO,ML,station,3,0.14,Goal,Root/div/carrier/station,APU_RT_ARR/ACS/ML/MCO,0,Yes
APU_RT_ARR,MDT,ML,station,3,0.51,Goal,Root/div/carrier/station,APU_RT_ARR/ACS/ML/MDT,0,Yes
APU_RT_ARR,MDW,ML,station,3,0.23,Goal,Root/div/carrier/station,APU_RT_ARR/ACS/ML/MDW,0,Yes
APU_RT_ARR,MEM,ML,station,3,0.22,Goal,Root/div/carrier/station,APU_RT_ARR/ACS/ML/MEM,0,Yes
APU_RT_ARR,MEX,ML,station,3,0.61,Goal,Root/div/carrier/station,APU_RT_ARR/ACS/ML/MEX,0,Yes
APU_RT_ARR,MIA,ML,station,3,0.58,Goal,Root/div/carrier/station,APU_RT_ARR/ACS/ML/MIA,0,Yes
APU_RT_ARR,MKE,ML,station,3,0.47,Goal,Root/div/carrier/station,APU_RT_ARR/ACS/ML/MKE,0,Yes
APU_RT_ARR,MLB,ML,station,3,0.23,Goal,Root/div/carrier/station,APU_RT_ARR/ACS/ML/MLB,0,Yes
APU_RT_ARR,MOB,ML,station,3,0.44,Goal,Root/div/carrier/station,APU_RT_ARR/ACS/ML/MOB,0,Yes
APU_RT_ARR,MSN,ML,station,3,0.63,Goal,Root/div/carrier/station,APU_RT_ARR/ACS/ML/MSN,0,Yes
APU_RT_ARR,MSO,ML,station,3,0.18,Goal,Root/div/carrier/station,APU_RT_ARR/ACS/ML/MSO,0,Yes
APU_RT_ARR,MSP,ML,station,3,0.54,Goal,Root/div/carrier/station,APU_RT_ARR/ACS/ML/MSP,0,Yes
APU_RT_ARR,MSY,ML,station,3,0.22,Goal,Root/div/carrier/station,APU_RT_ARR/ACS/ML/MSY,0,Yes
APU_RT_ARR,MTJ,ML,station,3,0.67,Goal,Root/div/carrier/station,APU_RT_ARR/ACS/ML/MTJ,0,Yes
APU_RT_ARR,MTY,ML,station,3,0.09,Goal,Root/div/carrier/station,APU_RT_ARR/ACS/ML/MTY,0,Yes
APU_RT_ARR,MUC,ML,station,3,0.24,Goal,Root/div/carrier/station,APU_RT_ARR/ACS/ML/MUC,0,Yes
APU_RT_ARR,MXP,ML,station,3,0.35,Goal,Root/div/carrier/station,APU_RT_ARR/ACS/ML/MXP,0,Yes
APU_RT_ARR,MYR,ML,station,3,0.67,Goal,Root/div/carrier/station,APU_RT_ARR/ACS/ML/MYR,0,Yes
APU_RT_ARR,MZT,ML,station,3,0.09,Goal,Root/div/carrier/station,APU_RT_ARR/ACS/ML/MZT,0,Yes
APU_RT_ARR,NAP,ML,station,3,0.64,Goal,Root/div/carrier/station,APU_RT_ARR/ACS/ML/NAP,0,Yes
APU_RT_ARR,NAS,ML,station,3,0.03,Goal,Root/div/carrier/station,APU_RT_ARR/ACS/ML/NAS,0,Yes
APU_RT_ARR,NCE,ML,station,3,0.53,Goal,Root/div/carrier/station,APU_RT_ARR/ACS/ML/NCE,0,Yes
APU_RT_ARR,OAK,ML,station,3,0.1,Goal,Root/div/carrier/station,APU_RT_ARR/ACS/ML/OAK,0,Yes
APU_RT_ARR,OGG,ML,station,3,0.24,Goal,Root/div/carrier/station,APU_RT_ARR/ACS/ML/OGG,0,Yes
APU_RT_ARR,OKC,ML,station,3,0.56,Goal,Root/div/carrier/station,APU_RT_ARR/ACS/ML/OKC,0,Yes
APU_RT_ARR,OMA,ML,station,3,0.13,Goal,Root/div/carrier/station,APU_RT_ARR/ACS/ML/OMA,0,Yes
APU_RT_ARR,ONT,ML,station,3,0.54,Goal,Root/div/carrier/station,APU_RT_ARR/ACS/ML/ONT,0,Yes
APU_RT_ARR,ORD,ML,station,3,0.05,Goal,Root/div/carrier/station,APU_RT_ARR/ACS/ML/ORD,0,Yes
APU_RT_ARR,ORF,ML,station,3,0.35,Goal,Root/div/carrier/station,APU_RT_ARR/ACS/ML/ORF,0,Yes
APU_RT_ARR,PBI,ML,station,3,0.19,Goal,Root/div/carrier/station,APU_RT_ARR/ACS/ML/PBI,0,Yes
APU_RT_ARR,PDX,ML,station,3,0.44,Goal,Root/div/carrier/station,APU_RT_ARR/ACS/ML/PDX,0,Yes
APU_RT_ARR,PHL,ML,station,3,0.65,Goal,Root/div/carrier/station,APU_RT_ARR/ACS/ML/PHL,0,Yes
APU_RT_ARR,PHX,ML,station,3,0.36,Goal,Root/div/carrier/station,APU_RT_ARR/ACS/ML/PHX,0,Yes
APU_RT_ARR,PIT,ML,station,3,0.49,Goal,Root/div/carrier/station,APU_RT_ARR/ACS/ML/PIT,0,Yes
APU_RT_ARR,PLS,ML,station,3,0.31,Goal,Root/div/carrier/station,APU_RT_ARR/ACS/ML/PLS,0,Yes
APU_RT_ARR,PNS,ML,station,3,0.38,Goal,Root/div/carrier/station,APU_RT_ARR/ACS/ML/PNS,0,Yes
APU_RT_ARR,POP,ML,station,3,0.39,Goal,Root/div/carrier/station,APU_RT_ARR/ACS/ML/POP,0,Yes
APU_RT_ARR,PRG,ML,station,3,0.25,Goal,Root/div/carrier/station,APU_RT_ARR/ACS/ML/PRG,0,Yes
APU_RT_ARR,PSC,ML,station,3,0.63,Goal,Root/div/carrier/station,APU_RT_ARR/ACS/ML/PSC,0,Yes
APU_RT_ARR,PSP,ML,station,3,0.04,Goal,Root/div/carrier/station,APU_RT_ARR/ACS/ML/PSP,0,Yes
APU_RT_ARR,PUJ,ML,station,3,0.12,Goal,Root/div/carrier/station,APU_RT_ARR/ACS/ML/PUJ,0,Yes
APU_RT_ARR,PVD,ML,station,3,0.55,Goal,Root/div/carrier/station,APU_RT_ARR/ACS/ML/PVD,0,Yes
APU_RT_ARR,PVG,ML,station,3,0.46,Goal,Root/div/carrier/station,APU_RT_ARR/ACS/ML/PVG,0,Yes
APU_RT_ARR,PVR,ML,station,3,0.16,Goal,Root/div/carrier/station,APU_RT_ARR/ACS/ML/PVR,0,Yes
APU_RT_ARR,PWM,ML,station,3,0.11,Goal,Root/div/carrier/station,APU_RT_ARR/ACS/ML/PWM,0,Yes
APU_RT_ARR,RAK,ML,station,3,0.34,Goal,Root/div/carrier/station,APU_RT_ARR/ACS/ML/RAK,0,Yes
APU_RT_ARR,RAP,ML,station,3,0.59,Goal,Root/div/carrier/station,APU_RT_ARR/ACS/ML/RAP,0,Yes
APU_RT_ARR,RDU,ML,station,3,0.48,Goal,Root/div/carrier/station,APU_RT_ARR/ACS/ML/RDU,0,Yes
APU_RT_ARR,RIC,ML,station,3,0.44,Goal,Root/div/carrier/station,APU_RT_ARR/ACS/ML/RIC,0,Yes
APU_RT_ARR,RNO,ML,station,3,0.17,Goal,Root/div/carrier/station,APU_RT_ARR/ACS/ML/RNO,0,Yes
APU_RT_ARR,ROA,ML,station,3,0.53,Goal,Root/div/carrier/station,APU_RT_ARR/ACS/ML/ROA,0,Yes
APU_RT_ARR,ROC,ML,station,3,0.42,Goal,Root/div/carrier/station,APU_RT_ARR/ACS/ML/ROC,0,Yes
APU_RT_ARR,RSW,ML,station,3,0.66,Goal,Root/div/carrier/station,APU_RT_ARR/ACS/ML/RSW,0,Yes
APU_RT_ARR,SAL,ML,station,3,0.25,Goal,Root/div/carrier/station,APU_RT_ARR/ACS/ML/SAL,0,Yes
APU_RT_ARR,SAN,ML,station,3,0.55,Goal,Root/div/carrier/station,APU_RT_ARR/ACS/ML/SAN,0,Yes
APU_RT_ARR,SAP,ML,station,3,0.4,Goal,Root/div/carrier/station,APU_RT_ARR/ACS/ML/SAP,0,Yes
APU_RT_ARR,SAT,ML,station,3,0.37,Goal,Root/div/carrier/station,APU_RT_ARR/ACS/ML/SAT,0,Yes
APU_RT_ARR,SAV,ML,station,3,0.39,Goal,Root/div/carrier/station,APU_RT_ARR/ACS/ML/SAV,0,Yes
APU_RT_ARR,SCL,ML,station,3,0.6,Goal,Root/div/carrier/station,APU_RT_ARR/ACS/ML/SCL,0,Yes
APU_RT_ARR,SDF,ML,station,3,0.61,Goal,Root/div/carrier/station,APU_RT_ARR/ACS/ML/SDF,0,Yes
APU_RT_ARR,SDQ,ML,station,3,0.42,Goal,Root/div/carrier/station,APU_RT_ARR/ACS/ML/SDQ,0,Yes
APU_RT_ARR,SEA,ML,station,3,0.18,Goal,Root/div/carrier/station,APU_RT_ARR/ACS/ML/SEA,0,Yes
APU_RT_ARR,SFO,ML,station,3,0.14,Goal,Root/div/carrier/station,APU_RT_ARR/ACS/ML/SFO,0,Yes
APU_RT_ARR,SGF,ML,station,3,0.13,Goal,Root/div/carrier/station,APU_RT_ARR/ACS/ML/SGF,0,Yes
APU_RT_ARR,SJC,ML,station,3,0.3,Goal,Root/div/carrier/station,APU_RT_ARR/ACS/ML/SJC,0,Yes
APU_RT_ARR,SJD,ML,station,3,0.13,Goal,Root/div/carrier/station,APU_RT_ARR/ACS/ML/SJD,0,Yes
APU_RT_ARR,SJO,ML,station,3,0.54,Goal,Root/div/carrier/station,APU_RT_ARR/ACS/ML/SJO,0,Yes
APU_RT_ARR,SJU,ML,station,3,0.16,Goal,Root/div/carrier/station,APU_RT_ARR/ACS/ML/SJU,0,Yes
APU_RT_ARR,SLC,ML,station,3,0.05,Goal,Root/div/carrier/station,APU_RT_ARR/ACS/ML/SLC,0,Yes
APU_RT_ARR,SMF,ML,station,3,0.23,Goal,Root/div/carrier/station,APU_RT_ARR/ACS/ML/SMF,0,Yes
APU_RT_ARR,SNA,ML,station,3,0.34,Goal,Root/div/carrier/station,APU_RT_ARR/ACS/ML/SNA,0,Yes
APU_RT_ARR,SNN,ML,station,3,0.49,Goal,Root/div/carrier/station,APU_RT_ARR/ACS/ML/SNN,0,Yes
APU_RT_ARR,SRQ,ML,station,3,0.1,Goal,Root/div/carrier/station,APU_RT_ARR/ACS/ML/SRQ,0,Yes
APU_RT_ARR,STI,ML,station,3,0.03,Goal,Root/div/carrier/station,APU_RT_ARR/ACS/ML/STI,0,Yes
APU_RT_ARR,STL,ML,station,3,0.36,Goal,Root/div/carrier/station,APU_RT_ARR/ACS/ML/STL,0,Yes
APU_RT_ARR,STX,ML,station,3,0.44,Goal,Root/div/carrier/station,APU_RT_ARR/ACS/ML/STX,0,Yes
APU_RT_ARR,SYD,ML,station,3,0.19,Goal,Root/div/carrier/station,APU_RT_ARR/ACS/ML/SYD,0,Yes
APU_RT_ARR,SYR,ML,station,3,0.14,Goal,Root/div/carrier/station,APU_RT_ARR/ACS/ML/SYR,0,Yes
APU_RT_ARR,TLH,ML,station,3,0.66,Goal,Root/div/carrier/station,APU_RT_ARR/ACS/ML/TLH,0,Yes
APU_RT_ARR,TPA,ML,station,3,0.08,Goal,Root/div/carrier/station,APU_RT_ARR/ACS/ML/TPA,0,Yes
APU_RT_ARR,TPE,ML,station,3,0.44,Goal,Root/div/carrier/station,APU_RT_ARR/ACS/ML/TPE,0,Yes
APU_RT_ARR,TQO,ML,station,3,0.48,Goal,Root/div/carrier/station,APU_RT_ARR/ACS/ML/TQO,0,Yes
APU_RT_ARR,TRI,ML,station,3,0.46,Goal,Root/div/carrier/station,APU_RT_ARR/ACS/ML/TRI,0,Yes
APU_RT_ARR,TUL,ML,station,3,0.16,Goal,Root/div/carrier/station,APU_RT_ARR/ACS/ML/TUL,0,Yes
APU_RT_ARR,TUS,ML,station,3,0.07,Goal,Root/div/carrier/station,APU_RT_ARR/ACS/ML/TUS,0,Yes
APU_RT_ARR,TVC,ML,station,3,0.57,Goal,Root/div/carrier/station,APU_RT_ARR/ACS/ML/TVC,0,Yes
APU_RT_ARR,TYS,ML,station,3,0.6,Goal,Root/div/carrier/station,APU_RT_ARR/ACS/ML/TYS,0,Yes
APU_RT_ARR,UIO,ML,station,3,0.3,Goal,Root/div/carrier/station,APU_RT_ARR/ACS/ML/UIO,0,Yes
APU_RT_ARR,UVF,ML,station,3,0.03,Goal,Root/div/carrier/station,APU_RT_ARR/ACS/ML/UVF,0,Yes
APU_RT_ARR,VCE,ML,station,3,0.16,Goal,Root/div/carrier/station,APU_RT_ARR/ACS/ML/VCE,0,Yes
APU_RT_ARR,VPS,ML,station,3,0.0,Goal,Root/div/carrier/station,APU_RT_ARR/ACS/ML/VPS,0,Yes
APU_RT_ARR,XNA,ML,station,3,0.54,Goal,Root/div/carrier/station,APU_RT_ARR/ACS/ML/XNA,0,Yes
APU_RT_ARR,YUL,ML,station,3,0.14,Goal,Root/div/carrier/station,APU_RT_ARR/ACS/ML/YUL,0,Yes
APU_RT_ARR,YVR,ML,station,3,0.14,Goal,Root/div/carrier/station,APU_RT_ARR/ACS/ML/YVR,0,Yes
APU_RT_ARR,YYC,ML,station,3,0.09,Goal,Root/div/carrier/station,APU_RT_ARR/ACS/ML/YYC,0,Yes
APU_RT_ARR,YYZ,ML,station,3,0.15,Goal,Root/div/carrier/station,APU_RT_ARR/ACS/ML/YYZ,0,Yes
APU_RT_ARR,ZRH,ML,station,3,0.27,Goal,Root/div/carrier/station,APU_RT_ARR/ACS/ML/ZRH,0,Yes
APU_RT_ARR,APAC_VP,ML,vp,3,0.51,Goal,Root/div/carrier/vp,APU_RT_ARR/ACS/ML/APAC_VP,0,Yes
APU_RT_ARR,ATL_VP,ML,vp,3,0.35,Goal,Root/div/carrier/vp,APU_RT_ARR/ACS/ML/ATL_VP,0,Yes
APU_RT_ARR,AUS_FL_VP,ML,vp,3,0.23,Goal,Root/div/carrier/vp,APU_RT_ARR/ACS/ML/AUS_FL_VP,0,Yes
APU_RT_ARR,BOS_VP,ML,vp,3,0.57,Goal,Root/div/carrier/vp,APU_RT_ARR/ACS/ML/BOS_VP,0,Yes
APU_RT_ARR,DTW_VP,ML,vp,3,0.2,Goal,Root/div/carrier/vp,APU_RT_ARR/ACS/ML/DTW_VP,0,Yes
APU_RT_ARR,East_VP,ML,vp,3,0.61,Goal,Root/div/carrier/vp,APU_RT_ARR/ACS/ML/East_VP,0,Yes
APU_RT_ARR,EMEAI_VP,ML,vp,3,0.63,Goal,Root/div/carrier/vp,APU_RT_ARR/ACS/ML/EMEAI_VP,0,Yes
APU_RT_ARR,FieldStations_VP,ML,vp,3,0.56,Goal,Root/div/carrier/vp,APU_RT_ARR/ACS/ML/FieldStations_VP,0,Yes
APU_RT_ARR,JFK_VP,ML,vp,3,0.52,Goal,Root/div/carrier/vp,APU_RT_ARR/ACS/ML/JFK_VP,0,Yes
APU_RT_ARR,LACC_VP,ML,vp,3,0.49,Goal,Root/div/carrier/vp,APU_RT_ARR/ACS/ML/LACC_VP,0,Yes
APU_RT_ARR,LAX_VP,ML,vp,3,0.58,Goal,Root/div/carrier/vp,APU_RT_ARR/ACS/ML/LAX_VP,0,Yes
APU_RT_ARR,LGA_VP,ML,vp,3,0.07,Goal,Root/div/carrier/vp,APU_RT_ARR/ACS/ML/LGA_VP,0,Yes
APU_RT_ARR,MSP_VP,ML,vp,3,0.03,Goal,Root/div/carrier/vp,APU_RT_ARR/ACS/ML/MSP_VP,0,Yes
APU_RT_ARR,SEA_VP,ML,vp,3,0.15,Goal,Root/div/carrier/vp,APU_RT_ARR/ACS/ML/SEA_VP,0,Yes
APU_RT_ARR,SLC_VP,ML,vp,3,0.03,Goal,Root/div/carrier/vp,APU_RT_ARR/ACS/ML/SLC_VP,0,Yes
APU_RT_ARR,West_Central_VP,ML,vp,3,0.12000000000000001,Goal,Root/div/carrier/vp,APU_RT_ARR/ACS/ML/West_Central_VP,0,Yes
APU_RT_ARR,9E,ACS,dc_carrier,2,0.54,Goal,Root/div/dc_carrier,APU_RT_ARR/ACS/9E,157,No
APU_RT_ARR,AUS_Director,9E,director,3,1.18,Goal,Root/div/dc_carrier/director,APU_RT_ARR/ACS/9E/AUS_Director,0,Yes
APU_RT_ARR,CANMEX_Director,9E,director,3,0.52,Goal,Root/div/dc_carrier/director,APU_RT_ARR/ACS/9E/CANMEX_Director,0,Yes
APU_RT_ARR,Central_Director,9E,director,3,0.13,Goal,Root/div/dc_carrier/director,APU_RT_ARR/ACS/9E/Central_Director,0,Yes
APU_RT_ARR,East_Director,9E,director,3,0.16,Goal,Root/div/dc_carrier/director,APU_RT_ARR/ACS/9E/East_Director,0,Yes
APU_RT_ARR,FieldStations_Director,9E,director,3,0.56,Goal,Root/div/dc_carrier/director,APU_RT_ARR/ACS/9E/FieldStations_Director,0,Yes
APU_RT_ARR,Florida_Director,9E,director,3,1.09,Goal,Root/div/dc_carrier/director,APU_RT_ARR/ACS/9E/Florida_Director,0,Yes
APU_RT_ARR,Hub_ATL,9E,director,3,0.13,Goal,Root/div/dc_carrier/director,APU_RT_ARR/ACS/9E/Hub_ATL,0,Yes
APU_RT_ARR,Hub_DTW,9E,director,3,0.45,Goal,Root/div/dc_carrier/director,APU_RT_ARR/ACS/9E/Hub_DTW,0,Yes
APU_RT_ARR,Hub_JFK,9E,director,3,0.43,Goal,Root/div/dc_carrier/director,APU_RT_ARR/ACS/9E/Hub_JFK,0,Yes
APU_RT_ARR,Hub_LGA,9E,director,3,0.35,Goal,Root/div/dc_carrier/director,APU_RT_ARR/ACS/9E/Hub_LGA,0,Yes
APU_RT_ARR,Hub_MSP,9E,director,3,0.82,Goal,Root/div/dc_carrier/director,APU_RT_ARR/ACS/9E/Hub_MSP,0,Yes
APU_RT_ARR,ACSATL,9E,division,3,0.55,Goal,Root/div/dc_carrier/division,APU_RT_ARR/ACS/9E/ACSATL,0,Yes
APU_RT_ARR,ACSJFK,9E,division,3,1.02,Goal,Root/div/dc_carrier/division,APU_RT_ARR/ACS/9E/ACSJFK,0,Yes
APU_RT_ARR,DTW_AUS_FL,9E,division,3,1.15,Goal,Root/div/dc_carrier/division,APU_RT_ARR/ACS/9E/DTW_AUS_FL,0,Yes
APU_RT_ARR,East,9E,division,3,0.97,Goal,Root/div/dc_carrier/division,APU_RT_ARR/ACS/9E/East,0,Yes
APU_RT_ARR,FieldStations,9E,division,3,0.42,Goal,Root/div/dc_carrier/division,APU_RT_ARR/ACS/9E/FieldStations,0,Yes
APU_RT_ARR,International,9E,division,3,0.24,Goal,Root/div/dc_carrier/division,APU_RT_ARR/ACS/9E/International,0,Yes
APU_RT_ARR,MSP_SEA_SLC,9E,division,3,0.25,Goal,Root/div/dc_carrier/division,APU_RT_ARR/ACS/9E/MSP_SEA_SLC,0,Yes
APU_RT_ARR,West_Central,9E,division,3,0.38,Goal,Root/div/dc_carrier/division,APU_RT_ARR/ACS/9E/West_Central,0,Yes
APU_RT_ARR,AUS_Region,9E,region,3,1.1,Goal,Root/div/dc_carrier/region,APU_RT_ARR/ACS/9E/AUS_Region,0,Yes
APU_RT_ARR,Canada_Region,9E,region,3,0.71,Goal,Root/div/dc_carrier/region,APU_RT_ARR/ACS/9E/Canada_Region,0,Yes
APU_RT_ARR,Central_Region,9E,region,3,0.68,Goal,Root/div/dc_carrier/region,APU_RT_ARR/ACS/9E/Central_Region,0,Yes
APU_RT_ARR,Florida_Region,9E,region,3,0.36,Goal,Root/div/dc_carrier/region,APU_RT_ARR/ACS/9E/Florida_Region,0,Yes
APU_RT_ARR,FS_Central,9E,region,3,0.99,Goal,Root/div/dc_carrier/region,APU_RT_ARR/ACS/9E/FS_Central,0,Yes
APU_RT_ARR,FS_East,9E,region,3,0.07,Goal,Root/div/dc_carrier/region,APU_RT_ARR/ACS/9E/FS_East,0,Yes
APU_RT_ARR,FS_MountainWest,9E,region,3,0.41,Goal,Root/div/dc_carrier/region,APU_RT_ARR/ACS/9E/FS_MountainWest,0,Yes
APU_RT_ARR,FS_South,9E,region,3,1.21,Goal,Root/div/dc_carrier/region,APU_RT_ARR/ACS/9E/FS_South,0,Yes
APU_RT_ARR,GreatLakes_Region,9E,region,3,0.36,Goal,Root/div/dc_carrier/region,APU_RT_ARR/ACS/9E/GreatLakes_Region,0,Yes
APU_RT_ARR,MIA_Region,9E,region,3,0.06,Goal,Root/div/dc_carrier/region,APU_RT_ARR/ACS/9E/MIA_Region,0,Yes
APU_RT_ARR,Northeast_Region,9E,region,3,0.26,Goal,Root/div/dc_carrier/region,APU_RT_ARR/ACS/9E/Northeast_Region,0,Yes
APU_RT_ARR,Southeast_Region,9E,region,3,0.83,Goal,Root/div/dc_carrier/region,APU_RT_ARR/ACS/9E/Southeast_Region,0,Yes
APU_RT_ARR,ABE,9E,station,3,0.64,Goal,Root/div/dc_carrier/station,APU_RT_ARR/ACS/9E/ABE,0,Yes
APU_RT_ARR,ABY,9E,station,3,1.04,Goal,Root/div/dc_carrier/station,APU_RT_ARR/ACS/9E/ABY,0,Yes
APU_RT_ARR,AEX,9E,station,3,0.82,Goal,Root/div/dc_carrier/station,APU_RT_ARR/ACS/9E/AEX,0,Yes
APU_RT_ARR,AGS,9E,station,3,0.08,Goal,Root/div/dc_carrier/station,APU_RT_ARR/ACS/9E/AGS,0,Yes
APU_RT_ARR,ALB,9E,station,3,0.54,Goal,Root/div/dc_carrier/station,APU_RT_ARR/ACS/9E/ALB,0,Yes
APU_RT_ARR,ATL,9E,station,3,0.6,Goal,Root/div/dc_carrier/station,APU_RT_ARR/ACS/9E/ATL,0,Yes
APU_RT_ARR,ATW,9E,station,3,0.67,Goal,Root/div/dc_carrier/station,APU_RT_ARR/ACS/9E/ATW,0,Yes
APU_RT_ARR,AUS,9E,station,3,0.6,Goal,Root/div/dc_carrier/station,APU_RT_ARR/ACS/9E/AUS,0,Yes
APU_RT_ARR,AVL,9E,station,3,1.25,Goal,Root/div/dc_carrier/station,APU_RT_ARR/ACS/9E/AVL,0,Yes
APU_RT_ARR,BGM,9E,station,3,1.13,Goal,Root/div/dc_carrier/station,APU_RT_ARR/ACS/9E/BGM,0,Yes
APU_RT_ARR,BGR,9E,station,3,0.83,Goal,Root/div/dc_carrier/station,APU_RT_ARR/ACS/9E/BGR,0,Yes
APU_RT_ARR,BHM,9E,station,3,1.11,Goal,Root/div/dc_carrier/station,APU_RT_ARR/ACS/9E/BHM,0,Yes
APU_RT_ARR,BIS,9E,station,3,1.24,Goal,Root/div/dc_carrier/station,APU_RT_ARR/ACS/9E/BIS,0,Yes
APU_RT_ARR,BMI,9E,station,3,0.95,Goal,Root/div/dc_carrier/station,APU_RT_ARR/ACS/9E/BMI,0,Yes
APU_RT_ARR,BNA,9E,station,3,0.19,Goal,Root/div/dc_carrier/station,APU_RT_ARR/ACS/9E/BNA,0,Yes
APU_RT_ARR,BQK,9E,station,3,0.16,Goal,Root/div/dc_carrier/station,APU_RT_ARR/ACS/9E/BQK,0,Yes
APU_RT_ARR,BTR,9E,station,3,0.33,Goal,Root/div/dc_carrier/station,APU_RT_ARR/ACS/9E/BTR,0,Yes
APU_RT_ARR,BTV,9E,station,3,0.93,Goal,Root/div/dc_carrier/station,APU_RT_ARR/ACS/9E/BTV,0,Yes
APU_RT_ARR,BUF,9E,station,3,0.54,Goal,Root/div/dc_carrier/station,APU_RT_ARR/ACS/9E/BUF,0,Yes
APU_RT_ARR,CAE,9E,station,3,0.1,Goal,Root/div/dc_carrier/station,APU_RT_ARR/ACS/9E/CAE,0,Yes
APU_RT_ARR,CHA,9E,station,3,0.73,Goal,Root/div/dc_carrier/station,APU_RT_ARR/ACS/9E/CHA,0,Yes
APU_RT_ARR,CHO,9E,station,3,1.2,Goal,Root/div/dc_carrier/station,APU_RT_ARR/ACS/9E/CHO,0,Yes
APU_RT_ARR,CHS,9E,station,3,0.35,Goal,Root/div/dc_carrier/station,APU_RT_ARR/ACS/9E/CHS,0,Yes
APU_RT_ARR,CID,9E,station,3,0.75,Goal,Root/div/dc_carrier/station,APU_RT_ARR/ACS/9E/CID,0,Yes
APU_RT_ARR,CLE,9E,station,3,0.05,Goal,Root/div/dc_carrier/station,APU_RT_ARR/ACS/9E/CLE,0,Yes
APU_RT_ARR,CLT,9E,station,3,0.13,Goal,Root/div/dc_carrier/station,APU_RT_ARR/ACS/9E/CLT,0,Yes
APU_RT_ARR,CMH,9E,station,3,0.87,Goal,Root/div/dc_carrier/station,APU_RT_ARR/ACS/9E/CMH,0,Yes
APU_RT_ARR,CRW,9E,station,3,0.71,Goal,Root/div/dc_carrier/station,APU_RT_ARR/ACS/9E/CRW,0,Yes
APU_RT_ARR,CSG,9E,station,3,0.82,Goal,Root/div/dc_carrier/station,APU_RT_ARR/ACS/9E/CSG,0,Yes
APU_RT_ARR,CVG,9E,station,3,1.01,Goal,Root/div/dc_carrier/station,APU_RT_ARR/ACS/9E/CVG,0,Yes
APU_RT_ARR,CWA,9E,station,3,0.72,Goal,Root/div/dc_carrier/station,APU_RT_ARR/ACS/9E/CWA,0,Yes
APU_RT_ARR,DAY,9E,station,3,0.73,Goal,Root/div/dc_carrier/station,APU_RT_ARR/ACS/9E/DAY,0,Yes
APU_RT_ARR,DCA,9E,station,3,0.71,Goal,Root/div/dc_carrier/station,APU_RT_ARR/ACS/9E/DCA,0,Yes
APU_RT_ARR,DHN,9E,station,3,1.05,Goal,Root/div/dc_carrier/station,APU_RT_ARR/ACS/9E/DHN,0,Yes
APU_RT_ARR,DSM,9E,station,3,0.24,Goal,Root/div/dc_carrier/station,APU_RT_ARR/ACS/9E/DSM,0,Yes
APU_RT_ARR,DTW,9E,station,3,0.49,Goal,Root/div/dc_carrier/station,APU_RT_ARR/ACS/9E/DTW,0,Yes
APU_RT_ARR,ECP,9E,station,3,0.14,Goal,Root/div/dc_carrier/station,APU_RT_ARR/ACS/9E/ECP,0,Yes
APU_RT_ARR,EVV,9E,station,3,0.98,Goal,Root/div/dc_carrier/station,APU_RT_ARR/ACS/9E/EVV,0,Yes
APU_RT_ARR,EWR,9E,station,3,1.17,Goal,Root/div/dc_carrier/station,APU_RT_ARR/ACS/9E/EWR,0,Yes
APU_RT_ARR,EYW,9E,station,3,0.73,Goal,Root/div/dc_carrier/station,APU_RT_ARR/ACS/9E/EYW,0,Yes
APU_RT_ARR,FAR,9E,station,3,0.45,Goal,Root/div/dc_carrier/station,APU_RT_ARR/ACS/9E/FAR,0,Yes
APU_RT_ARR,FAY,9E,station,3,0.58,Goal,Root/div/dc_carrier/station,APU_RT_ARR/ACS/9E/FAY,0,Yes
APU_RT_ARR,FSD,9E,station,3,0.43,Goal,Root/div/dc_carrier/station,APU_RT_ARR/ACS/9E/FSD,0,Yes
APU_RT_ARR,GFK,9E,station,3,1.07,Goal,Root/div/dc_carrier/station,APU_RT_ARR/ACS/9E/GFK,0,Yes
APU_RT_ARR,GNV,9E,station,3,0.45,Goal,Root/div/dc_carrier/station,APU_RT_ARR/ACS/9E/GNV,0,Yes
APU_RT_ARR,GPT,9E,station,3,0.7,Goal,Root/div/dc_carrier/station,APU_RT_ARR/ACS/9E/GPT,0,Yes
APU_RT_ARR,GRB,9E,station,3,0.31,Goal,Root/div/dc_carrier/station,APU_RT_ARR/ACS/9E/GRB,0,Yes
APU_RT_ARR,GRR,9E,station,3,0.31,Goal,Root/div/dc_carrier/station,APU_RT_ARR/ACS/9E/GRR,0,Yes
APU_RT_ARR,GSO,9E,station,3,1.22,Goal,Root/div/dc_carrier/station,APU_RT_ARR/ACS/9E/GSO,0,Yes
APU_RT_ARR,GSP,9E,station,3,0.11,Goal,Root/div/dc_carrier/station,APU_RT_ARR/ACS/9E/GSP,0,Yes
APU_RT_ARR,GTR,9E,station,3,0.27,Goal,Root/div/dc_carrier/station,APU_RT_ARR/ACS/9E/GTR,0,Yes
APU_RT_ARR,HPN,9E,station,3,0.15,Goal,Root/div/dc_carrier/station,APU_RT_ARR/ACS/9E/HPN,0,Yes
APU_RT_ARR,HSV,9E,station,3,1.11,Goal,Root/div/dc_carrier/station,APU_RT_ARR/ACS/9E/HSV,0,Yes
APU_RT_ARR,IAD,9E,station,3,0.84,Goal,Root/div/dc_carrier/station,APU_RT_ARR/ACS/9E/IAD,0,Yes
APU_RT_ARR,ICT,9E,station,3,0.55,Goal,Root/div/dc_carrier/station,APU_RT_ARR/ACS/9E/ICT,0,Yes
APU_RT_ARR,ILM,9E,station,3,0.42,Goal,Root/div/dc_carrier/station,APU_RT_ARR/ACS/9E/ILM,0,Yes
APU_RT_ARR,IND,9E,station,3,1.16,Goal,Root/div/dc_carrier/station,APU_RT_ARR/ACS/9E/IND,0,Yes
APU_RT_ARR,ITH,9E,station,3,1.23,Goal,Root/div/dc_carrier/station,APU_RT_ARR/ACS/9E/ITH,0,Yes
APU_RT_ARR,JAN,9E,station,3,0.81,Goal,Root/div/dc_carrier/station,APU_RT_ARR/ACS/9E/JAN,0,Yes
APU_RT_ARR,JAX,9E,station,3,1.12,Goal,Root/div/dc_carrier/station,APU_RT_ARR/ACS/9E/JAX,0,Yes
APU_RT_ARR,JFK,9E,station,3,0.95,Goal,Root/div/dc_carrier/station,APU_RT_ARR/ACS/9E/JFK,0,Yes
APU_RT_ARR,LAN,9E,station,3,1.2,Goal,Root/div/dc_carrier/station,APU_RT_ARR/ACS/9E/LAN,0,Yes
APU_RT_ARR,LEX,9E,station,3,0.8,Goal,Root/div/dc_carrier/station,APU_RT_ARR/ACS/9E/LEX,0,Yes
APU_RT_ARR,LFT,9E,station,3,0.31,Goal,Root/div/dc_carrier/station,APU_RT_ARR/ACS/9E/LFT,0,Yes
APU_RT_ARR,LGA,9E,station,3,0.14,Goal,Root/div/dc_carrier/station,APU_RT_ARR/ACS/9E/LGA,0,Yes
APU_RT_ARR,LIT,9E,station,3,1.02,Goal,Root/div/dc_carrier/station,APU_RT_ARR/ACS/9E/LIT,0,Yes
APU_RT_ARR,MCI,9E,station,3,0.69,Goal,Root/div/dc_carrier/station,APU_RT_ARR/ACS/9E/MCI,0,Yes
APU_RT_ARR,MDT,9E,station,3,0.09,Goal,Root/div/dc_carrier/station,APU_RT_ARR/ACS/9E/MDT,0,Yes
APU_RT_ARR,MDW,9E,station,3,1.18,Goal,Root/div/dc_carrier/station,APU_RT_ARR/ACS/9E/MDW,0,Yes
APU_RT_ARR,MEM,9E,station,3,0.87,Goal,Root/div/dc_carrier/station,APU_RT_ARR/ACS/9E/MEM,0,Yes
APU_RT_ARR,MGM,9E,station,3,0.44,Goal,Root/div/dc_carrier/station,APU_RT_ARR/ACS/9E/MGM,0,Yes
APU_RT_ARR,MIA,9E,station,3,0.68,Goal,Root/div/dc_carrier/station,APU_RT_ARR/ACS/9E/MIA,0,Yes
APU_RT_ARR,MKE,9E,station,3,0.87,Goal,Root/div/dc_carrier/station,APU_RT_ARR/ACS/9E/MKE,0,Yes
APU_RT_ARR,MLI,9E,station,3,0.4,Goal,Root/div/dc_carrier/station,APU_RT_ARR/ACS/9E/MLI,0,Yes
APU_RT_ARR,MLU,9E,station,3,0.59,Goal,Root/div/dc_carrier/station,APU_RT_ARR/ACS/9E/MLU,0,Yes
APU_RT_ARR,MOB,9E,station,3,0.97,Goal,Root/div/dc_carrier/station,APU_RT_ARR/ACS/9E/MOB,0,Yes
APU_RT_ARR,MOT,9E,station,3,0.47,Goal,Root/div/dc_carrier/station,APU_RT_ARR/ACS/9E/MOT,0,Yes
APU_RT_ARR,MSN,9E,station,3,0.11,Goal,Root/div/dc_carrier/station,APU_RT_ARR/ACS/9E/MSN,0,Yes
APU_RT_ARR,MSP,9E,station,3,0.4,Goal,Root/div/dc_carrier/station,APU_RT_ARR/ACS/9E/MSP,0,Yes
APU_RT_ARR,MYR,9E,station,3,1.09,Goal,Root/div/dc_carrier/station,APU_RT_ARR/ACS/9E/MYR,0,Yes
APU_RT_ARR,OAJ,9E,station,3,0.81,Goal,Root/div/dc_carrier/station,APU_RT_ARR/ACS/9E/OAJ,0,Yes
APU_RT_ARR,OKC,9E,station,3,1.24,Goal,Root/div/dc_carrier/station,APU_RT_ARR/ACS/9E/OKC,0,Yes
APU_RT_ARR,OMA,9E,station,3,0.06,Goal,Root/div/dc_carrier/station,APU_RT_ARR/ACS/9E/OMA,0,Yes
APU_RT_ARR,ORD,9E,station,3,1.05,Goal,Root/div/dc_carrier/station,APU_RT_ARR/ACS/9E/ORD,0,Yes
APU_RT_ARR,ORF,9E,station,3,0.48,Goal,Root/div/dc_carrier/station,APU_RT_ARR/ACS/9E/ORF,0,Yes
APU_RT_ARR,PHL,9E,station,3,0.42,Goal,Root/div/dc_carrier/station,APU_RT_ARR/ACS/9E/PHL,0,Yes
APU_RT_ARR,PIT,9E,station,3,0.95,Goal,Root/div/dc_carrier/station,APU_RT_ARR/ACS/9E/PIT,0,Yes
APU_RT_ARR,PNS,9E,station,3,0.71,Goal,Root/div/dc_carrier/station,APU_RT_ARR/ACS/9E/PNS,0,Yes
APU_RT_ARR,PVD,9E,station,3,0.05,Goal,Root/div/dc_carrier/station,APU_RT_ARR/ACS/9E/PVD,0,Yes
APU_RT_ARR,PWM,9E,station,3,1.0,Goal,Root/div/dc_carrier/station,APU_RT_ARR/ACS/9E/PWM,0,Yes
APU_RT_ARR,RAP,9E,station,3,0.5,Goal,Root/div/dc_carrier/station,APU_RT_ARR/ACS/9E/RAP,0,Yes
APU_RT_ARR,RDU,9E,station,3,1.17,Goal,Root/div/dc_carrier/station,APU_RT_ARR/ACS/9E/RDU,0,Yes
APU_RT_ARR,RIC,9E,station,3,0.39,Goal,Root/div/dc_carrier/station,APU_RT_ARR/ACS/9E/RIC,0,Yes
APU_RT_ARR,ROA,9E,station,3,1.16,Goal,Root/div/dc_carrier/station,APU_RT_ARR/ACS/9E/ROA,0,Yes
APU_RT_ARR,ROC,9E,station,3,1.14,Goal,Root/div/dc_carrier/station,APU_RT_ARR/ACS/9E/ROC,0,Yes
APU_RT_ARR,RST,9E,station,3,0.85,Goal,Root/div/dc_carrier/station,APU_RT_ARR/ACS/9E/RST,0,Yes
APU_RT_ARR,RSW,9E,station,3,1.14,Goal,Root/div/dc_carrier/station,APU_RT_ARR/ACS/9E/RSW,0,Yes
APU_RT_ARR,SAV,9E,station,3,1.07,Goal,Root/div/dc_carrier/station,APU_RT_ARR/ACS/9E/SAV,0,Yes
APU_RT_ARR,SBN,9E,station,3,0.09,Goal,Root/div/dc_carrier/station,APU_RT_ARR/ACS/9E/SBN,0,Yes
APU_RT_ARR,SDF,9E,station,3,0.61,Goal,Root/div/dc_carrier/station,APU_RT_ARR/ACS/9E/SDF,0,Yes
APU_RT_ARR,SGF,9E,station,3,0.08,Goal,Root/div/dc_carrier/station,APU_RT_ARR/ACS/9E/SGF,0,Yes
APU_RT_ARR,SHV,9E,station,3,0.25,Goal,Root/div/dc_carrier/station,APU_RT_ARR/ACS/9E/SHV,0,Yes
APU_RT_ARR,STL,9E,station,3,0.65,Goal,Root/div/dc_carrier/station,APU_RT_ARR/ACS/9E/STL,0,Yes
APU_RT_ARR,SYR,9E,station,3,0.32,Goal,Root/div/dc_carrier/station,APU_RT_ARR/ACS/9E/SYR,0,Yes
APU_RT_ARR,TLH,9E,station,3,0.12,Goal,Root/div/dc_carrier/station,APU_RT_ARR/ACS/9E/TLH,0,Yes
APU_RT_ARR,TPA,9E,station,3,0.67,Goal,Root/div/dc_carrier/station,APU_RT_ARR/ACS/9E/TPA,0,Yes
APU_RT_ARR,TRI,9E,station,3,0.5,Goal,Root/div/dc_carrier/station,APU_RT_ARR/ACS/9E/TRI,0,Yes
APU_RT_ARR,TUL,9E,station,3,0.63,Goal,Root/div/dc_carrier/station,APU_RT_ARR/ACS/9E/TUL,0,Yes
APU_RT_ARR,TVC,9E,station,3,0.27,Goal,Root/div/dc_carrier/station,APU_RT_ARR/ACS/9E/TVC,0,Yes
APU_RT_ARR,TYS,9E,station,3,0.19,Goal,Root/div/dc_carrier/station,APU_RT_ARR/ACS/9E/TYS,0,Yes
APU_RT_ARR,VLD,9E,station,3,1.19,Goal,Root/div/dc_carrier/station,APU_RT_ARR/ACS/9E/VLD,0,Yes
APU_RT_ARR,VPS,9E,station,3,0.3,Goal,Root/div/dc_carrier/station,APU_RT_ARR/ACS/9E/VPS,0,Yes
APU_RT_ARR,XNA,9E,station,3,0.84,Goal,Root/div/dc_carrier/station,APU_RT_ARR/ACS/9E/XNA,0,Yes
APU_RT_ARR,YHZ,9E,station,3,0.61,Goal,Root/div/dc_carrier/station,APU_RT_ARR/ACS/9E/YHZ,0,Yes
APU_RT_ARR,YUL,9E,station,3,0.62,Goal,Root/div/dc_carrier/station,APU_RT_ARR/ACS/9E/YUL,0,Yes
APU_RT_ARR,YYZ,9E,station,3,1.18,Goal,Root/div/dc_carrier/station,APU_RT_ARR/ACS/9E/YYZ,0,Yes
APU_RT_ARR,ATL_VP,9E,vp,3,0.55,Goal,Root/div/dc_carrier/vp,APU_RT_ARR/ACS/9E/ATL_VP,0,Yes
APU_RT_ARR,AUS_FL_VP,9E,vp,3,0.48,Goal,Root/div/dc_carrier/vp,APU_RT_ARR/ACS/9E/AUS_FL_VP,0,Yes
APU_RT_ARR,DTW_VP,9E,vp,3,0.29,Goal,Root/div/dc_carrier/vp,APU_RT_ARR/ACS/9E/DTW_VP,0,Yes
APU_RT_ARR,East_VP,9E,vp,3,0.56,Goal,Root/div/dc_carrier/vp,APU_RT_ARR/ACS/9E/East_VP,0,Yes
APU_RT_ARR,FieldStations_VP,9E,vp,3,0.2,Goal,Root/div/dc_carrier/vp,APU_RT_ARR/ACS/9E/FieldStations_VP,0,Yes
APU_RT_ARR,JFK_VP,9E,vp,3,0.97,Goal,Root/div/dc_carrier/vp,APU_RT_ARR/ACS/9E/JFK_VP,0,Yes
APU_RT_ARR,LACC_VP,9E,vp,3,0.42,Goal,Root/div/dc_carrier/vp,APU_RT_ARR/ACS/9E/LACC_VP,0,Yes
APU_RT_ARR,LGA_VP,9E,vp,3,1.11,Goal,Root/div/dc_carrier/vp,APU_RT_ARR/ACS/9E/LGA_VP,0,Yes
APU_RT_ARR,MSP_VP,9E,vp,3,0.35,Goal,Root/div/dc_carrier/vp,APU_RT_ARR/ACS/9E/MSP_VP,0,Yes
APU_RT_ARR,West_Central_VP,9E,vp,3,0.030000000000000002,Goal,Root/div/dc_carrier/vp,APU_RT_ARR/ACS/9E/West_Central_VP,0,Yes
APU_RT_ARR,OO,ACS,dc_carrier,2,0.01,Goal,Root/div/dc_carrier,APU_RT_ARR/ACS/OO,209,No
APU_RT_ARR,AUS_Director,OO,director,3,0.87,Goal,Root/div/dc_carrier/director,APU_RT_ARR/ACS/OO/AUS_Director,0,Yes
APU_RT_ARR,CANMEX_Director,OO,director,3,0.81,Goal,Root/div/dc_carrier/director,APU_RT_ARR/ACS/OO/CANMEX_Director,0,Yes
APU_RT_ARR,Central_Director,OO,director,3,0.83,Goal,Root/div/dc_carrier/director,APU_RT_ARR/ACS/OO/Central_Director,0,Yes
APU_RT_ARR,East_Director,OO,director,3,0.43,Goal,Root/div/dc_carrier/director,APU_RT_ARR/ACS/OO/East_Director,0,Yes
APU_RT_ARR,FieldStations_Director,OO,director,3,0.17,Goal,Root/div/dc_carrier/director,APU_RT_ARR/ACS/OO/FieldStations_Director,0,Yes
APU_RT_ARR,Florida_Director,OO,director,3,0.18,Goal,Root/div/dc_carrier/director,APU_RT_ARR/ACS/OO/Florida_Director,0,Yes
APU_RT_ARR,Hub_ATL,OO,director,3,0.75,Goal,Root/div/dc_carrier/director,APU_RT_ARR/ACS/OO/Hub_ATL,0,Yes
APU_RT_ARR,Hub_DTW,OO,director,3,0.81,Goal,Root/div/dc_carrier/director,APU_RT_ARR/ACS/OO/Hub_DTW,0,Yes
APU_RT_ARR,Hub_JFK,OO,director,3,0.14,Goal,Root/div/dc_carrier/director,APU_RT_ARR/ACS/OO/Hub_JFK,0,Yes
APU_RT_ARR,Hub_LAX,OO,director,3,0.18,Goal,Root/div/dc_carrier/director,APU_RT_ARR/ACS/OO/Hub_LAX,0,Yes
APU_RT_ARR,Hub_LGA,OO,director,3,0.32,Goal,Root/div/dc_carrier/director,APU_RT_ARR/ACS/OO/Hub_LGA,0,Yes
APU_RT_ARR,Hub_MSP,OO,director,3,0.77,Goal,Root/div/dc_carrier/director,APU_RT_ARR/ACS/OO/Hub_MSP,0,Yes
APU_RT_ARR,Hub_SEA,OO,director,3,0.11,Goal,Root/div/dc_carrier/director,APU_RT_ARR/ACS/OO/Hub_SEA,0,Yes
APU_RT_ARR,Hub_SLC,OO,director,3,0.71,Goal,Root/div/dc_carrier/director,APU_RT_ARR/ACS/OO/Hub_SLC,0,Yes
APU_RT_ARR,West_Director,OO,director,3,0.76,Goal,Root/div/dc_carrier/director,APU_RT_ARR/ACS/OO/West_Director,0,Yes
APU_RT_ARR,ACSATL,OO,division,3,0.46,Goal,Root/div/dc_carrier/division,APU_RT_ARR/ACS/OO/ACSATL,0,Yes
APU_RT_ARR,ACSJFK,OO,division,3,0.59,Goal,Root/div/dc_carrier/division,APU_RT_ARR/ACS/OO/ACSJFK,0,Yes
APU_RT_ARR,DTW_AUS_FL,OO,division,3,0.75,Goal,Root/div/dc_carrier/division,APU_RT_ARR/ACS/OO/DTW_AUS_FL,0,Yes
APU_RT_ARR,East,OO,division,3,0.77,Goal,Root/div/dc_carrier/division,APU_RT_ARR/ACS/OO/East,0,Yes
APU_RT_ARR,FieldStations,OO,division,3,0.5,Goal,Root/div/dc_carrier/division,APU_RT_ARR/ACS/OO/FieldStations,0,Yes
APU_RT_ARR,International,OO,division,3,0.18,Goal,Root/div/dc_carrier/division,APU_RT_ARR/ACS/OO/International,0,Yes
APU_RT_ARR,MSP_SEA_SLC,OO,division,3,0.68,Goal,Root/div/dc_carrier/division,APU_RT_ARR/ACS/OO/MSP_SEA_SLC,0,Yes
APU_RT_ARR,West_Central,OO,division,3,0.5,Goal,Root/div/dc_carrier/division,APU_RT_ARR/ACS/OO/West_Central,0,Yes
APU_RT_ARR,AUS_Region,OO,region,3,0.66,Goal,Root/div/dc_carrier/region,APU_RT_ARR/ACS/OO/AUS_Region,0,Yes
APU_RT_ARR,Canada_Region,OO,region,3,0.91,Goal,Root/div/dc_carrier/region,APU_RT_ARR/ACS/OO/Canada_Region,0,Yes
APU_RT_ARR,Central_Region,OO,region,3,0.33,Goal,Root/div/dc_carrier/region,APU_RT_ARR/ACS/OO/Central_Region,0,Yes
APU_RT_ARR,Florida_Region,OO,region,3,0.32,Goal,Root/div/dc_carrier/region,APU_RT_ARR/ACS/OO/Florida_Region,0,Yes
APU_RT_ARR,FS_Central,OO,region,3,0.57,Goal,Root/div/dc_carrier/region,APU_RT_ARR/ACS/OO/FS_Central,0,Yes
APU_RT_ARR,FS_East,OO,region,3,0.81,Goal,Root/div/dc_carrier/region,APU_RT_ARR/ACS/OO/FS_East,0,Yes
APU_RT_ARR,FS_MountainWest,OO,region,3,0.35,Goal,Root/div/dc_carrier/region,APU_RT_ARR/ACS/OO/FS_MountainWest,0,Yes
APU_RT_ARR,FS_South,OO,region,3,0.53,Goal,Root/div/dc_carrier/region,APU_RT_ARR/ACS/OO/FS_South,0,Yes
APU_RT_ARR,FS_West,OO,region,3,0.85,Goal,Root/div/dc_carrier/region,APU_RT_ARR/ACS/OO/FS_West,0,Yes
APU_RT_ARR,GreatLakes_Region,OO,region,3,0.58,Goal,Root/div/dc_carrier/region,APU_RT_ARR/ACS/OO/GreatLakes_Region,0,Yes
APU_RT_ARR,Northeast_Region,OO,region,3,0.16,Goal,Root/div/dc_carrier/region,APU_RT_ARR/ACS/OO/Northeast_Region,0,Yes
APU_RT_ARR,Southeast_Region,OO,region,3,0.59,Goal,Root/div/dc_carrier/region,APU_RT_ARR/ACS/OO/Southeast_Region,0,Yes
APU_RT_ARR,SouthWest_Region,OO,region,3,0.76,Goal,Root/div/dc_carrier/region,APU_RT_ARR/ACS/OO/SouthWest_Region,0,Yes
APU_RT_ARR,West_Region,OO,region,3,0.88,Goal,Root/div/dc_carrier/region,APU_RT_ARR/ACS/OO/West_Region,0,Yes
APU_RT_ARR,ABQ,OO,station,3,0.45,Goal,Root/div/dc_carrier/station,APU_RT_ARR/ACS/OO/ABQ,0,Yes
APU_RT_ARR,ABY,OO,station,3,0.71,Goal,Root/div/dc_carrier/station,APU_RT_ARR/ACS/OO/ABY,0,Yes
APU_RT_ARR,AEX,OO,station,3,0.81,Goal,Root/div/dc_carrier/station,APU_RT_ARR/ACS/OO/AEX,0,Yes
APU_RT_ARR,AGS,OO,station,3,0.44,Goal,Root/div/dc_carrier/station,APU_RT_ARR/ACS/OO/AGS,0,Yes
APU_RT_ARR,ALB,OO,station,3,0.09,Goal,Root/div/dc_carrier/station,APU_RT_ARR/ACS/OO/ALB,0,Yes
APU_RT_ARR,APN,OO,station,3,0.84,Goal,Root/div/dc_carrier/station,APU_RT_ARR/ACS/OO/APN,0,Yes
APU_RT_ARR,ASE,OO,station,3,0.54,Goal,Root/div/dc_carrier/station,APU_RT_ARR/ACS/OO/ASE,0,Yes
APU_RT_ARR,ATL,OO,station,3,0.01,Goal,Root/div/dc_carrier/station,APU_RT_ARR/ACS/OO/ATL,0,Yes
APU_RT_ARR,ATW,OO,station,3,0.56,Goal,Root/div/dc_carrier/station,APU_RT_ARR/ACS/OO/ATW,0,Yes
APU_RT_ARR,ATY,OO,station,3,0.1,Goal,Root/div/dc_carrier/station,APU_RT_ARR/ACS/OO/ATY,0,Yes
APU_RT_ARR,AUS,OO,station,3,0.45,Goal,Root/div/dc_carrier/station,APU_RT_ARR/ACS/OO/AUS,0,Yes
APU_RT_ARR,AVL,OO,station,3,0.6,Goal,Root/div/dc_carrier/station,APU_RT_ARR/ACS/OO/AVL,0,Yes
APU_RT_ARR,AZO,OO,station,3,0.35,Goal,Root/div/dc_carrier/station,APU_RT_ARR/ACS/OO/AZO,0,Yes
APU_RT_ARR,BDL,OO,station,3,0.62,Goal,Root/div/dc_carrier/station,APU_RT_ARR/ACS/OO/BDL,0,Yes
APU_RT_ARR,BGM,OO,station,3,0.81,Goal,Root/div/dc_carrier/station,APU_RT_ARR/ACS/OO/BGM,0,Yes
APU_RT_ARR,BHM,OO,station,3,0.36,Goal,Root/div/dc_carrier/station,APU_RT_ARR/ACS/OO/BHM,0,Yes
APU_RT_ARR,BIL,OO,station,3,0.6,Goal,Root/div/dc_carrier/station,APU_RT_ARR/ACS/OO/BIL,0,Yes
APU_RT_ARR,BIS,OO,station,3,0.41,Goal,Root/div/dc_carrier/station,APU_RT_ARR/ACS/OO/BIS,0,Yes
APU_RT_ARR,BMI,OO,station,3,0.1,Goal,Root/div/dc_carrier/station,APU_RT_ARR/ACS/OO/BMI,0,Yes
APU_RT_ARR,BNA,OO,station,3,0.11,Goal,Root/div/dc_carrier/station,APU_RT_ARR/ACS/OO/BNA,0,Yes
APU_RT_ARR,BOI,OO,station,3,0.87,Goal,Root/div/dc_carrier/station,APU_RT_ARR/ACS/OO/BOI,0,Yes
APU_RT_ARR,BTM,OO,station,3,0.16,Goal,Root/div/dc_carrier/station,APU_RT_ARR/ACS/OO/BTM,0,Yes
APU_RT_ARR,BTR,OO,station,3,0.32,Goal,Root/div/dc_carrier/station,APU_RT_ARR/ACS/OO/BTR,0,Yes
APU_RT_ARR,BTV,OO,station,3,0.79,Goal,Root/div/dc_carrier/station,APU_RT_ARR/ACS/OO/BTV,0,Yes
APU_RT_ARR,BUF,OO,station,3,0.87,Goal,Root/div/dc_carrier/station,APU_RT_ARR/ACS/OO/BUF,0,Yes
APU_RT_ARR,BUR,OO,station,3,0.49,Goal,Root/div/dc_carrier/station,APU_RT_ARR/ACS/OO/BUR,0,Yes
APU_RT_ARR,BWI,OO,station,3,0.65,Goal,Root/div/dc_carrier/station,APU_RT_ARR/ACS/OO/BWI,0,Yes
APU_RT_ARR,BZN,OO,station,3,0.26,Goal,Root/div/dc_carrier/station,APU_RT_ARR/ACS/OO/BZN,0,Yes
APU_RT_ARR,CAE,OO,station,3,0.66,Goal,Root/div/dc_carrier/station,APU_RT_ARR/ACS/OO/CAE,0,Yes
APU_RT_ARR,CDC,OO,station,3,0.23,Goal,Root/div/dc_carrier/station,APU_RT_ARR/ACS/OO/CDC,0,Yes
APU_RT_ARR,CHA,OO,station,3,0.17,Goal,Root/div/dc_carrier/station,APU_RT_ARR/ACS/OO/CHA,0,Yes
APU_RT_ARR,CHS,OO,station,3,0.77,Goal,Root/div/dc_carrier/station,APU_RT_ARR/ACS/OO/CHS,0,Yes
APU_RT_ARR,CID,OO,station,3,0.73,Goal,Root/div/dc_carrier/station,APU_RT_ARR/ACS/OO/CID,0,Yes
APU_RT_ARR,CIU,OO,station,3,0.19,Goal,Root/div/dc_carrier/station,APU_RT_ARR/ACS/OO/CIU,0,Yes
APU_RT_ARR,CLE,OO,station,3,0.32,Goal,Root/div/dc_carrier/station,APU_RT_ARR/ACS/OO/CLE,0,Yes
APU_RT_ARR,CMH,OO,station,3,0.13,Goal,Root/div/dc_carrier/station,APU_RT_ARR/ACS/OO/CMH,0,Yes
APU_RT_ARR,COS,OO,station,3,0.33,Goal,Root/div/dc_carrier/station,APU_RT_ARR/ACS/OO/COS,0,Yes
APU_RT_ARR,CRW,OO,station,3,0.06,Goal,Root/div/dc_carrier/station,APU_RT_ARR/ACS/OO/CRW,0,Yes
APU_RT_ARR,CVG,OO,station,3,0.28,Goal,Root/div/dc_carrier/station,APU_RT_ARR/ACS/OO/CVG,0,Yes
APU_RT_ARR,DEN,OO,station,3,0.27,Goal,Root/div/dc_carrier/station,APU_RT_ARR/ACS/OO/DEN,0,Yes
APU_RT_ARR,DHN,OO,station,3,0.79,Goal,Root/div/dc_carrier/station,APU_RT_ARR/ACS/OO/DHN,0,Yes
APU_RT_ARR,DSM,OO,station,3,0.82,Goal,Root/div/dc_carrier/station,APU_RT_ARR/ACS/OO/DSM,0,Yes
APU_RT_ARR,DTW,OO,station,3,0.31,Goal,Root/div/dc_carrier/station,APU_RT_ARR/ACS/OO/DTW,0,Yes
APU_RT_ARR,ECP,OO,station,3,0.17,Goal,Root/div/dc_carrier/station,APU_RT_ARR/ACS/OO/ECP,0,Yes
APU_RT_ARR,EGE,OO,station,3,0.13,Goal,Root/div/dc_carrier/station,APU_RT_ARR/ACS/OO/EGE,0,Yes
APU_RT_ARR,EKO,OO,station,3,0.41,Goal,Root/div/dc_carrier/station,APU_RT_ARR/ACS/OO/EKO,0,Yes
APU_RT_ARR,ELM,OO,station,3,0.13,Goal,Root/div/dc_carrier/station,APU_RT_ARR/ACS/OO/ELM,0,Yes
APU_RT_ARR,ESC,OO,station,3,0.37,Goal,Root/div/dc_carrier/station,APU_RT_ARR/ACS/OO/ESC,0,Yes
APU_RT_ARR,EUG,OO,station,3,0.5,Goal,Root/div/dc_carrier/station,APU_RT_ARR/ACS/OO/EUG,0,Yes
APU_RT_ARR,EVV,OO,station,3,0.01,Goal,Root/div/dc_carrier/station,APU_RT_ARR/ACS/OO/EVV,0,Yes
APU_RT_ARR,EWR,OO,station,3,0.81,Goal,Root/div/dc_carrier/station,APU_RT_ARR/ACS/OO/EWR,0,Yes
APU_RT_ARR,FAR,OO,station,3,0.51,Goal,Root/div/dc_carrier/station,APU_RT_ARR/ACS/OO/FAR,0,Yes
APU_RT_ARR,FAT,OO,station,3,0.81,Goal,Root/div/dc_carrier/station,APU_RT_ARR/ACS/OO/FAT,0,Yes
APU_RT_ARR,FAY,OO,station,3,0.56,Goal,Root/div/dc_carrier/station,APU_RT_ARR/ACS/OO/FAY,0,Yes
APU_RT_ARR,FCA,OO,station,3,0.94,Goal,Root/div/dc_carrier/station,APU_RT_ARR/ACS/OO/FCA,0,Yes
APU_RT_ARR,FSD,OO,station,3,0.33,Goal,Root/div/dc_carrier/station,APU_RT_ARR/ACS/OO/FSD,0,Yes
APU_RT_ARR,FWA,OO,station,3,0.16,Goal,Root/div/dc_carrier/station,APU_RT_ARR/ACS/OO/FWA,0,Yes
APU_RT_ARR,GEG,OO,station,3,0.68,Goal,Root/div/dc_carrier/station,APU_RT_ARR/ACS/OO/GEG,0,Yes
APU_RT_ARR,GFK,OO,station,3,0.26,Goal,Root/div/dc_carrier/station,APU_RT_ARR/ACS/OO/GFK,0,Yes
APU_RT_ARR,GJT,OO,station,3,0.42,Goal,Root/div/dc_carrier/station,APU_RT_ARR/ACS/OO/GJT,0,Yes
APU_RT_ARR,GNV,OO,station,3,0.66,Goal,Root/div/dc_carrier/station,APU_RT_ARR/ACS/OO/GNV,0,Yes
APU_RT_ARR,GRB,OO,station,3,0.74,Goal,Root/div/dc_carrier/station,APU_RT_ARR/ACS/OO/GRB,0,Yes
APU_RT_ARR,GRR,OO,station,3,0.68,Goal,Root/div/dc_carrier/station,APU_RT_ARR/ACS/OO/GRR,0,Yes
APU_RT_ARR,GSO,OO,station,3,0.54,Goal,Root/div/dc_carrier/station,APU_RT_ARR/ACS/OO/GSO,0,Yes
APU_RT_ARR,GSP,OO,station,3,0.19,Goal,Root/div/dc_carrier/station,APU_RT_ARR/ACS/OO/GSP,0,Yes
APU_RT_ARR,GTF,OO,station,3,0.54,Goal,Root/div/dc_carrier/station,APU_RT_ARR/ACS/OO/GTF,0,Yes
APU_RT_ARR,HIB,OO,station,3,0.14,Goal,Root/div/dc_carrier/station,APU_RT_ARR/ACS/OO/HIB,0,Yes
APU_RT_ARR,HLN,OO,station,3,0.88,Goal,Root/div/dc_carrier/station,APU_RT_ARR/ACS/OO/HLN,0,Yes
APU_RT_ARR,HPN,OO,station,3,0.73,Goal,Root/div/dc_carrier/station,APU_RT_ARR/ACS/OO/HPN,0,Yes
APU_RT_ARR,HRL,OO,station,3,0.65,Goal,Root/div/dc_carrier/station,APU_RT_ARR/ACS/OO/HRL,0,Yes
APU_RT_ARR,HSV,OO,station,3,0.3,Goal,Root/div/dc_carrier/station,APU_RT_ARR/ACS/OO/HSV,0,Yes
APU_RT_ARR,IAD,OO,station,3,0.94,Goal,Root/div/dc_carrier/station,APU_RT_ARR/ACS/OO/IAD,0,Yes
APU_RT_ARR,ICT,OO,station,3,0.83,Goal,Root/div/dc_carrier/station,APU_RT_ARR/ACS/OO/ICT,0,Yes
APU_RT_ARR,IDA,OO,station,3,0.62,Goal,Root/div/dc_carrier/station,APU_RT_ARR/ACS/OO/IDA,0,Yes
APU_RT_ARR,ILM,OO,station,3,0.46,Goal,Root/div/dc_carrier/station,APU_RT_ARR/ACS/OO/ILM,0,Yes
APU_RT_ARR,IND,OO,station,3,0.24,Goal,Root/div/dc_carrier/station,APU_RT_ARR/ACS/OO/IND,0,Yes
APU_RT_ARR,JAC,OO,station,3,0.29,Goal,Root/div/dc_carrier/station,APU_RT_ARR/ACS/OO/JAC,0,Yes
APU_RT_ARR,JAX,OO,station,3,0.5,Goal,Root/div/dc_carrier/station,APU_RT_ARR/ACS/OO/JAX,0,Yes
APU_RT_ARR,JFK,OO,station,3,0.78,Goal,Root/div/dc_carrier/station,APU_RT_ARR/ACS/OO/JFK,0,Yes
APU_RT_ARR,LAN,OO,station,3,0.04,Goal,Root/div/dc_carrier/station,APU_RT_ARR/ACS/OO/LAN,0,Yes
APU_RT_ARR,LAS,OO,station,3,0.09,Goal,Root/div/dc_carrier/station,APU_RT_ARR/ACS/OO/LAS,0,Yes
APU_RT_ARR,LAX,OO,station,3,0.6,Goal,Root/div/dc_carrier/station,APU_RT_ARR/ACS/OO/LAX,0,Yes
APU_RT_ARR,LEX,OO,station,3,0.45,Goal,Root/div/dc_carrier/station,APU_RT_ARR/ACS/OO/LEX,0,Yes
APU_RT_ARR,LFT,OO,station,3,0.13,Goal,Root/div/dc_carrier/station,APU_RT_ARR/ACS/OO/LFT,0,Yes
APU_RT_ARR,LGA,OO,station,3,0.37,Goal,Root/div/dc_carrier/station,APU_RT_ARR/ACS/OO/LGA,0,Yes
APU_RT_ARR,LGB,OO,station,3,0.27,Goal,Root/div/dc_carrier/station,APU_RT_ARR/ACS/OO/LGB,0,Yes
APU_RT_ARR,LIT,OO,station,3,0.22,Goal,Root/div/dc_carrier/station,APU_RT_ARR/ACS/OO/LIT,0,Yes
APU_RT_ARR,LWS,OO,station,3,0.4,Goal,Root/div/dc_carrier/station,APU_RT_ARR/ACS/OO/LWS,0,Yes
APU_RT_ARR,MBS,OO,station,3,0.86,Goal,Root/div/dc_carrier/station,APU_RT_ARR/ACS/OO/MBS,0,Yes
APU_RT_ARR,MCI,OO,station,3,0.05,Goal,Root/div/dc_carrier/station,APU_RT_ARR/ACS/OO/MCI,0,Yes
APU_RT_ARR,MDT,OO,station,3,0.93,Goal,Root/div/dc_carrier/station,APU_RT_ARR/ACS/OO/MDT,0,Yes
APU_RT_ARR,MDW,OO,station,3,0.18,Goal,Root/div/dc_carrier/station,APU_RT_ARR/ACS/OO/MDW,0,Yes
APU_RT_ARR,MEM,OO,station,3,0.03,Goal,Root/div/dc_carrier/station,APU_RT_ARR/ACS/OO/MEM,0,Yes
APU_RT_ARR,MFE,OO,station,3,0.63,Goal,Root/div/dc_carrier/station,APU_RT_ARR/ACS/OO/MFE,0,Yes
APU_RT_ARR,MFR,OO,station,3,0.9,Goal,Root/div/dc_carrier/station,APU_RT_ARR/ACS/OO/MFR,0,Yes
APU_RT_ARR,MGM,OO,station,3,0.88,Goal,Root/div/dc_carrier/station,APU_RT_ARR/ACS/OO/MGM,0,Yes
APU_RT_ARR,MKE,OO,station,3,0.45,Goal,Root/div/dc_carrier/station,APU_RT_ARR/ACS/OO/MKE,0,Yes
APU_RT_ARR,MOB,OO,station,3,0.71,Goal,Root/div/dc_carrier/station,APU_RT_ARR/ACS/OO/MOB,0,Yes
APU_RT_ARR,MOT,OO,station,3,0.78,Goal,Root/div/dc_carrier/station,APU_RT_ARR/ACS/OO/MOT,0,Yes
APU_RT_ARR,MQT,OO,station,3,0.32,Goal,Root/div/dc_carrier/station,APU_RT_ARR/ACS/OO/MQT,0,Yes
APU_RT_ARR,MSN,OO,station,3,0.21,Goal,Root/div/dc_carrier/station,APU_RT_ARR/ACS/OO/MSN,0,Yes
APU_RT_ARR,MSO,OO,station,3,0.22,Goal,Root/div/dc_carrier/station,APU_RT_ARR/ACS/OO/MSO,0,Yes
APU_RT_ARR,MSP,OO,station,3,0.89,Goal,Root/div/dc_carrier/station,APU_RT_ARR/ACS/OO/MSP,0,Yes
APU_RT_ARR,MSY,OO,station,3,0.24,Goal,Root/div/dc_carrier/station,APU_RT_ARR/ACS/OO/MSY,0,Yes
APU_RT_ARR,OAK,OO,station,3,0.3,Goal,Root/div/dc_carrier/station,APU_RT_ARR/ACS/OO/OAK,0,Yes
APU_RT_ARR,OKC,OO,station,3,0.8,Goal,Root/div/dc_carrier/station,APU_RT_ARR/ACS/OO/OKC,0,Yes
APU_RT_ARR,OMA,OO,station,3,0.27,Goal,Root/div/dc_carrier/station,APU_RT_ARR/ACS/OO/OMA,0,Yes
APU_RT_ARR,ONT,OO,station,3,0.26,Goal,Root/div/dc_carrier/station,APU_RT_ARR/ACS/OO/ONT,0,Yes
APU_RT_ARR,ORD,OO,station,3,0.33,Goal,Root/div/dc_carrier/station,APU_RT_ARR/ACS/OO/ORD,0,Yes
APU_RT_ARR,ORF,OO,station,3,0.63,Goal,Root/div/dc_carrier/station,APU_RT_ARR/ACS/OO/ORF,0,Yes
APU_RT_ARR,PDX,OO,station,3,0.45,Goal,Root/div/dc_carrier/station,APU_RT_ARR/ACS/OO/PDX,0,Yes
APU_RT_ARR,PHL,OO,station,3,0.02,Goal,Root/div/dc_carrier/station,APU_RT_ARR/ACS/OO/PHL,0,Yes
APU_RT_ARR,PHX,OO,station,3,0.94,Goal,Root/div/dc_carrier/station,APU_RT_ARR/ACS/OO/PHX,0,Yes
APU_RT_ARR,PIH,OO,station,3,0.16,Goal,Root/div/dc_carrier/station,APU_RT_ARR/ACS/OO/PIH,0,Yes
APU_RT_ARR,PIT,OO,station,3,0.79,Goal,Root/div/dc_carrier/station,APU_RT_ARR/ACS/OO/PIT,0,Yes
APU_RT_ARR,PLN,OO,station,3,0.22,Goal,Root/div/dc_carrier/station,APU_RT_ARR/ACS/OO/PLN,0,Yes
APU_RT_ARR,PSC,OO,station,3,0.14,Goal,Root/div/dc_carrier/station,APU_RT_ARR/ACS/OO/PSC,0,Yes
APU_RT_ARR,PSP,OO,station,3,0.81,Goal,Root/div/dc_carrier/station,APU_RT_ARR/ACS/OO/PSP,0,Yes
APU_RT_ARR,PVD,OO,station,3,0.58,Goal,Root/div/dc_carrier/station,APU_RT_ARR/ACS/OO/PVD,0,Yes
APU_RT_ARR,PWM,OO,station,3,0.68,Goal,Root/div/dc_carrier/station,APU_RT_ARR/ACS/OO/PWM,0,Yes
APU_RT_ARR,RAP,OO,station,3,0.28,Goal,Root/div/dc_carrier/station,APU_RT_ARR/ACS/OO/RAP,0,Yes
APU_RT_ARR,RDM,OO,station,3,0.59,Goal,Root/div/dc_carrier/station,APU_RT_ARR/ACS/OO/RDM,0,Yes
APU_RT_ARR,RDU,OO,station,3,0.44,Goal,Root/div/dc_carrier/station,APU_RT_ARR/ACS/OO/RDU,0,Yes
APU_RT_ARR,RHI,OO,station,3,0.11,Goal,Root/div/dc_carrier/station,APU_RT_ARR/ACS/OO/RHI,0,Yes
APU_RT_ARR,RIC,OO,station,3,0.09,Goal,Root/div/dc_carrier/station,APU_RT_ARR/ACS/OO/RIC,0,Yes
APU_RT_ARR,RNO,OO,station,3,0.31,Goal,Root/div/dc_carrier/station,APU_RT_ARR/ACS/OO/RNO,0,Yes
APU_RT_ARR,ROC,OO,station,3,0.58,Goal,Root/div/dc_carrier/station,APU_RT_ARR/ACS/OO/ROC,0,Yes
APU_RT_ARR,RST,OO,station,3,0.36,Goal,Root/div/dc_carrier/station,APU_RT_ARR/ACS/OO/RST,0,Yes
APU_RT_ARR,SAN,OO,station,3,0.21,Goal,Root/div/dc_carrier/station,APU_RT_ARR/ACS/OO/SAN,0,Yes
APU_RT_ARR,SAT,OO,station,3,0.92,Goal,Root/div/dc_carrier/station,APU_RT_ARR/ACS/OO/SAT,0,Yes
APU_RT_ARR,SAV,OO,station,3,0.86,Goal,Root/div/dc_carrier/station,APU_RT_ARR/ACS/OO/SAV,0,Yes
APU_RT_ARR,SBA,OO,station,3,0.57,Goal,Root/div/dc_carrier/station,APU_RT_ARR/ACS/OO/SBA,0,Yes
APU_RT_ARR,SBN,OO,station,3,0.59,Goal,Root/div/dc_carrier/station,APU_RT_ARR/ACS/OO/SBN,0,Yes
APU_RT_ARR,SDF,OO,station,3,0.87,Goal,Root/div/dc_carrier/station,APU_RT_ARR/ACS/OO/SDF,0,Yes
APU_RT_ARR,SEA,OO,station,3,0.02,Goal,Root/div/dc_carrier/station,APU_RT_ARR/ACS/OO/SEA,0,Yes
APU_RT_ARR,SFO,OO,station,3,0.4,Goal,Root/div/dc_carrier/station,APU_RT_ARR/ACS/OO/SFO,0,Yes
APU_RT_ARR,SGF,OO,station,3,0.74,Goal,Root/div/dc_carrier/station,APU_RT_ARR/ACS/OO/SGF,0,Yes
APU_RT_ARR,SGU,OO,station,3,0.81,Goal,Root/div/dc_carrier/station,APU_RT_ARR/ACS/OO/SGU,0,Yes
APU_RT_ARR,SHV,OO,station,3,0.69,Goal,Root/div/dc_carrier/station,APU_RT_ARR/ACS/OO/SHV,0,Yes
APU_RT_ARR,SJC,OO,station,3,0.85,Goal,Root/div/dc_carrier/station,APU_RT_ARR/ACS/OO/SJC,0,Yes
APU_RT_ARR,SLC,OO,station,3,0.45,Goal,Root/div/dc_carrier/station,APU_RT_ARR/ACS/OO/SLC,0,Yes
APU_RT_ARR,SMF,OO,station,3,0.59,Goal,Root/div/dc_carrier/station,APU_RT_ARR/ACS/OO/SMF,0,Yes
APU_RT_ARR,SNA,OO,station,3,0.52,Goal,Root/div/dc_carrier/station,APU_RT_ARR/ACS/OO/SNA,0,Yes
APU_RT_ARR,STL,OO,station,3,0.13,Goal,Root/div/dc_carrier/station,APU_RT_ARR/ACS/OO/STL,0,Yes
APU_RT_ARR,SUN,OO,station,3,0.17,Goal,Root/div/dc_carrier/station,APU_RT_ARR/ACS/OO/SUN,0,Yes
APU_RT_ARR,SYR,OO,station,3,0.5,Goal,Root/div/dc_carrier/station,APU_RT_ARR/ACS/OO/SYR,0,Yes
APU_RT_ARR,TLH,OO,station,3,0.0,Goal,Root/div/dc_carrier/station,APU_RT_ARR/ACS/OO/TLH,0,Yes
APU_RT_ARR,TRI,OO,station,3,0.79,Goal,Root/div/dc_carrier/station,APU_RT_ARR/ACS/OO/TRI,0,Yes
APU_RT_ARR,TUL,OO,station,3,0.21,Goal,Root/div/dc_carrier/station,APU_RT_ARR/ACS/OO/TUL,0,Yes
APU_RT_ARR,TUS,OO,station,3,0.45,Goal,Root/div/dc_carrier/station,APU_RT_ARR/ACS/OO/TUS,0,Yes
APU_RT_ARR,TVC,OO,station,3,0.56,Goal,Root/div/dc_carrier/station,APU_RT_ARR/ACS/OO/TVC,0,Yes
APU_RT_ARR,TWF,OO,station,3,0.47,Goal,Root/div/dc_carrier/station,APU_RT_ARR/ACS/OO/TWF,0,Yes
APU_RT_ARR,XNA,OO,station,3,0.57,Goal,Root/div/dc_carrier/station,APU_RT_ARR/ACS/OO/XNA,0,Yes
APU_RT_ARR,XWA,OO,station,3,0.37,Goal,Root/div/dc_carrier/station,APU_RT_ARR/ACS/OO/XWA,0,Yes
APU_RT_ARR,YUL,OO,station,3,0.24,Goal,Root/div/dc_carrier/station,APU_RT_ARR/ACS/OO/YUL,0,Yes
APU_RT_ARR,YVR,OO,station,3,0.88,Goal,Root/div/dc_carrier/station,APU_RT_ARR/ACS/OO/YVR,0,Yes
APU_RT_ARR,YWG,OO,station,3,0.46,Goal,Root/div/dc_carrier/station,APU_RT_ARR/ACS/OO/YWG,0,Yes
APU_RT_ARR,YYC,OO,station,3,0.77,Goal,Root/div/dc_carrier/station,APU_RT_ARR/ACS/OO/YYC,0,Yes
APU_RT_ARR,YYZ,OO,station,3,0.08,Goal,Root/div/dc_carrier/station,APU_RT_ARR/ACS/OO/YYZ,0,Yes
APU_RT_ARR,ATL_VP,OO,vp,3,0.72,Goal,Root/div/dc_carrier/vp,APU_RT_ARR/ACS/OO/ATL_VP,0,Yes
APU_RT_ARR,AUS_FL_VP,OO,vp,3,0.79,Goal,Root/div/dc_carrier/vp,APU_RT_ARR/ACS/OO/AUS_FL_VP,0,Yes
APU_RT_ARR,DTW_VP,OO,vp,3,0.14,Goal,Root/div/dc_carrier/vp,APU_RT_ARR/ACS/OO/DTW_VP,0,Yes
APU_RT_ARR,East_VP,OO,vp,3,0.59,Goal,Root/div/dc_carrier/vp,APU_RT_ARR/ACS/OO/East_VP,0,Yes
APU_RT_ARR,FieldStations_VP,OO,vp,3,0.32,Goal,Root/div/dc_carrier/vp,APU_RT_ARR/ACS/OO/FieldStations_VP,0,Yes
APU_RT_ARR,JFK_VP,OO,vp,3,0.36,Goal,Root/div/dc_carrier/vp,APU_RT_ARR/ACS/OO/JFK_VP,0,Yes
APU_RT_ARR,LACC_VP,OO,vp,3,0.14,Goal,Root/div/dc_carrier/vp,APU_RT_ARR/ACS/OO/LACC_VP,0,Yes
APU_RT_ARR,LAX_VP,OO,vp,3,0.5,Goal,Root/div/dc_carrier/vp,APU_RT_ARR/ACS/OO/LAX_VP,0,Yes
APU_RT_ARR,LGA_VP,OO,vp,3,0.67,Goal,Root/div/dc_carrier/vp,APU_RT_ARR/ACS/OO/LGA_VP,0,Yes
APU_RT_ARR,MSP_VP,OO,vp,3,0.68,Goal,Root/div/dc_carrier/vp,APU_RT_ARR/ACS/OO/MSP_VP,0,Yes
APU_RT_ARR,SEA_VP,OO,vp,3,0.15,Goal,Root/div/dc_carrier/vp,APU_RT_ARR/ACS/OO/SEA_VP,0,Yes
APU_RT_ARR,SLC_VP,OO,vp,3,0.3,Goal,Root/div/dc_carrier/vp,APU_RT_ARR/ACS/OO/SLC_VP,0,Yes
APU_RT_ARR,West_Central_VP,OO,vp,3,0.0,Goal,Root/div/dc_carrier/vp,APU_RT_ARR/ACS/OO/West_Central_VP,0,Yes
APU_RT_ARR,YX,ACS,dc_carrier,2,0.16,Goal,Root/div/dc_carrier,APU_RT_ARR/ACS/YX,86,No
APU_RT_ARR,Central_Director,YX,director,3,1.06,Goal,Root/div/dc_carrier/director,APU_RT_ARR/ACS/YX/Central_Director,0,Yes
APU_RT_ARR,East_Director,YX,director,3,0.0,Goal,Root/div/dc_carrier/director,APU_RT_ARR/ACS/YX/East_Director,0,Yes
APU_RT_ARR,FieldStations_Director,YX,director,3,1.45,Goal,Root/div/dc_carrier/director,APU_RT_ARR/ACS/YX/FieldStations_Director,0,Yes
APU_RT_ARR,Florida_Director,YX,director,3,0.55,Goal,Root/div/dc_carrier/director,APU_RT_ARR/ACS/YX/Florida_Director,0,Yes
APU_RT_ARR,Hub_ATL,YX,director,3,0.78,Goal,Root/div/dc_carrier/director,APU_RT_ARR/ACS/YX/Hub_ATL,0,Yes
APU_RT_ARR,Hub_BOS,YX,director,3,0.75,Goal,Root/div/dc_carrier/director,APU_RT_ARR/ACS/YX/Hub_BOS,0,Yes
APU_RT_ARR,Hub_DTW,YX,director,3,1.62,Goal,Root/div/dc_carrier/director,APU_RT_ARR/ACS/YX/Hub_DTW,0,Yes
APU_RT_ARR,Hub_JFK,YX,director,3,1.28,Goal,Root/div/dc_carrier/director,APU_RT_ARR/ACS/YX/Hub_JFK,0,Yes
APU_RT_ARR,Hub_LGA,YX,director,3,0.85,Goal,Root/div/dc_carrier/director,APU_RT_ARR/ACS/YX/Hub_LGA,0,Yes
APU_RT_ARR,ACSATL,YX,division,3,0.2,Goal,Root/div/dc_carrier/division,APU_RT_ARR/ACS/YX/ACSATL,0,Yes
APU_RT_ARR,ACSJFK,YX,division,3,2.32,Goal,Root/div/dc_carrier/division,APU_RT_ARR/ACS/YX/ACSJFK,0,Yes
APU_RT_ARR,DTW_AUS_FL,YX,division,3,0.84,Goal,Root/div/dc_carrier/division,APU_RT_ARR/ACS/YX/DTW_AUS_FL,0,Yes
APU_RT_ARR,East,YX,division,3,1.88,Goal,Root/div/dc_carrier/division,APU_RT_ARR/ACS/YX/East,0,Yes
APU_RT_ARR,FieldStations,YX,division,3,0.86,Goal,Root/div/dc_carrier/division,APU_RT_ARR/ACS/YX/FieldStations,0,Yes
APU_RT_ARR,West_Central,YX,division,3,1.07,Goal,Root/div/dc_carrier/division,APU_RT_ARR/ACS/YX/West_Central,0,Yes
APU_RT_ARR,Central_Region,YX,region,3,0.75,Goal,Root/div/dc_carrier/region,APU_RT_ARR/ACS/YX/Central_Region,0,Yes
APU_RT_ARR,Florida_Region,YX,region,3,2.21,Goal,Root/div/dc_carrier/region,APU_RT_ARR/ACS/YX/Florida_Region,0,Yes
APU_RT_ARR,FS_East,YX,region,3,0.51,Goal,Root/div/dc_carrier/region,APU_RT_ARR/ACS/YX/FS_East,0,Yes
APU_RT_ARR,FS_MountainWest,YX,region,3,1.78,Goal,Root/div/dc_carrier/region,APU_RT_ARR/ACS/YX/FS_MountainWest,0,Yes
APU_RT_ARR,FS_South,YX,region,3,1.6,Goal,Root/div/dc_carrier/region,APU_RT_ARR/ACS/YX/FS_South,0,Yes
APU_RT_ARR,GreatLakes_Region,YX,region,3,1.88,Goal,Root/div/dc_carrier/region,APU_RT_ARR/ACS/YX/GreatLakes_Region,0,Yes
APU_RT_ARR,MCO_Region,YX,region,3,1.89,Goal,Root/div/dc_carrier/region,APU_RT_ARR/ACS/YX/MCO_Region,0,Yes
APU_RT_ARR,MIA_Region,YX,region,3,0.58,Goal,Root/div/dc_carrier/region,APU_RT_ARR/ACS/YX/MIA_Region,0,Yes
APU_RT_ARR,Northeast_Region,YX,region,3,1.14,Goal,Root/div/dc_carrier/region,APU_RT_ARR/ACS/YX/Northeast_Region,0,Yes
APU_RT_ARR,Southeast_Region,YX,region,3,1.47,Goal,Root/div/dc_carrier/region,APU_RT_ARR/ACS/YX/Southeast_Region,0,Yes
APU_RT_ARR,ACK,YX,station,3,0.41,Goal,Root/div/dc_carrier/station,APU_RT_ARR/ACS/YX/ACK,0,Yes
APU_RT_ARR,AGS,YX,station,3,1.76,Goal,Root/div/dc_carrier/station,APU_RT_ARR/ACS/YX/AGS,0,Yes
APU_RT_ARR,ATL,YX,station,3,1.8,Goal,Root/div/dc_carrier/station,APU_RT_ARR/ACS/YX/ATL,0,Yes
APU_RT_ARR,AVL,YX,station,3,1.99,Goal,Root/div/dc_carrier/station,APU_RT_ARR/ACS/YX/AVL,0,Yes
APU_RT_ARR,BNA,YX,station,3,0.82,Goal,Root/div/dc_carrier/station,APU_RT_ARR/ACS/YX/BNA,0,Yes
APU_RT_ARR,BOS,YX,station,3,0.65,Goal,Root/div/dc_carrier/station,APU_RT_ARR/ACS/YX/BOS,0,Yes
APU_RT_ARR,BTV,YX,station,3,1.83,Goal,Root/div/dc_carrier/station,APU_RT_ARR/ACS/YX/BTV,0,Yes
APU_RT_ARR,BUF,YX,station,3,1.72,Goal,Root/div/dc_carrier/station,APU_RT_ARR/ACS/YX/BUF,0,Yes
APU_RT_ARR,BWI,YX,station,3,0.56,Goal,Root/div/dc_carrier/station,APU_RT_ARR/ACS/YX/BWI,0,Yes
APU_RT_ARR,CHS,YX,station,3,0.53,Goal,Root/div/dc_carrier/station,APU_RT_ARR/ACS/YX/CHS,0,Yes
APU_RT_ARR,CLE,YX,station,3,0.2,Goal,Root/div/dc_carrier/station,APU_RT_ARR/ACS/YX/CLE,0,Yes
APU_RT_ARR,CLT,YX,station,3,1.81,Goal,Root/div/dc_carrier/station,APU_RT_ARR/ACS/YX/CLT,0,Yes
APU_RT_ARR,CMH,YX,station,3,0.53,Goal,Root/div/dc_carrier/station,APU_RT_ARR/ACS/YX/CMH,0,Yes
APU_RT_ARR,CVG,YX,station,3,1.18,Goal,Root/div/dc_carrier/station,APU_RT_ARR/ACS/YX/CVG,0,Yes
APU_RT_ARR,DCA,YX,station,3,1.87,Goal,Root/div/dc_carrier/station,APU_RT_ARR/ACS/YX/DCA,0,Yes
APU_RT_ARR,DTW,YX,station,3,0.2,Goal,Root/div/dc_carrier/station,APU_RT_ARR/ACS/YX/DTW,0,Yes
APU_RT_ARR,EWR,YX,station,3,2.02,Goal,Root/div/dc_carrier/station,APU_RT_ARR/ACS/YX/EWR,0,Yes
APU_RT_ARR,EYW,YX,station,3,1.07,Goal,Root/div/dc_carrier/station,APU_RT_ARR/ACS/YX/EYW,0,Yes
APU_RT_ARR,GRR,YX,station,3,0.59,Goal,Root/div/dc_carrier/station,APU_RT_ARR/ACS/YX/GRR,0,Yes
APU_RT_ARR,GSO,YX,station,3,0.36,Goal,Root/div/dc_carrier/station,APU_RT_ARR/ACS/YX/GSO,0,Yes
APU_RT_ARR,HHH,YX,station,3,0.4,Goal,Root/div/dc_carrier/station,APU_RT_ARR/ACS/YX/HHH,0,Yes
APU_RT_ARR,ILM,YX,station,3,0.66,Goal,Root/div/dc_carrier/station,APU_RT_ARR/ACS/YX/ILM,0,Yes
APU_RT_ARR,IND,YX,station,3,1.17,Goal,Root/div/dc_carrier/station,APU_RT_ARR/ACS/YX/IND,0,Yes
APU_RT_ARR,JAX,YX,station,3,0.35,Goal,Root/div/dc_carrier/station,APU_RT_ARR/ACS/YX/JAX,0,Yes
APU_RT_ARR,JFK,YX,station,3,0.9,Goal,Root/div/dc_carrier/station,APU_RT_ARR/ACS/YX/JFK,0,Yes
APU_RT_ARR,LEX,YX,station,3,0.45,Goal,Root/div/dc_carrier/station,APU_RT_ARR/ACS/YX/LEX,0,Yes
APU_RT_ARR,LGA,YX,station,3,0.77,Goal,Root/div/dc_carrier/station,APU_RT_ARR/ACS/YX/LGA,0,Yes
APU_RT_ARR,MCI,YX,station,3,0.63,Goal,Root/div/dc_carrier/station,APU_RT_ARR/ACS/YX/MCI,0,Yes
APU_RT_ARR,MCO,YX,station,3,0.27,Goal,Root/div/dc_carrier/station,APU_RT_ARR/ACS/YX/MCO,0,Yes
APU_RT_ARR,MEM,YX,station,3,1.12,Goal,Root/div/dc_carrier/station,APU_RT_ARR/ACS/YX/MEM,0,Yes
APU_RT_ARR,MIA,YX,station,3,2.15,Goal,Root/div/dc_carrier/station,APU_RT_ARR/ACS/YX/MIA,0,Yes
APU_RT_ARR,MKE,YX,station,3,0.9,Goal,Root/div/dc_carrier/station,APU_RT_ARR/ACS/YX/MKE,0,Yes
APU_RT_ARR,MSN,YX,station,3,0.43,Goal,Root/div/dc_carrier/station,APU_RT_ARR/ACS/YX/MSN,0,Yes
APU_RT_ARR,MVY,YX,station,3,2.1,Goal,Root/div/dc_carrier/station,APU_RT_ARR/ACS/YX/MVY,0,Yes
APU_RT_ARR,MYR,YX,station,3,2.12,Goal,Root/div/dc_carrier/station,APU_RT_ARR/ACS/YX/MYR,0,Yes
APU_RT_ARR,OMA,YX,station,3,0.11,Goal,Root/div/dc_carrier/station,APU_RT_ARR/ACS/YX/OMA,0,Yes
APU_RT_ARR,ORD,YX,station,3,1.91,Goal,Root/div/dc_carrier/station,APU_RT_ARR/ACS/YX/ORD,0,Yes
APU_RT_ARR,ORF,YX,station,3,1.8,Goal,Root/div/dc_carrier/station,APU_RT_ARR/ACS/YX/ORF,0,Yes
APU_RT_ARR,PHL,YX,station,3,1.74,Goal,Root/div/dc_carrier/station,APU_RT_ARR/ACS/YX/PHL,0,Yes
APU_RT_ARR,PIT,YX,station,3,0.04,Goal,Root/div/dc_carrier/station,APU_RT_ARR/ACS/YX/PIT,0,Yes
APU_RT_ARR,PNS,YX,station,3,0.15,Goal,Root/div/dc_carrier/station,APU_RT_ARR/ACS/YX/PNS,0,Yes
APU_RT_ARR,PWM,YX,station,3,1.89,Goal,Root/div/dc_carrier/station,APU_RT_ARR/ACS/YX/PWM,0,Yes
APU_RT_ARR,RDU,YX,station,3,1.18,Goal,Root/div/dc_carrier/station,APU_RT_ARR/ACS/YX/RDU,0,Yes
APU_RT_ARR,RIC,YX,station,3,1.69,Goal,Root/div/dc_carrier/station,APU_RT_ARR/ACS/YX/RIC,0,Yes
APU_RT_ARR,ROC,YX,station,3,2.32,Goal,Root/div/dc_carrier/station,APU_RT_ARR/ACS/YX/ROC,0,Yes
APU_RT_ARR,SAV,YX,station,3,1.45,Goal,Root/div/dc_carrier/station,APU_RT_ARR/ACS/YX/SAV,0,Yes
APU_RT_ARR,SBN,YX,station,3,1.74,Goal,Root/div/dc_carrier/station,APU_RT_ARR/ACS/YX/SBN,0,Yes
APU_RT_ARR,SDF,YX,station,3,2.19,Goal,Root/div/dc_carrier/station,APU_RT_ARR/ACS/YX/SDF,0,Yes
APU_RT_ARR,SRQ,YX,station,3,0.34,Goal,Root/div/dc_carrier/station,APU_RT_ARR/ACS/YX/SRQ,0,Yes
APU_RT_ARR,STL,YX,station,3,1.2,Goal,Root/div/dc_carrier/station,APU_RT_ARR/ACS/YX/STL,0,Yes
APU_RT_ARR,SYR,YX,station,3,2.19,Goal,Root/div/dc_carrier/station,APU_RT_ARR/ACS/YX/SYR,0,Yes
APU_RT_ARR,TVC,YX,station,3,0.75,Goal,Root/div/dc_carrier/station,APU_RT_ARR/ACS/YX/TVC,0,Yes
APU_RT_ARR,ATL_VP,YX,vp,3,1.45,Goal,Root/div/dc_carrier/vp,APU_RT_ARR/ACS/YX/ATL_VP,0,Yes
APU_RT_ARR,AUS_FL_VP,YX,vp,3,0.82,Goal,Root/div/dc_carrier/vp,APU_RT_ARR/ACS/YX/AUS_FL_VP,0,Yes
APU_RT_ARR,BOS_VP,YX,vp,3,1.75,Goal,Root/div/dc_carrier/vp,APU_RT_ARR/ACS/YX/BOS_VP,0,Yes
APU_RT_ARR,DTW_VP,YX,vp,3,1.58,Goal,Root/div/dc_carrier/vp,APU_RT_ARR/ACS/YX/DTW_VP,0,Yes
APU_RT_ARR,East_VP,YX,vp,3,0.02,Goal,Root/div/dc_carrier/vp,APU_RT_ARR/ACS/YX/East_VP,0,Yes
APU_RT_ARR,FieldStations_VP,YX,vp,3,1.38,Goal,Root/div/dc_carrier/vp,APU_RT_ARR/ACS/YX/FieldStations_VP,0,Yes
APU_RT_ARR,JFK_VP,YX,vp,3,1.53,Goal,Root/div/dc_carrier/vp,APU_RT_ARR/ACS/YX/JFK_VP,0,Yes
APU_RT_ARR,LGA_VP,YX,vp,3,1.59,Goal,Root/div/dc_carrier/vp,APU_RT_ARR/ACS/YX/LGA_VP,0,Yes
APU_RT_ARR,West_Central_VP,YX,vp,3,1.55,Goal,Root/div/dc_carrier/vp,APU_RT_ARR/ACS/YX/West_Central_VP,0,Yes
APU_RT_ARR,AMS_Director,ACS,director,2,0.41,Goal,Root/div/director,APU_RT_ARR/ACS/AMS_Director,0,Yes
APU_RT_ARR,APAC_Director,ACS,director,2,0.07,Goal,Root/div/director,APU_RT_ARR/ACS/APAC_Director,0,Yes
APU_RT_ARR,AUS_Director,ACS,director,2,0.27,Goal,Root/div/director,APU_RT_ARR/ACS/AUS_Director,0,Yes
APU_RT_ARR,CANMEX_Director,ACS,director,2,0.01,Goal,Root/div/director,APU_RT_ARR/ACS/CANMEX_Director,0,Yes
APU_RT_ARR,Caribbean_Director,ACS,director,2,0.27,Goal,Root/div/director,APU_RT_ARR/ACS/Caribbean_Director,0,Yes
APU_RT_ARR,CASA_Director,ACS,director,2,0.21,Goal,Root/div/director,APU_RT_ARR/ACS/CASA_Director,0,Yes
APU_RT_ARR,CDG_Director,ACS,director,2,0.24,Goal,Root/div/director,APU_RT_ARR/ACS/CDG_Director,0,Yes
APU_RT_ARR,Central_Director,ACS,director,2,0.17,Goal,Root/div/director,APU_RT_ARR/ACS/Central_Director,0,Yes
APU_RT_ARR,East_Director,ACS,director,2,0.16,Goal,Root/div/director,APU_RT_ARR/ACS/East_Director,0,Yes
APU_RT_ARR,EMEA-A,ACS,director,2,0.23,Goal,Root/div/director,APU_RT_ARR/ACS/EMEA-A,0,Yes
APU_RT_ARR,EMEA-B,ACS,director,2,0.26,Goal,Root/div/director,APU_RT_ARR/ACS/EMEA-B,0,Yes
APU_RT_ARR,FieldStations_Director,ACS,director,2,0.49,Goal,Root/div/director,APU_RT_ARR/ACS/FieldStations_Director,0,Yes
APU_RT_ARR,Florida_Director,ACS,director,2,0.16,Goal,Root/div/director,APU_RT_ARR/ACS/Florida_Director,0,Yes
APU_RT_ARR,Hub_ATL,ACS,director,2,0.23,Goal,Root/div/director,APU_RT_ARR/ACS/Hub_ATL,0,Yes
APU_RT_ARR,Hub_BOS,ACS,director,2,0.15,Goal,Root/div/director,APU_RT_ARR/ACS/Hub_BOS,0,Yes
APU_RT_ARR,Hub_DTW,ACS,director,2,0.52,Goal,Root/div/director,APU_RT_ARR/ACS/Hub_DTW,0,Yes
APU_RT_ARR,Hub_JFK,ACS,director,2,0.46,Goal,Root/div/director,APU_RT_ARR/ACS/Hub_JFK,0,Yes
APU_RT_ARR,Hub_LAX,ACS,director,2,0.37,Goal,Root/div/director,APU_RT_ARR/ACS/Hub_LAX,0,Yes
APU_RT_ARR,Hub_LGA,ACS,director,2,0.3,Goal,Root/div/director,APU_RT_ARR/ACS/Hub_LGA,0,Yes
APU_RT_ARR,Hub_MSP,ACS,director,2,0.39,Goal,Root/div/director,APU_RT_ARR/ACS/Hub_MSP,0,Yes
APU_RT_ARR,Hub_SEA,ACS,director,2,0.11,Goal,Root/div/director,APU_RT_ARR/ACS/Hub_SEA,0,Yes
APU_RT_ARR,Hub_SLC,ACS,director,2,0.44,Goal,Root/div/director,APU_RT_ARR/ACS/Hub_SLC,0,Yes
APU_RT_ARR,West_Director,ACS,director,2,0.52,Goal,Root/div/director,APU_RT_ARR/ACS/West_Director,0,Yes
APU_RT_ARR,ACSATL,ACS,division,2,0.31,Goal,Root/div/division,APU_RT_ARR/ACS/ACSATL,0,Yes
APU_RT_ARR,ACSJFK,ACS,division,2,0.47,Goal,Root/div/division,APU_RT_ARR/ACS/ACSJFK,0,Yes
APU_RT_ARR,DTW_AUS_FL,ACS,division,2,0.3,Goal,Root/div/division,APU_RT_ARR/ACS/DTW_AUS_FL,0,Yes
APU_RT_ARR,East,ACS,division,2,0.38,Goal,Root/div/division,APU_RT_ARR/ACS/East,0,Yes
APU_RT_ARR,FieldStations,ACS,division,2,0.41,Goal,Root/div/division,APU_RT_ARR/ACS/FieldStations,0,Yes
APU_RT_ARR,International,ACS,division,2,0.48,Goal,Root/div/division,APU_RT_ARR/ACS/International,0,Yes
APU_RT_ARR,MSP_SEA_SLC,ACS,division,2,0.42,Goal,Root/div/division,APU_RT_ARR/ACS/MSP_SEA_SLC,0,Yes
APU_RT_ARR,West_Central,ACS,division,2,0.55,Goal,Root/div/division,APU_RT_ARR/ACS/West_Central,0,Yes
APU_RT_ARR,AMS_Region,ACS,region,2,0.15,Goal,Root/div/region,APU_RT_ARR/ACS/AMS_Region,0,Yes
APU_RT_ARR,AUS_Region,ACS,region,2,0.35,Goal,Root/div/region,APU_RT_ARR/ACS/AUS_Region,0,Yes
APU_RT_ARR,Canada_Region,ACS,region,2,0.26,Goal,Root/div/region,APU_RT_ARR/ACS/Canada_Region,0,Yes
APU_RT_ARR,Caribbean_Region,ACS,region,2,0.27,Goal,Root/div/region,APU_RT_ARR/ACS/Caribbean_Region,0,Yes
APU_RT_ARR,CDG_Region,ACS,region,2,0.49,Goal,Root/div/region,APU_RT_ARR/ACS/CDG_Region,0,Yes
APU_RT_ARR,CentralAmerica_Region,ACS,region,2,0.37,Goal,Root/div/region,APU_RT_ARR/ACS/CentralAmerica_Region,0,Yes
APU_RT_ARR,Central_Region,ACS,region,2,0.3,Goal,Root/div/region,APU_RT_ARR/ACS/Central_Region,0,Yes
APU_RT_ARR,EastAsia_Region,ACS,region,2,0.32,Goal,Root/div/region,APU_RT_ARR/ACS/EastAsia_Region,0,Yes
APU_RT_ARR,Florida_Region,ACS,region,2,0.08,Goal,Root/div/region,APU_RT_ARR/ACS/Florida_Region,0,Yes
APU_RT_ARR,FS_Central,ACS,region,2,0.13,Goal,Root/div/region,APU_RT_ARR/ACS/FS_Central,0,Yes
APU_RT_ARR,FS_East,ACS,region,2,0.21,Goal,Root/div/region,APU_RT_ARR/ACS/FS_East,0,Yes
APU_RT_ARR,FS_MountainWest,ACS,region,2,0.02,Goal,Root/div/region,APU_RT_ARR/ACS/FS_MountainWest,0,Yes
APU_RT_ARR,FS_South,ACS,region,2,0.29,Goal,Root/div/region,APU_RT_ARR/ACS/FS_South,0,Yes
APU_RT_ARR,FS_West,ACS,region,2,0.11,Goal,Root/div/region,APU_RT_ARR/ACS/FS_West,0,Yes
APU_RT_ARR,GreatLakes_Region,ACS,region,2,0.25,Goal,Root/div/region,APU_RT_ARR/ACS/GreatLakes_Region,0,Yes
APU_RT_ARR,MCO_Region,ACS,region,2,0.45,Goal,Root/div/region,APU_RT_ARR/ACS/MCO_Region,0,Yes
APU_RT_ARR,Mexico_Region,ACS,region,2,0.28,Goal,Root/div/region,APU_RT_ARR/ACS/Mexico_Region,0,Yes
APU_RT_ARR,MIA_Region,ACS,region,2,0.51,Goal,Root/div/region,APU_RT_ARR/ACS/MIA_Region,0,Yes
APU_RT_ARR,Northeast_Region,ACS,region,2,0.06,Goal,Root/div/region,APU_RT_ARR/ACS/Northeast_Region,0,Yes
APU_RT_ARR,SouthAmerica_Region,ACS,region,2,0.2,Goal,Root/div/region,APU_RT_ARR/ACS/SouthAmerica_Region,0,Yes
APU_RT_ARR,Southeast_Region,ACS,region,2,0.06,Goal,Root/div/region,APU_RT_ARR/ACS/Southeast_Region,0,Yes
APU_RT_ARR,SouthPacific_Region,ACS,region,2,0.33,Goal,Root/div/region,APU_RT_ARR/ACS/SouthPacific_Region,0,Yes
APU_RT_ARR,SouthWest_Region,ACS,region,2,0.27,Goal,Root/div/region,APU_RT_ARR/ACS/SouthWest_Region,0,Yes
APU_RT_ARR,West_Region,ACS,region,2,0.48,Goal,Root/div/region,APU_RT_ARR/ACS/West_Region,0,Yes
APU_RT_ARR,ABE,ACS,station,2,0.04,Goal,Root/div/station,APU_RT_ARR/ACS/ABE,0,Yes
APU_RT_ARR,ABQ,ACS,station,2,0.35,Goal,Root/div/station,APU_RT_ARR/ACS/ABQ,0,Yes
APU_RT_ARR,ABY,ACS,station,2,0.02,Goal,Root/div/station,APU_RT_ARR/ACS/ABY,0,Yes
APU_RT_ARR,ACC,ACS,station,2,0.53,Goal,Root/div/station,APU_RT_ARR/ACS/ACC,0,Yes
APU_RT_ARR,ACK,ACS,station,2,0.47,Goal,Root/div/station,APU_RT_ARR/ACS/ACK,0,Yes
APU_RT_ARR,AEX,ACS,station,2,0.27,Goal,Root/div/station,APU_RT_ARR/ACS/AEX,0,Yes
APU_RT_ARR,AGS,ACS,station,2,0.35,Goal,Root/div/station,APU_RT_ARR/ACS/AGS,0,Yes
APU_RT_ARR,AKL,ACS,station,2,0.22,Goal,Root/div/station,APU_RT_ARR/ACS/AKL,0,Yes
APU_RT_ARR,ALB,ACS,station,2,0.13,Goal,Root/div/station,APU_RT_ARR/ACS/ALB,0,Yes
APU_RT_ARR,AMS,ACS,station,2,0.54,Goal,Root/div/station,APU_RT_ARR/ACS/AMS,0,Yes
APU_RT_ARR,ANC,ACS,station,2,0.41,Goal,Root/div/station,APU_RT_ARR/ACS/ANC,0,Yes
APU_RT_ARR,APN,ACS,station,2,0.45,Goal,Root/div/station,APU_RT_ARR/ACS/APN,0,Yes
APU_RT_ARR,ARN,ACS,station,2,0.1,Goal,Root/div/station,APU_RT_ARR/ACS/ARN,0,Yes
APU_RT_ARR,ASE,ACS,station,2,0.11,Goal,Root/div/station,APU_RT_ARR/ACS/ASE,0,Yes
APU_RT_ARR,ATH,ACS,station,2,0.51,Goal,Root/div/station,APU_RT_ARR/ACS/ATH,0,Yes
APU_RT_ARR,ATL,ACS,station,2,0.16,Goal,Root/div/station,APU_RT_ARR/ACS/ATL,0,Yes
APU_RT_ARR,ATW,ACS,station,2,0.2,Goal,Root/div/station,APU_RT_ARR/ACS/ATW,0,Yes
APU_RT_ARR,ATY,ACS,station,2,0.48,Goal,Root/div/station,APU_RT_ARR/ACS/ATY,0,Yes
APU_RT_ARR,AUS,ACS,station,2,0.57,Goal,Root/div/station,APU_RT_ARR/ACS/AUS,0,Yes
APU_RT_ARR,AVL,ACS,station,2,0.32,Goal,Root/div/station,APU_RT_ARR/ACS/AVL,0,Yes
APU_RT_ARR,AZO,ACS,station,2,0.01,Goal,Root/div/station,APU_RT_ARR/ACS/AZO,0,Yes
APU_RT_ARR,BCN,ACS,station,2,0.05,Goal,Root/div/station,APU_RT_ARR/ACS/BCN,0,Yes
APU_RT_ARR,BDA,ACS,station,2,0.27,Goal,Root/div/station,APU_RT_ARR/ACS/BDA,0,Yes
APU_RT_ARR,BDL,ACS,station,2,0.48,Goal,Root/div/station,APU_RT_ARR/ACS/BDL,0,Yes
APU_RT_ARR,BER,ACS,station,2,0.4,Goal,Root/div/station,APU_RT_ARR/ACS/BER,0,Yes
APU_RT_ARR,BGM,ACS,station,2,0.04,Goal,Root/div/station,APU_RT_ARR/ACS/BGM,0,Yes
APU_RT_ARR,BGR,ACS,station,2,0.46,Goal,Root/div/station,APU_RT_ARR/ACS/BGR,0,Yes
APU_RT_ARR,BHM,ACS,station,2,0.11,Goal,Root/div/station,APU_RT_ARR/ACS/BHM,0,Yes
APU_RT_ARR,BIL,ACS,station,2,0.14,Goal,Root/div/station,APU_RT_ARR/ACS/BIL,0,Yes
APU_RT_ARR,BIS,ACS,station,2,0.32,Goal,Root/div/station,APU_RT_ARR/ACS/BIS,0,Yes
APU_RT_ARR,BMI,ACS,station,2,0.48,Goal,Root/div/station,APU_RT_ARR/ACS/BMI,0,Yes
APU_RT_ARR,BNA,ACS,station,2,0.02,Goal,Root/div/station,APU_RT_ARR/ACS/BNA,0,Yes
APU_RT_ARR,BOG,ACS,station,2,0.56,Goal,Root/div/station,APU_RT_ARR/ACS/BOG,0,Yes
APU_RT_ARR,BOI,ACS,station,2,0.13,Goal,Root/div/station,APU_RT_ARR/ACS/BOI,0,Yes
APU_RT_ARR,BOS,ACS,station,2,0.01,Goal,Root/div/station,APU_RT_ARR/ACS/BOS,0,Yes
APU_RT_ARR,BQK,ACS,station,2,0.46,Goal,Root/div/station,APU_RT_ARR/ACS/BQK,0,Yes
APU_RT_ARR,BRU,ACS,station,2,0.27,Goal,Root/div/station,APU_RT_ARR/ACS/BRU,0,Yes
APU_RT_ARR,BTM,ACS,station,2,0.39,Goal,Root/div/station,APU_RT_ARR/ACS/BTM,0,Yes
APU_RT_ARR,BTR,ACS,station,2,0.24,Goal,Root/div/station,APU_RT_ARR/ACS/BTR,0,Yes
APU_RT_ARR,BTV,ACS,station,2,0.24,Goal,Root/div/station,APU_RT_ARR/ACS/BTV,0,Yes
APU_RT_ARR,BUF,ACS,station,2,0.03,Goal,Root/div/station,APU_RT_ARR/ACS/BUF,0,Yes
APU_RT_ARR,BUR,ACS,station,2,0.07,Goal,Root/div/station,APU_RT_ARR/ACS/BUR,0,Yes
APU_RT_ARR,BWI,ACS,station,2,0.49,Goal,Root/div/station,APU_RT_ARR/ACS/BWI,0,Yes
APU_RT_ARR,BZE,ACS,station,2,0.53,Goal,Root/div/station,APU_RT_ARR/ACS/BZE,0,Yes
APU_RT_ARR,BZN,ACS,station,2,0.22,Goal,Root/div/station,APU_RT_ARR/ACS/BZN,0,Yes
APU_RT_ARR,CAE,ACS,station,2,0.43,Goal,Root/div/station,APU_RT_ARR/ACS/CAE,0,Yes
APU_RT_ARR,CDC,ACS,station,2,0.26,Goal,Root/div/station,APU_RT_ARR/ACS/CDC,0,Yes
APU_RT_ARR,CDG,ACS,station,2,0.36,Goal,Root/div/station,APU_RT_ARR/ACS/CDG,0,Yes
APU_RT_ARR,CHA,ACS,station,2,0.09,Goal,Root/div/station,APU_RT_ARR/ACS/CHA,0,Yes
APU_RT_ARR,CHO,ACS,station,2,0.03,Goal,Root/div/station,APU_RT_ARR/ACS/CHO,0,Yes
APU_RT_ARR,CHS,ACS,station,2,0.41,Goal,Root/div/station,APU_RT_ARR/ACS/CHS,0,Yes
APU_RT_ARR,CID,ACS,station,2,0.19,Goal,Root/div/station,APU_RT_ARR/ACS/CID,0,Yes
APU_RT_ARR,CIU,ACS,station,2,0.08,Goal,Root/div/station,APU_RT_ARR/ACS/CIU,0,Yes
APU_RT_ARR,CLE,ACS,station,2,0.4,Goal,Root/div/station,APU_RT_ARR/ACS/CLE,0,Yes
APU_RT_ARR,CLT,ACS,station,2,0.25,Goal,Root/div/station,APU_RT_ARR/ACS/CLT,0,Yes
APU_RT_ARR,CMH,ACS,station,2,0.01,Goal,Root/div/station,APU_RT_ARR/ACS/CMH,0,Yes
APU_RT_ARR,COS,ACS,station,2,0.21,Goal,Root/div/station,APU_RT_ARR/ACS/COS,0,Yes
APU_RT_ARR,CPH,ACS,station,2,0.1,Goal,Root/div/station,APU_RT_ARR/ACS/CPH,0,Yes
APU_RT_ARR,CPT,ACS,station,2,0.19,Goal,Root/div/station,APU_RT_ARR/ACS/CPT,0,Yes
APU_RT_ARR,CRW,ACS,station,2,0.17,Goal,Root/div/station,APU_RT_ARR/ACS/CRW,0,Yes
APU_RT_ARR,CSG,ACS,station,2,0.3,Goal,Root/div/station,APU_RT_ARR/ACS/CSG,0,Yes
APU_RT_ARR,CTA,ACS,station,2,0.52,Goal,Root/div/station,APU_RT_ARR/ACS/CTA,0,Yes
APU_RT_ARR,CTG,ACS,station,2,0.17,Goal,Root/div/station,APU_RT_ARR/ACS/CTG,0,Yes
APU_RT_ARR,CUN,ACS,station,2,0.32,Goal,Root/div/station,APU_RT_ARR/ACS/CUN,0,Yes
APU_RT_ARR,CVG,ACS,station,2,0.23,Goal,Root/div/station,APU_RT_ARR/ACS/CVG,0,Yes
APU_RT_ARR,CWA,ACS,station,2,0.47,Goal,Root/div/station,APU_RT_ARR/ACS/CWA,0,Yes
APU_RT_ARR,DAB,ACS,station,2,0.24,Goal,Root/div/station,APU_RT_ARR/ACS/DAB,0,Yes
APU_RT_ARR,DAL,ACS,station,2,0.2,Goal,Root/div/station,APU_RT_ARR/ACS/DAL,0,Yes
APU_RT_ARR,DAY,ACS,station,2,0.4,Goal,Root/div/station,APU_RT_ARR/ACS/DAY,0,Yes
APU_RT_ARR,DCA,ACS,station,2,0.13,Goal,Root/div/station,APU_RT_ARR/ACS/DCA,0,Yes
APU_RT_ARR,DEN,ACS,station,2,0.06,Goal,Root/div/station,APU_RT_ARR/ACS/DEN,0,Yes
APU_RT_ARR,DFW,ACS,station,2,0.47,Goal,Root/div/station,APU_RT_ARR/ACS/DFW,0,Yes
APU_RT_ARR,DHN,ACS,station,2,0.09,Goal,Root/div/station,APU_RT_ARR/ACS/DHN,0,Yes
APU_RT_ARR,DSM,ACS,station,2,0.22,Goal,Root/div/station,APU_RT_ARR/ACS/DSM,0,Yes
APU_RT_ARR,DSS,ACS,station,2,0.39,Goal,Root/div/station,APU_RT_ARR/ACS/DSS,0,Yes
APU_RT_ARR,DTW,ACS,station,2,0.25,Goal,Root/div/station,APU_RT_ARR/ACS/DTW,0,Yes
APU_RT_ARR,DUB,ACS,station,2,0.25,Goal,Root/div/station,APU_RT_ARR/ACS/DUB,0,Yes
APU_RT_ARR,ECP,ACS,station,2,0.23,Goal,Root/div/station,APU_RT_ARR/ACS/ECP,0,Yes
APU_RT_ARR,EDI,ACS,station,2,0.34,Goal,Root/div/station,APU_RT_ARR/ACS/EDI,0,Yes
APU_RT_ARR,EGE,ACS,station,2,0.39,Goal,Root/div/station,APU_RT_ARR/ACS/EGE,0,Yes
APU_RT_ARR,EKO,ACS,station,2,0.34,Goal,Root/div/station,APU_RT_ARR/ACS/EKO,0,Yes
APU_RT_ARR,ELM,ACS,station,2,0.02,Goal,Root/div/station,APU_RT_ARR/ACS/ELM,0,Yes
APU_RT_ARR,ELP,ACS,station,2,0.48,Goal,Root/div/station,APU_RT_ARR/ACS/ELP,0,Yes
APU_RT_ARR,ESC,ACS,station,2,0.48,Goal,Root/div/station,APU_RT_ARR/ACS/ESC,0,Yes
APU_RT_ARR,EUG,ACS,station,2,0.13,Goal,Root/div/station,APU_RT_ARR/ACS/EUG,0,Yes
APU_RT_ARR,EVV,ACS,station,2,0.47,Goal,Root/div/station,APU_RT_ARR/ACS/EVV,0,Yes
APU_RT_ARR,EWR,ACS,station,2,0.04,Goal,Root/div/station,APU_RT_ARR/ACS/EWR,0,Yes
APU_RT_ARR,EYW,ACS,station,2,0.12,Goal,Root/div/station,APU_RT_ARR/ACS/EYW,0,Yes
APU_RT_ARR,EZE,ACS,station,2,0.04,Goal,Root/div/station,APU_RT_ARR/ACS/EZE,0,Yes
APU_RT_ARR,FAI,ACS,station,2,0.57,Goal,Root/div/station,APU_RT_ARR/ACS/FAI,0,Yes
APU_RT_ARR,FAR,ACS,station,2,0.3,Goal,Root/div/station,APU_RT_ARR/ACS/FAR,0,Yes
APU_RT_ARR,FAT,ACS,station,2,0.07,Goal,Root/div/station,APU_RT_ARR/ACS/FAT,0,Yes
APU_RT_ARR,FAY,ACS,station,2,0.38,Goal,Root/div/station,APU_RT_ARR/ACS/FAY,0,Yes
APU_RT_ARR,FCA,ACS,station,2,0.54,Goal,Root/div/station,APU_RT_ARR/ACS/FCA,0,Yes
APU_RT_ARR,FCO,ACS,station,2,0.09,Goal,Root/div/station,APU_RT_ARR/ACS/FCO,0,Yes
APU_RT_ARR,FLL,ACS,station,2,0.47,Goal,Root/div/station,APU_RT_ARR/ACS/FLL,0,Yes
APU_RT_ARR,FRA,ACS,station,2,0.12,Goal,Root/div/station,APU_RT_ARR/ACS/FRA,0,Yes
APU_RT_ARR,FSD,ACS,station,2,0.27,Goal,Root/div/station,APU_RT_ARR/ACS/FSD,0,Yes
APU_RT_ARR,FWA,ACS,station,2,0.29,Goal,Root/div/station,APU_RT_ARR/ACS/FWA,0,Yes
APU_RT_ARR,GDL,ACS,station,2,0.54,Goal,Root/div/station,APU_RT_ARR/ACS/GDL,0,Yes
APU_RT_ARR,GEG,ACS,station,2,0.25,Goal,Root/div/station,APU_RT_ARR/ACS/GEG,0,Yes
APU_RT_ARR,GFK,ACS,station,2,0.53,Goal,Root/div/station,APU_RT_ARR/ACS/GFK,0,Yes
APU_RT_ARR,GIG,ACS,station,2,0.41,Goal,Root/div/station,APU_RT_ARR/ACS/GIG,0,Yes
APU_RT_ARR,GJT,ACS,station,2,0.26,Goal,Root/div/station,APU_RT_ARR/ACS/GJT,0,Yes
APU_RT_ARR,GNV,ACS,station,2,0.5,Goal,Root/div/station,APU_RT_ARR/ACS/GNV,0,Yes
APU_RT_ARR,GPT,ACS,station,2,0.4,Goal,Root/div/station,APU_RT_ARR/ACS/GPT,0,Yes
APU_RT_ARR,GRB,ACS,station,2,0.36,Goal,Root/div/station,APU_RT_ARR/ACS/GRB,0,Yes
APU_RT_ARR,GRR,ACS,station,2,0.08,Goal,Root/div/station,APU_RT_ARR/ACS/GRR,0,Yes
APU_RT_ARR,GRU,ACS,station,2,0.33,Goal,Root/div/station,APU_RT_ARR/ACS/GRU,0,Yes
APU_RT_ARR,GSO,ACS,station,2,0.41,Goal,Root/div/station,APU_RT_ARR/ACS/GSO,0,Yes
APU_RT_ARR,GSP,ACS,station,2,0.14,Goal,Root/div/station,APU_RT_ARR/ACS/GSP,0,Yes
APU_RT_ARR,GTF,ACS,station,2,0.39,Goal,Root/div/station,APU_RT_ARR/ACS/GTF,0,Yes
APU_RT_ARR,GTR,ACS,station,2,0.45,Goal,Root/div/station,APU_RT_ARR/ACS/GTR,0,Yes
APU_RT_ARR,GVA,ACS,station,2,0.43,Goal,Root/div/station,APU_RT_ARR/ACS/GVA,0,Yes
APU_RT_ARR,HDN,ACS,station,2,0.18,Goal,Root/div/station,APU_RT_ARR/ACS/HDN,0,Yes
APU_RT_ARR,HHH,ACS,station,2,0.09,Goal,Root/div/station,APU_RT_ARR/ACS/HHH,0,Yes
APU_RT_ARR,HIB,ACS,station,2,0.12,Goal,Root/div/station,APU_RT_ARR/ACS/HIB,0,Yes
APU_RT_ARR,HLN,ACS,station,2,0.3,Goal,Root/div/station,APU_RT_ARR/ACS/HLN,0,Yes
APU_RT_ARR,HND,ACS,station,2,0.23,Goal,Root/div/station,APU_RT_ARR/ACS/HND,0,Yes
APU_RT_ARR,HNL,ACS,station,2,0.33,Goal,Root/div/station,APU_RT_ARR/ACS/HNL,0,Yes
APU_RT_ARR,HOU,ACS,station,2,0.41,Goal,Root/div/station,APU_RT_ARR/ACS/HOU,0,Yes
APU_RT_ARR,HPN,ACS,station,2,0.28,Goal,Root/div/station,APU_RT_ARR/ACS/HPN,0,Yes
APU_RT_ARR,HRL,ACS,station,2,0.45,Goal,Root/div/station,APU_RT_ARR/ACS/HRL,0,Yes
APU_RT_ARR,HSV,ACS,station,2,0.34,Goal,Root/div/station,APU_RT_ARR/ACS/HSV,0,Yes
APU_RT_ARR,IAD,ACS,station,2,0.4,Goal,Root/div/station,APU_RT_ARR/ACS/IAD,0,Yes
APU_RT_ARR,IAH,ACS,station,2,0.51,Goal,Root/div/station,APU_RT_ARR/ACS/IAH,0,Yes
APU_RT_ARR,ICN,ACS,station,2,0.57,Goal,Root/div/station,APU_RT_ARR/ACS/ICN,0,Yes
APU_RT_ARR,ICT,ACS,station,2,0.25,Goal,Root/div/station,APU_RT_ARR/ACS/ICT,0,Yes
APU_RT_ARR,IDA,ACS,station,2,0.51,Goal,Root/div/station,APU_RT_ARR/ACS/IDA,0,Yes
APU_RT_ARR,ILM,ACS,station,2,0.46,Goal,Root/div/station,APU_RT_ARR/ACS/ILM,0,Yes
APU_RT_ARR,IND,ACS,station,2,0.44,Goal,Root/div/station,APU_RT_ARR/ACS/IND,0,Yes
APU_RT_ARR,ITH,ACS,station,2,0.05,Goal,Root/div/station,APU_RT_ARR/ACS/ITH,0,Yes
APU_RT_ARR,JAC,ACS,station,2,0.3,Goal,Root/div/station,APU_RT_ARR/ACS/JAC,0,Yes
APU_RT_ARR,JAN,ACS,station,2,0.21,Goal,Root/div/station,APU_RT_ARR/ACS/JAN,0,Yes
APU_RT_ARR,JAX,ACS,station,2,0.17,Goal,Root/div/station,APU_RT_ARR/ACS/JAX,0,Yes
APU_RT_ARR,JFK,ACS,station,2,0.26,Goal,Root/div/station,APU_RT_ARR/ACS/JFK,0,Yes
APU_RT_ARR,JNB,ACS,station,2,0.05,Goal,Root/div/station,APU_RT_ARR/ACS/JNB,0,Yes
APU_RT_ARR,JNU,ACS,station,2,0.18,Goal,Root/div/station,APU_RT_ARR/ACS/JNU,0,Yes
APU_RT_ARR,KEF,ACS,station,2,0.52,Goal,Root/div/station,APU_RT_ARR/ACS/KEF,0,Yes
APU_RT_ARR,KIN,ACS,station,2,0.36,Goal,Root/div/station,APU_RT_ARR/ACS/KIN,0,Yes
APU_RT_ARR,LAN,ACS,station,2,0.21,Goal,Root/div/station,APU_RT_ARR/ACS/LAN,0,Yes
APU_RT_ARR,LAS,ACS,station,2,0.12,Goal,Root/div/station,APU_RT_ARR/ACS/LAS,0,Yes
APU_RT_ARR,LAX,ACS,station,2,0.11,Goal,Root/div/station,APU_RT_ARR/ACS/LAX,0,Yes
APU_RT_ARR,LEX,ACS,station,2,0.01,Goal,Root/div/station,APU_RT_ARR/ACS/LEX,0,Yes
APU_RT_ARR,LFT,ACS,station,2,0.21,Goal,Root/div/station,APU_RT_ARR/ACS/LFT,0,Yes
APU_RT_ARR,LGA,ACS,station,2,0.32,Goal,Root/div/station,APU_RT_ARR/ACS/LGA,0,Yes
APU_RT_ARR,LGB,ACS,station,2,0.37,Goal,Root/div/station,APU_RT_ARR/ACS/LGB,0,Yes
APU_RT_ARR,LGW,ACS,station,2,0.2,Goal,Root/div/station,APU_RT_ARR/ACS/LGW,0,Yes
APU_RT_ARR,LHR,ACS,station,2,0.38,Goal,Root/div/station,APU_RT_ARR/ACS/LHR,0,Yes
APU_RT_ARR,LIH,ACS,station,2,0.39,Goal,Root/div/station,APU_RT_ARR/ACS/LIH,0,Yes
APU_RT_ARR,LIM,ACS,station,2,0.26,Goal,Root/div/station,APU_RT_ARR/ACS/LIM,0,Yes
APU_RT_ARR,LIR,ACS,station,2,0.3,Goal,Root/div/station,APU_RT_ARR/ACS/LIR,0,Yes
APU_RT_ARR,LIS,ACS,station,2,0.28,Goal,Root/div/station,APU_RT_ARR/ACS/LIS,0,Yes
APU_RT_ARR,LIT,ACS,station,2,0.49,Goal,Root/div/station,APU_RT_ARR/ACS/LIT,0,Yes
APU_RT_ARR,LWS,ACS,station,2,0.36,Goal,Root/div/station,APU_RT_ARR/ACS/LWS,0,Yes
APU_RT_ARR,MAD,ACS,station,2,0.03,Goal,Root/div/station,APU_RT_ARR/ACS/MAD,0,Yes
APU_RT_ARR,MAF,ACS,station,2,0.56,Goal,Root/div/station,APU_RT_ARR/ACS/MAF,0,Yes
APU_RT_ARR,MBJ,ACS,station,2,0.16,Goal,Root/div/station,APU_RT_ARR/ACS/MBJ,0,Yes
APU_RT_ARR,MBS,ACS,station,2,0.26,Goal,Root/div/station,APU_RT_ARR/ACS/MBS,0,Yes
APU_RT_ARR,MCI,ACS,station,2,0.06,Goal,Root/div/station,APU_RT_ARR/ACS/MCI,0,Yes
APU_RT_ARR,MCO,ACS,station,2,0.55,Goal,Root/div/station,APU_RT_ARR/ACS/MCO,0,Yes
APU_RT_ARR,MDT,ACS,station,2,0.1,Goal,Root/div/station,APU_RT_ARR/ACS/MDT,0,Yes
APU_RT_ARR,MDW,ACS,station,2,0.08,Goal,Root/div/station,APU_RT_ARR/ACS/MDW,0,Yes
APU_RT_ARR,MEM,ACS,station,2,0.44,Goal,Root/div/station,APU_RT_ARR/ACS/MEM,0,Yes
APU_RT_ARR,MEX,ACS,station,2,0.0,Goal,Root/div/station,APU_RT_ARR/ACS/MEX,0,Yes
APU_RT_ARR,MFE,ACS,station,2,0.45,Goal,Root/div/station,APU_RT_ARR/ACS/MFE,0,Yes
APU_RT_ARR,MFR,ACS,station,2,0.23,Goal,Root/div/station,APU_RT_ARR/ACS/MFR,0,Yes
APU_RT_ARR,MGM,ACS,station,2,0.13,Goal,Root/div/station,APU_RT_ARR/ACS/MGM,0,Yes
APU_RT_ARR,MIA,ACS,station,2,0.11,Goal,Root/div/station,APU_RT_ARR/ACS/MIA,0,Yes
APU_RT_ARR,MKE,ACS,station,2,0.32,Goal,Root/div/station,APU_RT_ARR/ACS/MKE,0,Yes
APU_RT_ARR,MLB,ACS,station,2,0.54,Goal,Root/div/station,APU_RT_ARR/ACS/MLB,0,Yes
APU_RT_ARR,MLH,ACS,station,2,0.09,Goal,Root/div/station,APU_RT_ARR/ACS/MLH,0,Yes
APU_RT_ARR,MLI,ACS,station,2,0.31,Goal,Root/div/station,APU_RT_ARR/ACS/MLI,0,Yes
APU_RT_ARR,MLU,ACS,station,2,0.46,Goal,Root/div/station,APU_RT_ARR/ACS/MLU,0,Yes
APU_RT_ARR,MOB,ACS,station,2,0.07,Goal,Root/div/station,APU_RT_ARR/ACS/MOB,0,Yes
APU_RT_ARR,MOT,ACS,station,2,0.48,Goal,Root/div/station,APU_RT_ARR/ACS/MOT,0,Yes
APU_RT_ARR,MQT,ACS,station,2,0.12,Goal,Root/div/station,APU_RT_ARR/ACS/MQT,0,Yes
APU_RT_ARR,MSN,ACS,station,2,0.48,Goal,Root/div/station,APU_RT_ARR/ACS/MSN,0,Yes
APU_RT_ARR,MSO,ACS,station,2,0.3,Goal,Root/div/station,APU_RT_ARR/ACS/MSO,0,Yes
APU_RT_ARR,MSP,ACS,station,2,0.47,Goal,Root/div/station,APU_RT_ARR/ACS/MSP,0,Yes
APU_RT_ARR,MSY,ACS,station,2,0.16,Goal,Root/div/station,APU_RT_ARR/ACS/MSY,0,Yes
APU_RT_ARR,MTJ,ACS,station,2,0.24,Goal,Root/div/station,APU_RT_ARR/ACS/MTJ,0,Yes
APU_RT_ARR,MTY,ACS,station,2,0.45,Goal,Root/div/station,APU_RT_ARR/ACS/MTY,0,Yes
APU_RT_ARR,MUC,ACS,station,2,0.18,Goal,Root/div/station,APU_RT_ARR/ACS/MUC,0,Yes
APU_RT_ARR,MVY,ACS,station,2,0.0,Goal,Root/div/station,APU_RT_ARR/ACS/MVY,0,Yes
APU_RT_ARR,MXP,ACS,station,2,0.28,Goal,Root/div/station,APU_RT_ARR/ACS/MXP,0,Yes
APU_RT_ARR,MYR,ACS,station,2,0.23,Goal,Root/div/station,APU_RT_ARR/ACS/MYR,0,Yes
APU_RT_ARR,MZT,ACS,station,2,0.44,Goal,Root/div/station,APU_RT_ARR/ACS/MZT,0,Yes
APU_RT_ARR,NAP,ACS,station,2,0.07,Goal,Root/div/station,APU_RT_ARR/ACS/NAP,0,Yes
APU_RT_ARR,NAS,ACS,station,2,0.35,Goal,Root/div/station,APU_RT_ARR/ACS/NAS,0,Yes
APU_RT_ARR,NCE,ACS,station,2,0.19,Goal,Root/div/station,APU_RT_ARR/ACS/NCE,0,Yes
APU_RT_ARR,OAJ,ACS,station,2,0.38,Goal,Root/div/station,APU_RT_ARR/ACS/OAJ,0,Yes
APU_RT_ARR,OAK,ACS,station,2,0.21,Goal,Root/div/station,APU_RT_ARR/ACS/OAK,0,Yes
APU_RT_ARR,OGG,ACS,station,2,0.54,Goal,Root/div/station,APU_RT_ARR/ACS/OGG,0,Yes
APU_RT_ARR,OKC,ACS,station,2,0.3,Goal,Root/div/station,APU_RT_ARR/ACS/OKC,0,Yes
APU_RT_ARR,OMA,ACS,station,2,0.16,Goal,Root/div/station,APU_RT_ARR/ACS/OMA,0,Yes
APU_RT_ARR,ONT,ACS,station,2,0.13,Goal,Root/div/station,APU_RT_ARR/ACS/ONT,0,Yes
APU_RT_ARR,ORD,ACS,station,2,0.54,Goal,Root/div/station,APU_RT_ARR/ACS/ORD,0,Yes
APU_RT_ARR,ORF,ACS,station,2,0.05,Goal,Root/div/station,APU_RT_ARR/ACS/ORF,0,Yes
APU_RT_ARR,PBI,ACS,station,2,0.18,Goal,Root/div/station,APU_RT_ARR/ACS/PBI,0,Yes
APU_RT_ARR,PDX,ACS,station,2,0.16,Goal,Root/div/station,APU_RT_ARR/ACS/PDX,0,Yes
APU_RT_ARR,PHL,ACS,station,2,0.55,Goal,Root/div/station,APU_RT_ARR/ACS/PHL,0,Yes
APU_RT_ARR,PHX,ACS,station,2,0.06,Goal,Root/div/station,APU_RT_ARR/ACS/PHX,0,Yes
APU_RT_ARR,PIH,ACS,station,2,0.42,Goal,Root/div/station,APU_RT_ARR/ACS/PIH,0,Yes
APU_RT_ARR,PIT,ACS,station,2,0.27,Goal,Root/div/station,APU_RT_ARR/ACS/PIT,0,Yes
APU_RT_ARR,PLN,ACS,station,2,0.36,Goal,Root/div/station,APU_RT_ARR/ACS/PLN,0,Yes
APU_RT_ARR,PLS,ACS,station,2,0.18,Goal,Root/div/station,APU_RT_ARR/ACS/PLS,0,Yes
APU_RT_ARR,PNS,ACS,station,2,0.35,Goal,Root/div/station,APU_RT_ARR/ACS/PNS,0,Yes
APU_RT_ARR,POP,ACS,station,2,0.06,Goal,Root/div/station,APU_RT_ARR/ACS/POP,0,Yes
APU_RT_ARR,PRG,ACS,station,2,0.25,Goal,Root/div/station,APU_RT_ARR/ACS/PRG,0,Yes
APU_RT_ARR,PSC,ACS,station,2,0.21,Goal,Root/div/station,APU_RT_ARR/ACS/PSC,0,Yes
APU_RT_ARR,PSP,ACS,station,2,0.37,Goal,Root/div/station,APU_RT_ARR/ACS/PSP,0,Yes
APU_RT_ARR,PUJ,ACS,station,2,0.44,Goal,Root/div/station,APU_RT_ARR/ACS/PUJ,0,Yes
APU_RT_ARR,PVD,ACS,station,2,0.19,Goal,Root/div/station,APU_RT_ARR/ACS/PVD,0,Yes
APU_RT_ARR,PVG,ACS,station,2,0.22,Goal,Root/div/station,APU_RT_ARR/ACS/PVG,0,Yes
APU_RT_ARR,PVR,ACS,station,2,0.29,Goal,Root/div/station,APU_RT_ARR/ACS/PVR,0,Yes
APU_RT_ARR,PWM,ACS,station,2,0.18,Goal,Root/div/station,APU_RT_ARR/ACS/PWM,0,Yes
APU_RT_ARR,RAK,ACS,station,2,0.27,Goal,Root/div/station,APU_RT_ARR/ACS/RAK,0,Yes
APU_RT_ARR,RAP,ACS,station,2,0.13,Goal,Root/div/station,APU_RT_ARR/ACS/RAP,0,Yes
APU_RT_ARR,RDM,ACS,station,2,0.2,Goal,Root/div/station,APU_RT_ARR/ACS/RDM,0,Yes
APU_RT_ARR,RDU,ACS,station,2,0.05,Goal,Root/div/station,APU_RT_ARR/ACS/RDU,0,Yes
APU_RT_ARR,RHI,ACS,station,2,0.11,Goal,Root/div/station,APU_RT_ARR/ACS/RHI,0,Yes
APU_RT_ARR,RIC,ACS,station,2,0.42,Goal,Root/div/station,APU_RT_ARR/ACS/RIC,0,Yes
APU_RT_ARR,RNO,ACS,station,2,0.48,Goal,Root/div/station,APU_RT_ARR/ACS/RNO,0,Yes
APU_RT_ARR,ROA,ACS,station,2,0.09,Goal,Root/div/station,APU_RT_ARR/ACS/ROA,0,Yes
APU_RT_ARR,ROC,ACS,station,2,0.32,Goal,Root/div/station,APU_RT_ARR/ACS/ROC,0,Yes
APU_RT_ARR,RST,ACS,station,2,0.17,Goal,Root/div/station,APU_RT_ARR/ACS/RST,0,Yes
APU_RT_ARR,RSW,ACS,station,2,0.15,Goal,Root/div/station,APU_RT_ARR/ACS/RSW,0,Yes
APU_RT_ARR,SAL,ACS,station,2,0.24,Goal,Root/div/station,APU_RT_ARR/ACS/SAL,0,Yes
APU_RT_ARR,SAN,ACS,station,2,0.17,Goal,Root/div/station,APU_RT_ARR/ACS/SAN,0,Yes
APU_RT_ARR,SAP,ACS,station,2,0.17,Goal,Root/div/station,APU_RT_ARR/ACS/SAP,0,Yes
APU_RT_ARR,SAT,ACS,station,2,0.05,Goal,Root/div/station,APU_RT_ARR/ACS/SAT,0,Yes
APU_RT_ARR,SAV,ACS,station,2,0.47,Goal,Root/div/station,APU_RT_ARR/ACS/SAV,0,Yes
APU_RT_ARR,SBA,ACS,station,2,0.56,Goal,Root/div/station,APU_RT_ARR/ACS/SBA,0,Yes
APU_RT_ARR,SBN,ACS,station,2,0.4,Goal,Root/div/station,APU_RT_ARR/ACS/SBN,0,Yes
APU_RT_ARR,SCL,ACS,station,2,0.37,Goal,Root/div/station,APU_RT_ARR/ACS/SCL,0,Yes
APU_RT_ARR,SDF,ACS,station,2,0.01,Goal,Root/div/station,APU_RT_ARR/ACS/SDF,0,Yes
APU_RT_ARR,SDQ,ACS,station,2,0.36,Goal,Root/div/station,APU_RT_ARR/ACS/SDQ,0,Yes
APU_RT_ARR,SEA,ACS,station,2,0.44,Goal,Root/div/station,APU_RT_ARR/ACS/SEA,0,Yes
APU_RT_ARR,SFO,ACS,station,2,0.47,Goal,Root/div/station,APU_RT_ARR/ACS/SFO,0,Yes
APU_RT_ARR,SGF,ACS,station,2,0.3,Goal,Root/div/station,APU_RT_ARR/ACS/SGF,0,Yes
APU_RT_ARR,SGU,ACS,station,2,0.37,Goal,Root/div/station,APU_RT_ARR/ACS/SGU,0,Yes
APU_RT_ARR,SHV,ACS,station,2,0.35,Goal,Root/div/station,APU_RT_ARR/ACS/SHV,0,Yes
APU_RT_ARR,SJC,ACS,station,2,0.31,Goal,Root/div/station,APU_RT_ARR/ACS/SJC,0,Yes
APU_RT_ARR,SJD,ACS,station,2,0.39,Goal,Root/div/station,APU_RT_ARR/ACS/SJD,0,Yes
APU_RT_ARR,SJO,ACS,station,2,0.14,Goal,Root/div/station,APU_RT_ARR/ACS/SJO,0,Yes
APU_RT_ARR,SJU,ACS,station,2,0.04,Goal,Root/div/station,APU_RT_ARR/ACS/SJU,0,Yes
APU_RT_ARR,SLC,ACS,station,2,0.21,Goal,Root/div/station,APU_RT_ARR/ACS/SLC,0,Yes
APU_RT_ARR,SMF,ACS,station,2,0.56,Goal,Root/div/station,APU_RT_ARR/ACS/SMF,0,Yes
APU_RT_ARR,SNA,ACS,station,2,0.0,Goal,Root/div/station,APU_RT_ARR/ACS/SNA,0,Yes
APU_RT_ARR,SNN,ACS,station,2,0.34,Goal,Root/div/station,APU_RT_ARR/ACS/SNN,0,Yes
APU_RT_ARR,SRQ,ACS,station,2,0.24,Goal,Root/div/station,APU_RT_ARR/ACS/SRQ,0,Yes
APU_RT_ARR,STI,ACS,station,2,0.12,Goal,Root/div/station,APU_RT_ARR/ACS/STI,0,Yes
APU_RT_ARR,STL,ACS,station,2,0.37,Goal,Root/div/station,APU_RT_ARR/ACS/STL,0,Yes
APU_RT_ARR,STX,ACS,station,2,0.57,Goal,Root/div/station,APU_RT_ARR/ACS/STX,0,Yes
APU_RT_ARR,SUN,ACS,station,2,0.51,Goal,Root/div/station,APU_RT_ARR/ACS/SUN,0,Yes
APU_RT_ARR,SYD,ACS,station,2,0.06,Goal,Root/div/station,APU_RT_ARR/ACS/SYD,0,Yes
APU_RT_ARR,SYR,ACS,station,2,0.31,Goal,Root/div/station,APU_RT_ARR/ACS/SYR,0,Yes
APU_RT_ARR,TLH,ACS,station,2,0.43,Goal,Root/div/station,APU_RT_ARR/ACS/TLH,0,Yes
APU_RT_ARR,TPA,ACS,station,2,0.16,Goal,Root/div/station,APU_RT_ARR/ACS/TPA,0,Yes
APU_RT_ARR,TPE,ACS,station,2,0.49,Goal,Root/div/station,APU_RT_ARR/ACS/TPE,0,Yes
APU_RT_ARR,TQO,ACS,station,2,0.54,Goal,Root/div/station,APU_RT_ARR/ACS/TQO,0,Yes
APU_RT_ARR,TRI,ACS,station,2,0.34,Goal,Root/div/station,APU_RT_ARR/ACS/TRI,0,Yes
APU_RT_ARR,TUL,ACS,station,2,0.26,Goal,Root/div/station,APU_RT_ARR/ACS/TUL,0,Yes
APU_RT_ARR,TUS,ACS,station,2,0.13,Goal,Root/div/station,APU_RT_ARR/ACS/TUS,0,Yes
APU_RT_ARR,TVC,ACS,station,2,0.33,Goal,Root/div/station,APU_RT_ARR/ACS/TVC,0,Yes
APU_RT_ARR,TWF,ACS,station,2,0.35,Goal,Root/div/station,APU_RT_ARR/ACS/TWF,0,Yes
APU_RT_ARR,TYS,ACS,station,2,0.34,Goal,Root/div/station,APU_RT_ARR/ACS/TYS,0,Yes
APU_RT_ARR,UIO,ACS,station,2,0.31,Goal,Root/div/station,APU_RT_ARR/ACS/UIO,0,Yes
APU_RT_ARR,UVF,ACS,station,2,0.38,Goal,Root/div/station,APU_RT_ARR/ACS/UVF,0,Yes
APU_RT_ARR,VCE,ACS,station,2,0.31,Goal,Root/div/station,APU_RT_ARR/ACS/VCE,0,Yes
APU_RT_ARR,VLD,ACS,station,2,0.12,Goal,Root/div/station,APU_RT_ARR/ACS/VLD,0,Yes
APU_RT_ARR,VPS,ACS,station,2,0.02,Goal,Root/div/station,APU_RT_ARR/ACS/VPS,0,Yes
APU_RT_ARR,XNA,ACS,station,2,0.1,Goal,Root/div/station,APU_RT_ARR/ACS/XNA,0,Yes
APU_RT_ARR,XWA,ACS,station,2,0.27,Goal,Root/div/station,APU_RT_ARR/ACS/XWA,0,Yes
APU_RT_ARR,YHZ,ACS,station,2,0.0,Goal,Root/div/station,APU_RT_ARR/ACS/YHZ,0,Yes
APU_RT_ARR,YUL,ACS,station,2,0.56,Goal,Root/div/station,APU_RT_ARR/ACS/YUL,0,Yes
APU_RT_ARR,YVR,ACS,station,2,0.37,Goal,Root/div/station,APU_RT_ARR/ACS/YVR,0,Yes
APU_RT_ARR,YWG,ACS,station,2,0.18,Goal,Root/div/station,APU_RT_ARR/ACS/YWG,0,Yes
APU_RT_ARR,YYC,ACS,station,2,0.16,Goal,Root/div/station,APU_RT_ARR/ACS/YYC,0,Yes
APU_RT_ARR,YYZ,ACS,station,2,0.39,Goal,Root/div/station,APU_RT_ARR/ACS/YYZ,0,Yes
APU_RT_ARR,ZRH,ACS,station,2,0.01,Goal,Root/div/station,APU_RT_ARR/ACS/ZRH,0,Yes
APU_RT_ARR,APAC_VP,ACS,vp,2,0.33,Goal,Root/div/vp,APU_RT_ARR/ACS/APAC_VP,0,Yes
APU_RT_ARR,ATL_VP,ACS,vp,2,0.05,Goal,Root/div/vp,APU_RT_ARR/ACS/ATL_VP,0,Yes
APU_RT_ARR,AUS_FL_VP,ACS,vp,2,0.22,Goal,Root/div/vp,APU_RT_ARR/ACS/AUS_FL_VP,0,Yes
APU_RT_ARR,BOS_VP,ACS,vp,2,0.12,Goal,Root/div/vp,APU_RT_ARR/ACS/BOS_VP,0,Yes
APU_RT_ARR,DTW_VP,ACS,vp,2,0.4,Goal,Root/div/vp,APU_RT_ARR/ACS/DTW_VP,0,Yes
APU_RT_ARR,East_VP,ACS,vp,2,0.41,Goal,Root/div/vp,APU_RT_ARR/ACS/East_VP,0,Yes
APU_RT_ARR,EMEAI_VP,ACS,vp,2,0.53,Goal,Root/div/vp,APU_RT_ARR/ACS/EMEAI_VP,0,Yes
APU_RT_ARR,FieldStations_VP,ACS,vp,2,0.41,Goal,Root/div/vp,APU_RT_ARR/ACS/FieldStations_VP,0,Yes
APU_RT_ARR,JFK_VP,ACS,vp,2,0.02,Goal,Root/div/vp,APU_RT_ARR/ACS/JFK_VP,0,Yes
APU_RT_ARR,LACC_VP,ACS,vp,2,0.32,Goal,Root/div/vp,APU_RT_ARR/ACS/LACC_VP,0,Yes
APU_RT_ARR,LAX_VP,ACS,vp,2,0.24,Goal,Root/div/vp,APU_RT_ARR/ACS/LAX_VP,0,Yes
APU_RT_ARR,LGA_VP,ACS,vp,2,0.46,Goal,Root/div/vp,APU_RT_ARR/ACS/LGA_VP,0,Yes
APU_RT_ARR,MSP_VP,ACS,vp,2,0.01,Goal,Root/div/vp,APU_RT_ARR/ACS/MSP_VP,0,Yes
APU_RT_ARR,SEA_VP,ACS,vp,2,0.12,Goal,Root/div/vp,APU_RT_ARR/ACS/SEA_VP,0,Yes
APU_RT_ARR,SLC_VP,ACS,vp,2,0.34,Goal,Root/div/vp,APU_RT_ARR/ACS/SLC_VP,0,Yes
APU_RT_ARR,West_Central_VP,ACS,vp,2,0.42000000000000004,Goal,Root/div/vp,APU_RT_ARR/ACS/West_Central_VP,0,Yes
APU_RT_ARR,DL,APU_RT_ARR,sys,1,20.49,Goal,Root/sys,APU_RT_ARR/DL,0,Yes
