KPI,Node Name,Parent,Category,Tier,Contribution,Target/Goal,Category Path,Node Path,Child Count,Leaf
APU_GATE_RT,APU_GATE_RT,,Root,0,1,Goal,Root,APU_GATE_RT,3,No
APU_GATE_RT,VND,APU_GATE_RT,div,1,15.77,Goal,Root/div,APU_GATE_RT/VND,117,No
APU_GATE_RT,ABE,VND,station,2,1.58,Goal,Root/div/station,APU_GATE_RT/VND/ABE,1,No
APU_GATE_RT,Unifi,ABE,vendor,3,100.0,Goal,Root/div/station/vendor,APU_GATE_RT/VND/ABE/Unifi,1,No
APU_GATE_RT,FS,Unifi,vnd_typ,4,100.0,Goal,Root/div/station/vendor/vnd_typ,APU_GATE_RT/VND/ABE/Unifi/FS,0,Yes
APU_GATE_RT,ABR,VND,station,2,0.28,Goal,Root/div/station,APU_GATE_RT/VND/ABR,1,No
APU_GATE_RT,Unifi,ABR,vendor,3,100.0,Goal,Root/div/station/vendor,APU_GATE_RT/VND/ABR/Unifi,1,No
APU_GATE_RT,FS,Unifi,vnd_typ,4,100.0,Goal,Root/div/station/vendor/vnd_typ,APU_GATE_RT/VND/ABR/Unifi/FS,0,Yes
APU_GATE_RT,ABY,VND,station,2,0.6,Goal,Root/div/station,APU_GATE_RT/VND/ABY,1,No
APU_GATE_RT,Menzies Aviation,ABY,vendor,3,100.0,Goal,Root/div/station/vendor,APU_GATE_RT/VND/ABY/Menzies Aviation,1,No
APU_GATE_RT,FS,Menzies Aviation,vnd_typ,4,100.0,Goal,Root/div/station/vendor/vnd_typ,APU_GATE_RT/VND/ABY/Menzies Aviation/FS,0,Yes
APU_GATE_RT,ACK,VND,station,2,0.91,Goal,Root/div/station,APU_GATE_RT/VND/ACK,1,No
APU_GATE_RT,Unifi,ACK,vendor,3,100.0,Goal,Root/div/station/vendor,APU_GATE_RT/VND/ACK/Unifi,1,No
APU_GATE_RT,FS,Unifi,vnd_typ,4,100.0,Goal,Root/div/station/vendor/vnd_typ,APU_GATE_RT/VND/ACK/Unifi/FS,0,Yes
APU_GATE_RT,AEX,VND,station,2,0.28,Goal,Root/div/station,APU_GATE_RT/VND/AEX,1,No
APU_GATE_RT,Unifi,AEX,vendor,3,100.0,Goal,Root/div/station/vendor,APU_GATE_RT/VND/AEX/Unifi,1,No
APU_GATE_RT,FS,Unifi,vnd_typ,4,100.0,Goal,Root/div/station/vendor/vnd_typ,APU_GATE_RT/VND/AEX/Unifi/FS,0,Yes
APU_GATE_RT,AGS,VND,station,2,0.38,Goal,Root/div/station,APU_GATE_RT/VND/AGS,1,No
APU_GATE_RT,Unifi,AGS,vendor,3,100.0,Goal,Root/div/station/vendor,APU_GATE_RT/VND/AGS/Unifi,1,No
APU_GATE_RT,FS,Unifi,vnd_typ,4,100.0,Goal,Root/div/station/vendor/vnd_typ,APU_GATE_RT/VND/AGS/Unifi/FS,0,Yes
APU_GATE_RT,APN,VND,station,2,0.71,Goal,Root/div/station,APU_GATE_RT/VND/APN,1,No
APU_GATE_RT,Unifi,APN,vendor,3,100.0,Goal,Root/div/station/vendor,APU_GATE_RT/VND/APN/Unifi,1,No
APU_GATE_RT,FS,Unifi,vnd_typ,4,100.0,Goal,Root/div/station/vendor/vnd_typ,APU_GATE_RT/VND/APN/Unifi/FS,0,Yes
APU_GATE_RT,ASE,VND,station,2,1.47,Goal,Root/div/station,APU_GATE_RT/VND/ASE,1,No
APU_GATE_RT,SkyWest,ASE,vendor,3,100.0,Goal,Root/div/station/vendor,APU_GATE_RT/VND/ASE/SkyWest,1,No
APU_GATE_RT,FS,SkyWest,vnd_typ,4,100.0,Goal,Root/div/station/vendor/vnd_typ,APU_GATE_RT/VND/ASE/SkyWest/FS,0,Yes
APU_GATE_RT,ATW,VND,station,2,1.51,Goal,Root/div/station,APU_GATE_RT/VND/ATW,1,No
APU_GATE_RT,Unifi,ATW,vendor,3,100.0,Goal,Root/div/station/vendor,APU_GATE_RT/VND/ATW/Unifi,1,No
APU_GATE_RT,FS,Unifi,vnd_typ,4,100.0,Goal,Root/div/station/vendor/vnd_typ,APU_GATE_RT/VND/ATW/Unifi/FS,0,Yes
APU_GATE_RT,AVL,VND,station,2,1.31,Goal,Root/div/station,APU_GATE_RT/VND/AVL,1,No
APU_GATE_RT,Unifi,AVL,vendor,3,100.0,Goal,Root/div/station/vendor,APU_GATE_RT/VND/AVL/Unifi,1,No
APU_GATE_RT,FS,Unifi,vnd_typ,4,100.0,Goal,Root/div/station/vendor/vnd_typ,APU_GATE_RT/VND/AVL/Unifi/FS,0,Yes
APU_GATE_RT,AZO,VND,station,2,0.87,Goal,Root/div/station,APU_GATE_RT/VND/AZO,1,No
APU_GATE_RT,Unifi,AZO,vendor,3,100.0,Goal,Root/div/station/vendor,APU_GATE_RT/VND/AZO/Unifi,1,No
APU_GATE_RT,FS,Unifi,vnd_typ,4,100.0,Goal,Root/div/station/vendor/vnd_typ,APU_GATE_RT/VND/AZO/Unifi/FS,0,Yes
APU_GATE_RT,BGR,VND,station,2,0.51,Goal,Root/div/station,APU_GATE_RT/VND/BGR,1,No
APU_GATE_RT,Unifi,BGR,vendor,3,100.0,Goal,Root/div/station/vendor,APU_GATE_RT/VND/BGR/Unifi,1,No
APU_GATE_RT,FS,Unifi,vnd_typ,4,100.0,Goal,Root/div/station/vendor/vnd_typ,APU_GATE_RT/VND/BGR/Unifi/FS,0,Yes
APU_GATE_RT,BIL,VND,station,2,0.69,Goal,Root/div/station,APU_GATE_RT/VND/BIL,1,No
APU_GATE_RT,Unifi,BIL,vendor,3,100.0,Goal,Root/div/station/vendor,APU_GATE_RT/VND/BIL/Unifi,1,No
APU_GATE_RT,FS,Unifi,vnd_typ,4,100.0,Goal,Root/div/station/vendor/vnd_typ,APU_GATE_RT/VND/BIL/Unifi/FS,0,Yes
APU_GATE_RT,BIS,VND,station,2,0.79,Goal,Root/div/station,APU_GATE_RT/VND/BIS,1,No
APU_GATE_RT,Unifi,BIS,vendor,3,100.0,Goal,Root/div/station/vendor,APU_GATE_RT/VND/BIS/Unifi,1,No
APU_GATE_RT,FS,Unifi,vnd_typ,4,100.0,Goal,Root/div/station/vendor/vnd_typ,APU_GATE_RT/VND/BIS/Unifi/FS,0,Yes
APU_GATE_RT,BJI,VND,station,2,0.36,Goal,Root/div/station,APU_GATE_RT/VND/BJI,1,No
APU_GATE_RT,Unifi,BJI,vendor,3,100.0,Goal,Root/div/station/vendor,APU_GATE_RT/VND/BJI/Unifi,1,No
APU_GATE_RT,FS,Unifi,vnd_typ,4,100.0,Goal,Root/div/station/vendor/vnd_typ,APU_GATE_RT/VND/BJI/Unifi/FS,0,Yes
APU_GATE_RT,BMI,VND,station,2,0.96,Goal,Root/div/station,APU_GATE_RT/VND/BMI,1,No
APU_GATE_RT,Unifi,BMI,vendor,3,100.0,Goal,Root/div/station/vendor,APU_GATE_RT/VND/BMI/Unifi,1,No
APU_GATE_RT,FS,Unifi,vnd_typ,4,100.0,Goal,Root/div/station/vendor/vnd_typ,APU_GATE_RT/VND/BMI/Unifi/FS,0,Yes
APU_GATE_RT,BQK,VND,station,2,0.2,Goal,Root/div/station,APU_GATE_RT/VND/BQK,1,No
APU_GATE_RT,Menzies Aviation,BQK,vendor,3,100.0,Goal,Root/div/station/vendor,APU_GATE_RT/VND/BQK/Menzies Aviation,1,No
APU_GATE_RT,FS,Menzies Aviation,vnd_typ,4,100.0,Goal,Root/div/station/vendor/vnd_typ,APU_GATE_RT/VND/BQK/Menzies Aviation/FS,0,Yes
APU_GATE_RT,BRD,VND,station,2,1.05,Goal,Root/div/station,APU_GATE_RT/VND/BRD,1,No
APU_GATE_RT,Unifi,BRD,vendor,3,100.0,Goal,Root/div/station/vendor,APU_GATE_RT/VND/BRD/Unifi,1,No
APU_GATE_RT,FS,Unifi,vnd_typ,4,100.0,Goal,Root/div/station/vendor/vnd_typ,APU_GATE_RT/VND/BRD/Unifi/FS,0,Yes
APU_GATE_RT,BTM,VND,station,2,1.39,Goal,Root/div/station,APU_GATE_RT/VND/BTM,1,No
APU_GATE_RT,SkyWest,BTM,vendor,3,100.0,Goal,Root/div/station/vendor,APU_GATE_RT/VND/BTM/SkyWest,1,No
APU_GATE_RT,FS,SkyWest,vnd_typ,4,100.0,Goal,Root/div/station/vendor/vnd_typ,APU_GATE_RT/VND/BTM/SkyWest/FS,0,Yes
APU_GATE_RT,BTR,VND,station,2,1.18,Goal,Root/div/station,APU_GATE_RT/VND/BTR,1,No
APU_GATE_RT,Unifi,BTR,vendor,3,100.0,Goal,Root/div/station/vendor,APU_GATE_RT/VND/BTR/Unifi,1,No
APU_GATE_RT,FS,Unifi,vnd_typ,4,100.0,Goal,Root/div/station/vendor/vnd_typ,APU_GATE_RT/VND/BTR/Unifi/FS,0,Yes
APU_GATE_RT,BTV,VND,station,2,0.95,Goal,Root/div/station,APU_GATE_RT/VND/BTV,1,No
APU_GATE_RT,Unifi,BTV,vendor,3,100.0,Goal,Root/div/station/vendor,APU_GATE_RT/VND/BTV/Unifi,1,No
APU_GATE_RT,FS,Unifi,vnd_typ,4,100.0,Goal,Root/div/station/vendor/vnd_typ,APU_GATE_RT/VND/BTV/Unifi/FS,0,Yes
APU_GATE_RT,BUF,VND,station,2,1.14,Goal,Root/div/station,APU_GATE_RT/VND/BUF,1,No
APU_GATE_RT,Unifi,BUF,vendor,3,100.0,Goal,Root/div/station/vendor,APU_GATE_RT/VND/BUF/Unifi,1,No
APU_GATE_RT,FS,Unifi,vnd_typ,4,100.0,Goal,Root/div/station/vendor/vnd_typ,APU_GATE_RT/VND/BUF/Unifi/FS,0,Yes
APU_GATE_RT,BUR,VND,station,2,0.8,Goal,Root/div/station,APU_GATE_RT/VND/BUR,1,No
APU_GATE_RT,GAT,BUR,vendor,3,100.0,Goal,Root/div/station/vendor,APU_GATE_RT/VND/BUR/GAT,1,No
APU_GATE_RT,FS,GAT,vnd_typ,4,100.0,Goal,Root/div/station/vendor/vnd_typ,APU_GATE_RT/VND/BUR/GAT/FS,0,Yes
APU_GATE_RT,CDC,VND,station,2,0.98,Goal,Root/div/station,APU_GATE_RT/VND/CDC,1,No
APU_GATE_RT,SkyWest,CDC,vendor,3,100.0,Goal,Root/div/station/vendor,APU_GATE_RT/VND/CDC/SkyWest,1,No
APU_GATE_RT,FS,SkyWest,vnd_typ,4,100.0,Goal,Root/div/station/vendor/vnd_typ,APU_GATE_RT/VND/CDC/SkyWest/FS,0,Yes
APU_GATE_RT,CHA,VND,station,2,0.67,Goal,Root/div/station,APU_GATE_RT/VND/CHA,1,No
APU_GATE_RT,Unifi,CHA,vendor,3,100.0,Goal,Root/div/station/vendor,APU_GATE_RT/VND/CHA/Unifi,1,No
APU_GATE_RT,FS,Unifi,vnd_typ,4,100.0,Goal,Root/div/station/vendor/vnd_typ,APU_GATE_RT/VND/CHA/Unifi/FS,0,Yes
APU_GATE_RT,CHO,VND,station,2,1.48,Goal,Root/div/station,APU_GATE_RT/VND/CHO,1,No
APU_GATE_RT,Unifi,CHO,vendor,3,100.0,Goal,Root/div/station/vendor,APU_GATE_RT/VND/CHO/Unifi,1,No
APU_GATE_RT,FS,Unifi,vnd_typ,4,100.0,Goal,Root/div/station/vendor/vnd_typ,APU_GATE_RT/VND/CHO/Unifi/FS,0,Yes
APU_GATE_RT,CID,VND,station,2,0.22,Goal,Root/div/station,APU_GATE_RT/VND/CID,1,No
APU_GATE_RT,Unifi,CID,vendor,3,100.0,Goal,Root/div/station/vendor,APU_GATE_RT/VND/CID/Unifi,1,No
APU_GATE_RT,FS,Unifi,vnd_typ,4,100.0,Goal,Root/div/station/vendor/vnd_typ,APU_GATE_RT/VND/CID/Unifi/FS,0,Yes
APU_GATE_RT,CIU,VND,station,2,0.55,Goal,Root/div/station,APU_GATE_RT/VND/CIU,1,No
APU_GATE_RT,Unifi,CIU,vendor,3,100.0,Goal,Root/div/station/vendor,APU_GATE_RT/VND/CIU/Unifi,1,No
APU_GATE_RT,FS,Unifi,vnd_typ,4,100.0,Goal,Root/div/station/vendor/vnd_typ,APU_GATE_RT/VND/CIU/Unifi/FS,0,Yes
APU_GATE_RT,CRW,VND,station,2,0.53,Goal,Root/div/station,APU_GATE_RT/VND/CRW,1,No
APU_GATE_RT,Unifi,CRW,vendor,3,100.0,Goal,Root/div/station/vendor,APU_GATE_RT/VND/CRW/Unifi,1,No
APU_GATE_RT,FS,Unifi,vnd_typ,4,100.0,Goal,Root/div/station/vendor/vnd_typ,APU_GATE_RT/VND/CRW/Unifi/FS,0,Yes
APU_GATE_RT,CSG,VND,station,2,1.29,Goal,Root/div/station,APU_GATE_RT/VND/CSG,1,No
APU_GATE_RT,Unifi,CSG,vendor,3,100.0,Goal,Root/div/station/vendor,APU_GATE_RT/VND/CSG/Unifi,1,No
APU_GATE_RT,FS,Unifi,vnd_typ,4,100.0,Goal,Root/div/station/vendor/vnd_typ,APU_GATE_RT/VND/CSG/Unifi/FS,0,Yes
APU_GATE_RT,CWA,VND,station,2,0.65,Goal,Root/div/station,APU_GATE_RT/VND/CWA,1,No
APU_GATE_RT,Unifi,CWA,vendor,3,100.0,Goal,Root/div/station/vendor,APU_GATE_RT/VND/CWA/Unifi,1,No
APU_GATE_RT,FS,Unifi,vnd_typ,4,100.0,Goal,Root/div/station/vendor/vnd_typ,APU_GATE_RT/VND/CWA/Unifi/FS,0,Yes
APU_GATE_RT,DAL,VND,station,2,0.63,Goal,Root/div/station,APU_GATE_RT/VND/DAL,1,No
APU_GATE_RT,Unifi,DAL,vendor,3,100.0,Goal,Root/div/station/vendor,APU_GATE_RT/VND/DAL/Unifi,1,No
APU_GATE_RT,FS,Unifi,vnd_typ,4,100.0,Goal,Root/div/station/vendor/vnd_typ,APU_GATE_RT/VND/DAL/Unifi/FS,0,Yes
APU_GATE_RT,DHN,VND,station,2,1.43,Goal,Root/div/station,APU_GATE_RT/VND/DHN,1,No
APU_GATE_RT,Menzies Aviation,DHN,vendor,3,100.0,Goal,Root/div/station/vendor,APU_GATE_RT/VND/DHN/Menzies Aviation,1,No
APU_GATE_RT,FS,Menzies Aviation,vnd_typ,4,100.0,Goal,Root/div/station/vendor/vnd_typ,APU_GATE_RT/VND/DHN/Menzies Aviation/FS,0,Yes
APU_GATE_RT,DSM,VND,station,2,0.84,Goal,Root/div/station,APU_GATE_RT/VND/DSM,1,No
APU_GATE_RT,Unifi,DSM,vendor,3,100.0,Goal,Root/div/station/vendor,APU_GATE_RT/VND/DSM/Unifi,1,No
APU_GATE_RT,FS,Unifi,vnd_typ,4,100.0,Goal,Root/div/station/vendor/vnd_typ,APU_GATE_RT/VND/DSM/Unifi/FS,0,Yes
APU_GATE_RT,ECP,VND,station,2,0.32,Goal,Root/div/station,APU_GATE_RT/VND/ECP,1,No
APU_GATE_RT,Unifi,ECP,vendor,3,100.0,Goal,Root/div/station/vendor,APU_GATE_RT/VND/ECP/Unifi,1,No
APU_GATE_RT,FS,Unifi,vnd_typ,4,100.0,Goal,Root/div/station/vendor/vnd_typ,APU_GATE_RT/VND/ECP/Unifi/FS,0,Yes
APU_GATE_RT,EGE,VND,station,2,1.56,Goal,Root/div/station,APU_GATE_RT/VND/EGE,1,No
APU_GATE_RT,Menzies Aviation,EGE,vendor,3,100.0,Goal,Root/div/station/vendor,APU_GATE_RT/VND/EGE/Menzies Aviation,1,No
APU_GATE_RT,FS,Menzies Aviation,vnd_typ,4,100.0,Goal,Root/div/station/vendor/vnd_typ,APU_GATE_RT/VND/EGE/Menzies Aviation/FS,0,Yes
APU_GATE_RT,EKO,VND,station,2,1.19,Goal,Root/div/station,APU_GATE_RT/VND/EKO,1,No
APU_GATE_RT,SkyWest,EKO,vendor,3,100.0,Goal,Root/div/station/vendor,APU_GATE_RT/VND/EKO/SkyWest,1,No
APU_GATE_RT,FS,SkyWest,vnd_typ,4,100.0,Goal,Root/div/station/vendor/vnd_typ,APU_GATE_RT/VND/EKO/SkyWest/FS,0,Yes
APU_GATE_RT,ELM,VND,station,2,1.49,Goal,Root/div/station,APU_GATE_RT/VND/ELM,1,No
APU_GATE_RT,Unifi,ELM,vendor,3,100.0,Goal,Root/div/station/vendor,APU_GATE_RT/VND/ELM/Unifi,1,No
APU_GATE_RT,FS,Unifi,vnd_typ,4,100.0,Goal,Root/div/station/vendor/vnd_typ,APU_GATE_RT/VND/ELM/Unifi/FS,0,Yes
APU_GATE_RT,ESC,VND,station,2,0.72,Goal,Root/div/station,APU_GATE_RT/VND/ESC,1,No
APU_GATE_RT,Unifi,ESC,vendor,3,100.0,Goal,Root/div/station/vendor,APU_GATE_RT/VND/ESC/Unifi,1,No
APU_GATE_RT,FS,Unifi,vnd_typ,4,100.0,Goal,Root/div/station/vendor/vnd_typ,APU_GATE_RT/VND/ESC/Unifi/FS,0,Yes
APU_GATE_RT,EUG,VND,station,2,1.12,Goal,Root/div/station,APU_GATE_RT/VND/EUG,1,No
APU_GATE_RT,Unifi,EUG,vendor,3,100.0,Goal,Root/div/station/vendor,APU_GATE_RT/VND/EUG/Unifi,1,No
APU_GATE_RT,FS,Unifi,vnd_typ,4,100.0,Goal,Root/div/station/vendor/vnd_typ,APU_GATE_RT/VND/EUG/Unifi/FS,0,Yes
APU_GATE_RT,EVV,VND,station,2,0.33,Goal,Root/div/station,APU_GATE_RT/VND/EVV,1,No
APU_GATE_RT,Unifi,EVV,vendor,3,100.0,Goal,Root/div/station/vendor,APU_GATE_RT/VND/EVV/Unifi,1,No
APU_GATE_RT,FS,Unifi,vnd_typ,4,100.0,Goal,Root/div/station/vendor/vnd_typ,APU_GATE_RT/VND/EVV/Unifi/FS,0,Yes
APU_GATE_RT,EYW,VND,station,2,1.64,Goal,Root/div/station,APU_GATE_RT/VND/EYW,1,No
APU_GATE_RT,Unifi,EYW,vendor,3,100.0,Goal,Root/div/station/vendor,APU_GATE_RT/VND/EYW/Unifi,1,No
APU_GATE_RT,FS,Unifi,vnd_typ,4,100.0,Goal,Root/div/station/vendor/vnd_typ,APU_GATE_RT/VND/EYW/Unifi/FS,0,Yes
APU_GATE_RT,FAI,VND,station,2,0.52,Goal,Root/div/station,APU_GATE_RT/VND/FAI,1,No
APU_GATE_RT,Unifi,FAI,vendor,3,100.0,Goal,Root/div/station/vendor,APU_GATE_RT/VND/FAI/Unifi,1,No
APU_GATE_RT,FS,Unifi,vnd_typ,4,100.0,Goal,Root/div/station/vendor/vnd_typ,APU_GATE_RT/VND/FAI/Unifi/FS,0,Yes
APU_GATE_RT,FAR,VND,station,2,0.68,Goal,Root/div/station,APU_GATE_RT/VND/FAR,1,No
APU_GATE_RT,Unifi,FAR,vendor,3,100.0,Goal,Root/div/station/vendor,APU_GATE_RT/VND/FAR/Unifi,1,No
APU_GATE_RT,FS,Unifi,vnd_typ,4,100.0,Goal,Root/div/station/vendor/vnd_typ,APU_GATE_RT/VND/FAR/Unifi/FS,0,Yes
APU_GATE_RT,FAT,VND,station,2,0.34,Goal,Root/div/station,APU_GATE_RT/VND/FAT,1,No
APU_GATE_RT,Unifi,FAT,vendor,3,100.0,Goal,Root/div/station/vendor,APU_GATE_RT/VND/FAT/Unifi,1,No
APU_GATE_RT,FS,Unifi,vnd_typ,4,100.0,Goal,Root/div/station/vendor/vnd_typ,APU_GATE_RT/VND/FAT/Unifi/FS,0,Yes
APU_GATE_RT,FAY,VND,station,2,1.28,Goal,Root/div/station,APU_GATE_RT/VND/FAY,1,No
APU_GATE_RT,Unifi,FAY,vendor,3,100.0,Goal,Root/div/station/vendor,APU_GATE_RT/VND/FAY/Unifi,1,No
APU_GATE_RT,FS,Unifi,vnd_typ,4,100.0,Goal,Root/div/station/vendor/vnd_typ,APU_GATE_RT/VND/FAY/Unifi/FS,0,Yes
APU_GATE_RT,FCA,VND,station,2,0.91,Goal,Root/div/station,APU_GATE_RT/VND/FCA,1,No
APU_GATE_RT,Unifi,FCA,vendor,3,100.0,Goal,Root/div/station/vendor,APU_GATE_RT/VND/FCA/Unifi,1,No
APU_GATE_RT,FS,Unifi,vnd_typ,4,100.0,Goal,Root/div/station/vendor/vnd_typ,APU_GATE_RT/VND/FCA/Unifi/FS,0,Yes
APU_GATE_RT,FSD,VND,station,2,0.51,Goal,Root/div/station,APU_GATE_RT/VND/FSD,1,No
APU_GATE_RT,Unifi,FSD,vendor,3,100.0,Goal,Root/div/station/vendor,APU_GATE_RT/VND/FSD/Unifi,1,No
APU_GATE_RT,FS,Unifi,vnd_typ,4,100.0,Goal,Root/div/station/vendor/vnd_typ,APU_GATE_RT/VND/FSD/Unifi/FS,0,Yes
APU_GATE_RT,FWA,VND,station,2,0.09,Goal,Root/div/station,APU_GATE_RT/VND/FWA,1,No
APU_GATE_RT,Unifi,FWA,vendor,3,100.0,Goal,Root/div/station/vendor,APU_GATE_RT/VND/FWA/Unifi,1,No
APU_GATE_RT,FS,Unifi,vnd_typ,4,100.0,Goal,Root/div/station/vendor/vnd_typ,APU_GATE_RT/VND/FWA/Unifi/FS,0,Yes
APU_GATE_RT,GEG,VND,station,2,0.93,Goal,Root/div/station,APU_GATE_RT/VND/GEG,1,No
APU_GATE_RT,Unifi,GEG,vendor,3,100.0,Goal,Root/div/station/vendor,APU_GATE_RT/VND/GEG/Unifi,1,No
APU_GATE_RT,FS,Unifi,vnd_typ,4,100.0,Goal,Root/div/station/vendor/vnd_typ,APU_GATE_RT/VND/GEG/Unifi/FS,0,Yes
APU_GATE_RT,GFK,VND,station,2,0.86,Goal,Root/div/station,APU_GATE_RT/VND/GFK,1,No
APU_GATE_RT,Unifi,GFK,vendor,3,100.0,Goal,Root/div/station/vendor,APU_GATE_RT/VND/GFK/Unifi,1,No
APU_GATE_RT,FS,Unifi,vnd_typ,4,100.0,Goal,Root/div/station/vendor/vnd_typ,APU_GATE_RT/VND/GFK/Unifi/FS,0,Yes
APU_GATE_RT,GJT,VND,station,2,1.36,Goal,Root/div/station,APU_GATE_RT/VND/GJT,1,No
APU_GATE_RT,SkyWest,GJT,vendor,3,100.0,Goal,Root/div/station/vendor,APU_GATE_RT/VND/GJT/SkyWest,1,No
APU_GATE_RT,FS,SkyWest,vnd_typ,4,100.0,Goal,Root/div/station/vendor/vnd_typ,APU_GATE_RT/VND/GJT/SkyWest/FS,0,Yes
APU_GATE_RT,GNV,VND,station,2,0.83,Goal,Root/div/station,APU_GATE_RT/VND/GNV,1,No
APU_GATE_RT,Unifi,GNV,vendor,3,100.0,Goal,Root/div/station/vendor,APU_GATE_RT/VND/GNV/Unifi,1,No
APU_GATE_RT,FS,Unifi,vnd_typ,4,100.0,Goal,Root/div/station/vendor/vnd_typ,APU_GATE_RT/VND/GNV/Unifi/FS,0,Yes
APU_GATE_RT,GPT,VND,station,2,1.06,Goal,Root/div/station,APU_GATE_RT/VND/GPT,1,No
APU_GATE_RT,Unifi,GPT,vendor,3,100.0,Goal,Root/div/station/vendor,APU_GATE_RT/VND/GPT/Unifi,1,No
APU_GATE_RT,FS,Unifi,vnd_typ,4,100.0,Goal,Root/div/station/vendor/vnd_typ,APU_GATE_RT/VND/GPT/Unifi/FS,0,Yes
APU_GATE_RT,GTF,VND,station,2,1.45,Goal,Root/div/station,APU_GATE_RT/VND/GTF,1,No
APU_GATE_RT,Unifi,GTF,vendor,3,100.0,Goal,Root/div/station/vendor,APU_GATE_RT/VND/GTF/Unifi,1,No
APU_GATE_RT,FS,Unifi,vnd_typ,4,100.0,Goal,Root/div/station/vendor/vnd_typ,APU_GATE_RT/VND/GTF/Unifi/FS,0,Yes
APU_GATE_RT,GTR,VND,station,2,1.07,Goal,Root/div/station,APU_GATE_RT/VND/GTR,1,No
APU_GATE_RT,Menzies Aviation,GTR,vendor,3,100.0,Goal,Root/div/station/vendor,APU_GATE_RT/VND/GTR/Menzies Aviation,1,No
APU_GATE_RT,FS,Menzies Aviation,vnd_typ,4,100.0,Goal,Root/div/station/vendor/vnd_typ,APU_GATE_RT/VND/GTR/Menzies Aviation/FS,0,Yes
APU_GATE_RT,HDN,VND,station,2,1.04,Goal,Root/div/station,APU_GATE_RT/VND/HDN,1,No
APU_GATE_RT,Menzies Aviation,HDN,vendor,3,100.0,Goal,Root/div/station/vendor,APU_GATE_RT/VND/HDN/Menzies Aviation,1,No
APU_GATE_RT,FS,Menzies Aviation,vnd_typ,4,100.0,Goal,Root/div/station/vendor/vnd_typ,APU_GATE_RT/VND/HDN/Menzies Aviation/FS,0,Yes
APU_GATE_RT,HHH,VND,station,2,1.59,Goal,Root/div/station,APU_GATE_RT/VND/HHH,1,No
APU_GATE_RT,Unifi,HHH,vendor,3,100.0,Goal,Root/div/station/vendor,APU_GATE_RT/VND/HHH/Unifi,1,No
APU_GATE_RT,FS,Unifi,vnd_typ,4,100.0,Goal,Root/div/station/vendor/vnd_typ,APU_GATE_RT/VND/HHH/Unifi/FS,0,Yes
APU_GATE_RT,HIB,VND,station,2,0.26,Goal,Root/div/station,APU_GATE_RT/VND/HIB,1,No
APU_GATE_RT,SkyWest,HIB,vendor,3,100.0,Goal,Root/div/station/vendor,APU_GATE_RT/VND/HIB/SkyWest,1,No
APU_GATE_RT,FS,SkyWest,vnd_typ,4,100.0,Goal,Root/div/station/vendor/vnd_typ,APU_GATE_RT/VND/HIB/SkyWest/FS,0,Yes
APU_GATE_RT,HLN,VND,station,2,0.55,Goal,Root/div/station,APU_GATE_RT/VND/HLN,1,No
APU_GATE_RT,SkyWest,HLN,vendor,3,100.0,Goal,Root/div/station/vendor,APU_GATE_RT/VND/HLN/SkyWest,1,No
APU_GATE_RT,FS,SkyWest,vnd_typ,4,100.0,Goal,Root/div/station/vendor/vnd_typ,APU_GATE_RT/VND/HLN/SkyWest/FS,0,Yes
APU_GATE_RT,HPN,VND,station,2,0.86,Goal,Root/div/station,APU_GATE_RT/VND/HPN,1,No
APU_GATE_RT,Unifi,HPN,vendor,3,100.0,Goal,Root/div/station/vendor,APU_GATE_RT/VND/HPN/Unifi,1,No
APU_GATE_RT,FS,Unifi,vnd_typ,4,100.0,Goal,Root/div/station/vendor/vnd_typ,APU_GATE_RT/VND/HPN/Unifi/FS,0,Yes
APU_GATE_RT,HRL,VND,station,2,0.98,Goal,Root/div/station,APU_GATE_RT/VND/HRL,1,No
APU_GATE_RT,Valley International Airport Ground Handling Services,HRL,vendor,3,100.0,Goal,Root/div/station/vendor,APU_GATE_RT/VND/HRL/Valley International Airport Ground Handling Services,1,No
APU_GATE_RT,FS,Valley International Airport Ground Handling Services,vnd_typ,4,100.0,Goal,Root/div/station/vendor/vnd_typ,APU_GATE_RT/VND/HRL/Valley International Airport Ground Handling Services/FS,0,Yes
APU_GATE_RT,ICT,VND,station,2,0.08,Goal,Root/div/station,APU_GATE_RT/VND/ICT,1,No
APU_GATE_RT,Unifi,ICT,vendor,3,100.0,Goal,Root/div/station/vendor,APU_GATE_RT/VND/ICT/Unifi,1,No
APU_GATE_RT,FS,Unifi,vnd_typ,4,100.0,Goal,Root/div/station/vendor/vnd_typ,APU_GATE_RT/VND/ICT/Unifi/FS,0,Yes
APU_GATE_RT,IDA,VND,station,2,1.27,Goal,Root/div/station,APU_GATE_RT/VND/IDA,1,No
APU_GATE_RT,SkyWest,IDA,vendor,3,100.0,Goal,Root/div/station/vendor,APU_GATE_RT/VND/IDA/SkyWest,1,No
APU_GATE_RT,FS,SkyWest,vnd_typ,4,100.0,Goal,Root/div/station/vendor/vnd_typ,APU_GATE_RT/VND/IDA/SkyWest/FS,0,Yes
APU_GATE_RT,ILM,VND,station,2,0.48,Goal,Root/div/station,APU_GATE_RT/VND/ILM,1,No
APU_GATE_RT,Unifi,ILM,vendor,3,100.0,Goal,Root/div/station/vendor,APU_GATE_RT/VND/ILM/Unifi,1,No
APU_GATE_RT,FS,Unifi,vnd_typ,4,100.0,Goal,Root/div/station/vendor/vnd_typ,APU_GATE_RT/VND/ILM/Unifi/FS,0,Yes
APU_GATE_RT,IMT,VND,station,2,0.92,Goal,Root/div/station,APU_GATE_RT/VND/IMT,1,No
APU_GATE_RT,Unifi,IMT,vendor,3,100.0,Goal,Root/div/station/vendor,APU_GATE_RT/VND/IMT/Unifi,1,No
APU_GATE_RT,FS,Unifi,vnd_typ,4,100.0,Goal,Root/div/station/vendor/vnd_typ,APU_GATE_RT/VND/IMT/Unifi/FS,0,Yes
APU_GATE_RT,INL,VND,station,2,1.63,Goal,Root/div/station,APU_GATE_RT/VND/INL,1,No
APU_GATE_RT,Unifi,INL,vendor,3,100.0,Goal,Root/div/station/vendor,APU_GATE_RT/VND/INL/Unifi,1,No
APU_GATE_RT,FS,Unifi,vnd_typ,4,100.0,Goal,Root/div/station/vendor/vnd_typ,APU_GATE_RT/VND/INL/Unifi/FS,0,Yes
APU_GATE_RT,ITH,VND,station,2,1.51,Goal,Root/div/station,APU_GATE_RT/VND/ITH,1,No
APU_GATE_RT,Unifi,ITH,vendor,3,100.0,Goal,Root/div/station/vendor,APU_GATE_RT/VND/ITH/Unifi,1,No
APU_GATE_RT,FS,Unifi,vnd_typ,4,100.0,Goal,Root/div/station/vendor/vnd_typ,APU_GATE_RT/VND/ITH/Unifi/FS,0,Yes
APU_GATE_RT,JAC,VND,station,2,0.54,Goal,Root/div/station,APU_GATE_RT/VND/JAC,1,No
APU_GATE_RT,Unifi,JAC,vendor,3,100.0,Goal,Root/div/station/vendor,APU_GATE_RT/VND/JAC/Unifi,1,No
APU_GATE_RT,FS,Unifi,vnd_typ,4,100.0,Goal,Root/div/station/vendor/vnd_typ,APU_GATE_RT/VND/JAC/Unifi/FS,0,Yes
APU_GATE_RT,JNU,VND,station,2,0.87,Goal,Root/div/station,APU_GATE_RT/VND/JNU,1,No
APU_GATE_RT,Unifi,JNU,vendor,3,100.0,Goal,Root/div/station/vendor,APU_GATE_RT/VND/JNU/Unifi,1,No
APU_GATE_RT,FS,Unifi,vnd_typ,4,100.0,Goal,Root/div/station/vendor/vnd_typ,APU_GATE_RT/VND/JNU/Unifi/FS,0,Yes
APU_GATE_RT,LAN,VND,station,2,1.55,Goal,Root/div/station,APU_GATE_RT/VND/LAN,1,No
APU_GATE_RT,Unifi,LAN,vendor,3,100.0,Goal,Root/div/station/vendor,APU_GATE_RT/VND/LAN/Unifi,1,No
APU_GATE_RT,FS,Unifi,vnd_typ,4,100.0,Goal,Root/div/station/vendor/vnd_typ,APU_GATE_RT/VND/LAN/Unifi/FS,0,Yes
APU_GATE_RT,LFT,VND,station,2,0.37,Goal,Root/div/station,APU_GATE_RT/VND/LFT,1,No
APU_GATE_RT,Unifi,LFT,vendor,3,100.0,Goal,Root/div/station/vendor,APU_GATE_RT/VND/LFT/Unifi,1,No
APU_GATE_RT,FS,Unifi,vnd_typ,4,100.0,Goal,Root/div/station/vendor/vnd_typ,APU_GATE_RT/VND/LFT/Unifi/FS,0,Yes
APU_GATE_RT,LGB,VND,station,2,0.33,Goal,Root/div/station,APU_GATE_RT/VND/LGB,1,No
APU_GATE_RT,Unifi,LGB,vendor,3,100.0,Goal,Root/div/station/vendor,APU_GATE_RT/VND/LGB/Unifi,1,No
APU_GATE_RT,FS,Unifi,vnd_typ,4,100.0,Goal,Root/div/station/vendor/vnd_typ,APU_GATE_RT/VND/LGB/Unifi/FS,0,Yes
APU_GATE_RT,LWS,VND,station,2,1.23,Goal,Root/div/station,APU_GATE_RT/VND/LWS,1,No
APU_GATE_RT,SkyWest,LWS,vendor,3,100.0,Goal,Root/div/station/vendor,APU_GATE_RT/VND/LWS/SkyWest,1,No
APU_GATE_RT,FS,SkyWest,vnd_typ,4,100.0,Goal,Root/div/station/vendor/vnd_typ,APU_GATE_RT/VND/LWS/SkyWest/FS,0,Yes
APU_GATE_RT,MBS,VND,station,2,1.25,Goal,Root/div/station,APU_GATE_RT/VND/MBS,1,No
APU_GATE_RT,Unifi,MBS,vendor,3,100.0,Goal,Root/div/station/vendor,APU_GATE_RT/VND/MBS/Unifi,1,No
APU_GATE_RT,FS,Unifi,vnd_typ,4,100.0,Goal,Root/div/station/vendor/vnd_typ,APU_GATE_RT/VND/MBS/Unifi/FS,0,Yes
APU_GATE_RT,MDT,VND,station,2,0.58,Goal,Root/div/station,APU_GATE_RT/VND/MDT,1,No
APU_GATE_RT,Unifi,MDT,vendor,3,100.0,Goal,Root/div/station/vendor,APU_GATE_RT/VND/MDT/Unifi,1,No
APU_GATE_RT,FS,Unifi,vnd_typ,4,100.0,Goal,Root/div/station/vendor/vnd_typ,APU_GATE_RT/VND/MDT/Unifi/FS,0,Yes
APU_GATE_RT,MFE,VND,station,2,0.22,Goal,Root/div/station,APU_GATE_RT/VND/MFE,1,No
APU_GATE_RT,PrimeFlight,MFE,vendor,3,100.0,Goal,Root/div/station/vendor,APU_GATE_RT/VND/MFE/PrimeFlight,1,No
APU_GATE_RT,FS,PrimeFlight,vnd_typ,4,100.0,Goal,Root/div/station/vendor/vnd_typ,APU_GATE_RT/VND/MFE/PrimeFlight/FS,0,Yes
APU_GATE_RT,MFR,VND,station,2,0.3,Goal,Root/div/station,APU_GATE_RT/VND/MFR,1,No
APU_GATE_RT,Unifi,MFR,vendor,3,100.0,Goal,Root/div/station/vendor,APU_GATE_RT/VND/MFR/Unifi,1,No
APU_GATE_RT,FS,Unifi,vnd_typ,4,100.0,Goal,Root/div/station/vendor/vnd_typ,APU_GATE_RT/VND/MFR/Unifi/FS,0,Yes
APU_GATE_RT,MGM,VND,station,2,0.09,Goal,Root/div/station,APU_GATE_RT/VND/MGM,1,No
APU_GATE_RT,Unifi,MGM,vendor,3,100.0,Goal,Root/div/station/vendor,APU_GATE_RT/VND/MGM/Unifi,1,No
APU_GATE_RT,FS,Unifi,vnd_typ,4,100.0,Goal,Root/div/station/vendor/vnd_typ,APU_GATE_RT/VND/MGM/Unifi/FS,0,Yes
APU_GATE_RT,MLI,VND,station,2,0.58,Goal,Root/div/station,APU_GATE_RT/VND/MLI,1,No
APU_GATE_RT,Unifi,MLI,vendor,3,100.0,Goal,Root/div/station/vendor,APU_GATE_RT/VND/MLI/Unifi,1,No
APU_GATE_RT,FS,Unifi,vnd_typ,4,100.0,Goal,Root/div/station/vendor/vnd_typ,APU_GATE_RT/VND/MLI/Unifi/FS,0,Yes
APU_GATE_RT,MLU,VND,station,2,0.25,Goal,Root/div/station,APU_GATE_RT/VND/MLU,1,No
APU_GATE_RT,Unifi,MLU,vendor,3,100.0,Goal,Root/div/station/vendor,APU_GATE_RT/VND/MLU/Unifi,1,No
APU_GATE_RT,FS,Unifi,vnd_typ,4,100.0,Goal,Root/div/station/vendor/vnd_typ,APU_GATE_RT/VND/MLU/Unifi/FS,0,Yes
APU_GATE_RT,MOT,VND,station,2,1.45,Goal,Root/div/station,APU_GATE_RT/VND/MOT,1,No
APU_GATE_RT,Unifi,MOT,vendor,3,100.0,Goal,Root/div/station/vendor,APU_GATE_RT/VND/MOT/Unifi,1,No
APU_GATE_RT,FS,Unifi,vnd_typ,4,100.0,Goal,Root/div/station/vendor/vnd_typ,APU_GATE_RT/VND/MOT/Unifi/FS,0,Yes
APU_GATE_RT,MQT,VND,station,2,1.09,Goal,Root/div/station,APU_GATE_RT/VND/MQT,1,No
APU_GATE_RT,SkyWest,MQT,vendor,3,100.0,Goal,Root/div/station/vendor,APU_GATE_RT/VND/MQT/SkyWest,1,No
APU_GATE_RT,FS,SkyWest,vnd_typ,4,100.0,Goal,Root/div/station/vendor/vnd_typ,APU_GATE_RT/VND/MQT/SkyWest/FS,0,Yes
APU_GATE_RT,MSO,VND,station,2,0.86,Goal,Root/div/station,APU_GATE_RT/VND/MSO,1,No
APU_GATE_RT,Unifi,MSO,vendor,3,100.0,Goal,Root/div/station/vendor,APU_GATE_RT/VND/MSO/Unifi,1,No
APU_GATE_RT,FS,Unifi,vnd_typ,4,100.0,Goal,Root/div/station/vendor/vnd_typ,APU_GATE_RT/VND/MSO/Unifi/FS,0,Yes
APU_GATE_RT,MTJ,VND,station,2,1.44,Goal,Root/div/station,APU_GATE_RT/VND/MTJ,1,No
APU_GATE_RT,Menzies Aviation,MTJ,vendor,3,100.0,Goal,Root/div/station/vendor,APU_GATE_RT/VND/MTJ/Menzies Aviation,1,No
APU_GATE_RT,FS,Menzies Aviation,vnd_typ,4,100.0,Goal,Root/div/station/vendor/vnd_typ,APU_GATE_RT/VND/MTJ/Menzies Aviation/FS,0,Yes
APU_GATE_RT,MVY,VND,station,2,1.18,Goal,Root/div/station,APU_GATE_RT/VND/MVY,1,No
APU_GATE_RT,Unifi,MVY,vendor,3,100.0,Goal,Root/div/station/vendor,APU_GATE_RT/VND/MVY/Unifi,1,No
APU_GATE_RT,FS,Unifi,vnd_typ,4,100.0,Goal,Root/div/station/vendor/vnd_typ,APU_GATE_RT/VND/MVY/Unifi/FS,0,Yes
APU_GATE_RT,MYR,VND,station,2,0.01,Goal,Root/div/station,APU_GATE_RT/VND/MYR,1,No
APU_GATE_RT,Unifi,MYR,vendor,3,100.0,Goal,Root/div/station/vendor,APU_GATE_RT/VND/MYR/Unifi,1,No
APU_GATE_RT,FS,Unifi,vnd_typ,4,100.0,Goal,Root/div/station/vendor/vnd_typ,APU_GATE_RT/VND/MYR/Unifi/FS,0,Yes
APU_GATE_RT,OAJ,VND,station,2,1.44,Goal,Root/div/station,APU_GATE_RT/VND/OAJ,1,No
APU_GATE_RT,Unifi,OAJ,vendor,3,100.0,Goal,Root/div/station/vendor,APU_GATE_RT/VND/OAJ/Unifi,1,No
APU_GATE_RT,FS,Unifi,vnd_typ,4,100.0,Goal,Root/div/station/vendor/vnd_typ,APU_GATE_RT/VND/OAJ/Unifi/FS,0,Yes
APU_GATE_RT,OAK,VND,station,2,1.43,Goal,Root/div/station,APU_GATE_RT/VND/OAK,1,No
APU_GATE_RT,Unifi,OAK,vendor,3,100.0,Goal,Root/div/station/vendor,APU_GATE_RT/VND/OAK/Unifi,1,No
APU_GATE_RT,FS,Unifi,vnd_typ,4,100.0,Goal,Root/div/station/vendor/vnd_typ,APU_GATE_RT/VND/OAK/Unifi/FS,0,Yes
APU_GATE_RT,OMA,VND,station,2,0.61,Goal,Root/div/station,APU_GATE_RT/VND/OMA,1,No
APU_GATE_RT,Unifi,OMA,vendor,3,100.0,Goal,Root/div/station/vendor,APU_GATE_RT/VND/OMA/Unifi,1,No
APU_GATE_RT,FS,Unifi,vnd_typ,4,100.0,Goal,Root/div/station/vendor/vnd_typ,APU_GATE_RT/VND/OMA/Unifi/FS,0,Yes
APU_GATE_RT,PIH,VND,station,2,0.39,Goal,Root/div/station,APU_GATE_RT/VND/PIH,1,No
APU_GATE_RT,SkyWest,PIH,vendor,3,100.0,Goal,Root/div/station/vendor,APU_GATE_RT/VND/PIH/SkyWest,1,No
APU_GATE_RT,FS,SkyWest,vnd_typ,4,100.0,Goal,Root/div/station/vendor/vnd_typ,APU_GATE_RT/VND/PIH/SkyWest/FS,0,Yes
APU_GATE_RT,PLN,VND,station,2,0.11,Goal,Root/div/station,APU_GATE_RT/VND/PLN,1,No
APU_GATE_RT,Unifi,PLN,vendor,3,100.0,Goal,Root/div/station/vendor,APU_GATE_RT/VND/PLN/Unifi,1,No
APU_GATE_RT,FS,Unifi,vnd_typ,4,100.0,Goal,Root/div/station/vendor/vnd_typ,APU_GATE_RT/VND/PLN/Unifi/FS,0,Yes
APU_GATE_RT,PSC,VND,station,2,0.35,Goal,Root/div/station,APU_GATE_RT/VND/PSC,1,No
APU_GATE_RT,Menzies Aviation,PSC,vendor,3,100.0,Goal,Root/div/station/vendor,APU_GATE_RT/VND/PSC/Menzies Aviation,1,No
APU_GATE_RT,FS,Menzies Aviation,vnd_typ,4,100.0,Goal,Root/div/station/vendor/vnd_typ,APU_GATE_RT/VND/PSC/Menzies Aviation/FS,0,Yes
APU_GATE_RT,PSP,VND,station,2,0.97,Goal,Root/div/station,APU_GATE_RT/VND/PSP,1,No
APU_GATE_RT,Unifi,PSP,vendor,3,100.0,Goal,Root/div/station/vendor,APU_GATE_RT/VND/PSP/Unifi,1,No
APU_GATE_RT,FS,Unifi,vnd_typ,4,100.0,Goal,Root/div/station/vendor/vnd_typ,APU_GATE_RT/VND/PSP/Unifi/FS,0,Yes
APU_GATE_RT,PWM,VND,station,2,1.35,Goal,Root/div/station,APU_GATE_RT/VND/PWM,1,No
APU_GATE_RT,Unifi,PWM,vendor,3,100.0,Goal,Root/div/station/vendor,APU_GATE_RT/VND/PWM/Unifi,1,No
APU_GATE_RT,FS,Unifi,vnd_typ,4,100.0,Goal,Root/div/station/vendor/vnd_typ,APU_GATE_RT/VND/PWM/Unifi/FS,0,Yes
APU_GATE_RT,RAP,VND,station,2,1.52,Goal,Root/div/station,APU_GATE_RT/VND/RAP,1,No
APU_GATE_RT,Unifi,RAP,vendor,3,100.0,Goal,Root/div/station/vendor,APU_GATE_RT/VND/RAP/Unifi,1,No
APU_GATE_RT,FS,Unifi,vnd_typ,4,100.0,Goal,Root/div/station/vendor/vnd_typ,APU_GATE_RT/VND/RAP/Unifi/FS,0,Yes
APU_GATE_RT,RDM,VND,station,2,1.47,Goal,Root/div/station,APU_GATE_RT/VND/RDM,1,No
APU_GATE_RT,Unifi,RDM,vendor,3,100.0,Goal,Root/div/station/vendor,APU_GATE_RT/VND/RDM/Unifi,1,No
APU_GATE_RT,FS,Unifi,vnd_typ,4,100.0,Goal,Root/div/station/vendor/vnd_typ,APU_GATE_RT/VND/RDM/Unifi/FS,0,Yes
APU_GATE_RT,RHI,VND,station,2,0.19,Goal,Root/div/station,APU_GATE_RT/VND/RHI,1,No
APU_GATE_RT,Unifi,RHI,vendor,3,100.0,Goal,Root/div/station/vendor,APU_GATE_RT/VND/RHI/Unifi,1,No
APU_GATE_RT,FS,Unifi,vnd_typ,4,100.0,Goal,Root/div/station/vendor/vnd_typ,APU_GATE_RT/VND/RHI/Unifi/FS,0,Yes
APU_GATE_RT,RNO,VND,station,2,0.02,Goal,Root/div/station,APU_GATE_RT/VND/RNO,1,No
APU_GATE_RT,Unifi,RNO,vendor,3,100.0,Goal,Root/div/station/vendor,APU_GATE_RT/VND/RNO/Unifi,1,No
APU_GATE_RT,FS,Unifi,vnd_typ,4,100.0,Goal,Root/div/station/vendor/vnd_typ,APU_GATE_RT/VND/RNO/Unifi/FS,0,Yes
APU_GATE_RT,ROA,VND,station,2,0.18,Goal,Root/div/station,APU_GATE_RT/VND/ROA,1,No
APU_GATE_RT,Unifi,ROA,vendor,3,100.0,Goal,Root/div/station/vendor,APU_GATE_RT/VND/ROA/Unifi,1,No
APU_GATE_RT,FS,Unifi,vnd_typ,4,100.0,Goal,Root/div/station/vendor/vnd_typ,APU_GATE_RT/VND/ROA/Unifi/FS,0,Yes
APU_GATE_RT,ROC,VND,station,2,0.93,Goal,Root/div/station,APU_GATE_RT/VND/ROC,1,No
APU_GATE_RT,Unifi,ROC,vendor,3,100.0,Goal,Root/div/station/vendor,APU_GATE_RT/VND/ROC/Unifi,1,No
APU_GATE_RT,FS,Unifi,vnd_typ,4,100.0,Goal,Root/div/station/vendor/vnd_typ,APU_GATE_RT/VND/ROC/Unifi/FS,0,Yes
APU_GATE_RT,RST,VND,station,2,0.57,Goal,Root/div/station,APU_GATE_RT/VND/RST,1,No
APU_GATE_RT,Unifi,RST,vendor,3,100.0,Goal,Root/div/station/vendor,APU_GATE_RT/VND/RST/Unifi,1,No
APU_GATE_RT,FS,Unifi,vnd_typ,4,100.0,Goal,Root/div/station/vendor/vnd_typ,APU_GATE_RT/VND/RST/Unifi/FS,0,Yes
APU_GATE_RT,SBA,VND,station,2,0.96,Goal,Root/div/station,APU_GATE_RT/VND/SBA,1,No
APU_GATE_RT,Unifi,SBA,vendor,3,100.0,Goal,Root/div/station/vendor,APU_GATE_RT/VND/SBA/Unifi,1,No
APU_GATE_RT,FS,Unifi,vnd_typ,4,100.0,Goal,Root/div/station/vendor/vnd_typ,APU_GATE_RT/VND/SBA/Unifi/FS,0,Yes
APU_GATE_RT,SBN,VND,station,2,0.01,Goal,Root/div/station,APU_GATE_RT/VND/SBN,1,No
APU_GATE_RT,Unifi,SBN,vendor,3,100.0,Goal,Root/div/station/vendor,APU_GATE_RT/VND/SBN/Unifi,1,No
APU_GATE_RT,FS,Unifi,vnd_typ,4,100.0,Goal,Root/div/station/vendor/vnd_typ,APU_GATE_RT/VND/SBN/Unifi/FS,0,Yes
APU_GATE_RT,SGF,VND,station,2,0.41,Goal,Root/div/station,APU_GATE_RT/VND/SGF,1,No
APU_GATE_RT,Unifi,SGF,vendor,3,100.0,Goal,Root/div/station/vendor,APU_GATE_RT/VND/SGF/Unifi,1,No
APU_GATE_RT,FS,Unifi,vnd_typ,4,100.0,Goal,Root/div/station/vendor/vnd_typ,APU_GATE_RT/VND/SGF/Unifi/FS,0,Yes
APU_GATE_RT,SGU,VND,station,2,1.13,Goal,Root/div/station,APU_GATE_RT/VND/SGU,1,No
APU_GATE_RT,SkyWest,SGU,vendor,3,100.0,Goal,Root/div/station/vendor,APU_GATE_RT/VND/SGU/SkyWest,1,No
APU_GATE_RT,FS,SkyWest,vnd_typ,4,100.0,Goal,Root/div/station/vendor/vnd_typ,APU_GATE_RT/VND/SGU/SkyWest/FS,0,Yes
APU_GATE_RT,SHV,VND,station,2,1.26,Goal,Root/div/station,APU_GATE_RT/VND/SHV,1,No
APU_GATE_RT,Unifi,SHV,vendor,3,100.0,Goal,Root/div/station/vendor,APU_GATE_RT/VND/SHV/Unifi,1,No
APU_GATE_RT,FS,Unifi,vnd_typ,4,100.0,Goal,Root/div/station/vendor/vnd_typ,APU_GATE_RT/VND/SHV/Unifi/FS,0,Yes
APU_GATE_RT,SUN,VND,station,2,0.13,Goal,Root/div/station,APU_GATE_RT/VND/SUN,1,No
APU_GATE_RT,SkyWest,SUN,vendor,3,100.0,Goal,Root/div/station/vendor,APU_GATE_RT/VND/SUN/SkyWest,1,No
APU_GATE_RT,FS,SkyWest,vnd_typ,4,100.0,Goal,Root/div/station/vendor/vnd_typ,APU_GATE_RT/VND/SUN/SkyWest/FS,0,Yes
APU_GATE_RT,TRI,VND,station,2,0.97,Goal,Root/div/station,APU_GATE_RT/VND/TRI,1,No
APU_GATE_RT,Unifi,TRI,vendor,3,100.0,Goal,Root/div/station/vendor,APU_GATE_RT/VND/TRI/Unifi,1,No
APU_GATE_RT,FS,Unifi,vnd_typ,4,100.0,Goal,Root/div/station/vendor/vnd_typ,APU_GATE_RT/VND/TRI/Unifi/FS,0,Yes
APU_GATE_RT,TUL,VND,station,2,1.57,Goal,Root/div/station,APU_GATE_RT/VND/TUL,1,No
APU_GATE_RT,Unifi,TUL,vendor,3,100.0,Goal,Root/div/station/vendor,APU_GATE_RT/VND/TUL/Unifi,1,No
APU_GATE_RT,FS,Unifi,vnd_typ,4,100.0,Goal,Root/div/station/vendor/vnd_typ,APU_GATE_RT/VND/TUL/Unifi/FS,0,Yes
APU_GATE_RT,TVC,VND,station,2,1.5,Goal,Root/div/station,APU_GATE_RT/VND/TVC,1,No
APU_GATE_RT,Unifi,TVC,vendor,3,100.0,Goal,Root/div/station/vendor,APU_GATE_RT/VND/TVC/Unifi,1,No
APU_GATE_RT,FS,Unifi,vnd_typ,4,100.0,Goal,Root/div/station/vendor/vnd_typ,APU_GATE_RT/VND/TVC/Unifi/FS,0,Yes
APU_GATE_RT,TWF,VND,station,2,0.38,Goal,Root/div/station,APU_GATE_RT/VND/TWF,1,No
APU_GATE_RT,SkyWest,TWF,vendor,3,100.0,Goal,Root/div/station/vendor,APU_GATE_RT/VND/TWF/SkyWest,1,No
APU_GATE_RT,FS,SkyWest,vnd_typ,4,100.0,Goal,Root/div/station/vendor/vnd_typ,APU_GATE_RT/VND/TWF/SkyWest/FS,0,Yes
APU_GATE_RT,VLD,VND,station,2,1.5,Goal,Root/div/station,APU_GATE_RT/VND/VLD,1,No
APU_GATE_RT,Menzies Aviation,VLD,vendor,3,100.0,Goal,Root/div/station/vendor,APU_GATE_RT/VND/VLD/Menzies Aviation,1,No
APU_GATE_RT,FS,Menzies Aviation,vnd_typ,4,100.0,Goal,Root/div/station/vendor/vnd_typ,APU_GATE_RT/VND/VLD/Menzies Aviation/FS,0,Yes
APU_GATE_RT,VPS,VND,station,2,1.39,Goal,Root/div/station,APU_GATE_RT/VND/VPS,1,No
APU_GATE_RT,Unifi,VPS,vendor,3,100.0,Goal,Root/div/station/vendor,APU_GATE_RT/VND/VPS/Unifi,1,No
APU_GATE_RT,FS,Unifi,vnd_typ,4,100.0,Goal,Root/div/station/vendor/vnd_typ,APU_GATE_RT/VND/VPS/Unifi/FS,0,Yes
APU_GATE_RT,WYS,VND,station,2,0.93,Goal,Root/div/station,APU_GATE_RT/VND/WYS,1,No
APU_GATE_RT,SkyWest,WYS,vendor,3,100.0,Goal,Root/div/station/vendor,APU_GATE_RT/VND/WYS/SkyWest,1,No
APU_GATE_RT,FS,SkyWest,vnd_typ,4,100.0,Goal,Root/div/station/vendor/vnd_typ,APU_GATE_RT/VND/WYS/SkyWest/FS,0,Yes
APU_GATE_RT,XNA,VND,station,2,0.97,Goal,Root/div/station,APU_GATE_RT/VND/XNA,1,No
APU_GATE_RT,Unifi,XNA,vendor,3,100.0,Goal,Root/div/station/vendor,APU_GATE_RT/VND/XNA/Unifi,1,No
APU_GATE_RT,FS,Unifi,vnd_typ,4,100.0,Goal,Root/div/station/vendor/vnd_typ,APU_GATE_RT/VND/XNA/Unifi/FS,0,Yes
APU_GATE_RT,XWA,VND,station,2,0.55,Goal,Root/div/station,APU_GATE_RT/VND/XWA,1,No
APU_GATE_RT,SkyWest,XWA,vendor,3,100.0,Goal,Root/div/station/vendor,APU_GATE_RT/VND/XWA/SkyWest,1,No
APU_GATE_RT,FS,SkyWest,vnd_typ,4,100.0,Goal,Root/div/station/vendor/vnd_typ,APU_GATE_RT/VND/XWA/SkyWest/FS,0,Yes
APU_GATE_RT,ACS,APU_GATE_RT,div,1,23.69,Goal,Root/div,APU_GATE_RT/ACS,376,No
APU_GATE_RT,ML,ACS,carrier,2,0.34,Goal,Root/div/carrier,APU_GATE_RT/ACS/ML,75,No
APU_GATE_RT,PVD,ML,station,3,1.5,Goal,Root/div/carrier/station,APU_GATE_RT/ACS/ML/PVD,0,Yes
APU_GATE_RT,PVG,ML,station,3,1.45,Goal,Root/div/carrier/station,APU_GATE_RT/ACS/ML/PVG,0,Yes
APU_GATE_RT,PVR,ML,station,3,0.64,Goal,Root/div/carrier/station,APU_GATE_RT/ACS/ML/PVR,0,Yes
APU_GATE_RT,PWM,ML,station,3,2.05,Goal,Root/div/carrier/station,APU_GATE_RT/ACS/ML/PWM,0,Yes
APU_GATE_RT,RAK,ML,station,3,1.38,Goal,Root/div/carrier/station,APU_GATE_RT/ACS/ML/RAK,0,Yes
APU_GATE_RT,RAP,ML,station,3,0.46,Goal,Root/div/carrier/station,APU_GATE_RT/ACS/ML/RAP,0,Yes
APU_GATE_RT,RDU,ML,station,3,1.52,Goal,Root/div/carrier/station,APU_GATE_RT/ACS/ML/RDU,0,Yes
APU_GATE_RT,RIC,ML,station,3,0.07,Goal,Root/div/carrier/station,APU_GATE_RT/ACS/ML/RIC,0,Yes
APU_GATE_RT,RNO,ML,station,3,2.18,Goal,Root/div/carrier/station,APU_GATE_RT/ACS/ML/RNO,0,Yes
APU_GATE_RT,ROA,ML,station,3,0.48,Goal,Root/div/carrier/station,APU_GATE_RT/ACS/ML/ROA,0,Yes
APU_GATE_RT,ROC,ML,station,3,2.37,Goal,Root/div/carrier/station,APU_GATE_RT/ACS/ML/ROC,0,Yes
APU_GATE_RT,RSW,ML,station,3,0.16,Goal,Root/div/carrier/station,APU_GATE_RT/ACS/ML/RSW,0,Yes
APU_GATE_RT,RTB,ML,station,3,1.0,Goal,Root/div/carrier/station,APU_GATE_RT/ACS/ML/RTB,0,Yes
APU_GATE_RT,SAL,ML,station,3,1.43,Goal,Root/div/carrier/station,APU_GATE_RT/ACS/ML/SAL,0,Yes
APU_GATE_RT,SAN,ML,station,3,2.17,Goal,Root/div/carrier/station,APU_GATE_RT/ACS/ML/SAN,0,Yes
APU_GATE_RT,SAP,ML,station,3,0.75,Goal,Root/div/carrier/station,APU_GATE_RT/ACS/ML/SAP,0,Yes
APU_GATE_RT,SAT,ML,station,3,0.74,Goal,Root/div/carrier/station,APU_GATE_RT/ACS/ML/SAT,0,Yes
APU_GATE_RT,SAV,ML,station,3,0.84,Goal,Root/div/carrier/station,APU_GATE_RT/ACS/ML/SAV,0,Yes
APU_GATE_RT,SCL,ML,station,3,0.91,Goal,Root/div/carrier/station,APU_GATE_RT/ACS/ML/SCL,0,Yes
APU_GATE_RT,SDF,ML,station,3,1.45,Goal,Root/div/carrier/station,APU_GATE_RT/ACS/ML/SDF,0,Yes
APU_GATE_RT,SDQ,ML,station,3,2.33,Goal,Root/div/carrier/station,APU_GATE_RT/ACS/ML/SDQ,0,Yes
APU_GATE_RT,SEA,ML,station,3,1.17,Goal,Root/div/carrier/station,APU_GATE_RT/ACS/ML/SEA,0,Yes
APU_GATE_RT,SFO,ML,station,3,0.5,Goal,Root/div/carrier/station,APU_GATE_RT/ACS/ML/SFO,0,Yes
APU_GATE_RT,SGF,ML,station,3,2.11,Goal,Root/div/carrier/station,APU_GATE_RT/ACS/ML/SGF,0,Yes
APU_GATE_RT,SJC,ML,station,3,1.83,Goal,Root/div/carrier/station,APU_GATE_RT/ACS/ML/SJC,0,Yes
APU_GATE_RT,SJD,ML,station,3,1.83,Goal,Root/div/carrier/station,APU_GATE_RT/ACS/ML/SJD,0,Yes
APU_GATE_RT,SJO,ML,station,3,1.82,Goal,Root/div/carrier/station,APU_GATE_RT/ACS/ML/SJO,0,Yes
APU_GATE_RT,SJU,ML,station,3,1.55,Goal,Root/div/carrier/station,APU_GATE_RT/ACS/ML/SJU,0,Yes
APU_GATE_RT,SKB,ML,station,3,1.65,Goal,Root/div/carrier/station,APU_GATE_RT/ACS/ML/SKB,0,Yes
APU_GATE_RT,SLC,ML,station,3,0.65,Goal,Root/div/carrier/station,APU_GATE_RT/ACS/ML/SLC,0,Yes
APU_GATE_RT,SMF,ML,station,3,1.38,Goal,Root/div/carrier/station,APU_GATE_RT/ACS/ML/SMF,0,Yes
APU_GATE_RT,SNA,ML,station,3,0.11,Goal,Root/div/carrier/station,APU_GATE_RT/ACS/ML/SNA,0,Yes
APU_GATE_RT,SNN,ML,station,3,1.22,Goal,Root/div/carrier/station,APU_GATE_RT/ACS/ML/SNN,0,Yes
APU_GATE_RT,SRQ,ML,station,3,1.19,Goal,Root/div/carrier/station,APU_GATE_RT/ACS/ML/SRQ,0,Yes
APU_GATE_RT,STI,ML,station,3,1.56,Goal,Root/div/carrier/station,APU_GATE_RT/ACS/ML/STI,0,Yes
APU_GATE_RT,STL,ML,station,3,0.96,Goal,Root/div/carrier/station,APU_GATE_RT/ACS/ML/STL,0,Yes
APU_GATE_RT,STT,ML,station,3,1.31,Goal,Root/div/carrier/station,APU_GATE_RT/ACS/ML/STT,0,Yes
APU_GATE_RT,STX,ML,station,3,2.0,Goal,Root/div/carrier/station,APU_GATE_RT/ACS/ML/STX,0,Yes
APU_GATE_RT,SXM,ML,station,3,0.8,Goal,Root/div/carrier/station,APU_GATE_RT/ACS/ML/SXM,0,Yes
APU_GATE_RT,SYD,ML,station,3,1.48,Goal,Root/div/carrier/station,APU_GATE_RT/ACS/ML/SYD,0,Yes
APU_GATE_RT,SYR,ML,station,3,1.88,Goal,Root/div/carrier/station,APU_GATE_RT/ACS/ML/SYR,0,Yes
APU_GATE_RT,TLH,ML,station,3,1.67,Goal,Root/div/carrier/station,APU_GATE_RT/ACS/ML/TLH,0,Yes
APU_GATE_RT,TPA,ML,station,3,0.29,Goal,Root/div/carrier/station,APU_GATE_RT/ACS/ML/TPA,0,Yes
APU_GATE_RT,TPE,ML,station,3,0.07,Goal,Root/div/carrier/station,APU_GATE_RT/ACS/ML/TPE,0,Yes
APU_GATE_RT,TQO,ML,station,3,1.48,Goal,Root/div/carrier/station,APU_GATE_RT/ACS/ML/TQO,0,Yes
APU_GATE_RT,TRI,ML,station,3,2.11,Goal,Root/div/carrier/station,APU_GATE_RT/ACS/ML/TRI,0,Yes
APU_GATE_RT,TUL,ML,station,3,0.86,Goal,Root/div/carrier/station,APU_GATE_RT/ACS/ML/TUL,0,Yes
APU_GATE_RT,TUS,ML,station,3,1.97,Goal,Root/div/carrier/station,APU_GATE_RT/ACS/ML/TUS,0,Yes
APU_GATE_RT,TVC,ML,station,3,1.05,Goal,Root/div/carrier/station,APU_GATE_RT/ACS/ML/TVC,0,Yes
APU_GATE_RT,TYS,ML,station,3,1.12,Goal,Root/div/carrier/station,APU_GATE_RT/ACS/ML/TYS,0,Yes
APU_GATE_RT,UVF,ML,station,3,1.04,Goal,Root/div/carrier/station,APU_GATE_RT/ACS/ML/UVF,0,Yes
APU_GATE_RT,VCE,ML,station,3,0.28,Goal,Root/div/carrier/station,APU_GATE_RT/ACS/ML/VCE,0,Yes
APU_GATE_RT,VPS,ML,station,3,1.04,Goal,Root/div/carrier/station,APU_GATE_RT/ACS/ML/VPS,0,Yes
APU_GATE_RT,XNA,ML,station,3,1.62,Goal,Root/div/carrier/station,APU_GATE_RT/ACS/ML/XNA,0,Yes
APU_GATE_RT,YUL,ML,station,3,0.86,Goal,Root/div/carrier/station,APU_GATE_RT/ACS/ML/YUL,0,Yes
APU_GATE_RT,YVR,ML,station,3,0.44,Goal,Root/div/carrier/station,APU_GATE_RT/ACS/ML/YVR,0,Yes
APU_GATE_RT,YYC,ML,station,3,0.39,Goal,Root/div/carrier/station,APU_GATE_RT/ACS/ML/YYC,0,Yes
APU_GATE_RT,YYZ,ML,station,3,2.37,Goal,Root/div/carrier/station,APU_GATE_RT/ACS/ML/YYZ,0,Yes
APU_GATE_RT,ZRH,ML,station,3,1.47,Goal,Root/div/carrier/station,APU_GATE_RT/ACS/ML/ZRH,0,Yes
APU_GATE_RT,APAC_VP,ML,vp,3,2.18,Goal,Root/div/carrier/vp,APU_GATE_RT/ACS/ML/APAC_VP,0,Yes
APU_GATE_RT,ATL_VP,ML,vp,3,1.78,Goal,Root/div/carrier/vp,APU_GATE_RT/ACS/ML/ATL_VP,0,Yes
APU_GATE_RT,AUS_FL_VP,ML,vp,3,2.28,Goal,Root/div/carrier/vp,APU_GATE_RT/ACS/ML/AUS_FL_VP,0,Yes
APU_GATE_RT,BOS_VP,ML,vp,3,1.33,Goal,Root/div/carrier/vp,APU_GATE_RT/ACS/ML/BOS_VP,0,Yes
APU_GATE_RT,DTW_VP,ML,vp,3,2.11,Goal,Root/div/carrier/vp,APU_GATE_RT/ACS/ML/DTW_VP,0,Yes
APU_GATE_RT,East_VP,ML,vp,3,1.54,Goal,Root/div/carrier/vp,APU_GATE_RT/ACS/ML/East_VP,0,Yes
APU_GATE_RT,EMEAI_VP,ML,vp,3,1.72,Goal,Root/div/carrier/vp,APU_GATE_RT/ACS/ML/EMEAI_VP,0,Yes
APU_GATE_RT,FieldStations_VP,ML,vp,3,0.73,Goal,Root/div/carrier/vp,APU_GATE_RT/ACS/ML/FieldStations_VP,0,Yes
APU_GATE_RT,JFK_VP,ML,vp,3,2.22,Goal,Root/div/carrier/vp,APU_GATE_RT/ACS/ML/JFK_VP,0,Yes
APU_GATE_RT,LACC_VP,ML,vp,3,1.8,Goal,Root/div/carrier/vp,APU_GATE_RT/ACS/ML/LACC_VP,0,Yes
APU_GATE_RT,LAX_VP,ML,vp,3,2.2,Goal,Root/div/carrier/vp,APU_GATE_RT/ACS/ML/LAX_VP,0,Yes
APU_GATE_RT,LGA_VP,ML,vp,3,0.91,Goal,Root/div/carrier/vp,APU_GATE_RT/ACS/ML/LGA_VP,0,Yes
APU_GATE_RT,MSP_VP,ML,vp,3,1.03,Goal,Root/div/carrier/vp,APU_GATE_RT/ACS/ML/MSP_VP,0,Yes
APU_GATE_RT,SEA_VP,ML,vp,3,1.52,Goal,Root/div/carrier/vp,APU_GATE_RT/ACS/ML/SEA_VP,0,Yes
APU_GATE_RT,SLC_VP,ML,vp,3,2.14,Goal,Root/div/carrier/vp,APU_GATE_RT/ACS/ML/SLC_VP,0,Yes
APU_GATE_RT,West_Central_VP,ML,vp,3,1.5,Goal,Root/div/carrier/vp,APU_GATE_RT/ACS/ML/West_Central_VP,0,Yes
APU_GATE_RT,DC,ACS,carrier,2,0.45,Goal,Root/div/carrier,APU_GATE_RT/ACS/DC,14,No
APU_GATE_RT,ATL_VP,DC,vp,3,7.7,Goal,Root/div/carrier/vp,APU_GATE_RT/ACS/DC/ATL_VP,0,Yes
APU_GATE_RT,AUS_FL_VP,DC,vp,3,2.8,Goal,Root/div/carrier/vp,APU_GATE_RT/ACS/DC/AUS_FL_VP,0,Yes
APU_GATE_RT,BOS_VP,DC,vp,3,0.21,Goal,Root/div/carrier/vp,APU_GATE_RT/ACS/DC/BOS_VP,0,Yes
APU_GATE_RT,DTW_VP,DC,vp,3,11.47,Goal,Root/div/carrier/vp,APU_GATE_RT/ACS/DC/DTW_VP,0,Yes
APU_GATE_RT,East_VP,DC,vp,3,8.85,Goal,Root/div/carrier/vp,APU_GATE_RT/ACS/DC/East_VP,0,Yes
APU_GATE_RT,FieldStations_VP,DC,vp,3,5.72,Goal,Root/div/carrier/vp,APU_GATE_RT/ACS/DC/FieldStations_VP,0,Yes
APU_GATE_RT,JFK_VP,DC,vp,3,9.28,Goal,Root/div/carrier/vp,APU_GATE_RT/ACS/DC/JFK_VP,0,Yes
APU_GATE_RT,LACC_VP,DC,vp,3,0.81,Goal,Root/div/carrier/vp,APU_GATE_RT/ACS/DC/LACC_VP,0,Yes
APU_GATE_RT,LAX_VP,DC,vp,3,11.01,Goal,Root/div/carrier/vp,APU_GATE_RT/ACS/DC/LAX_VP,0,Yes
APU_GATE_RT,LGA_VP,DC,vp,3,10.92,Goal,Root/div/carrier/vp,APU_GATE_RT/ACS/DC/LGA_VP,0,Yes
APU_GATE_RT,MSP_VP,DC,vp,3,5.8,Goal,Root/div/carrier/vp,APU_GATE_RT/ACS/DC/MSP_VP,0,Yes
APU_GATE_RT,SEA_VP,DC,vp,3,9.19,Goal,Root/div/carrier/vp,APU_GATE_RT/ACS/DC/SEA_VP,0,Yes
APU_GATE_RT,SLC_VP,DC,vp,3,6.59,Goal,Root/div/carrier/vp,APU_GATE_RT/ACS/DC/SLC_VP,0,Yes
APU_GATE_RT,West_Central_VP,DC,vp,3,9.65,Goal,Root/div/carrier/vp,APU_GATE_RT/ACS/DC/West_Central_VP,0,Yes
APU_GATE_RT,9E,ACS,dc_carrier,2,0.45,Goal,Root/div/dc_carrier,APU_GATE_RT/ACS/9E,167,No
APU_GATE_RT,AUS_Director,9E,director,3,0.93,Goal,Root/div/dc_carrier/director,APU_GATE_RT/ACS/9E/AUS_Director,0,Yes
APU_GATE_RT,CANMEX_Director,9E,director,3,0.86,Goal,Root/div/dc_carrier/director,APU_GATE_RT/ACS/9E/CANMEX_Director,0,Yes
APU_GATE_RT,Caribbean_Director,9E,director,3,0.59,Goal,Root/div/dc_carrier/director,APU_GATE_RT/ACS/9E/Caribbean_Director,0,Yes
APU_GATE_RT,Central_Director,9E,director,3,0.99,Goal,Root/div/dc_carrier/director,APU_GATE_RT/ACS/9E/Central_Director,0,Yes
APU_GATE_RT,East_Director,9E,director,3,0.44,Goal,Root/div/dc_carrier/director,APU_GATE_RT/ACS/9E/East_Director,0,Yes
APU_GATE_RT,FieldStations_Director,9E,director,3,0.25,Goal,Root/div/dc_carrier/director,APU_GATE_RT/ACS/9E/FieldStations_Director,0,Yes
APU_GATE_RT,Florida_Director,9E,director,3,0.57,Goal,Root/div/dc_carrier/director,APU_GATE_RT/ACS/9E/Florida_Director,0,Yes
APU_GATE_RT,Hub_ATL,9E,director,3,0.43,Goal,Root/div/dc_carrier/director,APU_GATE_RT/ACS/9E/Hub_ATL,0,Yes
APU_GATE_RT,Hub_DTW,9E,director,3,1.04,Goal,Root/div/dc_carrier/director,APU_GATE_RT/ACS/9E/Hub_DTW,0,Yes
APU_GATE_RT,Hub_JFK,9E,director,3,0.99,Goal,Root/div/dc_carrier/director,APU_GATE_RT/ACS/9E/Hub_JFK,0,Yes
APU_GATE_RT,Hub_LGA,9E,director,3,0.27,Goal,Root/div/dc_carrier/director,APU_GATE_RT/ACS/9E/Hub_LGA,0,Yes
APU_GATE_RT,Hub_MSP,9E,director,3,0.11,Goal,Root/div/dc_carrier/director,APU_GATE_RT/ACS/9E/Hub_MSP,0,Yes
APU_GATE_RT,ACSATL,9E,division,3,0.62,Goal,Root/div/dc_carrier/division,APU_GATE_RT/ACS/9E/ACSATL,0,Yes
APU_GATE_RT,ACSJFK,9E,division,3,0.85,Goal,Root/div/dc_carrier/division,APU_GATE_RT/ACS/9E/ACSJFK,0,Yes
APU_GATE_RT,DTW_AUS_FL,9E,division,3,0.74,Goal,Root/div/dc_carrier/division,APU_GATE_RT/ACS/9E/DTW_AUS_FL,0,Yes
APU_GATE_RT,East,9E,division,3,1.08,Goal,Root/div/dc_carrier/division,APU_GATE_RT/ACS/9E/East,0,Yes
APU_GATE_RT,FieldStations,9E,division,3,0.56,Goal,Root/div/dc_carrier/division,APU_GATE_RT/ACS/9E/FieldStations,0,Yes
APU_GATE_RT,International,9E,division,3,0.05,Goal,Root/div/dc_carrier/division,APU_GATE_RT/ACS/9E/International,0,Yes
APU_GATE_RT,MSP_SEA_SLC,9E,division,3,0.5,Goal,Root/div/dc_carrier/division,APU_GATE_RT/ACS/9E/MSP_SEA_SLC,0,Yes
APU_GATE_RT,West_Central,9E,division,3,0.53,Goal,Root/div/dc_carrier/division,APU_GATE_RT/ACS/9E/West_Central,0,Yes
APU_GATE_RT,AUS_Region,9E,region,3,0.93,Goal,Root/div/dc_carrier/region,APU_GATE_RT/ACS/9E/AUS_Region,0,Yes
APU_GATE_RT,Canada_Region,9E,region,3,1.09,Goal,Root/div/dc_carrier/region,APU_GATE_RT/ACS/9E/Canada_Region,0,Yes
APU_GATE_RT,Caribbean_Region,9E,region,3,0.53,Goal,Root/div/dc_carrier/region,APU_GATE_RT/ACS/9E/Caribbean_Region,0,Yes
APU_GATE_RT,Central_Region,9E,region,3,0.67,Goal,Root/div/dc_carrier/region,APU_GATE_RT/ACS/9E/Central_Region,0,Yes
APU_GATE_RT,Florida_Region,9E,region,3,0.06,Goal,Root/div/dc_carrier/region,APU_GATE_RT/ACS/9E/Florida_Region,0,Yes
APU_GATE_RT,FS_Central,9E,region,3,0.69,Goal,Root/div/dc_carrier/region,APU_GATE_RT/ACS/9E/FS_Central,0,Yes
APU_GATE_RT,FS_East,9E,region,3,0.48,Goal,Root/div/dc_carrier/region,APU_GATE_RT/ACS/9E/FS_East,0,Yes
APU_GATE_RT,FS_MountainWest,9E,region,3,0.43,Goal,Root/div/dc_carrier/region,APU_GATE_RT/ACS/9E/FS_MountainWest,0,Yes
APU_GATE_RT,FS_South,9E,region,3,0.6,Goal,Root/div/dc_carrier/region,APU_GATE_RT/ACS/9E/FS_South,0,Yes
APU_GATE_RT,GreatLakes_Region,9E,region,3,0.94,Goal,Root/div/dc_carrier/region,APU_GATE_RT/ACS/9E/GreatLakes_Region,0,Yes
APU_GATE_RT,MCO_Region,9E,region,3,0.0,Goal,Root/div/dc_carrier/region,APU_GATE_RT/ACS/9E/MCO_Region,0,Yes
APU_GATE_RT,MIA_Region,9E,region,3,0.75,Goal,Root/div/dc_carrier/region,APU_GATE_RT/ACS/9E/MIA_Region,0,Yes
APU_GATE_RT,Northeast_Region,9E,region,3,0.87,Goal,Root/div/dc_carrier/region,APU_GATE_RT/ACS/9E/Northeast_Region,0,Yes
APU_GATE_RT,Southeast_Region,9E,region,3,1.2,Goal,Root/div/dc_carrier/region,APU_GATE_RT/ACS/9E/Southeast_Region,0,Yes
APU_GATE_RT,ABE,9E,station,3,0.5,Goal,Root/div/dc_carrier/station,APU_GATE_RT/ACS/9E/ABE,0,Yes
APU_GATE_RT,ABY,9E,station,3,0.13,Goal,Root/div/dc_carrier/station,APU_GATE_RT/ACS/9E/ABY,0,Yes
APU_GATE_RT,AEX,9E,station,3,0.66,Goal,Root/div/dc_carrier/station,APU_GATE_RT/ACS/9E/AEX,0,Yes
APU_GATE_RT,AGS,9E,station,3,0.91,Goal,Root/div/dc_carrier/station,APU_GATE_RT/ACS/9E/AGS,0,Yes
APU_GATE_RT,ALB,9E,station,3,0.11,Goal,Root/div/dc_carrier/station,APU_GATE_RT/ACS/9E/ALB,0,Yes
APU_GATE_RT,ATL,9E,station,3,0.7,Goal,Root/div/dc_carrier/station,APU_GATE_RT/ACS/9E/ATL,0,Yes
APU_GATE_RT,ATW,9E,station,3,0.82,Goal,Root/div/dc_carrier/station,APU_GATE_RT/ACS/9E/ATW,0,Yes
APU_GATE_RT,AUS,9E,station,3,0.2,Goal,Root/div/dc_carrier/station,APU_GATE_RT/ACS/9E/AUS,0,Yes
APU_GATE_RT,AVL,9E,station,3,0.95,Goal,Root/div/dc_carrier/station,APU_GATE_RT/ACS/9E/AVL,0,Yes
APU_GATE_RT,AZO,9E,station,3,0.51,Goal,Root/div/dc_carrier/station,APU_GATE_RT/ACS/9E/AZO,0,Yes
APU_GATE_RT,BDL,9E,station,3,0.18,Goal,Root/div/dc_carrier/station,APU_GATE_RT/ACS/9E/BDL,0,Yes
APU_GATE_RT,BGM,9E,station,3,1.16,Goal,Root/div/dc_carrier/station,APU_GATE_RT/ACS/9E/BGM,0,Yes
APU_GATE_RT,BGR,9E,station,3,0.84,Goal,Root/div/dc_carrier/station,APU_GATE_RT/ACS/9E/BGR,0,Yes
APU_GATE_RT,BHM,9E,station,3,0.32,Goal,Root/div/dc_carrier/station,APU_GATE_RT/ACS/9E/BHM,0,Yes
APU_GATE_RT,BIS,9E,station,3,1.15,Goal,Root/div/dc_carrier/station,APU_GATE_RT/ACS/9E/BIS,0,Yes
APU_GATE_RT,BMI,9E,station,3,0.28,Goal,Root/div/dc_carrier/station,APU_GATE_RT/ACS/9E/BMI,0,Yes
APU_GATE_RT,BNA,9E,station,3,0.75,Goal,Root/div/dc_carrier/station,APU_GATE_RT/ACS/9E/BNA,0,Yes
APU_GATE_RT,BQK,9E,station,3,0.53,Goal,Root/div/dc_carrier/station,APU_GATE_RT/ACS/9E/BQK,0,Yes
APU_GATE_RT,BTR,9E,station,3,0.35,Goal,Root/div/dc_carrier/station,APU_GATE_RT/ACS/9E/BTR,0,Yes
APU_GATE_RT,BTV,9E,station,3,0.09,Goal,Root/div/dc_carrier/station,APU_GATE_RT/ACS/9E/BTV,0,Yes
APU_GATE_RT,BUF,9E,station,3,0.11,Goal,Root/div/dc_carrier/station,APU_GATE_RT/ACS/9E/BUF,0,Yes
APU_GATE_RT,BWI,9E,station,3,0.05,Goal,Root/div/dc_carrier/station,APU_GATE_RT/ACS/9E/BWI,0,Yes
APU_GATE_RT,CAE,9E,station,3,0.87,Goal,Root/div/dc_carrier/station,APU_GATE_RT/ACS/9E/CAE,0,Yes
APU_GATE_RT,CHA,9E,station,3,0.55,Goal,Root/div/dc_carrier/station,APU_GATE_RT/ACS/9E/CHA,0,Yes
APU_GATE_RT,CHO,9E,station,3,1.21,Goal,Root/div/dc_carrier/station,APU_GATE_RT/ACS/9E/CHO,0,Yes
APU_GATE_RT,CHS,9E,station,3,0.13,Goal,Root/div/dc_carrier/station,APU_GATE_RT/ACS/9E/CHS,0,Yes
APU_GATE_RT,CID,9E,station,3,1.2,Goal,Root/div/dc_carrier/station,APU_GATE_RT/ACS/9E/CID,0,Yes
APU_GATE_RT,CLE,9E,station,3,1.23,Goal,Root/div/dc_carrier/station,APU_GATE_RT/ACS/9E/CLE,0,Yes
APU_GATE_RT,CLT,9E,station,3,0.13,Goal,Root/div/dc_carrier/station,APU_GATE_RT/ACS/9E/CLT,0,Yes
APU_GATE_RT,CMH,9E,station,3,0.88,Goal,Root/div/dc_carrier/station,APU_GATE_RT/ACS/9E/CMH,0,Yes
APU_GATE_RT,CRW,9E,station,3,0.36,Goal,Root/div/dc_carrier/station,APU_GATE_RT/ACS/9E/CRW,0,Yes
APU_GATE_RT,CSG,9E,station,3,0.45,Goal,Root/div/dc_carrier/station,APU_GATE_RT/ACS/9E/CSG,0,Yes
APU_GATE_RT,CVG,9E,station,3,0.17,Goal,Root/div/dc_carrier/station,APU_GATE_RT/ACS/9E/CVG,0,Yes
APU_GATE_RT,CWA,9E,station,3,0.32,Goal,Root/div/dc_carrier/station,APU_GATE_RT/ACS/9E/CWA,0,Yes
APU_GATE_RT,DAY,9E,station,3,1.06,Goal,Root/div/dc_carrier/station,APU_GATE_RT/ACS/9E/DAY,0,Yes
APU_GATE_RT,DCA,9E,station,3,1.05,Goal,Root/div/dc_carrier/station,APU_GATE_RT/ACS/9E/DCA,0,Yes
APU_GATE_RT,DHN,9E,station,3,0.71,Goal,Root/div/dc_carrier/station,APU_GATE_RT/ACS/9E/DHN,0,Yes
APU_GATE_RT,DSM,9E,station,3,0.97,Goal,Root/div/dc_carrier/station,APU_GATE_RT/ACS/9E/DSM,0,Yes
APU_GATE_RT,DTW,9E,station,3,0.99,Goal,Root/div/dc_carrier/station,APU_GATE_RT/ACS/9E/DTW,0,Yes
APU_GATE_RT,ECP,9E,station,3,0.42,Goal,Root/div/dc_carrier/station,APU_GATE_RT/ACS/9E/ECP,0,Yes
APU_GATE_RT,EVV,9E,station,3,0.81,Goal,Root/div/dc_carrier/station,APU_GATE_RT/ACS/9E/EVV,0,Yes
APU_GATE_RT,EWR,9E,station,3,0.23,Goal,Root/div/dc_carrier/station,APU_GATE_RT/ACS/9E/EWR,0,Yes
APU_GATE_RT,EYW,9E,station,3,0.21,Goal,Root/div/dc_carrier/station,APU_GATE_RT/ACS/9E/EYW,0,Yes
APU_GATE_RT,FAR,9E,station,3,1.09,Goal,Root/div/dc_carrier/station,APU_GATE_RT/ACS/9E/FAR,0,Yes
APU_GATE_RT,FAY,9E,station,3,0.96,Goal,Root/div/dc_carrier/station,APU_GATE_RT/ACS/9E/FAY,0,Yes
APU_GATE_RT,FLL,9E,station,3,0.22,Goal,Root/div/dc_carrier/station,APU_GATE_RT/ACS/9E/FLL,0,Yes
APU_GATE_RT,FSD,9E,station,3,0.51,Goal,Root/div/dc_carrier/station,APU_GATE_RT/ACS/9E/FSD,0,Yes
APU_GATE_RT,GFK,9E,station,3,0.04,Goal,Root/div/dc_carrier/station,APU_GATE_RT/ACS/9E/GFK,0,Yes
APU_GATE_RT,GGT,9E,station,3,0.52,Goal,Root/div/dc_carrier/station,APU_GATE_RT/ACS/9E/GGT,0,Yes
APU_GATE_RT,GNV,9E,station,3,1.09,Goal,Root/div/dc_carrier/station,APU_GATE_RT/ACS/9E/GNV,0,Yes
APU_GATE_RT,GPT,9E,station,3,0.53,Goal,Root/div/dc_carrier/station,APU_GATE_RT/ACS/9E/GPT,0,Yes
APU_GATE_RT,GRB,9E,station,3,0.51,Goal,Root/div/dc_carrier/station,APU_GATE_RT/ACS/9E/GRB,0,Yes
APU_GATE_RT,GRR,9E,station,3,0.83,Goal,Root/div/dc_carrier/station,APU_GATE_RT/ACS/9E/GRR,0,Yes
APU_GATE_RT,GSO,9E,station,3,0.73,Goal,Root/div/dc_carrier/station,APU_GATE_RT/ACS/9E/GSO,0,Yes
APU_GATE_RT,GSP,9E,station,3,0.3,Goal,Root/div/dc_carrier/station,APU_GATE_RT/ACS/9E/GSP,0,Yes
APU_GATE_RT,GTR,9E,station,3,0.81,Goal,Root/div/dc_carrier/station,APU_GATE_RT/ACS/9E/GTR,0,Yes
APU_GATE_RT,HPN,9E,station,3,0.31,Goal,Root/div/dc_carrier/station,APU_GATE_RT/ACS/9E/HPN,0,Yes
APU_GATE_RT,HSV,9E,station,3,0.19,Goal,Root/div/dc_carrier/station,APU_GATE_RT/ACS/9E/HSV,0,Yes
APU_GATE_RT,IAD,9E,station,3,1.09,Goal,Root/div/dc_carrier/station,APU_GATE_RT/ACS/9E/IAD,0,Yes
APU_GATE_RT,ICT,9E,station,3,1.14,Goal,Root/div/dc_carrier/station,APU_GATE_RT/ACS/9E/ICT,0,Yes
APU_GATE_RT,ILM,9E,station,3,1.0,Goal,Root/div/dc_carrier/station,APU_GATE_RT/ACS/9E/ILM,0,Yes
APU_GATE_RT,IND,9E,station,3,0.68,Goal,Root/div/dc_carrier/station,APU_GATE_RT/ACS/9E/IND,0,Yes
APU_GATE_RT,ITH,9E,station,3,0.97,Goal,Root/div/dc_carrier/station,APU_GATE_RT/ACS/9E/ITH,0,Yes
APU_GATE_RT,JAN,9E,station,3,0.97,Goal,Root/div/dc_carrier/station,APU_GATE_RT/ACS/9E/JAN,0,Yes
APU_GATE_RT,JAX,9E,station,3,0.43,Goal,Root/div/dc_carrier/station,APU_GATE_RT/ACS/9E/JAX,0,Yes
APU_GATE_RT,JFK,9E,station,3,0.42,Goal,Root/div/dc_carrier/station,APU_GATE_RT/ACS/9E/JFK,0,Yes
APU_GATE_RT,LAN,9E,station,3,0.61,Goal,Root/div/dc_carrier/station,APU_GATE_RT/ACS/9E/LAN,0,Yes
APU_GATE_RT,LEX,9E,station,3,1.12,Goal,Root/div/dc_carrier/station,APU_GATE_RT/ACS/9E/LEX,0,Yes
APU_GATE_RT,LFT,9E,station,3,0.05,Goal,Root/div/dc_carrier/station,APU_GATE_RT/ACS/9E/LFT,0,Yes
APU_GATE_RT,LGA,9E,station,3,0.78,Goal,Root/div/dc_carrier/station,APU_GATE_RT/ACS/9E/LGA,0,Yes
APU_GATE_RT,LIT,9E,station,3,1.0,Goal,Root/div/dc_carrier/station,APU_GATE_RT/ACS/9E/LIT,0,Yes
APU_GATE_RT,MBS,9E,station,3,0.95,Goal,Root/div/dc_carrier/station,APU_GATE_RT/ACS/9E/MBS,0,Yes
APU_GATE_RT,MCI,9E,station,3,0.15,Goal,Root/div/dc_carrier/station,APU_GATE_RT/ACS/9E/MCI,0,Yes
APU_GATE_RT,MCO,9E,station,3,0.52,Goal,Root/div/dc_carrier/station,APU_GATE_RT/ACS/9E/MCO,0,Yes
APU_GATE_RT,MDT,9E,station,3,0.11,Goal,Root/div/dc_carrier/station,APU_GATE_RT/ACS/9E/MDT,0,Yes
APU_GATE_RT,MDW,9E,station,3,0.25,Goal,Root/div/dc_carrier/station,APU_GATE_RT/ACS/9E/MDW,0,Yes
APU_GATE_RT,MEM,9E,station,3,1.11,Goal,Root/div/dc_carrier/station,APU_GATE_RT/ACS/9E/MEM,0,Yes
APU_GATE_RT,MGM,9E,station,3,0.2,Goal,Root/div/dc_carrier/station,APU_GATE_RT/ACS/9E/MGM,0,Yes
APU_GATE_RT,MIA,9E,station,3,0.1,Goal,Root/div/dc_carrier/station,APU_GATE_RT/ACS/9E/MIA,0,Yes
APU_GATE_RT,MKE,9E,station,3,0.68,Goal,Root/div/dc_carrier/station,APU_GATE_RT/ACS/9E/MKE,0,Yes
APU_GATE_RT,MLI,9E,station,3,1.21,Goal,Root/div/dc_carrier/station,APU_GATE_RT/ACS/9E/MLI,0,Yes
APU_GATE_RT,MLU,9E,station,3,0.12,Goal,Root/div/dc_carrier/station,APU_GATE_RT/ACS/9E/MLU,0,Yes
APU_GATE_RT,MOB,9E,station,3,0.55,Goal,Root/div/dc_carrier/station,APU_GATE_RT/ACS/9E/MOB,0,Yes
APU_GATE_RT,MOT,9E,station,3,1.14,Goal,Root/div/dc_carrier/station,APU_GATE_RT/ACS/9E/MOT,0,Yes
APU_GATE_RT,MSN,9E,station,3,0.07,Goal,Root/div/dc_carrier/station,APU_GATE_RT/ACS/9E/MSN,0,Yes
APU_GATE_RT,MSP,9E,station,3,0.78,Goal,Root/div/dc_carrier/station,APU_GATE_RT/ACS/9E/MSP,0,Yes
APU_GATE_RT,MYR,9E,station,3,0.35,Goal,Root/div/dc_carrier/station,APU_GATE_RT/ACS/9E/MYR,0,Yes
APU_GATE_RT,OAJ,9E,station,3,0.12,Goal,Root/div/dc_carrier/station,APU_GATE_RT/ACS/9E/OAJ,0,Yes
APU_GATE_RT,OKC,9E,station,3,1.11,Goal,Root/div/dc_carrier/station,APU_GATE_RT/ACS/9E/OKC,0,Yes
APU_GATE_RT,OMA,9E,station,3,0.23,Goal,Root/div/dc_carrier/station,APU_GATE_RT/ACS/9E/OMA,0,Yes
APU_GATE_RT,ORD,9E,station,3,0.42,Goal,Root/div/dc_carrier/station,APU_GATE_RT/ACS/9E/ORD,0,Yes
APU_GATE_RT,ORF,9E,station,3,0.63,Goal,Root/div/dc_carrier/station,APU_GATE_RT/ACS/9E/ORF,0,Yes
APU_GATE_RT,PHL,9E,station,3,0.94,Goal,Root/div/dc_carrier/station,APU_GATE_RT/ACS/9E/PHL,0,Yes
APU_GATE_RT,PIT,9E,station,3,0.09,Goal,Root/div/dc_carrier/station,APU_GATE_RT/ACS/9E/PIT,0,Yes
APU_GATE_RT,PNS,9E,station,3,0.62,Goal,Root/div/dc_carrier/station,APU_GATE_RT/ACS/9E/PNS,0,Yes
APU_GATE_RT,PVD,9E,station,3,0.13,Goal,Root/div/dc_carrier/station,APU_GATE_RT/ACS/9E/PVD,0,Yes
APU_GATE_RT,PWM,9E,station,3,0.48,Goal,Root/div/dc_carrier/station,APU_GATE_RT/ACS/9E/PWM,0,Yes
APU_GATE_RT,RAP,9E,station,3,0.07,Goal,Root/div/dc_carrier/station,APU_GATE_RT/ACS/9E/RAP,0,Yes
APU_GATE_RT,RDU,9E,station,3,1.02,Goal,Root/div/dc_carrier/station,APU_GATE_RT/ACS/9E/RDU,0,Yes
APU_GATE_RT,RIC,9E,station,3,0.71,Goal,Root/div/dc_carrier/station,APU_GATE_RT/ACS/9E/RIC,0,Yes
APU_GATE_RT,ROA,9E,station,3,0.34,Goal,Root/div/dc_carrier/station,APU_GATE_RT/ACS/9E/ROA,0,Yes
APU_GATE_RT,ROC,9E,station,3,1.19,Goal,Root/div/dc_carrier/station,APU_GATE_RT/ACS/9E/ROC,0,Yes
APU_GATE_RT,RST,9E,station,3,0.28,Goal,Root/div/dc_carrier/station,APU_GATE_RT/ACS/9E/RST,0,Yes
APU_GATE_RT,RSW,9E,station,3,0.03,Goal,Root/div/dc_carrier/station,APU_GATE_RT/ACS/9E/RSW,0,Yes
APU_GATE_RT,SAV,9E,station,3,1.05,Goal,Root/div/dc_carrier/station,APU_GATE_RT/ACS/9E/SAV,0,Yes
APU_GATE_RT,SBN,9E,station,3,0.23,Goal,Root/div/dc_carrier/station,APU_GATE_RT/ACS/9E/SBN,0,Yes
APU_GATE_RT,SDF,9E,station,3,0.83,Goal,Root/div/dc_carrier/station,APU_GATE_RT/ACS/9E/SDF,0,Yes
APU_GATE_RT,SGF,9E,station,3,0.26,Goal,Root/div/dc_carrier/station,APU_GATE_RT/ACS/9E/SGF,0,Yes
APU_GATE_RT,SHV,9E,station,3,1.16,Goal,Root/div/dc_carrier/station,APU_GATE_RT/ACS/9E/SHV,0,Yes
APU_GATE_RT,STL,9E,station,3,0.7,Goal,Root/div/dc_carrier/station,APU_GATE_RT/ACS/9E/STL,0,Yes
APU_GATE_RT,SYR,9E,station,3,0.88,Goal,Root/div/dc_carrier/station,APU_GATE_RT/ACS/9E/SYR,0,Yes
APU_GATE_RT,TLH,9E,station,3,0.82,Goal,Root/div/dc_carrier/station,APU_GATE_RT/ACS/9E/TLH,0,Yes
APU_GATE_RT,TPA,9E,station,3,0.47,Goal,Root/div/dc_carrier/station,APU_GATE_RT/ACS/9E/TPA,0,Yes
APU_GATE_RT,TRI,9E,station,3,0.5,Goal,Root/div/dc_carrier/station,APU_GATE_RT/ACS/9E/TRI,0,Yes
APU_GATE_RT,TUL,9E,station,3,0.15,Goal,Root/div/dc_carrier/station,APU_GATE_RT/ACS/9E/TUL,0,Yes
APU_GATE_RT,TVC,9E,station,3,0.7,Goal,Root/div/dc_carrier/station,APU_GATE_RT/ACS/9E/TVC,0,Yes
APU_GATE_RT,TYS,9E,station,3,0.13,Goal,Root/div/dc_carrier/station,APU_GATE_RT/ACS/9E/TYS,0,Yes
APU_GATE_RT,VLD,9E,station,3,0.19,Goal,Root/div/dc_carrier/station,APU_GATE_RT/ACS/9E/VLD,0,Yes
APU_GATE_RT,VPS,9E,station,3,1.06,Goal,Root/div/dc_carrier/station,APU_GATE_RT/ACS/9E/VPS,0,Yes
APU_GATE_RT,XNA,9E,station,3,0.39,Goal,Root/div/dc_carrier/station,APU_GATE_RT/ACS/9E/XNA,0,Yes
APU_GATE_RT,YHZ,9E,station,3,0.61,Goal,Root/div/dc_carrier/station,APU_GATE_RT/ACS/9E/YHZ,0,Yes
APU_GATE_RT,YUL,9E,station,3,0.22,Goal,Root/div/dc_carrier/station,APU_GATE_RT/ACS/9E/YUL,0,Yes
APU_GATE_RT,YYZ,9E,station,3,0.67,Goal,Root/div/dc_carrier/station,APU_GATE_RT/ACS/9E/YYZ,0,Yes
APU_GATE_RT,ATL_VP,9E,vp,3,0.39,Goal,Root/div/dc_carrier/vp,APU_GATE_RT/ACS/9E/ATL_VP,0,Yes
APU_GATE_RT,AUS_FL_VP,9E,vp,3,1.14,Goal,Root/div/dc_carrier/vp,APU_GATE_RT/ACS/9E/AUS_FL_VP,0,Yes
APU_GATE_RT,DTW_VP,9E,vp,3,0.35,Goal,Root/div/dc_carrier/vp,APU_GATE_RT/ACS/9E/DTW_VP,0,Yes
APU_GATE_RT,East_VP,9E,vp,3,0.35,Goal,Root/div/dc_carrier/vp,APU_GATE_RT/ACS/9E/East_VP,0,Yes
APU_GATE_RT,FieldStations_VP,9E,vp,3,1.14,Goal,Root/div/dc_carrier/vp,APU_GATE_RT/ACS/9E/FieldStations_VP,0,Yes
APU_GATE_RT,JFK_VP,9E,vp,3,0.63,Goal,Root/div/dc_carrier/vp,APU_GATE_RT/ACS/9E/JFK_VP,0,Yes
APU_GATE_RT,LACC_VP,9E,vp,3,0.8,Goal,Root/div/dc_carrier/vp,APU_GATE_RT/ACS/9E/LACC_VP,0,Yes
APU_GATE_RT,LGA_VP,9E,vp,3,0.8,Goal,Root/div/dc_carrier/vp,APU_GATE_RT/ACS/9E/LGA_VP,0,Yes
APU_GATE_RT,MSP_VP,9E,vp,3,0.62,Goal,Root/div/dc_carrier/vp,APU_GATE_RT/ACS/9E/MSP_VP,0,Yes
APU_GATE_RT,West_Central_VP,9E,vp,3,0.27,Goal,Root/div/dc_carrier/vp,APU_GATE_RT/ACS/9E/West_Central_VP,0,Yes
APU_GATE_RT,OO,ACS,dc_carrier,2,0.25,Goal,Root/div/dc_carrier,APU_GATE_RT/ACS/OO,215,No
APU_GATE_RT,AUS_Director,OO,director,3,0.27,Goal,Root/div/dc_carrier/director,APU_GATE_RT/ACS/OO/AUS_Director,0,Yes
APU_GATE_RT,CANMEX_Director,OO,director,3,0.83,Goal,Root/div/dc_carrier/director,APU_GATE_RT/ACS/OO/CANMEX_Director,0,Yes
APU_GATE_RT,Central_Director,OO,director,3,0.13,Goal,Root/div/dc_carrier/director,APU_GATE_RT/ACS/OO/Central_Director,0,Yes
APU_GATE_RT,East_Director,OO,director,3,0.23,Goal,Root/div/dc_carrier/director,APU_GATE_RT/ACS/OO/East_Director,0,Yes
APU_GATE_RT,FieldStations_Director,OO,director,3,0.93,Goal,Root/div/dc_carrier/director,APU_GATE_RT/ACS/OO/FieldStations_Director,0,Yes
APU_GATE_RT,Florida_Director,OO,director,3,0.18,Goal,Root/div/dc_carrier/director,APU_GATE_RT/ACS/OO/Florida_Director,0,Yes
APU_GATE_RT,Hub_ATL,OO,director,3,0.84,Goal,Root/div/dc_carrier/director,APU_GATE_RT/ACS/OO/Hub_ATL,0,Yes
APU_GATE_RT,Hub_DTW,OO,director,3,0.41,Goal,Root/div/dc_carrier/director,APU_GATE_RT/ACS/OO/Hub_DTW,0,Yes
APU_GATE_RT,Hub_JFK,OO,director,3,0.58,Goal,Root/div/dc_carrier/director,APU_GATE_RT/ACS/OO/Hub_JFK,0,Yes
APU_GATE_RT,Hub_LAX,OO,director,3,0.51,Goal,Root/div/dc_carrier/director,APU_GATE_RT/ACS/OO/Hub_LAX,0,Yes
APU_GATE_RT,Hub_LGA,OO,director,3,0.06,Goal,Root/div/dc_carrier/director,APU_GATE_RT/ACS/OO/Hub_LGA,0,Yes
APU_GATE_RT,Hub_MSP,OO,director,3,0.69,Goal,Root/div/dc_carrier/director,APU_GATE_RT/ACS/OO/Hub_MSP,0,Yes
APU_GATE_RT,Hub_SEA,OO,director,3,0.27,Goal,Root/div/dc_carrier/director,APU_GATE_RT/ACS/OO/Hub_SEA,0,Yes
APU_GATE_RT,Hub_SLC,OO,director,3,0.22,Goal,Root/div/dc_carrier/director,APU_GATE_RT/ACS/OO/Hub_SLC,0,Yes
APU_GATE_RT,West_Director,OO,director,3,0.34,Goal,Root/div/dc_carrier/director,APU_GATE_RT/ACS/OO/West_Director,0,Yes
APU_GATE_RT,ACSATL,OO,division,3,0.89,Goal,Root/div/dc_carrier/division,APU_GATE_RT/ACS/OO/ACSATL,0,Yes
APU_GATE_RT,ACSJFK,OO,division,3,0.34,Goal,Root/div/dc_carrier/division,APU_GATE_RT/ACS/OO/ACSJFK,0,Yes
APU_GATE_RT,DTW_AUS_FL,OO,division,3,0.15,Goal,Root/div/dc_carrier/division,APU_GATE_RT/ACS/OO/DTW_AUS_FL,0,Yes
APU_GATE_RT,East,OO,division,3,0.5,Goal,Root/div/dc_carrier/division,APU_GATE_RT/ACS/OO/East,0,Yes
APU_GATE_RT,FieldStations,OO,division,3,0.03,Goal,Root/div/dc_carrier/division,APU_GATE_RT/ACS/OO/FieldStations,0,Yes
APU_GATE_RT,International,OO,division,3,0.75,Goal,Root/div/dc_carrier/division,APU_GATE_RT/ACS/OO/International,0,Yes
APU_GATE_RT,MSP_SEA_SLC,OO,division,3,0.77,Goal,Root/div/dc_carrier/division,APU_GATE_RT/ACS/OO/MSP_SEA_SLC,0,Yes
APU_GATE_RT,West_Central,OO,division,3,0.48,Goal,Root/div/dc_carrier/division,APU_GATE_RT/ACS/OO/West_Central,0,Yes
APU_GATE_RT,AUS_Region,OO,region,3,0.88,Goal,Root/div/dc_carrier/region,APU_GATE_RT/ACS/OO/AUS_Region,0,Yes
APU_GATE_RT,Canada_Region,OO,region,3,0.76,Goal,Root/div/dc_carrier/region,APU_GATE_RT/ACS/OO/Canada_Region,0,Yes
APU_GATE_RT,Central_Region,OO,region,3,0.77,Goal,Root/div/dc_carrier/region,APU_GATE_RT/ACS/OO/Central_Region,0,Yes
APU_GATE_RT,Florida_Region,OO,region,3,0.48,Goal,Root/div/dc_carrier/region,APU_GATE_RT/ACS/OO/Florida_Region,0,Yes
APU_GATE_RT,FS_Central,OO,region,3,0.57,Goal,Root/div/dc_carrier/region,APU_GATE_RT/ACS/OO/FS_Central,0,Yes
APU_GATE_RT,FS_East,OO,region,3,0.33,Goal,Root/div/dc_carrier/region,APU_GATE_RT/ACS/OO/FS_East,0,Yes
APU_GATE_RT,FS_MountainWest,OO,region,3,0.39,Goal,Root/div/dc_carrier/region,APU_GATE_RT/ACS/OO/FS_MountainWest,0,Yes
APU_GATE_RT,FS_South,OO,region,3,0.95,Goal,Root/div/dc_carrier/region,APU_GATE_RT/ACS/OO/FS_South,0,Yes
APU_GATE_RT,FS_West,OO,region,3,0.42,Goal,Root/div/dc_carrier/region,APU_GATE_RT/ACS/OO/FS_West,0,Yes
APU_GATE_RT,GreatLakes_Region,OO,region,3,0.59,Goal,Root/div/dc_carrier/region,APU_GATE_RT/ACS/OO/GreatLakes_Region,0,Yes
APU_GATE_RT,Northeast_Region,OO,region,3,0.01,Goal,Root/div/dc_carrier/region,APU_GATE_RT/ACS/OO/Northeast_Region,0,Yes
APU_GATE_RT,Southeast_Region,OO,region,3,0.04,Goal,Root/div/dc_carrier/region,APU_GATE_RT/ACS/OO/Southeast_Region,0,Yes
APU_GATE_RT,SouthWest_Region,OO,region,3,0.32,Goal,Root/div/dc_carrier/region,APU_GATE_RT/ACS/OO/SouthWest_Region,0,Yes
APU_GATE_RT,West_Region,OO,region,3,0.82,Goal,Root/div/dc_carrier/region,APU_GATE_RT/ACS/OO/West_Region,0,Yes
APU_GATE_RT,ABQ,OO,station,3,0.52,Goal,Root/div/dc_carrier/station,APU_GATE_RT/ACS/OO/ABQ,0,Yes
APU_GATE_RT,ABR,OO,station,3,0.29,Goal,Root/div/dc_carrier/station,APU_GATE_RT/ACS/OO/ABR,0,Yes
APU_GATE_RT,ABY,OO,station,3,0.84,Goal,Root/div/dc_carrier/station,APU_GATE_RT/ACS/OO/ABY,0,Yes
APU_GATE_RT,AEX,OO,station,3,0.57,Goal,Root/div/dc_carrier/station,APU_GATE_RT/ACS/OO/AEX,0,Yes
APU_GATE_RT,AGS,OO,station,3,0.35,Goal,Root/div/dc_carrier/station,APU_GATE_RT/ACS/OO/AGS,0,Yes
APU_GATE_RT,ALB,OO,station,3,0.54,Goal,Root/div/dc_carrier/station,APU_GATE_RT/ACS/OO/ALB,0,Yes
APU_GATE_RT,APN,OO,station,3,0.01,Goal,Root/div/dc_carrier/station,APU_GATE_RT/ACS/OO/APN,0,Yes
APU_GATE_RT,ASE,OO,station,3,0.27,Goal,Root/div/dc_carrier/station,APU_GATE_RT/ACS/OO/ASE,0,Yes
APU_GATE_RT,ATL,OO,station,3,0.24,Goal,Root/div/dc_carrier/station,APU_GATE_RT/ACS/OO/ATL,0,Yes
APU_GATE_RT,ATW,OO,station,3,0.37,Goal,Root/div/dc_carrier/station,APU_GATE_RT/ACS/OO/ATW,0,Yes
APU_GATE_RT,ATY,OO,station,3,0.54,Goal,Root/div/dc_carrier/station,APU_GATE_RT/ACS/OO/ATY,0,Yes
APU_GATE_RT,AUS,OO,station,3,0.74,Goal,Root/div/dc_carrier/station,APU_GATE_RT/ACS/OO/AUS,0,Yes
APU_GATE_RT,AVL,OO,station,3,0.03,Goal,Root/div/dc_carrier/station,APU_GATE_RT/ACS/OO/AVL,0,Yes
APU_GATE_RT,AZO,OO,station,3,0.21,Goal,Root/div/dc_carrier/station,APU_GATE_RT/ACS/OO/AZO,0,Yes
APU_GATE_RT,BDL,OO,station,3,0.75,Goal,Root/div/dc_carrier/station,APU_GATE_RT/ACS/OO/BDL,0,Yes
APU_GATE_RT,BGM,OO,station,3,0.84,Goal,Root/div/dc_carrier/station,APU_GATE_RT/ACS/OO/BGM,0,Yes
APU_GATE_RT,BHM,OO,station,3,0.61,Goal,Root/div/dc_carrier/station,APU_GATE_RT/ACS/OO/BHM,0,Yes
APU_GATE_RT,BIL,OO,station,3,0.51,Goal,Root/div/dc_carrier/station,APU_GATE_RT/ACS/OO/BIL,0,Yes
APU_GATE_RT,BIS,OO,station,3,0.68,Goal,Root/div/dc_carrier/station,APU_GATE_RT/ACS/OO/BIS,0,Yes
APU_GATE_RT,BJI,OO,station,3,0.09,Goal,Root/div/dc_carrier/station,APU_GATE_RT/ACS/OO/BJI,0,Yes
APU_GATE_RT,BMI,OO,station,3,0.94,Goal,Root/div/dc_carrier/station,APU_GATE_RT/ACS/OO/BMI,0,Yes
APU_GATE_RT,BNA,OO,station,3,0.68,Goal,Root/div/dc_carrier/station,APU_GATE_RT/ACS/OO/BNA,0,Yes
APU_GATE_RT,BOI,OO,station,3,0.03,Goal,Root/div/dc_carrier/station,APU_GATE_RT/ACS/OO/BOI,0,Yes
APU_GATE_RT,BRD,OO,station,3,0.28,Goal,Root/div/dc_carrier/station,APU_GATE_RT/ACS/OO/BRD,0,Yes
APU_GATE_RT,BTM,OO,station,3,0.72,Goal,Root/div/dc_carrier/station,APU_GATE_RT/ACS/OO/BTM,0,Yes
APU_GATE_RT,BTR,OO,station,3,0.57,Goal,Root/div/dc_carrier/station,APU_GATE_RT/ACS/OO/BTR,0,Yes
APU_GATE_RT,BTV,OO,station,3,0.1,Goal,Root/div/dc_carrier/station,APU_GATE_RT/ACS/OO/BTV,0,Yes
APU_GATE_RT,BUF,OO,station,3,0.7,Goal,Root/div/dc_carrier/station,APU_GATE_RT/ACS/OO/BUF,0,Yes
APU_GATE_RT,BUR,OO,station,3,0.39,Goal,Root/div/dc_carrier/station,APU_GATE_RT/ACS/OO/BUR,0,Yes
APU_GATE_RT,BWI,OO,station,3,0.48,Goal,Root/div/dc_carrier/station,APU_GATE_RT/ACS/OO/BWI,0,Yes
APU_GATE_RT,BZN,OO,station,3,0.69,Goal,Root/div/dc_carrier/station,APU_GATE_RT/ACS/OO/BZN,0,Yes
APU_GATE_RT,CAE,OO,station,3,0.55,Goal,Root/div/dc_carrier/station,APU_GATE_RT/ACS/OO/CAE,0,Yes
APU_GATE_RT,CDC,OO,station,3,0.63,Goal,Root/div/dc_carrier/station,APU_GATE_RT/ACS/OO/CDC,0,Yes
APU_GATE_RT,CHA,OO,station,3,0.38,Goal,Root/div/dc_carrier/station,APU_GATE_RT/ACS/OO/CHA,0,Yes
APU_GATE_RT,CHS,OO,station,3,0.71,Goal,Root/div/dc_carrier/station,APU_GATE_RT/ACS/OO/CHS,0,Yes
APU_GATE_RT,CID,OO,station,3,0.54,Goal,Root/div/dc_carrier/station,APU_GATE_RT/ACS/OO/CID,0,Yes
APU_GATE_RT,CIU,OO,station,3,0.52,Goal,Root/div/dc_carrier/station,APU_GATE_RT/ACS/OO/CIU,0,Yes
APU_GATE_RT,CLE,OO,station,3,0.26,Goal,Root/div/dc_carrier/station,APU_GATE_RT/ACS/OO/CLE,0,Yes
APU_GATE_RT,CMH,OO,station,3,0.46,Goal,Root/div/dc_carrier/station,APU_GATE_RT/ACS/OO/CMH,0,Yes
APU_GATE_RT,COS,OO,station,3,0.55,Goal,Root/div/dc_carrier/station,APU_GATE_RT/ACS/OO/COS,0,Yes
APU_GATE_RT,CRW,OO,station,3,0.11,Goal,Root/div/dc_carrier/station,APU_GATE_RT/ACS/OO/CRW,0,Yes
APU_GATE_RT,CVG,OO,station,3,0.94,Goal,Root/div/dc_carrier/station,APU_GATE_RT/ACS/OO/CVG,0,Yes
APU_GATE_RT,DEN,OO,station,3,0.7,Goal,Root/div/dc_carrier/station,APU_GATE_RT/ACS/OO/DEN,0,Yes
APU_GATE_RT,DHN,OO,station,3,0.91,Goal,Root/div/dc_carrier/station,APU_GATE_RT/ACS/OO/DHN,0,Yes
APU_GATE_RT,DSM,OO,station,3,0.88,Goal,Root/div/dc_carrier/station,APU_GATE_RT/ACS/OO/DSM,0,Yes
APU_GATE_RT,DTW,OO,station,3,0.48,Goal,Root/div/dc_carrier/station,APU_GATE_RT/ACS/OO/DTW,0,Yes
APU_GATE_RT,ECP,OO,station,3,0.75,Goal,Root/div/dc_carrier/station,APU_GATE_RT/ACS/OO/ECP,0,Yes
APU_GATE_RT,EGE,OO,station,3,0.01,Goal,Root/div/dc_carrier/station,APU_GATE_RT/ACS/OO/EGE,0,Yes
APU_GATE_RT,EKO,OO,station,3,0.65,Goal,Root/div/dc_carrier/station,APU_GATE_RT/ACS/OO/EKO,0,Yes
APU_GATE_RT,ELM,OO,station,3,0.37,Goal,Root/div/dc_carrier/station,APU_GATE_RT/ACS/OO/ELM,0,Yes
APU_GATE_RT,ESC,OO,station,3,0.06,Goal,Root/div/dc_carrier/station,APU_GATE_RT/ACS/OO/ESC,0,Yes
APU_GATE_RT,EUG,OO,station,3,0.65,Goal,Root/div/dc_carrier/station,APU_GATE_RT/ACS/OO/EUG,0,Yes
APU_GATE_RT,EVV,OO,station,3,0.41,Goal,Root/div/dc_carrier/station,APU_GATE_RT/ACS/OO/EVV,0,Yes
APU_GATE_RT,EWR,OO,station,3,0.14,Goal,Root/div/dc_carrier/station,APU_GATE_RT/ACS/OO/EWR,0,Yes
APU_GATE_RT,FAR,OO,station,3,0.02,Goal,Root/div/dc_carrier/station,APU_GATE_RT/ACS/OO/FAR,0,Yes
APU_GATE_RT,FAT,OO,station,3,0.2,Goal,Root/div/dc_carrier/station,APU_GATE_RT/ACS/OO/FAT,0,Yes
APU_GATE_RT,FAY,OO,station,3,0.24,Goal,Root/div/dc_carrier/station,APU_GATE_RT/ACS/OO/FAY,0,Yes
APU_GATE_RT,FCA,OO,station,3,0.09,Goal,Root/div/dc_carrier/station,APU_GATE_RT/ACS/OO/FCA,0,Yes
APU_GATE_RT,FSD,OO,station,3,0.71,Goal,Root/div/dc_carrier/station,APU_GATE_RT/ACS/OO/FSD,0,Yes
APU_GATE_RT,FWA,OO,station,3,0.06,Goal,Root/div/dc_carrier/station,APU_GATE_RT/ACS/OO/FWA,0,Yes
APU_GATE_RT,GEG,OO,station,3,0.01,Goal,Root/div/dc_carrier/station,APU_GATE_RT/ACS/OO/GEG,0,Yes
APU_GATE_RT,GFK,OO,station,3,0.47,Goal,Root/div/dc_carrier/station,APU_GATE_RT/ACS/OO/GFK,0,Yes
APU_GATE_RT,GJT,OO,station,3,0.45,Goal,Root/div/dc_carrier/station,APU_GATE_RT/ACS/OO/GJT,0,Yes
APU_GATE_RT,GNV,OO,station,3,0.92,Goal,Root/div/dc_carrier/station,APU_GATE_RT/ACS/OO/GNV,0,Yes
APU_GATE_RT,GRB,OO,station,3,0.67,Goal,Root/div/dc_carrier/station,APU_GATE_RT/ACS/OO/GRB,0,Yes
APU_GATE_RT,GRR,OO,station,3,0.5,Goal,Root/div/dc_carrier/station,APU_GATE_RT/ACS/OO/GRR,0,Yes
APU_GATE_RT,GSO,OO,station,3,0.81,Goal,Root/div/dc_carrier/station,APU_GATE_RT/ACS/OO/GSO,0,Yes
APU_GATE_RT,GSP,OO,station,3,0.22,Goal,Root/div/dc_carrier/station,APU_GATE_RT/ACS/OO/GSP,0,Yes
APU_GATE_RT,GTF,OO,station,3,0.0,Goal,Root/div/dc_carrier/station,APU_GATE_RT/ACS/OO/GTF,0,Yes
APU_GATE_RT,HIB,OO,station,3,0.25,Goal,Root/div/dc_carrier/station,APU_GATE_RT/ACS/OO/HIB,0,Yes
APU_GATE_RT,HLN,OO,station,3,0.1,Goal,Root/div/dc_carrier/station,APU_GATE_RT/ACS/OO/HLN,0,Yes
APU_GATE_RT,HPN,OO,station,3,0.84,Goal,Root/div/dc_carrier/station,APU_GATE_RT/ACS/OO/HPN,0,Yes
APU_GATE_RT,HRL,OO,station,3,0.39,Goal,Root/div/dc_carrier/station,APU_GATE_RT/ACS/OO/HRL,0,Yes
APU_GATE_RT,HSV,OO,station,3,0.9,Goal,Root/div/dc_carrier/station,APU_GATE_RT/ACS/OO/HSV,0,Yes
APU_GATE_RT,IAD,OO,station,3,0.55,Goal,Root/div/dc_carrier/station,APU_GATE_RT/ACS/OO/IAD,0,Yes
APU_GATE_RT,ICT,OO,station,3,0.32,Goal,Root/div/dc_carrier/station,APU_GATE_RT/ACS/OO/ICT,0,Yes
APU_GATE_RT,IDA,OO,station,3,0.06,Goal,Root/div/dc_carrier/station,APU_GATE_RT/ACS/OO/IDA,0,Yes
APU_GATE_RT,ILM,OO,station,3,0.04,Goal,Root/div/dc_carrier/station,APU_GATE_RT/ACS/OO/ILM,0,Yes
APU_GATE_RT,IMT,OO,station,3,0.09,Goal,Root/div/dc_carrier/station,APU_GATE_RT/ACS/OO/IMT,0,Yes
APU_GATE_RT,IND,OO,station,3,0.85,Goal,Root/div/dc_carrier/station,APU_GATE_RT/ACS/OO/IND,0,Yes
APU_GATE_RT,INL,OO,station,3,0.95,Goal,Root/div/dc_carrier/station,APU_GATE_RT/ACS/OO/INL,0,Yes
APU_GATE_RT,JAC,OO,station,3,0.37,Goal,Root/div/dc_carrier/station,APU_GATE_RT/ACS/OO/JAC,0,Yes
APU_GATE_RT,JAX,OO,station,3,0.74,Goal,Root/div/dc_carrier/station,APU_GATE_RT/ACS/OO/JAX,0,Yes
APU_GATE_RT,JFK,OO,station,3,0.33,Goal,Root/div/dc_carrier/station,APU_GATE_RT/ACS/OO/JFK,0,Yes
APU_GATE_RT,LAN,OO,station,3,0.56,Goal,Root/div/dc_carrier/station,APU_GATE_RT/ACS/OO/LAN,0,Yes
APU_GATE_RT,LAS,OO,station,3,0.75,Goal,Root/div/dc_carrier/station,APU_GATE_RT/ACS/OO/LAS,0,Yes
APU_GATE_RT,LAX,OO,station,3,0.12,Goal,Root/div/dc_carrier/station,APU_GATE_RT/ACS/OO/LAX,0,Yes
APU_GATE_RT,LEX,OO,station,3,0.67,Goal,Root/div/dc_carrier/station,APU_GATE_RT/ACS/OO/LEX,0,Yes
APU_GATE_RT,LFT,OO,station,3,0.35,Goal,Root/div/dc_carrier/station,APU_GATE_RT/ACS/OO/LFT,0,Yes
APU_GATE_RT,LGA,OO,station,3,0.39,Goal,Root/div/dc_carrier/station,APU_GATE_RT/ACS/OO/LGA,0,Yes
APU_GATE_RT,LGB,OO,station,3,0.13,Goal,Root/div/dc_carrier/station,APU_GATE_RT/ACS/OO/LGB,0,Yes
APU_GATE_RT,LIT,OO,station,3,0.51,Goal,Root/div/dc_carrier/station,APU_GATE_RT/ACS/OO/LIT,0,Yes
APU_GATE_RT,LWS,OO,station,3,0.18,Goal,Root/div/dc_carrier/station,APU_GATE_RT/ACS/OO/LWS,0,Yes
APU_GATE_RT,MBS,OO,station,3,0.77,Goal,Root/div/dc_carrier/station,APU_GATE_RT/ACS/OO/MBS,0,Yes
APU_GATE_RT,MCI,OO,station,3,0.66,Goal,Root/div/dc_carrier/station,APU_GATE_RT/ACS/OO/MCI,0,Yes
APU_GATE_RT,MDT,OO,station,3,0.68,Goal,Root/div/dc_carrier/station,APU_GATE_RT/ACS/OO/MDT,0,Yes
APU_GATE_RT,MDW,OO,station,3,0.72,Goal,Root/div/dc_carrier/station,APU_GATE_RT/ACS/OO/MDW,0,Yes
APU_GATE_RT,MEM,OO,station,3,0.1,Goal,Root/div/dc_carrier/station,APU_GATE_RT/ACS/OO/MEM,0,Yes
APU_GATE_RT,MFE,OO,station,3,0.34,Goal,Root/div/dc_carrier/station,APU_GATE_RT/ACS/OO/MFE,0,Yes
APU_GATE_RT,MFR,OO,station,3,0.44,Goal,Root/div/dc_carrier/station,APU_GATE_RT/ACS/OO/MFR,0,Yes
APU_GATE_RT,MGM,OO,station,3,0.18,Goal,Root/div/dc_carrier/station,APU_GATE_RT/ACS/OO/MGM,0,Yes
APU_GATE_RT,MKE,OO,station,3,0.53,Goal,Root/div/dc_carrier/station,APU_GATE_RT/ACS/OO/MKE,0,Yes
APU_GATE_RT,MOB,OO,station,3,0.7,Goal,Root/div/dc_carrier/station,APU_GATE_RT/ACS/OO/MOB,0,Yes
APU_GATE_RT,MOT,OO,station,3,0.21,Goal,Root/div/dc_carrier/station,APU_GATE_RT/ACS/OO/MOT,0,Yes
APU_GATE_RT,MQT,OO,station,3,0.02,Goal,Root/div/dc_carrier/station,APU_GATE_RT/ACS/OO/MQT,0,Yes
APU_GATE_RT,MSN,OO,station,3,0.88,Goal,Root/div/dc_carrier/station,APU_GATE_RT/ACS/OO/MSN,0,Yes
APU_GATE_RT,MSO,OO,station,3,0.24,Goal,Root/div/dc_carrier/station,APU_GATE_RT/ACS/OO/MSO,0,Yes
APU_GATE_RT,MSP,OO,station,3,0.62,Goal,Root/div/dc_carrier/station,APU_GATE_RT/ACS/OO/MSP,0,Yes
APU_GATE_RT,MSY,OO,station,3,0.45,Goal,Root/div/dc_carrier/station,APU_GATE_RT/ACS/OO/MSY,0,Yes
APU_GATE_RT,OAK,OO,station,3,0.12,Goal,Root/div/dc_carrier/station,APU_GATE_RT/ACS/OO/OAK,0,Yes
APU_GATE_RT,OKC,OO,station,3,0.83,Goal,Root/div/dc_carrier/station,APU_GATE_RT/ACS/OO/OKC,0,Yes
APU_GATE_RT,OMA,OO,station,3,0.49,Goal,Root/div/dc_carrier/station,APU_GATE_RT/ACS/OO/OMA,0,Yes
APU_GATE_RT,ONT,OO,station,3,0.32,Goal,Root/div/dc_carrier/station,APU_GATE_RT/ACS/OO/ONT,0,Yes
APU_GATE_RT,ORD,OO,station,3,0.02,Goal,Root/div/dc_carrier/station,APU_GATE_RT/ACS/OO/ORD,0,Yes
APU_GATE_RT,ORF,OO,station,3,0.84,Goal,Root/div/dc_carrier/station,APU_GATE_RT/ACS/OO/ORF,0,Yes
APU_GATE_RT,PDX,OO,station,3,0.42,Goal,Root/div/dc_carrier/station,APU_GATE_RT/ACS/OO/PDX,0,Yes
APU_GATE_RT,PHL,OO,station,3,0.9,Goal,Root/div/dc_carrier/station,APU_GATE_RT/ACS/OO/PHL,0,Yes
APU_GATE_RT,PHX,OO,station,3,0.56,Goal,Root/div/dc_carrier/station,APU_GATE_RT/ACS/OO/PHX,0,Yes
APU_GATE_RT,PIH,OO,station,3,0.29,Goal,Root/div/dc_carrier/station,APU_GATE_RT/ACS/OO/PIH,0,Yes
APU_GATE_RT,PIT,OO,station,3,0.53,Goal,Root/div/dc_carrier/station,APU_GATE_RT/ACS/OO/PIT,0,Yes
APU_GATE_RT,PLN,OO,station,3,0.66,Goal,Root/div/dc_carrier/station,APU_GATE_RT/ACS/OO/PLN,0,Yes
APU_GATE_RT,PSC,OO,station,3,0.54,Goal,Root/div/dc_carrier/station,APU_GATE_RT/ACS/OO/PSC,0,Yes
APU_GATE_RT,PSP,OO,station,3,0.53,Goal,Root/div/dc_carrier/station,APU_GATE_RT/ACS/OO/PSP,0,Yes
APU_GATE_RT,PVD,OO,station,3,0.9,Goal,Root/div/dc_carrier/station,APU_GATE_RT/ACS/OO/PVD,0,Yes
APU_GATE_RT,PWM,OO,station,3,0.6,Goal,Root/div/dc_carrier/station,APU_GATE_RT/ACS/OO/PWM,0,Yes
APU_GATE_RT,RAP,OO,station,3,0.04,Goal,Root/div/dc_carrier/station,APU_GATE_RT/ACS/OO/RAP,0,Yes
APU_GATE_RT,RDM,OO,station,3,0.45,Goal,Root/div/dc_carrier/station,APU_GATE_RT/ACS/OO/RDM,0,Yes
APU_GATE_RT,RDU,OO,station,3,0.65,Goal,Root/div/dc_carrier/station,APU_GATE_RT/ACS/OO/RDU,0,Yes
APU_GATE_RT,RHI,OO,station,3,0.68,Goal,Root/div/dc_carrier/station,APU_GATE_RT/ACS/OO/RHI,0,Yes
APU_GATE_RT,RIC,OO,station,3,0.59,Goal,Root/div/dc_carrier/station,APU_GATE_RT/ACS/OO/RIC,0,Yes
APU_GATE_RT,RNO,OO,station,3,0.76,Goal,Root/div/dc_carrier/station,APU_GATE_RT/ACS/OO/RNO,0,Yes
APU_GATE_RT,ROC,OO,station,3,0.68,Goal,Root/div/dc_carrier/station,APU_GATE_RT/ACS/OO/ROC,0,Yes
APU_GATE_RT,RST,OO,station,3,0.87,Goal,Root/div/dc_carrier/station,APU_GATE_RT/ACS/OO/RST,0,Yes
APU_GATE_RT,SAN,OO,station,3,0.89,Goal,Root/div/dc_carrier/station,APU_GATE_RT/ACS/OO/SAN,0,Yes
APU_GATE_RT,SAT,OO,station,3,0.73,Goal,Root/div/dc_carrier/station,APU_GATE_RT/ACS/OO/SAT,0,Yes
APU_GATE_RT,SAV,OO,station,3,0.23,Goal,Root/div/dc_carrier/station,APU_GATE_RT/ACS/OO/SAV,0,Yes
APU_GATE_RT,SBA,OO,station,3,0.83,Goal,Root/div/dc_carrier/station,APU_GATE_RT/ACS/OO/SBA,0,Yes
APU_GATE_RT,SBN,OO,station,3,0.87,Goal,Root/div/dc_carrier/station,APU_GATE_RT/ACS/OO/SBN,0,Yes
APU_GATE_RT,SDF,OO,station,3,0.29,Goal,Root/div/dc_carrier/station,APU_GATE_RT/ACS/OO/SDF,0,Yes
APU_GATE_RT,SEA,OO,station,3,0.89,Goal,Root/div/dc_carrier/station,APU_GATE_RT/ACS/OO/SEA,0,Yes
APU_GATE_RT,SFO,OO,station,3,0.5,Goal,Root/div/dc_carrier/station,APU_GATE_RT/ACS/OO/SFO,0,Yes
APU_GATE_RT,SGF,OO,station,3,0.26,Goal,Root/div/dc_carrier/station,APU_GATE_RT/ACS/OO/SGF,0,Yes
APU_GATE_RT,SGU,OO,station,3,0.76,Goal,Root/div/dc_carrier/station,APU_GATE_RT/ACS/OO/SGU,0,Yes
APU_GATE_RT,SHV,OO,station,3,0.0,Goal,Root/div/dc_carrier/station,APU_GATE_RT/ACS/OO/SHV,0,Yes
APU_GATE_RT,SJC,OO,station,3,0.8,Goal,Root/div/dc_carrier/station,APU_GATE_RT/ACS/OO/SJC,0,Yes
APU_GATE_RT,SLC,OO,station,3,0.6,Goal,Root/div/dc_carrier/station,APU_GATE_RT/ACS/OO/SLC,0,Yes
APU_GATE_RT,SMF,OO,station,3,0.46,Goal,Root/div/dc_carrier/station,APU_GATE_RT/ACS/OO/SMF,0,Yes
APU_GATE_RT,SNA,OO,station,3,0.15,Goal,Root/div/dc_carrier/station,APU_GATE_RT/ACS/OO/SNA,0,Yes
APU_GATE_RT,STL,OO,station,3,0.72,Goal,Root/div/dc_carrier/station,APU_GATE_RT/ACS/OO/STL,0,Yes
APU_GATE_RT,SUN,OO,station,3,0.77,Goal,Root/div/dc_carrier/station,APU_GATE_RT/ACS/OO/SUN,0,Yes
APU_GATE_RT,SYR,OO,station,3,0.08,Goal,Root/div/dc_carrier/station,APU_GATE_RT/ACS/OO/SYR,0,Yes
APU_GATE_RT,TLH,OO,station,3,0.5,Goal,Root/div/dc_carrier/station,APU_GATE_RT/ACS/OO/TLH,0,Yes
APU_GATE_RT,TRI,OO,station,3,0.07,Goal,Root/div/dc_carrier/station,APU_GATE_RT/ACS/OO/TRI,0,Yes
APU_GATE_RT,TUL,OO,station,3,0.28,Goal,Root/div/dc_carrier/station,APU_GATE_RT/ACS/OO/TUL,0,Yes
APU_GATE_RT,TUS,OO,station,3,0.41,Goal,Root/div/dc_carrier/station,APU_GATE_RT/ACS/OO/TUS,0,Yes
APU_GATE_RT,TVC,OO,station,3,0.91,Goal,Root/div/dc_carrier/station,APU_GATE_RT/ACS/OO/TVC,0,Yes
APU_GATE_RT,TWF,OO,station,3,0.11,Goal,Root/div/dc_carrier/station,APU_GATE_RT/ACS/OO/TWF,0,Yes
APU_GATE_RT,WYS,OO,station,3,0.05,Goal,Root/div/dc_carrier/station,APU_GATE_RT/ACS/OO/WYS,0,Yes
APU_GATE_RT,XNA,OO,station,3,0.65,Goal,Root/div/dc_carrier/station,APU_GATE_RT/ACS/OO/XNA,0,Yes
APU_GATE_RT,XWA,OO,station,3,0.88,Goal,Root/div/dc_carrier/station,APU_GATE_RT/ACS/OO/XWA,0,Yes
APU_GATE_RT,YUL,OO,station,3,0.26,Goal,Root/div/dc_carrier/station,APU_GATE_RT/ACS/OO/YUL,0,Yes
APU_GATE_RT,YVR,OO,station,3,0.04,Goal,Root/div/dc_carrier/station,APU_GATE_RT/ACS/OO/YVR,0,Yes
APU_GATE_RT,YWG,OO,station,3,0.55,Goal,Root/div/dc_carrier/station,APU_GATE_RT/ACS/OO/YWG,0,Yes
APU_GATE_RT,YYC,OO,station,3,0.16,Goal,Root/div/dc_carrier/station,APU_GATE_RT/ACS/OO/YYC,0,Yes
APU_GATE_RT,YYZ,OO,station,3,0.44,Goal,Root/div/dc_carrier/station,APU_GATE_RT/ACS/OO/YYZ,0,Yes
APU_GATE_RT,ATL_VP,OO,vp,3,0.02,Goal,Root/div/dc_carrier/vp,APU_GATE_RT/ACS/OO/ATL_VP,0,Yes
APU_GATE_RT,AUS_FL_VP,OO,vp,3,0.11,Goal,Root/div/dc_carrier/vp,APU_GATE_RT/ACS/OO/AUS_FL_VP,0,Yes
APU_GATE_RT,DTW_VP,OO,vp,3,0.19,Goal,Root/div/dc_carrier/vp,APU_GATE_RT/ACS/OO/DTW_VP,0,Yes
APU_GATE_RT,East_VP,OO,vp,3,0.77,Goal,Root/div/dc_carrier/vp,APU_GATE_RT/ACS/OO/East_VP,0,Yes
APU_GATE_RT,FieldStations_VP,OO,vp,3,0.18,Goal,Root/div/dc_carrier/vp,APU_GATE_RT/ACS/OO/FieldStations_VP,0,Yes
APU_GATE_RT,JFK_VP,OO,vp,3,0.29,Goal,Root/div/dc_carrier/vp,APU_GATE_RT/ACS/OO/JFK_VP,0,Yes
APU_GATE_RT,LACC_VP,OO,vp,3,0.26,Goal,Root/div/dc_carrier/vp,APU_GATE_RT/ACS/OO/LACC_VP,0,Yes
APU_GATE_RT,LAX_VP,OO,vp,3,0.24,Goal,Root/div/dc_carrier/vp,APU_GATE_RT/ACS/OO/LAX_VP,0,Yes
APU_GATE_RT,LGA_VP,OO,vp,3,0.54,Goal,Root/div/dc_carrier/vp,APU_GATE_RT/ACS/OO/LGA_VP,0,Yes
APU_GATE_RT,MSP_VP,OO,vp,3,0.34,Goal,Root/div/dc_carrier/vp,APU_GATE_RT/ACS/OO/MSP_VP,0,Yes
APU_GATE_RT,SEA_VP,OO,vp,3,0.78,Goal,Root/div/dc_carrier/vp,APU_GATE_RT/ACS/OO/SEA_VP,0,Yes
APU_GATE_RT,SLC_VP,OO,vp,3,0.15,Goal,Root/div/dc_carrier/vp,APU_GATE_RT/ACS/OO/SLC_VP,0,Yes
APU_GATE_RT,West_Central_VP,OO,vp,3,0.4,Goal,Root/div/dc_carrier/vp,APU_GATE_RT/ACS/OO/West_Central_VP,0,Yes
APU_GATE_RT,YX,ACS,dc_carrier,2,0.12,Goal,Root/div/dc_carrier,APU_GATE_RT/ACS/YX,86,No
APU_GATE_RT,Central_Director,YX,director,3,1.35,Goal,Root/div/dc_carrier/director,APU_GATE_RT/ACS/YX/Central_Director,0,Yes
APU_GATE_RT,East_Director,YX,director,3,1.34,Goal,Root/div/dc_carrier/director,APU_GATE_RT/ACS/YX/East_Director,0,Yes
APU_GATE_RT,FieldStations_Director,YX,director,3,1.63,Goal,Root/div/dc_carrier/director,APU_GATE_RT/ACS/YX/FieldStations_Director,0,Yes
APU_GATE_RT,Florida_Director,YX,director,3,0.42,Goal,Root/div/dc_carrier/director,APU_GATE_RT/ACS/YX/Florida_Director,0,Yes
APU_GATE_RT,Hub_ATL,YX,director,3,1.89,Goal,Root/div/dc_carrier/director,APU_GATE_RT/ACS/YX/Hub_ATL,0,Yes
APU_GATE_RT,Hub_BOS,YX,director,3,1.55,Goal,Root/div/dc_carrier/director,APU_GATE_RT/ACS/YX/Hub_BOS,0,Yes
APU_GATE_RT,Hub_DTW,YX,director,3,1.3,Goal,Root/div/dc_carrier/director,APU_GATE_RT/ACS/YX/Hub_DTW,0,Yes
APU_GATE_RT,Hub_JFK,YX,director,3,1.44,Goal,Root/div/dc_carrier/director,APU_GATE_RT/ACS/YX/Hub_JFK,0,Yes
APU_GATE_RT,Hub_LGA,YX,director,3,0.68,Goal,Root/div/dc_carrier/director,APU_GATE_RT/ACS/YX/Hub_LGA,0,Yes
APU_GATE_RT,ACSATL,YX,division,3,1.65,Goal,Root/div/dc_carrier/division,APU_GATE_RT/ACS/YX/ACSATL,0,Yes
APU_GATE_RT,ACSJFK,YX,division,3,0.48,Goal,Root/div/dc_carrier/division,APU_GATE_RT/ACS/YX/ACSJFK,0,Yes
APU_GATE_RT,DTW_AUS_FL,YX,division,3,1.87,Goal,Root/div/dc_carrier/division,APU_GATE_RT/ACS/YX/DTW_AUS_FL,0,Yes
APU_GATE_RT,East,YX,division,3,0.64,Goal,Root/div/dc_carrier/division,APU_GATE_RT/ACS/YX/East,0,Yes
APU_GATE_RT,FieldStations,YX,division,3,1.41,Goal,Root/div/dc_carrier/division,APU_GATE_RT/ACS/YX/FieldStations,0,Yes
APU_GATE_RT,West_Central,YX,division,3,2.04,Goal,Root/div/dc_carrier/division,APU_GATE_RT/ACS/YX/West_Central,0,Yes
APU_GATE_RT,Central_Region,YX,region,3,0.39,Goal,Root/div/dc_carrier/region,APU_GATE_RT/ACS/YX/Central_Region,0,Yes
APU_GATE_RT,Florida_Region,YX,region,3,1.3,Goal,Root/div/dc_carrier/region,APU_GATE_RT/ACS/YX/Florida_Region,0,Yes
APU_GATE_RT,FS_East,YX,region,3,0.04,Goal,Root/div/dc_carrier/region,APU_GATE_RT/ACS/YX/FS_East,0,Yes
APU_GATE_RT,FS_MountainWest,YX,region,3,0.26,Goal,Root/div/dc_carrier/region,APU_GATE_RT/ACS/YX/FS_MountainWest,0,Yes
APU_GATE_RT,FS_South,YX,region,3,2.31,Goal,Root/div/dc_carrier/region,APU_GATE_RT/ACS/YX/FS_South,0,Yes
APU_GATE_RT,GreatLakes_Region,YX,region,3,0.52,Goal,Root/div/dc_carrier/region,APU_GATE_RT/ACS/YX/GreatLakes_Region,0,Yes
APU_GATE_RT,MCO_Region,YX,region,3,0.12,Goal,Root/div/dc_carrier/region,APU_GATE_RT/ACS/YX/MCO_Region,0,Yes
APU_GATE_RT,MIA_Region,YX,region,3,0.36,Goal,Root/div/dc_carrier/region,APU_GATE_RT/ACS/YX/MIA_Region,0,Yes
APU_GATE_RT,Northeast_Region,YX,region,3,0.29,Goal,Root/div/dc_carrier/region,APU_GATE_RT/ACS/YX/Northeast_Region,0,Yes
APU_GATE_RT,Southeast_Region,YX,region,3,0.3,Goal,Root/div/dc_carrier/region,APU_GATE_RT/ACS/YX/Southeast_Region,0,Yes
APU_GATE_RT,ACK,YX,station,3,2.36,Goal,Root/div/dc_carrier/station,APU_GATE_RT/ACS/YX/ACK,0,Yes
APU_GATE_RT,AGS,YX,station,3,1.93,Goal,Root/div/dc_carrier/station,APU_GATE_RT/ACS/YX/AGS,0,Yes
APU_GATE_RT,ATL,YX,station,3,0.29,Goal,Root/div/dc_carrier/station,APU_GATE_RT/ACS/YX/ATL,0,Yes
APU_GATE_RT,AVL,YX,station,3,0.62,Goal,Root/div/dc_carrier/station,APU_GATE_RT/ACS/YX/AVL,0,Yes
APU_GATE_RT,BNA,YX,station,3,2.1,Goal,Root/div/dc_carrier/station,APU_GATE_RT/ACS/YX/BNA,0,Yes
APU_GATE_RT,BOS,YX,station,3,1.61,Goal,Root/div/dc_carrier/station,APU_GATE_RT/ACS/YX/BOS,0,Yes
APU_GATE_RT,BTV,YX,station,3,0.75,Goal,Root/div/dc_carrier/station,APU_GATE_RT/ACS/YX/BTV,0,Yes
APU_GATE_RT,BUF,YX,station,3,1.91,Goal,Root/div/dc_carrier/station,APU_GATE_RT/ACS/YX/BUF,0,Yes
APU_GATE_RT,BWI,YX,station,3,2.54,Goal,Root/div/dc_carrier/station,APU_GATE_RT/ACS/YX/BWI,0,Yes
APU_GATE_RT,CHS,YX,station,3,1.08,Goal,Root/div/dc_carrier/station,APU_GATE_RT/ACS/YX/CHS,0,Yes
APU_GATE_RT,CLE,YX,station,3,0.5,Goal,Root/div/dc_carrier/station,APU_GATE_RT/ACS/YX/CLE,0,Yes
APU_GATE_RT,CLT,YX,station,3,2.31,Goal,Root/div/dc_carrier/station,APU_GATE_RT/ACS/YX/CLT,0,Yes
APU_GATE_RT,CMH,YX,station,3,1.1,Goal,Root/div/dc_carrier/station,APU_GATE_RT/ACS/YX/CMH,0,Yes
APU_GATE_RT,CVG,YX,station,3,1.75,Goal,Root/div/dc_carrier/station,APU_GATE_RT/ACS/YX/CVG,0,Yes
APU_GATE_RT,DCA,YX,station,3,0.25,Goal,Root/div/dc_carrier/station,APU_GATE_RT/ACS/YX/DCA,0,Yes
APU_GATE_RT,DTW,YX,station,3,1.6,Goal,Root/div/dc_carrier/station,APU_GATE_RT/ACS/YX/DTW,0,Yes
APU_GATE_RT,EWR,YX,station,3,2.52,Goal,Root/div/dc_carrier/station,APU_GATE_RT/ACS/YX/EWR,0,Yes
APU_GATE_RT,EYW,YX,station,3,1.17,Goal,Root/div/dc_carrier/station,APU_GATE_RT/ACS/YX/EYW,0,Yes
APU_GATE_RT,GRR,YX,station,3,0.94,Goal,Root/div/dc_carrier/station,APU_GATE_RT/ACS/YX/GRR,0,Yes
APU_GATE_RT,GSO,YX,station,3,1.5,Goal,Root/div/dc_carrier/station,APU_GATE_RT/ACS/YX/GSO,0,Yes
APU_GATE_RT,HHH,YX,station,3,0.96,Goal,Root/div/dc_carrier/station,APU_GATE_RT/ACS/YX/HHH,0,Yes
APU_GATE_RT,ILM,YX,station,3,0.15,Goal,Root/div/dc_carrier/station,APU_GATE_RT/ACS/YX/ILM,0,Yes
APU_GATE_RT,IND,YX,station,3,0.01,Goal,Root/div/dc_carrier/station,APU_GATE_RT/ACS/YX/IND,0,Yes
APU_GATE_RT,JAX,YX,station,3,0.1,Goal,Root/div/dc_carrier/station,APU_GATE_RT/ACS/YX/JAX,0,Yes
APU_GATE_RT,JFK,YX,station,3,0.57,Goal,Root/div/dc_carrier/station,APU_GATE_RT/ACS/YX/JFK,0,Yes
APU_GATE_RT,LEX,YX,station,3,0.72,Goal,Root/div/dc_carrier/station,APU_GATE_RT/ACS/YX/LEX,0,Yes
APU_GATE_RT,LGA,YX,station,3,1.08,Goal,Root/div/dc_carrier/station,APU_GATE_RT/ACS/YX/LGA,0,Yes
APU_GATE_RT,MCI,YX,station,3,1.94,Goal,Root/div/dc_carrier/station,APU_GATE_RT/ACS/YX/MCI,0,Yes
APU_GATE_RT,MCO,YX,station,3,0.11,Goal,Root/div/dc_carrier/station,APU_GATE_RT/ACS/YX/MCO,0,Yes
APU_GATE_RT,MEM,YX,station,3,0.63,Goal,Root/div/dc_carrier/station,APU_GATE_RT/ACS/YX/MEM,0,Yes
APU_GATE_RT,MIA,YX,station,3,1.96,Goal,Root/div/dc_carrier/station,APU_GATE_RT/ACS/YX/MIA,0,Yes
APU_GATE_RT,MKE,YX,station,3,0.64,Goal,Root/div/dc_carrier/station,APU_GATE_RT/ACS/YX/MKE,0,Yes
APU_GATE_RT,MSN,YX,station,3,2.51,Goal,Root/div/dc_carrier/station,APU_GATE_RT/ACS/YX/MSN,0,Yes
APU_GATE_RT,MVY,YX,station,3,0.74,Goal,Root/div/dc_carrier/station,APU_GATE_RT/ACS/YX/MVY,0,Yes
APU_GATE_RT,MYR,YX,station,3,0.14,Goal,Root/div/dc_carrier/station,APU_GATE_RT/ACS/YX/MYR,0,Yes
APU_GATE_RT,OMA,YX,station,3,1.98,Goal,Root/div/dc_carrier/station,APU_GATE_RT/ACS/YX/OMA,0,Yes
APU_GATE_RT,ORD,YX,station,3,1.36,Goal,Root/div/dc_carrier/station,APU_GATE_RT/ACS/YX/ORD,0,Yes
APU_GATE_RT,ORF,YX,station,3,1.48,Goal,Root/div/dc_carrier/station,APU_GATE_RT/ACS/YX/ORF,0,Yes
APU_GATE_RT,PHL,YX,station,3,0.49,Goal,Root/div/dc_carrier/station,APU_GATE_RT/ACS/YX/PHL,0,Yes
APU_GATE_RT,PIT,YX,station,3,1.6,Goal,Root/div/dc_carrier/station,APU_GATE_RT/ACS/YX/PIT,0,Yes
APU_GATE_RT,PNS,YX,station,3,1.27,Goal,Root/div/dc_carrier/station,APU_GATE_RT/ACS/YX/PNS,0,Yes
APU_GATE_RT,PWM,YX,station,3,0.78,Goal,Root/div/dc_carrier/station,APU_GATE_RT/ACS/YX/PWM,0,Yes
APU_GATE_RT,RDU,YX,station,3,1.25,Goal,Root/div/dc_carrier/station,APU_GATE_RT/ACS/YX/RDU,0,Yes
APU_GATE_RT,RIC,YX,station,3,1.89,Goal,Root/div/dc_carrier/station,APU_GATE_RT/ACS/YX/RIC,0,Yes
APU_GATE_RT,ROC,YX,station,3,1.6,Goal,Root/div/dc_carrier/station,APU_GATE_RT/ACS/YX/ROC,0,Yes
APU_GATE_RT,SAV,YX,station,3,1.65,Goal,Root/div/dc_carrier/station,APU_GATE_RT/ACS/YX/SAV,0,Yes
APU_GATE_RT,SBN,YX,station,3,0.55,Goal,Root/div/dc_carrier/station,APU_GATE_RT/ACS/YX/SBN,0,Yes
APU_GATE_RT,SDF,YX,station,3,0.6,Goal,Root/div/dc_carrier/station,APU_GATE_RT/ACS/YX/SDF,0,Yes
APU_GATE_RT,SRQ,YX,station,3,1.7,Goal,Root/div/dc_carrier/station,APU_GATE_RT/ACS/YX/SRQ,0,Yes
APU_GATE_RT,STL,YX,station,3,1.68,Goal,Root/div/dc_carrier/station,APU_GATE_RT/ACS/YX/STL,0,Yes
APU_GATE_RT,SYR,YX,station,3,0.53,Goal,Root/div/dc_carrier/station,APU_GATE_RT/ACS/YX/SYR,0,Yes
APU_GATE_RT,TVC,YX,station,3,1.28,Goal,Root/div/dc_carrier/station,APU_GATE_RT/ACS/YX/TVC,0,Yes
APU_GATE_RT,ATL_VP,YX,vp,3,0.96,Goal,Root/div/dc_carrier/vp,APU_GATE_RT/ACS/YX/ATL_VP,0,Yes
APU_GATE_RT,AUS_FL_VP,YX,vp,3,0.37,Goal,Root/div/dc_carrier/vp,APU_GATE_RT/ACS/YX/AUS_FL_VP,0,Yes
APU_GATE_RT,BOS_VP,YX,vp,3,2.43,Goal,Root/div/dc_carrier/vp,APU_GATE_RT/ACS/YX/BOS_VP,0,Yes
APU_GATE_RT,DTW_VP,YX,vp,3,1.05,Goal,Root/div/dc_carrier/vp,APU_GATE_RT/ACS/YX/DTW_VP,0,Yes
APU_GATE_RT,East_VP,YX,vp,3,1.36,Goal,Root/div/dc_carrier/vp,APU_GATE_RT/ACS/YX/East_VP,0,Yes
APU_GATE_RT,FieldStations_VP,YX,vp,3,2.33,Goal,Root/div/dc_carrier/vp,APU_GATE_RT/ACS/YX/FieldStations_VP,0,Yes
APU_GATE_RT,JFK_VP,YX,vp,3,0.26,Goal,Root/div/dc_carrier/vp,APU_GATE_RT/ACS/YX/JFK_VP,0,Yes
APU_GATE_RT,LGA_VP,YX,vp,3,2.49,Goal,Root/div/dc_carrier/vp,APU_GATE_RT/ACS/YX/LGA_VP,0,Yes
APU_GATE_RT,West_Central_VP,YX,vp,3,0.39,Goal,Root/div/dc_carrier/vp,APU_GATE_RT/ACS/YX/West_Central_VP,0,Yes
APU_GATE_RT,AMS_Director,ACS,director,2,0.46,Goal,Root/div/director,APU_GATE_RT/ACS/AMS_Director,0,Yes
APU_GATE_RT,APAC_Director,ACS,director,2,0.23,Goal,Root/div/director,APU_GATE_RT/ACS/APAC_Director,0,Yes
APU_GATE_RT,AUS_Director,ACS,director,2,0.35,Goal,Root/div/director,APU_GATE_RT/ACS/AUS_Director,0,Yes
APU_GATE_RT,CANMEX_Director,ACS,director,2,0.5,Goal,Root/div/director,APU_GATE_RT/ACS/CANMEX_Director,0,Yes
APU_GATE_RT,Caribbean_Director,ACS,director,2,0.35,Goal,Root/div/director,APU_GATE_RT/ACS/Caribbean_Director,0,Yes
APU_GATE_RT,CASA_Director,ACS,director,2,0.02,Goal,Root/div/director,APU_GATE_RT/ACS/CASA_Director,0,Yes
APU_GATE_RT,CDG_Director,ACS,director,2,0.52,Goal,Root/div/director,APU_GATE_RT/ACS/CDG_Director,0,Yes
APU_GATE_RT,Central_Director,ACS,director,2,0.34,Goal,Root/div/director,APU_GATE_RT/ACS/Central_Director,0,Yes
APU_GATE_RT,East_Director,ACS,director,2,0.4,Goal,Root/div/director,APU_GATE_RT/ACS/East_Director,0,Yes
APU_GATE_RT,EMEA-A,ACS,director,2,0.28,Goal,Root/div/director,APU_GATE_RT/ACS/EMEA-A,0,Yes
APU_GATE_RT,EMEA-B,ACS,director,2,0.46,Goal,Root/div/director,APU_GATE_RT/ACS/EMEA-B,0,Yes
APU_GATE_RT,FieldStations_Director,ACS,director,2,0.17,Goal,Root/div/director,APU_GATE_RT/ACS/FieldStations_Director,0,Yes
APU_GATE_RT,Florida_Director,ACS,director,2,0.15,Goal,Root/div/director,APU_GATE_RT/ACS/Florida_Director,0,Yes
APU_GATE_RT,Hub_ATL,ACS,director,2,0.44,Goal,Root/div/director,APU_GATE_RT/ACS/Hub_ATL,0,Yes
APU_GATE_RT,Hub_BOS,ACS,director,2,0.35,Goal,Root/div/director,APU_GATE_RT/ACS/Hub_BOS,0,Yes
APU_GATE_RT,Hub_DTW,ACS,director,2,0.16,Goal,Root/div/director,APU_GATE_RT/ACS/Hub_DTW,0,Yes
APU_GATE_RT,Hub_JFK,ACS,director,2,0.03,Goal,Root/div/director,APU_GATE_RT/ACS/Hub_JFK,0,Yes
APU_GATE_RT,Hub_LAX,ACS,director,2,0.29,Goal,Root/div/director,APU_GATE_RT/ACS/Hub_LAX,0,Yes
APU_GATE_RT,Hub_LGA,ACS,director,2,0.06,Goal,Root/div/director,APU_GATE_RT/ACS/Hub_LGA,0,Yes
APU_GATE_RT,Hub_MSP,ACS,director,2,0.05,Goal,Root/div/director,APU_GATE_RT/ACS/Hub_MSP,0,Yes
APU_GATE_RT,Hub_SEA,ACS,director,2,0.34,Goal,Root/div/director,APU_GATE_RT/ACS/Hub_SEA,0,Yes
APU_GATE_RT,Hub_SLC,ACS,director,2,0.23,Goal,Root/div/director,APU_GATE_RT/ACS/Hub_SLC,0,Yes
APU_GATE_RT,West_Director,ACS,director,2,0.35,Goal,Root/div/director,APU_GATE_RT/ACS/West_Director,0,Yes
APU_GATE_RT,ACSATL,ACS,division,2,0.06,Goal,Root/div/division,APU_GATE_RT/ACS/ACSATL,0,Yes
APU_GATE_RT,ACSJFK,ACS,division,2,0.42,Goal,Root/div/division,APU_GATE_RT/ACS/ACSJFK,0,Yes
APU_GATE_RT,DTW_AUS_FL,ACS,division,2,0.23,Goal,Root/div/division,APU_GATE_RT/ACS/DTW_AUS_FL,0,Yes
APU_GATE_RT,East,ACS,division,2,0.33,Goal,Root/div/division,APU_GATE_RT/ACS/East,0,Yes
APU_GATE_RT,FieldStations,ACS,division,2,0.19,Goal,Root/div/division,APU_GATE_RT/ACS/FieldStations,0,Yes
APU_GATE_RT,International,ACS,division,2,0.36,Goal,Root/div/division,APU_GATE_RT/ACS/International,0,Yes
APU_GATE_RT,MSP_SEA_SLC,ACS,division,2,0.32,Goal,Root/div/division,APU_GATE_RT/ACS/MSP_SEA_SLC,0,Yes
APU_GATE_RT,West_Central,ACS,division,2,0.1,Goal,Root/div/division,APU_GATE_RT/ACS/West_Central,0,Yes
APU_GATE_RT,AMS_Region,ACS,region,2,0.15,Goal,Root/div/region,APU_GATE_RT/ACS/AMS_Region,0,Yes
APU_GATE_RT,AUS_Region,ACS,region,2,0.04,Goal,Root/div/region,APU_GATE_RT/ACS/AUS_Region,0,Yes
APU_GATE_RT,Canada_Region,ACS,region,2,0.15,Goal,Root/div/region,APU_GATE_RT/ACS/Canada_Region,0,Yes
APU_GATE_RT,Caribbean_Region,ACS,region,2,0.09,Goal,Root/div/region,APU_GATE_RT/ACS/Caribbean_Region,0,Yes
APU_GATE_RT,CDG_Region,ACS,region,2,0.18,Goal,Root/div/region,APU_GATE_RT/ACS/CDG_Region,0,Yes
APU_GATE_RT,CentralAmerica_Region,ACS,region,2,0.4,Goal,Root/div/region,APU_GATE_RT/ACS/CentralAmerica_Region,0,Yes
APU_GATE_RT,Central_Region,ACS,region,2,0.49,Goal,Root/div/region,APU_GATE_RT/ACS/Central_Region,0,Yes
APU_GATE_RT,EastAsia_Region,ACS,region,2,0.24,Goal,Root/div/region,APU_GATE_RT/ACS/EastAsia_Region,0,Yes
APU_GATE_RT,Florida_Region,ACS,region,2,0.03,Goal,Root/div/region,APU_GATE_RT/ACS/Florida_Region,0,Yes
APU_GATE_RT,FS_Central,ACS,region,2,0.43,Goal,Root/div/region,APU_GATE_RT/ACS/FS_Central,0,Yes
APU_GATE_RT,FS_East,ACS,region,2,0.18,Goal,Root/div/region,APU_GATE_RT/ACS/FS_East,0,Yes
APU_GATE_RT,FS_MountainWest,ACS,region,2,0.01,Goal,Root/div/region,APU_GATE_RT/ACS/FS_MountainWest,0,Yes
APU_GATE_RT,FS_South,ACS,region,2,0.11,Goal,Root/div/region,APU_GATE_RT/ACS/FS_South,0,Yes
APU_GATE_RT,FS_West,ACS,region,2,0.04,Goal,Root/div/region,APU_GATE_RT/ACS/FS_West,0,Yes
APU_GATE_RT,GreatLakes_Region,ACS,region,2,0.36,Goal,Root/div/region,APU_GATE_RT/ACS/GreatLakes_Region,0,Yes
APU_GATE_RT,MCO_Region,ACS,region,2,0.08,Goal,Root/div/region,APU_GATE_RT/ACS/MCO_Region,0,Yes
APU_GATE_RT,Mexico_Region,ACS,region,2,0.36,Goal,Root/div/region,APU_GATE_RT/ACS/Mexico_Region,0,Yes
APU_GATE_RT,MIA_Region,ACS,region,2,0.19,Goal,Root/div/region,APU_GATE_RT/ACS/MIA_Region,0,Yes
APU_GATE_RT,Northeast_Region,ACS,region,2,0.32,Goal,Root/div/region,APU_GATE_RT/ACS/Northeast_Region,0,Yes
APU_GATE_RT,SouthAmerica_Region,ACS,region,2,0.31,Goal,Root/div/region,APU_GATE_RT/ACS/SouthAmerica_Region,0,Yes
APU_GATE_RT,Southeast_Region,ACS,region,2,0.12,Goal,Root/div/region,APU_GATE_RT/ACS/Southeast_Region,0,Yes
APU_GATE_RT,SouthPacific_Region,ACS,region,2,0.12,Goal,Root/div/region,APU_GATE_RT/ACS/SouthPacific_Region,0,Yes
APU_GATE_RT,SouthWest_Region,ACS,region,2,0.43,Goal,Root/div/region,APU_GATE_RT/ACS/SouthWest_Region,0,Yes
APU_GATE_RT,West_Region,ACS,region,2,0.32,Goal,Root/div/region,APU_GATE_RT/ACS/West_Region,0,Yes
APU_GATE_RT,ABE,ACS,station,2,0.26,Goal,Root/div/station,APU_GATE_RT/ACS/ABE,0,Yes
APU_GATE_RT,ABQ,ACS,station,2,0.4,Goal,Root/div/station,APU_GATE_RT/ACS/ABQ,0,Yes
APU_GATE_RT,ABR,ACS,station,2,0.08,Goal,Root/div/station,APU_GATE_RT/ACS/ABR,0,Yes
APU_GATE_RT,ABY,ACS,station,2,0.22,Goal,Root/div/station,APU_GATE_RT/ACS/ABY,0,Yes
APU_GATE_RT,ACC,ACS,station,2,0.04,Goal,Root/div/station,APU_GATE_RT/ACS/ACC,0,Yes
APU_GATE_RT,ACK,ACS,station,2,0.09,Goal,Root/div/station,APU_GATE_RT/ACS/ACK,0,Yes
APU_GATE_RT,AEX,ACS,station,2,0.27,Goal,Root/div/station,APU_GATE_RT/ACS/AEX,0,Yes
APU_GATE_RT,AGS,ACS,station,2,0.3,Goal,Root/div/station,APU_GATE_RT/ACS/AGS,0,Yes
APU_GATE_RT,AKL,ACS,station,2,0.51,Goal,Root/div/station,APU_GATE_RT/ACS/AKL,0,Yes
APU_GATE_RT,ALB,ACS,station,2,0.21,Goal,Root/div/station,APU_GATE_RT/ACS/ALB,0,Yes
APU_GATE_RT,AMS,ACS,station,2,0.48,Goal,Root/div/station,APU_GATE_RT/ACS/AMS,0,Yes
APU_GATE_RT,ANC,ACS,station,2,0.04,Goal,Root/div/station,APU_GATE_RT/ACS/ANC,0,Yes
APU_GATE_RT,ANU,ACS,station,2,0.34,Goal,Root/div/station,APU_GATE_RT/ACS/ANU,0,Yes
APU_GATE_RT,APN,ACS,station,2,0.48,Goal,Root/div/station,APU_GATE_RT/ACS/APN,0,Yes
APU_GATE_RT,ARN,ACS,station,2,0.34,Goal,Root/div/station,APU_GATE_RT/ACS/ARN,0,Yes
APU_GATE_RT,ASE,ACS,station,2,0.01,Goal,Root/div/station,APU_GATE_RT/ACS/ASE,0,Yes
APU_GATE_RT,ATH,ACS,station,2,0.01,Goal,Root/div/station,APU_GATE_RT/ACS/ATH,0,Yes
APU_GATE_RT,ATL,ACS,station,2,0.34,Goal,Root/div/station,APU_GATE_RT/ACS/ATL,0,Yes
APU_GATE_RT,ATW,ACS,station,2,0.42,Goal,Root/div/station,APU_GATE_RT/ACS/ATW,0,Yes
APU_GATE_RT,ATY,ACS,station,2,0.24,Goal,Root/div/station,APU_GATE_RT/ACS/ATY,0,Yes
APU_GATE_RT,AUA,ACS,station,2,0.28,Goal,Root/div/station,APU_GATE_RT/ACS/AUA,0,Yes
APU_GATE_RT,AUS,ACS,station,2,0.39,Goal,Root/div/station,APU_GATE_RT/ACS/AUS,0,Yes
APU_GATE_RT,AVL,ACS,station,2,0.22,Goal,Root/div/station,APU_GATE_RT/ACS/AVL,0,Yes
APU_GATE_RT,AZO,ACS,station,2,0.41,Goal,Root/div/station,APU_GATE_RT/ACS/AZO,0,Yes
APU_GATE_RT,BCN,ACS,station,2,0.07,Goal,Root/div/station,APU_GATE_RT/ACS/BCN,0,Yes
APU_GATE_RT,BDA,ACS,station,2,0.09,Goal,Root/div/station,APU_GATE_RT/ACS/BDA,0,Yes
APU_GATE_RT,BDL,ACS,station,2,0.41,Goal,Root/div/station,APU_GATE_RT/ACS/BDL,0,Yes
APU_GATE_RT,BGI,ACS,station,2,0.32,Goal,Root/div/station,APU_GATE_RT/ACS/BGI,0,Yes
APU_GATE_RT,BGM,ACS,station,2,0.51,Goal,Root/div/station,APU_GATE_RT/ACS/BGM,0,Yes
APU_GATE_RT,BGR,ACS,station,2,0.19,Goal,Root/div/station,APU_GATE_RT/ACS/BGR,0,Yes
APU_GATE_RT,BHM,ACS,station,2,0.18,Goal,Root/div/station,APU_GATE_RT/ACS/BHM,0,Yes
APU_GATE_RT,BIL,ACS,station,2,0.12,Goal,Root/div/station,APU_GATE_RT/ACS/BIL,0,Yes
APU_GATE_RT,BIS,ACS,station,2,0.02,Goal,Root/div/station,APU_GATE_RT/ACS/BIS,0,Yes
APU_GATE_RT,BJI,ACS,station,2,0.32,Goal,Root/div/station,APU_GATE_RT/ACS/BJI,0,Yes
APU_GATE_RT,BMI,ACS,station,2,0.0,Goal,Root/div/station,APU_GATE_RT/ACS/BMI,0,Yes
APU_GATE_RT,BNA,ACS,station,2,0.25,Goal,Root/div/station,APU_GATE_RT/ACS/BNA,0,Yes
APU_GATE_RT,BOG,ACS,station,2,0.11,Goal,Root/div/station,APU_GATE_RT/ACS/BOG,0,Yes
APU_GATE_RT,BOI,ACS,station,2,0.16,Goal,Root/div/station,APU_GATE_RT/ACS/BOI,0,Yes
APU_GATE_RT,BOS,ACS,station,2,0.29,Goal,Root/div/station,APU_GATE_RT/ACS/BOS,0,Yes
APU_GATE_RT,BQK,ACS,station,2,0.3,Goal,Root/div/station,APU_GATE_RT/ACS/BQK,0,Yes
APU_GATE_RT,BRD,ACS,station,2,0.11,Goal,Root/div/station,APU_GATE_RT/ACS/BRD,0,Yes
APU_GATE_RT,BRU,ACS,station,2,0.2,Goal,Root/div/station,APU_GATE_RT/ACS/BRU,0,Yes
APU_GATE_RT,BTM,ACS,station,2,0.47,Goal,Root/div/station,APU_GATE_RT/ACS/BTM,0,Yes
APU_GATE_RT,BTR,ACS,station,2,0.08,Goal,Root/div/station,APU_GATE_RT/ACS/BTR,0,Yes
APU_GATE_RT,BTV,ACS,station,2,0.38,Goal,Root/div/station,APU_GATE_RT/ACS/BTV,0,Yes
APU_GATE_RT,BUF,ACS,station,2,0.49,Goal,Root/div/station,APU_GATE_RT/ACS/BUF,0,Yes
APU_GATE_RT,BUR,ACS,station,2,0.29,Goal,Root/div/station,APU_GATE_RT/ACS/BUR,0,Yes
APU_GATE_RT,BWI,ACS,station,2,0.17,Goal,Root/div/station,APU_GATE_RT/ACS/BWI,0,Yes
APU_GATE_RT,BZE,ACS,station,2,0.48,Goal,Root/div/station,APU_GATE_RT/ACS/BZE,0,Yes
APU_GATE_RT,BZN,ACS,station,2,0.3,Goal,Root/div/station,APU_GATE_RT/ACS/BZN,0,Yes
APU_GATE_RT,CAE,ACS,station,2,0.36,Goal,Root/div/station,APU_GATE_RT/ACS/CAE,0,Yes
APU_GATE_RT,CDC,ACS,station,2,0.49,Goal,Root/div/station,APU_GATE_RT/ACS/CDC,0,Yes
APU_GATE_RT,CDG,ACS,station,2,0.25,Goal,Root/div/station,APU_GATE_RT/ACS/CDG,0,Yes
APU_GATE_RT,CHA,ACS,station,2,0.44,Goal,Root/div/station,APU_GATE_RT/ACS/CHA,0,Yes
APU_GATE_RT,CHO,ACS,station,2,0.05,Goal,Root/div/station,APU_GATE_RT/ACS/CHO,0,Yes
APU_GATE_RT,CHS,ACS,station,2,0.3,Goal,Root/div/station,APU_GATE_RT/ACS/CHS,0,Yes
APU_GATE_RT,CID,ACS,station,2,0.18,Goal,Root/div/station,APU_GATE_RT/ACS/CID,0,Yes
APU_GATE_RT,CIU,ACS,station,2,0.44,Goal,Root/div/station,APU_GATE_RT/ACS/CIU,0,Yes
APU_GATE_RT,CLE,ACS,station,2,0.49,Goal,Root/div/station,APU_GATE_RT/ACS/CLE,0,Yes
APU_GATE_RT,CLT,ACS,station,2,0.19,Goal,Root/div/station,APU_GATE_RT/ACS/CLT,0,Yes
APU_GATE_RT,CMH,ACS,station,2,0.16,Goal,Root/div/station,APU_GATE_RT/ACS/CMH,0,Yes
APU_GATE_RT,COS,ACS,station,2,0.26,Goal,Root/div/station,APU_GATE_RT/ACS/COS,0,Yes
APU_GATE_RT,CPH,ACS,station,2,0.32,Goal,Root/div/station,APU_GATE_RT/ACS/CPH,0,Yes
APU_GATE_RT,CPT,ACS,station,2,0.26,Goal,Root/div/station,APU_GATE_RT/ACS/CPT,0,Yes
APU_GATE_RT,CRW,ACS,station,2,0.34,Goal,Root/div/station,APU_GATE_RT/ACS/CRW,0,Yes
APU_GATE_RT,CSG,ACS,station,2,0.09,Goal,Root/div/station,APU_GATE_RT/ACS/CSG,0,Yes
APU_GATE_RT,CTA,ACS,station,2,0.33,Goal,Root/div/station,APU_GATE_RT/ACS/CTA,0,Yes
APU_GATE_RT,CTG,ACS,station,2,0.37,Goal,Root/div/station,APU_GATE_RT/ACS/CTG,0,Yes
APU_GATE_RT,CUN,ACS,station,2,0.51,Goal,Root/div/station,APU_GATE_RT/ACS/CUN,0,Yes
APU_GATE_RT,CUR,ACS,station,2,0.03,Goal,Root/div/station,APU_GATE_RT/ACS/CUR,0,Yes
APU_GATE_RT,CVG,ACS,station,2,0.44,Goal,Root/div/station,APU_GATE_RT/ACS/CVG,0,Yes
APU_GATE_RT,CWA,ACS,station,2,0.33,Goal,Root/div/station,APU_GATE_RT/ACS/CWA,0,Yes
APU_GATE_RT,CZM,ACS,station,2,0.4,Goal,Root/div/station,APU_GATE_RT/ACS/CZM,0,Yes
APU_GATE_RT,DAB,ACS,station,2,0.47,Goal,Root/div/station,APU_GATE_RT/ACS/DAB,0,Yes
APU_GATE_RT,DAL,ACS,station,2,0.43,Goal,Root/div/station,APU_GATE_RT/ACS/DAL,0,Yes
APU_GATE_RT,DAY,ACS,station,2,0.46,Goal,Root/div/station,APU_GATE_RT/ACS/DAY,0,Yes
APU_GATE_RT,DCA,ACS,station,2,0.26,Goal,Root/div/station,APU_GATE_RT/ACS/DCA,0,Yes
APU_GATE_RT,DEN,ACS,station,2,0.16,Goal,Root/div/station,APU_GATE_RT/ACS/DEN,0,Yes
APU_GATE_RT,DFW,ACS,station,2,0.14,Goal,Root/div/station,APU_GATE_RT/ACS/DFW,0,Yes
APU_GATE_RT,DHN,ACS,station,2,0.04,Goal,Root/div/station,APU_GATE_RT/ACS/DHN,0,Yes
APU_GATE_RT,DSM,ACS,station,2,0.21,Goal,Root/div/station,APU_GATE_RT/ACS/DSM,0,Yes
APU_GATE_RT,DSS,ACS,station,2,0.13,Goal,Root/div/station,APU_GATE_RT/ACS/DSS,0,Yes
APU_GATE_RT,DTW,ACS,station,2,0.48,Goal,Root/div/station,APU_GATE_RT/ACS/DTW,0,Yes
APU_GATE_RT,DUB,ACS,station,2,0.46,Goal,Root/div/station,APU_GATE_RT/ACS/DUB,0,Yes
APU_GATE_RT,ECP,ACS,station,2,0.31,Goal,Root/div/station,APU_GATE_RT/ACS/ECP,0,Yes
APU_GATE_RT,EDI,ACS,station,2,0.25,Goal,Root/div/station,APU_GATE_RT/ACS/EDI,0,Yes
APU_GATE_RT,EGE,ACS,station,2,0.23,Goal,Root/div/station,APU_GATE_RT/ACS/EGE,0,Yes
APU_GATE_RT,EKO,ACS,station,2,0.26,Goal,Root/div/station,APU_GATE_RT/ACS/EKO,0,Yes
APU_GATE_RT,ELM,ACS,station,2,0.13,Goal,Root/div/station,APU_GATE_RT/ACS/ELM,0,Yes
APU_GATE_RT,ELP,ACS,station,2,0.18,Goal,Root/div/station,APU_GATE_RT/ACS/ELP,0,Yes
APU_GATE_RT,ESC,ACS,station,2,0.37,Goal,Root/div/station,APU_GATE_RT/ACS/ESC,0,Yes
APU_GATE_RT,EUG,ACS,station,2,0.27,Goal,Root/div/station,APU_GATE_RT/ACS/EUG,0,Yes
APU_GATE_RT,EVV,ACS,station,2,0.17,Goal,Root/div/station,APU_GATE_RT/ACS/EVV,0,Yes
APU_GATE_RT,EWR,ACS,station,2,0.39,Goal,Root/div/station,APU_GATE_RT/ACS/EWR,0,Yes
APU_GATE_RT,EYW,ACS,station,2,0.23,Goal,Root/div/station,APU_GATE_RT/ACS/EYW,0,Yes
APU_GATE_RT,EZE,ACS,station,2,0.37,Goal,Root/div/station,APU_GATE_RT/ACS/EZE,0,Yes
APU_GATE_RT,FAI,ACS,station,2,0.25,Goal,Root/div/station,APU_GATE_RT/ACS/FAI,0,Yes
APU_GATE_RT,FAR,ACS,station,2,0.11,Goal,Root/div/station,APU_GATE_RT/ACS/FAR,0,Yes
APU_GATE_RT,FAT,ACS,station,2,0.31,Goal,Root/div/station,APU_GATE_RT/ACS/FAT,0,Yes
APU_GATE_RT,FAY,ACS,station,2,0.04,Goal,Root/div/station,APU_GATE_RT/ACS/FAY,0,Yes
APU_GATE_RT,FCA,ACS,station,2,0.42,Goal,Root/div/station,APU_GATE_RT/ACS/FCA,0,Yes
APU_GATE_RT,FCO,ACS,station,2,0.47,Goal,Root/div/station,APU_GATE_RT/ACS/FCO,0,Yes
APU_GATE_RT,FLL,ACS,station,2,0.44,Goal,Root/div/station,APU_GATE_RT/ACS/FLL,0,Yes
APU_GATE_RT,FRA,ACS,station,2,0.11,Goal,Root/div/station,APU_GATE_RT/ACS/FRA,0,Yes
APU_GATE_RT,FSD,ACS,station,2,0.29,Goal,Root/div/station,APU_GATE_RT/ACS/FSD,0,Yes
APU_GATE_RT,FWA,ACS,station,2,0.49,Goal,Root/div/station,APU_GATE_RT/ACS/FWA,0,Yes
APU_GATE_RT,GDL,ACS,station,2,0.3,Goal,Root/div/station,APU_GATE_RT/ACS/GDL,0,Yes
APU_GATE_RT,GEG,ACS,station,2,0.21,Goal,Root/div/station,APU_GATE_RT/ACS/GEG,0,Yes
APU_GATE_RT,GFK,ACS,station,2,0.26,Goal,Root/div/station,APU_GATE_RT/ACS/GFK,0,Yes
APU_GATE_RT,GGT,ACS,station,2,0.12,Goal,Root/div/station,APU_GATE_RT/ACS/GGT,0,Yes
APU_GATE_RT,GIG,ACS,station,2,0.43,Goal,Root/div/station,APU_GATE_RT/ACS/GIG,0,Yes
APU_GATE_RT,GJT,ACS,station,2,0.1,Goal,Root/div/station,APU_GATE_RT/ACS/GJT,0,Yes
APU_GATE_RT,GND,ACS,station,2,0.17,Goal,Root/div/station,APU_GATE_RT/ACS/GND,0,Yes
APU_GATE_RT,GNV,ACS,station,2,0.44,Goal,Root/div/station,APU_GATE_RT/ACS/GNV,0,Yes
APU_GATE_RT,GPT,ACS,station,2,0.48,Goal,Root/div/station,APU_GATE_RT/ACS/GPT,0,Yes
APU_GATE_RT,GRB,ACS,station,2,0.0,Goal,Root/div/station,APU_GATE_RT/ACS/GRB,0,Yes
APU_GATE_RT,GRR,ACS,station,2,0.47,Goal,Root/div/station,APU_GATE_RT/ACS/GRR,0,Yes
APU_GATE_RT,GRU,ACS,station,2,0.08,Goal,Root/div/station,APU_GATE_RT/ACS/GRU,0,Yes
APU_GATE_RT,GSO,ACS,station,2,0.29,Goal,Root/div/station,APU_GATE_RT/ACS/GSO,0,Yes
APU_GATE_RT,GSP,ACS,station,2,0.37,Goal,Root/div/station,APU_GATE_RT/ACS/GSP,0,Yes
APU_GATE_RT,GTF,ACS,station,2,0.45,Goal,Root/div/station,APU_GATE_RT/ACS/GTF,0,Yes
APU_GATE_RT,GTR,ACS,station,2,0.04,Goal,Root/div/station,APU_GATE_RT/ACS/GTR,0,Yes
APU_GATE_RT,GVA,ACS,station,2,0.51,Goal,Root/div/station,APU_GATE_RT/ACS/GVA,0,Yes
APU_GATE_RT,HAV,ACS,station,2,0.26,Goal,Root/div/station,APU_GATE_RT/ACS/HAV,0,Yes
APU_GATE_RT,HDN,ACS,station,2,0.47,Goal,Root/div/station,APU_GATE_RT/ACS/HDN,0,Yes
APU_GATE_RT,HHH,ACS,station,2,0.46,Goal,Root/div/station,APU_GATE_RT/ACS/HHH,0,Yes
APU_GATE_RT,HIB,ACS,station,2,0.35,Goal,Root/div/station,APU_GATE_RT/ACS/HIB,0,Yes
APU_GATE_RT,HLN,ACS,station,2,0.39,Goal,Root/div/station,APU_GATE_RT/ACS/HLN,0,Yes
APU_GATE_RT,HND,ACS,station,2,0.02,Goal,Root/div/station,APU_GATE_RT/ACS/HND,0,Yes
APU_GATE_RT,HNL,ACS,station,2,0.46,Goal,Root/div/station,APU_GATE_RT/ACS/HNL,0,Yes
APU_GATE_RT,HOU,ACS,station,2,0.09,Goal,Root/div/station,APU_GATE_RT/ACS/HOU,0,Yes
APU_GATE_RT,HPN,ACS,station,2,0.16,Goal,Root/div/station,APU_GATE_RT/ACS/HPN,0,Yes
APU_GATE_RT,HRL,ACS,station,2,0.05,Goal,Root/div/station,APU_GATE_RT/ACS/HRL,0,Yes
APU_GATE_RT,HSV,ACS,station,2,0.36,Goal,Root/div/station,APU_GATE_RT/ACS/HSV,0,Yes
APU_GATE_RT,IAD,ACS,station,2,0.37,Goal,Root/div/station,APU_GATE_RT/ACS/IAD,0,Yes
APU_GATE_RT,IAH,ACS,station,2,0.49,Goal,Root/div/station,APU_GATE_RT/ACS/IAH,0,Yes
APU_GATE_RT,ICN,ACS,station,2,0.11,Goal,Root/div/station,APU_GATE_RT/ACS/ICN,0,Yes
APU_GATE_RT,ICT,ACS,station,2,0.23,Goal,Root/div/station,APU_GATE_RT/ACS/ICT,0,Yes
APU_GATE_RT,IDA,ACS,station,2,0.51,Goal,Root/div/station,APU_GATE_RT/ACS/IDA,0,Yes
APU_GATE_RT,ILM,ACS,station,2,0.51,Goal,Root/div/station,APU_GATE_RT/ACS/ILM,0,Yes
APU_GATE_RT,IMT,ACS,station,2,0.04,Goal,Root/div/station,APU_GATE_RT/ACS/IMT,0,Yes
APU_GATE_RT,IND,ACS,station,2,0.09,Goal,Root/div/station,APU_GATE_RT/ACS/IND,0,Yes
APU_GATE_RT,INL,ACS,station,2,0.37,Goal,Root/div/station,APU_GATE_RT/ACS/INL,0,Yes
APU_GATE_RT,ITH,ACS,station,2,0.28,Goal,Root/div/station,APU_GATE_RT/ACS/ITH,0,Yes
APU_GATE_RT,JAC,ACS,station,2,0.41,Goal,Root/div/station,APU_GATE_RT/ACS/JAC,0,Yes
APU_GATE_RT,JAN,ACS,station,2,0.03,Goal,Root/div/station,APU_GATE_RT/ACS/JAN,0,Yes
APU_GATE_RT,JAX,ACS,station,2,0.47,Goal,Root/div/station,APU_GATE_RT/ACS/JAX,0,Yes
APU_GATE_RT,JFK,ACS,station,2,0.06,Goal,Root/div/station,APU_GATE_RT/ACS/JFK,0,Yes
APU_GATE_RT,JNB,ACS,station,2,0.4,Goal,Root/div/station,APU_GATE_RT/ACS/JNB,0,Yes
APU_GATE_RT,JNU,ACS,station,2,0.42,Goal,Root/div/station,APU_GATE_RT/ACS/JNU,0,Yes
APU_GATE_RT,KEF,ACS,station,2,0.11,Goal,Root/div/station,APU_GATE_RT/ACS/KEF,0,Yes
APU_GATE_RT,KIN,ACS,station,2,0.26,Goal,Root/div/station,APU_GATE_RT/ACS/KIN,0,Yes
APU_GATE_RT,KOA,ACS,station,2,0.49,Goal,Root/div/station,APU_GATE_RT/ACS/KOA,0,Yes
APU_GATE_RT,LAN,ACS,station,2,0.25,Goal,Root/div/station,APU_GATE_RT/ACS/LAN,0,Yes
APU_GATE_RT,LAS,ACS,station,2,0.02,Goal,Root/div/station,APU_GATE_RT/ACS/LAS,0,Yes
APU_GATE_RT,LAX,ACS,station,2,0.36,Goal,Root/div/station,APU_GATE_RT/ACS/LAX,0,Yes
APU_GATE_RT,LEX,ACS,station,2,0.33,Goal,Root/div/station,APU_GATE_RT/ACS/LEX,0,Yes
APU_GATE_RT,LFT,ACS,station,2,0.12,Goal,Root/div/station,APU_GATE_RT/ACS/LFT,0,Yes
APU_GATE_RT,LGA,ACS,station,2,0.2,Goal,Root/div/station,APU_GATE_RT/ACS/LGA,0,Yes
APU_GATE_RT,LGB,ACS,station,2,0.45,Goal,Root/div/station,APU_GATE_RT/ACS/LGB,0,Yes
APU_GATE_RT,LGW,ACS,station,2,0.47,Goal,Root/div/station,APU_GATE_RT/ACS/LGW,0,Yes
APU_GATE_RT,LHR,ACS,station,2,0.49,Goal,Root/div/station,APU_GATE_RT/ACS/LHR,0,Yes
APU_GATE_RT,LIH,ACS,station,2,0.2,Goal,Root/div/station,APU_GATE_RT/ACS/LIH,0,Yes
APU_GATE_RT,LIM,ACS,station,2,0.5,Goal,Root/div/station,APU_GATE_RT/ACS/LIM,0,Yes
APU_GATE_RT,LIR,ACS,station,2,0.13,Goal,Root/div/station,APU_GATE_RT/ACS/LIR,0,Yes
APU_GATE_RT,LIS,ACS,station,2,0.06,Goal,Root/div/station,APU_GATE_RT/ACS/LIS,0,Yes
APU_GATE_RT,LIT,ACS,station,2,0.21,Goal,Root/div/station,APU_GATE_RT/ACS/LIT,0,Yes
APU_GATE_RT,LOS,ACS,station,2,0.13,Goal,Root/div/station,APU_GATE_RT/ACS/LOS,0,Yes
APU_GATE_RT,LWS,ACS,station,2,0.46,Goal,Root/div/station,APU_GATE_RT/ACS/LWS,0,Yes
APU_GATE_RT,MAD,ACS,station,2,0.34,Goal,Root/div/station,APU_GATE_RT/ACS/MAD,0,Yes
APU_GATE_RT,MAF,ACS,station,2,0.37,Goal,Root/div/station,APU_GATE_RT/ACS/MAF,0,Yes
APU_GATE_RT,MBJ,ACS,station,2,0.27,Goal,Root/div/station,APU_GATE_RT/ACS/MBJ,0,Yes
APU_GATE_RT,MBS,ACS,station,2,0.28,Goal,Root/div/station,APU_GATE_RT/ACS/MBS,0,Yes
APU_GATE_RT,MCI,ACS,station,2,0.22,Goal,Root/div/station,APU_GATE_RT/ACS/MCI,0,Yes
APU_GATE_RT,MCO,ACS,station,2,0.46,Goal,Root/div/station,APU_GATE_RT/ACS/MCO,0,Yes
APU_GATE_RT,MDT,ACS,station,2,0.07,Goal,Root/div/station,APU_GATE_RT/ACS/MDT,0,Yes
APU_GATE_RT,MDW,ACS,station,2,0.49,Goal,Root/div/station,APU_GATE_RT/ACS/MDW,0,Yes
APU_GATE_RT,MEM,ACS,station,2,0.52,Goal,Root/div/station,APU_GATE_RT/ACS/MEM,0,Yes
APU_GATE_RT,MEX,ACS,station,2,0.27,Goal,Root/div/station,APU_GATE_RT/ACS/MEX,0,Yes
APU_GATE_RT,MFE,ACS,station,2,0.39,Goal,Root/div/station,APU_GATE_RT/ACS/MFE,0,Yes
APU_GATE_RT,MFR,ACS,station,2,0.4,Goal,Root/div/station,APU_GATE_RT/ACS/MFR,0,Yes
APU_GATE_RT,MGM,ACS,station,2,0.09,Goal,Root/div/station,APU_GATE_RT/ACS/MGM,0,Yes
APU_GATE_RT,MIA,ACS,station,2,0.38,Goal,Root/div/station,APU_GATE_RT/ACS/MIA,0,Yes
APU_GATE_RT,MKE,ACS,station,2,0.27,Goal,Root/div/station,APU_GATE_RT/ACS/MKE,0,Yes
APU_GATE_RT,MLB,ACS,station,2,0.51,Goal,Root/div/station,APU_GATE_RT/ACS/MLB,0,Yes
APU_GATE_RT,MLH,ACS,station,2,0.06,Goal,Root/div/station,APU_GATE_RT/ACS/MLH,0,Yes
APU_GATE_RT,MLI,ACS,station,2,0.02,Goal,Root/div/station,APU_GATE_RT/ACS/MLI,0,Yes
APU_GATE_RT,MLU,ACS,station,2,0.11,Goal,Root/div/station,APU_GATE_RT/ACS/MLU,0,Yes
APU_GATE_RT,MOB,ACS,station,2,0.43,Goal,Root/div/station,APU_GATE_RT/ACS/MOB,0,Yes
APU_GATE_RT,MOT,ACS,station,2,0.24,Goal,Root/div/station,APU_GATE_RT/ACS/MOT,0,Yes
APU_GATE_RT,MQT,ACS,station,2,0.07,Goal,Root/div/station,APU_GATE_RT/ACS/MQT,0,Yes
APU_GATE_RT,MSN,ACS,station,2,0.13,Goal,Root/div/station,APU_GATE_RT/ACS/MSN,0,Yes
APU_GATE_RT,MSO,ACS,station,2,0.26,Goal,Root/div/station,APU_GATE_RT/ACS/MSO,0,Yes
APU_GATE_RT,MSP,ACS,station,2,0.25,Goal,Root/div/station,APU_GATE_RT/ACS/MSP,0,Yes
APU_GATE_RT,MSY,ACS,station,2,0.37,Goal,Root/div/station,APU_GATE_RT/ACS/MSY,0,Yes
APU_GATE_RT,MTJ,ACS,station,2,0.04,Goal,Root/div/station,APU_GATE_RT/ACS/MTJ,0,Yes
APU_GATE_RT,MTY,ACS,station,2,0.21,Goal,Root/div/station,APU_GATE_RT/ACS/MTY,0,Yes
APU_GATE_RT,MUC,ACS,station,2,0.15,Goal,Root/div/station,APU_GATE_RT/ACS/MUC,0,Yes
APU_GATE_RT,MVY,ACS,station,2,0.39,Goal,Root/div/station,APU_GATE_RT/ACS/MVY,0,Yes
APU_GATE_RT,MXP,ACS,station,2,0.17,Goal,Root/div/station,APU_GATE_RT/ACS/MXP,0,Yes
APU_GATE_RT,MYR,ACS,station,2,0.31,Goal,Root/div/station,APU_GATE_RT/ACS/MYR,0,Yes
APU_GATE_RT,MZT,ACS,station,2,0.23,Goal,Root/div/station,APU_GATE_RT/ACS/MZT,0,Yes
APU_GATE_RT,NAP,ACS,station,2,0.16,Goal,Root/div/station,APU_GATE_RT/ACS/NAP,0,Yes
APU_GATE_RT,NAS,ACS,station,2,0.08,Goal,Root/div/station,APU_GATE_RT/ACS/NAS,0,Yes
APU_GATE_RT,NCE,ACS,station,2,0.48,Goal,Root/div/station,APU_GATE_RT/ACS/NCE,0,Yes
APU_GATE_RT,OAJ,ACS,station,2,0.37,Goal,Root/div/station,APU_GATE_RT/ACS/OAJ,0,Yes
APU_GATE_RT,OAK,ACS,station,2,0.43,Goal,Root/div/station,APU_GATE_RT/ACS/OAK,0,Yes
APU_GATE_RT,OGG,ACS,station,2,0.37,Goal,Root/div/station,APU_GATE_RT/ACS/OGG,0,Yes
APU_GATE_RT,OKC,ACS,station,2,0.2,Goal,Root/div/station,APU_GATE_RT/ACS/OKC,0,Yes
APU_GATE_RT,OMA,ACS,station,2,0.11,Goal,Root/div/station,APU_GATE_RT/ACS/OMA,0,Yes
APU_GATE_RT,ONT,ACS,station,2,0.1,Goal,Root/div/station,APU_GATE_RT/ACS/ONT,0,Yes
APU_GATE_RT,ORD,ACS,station,2,0.32,Goal,Root/div/station,APU_GATE_RT/ACS/ORD,0,Yes
APU_GATE_RT,ORF,ACS,station,2,0.47,Goal,Root/div/station,APU_GATE_RT/ACS/ORF,0,Yes
APU_GATE_RT,PBI,ACS,station,2,0.36,Goal,Root/div/station,APU_GATE_RT/ACS/PBI,0,Yes
APU_GATE_RT,PDX,ACS,station,2,0.28,Goal,Root/div/station,APU_GATE_RT/ACS/PDX,0,Yes
APU_GATE_RT,PHL,ACS,station,2,0.25,Goal,Root/div/station,APU_GATE_RT/ACS/PHL,0,Yes
APU_GATE_RT,PHX,ACS,station,2,0.23,Goal,Root/div/station,APU_GATE_RT/ACS/PHX,0,Yes
APU_GATE_RT,PIH,ACS,station,2,0.05,Goal,Root/div/station,APU_GATE_RT/ACS/PIH,0,Yes
APU_GATE_RT,PIT,ACS,station,2,0.49,Goal,Root/div/station,APU_GATE_RT/ACS/PIT,0,Yes
APU_GATE_RT,PLN,ACS,station,2,0.32,Goal,Root/div/station,APU_GATE_RT/ACS/PLN,0,Yes
APU_GATE_RT,PLS,ACS,station,2,0.22,Goal,Root/div/station,APU_GATE_RT/ACS/PLS,0,Yes
APU_GATE_RT,PNS,ACS,station,2,0.4,Goal,Root/div/station,APU_GATE_RT/ACS/PNS,0,Yes
APU_GATE_RT,POP,ACS,station,2,0.34,Goal,Root/div/station,APU_GATE_RT/ACS/POP,0,Yes
APU_GATE_RT,PRG,ACS,station,2,0.09,Goal,Root/div/station,APU_GATE_RT/ACS/PRG,0,Yes
APU_GATE_RT,PSC,ACS,station,2,0.19,Goal,Root/div/station,APU_GATE_RT/ACS/PSC,0,Yes
APU_GATE_RT,PSP,ACS,station,2,0.25,Goal,Root/div/station,APU_GATE_RT/ACS/PSP,0,Yes
APU_GATE_RT,PTY,ACS,station,2,0.09,Goal,Root/div/station,APU_GATE_RT/ACS/PTY,0,Yes
APU_GATE_RT,PVD,ACS,station,2,0.45,Goal,Root/div/station,APU_GATE_RT/ACS/PVD,0,Yes
APU_GATE_RT,PVG,ACS,station,2,0.49,Goal,Root/div/station,APU_GATE_RT/ACS/PVG,0,Yes
APU_GATE_RT,PVR,ACS,station,2,0.47,Goal,Root/div/station,APU_GATE_RT/ACS/PVR,0,Yes
APU_GATE_RT,PWM,ACS,station,2,0.25,Goal,Root/div/station,APU_GATE_RT/ACS/PWM,0,Yes
APU_GATE_RT,RAK,ACS,station,2,0.13,Goal,Root/div/station,APU_GATE_RT/ACS/RAK,0,Yes
APU_GATE_RT,RAP,ACS,station,2,0.15,Goal,Root/div/station,APU_GATE_RT/ACS/RAP,0,Yes
APU_GATE_RT,RDM,ACS,station,2,0.05,Goal,Root/div/station,APU_GATE_RT/ACS/RDM,0,Yes
APU_GATE_RT,RDU,ACS,station,2,0.19,Goal,Root/div/station,APU_GATE_RT/ACS/RDU,0,Yes
APU_GATE_RT,RHI,ACS,station,2,0.46,Goal,Root/div/station,APU_GATE_RT/ACS/RHI,0,Yes
APU_GATE_RT,RIC,ACS,station,2,0.21,Goal,Root/div/station,APU_GATE_RT/ACS/RIC,0,Yes
APU_GATE_RT,RNO,ACS,station,2,0.39,Goal,Root/div/station,APU_GATE_RT/ACS/RNO,0,Yes
APU_GATE_RT,ROA,ACS,station,2,0.05,Goal,Root/div/station,APU_GATE_RT/ACS/ROA,0,Yes
APU_GATE_RT,ROC,ACS,station,2,0.29,Goal,Root/div/station,APU_GATE_RT/ACS/ROC,0,Yes
APU_GATE_RT,RST,ACS,station,2,0.34,Goal,Root/div/station,APU_GATE_RT/ACS/RST,0,Yes
APU_GATE_RT,RSW,ACS,station,2,0.09,Goal,Root/div/station,APU_GATE_RT/ACS/RSW,0,Yes
APU_GATE_RT,RTB,ACS,station,2,0.35,Goal,Root/div/station,APU_GATE_RT/ACS/RTB,0,Yes
APU_GATE_RT,SAL,ACS,station,2,0.09,Goal,Root/div/station,APU_GATE_RT/ACS/SAL,0,Yes
APU_GATE_RT,SAN,ACS,station,2,0.37,Goal,Root/div/station,APU_GATE_RT/ACS/SAN,0,Yes
APU_GATE_RT,SAP,ACS,station,2,0.38,Goal,Root/div/station,APU_GATE_RT/ACS/SAP,0,Yes
APU_GATE_RT,SAT,ACS,station,2,0.4,Goal,Root/div/station,APU_GATE_RT/ACS/SAT,0,Yes
APU_GATE_RT,SAV,ACS,station,2,0.35,Goal,Root/div/station,APU_GATE_RT/ACS/SAV,0,Yes
APU_GATE_RT,SBA,ACS,station,2,0.32,Goal,Root/div/station,APU_GATE_RT/ACS/SBA,0,Yes
APU_GATE_RT,SBN,ACS,station,2,0.18,Goal,Root/div/station,APU_GATE_RT/ACS/SBN,0,Yes
APU_GATE_RT,SCL,ACS,station,2,0.33,Goal,Root/div/station,APU_GATE_RT/ACS/SCL,0,Yes
APU_GATE_RT,SDF,ACS,station,2,0.09,Goal,Root/div/station,APU_GATE_RT/ACS/SDF,0,Yes
APU_GATE_RT,SDQ,ACS,station,2,0.37,Goal,Root/div/station,APU_GATE_RT/ACS/SDQ,0,Yes
APU_GATE_RT,SEA,ACS,station,2,0.47,Goal,Root/div/station,APU_GATE_RT/ACS/SEA,0,Yes
APU_GATE_RT,SFO,ACS,station,2,0.43,Goal,Root/div/station,APU_GATE_RT/ACS/SFO,0,Yes
APU_GATE_RT,SGF,ACS,station,2,0.06,Goal,Root/div/station,APU_GATE_RT/ACS/SGF,0,Yes
APU_GATE_RT,SGU,ACS,station,2,0.18,Goal,Root/div/station,APU_GATE_RT/ACS/SGU,0,Yes
APU_GATE_RT,SHV,ACS,station,2,0.47,Goal,Root/div/station,APU_GATE_RT/ACS/SHV,0,Yes
APU_GATE_RT,SJC,ACS,station,2,0.29,Goal,Root/div/station,APU_GATE_RT/ACS/SJC,0,Yes
APU_GATE_RT,SJD,ACS,station,2,0.14,Goal,Root/div/station,APU_GATE_RT/ACS/SJD,0,Yes
APU_GATE_RT,SJO,ACS,station,2,0.03,Goal,Root/div/station,APU_GATE_RT/ACS/SJO,0,Yes
APU_GATE_RT,SJU,ACS,station,2,0.2,Goal,Root/div/station,APU_GATE_RT/ACS/SJU,0,Yes
APU_GATE_RT,SKB,ACS,station,2,0.35,Goal,Root/div/station,APU_GATE_RT/ACS/SKB,0,Yes
APU_GATE_RT,SLC,ACS,station,2,0.46,Goal,Root/div/station,APU_GATE_RT/ACS/SLC,0,Yes
APU_GATE_RT,SMF,ACS,station,2,0.49,Goal,Root/div/station,APU_GATE_RT/ACS/SMF,0,Yes
APU_GATE_RT,SNA,ACS,station,2,0.14,Goal,Root/div/station,APU_GATE_RT/ACS/SNA,0,Yes
APU_GATE_RT,SNN,ACS,station,2,0.37,Goal,Root/div/station,APU_GATE_RT/ACS/SNN,0,Yes
APU_GATE_RT,SRQ,ACS,station,2,0.07,Goal,Root/div/station,APU_GATE_RT/ACS/SRQ,0,Yes
APU_GATE_RT,STI,ACS,station,2,0.14,Goal,Root/div/station,APU_GATE_RT/ACS/STI,0,Yes
APU_GATE_RT,STL,ACS,station,2,0.39,Goal,Root/div/station,APU_GATE_RT/ACS/STL,0,Yes
APU_GATE_RT,STT,ACS,station,2,0.38,Goal,Root/div/station,APU_GATE_RT/ACS/STT,0,Yes
APU_GATE_RT,STX,ACS,station,2,0.47,Goal,Root/div/station,APU_GATE_RT/ACS/STX,0,Yes
APU_GATE_RT,SUN,ACS,station,2,0.35,Goal,Root/div/station,APU_GATE_RT/ACS/SUN,0,Yes
APU_GATE_RT,SXM,ACS,station,2,0.14,Goal,Root/div/station,APU_GATE_RT/ACS/SXM,0,Yes
APU_GATE_RT,SYD,ACS,station,2,0.02,Goal,Root/div/station,APU_GATE_RT/ACS/SYD,0,Yes
APU_GATE_RT,SYR,ACS,station,2,0.45,Goal,Root/div/station,APU_GATE_RT/ACS/SYR,0,Yes
APU_GATE_RT,TLH,ACS,station,2,0.02,Goal,Root/div/station,APU_GATE_RT/ACS/TLH,0,Yes
APU_GATE_RT,TPA,ACS,station,2,0.02,Goal,Root/div/station,APU_GATE_RT/ACS/TPA,0,Yes
APU_GATE_RT,TPE,ACS,station,2,0.05,Goal,Root/div/station,APU_GATE_RT/ACS/TPE,0,Yes
APU_GATE_RT,TQO,ACS,station,2,0.16,Goal,Root/div/station,APU_GATE_RT/ACS/TQO,0,Yes
APU_GATE_RT,TRI,ACS,station,2,0.45,Goal,Root/div/station,APU_GATE_RT/ACS/TRI,0,Yes
APU_GATE_RT,TUL,ACS,station,2,0.18,Goal,Root/div/station,APU_GATE_RT/ACS/TUL,0,Yes
APU_GATE_RT,TUS,ACS,station,2,0.18,Goal,Root/div/station,APU_GATE_RT/ACS/TUS,0,Yes
APU_GATE_RT,TVC,ACS,station,2,0.44,Goal,Root/div/station,APU_GATE_RT/ACS/TVC,0,Yes
APU_GATE_RT,TWF,ACS,station,2,0.5,Goal,Root/div/station,APU_GATE_RT/ACS/TWF,0,Yes
APU_GATE_RT,TYS,ACS,station,2,0.51,Goal,Root/div/station,APU_GATE_RT/ACS/TYS,0,Yes
APU_GATE_RT,UVF,ACS,station,2,0.07,Goal,Root/div/station,APU_GATE_RT/ACS/UVF,0,Yes
APU_GATE_RT,VCE,ACS,station,2,0.07,Goal,Root/div/station,APU_GATE_RT/ACS/VCE,0,Yes
APU_GATE_RT,VLD,ACS,station,2,0.28,Goal,Root/div/station,APU_GATE_RT/ACS/VLD,0,Yes
APU_GATE_RT,VPS,ACS,station,2,0.04,Goal,Root/div/station,APU_GATE_RT/ACS/VPS,0,Yes
APU_GATE_RT,WYS,ACS,station,2,0.23,Goal,Root/div/station,APU_GATE_RT/ACS/WYS,0,Yes
APU_GATE_RT,XNA,ACS,station,2,0.15,Goal,Root/div/station,APU_GATE_RT/ACS/XNA,0,Yes
APU_GATE_RT,XWA,ACS,station,2,0.13,Goal,Root/div/station,APU_GATE_RT/ACS/XWA,0,Yes
APU_GATE_RT,YHZ,ACS,station,2,0.09,Goal,Root/div/station,APU_GATE_RT/ACS/YHZ,0,Yes
APU_GATE_RT,YUL,ACS,station,2,0.08,Goal,Root/div/station,APU_GATE_RT/ACS/YUL,0,Yes
APU_GATE_RT,YVR,ACS,station,2,0.29,Goal,Root/div/station,APU_GATE_RT/ACS/YVR,0,Yes
APU_GATE_RT,YWG,ACS,station,2,0.4,Goal,Root/div/station,APU_GATE_RT/ACS/YWG,0,Yes
APU_GATE_RT,YYC,ACS,station,2,0.38,Goal,Root/div/station,APU_GATE_RT/ACS/YYC,0,Yes
APU_GATE_RT,YYZ,ACS,station,2,0.06,Goal,Root/div/station,APU_GATE_RT/ACS/YYZ,0,Yes
APU_GATE_RT,ZRH,ACS,station,2,0.14,Goal,Root/div/station,APU_GATE_RT/ACS/ZRH,0,Yes
APU_GATE_RT,APAC_VP,ACS,vp,2,0.32,Goal,Root/div/vp,APU_GATE_RT/ACS/APAC_VP,0,Yes
APU_GATE_RT,ATL_VP,ACS,vp,2,0.26,Goal,Root/div/vp,APU_GATE_RT/ACS/ATL_VP,0,Yes
APU_GATE_RT,AUS_FL_VP,ACS,vp,2,0.16,Goal,Root/div/vp,APU_GATE_RT/ACS/AUS_FL_VP,0,Yes
APU_GATE_RT,BOS_VP,ACS,vp,2,0.26,Goal,Root/div/vp,APU_GATE_RT/ACS/BOS_VP,0,Yes
APU_GATE_RT,DTW_VP,ACS,vp,2,0.35,Goal,Root/div/vp,APU_GATE_RT/ACS/DTW_VP,0,Yes
APU_GATE_RT,East_VP,ACS,vp,2,0.19,Goal,Root/div/vp,APU_GATE_RT/ACS/East_VP,0,Yes
APU_GATE_RT,EMEAI_VP,ACS,vp,2,0.22,Goal,Root/div/vp,APU_GATE_RT/ACS/EMEAI_VP,0,Yes
APU_GATE_RT,FieldStations_VP,ACS,vp,2,0.27,Goal,Root/div/vp,APU_GATE_RT/ACS/FieldStations_VP,0,Yes
APU_GATE_RT,JFK_VP,ACS,vp,2,0.1,Goal,Root/div/vp,APU_GATE_RT/ACS/JFK_VP,0,Yes
APU_GATE_RT,LACC_VP,ACS,vp,2,0.43,Goal,Root/div/vp,APU_GATE_RT/ACS/LACC_VP,0,Yes
APU_GATE_RT,LAX_VP,ACS,vp,2,0.06,Goal,Root/div/vp,APU_GATE_RT/ACS/LAX_VP,0,Yes
APU_GATE_RT,LGA_VP,ACS,vp,2,0.2,Goal,Root/div/vp,APU_GATE_RT/ACS/LGA_VP,0,Yes
APU_GATE_RT,MSP_VP,ACS,vp,2,0.39,Goal,Root/div/vp,APU_GATE_RT/ACS/MSP_VP,0,Yes
APU_GATE_RT,SEA_VP,ACS,vp,2,0.09,Goal,Root/div/vp,APU_GATE_RT/ACS/SEA_VP,0,Yes
APU_GATE_RT,SLC_VP,ACS,vp,2,0.07,Goal,Root/div/vp,APU_GATE_RT/ACS/SLC_VP,0,Yes
APU_GATE_RT,West_Central_VP,ACS,vp,2,0.39,Goal,Root/div/vp,APU_GATE_RT/ACS/West_Central_VP,0,Yes
APU_GATE_RT,DL,APU_GATE_RT,sys,1,60.54,Goal,Root/sys,APU_GATE_RT/DL,0,Yes
