KPI,Node Name,Parent,Category,Tier,Contribution,Target/Goal,Category Path,Node Path,Child Count,Leaf
LIP_NOTI,LIP_NOTI,,Root,0,1,Goal,Root,LIP_NOTI,3,No
LIP_NOTI,CGO,LIP_NOTI,div,1,27.82,Goal,Root/div,LIP_NOTI/CGO,532,No
LIP_NOTI,ABE,CGO,station,2,0.22,Goal,Root/div/station,LIP_NOTI/CGO/ABE,2,No
LIP_NOTI,D,ABE,dom_int,3,69.21,Goal,Root/div/station/dom_int,LIP_NOTI/CGO/ABE/D,0,Yes
LIP_NOTI,I,ABE,dom_int,3,30.79,Goal,Root/div/station/dom_int,LIP_NOTI/CGO/ABE/I,0,Yes
LIP_NOTI,ABJ,CGO,station,2,0.05,Goal,Root/div/station,LIP_NOTI/CGO/ABJ,1,No
LIP_NOTI,I,ABJ,dom_int,3,100.0,Goal,Root/div/station/dom_int,LIP_NOTI/CGO/ABJ/I,0,Yes
LIP_NOTI,ABQ,CGO,station,2,0.06,Goal,Root/div/station,LIP_NOTI/CGO/ABQ,2,No
LIP_NOTI,D,ABQ,dom_int,3,46.51,Goal,Root/div/station/dom_int,LIP_NOTI/CGO/ABQ/D,0,Yes
LIP_NOTI,I,ABQ,dom_int,3,53.49,Goal,Root/div/station/dom_int,LIP_NOTI/CGO/ABQ/I,0,Yes
LIP_NOTI,ABR,CGO,station,2,0.01,Goal,Root/div/station,LIP_NOTI/CGO/ABR,1,No
LIP_NOTI,D,ABR,dom_int,3,100.0,Goal,Root/div/station/dom_int,LIP_NOTI/CGO/ABR/D,0,Yes
LIP_NOTI,ABV,CGO,station,2,0.08,Goal,Root/div/station,LIP_NOTI/CGO/ABV,1,No
LIP_NOTI,I,ABV,dom_int,3,100.0,Goal,Root/div/station/dom_int,LIP_NOTI/CGO/ABV/I,0,Yes
LIP_NOTI,ABY,CGO,station,2,0.08,Goal,Root/div/station,LIP_NOTI/CGO/ABY,1,No
LIP_NOTI,D,ABY,dom_int,3,100.0,Goal,Root/div/station/dom_int,LIP_NOTI/CGO/ABY/D,0,Yes
LIP_NOTI,ABZ,CGO,station,2,0.23,Goal,Root/div/station,LIP_NOTI/CGO/ABZ,2,No
LIP_NOTI,D,ABZ,dom_int,3,56.65,Goal,Root/div/station/dom_int,LIP_NOTI/CGO/ABZ/D,0,Yes
LIP_NOTI,I,ABZ,dom_int,3,43.35,Goal,Root/div/station/dom_int,LIP_NOTI/CGO/ABZ/I,0,Yes
LIP_NOTI,ACC,CGO,station,2,0.33,Goal,Root/div/station,LIP_NOTI/CGO/ACC,2,No
LIP_NOTI,D,ACC,dom_int,3,35.91,Goal,Root/div/station/dom_int,LIP_NOTI/CGO/ACC/D,0,Yes
LIP_NOTI,I,ACC,dom_int,3,64.09,Goal,Root/div/station/dom_int,LIP_NOTI/CGO/ACC/I,0,Yes
LIP_NOTI,ADD,CGO,station,2,0.03,Goal,Root/div/station,LIP_NOTI/CGO/ADD,1,No
LIP_NOTI,I,ADD,dom_int,3,100.0,Goal,Root/div/station/dom_int,LIP_NOTI/CGO/ADD/I,0,Yes
LIP_NOTI,ADL,CGO,station,2,0.35,Goal,Root/div/station,LIP_NOTI/CGO/ADL,1,No
LIP_NOTI,I,ADL,dom_int,3,100.0,Goal,Root/div/station/dom_int,LIP_NOTI/CGO/ADL/I,0,Yes
LIP_NOTI,AEX,CGO,station,2,0.29,Goal,Root/div/station,LIP_NOTI/CGO/AEX,2,No
LIP_NOTI,D,AEX,dom_int,3,49.67,Goal,Root/div/station/dom_int,LIP_NOTI/CGO/AEX/D,0,Yes
LIP_NOTI,I,AEX,dom_int,3,50.33,Goal,Root/div/station/dom_int,LIP_NOTI/CGO/AEX/I,0,Yes
LIP_NOTI,AGP,CGO,station,2,0.16,Goal,Root/div/station,LIP_NOTI/CGO/AGP,1,No
LIP_NOTI,I,AGP,dom_int,3,100.0,Goal,Root/div/station/dom_int,LIP_NOTI/CGO/AGP/I,0,Yes
LIP_NOTI,AGS,CGO,station,2,0.08,Goal,Root/div/station,LIP_NOTI/CGO/AGS,2,No
LIP_NOTI,D,AGS,dom_int,3,95.44,Goal,Root/div/station/dom_int,LIP_NOTI/CGO/AGS/D,0,Yes
LIP_NOTI,I,AGS,dom_int,3,4.56,Goal,Root/div/station/dom_int,LIP_NOTI/CGO/AGS/I,0,Yes
LIP_NOTI,AKL,CGO,station,2,0.21,Goal,Root/div/station,LIP_NOTI/CGO/AKL,2,No
LIP_NOTI,D,AKL,dom_int,3,38.97,Goal,Root/div/station/dom_int,LIP_NOTI/CGO/AKL/D,0,Yes
LIP_NOTI,I,AKL,dom_int,3,61.03,Goal,Root/div/station/dom_int,LIP_NOTI/CGO/AKL/I,0,Yes
LIP_NOTI,ALB,CGO,station,2,0.36,Goal,Root/div/station,LIP_NOTI/CGO/ALB,2,No
LIP_NOTI,D,ALB,dom_int,3,24.37,Goal,Root/div/station/dom_int,LIP_NOTI/CGO/ALB/D,0,Yes
LIP_NOTI,I,ALB,dom_int,3,75.63,Goal,Root/div/station/dom_int,LIP_NOTI/CGO/ALB/I,0,Yes
LIP_NOTI,ALC,CGO,station,2,0.17,Goal,Root/div/station,LIP_NOTI/CGO/ALC,1,No
LIP_NOTI,I,ALC,dom_int,3,100.0,Goal,Root/div/station/dom_int,LIP_NOTI/CGO/ALC/I,0,Yes
LIP_NOTI,ALG,CGO,station,2,0.29,Goal,Root/div/station,LIP_NOTI/CGO/ALG,1,No
LIP_NOTI,I,ALG,dom_int,3,100.0,Goal,Root/div/station/dom_int,LIP_NOTI/CGO/ALG/I,0,Yes
LIP_NOTI,AMS,CGO,station,2,0.02,Goal,Root/div/station,LIP_NOTI/CGO/AMS,2,No
LIP_NOTI,D,AMS,dom_int,3,53.95,Goal,Root/div/station/dom_int,LIP_NOTI/CGO/AMS/D,0,Yes
LIP_NOTI,I,AMS,dom_int,3,46.05,Goal,Root/div/station/dom_int,LIP_NOTI/CGO/AMS/I,0,Yes
LIP_NOTI,ANC,CGO,station,2,0.31,Goal,Root/div/station,LIP_NOTI/CGO/ANC,2,No
LIP_NOTI,D,ANC,dom_int,3,52.98,Goal,Root/div/station/dom_int,LIP_NOTI/CGO/ANC/D,0,Yes
LIP_NOTI,I,ANC,dom_int,3,47.02,Goal,Root/div/station/dom_int,LIP_NOTI/CGO/ANC/I,0,Yes
LIP_NOTI,ANU,CGO,station,2,0.04,Goal,Root/div/station,LIP_NOTI/CGO/ANU,1,No
LIP_NOTI,I,ANU,dom_int,3,100.0,Goal,Root/div/station/dom_int,LIP_NOTI/CGO/ANU/I,0,Yes
LIP_NOTI,AOI,CGO,station,2,0.19,Goal,Root/div/station,LIP_NOTI/CGO/AOI,1,No
LIP_NOTI,I,AOI,dom_int,3,100.0,Goal,Root/div/station/dom_int,LIP_NOTI/CGO/AOI/I,0,Yes
LIP_NOTI,APN,CGO,station,2,0.28,Goal,Root/div/station,LIP_NOTI/CGO/APN,1,No
LIP_NOTI,D,APN,dom_int,3,100.0,Goal,Root/div/station/dom_int,LIP_NOTI/CGO/APN/D,0,Yes
LIP_NOTI,ARN,CGO,station,2,0.22,Goal,Root/div/station,LIP_NOTI/CGO/ARN,2,No
LIP_NOTI,D,ARN,dom_int,3,51.23,Goal,Root/div/station/dom_int,LIP_NOTI/CGO/ARN/D,0,Yes
LIP_NOTI,I,ARN,dom_int,3,48.77,Goal,Root/div/station/dom_int,LIP_NOTI/CGO/ARN/I,0,Yes
LIP_NOTI,ATH,CGO,station,2,0.22,Goal,Root/div/station,LIP_NOTI/CGO/ATH,2,No
LIP_NOTI,D,ATH,dom_int,3,80.84,Goal,Root/div/station/dom_int,LIP_NOTI/CGO/ATH/D,0,Yes
LIP_NOTI,I,ATH,dom_int,3,19.16,Goal,Root/div/station/dom_int,LIP_NOTI/CGO/ATH/I,0,Yes
LIP_NOTI,ATL,CGO,station,2,0.38,Goal,Root/div/station,LIP_NOTI/CGO/ATL,2,No
LIP_NOTI,D,ATL,dom_int,3,52.38,Goal,Root/div/station/dom_int,LIP_NOTI/CGO/ATL/D,0,Yes
LIP_NOTI,I,ATL,dom_int,3,47.62,Goal,Root/div/station/dom_int,LIP_NOTI/CGO/ATL/I,0,Yes
LIP_NOTI,ATW,CGO,station,2,0.09,Goal,Root/div/station,LIP_NOTI/CGO/ATW,2,No
LIP_NOTI,D,ATW,dom_int,3,65.3,Goal,Root/div/station/dom_int,LIP_NOTI/CGO/ATW/D,0,Yes
LIP_NOTI,I,ATW,dom_int,3,34.7,Goal,Root/div/station/dom_int,LIP_NOTI/CGO/ATW/I,0,Yes
LIP_NOTI,AUA,CGO,station,2,0.22,Goal,Root/div/station,LIP_NOTI/CGO/AUA,2,No
LIP_NOTI,D,AUA,dom_int,3,88.42,Goal,Root/div/station/dom_int,LIP_NOTI/CGO/AUA/D,0,Yes
LIP_NOTI,I,AUA,dom_int,3,11.58,Goal,Root/div/station/dom_int,LIP_NOTI/CGO/AUA/I,0,Yes
LIP_NOTI,AUH,CGO,station,2,0.17,Goal,Root/div/station,LIP_NOTI/CGO/AUH,1,No
LIP_NOTI,I,AUH,dom_int,3,100.0,Goal,Root/div/station/dom_int,LIP_NOTI/CGO/AUH/I,0,Yes
LIP_NOTI,AUS,CGO,station,2,0.15,Goal,Root/div/station,LIP_NOTI/CGO/AUS,2,No
LIP_NOTI,D,AUS,dom_int,3,25.04,Goal,Root/div/station/dom_int,LIP_NOTI/CGO/AUS/D,0,Yes
LIP_NOTI,I,AUS,dom_int,3,74.96,Goal,Root/div/station/dom_int,LIP_NOTI/CGO/AUS/I,0,Yes
LIP_NOTI,AVL,CGO,station,2,0.01,Goal,Root/div/station,LIP_NOTI/CGO/AVL,2,No
LIP_NOTI,D,AVL,dom_int,3,93.13,Goal,Root/div/station/dom_int,LIP_NOTI/CGO/AVL/D,0,Yes
LIP_NOTI,I,AVL,dom_int,3,6.87,Goal,Root/div/station/dom_int,LIP_NOTI/CGO/AVL/I,0,Yes
LIP_NOTI,AVP,CGO,station,2,0.06,Goal,Root/div/station,LIP_NOTI/CGO/AVP,1,No
LIP_NOTI,D,AVP,dom_int,3,100.0,Goal,Root/div/station/dom_int,LIP_NOTI/CGO/AVP/D,0,Yes
LIP_NOTI,AZO,CGO,station,2,0.35,Goal,Root/div/station,LIP_NOTI/CGO/AZO,2,No
LIP_NOTI,D,AZO,dom_int,3,54.37,Goal,Root/div/station/dom_int,LIP_NOTI/CGO/AZO/D,0,Yes
LIP_NOTI,I,AZO,dom_int,3,45.63,Goal,Root/div/station/dom_int,LIP_NOTI/CGO/AZO/I,0,Yes
LIP_NOTI,BCN,CGO,station,2,0.2,Goal,Root/div/station,LIP_NOTI/CGO/BCN,2,No
LIP_NOTI,D,BCN,dom_int,3,40.74,Goal,Root/div/station/dom_int,LIP_NOTI/CGO/BCN/D,0,Yes
LIP_NOTI,I,BCN,dom_int,3,59.26,Goal,Root/div/station/dom_int,LIP_NOTI/CGO/BCN/I,0,Yes
LIP_NOTI,BDA,CGO,station,2,0.05,Goal,Root/div/station,LIP_NOTI/CGO/BDA,2,No
LIP_NOTI,D,BDA,dom_int,3,68.46,Goal,Root/div/station/dom_int,LIP_NOTI/CGO/BDA/D,0,Yes
LIP_NOTI,I,BDA,dom_int,3,31.54,Goal,Root/div/station/dom_int,LIP_NOTI/CGO/BDA/I,0,Yes
LIP_NOTI,BDL,CGO,station,2,0.07,Goal,Root/div/station,LIP_NOTI/CGO/BDL,2,No
LIP_NOTI,D,BDL,dom_int,3,33.0,Goal,Root/div/station/dom_int,LIP_NOTI/CGO/BDL/D,0,Yes
LIP_NOTI,I,BDL,dom_int,3,67.0,Goal,Root/div/station/dom_int,LIP_NOTI/CGO/BDL/I,0,Yes
LIP_NOTI,BER,CGO,station,2,0.26,Goal,Root/div/station,LIP_NOTI/CGO/BER,2,No
LIP_NOTI,D,BER,dom_int,3,74.82,Goal,Root/div/station/dom_int,LIP_NOTI/CGO/BER/D,0,Yes
LIP_NOTI,I,BER,dom_int,3,25.18,Goal,Root/div/station/dom_int,LIP_NOTI/CGO/BER/I,0,Yes
LIP_NOTI,BFS,CGO,station,2,0.03,Goal,Root/div/station,LIP_NOTI/CGO/BFS,2,No
LIP_NOTI,D,BFS,dom_int,3,1.47,Goal,Root/div/station/dom_int,LIP_NOTI/CGO/BFS/D,0,Yes
LIP_NOTI,I,BFS,dom_int,3,98.53,Goal,Root/div/station/dom_int,LIP_NOTI/CGO/BFS/I,0,Yes
LIP_NOTI,BGM,CGO,station,2,0.24,Goal,Root/div/station,LIP_NOTI/CGO/BGM,1,No
LIP_NOTI,D,BGM,dom_int,3,100.0,Goal,Root/div/station/dom_int,LIP_NOTI/CGO/BGM/D,0,Yes
LIP_NOTI,BGR,CGO,station,2,0.36,Goal,Root/div/station,LIP_NOTI/CGO/BGR,2,No
LIP_NOTI,D,BGR,dom_int,3,58.71,Goal,Root/div/station/dom_int,LIP_NOTI/CGO/BGR/D,0,Yes
LIP_NOTI,I,BGR,dom_int,3,41.29,Goal,Root/div/station/dom_int,LIP_NOTI/CGO/BGR/I,0,Yes
LIP_NOTI,BHM,CGO,station,2,0.08,Goal,Root/div/station,LIP_NOTI/CGO/BHM,2,No
LIP_NOTI,D,BHM,dom_int,3,41.88,Goal,Root/div/station/dom_int,LIP_NOTI/CGO/BHM/D,0,Yes
LIP_NOTI,I,BHM,dom_int,3,58.12,Goal,Root/div/station/dom_int,LIP_NOTI/CGO/BHM/I,0,Yes
LIP_NOTI,BHX,CGO,station,2,0.26,Goal,Root/div/station,LIP_NOTI/CGO/BHX,2,No
LIP_NOTI,D,BHX,dom_int,3,12.13,Goal,Root/div/station/dom_int,LIP_NOTI/CGO/BHX/D,0,Yes
LIP_NOTI,I,BHX,dom_int,3,87.87,Goal,Root/div/station/dom_int,LIP_NOTI/CGO/BHX/I,0,Yes
LIP_NOTI,BIL,CGO,station,2,0.35,Goal,Root/div/station,LIP_NOTI/CGO/BIL,2,No
LIP_NOTI,D,BIL,dom_int,3,78.88,Goal,Root/div/station/dom_int,LIP_NOTI/CGO/BIL/D,0,Yes
LIP_NOTI,I,BIL,dom_int,3,21.12,Goal,Root/div/station/dom_int,LIP_NOTI/CGO/BIL/I,0,Yes
LIP_NOTI,BIO,CGO,station,2,0.25,Goal,Root/div/station,LIP_NOTI/CGO/BIO,1,No
LIP_NOTI,I,BIO,dom_int,3,100.0,Goal,Root/div/station/dom_int,LIP_NOTI/CGO/BIO/I,0,Yes
LIP_NOTI,BIS,CGO,station,2,0.08,Goal,Root/div/station,LIP_NOTI/CGO/BIS,2,No
LIP_NOTI,D,BIS,dom_int,3,58.67,Goal,Root/div/station/dom_int,LIP_NOTI/CGO/BIS/D,0,Yes
LIP_NOTI,I,BIS,dom_int,3,41.33,Goal,Root/div/station/dom_int,LIP_NOTI/CGO/BIS/I,0,Yes
LIP_NOTI,BJI,CGO,station,2,0.32,Goal,Root/div/station,LIP_NOTI/CGO/BJI,2,No
LIP_NOTI,D,BJI,dom_int,3,85.22,Goal,Root/div/station/dom_int,LIP_NOTI/CGO/BJI/D,0,Yes
LIP_NOTI,I,BJI,dom_int,3,14.78,Goal,Root/div/station/dom_int,LIP_NOTI/CGO/BJI/I,0,Yes
LIP_NOTI,BKK,CGO,station,2,0.24,Goal,Root/div/station,LIP_NOTI/CGO/BKK,2,No
LIP_NOTI,D,BKK,dom_int,3,46.78,Goal,Root/div/station/dom_int,LIP_NOTI/CGO/BKK/D,0,Yes
LIP_NOTI,I,BKK,dom_int,3,53.22,Goal,Root/div/station/dom_int,LIP_NOTI/CGO/BKK/I,0,Yes
LIP_NOTI,BLL,CGO,station,2,0.1,Goal,Root/div/station,LIP_NOTI/CGO/BLL,2,No
LIP_NOTI,D,BLL,dom_int,3,28.32,Goal,Root/div/station/dom_int,LIP_NOTI/CGO/BLL/D,0,Yes
LIP_NOTI,I,BLL,dom_int,3,71.68,Goal,Root/div/station/dom_int,LIP_NOTI/CGO/BLL/I,0,Yes
LIP_NOTI,BLR,CGO,station,2,0.31,Goal,Root/div/station,LIP_NOTI/CGO/BLR,1,No
LIP_NOTI,I,BLR,dom_int,3,100.0,Goal,Root/div/station/dom_int,LIP_NOTI/CGO/BLR/I,0,Yes
LIP_NOTI,BMI,CGO,station,2,0.38,Goal,Root/div/station,LIP_NOTI/CGO/BMI,2,No
LIP_NOTI,D,BMI,dom_int,3,9.95,Goal,Root/div/station/dom_int,LIP_NOTI/CGO/BMI/D,0,Yes
LIP_NOTI,I,BMI,dom_int,3,90.05,Goal,Root/div/station/dom_int,LIP_NOTI/CGO/BMI/I,0,Yes
LIP_NOTI,BNA,CGO,station,2,0.02,Goal,Root/div/station,LIP_NOTI/CGO/BNA,2,No
LIP_NOTI,D,BNA,dom_int,3,1.51,Goal,Root/div/station/dom_int,LIP_NOTI/CGO/BNA/D,0,Yes
LIP_NOTI,I,BNA,dom_int,3,98.49,Goal,Root/div/station/dom_int,LIP_NOTI/CGO/BNA/I,0,Yes
LIP_NOTI,BNE,CGO,station,2,0.23,Goal,Root/div/station,LIP_NOTI/CGO/BNE,2,No
LIP_NOTI,D,BNE,dom_int,3,7.43,Goal,Root/div/station/dom_int,LIP_NOTI/CGO/BNE/D,0,Yes
LIP_NOTI,I,BNE,dom_int,3,92.57,Goal,Root/div/station/dom_int,LIP_NOTI/CGO/BNE/I,0,Yes
LIP_NOTI,BOD,CGO,station,2,0.38,Goal,Root/div/station,LIP_NOTI/CGO/BOD,1,No
LIP_NOTI,I,BOD,dom_int,3,100.0,Goal,Root/div/station/dom_int,LIP_NOTI/CGO/BOD/I,0,Yes
LIP_NOTI,BOG,CGO,station,2,0.34,Goal,Root/div/station,LIP_NOTI/CGO/BOG,2,No
LIP_NOTI,D,BOG,dom_int,3,53.85,Goal,Root/div/station/dom_int,LIP_NOTI/CGO/BOG/D,0,Yes
LIP_NOTI,I,BOG,dom_int,3,46.15,Goal,Root/div/station/dom_int,LIP_NOTI/CGO/BOG/I,0,Yes
LIP_NOTI,BOI,CGO,station,2,0.34,Goal,Root/div/station,LIP_NOTI/CGO/BOI,2,No
LIP_NOTI,D,BOI,dom_int,3,14.58,Goal,Root/div/station/dom_int,LIP_NOTI/CGO/BOI/D,0,Yes
LIP_NOTI,I,BOI,dom_int,3,85.42,Goal,Root/div/station/dom_int,LIP_NOTI/CGO/BOI/I,0,Yes
LIP_NOTI,BOM,CGO,station,2,0.21,Goal,Root/div/station,LIP_NOTI/CGO/BOM,1,No
LIP_NOTI,I,BOM,dom_int,3,100.0,Goal,Root/div/station/dom_int,LIP_NOTI/CGO/BOM/I,0,Yes
LIP_NOTI,BON,CGO,station,2,0.19,Goal,Root/div/station,LIP_NOTI/CGO/BON,1,No
LIP_NOTI,I,BON,dom_int,3,100.0,Goal,Root/div/station/dom_int,LIP_NOTI/CGO/BON/I,0,Yes
LIP_NOTI,BOS,CGO,station,2,0.34,Goal,Root/div/station,LIP_NOTI/CGO/BOS,2,No
LIP_NOTI,D,BOS,dom_int,3,90.0,Goal,Root/div/station/dom_int,LIP_NOTI/CGO/BOS/D,0,Yes
LIP_NOTI,I,BOS,dom_int,3,10.0,Goal,Root/div/station/dom_int,LIP_NOTI/CGO/BOS/I,0,Yes
LIP_NOTI,BQK,CGO,station,2,0.36,Goal,Root/div/station,LIP_NOTI/CGO/BQK,1,No
LIP_NOTI,D,BQK,dom_int,3,100.0,Goal,Root/div/station/dom_int,LIP_NOTI/CGO/BQK/D,0,Yes
LIP_NOTI,BRD,CGO,station,2,0.25,Goal,Root/div/station,LIP_NOTI/CGO/BRD,1,No
LIP_NOTI,D,BRD,dom_int,3,100.0,Goal,Root/div/station/dom_int,LIP_NOTI/CGO/BRD/D,0,Yes
LIP_NOTI,BRE,CGO,station,2,0.24,Goal,Root/div/station,LIP_NOTI/CGO/BRE,1,No
LIP_NOTI,I,BRE,dom_int,3,100.0,Goal,Root/div/station/dom_int,LIP_NOTI/CGO/BRE/I,0,Yes
LIP_NOTI,BRS,CGO,station,2,0.28,Goal,Root/div/station,LIP_NOTI/CGO/BRS,1,No
LIP_NOTI,I,BRS,dom_int,3,100.0,Goal,Root/div/station/dom_int,LIP_NOTI/CGO/BRS/I,0,Yes
LIP_NOTI,BRU,CGO,station,2,0.35,Goal,Root/div/station,LIP_NOTI/CGO/BRU,2,No
LIP_NOTI,D,BRU,dom_int,3,35.09,Goal,Root/div/station/dom_int,LIP_NOTI/CGO/BRU/D,0,Yes
LIP_NOTI,I,BRU,dom_int,3,64.91,Goal,Root/div/station/dom_int,LIP_NOTI/CGO/BRU/I,0,Yes
LIP_NOTI,BSB,CGO,station,2,0.13,Goal,Root/div/station,LIP_NOTI/CGO/BSB,1,No
LIP_NOTI,I,BSB,dom_int,3,100.0,Goal,Root/div/station/dom_int,LIP_NOTI/CGO/BSB/I,0,Yes
LIP_NOTI,BSL,CGO,station,2,0.2,Goal,Root/div/station,LIP_NOTI/CGO/BSL,1,No
LIP_NOTI,I,BSL,dom_int,3,100.0,Goal,Root/div/station/dom_int,LIP_NOTI/CGO/BSL/I,0,Yes
LIP_NOTI,BTM,CGO,station,2,0.17,Goal,Root/div/station,LIP_NOTI/CGO/BTM,1,No
LIP_NOTI,D,BTM,dom_int,3,100.0,Goal,Root/div/station/dom_int,LIP_NOTI/CGO/BTM/D,0,Yes
LIP_NOTI,BTR,CGO,station,2,0.31,Goal,Root/div/station,LIP_NOTI/CGO/BTR,2,No
LIP_NOTI,D,BTR,dom_int,3,45.63,Goal,Root/div/station/dom_int,LIP_NOTI/CGO/BTR/D,0,Yes
LIP_NOTI,I,BTR,dom_int,3,54.37,Goal,Root/div/station/dom_int,LIP_NOTI/CGO/BTR/I,0,Yes
LIP_NOTI,BTV,CGO,station,2,0.3,Goal,Root/div/station,LIP_NOTI/CGO/BTV,2,No
LIP_NOTI,D,BTV,dom_int,3,2.49,Goal,Root/div/station/dom_int,LIP_NOTI/CGO/BTV/D,0,Yes
LIP_NOTI,I,BTV,dom_int,3,97.51,Goal,Root/div/station/dom_int,LIP_NOTI/CGO/BTV/I,0,Yes
LIP_NOTI,BUD,CGO,station,2,0.34,Goal,Root/div/station,LIP_NOTI/CGO/BUD,2,No
LIP_NOTI,D,BUD,dom_int,3,73.03,Goal,Root/div/station/dom_int,LIP_NOTI/CGO/BUD/D,0,Yes
LIP_NOTI,I,BUD,dom_int,3,26.97,Goal,Root/div/station/dom_int,LIP_NOTI/CGO/BUD/I,0,Yes
LIP_NOTI,BUF,CGO,station,2,0.19,Goal,Root/div/station,LIP_NOTI/CGO/BUF,2,No
LIP_NOTI,D,BUF,dom_int,3,98.89,Goal,Root/div/station/dom_int,LIP_NOTI/CGO/BUF/D,0,Yes
LIP_NOTI,I,BUF,dom_int,3,1.11,Goal,Root/div/station/dom_int,LIP_NOTI/CGO/BUF/I,0,Yes
LIP_NOTI,BWI,CGO,station,2,0.04,Goal,Root/div/station,LIP_NOTI/CGO/BWI,2,No
LIP_NOTI,D,BWI,dom_int,3,44.53,Goal,Root/div/station/dom_int,LIP_NOTI/CGO/BWI/D,0,Yes
LIP_NOTI,I,BWI,dom_int,3,55.47,Goal,Root/div/station/dom_int,LIP_NOTI/CGO/BWI/I,0,Yes
LIP_NOTI,BZE,CGO,station,2,0.09,Goal,Root/div/station,LIP_NOTI/CGO/BZE,1,No
LIP_NOTI,I,BZE,dom_int,3,100.0,Goal,Root/div/station/dom_int,LIP_NOTI/CGO/BZE/I,0,Yes
LIP_NOTI,BZN,CGO,station,2,0.03,Goal,Root/div/station,LIP_NOTI/CGO/BZN,2,No
LIP_NOTI,D,BZN,dom_int,3,58.97,Goal,Root/div/station/dom_int,LIP_NOTI/CGO/BZN/D,0,Yes
LIP_NOTI,I,BZN,dom_int,3,41.03,Goal,Root/div/station/dom_int,LIP_NOTI/CGO/BZN/I,0,Yes
LIP_NOTI,CAE,CGO,station,2,0.05,Goal,Root/div/station,LIP_NOTI/CGO/CAE,2,No
LIP_NOTI,D,CAE,dom_int,3,92.53,Goal,Root/div/station/dom_int,LIP_NOTI/CGO/CAE/D,0,Yes
LIP_NOTI,I,CAE,dom_int,3,7.47,Goal,Root/div/station/dom_int,LIP_NOTI/CGO/CAE/I,0,Yes
LIP_NOTI,CAI,CGO,station,2,0.08,Goal,Root/div/station,LIP_NOTI/CGO/CAI,1,No
LIP_NOTI,I,CAI,dom_int,3,100.0,Goal,Root/div/station/dom_int,LIP_NOTI/CGO/CAI/I,0,Yes
LIP_NOTI,CAK,CGO,station,2,0.3,Goal,Root/div/station,LIP_NOTI/CGO/CAK,2,No
LIP_NOTI,D,CAK,dom_int,3,0.85,Goal,Root/div/station/dom_int,LIP_NOTI/CGO/CAK/D,0,Yes
LIP_NOTI,I,CAK,dom_int,3,99.15,Goal,Root/div/station/dom_int,LIP_NOTI/CGO/CAK/I,0,Yes
LIP_NOTI,CAN,CGO,station,2,0.2,Goal,Root/div/station,LIP_NOTI/CGO/CAN,2,No
LIP_NOTI,D,CAN,dom_int,3,36.9,Goal,Root/div/station/dom_int,LIP_NOTI/CGO/CAN/D,0,Yes
LIP_NOTI,I,CAN,dom_int,3,63.1,Goal,Root/div/station/dom_int,LIP_NOTI/CGO/CAN/I,0,Yes
LIP_NOTI,CCS,CGO,station,2,0.36,Goal,Root/div/station,LIP_NOTI/CGO/CCS,1,No
LIP_NOTI,I,CCS,dom_int,3,100.0,Goal,Root/div/station/dom_int,LIP_NOTI/CGO/CCS/I,0,Yes
LIP_NOTI,CDC,CGO,station,2,0.33,Goal,Root/div/station,LIP_NOTI/CGO/CDC,1,No
LIP_NOTI,D,CDC,dom_int,3,100.0,Goal,Root/div/station/dom_int,LIP_NOTI/CGO/CDC/D,0,Yes
LIP_NOTI,CDG,CGO,station,2,0.13,Goal,Root/div/station,LIP_NOTI/CGO/CDG,2,No
LIP_NOTI,D,CDG,dom_int,3,67.15,Goal,Root/div/station/dom_int,LIP_NOTI/CGO/CDG/D,0,Yes
LIP_NOTI,I,CDG,dom_int,3,32.85,Goal,Root/div/station/dom_int,LIP_NOTI/CGO/CDG/I,0,Yes
LIP_NOTI,CGK,CGO,station,2,0.32,Goal,Root/div/station,LIP_NOTI/CGO/CGK,1,No
LIP_NOTI,I,CGK,dom_int,3,100.0,Goal,Root/div/station/dom_int,LIP_NOTI/CGO/CGK/I,0,Yes
LIP_NOTI,CGN,CGO,station,2,0.13,Goal,Root/div/station,LIP_NOTI/CGO/CGN,1,No
LIP_NOTI,I,CGN,dom_int,3,100.0,Goal,Root/div/station/dom_int,LIP_NOTI/CGO/CGN/I,0,Yes
LIP_NOTI,CHA,CGO,station,2,0.28,Goal,Root/div/station,LIP_NOTI/CGO/CHA,2,No
LIP_NOTI,D,CHA,dom_int,3,66.31,Goal,Root/div/station/dom_int,LIP_NOTI/CGO/CHA/D,0,Yes
LIP_NOTI,I,CHA,dom_int,3,33.69,Goal,Root/div/station/dom_int,LIP_NOTI/CGO/CHA/I,0,Yes
LIP_NOTI,CHC,CGO,station,2,0.01,Goal,Root/div/station,LIP_NOTI/CGO/CHC,1,No
LIP_NOTI,I,CHC,dom_int,3,100.0,Goal,Root/div/station/dom_int,LIP_NOTI/CGO/CHC/I,0,Yes
LIP_NOTI,CHO,CGO,station,2,0.1,Goal,Root/div/station,LIP_NOTI/CGO/CHO,2,No
LIP_NOTI,D,CHO,dom_int,3,33.41,Goal,Root/div/station/dom_int,LIP_NOTI/CGO/CHO/D,0,Yes
LIP_NOTI,I,CHO,dom_int,3,66.59,Goal,Root/div/station/dom_int,LIP_NOTI/CGO/CHO/I,0,Yes
LIP_NOTI,CHS,CGO,station,2,0.27,Goal,Root/div/station,LIP_NOTI/CGO/CHS,2,No
LIP_NOTI,D,CHS,dom_int,3,92.55,Goal,Root/div/station/dom_int,LIP_NOTI/CGO/CHS/D,0,Yes
LIP_NOTI,I,CHS,dom_int,3,7.45,Goal,Root/div/station/dom_int,LIP_NOTI/CGO/CHS/I,0,Yes
LIP_NOTI,CID,CGO,station,2,0.29,Goal,Root/div/station,LIP_NOTI/CGO/CID,2,No
LIP_NOTI,D,CID,dom_int,3,89.53,Goal,Root/div/station/dom_int,LIP_NOTI/CGO/CID/D,0,Yes
LIP_NOTI,I,CID,dom_int,3,10.47,Goal,Root/div/station/dom_int,LIP_NOTI/CGO/CID/I,0,Yes
LIP_NOTI,CIU,CGO,station,2,0.31,Goal,Root/div/station,LIP_NOTI/CGO/CIU,1,No
LIP_NOTI,D,CIU,dom_int,3,100.0,Goal,Root/div/station/dom_int,LIP_NOTI/CGO/CIU/D,0,Yes
LIP_NOTI,CKY,CGO,station,2,0.19,Goal,Root/div/station,LIP_NOTI/CGO/CKY,1,No
LIP_NOTI,I,CKY,dom_int,3,100.0,Goal,Root/div/station/dom_int,LIP_NOTI/CGO/CKY/I,0,Yes
LIP_NOTI,CLE,CGO,station,2,0.11,Goal,Root/div/station,LIP_NOTI/CGO/CLE,2,No
LIP_NOTI,D,CLE,dom_int,3,89.74,Goal,Root/div/station/dom_int,LIP_NOTI/CGO/CLE/D,0,Yes
LIP_NOTI,I,CLE,dom_int,3,10.26,Goal,Root/div/station/dom_int,LIP_NOTI/CGO/CLE/I,0,Yes
LIP_NOTI,CLT,CGO,station,2,0.07,Goal,Root/div/station,LIP_NOTI/CGO/CLT,2,No
LIP_NOTI,D,CLT,dom_int,3,82.54,Goal,Root/div/station/dom_int,LIP_NOTI/CGO/CLT/D,0,Yes
LIP_NOTI,I,CLT,dom_int,3,17.46,Goal,Root/div/station/dom_int,LIP_NOTI/CGO/CLT/I,0,Yes
LIP_NOTI,CMH,CGO,station,2,0.15,Goal,Root/div/station,LIP_NOTI/CGO/CMH,2,No
LIP_NOTI,D,CMH,dom_int,3,29.29,Goal,Root/div/station/dom_int,LIP_NOTI/CGO/CMH/D,0,Yes
LIP_NOTI,I,CMH,dom_int,3,70.71,Goal,Root/div/station/dom_int,LIP_NOTI/CGO/CMH/I,0,Yes
LIP_NOTI,CMN,CGO,station,2,0.19,Goal,Root/div/station,LIP_NOTI/CGO/CMN,1,No
LIP_NOTI,I,CMN,dom_int,3,100.0,Goal,Root/div/station/dom_int,LIP_NOTI/CGO/CMN/I,0,Yes
LIP_NOTI,CNF,CGO,station,2,0.11,Goal,Root/div/station,LIP_NOTI/CGO/CNF,2,No
LIP_NOTI,D,CNF,dom_int,3,83.24,Goal,Root/div/station/dom_int,LIP_NOTI/CGO/CNF/D,0,Yes
LIP_NOTI,I,CNF,dom_int,3,16.76,Goal,Root/div/station/dom_int,LIP_NOTI/CGO/CNF/I,0,Yes
LIP_NOTI,COD,CGO,station,2,0.08,Goal,Root/div/station,LIP_NOTI/CGO/COD,1,No
LIP_NOTI,D,COD,dom_int,3,100.0,Goal,Root/div/station/dom_int,LIP_NOTI/CGO/COD/D,0,Yes
LIP_NOTI,COS,CGO,station,2,0.13,Goal,Root/div/station,LIP_NOTI/CGO/COS,2,No
LIP_NOTI,D,COS,dom_int,3,39.91,Goal,Root/div/station/dom_int,LIP_NOTI/CGO/COS/D,0,Yes
LIP_NOTI,I,COS,dom_int,3,60.09,Goal,Root/div/station/dom_int,LIP_NOTI/CGO/COS/I,0,Yes
LIP_NOTI,CPH,CGO,station,2,0.25,Goal,Root/div/station,LIP_NOTI/CGO/CPH,2,No
LIP_NOTI,D,CPH,dom_int,3,95.41,Goal,Root/div/station/dom_int,LIP_NOTI/CGO/CPH/D,0,Yes
LIP_NOTI,I,CPH,dom_int,3,4.59,Goal,Root/div/station/dom_int,LIP_NOTI/CGO/CPH/I,0,Yes
LIP_NOTI,CPR,CGO,station,2,0.04,Goal,Root/div/station,LIP_NOTI/CGO/CPR,1,No
LIP_NOTI,D,CPR,dom_int,3,100.0,Goal,Root/div/station/dom_int,LIP_NOTI/CGO/CPR/D,0,Yes
LIP_NOTI,CPT,CGO,station,2,0.08,Goal,Root/div/station,LIP_NOTI/CGO/CPT,2,No
LIP_NOTI,D,CPT,dom_int,3,46.44,Goal,Root/div/station/dom_int,LIP_NOTI/CGO/CPT/D,0,Yes
LIP_NOTI,I,CPT,dom_int,3,53.56,Goal,Root/div/station/dom_int,LIP_NOTI/CGO/CPT/I,0,Yes
LIP_NOTI,CRW,CGO,station,2,0.06,Goal,Root/div/station,LIP_NOTI/CGO/CRW,2,No
LIP_NOTI,D,CRW,dom_int,3,31.77,Goal,Root/div/station/dom_int,LIP_NOTI/CGO/CRW/D,0,Yes
LIP_NOTI,I,CRW,dom_int,3,68.23,Goal,Root/div/station/dom_int,LIP_NOTI/CGO/CRW/I,0,Yes
LIP_NOTI,CSG,CGO,station,2,0.06,Goal,Root/div/station,LIP_NOTI/CGO/CSG,1,No
LIP_NOTI,D,CSG,dom_int,3,100.0,Goal,Root/div/station/dom_int,LIP_NOTI/CGO/CSG/D,0,Yes
LIP_NOTI,CTG,CGO,station,2,0.11,Goal,Root/div/station,LIP_NOTI/CGO/CTG,1,No
LIP_NOTI,I,CTG,dom_int,3,100.0,Goal,Root/div/station/dom_int,LIP_NOTI/CGO/CTG/I,0,Yes
LIP_NOTI,CUN,CGO,station,2,0.23,Goal,Root/div/station,LIP_NOTI/CGO/CUN,2,No
LIP_NOTI,D,CUN,dom_int,3,96.86,Goal,Root/div/station/dom_int,LIP_NOTI/CGO/CUN/D,0,Yes
LIP_NOTI,I,CUN,dom_int,3,3.14,Goal,Root/div/station/dom_int,LIP_NOTI/CGO/CUN/I,0,Yes
LIP_NOTI,CUR,CGO,station,2,0.17,Goal,Root/div/station,LIP_NOTI/CGO/CUR,1,No
LIP_NOTI,I,CUR,dom_int,3,100.0,Goal,Root/div/station/dom_int,LIP_NOTI/CGO/CUR/I,0,Yes
LIP_NOTI,CVG,CGO,station,2,0.33,Goal,Root/div/station,LIP_NOTI/CGO/CVG,2,No
LIP_NOTI,D,CVG,dom_int,3,29.76,Goal,Root/div/station/dom_int,LIP_NOTI/CGO/CVG/D,0,Yes
LIP_NOTI,I,CVG,dom_int,3,70.24,Goal,Root/div/station/dom_int,LIP_NOTI/CGO/CVG/I,0,Yes
LIP_NOTI,CWA,CGO,station,2,0.27,Goal,Root/div/station,LIP_NOTI/CGO/CWA,1,No
LIP_NOTI,D,CWA,dom_int,3,100.0,Goal,Root/div/station/dom_int,LIP_NOTI/CGO/CWA/D,0,Yes
LIP_NOTI,CWB,CGO,station,2,0.27,Goal,Root/div/station,LIP_NOTI/CGO/CWB,1,No
LIP_NOTI,I,CWB,dom_int,3,100.0,Goal,Root/div/station/dom_int,LIP_NOTI/CGO/CWB/I,0,Yes
LIP_NOTI,CZM,CGO,station,2,0.27,Goal,Root/div/station,LIP_NOTI/CGO/CZM,2,No
LIP_NOTI,D,CZM,dom_int,3,48.2,Goal,Root/div/station/dom_int,LIP_NOTI/CGO/CZM/D,0,Yes
LIP_NOTI,I,CZM,dom_int,3,51.8,Goal,Root/div/station/dom_int,LIP_NOTI/CGO/CZM/I,0,Yes
LIP_NOTI,DAB,CGO,station,2,0.04,Goal,Root/div/station,LIP_NOTI/CGO/DAB,2,No
LIP_NOTI,D,DAB,dom_int,3,44.47,Goal,Root/div/station/dom_int,LIP_NOTI/CGO/DAB/D,0,Yes
LIP_NOTI,I,DAB,dom_int,3,55.53,Goal,Root/div/station/dom_int,LIP_NOTI/CGO/DAB/I,0,Yes
LIP_NOTI,DAL,CGO,station,2,0.32,Goal,Root/div/station,LIP_NOTI/CGO/DAL,2,No
LIP_NOTI,D,DAL,dom_int,3,86.79,Goal,Root/div/station/dom_int,LIP_NOTI/CGO/DAL/D,0,Yes
LIP_NOTI,I,DAL,dom_int,3,13.21,Goal,Root/div/station/dom_int,LIP_NOTI/CGO/DAL/I,0,Yes
LIP_NOTI,DAR,CGO,station,2,0.06,Goal,Root/div/station,LIP_NOTI/CGO/DAR,1,No
LIP_NOTI,I,DAR,dom_int,3,100.0,Goal,Root/div/station/dom_int,LIP_NOTI/CGO/DAR/I,0,Yes
LIP_NOTI,DAY,CGO,station,2,0.24,Goal,Root/div/station,LIP_NOTI/CGO/DAY,2,No
LIP_NOTI,D,DAY,dom_int,3,73.83,Goal,Root/div/station/dom_int,LIP_NOTI/CGO/DAY/D,0,Yes
LIP_NOTI,I,DAY,dom_int,3,26.17,Goal,Root/div/station/dom_int,LIP_NOTI/CGO/DAY/I,0,Yes
LIP_NOTI,DCA,CGO,station,2,0.27,Goal,Root/div/station,LIP_NOTI/CGO/DCA,2,No
LIP_NOTI,D,DCA,dom_int,3,52.38,Goal,Root/div/station/dom_int,LIP_NOTI/CGO/DCA/D,0,Yes
LIP_NOTI,I,DCA,dom_int,3,47.62,Goal,Root/div/station/dom_int,LIP_NOTI/CGO/DCA/I,0,Yes
LIP_NOTI,DEL,CGO,station,2,0.36,Goal,Root/div/station,LIP_NOTI/CGO/DEL,1,No
LIP_NOTI,I,DEL,dom_int,3,100.0,Goal,Root/div/station/dom_int,LIP_NOTI/CGO/DEL/I,0,Yes
LIP_NOTI,DEN,CGO,station,2,0.21,Goal,Root/div/station,LIP_NOTI/CGO/DEN,2,No
LIP_NOTI,D,DEN,dom_int,3,43.48,Goal,Root/div/station/dom_int,LIP_NOTI/CGO/DEN/D,0,Yes
LIP_NOTI,I,DEN,dom_int,3,56.52,Goal,Root/div/station/dom_int,LIP_NOTI/CGO/DEN/I,0,Yes
LIP_NOTI,DFW,CGO,station,2,0.17,Goal,Root/div/station,LIP_NOTI/CGO/DFW,2,No
LIP_NOTI,D,DFW,dom_int,3,91.95,Goal,Root/div/station/dom_int,LIP_NOTI/CGO/DFW/D,0,Yes
LIP_NOTI,I,DFW,dom_int,3,8.05,Goal,Root/div/station/dom_int,LIP_NOTI/CGO/DFW/I,0,Yes
LIP_NOTI,DHN,CGO,station,2,0.1,Goal,Root/div/station,LIP_NOTI/CGO/DHN,1,No
LIP_NOTI,D,DHN,dom_int,3,100.0,Goal,Root/div/station/dom_int,LIP_NOTI/CGO/DHN/D,0,Yes
LIP_NOTI,DKR,CGO,station,2,0.36,Goal,Root/div/station,LIP_NOTI/CGO/DKR,1,No
LIP_NOTI,I,DKR,dom_int,3,100.0,Goal,Root/div/station/dom_int,LIP_NOTI/CGO/DKR/I,0,Yes
LIP_NOTI,DLA,CGO,station,2,0.3,Goal,Root/div/station,LIP_NOTI/CGO/DLA,1,No
LIP_NOTI,I,DLA,dom_int,3,100.0,Goal,Root/div/station/dom_int,LIP_NOTI/CGO/DLA/I,0,Yes
LIP_NOTI,DLH,CGO,station,2,0.35,Goal,Root/div/station,LIP_NOTI/CGO/DLH,2,No
LIP_NOTI,D,DLH,dom_int,3,37.62,Goal,Root/div/station/dom_int,LIP_NOTI/CGO/DLH/D,0,Yes
LIP_NOTI,I,DLH,dom_int,3,62.38,Goal,Root/div/station/dom_int,LIP_NOTI/CGO/DLH/I,0,Yes
LIP_NOTI,DMM,CGO,station,2,0.13,Goal,Root/div/station,LIP_NOTI/CGO/DMM,1,No
LIP_NOTI,I,DMM,dom_int,3,100.0,Goal,Root/div/station/dom_int,LIP_NOTI/CGO/DMM/I,0,Yes
LIP_NOTI,DSM,CGO,station,2,0.35,Goal,Root/div/station,LIP_NOTI/CGO/DSM,2,No
LIP_NOTI,D,DSM,dom_int,3,54.16,Goal,Root/div/station/dom_int,LIP_NOTI/CGO/DSM/D,0,Yes
LIP_NOTI,I,DSM,dom_int,3,45.84,Goal,Root/div/station/dom_int,LIP_NOTI/CGO/DSM/I,0,Yes
LIP_NOTI,DSS,CGO,station,2,0.37,Goal,Root/div/station,LIP_NOTI/CGO/DSS,2,No
LIP_NOTI,D,DSS,dom_int,3,42.45,Goal,Root/div/station/dom_int,LIP_NOTI/CGO/DSS/D,0,Yes
LIP_NOTI,I,DSS,dom_int,3,57.55,Goal,Root/div/station/dom_int,LIP_NOTI/CGO/DSS/I,0,Yes
LIP_NOTI,DTW,CGO,station,2,0.04,Goal,Root/div/station,LIP_NOTI/CGO/DTW,2,No
LIP_NOTI,D,DTW,dom_int,3,38.79,Goal,Root/div/station/dom_int,LIP_NOTI/CGO/DTW/D,0,Yes
LIP_NOTI,I,DTW,dom_int,3,61.21,Goal,Root/div/station/dom_int,LIP_NOTI/CGO/DTW/I,0,Yes
LIP_NOTI,DUB,CGO,station,2,0.22,Goal,Root/div/station,LIP_NOTI/CGO/DUB,2,No
LIP_NOTI,D,DUB,dom_int,3,44.21,Goal,Root/div/station/dom_int,LIP_NOTI/CGO/DUB/D,0,Yes
LIP_NOTI,I,DUB,dom_int,3,55.79,Goal,Root/div/station/dom_int,LIP_NOTI/CGO/DUB/I,0,Yes
LIP_NOTI,DUS,CGO,station,2,0.11,Goal,Root/div/station,LIP_NOTI/CGO/DUS,2,No
LIP_NOTI,D,DUS,dom_int,3,50.11,Goal,Root/div/station/dom_int,LIP_NOTI/CGO/DUS/D,0,Yes
LIP_NOTI,I,DUS,dom_int,3,49.89,Goal,Root/div/station/dom_int,LIP_NOTI/CGO/DUS/I,0,Yes
LIP_NOTI,DXB,CGO,station,2,0.11,Goal,Root/div/station,LIP_NOTI/CGO/DXB,1,No
LIP_NOTI,I,DXB,dom_int,3,100.0,Goal,Root/div/station/dom_int,LIP_NOTI/CGO/DXB/I,0,Yes
LIP_NOTI,EBB,CGO,station,2,0.33,Goal,Root/div/station,LIP_NOTI/CGO/EBB,1,No
LIP_NOTI,I,EBB,dom_int,3,100.0,Goal,Root/div/station/dom_int,LIP_NOTI/CGO/EBB/I,0,Yes
LIP_NOTI,ECP,CGO,station,2,0.02,Goal,Root/div/station,LIP_NOTI/CGO/ECP,2,No
LIP_NOTI,D,ECP,dom_int,3,94.75,Goal,Root/div/station/dom_int,LIP_NOTI/CGO/ECP/D,0,Yes
LIP_NOTI,I,ECP,dom_int,3,5.25,Goal,Root/div/station/dom_int,LIP_NOTI/CGO/ECP/I,0,Yes
LIP_NOTI,EDI,CGO,station,2,0.23,Goal,Root/div/station,LIP_NOTI/CGO/EDI,2,No
LIP_NOTI,D,EDI,dom_int,3,6.7,Goal,Root/div/station/dom_int,LIP_NOTI/CGO/EDI/D,0,Yes
LIP_NOTI,I,EDI,dom_int,3,93.3,Goal,Root/div/station/dom_int,LIP_NOTI/CGO/EDI/I,0,Yes
LIP_NOTI,EIN,CGO,station,2,0.08,Goal,Root/div/station,LIP_NOTI/CGO/EIN,1,No
LIP_NOTI,I,EIN,dom_int,3,100.0,Goal,Root/div/station/dom_int,LIP_NOTI/CGO/EIN/I,0,Yes
LIP_NOTI,EKO,CGO,station,2,0.28,Goal,Root/div/station,LIP_NOTI/CGO/EKO,2,No
LIP_NOTI,D,EKO,dom_int,3,60.37,Goal,Root/div/station/dom_int,LIP_NOTI/CGO/EKO/D,0,Yes
LIP_NOTI,I,EKO,dom_int,3,39.63,Goal,Root/div/station/dom_int,LIP_NOTI/CGO/EKO/I,0,Yes
LIP_NOTI,ELM,CGO,station,2,0.38,Goal,Root/div/station,LIP_NOTI/CGO/ELM,1,No
LIP_NOTI,D,ELM,dom_int,3,100.0,Goal,Root/div/station/dom_int,LIP_NOTI/CGO/ELM/D,0,Yes
LIP_NOTI,ELP,CGO,station,2,0.04,Goal,Root/div/station,LIP_NOTI/CGO/ELP,2,No
LIP_NOTI,D,ELP,dom_int,3,62.7,Goal,Root/div/station/dom_int,LIP_NOTI/CGO/ELP/D,0,Yes
LIP_NOTI,I,ELP,dom_int,3,37.3,Goal,Root/div/station/dom_int,LIP_NOTI/CGO/ELP/I,0,Yes
LIP_NOTI,EMA,CGO,station,2,0.11,Goal,Root/div/station,LIP_NOTI/CGO/EMA,1,No
LIP_NOTI,I,EMA,dom_int,3,100.0,Goal,Root/div/station/dom_int,LIP_NOTI/CGO/EMA/I,0,Yes
LIP_NOTI,ERI,CGO,station,2,0.26,Goal,Root/div/station,LIP_NOTI/CGO/ERI,1,No
LIP_NOTI,D,ERI,dom_int,3,100.0,Goal,Root/div/station/dom_int,LIP_NOTI/CGO/ERI/D,0,Yes
LIP_NOTI,ESC,CGO,station,2,0.22,Goal,Root/div/station,LIP_NOTI/CGO/ESC,1,No
LIP_NOTI,D,ESC,dom_int,3,100.0,Goal,Root/div/station/dom_int,LIP_NOTI/CGO/ESC/D,0,Yes
LIP_NOTI,EUG,CGO,station,2,0.24,Goal,Root/div/station,LIP_NOTI/CGO/EUG,1,No
LIP_NOTI,D,EUG,dom_int,3,100.0,Goal,Root/div/station/dom_int,LIP_NOTI/CGO/EUG/D,0,Yes
LIP_NOTI,EVV,CGO,station,2,0.01,Goal,Root/div/station,LIP_NOTI/CGO/EVV,2,No
LIP_NOTI,D,EVV,dom_int,3,93.24,Goal,Root/div/station/dom_int,LIP_NOTI/CGO/EVV/D,0,Yes
LIP_NOTI,I,EVV,dom_int,3,6.76,Goal,Root/div/station/dom_int,LIP_NOTI/CGO/EVV/I,0,Yes
LIP_NOTI,EWN,CGO,station,2,0.29,Goal,Root/div/station,LIP_NOTI/CGO/EWN,2,No
LIP_NOTI,D,EWN,dom_int,3,45.64,Goal,Root/div/station/dom_int,LIP_NOTI/CGO/EWN/D,0,Yes
LIP_NOTI,I,EWN,dom_int,3,54.36,Goal,Root/div/station/dom_int,LIP_NOTI/CGO/EWN/I,0,Yes
LIP_NOTI,EWR,CGO,station,2,0.17,Goal,Root/div/station,LIP_NOTI/CGO/EWR,2,No
LIP_NOTI,D,EWR,dom_int,3,31.75,Goal,Root/div/station/dom_int,LIP_NOTI/CGO/EWR/D,0,Yes
LIP_NOTI,I,EWR,dom_int,3,68.25,Goal,Root/div/station/dom_int,LIP_NOTI/CGO/EWR/I,0,Yes
LIP_NOTI,EYW,CGO,station,2,0.3,Goal,Root/div/station,LIP_NOTI/CGO/EYW,2,No
LIP_NOTI,D,EYW,dom_int,3,33.07,Goal,Root/div/station/dom_int,LIP_NOTI/CGO/EYW/D,0,Yes
LIP_NOTI,I,EYW,dom_int,3,66.93,Goal,Root/div/station/dom_int,LIP_NOTI/CGO/EYW/I,0,Yes
LIP_NOTI,EZE,CGO,station,2,0.28,Goal,Root/div/station,LIP_NOTI/CGO/EZE,2,No
LIP_NOTI,D,EZE,dom_int,3,24.05,Goal,Root/div/station/dom_int,LIP_NOTI/CGO/EZE/D,0,Yes
LIP_NOTI,I,EZE,dom_int,3,75.95,Goal,Root/div/station/dom_int,LIP_NOTI/CGO/EZE/I,0,Yes
LIP_NOTI,FAI,CGO,station,2,0.38,Goal,Root/div/station,LIP_NOTI/CGO/FAI,2,No
LIP_NOTI,D,FAI,dom_int,3,62.78,Goal,Root/div/station/dom_int,LIP_NOTI/CGO/FAI/D,0,Yes
LIP_NOTI,I,FAI,dom_int,3,37.22,Goal,Root/div/station/dom_int,LIP_NOTI/CGO/FAI/I,0,Yes
LIP_NOTI,FAR,CGO,station,2,0.26,Goal,Root/div/station,LIP_NOTI/CGO/FAR,2,No
LIP_NOTI,D,FAR,dom_int,3,52.95,Goal,Root/div/station/dom_int,LIP_NOTI/CGO/FAR/D,0,Yes
LIP_NOTI,I,FAR,dom_int,3,47.05,Goal,Root/div/station/dom_int,LIP_NOTI/CGO/FAR/I,0,Yes
LIP_NOTI,FAT,CGO,station,2,0.13,Goal,Root/div/station,LIP_NOTI/CGO/FAT,2,No
LIP_NOTI,D,FAT,dom_int,3,43.19,Goal,Root/div/station/dom_int,LIP_NOTI/CGO/FAT/D,0,Yes
LIP_NOTI,I,FAT,dom_int,3,56.81,Goal,Root/div/station/dom_int,LIP_NOTI/CGO/FAT/I,0,Yes
LIP_NOTI,FAY,CGO,station,2,0.25,Goal,Root/div/station,LIP_NOTI/CGO/FAY,2,No
LIP_NOTI,D,FAY,dom_int,3,37.44,Goal,Root/div/station/dom_int,LIP_NOTI/CGO/FAY/D,0,Yes
LIP_NOTI,I,FAY,dom_int,3,62.56,Goal,Root/div/station/dom_int,LIP_NOTI/CGO/FAY/I,0,Yes
LIP_NOTI,FCA,CGO,station,2,0.32,Goal,Root/div/station,LIP_NOTI/CGO/FCA,2,No
LIP_NOTI,D,FCA,dom_int,3,36.23,Goal,Root/div/station/dom_int,LIP_NOTI/CGO/FCA/D,0,Yes
LIP_NOTI,I,FCA,dom_int,3,63.77,Goal,Root/div/station/dom_int,LIP_NOTI/CGO/FCA/I,0,Yes
LIP_NOTI,FCO,CGO,station,2,0.18,Goal,Root/div/station,LIP_NOTI/CGO/FCO,2,No
LIP_NOTI,D,FCO,dom_int,3,57.14,Goal,Root/div/station/dom_int,LIP_NOTI/CGO/FCO/D,0,Yes
LIP_NOTI,I,FCO,dom_int,3,42.86,Goal,Root/div/station/dom_int,LIP_NOTI/CGO/FCO/I,0,Yes
LIP_NOTI,FDF,CGO,station,2,0.31,Goal,Root/div/station,LIP_NOTI/CGO/FDF,1,No
LIP_NOTI,I,FDF,dom_int,3,100.0,Goal,Root/div/station/dom_int,LIP_NOTI/CGO/FDF/I,0,Yes
LIP_NOTI,FLL,CGO,station,2,0.21,Goal,Root/div/station,LIP_NOTI/CGO/FLL,2,No
LIP_NOTI,D,FLL,dom_int,3,42.23,Goal,Root/div/station/dom_int,LIP_NOTI/CGO/FLL/D,0,Yes
LIP_NOTI,I,FLL,dom_int,3,57.77,Goal,Root/div/station/dom_int,LIP_NOTI/CGO/FLL/I,0,Yes
LIP_NOTI,FLN,CGO,station,2,0.09,Goal,Root/div/station,LIP_NOTI/CGO/FLN,1,No
LIP_NOTI,I,FLN,dom_int,3,100.0,Goal,Root/div/station/dom_int,LIP_NOTI/CGO/FLN/I,0,Yes
LIP_NOTI,FLR,CGO,station,2,0.03,Goal,Root/div/station,LIP_NOTI/CGO/FLR,1,No
LIP_NOTI,I,FLR,dom_int,3,100.0,Goal,Root/div/station/dom_int,LIP_NOTI/CGO/FLR/I,0,Yes
LIP_NOTI,FMO,CGO,station,2,0.06,Goal,Root/div/station,LIP_NOTI/CGO/FMO,1,No
LIP_NOTI,I,FMO,dom_int,3,100.0,Goal,Root/div/station/dom_int,LIP_NOTI/CGO/FMO/I,0,Yes
LIP_NOTI,FNA,CGO,station,2,0.12,Goal,Root/div/station,LIP_NOTI/CGO/FNA,1,No
LIP_NOTI,I,FNA,dom_int,3,100.0,Goal,Root/div/station/dom_int,LIP_NOTI/CGO/FNA/I,0,Yes
LIP_NOTI,FNT,CGO,station,2,0.1,Goal,Root/div/station,LIP_NOTI/CGO/FNT,2,No
LIP_NOTI,D,FNT,dom_int,3,60.25,Goal,Root/div/station/dom_int,LIP_NOTI/CGO/FNT/D,0,Yes
LIP_NOTI,I,FNT,dom_int,3,39.75,Goal,Root/div/station/dom_int,LIP_NOTI/CGO/FNT/I,0,Yes
LIP_NOTI,FRA,CGO,station,2,0.09,Goal,Root/div/station,LIP_NOTI/CGO/FRA,2,No
LIP_NOTI,D,FRA,dom_int,3,39.22,Goal,Root/div/station/dom_int,LIP_NOTI/CGO/FRA/D,0,Yes
LIP_NOTI,I,FRA,dom_int,3,60.78,Goal,Root/div/station/dom_int,LIP_NOTI/CGO/FRA/I,0,Yes
LIP_NOTI,FSD,CGO,station,2,0.02,Goal,Root/div/station,LIP_NOTI/CGO/FSD,2,No
LIP_NOTI,D,FSD,dom_int,3,41.89,Goal,Root/div/station/dom_int,LIP_NOTI/CGO/FSD/D,0,Yes
LIP_NOTI,I,FSD,dom_int,3,58.11,Goal,Root/div/station/dom_int,LIP_NOTI/CGO/FSD/I,0,Yes
LIP_NOTI,FSM,CGO,station,2,0.04,Goal,Root/div/station,LIP_NOTI/CGO/FSM,1,No
LIP_NOTI,D,FSM,dom_int,3,100.0,Goal,Root/div/station/dom_int,LIP_NOTI/CGO/FSM/D,0,Yes
LIP_NOTI,FUK,CGO,station,2,0.29,Goal,Root/div/station,LIP_NOTI/CGO/FUK,2,No
LIP_NOTI,D,FUK,dom_int,3,42.31,Goal,Root/div/station/dom_int,LIP_NOTI/CGO/FUK/D,0,Yes
LIP_NOTI,I,FUK,dom_int,3,57.69,Goal,Root/div/station/dom_int,LIP_NOTI/CGO/FUK/I,0,Yes
LIP_NOTI,FWA,CGO,station,2,0.15,Goal,Root/div/station,LIP_NOTI/CGO/FWA,2,No
LIP_NOTI,D,FWA,dom_int,3,16.92,Goal,Root/div/station/dom_int,LIP_NOTI/CGO/FWA/D,0,Yes
LIP_NOTI,I,FWA,dom_int,3,83.08,Goal,Root/div/station/dom_int,LIP_NOTI/CGO/FWA/I,0,Yes
LIP_NOTI,GCC,CGO,station,2,0.16,Goal,Root/div/station,LIP_NOTI/CGO/GCC,1,No
LIP_NOTI,D,GCC,dom_int,3,100.0,Goal,Root/div/station/dom_int,LIP_NOTI/CGO/GCC/D,0,Yes
LIP_NOTI,GDL,CGO,station,2,0.09,Goal,Root/div/station,LIP_NOTI/CGO/GDL,2,No
LIP_NOTI,D,GDL,dom_int,3,35.44,Goal,Root/div/station/dom_int,LIP_NOTI/CGO/GDL/D,0,Yes
LIP_NOTI,I,GDL,dom_int,3,64.56,Goal,Root/div/station/dom_int,LIP_NOTI/CGO/GDL/I,0,Yes
LIP_NOTI,GEG,CGO,station,2,0.25,Goal,Root/div/station,LIP_NOTI/CGO/GEG,2,No
LIP_NOTI,D,GEG,dom_int,3,13.06,Goal,Root/div/station/dom_int,LIP_NOTI/CGO/GEG/D,0,Yes
LIP_NOTI,I,GEG,dom_int,3,86.94,Goal,Root/div/station/dom_int,LIP_NOTI/CGO/GEG/I,0,Yes
LIP_NOTI,GFK,CGO,station,2,0.04,Goal,Root/div/station,LIP_NOTI/CGO/GFK,2,No
LIP_NOTI,D,GFK,dom_int,3,20.55,Goal,Root/div/station/dom_int,LIP_NOTI/CGO/GFK/D,0,Yes
LIP_NOTI,I,GFK,dom_int,3,79.45,Goal,Root/div/station/dom_int,LIP_NOTI/CGO/GFK/I,0,Yes
LIP_NOTI,GIG,CGO,station,2,0.36,Goal,Root/div/station,LIP_NOTI/CGO/GIG,2,No
LIP_NOTI,D,GIG,dom_int,3,24.16,Goal,Root/div/station/dom_int,LIP_NOTI/CGO/GIG/D,0,Yes
LIP_NOTI,I,GIG,dom_int,3,75.84,Goal,Root/div/station/dom_int,LIP_NOTI/CGO/GIG/I,0,Yes
LIP_NOTI,GJT,CGO,station,2,0.0,Goal,Root/div/station,LIP_NOTI/CGO/GJT,1,No
LIP_NOTI,D,GJT,dom_int,3,100.0,Goal,Root/div/station/dom_int,LIP_NOTI/CGO/GJT/D,0,Yes
LIP_NOTI,GLA,CGO,station,2,0.13,Goal,Root/div/station,LIP_NOTI/CGO/GLA,2,No
LIP_NOTI,D,GLA,dom_int,3,83.42,Goal,Root/div/station/dom_int,LIP_NOTI/CGO/GLA/D,0,Yes
LIP_NOTI,I,GLA,dom_int,3,16.58,Goal,Root/div/station/dom_int,LIP_NOTI/CGO/GLA/I,0,Yes
LIP_NOTI,GNV,CGO,station,2,0.06,Goal,Root/div/station,LIP_NOTI/CGO/GNV,2,No
LIP_NOTI,D,GNV,dom_int,3,1.11,Goal,Root/div/station/dom_int,LIP_NOTI/CGO/GNV/D,0,Yes
LIP_NOTI,I,GNV,dom_int,3,98.89,Goal,Root/div/station/dom_int,LIP_NOTI/CGO/GNV/I,0,Yes
LIP_NOTI,GOT,CGO,station,2,0.06,Goal,Root/div/station,LIP_NOTI/CGO/GOT,2,No
LIP_NOTI,D,GOT,dom_int,3,57.17,Goal,Root/div/station/dom_int,LIP_NOTI/CGO/GOT/D,0,Yes
LIP_NOTI,I,GOT,dom_int,3,42.83,Goal,Root/div/station/dom_int,LIP_NOTI/CGO/GOT/I,0,Yes
LIP_NOTI,GPT,CGO,station,2,0.02,Goal,Root/div/station,LIP_NOTI/CGO/GPT,2,No
LIP_NOTI,D,GPT,dom_int,3,82.77,Goal,Root/div/station/dom_int,LIP_NOTI/CGO/GPT/D,0,Yes
LIP_NOTI,I,GPT,dom_int,3,17.23,Goal,Root/div/station/dom_int,LIP_NOTI/CGO/GPT/I,0,Yes
LIP_NOTI,GRB,CGO,station,2,0.26,Goal,Root/div/station,LIP_NOTI/CGO/GRB,2,No
LIP_NOTI,D,GRB,dom_int,3,57.24,Goal,Root/div/station/dom_int,LIP_NOTI/CGO/GRB/D,0,Yes
LIP_NOTI,I,GRB,dom_int,3,42.76,Goal,Root/div/station/dom_int,LIP_NOTI/CGO/GRB/I,0,Yes
LIP_NOTI,GRK,CGO,station,2,0.17,Goal,Root/div/station,LIP_NOTI/CGO/GRK,1,No
LIP_NOTI,D,GRK,dom_int,3,100.0,Goal,Root/div/station/dom_int,LIP_NOTI/CGO/GRK/D,0,Yes
LIP_NOTI,GRQ,CGO,station,2,0.21,Goal,Root/div/station,LIP_NOTI/CGO/GRQ,1,No
LIP_NOTI,I,GRQ,dom_int,3,100.0,Goal,Root/div/station/dom_int,LIP_NOTI/CGO/GRQ/I,0,Yes
LIP_NOTI,GRR,CGO,station,2,0.04,Goal,Root/div/station,LIP_NOTI/CGO/GRR,2,No
LIP_NOTI,D,GRR,dom_int,3,28.71,Goal,Root/div/station/dom_int,LIP_NOTI/CGO/GRR/D,0,Yes
LIP_NOTI,I,GRR,dom_int,3,71.29,Goal,Root/div/station/dom_int,LIP_NOTI/CGO/GRR/I,0,Yes
LIP_NOTI,GRU,CGO,station,2,0.37,Goal,Root/div/station,LIP_NOTI/CGO/GRU,2,No
LIP_NOTI,D,GRU,dom_int,3,63.92,Goal,Root/div/station/dom_int,LIP_NOTI/CGO/GRU/D,0,Yes
LIP_NOTI,I,GRU,dom_int,3,36.08,Goal,Root/div/station/dom_int,LIP_NOTI/CGO/GRU/I,0,Yes
LIP_NOTI,GRZ,CGO,station,2,0.12,Goal,Root/div/station,LIP_NOTI/CGO/GRZ,1,No
LIP_NOTI,I,GRZ,dom_int,3,100.0,Goal,Root/div/station/dom_int,LIP_NOTI/CGO/GRZ/I,0,Yes
LIP_NOTI,GSO,CGO,station,2,0.17,Goal,Root/div/station,LIP_NOTI/CGO/GSO,2,No
LIP_NOTI,D,GSO,dom_int,3,67.2,Goal,Root/div/station/dom_int,LIP_NOTI/CGO/GSO/D,0,Yes
LIP_NOTI,I,GSO,dom_int,3,32.8,Goal,Root/div/station/dom_int,LIP_NOTI/CGO/GSO/I,0,Yes
LIP_NOTI,GSP,CGO,station,2,0.22,Goal,Root/div/station,LIP_NOTI/CGO/GSP,2,No
LIP_NOTI,D,GSP,dom_int,3,42.97,Goal,Root/div/station/dom_int,LIP_NOTI/CGO/GSP/D,0,Yes
LIP_NOTI,I,GSP,dom_int,3,57.03,Goal,Root/div/station/dom_int,LIP_NOTI/CGO/GSP/I,0,Yes
LIP_NOTI,GTF,CGO,station,2,0.26,Goal,Root/div/station,LIP_NOTI/CGO/GTF,1,No
LIP_NOTI,D,GTF,dom_int,3,100.0,Goal,Root/div/station/dom_int,LIP_NOTI/CGO/GTF/D,0,Yes
LIP_NOTI,GTR,CGO,station,2,0.14,Goal,Root/div/station,LIP_NOTI/CGO/GTR,1,No
LIP_NOTI,D,GTR,dom_int,3,100.0,Goal,Root/div/station/dom_int,LIP_NOTI/CGO/GTR/D,0,Yes
LIP_NOTI,GUA,CGO,station,2,0.17,Goal,Root/div/station,LIP_NOTI/CGO/GUA,2,No
LIP_NOTI,D,GUA,dom_int,3,62.1,Goal,Root/div/station/dom_int,LIP_NOTI/CGO/GUA/D,0,Yes
LIP_NOTI,I,GUA,dom_int,3,37.9,Goal,Root/div/station/dom_int,LIP_NOTI/CGO/GUA/I,0,Yes
LIP_NOTI,GUM,CGO,station,2,0.2,Goal,Root/div/station,LIP_NOTI/CGO/GUM,2,No
LIP_NOTI,D,GUM,dom_int,3,39.84,Goal,Root/div/station/dom_int,LIP_NOTI/CGO/GUM/D,0,Yes
LIP_NOTI,I,GUM,dom_int,3,60.16,Goal,Root/div/station/dom_int,LIP_NOTI/CGO/GUM/I,0,Yes
LIP_NOTI,GVA,CGO,station,2,0.29,Goal,Root/div/station,LIP_NOTI/CGO/GVA,2,No
LIP_NOTI,D,GVA,dom_int,3,16.86,Goal,Root/div/station/dom_int,LIP_NOTI/CGO/GVA/D,0,Yes
LIP_NOTI,I,GVA,dom_int,3,83.14,Goal,Root/div/station/dom_int,LIP_NOTI/CGO/GVA/I,0,Yes
LIP_NOTI,GYE,CGO,station,2,0.36,Goal,Root/div/station,LIP_NOTI/CGO/GYE,1,No
LIP_NOTI,I,GYE,dom_int,3,100.0,Goal,Root/div/station/dom_int,LIP_NOTI/CGO/GYE/I,0,Yes
LIP_NOTI,HAJ,CGO,station,2,0.01,Goal,Root/div/station,LIP_NOTI/CGO/HAJ,2,No
LIP_NOTI,D,HAJ,dom_int,3,52.15,Goal,Root/div/station/dom_int,LIP_NOTI/CGO/HAJ/D,0,Yes
LIP_NOTI,I,HAJ,dom_int,3,47.85,Goal,Root/div/station/dom_int,LIP_NOTI/CGO/HAJ/I,0,Yes
LIP_NOTI,HAM,CGO,station,2,0.04,Goal,Root/div/station,LIP_NOTI/CGO/HAM,2,No
LIP_NOTI,D,HAM,dom_int,3,66.01,Goal,Root/div/station/dom_int,LIP_NOTI/CGO/HAM/D,0,Yes
LIP_NOTI,I,HAM,dom_int,3,33.99,Goal,Root/div/station/dom_int,LIP_NOTI/CGO/HAM/I,0,Yes
LIP_NOTI,HAN,CGO,station,2,0.34,Goal,Root/div/station,LIP_NOTI/CGO/HAN,1,No
LIP_NOTI,I,HAN,dom_int,3,100.0,Goal,Root/div/station/dom_int,LIP_NOTI/CGO/HAN/I,0,Yes
LIP_NOTI,HEL,CGO,station,2,0.21,Goal,Root/div/station,LIP_NOTI/CGO/HEL,2,No
LIP_NOTI,D,HEL,dom_int,3,96.52,Goal,Root/div/station/dom_int,LIP_NOTI/CGO/HEL/D,0,Yes
LIP_NOTI,I,HEL,dom_int,3,3.48,Goal,Root/div/station/dom_int,LIP_NOTI/CGO/HEL/I,0,Yes
LIP_NOTI,HIB,CGO,station,2,0.05,Goal,Root/div/station,LIP_NOTI/CGO/HIB,1,No
LIP_NOTI,D,HIB,dom_int,3,100.0,Goal,Root/div/station/dom_int,LIP_NOTI/CGO/HIB/D,0,Yes
LIP_NOTI,HKG,CGO,station,2,0.2,Goal,Root/div/station,LIP_NOTI/CGO/HKG,2,No
LIP_NOTI,D,HKG,dom_int,3,37.3,Goal,Root/div/station/dom_int,LIP_NOTI/CGO/HKG/D,0,Yes
LIP_NOTI,I,HKG,dom_int,3,62.7,Goal,Root/div/station/dom_int,LIP_NOTI/CGO/HKG/I,0,Yes
LIP_NOTI,HLN,CGO,station,2,0.15,Goal,Root/div/station,LIP_NOTI/CGO/HLN,1,No
LIP_NOTI,D,HLN,dom_int,3,100.0,Goal,Root/div/station/dom_int,LIP_NOTI/CGO/HLN/D,0,Yes
LIP_NOTI,HND,CGO,station,2,0.17,Goal,Root/div/station,LIP_NOTI/CGO/HND,2,No
LIP_NOTI,D,HND,dom_int,3,6.96,Goal,Root/div/station/dom_int,LIP_NOTI/CGO/HND/D,0,Yes
LIP_NOTI,I,HND,dom_int,3,93.04,Goal,Root/div/station/dom_int,LIP_NOTI/CGO/HND/I,0,Yes
LIP_NOTI,HNL,CGO,station,2,0.09,Goal,Root/div/station,LIP_NOTI/CGO/HNL,2,No
LIP_NOTI,D,HNL,dom_int,3,20.16,Goal,Root/div/station/dom_int,LIP_NOTI/CGO/HNL/D,0,Yes
LIP_NOTI,I,HNL,dom_int,3,79.84,Goal,Root/div/station/dom_int,LIP_NOTI/CGO/HNL/I,0,Yes
LIP_NOTI,HOU,CGO,station,2,0.05,Goal,Root/div/station,LIP_NOTI/CGO/HOU,2,No
LIP_NOTI,D,HOU,dom_int,3,41.06,Goal,Root/div/station/dom_int,LIP_NOTI/CGO/HOU/D,0,Yes
LIP_NOTI,I,HOU,dom_int,3,58.94,Goal,Root/div/station/dom_int,LIP_NOTI/CGO/HOU/I,0,Yes
LIP_NOTI,HPN,CGO,station,2,0.18,Goal,Root/div/station,LIP_NOTI/CGO/HPN,1,No
LIP_NOTI,D,HPN,dom_int,3,100.0,Goal,Root/div/station/dom_int,LIP_NOTI/CGO/HPN/D,0,Yes
LIP_NOTI,HRE,CGO,station,2,0.24,Goal,Root/div/station,LIP_NOTI/CGO/HRE,1,No
LIP_NOTI,I,HRE,dom_int,3,100.0,Goal,Root/div/station/dom_int,LIP_NOTI/CGO/HRE/I,0,Yes
LIP_NOTI,HSV,CGO,station,2,0.19,Goal,Root/div/station,LIP_NOTI/CGO/HSV,2,No
LIP_NOTI,D,HSV,dom_int,3,28.7,Goal,Root/div/station/dom_int,LIP_NOTI/CGO/HSV/D,0,Yes
LIP_NOTI,I,HSV,dom_int,3,71.3,Goal,Root/div/station/dom_int,LIP_NOTI/CGO/HSV/I,0,Yes
LIP_NOTI,IAD,CGO,station,2,0.15,Goal,Root/div/station,LIP_NOTI/CGO/IAD,2,No
LIP_NOTI,D,IAD,dom_int,3,74.26,Goal,Root/div/station/dom_int,LIP_NOTI/CGO/IAD/D,0,Yes
LIP_NOTI,I,IAD,dom_int,3,25.74,Goal,Root/div/station/dom_int,LIP_NOTI/CGO/IAD/I,0,Yes
LIP_NOTI,IAH,CGO,station,2,0.36,Goal,Root/div/station,LIP_NOTI/CGO/IAH,2,No
LIP_NOTI,D,IAH,dom_int,3,58.39,Goal,Root/div/station/dom_int,LIP_NOTI/CGO/IAH/D,0,Yes
LIP_NOTI,I,IAH,dom_int,3,41.61,Goal,Root/div/station/dom_int,LIP_NOTI/CGO/IAH/I,0,Yes
LIP_NOTI,ICN,CGO,station,2,0.04,Goal,Root/div/station,LIP_NOTI/CGO/ICN,2,No
LIP_NOTI,D,ICN,dom_int,3,76.41,Goal,Root/div/station/dom_int,LIP_NOTI/CGO/ICN/D,0,Yes
LIP_NOTI,I,ICN,dom_int,3,23.59,Goal,Root/div/station/dom_int,LIP_NOTI/CGO/ICN/I,0,Yes
LIP_NOTI,ICT,CGO,station,2,0.13,Goal,Root/div/station,LIP_NOTI/CGO/ICT,2,No
LIP_NOTI,D,ICT,dom_int,3,98.02,Goal,Root/div/station/dom_int,LIP_NOTI/CGO/ICT/D,0,Yes
LIP_NOTI,I,ICT,dom_int,3,1.98,Goal,Root/div/station/dom_int,LIP_NOTI/CGO/ICT/I,0,Yes
LIP_NOTI,IDA,CGO,station,2,0.08,Goal,Root/div/station,LIP_NOTI/CGO/IDA,1,No
LIP_NOTI,D,IDA,dom_int,3,100.0,Goal,Root/div/station/dom_int,LIP_NOTI/CGO/IDA/D,0,Yes
LIP_NOTI,ILM,CGO,station,2,0.26,Goal,Root/div/station,LIP_NOTI/CGO/ILM,2,No
LIP_NOTI,D,ILM,dom_int,3,61.31,Goal,Root/div/station/dom_int,LIP_NOTI/CGO/ILM/D,0,Yes
LIP_NOTI,I,ILM,dom_int,3,38.69,Goal,Root/div/station/dom_int,LIP_NOTI/CGO/ILM/I,0,Yes
LIP_NOTI,IMT,CGO,station,2,0.0,Goal,Root/div/station,LIP_NOTI/CGO/IMT,1,No
LIP_NOTI,D,IMT,dom_int,3,100.0,Goal,Root/div/station/dom_int,LIP_NOTI/CGO/IMT/D,0,Yes
LIP_NOTI,IND,CGO,station,2,0.1,Goal,Root/div/station,LIP_NOTI/CGO/IND,2,No
LIP_NOTI,D,IND,dom_int,3,18.12,Goal,Root/div/station/dom_int,LIP_NOTI/CGO/IND/D,0,Yes
LIP_NOTI,I,IND,dom_int,3,81.88,Goal,Root/div/station/dom_int,LIP_NOTI/CGO/IND/I,0,Yes
LIP_NOTI,INL,CGO,station,2,0.12,Goal,Root/div/station,LIP_NOTI/CGO/INL,1,No
LIP_NOTI,D,INL,dom_int,3,100.0,Goal,Root/div/station/dom_int,LIP_NOTI/CGO/INL/D,0,Yes
LIP_NOTI,IST,CGO,station,2,0.03,Goal,Root/div/station,LIP_NOTI/CGO/IST,1,No
LIP_NOTI,I,IST,dom_int,3,100.0,Goal,Root/div/station/dom_int,LIP_NOTI/CGO/IST/I,0,Yes
LIP_NOTI,ITH,CGO,station,2,0.1,Goal,Root/div/station,LIP_NOTI/CGO/ITH,2,No
LIP_NOTI,D,ITH,dom_int,3,56.54,Goal,Root/div/station/dom_int,LIP_NOTI/CGO/ITH/D,0,Yes
LIP_NOTI,I,ITH,dom_int,3,43.46,Goal,Root/div/station/dom_int,LIP_NOTI/CGO/ITH/I,0,Yes
LIP_NOTI,ITO,CGO,station,2,0.07,Goal,Root/div/station,LIP_NOTI/CGO/ITO,1,No
LIP_NOTI,D,ITO,dom_int,3,100.0,Goal,Root/div/station/dom_int,LIP_NOTI/CGO/ITO/D,0,Yes
LIP_NOTI,JAC,CGO,station,2,0.05,Goal,Root/div/station,LIP_NOTI/CGO/JAC,2,No
LIP_NOTI,D,JAC,dom_int,3,47.39,Goal,Root/div/station/dom_int,LIP_NOTI/CGO/JAC/D,0,Yes
LIP_NOTI,I,JAC,dom_int,3,52.61,Goal,Root/div/station/dom_int,LIP_NOTI/CGO/JAC/I,0,Yes
LIP_NOTI,JAN,CGO,station,2,0.09,Goal,Root/div/station,LIP_NOTI/CGO/JAN,2,No
LIP_NOTI,D,JAN,dom_int,3,75.27,Goal,Root/div/station/dom_int,LIP_NOTI/CGO/JAN/D,0,Yes
LIP_NOTI,I,JAN,dom_int,3,24.73,Goal,Root/div/station/dom_int,LIP_NOTI/CGO/JAN/I,0,Yes
LIP_NOTI,JAX,CGO,station,2,0.24,Goal,Root/div/station,LIP_NOTI/CGO/JAX,2,No
LIP_NOTI,D,JAX,dom_int,3,49.69,Goal,Root/div/station/dom_int,LIP_NOTI/CGO/JAX/D,0,Yes
LIP_NOTI,I,JAX,dom_int,3,50.31,Goal,Root/div/station/dom_int,LIP_NOTI/CGO/JAX/I,0,Yes
LIP_NOTI,JFK,CGO,station,2,0.11,Goal,Root/div/station,LIP_NOTI/CGO/JFK,2,No
LIP_NOTI,D,JFK,dom_int,3,62.36,Goal,Root/div/station/dom_int,LIP_NOTI/CGO/JFK/D,0,Yes
LIP_NOTI,I,JFK,dom_int,3,37.64,Goal,Root/div/station/dom_int,LIP_NOTI/CGO/JFK/I,0,Yes
LIP_NOTI,JNB,CGO,station,2,0.22,Goal,Root/div/station,LIP_NOTI/CGO/JNB,2,No
LIP_NOTI,D,JNB,dom_int,3,39.15,Goal,Root/div/station/dom_int,LIP_NOTI/CGO/JNB/D,0,Yes
LIP_NOTI,I,JNB,dom_int,3,60.85,Goal,Root/div/station/dom_int,LIP_NOTI/CGO/JNB/I,0,Yes
LIP_NOTI,JNU,CGO,station,2,0.0,Goal,Root/div/station,LIP_NOTI/CGO/JNU,2,No
LIP_NOTI,D,JNU,dom_int,3,45.06,Goal,Root/div/station/dom_int,LIP_NOTI/CGO/JNU/D,0,Yes
LIP_NOTI,I,JNU,dom_int,3,54.94,Goal,Root/div/station/dom_int,LIP_NOTI/CGO/JNU/I,0,Yes
LIP_NOTI,JOI,CGO,station,2,0.02,Goal,Root/div/station,LIP_NOTI/CGO/JOI,1,No
LIP_NOTI,I,JOI,dom_int,3,100.0,Goal,Root/div/station/dom_int,LIP_NOTI/CGO/JOI/I,0,Yes
LIP_NOTI,JRO,CGO,station,2,0.34,Goal,Root/div/station,LIP_NOTI/CGO/JRO,1,No
LIP_NOTI,I,JRO,dom_int,3,100.0,Goal,Root/div/station/dom_int,LIP_NOTI/CGO/JRO/I,0,Yes
LIP_NOTI,KEF,CGO,station,2,0.06,Goal,Root/div/station,LIP_NOTI/CGO/KEF,2,No
LIP_NOTI,D,KEF,dom_int,3,53.27,Goal,Root/div/station/dom_int,LIP_NOTI/CGO/KEF/D,0,Yes
LIP_NOTI,I,KEF,dom_int,3,46.73,Goal,Root/div/station/dom_int,LIP_NOTI/CGO/KEF/I,0,Yes
LIP_NOTI,KHI,CGO,station,2,0.2,Goal,Root/div/station,LIP_NOTI/CGO/KHI,1,No
LIP_NOTI,I,KHI,dom_int,3,100.0,Goal,Root/div/station/dom_int,LIP_NOTI/CGO/KHI/I,0,Yes
LIP_NOTI,KIN,CGO,station,2,0.21,Goal,Root/div/station,LIP_NOTI/CGO/KIN,1,No
LIP_NOTI,I,KIN,dom_int,3,100.0,Goal,Root/div/station/dom_int,LIP_NOTI/CGO/KIN/I,0,Yes
LIP_NOTI,KIX,CGO,station,2,0.22,Goal,Root/div/station,LIP_NOTI/CGO/KIX,2,No
LIP_NOTI,D,KIX,dom_int,3,40.02,Goal,Root/div/station/dom_int,LIP_NOTI/CGO/KIX/D,0,Yes
LIP_NOTI,I,KIX,dom_int,3,59.98,Goal,Root/div/station/dom_int,LIP_NOTI/CGO/KIX/I,0,Yes
LIP_NOTI,KOA,CGO,station,2,0.24,Goal,Root/div/station,LIP_NOTI/CGO/KOA,2,No
LIP_NOTI,D,KOA,dom_int,3,18.05,Goal,Root/div/station/dom_int,LIP_NOTI/CGO/KOA/D,0,Yes
LIP_NOTI,I,KOA,dom_int,3,81.95,Goal,Root/div/station/dom_int,LIP_NOTI/CGO/KOA/I,0,Yes
LIP_NOTI,KTN,CGO,station,2,0.02,Goal,Root/div/station,LIP_NOTI/CGO/KTN,1,No
LIP_NOTI,D,KTN,dom_int,3,100.0,Goal,Root/div/station/dom_int,LIP_NOTI/CGO/KTN/D,0,Yes
LIP_NOTI,KUL,CGO,station,2,0.34,Goal,Root/div/station,LIP_NOTI/CGO/KUL,2,No
LIP_NOTI,D,KUL,dom_int,3,25.27,Goal,Root/div/station/dom_int,LIP_NOTI/CGO/KUL/D,0,Yes
LIP_NOTI,I,KUL,dom_int,3,74.73,Goal,Root/div/station/dom_int,LIP_NOTI/CGO/KUL/I,0,Yes
LIP_NOTI,KWI,CGO,station,2,0.23,Goal,Root/div/station,LIP_NOTI/CGO/KWI,1,No
LIP_NOTI,I,KWI,dom_int,3,100.0,Goal,Root/div/station/dom_int,LIP_NOTI/CGO/KWI/I,0,Yes
LIP_NOTI,LAD,CGO,station,2,0.35,Goal,Root/div/station,LIP_NOTI/CGO/LAD,1,No
LIP_NOTI,I,LAD,dom_int,3,100.0,Goal,Root/div/station/dom_int,LIP_NOTI/CGO/LAD/I,0,Yes
LIP_NOTI,LAN,CGO,station,2,0.05,Goal,Root/div/station,LIP_NOTI/CGO/LAN,2,No
LIP_NOTI,D,LAN,dom_int,3,49.13,Goal,Root/div/station/dom_int,LIP_NOTI/CGO/LAN/D,0,Yes
LIP_NOTI,I,LAN,dom_int,3,50.87,Goal,Root/div/station/dom_int,LIP_NOTI/CGO/LAN/I,0,Yes
LIP_NOTI,LAS,CGO,station,2,0.21,Goal,Root/div/station,LIP_NOTI/CGO/LAS,2,No
LIP_NOTI,D,LAS,dom_int,3,34.69,Goal,Root/div/station/dom_int,LIP_NOTI/CGO/LAS/D,0,Yes
LIP_NOTI,I,LAS,dom_int,3,65.31,Goal,Root/div/station/dom_int,LIP_NOTI/CGO/LAS/I,0,Yes
LIP_NOTI,LAX,CGO,station,2,0.26,Goal,Root/div/station,LIP_NOTI/CGO/LAX,2,No
LIP_NOTI,D,LAX,dom_int,3,63.79,Goal,Root/div/station/dom_int,LIP_NOTI/CGO/LAX/D,0,Yes
LIP_NOTI,I,LAX,dom_int,3,36.21,Goal,Root/div/station/dom_int,LIP_NOTI/CGO/LAX/I,0,Yes
LIP_NOTI,LBA,CGO,station,2,0.09,Goal,Root/div/station,LIP_NOTI/CGO/LBA,1,No
LIP_NOTI,I,LBA,dom_int,3,100.0,Goal,Root/div/station/dom_int,LIP_NOTI/CGO/LBA/I,0,Yes
LIP_NOTI,LED,CGO,station,2,0.1,Goal,Root/div/station,LIP_NOTI/CGO/LED,1,No
LIP_NOTI,I,LED,dom_int,3,100.0,Goal,Root/div/station/dom_int,LIP_NOTI/CGO/LED/I,0,Yes
LIP_NOTI,LEX,CGO,station,2,0.0,Goal,Root/div/station,LIP_NOTI/CGO/LEX,2,No
LIP_NOTI,D,LEX,dom_int,3,14.11,Goal,Root/div/station/dom_int,LIP_NOTI/CGO/LEX/D,0,Yes
LIP_NOTI,I,LEX,dom_int,3,85.89,Goal,Root/div/station/dom_int,LIP_NOTI/CGO/LEX/I,0,Yes
LIP_NOTI,LFT,CGO,station,2,0.23,Goal,Root/div/station,LIP_NOTI/CGO/LFT,2,No
LIP_NOTI,D,LFT,dom_int,3,83.15,Goal,Root/div/station/dom_int,LIP_NOTI/CGO/LFT/D,0,Yes
LIP_NOTI,I,LFT,dom_int,3,16.85,Goal,Root/div/station/dom_int,LIP_NOTI/CGO/LFT/I,0,Yes
LIP_NOTI,LGA,CGO,station,2,0.31,Goal,Root/div/station,LIP_NOTI/CGO/LGA,2,No
LIP_NOTI,D,LGA,dom_int,3,13.37,Goal,Root/div/station/dom_int,LIP_NOTI/CGO/LGA/D,0,Yes
LIP_NOTI,I,LGA,dom_int,3,86.63,Goal,Root/div/station/dom_int,LIP_NOTI/CGO/LGA/I,0,Yes
LIP_NOTI,LGW,CGO,station,2,0.14,Goal,Root/div/station,LIP_NOTI/CGO/LGW,1,No
LIP_NOTI,I,LGW,dom_int,3,100.0,Goal,Root/div/station/dom_int,LIP_NOTI/CGO/LGW/I,0,Yes
LIP_NOTI,LHE,CGO,station,2,0.16,Goal,Root/div/station,LIP_NOTI/CGO/LHE,1,No
LIP_NOTI,I,LHE,dom_int,3,100.0,Goal,Root/div/station/dom_int,LIP_NOTI/CGO/LHE/I,0,Yes
LIP_NOTI,LHR,CGO,station,2,0.31,Goal,Root/div/station,LIP_NOTI/CGO/LHR,2,No
LIP_NOTI,D,LHR,dom_int,3,58.44,Goal,Root/div/station/dom_int,LIP_NOTI/CGO/LHR/D,0,Yes
LIP_NOTI,I,LHR,dom_int,3,41.56,Goal,Root/div/station/dom_int,LIP_NOTI/CGO/LHR/I,0,Yes
LIP_NOTI,LIH,CGO,station,2,0.24,Goal,Root/div/station,LIP_NOTI/CGO/LIH,2,No
LIP_NOTI,D,LIH,dom_int,3,66.32,Goal,Root/div/station/dom_int,LIP_NOTI/CGO/LIH/D,0,Yes
LIP_NOTI,I,LIH,dom_int,3,33.68,Goal,Root/div/station/dom_int,LIP_NOTI/CGO/LIH/I,0,Yes
LIP_NOTI,LIL,CGO,station,2,0.04,Goal,Root/div/station,LIP_NOTI/CGO/LIL,1,No
LIP_NOTI,I,LIL,dom_int,3,100.0,Goal,Root/div/station/dom_int,LIP_NOTI/CGO/LIL/I,0,Yes
LIP_NOTI,LIM,CGO,station,2,0.1,Goal,Root/div/station,LIP_NOTI/CGO/LIM,2,No
LIP_NOTI,D,LIM,dom_int,3,45.78,Goal,Root/div/station/dom_int,LIP_NOTI/CGO/LIM/D,0,Yes
LIP_NOTI,I,LIM,dom_int,3,54.22,Goal,Root/div/station/dom_int,LIP_NOTI/CGO/LIM/I,0,Yes
LIP_NOTI,LIR,CGO,station,2,0.04,Goal,Root/div/station,LIP_NOTI/CGO/LIR,2,No
LIP_NOTI,D,LIR,dom_int,3,12.22,Goal,Root/div/station/dom_int,LIP_NOTI/CGO/LIR/D,0,Yes
LIP_NOTI,I,LIR,dom_int,3,87.78,Goal,Root/div/station/dom_int,LIP_NOTI/CGO/LIR/I,0,Yes
LIP_NOTI,LIS,CGO,station,2,0.17,Goal,Root/div/station,LIP_NOTI/CGO/LIS,2,No
LIP_NOTI,D,LIS,dom_int,3,92.71,Goal,Root/div/station/dom_int,LIP_NOTI/CGO/LIS/D,0,Yes
LIP_NOTI,I,LIS,dom_int,3,7.29,Goal,Root/div/station/dom_int,LIP_NOTI/CGO/LIS/I,0,Yes
LIP_NOTI,LIT,CGO,station,2,0.05,Goal,Root/div/station,LIP_NOTI/CGO/LIT,2,No
LIP_NOTI,D,LIT,dom_int,3,60.25,Goal,Root/div/station/dom_int,LIP_NOTI/CGO/LIT/D,0,Yes
LIP_NOTI,I,LIT,dom_int,3,39.75,Goal,Root/div/station/dom_int,LIP_NOTI/CGO/LIT/I,0,Yes
LIP_NOTI,LJU,CGO,station,2,0.34,Goal,Root/div/station,LIP_NOTI/CGO/LJU,1,No
LIP_NOTI,I,LJU,dom_int,3,100.0,Goal,Root/div/station/dom_int,LIP_NOTI/CGO/LJU/I,0,Yes
LIP_NOTI,LNK,CGO,station,2,0.17,Goal,Root/div/station,LIP_NOTI/CGO/LNK,2,No
LIP_NOTI,D,LNK,dom_int,3,65.09,Goal,Root/div/station/dom_int,LIP_NOTI/CGO/LNK/D,0,Yes
LIP_NOTI,I,LNK,dom_int,3,34.91,Goal,Root/div/station/dom_int,LIP_NOTI/CGO/LNK/I,0,Yes
LIP_NOTI,LNZ,CGO,station,2,0.32,Goal,Root/div/station,LIP_NOTI/CGO/LNZ,1,No
LIP_NOTI,I,LNZ,dom_int,3,100.0,Goal,Root/div/station/dom_int,LIP_NOTI/CGO/LNZ/I,0,Yes
LIP_NOTI,LOS,CGO,station,2,0.02,Goal,Root/div/station,LIP_NOTI/CGO/LOS,2,No
LIP_NOTI,D,LOS,dom_int,3,53.04,Goal,Root/div/station/dom_int,LIP_NOTI/CGO/LOS/D,0,Yes
LIP_NOTI,I,LOS,dom_int,3,46.96,Goal,Root/div/station/dom_int,LIP_NOTI/CGO/LOS/I,0,Yes
LIP_NOTI,LSE,CGO,station,2,0.04,Goal,Root/div/station,LIP_NOTI/CGO/LSE,1,No
LIP_NOTI,D,LSE,dom_int,3,100.0,Goal,Root/div/station/dom_int,LIP_NOTI/CGO/LSE/D,0,Yes
LIP_NOTI,LUX,CGO,station,2,0.13,Goal,Root/div/station,LIP_NOTI/CGO/LUX,1,No
LIP_NOTI,I,LUX,dom_int,3,100.0,Goal,Root/div/station/dom_int,LIP_NOTI/CGO/LUX/I,0,Yes
LIP_NOTI,LWS,CGO,station,2,0.06,Goal,Root/div/station,LIP_NOTI/CGO/LWS,1,No
LIP_NOTI,D,LWS,dom_int,3,100.0,Goal,Root/div/station/dom_int,LIP_NOTI/CGO/LWS/D,0,Yes
LIP_NOTI,LYS,CGO,station,2,0.15,Goal,Root/div/station,LIP_NOTI/CGO/LYS,2,No
LIP_NOTI,D,LYS,dom_int,3,78.4,Goal,Root/div/station/dom_int,LIP_NOTI/CGO/LYS/D,0,Yes
LIP_NOTI,I,LYS,dom_int,3,21.6,Goal,Root/div/station/dom_int,LIP_NOTI/CGO/LYS/I,0,Yes
LIP_NOTI,MAA,CGO,station,2,0.23,Goal,Root/div/station,LIP_NOTI/CGO/MAA,1,No
LIP_NOTI,I,MAA,dom_int,3,100.0,Goal,Root/div/station/dom_int,LIP_NOTI/CGO/MAA/I,0,Yes
LIP_NOTI,MAD,CGO,station,2,0.19,Goal,Root/div/station,LIP_NOTI/CGO/MAD,2,No
LIP_NOTI,D,MAD,dom_int,3,35.22,Goal,Root/div/station/dom_int,LIP_NOTI/CGO/MAD/D,0,Yes
LIP_NOTI,I,MAD,dom_int,3,64.78,Goal,Root/div/station/dom_int,LIP_NOTI/CGO/MAD/I,0,Yes
LIP_NOTI,MAN,CGO,station,2,0.29,Goal,Root/div/station,LIP_NOTI/CGO/MAN,2,No
LIP_NOTI,D,MAN,dom_int,3,37.86,Goal,Root/div/station/dom_int,LIP_NOTI/CGO/MAN/D,0,Yes
LIP_NOTI,I,MAN,dom_int,3,62.14,Goal,Root/div/station/dom_int,LIP_NOTI/CGO/MAN/I,0,Yes
LIP_NOTI,MBJ,CGO,station,2,0.25,Goal,Root/div/station,LIP_NOTI/CGO/MBJ,2,No
LIP_NOTI,D,MBJ,dom_int,3,0.3,Goal,Root/div/station/dom_int,LIP_NOTI/CGO/MBJ/D,0,Yes
LIP_NOTI,I,MBJ,dom_int,3,99.7,Goal,Root/div/station/dom_int,LIP_NOTI/CGO/MBJ/I,0,Yes
LIP_NOTI,MBS,CGO,station,2,0.15,Goal,Root/div/station,LIP_NOTI/CGO/MBS,2,No
LIP_NOTI,D,MBS,dom_int,3,94.7,Goal,Root/div/station/dom_int,LIP_NOTI/CGO/MBS/D,0,Yes
LIP_NOTI,I,MBS,dom_int,3,5.3,Goal,Root/div/station/dom_int,LIP_NOTI/CGO/MBS/I,0,Yes
LIP_NOTI,MCI,CGO,station,2,0.21,Goal,Root/div/station,LIP_NOTI/CGO/MCI,2,No
LIP_NOTI,D,MCI,dom_int,3,11.15,Goal,Root/div/station/dom_int,LIP_NOTI/CGO/MCI/D,0,Yes
LIP_NOTI,I,MCI,dom_int,3,88.85,Goal,Root/div/station/dom_int,LIP_NOTI/CGO/MCI/I,0,Yes
LIP_NOTI,MCO,CGO,station,2,0.16,Goal,Root/div/station,LIP_NOTI/CGO/MCO,2,No
LIP_NOTI,D,MCO,dom_int,3,67.99,Goal,Root/div/station/dom_int,LIP_NOTI/CGO/MCO/D,0,Yes
LIP_NOTI,I,MCO,dom_int,3,32.01,Goal,Root/div/station/dom_int,LIP_NOTI/CGO/MCO/I,0,Yes
LIP_NOTI,MCT,CGO,station,2,0.33,Goal,Root/div/station,LIP_NOTI/CGO/MCT,1,No
LIP_NOTI,I,MCT,dom_int,3,100.0,Goal,Root/div/station/dom_int,LIP_NOTI/CGO/MCT/I,0,Yes
LIP_NOTI,MDT,CGO,station,2,0.11,Goal,Root/div/station,LIP_NOTI/CGO/MDT,2,No
LIP_NOTI,D,MDT,dom_int,3,58.22,Goal,Root/div/station/dom_int,LIP_NOTI/CGO/MDT/D,0,Yes
LIP_NOTI,I,MDT,dom_int,3,41.78,Goal,Root/div/station/dom_int,LIP_NOTI/CGO/MDT/I,0,Yes
LIP_NOTI,MDW,CGO,station,2,0.32,Goal,Root/div/station,LIP_NOTI/CGO/MDW,2,No
LIP_NOTI,D,MDW,dom_int,3,38.95,Goal,Root/div/station/dom_int,LIP_NOTI/CGO/MDW/D,0,Yes
LIP_NOTI,I,MDW,dom_int,3,61.05,Goal,Root/div/station/dom_int,LIP_NOTI/CGO/MDW/I,0,Yes
LIP_NOTI,MEL,CGO,station,2,0.01,Goal,Root/div/station,LIP_NOTI/CGO/MEL,2,No
LIP_NOTI,D,MEL,dom_int,3,15.93,Goal,Root/div/station/dom_int,LIP_NOTI/CGO/MEL/D,0,Yes
LIP_NOTI,I,MEL,dom_int,3,84.07,Goal,Root/div/station/dom_int,LIP_NOTI/CGO/MEL/I,0,Yes
LIP_NOTI,MEM,CGO,station,2,0.29,Goal,Root/div/station,LIP_NOTI/CGO/MEM,2,No
LIP_NOTI,D,MEM,dom_int,3,89.18,Goal,Root/div/station/dom_int,LIP_NOTI/CGO/MEM/D,0,Yes
LIP_NOTI,I,MEM,dom_int,3,10.82,Goal,Root/div/station/dom_int,LIP_NOTI/CGO/MEM/I,0,Yes
LIP_NOTI,MEX,CGO,station,2,0.25,Goal,Root/div/station,LIP_NOTI/CGO/MEX,2,No
LIP_NOTI,D,MEX,dom_int,3,68.34,Goal,Root/div/station/dom_int,LIP_NOTI/CGO/MEX/D,0,Yes
LIP_NOTI,I,MEX,dom_int,3,31.66,Goal,Root/div/station/dom_int,LIP_NOTI/CGO/MEX/I,0,Yes
LIP_NOTI,MFR,CGO,station,2,0.16,Goal,Root/div/station,LIP_NOTI/CGO/MFR,1,No
LIP_NOTI,D,MFR,dom_int,3,100.0,Goal,Root/div/station/dom_int,LIP_NOTI/CGO/MFR/D,0,Yes
LIP_NOTI,MGA,CGO,station,2,0.13,Goal,Root/div/station,LIP_NOTI/CGO/MGA,1,No
LIP_NOTI,I,MGA,dom_int,3,100.0,Goal,Root/div/station/dom_int,LIP_NOTI/CGO/MGA/I,0,Yes
LIP_NOTI,MGM,CGO,station,2,0.36,Goal,Root/div/station,LIP_NOTI/CGO/MGM,2,No
LIP_NOTI,D,MGM,dom_int,3,86.05,Goal,Root/div/station/dom_int,LIP_NOTI/CGO/MGM/D,0,Yes
LIP_NOTI,I,MGM,dom_int,3,13.95,Goal,Root/div/station/dom_int,LIP_NOTI/CGO/MGM/I,0,Yes
LIP_NOTI,MHT,CGO,station,2,0.36,Goal,Root/div/station,LIP_NOTI/CGO/MHT,2,No
LIP_NOTI,D,MHT,dom_int,3,56.13,Goal,Root/div/station/dom_int,LIP_NOTI/CGO/MHT/D,0,Yes
LIP_NOTI,I,MHT,dom_int,3,43.87,Goal,Root/div/station/dom_int,LIP_NOTI/CGO/MHT/I,0,Yes
LIP_NOTI,MIA,CGO,station,2,0.15,Goal,Root/div/station,LIP_NOTI/CGO/MIA,2,No
LIP_NOTI,D,MIA,dom_int,3,61.94,Goal,Root/div/station/dom_int,LIP_NOTI/CGO/MIA/D,0,Yes
LIP_NOTI,I,MIA,dom_int,3,38.06,Goal,Root/div/station/dom_int,LIP_NOTI/CGO/MIA/I,0,Yes
LIP_NOTI,MKE,CGO,station,2,0.23,Goal,Root/div/station,LIP_NOTI/CGO/MKE,2,No
LIP_NOTI,D,MKE,dom_int,3,71.69,Goal,Root/div/station/dom_int,LIP_NOTI/CGO/MKE/D,0,Yes
LIP_NOTI,I,MKE,dom_int,3,28.31,Goal,Root/div/station/dom_int,LIP_NOTI/CGO/MKE/I,0,Yes
LIP_NOTI,MLA,CGO,station,2,0.17,Goal,Root/div/station,LIP_NOTI/CGO/MLA,1,No
LIP_NOTI,I,MLA,dom_int,3,100.0,Goal,Root/div/station/dom_int,LIP_NOTI/CGO/MLA/I,0,Yes
LIP_NOTI,MLB,CGO,station,2,0.08,Goal,Root/div/station,LIP_NOTI/CGO/MLB,2,No
LIP_NOTI,D,MLB,dom_int,3,45.12,Goal,Root/div/station/dom_int,LIP_NOTI/CGO/MLB/D,0,Yes
LIP_NOTI,I,MLB,dom_int,3,54.88,Goal,Root/div/station/dom_int,LIP_NOTI/CGO/MLB/I,0,Yes
LIP_NOTI,MLH,CGO,station,2,0.26,Goal,Root/div/station,LIP_NOTI/CGO/MLH,1,No
LIP_NOTI,I,MLH,dom_int,3,100.0,Goal,Root/div/station/dom_int,LIP_NOTI/CGO/MLH/I,0,Yes
LIP_NOTI,MLI,CGO,station,2,0.34,Goal,Root/div/station,LIP_NOTI/CGO/MLI,2,No
LIP_NOTI,D,MLI,dom_int,3,58.46,Goal,Root/div/station/dom_int,LIP_NOTI/CGO/MLI/D,0,Yes
LIP_NOTI,I,MLI,dom_int,3,41.54,Goal,Root/div/station/dom_int,LIP_NOTI/CGO/MLI/I,0,Yes
LIP_NOTI,MLU,CGO,station,2,0.34,Goal,Root/div/station,LIP_NOTI/CGO/MLU,1,No
LIP_NOTI,D,MLU,dom_int,3,100.0,Goal,Root/div/station/dom_int,LIP_NOTI/CGO/MLU/D,0,Yes
LIP_NOTI,MMX,CGO,station,2,0.31,Goal,Root/div/station,LIP_NOTI/CGO/MMX,1,No
LIP_NOTI,I,MMX,dom_int,3,100.0,Goal,Root/div/station/dom_int,LIP_NOTI/CGO/MMX/I,0,Yes
LIP_NOTI,MNL,CGO,station,2,0.06,Goal,Root/div/station,LIP_NOTI/CGO/MNL,2,No
LIP_NOTI,D,MNL,dom_int,3,26.87,Goal,Root/div/station/dom_int,LIP_NOTI/CGO/MNL/D,0,Yes
LIP_NOTI,I,MNL,dom_int,3,73.13,Goal,Root/div/station/dom_int,LIP_NOTI/CGO/MNL/I,0,Yes
LIP_NOTI,MOB,CGO,station,2,0.14,Goal,Root/div/station,LIP_NOTI/CGO/MOB,2,No
LIP_NOTI,D,MOB,dom_int,3,37.02,Goal,Root/div/station/dom_int,LIP_NOTI/CGO/MOB/D,0,Yes
LIP_NOTI,I,MOB,dom_int,3,62.98,Goal,Root/div/station/dom_int,LIP_NOTI/CGO/MOB/I,0,Yes
LIP_NOTI,MOT,CGO,station,2,0.13,Goal,Root/div/station,LIP_NOTI/CGO/MOT,1,No
LIP_NOTI,D,MOT,dom_int,3,100.0,Goal,Root/div/station/dom_int,LIP_NOTI/CGO/MOT/D,0,Yes
LIP_NOTI,MQT,CGO,station,2,0.12,Goal,Root/div/station,LIP_NOTI/CGO/MQT,1,No
LIP_NOTI,D,MQT,dom_int,3,100.0,Goal,Root/div/station/dom_int,LIP_NOTI/CGO/MQT/D,0,Yes
LIP_NOTI,MRS,CGO,station,2,0.32,Goal,Root/div/station,LIP_NOTI/CGO/MRS,2,No
LIP_NOTI,D,MRS,dom_int,3,58.37,Goal,Root/div/station/dom_int,LIP_NOTI/CGO/MRS/D,0,Yes
LIP_NOTI,I,MRS,dom_int,3,41.63,Goal,Root/div/station/dom_int,LIP_NOTI/CGO/MRS/I,0,Yes
LIP_NOTI,MRU,CGO,station,2,0.37,Goal,Root/div/station,LIP_NOTI/CGO/MRU,1,No
LIP_NOTI,I,MRU,dom_int,3,100.0,Goal,Root/div/station/dom_int,LIP_NOTI/CGO/MRU/I,0,Yes
LIP_NOTI,MSN,CGO,station,2,0.13,Goal,Root/div/station,LIP_NOTI/CGO/MSN,2,No
LIP_NOTI,D,MSN,dom_int,3,10.3,Goal,Root/div/station/dom_int,LIP_NOTI/CGO/MSN/D,0,Yes
LIP_NOTI,I,MSN,dom_int,3,89.7,Goal,Root/div/station/dom_int,LIP_NOTI/CGO/MSN/I,0,Yes
LIP_NOTI,MSO,CGO,station,2,0.18,Goal,Root/div/station,LIP_NOTI/CGO/MSO,2,No
LIP_NOTI,D,MSO,dom_int,3,62.33,Goal,Root/div/station/dom_int,LIP_NOTI/CGO/MSO/D,0,Yes
LIP_NOTI,I,MSO,dom_int,3,37.67,Goal,Root/div/station/dom_int,LIP_NOTI/CGO/MSO/I,0,Yes
LIP_NOTI,MSP,CGO,station,2,0.07,Goal,Root/div/station,LIP_NOTI/CGO/MSP,2,No
LIP_NOTI,D,MSP,dom_int,3,52.55,Goal,Root/div/station/dom_int,LIP_NOTI/CGO/MSP/D,0,Yes
LIP_NOTI,I,MSP,dom_int,3,47.45,Goal,Root/div/station/dom_int,LIP_NOTI/CGO/MSP/I,0,Yes
LIP_NOTI,MST,CGO,station,2,0.24,Goal,Root/div/station,LIP_NOTI/CGO/MST,1,No
LIP_NOTI,I,MST,dom_int,3,100.0,Goal,Root/div/station/dom_int,LIP_NOTI/CGO/MST/I,0,Yes
LIP_NOTI,MSY,CGO,station,2,0.37,Goal,Root/div/station,LIP_NOTI/CGO/MSY,2,No
LIP_NOTI,D,MSY,dom_int,3,49.9,Goal,Root/div/station/dom_int,LIP_NOTI/CGO/MSY/D,0,Yes
LIP_NOTI,I,MSY,dom_int,3,50.1,Goal,Root/div/station/dom_int,LIP_NOTI/CGO/MSY/I,0,Yes
LIP_NOTI,MTJ,CGO,station,2,0.33,Goal,Root/div/station,LIP_NOTI/CGO/MTJ,1,No
LIP_NOTI,D,MTJ,dom_int,3,100.0,Goal,Root/div/station/dom_int,LIP_NOTI/CGO/MTJ/D,0,Yes
LIP_NOTI,MTY,CGO,station,2,0.12,Goal,Root/div/station,LIP_NOTI/CGO/MTY,2,No
LIP_NOTI,D,MTY,dom_int,3,73.69,Goal,Root/div/station/dom_int,LIP_NOTI/CGO/MTY/D,0,Yes
LIP_NOTI,I,MTY,dom_int,3,26.31,Goal,Root/div/station/dom_int,LIP_NOTI/CGO/MTY/I,0,Yes
LIP_NOTI,MUC,CGO,station,2,0.04,Goal,Root/div/station,LIP_NOTI/CGO/MUC,2,No
LIP_NOTI,D,MUC,dom_int,3,69.11,Goal,Root/div/station/dom_int,LIP_NOTI/CGO/MUC/D,0,Yes
LIP_NOTI,I,MUC,dom_int,3,30.89,Goal,Root/div/station/dom_int,LIP_NOTI/CGO/MUC/I,0,Yes
LIP_NOTI,MVD,CGO,station,2,0.23,Goal,Root/div/station,LIP_NOTI/CGO/MVD,1,No
LIP_NOTI,I,MVD,dom_int,3,100.0,Goal,Root/div/station/dom_int,LIP_NOTI/CGO/MVD/I,0,Yes
LIP_NOTI,MXP,CGO,station,2,0.14,Goal,Root/div/station,LIP_NOTI/CGO/MXP,2,No
LIP_NOTI,D,MXP,dom_int,3,63.78,Goal,Root/div/station/dom_int,LIP_NOTI/CGO/MXP/D,0,Yes
LIP_NOTI,I,MXP,dom_int,3,36.22,Goal,Root/div/station/dom_int,LIP_NOTI/CGO/MXP/I,0,Yes
LIP_NOTI,MYR,CGO,station,2,0.33,Goal,Root/div/station,LIP_NOTI/CGO/MYR,2,No
LIP_NOTI,D,MYR,dom_int,3,51.9,Goal,Root/div/station/dom_int,LIP_NOTI/CGO/MYR/D,0,Yes
LIP_NOTI,I,MYR,dom_int,3,48.1,Goal,Root/div/station/dom_int,LIP_NOTI/CGO/MYR/I,0,Yes
LIP_NOTI,NAN,CGO,station,2,0.34,Goal,Root/div/station,LIP_NOTI/CGO/NAN,1,No
LIP_NOTI,I,NAN,dom_int,3,100.0,Goal,Root/div/station/dom_int,LIP_NOTI/CGO/NAN/I,0,Yes
LIP_NOTI,NAP,CGO,station,2,0.0,Goal,Root/div/station,LIP_NOTI/CGO/NAP,1,No
LIP_NOTI,I,NAP,dom_int,3,100.0,Goal,Root/div/station/dom_int,LIP_NOTI/CGO/NAP/I,0,Yes
LIP_NOTI,NAS,CGO,station,2,0.08,Goal,Root/div/station,LIP_NOTI/CGO/NAS,2,No
LIP_NOTI,D,NAS,dom_int,3,81.42,Goal,Root/div/station/dom_int,LIP_NOTI/CGO/NAS/D,0,Yes
LIP_NOTI,I,NAS,dom_int,3,18.58,Goal,Root/div/station/dom_int,LIP_NOTI/CGO/NAS/I,0,Yes
LIP_NOTI,NBO,CGO,station,2,0.19,Goal,Root/div/station,LIP_NOTI/CGO/NBO,1,No
LIP_NOTI,I,NBO,dom_int,3,100.0,Goal,Root/div/station/dom_int,LIP_NOTI/CGO/NBO/I,0,Yes
LIP_NOTI,NCE,CGO,station,2,0.37,Goal,Root/div/station,LIP_NOTI/CGO/NCE,2,No
LIP_NOTI,D,NCE,dom_int,3,18.29,Goal,Root/div/station/dom_int,LIP_NOTI/CGO/NCE/D,0,Yes
LIP_NOTI,I,NCE,dom_int,3,81.71,Goal,Root/div/station/dom_int,LIP_NOTI/CGO/NCE/I,0,Yes
LIP_NOTI,NCL,CGO,station,2,0.32,Goal,Root/div/station,LIP_NOTI/CGO/NCL,1,No
LIP_NOTI,I,NCL,dom_int,3,100.0,Goal,Root/div/station/dom_int,LIP_NOTI/CGO/NCL/I,0,Yes
LIP_NOTI,NGO,CGO,station,2,0.23,Goal,Root/div/station,LIP_NOTI/CGO/NGO,2,No
LIP_NOTI,D,NGO,dom_int,3,7.19,Goal,Root/div/station/dom_int,LIP_NOTI/CGO/NGO/D,0,Yes
LIP_NOTI,I,NGO,dom_int,3,92.81,Goal,Root/div/station/dom_int,LIP_NOTI/CGO/NGO/I,0,Yes
LIP_NOTI,NKC,CGO,station,2,0.0,Goal,Root/div/station,LIP_NOTI/CGO/NKC,1,No
LIP_NOTI,I,NKC,dom_int,3,100.0,Goal,Root/div/station/dom_int,LIP_NOTI/CGO/NKC/I,0,Yes
LIP_NOTI,NRT,CGO,station,2,0.25,Goal,Root/div/station,LIP_NOTI/CGO/NRT,2,No
LIP_NOTI,D,NRT,dom_int,3,78.13,Goal,Root/div/station/dom_int,LIP_NOTI/CGO/NRT/D,0,Yes
LIP_NOTI,I,NRT,dom_int,3,21.87,Goal,Root/div/station/dom_int,LIP_NOTI/CGO/NRT/I,0,Yes
LIP_NOTI,NSI,CGO,station,2,0.29,Goal,Root/div/station,LIP_NOTI/CGO/NSI,1,No
LIP_NOTI,I,NSI,dom_int,3,100.0,Goal,Root/div/station/dom_int,LIP_NOTI/CGO/NSI/I,0,Yes
LIP_NOTI,NTE,CGO,station,2,0.05,Goal,Root/div/station,LIP_NOTI/CGO/NTE,1,No
LIP_NOTI,I,NTE,dom_int,3,100.0,Goal,Root/div/station/dom_int,LIP_NOTI/CGO/NTE/I,0,Yes
LIP_NOTI,NUE,CGO,station,2,0.22,Goal,Root/div/station,LIP_NOTI/CGO/NUE,1,No
LIP_NOTI,I,NUE,dom_int,3,100.0,Goal,Root/div/station/dom_int,LIP_NOTI/CGO/NUE/I,0,Yes
LIP_NOTI,NVT,CGO,station,2,0.16,Goal,Root/div/station,LIP_NOTI/CGO/NVT,1,No
LIP_NOTI,I,NVT,dom_int,3,100.0,Goal,Root/div/station/dom_int,LIP_NOTI/CGO/NVT/I,0,Yes
LIP_NOTI,OAJ,CGO,station,2,0.31,Goal,Root/div/station,LIP_NOTI/CGO/OAJ,2,No
LIP_NOTI,D,OAJ,dom_int,3,14.69,Goal,Root/div/station/dom_int,LIP_NOTI/CGO/OAJ/D,0,Yes
LIP_NOTI,I,OAJ,dom_int,3,85.31,Goal,Root/div/station/dom_int,LIP_NOTI/CGO/OAJ/I,0,Yes
LIP_NOTI,OAK,CGO,station,2,0.38,Goal,Root/div/station,LIP_NOTI/CGO/OAK,2,No
LIP_NOTI,D,OAK,dom_int,3,59.37,Goal,Root/div/station/dom_int,LIP_NOTI/CGO/OAK/D,0,Yes
LIP_NOTI,I,OAK,dom_int,3,40.63,Goal,Root/div/station/dom_int,LIP_NOTI/CGO/OAK/I,0,Yes
LIP_NOTI,OGG,CGO,station,2,0.21,Goal,Root/div/station,LIP_NOTI/CGO/OGG,2,No
LIP_NOTI,D,OGG,dom_int,3,30.48,Goal,Root/div/station/dom_int,LIP_NOTI/CGO/OGG/D,0,Yes
LIP_NOTI,I,OGG,dom_int,3,69.52,Goal,Root/div/station/dom_int,LIP_NOTI/CGO/OGG/I,0,Yes
LIP_NOTI,OKC,CGO,station,2,0.36,Goal,Root/div/station,LIP_NOTI/CGO/OKC,2,No
LIP_NOTI,D,OKC,dom_int,3,46.68,Goal,Root/div/station/dom_int,LIP_NOTI/CGO/OKC/D,0,Yes
LIP_NOTI,I,OKC,dom_int,3,53.32,Goal,Root/div/station/dom_int,LIP_NOTI/CGO/OKC/I,0,Yes
LIP_NOTI,OMA,CGO,station,2,0.25,Goal,Root/div/station,LIP_NOTI/CGO/OMA,2,No
LIP_NOTI,D,OMA,dom_int,3,29.6,Goal,Root/div/station/dom_int,LIP_NOTI/CGO/OMA/D,0,Yes
LIP_NOTI,I,OMA,dom_int,3,70.4,Goal,Root/div/station/dom_int,LIP_NOTI/CGO/OMA/I,0,Yes
LIP_NOTI,ONT,CGO,station,2,0.35,Goal,Root/div/station,LIP_NOTI/CGO/ONT,2,No
LIP_NOTI,D,ONT,dom_int,3,64.03,Goal,Root/div/station/dom_int,LIP_NOTI/CGO/ONT/D,0,Yes
LIP_NOTI,I,ONT,dom_int,3,35.97,Goal,Root/div/station/dom_int,LIP_NOTI/CGO/ONT/I,0,Yes
LIP_NOTI,OPO,CGO,station,2,0.2,Goal,Root/div/station,LIP_NOTI/CGO/OPO,2,No
LIP_NOTI,D,OPO,dom_int,3,57.57,Goal,Root/div/station/dom_int,LIP_NOTI/CGO/OPO/D,0,Yes
LIP_NOTI,I,OPO,dom_int,3,42.43,Goal,Root/div/station/dom_int,LIP_NOTI/CGO/OPO/I,0,Yes
LIP_NOTI,ORD,CGO,station,2,0.19,Goal,Root/div/station,LIP_NOTI/CGO/ORD,2,No
LIP_NOTI,D,ORD,dom_int,3,46.16,Goal,Root/div/station/dom_int,LIP_NOTI/CGO/ORD/D,0,Yes
LIP_NOTI,I,ORD,dom_int,3,53.84,Goal,Root/div/station/dom_int,LIP_NOTI/CGO/ORD/I,0,Yes
LIP_NOTI,ORF,CGO,station,2,0.31,Goal,Root/div/station,LIP_NOTI/CGO/ORF,2,No
LIP_NOTI,D,ORF,dom_int,3,46.3,Goal,Root/div/station/dom_int,LIP_NOTI/CGO/ORF/D,0,Yes
LIP_NOTI,I,ORF,dom_int,3,53.7,Goal,Root/div/station/dom_int,LIP_NOTI/CGO/ORF/I,0,Yes
LIP_NOTI,ORK,CGO,station,2,0.03,Goal,Root/div/station,LIP_NOTI/CGO/ORK,2,No
LIP_NOTI,D,ORK,dom_int,3,41.78,Goal,Root/div/station/dom_int,LIP_NOTI/CGO/ORK/D,0,Yes
LIP_NOTI,I,ORK,dom_int,3,58.22,Goal,Root/div/station/dom_int,LIP_NOTI/CGO/ORK/I,0,Yes
LIP_NOTI,OSL,CGO,station,2,0.01,Goal,Root/div/station,LIP_NOTI/CGO/OSL,2,No
LIP_NOTI,D,OSL,dom_int,3,91.39,Goal,Root/div/station/dom_int,LIP_NOTI/CGO/OSL/D,0,Yes
LIP_NOTI,I,OSL,dom_int,3,8.61,Goal,Root/div/station/dom_int,LIP_NOTI/CGO/OSL/I,0,Yes
LIP_NOTI,OTP,CGO,station,2,0.02,Goal,Root/div/station,LIP_NOTI/CGO/OTP,1,No
LIP_NOTI,I,OTP,dom_int,3,100.0,Goal,Root/div/station/dom_int,LIP_NOTI/CGO/OTP/I,0,Yes
LIP_NOTI,OUA,CGO,station,2,0.09,Goal,Root/div/station,LIP_NOTI/CGO/OUA,1,No
LIP_NOTI,I,OUA,dom_int,3,100.0,Goal,Root/div/station/dom_int,LIP_NOTI/CGO/OUA/I,0,Yes
LIP_NOTI,PAP,CGO,station,2,0.2,Goal,Root/div/station,LIP_NOTI/CGO/PAP,1,No
LIP_NOTI,I,PAP,dom_int,3,100.0,Goal,Root/div/station/dom_int,LIP_NOTI/CGO/PAP/I,0,Yes
LIP_NOTI,PBI,CGO,station,2,0.18,Goal,Root/div/station,LIP_NOTI/CGO/PBI,2,No
LIP_NOTI,D,PBI,dom_int,3,14.8,Goal,Root/div/station/dom_int,LIP_NOTI/CGO/PBI/D,0,Yes
LIP_NOTI,I,PBI,dom_int,3,85.2,Goal,Root/div/station/dom_int,LIP_NOTI/CGO/PBI/I,0,Yes
LIP_NOTI,PBM,CGO,station,2,0.16,Goal,Root/div/station,LIP_NOTI/CGO/PBM,1,No
LIP_NOTI,I,PBM,dom_int,3,100.0,Goal,Root/div/station/dom_int,LIP_NOTI/CGO/PBM/I,0,Yes
LIP_NOTI,PDL,CGO,station,2,0.33,Goal,Root/div/station,LIP_NOTI/CGO/PDL,1,No
LIP_NOTI,I,PDL,dom_int,3,100.0,Goal,Root/div/station/dom_int,LIP_NOTI/CGO/PDL/I,0,Yes
LIP_NOTI,PDX,CGO,station,2,0.16,Goal,Root/div/station,LIP_NOTI/CGO/PDX,2,No
LIP_NOTI,D,PDX,dom_int,3,33.89,Goal,Root/div/station/dom_int,LIP_NOTI/CGO/PDX/D,0,Yes
LIP_NOTI,I,PDX,dom_int,3,66.11,Goal,Root/div/station/dom_int,LIP_NOTI/CGO/PDX/I,0,Yes
LIP_NOTI,PEK,CGO,station,2,0.23,Goal,Root/div/station,LIP_NOTI/CGO/PEK,1,No
LIP_NOTI,I,PEK,dom_int,3,100.0,Goal,Root/div/station/dom_int,LIP_NOTI/CGO/PEK/I,0,Yes
LIP_NOTI,PEN,CGO,station,2,0.28,Goal,Root/div/station,LIP_NOTI/CGO/PEN,1,No
LIP_NOTI,I,PEN,dom_int,3,100.0,Goal,Root/div/station/dom_int,LIP_NOTI/CGO/PEN/I,0,Yes
LIP_NOTI,PER,CGO,station,2,0.04,Goal,Root/div/station,LIP_NOTI/CGO/PER,1,No
LIP_NOTI,I,PER,dom_int,3,100.0,Goal,Root/div/station/dom_int,LIP_NOTI/CGO/PER/I,0,Yes
LIP_NOTI,PHC,CGO,station,2,0.09,Goal,Root/div/station,LIP_NOTI/CGO/PHC,1,No
LIP_NOTI,I,PHC,dom_int,3,100.0,Goal,Root/div/station/dom_int,LIP_NOTI/CGO/PHC/I,0,Yes
LIP_NOTI,PHF,CGO,station,2,0.05,Goal,Root/div/station,LIP_NOTI/CGO/PHF,2,No
LIP_NOTI,D,PHF,dom_int,3,59.23,Goal,Root/div/station/dom_int,LIP_NOTI/CGO/PHF/D,0,Yes
LIP_NOTI,I,PHF,dom_int,3,40.77,Goal,Root/div/station/dom_int,LIP_NOTI/CGO/PHF/I,0,Yes
LIP_NOTI,PHL,CGO,station,2,0.15,Goal,Root/div/station,LIP_NOTI/CGO/PHL,2,No
LIP_NOTI,D,PHL,dom_int,3,14.13,Goal,Root/div/station/dom_int,LIP_NOTI/CGO/PHL/D,0,Yes
LIP_NOTI,I,PHL,dom_int,3,85.87,Goal,Root/div/station/dom_int,LIP_NOTI/CGO/PHL/I,0,Yes
LIP_NOTI,PHX,CGO,station,2,0.16,Goal,Root/div/station,LIP_NOTI/CGO/PHX,2,No
LIP_NOTI,D,PHX,dom_int,3,10.37,Goal,Root/div/station/dom_int,LIP_NOTI/CGO/PHX/D,0,Yes
LIP_NOTI,I,PHX,dom_int,3,89.63,Goal,Root/div/station/dom_int,LIP_NOTI/CGO/PHX/I,0,Yes
LIP_NOTI,PIA,CGO,station,2,0.31,Goal,Root/div/station,LIP_NOTI/CGO/PIA,1,No
LIP_NOTI,D,PIA,dom_int,3,100.0,Goal,Root/div/station/dom_int,LIP_NOTI/CGO/PIA/D,0,Yes
LIP_NOTI,PIH,CGO,station,2,0.14,Goal,Root/div/station,LIP_NOTI/CGO/PIH,1,No
LIP_NOTI,D,PIH,dom_int,3,100.0,Goal,Root/div/station/dom_int,LIP_NOTI/CGO/PIH/D,0,Yes
LIP_NOTI,PIK,CGO,station,2,0.27,Goal,Root/div/station,LIP_NOTI/CGO/PIK,1,No
LIP_NOTI,I,PIK,dom_int,3,100.0,Goal,Root/div/station/dom_int,LIP_NOTI/CGO/PIK/I,0,Yes
LIP_NOTI,PIT,CGO,station,2,0.21,Goal,Root/div/station,LIP_NOTI/CGO/PIT,2,No
LIP_NOTI,D,PIT,dom_int,3,59.39,Goal,Root/div/station/dom_int,LIP_NOTI/CGO/PIT/D,0,Yes
LIP_NOTI,I,PIT,dom_int,3,40.61,Goal,Root/div/station/dom_int,LIP_NOTI/CGO/PIT/I,0,Yes
LIP_NOTI,PLN,CGO,station,2,0.26,Goal,Root/div/station,LIP_NOTI/CGO/PLN,1,No
LIP_NOTI,D,PLN,dom_int,3,100.0,Goal,Root/div/station/dom_int,LIP_NOTI/CGO/PLN/D,0,Yes
LIP_NOTI,PLS,CGO,station,2,0.24,Goal,Root/div/station,LIP_NOTI/CGO/PLS,1,No
LIP_NOTI,I,PLS,dom_int,3,100.0,Goal,Root/div/station/dom_int,LIP_NOTI/CGO/PLS/I,0,Yes
LIP_NOTI,PNS,CGO,station,2,0.27,Goal,Root/div/station,LIP_NOTI/CGO/PNS,2,No
LIP_NOTI,D,PNS,dom_int,3,49.75,Goal,Root/div/station/dom_int,LIP_NOTI/CGO/PNS/D,0,Yes
LIP_NOTI,I,PNS,dom_int,3,50.25,Goal,Root/div/station/dom_int,LIP_NOTI/CGO/PNS/I,0,Yes
LIP_NOTI,POA,CGO,station,2,0.06,Goal,Root/div/station,LIP_NOTI/CGO/POA,2,No
LIP_NOTI,D,POA,dom_int,3,2.54,Goal,Root/div/station/dom_int,LIP_NOTI/CGO/POA/D,0,Yes
LIP_NOTI,I,POA,dom_int,3,97.46,Goal,Root/div/station/dom_int,LIP_NOTI/CGO/POA/I,0,Yes
LIP_NOTI,PPG,CGO,station,2,0.3,Goal,Root/div/station,LIP_NOTI/CGO/PPG,1,No
LIP_NOTI,I,PPG,dom_int,3,100.0,Goal,Root/div/station/dom_int,LIP_NOTI/CGO/PPG/I,0,Yes
LIP_NOTI,PPT,CGO,station,2,0.29,Goal,Root/div/station,LIP_NOTI/CGO/PPT,1,No
LIP_NOTI,I,PPT,dom_int,3,100.0,Goal,Root/div/station/dom_int,LIP_NOTI/CGO/PPT/I,0,Yes
LIP_NOTI,PRG,CGO,station,2,0.14,Goal,Root/div/station,LIP_NOTI/CGO/PRG,2,No
LIP_NOTI,D,PRG,dom_int,3,64.17,Goal,Root/div/station/dom_int,LIP_NOTI/CGO/PRG/D,0,Yes
LIP_NOTI,I,PRG,dom_int,3,35.83,Goal,Root/div/station/dom_int,LIP_NOTI/CGO/PRG/I,0,Yes
LIP_NOTI,PSC,CGO,station,2,0.15,Goal,Root/div/station,LIP_NOTI/CGO/PSC,2,No
LIP_NOTI,D,PSC,dom_int,3,37.12,Goal,Root/div/station/dom_int,LIP_NOTI/CGO/PSC/D,0,Yes
LIP_NOTI,I,PSC,dom_int,3,62.88,Goal,Root/div/station/dom_int,LIP_NOTI/CGO/PSC/I,0,Yes
LIP_NOTI,PSP,CGO,station,2,0.13,Goal,Root/div/station,LIP_NOTI/CGO/PSP,2,No
LIP_NOTI,D,PSP,dom_int,3,59.99,Goal,Root/div/station/dom_int,LIP_NOTI/CGO/PSP/D,0,Yes
LIP_NOTI,I,PSP,dom_int,3,40.01,Goal,Root/div/station/dom_int,LIP_NOTI/CGO/PSP/I,0,Yes
LIP_NOTI,PTP,CGO,station,2,0.32,Goal,Root/div/station,LIP_NOTI/CGO/PTP,1,No
LIP_NOTI,I,PTP,dom_int,3,100.0,Goal,Root/div/station/dom_int,LIP_NOTI/CGO/PTP/I,0,Yes
LIP_NOTI,PTY,CGO,station,2,0.18,Goal,Root/div/station,LIP_NOTI/CGO/PTY,2,No
LIP_NOTI,D,PTY,dom_int,3,61.75,Goal,Root/div/station/dom_int,LIP_NOTI/CGO/PTY/D,0,Yes
LIP_NOTI,I,PTY,dom_int,3,38.25,Goal,Root/div/station/dom_int,LIP_NOTI/CGO/PTY/I,0,Yes
LIP_NOTI,PUJ,CGO,station,2,0.01,Goal,Root/div/station,LIP_NOTI/CGO/PUJ,2,No
LIP_NOTI,D,PUJ,dom_int,3,41.21,Goal,Root/div/station/dom_int,LIP_NOTI/CGO/PUJ/D,0,Yes
LIP_NOTI,I,PUJ,dom_int,3,58.79,Goal,Root/div/station/dom_int,LIP_NOTI/CGO/PUJ/I,0,Yes
LIP_NOTI,PVD,CGO,station,2,0.33,Goal,Root/div/station,LIP_NOTI/CGO/PVD,2,No
LIP_NOTI,D,PVD,dom_int,3,1.01,Goal,Root/div/station/dom_int,LIP_NOTI/CGO/PVD/D,0,Yes
LIP_NOTI,I,PVD,dom_int,3,98.99,Goal,Root/div/station/dom_int,LIP_NOTI/CGO/PVD/I,0,Yes
LIP_NOTI,PVG,CGO,station,2,0.0,Goal,Root/div/station,LIP_NOTI/CGO/PVG,2,No
LIP_NOTI,D,PVG,dom_int,3,79.34,Goal,Root/div/station/dom_int,LIP_NOTI/CGO/PVG/D,0,Yes
LIP_NOTI,I,PVG,dom_int,3,20.66,Goal,Root/div/station/dom_int,LIP_NOTI/CGO/PVG/I,0,Yes
LIP_NOTI,PWM,CGO,station,2,0.1,Goal,Root/div/station,LIP_NOTI/CGO/PWM,2,No
LIP_NOTI,D,PWM,dom_int,3,64.42,Goal,Root/div/station/dom_int,LIP_NOTI/CGO/PWM/D,0,Yes
LIP_NOTI,I,PWM,dom_int,3,35.58,Goal,Root/div/station/dom_int,LIP_NOTI/CGO/PWM/I,0,Yes
LIP_NOTI,RAK,CGO,station,2,0.24,Goal,Root/div/station,LIP_NOTI/CGO/RAK,1,No
LIP_NOTI,I,RAK,dom_int,3,100.0,Goal,Root/div/station/dom_int,LIP_NOTI/CGO/RAK/I,0,Yes
LIP_NOTI,RAP,CGO,station,2,0.14,Goal,Root/div/station,LIP_NOTI/CGO/RAP,1,No
LIP_NOTI,D,RAP,dom_int,3,100.0,Goal,Root/div/station/dom_int,LIP_NOTI/CGO/RAP/D,0,Yes
LIP_NOTI,RDM,CGO,station,2,0.15,Goal,Root/div/station,LIP_NOTI/CGO/RDM,1,No
LIP_NOTI,D,RDM,dom_int,3,100.0,Goal,Root/div/station/dom_int,LIP_NOTI/CGO/RDM/D,0,Yes
LIP_NOTI,RDU,CGO,station,2,0.05,Goal,Root/div/station,LIP_NOTI/CGO/RDU,2,No
LIP_NOTI,D,RDU,dom_int,3,67.13,Goal,Root/div/station/dom_int,LIP_NOTI/CGO/RDU/D,0,Yes
LIP_NOTI,I,RDU,dom_int,3,32.87,Goal,Root/div/station/dom_int,LIP_NOTI/CGO/RDU/I,0,Yes
LIP_NOTI,RHI,CGO,station,2,0.34,Goal,Root/div/station,LIP_NOTI/CGO/RHI,2,No
LIP_NOTI,D,RHI,dom_int,3,48.93,Goal,Root/div/station/dom_int,LIP_NOTI/CGO/RHI/D,0,Yes
LIP_NOTI,I,RHI,dom_int,3,51.07,Goal,Root/div/station/dom_int,LIP_NOTI/CGO/RHI/I,0,Yes
LIP_NOTI,RIC,CGO,station,2,0.2,Goal,Root/div/station,LIP_NOTI/CGO/RIC,2,No
LIP_NOTI,D,RIC,dom_int,3,55.24,Goal,Root/div/station/dom_int,LIP_NOTI/CGO/RIC/D,0,Yes
LIP_NOTI,I,RIC,dom_int,3,44.76,Goal,Root/div/station/dom_int,LIP_NOTI/CGO/RIC/I,0,Yes
LIP_NOTI,RNO,CGO,station,2,0.34,Goal,Root/div/station,LIP_NOTI/CGO/RNO,2,No
LIP_NOTI,D,RNO,dom_int,3,78.11,Goal,Root/div/station/dom_int,LIP_NOTI/CGO/RNO/D,0,Yes
LIP_NOTI,I,RNO,dom_int,3,21.89,Goal,Root/div/station/dom_int,LIP_NOTI/CGO/RNO/I,0,Yes
LIP_NOTI,ROA,CGO,station,2,0.35,Goal,Root/div/station,LIP_NOTI/CGO/ROA,2,No
LIP_NOTI,D,ROA,dom_int,3,48.52,Goal,Root/div/station/dom_int,LIP_NOTI/CGO/ROA/D,0,Yes
LIP_NOTI,I,ROA,dom_int,3,51.48,Goal,Root/div/station/dom_int,LIP_NOTI/CGO/ROA/I,0,Yes
LIP_NOTI,ROC,CGO,station,2,0.19,Goal,Root/div/station,LIP_NOTI/CGO/ROC,2,No
LIP_NOTI,D,ROC,dom_int,3,57.45,Goal,Root/div/station/dom_int,LIP_NOTI/CGO/ROC/D,0,Yes
LIP_NOTI,I,ROC,dom_int,3,42.55,Goal,Root/div/station/dom_int,LIP_NOTI/CGO/ROC/I,0,Yes
LIP_NOTI,ROR,CGO,station,2,0.31,Goal,Root/div/station,LIP_NOTI/CGO/ROR,1,No
LIP_NOTI,I,ROR,dom_int,3,100.0,Goal,Root/div/station/dom_int,LIP_NOTI/CGO/ROR/I,0,Yes
LIP_NOTI,RST,CGO,station,2,0.13,Goal,Root/div/station,LIP_NOTI/CGO/RST,1,No
LIP_NOTI,D,RST,dom_int,3,100.0,Goal,Root/div/station/dom_int,LIP_NOTI/CGO/RST/D,0,Yes
LIP_NOTI,RSW,CGO,station,2,0.29,Goal,Root/div/station,LIP_NOTI/CGO/RSW,2,No
LIP_NOTI,D,RSW,dom_int,3,44.22,Goal,Root/div/station/dom_int,LIP_NOTI/CGO/RSW/D,0,Yes
LIP_NOTI,I,RSW,dom_int,3,55.78,Goal,Root/div/station/dom_int,LIP_NOTI/CGO/RSW/I,0,Yes
LIP_NOTI,RTB,CGO,station,2,0.3,Goal,Root/div/station,LIP_NOTI/CGO/RTB,1,No
LIP_NOTI,I,RTB,dom_int,3,100.0,Goal,Root/div/station/dom_int,LIP_NOTI/CGO/RTB/I,0,Yes
LIP_NOTI,RTM,CGO,station,2,0.26,Goal,Root/div/station,LIP_NOTI/CGO/RTM,1,No
LIP_NOTI,I,RTM,dom_int,3,100.0,Goal,Root/div/station/dom_int,LIP_NOTI/CGO/RTM/I,0,Yes
LIP_NOTI,SAL,CGO,station,2,0.31,Goal,Root/div/station,LIP_NOTI/CGO/SAL,2,No
LIP_NOTI,D,SAL,dom_int,3,32.08,Goal,Root/div/station/dom_int,LIP_NOTI/CGO/SAL/D,0,Yes
LIP_NOTI,I,SAL,dom_int,3,67.92,Goal,Root/div/station/dom_int,LIP_NOTI/CGO/SAL/I,0,Yes
LIP_NOTI,SAN,CGO,station,2,0.17,Goal,Root/div/station,LIP_NOTI/CGO/SAN,2,No
LIP_NOTI,D,SAN,dom_int,3,26.07,Goal,Root/div/station/dom_int,LIP_NOTI/CGO/SAN/D,0,Yes
LIP_NOTI,I,SAN,dom_int,3,73.93,Goal,Root/div/station/dom_int,LIP_NOTI/CGO/SAN/I,0,Yes
LIP_NOTI,SAP,CGO,station,2,0.26,Goal,Root/div/station,LIP_NOTI/CGO/SAP,2,No
LIP_NOTI,D,SAP,dom_int,3,39.32,Goal,Root/div/station/dom_int,LIP_NOTI/CGO/SAP/D,0,Yes
LIP_NOTI,I,SAP,dom_int,3,60.68,Goal,Root/div/station/dom_int,LIP_NOTI/CGO/SAP/I,0,Yes
LIP_NOTI,SAT,CGO,station,2,0.29,Goal,Root/div/station,LIP_NOTI/CGO/SAT,2,No
LIP_NOTI,D,SAT,dom_int,3,46.64,Goal,Root/div/station/dom_int,LIP_NOTI/CGO/SAT/D,0,Yes
LIP_NOTI,I,SAT,dom_int,3,53.36,Goal,Root/div/station/dom_int,LIP_NOTI/CGO/SAT/I,0,Yes
LIP_NOTI,SAV,CGO,station,2,0.32,Goal,Root/div/station,LIP_NOTI/CGO/SAV,2,No
LIP_NOTI,D,SAV,dom_int,3,14.91,Goal,Root/div/station/dom_int,LIP_NOTI/CGO/SAV/D,0,Yes
LIP_NOTI,I,SAV,dom_int,3,85.09,Goal,Root/div/station/dom_int,LIP_NOTI/CGO/SAV/I,0,Yes
LIP_NOTI,SBN,CGO,station,2,0.23,Goal,Root/div/station,LIP_NOTI/CGO/SBN,2,No
LIP_NOTI,D,SBN,dom_int,3,68.22,Goal,Root/div/station/dom_int,LIP_NOTI/CGO/SBN/D,0,Yes
LIP_NOTI,I,SBN,dom_int,3,31.78,Goal,Root/div/station/dom_int,LIP_NOTI/CGO/SBN/I,0,Yes
LIP_NOTI,SCE,CGO,station,2,0.37,Goal,Root/div/station,LIP_NOTI/CGO/SCE,1,No
LIP_NOTI,D,SCE,dom_int,3,100.0,Goal,Root/div/station/dom_int,LIP_NOTI/CGO/SCE/D,0,Yes
LIP_NOTI,SCL,CGO,station,2,0.0,Goal,Root/div/station,LIP_NOTI/CGO/SCL,2,No
LIP_NOTI,D,SCL,dom_int,3,49.18,Goal,Root/div/station/dom_int,LIP_NOTI/CGO/SCL/D,0,Yes
LIP_NOTI,I,SCL,dom_int,3,50.82,Goal,Root/div/station/dom_int,LIP_NOTI/CGO/SCL/I,0,Yes
LIP_NOTI,SDF,CGO,station,2,0.04,Goal,Root/div/station,LIP_NOTI/CGO/SDF,2,No
LIP_NOTI,D,SDF,dom_int,3,83.03,Goal,Root/div/station/dom_int,LIP_NOTI/CGO/SDF/D,0,Yes
LIP_NOTI,I,SDF,dom_int,3,16.97,Goal,Root/div/station/dom_int,LIP_NOTI/CGO/SDF/I,0,Yes
LIP_NOTI,SDQ,CGO,station,2,0.11,Goal,Root/div/station,LIP_NOTI/CGO/SDQ,2,No
LIP_NOTI,D,SDQ,dom_int,3,40.71,Goal,Root/div/station/dom_int,LIP_NOTI/CGO/SDQ/D,0,Yes
LIP_NOTI,I,SDQ,dom_int,3,59.29,Goal,Root/div/station/dom_int,LIP_NOTI/CGO/SDQ/I,0,Yes
LIP_NOTI,SEA,CGO,station,2,0.19,Goal,Root/div/station,LIP_NOTI/CGO/SEA,2,No
LIP_NOTI,D,SEA,dom_int,3,48.47,Goal,Root/div/station/dom_int,LIP_NOTI/CGO/SEA/D,0,Yes
LIP_NOTI,I,SEA,dom_int,3,51.53,Goal,Root/div/station/dom_int,LIP_NOTI/CGO/SEA/I,0,Yes
LIP_NOTI,SFO,CGO,station,2,0.13,Goal,Root/div/station,LIP_NOTI/CGO/SFO,2,No
LIP_NOTI,D,SFO,dom_int,3,84.89,Goal,Root/div/station/dom_int,LIP_NOTI/CGO/SFO/D,0,Yes
LIP_NOTI,I,SFO,dom_int,3,15.11,Goal,Root/div/station/dom_int,LIP_NOTI/CGO/SFO/I,0,Yes
LIP_NOTI,SGF,CGO,station,2,0.24,Goal,Root/div/station,LIP_NOTI/CGO/SGF,2,No
LIP_NOTI,D,SGF,dom_int,3,25.8,Goal,Root/div/station/dom_int,LIP_NOTI/CGO/SGF/D,0,Yes
LIP_NOTI,I,SGF,dom_int,3,74.2,Goal,Root/div/station/dom_int,LIP_NOTI/CGO/SGF/I,0,Yes
LIP_NOTI,SGN,CGO,station,2,0.09,Goal,Root/div/station,LIP_NOTI/CGO/SGN,1,No
LIP_NOTI,I,SGN,dom_int,3,100.0,Goal,Root/div/station/dom_int,LIP_NOTI/CGO/SGN/I,0,Yes
LIP_NOTI,SGU,CGO,station,2,0.05,Goal,Root/div/station,LIP_NOTI/CGO/SGU,1,No
LIP_NOTI,D,SGU,dom_int,3,100.0,Goal,Root/div/station/dom_int,LIP_NOTI/CGO/SGU/D,0,Yes
LIP_NOTI,SHV,CGO,station,2,0.34,Goal,Root/div/station,LIP_NOTI/CGO/SHV,2,No
LIP_NOTI,D,SHV,dom_int,3,57.27,Goal,Root/div/station/dom_int,LIP_NOTI/CGO/SHV/D,0,Yes
LIP_NOTI,I,SHV,dom_int,3,42.73,Goal,Root/div/station/dom_int,LIP_NOTI/CGO/SHV/I,0,Yes
LIP_NOTI,SIN,CGO,station,2,0.02,Goal,Root/div/station,LIP_NOTI/CGO/SIN,2,No
LIP_NOTI,D,SIN,dom_int,3,52.59,Goal,Root/div/station/dom_int,LIP_NOTI/CGO/SIN/D,0,Yes
LIP_NOTI,I,SIN,dom_int,3,47.41,Goal,Root/div/station/dom_int,LIP_NOTI/CGO/SIN/I,0,Yes
LIP_NOTI,SIT,CGO,station,2,0.0,Goal,Root/div/station,LIP_NOTI/CGO/SIT,1,No
LIP_NOTI,D,SIT,dom_int,3,100.0,Goal,Root/div/station/dom_int,LIP_NOTI/CGO/SIT/D,0,Yes
LIP_NOTI,SJC,CGO,station,2,0.12,Goal,Root/div/station,LIP_NOTI/CGO/SJC,2,No
LIP_NOTI,D,SJC,dom_int,3,62.82,Goal,Root/div/station/dom_int,LIP_NOTI/CGO/SJC/D,0,Yes
LIP_NOTI,I,SJC,dom_int,3,37.18,Goal,Root/div/station/dom_int,LIP_NOTI/CGO/SJC/I,0,Yes
LIP_NOTI,SJD,CGO,station,2,0.12,Goal,Root/div/station,LIP_NOTI/CGO/SJD,1,No
LIP_NOTI,I,SJD,dom_int,3,100.0,Goal,Root/div/station/dom_int,LIP_NOTI/CGO/SJD/I,0,Yes
LIP_NOTI,SJO,CGO,station,2,0.04,Goal,Root/div/station,LIP_NOTI/CGO/SJO,2,No
LIP_NOTI,D,SJO,dom_int,3,53.38,Goal,Root/div/station/dom_int,LIP_NOTI/CGO/SJO/D,0,Yes
LIP_NOTI,I,SJO,dom_int,3,46.62,Goal,Root/div/station/dom_int,LIP_NOTI/CGO/SJO/I,0,Yes
LIP_NOTI,SJU,CGO,station,2,0.13,Goal,Root/div/station,LIP_NOTI/CGO/SJU,2,No
LIP_NOTI,D,SJU,dom_int,3,38.69,Goal,Root/div/station/dom_int,LIP_NOTI/CGO/SJU/D,0,Yes
LIP_NOTI,I,SJU,dom_int,3,61.31,Goal,Root/div/station/dom_int,LIP_NOTI/CGO/SJU/I,0,Yes
LIP_NOTI,SKB,CGO,station,2,0.25,Goal,Root/div/station,LIP_NOTI/CGO/SKB,1,No
LIP_NOTI,I,SKB,dom_int,3,100.0,Goal,Root/div/station/dom_int,LIP_NOTI/CGO/SKB/I,0,Yes
LIP_NOTI,SLC,CGO,station,2,0.33,Goal,Root/div/station,LIP_NOTI/CGO/SLC,2,No
LIP_NOTI,D,SLC,dom_int,3,31.59,Goal,Root/div/station/dom_int,LIP_NOTI/CGO/SLC/D,0,Yes
LIP_NOTI,I,SLC,dom_int,3,68.41,Goal,Root/div/station/dom_int,LIP_NOTI/CGO/SLC/I,0,Yes
LIP_NOTI,SMF,CGO,station,2,0.21,Goal,Root/div/station,LIP_NOTI/CGO/SMF,2,No
LIP_NOTI,D,SMF,dom_int,3,30.34,Goal,Root/div/station/dom_int,LIP_NOTI/CGO/SMF/D,0,Yes
LIP_NOTI,I,SMF,dom_int,3,69.66,Goal,Root/div/station/dom_int,LIP_NOTI/CGO/SMF/I,0,Yes
LIP_NOTI,SNA,CGO,station,2,0.32,Goal,Root/div/station,LIP_NOTI/CGO/SNA,2,No
LIP_NOTI,D,SNA,dom_int,3,48.46,Goal,Root/div/station/dom_int,LIP_NOTI/CGO/SNA/D,0,Yes
LIP_NOTI,I,SNA,dom_int,3,51.54,Goal,Root/div/station/dom_int,LIP_NOTI/CGO/SNA/I,0,Yes
LIP_NOTI,SNN,CGO,station,2,0.12,Goal,Root/div/station,LIP_NOTI/CGO/SNN,2,No
LIP_NOTI,D,SNN,dom_int,3,36.16,Goal,Root/div/station/dom_int,LIP_NOTI/CGO/SNN/D,0,Yes
LIP_NOTI,I,SNN,dom_int,3,63.84,Goal,Root/div/station/dom_int,LIP_NOTI/CGO/SNN/I,0,Yes
LIP_NOTI,SOF,CGO,station,2,0.17,Goal,Root/div/station,LIP_NOTI/CGO/SOF,1,No
LIP_NOTI,I,SOF,dom_int,3,100.0,Goal,Root/div/station/dom_int,LIP_NOTI/CGO/SOF/I,0,Yes
LIP_NOTI,SPN,CGO,station,2,0.12,Goal,Root/div/station,LIP_NOTI/CGO/SPN,1,No
LIP_NOTI,I,SPN,dom_int,3,100.0,Goal,Root/div/station/dom_int,LIP_NOTI/CGO/SPN/I,0,Yes
LIP_NOTI,SRQ,CGO,station,2,0.07,Goal,Root/div/station,LIP_NOTI/CGO/SRQ,2,No
LIP_NOTI,D,SRQ,dom_int,3,92.37,Goal,Root/div/station/dom_int,LIP_NOTI/CGO/SRQ/D,0,Yes
LIP_NOTI,I,SRQ,dom_int,3,7.63,Goal,Root/div/station/dom_int,LIP_NOTI/CGO/SRQ/I,0,Yes
LIP_NOTI,STI,CGO,station,2,0.04,Goal,Root/div/station,LIP_NOTI/CGO/STI,2,No
LIP_NOTI,D,STI,dom_int,3,74.77,Goal,Root/div/station/dom_int,LIP_NOTI/CGO/STI/D,0,Yes
LIP_NOTI,I,STI,dom_int,3,25.23,Goal,Root/div/station/dom_int,LIP_NOTI/CGO/STI/I,0,Yes
LIP_NOTI,STL,CGO,station,2,0.22,Goal,Root/div/station,LIP_NOTI/CGO/STL,2,No
LIP_NOTI,D,STL,dom_int,3,60.19,Goal,Root/div/station/dom_int,LIP_NOTI/CGO/STL/D,0,Yes
LIP_NOTI,I,STL,dom_int,3,39.81,Goal,Root/div/station/dom_int,LIP_NOTI/CGO/STL/I,0,Yes
LIP_NOTI,STR,CGO,station,2,0.26,Goal,Root/div/station,LIP_NOTI/CGO/STR,2,No
LIP_NOTI,D,STR,dom_int,3,41.27,Goal,Root/div/station/dom_int,LIP_NOTI/CGO/STR/D,0,Yes
LIP_NOTI,I,STR,dom_int,3,58.73,Goal,Root/div/station/dom_int,LIP_NOTI/CGO/STR/I,0,Yes
LIP_NOTI,STT,CGO,station,2,0.3,Goal,Root/div/station,LIP_NOTI/CGO/STT,2,No
LIP_NOTI,D,STT,dom_int,3,76.49,Goal,Root/div/station/dom_int,LIP_NOTI/CGO/STT/D,0,Yes
LIP_NOTI,I,STT,dom_int,3,23.51,Goal,Root/div/station/dom_int,LIP_NOTI/CGO/STT/I,0,Yes
LIP_NOTI,STX,CGO,station,2,0.11,Goal,Root/div/station,LIP_NOTI/CGO/STX,1,No
LIP_NOTI,I,STX,dom_int,3,100.0,Goal,Root/div/station/dom_int,LIP_NOTI/CGO/STX/I,0,Yes
LIP_NOTI,SUN,CGO,station,2,0.18,Goal,Root/div/station,LIP_NOTI/CGO/SUN,1,No
LIP_NOTI,D,SUN,dom_int,3,100.0,Goal,Root/div/station/dom_int,LIP_NOTI/CGO/SUN/D,0,Yes
LIP_NOTI,SVG,CGO,station,2,0.09,Goal,Root/div/station,LIP_NOTI/CGO/SVG,1,No
LIP_NOTI,I,SVG,dom_int,3,100.0,Goal,Root/div/station/dom_int,LIP_NOTI/CGO/SVG/I,0,Yes
LIP_NOTI,SVO,CGO,station,2,0.15,Goal,Root/div/station,LIP_NOTI/CGO/SVO,1,No
LIP_NOTI,I,SVO,dom_int,3,100.0,Goal,Root/div/station/dom_int,LIP_NOTI/CGO/SVO/I,0,Yes
LIP_NOTI,SWF,CGO,station,2,0.24,Goal,Root/div/station,LIP_NOTI/CGO/SWF,1,No
LIP_NOTI,D,SWF,dom_int,3,100.0,Goal,Root/div/station/dom_int,LIP_NOTI/CGO/SWF/D,0,Yes
LIP_NOTI,SXB,CGO,station,2,0.03,Goal,Root/div/station,LIP_NOTI/CGO/SXB,2,No
LIP_NOTI,D,SXB,dom_int,3,56.95,Goal,Root/div/station/dom_int,LIP_NOTI/CGO/SXB/D,0,Yes
LIP_NOTI,I,SXB,dom_int,3,43.05,Goal,Root/div/station/dom_int,LIP_NOTI/CGO/SXB/I,0,Yes
LIP_NOTI,SXM,CGO,station,2,0.12,Goal,Root/div/station,LIP_NOTI/CGO/SXM,1,No
LIP_NOTI,I,SXM,dom_int,3,100.0,Goal,Root/div/station/dom_int,LIP_NOTI/CGO/SXM/I,0,Yes
LIP_NOTI,SYD,CGO,station,2,0.16,Goal,Root/div/station,LIP_NOTI/CGO/SYD,2,No
LIP_NOTI,D,SYD,dom_int,3,13.85,Goal,Root/div/station/dom_int,LIP_NOTI/CGO/SYD/D,0,Yes
LIP_NOTI,I,SYD,dom_int,3,86.15,Goal,Root/div/station/dom_int,LIP_NOTI/CGO/SYD/I,0,Yes
LIP_NOTI,SYR,CGO,station,2,0.36,Goal,Root/div/station,LIP_NOTI/CGO/SYR,2,No
LIP_NOTI,D,SYR,dom_int,3,71.32,Goal,Root/div/station/dom_int,LIP_NOTI/CGO/SYR/D,0,Yes
LIP_NOTI,I,SYR,dom_int,3,28.68,Goal,Root/div/station/dom_int,LIP_NOTI/CGO/SYR/I,0,Yes
LIP_NOTI,TGU,CGO,station,2,0.11,Goal,Root/div/station,LIP_NOTI/CGO/TGU,1,No
LIP_NOTI,I,TGU,dom_int,3,100.0,Goal,Root/div/station/dom_int,LIP_NOTI/CGO/TGU/I,0,Yes
LIP_NOTI,TLH,CGO,station,2,0.06,Goal,Root/div/station,LIP_NOTI/CGO/TLH,2,No
LIP_NOTI,D,TLH,dom_int,3,10.89,Goal,Root/div/station/dom_int,LIP_NOTI/CGO/TLH/D,0,Yes
LIP_NOTI,I,TLH,dom_int,3,89.11,Goal,Root/div/station/dom_int,LIP_NOTI/CGO/TLH/I,0,Yes
LIP_NOTI,TLS,CGO,station,2,0.35,Goal,Root/div/station,LIP_NOTI/CGO/TLS,1,No
LIP_NOTI,I,TLS,dom_int,3,100.0,Goal,Root/div/station/dom_int,LIP_NOTI/CGO/TLS/I,0,Yes
LIP_NOTI,TLV,CGO,station,2,0.07,Goal,Root/div/station,LIP_NOTI/CGO/TLV,2,No
LIP_NOTI,D,TLV,dom_int,3,57.69,Goal,Root/div/station/dom_int,LIP_NOTI/CGO/TLV/D,0,Yes
LIP_NOTI,I,TLV,dom_int,3,42.31,Goal,Root/div/station/dom_int,LIP_NOTI/CGO/TLV/I,0,Yes
LIP_NOTI,TNR,CGO,station,2,0.17,Goal,Root/div/station,LIP_NOTI/CGO/TNR,1,No
LIP_NOTI,I,TNR,dom_int,3,100.0,Goal,Root/div/station/dom_int,LIP_NOTI/CGO/TNR/I,0,Yes
LIP_NOTI,TPA,CGO,station,2,0.02,Goal,Root/div/station,LIP_NOTI/CGO/TPA,2,No
LIP_NOTI,D,TPA,dom_int,3,34.15,Goal,Root/div/station/dom_int,LIP_NOTI/CGO/TPA/D,0,Yes
LIP_NOTI,I,TPA,dom_int,3,65.85,Goal,Root/div/station/dom_int,LIP_NOTI/CGO/TPA/I,0,Yes
LIP_NOTI,TPE,CGO,station,2,0.37,Goal,Root/div/station,LIP_NOTI/CGO/TPE,2,No
LIP_NOTI,D,TPE,dom_int,3,21.55,Goal,Root/div/station/dom_int,LIP_NOTI/CGO/TPE/D,0,Yes
LIP_NOTI,I,TPE,dom_int,3,78.45,Goal,Root/div/station/dom_int,LIP_NOTI/CGO/TPE/I,0,Yes
LIP_NOTI,TRI,CGO,station,2,0.18,Goal,Root/div/station,LIP_NOTI/CGO/TRI,2,No
LIP_NOTI,D,TRI,dom_int,3,77.55,Goal,Root/div/station/dom_int,LIP_NOTI/CGO/TRI/D,0,Yes
LIP_NOTI,I,TRI,dom_int,3,22.45,Goal,Root/div/station/dom_int,LIP_NOTI/CGO/TRI/I,0,Yes
LIP_NOTI,TRN,CGO,station,2,0.35,Goal,Root/div/station,LIP_NOTI/CGO/TRN,1,No
LIP_NOTI,I,TRN,dom_int,3,100.0,Goal,Root/div/station/dom_int,LIP_NOTI/CGO/TRN/I,0,Yes
LIP_NOTI,TUL,CGO,station,2,0.0,Goal,Root/div/station,LIP_NOTI/CGO/TUL,2,No
LIP_NOTI,D,TUL,dom_int,3,39.77,Goal,Root/div/station/dom_int,LIP_NOTI/CGO/TUL/D,0,Yes
LIP_NOTI,I,TUL,dom_int,3,60.23,Goal,Root/div/station/dom_int,LIP_NOTI/CGO/TUL/I,0,Yes
LIP_NOTI,TUN,CGO,station,2,0.29,Goal,Root/div/station,LIP_NOTI/CGO/TUN,1,No
LIP_NOTI,I,TUN,dom_int,3,100.0,Goal,Root/div/station/dom_int,LIP_NOTI/CGO/TUN/I,0,Yes
LIP_NOTI,TUS,CGO,station,2,0.08,Goal,Root/div/station,LIP_NOTI/CGO/TUS,2,No
LIP_NOTI,D,TUS,dom_int,3,99.35,Goal,Root/div/station/dom_int,LIP_NOTI/CGO/TUS/D,0,Yes
LIP_NOTI,I,TUS,dom_int,3,0.65,Goal,Root/div/station/dom_int,LIP_NOTI/CGO/TUS/I,0,Yes
LIP_NOTI,TVC,CGO,station,2,0.36,Goal,Root/div/station,LIP_NOTI/CGO/TVC,1,No
LIP_NOTI,D,TVC,dom_int,3,100.0,Goal,Root/div/station/dom_int,LIP_NOTI/CGO/TVC/D,0,Yes
LIP_NOTI,TWF,CGO,station,2,0.22,Goal,Root/div/station,LIP_NOTI/CGO/TWF,2,No
LIP_NOTI,D,TWF,dom_int,3,50.74,Goal,Root/div/station/dom_int,LIP_NOTI/CGO/TWF/D,0,Yes
LIP_NOTI,I,TWF,dom_int,3,49.26,Goal,Root/div/station/dom_int,LIP_NOTI/CGO/TWF/I,0,Yes
LIP_NOTI,TXL,CGO,station,2,0.15,Goal,Root/div/station,LIP_NOTI/CGO/TXL,1,No
LIP_NOTI,I,TXL,dom_int,3,100.0,Goal,Root/div/station/dom_int,LIP_NOTI/CGO/TXL/I,0,Yes
LIP_NOTI,TYS,CGO,station,2,0.05,Goal,Root/div/station,LIP_NOTI/CGO/TYS,2,No
LIP_NOTI,D,TYS,dom_int,3,92.31,Goal,Root/div/station/dom_int,LIP_NOTI/CGO/TYS/D,0,Yes
LIP_NOTI,I,TYS,dom_int,3,7.69,Goal,Root/div/station/dom_int,LIP_NOTI/CGO/TYS/I,0,Yes
LIP_NOTI,UIO,CGO,station,2,0.33,Goal,Root/div/station,LIP_NOTI/CGO/UIO,2,No
LIP_NOTI,D,UIO,dom_int,3,62.07,Goal,Root/div/station/dom_int,LIP_NOTI/CGO/UIO/D,0,Yes
LIP_NOTI,I,UIO,dom_int,3,37.93,Goal,Root/div/station/dom_int,LIP_NOTI/CGO/UIO/I,0,Yes
LIP_NOTI,UVF,CGO,station,2,0.35,Goal,Root/div/station,LIP_NOTI/CGO/UVF,2,No
LIP_NOTI,D,UVF,dom_int,3,0.83,Goal,Root/div/station/dom_int,LIP_NOTI/CGO/UVF/D,0,Yes
LIP_NOTI,I,UVF,dom_int,3,99.17,Goal,Root/div/station/dom_int,LIP_NOTI/CGO/UVF/I,0,Yes
LIP_NOTI,VCE,CGO,station,2,0.33,Goal,Root/div/station,LIP_NOTI/CGO/VCE,2,No
LIP_NOTI,D,VCE,dom_int,3,44.6,Goal,Root/div/station/dom_int,LIP_NOTI/CGO/VCE/D,0,Yes
LIP_NOTI,I,VCE,dom_int,3,55.4,Goal,Root/div/station/dom_int,LIP_NOTI/CGO/VCE/I,0,Yes
LIP_NOTI,VCP,CGO,station,2,0.19,Goal,Root/div/station,LIP_NOTI/CGO/VCP,2,No
LIP_NOTI,D,VCP,dom_int,3,18.95,Goal,Root/div/station/dom_int,LIP_NOTI/CGO/VCP/D,0,Yes
LIP_NOTI,I,VCP,dom_int,3,81.05,Goal,Root/div/station/dom_int,LIP_NOTI/CGO/VCP/I,0,Yes
LIP_NOTI,VIE,CGO,station,2,0.26,Goal,Root/div/station,LIP_NOTI/CGO/VIE,1,No
LIP_NOTI,I,VIE,dom_int,3,100.0,Goal,Root/div/station/dom_int,LIP_NOTI/CGO/VIE/I,0,Yes
LIP_NOTI,VLC,CGO,station,2,0.08,Goal,Root/div/station,LIP_NOTI/CGO/VLC,1,No
LIP_NOTI,I,VLC,dom_int,3,100.0,Goal,Root/div/station/dom_int,LIP_NOTI/CGO/VLC/I,0,Yes
LIP_NOTI,VLD,CGO,station,2,0.18,Goal,Root/div/station,LIP_NOTI/CGO/VLD,1,No
LIP_NOTI,D,VLD,dom_int,3,100.0,Goal,Root/div/station/dom_int,LIP_NOTI/CGO/VLD/D,0,Yes
LIP_NOTI,VPS,CGO,station,2,0.22,Goal,Root/div/station,LIP_NOTI/CGO/VPS,2,No
LIP_NOTI,D,VPS,dom_int,3,52.26,Goal,Root/div/station/dom_int,LIP_NOTI/CGO/VPS/D,0,Yes
LIP_NOTI,I,VPS,dom_int,3,47.74,Goal,Root/div/station/dom_int,LIP_NOTI/CGO/VPS/I,0,Yes
LIP_NOTI,WAW,CGO,station,2,0.11,Goal,Root/div/station,LIP_NOTI/CGO/WAW,1,No
LIP_NOTI,I,WAW,dom_int,3,100.0,Goal,Root/div/station/dom_int,LIP_NOTI/CGO/WAW/I,0,Yes
LIP_NOTI,XNA,CGO,station,2,0.17,Goal,Root/div/station,LIP_NOTI/CGO/XNA,2,No
LIP_NOTI,D,XNA,dom_int,3,3.03,Goal,Root/div/station/dom_int,LIP_NOTI/CGO/XNA/D,0,Yes
LIP_NOTI,I,XNA,dom_int,3,96.97,Goal,Root/div/station/dom_int,LIP_NOTI/CGO/XNA/I,0,Yes
LIP_NOTI,YHZ,CGO,station,2,0.03,Goal,Root/div/station,LIP_NOTI/CGO/YHZ,1,No
LIP_NOTI,I,YHZ,dom_int,3,100.0,Goal,Root/div/station/dom_int,LIP_NOTI/CGO/YHZ/I,0,Yes
LIP_NOTI,YUL,CGO,station,2,0.08,Goal,Root/div/station,LIP_NOTI/CGO/YUL,2,No
LIP_NOTI,D,YUL,dom_int,3,18.58,Goal,Root/div/station/dom_int,LIP_NOTI/CGO/YUL/D,0,Yes
LIP_NOTI,I,YUL,dom_int,3,81.42,Goal,Root/div/station/dom_int,LIP_NOTI/CGO/YUL/I,0,Yes
LIP_NOTI,YVR,CGO,station,2,0.12,Goal,Root/div/station,LIP_NOTI/CGO/YVR,2,No
LIP_NOTI,D,YVR,dom_int,3,48.59,Goal,Root/div/station/dom_int,LIP_NOTI/CGO/YVR/D,0,Yes
LIP_NOTI,I,YVR,dom_int,3,51.41,Goal,Root/div/station/dom_int,LIP_NOTI/CGO/YVR/I,0,Yes
LIP_NOTI,YYC,CGO,station,2,0.28,Goal,Root/div/station,LIP_NOTI/CGO/YYC,1,No
LIP_NOTI,I,YYC,dom_int,3,100.0,Goal,Root/div/station/dom_int,LIP_NOTI/CGO/YYC/I,0,Yes
LIP_NOTI,YYZ,CGO,station,2,0.04,Goal,Root/div/station,LIP_NOTI/CGO/YYZ,2,No
LIP_NOTI,D,YYZ,dom_int,3,46.7,Goal,Root/div/station/dom_int,LIP_NOTI/CGO/YYZ/D,0,Yes
LIP_NOTI,I,YYZ,dom_int,3,53.3,Goal,Root/div/station/dom_int,LIP_NOTI/CGO/YYZ/I,0,Yes
LIP_NOTI,ZAG,CGO,station,2,0.09,Goal,Root/div/station,LIP_NOTI/CGO/ZAG,1,No
LIP_NOTI,I,ZAG,dom_int,3,100.0,Goal,Root/div/station/dom_int,LIP_NOTI/CGO/ZAG/I,0,Yes
LIP_NOTI,ZRH,CGO,station,2,0.37,Goal,Root/div/station,LIP_NOTI/CGO/ZRH,2,No
LIP_NOTI,D,ZRH,dom_int,3,51.7,Goal,Root/div/station/dom_int,LIP_NOTI/CGO/ZRH/D,0,Yes
LIP_NOTI,I,ZRH,dom_int,3,48.3,Goal,Root/div/station/dom_int,LIP_NOTI/CGO/ZRH/I,0,Yes
LIP_NOTI,Domestic,CGO,tier_2,2,0.08,Goal,Root/div/tier_2,LIP_NOTI/CGO/Domestic,2,No
LIP_NOTI,D,Domestic,dom_int,3,36.51,Goal,Root/div/tier_2/dom_int,LIP_NOTI/CGO/Domestic/D,0,Yes
LIP_NOTI,I,Domestic,dom_int,3,63.49,Goal,Root/div/tier_2/dom_int,LIP_NOTI/CGO/Domestic/I,0,Yes
LIP_NOTI,International,CGO,tier_2,2,0.07,Goal,Root/div/tier_2,LIP_NOTI/CGO/International,2,No
LIP_NOTI,D,International,dom_int,3,68.45,Goal,Root/div/tier_2/dom_int,LIP_NOTI/CGO/International/D,0,Yes
LIP_NOTI,I,International,dom_int,3,31.55,Goal,Root/div/tier_2/dom_int,LIP_NOTI/CGO/International/I,0,Yes
LIP_NOTI,APAC,CGO,tier_4,2,0.22,Goal,Root/div/tier_4,LIP_NOTI/CGO/APAC,2,No
LIP_NOTI,D,APAC,dom_int,3,73.53,Goal,Root/div/tier_4/dom_int,LIP_NOTI/CGO/APAC/D,0,Yes
LIP_NOTI,I,APAC,dom_int,3,26.47,Goal,Root/div/tier_4/dom_int,LIP_NOTI/CGO/APAC/I,0,Yes
LIP_NOTI,CentralHub,CGO,tier_4,2,0.14,Goal,Root/div/tier_4,LIP_NOTI/CGO/CentralHub,2,No
LIP_NOTI,D,CentralHub,dom_int,3,78.34,Goal,Root/div/tier_4/dom_int,LIP_NOTI/CGO/CentralHub/D,0,Yes
LIP_NOTI,I,CentralHub,dom_int,3,21.66,Goal,Root/div/tier_4/dom_int,LIP_NOTI/CGO/CentralHub/I,0,Yes
LIP_NOTI,EastHub,CGO,tier_4,2,0.14,Goal,Root/div/tier_4,LIP_NOTI/CGO/EastHub,2,No
LIP_NOTI,D,EastHub,dom_int,3,42.54,Goal,Root/div/tier_4/dom_int,LIP_NOTI/CGO/EastHub/D,0,Yes
LIP_NOTI,I,EastHub,dom_int,3,57.46,Goal,Root/div/tier_4/dom_int,LIP_NOTI/CGO/EastHub/I,0,Yes
LIP_NOTI,EMEIA,CGO,tier_4,2,0.36,Goal,Root/div/tier_4,LIP_NOTI/CGO/EMEIA,2,No
LIP_NOTI,D,EMEIA,dom_int,3,30.06,Goal,Root/div/tier_4/dom_int,LIP_NOTI/CGO/EMEIA/D,0,Yes
LIP_NOTI,I,EMEIA,dom_int,3,69.94,Goal,Root/div/tier_4/dom_int,LIP_NOTI/CGO/EMEIA/I,0,Yes
LIP_NOTI,LAC,CGO,tier_4,2,0.25,Goal,Root/div/tier_4,LIP_NOTI/CGO/LAC,2,No
LIP_NOTI,D,LAC,dom_int,3,3.82,Goal,Root/div/tier_4/dom_int,LIP_NOTI/CGO/LAC/D,0,Yes
LIP_NOTI,I,LAC,dom_int,3,96.18,Goal,Root/div/tier_4/dom_int,LIP_NOTI/CGO/LAC/I,0,Yes
LIP_NOTI,LATAM,CGO,tier_4,2,0.27,Goal,Root/div/tier_4,LIP_NOTI/CGO/LATAM,2,No
LIP_NOTI,D,LATAM,dom_int,3,62.84,Goal,Root/div/tier_4/dom_int,LIP_NOTI/CGO/LATAM/D,0,Yes
LIP_NOTI,I,LATAM,dom_int,3,37.16,Goal,Root/div/tier_4/dom_int,LIP_NOTI/CGO/LATAM/I,0,Yes
LIP_NOTI,WestHub,CGO,tier_4,2,0.17,Goal,Root/div/tier_4,LIP_NOTI/CGO/WestHub,2,No
LIP_NOTI,D,WestHub,dom_int,3,14.48,Goal,Root/div/tier_4/dom_int,LIP_NOTI/CGO/WestHub/D,0,Yes
LIP_NOTI,I,WestHub,dom_int,3,85.52,Goal,Root/div/tier_4/dom_int,LIP_NOTI/CGO/WestHub/I,0,Yes
LIP_NOTI,EMEIAAMS,CGO,tier_5,2,0.01,Goal,Root/div/tier_5,LIP_NOTI/CGO/EMEIAAMS,2,No
LIP_NOTI,D,EMEIAAMS,dom_int,3,76.44,Goal,Root/div/tier_5/dom_int,LIP_NOTI/CGO/EMEIAAMS/D,0,Yes
LIP_NOTI,I,EMEIAAMS,dom_int,3,23.56,Goal,Root/div/tier_5/dom_int,LIP_NOTI/CGO/EMEIAAMS/I,0,Yes
LIP_NOTI,EMEIACentral,CGO,tier_5,2,0.01,Goal,Root/div/tier_5,LIP_NOTI/CGO/EMEIACentral,2,No
LIP_NOTI,D,EMEIACentral,dom_int,3,54.12,Goal,Root/div/tier_5/dom_int,LIP_NOTI/CGO/EMEIACentral/D,0,Yes
LIP_NOTI,I,EMEIACentral,dom_int,3,45.88,Goal,Root/div/tier_5/dom_int,LIP_NOTI/CGO/EMEIACentral/I,0,Yes
LIP_NOTI,EMEIAEast,CGO,tier_5,2,0.37,Goal,Root/div/tier_5,LIP_NOTI/CGO/EMEIAEast,2,No
LIP_NOTI,D,EMEIAEast,dom_int,3,95.69,Goal,Root/div/tier_5/dom_int,LIP_NOTI/CGO/EMEIAEast/D,0,Yes
LIP_NOTI,I,EMEIAEast,dom_int,3,4.31,Goal,Root/div/tier_5/dom_int,LIP_NOTI/CGO/EMEIAEast/I,0,Yes
LIP_NOTI,EMEIAWest,CGO,tier_5,2,0.28,Goal,Root/div/tier_5,LIP_NOTI/CGO/EMEIAWest,2,No
LIP_NOTI,D,EMEIAWest,dom_int,3,6.06,Goal,Root/div/tier_5/dom_int,LIP_NOTI/CGO/EMEIAWest/D,0,Yes
LIP_NOTI,I,EMEIAWest,dom_int,3,93.94,Goal,Root/div/tier_5/dom_int,LIP_NOTI/CGO/EMEIAWest/I,0,Yes
LIP_NOTI,Northeast,CGO,tier_5,2,0.17,Goal,Root/div/tier_5,LIP_NOTI/CGO/Northeast,2,No
LIP_NOTI,D,Northeast,dom_int,3,76.43,Goal,Root/div/tier_5/dom_int,LIP_NOTI/CGO/Northeast/D,0,Yes
LIP_NOTI,I,Northeast,dom_int,3,23.57,Goal,Root/div/tier_5/dom_int,LIP_NOTI/CGO/Northeast/I,0,Yes
LIP_NOTI,South,CGO,tier_5,2,0.29,Goal,Root/div/tier_5,LIP_NOTI/CGO/South,2,No
LIP_NOTI,D,South,dom_int,3,54.14,Goal,Root/div/tier_5/dom_int,LIP_NOTI/CGO/South/D,0,Yes
LIP_NOTI,I,South,dom_int,3,45.86,Goal,Root/div/tier_5/dom_int,LIP_NOTI/CGO/South/I,0,Yes
LIP_NOTI,West,CGO,tier_5,2,0.17,Goal,Root/div/tier_5,LIP_NOTI/CGO/West,2,No
LIP_NOTI,D,West,dom_int,3,23.81,Goal,Root/div/tier_5/dom_int,LIP_NOTI/CGO/West/D,0,Yes
LIP_NOTI,I,West,dom_int,3,76.19,Goal,Root/div/tier_5/dom_int,LIP_NOTI/CGO/West/I,0,Yes
LIP_NOTI,",null,",CGO,vendor,2,0.12,Goal,Root/div/vendor,"LIP_NOTI/CGO/,null,",2,No
LIP_NOTI,D,",null,",dom_int,3,7.27,Goal,Root/div/vendor/dom_int,"LIP_NOTI/CGO/,null,/D",0,Yes
LIP_NOTI,I,",null,",dom_int,3,92.73,Goal,Root/div/vendor/dom_int,"LIP_NOTI/CGO/,null,/I",0,Yes
LIP_NOTI,2AS,CGO,vendor,2,0.27,Goal,Root/div/vendor,LIP_NOTI/CGO/2AS,2,No
LIP_NOTI,D,2AS,dom_int,3,37.99,Goal,Root/div/vendor/dom_int,LIP_NOTI/CGO/2AS/D,0,Yes
LIP_NOTI,I,2AS,dom_int,3,62.01,Goal,Root/div/vendor/dom_int,LIP_NOTI/CGO/2AS/I,0,Yes
LIP_NOTI,ABM,CGO,vendor,2,0.3,Goal,Root/div/vendor,LIP_NOTI/CGO/ABM,2,No
LIP_NOTI,D,ABM,dom_int,3,42.73,Goal,Root/div/vendor/dom_int,LIP_NOTI/CGO/ABM/D,0,Yes
LIP_NOTI,I,ABM,dom_int,3,57.27,Goal,Root/div/vendor/dom_int,LIP_NOTI/CGO/ABM/I,0,Yes
LIP_NOTI,Aeromexico Cargo,CGO,vendor,2,0.03,Goal,Root/div/vendor,LIP_NOTI/CGO/Aeromexico Cargo,2,No
LIP_NOTI,D,Aeromexico Cargo,dom_int,3,35.28,Goal,Root/div/vendor/dom_int,LIP_NOTI/CGO/Aeromexico Cargo/D,0,Yes
LIP_NOTI,I,Aeromexico Cargo,dom_int,3,64.72,Goal,Root/div/vendor/dom_int,LIP_NOTI/CGO/Aeromexico Cargo/I,0,Yes
LIP_NOTI,Air France,CGO,vendor,2,0.15,Goal,Root/div/vendor,LIP_NOTI/CGO/Air France,2,No
LIP_NOTI,D,Air France,dom_int,3,25.21,Goal,Root/div/vendor/dom_int,LIP_NOTI/CGO/Air France/D,0,Yes
LIP_NOTI,I,Air France,dom_int,3,74.79,Goal,Root/div/vendor/dom_int,LIP_NOTI/CGO/Air France/I,0,Yes
LIP_NOTI,Air General,CGO,vendor,2,0.08,Goal,Root/div/vendor,LIP_NOTI/CGO/Air General,2,No
LIP_NOTI,D,Air General,dom_int,3,10.47,Goal,Root/div/vendor/dom_int,LIP_NOTI/CGO/Air General/D,0,Yes
LIP_NOTI,I,Air General,dom_int,3,89.53,Goal,Root/div/vendor/dom_int,LIP_NOTI/CGO/Air General/I,0,Yes
LIP_NOTI,Air Tahiti,CGO,vendor,2,0.17,Goal,Root/div/vendor,LIP_NOTI/CGO/Air Tahiti,1,No
LIP_NOTI,I,Air Tahiti,dom_int,3,100.0,Goal,Root/div/vendor/dom_int,LIP_NOTI/CGO/Air Tahiti/I,0,Yes
LIP_NOTI,Airport Associates,CGO,vendor,2,0.07,Goal,Root/div/vendor,LIP_NOTI/CGO/Airport Associates,2,No
LIP_NOTI,D,Airport Associates,dom_int,3,89.12,Goal,Root/div/vendor/dom_int,LIP_NOTI/CGO/Airport Associates/D,0,Yes
LIP_NOTI,I,Airport Associates,dom_int,3,10.88,Goal,Root/div/vendor/dom_int,LIP_NOTI/CGO/Airport Associates/I,0,Yes
LIP_NOTI,Airport Terminal Services (ATS),CGO,vendor,2,0.34,Goal,Root/div/vendor,LIP_NOTI/CGO/Airport Terminal Services (ATS),2,No
LIP_NOTI,D,Airport Terminal Services (ATS),dom_int,3,75.57,Goal,Root/div/vendor/dom_int,LIP_NOTI/CGO/Airport Terminal Services (ATS)/D,0,Yes
LIP_NOTI,I,Airport Terminal Services (ATS),dom_int,3,24.43,Goal,Root/div/vendor/dom_int,LIP_NOTI/CGO/Airport Terminal Services (ATS)/I,0,Yes
LIP_NOTI,Airport,CGO,vendor,2,0.32,Goal,Root/div/vendor,LIP_NOTI/CGO/Airport,2,No
LIP_NOTI,D,Airport,dom_int,3,49.28,Goal,Root/div/vendor/dom_int,LIP_NOTI/CGO/Airport/D,0,Yes
LIP_NOTI,I,Airport,dom_int,3,50.72,Goal,Root/div/vendor/dom_int,LIP_NOTI/CGO/Airport/I,0,Yes
LIP_NOTI,AJAS,CGO,vendor,2,0.35,Goal,Root/div/vendor,LIP_NOTI/CGO/AJAS,2,No
LIP_NOTI,D,AJAS,dom_int,3,78.49,Goal,Root/div/vendor/dom_int,LIP_NOTI/CGO/AJAS/D,0,Yes
LIP_NOTI,I,AJAS,dom_int,3,21.51,Goal,Root/div/vendor/dom_int,LIP_NOTI/CGO/AJAS/I,0,Yes
LIP_NOTI,ALC Dunamis Ltd,CGO,vendor,2,0.12,Goal,Root/div/vendor,LIP_NOTI/CGO/ALC Dunamis Ltd,2,No
LIP_NOTI,D,ALC Dunamis Ltd,dom_int,3,25.24,Goal,Root/div/vendor/dom_int,LIP_NOTI/CGO/ALC Dunamis Ltd/D,0,Yes
LIP_NOTI,I,ALC Dunamis Ltd,dom_int,3,74.76,Goal,Root/div/vendor/dom_int,LIP_NOTI/CGO/ALC Dunamis Ltd/I,0,Yes
LIP_NOTI,Alliance Ground International (AGI),CGO,vendor,2,0.09,Goal,Root/div/vendor,LIP_NOTI/CGO/Alliance Ground International (AGI),2,No
LIP_NOTI,D,Alliance Ground International (AGI),dom_int,3,89.21,Goal,Root/div/vendor/dom_int,LIP_NOTI/CGO/Alliance Ground International (AGI)/D,0,Yes
LIP_NOTI,I,Alliance Ground International (AGI),dom_int,3,10.79,Goal,Root/div/vendor/dom_int,LIP_NOTI/CGO/Alliance Ground International (AGI)/I,0,Yes
LIP_NOTI,Aloha,CGO,vendor,2,0.2,Goal,Root/div/vendor,LIP_NOTI/CGO/Aloha,2,No
LIP_NOTI,D,Aloha,dom_int,3,94.4,Goal,Root/div/vendor/dom_int,LIP_NOTI/CGO/Aloha/D,0,Yes
LIP_NOTI,I,Aloha,dom_int,3,5.6,Goal,Root/div/vendor/dom_int,LIP_NOTI/CGO/Aloha/I,0,Yes
LIP_NOTI,Apron,CGO,vendor,2,0.12,Goal,Root/div/vendor,LIP_NOTI/CGO/Apron,2,No
LIP_NOTI,D,Apron,dom_int,3,93.52,Goal,Root/div/vendor/dom_int,LIP_NOTI/CGO/Apron/D,0,Yes
LIP_NOTI,I,Apron,dom_int,3,6.48,Goal,Root/div/vendor/dom_int,LIP_NOTI/CGO/Apron/I,0,Yes
LIP_NOTI,Aviance,CGO,vendor,2,0.29,Goal,Root/div/vendor,LIP_NOTI/CGO/Aviance,2,No
LIP_NOTI,D,Aviance,dom_int,3,48.48,Goal,Root/div/vendor/dom_int,LIP_NOTI/CGO/Aviance/D,0,Yes
LIP_NOTI,I,Aviance,dom_int,3,51.52,Goal,Root/div/vendor/dom_int,LIP_NOTI/CGO/Aviance/I,0,Yes
LIP_NOTI,BJS Ground Service,CGO,vendor,2,0.07,Goal,Root/div/vendor,LIP_NOTI/CGO/BJS Ground Service,1,No
LIP_NOTI,I,BJS Ground Service,dom_int,3,100.0,Goal,Root/div/vendor/dom_int,LIP_NOTI/CGO/BJS Ground Service/I,0,Yes
LIP_NOTI,Caribe Cargo LLC,CGO,vendor,2,0.06,Goal,Root/div/vendor,LIP_NOTI/CGO/Caribe Cargo LLC,1,No
LIP_NOTI,WFS -Worldwide Flight Services,Caribe Cargo LLC,dom_int,3,100.0,Goal,Root/div/vendor/dom_int,LIP_NOTI/CGO/Caribe Cargo LLC/WFS -Worldwide Flight Services,0,Yes
LIP_NOTI,Cedar Aviation Services Ltd,CGO,vendor,2,0.08,Goal,Root/div/vendor,LIP_NOTI/CGO/Cedar Aviation Services Ltd,2,No
LIP_NOTI,D,Cedar Aviation Services Ltd,dom_int,3,58.89,Goal,Root/div/vendor/dom_int,LIP_NOTI/CGO/Cedar Aviation Services Ltd/D,0,Yes
LIP_NOTI,I,Cedar Aviation Services Ltd,dom_int,3,41.11,Goal,Root/div/vendor/dom_int,LIP_NOTI/CGO/Cedar Aviation Services Ltd/I,0,Yes
LIP_NOTI,China Airlines,CGO,vendor,2,0.06,Goal,Root/div/vendor,LIP_NOTI/CGO/China Airlines,2,No
LIP_NOTI,D,China Airlines,dom_int,3,46.73,Goal,Root/div/vendor/dom_int,LIP_NOTI/CGO/China Airlines/D,0,Yes
LIP_NOTI,I,China Airlines,dom_int,3,53.27,Goal,Root/div/vendor/dom_int,LIP_NOTI/CGO/China Airlines/I,0,Yes
LIP_NOTI,CITY OF MELBOURNE,CGO,vendor,2,0.26,Goal,Root/div/vendor,LIP_NOTI/CGO/CITY OF MELBOURNE,2,No
LIP_NOTI,D,CITY OF MELBOURNE,dom_int,3,32.4,Goal,Root/div/vendor/dom_int,LIP_NOTI/CGO/CITY OF MELBOURNE/D,0,Yes
LIP_NOTI,I,CITY OF MELBOURNE,dom_int,3,67.6,Goal,Root/div/vendor/dom_int,LIP_NOTI/CGO/CITY OF MELBOURNE/I,0,Yes
LIP_NOTI,CKTS,CGO,vendor,2,0.11,Goal,Root/div/vendor,LIP_NOTI/CGO/CKTS,2,No
LIP_NOTI,D,CKTS,dom_int,3,68.52,Goal,Root/div/vendor/dom_int,LIP_NOTI/CGO/CKTS/D,0,Yes
LIP_NOTI,I,CKTS,dom_int,3,31.48,Goal,Root/div/vendor/dom_int,LIP_NOTI/CGO/CKTS/I,0,Yes
LIP_NOTI,CorpAV de C.V.,CGO,vendor,2,0.14,Goal,Root/div/vendor,LIP_NOTI/CGO/CorpAV de C.V.,2,No
LIP_NOTI,D,CorpAV de C.V.,dom_int,3,33.11,Goal,Root/div/vendor/dom_int,LIP_NOTI/CGO/CorpAV de C.V./D,0,Yes
LIP_NOTI,I,CorpAV de C.V.,dom_int,3,66.89,Goal,Root/div/vendor/dom_int,LIP_NOTI/CGO/CorpAV de C.V./I,0,Yes
LIP_NOTI,CorpAV de Panama,CGO,vendor,2,0.09,Goal,Root/div/vendor,LIP_NOTI/CGO/CorpAV de Panama,2,No
LIP_NOTI,D,CorpAV de Panama,dom_int,3,8.77,Goal,Root/div/vendor/dom_int,LIP_NOTI/CGO/CorpAV de Panama/D,0,Yes
LIP_NOTI,I,CorpAV de Panama,dom_int,3,91.23,Goal,Root/div/vendor/dom_int,LIP_NOTI/CGO/CorpAV de Panama/I,0,Yes
LIP_NOTI,CorpAV of Honduras,CGO,vendor,2,0.16,Goal,Root/div/vendor,LIP_NOTI/CGO/CorpAV of Honduras,2,No
LIP_NOTI,D,CorpAV of Honduras,dom_int,3,74.9,Goal,Root/div/vendor/dom_int,LIP_NOTI/CGO/CorpAV of Honduras/D,0,Yes
LIP_NOTI,I,CorpAV of Honduras,dom_int,3,25.1,Goal,Root/div/vendor/dom_int,LIP_NOTI/CGO/CorpAV of Honduras/I,0,Yes
LIP_NOTI,COUNTY OF VOLUSIA,CGO,vendor,2,0.19,Goal,Root/div/vendor,LIP_NOTI/CGO/COUNTY OF VOLUSIA,2,No
LIP_NOTI,D,COUNTY OF VOLUSIA,dom_int,3,97.53,Goal,Root/div/vendor/dom_int,LIP_NOTI/CGO/COUNTY OF VOLUSIA/D,0,Yes
LIP_NOTI,I,COUNTY OF VOLUSIA,dom_int,3,2.47,Goal,Root/div/vendor/dom_int,LIP_NOTI/CGO/COUNTY OF VOLUSIA/I,0,Yes
LIP_NOTI,Delta,CGO,vendor,2,0.08,Goal,Root/div/vendor,LIP_NOTI/CGO/Delta,2,No
LIP_NOTI,D,Delta,dom_int,3,5.9,Goal,Root/div/vendor/dom_int,LIP_NOTI/CGO/Delta/D,0,Yes
LIP_NOTI,I,Delta,dom_int,3,94.1,Goal,Root/div/vendor/dom_int,LIP_NOTI/CGO/Delta/I,0,Yes
LIP_NOTI,dnata,CGO,vendor,2,0.04,Goal,Root/div/vendor,LIP_NOTI/CGO/dnata,2,No
LIP_NOTI,D,dnata,dom_int,3,26.72,Goal,Root/div/vendor/dom_int,LIP_NOTI/CGO/dnata/D,0,Yes
LIP_NOTI,I,dnata,dom_int,3,73.28,Goal,Root/div/vendor/dom_int,LIP_NOTI/CGO/dnata/I,0,Yes
LIP_NOTI,Eulen,CGO,vendor,2,0.29,Goal,Root/div/vendor,LIP_NOTI/CGO/Eulen,2,No
LIP_NOTI,D,Eulen,dom_int,3,67.98,Goal,Root/div/vendor/dom_int,LIP_NOTI/CGO/Eulen/D,0,Yes
LIP_NOTI,I,Eulen,dom_int,3,32.02,Goal,Root/div/vendor/dom_int,LIP_NOTI/CGO/Eulen/I,0,Yes
LIP_NOTI,FLE (B Cube),CGO,vendor,2,0.29,Goal,Root/div/vendor,LIP_NOTI/CGO/FLE (B Cube),2,No
LIP_NOTI,D,FLE (B Cube),dom_int,3,26.08,Goal,Root/div/vendor/dom_int,LIP_NOTI/CGO/FLE (B Cube)/D,0,Yes
LIP_NOTI,I,FLE (B Cube),dom_int,3,73.92,Goal,Root/div/vendor/dom_int,LIP_NOTI/CGO/FLE (B Cube)/I,0,Yes
LIP_NOTI,Flughafen Dusseldurf Cargo GmbH,CGO,vendor,2,0.28,Goal,Root/div/vendor,LIP_NOTI/CGO/Flughafen Dusseldurf Cargo GmbH,2,No
LIP_NOTI,D,Flughafen Dusseldurf Cargo GmbH,dom_int,3,53.03,Goal,Root/div/vendor/dom_int,LIP_NOTI/CGO/Flughafen Dusseldurf Cargo GmbH/D,0,Yes
LIP_NOTI,I,Flughafen Dusseldurf Cargo GmbH,dom_int,3,46.97,Goal,Root/div/vendor/dom_int,LIP_NOTI/CGO/Flughafen Dusseldurf Cargo GmbH/I,0,Yes
LIP_NOTI,France Handling (WFS),CGO,vendor,2,0.16,Goal,Root/div/vendor,LIP_NOTI/CGO/France Handling (WFS),2,No
LIP_NOTI,D,France Handling (WFS),dom_int,3,32.87,Goal,Root/div/vendor/dom_int,LIP_NOTI/CGO/France Handling (WFS)/D,0,Yes
LIP_NOTI,I,France Handling (WFS),dom_int,3,67.13,Goal,Root/div/vendor/dom_int,LIP_NOTI/CGO/France Handling (WFS)/I,0,Yes
LIP_NOTI,Fukuoka Air Cargo Terminal,CGO,vendor,2,0.01,Goal,Root/div/vendor,LIP_NOTI/CGO/Fukuoka Air Cargo Terminal,1,No
LIP_NOTI,I,Fukuoka Air Cargo Terminal,dom_int,3,100.0,Goal,Root/div/vendor/dom_int,LIP_NOTI/CGO/Fukuoka Air Cargo Terminal/I,0,Yes
LIP_NOTI,G2,CGO,vendor,2,0.27,Goal,Root/div/vendor,LIP_NOTI/CGO/G2,2,No
LIP_NOTI,D,G2,dom_int,3,42.13,Goal,Root/div/vendor/dom_int,LIP_NOTI/CGO/G2/D,0,Yes
LIP_NOTI,I,G2,dom_int,3,57.87,Goal,Root/div/vendor/dom_int,LIP_NOTI/CGO/G2/I,0,Yes
LIP_NOTI,GAT,CGO,vendor,2,0.23,Goal,Root/div/vendor,LIP_NOTI/CGO/GAT,2,No
LIP_NOTI,D,GAT,dom_int,3,79.75,Goal,Root/div/vendor/dom_int,LIP_NOTI/CGO/GAT/D,0,Yes
LIP_NOTI,I,GAT,dom_int,3,20.25,Goal,Root/div/vendor/dom_int,LIP_NOTI/CGO/GAT/I,0,Yes
LIP_NOTI,GH Napoli,CGO,vendor,2,0.3,Goal,Root/div/vendor,LIP_NOTI/CGO/GH Napoli,1,No
LIP_NOTI,I,GH Napoli,dom_int,3,100.0,Goal,Root/div/vendor/dom_int,LIP_NOTI/CGO/GH Napoli/I,0,Yes
LIP_NOTI,Global Air Service,CGO,vendor,2,0.22,Goal,Root/div/vendor,LIP_NOTI/CGO/Global Air Service,2,No
LIP_NOTI,D,Global Air Service,dom_int,3,53.79,Goal,Root/div/vendor/dom_int,LIP_NOTI/CGO/Global Air Service/D,0,Yes
LIP_NOTI,I,Global Air Service,dom_int,3,46.21,Goal,Root/div/vendor/dom_int,LIP_NOTI/CGO/Global Air Service/I,0,Yes
LIP_NOTI,Groundforce,CGO,vendor,2,0.21,Goal,Root/div/vendor,LIP_NOTI/CGO/Groundforce,2,No
LIP_NOTI,D,Groundforce,dom_int,3,67.07,Goal,Root/div/vendor/dom_int,LIP_NOTI/CGO/Groundforce/D,0,Yes
LIP_NOTI,I,Groundforce,dom_int,3,32.93,Goal,Root/div/vendor/dom_int,LIP_NOTI/CGO/Groundforce/I,0,Yes
LIP_NOTI,Hewanorra Air Cargo Services,CGO,vendor,2,0.2,Goal,Root/div/vendor,LIP_NOTI/CGO/Hewanorra Air Cargo Services,2,No
LIP_NOTI,D,Hewanorra Air Cargo Services,dom_int,3,50.82,Goal,Root/div/vendor/dom_int,LIP_NOTI/CGO/Hewanorra Air Cargo Services/D,0,Yes
LIP_NOTI,I,Hewanorra Air Cargo Services,dom_int,3,49.18,Goal,Root/div/vendor/dom_int,LIP_NOTI/CGO/Hewanorra Air Cargo Services/I,0,Yes
LIP_NOTI,HHS Aviation,CGO,vendor,2,0.08,Goal,Root/div/vendor,LIP_NOTI/CGO/HHS Aviation,2,No
LIP_NOTI,D,HHS Aviation,dom_int,3,97.32,Goal,Root/div/vendor/dom_int,LIP_NOTI/CGO/HHS Aviation/D,0,Yes
LIP_NOTI,I,HHS Aviation,dom_int,3,2.68,Goal,Root/div/vendor/dom_int,LIP_NOTI/CGO/HHS Aviation/I,0,Yes
LIP_NOTI,Intercargo,CGO,vendor,2,0.3,Goal,Root/div/vendor,LIP_NOTI/CGO/Intercargo,2,No
LIP_NOTI,D,Intercargo,dom_int,3,92.96,Goal,Root/div/vendor/dom_int,LIP_NOTI/CGO/Intercargo/D,0,Yes
LIP_NOTI,I,Intercargo,dom_int,3,7.04,Goal,Root/div/vendor/dom_int,LIP_NOTI/CGO/Intercargo/I,0,Yes
LIP_NOTI,Japan Airlines,CGO,vendor,2,0.05,Goal,Root/div/vendor,LIP_NOTI/CGO/Japan Airlines,1,No
LIP_NOTI,I,Japan Airlines,dom_int,3,100.0,Goal,Root/div/vendor/dom_int,LIP_NOTI/CGO/Japan Airlines/I,0,Yes
LIP_NOTI,JASCO (Export) ,CGO,vendor,2,0.11,Goal,Root/div/vendor,LIP_NOTI/CGO/JASCO (Export) ,1,No
LIP_NOTI, IACT (Import),JASCO (Export) ,dom_int,3,100.0,Goal,Root/div/vendor/dom_int,LIP_NOTI/CGO/JASCO (Export) / IACT (Import),0,Yes
LIP_NOTI,"JETSTREAM GROUND SERVICES, INC",CGO,vendor,2,0.37,Goal,Root/div/vendor,"LIP_NOTI/CGO/JETSTREAM GROUND SERVICES, INC",2,No
LIP_NOTI,D,"JETSTREAM GROUND SERVICES, INC",dom_int,3,15.63,Goal,Root/div/vendor/dom_int,"LIP_NOTI/CGO/JETSTREAM GROUND SERVICES, INC/D",0,Yes
LIP_NOTI,I,"JETSTREAM GROUND SERVICES, INC",dom_int,3,84.37,Goal,Root/div/vendor/dom_int,"LIP_NOTI/CGO/JETSTREAM GROUND SERVICES, INC/I",0,Yes
LIP_NOTI,KLM,CGO,vendor,2,0.19,Goal,Root/div/vendor,LIP_NOTI/CGO/KLM,2,No
LIP_NOTI,D,KLM,dom_int,3,21.72,Goal,Root/div/vendor/dom_int,LIP_NOTI/CGO/KLM/D,0,Yes
LIP_NOTI,I,KLM,dom_int,3,78.28,Goal,Root/div/vendor/dom_int,LIP_NOTI/CGO/KLM/I,0,Yes
LIP_NOTI,Majestic Terminal Services,CGO,vendor,2,0.28,Goal,Root/div/vendor,LIP_NOTI/CGO/Majestic Terminal Services,2,No
LIP_NOTI,D,Majestic Terminal Services,dom_int,3,27.67,Goal,Root/div/vendor/dom_int,LIP_NOTI/CGO/Majestic Terminal Services/D,0,Yes
LIP_NOTI,I,Majestic Terminal Services,dom_int,3,72.33,Goal,Root/div/vendor/dom_int,LIP_NOTI/CGO/Majestic Terminal Services/I,0,Yes
LIP_NOTI,Mathison,CGO,vendor,2,0.21,Goal,Root/div/vendor,LIP_NOTI/CGO/Mathison,2,No
LIP_NOTI,D,Mathison,dom_int,3,19.96,Goal,Root/div/vendor/dom_int,LIP_NOTI/CGO/Mathison/D,0,Yes
LIP_NOTI,I,Mathison,dom_int,3,80.04,Goal,Root/div/vendor/dom_int,LIP_NOTI/CGO/Mathison/I,0,Yes
LIP_NOTI,MCS,CGO,vendor,2,0.29,Goal,Root/div/vendor,LIP_NOTI/CGO/MCS,2,No
LIP_NOTI,D,MCS,dom_int,3,81.6,Goal,Root/div/vendor/dom_int,LIP_NOTI/CGO/MCS/D,0,Yes
LIP_NOTI,I,MCS,dom_int,3,18.4,Goal,Root/div/vendor/dom_int,LIP_NOTI/CGO/MCS/I,0,Yes
LIP_NOTI,Menzies Aviation,CGO,vendor,2,0.26,Goal,Root/div/vendor,LIP_NOTI/CGO/Menzies Aviation,2,No
LIP_NOTI,D,Menzies Aviation,dom_int,3,76.49,Goal,Root/div/vendor/dom_int,LIP_NOTI/CGO/Menzies Aviation/D,0,Yes
LIP_NOTI,I,Menzies Aviation,dom_int,3,23.51,Goal,Root/div/vendor/dom_int,LIP_NOTI/CGO/Menzies Aviation/I,0,Yes
LIP_NOTI,MLE (B Cube),CGO,vendor,2,0.04,Goal,Root/div/vendor,LIP_NOTI/CGO/MLE (B Cube),2,No
LIP_NOTI,D,MLE (B Cube),dom_int,3,60.6,Goal,Root/div/vendor/dom_int,LIP_NOTI/CGO/MLE (B Cube)/D,0,Yes
LIP_NOTI,I,MLE (B Cube),dom_int,3,39.4,Goal,Root/div/vendor/dom_int,LIP_NOTI/CGO/MLE (B Cube)/I,0,Yes
LIP_NOTI,"MOBILE AIR TRANSPORT, INC.",CGO,vendor,2,0.21,Goal,Root/div/vendor,"LIP_NOTI/CGO/MOBILE AIR TRANSPORT, INC.",2,No
LIP_NOTI,D,"MOBILE AIR TRANSPORT, INC.",dom_int,3,79.99,Goal,Root/div/vendor/dom_int,"LIP_NOTI/CGO/MOBILE AIR TRANSPORT, INC./D",0,Yes
LIP_NOTI,I,"MOBILE AIR TRANSPORT, INC.",dom_int,3,20.01,Goal,Root/div/vendor/dom_int,"LIP_NOTI/CGO/MOBILE AIR TRANSPORT, INC./I",0,Yes
LIP_NOTI,Nassau Flight Services,CGO,vendor,2,0.03,Goal,Root/div/vendor,LIP_NOTI/CGO/Nassau Flight Services,2,No
LIP_NOTI,D,Nassau Flight Services,dom_int,3,38.53,Goal,Root/div/vendor/dom_int,LIP_NOTI/CGO/Nassau Flight Services/D,0,Yes
LIP_NOTI,I,Nassau Flight Services,dom_int,3,61.47,Goal,Root/div/vendor/dom_int,LIP_NOTI/CGO/Nassau Flight Services/I,0,Yes
LIP_NOTI,Nigerian Aviation Handling,CGO,vendor,2,0.21,Goal,Root/div/vendor,LIP_NOTI/CGO/Nigerian Aviation Handling,2,No
LIP_NOTI,D,Nigerian Aviation Handling,dom_int,3,63.62,Goal,Root/div/vendor/dom_int,LIP_NOTI/CGO/Nigerian Aviation Handling/D,0,Yes
LIP_NOTI,I,Nigerian Aviation Handling,dom_int,3,36.38,Goal,Root/div/vendor/dom_int,LIP_NOTI/CGO/Nigerian Aviation Handling/I,0,Yes
LIP_NOTI,Pacific Atlantic Agency (PAA),CGO,vendor,2,0.28,Goal,Root/div/vendor,LIP_NOTI/CGO/Pacific Atlantic Agency (PAA),2,No
LIP_NOTI,D,Pacific Atlantic Agency (PAA),dom_int,3,59.16,Goal,Root/div/vendor/dom_int,LIP_NOTI/CGO/Pacific Atlantic Agency (PAA)/D,0,Yes
LIP_NOTI,I,Pacific Atlantic Agency (PAA),dom_int,3,40.84,Goal,Root/div/vendor/dom_int,LIP_NOTI/CGO/Pacific Atlantic Agency (PAA)/I,0,Yes
LIP_NOTI,Perishairport Cia Ltd,CGO,vendor,2,0.14,Goal,Root/div/vendor,LIP_NOTI/CGO/Perishairport Cia Ltd,2,No
LIP_NOTI,D,Perishairport Cia Ltd,dom_int,3,84.92,Goal,Root/div/vendor/dom_int,LIP_NOTI/CGO/Perishairport Cia Ltd/D,0,Yes
LIP_NOTI,I,Perishairport Cia Ltd,dom_int,3,15.08,Goal,Root/div/vendor/dom_int,LIP_NOTI/CGO/Perishairport Cia Ltd/I,0,Yes
LIP_NOTI,Philippine Airport Ground Support (PAGS),CGO,vendor,2,0.3,Goal,Root/div/vendor,LIP_NOTI/CGO/Philippine Airport Ground Support (PAGS),1,No
LIP_NOTI,I,Philippine Airport Ground Support (PAGS),dom_int,3,100.0,Goal,Root/div/vendor/dom_int,LIP_NOTI/CGO/Philippine Airport Ground Support (PAGS)/I,0,Yes
LIP_NOTI,Pilarte Cargo,CGO,vendor,2,0.18,Goal,Root/div/vendor,LIP_NOTI/CGO/Pilarte Cargo,2,No
LIP_NOTI,D,Pilarte Cargo,dom_int,3,35.14,Goal,Root/div/vendor/dom_int,LIP_NOTI/CGO/Pilarte Cargo/D,0,Yes
LIP_NOTI,I,Pilarte Cargo,dom_int,3,64.86,Goal,Root/div/vendor/dom_int,LIP_NOTI/CGO/Pilarte Cargo/I,0,Yes
LIP_NOTI,Quantem Aviation,CGO,vendor,2,0.13,Goal,Root/div/vendor,LIP_NOTI/CGO/Quantem Aviation,2,No
LIP_NOTI,D,Quantem Aviation,dom_int,3,22.81,Goal,Root/div/vendor/dom_int,LIP_NOTI/CGO/Quantem Aviation/D,0,Yes
LIP_NOTI,I,Quantem Aviation,dom_int,3,77.19,Goal,Root/div/vendor/dom_int,LIP_NOTI/CGO/Quantem Aviation/I,0,Yes
LIP_NOTI,SATA Air Acores,CGO,vendor,2,0.07,Goal,Root/div/vendor,LIP_NOTI/CGO/SATA Air Acores,1,No
LIP_NOTI,I,SATA Air Acores,dom_int,3,100.0,Goal,Root/div/vendor/dom_int,LIP_NOTI/CGO/SATA Air Acores/I,0,Yes
LIP_NOTI,SAVE Cargo,CGO,vendor,2,0.37,Goal,Root/div/vendor,LIP_NOTI/CGO/SAVE Cargo,2,No
LIP_NOTI,D,SAVE Cargo,dom_int,3,48.44,Goal,Root/div/vendor/dom_int,LIP_NOTI/CGO/SAVE Cargo/D,0,Yes
LIP_NOTI,I,SAVE Cargo,dom_int,3,51.56,Goal,Root/div/vendor/dom_int,LIP_NOTI/CGO/SAVE Cargo/I,0,Yes
LIP_NOTI,Servicios Aeros Guatemaltecos,CGO,vendor,2,0.32,Goal,Root/div/vendor,LIP_NOTI/CGO/Servicios Aeros Guatemaltecos,2,No
LIP_NOTI,D,Servicios Aeros Guatemaltecos,dom_int,3,90.46,Goal,Root/div/vendor/dom_int,LIP_NOTI/CGO/Servicios Aeros Guatemaltecos/D,0,Yes
LIP_NOTI,I,Servicios Aeros Guatemaltecos,dom_int,3,9.54,Goal,Root/div/vendor/dom_int,LIP_NOTI/CGO/Servicios Aeros Guatemaltecos/I,0,Yes
LIP_NOTI,SERVISAIR,CGO,vendor,2,0.16,Goal,Root/div/vendor,LIP_NOTI/CGO/SERVISAIR,2,No
LIP_NOTI,D,SERVISAIR,dom_int,3,36.63,Goal,Root/div/vendor/dom_int,LIP_NOTI/CGO/SERVISAIR/D,0,Yes
LIP_NOTI,I,SERVISAIR,dom_int,3,63.37,Goal,Root/div/vendor/dom_int,LIP_NOTI/CGO/SERVISAIR/I,0,Yes
LIP_NOTI,Skyport,CGO,vendor,2,0.32,Goal,Root/div/vendor,LIP_NOTI/CGO/Skyport,2,No
LIP_NOTI,D,Skyport,dom_int,3,75.01,Goal,Root/div/vendor/dom_int,LIP_NOTI/CGO/Skyport/D,0,Yes
LIP_NOTI,I,Skyport,dom_int,3,24.99,Goal,Root/div/vendor/dom_int,LIP_NOTI/CGO/Skyport/I,0,Yes
LIP_NOTI,Skyserv,CGO,vendor,2,0.33,Goal,Root/div/vendor,LIP_NOTI/CGO/Skyserv,2,No
LIP_NOTI,D,Skyserv,dom_int,3,67.35,Goal,Root/div/vendor/dom_int,LIP_NOTI/CGO/Skyserv/D,0,Yes
LIP_NOTI,I,Skyserv,dom_int,3,32.65,Goal,Root/div/vendor/dom_int,LIP_NOTI/CGO/Skyserv/I,0,Yes
LIP_NOTI,Swissport Cargo,CGO,vendor,2,0.32,Goal,Root/div/vendor,LIP_NOTI/CGO/Swissport Cargo,2,No
LIP_NOTI,D,Swissport Cargo,dom_int,3,28.51,Goal,Root/div/vendor/dom_int,LIP_NOTI/CGO/Swissport Cargo/D,0,Yes
LIP_NOTI,I,Swissport Cargo,dom_int,3,71.49,Goal,Root/div/vendor/dom_int,LIP_NOTI/CGO/Swissport Cargo/I,0,Yes
LIP_NOTI,Swissport,CGO,vendor,2,0.36,Goal,Root/div/vendor,LIP_NOTI/CGO/Swissport,2,No
LIP_NOTI,D,Swissport,dom_int,3,20.42,Goal,Root/div/vendor/dom_int,LIP_NOTI/CGO/Swissport/D,0,Yes
LIP_NOTI,I,Swissport,dom_int,3,79.58,Goal,Root/div/vendor/dom_int,LIP_NOTI/CGO/Swissport/I,0,Yes
LIP_NOTI,Talma,CGO,vendor,2,0.21,Goal,Root/div/vendor,LIP_NOTI/CGO/Talma,2,No
LIP_NOTI,D,Talma,dom_int,3,66.98,Goal,Root/div/vendor/dom_int,LIP_NOTI/CGO/Talma/D,0,Yes
LIP_NOTI,I,Talma,dom_int,3,33.02,Goal,Root/div/vendor/dom_int,LIP_NOTI/CGO/Talma/I,0,Yes
LIP_NOTI,TAM Linhas Aereas,CGO,vendor,2,0.32,Goal,Root/div/vendor,LIP_NOTI/CGO/TAM Linhas Aereas,2,No
LIP_NOTI,D,TAM Linhas Aereas,dom_int,3,54.48,Goal,Root/div/vendor/dom_int,LIP_NOTI/CGO/TAM Linhas Aereas/D,0,Yes
LIP_NOTI,I,TAM Linhas Aereas,dom_int,3,45.52,Goal,Root/div/vendor/dom_int,LIP_NOTI/CGO/TAM Linhas Aereas/I,0,Yes
LIP_NOTI,TIACT,CGO,vendor,2,0.3,Goal,Root/div/vendor,LIP_NOTI/CGO/TIACT,2,No
LIP_NOTI,D,TIACT,dom_int,3,54.78,Goal,Root/div/vendor/dom_int,LIP_NOTI/CGO/TIACT/D,0,Yes
LIP_NOTI,I,TIACT,dom_int,3,45.22,Goal,Root/div/vendor/dom_int,LIP_NOTI/CGO/TIACT/I,0,Yes
LIP_NOTI,Titanlog,CGO,vendor,2,0.12,Goal,Root/div/vendor,LIP_NOTI/CGO/Titanlog,1,No
LIP_NOTI,I,Titanlog,dom_int,3,100.0,Goal,Root/div/vendor/dom_int,LIP_NOTI/CGO/Titanlog/I,0,Yes
LIP_NOTI,Total Airport Services (TAS),CGO,vendor,2,0.05,Goal,Root/div/vendor,LIP_NOTI/CGO/Total Airport Services (TAS),2,No
LIP_NOTI,D,Total Airport Services (TAS),dom_int,3,31.56,Goal,Root/div/vendor/dom_int,LIP_NOTI/CGO/Total Airport Services (TAS)/D,0,Yes
LIP_NOTI,I,Total Airport Services (TAS),dom_int,3,68.44,Goal,Root/div/vendor/dom_int,LIP_NOTI/CGO/Total Airport Services (TAS)/I,0,Yes
LIP_NOTI,Unifi,CGO,vendor,2,0.32,Goal,Root/div/vendor,LIP_NOTI/CGO/Unifi,2,No
LIP_NOTI,D,Unifi,dom_int,3,4.54,Goal,Root/div/vendor/dom_int,LIP_NOTI/CGO/Unifi/D,0,Yes
LIP_NOTI,I,Unifi,dom_int,3,95.46,Goal,Root/div/vendor/dom_int,LIP_NOTI/CGO/Unifi/I,0,Yes
LIP_NOTI,US Aviation,CGO,vendor,2,0.14,Goal,Root/div/vendor,LIP_NOTI/CGO/US Aviation,2,No
LIP_NOTI,D,US Aviation,dom_int,3,73.63,Goal,Root/div/vendor/dom_int,LIP_NOTI/CGO/US Aviation/D,0,Yes
LIP_NOTI,I,US Aviation,dom_int,3,26.37,Goal,Root/div/vendor/dom_int,LIP_NOTI/CGO/US Aviation/I,0,Yes
LIP_NOTI,WFS -Worldwide Flight Services,CGO,vendor,2,0.17,Goal,Root/div/vendor,LIP_NOTI/CGO/WFS -Worldwide Flight Services,2,No
LIP_NOTI,D,WFS -Worldwide Flight Services,dom_int,3,60.0,Goal,Root/div/vendor/dom_int,LIP_NOTI/CGO/WFS -Worldwide Flight Services/D,0,Yes
LIP_NOTI,I,WFS -Worldwide Flight Services,dom_int,3,40.0,Goal,Root/div/vendor/dom_int,LIP_NOTI/CGO/WFS -Worldwide Flight Services/I,0,Yes
LIP_NOTI,Wisag,CGO,vendor,2,0.36,Goal,Root/div/vendor,LIP_NOTI/CGO/Wisag,1,No
LIP_NOTI,I,Wisag,dom_int,3,100.0,Goal,Root/div/vendor/dom_int,LIP_NOTI/CGO/Wisag/I,0,Yes
LIP_NOTI,Wright Brothers,CGO,vendor,2,0.049999999999999996,Goal,Root/div/vendor,LIP_NOTI/CGO/Wright Brothers,2,No
LIP_NOTI,D,Wright Brothers,dom_int,3,56.83,Goal,Root/div/vendor/dom_int,LIP_NOTI/CGO/Wright Brothers/D,0,Yes
LIP_NOTI,I,Wright Brothers,dom_int,3,43.17,Goal,Root/div/vendor/dom_int,LIP_NOTI/CGO/Wright Brothers/I,0,Yes
LIP_NOTI,D,LIP_NOTI,dom_int,1,27.85,Goal,Root/dom_int,LIP_NOTI/D,0,Yes
LIP_NOTI,I,LIP_NOTI,dom_int,1,44.33,Goal,Root/dom_int,LIP_NOTI/I,0,Yes
