KPI,Node Name,Parent,Category,Tier,Contribution,Target/Goal,Category Path,Node Path,Child Count,Leaf
PREM_FB_NSAT,PREM_FB_NSAT,,Root,0,1,Goal,Root,PREM_FB_NSAT,2,No
PREM_FB_NSAT,ML,PREM_FB_NSAT,carrier,1,26.66,Goal,Root/carrier,PREM_FB_NSAT/ML,2,No
PREM_FB_NSAT,D,ML,dom_int,2,31.44,Goal,Root/carrier/dom_int,PREM_FB_NSAT/ML/D,1,No
PREM_FB_NSAT,FC,D,cabin,3,100.0,Goal,Root/carrier/dom_int/cabin,PREM_FB_NSAT/ML/D/FC,0,Yes
PREM_FB_NSAT,TATL,ML,entity,2,68.56,Goal,Root/carrier/entity,PREM_FB_NSAT/ML/TATL,1,No
PREM_FB_NSAT,D1,TATL,cabin,3,100.0,Goal,Root/carrier/entity/cabin,PREM_FB_NSAT/ML/TATL/D1,0,Yes
PREM_FB_NSAT,OBS,PREM_FB_NSAT,div,1,73.34,Goal,Root/div,PREM_FB_NSAT/OBS,1,No
PREM_FB_NSAT,ML,OBS,carrier,2,100.0,Goal,Root/div/carrier,PREM_FB_NSAT/OBS/ML,177,No
PREM_FB_NSAT,ABM,ML,caterer,3,0.1,Goal,Root/div/carrier/caterer,PREM_FB_NSAT/OBS/ML/ABM,1,No
PREM_FB_NSAT,TATL,ABM,entity,4,100.0,Goal,Root/div/carrier/caterer/entity,PREM_FB_NSAT/OBS/ML/ABM/TATL,1,No
PREM_FB_NSAT,D1,TATL,cabin,5,100.0,Goal,Root/div/carrier/caterer/entity/cabin,PREM_FB_NSAT/OBS/ML/ABM/TATL/D1,0,Yes
PREM_FB_NSAT,AirChefs,ML,caterer,3,0.4,Goal,Root/div/carrier/caterer,PREM_FB_NSAT/OBS/ML/AirChefs,1,No
PREM_FB_NSAT,TATL,AirChefs,entity,4,100.0,Goal,Root/div/carrier/caterer/entity,PREM_FB_NSAT/OBS/ML/AirChefs/TATL,1,No
PREM_FB_NSAT,D1,TATL,cabin,5,100.0,Goal,Root/div/carrier/caterer/entity/cabin,PREM_FB_NSAT/OBS/ML/AirChefs/TATL/D1,0,Yes
PREM_FB_NSAT,Alpha,ML,caterer,3,0.21,Goal,Root/div/carrier/caterer,PREM_FB_NSAT/OBS/ML/Alpha,1,No
PREM_FB_NSAT,TATL,Alpha,entity,4,100.0,Goal,Root/div/carrier/caterer/entity,PREM_FB_NSAT/OBS/ML/Alpha/TATL,1,No
PREM_FB_NSAT,D1,TATL,cabin,5,100.0,Goal,Root/div/carrier/caterer/entity/cabin,PREM_FB_NSAT/OBS/ML/Alpha/TATL/D1,0,Yes
PREM_FB_NSAT,Canonica,ML,caterer,3,1.01,Goal,Root/div/carrier/caterer,PREM_FB_NSAT/OBS/ML/Canonica,1,No
PREM_FB_NSAT,TATL,Canonica,entity,4,100.0,Goal,Root/div/carrier/caterer/entity,PREM_FB_NSAT/OBS/ML/Canonica/TATL,1,No
PREM_FB_NSAT,D1,TATL,cabin,5,100.0,Goal,Root/div/carrier/caterer/entity/cabin,PREM_FB_NSAT/OBS/ML/Canonica/TATL/D1,0,Yes
PREM_FB_NSAT,CateringPo,ML,caterer,3,1.03,Goal,Root/div/carrier/caterer,PREM_FB_NSAT/OBS/ML/CateringPo,1,No
PREM_FB_NSAT,TATL,CateringPo,entity,4,100.0,Goal,Root/div/carrier/caterer/entity,PREM_FB_NSAT/OBS/ML/CateringPo/TATL,1,No
PREM_FB_NSAT,D1,TATL,cabin,5,100.0,Goal,Root/div/carrier/caterer/entity/cabin,PREM_FB_NSAT/OBS/ML/CateringPo/TATL/D1,0,Yes
PREM_FB_NSAT,Dakar,ML,caterer,3,0.71,Goal,Root/div/carrier/caterer,PREM_FB_NSAT/OBS/ML/Dakar,1,No
PREM_FB_NSAT,TATL,Dakar,entity,4,100.0,Goal,Root/div/carrier/caterer/entity,PREM_FB_NSAT/OBS/ML/Dakar/TATL,1,No
PREM_FB_NSAT,D1,TATL,cabin,5,100.0,Goal,Root/div/carrier/caterer/entity/cabin,PREM_FB_NSAT/OBS/ML/Dakar/TATL/D1,0,Yes
PREM_FB_NSAT,dnata SRL,ML,caterer,3,0.86,Goal,Root/div/carrier/caterer,PREM_FB_NSAT/OBS/ML/dnata SRL,1,No
PREM_FB_NSAT,TATL,dnata SRL,entity,4,100.0,Goal,Root/div/carrier/caterer/entity,PREM_FB_NSAT/OBS/ML/dnata SRL/TATL,1,No
PREM_FB_NSAT,D1,TATL,cabin,5,100.0,Goal,Root/div/carrier/caterer/entity/cabin,PREM_FB_NSAT/OBS/ML/dnata SRL/TATL/D1,0,Yes
PREM_FB_NSAT,dnata-AU,ML,caterer,3,0.7,Goal,Root/div/carrier/caterer,PREM_FB_NSAT/OBS/ML/dnata-AU,1,No
PREM_FB_NSAT,TPAC,dnata-AU,entity,4,100.0,Goal,Root/div/carrier/caterer/entity,PREM_FB_NSAT/OBS/ML/dnata-AU/TPAC,1,No
PREM_FB_NSAT,D1,TPAC,cabin,5,100.0,Goal,Root/div/carrier/caterer/entity/cabin,PREM_FB_NSAT/OBS/ML/dnata-AU/TPAC/D1,0,Yes
PREM_FB_NSAT,dnata-BNE,ML,caterer,3,0.26,Goal,Root/div/carrier/caterer,PREM_FB_NSAT/OBS/ML/dnata-BNE,1,No
PREM_FB_NSAT,TPAC,dnata-BNE,entity,4,100.0,Goal,Root/div/carrier/caterer/entity,PREM_FB_NSAT/OBS/ML/dnata-BNE/TPAC,1,No
PREM_FB_NSAT,D1,TPAC,cabin,5,100.0,Goal,Root/div/carrier/caterer/entity/cabin,PREM_FB_NSAT/OBS/ML/dnata-BNE/TPAC/D1,0,Yes
PREM_FB_NSAT,DOCO,ML,caterer,3,0.36,Goal,Root/div/carrier/caterer,PREM_FB_NSAT/OBS/ML/DOCO,2,No
PREM_FB_NSAT,TATL,DOCO,entity,4,35.62,Goal,Root/div/carrier/caterer/entity,PREM_FB_NSAT/OBS/ML/DOCO/TATL,1,No
PREM_FB_NSAT,D1,TATL,cabin,5,100.0,Goal,Root/div/carrier/caterer/entity/cabin,PREM_FB_NSAT/OBS/ML/DOCO/TATL/D1,0,Yes
PREM_FB_NSAT,TPAC,DOCO,entity,4,64.38,Goal,Root/div/carrier/caterer/entity,PREM_FB_NSAT/OBS/ML/DOCO/TPAC,1,No
PREM_FB_NSAT,D1,TPAC,cabin,5,100.0,Goal,Root/div/carrier/caterer/entity/cabin,PREM_FB_NSAT/OBS/ML/DOCO/TPAC/D1,0,Yes
PREM_FB_NSAT,EFG,ML,caterer,3,0.03,Goal,Root/div/carrier/caterer,PREM_FB_NSAT/OBS/ML/EFG,1,No
PREM_FB_NSAT,TATL,EFG,entity,4,100.0,Goal,Root/div/carrier/caterer/entity,PREM_FB_NSAT/OBS/ML/EFG/TATL,1,No
PREM_FB_NSAT,D1,TATL,cabin,5,100.0,Goal,Root/div/carrier/caterer/entity/cabin,PREM_FB_NSAT/OBS/ML/EFG/TATL/D1,0,Yes
PREM_FB_NSAT,EGSC,ML,caterer,3,0.19,Goal,Root/div/carrier/caterer,PREM_FB_NSAT/OBS/ML/EGSC,1,No
PREM_FB_NSAT,TPAC,EGSC,entity,4,100.0,Goal,Root/div/carrier/caterer/entity,PREM_FB_NSAT/OBS/ML/EGSC/TPAC,1,No
PREM_FB_NSAT,D1,TPAC,cabin,5,100.0,Goal,Root/div/carrier/caterer/entity/cabin,PREM_FB_NSAT/OBS/ML/EGSC/TPAC/D1,0,Yes
PREM_FB_NSAT,GBG,ML,caterer,3,0.74,Goal,Root/div/carrier/caterer,PREM_FB_NSAT/OBS/ML/GBG,2,No
PREM_FB_NSAT,TATL,GBG,entity,4,48.94,Goal,Root/div/carrier/caterer/entity,PREM_FB_NSAT/OBS/ML/GBG/TATL,1,No
PREM_FB_NSAT,D1,TATL,cabin,5,100.0,Goal,Root/div/carrier/caterer/entity/cabin,PREM_FB_NSAT/OBS/ML/GBG/TATL/D1,0,Yes
PREM_FB_NSAT,TPAC,GBG,entity,4,51.06,Goal,Root/div/carrier/caterer/entity,PREM_FB_NSAT/OBS/ML/GBG/TPAC,1,No
PREM_FB_NSAT,D1,TPAC,cabin,5,100.0,Goal,Root/div/carrier/caterer/entity/cabin,PREM_FB_NSAT/OBS/ML/GBG/TPAC/D1,0,Yes
PREM_FB_NSAT,GG,ML,caterer,3,0.78,Goal,Root/div/carrier/caterer,PREM_FB_NSAT/OBS/ML/GG,2,No
PREM_FB_NSAT,TATL,GG,entity,4,38.44,Goal,Root/div/carrier/caterer/entity,PREM_FB_NSAT/OBS/ML/GG/TATL,1,No
PREM_FB_NSAT,D1,TATL,cabin,5,100.0,Goal,Root/div/carrier/caterer/entity/cabin,PREM_FB_NSAT/OBS/ML/GG/TATL/D1,0,Yes
PREM_FB_NSAT,TPAC,GG,entity,4,61.56,Goal,Root/div/carrier/caterer/entity,PREM_FB_NSAT/OBS/ML/GG/TPAC,1,No
PREM_FB_NSAT,D1,TPAC,cabin,5,100.0,Goal,Root/div/carrier/caterer/entity/cabin,PREM_FB_NSAT/OBS/ML/GG/TPAC/D1,0,Yes
PREM_FB_NSAT,IGS,ML,caterer,3,0.72,Goal,Root/div/carrier/caterer,PREM_FB_NSAT/OBS/ML/IGS,1,No
PREM_FB_NSAT,TATL,IGS,entity,4,100.0,Goal,Root/div/carrier/caterer/entity,PREM_FB_NSAT/OBS/ML/IGS/TATL,1,No
PREM_FB_NSAT,D1,TATL,cabin,5,100.0,Goal,Root/div/carrier/caterer/entity/cabin,PREM_FB_NSAT/OBS/ML/IGS/TATL/D1,0,Yes
PREM_FB_NSAT,ISS-ILS,ML,caterer,3,0.09,Goal,Root/div/carrier/caterer,PREM_FB_NSAT/OBS/ML/ISS-ILS,1,No
PREM_FB_NSAT,TATL,ISS-ILS,entity,4,100.0,Goal,Root/div/carrier/caterer/entity,PREM_FB_NSAT/OBS/ML/ISS-ILS/TATL,1,No
PREM_FB_NSAT,D1,TATL,cabin,5,100.0,Goal,Root/div/carrier/caterer/entity/cabin,PREM_FB_NSAT/OBS/ML/ISS-ILS/TATL/D1,0,Yes
PREM_FB_NSAT,JFK-LSG,ML,caterer,3,1.02,Goal,Root/div/carrier/caterer,PREM_FB_NSAT/OBS/ML/JFK-LSG,1,No
PREM_FB_NSAT,TATL,JFK-LSG,entity,4,100.0,Goal,Root/div/carrier/caterer/entity,PREM_FB_NSAT/OBS/ML/JFK-LSG/TATL,1,No
PREM_FB_NSAT,D1,TATL,cabin,5,100.0,Goal,Root/div/carrier/caterer/entity/cabin,PREM_FB_NSAT/OBS/ML/JFK-LSG/TATL/D1,0,Yes
PREM_FB_NSAT,Kore-MLA,ML,caterer,3,0.94,Goal,Root/div/carrier/caterer,PREM_FB_NSAT/OBS/ML/Kore-MLA,1,No
PREM_FB_NSAT,TATL,Kore-MLA,entity,4,100.0,Goal,Root/div/carrier/caterer/entity,PREM_FB_NSAT/OBS/ML/Kore-MLA/TATL,1,No
PREM_FB_NSAT,D1,TATL,cabin,5,100.0,Goal,Root/div/carrier/caterer/entity/cabin,PREM_FB_NSAT/OBS/ML/Kore-MLA/TATL/D1,0,Yes
PREM_FB_NSAT,LSG,ML,caterer,3,0.21,Goal,Root/div/carrier/caterer,PREM_FB_NSAT/OBS/ML/LSG,2,No
PREM_FB_NSAT,TATL,LSG,entity,4,88.8,Goal,Root/div/carrier/caterer/entity,PREM_FB_NSAT/OBS/ML/LSG/TATL,1,No
PREM_FB_NSAT,D1,TATL,cabin,5,100.0,Goal,Root/div/carrier/caterer/entity/cabin,PREM_FB_NSAT/OBS/ML/LSG/TATL/D1,0,Yes
PREM_FB_NSAT,TPAC,LSG,entity,4,11.2,Goal,Root/div/carrier/caterer/entity,PREM_FB_NSAT/OBS/ML/LSG/TPAC,1,No
PREM_FB_NSAT,D1,TPAC,cabin,5,100.0,Goal,Root/div/carrier/caterer/entity/cabin,PREM_FB_NSAT/OBS/ML/LSG/TPAC/D1,0,Yes
PREM_FB_NSAT,MA-US,ML,caterer,3,0.68,Goal,Root/div/carrier/caterer,PREM_FB_NSAT/OBS/ML/MA-US,2,No
PREM_FB_NSAT,TATL,MA-US,entity,4,35.98,Goal,Root/div/carrier/caterer/entity,PREM_FB_NSAT/OBS/ML/MA-US/TATL,1,No
PREM_FB_NSAT,D1,TATL,cabin,5,100.0,Goal,Root/div/carrier/caterer/entity/cabin,PREM_FB_NSAT/OBS/ML/MA-US/TATL/D1,0,Yes
PREM_FB_NSAT,TPAC,MA-US,entity,4,64.02,Goal,Root/div/carrier/caterer/entity,PREM_FB_NSAT/OBS/ML/MA-US/TPAC,1,No
PREM_FB_NSAT,D1,TPAC,cabin,5,100.0,Goal,Root/div/carrier/caterer/entity/cabin,PREM_FB_NSAT/OBS/ML/MA-US/TPAC/D1,0,Yes
PREM_FB_NSAT,NagoyaAir,ML,caterer,3,0.34,Goal,Root/div/carrier/caterer,PREM_FB_NSAT/OBS/ML/NagoyaAir,1,No
PREM_FB_NSAT,TPAC,NagoyaAir,entity,4,100.0,Goal,Root/div/carrier/caterer/entity,PREM_FB_NSAT/OBS/ML/NagoyaAir/TPAC,1,No
PREM_FB_NSAT,D1,TPAC,cabin,5,100.0,Goal,Root/div/carrier/caterer/entity/cabin,PREM_FB_NSAT/OBS/ML/NagoyaAir/TPAC/D1,0,Yes
PREM_FB_NSAT,Newrest,ML,caterer,3,1.01,Goal,Root/div/carrier/caterer,PREM_FB_NSAT/OBS/ML/Newrest,2,No
PREM_FB_NSAT,TATL,Newrest,entity,4,96.95,Goal,Root/div/carrier/caterer/entity,PREM_FB_NSAT/OBS/ML/Newrest/TATL,1,No
PREM_FB_NSAT,D1,TATL,cabin,5,100.0,Goal,Root/div/carrier/caterer/entity/cabin,PREM_FB_NSAT/OBS/ML/Newrest/TATL/D1,0,Yes
PREM_FB_NSAT,TPAC,Newrest,entity,4,3.05,Goal,Root/div/carrier/caterer/entity,PREM_FB_NSAT/OBS/ML/Newrest/TPAC,1,No
PREM_FB_NSAT,D1,TPAC,cabin,5,100.0,Goal,Root/div/carrier/caterer/entity/cabin,PREM_FB_NSAT/OBS/ML/Newrest/TPAC/D1,0,Yes
PREM_FB_NSAT,Servair-FR,ML,caterer,3,0.38,Goal,Root/div/carrier/caterer,PREM_FB_NSAT/OBS/ML/Servair-FR,1,No
PREM_FB_NSAT,TATL,Servair-FR,entity,4,100.0,Goal,Root/div/carrier/caterer/entity,PREM_FB_NSAT/OBS/ML/Servair-FR/TATL,1,No
PREM_FB_NSAT,D1,TATL,cabin,5,100.0,Goal,Root/div/carrier/caterer/entity/cabin,PREM_FB_NSAT/OBS/ML/Servair-FR/TATL/D1,0,Yes
PREM_FB_NSAT,Servair-GH,ML,caterer,3,0.44,Goal,Root/div/carrier/caterer,PREM_FB_NSAT/OBS/ML/Servair-GH,1,No
PREM_FB_NSAT,TATL,Servair-GH,entity,4,100.0,Goal,Root/div/carrier/caterer/entity,PREM_FB_NSAT/OBS/ML/Servair-GH/TATL,1,No
PREM_FB_NSAT,D1,TATL,cabin,5,100.0,Goal,Root/div/carrier/caterer/entity/cabin,PREM_FB_NSAT/OBS/ML/Servair-GH/TATL/D1,0,Yes
PREM_FB_NSAT,ShanghaiEa,ML,caterer,3,0.8,Goal,Root/div/carrier/caterer,PREM_FB_NSAT/OBS/ML/ShanghaiEa,1,No
PREM_FB_NSAT,TPAC,ShanghaiEa,entity,4,100.0,Goal,Root/div/carrier/caterer/entity,PREM_FB_NSAT/OBS/ML/ShanghaiEa/TPAC,1,No
PREM_FB_NSAT,D1,TPAC,cabin,5,100.0,Goal,Root/div/carrier/caterer/entity/cabin,PREM_FB_NSAT/OBS/ML/ShanghaiEa/TPAC/D1,0,Yes
PREM_FB_NSAT,TFK,ML,caterer,3,0.14,Goal,Root/div/carrier/caterer,PREM_FB_NSAT/OBS/ML/TFK,1,No
PREM_FB_NSAT,TPAC,TFK,entity,4,100.0,Goal,Root/div/carrier/caterer/entity,PREM_FB_NSAT/OBS/ML/TFK/TPAC,1,No
PREM_FB_NSAT,D1,TPAC,cabin,5,100.0,Goal,Root/div/carrier/caterer/entity/cabin,PREM_FB_NSAT/OBS/ML/TFK/TPAC/D1,0,Yes
PREM_FB_NSAT,Asia,ML,continental_region,3,0.14,Goal,Root/div/carrier/continental_region,PREM_FB_NSAT/OBS/ML/Asia,3,No
PREM_FB_NSAT,D,Asia,dom_int,4,36.51,Goal,Root/div/carrier/continental_region/dom_int,PREM_FB_NSAT/OBS/ML/Asia/D,1,No
PREM_FB_NSAT,FC,D,cabin,5,100.0,Goal,Root/div/carrier/continental_region/dom_int/cabin,PREM_FB_NSAT/OBS/ML/Asia/D/FC,1,No
PREM_FB_NSAT,Bev,FC,variant,6,100.0,Goal,Root/div/carrier/continental_region/dom_int/cabin/variant,PREM_FB_NSAT/OBS/ML/Asia/D/FC/Bev,0,Yes
PREM_FB_NSAT,TATL,Asia,entity,4,25.55,Goal,Root/div/carrier/continental_region/entity,PREM_FB_NSAT/OBS/ML/Asia/TATL,1,No
PREM_FB_NSAT,D1,TATL,cabin,5,100.0,Goal,Root/div/carrier/continental_region/entity/cabin,PREM_FB_NSAT/OBS/ML/Asia/TATL/D1,0,Yes
PREM_FB_NSAT,TPAC,Asia,entity,4,37.94,Goal,Root/div/carrier/continental_region/entity,PREM_FB_NSAT/OBS/ML/Asia/TPAC,1,No
PREM_FB_NSAT,D1,TPAC,cabin,5,100.0,Goal,Root/div/carrier/continental_region/entity/cabin,PREM_FB_NSAT/OBS/ML/Asia/TPAC/D1,0,Yes
PREM_FB_NSAT,Europe,ML,continental_region,3,0.43,Goal,Root/div/carrier/continental_region,PREM_FB_NSAT/OBS/ML/Europe,2,No
PREM_FB_NSAT,D,Europe,dom_int,4,52.38,Goal,Root/div/carrier/continental_region/dom_int,PREM_FB_NSAT/OBS/ML/Europe/D,1,No
PREM_FB_NSAT,FC,D,cabin,5,100.0,Goal,Root/div/carrier/continental_region/dom_int/cabin,PREM_FB_NSAT/OBS/ML/Europe/D/FC,1,No
PREM_FB_NSAT,Bev,FC,variant,6,100.0,Goal,Root/div/carrier/continental_region/dom_int/cabin/variant,PREM_FB_NSAT/OBS/ML/Europe/D/FC/Bev,0,Yes
PREM_FB_NSAT,TATL,Europe,entity,4,47.62,Goal,Root/div/carrier/continental_region/entity,PREM_FB_NSAT/OBS/ML/Europe/TATL,1,No
PREM_FB_NSAT,D1,TATL,cabin,5,100.0,Goal,Root/div/carrier/continental_region/entity/cabin,PREM_FB_NSAT/OBS/ML/Europe/TATL/D1,0,Yes
PREM_FB_NSAT,Latin_America_Caribbean,ML,continental_region,3,0.92,Goal,Root/div/carrier/continental_region,PREM_FB_NSAT/OBS/ML/Latin_America_Caribbean,1,No
PREM_FB_NSAT,D,Latin_America_Caribbean,dom_int,4,100.0,Goal,Root/div/carrier/continental_region/dom_int,PREM_FB_NSAT/OBS/ML/Latin_America_Caribbean/D,1,No
PREM_FB_NSAT,FC,D,cabin,5,100.0,Goal,Root/div/carrier/continental_region/dom_int/cabin,PREM_FB_NSAT/OBS/ML/Latin_America_Caribbean/D/FC,1,No
PREM_FB_NSAT,Meal,FC,variant,6,100.0,Goal,Root/div/carrier/continental_region/dom_int/cabin/variant,PREM_FB_NSAT/OBS/ML/Latin_America_Caribbean/D/FC/Meal,0,Yes
PREM_FB_NSAT,North_America,ML,continental_region,3,0.27,Goal,Root/div/carrier/continental_region,PREM_FB_NSAT/OBS/ML/North_America,3,No
PREM_FB_NSAT,D,North_America,dom_int,4,36.47,Goal,Root/div/carrier/continental_region/dom_int,PREM_FB_NSAT/OBS/ML/North_America/D,1,No
PREM_FB_NSAT,FC,D,cabin,5,100.0,Goal,Root/div/carrier/continental_region/dom_int/cabin,PREM_FB_NSAT/OBS/ML/North_America/D/FC,2,No
PREM_FB_NSAT,Bev,FC,variant,6,11.91,Goal,Root/div/carrier/continental_region/dom_int/cabin/variant,PREM_FB_NSAT/OBS/ML/North_America/D/FC/Bev,0,Yes
PREM_FB_NSAT,Meal,FC,variant,6,88.09,Goal,Root/div/carrier/continental_region/dom_int/cabin/variant,PREM_FB_NSAT/OBS/ML/North_America/D/FC/Meal,0,Yes
PREM_FB_NSAT,TATL,North_America,entity,4,9.46,Goal,Root/div/carrier/continental_region/entity,PREM_FB_NSAT/OBS/ML/North_America/TATL,1,No
PREM_FB_NSAT,D1,TATL,cabin,5,100.0,Goal,Root/div/carrier/continental_region/entity/cabin,PREM_FB_NSAT/OBS/ML/North_America/TATL/D1,0,Yes
PREM_FB_NSAT,TPAC,North_America,entity,4,54.07,Goal,Root/div/carrier/continental_region/entity,PREM_FB_NSAT/OBS/ML/North_America/TPAC,1,No
PREM_FB_NSAT,D1,TPAC,cabin,5,100.0,Goal,Root/div/carrier/continental_region/entity/cabin,PREM_FB_NSAT/OBS/ML/North_America/TPAC/D1,0,Yes
PREM_FB_NSAT,Africa,ML,continental_region,3,0.53,Goal,Root/div/carrier/continental_region,PREM_FB_NSAT/OBS/ML/Africa,1,No
PREM_FB_NSAT,TATL,Africa,entity,4,100.0,Goal,Root/div/carrier/continental_region/entity,PREM_FB_NSAT/OBS/ML/Africa/TATL,1,No
PREM_FB_NSAT,D1,TATL,cabin,5,100.0,Goal,Root/div/carrier/continental_region/entity/cabin,PREM_FB_NSAT/OBS/ML/Africa/TATL/D1,0,Yes
PREM_FB_NSAT,Australia,ML,continental_region,3,0.63,Goal,Root/div/carrier/continental_region,PREM_FB_NSAT/OBS/ML/Australia,2,No
PREM_FB_NSAT,TATL,Australia,entity,4,28.57,Goal,Root/div/carrier/continental_region/entity,PREM_FB_NSAT/OBS/ML/Australia/TATL,1,No
PREM_FB_NSAT,D1,TATL,cabin,5,100.0,Goal,Root/div/carrier/continental_region/entity/cabin,PREM_FB_NSAT/OBS/ML/Australia/TATL/D1,0,Yes
PREM_FB_NSAT,TPAC,Australia,entity,4,71.43,Goal,Root/div/carrier/continental_region/entity,PREM_FB_NSAT/OBS/ML/Australia/TPAC,1,No
PREM_FB_NSAT,D1,TPAC,cabin,5,100.0,Goal,Root/div/carrier/continental_region/entity/cabin,PREM_FB_NSAT/OBS/ML/Australia/TPAC/D1,0,Yes
PREM_FB_NSAT,ATL-Director,ML,director,3,0.36,Goal,Root/div/carrier/director,PREM_FB_NSAT/OBS/ML/ATL-Director,9,No
PREM_FB_NSAT,GBG,ATL-Director,caterer,4,18.93,Goal,Root/div/carrier/director/caterer,PREM_FB_NSAT/OBS/ML/ATL-Director/GBG,3,No
PREM_FB_NSAT,TATL,GBG,entity,5,47.66,Goal,Root/div/carrier/director/caterer/entity,PREM_FB_NSAT/OBS/ML/ATL-Director/GBG/TATL,1,No
PREM_FB_NSAT,D1,TATL,cabin,6,100.0,Goal,Root/div/carrier/director/caterer/entity/cabin,PREM_FB_NSAT/OBS/ML/ATL-Director/GBG/TATL/D1,0,Yes
PREM_FB_NSAT,TPAC,GBG,entity,5,14.75,Goal,Root/div/carrier/director/caterer/entity,PREM_FB_NSAT/OBS/ML/ATL-Director/GBG/TPAC,1,No
PREM_FB_NSAT,D1,TPAC,cabin,6,100.0,Goal,Root/div/carrier/director/caterer/entity/cabin,PREM_FB_NSAT/OBS/ML/ATL-Director/GBG/TPAC/D1,0,Yes
PREM_FB_NSAT,IFK,GBG,kitchen,5,37.59,Goal,Root/div/carrier/director/caterer/kitchen,PREM_FB_NSAT/OBS/ML/ATL-Director/GBG/IFK,1,No
PREM_FB_NSAT,D,IFK,dom_int,6,100.0,Goal,Root/div/carrier/director/caterer/kitchen/dom_int,PREM_FB_NSAT/OBS/ML/ATL-Director/GBG/IFK/D,1,No
PREM_FB_NSAT,FC,D,cabin,7,100.0,Goal,Root/div/carrier/director/caterer/kitchen/dom_int/cabin,PREM_FB_NSAT/OBS/ML/ATL-Director/GBG/IFK/D/FC,2,No
PREM_FB_NSAT,Bev,FC,variant,8,10.23,Goal,Root/div/carrier/director/caterer/kitchen/dom_int/cabin/variant,PREM_FB_NSAT/OBS/ML/ATL-Director/GBG/IFK/D/FC/Bev,0,Yes
PREM_FB_NSAT,Meal,FC,variant,8,89.77,Goal,Root/div/carrier/director/caterer/kitchen/dom_int/cabin/variant,PREM_FB_NSAT/OBS/ML/ATL-Director/GBG/IFK/D/FC/Meal,0,Yes
PREM_FB_NSAT,MA-US,ATL-Director,caterer,4,0.37,Goal,Root/div/carrier/director/caterer,PREM_FB_NSAT/OBS/ML/ATL-Director/MA-US,2,No
PREM_FB_NSAT,TATL,MA-US,entity,5,12.76,Goal,Root/div/carrier/director/caterer/entity,PREM_FB_NSAT/OBS/ML/ATL-Director/MA-US/TATL,1,No
PREM_FB_NSAT,D1,TATL,cabin,6,100.0,Goal,Root/div/carrier/director/caterer/entity/cabin,PREM_FB_NSAT/OBS/ML/ATL-Director/MA-US/TATL/D1,0,Yes
PREM_FB_NSAT,TPAC,MA-US,entity,5,87.24,Goal,Root/div/carrier/director/caterer/entity,PREM_FB_NSAT/OBS/ML/ATL-Director/MA-US/TPAC,1,No
PREM_FB_NSAT,D1,TPAC,cabin,6,100.0,Goal,Root/div/carrier/director/caterer/entity/cabin,PREM_FB_NSAT/OBS/ML/ATL-Director/MA-US/TPAC/D1,0,Yes
PREM_FB_NSAT,DAL,ATL-Director,caterer,4,14.54,Goal,Root/div/carrier/director/caterer,PREM_FB_NSAT/OBS/ML/ATL-Director/DAL,1,No
PREM_FB_NSAT,MLC,DAL,kitchen,5,100.0,Goal,Root/div/carrier/director/caterer/kitchen,PREM_FB_NSAT/OBS/ML/ATL-Director/DAL/MLC,1,No
PREM_FB_NSAT,D,MLC,dom_int,6,100.0,Goal,Root/div/carrier/director/caterer/kitchen/dom_int,PREM_FB_NSAT/OBS/ML/ATL-Director/DAL/MLC/D,1,No
PREM_FB_NSAT,FC,D,cabin,7,100.0,Goal,Root/div/carrier/director/caterer/kitchen/dom_int/cabin,PREM_FB_NSAT/OBS/ML/ATL-Director/DAL/MLC/D/FC,2,No
PREM_FB_NSAT,Bev,FC,variant,8,43.21,Goal,Root/div/carrier/director/caterer/kitchen/dom_int/cabin/variant,PREM_FB_NSAT/OBS/ML/ATL-Director/DAL/MLC/D/FC/Bev,0,Yes
PREM_FB_NSAT,Meal,FC,variant,8,56.79,Goal,Root/div/carrier/director/caterer/kitchen/dom_int/cabin/variant,PREM_FB_NSAT/OBS/ML/ATL-Director/DAL/MLC/D/FC/Meal,0,Yes
PREM_FB_NSAT,DALC,ATL-Director,caterer,4,3.89,Goal,Root/div/carrier/director/caterer,PREM_FB_NSAT/OBS/ML/ATL-Director/DALC,1,No
PREM_FB_NSAT,DALC,DALC,kitchen,5,100.0,Goal,Root/div/carrier/director/caterer/kitchen,PREM_FB_NSAT/OBS/ML/ATL-Director/DALC/DALC,1,No
PREM_FB_NSAT,D,DALC,dom_int,6,100.0,Goal,Root/div/carrier/director/caterer/kitchen/dom_int,PREM_FB_NSAT/OBS/ML/ATL-Director/DALC/DALC/D,1,No
PREM_FB_NSAT,FC,D,cabin,7,100.0,Goal,Root/div/carrier/director/caterer/kitchen/dom_int/cabin,PREM_FB_NSAT/OBS/ML/ATL-Director/DALC/DALC/D/FC,2,No
PREM_FB_NSAT,Bev,FC,variant,8,62.19,Goal,Root/div/carrier/director/caterer/kitchen/dom_int/cabin/variant,PREM_FB_NSAT/OBS/ML/ATL-Director/DALC/DALC/D/FC/Bev,0,Yes
PREM_FB_NSAT,Meal,FC,variant,8,37.81,Goal,Root/div/carrier/director/caterer/kitchen/dom_int/cabin/variant,PREM_FB_NSAT/OBS/ML/ATL-Director/DALC/DALC/D/FC/Meal,0,Yes
PREM_FB_NSAT,GG,ATL-Director,caterer,4,9.57,Goal,Root/div/carrier/director/caterer,PREM_FB_NSAT/OBS/ML/ATL-Director/GG,1,No
PREM_FB_NSAT,Newrest_COMM,GG,kitchen,5,100.0,Goal,Root/div/carrier/director/caterer/kitchen,PREM_FB_NSAT/OBS/ML/ATL-Director/GG/Newrest_COMM,1,No
PREM_FB_NSAT,D,Newrest_COMM,dom_int,6,100.0,Goal,Root/div/carrier/director/caterer/kitchen/dom_int,PREM_FB_NSAT/OBS/ML/ATL-Director/GG/Newrest_COMM/D,1,No
PREM_FB_NSAT,FC,D,cabin,7,100.0,Goal,Root/div/carrier/director/caterer/kitchen/dom_int/cabin,PREM_FB_NSAT/OBS/ML/ATL-Director/GG/Newrest_COMM/D/FC,1,No
PREM_FB_NSAT,Bev,FC,variant,8,100.0,Goal,Root/div/carrier/director/caterer/kitchen/dom_int/cabin/variant,PREM_FB_NSAT/OBS/ML/ATL-Director/GG/Newrest_COMM/D/FC/Bev,0,Yes
PREM_FB_NSAT,Newrest,ATL-Director,caterer,4,1.03,Goal,Root/div/carrier/director/caterer,PREM_FB_NSAT/OBS/ML/ATL-Director/Newrest,1,No
PREM_FB_NSAT,DFK,Newrest,kitchen,5,100.0,Goal,Root/div/carrier/director/caterer/kitchen,PREM_FB_NSAT/OBS/ML/ATL-Director/Newrest/DFK,1,No
PREM_FB_NSAT,D,DFK,dom_int,6,100.0,Goal,Root/div/carrier/director/caterer/kitchen/dom_int,PREM_FB_NSAT/OBS/ML/ATL-Director/Newrest/DFK/D,1,No
PREM_FB_NSAT,FC,D,cabin,7,100.0,Goal,Root/div/carrier/director/caterer/kitchen/dom_int/cabin,PREM_FB_NSAT/OBS/ML/ATL-Director/Newrest/DFK/D/FC,2,No
PREM_FB_NSAT,Bev,FC,variant,8,12.1,Goal,Root/div/carrier/director/caterer/kitchen/dom_int/cabin/variant,PREM_FB_NSAT/OBS/ML/ATL-Director/Newrest/DFK/D/FC/Bev,0,Yes
PREM_FB_NSAT,Meal,FC,variant,8,87.9,Goal,Root/div/carrier/director/caterer/kitchen/dom_int/cabin/variant,PREM_FB_NSAT/OBS/ML/ATL-Director/Newrest/DFK/D/FC/Meal,0,Yes
PREM_FB_NSAT,D,ATL-Director,dom_int,4,17.92,Goal,Root/div/carrier/director/dom_int,PREM_FB_NSAT/OBS/ML/ATL-Director/D,1,No
PREM_FB_NSAT,FC,D,cabin,5,100.0,Goal,Root/div/carrier/director/dom_int/cabin,PREM_FB_NSAT/OBS/ML/ATL-Director/D/FC,2,No
PREM_FB_NSAT,Bev,FC,variant,6,82.24,Goal,Root/div/carrier/director/dom_int/cabin/variant,PREM_FB_NSAT/OBS/ML/ATL-Director/D/FC/Bev,0,Yes
PREM_FB_NSAT,Meal,FC,variant,6,17.76,Goal,Root/div/carrier/director/dom_int/cabin/variant,PREM_FB_NSAT/OBS/ML/ATL-Director/D/FC/Meal,0,Yes
PREM_FB_NSAT,TATL,ATL-Director,entity,4,24.41,Goal,Root/div/carrier/director/entity,PREM_FB_NSAT/OBS/ML/ATL-Director/TATL,1,No
PREM_FB_NSAT,D1,TATL,cabin,5,100.0,Goal,Root/div/carrier/director/entity/cabin,PREM_FB_NSAT/OBS/ML/ATL-Director/TATL/D1,0,Yes
PREM_FB_NSAT,TPAC,ATL-Director,entity,4,9.34,Goal,Root/div/carrier/director/entity,PREM_FB_NSAT/OBS/ML/ATL-Director/TPAC,1,No
PREM_FB_NSAT,D1,TPAC,cabin,5,100.0,Goal,Root/div/carrier/director/entity/cabin,PREM_FB_NSAT/OBS/ML/ATL-Director/TPAC/D1,0,Yes
PREM_FB_NSAT,International,ML,director,3,0.64,Goal,Root/div/carrier/director,PREM_FB_NSAT/OBS/ML/International,21,No
PREM_FB_NSAT,AirChefs,International,caterer,4,9.28,Goal,Root/div/carrier/director/caterer,PREM_FB_NSAT/OBS/ML/International/AirChefs,1,No
PREM_FB_NSAT,TATL,AirChefs,entity,5,100.0,Goal,Root/div/carrier/director/caterer/entity,PREM_FB_NSAT/OBS/ML/International/AirChefs/TATL,1,No
PREM_FB_NSAT,D1,TATL,cabin,6,100.0,Goal,Root/div/carrier/director/caterer/entity/cabin,PREM_FB_NSAT/OBS/ML/International/AirChefs/TATL/D1,0,Yes
PREM_FB_NSAT,Canonica,International,caterer,4,7.35,Goal,Root/div/carrier/director/caterer,PREM_FB_NSAT/OBS/ML/International/Canonica,1,No
PREM_FB_NSAT,TATL,Canonica,entity,5,100.0,Goal,Root/div/carrier/director/caterer/entity,PREM_FB_NSAT/OBS/ML/International/Canonica/TATL,1,No
PREM_FB_NSAT,D1,TATL,cabin,6,100.0,Goal,Root/div/carrier/director/caterer/entity/cabin,PREM_FB_NSAT/OBS/ML/International/Canonica/TATL/D1,0,Yes
PREM_FB_NSAT,CateringPo,International,caterer,4,9.18,Goal,Root/div/carrier/director/caterer,PREM_FB_NSAT/OBS/ML/International/CateringPo,1,No
PREM_FB_NSAT,TATL,CateringPo,entity,5,100.0,Goal,Root/div/carrier/director/caterer/entity,PREM_FB_NSAT/OBS/ML/International/CateringPo/TATL,1,No
PREM_FB_NSAT,D1,TATL,cabin,6,100.0,Goal,Root/div/carrier/director/caterer/entity/cabin,PREM_FB_NSAT/OBS/ML/International/CateringPo/TATL/D1,0,Yes
PREM_FB_NSAT,Dakar,International,caterer,4,4.9,Goal,Root/div/carrier/director/caterer,PREM_FB_NSAT/OBS/ML/International/Dakar,1,No
PREM_FB_NSAT,TATL,Dakar,entity,5,100.0,Goal,Root/div/carrier/director/caterer/entity,PREM_FB_NSAT/OBS/ML/International/Dakar/TATL,1,No
PREM_FB_NSAT,D1,TATL,cabin,6,100.0,Goal,Root/div/carrier/director/caterer/entity/cabin,PREM_FB_NSAT/OBS/ML/International/Dakar/TATL/D1,0,Yes
PREM_FB_NSAT,dnata SRL,International,caterer,4,8.98,Goal,Root/div/carrier/director/caterer,PREM_FB_NSAT/OBS/ML/International/dnata SRL,1,No
PREM_FB_NSAT,TATL,dnata SRL,entity,5,100.0,Goal,Root/div/carrier/director/caterer/entity,PREM_FB_NSAT/OBS/ML/International/dnata SRL/TATL,1,No
PREM_FB_NSAT,D1,TATL,cabin,6,100.0,Goal,Root/div/carrier/director/caterer/entity/cabin,PREM_FB_NSAT/OBS/ML/International/dnata SRL/TATL/D1,0,Yes
PREM_FB_NSAT,dnata-AU,International,caterer,4,5.5,Goal,Root/div/carrier/director/caterer,PREM_FB_NSAT/OBS/ML/International/dnata-AU,1,No
PREM_FB_NSAT,TPAC,dnata-AU,entity,5,100.0,Goal,Root/div/carrier/director/caterer/entity,PREM_FB_NSAT/OBS/ML/International/dnata-AU/TPAC,1,No
PREM_FB_NSAT,D1,TPAC,cabin,6,100.0,Goal,Root/div/carrier/director/caterer/entity/cabin,PREM_FB_NSAT/OBS/ML/International/dnata-AU/TPAC/D1,0,Yes
PREM_FB_NSAT,dnata-BNE,International,caterer,4,0.5,Goal,Root/div/carrier/director/caterer,PREM_FB_NSAT/OBS/ML/International/dnata-BNE,1,No
PREM_FB_NSAT,TPAC,dnata-BNE,entity,5,100.0,Goal,Root/div/carrier/director/caterer/entity,PREM_FB_NSAT/OBS/ML/International/dnata-BNE/TPAC,1,No
PREM_FB_NSAT,D1,TPAC,cabin,6,100.0,Goal,Root/div/carrier/director/caterer/entity/cabin,PREM_FB_NSAT/OBS/ML/International/dnata-BNE/TPAC/D1,0,Yes
PREM_FB_NSAT,DOCO,International,caterer,4,2.77,Goal,Root/div/carrier/director/caterer,PREM_FB_NSAT/OBS/ML/International/DOCO,1,No
PREM_FB_NSAT,TPAC,DOCO,entity,5,100.0,Goal,Root/div/carrier/director/caterer/entity,PREM_FB_NSAT/OBS/ML/International/DOCO/TPAC,1,No
PREM_FB_NSAT,D1,TPAC,cabin,6,100.0,Goal,Root/div/carrier/director/caterer/entity/cabin,PREM_FB_NSAT/OBS/ML/International/DOCO/TPAC/D1,0,Yes
PREM_FB_NSAT,EGSC,International,caterer,4,9.33,Goal,Root/div/carrier/director/caterer,PREM_FB_NSAT/OBS/ML/International/EGSC,1,No
PREM_FB_NSAT,TPAC,EGSC,entity,5,100.0,Goal,Root/div/carrier/director/caterer/entity,PREM_FB_NSAT/OBS/ML/International/EGSC/TPAC,1,No
PREM_FB_NSAT,D1,TPAC,cabin,6,100.0,Goal,Root/div/carrier/director/caterer/entity/cabin,PREM_FB_NSAT/OBS/ML/International/EGSC/TPAC/D1,0,Yes
PREM_FB_NSAT,GG,International,caterer,4,7.05,Goal,Root/div/carrier/director/caterer,PREM_FB_NSAT/OBS/ML/International/GG,2,No
PREM_FB_NSAT,TATL,GG,entity,5,50.72,Goal,Root/div/carrier/director/caterer/entity,PREM_FB_NSAT/OBS/ML/International/GG/TATL,1,No
PREM_FB_NSAT,D1,TATL,cabin,6,100.0,Goal,Root/div/carrier/director/caterer/entity/cabin,PREM_FB_NSAT/OBS/ML/International/GG/TATL/D1,0,Yes
PREM_FB_NSAT,TPAC,GG,entity,5,49.28,Goal,Root/div/carrier/director/caterer/entity,PREM_FB_NSAT/OBS/ML/International/GG/TPAC,1,No
PREM_FB_NSAT,D1,TPAC,cabin,6,100.0,Goal,Root/div/carrier/director/caterer/entity/cabin,PREM_FB_NSAT/OBS/ML/International/GG/TPAC/D1,0,Yes
PREM_FB_NSAT,IGS,International,caterer,4,0.34,Goal,Root/div/carrier/director/caterer,PREM_FB_NSAT/OBS/ML/International/IGS,1,No
PREM_FB_NSAT,TATL,IGS,entity,5,100.0,Goal,Root/div/carrier/director/caterer/entity,PREM_FB_NSAT/OBS/ML/International/IGS/TATL,1,No
PREM_FB_NSAT,D1,TATL,cabin,6,100.0,Goal,Root/div/carrier/director/caterer/entity/cabin,PREM_FB_NSAT/OBS/ML/International/IGS/TATL/D1,0,Yes
PREM_FB_NSAT,ISS-ILS,International,caterer,4,2.95,Goal,Root/div/carrier/director/caterer,PREM_FB_NSAT/OBS/ML/International/ISS-ILS,1,No
PREM_FB_NSAT,TATL,ISS-ILS,entity,5,100.0,Goal,Root/div/carrier/director/caterer/entity,PREM_FB_NSAT/OBS/ML/International/ISS-ILS/TATL,1,No
PREM_FB_NSAT,D1,TATL,cabin,6,100.0,Goal,Root/div/carrier/director/caterer/entity/cabin,PREM_FB_NSAT/OBS/ML/International/ISS-ILS/TATL/D1,0,Yes
PREM_FB_NSAT,LSG,International,caterer,4,4.0,Goal,Root/div/carrier/director/caterer,PREM_FB_NSAT/OBS/ML/International/LSG,1,No
PREM_FB_NSAT,TPAC,LSG,entity,5,100.0,Goal,Root/div/carrier/director/caterer/entity,PREM_FB_NSAT/OBS/ML/International/LSG/TPAC,1,No
PREM_FB_NSAT,D1,TPAC,cabin,6,100.0,Goal,Root/div/carrier/director/caterer/entity/cabin,PREM_FB_NSAT/OBS/ML/International/LSG/TPAC/D1,0,Yes
PREM_FB_NSAT,Newrest,International,caterer,4,2.29,Goal,Root/div/carrier/director/caterer,PREM_FB_NSAT/OBS/ML/International/Newrest,1,No
PREM_FB_NSAT,TATL,Newrest,entity,5,100.0,Goal,Root/div/carrier/director/caterer/entity,PREM_FB_NSAT/OBS/ML/International/Newrest/TATL,1,No
PREM_FB_NSAT,D1,TATL,cabin,6,100.0,Goal,Root/div/carrier/director/caterer/entity/cabin,PREM_FB_NSAT/OBS/ML/International/Newrest/TATL/D1,0,Yes
PREM_FB_NSAT,Servair-FR,International,caterer,4,0.61,Goal,Root/div/carrier/director/caterer,PREM_FB_NSAT/OBS/ML/International/Servair-FR,2,No
PREM_FB_NSAT,TATL,Servair-FR,entity,5,72.52,Goal,Root/div/carrier/director/caterer/entity,PREM_FB_NSAT/OBS/ML/International/Servair-FR/TATL,1,No
PREM_FB_NSAT,D1,TATL,cabin,6,100.0,Goal,Root/div/carrier/director/caterer/entity/cabin,PREM_FB_NSAT/OBS/ML/International/Servair-FR/TATL/D1,0,Yes
PREM_FB_NSAT,Servair_FR,Servair-FR,kitchen,5,27.48,Goal,Root/div/carrier/director/caterer/kitchen,PREM_FB_NSAT/OBS/ML/International/Servair-FR/Servair_FR,1,No
PREM_FB_NSAT,D,Servair_FR,dom_int,6,100.0,Goal,Root/div/carrier/director/caterer/kitchen/dom_int,PREM_FB_NSAT/OBS/ML/International/Servair-FR/Servair_FR/D,1,No
PREM_FB_NSAT,FC,D,cabin,7,100.0,Goal,Root/div/carrier/director/caterer/kitchen/dom_int/cabin,PREM_FB_NSAT/OBS/ML/International/Servair-FR/Servair_FR/D/FC,1,No
PREM_FB_NSAT,Bev,FC,variant,8,100.0,Goal,Root/div/carrier/director/caterer/kitchen/dom_int/cabin/variant,PREM_FB_NSAT/OBS/ML/International/Servair-FR/Servair_FR/D/FC/Bev,0,Yes
PREM_FB_NSAT,Servair-GH,International,caterer,4,3.34,Goal,Root/div/carrier/director/caterer,PREM_FB_NSAT/OBS/ML/International/Servair-GH,1,No
PREM_FB_NSAT,TATL,Servair-GH,entity,5,100.0,Goal,Root/div/carrier/director/caterer/entity,PREM_FB_NSAT/OBS/ML/International/Servair-GH/TATL,1,No
PREM_FB_NSAT,D1,TATL,cabin,6,100.0,Goal,Root/div/carrier/director/caterer/entity/cabin,PREM_FB_NSAT/OBS/ML/International/Servair-GH/TATL/D1,0,Yes
PREM_FB_NSAT,ShanghaiEa,International,caterer,4,0.94,Goal,Root/div/carrier/director/caterer,PREM_FB_NSAT/OBS/ML/International/ShanghaiEa,2,No
PREM_FB_NSAT,TPAC,ShanghaiEa,entity,5,47.95,Goal,Root/div/carrier/director/caterer/entity,PREM_FB_NSAT/OBS/ML/International/ShanghaiEa/TPAC,1,No
PREM_FB_NSAT,D1,TPAC,cabin,6,100.0,Goal,Root/div/carrier/director/caterer/entity/cabin,PREM_FB_NSAT/OBS/ML/International/ShanghaiEa/TPAC/D1,0,Yes
PREM_FB_NSAT,ShanghaiEast,ShanghaiEa,kitchen,5,52.05,Goal,Root/div/carrier/director/caterer/kitchen,PREM_FB_NSAT/OBS/ML/International/ShanghaiEa/ShanghaiEast,1,No
PREM_FB_NSAT,D,ShanghaiEast,dom_int,6,100.0,Goal,Root/div/carrier/director/caterer/kitchen/dom_int,PREM_FB_NSAT/OBS/ML/International/ShanghaiEa/ShanghaiEast/D,1,No
PREM_FB_NSAT,FC,D,cabin,7,100.0,Goal,Root/div/carrier/director/caterer/kitchen/dom_int/cabin,PREM_FB_NSAT/OBS/ML/International/ShanghaiEa/ShanghaiEast/D/FC,1,No
PREM_FB_NSAT,Bev,FC,variant,8,100.0,Goal,Root/div/carrier/director/caterer/kitchen/dom_int/cabin/variant,PREM_FB_NSAT/OBS/ML/International/ShanghaiEa/ShanghaiEast/D/FC/Bev,0,Yes
PREM_FB_NSAT,TFK,International,caterer,4,5.11,Goal,Root/div/carrier/director/caterer,PREM_FB_NSAT/OBS/ML/International/TFK,1,No
PREM_FB_NSAT,TPAC,TFK,entity,5,100.0,Goal,Root/div/carrier/director/caterer/entity,PREM_FB_NSAT/OBS/ML/International/TFK/TPAC,1,No
PREM_FB_NSAT,D1,TPAC,cabin,6,100.0,Goal,Root/div/carrier/director/caterer/entity/cabin,PREM_FB_NSAT/OBS/ML/International/TFK/TPAC/D1,0,Yes
PREM_FB_NSAT,D,International,dom_int,4,8.75,Goal,Root/div/carrier/director/dom_int,PREM_FB_NSAT/OBS/ML/International/D,1,No
PREM_FB_NSAT,FC,D,cabin,5,100.0,Goal,Root/div/carrier/director/dom_int/cabin,PREM_FB_NSAT/OBS/ML/International/D/FC,1,No
PREM_FB_NSAT,Bev,FC,variant,6,100.0,Goal,Root/div/carrier/director/dom_int/cabin/variant,PREM_FB_NSAT/OBS/ML/International/D/FC/Bev,0,Yes
PREM_FB_NSAT,TATL,International,entity,4,4.45,Goal,Root/div/carrier/director/entity,PREM_FB_NSAT/OBS/ML/International/TATL,1,No
PREM_FB_NSAT,D1,TATL,cabin,5,100.0,Goal,Root/div/carrier/director/entity/cabin,PREM_FB_NSAT/OBS/ML/International/TATL/D1,0,Yes
PREM_FB_NSAT,TPAC,International,entity,4,2.38,Goal,Root/div/carrier/director/entity,PREM_FB_NSAT/OBS/ML/International/TPAC,1,No
PREM_FB_NSAT,D1,TPAC,cabin,5,100.0,Goal,Root/div/carrier/director/entity/cabin,PREM_FB_NSAT/OBS/ML/International/TPAC/D1,0,Yes
PREM_FB_NSAT,Northeast_Hubs,ML,director,3,0.2,Goal,Root/div/carrier/director,PREM_FB_NSAT/OBS/ML/Northeast_Hubs,13,No
PREM_FB_NSAT,ABM,Northeast_Hubs,caterer,4,16.47,Goal,Root/div/carrier/director/caterer,PREM_FB_NSAT/OBS/ML/Northeast_Hubs/ABM,2,No
PREM_FB_NSAT,TATL,ABM,entity,5,52.27,Goal,Root/div/carrier/director/caterer/entity,PREM_FB_NSAT/OBS/ML/Northeast_Hubs/ABM/TATL,1,No
PREM_FB_NSAT,D1,TATL,cabin,6,100.0,Goal,Root/div/carrier/director/caterer/entity/cabin,PREM_FB_NSAT/OBS/ML/Northeast_Hubs/ABM/TATL/D1,0,Yes
PREM_FB_NSAT,ABM,ABM,kitchen,5,47.73,Goal,Root/div/carrier/director/caterer/kitchen,PREM_FB_NSAT/OBS/ML/Northeast_Hubs/ABM/ABM,1,No
PREM_FB_NSAT,D,ABM,dom_int,6,100.0,Goal,Root/div/carrier/director/caterer/kitchen/dom_int,PREM_FB_NSAT/OBS/ML/Northeast_Hubs/ABM/ABM/D,1,No
PREM_FB_NSAT,FC,D,cabin,7,100.0,Goal,Root/div/carrier/director/caterer/kitchen/dom_int/cabin,PREM_FB_NSAT/OBS/ML/Northeast_Hubs/ABM/ABM/D/FC,2,No
PREM_FB_NSAT,Bev,FC,variant,8,7.05,Goal,Root/div/carrier/director/caterer/kitchen/dom_int/cabin/variant,PREM_FB_NSAT/OBS/ML/Northeast_Hubs/ABM/ABM/D/FC/Bev,0,Yes
PREM_FB_NSAT,Meal,FC,variant,8,92.95,Goal,Root/div/carrier/director/caterer/kitchen/dom_int/cabin/variant,PREM_FB_NSAT/OBS/ML/Northeast_Hubs/ABM/ABM/D/FC/Meal,0,Yes
PREM_FB_NSAT,DOCO,Northeast_Hubs,caterer,4,16.95,Goal,Root/div/carrier/director/caterer,PREM_FB_NSAT/OBS/ML/Northeast_Hubs/DOCO,5,No
PREM_FB_NSAT,TATL,DOCO,entity,5,26.97,Goal,Root/div/carrier/director/caterer/entity,PREM_FB_NSAT/OBS/ML/Northeast_Hubs/DOCO/TATL,1,No
PREM_FB_NSAT,D1,TATL,cabin,6,100.0,Goal,Root/div/carrier/director/caterer/entity/cabin,PREM_FB_NSAT/OBS/ML/Northeast_Hubs/DOCO/TATL/D1,0,Yes
PREM_FB_NSAT,TPAC,DOCO,entity,5,8.12,Goal,Root/div/carrier/director/caterer/entity,PREM_FB_NSAT/OBS/ML/Northeast_Hubs/DOCO/TPAC,1,No
PREM_FB_NSAT,D1,TPAC,cabin,6,100.0,Goal,Root/div/carrier/director/caterer/entity/cabin,PREM_FB_NSAT/OBS/ML/Northeast_Hubs/DOCO/TPAC/D1,0,Yes
PREM_FB_NSAT,DOCO,DOCO,kitchen,5,17.67,Goal,Root/div/carrier/director/caterer/kitchen,PREM_FB_NSAT/OBS/ML/Northeast_Hubs/DOCO/DOCO,1,No
PREM_FB_NSAT,D,DOCO,dom_int,6,100.0,Goal,Root/div/carrier/director/caterer/kitchen/dom_int,PREM_FB_NSAT/OBS/ML/Northeast_Hubs/DOCO/DOCO/D,1,No
PREM_FB_NSAT,FC,D,cabin,7,100.0,Goal,Root/div/carrier/director/caterer/kitchen/dom_int/cabin,PREM_FB_NSAT/OBS/ML/Northeast_Hubs/DOCO/DOCO/D/FC,2,No
PREM_FB_NSAT,Bev,FC,variant,8,44.95,Goal,Root/div/carrier/director/caterer/kitchen/dom_int/cabin/variant,PREM_FB_NSAT/OBS/ML/Northeast_Hubs/DOCO/DOCO/D/FC/Bev,0,Yes
PREM_FB_NSAT,Meal,FC,variant,8,55.05,Goal,Root/div/carrier/director/caterer/kitchen/dom_int/cabin/variant,PREM_FB_NSAT/OBS/ML/Northeast_Hubs/DOCO/DOCO/D/FC/Meal,0,Yes
PREM_FB_NSAT,DOCO_Comm,DOCO,kitchen,5,20.05,Goal,Root/div/carrier/director/caterer/kitchen,PREM_FB_NSAT/OBS/ML/Northeast_Hubs/DOCO/DOCO_Comm,1,No
PREM_FB_NSAT,D,DOCO_Comm,dom_int,6,100.0,Goal,Root/div/carrier/director/caterer/kitchen/dom_int,PREM_FB_NSAT/OBS/ML/Northeast_Hubs/DOCO/DOCO_Comm/D,1,No
PREM_FB_NSAT,FC,D,cabin,7,100.0,Goal,Root/div/carrier/director/caterer/kitchen/dom_int/cabin,PREM_FB_NSAT/OBS/ML/Northeast_Hubs/DOCO/DOCO_Comm/D/FC,2,No
PREM_FB_NSAT,Bev,FC,variant,8,55.74,Goal,Root/div/carrier/director/caterer/kitchen/dom_int/cabin/variant,PREM_FB_NSAT/OBS/ML/Northeast_Hubs/DOCO/DOCO_Comm/D/FC/Bev,0,Yes
PREM_FB_NSAT,Meal,FC,variant,8,44.26,Goal,Root/div/carrier/director/caterer/kitchen/dom_int/cabin/variant,PREM_FB_NSAT/OBS/ML/Northeast_Hubs/DOCO/DOCO_Comm/D/FC/Meal,0,Yes
PREM_FB_NSAT,DOCO_JFK,DOCO,kitchen,5,27.19,Goal,Root/div/carrier/director/caterer/kitchen,PREM_FB_NSAT/OBS/ML/Northeast_Hubs/DOCO/DOCO_JFK,1,No
PREM_FB_NSAT,D,DOCO_JFK,dom_int,6,100.0,Goal,Root/div/carrier/director/caterer/kitchen/dom_int,PREM_FB_NSAT/OBS/ML/Northeast_Hubs/DOCO/DOCO_JFK/D,1,No
PREM_FB_NSAT,FC,D,cabin,7,100.0,Goal,Root/div/carrier/director/caterer/kitchen/dom_int/cabin,PREM_FB_NSAT/OBS/ML/Northeast_Hubs/DOCO/DOCO_JFK/D/FC,2,No
PREM_FB_NSAT,Bev,FC,variant,8,25.59,Goal,Root/div/carrier/director/caterer/kitchen/dom_int/cabin/variant,PREM_FB_NSAT/OBS/ML/Northeast_Hubs/DOCO/DOCO_JFK/D/FC/Bev,0,Yes
PREM_FB_NSAT,Meal,FC,variant,8,74.41,Goal,Root/div/carrier/director/caterer/kitchen/dom_int/cabin/variant,PREM_FB_NSAT/OBS/ML/Northeast_Hubs/DOCO/DOCO_JFK/D/FC/Meal,0,Yes
PREM_FB_NSAT,JFK-LSG,Northeast_Hubs,caterer,4,3.72,Goal,Root/div/carrier/director/caterer,PREM_FB_NSAT/OBS/ML/Northeast_Hubs/JFK-LSG,1,No
PREM_FB_NSAT,TATL,JFK-LSG,entity,5,100.0,Goal,Root/div/carrier/director/caterer/entity,PREM_FB_NSAT/OBS/ML/Northeast_Hubs/JFK-LSG/TATL,1,No
PREM_FB_NSAT,D1,TATL,cabin,6,100.0,Goal,Root/div/carrier/director/caterer/entity/cabin,PREM_FB_NSAT/OBS/ML/Northeast_Hubs/JFK-LSG/TATL/D1,0,Yes
PREM_FB_NSAT,LSG,Northeast_Hubs,caterer,4,9.44,Goal,Root/div/carrier/director/caterer,PREM_FB_NSAT/OBS/ML/Northeast_Hubs/LSG,3,No
PREM_FB_NSAT,TATL,LSG,entity,5,13.61,Goal,Root/div/carrier/director/caterer/entity,PREM_FB_NSAT/OBS/ML/Northeast_Hubs/LSG/TATL,1,No
PREM_FB_NSAT,D1,TATL,cabin,6,100.0,Goal,Root/div/carrier/director/caterer/entity/cabin,PREM_FB_NSAT/OBS/ML/Northeast_Hubs/LSG/TATL/D1,0,Yes
PREM_FB_NSAT,DOCO,LSG,kitchen,5,29.86,Goal,Root/div/carrier/director/caterer/kitchen,PREM_FB_NSAT/OBS/ML/Northeast_Hubs/LSG/DOCO,1,No
PREM_FB_NSAT,D,DOCO,dom_int,6,100.0,Goal,Root/div/carrier/director/caterer/kitchen/dom_int,PREM_FB_NSAT/OBS/ML/Northeast_Hubs/LSG/DOCO/D,1,No
PREM_FB_NSAT,FC,D,cabin,7,100.0,Goal,Root/div/carrier/director/caterer/kitchen/dom_int/cabin,PREM_FB_NSAT/OBS/ML/Northeast_Hubs/LSG/DOCO/D/FC,2,No
PREM_FB_NSAT,Bev,FC,variant,8,53.27,Goal,Root/div/carrier/director/caterer/kitchen/dom_int/cabin/variant,PREM_FB_NSAT/OBS/ML/Northeast_Hubs/LSG/DOCO/D/FC/Bev,0,Yes
PREM_FB_NSAT,Meal,FC,variant,8,46.73,Goal,Root/div/carrier/director/caterer/kitchen/dom_int/cabin/variant,PREM_FB_NSAT/OBS/ML/Northeast_Hubs/LSG/DOCO/D/FC/Meal,0,Yes
PREM_FB_NSAT,LSG,LSG,kitchen,5,56.53,Goal,Root/div/carrier/director/caterer/kitchen,PREM_FB_NSAT/OBS/ML/Northeast_Hubs/LSG/LSG,1,No
PREM_FB_NSAT,D,LSG,dom_int,6,100.0,Goal,Root/div/carrier/director/caterer/kitchen/dom_int,PREM_FB_NSAT/OBS/ML/Northeast_Hubs/LSG/LSG/D,1,No
PREM_FB_NSAT,FC,D,cabin,7,100.0,Goal,Root/div/carrier/director/caterer/kitchen/dom_int/cabin,PREM_FB_NSAT/OBS/ML/Northeast_Hubs/LSG/LSG/D/FC,2,No
PREM_FB_NSAT,Bev,FC,variant,8,28.03,Goal,Root/div/carrier/director/caterer/kitchen/dom_int/cabin/variant,PREM_FB_NSAT/OBS/ML/Northeast_Hubs/LSG/LSG/D/FC/Bev,0,Yes
PREM_FB_NSAT,Meal,FC,variant,8,71.97,Goal,Root/div/carrier/director/caterer/kitchen/dom_int/cabin/variant,PREM_FB_NSAT/OBS/ML/Northeast_Hubs/LSG/LSG/D/FC/Meal,0,Yes
PREM_FB_NSAT,DGS,Northeast_Hubs,caterer,4,2.22,Goal,Root/div/carrier/director/caterer,PREM_FB_NSAT/OBS/ML/Northeast_Hubs/DGS,1,No
PREM_FB_NSAT,DOCO,DGS,kitchen,5,100.0,Goal,Root/div/carrier/director/caterer/kitchen,PREM_FB_NSAT/OBS/ML/Northeast_Hubs/DGS/DOCO,1,No
PREM_FB_NSAT,D,DOCO,dom_int,6,100.0,Goal,Root/div/carrier/director/caterer/kitchen/dom_int,PREM_FB_NSAT/OBS/ML/Northeast_Hubs/DGS/DOCO/D,1,No
PREM_FB_NSAT,FC,D,cabin,7,100.0,Goal,Root/div/carrier/director/caterer/kitchen/dom_int/cabin,PREM_FB_NSAT/OBS/ML/Northeast_Hubs/DGS/DOCO/D/FC,1,No
PREM_FB_NSAT,Bev,FC,variant,8,100.0,Goal,Root/div/carrier/director/caterer/kitchen/dom_int/cabin/variant,PREM_FB_NSAT/OBS/ML/Northeast_Hubs/DGS/DOCO/D/FC/Bev,0,Yes
PREM_FB_NSAT,FlyFoodGrp,Northeast_Hubs,caterer,4,4.58,Goal,Root/div/carrier/director/caterer,PREM_FB_NSAT/OBS/ML/Northeast_Hubs/FlyFoodGrp,1,No
PREM_FB_NSAT,DOCO,FlyFoodGrp,kitchen,5,100.0,Goal,Root/div/carrier/director/caterer/kitchen,PREM_FB_NSAT/OBS/ML/Northeast_Hubs/FlyFoodGrp/DOCO,1,No
PREM_FB_NSAT,D,DOCO,dom_int,6,100.0,Goal,Root/div/carrier/director/caterer/kitchen/dom_int,PREM_FB_NSAT/OBS/ML/Northeast_Hubs/FlyFoodGrp/DOCO/D,1,No
PREM_FB_NSAT,FC,D,cabin,7,100.0,Goal,Root/div/carrier/director/caterer/kitchen/dom_int/cabin,PREM_FB_NSAT/OBS/ML/Northeast_Hubs/FlyFoodGrp/DOCO/D/FC,1,No
PREM_FB_NSAT,Bev,FC,variant,8,100.0,Goal,Root/div/carrier/director/caterer/kitchen/dom_int/cabin/variant,PREM_FB_NSAT/OBS/ML/Northeast_Hubs/FlyFoodGrp/DOCO/D/FC/Bev,0,Yes
PREM_FB_NSAT,GG,Northeast_Hubs,caterer,4,4.75,Goal,Root/div/carrier/director/caterer,PREM_FB_NSAT/OBS/ML/Northeast_Hubs/GG,2,No
PREM_FB_NSAT,DOCO,GG,kitchen,5,85.73,Goal,Root/div/carrier/director/caterer/kitchen,PREM_FB_NSAT/OBS/ML/Northeast_Hubs/GG/DOCO,1,No
PREM_FB_NSAT,D,DOCO,dom_int,6,100.0,Goal,Root/div/carrier/director/caterer/kitchen/dom_int,PREM_FB_NSAT/OBS/ML/Northeast_Hubs/GG/DOCO/D,1,No
PREM_FB_NSAT,FC,D,cabin,7,100.0,Goal,Root/div/carrier/director/caterer/kitchen/dom_int/cabin,PREM_FB_NSAT/OBS/ML/Northeast_Hubs/GG/DOCO/D/FC,2,No
PREM_FB_NSAT,Bev,FC,variant,8,43.74,Goal,Root/div/carrier/director/caterer/kitchen/dom_int/cabin/variant,PREM_FB_NSAT/OBS/ML/Northeast_Hubs/GG/DOCO/D/FC/Bev,0,Yes
PREM_FB_NSAT,Meal,FC,variant,8,56.26,Goal,Root/div/carrier/director/caterer/kitchen/dom_int/cabin/variant,PREM_FB_NSAT/OBS/ML/Northeast_Hubs/GG/DOCO/D/FC/Meal,0,Yes
PREM_FB_NSAT,GGI,GG,kitchen,5,14.27,Goal,Root/div/carrier/director/caterer/kitchen,PREM_FB_NSAT/OBS/ML/Northeast_Hubs/GG/GGI,1,No
PREM_FB_NSAT,D,GGI,dom_int,6,100.0,Goal,Root/div/carrier/director/caterer/kitchen/dom_int,PREM_FB_NSAT/OBS/ML/Northeast_Hubs/GG/GGI/D,1,No
PREM_FB_NSAT,FC,D,cabin,7,100.0,Goal,Root/div/carrier/director/caterer/kitchen/dom_int/cabin,PREM_FB_NSAT/OBS/ML/Northeast_Hubs/GG/GGI/D/FC,2,No
PREM_FB_NSAT,Bev,FC,variant,8,50.96,Goal,Root/div/carrier/director/caterer/kitchen/dom_int/cabin/variant,PREM_FB_NSAT/OBS/ML/Northeast_Hubs/GG/GGI/D/FC/Bev,0,Yes
PREM_FB_NSAT,Meal,FC,variant,8,49.04,Goal,Root/div/carrier/director/caterer/kitchen/dom_int/cabin/variant,PREM_FB_NSAT/OBS/ML/Northeast_Hubs/GG/GGI/D/FC/Meal,0,Yes
PREM_FB_NSAT,HMS,Northeast_Hubs,caterer,4,6.64,Goal,Root/div/carrier/director/caterer,PREM_FB_NSAT/OBS/ML/Northeast_Hubs/HMS,1,No
PREM_FB_NSAT,DOCO,HMS,kitchen,5,100.0,Goal,Root/div/carrier/director/caterer/kitchen,PREM_FB_NSAT/OBS/ML/Northeast_Hubs/HMS/DOCO,1,No
PREM_FB_NSAT,D,DOCO,dom_int,6,100.0,Goal,Root/div/carrier/director/caterer/kitchen/dom_int,PREM_FB_NSAT/OBS/ML/Northeast_Hubs/HMS/DOCO/D,1,No
PREM_FB_NSAT,FC,D,cabin,7,100.0,Goal,Root/div/carrier/director/caterer/kitchen/dom_int/cabin,PREM_FB_NSAT/OBS/ML/Northeast_Hubs/HMS/DOCO/D/FC,1,No
PREM_FB_NSAT,Meal,FC,variant,8,100.0,Goal,Root/div/carrier/director/caterer/kitchen/dom_int/cabin/variant,PREM_FB_NSAT/OBS/ML/Northeast_Hubs/HMS/DOCO/D/FC/Meal,0,Yes
PREM_FB_NSAT,Newrest,Northeast_Hubs,caterer,4,9.43,Goal,Root/div/carrier/director/caterer,PREM_FB_NSAT/OBS/ML/Northeast_Hubs/Newrest,1,No
PREM_FB_NSAT,DOCO,Newrest,kitchen,5,100.0,Goal,Root/div/carrier/director/caterer/kitchen,PREM_FB_NSAT/OBS/ML/Northeast_Hubs/Newrest/DOCO,1,No
PREM_FB_NSAT,D,DOCO,dom_int,6,100.0,Goal,Root/div/carrier/director/caterer/kitchen/dom_int,PREM_FB_NSAT/OBS/ML/Northeast_Hubs/Newrest/DOCO/D,1,No
PREM_FB_NSAT,FC,D,cabin,7,100.0,Goal,Root/div/carrier/director/caterer/kitchen/dom_int/cabin,PREM_FB_NSAT/OBS/ML/Northeast_Hubs/Newrest/DOCO/D/FC,2,No
PREM_FB_NSAT,Bev,FC,variant,8,30.11,Goal,Root/div/carrier/director/caterer/kitchen/dom_int/cabin/variant,PREM_FB_NSAT/OBS/ML/Northeast_Hubs/Newrest/DOCO/D/FC/Bev,0,Yes
PREM_FB_NSAT,Meal,FC,variant,8,69.89,Goal,Root/div/carrier/director/caterer/kitchen/dom_int/cabin/variant,PREM_FB_NSAT/OBS/ML/Northeast_Hubs/Newrest/DOCO/D/FC/Meal,0,Yes
PREM_FB_NSAT,ShanghaiEa,Northeast_Hubs,caterer,4,10.2,Goal,Root/div/carrier/director/caterer,PREM_FB_NSAT/OBS/ML/Northeast_Hubs/ShanghaiEa,1,No
PREM_FB_NSAT,DOCO,ShanghaiEa,kitchen,5,100.0,Goal,Root/div/carrier/director/caterer/kitchen,PREM_FB_NSAT/OBS/ML/Northeast_Hubs/ShanghaiEa/DOCO,1,No
PREM_FB_NSAT,D,DOCO,dom_int,6,100.0,Goal,Root/div/carrier/director/caterer/kitchen/dom_int,PREM_FB_NSAT/OBS/ML/Northeast_Hubs/ShanghaiEa/DOCO/D,1,No
PREM_FB_NSAT,FC,D,cabin,7,100.0,Goal,Root/div/carrier/director/caterer/kitchen/dom_int/cabin,PREM_FB_NSAT/OBS/ML/Northeast_Hubs/ShanghaiEa/DOCO/D/FC,1,No
PREM_FB_NSAT,Bev,FC,variant,8,100.0,Goal,Root/div/carrier/director/caterer/kitchen/dom_int/cabin/variant,PREM_FB_NSAT/OBS/ML/Northeast_Hubs/ShanghaiEa/DOCO/D/FC/Bev,0,Yes
PREM_FB_NSAT,D,Northeast_Hubs,dom_int,4,6.36,Goal,Root/div/carrier/director/dom_int,PREM_FB_NSAT/OBS/ML/Northeast_Hubs/D,1,No
PREM_FB_NSAT,FC,D,cabin,5,100.0,Goal,Root/div/carrier/director/dom_int/cabin,PREM_FB_NSAT/OBS/ML/Northeast_Hubs/D/FC,2,No
PREM_FB_NSAT,Bev,FC,variant,6,76.84,Goal,Root/div/carrier/director/dom_int/cabin/variant,PREM_FB_NSAT/OBS/ML/Northeast_Hubs/D/FC/Bev,0,Yes
PREM_FB_NSAT,Meal,FC,variant,6,23.16,Goal,Root/div/carrier/director/dom_int/cabin/variant,PREM_FB_NSAT/OBS/ML/Northeast_Hubs/D/FC/Meal,0,Yes
PREM_FB_NSAT,TATL,Northeast_Hubs,entity,4,1.29,Goal,Root/div/carrier/director/entity,PREM_FB_NSAT/OBS/ML/Northeast_Hubs/TATL,1,No
PREM_FB_NSAT,D1,TATL,cabin,5,100.0,Goal,Root/div/carrier/director/entity/cabin,PREM_FB_NSAT/OBS/ML/Northeast_Hubs/TATL/D1,0,Yes
PREM_FB_NSAT,TPAC,Northeast_Hubs,entity,4,7.95,Goal,Root/div/carrier/director/entity,PREM_FB_NSAT/OBS/ML/Northeast_Hubs/TPAC,1,No
PREM_FB_NSAT,D1,TPAC,cabin,5,100.0,Goal,Root/div/carrier/director/entity/cabin,PREM_FB_NSAT/OBS/ML/Northeast_Hubs/TPAC/D1,0,Yes
PREM_FB_NSAT,T2_East,ML,director,3,0.89,Goal,Root/div/carrier/director,PREM_FB_NSAT/OBS/ML/T2_East,11,No
PREM_FB_NSAT,GG,T2_East,caterer,4,7.78,Goal,Root/div/carrier/director/caterer,PREM_FB_NSAT/OBS/ML/T2_East/GG,5,No
PREM_FB_NSAT,TATL,GG,entity,5,26.19,Goal,Root/div/carrier/director/caterer/entity,PREM_FB_NSAT/OBS/ML/T2_East/GG/TATL,1,No
PREM_FB_NSAT,D1,TATL,cabin,6,100.0,Goal,Root/div/carrier/director/caterer/entity/cabin,PREM_FB_NSAT/OBS/ML/T2_East/GG/TATL/D1,0,Yes
PREM_FB_NSAT,dnata,GG,kitchen,5,9.66,Goal,Root/div/carrier/director/caterer/kitchen,PREM_FB_NSAT/OBS/ML/T2_East/GG/dnata,1,No
PREM_FB_NSAT,D,dnata,dom_int,6,100.0,Goal,Root/div/carrier/director/caterer/kitchen/dom_int,PREM_FB_NSAT/OBS/ML/T2_East/GG/dnata/D,1,No
PREM_FB_NSAT,FC,D,cabin,7,100.0,Goal,Root/div/carrier/director/caterer/kitchen/dom_int/cabin,PREM_FB_NSAT/OBS/ML/T2_East/GG/dnata/D/FC,1,No
PREM_FB_NSAT,Bev,FC,variant,8,100.0,Goal,Root/div/carrier/director/caterer/kitchen/dom_int/cabin/variant,PREM_FB_NSAT/OBS/ML/T2_East/GG/dnata/D/FC/Bev,0,Yes
PREM_FB_NSAT,GGI,GG,kitchen,5,23.81,Goal,Root/div/carrier/director/caterer/kitchen,PREM_FB_NSAT/OBS/ML/T2_East/GG/GGI,1,No
PREM_FB_NSAT,D,GGI,dom_int,6,100.0,Goal,Root/div/carrier/director/caterer/kitchen/dom_int,PREM_FB_NSAT/OBS/ML/T2_East/GG/GGI/D,1,No
PREM_FB_NSAT,FC,D,cabin,7,100.0,Goal,Root/div/carrier/director/caterer/kitchen/dom_int/cabin,PREM_FB_NSAT/OBS/ML/T2_East/GG/GGI/D/FC,2,No
PREM_FB_NSAT,Bev,FC,variant,8,97.5,Goal,Root/div/carrier/director/caterer/kitchen/dom_int/cabin/variant,PREM_FB_NSAT/OBS/ML/T2_East/GG/GGI/D/FC/Bev,0,Yes
PREM_FB_NSAT,Meal,FC,variant,8,2.5,Goal,Root/div/carrier/director/caterer/kitchen/dom_int/cabin/variant,PREM_FB_NSAT/OBS/ML/T2_East/GG/GGI/D/FC/Meal,0,Yes
PREM_FB_NSAT,LSG,GG,kitchen,5,18.63,Goal,Root/div/carrier/director/caterer/kitchen,PREM_FB_NSAT/OBS/ML/T2_East/GG/LSG,1,No
PREM_FB_NSAT,D,LSG,dom_int,6,100.0,Goal,Root/div/carrier/director/caterer/kitchen/dom_int,PREM_FB_NSAT/OBS/ML/T2_East/GG/LSG/D,1,No
PREM_FB_NSAT,FC,D,cabin,7,100.0,Goal,Root/div/carrier/director/caterer/kitchen/dom_int/cabin,PREM_FB_NSAT/OBS/ML/T2_East/GG/LSG/D/FC,1,No
PREM_FB_NSAT,Bev,FC,variant,8,100.0,Goal,Root/div/carrier/director/caterer/kitchen/dom_int/cabin/variant,PREM_FB_NSAT/OBS/ML/T2_East/GG/LSG/D/FC/Bev,0,Yes
PREM_FB_NSAT,Newrest_US,GG,kitchen,5,21.71,Goal,Root/div/carrier/director/caterer/kitchen,PREM_FB_NSAT/OBS/ML/T2_East/GG/Newrest_US,1,No
PREM_FB_NSAT,D,Newrest_US,dom_int,6,100.0,Goal,Root/div/carrier/director/caterer/kitchen/dom_int,PREM_FB_NSAT/OBS/ML/T2_East/GG/Newrest_US/D,1,No
PREM_FB_NSAT,FC,D,cabin,7,100.0,Goal,Root/div/carrier/director/caterer/kitchen/dom_int/cabin,PREM_FB_NSAT/OBS/ML/T2_East/GG/Newrest_US/D/FC,1,No
PREM_FB_NSAT,Bev,FC,variant,8,100.0,Goal,Root/div/carrier/director/caterer/kitchen/dom_int/cabin/variant,PREM_FB_NSAT/OBS/ML/T2_East/GG/Newrest_US/D/FC/Bev,0,Yes
PREM_FB_NSAT,LSG,T2_East,caterer,4,23.64,Goal,Root/div/carrier/director/caterer,PREM_FB_NSAT/OBS/ML/T2_East/LSG,6,No
PREM_FB_NSAT,TATL,LSG,entity,5,4.27,Goal,Root/div/carrier/director/caterer/entity,PREM_FB_NSAT/OBS/ML/T2_East/LSG/TATL,1,No
PREM_FB_NSAT,D1,TATL,cabin,6,100.0,Goal,Root/div/carrier/director/caterer/entity/cabin,PREM_FB_NSAT/OBS/ML/T2_East/LSG/TATL/D1,0,Yes
PREM_FB_NSAT,DOCO_MIA,LSG,kitchen,5,10.76,Goal,Root/div/carrier/director/caterer/kitchen,PREM_FB_NSAT/OBS/ML/T2_East/LSG/DOCO_MIA,1,No
PREM_FB_NSAT,D,DOCO_MIA,dom_int,6,100.0,Goal,Root/div/carrier/director/caterer/kitchen/dom_int,PREM_FB_NSAT/OBS/ML/T2_East/LSG/DOCO_MIA/D,1,No
PREM_FB_NSAT,FC,D,cabin,7,100.0,Goal,Root/div/carrier/director/caterer/kitchen/dom_int/cabin,PREM_FB_NSAT/OBS/ML/T2_East/LSG/DOCO_MIA/D/FC,1,No
PREM_FB_NSAT,Bev,FC,variant,8,100.0,Goal,Root/div/carrier/director/caterer/kitchen/dom_int/cabin/variant,PREM_FB_NSAT/OBS/ML/T2_East/LSG/DOCO_MIA/D/FC/Bev,0,Yes
PREM_FB_NSAT,FlyFoodGrp,LSG,kitchen,5,26.86,Goal,Root/div/carrier/director/caterer/kitchen,PREM_FB_NSAT/OBS/ML/T2_East/LSG/FlyFoodGrp,1,No
PREM_FB_NSAT,D,FlyFoodGrp,dom_int,6,100.0,Goal,Root/div/carrier/director/caterer/kitchen/dom_int,PREM_FB_NSAT/OBS/ML/T2_East/LSG/FlyFoodGrp/D,1,No
PREM_FB_NSAT,FC,D,cabin,7,100.0,Goal,Root/div/carrier/director/caterer/kitchen/dom_int/cabin,PREM_FB_NSAT/OBS/ML/T2_East/LSG/FlyFoodGrp/D/FC,1,No
PREM_FB_NSAT,Bev,FC,variant,8,100.0,Goal,Root/div/carrier/director/caterer/kitchen/dom_int/cabin/variant,PREM_FB_NSAT/OBS/ML/T2_East/LSG/FlyFoodGrp/D/FC/Bev,0,Yes
PREM_FB_NSAT,GGI,LSG,kitchen,5,16.18,Goal,Root/div/carrier/director/caterer/kitchen,PREM_FB_NSAT/OBS/ML/T2_East/LSG/GGI,1,No
PREM_FB_NSAT,D,GGI,dom_int,6,100.0,Goal,Root/div/carrier/director/caterer/kitchen/dom_int,PREM_FB_NSAT/OBS/ML/T2_East/LSG/GGI/D,1,No
PREM_FB_NSAT,FC,D,cabin,7,100.0,Goal,Root/div/carrier/director/caterer/kitchen/dom_int/cabin,PREM_FB_NSAT/OBS/ML/T2_East/LSG/GGI/D/FC,1,No
PREM_FB_NSAT,Bev,FC,variant,8,100.0,Goal,Root/div/carrier/director/caterer/kitchen/dom_int/cabin/variant,PREM_FB_NSAT/OBS/ML/T2_East/LSG/GGI/D/FC/Bev,0,Yes
PREM_FB_NSAT,LSG,LSG,kitchen,5,26.86,Goal,Root/div/carrier/director/caterer/kitchen,PREM_FB_NSAT/OBS/ML/T2_East/LSG/LSG,1,No
PREM_FB_NSAT,D,LSG,dom_int,6,100.0,Goal,Root/div/carrier/director/caterer/kitchen/dom_int,PREM_FB_NSAT/OBS/ML/T2_East/LSG/LSG/D,1,No
PREM_FB_NSAT,FC,D,cabin,7,100.0,Goal,Root/div/carrier/director/caterer/kitchen/dom_int/cabin,PREM_FB_NSAT/OBS/ML/T2_East/LSG/LSG/D/FC,2,No
PREM_FB_NSAT,Bev,FC,variant,8,62.99,Goal,Root/div/carrier/director/caterer/kitchen/dom_int/cabin/variant,PREM_FB_NSAT/OBS/ML/T2_East/LSG/LSG/D/FC/Bev,0,Yes
PREM_FB_NSAT,Meal,FC,variant,8,37.01,Goal,Root/div/carrier/director/caterer/kitchen/dom_int/cabin/variant,PREM_FB_NSAT/OBS/ML/T2_East/LSG/LSG/D/FC/Meal,0,Yes
PREM_FB_NSAT,Newrest_US,LSG,kitchen,5,15.07,Goal,Root/div/carrier/director/caterer/kitchen,PREM_FB_NSAT/OBS/ML/T2_East/LSG/Newrest_US,1,No
PREM_FB_NSAT,D,Newrest_US,dom_int,6,100.0,Goal,Root/div/carrier/director/caterer/kitchen/dom_int,PREM_FB_NSAT/OBS/ML/T2_East/LSG/Newrest_US/D,1,No
PREM_FB_NSAT,FC,D,cabin,7,100.0,Goal,Root/div/carrier/director/caterer/kitchen/dom_int/cabin,PREM_FB_NSAT/OBS/ML/T2_East/LSG/Newrest_US/D/FC,1,No
PREM_FB_NSAT,Bev,FC,variant,8,100.0,Goal,Root/div/carrier/director/caterer/kitchen/dom_int/cabin/variant,PREM_FB_NSAT/OBS/ML/T2_East/LSG/Newrest_US/D/FC/Bev,0,Yes
PREM_FB_NSAT,Newrest,T2_East,caterer,4,4.43,Goal,Root/div/carrier/director/caterer,PREM_FB_NSAT/OBS/ML/T2_East/Newrest,7,No
PREM_FB_NSAT,TATL,Newrest,entity,5,10.18,Goal,Root/div/carrier/director/caterer/entity,PREM_FB_NSAT/OBS/ML/T2_East/Newrest/TATL,1,No
PREM_FB_NSAT,D1,TATL,cabin,6,100.0,Goal,Root/div/carrier/director/caterer/entity/cabin,PREM_FB_NSAT/OBS/ML/T2_East/Newrest/TATL/D1,0,Yes
PREM_FB_NSAT,dnata,Newrest,kitchen,5,6.86,Goal,Root/div/carrier/director/caterer/kitchen,PREM_FB_NSAT/OBS/ML/T2_East/Newrest/dnata,1,No
PREM_FB_NSAT,D,dnata,dom_int,6,100.0,Goal,Root/div/carrier/director/caterer/kitchen/dom_int,PREM_FB_NSAT/OBS/ML/T2_East/Newrest/dnata/D,1,No
PREM_FB_NSAT,FC,D,cabin,7,100.0,Goal,Root/div/carrier/director/caterer/kitchen/dom_int/cabin,PREM_FB_NSAT/OBS/ML/T2_East/Newrest/dnata/D/FC,2,No
PREM_FB_NSAT,Bev,FC,variant,8,22.84,Goal,Root/div/carrier/director/caterer/kitchen/dom_int/cabin/variant,PREM_FB_NSAT/OBS/ML/T2_East/Newrest/dnata/D/FC/Bev,0,Yes
PREM_FB_NSAT,Meal,FC,variant,8,77.16,Goal,Root/div/carrier/director/caterer/kitchen/dom_int/cabin/variant,PREM_FB_NSAT/OBS/ML/T2_East/Newrest/dnata/D/FC/Meal,0,Yes
PREM_FB_NSAT,DOCO_MIA,Newrest,kitchen,5,22.83,Goal,Root/div/carrier/director/caterer/kitchen,PREM_FB_NSAT/OBS/ML/T2_East/Newrest/DOCO_MIA,1,No
PREM_FB_NSAT,D,DOCO_MIA,dom_int,6,100.0,Goal,Root/div/carrier/director/caterer/kitchen/dom_int,PREM_FB_NSAT/OBS/ML/T2_East/Newrest/DOCO_MIA/D,1,No
PREM_FB_NSAT,FC,D,cabin,7,100.0,Goal,Root/div/carrier/director/caterer/kitchen/dom_int/cabin,PREM_FB_NSAT/OBS/ML/T2_East/Newrest/DOCO_MIA/D/FC,1,No
PREM_FB_NSAT,Bev,FC,variant,8,100.0,Goal,Root/div/carrier/director/caterer/kitchen/dom_int/cabin/variant,PREM_FB_NSAT/OBS/ML/T2_East/Newrest/DOCO_MIA/D/FC/Bev,0,Yes
PREM_FB_NSAT,FlyFoodGrp,Newrest,kitchen,5,14.23,Goal,Root/div/carrier/director/caterer/kitchen,PREM_FB_NSAT/OBS/ML/T2_East/Newrest/FlyFoodGrp,1,No
PREM_FB_NSAT,D,FlyFoodGrp,dom_int,6,100.0,Goal,Root/div/carrier/director/caterer/kitchen/dom_int,PREM_FB_NSAT/OBS/ML/T2_East/Newrest/FlyFoodGrp/D,1,No
PREM_FB_NSAT,FC,D,cabin,7,100.0,Goal,Root/div/carrier/director/caterer/kitchen/dom_int/cabin,PREM_FB_NSAT/OBS/ML/T2_East/Newrest/FlyFoodGrp/D/FC,1,No
PREM_FB_NSAT,Bev,FC,variant,8,100.0,Goal,Root/div/carrier/director/caterer/kitchen/dom_int/cabin/variant,PREM_FB_NSAT/OBS/ML/T2_East/Newrest/FlyFoodGrp/D/FC/Bev,0,Yes
PREM_FB_NSAT,GGI,Newrest,kitchen,5,18.77,Goal,Root/div/carrier/director/caterer/kitchen,PREM_FB_NSAT/OBS/ML/T2_East/Newrest/GGI,1,No
PREM_FB_NSAT,D,GGI,dom_int,6,100.0,Goal,Root/div/carrier/director/caterer/kitchen/dom_int,PREM_FB_NSAT/OBS/ML/T2_East/Newrest/GGI/D,1,No
PREM_FB_NSAT,FC,D,cabin,7,100.0,Goal,Root/div/carrier/director/caterer/kitchen/dom_int/cabin,PREM_FB_NSAT/OBS/ML/T2_East/Newrest/GGI/D/FC,1,No
PREM_FB_NSAT,Bev,FC,variant,8,100.0,Goal,Root/div/carrier/director/caterer/kitchen/dom_int/cabin/variant,PREM_FB_NSAT/OBS/ML/T2_East/Newrest/GGI/D/FC/Bev,0,Yes
PREM_FB_NSAT,LSG,Newrest,kitchen,5,22.63,Goal,Root/div/carrier/director/caterer/kitchen,PREM_FB_NSAT/OBS/ML/T2_East/Newrest/LSG,1,No
PREM_FB_NSAT,D,LSG,dom_int,6,100.0,Goal,Root/div/carrier/director/caterer/kitchen/dom_int,PREM_FB_NSAT/OBS/ML/T2_East/Newrest/LSG/D,1,No
PREM_FB_NSAT,FC,D,cabin,7,100.0,Goal,Root/div/carrier/director/caterer/kitchen/dom_int/cabin,PREM_FB_NSAT/OBS/ML/T2_East/Newrest/LSG/D/FC,1,No
PREM_FB_NSAT,Bev,FC,variant,8,100.0,Goal,Root/div/carrier/director/caterer/kitchen/dom_int/cabin/variant,PREM_FB_NSAT/OBS/ML/T2_East/Newrest/LSG/D/FC/Bev,0,Yes
PREM_FB_NSAT,Newrest_US,Newrest,kitchen,5,4.5,Goal,Root/div/carrier/director/caterer/kitchen,PREM_FB_NSAT/OBS/ML/T2_East/Newrest/Newrest_US,1,No
PREM_FB_NSAT,D,Newrest_US,dom_int,6,100.0,Goal,Root/div/carrier/director/caterer/kitchen/dom_int,PREM_FB_NSAT/OBS/ML/T2_East/Newrest/Newrest_US/D,1,No
PREM_FB_NSAT,FC,D,cabin,7,100.0,Goal,Root/div/carrier/director/caterer/kitchen/dom_int/cabin,PREM_FB_NSAT/OBS/ML/T2_East/Newrest/Newrest_US/D/FC,2,No
PREM_FB_NSAT,Bev,FC,variant,8,80.72,Goal,Root/div/carrier/director/caterer/kitchen/dom_int/cabin/variant,PREM_FB_NSAT/OBS/ML/T2_East/Newrest/Newrest_US/D/FC/Bev,0,Yes
PREM_FB_NSAT,Meal,FC,variant,8,19.28,Goal,Root/div/carrier/director/caterer/kitchen/dom_int/cabin/variant,PREM_FB_NSAT/OBS/ML/T2_East/Newrest/Newrest_US/D/FC/Meal,0,Yes
PREM_FB_NSAT,DAL,T2_East,caterer,4,13.68,Goal,Root/div/carrier/director/caterer,PREM_FB_NSAT/OBS/ML/T2_East/DAL,4,No
PREM_FB_NSAT,dnata,DAL,kitchen,5,31.01,Goal,Root/div/carrier/director/caterer/kitchen,PREM_FB_NSAT/OBS/ML/T2_East/DAL/dnata,1,No
PREM_FB_NSAT,D,dnata,dom_int,6,100.0,Goal,Root/div/carrier/director/caterer/kitchen/dom_int,PREM_FB_NSAT/OBS/ML/T2_East/DAL/dnata/D,1,No
PREM_FB_NSAT,FC,D,cabin,7,100.0,Goal,Root/div/carrier/director/caterer/kitchen/dom_int/cabin,PREM_FB_NSAT/OBS/ML/T2_East/DAL/dnata/D/FC,1,No
PREM_FB_NSAT,Bev,FC,variant,8,100.0,Goal,Root/div/carrier/director/caterer/kitchen/dom_int/cabin/variant,PREM_FB_NSAT/OBS/ML/T2_East/DAL/dnata/D/FC/Bev,0,Yes
PREM_FB_NSAT,GGI,DAL,kitchen,5,13.89,Goal,Root/div/carrier/director/caterer/kitchen,PREM_FB_NSAT/OBS/ML/T2_East/DAL/GGI,1,No
PREM_FB_NSAT,D,GGI,dom_int,6,100.0,Goal,Root/div/carrier/director/caterer/kitchen/dom_int,PREM_FB_NSAT/OBS/ML/T2_East/DAL/GGI/D,1,No
PREM_FB_NSAT,FC,D,cabin,7,100.0,Goal,Root/div/carrier/director/caterer/kitchen/dom_int/cabin,PREM_FB_NSAT/OBS/ML/T2_East/DAL/GGI/D/FC,1,No
PREM_FB_NSAT,Bev,FC,variant,8,100.0,Goal,Root/div/carrier/director/caterer/kitchen/dom_int/cabin/variant,PREM_FB_NSAT/OBS/ML/T2_East/DAL/GGI/D/FC/Bev,0,Yes
PREM_FB_NSAT,LSG,DAL,kitchen,5,52.93,Goal,Root/div/carrier/director/caterer/kitchen,PREM_FB_NSAT/OBS/ML/T2_East/DAL/LSG,1,No
PREM_FB_NSAT,D,LSG,dom_int,6,100.0,Goal,Root/div/carrier/director/caterer/kitchen/dom_int,PREM_FB_NSAT/OBS/ML/T2_East/DAL/LSG/D,1,No
PREM_FB_NSAT,FC,D,cabin,7,100.0,Goal,Root/div/carrier/director/caterer/kitchen/dom_int/cabin,PREM_FB_NSAT/OBS/ML/T2_East/DAL/LSG/D/FC,1,No
PREM_FB_NSAT,Bev,FC,variant,8,100.0,Goal,Root/div/carrier/director/caterer/kitchen/dom_int/cabin/variant,PREM_FB_NSAT/OBS/ML/T2_East/DAL/LSG/D/FC/Bev,0,Yes
PREM_FB_NSAT,Newrest_US,DAL,kitchen,5,2.1700000000000004,Goal,Root/div/carrier/director/caterer/kitchen,PREM_FB_NSAT/OBS/ML/T2_East/DAL/Newrest_US,1,No
PREM_FB_NSAT,D,Newrest_US,dom_int,6,100.0,Goal,Root/div/carrier/director/caterer/kitchen/dom_int,PREM_FB_NSAT/OBS/ML/T2_East/DAL/Newrest_US/D,1,No
PREM_FB_NSAT,FC,D,cabin,7,100.0,Goal,Root/div/carrier/director/caterer/kitchen/dom_int/cabin,PREM_FB_NSAT/OBS/ML/T2_East/DAL/Newrest_US/D/FC,1,No
PREM_FB_NSAT,Bev,FC,variant,8,100.0,Goal,Root/div/carrier/director/caterer/kitchen/dom_int/cabin/variant,PREM_FB_NSAT/OBS/ML/T2_East/DAL/Newrest_US/D/FC/Bev,0,Yes
PREM_FB_NSAT,dnata,T2_East,caterer,4,15.97,Goal,Root/div/carrier/director/caterer,PREM_FB_NSAT/OBS/ML/T2_East/dnata,1,No
PREM_FB_NSAT,dnata,dnata,kitchen,5,100.0,Goal,Root/div/carrier/director/caterer/kitchen,PREM_FB_NSAT/OBS/ML/T2_East/dnata/dnata,1,No
PREM_FB_NSAT,D,dnata,dom_int,6,100.0,Goal,Root/div/carrier/director/caterer/kitchen/dom_int,PREM_FB_NSAT/OBS/ML/T2_East/dnata/dnata/D,1,No
PREM_FB_NSAT,FC,D,cabin,7,100.0,Goal,Root/div/carrier/director/caterer/kitchen/dom_int/cabin,PREM_FB_NSAT/OBS/ML/T2_East/dnata/dnata/D/FC,2,No
PREM_FB_NSAT,Bev,FC,variant,8,71.64,Goal,Root/div/carrier/director/caterer/kitchen/dom_int/cabin/variant,PREM_FB_NSAT/OBS/ML/T2_East/dnata/dnata/D/FC/Bev,0,Yes
PREM_FB_NSAT,Meal,FC,variant,8,28.36,Goal,Root/div/carrier/director/caterer/kitchen/dom_int/cabin/variant,PREM_FB_NSAT/OBS/ML/T2_East/dnata/dnata/D/FC/Meal,0,Yes
PREM_FB_NSAT,DOCO,T2_East,caterer,4,0.64,Goal,Root/div/carrier/director/caterer,PREM_FB_NSAT/OBS/ML/T2_East/DOCO,6,No
PREM_FB_NSAT,dnata,DOCO,kitchen,5,43.75,Goal,Root/div/carrier/director/caterer/kitchen,PREM_FB_NSAT/OBS/ML/T2_East/DOCO/dnata,1,No
PREM_FB_NSAT,D,dnata,dom_int,6,100.0,Goal,Root/div/carrier/director/caterer/kitchen/dom_int,PREM_FB_NSAT/OBS/ML/T2_East/DOCO/dnata/D,1,No
PREM_FB_NSAT,FC,D,cabin,7,100.0,Goal,Root/div/carrier/director/caterer/kitchen/dom_int/cabin,PREM_FB_NSAT/OBS/ML/T2_East/DOCO/dnata/D/FC,1,No
PREM_FB_NSAT,Bev,FC,variant,8,100.0,Goal,Root/div/carrier/director/caterer/kitchen/dom_int/cabin/variant,PREM_FB_NSAT/OBS/ML/T2_East/DOCO/dnata/D/FC/Bev,0,Yes
PREM_FB_NSAT,DOCO_MIA,DOCO,kitchen,5,10.95,Goal,Root/div/carrier/director/caterer/kitchen,PREM_FB_NSAT/OBS/ML/T2_East/DOCO/DOCO_MIA,1,No
PREM_FB_NSAT,D,DOCO_MIA,dom_int,6,100.0,Goal,Root/div/carrier/director/caterer/kitchen/dom_int,PREM_FB_NSAT/OBS/ML/T2_East/DOCO/DOCO_MIA/D,1,No
PREM_FB_NSAT,FC,D,cabin,7,100.0,Goal,Root/div/carrier/director/caterer/kitchen/dom_int/cabin,PREM_FB_NSAT/OBS/ML/T2_East/DOCO/DOCO_MIA/D/FC,2,No
PREM_FB_NSAT,Bev,FC,variant,8,75.63,Goal,Root/div/carrier/director/caterer/kitchen/dom_int/cabin/variant,PREM_FB_NSAT/OBS/ML/T2_East/DOCO/DOCO_MIA/D/FC/Bev,0,Yes
PREM_FB_NSAT,Meal,FC,variant,8,24.37,Goal,Root/div/carrier/director/caterer/kitchen/dom_int/cabin/variant,PREM_FB_NSAT/OBS/ML/T2_East/DOCO/DOCO_MIA/D/FC/Meal,0,Yes
PREM_FB_NSAT,FlyFoodGrp,DOCO,kitchen,5,10.61,Goal,Root/div/carrier/director/caterer/kitchen,PREM_FB_NSAT/OBS/ML/T2_East/DOCO/FlyFoodGrp,1,No
PREM_FB_NSAT,D,FlyFoodGrp,dom_int,6,100.0,Goal,Root/div/carrier/director/caterer/kitchen/dom_int,PREM_FB_NSAT/OBS/ML/T2_East/DOCO/FlyFoodGrp/D,1,No
PREM_FB_NSAT,FC,D,cabin,7,100.0,Goal,Root/div/carrier/director/caterer/kitchen/dom_int/cabin,PREM_FB_NSAT/OBS/ML/T2_East/DOCO/FlyFoodGrp/D/FC,1,No
PREM_FB_NSAT,Bev,FC,variant,8,100.0,Goal,Root/div/carrier/director/caterer/kitchen/dom_int/cabin/variant,PREM_FB_NSAT/OBS/ML/T2_East/DOCO/FlyFoodGrp/D/FC/Bev,0,Yes
PREM_FB_NSAT,GGI,DOCO,kitchen,5,0.09,Goal,Root/div/carrier/director/caterer/kitchen,PREM_FB_NSAT/OBS/ML/T2_East/DOCO/GGI,1,No
PREM_FB_NSAT,D,GGI,dom_int,6,100.0,Goal,Root/div/carrier/director/caterer/kitchen/dom_int,PREM_FB_NSAT/OBS/ML/T2_East/DOCO/GGI/D,1,No
PREM_FB_NSAT,FC,D,cabin,7,100.0,Goal,Root/div/carrier/director/caterer/kitchen/dom_int/cabin,PREM_FB_NSAT/OBS/ML/T2_East/DOCO/GGI/D/FC,1,No
PREM_FB_NSAT,Bev,FC,variant,8,100.0,Goal,Root/div/carrier/director/caterer/kitchen/dom_int/cabin/variant,PREM_FB_NSAT/OBS/ML/T2_East/DOCO/GGI/D/FC/Bev,0,Yes
PREM_FB_NSAT,LSG,DOCO,kitchen,5,3.67,Goal,Root/div/carrier/director/caterer/kitchen,PREM_FB_NSAT/OBS/ML/T2_East/DOCO/LSG,1,No
PREM_FB_NSAT,D,LSG,dom_int,6,100.0,Goal,Root/div/carrier/director/caterer/kitchen/dom_int,PREM_FB_NSAT/OBS/ML/T2_East/DOCO/LSG/D,1,No
PREM_FB_NSAT,FC,D,cabin,7,100.0,Goal,Root/div/carrier/director/caterer/kitchen/dom_int/cabin,PREM_FB_NSAT/OBS/ML/T2_East/DOCO/LSG/D/FC,1,No
PREM_FB_NSAT,Bev,FC,variant,8,100.0,Goal,Root/div/carrier/director/caterer/kitchen/dom_int/cabin/variant,PREM_FB_NSAT/OBS/ML/T2_East/DOCO/LSG/D/FC/Bev,0,Yes
PREM_FB_NSAT,Newrest_US,DOCO,kitchen,5,30.93,Goal,Root/div/carrier/director/caterer/kitchen,PREM_FB_NSAT/OBS/ML/T2_East/DOCO/Newrest_US,1,No
PREM_FB_NSAT,D,Newrest_US,dom_int,6,100.0,Goal,Root/div/carrier/director/caterer/kitchen/dom_int,PREM_FB_NSAT/OBS/ML/T2_East/DOCO/Newrest_US/D,1,No
PREM_FB_NSAT,FC,D,cabin,7,100.0,Goal,Root/div/carrier/director/caterer/kitchen/dom_int/cabin,PREM_FB_NSAT/OBS/ML/T2_East/DOCO/Newrest_US/D/FC,1,No
PREM_FB_NSAT,Bev,FC,variant,8,100.0,Goal,Root/div/carrier/director/caterer/kitchen/dom_int/cabin/variant,PREM_FB_NSAT/OBS/ML/T2_East/DOCO/Newrest_US/D/FC/Bev,0,Yes
PREM_FB_NSAT,FlyFoodGrp,T2_East,caterer,4,11.18,Goal,Root/div/carrier/director/caterer,PREM_FB_NSAT/OBS/ML/T2_East/FlyFoodGrp,1,No
PREM_FB_NSAT,FlyFoodGrp,FlyFoodGrp,kitchen,5,100.0,Goal,Root/div/carrier/director/caterer/kitchen,PREM_FB_NSAT/OBS/ML/T2_East/FlyFoodGrp/FlyFoodGrp,1,No
PREM_FB_NSAT,D,FlyFoodGrp,dom_int,6,100.0,Goal,Root/div/carrier/director/caterer/kitchen/dom_int,PREM_FB_NSAT/OBS/ML/T2_East/FlyFoodGrp/FlyFoodGrp/D,1,No
PREM_FB_NSAT,FC,D,cabin,7,100.0,Goal,Root/div/carrier/director/caterer/kitchen/dom_int/cabin,PREM_FB_NSAT/OBS/ML/T2_East/FlyFoodGrp/FlyFoodGrp/D/FC,2,No
PREM_FB_NSAT,Bev,FC,variant,8,23.92,Goal,Root/div/carrier/director/caterer/kitchen/dom_int/cabin/variant,PREM_FB_NSAT/OBS/ML/T2_East/FlyFoodGrp/FlyFoodGrp/D/FC/Bev,0,Yes
PREM_FB_NSAT,Meal,FC,variant,8,76.08,Goal,Root/div/carrier/director/caterer/kitchen/dom_int/cabin/variant,PREM_FB_NSAT/OBS/ML/T2_East/FlyFoodGrp/FlyFoodGrp/D/FC/Meal,0,Yes
PREM_FB_NSAT,GourmetToG,T2_East,caterer,4,5.13,Goal,Root/div/carrier/director/caterer,PREM_FB_NSAT/OBS/ML/T2_East/GourmetToG,1,No
PREM_FB_NSAT,GourmetToGo,GourmetToG,kitchen,5,100.0,Goal,Root/div/carrier/director/caterer/kitchen,PREM_FB_NSAT/OBS/ML/T2_East/GourmetToG/GourmetToGo,1,No
PREM_FB_NSAT,D,GourmetToGo,dom_int,6,100.0,Goal,Root/div/carrier/director/caterer/kitchen/dom_int,PREM_FB_NSAT/OBS/ML/T2_East/GourmetToG/GourmetToGo/D,1,No
PREM_FB_NSAT,FC,D,cabin,7,100.0,Goal,Root/div/carrier/director/caterer/kitchen/dom_int/cabin,PREM_FB_NSAT/OBS/ML/T2_East/GourmetToG/GourmetToGo/D/FC,2,No
PREM_FB_NSAT,Bev,FC,variant,8,13.74,Goal,Root/div/carrier/director/caterer/kitchen/dom_int/cabin/variant,PREM_FB_NSAT/OBS/ML/T2_East/GourmetToG/GourmetToGo/D/FC/Bev,0,Yes
PREM_FB_NSAT,Meal,FC,variant,8,86.26,Goal,Root/div/carrier/director/caterer/kitchen/dom_int/cabin/variant,PREM_FB_NSAT/OBS/ML/T2_East/GourmetToG/GourmetToGo/D/FC/Meal,0,Yes
PREM_FB_NSAT,MA-US,T2_East,caterer,4,7.31,Goal,Root/div/carrier/director/caterer,PREM_FB_NSAT/OBS/ML/T2_East/MA-US,1,No
PREM_FB_NSAT,MA_US,MA-US,kitchen,5,100.0,Goal,Root/div/carrier/director/caterer/kitchen,PREM_FB_NSAT/OBS/ML/T2_East/MA-US/MA_US,1,No
PREM_FB_NSAT,D,MA_US,dom_int,6,100.0,Goal,Root/div/carrier/director/caterer/kitchen/dom_int,PREM_FB_NSAT/OBS/ML/T2_East/MA-US/MA_US/D,1,No
PREM_FB_NSAT,FC,D,cabin,7,100.0,Goal,Root/div/carrier/director/caterer/kitchen/dom_int/cabin,PREM_FB_NSAT/OBS/ML/T2_East/MA-US/MA_US/D/FC,1,No
PREM_FB_NSAT,Meal,FC,variant,8,100.0,Goal,Root/div/carrier/director/caterer/kitchen/dom_int/cabin/variant,PREM_FB_NSAT/OBS/ML/T2_East/MA-US/MA_US/D/FC/Meal,0,Yes
PREM_FB_NSAT,D,T2_East,dom_int,4,1.56,Goal,Root/div/carrier/director/dom_int,PREM_FB_NSAT/OBS/ML/T2_East/D,1,No
PREM_FB_NSAT,FC,D,cabin,5,100.0,Goal,Root/div/carrier/director/dom_int/cabin,PREM_FB_NSAT/OBS/ML/T2_East/D/FC,2,No
PREM_FB_NSAT,Bev,FC,variant,6,56.16,Goal,Root/div/carrier/director/dom_int/cabin/variant,PREM_FB_NSAT/OBS/ML/T2_East/D/FC/Bev,0,Yes
PREM_FB_NSAT,Meal,FC,variant,6,43.84,Goal,Root/div/carrier/director/dom_int/cabin/variant,PREM_FB_NSAT/OBS/ML/T2_East/D/FC/Meal,0,Yes
PREM_FB_NSAT,TATL,T2_East,entity,4,8.68,Goal,Root/div/carrier/director/entity,PREM_FB_NSAT/OBS/ML/T2_East/TATL,1,No
PREM_FB_NSAT,D1,TATL,cabin,5,100.0,Goal,Root/div/carrier/director/entity/cabin,PREM_FB_NSAT/OBS/ML/T2_East/TATL/D1,0,Yes
PREM_FB_NSAT,T2_West,ML,director,3,0.38,Goal,Root/div/carrier/director,PREM_FB_NSAT/OBS/ML/T2_West,11,No
PREM_FB_NSAT,GG,T2_West,caterer,4,11.04,Goal,Root/div/carrier/director/caterer,PREM_FB_NSAT/OBS/ML/T2_West/GG,5,No
PREM_FB_NSAT,TATL,GG,entity,5,24.24,Goal,Root/div/carrier/director/caterer/entity,PREM_FB_NSAT/OBS/ML/T2_West/GG/TATL,1,No
PREM_FB_NSAT,D1,TATL,cabin,6,100.0,Goal,Root/div/carrier/director/caterer/entity/cabin,PREM_FB_NSAT/OBS/ML/T2_West/GG/TATL/D1,0,Yes
PREM_FB_NSAT,TPAC,GG,entity,5,24.8,Goal,Root/div/carrier/director/caterer/entity,PREM_FB_NSAT/OBS/ML/T2_West/GG/TPAC,1,No
PREM_FB_NSAT,D1,TPAC,cabin,6,100.0,Goal,Root/div/carrier/director/caterer/entity/cabin,PREM_FB_NSAT/OBS/ML/T2_West/GG/TPAC/D1,0,Yes
PREM_FB_NSAT,AirFayre,GG,kitchen,5,25.62,Goal,Root/div/carrier/director/caterer/kitchen,PREM_FB_NSAT/OBS/ML/T2_West/GG/AirFayre,1,No
PREM_FB_NSAT,D,AirFayre,dom_int,6,100.0,Goal,Root/div/carrier/director/caterer/kitchen/dom_int,PREM_FB_NSAT/OBS/ML/T2_West/GG/AirFayre/D,1,No
PREM_FB_NSAT,FC,D,cabin,7,100.0,Goal,Root/div/carrier/director/caterer/kitchen/dom_int/cabin,PREM_FB_NSAT/OBS/ML/T2_West/GG/AirFayre/D/FC,1,No
PREM_FB_NSAT,Bev,FC,variant,8,100.0,Goal,Root/div/carrier/director/caterer/kitchen/dom_int/cabin/variant,PREM_FB_NSAT/OBS/ML/T2_West/GG/AirFayre/D/FC/Bev,0,Yes
PREM_FB_NSAT,GGI,GG,kitchen,5,20.08,Goal,Root/div/carrier/director/caterer/kitchen,PREM_FB_NSAT/OBS/ML/T2_West/GG/GGI,1,No
PREM_FB_NSAT,D,GGI,dom_int,6,100.0,Goal,Root/div/carrier/director/caterer/kitchen/dom_int,PREM_FB_NSAT/OBS/ML/T2_West/GG/GGI/D,1,No
PREM_FB_NSAT,FC,D,cabin,7,100.0,Goal,Root/div/carrier/director/caterer/kitchen/dom_int/cabin,PREM_FB_NSAT/OBS/ML/T2_West/GG/GGI/D/FC,2,No
PREM_FB_NSAT,Bev,FC,variant,8,65.9,Goal,Root/div/carrier/director/caterer/kitchen/dom_int/cabin/variant,PREM_FB_NSAT/OBS/ML/T2_West/GG/GGI/D/FC/Bev,0,Yes
PREM_FB_NSAT,Meal,FC,variant,8,34.1,Goal,Root/div/carrier/director/caterer/kitchen/dom_int/cabin/variant,PREM_FB_NSAT/OBS/ML/T2_West/GG/GGI/D/FC/Meal,0,Yes
PREM_FB_NSAT,LSG,GG,kitchen,5,5.26,Goal,Root/div/carrier/director/caterer/kitchen,PREM_FB_NSAT/OBS/ML/T2_West/GG/LSG,1,No
PREM_FB_NSAT,D,LSG,dom_int,6,100.0,Goal,Root/div/carrier/director/caterer/kitchen/dom_int,PREM_FB_NSAT/OBS/ML/T2_West/GG/LSG/D,1,No
PREM_FB_NSAT,FC,D,cabin,7,100.0,Goal,Root/div/carrier/director/caterer/kitchen/dom_int/cabin,PREM_FB_NSAT/OBS/ML/T2_West/GG/LSG/D/FC,2,No
PREM_FB_NSAT,Bev,FC,variant,8,7.1,Goal,Root/div/carrier/director/caterer/kitchen/dom_int/cabin/variant,PREM_FB_NSAT/OBS/ML/T2_West/GG/LSG/D/FC/Bev,0,Yes
PREM_FB_NSAT,Meal,FC,variant,8,92.9,Goal,Root/div/carrier/director/caterer/kitchen/dom_int/cabin/variant,PREM_FB_NSAT/OBS/ML/T2_West/GG/LSG/D/FC/Meal,0,Yes
PREM_FB_NSAT,LSG,T2_West,caterer,4,12.15,Goal,Root/div/carrier/director/caterer,PREM_FB_NSAT/OBS/ML/T2_West/LSG,3,No
PREM_FB_NSAT,TATL,LSG,entity,5,60.15,Goal,Root/div/carrier/director/caterer/entity,PREM_FB_NSAT/OBS/ML/T2_West/LSG/TATL,1,No
PREM_FB_NSAT,D1,TATL,cabin,6,100.0,Goal,Root/div/carrier/director/caterer/entity/cabin,PREM_FB_NSAT/OBS/ML/T2_West/LSG/TATL/D1,0,Yes
PREM_FB_NSAT,GGI,LSG,kitchen,5,6.76,Goal,Root/div/carrier/director/caterer/kitchen,PREM_FB_NSAT/OBS/ML/T2_West/LSG/GGI,1,No
PREM_FB_NSAT,D,GGI,dom_int,6,100.0,Goal,Root/div/carrier/director/caterer/kitchen/dom_int,PREM_FB_NSAT/OBS/ML/T2_West/LSG/GGI/D,1,No
PREM_FB_NSAT,FC,D,cabin,7,100.0,Goal,Root/div/carrier/director/caterer/kitchen/dom_int/cabin,PREM_FB_NSAT/OBS/ML/T2_West/LSG/GGI/D/FC,2,No
PREM_FB_NSAT,Bev,FC,variant,8,16.19,Goal,Root/div/carrier/director/caterer/kitchen/dom_int/cabin/variant,PREM_FB_NSAT/OBS/ML/T2_West/LSG/GGI/D/FC/Bev,0,Yes
PREM_FB_NSAT,Meal,FC,variant,8,83.81,Goal,Root/div/carrier/director/caterer/kitchen/dom_int/cabin/variant,PREM_FB_NSAT/OBS/ML/T2_West/LSG/GGI/D/FC/Meal,0,Yes
PREM_FB_NSAT,LSG,LSG,kitchen,5,33.09,Goal,Root/div/carrier/director/caterer/kitchen,PREM_FB_NSAT/OBS/ML/T2_West/LSG/LSG,1,No
PREM_FB_NSAT,D,LSG,dom_int,6,100.0,Goal,Root/div/carrier/director/caterer/kitchen/dom_int,PREM_FB_NSAT/OBS/ML/T2_West/LSG/LSG/D,1,No
PREM_FB_NSAT,FC,D,cabin,7,100.0,Goal,Root/div/carrier/director/caterer/kitchen/dom_int/cabin,PREM_FB_NSAT/OBS/ML/T2_West/LSG/LSG/D/FC,2,No
PREM_FB_NSAT,Bev,FC,variant,8,44.98,Goal,Root/div/carrier/director/caterer/kitchen/dom_int/cabin/variant,PREM_FB_NSAT/OBS/ML/T2_West/LSG/LSG/D/FC/Bev,0,Yes
PREM_FB_NSAT,Meal,FC,variant,8,55.02,Goal,Root/div/carrier/director/caterer/kitchen/dom_int/cabin/variant,PREM_FB_NSAT/OBS/ML/T2_West/LSG/LSG/D/FC/Meal,0,Yes
PREM_FB_NSAT,AirFayre,T2_West,caterer,4,6.61,Goal,Root/div/carrier/director/caterer,PREM_FB_NSAT/OBS/ML/T2_West/AirFayre,1,No
PREM_FB_NSAT,AirFayre,AirFayre,kitchen,5,100.0,Goal,Root/div/carrier/director/caterer/kitchen,PREM_FB_NSAT/OBS/ML/T2_West/AirFayre/AirFayre,1,No
PREM_FB_NSAT,D,AirFayre,dom_int,6,100.0,Goal,Root/div/carrier/director/caterer/kitchen/dom_int,PREM_FB_NSAT/OBS/ML/T2_West/AirFayre/AirFayre/D,1,No
PREM_FB_NSAT,FC,D,cabin,7,100.0,Goal,Root/div/carrier/director/caterer/kitchen/dom_int/cabin,PREM_FB_NSAT/OBS/ML/T2_West/AirFayre/AirFayre/D/FC,2,No
PREM_FB_NSAT,Bev,FC,variant,8,64.34,Goal,Root/div/carrier/director/caterer/kitchen/dom_int/cabin/variant,PREM_FB_NSAT/OBS/ML/T2_West/AirFayre/AirFayre/D/FC/Bev,0,Yes
PREM_FB_NSAT,Meal,FC,variant,8,35.66,Goal,Root/div/carrier/director/caterer/kitchen/dom_int/cabin/variant,PREM_FB_NSAT/OBS/ML/T2_West/AirFayre/AirFayre/D/FC/Meal,0,Yes
PREM_FB_NSAT,DAL,T2_West,caterer,4,8.83,Goal,Root/div/carrier/director/caterer,PREM_FB_NSAT/OBS/ML/T2_West/DAL,3,No
PREM_FB_NSAT,AirFayre,DAL,kitchen,5,37.57,Goal,Root/div/carrier/director/caterer/kitchen,PREM_FB_NSAT/OBS/ML/T2_West/DAL/AirFayre,1,No
PREM_FB_NSAT,D,AirFayre,dom_int,6,100.0,Goal,Root/div/carrier/director/caterer/kitchen/dom_int,PREM_FB_NSAT/OBS/ML/T2_West/DAL/AirFayre/D,1,No
PREM_FB_NSAT,FC,D,cabin,7,100.0,Goal,Root/div/carrier/director/caterer/kitchen/dom_int/cabin,PREM_FB_NSAT/OBS/ML/T2_West/DAL/AirFayre/D/FC,1,No
PREM_FB_NSAT,Bev,FC,variant,8,100.0,Goal,Root/div/carrier/director/caterer/kitchen/dom_int/cabin/variant,PREM_FB_NSAT/OBS/ML/T2_West/DAL/AirFayre/D/FC/Bev,0,Yes
PREM_FB_NSAT,GGI,DAL,kitchen,5,18.79,Goal,Root/div/carrier/director/caterer/kitchen,PREM_FB_NSAT/OBS/ML/T2_West/DAL/GGI,1,No
PREM_FB_NSAT,D,GGI,dom_int,6,100.0,Goal,Root/div/carrier/director/caterer/kitchen/dom_int,PREM_FB_NSAT/OBS/ML/T2_West/DAL/GGI/D,1,No
PREM_FB_NSAT,FC,D,cabin,7,100.0,Goal,Root/div/carrier/director/caterer/kitchen/dom_int/cabin,PREM_FB_NSAT/OBS/ML/T2_West/DAL/GGI/D/FC,1,No
PREM_FB_NSAT,Bev,FC,variant,8,100.0,Goal,Root/div/carrier/director/caterer/kitchen/dom_int/cabin/variant,PREM_FB_NSAT/OBS/ML/T2_West/DAL/GGI/D/FC/Bev,0,Yes
PREM_FB_NSAT,LSG,DAL,kitchen,5,43.64,Goal,Root/div/carrier/director/caterer/kitchen,PREM_FB_NSAT/OBS/ML/T2_West/DAL/LSG,1,No
PREM_FB_NSAT,D,LSG,dom_int,6,100.0,Goal,Root/div/carrier/director/caterer/kitchen/dom_int,PREM_FB_NSAT/OBS/ML/T2_West/DAL/LSG/D,1,No
PREM_FB_NSAT,FC,D,cabin,7,100.0,Goal,Root/div/carrier/director/caterer/kitchen/dom_int/cabin,PREM_FB_NSAT/OBS/ML/T2_West/DAL/LSG/D/FC,1,No
PREM_FB_NSAT,Bev,FC,variant,8,100.0,Goal,Root/div/carrier/director/caterer/kitchen/dom_int/cabin/variant,PREM_FB_NSAT/OBS/ML/T2_West/DAL/LSG/D/FC/Bev,0,Yes
PREM_FB_NSAT,DOCO,T2_West,caterer,4,9.4,Goal,Root/div/carrier/director/caterer,PREM_FB_NSAT/OBS/ML/T2_West/DOCO,2,No
PREM_FB_NSAT,GGI,DOCO,kitchen,5,36.1,Goal,Root/div/carrier/director/caterer/kitchen,PREM_FB_NSAT/OBS/ML/T2_West/DOCO/GGI,1,No
PREM_FB_NSAT,D,GGI,dom_int,6,100.0,Goal,Root/div/carrier/director/caterer/kitchen/dom_int,PREM_FB_NSAT/OBS/ML/T2_West/DOCO/GGI/D,1,No
PREM_FB_NSAT,FC,D,cabin,7,100.0,Goal,Root/div/carrier/director/caterer/kitchen/dom_int/cabin,PREM_FB_NSAT/OBS/ML/T2_West/DOCO/GGI/D/FC,2,No
PREM_FB_NSAT,Bev,FC,variant,8,52.46,Goal,Root/div/carrier/director/caterer/kitchen/dom_int/cabin/variant,PREM_FB_NSAT/OBS/ML/T2_West/DOCO/GGI/D/FC/Bev,0,Yes
PREM_FB_NSAT,Meal,FC,variant,8,47.54,Goal,Root/div/carrier/director/caterer/kitchen/dom_int/cabin/variant,PREM_FB_NSAT/OBS/ML/T2_West/DOCO/GGI/D/FC/Meal,0,Yes
PREM_FB_NSAT,LSG,DOCO,kitchen,5,63.9,Goal,Root/div/carrier/director/caterer/kitchen,PREM_FB_NSAT/OBS/ML/T2_West/DOCO/LSG,1,No
PREM_FB_NSAT,D,LSG,dom_int,6,100.0,Goal,Root/div/carrier/director/caterer/kitchen/dom_int,PREM_FB_NSAT/OBS/ML/T2_West/DOCO/LSG/D,1,No
PREM_FB_NSAT,FC,D,cabin,7,100.0,Goal,Root/div/carrier/director/caterer/kitchen/dom_int/cabin,PREM_FB_NSAT/OBS/ML/T2_West/DOCO/LSG/D/FC,1,No
PREM_FB_NSAT,Meal,FC,variant,8,100.0,Goal,Root/div/carrier/director/caterer/kitchen/dom_int/cabin/variant,PREM_FB_NSAT/OBS/ML/T2_West/DOCO/LSG/D/FC/Meal,0,Yes
PREM_FB_NSAT,FlyFoodGrp,T2_West,caterer,4,11.18,Goal,Root/div/carrier/director/caterer,PREM_FB_NSAT/OBS/ML/T2_West/FlyFoodGrp,1,No
PREM_FB_NSAT,FlyFoodGrp,FlyFoodGrp,kitchen,5,100.0,Goal,Root/div/carrier/director/caterer/kitchen,PREM_FB_NSAT/OBS/ML/T2_West/FlyFoodGrp/FlyFoodGrp,1,No
PREM_FB_NSAT,D,FlyFoodGrp,dom_int,6,100.0,Goal,Root/div/carrier/director/caterer/kitchen/dom_int,PREM_FB_NSAT/OBS/ML/T2_West/FlyFoodGrp/FlyFoodGrp/D,1,No
PREM_FB_NSAT,FC,D,cabin,7,100.0,Goal,Root/div/carrier/director/caterer/kitchen/dom_int/cabin,PREM_FB_NSAT/OBS/ML/T2_West/FlyFoodGrp/FlyFoodGrp/D/FC,1,No
PREM_FB_NSAT,Meal,FC,variant,8,100.0,Goal,Root/div/carrier/director/caterer/kitchen/dom_int/cabin/variant,PREM_FB_NSAT/OBS/ML/T2_West/FlyFoodGrp/FlyFoodGrp/D/FC/Meal,0,Yes
PREM_FB_NSAT,Newrest,T2_West,caterer,4,9.29,Goal,Root/div/carrier/director/caterer,PREM_FB_NSAT/OBS/ML/T2_West/Newrest,4,No
PREM_FB_NSAT,AirFayre,Newrest,kitchen,5,21.56,Goal,Root/div/carrier/director/caterer/kitchen,PREM_FB_NSAT/OBS/ML/T2_West/Newrest/AirFayre,1,No
PREM_FB_NSAT,D,AirFayre,dom_int,6,100.0,Goal,Root/div/carrier/director/caterer/kitchen/dom_int,PREM_FB_NSAT/OBS/ML/T2_West/Newrest/AirFayre/D,1,No
PREM_FB_NSAT,FC,D,cabin,7,100.0,Goal,Root/div/carrier/director/caterer/kitchen/dom_int/cabin,PREM_FB_NSAT/OBS/ML/T2_West/Newrest/AirFayre/D/FC,1,No
PREM_FB_NSAT,Bev,FC,variant,8,100.0,Goal,Root/div/carrier/director/caterer/kitchen/dom_int/cabin/variant,PREM_FB_NSAT/OBS/ML/T2_West/Newrest/AirFayre/D/FC/Bev,0,Yes
PREM_FB_NSAT,GGI,Newrest,kitchen,5,37.08,Goal,Root/div/carrier/director/caterer/kitchen,PREM_FB_NSAT/OBS/ML/T2_West/Newrest/GGI,1,No
PREM_FB_NSAT,D,GGI,dom_int,6,100.0,Goal,Root/div/carrier/director/caterer/kitchen/dom_int,PREM_FB_NSAT/OBS/ML/T2_West/Newrest/GGI/D,1,No
PREM_FB_NSAT,FC,D,cabin,7,100.0,Goal,Root/div/carrier/director/caterer/kitchen/dom_int/cabin,PREM_FB_NSAT/OBS/ML/T2_West/Newrest/GGI/D/FC,2,No
PREM_FB_NSAT,Bev,FC,variant,8,79.13,Goal,Root/div/carrier/director/caterer/kitchen/dom_int/cabin/variant,PREM_FB_NSAT/OBS/ML/T2_West/Newrest/GGI/D/FC/Bev,0,Yes
PREM_FB_NSAT,Meal,FC,variant,8,20.87,Goal,Root/div/carrier/director/caterer/kitchen/dom_int/cabin/variant,PREM_FB_NSAT/OBS/ML/T2_West/Newrest/GGI/D/FC/Meal,0,Yes
PREM_FB_NSAT,LSG,Newrest,kitchen,5,28.42,Goal,Root/div/carrier/director/caterer/kitchen,PREM_FB_NSAT/OBS/ML/T2_West/Newrest/LSG,1,No
PREM_FB_NSAT,D,LSG,dom_int,6,100.0,Goal,Root/div/carrier/director/caterer/kitchen/dom_int,PREM_FB_NSAT/OBS/ML/T2_West/Newrest/LSG/D,1,No
PREM_FB_NSAT,FC,D,cabin,7,100.0,Goal,Root/div/carrier/director/caterer/kitchen/dom_int/cabin,PREM_FB_NSAT/OBS/ML/T2_West/Newrest/LSG/D/FC,2,No
PREM_FB_NSAT,Bev,FC,variant,8,38.66,Goal,Root/div/carrier/director/caterer/kitchen/dom_int/cabin/variant,PREM_FB_NSAT/OBS/ML/T2_West/Newrest/LSG/D/FC/Bev,0,Yes
PREM_FB_NSAT,Meal,FC,variant,8,61.34,Goal,Root/div/carrier/director/caterer/kitchen/dom_int/cabin/variant,PREM_FB_NSAT/OBS/ML/T2_West/Newrest/LSG/D/FC/Meal,0,Yes
PREM_FB_NSAT,Newrest_MX,Newrest,kitchen,5,12.94,Goal,Root/div/carrier/director/caterer/kitchen,PREM_FB_NSAT/OBS/ML/T2_West/Newrest/Newrest_MX,1,No
PREM_FB_NSAT,D,Newrest_MX,dom_int,6,100.0,Goal,Root/div/carrier/director/caterer/kitchen/dom_int,PREM_FB_NSAT/OBS/ML/T2_West/Newrest/Newrest_MX/D,1,No
PREM_FB_NSAT,FC,D,cabin,7,100.0,Goal,Root/div/carrier/director/caterer/kitchen/dom_int/cabin,PREM_FB_NSAT/OBS/ML/T2_West/Newrest/Newrest_MX/D/FC,1,No
PREM_FB_NSAT,Meal,FC,variant,8,100.0,Goal,Root/div/carrier/director/caterer/kitchen/dom_int/cabin/variant,PREM_FB_NSAT/OBS/ML/T2_West/Newrest/Newrest_MX/D/FC/Meal,0,Yes
PREM_FB_NSAT,SkyCater,T2_West,caterer,4,10.77,Goal,Root/div/carrier/director/caterer,PREM_FB_NSAT/OBS/ML/T2_West/SkyCater,1,No
PREM_FB_NSAT,SkyCater,SkyCater,kitchen,5,100.0,Goal,Root/div/carrier/director/caterer/kitchen,PREM_FB_NSAT/OBS/ML/T2_West/SkyCater/SkyCater,1,No
PREM_FB_NSAT,D,SkyCater,dom_int,6,100.0,Goal,Root/div/carrier/director/caterer/kitchen/dom_int,PREM_FB_NSAT/OBS/ML/T2_West/SkyCater/SkyCater/D,1,No
PREM_FB_NSAT,FC,D,cabin,7,100.0,Goal,Root/div/carrier/director/caterer/kitchen/dom_int/cabin,PREM_FB_NSAT/OBS/ML/T2_West/SkyCater/SkyCater/D/FC,1,No
PREM_FB_NSAT,Meal,FC,variant,8,100.0,Goal,Root/div/carrier/director/caterer/kitchen/dom_int/cabin/variant,PREM_FB_NSAT/OBS/ML/T2_West/SkyCater/SkyCater/D/FC/Meal,0,Yes
PREM_FB_NSAT,D,T2_West,dom_int,4,6.77,Goal,Root/div/carrier/director/dom_int,PREM_FB_NSAT/OBS/ML/T2_West/D,1,No
PREM_FB_NSAT,FC,D,cabin,5,100.0,Goal,Root/div/carrier/director/dom_int/cabin,PREM_FB_NSAT/OBS/ML/T2_West/D/FC,2,No
PREM_FB_NSAT,Bev,FC,variant,6,48.4,Goal,Root/div/carrier/director/dom_int/cabin/variant,PREM_FB_NSAT/OBS/ML/T2_West/D/FC/Bev,0,Yes
PREM_FB_NSAT,Meal,FC,variant,6,51.6,Goal,Root/div/carrier/director/dom_int/cabin/variant,PREM_FB_NSAT/OBS/ML/T2_West/D/FC/Meal,0,Yes
PREM_FB_NSAT,TATL,T2_West,entity,4,1.85,Goal,Root/div/carrier/director/entity,PREM_FB_NSAT/OBS/ML/T2_West/TATL,1,No
PREM_FB_NSAT,D1,TATL,cabin,5,100.0,Goal,Root/div/carrier/director/entity/cabin,PREM_FB_NSAT/OBS/ML/T2_West/TATL/D1,0,Yes
PREM_FB_NSAT,TPAC,T2_West,entity,4,12.11,Goal,Root/div/carrier/director/entity,PREM_FB_NSAT/OBS/ML/T2_West/TPAC,1,No
PREM_FB_NSAT,D1,TPAC,cabin,5,100.0,Goal,Root/div/carrier/director/entity/cabin,PREM_FB_NSAT/OBS/ML/T2_West/TPAC/D1,0,Yes
PREM_FB_NSAT,West_Hubs,ML,director,3,0.87,Goal,Root/div/carrier/director,PREM_FB_NSAT/OBS/ML/West_Hubs,7,No
PREM_FB_NSAT,GG,West_Hubs,caterer,4,21.66,Goal,Root/div/carrier/director/caterer,PREM_FB_NSAT/OBS/ML/West_Hubs/GG,3,No
PREM_FB_NSAT,TATL,GG,entity,5,25.94,Goal,Root/div/carrier/director/caterer/entity,PREM_FB_NSAT/OBS/ML/West_Hubs/GG/TATL,1,No
PREM_FB_NSAT,D1,TATL,cabin,6,100.0,Goal,Root/div/carrier/director/caterer/entity/cabin,PREM_FB_NSAT/OBS/ML/West_Hubs/GG/TATL/D1,0,Yes
PREM_FB_NSAT,TPAC,GG,entity,5,28.72,Goal,Root/div/carrier/director/caterer/entity,PREM_FB_NSAT/OBS/ML/West_Hubs/GG/TPAC,1,No
PREM_FB_NSAT,D1,TPAC,cabin,6,100.0,Goal,Root/div/carrier/director/caterer/entity/cabin,PREM_FB_NSAT/OBS/ML/West_Hubs/GG/TPAC/D1,0,Yes
PREM_FB_NSAT,GGI,GG,kitchen,5,45.339999999999996,Goal,Root/div/carrier/director/caterer/kitchen,PREM_FB_NSAT/OBS/ML/West_Hubs/GG/GGI,1,No
PREM_FB_NSAT,D,GGI,dom_int,6,100.0,Goal,Root/div/carrier/director/caterer/kitchen/dom_int,PREM_FB_NSAT/OBS/ML/West_Hubs/GG/GGI/D,1,No
PREM_FB_NSAT,FC,D,cabin,7,100.0,Goal,Root/div/carrier/director/caterer/kitchen/dom_int/cabin,PREM_FB_NSAT/OBS/ML/West_Hubs/GG/GGI/D/FC,2,No
PREM_FB_NSAT,Bev,FC,variant,8,69.09,Goal,Root/div/carrier/director/caterer/kitchen/dom_int/cabin/variant,PREM_FB_NSAT/OBS/ML/West_Hubs/GG/GGI/D/FC/Bev,0,Yes
PREM_FB_NSAT,Meal,FC,variant,8,30.91,Goal,Root/div/carrier/director/caterer/kitchen/dom_int/cabin/variant,PREM_FB_NSAT/OBS/ML/West_Hubs/GG/GGI/D/FC/Meal,0,Yes
PREM_FB_NSAT,LSG,West_Hubs,caterer,4,0.82,Goal,Root/div/carrier/director/caterer,PREM_FB_NSAT/OBS/ML/West_Hubs/LSG,3,No
PREM_FB_NSAT,TATL,LSG,entity,5,15.55,Goal,Root/div/carrier/director/caterer/entity,PREM_FB_NSAT/OBS/ML/West_Hubs/LSG/TATL,1,No
PREM_FB_NSAT,D1,TATL,cabin,6,100.0,Goal,Root/div/carrier/director/caterer/entity/cabin,PREM_FB_NSAT/OBS/ML/West_Hubs/LSG/TATL/D1,0,Yes
PREM_FB_NSAT,TPAC,LSG,entity,5,43.64,Goal,Root/div/carrier/director/caterer/entity,PREM_FB_NSAT/OBS/ML/West_Hubs/LSG/TPAC,1,No
PREM_FB_NSAT,D1,TPAC,cabin,6,100.0,Goal,Root/div/carrier/director/caterer/entity/cabin,PREM_FB_NSAT/OBS/ML/West_Hubs/LSG/TPAC/D1,0,Yes
PREM_FB_NSAT,LSG,LSG,kitchen,5,40.809999999999995,Goal,Root/div/carrier/director/caterer/kitchen,PREM_FB_NSAT/OBS/ML/West_Hubs/LSG/LSG,1,No
PREM_FB_NSAT,D,LSG,dom_int,6,100.0,Goal,Root/div/carrier/director/caterer/kitchen/dom_int,PREM_FB_NSAT/OBS/ML/West_Hubs/LSG/LSG/D,1,No
PREM_FB_NSAT,FC,D,cabin,7,100.0,Goal,Root/div/carrier/director/caterer/kitchen/dom_int/cabin,PREM_FB_NSAT/OBS/ML/West_Hubs/LSG/LSG/D/FC,2,No
PREM_FB_NSAT,Bev,FC,variant,8,58.22,Goal,Root/div/carrier/director/caterer/kitchen/dom_int/cabin/variant,PREM_FB_NSAT/OBS/ML/West_Hubs/LSG/LSG/D/FC/Bev,0,Yes
PREM_FB_NSAT,Meal,FC,variant,8,41.78,Goal,Root/div/carrier/director/caterer/kitchen/dom_int/cabin/variant,PREM_FB_NSAT/OBS/ML/West_Hubs/LSG/LSG/D/FC/Meal,0,Yes
PREM_FB_NSAT,Newrest,West_Hubs,caterer,4,7.25,Goal,Root/div/carrier/director/caterer,PREM_FB_NSAT/OBS/ML/West_Hubs/Newrest,3,No
PREM_FB_NSAT,TATL,Newrest,entity,5,47.17,Goal,Root/div/carrier/director/caterer/entity,PREM_FB_NSAT/OBS/ML/West_Hubs/Newrest/TATL,1,No
PREM_FB_NSAT,D1,TATL,cabin,6,100.0,Goal,Root/div/carrier/director/caterer/entity/cabin,PREM_FB_NSAT/OBS/ML/West_Hubs/Newrest/TATL/D1,0,Yes
PREM_FB_NSAT,TPAC,Newrest,entity,5,8.7,Goal,Root/div/carrier/director/caterer/entity,PREM_FB_NSAT/OBS/ML/West_Hubs/Newrest/TPAC,1,No
PREM_FB_NSAT,D1,TPAC,cabin,6,100.0,Goal,Root/div/carrier/director/caterer/entity/cabin,PREM_FB_NSAT/OBS/ML/West_Hubs/Newrest/TPAC/D1,0,Yes
PREM_FB_NSAT,Newrest_US,Newrest,kitchen,5,44.13,Goal,Root/div/carrier/director/caterer/kitchen,PREM_FB_NSAT/OBS/ML/West_Hubs/Newrest/Newrest_US,1,No
PREM_FB_NSAT,D,Newrest_US,dom_int,6,100.0,Goal,Root/div/carrier/director/caterer/kitchen/dom_int,PREM_FB_NSAT/OBS/ML/West_Hubs/Newrest/Newrest_US/D,1,No
PREM_FB_NSAT,FC,D,cabin,7,100.0,Goal,Root/div/carrier/director/caterer/kitchen/dom_int/cabin,PREM_FB_NSAT/OBS/ML/West_Hubs/Newrest/Newrest_US/D/FC,2,No
PREM_FB_NSAT,Bev,FC,variant,8,56.59,Goal,Root/div/carrier/director/caterer/kitchen/dom_int/cabin/variant,PREM_FB_NSAT/OBS/ML/West_Hubs/Newrest/Newrest_US/D/FC/Bev,0,Yes
PREM_FB_NSAT,Meal,FC,variant,8,43.41,Goal,Root/div/carrier/director/caterer/kitchen/dom_int/cabin/variant,PREM_FB_NSAT/OBS/ML/West_Hubs/Newrest/Newrest_US/D/FC/Meal,0,Yes
PREM_FB_NSAT,DOCO,West_Hubs,caterer,4,16.02,Goal,Root/div/carrier/director/caterer,PREM_FB_NSAT/OBS/ML/West_Hubs/DOCO,1,No
PREM_FB_NSAT,LSG,DOCO,kitchen,5,100.0,Goal,Root/div/carrier/director/caterer/kitchen,PREM_FB_NSAT/OBS/ML/West_Hubs/DOCO/LSG,1,No
PREM_FB_NSAT,D,LSG,dom_int,6,100.0,Goal,Root/div/carrier/director/caterer/kitchen/dom_int,PREM_FB_NSAT/OBS/ML/West_Hubs/DOCO/LSG/D,1,No
PREM_FB_NSAT,FC,D,cabin,7,100.0,Goal,Root/div/carrier/director/caterer/kitchen/dom_int/cabin,PREM_FB_NSAT/OBS/ML/West_Hubs/DOCO/LSG/D/FC,1,No
PREM_FB_NSAT,Bev,FC,variant,8,100.0,Goal,Root/div/carrier/director/caterer/kitchen/dom_int/cabin/variant,PREM_FB_NSAT/OBS/ML/West_Hubs/DOCO/LSG/D/FC/Bev,0,Yes
PREM_FB_NSAT,D,West_Hubs,dom_int,4,19.25,Goal,Root/div/carrier/director/dom_int,PREM_FB_NSAT/OBS/ML/West_Hubs/D,1,No
PREM_FB_NSAT,FC,D,cabin,5,100.0,Goal,Root/div/carrier/director/dom_int/cabin,PREM_FB_NSAT/OBS/ML/West_Hubs/D/FC,2,No
PREM_FB_NSAT,Bev,FC,variant,6,30.52,Goal,Root/div/carrier/director/dom_int/cabin/variant,PREM_FB_NSAT/OBS/ML/West_Hubs/D/FC/Bev,0,Yes
PREM_FB_NSAT,Meal,FC,variant,6,69.48,Goal,Root/div/carrier/director/dom_int/cabin/variant,PREM_FB_NSAT/OBS/ML/West_Hubs/D/FC/Meal,0,Yes
PREM_FB_NSAT,TATL,West_Hubs,entity,4,22.69,Goal,Root/div/carrier/director/entity,PREM_FB_NSAT/OBS/ML/West_Hubs/TATL,1,No
PREM_FB_NSAT,D1,TATL,cabin,5,100.0,Goal,Root/div/carrier/director/entity/cabin,PREM_FB_NSAT/OBS/ML/West_Hubs/TATL/D1,0,Yes
PREM_FB_NSAT,TPAC,West_Hubs,entity,4,12.31,Goal,Root/div/carrier/director/entity,PREM_FB_NSAT/OBS/ML/West_Hubs/TPAC,1,No
PREM_FB_NSAT,D1,TPAC,cabin,5,100.0,Goal,Root/div/carrier/director/entity/cabin,PREM_FB_NSAT/OBS/ML/West_Hubs/TPAC/D1,0,Yes
PREM_FB_NSAT,ATL-Commissary,ML,region,3,0.13,Goal,Root/div/carrier/region,PREM_FB_NSAT/OBS/ML/ATL-Commissary,3,No
PREM_FB_NSAT,D,ATL-Commissary,dom_int,4,74.69,Goal,Root/div/carrier/region/dom_int,PREM_FB_NSAT/OBS/ML/ATL-Commissary/D,1,No
PREM_FB_NSAT,FC,D,cabin,5,100.0,Goal,Root/div/carrier/region/dom_int/cabin,PREM_FB_NSAT/OBS/ML/ATL-Commissary/D/FC,2,No
PREM_FB_NSAT,Bev,FC,variant,6,32.51,Goal,Root/div/carrier/region/dom_int/cabin/variant,PREM_FB_NSAT/OBS/ML/ATL-Commissary/D/FC/Bev,0,Yes
PREM_FB_NSAT,Meal,FC,variant,6,67.49,Goal,Root/div/carrier/region/dom_int/cabin/variant,PREM_FB_NSAT/OBS/ML/ATL-Commissary/D/FC/Meal,0,Yes
PREM_FB_NSAT,TATL,ATL-Commissary,entity,4,22.36,Goal,Root/div/carrier/region/entity,PREM_FB_NSAT/OBS/ML/ATL-Commissary/TATL,1,No
PREM_FB_NSAT,D1,TATL,cabin,5,100.0,Goal,Root/div/carrier/region/entity/cabin,PREM_FB_NSAT/OBS/ML/ATL-Commissary/TATL/D1,0,Yes
PREM_FB_NSAT,TPAC,ATL-Commissary,entity,4,2.95,Goal,Root/div/carrier/region/entity,PREM_FB_NSAT/OBS/ML/ATL-Commissary/TPAC,1,No
PREM_FB_NSAT,D1,TPAC,cabin,5,100.0,Goal,Root/div/carrier/region/entity/cabin,PREM_FB_NSAT/OBS/ML/ATL-Commissary/TPAC/D1,0,Yes
PREM_FB_NSAT,ATL-Kitchen,ML,region,3,0.39,Goal,Root/div/carrier/region,PREM_FB_NSAT/OBS/ML/ATL-Kitchen,3,No
PREM_FB_NSAT,D,ATL-Kitchen,dom_int,4,39.78,Goal,Root/div/carrier/region/dom_int,PREM_FB_NSAT/OBS/ML/ATL-Kitchen/D,1,No
PREM_FB_NSAT,FC,D,cabin,5,100.0,Goal,Root/div/carrier/region/dom_int/cabin,PREM_FB_NSAT/OBS/ML/ATL-Kitchen/D/FC,2,No
PREM_FB_NSAT,Bev,FC,variant,6,26.77,Goal,Root/div/carrier/region/dom_int/cabin/variant,PREM_FB_NSAT/OBS/ML/ATL-Kitchen/D/FC/Bev,0,Yes
PREM_FB_NSAT,Meal,FC,variant,6,73.23,Goal,Root/div/carrier/region/dom_int/cabin/variant,PREM_FB_NSAT/OBS/ML/ATL-Kitchen/D/FC/Meal,0,Yes
PREM_FB_NSAT,TATL,ATL-Kitchen,entity,4,50.53,Goal,Root/div/carrier/region/entity,PREM_FB_NSAT/OBS/ML/ATL-Kitchen/TATL,1,No
PREM_FB_NSAT,D1,TATL,cabin,5,100.0,Goal,Root/div/carrier/region/entity/cabin,PREM_FB_NSAT/OBS/ML/ATL-Kitchen/TATL/D1,0,Yes
PREM_FB_NSAT,TPAC,ATL-Kitchen,entity,4,9.69,Goal,Root/div/carrier/region/entity,PREM_FB_NSAT/OBS/ML/ATL-Kitchen/TPAC,1,No
PREM_FB_NSAT,D1,TPAC,cabin,5,100.0,Goal,Root/div/carrier/region/entity/cabin,PREM_FB_NSAT/OBS/ML/ATL-Kitchen/TPAC/D1,0,Yes
PREM_FB_NSAT,BOS-Hub,ML,region,3,0.06,Goal,Root/div/carrier/region,PREM_FB_NSAT/OBS/ML/BOS-Hub,2,No
PREM_FB_NSAT,D,BOS-Hub,dom_int,4,49.56,Goal,Root/div/carrier/region/dom_int,PREM_FB_NSAT/OBS/ML/BOS-Hub/D,1,No
PREM_FB_NSAT,FC,D,cabin,5,100.0,Goal,Root/div/carrier/region/dom_int/cabin,PREM_FB_NSAT/OBS/ML/BOS-Hub/D/FC,2,No
PREM_FB_NSAT,Bev,FC,variant,6,60.13,Goal,Root/div/carrier/region/dom_int/cabin/variant,PREM_FB_NSAT/OBS/ML/BOS-Hub/D/FC/Bev,0,Yes
PREM_FB_NSAT,Meal,FC,variant,6,39.87,Goal,Root/div/carrier/region/dom_int/cabin/variant,PREM_FB_NSAT/OBS/ML/BOS-Hub/D/FC/Meal,0,Yes
PREM_FB_NSAT,TATL,BOS-Hub,entity,4,50.44,Goal,Root/div/carrier/region/entity,PREM_FB_NSAT/OBS/ML/BOS-Hub/TATL,1,No
PREM_FB_NSAT,D1,TATL,cabin,5,100.0,Goal,Root/div/carrier/region/entity/cabin,PREM_FB_NSAT/OBS/ML/BOS-Hub/TATL/D1,0,Yes
PREM_FB_NSAT,Central,ML,region,3,0.58,Goal,Root/div/carrier/region,PREM_FB_NSAT/OBS/ML/Central,2,No
PREM_FB_NSAT,D,Central,dom_int,4,64.4,Goal,Root/div/carrier/region/dom_int,PREM_FB_NSAT/OBS/ML/Central/D,1,No
PREM_FB_NSAT,FC,D,cabin,5,100.0,Goal,Root/div/carrier/region/dom_int/cabin,PREM_FB_NSAT/OBS/ML/Central/D/FC,2,No
PREM_FB_NSAT,Bev,FC,variant,6,33.0,Goal,Root/div/carrier/region/dom_int/cabin/variant,PREM_FB_NSAT/OBS/ML/Central/D/FC/Bev,0,Yes
PREM_FB_NSAT,Meal,FC,variant,6,67.0,Goal,Root/div/carrier/region/dom_int/cabin/variant,PREM_FB_NSAT/OBS/ML/Central/D/FC/Meal,0,Yes
PREM_FB_NSAT,TATL,Central,entity,4,35.6,Goal,Root/div/carrier/region/entity,PREM_FB_NSAT/OBS/ML/Central/TATL,1,No
PREM_FB_NSAT,D1,TATL,cabin,5,100.0,Goal,Root/div/carrier/region/entity/cabin,PREM_FB_NSAT/OBS/ML/Central/TATL/D1,0,Yes
PREM_FB_NSAT,DTW-Hub,ML,region,3,0.27,Goal,Root/div/carrier/region,PREM_FB_NSAT/OBS/ML/DTW-Hub,3,No
PREM_FB_NSAT,D,DTW-Hub,dom_int,4,43.4,Goal,Root/div/carrier/region/dom_int,PREM_FB_NSAT/OBS/ML/DTW-Hub/D,1,No
PREM_FB_NSAT,FC,D,cabin,5,100.0,Goal,Root/div/carrier/region/dom_int/cabin,PREM_FB_NSAT/OBS/ML/DTW-Hub/D/FC,2,No
PREM_FB_NSAT,Bev,FC,variant,6,11.58,Goal,Root/div/carrier/region/dom_int/cabin/variant,PREM_FB_NSAT/OBS/ML/DTW-Hub/D/FC/Bev,0,Yes
PREM_FB_NSAT,Meal,FC,variant,6,88.42,Goal,Root/div/carrier/region/dom_int/cabin/variant,PREM_FB_NSAT/OBS/ML/DTW-Hub/D/FC/Meal,0,Yes
PREM_FB_NSAT,TATL,DTW-Hub,entity,4,35.49,Goal,Root/div/carrier/region/entity,PREM_FB_NSAT/OBS/ML/DTW-Hub/TATL,1,No
PREM_FB_NSAT,D1,TATL,cabin,5,100.0,Goal,Root/div/carrier/region/entity/cabin,PREM_FB_NSAT/OBS/ML/DTW-Hub/TATL/D1,0,Yes
PREM_FB_NSAT,TPAC,DTW-Hub,entity,4,21.11,Goal,Root/div/carrier/region/entity,PREM_FB_NSAT/OBS/ML/DTW-Hub/TPAC,1,No
PREM_FB_NSAT,D1,TPAC,cabin,5,100.0,Goal,Root/div/carrier/region/entity/cabin,PREM_FB_NSAT/OBS/ML/DTW-Hub/TPAC/D1,0,Yes
PREM_FB_NSAT,East,ML,region,3,0.33,Goal,Root/div/carrier/region,PREM_FB_NSAT/OBS/ML/East,2,No
PREM_FB_NSAT,D,East,dom_int,4,49.93,Goal,Root/div/carrier/region/dom_int,PREM_FB_NSAT/OBS/ML/East/D,1,No
PREM_FB_NSAT,FC,D,cabin,5,100.0,Goal,Root/div/carrier/region/dom_int/cabin,PREM_FB_NSAT/OBS/ML/East/D/FC,2,No
PREM_FB_NSAT,Bev,FC,variant,6,20.28,Goal,Root/div/carrier/region/dom_int/cabin/variant,PREM_FB_NSAT/OBS/ML/East/D/FC/Bev,0,Yes
PREM_FB_NSAT,Meal,FC,variant,6,79.72,Goal,Root/div/carrier/region/dom_int/cabin/variant,PREM_FB_NSAT/OBS/ML/East/D/FC/Meal,0,Yes
PREM_FB_NSAT,TATL,East,entity,4,50.07,Goal,Root/div/carrier/region/entity,PREM_FB_NSAT/OBS/ML/East/TATL,1,No
PREM_FB_NSAT,D1,TATL,cabin,5,100.0,Goal,Root/div/carrier/region/entity/cabin,PREM_FB_NSAT/OBS/ML/East/TATL/D1,0,Yes
PREM_FB_NSAT,Florida,ML,region,3,0.64,Goal,Root/div/carrier/region,PREM_FB_NSAT/OBS/ML/Florida,2,No
PREM_FB_NSAT,D,Florida,dom_int,4,58.35,Goal,Root/div/carrier/region/dom_int,PREM_FB_NSAT/OBS/ML/Florida/D,1,No
PREM_FB_NSAT,FC,D,cabin,5,100.0,Goal,Root/div/carrier/region/dom_int/cabin,PREM_FB_NSAT/OBS/ML/Florida/D/FC,2,No
PREM_FB_NSAT,Bev,FC,variant,6,49.28,Goal,Root/div/carrier/region/dom_int/cabin/variant,PREM_FB_NSAT/OBS/ML/Florida/D/FC/Bev,0,Yes
PREM_FB_NSAT,Meal,FC,variant,6,50.72,Goal,Root/div/carrier/region/dom_int/cabin/variant,PREM_FB_NSAT/OBS/ML/Florida/D/FC/Meal,0,Yes
PREM_FB_NSAT,TATL,Florida,entity,4,41.65,Goal,Root/div/carrier/region/entity,PREM_FB_NSAT/OBS/ML/Florida/TATL,1,No
PREM_FB_NSAT,D1,TATL,cabin,5,100.0,Goal,Root/div/carrier/region/entity/cabin,PREM_FB_NSAT/OBS/ML/Florida/TATL/D1,0,Yes
PREM_FB_NSAT,LAX-Hub,ML,region,3,1.01,Goal,Root/div/carrier/region,PREM_FB_NSAT/OBS/ML/LAX-Hub,3,No
PREM_FB_NSAT,D,LAX-Hub,dom_int,4,26.83,Goal,Root/div/carrier/region/dom_int,PREM_FB_NSAT/OBS/ML/LAX-Hub/D,1,No
PREM_FB_NSAT,FC,D,cabin,5,100.0,Goal,Root/div/carrier/region/dom_int/cabin,PREM_FB_NSAT/OBS/ML/LAX-Hub/D/FC,2,No
PREM_FB_NSAT,Bev,FC,variant,6,1.2,Goal,Root/div/carrier/region/dom_int/cabin/variant,PREM_FB_NSAT/OBS/ML/LAX-Hub/D/FC/Bev,0,Yes
PREM_FB_NSAT,Meal,FC,variant,6,98.8,Goal,Root/div/carrier/region/dom_int/cabin/variant,PREM_FB_NSAT/OBS/ML/LAX-Hub/D/FC/Meal,0,Yes
PREM_FB_NSAT,TATL,LAX-Hub,entity,4,36.91,Goal,Root/div/carrier/region/entity,PREM_FB_NSAT/OBS/ML/LAX-Hub/TATL,1,No
PREM_FB_NSAT,D1,TATL,cabin,5,100.0,Goal,Root/div/carrier/region/entity/cabin,PREM_FB_NSAT/OBS/ML/LAX-Hub/TATL/D1,0,Yes
PREM_FB_NSAT,TPAC,LAX-Hub,entity,4,36.26,Goal,Root/div/carrier/region/entity,PREM_FB_NSAT/OBS/ML/LAX-Hub/TPAC,1,No
PREM_FB_NSAT,D1,TPAC,cabin,5,100.0,Goal,Root/div/carrier/region/entity/cabin,PREM_FB_NSAT/OBS/ML/LAX-Hub/TPAC/D1,0,Yes
PREM_FB_NSAT,MSP-Hub,ML,region,3,0.03,Goal,Root/div/carrier/region,PREM_FB_NSAT/OBS/ML/MSP-Hub,3,No
PREM_FB_NSAT,D,MSP-Hub,dom_int,4,51.15,Goal,Root/div/carrier/region/dom_int,PREM_FB_NSAT/OBS/ML/MSP-Hub/D,1,No
PREM_FB_NSAT,FC,D,cabin,5,100.0,Goal,Root/div/carrier/region/dom_int/cabin,PREM_FB_NSAT/OBS/ML/MSP-Hub/D/FC,2,No
PREM_FB_NSAT,Bev,FC,variant,6,79.15,Goal,Root/div/carrier/region/dom_int/cabin/variant,PREM_FB_NSAT/OBS/ML/MSP-Hub/D/FC/Bev,0,Yes
PREM_FB_NSAT,Meal,FC,variant,6,20.85,Goal,Root/div/carrier/region/dom_int/cabin/variant,PREM_FB_NSAT/OBS/ML/MSP-Hub/D/FC/Meal,0,Yes
PREM_FB_NSAT,TATL,MSP-Hub,entity,4,31.44,Goal,Root/div/carrier/region/entity,PREM_FB_NSAT/OBS/ML/MSP-Hub/TATL,1,No
PREM_FB_NSAT,D1,TATL,cabin,5,100.0,Goal,Root/div/carrier/region/entity/cabin,PREM_FB_NSAT/OBS/ML/MSP-Hub/TATL/D1,0,Yes
PREM_FB_NSAT,TPAC,MSP-Hub,entity,4,17.41,Goal,Root/div/carrier/region/entity,PREM_FB_NSAT/OBS/ML/MSP-Hub/TPAC,1,No
PREM_FB_NSAT,D1,TPAC,cabin,5,100.0,Goal,Root/div/carrier/region/entity/cabin,PREM_FB_NSAT/OBS/ML/MSP-Hub/TPAC/D1,0,Yes
PREM_FB_NSAT,NYC,ML,region,3,0.78,Goal,Root/div/carrier/region,PREM_FB_NSAT/OBS/ML/NYC,2,No
PREM_FB_NSAT,D,NYC,dom_int,4,88.14,Goal,Root/div/carrier/region/dom_int,PREM_FB_NSAT/OBS/ML/NYC/D,1,No
PREM_FB_NSAT,FC,D,cabin,5,100.0,Goal,Root/div/carrier/region/dom_int/cabin,PREM_FB_NSAT/OBS/ML/NYC/D/FC,2,No
PREM_FB_NSAT,Bev,FC,variant,6,56.78,Goal,Root/div/carrier/region/dom_int/cabin/variant,PREM_FB_NSAT/OBS/ML/NYC/D/FC/Bev,0,Yes
PREM_FB_NSAT,Meal,FC,variant,6,43.22,Goal,Root/div/carrier/region/dom_int/cabin/variant,PREM_FB_NSAT/OBS/ML/NYC/D/FC/Meal,0,Yes
PREM_FB_NSAT,TATL,NYC,entity,4,11.86,Goal,Root/div/carrier/region/entity,PREM_FB_NSAT/OBS/ML/NYC/TATL,1,No
PREM_FB_NSAT,D1,TATL,cabin,5,100.0,Goal,Root/div/carrier/region/entity/cabin,PREM_FB_NSAT/OBS/ML/NYC/TATL/D1,0,Yes
PREM_FB_NSAT,Pacific,ML,region,3,0.93,Goal,Root/div/carrier/region,PREM_FB_NSAT/OBS/ML/Pacific,3,No
PREM_FB_NSAT,D,Pacific,dom_int,4,39.26,Goal,Root/div/carrier/region/dom_int,PREM_FB_NSAT/OBS/ML/Pacific/D,1,No
PREM_FB_NSAT,FC,D,cabin,5,100.0,Goal,Root/div/carrier/region/dom_int/cabin,PREM_FB_NSAT/OBS/ML/Pacific/D/FC,1,No
PREM_FB_NSAT,Bev,FC,variant,6,100.0,Goal,Root/div/carrier/region/dom_int/cabin/variant,PREM_FB_NSAT/OBS/ML/Pacific/D/FC/Bev,0,Yes
PREM_FB_NSAT,TATL,Pacific,entity,4,23.04,Goal,Root/div/carrier/region/entity,PREM_FB_NSAT/OBS/ML/Pacific/TATL,1,No
PREM_FB_NSAT,D1,TATL,cabin,5,100.0,Goal,Root/div/carrier/region/entity/cabin,PREM_FB_NSAT/OBS/ML/Pacific/TATL/D1,0,Yes
PREM_FB_NSAT,TPAC,Pacific,entity,4,37.7,Goal,Root/div/carrier/region/entity,PREM_FB_NSAT/OBS/ML/Pacific/TPAC,1,No
PREM_FB_NSAT,D1,TPAC,cabin,5,100.0,Goal,Root/div/carrier/region/entity/cabin,PREM_FB_NSAT/OBS/ML/Pacific/TPAC/D1,0,Yes
PREM_FB_NSAT,SEA-Hub,ML,region,3,0.45,Goal,Root/div/carrier/region,PREM_FB_NSAT/OBS/ML/SEA-Hub,3,No
PREM_FB_NSAT,D,SEA-Hub,dom_int,4,27.83,Goal,Root/div/carrier/region/dom_int,PREM_FB_NSAT/OBS/ML/SEA-Hub/D,1,No
PREM_FB_NSAT,FC,D,cabin,5,100.0,Goal,Root/div/carrier/region/dom_int/cabin,PREM_FB_NSAT/OBS/ML/SEA-Hub/D/FC,2,No
PREM_FB_NSAT,Bev,FC,variant,6,75.35,Goal,Root/div/carrier/region/dom_int/cabin/variant,PREM_FB_NSAT/OBS/ML/SEA-Hub/D/FC/Bev,0,Yes
PREM_FB_NSAT,Meal,FC,variant,6,24.65,Goal,Root/div/carrier/region/dom_int/cabin/variant,PREM_FB_NSAT/OBS/ML/SEA-Hub/D/FC/Meal,0,Yes
PREM_FB_NSAT,TATL,SEA-Hub,entity,4,21.35,Goal,Root/div/carrier/region/entity,PREM_FB_NSAT/OBS/ML/SEA-Hub/TATL,1,No
PREM_FB_NSAT,D1,TATL,cabin,5,100.0,Goal,Root/div/carrier/region/entity/cabin,PREM_FB_NSAT/OBS/ML/SEA-Hub/TATL/D1,0,Yes
PREM_FB_NSAT,TPAC,SEA-Hub,entity,4,50.82,Goal,Root/div/carrier/region/entity,PREM_FB_NSAT/OBS/ML/SEA-Hub/TPAC,1,No
PREM_FB_NSAT,D1,TPAC,cabin,5,100.0,Goal,Root/div/carrier/region/entity/cabin,PREM_FB_NSAT/OBS/ML/SEA-Hub/TPAC/D1,0,Yes
PREM_FB_NSAT,SLC-Hub,ML,region,3,0.84,Goal,Root/div/carrier/region,PREM_FB_NSAT/OBS/ML/SLC-Hub,3,No
PREM_FB_NSAT,D,SLC-Hub,dom_int,4,27.6,Goal,Root/div/carrier/region/dom_int,PREM_FB_NSAT/OBS/ML/SLC-Hub/D,1,No
PREM_FB_NSAT,FC,D,cabin,5,100.0,Goal,Root/div/carrier/region/dom_int/cabin,PREM_FB_NSAT/OBS/ML/SLC-Hub/D/FC,2,No
PREM_FB_NSAT,Bev,FC,variant,6,58.61,Goal,Root/div/carrier/region/dom_int/cabin/variant,PREM_FB_NSAT/OBS/ML/SLC-Hub/D/FC/Bev,0,Yes
PREM_FB_NSAT,Meal,FC,variant,6,41.39,Goal,Root/div/carrier/region/dom_int/cabin/variant,PREM_FB_NSAT/OBS/ML/SLC-Hub/D/FC/Meal,0,Yes
PREM_FB_NSAT,TATL,SLC-Hub,entity,4,6.35,Goal,Root/div/carrier/region/entity,PREM_FB_NSAT/OBS/ML/SLC-Hub/TATL,1,No
PREM_FB_NSAT,D1,TATL,cabin,5,100.0,Goal,Root/div/carrier/region/entity/cabin,PREM_FB_NSAT/OBS/ML/SLC-Hub/TATL/D1,0,Yes
PREM_FB_NSAT,TPAC,SLC-Hub,entity,4,66.05,Goal,Root/div/carrier/region/entity,PREM_FB_NSAT/OBS/ML/SLC-Hub/TPAC,1,No
PREM_FB_NSAT,D1,TPAC,cabin,5,100.0,Goal,Root/div/carrier/region/entity/cabin,PREM_FB_NSAT/OBS/ML/SLC-Hub/TPAC/D1,0,Yes
PREM_FB_NSAT,West,ML,region,3,0.24,Goal,Root/div/carrier/region,PREM_FB_NSAT/OBS/ML/West,3,No
PREM_FB_NSAT,D,West,dom_int,4,34.03,Goal,Root/div/carrier/region/dom_int,PREM_FB_NSAT/OBS/ML/West/D,1,No
PREM_FB_NSAT,FC,D,cabin,5,100.0,Goal,Root/div/carrier/region/dom_int/cabin,PREM_FB_NSAT/OBS/ML/West/D/FC,2,No
PREM_FB_NSAT,Bev,FC,variant,6,32.04,Goal,Root/div/carrier/region/dom_int/cabin/variant,PREM_FB_NSAT/OBS/ML/West/D/FC/Bev,0,Yes
PREM_FB_NSAT,Meal,FC,variant,6,67.96,Goal,Root/div/carrier/region/dom_int/cabin/variant,PREM_FB_NSAT/OBS/ML/West/D/FC/Meal,0,Yes
PREM_FB_NSAT,TATL,West,entity,4,44.09,Goal,Root/div/carrier/region/entity,PREM_FB_NSAT/OBS/ML/West/TATL,1,No
PREM_FB_NSAT,D1,TATL,cabin,5,100.0,Goal,Root/div/carrier/region/entity/cabin,PREM_FB_NSAT/OBS/ML/West/TATL/D1,0,Yes
PREM_FB_NSAT,TPAC,West,entity,4,21.880000000000003,Goal,Root/div/carrier/region/entity,PREM_FB_NSAT/OBS/ML/West/TPAC,1,No
PREM_FB_NSAT,D1,TPAC,cabin,5,100.0,Goal,Root/div/carrier/region/entity/cabin,PREM_FB_NSAT/OBS/ML/West/TPAC/D1,0,Yes
PREM_FB_NSAT,Western_Europe,ML,region,3,0.29,Goal,Root/div/carrier/region,PREM_FB_NSAT/OBS/ML/Western_Europe,2,No
PREM_FB_NSAT,D,Western_Europe,dom_int,4,9.2,Goal,Root/div/carrier/region/dom_int,PREM_FB_NSAT/OBS/ML/Western_Europe/D,1,No
PREM_FB_NSAT,FC,D,cabin,5,100.0,Goal,Root/div/carrier/region/dom_int/cabin,PREM_FB_NSAT/OBS/ML/Western_Europe/D/FC,1,No
PREM_FB_NSAT,Bev,FC,variant,6,100.0,Goal,Root/div/carrier/region/dom_int/cabin/variant,PREM_FB_NSAT/OBS/ML/Western_Europe/D/FC/Bev,0,Yes
PREM_FB_NSAT,TATL,Western_Europe,entity,4,90.8,Goal,Root/div/carrier/region/entity,PREM_FB_NSAT/OBS/ML/Western_Europe/TATL,1,No
PREM_FB_NSAT,D1,TATL,cabin,5,100.0,Goal,Root/div/carrier/region/entity/cabin,PREM_FB_NSAT/OBS/ML/Western_Europe/TATL/D1,0,Yes
PREM_FB_NSAT,AMS_BRU,ML,region,3,0.41,Goal,Root/div/carrier/region,PREM_FB_NSAT/OBS/ML/AMS_BRU,1,No
PREM_FB_NSAT,TATL,AMS_BRU,entity,4,100.0,Goal,Root/div/carrier/region/entity,PREM_FB_NSAT/OBS/ML/AMS_BRU/TATL,1,No
PREM_FB_NSAT,D1,TATL,cabin,5,100.0,Goal,Root/div/carrier/region/entity/cabin,PREM_FB_NSAT/OBS/ML/AMS_BRU/TATL/D1,0,Yes
PREM_FB_NSAT,Germany,ML,region,3,0.84,Goal,Root/div/carrier/region,PREM_FB_NSAT/OBS/ML/Germany,1,No
PREM_FB_NSAT,TATL,Germany,entity,4,100.0,Goal,Root/div/carrier/region/entity,PREM_FB_NSAT/OBS/ML/Germany/TATL,1,No
PREM_FB_NSAT,D1,TATL,cabin,5,100.0,Goal,Root/div/carrier/region/entity/cabin,PREM_FB_NSAT/OBS/ML/Germany/TATL/D1,0,Yes
PREM_FB_NSAT,Italy,ML,region,3,0.76,Goal,Root/div/carrier/region,PREM_FB_NSAT/OBS/ML/Italy,1,No
PREM_FB_NSAT,TATL,Italy,entity,4,100.0,Goal,Root/div/carrier/region/entity,PREM_FB_NSAT/OBS/ML/Italy/TATL,1,No
PREM_FB_NSAT,D1,TATL,cabin,5,100.0,Goal,Root/div/carrier/region/entity/cabin,PREM_FB_NSAT/OBS/ML/Italy/TATL/D1,0,Yes
PREM_FB_NSAT,Northern_Eastern_Europe,ML,region,3,0.21,Goal,Root/div/carrier/region,PREM_FB_NSAT/OBS/ML/Northern_Eastern_Europe,1,No
PREM_FB_NSAT,TATL,Northern_Eastern_Europe,entity,4,100.0,Goal,Root/div/carrier/region/entity,PREM_FB_NSAT/OBS/ML/Northern_Eastern_Europe/TATL,1,No
PREM_FB_NSAT,D1,TATL,cabin,5,100.0,Goal,Root/div/carrier/region/entity/cabin,PREM_FB_NSAT/OBS/ML/Northern_Eastern_Europe/TATL/D1,0,Yes
PREM_FB_NSAT,ANC,ML,station,3,0.88,Goal,Root/div/carrier/station,PREM_FB_NSAT/OBS/ML/ANC,3,No
PREM_FB_NSAT,GG,ANC,caterer,4,27.94,Goal,Root/div/carrier/station/caterer,PREM_FB_NSAT/OBS/ML/ANC/GG,1,No
PREM_FB_NSAT,LSG,GG,kitchen,5,100.0,Goal,Root/div/carrier/station/caterer/kitchen,PREM_FB_NSAT/OBS/ML/ANC/GG/LSG,1,No
PREM_FB_NSAT,D,LSG,dom_int,6,100.0,Goal,Root/div/carrier/station/caterer/kitchen/dom_int,PREM_FB_NSAT/OBS/ML/ANC/GG/LSG/D,1,No
PREM_FB_NSAT,FC,D,cabin,7,100.0,Goal,Root/div/carrier/station/caterer/kitchen/dom_int/cabin,PREM_FB_NSAT/OBS/ML/ANC/GG/LSG/D/FC,1,No
PREM_FB_NSAT,Meal,FC,variant,8,100.0,Goal,Root/div/carrier/station/caterer/kitchen/dom_int/cabin/variant,PREM_FB_NSAT/OBS/ML/ANC/GG/LSG/D/FC/Meal,0,Yes
PREM_FB_NSAT,LSG,ANC,caterer,4,57.0,Goal,Root/div/carrier/station/caterer,PREM_FB_NSAT/OBS/ML/ANC/LSG,1,No
PREM_FB_NSAT,LSG,LSG,kitchen,5,100.0,Goal,Root/div/carrier/station/caterer/kitchen,PREM_FB_NSAT/OBS/ML/ANC/LSG/LSG,1,No
PREM_FB_NSAT,D,LSG,dom_int,6,100.0,Goal,Root/div/carrier/station/caterer/kitchen/dom_int,PREM_FB_NSAT/OBS/ML/ANC/LSG/LSG/D,1,No
PREM_FB_NSAT,FC,D,cabin,7,100.0,Goal,Root/div/carrier/station/caterer/kitchen/dom_int/cabin,PREM_FB_NSAT/OBS/ML/ANC/LSG/LSG/D/FC,1,No
PREM_FB_NSAT,Meal,FC,variant,8,100.0,Goal,Root/div/carrier/station/caterer/kitchen/dom_int/cabin/variant,PREM_FB_NSAT/OBS/ML/ANC/LSG/LSG/D/FC/Meal,0,Yes
PREM_FB_NSAT,D,ANC,dom_int,4,15.06,Goal,Root/div/carrier/station/dom_int,PREM_FB_NSAT/OBS/ML/ANC/D,1,No
PREM_FB_NSAT,FC,D,cabin,5,100.0,Goal,Root/div/carrier/station/dom_int/cabin,PREM_FB_NSAT/OBS/ML/ANC/D/FC,1,No
PREM_FB_NSAT,Meal,FC,variant,6,100.0,Goal,Root/div/carrier/station/dom_int/cabin/variant,PREM_FB_NSAT/OBS/ML/ANC/D/FC/Meal,0,Yes
PREM_FB_NSAT,ATL,ML,station,3,0.3,Goal,Root/div/carrier/station,PREM_FB_NSAT/OBS/ML/ATL,9,No
PREM_FB_NSAT,DAL,ATL,caterer,4,17.61,Goal,Root/div/carrier/station/caterer,PREM_FB_NSAT/OBS/ML/ATL/DAL,1,No
PREM_FB_NSAT,MLC,DAL,kitchen,5,100.0,Goal,Root/div/carrier/station/caterer/kitchen,PREM_FB_NSAT/OBS/ML/ATL/DAL/MLC,1,No
PREM_FB_NSAT,D,MLC,dom_int,6,100.0,Goal,Root/div/carrier/station/caterer/kitchen/dom_int,PREM_FB_NSAT/OBS/ML/ATL/DAL/MLC/D,1,No
PREM_FB_NSAT,FC,D,cabin,7,100.0,Goal,Root/div/carrier/station/caterer/kitchen/dom_int/cabin,PREM_FB_NSAT/OBS/ML/ATL/DAL/MLC/D/FC,2,No
PREM_FB_NSAT,Bev,FC,variant,8,56.78,Goal,Root/div/carrier/station/caterer/kitchen/dom_int/cabin/variant,PREM_FB_NSAT/OBS/ML/ATL/DAL/MLC/D/FC/Bev,0,Yes
PREM_FB_NSAT,Meal,FC,variant,8,43.22,Goal,Root/div/carrier/station/caterer/kitchen/dom_int/cabin/variant,PREM_FB_NSAT/OBS/ML/ATL/DAL/MLC/D/FC/Meal,0,Yes
PREM_FB_NSAT,DALC,ATL,caterer,4,9.43,Goal,Root/div/carrier/station/caterer,PREM_FB_NSAT/OBS/ML/ATL/DALC,1,No
PREM_FB_NSAT,DALC,DALC,kitchen,5,100.0,Goal,Root/div/carrier/station/caterer/kitchen,PREM_FB_NSAT/OBS/ML/ATL/DALC/DALC,1,No
PREM_FB_NSAT,D,DALC,dom_int,6,100.0,Goal,Root/div/carrier/station/caterer/kitchen/dom_int,PREM_FB_NSAT/OBS/ML/ATL/DALC/DALC/D,1,No
PREM_FB_NSAT,FC,D,cabin,7,100.0,Goal,Root/div/carrier/station/caterer/kitchen/dom_int/cabin,PREM_FB_NSAT/OBS/ML/ATL/DALC/DALC/D/FC,2,No
PREM_FB_NSAT,Bev,FC,variant,8,24.18,Goal,Root/div/carrier/station/caterer/kitchen/dom_int/cabin/variant,PREM_FB_NSAT/OBS/ML/ATL/DALC/DALC/D/FC/Bev,0,Yes
PREM_FB_NSAT,Meal,FC,variant,8,75.82,Goal,Root/div/carrier/station/caterer/kitchen/dom_int/cabin/variant,PREM_FB_NSAT/OBS/ML/ATL/DALC/DALC/D/FC/Meal,0,Yes
PREM_FB_NSAT,GBG,ATL,caterer,4,13.93,Goal,Root/div/carrier/station/caterer,PREM_FB_NSAT/OBS/ML/ATL/GBG,1,No
PREM_FB_NSAT,IFK,GBG,kitchen,5,100.0,Goal,Root/div/carrier/station/caterer/kitchen,PREM_FB_NSAT/OBS/ML/ATL/GBG/IFK,1,No
PREM_FB_NSAT,D,IFK,dom_int,6,100.0,Goal,Root/div/carrier/station/caterer/kitchen/dom_int,PREM_FB_NSAT/OBS/ML/ATL/GBG/IFK/D,1,No
PREM_FB_NSAT,FC,D,cabin,7,100.0,Goal,Root/div/carrier/station/caterer/kitchen/dom_int/cabin,PREM_FB_NSAT/OBS/ML/ATL/GBG/IFK/D/FC,2,No
PREM_FB_NSAT,Bev,FC,variant,8,40.31,Goal,Root/div/carrier/station/caterer/kitchen/dom_int/cabin/variant,PREM_FB_NSAT/OBS/ML/ATL/GBG/IFK/D/FC/Bev,0,Yes
PREM_FB_NSAT,Meal,FC,variant,8,59.69,Goal,Root/div/carrier/station/caterer/kitchen/dom_int/cabin/variant,PREM_FB_NSAT/OBS/ML/ATL/GBG/IFK/D/FC/Meal,0,Yes
PREM_FB_NSAT,GG,ATL,caterer,4,10.06,Goal,Root/div/carrier/station/caterer,PREM_FB_NSAT/OBS/ML/ATL/GG,1,No
PREM_FB_NSAT,Newrest_COMM,GG,kitchen,5,100.0,Goal,Root/div/carrier/station/caterer/kitchen,PREM_FB_NSAT/OBS/ML/ATL/GG/Newrest_COMM,1,No
PREM_FB_NSAT,D,Newrest_COMM,dom_int,6,100.0,Goal,Root/div/carrier/station/caterer/kitchen/dom_int,PREM_FB_NSAT/OBS/ML/ATL/GG/Newrest_COMM/D,1,No
PREM_FB_NSAT,FC,D,cabin,7,100.0,Goal,Root/div/carrier/station/caterer/kitchen/dom_int/cabin,PREM_FB_NSAT/OBS/ML/ATL/GG/Newrest_COMM/D/FC,1,No
PREM_FB_NSAT,Bev,FC,variant,8,100.0,Goal,Root/div/carrier/station/caterer/kitchen/dom_int/cabin/variant,PREM_FB_NSAT/OBS/ML/ATL/GG/Newrest_COMM/D/FC/Bev,0,Yes
PREM_FB_NSAT,Newrest,ATL,caterer,4,8.96,Goal,Root/div/carrier/station/caterer,PREM_FB_NSAT/OBS/ML/ATL/Newrest,1,No
PREM_FB_NSAT,DFK,Newrest,kitchen,5,100.0,Goal,Root/div/carrier/station/caterer/kitchen,PREM_FB_NSAT/OBS/ML/ATL/Newrest/DFK,1,No
PREM_FB_NSAT,D,DFK,dom_int,6,100.0,Goal,Root/div/carrier/station/caterer/kitchen/dom_int,PREM_FB_NSAT/OBS/ML/ATL/Newrest/DFK/D,1,No
PREM_FB_NSAT,FC,D,cabin,7,100.0,Goal,Root/div/carrier/station/caterer/kitchen/dom_int/cabin,PREM_FB_NSAT/OBS/ML/ATL/Newrest/DFK/D/FC,2,No
PREM_FB_NSAT,Bev,FC,variant,8,38.15,Goal,Root/div/carrier/station/caterer/kitchen/dom_int/cabin/variant,PREM_FB_NSAT/OBS/ML/ATL/Newrest/DFK/D/FC/Bev,0,Yes
PREM_FB_NSAT,Meal,FC,variant,8,61.85,Goal,Root/div/carrier/station/caterer/kitchen/dom_int/cabin/variant,PREM_FB_NSAT/OBS/ML/ATL/Newrest/DFK/D/FC/Meal,0,Yes
PREM_FB_NSAT,Mainline,ATL,caterer,4,4.26,Goal,Root/div/carrier/station/caterer,PREM_FB_NSAT/OBS/ML/ATL/Mainline,1,No
PREM_FB_NSAT,IFK,Mainline,kitchen,5,100.0,Goal,Root/div/carrier/station/caterer/kitchen,PREM_FB_NSAT/OBS/ML/ATL/Mainline/IFK,1,No
PREM_FB_NSAT,TATL,IFK,entity,6,100.0,Goal,Root/div/carrier/station/caterer/kitchen/entity,PREM_FB_NSAT/OBS/ML/ATL/Mainline/IFK/TATL,1,No
PREM_FB_NSAT,D1,TATL,cabin,7,100.0,Goal,Root/div/carrier/station/caterer/kitchen/entity/cabin,PREM_FB_NSAT/OBS/ML/ATL/Mainline/IFK/TATL/D1,0,Yes
PREM_FB_NSAT,D,ATL,dom_int,4,19.0,Goal,Root/div/carrier/station/dom_int,PREM_FB_NSAT/OBS/ML/ATL/D,1,No
PREM_FB_NSAT,FC,D,cabin,5,100.0,Goal,Root/div/carrier/station/dom_int/cabin,PREM_FB_NSAT/OBS/ML/ATL/D/FC,2,No
PREM_FB_NSAT,Bev,FC,variant,6,48.69,Goal,Root/div/carrier/station/dom_int/cabin/variant,PREM_FB_NSAT/OBS/ML/ATL/D/FC/Bev,0,Yes
PREM_FB_NSAT,Meal,FC,variant,6,51.31,Goal,Root/div/carrier/station/dom_int/cabin/variant,PREM_FB_NSAT/OBS/ML/ATL/D/FC/Meal,0,Yes
PREM_FB_NSAT,TATL,ATL,entity,4,5.3,Goal,Root/div/carrier/station/entity,PREM_FB_NSAT/OBS/ML/ATL/TATL,1,No
PREM_FB_NSAT,D1,TATL,cabin,5,100.0,Goal,Root/div/carrier/station/entity/cabin,PREM_FB_NSAT/OBS/ML/ATL/TATL/D1,0,Yes
PREM_FB_NSAT,TPAC,ATL,entity,4,11.45,Goal,Root/div/carrier/station/entity,PREM_FB_NSAT/OBS/ML/ATL/TPAC,1,No
PREM_FB_NSAT,D1,TPAC,cabin,5,100.0,Goal,Root/div/carrier/station/entity/cabin,PREM_FB_NSAT/OBS/ML/ATL/TPAC/D1,0,Yes
PREM_FB_NSAT,AUS,ML,station,3,0.64,Goal,Root/div/carrier/station,PREM_FB_NSAT/OBS/ML/AUS,4,No
PREM_FB_NSAT,DAL,AUS,caterer,4,29.1,Goal,Root/div/carrier/station/caterer,PREM_FB_NSAT/OBS/ML/AUS/DAL,1,No
PREM_FB_NSAT,LSG,DAL,kitchen,5,100.0,Goal,Root/div/carrier/station/caterer/kitchen,PREM_FB_NSAT/OBS/ML/AUS/DAL/LSG,1,No
PREM_FB_NSAT,D,LSG,dom_int,6,100.0,Goal,Root/div/carrier/station/caterer/kitchen/dom_int,PREM_FB_NSAT/OBS/ML/AUS/DAL/LSG/D,1,No
PREM_FB_NSAT,FC,D,cabin,7,100.0,Goal,Root/div/carrier/station/caterer/kitchen/dom_int/cabin,PREM_FB_NSAT/OBS/ML/AUS/DAL/LSG/D/FC,1,No
PREM_FB_NSAT,Bev,FC,variant,8,100.0,Goal,Root/div/carrier/station/caterer/kitchen/dom_int/cabin/variant,PREM_FB_NSAT/OBS/ML/AUS/DAL/LSG/D/FC/Bev,0,Yes
PREM_FB_NSAT,LSG,AUS,caterer,4,19.88,Goal,Root/div/carrier/station/caterer,PREM_FB_NSAT/OBS/ML/AUS/LSG,1,No
PREM_FB_NSAT,LSG,LSG,kitchen,5,100.0,Goal,Root/div/carrier/station/caterer/kitchen,PREM_FB_NSAT/OBS/ML/AUS/LSG/LSG,1,No
PREM_FB_NSAT,D,LSG,dom_int,6,100.0,Goal,Root/div/carrier/station/caterer/kitchen/dom_int,PREM_FB_NSAT/OBS/ML/AUS/LSG/LSG/D,1,No
PREM_FB_NSAT,FC,D,cabin,7,100.0,Goal,Root/div/carrier/station/caterer/kitchen/dom_int/cabin,PREM_FB_NSAT/OBS/ML/AUS/LSG/LSG/D/FC,2,No
PREM_FB_NSAT,Bev,FC,variant,8,43.62,Goal,Root/div/carrier/station/caterer/kitchen/dom_int/cabin/variant,PREM_FB_NSAT/OBS/ML/AUS/LSG/LSG/D/FC/Bev,0,Yes
PREM_FB_NSAT,Meal,FC,variant,8,56.38,Goal,Root/div/carrier/station/caterer/kitchen/dom_int/cabin/variant,PREM_FB_NSAT/OBS/ML/AUS/LSG/LSG/D/FC/Meal,0,Yes
PREM_FB_NSAT,Newrest,AUS,caterer,4,2.37,Goal,Root/div/carrier/station/caterer,PREM_FB_NSAT/OBS/ML/AUS/Newrest,1,No
PREM_FB_NSAT,LSG,Newrest,kitchen,5,100.0,Goal,Root/div/carrier/station/caterer/kitchen,PREM_FB_NSAT/OBS/ML/AUS/Newrest/LSG,1,No
PREM_FB_NSAT,D,LSG,dom_int,6,100.0,Goal,Root/div/carrier/station/caterer/kitchen/dom_int,PREM_FB_NSAT/OBS/ML/AUS/Newrest/LSG/D,1,No
PREM_FB_NSAT,FC,D,cabin,7,100.0,Goal,Root/div/carrier/station/caterer/kitchen/dom_int/cabin,PREM_FB_NSAT/OBS/ML/AUS/Newrest/LSG/D/FC,1,No
PREM_FB_NSAT,Bev,FC,variant,8,100.0,Goal,Root/div/carrier/station/caterer/kitchen/dom_int/cabin/variant,PREM_FB_NSAT/OBS/ML/AUS/Newrest/LSG/D/FC/Bev,0,Yes
PREM_FB_NSAT,D,AUS,dom_int,4,48.65,Goal,Root/div/carrier/station/dom_int,PREM_FB_NSAT/OBS/ML/AUS/D,1,No
PREM_FB_NSAT,FC,D,cabin,5,100.0,Goal,Root/div/carrier/station/dom_int/cabin,PREM_FB_NSAT/OBS/ML/AUS/D/FC,2,No
PREM_FB_NSAT,Bev,FC,variant,6,93.93,Goal,Root/div/carrier/station/dom_int/cabin/variant,PREM_FB_NSAT/OBS/ML/AUS/D/FC/Bev,0,Yes
PREM_FB_NSAT,Meal,FC,variant,6,6.07,Goal,Root/div/carrier/station/dom_int/cabin/variant,PREM_FB_NSAT/OBS/ML/AUS/D/FC/Meal,0,Yes
PREM_FB_NSAT,BDL,ML,station,3,0.72,Goal,Root/div/carrier/station,PREM_FB_NSAT/OBS/ML/BDL,5,No
PREM_FB_NSAT,DOCO,BDL,caterer,4,8.95,Goal,Root/div/carrier/station/caterer,PREM_FB_NSAT/OBS/ML/BDL/DOCO,1,No
PREM_FB_NSAT,FlyFoodGrp,DOCO,kitchen,5,100.0,Goal,Root/div/carrier/station/caterer/kitchen,PREM_FB_NSAT/OBS/ML/BDL/DOCO/FlyFoodGrp,1,No
PREM_FB_NSAT,D,FlyFoodGrp,dom_int,6,100.0,Goal,Root/div/carrier/station/caterer/kitchen/dom_int,PREM_FB_NSAT/OBS/ML/BDL/DOCO/FlyFoodGrp/D,1,No
PREM_FB_NSAT,FC,D,cabin,7,100.0,Goal,Root/div/carrier/station/caterer/kitchen/dom_int/cabin,PREM_FB_NSAT/OBS/ML/BDL/DOCO/FlyFoodGrp/D/FC,1,No
PREM_FB_NSAT,Bev,FC,variant,8,100.0,Goal,Root/div/carrier/station/caterer/kitchen/dom_int/cabin/variant,PREM_FB_NSAT/OBS/ML/BDL/DOCO/FlyFoodGrp/D/FC/Bev,0,Yes
PREM_FB_NSAT,FlyFoodGrp,BDL,caterer,4,25.62,Goal,Root/div/carrier/station/caterer,PREM_FB_NSAT/OBS/ML/BDL/FlyFoodGrp,1,No
PREM_FB_NSAT,FlyFoodGrp,FlyFoodGrp,kitchen,5,100.0,Goal,Root/div/carrier/station/caterer/kitchen,PREM_FB_NSAT/OBS/ML/BDL/FlyFoodGrp/FlyFoodGrp,1,No
PREM_FB_NSAT,D,FlyFoodGrp,dom_int,6,100.0,Goal,Root/div/carrier/station/caterer/kitchen/dom_int,PREM_FB_NSAT/OBS/ML/BDL/FlyFoodGrp/FlyFoodGrp/D,1,No
PREM_FB_NSAT,FC,D,cabin,7,100.0,Goal,Root/div/carrier/station/caterer/kitchen/dom_int/cabin,PREM_FB_NSAT/OBS/ML/BDL/FlyFoodGrp/FlyFoodGrp/D/FC,2,No
PREM_FB_NSAT,Bev,FC,variant,8,97.89,Goal,Root/div/carrier/station/caterer/kitchen/dom_int/cabin/variant,PREM_FB_NSAT/OBS/ML/BDL/FlyFoodGrp/FlyFoodGrp/D/FC/Bev,0,Yes
PREM_FB_NSAT,Meal,FC,variant,8,2.11,Goal,Root/div/carrier/station/caterer/kitchen/dom_int/cabin/variant,PREM_FB_NSAT/OBS/ML/BDL/FlyFoodGrp/FlyFoodGrp/D/FC/Meal,0,Yes
PREM_FB_NSAT,LSG,BDL,caterer,4,35.65,Goal,Root/div/carrier/station/caterer,PREM_FB_NSAT/OBS/ML/BDL/LSG,1,No
PREM_FB_NSAT,FlyFoodGrp,LSG,kitchen,5,100.0,Goal,Root/div/carrier/station/caterer/kitchen,PREM_FB_NSAT/OBS/ML/BDL/LSG/FlyFoodGrp,1,No
PREM_FB_NSAT,D,FlyFoodGrp,dom_int,6,100.0,Goal,Root/div/carrier/station/caterer/kitchen/dom_int,PREM_FB_NSAT/OBS/ML/BDL/LSG/FlyFoodGrp/D,1,No
PREM_FB_NSAT,FC,D,cabin,7,100.0,Goal,Root/div/carrier/station/caterer/kitchen/dom_int/cabin,PREM_FB_NSAT/OBS/ML/BDL/LSG/FlyFoodGrp/D/FC,1,No
PREM_FB_NSAT,Bev,FC,variant,8,100.0,Goal,Root/div/carrier/station/caterer/kitchen/dom_int/cabin/variant,PREM_FB_NSAT/OBS/ML/BDL/LSG/FlyFoodGrp/D/FC/Bev,0,Yes
PREM_FB_NSAT,Newrest,BDL,caterer,4,27.24,Goal,Root/div/carrier/station/caterer,PREM_FB_NSAT/OBS/ML/BDL/Newrest,1,No
PREM_FB_NSAT,FlyFoodGrp,Newrest,kitchen,5,100.0,Goal,Root/div/carrier/station/caterer/kitchen,PREM_FB_NSAT/OBS/ML/BDL/Newrest/FlyFoodGrp,1,No
PREM_FB_NSAT,D,FlyFoodGrp,dom_int,6,100.0,Goal,Root/div/carrier/station/caterer/kitchen/dom_int,PREM_FB_NSAT/OBS/ML/BDL/Newrest/FlyFoodGrp/D,1,No
PREM_FB_NSAT,FC,D,cabin,7,100.0,Goal,Root/div/carrier/station/caterer/kitchen/dom_int/cabin,PREM_FB_NSAT/OBS/ML/BDL/Newrest/FlyFoodGrp/D/FC,1,No
PREM_FB_NSAT,Bev,FC,variant,8,100.0,Goal,Root/div/carrier/station/caterer/kitchen/dom_int/cabin/variant,PREM_FB_NSAT/OBS/ML/BDL/Newrest/FlyFoodGrp/D/FC/Bev,0,Yes
PREM_FB_NSAT,D,BDL,dom_int,4,2.54,Goal,Root/div/carrier/station/dom_int,PREM_FB_NSAT/OBS/ML/BDL/D,1,No
PREM_FB_NSAT,FC,D,cabin,5,100.0,Goal,Root/div/carrier/station/dom_int/cabin,PREM_FB_NSAT/OBS/ML/BDL/D/FC,2,No
PREM_FB_NSAT,Bev,FC,variant,6,78.12,Goal,Root/div/carrier/station/dom_int/cabin/variant,PREM_FB_NSAT/OBS/ML/BDL/D/FC/Bev,0,Yes
PREM_FB_NSAT,Meal,FC,variant,6,21.88,Goal,Root/div/carrier/station/dom_int/cabin/variant,PREM_FB_NSAT/OBS/ML/BDL/D/FC/Meal,0,Yes
PREM_FB_NSAT,BNA,ML,station,3,1.02,Goal,Root/div/carrier/station,PREM_FB_NSAT/OBS/ML/BNA,8,No
PREM_FB_NSAT,DAL,BNA,caterer,4,4.4,Goal,Root/div/carrier/station/caterer,PREM_FB_NSAT/OBS/ML/BNA/DAL,1,No
PREM_FB_NSAT,dnata,DAL,kitchen,5,100.0,Goal,Root/div/carrier/station/caterer/kitchen,PREM_FB_NSAT/OBS/ML/BNA/DAL/dnata,1,No
PREM_FB_NSAT,D,dnata,dom_int,6,100.0,Goal,Root/div/carrier/station/caterer/kitchen/dom_int,PREM_FB_NSAT/OBS/ML/BNA/DAL/dnata/D,1,No
PREM_FB_NSAT,FC,D,cabin,7,100.0,Goal,Root/div/carrier/station/caterer/kitchen/dom_int/cabin,PREM_FB_NSAT/OBS/ML/BNA/DAL/dnata/D/FC,1,No
PREM_FB_NSAT,Bev,FC,variant,8,100.0,Goal,Root/div/carrier/station/caterer/kitchen/dom_int/cabin/variant,PREM_FB_NSAT/OBS/ML/BNA/DAL/dnata/D/FC/Bev,0,Yes
PREM_FB_NSAT,dnata,BNA,caterer,4,21.22,Goal,Root/div/carrier/station/caterer,PREM_FB_NSAT/OBS/ML/BNA/dnata,1,No
PREM_FB_NSAT,dnata,dnata,kitchen,5,100.0,Goal,Root/div/carrier/station/caterer/kitchen,PREM_FB_NSAT/OBS/ML/BNA/dnata/dnata,1,No
PREM_FB_NSAT,D,dnata,dom_int,6,100.0,Goal,Root/div/carrier/station/caterer/kitchen/dom_int,PREM_FB_NSAT/OBS/ML/BNA/dnata/dnata/D,1,No
PREM_FB_NSAT,FC,D,cabin,7,100.0,Goal,Root/div/carrier/station/caterer/kitchen/dom_int/cabin,PREM_FB_NSAT/OBS/ML/BNA/dnata/dnata/D/FC,2,No
PREM_FB_NSAT,Bev,FC,variant,8,56.07,Goal,Root/div/carrier/station/caterer/kitchen/dom_int/cabin/variant,PREM_FB_NSAT/OBS/ML/BNA/dnata/dnata/D/FC/Bev,0,Yes
PREM_FB_NSAT,Meal,FC,variant,8,43.93,Goal,Root/div/carrier/station/caterer/kitchen/dom_int/cabin/variant,PREM_FB_NSAT/OBS/ML/BNA/dnata/dnata/D/FC/Meal,0,Yes
PREM_FB_NSAT,DOCO,BNA,caterer,4,3.1,Goal,Root/div/carrier/station/caterer,PREM_FB_NSAT/OBS/ML/BNA/DOCO,1,No
PREM_FB_NSAT,dnata,DOCO,kitchen,5,100.0,Goal,Root/div/carrier/station/caterer/kitchen,PREM_FB_NSAT/OBS/ML/BNA/DOCO/dnata,1,No
PREM_FB_NSAT,D,dnata,dom_int,6,100.0,Goal,Root/div/carrier/station/caterer/kitchen/dom_int,PREM_FB_NSAT/OBS/ML/BNA/DOCO/dnata/D,1,No
PREM_FB_NSAT,FC,D,cabin,7,100.0,Goal,Root/div/carrier/station/caterer/kitchen/dom_int/cabin,PREM_FB_NSAT/OBS/ML/BNA/DOCO/dnata/D/FC,1,No
PREM_FB_NSAT,Bev,FC,variant,8,100.0,Goal,Root/div/carrier/station/caterer/kitchen/dom_int/cabin/variant,PREM_FB_NSAT/OBS/ML/BNA/DOCO/dnata/D/FC/Bev,0,Yes
PREM_FB_NSAT,GG,BNA,caterer,4,23.7,Goal,Root/div/carrier/station/caterer,PREM_FB_NSAT/OBS/ML/BNA/GG,1,No
PREM_FB_NSAT,dnata,GG,kitchen,5,100.0,Goal,Root/div/carrier/station/caterer/kitchen,PREM_FB_NSAT/OBS/ML/BNA/GG/dnata,1,No
PREM_FB_NSAT,D,dnata,dom_int,6,100.0,Goal,Root/div/carrier/station/caterer/kitchen/dom_int,PREM_FB_NSAT/OBS/ML/BNA/GG/dnata/D,1,No
PREM_FB_NSAT,FC,D,cabin,7,100.0,Goal,Root/div/carrier/station/caterer/kitchen/dom_int/cabin,PREM_FB_NSAT/OBS/ML/BNA/GG/dnata/D/FC,1,No
PREM_FB_NSAT,Bev,FC,variant,8,100.0,Goal,Root/div/carrier/station/caterer/kitchen/dom_int/cabin/variant,PREM_FB_NSAT/OBS/ML/BNA/GG/dnata/D/FC/Bev,0,Yes
PREM_FB_NSAT,GourmetToG,BNA,caterer,4,7.46,Goal,Root/div/carrier/station/caterer,PREM_FB_NSAT/OBS/ML/BNA/GourmetToG,1,No
PREM_FB_NSAT,GourmetToGo,GourmetToG,kitchen,5,100.0,Goal,Root/div/carrier/station/caterer/kitchen,PREM_FB_NSAT/OBS/ML/BNA/GourmetToG/GourmetToGo,1,No
PREM_FB_NSAT,D,GourmetToGo,dom_int,6,100.0,Goal,Root/div/carrier/station/caterer/kitchen/dom_int,PREM_FB_NSAT/OBS/ML/BNA/GourmetToG/GourmetToGo/D,1,No
PREM_FB_NSAT,FC,D,cabin,7,100.0,Goal,Root/div/carrier/station/caterer/kitchen/dom_int/cabin,PREM_FB_NSAT/OBS/ML/BNA/GourmetToG/GourmetToGo/D/FC,2,No
PREM_FB_NSAT,Bev,FC,variant,8,24.73,Goal,Root/div/carrier/station/caterer/kitchen/dom_int/cabin/variant,PREM_FB_NSAT/OBS/ML/BNA/GourmetToG/GourmetToGo/D/FC/Bev,0,Yes
PREM_FB_NSAT,Meal,FC,variant,8,75.27,Goal,Root/div/carrier/station/caterer/kitchen/dom_int/cabin/variant,PREM_FB_NSAT/OBS/ML/BNA/GourmetToG/GourmetToGo/D/FC/Meal,0,Yes
PREM_FB_NSAT,MA-US,BNA,caterer,4,19.7,Goal,Root/div/carrier/station/caterer,PREM_FB_NSAT/OBS/ML/BNA/MA-US,1,No
PREM_FB_NSAT,MA_US,MA-US,kitchen,5,100.0,Goal,Root/div/carrier/station/caterer/kitchen,PREM_FB_NSAT/OBS/ML/BNA/MA-US/MA_US,1,No
PREM_FB_NSAT,D,MA_US,dom_int,6,100.0,Goal,Root/div/carrier/station/caterer/kitchen/dom_int,PREM_FB_NSAT/OBS/ML/BNA/MA-US/MA_US/D,1,No
PREM_FB_NSAT,FC,D,cabin,7,100.0,Goal,Root/div/carrier/station/caterer/kitchen/dom_int/cabin,PREM_FB_NSAT/OBS/ML/BNA/MA-US/MA_US/D/FC,1,No
PREM_FB_NSAT,Meal,FC,variant,8,100.0,Goal,Root/div/carrier/station/caterer/kitchen/dom_int/cabin/variant,PREM_FB_NSAT/OBS/ML/BNA/MA-US/MA_US/D/FC/Meal,0,Yes
PREM_FB_NSAT,Newrest,BNA,caterer,4,18.65,Goal,Root/div/carrier/station/caterer,PREM_FB_NSAT/OBS/ML/BNA/Newrest,1,No
PREM_FB_NSAT,dnata,Newrest,kitchen,5,100.0,Goal,Root/div/carrier/station/caterer/kitchen,PREM_FB_NSAT/OBS/ML/BNA/Newrest/dnata,1,No
PREM_FB_NSAT,D,dnata,dom_int,6,100.0,Goal,Root/div/carrier/station/caterer/kitchen/dom_int,PREM_FB_NSAT/OBS/ML/BNA/Newrest/dnata/D,1,No
PREM_FB_NSAT,FC,D,cabin,7,100.0,Goal,Root/div/carrier/station/caterer/kitchen/dom_int/cabin,PREM_FB_NSAT/OBS/ML/BNA/Newrest/dnata/D/FC,2,No
PREM_FB_NSAT,Bev,FC,variant,8,38.68,Goal,Root/div/carrier/station/caterer/kitchen/dom_int/cabin/variant,PREM_FB_NSAT/OBS/ML/BNA/Newrest/dnata/D/FC/Bev,0,Yes
PREM_FB_NSAT,Meal,FC,variant,8,61.32,Goal,Root/div/carrier/station/caterer/kitchen/dom_int/cabin/variant,PREM_FB_NSAT/OBS/ML/BNA/Newrest/dnata/D/FC/Meal,0,Yes
PREM_FB_NSAT,D,BNA,dom_int,4,1.77,Goal,Root/div/carrier/station/dom_int,PREM_FB_NSAT/OBS/ML/BNA/D,1,No
PREM_FB_NSAT,FC,D,cabin,5,100.0,Goal,Root/div/carrier/station/dom_int/cabin,PREM_FB_NSAT/OBS/ML/BNA/D/FC,2,No
PREM_FB_NSAT,Bev,FC,variant,6,29.97,Goal,Root/div/carrier/station/dom_int/cabin/variant,PREM_FB_NSAT/OBS/ML/BNA/D/FC/Bev,0,Yes
PREM_FB_NSAT,Meal,FC,variant,6,70.03,Goal,Root/div/carrier/station/dom_int/cabin/variant,PREM_FB_NSAT/OBS/ML/BNA/D/FC/Meal,0,Yes
PREM_FB_NSAT,BOS,ML,station,3,0.46,Goal,Root/div/carrier/station,PREM_FB_NSAT/OBS/ML/BOS,4,No
PREM_FB_NSAT,ABM,BOS,caterer,4,6.05,Goal,Root/div/carrier/station/caterer,PREM_FB_NSAT/OBS/ML/BOS/ABM,1,No
PREM_FB_NSAT,ABM,ABM,kitchen,5,100.0,Goal,Root/div/carrier/station/caterer/kitchen,PREM_FB_NSAT/OBS/ML/BOS/ABM/ABM,1,No
PREM_FB_NSAT,D,ABM,dom_int,6,100.0,Goal,Root/div/carrier/station/caterer/kitchen/dom_int,PREM_FB_NSAT/OBS/ML/BOS/ABM/ABM/D,1,No
PREM_FB_NSAT,FC,D,cabin,7,100.0,Goal,Root/div/carrier/station/caterer/kitchen/dom_int/cabin,PREM_FB_NSAT/OBS/ML/BOS/ABM/ABM/D/FC,2,No
PREM_FB_NSAT,Bev,FC,variant,8,66.82,Goal,Root/div/carrier/station/caterer/kitchen/dom_int/cabin/variant,PREM_FB_NSAT/OBS/ML/BOS/ABM/ABM/D/FC/Bev,0,Yes
PREM_FB_NSAT,Meal,FC,variant,8,33.18,Goal,Root/div/carrier/station/caterer/kitchen/dom_int/cabin/variant,PREM_FB_NSAT/OBS/ML/BOS/ABM/ABM/D/FC/Meal,0,Yes
PREM_FB_NSAT,DOCO,BOS,caterer,4,27.37,Goal,Root/div/carrier/station/caterer,PREM_FB_NSAT/OBS/ML/BOS/DOCO,1,No
PREM_FB_NSAT,DOCO,DOCO,kitchen,5,100.0,Goal,Root/div/carrier/station/caterer/kitchen,PREM_FB_NSAT/OBS/ML/BOS/DOCO/DOCO,1,No
PREM_FB_NSAT,D,DOCO,dom_int,6,100.0,Goal,Root/div/carrier/station/caterer/kitchen/dom_int,PREM_FB_NSAT/OBS/ML/BOS/DOCO/DOCO/D,1,No
PREM_FB_NSAT,FC,D,cabin,7,100.0,Goal,Root/div/carrier/station/caterer/kitchen/dom_int/cabin,PREM_FB_NSAT/OBS/ML/BOS/DOCO/DOCO/D/FC,2,No
PREM_FB_NSAT,Bev,FC,variant,8,36.91,Goal,Root/div/carrier/station/caterer/kitchen/dom_int/cabin/variant,PREM_FB_NSAT/OBS/ML/BOS/DOCO/DOCO/D/FC/Bev,0,Yes
PREM_FB_NSAT,Meal,FC,variant,8,63.09,Goal,Root/div/carrier/station/caterer/kitchen/dom_int/cabin/variant,PREM_FB_NSAT/OBS/ML/BOS/DOCO/DOCO/D/FC/Meal,0,Yes
PREM_FB_NSAT,D,BOS,dom_int,4,36.44,Goal,Root/div/carrier/station/dom_int,PREM_FB_NSAT/OBS/ML/BOS/D,1,No
PREM_FB_NSAT,FC,D,cabin,5,100.0,Goal,Root/div/carrier/station/dom_int/cabin,PREM_FB_NSAT/OBS/ML/BOS/D/FC,2,No
PREM_FB_NSAT,Bev,FC,variant,6,69.64,Goal,Root/div/carrier/station/dom_int/cabin/variant,PREM_FB_NSAT/OBS/ML/BOS/D/FC/Bev,0,Yes
PREM_FB_NSAT,Meal,FC,variant,6,30.36,Goal,Root/div/carrier/station/dom_int/cabin/variant,PREM_FB_NSAT/OBS/ML/BOS/D/FC/Meal,0,Yes
PREM_FB_NSAT,TATL,BOS,entity,4,30.14,Goal,Root/div/carrier/station/entity,PREM_FB_NSAT/OBS/ML/BOS/TATL,1,No
PREM_FB_NSAT,D1,TATL,cabin,5,100.0,Goal,Root/div/carrier/station/entity/cabin,PREM_FB_NSAT/OBS/ML/BOS/TATL/D1,0,Yes
PREM_FB_NSAT,BWI,ML,station,3,0.2,Goal,Root/div/carrier/station,PREM_FB_NSAT/OBS/ML/BWI,4,No
PREM_FB_NSAT,DOCO,BWI,caterer,4,8.51,Goal,Root/div/carrier/station/caterer,PREM_FB_NSAT/OBS/ML/BWI/DOCO,1,No
PREM_FB_NSAT,LSG,DOCO,kitchen,5,100.0,Goal,Root/div/carrier/station/caterer/kitchen,PREM_FB_NSAT/OBS/ML/BWI/DOCO/LSG,1,No
PREM_FB_NSAT,D,LSG,dom_int,6,100.0,Goal,Root/div/carrier/station/caterer/kitchen/dom_int,PREM_FB_NSAT/OBS/ML/BWI/DOCO/LSG/D,1,No
PREM_FB_NSAT,FC,D,cabin,7,100.0,Goal,Root/div/carrier/station/caterer/kitchen/dom_int/cabin,PREM_FB_NSAT/OBS/ML/BWI/DOCO/LSG/D/FC,1,No
PREM_FB_NSAT,Bev,FC,variant,8,100.0,Goal,Root/div/carrier/station/caterer/kitchen/dom_int/cabin/variant,PREM_FB_NSAT/OBS/ML/BWI/DOCO/LSG/D/FC/Bev,0,Yes
PREM_FB_NSAT,LSG,BWI,caterer,4,69.09,Goal,Root/div/carrier/station/caterer,PREM_FB_NSAT/OBS/ML/BWI/LSG,1,No
PREM_FB_NSAT,LSG,LSG,kitchen,5,100.0,Goal,Root/div/carrier/station/caterer/kitchen,PREM_FB_NSAT/OBS/ML/BWI/LSG/LSG,1,No
PREM_FB_NSAT,D,LSG,dom_int,6,100.0,Goal,Root/div/carrier/station/caterer/kitchen/dom_int,PREM_FB_NSAT/OBS/ML/BWI/LSG/LSG/D,1,No
PREM_FB_NSAT,FC,D,cabin,7,100.0,Goal,Root/div/carrier/station/caterer/kitchen/dom_int/cabin,PREM_FB_NSAT/OBS/ML/BWI/LSG/LSG/D/FC,2,No
PREM_FB_NSAT,Bev,FC,variant,8,12.45,Goal,Root/div/carrier/station/caterer/kitchen/dom_int/cabin/variant,PREM_FB_NSAT/OBS/ML/BWI/LSG/LSG/D/FC/Bev,0,Yes
PREM_FB_NSAT,Meal,FC,variant,8,87.55,Goal,Root/div/carrier/station/caterer/kitchen/dom_int/cabin/variant,PREM_FB_NSAT/OBS/ML/BWI/LSG/LSG/D/FC/Meal,0,Yes
PREM_FB_NSAT,Newrest,BWI,caterer,4,22.02,Goal,Root/div/carrier/station/caterer,PREM_FB_NSAT/OBS/ML/BWI/Newrest,1,No
PREM_FB_NSAT,LSG,Newrest,kitchen,5,100.0,Goal,Root/div/carrier/station/caterer/kitchen,PREM_FB_NSAT/OBS/ML/BWI/Newrest/LSG,1,No
PREM_FB_NSAT,D,LSG,dom_int,6,100.0,Goal,Root/div/carrier/station/caterer/kitchen/dom_int,PREM_FB_NSAT/OBS/ML/BWI/Newrest/LSG/D,1,No
PREM_FB_NSAT,FC,D,cabin,7,100.0,Goal,Root/div/carrier/station/caterer/kitchen/dom_int/cabin,PREM_FB_NSAT/OBS/ML/BWI/Newrest/LSG/D/FC,1,No
PREM_FB_NSAT,Bev,FC,variant,8,100.0,Goal,Root/div/carrier/station/caterer/kitchen/dom_int/cabin/variant,PREM_FB_NSAT/OBS/ML/BWI/Newrest/LSG/D/FC/Bev,0,Yes
PREM_FB_NSAT,D,BWI,dom_int,4,0.38,Goal,Root/div/carrier/station/dom_int,PREM_FB_NSAT/OBS/ML/BWI/D,1,No
PREM_FB_NSAT,FC,D,cabin,5,100.0,Goal,Root/div/carrier/station/dom_int/cabin,PREM_FB_NSAT/OBS/ML/BWI/D/FC,2,No
PREM_FB_NSAT,Bev,FC,variant,6,27.49,Goal,Root/div/carrier/station/dom_int/cabin/variant,PREM_FB_NSAT/OBS/ML/BWI/D/FC/Bev,0,Yes
PREM_FB_NSAT,Meal,FC,variant,6,72.51,Goal,Root/div/carrier/station/dom_int/cabin/variant,PREM_FB_NSAT/OBS/ML/BWI/D/FC/Meal,0,Yes
PREM_FB_NSAT,CDG,ML,station,3,0.54,Goal,Root/div/carrier/station,PREM_FB_NSAT/OBS/ML/CDG,3,No
PREM_FB_NSAT,Servair-FR,CDG,caterer,4,46.89,Goal,Root/div/carrier/station/caterer,PREM_FB_NSAT/OBS/ML/CDG/Servair-FR,1,No
PREM_FB_NSAT,Servair_FR,Servair-FR,kitchen,5,100.0,Goal,Root/div/carrier/station/caterer/kitchen,PREM_FB_NSAT/OBS/ML/CDG/Servair-FR/Servair_FR,1,No
PREM_FB_NSAT,D,Servair_FR,dom_int,6,100.0,Goal,Root/div/carrier/station/caterer/kitchen/dom_int,PREM_FB_NSAT/OBS/ML/CDG/Servair-FR/Servair_FR/D,1,No
PREM_FB_NSAT,FC,D,cabin,7,100.0,Goal,Root/div/carrier/station/caterer/kitchen/dom_int/cabin,PREM_FB_NSAT/OBS/ML/CDG/Servair-FR/Servair_FR/D/FC,1,No
PREM_FB_NSAT,Bev,FC,variant,8,100.0,Goal,Root/div/carrier/station/caterer/kitchen/dom_int/cabin/variant,PREM_FB_NSAT/OBS/ML/CDG/Servair-FR/Servair_FR/D/FC/Bev,0,Yes
PREM_FB_NSAT,D,CDG,dom_int,4,28.33,Goal,Root/div/carrier/station/dom_int,PREM_FB_NSAT/OBS/ML/CDG/D,1,No
PREM_FB_NSAT,FC,D,cabin,5,100.0,Goal,Root/div/carrier/station/dom_int/cabin,PREM_FB_NSAT/OBS/ML/CDG/D/FC,1,No
PREM_FB_NSAT,Bev,FC,variant,6,100.0,Goal,Root/div/carrier/station/dom_int/cabin/variant,PREM_FB_NSAT/OBS/ML/CDG/D/FC/Bev,0,Yes
PREM_FB_NSAT,TATL,CDG,entity,4,24.78,Goal,Root/div/carrier/station/entity,PREM_FB_NSAT/OBS/ML/CDG/TATL,1,No
PREM_FB_NSAT,D1,TATL,cabin,5,100.0,Goal,Root/div/carrier/station/entity/cabin,PREM_FB_NSAT/OBS/ML/CDG/TATL/D1,0,Yes
PREM_FB_NSAT,CLE,ML,station,3,0.31,Goal,Root/div/carrier/station,PREM_FB_NSAT/OBS/ML/CLE,2,No
PREM_FB_NSAT,Chelsea,CLE,caterer,4,60.8,Goal,Root/div/carrier/station/caterer,PREM_FB_NSAT/OBS/ML/CLE/Chelsea,1,No
PREM_FB_NSAT,Chelsea,Chelsea,kitchen,5,100.0,Goal,Root/div/carrier/station/caterer/kitchen,PREM_FB_NSAT/OBS/ML/CLE/Chelsea/Chelsea,1,No
PREM_FB_NSAT,D,Chelsea,dom_int,6,100.0,Goal,Root/div/carrier/station/caterer/kitchen/dom_int,PREM_FB_NSAT/OBS/ML/CLE/Chelsea/Chelsea/D,1,No
PREM_FB_NSAT,FC,D,cabin,7,100.0,Goal,Root/div/carrier/station/caterer/kitchen/dom_int/cabin,PREM_FB_NSAT/OBS/ML/CLE/Chelsea/Chelsea/D/FC,1,No
PREM_FB_NSAT,Meal,FC,variant,8,100.0,Goal,Root/div/carrier/station/caterer/kitchen/dom_int/cabin/variant,PREM_FB_NSAT/OBS/ML/CLE/Chelsea/Chelsea/D/FC/Meal,0,Yes
PREM_FB_NSAT,D,CLE,dom_int,4,39.2,Goal,Root/div/carrier/station/dom_int,PREM_FB_NSAT/OBS/ML/CLE/D,1,No
PREM_FB_NSAT,FC,D,cabin,5,100.0,Goal,Root/div/carrier/station/dom_int/cabin,PREM_FB_NSAT/OBS/ML/CLE/D/FC,1,No
PREM_FB_NSAT,Meal,FC,variant,6,100.0,Goal,Root/div/carrier/station/dom_int/cabin/variant,PREM_FB_NSAT/OBS/ML/CLE/D/FC/Meal,0,Yes
PREM_FB_NSAT,CLT,ML,station,3,0.43,Goal,Root/div/carrier/station,PREM_FB_NSAT/OBS/ML/CLT,2,No
PREM_FB_NSAT,LSG,CLT,caterer,4,30.93,Goal,Root/div/carrier/station/caterer,PREM_FB_NSAT/OBS/ML/CLT/LSG,1,No
PREM_FB_NSAT,LSG,LSG,kitchen,5,100.0,Goal,Root/div/carrier/station/caterer/kitchen,PREM_FB_NSAT/OBS/ML/CLT/LSG/LSG,1,No
PREM_FB_NSAT,D,LSG,dom_int,6,100.0,Goal,Root/div/carrier/station/caterer/kitchen/dom_int,PREM_FB_NSAT/OBS/ML/CLT/LSG/LSG/D,1,No
PREM_FB_NSAT,FC,D,cabin,7,100.0,Goal,Root/div/carrier/station/caterer/kitchen/dom_int/cabin,PREM_FB_NSAT/OBS/ML/CLT/LSG/LSG/D/FC,2,No
PREM_FB_NSAT,Bev,FC,variant,8,10.53,Goal,Root/div/carrier/station/caterer/kitchen/dom_int/cabin/variant,PREM_FB_NSAT/OBS/ML/CLT/LSG/LSG/D/FC/Bev,0,Yes
PREM_FB_NSAT,Meal,FC,variant,8,89.47,Goal,Root/div/carrier/station/caterer/kitchen/dom_int/cabin/variant,PREM_FB_NSAT/OBS/ML/CLT/LSG/LSG/D/FC/Meal,0,Yes
PREM_FB_NSAT,D,CLT,dom_int,4,69.07,Goal,Root/div/carrier/station/dom_int,PREM_FB_NSAT/OBS/ML/CLT/D,1,No
PREM_FB_NSAT,FC,D,cabin,5,100.0,Goal,Root/div/carrier/station/dom_int/cabin,PREM_FB_NSAT/OBS/ML/CLT/D/FC,2,No
PREM_FB_NSAT,Bev,FC,variant,6,45.12,Goal,Root/div/carrier/station/dom_int/cabin/variant,PREM_FB_NSAT/OBS/ML/CLT/D/FC/Bev,0,Yes
PREM_FB_NSAT,Meal,FC,variant,6,54.88,Goal,Root/div/carrier/station/dom_int/cabin/variant,PREM_FB_NSAT/OBS/ML/CLT/D/FC/Meal,0,Yes
PREM_FB_NSAT,CMH,ML,station,3,0.75,Goal,Root/div/carrier/station,PREM_FB_NSAT/OBS/ML/CMH,2,No
PREM_FB_NSAT,GG,CMH,caterer,4,39.37,Goal,Root/div/carrier/station/caterer,PREM_FB_NSAT/OBS/ML/CMH/GG,1,No
PREM_FB_NSAT,GGI,GG,kitchen,5,100.0,Goal,Root/div/carrier/station/caterer/kitchen,PREM_FB_NSAT/OBS/ML/CMH/GG/GGI,1,No
PREM_FB_NSAT,D,GGI,dom_int,6,100.0,Goal,Root/div/carrier/station/caterer/kitchen/dom_int,PREM_FB_NSAT/OBS/ML/CMH/GG/GGI/D,1,No
PREM_FB_NSAT,FC,D,cabin,7,100.0,Goal,Root/div/carrier/station/caterer/kitchen/dom_int/cabin,PREM_FB_NSAT/OBS/ML/CMH/GG/GGI/D/FC,1,No
PREM_FB_NSAT,Bev,FC,variant,8,100.0,Goal,Root/div/carrier/station/caterer/kitchen/dom_int/cabin/variant,PREM_FB_NSAT/OBS/ML/CMH/GG/GGI/D/FC/Bev,0,Yes
PREM_FB_NSAT,D,CMH,dom_int,4,60.63,Goal,Root/div/carrier/station/dom_int,PREM_FB_NSAT/OBS/ML/CMH/D,1,No
PREM_FB_NSAT,FC,D,cabin,5,100.0,Goal,Root/div/carrier/station/dom_int/cabin,PREM_FB_NSAT/OBS/ML/CMH/D/FC,1,No
PREM_FB_NSAT,Bev,FC,variant,6,100.0,Goal,Root/div/carrier/station/dom_int/cabin/variant,PREM_FB_NSAT/OBS/ML/CMH/D/FC/Bev,0,Yes
PREM_FB_NSAT,CUN,ML,station,3,0.74,Goal,Root/div/carrier/station,PREM_FB_NSAT/OBS/ML/CUN,2,No
PREM_FB_NSAT,Newrest,CUN,caterer,4,58.69,Goal,Root/div/carrier/station/caterer,PREM_FB_NSAT/OBS/ML/CUN/Newrest,1,No
PREM_FB_NSAT,Newrest_MX,Newrest,kitchen,5,100.0,Goal,Root/div/carrier/station/caterer/kitchen,PREM_FB_NSAT/OBS/ML/CUN/Newrest/Newrest_MX,1,No
PREM_FB_NSAT,D,Newrest_MX,dom_int,6,100.0,Goal,Root/div/carrier/station/caterer/kitchen/dom_int,PREM_FB_NSAT/OBS/ML/CUN/Newrest/Newrest_MX/D,1,No
PREM_FB_NSAT,FC,D,cabin,7,100.0,Goal,Root/div/carrier/station/caterer/kitchen/dom_int/cabin,PREM_FB_NSAT/OBS/ML/CUN/Newrest/Newrest_MX/D/FC,1,No
PREM_FB_NSAT,Meal,FC,variant,8,100.0,Goal,Root/div/carrier/station/caterer/kitchen/dom_int/cabin/variant,PREM_FB_NSAT/OBS/ML/CUN/Newrest/Newrest_MX/D/FC/Meal,0,Yes
PREM_FB_NSAT,D,CUN,dom_int,4,41.31,Goal,Root/div/carrier/station/dom_int,PREM_FB_NSAT/OBS/ML/CUN/D,1,No
PREM_FB_NSAT,FC,D,cabin,5,100.0,Goal,Root/div/carrier/station/dom_int/cabin,PREM_FB_NSAT/OBS/ML/CUN/D/FC,1,No
PREM_FB_NSAT,Meal,FC,variant,6,100.0,Goal,Root/div/carrier/station/dom_int/cabin/variant,PREM_FB_NSAT/OBS/ML/CUN/D/FC/Meal,0,Yes
PREM_FB_NSAT,CVG,ML,station,3,0.54,Goal,Root/div/carrier/station,PREM_FB_NSAT/OBS/ML/CVG,6,No
PREM_FB_NSAT,DAL,CVG,caterer,4,14.55,Goal,Root/div/carrier/station/caterer,PREM_FB_NSAT/OBS/ML/CVG/DAL,1,No
PREM_FB_NSAT,GGI,DAL,kitchen,5,100.0,Goal,Root/div/carrier/station/caterer/kitchen,PREM_FB_NSAT/OBS/ML/CVG/DAL/GGI,1,No
PREM_FB_NSAT,D,GGI,dom_int,6,100.0,Goal,Root/div/carrier/station/caterer/kitchen/dom_int,PREM_FB_NSAT/OBS/ML/CVG/DAL/GGI/D,1,No
PREM_FB_NSAT,FC,D,cabin,7,100.0,Goal,Root/div/carrier/station/caterer/kitchen/dom_int/cabin,PREM_FB_NSAT/OBS/ML/CVG/DAL/GGI/D/FC,1,No
PREM_FB_NSAT,Bev,FC,variant,8,100.0,Goal,Root/div/carrier/station/caterer/kitchen/dom_int/cabin/variant,PREM_FB_NSAT/OBS/ML/CVG/DAL/GGI/D/FC/Bev,0,Yes
PREM_FB_NSAT,GG,CVG,caterer,4,19.33,Goal,Root/div/carrier/station/caterer,PREM_FB_NSAT/OBS/ML/CVG/GG,1,No
PREM_FB_NSAT,GGI,GG,kitchen,5,100.0,Goal,Root/div/carrier/station/caterer/kitchen,PREM_FB_NSAT/OBS/ML/CVG/GG/GGI,1,No
PREM_FB_NSAT,D,GGI,dom_int,6,100.0,Goal,Root/div/carrier/station/caterer/kitchen/dom_int,PREM_FB_NSAT/OBS/ML/CVG/GG/GGI/D,1,No
PREM_FB_NSAT,FC,D,cabin,7,100.0,Goal,Root/div/carrier/station/caterer/kitchen/dom_int/cabin,PREM_FB_NSAT/OBS/ML/CVG/GG/GGI/D/FC,2,No
PREM_FB_NSAT,Bev,FC,variant,8,89.79,Goal,Root/div/carrier/station/caterer/kitchen/dom_int/cabin/variant,PREM_FB_NSAT/OBS/ML/CVG/GG/GGI/D/FC/Bev,0,Yes
PREM_FB_NSAT,Meal,FC,variant,8,10.21,Goal,Root/div/carrier/station/caterer/kitchen/dom_int/cabin/variant,PREM_FB_NSAT/OBS/ML/CVG/GG/GGI/D/FC/Meal,0,Yes
PREM_FB_NSAT,LSG,CVG,caterer,4,23.05,Goal,Root/div/carrier/station/caterer,PREM_FB_NSAT/OBS/ML/CVG/LSG,1,No
PREM_FB_NSAT,GGI,LSG,kitchen,5,100.0,Goal,Root/div/carrier/station/caterer/kitchen,PREM_FB_NSAT/OBS/ML/CVG/LSG/GGI,1,No
PREM_FB_NSAT,D,GGI,dom_int,6,100.0,Goal,Root/div/carrier/station/caterer/kitchen/dom_int,PREM_FB_NSAT/OBS/ML/CVG/LSG/GGI/D,1,No
PREM_FB_NSAT,FC,D,cabin,7,100.0,Goal,Root/div/carrier/station/caterer/kitchen/dom_int/cabin,PREM_FB_NSAT/OBS/ML/CVG/LSG/GGI/D/FC,1,No
PREM_FB_NSAT,Bev,FC,variant,8,100.0,Goal,Root/div/carrier/station/caterer/kitchen/dom_int/cabin/variant,PREM_FB_NSAT/OBS/ML/CVG/LSG/GGI/D/FC/Bev,0,Yes
PREM_FB_NSAT,Newrest,CVG,caterer,4,8.73,Goal,Root/div/carrier/station/caterer,PREM_FB_NSAT/OBS/ML/CVG/Newrest,1,No
PREM_FB_NSAT,GGI,Newrest,kitchen,5,100.0,Goal,Root/div/carrier/station/caterer/kitchen,PREM_FB_NSAT/OBS/ML/CVG/Newrest/GGI,1,No
PREM_FB_NSAT,D,GGI,dom_int,6,100.0,Goal,Root/div/carrier/station/caterer/kitchen/dom_int,PREM_FB_NSAT/OBS/ML/CVG/Newrest/GGI/D,1,No
PREM_FB_NSAT,FC,D,cabin,7,100.0,Goal,Root/div/carrier/station/caterer/kitchen/dom_int/cabin,PREM_FB_NSAT/OBS/ML/CVG/Newrest/GGI/D/FC,1,No
PREM_FB_NSAT,Bev,FC,variant,8,100.0,Goal,Root/div/carrier/station/caterer/kitchen/dom_int/cabin/variant,PREM_FB_NSAT/OBS/ML/CVG/Newrest/GGI/D/FC/Bev,0,Yes
PREM_FB_NSAT,D,CVG,dom_int,4,0.34,Goal,Root/div/carrier/station/dom_int,PREM_FB_NSAT/OBS/ML/CVG/D,1,No
PREM_FB_NSAT,FC,D,cabin,5,100.0,Goal,Root/div/carrier/station/dom_int/cabin,PREM_FB_NSAT/OBS/ML/CVG/D/FC,2,No
PREM_FB_NSAT,Bev,FC,variant,6,66.27,Goal,Root/div/carrier/station/dom_int/cabin/variant,PREM_FB_NSAT/OBS/ML/CVG/D/FC/Bev,0,Yes
PREM_FB_NSAT,Meal,FC,variant,6,33.73,Goal,Root/div/carrier/station/dom_int/cabin/variant,PREM_FB_NSAT/OBS/ML/CVG/D/FC/Meal,0,Yes
PREM_FB_NSAT,TATL,CVG,entity,4,34.0,Goal,Root/div/carrier/station/entity,PREM_FB_NSAT/OBS/ML/CVG/TATL,1,No
PREM_FB_NSAT,D1,TATL,cabin,5,100.0,Goal,Root/div/carrier/station/entity/cabin,PREM_FB_NSAT/OBS/ML/CVG/TATL/D1,0,Yes
PREM_FB_NSAT,DAL,ML,station,3,0.77,Goal,Root/div/carrier/station,PREM_FB_NSAT/OBS/ML/DAL,2,No
PREM_FB_NSAT,LSG,DAL,caterer,4,47.89,Goal,Root/div/carrier/station/caterer,PREM_FB_NSAT/OBS/ML/DAL/LSG,1,No
PREM_FB_NSAT,LSG,LSG,kitchen,5,100.0,Goal,Root/div/carrier/station/caterer/kitchen,PREM_FB_NSAT/OBS/ML/DAL/LSG/LSG,1,No
PREM_FB_NSAT,D,LSG,dom_int,6,100.0,Goal,Root/div/carrier/station/caterer/kitchen/dom_int,PREM_FB_NSAT/OBS/ML/DAL/LSG/LSG/D,1,No
PREM_FB_NSAT,FC,D,cabin,7,100.0,Goal,Root/div/carrier/station/caterer/kitchen/dom_int/cabin,PREM_FB_NSAT/OBS/ML/DAL/LSG/LSG/D/FC,1,No
PREM_FB_NSAT,Meal,FC,variant,8,100.0,Goal,Root/div/carrier/station/caterer/kitchen/dom_int/cabin/variant,PREM_FB_NSAT/OBS/ML/DAL/LSG/LSG/D/FC/Meal,0,Yes
PREM_FB_NSAT,D,DAL,dom_int,4,52.11,Goal,Root/div/carrier/station/dom_int,PREM_FB_NSAT/OBS/ML/DAL/D,1,No
PREM_FB_NSAT,FC,D,cabin,5,100.0,Goal,Root/div/carrier/station/dom_int/cabin,PREM_FB_NSAT/OBS/ML/DAL/D/FC,1,No
PREM_FB_NSAT,Meal,FC,variant,6,100.0,Goal,Root/div/carrier/station/dom_int/cabin/variant,PREM_FB_NSAT/OBS/ML/DAL/D/FC/Meal,0,Yes
PREM_FB_NSAT,DCA,ML,station,3,0.99,Goal,Root/div/carrier/station,PREM_FB_NSAT/OBS/ML/DCA,5,No
PREM_FB_NSAT,DAL,DCA,caterer,4,18.97,Goal,Root/div/carrier/station/caterer,PREM_FB_NSAT/OBS/ML/DCA/DAL,1,No
PREM_FB_NSAT,LSG,DAL,kitchen,5,100.0,Goal,Root/div/carrier/station/caterer/kitchen,PREM_FB_NSAT/OBS/ML/DCA/DAL/LSG,1,No
PREM_FB_NSAT,D,LSG,dom_int,6,100.0,Goal,Root/div/carrier/station/caterer/kitchen/dom_int,PREM_FB_NSAT/OBS/ML/DCA/DAL/LSG/D,1,No
PREM_FB_NSAT,FC,D,cabin,7,100.0,Goal,Root/div/carrier/station/caterer/kitchen/dom_int/cabin,PREM_FB_NSAT/OBS/ML/DCA/DAL/LSG/D/FC,1,No
PREM_FB_NSAT,Bev,FC,variant,8,100.0,Goal,Root/div/carrier/station/caterer/kitchen/dom_int/cabin/variant,PREM_FB_NSAT/OBS/ML/DCA/DAL/LSG/D/FC/Bev,0,Yes
PREM_FB_NSAT,DOCO,DCA,caterer,4,6.4,Goal,Root/div/carrier/station/caterer,PREM_FB_NSAT/OBS/ML/DCA/DOCO,1,No
PREM_FB_NSAT,LSG,DOCO,kitchen,5,100.0,Goal,Root/div/carrier/station/caterer/kitchen,PREM_FB_NSAT/OBS/ML/DCA/DOCO/LSG,1,No
PREM_FB_NSAT,D,LSG,dom_int,6,100.0,Goal,Root/div/carrier/station/caterer/kitchen/dom_int,PREM_FB_NSAT/OBS/ML/DCA/DOCO/LSG/D,1,No
PREM_FB_NSAT,FC,D,cabin,7,100.0,Goal,Root/div/carrier/station/caterer/kitchen/dom_int/cabin,PREM_FB_NSAT/OBS/ML/DCA/DOCO/LSG/D/FC,1,No
PREM_FB_NSAT,Bev,FC,variant,8,100.0,Goal,Root/div/carrier/station/caterer/kitchen/dom_int/cabin/variant,PREM_FB_NSAT/OBS/ML/DCA/DOCO/LSG/D/FC/Bev,0,Yes
PREM_FB_NSAT,LSG,DCA,caterer,4,24.0,Goal,Root/div/carrier/station/caterer,PREM_FB_NSAT/OBS/ML/DCA/LSG,1,No
PREM_FB_NSAT,LSG,LSG,kitchen,5,100.0,Goal,Root/div/carrier/station/caterer/kitchen,PREM_FB_NSAT/OBS/ML/DCA/LSG/LSG,1,No
PREM_FB_NSAT,D,LSG,dom_int,6,100.0,Goal,Root/div/carrier/station/caterer/kitchen/dom_int,PREM_FB_NSAT/OBS/ML/DCA/LSG/LSG/D,1,No
PREM_FB_NSAT,FC,D,cabin,7,100.0,Goal,Root/div/carrier/station/caterer/kitchen/dom_int/cabin,PREM_FB_NSAT/OBS/ML/DCA/LSG/LSG/D/FC,2,No
PREM_FB_NSAT,Bev,FC,variant,8,9.21,Goal,Root/div/carrier/station/caterer/kitchen/dom_int/cabin/variant,PREM_FB_NSAT/OBS/ML/DCA/LSG/LSG/D/FC/Bev,0,Yes
PREM_FB_NSAT,Meal,FC,variant,8,90.79,Goal,Root/div/carrier/station/caterer/kitchen/dom_int/cabin/variant,PREM_FB_NSAT/OBS/ML/DCA/LSG/LSG/D/FC/Meal,0,Yes
PREM_FB_NSAT,Newrest,DCA,caterer,4,21.87,Goal,Root/div/carrier/station/caterer,PREM_FB_NSAT/OBS/ML/DCA/Newrest,1,No
PREM_FB_NSAT,LSG,Newrest,kitchen,5,100.0,Goal,Root/div/carrier/station/caterer/kitchen,PREM_FB_NSAT/OBS/ML/DCA/Newrest/LSG,1,No
PREM_FB_NSAT,D,LSG,dom_int,6,100.0,Goal,Root/div/carrier/station/caterer/kitchen/dom_int,PREM_FB_NSAT/OBS/ML/DCA/Newrest/LSG/D,1,No
PREM_FB_NSAT,FC,D,cabin,7,100.0,Goal,Root/div/carrier/station/caterer/kitchen/dom_int/cabin,PREM_FB_NSAT/OBS/ML/DCA/Newrest/LSG/D/FC,1,No
PREM_FB_NSAT,Bev,FC,variant,8,100.0,Goal,Root/div/carrier/station/caterer/kitchen/dom_int/cabin/variant,PREM_FB_NSAT/OBS/ML/DCA/Newrest/LSG/D/FC/Bev,0,Yes
PREM_FB_NSAT,D,DCA,dom_int,4,28.76,Goal,Root/div/carrier/station/dom_int,PREM_FB_NSAT/OBS/ML/DCA/D,1,No
PREM_FB_NSAT,FC,D,cabin,5,100.0,Goal,Root/div/carrier/station/dom_int/cabin,PREM_FB_NSAT/OBS/ML/DCA/D/FC,2,No
PREM_FB_NSAT,Bev,FC,variant,6,53.33,Goal,Root/div/carrier/station/dom_int/cabin/variant,PREM_FB_NSAT/OBS/ML/DCA/D/FC/Bev,0,Yes
PREM_FB_NSAT,Meal,FC,variant,6,46.67,Goal,Root/div/carrier/station/dom_int/cabin/variant,PREM_FB_NSAT/OBS/ML/DCA/D/FC/Meal,0,Yes
PREM_FB_NSAT,DEN,ML,station,3,0.3,Goal,Root/div/carrier/station,PREM_FB_NSAT/OBS/ML/DEN,5,No
PREM_FB_NSAT,DOCO,DEN,caterer,4,30.41,Goal,Root/div/carrier/station/caterer,PREM_FB_NSAT/OBS/ML/DEN/DOCO,1,No
PREM_FB_NSAT,LSG,DOCO,kitchen,5,100.0,Goal,Root/div/carrier/station/caterer/kitchen,PREM_FB_NSAT/OBS/ML/DEN/DOCO/LSG,1,No
PREM_FB_NSAT,D,LSG,dom_int,6,100.0,Goal,Root/div/carrier/station/caterer/kitchen/dom_int,PREM_FB_NSAT/OBS/ML/DEN/DOCO/LSG/D,1,No
PREM_FB_NSAT,FC,D,cabin,7,100.0,Goal,Root/div/carrier/station/caterer/kitchen/dom_int/cabin,PREM_FB_NSAT/OBS/ML/DEN/DOCO/LSG/D/FC,1,No
PREM_FB_NSAT,Meal,FC,variant,8,100.0,Goal,Root/div/carrier/station/caterer/kitchen/dom_int/cabin/variant,PREM_FB_NSAT/OBS/ML/DEN/DOCO/LSG/D/FC/Meal,0,Yes
PREM_FB_NSAT,GG,DEN,caterer,4,27.36,Goal,Root/div/carrier/station/caterer,PREM_FB_NSAT/OBS/ML/DEN/GG,1,No
PREM_FB_NSAT,LSG,GG,kitchen,5,100.0,Goal,Root/div/carrier/station/caterer/kitchen,PREM_FB_NSAT/OBS/ML/DEN/GG/LSG,1,No
PREM_FB_NSAT,D,LSG,dom_int,6,100.0,Goal,Root/div/carrier/station/caterer/kitchen/dom_int,PREM_FB_NSAT/OBS/ML/DEN/GG/LSG/D,1,No
PREM_FB_NSAT,FC,D,cabin,7,100.0,Goal,Root/div/carrier/station/caterer/kitchen/dom_int/cabin,PREM_FB_NSAT/OBS/ML/DEN/GG/LSG/D/FC,1,No
PREM_FB_NSAT,Bev,FC,variant,8,100.0,Goal,Root/div/carrier/station/caterer/kitchen/dom_int/cabin/variant,PREM_FB_NSAT/OBS/ML/DEN/GG/LSG/D/FC/Bev,0,Yes
PREM_FB_NSAT,LSG,DEN,caterer,4,29.2,Goal,Root/div/carrier/station/caterer,PREM_FB_NSAT/OBS/ML/DEN/LSG,1,No
PREM_FB_NSAT,LSG,LSG,kitchen,5,100.0,Goal,Root/div/carrier/station/caterer/kitchen,PREM_FB_NSAT/OBS/ML/DEN/LSG/LSG,1,No
PREM_FB_NSAT,D,LSG,dom_int,6,100.0,Goal,Root/div/carrier/station/caterer/kitchen/dom_int,PREM_FB_NSAT/OBS/ML/DEN/LSG/LSG/D,1,No
PREM_FB_NSAT,FC,D,cabin,7,100.0,Goal,Root/div/carrier/station/caterer/kitchen/dom_int/cabin,PREM_FB_NSAT/OBS/ML/DEN/LSG/LSG/D/FC,2,No
PREM_FB_NSAT,Bev,FC,variant,8,88.98,Goal,Root/div/carrier/station/caterer/kitchen/dom_int/cabin/variant,PREM_FB_NSAT/OBS/ML/DEN/LSG/LSG/D/FC/Bev,0,Yes
PREM_FB_NSAT,Meal,FC,variant,8,11.02,Goal,Root/div/carrier/station/caterer/kitchen/dom_int/cabin/variant,PREM_FB_NSAT/OBS/ML/DEN/LSG/LSG/D/FC/Meal,0,Yes
PREM_FB_NSAT,Newrest,DEN,caterer,4,0.45,Goal,Root/div/carrier/station/caterer,PREM_FB_NSAT/OBS/ML/DEN/Newrest,1,No
PREM_FB_NSAT,LSG,Newrest,kitchen,5,100.0,Goal,Root/div/carrier/station/caterer/kitchen,PREM_FB_NSAT/OBS/ML/DEN/Newrest/LSG,1,No
PREM_FB_NSAT,D,LSG,dom_int,6,100.0,Goal,Root/div/carrier/station/caterer/kitchen/dom_int,PREM_FB_NSAT/OBS/ML/DEN/Newrest/LSG/D,1,No
PREM_FB_NSAT,FC,D,cabin,7,100.0,Goal,Root/div/carrier/station/caterer/kitchen/dom_int/cabin,PREM_FB_NSAT/OBS/ML/DEN/Newrest/LSG/D/FC,2,No
PREM_FB_NSAT,Bev,FC,variant,8,29.96,Goal,Root/div/carrier/station/caterer/kitchen/dom_int/cabin/variant,PREM_FB_NSAT/OBS/ML/DEN/Newrest/LSG/D/FC/Bev,0,Yes
PREM_FB_NSAT,Meal,FC,variant,8,70.04,Goal,Root/div/carrier/station/caterer/kitchen/dom_int/cabin/variant,PREM_FB_NSAT/OBS/ML/DEN/Newrest/LSG/D/FC/Meal,0,Yes
PREM_FB_NSAT,D,DEN,dom_int,4,12.58,Goal,Root/div/carrier/station/dom_int,PREM_FB_NSAT/OBS/ML/DEN/D,1,No
PREM_FB_NSAT,FC,D,cabin,5,100.0,Goal,Root/div/carrier/station/dom_int/cabin,PREM_FB_NSAT/OBS/ML/DEN/D/FC,2,No
PREM_FB_NSAT,Bev,FC,variant,6,45.9,Goal,Root/div/carrier/station/dom_int/cabin/variant,PREM_FB_NSAT/OBS/ML/DEN/D/FC/Bev,0,Yes
PREM_FB_NSAT,Meal,FC,variant,6,54.1,Goal,Root/div/carrier/station/dom_int/cabin/variant,PREM_FB_NSAT/OBS/ML/DEN/D/FC/Meal,0,Yes
PREM_FB_NSAT,DFW,ML,station,3,0.19,Goal,Root/div/carrier/station,PREM_FB_NSAT/OBS/ML/DFW,5,No
PREM_FB_NSAT,DAL,DFW,caterer,4,37.13,Goal,Root/div/carrier/station/caterer,PREM_FB_NSAT/OBS/ML/DFW/DAL,1,No
PREM_FB_NSAT,LSG,DAL,kitchen,5,100.0,Goal,Root/div/carrier/station/caterer/kitchen,PREM_FB_NSAT/OBS/ML/DFW/DAL/LSG,1,No
PREM_FB_NSAT,D,LSG,dom_int,6,100.0,Goal,Root/div/carrier/station/caterer/kitchen/dom_int,PREM_FB_NSAT/OBS/ML/DFW/DAL/LSG/D,1,No
PREM_FB_NSAT,FC,D,cabin,7,100.0,Goal,Root/div/carrier/station/caterer/kitchen/dom_int/cabin,PREM_FB_NSAT/OBS/ML/DFW/DAL/LSG/D/FC,1,No
PREM_FB_NSAT,Bev,FC,variant,8,100.0,Goal,Root/div/carrier/station/caterer/kitchen/dom_int/cabin/variant,PREM_FB_NSAT/OBS/ML/DFW/DAL/LSG/D/FC/Bev,0,Yes
PREM_FB_NSAT,GG,DFW,caterer,4,29.21,Goal,Root/div/carrier/station/caterer,PREM_FB_NSAT/OBS/ML/DFW/GG,1,No
PREM_FB_NSAT,LSG,GG,kitchen,5,100.0,Goal,Root/div/carrier/station/caterer/kitchen,PREM_FB_NSAT/OBS/ML/DFW/GG/LSG,1,No
PREM_FB_NSAT,D,LSG,dom_int,6,100.0,Goal,Root/div/carrier/station/caterer/kitchen/dom_int,PREM_FB_NSAT/OBS/ML/DFW/GG/LSG/D,1,No
PREM_FB_NSAT,FC,D,cabin,7,100.0,Goal,Root/div/carrier/station/caterer/kitchen/dom_int/cabin,PREM_FB_NSAT/OBS/ML/DFW/GG/LSG/D/FC,1,No
PREM_FB_NSAT,Bev,FC,variant,8,100.0,Goal,Root/div/carrier/station/caterer/kitchen/dom_int/cabin/variant,PREM_FB_NSAT/OBS/ML/DFW/GG/LSG/D/FC/Bev,0,Yes
PREM_FB_NSAT,LSG,DFW,caterer,4,29.27,Goal,Root/div/carrier/station/caterer,PREM_FB_NSAT/OBS/ML/DFW/LSG,1,No
PREM_FB_NSAT,LSG,LSG,kitchen,5,100.0,Goal,Root/div/carrier/station/caterer/kitchen,PREM_FB_NSAT/OBS/ML/DFW/LSG/LSG,1,No
PREM_FB_NSAT,D,LSG,dom_int,6,100.0,Goal,Root/div/carrier/station/caterer/kitchen/dom_int,PREM_FB_NSAT/OBS/ML/DFW/LSG/LSG/D,1,No
PREM_FB_NSAT,FC,D,cabin,7,100.0,Goal,Root/div/carrier/station/caterer/kitchen/dom_int/cabin,PREM_FB_NSAT/OBS/ML/DFW/LSG/LSG/D/FC,2,No
PREM_FB_NSAT,Bev,FC,variant,8,50.5,Goal,Root/div/carrier/station/caterer/kitchen/dom_int/cabin/variant,PREM_FB_NSAT/OBS/ML/DFW/LSG/LSG/D/FC/Bev,0,Yes
PREM_FB_NSAT,Meal,FC,variant,8,49.5,Goal,Root/div/carrier/station/caterer/kitchen/dom_int/cabin/variant,PREM_FB_NSAT/OBS/ML/DFW/LSG/LSG/D/FC/Meal,0,Yes
PREM_FB_NSAT,Newrest,DFW,caterer,4,3.8,Goal,Root/div/carrier/station/caterer,PREM_FB_NSAT/OBS/ML/DFW/Newrest,1,No
PREM_FB_NSAT,LSG,Newrest,kitchen,5,100.0,Goal,Root/div/carrier/station/caterer/kitchen,PREM_FB_NSAT/OBS/ML/DFW/Newrest/LSG,1,No
PREM_FB_NSAT,D,LSG,dom_int,6,100.0,Goal,Root/div/carrier/station/caterer/kitchen/dom_int,PREM_FB_NSAT/OBS/ML/DFW/Newrest/LSG/D,1,No
PREM_FB_NSAT,FC,D,cabin,7,100.0,Goal,Root/div/carrier/station/caterer/kitchen/dom_int/cabin,PREM_FB_NSAT/OBS/ML/DFW/Newrest/LSG/D/FC,1,No
PREM_FB_NSAT,Bev,FC,variant,8,100.0,Goal,Root/div/carrier/station/caterer/kitchen/dom_int/cabin/variant,PREM_FB_NSAT/OBS/ML/DFW/Newrest/LSG/D/FC/Bev,0,Yes
PREM_FB_NSAT,D,DFW,dom_int,4,0.59,Goal,Root/div/carrier/station/dom_int,PREM_FB_NSAT/OBS/ML/DFW/D,1,No
PREM_FB_NSAT,FC,D,cabin,5,100.0,Goal,Root/div/carrier/station/dom_int/cabin,PREM_FB_NSAT/OBS/ML/DFW/D/FC,2,No
PREM_FB_NSAT,Bev,FC,variant,6,34.92,Goal,Root/div/carrier/station/dom_int/cabin/variant,PREM_FB_NSAT/OBS/ML/DFW/D/FC/Bev,0,Yes
PREM_FB_NSAT,Meal,FC,variant,6,65.08,Goal,Root/div/carrier/station/dom_int/cabin/variant,PREM_FB_NSAT/OBS/ML/DFW/D/FC/Meal,0,Yes
PREM_FB_NSAT,DTW,ML,station,3,0.22,Goal,Root/div/carrier/station,PREM_FB_NSAT/OBS/ML/DTW,11,No
PREM_FB_NSAT,DGS,DTW,caterer,4,17.76,Goal,Root/div/carrier/station/caterer,PREM_FB_NSAT/OBS/ML/DTW/DGS,1,No
PREM_FB_NSAT,DOCO,DGS,kitchen,5,100.0,Goal,Root/div/carrier/station/caterer/kitchen,PREM_FB_NSAT/OBS/ML/DTW/DGS/DOCO,1,No
PREM_FB_NSAT,D,DOCO,dom_int,6,100.0,Goal,Root/div/carrier/station/caterer/kitchen/dom_int,PREM_FB_NSAT/OBS/ML/DTW/DGS/DOCO/D,1,No
PREM_FB_NSAT,FC,D,cabin,7,100.0,Goal,Root/div/carrier/station/caterer/kitchen/dom_int/cabin,PREM_FB_NSAT/OBS/ML/DTW/DGS/DOCO/D/FC,1,No
PREM_FB_NSAT,Bev,FC,variant,8,100.0,Goal,Root/div/carrier/station/caterer/kitchen/dom_int/cabin/variant,PREM_FB_NSAT/OBS/ML/DTW/DGS/DOCO/D/FC/Bev,0,Yes
PREM_FB_NSAT,DOCO,DTW,caterer,4,11.11,Goal,Root/div/carrier/station/caterer,PREM_FB_NSAT/OBS/ML/DTW/DOCO,2,No
PREM_FB_NSAT,DOCO,DOCO,kitchen,5,57.01,Goal,Root/div/carrier/station/caterer/kitchen,PREM_FB_NSAT/OBS/ML/DTW/DOCO/DOCO,3,No
PREM_FB_NSAT,D,DOCO,dom_int,6,41.85,Goal,Root/div/carrier/station/caterer/kitchen/dom_int,PREM_FB_NSAT/OBS/ML/DTW/DOCO/DOCO/D,1,No
PREM_FB_NSAT,FC,D,cabin,7,100.0,Goal,Root/div/carrier/station/caterer/kitchen/dom_int/cabin,PREM_FB_NSAT/OBS/ML/DTW/DOCO/DOCO/D/FC,2,No
PREM_FB_NSAT,Bev,FC,variant,8,6.59,Goal,Root/div/carrier/station/caterer/kitchen/dom_int/cabin/variant,PREM_FB_NSAT/OBS/ML/DTW/DOCO/DOCO/D/FC/Bev,0,Yes
PREM_FB_NSAT,Meal,FC,variant,8,93.41,Goal,Root/div/carrier/station/caterer/kitchen/dom_int/cabin/variant,PREM_FB_NSAT/OBS/ML/DTW/DOCO/DOCO/D/FC/Meal,0,Yes
PREM_FB_NSAT,TATL,DOCO,entity,6,16.4,Goal,Root/div/carrier/station/caterer/kitchen/entity,PREM_FB_NSAT/OBS/ML/DTW/DOCO/DOCO/TATL,1,No
PREM_FB_NSAT,D1,TATL,cabin,7,100.0,Goal,Root/div/carrier/station/caterer/kitchen/entity/cabin,PREM_FB_NSAT/OBS/ML/DTW/DOCO/DOCO/TATL/D1,0,Yes
PREM_FB_NSAT,TPAC,DOCO,entity,6,41.75,Goal,Root/div/carrier/station/caterer/kitchen/entity,PREM_FB_NSAT/OBS/ML/DTW/DOCO/DOCO/TPAC,1,No
PREM_FB_NSAT,D1,TPAC,cabin,7,100.0,Goal,Root/div/carrier/station/caterer/kitchen/entity/cabin,PREM_FB_NSAT/OBS/ML/DTW/DOCO/DOCO/TPAC/D1,0,Yes
PREM_FB_NSAT,DOCO_Comm,DOCO,kitchen,5,42.99,Goal,Root/div/carrier/station/caterer/kitchen,PREM_FB_NSAT/OBS/ML/DTW/DOCO/DOCO_Comm,3,No
PREM_FB_NSAT,D,DOCO_Comm,dom_int,6,23.94,Goal,Root/div/carrier/station/caterer/kitchen/dom_int,PREM_FB_NSAT/OBS/ML/DTW/DOCO/DOCO_Comm/D,1,No
PREM_FB_NSAT,FC,D,cabin,7,100.0,Goal,Root/div/carrier/station/caterer/kitchen/dom_int/cabin,PREM_FB_NSAT/OBS/ML/DTW/DOCO/DOCO_Comm/D/FC,2,No
PREM_FB_NSAT,Bev,FC,variant,8,30.57,Goal,Root/div/carrier/station/caterer/kitchen/dom_int/cabin/variant,PREM_FB_NSAT/OBS/ML/DTW/DOCO/DOCO_Comm/D/FC/Bev,0,Yes
PREM_FB_NSAT,Meal,FC,variant,8,69.43,Goal,Root/div/carrier/station/caterer/kitchen/dom_int/cabin/variant,PREM_FB_NSAT/OBS/ML/DTW/DOCO/DOCO_Comm/D/FC/Meal,0,Yes
PREM_FB_NSAT,TATL,DOCO_Comm,entity,6,34.1,Goal,Root/div/carrier/station/caterer/kitchen/entity,PREM_FB_NSAT/OBS/ML/DTW/DOCO/DOCO_Comm/TATL,1,No
PREM_FB_NSAT,D1,TATL,cabin,7,100.0,Goal,Root/div/carrier/station/caterer/kitchen/entity/cabin,PREM_FB_NSAT/OBS/ML/DTW/DOCO/DOCO_Comm/TATL/D1,0,Yes
PREM_FB_NSAT,TPAC,DOCO_Comm,entity,6,41.96,Goal,Root/div/carrier/station/caterer/kitchen/entity,PREM_FB_NSAT/OBS/ML/DTW/DOCO/DOCO_Comm/TPAC,1,No
PREM_FB_NSAT,D1,TPAC,cabin,7,100.0,Goal,Root/div/carrier/station/caterer/kitchen/entity/cabin,PREM_FB_NSAT/OBS/ML/DTW/DOCO/DOCO_Comm/TPAC/D1,0,Yes
PREM_FB_NSAT,FlyFoodGrp,DTW,caterer,4,5.72,Goal,Root/div/carrier/station/caterer,PREM_FB_NSAT/OBS/ML/DTW/FlyFoodGrp,1,No
PREM_FB_NSAT,DOCO,FlyFoodGrp,kitchen,5,100.0,Goal,Root/div/carrier/station/caterer/kitchen,PREM_FB_NSAT/OBS/ML/DTW/FlyFoodGrp/DOCO,1,No
PREM_FB_NSAT,D,DOCO,dom_int,6,100.0,Goal,Root/div/carrier/station/caterer/kitchen/dom_int,PREM_FB_NSAT/OBS/ML/DTW/FlyFoodGrp/DOCO/D,1,No
PREM_FB_NSAT,FC,D,cabin,7,100.0,Goal,Root/div/carrier/station/caterer/kitchen/dom_int/cabin,PREM_FB_NSAT/OBS/ML/DTW/FlyFoodGrp/DOCO/D/FC,1,No
PREM_FB_NSAT,Bev,FC,variant,8,100.0,Goal,Root/div/carrier/station/caterer/kitchen/dom_int/cabin/variant,PREM_FB_NSAT/OBS/ML/DTW/FlyFoodGrp/DOCO/D/FC/Bev,0,Yes
PREM_FB_NSAT,GG,DTW,caterer,4,17.45,Goal,Root/div/carrier/station/caterer,PREM_FB_NSAT/OBS/ML/DTW/GG,1,No
PREM_FB_NSAT,DOCO,GG,kitchen,5,100.0,Goal,Root/div/carrier/station/caterer/kitchen,PREM_FB_NSAT/OBS/ML/DTW/GG/DOCO,1,No
PREM_FB_NSAT,D,DOCO,dom_int,6,100.0,Goal,Root/div/carrier/station/caterer/kitchen/dom_int,PREM_FB_NSAT/OBS/ML/DTW/GG/DOCO/D,1,No
PREM_FB_NSAT,FC,D,cabin,7,100.0,Goal,Root/div/carrier/station/caterer/kitchen/dom_int/cabin,PREM_FB_NSAT/OBS/ML/DTW/GG/DOCO/D/FC,2,No
PREM_FB_NSAT,Bev,FC,variant,8,22.86,Goal,Root/div/carrier/station/caterer/kitchen/dom_int/cabin/variant,PREM_FB_NSAT/OBS/ML/DTW/GG/DOCO/D/FC/Bev,0,Yes
PREM_FB_NSAT,Meal,FC,variant,8,77.14,Goal,Root/div/carrier/station/caterer/kitchen/dom_int/cabin/variant,PREM_FB_NSAT/OBS/ML/DTW/GG/DOCO/D/FC/Meal,0,Yes
PREM_FB_NSAT,HMS,DTW,caterer,4,1.29,Goal,Root/div/carrier/station/caterer,PREM_FB_NSAT/OBS/ML/DTW/HMS,1,No
PREM_FB_NSAT,DOCO,HMS,kitchen,5,100.0,Goal,Root/div/carrier/station/caterer/kitchen,PREM_FB_NSAT/OBS/ML/DTW/HMS/DOCO,1,No
PREM_FB_NSAT,D,DOCO,dom_int,6,100.0,Goal,Root/div/carrier/station/caterer/kitchen/dom_int,PREM_FB_NSAT/OBS/ML/DTW/HMS/DOCO/D,1,No
PREM_FB_NSAT,FC,D,cabin,7,100.0,Goal,Root/div/carrier/station/caterer/kitchen/dom_int/cabin,PREM_FB_NSAT/OBS/ML/DTW/HMS/DOCO/D/FC,1,No
PREM_FB_NSAT,Meal,FC,variant,8,100.0,Goal,Root/div/carrier/station/caterer/kitchen/dom_int/cabin/variant,PREM_FB_NSAT/OBS/ML/DTW/HMS/DOCO/D/FC/Meal,0,Yes
PREM_FB_NSAT,LSG,DTW,caterer,4,5.85,Goal,Root/div/carrier/station/caterer,PREM_FB_NSAT/OBS/ML/DTW/LSG,1,No
PREM_FB_NSAT,DOCO,LSG,kitchen,5,100.0,Goal,Root/div/carrier/station/caterer/kitchen,PREM_FB_NSAT/OBS/ML/DTW/LSG/DOCO,1,No
PREM_FB_NSAT,D,DOCO,dom_int,6,100.0,Goal,Root/div/carrier/station/caterer/kitchen/dom_int,PREM_FB_NSAT/OBS/ML/DTW/LSG/DOCO/D,1,No
PREM_FB_NSAT,FC,D,cabin,7,100.0,Goal,Root/div/carrier/station/caterer/kitchen/dom_int/cabin,PREM_FB_NSAT/OBS/ML/DTW/LSG/DOCO/D/FC,2,No
PREM_FB_NSAT,Bev,FC,variant,8,14.68,Goal,Root/div/carrier/station/caterer/kitchen/dom_int/cabin/variant,PREM_FB_NSAT/OBS/ML/DTW/LSG/DOCO/D/FC/Bev,0,Yes
PREM_FB_NSAT,Meal,FC,variant,8,85.32,Goal,Root/div/carrier/station/caterer/kitchen/dom_int/cabin/variant,PREM_FB_NSAT/OBS/ML/DTW/LSG/DOCO/D/FC/Meal,0,Yes
PREM_FB_NSAT,Newrest,DTW,caterer,4,11.55,Goal,Root/div/carrier/station/caterer,PREM_FB_NSAT/OBS/ML/DTW/Newrest,1,No
PREM_FB_NSAT,DOCO,Newrest,kitchen,5,100.0,Goal,Root/div/carrier/station/caterer/kitchen,PREM_FB_NSAT/OBS/ML/DTW/Newrest/DOCO,1,No
PREM_FB_NSAT,D,DOCO,dom_int,6,100.0,Goal,Root/div/carrier/station/caterer/kitchen/dom_int,PREM_FB_NSAT/OBS/ML/DTW/Newrest/DOCO/D,1,No
PREM_FB_NSAT,FC,D,cabin,7,100.0,Goal,Root/div/carrier/station/caterer/kitchen/dom_int/cabin,PREM_FB_NSAT/OBS/ML/DTW/Newrest/DOCO/D/FC,2,No
PREM_FB_NSAT,Bev,FC,variant,8,67.86,Goal,Root/div/carrier/station/caterer/kitchen/dom_int/cabin/variant,PREM_FB_NSAT/OBS/ML/DTW/Newrest/DOCO/D/FC/Bev,0,Yes
PREM_FB_NSAT,Meal,FC,variant,8,32.14,Goal,Root/div/carrier/station/caterer/kitchen/dom_int/cabin/variant,PREM_FB_NSAT/OBS/ML/DTW/Newrest/DOCO/D/FC/Meal,0,Yes
PREM_FB_NSAT,ShanghaiEa,DTW,caterer,4,14.54,Goal,Root/div/carrier/station/caterer,PREM_FB_NSAT/OBS/ML/DTW/ShanghaiEa,1,No
PREM_FB_NSAT,DOCO,ShanghaiEa,kitchen,5,100.0,Goal,Root/div/carrier/station/caterer/kitchen,PREM_FB_NSAT/OBS/ML/DTW/ShanghaiEa/DOCO,1,No
PREM_FB_NSAT,D,DOCO,dom_int,6,100.0,Goal,Root/div/carrier/station/caterer/kitchen/dom_int,PREM_FB_NSAT/OBS/ML/DTW/ShanghaiEa/DOCO/D,1,No
PREM_FB_NSAT,FC,D,cabin,7,100.0,Goal,Root/div/carrier/station/caterer/kitchen/dom_int/cabin,PREM_FB_NSAT/OBS/ML/DTW/ShanghaiEa/DOCO/D/FC,1,No
PREM_FB_NSAT,Bev,FC,variant,8,100.0,Goal,Root/div/carrier/station/caterer/kitchen/dom_int/cabin/variant,PREM_FB_NSAT/OBS/ML/DTW/ShanghaiEa/DOCO/D/FC/Bev,0,Yes
PREM_FB_NSAT,D,DTW,dom_int,4,4.15,Goal,Root/div/carrier/station/dom_int,PREM_FB_NSAT/OBS/ML/DTW/D,1,No
PREM_FB_NSAT,FC,D,cabin,5,100.0,Goal,Root/div/carrier/station/dom_int/cabin,PREM_FB_NSAT/OBS/ML/DTW/D/FC,2,No
PREM_FB_NSAT,Bev,FC,variant,6,49.79,Goal,Root/div/carrier/station/dom_int/cabin/variant,PREM_FB_NSAT/OBS/ML/DTW/D/FC/Bev,0,Yes
PREM_FB_NSAT,Meal,FC,variant,6,50.21,Goal,Root/div/carrier/station/dom_int/cabin/variant,PREM_FB_NSAT/OBS/ML/DTW/D/FC/Meal,0,Yes
PREM_FB_NSAT,TATL,DTW,entity,4,0.8,Goal,Root/div/carrier/station/entity,PREM_FB_NSAT/OBS/ML/DTW/TATL,1,No
PREM_FB_NSAT,D1,TATL,cabin,5,100.0,Goal,Root/div/carrier/station/entity/cabin,PREM_FB_NSAT/OBS/ML/DTW/TATL/D1,0,Yes
PREM_FB_NSAT,TPAC,DTW,entity,4,9.78,Goal,Root/div/carrier/station/entity,PREM_FB_NSAT/OBS/ML/DTW/TPAC,1,No
PREM_FB_NSAT,D1,TPAC,cabin,5,100.0,Goal,Root/div/carrier/station/entity/cabin,PREM_FB_NSAT/OBS/ML/DTW/TPAC/D1,0,Yes
PREM_FB_NSAT,EWR,ML,station,3,0.75,Goal,Root/div/carrier/station,PREM_FB_NSAT/OBS/ML/EWR,4,No
PREM_FB_NSAT,DAL,EWR,caterer,4,34.0,Goal,Root/div/carrier/station/caterer,PREM_FB_NSAT/OBS/ML/EWR/DAL,1,No
PREM_FB_NSAT,GGI,DAL,kitchen,5,100.0,Goal,Root/div/carrier/station/caterer/kitchen,PREM_FB_NSAT/OBS/ML/EWR/DAL/GGI,1,No
PREM_FB_NSAT,D,GGI,dom_int,6,100.0,Goal,Root/div/carrier/station/caterer/kitchen/dom_int,PREM_FB_NSAT/OBS/ML/EWR/DAL/GGI/D,1,No
PREM_FB_NSAT,FC,D,cabin,7,100.0,Goal,Root/div/carrier/station/caterer/kitchen/dom_int/cabin,PREM_FB_NSAT/OBS/ML/EWR/DAL/GGI/D/FC,1,No
PREM_FB_NSAT,Bev,FC,variant,8,100.0,Goal,Root/div/carrier/station/caterer/kitchen/dom_int/cabin/variant,PREM_FB_NSAT/OBS/ML/EWR/DAL/GGI/D/FC/Bev,0,Yes
PREM_FB_NSAT,GG,EWR,caterer,4,28.33,Goal,Root/div/carrier/station/caterer,PREM_FB_NSAT/OBS/ML/EWR/GG,1,No
PREM_FB_NSAT,GGI,GG,kitchen,5,100.0,Goal,Root/div/carrier/station/caterer/kitchen,PREM_FB_NSAT/OBS/ML/EWR/GG/GGI,1,No
PREM_FB_NSAT,D,GGI,dom_int,6,100.0,Goal,Root/div/carrier/station/caterer/kitchen/dom_int,PREM_FB_NSAT/OBS/ML/EWR/GG/GGI/D,1,No
PREM_FB_NSAT,FC,D,cabin,7,100.0,Goal,Root/div/carrier/station/caterer/kitchen/dom_int/cabin,PREM_FB_NSAT/OBS/ML/EWR/GG/GGI/D/FC,2,No
PREM_FB_NSAT,Bev,FC,variant,8,20.86,Goal,Root/div/carrier/station/caterer/kitchen/dom_int/cabin/variant,PREM_FB_NSAT/OBS/ML/EWR/GG/GGI/D/FC/Bev,0,Yes
PREM_FB_NSAT,Meal,FC,variant,8,79.14,Goal,Root/div/carrier/station/caterer/kitchen/dom_int/cabin/variant,PREM_FB_NSAT/OBS/ML/EWR/GG/GGI/D/FC/Meal,0,Yes
PREM_FB_NSAT,Newrest,EWR,caterer,4,24.23,Goal,Root/div/carrier/station/caterer,PREM_FB_NSAT/OBS/ML/EWR/Newrest,1,No
PREM_FB_NSAT,GGI,Newrest,kitchen,5,100.0,Goal,Root/div/carrier/station/caterer/kitchen,PREM_FB_NSAT/OBS/ML/EWR/Newrest/GGI,1,No
PREM_FB_NSAT,D,GGI,dom_int,6,100.0,Goal,Root/div/carrier/station/caterer/kitchen/dom_int,PREM_FB_NSAT/OBS/ML/EWR/Newrest/GGI/D,1,No
PREM_FB_NSAT,FC,D,cabin,7,100.0,Goal,Root/div/carrier/station/caterer/kitchen/dom_int/cabin,PREM_FB_NSAT/OBS/ML/EWR/Newrest/GGI/D/FC,1,No
PREM_FB_NSAT,Bev,FC,variant,8,100.0,Goal,Root/div/carrier/station/caterer/kitchen/dom_int/cabin/variant,PREM_FB_NSAT/OBS/ML/EWR/Newrest/GGI/D/FC/Bev,0,Yes
PREM_FB_NSAT,D,EWR,dom_int,4,13.44,Goal,Root/div/carrier/station/dom_int,PREM_FB_NSAT/OBS/ML/EWR/D,1,No
PREM_FB_NSAT,FC,D,cabin,5,100.0,Goal,Root/div/carrier/station/dom_int/cabin,PREM_FB_NSAT/OBS/ML/EWR/D/FC,2,No
PREM_FB_NSAT,Bev,FC,variant,6,16.05,Goal,Root/div/carrier/station/dom_int/cabin/variant,PREM_FB_NSAT/OBS/ML/EWR/D/FC/Bev,0,Yes
PREM_FB_NSAT,Meal,FC,variant,6,83.95,Goal,Root/div/carrier/station/dom_int/cabin/variant,PREM_FB_NSAT/OBS/ML/EWR/D/FC/Meal,0,Yes
PREM_FB_NSAT,FLL,ML,station,3,0.95,Goal,Root/div/carrier/station,PREM_FB_NSAT/OBS/ML/FLL,3,No
PREM_FB_NSAT,GG,FLL,caterer,4,21.73,Goal,Root/div/carrier/station/caterer,PREM_FB_NSAT/OBS/ML/FLL/GG,1,No
PREM_FB_NSAT,GGI,GG,kitchen,5,100.0,Goal,Root/div/carrier/station/caterer/kitchen,PREM_FB_NSAT/OBS/ML/FLL/GG/GGI,1,No
PREM_FB_NSAT,D,GGI,dom_int,6,100.0,Goal,Root/div/carrier/station/caterer/kitchen/dom_int,PREM_FB_NSAT/OBS/ML/FLL/GG/GGI/D,1,No
PREM_FB_NSAT,FC,D,cabin,7,100.0,Goal,Root/div/carrier/station/caterer/kitchen/dom_int/cabin,PREM_FB_NSAT/OBS/ML/FLL/GG/GGI/D/FC,2,No
PREM_FB_NSAT,Bev,FC,variant,8,41.41,Goal,Root/div/carrier/station/caterer/kitchen/dom_int/cabin/variant,PREM_FB_NSAT/OBS/ML/FLL/GG/GGI/D/FC/Bev,0,Yes
PREM_FB_NSAT,Meal,FC,variant,8,58.59,Goal,Root/div/carrier/station/caterer/kitchen/dom_int/cabin/variant,PREM_FB_NSAT/OBS/ML/FLL/GG/GGI/D/FC/Meal,0,Yes
PREM_FB_NSAT,Newrest,FLL,caterer,4,45.12,Goal,Root/div/carrier/station/caterer,PREM_FB_NSAT/OBS/ML/FLL/Newrest,1,No
PREM_FB_NSAT,GGI,Newrest,kitchen,5,100.0,Goal,Root/div/carrier/station/caterer/kitchen,PREM_FB_NSAT/OBS/ML/FLL/Newrest/GGI,1,No
PREM_FB_NSAT,D,GGI,dom_int,6,100.0,Goal,Root/div/carrier/station/caterer/kitchen/dom_int,PREM_FB_NSAT/OBS/ML/FLL/Newrest/GGI/D,1,No
PREM_FB_NSAT,FC,D,cabin,7,100.0,Goal,Root/div/carrier/station/caterer/kitchen/dom_int/cabin,PREM_FB_NSAT/OBS/ML/FLL/Newrest/GGI/D/FC,1,No
PREM_FB_NSAT,Bev,FC,variant,8,100.0,Goal,Root/div/carrier/station/caterer/kitchen/dom_int/cabin/variant,PREM_FB_NSAT/OBS/ML/FLL/Newrest/GGI/D/FC/Bev,0,Yes
PREM_FB_NSAT,D,FLL,dom_int,4,33.15,Goal,Root/div/carrier/station/dom_int,PREM_FB_NSAT/OBS/ML/FLL/D,1,No
PREM_FB_NSAT,FC,D,cabin,5,100.0,Goal,Root/div/carrier/station/dom_int/cabin,PREM_FB_NSAT/OBS/ML/FLL/D/FC,2,No
PREM_FB_NSAT,Bev,FC,variant,6,3.22,Goal,Root/div/carrier/station/dom_int/cabin/variant,PREM_FB_NSAT/OBS/ML/FLL/D/FC/Bev,0,Yes
PREM_FB_NSAT,Meal,FC,variant,6,96.78,Goal,Root/div/carrier/station/dom_int/cabin/variant,PREM_FB_NSAT/OBS/ML/FLL/D/FC/Meal,0,Yes
PREM_FB_NSAT,HNL,ML,station,3,0.34,Goal,Root/div/carrier/station,PREM_FB_NSAT/OBS/ML/HNL,3,No
PREM_FB_NSAT,GG,HNL,caterer,4,4.72,Goal,Root/div/carrier/station/caterer,PREM_FB_NSAT/OBS/ML/HNL/GG,1,No
PREM_FB_NSAT,GGI,GG,kitchen,5,100.0,Goal,Root/div/carrier/station/caterer/kitchen,PREM_FB_NSAT/OBS/ML/HNL/GG/GGI,1,No
PREM_FB_NSAT,D,GGI,dom_int,6,100.0,Goal,Root/div/carrier/station/caterer/kitchen/dom_int,PREM_FB_NSAT/OBS/ML/HNL/GG/GGI/D,1,No
PREM_FB_NSAT,FC,D,cabin,7,100.0,Goal,Root/div/carrier/station/caterer/kitchen/dom_int/cabin,PREM_FB_NSAT/OBS/ML/HNL/GG/GGI/D/FC,1,No
PREM_FB_NSAT,Meal,FC,variant,8,100.0,Goal,Root/div/carrier/station/caterer/kitchen/dom_int/cabin/variant,PREM_FB_NSAT/OBS/ML/HNL/GG/GGI/D/FC/Meal,0,Yes
PREM_FB_NSAT,D,HNL,dom_int,4,79.23,Goal,Root/div/carrier/station/dom_int,PREM_FB_NSAT/OBS/ML/HNL/D,1,No
PREM_FB_NSAT,FC,D,cabin,5,100.0,Goal,Root/div/carrier/station/dom_int/cabin,PREM_FB_NSAT/OBS/ML/HNL/D/FC,1,No
PREM_FB_NSAT,Meal,FC,variant,6,100.0,Goal,Root/div/carrier/station/dom_int/cabin/variant,PREM_FB_NSAT/OBS/ML/HNL/D/FC/Meal,0,Yes
PREM_FB_NSAT,TPAC,HNL,entity,4,16.05,Goal,Root/div/carrier/station/entity,PREM_FB_NSAT/OBS/ML/HNL/TPAC,1,No
PREM_FB_NSAT,D1,TPAC,cabin,5,100.0,Goal,Root/div/carrier/station/entity/cabin,PREM_FB_NSAT/OBS/ML/HNL/TPAC/D1,0,Yes
PREM_FB_NSAT,IAD,ML,station,3,0.35,Goal,Root/div/carrier/station,PREM_FB_NSAT/OBS/ML/IAD,3,No
PREM_FB_NSAT,LSG,IAD,caterer,4,33.66,Goal,Root/div/carrier/station/caterer,PREM_FB_NSAT/OBS/ML/IAD/LSG,1,No
PREM_FB_NSAT,LSG,LSG,kitchen,5,100.0,Goal,Root/div/carrier/station/caterer/kitchen,PREM_FB_NSAT/OBS/ML/IAD/LSG/LSG,1,No
PREM_FB_NSAT,D,LSG,dom_int,6,100.0,Goal,Root/div/carrier/station/caterer/kitchen/dom_int,PREM_FB_NSAT/OBS/ML/IAD/LSG/LSG/D,1,No
PREM_FB_NSAT,FC,D,cabin,7,100.0,Goal,Root/div/carrier/station/caterer/kitchen/dom_int/cabin,PREM_FB_NSAT/OBS/ML/IAD/LSG/LSG/D/FC,2,No
PREM_FB_NSAT,Bev,FC,variant,8,60.11,Goal,Root/div/carrier/station/caterer/kitchen/dom_int/cabin/variant,PREM_FB_NSAT/OBS/ML/IAD/LSG/LSG/D/FC/Bev,0,Yes
PREM_FB_NSAT,Meal,FC,variant,8,39.89,Goal,Root/div/carrier/station/caterer/kitchen/dom_int/cabin/variant,PREM_FB_NSAT/OBS/ML/IAD/LSG/LSG/D/FC/Meal,0,Yes
PREM_FB_NSAT,Newrest,IAD,caterer,4,35.21,Goal,Root/div/carrier/station/caterer,PREM_FB_NSAT/OBS/ML/IAD/Newrest,1,No
PREM_FB_NSAT,LSG,Newrest,kitchen,5,100.0,Goal,Root/div/carrier/station/caterer/kitchen,PREM_FB_NSAT/OBS/ML/IAD/Newrest/LSG,1,No
PREM_FB_NSAT,D,LSG,dom_int,6,100.0,Goal,Root/div/carrier/station/caterer/kitchen/dom_int,PREM_FB_NSAT/OBS/ML/IAD/Newrest/LSG/D,1,No
PREM_FB_NSAT,FC,D,cabin,7,100.0,Goal,Root/div/carrier/station/caterer/kitchen/dom_int/cabin,PREM_FB_NSAT/OBS/ML/IAD/Newrest/LSG/D/FC,1,No
PREM_FB_NSAT,Bev,FC,variant,8,100.0,Goal,Root/div/carrier/station/caterer/kitchen/dom_int/cabin/variant,PREM_FB_NSAT/OBS/ML/IAD/Newrest/LSG/D/FC/Bev,0,Yes
PREM_FB_NSAT,D,IAD,dom_int,4,31.13,Goal,Root/div/carrier/station/dom_int,PREM_FB_NSAT/OBS/ML/IAD/D,1,No
PREM_FB_NSAT,FC,D,cabin,5,100.0,Goal,Root/div/carrier/station/dom_int/cabin,PREM_FB_NSAT/OBS/ML/IAD/D/FC,2,No
PREM_FB_NSAT,Bev,FC,variant,6,57.45,Goal,Root/div/carrier/station/dom_int/cabin/variant,PREM_FB_NSAT/OBS/ML/IAD/D/FC/Bev,0,Yes
PREM_FB_NSAT,Meal,FC,variant,6,42.55,Goal,Root/div/carrier/station/dom_int/cabin/variant,PREM_FB_NSAT/OBS/ML/IAD/D/FC/Meal,0,Yes
PREM_FB_NSAT,IAH,ML,station,3,0.32,Goal,Root/div/carrier/station,PREM_FB_NSAT/OBS/ML/IAH,3,No
PREM_FB_NSAT,LSG,IAH,caterer,4,15.68,Goal,Root/div/carrier/station/caterer,PREM_FB_NSAT/OBS/ML/IAH/LSG,1,No
PREM_FB_NSAT,LSG,LSG,kitchen,5,100.0,Goal,Root/div/carrier/station/caterer/kitchen,PREM_FB_NSAT/OBS/ML/IAH/LSG/LSG,1,No
PREM_FB_NSAT,D,LSG,dom_int,6,100.0,Goal,Root/div/carrier/station/caterer/kitchen/dom_int,PREM_FB_NSAT/OBS/ML/IAH/LSG/LSG/D,1,No
PREM_FB_NSAT,FC,D,cabin,7,100.0,Goal,Root/div/carrier/station/caterer/kitchen/dom_int/cabin,PREM_FB_NSAT/OBS/ML/IAH/LSG/LSG/D/FC,2,No
PREM_FB_NSAT,Bev,FC,variant,8,58.17,Goal,Root/div/carrier/station/caterer/kitchen/dom_int/cabin/variant,PREM_FB_NSAT/OBS/ML/IAH/LSG/LSG/D/FC/Bev,0,Yes
PREM_FB_NSAT,Meal,FC,variant,8,41.83,Goal,Root/div/carrier/station/caterer/kitchen/dom_int/cabin/variant,PREM_FB_NSAT/OBS/ML/IAH/LSG/LSG/D/FC/Meal,0,Yes
PREM_FB_NSAT,Newrest,IAH,caterer,4,65.57,Goal,Root/div/carrier/station/caterer,PREM_FB_NSAT/OBS/ML/IAH/Newrest,1,No
PREM_FB_NSAT,LSG,Newrest,kitchen,5,100.0,Goal,Root/div/carrier/station/caterer/kitchen,PREM_FB_NSAT/OBS/ML/IAH/Newrest/LSG,1,No
PREM_FB_NSAT,D,LSG,dom_int,6,100.0,Goal,Root/div/carrier/station/caterer/kitchen/dom_int,PREM_FB_NSAT/OBS/ML/IAH/Newrest/LSG/D,1,No
PREM_FB_NSAT,FC,D,cabin,7,100.0,Goal,Root/div/carrier/station/caterer/kitchen/dom_int/cabin,PREM_FB_NSAT/OBS/ML/IAH/Newrest/LSG/D/FC,1,No
PREM_FB_NSAT,Bev,FC,variant,8,100.0,Goal,Root/div/carrier/station/caterer/kitchen/dom_int/cabin/variant,PREM_FB_NSAT/OBS/ML/IAH/Newrest/LSG/D/FC/Bev,0,Yes
PREM_FB_NSAT,D,IAH,dom_int,4,18.75,Goal,Root/div/carrier/station/dom_int,PREM_FB_NSAT/OBS/ML/IAH/D,1,No
PREM_FB_NSAT,FC,D,cabin,5,100.0,Goal,Root/div/carrier/station/dom_int/cabin,PREM_FB_NSAT/OBS/ML/IAH/D/FC,2,No
PREM_FB_NSAT,Bev,FC,variant,6,8.54,Goal,Root/div/carrier/station/dom_int/cabin/variant,PREM_FB_NSAT/OBS/ML/IAH/D/FC/Bev,0,Yes
PREM_FB_NSAT,Meal,FC,variant,6,91.46,Goal,Root/div/carrier/station/dom_int/cabin/variant,PREM_FB_NSAT/OBS/ML/IAH/D/FC/Meal,0,Yes
PREM_FB_NSAT,IND,ML,station,3,0.7,Goal,Root/div/carrier/station,PREM_FB_NSAT/OBS/ML/IND,7,No
PREM_FB_NSAT,AirFayre,IND,caterer,4,2.11,Goal,Root/div/carrier/station/caterer,PREM_FB_NSAT/OBS/ML/IND/AirFayre,1,No
PREM_FB_NSAT,AirFayre,AirFayre,kitchen,5,100.0,Goal,Root/div/carrier/station/caterer/kitchen,PREM_FB_NSAT/OBS/ML/IND/AirFayre/AirFayre,1,No
PREM_FB_NSAT,D,AirFayre,dom_int,6,100.0,Goal,Root/div/carrier/station/caterer/kitchen/dom_int,PREM_FB_NSAT/OBS/ML/IND/AirFayre/AirFayre/D,1,No
PREM_FB_NSAT,FC,D,cabin,7,100.0,Goal,Root/div/carrier/station/caterer/kitchen/dom_int/cabin,PREM_FB_NSAT/OBS/ML/IND/AirFayre/AirFayre/D/FC,2,No
PREM_FB_NSAT,Bev,FC,variant,8,3.99,Goal,Root/div/carrier/station/caterer/kitchen/dom_int/cabin/variant,PREM_FB_NSAT/OBS/ML/IND/AirFayre/AirFayre/D/FC/Bev,0,Yes
PREM_FB_NSAT,Meal,FC,variant,8,96.01,Goal,Root/div/carrier/station/caterer/kitchen/dom_int/cabin/variant,PREM_FB_NSAT/OBS/ML/IND/AirFayre/AirFayre/D/FC/Meal,0,Yes
PREM_FB_NSAT,DAL,IND,caterer,4,16.15,Goal,Root/div/carrier/station/caterer,PREM_FB_NSAT/OBS/ML/IND/DAL,2,No
PREM_FB_NSAT,AirFayre,DAL,kitchen,5,63.96,Goal,Root/div/carrier/station/caterer/kitchen,PREM_FB_NSAT/OBS/ML/IND/DAL/AirFayre,1,No
PREM_FB_NSAT,D,AirFayre,dom_int,6,100.0,Goal,Root/div/carrier/station/caterer/kitchen/dom_int,PREM_FB_NSAT/OBS/ML/IND/DAL/AirFayre/D,1,No
PREM_FB_NSAT,FC,D,cabin,7,100.0,Goal,Root/div/carrier/station/caterer/kitchen/dom_int/cabin,PREM_FB_NSAT/OBS/ML/IND/DAL/AirFayre/D/FC,1,No
PREM_FB_NSAT,Bev,FC,variant,8,100.0,Goal,Root/div/carrier/station/caterer/kitchen/dom_int/cabin/variant,PREM_FB_NSAT/OBS/ML/IND/DAL/AirFayre/D/FC/Bev,0,Yes
PREM_FB_NSAT,GGI,DAL,kitchen,5,36.04,Goal,Root/div/carrier/station/caterer/kitchen,PREM_FB_NSAT/OBS/ML/IND/DAL/GGI,1,No
PREM_FB_NSAT,D,GGI,dom_int,6,100.0,Goal,Root/div/carrier/station/caterer/kitchen/dom_int,PREM_FB_NSAT/OBS/ML/IND/DAL/GGI/D,1,No
PREM_FB_NSAT,FC,D,cabin,7,100.0,Goal,Root/div/carrier/station/caterer/kitchen/dom_int/cabin,PREM_FB_NSAT/OBS/ML/IND/DAL/GGI/D/FC,1,No
PREM_FB_NSAT,Bev,FC,variant,8,100.0,Goal,Root/div/carrier/station/caterer/kitchen/dom_int/cabin/variant,PREM_FB_NSAT/OBS/ML/IND/DAL/GGI/D/FC/Bev,0,Yes
PREM_FB_NSAT,DOCO,IND,caterer,4,12.36,Goal,Root/div/carrier/station/caterer,PREM_FB_NSAT/OBS/ML/IND/DOCO,1,No
PREM_FB_NSAT,GGI,DOCO,kitchen,5,100.0,Goal,Root/div/carrier/station/caterer/kitchen,PREM_FB_NSAT/OBS/ML/IND/DOCO/GGI,1,No
PREM_FB_NSAT,D,GGI,dom_int,6,100.0,Goal,Root/div/carrier/station/caterer/kitchen/dom_int,PREM_FB_NSAT/OBS/ML/IND/DOCO/GGI/D,1,No
PREM_FB_NSAT,FC,D,cabin,7,100.0,Goal,Root/div/carrier/station/caterer/kitchen/dom_int/cabin,PREM_FB_NSAT/OBS/ML/IND/DOCO/GGI/D/FC,1,No
PREM_FB_NSAT,Bev,FC,variant,8,100.0,Goal,Root/div/carrier/station/caterer/kitchen/dom_int/cabin/variant,PREM_FB_NSAT/OBS/ML/IND/DOCO/GGI/D/FC/Bev,0,Yes
PREM_FB_NSAT,GG,IND,caterer,4,31.74,Goal,Root/div/carrier/station/caterer,PREM_FB_NSAT/OBS/ML/IND/GG,2,No
PREM_FB_NSAT,AirFayre,GG,kitchen,5,42.54,Goal,Root/div/carrier/station/caterer/kitchen,PREM_FB_NSAT/OBS/ML/IND/GG/AirFayre,1,No
PREM_FB_NSAT,D,AirFayre,dom_int,6,100.0,Goal,Root/div/carrier/station/caterer/kitchen/dom_int,PREM_FB_NSAT/OBS/ML/IND/GG/AirFayre/D,1,No
PREM_FB_NSAT,FC,D,cabin,7,100.0,Goal,Root/div/carrier/station/caterer/kitchen/dom_int/cabin,PREM_FB_NSAT/OBS/ML/IND/GG/AirFayre/D/FC,1,No
PREM_FB_NSAT,Bev,FC,variant,8,100.0,Goal,Root/div/carrier/station/caterer/kitchen/dom_int/cabin/variant,PREM_FB_NSAT/OBS/ML/IND/GG/AirFayre/D/FC/Bev,0,Yes
PREM_FB_NSAT,GGI,GG,kitchen,5,57.46,Goal,Root/div/carrier/station/caterer/kitchen,PREM_FB_NSAT/OBS/ML/IND/GG/GGI,1,No
PREM_FB_NSAT,D,GGI,dom_int,6,100.0,Goal,Root/div/carrier/station/caterer/kitchen/dom_int,PREM_FB_NSAT/OBS/ML/IND/GG/GGI/D,1,No
PREM_FB_NSAT,FC,D,cabin,7,100.0,Goal,Root/div/carrier/station/caterer/kitchen/dom_int/cabin,PREM_FB_NSAT/OBS/ML/IND/GG/GGI/D/FC,2,No
PREM_FB_NSAT,Bev,FC,variant,8,9.9,Goal,Root/div/carrier/station/caterer/kitchen/dom_int/cabin/variant,PREM_FB_NSAT/OBS/ML/IND/GG/GGI/D/FC/Bev,0,Yes
PREM_FB_NSAT,Meal,FC,variant,8,90.1,Goal,Root/div/carrier/station/caterer/kitchen/dom_int/cabin/variant,PREM_FB_NSAT/OBS/ML/IND/GG/GGI/D/FC/Meal,0,Yes
PREM_FB_NSAT,LSG,IND,caterer,4,7.78,Goal,Root/div/carrier/station/caterer,PREM_FB_NSAT/OBS/ML/IND/LSG,1,No
PREM_FB_NSAT,GGI,LSG,kitchen,5,100.0,Goal,Root/div/carrier/station/caterer/kitchen,PREM_FB_NSAT/OBS/ML/IND/LSG/GGI,1,No
PREM_FB_NSAT,D,GGI,dom_int,6,100.0,Goal,Root/div/carrier/station/caterer/kitchen/dom_int,PREM_FB_NSAT/OBS/ML/IND/LSG/GGI/D,1,No
PREM_FB_NSAT,FC,D,cabin,7,100.0,Goal,Root/div/carrier/station/caterer/kitchen/dom_int/cabin,PREM_FB_NSAT/OBS/ML/IND/LSG/GGI/D/FC,1,No
PREM_FB_NSAT,Bev,FC,variant,8,100.0,Goal,Root/div/carrier/station/caterer/kitchen/dom_int/cabin/variant,PREM_FB_NSAT/OBS/ML/IND/LSG/GGI/D/FC/Bev,0,Yes
PREM_FB_NSAT,Newrest,IND,caterer,4,9.27,Goal,Root/div/carrier/station/caterer,PREM_FB_NSAT/OBS/ML/IND/Newrest,2,No
PREM_FB_NSAT,AirFayre,Newrest,kitchen,5,48.04,Goal,Root/div/carrier/station/caterer/kitchen,PREM_FB_NSAT/OBS/ML/IND/Newrest/AirFayre,1,No
PREM_FB_NSAT,D,AirFayre,dom_int,6,100.0,Goal,Root/div/carrier/station/caterer/kitchen/dom_int,PREM_FB_NSAT/OBS/ML/IND/Newrest/AirFayre/D,1,No
PREM_FB_NSAT,FC,D,cabin,7,100.0,Goal,Root/div/carrier/station/caterer/kitchen/dom_int/cabin,PREM_FB_NSAT/OBS/ML/IND/Newrest/AirFayre/D/FC,1,No
PREM_FB_NSAT,Bev,FC,variant,8,100.0,Goal,Root/div/carrier/station/caterer/kitchen/dom_int/cabin/variant,PREM_FB_NSAT/OBS/ML/IND/Newrest/AirFayre/D/FC/Bev,0,Yes
PREM_FB_NSAT,GGI,Newrest,kitchen,5,51.96,Goal,Root/div/carrier/station/caterer/kitchen,PREM_FB_NSAT/OBS/ML/IND/Newrest/GGI,1,No
PREM_FB_NSAT,D,GGI,dom_int,6,100.0,Goal,Root/div/carrier/station/caterer/kitchen/dom_int,PREM_FB_NSAT/OBS/ML/IND/Newrest/GGI/D,1,No
PREM_FB_NSAT,FC,D,cabin,7,100.0,Goal,Root/div/carrier/station/caterer/kitchen/dom_int/cabin,PREM_FB_NSAT/OBS/ML/IND/Newrest/GGI/D/FC,1,No
PREM_FB_NSAT,Bev,FC,variant,8,100.0,Goal,Root/div/carrier/station/caterer/kitchen/dom_int/cabin/variant,PREM_FB_NSAT/OBS/ML/IND/Newrest/GGI/D/FC/Bev,0,Yes
PREM_FB_NSAT,D,IND,dom_int,4,20.59,Goal,Root/div/carrier/station/dom_int,PREM_FB_NSAT/OBS/ML/IND/D,1,No
PREM_FB_NSAT,FC,D,cabin,5,100.0,Goal,Root/div/carrier/station/dom_int/cabin,PREM_FB_NSAT/OBS/ML/IND/D/FC,2,No
PREM_FB_NSAT,Bev,FC,variant,6,61.76,Goal,Root/div/carrier/station/dom_int/cabin/variant,PREM_FB_NSAT/OBS/ML/IND/D/FC/Bev,0,Yes
PREM_FB_NSAT,Meal,FC,variant,6,38.24,Goal,Root/div/carrier/station/dom_int/cabin/variant,PREM_FB_NSAT/OBS/ML/IND/D/FC/Meal,0,Yes
PREM_FB_NSAT,JAX,ML,station,3,0.0,Goal,Root/div/carrier/station,PREM_FB_NSAT/OBS/ML/JAX,2,No
PREM_FB_NSAT,GG,JAX,caterer,4,7.26,Goal,Root/div/carrier/station/caterer,PREM_FB_NSAT/OBS/ML/JAX/GG,1,No
PREM_FB_NSAT,GGI,GG,kitchen,5,100.0,Goal,Root/div/carrier/station/caterer/kitchen,PREM_FB_NSAT/OBS/ML/JAX/GG/GGI,1,No
PREM_FB_NSAT,D,GGI,dom_int,6,100.0,Goal,Root/div/carrier/station/caterer/kitchen/dom_int,PREM_FB_NSAT/OBS/ML/JAX/GG/GGI/D,1,No
PREM_FB_NSAT,FC,D,cabin,7,100.0,Goal,Root/div/carrier/station/caterer/kitchen/dom_int/cabin,PREM_FB_NSAT/OBS/ML/JAX/GG/GGI/D/FC,1,No
PREM_FB_NSAT,Bev,FC,variant,8,100.0,Goal,Root/div/carrier/station/caterer/kitchen/dom_int/cabin/variant,PREM_FB_NSAT/OBS/ML/JAX/GG/GGI/D/FC/Bev,0,Yes
PREM_FB_NSAT,D,JAX,dom_int,4,92.74,Goal,Root/div/carrier/station/dom_int,PREM_FB_NSAT/OBS/ML/JAX/D,1,No
PREM_FB_NSAT,FC,D,cabin,5,100.0,Goal,Root/div/carrier/station/dom_int/cabin,PREM_FB_NSAT/OBS/ML/JAX/D/FC,1,No
PREM_FB_NSAT,Bev,FC,variant,6,100.0,Goal,Root/div/carrier/station/dom_int/cabin/variant,PREM_FB_NSAT/OBS/ML/JAX/D/FC/Bev,0,Yes
PREM_FB_NSAT,JFK,ML,station,3,1.03,Goal,Root/div/carrier/station,PREM_FB_NSAT/OBS/ML/JFK,4,No
PREM_FB_NSAT,DOCO,JFK,caterer,4,26.17,Goal,Root/div/carrier/station/caterer,PREM_FB_NSAT/OBS/ML/JFK/DOCO,1,No
PREM_FB_NSAT,DOCO_JFK,DOCO,kitchen,5,100.0,Goal,Root/div/carrier/station/caterer/kitchen,PREM_FB_NSAT/OBS/ML/JFK/DOCO/DOCO_JFK,1,No
PREM_FB_NSAT,D,DOCO_JFK,dom_int,6,100.0,Goal,Root/div/carrier/station/caterer/kitchen/dom_int,PREM_FB_NSAT/OBS/ML/JFK/DOCO/DOCO_JFK/D,1,No
PREM_FB_NSAT,FC,D,cabin,7,100.0,Goal,Root/div/carrier/station/caterer/kitchen/dom_int/cabin,PREM_FB_NSAT/OBS/ML/JFK/DOCO/DOCO_JFK/D/FC,2,No
PREM_FB_NSAT,Bev,FC,variant,8,98.26,Goal,Root/div/carrier/station/caterer/kitchen/dom_int/cabin/variant,PREM_FB_NSAT/OBS/ML/JFK/DOCO/DOCO_JFK/D/FC/Bev,0,Yes
PREM_FB_NSAT,Meal,FC,variant,8,1.74,Goal,Root/div/carrier/station/caterer/kitchen/dom_int/cabin/variant,PREM_FB_NSAT/OBS/ML/JFK/DOCO/DOCO_JFK/D/FC/Meal,0,Yes
PREM_FB_NSAT,LSG,JFK,caterer,4,41.29,Goal,Root/div/carrier/station/caterer,PREM_FB_NSAT/OBS/ML/JFK/LSG,1,No
PREM_FB_NSAT,LSG,LSG,kitchen,5,100.0,Goal,Root/div/carrier/station/caterer/kitchen,PREM_FB_NSAT/OBS/ML/JFK/LSG/LSG,1,No
PREM_FB_NSAT,D,LSG,dom_int,6,100.0,Goal,Root/div/carrier/station/caterer/kitchen/dom_int,PREM_FB_NSAT/OBS/ML/JFK/LSG/LSG/D,1,No
PREM_FB_NSAT,FC,D,cabin,7,100.0,Goal,Root/div/carrier/station/caterer/kitchen/dom_int/cabin,PREM_FB_NSAT/OBS/ML/JFK/LSG/LSG/D/FC,2,No
PREM_FB_NSAT,Bev,FC,variant,8,40.43,Goal,Root/div/carrier/station/caterer/kitchen/dom_int/cabin/variant,PREM_FB_NSAT/OBS/ML/JFK/LSG/LSG/D/FC/Bev,0,Yes
PREM_FB_NSAT,Meal,FC,variant,8,59.57,Goal,Root/div/carrier/station/caterer/kitchen/dom_int/cabin/variant,PREM_FB_NSAT/OBS/ML/JFK/LSG/LSG/D/FC/Meal,0,Yes
PREM_FB_NSAT,D,JFK,dom_int,4,32.4,Goal,Root/div/carrier/station/dom_int,PREM_FB_NSAT/OBS/ML/JFK/D,1,No
PREM_FB_NSAT,FC,D,cabin,5,100.0,Goal,Root/div/carrier/station/dom_int/cabin,PREM_FB_NSAT/OBS/ML/JFK/D/FC,2,No
PREM_FB_NSAT,Bev,FC,variant,6,77.5,Goal,Root/div/carrier/station/dom_int/cabin/variant,PREM_FB_NSAT/OBS/ML/JFK/D/FC/Bev,0,Yes
PREM_FB_NSAT,Meal,FC,variant,6,22.5,Goal,Root/div/carrier/station/dom_int/cabin/variant,PREM_FB_NSAT/OBS/ML/JFK/D/FC/Meal,0,Yes
PREM_FB_NSAT,TATL,JFK,entity,4,0.14,Goal,Root/div/carrier/station/entity,PREM_FB_NSAT/OBS/ML/JFK/TATL,1,No
PREM_FB_NSAT,D1,TATL,cabin,5,100.0,Goal,Root/div/carrier/station/entity/cabin,PREM_FB_NSAT/OBS/ML/JFK/TATL/D1,0,Yes
PREM_FB_NSAT,KOA,ML,station,3,0.94,Goal,Root/div/carrier/station,PREM_FB_NSAT/OBS/ML/KOA,2,No
PREM_FB_NSAT,FlyFoodGrp,KOA,caterer,4,23.26,Goal,Root/div/carrier/station/caterer,PREM_FB_NSAT/OBS/ML/KOA/FlyFoodGrp,1,No
PREM_FB_NSAT,FlyFoodGrp,FlyFoodGrp,kitchen,5,100.0,Goal,Root/div/carrier/station/caterer/kitchen,PREM_FB_NSAT/OBS/ML/KOA/FlyFoodGrp/FlyFoodGrp,1,No
PREM_FB_NSAT,D,FlyFoodGrp,dom_int,6,100.0,Goal,Root/div/carrier/station/caterer/kitchen/dom_int,PREM_FB_NSAT/OBS/ML/KOA/FlyFoodGrp/FlyFoodGrp/D,1,No
PREM_FB_NSAT,FC,D,cabin,7,100.0,Goal,Root/div/carrier/station/caterer/kitchen/dom_int/cabin,PREM_FB_NSAT/OBS/ML/KOA/FlyFoodGrp/FlyFoodGrp/D/FC,1,No
PREM_FB_NSAT,Meal,FC,variant,8,100.0,Goal,Root/div/carrier/station/caterer/kitchen/dom_int/cabin/variant,PREM_FB_NSAT/OBS/ML/KOA/FlyFoodGrp/FlyFoodGrp/D/FC/Meal,0,Yes
PREM_FB_NSAT,D,KOA,dom_int,4,76.74,Goal,Root/div/carrier/station/dom_int,PREM_FB_NSAT/OBS/ML/KOA/D,1,No
PREM_FB_NSAT,FC,D,cabin,5,100.0,Goal,Root/div/carrier/station/dom_int/cabin,PREM_FB_NSAT/OBS/ML/KOA/D/FC,1,No
PREM_FB_NSAT,Meal,FC,variant,6,100.0,Goal,Root/div/carrier/station/dom_int/cabin/variant,PREM_FB_NSAT/OBS/ML/KOA/D/FC/Meal,0,Yes
PREM_FB_NSAT,LAS,ML,station,3,0.48,Goal,Root/div/carrier/station,PREM_FB_NSAT/OBS/ML/LAS,6,No
PREM_FB_NSAT,DOCO,LAS,caterer,4,29.97,Goal,Root/div/carrier/station/caterer,PREM_FB_NSAT/OBS/ML/LAS/DOCO,1,No
PREM_FB_NSAT,GGI,DOCO,kitchen,5,100.0,Goal,Root/div/carrier/station/caterer/kitchen,PREM_FB_NSAT/OBS/ML/LAS/DOCO/GGI,1,No
PREM_FB_NSAT,D,GGI,dom_int,6,100.0,Goal,Root/div/carrier/station/caterer/kitchen/dom_int,PREM_FB_NSAT/OBS/ML/LAS/DOCO/GGI/D,1,No
PREM_FB_NSAT,FC,D,cabin,7,100.0,Goal,Root/div/carrier/station/caterer/kitchen/dom_int/cabin,PREM_FB_NSAT/OBS/ML/LAS/DOCO/GGI/D/FC,1,No
PREM_FB_NSAT,Meal,FC,variant,8,100.0,Goal,Root/div/carrier/station/caterer/kitchen/dom_int/cabin/variant,PREM_FB_NSAT/OBS/ML/LAS/DOCO/GGI/D/FC/Meal,0,Yes
PREM_FB_NSAT,GG,LAS,caterer,4,18.7,Goal,Root/div/carrier/station/caterer,PREM_FB_NSAT/OBS/ML/LAS/GG,1,No
PREM_FB_NSAT,GGI,GG,kitchen,5,100.0,Goal,Root/div/carrier/station/caterer/kitchen,PREM_FB_NSAT/OBS/ML/LAS/GG/GGI,1,No
PREM_FB_NSAT,D,GGI,dom_int,6,100.0,Goal,Root/div/carrier/station/caterer/kitchen/dom_int,PREM_FB_NSAT/OBS/ML/LAS/GG/GGI/D,1,No
PREM_FB_NSAT,FC,D,cabin,7,100.0,Goal,Root/div/carrier/station/caterer/kitchen/dom_int/cabin,PREM_FB_NSAT/OBS/ML/LAS/GG/GGI/D/FC,2,No
PREM_FB_NSAT,Bev,FC,variant,8,71.33,Goal,Root/div/carrier/station/caterer/kitchen/dom_int/cabin/variant,PREM_FB_NSAT/OBS/ML/LAS/GG/GGI/D/FC/Bev,0,Yes
PREM_FB_NSAT,Meal,FC,variant,8,28.67,Goal,Root/div/carrier/station/caterer/kitchen/dom_int/cabin/variant,PREM_FB_NSAT/OBS/ML/LAS/GG/GGI/D/FC/Meal,0,Yes
PREM_FB_NSAT,LSG,LAS,caterer,4,1.24,Goal,Root/div/carrier/station/caterer,PREM_FB_NSAT/OBS/ML/LAS/LSG,1,No
PREM_FB_NSAT,GGI,LSG,kitchen,5,100.0,Goal,Root/div/carrier/station/caterer/kitchen,PREM_FB_NSAT/OBS/ML/LAS/LSG/GGI,1,No
PREM_FB_NSAT,D,GGI,dom_int,6,100.0,Goal,Root/div/carrier/station/caterer/kitchen/dom_int,PREM_FB_NSAT/OBS/ML/LAS/LSG/GGI/D,1,No
PREM_FB_NSAT,FC,D,cabin,7,100.0,Goal,Root/div/carrier/station/caterer/kitchen/dom_int/cabin,PREM_FB_NSAT/OBS/ML/LAS/LSG/GGI/D/FC,1,No
PREM_FB_NSAT,Meal,FC,variant,8,100.0,Goal,Root/div/carrier/station/caterer/kitchen/dom_int/cabin/variant,PREM_FB_NSAT/OBS/ML/LAS/LSG/GGI/D/FC/Meal,0,Yes
PREM_FB_NSAT,Newrest,LAS,caterer,4,9.74,Goal,Root/div/carrier/station/caterer,PREM_FB_NSAT/OBS/ML/LAS/Newrest,1,No
PREM_FB_NSAT,GGI,Newrest,kitchen,5,100.0,Goal,Root/div/carrier/station/caterer/kitchen,PREM_FB_NSAT/OBS/ML/LAS/Newrest/GGI,1,No
PREM_FB_NSAT,D,GGI,dom_int,6,100.0,Goal,Root/div/carrier/station/caterer/kitchen/dom_int,PREM_FB_NSAT/OBS/ML/LAS/Newrest/GGI/D,1,No
PREM_FB_NSAT,FC,D,cabin,7,100.0,Goal,Root/div/carrier/station/caterer/kitchen/dom_int/cabin,PREM_FB_NSAT/OBS/ML/LAS/Newrest/GGI/D/FC,2,No
PREM_FB_NSAT,Bev,FC,variant,8,1.67,Goal,Root/div/carrier/station/caterer/kitchen/dom_int/cabin/variant,PREM_FB_NSAT/OBS/ML/LAS/Newrest/GGI/D/FC/Bev,0,Yes
PREM_FB_NSAT,Meal,FC,variant,8,98.33,Goal,Root/div/carrier/station/caterer/kitchen/dom_int/cabin/variant,PREM_FB_NSAT/OBS/ML/LAS/Newrest/GGI/D/FC/Meal,0,Yes
PREM_FB_NSAT,D,LAS,dom_int,4,33.63,Goal,Root/div/carrier/station/dom_int,PREM_FB_NSAT/OBS/ML/LAS/D,1,No
PREM_FB_NSAT,FC,D,cabin,5,100.0,Goal,Root/div/carrier/station/dom_int/cabin,PREM_FB_NSAT/OBS/ML/LAS/D/FC,2,No
PREM_FB_NSAT,Bev,FC,variant,6,59.13,Goal,Root/div/carrier/station/dom_int/cabin/variant,PREM_FB_NSAT/OBS/ML/LAS/D/FC/Bev,0,Yes
PREM_FB_NSAT,Meal,FC,variant,6,40.87,Goal,Root/div/carrier/station/dom_int/cabin/variant,PREM_FB_NSAT/OBS/ML/LAS/D/FC/Meal,0,Yes
PREM_FB_NSAT,TATL,LAS,entity,4,6.72,Goal,Root/div/carrier/station/entity,PREM_FB_NSAT/OBS/ML/LAS/TATL,1,No
PREM_FB_NSAT,D1,TATL,cabin,5,100.0,Goal,Root/div/carrier/station/entity/cabin,PREM_FB_NSAT/OBS/ML/LAS/TATL/D1,0,Yes
PREM_FB_NSAT,LAX,ML,station,3,0.93,Goal,Root/div/carrier/station,PREM_FB_NSAT/OBS/ML/LAX,4,No
PREM_FB_NSAT,GG,LAX,caterer,4,27.43,Goal,Root/div/carrier/station/caterer,PREM_FB_NSAT/OBS/ML/LAX/GG,1,No
PREM_FB_NSAT,GGI,GG,kitchen,5,100.0,Goal,Root/div/carrier/station/caterer/kitchen,PREM_FB_NSAT/OBS/ML/LAX/GG/GGI,1,No
PREM_FB_NSAT,D,GGI,dom_int,6,100.0,Goal,Root/div/carrier/station/caterer/kitchen/dom_int,PREM_FB_NSAT/OBS/ML/LAX/GG/GGI/D,1,No
PREM_FB_NSAT,FC,D,cabin,7,100.0,Goal,Root/div/carrier/station/caterer/kitchen/dom_int/cabin,PREM_FB_NSAT/OBS/ML/LAX/GG/GGI/D/FC,2,No
PREM_FB_NSAT,Bev,FC,variant,8,52.31,Goal,Root/div/carrier/station/caterer/kitchen/dom_int/cabin/variant,PREM_FB_NSAT/OBS/ML/LAX/GG/GGI/D/FC/Bev,0,Yes
PREM_FB_NSAT,Meal,FC,variant,8,47.69,Goal,Root/div/carrier/station/caterer/kitchen/dom_int/cabin/variant,PREM_FB_NSAT/OBS/ML/LAX/GG/GGI/D/FC/Meal,0,Yes
PREM_FB_NSAT,D,LAX,dom_int,4,32.62,Goal,Root/div/carrier/station/dom_int,PREM_FB_NSAT/OBS/ML/LAX/D,1,No
PREM_FB_NSAT,FC,D,cabin,5,100.0,Goal,Root/div/carrier/station/dom_int/cabin,PREM_FB_NSAT/OBS/ML/LAX/D/FC,2,No
PREM_FB_NSAT,Bev,FC,variant,6,58.57,Goal,Root/div/carrier/station/dom_int/cabin/variant,PREM_FB_NSAT/OBS/ML/LAX/D/FC/Bev,0,Yes
PREM_FB_NSAT,Meal,FC,variant,6,41.43,Goal,Root/div/carrier/station/dom_int/cabin/variant,PREM_FB_NSAT/OBS/ML/LAX/D/FC/Meal,0,Yes
PREM_FB_NSAT,TATL,LAX,entity,4,3.13,Goal,Root/div/carrier/station/entity,PREM_FB_NSAT/OBS/ML/LAX/TATL,1,No
PREM_FB_NSAT,D1,TATL,cabin,5,100.0,Goal,Root/div/carrier/station/entity/cabin,PREM_FB_NSAT/OBS/ML/LAX/TATL/D1,0,Yes
PREM_FB_NSAT,TPAC,LAX,entity,4,36.82,Goal,Root/div/carrier/station/entity,PREM_FB_NSAT/OBS/ML/LAX/TPAC,1,No
PREM_FB_NSAT,D1,TPAC,cabin,5,100.0,Goal,Root/div/carrier/station/entity/cabin,PREM_FB_NSAT/OBS/ML/LAX/TPAC/D1,0,Yes
PREM_FB_NSAT,LGA,ML,station,3,1.05,Goal,Root/div/carrier/station,PREM_FB_NSAT/OBS/ML/LGA,2,No
PREM_FB_NSAT,GG,LGA,caterer,4,45.57,Goal,Root/div/carrier/station/caterer,PREM_FB_NSAT/OBS/ML/LGA/GG,1,No
PREM_FB_NSAT,GGI,GG,kitchen,5,100.0,Goal,Root/div/carrier/station/caterer/kitchen,PREM_FB_NSAT/OBS/ML/LGA/GG/GGI,1,No
PREM_FB_NSAT,D,GGI,dom_int,6,100.0,Goal,Root/div/carrier/station/caterer/kitchen/dom_int,PREM_FB_NSAT/OBS/ML/LGA/GG/GGI/D,1,No
PREM_FB_NSAT,FC,D,cabin,7,100.0,Goal,Root/div/carrier/station/caterer/kitchen/dom_int/cabin,PREM_FB_NSAT/OBS/ML/LGA/GG/GGI/D/FC,2,No
PREM_FB_NSAT,Bev,FC,variant,8,31.84,Goal,Root/div/carrier/station/caterer/kitchen/dom_int/cabin/variant,PREM_FB_NSAT/OBS/ML/LGA/GG/GGI/D/FC/Bev,0,Yes
PREM_FB_NSAT,Meal,FC,variant,8,68.16,Goal,Root/div/carrier/station/caterer/kitchen/dom_int/cabin/variant,PREM_FB_NSAT/OBS/ML/LGA/GG/GGI/D/FC/Meal,0,Yes
PREM_FB_NSAT,D,LGA,dom_int,4,54.43,Goal,Root/div/carrier/station/dom_int,PREM_FB_NSAT/OBS/ML/LGA/D,1,No
PREM_FB_NSAT,FC,D,cabin,5,100.0,Goal,Root/div/carrier/station/dom_int/cabin,PREM_FB_NSAT/OBS/ML/LGA/D/FC,2,No
PREM_FB_NSAT,Bev,FC,variant,6,33.82,Goal,Root/div/carrier/station/dom_int/cabin/variant,PREM_FB_NSAT/OBS/ML/LGA/D/FC/Bev,0,Yes
PREM_FB_NSAT,Meal,FC,variant,6,66.18,Goal,Root/div/carrier/station/dom_int/cabin/variant,PREM_FB_NSAT/OBS/ML/LGA/D/FC/Meal,0,Yes
PREM_FB_NSAT,LIH,ML,station,3,1.05,Goal,Root/div/carrier/station,PREM_FB_NSAT/OBS/ML/LIH,2,No
PREM_FB_NSAT,FlyFoodGrp,LIH,caterer,4,24.81,Goal,Root/div/carrier/station/caterer,PREM_FB_NSAT/OBS/ML/LIH/FlyFoodGrp,1,No
PREM_FB_NSAT,FlyFoodGrp,FlyFoodGrp,kitchen,5,100.0,Goal,Root/div/carrier/station/caterer/kitchen,PREM_FB_NSAT/OBS/ML/LIH/FlyFoodGrp/FlyFoodGrp,1,No
PREM_FB_NSAT,D,FlyFoodGrp,dom_int,6,100.0,Goal,Root/div/carrier/station/caterer/kitchen/dom_int,PREM_FB_NSAT/OBS/ML/LIH/FlyFoodGrp/FlyFoodGrp/D,1,No
PREM_FB_NSAT,FC,D,cabin,7,100.0,Goal,Root/div/carrier/station/caterer/kitchen/dom_int/cabin,PREM_FB_NSAT/OBS/ML/LIH/FlyFoodGrp/FlyFoodGrp/D/FC,1,No
PREM_FB_NSAT,Meal,FC,variant,8,100.0,Goal,Root/div/carrier/station/caterer/kitchen/dom_int/cabin/variant,PREM_FB_NSAT/OBS/ML/LIH/FlyFoodGrp/FlyFoodGrp/D/FC/Meal,0,Yes
PREM_FB_NSAT,D,LIH,dom_int,4,75.19,Goal,Root/div/carrier/station/dom_int,PREM_FB_NSAT/OBS/ML/LIH/D,1,No
PREM_FB_NSAT,FC,D,cabin,5,100.0,Goal,Root/div/carrier/station/dom_int/cabin,PREM_FB_NSAT/OBS/ML/LIH/D/FC,1,No
PREM_FB_NSAT,Meal,FC,variant,6,100.0,Goal,Root/div/carrier/station/dom_int/cabin/variant,PREM_FB_NSAT/OBS/ML/LIH/D/FC/Meal,0,Yes
PREM_FB_NSAT,MCI,ML,station,3,0.83,Goal,Root/div/carrier/station,PREM_FB_NSAT/OBS/ML/MCI,2,No
PREM_FB_NSAT,DGS,MCI,caterer,4,64.65,Goal,Root/div/carrier/station/caterer,PREM_FB_NSAT/OBS/ML/MCI/DGS,1,No
PREM_FB_NSAT,DGS,DGS,kitchen,5,100.0,Goal,Root/div/carrier/station/caterer/kitchen,PREM_FB_NSAT/OBS/ML/MCI/DGS/DGS,1,No
PREM_FB_NSAT,D,DGS,dom_int,6,100.0,Goal,Root/div/carrier/station/caterer/kitchen/dom_int,PREM_FB_NSAT/OBS/ML/MCI/DGS/DGS/D,1,No
PREM_FB_NSAT,FC,D,cabin,7,100.0,Goal,Root/div/carrier/station/caterer/kitchen/dom_int/cabin,PREM_FB_NSAT/OBS/ML/MCI/DGS/DGS/D/FC,2,No
PREM_FB_NSAT,Bev,FC,variant,8,86.01,Goal,Root/div/carrier/station/caterer/kitchen/dom_int/cabin/variant,PREM_FB_NSAT/OBS/ML/MCI/DGS/DGS/D/FC/Bev,0,Yes
PREM_FB_NSAT,Meal,FC,variant,8,13.99,Goal,Root/div/carrier/station/caterer/kitchen/dom_int/cabin/variant,PREM_FB_NSAT/OBS/ML/MCI/DGS/DGS/D/FC/Meal,0,Yes
PREM_FB_NSAT,D,MCI,dom_int,4,35.35,Goal,Root/div/carrier/station/dom_int,PREM_FB_NSAT/OBS/ML/MCI/D,1,No
PREM_FB_NSAT,FC,D,cabin,5,100.0,Goal,Root/div/carrier/station/dom_int/cabin,PREM_FB_NSAT/OBS/ML/MCI/D/FC,2,No
PREM_FB_NSAT,Bev,FC,variant,6,26.46,Goal,Root/div/carrier/station/dom_int/cabin/variant,PREM_FB_NSAT/OBS/ML/MCI/D/FC/Bev,0,Yes
PREM_FB_NSAT,Meal,FC,variant,6,73.54,Goal,Root/div/carrier/station/dom_int/cabin/variant,PREM_FB_NSAT/OBS/ML/MCI/D/FC/Meal,0,Yes
PREM_FB_NSAT,MCO,ML,station,3,0.44,Goal,Root/div/carrier/station,PREM_FB_NSAT/OBS/ML/MCO,6,No
PREM_FB_NSAT,DOCO,MCO,caterer,4,11.79,Goal,Root/div/carrier/station/caterer,PREM_FB_NSAT/OBS/ML/MCO/DOCO,1,No
PREM_FB_NSAT,LSG,DOCO,kitchen,5,100.0,Goal,Root/div/carrier/station/caterer/kitchen,PREM_FB_NSAT/OBS/ML/MCO/DOCO/LSG,1,No
PREM_FB_NSAT,D,LSG,dom_int,6,100.0,Goal,Root/div/carrier/station/caterer/kitchen/dom_int,PREM_FB_NSAT/OBS/ML/MCO/DOCO/LSG/D,1,No
PREM_FB_NSAT,FC,D,cabin,7,100.0,Goal,Root/div/carrier/station/caterer/kitchen/dom_int/cabin,PREM_FB_NSAT/OBS/ML/MCO/DOCO/LSG/D/FC,1,No
PREM_FB_NSAT,Bev,FC,variant,8,100.0,Goal,Root/div/carrier/station/caterer/kitchen/dom_int/cabin/variant,PREM_FB_NSAT/OBS/ML/MCO/DOCO/LSG/D/FC/Bev,0,Yes
PREM_FB_NSAT,GG,MCO,caterer,4,8.06,Goal,Root/div/carrier/station/caterer,PREM_FB_NSAT/OBS/ML/MCO/GG,1,No
PREM_FB_NSAT,LSG,GG,kitchen,5,100.0,Goal,Root/div/carrier/station/caterer/kitchen,PREM_FB_NSAT/OBS/ML/MCO/GG/LSG,1,No
PREM_FB_NSAT,D,LSG,dom_int,6,100.0,Goal,Root/div/carrier/station/caterer/kitchen/dom_int,PREM_FB_NSAT/OBS/ML/MCO/GG/LSG/D,1,No
PREM_FB_NSAT,FC,D,cabin,7,100.0,Goal,Root/div/carrier/station/caterer/kitchen/dom_int/cabin,PREM_FB_NSAT/OBS/ML/MCO/GG/LSG/D/FC,1,No
PREM_FB_NSAT,Bev,FC,variant,8,100.0,Goal,Root/div/carrier/station/caterer/kitchen/dom_int/cabin/variant,PREM_FB_NSAT/OBS/ML/MCO/GG/LSG/D/FC/Bev,0,Yes
PREM_FB_NSAT,LSG,MCO,caterer,4,29.14,Goal,Root/div/carrier/station/caterer,PREM_FB_NSAT/OBS/ML/MCO/LSG,1,No
PREM_FB_NSAT,LSG,LSG,kitchen,5,100.0,Goal,Root/div/carrier/station/caterer/kitchen,PREM_FB_NSAT/OBS/ML/MCO/LSG/LSG,1,No
PREM_FB_NSAT,D,LSG,dom_int,6,100.0,Goal,Root/div/carrier/station/caterer/kitchen/dom_int,PREM_FB_NSAT/OBS/ML/MCO/LSG/LSG/D,1,No
PREM_FB_NSAT,FC,D,cabin,7,100.0,Goal,Root/div/carrier/station/caterer/kitchen/dom_int/cabin,PREM_FB_NSAT/OBS/ML/MCO/LSG/LSG/D/FC,2,No
PREM_FB_NSAT,Bev,FC,variant,8,84.37,Goal,Root/div/carrier/station/caterer/kitchen/dom_int/cabin/variant,PREM_FB_NSAT/OBS/ML/MCO/LSG/LSG/D/FC/Bev,0,Yes
PREM_FB_NSAT,Meal,FC,variant,8,15.63,Goal,Root/div/carrier/station/caterer/kitchen/dom_int/cabin/variant,PREM_FB_NSAT/OBS/ML/MCO/LSG/LSG/D/FC/Meal,0,Yes
PREM_FB_NSAT,Newrest,MCO,caterer,4,16.19,Goal,Root/div/carrier/station/caterer,PREM_FB_NSAT/OBS/ML/MCO/Newrest,1,No
PREM_FB_NSAT,LSG,Newrest,kitchen,5,100.0,Goal,Root/div/carrier/station/caterer/kitchen,PREM_FB_NSAT/OBS/ML/MCO/Newrest/LSG,1,No
PREM_FB_NSAT,D,LSG,dom_int,6,100.0,Goal,Root/div/carrier/station/caterer/kitchen/dom_int,PREM_FB_NSAT/OBS/ML/MCO/Newrest/LSG/D,1,No
PREM_FB_NSAT,FC,D,cabin,7,100.0,Goal,Root/div/carrier/station/caterer/kitchen/dom_int/cabin,PREM_FB_NSAT/OBS/ML/MCO/Newrest/LSG/D/FC,1,No
PREM_FB_NSAT,Bev,FC,variant,8,100.0,Goal,Root/div/carrier/station/caterer/kitchen/dom_int/cabin/variant,PREM_FB_NSAT/OBS/ML/MCO/Newrest/LSG/D/FC/Bev,0,Yes
PREM_FB_NSAT,D,MCO,dom_int,4,11.37,Goal,Root/div/carrier/station/dom_int,PREM_FB_NSAT/OBS/ML/MCO/D,1,No
PREM_FB_NSAT,FC,D,cabin,5,100.0,Goal,Root/div/carrier/station/dom_int/cabin,PREM_FB_NSAT/OBS/ML/MCO/D/FC,2,No
PREM_FB_NSAT,Bev,FC,variant,6,66.08,Goal,Root/div/carrier/station/dom_int/cabin/variant,PREM_FB_NSAT/OBS/ML/MCO/D/FC/Bev,0,Yes
PREM_FB_NSAT,Meal,FC,variant,6,33.92,Goal,Root/div/carrier/station/dom_int/cabin/variant,PREM_FB_NSAT/OBS/ML/MCO/D/FC/Meal,0,Yes
PREM_FB_NSAT,TATL,MCO,entity,4,23.45,Goal,Root/div/carrier/station/entity,PREM_FB_NSAT/OBS/ML/MCO/TATL,1,No
PREM_FB_NSAT,D1,TATL,cabin,5,100.0,Goal,Root/div/carrier/station/entity/cabin,PREM_FB_NSAT/OBS/ML/MCO/TATL/D1,0,Yes
PREM_FB_NSAT,MDW,ML,station,3,0.15,Goal,Root/div/carrier/station,PREM_FB_NSAT/OBS/ML/MDW,2,No
PREM_FB_NSAT,GG,MDW,caterer,4,34.68,Goal,Root/div/carrier/station/caterer,PREM_FB_NSAT/OBS/ML/MDW/GG,1,No
PREM_FB_NSAT,GGI,GG,kitchen,5,100.0,Goal,Root/div/carrier/station/caterer/kitchen,PREM_FB_NSAT/OBS/ML/MDW/GG/GGI,1,No
PREM_FB_NSAT,D,GGI,dom_int,6,100.0,Goal,Root/div/carrier/station/caterer/kitchen/dom_int,PREM_FB_NSAT/OBS/ML/MDW/GG/GGI/D,1,No
PREM_FB_NSAT,FC,D,cabin,7,100.0,Goal,Root/div/carrier/station/caterer/kitchen/dom_int/cabin,PREM_FB_NSAT/OBS/ML/MDW/GG/GGI/D/FC,1,No
PREM_FB_NSAT,Meal,FC,variant,8,100.0,Goal,Root/div/carrier/station/caterer/kitchen/dom_int/cabin/variant,PREM_FB_NSAT/OBS/ML/MDW/GG/GGI/D/FC/Meal,0,Yes
PREM_FB_NSAT,D,MDW,dom_int,4,65.32,Goal,Root/div/carrier/station/dom_int,PREM_FB_NSAT/OBS/ML/MDW/D,1,No
PREM_FB_NSAT,FC,D,cabin,5,100.0,Goal,Root/div/carrier/station/dom_int/cabin,PREM_FB_NSAT/OBS/ML/MDW/D/FC,1,No
PREM_FB_NSAT,Meal,FC,variant,6,100.0,Goal,Root/div/carrier/station/dom_int/cabin/variant,PREM_FB_NSAT/OBS/ML/MDW/D/FC/Meal,0,Yes
PREM_FB_NSAT,MEM,ML,station,3,0.28,Goal,Root/div/carrier/station,PREM_FB_NSAT/OBS/ML/MEM,6,No
PREM_FB_NSAT,DAL,MEM,caterer,4,7.27,Goal,Root/div/carrier/station/caterer,PREM_FB_NSAT/OBS/ML/MEM/DAL,1,No
PREM_FB_NSAT,GGI,DAL,kitchen,5,100.0,Goal,Root/div/carrier/station/caterer/kitchen,PREM_FB_NSAT/OBS/ML/MEM/DAL/GGI,1,No
PREM_FB_NSAT,D,GGI,dom_int,6,100.0,Goal,Root/div/carrier/station/caterer/kitchen/dom_int,PREM_FB_NSAT/OBS/ML/MEM/DAL/GGI/D,1,No
PREM_FB_NSAT,FC,D,cabin,7,100.0,Goal,Root/div/carrier/station/caterer/kitchen/dom_int/cabin,PREM_FB_NSAT/OBS/ML/MEM/DAL/GGI/D/FC,1,No
PREM_FB_NSAT,Bev,FC,variant,8,100.0,Goal,Root/div/carrier/station/caterer/kitchen/dom_int/cabin/variant,PREM_FB_NSAT/OBS/ML/MEM/DAL/GGI/D/FC/Bev,0,Yes
PREM_FB_NSAT,DOCO,MEM,caterer,4,16.23,Goal,Root/div/carrier/station/caterer,PREM_FB_NSAT/OBS/ML/MEM/DOCO,1,No
PREM_FB_NSAT,GGI,DOCO,kitchen,5,100.0,Goal,Root/div/carrier/station/caterer/kitchen,PREM_FB_NSAT/OBS/ML/MEM/DOCO/GGI,1,No
PREM_FB_NSAT,D,GGI,dom_int,6,100.0,Goal,Root/div/carrier/station/caterer/kitchen/dom_int,PREM_FB_NSAT/OBS/ML/MEM/DOCO/GGI/D,1,No
PREM_FB_NSAT,FC,D,cabin,7,100.0,Goal,Root/div/carrier/station/caterer/kitchen/dom_int/cabin,PREM_FB_NSAT/OBS/ML/MEM/DOCO/GGI/D/FC,1,No
PREM_FB_NSAT,Bev,FC,variant,8,100.0,Goal,Root/div/carrier/station/caterer/kitchen/dom_int/cabin/variant,PREM_FB_NSAT/OBS/ML/MEM/DOCO/GGI/D/FC/Bev,0,Yes
PREM_FB_NSAT,GG,MEM,caterer,4,11.63,Goal,Root/div/carrier/station/caterer,PREM_FB_NSAT/OBS/ML/MEM/GG,1,No
PREM_FB_NSAT,GGI,GG,kitchen,5,100.0,Goal,Root/div/carrier/station/caterer/kitchen,PREM_FB_NSAT/OBS/ML/MEM/GG/GGI,1,No
PREM_FB_NSAT,D,GGI,dom_int,6,100.0,Goal,Root/div/carrier/station/caterer/kitchen/dom_int,PREM_FB_NSAT/OBS/ML/MEM/GG/GGI/D,1,No
PREM_FB_NSAT,FC,D,cabin,7,100.0,Goal,Root/div/carrier/station/caterer/kitchen/dom_int/cabin,PREM_FB_NSAT/OBS/ML/MEM/GG/GGI/D/FC,2,No
PREM_FB_NSAT,Bev,FC,variant,8,52.88,Goal,Root/div/carrier/station/caterer/kitchen/dom_int/cabin/variant,PREM_FB_NSAT/OBS/ML/MEM/GG/GGI/D/FC/Bev,0,Yes
PREM_FB_NSAT,Meal,FC,variant,8,47.12,Goal,Root/div/carrier/station/caterer/kitchen/dom_int/cabin/variant,PREM_FB_NSAT/OBS/ML/MEM/GG/GGI/D/FC/Meal,0,Yes
PREM_FB_NSAT,LSG,MEM,caterer,4,8.12,Goal,Root/div/carrier/station/caterer,PREM_FB_NSAT/OBS/ML/MEM/LSG,1,No
PREM_FB_NSAT,GGI,LSG,kitchen,5,100.0,Goal,Root/div/carrier/station/caterer/kitchen,PREM_FB_NSAT/OBS/ML/MEM/LSG/GGI,1,No
PREM_FB_NSAT,D,GGI,dom_int,6,100.0,Goal,Root/div/carrier/station/caterer/kitchen/dom_int,PREM_FB_NSAT/OBS/ML/MEM/LSG/GGI/D,1,No
PREM_FB_NSAT,FC,D,cabin,7,100.0,Goal,Root/div/carrier/station/caterer/kitchen/dom_int/cabin,PREM_FB_NSAT/OBS/ML/MEM/LSG/GGI/D/FC,1,No
PREM_FB_NSAT,Bev,FC,variant,8,100.0,Goal,Root/div/carrier/station/caterer/kitchen/dom_int/cabin/variant,PREM_FB_NSAT/OBS/ML/MEM/LSG/GGI/D/FC/Bev,0,Yes
PREM_FB_NSAT,Newrest,MEM,caterer,4,36.32,Goal,Root/div/carrier/station/caterer,PREM_FB_NSAT/OBS/ML/MEM/Newrest,1,No
PREM_FB_NSAT,GGI,Newrest,kitchen,5,100.0,Goal,Root/div/carrier/station/caterer/kitchen,PREM_FB_NSAT/OBS/ML/MEM/Newrest/GGI,1,No
PREM_FB_NSAT,D,GGI,dom_int,6,100.0,Goal,Root/div/carrier/station/caterer/kitchen/dom_int,PREM_FB_NSAT/OBS/ML/MEM/Newrest/GGI/D,1,No
PREM_FB_NSAT,FC,D,cabin,7,100.0,Goal,Root/div/carrier/station/caterer/kitchen/dom_int/cabin,PREM_FB_NSAT/OBS/ML/MEM/Newrest/GGI/D/FC,1,No
PREM_FB_NSAT,Bev,FC,variant,8,100.0,Goal,Root/div/carrier/station/caterer/kitchen/dom_int/cabin/variant,PREM_FB_NSAT/OBS/ML/MEM/Newrest/GGI/D/FC/Bev,0,Yes
PREM_FB_NSAT,D,MEM,dom_int,4,20.43,Goal,Root/div/carrier/station/dom_int,PREM_FB_NSAT/OBS/ML/MEM/D,1,No
PREM_FB_NSAT,FC,D,cabin,5,100.0,Goal,Root/div/carrier/station/dom_int/cabin,PREM_FB_NSAT/OBS/ML/MEM/D/FC,2,No
PREM_FB_NSAT,Bev,FC,variant,6,47.1,Goal,Root/div/carrier/station/dom_int/cabin/variant,PREM_FB_NSAT/OBS/ML/MEM/D/FC/Bev,0,Yes
PREM_FB_NSAT,Meal,FC,variant,6,52.9,Goal,Root/div/carrier/station/dom_int/cabin/variant,PREM_FB_NSAT/OBS/ML/MEM/D/FC/Meal,0,Yes
PREM_FB_NSAT,MIA,ML,station,3,0.52,Goal,Root/div/carrier/station,PREM_FB_NSAT/OBS/ML/MIA,4,No
PREM_FB_NSAT,DOCO,MIA,caterer,4,12.11,Goal,Root/div/carrier/station/caterer,PREM_FB_NSAT/OBS/ML/MIA/DOCO,1,No
PREM_FB_NSAT,DOCO_MIA,DOCO,kitchen,5,100.0,Goal,Root/div/carrier/station/caterer/kitchen,PREM_FB_NSAT/OBS/ML/MIA/DOCO/DOCO_MIA,1,No
PREM_FB_NSAT,D,DOCO_MIA,dom_int,6,100.0,Goal,Root/div/carrier/station/caterer/kitchen/dom_int,PREM_FB_NSAT/OBS/ML/MIA/DOCO/DOCO_MIA/D,1,No
PREM_FB_NSAT,FC,D,cabin,7,100.0,Goal,Root/div/carrier/station/caterer/kitchen/dom_int/cabin,PREM_FB_NSAT/OBS/ML/MIA/DOCO/DOCO_MIA/D/FC,2,No
PREM_FB_NSAT,Bev,FC,variant,8,50.8,Goal,Root/div/carrier/station/caterer/kitchen/dom_int/cabin/variant,PREM_FB_NSAT/OBS/ML/MIA/DOCO/DOCO_MIA/D/FC/Bev,0,Yes
PREM_FB_NSAT,Meal,FC,variant,8,49.2,Goal,Root/div/carrier/station/caterer/kitchen/dom_int/cabin/variant,PREM_FB_NSAT/OBS/ML/MIA/DOCO/DOCO_MIA/D/FC/Meal,0,Yes
PREM_FB_NSAT,LSG,MIA,caterer,4,41.93,Goal,Root/div/carrier/station/caterer,PREM_FB_NSAT/OBS/ML/MIA/LSG,2,No
PREM_FB_NSAT,DOCO_MIA,LSG,kitchen,5,58.47,Goal,Root/div/carrier/station/caterer/kitchen,PREM_FB_NSAT/OBS/ML/MIA/LSG/DOCO_MIA,1,No
PREM_FB_NSAT,D,DOCO_MIA,dom_int,6,100.0,Goal,Root/div/carrier/station/caterer/kitchen/dom_int,PREM_FB_NSAT/OBS/ML/MIA/LSG/DOCO_MIA/D,1,No
PREM_FB_NSAT,FC,D,cabin,7,100.0,Goal,Root/div/carrier/station/caterer/kitchen/dom_int/cabin,PREM_FB_NSAT/OBS/ML/MIA/LSG/DOCO_MIA/D/FC,1,No
PREM_FB_NSAT,Bev,FC,variant,8,100.0,Goal,Root/div/carrier/station/caterer/kitchen/dom_int/cabin/variant,PREM_FB_NSAT/OBS/ML/MIA/LSG/DOCO_MIA/D/FC/Bev,0,Yes
PREM_FB_NSAT,LSG,LSG,kitchen,5,41.53,Goal,Root/div/carrier/station/caterer/kitchen,PREM_FB_NSAT/OBS/ML/MIA/LSG/LSG,1,No
PREM_FB_NSAT,D,LSG,dom_int,6,100.0,Goal,Root/div/carrier/station/caterer/kitchen/dom_int,PREM_FB_NSAT/OBS/ML/MIA/LSG/LSG/D,1,No
PREM_FB_NSAT,FC,D,cabin,7,100.0,Goal,Root/div/carrier/station/caterer/kitchen/dom_int/cabin,PREM_FB_NSAT/OBS/ML/MIA/LSG/LSG/D/FC,2,No
PREM_FB_NSAT,Bev,FC,variant,8,46.86,Goal,Root/div/carrier/station/caterer/kitchen/dom_int/cabin/variant,PREM_FB_NSAT/OBS/ML/MIA/LSG/LSG/D/FC/Bev,0,Yes
PREM_FB_NSAT,Meal,FC,variant,8,53.14,Goal,Root/div/carrier/station/caterer/kitchen/dom_int/cabin/variant,PREM_FB_NSAT/OBS/ML/MIA/LSG/LSG/D/FC/Meal,0,Yes
PREM_FB_NSAT,Newrest,MIA,caterer,4,38.99,Goal,Root/div/carrier/station/caterer,PREM_FB_NSAT/OBS/ML/MIA/Newrest,1,No
PREM_FB_NSAT,DOCO_MIA,Newrest,kitchen,5,100.0,Goal,Root/div/carrier/station/caterer/kitchen,PREM_FB_NSAT/OBS/ML/MIA/Newrest/DOCO_MIA,1,No
PREM_FB_NSAT,D,DOCO_MIA,dom_int,6,100.0,Goal,Root/div/carrier/station/caterer/kitchen/dom_int,PREM_FB_NSAT/OBS/ML/MIA/Newrest/DOCO_MIA/D,1,No
PREM_FB_NSAT,FC,D,cabin,7,100.0,Goal,Root/div/carrier/station/caterer/kitchen/dom_int/cabin,PREM_FB_NSAT/OBS/ML/MIA/Newrest/DOCO_MIA/D/FC,1,No
PREM_FB_NSAT,Bev,FC,variant,8,100.0,Goal,Root/div/carrier/station/caterer/kitchen/dom_int/cabin/variant,PREM_FB_NSAT/OBS/ML/MIA/Newrest/DOCO_MIA/D/FC/Bev,0,Yes
PREM_FB_NSAT,D,MIA,dom_int,4,6.97,Goal,Root/div/carrier/station/dom_int,PREM_FB_NSAT/OBS/ML/MIA/D,1,No
PREM_FB_NSAT,FC,D,cabin,5,100.0,Goal,Root/div/carrier/station/dom_int/cabin,PREM_FB_NSAT/OBS/ML/MIA/D/FC,2,No
PREM_FB_NSAT,Bev,FC,variant,6,54.27,Goal,Root/div/carrier/station/dom_int/cabin/variant,PREM_FB_NSAT/OBS/ML/MIA/D/FC/Bev,0,Yes
PREM_FB_NSAT,Meal,FC,variant,6,45.73,Goal,Root/div/carrier/station/dom_int/cabin/variant,PREM_FB_NSAT/OBS/ML/MIA/D/FC/Meal,0,Yes
PREM_FB_NSAT,MKE,ML,station,3,0.02,Goal,Root/div/carrier/station,PREM_FB_NSAT/OBS/ML/MKE,2,No
PREM_FB_NSAT,HMS,MKE,caterer,4,71.45,Goal,Root/div/carrier/station/caterer,PREM_FB_NSAT/OBS/ML/MKE/HMS,1,No
PREM_FB_NSAT,HMS,HMS,kitchen,5,100.0,Goal,Root/div/carrier/station/caterer/kitchen,PREM_FB_NSAT/OBS/ML/MKE/HMS/HMS,1,No
PREM_FB_NSAT,D,HMS,dom_int,6,100.0,Goal,Root/div/carrier/station/caterer/kitchen/dom_int,PREM_FB_NSAT/OBS/ML/MKE/HMS/HMS/D,1,No
PREM_FB_NSAT,FC,D,cabin,7,100.0,Goal,Root/div/carrier/station/caterer/kitchen/dom_int/cabin,PREM_FB_NSAT/OBS/ML/MKE/HMS/HMS/D/FC,1,No
PREM_FB_NSAT,Meal,FC,variant,8,100.0,Goal,Root/div/carrier/station/caterer/kitchen/dom_int/cabin/variant,PREM_FB_NSAT/OBS/ML/MKE/HMS/HMS/D/FC/Meal,0,Yes
PREM_FB_NSAT,D,MKE,dom_int,4,28.55,Goal,Root/div/carrier/station/dom_int,PREM_FB_NSAT/OBS/ML/MKE/D,1,No
PREM_FB_NSAT,FC,D,cabin,5,100.0,Goal,Root/div/carrier/station/dom_int/cabin,PREM_FB_NSAT/OBS/ML/MKE/D/FC,1,No
PREM_FB_NSAT,Meal,FC,variant,6,100.0,Goal,Root/div/carrier/station/dom_int/cabin/variant,PREM_FB_NSAT/OBS/ML/MKE/D/FC/Meal,0,Yes
PREM_FB_NSAT,MSP,ML,station,3,0.97,Goal,Root/div/carrier/station,PREM_FB_NSAT/OBS/ML/MSP,5,No
PREM_FB_NSAT,DOCO,MSP,caterer,4,29.42,Goal,Root/div/carrier/station/caterer,PREM_FB_NSAT/OBS/ML/MSP/DOCO,1,No
PREM_FB_NSAT,LSG,DOCO,kitchen,5,100.0,Goal,Root/div/carrier/station/caterer/kitchen,PREM_FB_NSAT/OBS/ML/MSP/DOCO/LSG,1,No
PREM_FB_NSAT,D,LSG,dom_int,6,100.0,Goal,Root/div/carrier/station/caterer/kitchen/dom_int,PREM_FB_NSAT/OBS/ML/MSP/DOCO/LSG/D,1,No
PREM_FB_NSAT,FC,D,cabin,7,100.0,Goal,Root/div/carrier/station/caterer/kitchen/dom_int/cabin,PREM_FB_NSAT/OBS/ML/MSP/DOCO/LSG/D/FC,1,No
PREM_FB_NSAT,Bev,FC,variant,8,100.0,Goal,Root/div/carrier/station/caterer/kitchen/dom_int/cabin/variant,PREM_FB_NSAT/OBS/ML/MSP/DOCO/LSG/D/FC/Bev,0,Yes
PREM_FB_NSAT,LSG,MSP,caterer,4,1.39,Goal,Root/div/carrier/station/caterer,PREM_FB_NSAT/OBS/ML/MSP/LSG,1,No
PREM_FB_NSAT,LSG,LSG,kitchen,5,100.0,Goal,Root/div/carrier/station/caterer/kitchen,PREM_FB_NSAT/OBS/ML/MSP/LSG/LSG,1,No
PREM_FB_NSAT,D,LSG,dom_int,6,100.0,Goal,Root/div/carrier/station/caterer/kitchen/dom_int,PREM_FB_NSAT/OBS/ML/MSP/LSG/LSG/D,1,No
PREM_FB_NSAT,FC,D,cabin,7,100.0,Goal,Root/div/carrier/station/caterer/kitchen/dom_int/cabin,PREM_FB_NSAT/OBS/ML/MSP/LSG/LSG/D/FC,2,No
PREM_FB_NSAT,Bev,FC,variant,8,39.52,Goal,Root/div/carrier/station/caterer/kitchen/dom_int/cabin/variant,PREM_FB_NSAT/OBS/ML/MSP/LSG/LSG/D/FC/Bev,0,Yes
PREM_FB_NSAT,Meal,FC,variant,8,60.48,Goal,Root/div/carrier/station/caterer/kitchen/dom_int/cabin/variant,PREM_FB_NSAT/OBS/ML/MSP/LSG/LSG/D/FC/Meal,0,Yes
PREM_FB_NSAT,D,MSP,dom_int,4,31.05,Goal,Root/div/carrier/station/dom_int,PREM_FB_NSAT/OBS/ML/MSP/D,1,No
PREM_FB_NSAT,FC,D,cabin,5,100.0,Goal,Root/div/carrier/station/dom_int/cabin,PREM_FB_NSAT/OBS/ML/MSP/D/FC,2,No
PREM_FB_NSAT,Bev,FC,variant,6,54.26,Goal,Root/div/carrier/station/dom_int/cabin/variant,PREM_FB_NSAT/OBS/ML/MSP/D/FC/Bev,0,Yes
PREM_FB_NSAT,Meal,FC,variant,6,45.74,Goal,Root/div/carrier/station/dom_int/cabin/variant,PREM_FB_NSAT/OBS/ML/MSP/D/FC/Meal,0,Yes
PREM_FB_NSAT,TATL,MSP,entity,4,33.3,Goal,Root/div/carrier/station/entity,PREM_FB_NSAT/OBS/ML/MSP/TATL,1,No
PREM_FB_NSAT,D1,TATL,cabin,5,100.0,Goal,Root/div/carrier/station/entity/cabin,PREM_FB_NSAT/OBS/ML/MSP/TATL/D1,0,Yes
PREM_FB_NSAT,TPAC,MSP,entity,4,4.84,Goal,Root/div/carrier/station/entity,PREM_FB_NSAT/OBS/ML/MSP/TPAC,1,No
PREM_FB_NSAT,D1,TPAC,cabin,5,100.0,Goal,Root/div/carrier/station/entity/cabin,PREM_FB_NSAT/OBS/ML/MSP/TPAC/D1,0,Yes
PREM_FB_NSAT,MSY,ML,station,3,0.81,Goal,Root/div/carrier/station,PREM_FB_NSAT/OBS/ML/MSY,3,No
PREM_FB_NSAT,GG,MSY,caterer,4,49.75,Goal,Root/div/carrier/station/caterer,PREM_FB_NSAT/OBS/ML/MSY/GG,1,No
PREM_FB_NSAT,GGI,GG,kitchen,5,100.0,Goal,Root/div/carrier/station/caterer/kitchen,PREM_FB_NSAT/OBS/ML/MSY/GG/GGI,1,No
PREM_FB_NSAT,D,GGI,dom_int,6,100.0,Goal,Root/div/carrier/station/caterer/kitchen/dom_int,PREM_FB_NSAT/OBS/ML/MSY/GG/GGI/D,1,No
PREM_FB_NSAT,FC,D,cabin,7,100.0,Goal,Root/div/carrier/station/caterer/kitchen/dom_int/cabin,PREM_FB_NSAT/OBS/ML/MSY/GG/GGI/D/FC,2,No
PREM_FB_NSAT,Bev,FC,variant,8,24.09,Goal,Root/div/carrier/station/caterer/kitchen/dom_int/cabin/variant,PREM_FB_NSAT/OBS/ML/MSY/GG/GGI/D/FC/Bev,0,Yes
PREM_FB_NSAT,Meal,FC,variant,8,75.91,Goal,Root/div/carrier/station/caterer/kitchen/dom_int/cabin/variant,PREM_FB_NSAT/OBS/ML/MSY/GG/GGI/D/FC/Meal,0,Yes
PREM_FB_NSAT,Newrest,MSY,caterer,4,29.59,Goal,Root/div/carrier/station/caterer,PREM_FB_NSAT/OBS/ML/MSY/Newrest,1,No
PREM_FB_NSAT,GGI,Newrest,kitchen,5,100.0,Goal,Root/div/carrier/station/caterer/kitchen,PREM_FB_NSAT/OBS/ML/MSY/Newrest/GGI,1,No
PREM_FB_NSAT,D,GGI,dom_int,6,100.0,Goal,Root/div/carrier/station/caterer/kitchen/dom_int,PREM_FB_NSAT/OBS/ML/MSY/Newrest/GGI/D,1,No
PREM_FB_NSAT,FC,D,cabin,7,100.0,Goal,Root/div/carrier/station/caterer/kitchen/dom_int/cabin,PREM_FB_NSAT/OBS/ML/MSY/Newrest/GGI/D/FC,1,No
PREM_FB_NSAT,Bev,FC,variant,8,100.0,Goal,Root/div/carrier/station/caterer/kitchen/dom_int/cabin/variant,PREM_FB_NSAT/OBS/ML/MSY/Newrest/GGI/D/FC/Bev,0,Yes
PREM_FB_NSAT,D,MSY,dom_int,4,20.66,Goal,Root/div/carrier/station/dom_int,PREM_FB_NSAT/OBS/ML/MSY/D,1,No
PREM_FB_NSAT,FC,D,cabin,5,100.0,Goal,Root/div/carrier/station/dom_int/cabin,PREM_FB_NSAT/OBS/ML/MSY/D/FC,2,No
PREM_FB_NSAT,Bev,FC,variant,6,10.61,Goal,Root/div/carrier/station/dom_int/cabin/variant,PREM_FB_NSAT/OBS/ML/MSY/D/FC/Bev,0,Yes
PREM_FB_NSAT,Meal,FC,variant,6,89.39,Goal,Root/div/carrier/station/dom_int/cabin/variant,PREM_FB_NSAT/OBS/ML/MSY/D/FC/Meal,0,Yes
PREM_FB_NSAT,OGG,ML,station,3,1.06,Goal,Root/div/carrier/station,PREM_FB_NSAT/OBS/ML/OGG,2,No
PREM_FB_NSAT,GG,OGG,caterer,4,58.64,Goal,Root/div/carrier/station/caterer,PREM_FB_NSAT/OBS/ML/OGG/GG,1,No
PREM_FB_NSAT,GGI,GG,kitchen,5,100.0,Goal,Root/div/carrier/station/caterer/kitchen,PREM_FB_NSAT/OBS/ML/OGG/GG/GGI,1,No
PREM_FB_NSAT,D,GGI,dom_int,6,100.0,Goal,Root/div/carrier/station/caterer/kitchen/dom_int,PREM_FB_NSAT/OBS/ML/OGG/GG/GGI/D,1,No
PREM_FB_NSAT,FC,D,cabin,7,100.0,Goal,Root/div/carrier/station/caterer/kitchen/dom_int/cabin,PREM_FB_NSAT/OBS/ML/OGG/GG/GGI/D/FC,1,No
PREM_FB_NSAT,Meal,FC,variant,8,100.0,Goal,Root/div/carrier/station/caterer/kitchen/dom_int/cabin/variant,PREM_FB_NSAT/OBS/ML/OGG/GG/GGI/D/FC/Meal,0,Yes
PREM_FB_NSAT,D,OGG,dom_int,4,41.36,Goal,Root/div/carrier/station/dom_int,PREM_FB_NSAT/OBS/ML/OGG/D,1,No
PREM_FB_NSAT,FC,D,cabin,5,100.0,Goal,Root/div/carrier/station/dom_int/cabin,PREM_FB_NSAT/OBS/ML/OGG/D/FC,1,No
PREM_FB_NSAT,Meal,FC,variant,6,100.0,Goal,Root/div/carrier/station/dom_int/cabin/variant,PREM_FB_NSAT/OBS/ML/OGG/D/FC/Meal,0,Yes
PREM_FB_NSAT,ONT,ML,station,3,0.95,Goal,Root/div/carrier/station,PREM_FB_NSAT/OBS/ML/ONT,3,No
PREM_FB_NSAT,LSG,ONT,caterer,4,78.59,Goal,Root/div/carrier/station/caterer,PREM_FB_NSAT/OBS/ML/ONT/LSG,1,No
PREM_FB_NSAT,LSG,LSG,kitchen,5,100.0,Goal,Root/div/carrier/station/caterer/kitchen,PREM_FB_NSAT/OBS/ML/ONT/LSG/LSG,1,No
PREM_FB_NSAT,D,LSG,dom_int,6,100.0,Goal,Root/div/carrier/station/caterer/kitchen/dom_int,PREM_FB_NSAT/OBS/ML/ONT/LSG/LSG/D,1,No
PREM_FB_NSAT,FC,D,cabin,7,100.0,Goal,Root/div/carrier/station/caterer/kitchen/dom_int/cabin,PREM_FB_NSAT/OBS/ML/ONT/LSG/LSG/D/FC,2,No
PREM_FB_NSAT,Bev,FC,variant,8,56.27,Goal,Root/div/carrier/station/caterer/kitchen/dom_int/cabin/variant,PREM_FB_NSAT/OBS/ML/ONT/LSG/LSG/D/FC/Bev,0,Yes
PREM_FB_NSAT,Meal,FC,variant,8,43.73,Goal,Root/div/carrier/station/caterer/kitchen/dom_int/cabin/variant,PREM_FB_NSAT/OBS/ML/ONT/LSG/LSG/D/FC/Meal,0,Yes
PREM_FB_NSAT,Newrest,ONT,caterer,4,19.81,Goal,Root/div/carrier/station/caterer,PREM_FB_NSAT/OBS/ML/ONT/Newrest,1,No
PREM_FB_NSAT,LSG,Newrest,kitchen,5,100.0,Goal,Root/div/carrier/station/caterer/kitchen,PREM_FB_NSAT/OBS/ML/ONT/Newrest/LSG,1,No
PREM_FB_NSAT,D,LSG,dom_int,6,100.0,Goal,Root/div/carrier/station/caterer/kitchen/dom_int,PREM_FB_NSAT/OBS/ML/ONT/Newrest/LSG/D,1,No
PREM_FB_NSAT,FC,D,cabin,7,100.0,Goal,Root/div/carrier/station/caterer/kitchen/dom_int/cabin,PREM_FB_NSAT/OBS/ML/ONT/Newrest/LSG/D/FC,1,No
PREM_FB_NSAT,Bev,FC,variant,8,100.0,Goal,Root/div/carrier/station/caterer/kitchen/dom_int/cabin/variant,PREM_FB_NSAT/OBS/ML/ONT/Newrest/LSG/D/FC/Bev,0,Yes
PREM_FB_NSAT,D,ONT,dom_int,4,1.6,Goal,Root/div/carrier/station/dom_int,PREM_FB_NSAT/OBS/ML/ONT/D,1,No
PREM_FB_NSAT,FC,D,cabin,5,100.0,Goal,Root/div/carrier/station/dom_int/cabin,PREM_FB_NSAT/OBS/ML/ONT/D/FC,2,No
PREM_FB_NSAT,Bev,FC,variant,6,55.19,Goal,Root/div/carrier/station/dom_int/cabin/variant,PREM_FB_NSAT/OBS/ML/ONT/D/FC/Bev,0,Yes
PREM_FB_NSAT,Meal,FC,variant,6,44.81,Goal,Root/div/carrier/station/dom_int/cabin/variant,PREM_FB_NSAT/OBS/ML/ONT/D/FC/Meal,0,Yes
PREM_FB_NSAT,ORD,ML,station,3,1.03,Goal,Root/div/carrier/station,PREM_FB_NSAT/OBS/ML/ORD,5,No
PREM_FB_NSAT,DOCO,ORD,caterer,4,14.19,Goal,Root/div/carrier/station/caterer,PREM_FB_NSAT/OBS/ML/ORD/DOCO,1,No
PREM_FB_NSAT,GGI,DOCO,kitchen,5,100.0,Goal,Root/div/carrier/station/caterer/kitchen,PREM_FB_NSAT/OBS/ML/ORD/DOCO/GGI,1,No
PREM_FB_NSAT,D,GGI,dom_int,6,100.0,Goal,Root/div/carrier/station/caterer/kitchen/dom_int,PREM_FB_NSAT/OBS/ML/ORD/DOCO/GGI/D,1,No
PREM_FB_NSAT,FC,D,cabin,7,100.0,Goal,Root/div/carrier/station/caterer/kitchen/dom_int/cabin,PREM_FB_NSAT/OBS/ML/ORD/DOCO/GGI/D/FC,1,No
PREM_FB_NSAT,Bev,FC,variant,8,100.0,Goal,Root/div/carrier/station/caterer/kitchen/dom_int/cabin/variant,PREM_FB_NSAT/OBS/ML/ORD/DOCO/GGI/D/FC/Bev,0,Yes
PREM_FB_NSAT,GG,ORD,caterer,4,16.87,Goal,Root/div/carrier/station/caterer,PREM_FB_NSAT/OBS/ML/ORD/GG,1,No
PREM_FB_NSAT,GGI,GG,kitchen,5,100.0,Goal,Root/div/carrier/station/caterer/kitchen,PREM_FB_NSAT/OBS/ML/ORD/GG/GGI,1,No
PREM_FB_NSAT,D,GGI,dom_int,6,100.0,Goal,Root/div/carrier/station/caterer/kitchen/dom_int,PREM_FB_NSAT/OBS/ML/ORD/GG/GGI/D,1,No
PREM_FB_NSAT,FC,D,cabin,7,100.0,Goal,Root/div/carrier/station/caterer/kitchen/dom_int/cabin,PREM_FB_NSAT/OBS/ML/ORD/GG/GGI/D/FC,2,No
PREM_FB_NSAT,Bev,FC,variant,8,11.88,Goal,Root/div/carrier/station/caterer/kitchen/dom_int/cabin/variant,PREM_FB_NSAT/OBS/ML/ORD/GG/GGI/D/FC/Bev,0,Yes
PREM_FB_NSAT,Meal,FC,variant,8,88.12,Goal,Root/div/carrier/station/caterer/kitchen/dom_int/cabin/variant,PREM_FB_NSAT/OBS/ML/ORD/GG/GGI/D/FC/Meal,0,Yes
PREM_FB_NSAT,LSG,ORD,caterer,4,27.08,Goal,Root/div/carrier/station/caterer,PREM_FB_NSAT/OBS/ML/ORD/LSG,1,No
PREM_FB_NSAT,GGI,LSG,kitchen,5,100.0,Goal,Root/div/carrier/station/caterer/kitchen,PREM_FB_NSAT/OBS/ML/ORD/LSG/GGI,1,No
PREM_FB_NSAT,D,GGI,dom_int,6,100.0,Goal,Root/div/carrier/station/caterer/kitchen/dom_int,PREM_FB_NSAT/OBS/ML/ORD/LSG/GGI/D,1,No
PREM_FB_NSAT,FC,D,cabin,7,100.0,Goal,Root/div/carrier/station/caterer/kitchen/dom_int/cabin,PREM_FB_NSAT/OBS/ML/ORD/LSG/GGI/D/FC,1,No
PREM_FB_NSAT,Bev,FC,variant,8,100.0,Goal,Root/div/carrier/station/caterer/kitchen/dom_int/cabin/variant,PREM_FB_NSAT/OBS/ML/ORD/LSG/GGI/D/FC/Bev,0,Yes
PREM_FB_NSAT,Newrest,ORD,caterer,4,0.14,Goal,Root/div/carrier/station/caterer,PREM_FB_NSAT/OBS/ML/ORD/Newrest,1,No
PREM_FB_NSAT,GGI,Newrest,kitchen,5,100.0,Goal,Root/div/carrier/station/caterer/kitchen,PREM_FB_NSAT/OBS/ML/ORD/Newrest/GGI,1,No
PREM_FB_NSAT,D,GGI,dom_int,6,100.0,Goal,Root/div/carrier/station/caterer/kitchen/dom_int,PREM_FB_NSAT/OBS/ML/ORD/Newrest/GGI/D,1,No
PREM_FB_NSAT,FC,D,cabin,7,100.0,Goal,Root/div/carrier/station/caterer/kitchen/dom_int/cabin,PREM_FB_NSAT/OBS/ML/ORD/Newrest/GGI/D/FC,1,No
PREM_FB_NSAT,Bev,FC,variant,8,100.0,Goal,Root/div/carrier/station/caterer/kitchen/dom_int/cabin/variant,PREM_FB_NSAT/OBS/ML/ORD/Newrest/GGI/D/FC/Bev,0,Yes
PREM_FB_NSAT,D,ORD,dom_int,4,41.72,Goal,Root/div/carrier/station/dom_int,PREM_FB_NSAT/OBS/ML/ORD/D,1,No
PREM_FB_NSAT,FC,D,cabin,5,100.0,Goal,Root/div/carrier/station/dom_int/cabin,PREM_FB_NSAT/OBS/ML/ORD/D/FC,2,No
PREM_FB_NSAT,Bev,FC,variant,6,91.99,Goal,Root/div/carrier/station/dom_int/cabin/variant,PREM_FB_NSAT/OBS/ML/ORD/D/FC/Bev,0,Yes
PREM_FB_NSAT,Meal,FC,variant,6,8.01,Goal,Root/div/carrier/station/dom_int/cabin/variant,PREM_FB_NSAT/OBS/ML/ORD/D/FC/Meal,0,Yes
PREM_FB_NSAT,PBI,ML,station,3,0.83,Goal,Root/div/carrier/station,PREM_FB_NSAT/OBS/ML/PBI,4,No
PREM_FB_NSAT,DAL,PBI,caterer,4,25.79,Goal,Root/div/carrier/station/caterer,PREM_FB_NSAT/OBS/ML/PBI/DAL,1,No
PREM_FB_NSAT,GGI,DAL,kitchen,5,100.0,Goal,Root/div/carrier/station/caterer/kitchen,PREM_FB_NSAT/OBS/ML/PBI/DAL/GGI,1,No
PREM_FB_NSAT,D,GGI,dom_int,6,100.0,Goal,Root/div/carrier/station/caterer/kitchen/dom_int,PREM_FB_NSAT/OBS/ML/PBI/DAL/GGI/D,1,No
PREM_FB_NSAT,FC,D,cabin,7,100.0,Goal,Root/div/carrier/station/caterer/kitchen/dom_int/cabin,PREM_FB_NSAT/OBS/ML/PBI/DAL/GGI/D/FC,1,No
PREM_FB_NSAT,Bev,FC,variant,8,100.0,Goal,Root/div/carrier/station/caterer/kitchen/dom_int/cabin/variant,PREM_FB_NSAT/OBS/ML/PBI/DAL/GGI/D/FC/Bev,0,Yes
PREM_FB_NSAT,GG,PBI,caterer,4,53.33,Goal,Root/div/carrier/station/caterer,PREM_FB_NSAT/OBS/ML/PBI/GG,1,No
PREM_FB_NSAT,GGI,GG,kitchen,5,100.0,Goal,Root/div/carrier/station/caterer/kitchen,PREM_FB_NSAT/OBS/ML/PBI/GG/GGI,1,No
PREM_FB_NSAT,D,GGI,dom_int,6,100.0,Goal,Root/div/carrier/station/caterer/kitchen/dom_int,PREM_FB_NSAT/OBS/ML/PBI/GG/GGI/D,1,No
PREM_FB_NSAT,FC,D,cabin,7,100.0,Goal,Root/div/carrier/station/caterer/kitchen/dom_int/cabin,PREM_FB_NSAT/OBS/ML/PBI/GG/GGI/D/FC,2,No
PREM_FB_NSAT,Bev,FC,variant,8,76.65,Goal,Root/div/carrier/station/caterer/kitchen/dom_int/cabin/variant,PREM_FB_NSAT/OBS/ML/PBI/GG/GGI/D/FC/Bev,0,Yes
PREM_FB_NSAT,Meal,FC,variant,8,23.35,Goal,Root/div/carrier/station/caterer/kitchen/dom_int/cabin/variant,PREM_FB_NSAT/OBS/ML/PBI/GG/GGI/D/FC/Meal,0,Yes
PREM_FB_NSAT,Newrest,PBI,caterer,4,4.1,Goal,Root/div/carrier/station/caterer,PREM_FB_NSAT/OBS/ML/PBI/Newrest,1,No
PREM_FB_NSAT,GGI,Newrest,kitchen,5,100.0,Goal,Root/div/carrier/station/caterer/kitchen,PREM_FB_NSAT/OBS/ML/PBI/Newrest/GGI,1,No
PREM_FB_NSAT,D,GGI,dom_int,6,100.0,Goal,Root/div/carrier/station/caterer/kitchen/dom_int,PREM_FB_NSAT/OBS/ML/PBI/Newrest/GGI/D,1,No
PREM_FB_NSAT,FC,D,cabin,7,100.0,Goal,Root/div/carrier/station/caterer/kitchen/dom_int/cabin,PREM_FB_NSAT/OBS/ML/PBI/Newrest/GGI/D/FC,1,No
PREM_FB_NSAT,Bev,FC,variant,8,100.0,Goal,Root/div/carrier/station/caterer/kitchen/dom_int/cabin/variant,PREM_FB_NSAT/OBS/ML/PBI/Newrest/GGI/D/FC/Bev,0,Yes
PREM_FB_NSAT,D,PBI,dom_int,4,16.78,Goal,Root/div/carrier/station/dom_int,PREM_FB_NSAT/OBS/ML/PBI/D,1,No
PREM_FB_NSAT,FC,D,cabin,5,100.0,Goal,Root/div/carrier/station/dom_int/cabin,PREM_FB_NSAT/OBS/ML/PBI/D/FC,2,No
PREM_FB_NSAT,Bev,FC,variant,6,53.87,Goal,Root/div/carrier/station/dom_int/cabin/variant,PREM_FB_NSAT/OBS/ML/PBI/D/FC/Bev,0,Yes
PREM_FB_NSAT,Meal,FC,variant,6,46.13,Goal,Root/div/carrier/station/dom_int/cabin/variant,PREM_FB_NSAT/OBS/ML/PBI/D/FC/Meal,0,Yes
PREM_FB_NSAT,PDX,ML,station,3,0.83,Goal,Root/div/carrier/station,PREM_FB_NSAT/OBS/ML/PDX,4,No
PREM_FB_NSAT,LSG,PDX,caterer,4,19.72,Goal,Root/div/carrier/station/caterer,PREM_FB_NSAT/OBS/ML/PDX/LSG,1,No
PREM_FB_NSAT,LSG,LSG,kitchen,5,100.0,Goal,Root/div/carrier/station/caterer/kitchen,PREM_FB_NSAT/OBS/ML/PDX/LSG/LSG,1,No
PREM_FB_NSAT,D,LSG,dom_int,6,100.0,Goal,Root/div/carrier/station/caterer/kitchen/dom_int,PREM_FB_NSAT/OBS/ML/PDX/LSG/LSG/D,1,No
PREM_FB_NSAT,FC,D,cabin,7,100.0,Goal,Root/div/carrier/station/caterer/kitchen/dom_int/cabin,PREM_FB_NSAT/OBS/ML/PDX/LSG/LSG/D/FC,2,No
PREM_FB_NSAT,Bev,FC,variant,8,89.88,Goal,Root/div/carrier/station/caterer/kitchen/dom_int/cabin/variant,PREM_FB_NSAT/OBS/ML/PDX/LSG/LSG/D/FC/Bev,0,Yes
PREM_FB_NSAT,Meal,FC,variant,8,10.12,Goal,Root/div/carrier/station/caterer/kitchen/dom_int/cabin/variant,PREM_FB_NSAT/OBS/ML/PDX/LSG/LSG/D/FC/Meal,0,Yes
PREM_FB_NSAT,Newrest,PDX,caterer,4,26.29,Goal,Root/div/carrier/station/caterer,PREM_FB_NSAT/OBS/ML/PDX/Newrest,1,No
PREM_FB_NSAT,LSG,Newrest,kitchen,5,100.0,Goal,Root/div/carrier/station/caterer/kitchen,PREM_FB_NSAT/OBS/ML/PDX/Newrest/LSG,1,No
PREM_FB_NSAT,D,LSG,dom_int,6,100.0,Goal,Root/div/carrier/station/caterer/kitchen/dom_int,PREM_FB_NSAT/OBS/ML/PDX/Newrest/LSG/D,1,No
PREM_FB_NSAT,FC,D,cabin,7,100.0,Goal,Root/div/carrier/station/caterer/kitchen/dom_int/cabin,PREM_FB_NSAT/OBS/ML/PDX/Newrest/LSG/D/FC,1,No
PREM_FB_NSAT,Meal,FC,variant,8,100.0,Goal,Root/div/carrier/station/caterer/kitchen/dom_int/cabin/variant,PREM_FB_NSAT/OBS/ML/PDX/Newrest/LSG/D/FC/Meal,0,Yes
PREM_FB_NSAT,D,PDX,dom_int,4,53.13,Goal,Root/div/carrier/station/dom_int,PREM_FB_NSAT/OBS/ML/PDX/D,1,No
PREM_FB_NSAT,FC,D,cabin,5,100.0,Goal,Root/div/carrier/station/dom_int/cabin,PREM_FB_NSAT/OBS/ML/PDX/D/FC,2,No
PREM_FB_NSAT,Bev,FC,variant,6,53.14,Goal,Root/div/carrier/station/dom_int/cabin/variant,PREM_FB_NSAT/OBS/ML/PDX/D/FC/Bev,0,Yes
PREM_FB_NSAT,Meal,FC,variant,6,46.86,Goal,Root/div/carrier/station/dom_int/cabin/variant,PREM_FB_NSAT/OBS/ML/PDX/D/FC/Meal,0,Yes
PREM_FB_NSAT,TATL,PDX,entity,4,0.86,Goal,Root/div/carrier/station/entity,PREM_FB_NSAT/OBS/ML/PDX/TATL,1,No
PREM_FB_NSAT,D1,TATL,cabin,5,100.0,Goal,Root/div/carrier/station/entity/cabin,PREM_FB_NSAT/OBS/ML/PDX/TATL/D1,0,Yes
PREM_FB_NSAT,PHL,ML,station,3,0.57,Goal,Root/div/carrier/station,PREM_FB_NSAT/OBS/ML/PHL,5,No
PREM_FB_NSAT,DAL,PHL,caterer,4,40.8,Goal,Root/div/carrier/station/caterer,PREM_FB_NSAT/OBS/ML/PHL/DAL,1,No
PREM_FB_NSAT,LSG,DAL,kitchen,5,100.0,Goal,Root/div/carrier/station/caterer/kitchen,PREM_FB_NSAT/OBS/ML/PHL/DAL/LSG,1,No
PREM_FB_NSAT,D,LSG,dom_int,6,100.0,Goal,Root/div/carrier/station/caterer/kitchen/dom_int,PREM_FB_NSAT/OBS/ML/PHL/DAL/LSG/D,1,No
PREM_FB_NSAT,FC,D,cabin,7,100.0,Goal,Root/div/carrier/station/caterer/kitchen/dom_int/cabin,PREM_FB_NSAT/OBS/ML/PHL/DAL/LSG/D/FC,1,No
PREM_FB_NSAT,Bev,FC,variant,8,100.0,Goal,Root/div/carrier/station/caterer/kitchen/dom_int/cabin/variant,PREM_FB_NSAT/OBS/ML/PHL/DAL/LSG/D/FC/Bev,0,Yes
PREM_FB_NSAT,DOCO,PHL,caterer,4,7.11,Goal,Root/div/carrier/station/caterer,PREM_FB_NSAT/OBS/ML/PHL/DOCO,1,No
PREM_FB_NSAT,LSG,DOCO,kitchen,5,100.0,Goal,Root/div/carrier/station/caterer/kitchen,PREM_FB_NSAT/OBS/ML/PHL/DOCO/LSG,1,No
PREM_FB_NSAT,D,LSG,dom_int,6,100.0,Goal,Root/div/carrier/station/caterer/kitchen/dom_int,PREM_FB_NSAT/OBS/ML/PHL/DOCO/LSG/D,1,No
PREM_FB_NSAT,FC,D,cabin,7,100.0,Goal,Root/div/carrier/station/caterer/kitchen/dom_int/cabin,PREM_FB_NSAT/OBS/ML/PHL/DOCO/LSG/D/FC,1,No
PREM_FB_NSAT,Bev,FC,variant,8,100.0,Goal,Root/div/carrier/station/caterer/kitchen/dom_int/cabin/variant,PREM_FB_NSAT/OBS/ML/PHL/DOCO/LSG/D/FC/Bev,0,Yes
PREM_FB_NSAT,LSG,PHL,caterer,4,5.72,Goal,Root/div/carrier/station/caterer,PREM_FB_NSAT/OBS/ML/PHL/LSG,1,No
PREM_FB_NSAT,LSG,LSG,kitchen,5,100.0,Goal,Root/div/carrier/station/caterer/kitchen,PREM_FB_NSAT/OBS/ML/PHL/LSG/LSG,1,No
PREM_FB_NSAT,D,LSG,dom_int,6,100.0,Goal,Root/div/carrier/station/caterer/kitchen/dom_int,PREM_FB_NSAT/OBS/ML/PHL/LSG/LSG/D,1,No
PREM_FB_NSAT,FC,D,cabin,7,100.0,Goal,Root/div/carrier/station/caterer/kitchen/dom_int/cabin,PREM_FB_NSAT/OBS/ML/PHL/LSG/LSG/D/FC,2,No
PREM_FB_NSAT,Bev,FC,variant,8,86.58,Goal,Root/div/carrier/station/caterer/kitchen/dom_int/cabin/variant,PREM_FB_NSAT/OBS/ML/PHL/LSG/LSG/D/FC/Bev,0,Yes
PREM_FB_NSAT,Meal,FC,variant,8,13.42,Goal,Root/div/carrier/station/caterer/kitchen/dom_int/cabin/variant,PREM_FB_NSAT/OBS/ML/PHL/LSG/LSG/D/FC/Meal,0,Yes
PREM_FB_NSAT,Newrest,PHL,caterer,4,2.1,Goal,Root/div/carrier/station/caterer,PREM_FB_NSAT/OBS/ML/PHL/Newrest,1,No
PREM_FB_NSAT,LSG,Newrest,kitchen,5,100.0,Goal,Root/div/carrier/station/caterer/kitchen,PREM_FB_NSAT/OBS/ML/PHL/Newrest/LSG,1,No
PREM_FB_NSAT,D,LSG,dom_int,6,100.0,Goal,Root/div/carrier/station/caterer/kitchen/dom_int,PREM_FB_NSAT/OBS/ML/PHL/Newrest/LSG/D,1,No
PREM_FB_NSAT,FC,D,cabin,7,100.0,Goal,Root/div/carrier/station/caterer/kitchen/dom_int/cabin,PREM_FB_NSAT/OBS/ML/PHL/Newrest/LSG/D/FC,1,No
PREM_FB_NSAT,Bev,FC,variant,8,100.0,Goal,Root/div/carrier/station/caterer/kitchen/dom_int/cabin/variant,PREM_FB_NSAT/OBS/ML/PHL/Newrest/LSG/D/FC/Bev,0,Yes
PREM_FB_NSAT,D,PHL,dom_int,4,44.27,Goal,Root/div/carrier/station/dom_int,PREM_FB_NSAT/OBS/ML/PHL/D,1,No
PREM_FB_NSAT,FC,D,cabin,5,100.0,Goal,Root/div/carrier/station/dom_int/cabin,PREM_FB_NSAT/OBS/ML/PHL/D/FC,2,No
PREM_FB_NSAT,Bev,FC,variant,6,49.28,Goal,Root/div/carrier/station/dom_int/cabin/variant,PREM_FB_NSAT/OBS/ML/PHL/D/FC/Bev,0,Yes
PREM_FB_NSAT,Meal,FC,variant,6,50.72,Goal,Root/div/carrier/station/dom_int/cabin/variant,PREM_FB_NSAT/OBS/ML/PHL/D/FC/Meal,0,Yes
PREM_FB_NSAT,PHX,ML,station,3,0.14,Goal,Root/div/carrier/station,PREM_FB_NSAT/OBS/ML/PHX,4,No
PREM_FB_NSAT,DOCO,PHX,caterer,4,5.57,Goal,Root/div/carrier/station/caterer,PREM_FB_NSAT/OBS/ML/PHX/DOCO,1,No
PREM_FB_NSAT,LSG,DOCO,kitchen,5,100.0,Goal,Root/div/carrier/station/caterer/kitchen,PREM_FB_NSAT/OBS/ML/PHX/DOCO/LSG,1,No
PREM_FB_NSAT,D,LSG,dom_int,6,100.0,Goal,Root/div/carrier/station/caterer/kitchen/dom_int,PREM_FB_NSAT/OBS/ML/PHX/DOCO/LSG/D,1,No
PREM_FB_NSAT,FC,D,cabin,7,100.0,Goal,Root/div/carrier/station/caterer/kitchen/dom_int/cabin,PREM_FB_NSAT/OBS/ML/PHX/DOCO/LSG/D/FC,1,No
PREM_FB_NSAT,Meal,FC,variant,8,100.0,Goal,Root/div/carrier/station/caterer/kitchen/dom_int/cabin/variant,PREM_FB_NSAT/OBS/ML/PHX/DOCO/LSG/D/FC/Meal,0,Yes
PREM_FB_NSAT,LSG,PHX,caterer,4,27.65,Goal,Root/div/carrier/station/caterer,PREM_FB_NSAT/OBS/ML/PHX/LSG,1,No
PREM_FB_NSAT,LSG,LSG,kitchen,5,100.0,Goal,Root/div/carrier/station/caterer/kitchen,PREM_FB_NSAT/OBS/ML/PHX/LSG/LSG,1,No
PREM_FB_NSAT,D,LSG,dom_int,6,100.0,Goal,Root/div/carrier/station/caterer/kitchen/dom_int,PREM_FB_NSAT/OBS/ML/PHX/LSG/LSG/D,1,No
PREM_FB_NSAT,FC,D,cabin,7,100.0,Goal,Root/div/carrier/station/caterer/kitchen/dom_int/cabin,PREM_FB_NSAT/OBS/ML/PHX/LSG/LSG/D/FC,2,No
PREM_FB_NSAT,Bev,FC,variant,8,14.95,Goal,Root/div/carrier/station/caterer/kitchen/dom_int/cabin/variant,PREM_FB_NSAT/OBS/ML/PHX/LSG/LSG/D/FC/Bev,0,Yes
PREM_FB_NSAT,Meal,FC,variant,8,85.05,Goal,Root/div/carrier/station/caterer/kitchen/dom_int/cabin/variant,PREM_FB_NSAT/OBS/ML/PHX/LSG/LSG/D/FC/Meal,0,Yes
PREM_FB_NSAT,Newrest,PHX,caterer,4,33.87,Goal,Root/div/carrier/station/caterer,PREM_FB_NSAT/OBS/ML/PHX/Newrest,1,No
PREM_FB_NSAT,LSG,Newrest,kitchen,5,100.0,Goal,Root/div/carrier/station/caterer/kitchen,PREM_FB_NSAT/OBS/ML/PHX/Newrest/LSG,1,No
PREM_FB_NSAT,D,LSG,dom_int,6,100.0,Goal,Root/div/carrier/station/caterer/kitchen/dom_int,PREM_FB_NSAT/OBS/ML/PHX/Newrest/LSG/D,1,No
PREM_FB_NSAT,FC,D,cabin,7,100.0,Goal,Root/div/carrier/station/caterer/kitchen/dom_int/cabin,PREM_FB_NSAT/OBS/ML/PHX/Newrest/LSG/D/FC,1,No
PREM_FB_NSAT,Meal,FC,variant,8,100.0,Goal,Root/div/carrier/station/caterer/kitchen/dom_int/cabin/variant,PREM_FB_NSAT/OBS/ML/PHX/Newrest/LSG/D/FC/Meal,0,Yes
PREM_FB_NSAT,D,PHX,dom_int,4,32.910000000000004,Goal,Root/div/carrier/station/dom_int,PREM_FB_NSAT/OBS/ML/PHX/D,1,No
PREM_FB_NSAT,FC,D,cabin,5,100.0,Goal,Root/div/carrier/station/dom_int/cabin,PREM_FB_NSAT/OBS/ML/PHX/D/FC,2,No
PREM_FB_NSAT,Bev,FC,variant,6,41.58,Goal,Root/div/carrier/station/dom_int/cabin/variant,PREM_FB_NSAT/OBS/ML/PHX/D/FC/Bev,0,Yes
PREM_FB_NSAT,Meal,FC,variant,6,58.42,Goal,Root/div/carrier/station/dom_int/cabin/variant,PREM_FB_NSAT/OBS/ML/PHX/D/FC/Meal,0,Yes
PREM_FB_NSAT,PIT,ML,station,3,0.47,Goal,Root/div/carrier/station,PREM_FB_NSAT/OBS/ML/PIT,4,No
PREM_FB_NSAT,DAL,PIT,caterer,4,22.29,Goal,Root/div/carrier/station/caterer,PREM_FB_NSAT/OBS/ML/PIT/DAL,1,No
PREM_FB_NSAT,LSG,DAL,kitchen,5,100.0,Goal,Root/div/carrier/station/caterer/kitchen,PREM_FB_NSAT/OBS/ML/PIT/DAL/LSG,1,No
PREM_FB_NSAT,D,LSG,dom_int,6,100.0,Goal,Root/div/carrier/station/caterer/kitchen/dom_int,PREM_FB_NSAT/OBS/ML/PIT/DAL/LSG/D,1,No
PREM_FB_NSAT,FC,D,cabin,7,100.0,Goal,Root/div/carrier/station/caterer/kitchen/dom_int/cabin,PREM_FB_NSAT/OBS/ML/PIT/DAL/LSG/D/FC,1,No
PREM_FB_NSAT,Bev,FC,variant,8,100.0,Goal,Root/div/carrier/station/caterer/kitchen/dom_int/cabin/variant,PREM_FB_NSAT/OBS/ML/PIT/DAL/LSG/D/FC/Bev,0,Yes
PREM_FB_NSAT,LSG,PIT,caterer,4,30.11,Goal,Root/div/carrier/station/caterer,PREM_FB_NSAT/OBS/ML/PIT/LSG,1,No
PREM_FB_NSAT,LSG,LSG,kitchen,5,100.0,Goal,Root/div/carrier/station/caterer/kitchen,PREM_FB_NSAT/OBS/ML/PIT/LSG/LSG,1,No
PREM_FB_NSAT,D,LSG,dom_int,6,100.0,Goal,Root/div/carrier/station/caterer/kitchen/dom_int,PREM_FB_NSAT/OBS/ML/PIT/LSG/LSG/D,1,No
PREM_FB_NSAT,FC,D,cabin,7,100.0,Goal,Root/div/carrier/station/caterer/kitchen/dom_int/cabin,PREM_FB_NSAT/OBS/ML/PIT/LSG/LSG/D/FC,2,No
PREM_FB_NSAT,Bev,FC,variant,8,99.7,Goal,Root/div/carrier/station/caterer/kitchen/dom_int/cabin/variant,PREM_FB_NSAT/OBS/ML/PIT/LSG/LSG/D/FC/Bev,0,Yes
PREM_FB_NSAT,Meal,FC,variant,8,0.3,Goal,Root/div/carrier/station/caterer/kitchen/dom_int/cabin/variant,PREM_FB_NSAT/OBS/ML/PIT/LSG/LSG/D/FC/Meal,0,Yes
PREM_FB_NSAT,Newrest,PIT,caterer,4,34.08,Goal,Root/div/carrier/station/caterer,PREM_FB_NSAT/OBS/ML/PIT/Newrest,1,No
PREM_FB_NSAT,LSG,Newrest,kitchen,5,100.0,Goal,Root/div/carrier/station/caterer/kitchen,PREM_FB_NSAT/OBS/ML/PIT/Newrest/LSG,1,No
PREM_FB_NSAT,D,LSG,dom_int,6,100.0,Goal,Root/div/carrier/station/caterer/kitchen/dom_int,PREM_FB_NSAT/OBS/ML/PIT/Newrest/LSG/D,1,No
PREM_FB_NSAT,FC,D,cabin,7,100.0,Goal,Root/div/carrier/station/caterer/kitchen/dom_int/cabin,PREM_FB_NSAT/OBS/ML/PIT/Newrest/LSG/D/FC,1,No
PREM_FB_NSAT,Bev,FC,variant,8,100.0,Goal,Root/div/carrier/station/caterer/kitchen/dom_int/cabin/variant,PREM_FB_NSAT/OBS/ML/PIT/Newrest/LSG/D/FC/Bev,0,Yes
PREM_FB_NSAT,D,PIT,dom_int,4,13.52,Goal,Root/div/carrier/station/dom_int,PREM_FB_NSAT/OBS/ML/PIT/D,1,No
PREM_FB_NSAT,FC,D,cabin,5,100.0,Goal,Root/div/carrier/station/dom_int/cabin,PREM_FB_NSAT/OBS/ML/PIT/D/FC,2,No
PREM_FB_NSAT,Bev,FC,variant,6,86.42,Goal,Root/div/carrier/station/dom_int/cabin/variant,PREM_FB_NSAT/OBS/ML/PIT/D/FC/Bev,0,Yes
PREM_FB_NSAT,Meal,FC,variant,6,13.58,Goal,Root/div/carrier/station/dom_int/cabin/variant,PREM_FB_NSAT/OBS/ML/PIT/D/FC/Meal,0,Yes
PREM_FB_NSAT,PSP,ML,station,3,0.42,Goal,Root/div/carrier/station,PREM_FB_NSAT/OBS/ML/PSP,3,No
PREM_FB_NSAT,AirFayre,PSP,caterer,4,12.74,Goal,Root/div/carrier/station/caterer,PREM_FB_NSAT/OBS/ML/PSP/AirFayre,1,No
PREM_FB_NSAT,AirFayre,AirFayre,kitchen,5,100.0,Goal,Root/div/carrier/station/caterer/kitchen,PREM_FB_NSAT/OBS/ML/PSP/AirFayre/AirFayre,1,No
PREM_FB_NSAT,D,AirFayre,dom_int,6,100.0,Goal,Root/div/carrier/station/caterer/kitchen/dom_int,PREM_FB_NSAT/OBS/ML/PSP/AirFayre/AirFayre/D,1,No
PREM_FB_NSAT,FC,D,cabin,7,100.0,Goal,Root/div/carrier/station/caterer/kitchen/dom_int/cabin,PREM_FB_NSAT/OBS/ML/PSP/AirFayre/AirFayre/D/FC,1,No
PREM_FB_NSAT,Meal,FC,variant,8,100.0,Goal,Root/div/carrier/station/caterer/kitchen/dom_int/cabin/variant,PREM_FB_NSAT/OBS/ML/PSP/AirFayre/AirFayre/D/FC/Meal,0,Yes
PREM_FB_NSAT,LSG,PSP,caterer,4,36.86,Goal,Root/div/carrier/station/caterer,PREM_FB_NSAT/OBS/ML/PSP/LSG,1,No
PREM_FB_NSAT,LSG,LSG,kitchen,5,100.0,Goal,Root/div/carrier/station/caterer/kitchen,PREM_FB_NSAT/OBS/ML/PSP/LSG/LSG,1,No
PREM_FB_NSAT,D,LSG,dom_int,6,100.0,Goal,Root/div/carrier/station/caterer/kitchen/dom_int,PREM_FB_NSAT/OBS/ML/PSP/LSG/LSG/D,1,No
PREM_FB_NSAT,FC,D,cabin,7,100.0,Goal,Root/div/carrier/station/caterer/kitchen/dom_int/cabin,PREM_FB_NSAT/OBS/ML/PSP/LSG/LSG/D/FC,1,No
PREM_FB_NSAT,Meal,FC,variant,8,100.0,Goal,Root/div/carrier/station/caterer/kitchen/dom_int/cabin/variant,PREM_FB_NSAT/OBS/ML/PSP/LSG/LSG/D/FC/Meal,0,Yes
PREM_FB_NSAT,D,PSP,dom_int,4,50.4,Goal,Root/div/carrier/station/dom_int,PREM_FB_NSAT/OBS/ML/PSP/D,1,No
PREM_FB_NSAT,FC,D,cabin,5,100.0,Goal,Root/div/carrier/station/dom_int/cabin,PREM_FB_NSAT/OBS/ML/PSP/D/FC,1,No
PREM_FB_NSAT,Meal,FC,variant,6,100.0,Goal,Root/div/carrier/station/dom_int/cabin/variant,PREM_FB_NSAT/OBS/ML/PSP/D/FC/Meal,0,Yes
PREM_FB_NSAT,PVD,ML,station,3,0.85,Goal,Root/div/carrier/station,PREM_FB_NSAT/OBS/ML/PVD,2,No
PREM_FB_NSAT,Emerys,PVD,caterer,4,35.25,Goal,Root/div/carrier/station/caterer,PREM_FB_NSAT/OBS/ML/PVD/Emerys,1,No
PREM_FB_NSAT,Emerys,Emerys,kitchen,5,100.0,Goal,Root/div/carrier/station/caterer/kitchen,PREM_FB_NSAT/OBS/ML/PVD/Emerys/Emerys,1,No
PREM_FB_NSAT,D,Emerys,dom_int,6,100.0,Goal,Root/div/carrier/station/caterer/kitchen/dom_int,PREM_FB_NSAT/OBS/ML/PVD/Emerys/Emerys/D,1,No
PREM_FB_NSAT,FC,D,cabin,7,100.0,Goal,Root/div/carrier/station/caterer/kitchen/dom_int/cabin,PREM_FB_NSAT/OBS/ML/PVD/Emerys/Emerys/D/FC,1,No
PREM_FB_NSAT,Meal,FC,variant,8,100.0,Goal,Root/div/carrier/station/caterer/kitchen/dom_int/cabin/variant,PREM_FB_NSAT/OBS/ML/PVD/Emerys/Emerys/D/FC/Meal,0,Yes
PREM_FB_NSAT,D,PVD,dom_int,4,64.75,Goal,Root/div/carrier/station/dom_int,PREM_FB_NSAT/OBS/ML/PVD/D,1,No
PREM_FB_NSAT,FC,D,cabin,5,100.0,Goal,Root/div/carrier/station/dom_int/cabin,PREM_FB_NSAT/OBS/ML/PVD/D/FC,1,No
PREM_FB_NSAT,Meal,FC,variant,6,100.0,Goal,Root/div/carrier/station/dom_int/cabin/variant,PREM_FB_NSAT/OBS/ML/PVD/D/FC/Meal,0,Yes
PREM_FB_NSAT,PVG,ML,station,3,0.42,Goal,Root/div/carrier/station,PREM_FB_NSAT/OBS/ML/PVG,3,No
PREM_FB_NSAT,ShanghaiEa,PVG,caterer,4,61.05,Goal,Root/div/carrier/station/caterer,PREM_FB_NSAT/OBS/ML/PVG/ShanghaiEa,1,No
PREM_FB_NSAT,ShanghaiEast,ShanghaiEa,kitchen,5,100.0,Goal,Root/div/carrier/station/caterer/kitchen,PREM_FB_NSAT/OBS/ML/PVG/ShanghaiEa/ShanghaiEast,1,No
PREM_FB_NSAT,D,ShanghaiEast,dom_int,6,100.0,Goal,Root/div/carrier/station/caterer/kitchen/dom_int,PREM_FB_NSAT/OBS/ML/PVG/ShanghaiEa/ShanghaiEast/D,1,No
PREM_FB_NSAT,FC,D,cabin,7,100.0,Goal,Root/div/carrier/station/caterer/kitchen/dom_int/cabin,PREM_FB_NSAT/OBS/ML/PVG/ShanghaiEa/ShanghaiEast/D/FC,1,No
PREM_FB_NSAT,Bev,FC,variant,8,100.0,Goal,Root/div/carrier/station/caterer/kitchen/dom_int/cabin/variant,PREM_FB_NSAT/OBS/ML/PVG/ShanghaiEa/ShanghaiEast/D/FC/Bev,0,Yes
PREM_FB_NSAT,D,PVG,dom_int,4,4.35,Goal,Root/div/carrier/station/dom_int,PREM_FB_NSAT/OBS/ML/PVG/D,1,No
PREM_FB_NSAT,FC,D,cabin,5,100.0,Goal,Root/div/carrier/station/dom_int/cabin,PREM_FB_NSAT/OBS/ML/PVG/D/FC,1,No
PREM_FB_NSAT,Bev,FC,variant,6,100.0,Goal,Root/div/carrier/station/dom_int/cabin/variant,PREM_FB_NSAT/OBS/ML/PVG/D/FC/Bev,0,Yes
PREM_FB_NSAT,TPAC,PVG,entity,4,34.6,Goal,Root/div/carrier/station/entity,PREM_FB_NSAT/OBS/ML/PVG/TPAC,1,No
PREM_FB_NSAT,D1,TPAC,cabin,5,100.0,Goal,Root/div/carrier/station/entity/cabin,PREM_FB_NSAT/OBS/ML/PVG/TPAC/D1,0,Yes
PREM_FB_NSAT,RDU,ML,station,3,0.13,Goal,Root/div/carrier/station,PREM_FB_NSAT/OBS/ML/RDU,7,No
PREM_FB_NSAT,DAL,RDU,caterer,4,4.21,Goal,Root/div/carrier/station/caterer,PREM_FB_NSAT/OBS/ML/RDU/DAL,1,No
PREM_FB_NSAT,Newrest_US,DAL,kitchen,5,100.0,Goal,Root/div/carrier/station/caterer/kitchen,PREM_FB_NSAT/OBS/ML/RDU/DAL/Newrest_US,1,No
PREM_FB_NSAT,D,Newrest_US,dom_int,6,100.0,Goal,Root/div/carrier/station/caterer/kitchen/dom_int,PREM_FB_NSAT/OBS/ML/RDU/DAL/Newrest_US/D,1,No
PREM_FB_NSAT,FC,D,cabin,7,100.0,Goal,Root/div/carrier/station/caterer/kitchen/dom_int/cabin,PREM_FB_NSAT/OBS/ML/RDU/DAL/Newrest_US/D/FC,1,No
PREM_FB_NSAT,Bev,FC,variant,8,100.0,Goal,Root/div/carrier/station/caterer/kitchen/dom_int/cabin/variant,PREM_FB_NSAT/OBS/ML/RDU/DAL/Newrest_US/D/FC/Bev,0,Yes
PREM_FB_NSAT,DOCO,RDU,caterer,4,25.04,Goal,Root/div/carrier/station/caterer,PREM_FB_NSAT/OBS/ML/RDU/DOCO,1,No
PREM_FB_NSAT,Newrest_US,DOCO,kitchen,5,100.0,Goal,Root/div/carrier/station/caterer/kitchen,PREM_FB_NSAT/OBS/ML/RDU/DOCO/Newrest_US,1,No
PREM_FB_NSAT,D,Newrest_US,dom_int,6,100.0,Goal,Root/div/carrier/station/caterer/kitchen/dom_int,PREM_FB_NSAT/OBS/ML/RDU/DOCO/Newrest_US/D,1,No
PREM_FB_NSAT,FC,D,cabin,7,100.0,Goal,Root/div/carrier/station/caterer/kitchen/dom_int/cabin,PREM_FB_NSAT/OBS/ML/RDU/DOCO/Newrest_US/D/FC,1,No
PREM_FB_NSAT,Bev,FC,variant,8,100.0,Goal,Root/div/carrier/station/caterer/kitchen/dom_int/cabin/variant,PREM_FB_NSAT/OBS/ML/RDU/DOCO/Newrest_US/D/FC/Bev,0,Yes
PREM_FB_NSAT,GG,RDU,caterer,4,26.92,Goal,Root/div/carrier/station/caterer,PREM_FB_NSAT/OBS/ML/RDU/GG,1,No
PREM_FB_NSAT,Newrest_US,GG,kitchen,5,100.0,Goal,Root/div/carrier/station/caterer/kitchen,PREM_FB_NSAT/OBS/ML/RDU/GG/Newrest_US,1,No
PREM_FB_NSAT,D,Newrest_US,dom_int,6,100.0,Goal,Root/div/carrier/station/caterer/kitchen/dom_int,PREM_FB_NSAT/OBS/ML/RDU/GG/Newrest_US/D,1,No
PREM_FB_NSAT,FC,D,cabin,7,100.0,Goal,Root/div/carrier/station/caterer/kitchen/dom_int/cabin,PREM_FB_NSAT/OBS/ML/RDU/GG/Newrest_US/D/FC,1,No
PREM_FB_NSAT,Bev,FC,variant,8,100.0,Goal,Root/div/carrier/station/caterer/kitchen/dom_int/cabin/variant,PREM_FB_NSAT/OBS/ML/RDU/GG/Newrest_US/D/FC/Bev,0,Yes
PREM_FB_NSAT,LSG,RDU,caterer,4,12.05,Goal,Root/div/carrier/station/caterer,PREM_FB_NSAT/OBS/ML/RDU/LSG,1,No
PREM_FB_NSAT,Newrest_US,LSG,kitchen,5,100.0,Goal,Root/div/carrier/station/caterer/kitchen,PREM_FB_NSAT/OBS/ML/RDU/LSG/Newrest_US,1,No
PREM_FB_NSAT,D,Newrest_US,dom_int,6,100.0,Goal,Root/div/carrier/station/caterer/kitchen/dom_int,PREM_FB_NSAT/OBS/ML/RDU/LSG/Newrest_US/D,1,No
PREM_FB_NSAT,FC,D,cabin,7,100.0,Goal,Root/div/carrier/station/caterer/kitchen/dom_int/cabin,PREM_FB_NSAT/OBS/ML/RDU/LSG/Newrest_US/D/FC,1,No
PREM_FB_NSAT,Bev,FC,variant,8,100.0,Goal,Root/div/carrier/station/caterer/kitchen/dom_int/cabin/variant,PREM_FB_NSAT/OBS/ML/RDU/LSG/Newrest_US/D/FC/Bev,0,Yes
PREM_FB_NSAT,Newrest,RDU,caterer,4,4.05,Goal,Root/div/carrier/station/caterer,PREM_FB_NSAT/OBS/ML/RDU/Newrest,1,No
PREM_FB_NSAT,Newrest_US,Newrest,kitchen,5,100.0,Goal,Root/div/carrier/station/caterer/kitchen,PREM_FB_NSAT/OBS/ML/RDU/Newrest/Newrest_US,1,No
PREM_FB_NSAT,D,Newrest_US,dom_int,6,100.0,Goal,Root/div/carrier/station/caterer/kitchen/dom_int,PREM_FB_NSAT/OBS/ML/RDU/Newrest/Newrest_US/D,1,No
PREM_FB_NSAT,FC,D,cabin,7,100.0,Goal,Root/div/carrier/station/caterer/kitchen/dom_int/cabin,PREM_FB_NSAT/OBS/ML/RDU/Newrest/Newrest_US/D/FC,2,No
PREM_FB_NSAT,Bev,FC,variant,8,44.32,Goal,Root/div/carrier/station/caterer/kitchen/dom_int/cabin/variant,PREM_FB_NSAT/OBS/ML/RDU/Newrest/Newrest_US/D/FC/Bev,0,Yes
PREM_FB_NSAT,Meal,FC,variant,8,55.68,Goal,Root/div/carrier/station/caterer/kitchen/dom_int/cabin/variant,PREM_FB_NSAT/OBS/ML/RDU/Newrest/Newrest_US/D/FC/Meal,0,Yes
PREM_FB_NSAT,D,RDU,dom_int,4,25.16,Goal,Root/div/carrier/station/dom_int,PREM_FB_NSAT/OBS/ML/RDU/D,1,No
PREM_FB_NSAT,FC,D,cabin,5,100.0,Goal,Root/div/carrier/station/dom_int/cabin,PREM_FB_NSAT/OBS/ML/RDU/D/FC,2,No
PREM_FB_NSAT,Bev,FC,variant,6,49.69,Goal,Root/div/carrier/station/dom_int/cabin/variant,PREM_FB_NSAT/OBS/ML/RDU/D/FC/Bev,0,Yes
PREM_FB_NSAT,Meal,FC,variant,6,50.31,Goal,Root/div/carrier/station/dom_int/cabin/variant,PREM_FB_NSAT/OBS/ML/RDU/D/FC/Meal,0,Yes
PREM_FB_NSAT,TATL,RDU,entity,4,2.57,Goal,Root/div/carrier/station/entity,PREM_FB_NSAT/OBS/ML/RDU/TATL,1,No
PREM_FB_NSAT,D1,TATL,cabin,5,100.0,Goal,Root/div/carrier/station/entity/cabin,PREM_FB_NSAT/OBS/ML/RDU/TATL/D1,0,Yes
PREM_FB_NSAT,RSW,ML,station,3,0.96,Goal,Root/div/carrier/station,PREM_FB_NSAT/OBS/ML/RSW,5,No
PREM_FB_NSAT,DAL,RSW,caterer,4,8.06,Goal,Root/div/carrier/station/caterer,PREM_FB_NSAT/OBS/ML/RSW/DAL,1,No
PREM_FB_NSAT,LSG,DAL,kitchen,5,100.0,Goal,Root/div/carrier/station/caterer/kitchen,PREM_FB_NSAT/OBS/ML/RSW/DAL/LSG,1,No
PREM_FB_NSAT,D,LSG,dom_int,6,100.0,Goal,Root/div/carrier/station/caterer/kitchen/dom_int,PREM_FB_NSAT/OBS/ML/RSW/DAL/LSG/D,1,No
PREM_FB_NSAT,FC,D,cabin,7,100.0,Goal,Root/div/carrier/station/caterer/kitchen/dom_int/cabin,PREM_FB_NSAT/OBS/ML/RSW/DAL/LSG/D/FC,1,No
PREM_FB_NSAT,Bev,FC,variant,8,100.0,Goal,Root/div/carrier/station/caterer/kitchen/dom_int/cabin/variant,PREM_FB_NSAT/OBS/ML/RSW/DAL/LSG/D/FC/Bev,0,Yes
PREM_FB_NSAT,GG,RSW,caterer,4,8.62,Goal,Root/div/carrier/station/caterer,PREM_FB_NSAT/OBS/ML/RSW/GG,1,No
PREM_FB_NSAT,LSG,GG,kitchen,5,100.0,Goal,Root/div/carrier/station/caterer/kitchen,PREM_FB_NSAT/OBS/ML/RSW/GG/LSG,1,No
PREM_FB_NSAT,D,LSG,dom_int,6,100.0,Goal,Root/div/carrier/station/caterer/kitchen/dom_int,PREM_FB_NSAT/OBS/ML/RSW/GG/LSG/D,1,No
PREM_FB_NSAT,FC,D,cabin,7,100.0,Goal,Root/div/carrier/station/caterer/kitchen/dom_int/cabin,PREM_FB_NSAT/OBS/ML/RSW/GG/LSG/D/FC,1,No
PREM_FB_NSAT,Bev,FC,variant,8,100.0,Goal,Root/div/carrier/station/caterer/kitchen/dom_int/cabin/variant,PREM_FB_NSAT/OBS/ML/RSW/GG/LSG/D/FC/Bev,0,Yes
PREM_FB_NSAT,LSG,RSW,caterer,4,37.17,Goal,Root/div/carrier/station/caterer,PREM_FB_NSAT/OBS/ML/RSW/LSG,1,No
PREM_FB_NSAT,LSG,LSG,kitchen,5,100.0,Goal,Root/div/carrier/station/caterer/kitchen,PREM_FB_NSAT/OBS/ML/RSW/LSG/LSG,1,No
PREM_FB_NSAT,D,LSG,dom_int,6,100.0,Goal,Root/div/carrier/station/caterer/kitchen/dom_int,PREM_FB_NSAT/OBS/ML/RSW/LSG/LSG/D,1,No
PREM_FB_NSAT,FC,D,cabin,7,100.0,Goal,Root/div/carrier/station/caterer/kitchen/dom_int/cabin,PREM_FB_NSAT/OBS/ML/RSW/LSG/LSG/D/FC,2,No
PREM_FB_NSAT,Bev,FC,variant,8,19.22,Goal,Root/div/carrier/station/caterer/kitchen/dom_int/cabin/variant,PREM_FB_NSAT/OBS/ML/RSW/LSG/LSG/D/FC/Bev,0,Yes
PREM_FB_NSAT,Meal,FC,variant,8,80.78,Goal,Root/div/carrier/station/caterer/kitchen/dom_int/cabin/variant,PREM_FB_NSAT/OBS/ML/RSW/LSG/LSG/D/FC/Meal,0,Yes
PREM_FB_NSAT,Newrest,RSW,caterer,4,10.69,Goal,Root/div/carrier/station/caterer,PREM_FB_NSAT/OBS/ML/RSW/Newrest,1,No
PREM_FB_NSAT,LSG,Newrest,kitchen,5,100.0,Goal,Root/div/carrier/station/caterer/kitchen,PREM_FB_NSAT/OBS/ML/RSW/Newrest/LSG,1,No
PREM_FB_NSAT,D,LSG,dom_int,6,100.0,Goal,Root/div/carrier/station/caterer/kitchen/dom_int,PREM_FB_NSAT/OBS/ML/RSW/Newrest/LSG/D,1,No
PREM_FB_NSAT,FC,D,cabin,7,100.0,Goal,Root/div/carrier/station/caterer/kitchen/dom_int/cabin,PREM_FB_NSAT/OBS/ML/RSW/Newrest/LSG/D/FC,1,No
PREM_FB_NSAT,Bev,FC,variant,8,100.0,Goal,Root/div/carrier/station/caterer/kitchen/dom_int/cabin/variant,PREM_FB_NSAT/OBS/ML/RSW/Newrest/LSG/D/FC/Bev,0,Yes
PREM_FB_NSAT,D,RSW,dom_int,4,35.46,Goal,Root/div/carrier/station/dom_int,PREM_FB_NSAT/OBS/ML/RSW/D,1,No
PREM_FB_NSAT,FC,D,cabin,5,100.0,Goal,Root/div/carrier/station/dom_int/cabin,PREM_FB_NSAT/OBS/ML/RSW/D/FC,2,No
PREM_FB_NSAT,Bev,FC,variant,6,90.76,Goal,Root/div/carrier/station/dom_int/cabin/variant,PREM_FB_NSAT/OBS/ML/RSW/D/FC/Bev,0,Yes
PREM_FB_NSAT,Meal,FC,variant,6,9.24,Goal,Root/div/carrier/station/dom_int/cabin/variant,PREM_FB_NSAT/OBS/ML/RSW/D/FC/Meal,0,Yes
PREM_FB_NSAT,SAN,ML,station,3,1.01,Goal,Root/div/carrier/station,PREM_FB_NSAT/OBS/ML/SAN,3,No
PREM_FB_NSAT,DOCO,SAN,caterer,4,43.27,Goal,Root/div/carrier/station/caterer,PREM_FB_NSAT/OBS/ML/SAN/DOCO,1,No
PREM_FB_NSAT,GGI,DOCO,kitchen,5,100.0,Goal,Root/div/carrier/station/caterer/kitchen,PREM_FB_NSAT/OBS/ML/SAN/DOCO/GGI,1,No
PREM_FB_NSAT,D,GGI,dom_int,6,100.0,Goal,Root/div/carrier/station/caterer/kitchen/dom_int,PREM_FB_NSAT/OBS/ML/SAN/DOCO/GGI/D,1,No
PREM_FB_NSAT,FC,D,cabin,7,100.0,Goal,Root/div/carrier/station/caterer/kitchen/dom_int/cabin,PREM_FB_NSAT/OBS/ML/SAN/DOCO/GGI/D/FC,1,No
PREM_FB_NSAT,Bev,FC,variant,8,100.0,Goal,Root/div/carrier/station/caterer/kitchen/dom_int/cabin/variant,PREM_FB_NSAT/OBS/ML/SAN/DOCO/GGI/D/FC/Bev,0,Yes
PREM_FB_NSAT,GG,SAN,caterer,4,26.28,Goal,Root/div/carrier/station/caterer,PREM_FB_NSAT/OBS/ML/SAN/GG,1,No
PREM_FB_NSAT,GGI,GG,kitchen,5,100.0,Goal,Root/div/carrier/station/caterer/kitchen,PREM_FB_NSAT/OBS/ML/SAN/GG/GGI,1,No
PREM_FB_NSAT,D,GGI,dom_int,6,100.0,Goal,Root/div/carrier/station/caterer/kitchen/dom_int,PREM_FB_NSAT/OBS/ML/SAN/GG/GGI/D,1,No
PREM_FB_NSAT,FC,D,cabin,7,100.0,Goal,Root/div/carrier/station/caterer/kitchen/dom_int/cabin,PREM_FB_NSAT/OBS/ML/SAN/GG/GGI/D/FC,2,No
PREM_FB_NSAT,Bev,FC,variant,8,4.22,Goal,Root/div/carrier/station/caterer/kitchen/dom_int/cabin/variant,PREM_FB_NSAT/OBS/ML/SAN/GG/GGI/D/FC/Bev,0,Yes
PREM_FB_NSAT,Meal,FC,variant,8,95.78,Goal,Root/div/carrier/station/caterer/kitchen/dom_int/cabin/variant,PREM_FB_NSAT/OBS/ML/SAN/GG/GGI/D/FC/Meal,0,Yes
PREM_FB_NSAT,D,SAN,dom_int,4,30.45,Goal,Root/div/carrier/station/dom_int,PREM_FB_NSAT/OBS/ML/SAN/D,1,No
PREM_FB_NSAT,FC,D,cabin,5,100.0,Goal,Root/div/carrier/station/dom_int/cabin,PREM_FB_NSAT/OBS/ML/SAN/D/FC,2,No
PREM_FB_NSAT,Bev,FC,variant,6,52.83,Goal,Root/div/carrier/station/dom_int/cabin/variant,PREM_FB_NSAT/OBS/ML/SAN/D/FC/Bev,0,Yes
PREM_FB_NSAT,Meal,FC,variant,6,47.17,Goal,Root/div/carrier/station/dom_int/cabin/variant,PREM_FB_NSAT/OBS/ML/SAN/D/FC/Meal,0,Yes
PREM_FB_NSAT,SAT,ML,station,3,0.37,Goal,Root/div/carrier/station,PREM_FB_NSAT/OBS/ML/SAT,4,No
PREM_FB_NSAT,DAL,SAT,caterer,4,28.44,Goal,Root/div/carrier/station/caterer,PREM_FB_NSAT/OBS/ML/SAT/DAL,1,No
PREM_FB_NSAT,GGI,DAL,kitchen,5,100.0,Goal,Root/div/carrier/station/caterer/kitchen,PREM_FB_NSAT/OBS/ML/SAT/DAL/GGI,1,No
PREM_FB_NSAT,D,GGI,dom_int,6,100.0,Goal,Root/div/carrier/station/caterer/kitchen/dom_int,PREM_FB_NSAT/OBS/ML/SAT/DAL/GGI/D,1,No
PREM_FB_NSAT,FC,D,cabin,7,100.0,Goal,Root/div/carrier/station/caterer/kitchen/dom_int/cabin,PREM_FB_NSAT/OBS/ML/SAT/DAL/GGI/D/FC,1,No
PREM_FB_NSAT,Bev,FC,variant,8,100.0,Goal,Root/div/carrier/station/caterer/kitchen/dom_int/cabin/variant,PREM_FB_NSAT/OBS/ML/SAT/DAL/GGI/D/FC/Bev,0,Yes
PREM_FB_NSAT,GG,SAT,caterer,4,22.82,Goal,Root/div/carrier/station/caterer,PREM_FB_NSAT/OBS/ML/SAT/GG,1,No
PREM_FB_NSAT,GGI,GG,kitchen,5,100.0,Goal,Root/div/carrier/station/caterer/kitchen,PREM_FB_NSAT/OBS/ML/SAT/GG/GGI,1,No
PREM_FB_NSAT,D,GGI,dom_int,6,100.0,Goal,Root/div/carrier/station/caterer/kitchen/dom_int,PREM_FB_NSAT/OBS/ML/SAT/GG/GGI/D,1,No
PREM_FB_NSAT,FC,D,cabin,7,100.0,Goal,Root/div/carrier/station/caterer/kitchen/dom_int/cabin,PREM_FB_NSAT/OBS/ML/SAT/GG/GGI/D/FC,2,No
PREM_FB_NSAT,Bev,FC,variant,8,25.17,Goal,Root/div/carrier/station/caterer/kitchen/dom_int/cabin/variant,PREM_FB_NSAT/OBS/ML/SAT/GG/GGI/D/FC/Bev,0,Yes
PREM_FB_NSAT,Meal,FC,variant,8,74.83,Goal,Root/div/carrier/station/caterer/kitchen/dom_int/cabin/variant,PREM_FB_NSAT/OBS/ML/SAT/GG/GGI/D/FC/Meal,0,Yes
PREM_FB_NSAT,Newrest,SAT,caterer,4,35.51,Goal,Root/div/carrier/station/caterer,PREM_FB_NSAT/OBS/ML/SAT/Newrest,1,No
PREM_FB_NSAT,GGI,Newrest,kitchen,5,100.0,Goal,Root/div/carrier/station/caterer/kitchen,PREM_FB_NSAT/OBS/ML/SAT/Newrest/GGI,1,No
PREM_FB_NSAT,D,GGI,dom_int,6,100.0,Goal,Root/div/carrier/station/caterer/kitchen/dom_int,PREM_FB_NSAT/OBS/ML/SAT/Newrest/GGI/D,1,No
PREM_FB_NSAT,FC,D,cabin,7,100.0,Goal,Root/div/carrier/station/caterer/kitchen/dom_int/cabin,PREM_FB_NSAT/OBS/ML/SAT/Newrest/GGI/D/FC,1,No
PREM_FB_NSAT,Bev,FC,variant,8,100.0,Goal,Root/div/carrier/station/caterer/kitchen/dom_int/cabin/variant,PREM_FB_NSAT/OBS/ML/SAT/Newrest/GGI/D/FC/Bev,0,Yes
PREM_FB_NSAT,D,SAT,dom_int,4,13.23,Goal,Root/div/carrier/station/dom_int,PREM_FB_NSAT/OBS/ML/SAT/D,1,No
PREM_FB_NSAT,FC,D,cabin,5,100.0,Goal,Root/div/carrier/station/dom_int/cabin,PREM_FB_NSAT/OBS/ML/SAT/D/FC,2,No
PREM_FB_NSAT,Bev,FC,variant,6,82.48,Goal,Root/div/carrier/station/dom_int/cabin/variant,PREM_FB_NSAT/OBS/ML/SAT/D/FC/Bev,0,Yes
PREM_FB_NSAT,Meal,FC,variant,6,17.52,Goal,Root/div/carrier/station/dom_int/cabin/variant,PREM_FB_NSAT/OBS/ML/SAT/D/FC/Meal,0,Yes
PREM_FB_NSAT,SBA,ML,station,3,0.82,Goal,Root/div/carrier/station,PREM_FB_NSAT/OBS/ML/SBA,3,No
PREM_FB_NSAT,AirFayre,SBA,caterer,4,42.74,Goal,Root/div/carrier/station/caterer,PREM_FB_NSAT/OBS/ML/SBA/AirFayre,1,No
PREM_FB_NSAT,AirFayre,AirFayre,kitchen,5,100.0,Goal,Root/div/carrier/station/caterer/kitchen,PREM_FB_NSAT/OBS/ML/SBA/AirFayre/AirFayre,1,No
PREM_FB_NSAT,D,AirFayre,dom_int,6,100.0,Goal,Root/div/carrier/station/caterer/kitchen/dom_int,PREM_FB_NSAT/OBS/ML/SBA/AirFayre/AirFayre/D,1,No
PREM_FB_NSAT,FC,D,cabin,7,100.0,Goal,Root/div/carrier/station/caterer/kitchen/dom_int/cabin,PREM_FB_NSAT/OBS/ML/SBA/AirFayre/AirFayre/D/FC,1,No
PREM_FB_NSAT,Meal,FC,variant,8,100.0,Goal,Root/div/carrier/station/caterer/kitchen/dom_int/cabin/variant,PREM_FB_NSAT/OBS/ML/SBA/AirFayre/AirFayre/D/FC/Meal,0,Yes
PREM_FB_NSAT,LSG,SBA,caterer,4,14.27,Goal,Root/div/carrier/station/caterer,PREM_FB_NSAT/OBS/ML/SBA/LSG,1,No
PREM_FB_NSAT,LSG,LSG,kitchen,5,100.0,Goal,Root/div/carrier/station/caterer/kitchen,PREM_FB_NSAT/OBS/ML/SBA/LSG/LSG,1,No
PREM_FB_NSAT,D,LSG,dom_int,6,100.0,Goal,Root/div/carrier/station/caterer/kitchen/dom_int,PREM_FB_NSAT/OBS/ML/SBA/LSG/LSG/D,1,No
PREM_FB_NSAT,FC,D,cabin,7,100.0,Goal,Root/div/carrier/station/caterer/kitchen/dom_int/cabin,PREM_FB_NSAT/OBS/ML/SBA/LSG/LSG/D/FC,1,No
PREM_FB_NSAT,Meal,FC,variant,8,100.0,Goal,Root/div/carrier/station/caterer/kitchen/dom_int/cabin/variant,PREM_FB_NSAT/OBS/ML/SBA/LSG/LSG/D/FC/Meal,0,Yes
PREM_FB_NSAT,D,SBA,dom_int,4,42.99,Goal,Root/div/carrier/station/dom_int,PREM_FB_NSAT/OBS/ML/SBA/D,1,No
PREM_FB_NSAT,FC,D,cabin,5,100.0,Goal,Root/div/carrier/station/dom_int/cabin,PREM_FB_NSAT/OBS/ML/SBA/D/FC,1,No
PREM_FB_NSAT,Meal,FC,variant,6,100.0,Goal,Root/div/carrier/station/dom_int/cabin/variant,PREM_FB_NSAT/OBS/ML/SBA/D/FC/Meal,0,Yes
PREM_FB_NSAT,SEA,ML,station,3,0.51,Goal,Root/div/carrier/station,PREM_FB_NSAT/OBS/ML/SEA,4,No
PREM_FB_NSAT,GG,SEA,caterer,4,21.97,Goal,Root/div/carrier/station/caterer,PREM_FB_NSAT/OBS/ML/SEA/GG,1,No
PREM_FB_NSAT,GGI,GG,kitchen,5,100.0,Goal,Root/div/carrier/station/caterer/kitchen,PREM_FB_NSAT/OBS/ML/SEA/GG/GGI,1,No
PREM_FB_NSAT,D,GGI,dom_int,6,100.0,Goal,Root/div/carrier/station/caterer/kitchen/dom_int,PREM_FB_NSAT/OBS/ML/SEA/GG/GGI/D,1,No
PREM_FB_NSAT,FC,D,cabin,7,100.0,Goal,Root/div/carrier/station/caterer/kitchen/dom_int/cabin,PREM_FB_NSAT/OBS/ML/SEA/GG/GGI/D/FC,2,No
PREM_FB_NSAT,Bev,FC,variant,8,50.09,Goal,Root/div/carrier/station/caterer/kitchen/dom_int/cabin/variant,PREM_FB_NSAT/OBS/ML/SEA/GG/GGI/D/FC/Bev,0,Yes
PREM_FB_NSAT,Meal,FC,variant,8,49.91,Goal,Root/div/carrier/station/caterer/kitchen/dom_int/cabin/variant,PREM_FB_NSAT/OBS/ML/SEA/GG/GGI/D/FC/Meal,0,Yes
PREM_FB_NSAT,D,SEA,dom_int,4,48.68,Goal,Root/div/carrier/station/dom_int,PREM_FB_NSAT/OBS/ML/SEA/D,1,No
PREM_FB_NSAT,FC,D,cabin,5,100.0,Goal,Root/div/carrier/station/dom_int/cabin,PREM_FB_NSAT/OBS/ML/SEA/D/FC,2,No
PREM_FB_NSAT,Bev,FC,variant,6,53.47,Goal,Root/div/carrier/station/dom_int/cabin/variant,PREM_FB_NSAT/OBS/ML/SEA/D/FC/Bev,0,Yes
PREM_FB_NSAT,Meal,FC,variant,6,46.53,Goal,Root/div/carrier/station/dom_int/cabin/variant,PREM_FB_NSAT/OBS/ML/SEA/D/FC/Meal,0,Yes
PREM_FB_NSAT,TATL,SEA,entity,4,18.17,Goal,Root/div/carrier/station/entity,PREM_FB_NSAT/OBS/ML/SEA/TATL,1,No
PREM_FB_NSAT,D1,TATL,cabin,5,100.0,Goal,Root/div/carrier/station/entity/cabin,PREM_FB_NSAT/OBS/ML/SEA/TATL/D1,0,Yes
PREM_FB_NSAT,TPAC,SEA,entity,4,11.18,Goal,Root/div/carrier/station/entity,PREM_FB_NSAT/OBS/ML/SEA/TPAC,1,No
PREM_FB_NSAT,D1,TPAC,cabin,5,100.0,Goal,Root/div/carrier/station/entity/cabin,PREM_FB_NSAT/OBS/ML/SEA/TPAC/D1,0,Yes
PREM_FB_NSAT,SFO,ML,station,3,0.76,Goal,Root/div/carrier/station,PREM_FB_NSAT/OBS/ML/SFO,4,No
PREM_FB_NSAT,DOCO,SFO,caterer,4,28.76,Goal,Root/div/carrier/station/caterer,PREM_FB_NSAT/OBS/ML/SFO/DOCO,1,No
PREM_FB_NSAT,GGI,DOCO,kitchen,5,100.0,Goal,Root/div/carrier/station/caterer/kitchen,PREM_FB_NSAT/OBS/ML/SFO/DOCO/GGI,1,No
PREM_FB_NSAT,D,GGI,dom_int,6,100.0,Goal,Root/div/carrier/station/caterer/kitchen/dom_int,PREM_FB_NSAT/OBS/ML/SFO/DOCO/GGI/D,1,No
PREM_FB_NSAT,FC,D,cabin,7,100.0,Goal,Root/div/carrier/station/caterer/kitchen/dom_int/cabin,PREM_FB_NSAT/OBS/ML/SFO/DOCO/GGI/D/FC,2,No
PREM_FB_NSAT,Bev,FC,variant,8,52.6,Goal,Root/div/carrier/station/caterer/kitchen/dom_int/cabin/variant,PREM_FB_NSAT/OBS/ML/SFO/DOCO/GGI/D/FC/Bev,0,Yes
PREM_FB_NSAT,Meal,FC,variant,8,47.4,Goal,Root/div/carrier/station/caterer/kitchen/dom_int/cabin/variant,PREM_FB_NSAT/OBS/ML/SFO/DOCO/GGI/D/FC/Meal,0,Yes
PREM_FB_NSAT,GG,SFO,caterer,4,50.63,Goal,Root/div/carrier/station/caterer,PREM_FB_NSAT/OBS/ML/SFO/GG,1,No
PREM_FB_NSAT,GGI,GG,kitchen,5,100.0,Goal,Root/div/carrier/station/caterer/kitchen,PREM_FB_NSAT/OBS/ML/SFO/GG/GGI,1,No
PREM_FB_NSAT,D,GGI,dom_int,6,100.0,Goal,Root/div/carrier/station/caterer/kitchen/dom_int,PREM_FB_NSAT/OBS/ML/SFO/GG/GGI/D,1,No
PREM_FB_NSAT,FC,D,cabin,7,100.0,Goal,Root/div/carrier/station/caterer/kitchen/dom_int/cabin,PREM_FB_NSAT/OBS/ML/SFO/GG/GGI/D/FC,2,No
PREM_FB_NSAT,Bev,FC,variant,8,32.98,Goal,Root/div/carrier/station/caterer/kitchen/dom_int/cabin/variant,PREM_FB_NSAT/OBS/ML/SFO/GG/GGI/D/FC/Bev,0,Yes
PREM_FB_NSAT,Meal,FC,variant,8,67.02,Goal,Root/div/carrier/station/caterer/kitchen/dom_int/cabin/variant,PREM_FB_NSAT/OBS/ML/SFO/GG/GGI/D/FC/Meal,0,Yes
PREM_FB_NSAT,Newrest,SFO,caterer,4,10.46,Goal,Root/div/carrier/station/caterer,PREM_FB_NSAT/OBS/ML/SFO/Newrest,1,No
PREM_FB_NSAT,GGI,Newrest,kitchen,5,100.0,Goal,Root/div/carrier/station/caterer/kitchen,PREM_FB_NSAT/OBS/ML/SFO/Newrest/GGI,1,No
PREM_FB_NSAT,D,GGI,dom_int,6,100.0,Goal,Root/div/carrier/station/caterer/kitchen/dom_int,PREM_FB_NSAT/OBS/ML/SFO/Newrest/GGI/D,1,No
PREM_FB_NSAT,FC,D,cabin,7,100.0,Goal,Root/div/carrier/station/caterer/kitchen/dom_int/cabin,PREM_FB_NSAT/OBS/ML/SFO/Newrest/GGI/D/FC,1,No
PREM_FB_NSAT,Bev,FC,variant,8,100.0,Goal,Root/div/carrier/station/caterer/kitchen/dom_int/cabin/variant,PREM_FB_NSAT/OBS/ML/SFO/Newrest/GGI/D/FC/Bev,0,Yes
PREM_FB_NSAT,D,SFO,dom_int,4,10.15,Goal,Root/div/carrier/station/dom_int,PREM_FB_NSAT/OBS/ML/SFO/D,1,No
PREM_FB_NSAT,FC,D,cabin,5,100.0,Goal,Root/div/carrier/station/dom_int/cabin,PREM_FB_NSAT/OBS/ML/SFO/D/FC,2,No
PREM_FB_NSAT,Bev,FC,variant,6,30.56,Goal,Root/div/carrier/station/dom_int/cabin/variant,PREM_FB_NSAT/OBS/ML/SFO/D/FC/Bev,0,Yes
PREM_FB_NSAT,Meal,FC,variant,6,69.44,Goal,Root/div/carrier/station/dom_int/cabin/variant,PREM_FB_NSAT/OBS/ML/SFO/D/FC/Meal,0,Yes
PREM_FB_NSAT,SJC,ML,station,3,0.25,Goal,Root/div/carrier/station,PREM_FB_NSAT/OBS/ML/SJC,2,No
PREM_FB_NSAT,LSG,SJC,caterer,4,2.1,Goal,Root/div/carrier/station/caterer,PREM_FB_NSAT/OBS/ML/SJC/LSG,1,No
PREM_FB_NSAT,LSG,LSG,kitchen,5,100.0,Goal,Root/div/carrier/station/caterer/kitchen,PREM_FB_NSAT/OBS/ML/SJC/LSG/LSG,1,No
PREM_FB_NSAT,D,LSG,dom_int,6,100.0,Goal,Root/div/carrier/station/caterer/kitchen/dom_int,PREM_FB_NSAT/OBS/ML/SJC/LSG/LSG/D,1,No
PREM_FB_NSAT,FC,D,cabin,7,100.0,Goal,Root/div/carrier/station/caterer/kitchen/dom_int/cabin,PREM_FB_NSAT/OBS/ML/SJC/LSG/LSG/D/FC,2,No
PREM_FB_NSAT,Bev,FC,variant,8,61.72,Goal,Root/div/carrier/station/caterer/kitchen/dom_int/cabin/variant,PREM_FB_NSAT/OBS/ML/SJC/LSG/LSG/D/FC/Bev,0,Yes
PREM_FB_NSAT,Meal,FC,variant,8,38.28,Goal,Root/div/carrier/station/caterer/kitchen/dom_int/cabin/variant,PREM_FB_NSAT/OBS/ML/SJC/LSG/LSG/D/FC/Meal,0,Yes
PREM_FB_NSAT,D,SJC,dom_int,4,97.9,Goal,Root/div/carrier/station/dom_int,PREM_FB_NSAT/OBS/ML/SJC/D,1,No
PREM_FB_NSAT,FC,D,cabin,5,100.0,Goal,Root/div/carrier/station/dom_int/cabin,PREM_FB_NSAT/OBS/ML/SJC/D/FC,2,No
PREM_FB_NSAT,Bev,FC,variant,6,58.52,Goal,Root/div/carrier/station/dom_int/cabin/variant,PREM_FB_NSAT/OBS/ML/SJC/D/FC/Bev,0,Yes
PREM_FB_NSAT,Meal,FC,variant,6,41.48,Goal,Root/div/carrier/station/dom_int/cabin/variant,PREM_FB_NSAT/OBS/ML/SJC/D/FC/Meal,0,Yes
PREM_FB_NSAT,SJU,ML,station,3,0.71,Goal,Root/div/carrier/station,PREM_FB_NSAT/OBS/ML/SJU,2,No
PREM_FB_NSAT,SkyCater,SJU,caterer,4,62.45,Goal,Root/div/carrier/station/caterer,PREM_FB_NSAT/OBS/ML/SJU/SkyCater,1,No
PREM_FB_NSAT,SkyCater,SkyCater,kitchen,5,100.0,Goal,Root/div/carrier/station/caterer/kitchen,PREM_FB_NSAT/OBS/ML/SJU/SkyCater/SkyCater,1,No
PREM_FB_NSAT,D,SkyCater,dom_int,6,100.0,Goal,Root/div/carrier/station/caterer/kitchen/dom_int,PREM_FB_NSAT/OBS/ML/SJU/SkyCater/SkyCater/D,1,No
PREM_FB_NSAT,FC,D,cabin,7,100.0,Goal,Root/div/carrier/station/caterer/kitchen/dom_int/cabin,PREM_FB_NSAT/OBS/ML/SJU/SkyCater/SkyCater/D/FC,1,No
PREM_FB_NSAT,Meal,FC,variant,8,100.0,Goal,Root/div/carrier/station/caterer/kitchen/dom_int/cabin/variant,PREM_FB_NSAT/OBS/ML/SJU/SkyCater/SkyCater/D/FC/Meal,0,Yes
PREM_FB_NSAT,D,SJU,dom_int,4,37.55,Goal,Root/div/carrier/station/dom_int,PREM_FB_NSAT/OBS/ML/SJU/D,1,No
PREM_FB_NSAT,FC,D,cabin,5,100.0,Goal,Root/div/carrier/station/dom_int/cabin,PREM_FB_NSAT/OBS/ML/SJU/D/FC,1,No
PREM_FB_NSAT,Meal,FC,variant,6,100.0,Goal,Root/div/carrier/station/dom_int/cabin/variant,PREM_FB_NSAT/OBS/ML/SJU/D/FC/Meal,0,Yes
PREM_FB_NSAT,SLC,ML,station,3,0.89,Goal,Root/div/carrier/station,PREM_FB_NSAT/OBS/ML/SLC,4,No
PREM_FB_NSAT,Newrest,SLC,caterer,4,29.66,Goal,Root/div/carrier/station/caterer,PREM_FB_NSAT/OBS/ML/SLC/Newrest,1,No
PREM_FB_NSAT,Newrest_US,Newrest,kitchen,5,100.0,Goal,Root/div/carrier/station/caterer/kitchen,PREM_FB_NSAT/OBS/ML/SLC/Newrest/Newrest_US,1,No
PREM_FB_NSAT,D,Newrest_US,dom_int,6,100.0,Goal,Root/div/carrier/station/caterer/kitchen/dom_int,PREM_FB_NSAT/OBS/ML/SLC/Newrest/Newrest_US/D,1,No
PREM_FB_NSAT,FC,D,cabin,7,100.0,Goal,Root/div/carrier/station/caterer/kitchen/dom_int/cabin,PREM_FB_NSAT/OBS/ML/SLC/Newrest/Newrest_US/D/FC,2,No
PREM_FB_NSAT,Bev,FC,variant,8,58.48,Goal,Root/div/carrier/station/caterer/kitchen/dom_int/cabin/variant,PREM_FB_NSAT/OBS/ML/SLC/Newrest/Newrest_US/D/FC/Bev,0,Yes
PREM_FB_NSAT,Meal,FC,variant,8,41.52,Goal,Root/div/carrier/station/caterer/kitchen/dom_int/cabin/variant,PREM_FB_NSAT/OBS/ML/SLC/Newrest/Newrest_US/D/FC/Meal,0,Yes
PREM_FB_NSAT,D,SLC,dom_int,4,2.83,Goal,Root/div/carrier/station/dom_int,PREM_FB_NSAT/OBS/ML/SLC/D,1,No
PREM_FB_NSAT,FC,D,cabin,5,100.0,Goal,Root/div/carrier/station/dom_int/cabin,PREM_FB_NSAT/OBS/ML/SLC/D/FC,2,No
PREM_FB_NSAT,Bev,FC,variant,6,47.92,Goal,Root/div/carrier/station/dom_int/cabin/variant,PREM_FB_NSAT/OBS/ML/SLC/D/FC/Bev,0,Yes
PREM_FB_NSAT,Meal,FC,variant,6,52.08,Goal,Root/div/carrier/station/dom_int/cabin/variant,PREM_FB_NSAT/OBS/ML/SLC/D/FC/Meal,0,Yes
PREM_FB_NSAT,TATL,SLC,entity,4,34.7,Goal,Root/div/carrier/station/entity,PREM_FB_NSAT/OBS/ML/SLC/TATL,1,No
PREM_FB_NSAT,D1,TATL,cabin,5,100.0,Goal,Root/div/carrier/station/entity/cabin,PREM_FB_NSAT/OBS/ML/SLC/TATL/D1,0,Yes
PREM_FB_NSAT,TPAC,SLC,entity,4,32.81,Goal,Root/div/carrier/station/entity,PREM_FB_NSAT/OBS/ML/SLC/TPAC,1,No
PREM_FB_NSAT,D1,TPAC,cabin,5,100.0,Goal,Root/div/carrier/station/entity/cabin,PREM_FB_NSAT/OBS/ML/SLC/TPAC/D1,0,Yes
PREM_FB_NSAT,SMF,ML,station,3,0.76,Goal,Root/div/carrier/station,PREM_FB_NSAT/OBS/ML/SMF,2,No
PREM_FB_NSAT,LSG,SMF,caterer,4,38.12,Goal,Root/div/carrier/station/caterer,PREM_FB_NSAT/OBS/ML/SMF/LSG,1,No
PREM_FB_NSAT,LSG,LSG,kitchen,5,100.0,Goal,Root/div/carrier/station/caterer/kitchen,PREM_FB_NSAT/OBS/ML/SMF/LSG/LSG,1,No
PREM_FB_NSAT,D,LSG,dom_int,6,100.0,Goal,Root/div/carrier/station/caterer/kitchen/dom_int,PREM_FB_NSAT/OBS/ML/SMF/LSG/LSG/D,1,No
PREM_FB_NSAT,FC,D,cabin,7,100.0,Goal,Root/div/carrier/station/caterer/kitchen/dom_int/cabin,PREM_FB_NSAT/OBS/ML/SMF/LSG/LSG/D/FC,2,No
PREM_FB_NSAT,Bev,FC,variant,8,79.0,Goal,Root/div/carrier/station/caterer/kitchen/dom_int/cabin/variant,PREM_FB_NSAT/OBS/ML/SMF/LSG/LSG/D/FC/Bev,0,Yes
PREM_FB_NSAT,Meal,FC,variant,8,21.0,Goal,Root/div/carrier/station/caterer/kitchen/dom_int/cabin/variant,PREM_FB_NSAT/OBS/ML/SMF/LSG/LSG/D/FC/Meal,0,Yes
PREM_FB_NSAT,D,SMF,dom_int,4,61.88,Goal,Root/div/carrier/station/dom_int,PREM_FB_NSAT/OBS/ML/SMF/D,1,No
PREM_FB_NSAT,FC,D,cabin,5,100.0,Goal,Root/div/carrier/station/dom_int/cabin,PREM_FB_NSAT/OBS/ML/SMF/D/FC,2,No
PREM_FB_NSAT,Bev,FC,variant,6,51.63,Goal,Root/div/carrier/station/dom_int/cabin/variant,PREM_FB_NSAT/OBS/ML/SMF/D/FC/Bev,0,Yes
PREM_FB_NSAT,Meal,FC,variant,6,48.37,Goal,Root/div/carrier/station/dom_int/cabin/variant,PREM_FB_NSAT/OBS/ML/SMF/D/FC/Meal,0,Yes
PREM_FB_NSAT,SNA,ML,station,3,0.53,Goal,Root/div/carrier/station,PREM_FB_NSAT/OBS/ML/SNA,2,No
PREM_FB_NSAT,LSG,SNA,caterer,4,56.79,Goal,Root/div/carrier/station/caterer,PREM_FB_NSAT/OBS/ML/SNA/LSG,1,No
PREM_FB_NSAT,LSG,LSG,kitchen,5,100.0,Goal,Root/div/carrier/station/caterer/kitchen,PREM_FB_NSAT/OBS/ML/SNA/LSG/LSG,1,No
PREM_FB_NSAT,D,LSG,dom_int,6,100.0,Goal,Root/div/carrier/station/caterer/kitchen/dom_int,PREM_FB_NSAT/OBS/ML/SNA/LSG/LSG/D,1,No
PREM_FB_NSAT,FC,D,cabin,7,100.0,Goal,Root/div/carrier/station/caterer/kitchen/dom_int/cabin,PREM_FB_NSAT/OBS/ML/SNA/LSG/LSG/D/FC,2,No
PREM_FB_NSAT,Bev,FC,variant,8,73.93,Goal,Root/div/carrier/station/caterer/kitchen/dom_int/cabin/variant,PREM_FB_NSAT/OBS/ML/SNA/LSG/LSG/D/FC/Bev,0,Yes
PREM_FB_NSAT,Meal,FC,variant,8,26.07,Goal,Root/div/carrier/station/caterer/kitchen/dom_int/cabin/variant,PREM_FB_NSAT/OBS/ML/SNA/LSG/LSG/D/FC/Meal,0,Yes
PREM_FB_NSAT,D,SNA,dom_int,4,43.21,Goal,Root/div/carrier/station/dom_int,PREM_FB_NSAT/OBS/ML/SNA/D,1,No
PREM_FB_NSAT,FC,D,cabin,5,100.0,Goal,Root/div/carrier/station/dom_int/cabin,PREM_FB_NSAT/OBS/ML/SNA/D/FC,2,No
PREM_FB_NSAT,Bev,FC,variant,6,54.79,Goal,Root/div/carrier/station/dom_int/cabin/variant,PREM_FB_NSAT/OBS/ML/SNA/D/FC/Bev,0,Yes
PREM_FB_NSAT,Meal,FC,variant,6,45.21,Goal,Root/div/carrier/station/dom_int/cabin/variant,PREM_FB_NSAT/OBS/ML/SNA/D/FC/Meal,0,Yes
PREM_FB_NSAT,STL,ML,station,3,1.05,Goal,Root/div/carrier/station,PREM_FB_NSAT/OBS/ML/STL,5,No
PREM_FB_NSAT,DOCO,STL,caterer,4,24.86,Goal,Root/div/carrier/station/caterer,PREM_FB_NSAT/OBS/ML/STL/DOCO,1,No
PREM_FB_NSAT,GGI,DOCO,kitchen,5,100.0,Goal,Root/div/carrier/station/caterer/kitchen,PREM_FB_NSAT/OBS/ML/STL/DOCO/GGI,1,No
PREM_FB_NSAT,D,GGI,dom_int,6,100.0,Goal,Root/div/carrier/station/caterer/kitchen/dom_int,PREM_FB_NSAT/OBS/ML/STL/DOCO/GGI/D,1,No
PREM_FB_NSAT,FC,D,cabin,7,100.0,Goal,Root/div/carrier/station/caterer/kitchen/dom_int/cabin,PREM_FB_NSAT/OBS/ML/STL/DOCO/GGI/D/FC,1,No
PREM_FB_NSAT,Bev,FC,variant,8,100.0,Goal,Root/div/carrier/station/caterer/kitchen/dom_int/cabin/variant,PREM_FB_NSAT/OBS/ML/STL/DOCO/GGI/D/FC/Bev,0,Yes
PREM_FB_NSAT,GG,STL,caterer,4,0.93,Goal,Root/div/carrier/station/caterer,PREM_FB_NSAT/OBS/ML/STL/GG,1,No
PREM_FB_NSAT,GGI,GG,kitchen,5,100.0,Goal,Root/div/carrier/station/caterer/kitchen,PREM_FB_NSAT/OBS/ML/STL/GG/GGI,1,No
PREM_FB_NSAT,D,GGI,dom_int,6,100.0,Goal,Root/div/carrier/station/caterer/kitchen/dom_int,PREM_FB_NSAT/OBS/ML/STL/GG/GGI/D,1,No
PREM_FB_NSAT,FC,D,cabin,7,100.0,Goal,Root/div/carrier/station/caterer/kitchen/dom_int/cabin,PREM_FB_NSAT/OBS/ML/STL/GG/GGI/D/FC,2,No
PREM_FB_NSAT,Bev,FC,variant,8,85.4,Goal,Root/div/carrier/station/caterer/kitchen/dom_int/cabin/variant,PREM_FB_NSAT/OBS/ML/STL/GG/GGI/D/FC/Bev,0,Yes
PREM_FB_NSAT,Meal,FC,variant,8,14.6,Goal,Root/div/carrier/station/caterer/kitchen/dom_int/cabin/variant,PREM_FB_NSAT/OBS/ML/STL/GG/GGI/D/FC/Meal,0,Yes
PREM_FB_NSAT,LSG,STL,caterer,4,31.57,Goal,Root/div/carrier/station/caterer,PREM_FB_NSAT/OBS/ML/STL/LSG,1,No
PREM_FB_NSAT,GGI,LSG,kitchen,5,100.0,Goal,Root/div/carrier/station/caterer/kitchen,PREM_FB_NSAT/OBS/ML/STL/LSG/GGI,1,No
PREM_FB_NSAT,D,GGI,dom_int,6,100.0,Goal,Root/div/carrier/station/caterer/kitchen/dom_int,PREM_FB_NSAT/OBS/ML/STL/LSG/GGI/D,1,No
PREM_FB_NSAT,FC,D,cabin,7,100.0,Goal,Root/div/carrier/station/caterer/kitchen/dom_int/cabin,PREM_FB_NSAT/OBS/ML/STL/LSG/GGI/D/FC,1,No
PREM_FB_NSAT,Bev,FC,variant,8,100.0,Goal,Root/div/carrier/station/caterer/kitchen/dom_int/cabin/variant,PREM_FB_NSAT/OBS/ML/STL/LSG/GGI/D/FC/Bev,0,Yes
PREM_FB_NSAT,Newrest,STL,caterer,4,5.97,Goal,Root/div/carrier/station/caterer,PREM_FB_NSAT/OBS/ML/STL/Newrest,1,No
PREM_FB_NSAT,GGI,Newrest,kitchen,5,100.0,Goal,Root/div/carrier/station/caterer/kitchen,PREM_FB_NSAT/OBS/ML/STL/Newrest/GGI,1,No
PREM_FB_NSAT,D,GGI,dom_int,6,100.0,Goal,Root/div/carrier/station/caterer/kitchen/dom_int,PREM_FB_NSAT/OBS/ML/STL/Newrest/GGI/D,1,No
PREM_FB_NSAT,FC,D,cabin,7,100.0,Goal,Root/div/carrier/station/caterer/kitchen/dom_int/cabin,PREM_FB_NSAT/OBS/ML/STL/Newrest/GGI/D/FC,1,No
PREM_FB_NSAT,Bev,FC,variant,8,100.0,Goal,Root/div/carrier/station/caterer/kitchen/dom_int/cabin/variant,PREM_FB_NSAT/OBS/ML/STL/Newrest/GGI/D/FC/Bev,0,Yes
PREM_FB_NSAT,D,STL,dom_int,4,36.67,Goal,Root/div/carrier/station/dom_int,PREM_FB_NSAT/OBS/ML/STL/D,1,No
PREM_FB_NSAT,FC,D,cabin,5,100.0,Goal,Root/div/carrier/station/dom_int/cabin,PREM_FB_NSAT/OBS/ML/STL/D/FC,2,No
PREM_FB_NSAT,Bev,FC,variant,6,37.15,Goal,Root/div/carrier/station/dom_int/cabin/variant,PREM_FB_NSAT/OBS/ML/STL/D/FC/Bev,0,Yes
PREM_FB_NSAT,Meal,FC,variant,6,62.85,Goal,Root/div/carrier/station/dom_int/cabin/variant,PREM_FB_NSAT/OBS/ML/STL/D/FC/Meal,0,Yes
PREM_FB_NSAT,TPA,ML,station,3,0.19,Goal,Root/div/carrier/station,PREM_FB_NSAT/OBS/ML/TPA,5,No
PREM_FB_NSAT,GG,TPA,caterer,4,34.44,Goal,Root/div/carrier/station/caterer,PREM_FB_NSAT/OBS/ML/TPA/GG,1,No
PREM_FB_NSAT,GGI,GG,kitchen,5,100.0,Goal,Root/div/carrier/station/caterer/kitchen,PREM_FB_NSAT/OBS/ML/TPA/GG/GGI,1,No
PREM_FB_NSAT,D,GGI,dom_int,6,100.0,Goal,Root/div/carrier/station/caterer/kitchen/dom_int,PREM_FB_NSAT/OBS/ML/TPA/GG/GGI/D,1,No
PREM_FB_NSAT,FC,D,cabin,7,100.0,Goal,Root/div/carrier/station/caterer/kitchen/dom_int/cabin,PREM_FB_NSAT/OBS/ML/TPA/GG/GGI/D/FC,2,No
PREM_FB_NSAT,Bev,FC,variant,8,87.9,Goal,Root/div/carrier/station/caterer/kitchen/dom_int/cabin/variant,PREM_FB_NSAT/OBS/ML/TPA/GG/GGI/D/FC/Bev,0,Yes
PREM_FB_NSAT,Meal,FC,variant,8,12.1,Goal,Root/div/carrier/station/caterer/kitchen/dom_int/cabin/variant,PREM_FB_NSAT/OBS/ML/TPA/GG/GGI/D/FC/Meal,0,Yes
PREM_FB_NSAT,LSG,TPA,caterer,4,6.14,Goal,Root/div/carrier/station/caterer,PREM_FB_NSAT/OBS/ML/TPA/LSG,1,No
PREM_FB_NSAT,GGI,LSG,kitchen,5,100.0,Goal,Root/div/carrier/station/caterer/kitchen,PREM_FB_NSAT/OBS/ML/TPA/LSG/GGI,1,No
PREM_FB_NSAT,D,GGI,dom_int,6,100.0,Goal,Root/div/carrier/station/caterer/kitchen/dom_int,PREM_FB_NSAT/OBS/ML/TPA/LSG/GGI/D,1,No
PREM_FB_NSAT,FC,D,cabin,7,100.0,Goal,Root/div/carrier/station/caterer/kitchen/dom_int/cabin,PREM_FB_NSAT/OBS/ML/TPA/LSG/GGI/D/FC,1,No
PREM_FB_NSAT,Bev,FC,variant,8,100.0,Goal,Root/div/carrier/station/caterer/kitchen/dom_int/cabin/variant,PREM_FB_NSAT/OBS/ML/TPA/LSG/GGI/D/FC/Bev,0,Yes
PREM_FB_NSAT,Newrest,TPA,caterer,4,30.53,Goal,Root/div/carrier/station/caterer,PREM_FB_NSAT/OBS/ML/TPA/Newrest,1,No
PREM_FB_NSAT,GGI,Newrest,kitchen,5,100.0,Goal,Root/div/carrier/station/caterer/kitchen,PREM_FB_NSAT/OBS/ML/TPA/Newrest/GGI,1,No
PREM_FB_NSAT,D,GGI,dom_int,6,100.0,Goal,Root/div/carrier/station/caterer/kitchen/dom_int,PREM_FB_NSAT/OBS/ML/TPA/Newrest/GGI/D,1,No
PREM_FB_NSAT,FC,D,cabin,7,100.0,Goal,Root/div/carrier/station/caterer/kitchen/dom_int/cabin,PREM_FB_NSAT/OBS/ML/TPA/Newrest/GGI/D/FC,1,No
PREM_FB_NSAT,Bev,FC,variant,8,100.0,Goal,Root/div/carrier/station/caterer/kitchen/dom_int/cabin/variant,PREM_FB_NSAT/OBS/ML/TPA/Newrest/GGI/D/FC/Bev,0,Yes
PREM_FB_NSAT,D,TPA,dom_int,4,0.63,Goal,Root/div/carrier/station/dom_int,PREM_FB_NSAT/OBS/ML/TPA/D,1,No
PREM_FB_NSAT,FC,D,cabin,5,100.0,Goal,Root/div/carrier/station/dom_int/cabin,PREM_FB_NSAT/OBS/ML/TPA/D/FC,2,No
PREM_FB_NSAT,Bev,FC,variant,6,60.72,Goal,Root/div/carrier/station/dom_int/cabin/variant,PREM_FB_NSAT/OBS/ML/TPA/D/FC/Bev,0,Yes
PREM_FB_NSAT,Meal,FC,variant,6,39.28,Goal,Root/div/carrier/station/dom_int/cabin/variant,PREM_FB_NSAT/OBS/ML/TPA/D/FC/Meal,0,Yes
PREM_FB_NSAT,TATL,TPA,entity,4,28.259999999999998,Goal,Root/div/carrier/station/entity,PREM_FB_NSAT/OBS/ML/TPA/TATL,1,No
PREM_FB_NSAT,D1,TATL,cabin,5,100.0,Goal,Root/div/carrier/station/entity/cabin,PREM_FB_NSAT/OBS/ML/TPA/TATL/D1,0,Yes
PREM_FB_NSAT,TUS,ML,station,3,0.96,Goal,Root/div/carrier/station,PREM_FB_NSAT/OBS/ML/TUS,2,No
PREM_FB_NSAT,DEL,TUS,caterer,4,37.59,Goal,Root/div/carrier/station/caterer,PREM_FB_NSAT/OBS/ML/TUS/DEL,1,No
PREM_FB_NSAT,DEL,DEL,kitchen,5,100.0,Goal,Root/div/carrier/station/caterer/kitchen,PREM_FB_NSAT/OBS/ML/TUS/DEL/DEL,1,No
PREM_FB_NSAT,D,DEL,dom_int,6,100.0,Goal,Root/div/carrier/station/caterer/kitchen/dom_int,PREM_FB_NSAT/OBS/ML/TUS/DEL/DEL/D,1,No
PREM_FB_NSAT,FC,D,cabin,7,100.0,Goal,Root/div/carrier/station/caterer/kitchen/dom_int/cabin,PREM_FB_NSAT/OBS/ML/TUS/DEL/DEL/D/FC,1,No
PREM_FB_NSAT,Meal,FC,variant,8,100.0,Goal,Root/div/carrier/station/caterer/kitchen/dom_int/cabin/variant,PREM_FB_NSAT/OBS/ML/TUS/DEL/DEL/D/FC/Meal,0,Yes
PREM_FB_NSAT,D,TUS,dom_int,4,62.41,Goal,Root/div/carrier/station/dom_int,PREM_FB_NSAT/OBS/ML/TUS/D,1,No
PREM_FB_NSAT,FC,D,cabin,5,100.0,Goal,Root/div/carrier/station/dom_int/cabin,PREM_FB_NSAT/OBS/ML/TUS/D/FC,1,No
PREM_FB_NSAT,Meal,FC,variant,6,100.0,Goal,Root/div/carrier/station/dom_int/cabin/variant,PREM_FB_NSAT/OBS/ML/TUS/D/FC/Meal,0,Yes
PREM_FB_NSAT,",null,",ML,station,3,0.88,Goal,Root/div/carrier/station,"PREM_FB_NSAT/OBS/ML/,null,",2,No
PREM_FB_NSAT,D,",null,",dom_int,4,93.39,Goal,Root/div/carrier/station/dom_int,"PREM_FB_NSAT/OBS/ML/,null,/D",1,No
PREM_FB_NSAT,FC,D,cabin,5,100.0,Goal,Root/div/carrier/station/dom_int/cabin,"PREM_FB_NSAT/OBS/ML/,null,/D/FC",2,No
PREM_FB_NSAT,Bev,FC,variant,6,61.83,Goal,Root/div/carrier/station/dom_int/cabin/variant,"PREM_FB_NSAT/OBS/ML/,null,/D/FC/Bev",0,Yes
PREM_FB_NSAT,Meal,FC,variant,6,38.17,Goal,Root/div/carrier/station/dom_int/cabin/variant,"PREM_FB_NSAT/OBS/ML/,null,/D/FC/Meal",0,Yes
PREM_FB_NSAT,TATL,",null,",entity,4,6.61,Goal,Root/div/carrier/station/entity,"PREM_FB_NSAT/OBS/ML/,null,/TATL",1,No
PREM_FB_NSAT,D1,TATL,cabin,5,100.0,Goal,Root/div/carrier/station/entity/cabin,"PREM_FB_NSAT/OBS/ML/,null,/TATL/D1",0,Yes
PREM_FB_NSAT,ACC,ML,station,3,0.57,Goal,Root/div/carrier/station,PREM_FB_NSAT/OBS/ML/ACC,1,No
PREM_FB_NSAT,TATL,ACC,entity,4,100.0,Goal,Root/div/carrier/station/entity,PREM_FB_NSAT/OBS/ML/ACC/TATL,1,No
PREM_FB_NSAT,D1,TATL,cabin,5,100.0,Goal,Root/div/carrier/station/entity/cabin,PREM_FB_NSAT/OBS/ML/ACC/TATL/D1,0,Yes
PREM_FB_NSAT,AKL,ML,station,3,0.08,Goal,Root/div/carrier/station,PREM_FB_NSAT/OBS/ML/AKL,1,No
PREM_FB_NSAT,TPAC,AKL,entity,4,100.0,Goal,Root/div/carrier/station/entity,PREM_FB_NSAT/OBS/ML/AKL/TPAC,1,No
PREM_FB_NSAT,D1,TPAC,cabin,5,100.0,Goal,Root/div/carrier/station/entity/cabin,PREM_FB_NSAT/OBS/ML/AKL/TPAC/D1,0,Yes
PREM_FB_NSAT,AMS,ML,station,3,0.17,Goal,Root/div/carrier/station,PREM_FB_NSAT/OBS/ML/AMS,1,No
PREM_FB_NSAT,TATL,AMS,entity,4,100.0,Goal,Root/div/carrier/station/entity,PREM_FB_NSAT/OBS/ML/AMS/TATL,1,No
PREM_FB_NSAT,D1,TATL,cabin,5,100.0,Goal,Root/div/carrier/station/entity/cabin,PREM_FB_NSAT/OBS/ML/AMS/TATL/D1,0,Yes
PREM_FB_NSAT,ARN,ML,station,3,0.25,Goal,Root/div/carrier/station,PREM_FB_NSAT/OBS/ML/ARN,1,No
PREM_FB_NSAT,TATL,ARN,entity,4,100.0,Goal,Root/div/carrier/station/entity,PREM_FB_NSAT/OBS/ML/ARN/TATL,1,No
PREM_FB_NSAT,D1,TATL,cabin,5,100.0,Goal,Root/div/carrier/station/entity/cabin,PREM_FB_NSAT/OBS/ML/ARN/TATL/D1,0,Yes
PREM_FB_NSAT,ATH,ML,station,3,0.34,Goal,Root/div/carrier/station,PREM_FB_NSAT/OBS/ML/ATH,1,No
PREM_FB_NSAT,TATL,ATH,entity,4,100.0,Goal,Root/div/carrier/station/entity,PREM_FB_NSAT/OBS/ML/ATH/TATL,1,No
PREM_FB_NSAT,D1,TATL,cabin,5,100.0,Goal,Root/div/carrier/station/entity/cabin,PREM_FB_NSAT/OBS/ML/ATH/TATL/D1,0,Yes
PREM_FB_NSAT,BCN,ML,station,3,1.03,Goal,Root/div/carrier/station,PREM_FB_NSAT/OBS/ML/BCN,1,No
PREM_FB_NSAT,TATL,BCN,entity,4,100.0,Goal,Root/div/carrier/station/entity,PREM_FB_NSAT/OBS/ML/BCN/TATL,1,No
PREM_FB_NSAT,D1,TATL,cabin,5,100.0,Goal,Root/div/carrier/station/entity/cabin,PREM_FB_NSAT/OBS/ML/BCN/TATL/D1,0,Yes
PREM_FB_NSAT,BER,ML,station,3,0.07,Goal,Root/div/carrier/station,PREM_FB_NSAT/OBS/ML/BER,1,No
PREM_FB_NSAT,TATL,BER,entity,4,100.0,Goal,Root/div/carrier/station/entity,PREM_FB_NSAT/OBS/ML/BER/TATL,1,No
PREM_FB_NSAT,D1,TATL,cabin,5,100.0,Goal,Root/div/carrier/station/entity/cabin,PREM_FB_NSAT/OBS/ML/BER/TATL/D1,0,Yes
PREM_FB_NSAT,BLANK,ML,station,3,0.32,Goal,Root/div/carrier/station,PREM_FB_NSAT/OBS/ML/BLANK,1,No
PREM_FB_NSAT,TATL,BLANK,entity,4,100.0,Goal,Root/div/carrier/station/entity,PREM_FB_NSAT/OBS/ML/BLANK/TATL,1,No
PREM_FB_NSAT,D1,TATL,cabin,5,100.0,Goal,Root/div/carrier/station/entity/cabin,PREM_FB_NSAT/OBS/ML/BLANK/TATL/D1,0,Yes
PREM_FB_NSAT,BNE,ML,station,3,0.48,Goal,Root/div/carrier/station,PREM_FB_NSAT/OBS/ML/BNE,1,No
PREM_FB_NSAT,TPAC,BNE,entity,4,100.0,Goal,Root/div/carrier/station/entity,PREM_FB_NSAT/OBS/ML/BNE/TPAC,1,No
PREM_FB_NSAT,D1,TPAC,cabin,5,100.0,Goal,Root/div/carrier/station/entity/cabin,PREM_FB_NSAT/OBS/ML/BNE/TPAC/D1,0,Yes
PREM_FB_NSAT,BRU,ML,station,3,0.1,Goal,Root/div/carrier/station,PREM_FB_NSAT/OBS/ML/BRU,1,No
PREM_FB_NSAT,TATL,BRU,entity,4,100.0,Goal,Root/div/carrier/station/entity,PREM_FB_NSAT/OBS/ML/BRU/TATL,1,No
PREM_FB_NSAT,D1,TATL,cabin,5,100.0,Goal,Root/div/carrier/station/entity/cabin,PREM_FB_NSAT/OBS/ML/BRU/TATL/D1,0,Yes
PREM_FB_NSAT,CPH,ML,station,3,0.09,Goal,Root/div/carrier/station,PREM_FB_NSAT/OBS/ML/CPH,1,No
PREM_FB_NSAT,TATL,CPH,entity,4,100.0,Goal,Root/div/carrier/station/entity,PREM_FB_NSAT/OBS/ML/CPH/TATL,1,No
PREM_FB_NSAT,D1,TATL,cabin,5,100.0,Goal,Root/div/carrier/station/entity/cabin,PREM_FB_NSAT/OBS/ML/CPH/TATL/D1,0,Yes
PREM_FB_NSAT,CPT,ML,station,3,0.74,Goal,Root/div/carrier/station,PREM_FB_NSAT/OBS/ML/CPT,1,No
PREM_FB_NSAT,TATL,CPT,entity,4,100.0,Goal,Root/div/carrier/station/entity,PREM_FB_NSAT/OBS/ML/CPT/TATL,1,No
PREM_FB_NSAT,D1,TATL,cabin,5,100.0,Goal,Root/div/carrier/station/entity/cabin,PREM_FB_NSAT/OBS/ML/CPT/TATL/D1,0,Yes
PREM_FB_NSAT,CPT_Newrest,ML,station,3,0.93,Goal,Root/div/carrier/station,PREM_FB_NSAT/OBS/ML/CPT_Newrest,1,No
PREM_FB_NSAT,TATL,CPT_Newrest,entity,4,100.0,Goal,Root/div/carrier/station/entity,PREM_FB_NSAT/OBS/ML/CPT_Newrest/TATL,1,No
PREM_FB_NSAT,D1,TATL,cabin,5,100.0,Goal,Root/div/carrier/station/entity/cabin,PREM_FB_NSAT/OBS/ML/CPT_Newrest/TATL/D1,0,Yes
PREM_FB_NSAT,CTA,ML,station,3,0.19,Goal,Root/div/carrier/station,PREM_FB_NSAT/OBS/ML/CTA,1,No
PREM_FB_NSAT,TATL,CTA,entity,4,100.0,Goal,Root/div/carrier/station/entity,PREM_FB_NSAT/OBS/ML/CTA/TATL,1,No
PREM_FB_NSAT,D1,TATL,cabin,5,100.0,Goal,Root/div/carrier/station/entity/cabin,PREM_FB_NSAT/OBS/ML/CTA/TATL/D1,0,Yes
PREM_FB_NSAT,DSS,ML,station,3,0.49,Goal,Root/div/carrier/station,PREM_FB_NSAT/OBS/ML/DSS,1,No
PREM_FB_NSAT,TATL,DSS,entity,4,100.0,Goal,Root/div/carrier/station/entity,PREM_FB_NSAT/OBS/ML/DSS/TATL,1,No
PREM_FB_NSAT,D1,TATL,cabin,5,100.0,Goal,Root/div/carrier/station/entity/cabin,PREM_FB_NSAT/OBS/ML/DSS/TATL/D1,0,Yes
PREM_FB_NSAT,DUB,ML,station,3,0.78,Goal,Root/div/carrier/station,PREM_FB_NSAT/OBS/ML/DUB,1,No
PREM_FB_NSAT,TATL,DUB,entity,4,100.0,Goal,Root/div/carrier/station/entity,PREM_FB_NSAT/OBS/ML/DUB/TATL,1,No
PREM_FB_NSAT,D1,TATL,cabin,5,100.0,Goal,Root/div/carrier/station/entity/cabin,PREM_FB_NSAT/OBS/ML/DUB/TATL/D1,0,Yes
PREM_FB_NSAT,DUS,ML,station,3,0.75,Goal,Root/div/carrier/station,PREM_FB_NSAT/OBS/ML/DUS,1,No
PREM_FB_NSAT,TATL,DUS,entity,4,100.0,Goal,Root/div/carrier/station/entity,PREM_FB_NSAT/OBS/ML/DUS/TATL,1,No
PREM_FB_NSAT,D1,TATL,cabin,5,100.0,Goal,Root/div/carrier/station/entity/cabin,PREM_FB_NSAT/OBS/ML/DUS/TATL/D1,0,Yes
PREM_FB_NSAT,EDI,ML,station,3,0.6,Goal,Root/div/carrier/station,PREM_FB_NSAT/OBS/ML/EDI,1,No
PREM_FB_NSAT,TATL,EDI,entity,4,100.0,Goal,Root/div/carrier/station/entity,PREM_FB_NSAT/OBS/ML/EDI/TATL,1,No
PREM_FB_NSAT,D1,TATL,cabin,5,100.0,Goal,Root/div/carrier/station/entity/cabin,PREM_FB_NSAT/OBS/ML/EDI/TATL/D1,0,Yes
PREM_FB_NSAT,FCO,ML,station,3,0.83,Goal,Root/div/carrier/station,PREM_FB_NSAT/OBS/ML/FCO,1,No
PREM_FB_NSAT,TATL,FCO,entity,4,100.0,Goal,Root/div/carrier/station/entity,PREM_FB_NSAT/OBS/ML/FCO/TATL,1,No
PREM_FB_NSAT,D1,TATL,cabin,5,100.0,Goal,Root/div/carrier/station/entity/cabin,PREM_FB_NSAT/OBS/ML/FCO/TATL/D1,0,Yes
PREM_FB_NSAT,FRA,ML,station,3,0.64,Goal,Root/div/carrier/station,PREM_FB_NSAT/OBS/ML/FRA,1,No
PREM_FB_NSAT,TATL,FRA,entity,4,100.0,Goal,Root/div/carrier/station/entity,PREM_FB_NSAT/OBS/ML/FRA/TATL,1,No
PREM_FB_NSAT,D1,TATL,cabin,5,100.0,Goal,Root/div/carrier/station/entity/cabin,PREM_FB_NSAT/OBS/ML/FRA/TATL/D1,0,Yes
PREM_FB_NSAT,GVA,ML,station,3,0.94,Goal,Root/div/carrier/station,PREM_FB_NSAT/OBS/ML/GVA,1,No
PREM_FB_NSAT,TATL,GVA,entity,4,100.0,Goal,Root/div/carrier/station/entity,PREM_FB_NSAT/OBS/ML/GVA/TATL,1,No
PREM_FB_NSAT,D1,TATL,cabin,5,100.0,Goal,Root/div/carrier/station/entity/cabin,PREM_FB_NSAT/OBS/ML/GVA/TATL/D1,0,Yes
PREM_FB_NSAT,HKG,ML,station,3,0.52,Goal,Root/div/carrier/station,PREM_FB_NSAT/OBS/ML/HKG,1,No
PREM_FB_NSAT,TPAC,HKG,entity,4,100.0,Goal,Root/div/carrier/station/entity,PREM_FB_NSAT/OBS/ML/HKG/TPAC,1,No
PREM_FB_NSAT,D1,TPAC,cabin,5,100.0,Goal,Root/div/carrier/station/entity/cabin,PREM_FB_NSAT/OBS/ML/HKG/TPAC/D1,0,Yes
PREM_FB_NSAT,HND,ML,station,3,0.26,Goal,Root/div/carrier/station,PREM_FB_NSAT/OBS/ML/HND,1,No
PREM_FB_NSAT,TPAC,HND,entity,4,100.0,Goal,Root/div/carrier/station/entity,PREM_FB_NSAT/OBS/ML/HND/TPAC,1,No
PREM_FB_NSAT,D1,TPAC,cabin,5,100.0,Goal,Root/div/carrier/station/entity/cabin,PREM_FB_NSAT/OBS/ML/HND/TPAC/D1,0,Yes
PREM_FB_NSAT,ICN,ML,station,3,0.39,Goal,Root/div/carrier/station,PREM_FB_NSAT/OBS/ML/ICN,1,No
PREM_FB_NSAT,TPAC,ICN,entity,4,100.0,Goal,Root/div/carrier/station/entity,PREM_FB_NSAT/OBS/ML/ICN/TPAC,1,No
PREM_FB_NSAT,D1,TPAC,cabin,5,100.0,Goal,Root/div/carrier/station/entity/cabin,PREM_FB_NSAT/OBS/ML/ICN/TPAC/D1,0,Yes
PREM_FB_NSAT,JFK-DOCO,ML,station,3,0.26,Goal,Root/div/carrier/station,PREM_FB_NSAT/OBS/ML/JFK-DOCO,1,No
PREM_FB_NSAT,TATL,JFK-DOCO,entity,4,100.0,Goal,Root/div/carrier/station/entity,PREM_FB_NSAT/OBS/ML/JFK-DOCO/TATL,1,No
PREM_FB_NSAT,D1,TATL,cabin,5,100.0,Goal,Root/div/carrier/station/entity/cabin,PREM_FB_NSAT/OBS/ML/JFK-DOCO/TATL/D1,0,Yes
PREM_FB_NSAT,JNB,ML,station,3,0.71,Goal,Root/div/carrier/station,PREM_FB_NSAT/OBS/ML/JNB,1,No
PREM_FB_NSAT,TATL,JNB,entity,4,100.0,Goal,Root/div/carrier/station/entity,PREM_FB_NSAT/OBS/ML/JNB/TATL,1,No
PREM_FB_NSAT,D1,TATL,cabin,5,100.0,Goal,Root/div/carrier/station/entity/cabin,PREM_FB_NSAT/OBS/ML/JNB/TATL/D1,0,Yes
PREM_FB_NSAT,KEF,ML,station,3,0.85,Goal,Root/div/carrier/station,PREM_FB_NSAT/OBS/ML/KEF,1,No
PREM_FB_NSAT,TATL,KEF,entity,4,100.0,Goal,Root/div/carrier/station/entity,PREM_FB_NSAT/OBS/ML/KEF/TATL,1,No
PREM_FB_NSAT,D1,TATL,cabin,5,100.0,Goal,Root/div/carrier/station/entity/cabin,PREM_FB_NSAT/OBS/ML/KEF/TATL/D1,0,Yes
PREM_FB_NSAT,LGW,ML,station,3,0.04,Goal,Root/div/carrier/station,PREM_FB_NSAT/OBS/ML/LGW,1,No
PREM_FB_NSAT,TATL,LGW,entity,4,100.0,Goal,Root/div/carrier/station/entity,PREM_FB_NSAT/OBS/ML/LGW/TATL,1,No
PREM_FB_NSAT,D1,TATL,cabin,5,100.0,Goal,Root/div/carrier/station/entity/cabin,PREM_FB_NSAT/OBS/ML/LGW/TATL/D1,0,Yes
PREM_FB_NSAT,LHR,ML,station,3,0.75,Goal,Root/div/carrier/station,PREM_FB_NSAT/OBS/ML/LHR,1,No
PREM_FB_NSAT,TATL,LHR,entity,4,100.0,Goal,Root/div/carrier/station/entity,PREM_FB_NSAT/OBS/ML/LHR/TATL,1,No
PREM_FB_NSAT,D1,TATL,cabin,5,100.0,Goal,Root/div/carrier/station/entity/cabin,PREM_FB_NSAT/OBS/ML/LHR/TATL/D1,0,Yes
PREM_FB_NSAT,LIS,ML,station,3,0.18,Goal,Root/div/carrier/station,PREM_FB_NSAT/OBS/ML/LIS,1,No
PREM_FB_NSAT,TATL,LIS,entity,4,100.0,Goal,Root/div/carrier/station/entity,PREM_FB_NSAT/OBS/ML/LIS/TATL,1,No
PREM_FB_NSAT,D1,TATL,cabin,5,100.0,Goal,Root/div/carrier/station/entity/cabin,PREM_FB_NSAT/OBS/ML/LIS/TATL/D1,0,Yes
PREM_FB_NSAT,LOS,ML,station,3,0.76,Goal,Root/div/carrier/station,PREM_FB_NSAT/OBS/ML/LOS,1,No
PREM_FB_NSAT,TATL,LOS,entity,4,100.0,Goal,Root/div/carrier/station/entity,PREM_FB_NSAT/OBS/ML/LOS/TATL,1,No
PREM_FB_NSAT,D1,TATL,cabin,5,100.0,Goal,Root/div/carrier/station/entity/cabin,PREM_FB_NSAT/OBS/ML/LOS/TATL/D1,0,Yes
PREM_FB_NSAT,MAD,ML,station,3,0.53,Goal,Root/div/carrier/station,PREM_FB_NSAT/OBS/ML/MAD,1,No
PREM_FB_NSAT,TATL,MAD,entity,4,100.0,Goal,Root/div/carrier/station/entity,PREM_FB_NSAT/OBS/ML/MAD/TATL,1,No
PREM_FB_NSAT,D1,TATL,cabin,5,100.0,Goal,Root/div/carrier/station/entity/cabin,PREM_FB_NSAT/OBS/ML/MAD/TATL/D1,0,Yes
PREM_FB_NSAT,MEL,ML,station,3,0.81,Goal,Root/div/carrier/station,PREM_FB_NSAT/OBS/ML/MEL,2,No
PREM_FB_NSAT,TATL,MEL,entity,4,50.58,Goal,Root/div/carrier/station/entity,PREM_FB_NSAT/OBS/ML/MEL/TATL,1,No
PREM_FB_NSAT,D1,TATL,cabin,5,100.0,Goal,Root/div/carrier/station/entity/cabin,PREM_FB_NSAT/OBS/ML/MEL/TATL/D1,0,Yes
PREM_FB_NSAT,TPAC,MEL,entity,4,49.42,Goal,Root/div/carrier/station/entity,PREM_FB_NSAT/OBS/ML/MEL/TPAC,1,No
PREM_FB_NSAT,D1,TPAC,cabin,5,100.0,Goal,Root/div/carrier/station/entity/cabin,PREM_FB_NSAT/OBS/ML/MEL/TPAC/D1,0,Yes
PREM_FB_NSAT,MLA,ML,station,3,0.6,Goal,Root/div/carrier/station,PREM_FB_NSAT/OBS/ML/MLA,1,No
PREM_FB_NSAT,TATL,MLA,entity,4,100.0,Goal,Root/div/carrier/station/entity,PREM_FB_NSAT/OBS/ML/MLA/TATL,1,No
PREM_FB_NSAT,D1,TATL,cabin,5,100.0,Goal,Root/div/carrier/station/entity/cabin,PREM_FB_NSAT/OBS/ML/MLA/TATL/D1,0,Yes
PREM_FB_NSAT,MUC,ML,station,3,0.42,Goal,Root/div/carrier/station,PREM_FB_NSAT/OBS/ML/MUC,1,No
PREM_FB_NSAT,TATL,MUC,entity,4,100.0,Goal,Root/div/carrier/station/entity,PREM_FB_NSAT/OBS/ML/MUC/TATL,1,No
PREM_FB_NSAT,D1,TATL,cabin,5,100.0,Goal,Root/div/carrier/station/entity/cabin,PREM_FB_NSAT/OBS/ML/MUC/TATL/D1,0,Yes
PREM_FB_NSAT,MXP,ML,station,3,0.04,Goal,Root/div/carrier/station,PREM_FB_NSAT/OBS/ML/MXP,1,No
PREM_FB_NSAT,TATL,MXP,entity,4,100.0,Goal,Root/div/carrier/station/entity,PREM_FB_NSAT/OBS/ML/MXP/TATL,1,No
PREM_FB_NSAT,D1,TATL,cabin,5,100.0,Goal,Root/div/carrier/station/entity/cabin,PREM_FB_NSAT/OBS/ML/MXP/TATL/D1,0,Yes
PREM_FB_NSAT,NAP,ML,station,3,0.87,Goal,Root/div/carrier/station,PREM_FB_NSAT/OBS/ML/NAP,1,No
PREM_FB_NSAT,TATL,NAP,entity,4,100.0,Goal,Root/div/carrier/station/entity,PREM_FB_NSAT/OBS/ML/NAP/TATL,1,No
PREM_FB_NSAT,D1,TATL,cabin,5,100.0,Goal,Root/div/carrier/station/entity/cabin,PREM_FB_NSAT/OBS/ML/NAP/TATL/D1,0,Yes
PREM_FB_NSAT,NCE,ML,station,3,0.74,Goal,Root/div/carrier/station,PREM_FB_NSAT/OBS/ML/NCE,1,No
PREM_FB_NSAT,TATL,NCE,entity,4,100.0,Goal,Root/div/carrier/station/entity,PREM_FB_NSAT/OBS/ML/NCE/TATL,1,No
PREM_FB_NSAT,D1,TATL,cabin,5,100.0,Goal,Root/div/carrier/station/entity/cabin,PREM_FB_NSAT/OBS/ML/NCE/TATL/D1,0,Yes
PREM_FB_NSAT,NGO,ML,station,3,0.4,Goal,Root/div/carrier/station,PREM_FB_NSAT/OBS/ML/NGO,1,No
PREM_FB_NSAT,TPAC,NGO,entity,4,100.0,Goal,Root/div/carrier/station/entity,PREM_FB_NSAT/OBS/ML/NGO/TPAC,1,No
PREM_FB_NSAT,D1,TPAC,cabin,5,100.0,Goal,Root/div/carrier/station/entity/cabin,PREM_FB_NSAT/OBS/ML/NGO/TPAC/D1,0,Yes
PREM_FB_NSAT,OLB,ML,station,3,0.39,Goal,Root/div/carrier/station,PREM_FB_NSAT/OBS/ML/OLB,1,No
PREM_FB_NSAT,TATL,OLB,entity,4,100.0,Goal,Root/div/carrier/station/entity,PREM_FB_NSAT/OBS/ML/OLB/TATL,1,No
PREM_FB_NSAT,D1,TATL,cabin,5,100.0,Goal,Root/div/carrier/station/entity/cabin,PREM_FB_NSAT/OBS/ML/OLB/TATL/D1,0,Yes
PREM_FB_NSAT,OPO,ML,station,3,0.35,Goal,Root/div/carrier/station,PREM_FB_NSAT/OBS/ML/OPO,1,No
PREM_FB_NSAT,TATL,OPO,entity,4,100.0,Goal,Root/div/carrier/station/entity,PREM_FB_NSAT/OBS/ML/OPO/TATL,1,No
PREM_FB_NSAT,D1,TATL,cabin,5,100.0,Goal,Root/div/carrier/station/entity/cabin,PREM_FB_NSAT/OBS/ML/OPO/TATL/D1,0,Yes
PREM_FB_NSAT,PPT,ML,station,3,0.42,Goal,Root/div/carrier/station,PREM_FB_NSAT/OBS/ML/PPT,1,No
PREM_FB_NSAT,TPAC,PPT,entity,4,100.0,Goal,Root/div/carrier/station/entity,PREM_FB_NSAT/OBS/ML/PPT/TPAC,1,No
PREM_FB_NSAT,D1,TPAC,cabin,5,100.0,Goal,Root/div/carrier/station/entity/cabin,PREM_FB_NSAT/OBS/ML/PPT/TPAC/D1,0,Yes
PREM_FB_NSAT,PRG,ML,station,3,0.76,Goal,Root/div/carrier/station,PREM_FB_NSAT/OBS/ML/PRG,1,No
PREM_FB_NSAT,TATL,PRG,entity,4,100.0,Goal,Root/div/carrier/station/entity,PREM_FB_NSAT/OBS/ML/PRG/TATL,1,No
PREM_FB_NSAT,D1,TATL,cabin,5,100.0,Goal,Root/div/carrier/station/entity/cabin,PREM_FB_NSAT/OBS/ML/PRG/TATL/D1,0,Yes
PREM_FB_NSAT,RAK,ML,station,3,0.32,Goal,Root/div/carrier/station,PREM_FB_NSAT/OBS/ML/RAK,1,No
PREM_FB_NSAT,TATL,RAK,entity,4,100.0,Goal,Root/div/carrier/station/entity,PREM_FB_NSAT/OBS/ML/RAK/TATL,1,No
PREM_FB_NSAT,D1,TATL,cabin,5,100.0,Goal,Root/div/carrier/station/entity/cabin,PREM_FB_NSAT/OBS/ML/RAK/TATL/D1,0,Yes
PREM_FB_NSAT,SNN,ML,station,3,0.93,Goal,Root/div/carrier/station,PREM_FB_NSAT/OBS/ML/SNN,1,No
PREM_FB_NSAT,TATL,SNN,entity,4,100.0,Goal,Root/div/carrier/station/entity,PREM_FB_NSAT/OBS/ML/SNN/TATL,1,No
PREM_FB_NSAT,D1,TATL,cabin,5,100.0,Goal,Root/div/carrier/station/entity/cabin,PREM_FB_NSAT/OBS/ML/SNN/TATL/D1,0,Yes
PREM_FB_NSAT,STR,ML,station,3,0.48,Goal,Root/div/carrier/station,PREM_FB_NSAT/OBS/ML/STR,1,No
PREM_FB_NSAT,TATL,STR,entity,4,100.0,Goal,Root/div/carrier/station/entity,PREM_FB_NSAT/OBS/ML/STR/TATL,1,No
PREM_FB_NSAT,D1,TATL,cabin,5,100.0,Goal,Root/div/carrier/station/entity/cabin,PREM_FB_NSAT/OBS/ML/STR/TATL/D1,0,Yes
PREM_FB_NSAT,SYD,ML,station,3,0.37,Goal,Root/div/carrier/station,PREM_FB_NSAT/OBS/ML/SYD,1,No
PREM_FB_NSAT,TPAC,SYD,entity,4,100.0,Goal,Root/div/carrier/station/entity,PREM_FB_NSAT/OBS/ML/SYD/TPAC,1,No
PREM_FB_NSAT,D1,TPAC,cabin,5,100.0,Goal,Root/div/carrier/station/entity/cabin,PREM_FB_NSAT/OBS/ML/SYD/TPAC/D1,0,Yes
PREM_FB_NSAT,TLV,ML,station,3,0.86,Goal,Root/div/carrier/station,PREM_FB_NSAT/OBS/ML/TLV,1,No
PREM_FB_NSAT,TATL,TLV,entity,4,100.0,Goal,Root/div/carrier/station/entity,PREM_FB_NSAT/OBS/ML/TLV/TATL,1,No
PREM_FB_NSAT,D1,TATL,cabin,5,100.0,Goal,Root/div/carrier/station/entity/cabin,PREM_FB_NSAT/OBS/ML/TLV/TATL/D1,0,Yes
PREM_FB_NSAT,TPE,ML,station,3,0.43,Goal,Root/div/carrier/station,PREM_FB_NSAT/OBS/ML/TPE,1,No
PREM_FB_NSAT,TPAC,TPE,entity,4,100.0,Goal,Root/div/carrier/station/entity,PREM_FB_NSAT/OBS/ML/TPE/TPAC,1,No
PREM_FB_NSAT,D1,TPAC,cabin,5,100.0,Goal,Root/div/carrier/station/entity/cabin,PREM_FB_NSAT/OBS/ML/TPE/TPAC/D1,0,Yes
PREM_FB_NSAT,VCE,ML,station,3,1.03,Goal,Root/div/carrier/station,PREM_FB_NSAT/OBS/ML/VCE,1,No
PREM_FB_NSAT,TATL,VCE,entity,4,100.0,Goal,Root/div/carrier/station/entity,PREM_FB_NSAT/OBS/ML/VCE/TATL,1,No
PREM_FB_NSAT,D1,TATL,cabin,5,100.0,Goal,Root/div/carrier/station/entity/cabin,PREM_FB_NSAT/OBS/ML/VCE/TATL/D1,0,Yes
PREM_FB_NSAT,ZRH,ML,station,3,0.81,Goal,Root/div/carrier/station,PREM_FB_NSAT/OBS/ML/ZRH,1,No
PREM_FB_NSAT,TATL,ZRH,entity,4,100.0,Goal,Root/div/carrier/station/entity,PREM_FB_NSAT/OBS/ML/ZRH/TATL,1,No
PREM_FB_NSAT,D1,TATL,cabin,5,100.0,Goal,Root/div/carrier/station/entity/cabin,PREM_FB_NSAT/OBS/ML/ZRH/TATL/D1,0,Yes
PREM_FB_NSAT,ATL_DFK,ML,stn_kitchen,3,0.74,Goal,Root/div/carrier/stn_kitchen,PREM_FB_NSAT/OBS/ML/ATL_DFK,1,No
PREM_FB_NSAT,D,ATL_DFK,dom_int,4,100.0,Goal,Root/div/carrier/stn_kitchen/dom_int,PREM_FB_NSAT/OBS/ML/ATL_DFK/D,1,No
PREM_FB_NSAT,FC,D,cabin,5,100.0,Goal,Root/div/carrier/stn_kitchen/dom_int/cabin,PREM_FB_NSAT/OBS/ML/ATL_DFK/D/FC,2,No
PREM_FB_NSAT,Bev,FC,variant,6,43.25,Goal,Root/div/carrier/stn_kitchen/dom_int/cabin/variant,PREM_FB_NSAT/OBS/ML/ATL_DFK/D/FC/Bev,0,Yes
PREM_FB_NSAT,Meal,FC,variant,6,56.75,Goal,Root/div/carrier/stn_kitchen/dom_int/cabin/variant,PREM_FB_NSAT/OBS/ML/ATL_DFK/D/FC/Meal,0,Yes
PREM_FB_NSAT,ATL_IFK,ML,stn_kitchen,3,1.05,Goal,Root/div/carrier/stn_kitchen,PREM_FB_NSAT/OBS/ML/ATL_IFK,3,No
PREM_FB_NSAT,D,ATL_IFK,dom_int,4,20.43,Goal,Root/div/carrier/stn_kitchen/dom_int,PREM_FB_NSAT/OBS/ML/ATL_IFK/D,1,No
PREM_FB_NSAT,FC,D,cabin,5,100.0,Goal,Root/div/carrier/stn_kitchen/dom_int/cabin,PREM_FB_NSAT/OBS/ML/ATL_IFK/D/FC,2,No
PREM_FB_NSAT,Bev,FC,variant,6,51.98,Goal,Root/div/carrier/stn_kitchen/dom_int/cabin/variant,PREM_FB_NSAT/OBS/ML/ATL_IFK/D/FC/Bev,0,Yes
PREM_FB_NSAT,Meal,FC,variant,6,48.02,Goal,Root/div/carrier/stn_kitchen/dom_int/cabin/variant,PREM_FB_NSAT/OBS/ML/ATL_IFK/D/FC/Meal,0,Yes
PREM_FB_NSAT,TATL,ATL_IFK,entity,4,74.82,Goal,Root/div/carrier/stn_kitchen/entity,PREM_FB_NSAT/OBS/ML/ATL_IFK/TATL,1,No
PREM_FB_NSAT,D1,TATL,cabin,5,100.0,Goal,Root/div/carrier/stn_kitchen/entity/cabin,PREM_FB_NSAT/OBS/ML/ATL_IFK/TATL/D1,0,Yes
PREM_FB_NSAT,TPAC,ATL_IFK,entity,4,4.75,Goal,Root/div/carrier/stn_kitchen/entity,PREM_FB_NSAT/OBS/ML/ATL_IFK/TPAC,1,No
PREM_FB_NSAT,D1,TPAC,cabin,5,100.0,Goal,Root/div/carrier/stn_kitchen/entity/cabin,PREM_FB_NSAT/OBS/ML/ATL_IFK/TPAC/D1,0,Yes
PREM_FB_NSAT,ATL_MLC,ML,stn_kitchen,3,0.6799999999999999,Goal,Root/div/carrier/stn_kitchen,PREM_FB_NSAT/OBS/ML/ATL_MLC,1,No
PREM_FB_NSAT,D,ATL_MLC,dom_int,4,100.0,Goal,Root/div/carrier/stn_kitchen/dom_int,PREM_FB_NSAT/OBS/ML/ATL_MLC/D,1,No
PREM_FB_NSAT,FC,D,cabin,5,100.0,Goal,Root/div/carrier/stn_kitchen/dom_int/cabin,PREM_FB_NSAT/OBS/ML/ATL_MLC/D/FC,2,No
PREM_FB_NSAT,Bev,FC,variant,6,9.35,Goal,Root/div/carrier/stn_kitchen/dom_int/cabin/variant,PREM_FB_NSAT/OBS/ML/ATL_MLC/D/FC/Bev,0,Yes
PREM_FB_NSAT,Meal,FC,variant,6,90.65,Goal,Root/div/carrier/stn_kitchen/dom_int/cabin/variant,PREM_FB_NSAT/OBS/ML/ATL_MLC/D/FC/Meal,0,Yes
